# 3ds Max Wavefront OBJ Exporter v0.97b - (c)2007 guruware
# File Created: 04.05.2022 19:55:25

#
# object 77795
#

v  -6.6745 -8.9912 0.8875
v  -6.5876 -10.6113 0.8875
v  -6.8258 -9.0005 2.8971
v  -6.7383 -10.6313 2.8061
v  -6.4862 -12.2775 0.8875
v  -6.6417 -12.3125 2.7780
v  -6.3791 -13.7300 0.8875
v  -6.5393 -13.7743 2.8006
v  -6.2618 -15.0568 0.8875
v  -6.4214 -15.1033 2.8219
v  -6.1481 -16.1597 0.8875
v  -6.3013 -16.2812 2.8412
v  -6.0181 -17.3371 0.8875
v  -6.1700 -17.3742 2.8587
v  -5.8903 -18.2689 0.8875
v  -6.0270 -18.3530 2.8749
v  -5.7022 -19.4188 0.8875
v  -5.8291 -19.4512 2.8930
v  -5.4375 -20.5867 0.8876
v  -5.5564 -20.6179 2.9125
v  -5.1450 -21.5823 0.8876
v  -5.2494 -21.6101 2.9292
v  -4.8136 -22.4614 0.8875
v  -4.9056 -22.4634 2.9449
v  -4.4798 -23.1489 0.8875
v  -4.5299 -23.2036 2.9574
v  -4.0161 -23.9403 0.8875
v  -4.0593 -23.9370 2.9702
v  -3.6723 -24.3979 0.8875
v  -3.7126 -24.3749 2.9779
v  -3.0637 -25.0293 0.8875
v  -3.0870 -25.0034 2.9911
v  -2.5915 -25.4075 0.8875
v  -2.6070 -25.3719 2.9997
v  -2.0934 -25.7181 0.8875
v  -2.1092 -25.6688 2.9850
v  -1.6191 -25.9358 0.8875
v  -1.6356 -25.8815 2.9880
v  -1.1314 -26.1031 0.8876
v  -1.1499 -26.0375 2.9868
v  -0.5967 -26.2110 0.8876
v  -0.6348 -26.1396 2.9877
v  -6.9987 -8.9852 5.0983
v  -6.9278 -10.6607 5.1322
v  -6.8429 -12.3671 5.1693
v  -6.7413 -13.8717 5.2033
v  -6.6225 -15.2432 5.2344
v  -6.5018 -16.4262 5.2610
v  -6.3680 -17.5011 5.2875
v  -6.2142 -18.5014 5.3110
v  -6.0107 -19.5577 5.3360
v  -5.7238 -20.7131 5.3630
v  -5.4047 -21.6852 5.3855
v  -5.0546 -22.5131 5.4069
v  -4.6545 -23.2646 5.4231
v  -4.1467 -24.0175 5.4390
v  -3.7920 -24.4429 5.4495
v  -3.1436 -25.0603 5.4656
v  -2.6434 -25.4238 5.4756
v  -2.1523 -25.7010 5.4827
v  -1.6715 -25.9067 5.4885
v  -1.1692 -26.0601 5.4935
v  -0.6625 -26.1569 5.4971
v  -7.1676 -9.0004 7.2666
v  -7.1069 -10.7095 7.3003
v  -7.0297 -12.4478 7.3352
v  -6.9297 -14.0060 7.3678
v  -6.8156 -15.3773 7.3971
v  -6.6906 -16.6184 7.4241
v  -6.5535 -17.6922 7.4480
v  -6.3989 -18.6845 7.4695
v  -6.1917 -19.7112 7.4925
v  -5.8861 -20.8860 7.5186
v  -5.5648 -21.8285 7.5383
v  -5.2057 -22.6520 7.5587
v  -4.7895 -23.4086 7.5730
v  -4.2371 -24.1950 7.5863
v  -3.8909 -24.5975 7.5949
v  -3.2008 -25.2302 7.6108
v  -2.6983 -25.5812 7.6199
v  -2.2041 -25.8492 7.6260
v  -1.7150 -26.0510 7.6304
v  -1.1985 -26.2034 7.6343
v  -0.6849 -26.2988 7.6365
v  -7.3633 -9.0008 9.6164
v  -7.3126 -10.7843 9.6175
v  -7.2466 -12.5501 9.6186
v  -7.1516 -14.1652 9.6198
v  -7.0380 -15.6033 9.6209
v  -6.9113 -16.8843 9.6219
v  -6.7777 -17.9309 9.6227
v  -6.6218 -18.9070 9.6234
v  -6.3973 -19.9794 9.6243
v  -6.0886 -21.1242 9.6252
v  -5.7596 -22.0512 9.6258
v  -5.3843 -22.8880 9.6266
v  -4.9460 -23.6581 9.6269
v  -4.3593 -24.4639 9.6270
v  -4.0093 -24.8548 9.6272
v  -3.2690 -25.5064 9.6277
v  -2.7863 -25.8297 9.6280
v  -2.2465 -26.1113 9.6280
v  -1.7506 -26.3054 9.6280
v  -1.2198 -26.4542 9.6280
v  -0.6946 -26.5465 9.6279
v  -7.5864 -8.9999 11.8087
v  -7.5454 -10.8635 11.8092
v  -7.4909 -12.7125 11.8098
v  -7.4048 -14.3760 11.8124
v  -7.3005 -15.8302 11.8152
v  -7.1804 -17.1237 11.8181
v  -7.0438 -18.2090 11.8211
v  -6.8825 -19.2159 11.8234
v  -6.6527 -20.2926 11.8265
v  -6.3354 -21.4381 11.8288
v  -5.9942 -22.3732 11.8289
v  -5.6086 -23.2123 11.8347
v  -5.1395 -24.0152 11.8325
v  -4.5048 -24.8556 11.8246
v  -4.1345 -25.2502 11.8243
v  -3.3466 -25.9116 11.8274
v  -2.8384 -26.2341 11.8282
v  -2.2999 -26.5018 11.8269
v  -1.7957 -26.6887 11.8252
v  -1.2544 -26.8331 11.8231
v  -0.7054 -26.9246 11.8208
v  -0.0058 -26.9653 11.8176
v  -7.7550 -8.9988 13.4345
v  -7.7179 -10.9215 13.4353
v  -7.6714 -12.8335 13.4356
v  -7.5952 -14.5584 13.4372
v  -7.5019 -16.0195 13.4397
v  -7.3942 -17.2849 13.4418
v  -7.2538 -18.4500 13.4457
v  -7.0952 -19.4496 13.4454
v  -6.8625 -20.5470 13.4478
v  -6.5378 -21.7134 13.4497
v  -6.1840 -22.6728 13.4492
v  -5.7908 -23.5193 13.4558
v  -5.2961 -24.3527 13.4532
v  -4.6157 -25.2320 13.4431
v  -4.2322 -25.6270 13.4432
v  -3.4205 -26.2878 13.4476
v  -2.8431 -26.6375 13.4490
v  -2.3451 -26.8739 13.4474
v  -1.7992 -27.0691 13.4454
v  -1.2846 -27.1996 13.4437
v  -0.7082 -27.2918 13.4411
v  -0.0058 -27.3319 13.4374
v  -8.0037 -11.0871 16.1683
v  -7.9706 -13.0419 16.1681
v  -7.8400 -16.3501 16.1681
v  -7.6188 -18.8862 16.1682
v  -7.4548 -19.9846 16.1681
v  -6.8639 -22.3713 16.1681
v  -6.5011 -23.3315 16.1672
v  -5.5291 -25.1152 16.1694
v  -3.4735 -27.1219 16.1673
v  -0.6526 -28.0755 16.1700
v  -5.5833 -23.8944 13.4572
v  -5.4080 -23.5793 11.8358
v  -5.2006 -23.2332 9.6268
v  -5.0237 -23.0056 7.5663
v  -4.8821 -22.8596 5.4147
v  -4.7398 -22.8110 2.9509
v  -4.6622 -22.7937 0.8875
v  -5.1934 -25.5637 16.1619
v  -4.9902 -24.7802 13.4474
v  -4.8611 -24.4147 11.8278
v  -4.6736 -24.0620 9.6269
v  -4.5441 -23.7854 7.5789
v  -4.4212 -23.6335 5.4306
v  -4.3122 -23.5640 2.9635
v  -4.2539 -23.5510 0.8875
v  6.8098 -8.9968 2.7271
v  6.6720 -8.9997 0.8875
v  6.5868 -10.6114 0.8875
v  6.7292 -10.6309 2.7523
v  6.4875 -12.2775 0.8876
v  6.6351 -12.3106 2.7778
v  6.3793 -13.7309 0.8876
v  6.5308 -13.7745 2.8006
v  6.2585 -15.0575 0.8876
v  6.4115 -15.1034 2.8213
v  6.1488 -16.1610 0.8876
v  6.2899 -16.2810 2.8401
v  6.0083 -17.3372 0.8876
v  6.1574 -17.3738 2.8570
v  5.8774 -18.2686 0.8876
v  6.0132 -18.3522 2.8726
v  5.6823 -19.4171 0.8876
v  5.8142 -19.4501 2.8899
v  5.4219 -20.5855 0.8876
v  5.5408 -20.6163 2.9083
v  5.1313 -21.5815 0.8876
v  5.2334 -21.6082 2.9246
v  4.7941 -22.4580 0.8876
v  4.8892 -22.4608 2.9402
v  4.4601 -23.1444 0.8876
v  4.5142 -23.2002 2.9536
v  4.7237 -22.8078 2.9465
v  4.6426 -22.7897 0.8876
v  3.9888 -23.9293 0.8876
v  4.0442 -23.9326 2.9670
v  4.2963 -23.5605 2.9599
v  4.2340 -23.5460 0.8876
v  3.6448 -24.3847 0.8876
v  3.6986 -24.3693 2.9759
v  3.0437 -25.0193 0.8876
v  3.0720 -24.9998 2.9898
v  2.5735 -25.3980 0.8876
v  2.5933 -25.3681 2.9988
v  2.0765 -25.7076 0.8876
v  2.0963 -25.6654 2.9845
v  1.6035 -25.9246 0.8876
v  1.6234 -25.8789 2.9876
v  1.1178 -26.0945 0.8876
v  1.1383 -26.0359 2.9866
v  0.5836 -26.1953 0.8876
v  0.6231 -26.1390 2.9875
v  -0.0056 -26.2241 0.8875
v  -0.0058 -26.1816 2.9903
v  6.9233 -10.6609 5.1324
v  6.9952 -8.9942 5.0968
v  6.8375 -12.3496 5.1686
v  6.7325 -13.8718 5.2026
v  6.6120 -15.2433 5.2331
v  6.4888 -16.4271 5.2585
v  6.3538 -17.4999 5.2830
v  6.1998 -18.5000 5.3050
v  5.9950 -19.5558 5.3277
v  5.7075 -20.7113 5.3514
v  5.3878 -21.6832 5.3720
v  5.0375 -22.5098 5.3925
v  4.8655 -22.8558 5.4011
v  4.4047 -23.6297 5.4189
v  4.6380 -23.2608 5.4107
v  3.7776 -24.4373 5.4395
v  4.1317 -24.0126 5.4279
v  3.1284 -25.0568 5.4585
v  2.6295 -25.4202 5.4702
v  2.1391 -25.6979 5.4786
v  1.6590 -25.9043 5.4854
v  1.1573 -26.0586 5.4913
v  0.6508 -26.1564 5.4959
v  -0.0059 -26.2009 5.5008
v  7.1020 -10.7097 7.3005
v  7.1642 -8.9809 7.2672
v  7.0229 -12.4480 7.3346
v  6.9181 -14.0363 7.3672
v  6.8047 -15.3767 7.3947
v  6.6780 -16.6174 7.4194
v  6.5399 -17.6900 7.4417
v  6.3841 -18.6821 7.4615
v  6.1760 -19.7079 7.4808
v  5.8691 -20.8831 7.5011
v  5.5471 -21.8255 7.5182
v  5.1879 -22.6475 7.5362
v  5.0070 -23.0000 7.5442
v  4.5274 -23.7798 7.5602
v  4.7727 -23.4031 7.5528
v  3.8768 -24.5913 7.5790
v  4.2223 -24.1894 7.5687
v  3.1854 -25.2270 7.5988
v  2.6841 -25.5770 7.6104
v  2.1906 -25.8456 7.6185
v  1.7024 -26.0481 7.6241
v  1.1866 -26.2015 7.6295
v  0.6731 -26.2980 7.6337
v  -0.0060 -26.3427 7.6388
v  7.3078 -10.7845 9.6175
v  7.3596 -8.9785 9.6164
v  7.2393 -12.5502 9.6186
v  7.1418 -14.1656 9.6197
v  7.0265 -15.6025 9.6207
v  6.8982 -16.8831 9.6215
v  6.7634 -17.9290 9.6223
v  6.6057 -18.9036 9.6229
v  6.3796 -19.9748 9.6234
v  6.0692 -21.1196 9.6237
v  5.7396 -22.0459 9.6241
v  5.3639 -22.8814 9.6246
v  5.1812 -23.2255 9.6249
v  4.6554 -24.0540 9.6253
v  4.9271 -23.6501 9.6252
v  3.9939 -24.8476 9.6259
v  4.3425 -24.4566 9.6255
v  3.2526 -25.5018 9.6267
v  2.7715 -25.8246 9.6271
v  2.2326 -26.1068 9.6273
v  1.7378 -26.3016 9.6274
v  1.2076 -26.4515 9.6275
v  0.6826 -26.5454 9.6276
v  -0.0061 -26.5890 9.6277
v  7.5385 -10.8636 11.8099
v  7.5821 -8.9907 11.8096
v  7.4822 -12.7126 11.8103
v  7.3951 -14.3763 11.8125
v  7.2892 -15.8296 11.8145
v  7.1670 -17.1228 11.8160
v  7.0295 -18.2078 11.8189
v  6.8663 -19.2129 11.8206
v  6.6349 -20.2878 11.8178
v  6.3155 -21.4329 11.8112
v  5.9739 -22.3669 11.8085
v  5.5880 -23.2047 11.8100
v  5.3881 -23.5710 11.8116
v  4.8428 -24.4077 11.8119
v  5.1200 -24.0069 11.8127
v  4.1185 -25.2418 11.8116
v  4.4872 -24.8475 11.8109
v  3.3306 -25.9060 11.8162
v  2.8246 -26.2288 11.8184
v  2.2867 -26.4968 11.8182
v  1.7832 -26.6841 11.8165
v  1.2425 -26.8297 11.8156
v  0.6938 -26.9231 11.8164
v  7.7109 -10.9216 13.4362
v  7.7503 -9.0002 13.4356
v  7.6623 -12.8336 13.4363
v  7.5845 -14.5584 13.4380
v  7.4893 -16.0192 13.4393
v  7.3803 -17.2845 13.4407
v  7.2385 -18.4504 13.4441
v  7.0802 -19.4471 13.4469
v  6.8450 -20.5428 13.4444
v  6.5182 -21.7085 13.4369
v  6.1639 -22.6672 13.4343
v  5.7697 -23.5126 13.4364
v  5.5627 -23.8877 13.4386
v  4.9721 -24.7749 13.4413
v  5.2762 -24.3471 13.4410
v  4.2166 -25.6208 13.4399
v  4.5984 -25.2266 13.4399
v  3.4052 -26.2830 13.4417
v  2.8298 -26.6326 13.4436
v  2.3329 -26.8694 13.4409
v  1.7871 -27.0644 13.4376
v  1.2727 -27.1960 13.4361
v  0.6966 -27.2900 13.4366
v  7.9997 -11.0872 16.1681
v  7.9599 -13.0420 16.1677
v  7.8268 -16.3500 16.1682
v  7.6022 -18.8859 16.1653
v  7.4354 -19.9830 16.1629
v  7.2035 -21.1091 16.1675
v  6.8454 -22.3694 16.1689
v  6.0413 -24.2478 16.1659
v  5.1780 -25.5617 16.1712
v  2.3048 -27.6942 16.1684
v  0.6411 -28.0735 16.1697
v  -0.0057 -28.1064 16.1696
v  -3.4121 -24.7019 2.9847
v  -3.3818 -24.7269 0.8875
v  -3.4786 -24.7642 5.4580
v  -3.5559 -24.9269 7.6034
v  -3.6501 -25.1957 9.6275
v  -3.7530 -25.5985 11.8258
v  -3.8394 -25.9765 13.4452
v  -3.9069 -26.8214 16.1640
v  3.3981 -24.6980 2.9830
v  3.3559 -24.7128 0.8876
v  3.4643 -24.7597 5.4494
v  3.5420 -24.9220 7.5893
v  3.6347 -25.1889 9.6263
v  3.7381 -25.5911 11.8139
v  3.8251 -25.9703 13.4406
v  -0.0057 -28.1119 16.2041
v  -0.0056 -28.0706 16.3185
v  -0.0056 -27.9612 16.3692
v  -0.0056 -28.0007 16.3623
v  -0.6530 -28.0797 16.2053
v  -0.6526 -28.0771 16.2416
v  -0.6513 -28.0646 16.2796
v  -0.6486 -28.0388 16.3182
v  -0.6453 -28.0067 16.3450
v  -0.6375 -27.9309 16.3691
v  -0.6415 -27.9701 16.3619
v  -1.2057 -28.0003 16.1699
v  -1.2065 -28.0051 16.2056
v  -1.2059 -28.0023 16.2423
v  -1.2034 -27.9897 16.2804
v  -1.1983 -27.9639 16.3191
v  -1.1921 -27.9320 16.3455
v  -1.1775 -27.8569 16.3691
v  -1.1850 -27.8955 16.3622
v  -1.7145 -27.8868 16.1700
v  -1.7159 -27.8922 16.2056
v  -1.7150 -27.8895 16.2422
v  -1.7114 -27.8772 16.2802
v  -1.7042 -27.8519 16.3189
v  -1.6953 -27.8207 16.3453
v  -1.6744 -27.7472 16.3689
v  -1.6852 -27.7851 16.3620
v  -2.3168 -27.6962 16.1695
v  -2.3186 -27.7013 16.2050
v  -2.3175 -27.6987 16.2419
v  -2.3127 -27.6865 16.2805
v  -2.3030 -27.6617 16.3192
v  -2.2911 -27.6311 16.3457
v  -2.2635 -27.5597 16.3688
v  -2.2778 -27.5964 16.3621
v  -2.8336 -27.4765 16.1691
v  -2.8351 -27.4795 16.2037
v  -2.8339 -27.4774 16.2402
v  -2.8279 -27.4662 16.2787
v  -2.8162 -27.4438 16.3167
v  -2.8012 -27.4152 16.3439
v  -2.7660 -27.3478 16.3685
v  -2.7843 -27.3827 16.3610
v  -3.4757 -27.1251 16.2051
v  -3.4734 -27.1222 16.2447
v  -3.4645 -27.1099 16.2857
v  -3.4473 -27.0859 16.3243
v  -3.4266 -27.0567 16.3504
v  -3.4039 -27.0246 16.3647
v  -3.3803 -26.9914 16.3686
v  -4.3165 -26.4857 16.1587
v  -4.3214 -26.4914 16.2028
v  -4.3171 -26.4871 16.2542
v  -4.2998 -26.4682 16.3053
v  -4.2684 -26.4335 16.3465
v  -4.2362 -26.3978 16.3647
v  -4.1791 -26.3345 16.3680
v  -4.2062 -26.3645 16.3681
v  -4.7426 -26.0769 16.1569
v  -4.7473 -26.0817 16.2008
v  -4.7431 -26.0776 16.2531
v  -4.7249 -26.0599 16.3045
v  -4.6915 -26.0271 16.3460
v  -4.6574 -25.9937 16.3642
v  -4.6255 -25.9625 16.3677
v  -4.5968 -25.9344 16.3677
v  -5.1974 -25.5672 16.2037
v  -5.1934 -25.5638 16.2500
v  -5.1784 -25.5506 16.2951
v  -5.1500 -25.5257 16.3354
v  -5.1193 -25.4988 16.3577
v  -5.0874 -25.4707 16.3667
v  -5.0573 -25.4444 16.3673
v  -5.5337 -25.1189 16.2062
v  -5.5307 -25.1168 16.2434
v  -5.5197 -25.1086 16.2810
v  -5.4983 -25.0922 16.3188
v  -5.4725 -25.0724 16.3443
v  -5.4430 -25.0497 16.3604
v  -5.4118 -25.0259 16.3667
v  -5.8340 -24.6474 16.1731
v  -5.8364 -24.6492 16.2034
v  -5.8348 -24.6485 16.2331
v  -5.8273 -24.6439 16.2655
v  -5.8115 -24.6339 16.3004
v  -5.7902 -24.6204 16.3282
v  -5.7640 -24.6036 16.3492
v  -5.7331 -24.5841 16.3624
v  -6.0610 -24.2521 16.1699
v  -6.0638 -24.2535 16.1984
v  -6.0627 -24.2531 16.2278
v  -6.0559 -24.2499 16.2603
v  -6.0404 -24.2425 16.2950
v  -6.0185 -24.2319 16.3237
v  -5.9915 -24.2188 16.3456
v  -5.9588 -24.2030 16.3604
v  -6.5056 -23.3334 16.2052
v  -6.5014 -23.3318 16.2452
v  -6.4863 -23.3259 16.2863
v  -6.4577 -23.3146 16.3243
v  -6.4242 -23.3013 16.3489
v  -6.3882 -23.2870 16.3621
v  -6.3509 -23.2722 16.3655
v  -6.8676 -22.3725 16.2048
v  -6.8637 -22.3713 16.2429
v  -6.8495 -22.3666 16.2823
v  -6.8225 -22.3578 16.3197
v  -6.7900 -22.3471 16.3451
v  -6.7545 -22.3355 16.3597
v  -6.7169 -22.3232 16.3647
v  -7.2211 -21.1110 16.1681
v  -7.2242 -21.1118 16.2044
v  -7.2201 -21.1109 16.2424
v  -7.2054 -21.1074 16.2819
v  -7.1778 -21.1008 16.3190
v  -7.1445 -21.0929 16.3443
v  -7.1083 -21.0842 16.3588
v  -7.0700 -21.0750 16.3638
v  -7.4557 -19.9848 16.2046
v  -7.4513 -19.9840 16.2426
v  -7.4366 -19.9814 16.2811
v  -7.4097 -19.9768 16.3171
v  -7.3763 -19.9710 16.3426
v  -7.3402 -19.9647 16.3573
v  -7.3011 -19.9579 16.3629
v  -7.6246 -18.8870 16.2052
v  -7.6195 -18.8864 16.2441
v  -7.6039 -18.8846 16.2829
v  -7.5756 -18.8812 16.3187
v  -7.5411 -18.8770 16.3438
v  -7.5043 -18.8725 16.3576
v  -7.4648 -18.8677 16.3620
v  -7.7595 -17.5415 16.1678
v  -7.7626 -17.5418 16.2061
v  -7.7569 -17.5414 16.2458
v  -7.7397 -17.5399 16.2853
v  -7.7093 -17.5374 16.3217
v  -7.6731 -17.5344 16.3454
v  -7.6355 -17.5313 16.3578
v  -7.5962 -17.5280 16.3610
v  -7.8423 -16.3502 16.2052
v  -7.8368 -16.3499 16.2436
v  -7.8207 -16.3489 16.2821
v  -7.7916 -16.3472 16.3177
v  -7.7569 -16.3452 16.3419
v  -7.7204 -16.3431 16.3550
v  -7.6816 -16.3408 16.3591
v  -7.9121 -14.8126 16.1681
v  -7.9135 -14.8127 16.2050
v  -7.9078 -14.8125 16.2430
v  -7.8918 -14.8118 16.2810
v  -7.8632 -14.8107 16.3161
v  -7.8291 -14.8093 16.3403
v  -7.7932 -14.8079 16.3535
v  -7.7543 -14.8063 16.3579
v  -7.9725 -13.0420 16.2045
v  -7.9667 -13.0419 16.2423
v  -7.9506 -13.0414 16.2799
v  -7.9224 -13.0407 16.3145
v  -7.8889 -13.0399 16.3384
v  -7.8534 -13.0389 16.3518
v  -7.8146 -13.0379 16.3565
v  -8.0042 -11.0871 16.2040
v  -7.9965 -11.0870 16.2396
v  -7.9796 -11.0868 16.2748
v  -7.9519 -11.0864 16.3071
v  -7.9202 -11.0859 16.3289
v  -7.8868 -11.0854 16.3418
v  -7.8503 -11.0849 16.3473
v  -3.9102 -26.8257 16.2054
v  -3.9071 -26.8218 16.2501
v  -3.8945 -26.8064 16.2956
v  -3.8712 -26.7776 16.3357
v  -3.8450 -26.7452 16.3587
v  -3.8183 -26.7120 16.3678
v  -3.7926 -26.6801 16.3683
v  0.6416 -28.0788 16.2053
v  -0.0057 -28.1093 16.2410
v  0.6413 -28.0762 16.2416
v  -0.0056 -28.0965 16.2798
v  0.6400 -28.0638 16.2794
v  0.6373 -28.0383 16.3178
v  -0.0056 -28.0378 16.3455
v  0.6340 -28.0065 16.3446
v  0.6302 -27.9700 16.3617
v  0.6262 -27.9310 16.3692
v  1.1952 -28.0038 16.2063
v  1.1943 -27.9995 16.1692
v  1.1946 -28.0012 16.2422
v  1.1921 -27.9891 16.2793
v  1.1870 -27.9637 16.3181
v  1.1808 -27.9319 16.3450
v  1.1738 -27.8956 16.3620
v  1.1662 -27.8569 16.3692
v  1.7000 -27.8753 16.2057
v  1.7008 -27.8780 16.1703
v  1.6984 -27.8699 16.2378
v  1.6939 -27.8547 16.2688
v  1.6902 -27.8422 16.3095
v  1.6836 -27.8190 16.3419
v  1.6738 -27.7845 16.3588
v  1.6631 -27.7470 16.3611
v  2.3006 -27.6835 16.2043
v  2.2976 -27.6760 16.2366
v  2.2908 -27.6588 16.2647
v  2.2884 -27.6530 16.3068
v  2.2786 -27.6278 16.3379
v  2.2667 -27.5970 16.3615
v  2.2523 -27.5598 16.3681
v  2.8192 -27.4703 16.2025
v  2.8274 -27.4865 16.1678
v  2.8140 -27.4605 16.2364
v  2.8041 -27.4416 16.2629
v  2.7995 -27.4335 16.3019
v  2.7889 -27.4133 16.3340
v  2.7739 -27.3844 16.3596
v  2.7550 -27.3482 16.3686
v  3.4615 -27.1210 16.2051
v  3.4594 -27.1172 16.1662
v  3.4585 -27.1182 16.2470
v  3.4497 -27.1071 16.2849
v  3.4343 -27.0858 16.3211
v  3.4151 -27.0583 16.3472
v  3.3932 -27.0262 16.3634
v  3.3691 -26.9917 16.3691
v  3.8955 -26.8218 16.2112
v  3.8913 -26.8155 16.1632
v  3.8913 -26.8169 16.2566
v  3.8797 -26.8024 16.2963
v  3.8601 -26.7781 16.3318
v  3.8350 -26.7471 16.3561
v  3.8075 -26.7127 16.3678
v  3.7814 -26.6802 16.3689
v  4.3059 -26.4868 16.2062
v  4.7317 -26.0773 16.2134
v  4.7296 -26.0752 16.1750
v  4.3005 -26.4797 16.1563
v  4.2994 -26.4813 16.2623
v  4.7238 -26.0699 16.2679
v  4.2828 -26.4638 16.3071
v  4.7067 -26.0532 16.3092
v  4.2558 -26.4329 16.3442
v  4.6838 -26.0305 16.3396
v  4.2256 -26.3986 16.3638
v  4.6533 -26.0007 16.3605
v  4.2037 -26.3777 16.3683
v  4.6277 -25.9756 16.3677
v  4.1748 -26.3507 16.3686
v  4.6019 -25.9504 16.3684
v  5.1806 -25.5632 16.2053
v  5.1765 -25.5589 16.2535
v  5.1624 -25.5462 16.2953
v  5.1388 -25.5256 16.3310
v  5.1126 -25.5024 16.3530
v  5.0848 -25.4782 16.3649
v  5.0574 -25.4543 16.3680
v  5.5162 -25.1150 16.2045
v  5.5117 -25.1120 16.1691
v  5.5140 -25.1130 16.2414
v  5.5043 -25.1055 16.2778
v  5.4847 -25.0904 16.3149
v  5.4609 -25.0721 16.3410
v  5.4328 -25.0506 16.3585
v  5.4012 -25.0265 16.3670
v  5.8191 -24.6453 16.2040
v  5.8159 -24.6434 16.1716
v  5.8178 -24.6447 16.2319
v  5.8117 -24.6411 16.2611
v  5.7980 -24.6325 16.2945
v  5.7785 -24.6201 16.3227
v  5.7336 -24.6017 16.3544
v  5.6889 -24.5784 16.3668
v  6.0461 -24.2502 16.1981
v  6.0456 -24.2502 16.2241
v  6.0408 -24.2480 16.2524
v  6.0284 -24.2422 16.2856
v  6.0087 -24.2327 16.3160
v  5.9726 -24.2132 16.3482
v  5.9177 -24.1944 16.3660
v  6.4867 -23.3306 16.2060
v  6.4832 -23.3292 16.1668
v  6.4841 -23.3296 16.2395
v  6.4730 -23.3252 16.2753
v  6.4492 -23.3158 16.3138
v  6.4170 -23.3030 16.3422
v  6.3789 -23.2878 16.3598
v  6.3403 -23.2725 16.3654
v  6.8487 -22.3705 16.2085
v  6.8455 -22.3694 16.2408
v  6.8347 -22.3659 16.2746
v  6.8122 -22.3584 16.3109
v  6.7822 -22.3484 16.3386
v  6.7451 -22.3362 16.3570
v  6.7061 -22.3233 16.3644
v  7.2062 -21.1101 16.2031
v  7.2024 -21.1094 16.2417
v  7.1890 -21.1063 16.2791
v  7.1645 -21.1004 16.3148
v  7.1339 -21.0931 16.3401
v  7.0985 -21.0845 16.3565
v  7.0593 -21.0751 16.3635
v  7.4381 -19.9836 16.1948
v  7.4345 -19.9830 16.2402
v  7.4203 -19.9805 16.2795
v  7.3959 -19.9763 16.3140
v  7.3659 -19.9711 16.3387
v  7.3301 -19.9649 16.3554
v  7.2902 -19.9580 16.3626
v  7.6079 -18.8863 16.2060
v  7.6027 -18.8855 16.2460
v  7.5885 -18.8838 16.2813
v  7.5637 -18.8810 16.3147
v  7.5326 -18.8773 16.3394
v  7.4946 -18.8727 16.3559
v  7.4538 -18.8677 16.3620
v  7.7471 -17.5414 16.2110
v  7.7447 -17.5412 16.1691
v  7.7414 -17.5410 16.2465
v  7.7266 -17.5399 16.2822
v  7.6985 -17.5376 16.3177
v  7.6638 -17.5346 16.3430
v  7.6250 -17.5313 16.3571
v  7.5851 -17.5280 16.3611
v  7.8288 -16.3501 16.2065
v  7.8237 -16.3499 16.2433
v  7.8088 -16.3491 16.2803
v  7.7808 -16.3474 16.3162
v  7.7464 -16.3453 16.3415
v  7.7094 -16.3431 16.3556
v  7.6703 -16.3408 16.3602
v  7.9017 -14.8127 16.2047
v  7.8993 -14.8125 16.1673
v  7.8964 -14.8125 16.2428
v  7.8808 -14.8119 16.2810
v  7.8525 -14.8107 16.3162
v  7.8184 -14.8093 16.3408
v  7.7818 -14.8079 16.3545
v  7.7429 -14.8063 16.3590
v  7.9627 -13.0420 16.2045
v  7.9571 -13.0419 16.2426
v  7.9409 -13.0415 16.2809
v  7.9125 -13.0408 16.3158
v  7.8784 -13.0399 16.3400
v  7.8420 -13.0389 16.3534
v  7.8033 -13.0379 16.3576
v  8.0009 -11.0872 16.2046
v  7.9949 -11.0872 16.2428
v  7.9779 -11.0869 16.2812
v  7.9487 -11.0865 16.3162
v  7.9143 -11.0860 16.3395
v  7.8779 -11.0855 16.3523
v  7.8395 -11.0849 16.3561
v  -7.8633 -11.0043 14.8015
v  -7.8218 -12.9378 14.8016
v  -7.7554 -14.6856 14.8023
v  -7.6720 -16.1850 14.8034
v  -7.5785 -17.4135 14.8040
v  -7.4358 -18.6684 14.8062
v  -7.2739 -19.7164 14.8076
v  -7.0379 -20.8278 14.8101
v  -6.6974 -22.0404 14.8115
v  -6.3377 -23.0000 14.8091
v  -5.9200 -23.8824 14.8162
v  -5.4070 -24.7291 14.8134
v  -4.6727 -25.6475 14.8026
v  -4.2677 -26.0485 14.8030
v  -3.4404 -26.6945 14.8106
v  -2.8329 -27.0456 14.8135
v  -2.3260 -27.2715 14.8132
v  -1.7534 -27.4651 14.8121
v  -1.2425 -27.5854 14.8117
v  -0.6790 -27.6679 14.8107
v  -5.7027 -24.2665 14.8182
v  -5.0850 -25.1653 14.8075
v  7.8558 -11.0044 14.8023
v  7.8125 -12.9378 14.8021
v  7.7449 -14.6857 14.8026
v  7.6598 -16.1848 14.8031
v  7.5634 -17.4131 14.8036
v  7.4203 -18.6682 14.8071
v  7.2574 -19.7151 14.8108
v  7.0200 -20.8251 14.8078
v  6.6770 -22.0372 14.8013
v  6.3174 -22.9957 14.7996
v  5.8991 -23.8770 14.8019
v  5.6821 -24.2614 14.8072
v  5.0675 -25.1623 14.8128
v  5.3870 -24.7253 14.8081
v  4.2520 -26.0427 14.8036
v  4.6579 -25.6448 14.8139
v  3.4253 -26.6892 14.8104
v  2.8193 -27.0402 14.8123
v  2.3133 -27.2662 14.8098
v  1.7411 -27.4607 14.8072
v  1.2303 -27.5811 14.8070
v  0.6670 -27.6653 14.8081
v  -0.0059 -27.7020 14.8088
v  -3.8657 -26.3894 14.8069
v  3.8512 -26.3838 14.8073
v  7.9927 -11.0831 16.1003
v  7.9527 -13.0368 16.1001
v  7.8919 -14.8062 16.0999
v  7.8185 -16.3417 16.0992
v  7.7356 -17.5348 16.0988
v  7.5941 -18.8751 16.1026
v  7.4286 -19.9699 16.1078
v  7.1946 -21.0950 16.1021
v  6.8362 -22.3526 16.0961
v  6.4740 -23.3121 16.0946
v  6.0339 -24.2291 16.0964
v  5.8093 -24.6244 16.1039
v  5.1737 -25.5429 16.1101
v  5.5059 -25.0930 16.1035
v  4.2989 -26.4590 16.0937
v  4.7274 -26.0554 16.1133
v  3.4583 -27.0970 16.1030
v  2.8306 -27.4715 16.0984
v  2.3078 -27.6801 16.0988
v  1.7038 -27.8608 16.1013
v  1.1961 -27.9781 16.1004
v  0.6424 -28.0530 16.1020
v  -0.0057 -28.0863 16.1023
v  3.8899 -26.7946 16.0993
v  -7.9968 -11.0830 16.0999
v  -7.9633 -13.0367 16.0995
v  -7.9044 -14.8063 16.0997
v  -7.8318 -16.3418 16.0996
v  -7.7504 -17.5351 16.0991
v  -7.6099 -18.8754 16.0999
v  -7.4457 -19.9712 16.0997
v  -7.2117 -21.0968 16.1001
v  -6.8555 -22.3547 16.1002
v  -6.4928 -23.3149 16.0986
v  -6.0547 -24.2337 16.1061
v  -5.5229 -25.0960 16.1018
v  -4.7394 -26.0551 16.0893
v  -4.3138 -26.4635 16.0898
v  -3.4718 -27.1003 16.0988
v  -2.8336 -27.4550 16.1019
v  -2.3171 -27.6747 16.1024
v  -1.7162 -27.8651 16.1030
v  -1.2074 -27.9790 16.1029
v  -0.6539 -28.0549 16.1029
v  -5.8278 -24.6288 16.1082
v  -5.1880 -25.5433 16.0944
v  -3.9043 -26.7993 16.0945
v  -7.6131 -8.5641 16.3538
v  7.6088 -8.5733 16.3541
v  -0.0106 -27.7123 16.3699
v  -0.6071 -27.6881 16.3694
v  -1.1434 -27.6122 16.3687
v  -1.6131 -27.5046 16.3699
v  -2.1759 -27.3244 16.3687
v  -2.6506 -27.1225 16.3687
v  -3.2519 -26.7907 16.3684
v  -4.0443 -26.2084 16.3682
v  -4.4556 -25.8088 16.3672
v  -4.8911 -25.3179 16.3672
v  -5.1990 -24.9006 16.3672
v  -5.4854 -24.4592 16.3667
v  -5.6950 -24.0930 16.3662
v  -6.1235 -23.1990 16.3650
v  -6.4797 -22.2447 16.3648
v  -6.8239 -21.0168 16.3638
v  -7.0529 -19.9227 16.3629
v  -7.2043 -18.8621 16.3620
v  -7.3406 -17.5164 16.3609
v  -7.4226 -16.3217 16.3591
v  -7.4926 -14.7939 16.3579
v  -7.5481 -13.0380 16.3562
v  -7.5855 -11.0849 16.3533
v  -3.6563 -26.5075 16.3671
v  0.5986 -27.6927 16.3697
v  1.1230 -27.6125 16.3699
v  1.5928 -27.5110 16.3697
v  2.1579 -27.3294 16.3694
v  2.6281 -27.1243 16.3692
v  3.2381 -26.7940 16.3692
v  3.6448 -26.5074 16.3687
v  4.0269 -26.1953 16.3682
v  4.4313 -25.8060 16.3684
v  4.8543 -25.3228 16.3682
v  5.1717 -24.9007 16.3679
v  5.4373 -24.4898 16.3677
v  5.6578 -24.1099 16.3677
v  6.0894 -23.2257 16.3660
v  6.4417 -22.3048 16.3653
v  6.8111 -21.0184 16.3645
v  7.0455 -19.8984 16.3629
v  7.1980 -18.8372 16.3621
v  7.3234 -17.5135 16.3323
v  7.4041 -16.3199 16.3303
v  7.4727 -14.8037 16.3113
v  7.5297 -13.0336 16.3378
v  7.5731 -11.0849 16.3261
v  8.0287 -8.9807 16.1687
v  8.0306 -8.9782 16.2057
v  8.0240 -8.9635 16.2439
v  8.0067 -8.9344 16.2815
v  7.9767 -8.8895 16.3167
v  7.9423 -8.8401 16.3394
v  7.9091 -8.7942 16.3503
v  7.8761 -8.7492 16.3543
v  7.8918 -8.9980 14.8028
v  8.0220 -8.9819 16.1005
v  7.7448 -8.5734 16.3542
v  7.6111 -8.7565 16.3542
v  6.3762 -8.5843 0.8875
v  6.5081 -8.5848 2.6693
v  6.7025 -8.5946 5.0767
v  6.9060 -8.6225 7.3122
v  7.0996 -8.6197 9.6193
v  7.3527 -8.5869 11.8128
v  7.4957 -8.5849 13.4410
v  7.6102 -8.5754 14.7444
v  7.8472 -8.7514 16.0465
v  7.7246 -8.5737 16.0464
v  -8.0238 -8.9781 16.1682
v  -8.0246 -8.9728 16.2044
v  -8.0176 -8.9568 16.2406
v  -8.0002 -8.9299 16.2762
v  -7.9720 -8.8807 16.3086
v  -7.9400 -8.8370 16.3299
v  -7.9064 -8.7912 16.3419
v  -7.8701 -8.7417 16.3461
v  -7.8967 -8.9905 14.8003
v  -8.0159 -8.9814 16.1000
v  -7.7505 -8.5641 16.3538
v  -7.6123 -8.7865 16.3548
v  -6.3745 -8.5772 0.8875
v  -7.5803 -8.5662 14.7991
v  -7.8444 -8.7417 16.0579
v  -7.7152 -8.5641 16.0578
v  -7.4374 -8.5674 13.4124
v  -7.2824 -8.5699 11.8111
v  -7.0666 -8.5701 9.6139
v  -6.8769 -8.5748 7.2786
v  -6.7016 -8.5799 5.0706
v  -6.5324 -8.5810 2.8857
v  -7.8210 -9.0741 16.8819
v  -6.3791 -9.0980 0.8640
v  -6.4580 -7.1496 0.8647
v  -7.8290 -7.4624 16.9535
v  -7.8533 -5.8214 17.2964
v  -6.5685 -5.2500 0.8681
v  -6.6709 -3.4648 0.8741
v  -7.8454 -3.5323 18.3097
v  -6.6040 -2.6349 0.8780
v  -7.7849 -2.7316 18.8363
v  -6.4890 -1.7673 0.8821
v  -7.5761 -2.0668 19.3766
v  -5.9063 -1.5697 0.8843
v  -7.0866 -1.5850 19.8623
v  -5.1341 -1.5550 0.8856
v  -6.1673 -1.3122 20.1682
v  -4.3128 -1.5644 0.8859
v  -4.9056 -1.2148 20.2789
v  -0.0026 -1.6068 0.8861
v  -7.6273 -13.5999 16.8819
v  -6.1134 -13.5742 0.8640
v  -6.9753 -20.7636 16.8819
v  -5.4127 -19.2647 0.8640
v  -5.7363 -24.2515 16.8819
v  -4.3492 -22.7082 0.8640
v  -4.0969 -26.4044 16.8819
v  -2.7567 -24.8290 0.8640
v  -2.6658 -27.3323 16.8819
v  -1.3699 -25.6356 0.8640
v  -0.0026 -27.8801 16.8819
v  7.8336 -9.0741 16.8819
v  7.8417 -7.4624 16.9535
v  6.4528 -7.1496 0.8647
v  6.3739 -9.0980 0.8640
v  7.8659 -5.8214 17.2964
v  6.5633 -5.2500 0.8681
v  7.8969 -3.5323 18.3097
v  6.6657 -3.4648 0.8741
v  7.8364 -2.7316 18.8363
v  6.5988 -2.6349 0.8780
v  7.6275 -2.0668 19.3766
v  6.4838 -1.7673 0.8821
v  7.1380 -1.5850 19.8623
v  5.9011 -1.5697 0.8843
v  6.2188 -1.3122 20.1682
v  5.1289 -1.5550 0.8856
v  4.9571 -1.2148 20.2789
v  4.3076 -1.5644 0.8859
v  -0.0026 -1.2091 20.2851
v  6.1082 -13.5742 0.8640
v  7.5821 -13.5999 16.8819
v  5.4075 -19.2647 0.8640
v  6.9900 -20.7636 16.8819
v  4.3485 -22.6917 0.8640
v  5.7311 -24.2515 16.8819
v  2.7315 -24.7730 0.8640
v  4.0917 -26.4044 16.8819
v  1.3647 -25.4487 0.8640
v  2.6606 -27.3323 16.8819
v  -0.0026 -25.6356 0.8640
v  -0.0018 -1.0007 20.7586
v  -7.9732 -7.6869 16.4457
v  -7.9742 -8.8189 16.4262
v  -8.0327 -4.1550 17.2768
v  -8.0472 -3.2780 17.7111
v  -8.0062 -2.7234 18.0243
v  -7.8406 -1.9878 18.5358
v  -7.6266 -1.6647 18.8051
v  -7.4735 -1.5384 18.9182
v  -7.2928 -1.4351 19.0113
v  -7.0284 -1.3319 19.1061
v  -6.6315 -1.2334 19.1977
v  -6.1591 -1.1647 19.2618
v  -5.7700 -1.1329 19.2923
v  -3.2107 -1.1005 19.3227
v  -1.0532 -1.1002 19.3227
v  -2.1361 -1.1003 19.3230
v  -4.3328 -1.1008 19.3223
v  -5.0531 -1.1065 19.3171
v  -7.7455 -8.8466 16.4275
v  -8.2106 -4.4907 18.1790
v  -8.2097 -3.1474 18.8933
v  -8.1710 -2.6503 19.2211
v  -8.1105 -2.3172 19.4663
v  -8.0213 -2.0452 19.6876
v  -7.8961 -1.8030 19.9014
v  -7.7109 -1.5816 20.1173
v  -7.4382 -1.3873 20.3237
v  -7.1667 -1.2660 20.4572
v  -6.8351 -1.1704 20.5665
v  -6.4652 -1.1010 20.6446
v  -6.1344 -1.0582 20.6934
v  -5.7756 -1.0311 20.7246
v  -3.2107 -1.0008 20.7587
v  -1.0532 -1.0007 20.7586
v  -2.1355 -1.0008 20.7586
v  -4.3330 -1.0009 20.7585
v  -5.0552 -1.0065 20.7525
v  -8.1580 -7.7444 17.3827
v  -7.7469 -8.9258 17.4020
v  -8.2244 -3.4973 18.6776
v  -8.0575 -8.8837 16.4243
v  -8.0596 -8.8845 16.4303
v  -8.0509 -8.8853 16.4227
v  -8.0496 -8.8770 16.4193
v  -8.0591 -8.8764 16.4229
v  -8.1475 -8.8737 17.3655
v  -8.1505 -8.8642 17.3652
v  -8.1403 -8.8776 17.3662
v  -8.0686 -7.6878 16.4405
v  -8.0597 -7.6873 16.4377
v  -8.0728 -7.6873 16.4479
v  -8.1286 -4.1531 17.2730
v  -8.1191 -4.1522 17.2702
v  -8.1430 -3.2707 17.7082
v  -8.1333 -3.2706 17.7047
v  -8.1468 -3.2737 17.7147
v  -8.1011 -2.7095 18.0221
v  -8.1054 -2.7125 18.0284
v  -8.0916 -2.7090 18.0189
v  -7.9276 -1.9485 18.5356
v  -7.9178 -1.9511 18.5326
v  -7.9324 -1.9504 18.5425
v  -7.7026 -1.6052 18.8003
v  -7.6950 -1.6098 18.7972
v  -7.7070 -1.6050 18.8080
v  -7.5340 -1.4641 18.9168
v  -7.5281 -1.4713 18.9128
v  -7.5371 -1.4612 18.9256
v  -7.3366 -1.3499 19.0131
v  -7.3323 -1.3565 19.0103
v  -7.3393 -1.3467 19.0221
v  -7.0597 -1.2405 19.1087
v  -7.0566 -1.2486 19.1050
v  -7.0617 -1.2378 19.1169
v  -6.6520 -1.1474 19.1966
v  -6.6538 -1.1399 19.1994
v  -6.6548 -1.1355 19.2085
v  -6.1693 -1.0693 19.2646
v  -6.1684 -1.0781 19.2606
v  -6.1698 -1.0653 19.2733
v  -5.7755 -1.0364 19.2954
v  -5.7751 -1.0450 19.2921
v  -5.7756 -1.0332 19.3036
v  -5.0552 -1.0099 19.3205
v  -5.0550 -1.0178 19.3174
v  -5.0553 -1.0059 19.3295
v  -2.1361 -1.0037 19.3265
v  -2.1361 -1.0117 19.3230
v  -2.1360 -1.0003 19.3351
v  -3.2107 -1.0040 19.3263
v  -3.2108 -1.0005 19.3344
v  -3.2107 -1.0126 19.3228
v  -1.0532 -1.0038 19.3264
v  -1.0532 -1.0001 19.3350
v  -1.0532 -1.0121 19.3231
v  -4.3332 -1.0044 19.3258
v  -4.3332 -1.0008 19.3344
v  -4.3331 -1.0127 19.3223
v  -7.7464 -8.9215 16.4308
v  -7.7455 -8.9142 16.4281
v  -7.7469 -8.9258 16.4399
v  -8.0624 -8.8770 16.4300
v  -8.1324 -4.1552 17.2804
v  -8.0521 -8.8887 16.4311
v  -8.0749 -7.6896 16.4713
v  -8.0646 -8.8767 16.4531
v  -8.1343 -4.1635 17.3030
v  -8.1489 -3.2822 17.7372
v  -7.5414 -1.4642 18.9550
v  -7.3424 -1.3480 19.0538
v  -7.0642 -1.2385 19.1500
v  -6.6550 -1.1356 19.2429
v  -6.1690 -1.0652 19.3083
v  -5.7751 -1.0331 19.3387
v  -5.0553 -1.0059 19.3647
v  -2.1355 -1.0003 19.3703
v  -3.2108 -1.0005 19.3696
v  -1.0532 -1.0001 19.3702
v  -4.3332 -1.0008 19.3696
v  -8.0543 -8.8884 16.4542
v  -7.7469 -8.9258 16.4637
v  -8.0618 -8.8842 16.4534
v  -8.1079 -2.7224 18.0503
v  -7.9379 -1.9610 18.5638
v  -7.7143 -1.6124 18.8322
v  -8.1089 -5.3120 16.8613
v  -8.1878 -5.5427 17.7909
v  -8.0092 -5.3112 16.8574
v  -8.0960 -5.3109 16.8507
v  -8.1048 -5.3113 16.8537
v  -8.1108 -5.3171 16.8849
v  -8.0878 -6.5111 16.5819
v  -8.1690 -6.6319 17.5246
v  -7.9882 -6.5091 16.5795
v  -8.0751 -6.5089 16.5715
v  -8.0834 -6.5099 16.5744
v  -8.0898 -6.5147 16.6055
v  -0.0018 -1.1000 19.3232
v  -0.0018 -1.0034 19.3267
v  -0.0018 -1.0000 19.3351
v  -0.0018 -1.0118 19.3232
v  7.9697 -7.6869 16.4457
v  7.9706 -8.8189 16.4262
v  8.0254 -4.3443 17.2116
v  8.0286 -3.2710 17.7183
v  8.0026 -2.7234 18.0243
v  7.8423 -2.0184 18.5053
v  7.6807 -1.7360 18.7447
v  7.4699 -1.5384 18.9182
v  7.2892 -1.4351 19.0113
v  7.0248 -1.3319 19.1061
v  6.6279 -1.2334 19.1977
v  6.1555 -1.1647 19.2618
v  5.7665 -1.1329 19.2923
v  3.2071 -1.1005 19.3227
v  1.0496 -1.1002 19.3227
v  2.1326 -1.1003 19.3230
v  4.3292 -1.1008 19.3223
v  5.0496 -1.1065 19.3171
v  7.7419 -8.8466 16.4275
v  8.2070 -4.4907 18.1790
v  8.2061 -3.1474 18.8933
v  8.1674 -2.6503 19.2211
v  8.1069 -2.3172 19.4663
v  8.0177 -2.0452 19.6876
v  7.8926 -1.8030 19.9014
v  7.7073 -1.5816 20.1173
v  7.4346 -1.3873 20.3237
v  7.1631 -1.2660 20.4572
v  6.8315 -1.1704 20.5665
v  6.4616 -1.1010 20.6446
v  6.1308 -1.0582 20.6934
v  5.7720 -1.0311 20.7246
v  3.2072 -1.0008 20.7587
v  1.0496 -1.0007 20.7586
v  2.1319 -1.0008 20.7586
v  4.3295 -1.0009 20.7585
v  5.0516 -1.0065 20.7525
v  8.1544 -7.7444 17.3827
v  8.2208 -3.4973 18.6776
v  8.0539 -8.8837 16.4243
v  8.0560 -8.8845 16.4303
v  8.0474 -8.8853 16.4227
v  8.0460 -8.8770 16.4193
v  8.0555 -8.8764 16.4229
v  8.1439 -8.8737 17.3655
v  8.1469 -8.8642 17.3652
v  8.1367 -8.8776 17.3662
v  8.0650 -7.6878 16.4405
v  8.0562 -7.6873 16.4377
v  8.0693 -7.6873 16.4479
v  8.1212 -4.3425 17.2079
v  8.1118 -4.3416 17.2051
v  8.1244 -3.2636 17.7155
v  8.1147 -3.2634 17.7120
v  8.1282 -3.2666 17.7219
v  8.0880 -2.7090 18.0189
v  8.0975 -2.7095 18.0221
v  8.1018 -2.7125 18.0284
v  7.9293 -1.9791 18.5051
v  7.9194 -1.9816 18.5021
v  7.9341 -1.9809 18.5119
v  7.7578 -1.6789 18.7422
v  7.7499 -1.6833 18.7389
v  7.7621 -1.6788 18.7499
v  7.5304 -1.4641 18.9168
v  7.5246 -1.4713 18.9128
v  7.5335 -1.4612 18.9256
v  7.3330 -1.3499 19.0131
v  7.3287 -1.3565 19.0103
v  7.3357 -1.3467 19.0221
v  7.0561 -1.2405 19.1087
v  7.0530 -1.2486 19.1050
v  7.0581 -1.2378 19.1169
v  6.6484 -1.1474 19.1966
v  6.6502 -1.1399 19.1994
v  6.6512 -1.1355 19.2085
v  6.1657 -1.0693 19.2646
v  6.1648 -1.0781 19.2606
v  6.1662 -1.0653 19.2733
v  5.7720 -1.0364 19.2954
v  5.7715 -1.0450 19.2921
v  5.7720 -1.0332 19.3036
v  5.0516 -1.0099 19.3205
v  5.0514 -1.0178 19.3174
v  5.0517 -1.0059 19.3295
v  2.1325 -1.0037 19.3265
v  2.1326 -1.0117 19.3230
v  2.1324 -1.0003 19.3351
v  3.2072 -1.0040 19.3263
v  3.2072 -1.0005 19.3344
v  3.2072 -1.0126 19.3228
v  1.0496 -1.0038 19.3264
v  1.0496 -1.0001 19.3350
v  1.0496 -1.0121 19.3231
v  4.3296 -1.0044 19.3258
v  4.3296 -1.0008 19.3344
v  4.3296 -1.0127 19.3223
v  7.7428 -8.9215 16.4308
v  7.7419 -8.9142 16.4281
v  7.7433 -8.9258 16.4399
v  8.0588 -8.8770 16.4300
v  8.1250 -4.3445 17.2152
v  8.0485 -8.8887 16.4311
v  -0.0018 -1.0000 19.3702
v  8.0713 -7.6896 16.4713
v  8.0610 -8.8767 16.4531
v  8.1269 -4.3528 17.2379
v  8.1303 -3.2750 17.7444
v  7.5378 -1.4642 18.9550
v  7.3388 -1.3480 19.0538
v  7.0606 -1.2385 19.1500
v  6.6514 -1.1356 19.2429
v  6.1654 -1.0652 19.3083
v  5.7715 -1.0331 19.3387
v  5.0517 -1.0059 19.3647
v  2.1319 -1.0003 19.3703
v  3.2072 -1.0005 19.3696
v  1.0496 -1.0001 19.3702
v  4.3296 -1.0008 19.3696
v  8.0507 -8.8884 16.4542
v  7.7433 -8.9258 16.4637
v  8.0582 -8.8842 16.4534
v  8.1043 -2.7224 18.0503
v  7.9396 -1.9915 18.5333
v  7.7686 -1.6861 18.7741
v  8.1019 -5.5027 16.8168
v  8.1842 -5.5427 17.7909
v  8.0023 -5.5018 16.8132
v  8.0891 -5.5015 16.8062
v  8.0979 -5.5019 16.8093
v  8.1039 -5.5077 16.8404
v  8.0824 -6.6526 16.5657
v  8.1654 -6.6319 17.5246
v  7.9828 -6.6506 16.5635
v  8.0697 -6.6505 16.5554
v  8.0781 -6.6515 16.5583
v  8.0844 -6.6562 16.5893
v  -1.9537 -1.0024 16.3782
v  -2.9273 -1.0028 16.3782
v  -3.8923 -1.0033 16.3782
v  -4.6713 -1.0051 16.3782
v  -5.4593 -1.0229 16.3782
v  -5.2426 -1.0283 19.1620
v  -1.9383 -1.0156 19.1703
v  -2.8763 -1.0160 19.1702
v  -3.7837 -1.0164 19.1700
v  -4.4936 -1.0173 19.1697
v  -6.2596 -1.1034 16.3782
v  -6.2249 -1.0935 19.1099
v  -6.2596 -1.3253 16.3782
v  -6.2448 -1.3255 19.1088
v  -5.2426 -1.0283 19.1992
v  -1.9383 -1.0156 19.2076
v  -2.8763 -1.0160 19.2074
v  -3.7837 -1.0164 19.2073
v  -4.4936 -1.0173 19.2069
v  -6.2448 -1.1148 19.1461
v  -6.2248 -1.3255 19.1671
v  -5.2426 -1.3254 19.2192
v  -1.9383 -1.3254 19.2276
v  -2.8763 -1.3254 19.2274
v  -3.7837 -1.3254 19.2273
v  -4.4936 -1.3254 19.2269
v  -6.2396 -1.0819 16.3782
v  -6.2448 -1.1148 19.1088
v  -5.2426 -1.0483 19.2192
v  0.0008 -1.0349 19.2277
v  -1.9383 -1.0356 19.2276
v  -2.8763 -1.0360 19.2274
v  -3.7837 -1.0364 19.2273
v  -4.4936 -1.0373 19.2269
v  -6.2248 -1.1135 19.1671
v  -6.2248 -1.0935 19.1471
v  -6.2448 -1.3255 19.1461
v  -6.2546 -1.0880 16.3782
v  -6.2398 -1.0995 19.1091
v  -5.2426 -1.0333 19.2142
v  -1.9383 -1.0206 19.2226
v  -2.8763 -1.0210 19.2225
v  -3.7837 -1.0214 19.2223
v  -4.4936 -1.0223 19.2219
v  -6.2398 -1.1145 19.1613
v  -6.2248 -1.0985 19.1621
v  -6.2398 -1.0995 19.1463
v  -6.2398 -1.3255 19.1613
v  -6.2398 -1.1033 19.1576
v  -6.0874 -1.0658 16.3782
v  -6.0333 -1.0762 19.1200
v  -6.0333 -1.0743 19.1630
v  -6.0333 -1.3255 19.1773
v  -6.0333 -1.0944 19.1830
v  -6.0333 -1.0793 19.1780
v  -1.9537 -1.0024 0.9277
v  -2.9273 -1.0028 0.9277
v  -3.8923 -1.0033 0.9277
v  -4.6713 -1.0051 0.9277
v  -5.4593 -1.0229 0.9277
v  -6.2596 -1.1034 0.9277
v  -6.2596 -1.3253 0.9277
v  -6.2396 -1.0819 0.9277
v  -6.2546 -1.0880 0.9277
v  -6.0874 -1.0658 0.9277
v  -6.0874 -1.1034 0.9277
v  -5.4593 -1.1034 0.9277
v  -4.6713 -1.1034 0.9277
v  -3.8923 -1.1034 0.9277
v  -2.9273 -1.1034 0.9277
v  -1.9537 -1.1034 0.9277
v  -1.9537 -1.3253 0.9277
v  -2.9273 -1.3253 0.9277
v  -3.8923 -1.3253 0.9277
v  -4.6713 -1.3253 0.9277
v  -5.4593 -1.3253 0.9277
v  -6.0875 -1.3253 0.9277
v  1.9552 -1.0024 16.3782
v  1.9399 -1.0156 19.1703
v  0.0008 -1.0149 19.1705
v  0.0008 -1.0017 16.3782
v  2.9289 -1.0028 16.3782
v  2.8778 -1.0160 19.1702
v  3.8938 -1.0033 16.3782
v  4.6729 -1.0051 16.3782
v  4.4951 -1.0173 19.1697
v  3.7853 -1.0164 19.1700
v  5.4608 -1.0229 16.3782
v  5.2442 -1.0283 19.1620
v  6.0890 -1.0658 16.3782
v  6.0349 -1.0762 19.1200
v  6.2463 -1.1148 19.1088
v  6.2611 -1.1034 16.3782
v  6.2611 -1.3253 16.3782
v  6.2463 -1.3255 19.1088
v  6.0348 -1.0743 19.1630
v  5.2442 -1.0283 19.1992
v  4.4951 -1.0173 19.2069
v  1.9399 -1.0156 19.2076
v  0.0008 -1.0149 19.2077
v  2.8778 -1.0160 19.2074
v  3.7853 -1.0164 19.2073
v  6.2463 -1.3255 19.1461
v  6.2463 -1.1148 19.1461
v  5.2442 -1.0483 19.2192
v  6.0348 -1.0944 19.1830
v  6.0348 -1.3255 19.1773
v  5.2442 -1.3254 19.2192
v  4.4951 -1.0373 19.2269
v  4.4951 -1.3254 19.2269
v  1.9399 -1.0356 19.2276
v  1.9399 -1.3254 19.2276
v  0.0008 -1.3254 19.2277
v  2.8778 -1.0360 19.2274
v  2.8778 -1.3254 19.2274
v  3.7853 -1.0364 19.2273
v  3.7853 -1.3254 19.2273
v  6.2413 -1.1145 19.1613
v  6.2413 -1.1033 19.1576
v  6.2413 -1.0995 19.1463
v  6.2411 -1.0819 16.3782
v  6.2561 -1.0880 16.3782
v  6.2413 -1.0995 19.1091
v  6.2264 -1.0935 19.1099
v  6.2264 -1.0935 19.1471
v  6.2264 -1.0985 19.1621
v  6.0348 -1.0793 19.1780
v  5.2442 -1.0333 19.2142
v  4.4951 -1.0222 19.2219
v  1.9399 -1.0206 19.2226
v  0.0008 -1.0199 19.2227
v  2.8778 -1.0210 19.2225
v  3.7853 -1.0214 19.2223
v  6.2413 -1.3255 19.1613
v  6.2264 -1.1135 19.1671
v  6.2264 -1.3255 19.1671
v  0.0008 -1.0017 0.9277
v  1.9552 -1.0024 0.9277
v  2.9289 -1.0028 0.9277
v  3.8938 -1.0033 0.9277
v  4.6729 -1.0051 0.9277
v  5.4608 -1.0229 0.9277
v  6.0890 -1.0658 0.9277
v  6.2611 -1.1034 0.9277
v  6.2611 -1.3253 0.9277
v  6.2561 -1.0880 0.9277
v  6.2411 -1.0819 0.9277
v  0.0008 -1.1034 0.9277
v  1.9552 -1.1034 0.9277
v  3.8938 -1.3253 0.9277
v  4.6729 -1.3253 0.9277
v  4.6729 -1.1034 0.9277
v  3.8938 -1.1034 0.9277
v  6.0890 -1.3253 0.9277
v  6.0890 -1.1034 0.9277
v  5.4608 -1.3253 0.9277
v  5.4608 -1.1034 0.9277
v  0.0008 -1.3253 0.9277
v  1.9552 -1.3253 0.9277
v  2.9289 -1.1034 0.9277
v  2.9289 -1.3253 0.9277
v  -8.1161 -13.0723 17.4583
v  -8.1132 -13.0722 17.4981
v  -8.1069 -13.0733 17.5423
v  -8.0953 -13.0762 17.5945
v  -8.0787 -13.0788 17.6522
v  -8.0607 -13.0779 17.7035
v  -8.0719 -14.8469 17.4149
v  -8.0701 -14.8471 17.4597
v  -8.0645 -14.8477 17.4979
v  -8.0523 -14.8495 17.5391
v  -8.0314 -14.8528 17.5861
v  -8.0016 -14.8542 17.6385
v  -7.9725 -14.8409 17.6828
v  -8.0716 -14.8470 17.3699
v  -8.0129 -16.3633 17.4160
v  -8.0101 -16.3630 17.4606
v  -8.0020 -16.3624 17.4974
v  -7.9859 -16.3611 17.5359
v  -7.9590 -16.3591 17.5781
v  -7.9190 -16.3578 17.6247
v  -7.8678 -16.3623 17.6704
v  -8.0129 -16.3633 17.3711
v  -7.9498 -17.5544 17.4174
v  -7.9468 -17.5519 17.4623
v  -7.9384 -17.5501 17.4970
v  -7.9206 -17.5480 17.5321
v  -7.8924 -17.5452 17.5690
v  -7.8523 -17.5439 17.6080
v  -7.8022 -17.5519 17.6439
v  -7.9495 -17.5570 17.3720
v  -7.8359 -18.9237 17.4172
v  -7.8332 -18.9234 17.4609
v  -7.8245 -18.9226 17.4952
v  -7.8064 -18.9211 17.5284
v  -7.7795 -18.9194 17.5614
v  -7.7434 -18.9172 17.5943
v  -7.7003 -18.9107 17.6224
v  -7.6590 -18.8892 17.6394
v  -7.8351 -18.9237 17.3731
v  -7.6899 -20.0381 17.4186
v  -7.6867 -20.0381 17.4627
v  -7.6766 -20.0372 17.4966
v  -7.6588 -20.0357 17.5296
v  -7.6317 -20.0341 17.5626
v  -7.5947 -20.0311 17.5946
v  -7.5539 -20.0201 17.6189
v  -7.5220 -19.9849 17.6302
v  -7.6891 -20.0375 17.3740
v  -7.4769 -21.1924 17.4188
v  -7.3127 -21.1372 17.6261
v  -7.4766 -21.1929 17.3749
v  -7.4739 -21.1915 17.4623
v  -7.4652 -21.1896 17.4968
v  -7.4490 -21.1866 17.5305
v  -7.4240 -21.1822 17.5641
v  -7.3893 -21.1756 17.5950
v  -7.3489 -21.1638 17.6157
v  -7.1413 -22.4771 17.4200
v  -7.1404 -22.4716 17.4638
v  -7.1337 -22.4677 17.4985
v  -7.1194 -22.4633 17.5329
v  -7.0962 -22.4574 17.5668
v  -7.0628 -22.4499 17.5957
v  -7.0228 -22.4403 17.6125
v  -6.9868 -22.4238 17.6208
v  -7.1391 -22.4828 17.3759
v  -6.7957 -23.4591 17.4219
v  -6.7924 -23.4615 17.4669
v  -6.7859 -23.4602 17.5005
v  -6.7728 -23.4549 17.5342
v  -6.7518 -23.4458 17.5672
v  -6.7214 -23.4328 17.5936
v  -6.6865 -23.4192 17.6075
v  -6.6508 -23.4082 17.6146
v  -6.7967 -23.4549 17.3766
v  -6.3526 -24.4244 17.4211
v  -6.3513 -24.4240 17.4647
v  -6.3445 -24.4236 17.4999
v  -6.3300 -24.4231 17.5346
v  -6.3044 -24.4223 17.5674
v  -6.2655 -24.4213 17.5921
v  -6.2228 -24.4202 17.6045
v  -6.1734 -24.4190 17.6106
v  -6.3509 -24.4249 17.3774
v  -6.1212 -24.8508 17.4214
v  -6.1199 -24.8499 17.4649
v  -6.1148 -24.8468 17.5003
v  -6.1033 -24.8401 17.5352
v  -6.0826 -24.8290 17.5676
v  -6.0504 -24.8140 17.5917
v  -6.0144 -24.8000 17.6034
v  -5.9839 -24.7872 17.6078
v  -6.1204 -24.8504 17.3776
v  -5.8154 -25.3369 17.4228
v  -5.8168 -25.3323 17.4674
v  -5.8134 -25.3278 17.5016
v  -5.8029 -25.3202 17.5358
v  -5.7836 -25.3074 17.5673
v  -5.7544 -25.2885 17.5901
v  -5.7250 -25.2689 17.6012
v  -5.7019 -25.2483 17.6053
v  -5.8115 -25.3411 17.3781
v  -5.4874 -25.7996 17.4230
v  -5.4872 -25.7982 17.4674
v  -5.4834 -25.7948 17.5020
v  -5.4733 -25.7870 17.5363
v  -5.4544 -25.7729 17.5673
v  -5.4260 -25.7523 17.5893
v  -5.3984 -25.7317 17.5998
v  -5.3758 -25.7106 17.6036
v  -5.4855 -25.7997 17.3785
v  -5.0168 -26.3569 17.4231
v  -5.0171 -26.3551 17.4672
v  -5.0137 -26.3510 17.5021
v  -5.0050 -26.3426 17.5365
v  -4.9877 -26.3265 17.5674
v  -4.9617 -26.3026 17.5888
v  -4.9366 -26.2795 17.5989
v  -4.9150 -26.2572 17.6022
v  -5.0146 -26.3573 17.3789
v  -4.5689 -26.7994 17.4229
v  -4.5683 -26.7986 17.4664
v  -4.5651 -26.7949 17.5019
v  -4.5574 -26.7861 17.5365
v  -4.5416 -26.7685 17.5673
v  -4.5177 -26.7422 17.5885
v  -4.4948 -26.7167 17.5983
v  -4.4766 -26.6918 17.6013
v  -4.5682 -26.7986 17.3792
v  -4.1171 -27.1747 17.4231
v  -4.1164 -27.1737 17.3795
v  -4.1166 -27.1739 17.4665
v  -4.1136 -27.1698 17.5019
v  -4.1064 -27.1599 17.5362
v  -4.0919 -27.1405 17.5667
v  -4.0715 -27.1133 17.5884
v  -4.0510 -27.0859 17.5979
v  -4.0339 -27.0599 17.6007
v  -3.6633 -27.4961 17.4234
v  -3.6631 -27.4956 17.4669
v  -3.6603 -27.4911 17.5023
v  -3.6538 -27.4802 17.5364
v  -3.6408 -27.4590 17.5668
v  -3.6232 -27.4301 17.5884
v  -3.6055 -27.4010 17.5976
v  -3.5895 -27.3742 17.6003
v  -3.6623 -27.4944 17.3798
v  -3.0172 -27.8590 17.4237
v  -3.0169 -27.8583 17.4671
v  -3.0147 -27.8536 17.5025
v  -3.0095 -27.8424 17.5366
v  -2.9991 -27.8203 17.5671
v  -2.9844 -27.7896 17.5885
v  -2.9697 -27.7587 17.5975
v  -2.9579 -27.7299 17.6000
v  -3.0165 -27.8576 17.3801
v  -2.4290 -28.1059 17.4239
v  -2.4288 -28.1051 17.4674
v  -2.4274 -28.1008 17.5029
v  -2.4237 -28.0892 17.5372
v  -2.4160 -28.0660 17.5677
v  -2.4053 -28.0334 17.5889
v  -2.3946 -28.0008 17.5976
v  -2.3848 -27.9711 17.5998
v  -2.4287 -28.1048 17.3803
v  -1.8026 -28.3078 17.4242
v  -1.8022 -28.3062 17.3805
v  -1.8025 -28.3073 17.4677
v  -1.8015 -28.3028 17.5033
v  -1.7987 -28.2909 17.5377
v  -1.7931 -28.2667 17.5683
v  -1.7854 -28.2331 17.5893
v  -1.7776 -28.1995 17.5978
v  -1.7695 -28.1693 17.5997
v  -1.2604 -28.4308 17.4243
v  -1.2604 -28.4308 17.4680
v  -1.2597 -28.4262 17.5037
v  -1.2579 -28.4137 17.5381
v  -1.2544 -28.3885 17.5686
v  -1.2497 -28.3542 17.5896
v  -1.2448 -28.3199 17.5979
v  -1.2384 -28.2894 17.5997
v  -1.2600 -28.4286 17.3806
v  -0.6315 -28.5085 17.4244
v  -0.6315 -28.5081 17.4680
v  -0.6313 -28.5038 17.5037
v  -0.6308 -28.4916 17.5382
v  -0.6297 -28.4669 17.5689
v  -0.6282 -28.4320 17.5898
v  -0.6267 -28.3973 17.5979
v  -0.6244 -28.3662 17.5997
v  -0.6315 -28.5070 17.3808
v  -0.0019 -28.5364 17.5046
v  -0.0019 -28.5230 17.5403
v  -0.0019 -28.5412 17.3807
v  -0.0019 -28.3925 17.6000
v  -8.1170 -13.0724 17.4133
v  -8.1170 -13.0726 17.3682
v  -8.1220 -9.7449 17.9539
v  -8.1519 -9.7484 17.7286
v  -8.1566 -9.7484 17.6581
v  -8.1584 -9.7484 17.5977
v  -8.1589 -9.7484 17.5435
v  -8.1592 -9.7484 17.4975
v  -8.1593 -9.7484 17.4572
v  -8.1594 -9.7484 17.4115
v  -8.1594 -9.7484 17.3658
v  -8.1467 -11.1116 17.3670
v  -8.1466 -11.1109 17.4116
v  -8.1460 -11.1100 17.4551
v  -8.1447 -11.1095 17.4974
v  -8.1426 -11.1111 17.5427
v  -8.1395 -11.1157 17.5944
v  -8.1342 -11.1225 17.6525
v  -8.1192 -11.1385 17.7412
v  -0.0019 -27.3339 17.6261
v  -0.0019 -14.0314 19.2530
v  -5.4391 -9.3513 20.0780
v  -7.3034 -20.5441 17.6608
v  -6.2943 -10.2577 19.6145
v  -7.7422 -17.5894 17.6727
v  -8.0660 -9.7219 18.2799
v  -7.9572 -9.7206 18.5993
v  -7.8233 -9.7366 18.8468
v  -7.6979 -9.7602 19.0097
v  -7.4591 -9.8203 19.2169
v  -7.0572 -9.9519 19.4239
v  -6.7451 -10.0721 19.5226
v  -6.9756 -22.2275 17.6335
v  -5.8711 -9.3128 19.9935
v  -6.5446 -23.1296 17.6394
v  -6.1364 -23.8506 17.6408
v  -5.8348 -24.2894 17.6398
v  -5.5438 -24.6765 17.6384
v  -5.1585 -25.1044 17.6364
v  -4.7294 -25.5300 17.6342
v  -4.2574 -25.9312 17.6322
v  -3.8435 -26.2113 17.6309
v  -3.3048 -26.5267 17.6294
v  -2.7435 -26.7827 17.6283
v  -2.1703 -26.9898 17.6273
v  -1.5928 -27.1400 17.6266
v  -0.9868 -27.2481 17.6261
v  -0.4674 -27.2984 17.6258
v  -0.5563 -9.7401 20.4390
v  -1.1342 -9.7239 20.4290
v  -1.8378 -9.6733 20.4133
v  -2.4999 -9.6313 20.3821
v  -3.0272 -9.5717 20.3544
v  -3.4648 -9.5285 20.3220
v  -3.9098 -9.4889 20.2811
v  -4.3958 -9.4650 20.2224
v  -4.8754 -9.4182 20.1608
v  -8.0116 -11.2710 18.0982
v  -7.9421 -13.2189 17.9100
v  -7.8869 -11.3884 18.3373
v  -7.7485 -11.4901 18.5266
v  -7.7992 -13.4878 18.0724
v  -7.6521 -13.7002 18.1988
v  -7.5019 -13.8612 18.2893
v  -7.6201 -11.5641 18.6411
v  -7.6580 -16.5924 17.8000
v  -7.6064 -17.9696 17.7183
v  -7.4384 -17.0823 17.8859
v  -7.3850 -18.5767 17.7732
v  -7.3880 -11.6978 18.8092
v  -7.0043 -11.8971 18.9687
v  -7.2941 -14.0735 18.3959
v  -6.9408 -14.3690 18.4949
v  -6.6865 -12.0838 19.0413
v  -5.9043 -10.4203 19.6686
v  -6.2661 -12.3185 19.1015
v  -5.8871 -12.5210 19.1387
v  -6.6059 -14.6383 18.5519
v  -6.2212 -14.9243 18.5872
v  -5.8560 -15.1829 18.6051
v  -7.1373 -17.5865 17.9678
v  -7.0911 -19.1883 17.8252
v  -6.8193 -18.0085 18.0097
v  -7.0188 -21.2634 17.6833
v  -6.5154 -18.3822 18.0350
v  -6.1873 -18.7355 18.0438
v  -6.4979 -20.1169 17.8644
v  -6.1801 -20.5229 17.8672
v  -5.8461 -19.0731 18.0461
v  -5.8484 -20.9071 17.8659
v  -6.4620 -22.3260 17.6988
v  -6.1571 -22.7875 17.6989
v  -5.8372 -23.2203 17.6970
v  -5.4398 -10.6116 19.7171
v  -5.4408 -12.7522 19.1709
v  -4.9425 -10.8007 19.7491
v  -4.9507 -12.9810 19.1896
v  -5.4342 -15.4674 18.6175
v  -4.9541 -15.7505 18.6213
v  -4.4281 -10.9849 19.7757
v  -4.4460 -13.2009 19.2040
v  -4.4651 -16.0173 18.6225
v  -5.4642 -19.4256 18.0449
v  -5.4821 -21.2997 17.8619
v  -4.9995 -19.7863 18.0388
v  -5.0232 -21.7064 17.8546
v  -5.4900 -23.6509 17.6940
v  -5.0384 -24.1055 17.6894
v  -4.5309 -20.1178 18.0320
v  -4.5622 -22.0765 17.8472
v  -4.5870 -24.5145 17.6848
v  -3.9715 -11.1249 19.7945
v  -3.9925 -13.3689 19.2140
v  -3.5370 -11.2447 19.8105
v  -3.5599 -13.5127 19.2225
v  -4.0167 -16.2226 18.6228
v  -3.5889 -16.3971 18.6231
v  -2.9850 -11.3749 19.8279
v  -3.0081 -13.6687 19.2316
v  -3.0379 -16.5874 18.6233
v  -4.0880 -20.3756 18.0265
v  -4.1210 -22.3656 17.8414
v  -3.6626 -20.5944 18.0219
v  -3.6959 -22.6107 17.8364
v  -4.1483 -24.8357 17.6812
v  -3.7245 -25.1078 17.6782
v  -3.1085 -20.8331 18.0169
v  -3.1400 -22.8783 17.8311
v  -3.1674 -25.4049 17.6750
v  -2.4552 -11.4715 19.8409
v  -2.4769 -13.7848 19.2384
v  -2.5062 -16.7281 18.6235
v  -1.8496 -11.5636 19.8534
v  -1.8670 -13.8954 19.2449
v  -1.2711 -11.6217 19.8615
v  -1.2835 -13.9653 19.2490
v  -1.8904 -16.8630 18.6237
v  -1.3008 -16.9478 18.6239
v  -2.5722 -21.0088 18.0132
v  -2.6013 -23.0748 17.8272
v  -2.6269 -25.6228 17.6728
v  -1.9412 -21.1787 18.0096
v  -1.9634 -23.2657 17.8233
v  -1.3373 -21.2851 18.0073
v  -1.3531 -23.3850 17.8209
v  -2.0586 -25.8103 17.6710
v  -1.4803 -25.9425 17.6697
v  -0.6890 -11.6597 19.8668
v  -0.6958 -14.0110 19.2518
v  -0.7056 -17.0032 18.6240
v  -0.7258 -21.3545 18.0058
v  -0.7346 -23.4628 17.8193
v  -0.8522 -26.0384 17.6688
v  -7.8011 -16.3870 17.7160
v  -8.0904 -11.1728 17.8675
v  -8.0265 -13.0812 17.7741
v  -0.0019 -26.0801 17.6692
v  -0.0019 -17.0251 18.6246
v  -0.0019 -11.6893 19.8660
v  -0.0019 -9.7416 20.4434
v  8.1555 -9.7591 17.4117
v  8.1560 -9.7591 17.4571
v  8.1558 -9.7591 17.4974
v  8.1555 -9.7589 17.5434
v  8.1547 -9.7582 17.5976
v  8.1531 -9.7567 17.6581
v  8.1495 -9.7564 17.7286
v  8.1297 -9.7429 17.9110
v  8.1547 -9.7591 17.3664
v  8.1425 -11.1118 17.4121
v  8.1425 -11.1108 17.4556
v  8.1414 -11.1104 17.4978
v  8.1396 -11.1114 17.5433
v  8.1368 -11.1143 17.5955
v  8.1313 -11.1190 17.6540
v  8.1175 -11.1325 17.7361
v  8.0905 -11.1643 17.8531
v  8.0535 -11.2102 17.9789
v  8.1416 -11.1129 17.3675
v  8.1128 -13.0723 17.4584
v  8.1099 -13.0722 17.4982
v  8.1038 -13.0733 17.5424
v  8.0925 -13.0762 17.5948
v  8.0756 -13.0788 17.6525
v  8.0570 -13.0779 17.7036
v  7.9848 -13.1332 17.8421
v  8.1133 -13.0725 17.4137
v  8.0695 -14.8211 17.4151
v  8.0677 -14.8212 17.4598
v  8.0623 -14.8219 17.4981
v  8.0504 -14.8237 17.5395
v  8.0299 -14.8270 17.5869
v  8.0000 -14.8284 17.6395
v  7.9689 -14.8406 17.6832
v  8.0230 -13.0868 17.7741
v  8.1128 -13.0727 17.3690
v  8.0694 -14.8211 17.3703
v  7.8646 -16.3623 17.6710
v  8.0095 -16.3633 17.4163
v  8.0066 -16.3631 17.4606
v  7.9987 -16.3624 17.4976
v  7.9828 -16.3611 17.5362
v  7.9560 -16.3592 17.5786
v  7.9161 -16.3579 17.6254
v  8.0096 -16.3633 17.3716
v  7.9483 -17.5283 17.4177
v  7.9453 -17.5258 17.4624
v  7.9370 -17.5240 17.4972
v  7.9192 -17.5218 17.5325
v  7.8910 -17.5190 17.5696
v  7.8509 -17.5178 17.6088
v  7.8006 -17.5258 17.6449
v  7.7402 -17.5633 17.6741
v  7.9483 -17.5308 17.3725
v  7.8311 -18.9382 17.4175
v  7.8282 -18.9379 17.4609
v  7.8196 -18.9371 17.4953
v  7.8016 -18.9356 17.5286
v  7.7747 -18.9340 17.5617
v  7.7385 -18.9318 17.5947
v  7.6954 -18.9255 17.6228
v  7.6542 -18.9044 17.6397
v  7.8308 -18.9383 17.3736
v  7.6849 -20.0377 17.4187
v  7.6817 -20.0378 17.4624
v  7.6718 -20.0368 17.4965
v  7.6538 -20.0354 17.5296
v  7.6267 -20.0338 17.5627
v  7.5900 -20.0308 17.5949
v  7.5490 -20.0245 17.6191
v  7.5158 -20.0186 17.6288
v  7.6841 -20.0372 17.3745
v  7.4773 -21.1608 17.4623
v  7.4685 -21.1590 17.4968
v  7.4522 -21.1559 17.5306
v  7.4273 -21.1516 17.5644
v  7.3928 -21.1450 17.5957
v  7.3522 -21.1332 17.6164
v  7.4804 -21.1618 17.4191
v  7.3154 -21.1065 17.6253
v  7.4801 -21.1622 17.3754
v  7.1553 -22.4218 17.4199
v  7.1544 -22.4164 17.4634
v  7.1477 -22.4125 17.4984
v  7.1334 -22.4080 17.5329
v  7.1102 -22.4022 17.5670
v  7.0766 -22.3946 17.5963
v  7.0362 -22.3850 17.6132
v  7.0003 -22.3685 17.6215
v  7.1530 -22.4275 17.3762
v  6.7913 -23.4608 17.4222
v  6.7891 -23.4611 17.4670
v  6.7823 -23.4603 17.5005
v  6.7692 -23.4550 17.5344
v  6.7483 -23.4458 17.5675
v  6.7179 -23.4329 17.5941
v  6.6829 -23.4192 17.6080
v  6.6471 -23.4082 17.6151
v  6.7906 -23.4601 17.3770
v  6.4876 -24.1565 17.4219
v  6.4857 -24.1561 17.4661
v  6.4797 -24.1541 17.5005
v  6.4673 -24.1480 17.5349
v  6.4467 -24.1380 17.5678
v  6.4155 -24.1241 17.5932
v  6.3798 -24.1101 17.6059
v  6.3465 -24.0980 17.6115
v  6.4870 -24.1561 17.3775
v  6.1312 -24.8270 17.4216
v  6.1297 -24.8260 17.4650
v  6.1247 -24.8229 17.5004
v  6.1130 -24.8161 17.5352
v  6.0925 -24.8052 17.5679
v  6.0604 -24.7902 17.5922
v  6.0241 -24.7762 17.6040
v  5.9936 -24.7633 17.6083
v  6.1307 -24.8268 17.3780
v  5.8284 -25.3102 17.4665
v  5.8244 -25.3065 17.5013
v  5.8136 -25.2994 17.5358
v  5.7940 -25.2870 17.5676
v  5.7642 -25.2686 17.5906
v  5.7343 -25.2490 17.6018
v  5.7113 -25.2269 17.6059
v  5.8283 -25.3130 17.4224
v  5.8261 -25.3149 17.3781
v  5.5222 -25.7496 17.4230
v  5.5220 -25.7482 17.4672
v  5.5181 -25.7448 17.5020
v  5.5080 -25.7370 17.5363
v  5.4891 -25.7230 17.5675
v  5.4608 -25.7023 17.5897
v  5.4331 -25.6817 17.6004
v  5.4105 -25.6606 17.6042
v  5.5204 -25.7497 17.3787
v  5.0342 -26.3330 17.4233
v  5.0344 -26.3312 17.4674
v  5.0312 -26.3273 17.5023
v  5.0224 -26.3189 17.5366
v  5.0051 -26.3028 17.5675
v  4.9793 -26.2790 17.5891
v  4.9543 -26.2557 17.5992
v  4.9323 -26.2335 17.6026
v  5.0321 -26.3336 17.3791
v  4.5430 -26.8217 17.4229
v  4.5421 -26.8207 17.4663
v  4.5389 -26.8169 17.5018
v  4.5311 -26.8080 17.5364
v  4.5152 -26.7902 17.5672
v  4.4918 -26.7645 17.5888
v  4.4687 -26.7389 17.5986
v  4.4505 -26.7139 17.6016
v  4.5427 -26.8213 17.3793
v  4.1129 -27.1740 17.4666
v  4.1099 -27.1698 17.5020
v  4.1027 -27.1600 17.5363
v  4.0883 -27.1406 17.5669
v  4.0678 -27.1133 17.5886
v  4.0473 -27.0859 17.5982
v  4.0301 -27.0600 17.6010
v  4.1137 -27.1750 17.4232
v  4.1132 -27.1744 17.3798
v  3.6599 -27.4966 17.4235
v  3.6594 -27.4958 17.4669
v  3.6566 -27.4911 17.5023
v  3.6501 -27.4803 17.5365
v  3.6372 -27.4591 17.5669
v  3.6195 -27.4302 17.5886
v  3.6018 -27.4010 17.5979
v  3.5858 -27.3742 17.6006
v  3.6591 -27.4953 17.3800
v  3.0136 -27.8593 17.4238
v  3.0131 -27.8581 17.4671
v  3.0110 -27.8537 17.5026
v  3.0058 -27.8425 17.5367
v  2.9954 -27.8204 17.5672
v  2.9807 -27.7897 17.5887
v  2.9659 -27.7587 17.5978
v  2.9542 -27.7299 17.6002
v  3.0133 -27.8587 17.3803
v  2.4522 -28.0946 17.4674
v  2.4506 -28.0902 17.5029
v  2.4465 -28.0788 17.5372
v  2.4382 -28.0559 17.5678
v  2.4265 -28.0238 17.5890
v  2.4148 -27.9915 17.5978
v  2.4045 -27.9620 17.6000
v  2.4527 -28.0960 17.4240
v  2.4525 -28.0957 17.3804
v  1.7988 -28.3072 17.4677
v  1.7977 -28.3028 17.5034
v  1.7950 -28.2910 17.5378
v  1.7894 -28.2668 17.5684
v  1.7817 -28.2332 17.5895
v  1.7738 -28.1995 17.5979
v  1.7658 -28.1694 17.5998
v  1.7991 -28.3085 17.4242
v  1.7990 -28.3079 17.3806
v  1.2568 -28.4315 17.4244
v  1.2566 -28.4306 17.4680
v  1.2560 -28.4262 17.5037
v  1.2542 -28.4137 17.5381
v  1.2506 -28.3885 17.5686
v  1.2459 -28.3542 17.5897
v  1.2411 -28.3199 17.5980
v  1.2347 -28.2894 17.5998
v  1.2567 -28.4306 17.3807
v  0.6474 -28.5103 17.4244
v  0.6473 -28.5088 17.4680
v  0.6471 -28.5047 17.5037
v  0.6466 -28.4926 17.5382
v  0.6455 -28.4678 17.5689
v  0.6440 -28.4329 17.5898
v  0.6425 -28.3983 17.5980
v  0.6402 -28.3671 17.5997
v  0.6473 -28.5104 17.3807
v  -0.0019 -28.5421 17.4239
v  -0.0019 -28.5411 17.4671
v  -0.0019 -28.4963 17.5711
v  -0.0019 -28.4600 17.5912
v  -0.0019 -28.4243 17.5984
v  8.1015 -9.7326 18.0964
v  5.5570 -9.2954 20.0677
v  7.1029 -21.0000 17.6734
v  0.5064 -27.2936 17.6258
v  6.6711 -10.1007 19.5415
v  6.3729 -10.2248 19.6041
v  8.0626 -9.7219 18.2799
v  7.9847 -9.7194 18.5209
v  7.8867 -9.7241 18.7336
v  7.7613 -9.7472 18.9285
v  7.0820 -9.9411 19.4155
v  6.8770 -10.0146 19.4866
v  6.5615 -23.0866 17.6396
v  6.2801 -23.6176 17.6413
v  5.9896 -24.0785 17.6405
v  5.6116 -24.5902 17.6388
v  5.2480 -25.0179 17.6368
v  4.7859 -25.4656 17.6345
v  4.3306 -25.8639 17.6325
v  3.8491 -26.2050 17.6309
v  3.3672 -26.4896 17.6296
v  2.7845 -26.7758 17.6283
v  2.2554 -26.9652 17.6274
v  1.6077 -27.1329 17.6266
v  1.0393 -27.2401 17.6260
v  -0.0019 -23.4953 17.8192
v  0.7639 -9.7088 20.4417
v  1.4751 -9.6501 20.4346
v  2.0286 -9.6137 20.4195
v  2.4899 -9.5882 20.3956
v  2.9867 -9.5558 20.3608
v  3.4598 -9.5155 20.3258
v  3.9040 -9.4822 20.2833
v  4.1957 -9.4515 20.2539
v  4.6335 -9.4127 20.2022
v  5.0219 -9.3565 20.1544
v  8.0088 -11.2624 18.0979
v  7.9385 -13.2198 17.9105
v  7.9162 -11.3510 18.2822
v  7.8076 -11.4376 18.4485
v  7.8342 -13.4235 18.0319
v  7.7182 -13.6039 18.1433
v  7.4349 -17.0823 17.8864
v  7.6770 -11.5216 18.5991
v  7.5833 -13.7761 18.2461
v  7.6289 -17.8596 17.7132
v  7.2116 -18.8945 17.7961
v  7.5344 -11.5945 18.7233
v  7.3627 -11.7119 18.8245
v  7.1865 -11.8063 18.9040
v  7.0017 -11.8967 18.9689
v  6.8005 -12.0129 19.0200
v  7.4389 -13.9353 18.3310
v  7.2650 -14.0933 18.4094
v  7.0534 -14.2770 18.4744
v  6.8229 -14.4690 18.5218
v  6.5982 -12.1340 19.0568
v  6.0720 -10.3497 19.6508
v  6.3284 -12.2850 19.0968
v  6.0548 -12.4312 19.1272
v  6.5716 -14.6603 18.5583
v  6.2998 -14.8661 18.5846
v  6.0238 -15.0673 18.6004
v  7.1337 -17.5866 17.9683
v  6.8858 -19.5040 17.8390
v  6.8417 -17.9758 18.0073
v  6.8677 -21.5447 17.6879
v  6.5683 -18.3126 18.0306
v  6.2683 -18.6537 18.0440
v  6.5508 -20.0284 17.8611
v  6.2646 -20.4273 17.8694
v  6.0138 -18.9149 18.0472
v  6.0162 -20.7234 17.8681
v  6.5810 -22.0919 17.6959
v  6.2428 -22.6742 17.7002
v  6.0049 -23.0076 17.6985
v  5.5970 -10.5463 19.7028
v  5.5938 -12.6724 19.1614
v  5.1060 -10.7409 19.7408
v  5.1141 -12.9081 19.1846
v  5.5814 -15.3687 18.6147
v  5.1176 -15.6594 18.6212
v  4.5822 -10.9268 19.7675
v  4.6000 -13.1300 19.1995
v  4.6192 -15.9284 18.6224
v  5.6021 -19.3001 18.0463
v  5.6163 -21.1582 17.8638
v  5.1630 -19.6681 18.0415
v  5.1867 -21.5721 17.8574
v  5.6198 -23.4932 17.6953
v  5.2018 -23.9541 17.6911
v  4.6850 -20.0021 18.0347
v  4.7162 -21.9450 17.8499
v  4.7410 -24.3659 17.6865
v  4.0729 -11.0960 19.7910
v  4.0939 -13.3341 19.2123
v  4.1181 -16.1797 18.6231
v  3.5333 -11.2448 19.8108
v  3.5562 -13.5127 19.2228
v  3.1131 -11.3438 19.8240
v  3.1180 -13.6367 19.2300
v  3.5852 -16.3972 18.6233
v  3.1194 -16.5580 18.6235
v  4.1894 -20.3216 18.0279
v  4.2224 -22.3049 17.8426
v  4.2497 -24.7682 17.6820
v  3.6588 -20.5944 18.0221
v  3.6922 -22.6107 17.8364
v  3.1048 -20.8331 18.0170
v  3.1362 -22.8783 17.8313
v  3.7207 -25.1078 17.6782
v  3.2510 -25.3583 17.6755
v  2.6072 -11.4479 19.8379
v  2.6289 -13.7567 19.2370
v  2.6583 -16.6940 18.6237
v  2.0373 -11.5373 19.8499
v  2.0558 -13.8638 19.2432
v  2.0811 -16.8245 18.6238
v  2.7241 -20.9669 18.0142
v  2.7533 -23.0282 17.8283
v  2.7789 -25.5715 17.6733
v  2.1360 -21.1305 18.0107
v  2.1601 -23.2116 17.8246
v  2.1814 -25.7752 17.6713
v  1.4147 -11.6056 19.8593
v  1.4272 -13.9461 19.2480
v  0.7817 -11.6511 19.8671
v  0.8015 -14.0054 19.2515
v  1.4463 -16.9244 18.6239
v  0.8010 -16.9967 18.6238
v  1.4743 -21.2555 18.0080
v  1.4770 -23.3577 17.8216
v  0.8240 -21.3445 18.0061
v  0.8343 -23.4531 17.8195
v  1.5276 -25.9291 17.6698
v  0.9322 -26.0329 17.6686
v  -0.0019 -21.3886 18.0049
v  -8.1656 -8.9671 17.4143
v  -8.1656 -8.9675 17.4634
v  -8.1657 -8.9673 17.5043
v  -8.1658 -8.9673 17.5514
v  -8.1657 -8.9673 17.6061
v  -8.1652 -8.9673 17.6659
v  -8.1632 -8.9674 17.7351
v  -8.1655 -8.9664 17.3652
v  -8.1413 -8.9696 18.0127
v  -8.0940 -8.9763 18.3482
v  -8.0000 -8.9879 18.6810
v  -7.8788 -9.0030 18.9426
v  -7.7370 -9.0201 19.1563
v  -7.4868 -9.0494 19.3988
v  -7.0303 -9.0999 19.6696
v  -6.6851 -9.1361 19.8006
v  -6.2977 -9.1752 19.9195
v  -5.8636 -9.2157 20.0229
v  -5.4425 -9.2521 20.1060
v  -0.5105 -9.4770 20.5197
v  -1.0887 -9.4697 20.5076
v  -1.8378 -9.4530 20.4798
v  -2.4708 -9.4324 20.4443
v  -3.0420 -9.4081 20.4020
v  -3.4513 -9.3877 20.3656
v  -3.8708 -9.3643 20.3232
v  -4.3902 -9.3317 20.2628
v  -4.8631 -9.2979 20.1986
v  8.1622 -8.9669 17.4147
v  8.1622 -8.9669 17.4634
v  8.1622 -8.9669 17.5044
v  8.1622 -8.9669 17.5515
v  8.1620 -8.9669 17.6062
v  8.1613 -8.9670 17.6660
v  8.1598 -8.9671 17.7351
v  5.2261 -9.2693 20.1431
v  5.5451 -9.2430 20.0852
v  8.1469 -8.9687 17.9294
v  8.1257 -8.9716 18.1290
v  -0.0019 -9.4787 20.5231
v  8.0920 -8.9764 18.3449
v  8.0239 -8.9853 18.5978
v  7.9324 -8.9965 18.8338
v  7.8090 -9.0112 19.0533
v  7.6512 -9.0300 19.2510
v  7.4619 -9.0520 19.4196
v  7.2968 -9.0706 19.5321
v  7.1200 -9.0901 19.6258
v  6.9054 -9.1137 19.7218
v  6.6848 -9.1368 19.8028
v  6.3383 -9.1710 19.9086
v  5.9865 -9.2039 19.9958
v  0.7600 -9.4727 20.5132
v  1.4802 -9.4617 20.4946
v  2.0294 -9.4470 20.4697
v  2.4671 -9.4323 20.4443
v  2.9454 -9.4113 20.4079
v  3.4475 -9.3875 20.3654
v  3.8671 -9.3641 20.3231
v  4.1421 -9.3467 20.2924
v  4.3864 -9.3314 20.2624
v  4.6187 -9.3160 20.2332
v  4.8095 -9.3011 20.2056
v  5.0046 -9.2871 20.1778
v  -8.0155 -8.9712 17.4137
v  -8.0160 -8.9712 17.4622
v  -8.0157 -8.9712 17.5036
v  -8.0157 -8.9712 17.5509
v  -8.0158 -8.9711 17.6050
v  -8.0153 -8.9709 17.6632
v  -8.0135 -8.9706 17.7303
v  -7.9943 -8.9732 17.9985
v  -7.9481 -8.9802 18.3200
v  -7.8608 -8.9914 18.6322
v  -7.7509 -9.0035 18.8738
v  -7.6221 -9.0185 19.0672
v  -7.3945 -9.0450 19.2888
v  -6.9674 -9.0916 19.5412
v  -6.6380 -9.1262 19.6672
v  -6.2565 -9.1643 19.7838
v  -5.8292 -9.2035 19.8852
v  -5.4159 -9.2394 19.9670
v  -4.8376 -9.2846 20.0589
v  -4.3698 -9.3190 20.1221
v  -3.8483 -9.3509 20.1828
v  -3.4345 -9.3732 20.2245
v  -3.0308 -9.3934 20.2605
v  -2.4577 -9.4179 20.3028
v  -1.8301 -9.4380 20.3381
v  -1.0811 -9.4545 20.3657
v  -0.5052 -9.4618 20.3775
v  -0.0019 -9.4631 20.3807
v  0.7553 -9.4578 20.3712
v  1.5153 -9.4460 20.3515
v  2.0214 -9.4406 20.3277
v  2.4540 -9.4171 20.3028
v  2.9288 -9.3968 20.2669
v  3.4308 -9.3734 20.2245
v  3.8445 -9.3495 20.1828
v  4.1153 -9.3334 20.1524
v  4.3661 -9.3165 20.1221
v  4.5924 -9.3011 20.0928
v  4.7899 -9.2862 20.0658
v  4.9766 -9.2745 20.0385
v  5.1896 -9.2585 20.0050
v  5.5127 -9.2304 19.9483
v  5.9494 -9.1929 19.8587
v  6.2949 -9.1605 19.7725
v  6.6353 -9.1265 19.6686
v  6.8477 -9.1047 19.5909
v  7.0543 -9.0827 19.4989
v  7.2186 -9.0646 19.4118
v  7.3720 -9.0474 19.3078
v  7.5429 -9.0281 19.1546
v  7.6857 -9.0108 18.9748
v  7.7988 -8.9977 18.7719
v  7.8824 -8.9881 18.5538
v  7.9457 -8.9803 18.3151
v  7.9780 -8.9764 18.1108
v  7.9972 -8.9742 17.9173
v  8.0098 -8.9729 17.7303
v  8.0116 -8.9727 17.6632
v  8.0121 -8.9727 17.6050
v  8.0121 -8.9727 17.5509
v  8.0120 -8.9728 17.5036
v  8.0124 -8.9729 17.4622
v  8.0119 -8.9726 17.4140
v  8.0109 -8.9720 17.3658
v  -8.0146 -8.9712 17.3652
v  8.1622 -8.9670 17.3660
v  -8.1637 -8.9617 17.4143
v  -8.1600 -8.9577 17.4143
v  -8.1637 -8.9618 17.4634
v  -8.1597 -8.9575 17.4634
v  -8.1636 -8.9619 17.5043
v  -8.1596 -8.9576 17.5044
v  -8.1633 -8.9621 17.5515
v  -8.1594 -8.9578 17.5516
v  -8.1631 -8.9623 17.6062
v  -8.1593 -8.9579 17.6062
v  -8.1627 -8.9622 17.6659
v  -8.1589 -8.9578 17.6659
v  -8.1613 -8.9618 17.7351
v  -8.1572 -8.9576 17.7350
v  -8.1637 -8.9616 17.3652
v  -8.1603 -8.9580 17.3652
v  -8.1401 -8.9641 18.0121
v  -8.1363 -8.9601 18.0113
v  -8.0903 -8.9720 18.3482
v  -8.0873 -8.9678 18.3482
v  -7.9979 -8.9824 18.6810
v  -7.9943 -8.9781 18.6804
v  -7.8776 -8.9976 18.9427
v  -7.8749 -8.9933 18.9419
v  -7.7349 -9.0147 19.1559
v  -7.7323 -9.0105 19.1550
v  -7.4855 -9.0439 19.3988
v  -7.4833 -9.0396 19.3975
v  -7.0287 -9.0943 19.6698
v  -7.0265 -9.0902 19.6681
v  -6.6850 -9.1307 19.8000
v  -6.6844 -9.1268 19.7984
v  -6.2963 -9.1698 19.9191
v  -6.2948 -9.1657 19.9177
v  -5.8623 -9.2100 20.0221
v  -5.8609 -9.2059 20.0205
v  -5.4422 -9.2468 20.1044
v  -5.4419 -9.2431 20.1031
v  -0.5090 -9.4709 20.5193
v  -0.5077 -9.4662 20.5171
v  -1.0872 -9.4637 20.5071
v  -1.0858 -9.4590 20.5051
v  -1.8376 -9.4471 20.4792
v  -1.8374 -9.4425 20.4774
v  -2.4694 -9.4265 20.4436
v  -2.4681 -9.4220 20.4419
v  -3.0425 -9.4021 20.4013
v  -3.0428 -9.3976 20.3994
v  -3.4502 -9.3815 20.3651
v  -3.4491 -9.3770 20.3630
v  -3.8680 -9.3588 20.3228
v  -3.8655 -9.3544 20.3213
v  -4.3894 -9.3255 20.2617
v  -4.3886 -9.3209 20.2598
v  -4.8612 -9.2922 20.1977
v  -4.8596 -9.2879 20.1962
v  8.1600 -8.9610 17.4147
v  8.1552 -8.9569 17.4146
v  8.1598 -8.9610 17.4634
v  8.1548 -8.9568 17.4634
v  8.1595 -8.9611 17.5044
v  8.1545 -8.9569 17.5044
v  8.1593 -8.9613 17.5516
v  8.1544 -8.9570 17.5516
v  8.1591 -8.9615 17.6062
v  8.1543 -8.9571 17.6062
v  8.1587 -8.9614 17.6660
v  8.1539 -8.9571 17.6659
v  8.1573 -8.9612 17.7351
v  8.1523 -8.9569 17.7350
v  8.1556 -8.9571 17.3658
v  8.1602 -8.9612 17.3659
v  5.2207 -9.2644 20.1439
v  5.2160 -9.2602 20.1426
v  5.5425 -9.2371 20.0849
v  5.5398 -9.2312 20.0816
v  8.1448 -8.9624 17.9288
v  8.1395 -8.9583 17.9279
v  8.1237 -8.9657 18.1288
v  8.1193 -8.9616 18.1282
v  -0.0019 -9.4722 20.5230
v  -0.0019 -9.4676 20.5202
v  8.0885 -8.9711 18.3444
v  8.0849 -8.9667 18.3439
v  8.0215 -8.9795 18.5979
v  8.0178 -8.9749 18.5974
v  7.9300 -8.9905 18.8335
v  7.9267 -8.9863 18.8329
v  7.8065 -9.0052 19.0530
v  7.8035 -9.0013 19.0521
v  7.6497 -9.0238 19.2515
v  7.6466 -9.0196 19.2502
v  7.4605 -9.0456 19.4200
v  7.4568 -9.0401 19.4171
v  7.2950 -9.0647 19.5306
v  7.2919 -9.0592 19.5277
v  7.1180 -9.0846 19.6234
v  7.1160 -9.0795 19.6209
v  6.9037 -9.1079 19.7198
v  6.9018 -9.1026 19.7171
v  6.6835 -9.1308 19.8017
v  6.6816 -9.1252 19.7988
v  6.3371 -9.1650 19.9084
v  6.3353 -9.1598 19.9055
v  5.9851 -9.1979 19.9959
v  5.9834 -9.1930 19.9930
v  0.7586 -9.4667 20.5128
v  0.7576 -9.4623 20.5107
v  1.4807 -9.4556 20.4942
v  1.4810 -9.4510 20.4920
v  2.0293 -9.4409 20.4695
v  2.0291 -9.4363 20.4672
v  2.4657 -9.4262 20.4437
v  2.4644 -9.4217 20.4418
v  2.9430 -9.4056 20.4079
v  2.9408 -9.4011 20.4060
v  3.4464 -9.3818 20.3653
v  3.4453 -9.3773 20.3635
v  3.8643 -9.3585 20.3230
v  3.8617 -9.3541 20.3213
v  4.1381 -9.3415 20.2928
v  4.1344 -9.3374 20.2910
v  4.3857 -9.3256 20.2620
v  4.3849 -9.3211 20.2602
v  4.6159 -9.3099 20.2332
v  4.6132 -9.3052 20.2312
v  4.8102 -9.2954 20.2054
v  4.8105 -9.2911 20.2034
v  5.0020 -9.2815 20.1768
v  4.9998 -9.2773 20.1754
v  -8.1551 -8.9560 17.4143
v  -8.1548 -8.9558 17.4634
v  -8.1547 -8.9556 17.5044
v  -8.1548 -8.9556 17.5516
v  -8.1547 -8.9556 17.6062
v  -8.1540 -8.9556 17.6659
v  -8.1521 -8.9558 17.7349
v  -8.1555 -8.9563 17.3652
v  -8.1305 -8.9584 18.0107
v  -8.0812 -8.9641 18.3472
v  -7.9884 -8.9755 18.6785
v  -7.8696 -8.9901 18.9393
v  -7.7278 -9.0072 19.1519
v  -7.4796 -9.0361 19.3936
v  -7.0238 -9.0868 19.6637
v  -6.6827 -9.1231 19.7941
v  -6.2930 -9.1619 19.9134
v  -5.8594 -9.2021 20.0162
v  -5.4409 -9.2388 20.0992
v  -0.5072 -9.4624 20.5121
v  -1.0852 -9.4552 20.5002
v  -1.8371 -9.4386 20.4725
v  -2.4673 -9.4180 20.4371
v  -3.0424 -9.3937 20.3946
v  -3.4482 -9.3734 20.3583
v  -3.8640 -9.3504 20.3165
v  -4.3877 -9.3173 20.2553
v  -4.8582 -9.2840 20.1918
v  8.1483 -8.9560 17.4146
v  8.1479 -8.9560 17.4634
v  8.1478 -8.9560 17.5044
v  8.1478 -8.9560 17.5516
v  8.1478 -8.9559 17.6062
v  8.1473 -8.9559 17.6658
v  8.1455 -8.9561 17.7348
v  5.2134 -9.2564 20.1376
v  5.5375 -9.2285 20.0731
v  8.1327 -8.9576 17.9273
v  8.1128 -8.9601 18.1274
v  -0.0019 -9.4645 20.5151
v  8.0786 -8.9640 18.3427
v  8.0115 -8.9723 18.5956
v  7.9211 -8.9835 18.8306
v  7.7987 -8.9983 19.0494
v  7.6421 -9.0167 19.2466
v  7.4516 -9.0382 19.4109
v  7.2882 -9.0567 19.5229
v  7.1135 -9.0761 19.6167
v  6.8992 -9.0991 19.7116
v  6.6787 -9.1220 19.7915
v  6.3327 -9.1567 19.8986
v  5.9814 -9.1898 19.9867
v  0.7571 -9.4585 20.5057
v  1.4809 -9.4472 20.4870
v  2.0288 -9.4326 20.4622
v  2.4636 -9.4179 20.4370
v  2.9397 -9.3974 20.4010
v  3.4444 -9.3734 20.3585
v  3.8603 -9.3503 20.3165
v  4.1325 -9.3336 20.2860
v  4.3839 -9.3173 20.2555
v  4.6116 -9.3015 20.2261
v  4.8098 -9.2875 20.1988
v  4.9983 -9.2734 20.1712
v  8.1489 -8.9560 17.3658
v  7.2962 -9.0847 19.5287
v  7.4615 -9.0632 19.4170
v  7.6508 -9.0401 19.2488
v  7.1191 -9.1086 19.6213
v  7.8082 -9.0241 19.0511
v  6.6844 -9.1653 19.7951
v  6.9048 -9.1378 19.7155
v  5.9883 -9.2281 19.9885
v  6.3331 -9.1960 19.9027
v  7.9315 -9.0106 18.8319
v  8.0230 -9.0010 18.5964
v  8.0910 -8.9961 18.3444
v  8.1252 -8.9931 18.1273
v  8.1464 -8.9907 17.9292
v  8.1595 -8.9898 17.7350
v  8.1611 -8.9896 17.6657
v  8.1617 -8.9897 17.6060
v  8.1620 -8.9897 17.5513
v  8.1620 -8.9897 17.5042
v  8.1620 -8.9897 17.4633
v  8.1620 -8.9898 17.4146
v  8.1619 -8.9898 17.3660
v  -6.3043 -9.2579 19.8945
v  -7.0331 -9.1428 19.6566
v  -6.6798 -9.1938 19.7863
v  -7.4857 -9.0787 19.3919
v  -7.7356 -9.0468 19.1510
v  -7.8770 -9.0268 18.9395
v  -7.9986 -9.0119 18.6783
v  -8.0930 -9.0017 18.3458
v  -8.1406 -8.9918 18.0127
v  -8.1629 -8.9869 17.7349
v  -8.1650 -8.9869 17.6657
v  -8.1655 -8.9869 17.6059
v  -8.1656 -8.9869 17.5512
v  -8.1655 -8.9869 17.5041
v  -8.1655 -8.9871 17.4632
v  -8.1654 -8.9867 17.4142
v  -8.1654 -8.9860 17.3652
v  -6.1872 -16.8171 18.2871
v  -5.8397 -17.1001 18.2970
v  -5.4387 -17.4078 18.3030
v  -4.9670 -17.7173 18.3024
v  -4.4891 -18.0051 18.3000
v  -4.0443 -18.2282 18.2975
v  -3.6183 -18.4179 18.2953
v  -3.0676 -18.6244 18.2929
v  -2.5337 -18.7777 18.2911
v  -1.9125 -18.9246 18.2894
v  -1.3165 -19.0174 18.2883
v  -0.7176 -19.0775 18.2877
v  -0.0019 -19.1016 18.2876
v  0.8263 -19.0697 18.2878
v  1.4836 -18.9884 18.2888
v  2.1045 -18.8828 18.2901
v  2.6856 -18.7409 18.2918
v  3.1125 -18.6062 18.2933
v  3.6146 -18.4179 18.2955
v  4.1457 -18.1814 18.2983
v  4.6432 -17.9068 18.3011
v  5.1305 -17.6166 18.3036
v  5.5812 -17.2999 18.3021
v  6.0075 -16.9686 18.2950
v  6.2431 -16.7670 18.2885
v  6.5359 -16.5054 18.2683
v  -6.8826 -16.1795 18.2254
v  -6.5506 -16.4894 18.2686
v  6.7809 -16.2883 18.2423
v  6.9878 -16.0840 18.2115
v  7.1827 -15.8712 18.1654
v  -7.3807 -15.6238 18.0898
v  -7.1853 -15.8495 18.1640
v  7.3610 -15.6600 18.1002
v  7.4665 -15.5275 18.0551
v  7.6133 -15.3477 17.9713
v  7.7501 -15.1656 17.8765
v  7.8668 -14.9777 17.7842
v  7.9309 -14.8672 17.7268
v  -7.5450 -15.4177 18.0197
v  -7.7141 -15.2259 17.9096
v  -7.8714 -14.9758 17.7829
v  7.2614 -9.8978 19.3370
v  7.4318 -9.8596 19.2388
v  7.6163 -9.7959 19.0933
v  6.8813 -22.3259 17.6406
v  7.6814 -16.6915 17.7840
v  7.7925 -16.4962 17.7195
v  7.9290 -14.8205 16.4632
v  7.8619 -16.3516 16.4644
v  7.7897 -17.5229 16.4653
v  7.6543 -18.9298 16.4664
v  7.5023 -20.0107 16.4672
v  7.2864 -21.1151 16.4681
v  6.9471 -22.3600 16.4690
v  6.5774 -23.3675 16.4698
v  6.1251 -24.3106 16.4705
v  5.9063 -24.7019 16.4708
v  5.6053 -25.1658 16.4711
v  5.3012 -25.5840 16.4714
v  4.8196 -26.1432 16.4718
v  4.3469 -26.6012 16.4722
v  3.9314 -26.9356 16.4724
v  3.4865 -27.2429 16.4727
v  2.8794 -27.5764 16.4729
v  2.3387 -27.8018 16.4730
v  1.7126 -28.0003 16.4732
v  1.1971 -28.1143 16.4732
v  0.6440 -28.1826 16.4733
v  7.9787 -13.0714 16.4619
v  8.0133 -11.1142 16.4603
v  7.8683 -9.0024 16.4584
v  8.0402 -8.9680 16.4699
v  8.0405 -8.9703 16.4635
v  8.1117 -13.0707 17.3696
v  8.0682 -14.8205 17.3710
v  8.0089 -16.3530 17.3722
v  7.9475 -17.5215 17.3731
v  7.8267 -18.9351 17.3742
v  7.6850 -20.0358 17.3750
v  7.4790 -21.1602 17.3760
v  7.1519 -22.4255 17.3768
v  6.7895 -23.4580 17.3776
v  6.3527 -24.4103 17.3783
v  6.1287 -24.8275 17.3786
v  5.8266 -25.3109 17.3787
v  5.5188 -25.7497 17.3793
v  5.0317 -26.3327 17.3797
v  4.5416 -26.8193 17.3799
v  4.1121 -27.1724 17.3804
v  3.6580 -27.4933 17.3806
v  3.0122 -27.8567 17.3809
v  2.4540 -28.0938 17.3810
v  1.7979 -28.3059 17.3812
v  1.2556 -28.4286 17.3813
v  0.6461 -28.5056 17.3813
v  8.1405 -11.1109 17.3681
v  8.1611 -8.9650 17.3666
v  8.0098 -8.9700 17.3664
v  8.1478 -8.9540 17.3664
v  8.1591 -8.9592 17.3666
v  8.1545 -8.9551 17.3664
v  7.7476 -14.8205 16.4628
v  7.6796 -16.3521 16.4639
v  7.6080 -17.5231 16.4647
v  7.4716 -18.9229 16.4658
v  7.3238 -19.9885 16.4667
v  7.1063 -21.0761 16.4675
v  6.7713 -22.3043 16.4684
v  6.4079 -23.2959 16.4692
v  5.9611 -24.2244 16.4699
v  5.7459 -24.6113 16.4703
v  5.4506 -25.0641 16.4706
v  5.1546 -25.4706 16.4710
v  4.6816 -26.0216 16.4714
v  4.2268 -26.4617 16.4718
v  3.8209 -26.7860 16.4722
v  3.3919 -27.0863 16.4727
v  2.7960 -27.4127 16.4722
v  2.2755 -27.6289 16.4724
v  1.6595 -27.8250 16.4726
v  1.1637 -27.9351 16.4727
v  0.6459 -27.9999 16.4736
v  -0.0030 -28.0368 16.4735
v  7.7963 -13.0714 16.4604
v  7.8335 -11.1142 16.4600
v  -0.0030 -28.2194 16.4733
v  8.0416 -8.9798 16.4587
v  8.0411 -8.9748 16.4598
v  7.9438 -14.8205 16.4714
v  7.8777 -16.3515 16.4731
v  7.8050 -17.5227 16.4737
v  7.6681 -18.9302 16.4741
v  7.5164 -20.0124 16.4747
v  7.3007 -21.1182 16.4757
v  6.9599 -22.3640 16.4756
v  6.5905 -23.3730 16.4765
v  6.1378 -24.3172 16.4769
v  5.9187 -24.7090 16.4771
v  5.6168 -25.1734 16.4774
v  5.3122 -25.5925 16.4781
v  4.8298 -26.1522 16.4783
v  4.3556 -26.6112 16.4789
v  3.9392 -26.9461 16.4793
v  3.4935 -27.2543 16.4799
v  2.8858 -27.5891 16.4799
v  2.3435 -27.8147 16.4791
v  1.7168 -28.0143 16.4796
v  1.1999 -28.1294 16.4798
v  0.6439 -28.1985 16.4788
v  -0.0030 -28.2335 16.4793
v  7.9946 -13.0714 16.4703
v  8.0313 -11.1142 16.4699
v  8.0589 -8.9790 16.4689
v  7.8685 -8.9947 16.4599
v  7.8685 -8.9901 16.4644
v  8.0471 -8.9672 16.4731
v  8.0571 -8.9727 16.4693
v  8.0528 -8.9684 16.4712
v  -7.9340 -14.8456 16.4627
v  -7.8665 -16.3601 16.4638
v  -7.7945 -17.5562 16.4648
v  -7.6659 -18.9088 16.4659
v  -7.5056 -20.0107 16.4667
v  -7.2832 -21.1455 16.4676
v  -6.9363 -22.4103 16.4686
v  -6.5834 -23.3676 16.4693
v  -6.1342 -24.3107 16.4701
v  -5.8978 -24.7232 16.4704
v  -5.5963 -25.1902 16.4708
v  -5.2693 -25.6306 16.4711
v  -4.8026 -26.1640 16.4715
v  -4.3749 -26.5808 16.4719
v  -3.9373 -26.9356 16.4722
v  -3.4925 -27.2430 16.4724
v  -2.8853 -27.5764 16.4727
v  -2.3233 -27.8120 16.4729
v  -1.7185 -28.0003 16.4730
v  -1.2030 -28.1143 16.4732
v  -0.6303 -28.1872 16.4732
v  -8.0193 -11.1142 16.4598
v  -7.8743 -9.0024 16.4584
v  -8.0461 -8.9680 16.4699
v  -8.0464 -8.9700 16.4633
v  -8.0727 -14.8456 17.3706
v  -8.0131 -16.3615 17.3717
v  -7.9518 -17.5555 17.3726
v  -7.8363 -18.9205 17.3737
v  -7.6882 -20.0359 17.3747
v  -7.4770 -21.1902 17.3755
v  -7.1417 -22.4758 17.3765
v  -6.7978 -23.4529 17.3773
v  -6.3535 -24.4254 17.3780
v  -6.1203 -24.8484 17.3783
v  -5.8140 -25.3407 17.3787
v  -5.4877 -25.7963 17.3791
v  -5.0147 -26.3536 17.3795
v  -4.5690 -26.7979 17.3798
v  -4.1175 -27.1717 17.3801
v  -3.6634 -27.4924 17.3804
v  -3.0176 -27.8556 17.3807
v  -2.4306 -28.1056 17.3809
v  -1.8033 -28.3041 17.3811
v  -1.2611 -28.4266 17.3812
v  -0.6308 -28.5080 17.3814
v  -0.0030 -28.5392 17.3813
v  -8.1181 -13.0706 17.3688
v  -8.1478 -11.1096 17.3676
v  -8.1666 -8.9644 17.3659
v  -8.0157 -8.9692 17.3658
v  -8.1566 -8.9543 17.3658
v  -8.1648 -8.9596 17.3658
v  -8.1614 -8.9560 17.3658
v  -7.8022 -13.0714 16.4604
v  -7.7525 -14.8456 16.4628
v  -7.6846 -16.3606 16.4639
v  -7.6123 -17.5563 16.4648
v  -7.4826 -18.8955 16.4658
v  -7.3274 -19.9884 16.4666
v  -7.1041 -21.1033 16.4675
v  -6.7606 -22.3547 16.4685
v  -6.4138 -23.2959 16.4692
v  -5.9713 -24.2215 16.4699
v  -5.7375 -24.6326 16.4703
v  -5.4431 -25.0869 16.4706
v  -5.1226 -25.5171 16.4710
v  -4.6649 -26.0423 16.4714
v  -4.2548 -26.4411 16.4718
v  -3.8268 -26.7860 16.4722
v  -3.3979 -27.0863 16.4727
v  -2.8020 -27.4127 16.4722
v  -2.2667 -27.6369 16.4724
v  -1.6654 -27.8250 16.5036
v  -1.1696 -27.9351 16.4896
v  -0.6321 -28.0046 16.4790
v  -7.8394 -11.1142 16.4600
v  -7.9848 -13.0714 16.4613
v  -8.0476 -8.9797 16.4581
v  -8.0471 -8.9746 16.4593
v  -8.0007 -13.0714 16.4701
v  -7.9489 -14.8455 16.4712
v  -7.8824 -16.3600 16.4731
v  -7.8098 -17.5562 16.4736
v  -7.6795 -18.9095 16.4737
v  -7.5197 -20.0124 16.4745
v  -7.2974 -21.1488 16.4753
v  -6.9491 -22.4144 16.4755
v  -6.5966 -23.3731 16.4763
v  -6.1469 -24.3175 16.4769
v  -5.9103 -24.7304 16.4769
v  -5.6077 -25.1979 16.4772
v  -5.2803 -25.6391 16.4779
v  -4.8129 -26.1731 16.4782
v  -4.3836 -26.5909 16.4788
v  -3.9452 -26.9462 16.4792
v  -3.4995 -27.2544 16.4798
v  -2.8918 -27.5891 16.4798
v  -2.3276 -27.8250 16.4790
v  -1.7227 -28.0144 16.4795
v  -1.2058 -28.1295 16.4798
v  -0.6302 -28.2033 16.4788
v  -8.0374 -11.1142 16.4698
v  -8.0651 -8.9790 16.4688
v  -7.8744 -8.9947 16.4599
v  -7.8744 -8.9901 16.4644
v  -8.0530 -8.9672 16.4730
v  -8.0632 -8.9726 16.4692
v  -8.0588 -8.9682 16.4712
v  7.9488 -14.8205 16.4887
v  7.8827 -16.3516 16.4898
v  7.8095 -17.5226 16.4910
v  7.6737 -18.9304 16.4913
v  7.5233 -20.0135 16.4918
v  7.3065 -21.1195 16.4920
v  6.9664 -22.3661 16.4928
v  6.5966 -23.3755 16.4930
v  6.1436 -24.3202 16.4939
v  5.9242 -24.7120 16.4940
v  5.6223 -25.1770 16.4935
v  5.3175 -25.5966 16.4941
v  4.8353 -26.1572 16.4944
v  4.3610 -26.6173 16.4948
v  3.9432 -26.9515 16.4959
v  3.4976 -27.2604 16.4954
v  2.8890 -27.5957 16.4960
v  2.3466 -27.8225 16.4945
v  1.7188 -28.0215 16.4953
v  1.2014 -28.1373 16.4954
v  0.6438 -28.2053 16.4951
v  -0.0030 -28.2410 16.4957
v  8.0005 -13.0714 16.4877
v  8.0355 -11.1141 16.4867
v  8.0622 -8.9787 16.4846
v  7.8681 -8.9886 16.4810
v  8.0490 -8.9669 16.4859
v  8.0603 -8.9722 16.4845
v  8.0554 -8.9679 16.4850
v  -8.0063 -13.0714 16.4877
v  -7.9541 -14.8456 16.4887
v  -7.8870 -16.3601 16.4898
v  -7.8153 -17.5562 16.4907
v  -7.6852 -18.9100 16.4910
v  -7.5254 -20.0132 16.4922
v  -7.3027 -21.1500 16.4922
v  -6.9556 -22.4165 16.4928
v  -6.6024 -23.3754 16.4930
v  -6.1528 -24.3206 16.4937
v  -5.9158 -24.7335 16.4939
v  -5.6125 -25.2012 16.4937
v  -5.2853 -25.6428 16.4943
v  -4.8183 -26.1779 16.4944
v  -4.3889 -26.5968 16.4947
v  -3.9503 -26.9529 16.4949
v  -3.5039 -27.2609 16.4951
v  -2.8954 -27.5966 16.4954
v  -2.3300 -27.8316 16.4950
v  -1.7247 -28.0214 16.4953
v  -1.2072 -28.1370 16.4956
v  -0.6301 -28.2094 16.4954
v  -8.0419 -11.1142 16.4866
v  -8.0682 -8.9787 16.4846
v  -7.8741 -8.9886 16.4810
v  -8.0550 -8.9669 16.4859
v  -8.0662 -8.9722 16.4845
v  -8.0613 -8.9679 16.4850
v  7.9476 -14.8205 16.4792
v  7.9986 -13.0714 16.4782
v  -0.0030 -28.2380 16.4867
v  -8.0048 -13.0714 16.4780
v  -7.9528 -14.8455 16.4791
v  -7.8857 -16.3600 16.4807
v  -7.8138 -17.5562 16.4813
v  -7.6832 -18.9098 16.4817
v  -7.5240 -20.0130 16.4824
v  -7.3010 -21.1497 16.4830
v  -6.9536 -22.4158 16.4832
v  -6.6006 -23.3748 16.4838
v  -6.1509 -24.3196 16.4843
v  -5.9139 -24.7323 16.4846
v  -5.6112 -25.2003 16.4845
v  -5.2832 -25.6413 16.4855
v  -4.8163 -26.1760 16.4855
v  -4.3871 -26.5948 16.4858
v  -3.9486 -26.9507 16.4861
v  -3.5023 -27.2586 16.4866
v  -2.8942 -27.5940 16.4866
v  -2.3291 -27.8291 16.4862
v  -1.7239 -28.0186 16.4867
v  -1.2067 -28.1342 16.4868
v  -8.0549 -8.9670 16.4788
v  -0.6300 -28.2066 16.4864
v  -8.0407 -11.1141 16.4774
v  -8.0608 -8.9682 16.4776
v  -8.0672 -8.9788 16.4761
v  -8.0654 -8.9725 16.4763
v  7.8811 -16.3515 16.4807
v  7.8084 -17.5226 16.4816
v  7.6721 -18.9304 16.4819
v  7.5201 -20.0129 16.4827
v  7.3042 -21.1190 16.4832
v  6.9642 -22.3654 16.4834
v  6.5944 -23.3746 16.4839
v  6.1417 -24.3192 16.4845
v  5.9225 -24.7111 16.4846
v  5.6203 -25.1757 16.4846
v  5.3153 -25.5949 16.4854
v  4.8331 -26.1551 16.4856
v  4.3589 -26.6150 16.4860
v  3.9415 -26.9492 16.4870
v  3.4960 -27.2581 16.4869
v  2.8878 -27.5931 16.4872
v  2.3454 -27.8195 16.4860
v  1.7180 -28.0187 16.4866
v  1.2008 -28.1345 16.4867
v  0.6438 -28.2025 16.4861
v  8.0347 -11.1142 16.4775
v  8.0613 -8.9789 16.4761
v  8.0490 -8.9670 16.4788
v  8.0595 -8.9725 16.4763
v  8.0549 -8.9682 16.4776
v  -0.0030 -28.2272 16.4749
v  8.0518 -8.9791 16.4615
v  8.0504 -8.9734 16.4625
v  7.9374 -14.8205 16.4657
v  7.8709 -16.3515 16.4669
v  7.7985 -17.5228 16.4678
v  7.6621 -18.9300 16.4689
v  7.5102 -20.0117 16.4695
v  7.2944 -21.1168 16.4703
v  6.9542 -22.3622 16.4711
v  6.5846 -23.3706 16.4717
v  6.1322 -24.3143 16.4723
v  5.9132 -24.7058 16.4725
v  5.6116 -25.1700 16.4729
v  5.3073 -25.5887 16.4734
v  4.8252 -26.1482 16.4738
v  4.3516 -26.6067 16.4743
v  3.9357 -26.9414 16.4747
v  3.4904 -27.2492 16.4750
v  2.8830 -27.5834 16.4749
v  2.3413 -27.8089 16.4747
v  1.7149 -28.0081 16.4749
v  1.1986 -28.1227 16.4749
v  0.6439 -28.1914 16.4744
v  7.9878 -13.0714 16.4642
v  8.0238 -11.1142 16.4627
v  8.0440 -8.9675 16.4711
v  8.0476 -8.9690 16.4660
v  -7.9939 -13.0714 16.4638
v  -8.0579 -8.9791 16.4611
v  -8.0565 -8.9732 16.4622
v  -7.9425 -14.8455 16.4653
v  -7.8756 -16.3601 16.4665
v  -7.8032 -17.5562 16.4674
v  -7.6736 -18.9092 16.4684
v  -7.5135 -20.0117 16.4691
v  -7.2912 -21.1474 16.4699
v  -6.9434 -22.4126 16.4707
v  -6.5907 -23.3707 16.4714
v  -6.1413 -24.3145 16.4720
v  -5.9048 -24.7272 16.4722
v  -5.6026 -25.1944 16.4727
v  -5.2754 -25.6353 16.4731
v  -4.8083 -26.1690 16.4735
v  -4.3797 -26.5864 16.4740
v  -3.9416 -26.9415 16.4744
v  -3.4963 -27.2493 16.4748
v  -2.8889 -27.5834 16.4748
v  -2.3256 -27.8191 16.4746
v  -1.7208 -28.0080 16.4747
v  -1.2046 -28.1227 16.4748
v  -0.6303 -28.1961 16.4744
v  -8.0299 -11.1142 16.4623
v  -8.0500 -8.9675 16.4711
v  -8.0535 -8.9688 16.4659
v  -0.0019 -1.1872 21.0386
v  1.0749 -1.1874 21.0380
v  2.1482 -1.1878 21.0362
v  3.2237 -1.1885 21.0329
v  4.2988 -1.1895 21.0279
v  5.0156 -1.1995 21.0202
v  5.7309 -1.2186 20.9876
v  6.0868 -1.2456 20.9549
v  6.4388 -1.2896 20.9062
v  7.1165 -1.4490 20.7355
v  8.1702 -7.7949 17.7929
v  7.7432 -8.9258 17.7611
v  7.4161 -1.5878 20.6009
v  7.6679 -1.7759 20.4307
v  7.8577 -2.0053 20.2331
v  7.9933 -2.2623 20.0231
v  8.0861 -2.5359 19.8111
v  8.1547 -2.8732 19.5698
v  8.2122 -3.4178 19.2124
v  8.2268 -4.0425 18.8616
v  8.2203 -4.6913 18.5575
v  8.2009 -5.6961 18.1909
v  8.1829 -6.7347 17.9353
v  7.7432 -8.9258 18.3680
v  7.7381 -8.9264 18.4910
v  7.6715 -8.9343 18.7899
v  7.5722 -8.9460 18.9945
v  7.4609 -8.9589 19.1408
v  7.3675 -8.9696 19.2289
v  7.1548 -8.9933 19.3777
v  7.0395 -9.0059 19.4411
v  6.7990 -9.0316 19.5491
v  6.2116 -9.0904 19.7381
v  5.6073 -9.1453 19.8761
v  4.8357 -9.2072 20.0056
v  3.8898 -9.2705 20.1250
v  2.9097 -9.3216 20.2175
v  1.4498 -9.3704 20.3018
v  -0.0019 -9.3866 20.3280
v  1.4677 -2.2899 21.2731
v  2.9313 -2.2588 21.2437
v  4.3834 -2.2075 21.1946
v  5.8200 -2.1695 21.0923
v  6.5199 -2.2020 20.9715
v  7.1801 -2.3180 20.7559
v  7.4597 -3.3861 20.5900
v  7.1748 -3.3045 20.7615
v  8.1884 -6.5177 18.3221
v  8.1329 -7.6329 18.4669
v  8.1687 -6.1715 18.6891
v  7.6959 -3.5082 20.3807
v  7.8744 -3.6661 20.1436
v  8.0020 -3.8487 19.8937
v  8.1476 -4.2603 19.3889
v  8.2027 -4.7075 18.9051
v  8.2088 -5.0690 18.5589
v  8.0573 -7.4569 18.9054
v  7.8996 -7.3101 19.3584
v  7.7727 -7.2550 19.5820
v  7.6019 -7.2191 19.7941
v  7.3814 -7.2108 19.9825
v  7.1186 -7.2323 20.1390
v  6.5197 -7.3448 20.3658
v  5.8735 -7.5082 20.5114
v  4.5001 -7.8673 20.6737
v  3.0475 -8.1571 20.7693
v  1.5370 -8.3325 20.8263
v  8.1054 -5.8657 19.1816
v  7.9553 -5.5919 19.6913
v  7.9801 -4.7211 19.8146
v  7.8287 -5.4756 19.9429
v  7.8532 -4.5720 20.0697
v  7.6770 -4.4462 20.3118
v  7.6546 -5.3811 20.1818
v  7.4450 -4.3541 20.5265
v  7.4266 -5.3182 20.3944
v  7.1658 -4.2996 20.7042
v  7.1531 -5.2904 20.5711
v  6.5271 -3.2359 21.0028
v  6.5305 -4.2788 20.9602
v  6.5300 -5.3163 20.8282
v  5.8378 -3.2442 21.1496
v  5.8519 -4.3281 21.1228
v  5.8622 -5.4057 20.9945
v  6.5261 -6.3396 20.6206
v  7.1370 -6.2691 20.3744
v  5.8692 -6.4671 20.7801
v  4.4129 -3.3489 21.2994
v  4.4393 -4.5000 21.3018
v  2.9591 -3.4497 21.3834
v  4.4623 -5.6433 21.1821
v  2.9845 -4.6507 21.4070
v  3.0076 -5.8429 21.2937
v  1.4840 -3.5107 21.4337
v  1.4990 -4.7419 21.4698
v  1.5128 -5.9637 21.3603
v  4.4824 -6.7674 20.9604
v  3.0284 -7.0136 21.0677
v  1.5254 -7.1625 21.1315
v  -0.0019 -7.2109 21.1527
v  -0.0019 -1.1066 21.0083
v  6.7842 -1.3539 20.8349
v  -0.0019 -1.0133 20.8906
v  4.2945 -1.0409 20.9430
v  4.2932 -1.1064 21.0011
v  5.0144 -1.1111 20.9938
v  5.7347 -1.1359 20.9645
v  6.4372 -1.2070 20.8844
v  6.8064 -1.2742 20.8105
v  7.4362 -1.5003 20.5713
v  4.3094 -1.0055 20.8565
v  5.0321 -1.0084 20.8454
v  5.7538 -1.0332 20.8161
v  6.4619 -1.1050 20.7366
v  6.8312 -1.1743 20.6593
v  7.4388 -1.3942 20.4173
v  7.4436 -1.4319 20.5120
v  8.2187 -4.5733 18.3801
v  8.2324 -3.7569 18.7805
v  8.1214 -2.4041 19.6558
v  8.0366 -2.1273 19.8757
v  7.8986 -1.8567 20.1065
v  7.7126 -1.6293 20.3169
v  6.8222 -1.2084 20.7513
v  6.4499 -1.1399 20.8256
v  5.7391 -1.0671 20.9062
v  5.0171 -1.0431 20.9351
v  -0.0019 -1.0471 20.9553
v  8.1836 -2.7634 19.4005
v  8.2223 -3.2607 19.0748
v  3.2199 -1.1084 21.0051
v  3.2161 -1.0446 20.9496
v  3.2125 -1.0088 20.8740
v  1.0731 -1.1073 21.0080
v  1.0687 -1.0460 20.9533
v  1.0625 -1.0112 20.8838
v  2.1482 -1.1080 21.0071
v  2.1456 -1.0457 20.9520
v  2.1402 -1.0106 20.8810
v  8.1619 -7.7682 17.5919
v  8.1779 -6.6805 17.7339
v  8.1962 -5.6151 17.9951
v  7.7432 -8.9259 17.5675
v  7.6975 -1.6082 20.1840
v  7.8887 -1.8237 19.9760
v  8.0312 -2.0739 19.7573
v  8.1159 -2.3482 19.5366
v  8.1770 -2.6931 19.2867
v  8.2129 -3.1818 18.9654
v  8.2236 -3.5883 18.7170
v  8.2102 -4.5141 18.2579
v  8.1864 -5.5664 17.8699
v  8.1678 -6.6485 17.6054
v  8.1566 -7.7512 17.4638
v  7.7432 -8.9258 17.4769
v  7.6970 -1.6931 20.3897
v  7.8839 -1.9238 20.1850
v  8.0227 -2.1949 19.9589
v  8.1103 -2.4707 19.7416
v  8.1738 -2.8214 19.4911
v  8.2201 -3.3350 19.1534
v  8.2313 -3.9099 18.8219
v  8.2213 -4.6343 18.4752
v  8.1999 -5.6581 18.0990
v  8.1819 -6.7093 17.8407
v  8.1663 -7.7824 17.6986
v  7.7432 -8.9258 17.6577
v  7.1351 -1.3671 20.7086
v  7.1467 -1.3009 20.6495
v  7.1567 -1.2685 20.5555
v  6.0724 -1.1618 20.9341
v  6.0815 -1.0943 20.8762
v  6.1098 -1.0620 20.7853
v  8.1637 -7.7442 18.1344
v  7.7432 -8.9258 18.0324
v  7.7073 -1.5816 20.1173
v  8.1544 -7.7444 17.3827
v  8.1654 -6.6319 17.5246
v  8.1842 -5.5427 17.7909
v  -0.0019 -1.0007 20.7586
v  3.2070 -1.0008 20.7586
v  4.3295 -1.0009 20.7585
v  5.0516 -1.0065 20.7525
v  5.7720 -1.0311 20.7246
v  6.1308 -1.0582 20.6934
v  6.4616 -1.1010 20.6446
v  6.8315 -1.1704 20.5665
v  7.1631 -1.2660 20.4572
v  7.4346 -1.3873 20.3237
v  8.1674 -2.6503 19.2211
v  8.2061 -3.1474 18.8933
v  8.2070 -4.4907 18.1790
v  8.2208 -3.4973 18.6776
v  8.1069 -2.3172 19.4663
v  8.0177 -2.0452 19.6876
v  7.8926 -1.8030 19.9014
v  1.0496 -1.0007 20.7586
v  2.1319 -1.0008 20.7586
v  7.7432 -8.9258 17.4021
v  8.1409 -8.8727 18.0321
v  8.1340 -8.8772 18.0318
v  8.1447 -8.8653 18.0327
v  8.1024 -8.8778 18.2950
v  8.1062 -8.8704 18.2952
v  8.0956 -8.8823 18.2959
v  8.0406 -8.8856 18.5622
v  8.0443 -8.8784 18.5647
v  8.0339 -8.8900 18.5598
v  7.9246 -8.9040 18.8500
v  7.9312 -8.8996 18.8527
v  7.9346 -8.8926 18.8557
v  7.7928 -8.9197 19.0830
v  7.7990 -8.9156 19.0865
v  7.8018 -8.9085 19.0895
v  7.6827 -8.9286 19.2378
v  7.6854 -8.9222 19.2410
v  7.6772 -8.9334 19.2345
v  7.5034 -8.9495 19.4106
v  7.5045 -8.9428 19.4149
v  7.4999 -8.9542 19.4044
v  7.2674 -8.9768 19.5720
v  7.2679 -8.9698 19.5761
v  7.2644 -8.9810 19.5652
v  7.1043 -8.9936 19.6568
v  7.1053 -8.9877 19.6617
v  7.1029 -8.9988 19.6504
v  6.9018 -9.0167 19.7468
v  6.9015 -9.0100 19.7511
v  6.8995 -9.0209 19.7399
v  6.3981 -9.0671 19.9167
v  6.3985 -9.0612 19.9208
v  6.3946 -9.0720 19.9116
v  5.7167 -9.1323 20.0802
v  5.7136 -9.1269 20.0841
v  5.7159 -9.1356 20.0732
v  4.9223 -9.1957 20.2164
v  4.9216 -9.1896 20.2209
v  4.9209 -9.2003 20.2098
v  4.0907 -9.2536 20.3245
v  4.0888 -9.2496 20.3285
v  4.0884 -9.2571 20.3199
v  3.0712 -9.3097 20.4265
v  3.0732 -9.3029 20.4301
v  3.0671 -9.3140 20.4207
v  1.4761 -9.3648 20.5215
v  1.4769 -9.3586 20.5260
v  1.4751 -9.3692 20.5146
v  -0.0019 -9.3830 20.5497
v  -0.0019 -9.3754 20.5533
v  -0.0019 -9.3861 20.5417
v  8.1590 -8.8716 17.6666
v  8.1521 -8.8762 17.6662
v  8.1627 -8.8642 17.6669
v  8.1561 -8.8705 17.7675
v  8.1598 -8.8631 17.7677
v  8.1491 -8.8751 17.7673
v  8.1529 -8.8719 17.4792
v  8.1460 -8.8764 17.4792
v  8.1566 -8.8645 17.4791
v  8.1578 -8.8717 17.5729
v  8.1615 -8.8643 17.5731
v  8.1509 -8.8762 17.5728
v  8.1439 -8.8737 17.3655
v  8.1469 -8.8642 17.3653
v  8.1366 -8.8776 17.3662
v  -1.0786 -1.1874 21.0380
v  -2.1519 -1.1878 21.0362
v  -3.2274 -1.1885 21.0329
v  -4.3025 -1.1895 21.0279
v  -5.0194 -1.1995 21.0205
v  -5.7347 -1.2186 20.9877
v  -6.0905 -1.2456 20.9549
v  -6.4426 -1.2896 20.9062
v  -7.1203 -1.4490 20.7355
v  -8.1740 -7.7949 17.7929
v  -7.7469 -8.9258 17.7611
v  -7.4201 -1.5877 20.6012
v  -7.6716 -1.7759 20.4307
v  -7.8615 -2.0053 20.2331
v  -7.9973 -2.2623 20.0231
v  -8.0910 -2.5359 19.8113
v  -8.1533 -2.8211 19.6039
v  -8.2159 -3.4178 19.2124
v  -8.2306 -4.0425 18.8616
v  -8.2241 -4.6913 18.5575
v  -8.2046 -5.6961 18.1909
v  -8.1867 -6.7347 17.9353
v  -7.7469 -8.9258 18.3680
v  -7.7185 -8.9291 18.6118
v  -7.6307 -8.9396 18.8970
v  -7.5051 -8.9542 19.0915
v  -7.3713 -8.9696 19.2289
v  -7.0433 -9.0059 19.4411
v  -6.8027 -9.0316 19.5491
v  -6.2153 -9.0904 19.7381
v  -5.6111 -9.1453 19.8761
v  -4.8395 -9.2072 20.0056
v  -3.8935 -9.2705 20.1250
v  -2.9134 -9.3216 20.2175
v  -1.4536 -9.3704 20.3018
v  -0.0019 -2.3000 21.2829
v  -1.4715 -2.2899 21.2731
v  -2.9350 -2.2588 21.2437
v  -4.3871 -2.2075 21.1946
v  -5.8237 -2.1696 21.0923
v  -6.5236 -2.2020 20.9715
v  -7.1839 -2.3180 20.7559
v  -7.4635 -3.3861 20.5901
v  -7.1786 -3.3044 20.7615
v  -8.1922 -6.5177 18.3221
v  -8.1366 -7.6329 18.4669
v  -8.1725 -6.1715 18.6891
v  -7.6997 -3.5082 20.3807
v  -7.8782 -3.6661 20.1436
v  -8.0058 -3.8487 19.8936
v  -8.1514 -4.2603 19.3889
v  -8.2065 -4.7075 18.9051
v  -8.2126 -5.0690 18.5589
v  -8.0610 -7.4569 18.9054
v  -7.9033 -7.3101 19.3584
v  -7.7764 -7.2550 19.5820
v  -7.6056 -7.2191 19.7941
v  -7.3851 -7.2108 19.9825
v  -7.1223 -7.2323 20.1390
v  -6.5234 -7.3448 20.3658
v  -5.8772 -7.5082 20.5114
v  -4.5038 -7.8673 20.6737
v  -3.0512 -8.1571 20.7693
v  -1.5407 -8.3325 20.8263
v  -0.0019 -8.3895 20.8453
v  -8.1091 -5.8657 19.1816
v  -7.9591 -5.5919 19.6912
v  -7.9839 -4.7211 19.8145
v  -7.8325 -5.4756 19.9429
v  -7.8569 -4.5720 20.0697
v  -7.6808 -4.4462 20.3118
v  -7.6584 -5.3811 20.1819
v  -7.4487 -4.3541 20.5266
v  -7.4304 -5.3182 20.3944
v  -7.1696 -4.2996 20.7042
v  -7.1568 -5.2904 20.5711
v  -6.5308 -3.2359 21.0028
v  -6.5342 -4.2788 20.9601
v  -6.5337 -5.3163 20.8282
v  -5.8416 -3.2442 21.1497
v  -5.8556 -4.3281 21.1228
v  -5.8660 -5.4057 20.9945
v  -6.5299 -6.3396 20.6206
v  -7.1407 -6.2691 20.3744
v  -5.8729 -6.4671 20.7801
v  -4.4167 -3.3489 21.2994
v  -4.4430 -4.5000 21.3018
v  -2.9628 -3.4497 21.3834
v  -4.4661 -5.6433 21.1821
v  -2.9883 -4.6507 21.4070
v  -3.0113 -5.8429 21.2938
v  -1.4877 -3.5107 21.4337
v  -0.0019 -3.5306 21.4505
v  -1.5027 -4.7419 21.4698
v  -1.5165 -5.9637 21.3603
v  -0.0019 -4.7716 21.4907
v  -0.0019 -6.0029 21.3824
v  -4.4861 -6.7674 20.9604
v  -3.0322 -7.0136 21.0677
v  -1.5291 -7.1625 21.1315
v  -6.7880 -1.3538 20.8351
v  -4.2979 -1.0565 20.9318
v  -4.2967 -1.1155 20.9890
v  -5.0174 -1.1228 20.9793
v  -5.7368 -1.1494 20.9479
v  -6.4062 -1.2156 20.8723
v  -6.8013 -1.2898 20.7916
v  -7.4210 -1.5165 20.5555
v  -4.3130 -1.0157 20.8524
v  -5.0354 -1.0203 20.8399
v  -5.7565 -1.0462 20.8098
v  -6.4623 -1.1182 20.7300
v  -6.8294 -1.1881 20.6516
v  -7.4415 -1.4114 20.4018
v  -7.4231 -1.4531 20.4928
v  -8.2219 -4.5733 18.3801
v  -8.2313 -3.7570 18.7805
v  -8.1059 -2.4067 19.6527
v  -8.0156 -2.1330 19.8698
v  -7.8831 -1.8773 20.0873
v  -7.6840 -1.6405 20.3066
v  -6.8149 -1.2320 20.7321
v  -6.4175 -1.1567 20.8140
v  -5.7408 -1.0890 20.8898
v  -5.0200 -1.0625 20.9209
v  -8.1581 -2.7129 19.4320
v  -8.2114 -3.2282 19.0936
v  -3.2236 -1.1149 20.9958
v  -3.2197 -1.0560 20.9412
v  -3.2162 -1.0179 20.8707
v  -1.0769 -1.1096 21.0043
v  -1.0725 -1.0499 20.9504
v  -1.0663 -1.0148 20.8827
v  -2.1519 -1.1126 21.0002
v  -2.1493 -1.0534 20.9463
v  -2.1439 -1.0172 20.8788
v  -8.1722 -7.7683 17.5917
v  -8.1834 -6.6805 17.7338
v  -8.2010 -5.6151 17.9951
v  -7.7469 -8.9259 17.5675
v  -7.7052 -1.5968 20.1950
v  -7.8932 -1.8234 19.9763
v  -8.0244 -2.0766 19.7552
v  -8.1125 -2.3492 19.5356
v  -8.1664 -2.6415 19.3200
v  -8.2098 -3.1736 18.9723
v  -8.2274 -3.5883 18.7170
v  -8.2140 -4.5141 18.2579
v  -8.1922 -5.5634 17.8705
v  -8.1738 -6.6458 17.6057
v  -8.1629 -7.7512 17.4636
v  -7.7469 -8.9258 17.4769
v  -7.6782 -1.7066 20.3774
v  -7.8739 -1.9417 20.1674
v  -8.0079 -2.1985 19.9535
v  -8.0990 -2.4725 19.7387
v  -8.1550 -2.7706 19.5235
v  -8.2129 -3.3116 19.1666
v  -8.2324 -3.9099 18.8219
v  -8.2247 -4.6343 18.4752
v  -8.2049 -5.6581 18.0989
v  -8.1873 -6.7093 17.8406
v  -8.1754 -7.7824 17.6984
v  -7.7469 -8.9258 17.6577
v  -7.1257 -1.3832 20.6906
v  -7.1339 -1.3239 20.6300
v  -7.1516 -1.2824 20.5466
v  -6.0730 -1.1753 20.9168
v  -6.0814 -1.1167 20.8592
v  -6.1115 -1.0755 20.7788
v  -8.1674 -7.7442 18.1344
v  -7.7469 -8.9258 18.0324
v  -7.7110 -1.5816 20.1173
v  -8.1582 -7.7444 17.3827
v  -8.1692 -6.6319 17.5246
v  -8.1879 -5.5427 17.7909
v  -3.2108 -1.0008 20.7586
v  -4.3332 -1.0009 20.7585
v  -5.0553 -1.0065 20.7525
v  -5.7758 -1.0311 20.7246
v  -6.1345 -1.0582 20.6934
v  -6.4652 -1.1010 20.6446
v  -6.8353 -1.1704 20.5665
v  -7.1668 -1.2660 20.4572
v  -7.4382 -1.3873 20.3237
v  -8.1698 -2.6125 19.2448
v  -8.2120 -3.1501 18.8911
v  -8.2108 -4.4907 18.1790
v  -8.2256 -3.5224 18.6622
v  -8.1139 -2.3270 19.4583
v  -8.0266 -2.0551 19.6789
v  -7.8963 -1.8030 19.9014
v  -1.0533 -1.0007 20.7586
v  -2.1357 -1.0008 20.7586
v  -7.7469 -8.9258 17.4021
v  -8.1447 -8.8727 18.0321
v  -8.1377 -8.8772 18.0318
v  -8.1484 -8.8653 18.0327
v  -8.1061 -8.8778 18.2950
v  -8.1099 -8.8704 18.2952
v  -8.0993 -8.8823 18.2959
v  -8.0046 -8.8907 18.6754
v  -8.0081 -8.8836 18.6782
v  -7.9979 -8.8951 18.6729
v  -7.8722 -8.9074 18.9750
v  -7.8754 -8.9002 18.9781
v  -7.8656 -8.9116 18.9718
v  -7.7263 -8.9242 19.1888
v  -7.7290 -8.9175 19.1917
v  -7.7206 -8.9287 19.1854
v  -7.5071 -8.9495 19.4106
v  -7.5083 -8.9428 19.4149
v  -7.5037 -8.9542 19.4044
v  -7.1080 -8.9936 19.6568
v  -7.1090 -8.9877 19.6617
v  -7.1067 -8.9988 19.6504
v  -6.9055 -9.0167 19.7468
v  -6.9053 -9.0100 19.7511
v  -6.9033 -9.0209 19.7399
v  -6.4018 -9.0671 19.9167
v  -6.4023 -9.0612 19.9208
v  -6.3983 -9.0720 19.9116
v  -5.7205 -9.1323 20.0802
v  -5.7174 -9.1269 20.0841
v  -5.7197 -9.1356 20.0732
v  -4.9261 -9.1957 20.2164
v  -4.9253 -9.1896 20.2209
v  -4.9247 -9.2003 20.2098
v  -4.0945 -9.2536 20.3245
v  -4.0925 -9.2496 20.3285
v  -4.0922 -9.2571 20.3199
v  -3.0749 -9.3097 20.4265
v  -3.0770 -9.3029 20.4301
v  -3.0709 -9.3140 20.4207
v  -1.4798 -9.3648 20.5215
v  -1.4806 -9.3586 20.5260
v  -1.4788 -9.3692 20.5146
v  -8.1627 -8.8716 17.6666
v  -8.1558 -8.8762 17.6662
v  -8.1664 -8.8642 17.6669
v  -8.1598 -8.8705 17.7675
v  -8.1636 -8.8631 17.7677
v  -8.1529 -8.8751 17.7673
v  -8.1566 -8.8719 17.4792
v  -8.1497 -8.8764 17.4792
v  -8.1603 -8.8645 17.4791
v  -8.1616 -8.8717 17.5729
v  -8.1653 -8.8643 17.5731
v  -8.1547 -8.8762 17.5728
v  -8.1477 -8.8737 17.3655
v  -8.1506 -8.8660 17.3652
v  -8.1403 -8.8776 17.3662
v  -8.0155 -8.7733 17.4137
v  -8.0160 -8.7733 17.4622
v  -8.0157 -8.7733 17.5036
v  -8.0157 -8.7733 17.5509
v  -8.0158 -8.7732 17.6050
v  -8.0153 -8.7730 17.6632
v  -8.0135 -8.7728 17.7303
v  -7.9943 -8.7754 17.9985
v  -7.9481 -8.7823 18.3200
v  -7.8608 -8.7935 18.6322
v  -7.7509 -8.8057 18.8738
v  -7.6221 -8.8206 19.0672
v  -7.3945 -8.8471 19.2888
v  -6.9674 -8.8937 19.5412
v  -6.6380 -8.9283 19.6672
v  -6.2565 -8.9664 19.7838
v  -5.8292 -9.0056 19.8852
v  -5.4159 -9.0415 19.9670
v  -4.8376 -9.0867 20.0589
v  -4.3698 -9.1211 20.1221
v  -3.8483 -9.1530 20.1828
v  -3.4345 -9.1753 20.2245
v  -3.0308 -9.1955 20.2605
v  -2.4577 -9.2200 20.3028
v  -1.8301 -9.2401 20.3381
v  -1.0811 -9.2566 20.3657
v  -0.5052 -9.2639 20.3775
v  -0.0019 -9.2652 20.3807
v  0.7553 -9.2599 20.3712
v  1.5153 -9.2482 20.3515
v  2.0214 -9.2428 20.3277
v  2.4540 -9.2192 20.3028
v  2.9288 -9.1989 20.2669
v  3.4308 -9.1755 20.2245
v  3.8445 -9.1516 20.1828
v  4.1153 -9.1356 20.1524
v  4.3661 -9.1187 20.1221
v  4.5924 -9.1032 20.0928
v  4.7899 -9.0884 20.0658
v  4.9766 -9.0766 20.0385
v  5.1896 -9.0606 20.0050
v  5.5127 -9.0326 19.9483
v  5.9494 -8.9950 19.8587
v  6.2949 -8.9626 19.7725
v  6.6353 -8.9287 19.6686
v  6.8477 -8.9068 19.5909
v  7.0543 -8.8848 19.4989
v  7.2186 -8.8667 19.4118
v  7.3720 -8.8496 19.3078
v  7.5429 -8.8302 19.1546
v  7.6857 -8.8129 18.9748
v  7.7988 -8.7998 18.7719
v  7.8824 -8.7902 18.5538
v  7.9457 -8.7824 18.3151
v  7.9780 -8.7786 18.1108
v  7.9972 -8.7764 17.9173
v  8.0098 -8.7750 17.7303
v  8.0116 -8.7748 17.6632
v  8.0121 -8.7748 17.6050
v  8.0121 -8.7748 17.5509
v  8.0120 -8.7749 17.5036
v  8.0124 -8.7750 17.4622
v  8.0119 -8.7747 17.4140
v  8.0109 -8.7742 17.3658
v  -8.0146 -8.7733 17.3652
v  8.0098 -8.7722 17.3664
v  -8.0157 -8.7713 17.3658
v  7.8681 -8.7908 16.4810
v  -7.8741 -8.7908 16.4810
v  -6.6813 -8.9920 0.9651
v  -6.5942 -10.6121 0.9651
v  -6.4933 -12.2790 0.9651
v  -6.3865 -13.7320 0.9651
v  -6.2695 -15.0588 0.9651
v  -6.1557 -16.1650 0.9651
v  -6.0259 -17.3388 0.9651
v  -5.8977 -18.2726 0.9651
v  -5.7053 -19.4197 0.9654
v  -5.4419 -20.5878 0.9659
v  -5.1503 -21.5838 0.9657
v  -4.8196 -22.4625 0.9651
v  -4.4837 -23.1522 0.9651
v  -4.0194 -23.9413 0.9651
v  -3.6754 -24.3982 0.9651
v  -3.0657 -25.0296 0.9651
v  -2.5931 -25.4075 0.9651
v  -2.0947 -25.7175 0.9651
v  -1.6202 -25.9347 0.9651
v  -1.1323 -26.1015 0.9651
v  -0.5982 -26.2088 0.9651
v  -4.6674 -22.7955 0.9651
v  -4.2579 -23.5527 0.9651
v  6.6781 -8.9999 0.9651
v  6.5927 -10.6127 0.9646
v  6.4936 -12.2797 0.9644
v  6.3861 -13.7328 0.9654
v  6.2678 -15.0597 0.9653
v  6.1549 -16.1661 0.9656
v  6.0163 -17.3390 0.9654
v  5.8849 -18.2723 0.9654
v  5.6873 -19.4184 0.9656
v  5.4260 -20.5865 0.9657
v  5.1348 -21.5823 0.9654
v  4.7984 -22.4582 0.9653
v  4.4653 -23.1482 0.9652
v  4.6472 -22.7910 0.9653
v  3.9907 -23.9289 0.9650
v  4.2379 -23.5472 0.9651
v  3.6466 -24.3837 0.9648
v  3.0447 -25.0185 0.9649
v  2.5746 -25.3973 0.9650
v  2.0785 -25.7082 0.9649
v  1.6070 -25.9297 0.9650
v  1.1186 -26.0925 0.9649
v  0.5859 -26.2002 0.9649
v  -0.0056 -26.2227 0.9651
v  -3.3843 -24.7272 0.9651
v  3.3573 -24.7121 0.9648
v  6.3812 -8.5858 0.9653
v  -6.3808 -8.5771 0.9644
v  -7.6123 -8.8186 16.3549
v  -7.8698 -8.7745 16.3461
v  -7.9061 -8.8233 16.3419
v  -7.9397 -8.8684 16.3299
v  -7.9717 -8.9115 16.3086
v  -7.9999 -8.9600 16.2762
v  -8.0173 -8.9865 16.2406
v  -8.0243 -9.0024 16.2044
v  -8.0235 -9.0075 16.1682
v  -8.0156 -9.0108 16.1000
v  -7.8962 -9.0227 14.8004
v  -7.7544 -9.0275 13.4345
v  -7.5858 -9.0266 11.8087
v  -7.3626 -9.0254 9.6164
v  -7.1668 -9.0245 7.2670
v  -6.9973 -9.0239 5.0973
v  -6.8245 -9.0243 2.8958
v  -6.6807 -9.0220 0.9646
v  -6.6735 -9.0213 0.8875
v  6.6707 -9.0222 0.8875
v  6.6769 -9.0223 0.9651
v  6.8087 -9.0201 2.7274
v  6.9942 -9.0180 5.0972
v  7.1636 -9.0029 7.2676
v  7.3592 -9.0020 9.6164
v  7.5815 -9.0148 11.8096
v  7.7497 -9.0265 13.4356
v  7.8913 -9.0258 14.8027
v  8.0218 -9.0095 16.1005
v  8.0285 -9.0080 16.1684
v  8.0303 -9.0065 16.2054
v  8.0238 -8.9923 16.2434
v  8.0065 -8.9643 16.2815
v  7.9772 -8.9204 16.3159
v  7.9436 -8.8717 16.3385
v  7.9093 -8.8266 16.3505
v  7.8732 -8.7837 16.3543
v  7.6106 -8.7890 16.3542
v  -8.0537 -2.3393 18.2978
v  -8.0500 -2.3310 18.2749
v  -8.0456 -2.3292 18.2680
v  -8.0357 -2.3292 18.2656
v  -7.9528 -2.3476 18.2752
v  -7.8471 -1.7777 18.6722
v  -7.7610 -1.8263 18.6674
v  -7.8337 -1.7804 18.6618
v  -7.8425 -1.7769 18.6649
v  -7.8534 -1.7867 18.6949
v  7.7433 -8.9258 17.4022
v  4.9078 -9.1463 20.2357
v  4.0476 -9.2064 20.3459
v  3.0722 -9.2597 20.4429
v  1.4794 -9.3154 20.5387
v  8.1472 -8.8227 17.3659
v  -8.1108 -8.8272 18.3012
v  -8.1492 -8.8221 18.0367
v  -8.0097 -8.8404 18.6851
v  -7.8761 -8.8570 18.9884
v  -7.7281 -8.8743 19.2044
v  -7.5052 -8.8996 19.4291
v  -7.1093 -8.9445 19.6735
v  -6.8954 -8.9667 19.7671
v  -6.3877 -9.0179 19.9372
v  -5.6757 -9.0837 20.1043
v  -4.9116 -9.1463 20.2357
v  -4.0513 -9.2064 20.3459
v  -3.0760 -9.2597 20.4429
v  -1.4831 -9.3154 20.5387
v  -0.0019 -9.3321 20.5661
v  -8.1668 -8.8210 17.6681
v  -8.1640 -8.8199 17.7687
v  -8.1604 -8.8212 17.4785
v  -8.1655 -8.8211 17.5738
v  -8.1509 -8.8227 17.3659
v  7.2642 -8.9266 19.5901
v  7.5015 -8.8996 19.4291
v  7.6833 -8.8789 19.2550
v  7.8010 -8.8653 19.1023
v  7.9337 -8.8493 18.8694
v  8.0446 -8.8352 18.5750
v  8.1071 -8.8272 18.3012
v  8.1454 -8.8221 18.0367
v  8.1602 -8.8199 17.7687
v  8.1628 -8.8210 17.6681
v  8.1615 -8.8211 17.5738
v  8.1566 -8.8212 17.4785
v  7.1056 -8.9445 19.6735
v  5.6720 -9.0837 20.1043
v  6.3839 -9.0179 19.9372
v  6.8916 -8.9667 19.7671
v  -7.9741 -8.7777 16.4270
v  -8.0500 -8.8337 16.4200
v  -8.0595 -8.8331 16.4236
v  -8.0628 -8.8337 16.4306
v  -8.0649 -8.8334 16.4537
v  -8.1508 -8.8234 17.3659
v  7.9706 -8.7764 16.4270
v  8.0464 -8.8324 16.4200
v  8.0559 -8.8318 16.4236
v  8.0592 -8.8323 16.4306
v  8.0614 -8.8321 16.4538
v  8.1472 -8.8221 17.3659
v  8.0614 -2.3470 18.2568
v  7.9648 -2.3665 18.2543
v  8.0474 -2.3464 18.2465
v  8.0570 -2.3454 18.2497
v  8.0647 -2.3546 18.2803
v  -7.0900 -9.0797 8.8729
v  -7.1339 -7.2890 8.9091
v  -7.2019 -5.5081 9.0822
v  -7.2692 -3.4611 9.5919
v  -7.2051 -2.6412 9.8571
v  -7.0425 -1.8702 10.1294
v  -6.5032 -1.5294 10.3734
v  -5.6532 -1.3856 10.5270
v  -4.6072 -1.3416 10.5825
v  -6.9042 -13.6055 8.8729
v  -6.2239 -20.0641 8.8729
v  -5.0668 -22.7262 8.8729
v  -3.4420 -24.8747 8.8729
v  -2.0254 -25.7465 8.8729
v  -0.0026 -26.0204 8.8729
v  7.1287 -7.2890 8.9091
v  7.0848 -9.0797 8.8729
v  7.1968 -5.5081 9.0822
v  7.2640 -3.4611 9.5919
v  7.1999 -2.6412 9.8571
v  7.0374 -1.8702 10.1294
v  6.4980 -1.5294 10.3734
v  5.6481 -1.3856 10.5270
v  4.6020 -1.3416 10.5825
v  -0.0026 -1.3602 10.5857
v  6.8790 -13.6055 8.8729
v  6.2287 -19.2414 8.8729
v  5.0639 -22.7178 8.8729
v  3.4267 -24.8464 8.8729
v  2.0202 -25.6520 8.8729
v  -7.5508 -8.5844 15.6825
v  7.4869 -9.0476 15.6829
v  -0.0106 -27.4762 15.6984
v  -0.5976 -27.4529 15.6979
v  -1.1253 -27.3798 15.6972
v  -1.5875 -27.2761 15.6984
v  -2.1412 -27.1027 15.6972
v  -2.6083 -26.9082 15.6972
v  -3.2000 -26.5888 15.6969
v  -3.9797 -26.0280 15.6967
v  -4.3845 -25.6433 15.6957
v  -4.8130 -25.1706 15.6957
v  -5.1160 -24.7688 15.6957
v  -5.3978 -24.3438 15.6952
v  -5.6041 -23.9912 15.6948
v  -6.0257 -23.1304 15.6936
v  -6.3762 -22.2115 15.6933
v  -6.7149 -21.0292 15.6924
v  -6.9402 -19.9756 15.6914
v  -7.0892 -18.9544 15.6906
v  -7.2520 -17.5386 15.6895
v  -7.3373 -16.3306 15.6877
v  -7.4056 -14.8098 15.6865
v  -7.4810 -13.0715 15.6522
v  -7.5159 -11.0849 15.6755
v  -3.5980 -26.3161 15.6956
v  0.5888 -27.4573 15.6981
v  1.1048 -27.3800 15.6984
v  1.5672 -27.2823 15.6981
v  2.1232 -27.1074 15.6979
v  2.5859 -26.9099 15.6976
v  3.1861 -26.5919 15.6976
v  3.5864 -26.3159 15.6972
v  3.9623 -26.0154 15.6967
v  4.3603 -25.6406 15.6969
v  4.7765 -25.1754 15.6967
v  5.0888 -24.7689 15.6964
v  5.3501 -24.3733 15.6962
v  5.5671 -24.0075 15.6962
v  5.9918 -23.1560 15.6945
v  6.3385 -22.2693 15.6938
v  6.7019 -21.0307 15.6931
v  6.9327 -19.9523 15.6914
v  7.0826 -18.9305 15.6906
v  7.2060 -17.6559 15.6613
v  7.2855 -16.5066 15.6594
v  7.3530 -15.0466 15.6407
v  7.4090 -13.3422 15.6668
v  7.4518 -11.4660 15.6552
v  7.4892 -9.2240 15.6829
v  -7.5500 -8.7985 15.6835
v  -7.5500 -8.8294 15.6836
v  7.4887 -9.2553 15.6829
v  23.3572 -36.6698 35.3831
v  23.1223 -36.6700 35.4238
v  23.3536 -37.0792 35.3560
v  23.1167 -37.0850 35.3959
v  23.3334 -37.3755 35.2270
v  23.0969 -37.3789 35.2663
v  23.2995 -37.5581 35.0082
v  23.0603 -37.5723 35.0289
v  23.2542 -37.6773 34.7317
v  23.0164 -37.6861 34.7526
v  23.1984 -37.7434 34.3494
v  22.9600 -37.7477 34.3856
v  22.7303 -36.6693 32.9072
v  22.9685 -36.6699 32.8745
v  22.7322 -37.0851 32.9360
v  22.9701 -37.0792 32.9018
v  22.7531 -37.3788 33.0657
v  22.9901 -37.3755 33.0308
v  22.7905 -37.5724 33.3027
v  23.0246 -37.5582 33.2495
v  22.8330 -37.6862 33.5793
v  23.0659 -37.6775 33.5267
v  22.8914 -37.7476 33.9460
v  23.1294 -37.7433 33.9078
v  23.5414 -36.6676 35.1795
v  23.5376 -37.0247 35.1604
v  23.5236 -37.2568 35.0708
v  23.4977 -37.4039 34.8968
v  23.4571 -37.5146 34.6421
v  23.3994 -37.5741 34.2685
v  23.2042 -36.6706 33.0122
v  23.2082 -37.0280 33.0330
v  23.2219 -37.2730 33.1338
v  23.2515 -37.4190 33.3182
v  23.2853 -37.5107 33.5365
v  23.3357 -37.5703 33.8648
v  23.4750 -36.6684 35.2546
v  23.4712 -37.0448 35.2324
v  23.4550 -37.3007 35.1284
v  23.4260 -37.4609 34.9378
v  23.3841 -37.5752 34.6749
v  23.3267 -37.6366 34.2980
v  23.1187 -36.6704 32.9611
v  23.1221 -37.0470 32.9837
v  23.1382 -37.3112 33.0951
v  23.1695 -37.4708 33.2924
v  23.2063 -37.5730 33.5323
v  23.2610 -37.6341 33.8803
v  23.2386 -36.6699 35.4036
v  23.2340 -37.0821 35.3762
v  23.2140 -37.3772 35.2468
v  23.1787 -37.5652 35.0186
v  23.1340 -37.6819 34.7423
v  23.0780 -37.7456 34.3677
v  22.8483 -36.6696 32.8910
v  22.8499 -37.0822 32.9189
v  22.8704 -37.3773 33.0482
v  22.9064 -37.5656 33.2762
v  22.9482 -37.6822 33.5532
v  23.0092 -37.7455 33.9271
v  23.3614 -35.4393 35.3821
v  23.1209 -35.4388 35.4240
v  23.5417 -35.4382 35.1791
v  23.4749 -35.4384 35.2546
v  23.2378 -35.4388 35.4038
v  23.4749 -35.2740 35.2547
v  23.4653 -35.3015 35.2655
v  23.4472 -35.3200 35.2860
v  23.4253 -35.3249 35.3107
v  23.3612 -35.3263 35.3822
v  23.3345 -35.3245 35.3870
v  23.2714 -35.2935 35.3979
v  23.2472 -35.2605 35.4021
v  23.2376 -35.2250 35.4038
v  23.1207 -35.2250 35.4240
v  23.5418 -35.2740 35.1790
v  23.3003 -35.3150 35.3929
v  23.1204 -34.9947 35.4241
v  23.1207 -34.7644 35.4240
v  23.2376 -34.7644 35.4038
v  23.2366 -34.9947 35.4040
v  23.1223 -33.3194 35.4238
v  23.1167 -32.9044 35.3959
v  23.2340 -32.9073 35.3762
v  23.2386 -33.3195 35.4036
v  23.0969 -32.6105 35.2663
v  23.2140 -32.6122 35.2469
v  23.0603 -32.4172 35.0289
v  23.1787 -32.4239 35.0188
v  23.0164 -32.3033 34.7526
v  23.1340 -32.3075 34.7423
v  22.9600 -32.2418 34.3856
v  23.0780 -32.2439 34.3677
v  22.7306 -34.9947 32.9071
v  22.8488 -34.9947 32.8909
v  22.8483 -33.3198 32.8910
v  22.7303 -33.3201 32.9072
v  22.8499 -32.9072 32.9189
v  22.7322 -32.9044 32.9360
v  22.8704 -32.6121 33.0482
v  22.7531 -32.6106 33.0657
v  22.9064 -32.4238 33.2762
v  22.7905 -32.4171 33.3027
v  22.9482 -32.3073 33.5532
v  22.8329 -32.3030 33.5793
v  23.0092 -32.2439 33.9271
v  22.8914 -32.2418 33.9460
v  23.3572 -33.3196 35.3831
v  23.3536 -32.9103 35.3560
v  23.4713 -32.9446 35.2325
v  23.4750 -33.3210 35.2546
v  23.3334 -32.6139 35.2270
v  23.4550 -32.6888 35.1284
v  23.2995 -32.4313 35.0082
v  23.4261 -32.5285 34.9378
v  23.2542 -32.3121 34.7317
v  23.3841 -32.4143 34.6749
v  23.1984 -32.2461 34.3494
v  23.3268 -32.3527 34.2980
v  22.9685 -33.3195 32.8745
v  22.9694 -34.9947 32.8743
v  23.1205 -34.9947 32.9622
v  23.1186 -33.3190 32.9611
v  22.9701 -32.9103 32.9018
v  23.1221 -32.9425 32.9838
v  22.9901 -32.6139 33.0308
v  23.1382 -32.6783 33.0951
v  23.0246 -32.4312 33.2495
v  23.1695 -32.5187 33.2924
v  23.0659 -32.3119 33.5267
v  23.2063 -32.4164 33.5323
v  23.1294 -32.2461 33.9078
v  23.2611 -32.3551 33.8803
v  23.5414 -33.3218 35.1795
v  23.5417 -34.5512 35.1791
v  23.4749 -34.5510 35.2546
v  23.5377 -32.9647 35.1605
v  23.5236 -32.7326 35.0708
v  23.4977 -32.5855 34.8968
v  23.4571 -32.4748 34.6421
v  23.3996 -32.4151 34.2685
v  23.2066 -34.9947 33.0139
v  23.2042 -33.3188 33.0122
v  23.2081 -32.9615 33.0331
v  23.2219 -32.7164 33.1338
v  23.2515 -32.5705 33.3182
v  23.2853 -32.4787 33.5365
v  23.3360 -32.4188 33.8647
v  23.3614 -34.5501 35.3821
v  23.2378 -34.5506 35.4038
v  23.1209 -34.5506 35.4240
v  23.5418 -34.7154 35.1790
v  23.4749 -34.7154 35.2547
v  23.3345 -34.6649 35.3870
v  23.3003 -34.6744 35.3929
v  23.4472 -34.6694 35.2860
v  23.4653 -34.6879 35.2655
v  23.5419 -34.9947 35.1789
v  23.4747 -34.9947 35.2549
v  23.3612 -34.6631 35.3822
v  23.2714 -34.6960 35.3979
v  23.2472 -34.7289 35.4021
v  23.4253 -34.6645 35.3107
v  23.1109 -36.6650 35.4181
v  23.1065 -37.0786 35.3896
v  23.0865 -37.3712 35.2609
v  23.0499 -37.5640 35.0251
v  23.0073 -37.6774 34.7501
v  22.9507 -37.7386 34.3851
v  22.7229 -36.6642 32.9156
v  22.7273 -37.0783 32.9442
v  22.7472 -37.3708 33.0726
v  22.7838 -37.5633 33.3083
v  22.8263 -37.6770 33.5830
v  22.8829 -37.7384 33.9479
v  23.1107 -35.4375 35.4173
v  23.1107 -35.2243 35.4171
v  23.1106 -34.9947 35.4170
v  23.1106 -34.7651 35.4171
v  23.1108 -33.3245 35.4181
v  23.1063 -32.9109 35.3897
v  23.0864 -32.6182 35.2610
v  23.0498 -32.4254 35.0251
v  23.0071 -32.3121 34.7501
v  22.9506 -32.2512 34.3851
v  22.7227 -34.9947 32.9147
v  22.7228 -33.3252 32.9157
v  22.7273 -32.9112 32.9446
v  22.7470 -32.6186 33.0727
v  22.7836 -32.4259 33.3082
v  22.8261 -32.3111 33.5827
v  22.8828 -32.2513 33.9479
v  23.1107 -34.5519 35.4173
v  23.1274 -34.9947 35.4229
v  23.1277 -35.2250 35.4228
v  23.1279 -35.4388 35.4228
v  23.1292 -36.6700 35.4226
v  23.1236 -37.0850 35.3948
v  23.1039 -37.3788 35.2651
v  23.0673 -37.5722 35.0278
v  23.0232 -37.6860 34.7515
v  22.9671 -37.7475 34.3845
v  22.8984 -37.7475 33.9450
v  22.8398 -37.6863 33.5782
v  22.7975 -37.5724 33.3016
v  22.7600 -37.3790 33.0642
v  22.7391 -37.0851 32.9346
v  22.7374 -36.6693 32.9062
v  22.7376 -34.9947 32.9062
v  22.7374 -33.3201 32.9062
v  22.7391 -32.9043 32.9346
v  22.7600 -32.6104 33.0642
v  22.7975 -32.4170 33.3016
v  22.8398 -32.3032 33.5782
v  22.8984 -32.2419 33.9450
v  22.9671 -32.2419 34.3845
v  23.0232 -32.3034 34.7515
v  23.0673 -32.4173 35.0278
v  23.1039 -32.6106 35.2651
v  23.1236 -32.9044 35.3948
v  23.1292 -33.3194 35.4226
v  23.1279 -34.5506 35.4228
v  23.1277 -34.7644 35.4228
v  23.5367 -36.6677 35.1847
v  23.5371 -35.4382 35.1843
v  23.5372 -35.2740 35.1842
v  23.5372 -34.9947 35.1842
v  23.5372 -34.7154 35.1842
v  23.5371 -34.5512 35.1843
v  23.5367 -33.3217 35.1847
v  23.5330 -32.9637 35.1656
v  23.5187 -32.7300 35.0753
v  23.4927 -32.5817 34.9000
v  23.4520 -32.4705 34.6441
v  23.3943 -32.4107 34.2697
v  23.3306 -32.4143 33.8651
v  23.2798 -32.4744 33.5360
v  23.2458 -32.5666 33.3168
v  23.2160 -32.7137 33.1311
v  23.2021 -32.9605 33.0296
v  23.1982 -33.3186 33.0086
v  23.2007 -34.9947 33.0101
v  23.1982 -36.6708 33.0086
v  23.2021 -37.0289 33.0296
v  23.2160 -37.2757 33.1311
v  23.2458 -37.4229 33.3168
v  23.2798 -37.5150 33.5360
v  23.3303 -37.5747 33.8652
v  23.3942 -37.5785 34.2697
v  23.4520 -37.5189 34.6441
v  23.4927 -37.4078 34.9000
v  23.5187 -37.2595 35.0753
v  23.5330 -37.0257 35.1656
v  23.4795 -34.9947 35.2494
v  23.4795 -35.2757 35.2494
v  23.4688 -35.3062 35.2616
v  23.4489 -35.3266 35.2841
v  23.4257 -35.3319 35.3102
v  23.3610 -35.3333 35.3822
v  23.3333 -35.3315 35.3872
v  23.2973 -35.3214 35.3935
v  23.2665 -35.2985 35.3988
v  23.2409 -35.2636 35.4032
v  23.2307 -35.2260 35.4050
v  23.2306 -34.9947 35.4050
v  23.2307 -34.7635 35.4050
v  23.2409 -34.7258 35.4032
v  23.2665 -34.6909 35.3988
v  23.2973 -34.6680 35.3935
v  23.3333 -34.6580 35.3872
v  23.3610 -34.6561 35.3822
v  23.4257 -34.6575 35.3102
v  23.4489 -34.6628 35.2841
v  23.4688 -34.6832 35.2616
v  23.4795 -34.7137 35.2494
v  23.4601 -35.2738 35.2507
v  23.4524 -35.2978 35.2612
v  23.4357 -35.3126 35.2824
v  23.4171 -35.3177 35.3081
v  23.3578 -35.3181 35.3747
v  23.3344 -35.3161 35.3789
v  23.2758 -35.2879 35.3905
v  23.2536 -35.2568 35.3949
v  23.2445 -35.2247 35.3958
v  23.3031 -35.3069 35.3851
v  23.2444 -34.7655 35.3948
v  23.2430 -34.9947 35.3962
v  23.4605 -34.7197 35.2519
v  23.3344 -34.6735 35.3787
v  23.3028 -34.6827 35.3852
v  23.4352 -34.6766 35.2829
v  23.4534 -34.6931 35.2604
v  23.4605 -34.9944 35.2514
v  23.3576 -34.6714 35.3743
v  23.2755 -34.7017 35.3905
v  23.2535 -34.7329 35.3947
v  23.4182 -34.6718 35.3055
v  23.4670 -35.2726 35.2582
v  23.4593 -35.2973 35.2669
v  23.4430 -35.3134 35.2867
v  23.4225 -35.3200 35.3104
v  23.3604 -35.3206 35.3802
v  23.3351 -35.3187 35.3851
v  23.2746 -35.2900 35.3957
v  23.2516 -35.2582 35.4000
v  23.2424 -35.2246 35.4013
v  23.3026 -35.3097 35.3909
v  23.2426 -34.7652 35.4010
v  23.2411 -34.9947 35.4014
v  23.4675 -34.7182 35.2582
v  23.3351 -34.6708 35.3851
v  23.3025 -34.6798 35.3910
v  23.4428 -34.6759 35.2869
v  23.4599 -34.6925 35.2666
v  23.4672 -34.9946 35.2580
v  23.3604 -34.6689 35.3801
v  23.2745 -34.6995 35.3957
v  23.2516 -34.7314 35.3999
v  23.4230 -34.6697 35.3094
v  23.4559 -35.2742 35.1757
v  23.4454 -35.2985 35.1829
v  23.4238 -35.3130 35.1978
v  23.3990 -35.3176 35.2147
v  23.3277 -35.3179 35.2636
v  23.3099 -35.3158 35.2757
v  23.2651 -35.2870 35.3061
v  23.2484 -35.2563 35.3175
v  23.2419 -35.2247 35.3218
v  23.2858 -35.3062 35.2920
v  23.2421 -34.7660 35.3214
v  23.2407 -34.9949 35.3225
v  23.4556 -34.7198 35.1757
v  23.3097 -34.6743 35.2754
v  23.2854 -34.6839 35.2919
v  23.4230 -34.6767 35.1979
v  23.4463 -34.6929 35.1820
v  23.4558 -34.9946 35.1757
v  23.3275 -34.6721 35.2633
v  23.2648 -34.7031 35.3059
v  23.2483 -34.7339 35.3172
v  23.4008 -34.6723 35.2131
v  23.4592 -35.2750 35.2438
v  23.4601 -34.9944 35.2445
v  23.4597 -34.7188 35.2449
v  23.4507 -34.6908 35.2542
v  23.4303 -34.6749 35.2780
v  23.4128 -34.6713 35.3010
v  23.3539 -34.6714 35.3679
v  23.3330 -34.6735 35.3719
v  23.3015 -34.6828 35.3783
v  23.2745 -34.7019 35.3835
v  23.2530 -34.7331 35.3877
v  23.2441 -34.7655 35.3878
v  23.2428 -34.9947 35.3892
v  23.2442 -35.2247 35.3888
v  23.2530 -35.2566 35.3880
v  23.2747 -35.2877 35.3836
v  23.3018 -35.3068 35.3782
v  23.3332 -35.3161 35.3721
v  23.3542 -35.3181 35.3683
v  23.4117 -35.3182 35.3037
v  23.4307 -35.3144 35.2776
v  23.4495 -35.3003 35.2552
v  23.4563 -34.9946 35.1826
v  23.4567 -35.2734 35.1827
v  23.4476 -35.2969 35.1895
v  23.4273 -35.3118 35.2038
v  23.4030 -35.3173 35.2205
v  23.3316 -35.3180 35.2693
v  23.3137 -35.3163 35.2815
v  23.2891 -35.3074 35.2981
v  23.2674 -35.2886 35.3125
v  23.2495 -35.2575 35.3243
v  23.2423 -35.2251 35.3288
v  23.2409 -34.9949 35.3295
v  23.2425 -34.7656 35.3284
v  23.2494 -34.7327 35.3240
v  23.2671 -34.7015 35.3124
v  23.2887 -34.6828 35.2980
v  23.3135 -34.6738 35.2812
v  23.3315 -34.6719 35.2690
v  23.4047 -34.6725 35.2189
v  23.4265 -34.6778 35.2039
v  23.4484 -34.6944 35.1886
v  23.4563 -34.7204 35.1826
v  23.4502 -35.2725 35.1797
v  23.4500 -34.9946 35.1796
v  23.4498 -34.7212 35.1796
v  23.4418 -34.6978 35.1851
v  23.4211 -34.6834 35.1992
v  23.4004 -34.6793 35.2134
v  23.3278 -34.6791 35.2631
v  23.3109 -34.6812 35.2745
v  23.2881 -34.6902 35.2900
v  23.2691 -34.7079 35.3030
v  23.2537 -34.7367 35.3135
v  23.2479 -34.7669 35.3175
v  23.2465 -34.9949 35.3186
v  23.2477 -35.2238 35.3179
v  23.2537 -35.2534 35.3138
v  23.2694 -35.2822 35.3031
v  23.2885 -35.2999 35.2902
v  23.3110 -35.3089 35.2749
v  23.3280 -35.3109 35.2634
v  23.3986 -35.3106 35.2150
v  23.4219 -35.3062 35.1991
v  23.4411 -35.2934 35.1859
v  23.3428 -35.2347 35.2530
v  23.3428 -34.7556 35.2527
v  22.9426 -34.9947 34.3334
v  23.5435 -36.6622 35.1728
v  23.5405 -37.0181 35.1537
v  23.5267 -37.2494 35.0647
v  23.4999 -37.3961 34.8920
v  23.4606 -37.5064 34.6388
v  23.4031 -37.5657 34.2677
v  23.2095 -36.6652 33.0197
v  23.2096 -37.0214 33.0409
v  23.2282 -37.2656 33.1404
v  23.2567 -37.4111 33.3236
v  23.2903 -37.5025 33.5405
v  23.3409 -37.5619 33.8665
v  23.5434 -35.4368 35.1724
v  23.5434 -35.2731 35.1724
v  23.5434 -33.3273 35.1728
v  23.5434 -34.5527 35.1724
v  23.5404 -32.9713 35.1538
v  23.5266 -32.7400 35.0647
v  23.4998 -32.5933 34.8920
v  23.4606 -32.4830 34.6388
v  23.4030 -32.4235 34.2678
v  23.2098 -34.9947 33.0217
v  23.2094 -33.3242 33.0197
v  23.2127 -32.9681 33.0406
v  23.2281 -32.7238 33.1404
v  23.2566 -32.5783 33.3236
v  23.2902 -32.4869 33.5405
v  23.3408 -32.4272 33.8665
v  23.5434 -34.7163 35.1724
v  23.5434 -34.9947 35.1723
v  23.4999 -34.9947 34.8920
v  23.4999 -36.6626 34.8920
v  23.4995 -37.0185 34.8919
v  23.4999 -33.3269 34.8920
v  23.4998 -32.9709 34.8920
v  23.4031 -34.9947 34.2677
v  23.4030 -33.3260 34.2678
v  23.4030 -32.9699 34.2678
v  23.4031 -36.6634 34.2677
v  23.4017 -37.0195 34.2672
v  23.2902 -34.9947 33.5405
v  23.2902 -33.3250 33.5405
v  23.2902 -32.9688 33.5405
v  23.2903 -36.6645 33.5405
v  23.2877 -37.0206 33.5396
v  23.2282 -34.9947 33.1404
v  23.2282 -33.3244 33.1404
v  23.2282 -32.9682 33.1404
v  23.2282 -36.6650 33.1404
v  23.2250 -37.0212 33.1392
v  23.4606 -36.6629 34.6388
v  23.4598 -37.0189 34.6385
v  23.4606 -34.9947 34.6388
v  23.4606 -33.3265 34.6388
v  23.4606 -32.9705 34.6388
v  23.3409 -36.6640 33.8665
v  23.3388 -37.0201 33.8658
v  23.3408 -34.9947 33.8665
v  23.3408 -33.3254 33.8665
v  23.3408 -32.9693 33.8665
v  23.1096 -35.2243 35.4102
v  23.1096 -34.9947 35.4101
v  23.1096 -34.7651 35.4102
v  23.1096 -34.5519 35.4104
v  23.1097 -33.3247 35.4112
v  23.1053 -32.9126 35.3829
v  23.0855 -32.6226 35.2553
v  23.0492 -32.4315 35.0215
v  23.0069 -32.3188 34.7483
v  22.9505 -32.2582 34.3846
v  22.8829 -32.2583 33.9485
v  22.8264 -32.3179 33.5846
v  22.7841 -32.4320 33.3118
v  22.7479 -32.6230 33.0783
v  22.7283 -32.9129 32.9514
v  22.7239 -33.3255 32.9227
v  22.7238 -34.9947 32.9216
v  22.7240 -36.6639 32.9225
v  22.7283 -37.0766 32.9510
v  22.7481 -37.3664 33.0783
v  22.7843 -37.5572 33.3119
v  22.8266 -37.6702 33.5849
v  22.8830 -37.7314 33.9484
v  22.9506 -37.7316 34.3846
v  23.0070 -37.6706 34.7482
v  23.0494 -37.5579 35.0215
v  23.0856 -37.3669 35.2553
v  23.1054 -37.0768 35.3828
v  23.1098 -36.6647 35.4112
v  23.1096 -35.4375 35.4104
v  23.3637 -36.6697 35.3760
v  23.3601 -37.0773 35.3492
v  23.3401 -37.3714 35.2216
v  23.3064 -37.5528 35.0044
v  23.2613 -37.6717 34.7285
v  23.2055 -37.7375 34.3466
v  22.9768 -36.6699 32.8792
v  22.9785 -37.0774 32.9063
v  22.9983 -37.3720 33.0344
v  23.0326 -37.5534 33.2518
v  23.0736 -37.6717 33.5270
v  23.1366 -37.7373 33.9063
v  23.3676 -35.4393 35.3751
v  23.3601 -32.9122 35.3492
v  23.3637 -33.3197 35.3760
v  23.3401 -32.6180 35.2216
v  23.3064 -32.4367 35.0044
v  23.2613 -32.3177 34.7286
v  23.2055 -32.2519 34.3466
v  22.9777 -34.9947 32.8792
v  22.9768 -33.3195 32.8792
v  22.9784 -32.9120 32.9063
v  22.9983 -32.6174 33.0344
v  23.0326 -32.4361 33.2518
v  23.0736 -32.3177 33.5270
v  23.1366 -32.2521 33.9063
v  23.3676 -34.5501 35.3751
v  23.5423 -35.4368 35.1655
v  23.5424 -36.6620 35.1659
v  23.5394 -37.0166 35.1469
v  23.5258 -37.2452 35.0589
v  23.4993 -37.3901 34.8884
v  23.4603 -37.4996 34.6368
v  23.4030 -37.5587 34.2672
v  23.3409 -37.5549 33.8672
v  23.2906 -37.4958 33.5424
v  23.2572 -37.4050 33.3271
v  23.2291 -37.2612 33.1461
v  23.2107 -37.0198 33.0478
v  23.2106 -36.6650 33.0266
v  23.2109 -34.9947 33.0286
v  23.2105 -33.3244 33.0266
v  23.2137 -32.9697 33.0474
v  23.2290 -32.7282 33.1461
v  23.2571 -32.5844 33.3271
v  23.2905 -32.4936 33.5424
v  23.3409 -32.4342 33.8671
v  23.4029 -32.4305 34.2672
v  23.4603 -32.4898 34.6368
v  23.4993 -32.5994 34.8884
v  23.5257 -32.7442 35.0589
v  23.5394 -32.9728 35.1469
v  23.5423 -33.3274 35.1659
v  23.5423 -34.5527 35.1655
v  23.5423 -34.7163 35.1655
v  23.5423 -34.9947 35.1654
v  23.5423 -35.2731 35.1655
v  23.1098 -32.7470 35.3509
v  23.2270 -32.7494 35.3313
v  23.3466 -32.7518 35.3112
v  23.4657 -32.8080 35.1975
v  23.5329 -32.8409 35.1310
v  23.0994 -32.7542 35.3449
v  23.1167 -32.7471 35.3497
v  23.5281 -32.8390 35.1360
v  23.5359 -32.8479 35.1245
v  23.4969 -32.7803 34.8733
v  23.4024 -32.7001 34.2640
v  23.2922 -32.7233 33.5533
v  23.4586 -32.7285 34.6263
v  23.3415 -32.7015 33.8712
v  23.0984 -32.7573 35.3385
v  23.3532 -32.7549 35.3050
v  23.5338 -32.8601 35.1106
v  23.0804 -32.5012 35.1581
v  23.1981 -32.5059 35.1430
v  23.3181 -32.5111 35.1274
v  23.4420 -32.5984 35.0421
v  23.5120 -32.6495 34.9923
v  23.5419 -34.8551 35.1789
v  23.4823 -34.8523 35.2463
v  23.0697 -32.5092 35.1535
v  23.0874 -32.5012 35.1570
v  23.5372 -34.8551 35.1842
v  23.5071 -32.6462 34.9962
v  23.4795 -34.8579 35.2494
v  23.4665 -34.8552 35.2446
v  23.4739 -34.8543 35.2508
v  23.4633 -34.8554 35.1705
v  23.4671 -34.8543 35.2375
v  23.4630 -34.8560 35.1775
v  23.4575 -34.8525 35.1744
v  23.5145 -32.6571 34.9868
v  23.5434 -34.8555 35.1723
v  23.5211 -33.3278 35.0290
v  23.5197 -32.9766 35.0200
v  23.5184 -34.7292 35.0112
v  23.0690 -32.5145 35.1488
v  23.3249 -32.5159 35.1227
v  23.5126 -32.6650 34.9744
v  23.5423 -34.8592 35.1654
v  23.5161 -32.8391 34.9969
v  23.2775 -37.6302 34.8756
v  23.0391 -37.6415 34.8962
v  23.4783 -37.4712 34.7748
v  23.4059 -37.5302 34.8119
v  23.1571 -37.6359 34.8860
v  23.0389 -32.3503 34.8946
v  23.1568 -32.3556 34.8845
v  23.2772 -32.3615 34.8740
v  23.4056 -32.4614 34.8102
v  23.4780 -32.5204 34.7732
v  23.0295 -37.6329 34.8930
v  23.0290 -32.3588 34.8914
v  23.0460 -37.6413 34.8951
v  23.0457 -32.3504 34.8935
v  23.4730 -32.5163 34.7758
v  23.4733 -37.4753 34.7774
v  23.4811 -37.4631 34.7707
v  23.4808 -32.5285 34.7691
v  23.4803 -36.6628 34.7654
v  23.4797 -37.0189 34.7652
v  23.4797 -34.9947 34.7621
v  23.4802 -33.3266 34.7654
v  23.4802 -32.9697 34.7654
v  23.0286 -32.3653 34.8887
v  23.0290 -37.6264 34.8903
v  23.2845 -37.6247 34.8721
v  23.2842 -32.3670 34.8705
v  23.4807 -37.4566 34.7679
v  23.4805 -32.5338 34.7671
v  23.4781 -32.7466 34.7518
v  23.3466 -37.2376 35.3112
v  23.1098 -37.2424 35.3509
v  23.5328 -37.1485 35.1310
v  23.4656 -37.1814 35.1974
v  23.2270 -37.2400 35.3312
v  23.0995 -37.2353 35.3449
v  23.1167 -37.2424 35.3497
v  23.5281 -37.1504 35.1359
v  23.5360 -37.1415 35.1245
v  23.4967 -37.2091 34.8733
v  23.4015 -37.2892 34.2638
v  23.2907 -37.2661 33.5530
v  23.4581 -37.2609 34.6261
v  23.3401 -37.2877 33.8707
v  23.0985 -37.2321 35.3385
v  23.3531 -37.2345 35.3050
v  23.5338 -37.1294 35.1106
v  23.4777 -37.2410 34.7512
v  23.3180 -37.4763 35.1264
v  23.0802 -37.4861 35.1572
v  23.5119 -37.3383 34.9915
v  23.4418 -37.3892 35.0412
v  23.1980 -37.4812 35.1418
v  23.4810 -35.1371 35.2477
v  23.5418 -35.1344 35.1789
v  23.0697 -37.4781 35.1525
v  23.0873 -37.4860 35.1560
v  23.5372 -35.1344 35.1842
v  23.5070 -37.3416 34.9954
v  23.4795 -35.1315 35.2494
v  23.4662 -35.1370 35.2429
v  23.4728 -35.1359 35.2515
v  23.4639 -35.1372 35.1702
v  23.4665 -35.1380 35.2359
v  23.4639 -35.1364 35.1772
v  23.4594 -35.1400 35.1733
v  23.5145 -37.3306 34.9860
v  23.5434 -35.1339 35.1723
v  23.5211 -36.6616 35.0290
v  23.5196 -37.0128 35.0199
v  23.5184 -35.2602 35.0112
v  23.0690 -37.4727 35.1479
v  23.3248 -37.4715 35.1217
v  23.5126 -37.3228 34.9736
v  23.5423 -35.1302 35.1654
v  23.5160 -37.1492 34.9966
v  23.9983 -36.6905 35.3883
v  23.9983 -36.9907 35.3786
v  24.0766 -36.9910 35.3770
v  24.0771 -36.6905 35.3869
v  23.9983 -37.1565 35.3465
v  24.0771 -37.1569 35.3451
v  23.9983 -37.3068 35.2801
v  24.0771 -37.3072 35.2787
v  23.9983 -37.4332 35.1778
v  24.0771 -37.4335 35.1764
v  23.9983 -37.5347 35.0506
v  24.0766 -37.5341 35.0492
v  23.9983 -37.6111 34.9089
v  24.0771 -37.6103 34.9075
v  23.9983 -37.6740 34.7488
v  24.0771 -37.6729 34.7474
v  23.9983 -37.7237 34.5613
v  24.0771 -37.7240 34.5599
v  23.9983 -37.7501 34.3621
v  24.0771 -37.7504 34.3607
v  23.9983 -37.7564 34.1203
v  24.0771 -37.7567 34.1189
v  23.9983 -32.9988 35.3786
v  24.0766 -32.9984 35.3770
v  24.0771 -33.2990 35.3869
v  23.9983 -33.2990 35.3883
v  23.9983 -32.8329 35.3465
v  24.0771 -32.8325 35.3451
v  23.9983 -32.6826 35.2801
v  24.0771 -32.6823 35.2787
v  23.9983 -32.5563 35.1778
v  24.0771 -32.5559 35.1764
v  23.9983 -32.4547 35.0506
v  24.0766 -32.4553 35.0492
v  23.9983 -32.3783 34.9089
v  24.0771 -32.3792 34.9075
v  23.9983 -32.3154 34.7488
v  24.0771 -32.3165 34.7474
v  23.9983 -32.2657 34.5613
v  24.0771 -32.2654 34.5599
v  23.9983 -32.2394 34.3621
v  24.0771 -32.2390 34.3607
v  23.9983 -32.2331 34.1203
v  24.0771 -32.2327 34.1189
v  24.0771 -34.9947 35.3869
v  23.9983 -34.9947 35.3883
v  24.0771 -32.2316 33.8767
v  23.9983 -36.9907 32.3748
v  24.0766 -36.9910 32.3764
v  24.0771 -36.6905 32.3665
v  23.9983 -36.6905 32.3651
v  23.9983 -37.1565 32.4069
v  24.0771 -37.1569 32.4083
v  23.9983 -37.3068 32.4733
v  24.0771 -37.3072 32.4747
v  23.9983 -37.4332 32.5756
v  24.0771 -37.4335 32.5770
v  23.9983 -37.5347 32.7028
v  24.0766 -37.5341 32.7042
v  23.9983 -37.6111 32.8445
v  24.0771 -37.6103 32.8459
v  23.9983 -37.6740 33.0045
v  24.0771 -37.6729 33.0059
v  23.9983 -37.7237 33.1920
v  24.0771 -37.7240 33.1934
v  23.9983 -37.7501 33.3913
v  24.0771 -37.7504 33.3926
v  23.9983 -37.7564 33.6331
v  24.0771 -37.7567 33.6345
v  23.9983 -37.7575 33.8767
v  24.0771 -37.7578 33.8767
v  24.0771 -34.9947 32.3665
v  23.9983 -34.9947 32.3651
v  23.9983 -32.9988 32.3748
v  23.9983 -33.2990 32.3651
v  24.0771 -33.2990 32.3665
v  24.0766 -32.9984 32.3764
v  24.0771 -32.8325 32.4083
v  23.9983 -32.8329 32.4069
v  24.0771 -32.6823 32.4747
v  23.9983 -32.6826 32.4733
v  24.0771 -32.5559 32.5770
v  23.9983 -32.5563 32.5756
v  24.0766 -32.4553 32.7042
v  23.9983 -32.4547 32.7028
v  24.0771 -32.3792 32.8459
v  23.9983 -32.3783 32.8445
v  24.0771 -32.3165 33.0059
v  23.9983 -32.3154 33.0045
v  24.0771 -32.2654 33.1934
v  23.9983 -32.2657 33.1920
v  24.0771 -32.2390 33.3926
v  23.9983 -32.2394 33.3913
v  24.0771 -32.2327 33.6345
v  23.9983 -32.2331 33.6331
v  23.9983 -32.2320 33.8767
v  24.0770 -36.6903 35.3799
v  24.0770 -36.9902 35.3700
v  24.0770 -37.1548 35.3384
v  24.0770 -37.3035 35.2727
v  24.0770 -37.4285 35.1714
v  24.0770 -37.5282 35.0453
v  24.0770 -37.6039 34.9045
v  24.0770 -37.6663 34.7452
v  24.0770 -37.7171 34.5586
v  24.0770 -37.7434 34.3602
v  24.0770 -37.7497 34.1188
v  24.0770 -37.7508 33.8767
v  24.0770 -37.7497 33.6346
v  24.0770 -37.7434 33.3932
v  24.0770 -37.7171 33.1948
v  24.0770 -37.6663 33.0081
v  24.0770 -37.6039 32.8488
v  24.0770 -37.5282 32.7080
v  24.0770 -37.4285 32.5819
v  24.0770 -37.3035 32.4807
v  24.0770 -37.1548 32.4150
v  24.0770 -36.9902 32.3834
v  24.0770 -36.6903 32.3735
v  24.0770 -34.9947 32.3735
v  24.0770 -33.2991 32.3735
v  24.0770 -32.9992 32.3834
v  24.0770 -32.8346 32.4150
v  24.0770 -32.6860 32.4807
v  24.0770 -32.5609 32.5819
v  24.0770 -32.4612 32.7080
v  24.0770 -32.3855 32.8488
v  24.0770 -32.3231 33.0081
v  24.0770 -32.2723 33.1948
v  24.0770 -32.2460 33.3932
v  24.0770 -32.2397 33.6346
v  24.0770 -32.2386 33.8767
v  24.0770 -32.2397 34.1188
v  24.0770 -32.2460 34.3602
v  24.0770 -32.2723 34.5586
v  24.0770 -32.3231 34.7452
v  24.0770 -32.3855 34.9045
v  24.0770 -32.4612 35.0453
v  24.0770 -32.5609 35.1714
v  24.0770 -32.6860 35.2727
v  24.0770 -32.8346 35.3384
v  24.0770 -32.9992 35.3700
v  24.0770 -33.2991 35.3799
v  24.0770 -34.9947 35.3799
v  23.9983 -36.9899 35.3716
v  23.9983 -36.6903 35.3813
v  23.9983 -34.9947 35.3813
v  23.9983 -33.2991 35.3813
v  23.9983 -32.9996 35.3716
v  23.9983 -32.8350 35.3398
v  23.9983 -32.6863 35.2740
v  23.9983 -32.5613 35.1728
v  23.9983 -32.4606 35.0467
v  23.9983 -32.3847 34.9059
v  23.9983 -32.3221 34.7466
v  23.9983 -32.2726 34.5600
v  23.9983 -32.2464 34.3615
v  23.9983 -32.2401 34.1202
v  23.9983 -32.2390 33.8767
v  23.9983 -32.2401 33.6332
v  23.9983 -32.2464 33.3918
v  23.9983 -32.2726 33.1934
v  23.9983 -32.3221 33.0067
v  23.9983 -32.3847 32.8475
v  23.9983 -32.4606 32.7067
v  23.9983 -32.5613 32.5806
v  23.9983 -32.6863 32.4793
v  23.9983 -32.8350 32.4136
v  23.9983 -32.9996 32.3818
v  23.9983 -33.2991 32.3721
v  23.9983 -34.9947 32.3721
v  23.9983 -36.6903 32.3721
v  23.9983 -36.9899 32.3818
v  23.9983 -37.1544 32.4136
v  23.9983 -37.3031 32.4793
v  23.9983 -37.4282 32.5806
v  23.9983 -37.5289 32.7067
v  23.9983 -37.6048 32.8475
v  23.9983 -37.6673 33.0067
v  23.9983 -37.7168 33.1934
v  23.9983 -37.7431 33.3918
v  23.9983 -37.7494 33.6332
v  23.9983 -37.7505 33.8767
v  23.9983 -37.7494 34.1202
v  23.9983 -37.7431 34.3615
v  23.9983 -37.7168 34.5600
v  23.9983 -37.6673 34.7466
v  23.9983 -37.6048 34.9059
v  23.9983 -37.5289 35.0467
v  23.9983 -37.4282 35.1728
v  23.9983 -37.3031 35.2740
v  23.9983 -37.1544 35.3398
v  23.9983 -34.9947 33.8767
v  24.0053 -36.6905 35.3881
v  24.0053 -36.9906 35.3785
v  24.0053 -37.1565 35.3464
v  24.0053 -37.3068 35.2800
v  24.0053 -37.4331 35.1777
v  24.0053 -37.5346 35.0505
v  24.0053 -37.6110 34.9088
v  24.0053 -37.6739 34.7488
v  24.0053 -37.7237 34.5613
v  24.0053 -37.7501 34.3621
v  24.0053 -37.7564 34.1203
v  24.0053 -37.7575 33.8767
v  24.0053 -37.7564 33.6331
v  24.0053 -37.7501 33.3913
v  24.0053 -37.7237 33.1921
v  24.0053 -37.6739 33.0046
v  24.0053 -37.6110 32.8446
v  24.0053 -37.5346 32.7028
v  24.0053 -37.4331 32.5757
v  24.0053 -37.3068 32.4734
v  24.0053 -37.1565 32.4070
v  24.0053 -36.9906 32.3749
v  24.0053 -36.6905 32.3652
v  24.0053 -34.9947 32.3652
v  24.0053 -33.2990 32.3652
v  24.0053 -32.9988 32.3749
v  24.0053 -32.8329 32.4070
v  24.0053 -32.6827 32.4734
v  24.0053 -32.5563 32.5757
v  24.0053 -32.4548 32.7028
v  24.0053 -32.3784 32.8446
v  24.0053 -32.3155 33.0046
v  24.0053 -32.2658 33.1921
v  24.0053 -32.2394 33.3913
v  24.0053 -32.2330 33.6331
v  24.0053 -32.2319 33.8767
v  24.0053 -32.2330 34.1203
v  24.0053 -32.2394 34.3621
v  24.0053 -32.2658 34.5613
v  24.0053 -32.3155 34.7488
v  24.0053 -32.3784 34.9088
v  24.0053 -32.4548 35.0505
v  24.0053 -32.5563 35.1777
v  24.0053 -32.6827 35.2800
v  24.0053 -32.8329 35.3464
v  24.0053 -32.9988 35.3785
v  24.0053 -33.2990 35.3881
v  24.0053 -34.9947 35.3881
v  24.0696 -36.9910 35.3771
v  24.0701 -36.6905 35.3870
v  24.0701 -34.9947 35.3870
v  24.0701 -33.2990 35.3870
v  24.0696 -32.9984 35.3771
v  24.0701 -32.8325 35.3452
v  24.0701 -32.6822 35.2788
v  24.0701 -32.5559 35.1765
v  24.0696 -32.4553 35.0493
v  24.0701 -32.3791 34.9075
v  24.0701 -32.3164 34.7475
v  24.0701 -32.2654 34.5600
v  24.0701 -32.2391 34.3607
v  24.0701 -32.2328 34.1189
v  24.0701 -32.2317 33.8767
v  24.0701 -32.2328 33.6345
v  24.0701 -32.2391 33.3926
v  24.0701 -32.2654 33.1934
v  24.0701 -32.3164 33.0059
v  24.0701 -32.3791 32.8459
v  24.0696 -32.4553 32.7041
v  24.0701 -32.5559 32.5769
v  24.0701 -32.6822 32.4746
v  24.0701 -32.8325 32.4082
v  24.0696 -32.9984 32.3763
v  24.0701 -33.2990 32.3663
v  24.0701 -34.9947 32.3664
v  24.0701 -36.6905 32.3663
v  24.0696 -36.9910 32.3763
v  24.0701 -37.1569 32.4082
v  24.0701 -37.3072 32.4746
v  24.0701 -37.4335 32.5769
v  24.0696 -37.5342 32.7041
v  24.0701 -37.6104 32.8459
v  24.0701 -37.6730 33.0059
v  24.0701 -37.7241 33.1934
v  24.0701 -37.7504 33.3926
v  24.0701 -37.7567 33.6345
v  24.0701 -37.7578 33.8767
v  24.0701 -37.7567 34.1189
v  24.0701 -37.7504 34.3607
v  24.0701 -37.7241 34.5600
v  24.0701 -37.6730 34.7475
v  24.0701 -37.6104 34.9075
v  24.0696 -37.5342 35.0493
v  24.0701 -37.4335 35.1765
v  24.0701 -37.3072 35.2788
v  24.0701 -37.1569 35.3452
v  24.0770 -34.9947 33.8767
v  23.3943 -34.9947 35.3779
v  23.9983 -34.9947 35.3822
v  23.9905 -34.9947 35.3840
v  23.3882 -34.9947 35.3648
v  23.4743 -34.9947 35.2634
v  23.9981 -34.9947 35.3682
v  23.9903 -34.9947 35.3883
v  22.9191 -34.9947 32.3834
v  22.9261 -34.9947 32.3833
v  22.9351 -34.9947 32.4341
v  22.9488 -34.9947 32.4583
v  23.2086 -34.9947 33.0238
v  23.3973 -32.9977 35.3678
v  23.9835 -33.0070 35.3788
v  23.9834 -33.3063 35.3883
v  23.4004 -33.2988 35.3780
v  23.3923 -32.8305 35.3353
v  23.9831 -32.8356 35.3472
v  23.3831 -32.6794 35.2671
v  23.9834 -32.6874 35.2837
v  23.3683 -32.5541 35.1628
v  23.9834 -32.5567 35.1805
v  23.3498 -32.4572 35.0335
v  23.9833 -32.4551 35.0502
v  23.3295 -32.3833 34.8927
v  23.9834 -32.3780 34.9085
v  23.3044 -32.3234 34.7343
v  23.9835 -32.3152 34.7476
v  23.2750 -32.2761 34.5497
v  23.9834 -32.2656 34.5596
v  23.2485 -32.2512 34.3542
v  23.9834 -32.2388 34.3602
v  23.2131 -32.2465 34.1161
v  23.9833 -32.2330 34.1186
v  23.1774 -32.2471 33.8755
v  23.9835 -32.2329 33.8789
v  23.9834 -34.1175 35.3882
v  23.4009 -34.1175 35.3780
v  22.9278 -32.9989 32.3932
v  22.9262 -33.1831 32.3838
v  23.9834 -33.1833 32.3653
v  23.9828 -33.0013 32.3745
v  23.9830 -32.8351 32.4055
v  22.9327 -32.8332 32.4252
v  23.9824 -32.6830 32.4716
v  22.9427 -32.6842 32.4923
v  23.9828 -32.5533 32.5731
v  22.9597 -32.5587 32.5931
v  23.9831 -32.4511 32.7004
v  22.9830 -32.4595 32.7195
v  23.9830 -32.3724 32.8440
v  23.0054 -32.3844 32.8591
v  23.9823 -32.3118 33.0025
v  23.0323 -32.3246 33.0169
v  23.9833 -32.2651 33.1851
v  23.0628 -32.2784 33.2016
v  23.9834 -32.2382 33.3931
v  23.0954 -32.2535 33.3972
v  23.9834 -32.2330 33.6349
v  23.1392 -32.2478 33.6351
v  22.9262 -34.1172 32.3832
v  23.9834 -34.1172 32.3651
v  23.9905 -33.3063 35.3885
v  23.9905 -33.0069 35.3789
v  23.9905 -33.0071 35.3750
v  23.9905 -33.3077 35.3824
v  23.9903 -32.8362 35.3475
v  23.9905 -32.8383 35.3427
v  23.9904 -32.6873 35.2838
v  23.9905 -32.6899 35.2798
v  23.9904 -32.5566 35.1806
v  23.9905 -32.5604 35.1766
v  23.9903 -32.4550 35.0503
v  23.9905 -32.4599 35.0470
v  23.9904 -32.3779 34.9086
v  23.9905 -32.3835 34.9063
v  23.9905 -32.3151 34.7477
v  23.9905 -32.3209 34.7462
v  23.9904 -32.2655 34.5596
v  23.9920 -32.2712 34.5582
v  23.9904 -32.2387 34.3602
v  23.9905 -32.2445 34.3594
v  23.9903 -32.2329 34.1186
v  23.9905 -32.2389 34.1181
v  23.9905 -32.2328 33.8789
v  23.9905 -32.2391 33.8789
v  23.9904 -34.1175 35.3884
v  23.9905 -34.1175 35.3832
v  23.9898 -33.0013 32.3744
v  23.9898 -33.1833 32.3652
v  23.9905 -33.1839 32.3685
v  23.9905 -33.0065 32.3777
v  23.9904 -32.8350 32.4054
v  23.9905 -32.8379 32.4102
v  23.9898 -32.6829 32.4715
v  23.9905 -32.6887 32.4747
v  23.9898 -32.5532 32.5730
v  23.9911 -32.5588 32.5756
v  23.9901 -32.4510 32.7003
v  23.9914 -32.4566 32.7027
v  23.9900 -32.3723 32.8440
v  23.9912 -32.3782 32.8462
v  23.9893 -32.3117 33.0025
v  23.9907 -32.3174 33.0043
v  23.9903 -32.2650 33.1850
v  23.9905 -32.2708 33.1868
v  23.9904 -32.2381 33.3931
v  23.9919 -32.2439 33.3943
v  23.9904 -32.2329 33.6349
v  23.9917 -32.2388 33.6355
v  23.9901 -34.1172 32.3649
v  23.9905 -34.1172 32.3686
v  23.9981 -33.0074 35.3731
v  23.9981 -33.3069 35.3824
v  23.9983 -32.8427 35.3435
v  23.9983 -32.6905 35.2791
v  23.9980 -32.5609 35.1768
v  23.9980 -32.4606 35.0481
v  23.9982 -32.3839 34.9067
v  23.9978 -32.3210 34.7462
v  23.9980 -32.2712 34.5579
v  23.9981 -32.2446 34.3590
v  23.9981 -32.2391 34.1180
v  23.9983 -32.2389 33.8791
v  23.9976 -33.1832 32.3712
v  23.9978 -33.0067 32.3797
v  23.9983 -32.8373 32.4113
v  23.9975 -32.6888 32.4749
v  23.9979 -32.5588 32.5756
v  23.9981 -32.4566 32.7027
v  23.9980 -32.3784 32.8463
v  23.9972 -32.3175 33.0044
v  23.9983 -32.2709 33.1869
v  23.9981 -32.2440 33.3945
v  23.9981 -32.2389 33.6356
v  23.9980 -34.1172 32.3710
v  23.9982 -34.1175 35.3823
v  23.9983 -34.9947 32.3707
v  23.9981 -34.1172 32.3776
v  23.9981 -33.1832 32.3775
v  23.9981 -33.0075 32.3867
v  23.9981 -32.8393 32.4180
v  23.9981 -32.6924 32.4809
v  23.9981 -32.5638 32.5807
v  23.9981 -32.4625 32.7066
v  23.9981 -32.3847 32.8492
v  23.9981 -32.3242 33.0065
v  23.9981 -32.2777 33.1882
v  23.9981 -32.2510 33.3950
v  23.9981 -32.2459 33.6356
v  23.9981 -32.2459 33.8791
v  23.9981 -32.2461 34.1179
v  23.9981 -32.2515 34.3585
v  23.9981 -32.2782 34.5565
v  23.9981 -32.3278 34.7439
v  23.9981 -32.3905 34.9037
v  23.9981 -32.4663 35.0443
v  23.9981 -32.5656 35.1721
v  23.9981 -32.6940 35.2729
v  23.9981 -32.8483 35.3324
v  23.9981 -33.0082 35.3662
v  23.9981 -33.3070 35.3754
v  23.9981 -34.1175 35.3753
v  23.9981 -34.1172 33.8760
v  23.9981 -34.1172 32.3846
v  23.9981 -33.1834 32.3845
v  23.9981 -33.0083 32.3937
v  23.9981 -32.8414 32.4248
v  23.9981 -32.6960 32.4870
v  23.9981 -32.5687 32.5857
v  23.9981 -32.4683 32.7105
v  23.9981 -32.3911 32.8522
v  23.9981 -32.3309 33.0086
v  23.9981 -32.2846 33.1896
v  23.9981 -32.2580 33.3955
v  23.9981 -32.2529 33.6357
v  23.9981 -32.2529 33.8791
v  23.9981 -32.2531 34.1178
v  23.9981 -32.2585 34.3579
v  23.9981 -32.2851 34.5552
v  23.9981 -32.3345 34.7417
v  23.9981 -32.3969 34.9007
v  23.9981 -32.4722 35.0405
v  23.9981 -32.5706 35.1671
v  23.9981 -32.6975 35.2668
v  23.9981 -32.8503 35.3257
v  23.9981 -33.0091 35.3592
v  23.9981 -33.3071 35.3684
v  23.9981 -34.1175 35.3683
v  23.3934 -33.2988 35.3778
v  23.3858 -33.3023 35.3743
v  23.3836 -33.0020 35.3643
v  23.3903 -32.9979 35.3677
v  23.3785 -32.8349 35.3321
v  23.3853 -32.8308 35.3352
v  23.3693 -32.6836 35.2647
v  23.3761 -32.6799 35.2673
v  23.3541 -32.5580 35.1605
v  23.3613 -32.5547 35.1633
v  23.3356 -32.4612 35.0321
v  23.3428 -32.4577 35.0341
v  23.3151 -32.3873 34.8912
v  23.3226 -32.3838 34.8935
v  23.2908 -32.3277 34.7317
v  23.2975 -32.3239 34.7352
v  23.2628 -32.2813 34.5471
v  23.2681 -32.2770 34.5506
v  23.2345 -32.2562 34.3523
v  23.2416 -32.2516 34.3552
v  23.2000 -32.2514 34.1168
v  23.2062 -32.2467 34.1171
v  23.1630 -32.2515 33.8766
v  23.1705 -32.2472 33.8766
v  23.3867 -34.1175 35.3742
v  23.3939 -34.1175 35.3779
v  22.9208 -32.9988 32.3933
v  22.9132 -32.9954 32.3973
v  22.9113 -33.1835 32.3886
v  22.9194 -33.1831 32.3839
v  22.9257 -32.8330 32.4254
v  22.9183 -32.8332 32.4286
v  22.9357 -32.6838 32.4927
v  22.9291 -32.6853 32.4962
v  22.9528 -32.5582 32.5938
v  22.9464 -32.5608 32.5966
v  22.9761 -32.4591 32.7204
v  22.9680 -32.4611 32.7232
v  22.9985 -32.3841 32.8600
v  22.9913 -32.3870 32.8628
v  23.0253 -32.3244 33.0180
v  23.0182 -32.3273 33.0224
v  23.0559 -32.2783 33.2027
v  23.0490 -32.2825 33.2053
v  23.0885 -32.2535 33.3984
v  23.0826 -32.2578 33.3984
v  23.1324 -32.2479 33.6363
v  23.1240 -32.2518 33.6366
v  22.9119 -34.1172 32.3876
v  22.9192 -34.1172 32.3834
v  23.3861 -33.3073 35.3652
v  23.3844 -33.0082 35.3560
v  23.3795 -32.8414 35.3245
v  23.3707 -32.6904 35.2578
v  23.3553 -32.5649 35.1536
v  23.3367 -32.4687 35.0266
v  23.3160 -32.3950 34.8854
v  23.2925 -32.3351 34.7248
v  23.2647 -32.2889 34.5410
v  23.2362 -32.2650 34.3470
v  23.2023 -32.2608 34.1150
v  23.1649 -32.2613 33.8750
v  23.3871 -34.1175 35.3650
v  22.9133 -32.9913 32.4067
v  22.9129 -33.1842 32.3984
v  22.9179 -32.8353 32.4372
v  22.9295 -32.6900 32.5041
v  22.9459 -32.5672 32.6021
v  22.9681 -32.4689 32.7288
v  22.9921 -32.3954 32.8673
v  23.0201 -32.3356 33.0284
v  23.0515 -32.2922 33.2082
v  23.0835 -32.2665 33.3975
v  23.1255 -32.2618 33.6353
v  22.9132 -34.1172 32.3973
v  23.4214 -33.3037 35.3220
v  23.4225 -33.0189 35.3093
v  23.4163 -32.8586 35.2826
v  23.4075 -32.7099 35.2186
v  23.3925 -32.5907 35.1201
v  23.3751 -32.4974 34.9960
v  23.3517 -32.4238 34.8615
v  23.3253 -32.3625 34.7029
v  23.2951 -32.3154 34.5214
v  23.2704 -32.2956 34.3338
v  23.2349 -32.2887 34.1093
v  23.1996 -32.2915 33.8737
v  23.4230 -34.1175 35.3220
v  22.9334 -32.9916 32.4442
v  22.9356 -33.1838 32.4402
v  22.9449 -32.8613 32.4828
v  22.9707 -32.7173 32.5752
v  22.9903 -32.6114 32.6666
v  23.0199 -32.5335 32.7862
v  23.0451 -32.4703 32.9049
v  23.0691 -32.3995 33.0553
v  23.0969 -32.3475 33.2223
v  23.1243 -32.3100 33.4084
v  23.1655 -32.2979 33.6457
v  22.9349 -34.1171 32.4361
v  23.4730 -33.3052 35.2623
v  23.4731 -33.0324 35.2518
v  23.4674 -32.8760 35.2260
v  23.4591 -32.7335 35.1661
v  23.4451 -32.6232 35.0735
v  23.4279 -32.5353 34.9566
v  23.4062 -32.4664 34.8287
v  23.3793 -32.4056 34.6646
v  23.3519 -32.3650 34.4910
v  23.3267 -32.3457 34.3123
v  23.2936 -32.3390 34.1008
v  23.2599 -32.3441 33.8745
v  23.4736 -34.1175 35.2628
v  22.9435 -32.9930 32.4628
v  22.9461 -33.1846 32.4594
v  22.9615 -32.8792 32.5117
v  23.0259 -32.7917 32.6602
v  22.9865 -32.8234 32.5725
v  23.0653 -32.6976 32.7783
v  23.0891 -32.6297 32.8671
v  23.1090 -32.5549 32.9703
v  23.1309 -32.4835 33.1000
v  23.1515 -32.4126 33.2585
v  23.1869 -32.3762 33.4432
v  23.2288 -32.3566 33.6693
v  22.9480 -34.1172 32.4583
v  23.1559 -32.7367 32.9585
v  23.1003 -32.8207 32.8073
v  23.0698 -32.7991 32.7487
v  23.1829 -32.5556 33.1497
v  23.1672 -32.6416 33.0381
v  23.2078 -32.4848 33.2984
v  23.2279 -32.4235 33.4638
v  23.1306 -32.8682 32.8616
v  23.1532 -32.9276 32.9010
v  23.5431 -33.3073 35.1676
v  23.5419 -33.0511 35.1599
v  23.5381 -32.8998 35.1356
v  23.5298 -32.7657 35.0823
v  23.5167 -32.6677 34.9986
v  23.5002 -32.5872 34.8929
v  23.4820 -32.5242 34.7758
v  23.4554 -32.4645 34.6057
v  23.4303 -32.4328 34.4449
v  23.4047 -32.4145 34.2805
v  23.3749 -32.4084 34.0894
v  23.3420 -32.4178 33.8786
v  23.5432 -34.1175 35.1685
v  23.3152 -32.4390 33.7072
v  23.2829 -32.4910 33.5005
v  23.2243 -32.7369 33.1249
v  23.2171 -32.8277 33.0785
v  23.2378 -32.6497 33.2111
v  23.2604 -32.5516 33.3559
v  23.1659 -32.9992 32.9207
v  23.2105 -33.0116 33.0361
v  23.2086 -33.1908 33.0238
v  23.1695 -33.1784 32.9191
v  23.2086 -34.1172 33.0238
v  23.1716 -34.1172 32.9183
v  23.3758 -33.2490 34.0957
v  23.3762 -33.0313 34.0980
v  23.3759 -34.1174 34.0962
v  23.5434 -34.9947 35.1695
v  23.3760 -34.9947 34.0966
v  22.9467 -32.9935 32.4650
v  22.9491 -33.1855 32.4627
v  22.9642 -32.8832 32.5133
v  23.0281 -32.7982 32.6612
v  22.9881 -32.8292 32.5732
v  22.9506 -34.1172 32.4623
v  23.1004 -32.8260 32.8039
v  23.0706 -32.8038 32.7461
v  23.1312 -32.8727 32.8575
v  23.1526 -32.9331 32.8957
v  23.1646 -33.0006 32.9121
v  23.1690 -33.1779 32.9129
v  23.1712 -34.1174 32.9119
v  22.9506 -32.9941 32.4667
v  22.9533 -33.1859 32.4636
v  22.9693 -32.8844 32.5139
v  23.0338 -32.8018 32.6592
v  22.9940 -32.8320 32.5737
v  22.9551 -34.1172 32.4637
v  23.1054 -32.8298 32.8004
v  23.0752 -32.8061 32.7422
v  23.1355 -32.8750 32.8540
v  23.1573 -32.9346 32.8907
v  23.1703 -32.9986 32.9065
v  23.1734 -33.1779 32.9080
v  23.1750 -34.1172 32.9072
v  23.0097 -32.9939 32.4671
v  23.0076 -33.1866 32.4641
v  23.0333 -32.8822 32.5179
v  23.0987 -32.8058 32.6549
v  23.0616 -32.8319 32.5764
v  23.0058 -34.1172 32.4637
v  23.1629 -32.8368 32.7831
v  23.1351 -32.8116 32.7260
v  23.1854 -32.8761 32.8287
v  23.2015 -32.9292 32.8636
v  23.2117 -32.9925 32.8843
v  23.2132 -33.1771 32.8880
v  23.2139 -34.1177 32.8877
v  23.0073 -34.9947 32.4641
v  23.2137 -34.9934 32.8875
v  22.9445 -34.1172 32.4523
v  22.9427 -33.1846 32.4533
v  22.9401 -32.9915 32.4567
v  22.9584 -32.8750 32.5069
v  22.9841 -32.8172 32.5698
v  23.0245 -32.7847 32.6599
v  23.0694 -32.7922 32.7504
v  23.1008 -32.8145 32.8107
v  23.1320 -32.8632 32.8664
v  23.1553 -32.9244 32.9069
v  23.1684 -32.9981 32.9272
v  23.1719 -33.1784 32.9257
v  23.1739 -34.1172 32.9249
v  22.9454 -34.9947 32.4522
v  23.3916 -34.1175 35.3596
v  23.3905 -33.3073 35.3598
v  23.3888 -33.0087 35.3506
v  23.3840 -32.8428 35.3193
v  23.3753 -32.6929 35.2530
v  23.3600 -32.5683 35.1496
v  23.3416 -32.4726 35.0234
v  23.3209 -32.3992 34.8828
v  23.2975 -32.3395 34.7227
v  23.2698 -32.2934 34.5394
v  23.2414 -32.2696 34.3459
v  23.2075 -32.2653 34.1142
v  23.1701 -32.2660 33.8742
v  23.1304 -32.2667 33.6345
v  23.0881 -32.2719 33.3972
v  23.0557 -32.2978 33.2085
v  23.0240 -32.3414 33.0294
v  22.9957 -32.4010 32.8692
v  22.9716 -32.4743 32.7317
v  22.9493 -32.5719 32.6062
v  22.9329 -32.6935 32.5092
v  22.9213 -32.8373 32.4431
v  22.9167 -32.9920 32.4129
v  22.9163 -33.1843 32.4047
v  22.9166 -34.1172 32.4034
v  22.9155 -34.9947 32.4002
v  23.3973 -36.9917 35.3678
v  23.4004 -36.6907 35.3780
v  23.9834 -36.6832 35.3883
v  23.9835 -36.9825 35.3788
v  23.9831 -37.1538 35.3472
v  23.3922 -37.1589 35.3353
v  23.9834 -37.3021 35.2837
v  23.3831 -37.3100 35.2671
v  23.9834 -37.4327 35.1805
v  23.3683 -37.4353 35.1628
v  23.9833 -37.5344 35.0502
v  23.3498 -37.5322 35.0335
v  23.9834 -37.6114 34.9085
v  23.3295 -37.6062 34.8927
v  23.9835 -37.6742 34.7476
v  23.3044 -37.6660 34.7343
v  23.9834 -37.7238 34.5596
v  23.2750 -37.7133 34.5497
v  23.9834 -37.7506 34.3602
v  23.2485 -37.7382 34.3542
v  23.9833 -37.7564 34.1186
v  23.2131 -37.7430 34.1161
v  23.9835 -37.7565 33.8789
v  23.1774 -37.7423 33.8755
v  23.4009 -35.8719 35.3780
v  23.9834 -35.8719 35.3882
v  22.9277 -36.9905 32.3932
v  23.9828 -36.9881 32.3745
v  23.9834 -36.8062 32.3653
v  22.9262 -36.8064 32.3838
v  22.9327 -37.1562 32.4252
v  23.9830 -37.1544 32.4055
v  22.9427 -37.3052 32.4923
v  23.9824 -37.3064 32.4716
v  22.9597 -37.4307 32.5931
v  23.9828 -37.4362 32.5731
v  22.9830 -37.5299 32.7195
v  23.9831 -37.5383 32.7004
v  23.0054 -37.6050 32.8591
v  23.9830 -37.6170 32.8440
v  23.0323 -37.6648 33.0169
v  23.9823 -37.6776 33.0025
v  23.0628 -37.7110 33.2016
v  23.9833 -37.7243 33.1851
v  23.0954 -37.7360 33.3972
v  23.9834 -37.7512 33.3931
v  23.1392 -37.7417 33.6351
v  23.9834 -37.7564 33.6349
v  23.9834 -35.8722 32.3651
v  22.9262 -35.8722 32.3832
v  23.9905 -36.6832 35.3885
v  23.9905 -36.6817 35.3824
v  23.9905 -36.9823 35.3750
v  23.9905 -36.9825 35.3789
v  23.9905 -37.1511 35.3427
v  23.9903 -37.1532 35.3475
v  23.9905 -37.2995 35.2798
v  23.9904 -37.3021 35.2838
v  23.9905 -37.4290 35.1766
v  23.9904 -37.4328 35.1806
v  23.9905 -37.5295 35.0470
v  23.9902 -37.5345 35.0503
v  23.9905 -37.6059 34.9063
v  23.9904 -37.6115 34.9086
v  23.9905 -37.6685 34.7462
v  23.9905 -37.6743 34.7477
v  23.9920 -37.7182 34.5582
v  23.9904 -37.7239 34.5596
v  23.9905 -37.7449 34.3594
v  23.9904 -37.7508 34.3602
v  23.9905 -37.7506 34.1181
v  23.9903 -37.7565 34.1186
v  23.9905 -37.7503 33.8789
v  23.9905 -37.7567 33.8789
v  23.9905 -35.8719 35.3832
v  23.9904 -35.8719 35.3884
v  23.9898 -36.9881 32.3744
v  23.9905 -36.9829 32.3777
v  23.9905 -36.8056 32.3685
v  23.9898 -36.8062 32.3652
v  23.9904 -37.1544 32.4054
v  23.9905 -37.1515 32.4102
v  23.9898 -37.3065 32.4715
v  23.9905 -37.3007 32.4747
v  23.9898 -37.4362 32.5730
v  23.9911 -37.4307 32.5756
v  23.9901 -37.5384 32.7003
v  23.9914 -37.5328 32.7027
v  23.9900 -37.6171 32.8440
v  23.9912 -37.6112 32.8462
v  23.9893 -37.6777 33.0025
v  23.9907 -37.6721 33.0043
v  23.9903 -37.7244 33.1850
v  23.9905 -37.7186 33.1868
v  23.9904 -37.7514 33.3931
v  23.9919 -37.7455 33.3943
v  23.9904 -37.7565 33.6349
v  23.9917 -37.7506 33.6355
v  23.9905 -35.8722 32.3686
v  23.9901 -35.8722 32.3649
v  23.9981 -36.6826 35.3824
v  23.9981 -36.9820 35.3731
v  23.9983 -37.1468 35.3435
v  23.9983 -37.2989 35.2791
v  23.9980 -37.4286 35.1768
v  23.9980 -37.5288 35.0481
v  23.9981 -37.6056 34.9067
v  23.9978 -37.6685 34.7462
v  23.9980 -37.7182 34.5579
v  23.9981 -37.7448 34.3590
v  23.9981 -37.7503 34.1180
v  23.9983 -37.7506 33.8791
v  23.9978 -36.9827 32.3797
v  23.9976 -36.8062 32.3712
v  23.9983 -37.1521 32.4113
v  23.9975 -37.3006 32.4749
v  23.9979 -37.4306 32.5756
v  23.9981 -37.5328 32.7027
v  23.9980 -37.6111 32.8463
v  23.9972 -37.6719 33.0044
v  23.9983 -37.7185 33.1869
v  23.9981 -37.7454 33.3945
v  23.9981 -37.7506 33.6356
v  23.9980 -35.8722 32.3710
v  23.9982 -35.8719 35.3823
v  23.9981 -35.8722 32.3776
v  23.9981 -34.9947 32.3777
v  23.9981 -36.9819 32.3867
v  23.9981 -36.8062 32.3775
v  23.9981 -37.1501 32.4180
v  23.9981 -37.2970 32.4809
v  23.9981 -37.4256 32.5807
v  23.9981 -37.5269 32.7066
v  23.9981 -37.6047 32.8492
v  23.9981 -37.6652 33.0065
v  23.9981 -37.7117 33.1882
v  23.9981 -37.7384 33.3950
v  23.9981 -37.7436 33.6356
v  23.9981 -37.7436 33.8791
v  23.9981 -37.7433 34.1179
v  23.9981 -37.7379 34.3585
v  23.9981 -37.7112 34.5565
v  23.9981 -37.6616 34.7439
v  23.9981 -37.5989 34.9037
v  23.9981 -37.5231 35.0443
v  23.9981 -37.4238 35.1721
v  23.9981 -37.2954 35.2729
v  23.9981 -37.1411 35.3324
v  23.9981 -36.9812 35.3662
v  23.9981 -36.6825 35.3754
v  23.9981 -35.8719 35.3753
v  23.9981 -34.9947 32.3847
v  23.9981 -35.8722 32.3846
v  23.9981 -35.8722 33.8760
v  23.9981 -36.8060 32.3845
v  23.9981 -36.9811 32.3937
v  23.9981 -37.1480 32.4248
v  23.9981 -37.2934 32.4870
v  23.9981 -37.4207 32.5857
v  23.9981 -37.5211 32.7105
v  23.9981 -37.5983 32.8522
v  23.9981 -37.6586 33.0086
v  23.9981 -37.7048 33.1896
v  23.9981 -37.7314 33.3955
v  23.9981 -37.7366 33.6357
v  23.9981 -37.7366 33.8791
v  23.9981 -37.7363 34.1178
v  23.9981 -37.7309 34.3579
v  23.9981 -37.7043 34.5552
v  23.9981 -37.6550 34.7417
v  23.9981 -37.5926 34.9007
v  23.9981 -37.5172 35.0405
v  23.9981 -37.4188 35.1671
v  23.9981 -37.2919 35.2668
v  23.9981 -37.1391 35.3257
v  23.9981 -36.9804 35.3592
v  23.9981 -36.6823 35.3684
v  23.9981 -35.8719 35.3683
v  23.3934 -36.6906 35.3778
v  23.3903 -36.9915 35.3677
v  23.3836 -36.9874 35.3643
v  23.3858 -36.6871 35.3743
v  23.3853 -37.1586 35.3352
v  23.3785 -37.1546 35.3321
v  23.3761 -37.3095 35.2673
v  23.3693 -37.3058 35.2647
v  23.3613 -37.4348 35.1633
v  23.3541 -37.4314 35.1605
v  23.3428 -37.5317 35.0341
v  23.3356 -37.5282 35.0321
v  23.3226 -37.6056 34.8935
v  23.3151 -37.6021 34.8912
v  23.2975 -37.6656 34.7352
v  23.2908 -37.6617 34.7317
v  23.2681 -37.7124 34.5506
v  23.2628 -37.7081 34.5471
v  23.2415 -37.7379 34.3552
v  23.2345 -37.7332 34.3523
v  23.2062 -37.7428 34.1171
v  23.2000 -37.7380 34.1168
v  23.1705 -37.7422 33.8766
v  23.1630 -37.7379 33.8766
v  23.3939 -35.8719 35.3779
v  23.3867 -35.8719 35.3742
v  23.3875 -34.9947 35.3741
v  22.9208 -36.9906 32.3933
v  22.9194 -36.8064 32.3839
v  22.9113 -36.8059 32.3886
v  22.9131 -36.9940 32.3973
v  22.9257 -37.1564 32.4254
v  22.9183 -37.1562 32.4286
v  22.9357 -37.3057 32.4927
v  22.9291 -37.3041 32.4962
v  22.9528 -37.4312 32.5938
v  22.9464 -37.4286 32.5966
v  22.9761 -37.5303 32.7204
v  22.9680 -37.5283 32.7232
v  22.9985 -37.6053 32.8600
v  22.9913 -37.6024 32.8628
v  23.0253 -37.6650 33.0180
v  23.0182 -37.6621 33.0224
v  23.0559 -37.7111 33.2027
v  23.0490 -37.7069 33.2053
v  23.0885 -37.7359 33.3984
v  23.0826 -37.7316 33.3984
v  23.1323 -37.7415 33.6363
v  23.1240 -37.7376 33.6366
v  22.9192 -35.8722 32.3834
v  22.9119 -35.8722 32.3876
v  23.3844 -36.9812 35.3560
v  23.3861 -36.6821 35.3652
v  23.3795 -37.1481 35.3245
v  23.3707 -37.2991 35.2578
v  23.3553 -37.4246 35.1536
v  23.3367 -37.5207 35.0266
v  23.3160 -37.5944 34.8854
v  23.2925 -37.6543 34.7248
v  23.2647 -37.7006 34.5410
v  23.2362 -37.7244 34.3470
v  23.2023 -37.7287 34.1150
v  23.1649 -37.7281 33.8750
v  23.3871 -35.8719 35.3650
v  22.9129 -36.8052 32.3984
v  22.9133 -36.9981 32.4067
v  22.9179 -37.1542 32.4372
v  22.9295 -37.2994 32.5041
v  22.9459 -37.4222 32.6021
v  22.9681 -37.5205 32.7288
v  22.9921 -37.5940 32.8673
v  23.0201 -37.6538 33.0284
v  23.0515 -37.6972 33.2082
v  23.0835 -37.7229 33.3975
v  23.1255 -37.7276 33.6353
v  22.9129 -34.9947 32.3868
v  22.9121 -34.9947 32.3942
v  22.9132 -35.8722 32.3973
v  23.3905 -36.6821 35.3598
v  23.3888 -36.9807 35.3506
v  23.4225 -36.9705 35.3093
v  23.4214 -36.6857 35.3220
v  23.3840 -37.1466 35.3193
v  23.4163 -37.1308 35.2826
v  23.3753 -37.2965 35.2530
v  23.4075 -37.2795 35.2186
v  23.3600 -37.4212 35.1496
v  23.3925 -37.3987 35.1201
v  23.3416 -37.5168 35.0234
v  23.3751 -37.4920 34.9960
v  23.3209 -37.5902 34.8828
v  23.3517 -37.5656 34.8615
v  23.2975 -37.6499 34.7227
v  23.3253 -37.6270 34.7029
v  23.2698 -37.6961 34.5394
v  23.2951 -37.6740 34.5214
v  23.2414 -37.7199 34.3459
v  23.2704 -37.6938 34.3338
v  23.2075 -37.7241 34.1142
v  23.2349 -37.7007 34.1093
v  23.1701 -37.7234 33.8742
v  23.1996 -37.6979 33.8737
v  23.3927 -34.9947 35.3594
v  23.3916 -35.8719 35.3596
v  23.4230 -35.8719 35.3220
v  23.4245 -34.9947 35.3221
v  22.9167 -36.9974 32.4129
v  22.9163 -36.8051 32.4047
v  22.9356 -36.8056 32.4402
v  22.9334 -36.9978 32.4442
v  22.9213 -37.1521 32.4431
v  22.9449 -37.1282 32.4828
v  22.9329 -37.2959 32.5092
v  22.9707 -37.2721 32.5752
v  22.9493 -37.4175 32.6062
v  22.9903 -37.3780 32.6666
v  22.9716 -37.5151 32.7317
v  23.0199 -37.4559 32.7862
v  22.9957 -37.5884 32.8692
v  23.0451 -37.5191 32.9049
v  23.0240 -37.6480 33.0294
v  23.0691 -37.5899 33.0553
v  23.0557 -37.6917 33.2085
v  23.0968 -37.6419 33.2223
v  23.0881 -37.7176 33.3972
v  23.1243 -37.6794 33.4084
v  23.1304 -37.7227 33.6345
v  23.1655 -37.6915 33.6457
v  22.9166 -35.8722 32.4034
v  22.9349 -35.8723 32.4361
v  23.9834 -34.9947 35.3881
v  23.4731 -36.9570 35.2518
v  23.4730 -36.6842 35.2623
v  23.4674 -37.1135 35.2260
v  23.4591 -37.2559 35.1661
v  23.4451 -37.3663 35.0735
v  23.4279 -37.4541 34.9566
v  23.4062 -37.5230 34.8287
v  23.3793 -37.5838 34.6646
v  23.3519 -37.6244 34.4910
v  23.3267 -37.6437 34.3123
v  23.2936 -37.6504 34.1008
v  23.2599 -37.6453 33.8745
v  23.4736 -35.8719 35.2628
v  22.9427 -36.8048 32.4533
v  22.9401 -36.9980 32.4567
v  22.9584 -37.1145 32.5069
v  22.9841 -37.1722 32.5698
v  23.0245 -37.2047 32.6599
v  23.0653 -37.2919 32.7783
v  23.0891 -37.3597 32.8671
v  23.1090 -37.4345 32.9703
v  23.1309 -37.5059 33.1000
v  23.1515 -37.5768 33.2585
v  23.1869 -37.6133 33.4432
v  23.2288 -37.6328 33.6693
v  22.9445 -35.8722 32.4523
v  23.0694 -37.1972 32.7504
v  23.1008 -37.1749 32.8107
v  23.1559 -37.2528 32.9585
v  23.1672 -37.3478 33.0381
v  23.1829 -37.4338 33.1497
v  23.2078 -37.5046 33.2984
v  23.2279 -37.5659 33.4638
v  23.1320 -37.1262 32.8664
v  23.1553 -37.0651 32.9069
v  23.5419 -36.9383 35.1599
v  23.5431 -36.6821 35.1676
v  23.5381 -37.0896 35.1356
v  23.5298 -37.2237 35.0823
v  23.5167 -37.3217 34.9986
v  23.5002 -37.4022 34.8929
v  23.4820 -37.4652 34.7758
v  23.4554 -37.5249 34.6057
v  23.4303 -37.5566 34.4449
v  23.4047 -37.5750 34.2805
v  23.3748 -37.5810 34.0894
v  23.3420 -37.5716 33.8786
v  23.5432 -35.8719 35.1685
v  23.2829 -37.4984 33.5005
v  23.3152 -37.5504 33.7072
v  23.2171 -37.1617 33.0785
v  23.2243 -37.2525 33.1249
v  23.2378 -37.3397 33.2111
v  23.2604 -37.4378 33.3559
v  23.1684 -36.9913 32.9272
v  23.2105 -36.9778 33.0361
v  23.1719 -36.8111 32.9257
v  23.2086 -36.7987 33.0238
v  23.1739 -35.8722 32.9249
v  23.2086 -35.8722 33.0238
v  23.9834 -34.9947 32.3648
v  23.9905 -34.9947 32.3686
v  23.9904 -34.9947 32.3646
v  23.1754 -34.9947 32.9242
v  23.9981 -34.9947 33.8760
v  23.3762 -36.9581 34.0980
v  23.3758 -36.7404 34.0957
v  23.3759 -35.8721 34.0962
v  23.4013 -34.9947 35.3780
v  23.9981 -34.9947 35.3752
v  22.9461 -36.8048 32.4594
v  22.9491 -36.8039 32.4627
v  22.9467 -36.9959 32.4650
v  22.9435 -36.9964 32.4628
v  22.9642 -37.1063 32.5133
v  22.9615 -37.1102 32.5117
v  22.9865 -37.1660 32.5725
v  22.9881 -37.1602 32.5732
v  23.0281 -37.1912 32.6612
v  23.0259 -37.1977 32.6602
v  22.9480 -35.8722 32.4583
v  22.9506 -35.8722 32.4623
v  23.0698 -37.1904 32.7487
v  23.0706 -37.1856 32.7461
v  23.1004 -37.1634 32.8039
v  23.1003 -37.1687 32.8073
v  23.1312 -37.1168 32.8575
v  23.1306 -37.1213 32.8616
v  23.1526 -37.0563 32.8957
v  23.1532 -37.0618 32.9010
v  23.1646 -36.9888 32.9121
v  23.1659 -36.9902 32.9207
v  23.1690 -36.8116 32.9129
v  23.1695 -36.8111 32.9191
v  23.1712 -35.8720 32.9119
v  23.1716 -35.8722 32.9183
v  22.9524 -34.9947 32.4614
v  23.1727 -34.9947 32.9104
v  23.1732 -34.9947 32.9176
v  22.9533 -36.8035 32.4636
v  22.9506 -36.9953 32.4667
v  22.9693 -37.1050 32.5139
v  22.9940 -37.1574 32.5737
v  23.0338 -37.1877 32.6592
v  22.9551 -35.8722 32.4637
v  23.0752 -37.1833 32.7422
v  23.1054 -37.1596 32.8004
v  23.1355 -37.1145 32.8540
v  23.1573 -37.0549 32.8907
v  23.1703 -36.9908 32.9065
v  23.1734 -36.8115 32.9080
v  23.1750 -35.8722 32.9072
v  22.9566 -34.9947 32.4641
v  23.1764 -34.9947 32.9065
v  23.0076 -36.8028 32.4641
v  23.0097 -36.9956 32.4671
v  23.0333 -37.1072 32.5179
v  23.0616 -37.1575 32.5764
v  23.0987 -37.1837 32.6549
v  23.0058 -35.8722 32.4637
v  23.1351 -37.1778 32.7260
v  23.1629 -37.1527 32.7831
v  23.1854 -37.1133 32.8287
v  23.2015 -37.0602 32.8636
v  23.2117 -36.9969 32.8843
v  23.2132 -36.8124 32.8880
v  23.2139 -35.8717 32.8877
v  23.2137 -34.9960 32.8875
v  23.9829 -32.9170 32.3848
v  22.9295 -32.9148 32.4039
v  23.9901 -32.9169 32.3847
v  23.9905 -32.9210 32.3888
v  23.9981 -32.9208 32.3903
v  23.9981 -32.9222 32.3973
v  23.9981 -32.9237 32.4042
v  22.9149 -32.9130 32.4076
v  22.9225 -32.9146 32.4041
v  22.9146 -32.9120 32.4168
v  22.9372 -32.9245 32.4574
v  22.9492 -32.9323 32.4797
v  22.9523 -32.9345 32.4817
v  22.9566 -32.9353 32.4829
v  23.0178 -32.9338 32.4849
v  22.9459 -32.9293 32.4741
v  22.9180 -32.9134 32.4228
v  22.9502 -33.1668 32.4678
v  22.9534 -33.1673 32.4733
v  22.9507 -32.9857 32.4774
v  22.9479 -32.9824 32.4721
v  22.9692 -32.8825 32.5262
v  22.9669 -32.8783 32.5224
v  22.9923 -32.8289 32.5825
v  22.9942 -32.8353 32.5849
v  23.0296 -32.8104 32.6625
v  23.0287 -32.8023 32.6626
v  22.9530 -34.0483 32.4677
v  22.9560 -34.0483 32.4733
v  23.0698 -32.8078 32.7459
v  23.0699 -32.8161 32.7440
v  23.0974 -32.8378 32.7974
v  23.0988 -32.8308 32.8013
v  23.1255 -32.8816 32.8476
v  23.1275 -32.8738 32.8535
v  23.1457 -32.9357 32.8829
v  23.1486 -32.9314 32.8900
v  23.1573 -33.0002 32.9010
v  23.1604 -33.0005 32.9080
v  23.1618 -33.1606 32.9018
v  23.1643 -33.1610 32.9074
v  23.1648 -34.0486 32.9006
v  23.1673 -34.0483 32.9064
v  23.0678 -34.0484 32.6845
v  23.0623 -33.1641 32.6853
v  23.0580 -32.9928 32.6873
v  23.1184 -34.0485 32.7916
v  23.1133 -33.1623 32.7929
v  23.1087 -32.9964 32.7937
v  23.0138 -34.0484 32.5792
v  23.0088 -33.1660 32.5788
v  23.0053 -32.9892 32.5819
v  23.0095 -33.1641 32.4683
v  23.0123 -32.9857 32.4732
v  23.0365 -32.8814 32.5232
v  23.0627 -32.8348 32.5786
v  23.1009 -32.8089 32.6570
v  23.0077 -34.0477 32.4680
v  23.1346 -32.8148 32.7254
v  23.1619 -32.8398 32.7815
v  23.1844 -32.8818 32.8296
v  23.2024 -32.9411 32.8658
v  23.2112 -33.0109 32.8831
v  23.2111 -33.1619 32.8841
v  23.2115 -34.0487 32.8841
v  22.9566 -32.9300 32.4945
v  22.9545 -32.9271 32.4907
v  23.0209 -32.9320 32.4914
v  22.9541 -34.9935 32.4676
v  23.1686 -34.9935 32.9059
v  23.1198 -34.9935 32.7895
v  22.9502 -36.8202 32.4678
v  22.9534 -36.8198 32.4733
v  22.9507 -37.0014 32.4774
v  22.9479 -37.0046 32.4721
v  22.9566 -37.0571 32.4945
v  22.9558 -37.0600 32.4908
v  22.9923 -37.1581 32.5825
v  22.9942 -37.1518 32.5849
v  23.0296 -37.1767 32.6625
v  23.0287 -37.1848 32.6626
v  22.9530 -35.9387 32.4677
v  22.9560 -35.9387 32.4733
v  22.9669 -37.1088 32.5224
v  22.9692 -37.1046 32.5262
v  23.0698 -37.1792 32.7459
v  23.0699 -37.1709 32.7440
v  23.0974 -37.1492 32.7974
v  23.0988 -37.1563 32.8013
v  23.1255 -37.1055 32.8476
v  23.1275 -37.1132 32.8535
v  23.1457 -37.0513 32.8829
v  23.1486 -37.0556 32.8900
v  23.1573 -36.9869 32.9010
v  23.1604 -36.9865 32.9080
v  23.1618 -36.8265 32.9018
v  23.1643 -36.8260 32.9074
v  23.1648 -35.9385 32.9006
v  23.1673 -35.9387 32.9064
v  23.1660 -34.9935 32.8995
v  23.1133 -36.8247 32.7929
v  23.1184 -35.9386 32.7916
v  23.1087 -36.9906 32.7937
v  23.0053 -36.9979 32.5819
v  23.0679 -35.9386 32.6845
v  23.0138 -35.9387 32.5792
v  23.0143 -34.9935 32.5761
v  23.0691 -34.9935 32.6818
v  23.0623 -36.8229 32.6853
v  23.0088 -36.8211 32.5788
v  23.0580 -36.9943 32.6873
v  22.9565 -34.9935 32.4718
v  23.0123 -37.0014 32.4732
v  23.0104 -36.8231 32.4678
v  23.0208 -37.0582 32.4915
v  23.0960 -37.1790 32.6491
v  23.0621 -37.1544 32.5778
v  23.0096 -35.9382 32.4682
v  23.0362 -37.1068 32.5229
v  23.1617 -37.1492 32.7824
v  23.1355 -37.1734 32.7284
v  23.1839 -37.1060 32.8309
v  23.2024 -37.0460 32.8658
v  23.2112 -36.9761 32.8831
v  23.2111 -36.8251 32.8841
v  23.2115 -35.9384 32.8842
v  23.2111 -34.9935 32.8844
v  23.0106 -34.9935 32.4684
v  22.9572 -33.1668 32.4679
v  22.9550 -32.9829 32.4722
v  22.9627 -32.9282 32.4905
v  22.9737 -32.8797 32.5214
v  22.9989 -32.8304 32.5804
v  23.0351 -32.8032 32.6598
v  23.0760 -32.8083 32.7427
v  23.1049 -32.8310 32.7980
v  23.1336 -32.8739 32.8501
v  23.1548 -32.9313 32.8866
v  23.1666 -33.0004 32.9047
v  23.1706 -33.1609 32.9043
v  23.1736 -34.0483 32.9032
v  23.1749 -34.9935 32.9027
v  23.1736 -35.9387 32.9032
v  23.1706 -36.8261 32.9043
v  23.1666 -36.9867 32.9047
v  23.1548 -37.0558 32.8866
v  23.1336 -37.1133 32.8502
v  23.1050 -37.1563 32.7980
v  23.0760 -37.1789 32.7427
v  23.0351 -37.1840 32.6598
v  22.9989 -37.1569 32.5803
v  22.9737 -37.1074 32.5213
v  22.9627 -37.0589 32.4904
v  22.9550 -37.0042 32.4721
v  22.9572 -36.8203 32.4678
v  22.9600 -35.9387 32.4678
v  22.9611 -34.9935 32.4677
v  22.9600 -34.0483 32.4678
v  23.0053 -32.9851 32.4732
v  23.0025 -33.1641 32.4682
v  23.0007 -34.0477 32.4680
v  23.0036 -34.9935 32.4683
v  23.0026 -35.9382 32.4682
v  23.0034 -36.8231 32.4678
v  23.0053 -37.0019 32.4732
v  23.0139 -37.0595 32.4920
v  23.0295 -37.1084 32.5241
v  23.0555 -37.1557 32.5800
v  23.0897 -37.1798 32.6520
v  23.1293 -37.1738 32.7315
v  23.1554 -37.1494 32.7855
v  23.1777 -37.1061 32.8341
v  23.1963 -37.0460 32.8691
v  23.2050 -36.9762 32.8863
v  23.2048 -36.8251 32.8872
v  23.2053 -35.9384 32.8873
v  23.2049 -34.9935 32.8875
v  23.2052 -34.0487 32.8872
v  23.2048 -33.1619 32.8872
v  23.2050 -33.0109 32.8863
v  23.1963 -32.9410 32.8691
v  23.1782 -32.8816 32.8329
v  23.1557 -32.8394 32.7847
v  23.1283 -32.8143 32.7285
v  23.0946 -32.8079 32.6599
v  23.0562 -32.8332 32.5808
v  23.0298 -32.8797 32.5244
v  23.0141 -32.9306 32.4918
v  23.4582 -35.2674 35.2645
v  23.4573 -35.2674 35.2745
v  23.4518 -35.2933 35.2707
v  23.4514 -35.2893 35.2812
v  23.4395 -35.3059 35.2827
v  23.4411 -35.2998 35.2929
v  23.4117 -35.3136 35.3120
v  23.4169 -35.3053 35.3202
v  23.3575 -35.3138 35.3719
v  23.3636 -35.3055 35.3805
v  23.3336 -35.3116 35.3795
v  23.3368 -35.3036 35.3868
v  23.3024 -35.3018 35.3850
v  23.3071 -35.2953 35.3919
v  23.2824 -35.2762 35.3962
v  23.2756 -35.2818 35.3890
v  23.2554 -35.2505 35.3929
v  23.2633 -35.2474 35.3995
v  23.2480 -35.2182 35.3938
v  23.3585 -35.3060 35.3831
v  23.4269 -35.3115 35.2952
v  23.4303 -35.3043 35.3050
v  23.4573 -35.2164 35.2745
v  23.4514 -35.2166 35.2812
v  23.4411 -35.2167 35.2929
v  23.4169 -35.2168 35.3202
v  23.3636 -35.2168 35.3805
v  23.3368 -35.2168 35.3868
v  23.3071 -35.2167 35.3920
v  23.2824 -35.2165 35.3963
v  23.2633 -35.2162 35.3996
v  23.2572 -35.2163 35.4006
v  23.3585 -35.2168 35.3831
v  23.4303 -35.2168 35.3050
v  23.4514 -35.2679 35.2812
v  23.4411 -35.2688 35.2929
v  23.4169 -35.2709 35.3202
v  23.3636 -35.2754 35.3805
v  23.3368 -35.2757 35.3868
v  23.3071 -35.2760 35.3920
v  23.3585 -35.2755 35.3831
v  23.4303 -35.2697 35.3050
v  23.4582 -35.2162 35.2646
v  23.4531 -35.2680 35.2321
v  23.4458 -35.2949 35.2404
v  23.4316 -35.3078 35.2565
v  23.4029 -35.3136 35.2891
v  23.3521 -35.3136 35.3471
v  23.3298 -35.3116 35.3561
v  23.2986 -35.3017 35.3619
v  23.2719 -35.2816 35.3664
v  23.2514 -35.2495 35.3699
v  23.2444 -35.2171 35.3712
v  23.4203 -35.3120 35.2691
v  23.4531 -35.2160 35.2318
v  23.4589 -35.2682 35.2696
v  23.4524 -35.2933 35.2769
v  23.4409 -35.3049 35.2888
v  23.4151 -35.3120 35.3175
v  23.3624 -35.3123 35.3772
v  23.4292 -35.3102 35.3014
v  23.4589 -35.2170 35.2697
v  23.3352 -35.3097 35.3844
v  23.3046 -35.3004 35.3896
v  23.2780 -35.2808 35.3941
v  23.2588 -35.2509 35.3978
v  23.2510 -35.2180 35.3991
v  23.3572 -35.3123 35.3793
v  23.4661 -35.2689 35.2173
v  23.4522 -35.3084 35.2327
v  23.4339 -35.3226 35.2530
v  23.4011 -35.3289 35.2903
v  23.3509 -35.3289 35.3468
v  23.3286 -35.3272 35.3563
v  23.2945 -35.3172 35.3622
v  23.2634 -35.2947 35.3676
v  23.2387 -35.2584 35.3719
v  23.2291 -35.2189 35.3735
v  23.4201 -35.3277 35.2696
v  23.4661 -35.2176 35.2168
v  23.4573 -34.7220 35.2745
v  23.4514 -34.7002 35.2812
v  23.4524 -34.6961 35.2769
v  23.4589 -34.7212 35.2696
v  23.4411 -34.6897 35.2929
v  23.4409 -34.6845 35.2888
v  23.4303 -34.6851 35.3050
v  23.4292 -34.6792 35.3014
v  23.4169 -34.6841 35.3202
v  23.3636 -34.6840 35.3805
v  23.3622 -34.6774 35.3772
v  23.4151 -34.6774 35.3175
v  23.3585 -34.6834 35.3831
v  23.3575 -34.6771 35.3797
v  23.3368 -34.6858 35.3868
v  23.3071 -34.6941 35.3919
v  23.3046 -34.6890 35.3896
v  23.3352 -34.6798 35.3844
v  23.2824 -34.7132 35.3963
v  23.2633 -34.7420 35.3995
v  23.2588 -34.7386 35.3978
v  23.2779 -34.7086 35.3941
v  23.2572 -34.7731 35.4006
v  23.2569 -34.9947 35.4007
v  23.2503 -34.9947 35.3993
v  23.2509 -34.7714 35.3991
v  23.4514 -34.7215 35.2812
v  23.4411 -34.7206 35.2929
v  23.4303 -34.7197 35.3050
v  23.4169 -34.7186 35.3202
v  23.3636 -34.7141 35.3805
v  23.3585 -34.7139 35.3831
v  23.3368 -34.7137 35.3868
v  23.3071 -34.7134 35.3920
v  23.2824 -34.7729 35.3963
v  23.2633 -34.7732 35.3996
v  23.3071 -34.7728 35.3920
v  23.4573 -34.7730 35.2745
v  23.4514 -34.7728 35.2812
v  23.4411 -34.7727 35.2929
v  23.4303 -34.7727 35.3050
v  23.4169 -34.7727 35.3202
v  23.3636 -34.7727 35.3805
v  23.3585 -34.7727 35.3831
v  23.3368 -34.7727 35.3868
v  23.4589 -34.7724 35.2697
v  23.4572 -34.9947 35.2747
v  23.4514 -34.9947 35.2812
v  23.4411 -34.9947 35.2929
v  23.4303 -34.9947 35.3050
v  23.4169 -34.9947 35.3202
v  23.3636 -34.9947 35.3805
v  23.3585 -34.9947 35.3831
v  23.3368 -34.9947 35.3868
v  23.3071 -34.9947 35.3920
v  23.2824 -34.9947 35.3963
v  23.2633 -34.9947 35.3996
v  23.4582 -34.7732 35.2646
v  23.4582 -34.7221 35.2645
v  23.4531 -34.7214 35.2321
v  23.4531 -34.7735 35.2318
v  23.4518 -34.6961 35.2707
v  23.4458 -34.6945 35.2404
v  23.4395 -34.6835 35.2827
v  23.4316 -34.6816 35.2565
v  23.4269 -34.6780 35.2952
v  23.4117 -34.6758 35.3120
v  23.4029 -34.6758 35.2891
v  23.4203 -34.6774 35.2691
v  23.3577 -34.6758 35.3715
v  23.3521 -34.6759 35.3471
v  23.3336 -34.6779 35.3795
v  23.3298 -34.6778 35.3561
v  23.3023 -34.6876 35.3850
v  23.2986 -34.6877 35.3619
v  23.2756 -34.7076 35.3890
v  23.2554 -34.7390 35.3929
v  23.2514 -34.7399 35.3699
v  23.2719 -34.7077 35.3664
v  23.2480 -34.7712 35.3938
v  23.2472 -34.9947 35.3940
v  23.2439 -34.9947 35.3729
v  23.2444 -34.7723 35.3713
v  23.4581 -34.9947 35.2640
v  23.4589 -34.9947 35.2696
v  23.4533 -34.9947 35.2333
v  23.4661 -34.7206 35.2173
v  23.4661 -34.7718 35.2168
v  23.4522 -34.6810 35.2327
v  23.4339 -34.6668 35.2530
v  23.4012 -34.6605 35.2904
v  23.4201 -34.6617 35.2695
v  23.3508 -34.6605 35.3467
v  23.3286 -34.6622 35.3563
v  23.2945 -34.6722 35.3623
v  23.2387 -34.7311 35.3719
v  23.2634 -34.6947 35.3676
v  23.2291 -34.7705 35.3735
v  23.4658 -34.9947 35.2174
v  23.2285 -34.9947 35.3736
v  23.4572 -35.2675 35.2568
v  23.4541 -35.2679 35.2404
v  23.4510 -35.2937 35.2633
v  23.4470 -35.2946 35.2483
v  23.4381 -35.3062 35.2761
v  23.4330 -35.3075 35.2637
v  23.4101 -35.3136 35.3060
v  23.4044 -35.3136 35.2957
v  23.3567 -35.3136 35.3652
v  23.3531 -35.3136 35.3539
v  23.3329 -35.3117 35.3704
v  23.3304 -35.3116 35.3621
v  23.3015 -35.3021 35.3760
v  23.2993 -35.3017 35.3678
v  23.2746 -35.2821 35.3801
v  23.2727 -35.2815 35.3722
v  23.2540 -35.2506 35.3840
v  23.2523 -35.2496 35.3758
v  23.2466 -35.2181 35.3850
v  23.2452 -35.2173 35.3771
v  23.4257 -35.3116 35.2886
v  23.4214 -35.3120 35.2762
v  23.4570 -35.2162 35.2569
v  23.4544 -35.2160 35.2401
v  23.4544 -34.7215 35.2403
v  23.4570 -34.7220 35.2569
v  23.4544 -34.7734 35.2401
v  23.4570 -34.7732 35.2569
v  23.4471 -34.6947 35.2483
v  23.4506 -34.6960 35.2634
v  23.4331 -34.6818 35.2636
v  23.4380 -34.6833 35.2761
v  23.4044 -34.6758 35.2957
v  23.4101 -34.6758 35.3060
v  23.4215 -34.6774 35.2762
v  23.4257 -34.6779 35.2886
v  23.3531 -34.6759 35.3539
v  23.3567 -34.6758 35.3652
v  23.3305 -34.6780 35.3621
v  23.3329 -34.6778 35.3704
v  23.2993 -34.6877 35.3678
v  23.3016 -34.6874 35.3760
v  23.2522 -34.7398 35.3758
v  23.2540 -34.7388 35.3840
v  23.2726 -34.7078 35.3723
v  23.2745 -34.7072 35.3802
v  23.2448 -34.9947 35.3784
v  23.2459 -34.9947 35.3854
v  23.2453 -34.7722 35.3771
v  23.2466 -34.7713 35.3850
v  23.4570 -34.9947 35.2568
v  23.4546 -34.9947 35.2414
v  -0.0017 -12.0430 0.0000
v  -0.0017 -12.0430 0.9726
v  6.8118 -2.3387 0.0000
v  6.8118 -2.3387 0.0100
v  6.8060 -2.3469 0.0000
v  6.8176 -1.7650 0.0000
v  6.8120 -1.7733 0.0000
v  6.8176 -1.7650 0.0100
v  6.7897 -3.2083 0.0000
v  6.7897 -3.2083 0.0100
v  6.7836 -3.2162 0.0000
v  6.7222 -4.9493 0.0000
v  6.7222 -4.9493 0.0100
v  6.7153 -4.9566 0.0000
v  6.5199 -8.4299 0.0000
v  6.5199 -8.4299 0.0100
v  6.5112 -8.4347 0.0000
v  6.2939 -11.9123 0.0000
v  6.2939 -11.9123 0.0100
v  6.2839 -11.9125 0.0000
v  6.0170 -15.3850 0.0000
v  6.0170 -15.3850 0.0100
v  6.0082 -15.3802 0.0000
v  5.5863 -18.8368 0.0000
v  5.5863 -18.8368 0.0100
v  5.5799 -18.8291 0.0000
v  5.2424 -20.5344 0.0000
v  5.2424 -20.5344 0.0100
v  5.2371 -20.5259 0.0000
v  4.7235 -22.1763 0.0000
v  4.7235 -22.1763 0.0100
v  4.7193 -22.1673 0.0000
v  4.3696 -22.9578 0.0000
v  4.3696 -22.9578 0.0100
v  4.3659 -22.9485 0.0000
v  3.9410 -23.6977 0.0000
v  3.9410 -23.6977 0.0100
v  3.9378 -23.6882 0.0000
v  3.4300 -24.3790 0.0000
v  3.4300 -24.3790 0.0100
v  3.4273 -24.3693 0.0000
v  2.8312 -24.9792 0.0000
v  2.8312 -24.9792 0.0100
v  2.8291 -24.9694 0.0000
v  2.1457 -25.4713 0.0000
v  2.1457 -25.4713 0.0100
v  2.1441 -25.4614 0.0000
v  1.3838 -25.8259 0.0000
v  1.3838 -25.8259 0.0100
v  1.3828 -25.8159 0.0000
v  0.5675 -26.0211 0.0000
v  0.5675 -26.0211 0.0100
v  0.5671 -26.0111 0.0000
v  -0.0017 -26.0589 0.0000
v  -0.0017 -26.0589 0.0100
v  -0.0017 -26.0489 0.0000
v  -6.8209 -1.7650 0.0000
v  -6.8209 -1.7650 0.0100
v  -6.8154 -1.7733 0.0000
v  -6.8151 -2.3387 0.0000
v  -6.8094 -2.3469 0.0000
v  -6.8151 -2.3387 0.0100
v  -0.5708 -26.0211 0.0000
v  -0.5708 -26.0211 0.0100
v  -0.5704 -26.0111 0.0000
v  -1.3871 -25.8259 0.0000
v  -1.3871 -25.8259 0.0100
v  -1.3861 -25.8159 0.0000
v  -2.1490 -25.4713 0.0000
v  -2.1490 -25.4713 0.0100
v  -2.1474 -25.4614 0.0000
v  -2.8345 -24.9792 0.0000
v  -2.8345 -24.9792 0.0100
v  -2.8324 -24.9694 0.0000
v  -3.4333 -24.3790 0.0000
v  -3.4333 -24.3790 0.0100
v  -3.4306 -24.3693 0.0000
v  -3.9444 -23.6977 0.0000
v  -3.9444 -23.6977 0.0100
v  -3.9412 -23.6882 0.0000
v  -4.3729 -22.9578 0.0000
v  -4.3729 -22.9578 0.0100
v  -4.3692 -22.9485 0.0000
v  -4.7268 -22.1763 0.0000
v  -4.7268 -22.1763 0.0100
v  -4.7226 -22.1673 0.0000
v  -5.2457 -20.5344 0.0000
v  -5.2457 -20.5344 0.0100
v  -5.2405 -20.5259 0.0000
v  -5.5896 -18.8368 0.0000
v  -5.5896 -18.8368 0.0100
v  -5.5832 -18.8291 0.0000
v  -6.0203 -15.3850 0.0000
v  -6.0203 -15.3850 0.0100
v  -6.0115 -15.3802 0.0000
v  -6.2972 -11.9123 0.0000
v  -6.2972 -11.9123 0.0100
v  -6.2872 -11.9125 0.0000
v  -6.5233 -8.4299 0.0000
v  -6.5233 -8.4299 0.0100
v  -6.5145 -8.4347 0.0000
v  -6.7255 -4.9493 0.0000
v  -6.7255 -4.9493 0.0100
v  -6.7187 -4.9566 0.0000
v  -6.7930 -3.2083 0.0000
v  -6.7930 -3.2083 0.0100
v  -6.7869 -3.2162 0.0000
v  6.8118 -1.7076 0.0000
v  6.8063 -1.7160 0.0000
v  6.8118 -1.7076 0.0100
v  6.5573 -1.4574 0.0000
v  6.5573 -1.4574 0.0100
v  6.5520 -1.4659 0.0000
v  6.5026 -1.4526 0.0000
v  6.4974 -1.4611 0.0000
v  6.5026 -1.4526 0.0100
v  6.6160 -1.4737 0.0000
v  6.6160 -1.4737 0.0100
v  6.6107 -1.4822 0.0000
v  6.6726 -1.5024 0.0000
v  6.6726 -1.5024 0.0100
v  6.6673 -1.5109 0.0000
v  6.7233 -1.5429 0.0000
v  6.7233 -1.5429 0.0100
v  6.7179 -1.5513 0.0000
v  6.7647 -1.5929 0.0000
v  6.7647 -1.5929 0.0100
v  6.7593 -1.6013 0.0000
v  6.7944 -1.6491 0.0000
v  6.7944 -1.6491 0.0100
v  6.7890 -1.6574 0.0000
v  -6.5060 -1.4526 0.0000
v  -6.5007 -1.4611 0.0000
v  -6.5060 -1.4526 0.0100
v  -6.7978 -1.6491 0.0000
v  -6.7978 -1.6491 0.0100
v  -6.7923 -1.6574 0.0000
v  -6.8152 -1.7076 0.0000
v  -6.8096 -1.7160 0.0000
v  -6.8152 -1.7076 0.0100
v  -6.5606 -1.4574 0.0000
v  -6.5553 -1.4659 0.0000
v  -6.5606 -1.4574 0.0100
v  -6.6193 -1.4737 0.0000
v  -6.6140 -1.4822 0.0000
v  -6.6193 -1.4737 0.0100
v  -6.6759 -1.5024 0.0000
v  -6.6706 -1.5109 0.0000
v  -6.6759 -1.5024 0.0100
v  -6.7267 -1.5429 0.0000
v  -6.7213 -1.5513 0.0000
v  -6.7267 -1.5429 0.0100
v  -6.7680 -1.5929 0.0000
v  -6.7626 -1.6013 0.0000
v  -6.7680 -1.5929 0.0100
v  6.8176 -1.7650 0.9726
v  6.8176 -1.7650 0.9626
v  6.8118 -2.3387 0.9726
v  6.8118 -2.3387 0.9626
v  6.7897 -3.2083 0.9726
v  6.7897 -3.2083 0.9626
v  6.7222 -4.9493 0.9726
v  6.7222 -4.9493 0.9626
v  6.5199 -8.4299 0.9726
v  6.5199 -8.4299 0.9626
v  6.2939 -11.9123 0.9726
v  6.2939 -11.9123 0.9626
v  6.0170 -15.3850 0.9726
v  6.0170 -15.3850 0.9626
v  5.5863 -18.8368 0.9726
v  5.5863 -18.8368 0.9626
v  5.2424 -20.5344 0.9726
v  5.2424 -20.5344 0.9626
v  4.7235 -22.1763 0.9726
v  4.7235 -22.1763 0.9626
v  4.3696 -22.9578 0.9726
v  4.3696 -22.9578 0.9626
v  3.9410 -23.6977 0.9726
v  3.9410 -23.6977 0.9626
v  3.4300 -24.3790 0.9726
v  3.4300 -24.3790 0.9626
v  2.8312 -24.9792 0.9726
v  2.8312 -24.9792 0.9626
v  2.1457 -25.4713 0.9726
v  2.1457 -25.4713 0.9626
v  1.3838 -25.8259 0.9726
v  1.3838 -25.8259 0.9626
v  0.5675 -26.0211 0.9726
v  0.5675 -26.0211 0.9626
v  -0.0017 -26.0589 0.9726
v  -0.0017 -26.0589 0.9626
v  -0.5708 -26.0211 0.9726
v  -0.5708 -26.0211 0.9626
v  -1.3871 -25.8259 0.9726
v  -1.3871 -25.8259 0.9626
v  -2.1490 -25.4713 0.9726
v  -2.1490 -25.4713 0.9626
v  -2.8345 -24.9792 0.9726
v  -2.8345 -24.9792 0.9626
v  -3.4333 -24.3790 0.9726
v  -3.4333 -24.3790 0.9626
v  -3.9444 -23.6977 0.9726
v  -3.9444 -23.6977 0.9626
v  -4.3729 -22.9578 0.9726
v  -4.3729 -22.9578 0.9626
v  -4.7268 -22.1763 0.9726
v  -4.7268 -22.1763 0.9626
v  -5.2457 -20.5344 0.9726
v  -5.2457 -20.5344 0.9626
v  -5.5896 -18.8368 0.9726
v  -5.5896 -18.8368 0.9626
v  -6.0203 -15.3850 0.9726
v  -6.0203 -15.3850 0.9626
v  -6.2972 -11.9123 0.9726
v  -6.2972 -11.9123 0.9626
v  -6.5233 -8.4299 0.9726
v  -6.5233 -8.4299 0.9626
v  -6.7255 -4.9493 0.9726
v  -6.7255 -4.9493 0.9626
v  -6.7930 -3.2083 0.9726
v  -6.7930 -3.2083 0.9626
v  6.5026 -1.4526 0.9726
v  6.5026 -1.4526 0.9626
v  6.5573 -1.4574 0.9726
v  6.5573 -1.4574 0.9626
v  6.6160 -1.4737 0.9726
v  6.6160 -1.4737 0.9626
v  6.6726 -1.5024 0.9726
v  6.6726 -1.5024 0.9626
v  6.7233 -1.5429 0.9726
v  6.7233 -1.5429 0.9626
v  6.7647 -1.5929 0.9726
v  6.7647 -1.5929 0.9626
v  6.7944 -1.6491 0.9726
v  6.7944 -1.6491 0.9626
v  -6.8152 -1.7076 0.9726
v  -6.8152 -1.7076 0.9626
v  -6.7978 -1.6491 0.9726
v  -6.7978 -1.6491 0.9626
v  -6.8209 -1.7650 0.9726
v  -6.8209 -1.7650 0.9626
v  -6.8151 -2.3387 0.9726
v  -6.8151 -2.3387 0.9626
v  6.8118 -1.7076 0.9726
v  6.8118 -1.7076 0.9626
v  -6.7680 -1.5929 0.9726
v  -6.7680 -1.5929 0.9626
v  -6.7267 -1.5429 0.9726
v  -6.7267 -1.5429 0.9626
v  -6.6759 -1.5024 0.9726
v  -6.6759 -1.5024 0.9626
v  -6.6193 -1.4737 0.9726
v  -6.6193 -1.4737 0.9626
v  -6.5606 -1.4574 0.9726
v  -6.5606 -1.4574 0.9626
v  -6.5060 -1.4526 0.9726
v  -6.5060 -1.4526 0.9626
v  -5.8943 -1.3253 16.3773
v  -5.8943 -1.3253 1.2930
v  -5.4593 -1.3253 1.2930
v  -4.6713 -1.3253 1.2930
v  -3.8923 -1.3253 1.2930
v  -2.9273 -1.3253 1.2930
v  -1.9537 -1.3253 1.2930
v  0.0008 -1.3253 1.2930
v  1.9552 -1.3253 1.2930
v  2.9289 -1.3253 1.2930
v  3.8938 -1.3253 1.2930
v  4.6729 -1.3253 1.2930
v  5.4608 -1.3253 1.2930
v  5.8958 -1.3253 1.2930
v  5.8958 -1.3253 16.3773
v  5.8958 -1.3255 18.8462
v  5.2326 -1.3254 18.8540
v  4.4931 -1.3254 18.8616
v  3.7851 -1.3254 18.8620
v  2.8777 -1.3254 18.8622
v  1.9399 -1.3254 18.8623
v  0.0008 -1.3254 18.8624
v  -1.9383 -1.3254 18.8623
v  -2.8762 -1.3254 18.8622
v  -3.7836 -1.3254 18.8620
v  -4.4916 -1.3254 18.8616
v  -5.2311 -1.3254 18.8540
v  -5.8798 -1.3255 18.8436
v  0.0012 -1.3254 10.5260
v  6.3891 -1.0952 5.3086
v  6.9887 -8.5971 4.7995
v  8.0523 -8.5890 16.3712
v  6.3881 -1.0895 19.1035
v  6.3954 -1.0904 19.1182
v  6.3984 -1.0908 19.1193
v  6.3929 -1.0555 1.1111
v  6.4397 -1.0596 1.0642
v  6.8104 -1.1708 1.0610
v  6.9893 -1.6773 1.0615
v  6.9896 -1.9228 1.0615
v  6.9767 -2.6586 1.0621
v  6.9615 -3.1490 1.0625
v  6.7630 -7.5255 1.0658
v  7.6646 -8.5898 12.5356
v  8.0948 -5.5138 16.7265
v  8.1203 -4.3438 17.1242
v  8.1359 -3.2357 17.6322
v  8.1109 -2.6908 17.9392
v  6.3885 -1.1123 9.9196
v  6.4709 -1.1064 5.3236
v  6.5915 -1.1263 5.3444
v  7.7270 -2.1872 13.8056
v  7.4222 -2.1151 9.6636
v  6.9330 -1.2406 5.3965
v  6.7102 -1.1520 5.3634
v  6.8249 -1.1887 5.3806
v  7.0403 -1.3361 5.3929
v  7.1473 -1.6020 5.3450
v  7.1785 -1.9986 5.2624
v  7.1895 -2.4602 5.1778
v  7.1851 -3.0100 5.0869
v  7.1555 -4.1247 4.9350
v  7.1187 -5.2546 4.8251
v  7.0786 -6.3967 4.7959
v  7.0347 -7.5405 4.8038
v  7.3213 -7.5866 8.6722
v  7.6884 -7.6469 12.6094
v  7.7164 -6.5525 12.6996
v  7.7456 -5.3825 12.8613
v  7.7789 -4.2438 13.1665
v  7.7942 -3.1436 13.5036
v  7.7728 -2.6134 13.6555
v  7.3552 -1.7101 9.8181
v  7.2504 -1.4436 9.9135
v  7.0150 -1.2452 14.3155
v  7.3534 -6.4321 8.7174
v  7.3883 -5.2842 8.8432
v  7.4234 -4.1575 9.0507
v  7.4504 -3.0584 9.3374
v  7.4469 -2.5226 9.5090
v  8.0501 -8.8522 16.3740
v  8.0488 -8.8945 16.3652
v  8.0480 -8.9002 16.3574
v  7.6586 -8.9068 12.5360
v  6.6921 -8.8646 1.0669
v  6.6912 -8.8835 1.0669
v  6.6914 -8.9145 1.0924
v  6.6911 -8.9127 1.0865
v  6.6908 -8.9098 1.0809
v  6.7055 -8.6006 1.0667
v  7.2959 -8.5944 8.6910
v  7.6354 -1.7857 13.9773
v  7.4763 -1.5065 14.1264
v  7.2224 -1.3369 14.2510
v  6.7851 -1.1964 14.3463
v  6.5199 -1.1303 14.3914
v  6.3886 -1.1053 14.4127
v  7.1334 -1.3370 9.9286
v  6.9872 -1.2596 9.9264
v  6.8382 -1.2077 9.9248
v  6.6784 -1.1663 9.9230
v  6.5149 -1.1336 9.9211
v  6.9915 -1.6805 1.1158
v  6.9698 -1.4610 1.1170
v  6.8967 -1.2619 1.1170
v  6.8119 -1.1717 1.1169
v  6.5854 -1.0821 1.1166
v  6.4635 -1.0630 1.1164
v  6.4417 -1.0604 1.1195
v  6.4216 -1.0583 1.1277
v  6.7076 -8.6006 1.0960
v  6.7651 -7.5256 1.0947
v  6.8240 -6.3715 1.0940
v  6.8770 -5.2606 1.0937
v  6.9251 -4.1542 1.0937
v  6.9633 -3.1479 1.0941
v  6.9784 -2.6571 1.0945
v  6.9889 -2.1716 1.1111
v  6.9918 -1.9227 1.1121
v  6.6944 -8.8646 1.0981
v  6.9774 -8.8618 4.7974
v  7.2910 -8.8589 8.7217
v  7.6600 -8.8559 12.5361
v  8.0468 -8.8522 16.3403
v  8.0490 -8.5890 16.3376
v  8.0591 -7.6856 16.3535
v  8.0728 -6.6494 16.4708
v  8.0920 -5.5026 16.6954
v  8.1171 -4.3374 17.0848
v  8.0597 -2.3067 18.1284
v  8.1072 -2.6899 17.8905
v  8.1326 -3.2347 17.5848
v  6.9288 -1.1925 18.9795
v  7.2723 -1.3007 18.8803
v  7.5043 -1.4195 18.7783
v  7.7645 -1.6351 18.6066
v  7.9507 -1.9468 18.3741
v  6.3994 -1.0915 19.1000
v  6.6909 -8.8895 1.0675
v  6.6907 -8.8955 1.0693
v  6.6907 -8.9010 1.0722
v  6.6907 -8.9058 1.0761
v  6.6918 -8.9151 1.0984
v  6.6905 -8.9191 1.0985
v  6.6872 -8.9219 1.0987
v  6.6836 -8.9225 1.0990
v  6.6831 -8.9218 1.0914
v  6.6827 -8.9195 1.0840
v  6.6824 -8.9159 1.0772
v  6.6822 -8.9110 1.0712
v  6.6821 -8.9050 1.0663
v  6.6822 -8.8982 1.0626
v  6.6824 -8.8908 1.0604
v  6.6828 -8.8831 1.0596
v  6.6863 -8.8833 1.0602
v  6.6897 -8.8838 1.0630
v  6.6867 -8.9212 1.0915
v  6.6863 -8.9191 1.0844
v  6.6860 -8.9155 1.0776
v  6.6858 -8.9105 1.0715
v  6.6857 -8.9045 1.0665
v  6.6858 -8.8976 1.0630
v  6.6860 -8.8905 1.0609
v  6.6894 -8.8904 1.0636
v  6.6892 -8.8970 1.0656
v  6.6892 -8.9033 1.0689
v  6.6892 -8.9088 1.0735
v  6.6894 -8.9133 1.0790
v  6.6896 -8.9166 1.0853
v  6.6900 -8.9185 1.0919
v  6.9751 -8.9123 4.7961
v  6.9740 -8.9160 4.7961
v  6.9712 -8.9188 4.7964
v  6.9671 -8.9199 4.7967
v  7.2901 -8.9095 8.7276
v  7.2890 -8.9133 8.7277
v  7.2860 -8.9161 8.7279
v  7.2819 -8.9172 8.7282
v  7.6577 -8.9108 12.5360
v  7.6547 -8.9136 12.5363
v  7.6504 -8.9145 12.5366
v  8.0465 -8.9041 16.3426
v  8.0455 -8.9079 16.3428
v  8.0427 -8.9108 16.3430
v  6.6837 -8.8642 1.0596
v  6.6873 -8.8644 1.0602
v  6.6907 -8.8645 1.0629
v  6.6971 -8.6002 1.0594
v  6.7007 -8.6004 1.0600
v  6.7041 -8.6005 1.0626
v  6.7545 -7.5251 1.0585
v  6.7579 -7.5252 1.0595
v  6.7609 -7.5254 1.0622
v  6.8218 -6.3713 1.0649
v  6.8133 -6.3708 1.0576
v  6.8168 -6.3710 1.0584
v  6.8199 -6.3712 1.0612
v  6.8750 -5.2606 1.0640
v  6.8661 -5.2602 1.0567
v  6.8695 -5.2604 1.0577
v  6.8725 -5.2605 1.0605
v  6.9231 -4.1545 1.0631
v  6.9140 -4.1540 1.0559
v  6.9172 -4.1542 1.0572
v  6.9198 -4.1543 1.0601
v  6.9532 -3.1486 1.0551
v  6.9560 -3.1487 1.0571
v  6.9590 -3.1489 1.0594
v  6.9684 -2.6582 1.0546
v  6.9719 -2.6584 1.0554
v  6.9752 -2.6586 1.0582
v  6.9867 -2.1681 1.0618
v  6.9784 -2.1677 1.0545
v  6.9811 -2.1678 1.0568
v  6.9837 -2.1679 1.0591
v  6.9811 -1.9224 1.0542
v  6.9840 -1.9226 1.0561
v  6.9870 -1.9227 1.0584
v  6.9815 -1.6769 1.0538
v  6.9851 -1.6771 1.0545
v  6.9884 -1.6772 1.0573
v  6.9676 -1.4590 1.0615
v  6.9608 -1.4603 1.0536
v  6.9641 -1.4596 1.0546
v  6.9669 -1.4591 1.0576
v  6.8949 -1.2608 1.0613
v  6.8887 -1.2643 1.0534
v  6.8916 -1.2627 1.0547
v  6.8939 -1.2614 1.0578
v  6.8052 -1.1772 1.0531
v  6.8074 -1.1744 1.0539
v  6.8094 -1.1719 1.0569
v  6.5827 -1.0812 1.0607
v  6.5808 -1.0901 1.0529
v  6.5816 -1.0866 1.0538
v  6.5822 -1.0834 1.0569
v  6.4603 -1.0618 1.0608
v  8.0392 -8.9112 16.3507
v  8.0386 -8.9119 16.3434
v  8.0398 -8.9090 16.3581
v  8.0404 -8.9051 16.3655
v  8.0409 -8.8997 16.3718
v  8.0414 -8.8940 16.3764
v  8.0417 -8.8875 16.3797
v  8.0419 -8.8802 16.3820
v  8.0421 -8.8722 16.3827
v  8.0497 -8.8801 16.3729
v  8.0499 -8.8723 16.3740
v  8.0471 -8.9036 16.3484
v  8.0494 -8.8874 16.3703
v  8.0490 -8.8727 16.3786
v  8.0462 -8.8726 16.3815
v  8.0463 -8.8521 16.3814
v  8.0491 -8.8522 16.3785
v  8.0488 -8.8813 16.3773
v  8.0485 -8.8893 16.3742
v  8.0476 -8.8982 16.3680
v  8.0469 -8.9043 16.3592
v  8.0461 -8.9072 16.3494
v  8.0460 -8.8813 16.3805
v  8.0452 -8.8900 16.3777
v  8.0443 -8.9001 16.3704
v  8.0434 -8.9071 16.3606
v  8.0434 -8.9100 16.3504
v  8.0445 -8.5890 16.3803
v  8.0422 -8.8521 16.3825
v  8.0515 -8.5890 16.3760
v  8.0488 -8.5890 16.3790
v  8.0549 -7.6876 16.3955
v  8.0589 -7.6877 16.3940
v  8.0614 -7.6878 16.3910
v  8.0623 -7.6877 16.3865
v  8.0721 -6.6570 16.5107
v  8.0748 -6.6570 16.5078
v  8.0758 -6.6569 16.5032
v  8.0682 -6.6568 16.5124
v  8.0875 -5.5140 16.7363
v  8.0915 -5.5143 16.7347
v  8.0941 -5.5141 16.7313
v  8.1170 -4.3442 17.1320
v  8.1194 -4.3439 17.1287
v  8.1132 -4.3441 17.1339
v  8.1284 -3.2349 17.6395
v  8.1319 -3.2350 17.6378
v  8.1342 -3.2353 17.6358
v  8.1040 -2.6916 17.9493
v  8.1074 -2.6913 17.9468
v  8.1093 -2.6907 17.9433
v  8.0566 -2.3125 18.1903
v  8.0601 -2.3109 18.1885
v  8.0618 -2.3094 18.1853
v  8.0637 -2.3086 18.1810
v  7.9478 -1.9564 18.4385
v  7.9510 -1.9536 18.4376
v  7.9527 -1.9513 18.4351
v  7.9546 -1.9496 18.4306
v  7.7652 -1.6421 18.6710
v  7.7667 -1.6393 18.6688
v  7.7682 -1.6367 18.6639
v  7.7623 -1.6456 18.6715
v  7.5068 -1.4246 18.8448
v  7.5078 -1.4218 18.8426
v  7.5087 -1.4196 18.8381
v  7.5047 -1.4283 18.8453
v  7.2729 -1.3095 18.9436
v  7.2739 -1.3059 18.9426
v  7.2743 -1.3037 18.9406
v  7.2749 -1.3021 18.9371
v  6.9298 -1.1972 19.0368
v  6.9304 -1.1943 19.0342
v  6.9305 -1.1929 19.0296
v  6.9287 -1.2013 19.0375
v  6.3995 -1.1042 19.1252
v  6.4007 -1.0938 19.1252
v  6.3792 -1.0963 19.1034
v  6.3806 -1.0969 19.1122
v  6.3802 -1.0990 19.1106
v  6.3825 -1.0910 19.1039
v  6.3825 -1.0998 19.1162
v  6.3866 -1.1014 19.1211
v  6.3911 -1.1027 19.1239
v  6.4005 -1.0911 19.1194
v  6.3964 -1.1038 19.1252
v  6.4003 -1.0987 19.1272
v  6.3928 -1.0901 19.1162
v  6.3903 -1.0898 19.1129
v  6.3889 -1.0896 19.1088
v  6.3825 -1.0968 19.1163
v  6.3829 -1.0913 19.1100
v  6.3865 -1.0971 19.1217
v  6.3964 -1.0984 19.1270
v  6.3970 -1.0935 19.1252
v  6.3910 -1.0977 19.1251
v  6.3922 -1.0930 19.1234
v  6.3881 -1.0924 19.1203
v  6.3846 -1.0919 19.1153
v  6.4210 -1.0577 1.0728
v  6.4103 -1.0567 1.0816
v  6.4015 -1.0560 1.0923
v  6.3848 -1.0626 1.1084
v  6.3943 -1.0633 1.0876
v  6.4042 -1.0640 1.0757
v  6.4163 -1.0651 1.0658
v  6.4375 -1.0672 1.0564
v  6.4593 -1.0697 1.0529
v  6.3851 -1.0596 1.1097
v  6.3954 -1.0603 1.0879
v  6.4046 -1.0612 1.0764
v  6.4172 -1.0621 1.0664
v  6.4377 -1.0638 1.0569
v  6.3882 -1.0566 1.1103
v  6.3977 -1.0574 1.0891
v  6.4066 -1.0582 1.0779
v  6.4189 -1.0592 1.0682
v  6.4389 -1.0603 1.0604
v  6.3894 -1.0554 1.1320
v  6.4597 -1.0662 1.0537
v  6.4601 -1.0630 1.0566
v  6.3850 -1.0563 1.1319
v  6.3817 -1.0597 1.1317
v  6.3809 -1.0626 1.1317
v  6.3845 -1.0980 5.3085
v  6.3806 -1.1024 5.3084
v  6.3822 -1.1068 14.4129
v  6.3793 -1.1127 14.4128
v  6.6620 -8.9217 1.0993
v  6.6617 -8.9207 1.0920
v  6.6610 -8.9180 1.0851
v  6.6599 -8.9143 1.0782
v  6.6590 -8.9095 1.0726
v  6.6577 -8.9037 1.0680
v  6.6551 -8.8972 1.0647
v  6.6524 -8.8902 1.0630
v  6.6505 -8.8829 1.0623
v  6.9462 -8.9175 4.7955
v  7.2599 -8.9163 8.7293
v  7.6293 -8.9129 12.5365
v  6.6468 -8.8636 1.0624
v  6.6638 -7.5251 1.0585
v  6.7217 -6.3708 1.0576
v  6.7749 -5.2602 1.0567
v  6.8220 -4.1540 1.0559
v  6.8624 -3.1486 1.0551
v  6.8760 -2.6582 1.0546
v  6.8872 -2.1677 1.0545
v  6.8907 -1.9224 1.0542
v  6.8907 -1.6769 1.0538
v  6.8685 -1.4854 1.0536
v  6.8128 -1.3030 1.0534
v  6.7726 -1.2334 1.0531
v  6.5704 -1.1521 1.0529
v  8.0171 -8.9110 16.3506
v  8.0169 -8.9117 16.3434
v  8.0171 -8.9088 16.3580
v  8.0169 -8.9049 16.3654
v  8.0165 -8.8996 16.3717
v  8.0157 -8.8939 16.3762
v  8.0142 -8.8875 16.3796
v  8.0126 -8.8802 16.3818
v  8.0102 -8.8722 16.3826
v  7.9471 -8.6654 16.3739
v  7.9999 -8.8376 16.3821
v  7.9694 -7.6984 16.3958
v  7.9850 -6.5976 16.5231
v  8.0045 -5.4858 16.7435
v  8.0293 -4.2972 17.1503
v  8.0423 -3.1747 17.6730
v  8.0185 -2.6632 17.9668
v  7.9680 -2.3037 18.1970
v  7.8544 -1.9675 18.4320
v  7.5777 -1.5892 18.7164
v  7.1885 -1.3539 18.9085
v  6.8506 -1.2397 19.0052
v  6.3943 -1.1374 19.0958
v  6.3741 -1.1295 19.0740
v  6.3753 -1.1314 19.0811
v  6.3774 -1.1330 19.0868
v  6.3815 -1.1347 19.0916
v  6.3860 -1.1359 19.0944
v  6.3913 -1.1370 19.0958
v  6.3807 -1.1035 1.1084
v  6.3902 -1.1072 1.0876
v  6.4000 -1.1112 1.0757
v  6.4122 -1.1158 1.0658
v  6.4333 -1.1240 1.0564
v  6.4551 -1.1327 1.0529
v  6.3768 -1.1017 1.1317
v  6.3768 -1.1359 5.3084
v  6.3742 -1.1457 14.4128
v  6.3829 -1.1143 9.9194
v  6.3797 -1.1196 9.9194
v  6.3745 -1.1546 9.9181
v  6.6428 -8.8641 1.1036
v  7.9431 -8.6652 16.3290
v  7.9939 -8.8516 16.3366
v  7.6121 -8.8694 12.5454
v  7.5734 -8.7232 12.5402
v  7.2444 -8.8704 8.7481
v  7.2048 -8.7166 8.7372
v  6.9293 -8.8762 4.7946
v  6.8908 -8.7197 4.7752
v  6.6547 -8.9151 1.0995
v  6.6541 -8.9145 1.0928
v  6.6532 -8.9127 1.0863
v  6.6522 -8.9095 1.0804
v  6.6511 -8.9052 1.0752
v  6.6498 -8.8998 1.0710
v  6.6483 -8.8933 1.0680
v  6.6468 -8.8864 1.0664
v  6.6453 -8.8798 1.0664
v  6.9379 -8.9109 4.7961
v  7.2524 -8.9083 8.7301
v  7.6211 -8.9080 12.5380
v  6.6414 -8.8635 1.0671
v  8.0094 -8.9042 16.3488
v  8.0089 -8.9049 16.3422
v  8.0095 -8.9022 16.3556
v  8.0092 -8.8986 16.3622
v  8.0084 -8.8938 16.3680
v  8.0074 -8.8885 16.3721
v  8.0060 -8.8824 16.3749
v  8.0044 -8.8756 16.3767
v  8.0024 -8.8680 16.3769
v  7.9532 -8.6611 16.3808
v  7.9932 -8.8352 16.3752
v  6.6580 -8.9197 1.0998
v  6.6567 -8.9185 1.0919
v  6.6562 -8.9164 1.0850
v  6.6554 -8.9130 1.0787
v  6.6545 -8.9083 1.0731
v  6.6534 -8.9025 1.0686
v  6.6513 -8.8957 1.0656
v  6.6492 -8.8887 1.0642
v  6.6475 -8.8818 1.0639
v  6.9405 -8.9170 4.7965
v  7.2553 -8.9144 8.7288
v  7.6236 -8.9119 12.5369
v  6.6437 -8.8636 1.0640
v  8.0119 -8.9088 16.3501
v  8.0116 -8.9096 16.3431
v  8.0120 -8.9067 16.3572
v  8.0117 -8.9029 16.3643
v  8.0112 -8.8979 16.3705
v  8.0104 -8.8923 16.3749
v  8.0090 -8.8860 16.3780
v  8.0074 -8.8789 16.3800
v  8.0054 -8.8710 16.3804
v  7.9501 -8.6633 16.3773
v  7.9955 -8.8357 16.3798
v  6.6086 -8.7126 1.1053
v  6.6054 -8.7126 1.0707
v  6.6108 -8.7127 1.0660
v  6.6077 -8.7127 1.0676
v  7.2476 -7.6117 8.7272
v  7.2844 -6.4842 8.7904
v  7.3207 -5.3730 8.9001
v  7.3567 -4.2256 9.1031
v  7.3834 -3.1617 9.3641
v  7.3783 -2.6607 9.5107
v  7.3302 -2.1516 9.6845
v  7.1597 -1.6159 9.8851
v  6.9216 -1.3110 9.9809
v  6.6667 -1.2030 10.0291
v  7.6085 -7.6551 12.5615
v  7.6347 -6.5409 12.6567
v  7.6626 -5.4294 12.8218
v  7.6930 -4.2614 13.1267
v  7.7128 -3.1682 13.5186
v  7.6984 -2.6620 13.7388
v  7.6207 -2.1436 13.9995
v  7.3687 -1.6025 14.3008
v  7.0551 -1.3325 14.4447
v  6.7586 -1.2213 14.5171
v  6.9470 -7.5671 4.7778
v  6.9946 -6.4258 4.8080
v  7.0396 -5.3149 4.8608
v  7.0813 -4.1887 4.9588
v  7.1151 -3.1549 5.0850
v  7.1196 -2.6594 5.1558
v  7.1021 -2.1599 5.2401
v  7.0398 -1.7618 5.3267
v  6.9911 -1.4974 5.3473
v  6.8552 -1.2890 5.3831
v  6.6431 -1.1841 5.4063
v  6.8905 -2.1675 1.1173
v  6.8930 -1.9200 1.1182
v  6.8930 -1.6782 1.1179
v  6.8703 -1.4856 1.1180
v  6.8135 -1.3027 1.1183
v  6.7739 -1.2343 1.1180
v  6.5715 -1.1526 1.1182
v  8.0242 -4.2967 17.0900
v  8.0374 -3.1746 17.6107
v  8.0137 -2.6632 17.9034
v  7.9628 -2.3013 18.1341
v  7.8509 -1.9702 18.3655
v  7.5746 -1.5894 18.6502
v  7.1865 -1.3536 18.8416
v  6.8492 -1.2394 18.9379
v  6.3765 -1.1301 19.0733
v  6.3787 -1.1327 19.0832
v  6.3864 -1.1356 19.0896
v  6.3939 -1.1374 19.0932
v  -7.9541 -4.3426 15.1607
v  -7.9520 -4.3274 15.1382
v  -7.9505 -4.3049 15.1231
v  -7.9497 -4.2775 15.1176
v  -7.9499 -4.2501 15.1232
v  -7.9510 -4.2277 15.1383
v  -7.9528 -4.2126 15.1607
v  -7.9551 -4.2071 15.1880
v  -7.9576 -4.2126 15.2154
v  -7.9596 -4.2277 15.2379
v  -7.9612 -4.2501 15.2530
v  -7.9619 -4.2775 15.2586
v  -7.9617 -4.3050 15.2532
v  -7.9606 -4.3274 15.2381
v  -7.9588 -4.3426 15.2156
v  -7.9565 -4.3481 15.1881
v  -7.9566 -4.3539 15.1882
v  -7.9591 -4.3479 15.2179
v  -7.9610 -4.3315 15.2421
v  -7.9622 -4.3072 15.2585
v  -7.9624 -4.2775 15.2645
v  -7.9616 -4.2478 15.2585
v  -7.9599 -4.2235 15.2421
v  -7.9577 -4.2071 15.2178
v  -7.9551 -4.2011 15.1880
v  -7.9526 -4.2071 15.1583
v  -7.9507 -4.2235 15.1340
v  -7.9495 -4.2478 15.1177
v  -7.9493 -4.2775 15.1117
v  -7.9501 -4.3072 15.1177
v  -7.9517 -4.3315 15.1341
v  -7.9540 -4.3479 15.1584
v  -7.9509 -4.3354 15.1637
v  -7.9488 -4.3220 15.1436
v  -7.9473 -4.3020 15.1301
v  -7.9465 -4.2775 15.1252
v  -7.9467 -4.2531 15.1303
v  -7.9476 -4.2332 15.1438
v  -7.9493 -4.2200 15.1638
v  -7.9514 -4.2153 15.1880
v  -7.9537 -4.2204 15.2121
v  -7.9557 -4.2337 15.2318
v  -7.9572 -4.2534 15.2450
v  -7.9579 -4.2775 15.2500
v  -7.9579 -4.3016 15.2452
v  -7.9569 -4.3215 15.2320
v  -7.9553 -4.3350 15.2124
v  -7.9531 -4.3402 15.1881
v  -7.9436 -4.3320 15.1650
v  -7.9419 -4.3194 15.1461
v  -7.9406 -4.3005 15.1334
v  -7.9399 -4.2775 15.1287
v  -7.9400 -4.2545 15.1335
v  -7.9407 -4.2357 15.1462
v  -7.9419 -4.2231 15.1651
v  -7.9436 -4.2185 15.1880
v  -7.9455 -4.2232 15.2109
v  -7.9471 -4.2358 15.2297
v  -7.9484 -4.2546 15.2423
v  -7.9491 -4.2775 15.2470
v  -7.9491 -4.3004 15.2424
v  -7.9484 -4.3192 15.2298
v  -7.9472 -4.3319 15.2110
v  -7.9455 -4.3367 15.1880
v  -7.8557 -4.3315 15.1652
v  -7.8541 -4.3190 15.1465
v  -7.8531 -4.3003 15.1340
v  -7.8527 -4.2775 15.1293
v  -7.8531 -4.2547 15.1340
v  -7.8541 -4.2360 15.1465
v  -7.8556 -4.2234 15.1652
v  -7.8575 -4.2188 15.1880
v  -7.8593 -4.2234 15.2108
v  -7.8608 -4.2360 15.2295
v  -7.8619 -4.2547 15.2421
v  -7.8623 -4.2775 15.2467
v  -7.8620 -4.3003 15.2421
v  -7.8610 -4.3190 15.2295
v  -7.8594 -4.3315 15.2108
v  -7.8576 -4.3361 15.1880
v  -7.9733 -4.3426 15.3851
v  -7.9712 -4.3274 15.3626
v  -7.9697 -4.3049 15.3475
v  -7.9689 -4.2775 15.3420
v  -7.9692 -4.2501 15.3476
v  -7.9702 -4.2277 15.3627
v  -7.9720 -4.2126 15.3851
v  -7.9743 -4.2071 15.4124
v  -7.9768 -4.2126 15.4398
v  -7.9788 -4.2277 15.4623
v  -7.9804 -4.2501 15.4774
v  -7.9811 -4.2775 15.4831
v  -7.9809 -4.3050 15.4776
v  -7.9798 -4.3274 15.4625
v  -7.9781 -4.3426 15.4400
v  -7.9758 -4.3481 15.4125
v  -7.9758 -4.3539 15.4126
v  -7.9783 -4.3479 15.4423
v  -7.9802 -4.3315 15.4666
v  -7.9814 -4.3072 15.4829
v  -7.9816 -4.2775 15.4889
v  -7.9808 -4.2478 15.4829
v  -7.9791 -4.2235 15.4665
v  -7.9769 -4.2071 15.4422
v  -7.9743 -4.2011 15.4124
v  -7.9718 -4.2071 15.3827
v  -7.9699 -4.2235 15.3584
v  -7.9688 -4.2478 15.3421
v  -7.9685 -4.2775 15.3361
v  -7.9693 -4.3072 15.3421
v  -7.9710 -4.3315 15.3585
v  -7.9732 -4.3479 15.3828
v  -7.9701 -4.3354 15.3881
v  -7.9680 -4.3220 15.3680
v  -7.9666 -4.3020 15.3545
v  -7.9658 -4.2775 15.3495
v  -7.9660 -4.2531 15.3547
v  -7.9669 -4.2332 15.3682
v  -7.9686 -4.2200 15.3882
v  -7.9707 -4.2153 15.4124
v  -7.9730 -4.2203 15.4366
v  -7.9749 -4.2337 15.4562
v  -7.9764 -4.2534 15.4694
v  -7.9772 -4.2775 15.4744
v  -7.9771 -4.3016 15.4696
v  -7.9762 -4.3215 15.4565
v  -7.9746 -4.3351 15.4368
v  -7.9724 -4.3402 15.4125
v  -7.9628 -4.3320 15.3894
v  -7.9612 -4.3194 15.3705
v  -7.9598 -4.3005 15.3578
v  -7.9591 -4.2775 15.3531
v  -7.9592 -4.2545 15.3579
v  -7.9599 -4.2357 15.3706
v  -7.9612 -4.2231 15.3895
v  -7.9629 -4.2185 15.4124
v  -7.9647 -4.2232 15.4353
v  -7.9664 -4.2358 15.4541
v  -7.9677 -4.2546 15.4667
v  -7.9684 -4.2775 15.4714
v  -7.9684 -4.3004 15.4668
v  -7.9677 -4.3192 15.4542
v  -7.9665 -4.3319 15.4354
v  -7.9647 -4.3367 15.4124
v  -7.8749 -4.3315 15.3896
v  -7.8734 -4.3190 15.3709
v  -7.8723 -4.3003 15.3583
v  -7.8719 -4.2775 15.3537
v  -7.8723 -4.2547 15.3583
v  -7.8734 -4.2360 15.3709
v  -7.8749 -4.2234 15.3896
v  -7.8767 -4.2188 15.4124
v  -7.8786 -4.2234 15.4352
v  -7.8801 -4.2360 15.4539
v  -7.8812 -4.2547 15.4665
v  -7.8816 -4.2775 15.4711
v  -7.8812 -4.3003 15.4665
v  -7.8802 -4.3190 15.4539
v  -7.8787 -4.3315 15.4352
v  -7.8768 -4.3361 15.4124
v  -7.9925 -4.3426 15.6092
v  -7.9904 -4.3274 15.5868
v  -7.9889 -4.3050 15.5716
v  -7.9881 -4.2775 15.5661
v  -7.9884 -4.2501 15.5717
v  -7.9894 -4.2277 15.5868
v  -7.9912 -4.2126 15.6092
v  -7.9935 -4.2070 15.6366
v  -7.9959 -4.2126 15.6640
v  -7.9980 -4.2276 15.6865
v  -7.9995 -4.2500 15.7017
v  -8.0003 -4.2775 15.7073
v  -8.0001 -4.3050 15.7018
v  -7.9990 -4.3275 15.6867
v  -7.9972 -4.3427 15.6642
v  -7.9949 -4.3482 15.6367
v  -7.9950 -4.3539 15.6367
v  -7.9975 -4.3479 15.6664
v  -7.9994 -4.3315 15.6907
v  -8.0005 -4.3072 15.7071
v  -8.0008 -4.2775 15.7131
v  -8.0000 -4.2478 15.7070
v  -7.9983 -4.2235 15.6906
v  -7.9961 -4.2071 15.6663
v  -7.9934 -4.2011 15.6366
v  -7.9910 -4.2071 15.6069
v  -7.9891 -4.2235 15.5826
v  -7.9879 -4.2478 15.5662
v  -7.9877 -4.2775 15.5603
v  -7.9885 -4.3072 15.5663
v  -7.9902 -4.3315 15.5827
v  -7.9924 -4.3479 15.6070
v  -7.9895 -4.3355 15.6122
v  -7.9875 -4.3221 15.5921
v  -7.9860 -4.3020 15.5786
v  -7.9852 -4.2775 15.5737
v  -7.9854 -4.2531 15.5788
v  -7.9863 -4.2332 15.5923
v  -7.9880 -4.2199 15.6123
v  -7.9900 -4.2151 15.6366
v  -7.9922 -4.2201 15.6608
v  -7.9942 -4.2335 15.6805
v  -7.9957 -4.2533 15.6939
v  -7.9964 -4.2775 15.6989
v  -7.9964 -4.3017 15.6940
v  -7.9954 -4.3217 15.6808
v  -7.9938 -4.3353 15.6610
v  -7.9917 -4.3404 15.6366
v  -7.9823 -4.3320 15.6135
v  -7.9807 -4.3193 15.5947
v  -7.9794 -4.3005 15.5821
v  -7.9787 -4.2775 15.5774
v  -7.9787 -4.2545 15.5822
v  -7.9794 -4.2358 15.5949
v  -7.9807 -4.2232 15.6136
v  -7.9824 -4.2185 15.6366
v  -7.9842 -4.2231 15.6595
v  -7.9858 -4.2357 15.6783
v  -7.9871 -4.2545 15.6910
v  -7.9878 -4.2775 15.6958
v  -7.9878 -4.3005 15.6911
v  -7.9871 -4.3194 15.6785
v  -7.9859 -4.3320 15.6596
v  -7.9842 -4.3367 15.6366
v  -7.8944 -4.3315 15.6137
v  -7.8929 -4.3190 15.5951
v  -7.8918 -4.3003 15.5825
v  -7.8914 -4.2775 15.5779
v  -7.8918 -4.2547 15.5825
v  -7.8928 -4.2360 15.5951
v  -7.8944 -4.2234 15.6137
v  -7.8962 -4.2188 15.6365
v  -7.8981 -4.2234 15.6594
v  -7.8996 -4.2360 15.6780
v  -7.9007 -4.2547 15.6906
v  -7.9011 -4.2775 15.6952
v  -7.9007 -4.3003 15.6906
v  -7.8997 -4.3190 15.6780
v  -7.8982 -4.3315 15.6594
v  -7.8963 -4.3361 15.6365
v  -7.9708 -4.1059 15.3851
v  -7.9687 -4.0908 15.3627
v  -7.9671 -4.0684 15.3476
v  -7.9663 -4.0410 15.3421
v  -7.9665 -4.0136 15.3476
v  -7.9675 -3.9913 15.3627
v  -7.9693 -3.9762 15.3851
v  -7.9716 -3.9706 15.4124
v  -7.9740 -3.9762 15.4398
v  -7.9761 -3.9912 15.4622
v  -7.9777 -4.0136 15.4773
v  -7.9785 -4.0410 15.4829
v  -7.9784 -4.0684 15.4774
v  -7.9773 -4.0908 15.4623
v  -7.9756 -4.1060 15.4399
v  -7.9733 -4.1115 15.4125
v  -7.9734 -4.1174 15.4125
v  -7.9758 -4.1114 15.4422
v  -7.9777 -4.0950 15.4665
v  -7.9788 -4.0707 15.4829
v  -7.9790 -4.0410 15.4889
v  -7.9781 -4.0113 15.4828
v  -7.9764 -3.9870 15.4664
v  -7.9741 -3.9706 15.4421
v  -7.9715 -3.9646 15.4124
v  -7.9691 -3.9706 15.3827
v  -7.9672 -3.9870 15.3584
v  -7.9661 -4.0113 15.3420
v  -7.9659 -4.0410 15.3360
v  -7.9668 -4.0707 15.3421
v  -7.9685 -4.0950 15.3585
v  -7.9708 -4.1114 15.3828
v  -7.9672 -4.0987 15.3881
v  -7.9652 -4.0854 15.3681
v  -7.9637 -4.0654 15.3547
v  -7.9629 -4.0410 15.3498
v  -7.9632 -4.0167 15.3549
v  -7.9641 -3.9969 15.3684
v  -7.9658 -3.9838 15.3883
v  -7.9679 -3.9791 15.4124
v  -7.9702 -3.9841 15.4364
v  -7.9721 -3.9974 15.4560
v  -7.9736 -4.0170 15.4692
v  -7.9743 -4.0410 15.4742
v  -7.9742 -4.0651 15.4695
v  -7.9733 -4.0849 15.4563
v  -7.9716 -4.0984 15.4367
v  -7.9695 -4.1035 15.4125
v  -7.9598 -4.0957 15.3893
v  -7.9581 -4.0830 15.3704
v  -7.9568 -4.0640 15.3578
v  -7.9561 -4.0410 15.3532
v  -7.9562 -4.0180 15.3581
v  -7.9569 -3.9993 15.3708
v  -7.9582 -3.9869 15.3896
v  -7.9599 -3.9823 15.4124
v  -7.9617 -3.9869 15.4352
v  -7.9634 -3.9995 15.4539
v  -7.9646 -4.0181 15.4666
v  -7.9653 -4.0410 15.4714
v  -7.9653 -4.0640 15.4669
v  -7.9646 -4.0829 15.4543
v  -7.9634 -4.0957 15.4355
v  -7.9616 -4.1004 15.4124
v  -7.8719 -4.0950 15.3896
v  -7.8703 -4.0824 15.3709
v  -7.8693 -4.0638 15.3583
v  -7.8689 -4.0410 15.3537
v  -7.8693 -4.0181 15.3583
v  -7.8703 -3.9995 15.3709
v  -7.8718 -3.9869 15.3896
v  -7.8737 -3.9823 15.4124
v  -7.8755 -3.9869 15.4352
v  -7.8771 -3.9995 15.4539
v  -7.8781 -4.0181 15.4665
v  -7.8785 -4.0410 15.4711
v  -7.8782 -4.0638 15.4665
v  -7.8772 -4.0824 15.4539
v  -7.8757 -4.0950 15.4352
v  -7.8738 -4.0996 15.4124
v  -7.9900 -4.1060 15.6092
v  -7.9879 -4.0909 15.5868
v  -7.9863 -4.0684 15.5717
v  -7.9855 -4.0410 15.5662
v  -7.9857 -4.0136 15.5717
v  -7.9867 -3.9912 15.5868
v  -7.9884 -3.9761 15.6092
v  -7.9907 -3.9706 15.6366
v  -7.9931 -3.9761 15.6640
v  -7.9952 -3.9912 15.6864
v  -7.9968 -4.0136 15.7016
v  -7.9976 -4.0410 15.7072
v  -7.9975 -4.0684 15.7017
v  -7.9965 -4.0909 15.6866
v  -7.9947 -4.1060 15.6641
v  -7.9924 -4.1116 15.6367
v  -7.9925 -4.1174 15.6367
v  -7.9950 -4.1114 15.6664
v  -7.9969 -4.0950 15.6907
v  -7.9980 -4.0707 15.7070
v  -7.9981 -4.0410 15.7130
v  -7.9972 -4.0113 15.7070
v  -7.9955 -3.9870 15.6906
v  -7.9932 -3.9706 15.6663
v  -7.9906 -3.9646 15.6366
v  -7.9882 -3.9706 15.6069
v  -7.9863 -3.9870 15.5826
v  -7.9852 -4.0113 15.5662
v  -7.9851 -4.0410 15.5602
v  -7.9860 -4.0707 15.5662
v  -7.9876 -4.0950 15.5826
v  -7.9899 -4.1114 15.6069
v  -7.9866 -4.0988 15.6122
v  -7.9846 -4.0854 15.5922
v  -7.9832 -4.0654 15.5788
v  -7.9824 -4.0410 15.5739
v  -7.9826 -4.0167 15.5790
v  -7.9835 -3.9968 15.5925
v  -7.9852 -3.9837 15.6124
v  -7.9872 -3.9789 15.6366
v  -7.9894 -3.9839 15.6607
v  -7.9913 -3.9972 15.6804
v  -7.9928 -4.0169 15.6936
v  -7.9935 -4.0410 15.6987
v  -7.9934 -4.0652 15.6939
v  -7.9925 -4.0851 15.6807
v  -7.9909 -4.0986 15.6609
v  -7.9888 -4.1037 15.6366
v  -7.9793 -4.0957 15.6135
v  -7.9776 -4.0829 15.5946
v  -7.9764 -4.0640 15.5821
v  -7.9757 -4.0410 15.5775
v  -7.9757 -4.0181 15.5824
v  -7.9764 -3.9995 15.5950
v  -7.9777 -3.9870 15.6137
v  -7.9794 -3.9823 15.6365
v  -7.9812 -3.9868 15.6594
v  -7.9828 -3.9993 15.6782
v  -7.9841 -4.0180 15.6909
v  -7.9848 -4.0410 15.6958
v  -7.9848 -4.0641 15.6912
v  -7.9841 -4.0830 15.6786
v  -7.9828 -4.0958 15.6597
v  -7.9811 -4.1004 15.6366
v  -7.8914 -4.0950 15.6137
v  -7.8898 -4.0824 15.5951
v  -7.8888 -4.0638 15.5825
v  -7.8884 -4.0410 15.5779
v  -7.8888 -4.0181 15.5825
v  -7.8898 -3.9995 15.5951
v  -7.8913 -3.9869 15.6137
v  -7.8932 -3.9823 15.6365
v  -7.8950 -3.9869 15.6594
v  -7.8966 -3.9995 15.6780
v  -7.8976 -4.0181 15.6906
v  -7.8980 -4.0410 15.6952
v  -7.8977 -4.0638 15.6906
v  -7.8967 -4.0824 15.6780
v  -7.8951 -4.0950 15.6594
v  -7.8933 -4.0996 15.6365
v  -7.9517 -4.1059 15.1607
v  -7.9495 -4.0908 15.1383
v  -7.9480 -4.0684 15.1232
v  -7.9472 -4.0410 15.1177
v  -7.9473 -4.0136 15.1232
v  -7.9484 -3.9913 15.1383
v  -7.9501 -3.9762 15.1607
v  -7.9524 -3.9707 15.1880
v  -7.9549 -3.9762 15.2154
v  -7.9569 -3.9912 15.2378
v  -7.9585 -4.0136 15.2529
v  -7.9593 -4.0410 15.2585
v  -7.9592 -4.0684 15.2530
v  -7.9581 -4.0908 15.2379
v  -7.9564 -4.1059 15.2155
v  -7.9541 -4.1115 15.1881
v  -7.9542 -4.1174 15.1881
v  -7.9567 -4.1114 15.2178
v  -7.9586 -4.0950 15.2421
v  -7.9597 -4.0707 15.2585
v  -7.9598 -4.0410 15.2645
v  -7.9590 -4.0113 15.2584
v  -7.9573 -3.9870 15.2420
v  -7.9550 -3.9706 15.2177
v  -7.9524 -3.9646 15.1880
v  -7.9499 -3.9706 15.1583
v  -7.9480 -3.9870 15.1340
v  -7.9469 -4.0113 15.1176
v  -7.9468 -4.0410 15.1116
v  -7.9476 -4.0707 15.1177
v  -7.9493 -4.0950 15.1341
v  -7.9516 -4.1114 15.1584
v  -7.9480 -4.0987 15.1637
v  -7.9459 -4.0853 15.1437
v  -7.9445 -4.0654 15.1303
v  -7.9437 -4.0410 15.1254
v  -7.9439 -4.0167 15.1305
v  -7.9449 -3.9969 15.1440
v  -7.9466 -3.9838 15.1639
v  -7.9487 -3.9791 15.1880
v  -7.9509 -3.9841 15.2120
v  -7.9529 -3.9974 15.2316
v  -7.9544 -4.0170 15.2447
v  -7.9551 -4.0410 15.2497
v  -7.9550 -4.0650 15.2450
v  -7.9540 -4.0849 15.2319
v  -7.9524 -4.0984 15.2123
v  -7.9502 -4.1035 15.1881
v  -7.9405 -4.0957 15.1649
v  -7.9388 -4.0830 15.1460
v  -7.9376 -4.0640 15.1334
v  -7.9369 -4.0410 15.1288
v  -7.9369 -4.0180 15.1337
v  -7.9376 -3.9993 15.1464
v  -7.9389 -3.9869 15.1652
v  -7.9406 -3.9823 15.1880
v  -7.9425 -3.9870 15.2108
v  -7.9441 -3.9995 15.2295
v  -7.9454 -4.0181 15.2422
v  -7.9461 -4.0410 15.2469
v  -7.9461 -4.0640 15.2425
v  -7.9454 -4.0829 15.2299
v  -7.9441 -4.0956 15.2111
v  -7.9424 -4.1004 15.1880
v  -7.8526 -4.0950 15.1652
v  -7.8510 -4.0824 15.1465
v  -7.8500 -4.0638 15.1340
v  -7.8496 -4.0410 15.1293
v  -7.8500 -4.0181 15.1340
v  -7.8510 -3.9995 15.1465
v  -7.8525 -3.9869 15.1652
v  -7.8544 -3.9823 15.1880
v  -7.8563 -3.9869 15.2108
v  -7.8578 -3.9995 15.2295
v  -7.8588 -4.0181 15.2421
v  -7.8593 -4.0410 15.2467
v  -7.8589 -4.0638 15.2421
v  -7.8579 -4.0824 15.2295
v  -7.8564 -4.0950 15.2108
v  -7.8545 -4.0996 15.1880
v  -8.0091 -4.1059 15.8338
v  -8.0070 -4.0908 15.8114
v  -8.0054 -4.0684 15.7963
v  -8.0046 -4.0410 15.7908
v  -8.0048 -4.0136 15.7964
v  -8.0058 -3.9913 15.8114
v  -8.0075 -3.9762 15.8338
v  -8.0098 -3.9707 15.8611
v  -8.0122 -3.9762 15.8885
v  -8.0143 -3.9913 15.9109
v  -8.0159 -4.0136 15.9260
v  -8.0167 -4.0410 15.9316
v  -8.0166 -4.0684 15.9261
v  -8.0156 -4.0908 15.9110
v  -8.0138 -4.1059 15.8886
v  -8.0115 -4.1115 15.8612
v  -8.0116 -4.1174 15.8612
v  -8.0141 -4.1114 15.8909
v  -8.0160 -4.0950 15.9152
v  -8.0170 -4.0707 15.9316
v  -8.0172 -4.0410 15.9376
v  -8.0163 -4.0113 15.9315
v  -8.0146 -3.9870 15.9152
v  -8.0123 -3.9706 15.8909
v  -8.0097 -3.9646 15.8611
v  -8.0073 -3.9706 15.8314
v  -8.0054 -3.9870 15.8071
v  -8.0043 -4.0113 15.7907
v  -8.0042 -4.0410 15.7847
v  -8.0051 -4.0707 15.7908
v  -8.0068 -4.0950 15.8072
v  -8.0090 -4.1114 15.8315
v  -8.0054 -4.0986 15.8369
v  -8.0033 -4.0853 15.8169
v  -8.0019 -4.0653 15.8035
v  -8.0011 -4.0410 15.7986
v  -8.0014 -4.0167 15.8037
v  -8.0023 -3.9970 15.8172
v  -8.0040 -3.9839 15.8370
v  -8.0060 -3.9792 15.8611
v  -8.0083 -3.9841 15.8851
v  -8.0102 -3.9974 15.9047
v  -8.0116 -4.0170 15.9179
v  -8.0124 -4.0410 15.9229
v  -8.0123 -4.0650 15.9181
v  -8.0114 -4.0849 15.9050
v  -8.0097 -4.0983 15.8854
v  -8.0076 -4.1034 15.8612
v  -7.9978 -4.0957 15.8380
v  -7.9961 -4.0829 15.8192
v  -7.9949 -4.0640 15.8066
v  -7.9942 -4.0410 15.8020
v  -7.9943 -4.0181 15.8069
v  -7.9950 -3.9994 15.8196
v  -7.9963 -3.9870 15.8383
v  -7.9979 -3.9823 15.8611
v  -7.9998 -3.9869 15.8840
v  -8.0014 -3.9994 15.9027
v  -8.0026 -4.0181 15.9154
v  -8.0034 -4.0410 15.9202
v  -8.0033 -4.0640 15.9157
v  -8.0027 -4.0829 15.9031
v  -8.0014 -4.0957 15.8842
v  -7.9997 -4.1004 15.8611
v  -7.9099 -4.0950 15.8383
v  -7.9084 -4.0824 15.8196
v  -7.9073 -4.0638 15.8071
v  -7.9069 -4.0410 15.8025
v  -7.9073 -4.0181 15.8071
v  -7.9083 -3.9995 15.8196
v  -7.9099 -3.9869 15.8383
v  -7.9117 -3.9823 15.8611
v  -7.9136 -3.9869 15.8840
v  -7.9151 -3.9995 15.9026
v  -7.9162 -4.0181 15.9152
v  -7.9166 -4.0410 15.9198
v  -7.9162 -4.0638 15.9152
v  -7.9152 -4.0824 15.9026
v  -7.9137 -4.0950 15.8840
v  -7.9118 -4.0996 15.8611
v  -7.9325 -4.1060 14.9360
v  -7.9304 -4.0908 14.9136
v  -7.9288 -4.0684 14.8985
v  -7.9281 -4.0410 14.8930
v  -7.9282 -4.0136 14.8986
v  -7.9293 -3.9912 14.9136
v  -7.9310 -3.9762 14.9360
v  -7.9333 -3.9706 14.9634
v  -7.9357 -3.9761 14.9908
v  -7.9378 -3.9912 15.0132
v  -7.9393 -4.0136 15.0283
v  -7.9401 -4.0410 15.0339
v  -7.9400 -4.0684 15.0284
v  -7.9389 -4.0909 15.0133
v  -7.9372 -4.1060 14.9909
v  -7.9349 -4.1115 14.9635
v  -7.9350 -4.1174 14.9635
v  -7.9374 -4.1114 14.9932
v  -7.9393 -4.0950 15.0175
v  -7.9405 -4.0707 15.0338
v  -7.9406 -4.0410 15.0398
v  -7.9398 -4.0113 15.0338
v  -7.9381 -3.9870 15.0174
v  -7.9358 -3.9706 14.9931
v  -7.9332 -3.9646 14.9634
v  -7.9307 -3.9706 14.9337
v  -7.9288 -3.9870 14.9094
v  -7.9277 -4.0113 14.8930
v  -7.9276 -4.0410 14.8870
v  -7.9284 -4.0707 14.8930
v  -7.9301 -4.0950 14.9094
v  -7.9323 -4.1114 14.9337
v  -7.9322 -4.0955 14.9401
v  -7.9304 -4.0827 14.9214
v  -7.9293 -4.0638 14.9089
v  -7.9287 -4.0409 14.9045
v  -7.9288 -4.0182 14.9092
v  -7.9296 -3.9996 14.9218
v  -7.9310 -3.9871 14.9403
v  -7.9328 -3.9823 14.9631
v  -7.9347 -3.9868 14.9860
v  -7.9363 -3.9992 15.0048
v  -7.9376 -4.0179 15.0177
v  -7.9383 -4.0409 15.0225
v  -7.9382 -4.0641 15.0180
v  -7.9373 -4.0831 15.0053
v  -7.9359 -4.0958 14.9864
v  -7.9342 -4.1004 14.9632
v  -7.9216 -4.0956 14.9403
v  -7.9199 -4.0828 14.9215
v  -7.9187 -4.0639 14.9089
v  -7.9180 -4.0410 14.9045
v  -7.9181 -4.0181 14.9093
v  -7.9188 -3.9995 14.9219
v  -7.9200 -3.9870 14.9406
v  -7.9217 -3.9823 14.9634
v  -7.9235 -3.9869 14.9862
v  -7.9251 -3.9994 15.0050
v  -7.9264 -4.0180 15.0177
v  -7.9271 -4.0410 15.0225
v  -7.9271 -4.0641 15.0180
v  -7.9264 -4.0830 15.0054
v  -7.9252 -4.0957 14.9865
v  -7.9234 -4.1004 14.9634
v  -7.8337 -4.0950 14.9405
v  -7.8321 -4.0824 14.9219
v  -7.8311 -4.0638 14.9093
v  -7.8307 -4.0410 14.9047
v  -7.8311 -4.0181 14.9093
v  -7.8321 -3.9995 14.9219
v  -7.8336 -3.9869 14.9405
v  -7.8355 -3.9823 14.9634
v  -7.8373 -3.9869 14.9862
v  -7.8389 -3.9995 15.0048
v  -7.8399 -4.0181 15.0174
v  -7.8403 -4.0410 15.0220
v  -7.8400 -4.0638 15.0174
v  -7.8390 -4.0824 15.0048
v  -7.8375 -4.0950 14.9862
v  -7.8356 -4.0996 14.9634
v  -7.9679 -3.8702 15.3851
v  -7.9658 -3.8550 15.3627
v  -7.9641 -3.8326 15.3476
v  -7.9632 -3.8053 15.3421
v  -7.9633 -3.7779 15.3476
v  -7.9643 -3.7556 15.3627
v  -7.9660 -3.7405 15.3851
v  -7.9682 -3.7349 15.4124
v  -7.9707 -3.7405 15.4398
v  -7.9728 -3.7555 15.4622
v  -7.9745 -3.7779 15.4773
v  -7.9754 -3.8053 15.4829
v  -7.9753 -3.8327 15.4774
v  -7.9743 -3.8551 15.4623
v  -7.9726 -3.8702 15.4399
v  -7.9704 -3.8757 15.4125
v  -7.9704 -3.8817 15.4125
v  -7.9729 -3.8757 15.4422
v  -7.9747 -3.8593 15.4665
v  -7.9758 -3.8350 15.4829
v  -7.9759 -3.8053 15.4889
v  -7.9749 -3.7756 15.4828
v  -7.9731 -3.7513 15.4664
v  -7.9708 -3.7349 15.4422
v  -7.9682 -3.7289 15.4124
v  -7.9657 -3.7349 15.3827
v  -7.9639 -3.7513 15.3584
v  -7.9629 -3.7756 15.3420
v  -7.9629 -3.8053 15.3360
v  -7.9638 -3.8350 15.3420
v  -7.9655 -3.8593 15.3584
v  -7.9678 -3.8757 15.3827
v  -7.9643 -3.8626 15.3882
v  -7.9622 -3.8494 15.3683
v  -7.9607 -3.8296 15.3549
v  -7.9597 -3.8053 15.3499
v  -7.9598 -3.7809 15.3548
v  -7.9606 -3.7611 15.3683
v  -7.9622 -3.7478 15.3882
v  -7.9643 -3.7431 15.4124
v  -7.9666 -3.7481 15.4365
v  -7.9686 -3.7616 15.4561
v  -7.9702 -3.7813 15.4693
v  -7.9711 -3.8053 15.4741
v  -7.9711 -3.8293 15.4692
v  -7.9703 -3.8490 15.4561
v  -7.9687 -3.8623 15.4365
v  -7.9666 -3.8674 15.4124
v  -7.9566 -3.8595 15.3895
v  -7.9549 -3.8470 15.3707
v  -7.9536 -3.8283 15.3580
v  -7.9528 -3.8053 15.3532
v  -7.9529 -3.7823 15.3579
v  -7.9536 -3.7634 15.3705
v  -7.9548 -3.7508 15.3894
v  -7.9565 -3.7461 15.4124
v  -7.9584 -3.7508 15.4354
v  -7.9600 -3.7635 15.4542
v  -7.9613 -3.7823 15.4668
v  -7.9620 -3.8053 15.4714
v  -7.9621 -3.8282 15.4667
v  -7.9614 -3.8469 15.4541
v  -7.9601 -3.8595 15.4353
v  -7.9584 -3.8642 15.4124
v  -7.8686 -3.8593 15.3896
v  -7.8670 -3.8467 15.3709
v  -7.8660 -3.8281 15.3583
v  -7.8656 -3.8053 15.3537
v  -7.8660 -3.7824 15.3583
v  -7.8670 -3.7638 15.3709
v  -7.8685 -3.7512 15.3896
v  -7.8704 -3.7466 15.4124
v  -7.8722 -3.7512 15.4352
v  -7.8738 -3.7638 15.4539
v  -7.8748 -3.7824 15.4665
v  -7.8752 -3.8053 15.4711
v  -7.8749 -3.8281 15.4665
v  -7.8739 -3.8467 15.4539
v  -7.8724 -3.8593 15.4352
v  -7.8705 -3.8639 15.4124
v  -7.9870 -3.8702 15.6092
v  -7.9849 -3.8551 15.5868
v  -7.9833 -3.8327 15.5717
v  -7.9824 -3.8053 15.5662
v  -7.9824 -3.7779 15.5717
v  -7.9833 -3.7555 15.5868
v  -7.9850 -3.7404 15.6092
v  -7.9873 -3.7348 15.6366
v  -7.9897 -3.7404 15.6640
v  -7.9919 -3.7555 15.6864
v  -7.9935 -3.7779 15.7015
v  -7.9944 -3.8053 15.7071
v  -7.9944 -3.8327 15.7016
v  -7.9934 -3.8552 15.6865
v  -7.9917 -3.8703 15.6641
v  -7.9895 -3.8758 15.6366
v  -7.9895 -3.8817 15.6366
v  -7.9920 -3.8757 15.6664
v  -7.9938 -3.8593 15.6907
v  -7.9949 -3.8350 15.7070
v  -7.9949 -3.8053 15.7130
v  -7.9939 -3.7756 15.7070
v  -7.9922 -3.7513 15.6906
v  -7.9898 -3.7349 15.6663
v  -7.9872 -3.7289 15.6366
v  -7.9848 -3.7349 15.6069
v  -7.9830 -3.7513 15.5826
v  -7.9820 -3.7756 15.5662
v  -7.9819 -3.8053 15.5602
v  -7.9829 -3.8350 15.5662
v  -7.9846 -3.8593 15.5826
v  -7.9869 -3.8757 15.6069
v  -7.9837 -3.8627 15.6123
v  -7.9816 -3.8495 15.5924
v  -7.9801 -3.8296 15.5790
v  -7.9792 -3.8053 15.5740
v  -7.9792 -3.7809 15.5789
v  -7.9800 -3.7610 15.5923
v  -7.9816 -3.7477 15.6123
v  -7.9836 -3.7428 15.6366
v  -7.9859 -3.7479 15.6608
v  -7.9878 -3.7613 15.6805
v  -7.9894 -3.7811 15.6937
v  -7.9903 -3.8053 15.6986
v  -7.9903 -3.8294 15.6937
v  -7.9895 -3.8492 15.6805
v  -7.9880 -3.8626 15.6608
v  -7.9859 -3.8676 15.6366
v  -7.9761 -3.8595 15.6137
v  -7.9744 -3.8469 15.5949
v  -7.9731 -3.8282 15.5823
v  -7.9724 -3.8053 15.5775
v  -7.9724 -3.7823 15.5822
v  -7.9731 -3.7635 15.5948
v  -7.9743 -3.7508 15.6136
v  -7.9760 -3.7461 15.6366
v  -7.9778 -3.7507 15.6596
v  -7.9795 -3.7634 15.6785
v  -7.9807 -3.7822 15.6911
v  -7.9815 -3.8053 15.6958
v  -7.9815 -3.8283 15.6910
v  -7.9808 -3.8471 15.6783
v  -7.9796 -3.8596 15.6595
v  -7.9779 -3.8642 15.6365
v  -7.8881 -3.8593 15.6137
v  -7.8865 -3.8467 15.5951
v  -7.8855 -3.8281 15.5825
v  -7.8851 -3.8053 15.5779
v  -7.8855 -3.7824 15.5825
v  -7.8865 -3.7638 15.5951
v  -7.8880 -3.7512 15.6137
v  -7.8899 -3.7466 15.6365
v  -7.8917 -3.7512 15.6594
v  -7.8933 -3.7638 15.6780
v  -7.8943 -3.7824 15.6906
v  -7.8947 -3.8053 15.6952
v  -7.8944 -3.8281 15.6906
v  -7.8934 -3.8467 15.6780
v  -7.8919 -3.8593 15.6594
v  -7.8900 -3.8639 15.6365
v  -7.9488 -3.8701 15.1607
v  -7.9466 -3.8550 15.1383
v  -7.9450 -3.8326 15.1232
v  -7.9441 -3.8053 15.1177
v  -7.9442 -3.7779 15.1232
v  -7.9451 -3.7556 15.1383
v  -7.9469 -3.7405 15.1607
v  -7.9491 -3.7350 15.1880
v  -7.9516 -3.7405 15.2154
v  -7.9537 -3.7556 15.2377
v  -7.9554 -3.7779 15.2529
v  -7.9562 -3.8053 15.2584
v  -7.9562 -3.8327 15.2529
v  -7.9552 -3.8551 15.2378
v  -7.9535 -3.8702 15.2155
v  -7.9512 -3.8757 15.1881
v  -7.9513 -3.8817 15.1881
v  -7.9538 -3.8757 15.2178
v  -7.9556 -3.8593 15.2421
v  -7.9567 -3.8350 15.2584
v  -7.9568 -3.8053 15.2644
v  -7.9558 -3.7756 15.2584
v  -7.9540 -3.7513 15.2420
v  -7.9517 -3.7349 15.2177
v  -7.9491 -3.7289 15.1880
v  -7.9466 -3.7349 15.1583
v  -7.9448 -3.7513 15.1340
v  -7.9438 -3.7756 15.1176
v  -7.9437 -3.8053 15.1116
v  -7.9447 -3.8350 15.1176
v  -7.9464 -3.8593 15.1340
v  -7.9487 -3.8757 15.1583
v  -7.9451 -3.8625 15.1639
v  -7.9430 -3.8494 15.1440
v  -7.9415 -3.8296 15.1306
v  -7.9405 -3.8053 15.1255
v  -7.9406 -3.7810 15.1305
v  -7.9414 -3.7611 15.1439
v  -7.9431 -3.7479 15.1638
v  -7.9451 -3.7432 15.1880
v  -7.9474 -3.7482 15.2121
v  -7.9495 -3.7616 15.2317
v  -7.9510 -3.7813 15.2448
v  -7.9519 -3.8053 15.2496
v  -7.9519 -3.8292 15.2448
v  -7.9511 -3.8489 15.2316
v  -7.9495 -3.8623 15.2121
v  -7.9474 -3.8673 15.1880
v  -7.9373 -3.8596 15.1651
v  -7.9356 -3.8470 15.1463
v  -7.9343 -3.8283 15.1336
v  -7.9336 -3.8053 15.1288
v  -7.9336 -3.7823 15.1335
v  -7.9343 -3.7634 15.1461
v  -7.9356 -3.7508 15.1650
v  -7.9372 -3.7461 15.1880
v  -7.9391 -3.7508 15.2110
v  -7.9407 -3.7635 15.2298
v  -7.9420 -3.7823 15.2424
v  -7.9428 -3.8053 15.2470
v  -7.9428 -3.8282 15.2423
v  -7.9421 -3.8469 15.2297
v  -7.9409 -3.8595 15.2109
v  -7.9392 -3.8642 15.1880
v  -7.8493 -3.8593 15.1652
v  -7.8478 -3.8467 15.1465
v  -7.8467 -3.8281 15.1340
v  -7.8463 -3.8053 15.1293
v  -7.8467 -3.7824 15.1340
v  -7.8477 -3.7638 15.1465
v  -7.8493 -3.7512 15.1652
v  -7.8511 -3.7466 15.1880
v  -7.8530 -3.7512 15.2108
v  -7.8545 -3.7638 15.2295
v  -7.8556 -3.7824 15.2421
v  -7.8560 -3.8053 15.2467
v  -7.8556 -3.8281 15.2421
v  -7.8546 -3.8467 15.2295
v  -7.8531 -3.8593 15.2108
v  -7.8512 -3.8639 15.1880
v  -8.0061 -3.8701 15.8338
v  -8.0039 -3.8550 15.8114
v  -8.0023 -3.8326 15.7963
v  -8.0014 -3.8053 15.7908
v  -8.0014 -3.7779 15.7964
v  -8.0024 -3.7556 15.8114
v  -8.0040 -3.7405 15.8338
v  -8.0063 -3.7349 15.8611
v  -8.0087 -3.7405 15.8885
v  -8.0109 -3.7555 15.9109
v  -8.0125 -3.7779 15.9260
v  -8.0134 -3.8053 15.9316
v  -8.0134 -3.8327 15.9261
v  -8.0124 -3.8551 15.9110
v  -8.0108 -3.8702 15.8886
v  -8.0085 -3.8757 15.8612
v  -8.0086 -3.8817 15.8612
v  -8.0110 -3.8757 15.8909
v  -8.0129 -3.8593 15.9152
v  -8.0139 -3.8350 15.9316
v  -8.0139 -3.8053 15.9376
v  -8.0130 -3.7756 15.9316
v  -8.0112 -3.7513 15.9152
v  -8.0088 -3.7349 15.8909
v  -8.0062 -3.7289 15.8611
v  -8.0038 -3.7349 15.8314
v  -8.0020 -3.7513 15.8071
v  -8.0010 -3.7756 15.7907
v  -8.0010 -3.8053 15.7847
v  -8.0020 -3.8350 15.7908
v  -8.0037 -3.8593 15.8071
v  -8.0060 -3.8757 15.8314
v  -8.0024 -3.8625 15.8370
v  -8.0003 -3.8493 15.8171
v  -7.9988 -3.8295 15.8037
v  -7.9979 -3.8053 15.7987
v  -7.9979 -3.7810 15.8036
v  -7.9987 -3.7611 15.8170
v  -8.0003 -3.7479 15.8369
v  -8.0024 -3.7431 15.8612
v  -8.0046 -3.7481 15.8853
v  -8.0067 -3.7615 15.9049
v  -8.0082 -3.7813 15.9180
v  -8.0091 -3.8053 15.9229
v  -8.0091 -3.8293 15.9180
v  -8.0083 -3.8490 15.9048
v  -8.0068 -3.8623 15.8852
v  -8.0047 -3.8673 15.8611
v  -7.9946 -3.8595 15.8382
v  -7.9929 -3.8470 15.8194
v  -7.9916 -3.8282 15.8068
v  -7.9909 -3.8053 15.8020
v  -7.9909 -3.7823 15.8067
v  -7.9916 -3.7635 15.8193
v  -7.9929 -3.7508 15.8381
v  -7.9945 -3.7461 15.8611
v  -7.9964 -3.7508 15.8841
v  -7.9980 -3.7635 15.9030
v  -7.9993 -3.7823 15.9156
v  -8.0001 -3.8053 15.9202
v  -8.0001 -3.8282 15.9155
v  -7.9994 -3.8470 15.9028
v  -7.9982 -3.8596 15.8841
v  -7.9965 -3.8642 15.8611
v  -7.9066 -3.8593 15.8383
v  -7.9051 -3.8467 15.8196
v  -7.9040 -3.8281 15.8071
v  -7.9036 -3.8053 15.8025
v  -7.9040 -3.7824 15.8071
v  -7.9050 -3.7638 15.8196
v  -7.9066 -3.7512 15.8383
v  -7.9084 -3.7466 15.8611
v  -7.9103 -3.7512 15.8840
v  -7.9118 -3.7638 15.9026
v  -7.9129 -3.7824 15.9152
v  -7.9133 -3.8053 15.9198
v  -7.9129 -3.8281 15.9152
v  -7.9119 -3.8467 15.9026
v  -7.9104 -3.8593 15.8840
v  -7.9085 -3.8639 15.8611
v  -7.9296 -3.8702 14.9360
v  -7.9275 -3.8551 14.9136
v  -7.9259 -3.8327 14.8986
v  -7.9250 -3.8053 14.8930
v  -7.9251 -3.7779 14.8986
v  -7.9260 -3.7555 14.9137
v  -7.9277 -3.7405 14.9360
v  -7.9300 -3.7349 14.9634
v  -7.9325 -3.7405 14.9908
v  -7.9346 -3.7555 15.0131
v  -7.9362 -3.7779 15.0283
v  -7.9371 -3.8053 15.0338
v  -7.9370 -3.8327 15.0283
v  -7.9360 -3.8551 15.0132
v  -7.9343 -3.8702 14.9908
v  -7.9321 -3.8757 14.9634
v  -7.9321 -3.8817 14.9634
v  -7.9346 -3.8757 14.9932
v  -7.9365 -3.8593 15.0174
v  -7.9375 -3.8350 15.0338
v  -7.9376 -3.8053 15.0398
v  -7.9367 -3.7756 15.0338
v  -7.9349 -3.7513 15.0174
v  -7.9326 -3.7349 14.9931
v  -7.9299 -3.7289 14.9634
v  -7.9275 -3.7349 14.9337
v  -7.9257 -3.7513 14.9094
v  -7.9247 -3.7756 14.8930
v  -7.9246 -3.8053 14.8870
v  -7.9255 -3.8350 14.8930
v  -7.9272 -3.8593 14.9094
v  -7.9295 -3.8757 14.9337
v  -7.9261 -3.8626 14.9392
v  -7.9241 -3.8494 14.9193
v  -7.9226 -3.8296 14.9059
v  -7.9216 -3.8053 14.9009
v  -7.9217 -3.7810 14.9059
v  -7.9225 -3.7611 14.9193
v  -7.9241 -3.7479 14.9392
v  -7.9261 -3.7431 14.9634
v  -7.9284 -3.7481 14.9875
v  -7.9304 -3.7615 15.0072
v  -7.9319 -3.7812 15.0203
v  -7.9327 -3.8053 15.0252
v  -7.9328 -3.8293 15.0203
v  -7.9319 -3.8491 15.0071
v  -7.9304 -3.8624 14.9875
v  -7.9283 -3.8674 14.9634
v  -7.9184 -3.8595 14.9405
v  -7.9167 -3.8469 14.9217
v  -7.9154 -3.8282 14.9091
v  -7.9147 -3.8053 14.9043
v  -7.9147 -3.7823 14.9090
v  -7.9154 -3.7635 14.9216
v  -7.9166 -3.7508 14.9404
v  -7.9183 -3.7461 14.9634
v  -7.9201 -3.7507 14.9864
v  -7.9218 -3.7634 15.0053
v  -7.9231 -3.7822 15.0179
v  -7.9238 -3.8053 15.0226
v  -7.9238 -3.8283 15.0178
v  -7.9232 -3.8470 15.0051
v  -7.9219 -3.8596 14.9863
v  -7.9202 -3.8642 14.9634
v  -7.8304 -3.8593 14.9405
v  -7.8288 -3.8467 14.9219
v  -7.8278 -3.8281 14.9093
v  -7.8274 -3.8053 14.9047
v  -7.8278 -3.7824 14.9093
v  -7.8288 -3.7638 14.9219
v  -7.8303 -3.7512 14.9405
v  -7.8322 -3.7461 14.9634
v  -7.8340 -3.7507 14.9864
v  -7.8356 -3.7634 15.0052
v  -7.8366 -3.7824 15.0174
v  -7.8370 -3.8053 15.0220
v  -7.8367 -3.8281 15.0174
v  -7.8357 -3.8467 15.0048
v  -7.8342 -3.8593 14.9862
v  -7.8323 -3.8639 14.9634
v  -7.9105 -3.8702 14.7115
v  -7.9084 -3.8550 14.6891
v  -7.9068 -3.8327 14.6741
v  -7.9059 -3.8053 14.6685
v  -7.9060 -3.7779 14.6741
v  -7.9069 -3.7556 14.6892
v  -7.9086 -3.7405 14.7115
v  -7.9109 -3.7349 14.7389
v  -7.9133 -3.7405 14.7663
v  -7.9155 -3.7555 14.7886
v  -7.9171 -3.7779 14.8038
v  -7.9180 -3.8053 14.8093
v  -7.9179 -3.8327 14.8038
v  -7.9169 -3.8551 14.7888
v  -7.9152 -3.8702 14.7664
v  -7.9129 -3.8757 14.7389
v  -7.9130 -3.8817 14.7389
v  -7.9154 -3.8757 14.7687
v  -7.9173 -3.8593 14.7929
v  -7.9184 -3.8350 14.8093
v  -7.9185 -3.8053 14.8153
v  -7.9175 -3.7756 14.8093
v  -7.9158 -3.7513 14.7929
v  -7.9135 -3.7349 14.7686
v  -7.9108 -3.7289 14.7389
v  -7.9084 -3.7349 14.7092
v  -7.9066 -3.7513 14.6849
v  -7.9055 -3.7756 14.6685
v  -7.9055 -3.8053 14.6625
v  -7.9064 -3.8350 14.6685
v  -7.9081 -3.8593 14.6849
v  -7.9104 -3.8757 14.7092
v  -7.9070 -3.8626 14.7147
v  -7.9049 -3.8493 14.6948
v  -7.9035 -3.8295 14.6815
v  -7.9025 -3.8053 14.6765
v  -7.9026 -3.7810 14.6814
v  -7.9034 -3.7612 14.6948
v  -7.9050 -3.7479 14.7147
v  -7.9070 -3.7431 14.7389
v  -7.9092 -3.7481 14.7630
v  -7.9112 -3.7615 14.7827
v  -7.9127 -3.7812 14.7959
v  -7.9136 -3.8053 14.8008
v  -7.9136 -3.8293 14.7959
v  -7.9128 -3.8491 14.7827
v  -7.9113 -3.8624 14.7630
v  -7.9092 -3.8674 14.7389
v  -7.8992 -3.8595 14.7160
v  -7.8975 -3.8469 14.6973
v  -7.8963 -3.8281 14.6847
v  -7.8956 -3.8053 14.6799
v  -7.8956 -3.7824 14.6846
v  -7.8962 -3.7636 14.6972
v  -7.8975 -3.7509 14.7159
v  -7.8992 -3.7461 14.7389
v  -7.9010 -3.7507 14.7619
v  -7.9026 -3.7633 14.7808
v  -7.9039 -3.7822 14.7935
v  -7.9046 -3.8053 14.7981
v  -7.9047 -3.8283 14.7934
v  -7.9040 -3.8471 14.7807
v  -7.9028 -3.8596 14.7618
v  -7.9011 -3.8642 14.7389
v  -7.8112 -3.8593 14.7160
v  -7.8097 -3.8467 14.6974
v  -7.8086 -3.8281 14.6848
v  -7.8082 -3.8053 14.6802
v  -7.8086 -3.7824 14.6848
v  -7.8096 -3.7638 14.6974
v  -7.8112 -3.7512 14.7160
v  -7.8130 -3.7466 14.7389
v  -7.8149 -3.7512 14.7617
v  -7.8164 -3.7638 14.7803
v  -7.8175 -3.7824 14.7929
v  -7.8179 -3.8053 14.7975
v  -7.8175 -3.8281 14.7929
v  -7.8165 -3.8467 14.7803
v  -7.8150 -3.8593 14.7617
v  -7.8131 -3.8639 14.7389
v  -8.0251 -3.8701 16.0582
v  -8.0229 -3.8550 16.0358
v  -8.0213 -3.8326 16.0207
v  -8.0204 -3.8053 16.0152
v  -8.0204 -3.7779 16.0207
v  -8.0213 -3.7556 16.0358
v  -8.0230 -3.7405 16.0582
v  -8.0252 -3.7349 16.0855
v  -8.0277 -3.7404 16.1129
v  -8.0298 -3.7555 16.1353
v  -8.0315 -3.7779 16.1504
v  -8.0324 -3.8053 16.1560
v  -8.0324 -3.8327 16.1505
v  -8.0314 -3.8551 16.1354
v  -8.0298 -3.8702 16.1130
v  -8.0275 -3.8757 16.0855
v  -8.0276 -3.8817 16.0855
v  -8.0300 -3.8757 16.1153
v  -8.0318 -3.8593 16.1396
v  -8.0328 -3.8350 16.1559
v  -8.0329 -3.8053 16.1619
v  -8.0319 -3.7756 16.1559
v  -8.0301 -3.7513 16.1395
v  -8.0278 -3.7349 16.1152
v  -8.0252 -3.7289 16.0855
v  -8.0228 -3.7349 16.0558
v  -8.0210 -3.7513 16.0315
v  -8.0200 -3.7756 16.0151
v  -8.0200 -3.8053 16.0091
v  -8.0210 -3.8350 16.0151
v  -8.0250 -3.8757 16.0558
v  -8.0215 -3.8625 16.0613
v  -8.0194 -3.8493 16.0415
v  -8.0179 -3.8295 16.0281
v  -8.0169 -3.8053 16.0231
v  -8.0170 -3.7810 16.0280
v  -8.0178 -3.7611 16.0414
v  -8.0193 -3.7478 16.0613
v  -8.0214 -3.7430 16.0855
v  -8.0236 -3.7481 16.1097
v  -8.0256 -3.7615 16.1293
v  -8.0272 -3.7812 16.1424
v  -8.0281 -3.8053 16.1473
v  -8.0281 -3.8293 16.1424
v  -8.0273 -3.8490 16.1292
v  -8.0258 -3.8623 16.1096
v  -8.0237 -3.8673 16.0855
v  -8.0136 -3.8595 16.0626
v  -8.0120 -3.8469 16.0438
v  -8.0107 -3.8282 16.0312
v  -8.0100 -3.8053 16.0264
v  -8.0100 -3.7823 16.0311
v  -8.0107 -3.7635 16.0437
v  -8.0119 -3.7508 16.0625
v  -8.0136 -3.7461 16.0855
v  -8.0154 -3.7508 16.1085
v  -8.0171 -3.7634 16.1273
v  -8.0183 -3.7823 16.1400
v  -8.0191 -3.8053 16.1446
v  -8.0191 -3.8282 16.1399
v  -8.0185 -3.8470 16.1272
v  -8.0172 -3.8596 16.1084
v  -8.0155 -3.8642 16.0855
v  -7.9257 -3.8593 16.0627
v  -7.9241 -3.8467 16.0440
v  -7.9231 -3.8281 16.0314
v  -7.9227 -3.8053 16.0268
v  -7.9231 -3.7824 16.0314
v  -7.9241 -3.7638 16.0440
v  -7.9256 -3.7512 16.0627
v  -7.9275 -3.7466 16.0855
v  -7.9293 -3.7512 16.1083
v  -7.9309 -3.7638 16.1270
v  -7.9319 -3.7824 16.1395
v  -7.9323 -3.8053 16.1442
v  -7.9320 -3.8281 16.1395
v  -7.9310 -3.8467 16.1270
v  -7.9294 -3.8593 16.1083
v  -7.9276 -3.8639 16.0855
v  -7.9641 -3.6334 15.3851
v  -7.9618 -3.6184 15.3627
v  -7.9601 -3.5960 15.3476
v  -7.9590 -3.5686 15.3421
v  -7.9589 -3.5412 15.3476
v  -7.9596 -3.5188 15.3627
v  -7.9612 -3.5037 15.3851
v  -7.9634 -3.4981 15.4125
v  -7.9659 -3.5037 15.4399
v  -7.9681 -3.5188 15.4623
v  -7.9699 -3.5412 15.4774
v  -7.9710 -3.5686 15.4829
v  -7.9712 -3.5960 15.4774
v  -7.9704 -3.6184 15.4622
v  -7.9688 -3.6335 15.4398
v  -7.9665 -3.6390 15.4124
v  -7.9666 -3.6450 15.4124
v  -7.9691 -3.6390 15.4422
v  -7.9708 -3.6226 15.4665
v  -7.9717 -3.5984 15.4828
v  -7.9715 -3.5686 15.4889
v  -7.9704 -3.5389 15.4829
v  -7.9684 -3.5146 15.4665
v  -7.9659 -3.4983 15.4422
v  -7.9632 -3.4923 15.4125
v  -7.9609 -3.4983 15.3828
v  -7.9593 -3.5146 15.3585
v  -7.9584 -3.5389 15.3421
v  -7.9586 -3.5686 15.3360
v  -7.9598 -3.5983 15.3420
v  -7.9616 -3.6226 15.3584
v  -7.9640 -3.6390 15.3827
v  -7.9601 -3.6260 15.3882
v  -7.9580 -3.6128 15.3683
v  -7.9565 -3.5930 15.3549
v  -7.9555 -3.5686 15.3498
v  -7.9556 -3.5443 15.3548
v  -7.9564 -3.5244 15.3682
v  -7.9580 -3.5111 15.3882
v  -7.9601 -3.5063 15.4124
v  -7.9624 -3.5114 15.4366
v  -7.9644 -3.5248 15.4562
v  -7.9660 -3.5446 15.4694
v  -7.9668 -3.5686 15.4742
v  -7.9669 -3.5927 15.4693
v  -7.9660 -3.6124 15.4561
v  -7.9645 -3.6257 15.4365
v  -7.9624 -3.6308 15.4124
v  -7.9523 -3.6233 15.3893
v  -7.9507 -3.6106 15.3705
v  -7.9494 -3.5917 15.3578
v  -7.9487 -3.5686 15.3532
v  -7.9488 -3.5457 15.3580
v  -7.9495 -3.5269 15.3707
v  -7.9507 -3.5144 15.3895
v  -7.9524 -3.5098 15.4124
v  -7.9543 -3.5145 15.4352
v  -7.9559 -3.5271 15.4540
v  -7.9572 -3.5457 15.4666
v  -7.9579 -3.5686 15.4714
v  -7.9579 -3.5916 15.4668
v  -7.9572 -3.6105 15.4543
v  -7.9559 -3.6232 15.4355
v  -7.9542 -3.6280 15.4124
v  -7.8644 -3.6227 15.3896
v  -7.8629 -3.6101 15.3709
v  -7.8618 -3.5914 15.3583
v  -7.8614 -3.5686 15.3537
v  -7.8618 -3.5458 15.3583
v  -7.8629 -3.5271 15.3709
v  -7.8644 -3.5146 15.3896
v  -7.8662 -3.5100 15.4124
v  -7.8681 -3.5146 15.4352
v  -7.8696 -3.5271 15.4539
v  -7.8707 -3.5458 15.4665
v  -7.8711 -3.5686 15.4711
v  -7.8707 -3.5914 15.4665
v  -7.8697 -3.6101 15.4539
v  -7.8682 -3.6227 15.4352
v  -7.8663 -3.6273 15.4124
v  -7.9831 -3.6335 15.6092
v  -7.9808 -3.6184 15.5868
v  -7.9791 -3.5960 15.5717
v  -7.9780 -3.5686 15.5662
v  -7.9778 -3.5412 15.5717
v  -7.9786 -3.5188 15.5868
v  -7.9801 -3.5036 15.6092
v  -7.9823 -3.4980 15.6367
v  -7.9848 -3.5036 15.6642
v  -7.9871 -3.5187 15.6866
v  -7.9889 -3.5412 15.7017
v  -7.9900 -3.5686 15.7072
v  -7.9901 -3.5961 15.7016
v  -7.9893 -3.6185 15.6865
v  -7.9878 -3.6336 15.6641
v  -7.9855 -3.6391 15.6366
v  -7.9857 -3.6450 15.6366
v  -7.9880 -3.6390 15.6664
v  -7.9898 -3.6226 15.6906
v  -7.9906 -3.5984 15.7070
v  -7.9905 -3.5686 15.7130
v  -7.9893 -3.5389 15.7070
v  -7.9873 -3.5146 15.6907
v  -7.9848 -3.4983 15.6664
v  -7.9822 -3.4923 15.6367
v  -7.9798 -3.4983 15.6070
v  -7.9782 -3.5146 15.5827
v  -7.9774 -3.5389 15.5662
v  -7.9776 -3.5686 15.5602
v  -7.9787 -3.5984 15.5662
v  -7.9806 -3.6226 15.5826
v  -7.9830 -3.6390 15.6069
v  -7.9794 -3.6262 15.6123
v  -7.9774 -3.6129 15.5924
v  -7.9759 -3.5930 15.5789
v  -7.9749 -3.5686 15.5738
v  -7.9749 -3.5442 15.5788
v  -7.9757 -3.5242 15.5922
v  -7.9772 -3.5108 15.6122
v  -7.9793 -3.5060 15.6366
v  -7.9815 -3.5111 15.6609
v  -7.9835 -3.5246 15.6807
v  -7.9851 -3.5444 15.6939
v  -7.9860 -3.5686 15.6988
v  -7.9861 -3.5928 15.6938
v  -7.9852 -3.6126 15.6806
v  -7.9837 -3.6260 15.6608
v  -7.9816 -3.6310 15.6366
v  -7.9718 -3.6232 15.6135
v  -7.9702 -3.6105 15.5947
v  -7.9689 -3.5916 15.5822
v  -7.9682 -3.5686 15.5775
v  -7.9683 -3.5457 15.5823
v  -7.9690 -3.5270 15.5949
v  -7.9702 -3.5145 15.6137
v  -7.9719 -3.5098 15.6365
v  -7.9737 -3.5144 15.6594
v  -7.9754 -3.5269 15.6782
v  -7.9766 -3.5456 15.6910
v  -7.9773 -3.5686 15.6958
v  -7.9773 -3.5917 15.6912
v  -7.9766 -3.6106 15.6786
v  -7.9754 -3.6233 15.6597
v  -7.9737 -3.6280 15.6366
v  -7.8839 -3.6227 15.6137
v  -7.8824 -3.6101 15.5951
v  -7.8813 -3.5916 15.5822
v  -7.8809 -3.5686 15.5777
v  -7.8813 -3.5458 15.5825
v  -7.8823 -3.5271 15.5951
v  -7.8839 -3.5146 15.6137
v  -7.8857 -3.5100 15.6365
v  -7.8876 -3.5146 15.6594
v  -7.8891 -3.5271 15.6780
v  -7.8902 -3.5458 15.6906
v  -7.8906 -3.5686 15.6952
v  -7.8902 -3.5914 15.6906
v  -7.8892 -3.6101 15.6780
v  -7.8877 -3.6227 15.6594
v  -7.8858 -3.6273 15.6365
v  -7.9450 -3.6334 15.1607
v  -7.9428 -3.6183 15.1383
v  -7.9410 -3.5960 15.1233
v  -7.9400 -3.5686 15.1177
v  -7.9399 -3.5413 15.1232
v  -7.9406 -3.5189 15.1383
v  -7.9422 -3.5038 15.1607
v  -7.9444 -3.4982 15.1881
v  -7.9469 -3.5037 15.2155
v  -7.9492 -3.5189 15.2378
v  -7.9510 -3.5412 15.2529
v  -7.9520 -3.5686 15.2584
v  -7.9521 -3.5960 15.2529
v  -7.9513 -3.6184 15.2378
v  -7.9497 -3.6334 15.2154
v  -7.9475 -3.6389 15.1880
v  -7.9476 -3.6450 15.1880
v  -7.9500 -3.6390 15.2178
v  -7.9518 -3.6226 15.2420
v  -7.9527 -3.5984 15.2584
v  -7.9525 -3.5686 15.2644
v  -7.9514 -3.5389 15.2584
v  -7.9494 -3.5146 15.2421
v  -7.9469 -3.4983 15.2178
v  -7.9443 -3.4922 15.1881
v  -7.9419 -3.4983 15.1583
v  -7.9403 -3.5146 15.1340
v  -7.9394 -3.5389 15.1176
v  -7.9396 -3.5686 15.1116
v  -7.9407 -3.5983 15.1176
v  -7.9426 -3.6226 15.1340
v  -7.9450 -3.6390 15.1583
v  -7.9409 -3.6259 15.1639
v  -7.9388 -3.6127 15.1440
v  -7.9373 -3.5929 15.1306
v  -7.9364 -3.5686 15.1255
v  -7.9365 -3.5443 15.1305
v  -7.9373 -3.5245 15.1439
v  -7.9389 -3.5112 15.1638
v  -7.9409 -3.5065 15.1880
v  -7.9432 -3.5115 15.2121
v  -7.9453 -3.5249 15.2317
v  -7.9469 -3.5446 15.2448
v  -7.9477 -3.5686 15.2497
v  -7.9477 -3.5926 15.2448
v  -7.9469 -3.6123 15.2317
v  -7.9453 -3.6256 15.2121
v  -7.9432 -3.6307 15.1880
v  -7.9331 -3.6233 15.1649
v  -7.9314 -3.6106 15.1461
v  -7.9301 -3.5917 15.1335
v  -7.9294 -3.5686 15.1288
v  -7.9295 -3.5457 15.1336
v  -7.9302 -3.5269 15.1463
v  -7.9315 -3.5144 15.1651
v  -7.9332 -3.5099 15.1880
v  -7.9350 -3.5145 15.2108
v  -7.9366 -3.5271 15.2296
v  -7.9379 -3.5457 15.2422
v  -7.9386 -3.5686 15.2470
v  -7.9386 -3.5916 15.2424
v  -7.9379 -3.6105 15.2299
v  -7.9367 -3.6232 15.2111
v  -7.9349 -3.6280 15.1880
v  -7.8452 -3.6229 15.1651
v  -7.8436 -3.6101 15.1465
v  -7.8426 -3.5914 15.1340
v  -7.8422 -3.5686 15.1284
v  -7.8426 -3.5458 15.1340
v  -7.8436 -3.5271 15.1465
v  -7.8451 -3.5146 15.1652
v  -7.8470 -3.5100 15.1880
v  -7.8488 -3.5146 15.2108
v  -7.8503 -3.5271 15.2295
v  -7.8514 -3.5458 15.2421
v  -7.8518 -3.5686 15.2467
v  -7.8515 -3.5914 15.2421
v  -7.8505 -3.6101 15.2295
v  -7.8489 -3.6227 15.2108
v  -7.8471 -3.6273 15.1880
v  -8.0020 -3.6334 15.8338
v  -7.9998 -3.6184 15.8114
v  -7.9980 -3.5960 15.7963
v  -7.9969 -3.5686 15.7908
v  -7.9968 -3.5412 15.7963
v  -7.9975 -3.5188 15.8114
v  -7.9990 -3.5037 15.8338
v  -8.0012 -3.4981 15.8612
v  -8.0037 -3.5036 15.8887
v  -8.0059 -3.5188 15.9111
v  -8.0078 -3.5412 15.9262
v  -8.0089 -3.5686 15.9317
v  -8.0091 -3.5961 15.9261
v  -8.0083 -3.6184 15.9110
v  -8.0067 -3.6335 15.8886
v  -8.0045 -3.6390 15.8612
v  -8.0046 -3.6450 15.8612
v  -8.0070 -3.6390 15.8909
v  -8.0087 -3.6226 15.9152
v  -8.0096 -3.5984 15.9316
v  -8.0094 -3.5686 15.9376
v  -8.0082 -3.5389 15.9316
v  -8.0062 -3.5146 15.9152
v  -8.0037 -3.4983 15.8910
v  -8.0010 -3.4923 15.8612
v  -7.9987 -3.4983 15.8315
v  -7.9971 -3.5146 15.8072
v  -7.9963 -3.5389 15.7908
v  -7.9965 -3.5686 15.7848
v  -7.9977 -3.5983 15.7908
v  -7.9996 -3.6226 15.8071
v  -8.0020 -3.6390 15.8314
v  -7.9981 -3.6260 15.8369
v  -7.9961 -3.6128 15.8170
v  -7.9945 -3.5930 15.8036
v  -7.9936 -3.5686 15.7985
v  -7.9936 -3.5443 15.8035
v  -7.9944 -3.5243 15.8169
v  -7.9959 -3.5110 15.8369
v  -7.9980 -3.5062 15.8612
v  -8.0003 -3.5113 15.8854
v  -8.0023 -3.5247 15.9051
v  -8.0039 -3.5445 15.9182
v  -8.0048 -3.5686 15.9231
v  -8.0048 -3.5927 15.9181
v  -8.0040 -3.6124 15.9049
v  -8.0025 -3.6258 15.8853
v  -8.0004 -3.6308 15.8612
v  -7.9904 -3.6233 15.8381
v  -7.9887 -3.6105 15.8192
v  -7.9875 -3.5916 15.8066
v  -7.9868 -3.5686 15.8020
v  -7.9868 -3.5457 15.8068
v  -7.9875 -3.5270 15.8195
v  -7.9888 -3.5144 15.8382
v  -7.9905 -3.5098 15.8611
v  -7.9923 -3.5145 15.8840
v  -7.9939 -3.5270 15.9027
v  -7.9952 -3.5457 15.9154
v  -7.9959 -3.5686 15.9202
v  -7.9959 -3.5916 15.9156
v  -7.9952 -3.6105 15.9030
v  -7.9940 -3.6233 15.8842
v  -7.9922 -3.6280 15.8611
v  -7.9025 -3.6227 15.8383
v  -7.9009 -3.6117 15.8181
v  -7.8999 -3.5930 15.8034
v  -7.8995 -3.5686 15.8021
v  -7.8999 -3.5458 15.8071
v  -7.9009 -3.5271 15.8196
v  -7.9024 -3.5146 15.8383
v  -7.9043 -3.5100 15.8611
v  -7.9061 -3.5146 15.8840
v  -7.9077 -3.5271 15.9026
v  -7.9087 -3.5458 15.9152
v  -7.9091 -3.5686 15.9198
v  -7.9088 -3.5914 15.9152
v  -7.9078 -3.6101 15.9026
v  -7.9063 -3.6227 15.8840
v  -7.9044 -3.6273 15.8611
v  -7.9259 -3.6334 14.9360
v  -7.9237 -3.6183 14.9137
v  -7.9220 -3.5960 14.8986
v  -7.9209 -3.5686 14.8930
v  -7.9209 -3.5413 14.8986
v  -7.9216 -3.5189 14.9136
v  -7.9232 -3.5037 14.9360
v  -7.9254 -3.4982 14.9634
v  -7.9279 -3.5037 14.9908
v  -7.9301 -3.5188 15.0132
v  -7.9319 -3.5412 15.0283
v  -7.9330 -3.5686 15.0338
v  -7.9331 -3.5960 15.0283
v  -7.9322 -3.6184 15.0132
v  -7.9306 -3.6335 14.9908
v  -7.9284 -3.6390 14.9634
v  -7.9285 -3.6450 14.9634
v  -7.9309 -3.6390 14.9931
v  -7.9327 -3.6226 15.0174
v  -7.9336 -3.5984 15.0338
v  -7.9335 -3.5686 15.0398
v  -7.9323 -3.5389 15.0338
v  -7.9304 -3.5146 15.0174
v  -7.9279 -3.4983 14.9931
v  -7.9253 -3.4922 14.9634
v  -7.9229 -3.4983 14.9337
v  -7.9212 -3.5146 14.9094
v  -7.9204 -3.5389 14.8930
v  -7.9205 -3.5686 14.8870
v  -7.9217 -3.5983 14.8930
v  -7.9235 -3.6226 14.9094
v  -7.9259 -3.6390 14.9336
v  -7.9220 -3.6259 14.9392
v  -7.9199 -3.6127 14.9193
v  -7.9185 -3.5929 14.9059
v  -7.9175 -3.5686 14.9009
v  -7.9176 -3.5444 14.9059
v  -7.9184 -3.5245 14.9193
v  -7.9200 -3.5112 14.9392
v  -7.9220 -3.5064 14.9634
v  -7.9242 -3.5114 14.9875
v  -7.9262 -3.5248 15.0072
v  -7.9278 -3.5446 15.0203
v  -7.9286 -3.5686 15.0252
v  -7.9287 -3.5927 15.0203
v  -7.9278 -3.6124 15.0071
v  -7.9263 -3.6258 14.9875
v  -7.9242 -3.6308 14.9634
v  -7.9142 -3.6232 14.9403
v  -7.9125 -3.6104 14.9215
v  -7.9113 -3.5916 14.9090
v  -7.9106 -3.5686 14.9044
v  -7.9106 -3.5457 14.9092
v  -7.9113 -3.5271 14.9218
v  -7.9126 -3.5145 14.9405
v  -7.9142 -3.5098 14.9634
v  -7.9161 -3.5144 14.9862
v  -7.9177 -3.5270 15.0050
v  -7.9189 -3.5457 15.0178
v  -7.9197 -3.5686 15.0226
v  -7.9197 -3.5917 15.0180
v  -7.9190 -3.6106 15.0053
v  -7.9177 -3.6233 14.9865
v  -7.9160 -3.6280 14.9634
v  -7.8262 -3.6249 14.9396
v  -7.8247 -3.6101 14.9219
v  -7.8236 -3.5914 14.9093
v  -7.8233 -3.5686 14.9047
v  -7.8236 -3.5458 14.9093
v  -7.8247 -3.5271 14.9219
v  -7.8262 -3.5146 14.9405
v  -7.8280 -3.5100 14.9634
v  -7.8299 -3.5146 14.9862
v  -7.8314 -3.5271 15.0048
v  -7.8325 -3.5458 15.0174
v  -7.8329 -3.5686 15.0220
v  -7.8326 -3.5914 15.0174
v  -7.8315 -3.6101 15.0048
v  -7.8300 -3.6227 14.9862
v  -7.8281 -3.6273 14.9634
v  -7.9069 -3.6334 14.7115
v  -7.9047 -3.6183 14.6892
v  -7.9030 -3.5960 14.6741
v  -7.9019 -3.5686 14.6686
v  -7.9019 -3.5413 14.6741
v  -7.9026 -3.5189 14.6892
v  -7.9042 -3.5038 14.7115
v  -7.9064 -3.4982 14.7389
v  -7.9089 -3.5038 14.7663
v  -7.9111 -3.5189 14.7887
v  -7.9129 -3.5412 14.8038
v  -7.9140 -3.5686 14.8093
v  -7.9140 -3.5960 14.8037
v  -7.9132 -3.6184 14.7886
v  -7.9116 -3.6334 14.7663
v  -7.9093 -3.6390 14.7389
v  -7.9094 -3.6450 14.7389
v  -7.9119 -3.6390 14.7686
v  -7.9136 -3.6226 14.7929
v  -7.9146 -3.5984 14.8093
v  -7.9145 -3.5686 14.8153
v  -7.9133 -3.5389 14.8093
v  -7.9114 -3.5146 14.7929
v  -7.9089 -3.4983 14.7686
v  -7.9063 -3.4922 14.7389
v  -7.9039 -3.4982 14.7092
v  -7.9022 -3.5146 14.6849
v  -7.9014 -3.5389 14.6685
v  -7.9015 -3.5686 14.6625
v  -7.9026 -3.5983 14.6685
v  -7.9044 -3.6226 14.6849
v  -7.9068 -3.6390 14.7092
v  -7.9029 -3.6259 14.7147
v  -7.9009 -3.6126 14.6949
v  -7.8994 -3.5928 14.6815
v  -7.8985 -3.5686 14.6766
v  -7.8986 -3.5444 14.6815
v  -7.8993 -3.5246 14.6949
v  -7.9009 -3.5113 14.7147
v  -7.9029 -3.5065 14.7389
v  -7.9051 -3.5115 14.7630
v  -7.9071 -3.5249 14.7826
v  -7.9086 -3.5446 14.7958
v  -7.9095 -3.5686 14.8007
v  -7.9095 -3.5927 14.7958
v  -7.9087 -3.6124 14.7826
v  -7.9072 -3.6257 14.7630
v  -7.9051 -3.6307 14.7389
v  -7.8950 -3.6232 14.7158
v  -7.8934 -3.6104 14.6971
v  -7.8921 -3.5915 14.6846
v  -7.8914 -3.5686 14.6800
v  -7.8915 -3.5458 14.6848
v  -7.8921 -3.5271 14.6973
v  -7.8934 -3.5146 14.7160
v  -7.8951 -3.5099 14.7389
v  -7.8969 -3.5144 14.7618
v  -7.8985 -3.5269 14.7806
v  -7.8998 -3.5456 14.7933
v  -7.9005 -3.5686 14.7981
v  -7.9005 -3.5917 14.7936
v  -7.8998 -3.6106 14.7809
v  -7.8986 -3.6234 14.7620
v  -7.8968 -3.6280 14.7389
v  -7.8071 -3.6227 14.7160
v  -7.8055 -3.6101 14.6974
v  -7.8045 -3.5914 14.6848
v  -7.8041 -3.5686 14.6802
v  -7.8045 -3.5458 14.6848
v  -7.8055 -3.5271 14.6974
v  -7.8070 -3.5146 14.7160
v  -7.8089 -3.5100 14.7389
v  -7.8107 -3.5146 14.7617
v  -7.8123 -3.5271 14.7803
v  -7.8133 -3.5458 14.7929
v  -7.8137 -3.5686 14.7975
v  -7.8134 -3.5914 14.7929
v  -7.8124 -3.6101 14.7803
v  -7.8109 -3.6227 14.7617
v  -7.8090 -3.6273 14.7389
v  -8.0210 -3.6335 16.0582
v  -8.0187 -3.6184 16.0358
v  -8.0169 -3.5960 16.0207
v  -8.0158 -3.5686 16.0151
v  -8.0156 -3.5412 16.0206
v  -8.0163 -3.5188 16.0357
v  -8.0178 -3.5036 16.0582
v  -8.0200 -3.4981 16.0856
v  -8.0225 -3.5036 16.1131
v  -8.0248 -3.5187 16.1355
v  -8.0266 -3.5412 16.1506
v  -8.0277 -3.5686 16.1561
v  -8.0279 -3.5961 16.1505
v  -8.0272 -3.6185 16.1354
v  -8.0256 -3.6335 16.1130
v  -8.0234 -3.6390 16.0855
v  -8.0235 -3.6450 16.0855
v  -8.0259 -3.6390 16.1153
v  -8.0276 -3.6226 16.1396
v  -8.0284 -3.5984 16.1560
v  -8.0282 -3.5686 16.1620
v  -8.0270 -3.5389 16.1560
v  -8.0250 -3.5146 16.1396
v  -8.0225 -3.4983 16.1153
v  -8.0198 -3.4923 16.0856
v  -8.0175 -3.4983 16.0559
v  -8.0159 -3.5146 16.0316
v  -8.0152 -3.5389 16.0152
v  -8.0154 -3.5686 16.0091
v  -8.0166 -3.5984 16.0151
v  -8.0185 -3.6226 16.0315
v  -8.0209 -3.6390 16.0558
v  -8.0171 -3.6261 16.0613
v  -8.0151 -3.6128 16.0414
v  -8.0135 -3.5930 16.0279
v  -8.0126 -3.5686 16.0228
v  -8.0126 -3.5442 16.0278
v  -8.0133 -3.5243 16.0412
v  -8.0149 -3.5109 16.0612
v  -8.0169 -3.5060 16.0856
v  -8.0192 -3.5111 16.1098
v  -8.0212 -3.5246 16.1295
v  -8.0228 -3.5445 16.1427
v  -8.0237 -3.5686 16.1476
v  -8.0238 -3.5927 16.1426
v  -8.0230 -3.6125 16.1294
v  -8.0214 -3.6259 16.1097
v  -8.0194 -3.6309 16.0855
v  -8.0094 -3.6232 16.0624
v  -8.0078 -3.6105 16.0436
v  -8.0065 -3.5916 16.0310
v  -8.0058 -3.5686 16.0264
v  -8.0058 -3.5457 16.0312
v  -8.0065 -3.5270 16.0438
v  -8.0078 -3.5144 16.0626
v  -8.0095 -3.5098 16.0855
v  -8.0113 -3.5145 16.1083
v  -8.0130 -3.5270 16.1271
v  -8.0142 -3.5457 16.1398
v  -8.0149 -3.5686 16.1446
v  -8.0149 -3.5917 16.1400
v  -8.0143 -3.6106 16.1274
v  -8.0130 -3.6233 16.1086
v  -8.0113 -3.6280 16.0855
v  -7.9215 -3.6227 16.0627
v  -7.9200 -3.6101 16.0440
v  -7.9189 -3.5914 16.0314
v  -7.9185 -3.5686 16.0268
v  -7.9189 -3.5458 16.0314
v  -7.9199 -3.5271 16.0440
v  -7.9215 -3.5146 16.0627
v  -7.9233 -3.5100 16.0855
v  -7.9252 -3.5146 16.1083
v  -7.9267 -3.5271 16.1270
v  -7.9278 -3.5458 16.1395
v  -7.9282 -3.5686 16.1442
v  -7.9278 -3.5914 16.1395
v  -7.9268 -3.6101 16.1270
v  -7.9253 -3.6227 16.1083
v  -7.9234 -3.6273 16.0855
v  -7.9582 -3.3972 15.3851
v  -7.9558 -3.3821 15.3627
v  -7.9538 -3.3597 15.3476
v  -7.9524 -3.3323 15.3421
v  -7.9520 -3.3050 15.3476
v  -7.9524 -3.2826 15.3627
v  -7.9537 -3.2675 15.3851
v  -7.9558 -3.2619 15.4124
v  -7.9584 -3.2673 15.4398
v  -7.9608 -3.2824 15.4622
v  -7.9629 -3.3047 15.4774
v  -7.9644 -3.3321 15.4830
v  -7.9648 -3.3595 15.4775
v  -7.9643 -3.3820 15.4624
v  -7.9629 -3.3972 15.4400
v  -7.9607 -3.4028 15.4125
v  -7.9609 -3.4085 15.4125
v  -7.9632 -3.4025 15.4423
v  -7.9648 -3.3861 15.4665
v  -7.9654 -3.3618 15.4829
v  -7.9649 -3.3320 15.4889
v  -7.9633 -3.3023 15.4829
v  -7.9610 -3.2781 15.4665
v  -7.9583 -3.2618 15.4422
v  -7.9556 -3.2558 15.4124
v  -7.9534 -3.2619 15.3827
v  -7.9520 -3.2783 15.3584
v  -7.9515 -3.3026 15.3420
v  -7.9521 -3.3323 15.3360
v  -7.9536 -3.3620 15.3421
v  -7.9557 -3.3863 15.3585
v  -7.9582 -3.4026 15.3828
v  -7.9546 -3.3901 15.3881
v  -7.9523 -3.3767 15.3681
v  -7.9504 -3.3568 15.3547
v  -7.9490 -3.3324 15.3498
v  -7.9486 -3.3081 15.3549
v  -7.9490 -3.2883 15.3683
v  -7.9503 -3.2750 15.3882
v  -7.9523 -3.2703 15.4124
v  -7.9547 -3.2753 15.4365
v  -7.9570 -3.2885 15.4561
v  -7.9590 -3.3081 15.4693
v  -7.9603 -3.3321 15.4743
v  -7.9608 -3.3563 15.4696
v  -7.9603 -3.3762 15.4565
v  -7.9590 -3.3898 15.4368
v  -7.9570 -3.3949 15.4125
v  -7.9472 -3.3871 15.3894
v  -7.9452 -3.3744 15.3705
v  -7.9435 -3.3556 15.3579
v  -7.9422 -3.3326 15.3532
v  -7.9417 -3.3096 15.3580
v  -7.9419 -3.2908 15.3706
v  -7.9429 -3.2783 15.3895
v  -7.9445 -3.2736 15.4124
v  -7.9465 -3.2783 15.4353
v  -7.9484 -3.2908 15.4540
v  -7.9501 -3.3095 15.4666
v  -7.9514 -3.3324 15.4714
v  -7.9520 -3.3553 15.4669
v  -7.9517 -3.3742 15.4543
v  -7.9508 -3.3870 15.4355
v  -7.9492 -3.3918 15.4124
v  -7.8593 -3.3887 15.3896
v  -7.8574 -3.3761 15.3709
v  -7.8559 -3.3575 15.3583
v  -7.8550 -3.3347 15.3537
v  -7.8548 -3.3119 15.3583
v  -7.8554 -3.2932 15.3709
v  -7.8566 -3.2806 15.3896
v  -7.8583 -3.2759 15.4124
v  -7.8603 -3.2805 15.4352
v  -7.8622 -3.2930 15.4539
v  -7.8637 -3.3117 15.4665
v  -7.8646 -3.3345 15.4711
v  -7.8648 -3.3573 15.4665
v  -7.8643 -3.3760 15.4539
v  -7.8631 -3.3886 15.4352
v  -7.8613 -3.3932 15.4124
v  -7.9774 -3.3964 15.6092
v  -7.9747 -3.3818 15.5868
v  -7.9727 -3.3593 15.5716
v  -7.9712 -3.3319 15.5661
v  -7.9708 -3.3045 15.5717
v  -7.9712 -3.2820 15.5868
v  -7.9725 -3.2669 15.6092
v  -7.9745 -3.2613 15.6366
v  -7.9771 -3.2667 15.6641
v  -7.9795 -3.2818 15.6866
v  -7.9817 -3.3042 15.7017
v  -7.9831 -3.3316 15.7073
v  -7.9836 -3.3591 15.7019
v  -7.9831 -3.3816 15.6867
v  -7.9817 -3.3968 15.6643
v  -7.9796 -3.4023 15.6367
v  -7.9798 -3.4080 15.6367
v  -7.9821 -3.4019 15.6665
v  -7.9836 -3.3856 15.6907
v  -7.9842 -3.3613 15.7071
v  -7.9836 -3.3316 15.7131
v  -7.9820 -3.3019 15.7071
v  -7.9797 -3.2777 15.6907
v  -7.9770 -3.2614 15.6664
v  -7.9743 -3.2554 15.6366
v  -7.9721 -3.2615 15.6069
v  -7.9707 -3.2779 15.5826
v  -7.9703 -3.3022 15.5662
v  -7.9708 -3.3319 15.5602
v  -7.9724 -3.3616 15.5663
v  -7.9745 -3.3858 15.5827
v  -7.9774 -3.4021 15.6068
v  -7.9734 -3.3887 15.6125
v  -7.9714 -3.3766 15.5920
v  -7.9696 -3.3565 15.5786
v  -7.9683 -3.3320 15.5737
v  -7.9679 -3.3076 15.5788
v  -7.9684 -3.2877 15.5924
v  -7.9697 -3.2744 15.6123
v  -7.9716 -3.2696 15.6366
v  -7.9740 -3.2746 15.6607
v  -7.9762 -3.2878 15.6805
v  -7.9781 -3.3075 15.6938
v  -7.9794 -3.3317 15.6989
v  -7.9798 -3.3560 15.6943
v  -7.9793 -3.3761 15.6811
v  -7.9779 -3.3899 15.6612
v  -7.9759 -3.3950 15.6367
v  -7.9652 -3.3861 15.6137
v  -7.9647 -3.3741 15.5945
v  -7.9630 -3.3551 15.5820
v  -7.9617 -3.3321 15.5775
v  -7.9612 -3.3092 15.5824
v  -7.9615 -3.2906 15.5951
v  -7.9625 -3.2782 15.6138
v  -7.9641 -3.2736 15.6365
v  -7.9660 -3.2782 15.6593
v  -7.9679 -3.2905 15.6780
v  -7.9696 -3.3090 15.6908
v  -7.9708 -3.3319 15.6958
v  -7.9714 -3.3550 15.6914
v  -7.9711 -3.3741 15.6788
v  -7.9702 -3.3870 15.6598
v  -7.9686 -3.3918 15.6366
v  -7.8788 -3.3882 15.6137
v  -7.8769 -3.3757 15.5951
v  -7.8754 -3.3570 15.5825
v  -7.8745 -3.3342 15.5779
v  -7.8743 -3.3114 15.5825
v  -7.8749 -3.2927 15.5951
v  -7.8761 -3.2801 15.6137
v  -7.8778 -3.2755 15.6365
v  -7.8798 -3.2800 15.6594
v  -7.8816 -3.2926 15.6780
v  -7.8831 -3.3112 15.6906
v  -7.8841 -3.3340 15.6952
v  -7.8843 -3.3568 15.6906
v  -7.8838 -3.3755 15.6780
v  -7.8826 -3.3881 15.6594
v  -7.8808 -3.3928 15.6365
v  -7.9394 -3.3976 15.1607
v  -7.9370 -3.3825 15.1383
v  -7.9350 -3.3601 15.1232
v  -7.9336 -3.3328 15.1177
v  -7.9331 -3.3055 15.1233
v  -7.9336 -3.2831 15.1383
v  -7.9349 -3.2680 15.1607
v  -7.9371 -3.2624 15.1880
v  -7.9396 -3.2679 15.2153
v  -7.9420 -3.2829 15.2377
v  -7.9441 -3.3052 15.2528
v  -7.9455 -3.3325 15.2584
v  -7.9460 -3.3599 15.2530
v  -7.9454 -3.3824 15.2379
v  -7.9440 -3.3975 15.2155
v  -7.9419 -3.4031 15.1881
v  -7.9420 -3.4090 15.1881
v  -7.9443 -3.4029 15.2178
v  -7.9459 -3.3865 15.2421
v  -7.9465 -3.3622 15.2585
v  -7.9460 -3.3325 15.2644
v  -7.9445 -3.3028 15.2584
v  -7.9422 -3.2786 15.2420
v  -7.9396 -3.2622 15.2177
v  -7.9369 -3.2563 15.1880
v  -7.9346 -3.2624 15.1583
v  -7.9332 -3.2788 15.1340
v  -7.9327 -3.3031 15.1176
v  -7.9332 -3.3328 15.1116
v  -7.9347 -3.3625 15.1176
v  -7.9368 -3.3867 15.1341
v  -7.9393 -3.4031 15.1584
v  -7.9358 -3.3902 15.1638
v  -7.9334 -3.3769 15.1439
v  -7.9315 -3.3571 15.1306
v  -7.9300 -3.3329 15.1256
v  -7.9295 -3.3086 15.1306
v  -7.9298 -3.2888 15.1439
v  -7.9311 -3.2755 15.1638
v  -7.9331 -3.2707 15.1880
v  -7.9355 -3.2757 15.2121
v  -7.9378 -3.2891 15.2316
v  -7.9399 -3.3087 15.2447
v  -7.9412 -3.3326 15.2497
v  -7.9418 -3.3566 15.2449
v  -7.9413 -3.3764 15.2318
v  -7.9401 -3.3898 15.2122
v  -7.9381 -3.3949 15.1880
v  -7.9280 -3.3871 15.1651
v  -7.9260 -3.3747 15.1463
v  -7.9243 -3.3560 15.1337
v  -7.9230 -3.3330 15.1288
v  -7.9224 -3.3100 15.1334
v  -7.9226 -3.2911 15.1460
v  -7.9236 -3.2784 15.1649
v  -7.9251 -3.2737 15.1880
v  -7.9271 -3.2784 15.2110
v  -7.9291 -3.2911 15.2298
v  -7.9308 -3.3099 15.2424
v  -7.9321 -3.3328 15.2470
v  -7.9327 -3.3557 15.2423
v  -7.9325 -3.3745 15.2297
v  -7.9316 -3.3871 15.2109
v  -7.9300 -3.3918 15.1880
v  -7.8400 -3.3891 15.1652
v  -7.8382 -3.3766 15.1465
v  -7.8367 -3.3580 15.1340
v  -7.8357 -3.3352 15.1293
v  -7.8355 -3.3124 15.1340
v  -7.8361 -3.2937 15.1465
v  -7.8373 -3.2811 15.1652
v  -7.8391 -3.2764 15.1880
v  -7.8410 -3.2810 15.2108
v  -7.8429 -3.2935 15.2295
v  -7.8444 -3.3121 15.2421
v  -7.8454 -3.3349 15.2467
v  -7.8456 -3.3578 15.2421
v  -7.8450 -3.3764 15.2295
v  -7.8438 -3.3891 15.2108
v  -7.8420 -3.3937 15.1880
v  -7.9958 -3.3964 15.8338
v  -7.9934 -3.3813 15.8114
v  -7.9914 -3.3588 15.7962
v  -7.9900 -3.3314 15.7907
v  -7.9895 -3.3040 15.7963
v  -7.9899 -3.2816 15.8114
v  -7.9912 -3.2664 15.8338
v  -7.9932 -3.2608 15.8612
v  -7.9957 -3.2663 15.8887
v  -7.9982 -3.2813 15.9111
v  -8.0003 -3.3037 15.9263
v  -8.0019 -3.3311 15.9319
v  -8.0024 -3.3586 15.9264
v  -8.0019 -3.3811 15.9113
v  -8.0005 -3.3963 15.8888
v  -7.9983 -3.4019 15.8613
v  -7.9986 -3.4076 15.8613
v  -8.0009 -3.4016 15.8910
v  -8.0024 -3.3851 15.9153
v  -8.0029 -3.3608 15.9317
v  -8.0023 -3.3311 15.9376
v  -8.0007 -3.3014 15.9316
v  -7.9984 -3.2772 15.9152
v  -7.9957 -3.2609 15.8909
v  -7.9929 -3.2549 15.8612
v  -7.9907 -3.2610 15.8315
v  -7.9894 -3.2774 15.8072
v  -7.9890 -3.3017 15.7908
v  -7.9896 -3.3314 15.7848
v  -7.9911 -3.3611 15.7908
v  -7.9933 -3.3854 15.8072
v  -7.9959 -3.4017 15.8316
v  -7.9921 -3.3898 15.8366
v  -7.9899 -3.3762 15.8165
v  -7.9881 -3.3560 15.8031
v  -7.9869 -3.3315 15.7983
v  -7.9866 -3.3072 15.8035
v  -7.9871 -3.2874 15.8171
v  -7.9885 -3.2742 15.8370
v  -7.9905 -3.2694 15.8611
v  -7.9928 -3.2744 15.8852
v  -7.9950 -3.2876 15.9048
v  -7.9969 -3.3072 15.9182
v  -7.9981 -3.3312 15.9233
v  -7.9984 -3.3555 15.9188
v  -7.9978 -3.3757 15.9056
v  -7.9964 -3.3895 15.8858
v  -7.9944 -3.3947 15.8612
v  -7.9851 -3.3870 15.8378
v  -7.9831 -3.3739 15.8188
v  -7.9815 -3.3548 15.8063
v  -7.9803 -3.3316 15.8020
v  -7.9798 -3.3088 15.8070
v  -7.9801 -3.2903 15.8198
v  -7.9811 -3.2781 15.8385
v  -7.9827 -3.2736 15.8611
v  -7.9847 -3.2782 15.8837
v  -7.9865 -3.2903 15.9023
v  -7.9882 -3.3087 15.9150
v  -7.9894 -3.3314 15.9201
v  -7.9899 -3.3546 15.9160
v  -7.9897 -3.3738 15.9035
v  -7.9887 -3.3869 15.8845
v  -7.9871 -3.3918 15.8611
v  -7.8973 -3.3877 15.8383
v  -7.8955 -3.3752 15.8196
v  -7.8940 -3.3566 15.8071
v  -7.8930 -3.3338 15.8025
v  -7.8928 -3.3110 15.8071
v  -7.8934 -3.2923 15.8196
v  -7.8946 -3.2797 15.8383
v  -7.8964 -3.2750 15.8611
v  -7.8983 -3.2796 15.8840
v  -7.9002 -3.2921 15.9026
v  -7.9017 -3.3107 15.9152
v  -7.9027 -3.3335 15.9198
v  -7.9029 -3.3564 15.9152
v  -7.9023 -3.3750 15.9026
v  -7.9011 -3.3877 15.8840
v  -7.8993 -3.3923 15.8611
v  -7.9205 -3.3981 14.9360
v  -7.9181 -3.3829 14.9136
v  -7.9161 -3.3606 14.8986
v  -7.9148 -3.3332 14.8931
v  -7.9143 -3.3059 14.8986
v  -7.9148 -3.2836 14.9137
v  -7.9161 -3.2685 14.9360
v  -7.9182 -3.2629 14.9633
v  -7.9207 -3.2684 14.9907
v  -7.9232 -3.2833 15.0130
v  -7.9253 -3.3056 15.0282
v  -7.9267 -3.3330 15.0338
v  -7.9271 -3.3604 15.0283
v  -7.9265 -3.3828 15.0133
v  -7.9251 -3.3980 14.9909
v  -7.9229 -3.4036 14.9634
v  -7.9231 -3.4095 14.9634
v  -7.9254 -3.4034 14.9932
v  -7.9270 -3.3870 15.0174
v  -7.9276 -3.3627 15.0338
v  -7.9272 -3.3330 15.0398
v  -7.9257 -3.3033 15.0338
v  -7.9234 -3.2790 15.0174
v  -7.9208 -3.2627 14.9931
v  -7.9181 -3.2567 14.9633
v  -7.9158 -3.2628 14.9336
v  -7.9144 -3.2792 14.9093
v  -7.9139 -3.3035 14.8929
v  -7.9144 -3.3333 14.8869
v  -7.9158 -3.3630 14.8930
v  -7.9179 -3.3872 14.9094
v  -7.9204 -3.4035 14.9337
v  -7.9171 -3.3903 14.9392
v  -7.9147 -3.3772 14.9195
v  -7.9128 -3.3575 14.9061
v  -7.9112 -3.3333 14.9011
v  -7.9106 -3.3091 14.9059
v  -7.9109 -3.2892 14.9193
v  -7.9120 -3.2758 14.9391
v  -7.9139 -3.2710 14.9634
v  -7.9163 -3.2760 14.9875
v  -7.9187 -3.2894 15.0071
v  -7.9208 -3.3091 15.0203
v  -7.9222 -3.3331 15.0251
v  -7.9229 -3.3571 15.0202
v  -7.9225 -3.3768 15.0071
v  -7.9213 -3.3901 14.9874
v  -7.9194 -3.3951 14.9634
v  -7.9092 -3.3871 14.9407
v  -7.9072 -3.3748 14.9220
v  -7.9054 -3.3563 14.9094
v  -7.9041 -3.3335 14.9044
v  -7.9035 -3.3105 14.9088
v  -7.9037 -3.2915 14.9213
v  -7.9046 -3.2785 14.9401
v  -7.9061 -3.2737 14.9634
v  -7.9081 -3.2784 14.9866
v  -7.9101 -3.2912 15.0055
v  -7.9118 -3.3102 15.0181
v  -7.9132 -3.3333 15.0225
v  -7.9138 -3.3562 15.0176
v  -7.9136 -3.3748 15.0049
v  -7.9127 -3.3873 14.9861
v  -7.9111 -3.3918 14.9633
v  -7.8211 -3.3896 14.9405
v  -7.8193 -3.3771 14.9219
v  -7.8178 -3.3584 14.9093
v  -7.8168 -3.3356 14.9047
v  -7.8166 -3.3128 14.9093
v  -7.8172 -3.2941 14.9219
v  -7.8184 -3.2815 14.9405
v  -7.8202 -3.2769 14.9634
v  -7.8221 -3.2814 14.9862
v  -7.8240 -3.2940 15.0048
v  -7.8255 -3.3126 15.0174
v  -7.8264 -3.3354 15.0220
v  -7.8267 -3.3582 15.0174
v  -7.8261 -3.3769 15.0048
v  -7.8249 -3.3895 14.9862
v  -7.8231 -3.3942 14.9634
v  -7.9016 -3.3985 14.7115
v  -7.8992 -3.3834 14.6892
v  -7.8973 -3.3610 14.6741
v  -7.8959 -3.3337 14.6686
v  -7.8955 -3.3064 14.6742
v  -7.8959 -3.2841 14.6892
v  -7.8972 -3.2690 14.7115
v  -7.8994 -3.2634 14.7388
v  -7.9019 -3.2689 14.7661
v  -7.9044 -3.2839 14.7885
v  -7.9064 -3.3061 14.8036
v  -7.9078 -3.3334 14.8092
v  -7.9082 -3.3608 14.8038
v  -7.9076 -3.3832 14.7887
v  -7.9062 -3.3984 14.7663
v  -7.9040 -3.4040 14.7389
v  -7.9042 -3.4099 14.7389
v  -7.9065 -3.4039 14.7687
v  -7.9081 -3.3874 14.7929
v  -7.9088 -3.3631 14.8093
v  -7.9083 -3.3334 14.8153
v  -7.9068 -3.3037 14.8092
v  -7.9046 -3.2795 14.7928
v  -7.9020 -3.2631 14.7685
v  -7.8993 -3.2572 14.7388
v  -7.8970 -3.2633 14.7091
v  -7.8956 -3.2797 14.6848
v  -7.8950 -3.3040 14.6684
v  -7.8955 -3.3337 14.6624
v  -7.8969 -3.3634 14.6685
v  -7.8990 -3.3877 14.6849
v  -7.9015 -3.4040 14.7092
v  -7.8983 -3.3904 14.7149
v  -7.8959 -3.3774 14.6952
v  -7.8939 -3.3578 14.6819
v  -7.8923 -3.3338 14.6768
v  -7.8916 -3.3096 14.6816
v  -7.8917 -3.2897 14.6948
v  -7.8928 -3.2763 14.7146
v  -7.8947 -3.2713 14.7389
v  -7.8971 -3.2764 14.7631
v  -7.8995 -3.2898 14.7827
v  -7.9016 -3.3095 14.7958
v  -7.9032 -3.3335 14.8005
v  -7.9039 -3.3575 14.7956
v  -7.9035 -3.3771 14.7824
v  -7.9024 -3.3903 14.7628
v  -7.9006 -3.3952 14.7389
v  -7.8901 -3.3871 14.7163
v  -7.8881 -3.3750 14.6978
v  -7.8863 -3.3566 14.6851
v  -7.8850 -3.3340 14.6801
v  -7.8843 -3.3109 14.6843
v  -7.8845 -3.2917 14.6966
v  -7.8853 -3.2786 14.7155
v  -7.8869 -3.2737 14.7389
v  -7.8888 -3.2784 14.7623
v  -7.8909 -3.2914 14.7813
v  -7.8926 -3.3106 14.7938
v  -7.8940 -3.3338 14.7981
v  -7.8947 -3.3566 14.7930
v  -7.8945 -3.3751 14.7802
v  -7.8936 -3.3873 14.7615
v  -7.8920 -3.3918 14.7389
v  -7.8020 -3.3901 14.7160
v  -7.8001 -3.3775 14.6974
v  -7.7986 -3.3589 14.6848
v  -7.7977 -3.3361 14.6802
v  -7.7975 -3.3133 14.6848
v  -7.7980 -3.2946 14.6974
v  -7.7993 -3.2820 14.7160
v  -7.8010 -3.2773 14.7389
v  -7.8030 -3.2819 14.7617
v  -7.8048 -3.2944 14.7803
v  -7.8063 -3.3131 14.7929
v  -7.8073 -3.3359 14.7975
v  -7.8075 -3.3587 14.7929
v  -7.8070 -3.3774 14.7803
v  -7.8057 -3.3900 14.7617
v  -7.8040 -3.3946 14.7389
v  -8.0145 -3.3960 16.0582
v  -8.0121 -3.3809 16.0357
v  -8.0101 -3.3584 16.0205
v  -8.0087 -3.3310 16.0150
v  -8.0082 -3.3035 16.0206
v  -8.0085 -3.2811 16.0357
v  -8.0098 -3.2659 16.0582
v  -8.0118 -3.2603 16.0856
v  -8.0143 -3.2658 16.1131
v  -8.0168 -3.2808 16.1356
v  -8.0189 -3.3032 16.1507
v  -8.0205 -3.3306 16.1562
v  -8.0210 -3.3582 16.1509
v  -8.0206 -3.3807 16.1357
v  -8.0192 -3.3960 16.1132
v  -8.0170 -3.4016 16.0857
v  -8.0173 -3.4072 16.0857
v  -8.0196 -3.4011 16.1154
v  -8.0210 -3.3847 16.1397
v  -8.0216 -3.3604 16.1561
v  -8.0210 -3.3307 16.1620
v  -8.0193 -3.3010 16.1559
v  -8.0169 -3.2768 16.1396
v  -8.0142 -3.2605 16.1153
v  -8.0115 -3.2545 16.0856
v  -8.0093 -3.2606 16.0559
v  -8.0080 -3.2770 16.0316
v  -8.0076 -3.3013 16.0152
v  -8.0083 -3.3310 16.0092
v  -8.0099 -3.3606 16.0152
v  -8.0121 -3.3849 16.0316
v  -8.0146 -3.4012 16.0559
v  -8.0108 -3.3897 16.0609
v  -8.0086 -3.3760 16.0407
v  -8.0069 -3.3556 16.0272
v  -8.0057 -3.3310 16.0225
v  -8.0055 -3.3066 16.0278
v  -8.0061 -3.2869 16.0414
v  -8.0075 -3.2737 16.0614
v  -8.0095 -3.2689 16.0855
v  -8.0118 -3.2739 16.1096
v  -8.0139 -3.2870 16.1293
v  -8.0158 -3.3066 16.1427
v  -8.0169 -3.3307 16.1479
v  -8.0172 -3.3552 16.1434
v  -8.0166 -3.3755 16.1303
v  -8.0151 -3.3894 16.1103
v  -8.0131 -3.3946 16.0856
v  -8.0041 -3.3869 16.0620
v  -8.0021 -3.3737 16.0429
v  -8.0005 -3.3544 16.0305
v  -7.9993 -3.3312 16.0263
v  -7.9989 -3.3084 16.0315
v  -7.9992 -3.2900 16.0443
v  -8.0002 -3.2780 16.0630
v  -8.0018 -3.2735 16.0855
v  -8.0038 -3.2780 16.1079
v  -8.0056 -3.2901 16.1264
v  -8.0073 -3.3083 16.1393
v  -8.0085 -3.3310 16.1445
v  -8.0089 -3.3542 16.1405
v  -8.0086 -3.3736 16.1281
v  -8.0076 -3.3869 16.1091
v  -8.0060 -3.3918 16.0855
v  -7.9164 -3.3873 16.0627
v  -7.9145 -3.3747 16.0440
v  -7.9130 -3.3561 16.0314
v  -7.9121 -3.3333 16.0268
v  -7.9119 -3.3105 16.0314
v  -7.9125 -3.2918 16.0440
v  -7.9137 -3.2792 16.0627
v  -7.9154 -3.2745 16.0855
v  -7.9174 -3.2791 16.1083
v  -7.9192 -3.2917 16.1270
v  -7.9207 -3.3103 16.1395
v  -7.9217 -3.3331 16.1442
v  -7.9219 -3.3559 16.1395
v  -7.9214 -3.3746 16.1270
v  -7.9201 -3.3872 16.1083
v  -7.9184 -3.3918 16.0855
v  -8.0331 -3.3960 16.2828
v  -8.0307 -3.3809 16.2604
v  -8.0287 -3.3584 16.2452
v  -8.0273 -3.3310 16.2397
v  -8.0267 -3.3035 16.2453
v  -8.0271 -3.2811 16.2604
v  -8.0283 -3.2659 16.2828
v  -8.0303 -3.2603 16.3103
v  -8.0328 -3.2658 16.3378
v  -8.0353 -3.2808 16.3602
v  -8.0375 -3.3032 16.3754
v  -8.0390 -3.3307 16.3810
v  -8.0396 -3.3582 16.3755
v  -8.0392 -3.3807 16.3604
v  -8.0378 -3.3959 16.3379
v  -8.0357 -3.4015 16.3103
v  -8.0360 -3.4071 16.3103
v  -8.0382 -3.4011 16.3401
v  -8.0397 -3.3847 16.3643
v  -8.0400 -3.3604 16.3807
v  -8.0395 -3.3307 16.3867
v  -8.0378 -3.3010 16.3807
v  -8.0354 -3.2768 16.3643
v  -8.0327 -3.2605 16.3400
v  -8.0300 -3.2545 16.3103
v  -8.0279 -3.2606 16.2806
v  -8.0266 -3.2770 16.2562
v  -8.0262 -3.3013 16.2399
v  -8.0269 -3.3310 16.2338
v  -8.0285 -3.3607 16.2399
v  -8.0307 -3.3849 16.2563
v  -8.0333 -3.4012 16.2806
v  -8.0293 -3.3897 16.2855
v  -8.0271 -3.3760 16.2653
v  -8.0254 -3.3557 16.2519
v  -8.0242 -3.3310 16.2471
v  -8.0240 -3.3066 16.2524
v  -8.0246 -3.2868 16.2660
v  -8.0260 -3.2737 16.2860
v  -8.0280 -3.2689 16.3102
v  -8.0304 -3.2739 16.3342
v  -8.0325 -3.2871 16.3539
v  -8.0344 -3.3067 16.3673
v  -8.0356 -3.3308 16.3724
v  -8.0359 -3.3551 16.3679
v  -8.0352 -3.3754 16.3548
v  -8.0338 -3.3893 16.3350
v  -8.0317 -3.3946 16.3103
v  -8.0226 -3.3870 16.2866
v  -8.0207 -3.3738 16.2675
v  -8.0190 -3.3545 16.2549
v  -8.0178 -3.3312 16.2507
v  -8.0174 -3.3083 16.2560
v  -8.0177 -3.2899 16.2689
v  -8.0188 -3.2779 16.2876
v  -8.0204 -3.2735 16.3101
v  -8.0223 -3.2781 16.3325
v  -8.0242 -3.2902 16.3510
v  -8.0259 -3.3084 16.3637
v  -8.0271 -3.3310 16.3689
v  -8.0275 -3.3541 16.3650
v  -8.0272 -3.3734 16.3526
v  -8.0262 -3.3867 16.3337
v  -8.0246 -3.3918 16.3102
v  -7.9349 -3.3873 16.2873
v  -7.9331 -3.3747 16.2687
v  -7.9316 -3.3561 16.2561
v  -7.9306 -3.3333 16.2515
v  -7.9304 -3.3105 16.2561
v  -7.9310 -3.2918 16.2687
v  -7.9322 -3.2792 16.2873
v  -7.9340 -3.2745 16.3102
v  -7.9359 -3.2791 16.3330
v  -7.9378 -3.2917 16.3516
v  -7.9393 -3.3103 16.3642
v  -7.9402 -3.3331 16.3688
v  -7.9405 -3.3559 16.3642
v  -7.9399 -3.3746 16.3516
v  -7.9387 -3.3872 16.3330
v  -7.9369 -3.3918 16.3102
v  -7.8827 -3.3984 14.4871
v  -7.8804 -3.3833 14.4648
v  -7.8784 -3.3610 14.4497
v  -7.8771 -3.3337 14.4442
v  -7.8766 -3.3064 14.4498
v  -7.8771 -3.2841 14.4648
v  -7.8784 -3.2691 14.4871
v  -7.8806 -3.2635 14.5144
v  -7.8831 -3.2689 14.5417
v  -7.8856 -3.2839 14.5640
v  -7.8876 -3.3061 14.5791
v  -7.8890 -3.3334 14.5847
v  -7.8893 -3.3608 14.5793
v  -7.8887 -3.3832 14.5643
v  -7.8873 -3.3984 14.5419
v  -7.8851 -3.4040 14.5145
v  -7.8853 -3.4099 14.5145
v  -7.8876 -3.4039 14.5442
v  -7.8892 -3.3874 14.5685
v  -7.8899 -3.3631 14.5849
v  -7.8895 -3.3334 14.5908
v  -7.8880 -3.3037 14.5848
v  -7.8858 -3.2795 14.5684
v  -7.8832 -3.2631 14.5441
v  -7.8805 -3.2572 14.5144
v  -7.8782 -3.2633 14.4846
v  -7.8768 -3.2797 14.4604
v  -7.8762 -3.3040 14.4440
v  -7.8767 -3.3337 14.4380
v  -7.8781 -3.3634 14.4440
v  -7.8801 -3.3876 14.4604
v  -7.8826 -3.4040 14.4848
v  -7.8793 -3.3904 14.4905
v  -7.8770 -3.3773 14.4708
v  -7.8749 -3.3578 14.4575
v  -7.8734 -3.3338 14.4525
v  -7.8726 -3.3096 14.4572
v  -7.8728 -3.2898 14.4705
v  -7.8739 -3.2764 14.4902
v  -7.8757 -3.2715 14.5145
v  -7.8781 -3.2765 14.5386
v  -7.8805 -3.2899 14.5582
v  -7.8826 -3.3096 14.5713
v  -7.8842 -3.3335 14.5760
v  -7.8849 -3.3574 14.5711
v  -7.8846 -3.3770 14.5579
v  -7.8835 -3.3902 14.5383
v  -7.8816 -3.3951 14.5144
v  -7.8710 -3.3872 14.4919
v  -7.8690 -3.3749 14.4734
v  -7.8673 -3.3566 14.4608
v  -7.8659 -3.3340 14.4557
v  -7.8653 -3.3109 14.4599
v  -7.8654 -3.2917 14.4722
v  -7.8663 -3.2786 14.4911
v  -7.8678 -3.2737 14.5145
v  -7.8698 -3.2784 14.5379
v  -7.8718 -3.2914 14.5569
v  -7.8736 -3.3106 14.5694
v  -7.8750 -3.3338 14.5737
v  -7.8756 -3.3566 14.5686
v  -7.8755 -3.3751 14.5558
v  -7.8746 -3.3874 14.5371
v  -7.8730 -3.3918 14.5144
v  -7.7829 -3.3901 14.4916
v  -7.7811 -3.3775 14.4730
v  -7.7795 -3.3589 14.4604
v  -7.7786 -3.3361 14.4558
v  -7.7784 -3.3133 14.4604
v  -7.7790 -3.2946 14.4730
v  -7.7802 -3.2820 14.4916
v  -7.7820 -3.2773 14.5144
v  -7.7839 -3.2819 14.5373
v  -7.7858 -3.2944 14.5559
v  -7.7873 -3.3131 14.5685
v  -7.7882 -3.3359 14.5731
v  -7.7885 -3.3587 14.5685
v  -7.7879 -3.3774 14.5559
v  -7.7867 -3.3900 14.5373
v  -7.7849 -3.3946 14.5144
v  -7.9492 -3.1606 15.3850
v  -7.9466 -3.1456 15.3627
v  -7.9442 -3.1234 15.3476
v  -7.9423 -3.0961 15.3421
v  -7.9413 -3.0688 15.3476
v  -7.9413 -3.0464 15.3627
v  -7.9423 -3.0312 15.3850
v  -7.9442 -3.0256 15.4124
v  -7.9468 -3.0311 15.4397
v  -7.9495 -3.0461 15.4621
v  -7.9521 -3.0684 15.4771
v  -7.9540 -3.0956 15.4827
v  -7.9550 -3.1230 15.4771
v  -7.9549 -3.1453 15.4621
v  -7.9537 -3.1605 15.4398
v  -7.9517 -3.1661 15.4124
v  -7.9520 -3.1722 15.4124
v  -7.9542 -3.1661 15.4421
v  -7.9554 -3.1496 15.4664
v  -7.9556 -3.1253 15.4828
v  -7.9545 -3.0956 15.4888
v  -7.9524 -3.0660 15.4828
v  -7.9496 -3.0418 15.4664
v  -7.9467 -3.0255 15.4421
v  -7.9439 -3.0196 15.4124
v  -7.9418 -3.0257 15.3826
v  -7.9408 -3.0421 15.3583
v  -7.9408 -3.0664 15.3419
v  -7.9419 -3.0961 15.3359
v  -7.9439 -3.1258 15.3420
v  -7.9465 -3.1500 15.3584
v  -7.9492 -3.1663 15.3827
v  -7.9449 -3.1532 15.3882
v  -7.9425 -3.1401 15.3684
v  -7.9404 -3.1204 15.3550
v  -7.9386 -3.0962 15.3500
v  -7.9378 -3.0720 15.3549
v  -7.9378 -3.0521 15.3683
v  -7.9389 -3.0388 15.3882
v  -7.9407 -3.0341 15.4124
v  -7.9431 -3.0391 15.4364
v  -7.9455 -3.0524 15.4559
v  -7.9477 -3.0720 15.4689
v  -7.9493 -3.0958 15.4738
v  -7.9502 -3.1197 15.4690
v  -7.9500 -3.1394 15.4560
v  -7.9490 -3.1529 15.4365
v  -7.9471 -3.1580 15.4124
v  -7.9369 -3.1508 15.3893
v  -7.9349 -3.1382 15.3705
v  -7.9330 -3.1194 15.3580
v  -7.9315 -3.0965 15.3532
v  -7.9307 -3.0735 15.3579
v  -7.9307 -3.0547 15.3705
v  -7.9314 -3.0421 15.3894
v  -7.9328 -3.0374 15.4123
v  -7.9347 -3.0421 15.4352
v  -7.9367 -3.0546 15.4539
v  -7.9386 -3.0733 15.4666
v  -7.9400 -3.0961 15.4714
v  -7.9409 -3.1191 15.4669
v  -7.9409 -3.1380 15.4543
v  -7.9402 -3.1508 15.4354
v  -7.9388 -3.1555 15.4123
v  -7.8490 -3.1534 15.3890
v  -7.8471 -3.1409 15.3704
v  -7.8455 -3.1223 15.3578
v  -7.8443 -3.0995 15.3532
v  -7.8439 -3.0767 15.3578
v  -7.8442 -3.0580 15.3704
v  -7.8452 -3.0454 15.3890
v  -7.8467 -3.0407 15.4118
v  -7.8486 -3.0452 15.4347
v  -7.8505 -3.0578 15.4533
v  -7.8521 -3.0764 15.4659
v  -7.8533 -3.0992 15.4706
v  -7.8538 -3.1220 15.4659
v  -7.8535 -3.1407 15.4534
v  -7.8525 -3.1533 15.4347
v  -7.8509 -3.1580 15.4119
v  -7.9677 -3.1600 15.6092
v  -7.9651 -3.1450 15.5868
v  -7.9627 -3.1227 15.5717
v  -7.9608 -3.0954 15.5662
v  -7.9598 -3.0681 15.5717
v  -7.9597 -3.0457 15.5868
v  -7.9607 -3.0305 15.6091
v  -7.9626 -3.0249 15.6365
v  -7.9652 -3.0304 15.6639
v  -7.9679 -3.0454 15.6863
v  -7.9705 -3.0677 15.7013
v  -7.9725 -3.0950 15.7068
v  -7.9735 -3.1223 15.7013
v  -7.9734 -3.1447 15.6863
v  -7.9722 -3.1598 15.6639
v  -7.9702 -3.1654 15.6366
v  -7.9706 -3.1715 15.6366
v  -7.9727 -3.1654 15.6663
v  -7.9740 -3.1490 15.6906
v  -7.9741 -3.1246 15.7069
v  -7.9730 -3.0950 15.7130
v  -7.9708 -3.0653 15.7069
v  -7.9680 -3.0411 15.6906
v  -7.9650 -3.0248 15.6663
v  -7.9622 -3.0189 15.6365
v  -7.9601 -3.0250 15.6068
v  -7.9592 -3.0414 15.5825
v  -7.9592 -3.0657 15.5661
v  -7.9604 -3.0954 15.5601
v  -7.9625 -3.1251 15.5661
v  -7.9650 -3.1493 15.5825
v  -7.9678 -3.1656 15.6068
v  -7.9632 -3.1529 15.6123
v  -7.9609 -3.1395 15.5924
v  -7.9589 -3.1197 15.5791
v  -7.9573 -3.0955 15.5743
v  -7.9566 -3.0714 15.5793
v  -7.9567 -3.0516 15.5926
v  -7.9577 -3.0384 15.6124
v  -7.9595 -3.0336 15.6365
v  -7.9618 -3.0386 15.6604
v  -7.9641 -3.0518 15.6800
v  -7.9663 -3.0713 15.6931
v  -7.9678 -3.0951 15.6981
v  -7.9685 -3.1192 15.6935
v  -7.9682 -3.1390 15.6804
v  -7.9672 -3.1526 15.6608
v  -7.9654 -3.1577 15.6366
v  -7.9554 -3.1506 15.6132
v  -7.9534 -3.1377 15.5945
v  -7.9516 -3.1187 15.5821
v  -7.9502 -3.0958 15.5776
v  -7.9494 -3.0730 15.5825
v  -7.9494 -3.0545 15.5951
v  -7.9502 -3.0421 15.6138
v  -7.9516 -3.0374 15.6364
v  -7.9534 -3.0419 15.6591
v  -7.9554 -3.0541 15.6779
v  -7.9572 -3.0726 15.6907
v  -7.9586 -3.0955 15.6957
v  -7.9594 -3.1186 15.6915
v  -7.9594 -3.1378 15.6789
v  -7.9587 -3.1508 15.6598
v  -7.9573 -3.1555 15.6365
v  -7.8676 -3.1527 15.6132
v  -7.8657 -3.1402 15.5945
v  -7.8640 -3.1216 15.5819
v  -7.8629 -3.0988 15.5773
v  -7.8624 -3.0760 15.5819
v  -7.8628 -3.0573 15.5945
v  -7.8637 -3.0447 15.6132
v  -7.8653 -3.0400 15.6360
v  -7.8672 -3.0446 15.6588
v  -7.8691 -3.0571 15.6775
v  -7.8707 -3.0757 15.6901
v  -7.8719 -3.0985 15.6947
v  -7.8724 -3.1213 15.6901
v  -7.8721 -3.1400 15.6775
v  -7.8711 -3.1526 15.6588
v  -7.8695 -3.1573 15.6360
v  -7.9306 -3.1613 15.1606
v  -7.9280 -3.1463 15.1383
v  -7.9256 -3.1241 15.1232
v  -7.9237 -3.0968 15.1177
v  -7.9227 -3.0694 15.1232
v  -7.9227 -3.0470 15.1383
v  -7.9238 -3.0319 15.1606
v  -7.9257 -3.0263 15.1880
v  -7.9283 -3.0318 15.2153
v  -7.9311 -3.0468 15.2377
v  -7.9336 -3.0690 15.2527
v  -7.9355 -3.0963 15.2583
v  -7.9364 -3.1236 15.2528
v  -7.9363 -3.1460 15.2377
v  -7.9351 -3.1612 15.2154
v  -7.9331 -3.1668 15.1880
v  -7.9334 -3.1728 15.1880
v  -7.9355 -3.1668 15.2178
v  -7.9368 -3.1503 15.2420
v  -7.9370 -3.1260 15.2584
v  -7.9360 -3.0963 15.2644
v  -7.9339 -3.0666 15.2584
v  -7.9312 -3.0424 15.2420
v  -7.9282 -3.0261 15.2177
v  -7.9254 -3.0202 15.1880
v  -7.9233 -3.0263 15.1582
v  -7.9223 -3.0428 15.1339
v  -7.9223 -3.0671 15.1176
v  -7.9234 -3.0968 15.1115
v  -7.9253 -3.1264 15.1176
v  -7.9278 -3.1506 15.1340
v  -7.9306 -3.1669 15.1583
v  -7.9266 -3.1537 15.1639
v  -7.9242 -3.1406 15.1441
v  -7.9220 -3.1210 15.1307
v  -7.9201 -3.0969 15.1256
v  -7.9192 -3.0726 15.1304
v  -7.9191 -3.0526 15.1437
v  -7.9200 -3.0392 15.1637
v  -7.9219 -3.0344 15.1880
v  -7.9243 -3.0395 15.2121
v  -7.9268 -3.0529 15.2316
v  -7.9291 -3.0726 15.2446
v  -7.9309 -3.0965 15.2494
v  -7.9318 -3.1203 15.2445
v  -7.9317 -3.1399 15.2314
v  -7.9307 -3.1533 15.2119
v  -7.9289 -3.1583 15.1880
v  -7.9185 -3.1510 15.1651
v  -7.9165 -3.1385 15.1464
v  -7.9146 -3.1199 15.1338
v  -7.9131 -3.0971 15.1288
v  -7.9122 -3.0741 15.1333
v  -7.9121 -3.0550 15.1458
v  -7.9128 -3.0422 15.1647
v  -7.9142 -3.0374 15.1879
v  -7.9161 -3.0422 15.2110
v  -7.9181 -3.0550 15.2299
v  -7.9200 -3.0738 15.2424
v  -7.9216 -3.0968 15.2469
v  -7.9225 -3.1197 15.2422
v  -7.9225 -3.1384 15.2295
v  -7.9218 -3.1509 15.2108
v  -7.9204 -3.1555 15.1879
v  -7.8305 -3.1541 15.1646
v  -7.8286 -3.1416 15.1460
v  -7.8270 -3.1230 15.1334
v  -7.8258 -3.1002 15.1288
v  -7.8254 -3.0773 15.1334
v  -7.8257 -3.0587 15.1460
v  -7.8267 -3.0460 15.1646
v  -7.8283 -3.0414 15.1874
v  -7.8302 -3.0459 15.2103
v  -7.8320 -3.0584 15.2289
v  -7.8337 -3.0770 15.2415
v  -7.8349 -3.0998 15.2462
v  -7.8353 -3.1227 15.2415
v  -7.8350 -3.1413 15.2290
v  -7.8341 -3.1540 15.2103
v  -7.8325 -3.1586 15.1875
v  -7.9861 -3.1594 15.8338
v  -7.9835 -3.1444 15.8114
v  -7.9812 -3.1221 15.7963
v  -7.9793 -3.0948 15.7908
v  -7.9782 -3.0674 15.7963
v  -7.9781 -3.0450 15.8113
v  -7.9790 -3.0299 15.8337
v  -7.9809 -3.0242 15.8611
v  -7.9835 -3.0297 15.8885
v  -7.9863 -3.0447 15.9109
v  -7.9889 -3.0670 15.9260
v  -7.9909 -3.0943 15.9315
v  -7.9919 -3.1217 15.9260
v  -7.9918 -3.1441 15.9109
v  -7.9907 -3.1592 15.8885
v  -7.9887 -3.1648 15.8612
v  -7.9891 -3.1708 15.8611
v  -7.9913 -3.1648 15.8909
v  -7.9925 -3.1483 15.9152
v  -7.9925 -3.1240 15.9315
v  -7.9914 -3.0943 15.9375
v  -7.9892 -3.0647 15.9315
v  -7.9863 -3.0405 15.9152
v  -7.9833 -3.0242 15.8909
v  -7.9805 -3.0183 15.8611
v  -7.9785 -3.0244 15.8314
v  -7.9775 -3.0408 15.8071
v  -7.9777 -3.0651 15.7907
v  -7.9789 -3.0948 15.7847
v  -7.9810 -3.1244 15.7907
v  -7.9835 -3.1486 15.8071
v  -7.9864 -3.1649 15.8314
v  -7.9814 -3.1527 15.8367
v  -7.9792 -3.1392 15.8168
v  -7.9773 -3.1192 15.8034
v  -7.9758 -3.0949 15.7987
v  -7.9752 -3.0707 15.8038
v  -7.9754 -3.0510 15.8172
v  -7.9765 -3.0379 15.8370
v  -7.9783 -3.0331 15.8611
v  -7.9806 -3.0381 15.8849
v  -7.9829 -3.0512 15.9044
v  -7.9850 -3.0706 15.9176
v  -7.9864 -3.0945 15.9227
v  -7.9870 -3.1186 15.9182
v  -7.9867 -3.1386 15.9052
v  -7.9855 -3.1523 15.8855
v  -7.9837 -3.1575 15.8612
v  -7.9740 -3.1506 15.8376
v  -7.9720 -3.1374 15.8187
v  -7.9702 -3.1182 15.8063
v  -7.9688 -3.0951 15.8021
v  -7.9681 -3.0724 15.8072
v  -7.9681 -3.0540 15.8199
v  -7.9689 -3.0419 15.8385
v  -7.9704 -3.0374 15.8610
v  -7.9722 -3.0419 15.8834
v  -7.9741 -3.0539 15.9020
v  -7.9759 -3.0721 15.9149
v  -7.9773 -3.0948 15.9201
v  -7.9780 -3.1180 15.9161
v  -7.9780 -3.1374 15.9037
v  -7.9773 -3.1506 15.8846
v  -7.9758 -3.1555 15.8611
v  -7.8862 -3.1521 15.8378
v  -7.8843 -3.1396 15.8191
v  -7.8827 -3.1210 15.8065
v  -7.8816 -3.0982 15.8019
v  -7.8811 -3.0753 15.8065
v  -7.8814 -3.0567 15.8191
v  -7.8824 -3.0440 15.8377
v  -7.8840 -3.0394 15.8606
v  -7.8859 -3.0439 15.8834
v  -7.8878 -3.0564 15.9021
v  -7.8894 -3.0750 15.9147
v  -7.8906 -3.0978 15.9193
v  -7.8911 -3.1207 15.9147
v  -7.8908 -3.1393 15.9021
v  -7.8898 -3.1520 15.8834
v  -7.8882 -3.1566 15.8606
v  -7.9119 -3.1621 14.9360
v  -7.9094 -3.1471 14.9136
v  -7.9070 -3.1248 14.8985
v  -7.9052 -3.0974 14.8930
v  -7.9042 -3.0701 14.8985
v  -7.9042 -3.0477 14.9136
v  -7.9052 -3.0325 14.9360
v  -7.9072 -3.0269 14.9633
v  -7.9098 -3.0324 14.9907
v  -7.9126 -3.0474 15.0131
v  -7.9150 -3.0697 15.0281
v  -7.9169 -3.0970 15.0337
v  -7.9178 -3.1244 15.0282
v  -7.9176 -3.1468 15.0132
v  -7.9165 -3.1619 14.9908
v  -7.9144 -3.1676 14.9634
v  -7.9147 -3.1735 14.9634
v  -7.9169 -3.1674 14.9931
v  -7.9182 -3.1510 15.0174
v  -7.9184 -3.1267 15.0338
v  -7.9174 -3.0970 15.0398
v  -7.9154 -3.0673 15.0337
v  -7.9127 -3.0431 15.0174
v  -7.9098 -3.0268 14.9931
v  -7.9070 -3.0209 14.9633
v  -7.9049 -3.0270 14.9336
v  -7.9038 -3.0434 14.9093
v  -7.9038 -3.0677 14.8929
v  -7.9048 -3.0974 14.8869
v  -7.9067 -3.1271 14.8929
v  -7.9092 -3.1513 14.9094
v  -7.9119 -3.1676 14.9337
v  -7.9085 -3.1541 14.9393
v  -7.9060 -3.1412 14.9196
v  -7.9038 -3.1216 14.9061
v  -7.9019 -3.0975 14.9009
v  -7.9007 -3.0732 14.9056
v  -7.9005 -3.0531 14.9189
v  -7.9013 -3.0395 14.9389
v  -7.9031 -3.0346 14.9634
v  -7.9055 -3.0397 14.9877
v  -7.9081 -3.0533 15.0073
v  -7.9105 -3.0731 15.0203
v  -7.9124 -3.0971 15.0250
v  -7.9134 -3.1210 15.0200
v  -7.9134 -3.1406 15.0068
v  -7.9125 -3.1538 14.9872
v  -7.9108 -3.1588 14.9633
v  -7.9003 -3.1509 14.9407
v  -7.8983 -3.1387 14.9222
v  -7.8964 -3.1204 14.9095
v  -7.8948 -3.0978 14.9044
v  -7.8939 -3.0747 14.9086
v  -7.8938 -3.0555 14.9210
v  -7.8944 -3.0423 14.9399
v  -7.8958 -3.0374 14.9633
v  -7.8977 -3.0422 14.9867
v  -7.8997 -3.0552 15.0057
v  -7.9017 -3.0743 15.0182
v  -7.9033 -3.0975 15.0225
v  -7.9042 -3.1203 15.0175
v  -7.9043 -3.1388 15.0046
v  -7.9036 -3.1511 14.9859
v  -7.9022 -3.1555 14.9633
v  -7.8122 -3.1548 14.9400
v  -7.8103 -3.1422 14.9213
v  -7.8087 -3.1236 14.9087
v  -7.8075 -3.1008 14.9041
v  -7.8071 -3.0780 14.9087
v  -7.8074 -3.0593 14.9213
v  -7.8084 -3.0467 14.9400
v  -7.8100 -3.0420 14.9628
v  -7.8119 -3.0466 14.9856
v  -7.8137 -3.0591 15.0043
v  -7.8154 -3.0777 15.0169
v  -7.8166 -3.1005 15.0215
v  -7.8170 -3.1233 15.0169
v  -7.8167 -3.1420 15.0043
v  -7.8158 -3.1546 14.9856
v  -7.8142 -3.1593 14.9628
v  -7.8932 -3.1627 14.7115
v  -7.8907 -3.1477 14.6891
v  -7.8884 -3.1254 14.6740
v  -7.8866 -3.0981 14.6685
v  -7.8856 -3.0708 14.6740
v  -7.8856 -3.0484 14.6891
v  -7.8866 -3.0332 14.7115
v  -7.8886 -3.0276 14.7388
v  -7.8912 -3.0331 14.7662
v  -7.8940 -3.0481 14.7885
v  -7.8965 -3.0704 14.8036
v  -7.8983 -3.0977 14.8092
v  -7.8992 -3.1250 14.8037
v  -7.8990 -3.1474 14.7886
v  -7.8978 -3.1626 14.7663
v  -7.8958 -3.1682 14.7389
v  -7.8960 -3.1742 14.7389
v  -7.8982 -3.1681 14.7686
v  -7.8995 -3.1516 14.7929
v  -7.8998 -3.1273 14.8093
v  -7.8988 -3.0976 14.8153
v  -7.8968 -3.0680 14.8092
v  -7.8942 -3.0438 14.7928
v  -7.8913 -3.0275 14.7686
v  -7.8885 -3.0216 14.7388
v  -7.8864 -3.0277 14.7091
v  -7.8853 -3.0441 14.6848
v  -7.8852 -3.0684 14.6684
v  -7.8862 -3.0981 14.6624
v  -7.8881 -3.1278 14.6684
v  -7.8905 -3.1520 14.6849
v  -7.8933 -3.1683 14.7092
v  -7.8901 -3.1544 14.7149
v  -7.8876 -3.1416 14.6953
v  -7.8853 -3.1222 14.6819
v  -7.8833 -3.0982 14.6766
v  -7.8820 -3.0739 14.6811
v  -7.8817 -3.0537 14.6943
v  -7.8824 -3.0400 14.7143
v  -7.8841 -3.0350 14.7389
v  -7.8865 -3.0402 14.7633
v  -7.8892 -3.0538 14.7830
v  -7.8917 -3.0738 14.7960
v  -7.8937 -3.0978 14.8004
v  -7.8948 -3.1216 14.7953
v  -7.8948 -3.1411 14.7821
v  -7.8941 -3.1542 14.7626
v  -7.8923 -3.1591 14.7388
v  -7.8816 -3.1510 14.7165
v  -7.8796 -3.1390 14.6981
v  -7.8777 -3.1209 14.6854
v  -7.8761 -3.0984 14.6801
v  -7.8751 -3.0753 14.6839
v  -7.8749 -3.0559 14.6962
v  -7.8755 -3.0425 14.7152
v  -7.8769 -3.0374 14.7388
v  -7.8788 -3.0423 14.7624
v  -7.8809 -3.0555 14.7815
v  -7.8828 -3.0749 14.7940
v  -7.8845 -3.0981 14.7981
v  -7.8854 -3.1209 14.7928
v  -7.8856 -3.1392 14.7798
v  -7.8849 -3.1512 14.7612
v  -7.8835 -3.1555 14.7388
v  -7.7935 -3.1554 14.7155
v  -7.7916 -3.1429 14.6968
v  -7.7899 -3.1243 14.6842
v  -7.7888 -3.1015 14.6796
v  -7.7883 -3.0787 14.6842
v  -7.7886 -3.0600 14.6968
v  -7.7896 -3.0474 14.7155
v  -7.7912 -3.0427 14.7383
v  -7.7931 -3.0472 14.7611
v  -7.7950 -3.0598 14.7798
v  -7.7966 -3.0784 14.7924
v  -7.7978 -3.1012 14.7970
v  -7.7983 -3.1240 14.7924
v  -7.7980 -3.1427 14.7798
v  -7.7970 -3.1553 14.7612
v  -7.7954 -3.1600 14.7383
v  -8.0044 -3.1587 16.0581
v  -8.0019 -3.1437 16.0358
v  -7.9995 -3.1214 16.0207
v  -7.9976 -3.0941 16.0152
v  -7.9966 -3.0668 16.0207
v  -7.9964 -3.0444 16.0357
v  -7.9973 -3.0292 16.0581
v  -7.9992 -3.0236 16.0855
v  -8.0017 -3.0290 16.1129
v  -8.0045 -3.0441 16.1353
v  -8.0071 -3.0664 16.1503
v  -8.0092 -3.0937 16.1558
v  -8.0103 -3.1210 16.1503
v  -8.0102 -3.1434 16.1352
v  -8.0090 -3.1585 16.1129
v  -8.0070 -3.1641 16.0855
v  -8.0076 -3.1702 16.0855
v  -8.0097 -3.1641 16.1152
v  -8.0109 -3.1476 16.1395
v  -8.0109 -3.1233 16.1559
v  -8.0097 -3.0936 16.1619
v  -8.0074 -3.0640 16.1559
v  -8.0046 -3.0398 16.1395
v  -8.0015 -3.0235 16.1152
v  -7.9987 -3.0176 16.0855
v  -7.9967 -3.0237 16.0558
v  -7.9958 -3.0401 16.0315
v  -7.9960 -3.0644 16.0150
v  -7.9972 -3.0941 16.0090
v  -7.9994 -3.1238 16.0150
v  -8.0020 -3.1480 16.0314
v  -8.0048 -3.1643 16.0557
v  -7.9993 -3.1522 16.0610
v  -7.9972 -3.1386 16.0410
v  -7.9954 -3.1185 16.0278
v  -7.9941 -3.0942 16.0232
v  -7.9936 -3.0701 16.0284
v  -7.9939 -3.0506 16.0418
v  -7.9950 -3.0376 16.0615
v  -7.9968 -3.0328 16.0854
v  -7.9991 -3.0377 16.1091
v  -8.0013 -3.0507 16.1286
v  -8.0033 -3.0700 16.1418
v  -8.0046 -3.0938 16.1470
v  -8.0051 -3.1179 16.1426
v  -8.0047 -3.1380 16.1297
v  -8.0034 -3.1519 16.1100
v  -8.0015 -3.1571 16.0856
v  -7.9920 -3.1505 16.0617
v  -7.9900 -3.1371 16.0427
v  -7.9883 -3.1176 16.0305
v  -7.9869 -3.0945 16.0265
v  -7.9863 -3.0719 16.0318
v  -7.9864 -3.0537 16.0446
v  -7.9872 -3.0418 16.0631
v  -7.9886 -3.0374 16.0854
v  -7.9905 -3.0418 16.1076
v  -7.9924 -3.0536 16.1260
v  -7.9941 -3.0715 16.1390
v  -7.9954 -3.0941 16.1445
v  -7.9961 -3.1175 16.1407
v  -7.9961 -3.1371 16.1284
v  -7.9953 -3.1505 16.1092
v  -7.9939 -3.1555 16.0854
v  -7.9044 -3.1514 16.0621
v  -7.9025 -3.1389 16.0435
v  -7.9008 -3.1203 16.0309
v  -7.8997 -3.0975 16.0262
v  -7.8992 -3.0747 16.0309
v  -7.8995 -3.0560 16.0434
v  -7.9005 -3.0434 16.0621
v  -7.9021 -3.0387 16.0849
v  -7.9040 -3.0433 16.1078
v  -7.9059 -3.0558 16.1264
v  -7.9075 -3.0744 16.1390
v  -7.9087 -3.0972 16.1436
v  -7.9092 -3.1200 16.1390
v  -7.9089 -3.1387 16.1264
v  -7.9079 -3.1513 16.1078
v  -7.9063 -3.1560 16.0850
v  -8.0228 -3.1585 16.2828
v  -8.0202 -3.1435 16.2604
v  -8.0178 -3.1212 16.2454
v  -8.0159 -3.0939 16.2398
v  -8.0148 -3.0666 16.2453
v  -8.0147 -3.0442 16.2604
v  -8.0155 -3.0290 16.2828
v  -8.0173 -3.0234 16.3102
v  -8.0199 -3.0288 16.3376
v  -8.0227 -3.0439 16.3599
v  -8.0253 -3.0662 16.3750
v  -8.0275 -3.0935 16.3805
v  -8.0286 -3.1208 16.3749
v  -8.0285 -3.1431 16.3598
v  -8.0274 -3.1583 16.3375
v  -8.0253 -3.1639 16.3102
v  -8.0260 -3.1700 16.3101
v  -8.0281 -3.1639 16.3399
v  -8.0292 -3.1474 16.3642
v  -8.0292 -3.1231 16.3806
v  -8.0279 -3.0935 16.3866
v  -8.0256 -3.0638 16.3806
v  -8.0227 -3.0396 16.3642
v  -8.0197 -3.0233 16.3399
v  -8.0169 -3.0174 16.3102
v  -8.0149 -3.0235 16.2804
v  -8.0141 -3.0399 16.2561
v  -8.0143 -3.0642 16.2397
v  -8.0156 -3.0939 16.2337
v  -8.0177 -3.1236 16.2397
v  -8.0204 -3.1478 16.2561
v  -8.0232 -3.1641 16.2804
v  -8.0175 -3.1521 16.2856
v  -8.0154 -3.1385 16.2656
v  -8.0136 -3.1184 16.2524
v  -8.0123 -3.0940 16.2477
v  -8.0118 -3.0699 16.2530
v  -8.0121 -3.0504 16.2664
v  -8.0133 -3.0374 16.2862
v  -8.0151 -3.0327 16.3100
v  -8.0174 -3.0376 16.3338
v  -8.0197 -3.0506 16.3532
v  -8.0217 -3.0699 16.3663
v  -8.0230 -3.0936 16.3715
v  -8.0234 -3.1177 16.3672
v  -8.0230 -3.1378 16.3543
v  -8.0217 -3.1517 16.3347
v  -8.0197 -3.1570 16.3102
v  -8.0102 -3.1505 16.2863
v  -8.0083 -3.1371 16.2672
v  -8.0065 -3.1176 16.2548
v  -8.0052 -3.0943 16.2510
v  -8.0045 -3.0716 16.2564
v  -8.0047 -3.0535 16.2693
v  -8.0055 -3.0417 16.2878
v  -8.0070 -3.0374 16.3100
v  -8.0088 -3.0418 16.3321
v  -8.0107 -3.0536 16.3505
v  -8.0124 -3.0715 16.3634
v  -8.0137 -3.0939 16.3689
v  -8.0144 -3.1172 16.3652
v  -8.0144 -3.1368 16.3530
v  -8.0136 -3.1504 16.3339
v  -8.0121 -3.1555 16.3101
v  -7.9226 -3.1512 16.2868
v  -7.9207 -3.1387 16.2681
v  -7.9191 -3.1201 16.2555
v  -7.9179 -3.0973 16.2509
v  -7.9175 -3.0745 16.2555
v  -7.9178 -3.0558 16.2681
v  -7.9188 -3.0432 16.2868
v  -7.9204 -3.0385 16.3096
v  -7.9223 -3.0431 16.3324
v  -7.9241 -3.0556 16.3511
v  -7.9258 -3.0742 16.3637
v  -7.9270 -3.0970 16.3683
v  -7.9274 -3.1198 16.3637
v  -7.9272 -3.1385 16.3511
v  -7.9262 -3.1511 16.3325
v  -7.9246 -3.1558 16.3096
v  -7.8746 -3.1629 14.4871
v  -7.8721 -3.1479 14.4647
v  -7.8698 -3.1256 14.4496
v  -7.8680 -3.0983 14.4441
v  -7.8671 -3.0710 14.4496
v  -7.8670 -3.0486 14.4647
v  -7.8680 -3.0335 14.4870
v  -7.8700 -3.0279 14.5144
v  -7.8727 -3.0333 14.5417
v  -7.8754 -3.0483 14.5641
v  -7.8779 -3.0706 14.5791
v  -7.8797 -3.0978 14.5847
v  -7.8806 -3.1252 14.5792
v  -7.8803 -3.1476 14.5642
v  -7.8791 -3.1628 14.5419
v  -7.8771 -3.1684 14.5145
v  -7.8773 -3.1744 14.5145
v  -7.8795 -3.1683 14.5442
v  -7.8809 -3.1518 14.5685
v  -7.8811 -3.1275 14.5848
v  -7.8802 -3.0978 14.5908
v  -7.8783 -3.0681 14.5848
v  -7.8757 -3.0439 14.5684
v  -7.8728 -3.0277 14.5441
v  -7.8700 -3.0217 14.5144
v  -7.8679 -3.0278 14.4846
v  -7.8668 -3.0443 14.4603
v  -7.8667 -3.0686 14.4440
v  -7.8676 -3.0983 14.4380
v  -7.8695 -3.1280 14.4440
v  -7.8719 -3.1522 14.4604
v  -7.8746 -3.1685 14.4847
v  -7.8715 -3.1545 14.4906
v  -7.8690 -3.1416 14.4710
v  -7.8666 -3.1223 14.4576
v  -7.8646 -3.0984 14.4523
v  -7.8633 -3.0741 14.4568
v  -7.8629 -3.0539 14.4699
v  -7.8636 -3.0402 14.4899
v  -7.8653 -3.0352 14.5145
v  -7.8677 -3.0404 14.5389
v  -7.8704 -3.0541 14.5585
v  -7.8729 -3.0740 14.5715
v  -7.8749 -3.0980 14.5759
v  -7.8761 -3.1218 14.5708
v  -7.8762 -3.1412 14.5576
v  -7.8754 -3.1542 14.5381
v  -7.8737 -3.1591 14.5144
v  -7.8629 -3.1510 14.4921
v  -7.8608 -3.1391 14.4738
v  -7.8589 -3.1211 14.4610
v  -7.8573 -3.0986 14.4557
v  -7.8563 -3.0755 14.4595
v  -7.8561 -3.0560 14.4717
v  -7.8567 -3.0425 14.4907
v  -7.8580 -3.0374 14.5144
v  -7.8600 -3.0423 14.5381
v  -7.8620 -3.0556 14.5572
v  -7.8640 -3.0750 14.5697
v  -7.8657 -3.0983 14.5736
v  -7.8667 -3.1211 14.5683
v  -7.8668 -3.1393 14.5553
v  -7.8661 -3.1513 14.5367
v  -7.8648 -3.1555 14.5143
v  -7.7747 -3.1556 14.4911
v  -7.7728 -3.1431 14.4724
v  -7.7711 -3.1245 14.4598
v  -7.7700 -3.1017 14.4552
v  -7.7695 -3.0789 14.4598
v  -7.7699 -3.0602 14.4724
v  -7.7708 -3.0476 14.4910
v  -7.7724 -3.0429 14.5139
v  -7.7743 -3.0474 14.5367
v  -7.7762 -3.0600 14.5554
v  -7.7778 -3.0786 14.5680
v  -7.7790 -3.1014 14.5726
v  -7.7795 -3.1242 14.5680
v  -7.7792 -3.1429 14.5554
v  -7.7782 -3.1555 14.5367
v  -7.7766 -3.1602 14.5139
v  -8.0437 -3.1582 16.5077
v  -8.0410 -3.1433 16.4855
v  -8.0386 -3.1211 16.4704
v  -8.0370 -3.0939 16.4648
v  -8.0354 -3.0665 16.4702
v  -8.0352 -3.0441 16.4852
v  -8.0361 -3.0288 16.5075
v  -8.0379 -3.0230 16.5351
v  -8.0405 -3.0285 16.5625
v  -8.0433 -3.0436 16.5850
v  -8.0459 -3.0660 16.6001
v  -8.0481 -3.0935 16.6055
v  -8.0493 -3.1208 16.5999
v  -8.0494 -3.1432 16.5849
v  -8.0483 -3.1581 16.5623
v  -8.0463 -3.1636 16.5350
v  -8.0467 -3.1701 16.5351
v  -8.0487 -3.1641 16.5648
v  -8.0499 -3.1475 16.5891
v  -8.0498 -3.1231 16.6054
v  -8.0485 -3.0934 16.6114
v  -8.0461 -3.0638 16.6054
v  -8.0433 -3.0396 16.5891
v  -8.0403 -3.0234 16.5648
v  -8.0375 -3.0173 16.5350
v  -8.0355 -3.0233 16.5053
v  -8.0347 -3.0400 16.4810
v  -8.0349 -3.0641 16.4644
v  -8.0363 -3.0939 16.4586
v  -8.0385 -3.1235 16.4646
v  -8.0412 -3.1478 16.4808
v  -8.0440 -3.1639 16.5053
v  -8.0387 -3.1515 16.5107
v  -8.0363 -3.1383 16.4907
v  -8.0345 -3.1183 16.4774
v  -8.0330 -3.0940 16.4725
v  -8.0321 -3.0697 16.4773
v  -8.0323 -3.0498 16.4908
v  -8.0334 -3.0366 16.5107
v  -8.0353 -3.0319 16.5350
v  -8.0378 -3.0369 16.5589
v  -8.0393 -3.0499 16.5789
v  -8.0415 -3.0696 16.5921
v  -8.0429 -3.0937 16.5972
v  -8.0435 -3.1180 16.5927
v  -8.0444 -3.1372 16.5785
v  -8.0431 -3.1508 16.5591
v  -8.0410 -3.1562 16.5350
v  -8.0310 -3.1497 16.5115
v  -8.0291 -3.1368 16.4923
v  -8.0272 -3.1175 16.4797
v  -8.0258 -3.0943 16.4753
v  -8.0250 -3.0713 16.4804
v  -8.0250 -3.0527 16.4933
v  -8.0258 -3.0406 16.5122
v  -8.0273 -3.0362 16.5349
v  -8.0295 -3.0416 16.5570
v  -8.0314 -3.0536 16.5753
v  -8.0331 -3.0716 16.5879
v  -8.0345 -3.0939 16.5933
v  -8.0352 -3.1170 16.5897
v  -8.0351 -3.1366 16.5776
v  -8.0343 -3.1502 16.5587
v  -8.0330 -3.1544 16.5349
v  -7.9433 -3.1512 16.5116
v  -7.9414 -3.1387 16.4930
v  -7.9398 -3.1201 16.4804
v  -7.9386 -3.0973 16.4758
v  -7.9382 -3.0745 16.4804
v  -7.9385 -3.0558 16.4930
v  -7.9395 -3.0432 16.5116
v  -7.9410 -3.0385 16.5344
v  -7.9429 -3.0431 16.5573
v  -7.9448 -3.0556 16.5759
v  -7.9465 -3.0742 16.5885
v  -7.9476 -3.0970 16.5932
v  -7.9481 -3.1198 16.5885
v  -7.9478 -3.1385 16.5760
v  -7.9468 -3.1511 16.5573
v  -7.9452 -3.1558 16.5345
v  -7.8557 -3.1630 14.2601
v  -7.8532 -3.1480 14.2377
v  -7.8510 -3.1256 14.2227
v  -7.8493 -3.0983 14.2171
v  -7.8485 -3.0709 14.2227
v  -7.8486 -3.0486 14.2378
v  -7.8496 -3.0334 14.2601
v  -7.8514 -3.0278 14.2875
v  -7.8538 -3.0332 14.3149
v  -7.8564 -3.0482 14.3373
v  -7.8588 -3.0705 14.3524
v  -7.8608 -3.0979 14.3580
v  -7.8617 -3.1253 14.3525
v  -7.8615 -3.1477 14.3374
v  -7.8603 -3.1629 14.3150
v  -7.8582 -3.1685 14.2876
v  -7.8584 -3.1744 14.2876
v  -7.8607 -3.1683 14.3173
v  -7.8620 -3.1519 14.3416
v  -7.8623 -3.1276 14.3580
v  -7.8615 -3.0978 14.3639
v  -7.8595 -3.0682 14.3579
v  -7.8570 -3.0440 14.3415
v  -7.8541 -3.0277 14.3172
v  -7.8514 -3.0218 14.2875
v  -7.8492 -3.0279 14.2577
v  -7.8481 -3.0443 14.2335
v  -7.8479 -3.0686 14.2171
v  -7.8488 -3.0983 14.2111
v  -7.8506 -3.1280 14.2171
v  -7.8530 -3.1522 14.2335
v  -7.8557 -3.1685 14.2579
v  -7.8532 -3.1544 14.2637
v  -7.8512 -3.1412 14.2444
v  -7.8491 -3.1219 14.2314
v  -7.8473 -3.0983 14.2264
v  -7.8460 -3.0745 14.2307
v  -7.8455 -3.0545 14.2436
v  -7.8457 -3.0406 14.2631
v  -7.8469 -3.0351 14.2876
v  -7.8487 -3.0397 14.3123
v  -7.8509 -3.0532 14.3326
v  -7.8532 -3.0734 14.3461
v  -7.8552 -3.0981 14.3507
v  -7.8565 -3.1224 14.3453
v  -7.8569 -3.1420 14.3315
v  -7.8565 -3.1549 14.3115
v  -7.8551 -3.1594 14.2874
v  -7.8447 -3.1502 14.2656
v  -7.8428 -3.1378 14.2481
v  -7.8410 -3.1202 14.2362
v  -7.8394 -3.0986 14.2312
v  -7.8385 -3.0764 14.2346
v  -7.8382 -3.0573 14.2461
v  -7.8386 -3.0436 14.2642
v  -7.8398 -3.0376 14.2874
v  -7.8414 -3.0415 14.3115
v  -7.8434 -3.0543 14.3316
v  -7.8453 -3.0742 14.3449
v  -7.8469 -3.0984 14.3492
v  -7.8480 -3.1220 14.3435
v  -7.8482 -3.1405 14.3296
v  -7.8477 -3.1520 14.3101
v  -7.8465 -3.1554 14.2874
v  -7.7564 -3.1556 14.2641
v  -7.7545 -3.1431 14.2455
v  -7.7529 -3.1252 14.2312
v  -7.7517 -3.1017 14.2295
v  -7.7512 -3.0791 14.2335
v  -7.7515 -3.0602 14.2455
v  -7.7525 -3.0476 14.2641
v  -7.7541 -3.0429 14.2870
v  -7.7560 -3.0474 14.3098
v  -7.7579 -3.0600 14.3284
v  -7.7595 -3.0786 14.3410
v  -7.7607 -3.1014 14.3457
v  -7.7612 -3.1242 14.3410
v  -7.7609 -3.1429 14.3285
v  -7.7599 -3.1555 14.3098
v  -7.7583 -3.1602 14.2870
v  -7.9355 -2.9253 15.3851
v  -7.9326 -2.9103 15.3627
v  -7.9297 -2.8882 15.3477
v  -7.9271 -2.8610 15.3422
v  -7.9253 -2.8337 15.3477
v  -7.9246 -2.8114 15.3627
v  -7.9251 -2.7962 15.3850
v  -7.9269 -2.7905 15.4124
v  -7.9296 -2.7959 15.4398
v  -7.9328 -2.8109 15.4621
v  -7.9359 -2.8331 15.4772
v  -7.9386 -2.8603 15.4827
v  -7.9402 -2.8876 15.4772
v  -7.9407 -2.9100 15.4621
v  -7.9399 -2.9251 15.4397
v  -7.9381 -2.9307 15.4124
v  -7.9385 -2.9368 15.4124
v  -7.9405 -2.9307 15.4421
v  -7.9413 -2.9142 15.4664
v  -7.9408 -2.8899 15.4828
v  -7.9390 -2.8603 15.4888
v  -7.9362 -2.8307 15.4828
v  -7.9328 -2.8066 15.4664
v  -7.9294 -2.7903 15.4421
v  -7.9265 -2.7845 15.4124
v  -7.9247 -2.7906 15.3827
v  -7.9242 -2.8071 15.3583
v  -7.9249 -2.8313 15.3419
v  -7.9267 -2.8610 15.3359
v  -7.9295 -2.8906 15.3419
v  -7.9325 -2.9148 15.3583
v  -7.9356 -2.9310 15.3827
v  -7.9313 -2.9173 15.3885
v  -7.9285 -2.9044 15.3689
v  -7.9258 -2.8851 15.3555
v  -7.9232 -2.8612 15.3503
v  -7.9214 -2.8370 15.3549
v  -7.9206 -2.8169 15.3681
v  -7.9211 -2.8033 15.3880
v  -7.9229 -2.7984 15.4125
v  -7.9255 -2.8034 15.4367
v  -7.9286 -2.8170 15.4563
v  -7.9315 -2.8367 15.4692
v  -7.9340 -2.8606 15.4738
v  -7.9356 -2.8844 15.4688
v  -7.9360 -2.9038 15.4557
v  -7.9354 -2.9170 15.4362
v  -7.9337 -2.9220 15.4124
v  -7.9227 -2.9148 15.3898
v  -7.9203 -2.9026 15.3712
v  -7.9179 -2.8843 15.3585
v  -7.9158 -2.8617 15.3533
v  -7.9143 -2.8385 15.3575
v  -7.9138 -2.8192 15.3699
v  -7.9142 -2.8061 15.3889
v  -7.9155 -2.8012 15.4124
v  -7.9177 -2.8061 15.4358
v  -7.9201 -2.8191 15.4546
v  -7.9226 -2.8381 15.4670
v  -7.9247 -2.8611 15.4713
v  -7.9262 -2.8839 15.4664
v  -7.9267 -2.9024 15.4537
v  -7.9262 -2.9148 15.4350
v  -7.9248 -2.9193 15.4124
v  -7.8348 -2.9206 15.3894
v  -7.8325 -2.9082 15.3707
v  -7.8304 -2.8896 15.3582
v  -7.8287 -2.8668 15.3535
v  -7.8277 -2.8440 15.3582
v  -7.8276 -2.8253 15.3707
v  -7.8283 -2.8127 15.3894
v  -7.8299 -2.8080 15.4122
v  -7.8319 -2.8125 15.4350
v  -7.8342 -2.8250 15.4537
v  -7.8363 -2.8435 15.4663
v  -7.8381 -2.8663 15.4709
v  -7.8391 -2.8891 15.4663
v  -7.8392 -2.9078 15.4537
v  -7.8385 -2.9204 15.4350
v  -7.8369 -2.9251 15.4122
v  -7.9536 -2.9245 15.6092
v  -7.9507 -2.9095 15.5869
v  -7.9478 -2.8874 15.5719
v  -7.9452 -2.8603 15.5664
v  -7.9434 -2.8331 15.5719
v  -7.9427 -2.8107 15.5869
v  -7.9431 -2.7956 15.6092
v  -7.9449 -2.7899 15.6365
v  -7.9476 -2.7953 15.6639
v  -7.9507 -2.8102 15.6862
v  -7.9539 -2.8324 15.7012
v  -7.9566 -2.8596 15.7067
v  -7.9583 -2.8869 15.7012
v  -7.9588 -2.9092 15.6861
v  -7.9581 -2.9243 15.6638
v  -7.9563 -2.9299 15.6365
v  -7.9567 -2.9361 15.6365
v  -7.9586 -2.9300 15.6662
v  -7.9595 -2.9135 15.6905
v  -7.9589 -2.8892 15.7069
v  -7.9571 -2.8596 15.7129
v  -7.9541 -2.8300 15.7069
v  -7.9507 -2.8059 15.6905
v  -7.9473 -2.7896 15.6663
v  -7.9444 -2.7838 15.6365
v  -7.9426 -2.7899 15.6068
v  -7.9421 -2.8064 15.5825
v  -7.9429 -2.8306 15.5661
v  -7.9448 -2.8603 15.5600
v  -7.9476 -2.8899 15.5661
v  -7.9507 -2.9140 15.5824
v  -7.9538 -2.9303 15.6067
v  -7.9490 -2.9167 15.6126
v  -7.9463 -2.9037 15.5931
v  -7.9436 -2.8843 15.5799
v  -7.9412 -2.8605 15.5748
v  -7.9395 -2.8365 15.5794
v  -7.9389 -2.8166 15.5926
v  -7.9394 -2.8031 15.6123
v  -7.9410 -2.7981 15.6366
v  -7.9436 -2.8031 15.6607
v  -7.9465 -2.8165 15.6802
v  -7.9493 -2.8360 15.6932
v  -7.9516 -2.8599 15.6980
v  -7.9532 -2.8837 15.6931
v  -7.9535 -2.9033 15.6799
v  -7.9529 -2.9165 15.6604
v  -7.9513 -2.9215 15.6365
v  -7.9403 -2.9146 15.6137
v  -7.9380 -2.9022 15.5951
v  -7.9356 -2.8837 15.5825
v  -7.9335 -2.8610 15.5777
v  -7.9321 -2.8380 15.5821
v  -7.9316 -2.8190 15.5945
v  -7.9320 -2.8061 15.6133
v  -7.9334 -2.8012 15.6365
v  -7.9355 -2.8059 15.6597
v  -7.9378 -2.8186 15.6786
v  -7.9402 -2.8375 15.6912
v  -7.9424 -2.8605 15.6958
v  -7.9438 -2.8834 15.6910
v  -7.9442 -2.9022 15.6783
v  -7.9438 -2.9148 15.6595
v  -7.9424 -2.9193 15.6365
v  -7.8525 -2.9199 15.6135
v  -7.8502 -2.9075 15.5949
v  -7.8481 -2.8889 15.5823
v  -7.8463 -2.8662 15.5777
v  -7.8454 -2.8433 15.5823
v  -7.8453 -2.8247 15.5949
v  -7.8460 -2.8120 15.6135
v  -7.8475 -2.8073 15.6364
v  -7.8496 -2.8118 15.6592
v  -7.8519 -2.8243 15.6778
v  -7.8540 -2.8428 15.6904
v  -7.8558 -2.8656 15.6950
v  -7.8568 -2.8884 15.6904
v  -7.8569 -2.9071 15.6778
v  -7.8562 -2.9197 15.6592
v  -7.8546 -2.9244 15.6364
v  -7.9172 -2.9260 15.1607
v  -7.9144 -2.9111 15.1383
v  -7.9115 -2.8889 15.1233
v  -7.9090 -2.8617 15.1178
v  -7.9072 -2.8344 15.1233
v  -7.9065 -2.8120 15.1383
v  -7.9070 -2.7969 15.1607
v  -7.9088 -2.7912 15.1880
v  -7.9116 -2.7966 15.2154
v  -7.9148 -2.8115 15.2377
v  -7.9179 -2.8337 15.2528
v  -7.9204 -2.8610 15.2583
v  -7.9221 -2.8883 15.2528
v  -7.9224 -2.9107 15.2378
v  -7.9217 -2.9258 15.2154
v  -7.9198 -2.9315 15.1880
v  -7.9202 -2.9375 15.1880
v  -7.9222 -2.9314 15.2178
v  -7.9231 -2.9149 15.2420
v  -7.9227 -2.8906 15.2584
v  -7.9209 -2.8610 15.2644
v  -7.9181 -2.8314 15.2584
v  -7.9148 -2.8072 15.2420
v  -7.9115 -2.7910 15.2177
v  -7.9086 -2.7852 15.1880
v  -7.9067 -2.7913 15.1583
v  -7.9061 -2.8077 15.1340
v  -7.9068 -2.8320 15.1176
v  -7.9086 -2.8617 15.1115
v  -7.9113 -2.8913 15.1176
v  -7.9143 -2.9154 15.1340
v  -7.9174 -2.9317 15.1583
v  -7.9135 -2.9178 15.1642
v  -7.9107 -2.9050 15.1446
v  -7.9078 -2.8858 15.1312
v  -7.9051 -2.8619 15.1259
v  -7.9032 -2.8376 15.1303
v  -7.9024 -2.8174 15.1435
v  -7.9028 -2.8036 15.1635
v  -7.9045 -2.7986 15.1881
v  -7.9072 -2.8038 15.2125
v  -7.9103 -2.8175 15.2321
v  -7.9134 -2.8373 15.2450
v  -7.9160 -2.8612 15.2495
v  -7.9177 -2.8850 15.2444
v  -7.9181 -2.9044 15.2312
v  -7.9176 -2.9175 15.2117
v  -7.9160 -2.9224 15.1879
v  -7.9048 -2.9149 15.1656
v  -7.9024 -2.9029 15.1471
v  -7.9000 -2.8849 15.1343
v  -7.8978 -2.8623 15.1290
v  -7.8963 -2.8391 15.1328
v  -7.8957 -2.8196 15.1452
v  -7.8960 -2.8061 15.1643
v  -7.8974 -2.8012 15.1880
v  -7.8995 -2.8062 15.2116
v  -7.9020 -2.8195 15.2305
v  -7.9046 -2.8387 15.2428
v  -7.9068 -2.8618 15.2469
v  -7.9082 -2.8844 15.2417
v  -7.9087 -2.9027 15.2289
v  -7.9083 -2.9149 15.2104
v  -7.9069 -2.9193 15.1880
v  -7.8168 -2.9213 15.1650
v  -7.8145 -2.9088 15.1463
v  -7.8124 -2.8903 15.1338
v  -7.8107 -2.8675 15.1291
v  -7.8097 -2.8447 15.1338
v  -7.8096 -2.8260 15.1463
v  -7.8103 -2.8134 15.1650
v  -7.8119 -2.8087 15.1878
v  -7.8140 -2.8132 15.2107
v  -7.8162 -2.8256 15.2293
v  -7.8183 -2.8442 15.2419
v  -7.8201 -2.8669 15.2465
v  -7.8211 -2.8898 15.2419
v  -7.8213 -2.9084 15.2293
v  -7.8205 -2.9211 15.2107
v  -7.8189 -2.9258 15.1878
v  -7.9717 -2.9239 15.8338
v  -7.9688 -2.9089 15.8115
v  -7.9659 -2.8868 15.7965
v  -7.9632 -2.8596 15.7909
v  -7.9614 -2.8324 15.7964
v  -7.9606 -2.8101 15.8114
v  -7.9611 -2.7949 15.8338
v  -7.9628 -2.7892 15.8611
v  -7.9655 -2.7946 15.8885
v  -7.9686 -2.8095 15.9109
v  -7.9718 -2.8317 15.9259
v  -7.9746 -2.8590 15.9314
v  -7.9763 -2.8862 15.9258
v  -7.9769 -2.9086 15.9108
v  -7.9762 -2.9237 15.8884
v  -7.9744 -2.9293 15.8611
v  -7.9749 -2.9355 15.8611
v  -7.9768 -2.9293 15.8908
v  -7.9776 -2.9129 15.9151
v  -7.9770 -2.8886 15.9315
v  -7.9751 -2.8589 15.9375
v  -7.9720 -2.8294 15.9315
v  -7.9686 -2.8052 15.9152
v  -7.9651 -2.7890 15.8909
v  -7.9622 -2.7832 15.8611
v  -7.9604 -2.7893 15.8314
v  -7.9600 -2.8057 15.8071
v  -7.9608 -2.8300 15.7907
v  -7.9628 -2.8597 15.7846
v  -7.9657 -2.8893 15.7906
v  -7.9688 -2.9134 15.8070
v  -7.9720 -2.9296 15.8313
v  -7.9668 -2.9165 15.8371
v  -7.9642 -2.9034 15.8174
v  -7.9616 -2.8838 15.8042
v  -7.9592 -2.8599 15.7992
v  -7.9577 -2.8358 15.8039
v  -7.9571 -2.8159 15.8171
v  -7.9578 -2.8026 15.8369
v  -7.9595 -2.7976 15.8611
v  -7.9620 -2.8026 15.8852
v  -7.9649 -2.8159 15.9047
v  -7.9677 -2.8354 15.9177
v  -7.9699 -2.8592 15.9226
v  -7.9713 -2.8831 15.9178
v  -7.9716 -2.9028 15.9047
v  -7.9709 -2.9162 15.8852
v  -7.9692 -2.9213 15.8611
v  -7.9585 -2.9146 15.8381
v  -7.9562 -2.9019 15.8193
v  -7.9538 -2.8832 15.8067
v  -7.9517 -2.8603 15.8021
v  -7.9504 -2.8374 15.8067
v  -7.9499 -2.8186 15.8193
v  -7.9504 -2.8059 15.8381
v  -7.9518 -2.8012 15.8611
v  -7.9539 -2.8059 15.8840
v  -7.9562 -2.8184 15.9027
v  -7.9586 -2.8370 15.9154
v  -7.9606 -2.8598 15.9202
v  -7.9620 -2.8828 15.9157
v  -7.9625 -2.9018 15.9031
v  -7.9620 -2.9146 15.8842
v  -7.9606 -2.9193 15.8611
v  -7.8707 -2.9193 15.8381
v  -7.8685 -2.9068 15.8195
v  -7.8663 -2.8883 15.8069
v  -7.8646 -2.8655 15.8023
v  -7.8636 -2.8427 15.8069
v  -7.8635 -2.8240 15.8195
v  -7.8643 -2.8114 15.8381
v  -7.8658 -2.8067 15.8609
v  -7.8679 -2.8112 15.8838
v  -7.8701 -2.8236 15.9024
v  -7.8723 -2.8422 15.9150
v  -7.8740 -2.8649 15.9196
v  -7.8750 -2.8878 15.9150
v  -7.8752 -2.9064 15.9024
v  -7.8744 -2.9191 15.8838
v  -7.8729 -2.9238 15.8609
v  -7.8989 -2.9268 14.9360
v  -7.8961 -2.9118 14.9137
v  -7.8933 -2.8895 14.8986
v  -7.8908 -2.8623 14.8931
v  -7.8890 -2.8351 14.8986
v  -7.8883 -2.8127 14.9136
v  -7.8888 -2.7975 14.9360
v  -7.8906 -2.7919 14.9634
v  -7.8934 -2.7972 14.9908
v  -7.8966 -2.8122 15.0131
v  -7.8997 -2.8344 15.0282
v  -7.9023 -2.8617 15.0337
v  -7.9038 -2.8890 15.0282
v  -7.9042 -2.9114 15.0131
v  -7.9034 -2.9266 14.9908
v  -7.9015 -2.9322 14.9634
v  -7.9019 -2.9382 14.9634
v  -7.9039 -2.9321 14.9931
v  -7.9048 -2.9156 15.0174
v  -7.9044 -2.8913 15.0338
v  -7.9028 -2.8616 15.0398
v  -7.9000 -2.8320 15.0338
v  -7.8967 -2.8079 15.0174
v  -7.8934 -2.7917 14.9931
v  -7.8905 -2.7858 14.9633
v  -7.8887 -2.7919 14.9336
v  -7.8881 -2.8084 14.9093
v  -7.8886 -2.8327 14.8929
v  -7.8904 -2.8624 14.8869
v  -7.8930 -2.8920 14.8929
v  -7.8960 -2.9161 14.9093
v  -7.8991 -2.9324 14.9336
v  -7.8957 -2.9182 14.9396
v  -7.8928 -2.9055 14.9201
v  -7.8899 -2.8863 14.9067
v  -7.8871 -2.8626 14.9013
v  -7.8850 -2.8383 14.9056
v  -7.8841 -2.8180 14.9187
v  -7.8843 -2.8040 14.9387
v  -7.8860 -2.7990 14.9635
v  -7.8887 -2.8041 14.9880
v  -7.8919 -2.8179 15.0077
v  -7.8950 -2.8379 15.0206
v  -7.8977 -2.8619 15.0249
v  -7.8995 -2.8857 15.0197
v  -7.9001 -2.9050 15.0065
v  -7.8996 -2.9180 14.9870
v  -7.8980 -2.9229 14.9633
v  -7.8868 -2.9149 14.9412
v  -7.8844 -2.9031 14.9229
v  -7.8820 -2.8854 14.9101
v  -7.8798 -2.8630 14.9046
v  -7.8782 -2.8397 14.9081
v  -7.8775 -2.8200 14.9203
v  -7.8778 -2.8063 14.9394
v  -7.8791 -2.8012 14.9634
v  -7.8813 -2.8062 14.9872
v  -7.8838 -2.8197 15.0063
v  -7.8863 -2.8392 15.0186
v  -7.8886 -2.8625 15.0224
v  -7.8901 -2.8851 15.0170
v  -7.8907 -2.9031 15.0040
v  -7.8902 -2.9150 14.9855
v  -7.8889 -2.9193 14.9633
v  -7.7987 -2.9220 14.9403
v  -7.7964 -2.9095 14.9217
v  -7.7943 -2.8909 14.9091
v  -7.7926 -2.8682 14.9045
v  -7.7916 -2.8454 14.9091
v  -7.7915 -2.8267 14.9217
v  -7.7922 -2.8140 14.9403
v  -7.7938 -2.8093 14.9632
v  -7.7959 -2.8138 14.9860
v  -7.7981 -2.8263 15.0047
v  -7.8002 -2.8448 15.0172
v  -7.8020 -2.8676 15.0218
v  -7.8030 -2.8904 15.0172
v  -7.8031 -2.9091 15.0046
v  -7.8024 -2.9217 14.9860
v  -7.8008 -2.9265 14.9632
v  -7.8806 -2.9275 14.7115
v  -7.8778 -2.9125 14.6892
v  -7.8751 -2.8902 14.6741
v  -7.8726 -2.8630 14.6686
v  -7.8709 -2.8357 14.6741
v  -7.8701 -2.8134 14.6891
v  -7.8705 -2.7982 14.7115
v  -7.8723 -2.7925 14.7389
v  -7.8752 -2.7979 14.7663
v  -7.8785 -2.8128 14.7887
v  -7.8816 -2.8351 14.8037
v  -7.8841 -2.8623 14.8093
v  -7.8856 -2.8897 14.8038
v  -7.8859 -2.9121 14.7887
v  -7.8851 -2.9273 14.7663
v  -7.8832 -2.9330 14.7389
v  -7.8836 -2.9389 14.7389
v  -7.8856 -2.9328 14.7687
v  -7.8865 -2.9163 14.7929
v  -7.8862 -2.8920 14.8093
v  -7.8846 -2.8623 14.8153
v  -7.8819 -2.8327 14.8093
v  -7.8787 -2.8086 14.7929
v  -7.8754 -2.7923 14.7686
v  -7.8725 -2.7865 14.7389
v  -7.8706 -2.7926 14.7091
v  -7.8700 -2.8091 14.6848
v  -7.8705 -2.8334 14.6684
v  -7.8722 -2.8630 14.6624
v  -7.8748 -2.8927 14.6685
v  -7.8777 -2.9168 14.6849
v  -7.8807 -2.9330 14.7092
v  -7.8778 -2.9188 14.7151
v  -7.8749 -2.9060 14.6957
v  -7.8720 -2.8870 14.6822
v  -7.8691 -2.8632 14.6768
v  -7.8669 -2.8389 14.6810
v  -7.8658 -2.8184 14.6940
v  -7.8659 -2.8043 14.7141
v  -7.8675 -2.7992 14.7390
v  -7.8703 -2.8044 14.7638
v  -7.8736 -2.8183 14.7835
v  -7.8768 -2.8385 14.7964
v  -7.8797 -2.8626 14.8006
v  -7.8815 -2.8864 14.7953
v  -7.8822 -2.9056 14.7819
v  -7.8817 -2.9186 14.7624
v  -7.8802 -2.9234 14.7388
v  -7.8689 -2.9150 14.7170
v  -7.8665 -2.9034 14.6988
v  -7.8641 -2.8859 14.6859
v  -7.8618 -2.8637 14.6802
v  -7.8602 -2.8403 14.6834
v  -7.8594 -2.8204 14.6956
v  -7.8597 -2.8064 14.7147
v  -7.8610 -2.8012 14.7389
v  -7.8632 -2.8063 14.7630
v  -7.8657 -2.8200 14.7822
v  -7.8683 -2.8398 14.7944
v  -7.8706 -2.8631 14.7980
v  -7.8722 -2.8857 14.7923
v  -7.8728 -2.9035 14.7792
v  -7.8724 -2.9151 14.7608
v  -7.8710 -2.9193 14.7388
v  -7.7807 -2.9226 14.7159
v  -7.7785 -2.9102 14.6972
v  -7.7763 -2.8916 14.6846
v  -7.7746 -2.8688 14.6800
v  -7.7736 -2.8460 14.6846
v  -7.7735 -2.8274 14.6972
v  -7.7743 -2.8147 14.7159
v  -7.7758 -2.8100 14.7387
v  -7.7779 -2.8145 14.7615
v  -7.7801 -2.8270 14.7802
v  -7.7823 -2.8455 14.7927
v  -7.7840 -2.8683 14.7974
v  -7.7850 -2.8911 14.7927
v  -7.7852 -2.9098 14.7802
v  -7.7844 -2.9224 14.7615
v  -7.7829 -2.9271 14.7387
v  -7.9897 -2.9231 16.0581
v  -7.9868 -2.9082 16.0359
v  -7.9838 -2.8861 16.0209
v  -7.9812 -2.8589 16.0153
v  -7.9793 -2.8317 16.0208
v  -7.9785 -2.8094 16.0358
v  -7.9789 -2.7942 16.0581
v  -7.9806 -2.7886 16.0855
v  -7.9832 -2.7939 16.1129
v  -7.9864 -2.8089 16.1352
v  -7.9896 -2.8311 16.1502
v  -7.9924 -2.8583 16.1557
v  -7.9943 -2.8855 16.1501
v  -7.9948 -2.9078 16.1351
v  -7.9942 -2.9229 16.1127
v  -7.9923 -2.9285 16.0854
v  -7.9929 -2.9348 16.0854
v  -7.9948 -2.9287 16.1152
v  -7.9956 -2.9122 16.1395
v  -7.9949 -2.8879 16.1558
v  -7.9929 -2.8583 16.1619
v  -7.9899 -2.8287 16.1559
v  -7.9863 -2.8046 16.1395
v  -7.9829 -2.7884 16.1152
v  -7.9800 -2.7825 16.0855
v  -7.9782 -2.7886 16.0558
v  -7.9778 -2.8051 16.0314
v  -7.9787 -2.8293 16.0150
v  -7.9808 -2.8590 16.0090
v  -7.9837 -2.8886 16.0150
v  -7.9869 -2.9127 16.0314
v  -7.9901 -2.9289 16.0557
v  -7.9844 -2.9160 16.0614
v  -7.9818 -2.9028 16.0417
v  -7.9793 -2.8832 16.0285
v  -7.9771 -2.8592 16.0237
v  -7.9757 -2.8352 16.0285
v  -7.9752 -2.8155 16.0417
v  -7.9759 -2.8022 16.0614
v  -7.9775 -2.7973 16.0855
v  -7.9801 -2.8022 16.1094
v  -7.9828 -2.8154 16.1289
v  -7.9855 -2.8348 16.1419
v  -7.9876 -2.8586 16.1469
v  -7.9889 -2.8825 16.1422
v  -7.9892 -2.9023 16.1292
v  -7.9884 -2.9158 16.1096
v  -7.9867 -2.9209 16.0855
v  -7.9761 -2.9145 16.0622
v  -7.9738 -2.9016 16.0434
v  -7.9715 -2.8826 16.0309
v  -7.9695 -2.8597 16.0265
v  -7.9682 -2.8369 16.0314
v  -7.9677 -2.8182 16.0440
v  -7.9682 -2.8058 16.0627
v  -7.9696 -2.8012 16.0855
v  -7.9717 -2.8058 16.1081
v  -7.9740 -2.8180 16.1268
v  -7.9763 -2.8364 16.1395
v  -7.9783 -2.8591 16.1446
v  -7.9797 -2.8823 16.1403
v  -7.9801 -2.9015 16.1278
v  -7.9796 -2.9145 16.1088
v  -7.9782 -2.9193 16.0855
v  -7.8884 -2.9186 16.0625
v  -7.8862 -2.9062 16.0438
v  -7.8840 -2.8876 16.0312
v  -7.8823 -2.8648 16.0266
v  -7.8813 -2.8420 16.0312
v  -7.8812 -2.8234 16.0438
v  -7.8819 -2.8107 16.0625
v  -7.8835 -2.8060 16.0853
v  -7.8856 -2.8105 16.1081
v  -7.8878 -2.8230 16.1268
v  -7.8900 -2.8415 16.1394
v  -7.8917 -2.8643 16.1440
v  -7.8927 -2.8871 16.1394
v  -7.8929 -2.9058 16.1268
v  -7.8921 -2.9184 16.1081
v  -7.8905 -2.9231 16.0853
v  -8.0078 -2.9232 16.2828
v  -8.0048 -2.9082 16.2605
v  -8.0018 -2.8860 16.2454
v  -7.9991 -2.8589 16.2399
v  -7.9971 -2.8316 16.2454
v  -7.9963 -2.8093 16.2605
v  -7.9967 -2.7941 16.2828
v  -7.9983 -2.7884 16.3102
v  -8.0009 -2.7938 16.3376
v  -8.0041 -2.8087 16.3599
v  -8.0074 -2.8309 16.3750
v  -8.0103 -2.8581 16.3805
v  -8.0122 -2.8854 16.3750
v  -8.0128 -2.9078 16.3599
v  -8.0122 -2.9229 16.3375
v  -8.0104 -2.9286 16.3102
v  -8.0109 -2.9346 16.3102
v  -8.0128 -2.9285 16.3399
v  -8.0135 -2.9120 16.3642
v  -8.0128 -2.8877 16.3806
v  -8.0107 -2.8581 16.3866
v  -8.0076 -2.8285 16.3806
v  -8.0040 -2.8044 16.3642
v  -8.0005 -2.7883 16.3399
v  -7.9977 -2.7824 16.3102
v  -7.9959 -2.7886 16.2804
v  -7.9956 -2.8050 16.2561
v  -7.9965 -2.8293 16.2397
v  -7.9987 -2.8589 16.2337
v  -8.0017 -2.8885 16.2397
v  -8.0049 -2.9126 16.2561
v  -8.0081 -2.9288 16.2804
v  -8.0027 -2.9163 16.2859
v  -8.0000 -2.9030 16.2661
v  -7.9974 -2.8833 16.2529
v  -7.9950 -2.8592 16.2480
v  -7.9935 -2.8351 16.2530
v  -7.9930 -2.8153 16.2663
v  -7.9937 -2.8021 16.2861
v  -7.9954 -2.7972 16.3101
v  -7.9980 -2.8021 16.3341
v  -8.0008 -2.8153 16.3535
v  -8.0036 -2.8347 16.3666
v  -8.0059 -2.8584 16.3716
v  -8.0073 -2.8824 16.3670
v  -8.0076 -2.9023 16.3540
v  -8.0068 -2.9159 16.3344
v  -8.0051 -2.9211 16.3102
v  -7.9949 -2.9146 16.2868
v  -7.9924 -2.9017 16.2679
v  -7.9899 -2.8827 16.2553
v  -7.9877 -2.8596 16.2509
v  -7.9862 -2.8368 16.2558
v  -7.9857 -2.8181 16.2685
v  -7.9861 -2.8057 16.2873
v  -7.9875 -2.8012 16.3101
v  -7.9897 -2.8058 16.3327
v  -7.9921 -2.8181 16.3513
v  -7.9945 -2.8364 16.3639
v  -7.9967 -2.8590 16.3690
v  -7.9982 -2.8821 16.3648
v  -7.9987 -2.9013 16.3524
v  -7.9984 -2.9144 16.3335
v  -7.9970 -2.9193 16.3101
v  -7.9072 -2.9192 16.2871
v  -7.9048 -2.9068 16.2685
v  -7.9026 -2.8882 16.2559
v  -7.9007 -2.8655 16.2513
v  -7.8995 -2.8427 16.2559
v  -7.8993 -2.8240 16.2685
v  -7.8999 -2.8114 16.2871
v  -7.9014 -2.8066 16.3100
v  -7.9035 -2.8111 16.3328
v  -7.9059 -2.8236 16.3515
v  -7.9081 -2.8421 16.3640
v  -7.9101 -2.8649 16.3686
v  -7.9113 -2.8877 16.3640
v  -7.9115 -2.9063 16.3515
v  -7.9109 -2.9190 16.3328
v  -7.9094 -2.9237 16.3100
v  -7.8623 -2.9278 14.4871
v  -7.8595 -2.9128 14.4647
v  -7.8568 -2.8905 14.4497
v  -7.8544 -2.8632 14.4441
v  -7.8527 -2.8359 14.4497
v  -7.8520 -2.8135 14.4647
v  -7.8524 -2.7983 14.4871
v  -7.8542 -2.7927 14.5145
v  -7.8571 -2.7981 14.5419
v  -7.8603 -2.8130 14.5642
v  -7.8634 -2.8353 14.5793
v  -7.8659 -2.8626 14.5849
v  -7.8673 -2.8899 14.5794
v  -7.8676 -2.9124 14.5644
v  -7.8667 -2.9276 14.5420
v  -7.8649 -2.9332 14.5145
v  -7.8652 -2.9391 14.5145
v  -7.8672 -2.9330 14.5443
v  -7.8682 -2.9165 14.5685
v  -7.8679 -2.8922 14.5849
v  -7.8664 -2.8625 14.5909
v  -7.8637 -2.8329 14.5849
v  -7.8605 -2.8088 14.5685
v  -7.8573 -2.7925 14.5442
v  -7.8545 -2.7867 14.5144
v  -7.8525 -2.7928 14.4847
v  -7.8519 -2.8093 14.4604
v  -7.8524 -2.8336 14.4440
v  -7.8540 -2.8632 14.4380
v  -7.8565 -2.8929 14.4440
v  -7.8594 -2.9170 14.4605
v  -7.8624 -2.9333 14.4848
v  -7.8597 -2.9190 14.4907
v  -7.8568 -2.9063 14.4712
v  -7.8538 -2.8872 14.4578
v  -7.8510 -2.8634 14.4523
v  -7.8487 -2.8390 14.4565
v  -7.8476 -2.8186 14.4696
v  -7.8477 -2.8044 14.4897
v  -7.8493 -2.7993 14.5146
v  -7.8521 -2.8045 14.5394
v  -7.8554 -2.8185 14.5592
v  -7.8587 -2.8386 14.5721
v  -7.8615 -2.8628 14.5762
v  -7.8634 -2.8866 14.5709
v  -7.8641 -2.9059 14.5575
v  -7.8636 -2.9188 14.5380
v  -7.8620 -2.9237 14.5144
v  -7.8509 -2.9150 14.4926
v  -7.8485 -2.9035 14.4745
v  -7.8460 -2.8861 14.4615
v  -7.8438 -2.8639 14.4558
v  -7.8421 -2.8405 14.4590
v  -7.8413 -2.8205 14.4710
v  -7.8416 -2.8065 14.4902
v  -7.8429 -2.8012 14.5145
v  -7.8450 -2.8064 14.5387
v  -7.8476 -2.8201 14.5579
v  -7.8502 -2.8400 14.5701
v  -7.8526 -2.8633 14.5736
v  -7.8541 -2.8858 14.5678
v  -7.8547 -2.9036 14.5547
v  -7.8543 -2.9152 14.5363
v  -7.8530 -2.9193 14.5144
v  -7.7627 -2.9228 14.4914
v  -7.7604 -2.9104 14.4727
v  -7.7583 -2.8918 14.4602
v  -7.7565 -2.8690 14.4556
v  -7.7556 -2.8462 14.4602
v  -7.7555 -2.8275 14.4728
v  -7.7562 -2.8149 14.4914
v  -7.7577 -2.8102 14.5143
v  -7.7598 -2.8147 14.5371
v  -7.7621 -2.8272 14.5557
v  -7.7642 -2.8457 14.5683
v  -7.7660 -2.8685 14.5729
v  -7.7670 -2.8913 14.5683
v  -7.7671 -2.9100 14.5557
v  -7.7664 -2.9226 14.5371
v  -7.7648 -2.9273 14.5143
v  -8.0257 -2.9232 16.5077
v  -8.0226 -2.9083 16.4853
v  -8.0196 -2.8861 16.4703
v  -8.0168 -2.8589 16.4648
v  -8.0148 -2.8317 16.4703
v  -8.0139 -2.8093 16.4853
v  -8.0143 -2.7941 16.5077
v  -8.0159 -2.7884 16.5350
v  -8.0186 -2.7938 16.5625
v  -8.0218 -2.8087 16.5848
v  -8.0251 -2.8309 16.5999
v  -8.0280 -2.8582 16.6054
v  -8.0300 -2.8855 16.5999
v  -8.0307 -2.9078 16.5848
v  -8.0301 -2.9230 16.5624
v  -8.0283 -2.9286 16.5350
v  -8.0289 -2.9347 16.5350
v  -8.0307 -2.9285 16.5648
v  -8.0313 -2.9121 16.5890
v  -8.0305 -2.8878 16.6054
v  -8.0284 -2.8581 16.6114
v  -8.0252 -2.8286 16.6054
v  -8.0216 -2.8045 16.5891
v  -8.0181 -2.7883 16.5648
v  -8.0152 -2.7825 16.5350
v  -8.0135 -2.7886 16.5053
v  -8.0133 -2.8050 16.4810
v  -8.0143 -2.8293 16.4646
v  -8.0165 -2.8589 16.4585
v  -8.0195 -2.8885 16.4646
v  -8.0228 -2.9126 16.4809
v  -8.0260 -2.9288 16.5053
v  -8.0206 -2.9164 16.5107
v  -8.0178 -2.9032 16.4908
v  -8.0151 -2.8834 16.4774
v  -8.0127 -2.8592 16.4726
v  -8.0111 -2.8350 16.4776
v  -8.0106 -2.8152 16.4910
v  -8.0113 -2.8019 16.5109
v  -8.0131 -2.7971 16.5350
v  -8.0157 -2.8021 16.5589
v  -8.0187 -2.8153 16.5783
v  -8.0216 -2.8347 16.5914
v  -8.0239 -2.8584 16.5963
v  -8.0254 -2.8823 16.5917
v  -8.0257 -2.9022 16.5788
v  -8.0249 -2.9159 16.5593
v  -8.0231 -2.9211 16.5350
v  -8.0128 -2.9147 16.5116
v  -8.0103 -2.9019 16.4925
v  -8.0078 -2.8828 16.4798
v  -8.0056 -2.8597 16.4753
v  -8.0040 -2.8366 16.4803
v  -8.0035 -2.8179 16.4931
v  -8.0039 -2.8055 16.5121
v  -8.0054 -2.8012 16.5350
v  -8.0075 -2.8060 16.5575
v  -8.0100 -2.8183 16.5759
v  -8.0125 -2.8366 16.5884
v  -8.0147 -2.8591 16.5934
v  -8.0162 -2.8819 16.5893
v  -8.0167 -2.9010 16.5770
v  -8.0163 -2.9142 16.5583
v  -8.0150 -2.9193 16.5350
v  -7.9252 -2.9193 16.5120
v  -7.9228 -2.9069 16.4933
v  -7.9205 -2.8883 16.4808
v  -7.9186 -2.8656 16.4761
v  -7.9174 -2.8428 16.4808
v  -7.9171 -2.8241 16.4933
v  -7.9178 -2.8115 16.5120
v  -7.9193 -2.8067 16.5348
v  -7.9214 -2.8112 16.5577
v  -7.9237 -2.8237 16.5763
v  -7.9260 -2.8422 16.5889
v  -7.9280 -2.8650 16.5935
v  -7.9292 -2.8878 16.5889
v  -7.9295 -2.9064 16.5763
v  -7.9289 -2.9191 16.5576
v  -7.9273 -2.9238 16.5348
v  -7.8439 -2.9279 14.2623
v  -7.8412 -2.9128 14.2399
v  -7.8385 -2.8905 14.2248
v  -7.8362 -2.8632 14.2193
v  -7.8346 -2.8359 14.2249
v  -7.8339 -2.8135 14.2399
v  -7.8343 -2.7983 14.2623
v  -7.8361 -2.7927 14.2897
v  -7.8389 -2.7981 14.3171
v  -7.8421 -2.8130 14.3395
v  -7.8452 -2.8353 14.3546
v  -7.8476 -2.8626 14.3602
v  -7.8490 -2.8900 14.3547
v  -7.8493 -2.9124 14.3396
v  -7.8484 -2.9277 14.3172
v  -7.8465 -2.9333 14.2898
v  -7.8468 -2.9391 14.2898
v  -7.8489 -2.9330 14.3195
v  -7.8499 -2.9165 14.3438
v  -7.8496 -2.8922 14.3601
v  -7.8481 -2.8625 14.3661
v  -7.8455 -2.8329 14.3601
v  -7.8424 -2.8088 14.3437
v  -7.8392 -2.7925 14.3194
v  -7.8364 -2.7867 14.2896
v  -7.8344 -2.7928 14.2599
v  -7.8337 -2.8093 14.2356
v  -7.8342 -2.8336 14.2192
v  -7.8357 -2.8633 14.2132
v  -7.8382 -2.8929 14.2193
v  -7.8411 -2.9170 14.2357
v  -7.8440 -2.9333 14.2600
v  -7.8415 -2.9191 14.2659
v  -7.8387 -2.9063 14.2464
v  -7.8358 -2.8872 14.2330
v  -7.8331 -2.8634 14.2277
v  -7.8308 -2.8391 14.2318
v  -7.8297 -2.8187 14.2449
v  -7.8297 -2.8045 14.2649
v  -7.8312 -2.7992 14.2898
v  -7.8339 -2.8044 14.3147
v  -7.8371 -2.8184 14.3345
v  -7.8403 -2.8386 14.3475
v  -7.8432 -2.8628 14.3517
v  -7.8451 -2.8867 14.3464
v  -7.8458 -2.9061 14.3329
v  -7.8453 -2.9190 14.3133
v  -7.8438 -2.9238 14.2896
v  -7.8328 -2.9149 14.2679
v  -7.8304 -2.9034 14.2499
v  -7.8280 -2.8859 14.2370
v  -7.8257 -2.8638 14.2313
v  -7.8241 -2.8406 14.2345
v  -7.8233 -2.8207 14.2464
v  -7.8235 -2.8067 14.2655
v  -7.8248 -2.8012 14.2897
v  -7.8269 -2.8062 14.3139
v  -7.8295 -2.8199 14.3333
v  -7.8321 -2.8398 14.3456
v  -7.8344 -2.8633 14.3492
v  -7.8360 -2.8860 14.3434
v  -7.8366 -2.9038 14.3301
v  -7.8362 -2.9153 14.3115
v  -7.8349 -2.9193 14.2896
v  -7.7446 -2.9228 14.2666
v  -7.7423 -2.9104 14.2480
v  -7.7402 -2.8918 14.2354
v  -7.7384 -2.8690 14.2308
v  -7.7375 -2.8462 14.2354
v  -7.7374 -2.8275 14.2480
v  -7.7381 -2.8149 14.2666
v  -7.7396 -2.8102 14.2895
v  -7.7417 -2.8147 14.3123
v  -7.7440 -2.8272 14.3309
v  -7.7461 -2.8457 14.3435
v  -7.7479 -2.8685 14.3481
v  -7.7489 -2.8913 14.3435
v  -7.7490 -2.9100 14.3309
v  -7.7483 -2.9226 14.3123
v  -7.7467 -2.9273 14.2895
v  -7.9148 -2.6865 15.3850
v  -7.9115 -2.6716 15.3627
v  -7.9080 -2.6495 15.3476
v  -7.9046 -2.6224 15.3421
v  -7.9019 -2.5952 15.3476
v  -7.9004 -2.5729 15.3626
v  -7.9004 -2.5578 15.3850
v  -7.9018 -2.5520 15.4123
v  -7.9046 -2.5573 15.4397
v  -7.9081 -2.5721 15.4620
v  -7.9120 -2.5942 15.4771
v  -7.9156 -2.6213 15.4826
v  -7.9182 -2.6485 15.4771
v  -7.9194 -2.6708 15.4621
v  -7.9192 -2.6860 15.4398
v  -7.9175 -2.6918 15.4124
v  -7.9183 -2.6978 15.4124
v  -7.9200 -2.6916 15.4421
v  -7.9202 -2.6751 15.4664
v  -7.9189 -2.6508 15.4828
v  -7.9161 -2.6212 15.4888
v  -7.9121 -2.5918 15.4828
v  -7.9079 -2.5678 15.4664
v  -7.9040 -2.5517 15.4421
v  -7.9010 -2.5460 15.4123
v  -7.8994 -2.5522 15.3826
v  -7.8997 -2.5686 15.3583
v  -7.9013 -2.5928 15.3419
v  -7.9042 -2.6224 15.3359
v  -7.9080 -2.6519 15.3419
v  -7.9118 -2.6759 15.3583
v  -7.9154 -2.6921 15.3827
v  -7.9097 -2.6798 15.3881
v  -7.9067 -2.6665 15.3682
v  -7.9037 -2.6468 15.3551
v  -7.9007 -2.6228 15.3502
v  -7.8985 -2.5988 15.3552
v  -7.8973 -2.5791 15.3685
v  -7.8975 -2.5658 15.3882
v  -7.8989 -2.5609 15.4123
v  -7.9016 -2.5658 15.4362
v  -7.9048 -2.5788 15.4556
v  -7.9081 -2.5981 15.4687
v  -7.9109 -2.6217 15.4737
v  -7.9130 -2.6457 15.4693
v  -7.9138 -2.6656 15.4564
v  -7.9135 -2.6794 15.4368
v  -7.9120 -2.6847 15.4124
v  -7.9018 -2.6782 15.3889
v  -7.8991 -2.6653 15.3701
v  -7.8962 -2.6463 15.3577
v  -7.8934 -2.6235 15.3533
v  -7.8912 -2.6007 15.3581
v  -7.8900 -2.5821 15.3707
v  -7.8900 -2.5696 15.3894
v  -7.8911 -2.5649 15.4122
v  -7.8933 -2.5695 15.4349
v  -7.8959 -2.5818 15.4535
v  -7.8989 -2.6000 15.4662
v  -7.9016 -2.6226 15.4713
v  -7.9038 -2.6457 15.4672
v  -7.9050 -2.6650 15.4548
v  -7.9051 -2.6782 15.4358
v  -7.9040 -2.6831 15.4123
v  -7.8143 -2.6853 15.3888
v  -7.8117 -2.6729 15.3702
v  -7.8090 -2.6545 15.3576
v  -7.8065 -2.6318 15.3530
v  -7.8046 -2.6090 15.3576
v  -7.8038 -2.5904 15.3701
v  -7.8040 -2.5777 15.3888
v  -7.8052 -2.5729 15.4116
v  -7.8074 -2.5774 15.4345
v  -7.8100 -2.5897 15.4531
v  -7.8127 -2.6082 15.4657
v  -7.8152 -2.6309 15.4704
v  -7.8171 -2.6536 15.4658
v  -7.8180 -2.6723 15.4532
v  -7.8178 -2.6850 15.4345
v  -7.8165 -2.6897 15.4117
v  -7.9324 -2.6858 15.6092
v  -7.9291 -2.6709 15.5868
v  -7.9256 -2.6488 15.5718
v  -7.9221 -2.6217 15.5663
v  -7.9194 -2.5946 15.5718
v  -7.9178 -2.5723 15.5868
v  -7.9176 -2.5571 15.6091
v  -7.9190 -2.5514 15.6365
v  -7.9218 -2.5566 15.6638
v  -7.9254 -2.5714 15.6862
v  -7.9293 -2.5935 15.7012
v  -7.9330 -2.6206 15.7068
v  -7.9357 -2.6478 15.7013
v  -7.9369 -2.6702 15.6862
v  -7.9367 -2.6854 15.6639
v  -7.9351 -2.6911 15.6366
v  -7.9360 -2.6971 15.6365
v  -7.9376 -2.6909 15.6663
v  -7.9378 -2.6744 15.6906
v  -7.9364 -2.6501 15.7069
v  -7.9335 -2.6206 15.7129
v  -7.9295 -2.5911 15.7069
v  -7.9252 -2.5671 15.6905
v  -7.9212 -2.5511 15.6662
v  -7.9182 -2.5453 15.6365
v  -7.9167 -2.5515 15.6067
v  -7.9170 -2.5680 15.5824
v  -7.9187 -2.5922 15.5660
v  -7.9217 -2.6218 15.5600
v  -7.9255 -2.6513 15.5660
v  -7.9294 -2.6753 15.5825
v  -7.9330 -2.6914 15.6068
v  -7.9269 -2.6795 15.6121
v  -7.9241 -2.6659 15.5923
v  -7.9212 -2.6461 15.5792
v  -7.9183 -2.6221 15.5746
v  -7.9162 -2.5982 15.5796
v  -7.9150 -2.5786 15.5928
v  -7.9152 -2.5654 15.6125
v  -7.9166 -2.5606 15.6364
v  -7.9192 -2.5653 15.6602
v  -7.9222 -2.5782 15.6796
v  -7.9254 -2.5974 15.6928
v  -7.9282 -2.6211 15.6980
v  -7.9302 -2.6451 15.6937
v  -7.9310 -2.6653 15.6808
v  -7.9306 -2.6792 15.6611
v  -7.9292 -2.6844 15.6366
v  -7.9193 -2.6780 15.6129
v  -7.9166 -2.6648 15.5941
v  -7.9137 -2.6457 15.5818
v  -7.9109 -2.6228 15.5777
v  -7.9087 -2.6003 15.5827
v  -7.9076 -2.5819 15.5953
v  -7.9075 -2.5696 15.6138
v  -7.9086 -2.5649 15.6364
v  -7.9107 -2.5694 15.6588
v  -7.9134 -2.5813 15.6774
v  -7.9162 -2.5994 15.6903
v  -7.9190 -2.6220 15.6957
v  -7.9212 -2.6452 15.6918
v  -7.9224 -2.6648 15.6794
v  -7.9225 -2.6782 15.6602
v  -7.9214 -2.6831 15.6365
v  -7.8319 -2.6848 15.6130
v  -7.8292 -2.6724 15.5943
v  -7.8265 -2.6540 15.5817
v  -7.8239 -2.6313 15.5771
v  -7.8220 -2.6085 15.5817
v  -7.8212 -2.5899 15.5943
v  -7.8213 -2.5772 15.6129
v  -7.8226 -2.5724 15.6358
v  -7.8247 -2.5769 15.6586
v  -7.8273 -2.5892 15.6773
v  -7.8301 -2.6077 15.6899
v  -7.8327 -2.6304 15.6945
v  -7.8346 -2.6531 15.6899
v  -7.8355 -2.6718 15.6773
v  -7.8353 -2.6845 15.6587
v  -7.8340 -2.6892 15.6358
v  -7.8972 -2.6871 15.1606
v  -7.8939 -2.6722 15.1383
v  -7.8904 -2.6501 15.1232
v  -7.8870 -2.6230 15.1177
v  -7.8844 -2.5958 15.1232
v  -7.8830 -2.5735 15.1382
v  -7.8829 -2.5584 15.1606
v  -7.8844 -2.5526 15.1879
v  -7.8872 -2.5579 15.2153
v  -7.8908 -2.5727 15.2376
v  -7.8946 -2.5948 15.2527
v  -7.8981 -2.6219 15.2582
v  -7.9006 -2.6491 15.2527
v  -7.9018 -2.6715 15.2377
v  -7.9015 -2.6867 15.2154
v  -7.8999 -2.6924 15.1880
v  -7.9005 -2.6984 15.1880
v  -7.9023 -2.6922 15.2178
v  -7.9026 -2.6757 15.2420
v  -7.9013 -2.6515 15.2584
v  -7.8986 -2.6219 15.2644
v  -7.8947 -2.5924 15.2584
v  -7.8905 -2.5684 15.2420
v  -7.8867 -2.5523 15.2177
v  -7.8837 -2.5466 15.1879
v  -7.8821 -2.5528 15.1582
v  -7.8823 -2.5692 15.1339
v  -7.8838 -2.5935 15.1175
v  -7.8867 -2.6230 15.1115
v  -7.8903 -2.6525 15.1175
v  -7.8941 -2.6766 15.1339
v  -7.8976 -2.6927 15.1583
v  -7.8923 -2.6802 15.1637
v  -7.8893 -2.6670 15.1440
v  -7.8863 -2.6473 15.1308
v  -7.8832 -2.6234 15.1258
v  -7.8809 -2.5993 15.1307
v  -7.8796 -2.5795 15.1439
v  -7.8798 -2.5662 15.1637
v  -7.8812 -2.5613 15.1879
v  -7.8839 -2.5662 15.2119
v  -7.8871 -2.5793 15.2313
v  -7.8905 -2.5987 15.2444
v  -7.8934 -2.6224 15.2493
v  -7.8955 -2.6462 15.2448
v  -7.8964 -2.6661 15.2318
v  -7.8961 -2.6797 15.2122
v  -7.8947 -2.6849 15.1880
v  -7.8843 -2.6783 15.1647
v  -7.8816 -2.6656 15.1460
v  -7.8787 -2.6469 15.1335
v  -7.8759 -2.6241 15.1288
v  -7.8737 -2.6012 15.1335
v  -7.8725 -2.5824 15.1460
v  -7.8724 -2.5697 15.1648
v  -7.8735 -2.5649 15.1878
v  -7.8757 -2.5696 15.2107
v  -7.8784 -2.5821 15.2294
v  -7.8813 -2.6005 15.2420
v  -7.8841 -2.6232 15.2469
v  -7.8863 -2.6462 15.2426
v  -7.8875 -2.6653 15.2301
v  -7.8875 -2.6783 15.2112
v  -7.8864 -2.6831 15.1879
v  -7.7968 -2.6858 15.1645
v  -7.7942 -2.6734 15.1458
v  -7.7914 -2.6550 15.1332
v  -7.7889 -2.6323 15.1286
v  -7.7871 -2.6095 15.1332
v  -7.7863 -2.5909 15.1458
v  -7.7865 -2.5782 15.1644
v  -7.7878 -2.5734 15.1872
v  -7.7899 -2.5779 15.2101
v  -7.7925 -2.5902 15.2287
v  -7.7952 -2.6087 15.2413
v  -7.7977 -2.6314 15.2460
v  -7.7996 -2.6542 15.2414
v  -7.8004 -2.6728 15.2288
v  -7.8002 -2.6855 15.2101
v  -7.7989 -2.6902 15.1873
v  -7.9501 -2.6861 15.8337
v  -7.9468 -2.6712 15.8114
v  -7.9432 -2.6491 15.7963
v  -7.9396 -2.6220 15.7908
v  -7.9368 -2.5949 15.7963
v  -7.9352 -2.5726 15.8113
v  -7.9350 -2.5574 15.8337
v  -7.9363 -2.5517 15.8611
v  -7.9391 -2.5569 15.8884
v  -7.9428 -2.5717 15.9108
v  -7.9467 -2.5938 15.9259
v  -7.9505 -2.6209 15.9314
v  -7.9533 -2.6481 15.9259
v  -7.9546 -2.6705 15.9108
v  -7.9544 -2.6857 15.8885
v  -7.9528 -2.6914 15.8611
v  -7.9537 -2.6974 15.8611
v  -7.9553 -2.6912 15.8909
v  -7.9555 -2.6747 15.9151
v  -7.9540 -2.6504 15.9315
v  -7.9510 -2.6208 15.9375
v  -7.9469 -2.5914 15.9315
v  -7.9425 -2.5674 15.9151
v  -7.9385 -2.5514 15.8908
v  -7.9355 -2.5457 15.8611
v  -7.9340 -2.5519 15.8313
v  -7.9343 -2.5683 15.8070
v  -7.9361 -2.5925 15.7906
v  -7.9392 -2.6221 15.7846
v  -7.9431 -2.6516 15.7906
v  -7.9471 -2.6756 15.8070
v  -7.9507 -2.6917 15.8314
v  -7.9448 -2.6796 15.8367
v  -7.9419 -2.6662 15.8169
v  -7.9388 -2.6464 15.8038
v  -7.9358 -2.6224 15.7990
v  -7.9335 -2.5985 15.8040
v  -7.9323 -2.5788 15.8172
v  -7.9324 -2.5655 15.8370
v  -7.9338 -2.5606 15.8610
v  -7.9364 -2.5655 15.8849
v  -7.9396 -2.5785 15.9043
v  -7.9429 -2.5977 15.9174
v  -7.9459 -2.6214 15.9225
v  -7.9480 -2.6454 15.9181
v  -7.9488 -2.6654 15.9052
v  -7.9486 -2.6793 15.8856
v  -7.9471 -2.6845 15.8612
v  -7.9371 -2.6781 15.8376
v  -7.9343 -2.6651 15.8187
v  -7.9313 -2.6460 15.8064
v  -7.9284 -2.6232 15.8021
v  -7.9262 -2.6005 15.8070
v  -7.9250 -2.5819 15.8196
v  -7.9249 -2.5695 15.8383
v  -7.9260 -2.5649 15.8609
v  -7.9282 -2.5694 15.8835
v  -7.9309 -2.5816 15.9021
v  -7.9338 -2.5997 15.9149
v  -7.9367 -2.6223 15.9201
v  -7.9389 -2.6454 15.9161
v  -7.9402 -2.6649 15.9038
v  -7.9403 -2.6782 15.8847
v  -7.9392 -2.6831 15.8610
v  -7.8497 -2.6853 15.8376
v  -7.8470 -2.6730 15.8189
v  -7.8442 -2.6545 15.8063
v  -7.8416 -2.6318 15.8017
v  -7.8396 -2.6091 15.8063
v  -7.8387 -2.5904 15.8189
v  -7.8388 -2.5778 15.8375
v  -7.8401 -2.5730 15.8604
v  -7.8422 -2.5774 15.8832
v  -7.8449 -2.5898 15.9019
v  -7.8477 -2.6082 15.9145
v  -7.8503 -2.6309 15.9191
v  -7.8523 -2.6537 15.9145
v  -7.8532 -2.6723 15.9019
v  -7.8531 -2.6850 15.8832
v  -7.8518 -2.6898 15.8604
v  -7.8795 -2.6878 14.9360
v  -7.8762 -2.6729 14.9136
v  -7.8728 -2.6508 14.8985
v  -7.8695 -2.6236 14.8930
v  -7.8669 -2.5964 14.8985
v  -7.8655 -2.5740 14.9136
v  -7.8655 -2.5589 14.9359
v  -7.8670 -2.5531 14.9633
v  -7.8698 -2.5584 14.9907
v  -7.8733 -2.5733 15.0131
v  -7.8770 -2.5954 15.0282
v  -7.8805 -2.6225 15.0337
v  -7.8830 -2.6498 15.0282
v  -7.8841 -2.6722 15.0132
v  -7.8838 -2.6874 14.9908
v  -7.8822 -2.6932 14.9634
v  -7.8827 -2.6991 14.9634
v  -7.8845 -2.6929 14.9932
v  -7.8848 -2.6764 15.0174
v  -7.8836 -2.6521 15.0338
v  -7.8810 -2.6225 15.0398
v  -7.8772 -2.5930 15.0337
v  -7.8731 -2.5690 15.0174
v  -7.8693 -2.5529 14.9931
v  -7.8663 -2.5472 14.9633
v  -7.8647 -2.5534 14.9336
v  -7.8648 -2.5698 14.9093
v  -7.8663 -2.5941 14.8929
v  -7.8691 -2.6236 14.8869
v  -7.8726 -2.6532 14.8929
v  -7.8763 -2.6772 14.9093
v  -7.8798 -2.6933 14.9337
v  -7.8752 -2.6806 14.9391
v  -7.8722 -2.6675 14.9194
v  -7.8691 -2.6479 14.9061
v  -7.8660 -2.6239 14.9011
v  -7.8636 -2.5998 14.9058
v  -7.8622 -2.5798 14.9191
v  -7.8623 -2.5663 14.9389
v  -7.8637 -2.5613 14.9633
v  -7.8664 -2.5663 14.9875
v  -7.8696 -2.5796 15.0071
v  -7.8730 -2.5991 15.0202
v  -7.8760 -2.6230 15.0251
v  -7.8782 -2.6469 15.0203
v  -7.8791 -2.6667 15.0072
v  -7.8789 -2.6803 14.9876
v  -7.8775 -2.6854 14.9634
v  -7.8671 -2.6783 14.9403
v  -7.8645 -2.6658 14.9217
v  -7.8616 -2.6472 14.9093
v  -7.8588 -2.6246 14.9044
v  -7.8566 -2.6017 14.9088
v  -7.8554 -2.5827 14.9212
v  -7.8553 -2.5698 14.9400
v  -7.8564 -2.5649 14.9632
v  -7.8585 -2.5696 14.9863
v  -7.8612 -2.5822 15.0052
v  -7.8642 -2.6009 15.0178
v  -7.8670 -2.6238 15.0226
v  -7.8691 -2.6468 15.0180
v  -7.8703 -2.6657 15.0053
v  -7.8703 -2.6785 14.9864
v  -7.8692 -2.6831 14.9633
v  -7.7795 -2.6862 14.9398
v  -7.7769 -2.6738 14.9211
v  -7.7743 -2.6553 14.9085
v  -7.7718 -2.6326 14.9039
v  -7.7701 -2.6099 14.9085
v  -7.7693 -2.5912 14.9211
v  -7.7695 -2.5785 14.9398
v  -7.7708 -2.5738 14.9626
v  -7.7729 -2.5782 14.9854
v  -7.7755 -2.5906 15.0041
v  -7.7781 -2.6091 15.0167
v  -7.7806 -2.6318 15.0213
v  -7.7824 -2.6545 15.0167
v  -7.7832 -2.6732 15.0041
v  -7.7830 -2.6859 14.9855
v  -7.7817 -2.6906 14.9626
v  -7.8617 -2.6886 14.7115
v  -7.8585 -2.6736 14.6891
v  -7.8551 -2.6515 14.6740
v  -7.8518 -2.6243 14.6685
v  -7.8493 -2.5970 14.6740
v  -7.8480 -2.5747 14.6891
v  -7.8480 -2.5595 14.7114
v  -7.8495 -2.5538 14.7388
v  -7.8523 -2.5591 14.7662
v  -7.8558 -2.5739 14.7885
v  -7.8595 -2.5960 14.8037
v  -7.8629 -2.6232 14.8093
v  -7.8653 -2.6505 14.8038
v  -7.8663 -2.6729 14.7888
v  -7.8660 -2.6882 14.7664
v  -7.8644 -2.6939 14.7390
v  -7.8649 -2.6997 14.7390
v  -7.8667 -2.6935 14.7687
v  -7.8671 -2.6770 14.7930
v  -7.8660 -2.6527 14.8093
v  -7.8634 -2.6231 14.8153
v  -7.8597 -2.5936 14.8093
v  -7.8556 -2.5696 14.7928
v  -7.8519 -2.5535 14.7685
v  -7.8489 -2.5478 14.7388
v  -7.8473 -2.5540 14.7091
v  -7.8473 -2.5704 14.6848
v  -7.8487 -2.5947 14.6684
v  -7.8514 -2.6243 14.6624
v  -7.8549 -2.6538 14.6684
v  -7.8585 -2.6779 14.6849
v  -7.8620 -2.6940 14.7092
v  -7.8578 -2.6811 14.7147
v  -7.8548 -2.6680 14.6950
v  -7.8516 -2.6485 14.6817
v  -7.8484 -2.6246 14.6766
v  -7.8459 -2.6004 14.6813
v  -7.8444 -2.5804 14.6945
v  -7.8443 -2.5668 14.7144
v  -7.8457 -2.5618 14.7388
v  -7.8484 -2.5668 14.7631
v  -7.8518 -2.5801 14.7827
v  -7.8553 -2.5997 14.7958
v  -7.8584 -2.6236 14.8006
v  -7.8607 -2.6475 14.7958
v  -7.8617 -2.6673 14.7827
v  -7.8616 -2.6808 14.7630
v  -7.8602 -2.6859 14.7389
v  -7.8497 -2.6784 14.7161
v  -7.8470 -2.6660 14.6976
v  -7.8441 -2.6478 14.6851
v  -7.8412 -2.6253 14.6800
v  -7.8389 -2.6023 14.6841
v  -7.8376 -2.5832 14.6965
v  -7.8374 -2.5699 14.7153
v  -7.8385 -2.5650 14.7387
v  -7.8407 -2.5697 14.7621
v  -7.8434 -2.5825 14.7811
v  -7.8465 -2.6015 14.7936
v  -7.8494 -2.6245 14.7981
v  -7.8516 -2.6474 14.7933
v  -7.8528 -2.6661 14.7805
v  -7.8529 -2.6786 14.7617
v  -7.8518 -2.6831 14.7388
v  -7.7620 -2.6870 14.7153
v  -7.7594 -2.6746 14.6967
v  -7.7567 -2.6562 14.6841
v  -7.7542 -2.6335 14.6794
v  -7.7524 -2.6107 14.6840
v  -7.7516 -2.5921 14.6966
v  -7.7518 -2.5794 14.7153
v  -7.7531 -2.5746 14.7381
v  -7.7552 -2.5791 14.7609
v  -7.7578 -2.5914 14.7796
v  -7.7605 -2.6099 14.7922
v  -7.7630 -2.6326 14.7968
v  -7.7649 -2.6554 14.7922
v  -7.7657 -2.6740 14.7797
v  -7.7655 -2.6867 14.7610
v  -7.7642 -2.6914 14.7382
v  -7.9672 -2.6848 16.0581
v  -7.9640 -2.6698 16.0357
v  -7.9604 -2.6477 16.0207
v  -7.9569 -2.6206 16.0152
v  -7.9540 -2.5934 16.0207
v  -7.9523 -2.5712 16.0357
v  -7.9520 -2.5560 16.0580
v  -7.9533 -2.5503 16.0854
v  -7.9561 -2.5555 16.1128
v  -7.9597 -2.5703 16.1352
v  -7.9638 -2.5923 16.1502
v  -7.9676 -2.6194 16.1558
v  -7.9705 -2.6466 16.1503
v  -7.9718 -2.6690 16.1353
v  -7.9715 -2.6843 16.1130
v  -7.9699 -2.6901 16.0855
v  -7.9711 -2.6959 16.0855
v  -7.9727 -2.6897 16.1152
v  -7.9728 -2.6732 16.1395
v  -7.9712 -2.6489 16.1559
v  -7.9681 -2.6194 16.1619
v  -7.9639 -2.5899 16.1559
v  -7.9594 -2.5660 16.1395
v  -7.9554 -2.5499 16.1152
v  -7.9524 -2.5442 16.0854
v  -7.9509 -2.5504 16.0557
v  -7.9514 -2.5669 16.0313
v  -7.9533 -2.5911 16.0150
v  -7.9565 -2.6206 16.0090
v  -7.9605 -2.6501 16.0150
v  -7.9645 -2.6741 16.0314
v  -7.9681 -2.6902 16.0558
v  -7.9617 -2.6791 16.0608
v  -7.9589 -2.6653 16.0409
v  -7.9560 -2.6452 16.0278
v  -7.9532 -2.6210 16.0234
v  -7.9510 -2.5971 16.0286
v  -7.9499 -2.5777 16.0420
v  -7.9501 -2.5647 16.0616
v  -7.9515 -2.5599 16.0853
v  -7.9540 -2.5646 16.1089
v  -7.9571 -2.5773 16.1283
v  -7.9603 -2.5963 16.1416
v  -7.9631 -2.6199 16.1469
v  -7.9650 -2.6441 16.1429
v  -7.9658 -2.6645 16.1302
v  -7.9655 -2.6787 16.1104
v  -7.9640 -2.6842 16.0856
v  -7.9546 -2.6779 16.0615
v  -7.9518 -2.6643 16.0424
v  -7.9487 -2.6448 16.0303
v  -7.9458 -2.6218 16.0266
v  -7.9435 -2.5993 16.0319
v  -7.9423 -2.5813 16.0447
v  -7.9422 -2.5694 16.0631
v  -7.9433 -2.5649 16.0853
v  -7.9455 -2.5692 16.1074
v  -7.9482 -2.5808 16.1257
v  -7.9511 -2.5985 16.1387
v  -7.9540 -2.6209 16.1444
v  -7.9563 -2.6442 16.1410
v  -7.9576 -2.6641 16.1288
v  -7.9579 -2.6779 16.1096
v  -7.9568 -2.6831 16.0854
v  -7.8673 -2.6845 16.0619
v  -7.8646 -2.6721 16.0433
v  -7.8617 -2.6537 16.0307
v  -7.8589 -2.6310 16.0260
v  -7.8568 -2.6083 16.0306
v  -7.8558 -2.5896 16.0432
v  -7.8559 -2.5770 16.0619
v  -7.8571 -2.5722 16.0847
v  -7.8592 -2.5766 16.1076
v  -7.8620 -2.5889 16.1262
v  -7.8649 -2.6074 16.1388
v  -7.8677 -2.6300 16.1434
v  -7.8698 -2.6528 16.1388
v  -7.8708 -2.6714 16.1263
v  -7.8708 -2.6841 16.1076
v  -7.8696 -2.6889 16.0848
v  -7.9852 -2.6864 16.2828
v  -7.9818 -2.6716 16.2604
v  -7.9781 -2.6495 16.2453
v  -7.9744 -2.6224 16.2398
v  -7.9713 -2.5952 16.2452
v  -7.9695 -2.5729 16.2603
v  -7.9692 -2.5577 16.2826
v  -7.9705 -2.5520 16.3100
v  -7.9733 -2.5572 16.3374
v  -7.9771 -2.5720 16.3598
v  -7.9812 -2.5941 16.3749
v  -7.9851 -2.6212 16.3804
v  -7.9880 -2.6483 16.3749
v  -7.9895 -2.6707 16.3599
v  -7.9895 -2.6859 16.3376
v  -7.9880 -2.6917 16.3102
v  -7.9888 -2.6976 16.3102
v  -7.9903 -2.6914 16.3399
v  -7.9904 -2.6749 16.3642
v  -7.9887 -2.6507 16.3806
v  -7.9855 -2.6211 16.3865
v  -7.9813 -2.5917 16.3805
v  -7.9768 -2.5678 16.3641
v  -7.9727 -2.5517 16.3398
v  -7.9697 -2.5460 16.3100
v  -7.9683 -2.5522 16.2803
v  -7.9687 -2.5687 16.2560
v  -7.9707 -2.5929 16.2396
v  -7.9740 -2.6224 16.2336
v  -7.9781 -2.6519 16.2396
v  -7.9821 -2.6759 16.2561
v  -7.9858 -2.6919 16.2804
v  -7.9801 -2.6798 16.2858
v  -7.9771 -2.6666 16.2659
v  -7.9739 -2.6468 16.2526
v  -7.9706 -2.6228 16.2477
v  -7.9681 -2.5987 16.2527
v  -7.9666 -2.5789 16.2660
v  -7.9666 -2.5656 16.2858
v  -7.9679 -2.5607 16.3100
v  -7.9706 -2.5656 16.3340
v  -7.9739 -2.5787 16.3534
v  -7.9774 -2.5980 16.3665
v  -7.9806 -2.6216 16.3715
v  -7.9829 -2.6456 16.3670
v  -7.9839 -2.6655 16.3541
v  -7.9838 -2.6794 16.3345
v  -7.9824 -2.6846 16.3102
v  -7.9723 -2.6783 16.2866
v  -7.9696 -2.6653 16.2678
v  -7.9665 -2.6464 16.2553
v  -7.9635 -2.6235 16.2509
v  -7.9611 -2.6008 16.2557
v  -7.9596 -2.5821 16.2683
v  -7.9594 -2.5695 16.2870
v  -7.9604 -2.5649 16.3099
v  -7.9625 -2.5695 16.3326
v  -7.9653 -2.5818 16.3512
v  -7.9683 -2.6000 16.3639
v  -7.9713 -2.6226 16.3690
v  -7.9737 -2.6457 16.3649
v  -7.9751 -2.6649 16.3525
v  -7.9754 -2.6782 16.3335
v  -7.9744 -2.6831 16.3100
v  -7.8849 -2.6861 16.2863
v  -7.8822 -2.6738 16.2676
v  -7.8794 -2.6554 16.2550
v  -7.8766 -2.6327 16.2503
v  -7.8746 -2.6100 16.2549
v  -7.8735 -2.5913 16.2675
v  -7.8735 -2.5786 16.2862
v  -7.8746 -2.5739 16.3090
v  -7.8767 -2.5783 16.3319
v  -7.8794 -2.5906 16.3505
v  -7.8823 -2.6091 16.3631
v  -7.8850 -2.6317 16.3678
v  -7.8871 -2.6544 16.3632
v  -7.8882 -2.6731 16.3506
v  -7.8882 -2.6858 16.3319
v  -7.8870 -2.6905 16.3091
v  -7.8438 -2.6886 14.4871
v  -7.8407 -2.6737 14.4647
v  -7.8373 -2.6515 14.4496
v  -7.8341 -2.6244 14.4441
v  -7.8317 -2.5971 14.4496
v  -7.8304 -2.5748 14.4647
v  -7.8304 -2.5596 14.4870
v  -7.8319 -2.5539 14.5144
v  -7.8348 -2.5592 14.5418
v  -7.8383 -2.5741 14.5641
v  -7.8419 -2.5962 14.5792
v  -7.8452 -2.6233 14.5848
v  -7.8475 -2.6506 14.5793
v  -7.8485 -2.6730 14.5642
v  -7.8482 -2.6882 14.5419
v  -7.8465 -2.6939 14.5145
v  -7.8470 -2.6999 14.5145
v  -7.8488 -2.6937 14.5442
v  -7.8493 -2.6772 14.5685
v  -7.8482 -2.6529 14.5849
v  -7.8457 -2.6233 14.5909
v  -7.8421 -2.5938 14.5848
v  -7.8381 -2.5698 14.5684
v  -7.8344 -2.5537 14.5441
v  -7.8314 -2.5479 14.5144
v  -7.8298 -2.5541 14.4846
v  -7.8298 -2.5705 14.4603
v  -7.8311 -2.5948 14.4439
v  -7.8337 -2.6244 14.4379
v  -7.8371 -2.6539 14.4440
v  -7.8407 -2.6780 14.4604
v  -7.8441 -2.6941 14.4847
v  -7.8398 -2.6810 14.4904
v  -7.8368 -2.6680 14.4707
v  -7.8337 -2.6485 14.4574
v  -7.8306 -2.6247 14.4523
v  -7.8282 -2.6005 14.4569
v  -7.8268 -2.5805 14.4701
v  -7.8268 -2.5669 14.4900
v  -7.8282 -2.5618 14.5144
v  -7.8309 -2.5668 14.5387
v  -7.8342 -2.5802 14.5583
v  -7.8375 -2.5999 14.5713
v  -7.8405 -2.6237 14.5761
v  -7.8427 -2.6476 14.5712
v  -7.8437 -2.6673 14.5581
v  -7.8435 -2.6807 14.5385
v  -7.8421 -2.6857 14.5144
v  -7.8315 -2.6784 14.4917
v  -7.8289 -2.6661 14.4732
v  -7.8261 -2.6478 14.4607
v  -7.8233 -2.6253 14.4556
v  -7.8212 -2.6024 14.4597
v  -7.8200 -2.5832 14.4720
v  -7.8199 -2.5699 14.4909
v  -7.8210 -2.5650 14.5143
v  -7.8231 -2.5697 14.5377
v  -7.8258 -2.5826 14.5567
v  -7.8287 -2.6015 14.5693
v  -7.8315 -2.6245 14.5737
v  -7.8336 -2.6475 14.5689
v  -7.8347 -2.6661 14.5561
v  -7.8347 -2.6786 14.5372
v  -7.8335 -2.6831 14.5143
v  -7.7437 -2.6865 14.4909
v  -7.7412 -2.6741 14.4722
v  -7.7386 -2.6556 14.4596
v  -7.7363 -2.6329 14.4550
v  -7.7346 -2.6102 14.4596
v  -7.7340 -2.5915 14.4722
v  -7.7342 -2.5788 14.4909
v  -7.7355 -2.5741 14.5137
v  -7.7376 -2.5785 14.5365
v  -7.7401 -2.5909 14.5552
v  -7.7427 -2.6094 14.5678
v  -7.7451 -2.6321 14.5724
v  -7.7468 -2.6549 14.5678
v  -7.7475 -2.6735 14.5552
v  -7.7472 -2.6862 14.5366
v  -7.7459 -2.6910 14.5137
v  -8.0029 -2.6877 16.5076
v  -7.9994 -2.6729 16.4852
v  -7.9955 -2.6509 16.4701
v  -7.9917 -2.6238 16.4646
v  -7.9885 -2.5966 16.4701
v  -7.9865 -2.5743 16.4851
v  -7.9862 -2.5591 16.5075
v  -7.9875 -2.5534 16.5349
v  -7.9904 -2.5586 16.5623
v  -7.9942 -2.5734 16.5847
v  -7.9984 -2.5954 16.5997
v  -8.0024 -2.6225 16.6053
v  -8.0054 -2.6497 16.5998
v  -8.0070 -2.6720 16.5848
v  -8.0071 -2.6872 16.5624
v  -8.0056 -2.6930 16.5350
v  -8.0063 -2.6990 16.5350
v  -8.0078 -2.6928 16.5648
v  -8.0078 -2.6763 16.5891
v  -8.0061 -2.6520 16.6054
v  -8.0028 -2.6225 16.6114
v  -7.9985 -2.5930 16.6053
v  -7.9939 -2.5691 16.5889
v  -7.9898 -2.5531 16.5646
v  -7.9868 -2.5474 16.5349
v  -7.9854 -2.5537 16.5051
v  -7.9859 -2.5701 16.4808
v  -7.9880 -2.5943 16.4644
v  -7.9914 -2.6238 16.4584
v  -7.9955 -2.6533 16.4645
v  -7.9996 -2.6772 16.4809
v  -8.0033 -2.6933 16.5053
v  -7.9982 -2.6806 16.5108
v  -7.9950 -2.6677 16.4909
v  -7.9915 -2.6482 16.4775
v  -7.9878 -2.6242 16.4723
v  -7.9849 -2.6000 16.4770
v  -7.9830 -2.5799 16.4903
v  -7.9828 -2.5663 16.5103
v  -7.9842 -2.5614 16.5349
v  -7.9871 -2.5665 16.5591
v  -7.9907 -2.5799 16.5785
v  -7.9946 -2.5994 16.5914
v  -7.9981 -2.6230 16.5961
v  -8.0007 -2.6467 16.5914
v  -8.0020 -2.6664 16.5785
v  -8.0020 -2.6799 16.5590
v  -8.0007 -2.6852 16.5350
v  -7.9901 -2.6786 16.5119
v  -7.9872 -2.6662 16.4931
v  -7.9841 -2.6478 16.4803
v  -7.9808 -2.6250 16.4753
v  -7.9782 -2.6019 16.4796
v  -7.9766 -2.5826 16.4922
v  -7.9762 -2.5696 16.5113
v  -7.9771 -2.5649 16.5347
v  -7.9793 -2.5699 16.5579
v  -7.9823 -2.5827 16.5765
v  -7.9855 -2.6014 16.5889
v  -7.9887 -2.6240 16.5934
v  -7.9913 -2.6467 16.5889
v  -7.9928 -2.6654 16.5765
v  -7.9931 -2.6782 16.5578
v  -7.9922 -2.6831 16.5349
v  -7.9026 -2.6879 16.5110
v  -7.8999 -2.6756 16.4923
v  -7.8970 -2.6572 16.4797
v  -7.8941 -2.6345 16.4751
v  -7.8920 -2.6118 16.4797
v  -7.8908 -2.5931 16.4922
v  -7.8907 -2.5805 16.5109
v  -7.8918 -2.5757 16.5337
v  -7.8939 -2.5801 16.5566
v  -7.8966 -2.5924 16.5753
v  -7.8995 -2.6109 16.5879
v  -7.9024 -2.6335 16.5925
v  -7.9046 -2.6562 16.5879
v  -7.9058 -2.6749 16.5753
v  -7.9059 -2.6875 16.5567
v  -7.9047 -2.6923 16.5339
v  -7.8259 -2.6884 14.2623
v  -7.8228 -2.6736 14.2399
v  -7.8195 -2.6514 14.2249
v  -7.8164 -2.6243 14.2194
v  -7.8141 -2.5971 14.2248
v  -7.8128 -2.5747 14.2399
v  -7.8129 -2.5596 14.2622
v  -7.8144 -2.5538 14.2896
v  -7.8172 -2.5592 14.3170
v  -7.8206 -2.5740 14.3393
v  -7.8242 -2.5962 14.3544
v  -7.8274 -2.6233 14.3599
v  -7.8297 -2.6506 14.3544
v  -7.8306 -2.6729 14.3394
v  -7.8303 -2.6881 14.3170
v  -7.8286 -2.6938 14.2897
v  -7.8291 -2.6999 14.2897
v  -7.8309 -2.6937 14.3194
v  -7.8314 -2.6772 14.3437
v  -7.8304 -2.6529 14.3601
v  -7.8279 -2.6233 14.3660
v  -7.8244 -2.5937 14.3600
v  -7.8205 -2.5697 14.3436
v  -7.8168 -2.5536 14.3193
v  -7.8139 -2.5478 14.2896
v  -7.8122 -2.5540 14.2598
v  -7.8122 -2.5704 14.2355
v  -7.8135 -2.5947 14.2191
v  -7.8160 -2.6243 14.2131
v  -7.8193 -2.6539 14.2192
v  -7.8229 -2.6779 14.2356
v  -7.8262 -2.6941 14.2599
v  -7.8217 -2.6807 14.2657
v  -7.8189 -2.6677 14.2461
v  -7.8159 -2.6483 14.2329
v  -7.8130 -2.6246 14.2278
v  -7.8107 -2.6005 14.2324
v  -7.8094 -2.5806 14.2455
v  -7.8093 -2.5669 14.2652
v  -7.8107 -2.5618 14.2896
v  -7.8132 -2.5668 14.3139
v  -7.8164 -2.5801 14.3336
v  -7.8196 -2.5998 14.3467
v  -7.8225 -2.6237 14.3514
v  -7.8246 -2.6477 14.3465
v  -7.8255 -2.6673 14.3333
v  -7.8253 -2.6806 14.3136
v  -7.8240 -2.6855 14.2896
v  -7.8132 -2.6783 14.2669
v  -7.8107 -2.6658 14.2486
v  -7.8080 -2.6476 14.2362
v  -7.8054 -2.6252 14.2312
v  -7.8034 -2.6024 14.2353
v  -7.8024 -2.5833 14.2475
v  -7.8023 -2.5700 14.2662
v  -7.8034 -2.5650 14.2895
v  -7.8054 -2.5695 14.3129
v  -7.8080 -2.5823 14.3320
v  -7.8108 -2.6013 14.3448
v  -7.8134 -2.6245 14.3493
v  -7.8154 -2.6475 14.3444
v  -7.8164 -2.6663 14.3315
v  -7.8164 -2.6787 14.3125
v  -7.8152 -2.6831 14.2896
v  -7.7254 -2.6860 14.2661
v  -7.7230 -2.6736 14.2474
v  -7.7205 -2.6551 14.2348
v  -7.7183 -2.6323 14.2302
v  -7.7167 -2.6096 14.2348
v  -7.7162 -2.5909 14.2474
v  -7.7165 -2.5782 14.2661
v  -7.7178 -2.5735 14.2889
v  -7.7199 -2.5779 14.3117
v  -7.7223 -2.5904 14.3304
v  -7.7248 -2.6089 14.3430
v  -7.7271 -2.6316 14.3476
v  -7.7286 -2.6543 14.3430
v  -7.7292 -2.6730 14.3304
v  -7.7289 -2.6857 14.3118
v  -7.7275 -2.6904 14.2889
v  -7.8081 -2.6883 14.0374
v  -7.8050 -2.6734 14.0150
v  -7.8018 -2.6512 13.9999
v  -7.7987 -2.6240 13.9944
v  -7.7965 -2.5968 13.9999
v  -7.7953 -2.5744 14.0150
v  -7.7954 -2.5593 14.0373
v  -7.7969 -2.5536 14.0647
v  -7.7997 -2.5589 14.0921
v  -7.8030 -2.5737 14.1144
v  -7.8065 -2.5959 14.1295
v  -7.8097 -2.6231 14.1351
v  -7.8119 -2.6504 14.1296
v  -7.8128 -2.6728 14.1146
v  -7.8124 -2.6880 14.0922
v  -7.8107 -2.6937 14.0648
v  -7.8112 -2.6996 14.0648
v  -7.8130 -2.6934 14.0945
v  -7.8135 -2.6769 14.1188
v  -7.8126 -2.6527 14.1352
v  -7.8102 -2.6230 14.1411
v  -7.8068 -2.5935 14.1351
v  -7.8029 -2.5695 14.1187
v  -7.7993 -2.5533 14.0944
v  -7.7963 -2.5476 14.0647
v  -7.7947 -2.5537 14.0349
v  -7.7946 -2.5702 14.0106
v  -7.7958 -2.5944 13.9942
v  -7.7982 -2.6241 13.9882
v  -7.8015 -2.6536 13.9943
v  -7.8050 -2.6777 14.0107
v  -7.8083 -2.6938 14.0350
v  -7.8041 -2.6807 14.0406
v  -7.8014 -2.6675 14.0211
v  -7.7985 -2.6480 14.0080
v  -7.7957 -2.6243 14.0030
v  -7.7935 -2.6003 14.0077
v  -7.7922 -2.5804 14.0207
v  -7.7921 -2.5668 14.0404
v  -7.7934 -2.5616 14.0647
v  -7.7958 -2.5665 14.0890
v  -7.7987 -2.5797 14.1088
v  -7.8019 -2.5994 14.1221
v  -7.8047 -2.6235 14.1270
v  -7.8067 -2.6476 14.1221
v  -7.8076 -2.6674 14.1088
v  -7.8075 -2.6807 14.0889
v  -7.8062 -2.6856 14.0647
v  -7.7958 -2.6780 14.0420
v  -7.7933 -2.6654 14.0238
v  -7.7907 -2.6471 14.0116
v  -7.7881 -2.6249 14.0068
v  -7.7861 -2.6023 14.0109
v  -7.7851 -2.5834 14.0230
v  -7.7850 -2.5702 14.0414
v  -7.7860 -2.5650 14.0646
v  -7.7880 -2.5693 14.0880
v  -7.7905 -2.5819 14.1072
v  -7.7933 -2.6009 14.1202
v  -7.7959 -2.6242 14.1249
v  -7.7979 -2.6475 14.1200
v  -7.7989 -2.6664 14.1070
v  -7.7989 -2.6789 14.0878
v  -7.7978 -2.6830 14.0646
v  -7.7080 -2.6857 14.0412
v  -7.7056 -2.6733 14.0225
v  -7.7031 -2.6548 14.0099
v  -7.7009 -2.6321 14.0053
v  -7.6993 -2.6093 14.0099
v  -7.6987 -2.5906 14.0225
v  -7.6991 -2.5780 14.0411
v  -7.7004 -2.5732 14.0640
v  -7.7025 -2.5777 14.0868
v  -7.7049 -2.5901 14.1055
v  -7.7074 -2.6086 14.1181
v  -7.7096 -2.6313 14.1227
v  -7.7112 -2.6541 14.1181
v  -7.7118 -2.6727 14.1055
v  -7.7115 -2.6854 14.0869
v  -7.7101 -2.6902 14.0640
v  -8.0199 -2.6872 16.7317
v  -8.0164 -2.6724 16.7093
v  -8.0126 -2.6504 16.6943
v  -8.0086 -2.6234 16.6887
v  -8.0054 -2.5963 16.6942
v  -8.0058 -2.5741 16.7095
v  -8.0052 -2.5591 16.7316
v  -8.0065 -2.5533 16.7588
v  -8.0095 -2.5585 16.7859
v  -8.0134 -2.5731 16.8081
v  -8.0176 -2.5949 16.8231
v  -8.0216 -2.6218 16.8285
v  -8.0223 -2.6492 16.8237
v  -8.0239 -2.6715 16.8087
v  -8.0241 -2.6867 16.7864
v  -8.0226 -2.6925 16.7590
v  -8.0233 -2.6986 16.7590
v  -8.0246 -2.6924 16.7888
v  -8.0248 -2.6758 16.8131
v  -8.0230 -2.6516 16.8294
v  -8.0221 -2.6217 16.8352
v  -8.0185 -2.5927 16.8294
v  -8.0139 -2.5687 16.8130
v  -8.0088 -2.5528 16.7887
v  -8.0059 -2.5467 16.7587
v  -8.0044 -2.5533 16.7292
v  -8.0052 -2.5694 16.7047
v  -8.0048 -2.5939 16.6885
v  -8.0083 -2.6234 16.6825
v  -8.0125 -2.6529 16.6885
v  -8.0167 -2.6768 16.7049
v  -8.0204 -2.6929 16.7293
v  -8.0148 -2.6801 16.7349
v  -8.0117 -2.6671 16.7151
v  -8.0083 -2.6477 16.7019
v  -8.0047 -2.6238 16.6968
v  -8.0018 -2.5997 16.7014
v  -8.0000 -2.5798 16.7146
v  -7.9997 -2.5662 16.7345
v  -8.0010 -2.5613 16.7589
v  -8.0038 -2.5663 16.7831
v  -8.0073 -2.5796 16.8025
v  -8.0118 -2.5992 16.8146
v  -8.0154 -2.6225 16.8192
v  -8.0171 -2.6464 16.8155
v  -8.0184 -2.6661 16.8026
v  -8.0185 -2.6796 16.7831
v  -8.0172 -2.6848 16.7590
v  -8.0066 -2.6785 16.7358
v  -8.0038 -2.6659 16.7171
v  -8.0006 -2.6473 16.7045
v  -7.9974 -2.6246 16.6997
v  -7.9948 -2.6017 16.7041
v  -7.9932 -2.5826 16.7166
v  -7.9928 -2.5697 16.7355
v  -7.9937 -2.5649 16.7588
v  -7.9959 -2.5697 16.7819
v  -7.9988 -2.5824 16.8006
v  -8.0020 -2.6010 16.8131
v  -8.0052 -2.6237 16.8178
v  -8.0077 -2.6465 16.8134
v  -8.0092 -2.6654 16.8009
v  -8.0096 -2.6783 16.7820
v  -8.0087 -2.6831 16.7589
v  -7.9191 -2.6876 16.7351
v  -7.9164 -2.6752 16.7164
v  -7.9135 -2.6568 16.7038
v  -7.9107 -2.6342 16.6991
v  -7.9085 -2.6114 16.7037
v  -7.9073 -2.5928 16.7163
v  -7.9073 -2.5801 16.7350
v  -7.9083 -2.5753 16.7578
v  -7.9104 -2.5797 16.7806
v  -7.9131 -2.5921 16.7993
v  -7.9161 -2.6105 16.8119
v  -7.9189 -2.6331 16.8166
v  -7.9211 -2.6559 16.8120
v  -7.9223 -2.6745 16.7994
v  -7.9224 -2.6872 16.7807
v  -7.9212 -2.6920 16.7579
v  -7.8858 -2.4504 15.3848
v  -7.8819 -2.4357 15.3624
v  -7.8775 -2.4138 15.3473
v  -7.8728 -2.3868 15.3418
v  -7.8688 -2.3598 15.3473
v  -7.8661 -2.3376 15.3624
v  -7.8652 -2.3224 15.3847
v  -7.8662 -2.3167 15.4121
v  -7.8692 -2.3219 15.4395
v  -7.8735 -2.3365 15.4618
v  -7.8783 -2.3584 15.4768
v  -7.8832 -2.3853 15.4824
v  -7.8871 -2.4123 15.4769
v  -7.8893 -2.4346 15.4619
v  -7.8899 -2.4498 15.4396
v  -7.8886 -2.4556 15.4122
v  -7.8895 -2.4616 15.4122
v  -7.8909 -2.4553 15.4420
v  -7.8903 -2.4388 15.4662
v  -7.8879 -2.4146 15.4826
v  -7.8836 -2.3852 15.4886
v  -7.8783 -2.3560 15.4826
v  -7.8730 -2.3322 15.4662
v  -7.8684 -2.3163 15.4419
v  -7.8652 -2.3107 15.4121
v  -7.8642 -2.3170 15.3824
v  -7.8653 -2.3334 15.3580
v  -7.8681 -2.3575 15.3416
v  -7.8725 -2.3869 15.3356
v  -7.8775 -2.4162 15.3417
v  -7.8823 -2.4400 15.3581
v  -7.8865 -2.4560 15.3825
v  -7.8807 -2.4436 15.3879
v  -7.8774 -2.4305 15.3682
v  -7.8735 -2.4111 15.3550
v  -7.8693 -2.3873 15.3500
v  -7.8656 -2.3634 15.3546
v  -7.8630 -2.3435 15.3678
v  -7.8621 -2.3300 15.3877
v  -7.8631 -2.3249 15.4121
v  -7.8660 -2.3299 15.4363
v  -7.8699 -2.3431 15.4557
v  -7.8742 -2.3625 15.4687
v  -7.8783 -2.3860 15.4735
v  -7.8816 -2.4097 15.4689
v  -7.8835 -2.4296 15.4560
v  -7.8840 -2.4432 15.4364
v  -7.8830 -2.4484 15.4122
v  -7.8726 -2.4420 15.3889
v  -7.8695 -2.4293 15.3703
v  -7.8658 -2.4108 15.3579
v  -7.8620 -2.3884 15.3532
v  -7.8586 -2.3657 15.3576
v  -7.8564 -2.3467 15.3698
v  -7.8554 -2.3336 15.3886
v  -7.8560 -2.3287 15.4119
v  -7.8582 -2.3334 15.4351
v  -7.8614 -2.3460 15.4540
v  -7.8651 -2.3646 15.4666
v  -7.8690 -2.3873 15.4714
v  -7.8723 -2.4103 15.4669
v  -7.8745 -2.4293 15.4544
v  -7.8754 -2.4422 15.4353
v  -7.8747 -2.4469 15.4120
v  -7.7855 -2.4538 15.3877
v  -7.7825 -2.4416 15.3690
v  -7.7790 -2.4232 15.3564
v  -7.7755 -2.4007 15.3518
v  -7.7726 -2.3780 15.3564
v  -7.7708 -2.3594 15.3690
v  -7.7702 -2.3468 15.3877
v  -7.7710 -2.3420 15.4105
v  -7.7732 -2.3464 15.4334
v  -7.7762 -2.3586 15.4521
v  -7.7796 -2.3770 15.4647
v  -7.7832 -2.3995 15.4693
v  -7.7861 -2.4222 15.4647
v  -7.7880 -2.4407 15.4521
v  -7.7885 -2.4534 15.4334
v  -7.7877 -2.4582 15.4106
v  -7.9026 -2.4498 15.6090
v  -7.8987 -2.4351 15.5866
v  -7.8943 -2.4132 15.5715
v  -7.8895 -2.3863 15.5660
v  -7.8854 -2.3593 15.5715
v  -7.8827 -2.3370 15.5865
v  -7.8816 -2.3219 15.6089
v  -7.8826 -2.3161 15.6363
v  -7.8856 -2.3213 15.6637
v  -7.8899 -2.3360 15.6860
v  -7.8948 -2.3578 15.7011
v  -7.8998 -2.3847 15.7066
v  -7.9038 -2.4118 15.7010
v  -7.9061 -2.4340 15.6860
v  -7.9066 -2.4492 15.6637
v  -7.9054 -2.4550 15.6363
v  -7.9065 -2.4610 15.6363
v  -7.9078 -2.4547 15.6661
v  -7.9071 -2.4383 15.6904
v  -7.9046 -2.4141 15.7068
v  -7.9002 -2.3847 15.7127
v  -7.8948 -2.3554 15.7067
v  -7.8894 -2.3317 15.6903
v  -7.8847 -2.3158 15.6660
v  -7.8816 -2.3102 15.6363
v  -7.8805 -2.3165 15.6065
v  -7.8817 -2.3328 15.5822
v  -7.8847 -2.3569 15.5658
v  -7.8891 -2.3863 15.5598
v  -7.8943 -2.4156 15.5658
v  -7.8991 -2.4394 15.5822
v  -7.9034 -2.4554 15.6066
v  -7.8972 -2.4432 15.6120
v  -7.8939 -2.4300 15.5924
v  -7.8901 -2.4105 15.5793
v  -7.8859 -2.3868 15.5744
v  -7.8823 -2.3629 15.5791
v  -7.8798 -2.3432 15.5922
v  -7.8789 -2.3296 15.6119
v  -7.8799 -2.3246 15.6362
v  -7.8827 -2.3294 15.6604
v  -7.8865 -2.3425 15.6799
v  -7.8908 -2.3619 15.6929
v  -7.8949 -2.3855 15.6979
v  -7.8981 -2.4093 15.6934
v  -7.8999 -2.4293 15.6804
v  -7.9005 -2.4430 15.6607
v  -7.8995 -2.4481 15.6363
v  -7.8891 -2.4418 15.6130
v  -7.8860 -2.4289 15.5944
v  -7.8823 -2.4103 15.5821
v  -7.8785 -2.3878 15.5777
v  -7.8752 -2.3653 15.5821
v  -7.8730 -2.3465 15.5944
v  -7.8721 -2.3335 15.6130
v  -7.8727 -2.3286 15.6361
v  -7.8750 -2.3332 15.6592
v  -7.8782 -2.3456 15.6780
v  -7.8819 -2.3640 15.6907
v  -7.8858 -2.3868 15.6958
v  -7.8890 -2.4099 15.6915
v  -7.8912 -2.4291 15.6789
v  -7.8920 -2.4422 15.6597
v  -7.8913 -2.4469 15.6362
v  -7.8021 -2.4533 15.6122
v  -7.7990 -2.4411 15.5935
v  -7.7955 -2.4227 15.5809
v  -7.7919 -2.4002 15.5762
v  -7.7890 -2.3775 15.5809
v  -7.7873 -2.3589 15.5934
v  -7.7867 -2.3463 15.6121
v  -7.7876 -2.3415 15.6350
v  -7.7898 -2.3458 15.6578
v  -7.7929 -2.3581 15.6765
v  -7.7964 -2.3764 15.6891
v  -7.7999 -2.3990 15.6937
v  -7.8029 -2.4216 15.6891
v  -7.8047 -2.4402 15.6765
v  -7.8052 -2.4529 15.6578
v  -7.8043 -2.4577 15.6350
v  -7.8688 -2.4509 15.1605
v  -7.8650 -2.4362 15.1381
v  -7.8606 -2.4142 15.1231
v  -7.8561 -2.3873 15.1175
v  -7.8521 -2.3603 15.1230
v  -7.8495 -2.3381 15.1380
v  -7.8486 -2.3229 15.1604
v  -7.8497 -2.3172 15.1878
v  -7.8527 -2.3223 15.2151
v  -7.8569 -2.3370 15.2375
v  -7.8617 -2.3589 15.2525
v  -7.8665 -2.3858 15.2581
v  -7.8703 -2.4129 15.2526
v  -7.8724 -2.4352 15.2375
v  -7.8729 -2.4503 15.2152
v  -7.8717 -2.4561 15.1878
v  -7.8725 -2.4621 15.1878
v  -7.8739 -2.4559 15.2176
v  -7.8734 -2.4394 15.2419
v  -7.8710 -2.4152 15.2582
v  -7.8669 -2.3857 15.2642
v  -7.8618 -2.3565 15.2582
v  -7.8565 -2.3327 15.2418
v  -7.8520 -2.3168 15.2175
v  -7.8488 -2.3112 15.1878
v  -7.8477 -2.3174 15.1580
v  -7.8487 -2.3338 15.1337
v  -7.8515 -2.3579 15.1173
v  -7.8557 -2.3874 15.1113
v  -7.8606 -2.4167 15.1173
v  -7.8653 -2.4405 15.1337
v  -7.8694 -2.4565 15.1581
v  -7.8638 -2.4438 15.1637
v  -7.8604 -2.4308 15.1440
v  -7.8565 -2.4115 15.1309
v  -7.8523 -2.3878 15.1258
v  -7.8486 -2.3639 15.1304
v  -7.8461 -2.3440 15.1434
v  -7.8452 -2.3303 15.1633
v  -7.8463 -2.3252 15.1878
v  -7.8493 -2.3302 15.2120
v  -7.8532 -2.3435 15.2315
v  -7.8576 -2.3629 15.2445
v  -7.8617 -2.3865 15.2493
v  -7.8650 -2.4102 15.2445
v  -7.8668 -2.4299 15.2315
v  -7.8673 -2.4434 15.2120
v  -7.8662 -2.4486 15.1878
v  -7.8555 -2.4421 15.1648
v  -7.8523 -2.4296 15.1462
v  -7.8486 -2.4113 15.1338
v  -7.8448 -2.3889 15.1289
v  -7.8416 -2.3661 15.1330
v  -7.8394 -2.3469 15.1453
v  -7.8385 -2.3337 15.1642
v  -7.8393 -2.3287 15.1876
v  -7.8416 -2.3335 15.2110
v  -7.8449 -2.3462 15.2298
v  -7.8487 -2.3650 15.2424
v  -7.8525 -2.3877 15.2470
v  -7.8558 -2.4106 15.2424
v  -7.8578 -2.4295 15.2298
v  -7.8585 -2.4422 15.2108
v  -7.8577 -2.4469 15.1877
v  -7.7683 -2.4540 15.1639
v  -7.7652 -2.4417 15.1452
v  -7.7618 -2.4234 15.1326
v  -7.7583 -2.4008 15.1280
v  -7.7555 -2.3781 15.1326
v  -7.7538 -2.3595 15.1452
v  -7.7534 -2.3469 15.1639
v  -7.7544 -2.3421 15.1867
v  -7.7566 -2.3464 15.2095
v  -7.7597 -2.3587 15.2282
v  -7.7631 -2.3771 15.2408
v  -7.7666 -2.3996 15.2454
v  -7.7694 -2.4223 15.2408
v  -7.7711 -2.4409 15.2282
v  -7.7715 -2.4535 15.2096
v  -7.7705 -2.4583 15.1867
v  -7.9196 -2.4501 15.8336
v  -7.9157 -2.4354 15.8113
v  -7.9111 -2.4135 15.7962
v  -7.9063 -2.3867 15.7907
v  -7.9021 -2.3597 15.7962
v  -7.8992 -2.3375 15.8112
v  -7.8980 -2.3223 15.8335
v  -7.8990 -2.3165 15.8609
v  -7.9020 -2.3217 15.8884
v  -7.9064 -2.3363 15.9107
v  -7.9114 -2.3582 15.9258
v  -7.9165 -2.3852 15.9313
v  -7.9206 -2.4122 15.9257
v  -7.9230 -2.4344 15.9107
v  -7.9237 -2.4496 15.8883
v  -7.9225 -2.4553 15.8609
v  -7.9235 -2.4614 15.8609
v  -7.9247 -2.4551 15.8907
v  -7.9240 -2.4386 15.9150
v  -7.9214 -2.4145 15.9314
v  -7.9169 -2.3851 15.9374
v  -7.9114 -2.3559 15.9313
v  -7.9059 -2.3322 15.9150
v  -7.9012 -2.3163 15.8907
v  -7.8980 -2.3107 15.8609
v  -7.8970 -2.3169 15.8312
v  -7.8983 -2.3333 15.8068
v  -7.9013 -2.3574 15.7904
v  -7.9059 -2.3867 15.7844
v  -7.9111 -2.4160 15.7904
v  -7.9161 -2.4398 15.8068
v  -7.9204 -2.4557 15.8312
v  -7.9142 -2.4434 15.8367
v  -7.9107 -2.4302 15.8171
v  -7.9067 -2.4108 15.8040
v  -7.9024 -2.3872 15.7991
v  -7.8987 -2.3634 15.8036
v  -7.8960 -2.3435 15.8167
v  -7.8951 -2.3298 15.8365
v  -7.8962 -2.3246 15.8609
v  -7.8992 -2.3295 15.8852
v  -7.9032 -2.3427 15.9048
v  -7.9077 -2.3621 15.9178
v  -7.9120 -2.3858 15.9227
v  -7.9153 -2.4096 15.9179
v  -7.9172 -2.4295 15.9049
v  -7.9177 -2.4431 15.8852
v  -7.9166 -2.4482 15.8610
v  -7.9059 -2.4420 15.8377
v  -7.9026 -2.4293 15.8191
v  -7.8988 -2.4108 15.8068
v  -7.8949 -2.3883 15.8021
v  -7.8915 -2.3656 15.8064
v  -7.8893 -2.3466 15.8187
v  -7.8885 -2.3335 15.8375
v  -7.8893 -2.3286 15.8608
v  -7.8917 -2.3333 15.8840
v  -7.8951 -2.3459 15.9027
v  -7.8990 -2.3644 15.9153
v  -7.9030 -2.3871 15.9202
v  -7.9063 -2.4101 15.9158
v  -7.9084 -2.4292 15.9033
v  -7.9091 -2.4422 15.8842
v  -7.9083 -2.4469 15.8609
v  -7.8189 -2.4539 15.8374
v  -7.8157 -2.4417 15.8187
v  -7.8120 -2.4233 15.8061
v  -7.8084 -2.4008 15.8015
v  -7.8055 -2.3782 15.8061
v  -7.8038 -2.3596 15.8187
v  -7.8033 -2.3469 15.8373
v  -7.8044 -2.3421 15.8602
v  -7.8067 -2.3464 15.8830
v  -7.8099 -2.3587 15.9017
v  -7.8135 -2.3770 15.9143
v  -7.8172 -2.3995 15.9189
v  -7.8201 -2.4221 15.9143
v  -7.8219 -2.4407 15.9017
v  -7.8223 -2.4534 15.8831
v  -7.8212 -2.4582 15.8602
v  -7.8518 -2.4514 14.9358
v  -7.8480 -2.4367 14.9134
v  -7.8437 -2.4147 14.8984
v  -7.8393 -2.3878 14.8928
v  -7.8354 -2.3607 14.8983
v  -7.8328 -2.3385 14.9133
v  -7.8319 -2.3234 14.9357
v  -7.8331 -2.3176 14.9631
v  -7.8361 -2.3228 14.9905
v  -7.8403 -2.3375 15.0128
v  -7.8450 -2.3594 15.0278
v  -7.8497 -2.3863 15.0333
v  -7.8533 -2.4134 15.0278
v  -7.8554 -2.4357 15.0128
v  -7.8559 -2.4508 14.9905
v  -7.8546 -2.4566 14.9632
v  -7.8554 -2.4627 14.9632
v  -7.8568 -2.4564 14.9929
v  -7.8564 -2.4399 15.0172
v  -7.8541 -2.4157 15.0336
v  -7.8501 -2.3863 15.0396
v  -7.8451 -2.3570 15.0335
v  -7.8399 -2.3332 15.0171
v  -7.8354 -2.3173 14.9928
v  -7.8323 -2.3116 14.9631
v  -7.8311 -2.3179 14.9333
v  -7.8321 -2.3343 14.9090
v  -7.8347 -2.3584 14.8926
v  -7.8388 -2.3879 14.8866
v  -7.8436 -2.4172 14.8926
v  -7.8483 -2.4411 14.9091
v  -7.8523 -2.4570 14.9334
v  -7.8470 -2.4440 14.9391
v  -7.8437 -2.4311 14.9195
v  -7.8399 -2.4119 14.9063
v  -7.8357 -2.3883 14.9012
v  -7.8320 -2.3643 14.9056
v  -7.8295 -2.3443 14.9186
v  -7.8285 -2.3306 14.9385
v  -7.8295 -2.3254 14.9631
v  -7.8323 -2.3305 14.9875
v  -7.8362 -2.3439 15.0070
v  -7.8405 -2.3634 15.0199
v  -7.8446 -2.3870 15.0246
v  -7.8479 -2.4107 15.0197
v  -7.8497 -2.4303 15.0067
v  -7.8503 -2.4437 14.9871
v  -7.8493 -2.4487 14.9631
v  -7.8384 -2.4421 14.9403
v  -7.8354 -2.4297 14.9219
v  -7.8319 -2.4115 14.9095
v  -7.8282 -2.3893 14.9045
v  -7.8250 -2.3665 14.9084
v  -7.8228 -2.3473 14.9205
v  -7.8219 -2.3338 14.9393
v  -7.8226 -2.3287 14.9629
v  -7.8248 -2.3335 14.9865
v  -7.8279 -2.3463 15.0055
v  -7.8316 -2.3653 15.0181
v  -7.8354 -2.3883 15.0225
v  -7.8385 -2.4111 15.0177
v  -7.8406 -2.4299 15.0049
v  -7.8413 -2.4424 14.9860
v  -7.8405 -2.4469 14.9630
v  -7.7511 -2.4540 14.9389
v  -7.7482 -2.4417 14.9202
v  -7.7449 -2.4234 14.9076
v  -7.7416 -2.4008 14.9030
v  -7.7389 -2.3781 14.9076
v  -7.7373 -2.3595 14.9202
v  -7.7368 -2.3469 14.9388
v  -7.7377 -2.3421 14.9617
v  -7.7399 -2.3464 14.9845
v  -7.7428 -2.3587 15.0032
v  -7.7461 -2.3771 15.0158
v  -7.7495 -2.3997 15.0204
v  -7.7522 -2.4223 15.0158
v  -7.7538 -2.4409 15.0032
v  -7.7542 -2.4536 14.9846
v  -7.7533 -2.4584 14.9617
v  -7.8347 -2.4518 14.7114
v  -7.8309 -2.4370 14.6890
v  -7.8267 -2.4151 14.6740
v  -7.8224 -2.3881 14.6685
v  -7.8186 -2.3611 14.6739
v  -7.8161 -2.3389 14.6889
v  -7.8152 -2.3237 14.7113
v  -7.8164 -2.3179 14.7387
v  -7.8194 -2.3231 14.7661
v  -7.8236 -2.3378 14.7884
v  -7.8282 -2.3597 14.8035
v  -7.8328 -2.3867 14.8090
v  -7.8364 -2.4138 14.8035
v  -7.8384 -2.4361 14.7884
v  -7.8388 -2.4513 14.7661
v  -7.8375 -2.4570 14.7387
v  -7.8382 -2.4631 14.7387
v  -7.8397 -2.4568 14.7685
v  -7.8393 -2.4403 14.7927
v  -7.8371 -2.4161 14.8091
v  -7.8333 -2.3867 14.8151
v  -7.8283 -2.3573 14.8091
v  -7.8232 -2.3335 14.7927
v  -7.8188 -2.3176 14.7684
v  -7.8157 -2.3119 14.7387
v  -7.8145 -2.3182 14.7089
v  -7.8154 -2.3346 14.6846
v  -7.8180 -2.3587 14.6682
v  -7.8219 -2.3882 14.6622
v  -7.8266 -2.4175 14.6682
v  -7.8312 -2.4414 14.6846
v  -7.8352 -2.4574 14.7090
v  -7.8300 -2.4441 14.7148
v  -7.8266 -2.4313 14.6953
v  -7.8228 -2.4121 14.6821
v  -7.8186 -2.3886 14.6770
v  -7.8149 -2.3647 14.6813
v  -7.8125 -2.3447 14.6943
v  -7.8116 -2.3308 14.7141
v  -7.8127 -2.3256 14.7387
v  -7.8156 -2.3306 14.7632
v  -7.8196 -2.3440 14.7828
v  -7.8239 -2.3636 14.7957
v  -7.8280 -2.3873 14.8004
v  -7.8313 -2.4111 14.7954
v  -7.8330 -2.4307 14.7823
v  -7.8335 -2.4439 14.7627
v  -7.8324 -2.4489 14.7387
v  -7.8212 -2.4422 14.7160
v  -7.8181 -2.4299 14.6977
v  -7.8146 -2.4118 14.6852
v  -7.8109 -2.3896 14.6801
v  -7.8078 -2.3668 14.6839
v  -7.8057 -2.3474 14.6960
v  -7.8050 -2.3338 14.7149
v  -7.8058 -2.3287 14.7386
v  -7.8082 -2.3335 14.7622
v  -7.8115 -2.3465 14.7812
v  -7.8152 -2.3655 14.7938
v  -7.8190 -2.3885 14.7981
v  -7.8220 -2.4114 14.7932
v  -7.8239 -2.4300 14.7804
v  -7.8244 -2.4424 14.7615
v  -7.8235 -2.4469 14.7386
v  -7.7339 -2.4541 14.7152
v  -7.7309 -2.4418 14.6965
v  -7.7275 -2.4234 14.6839
v  -7.7243 -2.4009 14.6793
v  -7.7217 -2.3782 14.6839
v  -7.7202 -2.3595 14.6965
v  -7.7200 -2.3469 14.7151
v  -7.7210 -2.3421 14.7380
v  -7.7233 -2.3464 14.7608
v  -7.7263 -2.3587 14.7795
v  -7.7297 -2.3771 14.7921
v  -7.7330 -2.3997 14.7967
v  -7.7356 -2.4223 14.7921
v  -7.7371 -2.4410 14.7795
v  -7.7374 -2.4536 14.7608
v  -7.7362 -2.4584 14.7380
v  -7.9361 -2.4490 16.0579
v  -7.9321 -2.4342 16.0355
v  -7.9276 -2.4123 16.0205
v  -7.9226 -2.3854 16.0149
v  -7.9183 -2.3584 16.0204
v  -7.9154 -2.3363 16.0355
v  -7.9142 -2.3212 16.0578
v  -7.9151 -2.3154 16.0852
v  -7.9181 -2.3205 16.1126
v  -7.9224 -2.3351 16.1349
v  -7.9275 -2.3569 16.1500
v  -7.9327 -2.3838 16.1555
v  -7.9369 -2.4108 16.1501
v  -7.9394 -2.4331 16.1351
v  -7.9400 -2.4483 16.1127
v  -7.9389 -2.4542 16.0853
v  -7.9401 -2.4600 16.0853
v  -7.9413 -2.4537 16.1151
v  -7.9405 -2.4372 16.1393
v  -7.9378 -2.4131 16.1557
v  -7.9332 -2.3837 16.1617
v  -7.9275 -2.3545 16.1557
v  -7.9219 -2.3308 16.1393
v  -7.9171 -2.3150 16.1150
v  -7.9139 -2.3094 16.0852
v  -7.9130 -2.3157 16.0554
v  -7.9144 -2.3321 16.0311
v  -7.9175 -2.3561 16.0147
v  -7.9222 -2.3855 16.0087
v  -7.9276 -2.4147 16.0148
v  -7.9327 -2.4385 16.0312
v  -7.9370 -2.4544 16.0555
v  -7.9305 -2.4430 16.0607
v  -7.9272 -2.4295 16.0410
v  -7.9233 -2.4098 16.0279
v  -7.9190 -2.3860 16.0232
v  -7.9153 -2.3622 16.0281
v  -7.9127 -2.3426 16.0413
v  -7.9118 -2.3293 16.0610
v  -7.9127 -2.3242 16.0851
v  -7.9155 -2.3290 16.1091
v  -7.9194 -2.3420 16.1286
v  -7.9238 -2.3611 16.1416
v  -7.9279 -2.3845 16.1468
v  -7.9313 -2.4085 16.1425
v  -7.9333 -2.4286 16.1297
v  -7.9338 -2.4427 16.1099
v  -7.9329 -2.4480 16.0853
v  -7.9230 -2.4417 16.0616
v  -7.9197 -2.4286 16.0429
v  -7.9157 -2.4097 16.0307
v  -7.9116 -2.3871 16.0265
v  -7.9081 -2.3647 16.0312
v  -7.9057 -2.3461 16.0436
v  -7.9047 -2.3334 16.0621
v  -7.9053 -2.3286 16.0850
v  -7.9075 -2.3331 16.1078
v  -7.9108 -2.3453 16.1265
v  -7.9148 -2.3635 16.1393
v  -7.9188 -2.3860 16.1445
v  -7.9224 -2.4091 16.1406
v  -7.9248 -2.4286 16.1282
v  -7.9259 -2.4420 16.1090
v  -7.9252 -2.4469 16.0851
v  -7.8361 -2.4537 16.0610
v  -7.8329 -2.4414 16.0423
v  -7.8291 -2.4231 16.0297
v  -7.8253 -2.4006 16.0251
v  -7.8221 -2.3780 16.0297
v  -7.8200 -2.3595 16.0423
v  -7.8193 -2.3469 16.0610
v  -7.8201 -2.3420 16.0838
v  -7.8224 -2.3464 16.1066
v  -7.8256 -2.3586 16.1253
v  -7.8293 -2.3769 16.1379
v  -7.8332 -2.3994 16.1426
v  -7.8364 -2.4220 16.1379
v  -7.8385 -2.4405 16.1254
v  -7.8392 -2.4531 16.1067
v  -7.8384 -2.4580 16.0838
v  -7.9532 -2.4507 16.2824
v  -7.9492 -2.4361 16.2601
v  -7.9445 -2.4142 16.2450
v  -7.9394 -2.3873 16.2394
v  -7.9349 -2.3604 16.2449
v  -7.9317 -2.3382 16.2599
v  -7.9304 -2.3231 16.2823
v  -7.9313 -2.3173 16.3097
v  -7.9344 -2.3224 16.3371
v  -7.9389 -2.3370 16.3595
v  -7.9441 -2.3588 16.3745
v  -7.9494 -2.3856 16.3800
v  -7.9537 -2.4126 16.3746
v  -7.9564 -2.4349 16.3596
v  -7.9572 -2.4501 16.3372
v  -7.9561 -2.4559 16.3098
v  -7.9571 -2.4618 16.3099
v  -7.9582 -2.4555 16.3396
v  -7.9574 -2.4391 16.3639
v  -7.9545 -2.4149 16.3802
v  -7.9498 -2.3856 16.3862
v  -7.9441 -2.3564 16.3802
v  -7.9384 -2.3327 16.3638
v  -7.9336 -2.3169 16.3395
v  -7.9304 -2.3114 16.3097
v  -7.9295 -2.3176 16.2799
v  -7.9309 -2.3340 16.2556
v  -7.9342 -2.3581 16.2392
v  -7.9390 -2.3874 16.2332
v  -7.9445 -2.4166 16.2393
v  -7.9496 -2.4404 16.2557
v  -7.9540 -2.4563 16.2801
v  -7.9483 -2.4438 16.2856
v  -7.9447 -2.4308 16.2659
v  -7.9406 -2.4115 16.2527
v  -7.9359 -2.3879 16.2476
v  -7.9316 -2.3640 16.2521
v  -7.9285 -2.3440 16.2652
v  -7.9272 -2.3303 16.2851
v  -7.9280 -2.3251 16.3097
v  -7.9310 -2.3301 16.3341
v  -7.9353 -2.3435 16.3536
v  -7.9400 -2.3629 16.3665
v  -7.9446 -2.3864 16.3713
v  -7.9484 -2.4101 16.3666
v  -7.9507 -2.4298 16.3536
v  -7.9515 -2.4434 16.3340
v  -7.9507 -2.4485 16.3098
v  -7.9400 -2.4421 16.2867
v  -7.9367 -2.4296 16.2682
v  -7.9327 -2.4113 16.2558
v  -7.9285 -2.3891 16.2509
v  -7.9247 -2.3663 16.2549
v  -7.9220 -2.3471 16.2671
v  -7.9208 -2.3337 16.2859
v  -7.9213 -2.3286 16.3095
v  -7.9236 -2.3335 16.3330
v  -7.9271 -2.3463 16.3519
v  -7.9312 -2.3651 16.3645
v  -7.9355 -2.3879 16.3690
v  -7.9392 -2.4107 16.3644
v  -7.9417 -2.4295 16.3518
v  -7.9428 -2.4423 16.3328
v  -7.9422 -2.4469 16.3096
v  -7.8531 -2.4557 16.2854
v  -7.8499 -2.4435 16.2667
v  -7.8461 -2.4253 16.2541
v  -7.8422 -2.4028 16.2494
v  -7.8390 -2.3802 16.2540
v  -7.8368 -2.3616 16.2666
v  -7.8361 -2.3490 16.2853
v  -7.8368 -2.3442 16.3081
v  -7.8390 -2.3485 16.3310
v  -7.8422 -2.3607 16.3497
v  -7.8460 -2.3790 16.3623
v  -7.8499 -2.4015 16.3669
v  -7.8532 -2.4240 16.3623
v  -7.8553 -2.4426 16.3497
v  -7.8561 -2.4552 16.3311
v  -7.8553 -2.4600 16.3082
v  -7.8175 -2.4521 14.4869
v  -7.8138 -2.4373 14.4646
v  -7.8097 -2.4153 14.4495
v  -7.8054 -2.3884 14.4440
v  -7.8018 -2.3613 14.4494
v  -7.7993 -2.3390 14.4644
v  -7.7985 -2.3239 14.4868
v  -7.7997 -2.3181 14.5142
v  -7.8027 -2.3233 14.5416
v  -7.8068 -2.3380 14.5639
v  -7.8114 -2.3600 14.5790
v  -7.8159 -2.3869 14.5845
v  -7.8194 -2.4140 14.5790
v  -7.8213 -2.4363 14.5640
v  -7.8216 -2.4515 14.5417
v  -7.8203 -2.4573 14.5143
v  -7.8210 -2.4633 14.5143
v  -7.8225 -2.4571 14.5441
v  -7.8222 -2.4406 14.5683
v  -7.8201 -2.4164 14.5847
v  -7.8163 -2.3869 14.5907
v  -7.8115 -2.3575 14.5846
v  -7.8065 -2.3337 14.5682
v  -7.8022 -2.3178 14.5439
v  -7.7991 -2.3121 14.5142
v  -7.7979 -2.3184 14.4844
v  -7.7987 -2.3348 14.4601
v  -7.8011 -2.3590 14.4437
v  -7.8050 -2.3884 14.4377
v  -7.8096 -2.4178 14.4438
v  -7.8141 -2.4417 14.4602
v  -7.8180 -2.4577 14.4846
v  -7.8130 -2.4444 14.4903
v  -7.8097 -2.4315 14.4708
v  -7.8059 -2.4124 14.4576
v  -7.8019 -2.3888 14.4524
v  -7.7982 -2.3648 14.4567
v  -7.7958 -2.3448 14.4697
v  -7.7949 -2.3309 14.4896
v  -7.7959 -2.3257 14.5142
v  -7.7988 -2.3307 14.5387
v  -7.8027 -2.3442 14.5583
v  -7.8069 -2.3638 14.5713
v  -7.8110 -2.3876 14.5759
v  -7.8142 -2.4113 14.5709
v  -7.8160 -2.4308 14.5578
v  -7.8165 -2.4441 14.5382
v  -7.8154 -2.4491 14.5142
v  -7.8043 -2.4422 14.4916
v  -7.8013 -2.4300 14.4733
v  -7.7979 -2.4120 14.4608
v  -7.7943 -2.3898 14.4557
v  -7.7912 -2.3669 14.4594
v  -7.7892 -2.3475 14.4715
v  -7.7884 -2.3339 14.4903
v  -7.7891 -2.3287 14.5141
v  -7.7914 -2.3335 14.5378
v  -7.7946 -2.3465 14.5569
v  -7.7982 -2.3657 14.5694
v  -7.8019 -2.3887 14.5737
v  -7.8049 -2.4115 14.5687
v  -7.8068 -2.4301 14.5558
v  -7.8073 -2.4425 14.5370
v  -7.8065 -2.4469 14.5141
v  -7.7170 -2.4540 14.4904
v  -7.7140 -2.4417 14.4717
v  -7.7108 -2.4233 14.4591
v  -7.7076 -2.4007 14.4545
v  -7.7051 -2.3781 14.4591
v  -7.7036 -2.3594 14.4716
v  -7.7033 -2.3468 14.4903
v  -7.7044 -2.3420 14.5131
v  -7.7065 -2.3463 14.5360
v  -7.7094 -2.3586 14.5546
v  -7.7127 -2.3770 14.5672
v  -7.7159 -2.3996 14.5719
v  -7.7185 -2.4223 14.5673
v  -7.7200 -2.4409 14.5547
v  -7.7202 -2.4536 14.5361
v  -7.7192 -2.4584 14.5132
v  -7.9701 -2.4521 16.5073
v  -7.9660 -2.4375 16.4849
v  -7.9612 -2.4157 16.4698
v  -7.9560 -2.3889 16.4643
v  -7.9512 -2.3620 16.4697
v  -7.9478 -2.3398 16.4847
v  -7.9462 -2.3247 16.5071
v  -7.9471 -2.3189 16.5345
v  -7.9504 -2.3240 16.5619
v  -7.9551 -2.3386 16.5842
v  -7.9605 -2.3603 16.5992
v  -7.9659 -2.3871 16.6048
v  -7.9703 -2.4141 16.5993
v  -7.9731 -2.4363 16.5843
v  -7.9740 -2.4515 16.5620
v  -7.9729 -2.4573 16.5347
v  -7.9739 -2.4633 16.5347
v  -7.9750 -2.4570 16.5644
v  -7.9741 -2.4405 16.5887
v  -7.9711 -2.4164 16.6050
v  -7.9663 -2.3870 16.6110
v  -7.9605 -2.3579 16.6050
v  -7.9547 -2.3342 16.5886
v  -7.9498 -2.3185 16.5642
v  -7.9466 -2.3129 16.5345
v  -7.9458 -2.3192 16.5047
v  -7.9473 -2.3356 16.4804
v  -7.9507 -2.3596 16.4640
v  -7.9556 -2.3889 16.4580
v  -7.9612 -2.4181 16.4641
v  -7.9664 -2.4419 16.4805
v  -7.9708 -2.4577 16.5049
v  -7.9654 -2.4445 16.5107
v  -7.9617 -2.4318 16.4911
v  -7.9572 -2.4129 16.4778
v  -7.9521 -2.3895 16.4725
v  -7.9473 -2.3655 16.4766
v  -7.9438 -2.3453 16.4895
v  -7.9421 -2.3312 16.5096
v  -7.9430 -2.3261 16.5346
v  -7.9462 -2.3312 16.5592
v  -7.9509 -2.3449 16.5787
v  -7.9561 -2.3644 16.5913
v  -7.9612 -2.3879 16.5957
v  -7.9653 -2.4113 16.5908
v  -7.9678 -2.4306 16.5778
v  -7.9687 -2.4438 16.5584
v  -7.9679 -2.4490 16.5345
v  -7.9566 -2.4425 16.5120
v  -7.9532 -2.4305 16.4937
v  -7.9492 -2.4128 16.4809
v  -7.9447 -2.3907 16.4755
v  -7.9407 -2.3677 16.4788
v  -7.9377 -2.3479 16.4909
v  -7.9362 -2.3339 16.5101
v  -7.9366 -2.3287 16.5343
v  -7.9391 -2.3339 16.5584
v  -7.9428 -2.3474 16.5773
v  -7.9473 -2.3666 16.5894
v  -7.9518 -2.3894 16.5933
v  -7.9557 -2.4118 16.5883
v  -7.9583 -2.4301 16.5756
v  -7.9594 -2.4424 16.5570
v  -7.9588 -2.4469 16.5344
v  -7.8697 -2.4578 16.5101
v  -7.8664 -2.4456 16.4915
v  -7.8626 -2.4273 16.4788
v  -7.8586 -2.4049 16.4742
v  -7.8552 -2.3823 16.4788
v  -7.8530 -2.3637 16.4914
v  -7.8521 -2.3511 16.5100
v  -7.8529 -2.3463 16.5329
v  -7.8551 -2.3506 16.5558
v  -7.8583 -2.3628 16.5744
v  -7.8622 -2.3810 16.5870
v  -7.8662 -2.4035 16.5917
v  -7.8696 -2.4261 16.5871
v  -7.8719 -2.4446 16.5745
v  -7.8727 -2.4572 16.5559
v  -7.8720 -2.4621 16.5330
v  -7.8003 -2.4520 14.2621
v  -7.7967 -2.4372 14.2398
v  -7.7924 -2.4152 14.2247
v  -7.7884 -2.3882 14.2191
v  -7.7849 -2.3611 14.2246
v  -7.7830 -2.3388 14.2397
v  -7.7825 -2.3236 14.2620
v  -7.7830 -2.3178 14.2894
v  -7.7867 -2.3231 14.3167
v  -7.7905 -2.3378 14.3391
v  -7.7947 -2.3598 14.3542
v  -7.7989 -2.3868 14.3598
v  -7.8023 -2.4139 14.3543
v  -7.8041 -2.4363 14.3392
v  -7.8044 -2.4514 14.3169
v  -7.8031 -2.4572 14.2895
v  -7.8038 -2.4632 14.2895
v  -7.8052 -2.4570 14.3193
v  -7.8050 -2.4405 14.3436
v  -7.8030 -2.4162 14.3599
v  -7.7993 -2.3867 14.3659
v  -7.7948 -2.3574 14.3598
v  -7.7902 -2.3335 14.3434
v  -7.7861 -2.3175 14.3191
v  -7.7823 -2.3119 14.2894
v  -7.7811 -2.3182 14.2596
v  -7.7820 -2.3346 14.2353
v  -7.7842 -2.3588 14.2189
v  -7.7880 -2.3883 14.2129
v  -7.7925 -2.4176 14.2190
v  -7.7968 -2.4416 14.2354
v  -7.8008 -2.4576 14.2598
v  -7.7959 -2.4443 14.2655
v  -7.7927 -2.4313 14.2460
v  -7.7887 -2.4123 14.2325
v  -7.7852 -2.3886 14.2276
v  -7.7822 -2.3647 14.2324
v  -7.7805 -2.3452 14.2457
v  -7.7801 -2.3319 14.2653
v  -7.7812 -2.3268 14.2893
v  -7.7836 -2.3314 14.3134
v  -7.7868 -2.3443 14.3330
v  -7.7905 -2.3636 14.3463
v  -7.7941 -2.3874 14.3512
v  -7.7971 -2.4112 14.3463
v  -7.7988 -2.4309 14.3332
v  -7.7992 -2.4441 14.3135
v  -7.7982 -2.4491 14.2894
v  -7.7873 -2.4420 14.2668
v  -7.7843 -2.4301 14.2482
v  -7.7809 -2.4121 14.2352
v  -7.7775 -2.3895 14.2306
v  -7.7747 -2.3668 14.2352
v  -7.7730 -2.3483 14.2477
v  -7.7726 -2.3356 14.2664
v  -7.7734 -2.3309 14.2892
v  -7.7756 -2.3352 14.3121
v  -7.7785 -2.3475 14.3308
v  -7.7819 -2.3659 14.3434
v  -7.7853 -2.3885 14.3480
v  -7.7881 -2.4111 14.3434
v  -7.7898 -2.4298 14.3309
v  -7.7903 -2.4426 14.3123
v  -7.7894 -2.4468 14.2894
v  -7.6998 -2.4533 14.2655
v  -7.6970 -2.4410 14.2469
v  -7.6939 -2.4226 14.2343
v  -7.6908 -2.4000 14.2296
v  -7.6884 -2.3773 14.2342
v  -7.6870 -2.3587 14.2468
v  -7.6868 -2.3460 14.2654
v  -7.6878 -2.3412 14.2883
v  -7.6900 -2.3456 14.3111
v  -7.6928 -2.3579 14.3298
v  -7.6960 -2.3763 14.3424
v  -7.6991 -2.3989 14.3471
v  -7.7015 -2.4216 14.3425
v  -7.7029 -2.4402 14.3299
v  -7.7031 -2.4529 14.3112
v  -7.7020 -2.4577 14.2884
v  -7.7830 -2.4517 14.0372
v  -7.7794 -2.4369 14.0149
v  -7.7754 -2.4148 13.9998
v  -7.7714 -2.3878 13.9943
v  -7.7680 -2.3607 13.9998
v  -7.7658 -2.3385 14.0148
v  -7.7651 -2.3233 14.0371
v  -7.7663 -2.3176 14.0645
v  -7.7692 -2.3228 14.0919
v  -7.7731 -2.3375 14.1143
v  -7.7775 -2.3595 14.1294
v  -7.7818 -2.3865 14.1349
v  -7.7851 -2.4137 14.1294
v  -7.7869 -2.4360 14.1144
v  -7.7871 -2.4512 14.0920
v  -7.7858 -2.4570 14.0646
v  -7.7865 -2.4629 14.0646
v  -7.7880 -2.4567 14.0944
v  -7.7878 -2.4402 14.1186
v  -7.7859 -2.4160 14.1350
v  -7.7823 -2.3865 14.1410
v  -7.7777 -2.3571 14.1350
v  -7.7729 -2.3332 14.1186
v  -7.7686 -2.3173 14.0943
v  -7.7656 -2.3116 14.0645
v  -7.7643 -2.3178 14.0348
v  -7.7649 -2.3342 14.0104
v  -7.7671 -2.3584 13.9941
v  -7.7707 -2.3879 13.9881
v  -7.7752 -2.4173 13.9941
v  -7.7796 -2.4412 14.0105
v  -7.7835 -2.4573 14.0349
v  -7.7786 -2.4440 14.0406
v  -7.7755 -2.4309 14.0212
v  -7.7720 -2.4117 14.0082
v  -7.7682 -2.3882 14.0032
v  -7.7649 -2.3645 14.0076
v  -7.7626 -2.3446 14.0205
v  -7.7618 -2.3307 14.0401
v  -7.7627 -2.3254 14.0646
v  -7.7654 -2.3302 14.0890
v  -7.7689 -2.3435 14.1089
v  -7.7729 -2.3632 14.1221
v  -7.7767 -2.3871 14.1269
v  -7.7798 -2.4112 14.1219
v  -7.7814 -2.4310 14.1086
v  -7.7819 -2.4442 14.0887
v  -7.7809 -2.4490 14.0645
v  -7.7701 -2.4417 14.0419
v  -7.7671 -2.4293 14.0238
v  -7.7638 -2.4112 14.0117
v  -7.7604 -2.3892 14.0069
v  -7.7575 -2.3667 14.0107
v  -7.7556 -2.3476 14.0226
v  -7.7549 -2.3341 14.0411
v  -7.7557 -2.3287 14.0644
v  -7.7579 -2.3332 14.0880
v  -7.7610 -2.3458 14.1074
v  -7.7645 -2.3649 14.1203
v  -7.7681 -2.3882 14.1249
v  -7.7710 -2.4114 14.1199
v  -7.7727 -2.4303 14.1068
v  -7.7732 -2.4427 14.0876
v  -7.7722 -2.4468 14.0645
v  -7.6826 -2.4530 14.0410
v  -7.6797 -2.4407 14.0224
v  -7.6765 -2.4223 14.0098
v  -7.6734 -2.3997 14.0051
v  -7.6710 -2.3770 14.0097
v  -7.6697 -2.3584 14.0223
v  -7.6696 -2.3457 14.0410
v  -7.6707 -2.3409 14.0638
v  -7.6729 -2.3453 14.0867
v  -7.6758 -2.3576 14.1053
v  -7.6790 -2.3760 14.1179
v  -7.6822 -2.3986 14.1225
v  -7.6846 -2.4213 14.1179
v  -7.6859 -2.4399 14.1054
v  -7.6861 -2.4526 14.0867
v  -7.6849 -2.4574 14.0639
v  -7.9864 -2.4517 16.7313
v  -7.9823 -2.4371 16.7090
v  -7.9774 -2.4153 16.6940
v  -7.9721 -2.3886 16.6885
v  -7.9672 -2.3618 16.6939
v  -7.9637 -2.3397 16.7089
v  -7.9620 -2.3246 16.7312
v  -7.9628 -2.3188 16.7586
v  -7.9661 -2.3238 16.7859
v  -7.9708 -2.3384 16.8083
v  -7.9763 -2.3601 16.8233
v  -7.9818 -2.3868 16.8288
v  -7.9864 -2.4138 16.8234
v  -7.9892 -2.4360 16.8083
v  -7.9902 -2.4511 16.7860
v  -7.9892 -2.4569 16.7587
v  -7.9902 -2.4630 16.7587
v  -7.9913 -2.4567 16.7884
v  -7.9901 -2.4402 16.8127
v  -7.9872 -2.4161 16.8291
v  -7.9822 -2.3868 16.8351
v  -7.9762 -2.3576 16.8290
v  -7.9704 -2.3340 16.8126
v  -7.9655 -2.3183 16.7883
v  -7.9623 -2.3127 16.7585
v  -7.9615 -2.3190 16.7288
v  -7.9631 -2.3353 16.7044
v  -7.9666 -2.3594 16.6880
v  -7.9717 -2.3887 16.6821
v  -7.9774 -2.4178 16.6881
v  -7.9826 -2.4416 16.7046
v  -7.9871 -2.4574 16.7289
v  -7.9814 -2.4440 16.7348
v  -7.9776 -2.4314 16.7154
v  -7.9731 -2.4125 16.7023
v  -7.9680 -2.3893 16.6970
v  -7.9632 -2.3655 16.7011
v  -7.9596 -2.3454 16.7139
v  -7.9579 -2.3314 16.7338
v  -7.9587 -2.3261 16.7586
v  -7.9619 -2.3311 16.7833
v  -7.9666 -2.3446 16.8028
v  -7.9719 -2.3642 16.8155
v  -7.9770 -2.3877 16.8200
v  -7.9811 -2.4111 16.8150
v  -7.9837 -2.4305 16.8020
v  -7.9847 -2.4437 16.7825
v  -7.9838 -2.4487 16.7586
v  -7.9723 -2.4423 16.7361
v  -7.9689 -2.4303 16.7178
v  -7.9647 -2.4126 16.7052
v  -7.9602 -2.3906 16.6999
v  -7.9561 -2.3677 16.7033
v  -7.9531 -2.3480 16.7152
v  -7.9516 -2.3340 16.7343
v  -7.9522 -2.3287 16.7585
v  -7.9547 -2.3338 16.7825
v  -7.9586 -2.3472 16.8015
v  -7.9631 -2.3664 16.8137
v  -7.9678 -2.3892 16.8178
v  -7.9717 -2.4117 16.8127
v  -7.9743 -2.4301 16.7999
v  -7.9753 -2.4424 16.7812
v  -7.9747 -2.4469 16.7585
v  -7.8855 -2.4579 16.7347
v  -7.8821 -2.4457 16.7160
v  -7.8781 -2.4275 16.7034
v  -7.8740 -2.4050 16.6988
v  -7.8706 -2.3825 16.7034
v  -7.8684 -2.3639 16.7160
v  -7.8676 -2.3513 16.7346
v  -7.8684 -2.3464 16.7574
v  -7.8707 -2.3507 16.7803
v  -7.8741 -2.3629 16.7990
v  -7.8781 -2.3811 16.8116
v  -7.8822 -2.4035 16.8162
v  -7.8857 -2.4261 16.8116
v  -7.8879 -2.4447 16.7990
v  -7.8887 -2.4573 16.7804
v  -7.8879 -2.4621 16.7576
v  -7.9383 -2.2127 16.7314
v  -7.9334 -2.1983 16.7090
v  -7.9272 -2.1767 16.6939
v  -7.9202 -2.1502 16.6883
v  -7.9135 -2.1237 16.6938
v  -7.9083 -2.1020 16.7089
v  -7.9053 -2.0873 16.7312
v  -7.9055 -2.0817 16.7587
v  -7.9090 -2.0866 16.7860
v  -7.9147 -2.1008 16.8084
v  -7.9216 -2.1220 16.8235
v  -7.9290 -2.1483 16.8290
v  -7.9354 -2.1749 16.8235
v  -7.9397 -2.1968 16.8085
v  -7.9417 -2.2119 16.7862
v  -7.9412 -2.2177 16.7588
v  -7.9428 -2.2237 16.7588
v  -7.9433 -2.2174 16.7886
v  -7.9411 -2.2010 16.8129
v  -7.9363 -2.1772 16.8293
v  -7.9294 -2.1482 16.8353
v  -7.9213 -2.1196 16.8292
v  -7.9139 -2.0965 16.8127
v  -7.9079 -2.0811 16.7884
v  -7.9045 -2.0757 16.7586
v  -7.9044 -2.0818 16.7289
v  -7.9073 -2.0978 16.7046
v  -7.9127 -2.1214 16.6882
v  -7.9199 -2.1503 16.6822
v  -7.9275 -2.1791 16.6883
v  -7.9342 -2.2025 16.7047
v  -7.9395 -2.2182 16.7290
v  -7.9323 -2.2066 16.7344
v  -7.9282 -2.1935 16.7146
v  -7.9230 -2.1742 16.7014
v  -7.9167 -2.1508 16.6964
v  -7.9105 -2.1273 16.7008
v  -7.9053 -2.1076 16.7138
v  -7.9022 -2.0940 16.7338
v  -7.9022 -2.0890 16.7587
v  -7.9056 -2.0940 16.7833
v  -7.9113 -2.1072 16.8027
v  -7.9179 -2.1263 16.8155
v  -7.9244 -2.1494 16.8202
v  -7.9298 -2.1728 16.8156
v  -7.9333 -2.1924 16.8027
v  -7.9349 -2.2061 16.7831
v  -7.9346 -2.2114 16.7588
v  -7.9243 -2.2057 16.7351
v  -7.9205 -2.1927 16.7164
v  -7.9155 -2.1741 16.7042
v  -7.9097 -2.1519 16.6997
v  -7.9041 -2.1296 16.7038
v  -7.8997 -2.1106 16.7158
v  -7.8970 -2.0972 16.7346
v  -7.8968 -2.0921 16.7584
v  -7.8993 -2.0972 16.7821
v  -7.9038 -2.1102 16.8009
v  -7.9095 -2.1288 16.8132
v  -7.9155 -2.1511 16.8178
v  -7.9209 -2.1737 16.8135
v  -7.9246 -2.1927 16.8011
v  -7.9266 -2.2058 16.7821
v  -7.9265 -2.2107 16.7585
v  -7.8354 -2.2086 16.7361
v  -7.8313 -2.1960 16.7174
v  -7.8262 -2.1776 16.7047
v  -7.8205 -2.1553 16.7001
v  -7.8155 -2.1332 16.7047
v  -7.8120 -2.1153 16.7173
v  -7.8102 -2.1034 16.7360
v  -7.8106 -2.0994 16.7588
v  -7.8131 -2.1043 16.7817
v  -7.8172 -2.1169 16.8004
v  -7.8223 -2.1353 16.8130
v  -7.8279 -2.1575 16.8177
v  -7.8330 -2.1797 16.8131
v  -7.8366 -2.1976 16.8005
v  -7.8383 -2.2095 16.7818
v  -7.8380 -2.2135 16.7589
v  -7.9232 -2.2129 16.5079
v  -7.9183 -2.1985 16.4854
v  -7.9122 -2.1768 16.4702
v  -7.9053 -2.1502 16.4647
v  -7.8987 -2.1236 16.4702
v  -7.8937 -2.1019 16.4853
v  -7.8909 -2.0872 16.5077
v  -7.8912 -2.0815 16.5351
v  -7.8947 -2.0865 16.5625
v  -7.9004 -2.1006 16.5848
v  -7.9071 -2.1219 16.6000
v  -7.9143 -2.1483 16.6056
v  -7.9206 -2.1749 16.6001
v  -7.9248 -2.1969 16.5850
v  -7.9268 -2.2120 16.5627
v  -7.9262 -2.2179 16.5353
v  -7.9276 -2.2238 16.5353
v  -7.9282 -2.2175 16.5651
v  -7.9261 -2.2011 16.5894
v  -7.9215 -2.1772 16.6057
v  -7.9147 -2.1482 16.6117
v  -7.9068 -2.1195 16.6056
v  -7.8995 -2.0963 16.5892
v  -7.8936 -2.0809 16.5648
v  -7.8902 -2.0755 16.5350
v  -7.8900 -2.0817 16.5053
v  -7.8929 -2.0977 16.4810
v  -7.8981 -2.1214 16.4646
v  -7.9050 -2.1503 16.4587
v  -7.9125 -2.1791 16.4647
v  -7.9191 -2.2026 16.4812
v  -7.9243 -2.2183 16.5055
v  -7.9175 -2.2071 16.5106
v  -7.9134 -2.1940 16.4906
v  -7.9080 -2.1746 16.4771
v  -7.9017 -2.1509 16.4721
v  -7.8955 -2.1271 16.4767
v  -7.8906 -2.1073 16.4900
v  -7.8877 -2.0938 16.5102
v  -7.8880 -2.0889 16.5351
v  -7.8916 -2.0941 16.5596
v  -7.8974 -2.1073 16.5789
v  -7.9039 -2.1262 16.5916
v  -7.9103 -2.1492 16.5964
v  -7.9157 -2.1725 16.5918
v  -7.9191 -2.1922 16.5791
v  -7.9205 -2.2061 16.5596
v  -7.9200 -2.2116 16.5352
v  -7.9100 -2.2060 16.5113
v  -7.9061 -2.1931 16.4923
v  -7.9011 -2.1743 16.4799
v  -7.8952 -2.1518 16.4752
v  -7.8896 -2.1292 16.4795
v  -7.8852 -2.1101 16.4918
v  -7.8826 -2.0969 16.5109
v  -7.8825 -2.0922 16.5348
v  -7.8851 -2.0974 16.5583
v  -7.8897 -2.1105 16.5768
v  -7.8953 -2.1289 16.5889
v  -7.9014 -2.1509 16.5934
v  -7.9066 -2.1733 16.5893
v  -7.9104 -2.1922 16.5772
v  -7.9123 -2.2055 16.5585
v  -7.9122 -2.2106 16.5350
v  -7.8211 -2.2085 16.5125
v  -7.8170 -2.1958 16.4938
v  -7.8118 -2.1775 16.4812
v  -7.8062 -2.1552 16.4765
v  -7.8012 -2.1331 16.4811
v  -7.7977 -2.1152 16.4937
v  -7.7959 -2.1033 16.5124
v  -7.7963 -2.0993 16.5353
v  -7.7987 -2.1042 16.5581
v  -7.8028 -2.1168 16.5768
v  -7.8080 -2.1351 16.5894
v  -7.8136 -2.1574 16.5941
v  -7.8187 -2.1795 16.5895
v  -7.8223 -2.1975 16.5769
v  -7.8240 -2.2093 16.5582
v  -7.8237 -2.2134 16.5354
v  -7.9077 -2.2130 16.2824
v  -7.9030 -2.1984 16.2600
v  -7.8970 -2.1768 16.2449
v  -7.8902 -2.1502 16.2393
v  -7.8839 -2.1236 16.2448
v  -7.8791 -2.1018 16.2599
v  -7.8764 -2.0870 16.2822
v  -7.8766 -2.0813 16.3097
v  -7.8801 -2.0863 16.3371
v  -7.8856 -2.1005 16.3596
v  -7.8923 -2.1219 16.3747
v  -7.8993 -2.1484 16.3803
v  -7.9054 -2.1751 16.3748
v  -7.9095 -2.1972 16.3597
v  -7.9113 -2.2123 16.3372
v  -7.9107 -2.2180 16.3098
v  -7.9121 -2.2239 16.3098
v  -7.9128 -2.2176 16.3395
v  -7.9108 -2.2012 16.3638
v  -7.9063 -2.1773 16.3802
v  -7.8997 -2.1483 16.3862
v  -7.8920 -2.1196 16.3802
v  -7.8848 -2.0964 16.3637
v  -7.8791 -2.0809 16.3394
v  -7.8756 -2.0755 16.3096
v  -7.8754 -2.0816 16.2799
v  -7.8781 -2.0976 16.2556
v  -7.8831 -2.1213 16.2392
v  -7.8899 -2.1502 16.2332
v  -7.8972 -2.1791 16.2393
v  -7.9036 -2.2027 16.2557
v  -7.9088 -2.2184 16.2800
v  -7.9021 -2.2068 16.2853
v  -7.8981 -2.1936 16.2655
v  -7.8930 -2.1742 16.2523
v  -7.8869 -2.1508 16.2474
v  -7.8810 -2.1271 16.2519
v  -7.8763 -2.1074 16.2649
v  -7.8735 -2.0937 16.2849
v  -7.8737 -2.0885 16.3097
v  -7.8772 -2.0934 16.3344
v  -7.8827 -2.1066 16.3541
v  -7.8891 -2.1258 16.3671
v  -7.8954 -2.1492 16.3720
v  -7.9006 -2.1729 16.3672
v  -7.9039 -2.1928 16.3542
v  -7.9052 -2.2065 16.3343
v  -7.9046 -2.2117 16.3098
v  -7.8944 -2.2056 16.2862
v  -7.8905 -2.1926 16.2675
v  -7.8855 -2.1739 16.2553
v  -7.8799 -2.1517 16.2508
v  -7.8746 -2.1294 16.2551
v  -7.8706 -2.1105 16.2671
v  -7.8683 -2.0971 16.2858
v  -7.8684 -2.0920 16.3095
v  -7.8711 -2.0969 16.3331
v  -7.8757 -2.1098 16.3518
v  -7.8813 -2.1283 16.3642
v  -7.8871 -2.1507 16.3690
v  -7.8922 -2.1735 16.3648
v  -7.8956 -2.1927 16.3524
v  -7.8972 -2.2059 16.3333
v  -7.8968 -2.2106 16.3096
v  -7.8055 -2.2075 16.2882
v  -7.8013 -2.1949 16.2695
v  -7.7962 -2.1765 16.2569
v  -7.7907 -2.1542 16.2523
v  -7.7860 -2.1320 16.2569
v  -7.7828 -2.1141 16.2695
v  -7.7814 -2.1021 16.2881
v  -7.7821 -2.0980 16.3110
v  -7.7848 -2.1029 16.3338
v  -7.7890 -2.1155 16.3525
v  -7.7941 -2.1339 16.3651
v  -7.7995 -2.1562 16.3698
v  -7.8043 -2.1784 16.3652
v  -7.8075 -2.1964 16.3526
v  -7.8089 -2.2083 16.3339
v  -7.8083 -2.2125 16.3111
v  -7.8927 -2.2146 16.0591
v  -7.8879 -2.2001 16.0368
v  -7.8820 -2.1785 16.0217
v  -7.8753 -2.1519 16.0161
v  -7.8690 -2.1253 16.0216
v  -7.8640 -2.1035 16.0366
v  -7.8614 -2.0887 16.0590
v  -7.8618 -2.0831 16.0864
v  -7.8656 -2.0880 16.1138
v  -7.8712 -2.1022 16.1361
v  -7.8778 -2.1236 16.1513
v  -7.8847 -2.1501 16.1568
v  -7.8906 -2.1768 16.1513
v  -7.8946 -2.1988 16.1362
v  -7.8964 -2.2139 16.1138
v  -7.8957 -2.2196 16.0865
v  -7.8970 -2.2257 16.0865
v  -7.8976 -2.2195 16.1163
v  -7.8958 -2.2030 16.1406
v  -7.8915 -2.1791 16.1569
v  -7.8851 -2.1500 16.1629
v  -7.8776 -2.1213 16.1569
v  -7.8705 -2.0980 16.1405
v  -7.8649 -2.0825 16.1161
v  -7.8614 -2.0770 16.0864
v  -7.8611 -2.0831 16.0566
v  -7.8637 -2.0992 16.0323
v  -7.8685 -2.1229 16.0159
v  -7.8751 -2.1519 16.0099
v  -7.8822 -2.1808 16.0160
v  -7.8886 -2.2044 16.0324
v  -7.8937 -2.2202 16.0567
v  -7.8872 -2.2077 16.0624
v  -7.8830 -2.1950 16.0426
v  -7.8776 -2.1760 16.0291
v  -7.8713 -2.1526 16.0238
v  -7.8652 -2.1287 16.0280
v  -7.8602 -2.1087 16.0410
v  -7.8575 -2.0947 16.0613
v  -7.8580 -2.0897 16.0865
v  -7.8619 -2.0951 16.1112
v  -7.8678 -2.1086 16.1306
v  -7.8743 -2.1278 16.1432
v  -7.8808 -2.1509 16.1475
v  -7.8859 -2.1741 16.1427
v  -7.8892 -2.1934 16.1297
v  -7.8905 -2.2068 16.1104
v  -7.8898 -2.2120 16.0864
v  -7.8788 -2.2063 16.0633
v  -7.8750 -2.1940 16.0446
v  -7.8701 -2.1758 16.0318
v  -7.8645 -2.1535 16.0266
v  -7.8592 -2.1305 16.0303
v  -7.8551 -2.1109 16.0425
v  -7.8528 -2.0971 16.0619
v  -7.8530 -2.0923 16.0863
v  -7.8557 -2.0978 16.1102
v  -7.8604 -2.1114 16.1288
v  -7.8659 -2.1303 16.1406
v  -7.8717 -2.1525 16.1445
v  -7.8766 -2.1746 16.1399
v  -7.8799 -2.1930 16.1276
v  -7.8815 -2.2057 16.1092
v  -7.8811 -2.2106 16.0863
v  -7.7898 -2.2088 16.0646
v  -7.7857 -2.1961 16.0459
v  -7.7807 -2.1777 16.0333
v  -7.7755 -2.1553 16.0287
v  -7.7709 -2.1331 16.0333
v  -7.7678 -2.1151 16.0459
v  -7.7664 -2.1032 16.0646
v  -7.7670 -2.0991 16.0874
v  -7.7696 -2.1040 16.1103
v  -7.7736 -2.1167 16.1290
v  -7.7786 -2.1351 16.1416
v  -7.7839 -2.1575 16.1462
v  -7.7885 -2.1797 16.1416
v  -7.7916 -2.1977 16.1290
v  -7.7930 -2.2096 16.1103
v  -7.7924 -2.2137 16.0875
v  -7.8762 -2.2124 15.8346
v  -7.8715 -2.1979 15.8122
v  -7.8658 -2.1761 15.7970
v  -7.8593 -2.1495 15.7915
v  -7.8534 -2.1228 15.7970
v  -7.8489 -2.1010 15.8121
v  -7.8466 -2.0861 15.8345
v  -7.8471 -2.0805 15.8618
v  -7.8505 -2.0855 15.8892
v  -7.8557 -2.0998 15.9116
v  -7.8621 -2.1212 15.9268
v  -7.8688 -2.1477 15.9323
v  -7.8746 -2.1745 15.9268
v  -7.8784 -2.1966 15.9117
v  -7.8800 -2.2117 15.8893
v  -7.8792 -2.2175 15.8620
v  -7.8807 -2.2234 15.8619
v  -7.8815 -2.2171 15.8917
v  -7.8797 -2.2007 15.9160
v  -7.8755 -2.1767 15.9324
v  -7.8692 -2.1476 15.9384
v  -7.8619 -2.1188 15.9323
v  -7.8549 -2.0955 15.9159
v  -7.8493 -2.0800 15.8916
v  -7.8458 -2.0745 15.8618
v  -7.8455 -2.0806 15.8321
v  -7.8480 -2.0968 15.8077
v  -7.8527 -2.1205 15.7914
v  -7.8591 -2.1495 15.7854
v  -7.8661 -2.1785 15.7914
v  -7.8724 -2.2021 15.8078
v  -7.8774 -2.2179 15.8322
v  -7.8702 -2.2068 15.8373
v  -7.8662 -2.1936 15.8173
v  -7.8613 -2.1739 15.8040
v  -7.8555 -2.1501 15.7991
v  -7.8501 -2.1263 15.8039
v  -7.8459 -2.1066 15.8171
v  -7.8438 -2.0933 15.8372
v  -7.8444 -2.0884 15.8618
v  -7.8478 -2.0934 15.8861
v  -7.8531 -2.1064 15.9054
v  -7.8591 -2.1254 15.9183
v  -7.8649 -2.1485 15.9232
v  -7.8696 -2.1721 15.9188
v  -7.8725 -2.1919 15.9060
v  -7.8735 -2.2060 15.8864
v  -7.8727 -2.2114 15.8620
v  -7.8627 -2.2059 15.8379
v  -7.8589 -2.1928 15.8188
v  -7.8542 -2.1737 15.8064
v  -7.8489 -2.1509 15.8020
v  -7.8439 -2.1283 15.8067
v  -7.8401 -2.1095 15.8192
v  -7.8381 -2.0968 15.8382
v  -7.8383 -2.0922 15.8617
v  -7.8409 -2.0973 15.8847
v  -7.8453 -2.1100 15.9031
v  -7.8505 -2.1281 15.9153
v  -7.8560 -2.1500 15.9201
v  -7.8607 -2.1726 15.9163
v  -7.8639 -2.1918 15.9043
v  -7.8654 -2.2054 15.8854
v  -7.8650 -2.2106 15.8617
v  -7.7739 -2.2059 15.8401
v  -7.7698 -2.1933 15.8214
v  -7.7650 -2.1748 15.8088
v  -7.7598 -2.1524 15.8041
v  -7.7553 -2.1302 15.8087
v  -7.7523 -2.1122 15.8213
v  -7.7509 -2.1003 15.8400
v  -7.7516 -2.0962 15.8629
v  -7.7541 -2.1011 15.8857
v  -7.7581 -2.1138 15.9044
v  -7.7630 -2.1322 15.9170
v  -7.7682 -2.1546 15.9216
v  -7.7727 -2.1769 15.9170
v  -7.7758 -2.1949 15.9044
v  -7.7771 -2.2068 15.8858
v  -7.7765 -2.2109 15.8629
v  -7.8602 -2.2120 15.6081
v  -7.8557 -2.1974 15.5857
v  -7.8500 -2.1756 15.5705
v  -7.8437 -2.1489 15.5650
v  -7.8380 -2.1222 15.5705
v  -7.8337 -2.1004 15.5856
v  -7.8315 -2.0855 15.6080
v  -7.8319 -2.0799 15.6354
v  -7.8351 -2.0849 15.6627
v  -7.8403 -2.0992 15.6852
v  -7.8465 -2.1207 15.7003
v  -7.8531 -2.1473 15.7059
v  -7.8586 -2.1741 15.7004
v  -7.8622 -2.1963 15.6853
v  -7.8637 -2.2114 15.6629
v  -7.8630 -2.2172 15.6355
v  -7.8646 -2.2230 15.6355
v  -7.8654 -2.2167 15.6652
v  -7.8637 -2.2003 15.6895
v  -7.8596 -2.1763 15.7059
v  -7.8535 -2.1472 15.7119
v  -7.8463 -2.1183 15.7059
v  -7.8395 -2.0950 15.6894
v  -7.8340 -2.0794 15.6651
v  -7.8305 -2.0740 15.6353
v  -7.8302 -2.0801 15.6056
v  -7.8325 -2.0962 15.5813
v  -7.8371 -2.1200 15.5649
v  -7.8433 -2.1490 15.5589
v  -7.8501 -2.1780 15.5650
v  -7.8563 -2.2016 15.5814
v  -7.8613 -2.2175 15.6057
v  -7.8544 -2.2062 15.6109
v  -7.8509 -2.1925 15.5912
v  -7.8463 -2.1729 15.5782
v  -7.8410 -2.1493 15.5735
v  -7.8358 -2.1259 15.5784
v  -7.8317 -2.1065 15.5914
v  -7.8293 -2.0932 15.6110
v  -7.8295 -2.0881 15.6354
v  -7.8324 -2.0927 15.6597
v  -7.8370 -2.1056 15.6795
v  -7.8427 -2.1247 15.6927
v  -7.8484 -2.1482 15.6979
v  -7.8529 -2.1723 15.6935
v  -7.8558 -2.1925 15.6804
v  -7.8571 -2.2064 15.6603
v  -7.8566 -2.2114 15.6355
v  -7.8469 -2.2050 15.6116
v  -7.8433 -2.1914 15.5932
v  -7.8388 -2.1724 15.5815
v  -7.8337 -2.1503 15.5776
v  -7.8289 -2.1284 15.5822
v  -7.8252 -2.1102 15.5941
v  -7.8231 -2.0974 15.6123
v  -7.8232 -2.0922 15.6352
v  -7.8256 -2.0965 15.6583
v  -7.8296 -2.1087 15.6773
v  -7.8347 -2.1269 15.6903
v  -7.8401 -2.1496 15.6957
v  -7.8448 -2.1729 15.6918
v  -7.8480 -2.1927 15.6791
v  -7.8495 -2.2061 15.6595
v  -7.8492 -2.2106 15.6353
v  -7.7581 -2.2050 15.6136
v  -7.7541 -2.1923 15.5949
v  -7.7493 -2.1738 15.5823
v  -7.7443 -2.1514 15.5777
v  -7.7399 -2.1292 15.5823
v  -7.7369 -2.1112 15.5949
v  -7.7356 -2.0992 15.6135
v  -7.7363 -2.0952 15.6364
v  -7.7388 -2.1001 15.6592
v  -7.7427 -2.1128 15.6779
v  -7.7475 -2.1313 15.6905
v  -7.7526 -2.1537 15.6951
v  -7.7571 -2.1759 15.6905
v  -7.7601 -2.1940 15.6779
v  -7.7613 -2.2059 15.6593
v  -7.7607 -2.2100 15.6364
v  -7.8452 -2.2151 15.3857
v  -7.8406 -2.2006 15.3633
v  -7.8350 -2.1788 15.3482
v  -7.8288 -2.1521 15.3426
v  -7.8229 -2.1254 15.3481
v  -7.8184 -2.1035 15.3632
v  -7.8161 -2.0886 15.3856
v  -7.8167 -2.0830 15.4131
v  -7.8204 -2.0880 15.4405
v  -7.8258 -2.1023 15.4628
v  -7.8320 -2.1239 15.4780
v  -7.8384 -2.1505 15.4836
v  -7.8439 -2.1773 15.4780
v  -7.8475 -2.1994 15.4629
v  -7.8490 -2.2145 15.4405
v  -7.8482 -2.2202 15.4131
v  -7.8493 -2.2263 15.4131
v  -7.8502 -2.2200 15.4429
v  -7.8486 -2.2036 15.4672
v  -7.8447 -2.1795 15.4836
v  -7.8388 -2.1504 15.4896
v  -7.8318 -2.1215 15.4836
v  -7.8252 -2.0981 15.4671
v  -7.8197 -2.0825 15.4428
v  -7.8163 -2.0770 15.4130
v  -7.8158 -2.0831 15.3833
v  -7.8180 -2.0993 15.3590
v  -7.8224 -2.1231 15.3426
v  -7.8285 -2.1521 15.3366
v  -7.8351 -2.1812 15.3426
v  -7.8412 -2.2049 15.3590
v  -7.8461 -2.2207 15.3834
v  -7.8402 -2.2080 15.3890
v  -7.8361 -2.1954 15.3691
v  -7.8310 -2.1763 15.3556
v  -7.8251 -2.1527 15.3502
v  -7.8194 -2.1287 15.3545
v  -7.8149 -2.1085 15.3676
v  -7.8125 -2.0946 15.3879
v  -7.8130 -2.0896 15.4132
v  -7.8167 -2.0949 15.4379
v  -7.8223 -2.1085 15.4573
v  -7.8285 -2.1279 15.4700
v  -7.8346 -2.1512 15.4744
v  -7.8394 -2.1745 15.4695
v  -7.8424 -2.1939 15.4564
v  -7.8436 -2.2072 15.4370
v  -7.8428 -2.2124 15.4130
v  -7.8319 -2.2063 15.3900
v  -7.8283 -2.1940 15.3713
v  -7.8237 -2.1758 15.3585
v  -7.8185 -2.1534 15.3533
v  -7.8136 -2.1304 15.3570
v  -7.8098 -2.1108 15.3692
v  -7.8078 -2.0971 15.3886
v  -7.8080 -2.0922 15.4129
v  -7.8107 -2.0977 15.4368
v  -7.8150 -2.1113 15.4554
v  -7.8203 -2.1302 15.4673
v  -7.8257 -2.1526 15.4713
v  -7.8303 -2.1748 15.4666
v  -7.8333 -2.1932 15.4542
v  -7.8347 -2.2058 15.4357
v  -7.8342 -2.2106 15.4129
v  -7.7428 -2.2075 15.3912
v  -7.7390 -2.1948 15.3726
v  -7.7343 -2.1762 15.3600
v  -7.7295 -2.1537 15.3553
v  -7.7252 -2.1315 15.3600
v  -7.7224 -2.1135 15.3725
v  -7.7212 -2.1015 15.3912
v  -7.7219 -2.0975 15.4141
v  -7.7244 -2.1025 15.4369
v  -7.7282 -2.1151 15.4556
v  -7.7329 -2.1337 15.4682
v  -7.7378 -2.1561 15.4728
v  -7.7421 -2.1784 15.4682
v  -7.7449 -2.1964 15.4556
v  -7.7461 -2.2084 15.4369
v  -7.7454 -2.2125 15.4141
v  -7.8289 -2.2145 15.1601
v  -7.8244 -2.1999 15.1377
v  -7.8189 -2.1781 15.1226
v  -7.8129 -2.1513 15.1171
v  -7.8073 -2.1246 15.1226
v  -7.8032 -2.1027 15.1377
v  -7.8010 -2.0878 15.1601
v  -7.8015 -2.0821 15.1875
v  -7.8049 -2.0872 15.2149
v  -7.8101 -2.1016 15.2373
v  -7.8162 -2.1231 15.2524
v  -7.8225 -2.1498 15.2580
v  -7.8278 -2.1767 15.2524
v  -7.8313 -2.1988 15.2373
v  -7.8327 -2.2139 15.2149
v  -7.8319 -2.2196 15.1875
v  -7.8330 -2.2257 15.1875
v  -7.8339 -2.2194 15.2173
v  -7.8324 -2.2029 15.2416
v  -7.8287 -2.1789 15.2580
v  -7.8229 -2.1497 15.2640
v  -7.8161 -2.1208 15.2580
v  -7.8095 -2.0974 15.2415
v  -7.8042 -2.0817 15.2172
v  -7.8008 -2.0762 15.1874
v  -7.8002 -2.0823 15.1577
v  -7.8023 -2.0985 15.1334
v  -7.8066 -2.1223 15.1170
v  -7.8125 -2.1514 15.1110
v  -7.8190 -2.1805 15.1170
v  -7.8249 -2.2042 15.1334
v  -7.8298 -2.2201 15.1577
v  -7.8238 -2.2074 15.1633
v  -7.8200 -2.1945 15.1437
v  -7.8152 -2.1753 15.1304
v  -7.8097 -2.1518 15.1252
v  -7.8043 -2.1280 15.1296
v  -7.8001 -2.1081 15.1426
v  -7.7977 -2.0943 15.1626
v  -7.7981 -2.0891 15.1875
v  -7.8014 -2.0942 15.2123
v  -7.8065 -2.1076 15.2320
v  -7.8124 -2.1270 15.2449
v  -7.8182 -2.1506 15.2496
v  -7.8229 -2.1742 15.2446
v  -7.8257 -2.1939 15.2314
v  -7.8269 -2.2072 15.2116
v  -7.8262 -2.2122 15.1875
v  -7.8156 -2.2057 15.1644
v  -7.8120 -2.1931 15.1459
v  -7.8076 -2.1747 15.1337
v  -7.8026 -2.1526 15.1288
v  -7.7979 -2.1300 15.1328
v  -7.7944 -2.1109 15.1447
v  -7.7925 -2.0974 15.1635
v  -7.7927 -2.0922 15.1873
v  -7.7953 -2.0971 15.2111
v  -7.7994 -2.1102 15.2301
v  -7.8045 -2.1291 15.2425
v  -7.8097 -2.1519 15.2470
v  -7.8141 -2.1746 15.2423
v  -7.8171 -2.1934 15.2296
v  -7.8183 -2.2061 15.2106
v  -7.8178 -2.2106 15.1873
v  -7.7265 -2.2062 15.1659
v  -7.7226 -2.1934 15.1473
v  -7.7181 -2.1749 15.1347
v  -7.7133 -2.1524 15.1300
v  -7.7093 -2.1301 15.1346
v  -7.7066 -2.1120 15.1472
v  -7.7056 -2.1001 15.1659
v  -7.7063 -2.0960 15.1888
v  -7.7089 -2.1010 15.2116
v  -7.7127 -2.1137 15.2303
v  -7.7172 -2.1322 15.2429
v  -7.7220 -2.1547 15.2475
v  -7.7261 -2.1770 15.2429
v  -7.7288 -2.1951 15.2303
v  -7.7299 -2.2071 15.2116
v  -7.7291 -2.2112 15.1888
v  -7.8123 -2.2129 14.9358
v  -7.8079 -2.1983 14.9135
v  -7.8026 -2.1765 14.8983
v  -7.7967 -2.1497 14.8928
v  -7.7914 -2.1229 14.8983
v  -7.7875 -2.1010 14.9133
v  -7.7856 -2.0861 14.9356
v  -7.7862 -2.0804 14.9630
v  -7.7894 -2.0854 14.9904
v  -7.7943 -2.0997 15.0128
v  -7.8002 -2.1213 15.0281
v  -7.8063 -2.1480 15.0337
v  -7.8115 -2.1749 15.0282
v  -7.8148 -2.1971 15.0130
v  -7.8161 -2.2123 14.9906
v  -7.8152 -2.2181 14.9632
v  -7.8165 -2.2240 14.9632
v  -7.8174 -2.2177 14.9930
v  -7.8160 -2.2012 15.0173
v  -7.8124 -2.1771 15.0336
v  -7.8067 -2.1479 15.0396
v  -7.8000 -2.1190 15.0335
v  -7.7936 -2.0955 15.0171
v  -7.7883 -2.0799 14.9927
v  -7.7849 -2.0744 14.9630
v  -7.7844 -2.0805 14.9332
v  -7.7864 -2.0967 14.9089
v  -7.7905 -2.1206 14.8926
v  -7.7963 -2.1498 14.8866
v  -7.8027 -2.1789 14.8927
v  -7.8085 -2.2026 14.9091
v  -7.8133 -2.2184 14.9335
v  -7.8066 -2.2068 14.9388
v  -7.8029 -2.1934 14.9190
v  -7.7984 -2.1738 14.9059
v  -7.7932 -2.1502 14.9010
v  -7.7884 -2.1265 14.9058
v  -7.7847 -2.1069 14.9188
v  -7.7829 -2.0935 14.9386
v  -7.7834 -2.0884 14.9630
v  -7.7866 -2.0931 14.9874
v  -7.7913 -2.1060 15.0070
v  -7.7969 -2.1252 15.0202
v  -7.8022 -2.1487 15.0253
v  -7.8065 -2.1727 15.0207
v  -7.8091 -2.1927 15.0077
v  -7.8099 -2.2065 14.9878
v  -7.8091 -2.2117 14.9633
v  -7.7989 -2.2055 14.9396
v  -7.7953 -2.1923 14.9208
v  -7.7909 -2.1734 14.9087
v  -7.7861 -2.1509 14.9044
v  -7.7816 -2.1286 14.9090
v  -7.7784 -2.1100 14.9212
v  -7.7767 -2.0972 14.9398
v  -7.7771 -2.0922 14.9629
v  -7.7798 -2.0969 14.9860
v  -7.7839 -2.1092 15.0048
v  -7.7888 -2.1275 15.0174
v  -7.7939 -2.1500 15.0225
v  -7.7981 -2.1730 15.0185
v  -7.8009 -2.1925 15.0061
v  -7.8020 -2.2058 14.9869
v  -7.8013 -2.2106 14.9631
v  -7.7100 -2.2043 14.9422
v  -7.7061 -2.1916 14.9235
v  -7.7016 -2.1730 14.9109
v  -7.6968 -2.1505 14.9062
v  -7.6929 -2.1282 14.9108
v  -7.6903 -2.1101 14.9234
v  -7.6894 -2.0981 14.9420
v  -7.6903 -2.0940 14.9648
v  -7.6930 -2.0989 14.9877
v  -7.6968 -2.1116 15.0064
v  -7.7014 -2.1301 15.0190
v  -7.7061 -2.1526 15.0236
v  -7.7102 -2.1750 15.0191
v  -7.7127 -2.1931 15.0065
v  -7.7137 -2.2051 14.9879
v  -7.7127 -2.2092 14.9650
v  -7.7960 -2.2128 14.7116
v  -7.7917 -2.1982 14.6893
v  -7.7865 -2.1763 14.6741
v  -7.7807 -2.1495 14.6686
v  -7.7756 -2.1227 14.6741
v  -7.7719 -2.1007 14.6892
v  -7.7701 -2.0858 14.7116
v  -7.7707 -2.0802 14.7389
v  -7.7739 -2.0852 14.7663
v  -7.7787 -2.0997 14.7887
v  -7.7845 -2.1213 14.8039
v  -7.7905 -2.1480 14.8095
v  -7.7955 -2.1749 14.8039
v  -7.7987 -2.1971 14.7888
v  -7.7999 -2.2122 14.7664
v  -7.7990 -2.2180 14.7390
v  -7.8003 -2.2240 14.7390
v  -7.8013 -2.2177 14.7688
v  -7.7999 -2.2012 14.7931
v  -7.7964 -2.1772 14.8095
v  -7.7909 -2.1479 14.8155
v  -7.7844 -2.1189 14.8094
v  -7.7781 -2.0954 14.7930
v  -7.7729 -2.0798 14.7687
v  -7.7695 -2.0742 14.7389
v  -7.7689 -2.0803 14.7092
v  -7.7708 -2.0965 14.6849
v  -7.7748 -2.1204 14.6685
v  -7.7804 -2.1496 14.6625
v  -7.7866 -2.1787 14.6685
v  -7.7923 -2.2025 14.6849
v  -7.7971 -2.2184 14.7093
v  -7.7903 -2.2068 14.7145
v  -7.7868 -2.1934 14.6947
v  -7.7824 -2.1738 14.6814
v  -7.7773 -2.1500 14.6765
v  -7.7727 -2.1262 14.6814
v  -7.7692 -2.1065 14.6946
v  -7.7675 -2.0932 14.7145
v  -7.7681 -2.0882 14.7389
v  -7.7712 -2.0931 14.7632
v  -7.7759 -2.1061 14.7828
v  -7.7812 -2.1252 14.7959
v  -7.7864 -2.1487 14.8009
v  -7.7905 -2.1726 14.7964
v  -7.7929 -2.1926 14.7833
v  -7.7936 -2.2064 14.7636
v  -7.7928 -2.2116 14.7390
v  -7.7827 -2.2056 14.7152
v  -7.7793 -2.1923 14.6964
v  -7.7751 -2.1733 14.6842
v  -7.7704 -2.1506 14.6800
v  -7.7661 -2.1282 14.6847
v  -7.7630 -2.1097 14.6970
v  -7.7614 -2.0970 14.7157
v  -7.7618 -2.0922 14.7388
v  -7.7643 -2.0969 14.7618
v  -7.7682 -2.1093 14.7804
v  -7.7730 -2.1275 14.7930
v  -7.7778 -2.1499 14.7981
v  -7.7819 -2.1729 14.7941
v  -7.7845 -2.1923 14.7818
v  -7.7856 -2.2057 14.7627
v  -7.7850 -2.2107 14.7389
v  -7.6939 -2.2035 14.7176
v  -7.6902 -2.1907 14.6989
v  -7.6858 -2.1721 14.6863
v  -7.6812 -2.1495 14.6817
v  -7.6774 -2.1272 14.6863
v  -7.6749 -2.1091 14.6989
v  -7.6740 -2.0972 14.7175
v  -7.6748 -2.0931 14.7404
v  -7.6774 -2.0981 14.7632
v  -7.6811 -2.1108 14.7819
v  -7.6855 -2.1294 14.7945
v  -7.6900 -2.1519 14.7991
v  -7.6939 -2.1743 14.7945
v  -7.6964 -2.1924 14.7819
v  -7.6973 -2.2044 14.7633
v  -7.6965 -2.2085 14.7404
v  -7.7801 -2.2138 14.4865
v  -7.7758 -2.1992 14.4641
v  -7.7706 -2.1773 14.4489
v  -7.7650 -2.1505 14.4433
v  -7.7599 -2.1236 14.4488
v  -7.7563 -2.1016 14.4638
v  -7.7545 -2.0867 14.4862
v  -7.7551 -2.0810 14.5135
v  -7.7583 -2.0861 14.5409
v  -7.7631 -2.1004 14.5634
v  -7.7688 -2.1221 14.5786
v  -7.7747 -2.1488 14.5842
v  -7.7796 -2.1758 14.5787
v  -7.7827 -2.1980 14.5636
v  -7.7839 -2.2131 14.5413
v  -7.7830 -2.2189 14.5139
v  -7.7841 -2.2249 14.5139
v  -7.7851 -2.2186 14.5436
v  -7.7839 -2.2021 14.5679
v  -7.7804 -2.1780 14.5843
v  -7.7751 -2.1487 14.5902
v  -7.7687 -2.1197 14.5841
v  -7.7626 -2.0962 14.5676
v  -7.7575 -2.0805 14.5433
v  -7.7541 -2.0750 14.5135
v  -7.7535 -2.0812 14.4838
v  -7.7553 -2.0974 14.4595
v  -7.7591 -2.1214 14.4432
v  -7.7646 -2.1506 14.4372
v  -7.7707 -2.1797 14.4433
v  -7.7763 -2.2035 14.4598
v  -7.7809 -2.2194 14.4841
v  -7.7749 -2.2071 14.4895
v  -7.7714 -2.1939 14.4698
v  -7.7671 -2.1744 14.4566
v  -7.7621 -2.1508 14.4516
v  -7.7574 -2.1271 14.4563
v  -7.7537 -2.1075 14.4693
v  -7.7517 -2.0939 14.4890
v  -7.7521 -2.0887 14.5136
v  -7.7550 -2.0935 14.5381
v  -7.7595 -2.1066 14.5579
v  -7.7649 -2.1259 14.5711
v  -7.7700 -2.1496 14.5761
v  -7.7743 -2.1735 14.5713
v  -7.7768 -2.1934 14.5582
v  -7.7778 -2.2070 14.5382
v  -7.7771 -2.2120 14.5138
v  -7.7669 -2.2054 14.4905
v  -7.7636 -2.1924 14.4720
v  -7.7595 -2.1737 14.4600
v  -7.7549 -2.1515 14.4555
v  -7.7506 -2.1293 14.4598
v  -7.7475 -2.1106 14.4717
v  -7.7458 -2.0974 14.4902
v  -7.7460 -2.0923 14.5134
v  -7.7484 -2.0968 14.5368
v  -7.7522 -2.1093 14.5559
v  -7.7569 -2.1279 14.5687
v  -7.7617 -2.1507 14.5737
v  -7.7658 -2.1739 14.5693
v  -7.7685 -2.1932 14.5566
v  -7.7696 -2.2062 14.5373
v  -7.7691 -2.2106 14.5137
v  -7.6779 -2.2040 14.4922
v  -7.6743 -2.1913 14.4735
v  -7.6700 -2.1727 14.4608
v  -7.6656 -2.1501 14.4562
v  -7.6618 -2.1278 14.4607
v  -7.6594 -2.1097 14.4733
v  -7.6585 -2.0977 14.4919
v  -7.6593 -2.0936 14.5148
v  -7.6617 -2.0986 14.5376
v  -7.6653 -2.1113 14.5563
v  -7.6696 -2.1299 14.5690
v  -7.6741 -2.1524 14.5736
v  -7.6779 -2.1748 14.5691
v  -7.6804 -2.1929 14.5565
v  -7.6813 -2.2049 14.5379
v  -7.6805 -2.2090 14.5150
v  -7.7634 -2.2126 14.2633
v  -7.7593 -2.1980 14.2408
v  -7.7542 -2.1761 14.2256
v  -7.7488 -2.1493 14.2200
v  -7.7439 -2.1223 14.2254
v  -7.7404 -2.1003 14.2404
v  -7.7389 -2.0853 14.2627
v  -7.7396 -2.0795 14.2901
v  -7.7426 -2.0845 14.3175
v  -7.7472 -2.0989 14.3400
v  -7.7528 -2.1206 14.3553
v  -7.7585 -2.1474 14.3609
v  -7.7633 -2.1744 14.3555
v  -7.7663 -2.1966 14.3404
v  -7.7673 -2.2118 14.3181
v  -7.7663 -2.2177 14.2907
v  -7.7677 -2.2236 14.2907
v  -7.7687 -2.2173 14.3204
v  -7.7675 -2.2007 14.3447
v  -7.7642 -2.1766 14.3610
v  -7.7589 -2.1473 14.3669
v  -7.7527 -2.1182 14.3608
v  -7.7467 -2.0947 14.3442
v  -7.7416 -2.0791 14.3199
v  -7.7383 -2.0736 14.2901
v  -7.7377 -2.0798 14.2603
v  -7.7394 -2.0961 14.2361
v  -7.7431 -2.1201 14.2198
v  -7.7484 -2.1493 14.2139
v  -7.7544 -2.1785 14.2200
v  -7.7599 -2.2022 14.2365
v  -7.7645 -2.2181 14.2609
v  -7.7577 -2.2068 14.2660
v  -7.7543 -2.1934 14.2460
v  -7.7501 -2.1736 14.2326
v  -7.7454 -2.1497 14.2277
v  -7.7411 -2.1257 14.2327
v  -7.7379 -2.1061 14.2459
v  -7.7365 -2.0928 14.2658
v  -7.7373 -2.0878 14.2901
v  -7.7403 -2.0926 14.3142
v  -7.7447 -2.1055 14.3338
v  -7.7497 -2.1245 14.3470
v  -7.7546 -2.1480 14.3522
v  -7.7583 -2.1720 14.3479
v  -7.7605 -2.1921 14.3350
v  -7.7610 -2.2062 14.3153
v  -7.7601 -2.2116 14.2907
v  -7.7503 -2.2057 14.2666
v  -7.7470 -2.1923 14.2476
v  -7.7430 -2.1730 14.2353
v  -7.7386 -2.1502 14.2312
v  -7.7346 -2.1277 14.2360
v  -7.7317 -2.1093 14.2485
v  -7.7303 -2.0969 14.2671
v  -7.7307 -2.0922 14.2900
v  -7.7331 -2.0968 14.3127
v  -7.7369 -2.1089 14.3312
v  -7.7414 -2.1269 14.3439
v  -7.7460 -2.1492 14.3492
v  -7.7498 -2.1722 14.3456
v  -7.7522 -2.1918 14.3335
v  -7.7532 -2.2055 14.3144
v  -7.7525 -2.2107 14.2905
v  -7.6616 -2.2021 14.2690
v  -7.6580 -2.1894 14.2503
v  -7.6538 -2.1708 14.2376
v  -7.6495 -2.1482 14.2329
v  -7.6459 -2.1258 14.2375
v  -7.6436 -2.1077 14.2500
v  -7.6427 -2.0957 14.2686
v  -7.6436 -2.0915 14.2914
v  -7.6460 -2.0965 14.3143
v  -7.6496 -2.1092 14.3330
v  -7.6538 -2.1278 14.3457
v  -7.6581 -2.1503 14.3504
v  -7.6618 -2.1727 14.3459
v  -7.6641 -2.1909 14.3334
v  -7.6650 -2.2030 14.3147
v  -7.6641 -2.2071 14.2919
v  -7.7474 -2.2133 14.0389
v  -7.7433 -2.1988 14.0164
v  -7.7383 -2.1769 14.0012
v  -7.7329 -2.1501 13.9955
v  -7.7282 -2.1231 14.0009
v  -7.7248 -2.1010 14.0159
v  -7.7233 -2.0860 14.0381
v  -7.7240 -2.0802 14.0655
v  -7.7271 -2.0852 14.0929
v  -7.7317 -2.0996 14.1154
v  -7.7371 -2.1212 14.1307
v  -7.7427 -2.1480 14.1364
v  -7.7474 -2.1750 14.1310
v  -7.7503 -2.1973 14.1160
v  -7.7513 -2.2125 14.0937
v  -7.7503 -2.2184 14.0663
v  -7.7515 -2.2244 14.0663
v  -7.7525 -2.2180 14.0960
v  -7.7514 -2.2014 14.1203
v  -7.7482 -2.1772 14.1365
v  -7.7431 -2.1479 14.1424
v  -7.7370 -2.1188 14.1362
v  -7.7311 -2.0953 14.1197
v  -7.7261 -2.0797 14.0952
v  -7.7230 -2.0742 14.0654
v  -7.7222 -2.0805 14.0357
v  -7.7238 -2.0968 14.0115
v  -7.7274 -2.1208 13.9953
v  -7.7326 -2.1501 13.9894
v  -7.7384 -2.1793 13.9956
v  -7.7439 -2.2031 14.0121
v  -7.7484 -2.2189 14.0365
v  -7.7418 -2.2071 14.0418
v  -7.7384 -2.1939 14.0218
v  -7.7342 -2.1743 14.0084
v  -7.7295 -2.1504 14.0034
v  -7.7252 -2.1265 14.0081
v  -7.7221 -2.1068 14.0213
v  -7.7206 -2.0933 14.0411
v  -7.7214 -2.0882 14.0655
v  -7.7244 -2.0930 14.0898
v  -7.7288 -2.1060 14.1094
v  -7.7338 -2.1251 14.1227
v  -7.7387 -2.1486 14.1278
v  -7.7424 -2.1725 14.1233
v  -7.7446 -2.1925 14.1103
v  -7.7452 -2.2064 14.0907
v  -7.7442 -2.2118 14.0663
v  -7.7341 -2.2058 14.0425
v  -7.7309 -2.1927 14.0235
v  -7.7270 -2.1737 14.0112
v  -7.7226 -2.1510 14.0067
v  -7.7187 -2.1284 14.0114
v  -7.7159 -2.1098 14.0237
v  -7.7145 -2.0970 14.0424
v  -7.7149 -2.0922 14.0654
v  -7.7174 -2.0969 14.0884
v  -7.7211 -2.1092 14.1070
v  -7.7255 -2.1274 14.1197
v  -7.7300 -2.1497 14.1248
v  -7.7338 -2.1727 14.1210
v  -7.7361 -2.1921 14.1088
v  -7.7370 -2.2056 14.0898
v  -7.7363 -2.2107 14.0661
v  -7.6453 -2.2024 14.0447
v  -7.6418 -2.1897 14.0260
v  -7.6377 -2.1711 14.0133
v  -7.6335 -2.1485 14.0085
v  -7.6300 -2.1261 14.0130
v  -7.6278 -2.1079 14.0255
v  -7.6271 -2.0958 14.0441
v  -7.6280 -2.0916 14.0669
v  -7.6304 -2.0966 14.0898
v  -7.6339 -2.1093 14.1086
v  -7.6380 -2.1278 14.1212
v  -7.6422 -2.1504 14.1260
v  -7.6457 -2.1729 14.1215
v  -7.6480 -2.1910 14.1090
v  -7.6487 -2.2032 14.0904
v  -7.6478 -2.2073 14.0676
v  -7.7315 -2.2144 13.8151
v  -7.7274 -2.1999 13.7925
v  -7.7225 -2.1781 13.7772
v  -7.7172 -2.1512 13.7715
v  -7.7124 -2.1241 13.7768
v  -7.7091 -2.1020 13.7918
v  -7.7076 -2.0869 13.8141
v  -7.7085 -2.0811 13.8415
v  -7.7116 -2.0861 13.8689
v  -7.7161 -2.1005 13.8914
v  -7.7214 -2.1221 13.9066
v  -7.7269 -2.1489 13.9124
v  -7.7315 -2.1759 13.9071
v  -7.7343 -2.1982 13.8921
v  -7.7353 -2.2135 13.8698
v  -7.7344 -2.2194 13.8425
v  -7.7354 -2.2255 13.8425
v  -7.7364 -2.2190 13.8722
v  -7.7354 -2.2024 13.8964
v  -7.7323 -2.1781 13.9127
v  -7.7273 -2.1488 13.9185
v  -7.7214 -2.1197 13.9122
v  -7.7156 -2.0962 13.8956
v  -7.7107 -2.0805 13.8712
v  -7.7076 -2.0751 13.8414
v  -7.7068 -2.0814 13.8117
v  -7.7084 -2.0978 13.7875
v  -7.7118 -2.1219 13.7713
v  -7.7169 -2.1512 13.7655
v  -7.7226 -2.1804 13.7717
v  -7.7279 -2.2042 13.7883
v  -7.7324 -2.2200 13.8127
v  -7.7264 -2.2078 13.8180
v  -7.7228 -2.1949 13.7979
v  -7.7186 -2.1754 13.7843
v  -7.7138 -2.1515 13.7789
v  -7.7094 -2.1273 13.7835
v  -7.7061 -2.1073 13.7968
v  -7.7046 -2.0938 13.8169
v  -7.7053 -2.0888 13.8415
v  -7.7084 -2.0938 13.8659
v  -7.7129 -2.1069 13.8854
v  -7.7180 -2.1261 13.8985
v  -7.7229 -2.1495 13.9034
v  -7.7267 -2.1732 13.8988
v  -7.7290 -2.1930 13.8860
v  -7.7296 -2.2067 13.8665
v  -7.7287 -2.2122 13.8424
v  -7.7185 -2.2061 13.8188
v  -7.7154 -2.1934 13.7998
v  -7.7116 -2.1747 13.7871
v  -7.7073 -2.1519 13.7823
v  -7.7033 -2.1291 13.7866
v  -7.7003 -2.1101 13.7990
v  -7.6989 -2.0971 13.8179
v  -7.6992 -2.0923 13.8413
v  -7.7015 -2.0972 13.8645
v  -7.7051 -2.1099 13.8832
v  -7.7095 -2.1283 13.8957
v  -7.7140 -2.1507 13.9005
v  -7.7177 -2.1734 13.8963
v  -7.7201 -2.1924 13.8841
v  -7.7211 -2.2055 13.8654
v  -7.7206 -2.2106 13.8422
v  -7.6296 -2.2031 13.8201
v  -7.6263 -2.1904 13.8014
v  -7.6223 -2.1718 13.7886
v  -7.6182 -2.1492 13.7838
v  -7.6148 -2.1268 13.7883
v  -7.6125 -2.1086 13.8008
v  -7.6117 -2.0965 13.8194
v  -7.6124 -2.0923 13.8422
v  -7.6147 -2.0972 13.8651
v  -7.6180 -2.1099 13.8839
v  -7.6219 -2.1285 13.8966
v  -7.6260 -2.1511 13.9014
v  -7.6296 -2.1736 13.8969
v  -7.6318 -2.1918 13.8844
v  -7.6327 -2.2039 13.8659
v  -7.6319 -2.2081 13.8430
v  -7.9528 -2.2116 16.9557
v  -7.9480 -2.1972 16.9333
v  -7.9417 -2.1757 16.9180
v  -7.9346 -2.1492 16.9123
v  -7.9278 -2.1227 16.9177
v  -7.9226 -2.1010 16.9327
v  -7.9195 -2.0862 16.9549
v  -7.9195 -2.0804 16.9823
v  -7.9228 -2.0852 17.0098
v  -7.9285 -2.0992 17.0323
v  -7.9355 -2.1204 17.0475
v  -7.9430 -2.1467 17.0532
v  -7.9496 -2.1733 17.0478
v  -7.9541 -2.1954 17.0329
v  -7.9561 -2.2106 17.0106
v  -7.9557 -2.2165 16.9832
v  -7.9575 -2.2223 16.9832
v  -7.9580 -2.2159 17.0129
v  -7.9556 -2.1994 17.0371
v  -7.9506 -2.1755 17.0534
v  -7.9434 -2.1466 17.0593
v  -7.9351 -2.1181 17.0531
v  -7.9275 -2.0951 17.0365
v  -7.9215 -2.0799 17.0121
v  -7.9181 -2.0746 16.9823
v  -7.9182 -2.0808 16.9525
v  -7.9213 -2.0969 16.9283
v  -7.9269 -2.1205 16.9121
v  -7.9343 -2.1493 16.9062
v  -7.9420 -2.1781 16.9124
v  -7.9489 -2.2014 16.9290
v  -7.9543 -2.2170 16.9534
v  -7.9466 -2.2062 16.9584
v  -7.9427 -2.1927 16.9386
v  -7.9375 -2.1733 16.9254
v  -7.9313 -2.1498 16.9205
v  -7.9252 -2.1264 16.9251
v  -7.9202 -2.1069 16.9380
v  -7.9171 -2.0933 16.9577
v  -7.9170 -2.0881 16.9824
v  -7.9203 -2.0928 17.0069
v  -7.9257 -2.1057 17.0266
v  -7.9322 -2.1246 17.0397
v  -7.9388 -2.1478 17.0448
v  -7.9441 -2.1715 17.0405
v  -7.9476 -2.1916 17.0277
v  -7.9492 -2.2058 17.0079
v  -7.9489 -2.2112 16.9831
v  -7.9392 -2.2054 16.9590
v  -7.9352 -2.1921 16.9402
v  -7.9300 -2.1731 16.9282
v  -7.9242 -2.1509 16.9241
v  -7.9186 -2.1289 16.9285
v  -7.9142 -2.1103 16.9404
v  -7.9115 -2.0972 16.9588
v  -7.9114 -2.0920 16.9821
v  -7.9139 -2.0966 17.0055
v  -7.9185 -2.1091 17.0244
v  -7.9242 -2.1273 17.0369
v  -7.9303 -2.1495 17.0422
v  -7.9358 -2.1724 17.0384
v  -7.9396 -2.1920 17.0262
v  -7.9416 -2.2056 17.0070
v  -7.9415 -2.2106 16.9829
v  -7.8503 -2.2079 16.9607
v  -7.8461 -2.1954 16.9420
v  -7.8408 -2.1771 16.9293
v  -7.8350 -2.1549 16.9245
v  -7.8299 -2.1328 16.9290
v  -7.8262 -2.1149 16.9415
v  -7.8245 -2.1029 16.9601
v  -7.8249 -2.0987 16.9830
v  -7.8275 -2.1035 17.0059
v  -7.8318 -2.1159 17.0246
v  -7.8371 -2.1342 17.0373
v  -7.8429 -2.1564 17.0421
v  -7.8480 -2.1785 17.0376
v  -7.8517 -2.1965 17.0251
v  -7.8534 -2.2085 17.0065
v  -7.8530 -2.2127 16.9836
v  -7.8850 -1.9769 16.9563
v  -7.8784 -1.9618 16.9338
v  -7.8693 -1.9394 16.9185
v  -7.8585 -1.9122 16.9128
v  -7.8479 -1.8853 16.9182
v  -7.8393 -1.8635 16.9331
v  -7.8338 -1.8488 16.9553
v  -7.8326 -1.8431 16.9827
v  -7.8365 -1.8477 17.0101
v  -7.8440 -1.8615 17.0325
v  -7.8540 -1.8826 17.0477
v  -7.8652 -1.9091 17.0534
v  -7.8756 -1.9365 17.0481
v  -7.8833 -1.9595 17.0332
v  -7.8878 -1.9755 17.0110
v  -7.8884 -1.9820 16.9837
v  -7.8905 -1.9884 16.9838
v  -7.8898 -1.9814 17.0135
v  -7.8850 -1.9640 17.0377
v  -7.8767 -1.9388 17.0540
v  -7.8654 -1.9090 17.0597
v  -7.8532 -1.8801 17.0535
v  -7.8424 -1.8572 17.0369
v  -7.8343 -1.8422 17.0125
v  -7.8301 -1.8374 16.9827
v  -7.8318 -1.8434 16.9529
v  -7.8376 -1.8593 16.9286
v  -7.8468 -1.8830 16.9124
v  -7.8583 -1.9123 16.9066
v  -7.8700 -1.9419 16.9128
v  -7.8798 -1.9664 16.9295
v  -7.8870 -1.9828 16.9539
v  -7.8784 -1.9703 16.9593
v  -7.8725 -1.9571 16.9394
v  -7.8644 -1.9373 16.9261
v  -7.8548 -1.9134 16.9211
v  -7.8453 -1.8897 16.9256
v  -7.8372 -1.8701 16.9383
v  -7.8318 -1.8565 16.9580
v  -7.8305 -1.8513 16.9827
v  -7.8345 -1.8561 17.0071
v  -7.8418 -1.8689 17.0265
v  -7.8509 -1.8876 17.0393
v  -7.8606 -1.9109 17.0444
v  -7.8694 -1.9350 17.0401
v  -7.8761 -1.9555 17.0274
v  -7.8803 -1.9696 17.0078
v  -7.8812 -1.9750 16.9835
v  -7.8700 -1.9697 16.9601
v  -7.8644 -1.9569 16.9413
v  -7.8567 -1.9381 16.9287
v  -7.8476 -1.9154 16.9241
v  -7.8387 -1.8929 16.9285
v  -7.8316 -1.8741 16.9403
v  -7.8268 -1.8606 16.9587
v  -7.8256 -1.8554 16.9823
v  -7.8285 -1.8603 17.0059
v  -7.8345 -1.8730 17.0246
v  -7.8426 -1.8913 17.0371
v  -7.8518 -1.9138 17.0422
v  -7.8605 -1.9370 17.0381
v  -7.8674 -1.9565 17.0255
v  -7.8716 -1.9697 17.0065
v  -7.8725 -1.9744 16.9832
v  -7.7753 -1.9705 16.9596
v  -7.7694 -1.9576 16.9408
v  -7.7617 -1.9389 16.9281
v  -7.7529 -1.9164 16.9233
v  -7.7446 -1.8941 16.9278
v  -7.7384 -1.8762 16.9403
v  -7.7348 -1.8644 16.9589
v  -7.7343 -1.8602 16.9817
v  -7.7371 -1.8649 17.0046
v  -7.7427 -1.8772 17.0234
v  -7.7503 -1.8954 17.0362
v  -7.7591 -1.9177 17.0409
v  -7.7675 -1.9402 17.0365
v  -7.7739 -1.9587 17.0240
v  -7.7777 -1.9711 17.0054
v  -7.7783 -1.9754 16.9825
v  -7.8718 -1.9769 16.7325
v  -7.8652 -1.9619 16.7099
v  -7.8563 -1.9395 16.6946
v  -7.8458 -1.9122 16.6887
v  -7.8355 -1.8852 16.6939
v  -7.8271 -1.8633 16.7086
v  -7.8217 -1.8483 16.7308
v  -7.8206 -1.8424 16.7581
v  -7.8243 -1.8469 16.7856
v  -7.8316 -1.8606 16.8081
v  -7.8413 -1.8817 16.8235
v  -7.8524 -1.9083 16.8294
v  -7.8626 -1.9358 16.8243
v  -7.8701 -1.9590 16.8095
v  -7.8745 -1.9753 16.7874
v  -7.8751 -1.9818 16.7600
v  -7.8772 -1.9882 16.7601
v  -7.8767 -1.9810 16.7898
v  -7.8719 -1.9633 16.8139
v  -7.8638 -1.9381 16.8300
v  -7.8526 -1.9081 16.8356
v  -7.8406 -1.8792 16.8292
v  -7.8300 -1.8563 16.8124
v  -7.8221 -1.8414 16.7879
v  -7.8183 -1.8366 16.7580
v  -7.8196 -1.8430 16.7283
v  -7.8253 -1.8591 16.7042
v  -7.8343 -1.8830 16.6881
v  -7.8456 -1.9124 16.6824
v  -7.8570 -1.9421 16.6889
v  -7.8666 -1.9664 16.7057
v  -7.8737 -1.9827 16.7303
v  -7.8652 -1.9706 16.7354
v  -7.8593 -1.9573 16.7153
v  -7.8514 -1.9374 16.7019
v  -7.8420 -1.9134 16.6968
v  -7.8328 -1.8895 16.7013
v  -7.8251 -1.8698 16.7140
v  -7.8200 -1.8562 16.7336
v  -7.8190 -1.8508 16.7581
v  -7.8229 -1.8553 16.7825
v  -7.8300 -1.8679 16.8020
v  -7.8388 -1.8865 16.8151
v  -7.8483 -1.9099 16.8204
v  -7.8569 -1.9342 16.8163
v  -7.8634 -1.9549 16.8037
v  -7.8674 -1.9694 16.7841
v  -7.8681 -1.9751 16.7598
v  -7.8570 -1.9699 16.7362
v  -7.8515 -1.9572 16.7171
v  -7.8438 -1.9382 16.7043
v  -7.8349 -1.9153 16.6997
v  -7.8263 -1.8926 16.7042
v  -7.8193 -1.8738 16.7161
v  -7.8149 -1.8605 16.7345
v  -7.8138 -1.8553 16.7579
v  -7.8168 -1.8601 16.7811
v  -7.8228 -1.8725 16.7997
v  -7.8307 -1.8904 16.8123
v  -7.8396 -1.9127 16.8177
v  -7.8482 -1.9360 16.8141
v  -7.8548 -1.9558 16.8018
v  -7.8589 -1.9693 16.7828
v  -7.8597 -1.9744 16.7595
v  -7.7624 -1.9696 16.7362
v  -7.7566 -1.9568 16.7174
v  -7.7489 -1.9382 16.7045
v  -7.7402 -1.9156 16.6996
v  -7.7321 -1.8933 16.7039
v  -7.7261 -1.8752 16.7163
v  -7.7226 -1.8632 16.7348
v  -7.7222 -1.8588 16.7576
v  -7.7251 -1.8633 16.7806
v  -7.7307 -1.8755 16.7994
v  -7.7382 -1.8937 16.8123
v  -7.7469 -1.9161 16.8172
v  -7.7551 -1.9386 16.8129
v  -7.7613 -1.9572 16.8005
v  -7.7650 -1.9698 16.7820
v  -7.7654 -1.9743 16.7592
v  -7.8577 -1.9757 16.5089
v  -7.8512 -1.9608 16.4862
v  -7.8425 -1.9383 16.4708
v  -7.8323 -1.9109 16.4648
v  -7.8222 -1.8838 16.4699
v  -7.8141 -1.8617 16.4846
v  -7.8090 -1.8467 16.5067
v  -7.8080 -1.8406 16.5340
v  -7.8114 -1.8451 16.5615
v  -7.8186 -1.8588 16.5840
v  -7.8281 -1.8799 16.5995
v  -7.8390 -1.9066 16.6054
v  -7.8490 -1.9342 16.6004
v  -7.8563 -1.9575 16.5857
v  -7.8605 -1.9739 16.5637
v  -7.8610 -1.9805 16.5364
v  -7.8632 -1.9869 16.5365
v  -7.8627 -1.9796 16.5661
v  -7.8582 -1.9618 16.5902
v  -7.8501 -1.9364 16.6062
v  -7.8393 -1.9064 16.6117
v  -7.8274 -1.8774 16.6052
v  -7.8170 -1.8545 16.5884
v  -7.8091 -1.8397 16.5638
v  -7.8054 -1.8349 16.5339
v  -7.8066 -1.8413 16.5042
v  -7.8122 -1.8576 16.4801
v  -7.8211 -1.8816 16.4641
v  -7.8322 -1.9111 16.4586
v  -7.8434 -1.9408 16.4651
v  -7.8528 -1.9652 16.4819
v  -7.8598 -1.9815 16.5066
v  -7.8506 -1.9703 16.5114
v  -7.8448 -1.9569 16.4911
v  -7.8371 -1.9366 16.4776
v  -7.8282 -1.9121 16.4726
v  -7.8195 -1.8880 16.4774
v  -7.8125 -1.8685 16.4904
v  -7.8081 -1.8550 16.5099
v  -7.8074 -1.8498 16.5340
v  -7.8112 -1.8542 16.5579
v  -7.8178 -1.8665 16.5772
v  -7.8261 -1.8849 16.5904
v  -7.8350 -1.9081 16.5960
v  -7.8431 -1.9326 16.5924
v  -7.8492 -1.9537 16.5801
v  -7.8529 -1.9686 16.5607
v  -7.8534 -1.9747 16.5362
v  -7.8428 -1.9700 16.5119
v  -7.8374 -1.9569 16.4924
v  -7.8299 -1.9373 16.4796
v  -7.8213 -1.9139 16.4754
v  -7.8129 -1.8912 16.4804
v  -7.8063 -1.8728 16.4927
v  -7.8022 -1.8602 16.5111
v  -7.8014 -1.8554 16.5338
v  -7.8043 -1.8600 16.5563
v  -7.8100 -1.8718 16.5744
v  -7.8174 -1.8890 16.5872
v  -7.8260 -1.9110 16.5932
v  -7.8343 -1.9344 16.5902
v  -7.8407 -1.9546 16.5784
v  -7.8446 -1.9688 16.5595
v  -7.8454 -1.9744 16.5358
v  -7.7483 -1.9674 16.5124
v  -7.7426 -1.9546 16.4934
v  -7.7351 -1.9359 16.4805
v  -7.7267 -1.9133 16.4755
v  -7.7188 -1.8909 16.4798
v  -7.7129 -1.8728 16.4921
v  -7.7095 -1.8606 16.5106
v  -7.7091 -1.8562 16.5334
v  -7.7119 -1.8607 16.5564
v  -7.7174 -1.8729 16.5753
v  -7.7247 -1.8911 16.5882
v  -7.7331 -1.9135 16.5932
v  -7.7411 -1.9362 16.5889
v  -7.7472 -1.9549 16.5766
v  -7.7508 -1.9675 16.5581
v  -7.7513 -1.9721 16.5353
v  -7.8446 -1.9769 16.2840
v  -7.8382 -1.9620 16.2613
v  -7.8296 -1.9396 16.2458
v  -7.8196 -1.9121 16.2397
v  -7.8097 -1.8849 16.2447
v  -7.8018 -1.8627 16.2594
v  -7.7968 -1.8475 16.2814
v  -7.7958 -1.8414 16.3087
v  -7.7993 -1.8458 16.3362
v  -7.8063 -1.8595 16.3589
v  -7.8156 -1.8807 16.3744
v  -7.8263 -1.9075 16.3804
v  -7.8360 -1.9352 16.3755
v  -7.8432 -1.9586 16.3609
v  -7.8473 -1.9750 16.3388
v  -7.8478 -1.9818 16.3115
v  -7.8498 -1.9881 16.3117
v  -7.8494 -1.9808 16.3413
v  -7.8450 -1.9629 16.3653
v  -7.8372 -1.9374 16.3812
v  -7.8265 -1.9073 16.3866
v  -7.8150 -1.8782 16.3800
v  -7.8047 -1.8552 16.3632
v  -7.7970 -1.8404 16.3385
v  -7.7933 -1.8357 16.3086
v  -7.7945 -1.8422 16.2790
v  -7.8000 -1.8586 16.2549
v  -7.8086 -1.8827 16.2390
v  -7.8194 -1.9123 16.2335
v  -7.8303 -1.9421 16.2402
v  -7.8396 -1.9666 16.2571
v  -7.8464 -1.9828 16.2818
v  -7.8381 -1.9707 16.2867
v  -7.8324 -1.9574 16.2666
v  -7.8248 -1.9374 16.2529
v  -7.8159 -1.9131 16.2478
v  -7.8072 -1.8890 16.2523
v  -7.8002 -1.8693 16.2651
v  -7.7956 -1.8556 16.2845
v  -7.7947 -1.8502 16.3088
v  -7.7984 -1.8545 16.3330
v  -7.8049 -1.8669 16.3525
v  -7.8132 -1.8856 16.3659
v  -7.8221 -1.9090 16.3714
v  -7.8302 -1.9336 16.3677
v  -7.8364 -1.9545 16.3552
v  -7.8402 -1.9692 16.3356
v  -7.8409 -1.9751 16.3113
v  -7.8300 -1.9700 16.2875
v  -7.8246 -1.9571 16.2682
v  -7.8173 -1.9380 16.2554
v  -7.8088 -1.9149 16.2509
v  -7.8006 -1.8922 16.2555
v  -7.7941 -1.8736 16.2675
v  -7.7900 -1.8606 16.2857
v  -7.7890 -1.8554 16.3086
v  -7.7918 -1.8598 16.3315
v  -7.7974 -1.8717 16.3500
v  -7.8049 -1.8894 16.3630
v  -7.8134 -1.9118 16.3689
v  -7.8215 -1.9353 16.3655
v  -7.8279 -1.9553 16.3534
v  -7.8317 -1.9691 16.3344
v  -7.8325 -1.9744 16.3109
v  -7.7354 -1.9677 16.2875
v  -7.7298 -1.9550 16.2685
v  -7.7225 -1.9363 16.2556
v  -7.7141 -1.9136 16.2505
v  -7.7064 -1.8911 16.2547
v  -7.7007 -1.8729 16.2670
v  -7.6973 -1.8607 16.2854
v  -7.6970 -1.8562 16.3082
v  -7.6998 -1.8607 16.3312
v  -7.7052 -1.8728 16.3501
v  -7.7123 -1.8911 16.3631
v  -7.7206 -1.9136 16.3681
v  -7.7284 -1.9363 16.3639
v  -7.7344 -1.9550 16.3517
v  -7.7379 -1.9678 16.3332
v  -7.7383 -1.9724 16.3104
v  -7.8310 -1.9778 16.0603
v  -7.8248 -1.9629 16.0376
v  -7.8163 -1.9405 16.0220
v  -7.8065 -1.9130 16.0158
v  -7.7968 -1.8857 16.0207
v  -7.7890 -1.8634 16.0353
v  -7.7842 -1.8481 16.0573
v  -7.7832 -1.8419 16.0846
v  -7.7867 -1.8462 16.1121
v  -7.7936 -1.8599 16.1348
v  -7.8028 -1.8811 16.1503
v  -7.8132 -1.9079 16.1565
v  -7.8228 -1.9357 16.1516
v  -7.8298 -1.9592 16.1371
v  -7.8338 -1.9757 16.1151
v  -7.8342 -1.9826 16.0878
v  -7.8361 -1.9890 16.0880
v  -7.8358 -1.9815 16.1176
v  -7.8315 -1.9636 16.1415
v  -7.8239 -1.9380 16.1574
v  -7.8135 -1.9077 16.1627
v  -7.8022 -1.8785 16.1560
v  -7.7921 -1.8555 16.1391
v  -7.7846 -1.8407 16.1144
v  -7.7808 -1.8361 16.0845
v  -7.7821 -1.8427 16.0548
v  -7.7874 -1.8592 16.0308
v  -7.7958 -1.8834 16.0150
v  -7.8063 -1.9132 16.0096
v  -7.8170 -1.9431 16.0163
v  -7.8260 -1.9675 16.0333
v  -7.8327 -1.9838 16.0581
v  -7.8246 -1.9711 16.0631
v  -7.8189 -1.9582 16.0429
v  -7.8113 -1.9383 16.0290
v  -7.8025 -1.9140 16.0236
v  -7.7940 -1.8897 16.0280
v  -7.7870 -1.8698 16.0408
v  -7.7826 -1.8560 16.0603
v  -7.7819 -1.8505 16.0847
v  -7.7857 -1.8549 16.1089
v  -7.7922 -1.8674 16.1284
v  -7.8004 -1.8860 16.1417
v  -7.8092 -1.9095 16.1472
v  -7.8172 -1.9339 16.1434
v  -7.8232 -1.9547 16.1309
v  -7.8268 -1.9693 16.1116
v  -7.8274 -1.9753 16.0875
v  -7.8163 -1.9703 16.0639
v  -7.8111 -1.9578 16.0446
v  -7.8040 -1.9388 16.0314
v  -7.7956 -1.9156 16.0265
v  -7.7876 -1.8926 16.0309
v  -7.7812 -1.8737 16.0430
v  -7.7772 -1.8606 16.0614
v  -7.7763 -1.8554 16.0845
v  -7.7791 -1.8600 16.1074
v  -7.7846 -1.8721 16.1259
v  -7.7919 -1.8899 16.1388
v  -7.8003 -1.9122 16.1445
v  -7.8082 -1.9356 16.1410
v  -7.8143 -1.9554 16.1290
v  -7.8181 -1.9690 16.1103
v  -7.8188 -1.9744 16.0872
v  -7.7217 -1.9677 16.0636
v  -7.7163 -1.9549 16.0446
v  -7.7091 -1.9362 16.0316
v  -7.7010 -1.9134 16.0265
v  -7.6935 -1.8909 16.0306
v  -7.6879 -1.8726 16.0428
v  -7.6847 -1.8603 16.0612
v  -7.6844 -1.8557 16.0840
v  -7.6871 -1.8601 16.1070
v  -7.6923 -1.8723 16.1260
v  -7.6993 -1.8905 16.1390
v  -7.7074 -1.9131 16.1441
v  -7.7150 -1.9359 16.1400
v  -7.7208 -1.9548 16.1278
v  -7.7242 -1.9676 16.1094
v  -7.7246 -1.9723 16.0866
v  -7.8172 -1.9786 15.8368
v  -7.8111 -1.9638 15.8140
v  -7.8027 -1.9413 15.7983
v  -7.7930 -1.9138 15.7921
v  -7.7836 -1.8864 15.7969
v  -7.7760 -1.8640 15.8114
v  -7.7713 -1.8486 15.8334
v  -7.7705 -1.8422 15.8607
v  -7.7740 -1.8465 15.8882
v  -7.7808 -1.8602 15.9109
v  -7.7898 -1.8814 15.9266
v  -7.8000 -1.9084 15.9328
v  -7.8093 -1.9362 15.9280
v  -7.8161 -1.9598 15.9135
v  -7.8200 -1.9764 15.8916
v  -7.8204 -1.9834 15.8643
v  -7.8222 -1.9898 15.8645
v  -7.8219 -1.9822 15.8941
v  -7.8178 -1.9641 15.9180
v  -7.8104 -1.9384 15.9337
v  -7.8002 -1.9081 15.9390
v  -7.7892 -1.8789 15.9322
v  -7.7793 -1.8558 15.9152
v  -7.7720 -1.8410 15.8904
v  -7.7681 -1.8365 15.8605
v  -7.7694 -1.8431 15.8309
v  -7.7745 -1.8598 15.8070
v  -7.7827 -1.8841 15.7912
v  -7.7930 -1.9139 15.7859
v  -7.8034 -1.9439 15.7927
v  -7.8123 -1.9684 15.8098
v  -7.8188 -1.9846 15.8346
v  -7.8110 -1.9717 15.8397
v  -7.8053 -1.9590 15.8193
v  -7.7976 -1.9393 15.8052
v  -7.7888 -1.9148 15.7996
v  -7.7804 -1.8904 15.8039
v  -7.7735 -1.8702 15.8166
v  -7.7694 -1.8563 15.8363
v  -7.7689 -1.8508 15.8608
v  -7.7729 -1.8552 15.8850
v  -7.7795 -1.8677 15.9045
v  -7.7876 -1.8864 15.9177
v  -7.7963 -1.9097 15.9231
v  -7.8041 -1.9341 15.9193
v  -7.8100 -1.9548 15.9069
v  -7.8135 -1.9694 15.8878
v  -7.8140 -1.9755 15.8640
v  -7.8026 -1.9706 15.8405
v  -7.7974 -1.9586 15.8210
v  -7.7904 -1.9397 15.8074
v  -7.7821 -1.9163 15.8021
v  -7.7742 -1.8930 15.8064
v  -7.7680 -1.8737 15.8186
v  -7.7641 -1.8605 15.8373
v  -7.7634 -1.8555 15.8606
v  -7.7663 -1.8602 15.8836
v  -7.7718 -1.8725 15.9020
v  -7.7790 -1.8903 15.9146
v  -7.7872 -1.9125 15.9201
v  -7.7949 -1.9356 15.9166
v  -7.8009 -1.9552 15.9047
v  -7.8045 -1.9687 15.8863
v  -7.8051 -1.9744 15.8636
v  -7.7080 -1.9676 15.8402
v  -7.7026 -1.9549 15.8212
v  -7.6956 -1.9362 15.8081
v  -7.6877 -1.9134 15.8029
v  -7.6804 -1.8907 15.8069
v  -7.6749 -1.8724 15.8191
v  -7.6718 -1.8600 15.8375
v  -7.6715 -1.8554 15.8602
v  -7.6743 -1.8597 15.8832
v  -7.6794 -1.8718 15.9022
v  -7.6863 -1.8901 15.9153
v  -7.6942 -1.9127 15.9205
v  -7.7016 -1.9356 15.9165
v  -7.7073 -1.9545 15.9043
v  -7.7105 -1.9674 15.8859
v  -7.7108 -1.9722 15.8632
v  -7.8027 -1.9781 15.6124
v  -7.7966 -1.9633 15.5895
v  -7.7885 -1.9408 15.5738
v  -7.7791 -1.9132 15.5675
v  -7.7699 -1.8857 15.5723
v  -7.7626 -1.8631 15.5867
v  -7.7580 -1.8476 15.6087
v  -7.7572 -1.8412 15.6359
v  -7.7606 -1.8455 15.6634
v  -7.7672 -1.8592 15.6862
v  -7.7760 -1.8804 15.7019
v  -7.7860 -1.9074 15.7082
v  -7.7951 -1.9353 15.7034
v  -7.8018 -1.9590 15.6891
v  -7.8055 -1.9757 15.6672
v  -7.8059 -1.9827 15.6400
v  -7.8076 -1.9892 15.6401
v  -7.8074 -1.9816 15.6697
v  -7.8034 -1.9634 15.6936
v  -7.7962 -1.9376 15.7092
v  -7.7863 -1.9071 15.7144
v  -7.7754 -1.8778 15.7075
v  -7.7657 -1.8548 15.6904
v  -7.7585 -1.8400 15.6657
v  -7.7545 -1.8356 15.6358
v  -7.7559 -1.8423 15.6061
v  -7.7609 -1.8590 15.5822
v  -7.7689 -1.8834 15.5665
v  -7.7790 -1.9134 15.5613
v  -7.7892 -1.9434 15.5682
v  -7.7979 -1.9679 15.5854
v  -7.8043 -1.9841 15.6102
v  -7.7963 -1.9715 15.6151
v  -7.7908 -1.9586 15.5947
v  -7.7834 -1.9388 15.5805
v  -7.7749 -1.9142 15.5750
v  -7.7669 -1.8896 15.5795
v  -7.7605 -1.8695 15.5923
v  -7.7566 -1.8557 15.6118
v  -7.7562 -1.8502 15.6360
v  -7.7599 -1.8545 15.6601
v  -7.7661 -1.8668 15.6795
v  -7.7739 -1.8854 15.6929
v  -7.7822 -1.9088 15.6986
v  -7.7897 -1.9333 15.6950
v  -7.7955 -1.9542 15.6827
v  -7.7988 -1.9691 15.6636
v  -7.7992 -1.9753 15.6396
v  -7.7882 -1.9706 15.6159
v  -7.7831 -1.9583 15.5962
v  -7.7762 -1.9391 15.5827
v  -7.7682 -1.9156 15.5777
v  -7.7606 -1.8923 15.5822
v  -7.7545 -1.8734 15.5945
v  -7.7508 -1.8605 15.6130
v  -7.7502 -1.8555 15.6359
v  -7.7529 -1.8600 15.6585
v  -7.7582 -1.8718 15.6768
v  -7.7652 -1.8893 15.6897
v  -7.7731 -1.9115 15.6956
v  -7.7807 -1.9348 15.6924
v  -7.7865 -1.9547 15.6807
v  -7.7900 -1.9686 15.6622
v  -7.7906 -1.9744 15.6393
v  -7.6936 -1.9663 15.6156
v  -7.6884 -1.9536 15.5966
v  -7.6815 -1.9348 15.5834
v  -7.6738 -1.9119 15.5782
v  -7.6666 -1.8892 15.5822
v  -7.6613 -1.8708 15.5943
v  -7.6582 -1.8584 15.6126
v  -7.6580 -1.8537 15.6354
v  -7.6607 -1.8580 15.6584
v  -7.6657 -1.8701 15.6774
v  -7.6724 -1.8884 15.6906
v  -7.6801 -1.9110 15.6958
v  -7.6874 -1.9340 15.6918
v  -7.6929 -1.9530 15.6798
v  -7.6961 -1.9659 15.6614
v  -7.6964 -1.9708 15.6387
v  -7.7882 -1.9786 15.3842
v  -7.7821 -1.9631 15.3618
v  -7.7742 -1.9401 15.3467
v  -7.7649 -1.9122 15.3412
v  -7.7560 -1.8847 15.3468
v  -7.7490 -1.8625 15.3619
v  -7.7447 -1.8476 15.3843
v  -7.7442 -1.8419 15.4117
v  -7.7478 -1.8468 15.4391
v  -7.7545 -1.8612 15.4614
v  -7.7633 -1.8829 15.4765
v  -7.7730 -1.9101 15.4821
v  -7.7817 -1.9381 15.4766
v  -7.7880 -1.9615 15.4615
v  -7.7914 -1.9777 15.4391
v  -7.7915 -1.9840 15.4117
v  -7.7932 -1.9903 15.4117
v  -7.7933 -1.9835 15.4415
v  -7.7896 -1.9659 15.4658
v  -7.7828 -1.9404 15.4822
v  -7.7733 -1.9100 15.4882
v  -7.7628 -1.8804 15.4822
v  -7.7532 -1.8568 15.4658
v  -7.7459 -1.8413 15.4415
v  -7.7415 -1.8362 15.4117
v  -7.7426 -1.8421 15.3819
v  -7.7472 -1.8583 15.3576
v  -7.7549 -1.8824 15.3412
v  -7.7646 -1.9123 15.3351
v  -7.7746 -1.9426 15.3412
v  -7.7832 -1.9675 15.3576
v  -7.7896 -1.9844 15.3819
v  -7.7829 -1.9711 15.3874
v  -7.7774 -1.9576 15.3676
v  -7.7702 -1.9374 15.3544
v  -7.7618 -1.9130 15.3496
v  -7.7538 -1.8888 15.3545
v  -7.7473 -1.8691 15.3676
v  -7.7434 -1.8557 15.3873
v  -7.7428 -1.8506 15.4116
v  -7.7463 -1.8554 15.4358
v  -7.7524 -1.8683 15.4553
v  -7.7601 -1.8875 15.4684
v  -7.7684 -1.9115 15.4736
v  -7.7760 -1.9363 15.4691
v  -7.7818 -1.9570 15.4558
v  -7.7853 -1.9708 15.4358
v  -7.7857 -1.9760 15.4116
v  -7.7745 -1.9694 15.3886
v  -7.7694 -1.9566 15.3700
v  -7.7626 -1.9376 15.3576
v  -7.7547 -1.9146 15.3532
v  -7.7471 -1.8920 15.3579
v  -7.7412 -1.8734 15.3701
v  -7.7376 -1.8605 15.3884
v  -7.7370 -1.8556 15.4114
v  -7.7397 -1.8601 15.4343
v  -7.7450 -1.8724 15.4530
v  -7.7520 -1.8908 15.4660
v  -7.7600 -1.9138 15.4713
v  -7.7675 -1.9376 15.4670
v  -7.7732 -1.9573 15.4539
v  -7.7766 -1.9701 15.4345
v  -7.7771 -1.9744 15.4113
v  -7.6798 -1.9660 15.3888
v  -7.6745 -1.9528 15.3701
v  -7.6676 -1.9336 15.3575
v  -7.6599 -1.9106 15.3529
v  -7.6529 -1.8880 15.3575
v  -7.6478 -1.8698 15.3702
v  -7.6450 -1.8579 15.3889
v  -7.6450 -1.8538 15.4117
v  -7.6478 -1.8587 15.4346
v  -7.6529 -1.8713 15.4533
v  -7.6597 -1.8900 15.4659
v  -7.6673 -1.9128 15.4705
v  -7.6744 -1.9357 15.4658
v  -7.6798 -1.9544 15.4532
v  -7.6827 -1.9669 15.4345
v  -7.6828 -1.9712 15.4116
v  -7.7739 -1.9796 15.1615
v  -7.7681 -1.9642 15.1389
v  -7.7603 -1.9413 15.1236
v  -7.7512 -1.9135 15.1179
v  -7.7425 -1.8860 15.1231
v  -7.7356 -1.8636 15.1380
v  -7.7315 -1.8484 15.1602
v  -7.7309 -1.8424 15.1875
v  -7.7345 -1.8471 15.2149
v  -7.7411 -1.8613 15.2374
v  -7.7496 -1.8829 15.2527
v  -7.7591 -1.9102 15.2585
v  -7.7677 -1.9382 15.2533
v  -7.7738 -1.9618 15.2385
v  -7.7771 -1.9782 15.2163
v  -7.7772 -1.9848 15.1889
v  -7.7788 -1.9912 15.1890
v  -7.7789 -1.9841 15.2187
v  -7.7754 -1.9662 15.2428
v  -7.7687 -1.9406 15.2590
v  -7.7594 -1.9100 15.2647
v  -7.7491 -1.8804 15.2584
v  -7.7398 -1.8569 15.2418
v  -7.7326 -1.8416 15.2173
v  -7.7283 -1.8367 15.1875
v  -7.7295 -1.8429 15.1577
v  -7.7341 -1.8593 15.1335
v  -7.7415 -1.8836 15.1174
v  -7.7510 -1.9136 15.1116
v  -7.7608 -1.9439 15.1180
v  -7.7691 -1.9688 15.1346
v  -7.7754 -1.9856 15.1592
v  -7.7685 -1.9717 15.1647
v  -7.7630 -1.9587 15.1448
v  -7.7557 -1.9389 15.1312
v  -7.7474 -1.9144 15.1259
v  -7.7396 -1.8900 15.1304
v  -7.7333 -1.8700 15.1434
v  -7.7295 -1.8563 15.1631
v  -7.7292 -1.8510 15.1875
v  -7.7329 -1.8556 15.2118
v  -7.7391 -1.8685 15.2312
v  -7.7468 -1.8876 15.2444
v  -7.7549 -1.9115 15.2496
v  -7.7623 -1.9361 15.2451
v  -7.7679 -1.9566 15.2321
v  -7.7711 -1.9706 15.2126
v  -7.7714 -1.9761 15.1887
v  -7.7598 -1.9701 15.1659
v  -7.7548 -1.9579 15.1470
v  -7.7481 -1.9391 15.1339
v  -7.7403 -1.9159 15.1289
v  -7.7330 -1.8928 15.1333
v  -7.7273 -1.8737 15.1455
v  -7.7239 -1.8606 15.1642
v  -7.7234 -1.8556 15.1873
v  -7.7263 -1.8603 15.2103
v  -7.7315 -1.8727 15.2289
v  -7.7384 -1.8910 15.2416
v  -7.7461 -1.9138 15.2469
v  -7.7534 -1.9373 15.2427
v  -7.7588 -1.9568 15.2300
v  -7.7620 -1.9696 15.2111
v  -7.7623 -1.9744 15.1885
v  -7.6651 -1.9660 15.1660
v  -7.6599 -1.9529 15.1472
v  -7.6532 -1.9338 15.1344
v  -7.6458 -1.9107 15.1295
v  -7.6391 -1.8880 15.1339
v  -7.6342 -1.8696 15.1464
v  -7.6316 -1.8574 15.1650
v  -7.6316 -1.8531 15.1878
v  -7.6344 -1.8578 15.2107
v  -7.6394 -1.8703 15.2295
v  -7.6459 -1.8889 15.2423
v  -7.6533 -1.9118 15.2471
v  -7.6602 -1.9348 15.2427
v  -7.6653 -1.9537 15.2303
v  -7.6681 -1.9664 15.2117
v  -7.6681 -1.9709 15.1889
v  -7.7589 -1.9788 14.9355
v  -7.7531 -1.9632 14.9132
v  -7.7455 -1.9401 14.8982
v  -7.7367 -1.9122 14.8927
v  -7.7282 -1.8846 14.8983
v  -7.7216 -1.8623 14.9134
v  -7.7177 -1.8473 14.9357
v  -7.7173 -1.8415 14.9631
v  -7.7208 -1.8466 14.9905
v  -7.7273 -1.8610 15.0128
v  -7.7357 -1.8829 15.0279
v  -7.7450 -1.9103 15.0334
v  -7.7533 -1.9384 15.0278
v  -7.7592 -1.9619 15.0127
v  -7.7623 -1.9781 14.9903
v  -7.7622 -1.9843 14.9629
v  -7.7639 -1.9908 14.9629
v  -7.7641 -1.9840 14.9927
v  -7.7608 -1.9663 15.0170
v  -7.7544 -1.9408 15.0334
v  -7.7454 -1.9103 15.0395
v  -7.7353 -1.8805 15.0335
v  -7.7261 -1.8567 15.0172
v  -7.7190 -1.8411 14.9929
v  -7.7143 -1.8359 14.9632
v  -7.7156 -1.8417 14.9333
v  -7.7199 -1.8580 14.9089
v  -7.7271 -1.8822 14.8925
v  -7.7363 -1.9122 14.8864
v  -7.7459 -1.9427 14.8924
v  -7.7541 -1.9678 14.9088
v  -7.7604 -1.9848 14.9331
v  -7.7533 -1.9710 14.9389
v  -7.7479 -1.9576 14.9193
v  -7.7409 -1.9375 14.9061
v  -7.7330 -1.9131 14.9013
v  -7.7256 -1.8888 14.9061
v  -7.7197 -1.8691 14.9192
v  -7.7163 -1.8556 14.9388
v  -7.7160 -1.8505 14.9630
v  -7.7195 -1.8552 14.9871
v  -7.7254 -1.8681 15.0066
v  -7.7327 -1.8874 15.0198
v  -7.7405 -1.9116 15.0249
v  -7.7476 -1.9364 15.0203
v  -7.7529 -1.9571 15.0069
v  -7.7560 -1.9708 14.9869
v  -7.7562 -1.9759 14.9628
v  -7.7445 -1.9696 14.9401
v  -7.7395 -1.9569 14.9215
v  -7.7330 -1.9378 14.9089
v  -7.7255 -1.9146 14.9045
v  -7.7186 -1.8918 14.9093
v  -7.7132 -1.8731 14.9216
v  -7.7101 -1.8605 14.9401
v  -7.7099 -1.8556 14.9629
v  -7.7127 -1.8602 14.9856
v  -7.7179 -1.8723 15.0041
v  -7.7246 -1.8906 15.0171
v  -7.7320 -1.9137 15.0225
v  -7.7390 -1.9376 15.0182
v  -7.7441 -1.9573 15.0051
v  -7.7470 -1.9701 14.9857
v  -7.7472 -1.9744 14.9627
v  -7.6500 -1.9643 14.9410
v  -7.6447 -1.9510 14.9224
v  -7.6381 -1.9317 14.9098
v  -7.6309 -1.9085 14.9053
v  -7.6245 -1.8858 14.9099
v  -7.6199 -1.8675 14.9225
v  -7.6175 -1.8554 14.9412
v  -7.6178 -1.8513 14.9641
v  -7.6207 -1.8562 14.9869
v  -7.6258 -1.8689 15.0056
v  -7.6322 -1.8877 15.0182
v  -7.6394 -1.9106 15.0227
v  -7.6460 -1.9337 15.0181
v  -7.6508 -1.9525 15.0054
v  -7.6533 -1.9651 14.9868
v  -7.6530 -1.9695 14.9639
v  -7.7440 -1.9782 14.7110
v  -7.7383 -1.9627 14.6887
v  -7.7308 -1.9396 14.6736
v  -7.7222 -1.9117 14.6681
v  -7.7140 -1.8841 14.6736
v  -7.7076 -1.8617 14.6885
v  -7.7038 -1.8466 14.7108
v  -7.7034 -1.8408 14.7382
v  -7.7069 -1.8458 14.7656
v  -7.7132 -1.8602 14.7879
v  -7.7215 -1.8821 14.8030
v  -7.7305 -1.9096 14.8086
v  -7.7386 -1.9377 14.8031
v  -7.7443 -1.9612 14.7880
v  -7.7474 -1.9774 14.7656
v  -7.7472 -1.9837 14.7383
v  -7.7489 -1.9904 14.7383
v  -7.7491 -1.9835 14.7681
v  -7.7459 -1.9657 14.7924
v  -7.7397 -1.9401 14.8088
v  -7.7309 -1.9095 14.8147
v  -7.7210 -1.8797 14.8087
v  -7.7120 -1.8559 14.7923
v  -7.7050 -1.8403 14.7679
v  -7.7011 -1.8349 14.7382
v  -7.7017 -1.8410 14.7084
v  -7.7058 -1.8573 14.6841
v  -7.7129 -1.8817 14.6677
v  -7.7219 -1.9118 14.6617
v  -7.7312 -1.9423 14.6678
v  -7.7393 -1.9675 14.6842
v  -7.7454 -1.9844 14.7085
v  -7.7378 -1.9705 14.7144
v  -7.7326 -1.9571 14.6949
v  -7.7259 -1.9370 14.6818
v  -7.7184 -1.9126 14.6770
v  -7.7114 -1.8884 14.6819
v  -7.7060 -1.8688 14.6948
v  -7.7028 -1.8554 14.7142
v  -7.7026 -1.8502 14.7381
v  -7.7058 -1.8547 14.7620
v  -7.7114 -1.8674 14.7815
v  -7.7183 -1.8867 14.7948
v  -7.7257 -1.9109 14.8002
v  -7.7325 -1.9359 14.7957
v  -7.7374 -1.9567 14.7824
v  -7.7404 -1.9705 14.7624
v  -7.7406 -1.9755 14.7383
v  -7.7288 -1.9695 14.7154
v  -7.7240 -1.9566 14.6968
v  -7.7177 -1.9374 14.6843
v  -7.7105 -1.9142 14.6801
v  -7.7039 -1.8914 14.6851
v  -7.6989 -1.8731 14.6975
v  -7.6961 -1.8607 14.7157
v  -7.6959 -1.8558 14.7380
v  -7.6987 -1.8599 14.7604
v  -7.7036 -1.8717 14.7790
v  -7.7100 -1.8898 14.7922
v  -7.7172 -1.9129 14.7981
v  -7.7238 -1.9371 14.7939
v  -7.7287 -1.9571 14.7809
v  -7.7314 -1.9701 14.7613
v  -7.7315 -1.9744 14.7382
v  -7.6344 -1.9628 14.7167
v  -7.6293 -1.9495 14.6980
v  -7.6229 -1.9302 14.6854
v  -7.6160 -1.9069 14.6807
v  -7.6098 -1.8841 14.6853
v  -7.6054 -1.8657 14.6979
v  -7.6032 -1.8535 14.7165
v  -7.6036 -1.8493 14.7394
v  -7.6065 -1.8542 14.7623
v  -7.6114 -1.8669 14.7809
v  -7.6177 -1.8857 14.7936
v  -7.6246 -1.9088 14.7982
v  -7.6309 -1.9319 14.7936
v  -7.6354 -1.9508 14.7810
v  -7.6378 -1.9635 14.7624
v  -7.6374 -1.9679 14.7395
v  -7.7296 -1.9792 14.4898
v  -7.7241 -1.9642 14.4670
v  -7.7168 -1.9415 14.4513
v  -7.7084 -1.9136 14.4450
v  -7.7003 -1.8858 14.4497
v  -7.6940 -1.8630 14.4640
v  -7.6902 -1.8473 14.4858
v  -7.6896 -1.8407 14.5130
v  -7.6928 -1.8449 14.5406
v  -7.6989 -1.8588 14.5635
v  -7.7069 -1.8804 14.5794
v  -7.7158 -1.9078 14.5858
v  -7.7239 -1.9362 14.5810
v  -7.7296 -1.9602 14.5666
v  -7.7327 -1.9770 14.5446
v  -7.7327 -1.9840 14.5173
v  -7.7342 -1.9905 14.5175
v  -7.7343 -1.9828 14.5471
v  -7.7310 -1.9644 14.5709
v  -7.7248 -1.9383 14.5865
v  -7.7161 -1.9075 14.5916
v  -7.7064 -1.8778 14.5847
v  -7.6977 -1.8545 14.5676
v  -7.6910 -1.8395 14.5428
v  -7.6874 -1.8348 14.5129
v  -7.6882 -1.8417 14.4832
v  -7.6924 -1.8587 14.4594
v  -7.6994 -1.8835 14.4437
v  -7.7082 -1.9138 14.4386
v  -7.7173 -1.9442 14.4455
v  -7.7251 -1.9690 14.4627
v  -7.7310 -1.9853 14.4876
v  -7.7237 -1.9718 14.4928
v  -7.7184 -1.9589 14.4726
v  -7.7115 -1.9391 14.4586
v  -7.7040 -1.9145 14.4532
v  -7.6971 -1.8899 14.4575
v  -7.6919 -1.8698 14.4702
v  -7.6889 -1.8558 14.4894
v  -7.6890 -1.8500 14.5132
v  -7.6924 -1.8538 14.5373
v  -7.6980 -1.8660 14.5571
v  -7.7049 -1.8849 14.5710
v  -7.7124 -1.9089 14.5769
v  -7.7192 -1.9340 14.5732
v  -7.7241 -1.9552 14.5605
v  -7.7268 -1.9699 14.5411
v  -7.7268 -1.9759 14.5170
v  -7.7153 -1.9705 14.4938
v  -7.7103 -1.9584 14.4743
v  -7.7038 -1.9394 14.4608
v  -7.6966 -1.9158 14.4556
v  -7.6900 -1.8925 14.4603
v  -7.6851 -1.8736 14.4726
v  -7.6824 -1.8608 14.4909
v  -7.6824 -1.8557 14.5133
v  -7.6853 -1.8597 14.5356
v  -7.6904 -1.8710 14.5541
v  -7.6969 -1.8885 14.5674
v  -7.7041 -1.9110 14.5736
v  -7.7106 -1.9348 14.5704
v  -7.7154 -1.9550 14.5584
v  -7.7181 -1.9688 14.5397
v  -7.7181 -1.9743 14.5168
v  -7.6209 -1.9633 14.4953
v  -7.6157 -1.9506 14.4762
v  -7.6093 -1.9316 14.4630
v  -7.6023 -1.9085 14.4577
v  -7.5961 -1.8856 14.4617
v  -7.5918 -1.8668 14.4737
v  -7.5897 -1.8541 14.4920
v  -7.5901 -1.8492 14.5147
v  -7.5931 -1.8534 14.5377
v  -7.5980 -1.8656 14.5568
v  -7.6043 -1.8840 14.5699
v  -7.6113 -1.9069 14.5752
v  -7.6176 -1.9302 14.5713
v  -7.6221 -1.9495 14.5592
v  -7.6244 -1.9627 14.5410
v  -7.6240 -1.9678 14.5182
v  -7.7145 -1.9792 14.2630
v  -7.7091 -1.9638 14.2404
v  -7.7019 -1.9408 14.2251
v  -7.6938 -1.9127 14.2192
v  -7.6859 -1.8849 14.2244
v  -7.6798 -1.8622 14.2391
v  -7.6762 -1.8468 14.2613
v  -7.6759 -1.8407 14.2886
v  -7.6791 -1.8454 14.3160
v  -7.6852 -1.8597 14.3386
v  -7.6931 -1.8816 14.3540
v  -7.7018 -1.9092 14.3599
v  -7.7095 -1.9375 14.3547
v  -7.7149 -1.9612 14.3399
v  -7.7178 -1.9778 14.3178
v  -7.7176 -1.9844 14.2905
v  -7.7192 -1.9910 14.2906
v  -7.7194 -1.9837 14.3202
v  -7.7164 -1.9657 14.3443
v  -7.7105 -1.9398 14.3604
v  -7.7021 -1.9090 14.3660
v  -7.6927 -1.8791 14.3596
v  -7.6841 -1.8554 14.3429
v  -7.6774 -1.8399 14.3183
v  -7.6736 -1.8348 14.2885
v  -7.6742 -1.8413 14.2588
v  -7.6782 -1.8580 14.2346
v  -7.6849 -1.8826 14.2186
v  -7.6934 -1.9129 14.2129
v  -7.7023 -1.9434 14.2194
v  -7.7100 -1.9685 14.2361
v  -7.7158 -1.9853 14.2607
v  -7.7090 -1.9713 14.2662
v  -7.7040 -1.9580 14.2464
v  -7.6975 -1.9380 14.2329
v  -7.6903 -1.9134 14.2279
v  -7.6836 -1.8890 14.2325
v  -7.6784 -1.8691 14.2454
v  -7.6753 -1.8555 14.2647
v  -7.6751 -1.8501 14.2886
v  -7.6782 -1.8544 14.3126
v  -7.6834 -1.8670 14.3323
v  -7.6900 -1.8861 14.3459
v  -7.6972 -1.9104 14.3515
v  -7.7037 -1.9356 14.3473
v  -7.7086 -1.9565 14.3342
v  -7.7116 -1.9706 14.3143
v  -7.7117 -1.9760 14.2902
v  -7.7003 -1.9698 14.2673
v  -7.6957 -1.9571 14.2485
v  -7.6896 -1.9380 14.2358
v  -7.6827 -1.9147 14.2312
v  -7.6763 -1.8919 14.2360
v  -7.6714 -1.8734 14.2482
v  -7.6686 -1.8609 14.2663
v  -7.6684 -1.8558 14.2885
v  -7.6710 -1.8597 14.3109
v  -7.6757 -1.8713 14.3297
v  -7.6818 -1.8892 14.3432
v  -7.6887 -1.9124 14.3492
v  -7.6952 -1.9366 14.3454
v  -7.6999 -1.9567 14.3325
v  -7.7026 -1.9698 14.3131
v  -7.7028 -1.9744 14.2900
v  -7.6059 -1.9622 14.2679
v  -7.6010 -1.9491 14.2491
v  -7.5949 -1.9299 14.2362
v  -7.5882 -1.9066 14.2313
v  -7.5823 -1.8836 14.2356
v  -7.5780 -1.8651 14.2480
v  -7.5758 -1.8527 14.2665
v  -7.5761 -1.8483 14.2893
v  -7.5789 -1.8529 14.3122
v  -7.5836 -1.8655 14.3311
v  -7.5895 -1.8842 14.3439
v  -7.5962 -1.9073 14.3488
v  -7.6023 -1.9305 14.3445
v  -7.6067 -1.9496 14.3321
v  -7.6090 -1.9626 14.3136
v  -7.6088 -1.9672 14.2908
v  -7.6995 -1.9788 14.0396
v  -7.6941 -1.9633 14.0171
v  -7.6871 -1.9403 14.0018
v  -7.6791 -1.9122 13.9960
v  -7.6715 -1.8843 14.0012
v  -7.6656 -1.8616 14.0160
v  -7.6622 -1.8462 14.0381
v  -7.6619 -1.8401 14.0654
v  -7.6652 -1.8449 14.0929
v  -7.6712 -1.8593 14.1154
v  -7.6789 -1.8813 14.1307
v  -7.6874 -1.9089 14.1366
v  -7.6949 -1.9372 14.1313
v  -7.7001 -1.9610 14.1165
v  -7.7028 -1.9775 14.0943
v  -7.7026 -1.9840 14.0670
v  -7.7042 -1.9907 14.0671
v  -7.7045 -1.9835 14.0968
v  -7.7016 -1.9655 14.1209
v  -7.6959 -1.9396 14.1370
v  -7.6877 -1.9088 14.1427
v  -7.6785 -1.8788 14.1363
v  -7.6701 -1.8549 14.1197
v  -7.6634 -1.8394 14.0952
v  -7.6597 -1.8342 14.0654
v  -7.6602 -1.8406 14.0356
v  -7.6640 -1.8573 14.0115
v  -7.6705 -1.8819 13.9953
v  -7.6789 -1.9123 13.9896
v  -7.6875 -1.9429 13.9960
v  -7.6951 -1.9681 14.0127
v  -7.7008 -1.9850 14.0372
v  -7.6934 -1.9712 14.0428
v  -7.6883 -1.9580 14.0228
v  -7.6819 -1.9378 14.0092
v  -7.6748 -1.9130 14.0042
v  -7.6685 -1.8884 14.0091
v  -7.6638 -1.8685 14.0222
v  -7.6613 -1.8551 14.0416
v  -7.6615 -1.8498 14.0654
v  -7.6647 -1.8542 14.0891
v  -7.6699 -1.8668 14.1086
v  -7.6764 -1.8859 14.1220
v  -7.6832 -1.9100 14.1275
v  -7.6894 -1.9350 14.1234
v  -7.6939 -1.9559 14.1104
v  -7.6964 -1.9702 14.0908
v  -7.6963 -1.9757 14.0668
v  -7.6848 -1.9701 14.0437
v  -7.6802 -1.9575 14.0245
v  -7.6742 -1.9381 14.0114
v  -7.6675 -1.9143 14.0069
v  -7.6614 -1.8910 14.0120
v  -7.6568 -1.8725 14.0248
v  -7.6543 -1.8604 14.0432
v  -7.6543 -1.8558 14.0654
v  -7.6571 -1.8601 14.0873
v  -7.6617 -1.8716 14.1056
v  -7.6677 -1.8892 14.1188
v  -7.6743 -1.9120 14.1248
v  -7.6804 -1.9359 14.1212
v  -7.6849 -1.9560 14.1087
v  -7.6874 -1.9694 14.0897
v  -7.6874 -1.9744 14.0667
v  -7.5905 -1.9609 14.0449
v  -7.5857 -1.9477 14.0261
v  -7.5798 -1.9284 14.0133
v  -7.5733 -1.9051 14.0084
v  -7.5676 -1.8821 14.0128
v  -7.5636 -1.8635 14.0252
v  -7.5616 -1.8511 14.0437
v  -7.5620 -1.8467 14.0665
v  -7.5648 -1.8514 14.0894
v  -7.5694 -1.8641 14.1082
v  -7.5752 -1.8829 14.1210
v  -7.5817 -1.9060 14.1259
v  -7.5875 -1.9293 14.1215
v  -7.5917 -1.9484 14.1091
v  -7.5938 -1.9613 14.0906
v  -7.5934 -1.9659 14.0678
v  -7.6846 -1.9795 13.8134
v  -7.6793 -1.9637 13.7910
v  -7.6724 -1.9404 13.7760
v  -7.6646 -1.9122 13.7705
v  -7.6573 -1.8843 13.7761
v  -7.6516 -1.8617 13.7912
v  -7.6483 -1.8465 13.8135
v  -7.6482 -1.8407 13.8409
v  -7.6515 -1.8459 13.8683
v  -7.6575 -1.8606 13.8907
v  -7.6651 -1.8828 13.9057
v  -7.6733 -1.9105 13.9112
v  -7.6805 -1.9389 13.9057
v  -7.6856 -1.9626 13.8905
v  -7.6881 -1.9789 13.8681
v  -7.6877 -1.9851 13.8408
v  -7.6893 -1.9916 13.8407
v  -7.6897 -1.9848 13.8705
v  -7.6870 -1.9671 13.8949
v  -7.6816 -1.9413 13.9113
v  -7.6737 -1.9105 13.9173
v  -7.6647 -1.8803 13.9114
v  -7.6564 -1.8562 13.8950
v  -7.6499 -1.8404 13.8707
v  -7.6461 -1.8348 13.8409
v  -7.6465 -1.8409 13.8111
v  -7.6500 -1.8574 13.7868
v  -7.6562 -1.8819 13.7703
v  -7.6643 -1.9122 13.7643
v  -7.6727 -1.9430 13.7703
v  -7.6801 -1.9684 13.7867
v  -7.6859 -1.9856 13.8110
v  -7.6794 -1.9713 13.8168
v  -7.6745 -1.9579 13.7972
v  -7.6682 -1.9376 13.7838
v  -7.6612 -1.9129 13.7790
v  -7.6549 -1.8883 13.7840
v  -7.6500 -1.8685 13.7972
v  -7.6474 -1.8551 13.8168
v  -7.6474 -1.8501 13.8408
v  -7.6505 -1.8548 13.8647
v  -7.6556 -1.8677 13.8842
v  -7.6620 -1.8872 13.8975
v  -7.6687 -1.9116 13.9028
v  -7.6749 -1.9367 13.8981
v  -7.6795 -1.9575 13.8847
v  -7.6821 -1.9712 13.8647
v  -7.6822 -1.9763 13.8407
v  -7.6707 -1.9695 13.8180
v  -7.6661 -1.9568 13.7993
v  -7.6603 -1.9376 13.7867
v  -7.6538 -1.9141 13.7824
v  -7.6478 -1.8911 13.7875
v  -7.6432 -1.8727 13.8000
v  -7.6407 -1.8605 13.8184
v  -7.6407 -1.8558 13.8406
v  -7.6433 -1.8600 13.8630
v  -7.6478 -1.8719 13.8815
v  -7.6537 -1.8901 13.8948
v  -7.6602 -1.9134 13.9004
v  -7.6662 -1.9376 13.8961
v  -7.6707 -1.9574 13.8829
v  -7.6731 -1.9701 13.8635
v  -7.6732 -1.9744 13.8405
v  -7.5763 -1.9608 13.8188
v  -7.5716 -1.9473 13.8001
v  -7.5658 -1.9278 13.7876
v  -7.5595 -1.9043 13.7830
v  -7.5539 -1.8813 13.7876
v  -7.5500 -1.8629 13.8003
v  -7.5481 -1.8507 13.8190
v  -7.5485 -1.8466 13.8418
v  -7.5512 -1.8516 13.8647
v  -7.5558 -1.8646 13.8833
v  -7.5615 -1.8835 13.8959
v  -7.5677 -1.9068 13.9005
v  -7.5734 -1.9301 13.8958
v  -7.5775 -1.9491 13.8832
v  -7.5796 -1.9618 13.8645
v  -7.5792 -1.9661 13.8417
v  -7.6230 -1.7393 14.0383
v  -7.6136 -1.7237 14.0158
v  -7.6015 -1.7008 14.0006
v  -7.5877 -1.6739 13.9949
v  -7.5743 -1.6471 14.0003
v  -7.5635 -1.6248 14.0153
v  -7.5565 -1.6092 14.0376
v  -7.5546 -1.6029 14.0650
v  -7.5589 -1.6079 14.0924
v  -7.5680 -1.6225 14.1149
v  -7.5803 -1.6440 14.1301
v  -7.5953 -1.6699 14.1355
v  -7.6076 -1.6976 14.1304
v  -7.6182 -1.7212 14.1154
v  -7.6251 -1.7383 14.0931
v  -7.6270 -1.7450 14.0657
v  -7.6295 -1.7518 14.0658
v  -7.6283 -1.7439 14.0955
v  -7.6216 -1.7279 14.1198
v  -7.6108 -1.6990 14.1394
v  -7.5963 -1.6693 14.1418
v  -7.5794 -1.6417 14.1357
v  -7.5661 -1.6184 14.1192
v  -7.5561 -1.6025 14.0947
v  -7.5514 -1.5970 14.0649
v  -7.5535 -1.6039 14.0352
v  -7.5612 -1.6209 14.0109
v  -7.5729 -1.6451 13.9946
v  -7.5874 -1.6740 13.9888
v  -7.6023 -1.7032 13.9950
v  -7.6154 -1.7280 14.0115
v  -7.6254 -1.7454 14.0359
v  -7.6153 -1.7328 14.0415
v  -7.6075 -1.7190 14.0217
v  -7.5969 -1.6989 14.0083
v  -7.5847 -1.6751 14.0033
v  -7.5729 -1.6514 14.0081
v  -7.5634 -1.6318 14.0212
v  -7.5572 -1.6181 14.0408
v  -7.5556 -1.6126 14.0649
v  -7.5593 -1.6171 14.0890
v  -7.5672 -1.6299 14.1087
v  -7.5779 -1.6489 14.1221
v  -7.5902 -1.6724 14.1271
v  -7.6020 -1.6964 14.1224
v  -7.6114 -1.7170 14.1092
v  -7.6174 -1.7318 14.0896
v  -7.6190 -1.7377 14.0656
v  -7.6065 -1.7328 14.0424
v  -7.5992 -1.7196 14.0236
v  -7.5892 -1.7005 14.0109
v  -7.5776 -1.6778 14.0062
v  -7.5664 -1.6552 14.0107
v  -7.5573 -1.6365 14.0232
v  -7.5514 -1.6236 14.0418
v  -7.5499 -1.6185 14.0646
v  -7.5532 -1.6229 14.0875
v  -7.5605 -1.6352 14.1063
v  -7.5706 -1.6534 14.1190
v  -7.5823 -1.6758 14.1237
v  -7.5935 -1.6987 14.1192
v  -7.6025 -1.7182 14.1067
v  -7.6083 -1.7320 14.0881
v  -7.6099 -1.7375 14.0653
v  -7.5141 -1.7261 14.0440
v  -7.5071 -1.7139 14.0252
v  -7.4976 -1.6959 14.0125
v  -7.4868 -1.6743 14.0078
v  -7.4766 -1.6529 14.0123
v  -7.4689 -1.6356 14.0248
v  -7.4642 -1.6241 14.0434
v  -7.4635 -1.6200 14.0663
v  -7.4668 -1.6244 14.0892
v  -7.4736 -1.6361 14.1079
v  -7.4828 -1.6536 14.1206
v  -7.4936 -1.6751 14.1254
v  -7.5039 -1.6967 14.1209
v  -7.5120 -1.7145 14.1083
v  -7.5168 -1.7265 14.0897
v  -7.5176 -1.7308 14.0669
v  -7.6355 -1.7386 14.2629
v  -7.6269 -1.7223 14.2405
v  -7.6154 -1.6991 14.2256
v  -7.6018 -1.6722 14.2201
v  -7.5880 -1.6459 14.2255
v  -7.5761 -1.6242 14.2404
v  -7.5678 -1.6091 14.2626
v  -7.5653 -1.6032 14.2900
v  -7.5700 -1.6081 14.3174
v  -7.5801 -1.6224 14.3396
v  -7.5933 -1.6434 14.3545
v  -7.6079 -1.6693 14.3600
v  -7.6212 -1.6964 14.3546
v  -7.6313 -1.7202 14.3398
v  -7.6380 -1.7374 14.3176
v  -7.6396 -1.7444 14.2903
v  -7.6422 -1.7511 14.2903
v  -7.6409 -1.7433 14.3201
v  -7.6339 -1.7244 14.3443
v  -7.6227 -1.6985 14.3607
v  -7.6081 -1.6692 14.3666
v  -7.5922 -1.6410 14.3606
v  -7.5778 -1.6183 14.3441
v  -7.5667 -1.6029 14.3198
v  -7.5616 -1.5977 14.2900
v  -7.5645 -1.6039 14.2602
v  -7.5735 -1.6202 14.2358
v  -7.5865 -1.6437 14.2194
v  -7.6016 -1.6722 14.2134
v  -7.6164 -1.7015 14.2195
v  -7.6289 -1.7268 14.2360
v  -7.6380 -1.7447 14.2605
v  -7.6274 -1.7331 14.2657
v  -7.6196 -1.7189 14.2459
v  -7.6092 -1.6982 14.2332
v  -7.5974 -1.6742 14.2290
v  -7.5855 -1.6510 14.2339
v  -7.5751 -1.6317 14.2464
v  -7.5678 -1.6180 14.2656
v  -7.5657 -1.6125 14.2899
v  -7.5704 -1.6173 14.3139
v  -7.5794 -1.6303 14.3329
v  -7.5907 -1.6489 14.3455
v  -7.6027 -1.6719 14.3508
v  -7.6138 -1.6964 14.3472
v  -7.6228 -1.7180 14.3348
v  -7.6292 -1.7329 14.3148
v  -7.6310 -1.7384 14.2902
v  -7.6190 -1.7332 14.2665
v  -7.6116 -1.7198 14.2475
v  -7.6014 -1.7003 14.2351
v  -7.5896 -1.6774 14.2313
v  -7.5782 -1.6553 14.2363
v  -7.5688 -1.6368 14.2484
v  -7.5626 -1.6237 14.2667
v  -7.5608 -1.6184 14.2896
v  -7.5643 -1.6233 14.3124
v  -7.5719 -1.6359 14.3307
v  -7.5821 -1.6537 14.3435
v  -7.5938 -1.6760 14.3492
v  -7.6053 -1.6995 14.3457
v  -7.6146 -1.7198 14.3331
v  -7.6207 -1.7334 14.3135
v  -7.6224 -1.7382 14.2898
v  -7.5266 -1.7268 14.2683
v  -7.5194 -1.7145 14.2496
v  -7.5098 -1.6966 14.2370
v  -7.4987 -1.6751 14.2323
v  -7.4882 -1.6538 14.2369
v  -7.4802 -1.6367 14.2495
v  -7.4754 -1.6253 14.2682
v  -7.4745 -1.6213 14.2910
v  -7.4779 -1.6258 14.3139
v  -7.4848 -1.6375 14.3326
v  -7.4942 -1.6549 14.3453
v  -7.5053 -1.6763 14.3499
v  -7.5159 -1.6978 14.3454
v  -7.5242 -1.7154 14.3328
v  -7.5292 -1.7273 14.3141
v  -7.5301 -1.7315 14.2912
v  -7.6474 -1.7373 14.4873
v  -7.6389 -1.7213 14.4648
v  -7.6273 -1.6983 14.4496
v  -7.6135 -1.6715 14.4439
v  -7.5993 -1.6454 14.4490
v  -7.5871 -1.6238 14.4636
v  -7.5785 -1.6086 14.4855
v  -7.5757 -1.6025 14.5128
v  -7.5802 -1.6071 14.5402
v  -7.5903 -1.6210 14.5626
v  -7.6037 -1.6417 14.5778
v  -7.6186 -1.6674 14.5837
v  -7.6321 -1.6945 14.5787
v  -7.6425 -1.7184 14.5642
v  -7.6495 -1.7358 14.5422
v  -7.6514 -1.7429 14.5148
v  -7.6544 -1.7494 14.5149
v  -7.6528 -1.7413 14.5446
v  -7.6455 -1.7223 14.5686
v  -7.6339 -1.6964 14.5847
v  -7.6188 -1.6672 14.5903
v  -7.6026 -1.6393 14.5839
v  -7.5879 -1.6169 14.5671
v  -7.5768 -1.6019 14.5426
v  -7.5718 -1.5969 14.5127
v  -7.5750 -1.6034 14.4830
v  -7.5844 -1.6198 14.4588
v  -7.5977 -1.6433 14.4427
v  -7.6132 -1.6717 14.4371
v  -7.6284 -1.7008 14.4435
v  -7.6411 -1.7257 14.4603
v  -7.6503 -1.7433 14.4850
v  -7.6390 -1.7328 14.4898
v  -7.6312 -1.7183 14.4700
v  -7.6209 -1.6974 14.4574
v  -7.6091 -1.6735 14.4535
v  -7.5971 -1.6507 14.4582
v  -7.5866 -1.6317 14.4704
v  -7.5791 -1.6181 14.4890
v  -7.5766 -1.6123 14.5128
v  -7.5808 -1.6166 14.5368
v  -7.5897 -1.6291 14.5560
v  -7.6011 -1.6474 14.5690
v  -7.6133 -1.6703 14.5749
v  -7.6246 -1.6950 14.5719
v  -7.6339 -1.7171 14.5599
v  -7.6405 -1.7326 14.5398
v  -7.6425 -1.7383 14.5147
v  -7.6310 -1.7330 14.4905
v  -7.6233 -1.7194 14.4714
v  -7.6128 -1.6997 14.4593
v  -7.6008 -1.6771 14.4557
v  -7.5891 -1.6555 14.4606
v  -7.5796 -1.6374 14.4725
v  -7.5731 -1.6244 14.4902
v  -7.5711 -1.6188 14.5126
v  -7.5746 -1.6228 14.5353
v  -7.5822 -1.6348 14.5539
v  -7.5926 -1.6523 14.5672
v  -7.6047 -1.6743 14.5735
v  -7.6166 -1.6981 14.5706
v  -7.6263 -1.7189 14.5583
v  -7.6327 -1.7332 14.5385
v  -7.6345 -1.7382 14.5143
v  -7.5385 -1.7272 14.4926
v  -7.5311 -1.7153 14.4738
v  -7.5212 -1.6977 14.4609
v  -7.5097 -1.6764 14.4560
v  -7.4989 -1.6553 14.4604
v  -7.4906 -1.6381 14.4727
v  -7.4856 -1.6266 14.4913
v  -7.4847 -1.6224 14.5141
v  -7.4881 -1.6265 14.5370
v  -7.4952 -1.6379 14.5559
v  -7.5049 -1.6550 14.5687
v  -7.5163 -1.6761 14.5736
v  -7.5273 -1.6975 14.5693
v  -7.5358 -1.7151 14.5569
v  -7.5411 -1.7271 14.5384
v  -7.5421 -1.7315 14.5156
v  -7.6602 -1.7374 14.7120
v  -7.6514 -1.7214 14.6896
v  -7.6396 -1.6985 14.6744
v  -7.6255 -1.6719 14.6688
v  -7.6111 -1.6459 14.6740
v  -7.5986 -1.6245 14.6886
v  -7.5898 -1.6095 14.7106
v  -7.5870 -1.6034 14.7379
v  -7.5916 -1.6081 14.7654
v  -7.6019 -1.6219 14.7877
v  -7.6156 -1.6425 14.8029
v  -7.6308 -1.6681 14.8086
v  -7.6446 -1.6950 14.8035
v  -7.6553 -1.7188 14.7889
v  -7.6623 -1.7360 14.7668
v  -7.6642 -1.7430 14.7394
v  -7.6673 -1.7495 14.7395
v  -7.6656 -1.7416 14.7692
v  -7.6581 -1.7227 14.7933
v  -7.6463 -1.6970 14.8094
v  -7.6310 -1.6679 14.8152
v  -7.6145 -1.6402 14.8088
v  -7.5995 -1.6179 14.7922
v  -7.5883 -1.6029 14.7677
v  -7.5833 -1.5979 14.7379
v  -7.5864 -1.6042 14.7081
v  -7.5959 -1.6205 14.6839
v  -7.6095 -1.6438 14.6677
v  -7.6253 -1.6720 14.6620
v  -7.6407 -1.7010 14.6683
v  -7.6536 -1.7259 14.6850
v  -7.6630 -1.7434 14.7096
v  -7.6516 -1.7329 14.7146
v  -7.6435 -1.7186 14.6948
v  -7.6329 -1.6979 14.6822
v  -7.6208 -1.6742 14.6781
v  -7.6085 -1.6514 14.6828
v  -7.5975 -1.6323 14.6950
v  -7.5897 -1.6186 14.7138
v  -7.5872 -1.6128 14.7380
v  -7.5919 -1.6173 14.7621
v  -7.6013 -1.6298 14.7813
v  -7.6133 -1.6481 14.7939
v  -7.6258 -1.6708 14.7996
v  -7.6374 -1.6953 14.7964
v  -7.6468 -1.7171 14.7843
v  -7.6533 -1.7325 14.7643
v  -7.6553 -1.7383 14.7393
v  -7.6435 -1.7332 14.7153
v  -7.6356 -1.7197 14.6962
v  -7.6249 -1.7003 14.6840
v  -7.6126 -1.6778 14.6801
v  -7.6007 -1.6559 14.6848
v  -7.5909 -1.6376 14.6967
v  -7.5843 -1.6241 14.7148
v  -7.5823 -1.6185 14.7377
v  -7.5861 -1.6231 14.7608
v  -7.5941 -1.6355 14.7792
v  -7.6049 -1.6531 14.7920
v  -7.6172 -1.6750 14.7979
v  -7.6292 -1.6984 14.7949
v  -7.6390 -1.7190 14.7827
v  -7.6454 -1.7331 14.7630
v  -7.6471 -1.7382 14.7390
v  -7.5509 -1.7283 14.7177
v  -7.5434 -1.7164 14.6989
v  -7.5333 -1.6989 14.6861
v  -7.5217 -1.6777 14.6813
v  -7.5107 -1.6566 14.6857
v  -7.5023 -1.6396 14.6981
v  -7.4973 -1.6281 14.7167
v  -7.4964 -1.6239 14.7395
v  -7.5000 -1.6281 14.7625
v  -7.5072 -1.6394 14.7813
v  -7.5171 -1.6565 14.7940
v  -7.5287 -1.6775 14.7989
v  -7.5398 -1.6988 14.7945
v  -7.5485 -1.7163 14.7820
v  -7.5537 -1.7282 14.7635
v  -7.5547 -1.7326 14.7406
v  -7.6727 -1.7374 14.9364
v  -7.6637 -1.7214 14.9140
v  -7.6516 -1.6986 14.8989
v  -7.6373 -1.6720 14.8933
v  -7.6226 -1.6462 14.8986
v  -7.6098 -1.6250 14.9133
v  -7.6008 -1.6101 14.9354
v  -7.5979 -1.6042 14.9628
v  -7.6028 -1.6088 14.9903
v  -7.6133 -1.6226 15.0126
v  -7.6272 -1.6432 15.0277
v  -7.6426 -1.6686 15.0333
v  -7.6568 -1.6953 15.0280
v  -7.6677 -1.7189 15.0134
v  -7.6749 -1.7360 14.9912
v  -7.6768 -1.7430 14.9638
v  -7.6799 -1.7494 14.9639
v  -7.6781 -1.7416 14.9936
v  -7.6705 -1.7229 15.0178
v  -7.6584 -1.6973 15.0340
v  -7.6429 -1.6684 15.0398
v  -7.6261 -1.6409 15.0336
v  -7.6109 -1.6187 15.0170
v  -7.5995 -1.6038 14.9926
v  -7.5944 -1.5987 14.9628
v  -7.5975 -1.6049 14.9330
v  -7.6072 -1.6210 14.9087
v  -7.6210 -1.6441 14.8924
v  -7.6371 -1.6722 14.8866
v  -7.6528 -1.7009 14.8928
v  -7.6660 -1.7258 14.9095
v  -7.6756 -1.7433 14.9340
v  -7.6641 -1.7329 14.9390
v  -7.6560 -1.7186 14.9191
v  -7.6452 -1.6980 14.9066
v  -7.6327 -1.6743 14.9024
v  -7.6200 -1.6515 14.9070
v  -7.6087 -1.6325 14.9192
v  -7.6004 -1.6187 14.9382
v  -7.5977 -1.6129 14.9628
v  -7.6028 -1.6176 14.9872
v  -7.6127 -1.6303 15.0063
v  -7.6251 -1.6486 15.0188
v  -7.6380 -1.6712 15.0240
v  -7.6498 -1.6955 15.0208
v  -7.6593 -1.7172 15.0087
v  -7.6659 -1.7325 14.9887
v  -7.6679 -1.7383 14.9637
v  -7.6561 -1.7332 14.9397
v  -7.6482 -1.7197 14.9206
v  -7.6373 -1.7003 14.9084
v  -7.6248 -1.6778 14.9045
v  -7.6127 -1.6560 14.9092
v  -7.6026 -1.6375 14.9210
v  -7.5957 -1.6238 14.9391
v  -7.5936 -1.6180 14.9625
v  -7.5976 -1.6230 14.9858
v  -7.6059 -1.6358 15.0042
v  -7.6169 -1.6536 15.0167
v  -7.6293 -1.6754 15.0224
v  -7.6415 -1.6987 15.0192
v  -7.6515 -1.7191 15.0070
v  -7.6580 -1.7332 14.9874
v  -7.6597 -1.7382 14.9634
v  -7.5633 -1.7334 14.9403
v  -7.5558 -1.7198 14.9207
v  -7.5456 -1.7005 14.9085
v  -7.5338 -1.6784 14.9045
v  -7.5227 -1.6568 14.9089
v  -7.5141 -1.6385 14.9207
v  -7.5092 -1.6292 14.9414
v  -7.5082 -1.6251 14.9643
v  -7.5118 -1.6292 14.9872
v  -7.5191 -1.6406 15.0059
v  -7.5291 -1.6576 15.0187
v  -7.5408 -1.6786 15.0232
v  -7.5521 -1.6997 15.0188
v  -7.5609 -1.7184 15.0077
v  -7.5661 -1.7323 14.9892
v  -7.5670 -1.7382 14.9650
v  -7.6850 -1.7373 15.1606
v  -7.6759 -1.7213 15.1383
v  -7.6636 -1.6986 15.1234
v  -7.6490 -1.6723 15.1180
v  -7.6340 -1.6467 15.1233
v  -7.6210 -1.6257 15.1380
v  -7.6117 -1.6111 15.1601
v  -7.6087 -1.6052 15.1875
v  -7.6138 -1.6098 15.2149
v  -7.6246 -1.6235 15.2372
v  -7.6387 -1.6439 15.2522
v  -7.6544 -1.6692 15.2578
v  -7.6689 -1.6958 15.2525
v  -7.6800 -1.7192 15.2377
v  -7.6873 -1.7362 15.2154
v  -7.6893 -1.7430 15.1880
v  -7.6924 -1.7495 15.1881
v  -7.6906 -1.7417 15.2178
v  -7.6828 -1.7231 15.2420
v  -7.6705 -1.6978 15.2583
v  -7.6546 -1.6690 15.2642
v  -7.6376 -1.6416 15.2581
v  -7.6222 -1.6195 15.2416
v  -7.6106 -1.6046 15.2173
v  -7.6054 -1.5994 15.1875
v  -7.6085 -1.6056 15.1577
v  -7.6184 -1.6215 15.1333
v  -7.6324 -1.6445 15.1170
v  -7.6488 -1.6723 15.1111
v  -7.6648 -1.7010 15.1172
v  -7.6783 -1.7258 15.1337
v  -7.6880 -1.7433 15.1582
v  -7.6763 -1.7329 15.1634
v  -7.6677 -1.7187 15.1438
v  -7.6566 -1.6983 15.1314
v  -7.6438 -1.6750 15.1273
v  -7.6307 -1.6526 15.1319
v  -7.6190 -1.6337 15.1439
v  -7.6103 -1.6199 15.1629
v  -7.6077 -1.6140 15.1876
v  -7.6132 -1.6185 15.2121
v  -7.6237 -1.6311 15.2311
v  -7.6365 -1.6493 15.2436
v  -7.6500 -1.6717 15.2486
v  -7.6621 -1.6958 15.2452
v  -7.6719 -1.7174 15.2330
v  -7.6785 -1.7326 15.2130
v  -7.6803 -1.7382 15.1880
v  -7.6681 -1.7333 15.1643
v  -7.6598 -1.7201 15.1454
v  -7.6485 -1.7010 15.1331
v  -7.6356 -1.6789 15.1289
v  -7.6230 -1.6570 15.1332
v  -7.6127 -1.6382 15.1451
v  -7.6057 -1.6242 15.1634
v  -7.6037 -1.6182 15.1873
v  -7.6082 -1.6235 15.2110
v  -7.6171 -1.6365 15.2293
v  -7.6286 -1.6544 15.2413
v  -7.6415 -1.6760 15.2468
v  -7.6540 -1.6990 15.2435
v  -7.6640 -1.7192 15.2312
v  -7.6705 -1.7332 15.2116
v  -7.6721 -1.7382 15.1878
v  -7.5754 -1.7340 15.1662
v  -7.5674 -1.7213 15.1466
v  -7.5568 -1.7027 15.1338
v  -7.5446 -1.6807 15.1289
v  -7.5332 -1.6585 15.1326
v  -7.5243 -1.6391 15.1445
v  -7.5190 -1.6251 15.1643
v  -7.5182 -1.6202 15.1901
v  -7.5229 -1.6315 15.2130
v  -7.5305 -1.6429 15.2317
v  -7.5409 -1.6597 15.2443
v  -7.5530 -1.6805 15.2469
v  -7.5645 -1.7008 15.2428
v  -7.5735 -1.7187 15.2318
v  -7.5788 -1.7321 15.2139
v  -7.5795 -1.7381 15.1905
v  -7.6971 -1.7370 15.3839
v  -7.6879 -1.7209 15.3617
v  -7.6753 -1.6983 15.3468
v  -7.6604 -1.6721 15.3414
v  -7.6451 -1.6467 15.3469
v  -7.6319 -1.6259 15.3617
v  -7.6223 -1.6116 15.3838
v  -7.6191 -1.6059 15.4112
v  -7.6243 -1.6105 15.4386
v  -7.6354 -1.6240 15.4609
v  -7.6498 -1.6443 15.4758
v  -7.6658 -1.6695 15.4813
v  -7.6804 -1.6960 15.4759
v  -7.6917 -1.7193 15.4611
v  -7.6992 -1.7361 15.4387
v  -7.7014 -1.7427 15.4113
v  -7.7046 -1.7491 15.4113
v  -7.7027 -1.7415 15.4411
v  -7.6947 -1.7230 15.4654
v  -7.6822 -1.6978 15.4817
v  -7.6660 -1.6693 15.4877
v  -7.6487 -1.6421 15.4817
v  -7.6330 -1.6201 15.4653
v  -7.6213 -1.6052 15.4410
v  -7.6161 -1.6000 15.4112
v  -7.6192 -1.6061 15.3814
v  -7.6292 -1.6218 15.3570
v  -7.6435 -1.6445 15.3406
v  -7.6601 -1.6723 15.3346
v  -7.6764 -1.7008 15.3406
v  -7.6902 -1.7254 15.3571
v  -7.7001 -1.7429 15.3815
v  -7.6885 -1.7324 15.3867
v  -7.6800 -1.7179 15.3674
v  -7.6688 -1.6976 15.3552
v  -7.6558 -1.6746 15.3513
v  -7.6425 -1.6525 15.3558
v  -7.6303 -1.6339 15.3676
v  -7.6210 -1.6202 15.3864
v  -7.6177 -1.6143 15.4113
v  -7.6232 -1.6189 15.4361
v  -7.6339 -1.6317 15.4552
v  -7.6471 -1.6498 15.4676
v  -7.6609 -1.6723 15.4727
v  -7.6733 -1.6965 15.4692
v  -7.6834 -1.7180 15.4568
v  -7.6903 -1.7330 15.4365
v  -7.6924 -1.7382 15.4113
v  -7.6803 -1.7328 15.3876
v  -7.6719 -1.7194 15.3691
v  -7.6605 -1.7005 15.3573
v  -7.6474 -1.6787 15.3533
v  -7.6347 -1.6573 15.3575
v  -7.6241 -1.6388 15.3689
v  -7.6166 -1.6245 15.3870
v  -7.6142 -1.6181 15.4109
v  -7.6186 -1.6232 15.4351
v  -7.6277 -1.6365 15.4537
v  -7.6394 -1.6547 15.4659
v  -7.6527 -1.6766 15.4713
v  -7.6655 -1.6997 15.4677
v  -7.6759 -1.7198 15.4550
v  -7.6826 -1.7336 15.4351
v  -7.6842 -1.7382 15.4110
v  -7.5876 -1.7336 15.3897
v  -7.5795 -1.7210 15.3707
v  -7.5687 -1.7029 15.3583
v  -7.5564 -1.6817 15.3534
v  -7.5447 -1.6599 15.3566
v  -7.5356 -1.6404 15.3678
v  -7.5299 -1.6258 15.3872
v  -7.5288 -1.6201 15.4134
v  -7.5338 -1.6332 15.4363
v  -7.5416 -1.6444 15.4550
v  -7.5521 -1.6612 15.4676
v  -7.5644 -1.6819 15.4713
v  -7.5762 -1.7026 15.4673
v  -7.5853 -1.7199 15.4550
v  -7.5908 -1.7324 15.4367
v  -7.5917 -1.7382 15.4135
v  -7.7081 -1.7358 15.6094
v  -7.6987 -1.7198 15.5872
v  -7.6861 -1.6972 15.5724
v  -7.6710 -1.6712 15.5670
v  -7.6553 -1.6458 15.5724
v  -7.6419 -1.6253 15.5872
v  -7.6322 -1.6110 15.6094
v  -7.6291 -1.6053 15.6368
v  -7.6344 -1.6098 15.6642
v  -7.6455 -1.6233 15.6864
v  -7.6601 -1.6435 15.7014
v  -7.6764 -1.6685 15.7068
v  -7.6914 -1.6947 15.7014
v  -7.7028 -1.7180 15.6866
v  -7.7103 -1.7348 15.6643
v  -7.7125 -1.7415 15.6368
v  -7.7162 -1.7476 15.6368
v  -7.7141 -1.7401 15.6666
v  -7.7059 -1.7217 15.6909
v  -7.6930 -1.6967 15.7073
v  -7.6766 -1.6683 15.7133
v  -7.6589 -1.6413 15.7073
v  -7.6430 -1.6195 15.6909
v  -7.6311 -1.6048 15.6666
v  -7.6258 -1.5996 15.6368
v  -7.6291 -1.6056 15.6069
v  -7.6393 -1.6212 15.5825
v  -7.6537 -1.6436 15.5661
v  -7.6708 -1.6712 15.5601
v  -7.6874 -1.6995 15.5661
v  -7.7015 -1.7241 15.5826
v  -7.7116 -1.7414 15.6070
v  -7.6990 -1.7327 15.6118
v  -7.6904 -1.7179 15.5922
v  -7.6789 -1.6973 15.5799
v  -7.6659 -1.6740 15.5763
v  -7.6525 -1.6518 15.5810
v  -7.6402 -1.6332 15.5929
v  -7.6309 -1.6195 15.6120
v  -7.6281 -1.6138 15.6368
v  -7.6340 -1.6184 15.6614
v  -7.6450 -1.6310 15.6802
v  -7.6582 -1.6489 15.6925
v  -7.6720 -1.6710 15.6975
v  -7.6845 -1.6950 15.6942
v  -7.6945 -1.7167 15.6822
v  -7.7012 -1.7324 15.6622
v  -7.7031 -1.7382 15.6369
v  -7.6914 -1.7331 15.6126
v  -7.6828 -1.7194 15.5936
v  -7.6711 -1.7001 15.5815
v  -7.6578 -1.6780 15.5777
v  -7.6449 -1.6563 15.5823
v  -7.6342 -1.6378 15.5942
v  -7.6267 -1.6238 15.6125
v  -7.6245 -1.6179 15.6365
v  -7.6292 -1.6234 15.6602
v  -7.6384 -1.6366 15.6783
v  -7.6503 -1.6543 15.6901
v  -7.6635 -1.6756 15.6956
v  -7.6764 -1.6984 15.6926
v  -7.6869 -1.7187 15.6805
v  -7.6937 -1.7330 15.6609
v  -7.6954 -1.7382 15.6366
v  -7.5986 -1.7340 15.6150
v  -7.5905 -1.7214 15.5956
v  -7.5795 -1.7032 15.5829
v  -7.5669 -1.6816 15.5778
v  -7.5550 -1.6595 15.5811
v  -7.5458 -1.6398 15.5927
v  -7.5400 -1.6253 15.6126
v  -7.5394 -1.6230 15.6391
v  -7.5439 -1.6316 15.6627
v  -7.5519 -1.6445 15.6806
v  -7.5626 -1.6611 15.6932
v  -7.5751 -1.6817 15.6978
v  -7.5871 -1.7025 15.6932
v  -7.5963 -1.7196 15.6806
v  -7.6019 -1.7318 15.6622
v  -7.6028 -1.7382 15.6391
v  -7.7184 -1.7339 15.8318
v  -7.7081 -1.7168 15.8108
v  -7.6946 -1.6935 15.7976
v  -7.6790 -1.6673 15.7942
v  -7.6632 -1.6426 15.8016
v  -7.6496 -1.6231 15.8181
v  -7.6408 -1.6100 15.8415
v  -7.6397 -1.6055 15.8694
v  -7.6463 -1.6114 15.8963
v  -7.6581 -1.6262 15.9173
v  -7.6733 -1.6471 15.9306
v  -7.6898 -1.6723 15.9340
v  -7.7048 -1.6980 15.9266
v  -7.7160 -1.7203 15.9100
v  -7.7227 -1.7359 15.8866
v  -7.7238 -1.7410 15.8587
v  -7.7277 -1.7469 15.8582
v  -7.7264 -1.7412 15.8884
v  -7.7189 -1.7244 15.9140
v  -7.7065 -1.7004 15.9323
v  -7.6902 -1.6725 15.9405
v  -7.6723 -1.6452 15.9366
v  -7.6558 -1.6226 15.9220
v  -7.6429 -1.6067 15.8990
v  -7.6364 -1.6000 15.8698
v  -7.6385 -1.6044 15.8396
v  -7.6479 -1.6184 15.8140
v  -7.6621 -1.6398 15.7958
v  -7.6792 -1.6666 15.7876
v  -7.6964 -1.6950 15.7915
v  -7.7111 -1.7203 15.8060
v  -7.7221 -1.7389 15.8290
v  -7.7097 -1.7316 15.8342
v  -7.7000 -1.7160 15.8151
v  -7.6876 -1.6947 15.8038
v  -7.6737 -1.6709 15.8015
v  -7.6595 -1.6485 15.8077
v  -7.6471 -1.6300 15.8218
v  -7.6391 -1.6174 15.8431
v  -7.6392 -1.6138 15.8689
v  -7.6474 -1.6201 15.8923
v  -7.6592 -1.6335 15.9094
v  -7.6725 -1.6516 15.9200
v  -7.6862 -1.6735 15.9233
v  -7.6983 -1.6970 15.9186
v  -7.7078 -1.7181 15.9055
v  -7.7138 -1.7332 15.8849
v  -7.7147 -1.7382 15.8592
v  -7.7025 -1.7321 15.8351
v  -7.6932 -1.7175 15.8163
v  -7.6810 -1.6972 15.8050
v  -7.6671 -1.6741 15.8023
v  -7.6539 -1.6518 15.8088
v  -7.6432 -1.6332 15.8226
v  -7.6363 -1.6205 15.8433
v  -7.6358 -1.6180 15.8684
v  -7.6420 -1.6265 15.8906
v  -7.6518 -1.6405 15.9063
v  -7.6638 -1.6579 15.9162
v  -7.6770 -1.6784 15.9201
v  -7.6896 -1.7003 15.9162
v  -7.6998 -1.7200 15.9037
v  -7.7062 -1.7337 15.8837
v  -7.7073 -1.7382 15.8591
v  -7.6100 -1.7298 15.8419
v  -7.6012 -1.7171 15.8242
v  -7.5898 -1.6993 15.8130
v  -7.5770 -1.6784 15.8100
v  -7.5653 -1.6582 15.8162
v  -7.5566 -1.6425 15.8301
v  -7.5518 -1.6326 15.8495
v  -7.5515 -1.6299 15.8726
v  -7.5561 -1.6354 15.8951
v  -7.5646 -1.6476 15.9128
v  -7.5757 -1.6650 15.9240
v  -7.5884 -1.6857 15.9270
v  -7.6004 -1.7061 15.9208
v  -7.6093 -1.7223 15.9069
v  -7.6145 -1.7327 15.8874
v  -7.6148 -1.7355 15.8643
v  -7.7309 -1.7339 16.0512
v  -7.7206 -1.7167 16.0301
v  -7.7068 -1.6937 16.0170
v  -7.6907 -1.6677 16.0137
v  -7.6748 -1.6431 16.0212
v  -7.6612 -1.6237 16.0377
v  -7.6516 -1.6111 16.0610
v  -7.6493 -1.6072 16.0890
v  -7.6560 -1.6130 16.1159
v  -7.6685 -1.6274 16.1369
v  -7.6840 -1.6481 16.1501
v  -7.7006 -1.6733 16.1537
v  -7.7155 -1.6993 16.1464
v  -7.7266 -1.7217 16.1299
v  -7.7341 -1.7369 16.1062
v  -7.7360 -1.7415 16.0781
v  -7.7394 -1.7472 16.0777
v  -7.7380 -1.7415 16.1079
v  -7.7304 -1.7249 16.1335
v  -7.7178 -1.7011 16.1517
v  -7.7012 -1.6734 16.1599
v  -7.6831 -1.6462 16.1561
v  -7.6664 -1.6238 16.1415
v  -7.6533 -1.6079 16.1185
v  -7.6469 -1.6013 16.0893
v  -7.6490 -1.6056 16.0591
v  -7.6585 -1.6196 16.0335
v  -7.6729 -1.6408 16.0153
v  -7.6902 -1.6675 16.0071
v  -7.7077 -1.6956 16.0109
v  -7.7226 -1.7207 16.0254
v  -7.7338 -1.7393 16.0485
v  -7.7232 -1.7296 16.0543
v  -7.7140 -1.7135 16.0363
v  -7.7018 -1.6927 16.0259
v  -7.6878 -1.6701 16.0236
v  -7.6735 -1.6488 16.0295
v  -7.6602 -1.6313 16.0425
v  -7.6502 -1.6188 16.0627
v  -7.6476 -1.6147 16.0886
v  -7.6547 -1.6209 16.1132
v  -7.6669 -1.6346 16.1312
v  -7.6810 -1.6532 16.1422
v  -7.6954 -1.6759 16.1460
v  -7.7085 -1.7000 16.1409
v  -7.7189 -1.7212 16.1269
v  -7.7259 -1.7349 16.1049
v  -7.7277 -1.7378 16.0786
v  -7.7154 -1.7300 16.0554
v  -7.7060 -1.7149 16.0386
v  -7.6938 -1.6956 16.0289
v  -7.6800 -1.6745 16.0267
v  -7.6666 -1.6541 16.0321
v  -7.6552 -1.6361 16.0440
v  -7.6472 -1.6223 16.0630
v  -7.6452 -1.6174 16.0881
v  -7.6508 -1.6246 16.1121
v  -7.6611 -1.6392 16.1296
v  -7.6738 -1.6579 16.1406
v  -7.6880 -1.6799 16.1445
v  -7.7016 -1.7030 16.1396
v  -7.7124 -1.7228 16.1253
v  -7.7190 -1.7353 16.1037
v  -7.7202 -1.7378 16.0784
v  -7.6228 -1.7317 16.0610
v  -7.6139 -1.7191 16.0433
v  -7.6021 -1.7015 16.0321
v  -7.5890 -1.6808 16.0291
v  -7.5768 -1.6609 16.0354
v  -7.5678 -1.6454 16.0492
v  -7.5627 -1.6356 16.0687
v  -7.5623 -1.6330 16.0918
v  -7.5670 -1.6385 16.1142
v  -7.5756 -1.6506 16.1320
v  -7.5870 -1.6677 16.1432
v  -7.6001 -1.6882 16.1462
v  -7.6125 -1.7083 16.1399
v  -7.6218 -1.7244 16.1260
v  -7.6272 -1.7346 16.1065
v  -7.6276 -1.7373 16.0834
v  -7.7414 -1.7334 16.2795
v  -7.7309 -1.7164 16.2585
v  -7.7171 -1.6934 16.2453
v  -7.7010 -1.6676 16.2419
v  -7.6846 -1.6434 16.2491
v  -7.6703 -1.6243 16.2654
v  -7.6605 -1.6117 16.2888
v  -7.6590 -1.6071 16.3166
v  -7.6661 -1.6125 16.3435
v  -7.6784 -1.6269 16.3647
v  -7.6939 -1.6474 16.3781
v  -7.7110 -1.6723 16.3817
v  -7.7266 -1.6978 16.3744
v  -7.7381 -1.7201 16.3579
v  -7.7452 -1.7356 16.3345
v  -7.7467 -1.7407 16.3065
v  -7.7507 -1.7462 16.3061
v  -7.7491 -1.7405 16.3362
v  -7.7412 -1.7238 16.3617
v  -7.7283 -1.7001 16.3799
v  -7.7114 -1.6725 16.3879
v  -7.6929 -1.6457 16.3839
v  -7.6760 -1.6234 16.3693
v  -7.6629 -1.6078 16.3462
v  -7.6564 -1.6012 16.3169
v  -7.6586 -1.6056 16.2868
v  -7.6684 -1.6196 16.2612
v  -7.6831 -1.6407 16.2431
v  -7.7008 -1.6672 16.2351
v  -7.7185 -1.6952 16.2390
v  -7.7338 -1.7201 16.2536
v  -7.7451 -1.7385 16.2767
v  -7.7326 -1.7312 16.2821
v  -7.7227 -1.7155 16.2634
v  -7.7101 -1.6945 16.2526
v  -7.6956 -1.6715 16.2500
v  -7.6809 -1.6498 16.2560
v  -7.6675 -1.6317 16.2694
v  -7.6581 -1.6189 16.2901
v  -7.6574 -1.6147 16.3163
v  -7.6661 -1.6208 16.3403
v  -7.6787 -1.6340 16.3577
v  -7.6929 -1.6519 16.3685
v  -7.7073 -1.6738 16.3720
v  -7.7203 -1.6973 16.3672
v  -7.7303 -1.7185 16.3540
v  -7.7367 -1.7334 16.3330
v  -7.7377 -1.7381 16.3070
v  -7.7253 -1.7317 16.2831
v  -7.7155 -1.7172 16.2649
v  -7.7028 -1.6976 16.2539
v  -7.6884 -1.6753 16.2511
v  -7.6746 -1.6536 16.2568
v  -7.6633 -1.6349 16.2700
v  -7.6557 -1.6213 16.2902
v  -7.6549 -1.6176 16.3159
v  -7.6616 -1.6260 16.3390
v  -7.6724 -1.6404 16.3548
v  -7.6850 -1.6579 16.3650
v  -7.6990 -1.6784 16.3690
v  -7.7123 -1.7005 16.3650
v  -7.7229 -1.7203 16.3523
v  -7.7295 -1.7339 16.3319
v  -7.7305 -1.7381 16.3069
v  -7.6328 -1.7322 16.2905
v  -7.6236 -1.7199 16.2728
v  -7.6116 -1.7025 16.2615
v  -7.5983 -1.6819 16.2584
v  -7.5860 -1.6621 16.2645
v  -7.5771 -1.6464 16.2783
v  -7.5722 -1.6364 16.2977
v  -7.5720 -1.6336 16.3208
v  -7.5770 -1.6387 16.3432
v  -7.5859 -1.6505 16.3610
v  -7.5975 -1.6674 16.3723
v  -7.6108 -1.6878 16.3754
v  -7.6232 -1.7079 16.3693
v  -7.6325 -1.7241 16.3555
v  -7.6377 -1.7345 16.3360
v  -7.6379 -1.7375 16.3130
v  -7.7523 -1.7328 16.5022
v  -7.7419 -1.7158 16.4811
v  -7.7279 -1.6929 16.4680
v  -7.7113 -1.6673 16.4645
v  -7.6947 -1.6431 16.4719
v  -7.6804 -1.6241 16.4883
v  -7.6702 -1.6118 16.5116
v  -7.6681 -1.6077 16.5395
v  -7.6754 -1.6132 16.5664
v  -7.6881 -1.6273 16.5873
v  -7.7039 -1.6477 16.6006
v  -7.7211 -1.6723 16.6041
v  -7.7366 -1.6978 16.5969
v  -7.7480 -1.7200 16.5806
v  -7.7554 -1.7354 16.5571
v  -7.7573 -1.7402 16.5292
v  -7.7616 -1.7457 16.5287
v  -7.7600 -1.7400 16.5589
v  -7.7519 -1.7234 16.5845
v  -7.7387 -1.6999 16.6026
v  -7.7215 -1.6725 16.6107
v  -7.7028 -1.6458 16.6068
v  -7.6856 -1.6236 16.5922
v  -7.6723 -1.6081 16.5691
v  -7.6658 -1.6016 16.5399
v  -7.6681 -1.6059 16.5097
v  -7.6780 -1.6197 16.4841
v  -7.6929 -1.6407 16.4660
v  -7.7109 -1.6670 16.4579
v  -7.7289 -1.6948 16.4618
v  -7.7444 -1.7196 16.4764
v  -7.7559 -1.7379 16.4994
v  -7.7437 -1.7302 16.5047
v  -7.7343 -1.7140 16.4864
v  -7.7219 -1.6930 16.4759
v  -7.7074 -1.6703 16.4734
v  -7.6925 -1.6490 16.4793
v  -7.6786 -1.6314 16.4924
v  -7.6682 -1.6190 16.5129
v  -7.6661 -1.6151 16.5391
v  -7.6743 -1.6215 16.5634
v  -7.6873 -1.6350 16.5806
v  -7.7014 -1.6530 16.5914
v  -7.7159 -1.6749 16.5949
v  -7.7290 -1.6985 16.5904
v  -7.7394 -1.7198 16.5772
v  -7.7465 -1.7341 16.5557
v  -7.7482 -1.7380 16.5295
v  -7.7363 -1.7307 16.5056
v  -7.7268 -1.7157 16.4880
v  -7.7143 -1.6961 16.4778
v  -7.7000 -1.6745 16.4755
v  -7.6861 -1.6537 16.4811
v  -7.6743 -1.6354 16.4934
v  -7.6659 -1.6217 16.5130
v  -7.6639 -1.6176 16.5386
v  -7.6699 -1.6257 16.5623
v  -7.6805 -1.6405 16.5789
v  -7.6932 -1.6585 16.5896
v  -7.7075 -1.6797 16.5934
v  -7.7213 -1.7020 16.5888
v  -7.7324 -1.7216 16.5754
v  -7.7395 -1.7347 16.5544
v  -7.7410 -1.7380 16.5293
v  -7.6437 -1.7325 16.5109
v  -7.6348 -1.7200 16.4932
v  -7.6229 -1.7025 16.4819
v  -7.6094 -1.6820 16.4789
v  -7.5969 -1.6623 16.4850
v  -7.5875 -1.6470 16.4988
v  -7.5821 -1.6373 16.5183
v  -7.5815 -1.6349 16.5414
v  -7.5860 -1.6403 16.5639
v  -7.5946 -1.6523 16.5816
v  -7.6062 -1.6693 16.5929
v  -7.6195 -1.6896 16.5960
v  -7.6323 -1.7095 16.5898
v  -7.6420 -1.7254 16.5760
v  -7.6477 -1.7355 16.5565
v  -7.6484 -1.7381 16.5334
v  -7.7630 -1.7332 16.7293
v  -7.7523 -1.7164 16.7082
v  -7.7380 -1.6936 16.6950
v  -7.7213 -1.6680 16.6916
v  -7.7041 -1.6441 16.6990
v  -7.6890 -1.6255 16.7154
v  -7.6785 -1.6134 16.7389
v  -7.6775 -1.6088 16.7669
v  -7.6856 -1.6140 16.7937
v  -7.6983 -1.6281 16.8146
v  -7.7141 -1.6484 16.8278
v  -7.7315 -1.6728 16.8313
v  -7.7476 -1.6978 16.8239
v  -7.7596 -1.7196 16.8075
v  -7.7670 -1.7351 16.7842
v  -7.7685 -1.7402 16.7563
v  -7.7728 -1.7457 16.7558
v  -7.7712 -1.7401 16.7861
v  -7.7629 -1.7237 16.8117
v  -7.7495 -1.7004 16.8299
v  -7.7320 -1.6731 16.8380
v  -7.6956 -1.6245 16.8195
v  -7.6823 -1.6090 16.7965
v  -7.6756 -1.6026 16.7672
v  -7.6777 -1.6071 16.7370
v  -7.6880 -1.6205 16.7115
v  -7.7032 -1.6412 16.6933
v  -7.7213 -1.6673 16.6851
v  -7.7397 -1.6950 16.6890
v  -7.7554 -1.7196 16.7036
v  -7.7670 -1.7379 16.7266
v  -7.7544 -1.7314 16.7315
v  -7.7445 -1.7157 16.7124
v  -7.7316 -1.6946 16.7014
v  -7.7164 -1.6715 16.6987
v  -7.7008 -1.6498 16.7046
v  -7.6863 -1.6318 16.7182
v  -7.6758 -1.6193 16.7395
v  -7.6753 -1.6158 16.7665
v  -7.6849 -1.6226 16.7904
v  -7.6985 -1.6358 16.8070
v  -7.7129 -1.6534 16.8172
v  -7.7274 -1.6746 16.8204
v  -7.7405 -1.6974 16.8157
v  -7.7508 -1.7183 16.8030
v  -7.7577 -1.7332 16.7825
v  -7.7592 -1.7382 16.7566
v  -7.7474 -1.7319 16.7323
v  -7.7379 -1.7175 16.7139
v  -7.7251 -1.6975 16.7027
v  -7.7103 -1.6749 16.6999
v  -7.6958 -1.6532 16.7057
v  -7.6835 -1.6343 16.7187
v  -7.6748 -1.6204 16.7394
v  -7.6734 -1.6177 16.7660
v  -7.6801 -1.6272 16.7893
v  -7.6911 -1.6423 16.8048
v  -7.7039 -1.6599 16.8146
v  -7.7180 -1.6802 16.8178
v  -7.7318 -1.7013 16.8135
v  -7.7431 -1.7206 16.8008
v  -7.7503 -1.7338 16.7809
v  -7.7520 -1.7382 16.7564
v  -7.7130 -1.6465 16.8341
v  -8.0006 -2.3839 17.1374
v  -7.9845 -2.3864 16.8724
v  -7.8008 -1.7647 17.0690
v  -7.7394 -1.6674 17.0741
v  -7.7947 -1.7680 16.9065
v  -7.7573 -1.7023 16.9130
v  -7.7128 -1.6382 16.9043
v  -7.8818 -3.4400 14.4657
v  -7.8844 -3.5692 14.4629
v  -7.8872 -3.4398 14.5292
v  -7.8979 -3.5687 14.6204
v  -7.8537 -3.2281 14.2107
v  -7.8639 -3.5061 14.2105
v  -7.8610 -3.2272 14.2969
v  -7.8746 -3.5058 14.3360
v  -7.8348 -3.1516 13.9880
v  -7.8439 -3.1509 14.0991
v  -7.8283 -2.8492 14.1024
v  -7.8544 -3.5067 14.0990
v  -7.8450 -3.5073 13.9879
v  -7.9211 -3.9201 14.8290
v  -7.9107 -3.9203 14.7084
v  -7.9110 -4.0912 14.6640
v  -7.9228 -4.0693 14.8294
v  -7.9018 -3.8055 14.6204
v  -7.9030 -3.9212 14.6202
v  -7.9025 -3.8644 14.6201
v  -7.8881 -3.8065 14.4368
v  -7.8912 -4.0924 14.4368
v  -8.0630 -3.2044 16.7200
v  -8.0290 -2.6473 16.8997
v  -8.0508 -2.8384 16.9205
v  -8.0534 -2.7377 17.1277
v  -7.7766 -2.6173 13.6915
v  -7.7547 -2.3907 13.7441
v  -7.7893 -2.6253 13.8768
v  -7.7644 -2.3890 13.8766
v  -7.8103 -2.8527 13.8769
v  -7.7364 -2.2601 13.7445
v  -7.6544 -1.5725 16.8878
v  -7.5216 -1.5557 14.2124
v  -7.5362 -1.5578 14.4916
v  -7.5476 -1.5594 14.7173
v  -7.6024 -1.5638 15.9063
v  -7.6286 -1.5633 16.5500
v  -7.8699 -1.9107 17.1291
v  -7.5719 -1.6541 13.8026
v  -7.5496 -1.6127 13.9268
v  -7.5983 -1.6975 13.9241
v  -7.6442 -1.8410 13.7731
v  -7.5176 -1.5613 14.0427
v  -7.5135 -1.5628 13.8801
v  -7.6405 -1.5695 16.7180
v  -7.6224 -1.5654 16.3536
v  -7.5914 -1.5639 15.6442
v  -7.9444 -4.2950 15.0529
v  -7.9359 -4.2212 14.9634
v  -7.9393 -4.3374 14.9631
v  -7.9437 -4.2153 15.0531
v  -7.9241 -4.2154 14.8281
v  -7.9275 -4.3383 14.8278
v  -7.9683 -4.4482 15.3161
v  -7.9455 -4.3511 15.0607
v  -7.9231 -4.1115 14.8280
v  -7.9023 -4.2157 14.5504
v  -7.9033 -4.3384 14.5504
v  -7.7171 -2.1683 13.7154
v  -7.6480 -1.8621 13.7298
v  -8.0556 -3.0780 16.7200
v  -8.0803 -3.8493 16.7201
v  -8.0509 -3.8628 16.3394
v  -8.0407 -3.8609 16.2329
v  -8.0395 -3.4513 16.3100
v  -8.0419 -3.4511 16.3397
v  -8.0439 -3.4504 16.3640
v  -8.0320 -3.4563 16.2308
v  -8.0374 -3.7769 16.2145
v  -8.0480 -3.7104 16.3377
v  -8.0449 -3.5658 16.3378
v  -8.0335 -3.5677 16.2178
v  -8.0370 -3.6539 16.2180
v  -8.0619 -3.3918 16.6049
v  -8.0627 -3.6064 16.5408
v  -8.0755 -3.6052 16.7201
v  -8.0711 -3.3888 16.7199
v  -8.0650 -3.8528 16.5409
v  -8.0517 -3.3639 16.5054
v  -8.0559 -3.4501 16.5095
v  -8.0538 -3.2055 16.6051
v  -8.0479 -3.2129 16.5286
v  -8.0456 -3.2310 16.4878
v  -8.0873 -4.4480 16.7201
v  -8.0373 -4.0631 16.1455
v  -8.0679 -4.0567 16.5408
v  -8.0853 -4.2570 16.7201
v  -8.0834 -4.0531 16.7201
v  -8.0508 -4.0667 16.3069
v  -8.0715 -4.2606 16.5406
v  -8.0460 -4.2688 16.2230
v  -8.0477 -4.4483 16.2229
v  -8.0078 -4.2719 15.7889
v  -8.0245 -4.2585 15.9685
v  -8.0224 -4.0467 15.9915
v  -8.0142 -3.8593 15.9316
v  -8.0228 -3.8602 16.0319
v  -7.9612 -2.1882 17.1364
v  -7.8361 -2.9866 14.1008
v  -7.6441 -1.7319 16.7323
v  -7.6347 -1.7175 16.7139
v  -7.6218 -1.6975 16.7027
v  -7.6070 -1.6749 16.6999
v  -7.5926 -1.6532 16.7057
v  -7.5802 -1.6343 16.7187
v  -7.5716 -1.6204 16.7394
v  -7.5702 -1.6177 16.7660
v  -7.5769 -1.6272 16.7893
v  -7.5878 -1.6423 16.8048
v  -7.6006 -1.6599 16.8146
v  -7.6148 -1.6802 16.8178
v  -7.6285 -1.7013 16.8135
v  -7.6399 -1.7206 16.8008
v  -7.6470 -1.7338 16.7809
v  -7.6487 -1.7382 16.7564
v  -7.7992 -1.7818 16.8542
v  -7.7995 -1.7864 16.8120
v  -7.7983 -1.7865 16.7868
v  -7.7968 -1.7865 16.7567
v  -7.7952 -1.7864 16.7272
v  -7.7940 -1.7862 16.7036
v  -7.7856 -1.7872 16.5863
v  -7.7844 -1.7873 16.5612
v  -7.7829 -1.7872 16.5311
v  -7.7814 -1.7871 16.5016
v  -7.7801 -1.7869 16.4781
v  -7.7739 -1.7868 16.3624
v  -7.7727 -1.7869 16.3373
v  -7.7710 -1.7870 16.3072
v  -7.7694 -1.7869 16.2777
v  -7.7680 -1.7868 16.2541
v  -7.7615 -1.7868 16.1361
v  -7.7601 -1.7869 16.1108
v  -7.7584 -1.7869 16.0807
v  -7.7568 -1.7869 16.0514
v  -7.7554 -1.7868 16.0279
v  -7.7489 -1.7868 15.9146
v  -7.7476 -1.7870 15.8894
v  -7.7458 -1.7870 15.8593
v  -7.7442 -1.7870 15.8298
v  -7.7428 -1.7868 15.8063
v  -7.7362 -1.7869 15.6906
v  -7.7349 -1.7870 15.6662
v  -7.7332 -1.7870 15.6364
v  -7.7315 -1.7870 15.6066
v  -7.7301 -1.7869 15.5823
v  -7.7234 -1.7869 15.4656
v  -7.7221 -1.7870 15.4413
v  -7.7204 -1.7870 15.4115
v  -7.7187 -1.7870 15.3817
v  -7.7173 -1.7869 15.3573
v  -7.7107 -1.7869 15.2419
v  -7.7093 -1.7870 15.2176
v  -7.7076 -1.7870 15.1878
v  -7.7059 -1.7870 15.1580
v  -7.7045 -1.7869 15.1336
v  -7.6979 -1.7869 15.0175
v  -7.6966 -1.7870 14.9933
v  -7.6949 -1.7870 14.9636
v  -7.6932 -1.7870 14.9337
v  -7.6917 -1.7869 14.9092
v  -7.6851 -1.7869 14.7928
v  -7.6838 -1.7869 14.7686
v  -7.6821 -1.7870 14.7389
v  -7.6803 -1.7870 14.7091
v  -7.6788 -1.7869 14.6845
v  -7.6720 -1.7870 14.5681
v  -7.6706 -1.7870 14.5437
v  -7.6690 -1.7870 14.5140
v  -7.6671 -1.7871 14.4842
v  -7.6656 -1.7871 14.4598
v  -7.6588 -1.7871 14.3436
v  -7.6575 -1.7872 14.3193
v  -7.6558 -1.7872 14.2895
v  -7.6539 -1.7872 14.2597
v  -7.6524 -1.7872 14.2353
v  -7.6481 -1.7863 14.1196
v  -7.6467 -1.7864 14.0953
v  -7.6450 -1.7864 14.0655
v  -7.6432 -1.7864 14.0357
v  -7.6360 -1.7865 13.9169
v  -7.6314 -1.7866 13.8397
v  -7.6278 -1.7866 13.7779
v  -6.3879 -1.0779 5.2916
v  -6.9903 -8.5797 4.7825
v  -8.0561 -8.5791 16.3707
v  -6.3881 -1.0811 19.1087
v  -6.3954 -1.0820 19.1233
v  -6.3985 -1.0824 19.1244
v  -6.9335 -1.1872 19.0346
v  -6.3911 -1.0351 1.1162
v  -6.4379 -1.0392 1.0693
v  -6.7083 -1.0970 1.0652
v  -6.8233 -1.1622 1.0660
v  -6.9880 -1.6717 1.0661
v  -6.9879 -1.9171 1.0649
v  -6.9754 -2.6529 1.0664
v  -6.9601 -3.1433 1.0657
v  -7.6612 -8.5775 12.4609
v  -8.0827 -6.3254 16.5439
v  -8.0977 -5.5081 16.7271
v  -8.1279 -4.1303 17.2020
v  -8.1389 -3.2301 17.6337
v  -8.1110 -2.6852 17.9415
v  -6.3871 -1.0983 9.9026
v  -6.4760 -1.0901 5.3067
v  -7.4270 -2.1458 9.6332
v  -6.9401 -1.2290 5.3795
v  -6.5964 -1.1111 5.3275
v  -6.7152 -1.1382 5.3465
v  -6.8313 -1.1743 5.3637
v  -7.0455 -1.3290 5.3758
v  -7.1459 -1.5974 5.3282
v  -7.1751 -1.9121 5.2605
v  -7.1879 -2.4546 5.1611
v  -7.1835 -3.0042 5.0702
v  -7.1543 -4.1190 4.9183
v  -7.1181 -5.2488 4.8084
v  -7.0569 -6.9628 4.7831
v  -7.3380 -7.0036 8.6780
v  -7.6978 -7.1361 12.5783
v  -7.7400 -5.3754 12.7843
v  -7.7728 -4.2368 13.0881
v  -7.3852 -1.7819 9.7740
v  -7.2547 -1.4370 9.8964
v  -7.3879 -5.2785 8.8264
v  -7.4224 -4.1518 9.0341
v  -7.4490 -3.0528 9.3207
v  -7.4455 -2.5172 9.4923
v  -8.0540 -8.8427 16.3728
v  -8.0527 -8.8850 16.3641
v  -6.6948 -8.8570 1.0650
v  -6.6939 -8.8759 1.0650
v  -6.6942 -8.9068 1.0905
v  -6.6938 -8.9050 1.0846
v  -6.6936 -8.9021 1.0791
v  -6.7073 -8.5949 1.0651
v  -7.2977 -8.5795 8.6741
v  -7.1389 -1.3279 9.9116
v  -6.9926 -1.2488 9.9094
v  -6.8432 -1.1959 9.9078
v  -6.6828 -1.1543 9.9060
v  -6.5191 -1.1215 9.9041
v  -6.9899 -1.6742 1.1101
v  -6.9716 -1.4548 1.1101
v  -6.9027 -1.2549 1.1101
v  -6.8248 -1.1625 1.1101
v  -6.7076 -1.1096 1.1101
v  -6.5879 -1.0626 1.1101
v  -6.4610 -1.0425 1.1101
v  -6.4395 -1.0400 1.1101
v  -6.4195 -1.0378 1.1101
v  -6.7107 -8.5949 1.1101
v  -6.7966 -6.9430 1.1101
v  -6.8779 -5.2549 1.1101
v  -6.9254 -4.1485 1.1101
v  -6.9628 -3.1418 1.1101
v  -6.9777 -2.6508 1.1101
v  -6.9874 -2.1656 1.1101
v  -6.9899 -1.9171 1.1101
v  -6.6985 -8.8569 1.1101
v  -6.9791 -8.8443 4.7804
v  -7.2931 -8.8440 8.7047
v  -7.6566 -8.8435 12.4619
v  -8.0507 -8.8427 16.3392
v  -8.0528 -8.5791 16.3371
v  -8.0620 -7.6755 16.3597
v  -8.0798 -6.3171 16.5116
v  -8.0950 -5.4970 16.6959
v  -8.1251 -4.1221 17.1656
v  -8.0534 -2.3010 18.1323
v  -8.1072 -2.6843 17.8929
v  -8.1356 -3.2291 17.5863
v  -6.9318 -1.1869 18.9844
v  -7.2753 -1.2950 18.8847
v  -7.5073 -1.4138 18.7828
v  -7.7675 -1.6302 18.6097
v  -7.9505 -1.9412 18.3760
v  -6.3995 -1.0830 19.1052
v  -6.6936 -8.8819 1.0656
v  -6.6934 -8.8878 1.0674
v  -6.6934 -8.8933 1.0703
v  -6.6934 -8.8982 1.0743
v  -6.6946 -8.9074 1.0965
v  -6.6932 -8.9113 1.0966
v  -6.6900 -8.9139 1.0968
v  -6.6866 -8.9146 1.0971
v  -6.6860 -8.9137 1.0895
v  -6.6856 -8.9114 1.0823
v  -6.6853 -8.9077 1.0756
v  -6.6851 -8.9028 1.0698
v  -6.6851 -8.8969 1.0651
v  -6.6852 -8.8902 1.0615
v  -6.6854 -8.8830 1.0593
v  -6.6857 -8.8754 1.0586
v  -6.6890 -8.8756 1.0591
v  -6.6922 -8.8762 1.0614
v  -6.6895 -8.9131 1.0897
v  -6.6890 -8.9109 1.0827
v  -6.6887 -8.9073 1.0760
v  -6.6884 -8.9024 1.0701
v  -6.6884 -8.8964 1.0653
v  -6.6884 -8.8897 1.0618
v  -6.6887 -8.8826 1.0598
v  -6.6919 -8.8827 1.0621
v  -6.6917 -8.8892 1.0641
v  -6.6916 -8.8954 1.0673
v  -6.6917 -8.9009 1.0718
v  -6.6919 -8.9054 1.0773
v  -6.6922 -8.9087 1.0835
v  -6.6927 -8.9106 1.0900
v  -6.9769 -8.8949 4.7791
v  -6.9758 -8.8986 4.7792
v  -6.9729 -8.9011 4.7794
v  -6.9689 -8.9021 4.7797
v  -7.2921 -8.8946 8.7106
v  -7.2910 -8.8984 8.7107
v  -7.2881 -8.9012 8.7109
v  -7.2840 -8.9022 8.7112
v  -7.6543 -8.8984 12.4619
v  -7.6512 -8.9012 12.4622
v  -8.0505 -8.8945 16.3415
v  -8.0494 -8.8984 16.3416
v  -8.0466 -8.9012 16.3419
v  -6.6867 -8.8565 1.0586
v  -6.6899 -8.8567 1.0591
v  -6.6931 -8.8569 1.0614
v  -6.6989 -8.5945 1.0586
v  -6.7022 -8.5947 1.0590
v  -6.7055 -8.5949 1.0614
v  -6.7929 -6.9427 1.0653
v  -6.7847 -6.9423 1.0585
v  -6.7880 -6.9425 1.0593
v  -6.7910 -6.9426 1.0618
v  -6.8751 -5.2550 1.0661
v  -6.8668 -5.2546 1.0586
v  -6.8701 -5.2547 1.0599
v  -6.8727 -5.2549 1.0629
v  -6.9220 -4.1488 1.0652
v  -6.9134 -4.1484 1.0585
v  -6.9164 -4.1485 1.0596
v  -6.9191 -4.1487 1.0623
v  -6.9523 -3.1429 1.0585
v  -6.9549 -3.1431 1.0606
v  -6.9570 -3.1432 1.0635
v  -6.9677 -2.6525 1.0584
v  -6.9712 -2.6527 1.0594
v  -6.9743 -2.6529 1.0624
v  -6.9854 -2.1624 1.0653
v  -6.9775 -2.1620 1.0583
v  -6.9797 -2.1621 1.0610
v  -6.9822 -2.1622 1.0631
v  -6.9800 -1.9167 1.0583
v  -6.9824 -1.9169 1.0603
v  -6.9843 -1.9170 1.0632
v  -6.9808 -1.6712 1.0583
v  -6.9842 -1.6714 1.0593
v  -6.9871 -1.6715 1.0622
v  -6.9698 -1.4532 1.0663
v  -6.9627 -1.4546 1.0585
v  -6.9656 -1.4540 1.0601
v  -6.9678 -1.4537 1.0630
v  -6.9012 -1.2540 1.0663
v  -6.8950 -1.2575 1.0584
v  -6.8979 -1.2559 1.0597
v  -6.9002 -1.2546 1.0628
v  -6.8185 -1.1681 1.0580
v  -6.8208 -1.1653 1.0589
v  -6.8227 -1.1628 1.0620
v  -6.7048 -1.1059 1.0579
v  -6.7062 -1.1024 1.0582
v  -6.7076 -1.0987 1.0608
v  -6.5857 -1.0620 1.0654
v  -6.5838 -1.0708 1.0579
v  -6.5845 -1.0673 1.0587
v  -6.5852 -1.0641 1.0616
v  -6.4584 -1.0414 1.0659
v  -8.0436 -8.8996 16.3551
v  -8.0426 -8.9023 16.3423
v  -8.0449 -8.8902 16.3707
v  -8.0456 -8.8763 16.3787
v  -8.0460 -8.8626 16.3816
v  -8.0538 -8.8628 16.3729
v  -8.0515 -8.8923 16.3517
v  -8.0535 -8.8737 16.3707
v  -8.0529 -8.8631 16.3774
v  -8.0501 -8.8630 16.3803
v  -8.0503 -8.8426 16.3802
v  -8.0530 -8.8426 16.3773
v  -8.0525 -8.8750 16.3748
v  -8.0516 -8.8886 16.3668
v  -8.0504 -8.8962 16.3531
v  -8.0494 -8.8761 16.3776
v  -8.0482 -8.8905 16.3692
v  -8.0473 -8.8990 16.3543
v  -8.0483 -8.5791 16.3799
v  -8.0462 -8.8425 16.3814
v  -8.0553 -8.5791 16.3756
v  -8.0526 -8.5791 16.3786
v  -8.0576 -7.6798 16.4014
v  -8.0615 -7.6799 16.3998
v  -8.0641 -7.6800 16.3971
v  -8.0652 -7.6799 16.3927
v  -8.0753 -6.3255 16.5534
v  -8.0794 -6.3258 16.5519
v  -8.0820 -6.3257 16.5485
v  -8.0905 -5.5083 16.7369
v  -8.0945 -5.5086 16.7353
v  -8.0971 -5.5084 16.7318
v  -8.1099 -4.8371 16.9413
v  -8.1122 -4.8365 16.9369
v  -8.1202 -4.1303 17.2102
v  -8.1240 -4.1305 17.2087
v  -8.1265 -4.1304 17.2061
v  -8.1314 -3.2292 17.6409
v  -8.1349 -3.2294 17.6393
v  -8.1372 -3.2296 17.6372
v  -8.1041 -2.6859 17.9516
v  -8.1075 -2.6856 17.9492
v  -8.1094 -2.6851 17.9457
v  -8.0503 -2.3069 18.1943
v  -8.0537 -2.3053 18.1924
v  -8.0555 -2.3037 18.1893
v  -8.0573 -2.3029 18.1850
v  -7.9476 -1.9507 18.4405
v  -7.9508 -1.9480 18.4395
v  -7.9525 -1.9457 18.4370
v  -7.9544 -1.9439 18.4325
v  -7.7682 -1.6372 18.6742
v  -7.7697 -1.6344 18.6720
v  -7.7712 -1.6318 18.6670
v  -7.7653 -1.6407 18.6746
v  -7.5098 -1.4189 18.8493
v  -7.5108 -1.4161 18.8471
v  -7.5117 -1.4140 18.8426
v  -7.5077 -1.4227 18.8498
v  -7.2759 -1.3038 18.9481
v  -7.2769 -1.3003 18.9470
v  -7.2773 -1.2980 18.9450
v  -7.2779 -1.2964 18.9415
v  -6.9317 -1.1957 19.0424
v  -6.9328 -1.1916 19.0417
v  -6.9334 -1.1886 19.0391
v  -6.3995 -1.0957 19.1304
v  -6.4008 -1.0854 19.1304
v  -6.3793 -1.0879 19.1086
v  -6.3807 -1.0884 19.1173
v  -6.3802 -1.0905 19.1157
v  -6.3826 -1.0825 19.1090
v  -6.3825 -1.0913 19.1213
v  -6.3866 -1.0929 19.1262
v  -6.3912 -1.0942 19.1290
v  -6.4005 -1.0826 19.1246
v  -6.3964 -1.0953 19.1304
v  -6.4003 -1.0902 19.1323
v  -6.3928 -1.0816 19.1214
v  -6.3904 -1.0813 19.1180
v  -6.3890 -1.0812 19.1140
v  -6.3825 -1.0884 19.1215
v  -6.3830 -1.0829 19.1152
v  -6.3865 -1.0886 19.1269
v  -6.3964 -1.0899 19.1321
v  -6.3970 -1.0851 19.1303
v  -6.3911 -1.0892 19.1303
v  -6.3922 -1.0845 19.1286
v  -6.3881 -1.0840 19.1254
v  -6.3847 -1.0834 19.1205
v  -6.3830 -1.0423 1.1135
v  -6.4191 -1.0373 1.0778
v  -6.4040 -1.0360 1.0919
v  -6.3974 -1.0432 1.0867
v  -6.4145 -1.0447 1.0709
v  -6.4356 -1.0468 1.0614
v  -6.4574 -1.0493 1.0579
v  -6.3832 -1.0392 1.1147
v  -6.3982 -1.0403 1.0872
v  -6.4154 -1.0417 1.0714
v  -6.4359 -1.0434 1.0619
v  -6.3863 -1.0360 1.1153
v  -6.4004 -1.0374 1.0885
v  -6.4171 -1.0388 1.0733
v  -6.4371 -1.0399 1.0654
v  -6.3876 -1.0351 1.1370
v  -6.4579 -1.0458 1.0587
v  -6.4582 -1.0426 1.0617
v  -6.3832 -1.0360 1.1369
v  -6.3799 -1.0393 1.1367
v  -6.3791 -1.0421 1.1367
v  -6.3827 -1.0789 5.2915
v  -6.3791 -1.0837 5.2914
v  -6.6650 -8.9141 1.0974
v  -6.6647 -8.9131 1.0901
v  -6.6640 -8.9104 1.0832
v  -6.6629 -8.9067 1.0762
v  -6.6620 -8.9019 1.0707
v  -6.6607 -8.8961 1.0661
v  -6.6581 -8.8896 1.0628
v  -6.6554 -8.8825 1.0611
v  -6.6535 -8.8753 1.0604
v  -6.9481 -8.9001 4.7785
v  -7.2620 -8.9014 8.7123
v  -6.6498 -8.8560 1.0604
v  -6.6937 -6.9423 1.0579
v  -6.7756 -5.2546 1.0587
v  -6.8216 -4.1484 1.0577
v  -6.8617 -3.1429 1.0581
v  -6.8752 -2.6525 1.0588
v  -6.8864 -2.1620 1.0579
v  -6.8898 -1.9167 1.0573
v  -6.8900 -1.6712 1.0582
v  -6.8704 -1.4798 1.0585
v  -6.8191 -1.2962 1.0584
v  -6.7860 -1.2243 1.0581
v  -6.6774 -1.1630 1.0575
v  -6.5734 -1.1328 1.0576
v  -8.0210 -8.8993 16.3550
v  -8.0209 -8.9021 16.3422
v  -8.0205 -8.8900 16.3705
v  -8.0177 -8.8759 16.3787
v  -8.0142 -8.8626 16.3815
v  -7.9509 -8.6555 16.3734
v  -8.0038 -8.8280 16.3810
v  -7.9730 -7.6574 16.4047
v  -7.9918 -6.2627 16.5666
v  -8.0075 -5.4801 16.7441
v  -8.0376 -4.0869 17.2275
v  -8.0453 -3.1691 17.6745
v  -8.0186 -2.6576 17.9692
v  -7.9617 -2.2981 18.2010
v  -7.8542 -1.9619 18.4339
v  -7.5679 -1.5692 18.7317
v  -7.1915 -1.3482 18.9130
v  -6.8536 -1.2340 19.0105
v  -6.3944 -1.1289 19.1010
v  -6.3742 -1.1211 19.0792
v  -6.3754 -1.1229 19.0862
v  -6.3774 -1.1245 19.0919
v  -6.3815 -1.1262 19.0968
v  -6.3861 -1.1275 19.0995
v  -6.3913 -1.1285 19.1009
v  -6.3789 -1.0831 1.1135
v  -6.3933 -1.0888 1.0867
v  -6.4103 -1.0954 1.0709
v  -6.4315 -1.1036 1.0614
v  -6.4533 -1.1123 1.0579
v  -6.3749 -1.0813 1.1367
v  -6.3754 -1.1173 5.2914
v  -6.3814 -1.1003 9.9024
v  -6.3782 -1.1056 9.9024
v  -6.3731 -1.1406 9.9012
v  -6.6458 -8.8565 1.1017
v  -7.9469 -8.6553 16.3286
v  -7.9978 -8.8421 16.3354
v  -7.6087 -8.8570 12.4715
v  -7.2465 -8.8554 8.7311
v  -7.2068 -8.7017 8.7202
v  -6.9312 -8.8588 4.7776
v  -6.8926 -8.7022 4.7582
v  -6.6577 -8.9075 1.0976
v  -6.6571 -8.9069 1.0909
v  -6.6562 -8.9051 1.0844
v  -6.6552 -8.9019 1.0784
v  -6.6541 -8.8975 1.0732
v  -6.6527 -8.8921 1.0690
v  -6.6513 -8.8857 1.0661
v  -6.6498 -8.8788 1.0645
v  -6.6482 -8.8722 1.0644
v  -6.9398 -8.8935 4.7791
v  -7.2545 -8.8933 8.7131
v  -6.6444 -8.8559 1.0651
v  -8.0128 -8.8953 16.3411
v  -8.0133 -8.8927 16.3527
v  -8.0123 -8.8842 16.3668
v  -8.0095 -8.8710 16.3739
v  -8.0064 -8.8585 16.3758
v  -7.9570 -8.6512 16.3804
v  -7.9971 -8.8256 16.3740
v  -6.6609 -8.9121 1.0979
v  -6.6597 -8.9109 1.0900
v  -6.6592 -8.9088 1.0831
v  -6.6584 -8.9054 1.0768
v  -6.6575 -8.9007 1.0712
v  -6.6564 -8.8949 1.0667
v  -6.6543 -8.8880 1.0637
v  -6.6522 -8.8810 1.0622
v  -6.6505 -8.8742 1.0620
v  -6.9423 -8.8996 4.7796
v  -7.2574 -8.8995 8.7118
v  -6.6467 -8.8560 1.0621
v  -8.0158 -8.8972 16.3543
v  -8.0156 -8.9001 16.3419
v  -8.0152 -8.8883 16.3694
v  -8.0125 -8.8745 16.3771
v  -8.0093 -8.8614 16.3792
v  -7.9539 -8.6534 16.3769
v  -7.9994 -8.8262 16.3786
v  -6.6116 -8.7069 1.1034
v  -6.6084 -8.7069 1.0688
v  -6.6138 -8.7070 1.0641
v  -6.6107 -8.7070 1.0657
v  -7.6243 -1.7837 13.7363
v  -7.0093 -1.2344 14.0556
v  -6.7859 -1.1723 14.0824
v  -7.8892 -3.8941 14.4368
v  -7.9026 -4.6127 14.5295
v  -7.9813 -4.4482 15.4693
v  -7.9979 -4.4482 15.6365
v  -8.0122 -4.4482 15.8039
v  -8.0258 -4.4482 15.9649
v  -8.0734 -4.4481 16.5405
v  -8.0452 -2.8934 16.7590
v  -7.9080 -2.0194 17.1361
v  -7.5802 -1.4975 17.0016
v  -7.6674 -1.5791 17.0645
v  -8.0604 -6.2625 16.2984
v  -8.0412 -7.6443 16.1433
v  -8.0304 -8.5790 16.1151
v  -8.0281 -8.8427 16.1170
v  -8.0278 -8.8945 16.1192
v  -8.0268 -8.8984 16.1194
v  -8.0239 -8.9012 16.1196
v  -8.0199 -8.9023 16.1200
v  -7.9982 -8.9020 16.1200
v  -7.9929 -8.9000 16.1197
v  -7.9902 -8.8953 16.1189
v  -7.9755 -8.8429 16.1141
v  -7.9253 -8.6586 16.1073
v  -8.0362 -6.1944 16.0329
v  -8.0152 -7.6054 15.8738
v  -8.0024 -8.5789 15.8386
v  -7.9999 -8.8428 15.8404
v  -7.9996 -8.8945 15.8424
v  -7.9986 -8.8984 15.8426
v  -7.9957 -8.9012 15.8428
v  -7.9916 -8.9023 15.8432
v  -7.9700 -8.9019 15.8432
v  -7.9647 -8.9000 15.8429
v  -7.9620 -8.8954 15.8423
v  -7.9477 -8.8440 15.8384
v  -7.8984 -8.6626 15.8317
v  -8.0163 -6.1384 15.8144
v  -7.9938 -7.5734 15.6521
v  -7.9794 -8.5788 15.6111
v  -7.9768 -8.8428 15.6129
v  -7.9764 -8.8945 15.6147
v  -7.9754 -8.8984 15.6149
v  -7.9725 -8.9012 15.6151
v  -7.9684 -8.9023 15.6155
v  -7.9468 -8.9018 15.6155
v  -7.9414 -8.9000 15.6153
v  -7.9387 -8.8954 15.6148
v  -7.9249 -8.8449 15.6116
v  -7.8763 -8.6659 15.6051
v  -7.9833 -6.0456 15.4526
v  -7.9584 -7.5203 15.2849
v  -7.9413 -8.5786 15.2344
v  -7.9385 -8.8429 15.2360
v  -7.9379 -8.8945 15.2376
v  -7.9369 -8.8984 15.2377
v  -7.9340 -8.9012 15.2380
v  -7.9299 -8.9023 15.2383
v  -7.9084 -8.9016 15.2383
v  -7.9030 -8.8999 15.2382
v  -7.9003 -8.8954 15.2379
v  -7.8870 -8.8464 15.2360
v  -7.8396 -8.6714 15.2296
v  -7.9447 -5.9371 15.0295
v  -7.9170 -7.4583 14.8554
v  -7.8968 -8.5784 14.7938
v  -7.8936 -8.8430 14.7952
v  -7.8929 -8.8945 14.7965
v  -7.8920 -8.8984 14.7966
v  -7.8891 -8.9012 14.7969
v  -7.8849 -8.9022 14.7973
v  -7.8634 -8.9015 14.7972
v  -7.8580 -8.8998 14.7972
v  -7.8553 -8.8954 14.7971
v  -7.8427 -8.8481 14.7967
v  -7.7968 -8.6778 14.7906
v  -7.9192 -5.8655 14.7504
v  -7.8897 -7.4174 14.5721
v  -7.8674 -8.5783 14.5031
v  -7.8640 -8.8431 14.5044
v  -7.8633 -8.8945 14.5056
v  -7.8623 -8.8984 14.5057
v  -7.8594 -8.9012 14.5059
v  -7.8552 -8.9022 14.5063
v  -7.8338 -8.9013 14.5062
v  -7.8283 -8.8998 14.5062
v  -7.8257 -8.8955 14.5063
v  -7.8135 -8.8493 14.5070
v  -7.7685 -8.6820 14.5009
v  -7.8498 -7.3576 14.1580
v  -7.8244 -8.5781 14.0783
v  -7.8208 -8.8432 14.0794
v  -7.8199 -8.8945 14.0804
v  -7.8190 -8.8984 14.0804
v  -7.8160 -8.9012 14.0807
v  -7.8118 -8.9022 14.0810
v  -7.7905 -8.9012 14.0810
v  -7.7849 -8.8997 14.0811
v  -7.7823 -8.8955 14.0814
v  -7.7709 -8.8509 14.0835
v  -7.7272 -8.6882 14.0776
v  -7.8571 -5.6865 14.0519
v  -7.8214 -7.3151 13.8633
v  -7.7938 -8.5780 13.7760
v  -7.7900 -8.8432 13.7770
v  -7.7890 -8.8945 13.7777
v  -7.7881 -8.8984 13.7778
v  -7.7851 -8.9012 13.7780
v  -7.7810 -8.9022 13.7784
v  -7.7596 -8.9010 13.7783
v  -7.7541 -8.8997 13.7784
v  -7.7515 -8.8955 13.7789
v  -7.7405 -8.8521 13.7820
v  -7.6978 -8.6926 13.7763
v  -8.0767 -5.4907 16.4939
v  -8.0559 -5.4835 16.2655
v  -8.0307 -5.4748 15.9870
v  -8.0008 -5.4646 15.6582
v  -7.9666 -5.4528 15.2817
v  -7.9338 -5.4416 14.9198
v  -7.8960 -5.4286 14.5039
v  -7.8841 -5.7613 14.3436
v  -7.8671 -5.4187 14.1855
v  -7.8192 -2.8508 13.9884
v  -7.6899 -2.0246 13.7227
v  -7.6618 -1.9129 13.7224
v  -7.7877 -3.1368 13.4245
v  -7.8402 -1.7263 18.5318
v  -7.9033 -1.8307 18.4539
v  -7.9037 -1.8376 18.5177
v  -7.8408 -1.7333 18.5959
v  -7.9053 -1.8351 18.5153
v  -7.8423 -1.7306 18.5936
v  -7.9071 -1.8331 18.5107
v  -7.8440 -1.7283 18.5889
v  -7.8378 -1.7365 18.5966
v  -7.9006 -1.8406 18.5185
v  -7.7630 -1.7931 18.5553
v  -6.3728 -1.1350 14.5458
v  -6.3786 -1.1022 14.5468
v  -6.3811 -1.0966 14.5469
v  -6.3871 -1.0946 14.5466
v  -6.5204 -1.1158 14.5260
v  -6.7965 -1.1738 14.4784
v  -7.0273 -1.2384 14.4454
v  -7.2388 -1.3274 14.3904
v  -6.3729 -1.1336 15.0041
v  -6.3786 -1.1008 15.0079
v  -6.3813 -1.0952 15.0081
v  -6.3872 -1.0933 15.0078
v  -6.5082 -1.1125 14.9889
v  -6.8102 -1.1751 14.9339
v  -7.0524 -1.2439 14.8942
v  -7.2662 -1.3356 14.8344
v  -6.3730 -1.1322 15.4632
v  -6.3787 -1.0993 15.4699
v  -6.3814 -1.0938 15.4701
v  -6.3873 -1.0919 15.4698
v  -6.4960 -1.1092 15.4526
v  -6.8239 -1.1764 15.3902
v  -7.0774 -1.2500 15.3438
v  -7.2929 -1.3453 15.2792
v  -6.3732 -1.1304 16.0314
v  -6.3788 -1.0975 16.0417
v  -6.3816 -1.0920 16.0419
v  -6.3874 -1.0902 16.0416
v  -6.4808 -1.1051 16.0266
v  -6.8408 -1.1780 15.9550
v  -7.1086 -1.2569 15.9002
v  -7.3267 -1.3559 15.8298
v  -6.3734 -1.1289 16.5226
v  -6.3789 -1.0960 16.5360
v  -6.3817 -1.0905 16.5363
v  -6.3875 -1.0887 16.5360
v  -6.4677 -1.1015 16.5228
v  -6.8555 -1.1795 16.4433
v  -7.1354 -1.2631 16.3812
v  -7.3565 -1.3639 16.3057
v  -6.3735 -1.1277 16.9072
v  -6.3789 -1.0948 16.9230
v  -6.3819 -1.0893 16.9233
v  -6.3876 -1.0876 16.9230
v  -6.4574 -1.0987 16.9113
v  -6.8670 -1.1806 16.8255
v  -7.1565 -1.2678 16.7578
v  -7.3799 -1.3702 16.6783
v  -6.3736 -1.1266 17.2804
v  -6.3790 -1.0936 17.2985
v  -6.3820 -1.0881 17.2988
v  -6.3877 -1.0864 17.2985
v  -6.4475 -1.0960 17.2882
v  -6.8781 -1.1817 17.1965
v  -7.1772 -1.2718 17.1233
v  -7.4022 -1.3769 17.0399
v  -7.5587 -1.5609 14.9419
v  -7.5698 -1.5624 15.1664
v  -7.6129 -1.5653 16.1240
v  -7.5804 -1.5636 15.3898
v  -7.4182 -1.4478 13.9789
v  -7.2166 -1.3218 14.0147
v  -6.3871 -1.0953 14.1351
v  -6.5241 -1.1174 14.1182
v  -6.3811 -1.0973 14.1352
v  -6.3785 -1.1029 14.1351
v  -6.3727 -1.1358 14.1349
v  -7.5601 -1.4895 16.6523
v  -7.5414 -1.4850 16.2822
v  -7.4448 -1.4587 14.3667
v  -7.4675 -1.4653 14.8147
v  -7.4899 -1.4720 15.2625
v  -7.5171 -1.4792 15.8052
v  -8.1123 -4.8362 16.9318
v  -8.1087 -4.8294 16.8900
v  -8.1060 -4.8371 16.9436
v  -8.0201 -4.7916 16.9589
v  -8.0888 -4.8066 16.6674
v  -8.0734 -4.7883 16.4932
v  -8.0450 -4.7560 16.1737
v  -8.0227 -4.7294 15.9184
v  -7.9924 -4.6959 15.5703
v  -7.9569 -4.6390 15.1526
v  -7.9294 -4.6134 14.8309
v  -6.3871 -1.0955 13.7516
v  -7.7667 -2.6143 13.5656
v  -7.6551 -8.8944 12.4619
v  -7.1976 -1.3164 13.6739
v  -6.5236 -1.1181 13.7410
v  -7.3945 -1.4374 13.6495
v  -7.6470 -8.9021 12.4625
v  -7.6258 -8.9005 12.4625
v  -6.3811 -1.0976 13.7517
v  -6.3785 -1.1031 13.7516
v  -6.3728 -1.1362 13.7510
v  -7.5699 -8.7107 12.4662
v  -7.6176 -8.8956 12.4639
v  -7.6202 -8.8995 12.4628
v  -7.7175 -2.2040 13.6109
v  -6.9948 -1.2317 13.6974
v  -6.7769 -1.1707 13.7182
v  -7.7454 -2.3945 13.6165
v  -7.6842 -2.0282 13.6000
v  -7.6468 -1.8843 13.6075
v  -7.6017 -1.7429 13.6233
v  -7.5167 -1.5737 13.6356
v  -8.0018 -2.4873 16.8952
v  -8.0881 -3.2129 17.0194
v  -7.6350 -1.5037 18.7098
v  -7.6402 -1.5054 18.7677
v  -7.6393 -1.5080 18.7722
v  -7.6381 -1.5108 18.7744
v  -7.6360 -1.5147 18.7747
v  -7.2859 -6.9512 8.7718
v  -7.3394 -5.3673 8.9014
v  -7.3687 -4.4700 9.0083
v  -7.3975 -3.6149 9.1428
v  -7.4081 -2.9108 9.3667
v  -7.4004 -2.4098 9.5135
v  -7.3736 -2.1074 9.6292
v  -7.3200 -1.8165 9.7461
v  -7.2646 -1.6364 9.8069
v  -7.1331 -1.4147 9.8950
v  -6.8823 -1.2556 9.9853
v  -6.6613 -1.1834 10.0341
v  -7.7829 -6.9579 14.6343
v  -7.8148 -5.4531 14.8618
v  -7.8315 -4.7144 15.0508
v  -7.8516 -3.9736 15.2871
v  -7.8600 -3.1071 15.6806
v  -7.8379 -2.5981 15.9398
v  -7.7883 -2.2523 16.1438
v  -7.6937 -1.9270 16.3488
v  -7.6111 -1.7555 16.4557
v  -7.4312 -1.5321 16.6109
v  -7.0850 -1.3260 16.7704
v  -6.7751 -1.2219 16.8561
v  -7.6562 -6.9562 13.1394
v  -7.6936 -5.4312 13.3419
v  -7.7135 -4.6521 13.5099
v  -7.7358 -3.8822 13.7203
v  -7.7448 -3.0570 14.0706
v  -7.7263 -2.5501 14.3011
v  -7.6825 -2.2154 14.4825
v  -7.5984 -1.8988 14.6651
v  -7.5227 -1.7251 14.7602
v  -7.3552 -1.5022 14.8984
v  -7.0333 -1.3081 15.0402
v  -6.7461 -1.2121 15.1165
v  -6.9898 -6.9467 4.9149
v  -7.0575 -5.3110 4.9800
v  -7.0952 -4.3092 5.0330
v  -7.1296 -3.3789 5.1004
v  -7.1416 -2.7817 5.2127
v  -7.1434 -2.2859 5.2857
v  -7.1317 -2.0121 5.3432
v  -7.1050 -1.7439 5.4022
v  -7.0675 -1.5581 5.4327
v  -6.9678 -1.3375 5.4766
v  -6.7799 -1.2093 5.5214
v  -6.6174 -1.1581 5.5458
v  -6.6941 -6.9423 1.0629
v  -6.7760 -5.2546 1.0637
v  -6.8219 -4.1484 1.0627
v  -6.8620 -3.1429 1.0631
v  -6.8755 -2.6526 1.0638
v  -6.8867 -2.1620 1.0629
v  -6.8901 -1.9167 1.0623
v  -6.8903 -1.6712 1.0632
v  -6.8706 -1.4798 1.0634
v  -6.8193 -1.2961 1.0634
v  -6.7860 -1.2243 1.0631
v  -6.6774 -1.1630 1.0625
v  -6.5734 -1.1328 1.0626
v  -6.4537 -1.1124 1.0629
v  -6.4328 -1.1039 1.0663
v  -6.4130 -1.0959 1.0751
v  -6.3971 -1.0896 1.0899
v  -6.3835 -1.0841 1.1152
v  -6.3798 -1.0823 1.1371
v  -6.3803 -1.1182 5.2914
v  -6.3780 -1.1414 9.9012
v  -6.3777 -1.1371 13.7510
v  -6.3776 -1.1368 14.1349
v  -6.3776 -1.1360 14.5458
v  -6.3778 -1.1346 15.0041
v  -6.3779 -1.1332 15.4632
v  -6.3781 -1.1315 16.0314
v  -6.3782 -1.1300 16.5226
v  -6.3784 -1.1289 16.9072
v  -6.3785 -1.1277 17.2804
v  -6.3790 -1.1222 19.0786
v  -6.3800 -1.1240 19.0847
v  -6.3816 -1.1255 19.0892
v  -6.3846 -1.1269 19.0928
v  -6.3880 -1.1279 19.0949
v  -6.3919 -1.1287 19.0959
v  -6.3939 -1.1288 19.0960
v  -6.8525 -1.2337 19.0056
v  -7.1900 -1.3476 18.9083
v  -7.5662 -1.5678 18.7272
v  -7.7613 -1.7910 18.5510
v  -7.8529 -1.9595 18.4297
v  -7.9607 -2.2955 18.1968
v  -8.0179 -2.6550 17.9649
v  -8.0447 -3.1668 17.6701
v  -8.0371 -4.0849 17.2229
v  -8.0197 -4.7900 16.9542
v  -8.0070 -5.4788 16.7393
v  -7.9913 -6.2618 16.5616
v  -7.9725 -7.6570 16.3997
v  -7.9504 -8.6555 16.3684
v  -7.9967 -8.8259 16.3691
v  -8.0059 -8.8587 16.3708
v  -8.0086 -8.8697 16.3692
v  -8.0111 -8.8809 16.3632
v  -8.0119 -8.8882 16.3510
v  -8.0115 -8.8905 16.3409
v  -7.9889 -8.8905 16.1191
v  -7.9607 -8.8905 15.8425
v  -7.9375 -8.8905 15.6149
v  -7.8990 -8.8906 15.2380
v  -7.8541 -8.8906 14.7972
v  -7.8244 -8.8906 14.5065
v  -7.7811 -8.8907 14.0815
v  -7.7502 -8.8907 13.7790
v  -7.6164 -8.8907 12.4640
v  -7.2533 -8.8885 8.7132
v  -6.9386 -8.8886 4.7792
v  -6.6565 -8.9026 1.0979
v  -6.6560 -8.9021 1.0919
v  -6.6553 -8.9005 1.0864
v  -6.6544 -8.8978 1.0813
v  -6.6534 -8.8941 1.0769
v  -6.6523 -8.8896 1.0734
v  -6.6510 -8.8841 1.0708
v  -6.6498 -8.8782 1.0695
v  -6.6484 -8.8722 1.0694
v  -6.6447 -8.8560 1.0701
v  -6.6090 -8.7019 1.0738
v  -7.1869 -1.3469 18.8442
v  -6.8502 -1.2334 18.9411
v  -6.3877 -1.1263 19.0860
v  -6.5737 -1.1330 1.0973
v  -6.6779 -1.1632 1.0825
# 17543 vertices

o 77795
g 77795
s 1
f 3 3506 3574 3573 
f 5 3508 3507 2 
f 7 3509 3508 5 
f 9 3510 3509 7 
f 11 3511 3510 9 
f 13 3512 3511 11 
f 15 3513 3512 13 
f 17 3514 3513 15 
f 19 3515 3514 17 
f 21 3516 3515 19 
f 23 3517 3516 21 
f 25 3518 3527 166 
f 27 3519 3528 174 
f 29 3520 3519 27 
f 31 3521 3553 354 
f 33 3522 3521 31 
f 35 3523 3522 33 
f 37 3524 3523 35 
f 39 3525 3524 37 
f 41 3526 3525 39 
f 221 3552 3526 41 
f 3 3573 3572 43 
f 4 6 45 44 
f 6 8 46 45 
f 8 10 47 46 
f 10 12 48 47 
f 12 14 49 48 
f 14 16 50 49 
f 16 18 51 50 
f 18 20 52 51 
f 20 22 53 52 
f 22 24 54 53 
f 24 165 164 54 
f 26 173 172 55 
f 28 30 57 56 
f 30 353 355 57 
f 32 34 59 58 
f 34 36 60 59 
f 36 38 61 60 
f 38 40 62 61 
f 40 42 63 62 
f 42 222 246 63 
f 43 3572 3571 64 
f 44 45 66 65 
f 45 46 67 66 
f 46 47 68 67 
f 47 48 69 68 
f 48 49 70 69 
f 49 50 71 70 
f 50 51 72 71 
f 51 52 73 72 
f 52 53 74 73 
f 53 54 75 74 
f 54 164 163 75 
f 55 172 171 76 
f 56 57 78 77 
f 57 355 356 78 
f 58 59 80 79 
f 59 60 81 80 
f 60 61 82 81 
f 61 62 83 82 
f 62 63 84 83 
f 63 246 270 84 
f 64 3571 3570 85 
f 65 66 87 86 
f 66 67 88 87 
f 67 68 89 88 
f 68 69 90 89 
f 69 70 91 90 
f 70 71 92 91 
f 71 72 93 92 
f 72 73 94 93 
f 73 74 95 94 
f 74 75 96 95 
f 75 163 162 96 
f 76 171 170 97 
f 77 78 99 98 
f 78 356 357 99 
f 79 80 101 100 
f 80 81 102 101 
f 81 82 103 102 
f 82 83 104 103 
f 83 84 105 104 
f 84 270 294 105 
f 85 3570 3569 106 
f 86 87 108 107 
f 87 88 109 108 
f 88 89 110 109 
f 89 90 111 110 
f 90 91 112 111 
f 91 92 113 112 
f 92 93 114 113 
f 93 94 115 114 
f 94 95 116 115 
f 95 96 117 116 
f 96 162 161 117 
f 97 170 169 118 
f 98 99 120 119 
f 99 357 358 120 
f 100 101 122 121 
f 101 102 123 122 
f 102 103 124 123 
f 103 104 125 124 
f 104 105 126 125 
f 105 294 127 126 
f 106 3569 3568 128 
f 107 108 130 129 
f 108 109 131 130 
f 109 110 132 131 
f 110 111 133 132 
f 111 112 134 133 
f 112 113 135 134 
f 113 114 136 135 
f 114 115 137 136 
f 115 116 138 137 
f 116 117 139 138 
f 117 161 160 139 
f 118 169 168 140 
f 119 120 142 141 
f 120 358 359 142 
f 121 122 144 143 
f 122 123 145 144 
f 123 124 146 145 
f 124 125 147 146 
f 125 126 148 147 
f 126 127 149 148 
f 128 3568 3567 893 
f 129 130 721 720 
f 130 131 722 721 
f 131 132 723 722 
f 132 133 724 723 
f 133 134 725 724 
f 134 135 726 725 
f 135 136 727 726 
f 136 137 728 727 
f 137 138 729 728 
f 138 139 730 729 
f 139 160 740 730 
f 140 168 741 731 
f 141 142 733 732 
f 142 359 765 733 
f 143 144 735 734 
f 144 145 736 735 
f 145 146 737 736 
f 146 147 738 737 
f 147 148 739 738 
f 148 149 764 739 
f 165 24 3517 3527 
f 165 26 55 164 
f 164 55 76 163 
f 163 76 97 162 
f 162 97 118 161 
f 161 118 140 160 
f 160 140 731 740 
f 173 26 3518 3528 
f 173 28 56 172 
f 172 56 77 171 
f 171 77 98 170 
f 170 98 119 169 
f 169 119 141 168 
f 168 141 732 741 
f 175 3578 3577 3529 
f 179 177 3530 3531 
f 181 179 3531 3532 
f 183 181 3532 3533 
f 185 183 3533 3534 
f 187 185 3534 3535 
f 189 187 3535 3536 
f 191 189 3536 3537 
f 193 191 3537 3538 
f 195 193 3538 3539 
f 197 195 3539 3540 
f 199 202 3542 3541 
f 203 206 3544 3543 
f 207 203 3543 3545 
f 209 362 3554 3546 
f 211 209 3546 3547 
f 213 211 3547 3548 
f 215 213 3548 3549 
f 217 215 3549 3550 
f 219 217 3550 3551 
f 221 219 3551 3552 
f 175 224 3579 3578 
f 178 223 225 180 
f 180 225 226 182 
f 182 226 227 184 
f 184 227 228 186 
f 186 228 229 188 
f 188 229 230 190 
f 190 230 231 192 
f 192 231 232 194 
f 194 232 233 196 
f 196 233 234 198 
f 198 234 235 201 
f 200 237 236 205 
f 204 239 238 208 
f 208 238 363 361 
f 210 240 241 212 
f 212 241 242 214 
f 214 242 243 216 
f 216 243 244 218 
f 218 244 245 220 
f 220 245 246 222 
f 224 248 3580 3579 
f 223 247 249 225 
f 225 249 250 226 
f 226 250 251 227 
f 227 251 252 228 
f 228 252 253 229 
f 229 253 254 230 
f 230 254 255 231 
f 231 255 256 232 
f 232 256 257 233 
f 233 257 258 234 
f 234 258 259 235 
f 237 261 260 236 
f 239 263 262 238 
f 238 262 364 363 
f 240 264 265 241 
f 241 265 266 242 
f 242 266 267 243 
f 243 267 268 244 
f 244 268 269 245 
f 245 269 270 246 
f 248 272 3581 3580 
f 247 271 273 249 
f 249 273 274 250 
f 250 274 275 251 
f 251 275 276 252 
f 252 276 277 253 
f 253 277 278 254 
f 254 278 279 255 
f 255 279 280 256 
f 256 280 281 257 
f 257 281 282 258 
f 258 282 283 259 
f 261 285 284 260 
f 263 287 286 262 
f 262 286 365 364 
f 264 288 289 265 
f 265 289 290 266 
f 266 290 291 267 
f 267 291 292 268 
f 268 292 293 269 
f 269 293 294 270 
f 272 296 3582 3581 
f 271 295 297 273 
f 273 297 298 274 
f 274 298 299 275 
f 275 299 300 276 
f 276 300 301 277 
f 277 301 302 278 
f 278 302 303 279 
f 279 303 304 280 
f 280 304 305 281 
f 281 305 306 282 
f 282 306 307 283 
f 285 309 308 284 
f 287 311 310 286 
f 286 310 366 365 
f 288 312 313 289 
f 289 313 314 290 
f 290 314 315 291 
f 291 315 316 292 
f 292 316 317 293 
f 293 317 127 294 
f 296 319 3583 3582 
f 295 318 320 297 
f 297 320 321 298 
f 298 321 322 299 
f 299 322 323 300 
f 300 323 324 301 
f 301 324 325 302 
f 302 325 326 303 
f 303 326 327 304 
f 304 327 328 305 
f 305 328 329 306 
f 306 329 330 307 
f 309 332 331 308 
f 311 334 333 310 
f 310 333 367 366 
f 312 335 336 313 
f 313 336 337 314 
f 314 337 338 315 
f 315 338 339 316 
f 316 339 340 317 
f 317 340 149 127 
f 319 871 3584 3583 
f 318 742 743 320 
f 320 743 744 321 
f 321 744 745 322 
f 322 745 746 323 
f 323 746 747 324 
f 324 747 748 325 
f 325 748 749 326 
f 326 749 750 327 
f 327 750 751 328 
f 328 751 752 329 
f 329 752 753 330 
f 332 755 754 331 
f 334 757 756 333 
f 333 756 766 367 
f 335 758 759 336 
f 336 759 760 337 
f 337 760 761 338 
f 338 761 762 339 
f 339 762 763 340 
f 340 763 764 149 
f 201 3542 3540 198 
f 201 235 237 200 
f 235 259 261 237 
f 259 283 285 261 
f 283 307 309 285 
f 307 330 332 309 
f 330 753 755 332 
f 205 3544 3541 200 
f 205 236 239 204 
f 236 260 263 239 
f 260 284 287 263 
f 284 308 311 287 
f 308 331 334 311 
f 331 754 757 334 
f 353 30 3520 3553 
f 353 32 58 355 
f 355 58 79 356 
f 356 79 100 357 
f 357 100 121 358 
f 358 121 143 359 
f 359 143 734 765 
f 362 207 3545 3554 
f 363 240 210 361 
f 364 264 240 363 
f 365 288 264 364 
f 366 312 288 365 
f 367 335 312 366 
f 594 586 783 790 
f 368 372 159 352 
f 545 373 372 368 
f 547 374 373 545 
f 369 375 374 547 
f 550 376 375 369 
f 371 378 376 550 
f 370 377 378 371 
f 372 380 379 159 
f 373 381 380 372 
f 374 382 381 373 
f 375 383 382 374 
f 376 384 383 375 
f 378 386 384 376 
f 377 385 386 378 
f 380 388 387 379 
f 381 389 388 380 
f 382 390 389 381 
f 383 391 390 382 
f 384 392 391 383 
f 386 394 392 384 
f 385 393 394 386 
f 388 396 395 387 
f 389 397 396 388 
f 390 398 397 389 
f 391 399 398 390 
f 392 400 399 391 
f 394 402 400 392 
f 393 401 402 394 
f 396 404 403 395 
f 397 405 404 396 
f 398 406 405 397 
f 399 407 406 398 
f 400 408 407 399 
f 402 410 408 400 
f 401 409 410 402 
f 404 411 158 403 
f 405 412 411 404 
f 406 413 412 405 
f 407 414 413 406 
f 408 415 414 407 
f 410 416 415 408 
f 409 417 416 410 
f 411 537 360 158 
f 412 538 537 411 
f 413 539 538 412 
f 414 540 539 413 
f 415 541 540 414 
f 416 542 541 415 
f 417 543 542 416 
f 419 427 426 418 
f 420 428 427 419 
f 421 429 428 420 
f 422 430 429 421 
f 423 431 430 422 
f 425 432 431 423 
f 424 433 432 425 
f 427 434 167 426 
f 428 435 434 427 
f 429 436 435 428 
f 430 437 436 429 
f 431 438 437 430 
f 432 439 438 431 
f 433 440 439 432 
f 434 441 157 167 
f 435 442 441 434 
f 436 443 442 435 
f 437 444 443 436 
f 438 445 444 437 
f 439 446 445 438 
f 440 447 446 439 
f 441 449 448 157 
f 442 450 449 441 
f 443 451 450 442 
f 444 452 451 443 
f 445 453 452 444 
f 446 454 453 445 
f 447 455 454 446 
f 449 457 456 448 
f 450 458 457 449 
f 451 459 458 450 
f 452 460 459 451 
f 453 461 460 452 
f 454 462 461 453 
f 455 463 462 454 
f 457 464 156 456 
f 458 465 464 457 
f 459 466 465 458 
f 460 467 466 459 
f 461 468 467 460 
f 462 469 468 461 
f 463 470 469 462 
f 464 471 155 156 
f 465 472 471 464 
f 466 473 472 465 
f 467 474 473 466 
f 468 475 474 467 
f 469 476 475 468 
f 470 477 476 469 
f 471 479 478 155 
f 472 480 479 471 
f 473 481 480 472 
f 474 482 481 473 
f 475 483 482 474 
f 476 484 483 475 
f 477 485 484 476 
f 479 486 154 478 
f 480 487 486 479 
f 481 488 487 480 
f 482 489 488 481 
f 483 490 489 482 
f 484 491 490 483 
f 485 492 491 484 
f 486 493 153 154 
f 487 494 493 486 
f 488 495 494 487 
f 489 496 495 488 
f 490 497 496 489 
f 491 498 497 490 
f 492 499 498 491 
f 493 501 500 153 
f 494 502 501 493 
f 495 503 502 494 
f 496 504 503 495 
f 497 505 504 496 
f 498 506 505 497 
f 499 507 506 498 
f 501 508 152 500 
f 502 509 508 501 
f 503 510 509 502 
f 504 511 510 503 
f 505 512 511 504 
f 506 513 512 505 
f 507 514 513 506 
f 508 516 515 152 
f 509 517 516 508 
f 510 518 517 509 
f 511 519 518 510 
f 512 520 519 511 
f 513 521 520 512 
f 514 522 521 513 
f 516 523 151 515 
f 517 524 523 516 
f 518 525 524 517 
f 519 526 525 518 
f 520 527 526 519 
f 521 528 527 520 
f 522 529 528 521 
f 523 530 150 151 
f 524 531 530 523 
f 525 532 531 524 
f 526 533 532 525 
f 527 534 533 526 
f 528 535 534 527 
f 529 536 535 528 
f 530 3564 3565 150 
f 531 3563 3564 530 
f 532 3562 3563 531 
f 533 3561 3562 532 
f 534 3560 3561 533 
f 535 3559 3560 534 
f 536 3558 3559 535 
f 537 419 418 360 
f 538 420 419 537 
f 539 421 420 538 
f 540 422 421 539 
f 541 423 422 540 
f 542 425 423 541 
f 543 424 425 542 
f 368 352 351 544 
f 545 368 544 546 
f 547 545 546 548 
f 369 547 548 549 
f 550 369 549 551 
f 371 550 551 552 
f 370 371 552 553 
f 544 351 555 554 
f 546 544 554 556 
f 548 546 556 557 
f 549 548 557 558 
f 551 549 558 559 
f 552 551 559 560 
f 553 552 560 561 
f 554 555 563 562 
f 556 554 562 564 
f 557 556 564 565 
f 558 557 565 566 
f 559 558 566 567 
f 560 559 567 568 
f 561 560 568 569 
f 562 563 350 570 
f 564 562 570 571 
f 565 564 571 572 
f 566 565 572 573 
f 567 566 573 574 
f 568 567 574 575 
f 569 568 575 576 
f 570 350 578 577 
f 571 570 577 579 
f 572 571 579 580 
f 573 572 580 581 
f 574 573 581 582 
f 575 574 582 583 
f 576 575 583 584 
f 577 578 586 585 
f 579 577 585 587 
f 580 579 587 588 
f 581 580 588 589 
f 582 581 589 590 
f 583 582 590 591 
f 584 583 591 592 
f 585 586 594 593 
f 587 585 593 595 
f 588 587 595 596 
f 589 588 596 597 
f 590 589 597 598 
f 591 590 598 599 
f 592 591 599 600 
f 601 604 603 602 
f 605 601 602 606 
f 607 605 606 608 
f 609 607 608 610 
f 611 609 610 612 
f 613 611 612 614 
f 615 613 614 616 
f 602 603 349 617 
f 606 602 617 618 
f 608 606 618 619 
f 610 608 619 620 
f 612 610 620 621 
f 614 612 621 622 
f 616 614 622 623 
f 617 349 625 624 
f 618 617 624 626 
f 619 618 626 627 
f 620 619 627 628 
f 621 620 628 629 
f 622 621 629 630 
f 623 622 630 631 
f 624 625 633 632 
f 626 624 632 634 
f 627 626 634 635 
f 628 627 635 636 
f 629 628 636 637 
f 630 629 637 638 
f 631 630 638 639 
f 632 633 348 640 
f 634 632 640 641 
f 635 634 641 642 
f 636 635 642 643 
f 637 636 643 644 
f 638 637 644 645 
f 639 638 645 646 
f 640 348 648 647 
f 641 640 647 649 
f 642 641 649 650 
f 643 642 650 651 
f 644 643 651 652 
f 645 644 652 653 
f 646 645 653 654 
f 647 648 347 655 
f 649 647 655 656 
f 650 649 656 657 
f 651 650 657 658 
f 652 651 658 659 
f 653 652 659 660 
f 654 653 660 661 
f 655 347 346 662 
f 656 655 662 663 
f 657 656 663 664 
f 658 657 664 665 
f 659 658 665 666 
f 660 659 666 667 
f 661 660 667 668 
f 662 346 345 669 
f 663 662 669 670 
f 664 663 670 671 
f 665 664 671 672 
f 666 665 672 673 
f 667 666 673 674 
f 668 667 674 675 
f 669 345 344 676 
f 670 669 676 677 
f 671 670 677 678 
f 672 671 678 679 
f 673 672 679 680 
f 674 673 680 681 
f 675 674 681 682 
f 676 344 684 683 
f 677 676 683 685 
f 678 677 685 686 
f 679 678 686 687 
f 680 679 687 688 
f 681 680 688 689 
f 682 681 689 690 
f 683 684 343 691 
f 685 683 691 692 
f 686 685 692 693 
f 687 686 693 694 
f 688 687 694 695 
f 689 688 695 696 
f 690 689 696 697 
f 691 343 699 698 
f 692 691 698 700 
f 693 692 700 701 
f 694 693 701 702 
f 695 694 702 703 
f 696 695 703 704 
f 697 696 704 705 
f 698 699 342 706 
f 700 698 706 707 
f 701 700 707 708 
f 702 701 708 709 
f 703 702 709 710 
f 704 703 710 711 
f 705 704 711 712 
f 706 342 341 713 
f 707 706 713 714 
f 708 707 714 715 
f 709 708 715 716 
f 710 709 716 717 
f 711 710 717 718 
f 712 711 718 719 
f 713 341 3586 3587 
f 714 713 3587 3588 
f 715 714 3588 3589 
f 716 715 3589 3590 
f 717 716 3590 3591 
f 718 717 3591 3592 
f 719 718 3592 3593 
f 593 594 604 601 
f 595 593 601 605 
f 596 595 605 607 
f 597 596 607 609 
f 598 597 609 611 
f 599 598 611 613 
f 600 599 613 615 
f 720 791 3566 3567 
f 721 792 791 720 
f 722 793 792 721 
f 723 794 793 722 
f 724 795 794 723 
f 725 796 795 724 
f 726 797 796 725 
f 727 798 797 726 
f 728 799 798 727 
f 729 800 799 728 
f 730 801 800 729 
f 740 811 801 730 
f 741 812 802 731 
f 733 804 803 732 
f 765 813 804 733 
f 735 806 805 734 
f 736 807 806 735 
f 737 808 807 736 
f 738 809 808 737 
f 739 810 809 738 
f 764 789 810 739 
f 731 802 811 740 
f 732 803 812 741 
f 742 767 768 743 
f 743 768 769 744 
f 744 769 770 745 
f 745 770 771 746 
f 746 771 772 747 
f 747 772 773 748 
f 748 773 774 749 
f 749 774 775 750 
f 750 775 776 751 
f 751 776 777 752 
f 752 777 778 753 
f 755 780 779 754 
f 757 782 781 756 
f 756 781 790 766 
f 758 783 784 759 
f 759 784 785 760 
f 760 785 786 761 
f 761 786 787 762 
f 762 787 788 763 
f 763 788 789 764 
f 753 778 780 755 
f 754 779 782 757 
f 734 805 813 765 
f 758 335 367 766 
f 783 758 766 790 
f 791 150 3565 3566 
f 792 151 150 791 
f 793 515 151 792 
f 794 152 515 793 
f 795 500 152 794 
f 796 153 500 795 
f 797 154 153 796 
f 798 478 154 797 
f 799 155 478 798 
f 800 156 155 799 
f 801 456 156 800 
f 811 448 456 801 
f 812 167 157 802 
f 804 418 426 803 
f 813 360 418 804 
f 806 403 158 805 
f 807 395 403 806 
f 808 387 395 807 
f 809 379 387 808 
f 810 159 379 809 
f 789 352 159 810 
f 802 157 448 811 
f 803 426 167 812 
f 767 341 342 768 
f 768 342 699 769 
f 769 699 343 770 
f 770 343 684 771 
f 771 684 344 772 
f 772 344 345 773 
f 773 345 346 774 
f 774 346 347 775 
f 775 347 648 776 
f 776 648 348 777 
f 777 348 633 778 
f 780 625 349 779 
f 782 603 604 781 
f 781 604 594 790 
f 783 586 578 784 
f 784 578 350 785 
f 785 350 563 786 
f 786 563 555 787 
f 787 555 351 788 
f 788 351 352 789 
f 778 633 625 780 
f 779 349 603 782 
f 805 158 360 813 
f 719 3593 3594 862 
f 377 370 816 817 
f 385 377 817 818 
f 393 385 818 819 
f 401 393 819 820 
f 409 401 820 821 
f 417 409 821 822 
f 543 417 822 839 
f 433 424 823 824 
f 440 433 824 825 
f 447 440 825 826 
f 455 447 826 827 
f 463 455 827 828 
f 470 463 828 829 
f 477 470 829 830 
f 485 477 830 831 
f 492 485 831 832 
f 499 492 832 833 
f 507 499 833 834 
f 514 507 834 835 
f 522 514 835 836 
f 529 522 836 837 
f 536 529 837 838 
f 424 543 839 823 
f 370 553 840 816 
f 553 561 841 840 
f 561 569 842 841 
f 569 576 843 842 
f 576 584 844 843 
f 584 592 845 844 
f 592 600 846 845 
f 615 616 848 847 
f 616 623 849 848 
f 623 631 850 849 
f 631 639 851 850 
f 639 646 852 851 
f 646 654 853 852 
f 654 661 854 853 
f 661 668 855 854 
f 668 675 856 855 
f 675 682 857 856 
f 682 690 858 857 
f 690 697 859 858 
f 697 705 860 859 
f 705 712 861 860 
f 712 719 862 861 
f 600 615 847 846 
f 872 3585 3584 871 
f 863 3586 3585 872 
f 870 873 815 874 
s 4
f 873 870 883 884 
f 175 3529 3555 876 
f 224 175 876 877 
f 248 224 877 878 
f 272 248 878 879 
f 296 272 879 880 
f 319 296 880 881 
f 871 319 881 882 
f 883 882 884 
f 863 883 864 
f 863 872 883 
f 883 865 864 
f 883 866 865 
f 883 867 866 
f 883 868 867 
f 883 870 869 
f 869 868 883 
s 1
f 892 896 814 895 
f 892 3558 3557 896 
s 4
f 892 895 900 899 
f 898 901 128 893 
f 900 898 899 
f 901 902 106 128 
f 902 903 85 106 
f 903 904 64 85 
f 904 905 43 64 
f 905 906 3 43 
f 906 3556 3506 3 
f 886 899 885 
f 899 894 885 
f 886 887 899 
f 887 888 899 
f 888 889 899 
f 889 890 899 
f 890 891 899 
f 891 892 899 
f 898 893 894 899 
f 883 872 871 882 
s 2
f 176 1 897 875 
f 176 3576 3575 1 
s off
f 5 179 181 7 
f 181 183 9 7 
f 183 185 11 9 
f 185 187 13 11 
f 187 189 15 13 
f 189 191 17 15 
f 191 193 19 17 
f 193 195 21 19 
f 195 197 23 21 
f 197 202 166 23 
f 202 199 25 166 
f 199 206 174 25 
f 206 203 27 174 
f 203 207 29 27 
f 207 362 354 29 
f 362 209 31 354 
f 209 211 33 31 
f 211 213 35 33 
f 213 215 37 35 
f 215 217 39 37 
f 217 221 41 39 
f 217 219 221 
s 1
f 907 910 3665 3664 
f 911 3666 3665 910 
f 911 914 3667 3666 
f 914 916 3668 3667 
f 916 918 3669 3668 
f 918 920 3670 3669 
f 920 922 3671 3670 
f 922 924 3672 3671 
f 924 955 3688 3672 
f 907 3664 3673 926 
f 926 3673 3674 928 
f 928 3674 3675 930 
f 930 3675 3676 932 
f 932 3676 3677 934 
f 934 3677 3678 936 
f 937 3680 3679 938 
f 941 938 3679 3681 
f 941 3681 3682 943 
f 943 3682 3683 945 
f 945 3683 3684 947 
f 947 3684 3685 949 
f 949 3685 3686 951 
f 951 3686 3687 953 
f 953 3687 3688 955 
f 937 957 3689 3680 
f 957 959 3690 3689 
f 959 961 3691 3690 
f 961 963 3692 3691 
f 963 965 3693 3692 
f 965 936 3678 3693 
f 1014 3652 3651 1073 
f 1100 1094 1098 1104 
f 1075 1074 987 1007 
f 1007 988 1090 1075 
f 3595 1090 988 989 
f 990 991 3604 1091 
f 991 992 1092 3604 
f 992 993 1076 1092 
f 993 994 1077 1076 
f 994 995 1078 1077 
f 995 996 1079 1078 
f 996 997 1079 
f 997 998 1080 1079 
f 998 999 1081 1080 
f 999 1004 1082 1081 
f 1000 1002 1083 1084 
f 1001 967 1212 1085 
f 1002 1001 1085 1083 
f 1003 1000 1084 1086 
f 1004 1003 1086 1082 
f 1005 1100 1104 1072 
f 1006 1015 1087 1088 
f 1017 968 3647 3648 
f 1020 970 1095 1096 
f 1022 971 970 1020 
f 1026 972 971 1022 
f 3599 972 1026 3598 
f 1031 974 3601 3602 
f 1034 975 974 1031 
f 1037 976 975 1034 
f 1040 977 976 1037 
f 1042 978 977 1040 
f 1046 979 978 1042 
f 1049 980 979 1046 
f 1052 985 980 1049 
f 1055 983 981 1059 
f 1108 1105 982 1062 
f 1062 982 983 1055 
f 1059 981 984 1065 
f 1065 984 985 1052 
f 1017 1102 1101 968 
f 1011 969 986 1067 
f 1069 1012 1008 1009 
f 1071 1009 1008 1010 
f 1069 3650 3649 1012 
f 1013 1014 1073 1089 
f 1099 1093 1097 1103 
f 1070 1023 1021 1019 
f 1023 1025 1024 1021 
f 1025 3596 3597 1024 
f 1029 3600 3603 1027 
f 1032 1035 1033 1030 
f 1035 1038 1036 1033 
f 1038 1041 1039 1036 
f 1041 1044 1043 1039 
f 1044 1047 1045 1043 
f 1047 1050 1048 1045 
f 1050 1053 1051 1048 
f 1058 1056 1054 1057 
f 1061 1107 1106 1060 
f 1056 1061 1060 1054 
f 1064 1058 1057 1063 
f 1053 1064 1063 1051 
f 1018 1099 1103 1016 
f 1089 1087 1015 1013 
f 1068 1071 1010 1066 
f 1017 3648 3649 1016 
f 1020 1096 1097 1019 
f 1022 1020 1019 1021 
f 1026 1022 1021 1024 
f 3598 1026 1024 3597 
f 1031 3602 3603 1030 
f 1034 1031 1030 1033 
f 1037 1034 1033 1036 
f 1040 1037 1036 1039 
f 1042 1040 1039 1043 
f 1046 1042 1043 1045 
f 1049 1046 1045 1048 
f 1052 1049 1048 1051 
f 1055 1059 1057 1054 
f 1108 1062 1060 1106 
f 1062 1055 1054 1060 
f 1059 1065 1063 1057 
f 1065 1052 1051 1063 
f 1102 1017 1016 1103 
f 1011 1067 1066 1010 
f 1011 1010 1008 1012 
f 1073 3651 3650 1069 
f 1104 1098 1093 1099 
f 1074 1075 1023 1070 
f 1075 1090 1025 1023 
f 1090 3595 3596 1025 
f 1091 3604 3600 1029 
f 1092 1076 1035 1032 
f 1076 1077 1038 1035 
f 1077 1078 1041 1038 
f 1078 1079 1044 1041 
f 1079 1080 1047 1044 
f 1080 1081 1050 1047 
f 1081 1082 1053 1050 
f 1084 1083 1056 1058 
f 1085 1212 1107 1061 
f 1083 1085 1061 1056 
f 1086 1084 1058 1064 
f 1082 1086 1064 1053 
f 1072 1104 1099 1018 
f 1088 1087 1071 1068 
f 1089 1073 1069 1009 
f 1087 1089 1009 1071 
f 1098 1094 987 1074 
f 1096 1095 1101 1102 
f 1097 1093 1070 1019 
f 1097 1096 1102 1103 
f 1093 1098 1074 1070 
f 1214 3657 3658 1154 
f 1245 1239 1235 1241 
f 1216 1147 1128 1215 
f 1216 1231 1129 1147 
f 1231 1130 1129 
f 1231 3663 1130 
f 1232 1233 1132 1131 
f 1233 1133 1132 
f 1233 1217 1134 1133 
f 1217 1218 1135 1134 
f 1218 1219 1136 1135 
f 1219 1220 1137 1136 
f 1220 1138 1137 
f 1220 1221 1139 1138 
f 1221 1222 1140 1139 
f 1222 1223 1145 1140 
f 1225 1224 1143 1141 
f 1226 1212 967 1142 
f 1224 1226 1142 1143 
f 1227 1225 1141 1144 
f 1223 1227 1144 1145 
f 1213 1245 1241 1146 
f 1229 1228 1155 3605 
f 1157 3654 3653 1109 
f 1160 1237 1236 1111 
f 1162 1160 1111 1112 
f 1164 1162 1112 1113 
f 1168 3661 3660 1114 
f 1171 1168 1114 1115 
f 1174 1171 1115 1116 
f 1177 1174 1116 1117 
f 1180 1177 1117 1118 
f 1182 1180 1118 1119 
f 1186 1182 1119 1120 
f 1189 1186 1120 1121 
f 1192 1189 1121 1126 
f 1195 1199 1122 1124 
f 1108 1202 1123 1105 
f 1202 1195 1124 1123 
f 1199 1205 1125 1122 
f 1205 1192 1126 1125 
f 1157 1109 1242 1243 
f 1151 1207 1127 1110 
f 1209 1149 1148 1152 
f 1211 1150 1148 1149 
f 1209 1152 3655 3656 
f 1230 1214 1154 1153 
f 1240 1244 1238 1234 
f 1210 1159 1161 1163 
f 1163 1161 1165 1166 
f 1166 1165 3662 3659 
f 1169 1167 1170 1172 
f 1172 1170 1173 1175 
f 1175 1173 1176 1178 
f 1178 1176 1179 1181 
f 1181 1179 1183 1184 
f 1184 1183 1185 1187 
f 1187 1185 1188 1190 
f 1190 1188 1191 1193 
f 1198 1197 1194 1196 
f 1201 1200 1106 1107 
f 1196 1194 1200 1201 
f 1204 1203 1197 1198 
f 1193 1191 1203 1204 
f 1158 1156 1244 1240 
f 1230 1153 1155 1228 
f 1208 1206 1150 1211 
f 1157 1156 3655 3654 
f 1160 1159 1238 1237 
f 1162 1161 1159 1160 
f 1164 1165 1161 1162 
f 1168 1167 3662 3661 
f 1171 1170 1167 1168 
f 1174 1173 1170 1171 
f 1177 1176 1173 1174 
f 1180 1179 1176 1177 
f 1182 1183 1179 1180 
f 1186 1185 1183 1182 
f 1189 1188 1185 1186 
f 1192 1191 1188 1189 
f 1195 1194 1197 1199 
f 1108 1106 1200 1202 
f 1202 1200 1194 1195 
f 1199 1197 1203 1205 
f 1205 1203 1191 1192 
f 1243 1244 1156 1157 
f 1151 1150 1206 1207 
f 1151 1152 1148 1150 
f 1214 1209 3656 3657 
f 1245 1240 1234 1239 
f 1215 1210 1163 1216 
f 1216 1163 1166 1231 
f 1231 1166 3659 3663 
f 1232 1169 1172 1233 
f 1233 1172 1175 1217 
f 1217 1175 1178 1218 
f 1218 1178 1181 1219 
f 1219 1181 1184 1220 
f 1220 1184 1187 1221 
f 1221 1187 1190 1222 
f 1222 1190 1193 1223 
f 1225 1198 1196 1224 
f 1226 1201 1107 1212 
f 1224 1196 1201 1226 
f 1227 1204 1198 1225 
f 1223 1193 1204 1227 
f 1213 1158 1240 1245 
f 1229 1208 1211 1228 
f 1230 1149 1209 1214 
f 1228 1211 1149 1230 
f 1239 1215 1128 1235 
f 1237 1243 1242 1236 
f 1238 1159 1210 1234 
f 1238 1244 1243 1237 
f 1234 1210 1215 1239 
f 1246 1252 1325 1326 
f 1246 1247 1253 1252 
f 1248 1249 1255 1254 
f 1255 1249 1250 1251 
f 1251 1250 1295 1296 
f 1247 1248 1254 1253 
f 1273 1256 1258 1259 
f 1251 1296 1297 1260 
f 1255 1251 1260 1264 
f 1325 1252 1261 1345 
f 1252 1253 1262 1261 
f 1253 1254 1263 1262 
f 1254 1255 1264 1263 
f 1273 1259 1282 1265 
f 1274 1299 1298 1267 
f 1279 1274 1267 1271 
f 1275 1276 1268 1358 
f 1276 1277 1269 1268 
f 1277 1278 1270 1269 
f 1278 1279 1271 1270 
f 1265 1290 1294 1292 
f 1272 1283 1284 1257 
f 1257 1284 1292 1281 
f 1281 1291 1300 1297 
f 1260 1285 1289 1264 
f 1261 1286 1376 1345 
f 1262 1287 1286 1261 
f 1263 1288 1287 1262 
f 1264 1289 1288 1263 
f 1282 1293 1290 1265 
f 1290 1280 1291 1294 
f 1294 1291 1281 1292 
f 1283 1256 1273 1284 
f 1284 1273 1265 1292 
f 1291 1280 1299 1300 
f 1285 1274 1279 1289 
f 1286 1276 1275 1376 
f 1287 1277 1276 1286 
f 1288 1278 1277 1287 
f 1289 1279 1278 1288 
f 1293 1266 1280 1290 
f 1295 1272 1257 1296 
f 1296 1257 1281 1297 
f 1299 1280 1266 1298 
f 1300 1285 1260 1297 
f 1299 1274 1285 1300 
f 1246 1326 1382 1301 
f 1247 1246 1301 1302 
f 1248 1247 1302 1303 
f 1249 1248 1303 1304 
f 1250 1249 1304 1305 
f 1295 1250 1305 1310 
f 1258 1256 1306 1307 
f 1256 1283 1309 1306 
f 1283 1272 1308 1309 
f 1272 1295 1310 1308 
s off
f 1382 1393 1316 1301 
s 2
f 1319 1320 1313 1314 
f 1322 1307 1306 1311 
f 1321 1322 1311 1312 
f 1320 1321 1312 1313 
f 1316 1393 1403 1317 
f 1315 1316 1317 1318 
f 1314 1315 1318 1319 
s off
f 1316 1315 1302 1301 
f 1315 1314 1303 1302 
f 1314 1313 1304 1303 
f 1313 1312 1305 1304 
f 1312 1311 1310 1305 
f 1311 1308 1310 
f 1311 1306 1309 1308 
s 1
f 1323 1326 1325 1324 
f 1323 1324 1328 1327 
f 1329 1332 1331 1330 
f 1331 1334 1333 1330 
f 1334 1336 1335 1333 
f 1327 1328 1332 1329 
f 1337 1340 1339 1338 
f 1334 1342 1341 1336 
f 1331 1343 1342 1334 
f 1325 1345 1344 1324 
f 1324 1344 1346 1328 
f 1328 1346 1347 1332 
f 1332 1347 1343 1331 
f 1337 1349 1348 1340 
f 1350 1353 1352 1351 
f 1354 1355 1353 1350 
f 1275 1358 1357 1356 
f 1356 1357 1360 1359 
f 1359 1360 1362 1361 
f 1361 1362 1355 1354 
f 1349 1365 1364 1363 
f 1366 1369 1368 1367 
f 1369 1370 1365 1368 
f 1370 1341 1372 1371 
f 1342 1343 1374 1373 
f 1344 1345 1376 1375 
f 1346 1344 1375 1377 
f 1347 1346 1377 1378 
f 1343 1347 1378 1374 
f 1348 1349 1363 1379 
f 1363 1364 1371 1380 
f 1364 1365 1370 1371 
f 1367 1368 1337 1338 
f 1368 1365 1349 1337 
f 1371 1372 1351 1380 
f 1373 1374 1354 1350 
f 1375 1376 1275 1356 
f 1377 1375 1356 1359 
f 1378 1377 1359 1361 
f 1374 1378 1361 1354 
f 1379 1363 1380 1381 
f 1335 1336 1369 1366 
f 1336 1341 1370 1369 
f 1351 1352 1381 1380 
f 1372 1341 1342 1373 
f 1351 1372 1373 1350 
f 1323 1383 1382 1326 
f 1327 1384 1383 1323 
f 1329 1385 1384 1327 
f 1330 1386 1385 1329 
f 1333 1387 1386 1330 
f 1335 1388 1387 1333 
f 1339 1390 1389 1338 
f 1338 1389 1391 1367 
f 1367 1391 1392 1366 
f 1366 1392 1388 1335 
s off
f 1382 1383 1394 1393 
s 2
f 1395 1398 1397 1396 
f 1399 1400 1389 1390 
f 1401 1402 1400 1399 
f 1396 1397 1402 1401 
f 1394 1404 1403 1393 
f 1405 1406 1404 1394 
f 1398 1395 1406 1405 
s off
f 1394 1383 1384 1405 
f 1405 1384 1385 1398 
f 1398 1385 1386 1397 
f 1397 1386 1387 1402 
f 1402 1387 1388 1400 
f 1400 1388 1392 
f 1400 1392 1391 1389 
s 1
f 1612 1611 2482 2483 
f 1611 1610 2481 2482 
f 1610 1609 2480 2481 
f 1609 1608 2479 2480 
f 1608 1607 2478 2479 
f 1607 1606 2477 2478 
f 1606 1605 2476 2477 
f 1613 1612 2483 2484 
f 1603 1413 1414 1407 
f 1407 1414 1415 1408 
f 1408 1415 1416 1409 
f 1409 1416 1417 1410 
f 1410 1417 1418 1411 
f 1411 1418 1419 1412 
f 1604 1420 1413 1603 
f 1413 1421 1422 1414 
f 1414 1422 1423 1415 
f 1415 1423 1424 1416 
f 1416 1424 1425 1417 
f 1417 1425 1426 1418 
f 1418 1426 1427 1419 
f 1427 1756 2526 1419 
f 1420 1428 1421 1413 
f 1421 1429 1430 1422 
f 1422 1430 1431 1423 
f 1423 1431 1432 1424 
f 1424 1432 1433 1425 
f 1425 1433 1434 1426 
f 1426 1434 1435 1427 
f 1427 1435 1627 1756 
f 1428 1436 1429 1421 
f 1429 1437 1438 1430 
f 1430 1438 1439 1431 
f 1431 1439 1440 1432 
f 1432 1440 1441 1433 
f 1433 1441 1442 1434 
f 1434 1442 1443 1435 
f 1436 1445 1437 1429 
f 1437 1446 1447 1438 
f 1438 1447 1448 1439 
f 1439 1448 1449 1440 
f 1440 1449 1450 1441 
f 1441 1450 1451 1442 
f 1442 1451 1452 1443 
f 1443 1452 1453 1444 
f 1445 1454 1446 1437 
f 1446 1455 1458 1447 
f 1447 1458 1459 1448 
f 1448 1459 1460 1449 
f 1449 1460 1461 1450 
f 1450 1461 1462 1451 
f 1451 1462 1463 1452 
f 1452 1463 1456 1453 
f 1454 1457 1455 1446 
f 1455 1464 1465 1458 
f 1458 1465 1466 1459 
f 1459 1466 1467 1460 
f 1460 1467 1468 1461 
f 1461 1468 1469 1462 
f 1462 1469 1470 1463 
f 1463 1470 1471 1456 
f 1457 1472 1464 1455 
f 1464 1473 1474 1465 
f 1465 1474 1475 1466 
f 1466 1475 1476 1467 
f 1467 1476 1477 1468 
f 1468 1477 1478 1469 
f 1469 1478 1479 1470 
f 1470 1479 1480 1471 
f 1472 1481 1473 1464 
f 1473 1482 1483 1474 
f 1474 1483 1484 1475 
f 1475 1484 1485 1476 
f 1476 1485 1486 1477 
f 1477 1486 1487 1478 
f 1478 1487 1488 1479 
f 1479 1488 1489 1480 
f 1481 1490 1482 1473 
f 1482 1491 1492 1483 
f 1483 1492 1493 1484 
f 1484 1493 1494 1485 
f 1485 1494 1495 1486 
f 1486 1495 1496 1487 
f 1487 1496 1497 1488 
f 1488 1497 1498 1489 
f 1490 1499 1491 1482 
f 1491 1500 1501 1492 
f 1492 1501 1502 1493 
f 1493 1502 1503 1494 
f 1494 1503 1504 1495 
f 1495 1504 1505 1496 
f 1496 1505 1506 1497 
f 1497 1506 1507 1498 
f 1499 1508 1500 1491 
f 1500 1509 1510 1501 
f 1501 1510 1511 1502 
f 1502 1511 1512 1503 
f 1503 1512 1513 1504 
f 1504 1513 1514 1505 
f 1505 1514 1515 1506 
f 1506 1515 1516 1507 
f 1508 1517 1509 1500 
f 1509 1518 1519 1510 
f 1510 1519 1520 1511 
f 1511 1520 1521 1512 
f 1512 1521 1522 1513 
f 1513 1522 1523 1514 
f 1514 1523 1524 1515 
f 1515 1524 1525 1516 
f 1517 1526 1518 1509 
f 1518 1527 1528 1519 
f 1519 1528 1529 1520 
f 1520 1529 1530 1521 
f 1521 1530 1531 1522 
f 1522 1531 1532 1523 
f 1523 1532 1533 1524 
f 1524 1533 1534 1525 
f 1526 1535 1527 1518 
f 1527 1536 1538 1528 
f 1528 1538 1539 1529 
f 1529 1539 1540 1530 
f 1530 1540 1541 1531 
f 1531 1541 1542 1532 
f 1532 1542 1543 1533 
f 1533 1543 1544 1534 
f 1535 1537 1536 1527 
f 1536 1545 1546 1538 
f 1538 1546 1547 1539 
f 1539 1547 1548 1540 
f 1540 1548 1549 1541 
f 1541 1549 1550 1542 
f 1542 1550 1551 1543 
f 1543 1551 1552 1544 
f 1537 1553 1545 1536 
f 1545 1554 1555 1546 
f 1546 1555 1556 1547 
f 1547 1556 1557 1548 
f 1548 1557 1558 1549 
f 1549 1558 1559 1550 
f 1550 1559 1560 1551 
f 1551 1560 1561 1552 
f 1553 1562 1554 1545 
f 1554 1563 1564 1555 
f 1555 1564 1565 1556 
f 1556 1565 1566 1557 
f 1557 1566 1567 1558 
f 1558 1567 1568 1559 
f 1559 1568 1569 1560 
f 1560 1569 1570 1561 
f 1562 1571 1563 1554 
f 1563 1572 1574 1564 
f 1564 1574 1575 1565 
f 1565 1575 1576 1566 
f 1566 1576 1577 1567 
f 1567 1577 1578 1568 
f 1568 1578 1579 1569 
f 1569 1579 1580 1570 
f 1571 1573 1572 1563 
f 1572 1581 1582 1574 
f 1574 1582 1583 1575 
f 1575 1583 1584 1576 
f 1576 1584 1585 1577 
f 1577 1585 1586 1578 
f 1578 1586 1587 1579 
f 1579 1587 1588 1580 
f 1573 1589 1581 1572 
f 1581 1590 1591 1582 
f 1582 1591 1592 1583 
f 1583 1592 1593 1584 
f 1584 1593 1594 1585 
f 1585 1594 1595 1586 
f 1586 1595 1596 1587 
f 1587 1596 1597 1588 
f 1589 1598 1590 1581 
f 1590 1979 1980 1591 
f 1591 1980 1599 1592 
f 1592 1599 1600 1593 
f 1593 1600 1981 1594 
f 1594 1981 1982 1595 
f 1595 1982 1983 1596 
f 1596 1983 1602 1597 
f 1598 1601 1979 1590 
f 1612 1615 1616 1611 
f 1611 1616 1617 1610 
f 1610 1617 1618 1609 
f 1609 1618 1619 1608 
f 1608 1619 1620 1607 
f 1607 1620 1621 1606 
f 1757 1660 1628 1605 
f 1613 1614 1615 1612 
f 1615 1603 1407 1616 
f 1616 1407 1408 1617 
f 1617 1408 1409 1618 
f 1618 1409 1410 1619 
f 1619 1410 1411 1620 
f 1620 1411 1412 1621 
f 1758 1661 1660 1757 
f 1614 1604 1603 1615 
f 1624 1659 2148 2139 
f 1471 1635 1625 1456 
f 1453 1456 1625 
f 1605 1628 2475 2476 
f 1762 2160 2140 1651 
f 1622 1650 1597 1602 
f 2137 2136 2470 2468 
f 1627 1435 1443 1444 
f 1628 1629 2474 2475 
f 1629 1630 2473 2474 
f 1630 1631 2472 2473 
f 1631 1632 2471 2472 
f 1633 2469 2471 1632 
f 1634 2470 2469 1633 
f 1480 1637 1635 1471 
f 2138 2137 2468 1636 
f 1636 1677 1696 1624 
f 1624 2139 2138 1636 
f 1489 1638 1637 1480 
f 1498 1639 1638 1489 
f 1507 1640 1639 1498 
f 1516 1641 1640 1507 
f 1525 1642 1641 1516 
f 1534 1643 1642 1525 
f 1544 1644 1643 1534 
f 1552 1645 1644 1544 
f 1561 1646 1645 1552 
f 1570 1647 1646 1561 
f 1580 1648 1647 1570 
f 1588 1649 1648 1580 
f 1597 1650 1649 1588 
f 1622 1759 1650 
f 1761 1750 1751 1623 
f 1652 1651 2140 2141 
f 1652 2141 2142 1653 
f 1653 2142 2143 1654 
f 1655 1654 2143 2144 
f 2144 2145 1656 1655 
f 1657 1656 2145 2146 
f 1658 1657 2146 2147 
f 1659 1658 2147 2148 
f 1628 1660 1662 1629 
f 1660 1661 1664 1662 
f 1629 1662 1663 1630 
f 1662 1664 1665 1663 
f 2516 2524 1670 
f 1630 1663 1667 1631 
f 1663 1665 1666 1667 
f 1756 1668 2525 2526 
f 1756 1627 1669 1668 
f 1668 1669 1671 1670 
f 1667 1666 1674 1672 
f 1632 1672 1673 1633 
f 1673 1675 1680 1676 
f 1673 1676 1634 1633 
f 1666 2516 2517 1674 
f 1674 2517 2511 1675 
f 1634 1676 1678 1626 
f 1626 1678 1679 1677 
f 1675 2511 2512 1680 
f 1676 1680 1681 1678 
f 1678 1681 1682 1679 
f 1680 2512 2485 1681 
f 1681 2485 2486 1682 
f 1677 1679 1697 1696 
f 1679 1682 1700 1697 
f 1682 2486 2487 1700 
f 1670 1671 1684 1683 
f 1683 1684 1689 1685 
f 1671 1625 1686 1684 
f 1684 1686 1693 1689 
f 1686 1635 1637 1693 
f 1687 1689 1690 1688 
f 1688 1690 1692 1691 
f 1691 1692 1706 1705 
f 1689 1693 1694 1690 
f 1693 1637 1638 1694 
f 1690 1694 1695 1692 
f 1692 1695 1709 1706 
f 1694 1638 1639 1695 
f 1695 1639 1640 1709 
f 1624 1696 1698 1659 
f 1696 1697 1699 1698 
f 1697 1700 1701 1699 
f 1700 2487 2488 1701 
f 1698 1699 1703 1702 
f 1699 1701 1704 1703 
f 1701 2488 2489 1704 
f 1705 1706 1708 1707 
f 1706 1709 1710 1708 
f 1709 1640 1641 1710 
f 1707 1708 1712 1711 
f 1708 1710 1713 1712 
f 1710 1641 1642 1713 
f 1658 1702 1714 1657 
f 1702 1703 1715 1714 
f 1657 1714 1716 1656 
f 1714 1715 1717 1716 
f 1703 1704 1718 1715 
f 1704 2489 2490 1718 
f 1715 1718 1719 1717 
f 1718 2490 2491 1719 
f 1656 1716 1720 1655 
f 1716 1717 1721 1720 
f 1717 1719 1722 1721 
f 1719 2491 2492 1722 
f 1711 1712 1724 1723 
f 1723 1724 1726 1725 
f 1712 1713 1727 1724 
f 1713 1642 1643 1727 
f 1724 1727 1728 1726 
f 1727 1643 1644 1728 
f 1725 1726 1730 1729 
f 1726 1728 1731 1730 
f 1728 1644 1645 1731 
f 1655 1720 1732 1654 
f 1720 1721 1733 1732 
f 1654 1732 1735 1653 
f 1732 1733 1736 1735 
f 1721 1722 1734 1733 
f 1722 2492 2493 1734 
f 1733 1734 1739 1736 
f 1734 2493 2494 1739 
f 1653 1735 1737 1652 
f 1735 1736 1738 1737 
f 1736 1739 1740 1738 
f 1739 2494 2495 1740 
f 1729 1730 1742 1741 
f 1741 1742 1745 1744 
f 1730 1731 1743 1742 
f 1731 1645 1646 1743 
f 1742 1743 1748 1745 
f 1743 1646 1647 1748 
f 1744 1745 1747 1746 
f 1745 1748 1749 1747 
f 1748 1647 1648 1749 
f 1652 1737 1750 1651 
f 1737 1738 1751 1750 
f 1738 1740 1752 1751 
f 1740 2495 2496 1752 
f 1746 1747 1754 1753 
f 1747 1749 1755 1754 
f 1749 1648 1649 1755 
f 1605 1606 1621 1757 
f 1757 1621 1412 1758 
f 2009 1754 1755 1759 
f 2120 1753 1754 2009 
f 2497 2496 1753 2120 
f 1623 1751 1752 1760 
f 1762 1651 1750 1761 
f 2149 2150 2465 2466 
f 2150 2151 2464 2465 
f 2151 2152 2463 2464 
f 2152 2153 2462 2463 
f 2153 2154 2461 2462 
f 2154 2155 2460 2461 
f 2155 2158 2459 2460 
f 2250 2149 2466 2467 
f 1789 1782 1791 1790 
f 1782 1783 1792 1791 
f 1783 1784 1793 1792 
f 1784 1785 1794 1793 
f 1785 1786 1795 1794 
f 1786 1787 1796 1795 
f 1796 1797 1788 2523 
f 1798 1789 1790 1799 
f 1790 1791 1802 1801 
f 1791 1792 1803 1802 
f 1792 1793 1804 1803 
f 1793 1794 1805 1804 
f 1794 1795 1806 1805 
f 1795 1796 1800 1806 
f 1799 1790 1801 1807 
f 1801 1802 1809 1808 
f 1802 1803 1810 1809 
f 1803 1804 1811 1810 
f 1804 1805 1812 1811 
f 1805 1806 1813 1812 
f 1806 1800 1814 1813 
f 1800 2523 2522 2532 
f 1807 1801 1808 1816 
f 1808 1809 1818 1817 
f 1809 1810 1819 1818 
f 1810 1811 1820 1819 
f 1811 1812 1821 1820 
f 1812 1813 1822 1821 
f 1813 1814 1823 1822 
f 1816 1808 1817 1825 
f 1817 1818 1827 1826 
f 1818 1819 1828 1827 
f 1819 1820 1829 1828 
f 1820 1821 1830 1829 
f 1821 1822 1831 1830 
f 1822 1823 1832 1831 
f 1823 1824 1833 1832 
f 1825 1817 1826 1834 
f 1826 1827 1835 1841 
f 1827 1828 1836 1835 
f 1828 1829 1837 1836 
f 1829 1830 1838 1837 
f 1830 1831 1839 1838 
f 1831 1832 1840 1839 
f 1832 1833 1842 1840 
f 1834 1826 1841 1843 
f 1841 1835 1845 1844 
f 1835 1836 1846 1845 
f 1836 1837 1847 1846 
f 1837 1838 1848 1847 
f 1838 1839 1849 1848 
f 1839 1840 1850 1849 
f 1840 1842 1851 1850 
f 1843 1841 1844 1852 
f 1844 1845 1854 1853 
f 1845 1846 1855 1854 
f 1846 1847 1856 1855 
f 1847 1848 1857 1856 
f 1848 1849 1858 1857 
f 1849 1850 1859 1858 
f 1850 1851 1860 1859 
f 1852 1844 1853 1861 
f 1853 1854 1863 1862 
f 1854 1855 1864 1863 
f 1855 1856 1865 1864 
f 1856 1857 1866 1865 
f 1857 1858 1867 1866 
f 1858 1859 1868 1867 
f 1859 1860 1869 1868 
f 1861 1853 1862 1870 
f 1862 1863 1872 1871 
f 1863 1864 1873 1872 
f 1864 1865 1874 1873 
f 1865 1866 1875 1874 
f 1866 1867 1876 1875 
f 1867 1868 1877 1876 
f 1868 1869 1878 1877 
f 1870 1862 1871 1879 
f 1871 1872 1880 1887 
f 1872 1873 1881 1880 
f 1873 1874 1882 1881 
f 1874 1875 1883 1882 
f 1875 1876 1884 1883 
f 1876 1877 1885 1884 
f 1877 1878 1886 1885 
f 1879 1871 1887 1888 
f 1887 1880 1890 1889 
f 1880 1881 1891 1890 
f 1881 1882 1892 1891 
f 1882 1883 1893 1892 
f 1883 1884 1894 1893 
f 1884 1885 1895 1894 
f 1885 1886 1896 1895 
f 1888 1887 1889 1897 
f 1889 1890 1899 1898 
f 1890 1891 1900 1899 
f 1891 1892 1901 1900 
f 1892 1893 1902 1901 
f 1893 1894 1903 1902 
f 1894 1895 1904 1903 
f 1895 1896 1905 1904 
f 1897 1889 1898 1906 
f 1898 1899 1908 1907 
f 1899 1900 1909 1908 
f 1900 1901 1910 1909 
f 1901 1902 1911 1910 
f 1902 1903 1912 1911 
f 1903 1904 1913 1912 
f 1904 1905 1914 1913 
f 1906 1898 1907 1915 
f 1907 1908 1916 1923 
f 1908 1909 1917 1916 
f 1909 1910 1918 1917 
f 1910 1911 1919 1918 
f 1911 1912 1920 1919 
f 1912 1913 1921 1920 
f 1913 1914 1922 1921 
f 1915 1907 1923 1924 
f 1923 1916 1926 1925 
f 1916 1917 1927 1926 
f 1917 1918 1928 1927 
f 1918 1919 1929 1928 
f 1919 1920 1930 1929 
f 1920 1921 1931 1930 
f 1921 1922 1932 1931 
f 1924 1923 1925 1933 
f 1925 1926 1935 1934 
f 1926 1927 1936 1935 
f 1927 1928 1937 1936 
f 1928 1929 1938 1937 
f 1929 1930 1939 1938 
f 1930 1931 1940 1939 
f 1931 1932 1941 1940 
f 1933 1925 1934 1942 
f 1934 1935 1943 1950 
f 1935 1936 1944 1943 
f 1936 1937 1945 1944 
f 1937 1938 1946 1945 
f 1938 1939 1947 1946 
f 1939 1940 1948 1947 
f 1940 1941 1949 1948 
f 1942 1934 1950 1951 
f 1950 1943 1952 1959 
f 1943 1944 1953 1952 
f 1944 1945 1954 1953 
f 1945 1946 1955 1954 
f 1946 1947 1956 1955 
f 1947 1948 1957 1956 
f 1948 1949 1958 1957 
f 1951 1950 1959 1960 
f 1959 1952 1962 1961 
f 1952 1953 1963 1962 
f 1953 1954 1964 1963 
f 1954 1955 1965 1964 
f 1955 1956 1966 1965 
f 1956 1957 1967 1966 
f 1957 1958 1968 1967 
f 1960 1959 1961 1969 
f 1961 1962 1971 1970 
f 1962 1963 1972 1971 
f 1963 1964 1973 1972 
f 1964 1965 1974 1973 
f 1965 1966 1975 1974 
f 1966 1967 1976 1975 
f 1967 1968 1977 1976 
f 1969 1961 1970 1978 
f 1970 1971 1980 1979 
f 1971 1972 1599 1980 
f 1972 1973 1600 1599 
f 1973 1974 1981 1600 
f 1974 1975 1982 1981 
f 1975 1976 1983 1982 
f 1976 1977 1602 1983 
f 1978 1970 1979 1601 
f 1763 1764 1773 1772 
f 1764 1765 1774 1773 
f 1765 1766 1775 1774 
f 1766 1767 1776 1775 
f 1767 1768 1777 1776 
f 1768 1769 1778 1777 
f 1770 1984 1780 1779 
f 1771 1763 1772 1781 
f 1772 1773 1782 1789 
f 1773 1774 1783 1782 
f 1774 1775 1784 1783 
f 1775 1776 1785 1784 
f 1776 1777 1786 1785 
f 1777 1778 1787 1786 
f 1779 1780 1788 1797 
f 1781 1772 1789 1798 
f 1985 2157 2156 
f 1851 1842 1986 2530 
f 1986 1833 2029 2030 
f 1770 2459 2458 1984 
f 2160 1762 2010 2173 
f 1622 1602 1977 1987 
f 1989 1988 2451 2454 
f 1833 1824 1815 2029 
f 1815 1824 1823 1814 
f 1984 2458 2457 1990 
f 1990 2457 2456 1991 
f 1991 2456 2455 1992 
f 1992 2455 2450 1993 
f 1993 2450 2448 2529 
f 2448 2447 2528 2529 
f 2446 2449 1994 2527 
f 1994 2449 2452 1995 
f 1995 2452 2451 1988 
f 1851 2530 1996 1860 
f 2041 1989 2454 2453 
f 1985 2453 2172 2157 
f 1860 1996 1997 1869 
f 1878 1869 1997 1998 
f 1886 1878 1998 1999 
f 1896 1886 1999 2000 
f 1896 2000 2001 1905 
f 1905 2001 2002 1914 
f 1922 1914 2002 2003 
f 1932 1922 2003 2004 
f 1932 2004 2005 1941 
f 1949 1941 2005 2006 
f 1958 1949 2006 2007 
f 1968 1958 2007 2008 
f 1968 2008 1987 1977 
f 1622 1987 1759 
f 1623 2111 2110 1761 
f 2173 2010 2011 2174 
f 2011 2012 2175 2174 
f 2176 2175 2012 2013 
f 2177 2176 2013 2014 
f 2177 2014 2015 2178 
f 2179 2178 2015 2016 
f 2180 2179 2016 2017 
f 2181 2180 2017 
f 2182 2181 2017 2018 
f 2183 2182 2018 
f 2018 2019 2184 2183 
f 2156 2184 2019 1985 
f 1984 1990 2020 1780 
f 1780 2020 2021 1788 
f 1788 2021 2522 2523 
f 1990 1991 2022 2020 
f 2020 2022 2024 2021 
f 1991 1992 2023 2022 
f 1992 1993 2027 2023 
f 2022 2023 2025 2024 
f 2023 2027 2028 2025 
f 2021 2024 2521 2522 
f 2024 2025 2520 2521 
f 2025 2028 2519 2520 
f 2026 2520 2519 
f 2522 2521 2531 2532 
f 2521 2520 2026 2531 
f 1993 2529 2031 2027 
f 2036 2028 2027 2031 
f 2039 2038 2033 2034 
f 1994 1995 2035 2034 
f 2034 2035 2039 
f 2031 2032 2037 2036 
f 2032 2033 2038 2037 
f 2028 2036 2518 2519 
f 2036 2037 2515 2518 
f 2037 2038 2514 2515 
f 2038 2039 2513 2514 
f 1995 1988 2040 2035 
f 1988 1989 2042 2040 
f 1989 2041 2043 2042 
f 2039 2044 2510 2513 
f 2040 2042 2045 2044 
f 2042 2043 2046 2045 
f 2044 2045 2509 2510 
f 2045 2046 2508 2509 
f 2041 2060 2061 2043 
f 2043 2061 2064 2046 
f 2046 2064 2507 2508 
f 2026 2047 2030 
f 2030 2048 2050 1986 
f 2048 2053 2057 2050 
f 2050 2057 1996 2530 
f 2051 2052 2054 2053 
f 2052 2055 2056 2054 
f 2055 2069 2070 2056 
f 2053 2054 2058 2057 
f 2057 2058 1997 1996 
f 2054 2056 2059 2058 
f 2056 2070 2073 2059 
f 2058 2059 1998 1997 
f 2059 2073 1999 1998 
f 1985 2019 2062 2060 
f 2060 2062 2063 2061 
f 2061 2063 2065 2064 
f 2064 2065 2506 2507 
f 2019 2018 2066 2062 
f 2062 2066 2067 2063 
f 2063 2067 2068 2065 
f 2065 2068 2505 2506 
f 2069 2071 2072 2070 
f 2070 2072 2074 2073 
f 2073 2074 2000 1999 
f 2071 2075 2076 2072 
f 2072 2076 2077 2074 
f 2074 2077 2001 2000 
f 2017 2016 2078 2066 
f 2066 2078 2079 2067 
f 2016 2015 2081 2078 
f 2078 2081 2082 2079 
f 2067 2079 2080 2068 
f 2068 2080 2504 2505 
f 2079 2082 2085 2080 
f 2080 2085 2503 2504 
f 2015 2014 2083 2081 
f 2081 2083 2084 2082 
f 2082 2084 2086 2085 
f 2085 2086 2502 2503 
f 2075 2087 2088 2076 
f 2087 2090 2091 2088 
f 2076 2088 2089 2077 
f 2077 2089 2002 2001 
f 2088 2091 2094 2089 
f 2089 2094 2003 2002 
f 2090 2092 2093 2091 
f 2091 2093 2095 2094 
f 2094 2095 2004 2003 
f 2014 2013 2096 2083 
f 2083 2096 2097 2084 
f 2013 2012 2099 2096 
f 2096 2099 2100 2097 
f 2084 2097 2098 2086 
f 2086 2098 2501 2502 
f 2097 2100 2101 2098 
f 2098 2101 2500 2501 
f 2012 2011 2108 2099 
f 2099 2108 2109 2100 
f 2100 2109 2112 2101 
f 2101 2112 2499 2500 
f 2092 2102 2103 2093 
f 2102 2105 2106 2103 
f 2093 2103 2104 2095 
f 2095 2104 2005 2004 
f 2103 2106 2107 2104 
f 2104 2107 2006 2005 
f 2105 2114 2115 2106 
f 2106 2115 2118 2107 
f 2107 2118 2007 2006 
f 2011 2010 2110 2108 
f 2108 2110 2111 2109 
f 2109 2111 2113 2112 
f 2112 2113 2498 2499 
f 2114 2116 2117 2115 
f 2115 2117 2119 2118 
f 2118 2119 2008 2007 
f 1770 1779 1778 1769 
f 1779 1797 1787 1778 
f 1759 2119 2117 2009 
f 2009 2117 2116 2120 
f 2120 2116 2498 2497 
f 1760 2113 2111 1623 
f 1762 1761 2110 2010 
f 2381 2382 2186 2185 
f 2382 2383 2187 2186 
f 2383 2384 2188 2187 
f 2384 2385 2189 2188 
f 2385 2386 2190 2189 
f 2386 2387 2191 2190 
f 2387 2389 2192 2191 
f 2389 2390 2193 2192 
f 2390 2391 2194 2193 
f 2391 2392 2195 2194 
f 2392 2393 2196 2195 
f 2393 2394 2197 2196 
f 2394 2395 2198 2197 
f 2395 2396 2199 2198 
f 2396 2397 2200 2199 
f 2397 2398 2201 2200 
f 2398 2399 2202 2201 
f 2399 2408 2203 2202 
f 2408 2407 2204 2203 
f 2407 2406 2205 2204 
f 2406 2405 2206 2205 
f 2405 2404 2207 2206 
f 2404 2403 2208 2207 
f 2403 2402 2209 2208 
f 2402 2401 2210 2209 
f 2401 2400 2211 2210 
f 2400 2420 2212 2211 
f 2420 2433 2213 2212 
f 2433 2434 2214 2213 
f 2434 2435 2215 2214 
f 2435 2436 2216 2215 
f 2436 2437 2217 2216 
f 2437 2438 2218 2217 
f 2438 2439 2219 2218 
f 2439 2440 2220 2219 
f 2440 2441 2221 2220 
f 2441 2442 2222 2221 
f 2442 2443 2223 2222 
f 2443 2444 2224 2223 
f 2444 2416 2225 2224 
f 2416 2417 2226 2225 
f 2417 2432 2227 2226 
f 2432 2431 2228 2227 
f 2431 2430 2229 2228 
f 2430 2429 2230 2229 
f 2429 2428 2231 2230 
f 2428 2427 2232 2231 
f 2427 2426 2233 2232 
f 2426 2425 2234 2233 
f 2425 2424 2235 2234 
f 2424 2423 2236 2235 
f 2423 2422 2237 2236 
f 2422 2421 2238 2237 
f 2421 2419 2239 2238 
f 2419 2418 2240 2239 
f 2418 2415 2241 2240 
f 2415 2414 2242 2241 
f 2414 2413 2243 2242 
f 2413 2412 2244 2243 
f 2412 2411 2245 2244 
f 2411 2410 2246 2245 
f 2410 2409 2247 2246 
f 2409 2445 2248 2247 
f 2388 2381 2185 2249 
f 2252 2251 2253 2254 
f 2251 2121 2122 2253 
f 2254 2253 2255 2256 
f 2253 2122 2123 2255 
f 2256 2255 2257 2258 
f 2255 2123 2124 2257 
f 2258 2257 2259 2260 
f 2257 2124 2125 2259 
f 2260 2259 2261 2262 
f 2259 2125 2126 2261 
f 2262 2261 2263 2264 
f 2261 2126 2127 2263 
f 2266 2265 2251 2252 
f 2265 2128 2121 2251 
f 2264 2263 2267 2268 
f 2263 2127 2129 2267 
f 2290 2289 2331 2332 
f 2289 2140 2160 2331 
f 2268 2267 2269 2270 
f 2267 2129 2130 2269 
f 2270 2269 2271 2272 
f 2269 2130 2131 2271 
f 2272 2271 2273 2274 
f 2271 2131 2132 2273 
f 2274 2273 2275 2276 
f 2273 2132 2133 2275 
f 2276 2275 2277 2278 
f 2275 2133 2134 2277 
f 2278 2277 2279 2280 
f 2277 2134 2135 2279 
f 2280 2279 2281 2282 
f 2279 2135 2136 2281 
f 2282 2281 2283 2284 
f 2281 2136 2137 2283 
f 2284 2283 2285 2286 
f 2283 2137 2138 2285 
f 2286 2285 2287 2288 
f 2285 2138 2139 2287 
f 2292 2291 2289 2290 
f 2291 2141 2140 2289 
f 2294 2293 2291 2292 
f 2293 2142 2141 2291 
f 2296 2295 2293 2294 
f 2295 2143 2142 2293 
f 2298 2297 2295 2296 
f 2297 2144 2143 2295 
f 2300 2299 2297 2298 
f 2299 2145 2144 2297 
f 2302 2301 2299 2300 
f 2301 2146 2145 2299 
f 2304 2303 2301 2302 
f 2303 2147 2146 2301 
f 2306 2305 2303 2304 
f 2305 2148 2147 2303 
f 2288 2287 2305 2306 
f 2287 2139 2148 2305 
f 2310 2309 2307 2308 
f 2309 2150 2149 2307 
f 2312 2311 2309 2310 
f 2311 2151 2150 2309 
f 2314 2313 2311 2312 
f 2313 2152 2151 2311 
f 2316 2315 2313 2314 
f 2315 2153 2152 2313 
f 2318 2317 2315 2316 
f 2317 2154 2153 2315 
f 2320 2319 2317 2318 
f 2319 2155 2154 2317 
f 2328 2327 2319 2320 
f 2327 2158 2155 2319 
f 2308 2307 2322 2321 
f 2307 2149 2250 2322 
f 2324 2323 2325 2326 
f 2323 2156 2157 2325 
f 2330 2329 2327 2328 
f 2329 2159 2158 2327 
f 2334 2333 2329 2330 
f 2333 2161 2159 2329 
f 2336 2335 2333 2334 
f 2335 2162 2161 2333 
f 2338 2337 2335 2336 
f 2337 2163 2162 2335 
f 2340 2339 2337 2338 
f 2339 2164 2163 2337 
f 2342 2341 2339 2340 
f 2341 2165 2164 2339 
f 2344 2343 2341 2342 
f 2343 2166 2165 2341 
f 2346 2345 2343 2344 
f 2345 2167 2166 2343 
f 2348 2347 2345 2346 
f 2347 2168 2167 2345 
f 2350 2349 2347 2348 
f 2349 2169 2168 2347 
f 2352 2351 2349 2350 
f 2351 2170 2169 2349 
f 2356 2355 2353 2354 
f 2355 2172 2171 2353 
f 2326 2325 2355 2356 
f 2325 2157 2172 2355 
f 2332 2331 2357 2358 
f 2331 2160 2173 2357 
f 2358 2357 2359 2360 
f 2357 2173 2174 2359 
f 2360 2359 2361 2362 
f 2359 2174 2175 2361 
f 2362 2361 2363 2364 
f 2361 2175 2176 2363 
f 2364 2363 2365 2366 
f 2363 2176 2177 2365 
f 2366 2365 2367 2368 
f 2365 2177 2178 2367 
f 2368 2367 2369 2370 
f 2367 2178 2179 2369 
f 2370 2369 2371 2372 
f 2369 2179 2180 2371 
f 2372 2371 2373 2374 
f 2371 2180 2181 2373 
f 2374 2373 2375 2376 
f 2373 2181 2182 2375 
f 2376 2375 2377 2378 
f 2375 2182 2183 2377 
f 2378 2377 2379 2380 
f 2377 2183 2184 2379 
f 2380 2379 2323 2324 
f 2379 2184 2156 2323 
f 2354 2353 2351 2352 
f 2353 2171 2170 2351 
f 2381 2252 2254 2382 
f 2382 2254 2256 2383 
f 2383 2256 2258 2384 
f 2384 2258 2260 2385 
f 2385 2260 2262 2386 
f 2386 2262 2264 2387 
f 2388 2266 2252 2381 
f 2387 2264 2268 2389 
f 2400 2290 2332 2420 
f 2389 2268 2270 2390 
f 2390 2270 2272 2391 
f 2391 2272 2274 2392 
f 2392 2274 2276 2393 
f 2393 2276 2278 2394 
f 2394 2278 2280 2395 
f 2395 2280 2282 2396 
f 2396 2282 2284 2397 
f 2397 2284 2286 2398 
f 2398 2286 2288 2399 
f 2401 2292 2290 2400 
f 2402 2294 2292 2401 
f 2403 2296 2294 2402 
f 2404 2298 2296 2403 
f 2405 2300 2298 2404 
f 2406 2302 2300 2405 
f 2407 2304 2302 2406 
f 2408 2306 2304 2407 
f 2399 2288 2306 2408 
f 2410 2310 2308 2409 
f 2411 2312 2310 2410 
f 2412 2314 2312 2411 
f 2413 2316 2314 2412 
f 2414 2318 2316 2413 
f 2415 2320 2318 2414 
f 2418 2328 2320 2415 
f 2409 2308 2321 2445 
f 2416 2324 2326 2417 
f 2419 2330 2328 2418 
f 2421 2334 2330 2419 
f 2422 2336 2334 2421 
f 2423 2338 2336 2422 
f 2424 2340 2338 2423 
f 2425 2342 2340 2424 
f 2426 2344 2342 2425 
f 2427 2346 2344 2426 
f 2428 2348 2346 2427 
f 2429 2350 2348 2428 
f 2430 2352 2350 2429 
f 2432 2356 2354 2431 
f 2417 2326 2356 2432 
f 2420 2332 2358 2433 
f 2433 2358 2360 2434 
f 2434 2360 2362 2435 
f 2435 2362 2364 2436 
f 2436 2364 2366 2437 
f 2437 2366 2368 2438 
f 2438 2368 2370 2439 
f 2439 2370 2372 2440 
f 2440 2372 2374 2441 
f 2441 2374 2376 2442 
f 2442 2376 2378 2443 
f 2443 2378 2380 2444 
f 2444 2380 2324 2416 
f 2431 2354 2352 2430 
f 2448 2165 2166 2447 
f 2447 2166 2167 2446 
f 2450 2164 2165 2448 
f 2446 2167 2168 2449 
f 2452 2169 2170 2451 
f 2451 2170 2171 2454 
f 2456 2162 2163 2455 
f 2454 2171 2172 2453 
f 2455 2163 2164 2450 
f 2449 2168 2169 2452 
f 2457 2161 2162 2456 
f 2459 2158 2159 2458 
f 2458 2159 2161 2457 
f 2465 1764 1763 2466 
f 2464 1765 1764 2465 
f 2463 1766 1765 2464 
f 2462 1767 1766 2463 
f 2461 1768 1767 2462 
f 2460 1769 1768 2461 
f 2459 1770 1769 2460 
f 2466 1763 1771 2467 
f 1985 2060 2041 2453 
f 2468 1626 1677 1636 
f 2470 2136 2135 2469 
f 2471 2134 2133 2472 
f 2469 2135 2134 2471 
f 2473 2132 2131 2474 
f 2474 2131 2130 2475 
f 2475 2130 2129 2476 
f 2482 2122 2121 2483 
f 2481 2123 2122 2482 
f 2480 2124 2123 2481 
f 2479 2125 2124 2480 
f 2478 2126 2125 2479 
f 2477 2127 2126 2478 
f 2476 2129 2127 2477 
f 2483 2121 2128 2484 
f 2472 2133 2132 2473 
f 2470 1634 1626 2468 
f 2035 2040 2044 2039 
f 1758 1412 1419 
f 1796 1787 1797 
f 2497 1760 1752 2496 
f 2512 1687 1688 2485 
f 2485 1688 1691 2486 
f 2486 1691 1705 2487 
f 2487 1705 1707 2488 
f 2488 1707 1711 2489 
f 2489 1711 1723 2490 
f 2490 1723 1725 2491 
f 2491 1725 1729 2492 
f 2492 1729 1741 2493 
f 2493 1741 1744 2494 
f 2494 1744 1746 2495 
f 2495 1746 1753 2496 
f 2498 2113 1760 2497 
f 2509 2052 2051 2510 
f 2508 2055 2052 2509 
f 2507 2069 2055 2508 
f 2506 2071 2069 2507 
f 2505 2075 2071 2506 
f 2504 2087 2075 2505 
f 2503 2090 2087 2504 
f 2502 2092 2090 2503 
f 2501 2102 2092 2502 
f 2500 2105 2102 2501 
f 2499 2114 2105 2500 
f 2498 2116 2114 2499 
f 2511 1685 1687 2512 
f 2510 2051 2049 2513 
f 2514 2047 2515 
f 2516 1670 1683 2517 
f 2518 2026 2519 
f 2523 1800 1796 
f 2516 1666 1665 2524 
f 2524 1665 1664 2525 
f 2525 1664 1661 2526 
f 2526 1661 1758 1419 
f 2514 2513 2049 2047 
f 2524 2525 1668 1670 
f 1625 1444 1453 
f 1994 2034 2033 2527 
f 2527 2033 2032 2528 
f 2528 2032 2031 2529 
f 2049 2051 2053 2048 
f 1986 2050 2530 
f 1842 1833 1986 
f 2518 2515 2047 2026 
f 2527 2528 2447 2446 
f 2026 2030 2029 2531 
f 2531 2029 1815 2532 
f 2532 1815 1814 1800 
f 2018 2017 2066 
f 1759 1755 1649 1650 
f 1987 2008 2119 1759 
f 1698 1702 1658 1659 
f 1673 1672 1674 1675 
f 1683 1685 2511 2517 
f 1667 1672 1632 1631 
f 1635 1686 1625 
f 1689 1687 1685 
f 2047 2049 2048 2030 
f 2581 2776 2777 2582 
f 2559 2775 2776 2581 
f 2560 2753 2775 2559 
f 2561 2754 2753 2560 
f 2562 2755 2754 2561 
f 2563 2756 2755 2562 
f 2564 2757 2756 2563 
f 2565 2758 2757 2564 
f 2566 2759 2758 2565 
f 2567 2760 2759 2566 
f 2568 2761 2760 2567 
f 2569 2762 2761 2568 
f 2570 2763 2762 2569 
f 2571 2764 2763 2570 
f 2572 2765 2764 2571 
f 2573 2766 2765 2572 
f 2574 2767 2766 2573 
f 2575 2768 2767 2574 
f 2576 2769 2768 2575 
f 2577 2770 2769 2576 
f 2578 2771 2770 2577 
f 2579 2772 2771 2578 
f 2580 2773 2772 2579 
f 2690 2774 2773 2580 
f 2584 2779 2778 2583 
f 2586 2781 2779 2584 
f 2582 2777 2780 2585 
f 2585 2780 2781 2586 
f 2555 2610 2556 2612 
f 2554 2609 2610 2555 
f 2533 2587 2609 2554 
f 2534 2588 2587 2533 
f 2535 2589 2588 2534 
f 2536 2590 2589 2535 
f 2537 2591 2590 2536 
f 2538 2592 2591 2537 
f 2539 2593 2592 2538 
f 2540 2594 2593 2539 
f 2541 2595 2594 2540 
f 2542 2596 2595 2541 
f 2543 2597 2596 2542 
f 2544 2598 2597 2543 
f 2545 2599 2598 2544 
f 2546 2600 2599 2545 
f 2547 2601 2600 2546 
f 2548 2602 2601 2547 
f 2549 2603 2602 2548 
f 2550 2604 2603 2549 
f 2551 2605 2604 2550 
f 2552 2606 2605 2551 
f 2553 2607 2606 2552 
f 2611 2608 2607 2553 
f 2636 2614 2868 2889 
f 2614 2615 2869 2868 
f 2615 2616 2870 2869 
f 2616 2617 2871 2870 
f 2617 2618 2872 2871 
f 2618 2619 2873 2872 
f 2619 2620 2874 2873 
f 2620 2621 2875 2874 
f 2621 2622 2876 2875 
f 2622 2623 2877 2876 
f 2623 2624 2878 2877 
f 2624 2625 2879 2878 
f 2625 2626 2880 2879 
f 2626 2627 2881 2880 
f 2627 2628 2882 2881 
f 2628 2629 2883 2882 
f 2629 2630 2884 2883 
f 2630 2631 2885 2884 
f 2631 2632 2886 2885 
f 2632 2633 2887 2886 
f 2633 2634 2888 2887 
f 2634 2635 2865 2888 
f 2637 2636 2889 2890 
f 2638 2637 2890 2866 
f 2641 2643 2892 2891 
f 2642 2638 2866 2867 
f 2643 2642 2867 2892 
f 2639 2613 2612 2556 
f 2640 2558 2613 2639 
f 2692 2693 2805 2804 
f 2691 2692 2804 2782 
f 2669 2691 2782 2783 
f 2670 2669 2783 2784 
f 2671 2670 2784 2785 
f 2672 2671 2785 2786 
f 2673 2672 2786 2787 
f 2674 2673 2787 2788 
f 2675 2674 2788 2789 
f 2676 2675 2789 2790 
f 2677 2676 2790 2791 
f 2678 2677 2791 2792 
f 2679 2678 2792 2793 
f 2680 2679 2793 2794 
f 2681 2680 2794 2795 
f 2682 2681 2795 2796 
f 2683 2682 2796 2797 
f 2684 2683 2797 2798 
f 2685 2684 2798 2799 
f 2686 2685 2799 2800 
f 2687 2686 2800 2801 
f 2688 2687 2801 2802 
f 2689 2688 2802 2803 
f 2690 2689 2803 2774 
f 2695 2694 2806 2807 
f 2697 2695 2807 2809 
f 2693 2696 2808 2805 
f 2696 2697 2809 2808 
f 2665 2722 2666 2720 
f 2721 2665 2720 2698 
f 2644 2721 2698 2699 
f 2645 2644 2699 2700 
f 2646 2645 2700 2701 
f 2647 2646 2701 2702 
f 2648 2647 2702 2703 
f 2649 2648 2703 2704 
f 2650 2649 2704 2705 
f 2651 2650 2705 2706 
f 2652 2651 2706 2707 
f 2653 2652 2707 2708 
f 2654 2653 2708 2709 
f 2655 2654 2709 2710 
f 2656 2655 2710 2711 
f 2657 2656 2711 2712 
f 2658 2657 2712 2713 
f 2659 2658 2713 2714 
f 2660 2659 2714 2715 
f 2661 2660 2715 2716 
f 2662 2661 2716 2717 
f 2663 2662 2717 2718 
f 2664 2663 2718 2719 
f 2611 2664 2719 2608 
f 2746 2747 2894 2917 
f 2724 2893 2896 2725 
f 2726 2725 2896 2897 
f 2727 2726 2897 2898 
f 2728 2727 2898 2899 
f 2728 2899 2900 2729 
f 2730 2729 2900 2901 
f 2731 2730 2901 2902 
f 2732 2731 2902 2903 
f 2733 2732 2903 2904 
f 2733 2904 2905 2734 
f 2735 2734 2905 2906 
f 2735 2906 2907 2736 
f 2737 2736 2907 2908 
f 2738 2737 2908 2909 
f 2738 2909 2910 2739 
f 2739 2910 2911 2740 
f 2741 2740 2911 2912 
f 2742 2741 2912 2913 
f 2742 2913 2914 2743 
f 2743 2914 2915 2744 
f 2745 2744 2915 2916 
f 2745 2916 2865 2635 
f 2746 2917 2893 2724 
f 2750 2918 2919 2752 
f 2751 2895 2894 2747 
f 2752 2919 2895 2751 
f 2748 2666 2722 2723 
f 2749 2748 2723 2668 
f 2776 2775 2811 2860 
f 2775 2753 2810 2811 
f 2753 2754 2840 2810 
f 2754 2755 2841 2840 
f 2755 2756 2842 2841 
f 2756 2757 2843 2842 
f 2757 2758 2844 2843 
f 2758 2759 2845 2844 
f 2759 2760 2846 2845 
f 2760 2761 2847 2846 
f 2761 2762 2848 2847 
f 2762 2763 2849 2848 
f 2763 2764 2850 2849 
f 2764 2765 2851 2850 
f 2765 2766 2852 2851 
f 2766 2767 2853 2852 
f 2767 2768 2854 2853 
f 2768 2769 2855 2854 
f 2769 2770 2856 2855 
f 2770 2771 2857 2856 
f 2771 2772 2858 2857 
f 2772 2773 2859 2858 
f 2773 2774 2812 2859 
f 2777 2776 2860 2861 
f 2778 2891 2557 2640 
f 2779 2781 2864 2862 
f 2780 2777 2861 2863 
f 2781 2780 2863 2864 
f 2804 2805 2838 2836 
f 2782 2804 2836 2813 
f 2783 2782 2813 2814 
f 2784 2783 2814 2815 
f 2785 2784 2815 2816 
f 2786 2785 2816 2817 
f 2787 2786 2817 2818 
f 2788 2787 2818 2819 
f 2789 2788 2819 2820 
f 2790 2789 2820 2821 
f 2791 2790 2821 2822 
f 2792 2791 2822 2823 
f 2793 2792 2823 2824 
f 2794 2793 2824 2825 
f 2795 2794 2825 2826 
f 2796 2795 2826 2827 
f 2797 2796 2827 2828 
f 2798 2797 2828 2829 
f 2799 2798 2829 2830 
f 2800 2799 2830 2831 
f 2801 2800 2831 2832 
f 2802 2801 2832 2833 
f 2803 2802 2833 2835 
f 2774 2803 2835 2812 
f 2807 2806 2834 
f 2809 2807 2834 2837 
f 2805 2808 2839 2838 
f 2808 2809 2837 2839 
f 2860 2811 2636 2637 
f 2811 2810 2614 2636 
f 2810 2840 2615 2614 
f 2840 2841 2616 2615 
f 2841 2842 2617 2616 
f 2842 2843 2618 2617 
f 2843 2844 2619 2618 
f 2844 2845 2620 2619 
f 2845 2846 2621 2620 
f 2846 2847 2622 2621 
f 2847 2848 2623 2622 
f 2848 2849 2624 2623 
f 2849 2850 2625 2624 
f 2850 2851 2626 2625 
f 2851 2852 2627 2626 
f 2852 2853 2628 2627 
f 2853 2854 2629 2628 
f 2854 2855 2630 2629 
f 2855 2856 2631 2630 
f 2856 2857 2632 2631 
f 2857 2858 2633 2632 
f 2858 2859 2634 2633 
f 2859 2812 2635 2634 
f 2861 2860 2637 2638 
f 2862 2864 2643 2641 
f 2863 2861 2638 2642 
f 2864 2863 2642 2643 
f 2836 2838 2747 2746 
f 2813 2836 2746 2724 
f 2814 2813 2724 2725 
f 2815 2814 2725 2726 
f 2816 2815 2726 2727 
f 2817 2816 2727 2728 
f 2818 2817 2728 2729 
f 2819 2818 2729 2730 
f 2820 2819 2730 2731 
f 2821 2820 2731 2732 
f 2822 2821 2732 2733 
f 2823 2822 2733 2734 
f 2824 2823 2734 2735 
f 2825 2824 2735 2736 
f 2826 2825 2736 2737 
f 2827 2826 2737 2738 
f 2828 2827 2738 2739 
f 2829 2828 2739 2740 
f 2830 2829 2740 2741 
f 2831 2830 2741 2742 
f 2832 2831 2742 2743 
f 2833 2832 2743 2744 
f 2835 2833 2744 2745 
f 2812 2835 2745 2635 
f 2837 2834 2750 2752 
f 2838 2839 2751 2747 
f 2839 2837 2752 2751 
f 2889 2868 2533 2554 
f 2868 2869 2534 2533 
f 2869 2870 2535 2534 
f 2870 2871 2536 2535 
f 2871 2872 2537 2536 
f 2872 2873 2538 2537 
f 2873 2874 2539 2538 
f 2874 2875 2540 2539 
f 2875 2876 2541 2540 
f 2876 2877 2542 2541 
f 2877 2878 2543 2542 
f 2878 2879 2544 2543 
f 2879 2880 2545 2544 
f 2880 2881 2546 2545 
f 2881 2882 2547 2546 
f 2882 2883 2548 2547 
f 2883 2884 2549 2548 
f 2884 2885 2550 2549 
f 2885 2886 2551 2550 
f 2886 2887 2552 2551 
f 2887 2888 2553 2552 
f 2888 2865 2611 2553 
f 2890 2889 2554 2555 
f 2866 2890 2555 2612 
f 2891 2892 2558 2557 
f 2867 2866 2612 2613 
f 2892 2867 2613 2558 
f 2896 2893 2721 2644 
f 2897 2896 2644 2645 
f 2898 2897 2645 2646 
f 2899 2898 2646 2647 
f 2900 2899 2647 2648 
f 2901 2900 2648 2649 
f 2902 2901 2649 2650 
f 2903 2902 2650 2651 
f 2904 2903 2651 2652 
f 2905 2904 2652 2653 
f 2906 2905 2653 2654 
f 2907 2906 2654 2655 
f 2908 2907 2655 2656 
f 2909 2908 2656 2657 
f 2910 2909 2657 2658 
f 2911 2910 2658 2659 
f 2912 2911 2659 2660 
f 2913 2912 2660 2661 
f 2914 2913 2661 2662 
f 2915 2914 2662 2663 
f 2916 2915 2663 2664 
f 2865 2916 2664 2611 
f 2893 2917 2665 2721 
f 2917 2894 2722 2665 
f 2919 2918 2667 2668 
f 2894 2895 2723 2722 
f 2895 2919 2668 2723 
f 2921 2920 3220 2959 
f 2922 2921 2959 2960 
f 2923 2922 2960 
f 2923 2960 2961 2924 
f 2925 2924 2961 
f 2925 2961 2962 2926 
f 2927 2926 2962 
f 2927 2962 2963 2928 
f 3021 2928 2963 
f 3021 2963 2964 2929 
f 2932 2929 2964 2965 
f 2964 2966 2965 
f 2967 2969 2968 3093 
f 3123 3121 3638 3637 
f 2933 2932 2965 2970 
f 2934 2933 2970 2971 
f 2935 2934 2971 2972 
f 2936 2935 2972 2973 
f 2937 2936 2973 
f 2938 2937 2973 2974 
f 2939 2938 2974 2975 
f 2940 2939 2975 2941 
f 2941 2975 2967 2942 
f 2930 2942 2967 3093 
f 3126 3123 3637 3636 
f 3130 3126 3636 3635 
f 3133 3130 3635 3634 
f 3135 3133 3634 3633 
f 3138 3135 3633 3632 
f 3141 3138 3632 3631 
f 3144 3141 3631 3643 
f 3147 3144 3643 3646 
f 3150 3147 3646 3645 
f 3153 3150 3645 3644 
f 3156 3153 3644 3606 
f 3159 3156 3606 3607 
f 3162 3159 3607 3608 
f 3165 3162 3608 3609 
f 3168 3165 3609 3625 
f 2975 2974 2969 2967 
f 2974 2973 2987 2969 
f 2969 2987 2976 2968 
f 2987 2988 2977 2976 
f 2989 2991 2990 2988 
f 2988 2990 2978 2977 
f 2973 2972 2989 
f 2988 2987 2973 2989 
f 2972 2971 2991 2989 
f 2971 2970 2992 2991 
f 2991 2992 2993 2990 
f 2970 2965 2994 2992 
f 2992 2994 2995 2993 
f 2965 2966 2996 2994 
f 2994 2996 2997 2995 
f 2964 2963 2998 2966 
f 2966 2998 2999 2996 
f 2996 2999 3000 2997 
f 2963 2962 3001 2998 
f 2998 3001 3002 2999 
f 2999 3002 3003 3000 
f 2990 2993 2979 2978 
f 2993 2995 2980 2979 
f 2997 3000 3004 3005 
f 2995 2997 3005 
f 2981 2980 2995 3005 
f 3005 3004 2982 2981 
f 3000 3003 3006 3004 
f 3004 3006 2983 2982 
f 2962 2961 3007 3001 
f 3001 3007 3008 3002 
f 2961 2960 3009 3007 
f 3002 3008 3010 3003 
f 3007 3009 3011 3008 
f 3008 3011 3012 3010 
f 2960 2959 3013 3009 
f 2959 3220 3277 3013 
f 3009 3013 3014 3011 
f 3011 3014 3015 3012 
f 3013 3277 3280 3014 
f 3014 3280 3281 3015 
f 3003 3010 3016 3006 
f 3010 3012 3017 3016 
f 3006 3016 2984 2983 
f 3016 3017 2985 2984 
f 3012 3015 3018 3017 
f 3015 3281 3019 3018 
f 3017 3018 2986 2985 
f 3018 3019 3249 2986 
f 3063 3064 3115 3095 
f 3024 3023 3051 3050 
f 3024 3050 2923 2924 
f 3026 3025 2925 2926 
f 3090 2927 2928 3027 
f 3028 3027 2928 3021 
f 3028 3021 2929 3087 
f 3029 3087 2929 2932 
f 2930 3639 3640 3085 
f 2942 2930 3085 3084 
f 2941 2942 3084 3083 
f 3052 3051 3023 3030 
f 3052 3030 3101 3100 
f 3030 3031 3102 3101 
f 3031 3032 3103 3102 
f 3104 3103 3032 3092 
f 3092 3033 3105 3104 
f 3033 3034 3106 3105 
f 3107 3106 3034 3089 
f 3089 3035 3108 3107 
f 3095 3108 3035 3063 
f 3029 2932 2933 3075 
f 3036 3029 3075 3042 
f 3112 3110 3068 3069 
f 2941 3083 3082 2940 
f 3070 3071 3098 3111 
f 2940 3082 3081 2939 
f 3038 3049 3080 3081 
f 3039 3040 3077 3078 
f 2935 3077 3076 2934 
f 3064 3065 3114 3115 
f 3041 3042 3075 3076 
f 3037 3070 3069 3038 
f 3039 3066 3065 3040 
f 3035 3089 3088 3036 
f 3034 3033 3044 3043 
f 3033 3092 3091 3044 
f 3043 3044 3027 3028 
f 3088 3087 3029 3036 
f 3044 3091 3090 3027 
f 3032 3031 3046 3045 
f 3023 3046 3031 3030 
f 3045 3046 3025 3026 
f 3046 3023 3024 3025 
f 2937 3079 3078 2936 
f 3048 3067 3066 3039 
f 3049 3068 3067 3048 
f 2937 2938 3080 3079 
f 3024 2924 2925 3025 
f 2923 3050 3056 2922 
f 3050 3051 3057 3056 
f 3051 3052 3058 3057 
f 3052 3100 3117 3058 
f 2921 3053 3020 2920 
f 3053 3054 3047 3020 
f 3054 3055 3022 3047 
f 3055 3116 3099 3022 
f 2922 3056 3053 2921 
f 3056 3057 3054 3053 
f 3057 3058 3055 3054 
f 3058 3117 3116 3055 
f 3059 3641 3642 3073 
f 3060 3059 3073 3072 
f 3061 3060 3072 3071 
f 3064 3063 3042 3041 
f 3069 3068 3049 3038 
f 3071 3070 3037 3061 
f 3065 3064 3041 3040 
f 3069 3070 3111 3112 
f 3065 3066 3113 3114 
f 3066 3067 3109 3113 
f 3067 3068 3110 3109 
f 3073 3642 3610 3096 
f 3072 3073 3096 3097 
f 3071 3072 3097 3098 
f 3063 3035 3036 3042 
f 3085 3640 3641 3059 
f 3084 3085 3059 3060 
f 3083 3084 3060 3061 
f 3082 3083 3061 3037 
f 3081 3082 3037 3038 
f 3076 3077 3040 3041 
f 3078 3079 3048 3039 
f 3079 3080 3049 3048 
f 3081 3080 2938 2939 
f 3078 3077 2935 2936 
f 3076 3075 2933 2934 
f 3087 3088 3043 3028 
f 3088 3089 3034 3043 
f 2927 3090 3026 2926 
f 3090 3091 3045 3026 
f 3091 3092 3032 3045 
f 3093 3638 3639 2930 
f 3120 3124 2943 3094 
f 3124 3127 2944 2943 
f 3127 3128 2945 2944 
f 3128 3131 2946 2945 
f 3131 3136 2947 2946 
f 3136 3139 2948 2947 
f 3139 3142 2949 2948 
f 3142 3145 2950 2949 
f 3145 3148 2951 2950 
f 3148 3151 2952 2951 
f 3151 3154 2953 2952 
f 3154 3157 2954 2953 
f 3157 3160 2955 2954 
f 3160 3163 2956 2955 
f 3163 3166 2957 2956 
f 3166 3169 2958 2957 
f 3171 3175 2931 3086 
f 3177 3181 3062 3074 
f 3177 3074 3118 3184 
f 3181 3171 3086 3062 
f 3175 3120 3094 2931 
f 3123 3122 3119 3121 
f 3126 3125 3122 3123 
f 3130 3129 3125 3126 
f 3133 3132 3129 3130 
f 3135 3134 3132 3133 
f 3138 3137 3134 3135 
f 3141 3140 3137 3138 
f 3144 3143 3140 3141 
f 3147 3146 3143 3144 
f 3150 3149 3146 3147 
f 3153 3152 3149 3150 
f 3156 3155 3152 3153 
f 3159 3158 3155 3156 
f 3162 3161 3158 3159 
f 3165 3164 3161 3162 
f 3168 3167 3164 3165 
f 3174 3173 3170 3172 
f 3180 3179 3176 3178 
f 3178 3176 3182 3183 
f 3172 3170 3179 3180 
f 3121 3119 3173 3174 
f 3120 3119 3122 3124 
f 3124 3122 3125 3127 
f 3127 3125 3129 3128 
f 3128 3129 3132 3131 
f 3131 3132 3134 3136 
f 3136 3134 3137 3139 
f 3139 3137 3140 3142 
f 3142 3140 3143 3145 
f 3145 3143 3146 3148 
f 3148 3146 3149 3151 
f 3151 3149 3152 3154 
f 3154 3152 3155 3157 
f 3157 3155 3158 3160 
f 3160 3158 3161 3163 
f 3163 3161 3164 3166 
f 3166 3164 3167 3169 
f 3171 3170 3173 3175 
f 3177 3176 3179 3181 
f 3184 3182 3176 3177 
f 3181 3179 3170 3171 
f 3175 3173 3119 3120 
f 3185 3221 3220 2920 
f 3186 3222 3221 3185 
f 3187 3222 3186 
f 3187 3188 3223 3222 
f 3189 3223 3188 
f 3189 3190 3224 3223 
f 3191 3224 3190 
f 3191 3192 3225 3224 
f 3285 3225 3192 
f 3285 3193 3226 3225 
f 3196 3227 3226 3193 
f 3226 3227 3228 
f 3229 3355 3230 3231 
f 3384 3611 3612 3382 
f 3197 3232 3227 3196 
f 3198 3233 3232 3197 
f 3199 3234 3233 3198 
f 3200 3235 3234 3199 
f 3201 3235 3200 
f 3202 3236 3235 3201 
f 3203 3237 3236 3202 
f 3204 3205 3237 3203 
f 3205 3206 3229 3237 
f 3194 3355 3229 3206 
f 3387 3613 3611 3384 
f 3239 3238 3613 3614 
f 3240 3239 3614 3615 
f 3241 3240 3615 
f 3396 3616 3615 3393 
f 3399 3617 3616 3396 
f 3402 3618 3617 3399 
f 3405 3619 3618 3402 
f 3408 3620 3619 3405 
f 3411 3621 3620 3408 
f 3414 3622 3621 3411 
f 3417 3623 3622 3414 
f 3420 3624 3623 3417 
f 3168 3625 3624 3420 
f 3237 3229 3231 3236 
f 3236 3231 3250 3235 
f 3231 3230 3238 3250 
f 3250 3238 3239 3251 
f 3252 3251 3253 3254 
f 3251 3239 3240 3253 
f 3235 3252 3234 
f 3251 3252 3235 3250 
f 3234 3252 3254 3233 
f 3233 3254 3255 3232 
f 3254 3253 3256 3255 
f 3232 3255 3257 3227 
f 3255 3256 3258 3257 
f 3227 3257 3259 3228 
f 3257 3258 3260 3259 
f 3226 3228 3261 3225 
f 3228 3259 3262 3261 
f 3259 3260 3263 3262 
f 3225 3261 3264 3224 
f 3261 3262 3265 3264 
f 3262 3263 3266 3265 
f 3253 3240 3241 3256 
f 3256 3241 3242 3258 
f 3260 3268 3267 3263 
f 3258 3268 3260 
f 3243 3268 3258 3242 
f 3268 3243 3244 3267 
f 3263 3267 3269 3266 
f 3267 3244 3245 3269 
f 3224 3264 3270 3223 
f 3264 3265 3271 3270 
f 3223 3270 3272 3222 
f 3265 3266 3273 3271 
f 3270 3271 3274 3272 
f 3271 3273 3275 3274 
f 3222 3272 3276 3221 
f 3221 3276 3277 3220 
f 3272 3274 3278 3276 
f 3274 3275 3279 3278 
f 3276 3278 3280 3277 
f 3278 3279 3281 3280 
f 3266 3269 3282 3273 
f 3273 3282 3283 3275 
f 3269 3245 3246 3282 
f 3282 3246 3247 3283 
f 3275 3283 3284 3279 
f 3279 3284 3019 3281 
f 3283 3247 3248 3284 
f 3284 3248 3249 3019 
f 3357 3376 3326 3325 
f 3287 3312 3313 3286 
f 3287 3188 3187 3312 
f 3289 3190 3189 3288 
f 3352 3290 3192 3191 
f 3291 3285 3192 3290 
f 3291 3349 3193 3285 
f 3292 3196 3193 3349 
f 3194 3347 3626 3627 
f 3206 3346 3347 3194 
f 3205 3345 3346 3206 
f 3314 3293 3286 3313 
f 3361 3362 3293 3314 
f 3362 3363 3294 3293 
f 3363 3364 3295 3294 
f 3354 3295 3364 3365 
f 3365 3366 3296 3354 
f 3366 3367 3297 3296 
f 3351 3297 3367 3368 
f 3368 3369 3298 3351 
f 3325 3298 3369 3357 
f 3292 3337 3197 3196 
f 3299 3305 3337 3292 
f 3331 3330 3371 3373 
f 3205 3204 3344 3345 
f 3372 3360 3333 3332 
f 3204 3203 3343 3344 
f 3301 3343 3342 3311 
f 3302 3340 3339 3303 
f 3199 3198 3338 3339 
f 3376 3375 3327 3326 
f 3304 3338 3337 3305 
f 3300 3301 3331 3332 
f 3302 3303 3327 3328 
f 3298 3299 3350 3351 
f 3297 3306 3307 3296 
f 3296 3307 3353 3354 
f 3306 3291 3290 3307 
f 3350 3299 3292 3349 
f 3307 3290 3352 3353 
f 3295 3308 3309 3294 
f 3286 3293 3294 3309 
f 3308 3289 3288 3309 
f 3309 3288 3287 3286 
f 3201 3200 3340 3341 
f 3310 3302 3328 3329 
f 3311 3310 3329 3330 
f 3201 3341 3342 3202 
f 3287 3288 3189 3188 
f 3187 3186 3318 3312 
f 3312 3318 3319 3313 
f 3313 3319 3320 3314 
f 3314 3320 3378 3361 
f 3185 2920 3020 3315 
f 3315 3020 3047 3316 
f 3316 3047 3022 3317 
f 3317 3022 3099 3377 
f 3186 3185 3315 3318 
f 3318 3315 3316 3319 
f 3319 3316 3317 3320 
f 3320 3317 3377 3378 
f 3321 3335 3628 3629 
f 3322 3334 3335 3321 
f 3323 3333 3334 3322 
f 3326 3304 3305 3325 
f 3331 3301 3311 3330 
f 3333 3323 3300 3332 
f 3327 3303 3304 3326 
f 3331 3373 3372 3332 
f 3327 3375 3374 3328 
f 3328 3374 3370 3329 
f 3329 3370 3371 3330 
f 3335 3358 3630 3628 
f 3334 3359 3358 3335 
f 3333 3360 3359 3334 
f 3325 3305 3299 3298 
f 3347 3321 3629 3626 
f 3346 3322 3321 3347 
f 3345 3323 3322 3346 
f 3344 3300 3323 3345 
f 3343 3301 3300 3344 
f 3338 3304 3303 3339 
f 3340 3302 3310 3341 
f 3341 3310 3311 3342 
f 3343 3203 3202 3342 
f 3340 3200 3199 3339 
f 3338 3198 3197 3337 
f 3349 3291 3306 3350 
f 3350 3306 3297 3351 
f 3191 3190 3289 3352 
f 3352 3289 3308 3353 
f 3353 3308 3295 3354 
f 3355 3194 3627 3612 
f 3381 3356 3207 3385 
f 3385 3207 3208 3388 
f 3388 3208 3209 3391 
f 3391 3209 3210 3394 
f 3394 3210 3211 3397 
f 3397 3211 3212 3400 
f 3400 3212 3213 3403 
f 3403 3213 3214 3406 
f 3406 3214 3215 3409 
f 3409 3215 3216 3412 
f 3412 3216 3217 3415 
f 3415 3217 3218 3418 
f 3418 3218 3219 3421 
f 3421 3219 2958 3169 
f 3423 3348 3195 3427 
f 3429 3336 3324 3433 
f 3436 3379 3336 3429 
f 3433 3324 3348 3423 
f 3427 3195 3356 3381 
f 3384 3382 3380 3383 
f 3387 3384 3383 3386 
f 3390 3387 3386 3389 
f 3393 3390 3389 3392 
f 3396 3393 3392 3395 
f 3396 3395 3398 3399 
f 3402 3399 3398 3401 
f 3405 3402 3401 3404 
f 3408 3405 3404 3407 
f 3411 3408 3407 3410 
f 3414 3411 3410 3413 
f 3417 3414 3413 3416 
f 3420 3417 3416 3419 
f 3168 3420 3419 3167 
f 3426 3424 3422 3425 
f 3432 3430 3428 3431 
f 3430 3435 3434 3428 
f 3424 3432 3431 3422 
f 3382 3426 3425 3380 
f 3381 3385 3383 3380 
f 3385 3388 3386 3383 
f 3388 3391 3389 3386 
f 3391 3394 3392 3389 
f 3394 3397 3395 3392 
f 3397 3400 3398 3395 
f 3400 3403 3401 3398 
f 3403 3406 3404 3401 
f 3406 3409 3407 3404 
f 3409 3412 3410 3407 
f 3412 3415 3413 3410 
f 3415 3418 3416 3413 
f 3418 3421 3419 3416 
f 3421 3169 3167 3419 
f 3423 3427 3425 3422 
f 3429 3433 3431 3428 
f 3429 3428 3434 3436 
f 3433 3423 3422 3431 
f 3427 3381 3380 3425 
s 2
f 2185 2186 3438 3437 
f 2186 2187 3439 3438 
f 2187 2188 3440 3439 
f 2188 2189 3441 3440 
f 2189 2190 3442 3441 
f 2190 2191 3443 3442 
f 2191 2192 3444 3443 
f 2192 2193 3445 3444 
f 2193 2194 3446 3445 
f 2194 2195 3447 3446 
f 2195 2196 3448 3447 
f 2196 2197 3449 3448 
f 2197 2198 3450 3449 
f 2198 2199 3451 3450 
f 2199 2200 3452 3451 
f 2200 2201 3453 3452 
f 2201 2202 3454 3453 
f 2202 2203 3455 3454 
f 2203 2204 3456 3455 
f 2204 2205 3457 3456 
f 2205 2206 3458 3457 
f 2206 2207 3459 3458 
f 2207 2208 3460 3459 
f 2208 2209 3461 3460 
f 2209 2210 3462 3461 
f 2210 2211 3463 3462 
f 2211 2212 3464 3463 
f 2212 2213 3465 3464 
f 2213 2214 3466 3465 
f 2214 2215 3467 3466 
f 2215 2216 3468 3467 
f 2216 2217 3469 3468 
f 2217 2218 3470 3469 
f 2218 2219 3471 3470 
f 2219 2220 3472 3471 
f 2220 2221 3473 3472 
f 2221 2222 3474 3473 
f 2222 2223 3475 3474 
f 2223 2224 3476 3475 
f 2224 2225 3477 3476 
f 2225 2226 3478 3477 
f 2226 2227 3479 3478 
f 2227 2228 3480 3479 
f 2228 2229 3481 3480 
f 2229 2230 3482 3481 
f 2230 2231 3483 3482 
f 2231 2232 3484 3483 
f 2232 2233 3485 3484 
f 2233 2234 3486 3485 
f 2234 2235 3487 3486 
f 2235 2236 3488 3487 
f 2236 2237 3489 3488 
f 2237 2238 3490 3489 
f 2238 2239 3491 3490 
f 2239 2240 3492 3491 
f 2240 2241 3493 3492 
f 2241 2242 3494 3493 
f 2242 2243 3495 3494 
f 2243 2244 3496 3495 
f 2244 2245 3497 3496 
f 2245 2246 3498 3497 
f 2246 2247 3499 3498 
f 2247 2248 3500 3499 
f 2249 2185 3437 3501 
s off
f 2583 2778 3504 3502 
f 2806 2694 3503 3505 
s 1
f 2749 2668 2667 
f 2557 2558 2640 
f 2779 2862 2641 2891 
f 2778 2779 2891 
f 3506 1 3575 3574 
f 3508 6 4 3507 
f 3509 8 6 3508 
f 3510 10 8 3509 
f 3511 12 10 3510 
f 3512 14 12 3511 
f 3513 16 14 3512 
f 3514 18 16 3513 
f 3515 20 18 3514 
f 3516 22 20 3515 
f 3517 24 22 3516 
f 3518 26 165 3527 
f 3519 28 173 3528 
f 3520 30 28 3519 
f 3521 32 353 3553 
f 3522 34 32 3521 
f 3523 36 34 3522 
f 3524 38 36 3523 
f 3525 40 38 3524 
f 3526 42 40 3525 
f 3552 222 42 3526 
f 3517 23 166 3527 
f 3518 25 174 3528 
f 3530 177 3576 3577 
f 3530 178 180 3531 
f 3531 180 182 3532 
f 3532 182 184 3533 
f 3533 184 186 3534 
f 3534 186 188 3535 
f 3535 188 190 3536 
f 3536 190 192 3537 
f 3537 192 194 3538 
f 3538 194 196 3539 
f 3539 196 198 3540 
f 3542 201 200 3541 
f 3544 205 204 3543 
f 3543 204 208 3545 
f 3554 361 210 3546 
f 3546 210 212 3547 
f 3547 212 214 3548 
f 3548 214 216 3549 
f 3549 216 218 3550 
f 3550 218 220 3551 
f 3551 220 222 3552 
f 3542 202 197 3540 
f 3544 206 199 3541 
f 3520 29 354 3553 
f 3545 208 361 3554 
s 4
f 3529 176 875 3555 
f 3556 897 1 3506 
s 1
f 3574 3507 4 3573 
f 3573 4 44 3572 
f 3572 44 65 3571 
f 3571 65 86 3570 
f 3570 86 107 3569 
f 3569 107 129 3568 
f 3568 129 720 3567 
f 3578 178 3530 3577 
f 3579 223 178 3578 
f 3580 247 223 3579 
f 3581 271 247 3580 
f 3582 295 271 3581 
f 3583 318 295 3582 
f 3584 742 318 3583 
f 3564 886 885 3565 
f 3563 887 886 3564 
f 3562 888 887 3563 
f 3561 889 888 3562 
f 3560 890 889 3561 
f 3559 891 890 3560 
f 3558 892 891 3559 
f 3586 863 864 3587 
f 3587 864 865 3588 
f 3588 865 866 3589 
f 3589 866 867 3590 
f 3590 867 868 3591 
f 3591 868 869 3592 
f 3592 869 870 3593 
f 3566 894 893 3567 
f 3565 885 894 3566 
f 3593 870 874 3594 
f 3585 767 742 3584 
f 3586 341 767 3585 
f 3558 536 838 3557 
s 2
f 3576 177 2 3575 
s 1
f 3575 2 3507 3574 
f 3576 176 3529 3577 
f 989 990 1091 3595 
f 3595 1091 1029 3596 
f 3596 1029 1027 3597 
f 3597 1027 1028 3598 
f 3598 1028 973 3599 
f 3601 973 1028 3602 
f 3600 1032 1030 3603 
f 3602 1028 1027 3603 
f 3604 1092 1032 3600 
s off
f 2 177 179 5 
s 1
f 3638 3093 2968 3637 
f 3637 2968 2976 3636 
f 3636 2976 2977 3635 
f 3635 2977 2978 3634 
f 3634 2978 2979 3633 
f 3633 2979 2980 3632 
f 3632 2980 2981 3631 
f 3631 2981 3643 
f 3643 2981 2982 3646 
f 3646 2982 2983 3645 
f 3645 2983 2984 3644 
f 3644 2984 3606 
f 3606 2984 2985 3607 
f 3607 2985 3608 
f 3608 2985 2986 3609 
f 3609 2986 3249 3625 
f 3639 3174 3172 3640 
f 3641 3180 3178 3642 
f 3642 3178 3183 3610 
f 3640 3172 3180 3641 
f 3638 3121 3174 3639 
f 3611 3230 3355 3612 
f 3613 3238 3230 3611 
f 3613 3387 3390 3614 
f 3614 3390 3393 3615 
f 3616 3242 3241 3615 
f 3617 3243 3242 3616 
f 3618 3244 3243 3617 
f 3619 3245 3244 3618 
f 3620 3246 3245 3619 
f 3621 3246 3620 
f 3622 3247 3246 3621 
f 3623 3247 3622 
f 3624 3248 3247 3623 
f 3625 3249 3248 3624 
f 3626 3424 3426 3627 
f 3628 3430 3432 3629 
f 3630 3435 3430 3628 
f 3629 3432 3424 3626 
f 3627 3426 3382 3612 
f 3652 1005 1072 3651 
f 3647 969 1011 3648 
f 3650 1018 1016 3649 
f 3648 1011 1012 3649 
f 3651 1072 1018 3650 
f 3657 1213 1146 3658 
f 3654 1151 1110 3653 
f 3655 1156 1158 3656 
f 3655 1152 1151 3654 
f 3656 1158 1213 3657 
f 3663 1232 1131 1130 
f 3661 1164 1113 3660 
f 3662 1167 1169 3659 
f 3662 1165 1164 3661 
f 3659 1169 1232 3663 
f 3665 909 908 3664 
f 3666 912 909 3665 
f 3667 913 912 3666 
f 3668 915 913 3667 
f 3669 917 915 3668 
f 3670 919 917 3669 
f 3671 921 919 3670 
f 3672 923 921 3671 
f 3688 925 923 3672 
f 3664 908 927 3673 
f 3673 927 929 3674 
f 3674 929 931 3675 
f 3675 931 933 3676 
f 3676 933 935 3677 
f 3677 935 966 3678 
f 3680 940 939 3679 
f 3679 939 942 3681 
f 3681 942 944 3682 
f 3682 944 946 3683 
f 3683 946 948 3684 
f 3684 948 950 3685 
f 3685 950 952 3686 
f 3686 952 954 3687 
f 3687 954 925 3688 
f 3689 956 940 3680 
f 3690 958 956 3689 
f 3691 960 958 3690 
f 3692 962 960 3691 
f 3693 964 962 3692 
f 3678 966 964 3693 
s off
f 3557 838 3718 3745 
f 874 815 3695 3743 
f 817 816 3696 3697 
f 818 817 3697 3698 
f 819 818 3698 3699 
f 820 819 3699 3700 
f 821 820 3700 3701 
f 822 821 3701 3702 
f 839 822 3702 3719 
f 824 823 3703 3704 
f 825 824 3704 3705 
f 826 825 3705 3706 
f 827 826 3706 3707 
f 828 827 3707 3708 
f 829 828 3708 3709 
f 830 829 3709 3710 
f 831 830 3710 3711 
f 832 831 3711 3712 
f 833 832 3712 3713 
f 834 833 3713 3714 
f 835 834 3714 3715 
f 836 835 3715 3716 
f 837 836 3716 3717 
f 838 837 3717 3718 
f 823 839 3719 3703 
f 816 840 3720 3696 
f 840 841 3721 3720 
f 841 842 3722 3721 
f 842 843 3723 3722 
f 843 844 3724 3723 
f 844 845 3725 3724 
f 845 846 3726 3725 
f 847 848 3728 3727 
f 848 849 3729 3728 
f 849 850 3730 3729 
f 850 851 3731 3730 
f 851 852 3732 3731 
f 852 853 3733 3732 
f 853 854 3734 3733 
f 854 855 3735 3734 
f 855 856 3736 3735 
f 856 857 3737 3736 
f 857 858 3738 3737 
f 858 859 3739 3738 
f 859 860 3740 3739 
f 860 861 3741 3740 
f 861 862 3742 3741 
f 846 847 3727 3726 
f 3594 874 3743 3746 
f 814 896 3744 3694 
f 896 3557 3745 3744 
f 862 3594 3746 3742 
s 1
f 1625 1671 1669 
f 1625 1669 1627 1444 
f 3940 3941 4010 4011 
f 3943 3944 3796 3795 
f 3944 4385 4383 3796 
f 3945 4405 4401 3797 
f 3946 4361 4353 3798 
f 3947 3948 3800 3799 
f 3955 3841 3801 3954 
f 3954 3801 3802 3953 
f 3953 3802 3803 3952 
f 3952 3803 3804 3951 
f 3951 3804 3805 3950 
f 3950 3805 3806 3949 
f 3949 3806 3800 3948 
f 3747 3749 4248 4247 
f 3749 4379 4394 4248 
f 3751 4397 4421 4249 
f 3753 4349 4374 4250 
f 3755 3757 4252 4251 
f 3760 3867 4266 4253 
f 3762 3760 4253 4254 
f 3764 3762 4254 4255 
f 3766 3764 4255 4256 
f 3768 3766 4256 4257 
f 3770 3768 4257 4258 
f 3757 3770 4258 4252 
f 3783 3970 3971 3810 
f 3784 3999 3970 3783 
f 3785 3998 4386 4382 
f 3786 3997 4407 4400 
f 3787 3996 4364 4352 
f 3788 3995 3996 3787 
f 3868 3988 3989 3789 
f 3789 3989 3990 3790 
f 3790 3990 3991 3791 
f 3791 3991 3992 3792 
f 3792 3992 3993 3793 
f 3793 3993 3994 3794 
f 3794 3994 3995 3788 
f 3795 3747 3807 3811 
f 3796 3749 3747 3795 
f 3797 3751 4379 4383 
f 3798 3753 4397 4401 
f 3799 3755 4349 4353 
f 3800 3757 3755 3799 
f 3841 3867 3760 3801 
f 3801 3760 3762 3802 
f 3802 3762 3764 3803 
f 3803 3764 3766 3804 
f 3804 3766 3768 3805 
f 3805 3768 3770 3806 
f 3806 3770 3757 3800 
f 3942 3943 3795 3811 
f 3807 3747 4247 4259 
f 3971 3972 4001 3810 
f 3807 4006 4007 3811 
f 4003 3810 4002 
f 3941 3942 3811 4010 
f 3972 4406 4408 4001 
f 3807 4005 4006 
f 4008 4009 4010 3811 
f 4003 4004 3810 
f 4004 4005 4259 3810 
f 3810 4001 4002 
f 4007 4008 3811 
f 3940 4011 4012 3969 
f 3967 3831 3830 3966 
f 3966 3830 4305 4310 
f 3965 3833 4322 4329 
f 3964 3835 4355 4362 
f 3963 3837 3839 3962 
f 3955 3956 3842 3841 
f 3956 3957 3844 3842 
f 3957 3958 3846 3844 
f 3958 3959 3848 3846 
f 3959 3960 3850 3848 
f 3960 3961 3852 3850 
f 3961 3962 3839 3852 
f 3854 4261 4260 3855 
f 3855 4260 4319 4306 
f 3858 4262 4345 4323 
f 3860 4263 4375 4356 
f 3862 4264 4265 3864 
f 3866 4267 4266 3867 
f 3870 4268 4267 3866 
f 3872 4269 4268 3870 
f 3874 4270 4269 3872 
f 3876 4271 4270 3874 
f 3878 4272 4271 3876 
f 3864 4265 4272 3878 
f 3857 3882 3975 3976 
f 3856 3857 3976 3977 
f 3859 4307 4311 3978 
f 3861 4324 4331 3979 
f 3863 4357 4363 3980 
f 3865 3863 3980 3981 
f 3868 3869 3987 3988 
f 3869 3871 3986 3987 
f 3871 3873 3985 3986 
f 3873 3875 3984 3985 
f 3875 3877 3983 3984 
f 3877 3879 3982 3983 
f 3879 3865 3981 3982 
f 3831 3896 3895 3854 
f 3830 3831 3854 3855 
f 3833 4305 4306 3858 
f 3835 4322 4323 3860 
f 3837 4355 4356 3862 
f 3839 3837 3862 3864 
f 3841 3842 3866 3867 
f 3842 3844 3870 3866 
f 3844 3846 3872 3870 
f 3846 3848 3874 3872 
f 3848 3850 3876 3874 
f 3850 3852 3878 3876 
f 3852 3839 3864 3878 
f 3968 3896 3831 3967 
f 3895 4273 4261 3854 
f 3975 3882 4021 3974 
f 3895 3896 4015 4016 
f 4019 4020 3882 
f 3969 4012 3896 3968 
f 3974 4021 4332 4330 
f 3895 4016 4017 
f 4014 3896 4012 4013 
f 4019 3882 4018 
f 4018 3882 4273 4017 
f 3882 4020 4021 
f 4015 3896 4014 
f 3821 3824 3924 3923 
f 3750 3748 3910 3911 
f 3752 4380 4384 3912 
f 3754 4398 4404 3913 
f 3756 4350 4359 3914 
f 3758 3756 3914 3915 
f 3840 3759 3916 3932 
f 3759 3761 3917 3916 
f 3761 3763 3918 3917 
f 3763 3765 3919 3918 
f 3765 3767 3920 3919 
f 3767 3769 3921 3920 
f 3769 3758 3915 3921 
f 3748 3808 3922 3910 
f 3808 3821 3923 3922 
f 3824 3825 3925 3924 
f 3828 3829 3927 3926 
f 3829 4304 4309 3927 
f 3832 4321 4328 3928 
f 3834 4354 4360 3929 
f 3836 3838 3931 3930 
f 3843 3840 3932 3933 
f 3845 3843 3933 3934 
f 3847 3845 3934 3935 
f 3849 3847 3935 3936 
f 3851 3849 3936 3937 
f 3853 3851 3937 3938 
f 3838 3853 3938 3931 
f 3897 3828 3926 3939 
f 3825 3897 3939 3925 
f 3824 3821 3941 3940 
f 3821 3808 3942 3941 
f 3808 3748 3943 3942 
f 3748 3750 3944 3943 
f 3750 4380 4385 3944 
f 3752 4398 4405 3945 
f 3754 4350 4361 3946 
f 3756 3758 3948 3947 
f 3758 3769 3949 3948 
f 3769 3767 3950 3949 
f 3767 3765 3951 3950 
f 3765 3763 3952 3951 
f 3763 3761 3953 3952 
f 3761 3759 3954 3953 
f 3759 3840 3955 3954 
f 3840 3843 3956 3955 
f 3843 3845 3957 3956 
f 3845 3847 3958 3957 
f 3847 3849 3959 3958 
f 3849 3851 3960 3959 
f 3851 3853 3961 3960 
f 3853 3838 3962 3961 
f 3838 3836 3963 3962 
f 3836 4354 4362 3963 
f 3834 4321 4329 3964 
f 3832 4304 4310 3965 
f 3829 3828 3967 3966 
f 3828 3897 3968 3967 
f 3897 3825 3969 3968 
f 3825 3824 3940 3969 
f 3771 3809 3971 3970 
f 3809 3822 3972 3971 
f 3822 4403 4406 3972 
f 3904 4326 4330 3973 
f 3898 3881 3975 3974 
f 3881 3880 3976 3975 
f 3880 3883 3977 3976 
f 3883 4308 4311 3977 
f 3884 4325 4331 3978 
f 3885 4358 4363 3979 
f 3886 3887 3981 3980 
f 3887 3894 3982 3981 
f 3894 3893 3983 3982 
f 3893 3892 3984 3983 
f 3892 3891 3985 3984 
f 3891 3890 3986 3985 
f 3890 3889 3987 3986 
f 3889 3888 3988 3987 
f 3888 3777 3989 3988 
f 3777 3778 3990 3989 
f 3778 3779 3991 3990 
f 3779 3780 3992 3991 
f 3780 3781 3993 3992 
f 3781 3782 3994 3993 
f 3782 3776 3995 3994 
f 3776 3775 3996 3995 
f 3775 4351 4364 3996 
f 3774 4399 4407 3997 
f 3773 4381 4386 3998 
f 3772 3771 3970 3999 
f 3905 4402 4408 4000 
f 3812 3813 4002 4001 
f 3813 3814 4003 4002 
f 3814 3815 4004 4003 
f 3815 3816 4005 4004 
f 3816 3817 4006 4005 
f 3817 3823 4007 4006 
f 3823 3818 4008 4007 
f 3818 3819 4009 4008 
f 3819 3820 4010 4009 
f 3820 3827 4011 4010 
f 3827 3826 4012 4011 
f 3826 3908 4013 4012 
f 3908 3907 4014 4013 
f 3907 3901 4015 4014 
f 3901 3900 4016 4015 
f 3900 3906 4017 4016 
f 3906 3909 4018 4017 
f 3909 3902 4019 4018 
f 3902 3903 4020 4019 
f 3903 3899 4021 4020 
f 3899 4327 4332 4021 
f 3812 4402 4410 4044 
f 3813 3812 4044 4045 
f 3814 3813 4045 4046 
f 3815 3814 4046 4047 
f 3816 3815 4047 4048 
f 3817 3816 4048 4049 
f 3823 3817 4049 4053 
f 3819 3818 4050 4051 
f 3827 3820 4052 4055 
f 3820 3819 4051 4052 
f 3818 3823 4053 4050 
f 3826 3827 4055 4054 
f 3900 3901 4058 4057 
f 3903 3902 4059 4060 
f 3905 4327 4334 4061 
f 3906 3900 4057 4062 
f 3907 3908 4064 4063 
f 3908 3826 4054 4064 
f 3902 3909 4065 4059 
f 3909 3906 4062 4065 
f 3899 3903 4060 4056 
f 3901 3907 4063 4058 
f 4061 4039 4409 4410 
f 4044 4022 4023 4045 
f 4045 4023 4024 4046 
f 4046 4024 4025 4047 
f 4047 4025 4026 4048 
f 4048 4026 4027 4049 
f 4049 4027 4031 4053 
f 4050 4028 4029 4051 
f 4052 4030 4033 4055 
f 4051 4029 4030 4052 
f 4053 4031 4028 4050 
f 4055 4033 4032 4054 
f 4058 4036 4035 4057 
f 4059 4037 4038 4060 
f 4056 4034 4333 4334 
f 4057 4035 4040 4062 
f 4064 4042 4041 4063 
f 4054 4032 4042 4064 
f 4065 4043 4037 4059 
f 4062 4040 4043 4065 
f 4060 4038 4034 4056 
f 4063 4041 4036 4058 
f 4088 4412 4413 4111 
f 4109 4088 4111 4112 
f 4108 4109 4112 4113 
f 4107 4108 4113 4114 
f 4106 4107 4114 4115 
f 4105 4106 4115 4116 
f 4104 4105 4116 4117 
f 4102 4103 4118 4119 
f 4100 4101 4120 4121 
f 4101 4102 4119 4120 
f 4103 4104 4117 4118 
f 4099 4100 4121 4122 
f 4095 4096 4125 4126 
f 4091 4092 4129 4130 
f 4089 4336 4337 4110 
f 4094 4095 4126 4127 
f 4097 4098 4123 4124 
f 4098 4099 4122 4123 
f 4092 4093 4128 4129 
f 4093 4094 4127 4128 
f 4090 4091 4130 4131 
f 4096 4097 4124 4125 
f 4022 4409 4412 4088 
f 4039 4333 4336 4089 
f 4034 4038 4091 4090 
f 4038 4037 4092 4091 
f 4037 4043 4093 4092 
f 4043 4040 4094 4093 
f 4040 4035 4095 4094 
f 4035 4036 4096 4095 
f 4036 4041 4097 4096 
f 4041 4042 4098 4097 
f 4042 4032 4099 4098 
f 4032 4033 4100 4099 
f 4033 4030 4101 4100 
f 4030 4029 4102 4101 
f 4029 4028 4103 4102 
f 4028 4031 4104 4103 
f 4031 4027 4105 4104 
f 4027 4026 4106 4105 
f 4026 4025 4107 4106 
f 4025 4024 4108 4107 
f 4024 4023 4109 4108 
f 4023 4022 4088 4109 
f 4083 4411 4413 4110 
f 4066 4067 4112 4111 
f 4067 4068 4113 4112 
f 4068 4069 4114 4113 
f 4069 4070 4115 4114 
f 4070 4071 4116 4115 
f 4071 4075 4117 4116 
f 4075 4072 4118 4117 
f 4072 4073 4119 4118 
f 4073 4074 4120 4119 
f 4074 4077 4121 4120 
f 4077 4076 4122 4121 
f 4076 4086 4123 4122 
f 4086 4085 4124 4123 
f 4085 4080 4125 4124 
f 4080 4079 4126 4125 
f 4079 4084 4127 4126 
f 4084 4087 4128 4127 
f 4087 4081 4129 4128 
f 4081 4082 4130 4129 
f 4082 4078 4131 4130 
f 4078 4335 4337 4131 
s 2
f 4066 4411 4414 4132 
f 4083 4335 4338 4133 
f 4078 4082 4135 4134 
f 4082 4081 4136 4135 
f 4081 4087 4137 4136 
f 4087 4084 4138 4137 
f 4084 4079 4139 4138 
f 4079 4080 4140 4139 
f 4080 4085 4141 4140 
f 4085 4086 4142 4141 
f 4086 4076 4143 4142 
f 4076 4077 4144 4143 
f 4077 4074 4145 4144 
f 4074 4073 4146 4145 
f 4073 4072 4147 4146 
f 4072 4075 4148 4147 
f 4075 4071 4149 4148 
f 4071 4070 4150 4149 
f 4070 4069 4151 4150 
f 4069 4068 4152 4151 
f 4068 4067 4153 4152 
f 4067 4066 4132 4153 
f 4132 4414 4133 4154 
f 4133 4144 4154 
f 4144 4145 4154 
f 4145 4146 4154 
f 4146 4147 4154 
f 4147 4148 4154 
f 4148 4149 4154 
f 4149 4150 4154 
f 4150 4151 4154 
f 4151 4152 4154 
f 4152 4153 4154 
f 4153 4132 4154 
f 4133 4338 4134 4155 
f 4134 4135 4155 
f 4135 4136 4155 
f 4136 4137 4155 
f 4137 4138 4155 
f 4138 4139 4155 
f 4139 4140 4155 
f 4140 4141 4155 
f 4141 4142 4155 
f 4142 4143 4155 
f 4143 4144 4155 
f 4144 4133 4155 
s 1
f 4217 4218 4156 
f 4244 4245 4156 
f 4243 4393 4156 
f 4242 4420 4156 
f 4241 4373 4156 
f 4240 4241 4156 
f 4233 4234 4156 
f 4234 4235 4156 
f 4235 4236 4156 
f 4236 4237 4156 
f 4237 4238 4156 
f 4238 4239 4156 
f 4239 4240 4156 
f 4245 4246 4156 
f 4246 4217 4156 
f 4218 4219 4156 
f 4221 4222 4156 
f 4222 4318 4156 
f 4223 4344 4156 
f 4224 4372 4156 
f 4225 4226 4156 
f 4232 4233 4156 
f 4231 4232 4156 
f 4230 4231 4156 
f 4229 4230 4156 
f 4228 4229 4156 
f 4227 4228 4156 
f 4226 4227 4156 
f 4220 4221 4156 
f 4219 4220 4156 
f 3809 3771 4157 4169 
f 3771 3772 4158 4157 
f 3772 4381 4387 4158 
f 3773 4399 4415 4159 
f 3774 4351 4365 4160 
f 3775 3776 4162 4161 
f 3777 3888 4178 4163 
f 3778 3777 4163 4164 
f 3779 3778 4164 4165 
f 3780 3779 4165 4166 
f 3781 3780 4166 4167 
f 3782 3781 4167 4168 
f 3776 3782 4168 4162 
f 3822 3809 4169 4170 
f 3904 4403 4416 4186 
f 3880 3881 4172 4171 
f 3883 3880 4171 4173 
f 3884 4308 4312 4174 
f 3885 4325 4339 4175 
f 3886 4358 4366 4176 
f 3887 3886 4176 4177 
f 3888 3889 4179 4178 
f 3889 3890 4180 4179 
f 3890 3891 4181 4180 
f 3891 3892 4182 4181 
f 3892 3893 4183 4182 
f 3893 3894 4184 4183 
f 3894 3887 4177 4184 
f 3881 3898 4185 4172 
f 3898 4326 4340 4185 
f 4275 4417 4419 4274 
f 4287 4288 4203 4202 
f 4275 4276 4418 4417 
f 4276 4395 4424 4418 
f 4288 4289 4204 4203 
f 4289 4290 4204 
f 4188 4367 4369 4187 
f 4190 4341 4343 4187 
f 4189 4368 4367 4188 
f 4278 4376 4396 4388 
f 4191 4342 4341 4190 
f 4296 4346 4348 4313 
f 4193 4210 4209 4192 
f 4194 4211 4210 4193 
f 4294 4295 4316 4314 
f 4195 4212 4214 4192 
f 4196 4213 4212 4195 
f 4280 4281 4392 4389 
f 4198 4215 4214 4197 
f 4199 4216 4215 4198 
f 4292 4293 4317 4315 
f 4200 4205 4202 4197 
f 4201 4206 4205 4200 
f 4282 4283 4201 4390 
f 4203 4198 4197 4202 
f 4204 4199 4198 4203 
f 4290 4291 4199 4204 
f 4205 4286 4287 4202 
f 4206 4285 4286 4205 
f 4284 4285 4206 
f 4207 4195 4192 4209 
f 4208 4196 4195 4207 
f 4279 4280 4389 4391 
f 4210 4370 4369 4209 
f 4211 4371 4370 4210 
f 4295 4377 4378 4316 
f 4212 4200 4197 4214 
f 4213 4201 4200 4212 
f 4281 4282 4390 4392 
f 4215 4193 4192 4214 
f 4216 4194 4193 4215 
f 4293 4294 4314 4317 
f 4291 4292 4315 4199 
f 4283 4284 4206 4201 
f 4187 4302 4423 4419 
f 4300 4301 4347 4343 
s off
f 3923 3924 4218 4217 
f 3924 3925 4219 4218 
f 3925 3939 4220 4219 
f 3939 3926 4221 4220 
f 3926 3927 4222 4221 
f 3927 4309 4318 4222 
f 3928 4328 4344 4223 
f 3929 4360 4372 4224 
f 3930 3931 4226 4225 
f 3931 3938 4227 4226 
f 3938 3937 4228 4227 
f 3937 3936 4229 4228 
f 3936 3935 4230 4229 
f 3935 3934 4231 4230 
f 3934 3933 4232 4231 
f 3933 3932 4233 4232 
f 3932 3916 4234 4233 
f 3916 3917 4235 4234 
f 3917 3918 4236 4235 
f 3918 3919 4237 4236 
f 3919 3920 4238 4237 
f 3920 3921 4239 4238 
f 3921 3915 4240 4239 
f 3915 3914 4241 4240 
f 3914 4359 4373 4241 
f 3913 4404 4420 4242 
f 3912 4384 4393 4243 
f 3911 3910 4245 4244 
f 3910 3922 4246 4245 
f 3922 3923 4217 4246 
s 1
f 4248 3784 3783 4247 
f 4249 3785 4382 4394 
f 4250 3786 4400 4421 
f 4251 3787 4352 4374 
f 4252 3788 3787 4251 
f 4266 3868 3789 4253 
f 4253 3789 3790 4254 
f 4254 3790 3791 4255 
f 4255 3791 3792 4256 
f 4256 3792 3793 4257 
f 4257 3793 3794 4258 
f 4258 3794 3788 4252 
f 4247 3783 3810 4259 
f 4261 3857 3856 4260 
f 4260 3856 4307 4319 
f 4262 3859 4324 4345 
f 4263 3861 4357 4375 
f 4264 3863 3865 4265 
f 4267 3869 3868 4266 
f 4268 3871 3869 4267 
f 4269 3873 3871 4268 
f 4270 3875 3873 4269 
f 4271 3877 3875 4270 
f 4272 3879 3877 4271 
f 4265 3865 3879 4272 
f 4273 3882 3857 4261 
f 4005 3807 4259 
f 4273 3895 4017 
s off
f 4169 4157 4275 4274 
f 4157 4158 4276 4275 
f 4158 4387 4395 4276 
f 4159 4415 4422 4277 
f 4160 4365 4376 4278 
f 4161 4162 4280 4279 
f 4162 4168 4281 4280 
f 4168 4167 4282 4281 
f 4167 4166 4283 4282 
f 4166 4165 4284 4283 
f 4165 4164 4285 4284 
f 4164 4163 4286 4285 
f 4163 4178 4287 4286 
f 4178 4179 4288 4287 
f 4179 4180 4289 4288 
f 4180 4181 4290 4289 
f 4181 4182 4291 4290 
f 4182 4183 4292 4291 
f 4183 4184 4293 4292 
f 4184 4177 4294 4293 
f 4177 4176 4295 4294 
f 4176 4366 4377 4295 
f 4175 4339 4346 4296 
f 4174 4312 4320 4297 
f 4173 4171 4299 4298 
f 4171 4172 4300 4299 
f 4172 4185 4301 4300 
f 4185 4340 4347 4301 
f 4186 4416 4423 4302 
f 4170 4169 4274 4303 
s 1
f 4305 3833 3965 4310 
f 4319 4262 3858 4306 
f 4307 3856 3977 4311 
f 4305 3830 3855 4306 
f 4304 3832 3928 4309 
f 4304 3829 3966 4310 
f 4308 3884 3978 4311 
f 4308 3883 4173 4312 
f 4320 4298 4342 4348 
f 4316 4211 4194 4314 
f 4317 4216 4199 4315 
f 4313 4191 4371 4378 
f 4314 4194 4216 4317 
s off
f 4309 3928 4223 4318 
s 1
f 4307 3859 4262 4319 
s off
f 4312 4173 4298 4320 
s 1
f 4322 3835 3964 4329 
f 4345 4263 3860 4323 
f 4324 3859 3978 4331 
f 4322 3833 3858 4323 
f 4332 4000 3973 4330 
f 4321 3834 3929 4328 
f 4321 3832 3965 4329 
f 4326 3898 3974 4330 
f 4325 3885 3979 4331 
f 4327 3905 4000 4332 
f 4327 3899 4056 4334 
f 4333 4039 4061 4334 
f 4336 4090 4131 4337 
f 4333 4034 4090 4336 
f 4335 4083 4110 4337 
s 2
f 4335 4078 4134 4338 
s 1
f 4325 3884 4174 4339 
f 4326 3904 4186 4340 
f 4341 4299 4300 4343 
f 4342 4298 4299 4341 
f 4346 4297 4320 4348 
f 4347 4302 4187 4343 
s off
f 4328 3929 4224 4344 
s 1
f 4324 3861 4263 4345 
s off
f 4339 4174 4297 4346 
f 4340 4186 4302 4347 
s 1
f 4342 4191 4313 4348 
f 4361 3947 3799 4353 
f 4349 3755 4251 4374 
f 4364 3997 3786 4352 
f 4349 3753 3798 4353 
f 4355 3837 3963 4362 
f 4375 4264 3862 4356 
f 4357 3861 3979 4363 
f 4355 3835 3860 4356 
f 4350 3754 3913 4359 
f 4354 3836 3930 4360 
f 4350 3756 3947 4361 
f 4354 3834 3964 4362 
f 4358 3886 3980 4363 
f 4351 3774 3997 4364 
f 4351 3775 4161 4365 
f 4358 3885 4175 4366 
f 4367 4207 4209 4369 
f 4368 4208 4207 4367 
f 4376 4279 4391 4396 
f 4370 4190 4187 4369 
f 4371 4191 4190 4370 
f 4377 4296 4313 4378 
s off
f 4360 3930 4225 4372 
f 4359 3913 4242 4373 
s 1
f 4352 3786 4250 4374 
f 4357 3863 4264 4375 
s off
f 4365 4161 4279 4376 
f 4366 4175 4296 4377 
s 1
f 4371 4211 4316 4378 
f 4385 3945 3797 4383 
f 4379 3751 4249 4394 
f 4386 3999 3784 4382 
f 4379 3749 3796 4383 
f 4380 3750 3911 4384 
f 4380 3752 3945 4385 
f 4381 3772 3999 4386 
f 4381 3773 4159 4387 
f 4395 4277 4422 4424 
f 4396 4368 4189 4388 
f 4392 4213 4196 4389 
f 4389 4196 4208 4391 
f 4390 4201 4213 4392 
s off
f 4384 3911 4244 4393 
s 1
f 4382 3784 4248 4394 
s off
f 4387 4159 4277 4395 
s 1
f 4391 4208 4368 4396 
f 4405 3946 3798 4401 
f 4397 3753 4250 4421 
f 4407 3998 3785 4400 
f 4397 3751 3797 4401 
f 4406 3973 4000 4408 
f 4398 3752 3912 4404 
f 4398 3754 3946 4405 
f 4403 3904 3973 4406 
f 4399 3773 3998 4407 
f 4402 3812 4001 4408 
f 4402 3905 4061 4410 
f 4409 4022 4044 4410 
f 4412 4089 4110 4413 
f 4409 4039 4089 4412 
f 4411 4066 4111 4413 
s 2
f 4411 4083 4133 4414 
s 1
f 4399 3774 4160 4415 
f 4403 3822 4170 4416 
f 4417 4188 4187 4419 
f 4418 4189 4188 4417 
f 4424 4388 4189 4418 
f 4423 4303 4274 4419 
s off
f 4404 3912 4243 4420 
s 1
f 4400 3785 4249 4421 
s off
f 4415 4160 4278 4422 
f 4416 4170 4303 4423 
s 1
f 4422 4278 4388 4424 
f 4420 4243 4156 
f 4393 4244 4156 
f 4373 4242 4156 
f 4344 4224 4156 
f 4372 4225 4156 
f 4318 4223 4156 
f 4619 4666 4667 4618 
f 4666 4619 4620 4713 
f 4713 4620 4621 4712 
f 4712 4621 4622 4711 
f 4711 4622 4623 4710 
f 4710 4623 4624 4709 
f 4709 4624 4625 4708 
f 4708 4625 4626 4707 
f 4707 4626 4627 4706 
f 4706 4627 4628 4705 
f 4705 4628 4629 4704 
f 4618 4667 4668 4665 
f 4663 4664 4669 4670 
f 4670 4671 4662 4663 
f 4671 4672 4661 4662 
f 4672 4673 4660 4661 
f 4673 4674 4659 4660 
f 4674 4675 4658 4659 
f 4675 4676 4657 4658 
f 4676 4677 4656 4657 
f 4677 4678 4655 4656 
f 4678 4679 4654 4655 
f 4679 4680 4653 4654 
f 4664 4665 4668 4669 
f 4639 4640 4693 4694 
f 4694 4695 4638 4639 
f 4695 4696 4637 4638 
f 4696 4697 4636 4637 
f 4697 4698 4635 4636 
f 4698 4699 4634 4635 
f 4699 4700 4633 4634 
f 4700 4701 4632 4633 
f 4701 4702 4631 4632 
f 4702 4703 4630 4631 
f 4703 4704 4629 4630 
f 4640 4641 4692 4693 
f 4643 4690 4691 4642 
f 4690 4643 4644 4689 
f 4689 4644 4645 4688 
f 4688 4645 4646 4687 
f 4687 4646 4647 4686 
f 4686 4647 4648 4685 
f 4685 4648 4649 4684 
f 4684 4649 4650 4683 
f 4683 4650 4651 4682 
f 4682 4651 4652 4681 
f 4681 4652 4653 4680 
f 4642 4691 4692 4641 
s 2
f 4428 4427 4522 4521 
f 4427 4430 4523 4522 
f 4430 4432 4524 4523 
f 4432 4434 4525 4524 
f 4434 4436 4526 4525 
f 4436 4438 4527 4526 
f 4438 4440 4528 4527 
f 4440 4442 4529 4528 
f 4442 4444 4530 4529 
f 4444 4446 4531 4530 
f 4446 4495 4532 4531 
f 4495 4493 4533 4532 
f 4493 4491 4534 4533 
f 4491 4489 4535 4534 
f 4489 4487 4536 4535 
f 4487 4485 4537 4536 
f 4485 4483 4538 4537 
f 4483 4481 4539 4538 
f 4481 4479 4540 4539 
f 4479 4477 4541 4540 
f 4477 4473 4542 4541 
f 4473 4474 4543 4542 
f 4474 4496 4544 4543 
f 4496 4500 4545 4544 
f 4500 4501 4546 4545 
f 4501 4502 4547 4546 
f 4502 4504 4548 4547 
f 4504 4506 4549 4548 
f 4506 4508 4550 4549 
f 4508 4510 4551 4550 
f 4510 4512 4552 4551 
f 4512 4514 4553 4552 
f 4514 4516 4554 4553 
f 4516 4518 4555 4554 
f 4518 4471 4556 4555 
f 4471 4468 4557 4556 
f 4468 4466 4558 4557 
f 4466 4464 4559 4558 
f 4464 4462 4560 4559 
f 4462 4460 4561 4560 
f 4460 4458 4562 4561 
f 4458 4456 4563 4562 
f 4456 4454 4564 4563 
f 4454 4452 4565 4564 
f 4452 4448 4566 4565 
f 4448 4449 4567 4566 
f 4449 4469 4568 4567 
f 4469 4428 4521 4568 
f 4426 4425 4570 4569 
f 4425 4470 4571 4570 
f 4470 4450 4572 4571 
f 4450 4447 4573 4572 
f 4447 4451 4574 4573 
f 4451 4453 4575 4574 
f 4453 4455 4576 4575 
f 4455 4457 4577 4576 
f 4457 4459 4578 4577 
f 4459 4461 4579 4578 
f 4461 4463 4580 4579 
f 4463 4465 4581 4580 
f 4465 4467 4582 4581 
f 4467 4520 4583 4582 
f 4520 4519 4584 4583 
f 4519 4517 4585 4584 
f 4517 4515 4586 4585 
f 4515 4513 4587 4586 
f 4513 4511 4588 4587 
f 4511 4509 4589 4588 
f 4509 4507 4590 4589 
f 4507 4505 4591 4590 
f 4505 4503 4592 4591 
f 4503 4498 4593 4592 
f 4498 4499 4594 4593 
f 4499 4497 4595 4594 
f 4497 4475 4596 4595 
f 4475 4472 4597 4596 
f 4472 4476 4598 4597 
f 4476 4478 4599 4598 
f 4478 4480 4600 4599 
f 4480 4482 4601 4600 
f 4482 4484 4602 4601 
f 4484 4486 4603 4602 
f 4486 4488 4604 4603 
f 4488 4490 4605 4604 
f 4490 4492 4606 4605 
f 4492 4494 4607 4606 
f 4494 4445 4608 4607 
f 4445 4443 4609 4608 
f 4443 4441 4610 4609 
f 4441 4439 4611 4610 
f 4439 4437 4612 4611 
f 4437 4435 4613 4612 
f 4435 4433 4614 4613 
f 4433 4431 4615 4614 
f 4431 4429 4616 4615 
f 4429 4426 4569 4616 
f 4569 4570 4617 
f 4570 4571 4617 
f 4571 4572 4617 
f 4572 4573 4617 
f 4573 4574 4617 
f 4574 4575 4617 
f 4575 4576 4617 
f 4576 4577 4617 
f 4577 4578 4617 
f 4578 4579 4617 
f 4579 4580 4617 
f 4580 4581 4617 
f 4581 4582 4617 
f 4582 4583 4617 
f 4583 4584 4617 
f 4584 4585 4617 
f 4585 4586 4617 
f 4586 4587 4617 
f 4587 4588 4617 
f 4588 4589 4617 
f 4589 4590 4617 
f 4590 4591 4617 
f 4591 4592 4617 
f 4592 4593 4617 
f 4593 4594 4617 
f 4594 4595 4617 
f 4595 4596 4617 
f 4596 4597 4617 
f 4597 4598 4617 
f 4598 4599 4617 
f 4599 4600 4617 
f 4600 4601 4617 
f 4601 4602 4617 
f 4602 4603 4617 
f 4603 4604 4617 
f 4604 4605 4617 
f 4605 4606 4617 
f 4606 4607 4617 
f 4607 4608 4617 
f 4608 4609 4617 
f 4609 4610 4617 
f 4610 4611 4617 
f 4611 4612 4617 
f 4612 4613 4617 
f 4613 4614 4617 
f 4614 4615 4617 
f 4615 4616 4617 
f 4616 4569 4617 
s 1
f 4425 4426 4619 4618 
f 4426 4429 4620 4619 
f 4429 4431 4621 4620 
f 4431 4433 4622 4621 
f 4433 4435 4623 4622 
f 4435 4437 4624 4623 
f 4437 4439 4625 4624 
f 4439 4441 4626 4625 
f 4441 4443 4627 4626 
f 4443 4445 4628 4627 
f 4445 4494 4629 4628 
f 4494 4492 4630 4629 
f 4492 4490 4631 4630 
f 4490 4488 4632 4631 
f 4488 4486 4633 4632 
f 4486 4484 4634 4633 
f 4484 4482 4635 4634 
f 4482 4480 4636 4635 
f 4480 4478 4637 4636 
f 4478 4476 4638 4637 
f 4476 4472 4639 4638 
f 4472 4475 4640 4639 
f 4475 4497 4641 4640 
f 4497 4499 4642 4641 
f 4499 4498 4643 4642 
f 4498 4503 4644 4643 
f 4503 4505 4645 4644 
f 4505 4507 4646 4645 
f 4507 4509 4647 4646 
f 4509 4511 4648 4647 
f 4511 4513 4649 4648 
f 4513 4515 4650 4649 
f 4515 4517 4651 4650 
f 4517 4519 4652 4651 
f 4519 4520 4653 4652 
f 4520 4467 4654 4653 
f 4467 4465 4655 4654 
f 4465 4463 4656 4655 
f 4463 4461 4657 4656 
f 4461 4459 4658 4657 
f 4459 4457 4659 4658 
f 4457 4455 4660 4659 
f 4455 4453 4661 4660 
f 4453 4451 4662 4661 
f 4451 4447 4663 4662 
f 4447 4450 4664 4663 
f 4450 4470 4665 4664 
f 4470 4425 4618 4665 
f 4427 4428 4667 4666 
f 4428 4469 4668 4667 
f 4469 4449 4669 4668 
f 4449 4448 4670 4669 
f 4448 4452 4671 4670 
f 4452 4454 4672 4671 
f 4454 4456 4673 4672 
f 4456 4458 4674 4673 
f 4458 4460 4675 4674 
f 4460 4462 4676 4675 
f 4462 4464 4677 4676 
f 4464 4466 4678 4677 
f 4466 4468 4679 4678 
f 4468 4471 4680 4679 
f 4471 4518 4681 4680 
f 4518 4516 4682 4681 
f 4516 4514 4683 4682 
f 4514 4512 4684 4683 
f 4512 4510 4685 4684 
f 4510 4508 4686 4685 
f 4508 4506 4687 4686 
f 4506 4504 4688 4687 
f 4504 4502 4689 4688 
f 4502 4501 4690 4689 
f 4501 4500 4691 4690 
f 4500 4496 4692 4691 
f 4496 4474 4693 4692 
f 4474 4473 4694 4693 
f 4473 4477 4695 4694 
f 4477 4479 4696 4695 
f 4479 4481 4697 4696 
f 4481 4483 4698 4697 
f 4483 4485 4699 4698 
f 4485 4487 4700 4699 
f 4487 4489 4701 4700 
f 4489 4491 4702 4701 
f 4491 4493 4703 4702 
f 4493 4495 4704 4703 
f 4495 4446 4705 4704 
f 4446 4444 4706 4705 
f 4444 4442 4707 4706 
f 4442 4440 4708 4707 
f 4440 4438 4709 4708 
f 4438 4436 4710 4709 
f 4436 4434 4711 4710 
f 4434 4432 4712 4711 
f 4432 4430 4713 4712 
f 4430 4427 4666 4713 
s off
f 4521 4522 4714 
f 4522 4523 4714 
f 4523 4524 4714 
f 4524 4525 4714 
f 4525 4526 4714 
f 4526 4527 4714 
f 4527 4528 4714 
f 4528 4529 4714 
f 4529 4530 4714 
f 4530 4531 4714 
f 4531 4532 4714 
f 4532 4533 4714 
f 4533 4534 4714 
f 4534 4535 4714 
f 4535 4536 4714 
f 4536 4537 4714 
f 4537 4538 4714 
f 4538 4539 4714 
f 4539 4540 4714 
f 4540 4541 4714 
f 4541 4542 4714 
f 4542 4543 4714 
f 4543 4544 4714 
f 4544 4545 4714 
f 4545 4546 4714 
f 4546 4547 4714 
f 4547 4548 4714 
f 4548 4549 4714 
f 4549 4550 4714 
f 4550 4551 4714 
f 4551 4552 4714 
f 4552 4553 4714 
f 4553 4554 4714 
f 4554 4555 4714 
f 4555 4556 4714 
f 4556 4557 4714 
f 4557 4558 4714 
f 4558 4559 4714 
f 4559 4560 4714 
f 4560 4561 4714 
f 4561 4562 4714 
f 4562 4563 4714 
f 4563 4564 4714 
f 4564 4565 4714 
f 4565 4566 4714 
f 4566 4567 4714 
f 4567 4568 4714 
f 4568 4521 4714 
s 1
f 4727 4730 4729 4728 
f 4728 4732 4731 4727 
f 4732 4734 4733 4731 
f 4734 4736 4735 4733 
f 4736 4738 4737 4735 
f 4738 4740 4739 4737 
f 4740 4742 4741 4739 
f 4742 4744 4743 4741 
f 4744 4746 4745 4743 
f 4746 4748 4747 4745 
f 4748 4750 4749 4747 
f 4730 4752 4751 4729 
f 4753 4756 4755 4754 
f 4756 4753 5588 5587 
f 4757 4758 4760 4759 
f 4759 4760 4762 4761 
f 4761 4762 4764 4763 
f 4763 4764 4766 4765 
f 4765 4766 4768 4767 
f 4767 4768 4770 4769 
f 4769 4770 4772 4771 
f 4771 4772 4774 4773 
f 4773 4774 4749 4750 
f 4754 4755 4776 4775 
s 2
f 4777 4780 4779 4778 
f 4778 4779 4782 4781 
f 4781 4782 4784 4783 
f 4783 4784 4786 4785 
f 4785 4786 4788 4787 
f 4787 4788 4790 4789 
f 4789 4790 4792 4791 
f 4791 4792 4794 4793 
f 4793 4794 4796 4795 
f 4795 4796 4798 4797 
f 4797 4798 4800 4799 
f 4721 4717 4802 4801 
f 4803 4806 4805 4804 
f 4807 4808 5590 5589 
f 4809 4810 4808 4807 
f 4811 4812 4810 4809 
f 4813 4814 4812 4811 
f 4815 4816 4814 4813 
f 4817 4818 4816 4815 
f 4819 4820 4818 4817 
f 4821 4822 4820 4819 
f 4823 4824 4822 4821 
f 4799 4800 4824 4823 
f 4804 4805 4826 4825 
s 1
f 4780 4828 4827 4779 
f 4779 4827 4829 4782 
f 4782 4829 4830 4784 
f 4784 4830 4831 4786 
f 4786 4831 4832 4788 
f 4788 4832 4833 4790 
f 4790 4833 4834 4792 
f 4792 4834 4835 4794 
f 4794 4835 4836 4796 
f 4796 4836 4837 4798 
f 4798 4837 4838 4800 
f 4806 4840 4839 4805 
f 4808 4841 5591 5590 
f 4810 4842 4841 4808 
f 4812 4843 4842 4810 
f 4814 4844 4843 4812 
f 4816 4845 4844 4814 
f 4818 4846 4845 4816 
f 4820 4847 4846 4818 
f 4822 4848 4847 4820 
f 4824 4849 4848 4822 
f 4800 4838 4849 4824 
f 4805 4839 4850 4826 
f 4717 4716 4851 4802 
s 2
f 4852 4850 4853 5276 
f 4839 4840 4855 4854 
f 4840 5591 5592 4855 
f 4841 4842 4857 4856 
f 4842 4843 4858 4857 
f 4843 4844 4859 4858 
f 4844 4845 4860 4859 
f 4845 4846 4861 4860 
f 4846 4847 4862 4861 
f 4847 4848 4863 4862 
f 4848 4849 4864 4863 
f 4849 4838 4865 4864 
f 4838 4837 4866 4865 
f 4837 4836 4867 4866 
f 4836 4835 4868 4867 
f 4835 4834 4869 4868 
f 4834 4833 4870 4869 
f 4833 4832 4871 4870 
f 4832 4831 4872 4871 
f 4831 4830 4873 4872 
f 4830 4829 4874 4873 
f 4829 4827 4875 4874 
f 4827 4828 4876 4875 
f 4828 4851 4877 4876 
f 5301 4879 4878 
f 4880 4881 4878 
f 4881 5593 4882 4878 
f 4882 4883 4878 
f 4883 4884 4878 
f 4884 4885 4878 
f 4885 4886 4878 
f 4886 4887 4878 
f 4887 4888 4878 
f 4888 4889 4878 
f 4889 4890 4878 
f 4890 4891 4878 
f 4891 4892 4878 
f 4892 4893 4878 
f 4893 4894 4878 
f 4894 4895 4878 
f 4895 4896 4878 
f 4896 4897 4878 
f 4897 4898 4878 
f 4898 4899 4878 
f 4899 4900 4878 
f 4900 4901 4878 
f 4901 4902 4878 
f 4902 4903 4720 4878 
s 1
f 4904 4907 4906 4905 
f 4907 4909 4908 4906 
f 4909 4911 4910 4908 
f 4911 4913 4912 4910 
f 4913 4915 4914 4912 
f 4915 4917 4916 4914 
f 4917 4919 4918 4916 
f 4919 4921 4920 4918 
f 4921 4923 4922 4920 
f 4923 4925 4924 4922 
f 4925 4927 4926 4924 
f 4715 4929 4928 5354 
f 4930 4933 4932 4931 
f 4934 5595 5594 4935 
f 4936 4934 4935 4937 
f 4938 4936 4937 4939 
f 4940 4938 4939 4941 
f 4942 4940 4941 4943 
f 4944 4942 4943 4945 
f 4946 4944 4945 4947 
f 4948 4946 4947 4949 
f 4950 4948 4949 4951 
f 4927 4950 4951 4926 
f 4933 4953 4952 4932 
s 2
f 4906 4955 4954 4905 
f 4908 4956 4955 4906 
f 4910 4957 4956 4908 
f 4912 4958 4957 4910 
f 4914 4959 4958 4912 
f 4916 4960 4959 4914 
f 4918 4961 4960 4916 
f 4920 4962 4961 4918 
f 4922 4963 4962 4920 
f 4924 4964 4963 4922 
f 4926 4965 4964 4924 
f 4905 4954 4966 4928 
f 4932 4968 4967 4931 
f 4931 4967 5596 5594 
f 4935 4969 4970 4937 
f 4937 4970 4971 4939 
f 4939 4971 4972 4941 
f 4941 4972 4973 4943 
f 4943 4973 4974 4945 
f 4945 4974 4975 4947 
f 4947 4975 4976 4949 
f 4949 4976 4977 4951 
f 4951 4977 4965 4926 
f 5403 5404 4978 4952 
f 5125 5126 4980 4979 
f 5126 5127 4981 4980 
f 5127 5128 4982 4981 
f 5128 5129 4983 4982 
f 5129 5130 4984 4983 
f 5130 5131 4985 4984 
f 5131 5132 4986 4985 
f 5132 5133 4987 4986 
f 5133 5134 4988 4987 
f 5134 5135 4989 4988 
f 5135 5136 4990 4989 
f 5430 5124 4991 5433 
f 5146 5147 4993 4992 
f 5145 5603 5597 4994 
f 5144 5145 4994 4995 
f 5143 5144 4995 4996 
f 5142 5143 4996 4997 
f 5141 5142 4997 4998 
f 5140 5141 4998 4999 
f 5139 5140 4999 5000 
f 5138 5139 5000 5001 
f 5137 5138 5001 5002 
f 5136 5137 5002 4990 
f 5147 5148 5003 4993 
s 1
f 4777 4778 4728 4729 
f 4778 4781 4732 4728 
f 4781 4783 4734 4732 
f 4783 4785 4736 4734 
f 4785 4787 4738 4736 
f 4787 4789 4740 4738 
f 4789 4791 4742 4740 
f 4791 4793 4744 4742 
f 4793 4795 4746 4744 
f 4795 4797 4748 4746 
f 4797 4799 4750 4748 
f 4799 4823 4773 4750 
f 4823 4821 4771 4773 
f 4821 4819 4769 4771 
f 4819 4817 4767 4769 
f 4817 4815 4765 4767 
f 4815 4813 4763 4765 
f 4813 4811 4761 4763 
f 4811 4809 4759 4761 
f 4809 4807 4757 4759 
f 4807 5589 5587 4757 
f 4803 4804 4755 4756 
f 4804 4825 4776 4755 
f 4721 4801 4751 5458 
f 4907 4904 4730 4727 
f 4904 4929 4752 4730 
f 4722 4953 4775 4723 
f 4933 4930 4753 4754 
f 4930 5595 5588 4753 
f 4934 4936 4760 4758 
f 4936 4938 4762 4760 
f 4938 4940 4764 4762 
f 4940 4942 4766 4764 
f 4942 4944 4768 4766 
f 4944 4946 4770 4768 
f 4946 4948 4772 4770 
f 4948 4950 4774 4772 
f 4950 4927 4749 4774 
f 4927 4925 4747 4749 
f 4925 4923 4745 4747 
f 4923 4921 4743 4745 
f 4921 4919 4741 4743 
f 4919 4917 4739 4741 
f 4917 4915 4737 4739 
f 4915 4913 4735 4737 
f 4913 4911 4733 4735 
f 4911 4909 4731 4733 
f 4909 4907 4727 4731 
s 2
f 4979 4980 5005 5004 
f 4980 4981 5006 5005 
f 4981 4982 5007 5006 
f 4982 4983 5008 5007 
f 4983 4984 5009 5008 
f 4984 4985 5010 5009 
f 4985 4986 5011 5010 
f 4986 4987 5012 5011 
f 4987 4988 5013 5012 
f 4988 4989 5014 5013 
f 4989 4990 5015 5014 
f 5433 4991 5016 4719 
f 4992 4993 5111 5112 
f 4994 5597 5602 5113 
f 4995 5114 5115 
f 4996 4995 5115 5022 
f 4997 4996 5022 5023 
f 4998 4997 5023 5024 
f 4999 4998 5024 5025 
f 5000 4999 5025 5026 
f 5001 5000 5026 5027 
f 5002 5001 5027 5028 
f 4990 5002 5028 5015 
f 4993 5003 5110 5111 
f 4995 4994 5113 5114 
f 5022 5116 5117 5030 
f 5024 5034 5033 5025 
f 5025 5033 5035 5026 
f 5026 5035 5036 5027 
f 5022 5030 5023 
f 5023 5030 5034 5024 
f 5117 5118 5030 
f 5118 5119 5030 
f 5022 5115 5116 
f 5005 5040 5039 5004 
f 5006 5041 5040 5005 
f 5007 5042 5041 5006 
f 5008 5043 5042 5007 
f 5009 5044 5043 5008 
f 5010 5045 5044 5009 
f 5011 5046 5045 5010 
f 5012 5047 5046 5011 
f 5013 5048 5047 5012 
f 5014 5049 5048 5013 
f 5015 5050 5049 5014 
f 5004 5039 5051 5016 
f 5036 5053 5052 5028 
f 5028 5052 5050 5015 
f 5027 5036 5028 
f 5034 5030 5055 5054 
f 5033 5034 5054 5056 
f 5035 5033 5056 5057 
f 5030 5119 5120 5055 
f 5036 5035 5057 5053 
f 5120 5059 5055 
f 5120 5121 5060 5059 
f 5121 5122 5062 5060 
f 5276 4853 4879 5301 
f 4854 4855 4881 4880 
f 4855 5592 5593 4881 
f 4856 4857 4883 4882 
f 4857 4858 4884 4883 
f 4858 4859 4885 4884 
f 4859 4860 4886 4885 
f 4860 4861 4887 4886 
f 4861 4862 4888 4887 
f 4862 4863 4889 4888 
f 4863 4864 4890 4889 
f 4864 4865 4891 4890 
f 4865 4866 4892 4891 
f 4866 4867 4893 4892 
f 4867 4868 4894 4893 
f 4868 4869 4895 4894 
f 4869 4870 4896 4895 
f 4870 4871 4897 4896 
f 4871 4872 4898 4897 
f 4872 4873 4899 4898 
f 4873 4874 4900 4899 
f 4874 4875 4901 4900 
f 4875 4876 4902 4901 
f 4876 4877 4903 4902 
s 1
f 4776 5519 4723 4775 
s 2
f 4826 5520 5521 4825 
s 1
f 4850 4852 5520 4826 
s 2
f 4850 4839 4854 4853 
s 1
f 4953 4722 5403 4952 
s 2
f 4978 4968 4932 4952 
f 5148 5149 4724 5003 
s 1
f 4825 5521 5519 4776 
f 4953 4933 4754 4775 
s 2
f 5003 4724 5123 5110 
f 5122 5522 4726 5062 
f 4853 4854 4880 4879 
f 4879 4880 4878 
f 4878 5523 5301 
f 5040 5065 5064 5039 
f 5060 5062 5066 5064 
f 5040 5041 5065 
f 4878 4720 5523 
s 1
f 4752 5527 5458 4751 
s 2
f 4802 4780 4777 4801 
s 1
f 4851 4828 4780 4802 
s 2
f 4851 4716 5528 4877 
s 1
f 4929 4904 4905 4928 
s 2
f 4966 4718 5354 4928 
f 5124 5125 4979 4991 
s 1
f 4801 4777 4729 4751 
f 4929 4715 5527 4752 
s 2
f 4991 4979 5004 5016 
f 5051 5067 4719 5016 
f 4877 5528 4720 4903 
f 5062 4726 5068 5066 
f 5065 5059 5060 5064 
f 5066 5051 5039 5064 
f 5068 5067 5051 5066 
f 5049 5050 5065 
f 5050 5052 5065 
f 5052 5053 5065 
f 5053 5057 5065 
f 5057 5056 5065 
f 5056 5054 5065 
f 5054 5055 5065 
f 5055 5059 5065 
f 5048 5049 5065 
f 5047 5048 5065 
f 5046 5047 5065 
f 5045 5046 5065 
f 5044 5045 5065 
f 5043 5044 5065 
f 5042 5043 5065 
f 5041 5042 5065 
f 5018 5070 5069 5017 
f 5017 5069 5599 5598 
f 5021 5073 5072 5020 
f 5029 5074 5070 5018 
f 5019 5071 5073 5021 
f 5032 5076 5075 5031 
f 5031 5075 5077 5037 
f 5037 5077 5078 5038 
f 5020 5072 5076 5032 
f 5038 5078 5079 5058 
f 5058 5079 5080 5061 
f 5061 5080 5081 5063 
f 4725 5555 5074 5029 
f 5063 5081 5556 5557 
f 5069 5070 5083 5082 
f 5071 5599 5600 5084 
f 5072 5073 5086 5085 
f 5070 5074 5087 5083 
f 5073 5071 5084 5086 
f 5075 5076 5089 5088 
f 5077 5075 5088 5090 
f 5078 5077 5090 5091 
f 5076 5072 5085 5089 
f 5079 5078 5091 5092 
f 5080 5079 5092 5093 
f 5081 5080 5093 5094 
f 5074 5555 5571 5087 
f 5556 5081 5094 5572 
f 5083 5096 5095 5082 
f 5082 5095 5601 5600 
f 5086 5099 5098 5085 
f 5087 5100 5096 5083 
f 5084 5097 5099 5086 
f 5089 5102 5101 5088 
f 5088 5101 5103 5090 
f 5090 5103 5104 5091 
f 5085 5098 5102 5089 
f 5091 5104 5105 5092 
f 5092 5105 5106 5093 
f 5093 5106 5107 5094 
f 5571 5108 5100 5087 
f 5094 5107 5109 5572 
f 4725 5029 5110 5123 
f 5029 5018 5111 5110 
f 5018 5017 5112 5111 
f 5017 5598 5602 5112 
f 5019 5021 5114 5113 
f 5021 5020 5115 5114 
f 5020 5032 5116 5115 
f 5032 5031 5117 5116 
f 5031 5037 5118 5117 
f 5037 5038 5119 5118 
f 5038 5058 5120 5119 
f 5058 5061 5121 5120 
f 5061 5063 5122 5121 
f 5063 5557 5522 5122 
f 4718 4966 5124 5430 
f 4966 4954 5125 5124 
f 4954 4955 5126 5125 
f 4955 4956 5127 5126 
f 4956 4957 5128 5127 
f 4957 4958 5129 5128 
f 4958 4959 5130 5129 
f 4959 4960 5131 5130 
f 4960 4961 5132 5131 
f 4961 4962 5133 5132 
f 4962 4963 5134 5133 
f 4963 4964 5135 5134 
f 4964 4965 5136 5135 
f 4965 4977 5137 5136 
f 4977 4976 5138 5137 
f 4976 4975 5139 5138 
f 4975 4974 5140 5139 
f 4974 4973 5141 5140 
f 4973 4972 5142 5141 
f 4972 4971 5143 5142 
f 4971 4970 5144 5143 
f 4970 4969 5145 5144 
f 4969 5596 5603 5145 
f 4967 4968 5147 5146 
f 4968 4978 5148 5147 
f 4978 5404 5149 5148 
s 1
f 5150 5153 5152 5151 
f 5153 5150 5155 5154 
f 5154 5155 5157 5156 
f 5156 5157 5159 5158 
f 5158 5159 5161 5160 
f 5160 5161 5163 5162 
f 5162 5163 5165 5164 
f 5164 5165 5167 5166 
f 5166 5167 5169 5168 
f 5168 5169 5171 5170 
f 5170 5171 5173 5172 
f 5151 5152 5175 5174 
f 5176 5179 5178 5177 
f 5177 5181 5180 5176 
f 5181 5183 5182 5180 
f 5183 5185 5184 5182 
f 5185 5187 5186 5184 
f 5187 5189 5188 5186 
f 5189 5191 5190 5188 
f 5191 5193 5192 5190 
f 5193 5195 5194 5192 
f 5195 5197 5196 5194 
f 5197 5172 5173 5196 
f 5179 5199 5198 5178 
s 2
f 5200 5203 5202 5201 
f 5203 5205 5204 5202 
f 5205 5207 5206 5204 
f 5207 5209 5208 5206 
f 5209 5211 5210 5208 
f 5211 5213 5212 5210 
f 5213 5215 5214 5212 
f 5215 5217 5216 5214 
f 5217 5219 5218 5216 
f 5219 5221 5220 5218 
f 5221 5223 5222 5220 
f 4721 5225 5224 4717 
f 5226 5229 5228 5227 
f 5230 5226 5227 5231 
f 5232 5230 5231 5233 
f 5234 5232 5233 5235 
f 5236 5234 5235 5237 
f 5238 5236 5237 5239 
f 5240 5238 5239 5241 
f 5242 5240 5241 5243 
f 5244 5242 5243 5245 
f 5246 5244 5245 5247 
f 5223 5246 5247 5222 
f 5229 5249 5248 5228 
s 1
f 5201 5202 5251 5250 
f 5202 5204 5252 5251 
f 5204 5206 5253 5252 
f 5206 5208 5254 5253 
f 5208 5210 5255 5254 
f 5210 5212 5256 5255 
f 5212 5214 5257 5256 
f 5214 5216 5258 5257 
f 5216 5218 5259 5258 
f 5218 5220 5260 5259 
f 5220 5222 5261 5260 
f 5227 5228 5263 5262 
f 5231 5227 5262 5264 
f 5233 5231 5264 5265 
f 5235 5233 5265 5266 
f 5237 5235 5266 5267 
f 5239 5237 5267 5268 
f 5241 5239 5268 5269 
f 5243 5241 5269 5270 
f 5245 5243 5270 5271 
f 5247 5245 5271 5272 
f 5222 5247 5272 5261 
f 5228 5248 5273 5263 
f 4717 5224 5274 4716 
s 2
f 4852 5276 5275 5273 
f 5263 5278 5277 5262 
f 5262 5277 5279 5264 
f 5264 5279 5280 5265 
f 5265 5280 5281 5266 
f 5266 5281 5282 5267 
f 5267 5282 5283 5268 
f 5268 5283 5284 5269 
f 5269 5284 5285 5270 
f 5270 5285 5286 5271 
f 5271 5286 5287 5272 
f 5272 5287 5288 5261 
f 5261 5288 5289 5260 
f 5260 5289 5290 5259 
f 5259 5290 5291 5258 
f 5258 5291 5292 5257 
f 5257 5292 5293 5256 
f 5256 5293 5294 5255 
f 5255 5294 5295 5254 
f 5254 5295 5296 5253 
f 5253 5296 5297 5252 
f 5252 5297 5298 5251 
f 5251 5298 5299 5250 
f 5250 5299 5300 5274 
f 5301 5303 5302 
f 5304 5303 5305 
f 5305 5303 5306 
f 5306 5303 5307 
f 5307 5303 5308 
f 5308 5303 5309 
f 5309 5303 5310 
f 5310 5303 5311 
f 5311 5303 5312 
f 5312 5303 5313 
f 5313 5303 5314 
f 5314 5303 5315 
f 5315 5303 5316 
f 5316 5303 5317 
f 5317 5303 5318 
f 5318 5303 5319 
f 5319 5303 5320 
f 5320 5303 5321 
f 5321 5303 5322 
f 5322 5303 5323 
f 5323 5303 5324 
f 5324 5303 5325 
f 5325 5303 5326 
f 5326 5303 4720 5327 
s 1
f 5328 5331 5330 5329 
f 5329 5330 5333 5332 
f 5332 5333 5335 5334 
f 5334 5335 5337 5336 
f 5336 5337 5339 5338 
f 5338 5339 5341 5340 
f 5340 5341 5343 5342 
f 5342 5343 5345 5344 
f 5344 5345 5347 5346 
f 5346 5347 5349 5348 
f 5348 5349 5351 5350 
f 4715 5354 5353 5352 
f 5355 5358 5357 5356 
f 5359 5360 5358 5355 
f 5361 5362 5360 5359 
f 5363 5364 5362 5361 
f 5365 5366 5364 5363 
f 5367 5368 5366 5365 
f 5369 5370 5368 5367 
f 5371 5372 5370 5369 
f 5373 5374 5372 5371 
f 5375 5376 5374 5373 
f 5350 5351 5376 5375 
f 5356 5357 5378 5377 
s 2
f 5330 5331 5380 5379 
f 5333 5330 5379 5381 
f 5335 5333 5381 5382 
f 5337 5335 5382 5383 
f 5339 5337 5383 5384 
f 5341 5339 5384 5385 
f 5343 5341 5385 5386 
f 5345 5343 5386 5387 
f 5347 5345 5387 5388 
f 5349 5347 5388 5389 
f 5351 5349 5389 5390 
f 5331 5353 5391 5380 
f 5357 5358 5393 5392 
f 5358 5360 5394 5393 
f 5360 5362 5395 5394 
f 5362 5364 5396 5395 
f 5364 5366 5397 5396 
f 5366 5368 5398 5397 
f 5368 5370 5399 5398 
f 5370 5372 5400 5399 
f 5372 5374 5401 5400 
f 5374 5376 5402 5401 
f 5376 5351 5390 5402 
f 5403 5378 5405 5404 
f 5406 5409 5408 5407 
f 5407 5408 5411 5410 
f 5410 5411 5413 5412 
f 5412 5413 5415 5414 
f 5414 5415 5417 5416 
f 5416 5417 5419 5418 
f 5418 5419 5421 5420 
f 5420 5421 5423 5422 
f 5422 5423 5425 5424 
f 5424 5425 5427 5426 
f 5426 5427 5429 5428 
f 5430 5433 5432 5431 
f 5434 5437 5436 5435 
f 5438 5439 5437 5434 
f 5440 5441 5439 5438 
f 5442 5443 5441 5440 
f 5444 5445 5443 5442 
f 5446 5447 5445 5444 
f 5448 5449 5447 5446 
f 5450 5451 5449 5448 
f 5452 5453 5451 5450 
f 5454 5455 5453 5452 
f 5428 5429 5455 5454 
f 5435 5436 5457 5456 
s 1
f 5200 5152 5153 5203 
f 5203 5153 5154 5205 
f 5205 5154 5156 5207 
f 5207 5156 5158 5209 
f 5209 5158 5160 5211 
f 5211 5160 5162 5213 
f 5213 5162 5164 5215 
f 5215 5164 5166 5217 
f 5217 5166 5168 5219 
f 5219 5168 5170 5221 
f 5221 5170 5172 5223 
f 5223 5172 5197 5246 
f 5246 5197 5195 5244 
f 5244 5195 5193 5242 
f 5242 5193 5191 5240 
f 5240 5191 5189 5238 
f 5238 5189 5187 5236 
f 5236 5187 5185 5234 
f 5234 5185 5183 5232 
f 5232 5183 5181 5230 
f 5230 5181 5177 5226 
f 5226 5177 5178 5229 
f 5229 5178 5198 5249 
f 4721 5458 5175 5225 
f 5329 5150 5151 5328 
f 5328 5151 5174 5352 
f 4722 4723 5199 5377 
f 5356 5179 5176 5355 
f 5355 5176 5180 5359 
f 5359 5180 5182 5361 
f 5361 5182 5184 5363 
f 5363 5184 5186 5365 
f 5365 5186 5188 5367 
f 5367 5188 5190 5369 
f 5369 5190 5192 5371 
f 5371 5192 5194 5373 
f 5373 5194 5196 5375 
f 5375 5196 5173 5350 
f 5350 5173 5171 5348 
f 5348 5171 5169 5346 
f 5346 5169 5167 5344 
f 5344 5167 5165 5342 
f 5342 5165 5163 5340 
f 5340 5163 5161 5338 
f 5338 5161 5159 5336 
f 5336 5159 5157 5334 
f 5334 5157 5155 5332 
f 5332 5155 5150 5329 
s 2
f 5409 5460 5459 5408 
f 5408 5459 5461 5411 
f 5411 5461 5462 5413 
f 5413 5462 5463 5415 
f 5415 5463 5464 5417 
f 5417 5464 5465 5419 
f 5419 5465 5466 5421 
f 5421 5466 5467 5423 
f 5423 5467 5468 5425 
f 5425 5468 5469 5427 
f 5427 5469 5470 5429 
f 5433 4719 5471 5432 
f 5437 5473 5472 5436 
f 5439 5474 5473 5437 
f 5441 5476 5475 
f 5443 5477 5476 5441 
f 5445 5478 5477 5443 
f 5447 5479 5478 5445 
f 5449 5480 5479 5447 
f 5451 5481 5480 5449 
f 5453 5482 5481 5451 
f 5455 5483 5482 5453 
f 5429 5470 5483 5455 
f 5436 5472 5484 5457 
f 5441 5475 5474 5439 
f 5477 5487 5486 5485 
f 5479 5480 5489 5488 
f 5480 5481 5490 5489 
f 5481 5482 5491 5490 
f 5477 5478 5487 
f 5478 5479 5488 5487 
f 5486 5487 5492 
f 5492 5487 5493 
f 5477 5485 5476 
f 5459 5460 5495 5494 
f 5461 5459 5494 5496 
f 5462 5461 5496 5497 
f 5463 5462 5497 5498 
f 5464 5463 5498 5499 
f 5465 5464 5499 5500 
f 5466 5465 5500 5501 
f 5467 5466 5501 5502 
f 5468 5467 5502 5503 
f 5469 5468 5503 5504 
f 5470 5469 5504 5505 
f 5460 5471 5506 5495 
f 5491 5483 5508 5507 
f 5483 5470 5505 5508 
f 5482 5483 5491 
f 5488 5510 5509 5487 
f 5489 5511 5510 5488 
f 5490 5512 5511 5489 
f 5487 5509 5513 5493 
f 5491 5507 5512 5490 
f 5513 5509 5514 
f 5513 5514 5516 5515 
f 5515 5516 5518 5517 
f 5276 5301 5302 5275 
f 5278 5304 5305 5277 
f 5277 5305 5306 5279 
f 5279 5306 5307 5280 
f 5280 5307 5308 5281 
f 5281 5308 5309 5282 
f 5282 5309 5310 5283 
f 5283 5310 5311 5284 
f 5284 5311 5312 5285 
f 5285 5312 5313 5286 
f 5286 5313 5314 5287 
f 5287 5314 5315 5288 
f 5288 5315 5316 5289 
f 5289 5316 5317 5290 
f 5290 5317 5318 5291 
f 5291 5318 5319 5292 
f 5292 5319 5320 5293 
f 5293 5320 5321 5294 
f 5294 5321 5322 5295 
f 5295 5322 5323 5296 
f 5296 5323 5324 5297 
f 5297 5324 5325 5298 
f 5298 5325 5326 5299 
f 5299 5326 5327 5300 
s 1
f 5198 5199 4723 5519 
s 2
f 5248 5249 5521 5520 
s 1
f 5273 5248 5520 4852 
s 2
f 5273 5275 5278 5263 
s 1
f 5377 5378 5403 4722 
s 2
f 5405 5378 5357 5392 
f 5456 5457 4724 5149 
s 1
f 5249 5198 5519 5521 
f 5377 5199 5179 5356 
s 2
f 5457 5484 5123 4724 
f 5517 5518 4726 5522 
f 5275 5302 5304 5278 
f 5302 5303 5304 
f 5303 5301 5523 
f 5494 5495 5525 5524 
f 5516 5525 5526 5518 
f 5494 5524 5496 
f 5303 5523 4720 
s 1
f 5174 5175 5458 5527 
s 2
f 5224 5225 5200 5201 
s 1
f 5274 5224 5201 5250 
s 2
f 5274 5300 5528 4716 
s 1
f 5352 5353 5331 5328 
s 2
f 5391 5353 5354 4718 
f 5431 5432 5409 5406 
s 1
f 5225 5175 5152 5200 
f 5352 5174 5527 4715 
s 2
f 5432 5471 5460 5409 
f 5506 5471 4719 5067 
f 5300 5327 4720 5528 
f 5518 5526 5068 4726 
f 5524 5525 5516 5514 
f 5526 5525 5495 5506 
f 5068 5526 5506 5067 
f 5504 5524 5505 
f 5505 5524 5508 
f 5508 5524 5507 
f 5507 5524 5512 
f 5512 5524 5511 
f 5511 5524 5510 
f 5510 5524 5509 
f 5509 5524 5514 
f 5503 5524 5504 
f 5502 5524 5503 
f 5501 5524 5502 
f 5500 5524 5501 
f 5499 5524 5500 
f 5498 5524 5499 
f 5497 5524 5498 
f 5496 5524 5497 
f 5529 5532 5531 5530 
f 5532 5534 5533 5531 
f 5535 5538 5537 5536 
f 5539 5529 5530 5540 
f 5534 5535 5536 5533 
f 5541 5544 5543 5542 
f 5544 5546 5545 5543 
f 5546 5548 5547 5545 
f 5538 5541 5542 5537 
f 5548 5550 5549 5547 
f 5550 5552 5551 5549 
f 5552 5554 5553 5551 
f 4725 5539 5540 5555 
f 5554 5557 5556 5553 
f 5531 5559 5558 5530 
f 5533 5560 5559 5531 
f 5537 5562 5561 5536 
f 5530 5558 5563 5540 
f 5536 5561 5560 5533 
f 5543 5565 5564 5542 
f 5545 5566 5565 5543 
f 5547 5567 5566 5545 
f 5542 5564 5562 5537 
f 5549 5568 5567 5547 
f 5551 5569 5568 5549 
f 5553 5570 5569 5551 
f 5540 5563 5571 5555 
f 5556 5572 5570 5553 
f 5558 5559 5574 5573 
f 5559 5560 5575 5574 
f 5561 5562 5577 5576 
f 5563 5558 5573 5578 
f 5560 5561 5576 5575 
f 5564 5565 5580 5579 
f 5565 5566 5581 5580 
f 5566 5567 5582 5581 
f 5562 5564 5579 5577 
f 5567 5568 5583 5582 
f 5568 5569 5584 5583 
f 5569 5570 5585 5584 
f 5571 5563 5578 5108 
f 5570 5572 5586 5585 
f 4725 5123 5484 5539 
f 5539 5484 5472 5529 
f 5529 5472 5473 5532 
f 5532 5473 5474 5534 
f 5534 5474 5475 5535 
f 5535 5475 5476 5538 
f 5538 5476 5485 5541 
f 5541 5485 5486 5544 
f 5544 5486 5492 5546 
f 5546 5492 5493 5548 
f 5548 5493 5513 5550 
f 5550 5513 5515 5552 
f 5552 5515 5517 5554 
f 5554 5517 5522 5557 
f 4718 5430 5431 5391 
f 5391 5431 5406 5380 
f 5380 5406 5407 5379 
f 5379 5407 5410 5381 
f 5381 5410 5412 5382 
f 5382 5412 5414 5383 
f 5383 5414 5416 5384 
f 5384 5416 5418 5385 
f 5385 5418 5420 5386 
f 5386 5420 5422 5387 
f 5387 5422 5424 5388 
f 5388 5424 5426 5389 
f 5389 5426 5428 5390 
f 5390 5428 5454 5402 
f 5402 5454 5452 5401 
f 5401 5452 5450 5400 
f 5400 5450 5448 5399 
f 5399 5448 5446 5398 
f 5398 5446 5444 5397 
f 5397 5444 5442 5396 
f 5396 5442 5440 5395 
f 5395 5440 5438 5394 
f 5394 5438 5434 5393 
f 5393 5434 5435 5392 
f 5392 5435 5456 5405 
f 5405 5456 5149 5404 
s 1
f 5588 4758 4757 5587 
s 2
f 5590 4806 4803 5589 
s 1
f 5591 4840 4806 5590 
s 2
f 5591 4841 4856 5592 
s 1
f 5595 4930 4931 5594 
s 2
f 5596 4969 4935 5594 
f 5603 5146 4992 5597 
s 1
f 5589 4803 4756 5587 
f 5595 4934 4758 5588 
s 2
f 5597 4992 5112 5602 
f 5592 4856 4882 5593 
f 5599 5071 5019 5598 
f 5599 5069 5082 5600 
f 5601 5097 5084 5600 
f 5598 5019 5113 5602 
f 5596 4967 5146 5603 
s 1
f 5604 5605 5606 5607 
f 5607 5606 5652 5653 
f 5610 5611 5612 5613 
f 5614 5615 5605 5604 
f 5609 5608 5611 5610 
f 5616 5617 5618 5619 
f 5619 5618 5620 5621 
f 5621 5620 5622 5623 
f 5613 5612 5617 5616 
f 5623 5622 5624 5625 
f 5625 5624 5626 5627 
f 5627 5626 5628 5629 
f 5629 5628 5686 5656 
f 5628 5626 5634 5633 
f 5626 5624 5635 5634 
f 5606 5638 5652 
f 5630 5636 5693 5694 
f 5631 5637 5636 5630 
f 5632 5638 5637 5631 
f 5632 5617 5612 
f 5632 5635 5618 5617 
f 5633 5630 5694 5657 
f 5634 5631 5630 5633 
f 5635 5632 5631 5634 
f 5635 5620 5618 
f 5635 5622 5620 
f 5635 5624 5622 
f 5636 5615 5698 5693 
f 5637 5605 5615 5636 
f 5638 5606 5605 5637 
f 5638 5611 5608 
f 5638 5632 5612 5611 
s 2
f 5715 5716 5745 5746 
f 5716 5717 5774 5745 
f 5719 5720 5771 5772 
f 5744 5715 5746 5747 
f 5718 5719 5772 5773 
f 5721 5722 5769 5770 
f 5722 5723 5768 5769 
f 5723 5724 5767 5768 
f 5720 5721 5770 5771 
f 5724 5725 5766 5767 
f 5725 5726 5765 5766 
f 5726 5727 5764 5765 
f 5727 5728 5763 5764 
s 1
f 5652 5608 5609 5653 
s 2
f 5717 5718 5773 5774 
s 1
f 5638 5608 5652 
f 5698 5615 5614 5655 
f 5686 5628 5633 5657 
s 2
f 5743 5744 5747 5748 
s 1
f 5658 5661 5660 5659 
f 5661 5663 5662 5660 
f 5664 5667 5666 5665 
f 5668 5658 5659 5669 
f 5670 5664 5665 5671 
f 5672 5675 5674 5673 
f 5675 5677 5676 5674 
f 5677 5679 5678 5676 
f 5667 5672 5673 5666 
f 5679 5681 5680 5678 
f 5681 5683 5682 5680 
f 5683 5685 5684 5682 
f 5685 5656 5686 5684 
f 5684 5688 5687 5682 
f 5682 5687 5689 5680 
f 5660 5662 5690 
f 5691 5694 5693 5692 
f 5695 5691 5692 5696 
f 5697 5695 5696 5690 
f 5697 5666 5673 
f 5697 5673 5674 5689 
f 5688 5657 5694 5691 
f 5687 5688 5691 5695 
f 5689 5687 5695 5697 
f 5689 5674 5676 
f 5689 5676 5678 
f 5689 5678 5680 
f 5692 5693 5698 5669 
f 5696 5692 5669 5659 
f 5690 5696 5659 5660 
f 5690 5671 5665 
f 5690 5665 5666 5697 
s 2
f 5741 5750 5751 5740 
f 5740 5751 5752 5739 
f 5737 5754 5755 5736 
f 5742 5749 5750 5741 
f 5738 5753 5754 5737 
f 5735 5756 5757 5734 
f 5734 5757 5758 5733 
f 5733 5758 5759 5732 
f 5736 5755 5756 5735 
f 5732 5759 5760 5731 
f 5731 5760 5761 5730 
f 5730 5761 5762 5729 
f 5729 5762 5763 5728 
s 1
f 5662 5663 5670 5671 
s 2
f 5739 5752 5753 5738 
s 1
f 5690 5662 5671 
f 5698 5655 5668 5669 
f 5686 5657 5688 5684 
s 2
f 5743 5748 5749 5742 
f 5604 5607 5716 5715 
f 5607 5653 5717 5716 
f 5653 5609 5718 5717 
f 5609 5610 5719 5718 
f 5610 5613 5720 5719 
f 5613 5616 5721 5720 
f 5616 5619 5722 5721 
f 5619 5621 5723 5722 
f 5621 5623 5724 5723 
f 5623 5625 5725 5724 
f 5625 5627 5726 5725 
f 5627 5629 5727 5726 
f 5629 5656 5728 5727 
f 5656 5685 5729 5728 
f 5685 5683 5730 5729 
f 5683 5681 5731 5730 
f 5681 5679 5732 5731 
f 5679 5677 5733 5732 
f 5677 5675 5734 5733 
f 5675 5672 5735 5734 
f 5672 5667 5736 5735 
f 5667 5664 5737 5736 
f 5664 5670 5738 5737 
f 5670 5663 5739 5738 
f 5663 5661 5740 5739 
f 5661 5658 5741 5740 
f 5658 5668 5742 5741 
f 5668 5655 5743 5742 
f 5655 5614 5744 5743 
f 5614 5604 5715 5744 
f 5640 5639 5746 5745 
f 5639 5644 5747 5746 
f 5644 5714 5748 5747 
f 5714 5704 5749 5748 
f 5704 5700 5750 5749 
f 5700 5699 5751 5750 
f 5699 5701 5752 5751 
f 5701 5705 5753 5752 
f 5705 5703 5754 5753 
f 5703 5702 5755 5754 
f 5702 5707 5756 5755 
f 5707 5706 5757 5756 
f 5706 5708 5758 5757 
f 5708 5709 5759 5758 
f 5709 5710 5760 5759 
f 5710 5711 5761 5760 
f 5711 5712 5762 5761 
f 5712 5713 5763 5762 
f 5713 5651 5764 5763 
f 5651 5650 5765 5764 
f 5650 5649 5766 5765 
f 5649 5648 5767 5766 
f 5648 5647 5768 5767 
f 5647 5646 5769 5768 
f 5646 5645 5770 5769 
f 5645 5643 5771 5770 
f 5643 5642 5772 5771 
f 5642 5641 5773 5772 
f 5641 5654 5774 5773 
f 5654 5640 5745 5774 
s 1
f 5776 5778 5831 5830 
f 5778 5780 5832 5831 
f 5780 5796 5835 5832 
f 5782 5784 5834 5833 
f 5784 5794 5842 5834 
f 5786 5788 5838 5837 
f 5789 5792 5840 5839 
f 5806 5878 5879 5841 
f 5792 5806 5841 5840 
f 5788 5789 5839 5838 
f 5794 5786 5837 5842 
f 5796 5782 5833 5835 
f 5778 5776 5809 
f 5780 5778 5809 5810 
f 5796 5780 5810 5816 
f 5784 5782 5811 5812 
f 5794 5784 5812 5815 
f 5788 5786 5813 5814 
f 5792 5789 5804 5805 
f 5792 5805 5806 
f 5789 5814 5803 5804 
f 5786 5794 5815 5813 
f 5782 5796 5816 5811 
f 5776 5797 5798 5809 
f 5809 5798 5799 5810 
f 5810 5799 5808 5816 
f 5811 5800 5801 5812 
f 5812 5801 5807 5815 
f 5813 5802 5803 5814 
f 5789 5788 5814 
f 5815 5807 5802 5813 
f 5816 5808 5800 5811 
f 5797 5776 5830 5836 
f 5798 5797 5901 5902 
f 5799 5798 5902 5903 
f 5808 5799 5903 5904 
f 5801 5800 5905 5906 
f 5807 5801 5906 5907 
f 5803 5802 5908 5909 
f 5805 5804 5910 5911 
f 5806 5805 5911 5878 
f 5804 5803 5909 5910 
f 5802 5807 5907 5908 
f 5800 5808 5904 5905 
f 5955 5956 5978 5977 
f 5957 5958 5956 5955 
f 5959 5960 5958 5957 
f 5961 5962 5976 5975 
f 5963 5964 5962 5961 
f 5965 5966 5964 5963 
f 5967 5968 5966 5965 
f 5971 5972 5970 5969 
f 6002 6001 5974 5973 
f 5973 5974 5972 5971 
f 5969 5970 5968 5967 
f 5975 5976 5960 5959 
f 5836 5817 5938 5939 
f 5831 5777 5775 5830 
f 5832 5779 5777 5831 
f 5835 5795 5779 5832 
f 5834 5783 5781 5833 
f 5833 5781 5795 5835 
f 5830 5775 5817 5836 
f 5838 5787 5785 5837 
f 5840 5791 5790 5839 
f 5841 5793 5791 5840 
f 5839 5790 5787 5838 
f 5837 5785 5783 5842 
f 5842 5783 5834 
f 5901 5797 5836 5939 
f 5977 5978 6006 6005 
f 5935 5793 5841 5879 
s 2
f 5829 5818 5843 5854 
f 5818 5819 5844 5843 
f 5819 5820 5845 5844 
f 5828 5821 5846 5853 
f 5821 5822 5847 5846 
f 5822 5823 5848 5847 
f 5823 5824 5849 5848 
f 5825 5826 5851 5850 
f 5826 5827 5852 5851 
f 5824 5825 5850 5849 
f 5820 5828 5853 5845 
f 5940 5829 5854 5953 
f 5827 5936 5954 5852 
s 1
f 5855 5858 5857 5856 
f 5856 5857 5860 5859 
f 5859 5860 5862 5861 
f 5863 5866 5865 5864 
f 5864 5865 5868 5867 
f 5869 5872 5871 5870 
f 5873 5876 5875 5874 
f 5877 5880 5879 5878 
f 5874 5875 5880 5877 
f 5870 5871 5876 5873 
f 5867 5868 5872 5869 
f 5861 5862 5866 5863 
f 5856 5881 5855 
f 5859 5882 5881 5856 
f 5861 5883 5882 5859 
f 5864 5885 5884 5863 
f 5867 5886 5885 5864 
f 5870 5888 5887 5869 
f 5874 5890 5889 5873 
f 5874 5877 5890 
f 5873 5889 5891 5888 
f 5869 5887 5886 5867 
f 5863 5884 5883 5861 
f 5855 5881 5893 5892 
f 5881 5882 5894 5893 
f 5882 5883 5895 5894 
f 5884 5885 5897 5896 
f 5885 5886 5898 5897 
f 5887 5888 5891 5899 
f 5873 5888 5870 
f 5886 5887 5899 5898 
f 5883 5884 5896 5895 
f 5892 5900 5858 5855 
f 5893 5902 5901 5892 
f 5894 5903 5902 5893 
f 5895 5904 5903 5894 
f 5897 5906 5905 5896 
f 5898 5907 5906 5897 
f 5891 5909 5908 5899 
f 5890 5911 5910 5889 
f 5877 5878 5911 5890 
f 5889 5910 5909 5891 
f 5899 5908 5907 5898 
f 5896 5905 5904 5895 
f 5982 5981 5979 5980 
f 5980 5979 5983 5984 
f 5984 5983 5985 5986 
f 5990 5989 5987 5988 
f 5988 5987 5991 5992 
f 5992 5991 5993 5994 
f 5994 5993 5995 5996 
f 6000 5999 5997 5998 
f 6004 6003 6001 6002 
f 5998 5997 6003 6004 
f 5996 5995 5999 6000 
f 5986 5985 5989 5990 
f 5900 5939 5938 5912 
f 5857 5858 5913 5916 
f 5860 5857 5916 5918 
f 5862 5860 5918 5920 
f 5865 5866 5921 5924 
f 5866 5862 5920 5921 
f 5858 5900 5912 5913 
f 5871 5872 5926 5928 
f 5875 5876 5930 5931 
f 5880 5875 5931 5934 
f 5876 5871 5928 5930 
f 5872 5868 5924 5926 
f 5868 5865 5924 
f 5901 5939 5900 5892 
f 6005 6006 5981 5982 
f 5935 5879 5880 5934 
s 2
f 5915 5942 5941 5914 
f 5914 5941 5943 5917 
f 5917 5943 5944 5919 
f 5923 5946 5945 5922 
f 5922 5945 5947 5925 
f 5925 5947 5948 5927 
f 5927 5948 5949 5929 
f 5933 5951 5950 5932 
f 5932 5950 5952 5937 
f 5929 5949 5951 5933 
f 5919 5944 5946 5923 
f 5940 5953 5942 5915 
f 5937 5952 5954 5936 
s 1
f 5956 5818 5829 5978 
f 5977 5817 5775 5955 
f 5958 5819 5818 5956 
f 5955 5775 5777 5957 
f 5960 5820 5819 5958 
f 5957 5777 5779 5959 
f 5962 5821 5828 5976 
f 5975 5795 5781 5961 
f 5964 5822 5821 5962 
f 5961 5781 5783 5963 
f 5966 5823 5822 5964 
f 5963 5783 5785 5965 
f 5968 5824 5823 5966 
f 5965 5785 5787 5967 
f 5972 5826 5825 5970 
f 5969 5790 5791 5971 
f 6001 5936 5827 5974 
f 5973 5793 5935 6002 
f 5974 5827 5826 5972 
f 5971 5791 5793 5973 
f 5970 5825 5824 5968 
f 5967 5787 5790 5969 
f 5976 5828 5820 5960 
f 5959 5779 5795 5975 
f 5978 5829 5940 6006 
f 6005 5938 5817 5977 
f 5981 5915 5914 5979 
f 5980 5913 5912 5982 
f 5979 5914 5917 5983 
f 5984 5916 5913 5980 
f 5983 5917 5919 5985 
f 5986 5918 5916 5984 
f 5989 5923 5922 5987 
f 5988 5921 5920 5990 
f 5987 5922 5925 5991 
f 5992 5924 5921 5988 
f 5991 5925 5927 5993 
f 5994 5926 5924 5992 
f 5993 5927 5929 5995 
f 5996 5928 5926 5994 
f 5999 5933 5932 5997 
f 5998 5931 5930 6000 
f 6003 5937 5936 6001 
f 6002 5935 5934 6004 
f 5997 5932 5937 6003 
f 6004 5934 5931 5998 
f 5995 5929 5933 5999 
f 6000 5930 5928 5996 
f 5985 5919 5923 5989 
f 5990 5920 5918 5986 
f 6006 5940 5915 5981 
f 5982 5912 5938 6005 
f 6227 6249 6068 6112 
f 6251 6163 6014 6116 
f 6259 6261 6149 6152 
f 6253 6255 6158 6161 
f 6245 6253 6161 6142 
f 6163 6165 6010 6014 
f 6167 6016 6010 6165 
f 6169 6019 6016 6167 
f 6171 6022 6019 6169 
f 6173 6025 6022 6171 
f 6175 6028 6025 6173 
f 6177 6031 6028 6175 
f 6179 6034 6031 6177 
f 6181 6037 6034 6179 
f 6183 6040 6037 6181 
f 6185 6043 6040 6183 
f 6187 6046 6043 6185 
f 6189 6049 6046 6187 
f 6191 6052 6049 6189 
f 6193 6055 6052 6191 
f 6195 6058 6055 6193 
f 6197 6199 6070 6061 
f 6201 6073 6070 6199 
f 6203 6076 6073 6201 
f 6205 6079 6076 6203 
f 6207 6082 6079 6205 
f 6209 6085 6082 6207 
f 6211 6088 6085 6209 
f 6213 6091 6088 6211 
f 6215 6094 6091 6213 
f 6217 6097 6094 6215 
f 6219 6100 6097 6217 
f 6221 6103 6100 6219 
f 6223 6106 6103 6221 
f 6225 6109 6106 6223 
f 6227 6112 6109 6225 
f 6231 6118 6122 6229 
f 6233 6124 6118 6231 
f 6235 6127 6124 6233 
f 6237 6130 6127 6235 
f 6239 6133 6130 6237 
f 6241 6136 6133 6239 
f 6245 6142 6146 6243 
f 6247 6243 6146 6064 
f 6195 6197 6061 6058 
f 6249 6247 6064 6068 
f 6241 6251 6116 6136 
f 6263 6229 6122 6140 
f 6261 6263 6140 6149 
f 6257 6259 6152 6155 
f 6255 6257 6155 6158 
f 6011 6007 6013 
f 6013 6007 6115 
f 6115 6007 6137 
f 6137 6007 6134 
f 6134 6007 6131 
f 6131 6007 6128 
f 6128 6007 6125 
f 6125 6007 6119 
f 6119 6007 6121 
f 6121 6007 6139 
f 6139 6007 6148 
f 6148 6007 6151 
f 6151 6007 6154 
f 6154 6007 6157 
f 6157 6007 6160 
f 6160 6007 6143 
f 6143 6007 6145 
f 6145 6007 6065 
f 6065 6007 6067 
f 6067 6007 6113 
f 6113 6007 6110 
f 6110 6007 6107 
f 6107 6007 6104 
f 6104 6007 6101 
f 6101 6007 6098 
f 6098 6007 6095 
f 6095 6007 6092 
f 6092 6007 6089 
f 6089 6007 6086 
f 6086 6007 6083 
f 6083 6007 6080 
f 6080 6007 6077 
f 6077 6007 6074 
f 6074 6007 6071 
f 6071 6007 6062 
f 6062 6007 6059 
f 6059 6007 6056 
f 6056 6007 6053 
f 6053 6007 6050 
f 6050 6007 6047 
f 6047 6007 6044 
f 6044 6007 6041 
f 6041 6007 6038 
f 6038 6007 6035 
f 6035 6007 6032 
f 6032 6007 6029 
f 6029 6007 6026 
f 6026 6007 6023 
f 6023 6007 6020 
f 6020 6007 6017 
f 6017 6007 6011 
s 2
f 6008 6164 6162 
f 6008 6166 6164 
f 6008 6168 6166 
f 6008 6170 6168 
f 6008 6172 6170 
f 6008 6174 6172 
f 6008 6176 6174 
f 6008 6178 6176 
f 6008 6180 6178 
f 6008 6182 6180 
f 6008 6184 6182 
f 6008 6186 6184 
f 6008 6188 6186 
f 6008 6190 6188 
f 6008 6192 6190 
f 6008 6194 6192 
f 6008 6196 6194 
f 6008 6198 6196 
f 6008 6200 6198 
f 6008 6202 6200 
f 6008 6204 6202 
f 6008 6206 6204 
f 6008 6208 6206 
f 6008 6210 6208 
f 6008 6212 6210 
f 6008 6214 6212 
f 6008 6216 6214 
f 6008 6218 6216 
f 6008 6220 6218 
f 6008 6222 6220 
f 6008 6224 6222 
f 6008 6226 6224 
f 6008 6248 6226 
f 6008 6246 6248 
f 6008 6242 6246 
f 6008 6244 6242 
f 6008 6252 6244 
f 6008 6254 6252 
f 6008 6256 6254 
f 6008 6258 6256 
f 6008 6260 6258 
f 6008 6262 6260 
f 6008 6228 6262 
f 6008 6230 6228 
f 6008 6232 6230 
f 6008 6234 6232 
f 6008 6236 6234 
f 6008 6238 6236 
f 6008 6240 6238 
f 6008 6250 6240 
f 6008 6162 6250 
s 1
f 6068 6066 6111 6112 
f 6227 6226 6248 6249 
f 6014 6012 6114 6116 
f 6251 6250 6162 6163 
f 6149 6147 6150 6152 
f 6259 6258 6260 6261 
f 6158 6156 6159 6161 
f 6253 6252 6254 6255 
f 6161 6159 6141 6142 
f 6245 6244 6252 6253 
f 6010 6009 6012 6014 
f 6163 6162 6164 6165 
f 6165 6164 6166 6167 
f 6016 6015 6009 6010 
f 6167 6166 6168 6169 
f 6019 6018 6015 6016 
f 6169 6168 6170 6171 
f 6022 6021 6018 6019 
f 6171 6170 6172 6173 
f 6025 6024 6021 6022 
f 6173 6172 6174 6175 
f 6028 6027 6024 6025 
f 6175 6174 6176 6177 
f 6031 6030 6027 6028 
f 6177 6176 6178 6179 
f 6034 6033 6030 6031 
f 6179 6178 6180 6181 
f 6037 6036 6033 6034 
f 6181 6180 6182 6183 
f 6040 6039 6036 6037 
f 6183 6182 6184 6185 
f 6043 6042 6039 6040 
f 6185 6184 6186 6187 
f 6046 6045 6042 6043 
f 6187 6186 6188 6189 
f 6049 6048 6045 6046 
f 6189 6188 6190 6191 
f 6052 6051 6048 6049 
f 6191 6190 6192 6193 
f 6055 6054 6051 6052 
f 6193 6192 6194 6195 
f 6058 6057 6054 6055 
f 6070 6069 6060 6061 
f 6197 6196 6198 6199 
f 6199 6198 6200 6201 
f 6073 6072 6069 6070 
f 6201 6200 6202 6203 
f 6076 6075 6072 6073 
f 6203 6202 6204 6205 
f 6079 6078 6075 6076 
f 6205 6204 6206 6207 
f 6082 6081 6078 6079 
f 6207 6206 6208 6209 
f 6085 6084 6081 6082 
f 6209 6208 6210 6211 
f 6088 6087 6084 6085 
f 6211 6210 6212 6213 
f 6091 6090 6087 6088 
f 6213 6212 6214 6215 
f 6094 6093 6090 6091 
f 6215 6214 6216 6217 
f 6097 6096 6093 6094 
f 6217 6216 6218 6219 
f 6100 6099 6096 6097 
f 6219 6218 6220 6221 
f 6103 6102 6099 6100 
f 6221 6220 6222 6223 
f 6106 6105 6102 6103 
f 6223 6222 6224 6225 
f 6109 6108 6105 6106 
f 6225 6224 6226 6227 
f 6112 6111 6108 6109 
f 6229 6228 6230 6231 
f 6118 6117 6120 6122 
f 6231 6230 6232 6233 
f 6124 6123 6117 6118 
f 6233 6232 6234 6235 
f 6127 6126 6123 6124 
f 6235 6234 6236 6237 
f 6130 6129 6126 6127 
f 6237 6236 6238 6239 
f 6133 6132 6129 6130 
f 6239 6238 6240 6241 
f 6136 6135 6132 6133 
f 6243 6242 6244 6245 
f 6142 6141 6144 6146 
f 6146 6144 6063 6064 
f 6247 6246 6242 6243 
f 6061 6060 6057 6058 
f 6195 6194 6196 6197 
f 6064 6063 6066 6068 
f 6249 6248 6246 6247 
f 6116 6114 6135 6136 
f 6241 6240 6250 6251 
f 6122 6120 6138 6140 
f 6263 6262 6228 6229 
f 6140 6138 6147 6149 
f 6261 6260 6262 6263 
f 6152 6150 6153 6155 
f 6257 6256 6258 6259 
f 6155 6153 6156 6158 
f 6255 6254 6256 6257 
f 6013 6012 6009 6011 
f 6115 6114 6012 6013 
f 6137 6135 6114 6115 
f 6134 6132 6135 6137 
f 6131 6129 6132 6134 
f 6128 6126 6129 6131 
f 6125 6123 6126 6128 
f 6119 6117 6123 6125 
f 6121 6120 6117 6119 
f 6139 6138 6120 6121 
f 6148 6147 6138 6139 
f 6151 6150 6147 6148 
f 6154 6153 6150 6151 
f 6157 6156 6153 6154 
f 6160 6159 6156 6157 
f 6143 6141 6159 6160 
f 6145 6144 6141 6143 
f 6065 6063 6144 6145 
f 6067 6066 6063 6065 
f 6113 6111 6066 6067 
f 6110 6108 6111 6113 
f 6107 6105 6108 6110 
f 6104 6102 6105 6107 
f 6101 6099 6102 6104 
f 6098 6096 6099 6101 
f 6095 6093 6096 6098 
f 6092 6090 6093 6095 
f 6089 6087 6090 6092 
f 6086 6084 6087 6089 
f 6083 6081 6084 6086 
f 6080 6078 6081 6083 
f 6077 6075 6078 6080 
f 6074 6072 6075 6077 
f 6071 6069 6072 6074 
f 6062 6060 6069 6071 
f 6059 6057 6060 6062 
f 6056 6054 6057 6059 
f 6053 6051 6054 6056 
f 6050 6048 6051 6053 
f 6047 6045 6048 6050 
f 6044 6042 6045 6047 
f 6041 6039 6042 6044 
f 6038 6036 6039 6041 
f 6035 6033 6036 6038 
f 6032 6030 6033 6035 
f 6029 6027 6030 6032 
f 6026 6024 6027 6029 
f 6023 6021 6024 6026 
f 6020 6018 6021 6023 
f 6017 6015 6018 6020 
f 6011 6009 6015 6017 
s off
f 1259 1258 6264 6291 
f 1258 1307 6265 6264 
f 1307 1322 6265 
f 1322 1321 6266 6265 
f 1321 1320 6267 6266 
f 1320 1319 6268 6267 
f 1319 1318 6269 6268 
f 1318 1317 6270 6269 
f 1317 1403 6271 6270 
f 1403 1404 6272 6271 
f 1404 1406 6273 6272 
f 1406 1395 6274 6273 
f 1395 1396 6275 6274 
f 1396 1401 6276 6275 
f 1401 1399 6277 6276 
f 1399 1390 6277 
f 1390 1339 6278 6277 
f 1339 1340 6279 6278 
f 1340 1348 6279 
f 1348 1379 6279 
f 1379 1381 6279 
f 1381 1352 6279 
f 1352 1353 6280 6279 
f 1353 1355 6281 6280 
f 1355 1362 6282 6281 
f 1362 1360 6283 6282 
f 1360 1357 6284 6283 
f 1357 1358 6285 6284 
f 1358 1268 6286 6285 
f 1268 1269 6287 6286 
f 1269 1270 6288 6287 
f 1270 1271 6289 6288 
f 1271 1267 6290 6289 
f 1267 1298 6291 6290 
f 1298 1266 6291 
f 1266 1293 6291 
f 1293 1282 6291 
f 1282 1259 6291 
f 6291 6264 6292 
f 6264 6265 6292 
f 6265 6266 6292 
f 6266 6267 6292 
f 6267 6268 6292 
f 6268 6269 6292 
f 6269 6270 6292 
f 6270 6271 6292 
f 6271 6272 6292 
f 6272 6273 6292 
f 6273 6274 6292 
f 6274 6275 6292 
f 6275 6276 6292 
f 6276 6277 6292 
f 6277 6278 6292 
f 6278 6279 6292 
f 6279 6280 6292 
f 6280 6281 6292 
f 6281 6282 6292 
f 6282 6283 6292 
f 6283 6284 6292 
f 6284 6285 6292 
f 6285 6286 6292 
f 6286 6287 6292 
f 6287 6288 6292 
f 6288 6289 6292 
f 6289 6290 6292 
f 6290 6291 6292 
s 1
f 6336 6355 6315 6316 
f 6306 6375 6374 6353 
f 6589 6401 6590 
f 6574 6396 6401 6585 
f 6566 6398 6397 6571 
f 6619 6373 6299 
f 6320 6368 6369 6317 
f 6321 6367 6368 6320 
f 6321 6322 6366 6367 
f 6322 6382 6366 
f 6323 6381 6382 6322 
f 6323 6380 6381 
f 6324 6380 6323 
f 6325 6378 6379 6324 
f 6325 6326 6377 6378 
f 6326 6327 6376 6377 
f 6327 6328 6375 6376 
f 6329 6354 6294 6328 
f 6329 6330 6307 6354 
f 6330 6331 6390 6389 
f 6331 6332 6391 6390 
f 6395 6310 6309 6392 
f 6334 6335 6394 6395 
f 6335 6315 6393 6394 
f 6315 6355 6400 6393 
f 6356 6399 6400 6355 
f 6357 6398 6399 6356 
f 6317 6361 6337 6320 
f 6328 6327 6339 6329 
f 6327 6326 6340 6339 
f 6326 6325 6341 6340 
f 6329 6339 6331 6330 
f 6339 6340 6332 6331 
f 6340 6341 6333 6332 
f 6325 6324 6342 6341 
f 6324 6323 6343 6342 
f 6323 6322 6316 6343 
f 6341 6342 6334 6333 
f 6342 6343 6335 6334 
f 6343 6316 6315 6335 
f 6322 6321 6336 6316 
f 6321 6320 6337 6336 
f 6347 6438 6385 6386 
f 6434 6384 6385 6438 
f 6406 6383 6384 6434 
f 6344 6387 6388 6295 
f 6355 6336 6337 6356 
f 6356 6337 6361 
f 6359 6358 6364 6365 
f 6319 6317 6369 6370 
f 6317 6319 6362 6361 
f 6314 6313 6365 6364 
f 6338 6357 6362 6363 
f 6363 6362 6319 6318 
f 6358 6338 6363 6364 
f 6364 6363 6318 6314 
f 6313 6293 6312 6365 
f 6365 6312 6360 6359 
f 6361 6362 6357 6356 
f 6338 6358 6396 6397 
f 6318 6319 6370 6371 
f 6314 6318 6371 6372 
f 6313 6314 6372 6373 
f 6368 6489 6301 6369 
f 6367 6485 6489 6368 
f 6366 6302 6485 6367 
f 6369 6301 6496 6370 
f 6370 6496 6500 6371 
f 6371 6500 6300 6372 
f 6372 6300 6600 6373 
f 6619 6293 6313 6373 
f 6373 6602 6299 
f 6373 6601 6602 
f 6373 6600 6601 
f 6375 6328 6294 6374 
f 6379 6305 6304 6380 
f 6378 6465 6305 6379 
f 6377 6461 6465 6378 
f 6376 6457 6461 6377 
f 6375 6306 6457 6376 
f 6381 6475 6303 6382 
f 6380 6304 6475 6381 
f 6382 6303 6302 6366 
f 6406 6350 6383 
f 6385 6354 6307 6386 
f 6384 6294 6354 6385 
f 6383 6374 6294 6384 
f 6348 6353 6374 6383 
f 6349 6348 6383 
f 6402 6349 6383 
f 6403 6402 6383 
f 6404 6403 6383 
f 6405 6404 6383 
f 6352 6405 6383 
f 6351 6352 6383 
f 6350 6351 6383 
f 6344 6511 6387 
f 6389 6535 6295 6388 
f 6390 6538 6535 6389 
f 6391 6308 6538 6390 
f 6387 6386 6307 6388 
f 6445 6347 6386 6387 
f 6512 6445 6387 
f 6346 6512 6387 
f 6345 6346 6387 
f 6513 6345 6387 
f 6510 6513 6387 
f 6511 6510 6387 
f 6394 6311 6310 6395 
f 6393 6555 6311 6394 
f 6392 6309 6308 6391 
f 6398 6357 6338 6397 
f 6399 6562 6559 6400 
f 6398 6566 6562 6399 
f 6396 6574 6571 6397 
f 6400 6555 6393 
f 6396 6358 6359 6401 
f 6298 6585 6401 
f 6297 6298 6401 
f 6588 6297 6401 
f 6589 6588 6401 
f 6401 6296 6590 
f 6359 6360 6296 6401 
f 6410 6420 6408 6409 
f 6411 6421 6420 6410 
f 6412 6422 6421 6411 
f 6413 6423 6422 6412 
f 6414 6424 6423 6413 
f 6415 6425 6424 6414 
f 6416 6426 6425 6415 
f 6417 6418 6426 6416 
f 6418 6419 6427 6426 
f 6419 6349 6402 6427 
f 6426 6427 6428 6425 
f 6425 6428 6429 6424 
f 6424 6429 6430 6423 
f 6427 6402 6403 6428 
f 6428 6403 6404 6429 
f 6429 6404 6405 6430 
f 6423 6430 6431 6422 
f 6422 6431 6432 6421 
f 6421 6432 6433 6420 
f 6430 6405 6352 6431 
f 6431 6352 6351 6432 
f 6432 6351 6350 6433 
f 6433 6350 6406 6407 
f 6407 6406 6434 6435 
f 6408 6407 6435 6436 
f 6409 6408 6436 6437 
f 6435 6434 6438 6439 
f 6436 6435 6439 6440 
f 6437 6436 6440 6441 
f 6439 6438 6347 6442 
f 6440 6439 6442 6443 
f 6441 6440 6443 6444 
f 6442 6347 6445 6446 
f 6443 6442 6446 6447 
f 6444 6443 6447 6502 
f 6349 6419 6450 6348 
f 6418 6417 6448 6449 
f 6419 6418 6449 6450 
f 6348 6450 6453 6353 
f 6449 6448 6451 6452 
f 6450 6449 6452 6453 
f 6353 6453 6456 6306 
f 6452 6451 6454 6455 
f 6453 6452 6455 6456 
f 6306 6456 6460 6457 
f 6455 6454 6458 6459 
f 6456 6455 6459 6460 
f 6457 6460 6464 6461 
f 6459 6458 6462 6463 
f 6460 6459 6463 6464 
f 6461 6464 6468 6465 
f 6463 6462 6466 6467 
f 6464 6463 6467 6468 
f 6465 6468 6471 6305 
f 6467 6466 6469 6470 
f 6468 6467 6470 6471 
f 6305 6471 6474 6304 
f 6470 6469 6472 6473 
f 6471 6470 6473 6474 
f 6304 6474 6478 6475 
f 6473 6472 6476 6477 
f 6474 6473 6477 6478 
f 6475 6478 6481 6303 
f 6477 6476 6479 6480 
f 6478 6477 6480 6481 
f 6303 6481 6484 6302 
f 6480 6479 6482 6483 
f 6481 6480 6483 6484 
f 6302 6484 6488 6485 
f 6483 6482 6486 6487 
f 6484 6483 6487 6488 
f 6485 6488 6492 6489 
f 6487 6486 6490 6491 
f 6488 6487 6491 6492 
f 6489 6492 6495 6301 
f 6491 6490 6493 6494 
f 6492 6491 6494 6495 
f 6301 6495 6499 6496 
f 6494 6493 6497 6498 
f 6495 6494 6498 6499 
f 6496 6499 6621 6500 
f 6498 6497 6608 6620 
f 6499 6498 6620 6621 
f 6502 6447 6527 6501 
f 6503 6501 6527 6526 
f 6526 6504 6503 
f 6505 6504 6526 6525 
f 6506 6505 6525 6524 
f 6524 6507 6506 
f 6508 6507 6524 6523 
f 6514 6518 6510 6511 
f 6512 6346 6521 6522 
f 6346 6345 6520 6521 
f 6345 6513 6519 6520 
f 6513 6510 6518 6519 
f 6509 6515 6516 6529 
f 6515 6514 6517 6516 
f 6514 6511 6344 6517 
f 6527 6522 6521 6526 
f 6526 6521 6520 6525 
f 6525 6520 6519 6524 
f 6524 6519 6518 6523 
f 6447 6446 6522 6527 
f 6446 6445 6512 6522 
f 6514 6515 6523 6518 
f 6530 6517 6344 6295 
f 6531 6516 6517 6530 
f 6528 6529 6516 6531 
f 6531 6533 6532 6528 
f 6531 6530 6534 6533 
f 6530 6295 6535 6534 
f 6532 6533 6536 6539 
f 6533 6534 6537 6536 
f 6534 6535 6538 6537 
f 6539 6536 6541 6540 
f 6536 6537 6542 6541 
f 6537 6538 6308 6542 
f 6540 6541 6543 6545 
f 6541 6542 6544 6543 
f 6542 6308 6309 6544 
f 6545 6543 6547 6546 
f 6543 6544 6548 6547 
f 6544 6309 6310 6548 
f 6546 6547 6550 6549 
f 6547 6548 6551 6550 
f 6548 6310 6311 6551 
f 6549 6550 6553 6552 
f 6550 6551 6554 6553 
f 6551 6311 6555 6554 
f 6552 6557 6556 
f 6553 6558 6557 
f 6554 6555 6558 
f 6556 6557 6560 6563 
f 6557 6558 6561 6560 
f 6558 6559 6562 6561 
f 6563 6560 6564 6567 
f 6560 6561 6565 6564 
f 6561 6562 6566 6565 
f 6567 6564 6569 6568 
f 6564 6565 6570 6569 
f 6565 6566 6571 6570 
f 6568 6569 6572 6575 
f 6569 6570 6573 6572 
f 6570 6571 6574 6573 
f 6575 6572 6587 6576 
f 6572 6573 6577 6587 
f 6573 6574 6585 6577 
f 6590 6296 6581 6592 
f 6579 6580 6582 6591 
f 6592 6581 6578 6579 
f 6582 6583 6593 6591 
f 6584 6596 6593 6583 
f 6584 6586 6594 6596 
f 6587 6594 6586 6576 
f 6587 6577 6595 6594 
f 6585 6298 6595 6577 
f 6297 6597 6595 6298 
f 6588 6598 6597 6297 
f 6588 6589 6599 6598 
f 6590 6592 6599 6589 
f 6594 6595 6597 6596 
f 6596 6597 6598 6593 
f 6593 6598 6599 6591 
f 6591 6599 6592 6579 
f 6618 6300 6500 6621 
f 6299 6614 6622 6619 
f 6623 6622 6614 6609 
f 6623 6609 6603 6624 
f 6610 6604 6603 6609 
f 6611 6605 6604 6610 
f 6612 6606 6605 6611 
f 6612 6613 6607 6606 
f 6620 6608 6607 6613 
f 6609 6614 6615 6610 
f 6610 6615 6616 6611 
f 6611 6616 6617 6612 
f 6612 6617 6618 6613 
f 6614 6299 6602 6615 
f 6615 6602 6601 6616 
f 6616 6601 6600 6617 
f 6617 6600 6300 6618 
f 6613 6618 6621 6620 
f 6619 6622 6625 6293 
f 6622 6623 6625 
f 6293 6625 6693 6312 
f 6625 6626 6694 6693 
f 6360 6627 6581 6296 
f 6627 6628 6578 6581 
f 6515 6509 6508 6523 
f 6420 6433 6407 6408 
f 6623 6624 6626 6625 
f 6410 6409 6629 6630 
f 6411 6410 6630 6631 
f 6412 6411 6631 6632 
f 6413 6412 6632 6633 
f 6414 6413 6633 6634 
f 6415 6414 6634 6635 
f 6416 6415 6635 6636 
f 6417 6416 6636 6637 
f 6409 6437 6638 6629 
f 6437 6441 6639 6638 
f 6441 6444 6640 6639 
f 6444 6502 6656 6640 
f 6448 6417 6637 6641 
f 6454 6451 6755 6642 
f 6458 6454 6642 6643 
f 6462 6458 6643 6644 
f 6466 6462 6644 6645 
f 6469 6466 6645 6646 
f 6472 6469 6646 6647 
f 6476 6472 6647 6648 
f 6479 6476 6648 6649 
f 6482 6479 6649 6650 
f 6486 6482 6650 6651 
f 6490 6486 6651 6652 
f 6493 6490 6652 6653 
f 6497 6493 6653 6654 
f 6608 6497 6654 6689 
f 6502 6501 6655 6656 
f 6501 6503 6657 6655 
f 6503 6504 6658 6657 
f 6504 6505 6659 6658 
f 6505 6506 6660 6659 
f 6506 6507 6661 6660 
f 6507 6508 6662 6661 
f 6508 6509 6663 6662 
f 6509 6529 6665 6663 
f 6529 6528 6727 6665 
f 6528 6532 6666 6727 
f 6532 6539 6667 6666 
f 6539 6540 6668 6667 
f 6540 6545 6669 6668 
f 6545 6546 6670 6669 
f 6546 6549 6671 6670 
f 6549 6552 6672 6671 
f 6552 6556 6673 6672 
f 6556 6563 6674 6673 
f 6563 6567 6674 
f 6567 6568 6675 6674 
f 6575 6576 6677 6676 
f 6580 6578 6678 6679 
f 6582 6580 6679 6680 
f 6583 6582 6680 6681 
f 6584 6583 6681 6682 
f 6586 6584 6682 6683 
f 6576 6586 6683 6677 
f 6624 6603 6684 6690 
f 6603 6604 6685 6684 
f 6604 6605 6686 6685 
f 6605 6606 6687 6686 
f 6606 6607 6688 6687 
f 6607 6608 6689 6688 
f 6626 6624 6690 6691 
f 6628 6694 6695 6692 
f 6578 6628 6692 6678 
f 6693 6627 6360 6312 
f 6694 6628 6627 6693 
f 6694 6626 6691 6695 
f 6580 6579 6578 
f 6728 6664 6697 6698 
f 6705 6696 6706 
f 6705 6714 6703 6696 
f 6696 6707 6706 
f 6696 6708 6707 
f 6696 6709 6708 
f 6696 6710 6709 
f 6696 6711 6710 
f 6696 6712 6711 
f 6696 6713 6712 
f 6696 6717 6713 
f 6704 6753 6696 6703 
f 6719 6718 6698 
f 6718 6720 6698 
f 6720 6721 6698 
f 6721 6722 6698 
f 6722 6723 6698 
f 6723 6724 6698 
f 6724 6725 6698 
f 6725 6726 6698 
f 6726 6728 6698 
f 6716 6719 6698 6699 
f 6699 6698 6697 6700 
f 6715 6716 6699 6701 
f 6701 6699 6700 6702 
f 6714 6715 6701 6703 
f 6703 6701 6702 6704 
f 6332 6333 6392 6391 
f 6333 6334 6395 6392 
f 6629 6729 6730 6630 
f 6630 6730 6731 6631 
f 6631 6731 6732 6632 
f 6632 6732 6733 6633 
f 6633 6733 6734 6634 
f 6634 6734 6735 6635 
f 6635 6735 6736 6636 
f 6636 6736 6737 6637 
f 6638 6738 6729 6629 
f 6639 6739 6738 6638 
f 6640 6740 6739 6639 
f 6656 6743 6740 6640 
f 6637 6737 6741 6641 
f 6655 6742 6743 6656 
f 6657 6744 6742 6655 
f 6658 6745 6744 6657 
f 6659 6746 6745 6658 
f 6660 6747 6746 6659 
f 6661 6748 6747 6660 
f 6662 6749 6748 6661 
f 6663 6750 6749 6662 
f 6665 6752 6750 6663 
f 6727 6751 6752 6665 
f 6729 6705 6706 6730 
f 6730 6706 6707 6731 
f 6731 6707 6708 6732 
f 6732 6708 6709 6733 
f 6733 6709 6710 6734 
f 6734 6710 6711 6735 
f 6735 6711 6712 6736 
f 6736 6712 6713 6737 
f 6738 6714 6705 6729 
f 6739 6715 6714 6738 
f 6740 6716 6715 6739 
f 6743 6719 6716 6740 
f 6737 6713 6717 6741 
f 6742 6718 6719 6743 
f 6744 6720 6718 6742 
f 6745 6721 6720 6744 
f 6746 6722 6721 6745 
f 6747 6723 6722 6746 
f 6748 6724 6723 6747 
f 6749 6725 6724 6748 
f 6750 6726 6725 6749 
f 6752 6728 6726 6750 
f 6751 6664 6728 6752 
f 6755 6451 6448 6641 
f 6717 6696 6753 6754 
f 6330 6389 6388 6307 
f 6641 6741 6756 6755 
f 6741 6717 6754 6756 
f 6324 6379 6380 
f 6756 6754 6642 
f 6666 6667 6768 6767 
f 6667 6668 6769 6768 
f 6668 6795 6770 6769 
f 6669 6670 6796 6795 
f 6670 6671 6797 6796 
f 6671 6672 6798 6797 
f 6400 6559 6555 
f 6552 6553 6557 
f 6553 6554 6558 
f 6555 6559 6558 
f 6672 6673 6799 6798 
f 6673 6674 6800 6799 
f 6674 6675 6801 6800 
f 6675 6676 6802 6801 
f 6676 6806 6802 
f 6568 6575 6676 6675 
f 6758 6778 6777 6757 
f 6759 6779 6778 6758 
f 6760 6780 6779 6759 
f 6761 6781 6780 6760 
f 6762 6782 6781 6761 
f 6763 6783 6782 6762 
f 6764 6784 6783 6763 
f 6764 6785 6784 
f 6765 6786 6785 6764 
f 6766 6787 6786 6765 
f 6702 6700 6767 6757 
f 6695 6691 6787 6766 
f 6768 6758 6757 6767 
f 6769 6759 6758 6768 
f 6770 6760 6759 6769 
f 6771 6761 6760 6770 
f 6772 6762 6761 6771 
f 6773 6763 6762 6772 
f 6774 6764 6763 6773 
f 6775 6765 6764 6774 
f 6776 6766 6765 6775 
f 6692 6695 6766 6776 
f 6700 6697 6666 6767 
f 6778 6643 6642 6777 
f 6779 6644 6643 6778 
f 6780 6645 6644 6779 
f 6781 6646 6645 6780 
f 6782 6647 6646 6781 
f 6783 6788 6647 6782 
f 6784 6789 6788 6783 
f 6784 6790 6789 
f 6785 6791 6790 6784 
f 6786 6792 6791 6785 
f 6786 6793 6792 
f 6787 6794 6793 6786 
f 6691 6690 6794 6787 
f 6704 6702 6757 6777 
f 6753 6704 6777 6642 
f 6754 6753 6642 
f 6642 6755 6756 
f 6789 6649 6648 6788 
f 6790 6650 6649 6789 
f 6791 6651 6650 6790 
f 6792 6652 6651 6791 
f 6793 6653 6652 6792 
f 6794 6654 6653 6793 
f 6690 6684 6794 
f 6684 6685 6794 
f 6685 6686 6794 
f 6686 6687 6794 
f 6687 6688 6794 
f 6688 6689 6794 
f 6689 6654 6794 
f 6788 6648 6647 
f 6697 6664 6666 
f 6751 6727 6666 
f 6666 6664 6751 
f 6796 6771 6770 6795 
f 6797 6772 6771 6796 
f 6798 6773 6772 6797 
f 6799 6773 6798 
f 6800 6774 6773 6799 
f 6801 6775 6774 6800 
f 6802 6776 6775 6801 
f 6678 6692 6803 
f 6679 6678 6803 6804 
f 6680 6679 6804 
f 6681 6680 6804 6805 
f 6682 6681 6805 
f 6683 6682 6805 6806 
f 6677 6683 6806 
f 6668 6669 6795 
f 6803 6802 6804 
f 6804 6802 6805 
f 6805 6802 6806 
f 6692 6776 6802 6803 
f 6676 6677 6806 
f 6822 6823 6824 6821 
f 6807 6808 6837 6838 
f 6822 6807 6838 6823 
f 6836 6837 6808 6809 
f 6835 6836 6809 6810 
f 6834 6835 6810 6811 
f 6833 6834 6811 6812 
f 6832 6833 6812 6813 
f 6831 6832 6813 6814 
f 6830 6831 6814 6815 
f 6829 6830 6815 6816 
f 6828 6829 6816 6817 
f 6827 6828 6817 6818 
f 6826 6827 6818 6819 
f 6825 6826 6819 6820 
f 6824 6825 6820 6821 
f 6807 6822 6854 6839 
f 6822 6821 6853 6854 
f 6808 6807 6839 6840 
f 6821 6820 6852 6853 
f 6820 6819 6851 6852 
f 6819 6818 6850 6851 
f 6818 6817 6849 6850 
f 6817 6816 6848 6849 
f 6816 6815 6847 6848 
f 6815 6814 6846 6847 
f 6814 6813 6845 6846 
f 6813 6812 6844 6845 
f 6812 6811 6843 6844 
f 6811 6810 6842 6843 
f 6810 6809 6841 6842 
f 6809 6808 6840 6841 
f 6839 6854 6870 6855 
f 6854 6853 6869 6870 
f 6840 6839 6855 6856 
f 6853 6852 6868 6869 
f 6852 6851 6867 6868 
f 6851 6850 6866 6867 
f 6850 6849 6865 6866 
f 6849 6848 6864 6865 
f 6848 6847 6863 6864 
f 6847 6846 6862 6863 
f 6846 6845 6861 6862 
f 6845 6844 6860 6861 
f 6844 6843 6859 6860 
f 6843 6842 6858 6859 
f 6842 6841 6857 6858 
f 6841 6840 6856 6857 
f 6855 6870 6886 6871 
f 6870 6869 6885 6886 
f 6856 6855 6871 6872 
f 6869 6868 6884 6885 
f 6868 6867 6883 6884 
f 6867 6866 6882 6883 
f 6866 6865 6881 6882 
f 6865 6864 6880 6881 
f 6864 6863 6879 6880 
f 6863 6862 6878 6879 
f 6862 6861 6877 6878 
f 6861 6860 6876 6877 
f 6860 6859 6875 6876 
f 6859 6858 6874 6875 
f 6858 6857 6873 6874 
f 6857 6856 6872 6873 
f 6902 6903 6904 6901 
f 6887 6888 6917 6918 
f 6902 6887 6918 6903 
f 6916 6917 6888 6889 
f 6915 6916 6889 6890 
f 6914 6915 6890 6891 
f 6913 6914 6891 6892 
f 6912 6913 6892 6893 
f 6911 6912 6893 6894 
f 6910 6911 6894 6895 
f 6909 6910 6895 6896 
f 6908 6909 6896 6897 
f 6907 6908 6897 6898 
f 6906 6907 6898 6899 
f 6905 6906 6899 6900 
f 6904 6905 6900 6901 
f 6887 6902 6934 6919 
f 6902 6901 6933 6934 
f 6888 6887 6919 6920 
f 6901 6900 6932 6933 
f 6900 6899 6931 6932 
f 6899 6898 6930 6931 
f 6898 6897 6929 6930 
f 6897 6896 6928 6929 
f 6896 6895 6927 6928 
f 6895 6894 6926 6927 
f 6894 6893 6925 6926 
f 6893 6892 6924 6925 
f 6892 6891 6923 6924 
f 6891 6890 6922 6923 
f 6890 6889 6921 6922 
f 6889 6888 6920 6921 
f 6919 6934 6950 6935 
f 6934 6933 6949 6950 
f 6920 6919 6935 6936 
f 6933 6932 6948 6949 
f 6932 6931 6947 6948 
f 6931 6930 6946 6947 
f 6930 6929 6945 6946 
f 6929 6928 6944 6945 
f 6928 6927 6943 6944 
f 6927 6926 6942 6943 
f 6926 6925 6941 6942 
f 6925 6924 6940 6941 
f 6924 6923 6939 6940 
f 6923 6922 6938 6939 
f 6922 6921 6937 6938 
f 6921 6920 6936 6937 
f 6935 6950 6966 6951 
f 6950 6949 6965 6966 
f 6936 6935 6951 6952 
f 6949 6948 6964 6965 
f 6948 6947 6963 6964 
f 6947 6946 6962 6963 
f 6946 6945 6961 6962 
f 6945 6944 6960 6961 
f 6944 6943 6959 6960 
f 6943 6942 6958 6959 
f 6942 6941 6957 6958 
f 6941 6940 6956 6957 
f 6940 6939 6955 6956 
f 6939 6938 6954 6955 
f 6938 6937 6953 6954 
f 6937 6936 6952 6953 
f 6982 6983 6984 6981 
f 6967 6968 6997 6998 
f 6982 6967 6998 6983 
f 6996 6997 6968 6969 
f 6995 6996 6969 6970 
f 6994 6995 6970 6971 
f 6993 6994 6971 6972 
f 6992 6993 6972 6973 
f 6991 6992 6973 6974 
f 6990 6991 6974 6975 
f 6989 6990 6975 6976 
f 6988 6989 6976 6977 
f 6987 6988 6977 6978 
f 6986 6987 6978 6979 
f 6985 6986 6979 6980 
f 6984 6985 6980 6981 
f 6967 6982 7014 6999 
f 6982 6981 7013 7014 
f 6968 6967 6999 7000 
f 6981 6980 7012 7013 
f 6980 6979 7011 7012 
f 6979 6978 7010 7011 
f 6978 6977 7009 7010 
f 6977 6976 7008 7009 
f 6976 6975 7007 7008 
f 6975 6974 7006 7007 
f 6974 6973 7005 7006 
f 6973 6972 7004 7005 
f 6972 6971 7003 7004 
f 6971 6970 7002 7003 
f 6970 6969 7001 7002 
f 6969 6968 7000 7001 
f 6999 7014 7030 7015 
f 7014 7013 7029 7030 
f 7000 6999 7015 7016 
f 7013 7012 7028 7029 
f 7012 7011 7027 7028 
f 7011 7010 7026 7027 
f 7010 7009 7025 7026 
f 7009 7008 7024 7025 
f 7008 7007 7023 7024 
f 7007 7006 7022 7023 
f 7006 7005 7021 7022 
f 7005 7004 7020 7021 
f 7004 7003 7019 7020 
f 7003 7002 7018 7019 
f 7002 7001 7017 7018 
f 7001 7000 7016 7017 
f 7015 7030 7046 7031 
f 7030 7029 7045 7046 
f 7016 7015 7031 7032 
f 7029 7028 7044 7045 
f 7028 7027 7043 7044 
f 7027 7026 7042 7043 
f 7026 7025 7041 7042 
f 7025 7024 7040 7041 
f 7024 7023 7039 7040 
f 7023 7022 7038 7039 
f 7022 7021 7037 7038 
f 7021 7020 7036 7037 
f 7020 7019 7035 7036 
f 7019 7018 7034 7035 
f 7018 7017 7033 7034 
f 7017 7016 7032 7033 
f 7062 7063 7064 7061 
f 7047 7048 7077 7078 
f 7062 7047 7078 7063 
f 7076 7077 7048 7049 
f 7075 7076 7049 7050 
f 7074 7075 7050 7051 
f 7073 7074 7051 7052 
f 7072 7073 7052 7053 
f 7071 7072 7053 7054 
f 7070 7071 7054 7055 
f 7069 7070 7055 7056 
f 7068 7069 7056 7057 
f 7067 7068 7057 7058 
f 7066 7067 7058 7059 
f 7065 7066 7059 7060 
f 7064 7065 7060 7061 
f 7047 7062 7094 7079 
f 7062 7061 7093 7094 
f 7048 7047 7079 7080 
f 7061 7060 7092 7093 
f 7060 7059 7091 7092 
f 7059 7058 7090 7091 
f 7058 7057 7089 7090 
f 7057 7056 7088 7089 
f 7056 7055 7087 7088 
f 7055 7054 7086 7087 
f 7054 7053 7085 7086 
f 7053 7052 7084 7085 
f 7052 7051 7083 7084 
f 7051 7050 7082 7083 
f 7050 7049 7081 7082 
f 7049 7048 7080 7081 
f 7079 7094 7110 7095 
f 7094 7093 7109 7110 
f 7080 7079 7095 7096 
f 7093 7092 7108 7109 
f 7092 7091 7107 7108 
f 7091 7090 7106 7107 
f 7090 7089 7105 7106 
f 7089 7088 7104 7105 
f 7088 7087 7103 7104 
f 7087 7086 7102 7103 
f 7086 7085 7101 7102 
f 7085 7084 7100 7101 
f 7084 7083 7099 7100 
f 7083 7082 7098 7099 
f 7082 7081 7097 7098 
f 7081 7080 7096 7097 
f 7095 7110 7126 7111 
f 7110 7109 7125 7126 
f 7096 7095 7111 7112 
f 7109 7108 7124 7125 
f 7108 7107 7123 7124 
f 7107 7106 7122 7123 
f 7106 7105 7121 7122 
f 7105 7104 7120 7121 
f 7104 7103 7119 7120 
f 7103 7102 7118 7119 
f 7102 7101 7117 7118 
f 7101 7100 7116 7117 
f 7100 7099 7115 7116 
f 7099 7098 7114 7115 
f 7098 7097 7113 7114 
f 7097 7096 7112 7113 
f 7142 7143 7144 7141 
f 7127 7128 7157 7158 
f 7142 7127 7158 7143 
f 7156 7157 7128 7129 
f 7155 7156 7129 7130 
f 7154 7155 7130 7131 
f 7153 7154 7131 7132 
f 7152 7153 7132 7133 
f 7151 7152 7133 7134 
f 7150 7151 7134 7135 
f 7149 7150 7135 7136 
f 7148 7149 7136 7137 
f 7147 7148 7137 7138 
f 7146 7147 7138 7139 
f 7145 7146 7139 7140 
f 7144 7145 7140 7141 
f 7127 7142 7174 7159 
f 7142 7141 7173 7174 
f 7128 7127 7159 7160 
f 7141 7140 7172 7173 
f 7140 7139 7171 7172 
f 7139 7138 7170 7171 
f 7138 7137 7169 7170 
f 7137 7136 7168 7169 
f 7136 7135 7167 7168 
f 7135 7134 7166 7167 
f 7134 7133 7165 7166 
f 7133 7132 7164 7165 
f 7132 7131 7163 7164 
f 7131 7130 7162 7163 
f 7130 7129 7161 7162 
f 7129 7128 7160 7161 
f 7159 7174 7190 7175 
f 7174 7173 7189 7190 
f 7160 7159 7175 7176 
f 7173 7172 7188 7189 
f 7172 7171 7187 7188 
f 7171 7170 7186 7187 
f 7170 7169 7185 7186 
f 7169 7168 7184 7185 
f 7168 7167 7183 7184 
f 7167 7166 7182 7183 
f 7166 7165 7181 7182 
f 7165 7164 7180 7181 
f 7164 7163 7179 7180 
f 7163 7162 7178 7179 
f 7162 7161 7177 7178 
f 7161 7160 7176 7177 
f 7175 7190 7206 7191 
f 7190 7189 7205 7206 
f 7176 7175 7191 7192 
f 7189 7188 7204 7205 
f 7188 7187 7203 7204 
f 7187 7186 7202 7203 
f 7186 7185 7201 7202 
f 7185 7184 7200 7201 
f 7184 7183 7199 7200 
f 7183 7182 7198 7199 
f 7182 7181 7197 7198 
f 7181 7180 7196 7197 
f 7180 7179 7195 7196 
f 7179 7178 7194 7195 
f 7178 7177 7193 7194 
f 7177 7176 7192 7193 
f 7222 7223 7224 7221 
f 7207 7208 7237 7238 
f 7222 7207 7238 7223 
f 7236 7237 7208 7209 
f 7235 7236 7209 7210 
f 7234 7235 7210 7211 
f 7233 7234 7211 7212 
f 7232 7233 7212 7213 
f 7231 7232 7213 7214 
f 7230 7231 7214 7215 
f 7229 7230 7215 7216 
f 7228 7229 7216 7217 
f 7227 7228 7217 7218 
f 7226 7227 7218 7219 
f 7225 7226 7219 7220 
f 7224 7225 7220 7221 
f 7207 7222 7254 7239 
f 7222 7221 7253 7254 
f 7208 7207 7239 7240 
f 7221 7220 7252 7253 
f 7220 7219 7251 7252 
f 7219 7218 7250 7251 
f 7218 7217 7249 7250 
f 7217 7216 7248 7249 
f 7216 7215 7247 7248 
f 7215 7214 7246 7247 
f 7214 7213 7245 7246 
f 7213 7212 7244 7245 
f 7212 7211 7243 7244 
f 7211 7210 7242 7243 
f 7210 7209 7241 7242 
f 7209 7208 7240 7241 
f 7239 7254 7270 7255 
f 7254 7253 7269 7270 
f 7240 7239 7255 7256 
f 7253 7252 7268 7269 
f 7252 7251 7267 7268 
f 7251 7250 7266 7267 
f 7250 7249 7265 7266 
f 7249 7248 7264 7265 
f 7248 7247 7263 7264 
f 7247 7246 7262 7263 
f 7246 7245 7261 7262 
f 7245 7244 7260 7261 
f 7244 7243 7259 7260 
f 7243 7242 7258 7259 
f 7242 7241 7257 7258 
f 7241 7240 7256 7257 
f 7255 7270 7286 7271 
f 7270 7269 7285 7286 
f 7256 7255 7271 7272 
f 7269 7268 7284 7285 
f 7268 7267 7283 7284 
f 7267 7266 7282 7283 
f 7266 7265 7281 7282 
f 7265 7264 7280 7281 
f 7264 7263 7279 7280 
f 7263 7262 7278 7279 
f 7262 7261 7277 7278 
f 7261 7260 7276 7277 
f 7260 7259 7275 7276 
f 7259 7258 7274 7275 
f 7258 7257 7273 7274 
f 7257 7256 7272 7273 
f 7302 7303 7304 7301 
f 7287 7288 7317 7318 
f 7302 7287 7318 7303 
f 7316 7317 7288 7289 
f 7315 7316 7289 7290 
f 7314 7315 7290 7291 
f 7313 7314 7291 7292 
f 7312 7313 7292 7293 
f 7311 7312 7293 7294 
f 7310 7311 7294 7295 
f 7309 7310 7295 7296 
f 7308 7309 7296 7297 
f 7307 7308 7297 7298 
f 7306 7307 7298 7299 
f 7305 7306 7299 7300 
f 7304 7305 7300 7301 
f 7287 7302 7334 7319 
f 7302 7301 7333 7334 
f 7288 7287 7319 7320 
f 7301 7300 7332 7333 
f 7300 7299 7331 7332 
f 7299 7298 7330 7331 
f 7298 7297 7329 7330 
f 7297 7296 7328 7329 
f 7296 7295 7327 7328 
f 7295 7294 7326 7327 
f 7294 7293 7325 7326 
f 7293 7292 7324 7325 
f 7292 7291 7323 7324 
f 7291 7290 7322 7323 
f 7290 7289 7321 7322 
f 7289 7288 7320 7321 
f 7319 7334 7350 7335 
f 7334 7333 7349 7350 
f 7320 7319 7335 7336 
f 7333 7332 7348 7349 
f 7332 7331 7347 7348 
f 7331 7330 7346 7347 
f 7330 7329 7345 7346 
f 7329 7328 7344 7345 
f 7328 7327 7343 7344 
f 7327 7326 7342 7343 
f 7326 7325 7341 7342 
f 7325 7324 7340 7341 
f 7324 7323 7339 7340 
f 7323 7322 7338 7339 
f 7322 7321 7337 7338 
f 7321 7320 7336 7337 
f 7335 7350 7366 7351 
f 7350 7349 7365 7366 
f 7336 7335 7351 7352 
f 7349 7348 7364 7365 
f 7348 7347 7363 7364 
f 7347 7346 7362 7363 
f 7346 7345 7361 7362 
f 7345 7344 7360 7361 
f 7344 7343 7359 7360 
f 7343 7342 7358 7359 
f 7342 7341 7357 7358 
f 7341 7340 7356 7357 
f 7340 7339 7355 7356 
f 7339 7338 7354 7355 
f 7338 7337 7353 7354 
f 7337 7336 7352 7353 
f 7382 7383 7384 7381 
f 7367 7368 7397 7398 
f 7382 7367 7398 7383 
f 7396 7397 7368 7369 
f 7395 7396 7369 7370 
f 7394 7395 7370 7371 
f 7393 7394 7371 7372 
f 7392 7393 7372 7373 
f 7391 7392 7373 7374 
f 7390 7391 7374 7375 
f 7389 7390 7375 7376 
f 7388 7389 7376 7377 
f 7387 7388 7377 7378 
f 7386 7387 7378 7379 
f 7385 7386 7379 7380 
f 7384 7385 7380 7381 
f 7367 7382 7414 7399 
f 7382 7381 7413 7414 
f 7368 7367 7399 7400 
f 7381 7380 7412 7413 
f 7380 7379 7411 7412 
f 7379 7378 7410 7411 
f 7378 7377 7409 7410 
f 7377 7376 7408 7409 
f 7376 7375 7407 7408 
f 7375 7374 7406 7407 
f 7374 7373 7405 7406 
f 7373 7372 7404 7405 
f 7372 7371 7403 7404 
f 7371 7370 7402 7403 
f 7370 7369 7401 7402 
f 7369 7368 7400 7401 
s 2
f 7399 7414 7430 7415 
f 7414 7413 7429 7430 
f 7400 7399 7415 7416 
f 7413 7412 7428 7429 
f 7412 7411 7427 7428 
f 7411 7410 7426 7427 
f 7410 7409 7425 7426 
f 7409 7408 7424 7425 
f 7408 7407 7423 7424 
f 7407 7406 7422 7423 
f 7406 7405 7421 7422 
f 7405 7404 7420 7421 
f 7404 7403 7419 7420 
f 7403 7402 7418 7419 
f 7402 7401 7417 7418 
f 7401 7400 7416 7417 
f 7415 7430 7446 7431 
f 7430 7429 7445 7446 
f 7416 7415 7431 7432 
f 7429 7428 7444 7445 
f 7428 7427 7443 7444 
f 7427 7426 7442 7443 
f 7426 7425 7441 7442 
f 7425 7424 7440 7441 
f 7424 7423 7439 7440 
f 7423 7422 7438 7439 
f 7422 7421 7437 7438 
f 7421 7420 7436 7437 
f 7420 7419 7435 7436 
f 7419 7418 7434 7435 
f 7418 7417 7433 7434 
f 7417 7416 7432 7433 
s 1
f 7462 7463 7464 7461 
f 7447 7448 7477 7478 
f 7462 7447 7478 7463 
f 7476 7477 7448 7449 
f 7475 7476 7449 7450 
f 7474 7475 7450 7451 
f 7473 7474 7451 7452 
f 7472 7473 7452 7453 
f 7471 7472 7453 7454 
f 7470 7471 7454 7455 
f 7469 7470 7455 7456 
f 7468 7469 7456 7457 
f 7467 7468 7457 7458 
f 7466 7467 7458 7459 
f 7465 7466 7459 7460 
f 7464 7465 7460 7461 
f 7447 7462 7494 7479 
f 7462 7461 7493 7494 
f 7448 7447 7479 7480 
f 7461 7460 7492 7493 
f 7460 7459 7491 7492 
f 7459 7458 7490 7491 
f 7458 7457 7489 7490 
f 7457 7456 7488 7489 
f 7456 7455 7487 7488 
f 7455 7454 7486 7487 
f 7454 7453 7485 7486 
f 7453 7452 7484 7485 
f 7452 7451 7483 7484 
f 7451 7450 7482 7483 
f 7450 7449 7481 7482 
f 7449 7448 7480 7481 
f 7479 7494 7510 7495 
f 7494 7493 7509 7510 
f 7480 7479 7495 7496 
f 7493 7492 7508 7509 
f 7492 7491 7507 7508 
f 7491 7490 7506 7507 
f 7490 7489 7505 7506 
f 7489 7488 7504 7505 
f 7488 7487 7503 7504 
f 7487 7486 7502 7503 
f 7486 7485 7501 7502 
f 7485 7484 7500 7501 
f 7484 7483 7499 7500 
f 7483 7482 7498 7499 
f 7482 7481 7497 7498 
f 7481 7480 7496 7497 
f 7495 7510 7526 7511 
f 7510 7509 7525 7526 
f 7496 7495 7511 7512 
f 7509 7508 7524 7525 
f 7508 7507 7523 7524 
f 7507 7506 7522 7523 
f 7506 7505 7521 7522 
f 7505 7504 7520 7521 
f 7504 7503 7519 7520 
f 7503 7502 7518 7519 
f 7502 7501 7517 7518 
f 7501 7500 7516 7517 
f 7500 7499 7515 7516 
f 7499 7498 7514 7515 
f 7498 7497 7513 7514 
f 7497 7496 7512 7513 
f 7542 7543 7544 7541 
f 7527 7528 7557 7558 
f 7542 7527 7558 7543 
f 7556 7557 7528 7529 
f 7555 7556 7529 7530 
f 7554 7555 7530 7531 
f 7553 7554 7531 7532 
f 7552 7553 7532 7533 
f 7551 7552 7533 7534 
f 7550 7551 7534 7535 
f 7549 7550 7535 7536 
f 7548 7549 7536 7537 
f 7547 7548 7537 7538 
f 7546 7547 7538 7539 
f 7545 7546 7539 7540 
f 7544 7545 7540 7541 
f 7527 7542 7574 7559 
f 7542 7541 7573 7574 
f 7528 7527 7559 7560 
f 7541 7540 7572 7573 
f 7540 7539 7571 7572 
f 7539 7538 7570 7571 
f 7538 7537 7569 7570 
f 7537 7536 7568 7569 
f 7536 7535 7567 7568 
f 7535 7534 7566 7567 
f 7534 7533 7565 7566 
f 7533 7532 7564 7565 
f 7532 7531 7563 7564 
f 7531 7530 7562 7563 
f 7530 7529 7561 7562 
f 7529 7528 7560 7561 
f 7559 7574 7590 7575 
f 7574 7573 7589 7590 
f 7560 7559 7575 7576 
f 7573 7572 7588 7589 
f 7572 7571 7587 7588 
f 7571 7570 7586 7587 
f 7570 7569 7585 7586 
f 7569 7568 7584 7585 
f 7568 7567 7583 7584 
f 7567 7566 7582 7583 
f 7566 7565 7581 7582 
f 7565 7564 7580 7581 
f 7564 7563 7579 7580 
f 7563 7562 7578 7579 
f 7562 7561 7577 7578 
f 7561 7560 7576 7577 
f 7575 7590 7606 7591 
f 7590 7589 7605 7606 
f 7576 7575 7591 7592 
f 7589 7588 7604 7605 
f 7588 7587 7603 7604 
f 7587 7586 7602 7603 
f 7586 7585 7601 7602 
f 7585 7584 7600 7601 
f 7584 7583 7599 7600 
f 7583 7582 7598 7599 
f 7582 7581 7597 7598 
f 7581 7580 7596 7597 
f 7580 7579 7595 7596 
f 7579 7578 7594 7595 
f 7578 7577 7593 7594 
f 7577 7576 7592 7593 
f 7622 7623 7624 7621 
f 7607 7608 7637 7638 
f 7622 7607 7638 7623 
f 7636 7637 7608 7609 
f 7635 7636 7609 7610 
f 7634 7635 7610 7611 
f 7633 7634 7611 7612 
f 7632 7633 7612 7613 
f 7631 7632 7613 7614 
f 7630 7631 7614 7615 
f 7629 7630 7615 7616 
f 7628 7629 7616 7617 
f 7627 7628 7617 7618 
f 7626 7627 7618 7619 
f 7625 7626 7619 7620 
f 7624 7625 7620 7621 
f 7607 7622 7654 7639 
f 7622 7621 7653 7654 
f 7608 7607 7639 7640 
f 7621 7620 7652 7653 
f 7620 7619 7651 7652 
f 7619 7618 7650 7651 
f 7618 7617 7649 7650 
f 7617 7616 7648 7649 
f 7616 7615 7647 7648 
f 7615 7614 7646 7647 
f 7614 7613 7645 7646 
f 7613 7612 7644 7645 
f 7612 7611 7643 7644 
f 7611 7610 7642 7643 
f 7610 7609 7641 7642 
f 7609 7608 7640 7641 
f 7639 7654 7670 7655 
f 7654 7653 7669 7670 
f 7640 7639 7655 7656 
f 7653 7652 7668 7669 
f 7652 7651 7667 7668 
f 7651 7650 7666 7667 
f 7650 7649 7665 7666 
f 7649 7648 7664 7665 
f 7648 7647 7663 7664 
f 7647 7646 7662 7663 
f 7646 7645 7661 7662 
f 7645 7644 7660 7661 
f 7644 7643 7659 7660 
f 7643 7642 7658 7659 
f 7642 7641 7657 7658 
f 7641 7640 7656 7657 
f 7655 7670 7686 7671 
f 7670 7669 7685 7686 
f 7656 7655 7671 7672 
f 7669 7668 7684 7685 
f 7668 7667 7683 7684 
f 7667 7666 7682 7683 
f 7666 7665 7681 7682 
f 7665 7664 7680 7681 
f 7664 7663 7679 7680 
f 7663 7662 7678 7679 
f 7662 7661 7677 7678 
f 7661 7660 7676 7677 
f 7660 7659 7675 7676 
f 7659 7658 7674 7675 
f 7658 7657 7673 7674 
f 7657 7656 7672 7673 
f 7702 7703 7704 7701 
f 7687 7688 7717 7718 
f 7702 7687 7718 7703 
f 7716 7717 7688 7689 
f 7715 7716 7689 7690 
f 7714 7715 7690 7691 
f 7713 7714 7691 7692 
f 7712 7713 7692 7693 
f 7711 7712 7693 7694 
f 7710 7711 7694 7695 
f 7709 7710 7695 7696 
f 7708 7709 7696 7697 
f 7707 7708 7697 7698 
f 7706 7707 7698 7699 
f 7705 7706 7699 7700 
f 7704 7705 7700 7701 
f 7687 7702 7734 7719 
f 7702 7701 7733 7734 
f 7688 7687 7719 7720 
f 7701 7700 7732 7733 
f 7700 7699 7731 7732 
f 7699 7698 7730 7731 
f 7698 7697 7729 7730 
f 7697 7696 7728 7729 
f 7696 7695 7727 7728 
f 7695 7694 7726 7727 
f 7694 7693 7725 7726 
f 7693 7692 7724 7725 
f 7692 7691 7723 7724 
f 7691 7690 7722 7723 
f 7690 7689 7721 7722 
f 7689 7688 7720 7721 
f 7719 7734 7750 7735 
f 7734 7733 7749 7750 
f 7720 7719 7735 7736 
f 7733 7732 7748 7749 
f 7732 7731 7747 7748 
f 7731 7730 7746 7747 
f 7730 7729 7745 7746 
f 7729 7728 7744 7745 
f 7728 7727 7743 7744 
f 7727 7726 7742 7743 
f 7726 7725 7741 7742 
f 7725 7724 7740 7741 
f 7724 7723 7739 7740 
f 7723 7722 7738 7739 
f 7722 7721 7737 7738 
f 7721 7720 7736 7737 
f 7735 7750 7766 7751 
f 7750 7749 7765 7766 
f 7736 7735 7751 7752 
f 7749 7748 7764 7765 
f 7748 7747 7763 7764 
f 7747 7746 7762 7763 
f 7746 7745 7761 7762 
f 7745 7744 7760 7761 
f 7744 7743 7759 7760 
f 7743 7742 7758 7759 
f 7742 7741 7757 7758 
f 7741 7740 7756 7757 
f 7740 7739 7755 7756 
f 7739 7738 7754 7755 
f 7738 7737 7753 7754 
f 7737 7736 7752 7753 
f 7782 7783 7784 7781 
f 7767 7768 7797 7798 
f 7782 7767 7798 7783 
f 7796 7797 7768 7769 
f 7795 7796 7769 7770 
f 7794 7795 7770 7771 
f 7793 7794 7771 7772 
f 7792 7793 7772 7773 
f 7791 7792 7773 7774 
f 7790 7791 7774 7775 
f 7789 7790 7775 7776 
f 7788 7789 7776 7777 
f 7787 7788 7777 7778 
f 7786 7787 7778 7779 
f 7785 7786 7779 7780 
f 7784 7785 7780 7781 
f 7767 7782 7814 7799 
f 7782 7781 7813 7814 
f 7768 7767 7799 7800 
f 7781 7780 7812 7813 
f 7780 7779 7811 7812 
f 7779 7778 7810 7811 
f 7778 7777 7809 7810 
f 7777 7776 7808 7809 
f 7776 7775 7807 7808 
f 7775 7774 7806 7807 
f 7774 7773 7805 7806 
f 7773 7772 7804 7805 
f 7772 7771 7803 7804 
f 7771 7770 7802 7803 
f 7770 7769 7801 7802 
f 7769 7768 7800 7801 
f 7799 7814 7830 7815 
f 7814 7813 7829 7830 
f 7800 7799 7815 7816 
f 7813 7812 7828 7829 
f 7812 7811 7827 7828 
f 7811 7810 7826 7827 
f 7810 7809 7825 7826 
f 7809 7808 7824 7825 
f 7808 7807 7823 7824 
f 7807 7806 7822 7823 
f 7806 7805 7821 7822 
f 7805 7804 7820 7821 
f 7804 7803 7819 7820 
f 7803 7802 7818 7819 
f 7802 7801 7817 7818 
f 7801 7800 7816 7817 
f 7815 7830 7846 7831 
f 7830 7829 7845 7846 
f 7816 7815 7831 7832 
f 7829 7828 7844 7845 
f 7828 7827 7843 7844 
f 7827 7826 7842 7843 
f 7826 7825 7841 7842 
f 7825 7824 7840 7841 
f 7824 7823 7839 7840 
f 7823 7822 7838 7839 
f 7822 7821 7837 7838 
f 7821 7820 7836 7837 
f 7820 7819 7835 7836 
f 7819 7818 7834 7835 
f 7818 7817 7833 7834 
f 7817 7816 7832 7833 
f 7862 7863 7864 7861 
f 7847 7848 7877 7878 
f 7862 7847 7878 7863 
f 7876 7877 7848 7849 
f 7875 7876 7849 7850 
f 7874 7875 7850 7851 
f 7873 7874 7851 7852 
f 7872 7873 7852 7853 
f 7871 7872 7853 7854 
f 7870 7871 7854 7855 
f 7869 7870 7855 7856 
f 7868 7869 7856 7857 
f 7867 7868 7857 7858 
f 7866 7867 7858 7859 
f 7865 7866 7859 7860 
f 7864 7865 7860 7861 
f 7847 7862 7894 7879 
f 7862 7861 7893 7894 
f 7848 7847 7879 7880 
f 7861 7860 7892 7893 
f 7860 7859 7891 7892 
f 7859 7858 7890 7891 
f 7858 7857 7889 7890 
f 7857 7856 7888 7889 
f 7856 7855 7887 7888 
f 7855 7854 7886 7887 
f 7854 7853 7885 7886 
f 7853 7852 7884 7885 
f 7852 7851 7883 7884 
f 7851 7850 7882 7883 
f 7850 7849 7881 7882 
f 7849 7848 7880 7881 
f 7879 7894 7910 7895 
f 7894 7893 7909 7910 
f 7880 7879 7895 7896 
f 7893 7892 7908 7909 
f 7892 7891 7907 7908 
f 7891 7890 7906 7907 
f 7890 7889 7905 7906 
f 7889 7888 7904 7905 
f 7888 7887 7903 7904 
f 7887 7886 7902 7903 
f 7886 7885 7901 7902 
f 7885 7884 7900 7901 
f 7884 7883 7899 7900 
f 7883 7882 7898 7899 
f 7882 7881 7897 7898 
f 7881 7880 7896 7897 
f 7895 7910 7926 7911 
f 7910 7909 7925 7926 
f 7896 7895 7911 7912 
f 7909 7908 7924 7925 
f 7908 7907 7923 7924 
f 7907 7906 7922 7923 
f 7906 7905 7921 7922 
f 7905 7904 7920 7921 
f 7904 7903 7919 7920 
f 7903 7902 7918 7919 
f 7902 7901 7917 7918 
f 7901 7900 7916 7917 
f 7900 7899 7915 7916 
f 7899 7898 7914 7915 
f 7898 7897 7913 7914 
f 7897 7896 7912 7913 
f 7942 7943 7944 7941 
f 7942 7927 7957 7943 
f 7956 16654 7928 7929 
f 7955 7956 7929 7930 
f 7954 7955 7930 7931 
f 7953 7954 7931 7932 
f 7952 7953 7932 7933 
f 7951 7952 7933 7934 
f 7950 7951 7934 7935 
f 7949 7950 7935 7936 
f 7948 7949 7936 7937 
f 7947 7948 7937 7938 
f 7946 7947 7938 7939 
f 7945 7946 7939 7940 
f 7944 7945 7940 7941 
f 7927 7942 7973 7958 
f 7942 7941 7972 7973 
f 7928 7927 7958 7959 
f 7941 7940 7971 7972 
f 7940 7939 7970 7971 
f 7939 7938 7969 7970 
f 7938 7937 7968 7969 
f 7937 7936 7967 7968 
f 7936 7935 7966 7967 
f 7935 7934 7965 7966 
f 7934 7933 7964 7965 
f 7933 7932 7963 7964 
f 7932 7931 7962 7963 
f 7931 7930 7961 7962 
f 7930 7929 7960 7961 
f 7929 7928 7959 7960 
f 7958 7973 7989 7974 
f 7973 7972 7988 7989 
f 7959 7958 7974 7975 
f 7972 7971 7987 7988 
f 7971 7970 7986 7987 
f 7970 7969 7985 7986 
f 7969 7968 7984 7985 
f 7968 7967 7983 7984 
f 7967 7966 7982 7983 
f 7966 7965 7981 7982 
f 7965 7964 7980 7981 
f 7964 7963 7979 7980 
f 7963 7962 7978 7979 
f 7962 7961 7977 7978 
f 7961 7960 7976 7977 
f 7960 7959 7975 7976 
f 7974 7989 8005 7990 
f 7989 7988 8004 8005 
f 7975 7974 7990 7991 
f 7988 7987 8003 8004 
f 7987 7986 8002 8003 
f 7986 7985 8001 8002 
f 7985 7984 8000 8001 
f 7984 7983 7999 8000 
f 7983 7982 7998 7999 
f 7982 7981 7997 7998 
f 7981 7980 7996 7997 
f 7980 7979 7995 7996 
f 7979 7978 7994 7995 
f 7978 7977 7993 7994 
f 7977 7976 7992 7993 
f 7976 7975 7991 7992 
f 8021 8022 8023 8020 
f 8006 8007 8036 8037 
f 8021 8006 8037 8022 
f 8035 8036 8007 8008 
f 8034 8035 8008 8009 
f 8033 8034 8009 8010 
f 8032 8033 8010 8011 
f 8031 8032 8011 8012 
f 8030 8031 8012 8013 
f 8029 8030 8013 8014 
f 8028 8029 8014 8015 
f 8027 8028 8015 8016 
f 8026 8027 8016 8017 
f 8025 8026 8017 8018 
f 8024 8025 8018 8019 
f 8023 8024 8019 8020 
f 8006 8021 8053 8038 
f 8021 8020 8052 8053 
f 8007 8006 8038 8039 
f 8020 8019 8051 8052 
f 8019 8018 8050 8051 
f 8018 8017 8049 8050 
f 8017 8016 8048 8049 
f 8016 8015 8047 8048 
f 8015 8014 8046 8047 
f 8014 8013 8045 8046 
f 8013 8012 8044 8045 
f 8012 8011 8043 8044 
f 8011 8010 8042 8043 
f 8010 8009 8041 8042 
f 8009 8008 8040 8041 
f 8008 8007 8039 8040 
f 8038 8053 8069 8054 
f 8053 8052 8068 8069 
f 8039 8038 8054 8055 
f 8052 8051 8067 8068 
f 8051 8050 8066 8067 
f 8050 8049 8065 8066 
f 8049 8048 8064 8065 
f 8048 8047 8063 8064 
f 8047 8046 8062 8063 
f 8046 8045 8061 8062 
f 8045 8044 8060 8061 
f 8044 8043 8059 8060 
f 8043 8042 8058 8059 
f 8042 8041 8057 8058 
f 8041 8040 8056 8057 
f 8040 8039 8055 8056 
f 8054 8069 8085 8070 
f 8069 8068 8084 8085 
f 8055 8054 8070 8071 
f 8068 8067 8083 8084 
f 8067 8066 8082 8083 
f 8066 8065 8081 8082 
f 8065 8064 8080 8081 
f 8064 8063 8079 8080 
f 8063 8062 8078 8079 
f 8062 8061 8077 8078 
f 8061 8060 8076 8077 
f 8060 8059 8075 8076 
f 8059 8058 8074 8075 
f 8058 8057 8073 8074 
f 8057 8056 8072 8073 
f 8056 8055 8071 8072 
f 8101 8102 8103 8100 
f 8086 8087 8116 8117 
f 8101 8086 8117 8102 
f 8115 8116 8087 8088 
f 8114 8115 8088 8089 
f 8113 8114 8089 8090 
f 8112 8113 8090 8091 
f 8111 8112 8091 8092 
f 8110 8111 8092 8093 
f 8109 8110 8093 8094 
f 8108 8109 8094 8095 
f 8107 8108 8095 8096 
f 8106 8107 8096 8097 
f 8105 8106 8097 8098 
f 8104 8105 8098 8099 
f 8103 8104 8099 8100 
f 8086 8101 8133 8118 
f 8101 8100 8132 8133 
f 8087 8086 8118 8119 
f 8100 8099 8131 8132 
f 8099 8098 8130 8131 
f 8098 8097 8129 8130 
f 8097 8096 8128 8129 
f 8096 8095 8127 8128 
f 8095 8094 8126 8127 
f 8094 8093 8125 8126 
f 8093 8092 8124 8125 
f 8092 8091 8123 8124 
f 8091 8090 8122 8123 
f 8090 8089 8121 8122 
f 8089 8088 8120 8121 
f 8088 8087 8119 8120 
f 8118 8133 8149 8134 
f 8133 8132 8148 8149 
f 8119 8118 8134 8135 
f 8132 8131 8147 8148 
f 8131 8130 8146 8147 
f 8130 8129 8145 8146 
f 8129 8128 8144 8145 
f 8128 8127 8143 8144 
f 8127 8126 8142 8143 
f 8126 8125 8141 8142 
f 8125 8124 8140 8141 
f 8124 8123 8139 8140 
f 8123 8122 8138 8139 
f 8122 8121 8137 8138 
f 8121 8120 8136 8137 
f 8120 8119 8135 8136 
f 8134 8149 8165 8150 
f 8149 8148 8164 8165 
f 8135 8134 8150 8151 
f 8148 8147 8163 8164 
f 8147 8146 8162 8163 
f 8146 8145 8161 8162 
f 8145 8144 8160 8161 
f 8144 8143 8159 8160 
f 8143 8142 8158 8159 
f 8142 8141 8157 8158 
f 8141 8140 8156 8157 
f 8140 8139 8155 8156 
f 8139 8138 8154 8155 
f 8138 8137 8153 8154 
f 8137 8136 8152 8153 
f 8136 8135 8151 8152 
f 8181 8182 8183 8180 
f 8166 8167 8196 8197 
f 8181 8166 8197 8182 
f 8195 8196 8167 8168 
f 8194 8195 8168 8169 
f 8193 8194 8169 8170 
f 8192 8193 8170 8171 
f 8191 8192 8171 8172 
f 8190 8191 8172 8173 
f 8189 8190 8173 8174 
f 8188 8189 8174 8175 
f 8187 8188 8175 8176 
f 8186 8187 8176 8177 
f 8185 8186 8177 8178 
f 8184 8185 8178 8179 
f 8183 8184 8179 8180 
f 8166 8181 8213 8198 
f 8181 8180 8212 8213 
f 8167 8166 8198 8199 
f 8180 8179 8211 8212 
f 8179 8178 8210 8211 
f 8178 8177 8209 8210 
f 8177 8176 8208 8209 
f 8176 8175 8207 8208 
f 8175 8174 8206 8207 
f 8174 8173 8205 8206 
f 8173 8172 8204 8205 
f 8172 8171 8203 8204 
f 8171 8170 8202 8203 
f 8170 8169 8201 8202 
f 8169 8168 8200 8201 
f 8168 8167 8199 8200 
f 8198 8213 8229 8214 
f 8213 8212 8228 8229 
f 8199 8198 8214 8215 
f 8212 8211 8227 8228 
f 8211 8210 8226 8227 
f 8210 8209 8225 8226 
f 8209 8208 8224 8225 
f 8208 8207 8223 8224 
f 8207 8206 8222 8223 
f 8206 8205 8221 8222 
f 8205 8204 8220 8221 
f 8204 8203 8219 8220 
f 8203 8202 8218 8219 
f 8202 8201 8217 8218 
f 8201 8200 8216 8217 
f 8200 8199 8215 8216 
f 8214 8229 8245 8230 
f 8229 8228 8244 8245 
f 8215 8214 8230 8231 
f 8228 8227 8243 8244 
f 8227 8226 8242 8243 
f 8226 8225 8241 8242 
f 8225 8224 8240 8241 
f 8224 8223 8239 8240 
f 8223 8222 8238 8239 
f 8222 8221 8237 8238 
f 8221 8220 8236 8237 
f 8220 8219 8235 8236 
f 8219 8218 8234 8235 
f 8218 8217 8233 8234 
f 8217 8216 8232 8233 
f 8216 8215 8231 8232 
f 8261 8262 8263 8260 
f 8246 8247 8276 8277 
f 8261 8246 8277 8262 
f 8275 8276 8247 8248 
f 8274 8275 8248 8249 
f 8273 8274 8249 8250 
f 8272 8273 8250 8251 
f 8271 8272 8251 8252 
f 8270 8271 8252 8253 
f 8269 8270 8253 8254 
f 8268 8269 8254 8255 
f 8267 8268 8255 8256 
f 8266 8267 8256 8257 
f 8265 8266 8257 8258 
f 8264 8265 8258 8259 
f 8263 8264 8259 8260 
f 8246 8261 8293 8278 
f 8261 8260 8292 8293 
f 8247 8246 8278 8279 
f 8260 8259 8291 8292 
f 8259 8258 8290 8291 
f 8258 8257 8289 8290 
f 8257 8256 8288 8289 
f 8256 8255 8287 8288 
f 8255 8254 8286 8287 
f 8254 8253 8285 8286 
f 8253 8252 8284 8285 
f 8252 8251 8283 8284 
f 8251 8250 8282 8283 
f 8250 8249 8281 8282 
f 8249 8248 8280 8281 
f 8248 8247 8279 8280 
f 8278 8293 8309 8294 
f 8293 8292 8308 8309 
f 8279 8278 8294 8295 
f 8292 8291 8307 8308 
f 8291 8290 8306 8307 
f 8290 8289 8305 8306 
f 8289 8288 8304 8305 
f 8288 8287 8303 8304 
f 8287 8286 8302 8303 
f 8286 8285 8301 8302 
f 8285 8284 8300 8301 
f 8284 8283 8299 8300 
f 8283 8282 8298 8299 
f 8282 8281 8297 8298 
f 8281 8280 8296 8297 
f 8280 8279 8295 8296 
f 8294 8309 8325 8310 
f 8309 8308 8324 8325 
f 8295 8294 8310 8311 
f 8308 8307 8323 8324 
f 8307 8306 8322 8323 
f 8306 8305 8321 8322 
f 8305 8304 8320 8321 
f 8304 8303 8319 8320 
f 8303 8302 8318 8319 
f 8302 8301 8317 8318 
f 8301 8300 8316 8317 
f 8300 8299 8315 8316 
f 8299 8298 8314 8315 
f 8298 8297 8313 8314 
f 8297 8296 8312 8313 
f 8296 8295 8311 8312 
f 8341 8342 8343 8340 
f 8326 8327 8356 8357 
f 8341 8326 8357 8342 
f 8355 8356 8327 8328 
f 8354 8355 8328 8329 
f 8353 8354 8329 8330 
f 8352 8353 8330 8331 
f 8351 8352 8331 8332 
f 8350 8351 8332 8333 
f 8349 8350 8333 8334 
f 8348 8349 8334 8335 
f 8347 8348 8335 8336 
f 8346 8347 8336 8337 
f 8345 8346 8337 8338 
f 8344 8345 8338 8339 
f 8343 8344 8339 8340 
f 8326 8341 8373 8358 
f 8341 8340 8372 8373 
f 8327 8326 8358 8359 
f 8340 8339 8371 8372 
f 8339 8338 8370 8371 
f 8338 8337 8369 8370 
f 8337 8336 8368 8369 
f 8336 8335 8367 8368 
f 8335 8334 8366 8367 
f 8334 8333 8365 8366 
f 8333 8332 8364 8365 
f 8332 8331 8363 8364 
f 8331 8330 8362 8363 
f 8330 8329 8361 8362 
f 8329 8328 8360 8361 
f 8328 8327 8359 8360 
f 8358 8373 8389 8374 
f 8373 8372 8388 8389 
f 8359 8358 8374 8375 
f 8372 8371 8387 8388 
f 8371 8370 8386 8387 
f 8370 8369 8385 8386 
f 8369 8368 8384 8385 
f 8368 8367 8383 8384 
f 8367 8366 8382 8383 
f 8366 8365 8381 8382 
f 8365 8364 8380 8381 
f 8364 8363 8379 8380 
f 8363 8362 8378 8379 
f 8362 8361 8377 8378 
f 8361 8360 8376 8377 
f 8360 8359 8375 8376 
f 8374 8389 8405 8390 
f 8389 8388 8404 8405 
f 8375 8374 8390 8391 
f 8388 8387 8403 8404 
f 8387 8386 8402 8403 
f 8386 8385 8401 8402 
f 8385 8384 8400 8401 
f 8384 8383 8399 8400 
f 8383 8382 8398 8399 
f 8382 8381 8397 8398 
f 8381 8380 8396 8397 
f 8380 8379 8395 8396 
f 8379 8378 8394 8395 
f 8378 8377 8393 8394 
f 8377 8376 8392 8393 
f 8376 8375 8391 8392 
f 8421 8422 8423 8420 
f 8406 8407 8436 8437 
f 8421 8406 8437 8422 
f 8435 8436 8407 8408 
f 8434 8435 8408 8409 
f 8433 8434 8409 8410 
f 8432 8433 8410 8411 
f 8431 8432 8411 8412 
f 8430 8431 8412 8413 
f 8429 8430 8413 8414 
f 8428 8429 8414 8415 
f 8427 8428 8415 8416 
f 8426 8427 8416 8417 
f 8425 8426 8417 8418 
f 8424 8425 8418 8419 
f 8423 8424 8419 8420 
f 8406 8421 8453 8438 
f 8421 8420 8452 8453 
f 8407 8406 8438 8439 
f 8420 8419 8451 8452 
f 8419 8418 8450 8451 
f 8418 8417 8449 8450 
f 8417 8416 8448 8449 
f 8416 8415 8447 8448 
f 8415 8414 8446 8447 
f 8414 8413 8445 8446 
f 8413 8412 8444 8445 
f 8412 8411 8443 8444 
f 8411 8410 8442 8443 
f 8410 8409 8441 8442 
f 8409 8408 8440 8441 
f 8408 8407 8439 8440 
f 8438 8453 8469 8454 
f 8453 8452 8468 8469 
f 8439 8438 8454 8455 
f 8452 8451 8467 8468 
f 8451 8450 8466 8467 
f 8450 8449 8465 8466 
f 8449 8448 8464 8465 
f 8448 8447 8463 8464 
f 8447 8446 8462 8463 
f 8446 8445 8461 8462 
f 8445 8444 8460 8461 
f 8444 8443 8459 8460 
f 8443 8442 8458 8459 
f 8442 8441 8457 8458 
f 8441 8440 8456 8457 
f 8440 8439 8455 8456 
f 8454 8469 8485 8470 
f 8469 8468 8484 8485 
f 8455 8454 8470 8471 
f 8468 8467 8483 8484 
f 8467 8466 8482 8483 
f 8466 8465 8481 8482 
f 8465 8464 8480 8481 
f 8464 8463 8479 8480 
f 8463 8462 8478 8479 
f 8462 8461 8477 8478 
f 8461 8460 8476 8477 
f 8460 8459 8475 8476 
f 8459 8458 8474 8475 
f 8458 8457 8473 8474 
f 8457 8456 8472 8473 
f 8456 8455 8471 8472 
f 8501 8502 8503 8500 
f 8486 8487 8516 8517 
f 8501 8486 8517 8502 
f 8515 8516 8487 8488 
f 8514 8515 8488 8489 
f 8513 8514 8489 8490 
f 8512 8513 8490 8491 
f 8511 8512 8491 8492 
f 8510 8511 8492 8493 
f 8509 8510 8493 8494 
f 8508 8509 8494 8495 
f 8507 8508 8495 8496 
f 8506 8507 8496 8497 
f 8505 8506 8497 8498 
f 8504 8505 8498 8499 
f 8503 8504 8499 8500 
f 8486 8501 8533 8518 
f 8501 8500 8532 8533 
f 8487 8486 8518 8519 
f 8500 8499 8531 8532 
f 8499 8498 8530 8531 
f 8498 8497 8529 8530 
f 8497 8496 8528 8529 
f 8496 8495 8527 8528 
f 8495 8494 8526 8527 
f 8494 8493 8525 8526 
f 8493 8492 8524 8525 
f 8492 8491 8523 8524 
f 8491 8490 8522 8523 
f 8490 8489 8521 8522 
f 8489 8488 8520 8521 
f 8488 8487 8519 8520 
f 8518 8533 8549 8534 
f 8533 8532 8548 8549 
f 8519 8518 8534 8535 
f 8532 8531 8547 8548 
f 8531 8530 8546 8547 
f 8530 8529 8545 8546 
f 8529 8528 8544 8545 
f 8528 8527 8543 8544 
f 8527 8526 8542 8543 
f 8526 8525 8541 8542 
f 8525 8524 8540 8541 
f 8524 8523 8539 8540 
f 8523 8522 8538 8539 
f 8522 8521 8537 8538 
f 8521 8520 8536 8537 
f 8520 8519 8535 8536 
f 8534 8549 8565 8550 
f 8549 8548 8564 8565 
f 8535 8534 8550 8551 
f 8548 8547 8563 8564 
f 8547 8546 8562 8563 
f 8546 8545 8561 8562 
f 8545 8544 8560 8561 
f 8544 8543 8559 8560 
f 8543 8542 8558 8559 
f 8542 8541 8557 8558 
f 8541 8540 8556 8557 
f 8540 8539 8555 8556 
f 8539 8538 8554 8555 
f 8538 8537 8553 8554 
f 8537 8536 8552 8553 
f 8536 8535 8551 8552 
f 8581 8582 8583 8580 
f 8566 8567 8596 8597 
f 8581 8566 8597 8582 
f 8595 8596 8567 8568 
f 8594 8595 8568 8569 
f 8593 8594 8569 8570 
f 8592 8593 8570 8571 
f 8591 8592 8571 8572 
f 8590 8591 8572 8573 
f 8589 8590 8573 8574 
f 8588 8589 8574 8575 
f 8587 8588 8575 8576 
f 8586 8587 8576 8577 
f 8585 8586 8577 8578 
f 8584 8585 8578 8579 
f 8583 8584 8579 8580 
f 8566 8581 8613 8598 
f 8581 8580 8612 8613 
f 8567 8566 8598 8599 
f 8580 8579 8611 8612 
f 8579 8578 8610 8611 
f 8578 8577 8609 8610 
f 8577 8576 8608 8609 
f 8576 8575 8607 8608 
f 8575 8574 8606 8607 
f 8574 8573 8605 8606 
f 8573 8572 8604 8605 
f 8572 8571 8603 8604 
f 8571 8570 8602 8603 
f 8570 8569 8601 8602 
f 8569 8568 8600 8601 
f 8568 8567 8599 8600 
f 8598 8613 8629 8614 
f 8613 8612 8628 8629 
f 8599 8598 8614 8615 
f 8612 8611 8627 8628 
f 8611 8610 8626 8627 
f 8610 8609 8625 8626 
f 8609 8608 8624 8625 
f 8608 8607 8623 8624 
f 8607 8606 8622 8623 
f 8606 8605 8621 8622 
f 8605 8604 8620 8621 
f 8604 8603 8619 8620 
f 8603 8602 8618 8619 
f 8602 8601 8617 8618 
f 8601 8600 8616 8617 
f 8600 8599 8615 8616 
f 8614 8629 8645 8630 
f 8629 8628 8644 8645 
f 8615 8614 8630 8631 
f 8628 8627 8643 8644 
f 8627 8626 8642 8643 
f 8626 8625 8641 8642 
f 8625 8624 8640 8641 
f 8624 8623 8639 8640 
f 8623 8622 8638 8639 
f 8622 8621 8637 8638 
f 8621 8620 8636 8637 
f 8620 8619 8635 8636 
f 8619 8618 8634 8635 
f 8618 8617 8633 8634 
f 8617 8616 8632 8633 
f 8616 8615 8631 8632 
f 8661 8662 8663 8660 
f 8646 8647 8676 8677 
f 8661 8646 8677 8662 
f 8675 8676 8647 8648 
f 8674 8675 8648 8649 
f 8673 8674 8649 8650 
f 8672 8673 8650 8651 
f 8671 8672 8651 8652 
f 8670 8671 8652 8653 
f 8669 8670 8653 8654 
f 8668 8669 8654 8655 
f 8667 8668 8655 8656 
f 8666 8667 8656 8657 
f 8665 8666 8657 8658 
f 8664 8665 8658 8659 
f 8663 8664 8659 8660 
f 8646 8661 8693 8678 
f 8661 8660 8692 8693 
f 8647 8646 8678 8679 
f 8660 8659 8691 8692 
f 8659 8658 8690 8691 
f 8658 8657 8689 8690 
f 8657 8656 8688 8689 
f 8656 8655 8687 8688 
f 8655 8654 8686 8687 
f 8654 8653 8685 8686 
f 8653 8652 8684 8685 
f 8652 8651 8683 8684 
f 8651 8650 8682 8683 
f 8650 8649 8681 8682 
f 8649 8648 8680 8681 
f 8648 8647 8679 8680 
f 8678 8693 8709 8694 
f 8693 8692 8708 8709 
f 8679 8678 8694 8695 
f 8692 8691 8707 8708 
f 8691 8690 8706 8707 
f 8690 8689 8705 8706 
f 8689 8688 8704 8705 
f 8688 8687 8703 8704 
f 8687 8686 8702 8703 
f 8686 8685 8701 8702 
f 8685 8684 8700 8701 
f 8684 8683 8699 8700 
f 8683 8682 8698 8699 
f 8682 8681 8697 8698 
f 8681 8680 8696 8697 
f 8680 8679 8695 8696 
f 8694 8709 8725 8710 
f 8709 8708 8724 8725 
f 8695 8694 8710 8711 
f 8708 8707 8723 8724 
f 8707 8706 8722 8723 
f 8706 8705 8721 8722 
f 8705 8704 8720 8721 
f 8704 8703 8719 8720 
f 8703 8702 8718 8719 
f 8702 8701 8717 8718 
f 8701 8700 8716 8717 
f 8700 8699 8715 8716 
f 8699 8698 8714 8715 
f 8698 8697 8713 8714 
f 8697 8696 8712 8713 
f 8696 8695 8711 8712 
f 8741 8742 8743 8740 
f 8726 8727 8756 8757 
f 8741 8726 8757 8742 
f 8755 8756 8727 8728 
f 8754 8755 8728 8729 
f 8753 8754 8729 8730 
f 8752 8753 8730 8731 
f 8751 8752 8731 8732 
f 8750 8751 8732 8733 
f 8749 8750 8733 8734 
f 8748 8749 8734 8735 
f 8747 8748 8735 8736 
f 8746 8747 8736 8737 
f 8745 8746 8737 8738 
f 8744 8745 8738 8739 
f 8743 8744 8739 8740 
f 8726 8741 8773 8758 
f 8741 8740 8772 8773 
f 8727 8726 8758 8759 
f 8740 8739 8771 8772 
f 8739 8738 8770 8771 
f 8738 8737 8769 8770 
f 8737 8736 8768 8769 
f 8736 8735 8767 8768 
f 8735 8734 8766 8767 
f 8734 8733 8765 8766 
f 8733 8732 8764 8765 
f 8732 8731 8763 8764 
f 8731 8730 8762 8763 
f 8730 8729 8761 8762 
f 8729 8728 8760 8761 
f 8728 8727 8759 8760 
f 8758 8773 8789 8774 
f 8773 8772 8788 8789 
f 8759 8758 8774 8775 
f 8772 8771 8787 8788 
f 8771 8770 8786 8787 
f 8770 8769 8785 8786 
f 8769 8768 8784 8785 
f 8768 8767 8783 8784 
f 8767 8766 8782 8783 
f 8766 8765 8781 8782 
f 8765 8764 8780 8781 
f 8764 8763 8779 8780 
f 8763 8762 8778 8779 
f 8762 8761 8777 8778 
f 8761 8760 8776 8777 
f 8760 8759 8775 8776 
f 8774 8789 8805 8790 
f 8789 8788 8804 8805 
f 8775 8774 8790 8791 
f 8788 8787 8803 8804 
f 8787 8786 8802 8803 
f 8786 8785 8801 8802 
f 8785 8784 8800 8801 
f 8784 8783 8799 8800 
f 8783 8782 8798 8799 
f 8782 8781 8797 8798 
f 8781 8780 8796 8797 
f 8780 8779 8795 8796 
f 8779 8778 8794 8795 
f 8778 8777 8793 8794 
f 8777 8776 8792 8793 
f 8776 8775 8791 8792 
f 8821 8822 8823 8820 
f 8806 8807 8836 8837 
f 8821 8806 8837 8822 
f 8835 8836 8807 8808 
f 8834 8835 8808 8809 
f 8833 8834 8809 8810 
f 8832 8833 8810 8811 
f 8831 8832 8811 8812 
f 8830 8831 8812 8813 
f 8829 8830 8813 8814 
f 8828 8829 8814 8815 
f 8827 8828 8815 8816 
f 8826 8827 8816 8817 
f 8825 8826 8817 8818 
f 8824 8825 8818 8819 
f 8823 8824 8819 8820 
f 8806 8821 8853 8838 
f 8821 8820 8852 8853 
f 8807 8806 8838 8839 
f 8820 8819 8851 8852 
f 8819 8818 8850 8851 
f 8818 8817 8849 8850 
f 8817 8816 8848 8849 
f 8816 8815 8847 8848 
f 8815 8814 8846 8847 
f 8814 8813 8845 8846 
f 8813 8812 8844 8845 
f 8812 8811 8843 8844 
f 8811 8810 8842 8843 
f 8810 8809 8841 8842 
f 8809 8808 8840 8841 
f 8808 8807 8839 8840 
f 8838 8853 8869 8854 
f 8853 8852 8868 8869 
f 8839 8838 8854 8855 
f 8852 8851 8867 8868 
f 8851 8850 8866 8867 
f 8850 8849 8865 8866 
f 8849 8848 8864 8865 
f 8848 8847 8863 8864 
f 8847 8846 8862 8863 
f 8846 8845 8861 8862 
f 8845 8844 8860 8861 
f 8844 8843 8859 8860 
f 8843 8842 8858 8859 
f 8842 8841 8857 8858 
f 8841 8840 8856 8857 
f 8840 8839 8855 8856 
f 8854 8869 8885 8870 
f 8869 8868 8884 8885 
f 8855 8854 8870 8871 
f 8868 8867 8883 8884 
f 8867 8866 8882 8883 
f 8866 8865 8881 8882 
f 8865 8864 8880 8881 
f 8864 8863 8879 8880 
f 8863 8862 8878 8879 
f 8862 8861 8877 8878 
f 8861 8860 8876 8877 
f 8860 8859 8875 8876 
f 8859 8858 8874 8875 
f 8858 8857 8873 8874 
f 8857 8856 8872 8873 
f 8856 8855 8871 8872 
f 8901 8902 8903 8900 
f 8886 8887 8916 8917 
f 8901 8886 8917 8902 
f 8915 8916 8887 8888 
f 8914 8915 8888 8889 
f 8913 8914 8889 8890 
f 8912 8913 8890 8891 
f 8911 8912 8891 8892 
f 8910 8911 8892 8893 
f 8909 8910 8893 8894 
f 8908 8909 8894 8895 
f 8907 8908 8895 8896 
f 8906 8907 8896 8897 
f 8905 8906 8897 8898 
f 8904 8905 8898 8899 
f 8903 8904 8899 8900 
f 8886 8901 8933 8918 
f 8901 8900 8932 8933 
f 8887 8886 8918 8919 
f 8900 8899 8931 8932 
f 8899 8898 8930 8931 
f 8898 8897 8929 8930 
f 8897 8896 8928 8929 
f 8896 8895 8927 8928 
f 8895 8894 8926 8927 
f 8894 8893 8925 8926 
f 8893 8892 8924 8925 
f 8892 8891 8923 8924 
f 8891 8890 8922 8923 
f 8890 8889 8921 8922 
f 8889 8888 8920 8921 
f 8888 8887 8919 8920 
f 8918 8933 8949 8934 
f 8933 8932 8948 8949 
f 8919 8918 8934 8935 
f 8932 8931 8947 8948 
f 8931 8930 8946 8947 
f 8930 8929 8945 8946 
f 8929 8928 8944 8945 
f 8928 8927 8943 8944 
f 8927 8926 8942 8943 
f 8926 8925 8941 8942 
f 8925 8924 8940 8941 
f 8924 8923 8939 8940 
f 8923 8922 8938 8939 
f 8922 8921 8937 8938 
f 8921 8920 8936 8937 
f 8920 8919 8935 8936 
f 8934 8949 8965 8950 
f 8949 8948 8964 8965 
f 8935 8934 8950 8951 
f 8948 8947 8963 8964 
f 8947 8946 8962 8963 
f 8946 8945 8961 8962 
f 8945 8944 8960 8961 
f 8944 8943 8959 8960 
f 8943 8942 8958 8959 
f 8942 8941 8957 8958 
f 8941 8940 8956 8957 
f 8940 8939 8955 8956 
f 8939 8938 8954 8955 
f 8938 8937 8953 8954 
f 8937 8936 8952 8953 
f 8936 8935 8951 8952 
f 8981 8982 8983 8980 
f 8966 8967 8996 8997 
f 8981 8966 8997 8982 
f 8995 8996 8967 8968 
f 8994 8995 8968 8969 
f 8993 8994 8969 8970 
f 8992 8993 8970 8971 
f 8991 8992 8971 8972 
f 8990 8991 8972 8973 
f 8989 8990 8973 8974 
f 8988 8989 8974 8975 
f 8987 8988 8975 8976 
f 8986 8987 8976 8977 
f 8985 8986 8977 8978 
f 8984 8985 8978 8979 
f 8983 8984 8979 8980 
f 8966 8981 9013 8998 
f 8981 8980 9012 9013 
f 8967 8966 8998 8999 
f 8980 8979 9011 9012 
f 8979 8978 9010 9011 
f 8978 8977 9009 9010 
f 8977 8976 9008 9009 
f 8976 8975 9007 9008 
f 8975 8974 9006 9007 
f 8974 8973 9005 9006 
f 8973 8972 9004 9005 
f 8972 8971 9003 9004 
f 8971 8970 9002 9003 
f 8970 8969 9001 9002 
f 8969 8968 9000 9001 
f 8968 8967 8999 9000 
f 8998 9013 9029 9014 
f 9013 9012 9028 9029 
f 8999 8998 9014 9015 
f 9012 9011 9027 9028 
f 9011 9010 9026 9027 
f 9010 9009 9025 9026 
f 9009 9008 9024 9025 
f 9008 9007 9023 9024 
f 9007 9006 9022 9023 
f 9006 9005 9021 9022 
f 9005 9004 9020 9021 
f 9004 9003 9019 9020 
f 9003 9002 9018 9019 
f 9002 9001 9017 9018 
f 9001 9000 9016 9017 
f 9000 8999 9015 9016 
f 9014 9029 9045 9030 
f 9029 9028 9044 9045 
f 9015 9014 9030 9031 
f 9028 9027 9043 9044 
f 9027 9026 9042 9043 
f 9026 9025 9041 9042 
f 9025 9024 9040 9041 
f 9024 9023 9039 9040 
f 9023 9022 9038 9039 
f 9022 9021 9037 9038 
f 9021 9020 9036 9037 
f 9020 9019 9035 9036 
f 9019 9018 9034 9035 
f 9018 9017 9033 9034 
f 9017 9016 9032 9033 
f 9016 9015 9031 9032 
f 9061 9062 9063 9060 
f 9046 9047 9076 9077 
f 9061 9046 9077 9062 
f 9075 9076 9047 9048 
f 9074 9075 9048 9049 
f 9073 9074 9049 9050 
f 9072 9073 9050 9051 
f 9071 9072 9051 9052 
f 9070 9071 9052 9053 
f 9069 9070 9053 9054 
f 9068 9069 9054 9055 
f 9067 9068 9055 9056 
f 9066 9067 9056 9057 
f 9065 9066 9057 9058 
f 9064 9065 9058 9059 
f 9063 9064 9059 9060 
f 9046 9061 9093 9078 
f 9061 9060 9092 9093 
f 9047 9046 9078 9079 
f 9060 9059 9091 9092 
f 9059 9058 9090 9091 
f 9058 9057 9089 9090 
f 9057 9056 9088 9089 
f 9056 9055 9087 9088 
f 9055 9054 9086 9087 
f 9054 9053 9085 9086 
f 9053 9052 9084 9085 
f 9052 9051 9083 9084 
f 9051 9050 9082 9083 
f 9050 9049 9081 9082 
f 9049 9048 9080 9081 
f 9048 9047 9079 9080 
f 9078 9093 9109 9094 
f 9093 9092 9108 9109 
f 9079 9078 9094 9095 
f 9092 9091 9107 9108 
f 9091 9090 9106 9107 
f 9090 9089 9105 9106 
f 9089 9088 9104 9105 
f 9088 9087 9103 9104 
f 9087 9086 9102 9103 
f 9086 9085 9101 9102 
f 9085 9084 9100 9101 
f 9084 9083 9099 9100 
f 9083 9082 9098 9099 
f 9082 9081 9097 9098 
f 9081 9080 9096 9097 
f 9080 9079 9095 9096 
f 9094 9109 9125 9110 
f 9109 9108 9124 9125 
f 9095 9094 9110 9111 
f 9108 9107 9123 9124 
f 9107 9106 9122 9123 
f 9106 9105 9121 9122 
f 9105 9104 9120 9121 
f 9104 9103 9119 9120 
f 9103 9102 9118 9119 
f 9102 9101 9117 9118 
f 9101 9100 9116 9117 
f 9100 9099 9115 9116 
f 9099 9098 9114 9115 
f 9098 9097 9113 9114 
f 9097 9096 9112 9113 
f 9096 9095 9111 9112 
f 9141 9142 9143 9140 
f 9126 9127 9156 9157 
f 9141 9126 9157 9142 
f 9155 9156 9127 9128 
f 9154 9155 9128 9129 
f 9153 9154 9129 9130 
f 9152 9153 9130 9131 
f 9151 9152 9131 9132 
f 9150 9151 9132 9133 
f 9149 9150 9133 9134 
f 9148 9149 9134 9135 
f 9147 9148 9135 9136 
f 9146 9147 9136 9137 
f 9145 9146 9137 9138 
f 9144 9145 9138 9139 
f 9143 9144 9139 9140 
f 9126 9141 9173 9158 
f 9141 9140 9172 9173 
f 9127 9126 9158 9159 
f 9140 9139 9171 9172 
f 9139 9138 9170 9171 
f 9138 9137 9169 9170 
f 9137 9136 9168 9169 
f 9136 9135 9167 9168 
f 9135 9134 9166 9167 
f 9134 9133 9165 9166 
f 9133 9132 9164 9165 
f 9132 9131 9163 9164 
f 9131 9130 9162 9163 
f 9130 9129 9161 9162 
f 9129 9128 9160 9161 
f 9128 9127 9159 9160 
f 9158 9173 9189 9174 
f 9173 9172 9188 9189 
f 9159 9158 9174 9175 
f 9172 9171 9187 9188 
f 9171 9170 9186 9187 
f 9170 9169 9185 9186 
f 9169 9168 9184 9185 
f 9168 9167 9183 9184 
f 9167 9166 9182 9183 
f 9166 9165 9181 9182 
f 9165 9164 9180 9181 
f 9164 9163 9179 9180 
f 9163 9162 9178 9179 
f 9162 9161 9177 9178 
f 9161 9160 9176 9177 
f 9160 9159 9175 9176 
f 9174 9189 9205 9190 
f 9189 9188 9204 9205 
f 9175 9174 9190 9191 
f 9188 9187 9203 9204 
f 9187 9186 9202 9203 
f 9186 9185 9201 9202 
f 9185 9184 9200 9201 
f 9184 9183 9199 9200 
f 9183 9182 9198 9199 
f 9182 9181 9197 9198 
f 9181 9180 9196 9197 
f 9180 9179 9195 9196 
f 9179 9178 9194 9195 
f 9178 9177 9193 9194 
f 9177 9176 9192 9193 
f 9176 9175 9191 9192 
f 9221 9222 9223 9220 
f 9206 9207 9236 9237 
f 9221 9206 9237 9222 
f 9235 9236 9207 9208 
f 9234 9235 9208 9209 
f 9233 9234 9209 9210 
f 9232 9233 9210 9211 
f 9231 9232 9211 9212 
f 9230 9231 9212 9213 
f 9229 9230 9213 9214 
f 9228 9229 9214 9215 
f 9227 9228 9215 9216 
f 9226 9227 9216 9217 
f 9225 9226 9217 9218 
f 9224 9225 9218 9219 
f 9223 9224 9219 9220 
f 9206 9221 9253 9238 
f 9221 9220 9252 9253 
f 9207 9206 9238 9239 
f 9220 9219 9251 9252 
f 9219 9218 9250 9251 
f 9218 9217 9249 9250 
f 9217 9216 9248 9249 
f 9216 9215 9247 9248 
f 9215 9214 9246 9247 
f 9214 9213 9245 9246 
f 9213 9212 9244 9245 
f 9212 9211 9243 9244 
f 9211 9210 9242 9243 
f 9210 9209 9241 9242 
f 9209 9208 9240 9241 
f 9208 9207 9239 9240 
f 9238 9253 9269 9254 
f 9253 9252 9268 9269 
f 9239 9238 9254 9255 
f 9252 9251 9267 9268 
f 9251 9250 9266 9267 
f 9250 9249 9265 9266 
f 9249 9248 9264 9265 
f 9248 9247 9263 9264 
f 9247 9246 9262 9263 
f 9246 9245 9261 9262 
f 9245 9244 9260 9261 
f 9244 9243 9259 9260 
f 9243 9242 9258 9259 
f 9242 9241 9257 9258 
f 9241 9240 9256 9257 
f 9240 9239 9255 9256 
f 9254 9269 9285 9270 
f 9269 9268 9284 9285 
f 9255 9254 9270 9271 
f 9268 9267 9283 9284 
f 9267 9266 9282 9283 
f 9266 9265 9281 9282 
f 9265 9264 9280 9281 
f 9264 9263 9279 9280 
f 9263 9262 9278 9279 
f 9262 9261 9277 9278 
f 9261 9260 9276 9277 
f 9260 9259 9275 9276 
f 9259 9258 9274 9275 
f 9258 9257 9273 9274 
f 9257 9256 9272 9273 
f 9256 9255 9271 9272 
f 9301 9302 9303 9300 
f 9286 9287 9316 9317 
f 9301 9286 9317 9302 
f 9315 9316 9287 9288 
f 9314 9315 9288 9289 
f 9313 9314 9289 9290 
f 9312 9313 9290 9291 
f 9311 9312 9291 9292 
f 9310 9311 9292 9293 
f 9309 9310 9293 9294 
f 9308 9309 9294 9295 
f 9307 9308 9295 9296 
f 9306 9307 9296 9297 
f 9305 9306 9297 9298 
f 9304 9305 9298 9299 
f 9303 9304 9299 9300 
f 9286 9301 9333 9318 
f 9301 9300 9332 9333 
f 9287 9286 9318 9319 
f 9300 9299 9331 9332 
f 9299 9298 9330 9331 
f 9298 9297 9329 9330 
f 9297 9296 9328 9329 
f 9296 9295 9327 9328 
f 9295 9294 9326 9327 
f 9294 9293 9325 9326 
f 9293 9292 9324 9325 
f 9292 9291 9323 9324 
f 9291 9290 9322 9323 
f 9290 9289 9321 9322 
f 9289 9288 9320 9321 
f 9288 9287 9319 9320 
f 9318 9333 9349 9334 
f 9333 9332 9348 9349 
f 9319 9318 9334 9335 
f 9332 9331 9347 9348 
f 9331 9330 9346 9347 
f 9330 9329 9345 9346 
f 9329 9328 9344 9345 
f 9328 9327 9343 9344 
f 9327 9326 9342 9343 
f 9326 9325 9341 9342 
f 9325 9324 9340 9341 
f 9324 9323 9339 9340 
f 9323 9322 9338 9339 
f 9322 9321 9337 9338 
f 9321 9320 9336 9337 
f 9320 9319 9335 9336 
f 9334 9349 9365 9350 
f 9349 9348 9364 9365 
f 9335 9334 9350 9351 
f 9348 9347 9363 9364 
f 9347 9346 9362 9363 
f 9346 9345 9361 9362 
f 9345 9344 9360 9361 
f 9344 9343 9359 9360 
f 9343 9342 9358 9359 
f 9342 9341 9357 9358 
f 9341 9340 9356 9357 
f 9340 9339 9355 9356 
f 9339 9338 9354 9355 
f 9338 9337 9353 9354 
f 9337 9336 9352 9353 
f 9336 9335 9351 9352 
f 9381 9382 9383 9380 
f 9366 9367 9396 9397 
f 9381 9366 9397 9382 
f 9395 9396 9367 9368 
f 9394 9395 9368 9369 
f 9393 9394 9369 9370 
f 9392 9393 9370 9371 
f 9391 9392 9371 9372 
f 9390 9391 9372 9373 
f 9389 9390 9373 9374 
f 9388 9389 9374 9375 
f 9387 9388 9375 9376 
f 9386 9387 9376 9377 
f 9385 9386 9377 9378 
f 9384 9385 9378 9379 
f 9383 9384 9379 9380 
f 9366 9381 9413 9398 
f 9381 9380 9412 9413 
f 9367 9366 9398 9399 
f 9380 9379 9411 9412 
f 9379 9378 9410 9411 
f 9378 9377 9409 9410 
f 9377 9376 9408 9409 
f 9376 9375 9407 9408 
f 9375 9374 9406 9407 
f 9374 9373 9405 9406 
f 9373 9372 9404 9405 
f 9372 9371 9403 9404 
f 9371 9370 9402 9403 
f 9370 9369 9401 9402 
f 9369 9368 9400 9401 
f 9368 9367 9399 9400 
f 9398 9413 9429 9414 
f 9413 9412 9428 9429 
f 9399 9398 9414 9415 
f 9412 9411 9427 9428 
f 9411 9410 9426 9427 
f 9410 9409 9425 9426 
f 9409 9408 9424 9425 
f 9408 9407 9423 9424 
f 9407 9406 9422 9423 
f 9406 9405 9421 9422 
f 9405 9404 9420 9421 
f 9404 9403 9419 9420 
f 9403 9402 9418 9419 
f 9402 9401 9417 9418 
f 9401 9400 9416 9417 
f 9400 9399 9415 9416 
f 9414 9429 9445 9430 
f 9429 9428 9444 9445 
f 9415 9414 9430 9431 
f 9428 9427 9443 9444 
f 9427 9426 9442 9443 
f 9426 9425 9441 9442 
f 9425 9424 9440 9441 
f 9424 9423 9439 9440 
f 9423 9422 9438 9439 
f 9422 9421 9437 9438 
f 9421 9420 9436 9437 
f 9420 9419 9435 9436 
f 9419 9418 9434 9435 
f 9418 9417 9433 9434 
f 9417 9416 9432 9433 
f 9416 9415 9431 9432 
f 9461 9462 9463 9460 
f 9446 9447 9476 9477 
f 9461 9446 9477 9462 
f 9475 9476 9447 9448 
f 9474 9475 9448 9449 
f 9473 9474 9449 9450 
f 9472 9473 9450 9451 
f 9471 9472 9451 9452 
f 9470 9471 9452 9453 
f 9469 9470 9453 9454 
f 9468 9469 9454 9455 
f 9467 9468 9455 9456 
f 9466 9467 9456 9457 
f 9465 9466 9457 9458 
f 9464 9465 9458 9459 
f 9463 9464 9459 9460 
f 9446 9461 9493 9478 
f 9461 9460 9492 9493 
f 9447 9446 9478 9479 
f 9460 9459 9491 9492 
f 9459 9458 9490 9491 
f 9458 9457 9489 9490 
f 9457 9456 9488 9489 
f 9456 9455 9487 9488 
f 9455 9454 9486 9487 
f 9454 9453 9485 9486 
f 9453 9452 9484 9485 
f 9452 9451 9483 9484 
f 9451 9450 9482 9483 
f 9450 9449 9481 9482 
f 9449 9448 9480 9481 
f 9448 9447 9479 9480 
f 9478 9493 9509 9494 
f 9493 9492 9508 9509 
f 9479 9478 9494 9495 
f 9492 9491 9507 9508 
f 9491 9490 9506 9507 
f 9490 9489 9505 9506 
f 9489 9488 9504 9505 
f 9488 9487 9503 9504 
f 9487 9486 9502 9503 
f 9486 9485 9501 9502 
f 9485 9484 9500 9501 
f 9484 9483 9499 9500 
f 9483 9482 9498 9499 
f 9482 9481 9497 9498 
f 9481 9480 9496 9497 
f 9480 9479 9495 9496 
f 9494 9509 9525 9510 
f 9509 9508 9524 9525 
f 9495 9494 9510 9511 
f 9508 9507 9523 9524 
f 9507 9506 9522 9523 
f 9506 9505 9521 9522 
f 9505 9504 9520 9521 
f 9504 9503 9519 9520 
f 9503 9502 9518 9519 
f 9502 9501 9517 9518 
f 9501 9500 9516 9517 
f 9500 9499 9515 9516 
f 9499 9498 9514 9515 
f 9498 9497 9513 9514 
f 9497 9496 9512 9513 
f 9496 9495 9511 9512 
f 9541 9542 9543 9540 
f 9526 9527 9556 9557 
f 9541 9526 9557 9542 
f 9555 9556 9527 9528 
f 9554 9555 9528 9529 
f 9553 9554 9529 9530 
f 9552 9553 9530 9531 
f 9551 9552 9531 9532 
f 9550 9551 9532 9533 
f 9549 9550 9533 9534 
f 9548 9549 9534 9535 
f 9547 9548 9535 9536 
f 9546 9547 9536 9537 
f 9545 9546 9537 9538 
f 9544 9545 9538 9539 
f 9543 9544 9539 9540 
f 9526 9541 9573 9558 
f 9541 9540 9572 9573 
f 9527 9526 9558 9559 
f 9540 9539 9571 9572 
f 9539 9538 9570 9571 
f 9538 9537 9569 9570 
f 9537 9536 9568 9569 
f 9536 9535 9567 9568 
f 9535 9534 9566 9567 
f 9534 9533 9565 9566 
f 9533 9532 9564 9565 
f 9532 9531 9563 9564 
f 9531 9530 9562 9563 
f 9530 9529 9561 9562 
f 9529 9528 9560 9561 
f 9528 9527 9559 9560 
f 9558 9573 9589 9574 
f 9573 9572 9588 9589 
f 9559 9558 9574 9575 
f 9572 9571 9587 9588 
f 9571 9570 9586 9587 
f 9570 9569 9585 9586 
f 9569 9568 9584 9585 
f 9568 9567 9583 9584 
f 9567 9566 9582 9583 
f 9566 9565 9581 9582 
f 9565 9564 9580 9581 
f 9564 9563 9579 9580 
f 9563 9562 9578 9579 
f 9562 9561 9577 9578 
f 9561 9560 9576 9577 
f 9560 9559 9575 9576 
f 9574 9589 9605 9590 
f 9589 9588 9604 9605 
f 9575 9574 9590 9591 
f 9588 9587 9603 9604 
f 9587 9586 9602 9603 
f 9586 9585 9601 9602 
f 9585 9584 9600 9601 
f 9584 9583 9599 9600 
f 9583 9582 9598 9599 
f 9582 9581 9597 9598 
f 9581 9580 9596 9597 
f 9580 9579 9595 9596 
f 9579 9578 9594 9595 
f 9578 9577 9593 9594 
f 9577 9576 9592 9593 
f 9576 9575 9591 9592 
f 9621 9622 9623 9620 
f 9606 9607 9636 9637 
f 9621 9606 9637 9622 
f 9635 9636 9607 9608 
f 9634 9635 9608 9609 
f 9633 9634 9609 9610 
f 9632 9633 9610 9611 
f 9631 9632 9611 9612 
f 9630 9631 9612 9613 
f 9629 9630 9613 9614 
f 9628 9629 9614 9615 
f 9627 9628 9615 9616 
f 9626 9627 9616 9617 
f 9625 9626 9617 9618 
f 9624 9625 9618 9619 
f 9623 9624 9619 9620 
f 9606 9621 9653 9638 
f 9621 9620 9652 9653 
f 9607 9606 9638 9639 
f 9620 9619 9651 9652 
f 9619 9618 9650 9651 
f 9618 9617 9649 9650 
f 9617 9616 9648 9649 
f 9616 9615 9647 9648 
f 9615 9614 9646 9647 
f 9614 9613 9645 9646 
f 9613 9612 9644 9645 
f 9612 9611 9643 9644 
f 9611 9610 9642 9643 
f 9610 9609 9641 9642 
f 9609 9608 9640 9641 
f 9608 9607 9639 9640 
f 9638 9653 9669 9654 
f 9653 9652 9668 9669 
f 9639 9638 9654 9655 
f 9652 9651 9667 9668 
f 9651 9650 9666 9667 
f 9650 9649 9665 9666 
f 9649 9648 9664 9665 
f 9648 9647 9663 9664 
f 9647 9646 9662 9663 
f 9646 9645 9661 9662 
f 9645 9644 9660 9661 
f 9644 9643 9659 9660 
f 9643 9642 9658 9659 
f 9642 9641 9657 9658 
f 9641 9640 9656 9657 
f 9640 9639 9655 9656 
f 9654 9669 9685 9670 
f 9669 9668 9684 9685 
f 9655 9654 9670 9671 
f 9668 9667 9683 9684 
f 9667 9666 9682 9683 
f 9666 9665 9681 9682 
f 9665 9664 9680 9681 
f 9664 9663 9679 9680 
f 9663 9662 9678 9679 
f 9662 9661 9677 9678 
f 9661 9660 9676 9677 
f 9660 9659 9675 9676 
f 9659 9658 9674 9675 
f 9658 9657 9673 9674 
f 9657 9656 9672 9673 
f 9656 9655 9671 9672 
f 9701 9702 9703 9700 
f 9686 9687 9716 9717 
f 9701 9686 9717 9702 
f 9715 9716 9687 9688 
f 9714 9715 9688 9689 
f 9713 9714 9689 9690 
f 9712 9713 9690 9691 
f 9711 9712 9691 9692 
f 9710 9711 9692 9693 
f 9709 9710 9693 9694 
f 9708 9709 9694 9695 
f 9707 9708 9695 9696 
f 9706 9707 9696 9697 
f 9705 9706 9697 9698 
f 9704 9705 9698 9699 
f 9703 9704 9699 9700 
f 9686 9701 9733 9718 
f 9701 9700 9732 9733 
f 9687 9686 9718 9719 
f 9700 9699 9731 9732 
f 9699 9698 9730 9731 
f 9698 9697 9729 9730 
f 9697 9696 9728 9729 
f 9696 9695 9727 9728 
f 9695 9694 9726 9727 
f 9694 9693 9725 9726 
f 9693 9692 9724 9725 
f 9692 9691 9723 9724 
f 9691 9690 9722 9723 
f 9690 9689 9721 9722 
f 9689 9688 9720 9721 
f 9688 9687 9719 9720 
f 9718 9733 9749 9734 
f 9733 9732 9748 9749 
f 9719 9718 9734 9735 
f 9732 9731 9747 9748 
f 9731 9730 9746 9747 
f 9730 9729 9745 9746 
f 9729 9728 9744 9745 
f 9728 9727 9743 9744 
f 9727 9726 9742 9743 
f 9726 9725 9741 9742 
f 9725 9724 9740 9741 
f 9724 9723 9739 9740 
f 9723 9722 9738 9739 
f 9722 9721 9737 9738 
f 9721 9720 9736 9737 
f 9720 9719 9735 9736 
f 9734 9749 9765 9750 
f 9749 9748 9764 9765 
f 9735 9734 9750 9751 
f 9748 9747 9763 9764 
f 9747 9746 9762 9763 
f 9746 9745 9761 9762 
f 9745 9744 9760 9761 
f 9744 9743 9759 9760 
f 9743 9742 9758 9759 
f 9742 9741 9757 9758 
f 9741 9740 9756 9757 
f 9740 9739 9755 9756 
f 9739 9738 9754 9755 
f 9738 9737 9753 9754 
f 9737 9736 9752 9753 
f 9736 9735 9751 9752 
f 9781 9782 9783 9780 
f 9766 9767 9796 9797 
f 9781 9766 9797 9782 
f 9795 9796 9767 9768 
f 9794 9795 9768 9769 
f 9793 9794 9769 9770 
f 9792 9793 9770 9771 
f 9791 9792 9771 9772 
f 9790 9791 9772 9773 
f 9789 9790 9773 9774 
f 9788 9789 9774 9775 
f 9787 9788 9775 9776 
f 9786 9787 9776 9777 
f 9785 9786 9777 9778 
f 9784 9785 9778 9779 
f 9783 9784 9779 9780 
f 9766 9781 9813 9798 
f 9781 9780 9812 9813 
f 9767 9766 9798 9799 
f 9780 9779 9811 9812 
f 9779 9778 9810 9811 
f 9778 9777 9809 9810 
f 9777 9776 9808 9809 
f 9776 9775 9807 9808 
f 9775 9774 9806 9807 
f 9774 9773 9805 9806 
f 9773 9772 9804 9805 
f 9772 9771 9803 9804 
f 9771 9770 9802 9803 
f 9770 9769 9801 9802 
f 9769 9768 9800 9801 
f 9768 9767 9799 9800 
f 9798 9813 9829 9814 
f 9813 9812 9828 9829 
f 9799 9798 9814 9815 
f 9812 9811 9827 9828 
f 9811 9810 9826 9827 
f 9810 9809 9825 9826 
f 9809 9808 9824 9825 
f 9808 9807 9823 9824 
f 9807 9806 9822 9823 
f 9806 9805 9821 9822 
f 9805 9804 9820 9821 
f 9804 9803 9819 9820 
f 9803 9802 9818 9819 
f 9802 9801 9817 9818 
f 9801 9800 9816 9817 
f 9800 9799 9815 9816 
f 9814 9829 9845 9830 
f 9829 9828 9844 9845 
f 9815 9814 9830 9831 
f 9828 9827 9843 9844 
f 9827 9826 9842 9843 
f 9826 9825 9841 9842 
f 9825 9824 9840 9841 
f 9824 9823 9839 9840 
f 9823 9822 9838 9839 
f 9822 9821 9837 9838 
f 9821 9820 9836 9837 
f 9820 9819 9835 9836 
f 9819 9818 9834 9835 
f 9818 9817 9833 9834 
f 9817 9816 9832 9833 
f 9816 9815 9831 9832 
f 9861 9862 9863 9860 
f 9846 9847 9876 9877 
f 9861 9846 9877 9862 
f 9875 9876 9847 9848 
f 9874 9875 9848 9849 
f 9873 9874 9849 9850 
f 9872 9873 9850 9851 
f 9871 9872 9851 9852 
f 9870 9871 9852 9853 
f 9869 9870 9853 9854 
f 9868 9869 9854 9855 
f 9867 9868 9855 9856 
f 9866 9867 9856 9857 
f 9865 9866 9857 9858 
f 9864 9865 9858 9859 
f 9863 9864 9859 9860 
f 9846 9861 9893 9878 
f 9861 9860 9892 9893 
f 9847 9846 9878 9879 
f 9860 9859 9891 9892 
f 9859 9858 9890 9891 
f 9858 9857 9889 9890 
f 9857 9856 9888 9889 
f 9856 9855 9887 9888 
f 9855 9854 9886 9887 
f 9854 9853 9885 9886 
f 9853 9852 9884 9885 
f 9852 9851 9883 9884 
f 9851 9850 9882 9883 
f 9850 9849 9881 9882 
f 9849 9848 9880 9881 
f 9848 9847 9879 9880 
f 9878 9893 9909 9894 
f 9893 9892 9908 9909 
f 9879 9878 9894 9895 
f 9892 9891 9907 9908 
f 9891 9890 9906 9907 
f 9890 9889 9905 9906 
f 9889 9888 9904 9905 
f 9888 9887 9903 9904 
f 9887 9886 9902 9903 
f 9886 9885 9901 9902 
f 9885 9884 9900 9901 
f 9884 9883 9899 9900 
f 9883 9882 9898 9899 
f 9882 9881 9897 9898 
f 9881 9880 9896 9897 
f 9880 9879 9895 9896 
f 9894 9909 9925 9910 
f 9909 9908 9924 9925 
f 9895 9894 9910 9911 
f 9908 9907 9923 9924 
f 9907 9906 9922 9923 
f 9906 9905 9921 9922 
f 9905 9904 9920 9921 
f 9904 9903 9919 9920 
f 9903 9902 9918 9919 
f 9902 9901 9917 9918 
f 9901 9900 9916 9917 
f 9900 9899 9915 9916 
f 9899 9898 9914 9915 
f 9898 9897 9913 9914 
f 9897 9896 9912 9913 
f 9896 9895 9911 9912 
f 9941 9942 9943 9940 
f 9926 9927 9956 9957 
f 9941 9926 9957 9942 
f 9955 9956 9927 9928 
f 9954 9955 9928 9929 
f 9953 9954 9929 9930 
f 9952 9953 9930 9931 
f 9951 9952 9931 9932 
f 9950 9951 9932 9933 
f 9949 9950 9933 9934 
f 9948 9949 9934 9935 
f 9947 9948 9935 9936 
f 9946 9947 9936 9937 
f 9945 9946 9937 9938 
f 9944 9945 9938 9939 
f 9943 9944 9939 9940 
f 9926 9941 9973 9958 
f 9941 9940 9972 9973 
f 9927 9926 9958 9959 
f 9940 9939 9971 9972 
f 9939 9938 9970 9971 
f 9938 9937 9969 9970 
f 9937 9936 9968 9969 
f 9936 9935 9967 9968 
f 9935 9934 9966 9967 
f 9934 9933 9965 9966 
f 9933 9932 9964 9965 
f 9932 9931 9963 9964 
f 9931 9930 9962 9963 
f 9930 9929 9961 9962 
f 9929 9928 9960 9961 
f 9928 9927 9959 9960 
f 9958 9973 9989 9974 
f 9973 9972 9988 9989 
f 9959 9958 9974 9975 
f 9972 9971 9987 9988 
f 9971 9970 9986 9987 
f 9970 9969 9985 9986 
f 9969 9968 9984 9985 
f 9968 9967 9983 9984 
f 9967 9966 9982 9983 
f 9966 9965 9981 9982 
f 9965 9964 9980 9981 
f 9964 9963 9979 9980 
f 9963 9962 9978 9979 
f 9962 9961 9977 9978 
f 9961 9960 9976 9977 
f 9960 9959 9975 9976 
f 9974 9989 10005 9990 
f 9989 9988 10004 10005 
f 9975 9974 9990 9991 
f 9988 9987 10003 10004 
f 9987 9986 10002 10003 
f 9986 9985 10001 10002 
f 9985 9984 10000 10001 
f 9984 9983 9999 10000 
f 9983 9982 9998 9999 
f 9982 9981 9997 9998 
f 9981 9980 9996 9997 
f 9980 9979 9995 9996 
f 9979 9978 9994 9995 
f 9978 9977 9993 9994 
f 9977 9976 9992 9993 
f 9976 9975 9991 9992 
f 10021 10022 10023 10020 
f 10006 10007 10036 10037 
f 10021 10006 10037 10022 
f 10035 10036 10007 10008 
f 10034 10035 10008 10009 
f 10033 10034 10009 10010 
f 10032 10033 10010 10011 
f 10031 10032 10011 10012 
f 10030 10031 10012 10013 
f 10029 10030 10013 10014 
f 10028 10029 10014 10015 
f 10027 10028 10015 10016 
f 10026 10027 10016 10017 
f 10025 10026 10017 10018 
f 10024 10025 10018 10019 
f 10023 10024 10019 10020 
f 10006 10021 10053 10038 
f 10021 10020 10052 10053 
f 10007 10006 10038 10039 
f 10020 10019 10051 10052 
f 10019 10018 10050 10051 
f 10018 10017 10049 10050 
f 10017 10016 10048 10049 
f 10016 10015 10047 10048 
f 10015 10014 10046 10047 
f 10014 10013 10045 10046 
f 10013 10012 10044 10045 
f 10012 10011 10043 10044 
f 10011 10010 10042 10043 
f 10010 10009 10041 10042 
f 10009 10008 10040 10041 
f 10008 10007 10039 10040 
f 10038 10053 10069 10054 
f 10053 10052 10068 10069 
f 10039 10038 10054 10055 
f 10052 10051 10067 10068 
f 10051 10050 10066 10067 
f 10050 10049 10065 10066 
f 10049 10048 10064 10065 
f 10048 10047 10063 10064 
f 10047 10046 10062 10063 
f 10046 10045 10061 10062 
f 10045 10044 10060 10061 
f 10044 10043 10059 10060 
f 10043 10042 10058 10059 
f 10042 10041 10057 10058 
f 10041 10040 10056 10057 
f 10040 10039 10055 10056 
f 10054 10069 10085 10070 
f 10069 10068 10084 10085 
f 10055 10054 10070 10071 
f 10068 10067 10083 10084 
f 10067 10066 10082 10083 
f 10066 10065 10081 10082 
f 10065 10064 10080 10081 
f 10064 10063 10079 10080 
f 10063 10062 10078 10079 
f 10062 10061 10077 10078 
f 10061 10060 10076 10077 
f 10060 10059 10075 10076 
f 10059 10058 10074 10075 
f 10058 10057 10073 10074 
f 10057 10056 10072 10073 
f 10056 10055 10071 10072 
f 10101 10102 10103 10100 
f 10086 10087 10116 10117 
f 10101 10086 10117 10102 
f 10115 10116 10087 10088 
f 10114 10115 10088 10089 
f 10113 10114 10089 10090 
f 10112 10113 10090 10091 
f 10111 10112 10091 10092 
f 10110 10111 10092 10093 
f 10109 10110 10093 10094 
f 10108 10109 10094 10095 
f 10107 10108 10095 10096 
f 10106 10107 10096 10097 
f 10105 10106 10097 10098 
f 10104 10105 10098 10099 
f 10103 10104 10099 10100 
f 10086 10101 10133 10118 
f 10101 10100 10132 10133 
f 10087 10086 10118 10119 
f 10100 10099 10131 10132 
f 10099 10098 10130 10131 
f 10098 10097 10129 10130 
f 10097 10096 10128 10129 
f 10096 10095 10127 10128 
f 10095 10094 10126 10127 
f 10094 10093 10125 10126 
f 10093 10092 10124 10125 
f 10092 10091 10123 10124 
f 10091 10090 10122 10123 
f 10090 10089 10121 10122 
f 10089 10088 10120 10121 
f 10088 10087 10119 10120 
f 10118 10133 10149 10134 
f 10133 10132 10148 10149 
f 10119 10118 10134 10135 
f 10132 10131 10147 10148 
f 10131 10130 10146 10147 
f 10130 10129 10145 10146 
f 10129 10128 10144 10145 
f 10128 10127 10143 10144 
f 10127 10126 10142 10143 
f 10126 10125 10141 10142 
f 10125 10124 10140 10141 
f 10124 10123 10139 10140 
f 10123 10122 10138 10139 
f 10122 10121 10137 10138 
f 10121 10120 10136 10137 
f 10120 10119 10135 10136 
f 10134 10149 10165 10150 
f 10149 10148 10164 10165 
f 10135 10134 10150 10151 
f 10148 10147 10163 10164 
f 10147 10146 10162 10163 
f 10146 10145 10161 10162 
f 10145 10144 10160 10161 
f 10144 10143 10159 10160 
f 10143 10142 10158 10159 
f 10142 10141 10157 10158 
f 10141 10140 10156 10157 
f 10140 10139 10155 10156 
f 10139 10138 10154 10155 
f 10138 10137 10153 10154 
f 10137 10136 10152 10153 
f 10136 10135 10151 10152 
f 10181 10182 10183 10180 
f 10166 10167 10196 10197 
f 10181 10166 10197 10182 
f 10195 10196 10167 10168 
f 10194 10195 10168 10169 
f 10193 10194 10169 10170 
f 10192 10193 10170 10171 
f 10191 10192 10171 10172 
f 10190 10191 10172 10173 
f 10189 10190 10173 10174 
f 10188 10189 10174 10175 
f 10187 10188 10175 10176 
f 10186 10187 10176 10177 
f 10185 10186 10177 10178 
f 10184 10185 10178 10179 
f 10183 10184 10179 10180 
f 10166 10181 10213 10198 
f 10181 10180 10212 10213 
f 10167 10166 10198 10199 
f 10180 10179 10211 10212 
f 10179 10178 10210 10211 
f 10178 10177 10209 10210 
f 10177 10176 10208 10209 
f 10176 10175 10207 10208 
f 10175 10174 10206 10207 
f 10174 10173 10205 10206 
f 10173 10172 10204 10205 
f 10172 10171 10203 10204 
f 10171 10170 10202 10203 
f 10170 10169 10201 10202 
f 10169 10168 10200 10201 
f 10168 10167 10199 10200 
f 10198 10213 10229 10214 
f 10213 10212 10228 10229 
f 10199 10198 10214 10215 
f 10212 10211 10227 10228 
f 10211 10210 10226 10227 
f 10210 10209 10225 10226 
f 10209 10208 10224 10225 
f 10208 10207 10223 10224 
f 10207 10206 10222 10223 
f 10206 10205 10221 10222 
f 10205 10204 10220 10221 
f 10204 10203 10219 10220 
f 10203 10202 10218 10219 
f 10202 10201 10217 10218 
f 10201 10200 10216 10217 
f 10200 10199 10215 10216 
f 10214 10229 10245 10230 
f 10229 10228 10244 10245 
f 10215 10214 10230 10231 
f 10228 10227 10243 10244 
f 10227 10226 10242 10243 
f 10226 10225 10241 10242 
f 10225 10224 10240 10241 
f 10224 10223 10239 10240 
f 10223 10222 10238 10239 
f 10222 10221 10237 10238 
f 10221 10220 10236 10237 
f 10220 10219 10235 10236 
f 10219 10218 10234 10235 
f 10218 10217 10233 10234 
f 10217 10216 10232 10233 
f 10216 10215 10231 10232 
f 10261 10262 10263 10260 
f 10246 10247 10276 10277 
f 10261 10246 10277 10262 
f 10275 10276 10247 10248 
f 10274 10275 10248 10249 
f 10273 10274 10249 10250 
f 10272 10273 10250 10251 
f 10271 10272 10251 10252 
f 10270 10271 10252 10253 
f 10269 10270 10253 10254 
f 10268 10269 10254 10255 
f 10267 10268 10255 10256 
f 10266 10267 10256 10257 
f 10265 10266 10257 10258 
f 10264 10265 10258 10259 
f 10263 10264 10259 10260 
f 10246 10261 10293 10278 
f 10261 10260 10292 10293 
f 10247 10246 10278 10279 
f 10260 10259 10291 10292 
f 10259 10258 10290 10291 
f 10258 10257 10289 10290 
f 10257 10256 10288 10289 
f 10256 10255 10287 10288 
f 10255 10254 10286 10287 
f 10254 10253 10285 10286 
f 10253 10252 10284 10285 
f 10252 10251 10283 10284 
f 10251 10250 10282 10283 
f 10250 10249 10281 10282 
f 10249 10248 10280 10281 
f 10248 10247 10279 10280 
f 10278 10293 10309 10294 
f 10293 10292 10308 10309 
f 10279 10278 10294 10295 
f 10292 10291 10307 10308 
f 10291 10290 10306 10307 
f 10290 10289 10305 10306 
f 10289 10288 10304 10305 
f 10288 10287 10303 10304 
f 10287 10286 10302 10303 
f 10286 10285 10301 10302 
f 10285 10284 10300 10301 
f 10284 10283 10299 10300 
f 10283 10282 10298 10299 
f 10282 10281 10297 10298 
f 10281 10280 10296 10297 
f 10280 10279 10295 10296 
f 10294 10309 10325 10310 
f 10309 10308 10324 10325 
f 10295 10294 10310 10311 
f 10308 10307 10323 10324 
f 10307 10306 10322 10323 
f 10306 10305 10321 10322 
f 10305 10304 10320 10321 
f 10304 10303 10319 10320 
f 10303 10302 10318 10319 
f 10302 10301 10317 10318 
f 10301 10300 10316 10317 
f 10300 10299 10315 10316 
f 10299 10298 10314 10315 
f 10298 10297 10313 10314 
f 10297 10296 10312 10313 
f 10296 10295 10311 10312 
f 10341 10342 10343 10340 
f 10326 10327 10356 10357 
f 10341 10326 10357 10342 
f 10355 10356 10327 10328 
f 10354 10355 10328 10329 
f 10353 10354 10329 10330 
f 10352 10353 10330 10331 
f 10351 10352 10331 10332 
f 10350 10351 10332 10333 
f 10349 10350 10333 10334 
f 10348 10349 10334 10335 
f 10347 10348 10335 10336 
f 10346 10347 10336 10337 
f 10345 10346 10337 10338 
f 10344 10345 10338 10339 
f 10343 10344 10339 10340 
f 10326 10341 10373 10358 
f 10341 10340 10372 10373 
f 10327 10326 10358 10359 
f 10340 10339 10371 10372 
f 10339 10338 10370 10371 
f 10338 10337 10369 10370 
f 10337 10336 10368 10369 
f 10336 10335 10367 10368 
f 10335 10334 10366 10367 
f 10334 10333 10365 10366 
f 10333 10332 10364 10365 
f 10332 10331 10363 10364 
f 10331 10330 10362 10363 
f 10330 10329 10361 10362 
f 10329 10328 10360 10361 
f 10328 10327 10359 10360 
f 10358 10373 10389 10374 
f 10373 10372 10388 10389 
f 10359 10358 10374 10375 
f 10372 10371 10387 10388 
f 10371 10370 10386 10387 
f 10370 10369 10385 10386 
f 10369 10368 10384 10385 
f 10368 10367 10383 10384 
f 10367 10366 10382 10383 
f 10366 10365 10381 10382 
f 10365 10364 10380 10381 
f 10364 10363 10379 10380 
f 10363 10362 10378 10379 
f 10362 10361 10377 10378 
f 10361 10360 10376 10377 
f 10360 10359 10375 10376 
f 10374 10389 10405 10390 
f 10389 10388 10404 10405 
f 10375 10374 10390 10391 
f 10388 10387 10403 10404 
f 10387 10386 10402 10403 
f 10386 10385 10401 10402 
f 10385 10384 10400 10401 
f 10384 10383 10399 10400 
f 10383 10382 10398 10399 
f 10382 10381 10397 10398 
f 10381 10380 10396 10397 
f 10380 10379 10395 10396 
f 10379 10378 10394 10395 
f 10378 10377 10393 10394 
f 10377 10376 10392 10393 
f 10376 10375 10391 10392 
f 10421 10422 10423 10420 
f 10406 10407 10436 10437 
f 10421 10406 10437 10422 
f 10435 10436 10407 10408 
f 10434 10435 10408 10409 
f 10433 10434 10409 10410 
f 10432 10433 10410 10411 
f 10431 10432 10411 10412 
f 10430 10431 10412 10413 
f 10429 10430 10413 10414 
f 10428 10429 10414 10415 
f 10427 10428 10415 10416 
f 10426 10427 10416 10417 
f 10425 10426 10417 10418 
f 10424 10425 10418 10419 
f 10423 10424 10419 10420 
f 10406 10421 10453 10438 
f 10421 10420 10452 10453 
f 10407 10406 10438 10439 
f 10420 10419 10451 10452 
f 10419 10418 10450 10451 
f 10418 10417 10449 10450 
f 10417 10416 10448 10449 
f 10416 10415 10447 10448 
f 10415 10414 10446 10447 
f 10414 10413 10445 10446 
f 10413 10412 10444 10445 
f 10412 10411 10443 10444 
f 10411 10410 10442 10443 
f 10410 10409 10441 10442 
f 10409 10408 10440 10441 
f 10408 10407 10439 10440 
f 10438 10453 10469 10454 
f 10453 10452 10468 10469 
f 10439 10438 10454 10455 
f 10452 10451 10467 10468 
f 10451 10450 10466 10467 
f 10450 10449 10465 10466 
f 10449 10448 10464 10465 
f 10448 10447 10463 10464 
f 10447 10446 10462 10463 
f 10446 10445 10461 10462 
f 10445 10444 10460 10461 
f 10444 10443 10459 10460 
f 10443 10442 10458 10459 
f 10442 10441 10457 10458 
f 10441 10440 10456 10457 
f 10440 10439 10455 10456 
f 10454 10469 10485 10470 
f 10469 10468 10484 10485 
f 10455 10454 10470 10471 
f 10468 10467 10483 10484 
f 10467 10466 10482 10483 
f 10466 10465 10481 10482 
f 10465 10464 10480 10481 
f 10464 10463 10479 10480 
f 10463 10462 10478 10479 
f 10462 10461 10477 10478 
f 10461 10460 10476 10477 
f 10460 10459 10475 10476 
f 10459 10458 10474 10475 
f 10458 10457 10473 10474 
f 10457 10456 10472 10473 
f 10456 10455 10471 10472 
f 10501 10502 10503 10500 
f 10486 10487 10516 10517 
f 10501 10486 10517 10502 
f 10515 10516 10487 10488 
f 10514 10515 10488 10489 
f 10513 10514 10489 10490 
f 10512 10513 10490 10491 
f 10511 10512 10491 10492 
f 10510 10511 10492 10493 
f 10509 10510 10493 10494 
f 10508 10509 10494 10495 
f 10507 10508 10495 10496 
f 10506 10507 10496 10497 
f 10505 10506 10497 10498 
f 10504 10505 10498 10499 
f 10503 10504 10499 10500 
f 10486 10501 10533 10518 
f 10501 10500 10532 10533 
f 10487 10486 10518 10519 
f 10500 10499 10531 10532 
f 10499 10498 10530 10531 
f 10498 10497 10529 10530 
f 10497 10496 10528 10529 
f 10496 10495 10527 10528 
f 10495 10494 10526 10527 
f 10494 10493 10525 10526 
f 10493 10492 10524 10525 
f 10492 10491 10523 10524 
f 10491 10490 10522 10523 
f 10490 10489 10521 10522 
f 10489 10488 10520 10521 
f 10488 10487 10519 10520 
f 10518 10533 10549 10534 
f 10533 10532 10548 10549 
f 10519 10518 10534 10535 
f 10532 10531 10547 10548 
f 10531 10530 10546 10547 
f 10530 10529 10545 10546 
f 10529 10528 10544 10545 
f 10528 10527 10543 10544 
f 10527 10526 10542 10543 
f 10526 10525 10541 10542 
f 10525 10524 10540 10541 
f 10524 10523 10539 10540 
f 10523 10522 10538 10539 
f 10522 10521 10537 10538 
f 10521 10520 10536 10537 
f 10520 10519 10535 10536 
f 10534 10549 10565 10550 
f 10549 10548 10564 10565 
f 10535 10534 10550 10551 
f 10548 10547 10563 10564 
f 10547 10546 10562 10563 
f 10546 10545 10561 10562 
f 10545 10544 10560 10561 
f 10544 10543 10559 10560 
f 10543 10542 10558 10559 
f 10542 10541 10557 10558 
f 10541 10540 10556 10557 
f 10540 10539 10555 10556 
f 10539 10538 10554 10555 
f 10538 10537 10553 10554 
f 10537 10536 10552 10553 
f 10536 10535 10551 10552 
f 10581 10582 10583 10580 
f 10566 10567 10596 10597 
f 10581 10566 10597 10582 
f 10595 10596 10567 10568 
f 10594 10595 10568 10569 
f 10593 10594 10569 10570 
f 10592 10593 10570 10571 
f 10591 10592 10571 10572 
f 10590 10591 10572 10573 
f 10589 10590 10573 10574 
f 10588 10589 10574 10575 
f 10587 10588 10575 10576 
f 10586 10587 10576 10577 
f 10585 10586 10577 10578 
f 10584 10585 10578 10579 
f 10583 10584 10579 10580 
f 10566 10581 10613 10598 
f 10581 10580 10612 10613 
f 10567 10566 10598 10599 
f 10580 10579 10611 10612 
f 10579 10578 10610 10611 
f 10578 10577 10609 10610 
f 10577 10576 10608 10609 
f 10576 10575 10607 10608 
f 10575 10574 10606 10607 
f 10574 10573 10605 10606 
f 10573 10572 10604 10605 
f 10572 10571 10603 10604 
f 10571 10570 10602 10603 
f 10570 10569 10601 10602 
f 10569 10568 10600 10601 
f 10568 10567 10599 10600 
f 10598 10613 10629 10614 
f 10613 10612 10628 10629 
f 10599 10598 10614 10615 
f 10612 10611 10627 10628 
f 10611 10610 10626 10627 
f 10610 10609 10625 10626 
f 10609 10608 10624 10625 
f 10608 10607 10623 10624 
f 10607 10606 10622 10623 
f 10606 10605 10621 10622 
f 10605 10604 10620 10621 
f 10604 10603 10619 10620 
f 10603 10602 10618 10619 
f 10602 10601 10617 10618 
f 10601 10600 10616 10617 
f 10600 10599 10615 10616 
f 10614 10629 10645 10630 
f 10629 10628 10644 10645 
f 10615 10614 10630 10631 
f 10628 10627 10643 10644 
f 10627 10626 10642 10643 
f 10626 10625 10641 10642 
f 10625 10624 10640 10641 
f 10624 10623 10639 10640 
f 10623 10622 10638 10639 
f 10622 10621 10637 10638 
f 10621 10620 10636 10637 
f 10620 10619 10635 10636 
f 10619 10618 10634 10635 
f 10618 10617 10633 10634 
f 10617 10616 10632 10633 
f 10616 10615 10631 10632 
f 10661 10662 10663 10660 
f 10646 10647 10676 10677 
f 10661 10646 10677 10662 
f 10675 10676 10647 10648 
f 10674 10675 10648 10649 
f 10673 10674 10649 10650 
f 10672 10673 10650 10651 
f 10671 10672 10651 10652 
f 10670 10671 10652 10653 
f 10669 10670 10653 10654 
f 10668 10669 10654 10655 
f 10667 10668 10655 10656 
f 10666 10667 10656 10657 
f 10665 10666 10657 10658 
f 10664 10665 10658 10659 
f 10663 10664 10659 10660 
f 10646 10661 10693 10678 
f 10661 10660 10692 10693 
f 10647 10646 10678 10679 
f 10660 10659 10691 10692 
f 10659 10658 10690 10691 
f 10658 10657 10689 10690 
f 10657 10656 10688 10689 
f 10656 10655 10687 10688 
f 10655 10654 10686 10687 
f 10654 10653 10685 10686 
f 10653 10652 10684 10685 
f 10652 10651 10683 10684 
f 10651 10650 10682 10683 
f 10650 10649 10681 10682 
f 10649 10648 10680 10681 
f 10648 10647 10679 10680 
f 10678 10693 10709 10694 
f 10693 10692 10708 10709 
f 10679 10678 10694 10695 
f 10692 10691 10707 10708 
f 10691 10690 10706 10707 
f 10690 10689 10705 10706 
f 10689 10688 10704 10705 
f 10688 10687 10703 10704 
f 10687 10686 10702 10703 
f 10686 10685 10701 10702 
f 10685 10684 10700 10701 
f 10684 10683 10699 10700 
f 10683 10682 10698 10699 
f 10682 10681 10697 10698 
f 10681 10680 10696 10697 
f 10680 10679 10695 10696 
f 10694 10709 10725 10710 
f 10709 10708 10724 10725 
f 10695 10694 10710 10711 
f 10708 10707 10723 10724 
f 10707 10706 10722 10723 
f 10706 10705 10721 10722 
f 10705 10704 10720 10721 
f 10704 10703 10719 10720 
f 10703 10702 10718 10719 
f 10702 10701 10717 10718 
f 10701 10700 10716 10717 
f 10700 10699 10715 10716 
f 10699 10698 10714 10715 
f 10698 10697 10713 10714 
f 10697 10696 10712 10713 
f 10696 10695 10711 10712 
f 10741 10742 10743 10740 
f 10726 10727 10756 10757 
f 10741 10726 10757 10742 
f 10755 10756 10727 10728 
f 10754 10755 10728 10729 
f 10753 10754 10729 10730 
f 10752 10753 10730 10731 
f 10751 10752 10731 10732 
f 10750 10751 10732 10733 
f 10749 10750 10733 10734 
f 10748 10749 10734 10735 
f 10747 10748 10735 10736 
f 10746 10747 10736 10737 
f 10745 10746 10737 10738 
f 10744 10745 10738 10739 
f 10743 10744 10739 10740 
f 10726 10741 10773 10758 
f 10741 10740 10772 10773 
f 10727 10726 10758 10759 
f 10740 10739 10771 10772 
f 10739 10738 10770 10771 
f 10738 10737 10769 10770 
f 10737 10736 10768 10769 
f 10736 10735 10767 10768 
f 10735 10734 10766 10767 
f 10734 10733 10765 10766 
f 10733 10732 10764 10765 
f 10732 10731 10763 10764 
f 10731 10730 10762 10763 
f 10730 10729 10761 10762 
f 10729 10728 10760 10761 
f 10728 10727 10759 10760 
f 10758 10773 10789 10774 
f 10773 10772 10788 10789 
f 10759 10758 10774 10775 
f 10772 10771 10787 10788 
f 10771 10770 10786 10787 
f 10770 10769 10785 10786 
f 10769 10768 10784 10785 
f 10768 10767 10783 10784 
f 10767 10766 10782 10783 
f 10766 10765 10781 10782 
f 10765 10764 10780 10781 
f 10764 10763 10779 10780 
f 10763 10762 10778 10779 
f 10762 10761 10777 10778 
f 10761 10760 10776 10777 
f 10760 10759 10775 10776 
f 10774 10789 10805 10790 
f 10789 10788 10804 10805 
f 10775 10774 10790 10791 
f 10788 10787 10803 10804 
f 10787 10786 10802 10803 
f 10786 10785 10801 10802 
f 10785 10784 10800 10801 
f 10784 10783 10799 10800 
f 10783 10782 10798 10799 
f 10782 10781 10797 10798 
f 10781 10780 10796 10797 
f 10780 10779 10795 10796 
f 10779 10778 10794 10795 
f 10778 10777 10793 10794 
f 10777 10776 10792 10793 
f 10776 10775 10791 10792 
f 10821 10822 10823 10820 
f 10806 10807 10836 10837 
f 10821 10806 10837 10822 
f 10835 10836 10807 10808 
f 10834 10835 10808 10809 
f 10833 10834 10809 10810 
f 10832 10833 10810 10811 
f 10831 10832 10811 10812 
f 10830 10831 10812 10813 
f 10829 10830 10813 10814 
f 10828 10829 10814 10815 
f 10827 10828 10815 10816 
f 10826 10827 10816 10817 
f 10825 10826 10817 10818 
f 10824 10825 10818 10819 
f 10823 10824 10819 10820 
f 10806 10821 10853 10838 
f 10821 10820 10852 10853 
f 10807 10806 10838 10839 
f 10820 10819 10851 10852 
f 10819 10818 10850 10851 
f 10818 10817 10849 10850 
f 10817 10816 10848 10849 
f 10816 10815 10847 10848 
f 10815 10814 10846 10847 
f 10814 10813 10845 10846 
f 10813 10812 10844 10845 
f 10812 10811 10843 10844 
f 10811 10810 10842 10843 
f 10810 10809 10841 10842 
f 10809 10808 10840 10841 
f 10808 10807 10839 10840 
f 10838 10853 10869 10854 
f 10853 10852 10868 10869 
f 10839 10838 10854 10855 
f 10852 10851 10867 10868 
f 10851 10850 10866 10867 
f 10850 10849 10865 10866 
f 10849 10848 10864 10865 
f 10848 10847 10863 10864 
f 10847 10846 10862 10863 
f 10846 10845 10861 10862 
f 10845 10844 10860 10861 
f 10844 10843 10859 10860 
f 10843 10842 10858 10859 
f 10842 10841 10857 10858 
f 10841 10840 10856 10857 
f 10840 10839 10855 10856 
f 10854 10869 10885 10870 
f 10869 10868 10884 10885 
f 10855 10854 10870 10871 
f 10868 10867 10883 10884 
f 10867 10866 10882 10883 
f 10866 10865 10881 10882 
f 10865 10864 10880 10881 
f 10864 10863 10879 10880 
f 10863 10862 10878 10879 
f 10862 10861 10877 10878 
f 10861 10860 10876 10877 
f 10860 10859 10875 10876 
f 10859 10858 10874 10875 
f 10858 10857 10873 10874 
f 10857 10856 10872 10873 
f 10856 10855 10871 10872 
f 10901 10902 10903 10900 
f 10886 10887 10916 10917 
f 10901 10886 10917 10902 
f 10915 10916 10887 10888 
f 10914 10915 10888 10889 
f 10913 10914 10889 10890 
f 10912 10913 10890 10891 
f 10911 10912 10891 10892 
f 10910 10911 10892 10893 
f 10909 10910 10893 10894 
f 10908 10909 10894 10895 
f 10907 10908 10895 10896 
f 10906 10907 10896 10897 
f 10905 10906 10897 10898 
f 10904 10905 10898 10899 
f 10903 10904 10899 10900 
f 10886 10901 10933 10918 
f 10901 10900 10932 10933 
f 10887 10886 10918 10919 
f 10900 10899 10931 10932 
f 10899 10898 10930 10931 
f 10898 10897 10929 10930 
f 10897 10896 10928 10929 
f 10896 10895 10927 10928 
f 10895 10894 10926 10927 
f 10894 10893 10925 10926 
f 10893 10892 10924 10925 
f 10892 10891 10923 10924 
f 10891 10890 10922 10923 
f 10890 10889 10921 10922 
f 10889 10888 10920 10921 
f 10888 10887 10919 10920 
f 10918 10933 10949 10934 
f 10933 10932 10948 10949 
f 10919 10918 10934 10935 
f 10932 10931 10947 10948 
f 10931 10930 10946 10947 
f 10930 10929 10945 10946 
f 10929 10928 10944 10945 
f 10928 10927 10943 10944 
f 10927 10926 10942 10943 
f 10926 10925 10941 10942 
f 10925 10924 10940 10941 
f 10924 10923 10939 10940 
f 10923 10922 10938 10939 
f 10922 10921 10937 10938 
f 10921 10920 10936 10937 
f 10920 10919 10935 10936 
f 10934 10949 10965 10950 
f 10949 10948 10964 10965 
f 10935 10934 10950 10951 
f 10948 10947 10963 10964 
f 10947 10946 10962 10963 
f 10946 10945 10961 10962 
f 10945 10944 10960 10961 
f 10944 10943 10959 10960 
f 10943 10942 10958 10959 
f 10942 10941 10957 10958 
f 10941 10940 10956 10957 
f 10940 10939 10955 10956 
f 10939 10938 10954 10955 
f 10938 10937 10953 10954 
f 10937 10936 10952 10953 
f 10936 10935 10951 10952 
f 10981 10982 10983 10980 
f 10966 10967 10996 10997 
f 10981 10966 10997 10982 
f 10995 10996 10967 10968 
f 10994 10995 10968 10969 
f 10993 10994 10969 10970 
f 10992 10993 10970 10971 
f 10991 10992 10971 10972 
f 10990 10991 10972 10973 
f 10989 10990 10973 10974 
f 10988 10989 10974 10975 
f 10987 10988 10975 10976 
f 10986 10987 10976 10977 
f 10985 10986 10977 10978 
f 10984 10985 10978 10979 
f 10983 10984 10979 10980 
f 10966 10981 11013 10998 
f 10981 10980 11012 11013 
f 10967 10966 10998 10999 
f 10980 10979 11011 11012 
f 10979 10978 11010 11011 
f 10978 10977 11009 11010 
f 10977 10976 11008 11009 
f 10976 10975 11007 11008 
f 10975 10974 11006 11007 
f 10974 10973 11005 11006 
f 10973 10972 11004 11005 
f 10972 10971 11003 11004 
f 10971 10970 11002 11003 
f 10970 10969 11001 11002 
f 10969 10968 11000 11001 
f 10968 10967 10999 11000 
f 10998 11013 11029 11014 
f 11013 11012 11028 11029 
f 10999 10998 11014 11015 
f 11012 11011 11027 11028 
f 11011 11010 11026 11027 
f 11010 11009 11025 11026 
f 11009 11008 11024 11025 
f 11008 11007 11023 11024 
f 11007 11006 11022 11023 
f 11006 11005 11021 11022 
f 11005 11004 11020 11021 
f 11004 11003 11019 11020 
f 11003 11002 11018 11019 
f 11002 11001 11017 11018 
f 11001 11000 11016 11017 
f 11000 10999 11015 11016 
f 11014 11029 11045 11030 
f 11029 11028 11044 11045 
f 11015 11014 11030 11031 
f 11028 11027 11043 11044 
f 11027 11026 11042 11043 
f 11026 11025 11041 11042 
f 11025 11024 11040 11041 
f 11024 11023 11039 11040 
f 11023 11022 11038 11039 
f 11022 11021 11037 11038 
f 11021 11020 11036 11037 
f 11020 11019 11035 11036 
f 11019 11018 11034 11035 
f 11018 11017 11033 11034 
f 11017 11016 11032 11033 
f 11016 11015 11031 11032 
f 11061 11062 11063 11060 
f 11046 11047 11076 11077 
f 11061 11046 11077 11062 
f 11075 11076 11047 11048 
f 11074 11075 11048 11049 
f 11073 11074 11049 11050 
f 11072 11073 11050 11051 
f 11071 11072 11051 11052 
f 11070 11071 11052 11053 
f 11069 11070 11053 11054 
f 11068 11069 11054 11055 
f 11067 11068 11055 11056 
f 11066 11067 11056 11057 
f 11065 11066 11057 11058 
f 11064 11065 11058 11059 
f 11063 11064 11059 11060 
f 11046 11061 11093 11078 
f 11061 11060 11092 11093 
f 11047 11046 11078 11079 
f 11060 11059 11091 11092 
f 11059 11058 11090 11091 
f 11058 11057 11089 11090 
f 11057 11056 11088 11089 
f 11056 11055 11087 11088 
f 11055 11054 11086 11087 
f 11054 11053 11085 11086 
f 11053 11052 11084 11085 
f 11052 11051 11083 11084 
f 11051 11050 11082 11083 
f 11050 11049 11081 11082 
f 11049 11048 11080 11081 
f 11048 11047 11079 11080 
f 11078 11093 11109 11094 
f 11093 11092 11108 11109 
f 11079 11078 11094 11095 
f 11092 11091 11107 11108 
f 11091 11090 11106 11107 
f 11090 11089 11105 11106 
f 11089 11088 11104 11105 
f 11088 11087 11103 11104 
f 11087 11086 11102 11103 
f 11086 11085 11101 11102 
f 11085 11084 11100 11101 
f 11084 11083 11099 11100 
f 11083 11082 11098 11099 
f 11082 11081 11097 11098 
f 11081 11080 11096 11097 
f 11080 11079 11095 11096 
f 11094 11109 11125 11110 
f 11109 11108 11124 11125 
f 11095 11094 11110 11111 
f 11108 11107 11123 11124 
f 11107 11106 11122 11123 
f 11106 11105 11121 11122 
f 11105 11104 11120 11121 
f 11104 11103 11119 11120 
f 11103 11102 11118 11119 
f 11102 11101 11117 11118 
f 11101 11100 11116 11117 
f 11100 11099 11115 11116 
f 11099 11098 11114 11115 
f 11098 11097 11113 11114 
f 11097 11096 11112 11113 
f 11096 11095 11111 11112 
f 11141 11142 11143 11140 
f 11126 11127 11156 11157 
f 11141 11126 11157 11142 
f 11155 11156 11127 11128 
f 11154 11155 11128 11129 
f 11153 11154 11129 11130 
f 11152 11153 11130 11131 
f 11151 11152 11131 11132 
f 11150 11151 11132 11133 
f 11149 11150 11133 11134 
f 11148 11149 11134 11135 
f 11147 11148 11135 11136 
f 11146 11147 11136 11137 
f 11145 11146 11137 11138 
f 11144 11145 11138 11139 
f 11143 11144 11139 11140 
f 11126 11141 11173 11158 
f 11141 11140 11172 11173 
f 11127 11126 11158 11159 
f 11140 11139 11171 11172 
f 11139 11138 11170 11171 
f 11138 11137 11169 11170 
f 11137 11136 11168 11169 
f 11136 11135 11167 11168 
f 11135 11134 11166 11167 
f 11134 11133 11165 11166 
f 11133 11132 11164 11165 
f 11132 11131 11163 11164 
f 11131 11130 11162 11163 
f 11130 11129 11161 11162 
f 11129 11128 11160 11161 
f 11128 11127 11159 11160 
f 11158 11173 11189 11174 
f 11173 11172 11188 11189 
f 11159 11158 11174 11175 
f 11172 11171 11187 11188 
f 11171 11170 11186 11187 
f 11170 11169 11185 11186 
f 11169 11168 11184 11185 
f 11168 11167 11183 11184 
f 11167 11166 11182 11183 
f 11166 11165 11181 11182 
f 11165 11164 11180 11181 
f 11164 11163 11179 11180 
f 11163 11162 11178 11179 
f 11162 11161 11177 11178 
f 11161 11160 11176 11177 
f 11160 11159 11175 11176 
f 11174 11189 11205 11190 
f 11189 11188 11204 11205 
f 11175 11174 11190 11191 
f 11188 11187 11203 11204 
f 11187 11186 11202 11203 
f 11186 11185 11201 11202 
f 11185 11184 11200 11201 
f 11184 11183 11199 11200 
f 11183 11182 11198 11199 
f 11182 11181 11197 11198 
f 11181 11180 11196 11197 
f 11180 11179 11195 11196 
f 11179 11178 11194 11195 
f 11178 11177 11193 11194 
f 11177 11176 11192 11193 
f 11176 11175 11191 11192 
f 11221 11222 11223 11220 
f 11206 11207 11236 11237 
f 11221 11206 11237 11222 
f 11235 11236 11207 11208 
f 11234 11235 11208 11209 
f 11233 11234 11209 11210 
f 11232 11233 11210 11211 
f 11231 11232 11211 11212 
f 11230 11231 11212 11213 
f 11229 11230 11213 11214 
f 11228 11229 11214 11215 
f 11227 11228 11215 11216 
f 11226 11227 11216 11217 
f 11225 11226 11217 11218 
f 11224 11225 11218 11219 
f 11223 11224 11219 11220 
f 11206 11221 11253 11238 
f 11221 11220 11252 11253 
f 11207 11206 11238 11239 
f 11220 11219 11251 11252 
f 11219 11218 11250 11251 
f 11218 11217 11249 11250 
f 11217 11216 11248 11249 
f 11216 11215 11247 11248 
f 11215 11214 11246 11247 
f 11214 11213 11245 11246 
f 11213 11212 11244 11245 
f 11212 11211 11243 11244 
f 11211 11210 11242 11243 
f 11210 11209 11241 11242 
f 11209 11208 11240 11241 
f 11208 11207 11239 11240 
f 11238 11253 11269 11254 
f 11253 11252 11268 11269 
f 11239 11238 11254 11255 
f 11252 11251 11267 11268 
f 11251 11250 11266 11267 
f 11250 11249 11265 11266 
f 11249 11248 11264 11265 
f 11248 11247 11263 11264 
f 11247 11246 11262 11263 
f 11246 11245 11261 11262 
f 11245 11244 11260 11261 
f 11244 11243 11259 11260 
f 11243 11242 11258 11259 
f 11242 11241 11257 11258 
f 11241 11240 11256 11257 
f 11240 11239 11255 11256 
f 11254 11269 11285 11270 
f 11269 11268 11284 11285 
f 11255 11254 11270 11271 
f 11268 11267 11283 11284 
f 11267 11266 11282 11283 
f 11266 11265 11281 11282 
f 11265 11264 11280 11281 
f 11264 11263 11279 11280 
f 11263 11262 11278 11279 
f 11262 11261 11277 11278 
f 11261 11260 11276 11277 
f 11260 11259 11275 11276 
f 11259 11258 11274 11275 
f 11258 11257 11273 11274 
f 11257 11256 11272 11273 
f 11256 11255 11271 11272 
f 11301 11302 11303 11300 
f 11286 11287 11316 11317 
f 11301 11286 11317 11302 
f 11315 11316 11287 11288 
f 11314 11315 11288 11289 
f 11313 11314 11289 11290 
f 11312 11313 11290 11291 
f 11311 11312 11291 11292 
f 11310 11311 11292 11293 
f 11309 11310 11293 11294 
f 11308 11309 11294 11295 
f 11307 11308 11295 11296 
f 11306 11307 11296 11297 
f 11305 11306 11297 11298 
f 11304 11305 11298 11299 
f 11303 11304 11299 11300 
f 11286 11301 11333 11318 
f 11301 11300 11332 11333 
f 11287 11286 11318 11319 
f 11300 11299 11331 11332 
f 11299 11298 11330 11331 
f 11298 11297 11329 11330 
f 11297 11296 11328 11329 
f 11296 11295 11327 11328 
f 11295 11294 11326 11327 
f 11294 11293 11325 11326 
f 11293 11292 11324 11325 
f 11292 11291 11323 11324 
f 11291 11290 11322 11323 
f 11290 11289 11321 11322 
f 11289 11288 11320 11321 
f 11288 11287 11319 11320 
f 11318 11333 11349 11334 
f 11333 11332 11348 11349 
f 11319 11318 11334 11335 
f 11332 11331 11347 11348 
f 11331 11330 11346 11347 
f 11330 11329 11345 11346 
f 11329 11328 11344 11345 
f 11328 11327 11343 11344 
f 11327 11326 11342 11343 
f 11326 11325 11341 11342 
f 11325 11324 11340 11341 
f 11324 11323 11339 11340 
f 11323 11322 11338 11339 
f 11322 11321 11337 11338 
f 11321 11320 11336 11337 
f 11320 11319 11335 11336 
f 11334 11349 11365 11350 
f 11349 11348 11364 11365 
f 11335 11334 11350 11351 
f 11348 11347 11363 11364 
f 11347 11346 11362 11363 
f 11346 11345 11361 11362 
f 11345 11344 11360 11361 
f 11344 11343 11359 11360 
f 11343 11342 11358 11359 
f 11342 11341 11357 11358 
f 11341 11340 11356 11357 
f 11340 11339 11355 11356 
f 11339 11338 11354 11355 
f 11338 11337 11353 11354 
f 11337 11336 11352 11353 
f 11336 11335 11351 11352 
f 11381 11382 11383 11380 
f 11366 11367 11396 11397 
f 11381 11366 11397 11382 
f 11395 11396 11367 11368 
f 11394 11395 11368 11369 
f 11393 11394 11369 11370 
f 11392 11393 11370 11371 
f 11391 11392 11371 11372 
f 11390 11391 11372 11373 
f 11389 11390 11373 11374 
f 11388 11389 11374 11375 
f 11387 11388 11375 11376 
f 11386 11387 11376 11377 
f 11385 11386 11377 11378 
f 11384 11385 11378 11379 
f 11383 11384 11379 11380 
f 11366 11381 11413 11398 
f 11381 11380 11412 11413 
f 11367 11366 11398 11399 
f 11380 11379 11411 11412 
f 11379 11378 11410 11411 
f 11378 11377 11409 11410 
f 11377 11376 11408 11409 
f 11376 11375 11407 11408 
f 11375 11374 11406 11407 
f 11374 11373 11405 11406 
f 11373 11372 11404 11405 
f 11372 11371 11403 11404 
f 11371 11370 11402 11403 
f 11370 11369 11401 11402 
f 11369 11368 11400 11401 
f 11368 11367 11399 11400 
f 11398 11413 11429 11414 
f 11413 11412 11428 11429 
f 11399 11398 11414 11415 
f 11412 11411 11427 11428 
f 11411 11410 11426 11427 
f 11410 11409 11425 11426 
f 11409 11408 11424 11425 
f 11408 11407 11423 11424 
f 11407 11406 11422 11423 
f 11406 11405 11421 11422 
f 11405 11404 11420 11421 
f 11404 11403 11419 11420 
f 11403 11402 11418 11419 
f 11402 11401 11417 11418 
f 11401 11400 11416 11417 
f 11400 11399 11415 11416 
f 11414 11429 11445 11430 
f 11429 11428 11444 11445 
f 11415 11414 11430 11431 
f 11428 11427 11443 11444 
f 11427 11426 11442 11443 
f 11426 11425 11441 11442 
f 11425 11424 11440 11441 
f 11424 11423 11439 11440 
f 11423 11422 11438 11439 
f 11422 11421 11437 11438 
f 11421 11420 11436 11437 
f 11420 11419 11435 11436 
f 11419 11418 11434 11435 
f 11418 11417 11433 11434 
f 11417 11416 11432 11433 
f 11416 11415 11431 11432 
f 11461 11462 11463 11460 
f 11446 11447 11476 11477 
f 11461 11446 11477 11462 
f 11475 11476 11447 11448 
f 11474 11475 11448 11449 
f 11473 11474 11449 11450 
f 11472 11473 11450 11451 
f 11471 11472 11451 11452 
f 11470 11471 11452 11453 
f 11469 11470 11453 11454 
f 11468 11469 11454 11455 
f 11467 11468 11455 11456 
f 11466 11467 11456 11457 
f 11465 11466 11457 11458 
f 11464 11465 11458 11459 
f 11463 11464 11459 11460 
f 11446 11461 11493 11478 
f 11461 11460 11492 11493 
f 11447 11446 11478 11479 
f 11460 11459 11491 11492 
f 11459 11458 11490 11491 
f 11458 11457 11489 11490 
f 11457 11456 11488 11489 
f 11456 11455 11487 11488 
f 11455 11454 11486 11487 
f 11454 11453 11485 11486 
f 11453 11452 11484 11485 
f 11452 11451 11483 11484 
f 11451 11450 11482 11483 
f 11450 11449 11481 11482 
f 11449 11448 11480 11481 
f 11448 11447 11479 11480 
f 11478 11493 11509 11494 
f 11493 11492 11508 11509 
f 11479 11478 11494 11495 
f 11492 11491 11507 11508 
f 11491 11490 11506 11507 
f 11490 11489 11505 11506 
f 11489 11488 11504 11505 
f 11488 11487 11503 11504 
f 11487 11486 11502 11503 
f 11486 11485 11501 11502 
f 11485 11484 11500 11501 
f 11484 11483 11499 11500 
f 11483 11482 11498 11499 
f 11482 11481 11497 11498 
f 11481 11480 11496 11497 
f 11480 11479 11495 11496 
f 11494 11509 11525 11510 
f 11509 11508 11524 11525 
f 11495 11494 11510 11511 
f 11508 11507 11523 11524 
f 11507 11506 11522 11523 
f 11506 11505 11521 11522 
f 11505 11504 11520 11521 
f 11504 11503 11519 11520 
f 11503 11502 11518 11519 
f 11502 11501 11517 11518 
f 11501 11500 11516 11517 
f 11500 11499 11515 11516 
f 11499 11498 11514 11515 
f 11498 11497 11513 11514 
f 11497 11496 11512 11513 
f 11496 11495 11511 11512 
f 11541 11542 11543 11540 
f 11526 11527 11556 11557 
f 11541 11526 11557 11542 
f 11555 11556 11527 11528 
f 11554 11555 11528 11529 
f 11553 11554 11529 11530 
f 11552 11553 11530 11531 
f 11551 11552 11531 11532 
f 11550 11551 11532 11533 
f 11549 11550 11533 11534 
f 11548 11549 11534 11535 
f 11547 11548 11535 11536 
f 11546 11547 11536 11537 
f 11545 11546 11537 11538 
f 11544 11545 11538 11539 
f 11543 11544 11539 11540 
f 11526 11541 11573 11558 
f 11541 11540 11572 11573 
f 11527 11526 11558 11559 
f 11540 11539 11571 11572 
f 11539 11538 11570 11571 
f 11538 11537 11569 11570 
f 11537 11536 11568 11569 
f 11536 11535 11567 11568 
f 11535 11534 11566 11567 
f 11534 11533 11565 11566 
f 11533 11532 11564 11565 
f 11532 11531 11563 11564 
f 11531 11530 11562 11563 
f 11530 11529 11561 11562 
f 11529 11528 11560 11561 
f 11528 11527 11559 11560 
f 11558 11573 11589 11574 
f 11573 11572 11588 11589 
f 11559 11558 11574 11575 
f 11572 11571 11587 11588 
f 11571 11570 11586 11587 
f 11570 11569 11585 11586 
f 11569 11568 11584 11585 
f 11568 11567 11583 11584 
f 11567 11566 11582 11583 
f 11566 11565 11581 11582 
f 11565 11564 11580 11581 
f 11564 11563 11579 11580 
f 11563 11562 11578 11579 
f 11562 11561 11577 11578 
f 11561 11560 11576 11577 
f 11560 11559 11575 11576 
f 11574 11589 11605 11590 
f 11589 11588 11604 11605 
f 11575 11574 11590 11591 
f 11588 11587 11603 11604 
f 11587 11586 11602 11603 
f 11586 11585 11601 11602 
f 11585 11584 11600 11601 
f 11584 11583 11599 11600 
f 11583 11582 11598 11599 
f 11582 11581 11597 11598 
f 11581 11580 11596 11597 
f 11580 11579 11595 11596 
f 11579 11578 11594 11595 
f 11578 11577 11593 11594 
f 11577 11576 11592 11593 
f 11576 11575 11591 11592 
f 11621 11622 11623 11620 
f 11606 11607 11636 11637 
f 11621 11606 11637 11622 
f 11635 11636 11607 11608 
f 11634 11635 11608 11609 
f 11633 11634 11609 11610 
f 11632 11633 11610 11611 
f 11631 11632 11611 11612 
f 11630 11631 11612 11613 
f 11629 11630 11613 11614 
f 11628 11629 11614 11615 
f 11627 11628 11615 11616 
f 11626 11627 11616 11617 
f 11625 11626 11617 11618 
f 11624 11625 11618 11619 
f 11623 11624 11619 11620 
f 11606 11621 11653 11638 
f 11621 11620 11652 11653 
f 11607 11606 11638 11639 
f 11620 11619 11651 11652 
f 11619 11618 11650 11651 
f 11618 11617 11649 11650 
f 11617 11616 11648 11649 
f 11616 11615 11647 11648 
f 11615 11614 11646 11647 
f 11614 11613 11645 11646 
f 11613 11612 11644 11645 
f 11612 11611 11643 11644 
f 11611 11610 11642 11643 
f 11610 11609 11641 11642 
f 11609 11608 11640 11641 
f 11608 11607 11639 11640 
f 11638 11653 11669 11654 
f 11653 11652 11668 11669 
f 11639 11638 11654 11655 
f 11652 11651 11667 11668 
f 11651 11650 11666 11667 
f 11650 11649 11665 11666 
f 11649 11648 11664 11665 
f 11648 11647 11663 11664 
f 11647 11646 11662 11663 
f 11646 11645 11661 11662 
f 11645 11644 11660 11661 
f 11644 11643 11659 11660 
f 11643 11642 11658 11659 
f 11642 11641 11657 11658 
f 11641 11640 11656 11657 
f 11640 11639 11655 11656 
f 11654 11669 11685 11670 
f 11669 11668 11684 11685 
f 11655 11654 11670 11671 
f 11668 11667 11683 11684 
f 11667 11666 11682 11683 
f 11666 11665 11681 11682 
f 11665 11664 11680 11681 
f 11664 11663 11679 11680 
f 11663 11662 11678 11679 
f 11662 11661 11677 11678 
f 11661 11660 11676 11677 
f 11660 11659 11675 11676 
f 11659 11658 11674 11675 
f 11658 11657 11673 11674 
f 11657 11656 11672 11673 
f 11656 11655 11671 11672 
f 11701 11702 11703 11700 
f 11686 11687 11716 11717 
f 11701 11686 11717 11702 
f 11715 11716 11687 11688 
f 11714 11715 11688 11689 
f 11713 11714 11689 11690 
f 11712 11713 11690 11691 
f 11711 11712 11691 11692 
f 11710 11711 11692 11693 
f 11709 11710 11693 11694 
f 11708 11709 11694 11695 
f 11707 11708 11695 11696 
f 11706 11707 11696 11697 
f 11705 11706 11697 11698 
f 11704 11705 11698 11699 
f 11703 11704 11699 11700 
f 11686 11701 11733 11718 
f 11701 11700 11732 11733 
f 11687 11686 11718 11719 
f 11700 11699 11731 11732 
f 11699 11698 11730 11731 
f 11698 11697 11729 11730 
f 11697 11696 11728 11729 
f 11696 11695 11727 11728 
f 11695 11694 11726 11727 
f 11694 11693 11725 11726 
f 11693 11692 11724 11725 
f 11692 11691 11723 11724 
f 11691 11690 11722 11723 
f 11690 11689 11721 11722 
f 11689 11688 11720 11721 
f 11688 11687 11719 11720 
f 11718 11733 11749 11734 
f 11733 11732 11748 11749 
f 11719 11718 11734 11735 
f 11732 11731 11747 11748 
f 11731 11730 11746 11747 
f 11730 11729 11745 11746 
f 11729 11728 11744 11745 
f 11728 11727 11743 11744 
f 11727 11726 11742 11743 
f 11726 11725 11741 11742 
f 11725 11724 11740 11741 
f 11724 11723 11739 11740 
f 11723 11722 11738 11739 
f 11722 11721 11737 11738 
f 11721 11720 11736 11737 
f 11720 11719 11735 11736 
f 11734 11749 11765 11750 
f 11749 11748 11764 11765 
f 11735 11734 11750 11751 
f 11748 11747 11763 11764 
f 11747 11746 11762 11763 
f 11746 11745 11761 11762 
f 11745 11744 11760 11761 
f 11744 11743 11759 11760 
f 11743 11742 11758 11759 
f 11742 11741 11757 11758 
f 11741 11740 11756 11757 
f 11740 11739 11755 11756 
f 11739 11738 11754 11755 
f 11738 11737 11753 11754 
f 11737 11736 11752 11753 
f 11736 11735 11751 11752 
f 11781 11782 11783 11780 
f 11766 11767 11796 11797 
f 11781 11766 11797 11782 
f 11795 11796 11767 11768 
f 11794 11795 11768 11769 
f 11793 11794 11769 11770 
f 11792 11793 11770 11771 
f 11791 11792 11771 11772 
f 11790 11791 11772 11773 
f 11789 11790 11773 11774 
f 11788 11789 11774 11775 
f 11787 11788 11775 11776 
f 11786 11787 11776 11777 
f 11785 11786 11777 11778 
f 11784 11785 11778 11779 
f 11783 11784 11779 11780 
f 11766 11781 11813 11798 
f 11781 11780 11812 11813 
f 11767 11766 11798 11799 
f 11780 11779 11811 11812 
f 11779 11778 11810 11811 
f 11778 11777 11809 11810 
f 11777 11776 11808 11809 
f 11776 11775 11807 11808 
f 11775 11774 11806 11807 
f 11774 11773 11805 11806 
f 11773 11772 11804 11805 
f 11772 11771 11803 11804 
f 11771 11770 11802 11803 
f 11770 11769 11801 11802 
f 11769 11768 11800 11801 
f 11768 11767 11799 11800 
f 11798 11813 11829 11814 
f 11813 11812 11828 11829 
f 11799 11798 11814 11815 
f 11812 11811 11827 11828 
f 11811 11810 11826 11827 
f 11810 11809 11825 11826 
f 11809 11808 11824 11825 
f 11808 11807 11823 11824 
f 11807 11806 11822 11823 
f 11806 11805 11821 11822 
f 11805 11804 11820 11821 
f 11804 11803 11819 11820 
f 11803 11802 11818 11819 
f 11802 11801 11817 11818 
f 11801 11800 11816 11817 
f 11800 11799 11815 11816 
f 11814 11829 11845 11830 
f 11829 11828 11844 11845 
f 11815 11814 11830 11831 
f 11828 11827 11843 11844 
f 11827 11826 11842 11843 
f 11826 11825 11841 11842 
f 11825 11824 11840 11841 
f 11824 11823 11839 11840 
f 11823 11822 11838 11839 
f 11822 11821 11837 11838 
f 11821 11820 11836 11837 
f 11820 11819 11835 11836 
f 11819 11818 11834 11835 
f 11818 11817 11833 11834 
f 11817 11816 11832 11833 
f 11816 11815 11831 11832 
f 11861 11862 11863 11860 
f 11846 11847 11876 11877 
f 11861 11846 11877 11862 
f 11875 11876 11847 11848 
f 11874 11875 11848 11849 
f 11873 11874 11849 11850 
f 11872 11873 11850 11851 
f 11871 11872 11851 11852 
f 11870 11871 11852 11853 
f 11869 11870 11853 11854 
f 11868 11869 11854 11855 
f 11867 11868 11855 11856 
f 11866 11867 11856 11857 
f 11865 11866 11857 11858 
f 11864 11865 11858 11859 
f 11863 11864 11859 11860 
f 11846 11861 11893 11878 
f 11861 11860 11892 11893 
f 11847 11846 11878 11879 
f 11860 11859 11891 11892 
f 11859 11858 11890 11891 
f 11858 11857 11889 11890 
f 11857 11856 11888 11889 
f 11856 11855 11887 11888 
f 11855 11854 11886 11887 
f 11854 11853 11885 11886 
f 11853 11852 11884 11885 
f 11852 11851 11883 11884 
f 11851 11850 11882 11883 
f 11850 11849 11881 11882 
f 11849 11848 11880 11881 
f 11848 11847 11879 11880 
f 11878 11893 11909 11894 
f 11893 11892 11908 11909 
f 11879 11878 11894 11895 
f 11892 11891 11907 11908 
f 11891 11890 11906 11907 
f 11890 11889 11905 11906 
f 11889 11888 11904 11905 
f 11888 11887 11903 11904 
f 11887 11886 11902 11903 
f 11886 11885 11901 11902 
f 11885 11884 11900 11901 
f 11884 11883 11899 11900 
f 11883 11882 11898 11899 
f 11882 11881 11897 11898 
f 11881 11880 11896 11897 
f 11880 11879 11895 11896 
f 11894 11909 11925 11910 
f 11909 11908 11924 11925 
f 11895 11894 11910 11911 
f 11908 11907 11923 11924 
f 11907 11906 11922 11923 
f 11906 11905 11921 11922 
f 11905 11904 11920 11921 
f 11904 11903 11919 11920 
f 11903 11902 11918 11919 
f 11902 11901 11917 11918 
f 11901 11900 11916 11917 
f 11900 11899 11915 11916 
f 11899 11898 11914 11915 
f 11898 11897 11913 11914 
f 11897 11896 11912 11913 
f 11896 11895 11911 11912 
f 11941 11942 11943 11940 
f 11926 11927 11956 11957 
f 11941 11926 11957 11942 
f 11955 11956 11927 11928 
f 11954 11955 11928 11929 
f 11953 11954 11929 11930 
f 11952 11953 11930 11931 
f 11951 11952 11931 11932 
f 11950 11951 11932 11933 
f 11949 11950 11933 11934 
f 11948 11949 11934 11935 
f 11947 11948 11935 11936 
f 11946 11947 11936 11937 
f 11945 11946 11937 11938 
f 11944 11945 11938 11939 
f 11943 11944 11939 11940 
f 11926 11941 11973 11958 
f 11941 11940 11972 11973 
f 11927 11926 11958 11959 
f 11940 11939 11971 11972 
f 11939 11938 11970 11971 
f 11938 11937 11969 11970 
f 11937 11936 11968 11969 
f 11936 11935 11967 11968 
f 11935 11934 11966 11967 
f 11934 11933 11965 11966 
f 11933 11932 11964 11965 
f 11932 11931 11963 11964 
f 11931 11930 11962 11963 
f 11930 11929 11961 11962 
f 11929 11928 11960 11961 
f 11928 11927 11959 11960 
f 11958 11973 11989 11974 
f 11973 11972 11988 11989 
f 11959 11958 11974 11975 
f 11972 11971 11987 11988 
f 11971 11970 11986 11987 
f 11970 11969 11985 11986 
f 11969 11968 11984 11985 
f 11968 11967 11983 11984 
f 11967 11966 11982 11983 
f 11966 11965 11981 11982 
f 11965 11964 11980 11981 
f 11964 11963 11979 11980 
f 11963 11962 11978 11979 
f 11962 11961 11977 11978 
f 11961 11960 11976 11977 
f 11960 11959 11975 11976 
f 11974 11989 12005 11990 
f 11989 11988 12004 12005 
f 11975 11974 11990 11991 
f 11988 11987 12003 12004 
f 11987 11986 12002 12003 
f 11986 11985 12001 12002 
f 11985 11984 12000 12001 
f 11984 11983 11999 12000 
f 11983 11982 11998 11999 
f 11982 11981 11997 11998 
f 11981 11980 11996 11997 
f 11980 11979 11995 11996 
f 11979 11978 11994 11995 
f 11978 11977 11993 11994 
f 11977 11976 11992 11993 
f 11976 11975 11991 11992 
f 12021 12022 12023 12020 
f 12006 12007 12036 12037 
f 12021 12006 12037 12022 
f 12035 12036 12007 12008 
f 12034 12035 12008 12009 
f 12033 12034 12009 12010 
f 12032 12033 12010 12011 
f 12031 12032 12011 12012 
f 12030 12031 12012 12013 
f 12029 12030 12013 12014 
f 12028 12029 12014 12015 
f 12027 12028 12015 12016 
f 12026 12027 12016 12017 
f 12025 12026 12017 12018 
f 12024 12025 12018 12019 
f 12023 12024 12019 12020 
f 12006 12021 12053 12038 
f 12021 12020 12052 12053 
f 12007 12006 12038 12039 
f 12020 12019 12051 12052 
f 12019 12018 12050 12051 
f 12018 12017 12049 12050 
f 12017 12016 12048 12049 
f 12016 12015 12047 12048 
f 12015 12014 12046 12047 
f 12014 12013 12045 12046 
f 12013 12012 12044 12045 
f 12012 12011 12043 12044 
f 12011 12010 12042 12043 
f 12010 12009 12041 12042 
f 12009 12008 12040 12041 
f 12008 12007 12039 12040 
f 12038 12053 12069 12054 
f 12053 12052 12068 12069 
f 12039 12038 12054 12055 
f 12052 12051 12067 12068 
f 12051 12050 12066 12067 
f 12050 12049 12065 12066 
f 12049 12048 12064 12065 
f 12048 12047 12063 12064 
f 12047 12046 12062 12063 
f 12046 12045 12061 12062 
f 12045 12044 12060 12061 
f 12044 12043 12059 12060 
f 12043 12042 12058 12059 
f 12042 12041 12057 12058 
f 12041 12040 12056 12057 
f 12040 12039 12055 12056 
f 12054 12069 12085 12070 
f 12069 12068 12084 12085 
f 12055 12054 12070 12071 
f 12068 12067 12083 12084 
f 12067 12066 12082 12083 
f 12066 12065 12081 12082 
f 12065 12064 12080 12081 
f 12064 12063 12079 12080 
f 12063 12062 12078 12079 
f 12062 12061 12077 12078 
f 12061 12060 12076 12077 
f 12060 12059 12075 12076 
f 12059 12058 12074 12075 
f 12058 12057 12073 12074 
f 12057 12056 12072 12073 
f 12056 12055 12071 12072 
f 12101 12102 12103 12100 
f 12086 12087 12116 12117 
f 12101 12086 12117 12102 
f 12115 12116 12087 12088 
f 12114 12115 12088 12089 
f 12113 12114 12089 12090 
f 12112 12113 12090 12091 
f 12111 12112 12091 12092 
f 12110 12111 12092 12093 
f 12109 12110 12093 12094 
f 12108 12109 12094 12095 
f 12107 12108 12095 12096 
f 12106 12107 12096 12097 
f 12105 12106 12097 12098 
f 12104 12105 12098 12099 
f 12103 12104 12099 12100 
f 12086 12101 12133 12118 
f 12101 12100 12132 12133 
f 12087 12086 12118 12119 
f 12100 12099 12131 12132 
f 12099 12098 12130 12131 
f 12098 12097 12129 12130 
f 12097 12096 12128 12129 
f 12096 12095 12127 12128 
f 12095 12094 12126 12127 
f 12094 12093 12125 12126 
f 12093 12092 12124 12125 
f 12092 12091 12123 12124 
f 12091 12090 12122 12123 
f 12090 12089 12121 12122 
f 12089 12088 12120 12121 
f 12088 12087 12119 12120 
f 12118 12133 12149 12134 
f 12133 12132 12148 12149 
f 12119 12118 12134 12135 
f 12132 12131 12147 12148 
f 12131 12130 12146 12147 
f 12130 12129 12145 12146 
f 12129 12128 12144 12145 
f 12128 12127 12143 12144 
f 12127 12126 12142 12143 
f 12126 12125 12141 12142 
f 12125 12124 12140 12141 
f 12124 12123 12139 12140 
f 12123 12122 12138 12139 
f 12122 12121 12137 12138 
f 12121 12120 12136 12137 
f 12120 12119 12135 12136 
f 12134 12149 12165 12150 
f 12149 12148 12164 12165 
f 12135 12134 12150 12151 
f 12148 12147 12163 12164 
f 12147 12146 12162 12163 
f 12146 12145 12161 12162 
f 12145 12144 12160 12161 
f 12144 12143 12159 12160 
f 12143 12142 12158 12159 
f 12142 12141 12157 12158 
f 12141 12140 12156 12157 
f 12140 12139 12155 12156 
f 12139 12138 12154 12155 
f 12138 12137 12153 12154 
f 12137 12136 12152 12153 
f 12136 12135 12151 12152 
f 12181 12182 12183 12180 
f 12166 12167 12196 12197 
f 12181 12166 12197 12182 
f 12195 12196 12167 12168 
f 12194 12195 12168 12169 
f 12193 12194 12169 12170 
f 12192 12193 12170 12171 
f 12191 12192 12171 12172 
f 12190 12191 12172 12173 
f 12189 12190 12173 12174 
f 12188 12189 12174 12175 
f 12187 12188 12175 12176 
f 12186 12187 12176 12177 
f 12185 12186 12177 12178 
f 12184 12185 12178 12179 
f 12183 12184 12179 12180 
f 12166 12181 12213 12198 
f 12181 12180 12212 12213 
f 12167 12166 12198 12199 
f 12180 12179 12211 12212 
f 12179 12178 12210 12211 
f 12178 12177 12209 12210 
f 12177 12176 12208 12209 
f 12176 12175 12207 12208 
f 12175 12174 12206 12207 
f 12174 12173 12205 12206 
f 12173 12172 12204 12205 
f 12172 12171 12203 12204 
f 12171 12170 12202 12203 
f 12170 12169 12201 12202 
f 12169 12168 12200 12201 
f 12168 12167 12199 12200 
f 12198 12213 12229 12214 
f 12213 12212 12228 12229 
f 12199 12198 12214 12215 
f 12212 12211 12227 12228 
f 12211 12210 12226 12227 
f 12210 12209 12225 12226 
f 12209 12208 12224 12225 
f 12208 12207 12223 12224 
f 12207 12206 12222 12223 
f 12206 12205 12221 12222 
f 12205 12204 12220 12221 
f 12204 12203 12219 12220 
f 12203 12202 12218 12219 
f 12202 12201 12217 12218 
f 12201 12200 12216 12217 
f 12200 12199 12215 12216 
f 12214 12229 12245 12230 
f 12229 12228 12244 12245 
f 12215 12214 12230 12231 
f 12228 12227 12243 12244 
f 12227 12226 12242 12243 
f 12226 12225 12241 12242 
f 12225 12224 12240 12241 
f 12224 12223 12239 12240 
f 12223 12222 12238 12239 
f 12222 12221 12237 12238 
f 12221 12220 12236 12237 
f 12220 12219 12235 12236 
f 12219 12218 12234 12235 
f 12218 12217 12233 12234 
f 12217 12216 12232 12233 
f 12216 12215 12231 12232 
f 12261 12262 12263 12260 
f 12246 12247 12276 12277 
f 12261 12246 12277 12262 
f 12275 12276 12247 12248 
f 12274 12275 12248 12249 
f 12273 12274 12249 12250 
f 12272 12273 12250 12251 
f 12271 12272 12251 12252 
f 12270 12271 12252 12253 
f 12269 12270 12253 12254 
f 12268 12269 12254 12255 
f 12267 12268 12255 12256 
f 12266 12267 12256 12257 
f 12265 12266 12257 12258 
f 12264 12265 12258 12259 
f 12263 12264 12259 12260 
f 12246 12261 12293 12278 
f 12261 12260 12292 12293 
f 12247 12246 12278 12279 
f 12260 12259 12291 12292 
f 12259 12258 12290 12291 
f 12258 12257 12289 12290 
f 12257 12256 12288 12289 
f 12256 12255 12287 12288 
f 12255 12254 12286 12287 
f 12254 12253 12285 12286 
f 12253 12252 12284 12285 
f 12252 12251 12283 12284 
f 12251 12250 12282 12283 
f 12250 12249 12281 12282 
f 12249 12248 12280 12281 
f 12248 12247 12279 12280 
f 12278 12293 12309 12294 
f 12293 12292 12308 12309 
f 12279 12278 12294 12295 
f 12292 12291 12307 12308 
f 12291 12290 12306 12307 
f 12290 12289 12305 12306 
f 12289 12288 12304 12305 
f 12288 12287 12303 12304 
f 12287 12286 12302 12303 
f 12286 12285 12301 12302 
f 12285 12284 12300 12301 
f 12284 12283 12299 12300 
f 12283 12282 12298 12299 
f 12282 12281 12297 12298 
f 12281 12280 12296 12297 
f 12280 12279 12295 12296 
f 12294 12309 12325 12310 
f 12309 12308 12324 12325 
f 12295 12294 12310 12311 
f 12308 12307 12323 12324 
f 12307 12306 12322 12323 
f 12306 12305 12321 12322 
f 12305 12304 12320 12321 
f 12304 12303 12319 12320 
f 12303 12302 12318 12319 
f 12302 12301 12317 12318 
f 12301 12300 12316 12317 
f 12300 12299 12315 12316 
f 12299 12298 12314 12315 
f 12298 12297 12313 12314 
f 12297 12296 12312 12313 
f 12296 12295 12311 12312 
f 12341 12342 12343 12340 
f 12326 12327 12356 12357 
f 12341 12326 12357 12342 
f 12355 12356 12327 12328 
f 12354 12355 12328 12329 
f 12353 12354 12329 12330 
f 12352 12353 12330 12331 
f 12351 12352 12331 12332 
f 12350 12351 12332 12333 
f 12349 12350 12333 12334 
f 12348 12349 12334 12335 
f 12347 12348 12335 12336 
f 12346 12347 12336 12337 
f 12345 12346 12337 12338 
f 12344 12345 12338 12339 
f 12343 12344 12339 12340 
f 12326 12341 12373 12358 
f 12341 12340 12372 12373 
f 12327 12326 12358 12359 
f 12340 12339 12371 12372 
f 12339 12338 12370 12371 
f 12338 12337 12369 12370 
f 12337 12336 12368 12369 
f 12336 12335 12367 12368 
f 12335 12334 12366 12367 
f 12334 12333 12365 12366 
f 12333 12332 12364 12365 
f 12332 12331 12363 12364 
f 12331 12330 12362 12363 
f 12330 12329 12361 12362 
f 12329 12328 12360 12361 
f 12328 12327 12359 12360 
f 12358 12373 12389 12374 
f 12373 12372 12388 12389 
f 12359 12358 12374 12375 
f 12372 12371 12387 12388 
f 12371 12370 12386 12387 
f 12370 12369 12385 12386 
f 12369 12368 12384 12385 
f 12368 12367 12383 12384 
f 12367 12366 12382 12383 
f 12366 12365 12381 12382 
f 12365 12364 12380 12381 
f 12364 12363 12379 12380 
f 12363 12362 12378 12379 
f 12362 12361 12377 12378 
f 12361 12360 12376 12377 
f 12360 12359 12375 12376 
f 12374 12389 12405 12390 
f 12389 12388 12404 12405 
f 12375 12374 12390 12391 
f 12388 12387 12403 12404 
f 12387 12386 12402 12403 
f 12386 12385 12401 12402 
f 12385 12384 12400 12401 
f 12384 12383 12399 12400 
f 12383 12382 12398 12399 
f 12382 12381 12397 12398 
f 12381 12380 12396 12397 
f 12380 12379 12395 12396 
f 12379 12378 12394 12395 
f 12378 12377 12393 12394 
f 12377 12376 12392 12393 
f 12376 12375 12391 12392 
f 12421 12422 12423 12420 
f 12406 12407 12436 12437 
f 12421 12406 12437 12422 
f 12435 12436 12407 12408 
f 12434 12435 12408 12409 
f 12433 12434 12409 12410 
f 12432 12433 12410 12411 
f 12431 12432 12411 12412 
f 12430 12431 12412 12413 
f 12429 12430 12413 12414 
f 12428 12429 12414 12415 
f 12427 12428 12415 12416 
f 12426 12427 12416 12417 
f 12425 12426 12417 12418 
f 12424 12425 12418 12419 
f 12423 12424 12419 12420 
f 12406 12421 12453 12438 
f 12421 12420 12452 12453 
f 12407 12406 12438 12439 
f 12420 12419 12451 12452 
f 12419 12418 12450 12451 
f 12418 12417 12449 12450 
f 12417 12416 12448 12449 
f 12416 12415 12447 12448 
f 12415 12414 12446 12447 
f 12414 12413 12445 12446 
f 12413 12412 12444 12445 
f 12412 12411 12443 12444 
f 12411 12410 12442 12443 
f 12410 12409 12441 12442 
f 12409 12408 12440 12441 
f 12408 12407 12439 12440 
f 12438 12453 12469 12454 
f 12453 12452 12468 12469 
f 12439 12438 12454 12455 
f 12452 12451 12467 12468 
f 12451 12450 12466 12467 
f 12450 12449 12465 12466 
f 12449 12448 12464 12465 
f 12448 12447 12463 12464 
f 12447 12446 12462 12463 
f 12446 12445 12461 12462 
f 12445 12444 12460 12461 
f 12444 12443 12459 12460 
f 12443 12442 12458 12459 
f 12442 12441 12457 12458 
f 12441 12440 12456 12457 
f 12440 12439 12455 12456 
f 12454 12469 12485 12470 
f 12469 12468 12484 12485 
f 12455 12454 12470 12471 
f 12468 12467 12483 12484 
f 12467 12466 12482 12483 
f 12466 12465 12481 12482 
f 12465 12464 12480 12481 
f 12464 12463 12479 12480 
f 12463 12462 12478 12479 
f 12462 12461 12477 12478 
f 12461 12460 12476 12477 
f 12460 12459 12475 12476 
f 12459 12458 12474 12475 
f 12458 12457 12473 12474 
f 12457 12456 12472 12473 
f 12456 12455 12471 12472 
f 12501 12502 12503 12500 
f 12486 12487 12516 12517 
f 12501 12486 12517 12502 
f 12515 12516 12487 12488 
f 12514 12515 12488 12489 
f 12513 12514 12489 12490 
f 12512 12513 12490 12491 
f 12511 12512 12491 12492 
f 12510 12511 12492 12493 
f 12509 12510 12493 12494 
f 12508 12509 12494 12495 
f 12507 12508 12495 12496 
f 12506 12507 12496 12497 
f 12505 12506 12497 12498 
f 12504 12505 12498 12499 
f 12503 12504 12499 12500 
f 12486 12501 12533 12518 
f 12501 12500 12532 12533 
f 12487 12486 12518 12519 
f 12500 12499 12531 12532 
f 12499 12498 12530 12531 
f 12498 12497 12529 12530 
f 12497 12496 12528 12529 
f 12496 12495 12527 12528 
f 12495 12494 12526 12527 
f 12494 12493 12525 12526 
f 12493 12492 12524 12525 
f 12492 12491 12523 12524 
f 12491 12490 12522 12523 
f 12490 12489 12521 12522 
f 12489 12488 12520 12521 
f 12488 12487 12519 12520 
f 12518 12533 12549 12534 
f 12533 12532 12548 12549 
f 12519 12518 12534 12535 
f 12532 12531 12547 12548 
f 12531 12530 12546 12547 
f 12530 12529 12545 12546 
f 12529 12528 12544 12545 
f 12528 12527 12543 12544 
f 12527 12526 12542 12543 
f 12526 12525 12541 12542 
f 12525 12524 12540 12541 
f 12524 12523 12539 12540 
f 12523 12522 12538 12539 
f 12522 12521 12537 12538 
f 12521 12520 12536 12537 
f 12520 12519 12535 12536 
f 12534 12549 12565 12550 
f 12549 12548 12564 12565 
f 12535 12534 12550 12551 
f 12548 12547 12563 12564 
f 12547 12546 12562 12563 
f 12546 12545 12561 12562 
f 12545 12544 12560 12561 
f 12544 12543 12559 12560 
f 12543 12542 12558 12559 
f 12542 12541 12557 12558 
f 12541 12540 12556 12557 
f 12540 12539 12555 12556 
f 12539 12538 12554 12555 
f 12538 12537 12553 12554 
f 12537 12536 12552 12553 
f 12536 12535 12551 12552 
f 12581 12582 12583 12580 
f 12566 12567 12596 12597 
f 12581 12566 12597 12582 
f 12595 12596 12567 12568 
f 12594 12595 12568 12569 
f 12593 12594 12569 12570 
f 12592 12593 12570 12571 
f 12591 12592 12571 12572 
f 12590 12591 12572 12573 
f 12589 12590 12573 12574 
f 12588 12589 12574 12575 
f 12587 12588 12575 12576 
f 12586 12587 12576 12577 
f 12585 12586 12577 12578 
f 12584 12585 12578 12579 
f 12583 12584 12579 12580 
f 12566 12581 12613 12598 
f 12581 12580 12612 12613 
f 12567 12566 12598 12599 
f 12580 12579 12611 12612 
f 12579 12578 12610 12611 
f 12578 12577 12609 12610 
f 12577 12576 12608 12609 
f 12576 12575 12607 12608 
f 12575 12574 12606 12607 
f 12574 12573 12605 12606 
f 12573 12572 12604 12605 
f 12572 12571 12603 12604 
f 12571 12570 12602 12603 
f 12570 12569 12601 12602 
f 12569 12568 12600 12601 
f 12568 12567 12599 12600 
f 12598 12613 12629 12614 
f 12613 12612 12628 12629 
f 12599 12598 12614 12615 
f 12612 12611 12627 12628 
f 12611 12610 12626 12627 
f 12610 12609 12625 12626 
f 12609 12608 12624 12625 
f 12608 12607 12623 12624 
f 12607 12606 12622 12623 
f 12606 12605 12621 12622 
f 12605 12604 12620 12621 
f 12604 12603 12619 12620 
f 12603 12602 12618 12619 
f 12602 12601 12617 12618 
f 12601 12600 12616 12617 
f 12600 12599 12615 12616 
f 12614 12629 12645 12630 
f 12629 12628 12644 12645 
f 12615 12614 12630 12631 
f 12628 12627 12643 12644 
f 12627 12626 12642 12643 
f 12626 12625 12641 12642 
f 12625 12624 12640 12641 
f 12624 12623 12639 12640 
f 12623 12622 12638 12639 
f 12622 12621 12637 12638 
f 12621 12620 12636 12637 
f 12620 12619 12635 12636 
f 12619 12618 12634 12635 
f 12618 12617 12633 12634 
f 12617 12616 12632 12633 
f 12616 12615 12631 12632 
f 12661 12662 12663 12660 
f 12646 12647 12676 12677 
f 12661 12646 12677 12662 
f 12675 12676 12647 12648 
f 12674 12675 12648 12649 
f 12673 12674 12649 12650 
f 12672 12673 12650 12651 
f 12671 12672 12651 12652 
f 12670 12671 12652 12653 
f 12669 12670 12653 12654 
f 12668 12669 12654 12655 
f 12667 12668 12655 12656 
f 12666 12667 12656 12657 
f 12665 12666 12657 12658 
f 12664 12665 12658 12659 
f 12663 12664 12659 12660 
f 12646 12661 12693 12678 
f 12661 12660 12692 12693 
f 12647 12646 12678 12679 
f 12660 12659 12691 12692 
f 12659 12658 12690 12691 
f 12658 12657 12689 12690 
f 12657 12656 12688 12689 
f 12656 12655 12687 12688 
f 12655 12654 12686 12687 
f 12654 12653 12685 12686 
f 12653 12652 12684 12685 
f 12652 12651 12683 12684 
f 12651 12650 12682 12683 
f 12650 12649 12681 12682 
f 12649 12648 12680 12681 
f 12648 12647 12679 12680 
f 12678 12693 12709 12694 
f 12693 12692 12708 12709 
f 12679 12678 12694 12695 
f 12692 12691 12707 12708 
f 12691 12690 12706 12707 
f 12690 12689 12705 12706 
f 12689 12688 12704 12705 
f 12688 12687 12703 12704 
f 12687 12686 12702 12703 
f 12686 12685 12701 12702 
f 12685 12684 12700 12701 
f 12684 12683 12699 12700 
f 12683 12682 12698 12699 
f 12682 12681 12697 12698 
f 12681 12680 12696 12697 
f 12680 12679 12695 12696 
f 12694 12709 12725 12710 
f 12709 12708 12724 12725 
f 12695 12694 12710 12711 
f 12708 12707 12723 12724 
f 12707 12706 12722 12723 
f 12706 12705 12721 12722 
f 12705 12704 12720 12721 
f 12704 12703 12719 12720 
f 12703 12702 12718 12719 
f 12702 12701 12717 12718 
f 12701 12700 12716 12717 
f 12700 12699 12715 12716 
f 12699 12698 12714 12715 
f 12698 12697 12713 12714 
f 12697 12696 12712 12713 
f 12696 12695 12711 12712 
f 12741 12742 12743 12740 
f 12726 12727 12756 12757 
f 12741 12726 12757 12742 
f 12755 12756 12727 12728 
f 12754 12755 12728 12729 
f 12753 12754 12729 12730 
f 12752 12753 12730 12731 
f 12751 12752 12731 12732 
f 12750 12751 12732 12733 
f 12749 12750 12733 12734 
f 12748 12749 12734 12735 
f 12747 12748 12735 12736 
f 12746 12747 12736 12737 
f 12745 12746 12737 12738 
f 12744 12745 12738 12739 
f 12743 12744 12739 12740 
f 12726 12741 12773 12758 
f 12741 12740 12772 12773 
f 12727 12726 12758 12759 
f 12740 12739 12771 12772 
f 12739 12738 12770 12771 
f 12738 12737 12769 12770 
f 12737 12736 12768 12769 
f 12736 12735 12767 12768 
f 12735 12734 12766 12767 
f 12734 12733 12765 12766 
f 12733 12732 12764 12765 
f 12732 12731 12763 12764 
f 12731 12730 12762 12763 
f 12730 12729 12761 12762 
f 12729 12728 12760 12761 
f 12728 12727 12759 12760 
f 12758 12773 12789 12774 
f 12773 12772 12788 12789 
f 12759 12758 12774 12775 
f 12772 12771 12787 12788 
f 12771 12770 12786 12787 
f 12770 12769 12785 12786 
f 12769 12768 12784 12785 
f 12768 12767 12783 12784 
f 12767 12766 12782 12783 
f 12766 12765 12781 12782 
f 12765 12764 12780 12781 
f 12764 12763 12779 12780 
f 12763 12762 12778 12779 
f 12762 12761 12777 12778 
f 12761 12760 12776 12777 
f 12760 12759 12775 12776 
f 12774 12789 12805 12790 
f 12789 12788 12804 12805 
f 12775 12774 12790 12791 
f 12788 12787 12803 12804 
f 12787 12786 12802 12803 
f 12786 12785 12801 12802 
f 12785 12784 12800 12801 
f 12784 12783 12799 12800 
f 12783 12782 12798 12799 
f 12782 12781 12797 12798 
f 12781 12780 12796 12797 
f 12780 12779 12795 12796 
f 12779 12778 12794 12795 
f 12778 12777 12793 12794 
f 12777 12776 12792 12793 
f 12776 12775 12791 12792 
f 12821 12822 12823 12820 
f 12806 12807 12836 12837 
f 12821 12806 12837 12822 
f 12835 12836 12807 12808 
f 12834 12835 12808 12809 
f 12833 12834 12809 12810 
f 12832 12833 12810 12811 
f 12831 12832 12811 12812 
f 12830 12831 12812 12813 
f 12829 12830 12813 12814 
f 12828 12829 12814 12815 
f 12827 12828 12815 12816 
f 12826 12827 12816 12817 
f 12825 12826 12817 12818 
f 12824 12825 12818 12819 
f 12823 12824 12819 12820 
f 12806 12821 12853 12838 
f 12821 12820 12852 12853 
f 12807 12806 12838 12839 
f 12820 12819 12851 12852 
f 12819 12818 12850 12851 
f 12818 12817 12849 12850 
f 12817 12816 12848 12849 
f 12816 12815 12847 12848 
f 12815 12814 12846 12847 
f 12814 12813 12845 12846 
f 12813 12812 12844 12845 
f 12812 12811 12843 12844 
f 12811 12810 12842 12843 
f 12810 12809 12841 12842 
f 12809 12808 12840 12841 
f 12808 12807 12839 12840 
f 12838 12853 12869 12854 
f 12853 12852 12868 12869 
f 12839 12838 12854 12855 
f 12852 12851 12867 12868 
f 12851 12850 12866 12867 
f 12850 12849 12865 12866 
f 12849 12848 12864 12865 
f 12848 12847 12863 12864 
f 12847 12846 12862 12863 
f 12846 12845 12861 12862 
f 12845 12844 12860 12861 
f 12844 12843 12859 12860 
f 12843 12842 12858 12859 
f 12842 12841 12857 12858 
f 12841 12840 12856 12857 
f 12840 12839 12855 12856 
f 12854 12869 12885 12870 
f 12869 12868 12884 12885 
f 12855 12854 12870 12871 
f 12868 12867 12883 12884 
f 12867 12866 12882 12883 
f 12866 12865 12881 12882 
f 12865 12864 12880 12881 
f 12864 12863 12879 12880 
f 12863 12862 12878 12879 
f 12862 12861 12877 12878 
f 12861 12860 12876 12877 
f 12860 12859 12875 12876 
f 12859 12858 12874 12875 
f 12858 12857 12873 12874 
f 12857 12856 12872 12873 
f 12856 12855 12871 12872 
f 12901 12902 12903 12900 
f 12886 12887 12916 12917 
f 12901 12886 12917 12902 
f 12915 12916 12887 12888 
f 12914 12915 12888 12889 
f 12913 12914 12889 12890 
f 12912 12913 12890 12891 
f 12911 12912 12891 12892 
f 12910 12911 12892 12893 
f 12909 12910 12893 12894 
f 12908 12909 12894 12895 
f 12907 12908 12895 12896 
f 12906 12907 12896 12897 
f 12905 12906 12897 12898 
f 12904 12905 12898 12899 
f 12903 12904 12899 12900 
f 12886 12901 12933 12918 
f 12901 12900 12932 12933 
f 12887 12886 12918 12919 
f 12900 12899 12931 12932 
f 12899 12898 12930 12931 
f 12898 12897 12929 12930 
f 12897 12896 12928 12929 
f 12896 12895 12927 12928 
f 12895 12894 12926 12927 
f 12894 12893 12925 12926 
f 12893 12892 12924 12925 
f 12892 12891 12923 12924 
f 12891 12890 12922 12923 
f 12890 12889 12921 12922 
f 12889 12888 12920 12921 
f 12888 12887 12919 12920 
f 12918 12933 12949 12934 
f 12933 12932 12948 12949 
f 12919 12918 12934 12935 
f 12932 12931 12947 12948 
f 12931 12930 12946 12947 
f 12930 12929 12945 12946 
f 12929 12928 12944 12945 
f 12928 12927 12943 12944 
f 12927 12926 12942 12943 
f 12926 12925 12941 12942 
f 12925 12924 12940 12941 
f 12924 12923 12939 12940 
f 12923 12922 12938 12939 
f 12922 12921 12937 12938 
f 12921 12920 12936 12937 
f 12920 12919 12935 12936 
f 12934 12949 12965 12950 
f 12949 12948 12964 12965 
f 12935 12934 12950 12951 
f 12948 12947 12963 12964 
f 12947 12946 12962 12963 
f 12946 12945 12961 12962 
f 12945 12944 12960 12961 
f 12944 12943 12959 12960 
f 12943 12942 12958 12959 
f 12942 12941 12957 12958 
f 12941 12940 12956 12957 
f 12940 12939 12955 12956 
f 12939 12938 12954 12955 
f 12938 12937 12953 12954 
f 12937 12936 12952 12953 
f 12936 12935 12951 12952 
f 12981 12982 12983 12980 
f 12966 12967 12996 12997 
f 12981 12966 12997 12982 
f 12995 12996 12967 12968 
f 12994 12995 12968 12969 
f 12993 12994 12969 12970 
f 12992 12993 12970 12971 
f 12991 12992 12971 12972 
f 12990 12991 12972 12973 
f 12989 12990 12973 12974 
f 12988 12989 12974 12975 
f 12987 12988 12975 12976 
f 12986 12987 12976 12977 
f 12985 12986 12977 12978 
f 12984 12985 12978 12979 
f 12983 12984 12979 12980 
f 12966 12981 13013 12998 
f 12981 12980 13012 13013 
f 12967 12966 12998 12999 
f 12980 12979 13011 13012 
f 12979 12978 13010 13011 
f 12978 12977 13009 13010 
f 12977 12976 13008 13009 
f 12976 12975 13007 13008 
f 12975 12974 13006 13007 
f 12974 12973 13005 13006 
f 12973 12972 13004 13005 
f 12972 12971 13003 13004 
f 12971 12970 13002 13003 
f 12970 12969 13001 13002 
f 12969 12968 13000 13001 
f 12968 12967 12999 13000 
f 12998 13013 13029 13014 
f 13013 13012 13028 13029 
f 12999 12998 13014 13015 
f 13012 13011 13027 13028 
f 13011 13010 13026 13027 
f 13010 13009 13025 13026 
f 13009 13008 13024 13025 
f 13008 13007 13023 13024 
f 13007 13006 13022 13023 
f 13006 13005 13021 13022 
f 13005 13004 13020 13021 
f 13004 13003 13019 13020 
f 13003 13002 13018 13019 
f 13002 13001 13017 13018 
f 13001 13000 13016 13017 
f 13000 12999 13015 13016 
f 13014 13029 13045 13030 
f 13029 13028 13044 13045 
f 13015 13014 13030 13031 
f 13028 13027 13043 13044 
f 13027 13026 13042 13043 
f 13026 13025 13041 13042 
f 13025 13024 13040 13041 
f 13024 13023 13039 13040 
f 13023 13022 13038 13039 
f 13022 13021 13037 13038 
f 13021 13020 13036 13037 
f 13020 13019 13035 13036 
f 13019 13018 13034 13035 
f 13018 13017 13033 13034 
f 13017 13016 13032 13033 
f 13016 13015 13031 13032 
f 13061 13062 13063 13060 
f 13046 13047 13076 13077 
f 13061 13046 13077 13062 
f 13075 13076 13047 13048 
f 13074 13075 13048 13049 
f 13073 13074 13049 13050 
f 13072 13073 13050 13051 
f 13071 13072 13051 13052 
f 13070 13071 13052 13053 
f 13069 13070 13053 13054 
f 13068 13069 13054 13055 
f 13067 13068 13055 13056 
f 13066 13067 13056 13057 
f 13065 13066 13057 13058 
f 13064 13065 13058 13059 
f 13063 13064 13059 13060 
f 13046 13061 13093 13078 
f 13061 13060 13092 13093 
f 13047 13046 13078 13079 
f 13060 13059 13091 13092 
f 13059 13058 13090 13091 
f 13058 13057 13089 13090 
f 13057 13056 13088 13089 
f 13056 13055 13087 13088 
f 13055 13054 13086 13087 
f 13054 13053 13085 13086 
f 13053 13052 13084 13085 
f 13052 13051 13083 13084 
f 13051 13050 13082 13083 
f 13050 13049 13081 13082 
f 13049 13048 13080 13081 
f 13048 13047 13079 13080 
f 13078 13093 13109 13094 
f 13093 13092 13108 13109 
f 13079 13078 13094 13095 
f 13092 13091 13107 13108 
f 13091 13090 13106 13107 
f 13090 13089 13105 13106 
f 13089 13088 13104 13105 
f 13088 13087 13103 13104 
f 13087 13086 13102 13103 
f 13086 13085 13101 13102 
f 13085 13084 13100 13101 
f 13084 13083 13099 13100 
f 13083 13082 13098 13099 
f 13082 13081 13097 13098 
f 13081 13080 13096 13097 
f 13080 13079 13095 13096 
f 13094 13109 13125 13110 
f 13109 13108 13124 13125 
f 13095 13094 13110 13111 
f 13108 13107 13123 13124 
f 13107 13106 13122 13123 
f 13106 13105 13121 13122 
f 13105 13104 13120 13121 
f 13104 13103 13119 13120 
f 13103 13102 13118 13119 
f 13102 13101 13117 13118 
f 13101 13100 13116 13117 
f 13100 13099 13115 13116 
f 13099 13098 13114 13115 
f 13098 13097 13113 13114 
f 13097 13096 13112 13113 
f 13096 13095 13111 13112 
f 13141 13142 13143 13140 
f 13126 13127 13156 13157 
f 13141 13126 13157 13142 
f 13155 13156 13127 13128 
f 13154 13155 13128 13129 
f 13153 13154 13129 13130 
f 13152 13153 13130 13131 
f 13151 13152 13131 13132 
f 13150 13151 13132 13133 
f 13149 13150 13133 13134 
f 13148 13149 13134 13135 
f 13147 13148 13135 13136 
f 13146 13147 13136 13137 
f 13145 13146 13137 13138 
f 13144 13145 13138 13139 
f 13143 13144 13139 13140 
f 13126 13141 13173 13158 
f 13141 13140 13172 13173 
f 13127 13126 13158 13159 
f 13140 13139 13171 13172 
f 13139 13138 13170 13171 
f 13138 13137 13169 13170 
f 13137 13136 13168 13169 
f 13136 13135 13167 13168 
f 13135 13134 13166 13167 
f 13134 13133 13165 13166 
f 13133 13132 13164 13165 
f 13132 13131 13163 13164 
f 13131 13130 13162 13163 
f 13130 13129 13161 13162 
f 13129 13128 13160 13161 
f 13128 13127 13159 13160 
f 13158 13173 13189 13174 
f 13173 13172 13188 13189 
f 13159 13158 13174 13175 
f 13172 13171 13187 13188 
f 13171 13170 13186 13187 
f 13170 13169 13185 13186 
f 13169 13168 13184 13185 
f 13168 13167 13183 13184 
f 13167 13166 13182 13183 
f 13166 13165 13181 13182 
f 13165 13164 13180 13181 
f 13164 13163 13179 13180 
f 13163 13162 13178 13179 
f 13162 13161 13177 13178 
f 13161 13160 13176 13177 
f 13160 13159 13175 13176 
f 13174 13189 13205 13190 
f 13189 13188 13204 13205 
f 13175 13174 13190 13191 
f 13188 13187 13203 13204 
f 13187 13186 13202 13203 
f 13186 13185 13201 13202 
f 13185 13184 13200 13201 
f 13184 13183 13199 13200 
f 13183 13182 13198 13199 
f 13182 13181 13197 13198 
f 13181 13180 13196 13197 
f 13180 13179 13195 13196 
f 13179 13178 13194 13195 
f 13178 13177 13193 13194 
f 13177 13176 13192 13193 
f 13176 13175 13191 13192 
f 13221 13222 13223 13220 
f 13206 13207 13236 13237 
f 13221 13206 13237 13222 
f 13235 13236 13207 13208 
f 13234 13235 13208 13209 
f 13233 13234 13209 13210 
f 13232 13233 13210 13211 
f 13231 13232 13211 13212 
f 13230 13231 13212 13213 
f 13229 13230 13213 13214 
f 13228 13229 13214 13215 
f 13227 13228 13215 13216 
f 13226 13227 13216 13217 
f 13225 13226 13217 13218 
f 13224 13225 13218 13219 
f 13223 13224 13219 13220 
f 13206 13221 13253 13238 
f 13221 13220 13252 13253 
f 13207 13206 13238 13239 
f 13220 13219 13251 13252 
f 13219 13218 13250 13251 
f 13218 13217 13249 13250 
f 13217 13216 13248 13249 
f 13216 13215 13247 13248 
f 13215 13214 13246 13247 
f 13214 13213 13245 13246 
f 13213 13212 13244 13245 
f 13212 13211 13243 13244 
f 13211 13210 13242 13243 
f 13210 13209 13241 13242 
f 13209 13208 13240 13241 
f 13208 13207 13239 13240 
f 13238 13253 13269 13254 
f 13253 13252 13268 13269 
f 13239 13238 13254 13255 
f 13252 13251 13267 13268 
f 13251 13250 13266 13267 
f 13250 13249 13265 13266 
f 13249 13248 13264 13265 
f 13248 13247 13263 13264 
f 13247 13246 13262 13263 
f 13246 13245 13261 13262 
f 13245 13244 13260 13261 
f 13244 13243 13259 13260 
f 13243 13242 13258 13259 
f 13242 13241 13257 13258 
f 13241 13240 13256 13257 
f 13240 13239 13255 13256 
f 13254 13269 13285 13270 
f 13269 13268 13284 13285 
f 13255 13254 13270 13271 
f 13268 13267 13283 13284 
f 13267 13266 13282 13283 
f 13266 13265 13281 13282 
f 13265 13264 13280 13281 
f 13264 13263 13279 13280 
f 13263 13262 13278 13279 
f 13262 13261 13277 13278 
f 13261 13260 13276 13277 
f 13260 13259 13275 13276 
f 13259 13258 13274 13275 
f 13258 13257 13273 13274 
f 13257 13256 13272 13273 
f 13256 13255 13271 13272 
f 13301 13302 13303 13300 
f 13286 13287 13316 13317 
f 13301 13286 13317 13302 
f 13315 13316 13287 13288 
f 13314 13315 13288 13289 
f 13313 13314 13289 13290 
f 13312 13313 13290 13291 
f 13311 13312 13291 13292 
f 13310 13311 13292 13293 
f 13309 13310 13293 13294 
f 13308 13309 13294 13295 
f 13307 13308 13295 13296 
f 13306 13307 13296 13297 
f 13305 13306 13297 13298 
f 13304 13305 13298 13299 
f 13303 13304 13299 13300 
f 13286 13301 13333 13318 
f 13301 13300 13332 13333 
f 13287 13286 13318 13319 
f 13300 13299 13331 13332 
f 13299 13298 13330 13331 
f 13298 13297 13329 13330 
f 13297 13296 13328 13329 
f 13296 13295 13327 13328 
f 13295 13294 13326 13327 
f 13294 13293 13325 13326 
f 13293 13292 13324 13325 
f 13292 13291 13323 13324 
f 13291 13290 13322 13323 
f 13290 13289 13321 13322 
f 13289 13288 13320 13321 
f 13288 13287 13319 13320 
f 13318 13333 13349 13334 
f 13333 13332 13348 13349 
f 13319 13318 13334 13335 
f 13332 13331 13347 13348 
f 13331 13330 13346 13347 
f 13330 13329 13345 13346 
f 13329 13328 13344 13345 
f 13328 13327 13343 13344 
f 13327 13326 13342 13343 
f 13326 13325 13341 13342 
f 13325 13324 13340 13341 
f 13324 13323 13339 13340 
f 13323 13322 13338 13339 
f 13322 13321 13337 13338 
f 13321 13320 13336 13337 
f 13320 13319 13335 13336 
f 13334 13349 13365 13350 
f 13349 13348 13364 13365 
f 13335 13334 13350 13351 
f 13348 13347 13363 13364 
f 13347 13346 13362 13363 
f 13346 13345 13361 13362 
f 13345 13344 13360 13361 
f 13344 13343 13359 13360 
f 13343 13342 13358 13359 
f 13342 13341 13357 13358 
f 13341 13340 13356 13357 
f 13340 13339 13355 13356 
f 13339 13338 13354 13355 
f 13338 13337 13353 13354 
f 13337 13336 13352 13353 
f 13336 13335 13351 13352 
f 13381 13382 13383 13380 
f 13366 13367 13396 13397 
f 13381 13366 13397 13382 
f 13395 13396 13367 13368 
f 13394 13395 13368 13369 
f 13393 13394 13369 13370 
f 13392 13393 13370 13371 
f 13391 13392 13371 13372 
f 13390 13391 13372 13373 
f 13389 13390 13373 13374 
f 13388 13389 13374 13375 
f 13387 13388 13375 13376 
f 13386 13387 13376 13377 
f 13385 13386 13377 13378 
f 13384 13385 13378 13379 
f 13383 13384 13379 13380 
f 13366 13381 13413 13398 
f 13381 13380 13412 13413 
f 13367 13366 13398 13399 
f 13380 13379 13411 13412 
f 13379 13378 13410 13411 
f 13378 13377 13409 13410 
f 13377 13376 13408 13409 
f 13376 13375 13407 13408 
f 13375 13374 13406 13407 
f 13374 13373 13405 13406 
f 13373 13372 13404 13405 
f 13372 13371 13403 13404 
f 13371 13370 13402 13403 
f 13370 13369 13401 13402 
f 13369 13368 13400 13401 
f 13368 13367 13399 13400 
f 13398 13413 13429 13414 
f 13413 13412 13428 13429 
f 13399 13398 13414 13415 
f 13412 13411 13427 13428 
f 13411 13410 13426 13427 
f 13410 13409 13425 13426 
f 13409 13408 13424 13425 
f 13408 13407 13423 13424 
f 13407 13406 13422 13423 
f 13406 13405 13421 13422 
f 13405 13404 13420 13421 
f 13404 13403 13419 13420 
f 13403 13402 13418 13419 
f 13402 13401 13417 13418 
f 13401 13400 13416 13417 
f 13400 13399 13415 13416 
f 13414 13429 13445 13430 
f 13429 13428 13444 13445 
f 13415 13414 13430 13431 
f 13428 13427 13443 13444 
f 13427 13426 13442 13443 
f 13426 13425 13441 13442 
f 13425 13424 13440 13441 
f 13424 13423 13439 13440 
f 13423 13422 13438 13439 
f 13422 13421 13437 13438 
f 13421 13420 13436 13437 
f 13420 13419 13435 13436 
f 13419 13418 13434 13435 
f 13418 13417 13433 13434 
f 13417 13416 13432 13433 
f 13416 13415 13431 13432 
f 13461 13462 13463 13460 
f 13446 13447 13476 13477 
f 13461 13446 13477 13462 
f 13475 13476 13447 13448 
f 13474 13475 13448 13449 
f 13473 13474 13449 13450 
f 13472 13473 13450 13451 
f 13471 13472 13451 13452 
f 13470 13471 13452 13453 
f 13469 13470 13453 13454 
f 13468 13469 13454 13455 
f 13467 13468 13455 13456 
f 13466 13467 13456 13457 
f 13465 13466 13457 13458 
f 13464 13465 13458 13459 
f 13463 13464 13459 13460 
f 13446 13461 13493 13478 
f 13461 13460 13492 13493 
f 13447 13446 13478 13479 
f 13460 13459 13491 13492 
f 13459 13458 13490 13491 
f 13458 13457 13489 13490 
f 13457 13456 13488 13489 
f 13456 13455 13487 13488 
f 13455 13454 13486 13487 
f 13454 13453 13485 13486 
f 13453 13452 13484 13485 
f 13452 13451 13483 13484 
f 13451 13450 13482 13483 
f 13450 13449 13481 13482 
f 13449 13448 13480 13481 
f 13448 13447 13479 13480 
f 13478 13493 13509 13494 
f 13493 13492 13508 13509 
f 13479 13478 13494 13495 
f 13492 13491 13507 13508 
f 13491 13490 13506 13507 
f 13490 13489 13505 13506 
f 13489 13488 13504 13505 
f 13488 13487 13503 13504 
f 13487 13486 13502 13503 
f 13486 13485 13501 13502 
f 13485 13484 13500 13501 
f 13484 13483 13499 13500 
f 13483 13482 13498 13499 
f 13482 13481 13497 13498 
f 13481 13480 13496 13497 
f 13480 13479 13495 13496 
f 13494 13509 13525 13510 
f 13509 13508 13524 13525 
f 13495 13494 13510 13511 
f 13508 13507 13523 13524 
f 13507 13506 13522 13523 
f 13506 13505 13521 13522 
f 13505 13504 13520 13521 
f 13504 13503 13519 13520 
f 13503 13502 13518 13519 
f 13502 13501 13517 13518 
f 13501 13500 13516 13517 
f 13500 13499 13515 13516 
f 13499 13498 13514 13515 
f 13498 13497 13513 13514 
f 13497 13496 13512 13513 
f 13496 13495 13511 13512 
f 13541 13542 13543 13540 
f 13526 13527 13556 13557 
f 13541 13526 13557 13542 
f 13555 13556 13527 13528 
f 13554 13555 13528 13529 
f 13553 13554 13529 13530 
f 13552 13553 13530 13531 
f 13551 13552 13531 13532 
f 13550 13551 13532 13533 
f 13549 13550 13533 13534 
f 13548 13549 13534 13535 
f 13547 13548 13535 13536 
f 13546 13547 13536 13537 
f 13545 13546 13537 13538 
f 13544 13545 13538 13539 
f 13543 13544 13539 13540 
f 13526 13541 13573 13558 
f 13541 13540 13572 13573 
f 13527 13526 13558 13559 
f 13540 13539 13571 13572 
f 13539 13538 13570 13571 
f 13538 13537 13569 13570 
f 13537 13536 13568 13569 
f 13536 13535 13567 13568 
f 13535 13534 13566 13567 
f 13534 13533 13565 13566 
f 13533 13532 13564 13565 
f 13532 13531 13563 13564 
f 13531 13530 13562 13563 
f 13530 13529 13561 13562 
f 13529 13528 13560 13561 
f 13528 13527 13559 13560 
f 13558 13573 13589 13574 
f 13573 13572 13588 13589 
f 13559 13558 13574 13575 
f 13572 13571 13587 13588 
f 13571 13570 13586 13587 
f 13570 13569 13585 13586 
f 13569 13568 13584 13585 
f 13568 13567 13583 13584 
f 13567 13566 13582 13583 
f 13566 13565 13581 13582 
f 13565 13564 13580 13581 
f 13564 13563 13579 13580 
f 13563 13562 13578 13579 
f 13562 13561 13577 13578 
f 13561 13560 13576 13577 
f 13560 13559 13575 13576 
f 13574 13589 13605 13590 
f 13589 13588 13604 13605 
f 13575 13574 13590 13591 
f 13588 13587 13603 13604 
f 13587 13586 13602 13603 
f 13586 13585 13601 13602 
f 13585 13584 13600 13601 
f 13584 13583 13599 13600 
f 13583 13582 13598 13599 
f 13582 13581 13597 13598 
f 13581 13580 13596 13597 
f 13580 13579 13595 13596 
f 13579 13578 13594 13595 
f 13578 13577 13593 13594 
f 13577 13576 13592 13593 
f 13576 13575 13591 13592 
f 13621 13622 13623 13620 
f 13606 13607 13636 13637 
f 13621 13606 13637 13622 
f 13635 13636 13607 13608 
f 13634 13635 13608 13609 
f 13633 13634 13609 13610 
f 13632 13633 13610 13611 
f 13631 13632 13611 13612 
f 13630 13631 13612 13613 
f 13629 13630 13613 13614 
f 13628 13629 13614 13615 
f 13627 13628 13615 13616 
f 13626 13627 13616 13617 
f 13625 13626 13617 13618 
f 13624 13625 13618 13619 
f 13623 13624 13619 13620 
f 13606 13621 13653 13638 
f 13621 13620 13652 13653 
f 13607 13606 13638 13639 
f 13620 13619 13651 13652 
f 13619 13618 13650 13651 
f 13618 13617 13649 13650 
f 13617 13616 13648 13649 
f 13616 13615 13647 13648 
f 13615 13614 13646 13647 
f 13614 13613 13645 13646 
f 13613 13612 13644 13645 
f 13612 13611 13643 13644 
f 13611 13610 13642 13643 
f 13610 13609 13641 13642 
f 13609 13608 13640 13641 
f 13608 13607 13639 13640 
f 13638 13653 13669 13654 
f 13653 13652 13668 13669 
f 13639 13638 13654 13655 
f 13652 13651 13667 13668 
f 13651 13650 13666 13667 
f 13650 13649 13665 13666 
f 13649 13648 13664 13665 
f 13648 13647 13663 13664 
f 13647 13646 13662 13663 
f 13646 13645 13661 13662 
f 13645 13644 13660 13661 
f 13644 13643 13659 13660 
f 13643 13642 13658 13659 
f 13642 13641 13657 13658 
f 13641 13640 13656 13657 
f 13640 13639 13655 13656 
f 13654 13669 13685 13670 
f 13669 13668 13684 13685 
f 13655 13654 13670 13671 
f 13668 13667 13683 13684 
f 13667 13666 13682 13683 
f 13666 13665 13681 13682 
f 13665 13664 13680 13681 
f 13664 13663 13679 13680 
f 13663 13662 13678 13679 
f 13662 13661 13677 13678 
f 13661 13660 13676 13677 
f 13660 13659 13675 13676 
f 13659 13658 13674 13675 
f 13658 13657 13673 13674 
f 13657 13656 13672 13673 
f 13656 13655 13671 13672 
f 13701 13702 13703 13700 
f 13686 13687 13716 13717 
f 13701 13686 13717 13702 
f 13715 13716 13687 13688 
f 13714 13715 13688 13689 
f 13713 13714 13689 13690 
f 13712 13713 13690 13691 
f 13711 13712 13691 13692 
f 13710 13711 13692 13693 
f 13709 13710 13693 13694 
f 13708 13709 13694 13695 
f 13707 13708 13695 13696 
f 13706 13707 13696 13697 
f 13705 13706 13697 13698 
f 13704 13705 13698 13699 
f 13703 13704 13699 13700 
f 13686 13701 13733 13718 
f 13701 13700 13732 13733 
f 13687 13686 13718 13719 
f 13700 13699 13731 13732 
f 13699 13698 13730 13731 
f 13698 13697 13729 13730 
f 13697 13696 13728 13729 
f 13696 13695 13727 13728 
f 13695 13694 13726 13727 
f 13694 13693 13725 13726 
f 13693 13692 13724 13725 
f 13692 13691 13723 13724 
f 13691 13690 13722 13723 
f 13690 13689 13721 13722 
f 13689 13688 13720 13721 
f 13688 13687 13719 13720 
f 13718 13733 13749 13734 
f 13733 13732 13748 13749 
f 13719 13718 13734 13735 
f 13732 13731 13747 13748 
f 13731 13730 13746 13747 
f 13730 13729 13745 13746 
f 13729 13728 13744 13745 
f 13728 13727 13743 13744 
f 13727 13726 13742 13743 
f 13726 13725 13741 13742 
f 13725 13724 13740 13741 
f 13724 13723 13739 13740 
f 13723 13722 13738 13739 
f 13722 13721 13737 13738 
f 13721 13720 13736 13737 
f 13720 13719 13735 13736 
f 13734 13749 13765 13750 
f 13749 13748 13764 13765 
f 13735 13734 13750 13751 
f 13748 13747 13763 13764 
f 13747 13746 13762 13763 
f 13746 13745 13761 13762 
f 13745 13744 13760 13761 
f 13744 13743 13759 13760 
f 13743 13742 13758 13759 
f 13742 13741 13757 13758 
f 13741 13740 13756 13757 
f 13740 13739 13755 13756 
f 13739 13738 13754 13755 
f 13738 13737 13753 13754 
f 13737 13736 13752 13753 
f 13736 13735 13751 13752 
f 13781 13782 13783 13780 
f 13766 13767 13796 13797 
f 13781 13766 13797 13782 
f 13795 13796 13767 13768 
f 13794 13795 13768 13769 
f 13793 13794 13769 13770 
f 13792 13793 13770 13771 
f 13791 13792 13771 13772 
f 13790 13791 13772 13773 
f 13789 13790 13773 13774 
f 13788 13789 13774 13775 
f 13787 13788 13775 13776 
f 13786 13787 13776 13777 
f 13785 13786 13777 13778 
f 13784 13785 13778 13779 
f 13783 13784 13779 13780 
f 13766 13781 13813 13798 
f 13781 13780 13812 13813 
f 13767 13766 13798 13799 
f 13780 13779 13811 13812 
f 13779 13778 13810 13811 
f 13778 13777 13809 13810 
f 13777 13776 13808 13809 
f 13776 13775 13807 13808 
f 13775 13774 13806 13807 
f 13774 13773 13805 13806 
f 13773 13772 13804 13805 
f 13772 13771 13803 13804 
f 13771 13770 13802 13803 
f 13770 13769 13801 13802 
f 13769 13768 13800 13801 
f 13768 13767 13799 13800 
f 13798 13813 13829 13814 
f 13813 13812 13828 13829 
f 13799 13798 13814 13815 
f 13812 13811 13827 13828 
f 13811 13810 13826 13827 
f 13810 13809 13825 13826 
f 13809 13808 13824 13825 
f 13808 13807 13823 13824 
f 13807 13806 13822 13823 
f 13806 13805 13821 13822 
f 13805 13804 13820 13821 
f 13804 13803 13819 13820 
f 13803 13802 13818 13819 
f 13802 13801 13817 13818 
f 13801 13800 13816 13817 
f 13800 13799 13815 13816 
f 13814 13829 13845 13830 
f 13829 13828 13844 13845 
f 13815 13814 13830 13831 
f 13828 13827 13843 13844 
f 13827 13826 13842 13843 
f 13826 13825 13841 13842 
f 13825 13824 13840 13841 
f 13824 13823 13839 13840 
f 13823 13822 13838 13839 
f 13822 13821 13837 13838 
f 13821 13820 13836 13837 
f 13820 13819 13835 13836 
f 13819 13818 13834 13835 
f 13818 13817 13833 13834 
f 13817 13816 13832 13833 
f 13816 13815 13831 13832 
f 13861 13862 13863 13860 
f 13846 13847 13876 13877 
f 13861 13846 13877 13862 
f 13875 13876 13847 13848 
f 13874 13875 13848 13849 
f 13873 13874 13849 13850 
f 13872 13873 13850 13851 
f 13871 13872 13851 13852 
f 13870 13871 13852 13853 
f 13869 13870 13853 13854 
f 13868 13869 13854 13855 
f 13867 13868 13855 13856 
f 13866 13867 13856 13857 
f 13865 13866 13857 13858 
f 13864 13865 13858 13859 
f 13863 13864 13859 13860 
f 13846 13861 13893 13878 
f 13861 13860 13892 13893 
f 13847 13846 13878 13879 
f 13860 13859 13891 13892 
f 13859 13858 13890 13891 
f 13858 13857 13889 13890 
f 13857 13856 13888 13889 
f 13856 13855 13887 13888 
f 13855 13854 13886 13887 
f 13854 13853 13885 13886 
f 13853 13852 13884 13885 
f 13852 13851 13883 13884 
f 13851 13850 13882 13883 
f 13850 13849 13881 13882 
f 13849 13848 13880 13881 
f 13848 13847 13879 13880 
f 13878 13893 13909 13894 
f 13893 13892 13908 13909 
f 13879 13878 13894 13895 
f 13892 13891 13907 13908 
f 13891 13890 13906 13907 
f 13890 13889 13905 13906 
f 13889 13888 13904 13905 
f 13888 13887 13903 13904 
f 13887 13886 13902 13903 
f 13886 13885 13901 13902 
f 13885 13884 13900 13901 
f 13884 13883 13899 13900 
f 13883 13882 13898 13899 
f 13882 13881 13897 13898 
f 13881 13880 13896 13897 
f 13880 13879 13895 13896 
f 13894 13909 13925 13910 
f 13909 13908 13924 13925 
f 13895 13894 13910 13911 
f 13908 13907 13923 13924 
f 13907 13906 13922 13923 
f 13906 13905 13921 13922 
f 13905 13904 13920 13921 
f 13904 13903 13919 13920 
f 13903 13902 13918 13919 
f 13902 13901 13917 13918 
f 13901 13900 13916 13917 
f 13900 13899 13915 13916 
f 13899 13898 13914 13915 
f 13898 13897 13913 13914 
f 13897 13896 13912 13913 
f 13896 13895 13911 13912 
f 13941 13942 13943 13940 
f 13926 13927 13956 13957 
f 13941 13926 13957 13942 
f 13955 13956 13927 13928 
f 13954 13955 13928 13929 
f 13953 13954 13929 13930 
f 13952 13953 13930 13931 
f 13951 13952 13931 13932 
f 13950 13951 13932 13933 
f 13949 13950 13933 13934 
f 13948 13949 13934 13935 
f 13947 13948 13935 13936 
f 13946 13947 13936 13937 
f 13945 13946 13937 13938 
f 13944 13945 13938 13939 
f 13943 13944 13939 13940 
f 13926 13941 13973 13958 
f 13941 13940 13972 13973 
f 13927 13926 13958 13959 
f 13940 13939 13971 13972 
f 13939 13938 13970 13971 
f 13938 13937 13969 13970 
f 13937 13936 13968 13969 
f 13936 13935 13967 13968 
f 13935 13934 13966 13967 
f 13934 13933 13965 13966 
f 13933 13932 13964 13965 
f 13932 13931 13963 13964 
f 13931 13930 13962 13963 
f 13930 13929 13961 13962 
f 13929 13928 13960 13961 
f 13928 13927 13959 13960 
f 13958 13973 13989 13974 
f 13973 13972 13988 13989 
f 13959 13958 13974 13975 
f 13972 13971 13987 13988 
f 13971 13970 13986 13987 
f 13970 13969 13985 13986 
f 13969 13968 13984 13985 
f 13968 13967 13983 13984 
f 13967 13966 13982 13983 
f 13966 13965 13981 13982 
f 13965 13964 13980 13981 
f 13964 13963 13979 13980 
f 13963 13962 13978 13979 
f 13962 13961 13977 13978 
f 13961 13960 13976 13977 
f 13960 13959 13975 13976 
f 13974 13989 14005 13990 
f 13989 13988 14004 14005 
f 13975 13974 13990 13991 
f 13988 13987 14003 14004 
f 13987 13986 14002 14003 
f 13986 13985 14001 14002 
f 13985 13984 14000 14001 
f 13984 13983 13999 14000 
f 13983 13982 13998 13999 
f 13982 13981 13997 13998 
f 13981 13980 13996 13997 
f 13980 13979 13995 13996 
f 13979 13978 13994 13995 
f 13978 13977 13993 13994 
f 13977 13976 13992 13993 
f 13976 13975 13991 13992 
f 14021 14022 14023 14020 
f 14006 14007 14036 14037 
f 14021 14006 14037 14022 
f 14035 14036 14007 14008 
f 14034 14035 14008 14009 
f 14033 14034 14009 14010 
f 14032 14033 14010 14011 
f 14031 14032 14011 14012 
f 14030 14031 14012 14013 
f 14029 14030 14013 14014 
f 14028 14029 14014 14015 
f 14027 14028 14015 14016 
f 14026 14027 14016 14017 
f 14025 14026 14017 14018 
f 14024 14025 14018 14019 
f 14023 14024 14019 14020 
f 14006 14021 14053 14038 
f 14021 14020 14052 14053 
f 14007 14006 14038 14039 
f 14020 14019 14051 14052 
f 14019 14018 14050 14051 
f 14018 14017 14049 14050 
f 14017 14016 14048 14049 
f 14016 14015 14047 14048 
f 14015 14014 14046 14047 
f 14014 14013 14045 14046 
f 14013 14012 14044 14045 
f 14012 14011 14043 14044 
f 14011 14010 14042 14043 
f 14010 14009 14041 14042 
f 14009 14008 14040 14041 
f 14008 14007 14039 14040 
f 14038 14053 14069 14054 
f 14053 14052 14068 14069 
f 14039 14038 14054 14055 
f 14052 14051 14067 14068 
f 14051 14050 14066 14067 
f 14050 14049 14065 14066 
f 14049 14048 14064 14065 
f 14048 14047 14063 14064 
f 14047 14046 14062 14063 
f 14046 14045 14061 14062 
f 14045 14044 14060 14061 
f 14044 14043 14059 14060 
f 14043 14042 14058 14059 
f 14042 14041 14057 14058 
f 14041 14040 14056 14057 
f 14040 14039 14055 14056 
f 14054 14069 14085 14070 
f 14069 14068 14084 14085 
f 14055 14054 14070 14071 
f 14068 14067 14083 14084 
f 14067 14066 14082 14083 
f 14066 14065 14081 14082 
f 14065 14064 14080 14081 
f 14064 14063 14079 14080 
f 14063 14062 14078 14079 
f 14062 14061 14077 14078 
f 14061 14060 14076 14077 
f 14060 14059 14075 14076 
f 14059 14058 14074 14075 
f 14058 14057 14073 14074 
f 14057 14056 14072 14073 
f 14056 14055 14071 14072 
f 14101 14102 14103 14100 
f 14086 14087 14116 14117 
f 14101 14086 14117 14102 
f 14115 14116 14087 14088 
f 14114 14115 14088 14089 
f 14113 14114 14089 14090 
f 14112 14113 14090 14091 
f 14111 14112 14091 14092 
f 14110 14111 14092 14093 
f 14109 14110 14093 14094 
f 14108 14109 14094 14095 
f 14107 14108 14095 14096 
f 14106 14107 14096 14097 
f 14105 14106 14097 14098 
f 14104 14105 14098 14099 
f 14103 14104 14099 14100 
f 14086 14101 14133 14118 
f 14101 14100 14132 14133 
f 14087 14086 14118 14119 
f 14100 14099 14131 14132 
f 14099 14098 14130 14131 
f 14098 14097 14129 14130 
f 14097 14096 14128 14129 
f 14096 14095 14127 14128 
f 14095 14094 14126 14127 
f 14094 14093 14125 14126 
f 14093 14092 14124 14125 
f 14092 14091 14123 14124 
f 14091 14090 14122 14123 
f 14090 14089 14121 14122 
f 14089 14088 14120 14121 
f 14088 14087 14119 14120 
f 14118 14133 14149 14134 
f 14133 14132 14148 14149 
f 14119 14118 14134 14135 
f 14132 14131 14147 14148 
f 14131 14130 14146 14147 
f 14130 14129 14145 14146 
f 14129 14128 14144 14145 
f 14128 14127 14143 14144 
f 14127 14126 14142 14143 
f 14126 14125 14141 14142 
f 14125 14124 14140 14141 
f 14124 14123 14139 14140 
f 14123 14122 14138 14139 
f 14122 14121 14137 14138 
f 14121 14120 14136 14137 
f 14120 14119 14135 14136 
f 14134 14149 14165 14150 
f 14149 14148 14164 14165 
f 14135 14134 14150 14151 
f 14148 14147 14163 14164 
f 14147 14146 14162 14163 
f 14146 14145 14161 14162 
f 14145 14144 14160 14161 
f 14144 14143 14159 14160 
f 14143 14142 14158 14159 
f 14142 14141 14157 14158 
f 14141 14140 14156 14157 
f 14140 14139 14155 14156 
f 14139 14138 14154 14155 
f 14138 14137 14153 14154 
f 14137 14136 14152 14153 
f 14136 14135 14151 14152 
f 14181 14182 14183 14180 
f 14166 14167 14196 14197 
f 14181 14166 14197 14182 
f 14195 14196 14167 14168 
f 14194 14195 14168 14169 
f 14193 14194 14169 14170 
f 14192 14193 14170 14171 
f 14191 14192 14171 14172 
f 14190 14191 14172 14173 
f 14189 14190 14173 14174 
f 14188 14189 14174 14175 
f 14187 14188 14175 14176 
f 14186 14187 14176 14177 
f 14185 14186 14177 14178 
f 14184 14185 14178 14179 
f 14183 14184 14179 14180 
f 14166 14181 14213 14198 
f 14181 14180 14212 14213 
f 14167 14166 14198 14199 
f 14180 14179 14211 14212 
f 14179 14178 14210 14211 
f 14178 14177 14209 14210 
f 14177 14176 14208 14209 
f 14176 14175 14207 14208 
f 14175 14174 14206 14207 
f 14174 14173 14205 14206 
f 14173 14172 14204 14205 
f 14172 14171 14203 14204 
f 14171 14170 14202 14203 
f 14170 14169 14201 14202 
f 14169 14168 14200 14201 
f 14168 14167 14199 14200 
f 14198 14213 14229 14214 
f 14213 14212 14228 14229 
f 14199 14198 14214 14215 
f 14212 14211 14227 14228 
f 14211 14210 14226 14227 
f 14210 14209 14225 14226 
f 14209 14208 14224 14225 
f 14208 14207 14223 14224 
f 14207 14206 14222 14223 
f 14206 14205 14221 14222 
f 14205 14204 14220 14221 
f 14204 14203 14219 14220 
f 14203 14202 14218 14219 
f 14202 14201 14217 14218 
f 14201 14200 14216 14217 
f 14200 14199 14215 14216 
f 14214 14229 14245 14230 
f 14229 14228 14244 14245 
f 14215 14214 14230 14231 
f 14228 14227 14243 14244 
f 14227 14226 14242 14243 
f 14226 14225 14241 14242 
f 14225 14224 14240 14241 
f 14224 14223 14239 14240 
f 14223 14222 14238 14239 
f 14222 14221 14237 14238 
f 14221 14220 14236 14237 
f 14220 14219 14235 14236 
f 14219 14218 14234 14235 
f 14218 14217 14233 14234 
f 14217 14216 14232 14233 
f 14216 14215 14231 14232 
f 14261 14262 14263 14260 
f 14246 14247 14276 14277 
f 14261 14246 14277 14262 
f 14275 14276 14247 14248 
f 14274 14275 14248 14249 
f 14273 14274 14249 14250 
f 14272 14273 14250 14251 
f 14271 14272 14251 14252 
f 14270 14271 14252 14253 
f 14269 14270 14253 14254 
f 14268 14269 14254 14255 
f 14267 14268 14255 14256 
f 14266 14267 14256 14257 
f 14265 14266 14257 14258 
f 14264 14265 14258 14259 
f 14263 14264 14259 14260 
f 14246 14261 14293 14278 
f 14261 14260 14292 14293 
f 14247 14246 14278 14279 
f 14260 14259 14291 14292 
f 14259 14258 14290 14291 
f 14258 14257 14289 14290 
f 14257 14256 14288 14289 
f 14256 14255 14287 14288 
f 14255 14254 14286 14287 
f 14254 14253 14285 14286 
f 14253 14252 14284 14285 
f 14252 14251 14283 14284 
f 14251 14250 14282 14283 
f 14250 14249 14281 14282 
f 14249 14248 14280 14281 
f 14248 14247 14279 14280 
f 14278 14293 14309 14294 
f 14293 14292 14308 14309 
f 14279 14278 14294 14295 
f 14292 14291 14307 14308 
f 14291 14290 14306 14307 
f 14290 14289 14305 14306 
f 14289 14288 14304 14305 
f 14288 14287 14303 14304 
f 14287 14286 14302 14303 
f 14286 14285 14301 14302 
f 14285 14284 14300 14301 
f 14284 14283 14299 14300 
f 14283 14282 14298 14299 
f 14282 14281 14297 14298 
f 14281 14280 14296 14297 
f 14280 14279 14295 14296 
f 14294 14309 14325 14310 
f 14309 14308 14324 14325 
f 14295 14294 14310 14311 
f 14308 14307 14323 14324 
f 14307 14306 14322 14323 
f 14306 14305 14321 14322 
f 14305 14304 14320 14321 
f 14304 14303 14319 14320 
f 14303 14302 14318 14319 
f 14302 14301 14317 14318 
f 14301 14300 14316 14317 
f 14300 14299 14315 14316 
f 14299 14298 14314 14315 
f 14298 14297 14313 14314 
f 14297 14296 14312 14313 
f 14296 14295 14311 14312 
f 14341 14342 14343 14340 
f 14326 14327 14356 14357 
f 14341 14326 14357 14342 
f 14355 14356 14327 14328 
f 14354 14355 14328 14329 
f 14353 14354 14329 14330 
f 14352 14353 14330 14331 
f 14351 14352 14331 14332 
f 14350 14351 14332 14333 
f 14349 14350 14333 14334 
f 14348 14349 14334 14335 
f 14347 14348 14335 14336 
f 14346 14347 14336 14337 
f 14345 14346 14337 14338 
f 14344 14345 14338 14339 
f 14343 14344 14339 14340 
f 14326 14341 14373 14358 
f 14341 14340 14372 14373 
f 14327 14326 14358 14359 
f 14340 14339 14371 14372 
f 14339 14338 14370 14371 
f 14338 14337 14369 14370 
f 14337 14336 14368 14369 
f 14336 14335 14367 14368 
f 14335 14334 14366 14367 
f 14334 14333 14365 14366 
f 14333 14332 14364 14365 
f 14332 14331 14363 14364 
f 14331 14330 14362 14363 
f 14330 14329 14361 14362 
f 14329 14328 14360 14361 
f 14328 14327 14359 14360 
f 14358 14373 14389 14374 
f 14373 14372 14388 14389 
f 14359 14358 14374 14375 
f 14372 14371 14387 14388 
f 14371 14370 14386 14387 
f 14370 14369 14385 14386 
f 14369 14368 14384 14385 
f 14368 14367 14383 14384 
f 14367 14366 14382 14383 
f 14366 14365 14381 14382 
f 14365 14364 14380 14381 
f 14364 14363 14379 14380 
f 14363 14362 14378 14379 
f 14362 14361 14377 14378 
f 14361 14360 14376 14377 
f 14360 14359 14375 14376 
f 14374 14389 14405 14390 
f 14389 14388 14404 14405 
f 14375 14374 14390 14391 
f 14388 14387 14403 14404 
f 14387 14386 14402 14403 
f 14386 14385 14401 14402 
f 14385 14384 14400 14401 
f 14384 14383 14399 14400 
f 14383 14382 14398 14399 
f 14382 14381 14397 14398 
f 14381 14380 14396 14397 
f 14380 14379 14395 14396 
f 14379 14378 14394 14395 
f 14378 14377 14393 14394 
f 14377 14376 14392 14393 
f 14376 14375 14391 14392 
f 14421 14422 14423 14420 
f 14406 14407 14436 14437 
f 14421 14406 14437 14422 
f 14435 14436 14407 14408 
f 14434 14435 14408 14409 
f 14433 14434 14409 14410 
f 14432 14433 14410 14411 
f 14431 14432 14411 14412 
f 14430 14431 14412 14413 
f 14429 14430 14413 14414 
f 14428 14429 14414 14415 
f 14427 14428 14415 14416 
f 14426 14427 14416 14417 
f 14425 14426 14417 14418 
f 14424 14425 14418 14419 
f 14423 14424 14419 14420 
f 14406 14421 14453 14438 
f 14421 14420 14452 14453 
f 14407 14406 14438 14439 
f 14420 14419 14451 14452 
f 14419 14418 14450 14451 
f 14418 14417 14449 14450 
f 14417 14416 14448 14449 
f 14416 14415 14447 14448 
f 14415 14414 14446 14447 
f 14414 14413 14445 14446 
f 14413 14412 14444 14445 
f 14412 14411 14443 14444 
f 14411 14410 14442 14443 
f 14410 14409 14441 14442 
f 14409 14408 14440 14441 
f 14408 14407 14439 14440 
f 14438 14453 14469 14454 
f 14453 14452 14468 14469 
f 14439 14438 14454 14455 
f 14452 14451 14467 14468 
f 14451 14450 14466 14467 
f 14450 14449 14465 14466 
f 14449 14448 14464 14465 
f 14448 14447 14463 14464 
f 14447 14446 14462 14463 
f 14446 14445 14461 14462 
f 14445 14444 14460 14461 
f 14444 14443 14459 14460 
f 14443 14442 14458 14459 
f 14442 14441 14457 14458 
f 14441 14440 14456 14457 
f 14440 14439 14455 14456 
f 14454 14469 14485 14470 
f 14469 14468 14484 14485 
f 14455 14454 14470 14471 
f 14468 14467 14483 14484 
f 14467 14466 14482 14483 
f 14466 14465 14481 14482 
f 14465 14464 14480 14481 
f 14464 14463 14479 14480 
f 14463 14462 14478 14479 
f 14462 14461 14477 14478 
f 14461 14460 14476 14477 
f 14460 14459 14475 14476 
f 14459 14458 14474 14475 
f 14458 14457 14473 14474 
f 14457 14456 14472 14473 
f 14456 14455 14471 14472 
f 14501 14502 14503 14500 
f 14486 14487 14516 14517 
f 14501 14486 14517 14502 
f 14515 14516 14487 14488 
f 14514 14515 14488 14489 
f 14513 14514 14489 14490 
f 14512 14513 14490 14491 
f 14511 14512 14491 14492 
f 14510 14511 14492 14493 
f 14509 14510 14493 14494 
f 14508 14509 14494 14495 
f 14507 14508 14495 14496 
f 14506 14507 14496 14497 
f 14505 14506 14497 14498 
f 14504 14505 14498 14499 
f 14503 14504 14499 14500 
f 14486 14501 14533 14518 
f 14501 14500 14532 14533 
f 14487 14486 14518 14519 
f 14500 14499 14531 14532 
f 14499 14498 14530 14531 
f 14498 14497 14529 14530 
f 14497 14496 14528 14529 
f 14496 14495 14527 14528 
f 14495 14494 14526 14527 
f 14494 14493 14525 14526 
f 14493 14492 14524 14525 
f 14492 14491 14523 14524 
f 14491 14490 14522 14523 
f 14490 14489 14521 14522 
f 14489 14488 14520 14521 
f 14488 14487 14519 14520 
f 14518 14533 14549 14534 
f 14533 14532 14548 14549 
f 14519 14518 14534 14535 
f 14532 14531 14547 14548 
f 14531 14530 14546 14547 
f 14530 14529 14545 14546 
f 14529 14528 14544 14545 
f 14528 14527 14543 14544 
f 14527 14526 14542 14543 
f 14526 14525 14541 14542 
f 14525 14524 14540 14541 
f 14524 14523 14539 14540 
f 14523 14522 14538 14539 
f 14522 14521 14537 14538 
f 14521 14520 14536 14537 
f 14520 14519 14535 14536 
f 14534 14549 14565 14550 
f 14549 14548 14564 14565 
f 14535 14534 14550 14551 
f 14548 14547 14563 14564 
f 14547 14546 14562 14563 
f 14546 14545 14561 14562 
f 14545 14544 14560 14561 
f 14544 14543 14559 14560 
f 14543 14542 14558 14559 
f 14542 14541 14557 14558 
f 14541 14540 14556 14557 
f 14540 14539 14555 14556 
f 14539 14538 14554 14555 
f 14538 14537 14553 14554 
f 14537 14536 14552 14553 
f 14536 14535 14551 14552 
f 14581 14582 14583 14580 
f 14566 14567 14596 14597 
f 14581 14566 14597 14582 
f 14595 14596 14567 14568 
f 14594 14595 14568 14569 
f 14593 14594 14569 14570 
f 14592 14593 14570 14571 
f 14591 14592 14571 14572 
f 14590 14591 14572 14573 
f 14589 14590 14573 14574 
f 14588 14589 14574 14575 
f 14587 14588 14575 14576 
f 14586 14587 14576 14577 
f 14585 14586 14577 14578 
f 14584 14585 14578 14579 
f 14583 14584 14579 14580 
f 14566 14581 14613 14598 
f 14581 14580 14612 14613 
f 14567 14566 14598 14599 
f 14580 14579 14611 14612 
f 14579 14578 14610 14611 
f 14578 14577 14609 14610 
f 14577 14576 14608 14609 
f 14576 14575 14607 14608 
f 14575 14574 14606 14607 
f 14574 14573 14605 14606 
f 14573 14572 14604 14605 
f 14572 14571 14603 14604 
f 14571 14570 14602 14603 
f 14570 14569 14601 14602 
f 14569 14568 14600 14601 
f 14568 14567 14599 14600 
f 14598 14613 14629 14614 
f 14613 14612 14628 14629 
f 14599 14598 14614 14615 
f 14612 14611 14627 14628 
f 14611 14610 14626 14627 
f 14610 14609 14625 14626 
f 14609 14608 14624 14625 
f 14608 14607 14623 14624 
f 14607 14606 14622 14623 
f 14606 14605 14621 14622 
f 14605 14604 14620 14621 
f 14604 14603 14619 14620 
f 14603 14602 14618 14619 
f 14602 14601 14617 14618 
f 14601 14600 14616 14617 
f 14600 14599 14615 14616 
f 14614 14629 14645 14630 
f 14629 14628 14644 14645 
f 14615 14614 14630 14631 
f 14628 14627 14643 14644 
f 14627 14626 14642 14643 
f 14626 14625 14641 14642 
f 14625 14624 14640 14641 
f 14624 14623 14639 14640 
f 14623 14622 14638 14639 
f 14622 14621 14637 14638 
f 14621 14620 14636 14637 
f 14620 14619 14635 14636 
f 14619 14618 14634 14635 
f 14618 14617 14633 14634 
f 14617 14616 14632 14633 
f 14616 14615 14631 14632 
f 14661 14662 14663 14660 
f 14646 14647 14676 14677 
f 14661 14646 14677 14662 
f 14675 14676 14647 14648 
f 14674 14675 14648 14649 
f 14673 14674 14649 14650 
f 14672 14673 14650 14651 
f 14671 14672 14651 14652 
f 14670 14671 14652 14653 
f 14669 14670 14653 14654 
f 14668 14669 14654 14655 
f 14667 14668 14655 14656 
f 14666 14667 14656 14657 
f 14665 14666 14657 14658 
f 14664 14665 14658 14659 
f 14663 14664 14659 14660 
f 14646 14661 14693 14678 
f 14661 14660 14692 14693 
f 14647 14646 14678 14679 
f 14660 14659 14691 14692 
f 14659 14658 14690 14691 
f 14658 14657 14689 14690 
f 14657 14656 14688 14689 
f 14656 14655 14687 14688 
f 14655 14654 14686 14687 
f 14654 14653 14685 14686 
f 14653 14652 14684 14685 
f 14652 14651 14683 14684 
f 14651 14650 14682 14683 
f 14650 14649 14681 14682 
f 14649 14648 14680 14681 
f 14648 14647 14679 14680 
f 14678 14693 14709 14694 
f 14693 14692 14708 14709 
f 14679 14678 14694 14695 
f 14692 14691 14707 14708 
f 14691 14690 14706 14707 
f 14690 14689 14705 14706 
f 14689 14688 14704 14705 
f 14688 14687 14703 14704 
f 14687 14686 14702 14703 
f 14686 14685 14701 14702 
f 14685 14684 14700 14701 
f 14684 14683 14699 14700 
f 14683 14682 14698 14699 
f 14682 14681 14697 14698 
f 14681 14680 14696 14697 
f 14680 14679 14695 14696 
f 14694 14709 14725 14710 
f 14709 14708 14724 14725 
f 14695 14694 14710 14711 
f 14708 14707 14723 14724 
f 14707 14706 14722 14723 
f 14706 14705 14721 14722 
f 14705 14704 14720 14721 
f 14704 14703 14719 14720 
f 14703 14702 14718 14719 
f 14702 14701 14717 14718 
f 14701 14700 14716 14717 
f 14700 14699 14715 14716 
f 14699 14698 14714 14715 
f 14698 14697 14713 14714 
f 14697 14696 14712 14713 
f 14696 14695 14711 14712 
f 14741 14742 14743 14740 
f 14726 14727 14756 14757 
f 14741 14726 14757 14742 
f 14755 14756 14727 14728 
f 14754 14755 14728 14729 
f 14753 14754 14729 14730 
f 14752 14753 14730 14731 
f 14751 14752 14731 14732 
f 14750 14751 14732 14733 
f 14749 14750 14733 14734 
f 14748 14749 14734 14735 
f 14747 14748 14735 14736 
f 14746 14747 14736 14737 
f 14745 14746 14737 14738 
f 14744 14745 14738 14739 
f 14743 14744 14739 14740 
f 14726 14741 14773 14758 
f 14741 14740 14772 14773 
f 14727 14726 14758 14759 
f 14740 14739 14771 14772 
f 14739 14738 14770 14771 
f 14738 14737 14769 14770 
f 14737 14736 14768 14769 
f 14736 14735 14767 14768 
f 14735 14734 14766 14767 
f 14734 14733 14765 14766 
f 14733 14732 14764 14765 
f 14732 14731 14763 14764 
f 14731 14730 14762 14763 
f 14730 14729 14761 14762 
f 14729 14728 14760 14761 
f 14728 14727 14759 14760 
f 14758 14773 14789 14774 
f 14773 14772 14788 14789 
f 14759 14758 14774 14775 
f 14772 14771 14787 14788 
f 14771 14770 14786 14787 
f 14770 14769 14785 14786 
f 14769 14768 14784 14785 
f 14768 14767 14783 14784 
f 14767 14766 14782 14783 
f 14766 14765 14781 14782 
f 14765 14764 14780 14781 
f 14764 14763 14779 14780 
f 14763 14762 14778 14779 
f 14762 14761 14777 14778 
f 14761 14760 14776 14777 
f 14760 14759 14775 14776 
f 14774 14789 14805 14790 
f 14789 14788 14804 14805 
f 14775 14774 14790 14791 
f 14788 14787 14803 14804 
f 14787 14786 14802 14803 
f 14786 14785 14801 14802 
f 14785 14784 14800 14801 
f 14784 14783 14799 14800 
f 14783 14782 14798 14799 
f 14782 14781 14797 14798 
f 14781 14780 14796 14797 
f 14780 14779 14795 14796 
f 14779 14778 14794 14795 
f 14778 14777 14793 14794 
f 14777 14776 14792 14793 
f 14776 14775 14791 14792 
f 14821 14822 14823 14820 
f 14806 14807 14836 14837 
f 14821 14806 14837 14822 
f 14835 14836 14807 14808 
f 14834 14835 14808 14809 
f 14833 14834 14809 14810 
f 14832 14833 14810 14811 
f 14831 14832 14811 14812 
f 14830 14831 14812 14813 
f 14829 14830 14813 14814 
f 14828 14829 14814 14815 
f 14827 14828 14815 14816 
f 14826 14827 14816 14817 
f 14825 14826 14817 14818 
f 14824 14825 14818 14819 
f 14823 14824 14819 14820 
f 14806 14821 14853 14838 
f 14821 14820 14852 14853 
f 14807 14806 14838 14839 
f 14820 14819 14851 14852 
f 14819 14818 14850 14851 
f 14818 14817 14849 14850 
f 14817 14816 14848 14849 
f 14816 14815 14847 14848 
f 14815 14814 14846 14847 
f 14814 14813 14845 14846 
f 14813 14812 14844 14845 
f 14812 14811 14843 14844 
f 14811 14810 14842 14843 
f 14810 14809 14841 14842 
f 14809 14808 14840 14841 
f 14808 14807 14839 14840 
f 14838 14853 14869 14854 
f 14853 14852 14868 14869 
f 14839 14838 14854 14855 
f 14852 14851 14867 14868 
f 14851 14850 14866 14867 
f 14850 14849 14865 14866 
f 14849 14848 14864 14865 
f 14848 14847 14863 14864 
f 14847 14846 14862 14863 
f 14846 14845 14861 14862 
f 14845 14844 14860 14861 
f 14844 14843 14859 14860 
f 14843 14842 14858 14859 
f 14842 14841 14857 14858 
f 14841 14840 14856 14857 
f 14840 14839 14855 14856 
f 14854 14869 14885 14870 
f 14869 14868 14884 14885 
f 14855 14854 14870 14871 
f 14868 14867 14883 14884 
f 14867 14866 14882 14883 
f 14866 14865 14881 14882 
f 14865 14864 14880 14881 
f 14864 14863 14879 14880 
f 14863 14862 14878 14879 
f 14862 14861 14877 14878 
f 14861 14860 14876 14877 
f 14860 14859 14875 14876 
f 14859 14858 14874 14875 
f 14858 14857 14873 14874 
f 14857 14856 14872 14873 
f 14856 14855 14871 14872 
f 14901 14902 14903 14900 
f 14886 14887 14916 14917 
f 14901 14886 14917 14902 
f 14915 14916 14887 14888 
f 14914 14915 14888 14889 
f 14913 14914 14889 14890 
f 14912 14913 14890 14891 
f 14911 14912 14891 14892 
f 14910 14911 14892 14893 
f 14909 14910 14893 14894 
f 14908 14909 14894 14895 
f 14907 14908 14895 14896 
f 14906 14907 14896 14897 
f 14905 14906 14897 14898 
f 14904 14905 14898 14899 
f 14903 14904 14899 14900 
f 14886 14901 14933 14918 
f 14901 14900 14932 14933 
f 14887 14886 14918 14919 
f 14900 14899 14931 14932 
f 14899 14898 14930 14931 
f 14898 14897 14929 14930 
f 14897 14896 14928 14929 
f 14896 14895 14927 14928 
f 14895 14894 14926 14927 
f 14894 14893 14925 14926 
f 14893 14892 14924 14925 
f 14892 14891 14923 14924 
f 14891 14890 14922 14923 
f 14890 14889 14921 14922 
f 14889 14888 14920 14921 
f 14888 14887 14919 14920 
f 14918 14933 14949 14934 
f 14933 14932 14948 14949 
f 14919 14918 14934 14935 
f 14932 14931 14947 14948 
f 14931 14930 14946 14947 
f 14930 14929 14945 14946 
f 14929 14928 14944 14945 
f 14928 14927 14943 14944 
f 14927 14926 14942 14943 
f 14926 14925 14941 14942 
f 14925 14924 14940 14941 
f 14924 14923 14939 14940 
f 14923 14922 14938 14939 
f 14922 14921 14937 14938 
f 14921 14920 14936 14937 
f 14920 14919 14935 14936 
f 14934 14949 14965 14950 
f 14949 14948 14964 14965 
f 14935 14934 14950 14951 
f 14948 14947 14963 14964 
f 14947 14946 14962 14963 
f 14946 14945 14961 14962 
f 14945 14944 14960 14961 
f 14944 14943 14959 14960 
f 14943 14942 14958 14959 
f 14942 14941 14957 14958 
f 14941 14940 14956 14957 
f 14940 14939 14955 14956 
f 14939 14938 14954 14955 
f 14938 14937 14953 14954 
f 14937 14936 14952 14953 
f 14936 14935 14951 14952 
f 14981 14982 14983 14980 
f 14966 14967 14996 14997 
f 14981 14966 14997 14982 
f 14995 14996 14967 14968 
f 14994 14995 14968 14969 
f 14993 14994 14969 14970 
f 14992 14993 14970 14971 
f 14991 14992 14971 14972 
f 14990 14991 14972 14973 
f 14989 14990 14973 14974 
f 14988 14989 14974 14975 
f 14987 14988 14975 14976 
f 14986 14987 14976 14977 
f 14985 14986 14977 14978 
f 14984 14985 14978 14979 
f 14983 14984 14979 14980 
f 14966 14981 15013 14998 
f 14981 14980 15012 15013 
f 14967 14966 14998 14999 
f 14980 14979 15011 15012 
f 14979 14978 15010 15011 
f 14978 14977 15009 15010 
f 14977 14976 15008 15009 
f 14976 14975 15007 15008 
f 14975 14974 15006 15007 
f 14974 14973 15005 15006 
f 14973 14972 15004 15005 
f 14972 14971 15003 15004 
f 14971 14970 15002 15003 
f 14970 14969 15001 15002 
f 14969 14968 15000 15001 
f 14968 14967 14999 15000 
f 14998 15013 15029 15014 
f 15013 15012 15028 15029 
f 14999 14998 15014 15015 
f 15012 15011 15027 15028 
f 15011 15010 15026 15027 
f 15010 15009 15025 15026 
f 15009 15008 15024 15025 
f 15008 15007 15023 15024 
f 15007 15006 15022 15023 
f 15006 15005 15021 15022 
f 15005 15004 15020 15021 
f 15004 15003 15019 15020 
f 15003 15002 15018 15019 
f 15002 15001 15017 15018 
f 15001 15000 15016 15017 
f 15000 14999 15015 15016 
f 15014 15029 15045 15030 
f 15029 15028 15044 15045 
f 15015 15014 15030 15031 
f 15028 15027 15043 15044 
f 15027 15026 15042 15043 
f 15026 15025 15041 15042 
f 15025 15024 15040 15041 
f 15024 15023 15039 15040 
f 15023 15022 15038 15039 
f 15022 15021 15037 15038 
f 15021 15020 15036 15037 
f 15020 15019 15035 15036 
f 15019 15018 15034 15035 
f 15018 15017 15033 15034 
f 15017 15016 15032 15033 
f 15016 15015 15031 15032 
f 15061 15062 15063 15060 
f 15046 15047 15076 15077 
f 15061 15046 15077 15062 
f 15075 15076 15047 15048 
f 15074 15075 15048 15049 
f 15073 15074 15049 15050 
f 15072 15073 15050 15051 
f 15071 15072 15051 15052 
f 15070 15071 15052 15053 
f 15069 15070 15053 15054 
f 15068 15069 15054 15055 
f 15067 15068 15055 15056 
f 15066 15067 15056 15057 
f 15065 15066 15057 15058 
f 15064 15065 15058 15059 
f 15063 15064 15059 15060 
f 15046 15061 15093 15078 
f 15061 15060 15092 15093 
f 15047 15046 15078 15079 
f 15060 15059 15091 15092 
f 15059 15058 15090 15091 
f 15058 15057 15089 15090 
f 15057 15056 15088 15089 
f 15056 15055 15087 15088 
f 15055 15054 15086 15087 
f 15054 15053 15085 15086 
f 15053 15052 15084 15085 
f 15052 15051 15083 15084 
f 15051 15050 15082 15083 
f 15050 15049 15081 15082 
f 15049 15048 15080 15081 
f 15048 15047 15079 15080 
f 15078 15093 15109 15094 
f 15093 15092 15108 15109 
f 15079 15078 15094 15095 
f 15092 15091 15107 15108 
f 15091 15090 15106 15107 
f 15090 15089 15105 15106 
f 15089 15088 15104 15105 
f 15088 15087 15103 15104 
f 15087 15086 15102 15103 
f 15086 15085 15101 15102 
f 15085 15084 15100 15101 
f 15084 15083 15099 15100 
f 15083 15082 15098 15099 
f 15082 15081 15097 15098 
f 15081 15080 15096 15097 
f 15080 15079 15095 15096 
f 15094 15109 15125 15110 
f 15109 15108 15124 15125 
f 15095 15094 15110 15111 
f 15108 15107 15123 15124 
f 15107 15106 15122 15123 
f 15106 15105 15121 15122 
f 15105 15104 15120 15121 
f 15104 15103 15119 15120 
f 15103 15102 15118 15119 
f 15102 15101 15117 15118 
f 15101 15100 15116 15117 
f 15100 15099 15115 15116 
f 15099 15098 15114 15115 
f 15098 15097 15113 15114 
f 15097 15096 15112 15113 
f 15096 15095 15111 15112 
f 15141 15142 15143 15140 
f 15126 15127 15156 15157 
f 15141 15126 15157 15142 
f 15155 15156 15127 15128 
f 15154 15155 15128 15129 
f 15153 15154 15129 15130 
f 15152 15153 15130 15131 
f 15151 15152 15131 15132 
f 15150 15151 15132 15133 
f 15149 15150 15133 15134 
f 15148 15149 15134 15135 
f 15147 15148 15135 15136 
f 15146 15147 15136 15137 
f 15145 15146 15137 15138 
f 15144 15145 15138 15139 
f 15143 15144 15139 15140 
f 15126 15141 15173 15158 
f 15141 15140 15172 15173 
f 15127 15126 15158 15159 
f 15140 15139 15171 15172 
f 15139 15138 15170 15171 
f 15138 15137 15169 15170 
f 15137 15136 15168 15169 
f 15136 15135 15167 15168 
f 15135 15134 15166 15167 
f 15134 15133 15165 15166 
f 15133 15132 15164 15165 
f 15132 15131 15163 15164 
f 15131 15130 15162 15163 
f 15130 15129 15161 15162 
f 15129 15128 15160 15161 
f 15128 15127 15159 15160 
f 15158 15173 15189 15174 
f 15173 15172 15188 15189 
f 15159 15158 15174 15175 
f 15172 15171 15187 15188 
f 15171 15170 15186 15187 
f 15170 15169 15185 15186 
f 15169 15168 15184 15185 
f 15168 15167 15183 15184 
f 15167 15166 15182 15183 
f 15166 15165 15181 15182 
f 15165 15164 15180 15181 
f 15164 15163 15179 15180 
f 15163 15162 15178 15179 
f 15162 15161 15177 15178 
f 15161 15160 15176 15177 
f 15160 15159 15175 15176 
f 15174 15189 15205 15190 
f 15189 15188 15204 15205 
f 15175 15174 15190 15191 
f 15188 15187 15203 15204 
f 15187 15186 15202 15203 
f 15186 15185 15201 15202 
f 15185 15184 15200 15201 
f 15184 15183 15199 15200 
f 15183 15182 15198 15199 
f 15182 15181 15197 15198 
f 15181 15180 15196 15197 
f 15180 15179 15195 15196 
f 15179 15178 15194 15195 
f 15178 15177 15193 15194 
f 15177 15176 15192 15193 
f 15176 15175 15191 15192 
f 15221 15222 15223 15220 
f 15206 15207 15236 15237 
f 15221 15206 15237 15222 
f 15235 15236 15207 15208 
f 15234 15235 15208 15209 
f 15233 15234 15209 15210 
f 15232 15233 15210 15211 
f 15231 15232 15211 15212 
f 15230 15231 15212 15213 
f 15229 15230 15213 15214 
f 15228 15229 15214 15215 
f 15227 15228 15215 15216 
f 15226 15227 15216 15217 
f 15225 15226 15217 15218 
f 15224 15225 15218 15219 
f 15223 15224 15219 15220 
f 15206 15221 15253 15238 
f 15221 15220 15252 15253 
f 15207 15206 15238 15239 
f 15220 15219 15251 15252 
f 15219 15218 15250 15251 
f 15218 15217 15249 15250 
f 15217 15216 15248 15249 
f 15216 15215 15247 15248 
f 15215 15214 15246 15247 
f 15214 15213 15245 15246 
f 15213 15212 15244 15245 
f 15212 15211 15243 15244 
f 15211 15210 15242 15243 
f 15210 15209 15241 15242 
f 15209 15208 15240 15241 
f 15208 15207 15239 15240 
f 15238 15253 15269 15254 
f 15253 15252 15268 15269 
f 15239 15238 15254 15255 
f 15252 15251 15267 15268 
f 15251 15250 15266 15267 
f 15250 15249 15265 15266 
f 15249 15248 15264 15265 
f 15248 15247 15263 15264 
f 15247 15246 15262 15263 
f 15246 15245 15261 15262 
f 15245 15244 15260 15261 
f 15244 15243 15259 15260 
f 15243 15242 15258 15259 
f 15242 15241 15257 15258 
f 15241 15240 15256 15257 
f 15240 15239 15255 15256 
f 15254 15269 15285 15270 
f 15269 15268 15284 15285 
f 15255 15254 15270 15271 
f 15268 15267 15283 15284 
f 15267 15266 15282 15283 
f 15266 15265 15281 15282 
f 15265 15264 15280 15281 
f 15264 15263 15279 15280 
f 15263 15262 15278 15279 
f 15262 15261 15277 15278 
f 15261 15260 15276 15277 
f 15260 15259 15275 15276 
f 15259 15258 15274 15275 
f 15258 15257 15273 15274 
f 15257 15256 15272 15273 
f 15256 15255 15271 15272 
f 15301 15302 15303 15300 
f 15286 15287 15316 15317 
f 15301 15286 15317 15302 
f 15315 15316 15287 15288 
f 15314 15315 15288 15289 
f 15313 15314 15289 15290 
f 15312 15313 15290 15291 
f 15311 15312 15291 15292 
f 15310 15311 15292 15293 
f 15309 15310 15293 15294 
f 15308 15309 15294 15295 
f 15307 15308 15295 15296 
f 15306 15307 15296 15297 
f 15305 15306 15297 15298 
f 15304 15305 15298 15299 
f 15303 15304 15299 15300 
f 15286 15301 15333 15318 
f 15301 15300 15332 15333 
f 15287 15286 15318 15319 
f 15300 15299 15331 15332 
f 15299 15298 15330 15331 
f 15298 15297 15329 15330 
f 15297 15296 15328 15329 
f 15296 15295 15327 15328 
f 15295 15294 15326 15327 
f 15294 15293 15325 15326 
f 15293 15292 15324 15325 
f 15292 15291 15323 15324 
f 15291 15290 15322 15323 
f 15290 15289 15321 15322 
f 15289 15288 15320 15321 
f 15288 15287 15319 15320 
f 15318 15333 15349 15334 
f 15333 15332 15348 15349 
f 15319 15318 15334 15335 
f 15332 15331 15347 15348 
f 15331 15330 15346 15347 
f 15330 15329 15345 15346 
f 15329 15328 15344 15345 
f 15328 15327 15343 15344 
f 15327 15326 15342 15343 
f 15326 15325 15341 15342 
f 15325 15324 15340 15341 
f 15324 15323 15339 15340 
f 15323 15322 15338 15339 
f 15322 15321 15337 15338 
f 15321 15320 15336 15337 
f 15320 15319 15335 15336 
f 15334 15349 15365 15350 
f 15349 15348 15364 15365 
f 15335 15334 15350 15351 
f 15348 15347 15363 15364 
f 15347 15346 15362 15363 
f 15346 15345 15361 15362 
f 15345 15344 15360 15361 
f 15344 15343 15359 15360 
f 15343 15342 15358 15359 
f 15342 15341 15357 15358 
f 15341 15340 15356 15357 
f 15340 15339 15355 15356 
f 15339 15338 15354 15355 
f 15338 15337 15353 15354 
f 15337 15336 15352 15353 
f 15336 15335 15351 15352 
f 15381 15382 15383 15380 
f 15366 15367 15396 15397 
f 15381 15366 15397 15382 
f 15395 15396 15367 15368 
f 15394 15395 15368 15369 
f 15393 15394 15369 15370 
f 15392 15393 15370 15371 
f 15391 15392 15371 15372 
f 15390 15391 15372 15373 
f 15389 15390 15373 15374 
f 15388 15389 15374 15375 
f 15387 15388 15375 15376 
f 15386 15387 15376 15377 
f 15385 15386 15377 15378 
f 15384 15385 15378 15379 
f 15383 15384 15379 15380 
f 15366 15381 15413 15398 
f 15381 15380 15412 15413 
f 15367 15366 15398 15399 
f 15380 15379 15411 15412 
f 15379 15378 15410 15411 
f 15378 15377 15409 15410 
f 15377 15376 15408 15409 
f 15376 15375 15407 15408 
f 15375 15374 15406 15407 
f 15374 15373 15405 15406 
f 15373 15372 15404 15405 
f 15372 15371 15403 15404 
f 15371 15370 15402 15403 
f 15370 15369 15401 15402 
f 15369 15368 15400 15401 
f 15368 15367 15399 15400 
f 15398 15413 15429 15414 
f 15413 15412 15428 15429 
f 15399 15398 15414 15415 
f 15412 15411 15427 15428 
f 15411 15410 15426 15427 
f 15410 15409 15425 15426 
f 15409 15408 15424 15425 
f 15408 15407 15423 15424 
f 15407 15406 15422 15423 
f 15406 15405 15421 15422 
f 15405 15404 15420 15421 
f 15404 15403 15419 15420 
f 15403 15402 15418 15419 
f 15402 15401 15417 15418 
f 15401 15400 15416 15417 
f 15400 15399 15415 15416 
f 15414 15429 15445 15430 
f 15429 15428 15444 15445 
f 15415 15414 15430 15431 
f 15428 15427 15443 15444 
f 15427 15426 15442 15443 
f 15426 15425 15441 15442 
f 15425 15424 15440 15441 
f 15424 15423 15439 15440 
f 15423 15422 15438 15439 
f 15422 15421 15437 15438 
f 15421 15420 15436 15437 
f 15420 15419 15435 15436 
f 15419 15418 15434 15435 
f 15418 15417 15433 15434 
f 15417 15416 15432 15433 
f 15416 15415 15431 15432 
f 15461 15462 15463 15460 
f 15446 15447 15476 15477 
f 15461 15446 15477 15462 
f 15475 15476 15447 15448 
f 15474 15475 15448 15449 
f 15473 15474 15449 15450 
f 15472 15473 15450 15451 
f 15471 15472 15451 15452 
f 15470 15471 15452 15453 
f 15469 15470 15453 15454 
f 15468 15469 15454 15455 
f 15467 15468 15455 15456 
f 15466 15467 15456 15457 
f 15465 15466 15457 15458 
f 15464 15465 15458 15459 
f 15463 15464 15459 15460 
f 15446 15461 15493 15478 
f 15461 15460 15492 15493 
f 15447 15446 15478 15479 
f 15460 15459 15491 15492 
f 15459 15458 15490 15491 
f 15458 15457 15489 15490 
f 15457 15456 15488 15489 
f 15456 15455 15487 15488 
f 15455 15454 15486 15487 
f 15454 15453 15485 15486 
f 15453 15452 15484 15485 
f 15452 15451 15483 15484 
f 15451 15450 15482 15483 
f 15450 15449 15481 15482 
f 15449 15448 15480 15481 
f 15448 15447 15479 15480 
f 15478 15493 15509 15494 
f 15493 15492 15508 15509 
f 15479 15478 15494 15495 
f 15492 15491 15507 15508 
f 15491 15490 15506 15507 
f 15490 15489 15505 15506 
f 15489 15488 15504 15505 
f 15488 15487 15503 15504 
f 15487 15486 15502 15503 
f 15486 15485 15501 15502 
f 15485 15484 15500 15501 
f 15484 15483 15499 15500 
f 15483 15482 15498 15499 
f 15482 15481 15497 15498 
f 15481 15480 15496 15497 
f 15480 15479 15495 15496 
f 15494 15509 15525 15510 
f 15509 15508 15524 15525 
f 15495 15494 15510 15511 
f 15508 15507 15523 15524 
f 15507 15506 15522 15523 
f 15506 15505 15521 15522 
f 15505 15504 15520 15521 
f 15504 15503 15519 15520 
f 15503 15502 15518 15519 
f 15502 15501 15517 15518 
f 15501 15500 15516 15517 
f 15500 15499 15515 15516 
f 15499 15498 15514 15515 
f 15498 15497 15513 15514 
f 15497 15496 15512 15513 
f 15496 15495 15511 15512 
f 15541 15542 15543 15540 
f 15526 15527 15556 15557 
f 15541 15526 15557 15542 
f 15555 15556 15527 15528 
f 15554 15555 15528 15529 
f 15553 15554 15529 15530 
f 15552 15553 15530 15531 
f 15551 15552 15531 15532 
f 15550 15551 15532 15533 
f 15549 15550 15533 15534 
f 15548 15549 15534 15535 
f 15547 15548 15535 15536 
f 15546 15547 15536 15537 
f 15545 15546 15537 15538 
f 15544 15545 15538 15539 
f 15543 15544 15539 15540 
f 15526 15541 15573 15558 
f 15541 15540 15572 15573 
f 15527 15526 15558 15559 
f 15540 15539 15571 15572 
f 15539 15538 15570 15571 
f 15538 15537 15569 15570 
f 15537 15536 15568 15569 
f 15536 15535 15567 15568 
f 15535 15534 15566 15567 
f 15534 15533 15565 15566 
f 15533 15532 15564 15565 
f 15532 15531 15563 15564 
f 15531 15530 15562 15563 
f 15530 15529 15561 15562 
f 15529 15528 15560 15561 
f 15528 15527 15559 15560 
f 15558 15573 15589 15574 
f 15573 15572 15588 15589 
f 15559 15558 15574 15575 
f 15572 15571 15587 15588 
f 15571 15570 15586 15587 
f 15570 15569 15585 15586 
f 15569 15568 15584 15585 
f 15568 15567 15583 15584 
f 15567 15566 15582 15583 
f 15566 15565 15581 15582 
f 15565 15564 15580 15581 
f 15564 15563 15579 15580 
f 15563 15562 15578 15579 
f 15562 15561 15577 15578 
f 15561 15560 15576 15577 
f 15560 15559 15575 15576 
f 15574 15589 15605 15590 
f 15589 15588 15604 15605 
f 15575 15574 15590 15591 
f 15588 15587 15603 15604 
f 15587 15586 15602 15603 
f 15586 15585 15601 15602 
f 15585 15584 15600 15601 
f 15584 15583 15599 15600 
f 15583 15582 15598 15599 
f 15582 15581 15597 15598 
f 15581 15580 15596 15597 
f 15580 15579 15595 15596 
f 15579 15578 15594 15595 
f 15578 15577 15593 15594 
f 15577 15576 15592 15593 
f 15576 15575 15591 15592 
f 15621 15622 15623 15620 
f 15606 15607 15636 15637 
f 15621 15606 15637 15622 
f 15635 15636 15607 15608 
f 15634 15635 15608 15609 
f 15633 15634 15609 15610 
f 15632 15633 15610 15611 
f 15631 15632 15611 15612 
f 15630 15631 15612 15613 
f 15629 15630 15613 15614 
f 15628 15629 15614 15615 
f 15627 15628 15615 15616 
f 15626 15627 15616 15617 
f 15625 15626 15617 15618 
f 15624 15625 15618 15619 
f 15623 15624 15619 15620 
f 15606 15621 15653 15638 
f 15621 15620 15652 15653 
f 15607 15606 15638 15639 
f 15620 15619 15651 15652 
f 15619 15618 15650 15651 
f 15618 15617 15649 15650 
f 15617 15616 15648 15649 
f 15616 15615 15647 15648 
f 15615 15614 15646 15647 
f 15614 15613 15645 15646 
f 15613 15612 15644 15645 
f 15612 15611 15643 15644 
f 15611 15610 15642 15643 
f 15610 15609 15641 15642 
f 15609 15608 15640 15641 
f 15608 15607 15639 15640 
f 15638 15653 15669 15654 
f 15653 15652 15668 15669 
f 15639 15638 15654 15655 
f 15652 15651 15667 15668 
f 15651 15650 15666 15667 
f 15650 15649 15665 15666 
f 15649 15648 15664 15665 
f 15648 15647 15663 15664 
f 15647 15646 15662 15663 
f 15646 15645 15661 15662 
f 15645 15644 15660 15661 
f 15644 15643 15659 15660 
f 15643 15642 15658 15659 
f 15642 15641 15657 15658 
f 15641 15640 15656 15657 
f 15640 15639 15655 15656 
f 15654 15669 15685 15670 
f 15669 15668 15684 15685 
f 15655 15654 15670 15671 
f 15668 15667 15683 15684 
f 15667 15666 15682 15683 
f 15666 15665 15681 15682 
f 15665 15664 15680 15681 
f 15664 15663 15679 15680 
f 15663 15662 15678 15679 
f 15662 15661 15677 15678 
f 15661 15660 15676 15677 
f 15660 15659 15675 15676 
f 15659 15658 15674 15675 
f 15658 15657 15673 15674 
f 15657 15656 15672 15673 
f 15656 15655 15671 15672 
f 15701 15702 15703 15700 
f 15686 15687 15716 15717 
f 15701 15686 15717 15702 
f 15715 15716 15687 15688 
f 15714 15715 15688 15689 
f 15713 15714 15689 15690 
f 15712 15713 15690 15691 
f 15711 15712 15691 15692 
f 15710 15711 15692 15693 
f 15709 15710 15693 15694 
f 15708 15709 15694 15695 
f 15707 15708 15695 15696 
f 15706 15707 15696 15697 
f 15705 15706 15697 15698 
f 15704 15705 15698 15699 
f 15703 15704 15699 15700 
f 15686 15701 15733 15718 
f 15701 15700 15732 15733 
f 15687 15686 15718 15719 
f 15700 15699 15731 15732 
f 15699 15698 15730 15731 
f 15698 15697 15729 15730 
f 15697 15696 15728 15729 
f 15696 15695 15727 15728 
f 15695 15694 15726 15727 
f 15694 15693 15725 15726 
f 15693 15692 15724 15725 
f 15692 15691 15723 15724 
f 15691 15690 15722 15723 
f 15690 15689 15721 15722 
f 15689 15688 15720 15721 
f 15688 15687 15719 15720 
f 15718 15733 15749 15734 
f 15733 15732 15748 15749 
f 15719 15718 15734 15735 
f 15732 15731 15747 15748 
f 15731 15730 15746 15747 
f 15730 15729 15745 15746 
f 15729 15728 15744 15745 
f 15728 15727 15743 15744 
f 15727 15726 15742 15743 
f 15726 15725 15741 15742 
f 15725 15724 15740 15741 
f 15724 15723 15739 15740 
f 15723 15722 15738 15739 
f 15722 15721 15737 15738 
f 15721 15720 15736 15737 
f 15720 15719 15735 15736 
f 15734 15749 15765 15750 
f 15749 15748 15764 15765 
f 15735 15734 15750 15751 
f 15748 15747 15763 15764 
f 15747 15746 15762 15763 
f 15746 15745 15761 15762 
f 15745 15744 15760 15761 
f 15744 15743 15759 15760 
f 15743 15742 15758 15759 
f 15742 15741 15757 15758 
f 15741 15740 15756 15757 
f 15740 15739 15755 15756 
f 15739 15738 15754 15755 
f 15738 15737 15753 15754 
f 15737 15736 15752 15753 
f 15736 15735 15751 15752 
f 15781 15782 15783 15780 
f 15766 15767 15796 15797 
f 15781 15766 15797 15782 
f 15795 15796 15767 15768 
f 15794 15795 15768 15769 
f 15793 15794 15769 15770 
f 15792 15793 15770 15771 
f 15791 15792 15771 15772 
f 15790 15791 15772 15773 
f 15789 15790 15773 15774 
f 15788 15789 15774 15775 
f 15787 15788 15775 15776 
f 15786 15787 15776 15777 
f 15785 15786 15777 15778 
f 15784 15785 15778 15779 
f 15783 15784 15779 15780 
f 15766 15781 15813 15798 
f 15781 15780 15812 15813 
f 15767 15766 15798 15799 
f 15780 15779 15811 15812 
f 15779 15778 15810 15811 
f 15778 15777 15809 15810 
f 15777 15776 15808 15809 
f 15776 15775 15807 15808 
f 15775 15774 15806 15807 
f 15774 15773 15805 15806 
f 15773 15772 15804 15805 
f 15772 15771 15803 15804 
f 15771 15770 15802 15803 
f 15770 15769 15801 15802 
f 15769 15768 15800 15801 
f 15768 15767 15799 15800 
f 15798 15813 15829 15814 
f 15813 15812 15828 15829 
f 15799 15798 15814 15815 
f 15812 15811 15827 15828 
f 15811 15810 15826 15827 
f 15810 15809 15825 15826 
f 15809 15808 15824 15825 
f 15808 15807 15823 15824 
f 15807 15806 15822 15823 
f 15806 15805 15821 15822 
f 15805 15804 15820 15821 
f 15804 15803 15819 15820 
f 15803 15802 15818 15819 
f 15802 15801 15817 15818 
f 15801 15800 15816 15817 
f 15800 15799 15815 15816 
f 15814 15829 15845 15830 
f 15829 15828 15844 15845 
f 15815 15814 15830 15831 
f 15828 15827 15843 15844 
f 15827 15826 15842 15843 
f 15826 15825 15841 15842 
f 15825 15824 15840 15841 
f 15824 15823 15839 15840 
f 15823 15822 15838 15839 
f 15822 15821 15837 15838 
f 15821 15820 15836 15837 
f 15820 15819 15835 15836 
f 15819 15818 15834 15835 
f 15818 15817 15833 15834 
f 15817 15816 15832 15833 
f 15816 15815 15831 15832 
f 15861 15862 15863 15860 
f 15846 15847 15876 15877 
f 15861 15846 15877 15862 
f 15875 15876 15847 15848 
f 15874 15875 15848 15849 
f 15873 15874 15849 15850 
f 15872 15873 15850 15851 
f 15871 15872 15851 15852 
f 15870 15871 15852 15853 
f 15869 15870 15853 15854 
f 15868 15869 15854 15855 
f 15867 15868 15855 15856 
f 15866 15867 15856 15857 
f 15865 15866 15857 15858 
f 15864 15865 15858 15859 
f 15863 15864 15859 15860 
f 15846 15861 15893 15878 
f 15861 15860 15892 15893 
f 15847 15846 15878 15879 
f 15860 15859 15891 15892 
f 15859 15858 15890 15891 
f 15858 15857 15889 15890 
f 15857 15856 15888 15889 
f 15856 15855 15887 15888 
f 15855 15854 15886 15887 
f 15854 15853 15885 15886 
f 15853 15852 15884 15885 
f 15852 15851 15883 15884 
f 15851 15850 15882 15883 
f 15850 15849 15881 15882 
f 15849 15848 15880 15881 
f 15848 15847 15879 15880 
f 15878 15893 15909 15894 
f 15893 15892 15908 15909 
f 15879 15878 15894 15895 
f 15892 15891 15907 15908 
f 15891 15890 15906 15907 
f 15890 15889 15905 15906 
f 15889 15888 15904 15905 
f 15888 15887 15903 15904 
f 15887 15886 15902 15903 
f 15886 15885 15901 15902 
f 15885 15884 15900 15901 
f 15884 15883 15899 15900 
f 15883 15882 15898 15899 
f 15882 15881 15897 15898 
f 15881 15880 15896 15897 
f 15880 15879 15895 15896 
f 15894 15909 15925 15910 
f 15909 15908 15924 15925 
f 15895 15894 15910 15911 
f 15908 15907 15923 15924 
f 15907 15906 15922 15923 
f 15906 15905 15921 15922 
f 15905 15904 15920 15921 
f 15904 15903 15919 15920 
f 15903 15902 15918 15919 
f 15902 15901 15917 15918 
f 15901 15900 15916 15917 
f 15900 15899 15915 15916 
f 15899 15898 15914 15915 
f 15898 15897 15913 15914 
f 15897 15896 15912 15913 
f 15896 15895 15911 15912 
f 15941 15942 15943 15940 
f 15926 15927 15956 15957 
f 15941 15926 15957 15942 
f 15955 15956 15927 15928 
f 15954 15955 15928 15929 
f 15953 15954 15929 15930 
f 15952 15953 15930 15931 
f 15951 15952 15931 15932 
f 15950 15951 15932 15933 
f 15949 15950 15933 15934 
f 15948 15949 15934 15935 
f 15947 15948 15935 15936 
f 15946 15947 15936 15937 
f 15945 15946 15937 15938 
f 15944 15945 15938 15939 
f 15943 15944 15939 15940 
f 15926 15941 15973 15958 
f 15941 15940 15972 15973 
f 15927 15926 15958 15959 
f 15940 15939 15971 15972 
f 15939 15938 15970 15971 
f 15938 15937 15969 15970 
f 15937 15936 15968 15969 
f 15936 15935 15967 15968 
f 15935 15934 15966 15967 
f 15934 15933 15965 15966 
f 15933 15932 15964 15965 
f 15932 15931 15963 15964 
f 15931 15930 15962 15963 
f 15930 15929 15961 15962 
f 15929 15928 15960 15961 
f 15928 15927 15959 15960 
f 15958 15973 15989 15974 
f 15973 15972 15988 15989 
f 15959 15958 15974 15975 
f 15972 15971 15987 15988 
f 15971 15970 15986 15987 
f 15970 15969 15985 15986 
f 15969 15968 15984 15985 
f 15968 15967 15983 15984 
f 15967 15966 15982 15983 
f 15966 15965 15981 15982 
f 15965 15964 15980 15981 
f 15964 15963 15979 15980 
f 15963 15962 15978 15979 
f 15962 15961 15977 15978 
f 15961 15960 15976 15977 
f 15960 15959 15975 15976 
f 15974 15989 16005 15990 
f 15989 15988 16004 16005 
f 15975 15974 15990 15991 
f 15988 15987 16003 16004 
f 15987 15986 16002 16003 
f 15986 15985 16001 16002 
f 15985 15984 16000 16001 
f 15984 15983 15999 16000 
f 15983 15982 15998 15999 
f 15982 15981 15997 15998 
f 15981 15980 15996 15997 
f 15980 15979 15995 15996 
f 15979 15978 15994 15995 
f 15978 15977 15993 15994 
f 15977 15976 15992 15993 
f 15976 15975 15991 15992 
f 16021 16022 16023 16020 
f 16006 16007 16036 16037 
f 16021 16006 16037 16022 
f 16035 16036 16007 16008 
f 16034 16035 16008 16009 
f 16033 16034 16009 16010 
f 16032 16033 16010 16011 
f 16031 16032 16011 16012 
f 16030 16031 16012 16013 
f 16029 16030 16013 16014 
f 16028 16029 16014 16015 
f 16027 16028 16015 16016 
f 16026 16027 16016 16017 
f 16025 16026 16017 16018 
f 16024 16025 16018 16019 
f 16023 16024 16019 16020 
f 16006 16021 16053 16038 
f 16021 16020 16052 16053 
f 16007 16006 16038 16039 
f 16020 16019 16051 16052 
f 16019 16018 16050 16051 
f 16018 16017 16049 16050 
f 16017 16016 16048 16049 
f 16016 16015 16047 16048 
f 16015 16014 16046 16047 
f 16014 16013 16045 16046 
f 16013 16012 16044 16045 
f 16012 16011 16043 16044 
f 16011 16010 16042 16043 
f 16010 16009 16041 16042 
f 16009 16008 16040 16041 
f 16008 16007 16039 16040 
f 16038 16053 16069 16054 
f 16053 16052 16068 16069 
f 16039 16038 16054 16055 
f 16052 16051 16067 16068 
f 16051 16050 16066 16067 
f 16050 16049 16065 16066 
f 16049 16048 16064 16065 
f 16048 16047 16063 16064 
f 16047 16046 16062 16063 
f 16046 16045 16061 16062 
f 16045 16044 16060 16061 
f 16044 16043 16059 16060 
f 16043 16042 16058 16059 
f 16042 16041 16057 16058 
f 16041 16040 16056 16057 
f 16040 16039 16055 16056 
f 16054 16069 16085 16070 
f 16069 16068 16084 16085 
f 16055 16054 16070 16071 
f 16068 16067 16083 16084 
f 16067 16066 16082 16083 
f 16066 16065 16081 16082 
f 16065 16064 16080 16081 
f 16064 16063 16079 16080 
f 16063 16062 16078 16079 
f 16062 16061 16077 16078 
f 16061 16060 16076 16077 
f 16060 16059 16075 16076 
f 16059 16058 16074 16075 
f 16058 16057 16073 16074 
f 16057 16056 16072 16073 
f 16056 16055 16071 16072 
f 16101 16102 16103 16100 
f 16086 16087 16116 16117 
f 16101 16086 16117 16102 
f 16115 16116 16087 16088 
f 16114 16115 16088 16089 
f 16113 16114 16089 16090 
f 16112 16113 16090 16091 
f 16111 16112 16091 16092 
f 16110 16111 16092 16093 
f 16109 16110 16093 16094 
f 16108 16109 16094 16095 
f 16107 16108 16095 16096 
f 16106 16107 16096 16097 
f 16105 16106 16097 16098 
f 16104 16105 16098 16099 
f 16103 16104 16099 16100 
f 16086 16101 16133 16118 
f 16101 16100 16132 16133 
f 16087 16086 16118 16119 
f 16100 16099 16131 16132 
f 16099 16098 16130 16131 
f 16098 16097 16129 16130 
f 16097 16096 16128 16129 
f 16096 16095 16127 16128 
f 16095 16094 16126 16127 
f 16094 16093 16125 16126 
f 16093 16092 16124 16125 
f 16092 16091 16123 16124 
f 16091 16090 16122 16123 
f 16090 16089 16121 16122 
f 16089 16088 16120 16121 
f 16088 16087 16119 16120 
f 16118 16133 16149 16134 
f 16133 16132 16148 16149 
f 16119 16118 16134 16135 
f 16132 16131 16147 16148 
f 16131 16130 16146 16147 
f 16130 16129 16145 16146 
f 16129 16128 16144 16145 
f 16128 16127 16143 16144 
f 16127 16126 16142 16143 
f 16126 16125 16141 16142 
f 16125 16124 16140 16141 
f 16124 16123 16139 16140 
f 16123 16122 16138 16139 
f 16122 16121 16137 16138 
f 16121 16120 16136 16137 
f 16120 16119 16135 16136 
f 16134 16149 16165 16150 
f 16149 16148 16164 16165 
f 16135 16134 16150 16151 
f 16148 16147 16163 16164 
f 16147 16146 16162 16163 
f 16146 16145 16161 16162 
f 16145 16144 16160 16161 
f 16144 16143 16159 16160 
f 16143 16142 16158 16159 
f 16142 16141 16157 16158 
f 16141 16140 16156 16157 
f 16140 16139 16155 16156 
f 16139 16138 16154 16155 
f 16138 16137 16153 16154 
f 16137 16136 16152 16153 
f 16136 16135 16151 16152 
f 16181 16182 16183 16180 
f 16166 16167 16196 16197 
f 16181 16166 16197 16182 
f 16195 16196 16167 16168 
f 16194 16195 16168 16169 
f 16193 16194 16169 16170 
f 16192 16193 16170 16171 
f 16191 16192 16171 16172 
f 16190 16191 16172 16173 
f 16189 16190 16173 16174 
f 16188 16189 16174 16175 
f 16187 16188 16175 16176 
f 16186 16187 16176 16177 
f 16185 16186 16177 16178 
f 16184 16185 16178 16179 
f 16183 16184 16179 16180 
f 16166 16181 16213 16198 
f 16181 16180 16212 16213 
f 16167 16166 16198 16199 
f 16180 16179 16211 16212 
f 16179 16178 16210 16211 
f 16178 16177 16209 16210 
f 16177 16176 16208 16209 
f 16176 16175 16207 16208 
f 16175 16174 16206 16207 
f 16174 16173 16205 16206 
f 16173 16172 16204 16205 
f 16172 16171 16203 16204 
f 16171 16170 16202 16203 
f 16170 16169 16201 16202 
f 16169 16168 16200 16201 
f 16168 16167 16199 16200 
f 16198 16213 16229 16214 
f 16213 16212 16228 16229 
f 16199 16198 16214 16215 
f 16212 16211 16227 16228 
f 16211 16210 16226 16227 
f 16210 16209 16225 16226 
f 16209 16208 16224 16225 
f 16208 16207 16223 16224 
f 16207 16206 16222 16223 
f 16206 16205 16221 16222 
f 16205 16204 16220 16221 
f 16204 16203 16219 16220 
f 16203 16202 16218 16219 
f 16202 16201 16217 16218 
f 16201 16200 16216 16217 
f 16200 16199 16215 16216 
f 16214 16229 16245 16230 
f 16229 16228 16244 16245 
f 16215 16214 16230 16231 
f 16228 16227 16243 16244 
f 16227 16226 16242 16243 
f 16226 16225 16241 16242 
f 16225 16224 16240 16241 
f 16224 16223 16239 16240 
f 16223 16222 16238 16239 
f 16222 16221 16237 16238 
f 16221 16220 16236 16237 
f 16220 16219 16235 16236 
f 16219 16218 16234 16235 
f 16218 16217 16233 16234 
f 16217 16216 16232 16233 
f 16216 16215 16231 16232 
f 16261 16262 16263 16260 
f 16246 16247 16276 16277 
f 16261 16246 16277 16262 
f 16275 16276 16247 16248 
f 16274 16275 16248 16249 
f 16273 16274 16249 16250 
f 16272 16273 16250 16251 
f 16271 16272 16251 16252 
f 16270 16271 16252 16253 
f 16269 16270 16253 16254 
f 16268 16269 16254 16255 
f 16267 16268 16255 16256 
f 16266 16267 16256 16257 
f 16265 16266 16257 16258 
f 16264 16265 16258 16259 
f 16263 16264 16259 16260 
f 16246 16261 16293 16278 
f 16261 16260 16292 16293 
f 16247 16246 16278 16279 
f 16260 16259 16291 16292 
f 16259 16258 16290 16291 
f 16258 16257 16289 16290 
f 16257 16256 16288 16289 
f 16256 16255 16287 16288 
f 16255 16254 16286 16287 
f 16254 16253 16285 16286 
f 16253 16252 16284 16285 
f 16252 16251 16283 16284 
f 16251 16250 16282 16283 
f 16250 16249 16281 16282 
f 16249 16248 16280 16281 
f 16248 16247 16279 16280 
f 16278 16293 16309 16294 
f 16293 16292 16308 16309 
f 16279 16278 16294 16295 
f 16292 16291 16307 16308 
f 16291 16290 16306 16307 
f 16290 16289 16305 16306 
f 16289 16288 16304 16305 
f 16288 16287 16303 16304 
f 16287 16286 16302 16303 
f 16286 16285 16301 16302 
f 16285 16284 16300 16301 
f 16284 16283 16299 16300 
f 16283 16282 16298 16299 
f 16282 16281 16297 16298 
f 16281 16280 16296 16297 
f 16280 16279 16295 16296 
f 16294 16309 16325 16310 
f 16309 16308 16324 16325 
f 16295 16294 16310 16311 
f 16308 16307 16323 16324 
f 16307 16306 16322 16323 
f 16306 16305 16321 16322 
f 16305 16304 16320 16321 
f 16304 16303 16319 16320 
f 16303 16302 16318 16319 
f 16302 16301 16317 16318 
f 16301 16300 16316 16317 
f 16300 16299 16315 16316 
f 16299 16298 16314 16315 
f 16298 16297 16313 16314 
f 16297 16296 16312 16313 
f 16296 16295 16311 16312 
f 16341 16342 16343 16340 
f 16326 16327 16356 16357 
f 16341 16326 16357 16342 
f 16355 16356 16327 16328 
f 16354 16355 16328 16329 
f 16353 16354 16329 16330 
f 16352 16353 16330 16331 
f 16351 16352 16331 16332 
f 16350 16351 16332 16333 
f 16349 16350 16333 16334 
f 16348 16349 16334 16335 
f 16347 16348 16335 16336 
f 16346 16347 16336 16337 
f 16345 16346 16337 16338 
f 16344 16345 16338 16339 
f 16343 16344 16339 16340 
f 16326 16341 16373 16358 
f 16341 16340 16372 16373 
f 16327 16326 16358 16359 
f 16340 16339 16371 16372 
f 16339 16338 16370 16371 
f 16338 16337 16369 16370 
f 16337 16336 16368 16369 
f 16336 16335 16367 16368 
f 16335 16334 16366 16367 
f 16334 16333 16365 16366 
f 16333 16332 16364 16365 
f 16332 16331 16363 16364 
f 16331 16330 16362 16363 
f 16330 16329 16361 16362 
f 16329 16328 16360 16361 
f 16328 16327 16359 16360 
f 16358 16373 16389 16374 
f 16373 16372 16388 16389 
f 16359 16358 16374 16375 
f 16372 16371 16387 16388 
f 16371 16370 16386 16387 
f 16370 16369 16385 16386 
f 16369 16368 16384 16385 
f 16368 16367 16383 16384 
f 16367 16366 16382 16383 
f 16366 16365 16381 16382 
f 16365 16364 16380 16381 
f 16364 16363 16379 16380 
f 16363 16362 16378 16379 
f 16362 16361 16377 16378 
f 16361 16360 16376 16377 
f 16360 16359 16375 16376 
f 16374 16389 16405 16390 
f 16389 16388 16404 16405 
f 16375 16374 16390 16391 
f 16388 16387 16403 16404 
f 16387 16386 16402 16403 
f 16386 16385 16401 16402 
f 16385 16384 16400 16401 
f 16384 16383 16399 16400 
f 16383 16382 16398 16399 
f 16382 16381 16397 16398 
f 16381 16380 16396 16397 
f 16380 16379 16395 16396 
f 16379 16378 16394 16395 
f 16378 16377 16393 16394 
f 16377 16376 16392 16393 
f 16376 16375 16391 16392 
f 16421 16422 16423 16420 
f 16406 16407 16436 16437 
f 16421 16406 16437 16422 
f 16435 16436 16407 16408 
f 16434 16435 16408 16409 
f 16433 16434 16409 16410 
f 16432 16433 16410 16411 
f 16431 16432 16411 16412 
f 16430 16431 16412 16413 
f 16429 16430 16413 16414 
f 16428 16429 16414 16415 
f 16427 16428 16415 16416 
f 16426 16427 16416 16417 
f 16425 16426 16417 16418 
f 16424 16425 16418 16419 
f 16423 16424 16419 16420 
f 16406 16421 16453 16438 
f 16421 16420 16452 16453 
f 16407 16406 16438 16439 
f 16420 16419 16451 16452 
f 16419 16418 16450 16451 
f 16418 16417 16449 16450 
f 16417 16416 16448 16449 
f 16416 16415 16447 16448 
f 16415 16414 16446 16447 
f 16414 16413 16445 16446 
f 16413 16412 16444 16445 
f 16412 16411 16443 16444 
f 16411 16410 16442 16443 
f 16410 16409 16441 16442 
f 16409 16408 16440 16441 
f 16408 16407 16439 16440 
f 16438 16453 16469 16454 
f 16453 16452 16468 16469 
f 16439 16438 16454 16455 
f 16452 16451 16467 16468 
f 16451 16450 16466 16467 
f 16450 16449 16465 16466 
f 16449 16448 16464 16465 
f 16448 16447 16463 16464 
f 16447 16446 16462 16463 
f 16446 16445 16461 16462 
f 16445 16444 16460 16461 
f 16444 16443 16459 16460 
f 16443 16442 16458 16459 
f 16442 16441 16457 16458 
f 16441 16440 16456 16457 
f 16440 16439 16455 16456 
f 16454 16469 16485 16470 
f 16469 16468 16484 16485 
f 16455 16454 16470 16471 
f 16468 16467 16483 16484 
f 16467 16466 16482 16483 
f 16466 16465 16481 16482 
f 16465 16464 16480 16481 
f 16464 16463 16479 16480 
f 16463 16462 16478 16479 
f 16462 16461 16477 16478 
f 16461 16460 16476 16477 
f 16460 16459 16475 16476 
f 16459 16458 16474 16475 
f 16458 16457 16473 16474 
f 16457 16456 16472 16473 
f 16456 16455 16471 16472 
f 16501 16502 16503 16500 
f 16486 16487 16515 16516 
f 16501 16486 16516 16502 
f 16514 16515 16487 16488 
f 16513 16514 16488 16489 
f 16512 16513 16489 16490 
f 16511 16512 16490 16491 
f 16510 16511 16491 16492 
f 16509 16510 16492 16493 
f 16508 16509 16493 16494 
f 16507 16508 16494 16495 
f 16549 16507 16495 16496 
f 16506 16549 16496 16497 
f 16505 16506 16497 16498 
f 16504 16505 16498 16499 
f 16503 16504 16499 16500 
f 16486 16501 16532 16517 
f 16501 16500 16531 16532 
f 16487 16486 16517 16518 
f 16500 16499 16530 16531 
f 16499 16498 16529 16530 
f 16498 16497 16528 16529 
f 16497 16496 16527 16528 
f 16496 16495 16526 16527 
f 16495 16494 16525 16526 
f 16494 16493 16524 16525 
f 16493 16492 16523 16524 
f 16492 16491 16522 16523 
f 16491 16490 16521 16522 
f 16490 16489 16520 16521 
f 16489 16488 16519 16520 
f 16488 16487 16518 16519 
f 16517 16532 16548 16533 
f 16532 16531 16547 16548 
f 16518 16517 16533 16534 
f 16531 16530 16546 16547 
f 16530 16529 16545 16546 
f 16529 16528 16544 16545 
f 16528 16527 16543 16544 
f 16527 16526 16542 16543 
f 16526 16525 16541 16542 
f 16525 16524 16540 16541 
f 16524 16523 16539 16540 
f 16523 16522 16538 16539 
f 16522 16521 16537 16538 
f 16521 16520 16536 16537 
f 16520 16519 16535 16536 
f 16519 16518 16534 16535 
f 6995 6994 6908 6907 
f 6996 6995 6907 6906 
f 6915 6914 6828 6827 
f 6916 6915 6827 6826 
f 7387 7386 7236 7235 
f 7388 7387 7235 7234 
f 7227 7226 7076 7075 
f 7228 7227 7075 7074 
f 7155 7154 7068 7067 
f 7156 7155 7067 7066 
f 7315 7314 7148 7147 
f 7316 7315 7147 7146 
f 7143 7158 6992 6991 
f 7144 7143 6991 6990 
f 7063 7078 6912 6911 
f 7064 7063 6911 6910 
f 7223 7238 6832 6831 
f 7224 7223 6831 6830 
f 6908 6994 6993 6909 
f 6828 6914 6913 6829 
f 6993 6992 7158 7157 
f 6993 7157 7065 6909 
f 7157 7156 7066 7065 
f 7065 7064 6910 6909 
f 6913 6912 7078 7077 
f 6913 7077 7225 6829 
f 7077 7076 7226 7225 
f 7225 7224 6830 6829 
f 7715 7714 7548 7547 
f 7716 7715 7547 7546 
f 7555 7554 7468 7467 
f 7556 7555 7467 7466 
f 7627 7626 7476 7475 
f 7628 7627 7475 7474 
f 7787 7786 7636 7635 
f 7788 7787 7635 7634 
f 7867 7866 7796 7795 
f 7868 7867 7795 7794 
f 7783 7798 7392 7391 
f 7784 7783 7391 7390 
f 7623 7638 7232 7231 
f 7624 7623 7231 7230 
f 7463 7478 7072 7071 
f 7464 7463 7071 7070 
f 7543 7558 7152 7151 
f 7544 7543 7151 7150 
f 7703 7718 7312 7311 
f 7704 7703 7311 7310 
f 7148 7314 7313 7149 
f 7068 7154 7153 7069 
f 7072 7478 7477 7073 
f 7232 7638 7637 7233 
f 7637 7636 7786 7785 
f 7637 7785 7389 7233 
f 7389 7388 7234 7233 
f 7785 7784 7390 7389 
f 7477 7625 7229 7073 
f 7229 7228 7074 7073 
f 7625 7624 7230 7229 
f 7477 7476 7626 7625 
f 7557 7556 7466 7465 
f 7465 7464 7070 7069 
f 7153 7557 7465 7069 
f 7153 7152 7558 7557 
f 7545 7544 7150 7149 
f 7313 7717 7545 7149 
f 7313 7312 7718 7717 
f 7717 7716 7546 7545 
f 8502 8517 7952 7951 
f 8503 8502 7951 7950 
f 8262 8277 7712 7711 
f 8263 8262 7711 7710 
f 8102 8117 7552 7551 
f 8103 8102 7551 7550 
f 8022 8037 7472 7471 
f 8023 8022 7471 7470 
f 8182 8197 7632 7631 
f 8183 8182 7631 7630 
f 8342 8357 7792 7791 
f 8343 8342 7791 7790 
f 8422 8437 7872 7871 
f 8423 8422 7871 7870 
f 8982 8997 8431 8430 
f 8983 8982 8430 8429 
f 8902 8917 8351 8350 
f 8903 8902 8350 8349 
f 8742 8757 8191 8190 
f 8743 8742 8190 8189 
f 8582 8597 8031 8030 
f 8583 8582 8030 8029 
f 8662 8677 8111 8110 
f 8663 8662 8110 8109 
f 8822 8837 8271 8270 
f 8823 8822 8270 8269 
f 9062 9077 8511 8510 
f 9063 9062 8510 8509 
f 9154 9153 9067 9066 
f 9155 9154 9066 9065 
f 8514 8513 8267 8266 
f 8515 8514 8266 8265 
f 7955 7954 7708 7707 
f 7956 7955 7707 7706 
f 8274 8273 8107 8106 
f 8275 8274 8106 8105 
f 8114 8113 8027 8026 
f 8115 8114 8026 8025 
f 8674 8673 8587 8586 
f 8675 8674 8586 8585 
f 8746 8745 8595 8594 
f 8747 8746 8594 8593 
f 8186 8185 8035 8034 
f 8187 8186 8034 8033 
f 8346 8345 8195 8194 
f 8347 8346 8194 8193 
f 8906 8905 8755 8754 
f 8907 8906 8754 8753 
f 8426 8425 8355 8354 
f 8427 8426 8354 8353 
f 8986 8985 8915 8914 
f 8987 8986 8914 8913 
f 9226 9225 8995 8994 
f 9227 9226 8994 8993 
f 8834 8833 8667 8666 
f 8835 8834 8666 8665 
f 9074 9073 8827 8826 
f 9075 9074 8826 8825 
f 9862 9877 9151 9150 
f 9863 9862 9150 9149 
f 9782 9797 9071 9070 
f 9783 9782 9070 9069 
f 9542 9557 8831 8830 
f 9543 9542 8830 8829 
f 9382 9397 8671 8670 
f 9383 9382 8670 8669 
f 9302 9317 8591 8590 
f 9303 9302 8590 8589 
f 9462 9477 8751 8750 
f 9463 9462 8750 8749 
f 9622 9637 8911 8910 
f 9623 9622 8910 8909 
f 9702 9717 8991 8990 
f 9703 9702 8990 8989 
f 9942 9957 9231 9230 
f 9943 9942 9230 9229 
f 10106 10105 9955 9954 
f 10107 10106 9954 9953 
f 10982 10997 10111 10110 
f 10983 10982 10110 10109 
f 10822 10837 9951 9950 
f 10823 10822 9950 9949 
f 10826 10825 10595 10594 
f 10827 10826 10594 10593 
f 10582 10597 9711 9710 
f 10583 10582 9710 9709 
f 9946 9945 9715 9714 
f 9947 9946 9714 9713 
f 9706 9705 9635 9634 
f 9707 9706 9634 9633 
f 10502 10517 9631 9630 
f 10503 10502 9630 9629 
f 10586 10585 10515 10514 
f 10587 10586 10514 10513 
f 10506 10505 10355 10354 
f 10507 10506 10354 10353 
f 9626 9625 9475 9474 
f 9627 9626 9474 9473 
f 10342 10357 9471 9470 
f 10343 10342 9470 9469 
f 9466 9465 9315 9314 
f 9467 9466 9314 9313 
f 10182 10197 9311 9310 
f 10183 10182 9310 9309 
f 10346 10345 10195 10194 
f 10347 10346 10194 10193 
f 10274 10273 10187 10186 
f 10275 10274 10186 10185 
f 10262 10277 9391 9390 
f 10263 10262 9390 9389 
f 9394 9393 9307 9306 
f 9395 9394 9306 9305 
f 10986 10985 10835 10834 
f 10987 10986 10834 10833 
f 10434 10433 10267 10266 
f 10435 10434 10266 10265 
f 9554 9553 9387 9386 
f 9555 9554 9386 9385 
f 10422 10437 9551 9550 
f 10423 10422 9550 9549 
f 10674 10673 10427 10426 
f 10675 10674 10426 10425 
f 9794 9793 9547 9546 
f 9795 9794 9546 9545 
f 10662 10677 9791 9790 
f 10663 10662 9790 9789 
f 10754 10753 10667 10666 
f 10755 10754 10666 10665 
f 10742 10757 9871 9870 
f 10743 10742 9870 9869 
f 9874 9873 9787 9786 
f 9875 9874 9786 9785 
f 10034 10033 9867 9866 
f 10035 10034 9866 9865 
f 10902 10917 10031 10030 
f 10903 10902 10030 10029 
f 10914 10913 10747 10746 
f 10915 10914 10746 10745 
f 11782 11797 10911 10910 
f 11783 11782 10910 10909 
f 11794 11793 11627 11626 
f 11795 11794 11626 11625 
f 11622 11637 10751 10750 
f 11623 11622 10750 10749 
f 11634 11633 11547 11546 
f 11635 11634 11546 11545 
f 11542 11557 10671 10670 
f 11543 11542 10670 10669 
f 11554 11553 11307 11306 
f 11555 11554 11306 11305 
f 11302 11317 10431 10430 
f 11303 11302 10430 10429 
f 11314 11313 11147 11146 
f 11315 11314 11146 11145 
f 11142 11157 10271 10270 
f 11143 11142 10270 10269 
f 11154 11153 11067 11066 
f 11155 11154 11066 11065 
f 11062 11077 10191 10190 
f 11063 11062 10190 10189 
f 11226 11225 11075 11074 
f 11227 11226 11074 11073 
f 11222 11237 10351 10350 
f 11223 11222 10350 10349 
f 11386 11385 11235 11234 
f 11387 11386 11234 11233 
f 11382 11397 10511 10510 
f 11383 11382 10510 10509 
f 11466 11465 11395 11394 
f 11467 11466 11394 11393 
f 11462 11477 10591 10590 
f 11463 11462 10590 10589 
f 11706 11705 11475 11474 
f 11707 11706 11474 11473 
f 11866 11865 11715 11714 
f 11867 11866 11714 11713 
f 11862 11877 10991 10990 
f 11863 11862 10990 10989 
f 11702 11717 10831 10830 
f 11703 11702 10830 10829 
f 11946 11945 11875 11874 
f 11947 11946 11874 11873 
f 12982 12997 11951 11950 
f 12983 12982 11950 11949 
f 12986 12985 12915 12914 
f 12987 12986 12914 12913 
f 12902 12917 11871 11870 
f 12903 12902 11870 11869 
f 12906 12905 12755 12754 
f 12907 12906 12754 12753 
f 12742 12757 11711 11710 
f 12743 12742 11710 11709 
f 12502 12517 11471 11470 
f 12503 12502 11470 11469 
f 12746 12745 12515 12514 
f 12747 12746 12514 12513 
f 12506 12505 12435 12434 
f 12507 12506 12434 12433 
f 12422 12437 11391 11390 
f 12423 12422 11390 11389 
f 12262 12277 11231 11230 
f 12263 12262 11230 11229 
f 12426 12425 12275 12274 
f 12427 12426 12274 12273 
f 12266 12265 12115 12114 
f 12267 12266 12114 12113 
f 12102 12117 11071 11070 
f 12103 12102 11070 11069 
f 12194 12193 12107 12106 
f 12195 12194 12106 12105 
f 12182 12197 11151 11150 
f 12183 12182 11150 11149 
f 12354 12353 12187 12186 
f 12355 12354 12186 12185 
f 12342 12357 11311 11310 
f 12343 12342 11310 11309 
f 12594 12593 12347 12346 
f 12595 12594 12346 12345 
f 12582 12597 11551 11550 
f 12583 12582 11550 11549 
f 12674 12673 12587 12586 
f 12675 12674 12586 12585 
f 12662 12677 11631 11630 
f 12663 12662 11630 11629 
f 12834 12833 12667 12666 
f 12835 12834 12666 12665 
f 12822 12837 11791 11790 
f 12823 12822 11790 11789 
f 12034 12033 11787 11786 
f 12035 12034 11786 11785 
f 13062 13077 12031 12030 
f 13063 13062 12030 12029 
f 13074 13073 12827 12826 
f 13075 13074 12826 12825 
f 14274 14273 13147 13146 
f 14275 14274 13146 13145 
f 13142 13157 13071 13070 
f 13143 13142 13070 13069 
f 13226 13225 13155 13154 
f 13227 13226 13154 13153 
f 13222 13237 12831 12830 
f 13223 13222 12830 12829 
f 13306 13305 13235 13234 
f 13307 13306 13234 13233 
f 13302 13317 12671 12670 
f 13303 13302 12670 12669 
f 13386 13385 13315 13314 
f 13387 13386 13314 13313 
f 13382 13397 12591 12590 
f 13383 13382 12590 12589 
f 13466 13465 13395 13394 
f 13467 13466 13394 13393 
f 13462 13477 12351 12350 
f 13463 13462 12350 12349 
f 13546 13545 13475 13474 
f 13547 13546 13474 13473 
f 13542 13557 12191 12190 
f 13543 13542 12190 12189 
f 13626 13625 13555 13554 
f 13627 13626 13554 13553 
f 13622 13637 12111 12110 
f 13623 13622 12110 12109 
f 13706 13705 13635 13634 
f 13707 13706 13634 13633 
f 13702 13717 12271 12270 
f 13703 13702 12270 12269 
f 13786 13785 13715 13714 
f 13787 13786 13714 13713 
f 13782 13797 12431 12430 
f 13783 13782 12430 12429 
f 13866 13865 13795 13794 
f 13867 13866 13794 13793 
f 13862 13877 12511 12510 
f 13863 13862 12510 12509 
f 13946 13945 13875 13874 
f 13947 13946 13874 13873 
f 13942 13957 12751 12750 
f 13943 13942 12750 12749 
f 14026 14025 13955 13954 
f 14027 14026 13954 13953 
f 14022 14037 12911 12910 
f 14023 14022 12910 12909 
f 14106 14105 14035 14034 
f 14107 14106 14034 14033 
f 14102 14117 12991 12990 
f 14103 14102 12990 12989 
f 14186 14185 14115 14114 
f 14187 14186 14114 14113 
f 15462 15477 14191 14190 
f 15463 15462 14190 14189 
f 15466 15465 15395 15394 
f 15467 15466 15394 15393 
f 15382 15397 14111 14110 
f 15383 15382 14110 14109 
f 15386 15385 15315 15314 
f 15387 15386 15314 15313 
f 15302 15317 14031 14030 
f 15303 15302 14030 14029 
f 15306 15305 15235 15234 
f 15307 15306 15234 15233 
f 15222 15237 13951 13950 
f 15223 15222 13950 13949 
f 15226 15225 15155 15154 
f 15227 15226 15154 15153 
f 15142 15157 13871 13870 
f 15143 15142 13870 13869 
f 15146 15145 15075 15074 
f 15147 15146 15074 15073 
f 15062 15077 13791 13790 
f 15063 15062 13790 13789 
f 15066 15065 14995 14994 
f 15067 15066 14994 14993 
f 14982 14997 13711 13710 
f 14983 14982 13710 13709 
f 14986 14985 14915 14914 
f 14987 14986 14914 14913 
f 14902 14917 13631 13630 
f 14903 14902 13630 13629 
f 14906 14905 14835 14834 
f 14907 14906 14834 14833 
f 14822 14837 13551 13550 
f 14823 14822 13550 13549 
f 14826 14825 14755 14754 
f 14827 14826 14754 14753 
f 14742 14757 13471 13470 
f 14743 14742 13470 13469 
f 14746 14745 14675 14674 
f 14747 14746 14674 14673 
f 14662 14677 13391 13390 
f 14663 14662 13390 13389 
f 14666 14665 14595 14594 
f 14667 14666 14594 14593 
f 14582 14597 13311 13310 
f 14583 14582 13310 13309 
f 14586 14585 14515 14514 
f 14587 14586 14514 14513 
f 14502 14517 13231 13230 
f 14503 14502 13230 13229 
f 14506 14505 14435 14434 
f 14507 14506 14434 14433 
f 14422 14437 13151 13150 
f 14423 14422 13150 13149 
f 14426 14425 14355 14354 
f 14427 14426 14354 14353 
f 14342 14357 14271 14270 
f 14343 14342 14270 14269 
f 16677 14431 14430 16676 
f 16676 14430 14429 16675 
f 16513 16512 16427 16426 
f 16514 16513 16426 16425 
f 16682 14511 14510 16681 
f 16681 14510 14509 16680 
f 16434 16433 16347 16346 
f 16435 16434 16346 16345 
f 16687 14591 14590 16686 
f 16686 14590 14589 16685 
f 16354 16353 16267 16266 
f 16355 16354 16266 16265 
f 16692 14671 14670 16691 
f 16691 14670 14669 16690 
f 16274 16273 16187 16186 
f 16275 16274 16186 16185 
f 16697 14751 14750 16696 
f 16696 14750 14749 16695 
f 16702 14831 14830 16701 
f 16701 14830 14829 16700 
f 16194 16193 16107 16106 
f 16195 16194 16106 16105 
f 16114 16113 16027 16026 
f 16115 16114 16026 16025 
f 16707 14911 14910 16706 
f 16706 14910 14909 16705 
f 16034 16033 15947 15946 
f 16035 16034 15946 15945 
f 16712 14991 14990 16711 
f 16711 14990 14989 16710 
f 15954 15953 15867 15866 
f 15955 15954 15866 15865 
f 16717 15071 15070 16716 
f 16716 15070 15069 16715 
f 15874 15873 15787 15786 
f 15875 15874 15786 15785 
f 16722 15151 15150 16721 
f 16721 15150 15149 16720 
f 15794 15793 15707 15706 
f 15795 15794 15706 15705 
f 16727 15231 15230 16726 
f 16726 15230 15229 16725 
f 15714 15713 15627 15626 
f 15715 15714 15626 15625 
f 16732 15311 15310 16731 
f 16731 15310 15309 16730 
f 15634 15633 15547 15546 
f 15635 15634 15546 15545 
f 16737 15391 15390 16736 
f 16736 15390 15389 16735 
f 7548 7714 7713 7549 
f 7708 7954 7953 7709 
f 7468 7554 7553 7469 
f 7472 8037 8036 7473 
f 7632 8197 8196 7633 
f 7792 8357 8356 7793 
f 8027 8113 8112 8028 
f 8031 8597 8596 8032 
f 8107 8273 8272 8108 
f 8191 8757 8756 8192 
f 8267 8513 8512 8268 
f 8351 8917 8916 8352 
f 8587 8673 8672 8588 
f 8591 9317 9316 8592 
f 8667 8833 8832 8668 
f 8751 9477 9476 8752 
f 8827 9073 9072 8828 
f 8911 9637 9636 8912 
f 8991 9717 9716 8992 
f 9067 9153 9152 9068 
f 9307 9393 9392 9308 
f 9311 10197 10196 9312 
f 9387 9553 9552 9388 
f 9471 10357 10356 9472 
f 9547 9793 9792 9548 
f 9631 10517 10516 9632 
f 9711 10597 10596 9712 
f 9787 9873 9872 9788 
f 9867 10033 10032 9868 
f 9951 10837 10836 9952 
f 10187 10273 10272 10188 
f 10191 11077 11076 10192 
f 10267 10433 10432 10268 
f 10351 11237 11236 10352 
f 10427 10673 10672 10428 
f 10511 11397 11396 10512 
f 10591 11477 11476 10592 
f 10667 10753 10752 10668 
f 10747 10913 10912 10748 
f 10831 11717 11716 10832 
f 11067 11153 11152 11068 
f 11071 12117 12116 11072 
f 11147 11313 11312 11148 
f 11231 12277 12276 11232 
f 11307 11553 11552 11308 
f 11391 12437 12436 11392 
f 11471 12517 12516 11472 
f 11547 11633 11632 11548 
f 11627 11793 11792 11628 
f 11711 12757 12756 11712 
f 11787 12033 12032 11788 
f 11871 12917 12916 11872 
f 12107 12193 12192 12108 
f 12111 13637 13636 12112 
f 12187 12353 12352 12188 
f 12271 13717 13716 12272 
f 12347 12593 12592 12348 
f 12431 13797 13796 12432 
f 12511 13877 13876 12512 
f 12587 12673 12672 12588 
f 12667 12833 12832 12668 
f 12751 13957 13956 12752 
f 12827 13073 13072 12828 
f 12911 14037 14036 12912 
f 13147 14273 14272 13148 
f 13151 14437 14436 13152 
f 13231 14517 14516 13232 
f 13311 14597 14596 13312 
f 13391 14677 14676 13392 
f 13471 14757 14756 13472 
f 13551 14837 14836 13552 
f 13631 14917 14916 13632 
f 13711 14997 14996 13712 
f 13791 15077 15076 13792 
f 13871 15157 15156 13872 
f 13951 15237 15236 13952 
f 14031 15317 15316 14032 
f 14111 15397 15396 14112 
f 14431 16677 16678 14432 
f 14511 16682 16683 14512 
f 14591 16687 16688 14592 
f 14671 16692 16693 14672 
f 14751 16697 16698 14752 
f 14831 16702 16703 14832 
f 14911 16707 16708 14912 
f 14991 16712 16713 14992 
f 15071 16717 16718 15072 
f 15151 16722 16723 15152 
f 15231 16727 16728 15232 
f 15311 16732 16733 15312 
f 7553 7552 8117 8116 
f 7553 8116 8024 7469 
f 8024 8023 7470 7469 
f 8116 8115 8025 8024 
f 7713 7712 8277 8276 
f 7713 8276 8104 7549 
f 8276 8275 8105 8104 
f 8104 8103 7550 7549 
f 7953 7952 8517 8516 
f 7953 8516 8264 7709 
f 8516 8515 8265 8264 
f 8264 8263 7710 7709 
f 8512 8511 9077 9076 
f 8512 9076 8824 8268 
f 9076 9075 8825 8824 
f 8824 8823 8269 8268 
f 9072 9071 9797 9796 
f 9072 9796 9544 8828 
f 9796 9795 9545 9544 
f 9544 9543 8829 8828 
f 8356 8355 8425 8424 
f 8356 8424 7869 7793 
f 8424 8423 7870 7869 
f 7869 7868 7794 7793 
f 8196 8195 8345 8344 
f 8196 8344 7789 7633 
f 8344 8343 7790 7789 
f 7789 7788 7634 7633 
f 8036 8035 8185 8184 
f 8184 8183 7630 7629 
f 7629 7628 7474 7473 
f 8036 8184 7629 7473 
f 8272 8271 8837 8836 
f 8272 8836 8664 8108 
f 8836 8835 8665 8664 
f 8664 8663 8109 8108 
f 8112 8111 8677 8676 
f 8112 8676 8584 8028 
f 8676 8675 8585 8584 
f 8584 8583 8029 8028 
f 8596 8595 8745 8744 
f 8596 8744 8188 8032 
f 8744 8743 8189 8188 
f 8188 8187 8033 8032 
f 8756 8755 8905 8904 
f 8756 8904 8348 8192 
f 8904 8903 8349 8348 
f 8348 8347 8193 8192 
f 8916 8915 8985 8984 
f 8916 8984 8428 8352 
f 8984 8983 8429 8428 
f 8428 8427 8353 8352 
f 9716 9715 9945 9944 
f 9716 9944 9228 8992 
f 9944 9943 9229 9228 
f 9228 9227 8993 8992 
f 9636 9635 9705 9704 
f 9636 9704 8988 8912 
f 9704 9703 8989 8988 
f 8988 8987 8913 8912 
f 9476 9475 9625 9624 
f 9476 9624 8908 8752 
f 9624 9623 8909 8908 
f 8908 8907 8753 8752 
f 9316 9315 9465 9464 
f 9316 9464 8748 8592 
f 9464 9463 8749 8748 
f 8748 8747 8593 8592 
f 8672 8671 9397 9396 
f 8672 9396 9304 8588 
f 9396 9395 9305 9304 
f 9304 9303 8589 8588 
f 8832 8831 9557 9556 
f 8832 9556 9384 8668 
f 9556 9555 9385 9384 
f 9384 9383 8669 8668 
f 9152 9151 9877 9876 
f 9152 9876 9784 9068 
f 9876 9875 9785 9784 
f 9784 9783 9069 9068 
f 10032 10031 10917 10916 
f 10032 10916 10744 9868 
f 10916 10915 10745 10744 
f 10744 10743 9869 9868 
f 9872 9871 10757 10756 
f 9872 10756 10664 9788 
f 10756 10755 10665 10664 
f 10664 10663 9789 9788 
f 9792 9791 10677 10676 
f 9792 10676 10424 9548 
f 10676 10675 10425 10424 
f 10424 10423 9549 9548 
f 9552 9551 10437 10436 
f 9552 10436 10264 9388 
f 10436 10435 10265 10264 
f 10264 10263 9389 9388 
f 9392 9391 10277 10276 
f 9392 10276 10184 9308 
f 10276 10275 10185 10184 
f 10184 10183 9309 9308 
f 10196 10195 10345 10344 
f 10196 10344 9468 9312 
f 10344 10343 9469 9468 
f 9468 9467 9313 9312 
f 10356 10355 10505 10504 
f 10356 10504 9628 9472 
f 10504 10503 9629 9628 
f 9628 9627 9473 9472 
f 10516 10515 10585 10584 
f 10516 10584 9708 9632 
f 10584 10583 9709 9708 
f 9708 9707 9633 9632 
f 10596 10595 10825 10824 
f 10596 10824 9948 9712 
f 10824 10823 9949 9948 
f 9948 9947 9713 9712 
f 10836 10835 10985 10984 
f 10836 10984 10108 9952 
f 10984 10983 10109 10108 
f 10108 10107 9953 9952 
f 11476 11475 11705 11704 
f 11476 11704 10828 10592 
f 11716 11715 11865 11864 
f 11716 11864 10988 10832 
f 11704 11703 10829 10828 
f 10828 10827 10593 10592 
f 11864 11863 10989 10988 
f 10988 10987 10833 10832 
f 11236 11235 11385 11384 
f 11236 11384 10508 10352 
f 11396 11395 11465 11464 
f 11396 11464 10588 10512 
f 11384 11383 10509 10508 
f 10508 10507 10353 10352 
f 11464 11463 10589 10588 
f 10588 10587 10513 10512 
f 10272 10271 11157 11156 
f 10272 11156 11064 10188 
f 11076 11075 11225 11224 
f 11076 11224 10348 10192 
f 10432 10431 11317 11316 
f 10432 11316 11144 10268 
f 11156 11155 11065 11064 
f 11064 11063 10189 10188 
f 11224 11223 10349 10348 
f 10348 10347 10193 10192 
f 11316 11315 11145 11144 
f 11144 11143 10269 10268 
f 10672 10671 11557 11556 
f 10672 11556 11304 10428 
f 11556 11555 11305 11304 
f 11304 11303 10429 10428 
f 10752 10751 11637 11636 
f 10752 11636 11544 10668 
f 11636 11635 11545 11544 
f 11544 11543 10669 10668 
f 10912 10911 11797 11796 
f 10912 11796 11624 10748 
f 11796 11795 11625 11624 
f 11624 11623 10749 10748 
f 12032 12031 13077 13076 
f 12032 13076 12824 11788 
f 13076 13075 12825 12824 
f 12824 12823 11789 11788 
f 11792 11791 12837 12836 
f 11792 12836 12664 11628 
f 12836 12835 12665 12664 
f 12664 12663 11629 11628 
f 11632 11631 12677 12676 
f 11632 12676 12584 11548 
f 12676 12675 12585 12584 
f 12584 12583 11549 11548 
f 11552 11551 12597 12596 
f 11552 12596 12344 11308 
f 12596 12595 12345 12344 
f 12344 12343 11309 11308 
f 11312 11311 12357 12356 
f 11312 12356 12184 11148 
f 12356 12355 12185 12184 
f 12184 12183 11149 11148 
f 11152 11151 12197 12196 
f 11152 12196 12104 11068 
f 12196 12195 12105 12104 
f 12104 12103 11069 11068 
f 12116 12115 12265 12264 
f 12116 12264 11228 11072 
f 12264 12263 11229 11228 
f 11228 11227 11073 11072 
f 12276 12275 12425 12424 
f 12276 12424 11388 11232 
f 12424 12423 11389 11388 
f 11388 11387 11233 11232 
f 12436 12435 12505 12504 
f 12436 12504 11468 11392 
f 12504 12503 11469 11468 
f 11468 11467 11393 11392 
f 12516 12515 12745 12744 
f 12516 12744 11708 11472 
f 12744 12743 11709 11708 
f 11708 11707 11473 11472 
f 12756 12755 12905 12904 
f 12756 12904 11868 11712 
f 12904 12903 11869 11868 
f 11868 11867 11713 11712 
f 12916 12915 12985 12984 
f 12916 12984 11948 11872 
f 12984 12983 11949 11948 
f 11948 11947 11873 11872 
f 14036 14035 14105 14104 
f 14036 14104 12988 12912 
f 14104 14103 12989 12988 
f 12988 12987 12913 12912 
f 13956 13955 14025 14024 
f 13956 14024 12908 12752 
f 14024 14023 12909 12908 
f 12908 12907 12753 12752 
f 13876 13875 13945 13944 
f 13876 13944 12748 12512 
f 13944 13943 12749 12748 
f 12748 12747 12513 12512 
f 13796 13795 13865 13864 
f 13796 13864 12508 12432 
f 13864 13863 12509 12508 
f 12508 12507 12433 12432 
f 13716 13715 13785 13784 
f 13716 13784 12428 12272 
f 13784 13783 12429 12428 
f 12428 12427 12273 12272 
f 13636 13635 13705 13704 
f 13636 13704 12268 12112 
f 13704 13703 12269 12268 
f 12268 12267 12113 12112 
f 12192 12191 13557 13556 
f 13556 13555 13625 13624 
f 12192 13556 13624 12108 
f 13624 13623 12109 12108 
f 12352 12351 13477 13476 
f 12352 13476 13544 12188 
f 13476 13475 13545 13544 
f 13544 13543 12189 12188 
f 12592 12591 13397 13396 
f 12592 13396 13464 12348 
f 13396 13395 13465 13464 
f 13464 13463 12349 12348 
f 12672 12671 13317 13316 
f 12672 13316 13384 12588 
f 13316 13315 13385 13384 
f 13384 13383 12589 12588 
f 12832 12831 13237 13236 
f 12832 13236 13304 12668 
f 13236 13235 13305 13304 
f 13304 13303 12669 12668 
f 13072 13071 13157 13156 
f 13072 13156 13224 12828 
f 13156 13155 13225 13224 
f 13224 13223 12829 12828 
f 14272 14271 14357 14356 
f 14272 14356 14424 13148 
f 14356 14355 14425 14424 
f 14424 14423 13149 13148 
f 14436 14435 14505 14504 
f 14436 14504 13228 13152 
f 14504 14503 13229 13228 
f 13228 13227 13153 13152 
f 14516 14515 14585 14584 
f 14516 14584 13308 13232 
f 14584 14583 13309 13308 
f 13308 13307 13233 13232 
f 14596 14595 14665 14664 
f 14596 14664 13388 13312 
f 14664 14663 13389 13388 
f 13388 13387 13313 13312 
f 14676 14675 14745 14744 
f 14676 14744 13468 13392 
f 14744 14743 13469 13468 
f 13468 13467 13393 13392 
f 14756 14755 14825 14824 
f 14756 14824 13548 13472 
f 14824 14823 13549 13548 
f 13548 13547 13473 13472 
f 14836 14835 14905 14904 
f 14836 14904 13628 13552 
f 14904 14903 13629 13628 
f 13628 13627 13553 13552 
f 14916 14915 14985 14984 
f 14916 14984 13708 13632 
f 14984 14983 13709 13708 
f 13708 13707 13633 13632 
f 14996 14995 15065 15064 
f 14996 15064 13788 13712 
f 15064 15063 13789 13788 
f 13788 13787 13713 13712 
f 15076 15075 15145 15144 
f 15076 15144 13868 13792 
f 15144 15143 13869 13868 
f 13868 13867 13793 13792 
f 15156 15155 15225 15224 
f 15156 15224 13948 13872 
f 15224 15223 13949 13948 
f 13948 13947 13873 13872 
f 15236 15235 15305 15304 
f 15236 15304 14028 13952 
f 15304 15303 14029 14028 
f 14028 14027 13953 13952 
f 15316 15315 15385 15384 
f 15316 15384 14108 14032 
f 15384 15383 14109 14108 
f 14108 14107 14033 14032 
f 15396 15395 15465 15464 
f 15396 15464 14188 14112 
f 15464 15463 14189 14188 
f 14188 14187 14113 14112 
f 15636 15635 15545 15544 
f 16734 15388 15312 16733 
f 16735 15389 15388 16734 
f 15388 15387 15313 15312 
f 15716 15715 15625 15624 
f 16729 15308 15232 16728 
f 16730 15309 15308 16729 
f 15308 15307 15233 15232 
f 15796 15795 15705 15704 
f 16724 15228 15152 16723 
f 16725 15229 15228 16724 
f 15228 15227 15153 15152 
f 15876 15875 15785 15784 
f 16719 15148 15072 16718 
f 16720 15149 15148 16719 
f 15148 15147 15073 15072 
f 15956 15955 15865 15864 
f 16714 15068 14992 16713 
f 16715 15069 15068 16714 
f 15068 15067 14993 14992 
f 16709 14988 14912 16708 
f 16036 16035 15945 15944 
f 14988 14987 14913 14912 
f 16710 14989 14988 16709 
f 16116 16115 16025 16024 
f 16704 14908 14832 16703 
f 16705 14909 14908 16704 
f 14908 14907 14833 14832 
f 16196 16195 16105 16104 
f 16699 14828 14752 16698 
f 16700 14829 14828 16699 
f 14828 14827 14753 14752 
f 16276 16275 16185 16184 
f 16694 14748 14672 16693 
f 16695 14749 14748 16694 
f 14748 14747 14673 14672 
f 16356 16355 16265 16264 
f 16689 14668 14592 16688 
f 16690 14669 14668 16689 
f 14668 14667 14593 14592 
f 16436 16435 16345 16344 
f 16684 14588 14512 16683 
f 16685 14589 14588 16684 
f 14588 14587 14513 14512 
f 16515 16514 16425 16424 
f 16679 14508 14432 16678 
f 16680 14509 14508 16679 
f 14508 14507 14433 14432 
f 16675 14429 14428 16674 
f 16674 14428 14427 16673 
f 14427 14353 14352 16673 
f 13144 13143 13069 13068 
f 13145 13144 13068 13067 
f 14276 13067 13066 
f 14276 14275 13145 13067 
f 13064 13063 12029 12028 
f 13065 13064 12028 12027 
f 13066 13065 16551 
f 14344 14343 14269 14268 
f 14345 14344 17169 
f 14346 14345 17169 16595 
f 16580 16582 17405 
f 16551 16550 14264 14263 
f 16551 14263 14262 
f 16551 14262 14277 
f 14276 13066 16551 14277 
f 16550 16655 14264 
f 16506 16505 16554 16555 
f 16549 16506 16555 16556 
f 16507 16549 16556 
f 16508 16507 16556 16589 
f 16554 16552 16553 16555 
f 16555 16553 16556 
f 16556 16553 17171 16589 
f 16552 14349 14348 
f 16552 16554 14350 14349 
f 14350 16554 14351 
f 16554 16673 14352 14351 
f 11784 11783 10909 10908 
f 11785 11784 10908 10907 
f 10905 10904 10028 10027 
f 10904 10903 10029 10028 
f 9148 9864 9863 9149 
f 9065 9064 8508 8507 
f 8508 9064 9063 8509 
f 8505 8504 8503 16630 
f 7706 7705 16653 
f 7309 7705 7704 7310 
f 7146 7145 6989 6988 
f 6989 7145 7144 6990 
f 6998 6997 6905 6904 
f 6905 6997 6996 6906 
f 6983 6998 17163 17164 
f 6903 6918 16611 17163 
f 6824 6918 6917 6825 
f 6917 6916 6826 6825 
f 7386 7385 7237 7236 
f 7385 7384 7238 7237 
f 7866 7865 7797 7796 
f 7865 7864 7798 7797 
f 9225 9224 8996 8995 
f 9224 9223 8997 8996 
f 8437 8436 7873 7872 
f 8436 8435 7874 7873 
f 8435 16560 16574 7874 
f 8432 8431 16559 
f 8433 8432 16559 16560 
f 8434 8433 16560 
f 16559 16557 16558 16560 
f 16559 8431 8997 9223 
f 16557 9236 9235 16564 
f 16557 16559 9237 9236 
f 16559 9222 9237 
f 16559 9223 9222 
f 10105 10104 9956 9955 
f 10104 10103 9957 9956 
f 16564 16558 16557 
f 16563 16561 16562 16564 
f 16563 10102 10117 
f 16561 10116 16566 
f 16561 16563 10117 10116 
f 9231 9957 9232 
f 9957 10103 16563 9232 
f 10995 16656 10113 
f 10111 10997 10996 10112 
f 10996 10995 10113 10112 
f 11876 11875 10993 10992 
f 10991 11877 11876 10992 
f 10994 10993 16567 
f 16567 17284 16565 16656 
f 17284 11957 11956 11955 
f 11875 11945 11944 
f 16567 10993 11875 11944 
f 16567 11944 11943 
f 16567 11943 11942 
f 17284 16567 11942 11957 
f 16562 16561 16566 16568 
f 16568 16566 16565 16569 
f 16573 16572 16613 
f 16570 16571 16572 16573 
f 16613 7398 7397 16573 
f 16571 16575 16572 
f 16573 7395 7394 16570 
f 16573 7396 7395 
f 16573 7397 7396 
f 16570 7394 7798 7864 
f 7392 7798 7394 7393 
f 16571 7878 7877 16575 
f 7877 7876 16574 16576 
f 16571 16570 7864 7863 
f 16574 16560 16558 16577 
f 16572 16575 17161 16578 
f 16576 16574 16577 17161 
f 16575 16576 17161 
f 10906 10905 17168 
f 17168 10907 10906 
f 17168 12024 12023 
f 12037 17168 12022 
f 12036 12035 11785 
f 12036 11785 10907 17168 
f 12037 12036 17168 
f 17168 12023 12022 
f 17168 16581 12024 
f 10026 10025 16579 16618 
f 10027 10026 16618 
f 10905 10027 16618 17168 
f 16580 16581 16582 
f 12997 12996 11952 11951 
f 12996 12995 11953 11952 
f 12995 16586 16585 11953 
f 11955 16585 16587 17284 
f 16586 16584 16583 16585 
f 16585 16583 17287 16587 
f 16584 16586 14197 16588 
f 14196 14195 16588 
f 16586 14182 14197 
f 16586 14183 14182 
f 16586 12993 12992 14183 
f 14116 14115 14185 14184 
f 14117 14116 14184 14183 
f 12992 12991 14117 14183 
f 16586 12994 12993 
f 15477 15476 14192 14191 
f 15476 17285 14192 
f 12995 12994 16586 
f 16585 11954 11953 
f 11955 11954 16585 
f 15468 15467 15393 15392 
f 15469 15468 15392 15391 
f 15633 15632 15548 15547 
f 15632 15631 15549 15548 
f 15631 16590 15549 
f 15711 16591 15629 
f 15627 15713 15712 15628 
f 15712 15711 15629 15628 
f 15791 16592 15709 
f 15707 15793 15792 15708 
f 15792 15791 15709 15708 
f 15871 17355 15789 
f 15787 15873 15872 15788 
f 15872 15871 15789 15788 
f 15951 17356 15869 
f 15867 15953 15952 15868 
f 15952 15951 15869 15868 
f 16031 17358 15949 
f 15947 16033 16032 15948 
f 16032 16031 15949 15948 
f 16111 16604 16029 
f 16027 16113 16112 16028 
f 16112 16111 16029 16028 
f 16191 16604 16109 
f 16107 16193 16192 16108 
f 16192 16191 16109 16108 
f 16271 16593 16189 
f 16187 16273 16272 16188 
f 16272 16271 16189 16188 
f 16351 17357 16269 
f 16267 16353 16352 16268 
f 16352 16351 16269 16268 
f 16431 16603 16349 
f 16347 16433 16432 16348 
f 16432 16431 16349 16348 
f 16510 16602 16429 
f 16427 16512 16511 16428 
f 16511 16510 16429 16428 
f 16509 16508 16589 
f 14346 16595 14348 14347 
f 14267 14266 16655 17169 
f 16597 16596 16598 
f 16597 15552 15551 
f 16597 15553 15552 
f 16597 15554 15553 
f 16598 15555 15554 16597 
f 16739 15470 15469 16738 
f 16599 15473 15472 15471 
f 16740 16599 15471 16739 
f 15471 15470 16739 
f 15556 15555 16598 
f 15551 15550 16600 
f 16597 15551 16600 16601 
f 16596 16597 16601 
f 15631 15630 16590 
f 16590 16600 15550 15549 
f 15871 15870 17355 
f 17355 16592 15790 15789 
f 16592 16591 15710 15709 
f 16591 16590 15630 15629 
f 15711 15710 16591 
f 15791 15790 16592 
f 16031 16030 17358 
f 17358 17356 15950 15949 
f 15951 15950 17356 
f 17356 17355 15870 15869 
f 16111 16110 16604 
f 16604 17358 16030 16029 
f 16191 16190 16593 16604 
f 16604 16110 16109 
f 16271 16270 17357 16593 
f 16593 16190 16189 
f 16351 16350 16603 17357 
f 17357 16270 16269 
f 16431 16430 16594 16603 
f 16603 16350 16349 
f 16510 16509 16589 16602 
f 16602 16594 16430 16429 
f 9235 9234 9233 16563 
f 16563 9233 9232 
f 10103 10102 16563 
f 8435 8434 16560 
f 16574 7875 7874 
f 7876 7875 16574 
f 16571 7863 7878 
f 16609 16610 16607 16606 
f 16606 16607 16605 16608 
f 16606 7383 7398 16609 
f 16608 7384 7383 16606 
f 16605 6836 6835 
f 16608 16605 6835 6834 
f 6832 16608 6834 6833 
f 7238 7384 16608 
f 6832 7238 16608 
f 16605 16612 6838 6837 
f 6836 16605 6837 
f 6823 6838 17381 
f 16607 16610 17382 
f 6998 6904 17163 
f 6904 6903 17163 
f 6918 6824 16611 
f 6824 6823 17381 16611 
f 6838 16612 17381 
f 16605 16607 16612 
f 16612 16607 17382 17381 
f 16609 7398 16613 
f 16610 16609 16614 16615 
f 17382 16610 16615 17162 
f 16609 16613 16572 16614 
f 16614 16572 16578 
f 15474 15473 16617 17286 
f 16599 16740 17158 16617 
f 15473 16599 16617 
f 15475 15474 17286 17285 
f 17285 16616 14194 14193 
f 10036 10035 9865 9864 
f 16631 16632 16633 16634 
f 16629 16630 16627 16628 
f 16626 16621 16620 16627 
f 16622 9142 9157 16625 
f 16623 9143 9142 16622 
f 16624 9144 9143 16623 
f 16630 16626 16627 
f 16628 16622 16625 16629 
f 16628 16623 16622 
f 16628 16624 16623 
f 16629 16625 8507 8506 
f 16630 16629 8506 8505 
f 16626 16630 7948 7947 
f 16621 7947 7946 7945 
f 16621 16626 7947 
f 9156 9155 16625 9157 
f 9065 8507 16625 
f 9155 9065 16625 
f 16632 16635 16619 16633 
f 16634 16579 16638 16631 
f 16636 16640 9147 9146 
f 16632 16627 16620 16635 
f 16631 16638 16639 16636 
f 9146 9145 16636 
f 16636 16637 16631 
f 16624 16628 16632 16637 
f 16637 16632 16631 
f 16628 16627 16632 
f 10036 9864 16640 
f 9144 16624 16637 
f 9145 9144 16637 16636 
f 16639 10037 10036 16640 
f 9864 9148 9147 16640 
f 16579 10025 10024 16638 
f 10024 10023 16638 
f 10023 10022 16639 16638 
f 10022 10037 16639 
f 16643 16647 16644 16645 
f 16642 16648 16646 
f 16646 16648 16647 16643 
f 16647 17167 16641 16644 
f 16645 16619 16635 16643 
f 16646 16620 16621 
f 16646 16621 7945 16642 
f 16648 16649 17167 16647 
f 16643 16635 16620 16646 
f 17165 17166 16651 16650 
f 16650 6986 6985 17165 
f 16654 7956 7706 16653 
f 16650 16651 7304 7303 
f 16650 6988 6987 
f 16650 7303 7318 
f 16652 7307 7306 7305 
f 17166 16649 16648 16651 
f 16651 16648 16642 16652 
f 16652 16642 7944 7943 
f 7317 7316 7146 6988 
f 6985 6984 17164 17165 
f 16650 6987 6986 
f 16650 7318 7317 6988 
f 6984 6983 17164 
f 16642 7945 7944 
f 7705 7309 7308 16653 
f 16653 7308 16654 
f 7308 7307 16652 16654 
f 16654 16652 7943 7957 
f 16654 7957 7927 7928 
f 7305 7304 16651 16652 
f 9235 16563 16564 
f 7877 16576 16575 
f 14197 14196 16588 
f 15469 15391 16737 16738 
f 16636 16639 16640 
f 16655 14265 14264 
f 16655 14266 14265 
f 16595 16552 14348 
f 16565 16566 16656 
f 10995 10994 16567 16656 
f 16656 16566 10114 10113 
f 10116 10115 10114 16566 
f 14195 14194 16616 
f 14195 16616 16588 
f 16533 16548 16672 16657 
f 16548 16547 16671 16672 
f 16534 16533 16657 16658 
f 16547 16546 16670 16671 
f 16546 16545 16669 16670 
f 16545 16544 16668 16669 
f 16544 16543 16667 16668 
f 16543 16542 16666 16667 
f 16542 16541 16665 16666 
f 16541 16540 16664 16665 
f 16540 16539 16663 16664 
f 16539 16538 16662 16663 
f 16538 16537 16661 16662 
f 16537 16536 16660 16661 
f 16536 16535 16659 16660 
f 16535 16534 16658 16659 
f 16554 16505 16673 
f 16673 16505 16504 16674 
f 16674 16504 16503 16675 
f 16675 16503 16502 16676 
f 16676 16502 16516 16677 
f 16677 16516 16515 16678 
f 16678 16515 16424 16679 
f 16679 16424 16423 16680 
f 16680 16423 16422 16681 
f 16681 16422 16437 16682 
f 16682 16437 16436 16683 
f 16683 16436 16344 16684 
f 16684 16344 16343 16685 
f 16685 16343 16342 16686 
f 16686 16342 16357 16687 
f 16687 16357 16356 16688 
f 16688 16356 16264 16689 
f 16689 16264 16263 16690 
f 16690 16263 16262 16691 
f 16691 16262 16277 16692 
f 16692 16277 16276 16693 
f 16693 16276 16184 16694 
f 16694 16184 16183 16695 
f 16695 16183 16182 16696 
f 16696 16182 16197 16697 
f 16697 16197 16196 16698 
f 16698 16196 16104 16699 
f 16699 16104 16103 16700 
f 16700 16103 16102 16701 
f 16701 16102 16117 16702 
f 16702 16117 16116 16703 
f 16703 16116 16024 16704 
f 16704 16024 16023 16705 
f 16705 16023 16022 16706 
f 16706 16022 16037 16707 
f 16707 16037 16036 16708 
f 16708 16036 15944 16709 
f 16709 15944 15943 16710 
f 16710 15943 15942 16711 
f 16711 15942 15957 16712 
f 16712 15957 15956 16713 
f 16713 15956 15864 16714 
f 16714 15864 15863 16715 
f 16715 15863 15862 16716 
f 16716 15862 15877 16717 
f 16717 15877 15876 16718 
f 16718 15876 15784 16719 
f 16719 15784 15783 16720 
f 16720 15783 15782 16721 
f 16721 15782 15797 16722 
f 16722 15797 15796 16723 
f 16723 15796 15704 16724 
f 16724 15704 15703 16725 
f 16725 15703 15702 16726 
f 16726 15702 15717 16727 
f 16727 15717 15716 16728 
f 16728 15716 15624 16729 
f 16729 15624 15623 16730 
f 16730 15623 15622 16731 
f 16731 15622 15637 16732 
f 16732 15637 15636 16733 
f 16733 15636 15544 16734 
f 16734 15544 15543 16735 
f 16735 15543 15542 16736 
f 16736 15542 15557 16737 
f 16737 15557 15556 16738 
f 16738 15556 16598 
f 16738 16598 16596 16739 
f 16739 16596 16740 
f 16740 16596 17158 
f 13065 17405 16551 
f 12027 12026 16580 
f 16888 16794 16810 16811 
f 17014 17015 16836 
f 16747 17010 16836 16831 
f 16992 16997 16832 16833 
f 17040 16748 16809 
f 16768 16805 16804 16765 
f 16769 16765 16804 16803 
f 16770 16769 16803 16802 
f 16770 16802 16801 16771 
f 16771 16801 16817 
f 16772 16771 16817 16816 
f 16772 16816 16815 
f 16773 16772 16815 16814 
f 16774 16773 16814 16813 
f 16774 16813 16812 16775 
f 16775 16812 16811 16776 
f 16777 16776 16742 16795 
f 16777 16795 16756 16778 
f 16778 17263 17262 16779 
f 16779 17262 17283 
f 16827 16759 16760 16830 
f 16550 16582 16829 16828 
f 16553 16552 17289 17288 
f 16765 16769 16782 16796 
f 16776 16777 16783 16775 
f 16775 16783 16784 16774 
f 16777 16778 16779 16783 
f 16783 16779 16780 16784 
f 16774 16784 16785 16773 
f 16773 16785 16786 16772 
f 16772 16786 16764 16771 
f 16784 16780 17287 16785 
f 16785 17287 17384 16786 
f 16771 16764 16781 16770 
f 16770 16781 16782 16769 
f 16869 16873 16820 16819 
f 16841 16869 16819 16818 
f 16787 16743 16823 16822 
f 16768 16806 16805 
f 16765 16796 16797 16768 
f 16766 16799 16800 16763 
f 16798 16767 16768 16797 
f 16799 16766 16767 16798 
f 16763 16800 16762 16741 
f 16800 17387 17383 16762 
f 16767 16807 16806 16768 
f 16766 16808 16807 16767 
f 16763 16809 16808 16766 
f 16804 16805 16750 16751 
f 16803 16804 16751 16920 
f 16802 16803 16920 16916 
f 16801 16802 16916 16752 
f 16805 16806 16930 16750 
f 16806 16807 16934 16930 
f 16807 16808 16749 16934 
f 16808 16809 17026 16749 
f 17040 16809 16763 16741 
f 16809 16748 17027 
f 16809 17027 17026 
f 16811 16810 16742 16776 
f 16814 16815 16754 16755 
f 16813 16814 16755 16896 
f 16812 16813 16896 16892 
f 16811 16812 16892 16888 
f 16816 16817 16753 16906 
f 16815 16816 16906 16754 
f 16817 16801 16752 16753 
f 16841 16818 16791 
f 16820 16821 16756 16795 
f 16819 16820 16795 16742 
f 16818 16819 16742 16810 
f 16789 16818 16810 16794 
f 16790 16818 16789 
f 16837 16818 16790 
f 16838 16818 16837 
f 16839 16818 16838 
f 16840 16818 16839 
f 16793 16818 16840 
f 16792 16818 16793 
f 16791 16818 16792 
f 16787 16822 16940 
f 16824 16823 16743 16960 
f 16825 16824 16960 16757 
f 16826 16825 16757 16758 
f 16822 16823 17174 17175 
f 16879 16822 17175 17176 
f 16941 16822 16879 
f 16788 16822 16941 
f 16942 16822 16788 
f 16940 16822 16942 
f 16827 17373 17372 16759 
f 16829 16830 16760 16761 
f 16828 16829 16761 16981 
f 16833 16832 17353 17354 
f 17295 17288 17289 17294 
f 16833 17407 17408 16992 
f 16831 16832 16997 16747 
f 16835 16828 16981 16985 
f 16831 16836 17351 17352 
f 16746 16836 17010 
f 16745 16836 16746 
f 17013 16836 16745 
f 17014 16836 17013 
f 16836 17015 16744 
f 16845 16844 16843 16855 
f 16846 16845 16855 16856 
f 16847 16846 16856 16857 
f 16848 16847 16857 16858 
f 16849 16848 16858 16859 
f 16850 16849 16859 16860 
f 16851 16850 16860 16861 
f 16852 16851 16861 16853 
f 16853 16861 16862 16854 
f 16854 16862 16837 16790 
f 16861 16860 16863 16862 
f 16860 16859 16864 16863 
f 16859 16858 16865 16864 
f 16862 16863 16838 16837 
f 16863 16864 16839 16838 
f 16864 16865 16840 16839 
f 16858 16857 16866 16865 
f 16857 16856 16867 16866 
f 16856 16855 16868 16867 
f 16865 16866 16793 16840 
f 16866 16867 16792 16793 
f 16867 16868 16791 16792 
f 16868 16842 16841 16791 
f 16842 16870 16869 16841 
f 16843 16871 16870 16842 
f 16844 16872 16871 16843 
f 16870 16874 16873 16869 
f 16871 16875 16874 16870 
f 16872 16876 16875 16871 
f 16874 16877 17385 16873 
f 16875 16878 16877 16874 
f 16876 17389 16878 16875 
f 16877 17267 17266 17385 
f 16878 17268 17267 16877 
f 17389 17269 17268 16878 
f 16790 16789 16884 16854 
f 16853 16883 16882 16852 
f 16854 16884 16883 16853 
f 16789 16794 16887 16884 
f 16883 16886 16885 16882 
f 16884 16887 16886 16883 
f 16794 16888 16891 16887 
f 16886 16890 16889 16885 
f 16887 16891 16890 16886 
f 16888 16892 16895 16891 
f 16890 16894 16893 16889 
f 16891 16895 16894 16890 
f 16892 16896 16899 16895 
f 16894 16898 16897 16893 
f 16895 16899 16898 16894 
f 16896 16755 16902 16899 
f 16898 16901 16900 16897 
f 16899 16902 16901 16898 
f 16755 16754 16905 16902 
f 16901 16904 16903 16900 
f 16902 16905 16904 16901 
f 16754 16906 16909 16905 
f 16904 16908 16907 16903 
f 16905 16909 16908 16904 
f 16906 16753 16912 16909 
f 16908 16911 16910 16907 
f 16909 16912 16911 16908 
f 16753 16752 16915 16912 
f 16911 16914 16913 16910 
f 16912 16915 16914 16911 
f 16752 16916 16919 16915 
f 16914 16918 16917 16913 
f 16915 16919 16918 16914 
f 16916 16920 16923 16919 
f 16918 16922 16921 16917 
f 16919 16923 16922 16918 
f 16920 16751 16926 16923 
f 16922 16925 16924 16921 
f 16923 16926 16925 16922 
f 16751 16750 16929 16926 
f 16925 16928 16927 16924 
f 16926 16929 16928 16925 
f 16750 16930 16933 16929 
f 16928 16932 16931 16927 
f 16929 16933 16932 16928 
f 16930 16934 17042 16933 
f 16932 17041 17031 16931 
f 16933 17042 17041 16932 
f 16936 16935 16952 16881 
f 16937 16951 16952 16935 
f 16938 16950 16951 16937 
f 16943 16940 16942 16947 
f 16941 16949 16948 16788 
f 16788 16948 16947 16942 
f 16939 16954 16945 16944 
f 16944 16945 16946 16943 
f 16943 16946 16787 16940 
f 16952 16951 16948 16949 
f 16951 16950 16947 16948 
f 16881 16952 16949 16880 
f 16880 16949 16941 16879 
f 16943 16947 16950 16944 
f 16955 16743 16787 16946 
f 16956 16955 16946 16945 
f 16953 16956 16945 16954 
f 16956 16953 16957 16958 
f 16956 16958 16959 16955 
f 16955 16959 16960 16743 
f 16957 16961 16962 16958 
f 16958 16962 16963 16959 
f 16959 16963 16757 16960 
f 16961 16964 16965 16962 
f 16962 16965 16966 16963 
f 16963 16966 16758 16757 
f 16964 17374 16967 16965 
f 16965 16967 16968 16966 
f 16966 16968 17372 16758 
f 17374 16969 16970 16967 
f 16967 16970 16971 16968 
f 16968 16971 16759 17372 
f 16969 16972 16973 16970 
f 16970 16973 16974 16971 
f 16971 16974 16760 16759 
f 16972 16975 16976 16973 
f 16973 16976 16977 16974 
f 16974 16977 16761 16760 
f 16975 16978 16979 16976 
f 16976 16979 16980 16977 
f 16977 16980 16981 16761 
f 16978 16982 16983 16979 
f 16979 16983 16984 16980 
f 16980 16984 16985 16981 
f 17290 17297 17296 17291 
f 17292 17290 17291 17293 
f 17294 17292 17293 17295 
f 17411 16993 16990 17410 
f 17410 16990 16991 17409 
f 17409 16991 16992 17408 
f 16993 16994 16995 16990 
f 16990 16995 16996 16991 
f 16991 16996 16997 16992 
f 16994 16998 16999 16995 
f 16995 16999 17000 16996 
f 16996 17000 16747 16997 
f 16998 17001 17012 16999 
f 16999 17012 17002 17000 
f 17000 17002 17010 16747 
f 17015 17017 17006 16744 
f 17004 17016 17007 17005 
f 17017 17004 17003 17006 
f 17007 17016 17018 17008 
f 17009 17008 17018 17021 
f 17009 17021 17019 17011 
f 17012 17001 17011 17019 
f 17012 17019 17020 17002 
f 17010 17002 17020 16746 
f 16745 16746 17020 17022 
f 17013 16745 17022 17023 
f 17013 17023 17024 17014 
f 17015 17014 17024 17017 
f 17019 17021 17022 17020 
f 17021 17018 17023 17022 
f 17018 17016 17024 17023 
f 17016 17004 17017 17024 
f 17039 17042 16934 16749 
f 16748 17040 17043 17036 
f 17044 17032 17036 17043 
f 17044 17045 17025 17032 
f 17033 17032 17025 17028 
f 17034 17033 17028 17029 
f 17034 17029 17030 17035 
f 17041 17035 17030 17031 
f 17032 17033 17037 17036 
f 17033 17034 17038 17037 
f 17034 17035 17039 17038 
f 17036 17037 17027 16748 
f 17037 17038 17026 17027 
f 17038 17039 16749 17026 
f 17035 17041 17042 17039 
f 17040 16741 17046 17043 
f 17043 17046 17044 
f 16741 16762 17105 17046 
f 17046 17105 17106 17047 
f 16944 16950 16938 16939 
f 16855 16843 16842 16868 
f 17044 17046 17047 17045 
f 16845 17049 17048 16844 
f 16846 17050 17049 16845 
f 16847 17051 17050 16846 
f 16848 17052 17051 16847 
f 16849 17053 17052 16848 
f 16850 17054 17053 16849 
f 16851 17055 17054 16850 
f 16852 17056 17055 16851 
f 16844 17048 17057 16872 
f 16872 17057 17058 16876 
f 16876 17058 17390 17389 
f 17389 17390 17270 17269 
f 16882 17059 17056 16852 
f 16889 17060 17156 16885 
f 16893 17061 17060 16889 
f 16897 17062 17061 16893 
f 16900 17063 17062 16897 
f 16903 17064 17063 16900 
f 16907 17065 17064 16903 
f 16910 17066 17065 16907 
f 16913 17067 17066 16910 
f 16917 17068 17067 16913 
f 16921 17069 17068 16917 
f 16924 17070 17069 16921 
f 16927 17071 17070 16924 
f 16931 17072 17071 16927 
f 17031 17102 17072 16931 
f 16936 17074 17073 16935 
f 16935 17073 17075 16937 
f 16937 17075 17076 16938 
f 16938 17076 17077 16939 
f 16939 17077 17079 16954 
f 16954 17079 17133 16953 
f 16953 17133 17080 16957 
f 16957 17080 17081 16961 
f 16961 17081 17082 16964 
f 16964 17082 17375 17374 
f 17374 17375 17083 16969 
f 16969 17083 17084 16972 
f 16972 17084 17085 16975 
f 16975 17085 17086 16978 
f 16978 17086 17087 16982 
f 17297 17298 17296 
f 17088 17411 16989 
f 16993 17088 17089 16994 
f 16994 17089 17090 16998 
f 16998 17090 17091 17001 
f 17005 17093 17092 17003 
f 17007 17094 17093 17005 
f 17008 17095 17094 17007 
f 17009 17096 17095 17008 
f 17011 17097 17096 17009 
f 17001 17091 17097 17011 
f 17045 17103 17098 17025 
f 17025 17098 17099 17028 
f 17028 17099 17100 17029 
f 17029 17100 17101 17030 
f 17030 17101 17102 17031 
f 17047 17104 17103 17045 
f 17003 17092 17347 17348 
f 17105 16762 17383 17391 
f 17106 17105 17391 17392 
f 17106 17107 17104 17047 
f 17005 17003 17004 
f 17511 17110 17109 17510 
f 17528 17529 17108 
f 17528 17108 17114 17527 
f 17108 17529 17530 
f 17108 17530 17531 
f 17108 17531 17532 
f 17108 17532 17533 
f 17108 17533 17534 
f 17108 17534 17535 
f 17108 17535 17536 
f 17108 17536 17537 
f 17115 17114 17108 17154 
f 17516 17110 17515 
f 17515 17110 17514 
f 17514 17110 17513 
f 17513 17110 17512 
f 17512 17110 17511 
f 17525 17111 17273 17524 
f 17111 17394 17274 17273 
f 17526 17112 17111 17525 
f 17112 17113 17394 17111 
f 17527 17114 17112 17526 
f 17114 17115 17113 17112 
f 16779 17162 16615 16780 
f 16780 16569 17287 
f 17048 17049 17136 17135 
f 17049 17050 17137 17136 
f 17050 17051 17138 17137 
f 17051 17052 17139 17138 
f 17052 17053 17140 17139 
f 17053 17054 17141 17140 
f 17054 17055 17142 17141 
f 17055 17056 17143 17142 
f 17057 17048 17135 17144 
f 17058 17057 17144 17145 
f 17074 17180 17181 17148 
f 17056 17059 17146 17143 
f 17073 17074 17148 17147 
f 17075 17073 17147 17149 
f 17076 17075 17149 17150 
f 17077 17076 17150 17151 
f 17079 17077 17151 17153 
f 17133 17079 17153 17152 
f 17135 17136 17117 17116 
f 17136 17137 17118 17117 
f 17137 17138 17119 17118 
f 17138 17139 17120 17119 
f 17139 17140 17121 17120 
f 17140 17141 17122 17121 
f 17141 17142 17123 17122 
f 17142 17143 17124 17123 
f 17144 17135 17116 17125 
f 17145 17144 17125 17126 
f 17148 17181 17182 17128 
f 17143 17146 17127 17124 
f 17147 17148 17128 17129 
f 17149 17147 17129 17130 
f 17150 17149 17130 17131 
f 17151 17150 17131 17132 
f 17153 17151 17132 17134 
f 17152 17153 17134 17078 
f 17156 17059 16882 16885 
f 17537 17538 17154 17108 
f 16778 16756 17264 17263 
f 17059 17156 17157 17146 
f 17146 17157 17155 17127 
f 16588 16616 17397 
f 16616 17285 17401 17397 
f 16601 17359 17388 17404 
f 17359 17360 17386 17388 
f 17360 17159 17398 17386 
f 17159 17160 17399 17398 
f 16568 16569 16578 
f 16579 16634 17406 
f 17172 17173 16824 16825 
f 17175 17174 17187 17188 
f 17176 17175 17188 17189 
f 17176 17177 16880 16879 
f 17177 17178 16881 16880 
f 17178 17179 16936 16881 
f 17179 17180 17074 16936 
f 17517 17183 17110 17516 
f 17183 17184 17109 17110 
f 17181 17180 17193 17194 
f 17182 17181 17194 17195 
f 17173 17174 16823 16824 
f 17185 17186 17173 17172 
f 17189 17190 17177 17176 
f 17190 17191 17178 17177 
f 17191 17192 17179 17178 
f 17192 17193 17180 17179 
f 17518 17196 17183 17517 
f 17196 17197 17184 17183 
f 17186 17187 17174 17173 
f 17188 17187 17200 17201 
f 17189 17188 17201 17202 
f 17194 17193 17206 17207 
f 17195 17194 17207 17208 
f 17198 17199 17186 17185 
f 17202 17203 17190 17189 
f 17203 17204 17191 17190 
f 17204 17205 17192 17191 
f 17205 17206 17193 17192 
f 17519 17209 17196 17518 
f 17209 17210 17197 17196 
f 17199 17200 17187 17186 
f 17201 17200 17213 17214 
f 17202 17201 17214 17215 
f 17207 17206 17219 17220 
f 17208 17207 17220 17221 
f 17211 17212 17199 17198 
f 17215 17216 17203 17202 
f 17216 17217 17204 17203 
f 17217 17218 17205 17204 
f 17218 17219 17206 17205 
f 17520 17222 17209 17519 
f 17222 17223 17210 17209 
f 17212 17213 17200 17199 
f 17214 17213 17226 17227 
f 17215 17214 17227 17228 
f 17220 17219 17232 17233 
f 17221 17220 17233 17234 
f 17224 17225 17212 17211 
f 17228 17229 17216 17215 
f 17229 17230 17217 17216 
f 17230 17231 17218 17217 
f 17231 17232 17219 17218 
f 17521 17235 17222 17520 
f 17235 17236 17223 17222 
f 17225 17226 17213 17212 
f 17227 17226 17239 17240 
f 17228 17227 17240 17241 
f 17233 17232 17245 17246 
f 17234 17233 17246 17247 
f 17237 17238 17225 17224 
f 17241 17242 17229 17228 
f 17242 17243 17230 17229 
f 17243 17244 17231 17230 
f 17244 17245 17232 17231 
f 17522 17248 17235 17521 
f 17248 17249 17236 17235 
f 17238 17239 17226 17225 
f 17240 17239 17251 17252 
f 17241 17240 17252 17253 
f 17246 17245 17257 17258 
f 17247 17246 17258 17259 
f 17250 17238 17237 17282 
f 17253 17254 17242 17241 
f 17254 17255 17243 17242 
f 17255 17256 17244 17243 
f 17256 17257 17245 17244 
f 17523 17260 17248 17522 
f 17260 17261 17249 17248 
f 17250 17251 17239 17238 
f 17252 17251 17264 17265 
f 17253 17252 17265 17266 
f 17258 17257 17270 17271 
f 17259 17258 17271 17272 
f 17262 17263 17250 17282 
f 17266 17267 17254 17253 
f 17267 17268 17255 17254 
f 17268 17269 17256 17255 
f 17269 17270 17257 17256 
f 17524 17273 17260 17523 
f 17273 17274 17261 17260 
f 17263 17264 17251 17250 
f 17265 17264 16756 16821 
f 17266 17265 16821 17385 
f 17271 17270 17390 17396 
f 17272 17271 17396 17395 
f 16641 17376 17373 
f 17275 17172 16825 16826 
f 17167 17377 17376 16641 
f 17276 17185 17172 17275 
f 16649 17378 17377 17167 
f 17277 17198 17185 17276 
f 17166 17379 17378 16649 
f 17278 17211 17198 17277 
f 17165 17380 17379 17166 
f 17279 17224 17211 17278 
f 17164 17380 17165 
f 17163 17380 17164 
f 16611 17381 17380 17163 
f 17280 17237 17224 17279 
f 17281 17282 17237 17280 
f 17283 17262 17282 17281 
f 16578 16780 16614 
f 16564 16577 16558 
f 16578 16569 16780 
f 16588 17397 17400 16584 
f 16584 17400 17384 16583 
f 16587 16565 17284 
f 16641 17373 16827 16644 
f 16644 16827 16645 
f 16645 16827 16619 
f 16619 16827 16830 16633 
f 16633 16830 16634 
f 16830 16582 17406 
f 16829 16582 16830 
f 16550 16828 16655 
f 16655 16828 16835 17169 
f 17169 16835 16595 
f 16565 17287 16569 
f 16562 17161 16577 16564 
f 16568 16578 17161 16562 
f 16780 16615 16614 
f 17294 17289 16835 16985 
f 17288 17295 16988 16834 
f 17291 17296 16989 16986 
f 17297 17290 16983 16982 
f 17293 17291 16986 16987 
f 17290 17292 16984 16983 
f 17295 17293 16987 16988 
f 17292 17294 16985 16984 
f 17296 17298 17088 16989 
f 17298 17297 16982 17087 
f 17288 16834 17171 16553 
f 17289 16552 16595 16835 
f 16764 17401 17402 16781 
f 16781 17402 17403 
f 16596 17403 17158 
f 16596 17404 17403 
f 16601 17404 16596 
f 17304 17305 17313 17312 
f 17302 17303 17311 17310 
f 17301 17302 17310 17309 
f 17300 17301 17309 17308 
f 17314 17313 17305 17306 
f 17312 17311 17303 17304 
f 17308 17307 17299 17300 
f 17312 17313 17321 17320 
f 17310 17311 17319 17318 
f 17309 17310 17318 17317 
f 17308 17309 17317 17316 
f 17322 17321 17313 17314 
f 17320 17319 17311 17312 
f 17316 17315 17307 17308 
f 17320 17321 17329 17328 
f 17318 17319 17327 17326 
f 17317 17318 17326 17325 
f 17316 17317 17325 17324 
f 17330 17329 17321 17322 
f 17328 17327 17319 17320 
f 17324 17323 17315 17316 
f 17328 17329 17337 17336 
f 17326 17327 17335 17334 
f 17325 17326 17334 17333 
f 17324 17325 17333 17332 
f 17338 17337 17329 17330 
f 17336 17335 17327 17328 
f 17332 17331 17323 17324 
f 17336 17337 17345 17344 
f 17334 17335 17343 17342 
f 17333 17334 17342 17341 
f 17332 17333 17341 17340 
f 17346 17345 17337 17338 
f 17344 17343 17335 17336 
f 17340 17339 17331 17332 
f 17344 17345 17353 17352 
f 17342 17343 17351 17350 
f 17341 17342 17350 17349 
f 17340 17341 17349 17348 
f 17354 17353 17345 17346 
f 17352 17351 17343 17344 
f 17348 17347 17339 17340 
f 17352 17353 16832 16831 
f 17350 17351 16836 16744 
f 17349 17350 16744 17006 
f 17348 17349 17006 17003 
f 17354 17170 17407 16833 
f 17171 17170 16589 
f 16589 17170 17366 16602 
f 16602 17366 16594 
f 16594 17366 17367 16603 
f 16603 17367 17357 
f 17357 17367 17371 16593 
f 16591 17368 16590 
f 16592 17369 17368 16591 
f 17355 17369 16592 
f 17356 17370 17369 17355 
f 17358 17370 17356 
f 16604 17371 17370 17358 
f 16593 17371 16604 
f 17364 17365 17393 17392 
f 17160 17362 17387 17399 
f 17362 17160 17304 17303 
f 17159 17360 17306 17305 
f 17160 17159 17305 17304 
f 17360 17359 17368 17306 
f 17365 17364 17300 17299 
f 17361 17362 17303 17302 
f 17363 17361 17302 17301 
f 17364 17363 17301 17300 
f 16601 16600 17359 
f 17359 16600 16590 17368 
f 17170 17354 17346 17366 
f 17366 17346 17338 17367 
f 17367 17338 17330 17371 
f 17369 17314 17306 17368 
f 17370 17322 17314 17369 
f 17371 17330 17322 17370 
f 17373 16826 16758 17372 
f 17376 17275 16826 17373 
f 17377 17276 17275 17376 
f 17378 17277 17276 17377 
f 17379 17278 17277 17378 
f 17380 17279 17278 17379 
f 17381 17280 17279 17380 
f 17382 17281 17280 17381 
f 17162 17283 17281 17382 
f 17287 16565 16587 
f 17287 16583 17384 
f 16821 16820 16873 17385 
f 17387 17362 17361 17383 
f 17383 17361 17363 17391 
f 17391 17363 17364 17392 
f 17390 17058 17145 17396 
f 17396 17145 17126 17395 
f 17401 16764 17397 
f 17388 16796 16782 17404 
f 17386 16797 16796 17388 
f 17398 16798 16797 17386 
f 17399 16799 16798 17398 
f 17397 16764 16786 17400 
f 17400 16786 17384 
f 17401 17285 17286 17402 
f 17402 16617 17158 17403 
f 17402 17286 16617 
f 17404 16782 16781 17403 
f 17393 17107 17106 17392 
f 17387 16800 16799 17399 
f 12027 16580 17405 
f 13065 12027 17405 
f 16582 16550 17405 
f 16581 12025 12024 
f 16581 16580 12026 12025 
f 16581 17168 16618 
f 8503 7950 16630 
f 7950 7949 7948 16630 
f 16581 16618 16579 17406 
f 16582 16581 17406 
f 16634 16830 17406 
f 14344 14268 17169 
f 14268 14267 17169 
f 17170 17171 16834 17407 
f 17407 16834 16988 17408 
f 17408 16988 16987 17409 
f 17409 16987 16986 17410 
f 17410 16986 16989 17411 
f 16550 16551 17405 
f 15476 15475 17285 
f 17285 14193 14192 
f 17162 16779 17283 
f 17460 17155 17157 
f 17460 17461 17449 17448 
f 17461 17462 17450 17449 
f 17462 17463 17451 17450 
f 17463 17464 17452 17451 
f 17464 17465 17453 17452 
f 17465 17466 17454 17453 
f 17466 17467 17455 17454 
f 17467 17468 17456 17455 
f 17468 17469 17457 17456 
f 17469 17470 17457 
f 17470 17543 17458 17457 
f 17471 17472 17542 17543 
f 17472 17473 17542 
f 17413 17437 17436 17412 
f 17414 17438 17437 17413 
f 17415 17439 17438 17414 
f 17416 17440 17439 17415 
f 17417 17441 17440 17416 
f 17418 17442 17441 17417 
f 17419 17443 17442 17418 
f 17420 17444 17443 17419 
f 17421 17445 17444 17420 
f 17422 17446 17445 17421 
f 17423 17447 17446 17422 
f 17412 17436 17394 17113 
f 17480 17481 17447 17423 
f 17088 16993 17411 
f 17424 17508 17509 
f 17425 17507 17508 17424 
f 17426 17506 17507 17425 
f 17427 17505 17506 17426 
f 17428 17504 17505 17427 
f 17429 17503 17504 17428 
f 17430 17502 17503 17429 
f 17431 17501 17502 17430 
f 17432 17500 17501 17431 
f 17433 17499 17500 17432 
f 17434 17539 17499 17433 
f 17435 17540 17539 17434 
f 17424 17223 17236 
f 17424 17236 17249 
f 17424 17249 17261 
f 17424 17261 17274 
f 17488 17489 17435 
f 17487 17488 17435 
f 17489 17541 17540 17435 
f 17509 17510 17109 
f 17509 17109 17184 
f 17424 17509 17184 17197 
f 17424 17197 17210 
f 17424 17210 17223 
f 17437 17425 17424 17436 
f 17438 17426 17425 17437 
f 17439 17427 17426 17438 
f 17440 17428 17427 17439 
f 17441 17429 17428 17440 
f 17442 17430 17429 17441 
f 17443 17431 17430 17442 
f 17444 17432 17431 17443 
f 17445 17433 17432 17444 
f 17446 17434 17433 17445 
f 17447 17435 17434 17446 
f 17436 17424 17274 17394 
f 17486 17487 17435 17447 
f 17485 17486 17447 
f 17484 17485 17447 
f 17483 17484 17447 
f 17482 17483 17447 
f 17481 17482 17447 
f 17449 17413 17412 17448 
f 17450 17414 17413 17449 
f 17451 17415 17414 17450 
f 17452 17416 17415 17451 
f 17453 17417 17416 17452 
f 17454 17418 17417 17453 
f 17455 17419 17418 17454 
f 17456 17420 17419 17455 
f 17457 17421 17420 17456 
f 17458 17422 17421 17457 
f 17459 17423 17422 17458 
f 17479 17480 17423 17459 
f 17448 17412 17113 17115 
f 17080 17133 17152 
f 17080 17152 17078 
f 17060 17061 17461 17460 
f 17061 17062 17462 17461 
f 17062 17063 17463 17462 
f 17063 17064 17464 17463 
f 17064 17065 17465 17464 
f 17065 17066 17466 17465 
f 17066 17067 17467 17466 
f 17067 17068 17468 17467 
f 17068 17069 17469 17468 
f 17069 17070 17470 17469 
f 17070 17071 17471 17470 
f 17071 17072 17472 17471 
f 17072 17102 17473 17472 
f 17102 17101 17474 17473 
f 17101 17100 17475 17474 
f 17100 17099 17476 17475 
f 17099 17098 17477 17476 
f 17098 17103 17478 17477 
f 17103 17104 17479 17478 
f 17104 17107 17480 17479 
f 17107 17393 17481 17480 
f 17393 17365 17482 17481 
f 17365 17299 17483 17482 
f 17299 17307 17484 17483 
f 17307 17315 17485 17484 
f 17315 17323 17486 17485 
f 17323 17331 17487 17486 
f 17331 17339 17488 17487 
f 17339 17347 17489 17488 
f 17347 17092 17490 17489 
f 17092 17093 17491 17490 
f 17093 17094 17492 17491 
f 17094 17095 17493 17492 
f 17095 17096 17494 17493 
f 17096 17097 17495 17494 
f 17097 17091 17496 17495 
f 17091 17090 17497 17496 
f 17090 17089 17498 17497 
f 17089 17088 17499 17498 
f 17088 17298 17500 17499 
f 17298 17087 17501 17500 
f 17087 17086 17502 17501 
f 17086 17085 17503 17502 
f 17085 17084 17504 17503 
f 17084 17083 17505 17504 
f 17083 17375 17506 17505 
f 17375 17082 17507 17506 
f 17082 17081 17508 17507 
f 17081 17080 17509 17508 
f 17080 17078 17510 17509 
f 17078 17134 17511 17510 
f 17134 17132 17512 17511 
f 17132 17131 17513 17512 
f 17131 17130 17514 17513 
f 17130 17129 17515 17514 
f 17129 17128 17516 17515 
f 17128 17182 17517 17516 
f 17182 17195 17518 17517 
f 17195 17208 17519 17518 
f 17208 17221 17520 17519 
f 17221 17234 17521 17520 
f 17234 17247 17522 17521 
f 17247 17259 17523 17522 
f 17259 17272 17524 17523 
f 17272 17395 17525 17524 
f 17395 17126 17526 17525 
f 17126 17125 17527 17526 
f 17125 17116 17528 17527 
f 17116 17117 17529 17528 
f 17117 17118 17530 17529 
f 17118 17119 17531 17530 
f 17119 17120 17532 17531 
f 17120 17121 17533 17532 
f 17121 17122 17534 17533 
f 17122 17123 17535 17534 
f 17123 17124 17536 17535 
f 17124 17127 17537 17536 
f 17127 17155 17538 17537 
f 17157 17156 17060 17460 
f 17540 17497 17498 17539 
f 17490 17491 17541 
f 17491 17492 17541 
f 17492 17493 17541 
f 17493 17494 17541 
f 17494 17495 17541 
f 17495 17496 17541 
f 17539 17498 17499 
f 17489 17490 17541 
f 17496 17497 17540 17541 
f 17478 17479 17459 17542 
f 17477 17478 17542 
f 17476 17477 17542 
f 17475 17476 17542 
f 17474 17475 17542 
f 17473 17474 17542 
f 17542 17459 17458 17543 
f 17470 17471 17543 
f 17460 17154 17538 
f 17460 17538 17155 
f 17460 17448 17115 17154 
f 2806 2918 2750 2834 
f 2806 2749 2667 2918 
# 15901 polygons - 865 triangles

