# 3ds Max Wavefront OBJ Exporter v0.97b - (c)2007 guruware
# File Created: 20.01.2022 17:19:38

#
# object 13688
#

v  -0.0471 0.6510 -2.7606
v  -0.0414 0.6734 -2.7607
v  -0.0245 0.6650 -2.7611
v  -0.0294 0.6515 -2.7608
v  -0.0233 0.6917 -2.7609
v  -0.0138 0.6753 -2.7609
v  -0.0004 0.6976 -2.7611
v  -0.0009 0.6781 -2.7613
v  0.0215 0.6917 -2.7613
v  0.0122 0.6747 -2.7612
v  0.0377 0.6757 -2.7615
v  0.0224 0.6645 -2.7613
v  0.0448 0.6524 -2.7616
v  0.0264 0.6514 -2.7614
v  0.0390 0.6285 -2.7615
v  0.0225 0.6380 -2.7613
v  0.0221 0.6117 -2.7613
v  0.0121 0.6279 -2.7612
v  -0.0021 0.6051 -2.7611
v  -0.0013 0.6240 -2.7611
v  -0.0233 0.6110 -2.7609
v  -0.0153 0.6275 -2.7609
v  -0.0410 0.6283 -2.7607
v  -0.0247 0.6380 -2.7609
v  -0.0537 0.6515 -2.7562
v  -0.0468 0.6774 -2.7561
v  -0.0273 0.6968 -2.7566
v  -0.0012 0.7039 -2.7568
v  0.0248 0.6971 -2.7570
v  0.0442 0.6783 -2.7573
v  0.0514 0.6521 -2.7573
v  0.0446 0.6254 -2.7572
v  0.0254 0.6060 -2.7570
v  -0.0016 0.5987 -2.7567
v  -0.0279 0.6053 -2.7538
v  -0.0469 0.6253 -2.7561
v  -0.0555 0.6518 -2.7500
v  -0.0479 0.6787 -2.7508
v  -0.0282 0.6984 -2.7507
v  -0.0013 0.7057 -2.7506
v  0.0258 0.6988 -2.7500
v  0.0460 0.6791 -2.7492
v  0.0537 0.6519 -2.7485
v  0.0466 0.6242 -2.7479
v  0.0264 0.6039 -2.7479
v  -0.0014 0.5965 -2.7481
v  -0.0485 0.6246 -2.7495
v  -0.0602 0.6529 -2.6998
v  -0.0516 0.6827 -2.7000
v  -0.0295 0.7037 -2.6999
v  0.0006 0.7110 -2.7000
v  0.0296 0.7030 -2.6993
v  0.0514 0.6817 -2.6985
v  0.0595 0.6523 -2.6976
v  0.0524 0.6232 -2.6971
v  0.0311 0.5998 -2.6967
v  0.0001 0.5910 -2.6969
v  -0.0309 0.5998 -2.6972
v  -0.0528 0.6220 -2.6983
v  -0.0395 0.6758 -2.6494
v  -0.0454 0.6542 -2.6492
v  -0.0239 0.6922 -2.6491
v  -0.0024 0.6982 -2.6482
v  0.0194 0.6920 -2.6469
v  0.0356 0.6759 -2.6457
v  0.0417 0.6544 -2.6450
v  0.0356 0.6326 -2.6447
v  0.0194 0.6168 -2.6451
v  -0.0024 0.6108 -2.6460
v  -0.0239 0.6165 -2.6472
v  -0.0396 0.6330 -2.6484
v  0.5403 0.3663 -2.7606
v  0.5624 0.3726 -2.7607
v  0.5637 0.3538 -2.7611
v  0.5495 0.3512 -2.7608
v  0.5874 0.3661 -2.7609
v  0.5779 0.3496 -2.7609
v  0.6039 0.3491 -2.7611
v  0.5868 0.3398 -2.7613
v  0.6098 0.3273 -2.7613
v  0.5904 0.3268 -2.7612
v  0.6040 0.3052 -2.7615
v  0.5866 0.3129 -2.7613
v  0.5874 0.2875 -2.7616
v  0.5773 0.3028 -2.7614
v  0.5638 0.2805 -2.7615
v  0.5637 0.2995 -2.7613
v  0.5408 0.2867 -2.7613
v  0.5498 0.3034 -2.7612
v  0.5230 0.3043 -2.7611
v  0.5397 0.3131 -2.7611
v  0.5175 0.3257 -2.7609
v  0.5357 0.3270 -2.7609
v  0.5236 0.3497 -2.7607
v  0.5402 0.3404 -2.7609
v  0.5374 0.3722 -2.7562
v  0.5633 0.3792 -2.7561
v  0.5898 0.3721 -2.7566
v  0.6090 0.3530 -2.7568
v  0.6161 0.3271 -2.7570
v  0.6095 0.3009 -2.7573
v  0.5904 0.2816 -2.7573
v  0.5640 0.2741 -2.7572
v  0.5375 0.2810 -2.7570
v  0.5177 0.3007 -2.7567
v  0.5103 0.3269 -2.7538
v  0.5181 0.3532 -2.7561
v  0.5367 0.3739 -2.7500
v  0.5638 0.3809 -2.7508
v  0.5907 0.3736 -2.7507
v  0.6105 0.3540 -2.7506
v  0.6181 0.3270 -2.7500
v  0.6111 0.2997 -2.7492
v  0.5914 0.2794 -2.7485
v  0.5639 0.2717 -2.7479
v  0.5362 0.2791 -2.7479
v  0.5159 0.2995 -2.7481
v  0.5166 0.3543 -2.7495
v  0.5354 0.3786 -2.6998
v  0.5655 0.3861 -2.7000
v  0.5947 0.3774 -2.6999
v  0.6161 0.3550 -2.7000
v  0.6236 0.3258 -2.6993
v  0.6161 0.2963 -2.6985
v  0.5946 0.2747 -2.6976
v  0.5659 0.2662 -2.6971
v  0.5350 0.2729 -2.6967
v  0.5119 0.2954 -2.6969
v  0.5040 0.3266 -2.6972
v  0.5122 0.3567 -2.6983
v  0.5655 0.3721 -2.6494
v  0.5439 0.3664 -2.6492
v  0.5875 0.3668 -2.6491
v  0.6035 0.3512 -2.6482
v  0.6090 0.3292 -2.6469
v  0.6031 0.3071 -2.6457
v  0.5876 0.2911 -2.6450
v  0.5656 0.2855 -2.6447
v  0.5438 0.2916 -2.6451
v  0.5278 0.3074 -2.6460
v  0.5219 0.3289 -2.6472
v  0.5284 0.3508 -2.6484
v  0.5873 -0.2848 -2.7606
v  0.6039 -0.3008 -2.7607
v  0.5882 -0.3113 -2.7611
v  0.5789 -0.3003 -2.7608
v  0.6107 -0.3257 -2.7609
v  0.5917 -0.3257 -2.7609
v  0.6043 -0.3485 -2.7611
v  0.5877 -0.3383 -2.7613
v  0.5883 -0.3644 -2.7613
v  0.5782 -0.3479 -2.7612
v  0.5663 -0.3705 -2.7615
v  0.5643 -0.3516 -2.7613
v  0.5426 -0.3650 -2.7616
v  0.5509 -0.3486 -2.7614
v  0.5248 -0.3480 -2.7615
v  0.5413 -0.3384 -2.7613
v  0.5187 -0.3250 -2.7613
v  0.5377 -0.3244 -2.7612
v  0.5251 -0.3008 -2.7611
v  0.5410 -0.3108 -2.7611
v  0.5408 -0.2853 -2.7609
v  0.5510 -0.3005 -2.7609
v  0.5646 -0.2786 -2.7607
v  0.5649 -0.2976 -2.7609
v  0.5911 -0.2793 -2.7562
v  0.6101 -0.2982 -2.7561
v  0.6171 -0.3247 -2.7566
v  0.6102 -0.3509 -2.7568
v  0.5913 -0.3700 -2.7570
v  0.5653 -0.3774 -2.7573
v  0.5390 -0.3705 -2.7573
v  0.5193 -0.3514 -2.7572
v  0.5121 -0.3250 -2.7570
v  0.5193 -0.2980 -2.7567
v  0.5382 -0.2785 -2.7538
v  0.5650 -0.2721 -2.7561
v  0.5922 -0.2778 -2.7500
v  0.6118 -0.2979 -2.7508
v  0.6189 -0.3248 -2.7507
v  0.6119 -0.3517 -2.7506
v  0.5922 -0.3718 -2.7500
v  0.5651 -0.3794 -2.7492
v  0.5377 -0.3725 -2.7485
v  0.5172 -0.3525 -2.7479
v  0.5098 -0.3248 -2.7479
v  0.5173 -0.2970 -2.7481
v  0.5652 -0.2703 -2.7495
v  0.5955 -0.2744 -2.6998
v  0.6171 -0.2967 -2.7000
v  0.6242 -0.3263 -2.6999
v  0.6155 -0.3561 -2.7000
v  0.5940 -0.3772 -2.6993
v  0.5646 -0.3854 -2.6985
v  0.5352 -0.3776 -2.6976
v  0.5135 -0.3570 -2.6971
v  0.5038 -0.3268 -2.6967
v  0.5117 -0.2956 -2.6969
v  0.5348 -0.2731 -2.6972
v  0.5651 -0.2652 -2.6983
v  0.6050 -0.3037 -2.6494
v  0.5893 -0.2878 -2.6492
v  0.6114 -0.3254 -2.6491
v  0.6059 -0.3471 -2.6482
v  0.5896 -0.3628 -2.6469
v  0.5675 -0.3688 -2.6457
v  0.5458 -0.3633 -2.6450
v  0.5300 -0.3471 -2.6447
v  0.5244 -0.3252 -2.6451
v  0.5301 -0.3033 -2.6460
v  0.5458 -0.2876 -2.6472
v  0.5680 -0.2822 -2.6484
v  0.0471 -0.6510 -2.7606
v  0.0414 -0.6734 -2.7607
v  0.0245 -0.6650 -2.7611
v  0.0294 -0.6515 -2.7608
v  0.0233 -0.6917 -2.7609
v  0.0138 -0.6753 -2.7609
v  0.0004 -0.6976 -2.7611
v  0.0009 -0.6781 -2.7613
v  -0.0215 -0.6917 -2.7613
v  -0.0122 -0.6747 -2.7612
v  -0.0377 -0.6757 -2.7615
v  -0.0224 -0.6645 -2.7613
v  -0.0448 -0.6524 -2.7616
v  -0.0264 -0.6514 -2.7614
v  -0.0390 -0.6285 -2.7615
v  -0.0225 -0.6380 -2.7613
v  -0.0221 -0.6117 -2.7613
v  -0.0121 -0.6278 -2.7612
v  0.0021 -0.6051 -2.7611
v  0.0013 -0.6240 -2.7611
v  0.0233 -0.6110 -2.7609
v  0.0153 -0.6275 -2.7609
v  0.0410 -0.6283 -2.7607
v  0.0247 -0.6380 -2.7609
v  0.0537 -0.6515 -2.7562
v  0.0468 -0.6774 -2.7561
v  0.0273 -0.6968 -2.7566
v  0.0012 -0.7039 -2.7568
v  -0.0248 -0.6971 -2.7570
v  -0.0442 -0.6783 -2.7573
v  -0.0514 -0.6521 -2.7573
v  -0.0446 -0.6254 -2.7572
v  -0.0254 -0.6060 -2.7570
v  0.0016 -0.5987 -2.7567
v  0.0279 -0.6053 -2.7538
v  0.0469 -0.6253 -2.7561
v  0.0555 -0.6518 -2.7500
v  0.0479 -0.6787 -2.7508
v  0.0282 -0.6984 -2.7507
v  0.0013 -0.7057 -2.7506
v  -0.0258 -0.6988 -2.7500
v  -0.0460 -0.6791 -2.7492
v  -0.0537 -0.6519 -2.7485
v  -0.0466 -0.6242 -2.7479
v  -0.0264 -0.6039 -2.7479
v  0.0014 -0.5965 -2.7481
v  0.0485 -0.6246 -2.7495
v  0.0602 -0.6529 -2.6998
v  0.0516 -0.6827 -2.7000
v  0.0295 -0.7037 -2.6999
v  -0.0006 -0.7110 -2.7000
v  -0.0296 -0.7030 -2.6993
v  -0.0514 -0.6817 -2.6985
v  -0.0595 -0.6523 -2.6976
v  -0.0524 -0.6232 -2.6971
v  -0.0311 -0.5998 -2.6967
v  -0.0001 -0.5910 -2.6969
v  0.0309 -0.5998 -2.6972
v  0.0528 -0.6220 -2.6983
v  0.0395 -0.6758 -2.6494
v  0.0454 -0.6542 -2.6492
v  0.0239 -0.6922 -2.6491
v  0.0024 -0.6982 -2.6482
v  -0.0194 -0.6920 -2.6469
v  -0.0356 -0.6759 -2.6457
v  -0.0417 -0.6544 -2.6450
v  -0.0356 -0.6326 -2.6447
v  -0.0194 -0.6168 -2.6451
v  0.0024 -0.6108 -2.6460
v  0.0239 -0.6165 -2.6472
v  0.0396 -0.6330 -2.6484
v  -0.5403 -0.3663 -2.7606
v  -0.5624 -0.3726 -2.7607
v  -0.5637 -0.3538 -2.7611
v  -0.5495 -0.3512 -2.7608
v  -0.5874 -0.3661 -2.7609
v  -0.5779 -0.3496 -2.7609
v  -0.6039 -0.3491 -2.7611
v  -0.5868 -0.3398 -2.7613
v  -0.6098 -0.3273 -2.7613
v  -0.5904 -0.3268 -2.7612
v  -0.6040 -0.3052 -2.7615
v  -0.5866 -0.3129 -2.7613
v  -0.5874 -0.2875 -2.7616
v  -0.5773 -0.3028 -2.7614
v  -0.5638 -0.2805 -2.7615
v  -0.5637 -0.2995 -2.7613
v  -0.5408 -0.2867 -2.7613
v  -0.5498 -0.3034 -2.7612
v  -0.5230 -0.3043 -2.7611
v  -0.5397 -0.3131 -2.7611
v  -0.5175 -0.3257 -2.7609
v  -0.5357 -0.3270 -2.7609
v  -0.5236 -0.3497 -2.7607
v  -0.5402 -0.3404 -2.7609
v  -0.5374 -0.3722 -2.7562
v  -0.5633 -0.3792 -2.7561
v  -0.5898 -0.3721 -2.7566
v  -0.6090 -0.3530 -2.7568
v  -0.6161 -0.3271 -2.7570
v  -0.6095 -0.3009 -2.7573
v  -0.5904 -0.2816 -2.7573
v  -0.5640 -0.2741 -2.7572
v  -0.5375 -0.2810 -2.7570
v  -0.5177 -0.3007 -2.7567
v  -0.5103 -0.3269 -2.7538
v  -0.5181 -0.3532 -2.7561
v  -0.5367 -0.3739 -2.7500
v  -0.5638 -0.3809 -2.7508
v  -0.5907 -0.3736 -2.7507
v  -0.6105 -0.3540 -2.7506
v  -0.6181 -0.3270 -2.7500
v  -0.6111 -0.2997 -2.7492
v  -0.5914 -0.2794 -2.7485
v  -0.5639 -0.2717 -2.7479
v  -0.5362 -0.2791 -2.7479
v  -0.5159 -0.2995 -2.7481
v  -0.5166 -0.3543 -2.7495
v  -0.5354 -0.3786 -2.6998
v  -0.5655 -0.3861 -2.7000
v  -0.5947 -0.3774 -2.6999
v  -0.6161 -0.3550 -2.7000
v  -0.6236 -0.3258 -2.6993
v  -0.6161 -0.2963 -2.6985
v  -0.5946 -0.2747 -2.6976
v  -0.5659 -0.2662 -2.6971
v  -0.5350 -0.2729 -2.6967
v  -0.5119 -0.2954 -2.6969
v  -0.5040 -0.3266 -2.6972
v  -0.5122 -0.3567 -2.6983
v  -0.5655 -0.3721 -2.6494
v  -0.5439 -0.3664 -2.6492
v  -0.5875 -0.3668 -2.6491
v  -0.6035 -0.3512 -2.6482
v  -0.6090 -0.3292 -2.6469
v  -0.6031 -0.3071 -2.6457
v  -0.5876 -0.2911 -2.6450
v  -0.5656 -0.2855 -2.6447
v  -0.5438 -0.2916 -2.6451
v  -0.5278 -0.3074 -2.6460
v  -0.5219 -0.3289 -2.6472
v  -0.5284 -0.3508 -2.6484
v  -0.5873 0.2848 -2.7606
v  -0.6039 0.3008 -2.7607
v  -0.5882 0.3113 -2.7611
v  -0.5789 0.3003 -2.7608
v  -0.6107 0.3257 -2.7609
v  -0.5917 0.3257 -2.7609
v  -0.6043 0.3485 -2.7611
v  -0.5877 0.3383 -2.7613
v  -0.5883 0.3644 -2.7613
v  -0.5782 0.3479 -2.7612
v  -0.5663 0.3705 -2.7615
v  -0.5643 0.3516 -2.7613
v  -0.5426 0.3650 -2.7616
v  -0.5509 0.3486 -2.7614
v  -0.5248 0.3480 -2.7615
v  -0.5413 0.3384 -2.7613
v  -0.5187 0.3250 -2.7613
v  -0.5377 0.3244 -2.7612
v  -0.5251 0.3008 -2.7611
v  -0.5410 0.3108 -2.7611
v  -0.5408 0.2853 -2.7609
v  -0.5510 0.3005 -2.7609
v  -0.5646 0.2786 -2.7607
v  -0.5649 0.2976 -2.7609
v  -0.5911 0.2793 -2.7562
v  -0.6101 0.2982 -2.7561
v  -0.6171 0.3247 -2.7566
v  -0.6102 0.3509 -2.7568
v  -0.5913 0.3700 -2.7570
v  -0.5653 0.3774 -2.7573
v  -0.5390 0.3705 -2.7573
v  -0.5193 0.3514 -2.7572
v  -0.5121 0.3250 -2.7570
v  -0.5193 0.2980 -2.7567
v  -0.5382 0.2785 -2.7538
v  -0.5650 0.2721 -2.7561
v  -0.5922 0.2778 -2.7500
v  -0.6118 0.2979 -2.7508
v  -0.6189 0.3248 -2.7507
v  -0.6119 0.3517 -2.7506
v  -0.5922 0.3718 -2.7500
v  -0.5651 0.3794 -2.7492
v  -0.5377 0.3725 -2.7485
v  -0.5172 0.3525 -2.7479
v  -0.5098 0.3248 -2.7479
v  -0.5173 0.2970 -2.7481
v  -0.5652 0.2703 -2.7495
v  -0.5955 0.2744 -2.6998
v  -0.6171 0.2967 -2.7000
v  -0.6242 0.3263 -2.6999
v  -0.6155 0.3561 -2.7000
v  -0.5940 0.3772 -2.6993
v  -0.5646 0.3854 -2.6985
v  -0.5352 0.3776 -2.6976
v  -0.5135 0.3570 -2.6971
v  -0.5038 0.3268 -2.6967
v  -0.5117 0.2956 -2.6969
v  -0.5348 0.2731 -2.6972
v  -0.5651 0.2652 -2.6983
v  -0.6050 0.3037 -2.6494
v  -0.5893 0.2878 -2.6492
v  -0.6114 0.3254 -2.6491
v  -0.6059 0.3471 -2.6482
v  -0.5896 0.3628 -2.6469
v  -0.5675 0.3688 -2.6457
v  -0.5458 0.3633 -2.6450
v  -0.5300 0.3471 -2.6447
v  -0.5244 0.3252 -2.6451
v  -0.5301 0.3033 -2.6460
v  -0.5458 0.2876 -2.6472
v  -0.5680 0.2822 -2.6484
v  -1.7274 0.9512 -2.7622
v  -1.7337 0.9734 -2.7621
v  -1.7149 0.9746 -2.7626
v  -1.7124 0.9604 -2.7624
v  -1.7272 0.9983 -2.7622
v  -1.7108 0.9888 -2.7624
v  -1.7103 1.0149 -2.7625
v  -1.7010 0.9977 -2.7628
v  -1.6884 1.0207 -2.7629
v  -1.6879 1.0014 -2.7628
v  -1.6664 1.0149 -2.7632
v  -1.6740 0.9975 -2.7630
v  -1.6486 0.9983 -2.7634
v  -1.6640 0.9883 -2.7632
v  -1.6417 0.9747 -2.7635
v  -1.6607 0.9747 -2.7632
v  -1.6478 0.9517 -2.7634
v  -1.6646 0.9607 -2.7631
v  -1.6655 0.9339 -2.7631
v  -1.6743 0.9506 -2.7630
v  -1.6868 0.9284 -2.7627
v  -1.6881 0.9467 -2.7627
v  -1.7108 0.9345 -2.7624
v  -1.7016 0.9511 -2.7626
v  -1.7334 0.9483 -2.7577
v  -1.7403 0.9742 -2.7575
v  -1.7332 1.0007 -2.7580
v  -1.7141 1.0199 -2.7582
v  -1.6882 1.0270 -2.7585
v  -1.6620 1.0204 -2.7590
v  -1.6427 1.0013 -2.7592
v  -1.6352 0.9749 -2.7592
v  -1.6421 0.9484 -2.7591
v  -1.6619 0.9286 -2.7587
v  -1.6880 0.9212 -2.7557
v  -1.7143 0.9290 -2.7578
v  -1.7350 0.9476 -2.7516
v  -1.7420 0.9747 -2.7522
v  -1.7347 1.0016 -2.7521
v  -1.7151 1.0214 -2.7519
v  -1.6881 1.0289 -2.7515
v  -1.6607 1.0220 -2.7509
v  -1.6405 1.0023 -2.7504
v  -1.6328 0.9748 -2.7500
v  -1.6401 0.9470 -2.7500
v  -1.6606 0.9268 -2.7501
v  -1.7154 0.9275 -2.7512
v  -1.7394 0.9461 -2.7013
v  -1.7469 0.9762 -2.7014
v  -1.7383 1.0054 -2.7012
v  -1.7158 1.0268 -2.7013
v  -1.6867 1.0344 -2.7008
v  -1.6572 1.0268 -2.7003
v  -1.6355 1.0054 -2.6995
v  -1.6271 0.9766 -2.6992
v  -1.6338 0.9457 -2.6988
v  -1.6562 0.9226 -2.6990
v  -1.6875 0.9147 -2.6991
v  -1.7176 0.9230 -2.7000
v  -1.7325 0.9760 -2.6508
v  -1.7269 0.9544 -2.6507
v  -1.7273 0.9981 -2.6505
v  -1.7116 1.0140 -2.6496
v  -1.6896 1.0195 -2.6485
v  -1.6676 1.0136 -2.6474
v  -1.6515 0.9981 -2.6468
v  -1.6459 0.9761 -2.6467
v  -1.6520 0.9543 -2.6471
v  -1.6679 0.9383 -2.6480
v  -1.6894 0.9325 -2.6491
v  -1.7113 0.9389 -2.6501
v  -1.1655 0.6258 -2.7606
v  -1.1718 0.6480 -2.7607
v  -1.1530 0.6492 -2.7611
v  -1.1504 0.6351 -2.7608
v  -1.1653 0.6729 -2.7609
v  -1.1488 0.6635 -2.7609
v  -1.1483 0.6895 -2.7611
v  -1.1391 0.6723 -2.7613
v  -1.1265 0.6953 -2.7613
v  -1.1260 0.6760 -2.7612
v  -1.1044 0.6895 -2.7615
v  -1.1121 0.6722 -2.7613
v  -1.0867 0.6729 -2.7616
v  -1.1020 0.6629 -2.7614
v  -1.0797 0.6493 -2.7615
v  -1.0988 0.6493 -2.7613
v  -1.0859 0.6263 -2.7613
v  -1.1026 0.6353 -2.7612
v  -1.1036 0.6085 -2.7611
v  -1.1124 0.6252 -2.7611
v  -1.1249 0.6030 -2.7609
v  -1.1262 0.6213 -2.7609
v  -1.1489 0.6091 -2.7607
v  -1.1396 0.6257 -2.7609
v  -1.1715 0.6229 -2.7562
v  -1.1784 0.6488 -2.7561
v  -1.1713 0.6753 -2.7566
v  -1.1522 0.6945 -2.7568
v  -1.1263 0.7016 -2.7570
v  -1.1001 0.6950 -2.7573
v  -1.0808 0.6760 -2.7573
v  -1.0733 0.6495 -2.7572
v  -1.0802 0.6230 -2.7570
v  -1.1000 0.6032 -2.7567
v  -1.1261 0.5958 -2.7538
v  -1.1524 0.6036 -2.7561
v  -1.1732 0.6222 -2.7500
v  -1.1801 0.6494 -2.7508
v  -1.1728 0.6763 -2.7507
v  -1.1532 0.6961 -2.7506
v  -1.1262 0.7036 -2.7500
v  -1.0989 0.6966 -2.7492
v  -1.0786 0.6769 -2.7485
v  -1.0709 0.6494 -2.7479
v  -1.0783 0.6217 -2.7479
v  -1.0987 0.6014 -2.7481
v  -1.1535 0.6022 -2.7495
v  -1.1778 0.6209 -2.6998
v  -1.1853 0.6510 -2.7000
v  -1.1766 0.6802 -2.6999
v  -1.1542 0.7016 -2.7000
v  -1.1251 0.7092 -2.6993
v  -1.0955 0.7016 -2.6985
v  -1.0739 0.6802 -2.6976
v  -1.0655 0.6514 -2.6971
v  -1.0721 0.6205 -2.6967
v  -1.0946 0.5974 -2.6969
v  -1.1258 0.5895 -2.6972
v  -1.1560 0.5977 -2.6983
v  -1.1713 0.6510 -2.6494
v  -1.1656 0.6294 -2.6492
v  -1.1660 0.6731 -2.6491
v  -1.1504 0.6890 -2.6482
v  -1.1284 0.6945 -2.6469
v  -1.1063 0.6887 -2.6457
v  -1.0903 0.6731 -2.6450
v  -1.0847 0.6512 -2.6447
v  -1.0908 0.6294 -2.6451
v  -1.1067 0.6133 -2.6460
v  -1.1281 0.6075 -2.6472
v  -1.1500 0.6139 -2.6484
v  -1.0204 1.6874 -2.7622
v  -1.0148 1.7098 -2.7621
v  -0.9979 1.7015 -2.7626
v  -1.0027 1.6880 -2.7624
v  -0.9966 1.7282 -2.7622
v  -0.9871 1.7117 -2.7624
v  -0.9737 1.7340 -2.7625
v  -0.9743 1.7145 -2.7628
v  -0.9519 1.7282 -2.7629
v  -0.9611 1.7112 -2.7628
v  -0.9357 1.7121 -2.7632
v  -0.9510 1.7009 -2.7630
v  -0.9286 1.6889 -2.7634
v  -0.9469 1.6878 -2.7632
v  -0.9344 1.6649 -2.7635
v  -0.9509 1.6744 -2.7632
v  -0.9512 1.6481 -2.7634
v  -0.9612 1.6643 -2.7631
v  -0.9754 1.6415 -2.7631
v  -0.9747 1.6604 -2.7630
v  -0.9966 1.6474 -2.7627
v  -0.9886 1.6639 -2.7627
v  -1.0144 1.6647 -2.7624
v  -0.9981 1.6744 -2.7626
v  -1.0270 1.6879 -2.7577
v  -1.0201 1.7138 -2.7575
v  -1.0006 1.7332 -2.7580
v  -0.9745 1.7403 -2.7582
v  -0.9486 1.7335 -2.7585
v  -0.9291 1.7147 -2.7590
v  -0.9219 1.6885 -2.7592
v  -0.9287 1.6619 -2.7592
v  -0.9479 1.6424 -2.7591
v  -0.9749 1.6351 -2.7587
v  -1.0012 1.6417 -2.7557
v  -1.0202 1.6617 -2.7578
v  -1.0288 1.6881 -2.7516
v  -1.0212 1.7151 -2.7522
v  -1.0015 1.7348 -2.7521
v  -0.9746 1.7421 -2.7519
v  -0.9475 1.7351 -2.7515
v  -0.9273 1.7154 -2.7509
v  -0.9195 1.6882 -2.7504
v  -0.9266 1.6605 -2.7500
v  -0.9469 1.6402 -2.7500
v  -0.9747 1.6329 -2.7501
v  -1.0218 1.6610 -2.7512
v  -1.0333 1.6891 -2.7013
v  -1.0248 1.7189 -2.7014
v  -1.0027 1.7399 -2.7012
v  -0.9725 1.7472 -2.7013
v  -0.9435 1.7391 -2.7008
v  -0.9217 1.7178 -2.7003
v  -0.9137 1.6884 -2.6995
v  -0.9208 1.6593 -2.6992
v  -0.9420 1.6359 -2.6988
v  -0.9730 1.6271 -2.6990
v  -1.0040 1.6359 -2.6991
v  -1.0260 1.6581 -2.7000
v  -1.0124 1.7115 -2.6508
v  -1.0183 1.6900 -2.6507
v  -0.9968 1.7280 -2.6505
v  -0.9753 1.7340 -2.6496
v  -0.9535 1.7277 -2.6485
v  -0.9373 1.7116 -2.6474
v  -0.9312 1.6901 -2.6468
v  -0.9373 1.6683 -2.6467
v  -0.9535 1.6525 -2.6471
v  -0.9753 1.6465 -2.6480
v  -0.9968 1.6522 -2.6491
v  -1.0126 1.6688 -2.6501
v  -0.6964 1.1247 -2.7606
v  -0.6908 1.1471 -2.7607
v  -0.6739 1.1387 -2.7611
v  -0.6788 1.1252 -2.7608
v  -0.6727 1.1654 -2.7609
v  -0.6632 1.1490 -2.7609
v  -0.6498 1.1713 -2.7611
v  -0.6503 1.1518 -2.7613
v  -0.6279 1.1654 -2.7613
v  -0.6372 1.1484 -2.7612
v  -0.6117 1.1493 -2.7615
v  -0.6270 1.1381 -2.7613
v  -0.6046 1.1261 -2.7616
v  -0.6229 1.1251 -2.7614
v  -0.6104 1.1022 -2.7615
v  -0.6269 1.1117 -2.7613
v  -0.6273 1.0853 -2.7613
v  -0.6372 1.1015 -2.7612
v  -0.6514 1.0788 -2.7611
v  -0.6507 1.0977 -2.7611
v  -0.6727 1.0847 -2.7609
v  -0.6647 1.1011 -2.7609
v  -0.6904 1.1020 -2.7607
v  -0.6741 1.1117 -2.7609
v  -0.7030 1.1252 -2.7562
v  -0.6962 1.1511 -2.7561
v  -0.6767 1.1705 -2.7566
v  -0.6506 1.1776 -2.7568
v  -0.6246 1.1708 -2.7570
v  -0.6052 1.1520 -2.7573
v  -0.5980 1.1258 -2.7573
v  -0.6048 1.0991 -2.7572
v  -0.6240 1.0797 -2.7570
v  -0.6510 1.0724 -2.7567
v  -0.6773 1.0790 -2.7538
v  -0.6962 1.0990 -2.7561
v  -0.7049 1.1255 -2.7500
v  -0.6973 1.1524 -2.7508
v  -0.6776 1.1721 -2.7507
v  -0.6507 1.1794 -2.7506
v  -0.6235 1.1724 -2.7500
v  -0.6033 1.1527 -2.7492
v  -0.5956 1.1255 -2.7485
v  -0.6027 1.0979 -2.7479
v  -0.6230 1.0776 -2.7479
v  -0.6508 1.0702 -2.7481
v  -0.6979 1.0983 -2.7495
v  -0.7095 1.1266 -2.6998
v  -0.7010 1.1564 -2.7000
v  -0.6789 1.1774 -2.6999
v  -0.6487 1.1847 -2.7000
v  -0.6198 1.1767 -2.6993
v  -0.5980 1.1554 -2.6985
v  -0.5899 1.1260 -2.6976
v  -0.5970 1.0969 -2.6971
v  -0.6182 1.0734 -2.6967
v  -0.6492 1.0646 -2.6969
v  -0.6803 1.0734 -2.6972
v  -0.7022 1.0956 -2.6983
v  -0.6889 1.1495 -2.6494
v  -0.6947 1.1279 -2.6492
v  -0.6733 1.1659 -2.6491
v  -0.6517 1.1719 -2.6482
v  -0.6300 1.1657 -2.6469
v  -0.6138 1.1496 -2.6457
v  -0.6077 1.1281 -2.6450
v  -0.6138 1.1063 -2.6447
v  -0.6300 1.0905 -2.6451
v  -0.6517 1.0845 -2.6460
v  -0.6733 1.0902 -2.6472
v  -0.6890 1.1067 -2.6484
v  -0.0400 1.9716 -2.7622
v  -0.0239 1.9881 -2.7621
v  -0.0134 1.9725 -2.7626
v  -0.0244 1.9632 -2.7624
v  0.0010 1.9950 -2.7622
v  0.0010 1.9760 -2.7624
v  0.0238 1.9886 -2.7625
v  0.0135 1.9720 -2.7628
v  0.0397 1.9726 -2.7629
v  0.0232 1.9625 -2.7628
v  0.0458 1.9506 -2.7632
v  0.0269 1.9485 -2.7630
v  0.0403 1.9269 -2.7634
v  0.0239 1.9352 -2.7632
v  0.0233 1.9091 -2.7635
v  0.0137 1.9255 -2.7632
v  0.0003 1.9029 -2.7634
v  -0.0003 1.9219 -2.7631
v  -0.0240 1.9093 -2.7631
v  -0.0139 1.9253 -2.7630
v  -0.0394 1.9250 -2.7627
v  -0.0242 1.9353 -2.7627
v  -0.0461 1.9489 -2.7624
v  -0.0271 1.9491 -2.7626
v  -0.0454 1.9753 -2.7577
v  -0.0265 1.9943 -2.7575
v  0.0000 2.0013 -2.7580
v  0.0262 1.9944 -2.7582
v  0.0453 1.9755 -2.7585
v  0.0527 1.9495 -2.7590
v  0.0458 1.9233 -2.7592
v  0.0267 1.9036 -2.7592
v  0.0003 1.8963 -2.7591
v  -0.0267 1.9035 -2.7587
v  -0.0462 1.9224 -2.7557
v  -0.0526 1.9492 -2.7578
v  -0.0469 1.9764 -2.7516
v  -0.0269 1.9960 -2.7522
v  0.0001 2.0031 -2.7521
v  0.0270 1.9960 -2.7519
v  0.0470 1.9764 -2.7515
v  0.0547 1.9492 -2.7509
v  0.0478 1.9218 -2.7504
v  0.0278 1.9014 -2.7500
v  0.0001 1.8939 -2.7500
v  -0.0277 1.9015 -2.7501
v  -0.0545 1.9493 -2.7512
v  -0.0503 1.9794 -2.7013
v  -0.0280 2.0010 -2.7014
v  0.0016 2.0081 -2.7012
v  0.0314 1.9994 -2.7013
v  0.0524 1.9779 -2.7008
v  0.0607 1.9485 -2.7003
v  0.0529 1.9191 -2.6995
v  0.0322 1.8974 -2.6992
v  0.0021 1.8877 -2.6988
v  -0.0291 1.8956 -2.6990
v  -0.0516 1.9187 -2.6991
v  -0.0595 1.9489 -2.7000
v  -0.0210 1.9884 -2.6508
v  -0.0369 1.9727 -2.6507
v  0.0007 1.9949 -2.6505
v  0.0224 1.9893 -2.6496
v  0.0381 1.9730 -2.6485
v  0.0441 1.9510 -2.6474
v  0.0386 1.9293 -2.6468
v  0.0224 1.9135 -2.6467
v  0.0005 1.9079 -2.6471
v  -0.0214 1.9136 -2.6480
v  -0.0372 1.9293 -2.6491
v  -0.0425 1.9515 -2.6501
v  -0.0408 1.3222 -2.7606
v  -0.0247 1.3388 -2.7607
v  -0.0143 1.3231 -2.7611
v  -0.0253 1.3138 -2.7608
v  0.0002 1.3456 -2.7609
v  0.0002 1.3266 -2.7609
v  0.0229 1.3392 -2.7611
v  0.0127 1.3226 -2.7613
v  0.0389 1.3232 -2.7613
v  0.0224 1.3131 -2.7612
v  0.0449 1.3012 -2.7615
v  0.0261 1.2992 -2.7613
v  0.0394 1.2776 -2.7616
v  0.0231 1.2858 -2.7614
v  0.0225 1.2597 -2.7615
v  0.0129 1.2762 -2.7613
v  -0.0006 1.2536 -2.7613
v  -0.0011 1.2726 -2.7612
v  -0.0248 1.2600 -2.7611
v  -0.0147 1.2760 -2.7611
v  -0.0402 1.2757 -2.7609
v  -0.0251 1.2860 -2.7609
v  -0.0469 1.2995 -2.7607
v  -0.0279 1.2998 -2.7609
v  -0.0463 1.3260 -2.7562
v  -0.0273 1.3450 -2.7561
v  -0.0008 1.3520 -2.7566
v  0.0254 1.3451 -2.7568
v  0.0444 1.3262 -2.7570
v  0.0519 1.3002 -2.7573
v  0.0450 1.2740 -2.7573
v  0.0258 1.2542 -2.7572
v  -0.0006 1.2470 -2.7570
v  -0.0276 1.2542 -2.7567
v  -0.0471 1.2731 -2.7538
v  -0.0535 1.2999 -2.7561
v  -0.0477 1.3271 -2.7500
v  -0.0277 1.3467 -2.7508
v  -0.0008 1.3538 -2.7507
v  0.0262 1.3468 -2.7506
v  0.0462 1.3271 -2.7500
v  0.0539 1.3000 -2.7492
v  0.0469 1.2726 -2.7485
v  0.0269 1.2522 -2.7479
v  -0.0007 1.2447 -2.7479
v  -0.0285 1.2522 -2.7481
v  -0.0553 1.3001 -2.7495
v  -0.0512 1.3304 -2.6998
v  -0.0289 1.3520 -2.7000
v  0.0008 1.3591 -2.6999
v  0.0305 1.3504 -2.7000
v  0.0516 1.3289 -2.6993
v  0.0598 1.2995 -2.6985
v  0.0521 1.2701 -2.6976
v  0.0314 1.2484 -2.6971
v  0.0013 1.2387 -2.6967
v  -0.0299 1.2466 -2.6969
v  -0.0524 1.2698 -2.6972
v  -0.0603 1.3000 -2.6983
v  -0.0218 1.3399 -2.6494
v  -0.0377 1.3242 -2.6492
v  -0.0001 1.3463 -2.6491
v  0.0215 1.3408 -2.6482
v  0.0372 1.3245 -2.6469
v  0.0432 1.3024 -2.6457
v  0.0378 1.2808 -2.6450
v  0.0216 1.2649 -2.6447
v  -0.0004 1.2594 -2.6451
v  -0.0222 1.2651 -2.6460
v  -0.0380 1.2807 -2.6472
v  -0.0434 1.3029 -2.6484
v  0.9512 1.7274 -2.7622
v  0.9734 1.7337 -2.7621
v  0.9746 1.7149 -2.7626
v  0.9604 1.7124 -2.7624
v  0.9983 1.7272 -2.7622
v  0.9888 1.7108 -2.7624
v  1.0149 1.7103 -2.7625
v  0.9977 1.7010 -2.7628
v  1.0207 1.6884 -2.7629
v  1.0014 1.6879 -2.7628
v  1.0149 1.6664 -2.7632
v  0.9975 1.6740 -2.7630
v  0.9983 1.6486 -2.7634
v  0.9883 1.6640 -2.7632
v  0.9747 1.6417 -2.7635
v  0.9747 1.6607 -2.7632
v  0.9517 1.6478 -2.7634
v  0.9607 1.6646 -2.7631
v  0.9339 1.6655 -2.7631
v  0.9506 1.6743 -2.7630
v  0.9284 1.6868 -2.7627
v  0.9467 1.6881 -2.7627
v  0.9345 1.7108 -2.7624
v  0.9511 1.7016 -2.7626
v  0.9483 1.7334 -2.7577
v  0.9742 1.7403 -2.7575
v  1.0007 1.7332 -2.7580
v  1.0199 1.7141 -2.7582
v  1.0270 1.6882 -2.7585
v  1.0204 1.6620 -2.7590
v  1.0013 1.6427 -2.7592
v  0.9749 1.6352 -2.7592
v  0.9484 1.6421 -2.7591
v  0.9286 1.6619 -2.7587
v  0.9212 1.6880 -2.7557
v  0.9290 1.7143 -2.7578
v  0.9476 1.7350 -2.7516
v  0.9747 1.7420 -2.7522
v  1.0016 1.7347 -2.7521
v  1.0214 1.7151 -2.7519
v  1.0289 1.6881 -2.7515
v  1.0220 1.6607 -2.7509
v  1.0023 1.6405 -2.7504
v  0.9748 1.6328 -2.7500
v  0.9470 1.6401 -2.7500
v  0.9268 1.6606 -2.7501
v  0.9275 1.7154 -2.7512
v  0.9461 1.7394 -2.7013
v  0.9762 1.7469 -2.7014
v  1.0054 1.7383 -2.7012
v  1.0269 1.7158 -2.7013
v  1.0344 1.6867 -2.7008
v  1.0268 1.6572 -2.7003
v  1.0054 1.6355 -2.6995
v  0.9766 1.6271 -2.6992
v  0.9457 1.6338 -2.6988
v  0.9226 1.6562 -2.6990
v  0.9147 1.6875 -2.6991
v  0.9230 1.7176 -2.7000
v  0.9760 1.7325 -2.6508
v  0.9544 1.7269 -2.6507
v  0.9981 1.7273 -2.6505
v  1.0140 1.7116 -2.6496
v  1.0195 1.6896 -2.6485
v  1.0136 1.6676 -2.6474
v  0.9981 1.6515 -2.6468
v  0.9761 1.6459 -2.6467
v  0.9543 1.6520 -2.6471
v  0.9383 1.6679 -2.6480
v  0.9325 1.6894 -2.6491
v  0.9389 1.7113 -2.6501
v  0.6258 1.1655 -2.7606
v  0.6480 1.1718 -2.7607
v  0.6492 1.1530 -2.7611
v  0.6351 1.1504 -2.7608
v  0.6729 1.1653 -2.7609
v  0.6635 1.1488 -2.7609
v  0.6895 1.1483 -2.7611
v  0.6723 1.1391 -2.7613
v  0.6953 1.1265 -2.7613
v  0.6760 1.1260 -2.7612
v  0.6895 1.1044 -2.7615
v  0.6722 1.1121 -2.7613
v  0.6729 1.0867 -2.7616
v  0.6629 1.1020 -2.7614
v  0.6493 1.0797 -2.7615
v  0.6493 1.0988 -2.7613
v  0.6263 1.0859 -2.7613
v  0.6353 1.1026 -2.7612
v  0.6085 1.1036 -2.7611
v  0.6252 1.1124 -2.7611
v  0.6030 1.1249 -2.7609
v  0.6213 1.1262 -2.7609
v  0.6091 1.1489 -2.7607
v  0.6257 1.1396 -2.7609
v  0.6229 1.1715 -2.7562
v  0.6488 1.1784 -2.7561
v  0.6753 1.1713 -2.7566
v  0.6945 1.1522 -2.7568
v  0.7016 1.1263 -2.7570
v  0.6950 1.1001 -2.7573
v  0.6760 1.0808 -2.7573
v  0.6495 1.0733 -2.7572
v  0.6230 1.0802 -2.7570
v  0.6032 1.1000 -2.7567
v  0.5958 1.1261 -2.7538
v  0.6036 1.1524 -2.7561
v  0.6222 1.1732 -2.7500
v  0.6494 1.1801 -2.7508
v  0.6763 1.1728 -2.7507
v  0.6961 1.1532 -2.7506
v  0.7036 1.1262 -2.7500
v  0.6966 1.0989 -2.7492
v  0.6769 1.0786 -2.7485
v  0.6494 1.0709 -2.7479
v  0.6217 1.0783 -2.7479
v  0.6014 1.0987 -2.7481
v  0.6022 1.1535 -2.7495
v  0.6209 1.1778 -2.6998
v  0.6510 1.1853 -2.7000
v  0.6802 1.1766 -2.6999
v  0.7016 1.1542 -2.7000
v  0.7092 1.1251 -2.6993
v  0.7016 1.0955 -2.6985
v  0.6802 1.0739 -2.6976
v  0.6514 1.0655 -2.6971
v  0.6205 1.0721 -2.6967
v  0.5974 1.0946 -2.6969
v  0.5895 1.1258 -2.6972
v  0.5977 1.1560 -2.6983
v  0.6510 1.1713 -2.6494
v  0.6294 1.1656 -2.6492
v  0.6731 1.1660 -2.6491
v  0.6890 1.1504 -2.6482
v  0.6945 1.1284 -2.6469
v  0.6887 1.1063 -2.6457
v  0.6731 1.0903 -2.6450
v  0.6512 1.0847 -2.6447
v  0.6294 1.0908 -2.6451
v  0.6133 1.1067 -2.6460
v  0.6075 1.1281 -2.6472
v  0.6139 1.1500 -2.6484
v  1.6874 1.0204 -2.7622
v  1.7098 1.0148 -2.7621
v  1.7015 0.9979 -2.7626
v  1.6880 1.0027 -2.7624
v  1.7282 0.9966 -2.7622
v  1.7117 0.9871 -2.7624
v  1.7340 0.9737 -2.7625
v  1.7145 0.9743 -2.7628
v  1.7282 0.9519 -2.7629
v  1.7112 0.9611 -2.7628
v  1.7121 0.9357 -2.7632
v  1.7009 0.9510 -2.7630
v  1.6889 0.9286 -2.7634
v  1.6878 0.9469 -2.7632
v  1.6649 0.9344 -2.7635
v  1.6744 0.9509 -2.7632
v  1.6481 0.9512 -2.7634
v  1.6643 0.9612 -2.7631
v  1.6415 0.9754 -2.7631
v  1.6604 0.9747 -2.7630
v  1.6474 0.9966 -2.7627
v  1.6639 0.9886 -2.7627
v  1.6647 1.0144 -2.7624
v  1.6744 0.9981 -2.7626
v  1.6879 1.0270 -2.7577
v  1.7138 1.0201 -2.7575
v  1.7332 1.0006 -2.7580
v  1.7403 0.9745 -2.7582
v  1.7335 0.9486 -2.7585
v  1.7147 0.9291 -2.7590
v  1.6885 0.9219 -2.7592
v  1.6619 0.9287 -2.7592
v  1.6424 0.9479 -2.7591
v  1.6351 0.9749 -2.7587
v  1.6417 1.0012 -2.7557
v  1.6617 1.0202 -2.7578
v  1.6881 1.0288 -2.7516
v  1.7151 1.0212 -2.7522
v  1.7348 1.0015 -2.7521
v  1.7421 0.9746 -2.7519
v  1.7351 0.9475 -2.7515
v  1.7154 0.9273 -2.7509
v  1.6882 0.9195 -2.7504
v  1.6605 0.9266 -2.7500
v  1.6402 0.9469 -2.7500
v  1.6329 0.9747 -2.7501
v  1.6610 1.0218 -2.7512
v  1.6891 1.0333 -2.7013
v  1.7189 1.0248 -2.7014
v  1.7399 1.0027 -2.7012
v  1.7472 0.9725 -2.7013
v  1.7391 0.9435 -2.7008
v  1.7178 0.9217 -2.7003
v  1.6884 0.9137 -2.6995
v  1.6593 0.9208 -2.6992
v  1.6359 0.9420 -2.6988
v  1.6271 0.9730 -2.6990
v  1.6359 1.0040 -2.6991
v  1.6581 1.0260 -2.7000
v  1.7115 1.0124 -2.6508
v  1.6900 1.0183 -2.6507
v  1.7280 0.9968 -2.6505
v  1.7340 0.9753 -2.6496
v  1.7277 0.9535 -2.6485
v  1.7116 0.9373 -2.6474
v  1.6901 0.9312 -2.6468
v  1.6683 0.9373 -2.6467
v  1.6525 0.9535 -2.6471
v  1.6465 0.9753 -2.6480
v  1.6522 0.9968 -2.6491
v  1.6688 1.0126 -2.6501
v  1.1247 0.6964 -2.7606
v  1.1471 0.6908 -2.7607
v  1.1387 0.6739 -2.7611
v  1.1252 0.6788 -2.7608
v  1.1654 0.6727 -2.7609
v  1.1490 0.6632 -2.7609
v  1.1713 0.6498 -2.7611
v  1.1518 0.6503 -2.7613
v  1.1654 0.6279 -2.7613
v  1.1484 0.6372 -2.7612
v  1.1493 0.6117 -2.7615
v  1.1381 0.6270 -2.7613
v  1.1261 0.6046 -2.7616
v  1.1251 0.6229 -2.7614
v  1.1022 0.6104 -2.7615
v  1.1117 0.6269 -2.7613
v  1.0853 0.6273 -2.7613
v  1.1015 0.6372 -2.7612
v  1.0788 0.6514 -2.7611
v  1.0977 0.6507 -2.7611
v  1.0847 0.6727 -2.7609
v  1.1011 0.6647 -2.7609
v  1.1020 0.6904 -2.7607
v  1.1117 0.6741 -2.7609
v  1.1252 0.7030 -2.7562
v  1.1511 0.6962 -2.7561
v  1.1705 0.6767 -2.7566
v  1.1776 0.6506 -2.7568
v  1.1708 0.6246 -2.7570
v  1.1520 0.6052 -2.7573
v  1.1258 0.5980 -2.7573
v  1.0991 0.6048 -2.7572
v  1.0797 0.6240 -2.7570
v  1.0724 0.6510 -2.7567
v  1.0790 0.6773 -2.7538
v  1.0990 0.6962 -2.7561
v  1.1255 0.7049 -2.7500
v  1.1524 0.6973 -2.7508
v  1.1721 0.6776 -2.7507
v  1.1794 0.6507 -2.7506
v  1.1724 0.6235 -2.7500
v  1.1527 0.6033 -2.7492
v  1.1255 0.5956 -2.7485
v  1.0979 0.6027 -2.7479
v  1.0776 0.6230 -2.7479
v  1.0702 0.6508 -2.7481
v  1.0983 0.6979 -2.7495
v  1.1266 0.7095 -2.6998
v  1.1564 0.7010 -2.7000
v  1.1774 0.6789 -2.6999
v  1.1847 0.6487 -2.7000
v  1.1767 0.6198 -2.6993
v  1.1554 0.5980 -2.6985
v  1.1260 0.5899 -2.6976
v  1.0969 0.5970 -2.6971
v  1.0734 0.6182 -2.6967
v  1.0646 0.6492 -2.6969
v  1.0734 0.6803 -2.6972
v  1.0956 0.7022 -2.6983
v  1.1495 0.6889 -2.6494
v  1.1279 0.6947 -2.6492
v  1.1659 0.6733 -2.6491
v  1.1719 0.6517 -2.6482
v  1.1657 0.6300 -2.6469
v  1.1496 0.6138 -2.6457
v  1.1281 0.6077 -2.6450
v  1.1063 0.6138 -2.6447
v  1.0905 0.6300 -2.6451
v  1.0845 0.6517 -2.6460
v  1.0902 0.6733 -2.6472
v  1.1067 0.6890 -2.6484
v  1.9716 0.0400 -2.7622
v  1.9881 0.0239 -2.7621
v  1.9725 0.0134 -2.7626
v  1.9632 0.0244 -2.7624
v  1.9950 -0.0010 -2.7622
v  1.9760 -0.0010 -2.7624
v  1.9886 -0.0238 -2.7625
v  1.9720 -0.0135 -2.7628
v  1.9726 -0.0397 -2.7629
v  1.9625 -0.0232 -2.7628
v  1.9506 -0.0458 -2.7632
v  1.9485 -0.0269 -2.7630
v  1.9269 -0.0403 -2.7634
v  1.9352 -0.0239 -2.7632
v  1.9091 -0.0233 -2.7635
v  1.9255 -0.0137 -2.7632
v  1.9029 -0.0003 -2.7634
v  1.9219 0.0003 -2.7631
v  1.9093 0.0240 -2.7631
v  1.9253 0.0139 -2.7630
v  1.9250 0.0394 -2.7627
v  1.9353 0.0242 -2.7627
v  1.9489 0.0461 -2.7624
v  1.9491 0.0271 -2.7626
v  1.9753 0.0454 -2.7577
v  1.9943 0.0265 -2.7575
v  2.0013 -0.0000 -2.7580
v  1.9944 -0.0262 -2.7582
v  1.9755 -0.0453 -2.7585
v  1.9495 -0.0527 -2.7590
v  1.9233 -0.0458 -2.7592
v  1.9036 -0.0267 -2.7592
v  1.8963 -0.0003 -2.7591
v  1.9035 0.0267 -2.7587
v  1.9224 0.0462 -2.7557
v  1.9492 0.0526 -2.7578
v  1.9764 0.0469 -2.7516
v  1.9960 0.0269 -2.7522
v  2.0031 -0.0001 -2.7521
v  1.9960 -0.0270 -2.7519
v  1.9764 -0.0470 -2.7515
v  1.9492 -0.0547 -2.7509
v  1.9218 -0.0478 -2.7504
v  1.9014 -0.0278 -2.7500
v  1.8939 -0.0001 -2.7500
v  1.9015 0.0277 -2.7501
v  1.9493 0.0545 -2.7512
v  1.9794 0.0503 -2.7013
v  2.0010 0.0280 -2.7014
v  2.0081 -0.0016 -2.7012
v  1.9994 -0.0314 -2.7013
v  1.9779 -0.0524 -2.7008
v  1.9485 -0.0607 -2.7003
v  1.9191 -0.0529 -2.6995
v  1.8974 -0.0322 -2.6992
v  1.8877 -0.0021 -2.6988
v  1.8956 0.0291 -2.6990
v  1.9187 0.0516 -2.6991
v  1.9489 0.0595 -2.7000
v  1.9884 0.0210 -2.6508
v  1.9727 0.0369 -2.6507
v  1.9949 -0.0007 -2.6505
v  1.9893 -0.0224 -2.6496
v  1.9730 -0.0381 -2.6485
v  1.9510 -0.0441 -2.6474
v  1.9293 -0.0386 -2.6468
v  1.9135 -0.0224 -2.6467
v  1.9079 -0.0005 -2.6471
v  1.9136 0.0214 -2.6480
v  1.9293 0.0372 -2.6491
v  1.9515 0.0425 -2.6501
v  1.3222 0.0408 -2.7606
v  1.3388 0.0247 -2.7607
v  1.3231 0.0143 -2.7611
v  1.3138 0.0253 -2.7608
v  1.3456 -0.0002 -2.7609
v  1.3266 -0.0002 -2.7609
v  1.3392 -0.0229 -2.7611
v  1.3226 -0.0127 -2.7613
v  1.3232 -0.0389 -2.7613
v  1.3131 -0.0224 -2.7612
v  1.3012 -0.0449 -2.7615
v  1.2992 -0.0261 -2.7613
v  1.2776 -0.0394 -2.7616
v  1.2858 -0.0230 -2.7614
v  1.2597 -0.0225 -2.7615
v  1.2762 -0.0129 -2.7613
v  1.2536 0.0006 -2.7613
v  1.2726 0.0011 -2.7612
v  1.2600 0.0248 -2.7611
v  1.2760 0.0147 -2.7611
v  1.2757 0.0402 -2.7609
v  1.2860 0.0251 -2.7609
v  1.2995 0.0469 -2.7607
v  1.2998 0.0279 -2.7609
v  1.3260 0.0463 -2.7562
v  1.3450 0.0273 -2.7561
v  1.3520 0.0008 -2.7566
v  1.3451 -0.0254 -2.7568
v  1.3262 -0.0444 -2.7570
v  1.3002 -0.0519 -2.7573
v  1.2740 -0.0450 -2.7573
v  1.2542 -0.0258 -2.7572
v  1.2470 0.0006 -2.7570
v  1.2542 0.0276 -2.7567
v  1.2731 0.0471 -2.7538
v  1.2999 0.0535 -2.7561
v  1.3271 0.0477 -2.7500
v  1.3467 0.0277 -2.7508
v  1.3538 0.0008 -2.7507
v  1.3468 -0.0262 -2.7506
v  1.3271 -0.0462 -2.7500
v  1.3000 -0.0539 -2.7492
v  1.2726 -0.0469 -2.7485
v  1.2522 -0.0269 -2.7479
v  1.2447 0.0007 -2.7479
v  1.2522 0.0285 -2.7481
v  1.3001 0.0553 -2.7495
v  1.3304 0.0512 -2.6998
v  1.3520 0.0289 -2.7000
v  1.3591 -0.0008 -2.6999
v  1.3504 -0.0305 -2.7000
v  1.3289 -0.0516 -2.6993
v  1.2995 -0.0598 -2.6985
v  1.2701 -0.0521 -2.6976
v  1.2484 -0.0314 -2.6971
v  1.2387 -0.0013 -2.6967
v  1.2466 0.0299 -2.6969
v  1.2698 0.0524 -2.6972
v  1.3000 0.0603 -2.6983
v  1.3399 0.0218 -2.6494
v  1.3242 0.0377 -2.6492
v  1.3463 0.0001 -2.6491
v  1.3408 -0.0215 -2.6482
v  1.3245 -0.0372 -2.6469
v  1.3024 -0.0432 -2.6457
v  1.2808 -0.0378 -2.6450
v  1.2649 -0.0216 -2.6447
v  1.2594 0.0004 -2.6451
v  1.2651 0.0222 -2.6460
v  1.2807 0.0380 -2.6472
v  1.3029 0.0434 -2.6484
v  1.7274 -0.9512 -2.7622
v  1.7337 -0.9734 -2.7621
v  1.7149 -0.9746 -2.7626
v  1.7124 -0.9604 -2.7624
v  1.7272 -0.9983 -2.7622
v  1.7108 -0.9888 -2.7624
v  1.7103 -1.0149 -2.7625
v  1.7010 -0.9977 -2.7628
v  1.6884 -1.0207 -2.7629
v  1.6879 -1.0014 -2.7628
v  1.6664 -1.0149 -2.7632
v  1.6740 -0.9975 -2.7630
v  1.6486 -0.9983 -2.7634
v  1.6640 -0.9883 -2.7632
v  1.6417 -0.9747 -2.7635
v  1.6607 -0.9747 -2.7632
v  1.6478 -0.9517 -2.7634
v  1.6646 -0.9607 -2.7631
v  1.6655 -0.9339 -2.7631
v  1.6743 -0.9506 -2.7630
v  1.6868 -0.9284 -2.7627
v  1.6881 -0.9467 -2.7627
v  1.7108 -0.9345 -2.7624
v  1.7016 -0.9511 -2.7626
v  1.7334 -0.9483 -2.7577
v  1.7403 -0.9742 -2.7575
v  1.7332 -1.0007 -2.7580
v  1.7141 -1.0199 -2.7582
v  1.6882 -1.0270 -2.7585
v  1.6620 -1.0204 -2.7590
v  1.6427 -1.0013 -2.7592
v  1.6352 -0.9749 -2.7592
v  1.6421 -0.9484 -2.7591
v  1.6619 -0.9286 -2.7587
v  1.6880 -0.9212 -2.7557
v  1.7143 -0.9290 -2.7578
v  1.7350 -0.9476 -2.7516
v  1.7420 -0.9747 -2.7522
v  1.7347 -1.0016 -2.7521
v  1.7151 -1.0214 -2.7519
v  1.6881 -1.0289 -2.7515
v  1.6607 -1.0220 -2.7509
v  1.6405 -1.0023 -2.7504
v  1.6328 -0.9748 -2.7500
v  1.6401 -0.9470 -2.7500
v  1.6606 -0.9268 -2.7501
v  1.7154 -0.9275 -2.7512
v  1.7394 -0.9461 -2.7013
v  1.7469 -0.9762 -2.7014
v  1.7383 -1.0054 -2.7012
v  1.7158 -1.0268 -2.7013
v  1.6867 -1.0344 -2.7008
v  1.6572 -1.0268 -2.7003
v  1.6355 -1.0054 -2.6995
v  1.6271 -0.9766 -2.6992
v  1.6338 -0.9457 -2.6988
v  1.6562 -0.9226 -2.6990
v  1.6875 -0.9147 -2.6991
v  1.7176 -0.9230 -2.7000
v  1.7325 -0.9760 -2.6508
v  1.7269 -0.9544 -2.6507
v  1.7273 -0.9981 -2.6505
v  1.7116 -1.0140 -2.6496
v  1.6896 -1.0195 -2.6485
v  1.6676 -1.0136 -2.6474
v  1.6515 -0.9981 -2.6468
v  1.6459 -0.9761 -2.6467
v  1.6520 -0.9543 -2.6471
v  1.6679 -0.9383 -2.6480
v  1.6894 -0.9325 -2.6491
v  1.7113 -0.9389 -2.6501
v  1.1655 -0.6258 -2.7606
v  1.1718 -0.6480 -2.7607
v  1.1530 -0.6492 -2.7611
v  1.1504 -0.6351 -2.7608
v  1.1653 -0.6729 -2.7609
v  1.1488 -0.6635 -2.7609
v  1.1483 -0.6895 -2.7611
v  1.1391 -0.6723 -2.7613
v  1.1265 -0.6953 -2.7613
v  1.1260 -0.6760 -2.7612
v  1.1044 -0.6895 -2.7615
v  1.1121 -0.6722 -2.7613
v  1.0867 -0.6729 -2.7616
v  1.1020 -0.6629 -2.7614
v  1.0797 -0.6493 -2.7615
v  1.0988 -0.6493 -2.7613
v  1.0859 -0.6263 -2.7613
v  1.1026 -0.6353 -2.7612
v  1.1036 -0.6085 -2.7611
v  1.1124 -0.6252 -2.7611
v  1.1249 -0.6030 -2.7609
v  1.1262 -0.6213 -2.7609
v  1.1489 -0.6091 -2.7607
v  1.1396 -0.6257 -2.7609
v  1.1715 -0.6229 -2.7562
v  1.1784 -0.6488 -2.7561
v  1.1713 -0.6753 -2.7566
v  1.1522 -0.6945 -2.7568
v  1.1263 -0.7016 -2.7570
v  1.1001 -0.6950 -2.7573
v  1.0808 -0.6760 -2.7573
v  1.0733 -0.6495 -2.7572
v  1.0802 -0.6230 -2.7570
v  1.1000 -0.6032 -2.7567
v  1.1261 -0.5958 -2.7538
v  1.1524 -0.6036 -2.7561
v  1.1732 -0.6222 -2.7500
v  1.1801 -0.6494 -2.7508
v  1.1728 -0.6763 -2.7507
v  1.1532 -0.6961 -2.7506
v  1.1262 -0.7036 -2.7500
v  1.0989 -0.6966 -2.7492
v  1.0786 -0.6769 -2.7485
v  1.0709 -0.6494 -2.7479
v  1.0783 -0.6217 -2.7479
v  1.0987 -0.6014 -2.7481
v  1.1535 -0.6022 -2.7495
v  1.1778 -0.6209 -2.6998
v  1.1853 -0.6510 -2.7000
v  1.1766 -0.6802 -2.6999
v  1.1542 -0.7016 -2.7000
v  1.1251 -0.7092 -2.6993
v  1.0955 -0.7016 -2.6985
v  1.0739 -0.6802 -2.6976
v  1.0655 -0.6514 -2.6971
v  1.0721 -0.6205 -2.6967
v  1.0946 -0.5974 -2.6969
v  1.1258 -0.5895 -2.6972
v  1.1560 -0.5977 -2.6983
v  1.1713 -0.6510 -2.6494
v  1.1656 -0.6294 -2.6492
v  1.1660 -0.6731 -2.6491
v  1.1504 -0.6890 -2.6482
v  1.1284 -0.6945 -2.6469
v  1.1063 -0.6887 -2.6457
v  1.0903 -0.6731 -2.6450
v  1.0847 -0.6512 -2.6447
v  1.0908 -0.6294 -2.6451
v  1.1067 -0.6133 -2.6460
v  1.1281 -0.6075 -2.6472
v  1.1500 -0.6139 -2.6484
v  1.0204 -1.6874 -2.7622
v  1.0148 -1.7098 -2.7621
v  0.9979 -1.7015 -2.7626
v  1.0027 -1.6880 -2.7624
v  0.9966 -1.7282 -2.7622
v  0.9871 -1.7117 -2.7624
v  0.9737 -1.7340 -2.7625
v  0.9743 -1.7145 -2.7628
v  0.9519 -1.7282 -2.7629
v  0.9611 -1.7112 -2.7628
v  0.9357 -1.7121 -2.7632
v  0.9510 -1.7009 -2.7630
v  0.9286 -1.6889 -2.7634
v  0.9469 -1.6878 -2.7632
v  0.9344 -1.6649 -2.7635
v  0.9509 -1.6744 -2.7632
v  0.9512 -1.6481 -2.7634
v  0.9612 -1.6643 -2.7631
v  0.9754 -1.6415 -2.7631
v  0.9747 -1.6604 -2.7630
v  0.9966 -1.6474 -2.7627
v  0.9886 -1.6639 -2.7627
v  1.0144 -1.6647 -2.7624
v  0.9981 -1.6744 -2.7626
v  1.0270 -1.6879 -2.7577
v  1.0201 -1.7138 -2.7575
v  1.0006 -1.7332 -2.7580
v  0.9745 -1.7403 -2.7582
v  0.9486 -1.7335 -2.7585
v  0.9291 -1.7147 -2.7590
v  0.9219 -1.6885 -2.7592
v  0.9287 -1.6619 -2.7592
v  0.9479 -1.6424 -2.7591
v  0.9749 -1.6351 -2.7587
v  1.0012 -1.6417 -2.7557
v  1.0202 -1.6617 -2.7578
v  1.0288 -1.6881 -2.7516
v  1.0212 -1.7151 -2.7522
v  1.0015 -1.7348 -2.7521
v  0.9746 -1.7421 -2.7519
v  0.9475 -1.7351 -2.7515
v  0.9273 -1.7154 -2.7509
v  0.9195 -1.6882 -2.7504
v  0.9267 -1.6605 -2.7500
v  0.9469 -1.6402 -2.7500
v  0.9747 -1.6329 -2.7501
v  1.0218 -1.6610 -2.7512
v  1.0333 -1.6891 -2.7013
v  1.0248 -1.7189 -2.7014
v  1.0027 -1.7399 -2.7012
v  0.9725 -1.7472 -2.7013
v  0.9435 -1.7391 -2.7008
v  0.9217 -1.7178 -2.7003
v  0.9137 -1.6884 -2.6995
v  0.9208 -1.6593 -2.6992
v  0.9420 -1.6359 -2.6988
v  0.9730 -1.6271 -2.6990
v  1.0040 -1.6359 -2.6991
v  1.0260 -1.6581 -2.7000
v  1.0124 -1.7115 -2.6508
v  1.0183 -1.6900 -2.6507
v  0.9968 -1.7280 -2.6505
v  0.9753 -1.7340 -2.6496
v  0.9535 -1.7277 -2.6485
v  0.9373 -1.7116 -2.6474
v  0.9312 -1.6901 -2.6468
v  0.9373 -1.6683 -2.6467
v  0.9535 -1.6525 -2.6471
v  0.9753 -1.6465 -2.6480
v  0.9968 -1.6522 -2.6491
v  1.0126 -1.6688 -2.6501
v  0.6964 -1.1247 -2.7606
v  0.6908 -1.1471 -2.7607
v  0.6739 -1.1387 -2.7611
v  0.6788 -1.1252 -2.7608
v  0.6727 -1.1654 -2.7609
v  0.6632 -1.1490 -2.7609
v  0.6498 -1.1713 -2.7611
v  0.6503 -1.1518 -2.7613
v  0.6279 -1.1654 -2.7613
v  0.6372 -1.1484 -2.7612
v  0.6117 -1.1493 -2.7615
v  0.6270 -1.1381 -2.7613
v  0.6046 -1.1261 -2.7616
v  0.6229 -1.1251 -2.7614
v  0.6104 -1.1022 -2.7615
v  0.6269 -1.1117 -2.7613
v  0.6273 -1.0853 -2.7613
v  0.6372 -1.1015 -2.7612
v  0.6514 -1.0788 -2.7611
v  0.6507 -1.0977 -2.7611
v  0.6727 -1.0847 -2.7609
v  0.6647 -1.1011 -2.7609
v  0.6904 -1.1020 -2.7607
v  0.6741 -1.1117 -2.7609
v  0.7030 -1.1252 -2.7562
v  0.6962 -1.1511 -2.7561
v  0.6767 -1.1705 -2.7566
v  0.6506 -1.1776 -2.7568
v  0.6246 -1.1708 -2.7570
v  0.6052 -1.1520 -2.7573
v  0.5980 -1.1258 -2.7573
v  0.6048 -1.0991 -2.7572
v  0.6240 -1.0797 -2.7570
v  0.6510 -1.0724 -2.7567
v  0.6773 -1.0790 -2.7538
v  0.6962 -1.0990 -2.7561
v  0.7049 -1.1255 -2.7500
v  0.6973 -1.1524 -2.7508
v  0.6776 -1.1721 -2.7507
v  0.6507 -1.1794 -2.7506
v  0.6235 -1.1724 -2.7500
v  0.6033 -1.1527 -2.7492
v  0.5956 -1.1255 -2.7485
v  0.6027 -1.0979 -2.7479
v  0.6230 -1.0776 -2.7479
v  0.6508 -1.0702 -2.7481
v  0.6979 -1.0983 -2.7495
v  0.7095 -1.1266 -2.6998
v  0.7010 -1.1564 -2.7000
v  0.6789 -1.1774 -2.6999
v  0.6487 -1.1847 -2.7000
v  0.6198 -1.1767 -2.6993
v  0.5980 -1.1554 -2.6985
v  0.5899 -1.1260 -2.6976
v  0.5970 -1.0969 -2.6971
v  0.6182 -1.0734 -2.6967
v  0.6492 -1.0646 -2.6969
v  0.6803 -1.0734 -2.6972
v  0.7022 -1.0956 -2.6983
v  0.6889 -1.1495 -2.6494
v  0.6948 -1.1279 -2.6492
v  0.6733 -1.1659 -2.6491
v  0.6517 -1.1719 -2.6482
v  0.6300 -1.1657 -2.6469
v  0.6138 -1.1496 -2.6457
v  0.6077 -1.1281 -2.6450
v  0.6138 -1.1063 -2.6447
v  0.6300 -1.0905 -2.6451
v  0.6517 -1.0845 -2.6460
v  0.6733 -1.0902 -2.6472
v  0.6890 -1.1067 -2.6484
v  0.0400 -1.9716 -2.7622
v  0.0239 -1.9881 -2.7621
v  0.0134 -1.9725 -2.7626
v  0.0244 -1.9632 -2.7624
v  -0.0010 -1.9950 -2.7622
v  -0.0010 -1.9760 -2.7624
v  -0.0238 -1.9886 -2.7625
v  -0.0135 -1.9720 -2.7628
v  -0.0397 -1.9726 -2.7629
v  -0.0232 -1.9625 -2.7628
v  -0.0458 -1.9506 -2.7632
v  -0.0269 -1.9485 -2.7630
v  -0.0403 -1.9269 -2.7634
v  -0.0239 -1.9352 -2.7632
v  -0.0233 -1.9091 -2.7635
v  -0.0137 -1.9255 -2.7632
v  -0.0003 -1.9029 -2.7634
v  0.0003 -1.9219 -2.7631
v  0.0240 -1.9093 -2.7631
v  0.0139 -1.9253 -2.7630
v  0.0394 -1.9250 -2.7627
v  0.0242 -1.9353 -2.7627
v  0.0461 -1.9489 -2.7624
v  0.0271 -1.9491 -2.7626
v  0.0454 -1.9753 -2.7577
v  0.0265 -1.9943 -2.7575
v  -0.0000 -2.0013 -2.7580
v  -0.0262 -1.9944 -2.7582
v  -0.0453 -1.9755 -2.7585
v  -0.0527 -1.9495 -2.7590
v  -0.0458 -1.9233 -2.7592
v  -0.0267 -1.9036 -2.7592
v  -0.0003 -1.8963 -2.7591
v  0.0267 -1.9035 -2.7587
v  0.0462 -1.9224 -2.7557
v  0.0526 -1.9492 -2.7578
v  0.0469 -1.9764 -2.7516
v  0.0269 -1.9960 -2.7522
v  -0.0001 -2.0031 -2.7521
v  -0.0270 -1.9960 -2.7519
v  -0.0470 -1.9764 -2.7515
v  -0.0547 -1.9492 -2.7509
v  -0.0478 -1.9218 -2.7504
v  -0.0278 -1.9014 -2.7500
v  -0.0001 -1.8939 -2.7500
v  0.0277 -1.9015 -2.7501
v  0.0545 -1.9493 -2.7512
v  0.0503 -1.9794 -2.7013
v  0.0280 -2.0010 -2.7014
v  -0.0016 -2.0081 -2.7012
v  -0.0314 -1.9994 -2.7013
v  -0.0524 -1.9779 -2.7008
v  -0.0607 -1.9485 -2.7003
v  -0.0529 -1.9191 -2.6995
v  -0.0322 -1.8974 -2.6992
v  -0.0021 -1.8877 -2.6988
v  0.0291 -1.8956 -2.6990
v  0.0516 -1.9187 -2.6991
v  0.0595 -1.9489 -2.7000
v  0.0210 -1.9884 -2.6508
v  0.0369 -1.9727 -2.6507
v  -0.0007 -1.9949 -2.6505
v  -0.0224 -1.9893 -2.6496
v  -0.0381 -1.9730 -2.6485
v  -0.0441 -1.9510 -2.6474
v  -0.0386 -1.9293 -2.6468
v  -0.0224 -1.9135 -2.6467
v  -0.0005 -1.9079 -2.6471
v  0.0214 -1.9136 -2.6480
v  0.0372 -1.9293 -2.6491
v  0.0425 -1.9515 -2.6501
v  0.0408 -1.3222 -2.7606
v  0.0247 -1.3388 -2.7607
v  0.0143 -1.3231 -2.7611
v  0.0253 -1.3138 -2.7608
v  -0.0002 -1.3456 -2.7609
v  -0.0002 -1.3266 -2.7609
v  -0.0229 -1.3392 -2.7611
v  -0.0127 -1.3226 -2.7613
v  -0.0389 -1.3232 -2.7613
v  -0.0224 -1.3131 -2.7612
v  -0.0449 -1.3012 -2.7615
v  -0.0261 -1.2992 -2.7613
v  -0.0394 -1.2776 -2.7616
v  -0.0230 -1.2858 -2.7614
v  -0.0225 -1.2597 -2.7615
v  -0.0129 -1.2762 -2.7613
v  0.0006 -1.2536 -2.7613
v  0.0011 -1.2726 -2.7612
v  0.0248 -1.2600 -2.7611
v  0.0147 -1.2760 -2.7611
v  0.0402 -1.2757 -2.7609
v  0.0251 -1.2860 -2.7609
v  0.0469 -1.2995 -2.7607
v  0.0280 -1.2998 -2.7609
v  0.0463 -1.3260 -2.7562
v  0.0273 -1.3450 -2.7561
v  0.0008 -1.3520 -2.7566
v  -0.0254 -1.3451 -2.7568
v  -0.0444 -1.3262 -2.7570
v  -0.0519 -1.3002 -2.7573
v  -0.0450 -1.2740 -2.7573
v  -0.0258 -1.2542 -2.7572
v  0.0006 -1.2470 -2.7570
v  0.0276 -1.2542 -2.7567
v  0.0471 -1.2731 -2.7538
v  0.0535 -1.2999 -2.7561
v  0.0477 -1.3271 -2.7500
v  0.0277 -1.3467 -2.7508
v  0.0008 -1.3538 -2.7507
v  -0.0262 -1.3468 -2.7506
v  -0.0462 -1.3271 -2.7500
v  -0.0539 -1.3000 -2.7492
v  -0.0469 -1.2726 -2.7485
v  -0.0269 -1.2522 -2.7479
v  0.0007 -1.2447 -2.7479
v  0.0285 -1.2522 -2.7481
v  0.0553 -1.3001 -2.7495
v  0.0512 -1.3304 -2.6998
v  0.0289 -1.3520 -2.7000
v  -0.0008 -1.3591 -2.6999
v  -0.0305 -1.3504 -2.7000
v  -0.0516 -1.3289 -2.6993
v  -0.0598 -1.2995 -2.6985
v  -0.0521 -1.2701 -2.6976
v  -0.0314 -1.2484 -2.6971
v  -0.0013 -1.2387 -2.6967
v  0.0299 -1.2466 -2.6969
v  0.0524 -1.2698 -2.6972
v  0.0603 -1.3000 -2.6983
v  0.0218 -1.3399 -2.6494
v  0.0377 -1.3242 -2.6492
v  0.0001 -1.3463 -2.6491
v  -0.0215 -1.3408 -2.6482
v  -0.0372 -1.3245 -2.6469
v  -0.0432 -1.3024 -2.6457
v  -0.0378 -1.2808 -2.6450
v  -0.0216 -1.2649 -2.6447
v  0.0004 -1.2594 -2.6451
v  0.0222 -1.2651 -2.6460
v  0.0380 -1.2807 -2.6472
v  0.0434 -1.3029 -2.6484
v  -0.9512 -1.7274 -2.7622
v  -0.9734 -1.7337 -2.7621
v  -0.9746 -1.7149 -2.7626
v  -0.9604 -1.7124 -2.7624
v  -0.9983 -1.7272 -2.7622
v  -0.9888 -1.7108 -2.7624
v  -1.0149 -1.7103 -2.7625
v  -0.9977 -1.7010 -2.7628
v  -1.0207 -1.6884 -2.7629
v  -1.0014 -1.6879 -2.7628
v  -1.0149 -1.6664 -2.7632
v  -0.9975 -1.6740 -2.7630
v  -0.9983 -1.6486 -2.7634
v  -0.9883 -1.6640 -2.7632
v  -0.9747 -1.6417 -2.7635
v  -0.9747 -1.6607 -2.7632
v  -0.9517 -1.6478 -2.7634
v  -0.9607 -1.6646 -2.7631
v  -0.9339 -1.6655 -2.7631
v  -0.9506 -1.6743 -2.7630
v  -0.9284 -1.6868 -2.7627
v  -0.9467 -1.6881 -2.7627
v  -0.9345 -1.7108 -2.7624
v  -0.9511 -1.7016 -2.7626
v  -0.9483 -1.7334 -2.7577
v  -0.9742 -1.7403 -2.7575
v  -1.0007 -1.7332 -2.7580
v  -1.0199 -1.7141 -2.7582
v  -1.0270 -1.6882 -2.7585
v  -1.0204 -1.6620 -2.7590
v  -1.0013 -1.6427 -2.7592
v  -0.9749 -1.6352 -2.7592
v  -0.9484 -1.6421 -2.7591
v  -0.9286 -1.6619 -2.7587
v  -0.9212 -1.6880 -2.7557
v  -0.9290 -1.7143 -2.7578
v  -0.9476 -1.7350 -2.7516
v  -0.9747 -1.7420 -2.7522
v  -1.0016 -1.7347 -2.7521
v  -1.0214 -1.7151 -2.7519
v  -1.0289 -1.6881 -2.7515
v  -1.0220 -1.6607 -2.7509
v  -1.0023 -1.6405 -2.7504
v  -0.9748 -1.6328 -2.7500
v  -0.9470 -1.6401 -2.7500
v  -0.9268 -1.6606 -2.7501
v  -0.9275 -1.7154 -2.7512
v  -0.9461 -1.7394 -2.7013
v  -0.9762 -1.7469 -2.7014
v  -1.0054 -1.7383 -2.7012
v  -1.0268 -1.7158 -2.7013
v  -1.0344 -1.6867 -2.7008
v  -1.0268 -1.6572 -2.7003
v  -1.0054 -1.6355 -2.6995
v  -0.9766 -1.6271 -2.6992
v  -0.9457 -1.6338 -2.6988
v  -0.9226 -1.6562 -2.6990
v  -0.9147 -1.6875 -2.6991
v  -0.9230 -1.7176 -2.7000
v  -0.9760 -1.7325 -2.6508
v  -0.9544 -1.7269 -2.6507
v  -0.9981 -1.7273 -2.6505
v  -1.0140 -1.7116 -2.6496
v  -1.0195 -1.6896 -2.6485
v  -1.0136 -1.6676 -2.6474
v  -0.9981 -1.6515 -2.6468
v  -0.9761 -1.6459 -2.6467
v  -0.9543 -1.6520 -2.6471
v  -0.9383 -1.6679 -2.6480
v  -0.9325 -1.6894 -2.6491
v  -0.9389 -1.7113 -2.6501
v  -0.6258 -1.1655 -2.7606
v  -0.6480 -1.1718 -2.7607
v  -0.6492 -1.1530 -2.7611
v  -0.6351 -1.1504 -2.7608
v  -0.6729 -1.1653 -2.7609
v  -0.6635 -1.1488 -2.7609
v  -0.6895 -1.1483 -2.7611
v  -0.6723 -1.1391 -2.7613
v  -0.6953 -1.1265 -2.7613
v  -0.6760 -1.1260 -2.7612
v  -0.6895 -1.1044 -2.7615
v  -0.6722 -1.1121 -2.7613
v  -0.6729 -1.0867 -2.7616
v  -0.6629 -1.1020 -2.7614
v  -0.6493 -1.0797 -2.7615
v  -0.6493 -1.0988 -2.7613
v  -0.6263 -1.0859 -2.7613
v  -0.6353 -1.1026 -2.7612
v  -0.6085 -1.1036 -2.7611
v  -0.6252 -1.1124 -2.7611
v  -0.6030 -1.1249 -2.7609
v  -0.6213 -1.1262 -2.7609
v  -0.6091 -1.1489 -2.7607
v  -0.6257 -1.1396 -2.7609
v  -0.6229 -1.1715 -2.7562
v  -0.6488 -1.1784 -2.7561
v  -0.6753 -1.1713 -2.7566
v  -0.6945 -1.1522 -2.7568
v  -0.7016 -1.1263 -2.7570
v  -0.6950 -1.1001 -2.7573
v  -0.6760 -1.0808 -2.7573
v  -0.6495 -1.0733 -2.7572
v  -0.6230 -1.0802 -2.7570
v  -0.6032 -1.1000 -2.7567
v  -0.5958 -1.1261 -2.7538
v  -0.6036 -1.1524 -2.7561
v  -0.6222 -1.1732 -2.7500
v  -0.6494 -1.1801 -2.7508
v  -0.6763 -1.1728 -2.7507
v  -0.6961 -1.1532 -2.7506
v  -0.7036 -1.1262 -2.7500
v  -0.6966 -1.0989 -2.7492
v  -0.6769 -1.0786 -2.7485
v  -0.6494 -1.0709 -2.7479
v  -0.6217 -1.0783 -2.7479
v  -0.6014 -1.0987 -2.7481
v  -0.6022 -1.1535 -2.7495
v  -0.6209 -1.1778 -2.6998
v  -0.6510 -1.1853 -2.7000
v  -0.6802 -1.1766 -2.6999
v  -0.7016 -1.1542 -2.7000
v  -0.7092 -1.1251 -2.6993
v  -0.7016 -1.0955 -2.6985
v  -0.6802 -1.0739 -2.6976
v  -0.6514 -1.0655 -2.6971
v  -0.6205 -1.0721 -2.6967
v  -0.5974 -1.0946 -2.6969
v  -0.5895 -1.1258 -2.6972
v  -0.5977 -1.1560 -2.6983
v  -0.6510 -1.1713 -2.6494
v  -0.6294 -1.1656 -2.6492
v  -0.6731 -1.1660 -2.6491
v  -0.6890 -1.1504 -2.6482
v  -0.6945 -1.1284 -2.6469
v  -0.6887 -1.1063 -2.6457
v  -0.6731 -1.0903 -2.6450
v  -0.6512 -1.0847 -2.6447
v  -0.6294 -1.0908 -2.6451
v  -0.6133 -1.1067 -2.6460
v  -0.6075 -1.1281 -2.6472
v  -0.6139 -1.1500 -2.6484
v  -1.6874 -1.0204 -2.7622
v  -1.7098 -1.0148 -2.7621
v  -1.7015 -0.9979 -2.7626
v  -1.6880 -1.0027 -2.7624
v  -1.7282 -0.9966 -2.7622
v  -1.7117 -0.9871 -2.7624
v  -1.7340 -0.9737 -2.7625
v  -1.7145 -0.9743 -2.7628
v  -1.7282 -0.9519 -2.7629
v  -1.7112 -0.9611 -2.7628
v  -1.7121 -0.9357 -2.7632
v  -1.7009 -0.9510 -2.7630
v  -1.6889 -0.9286 -2.7634
v  -1.6878 -0.9469 -2.7632
v  -1.6649 -0.9344 -2.7635
v  -1.6744 -0.9509 -2.7632
v  -1.6481 -0.9512 -2.7634
v  -1.6643 -0.9612 -2.7631
v  -1.6415 -0.9754 -2.7631
v  -1.6604 -0.9747 -2.7630
v  -1.6474 -0.9966 -2.7627
v  -1.6639 -0.9886 -2.7627
v  -1.6647 -1.0144 -2.7624
v  -1.6744 -0.9981 -2.7626
v  -1.6879 -1.0270 -2.7577
v  -1.7138 -1.0201 -2.7575
v  -1.7332 -1.0006 -2.7580
v  -1.7403 -0.9745 -2.7582
v  -1.7335 -0.9486 -2.7585
v  -1.7147 -0.9291 -2.7590
v  -1.6885 -0.9219 -2.7592
v  -1.6619 -0.9287 -2.7592
v  -1.6424 -0.9479 -2.7591
v  -1.6351 -0.9749 -2.7587
v  -1.6417 -1.0012 -2.7557
v  -1.6617 -1.0202 -2.7578
v  -1.6881 -1.0288 -2.7516
v  -1.7151 -1.0212 -2.7522
v  -1.7348 -1.0015 -2.7521
v  -1.7421 -0.9746 -2.7519
v  -1.7351 -0.9475 -2.7515
v  -1.7154 -0.9273 -2.7509
v  -1.6882 -0.9195 -2.7504
v  -1.6605 -0.9267 -2.7500
v  -1.6402 -0.9469 -2.7500
v  -1.6329 -0.9747 -2.7501
v  -1.6609 -1.0218 -2.7512
v  -1.6891 -1.0333 -2.7013
v  -1.7189 -1.0248 -2.7014
v  -1.7399 -1.0027 -2.7012
v  -1.7472 -0.9725 -2.7013
v  -1.7391 -0.9435 -2.7008
v  -1.7178 -0.9217 -2.7003
v  -1.6884 -0.9137 -2.6995
v  -1.6593 -0.9208 -2.6992
v  -1.6359 -0.9420 -2.6988
v  -1.6271 -0.9730 -2.6990
v  -1.6359 -1.0040 -2.6991
v  -1.6581 -1.0260 -2.7000
v  -1.7115 -1.0124 -2.6508
v  -1.6900 -1.0183 -2.6507
v  -1.7280 -0.9968 -2.6505
v  -1.7340 -0.9753 -2.6496
v  -1.7277 -0.9535 -2.6485
v  -1.7116 -0.9373 -2.6474
v  -1.6901 -0.9312 -2.6468
v  -1.6683 -0.9373 -2.6467
v  -1.6525 -0.9535 -2.6471
v  -1.6465 -0.9753 -2.6480
v  -1.6522 -0.9968 -2.6491
v  -1.6688 -1.0126 -2.6501
v  -1.1247 -0.6964 -2.7606
v  -1.1471 -0.6908 -2.7607
v  -1.1387 -0.6739 -2.7611
v  -1.1252 -0.6788 -2.7608
v  -1.1654 -0.6727 -2.7609
v  -1.1490 -0.6632 -2.7609
v  -1.1713 -0.6498 -2.7611
v  -1.1518 -0.6503 -2.7613
v  -1.1654 -0.6279 -2.7613
v  -1.1484 -0.6372 -2.7612
v  -1.1493 -0.6117 -2.7615
v  -1.1381 -0.6270 -2.7613
v  -1.1261 -0.6046 -2.7616
v  -1.1251 -0.6229 -2.7614
v  -1.1022 -0.6104 -2.7615
v  -1.1117 -0.6269 -2.7613
v  -1.0853 -0.6273 -2.7613
v  -1.1015 -0.6372 -2.7612
v  -1.0788 -0.6514 -2.7611
v  -1.0977 -0.6507 -2.7611
v  -1.0847 -0.6727 -2.7609
v  -1.1011 -0.6647 -2.7609
v  -1.1020 -0.6904 -2.7607
v  -1.1117 -0.6741 -2.7609
v  -1.1252 -0.7030 -2.7562
v  -1.1511 -0.6962 -2.7561
v  -1.1705 -0.6767 -2.7566
v  -1.1776 -0.6506 -2.7568
v  -1.1708 -0.6246 -2.7570
v  -1.1520 -0.6052 -2.7573
v  -1.1258 -0.5980 -2.7573
v  -1.0991 -0.6048 -2.7572
v  -1.0797 -0.6240 -2.7570
v  -1.0724 -0.6510 -2.7567
v  -1.0790 -0.6773 -2.7538
v  -1.0990 -0.6962 -2.7561
v  -1.1255 -0.7049 -2.7500
v  -1.1524 -0.6973 -2.7508
v  -1.1721 -0.6776 -2.7507
v  -1.1794 -0.6507 -2.7506
v  -1.1724 -0.6235 -2.7500
v  -1.1527 -0.6033 -2.7492
v  -1.1255 -0.5956 -2.7485
v  -1.0979 -0.6027 -2.7479
v  -1.0776 -0.6230 -2.7479
v  -1.0702 -0.6508 -2.7481
v  -1.0983 -0.6979 -2.7495
v  -1.1266 -0.7095 -2.6998
v  -1.1564 -0.7010 -2.7000
v  -1.1774 -0.6789 -2.6999
v  -1.1847 -0.6487 -2.7000
v  -1.1767 -0.6198 -2.6993
v  -1.1554 -0.5980 -2.6985
v  -1.1260 -0.5899 -2.6976
v  -1.0969 -0.5970 -2.6971
v  -1.0734 -0.6182 -2.6967
v  -1.0646 -0.6492 -2.6969
v  -1.0734 -0.6803 -2.6972
v  -1.0956 -0.7022 -2.6983
v  -1.1495 -0.6889 -2.6494
v  -1.1279 -0.6948 -2.6492
v  -1.1659 -0.6733 -2.6491
v  -1.1719 -0.6517 -2.6482
v  -1.1657 -0.6300 -2.6469
v  -1.1496 -0.6138 -2.6457
v  -1.1281 -0.6077 -2.6450
v  -1.1063 -0.6138 -2.6447
v  -1.0905 -0.6300 -2.6451
v  -1.0845 -0.6517 -2.6460
v  -1.0902 -0.6733 -2.6472
v  -1.1067 -0.6890 -2.6484
v  -2.8277 -1.6703 -2.7604
v  -2.8479 -1.6591 -2.7600
v  -2.8355 -1.6449 -2.7609
v  -2.8237 -1.6531 -2.7609
v  -2.8609 -1.6368 -2.7600
v  -2.8426 -1.6319 -2.7606
v  -2.8606 -1.6132 -2.7604
v  -2.8420 -1.6187 -2.7611
v  -2.8493 -1.5936 -2.7611
v  -2.8353 -1.6069 -2.7613
v  -2.8296 -1.5821 -2.7619
v  -2.8228 -1.5998 -2.7618
v  -2.8054 -1.5813 -2.7627
v  -2.8091 -1.5992 -2.7622
v  -2.7838 -1.5931 -2.7631
v  -2.7972 -1.6065 -2.7625
v  -2.7719 -1.6137 -2.7631
v  -2.7901 -1.6191 -2.7625
v  -2.7718 -1.6387 -2.7627
v  -2.7898 -1.6331 -2.7622
v  -2.7829 -1.6577 -2.7620
v  -2.7968 -1.6457 -2.7618
v  -2.8042 -1.6704 -2.7611
v  -2.8094 -1.6521 -2.7614
v  -2.8304 -1.6782 -2.7497
v  -2.8545 -1.6639 -2.7499
v  -2.8683 -1.6397 -2.7497
v  -2.8685 -1.6119 -2.7497
v  -2.8547 -1.5875 -2.7497
v  -2.8304 -1.5730 -2.7497
v  -2.8021 -1.5726 -2.7497
v  -2.7772 -1.5867 -2.7498
v  -2.7629 -1.6115 -2.7499
v  -2.7630 -1.6402 -2.7499
v  -2.8023 -1.6785 -2.7500
v  -2.8466 -1.6558 -2.6488
v  -2.8274 -1.6670 -2.6490
v  -2.8585 -1.6364 -2.6483
v  -2.8587 -1.6141 -2.6476
v  -2.8470 -1.5947 -2.6467
v  -2.8272 -1.5832 -2.6462
v  -2.8048 -1.5828 -2.6460
v  -2.7854 -1.5944 -2.6462
v  -2.7743 -1.6141 -2.6467
v  -2.7742 -1.6367 -2.6475
v  -2.7853 -1.6560 -2.6483
v  -2.8053 -1.6670 -2.6488
v  -2.8317 -1.6821 -2.6994
v  -2.8582 -1.6661 -2.6990
v  -2.8728 -1.6394 -2.6987
v  -2.8720 -1.6083 -2.6990
v  -2.8568 -1.5824 -2.6989
v  -2.8305 -1.5669 -2.6990
v  -2.8000 -1.5667 -2.6989
v  -2.7738 -1.5811 -2.6990
v  -2.7566 -1.6077 -2.6989
v  -2.7561 -1.6399 -2.6989
v  -2.7727 -1.6676 -2.6986
v  -2.7998 -1.6830 -2.6988
v  -2.8298 -1.6765 -2.7559
v  -2.8530 -1.6632 -2.7553
v  -2.8667 -1.6394 -2.7556
v  -2.8668 -1.6123 -2.7560
v  -2.8535 -1.5890 -2.7567
v  -2.8304 -1.5751 -2.7577
v  -2.8032 -1.5749 -2.7585
v  -2.7792 -1.5883 -2.7590
v  -2.7654 -1.6120 -2.7590
v  -2.7654 -1.6399 -2.7585
v  -2.7785 -1.6636 -2.7551
v  -2.8027 -1.6767 -2.7566
v  -2.2637 -1.3448 -2.7604
v  -2.2838 -1.3336 -2.7600
v  -2.2714 -1.3195 -2.7609
v  -2.2596 -1.3277 -2.7609
v  -2.2969 -1.3113 -2.7600
v  -2.2785 -1.3064 -2.7606
v  -2.2966 -1.2877 -2.7604
v  -2.2779 -1.2933 -2.7611
v  -2.2853 -1.2681 -2.7611
v  -2.2713 -1.2814 -2.7613
v  -2.2656 -1.2566 -2.7619
v  -2.2587 -1.2743 -2.7618
v  -2.2413 -1.2558 -2.7627
v  -2.2450 -1.2738 -2.7622
v  -2.2197 -1.2676 -2.7631
v  -2.2331 -1.2811 -2.7625
v  -2.2078 -1.2882 -2.7631
v  -2.2260 -1.2936 -2.7625
v  -2.2077 -1.3133 -2.7627
v  -2.2257 -1.3077 -2.7622
v  -2.2189 -1.3322 -2.7620
v  -2.2327 -1.3202 -2.7618
v  -2.2402 -1.3449 -2.7611
v  -2.2453 -1.3266 -2.7614
v  -2.2657 -1.3511 -2.7559
v  -2.2890 -1.3377 -2.7553
v  -2.3027 -1.3139 -2.7556
v  -2.3028 -1.2868 -2.7560
v  -2.2895 -1.2635 -2.7567
v  -2.2663 -1.2496 -2.7577
v  -2.2392 -1.2494 -2.7585
v  -2.2152 -1.2629 -2.7590
v  -2.2013 -1.2865 -2.7590
v  -2.2013 -1.3144 -2.7585
v  -2.2144 -1.3381 -2.7551
v  -2.2387 -1.3513 -2.7566
v  -2.2663 -1.3527 -2.7497
v  -2.2904 -1.3384 -2.7499
v  -2.3043 -1.3143 -2.7497
v  -2.3044 -1.2864 -2.7497
v  -2.2906 -1.2620 -2.7497
v  -2.2664 -1.2476 -2.7497
v  -2.2381 -1.2472 -2.7497
v  -2.2132 -1.2612 -2.7498
v  -2.1988 -1.2860 -2.7499
v  -2.1989 -1.3148 -2.7499
v  -2.2382 -1.3530 -2.7500
v  -2.2676 -1.3566 -2.6994
v  -2.2941 -1.3407 -2.6990
v  -2.3087 -1.3139 -2.6987
v  -2.3080 -1.2829 -2.6990
v  -2.2927 -1.2569 -2.6989
v  -2.2664 -1.2414 -2.6990
v  -2.2360 -1.2412 -2.6989
v  -2.2097 -1.2556 -2.6990
v  -2.1925 -1.2822 -2.6989
v  -2.1921 -1.3144 -2.6989
v  -2.2086 -1.3421 -2.6986
v  -2.2357 -1.3576 -2.6988
v  -2.2826 -1.3303 -2.6488
v  -2.2633 -1.3415 -2.6490
v  -2.2944 -1.3110 -2.6483
v  -2.2946 -1.2886 -2.6476
v  -2.2829 -1.2692 -2.6467
v  -2.2631 -1.2577 -2.6462
v  -2.2408 -1.2574 -2.6460
v  -2.2213 -1.2689 -2.6462
v  -2.2102 -1.2887 -2.6467
v  -2.2101 -1.3112 -2.6475
v  -2.2212 -1.3305 -2.6483
v  -2.2413 -1.3415 -2.6488
v  -2.2991 -2.3453 -2.7604
v  -2.3214 -2.3396 -2.7600
v  -2.3131 -2.3228 -2.7609
v  -2.2996 -2.3276 -2.7609
v  -2.3398 -2.3215 -2.7600
v  -2.3234 -2.3120 -2.7606
v  -2.3456 -2.2986 -2.7604
v  -2.3262 -2.2991 -2.7611
v  -2.3398 -2.2768 -2.7611
v  -2.3228 -2.2860 -2.7613
v  -2.3237 -2.2605 -2.7619
v  -2.3125 -2.2758 -2.7618
v  -2.3005 -2.2535 -2.7627
v  -2.2995 -2.2718 -2.7622
v  -2.2766 -2.2593 -2.7631
v  -2.2861 -2.2758 -2.7625
v  -2.2598 -2.2761 -2.7631
v  -2.2759 -2.2861 -2.7625
v  -2.2532 -2.3003 -2.7627
v  -2.2721 -2.2996 -2.7622
v  -2.2591 -2.3215 -2.7620
v  -2.2755 -2.3135 -2.7618
v  -2.2764 -2.3392 -2.7611
v  -2.2861 -2.3229 -2.7614
v  -2.2996 -2.3535 -2.7497
v  -2.3265 -2.3460 -2.7499
v  -2.3462 -2.3263 -2.7497
v  -2.3535 -2.2994 -2.7497
v  -2.3466 -2.2722 -2.7497
v  -2.3268 -2.2520 -2.7497
v  -2.2996 -2.2443 -2.7497
v  -2.2720 -2.2514 -2.7498
v  -2.2516 -2.2716 -2.7499
v  -2.2443 -2.2995 -2.7499
v  -2.2724 -2.3466 -2.7500
v  -2.3211 -2.3361 -2.6488
v  -2.2996 -2.3420 -2.6490
v  -2.3375 -2.3205 -2.6483
v  -2.3435 -2.2990 -2.6476
v  -2.3372 -2.2772 -2.6467
v  -2.3211 -2.2610 -2.6462
v  -2.2996 -2.2549 -2.6460
v  -2.2778 -2.2610 -2.6462
v  -2.2620 -2.2772 -2.6467
v  -2.2561 -2.2990 -2.6475
v  -2.2618 -2.3205 -2.6483
v  -2.2783 -2.3362 -2.6488
v  -2.2998 -2.3577 -2.6994
v  -2.3296 -2.3491 -2.6990
v  -2.3506 -2.3270 -2.6987
v  -2.3579 -2.2969 -2.6990
v  -2.3499 -2.2679 -2.6989
v  -2.3285 -2.2461 -2.6990
v  -2.2991 -2.2380 -2.6989
v  -2.2700 -2.2451 -2.6990
v  -2.2466 -2.2664 -2.6989
v  -2.2378 -2.2974 -2.6989
v  -2.2466 -2.3284 -2.6986
v  -2.2688 -2.3503 -2.6988
v  -2.2995 -2.3518 -2.7559
v  -2.3254 -2.3449 -2.7553
v  -2.3448 -2.3255 -2.7556
v  -2.3518 -2.2993 -2.7560
v  -2.3450 -2.2734 -2.7567
v  -2.3263 -2.2540 -2.7577
v  -2.3001 -2.2468 -2.7585
v  -2.2734 -2.2535 -2.7590
v  -2.2540 -2.2728 -2.7590
v  -2.2467 -2.2998 -2.7585
v  -2.2533 -2.3260 -2.7551
v  -2.2733 -2.3450 -2.7566
v  -1.8385 -1.8849 -2.7604
v  -1.8608 -1.8793 -2.7600
v  -1.8525 -1.8624 -2.7609
v  -1.8390 -1.8672 -2.7609
v  -1.8792 -1.8611 -2.7600
v  -1.8628 -1.8516 -2.7606
v  -1.8850 -1.8382 -2.7604
v  -1.8656 -1.8388 -2.7611
v  -1.8792 -1.8164 -2.7611
v  -1.8622 -1.8256 -2.7613
v  -1.8631 -1.8002 -2.7619
v  -1.8519 -1.8155 -2.7618
v  -1.8399 -1.7931 -2.7627
v  -1.8389 -1.8114 -2.7622
v  -1.8160 -1.7989 -2.7631
v  -1.8255 -1.8154 -2.7625
v  -1.7991 -1.8157 -2.7631
v  -1.8153 -1.8257 -2.7625
v  -1.7926 -1.8399 -2.7627
v  -1.8115 -1.8392 -2.7622
v  -1.7985 -1.8611 -2.7620
v  -1.8149 -1.8531 -2.7618
v  -1.8158 -1.8789 -2.7611
v  -1.8255 -1.8626 -2.7614
v  -1.8389 -1.8914 -2.7559
v  -1.8648 -1.8845 -2.7553
v  -1.8841 -1.8651 -2.7556
v  -1.8912 -1.8389 -2.7560
v  -1.8844 -1.8130 -2.7567
v  -1.8656 -1.7936 -2.7577
v  -1.8395 -1.7864 -2.7585
v  -1.8128 -1.7932 -2.7590
v  -1.7934 -1.8124 -2.7590
v  -1.7861 -1.8394 -2.7585
v  -1.7926 -1.8657 -2.7551
v  -1.8126 -1.8846 -2.7566
v  -1.8390 -1.8932 -2.7497
v  -1.8659 -1.8856 -2.7499
v  -1.8856 -1.8659 -2.7497
v  -1.8929 -1.8390 -2.7497
v  -1.8860 -1.8118 -2.7497
v  -1.8662 -1.7916 -2.7497
v  -1.8390 -1.7839 -2.7497
v  -1.8114 -1.7910 -2.7498
v  -1.7910 -1.8113 -2.7499
v  -1.7837 -1.8391 -2.7499
v  -1.8118 -1.8862 -2.7500
v  -1.8392 -1.8973 -2.6994
v  -1.8690 -1.8887 -2.6990
v  -1.8900 -1.8666 -2.6987
v  -1.8973 -1.8365 -2.6990
v  -1.8892 -1.8075 -2.6989
v  -1.8679 -1.7857 -2.6990
v  -1.8385 -1.7777 -2.6989
v  -1.8094 -1.7847 -2.6990
v  -1.7860 -1.8060 -2.6989
v  -1.7772 -1.8370 -2.6989
v  -1.7860 -1.8680 -2.6986
v  -1.8082 -1.8900 -2.6988
v  -1.8605 -1.8757 -2.6488
v  -1.8390 -1.8816 -2.6490
v  -1.8769 -1.8601 -2.6483
v  -1.8829 -1.8386 -2.6476
v  -1.8766 -1.8168 -2.6467
v  -1.8605 -1.8006 -2.6462
v  -1.8390 -1.7945 -2.6460
v  -1.8172 -1.8006 -2.6462
v  -1.8014 -1.8168 -2.6467
v  -1.7954 -1.8386 -2.6475
v  -1.8011 -1.8601 -2.6483
v  -1.8177 -1.8759 -2.6488
v  -1.6137 -2.8604 -2.7604
v  -1.6368 -2.8608 -2.7600
v  -1.6331 -2.8423 -2.7609
v  -1.6188 -2.8435 -2.7609
v  -1.6592 -2.8480 -2.7600
v  -1.6458 -2.8346 -2.7606
v  -1.6708 -2.8274 -2.7604
v  -1.6519 -2.8228 -2.7611
v  -1.6708 -2.8048 -2.7611
v  -1.6520 -2.8093 -2.7613
v  -1.6595 -2.7849 -2.7619
v  -1.6447 -2.7968 -2.7618
v  -1.6389 -2.7721 -2.7627
v  -1.6331 -2.7895 -2.7622
v  -1.6143 -2.7715 -2.7631
v  -1.6192 -2.7899 -2.7625
v  -1.5937 -2.7834 -2.7631
v  -1.6067 -2.7972 -2.7625
v  -1.5811 -2.8051 -2.7627
v  -1.5995 -2.8092 -2.7622
v  -1.5812 -2.8271 -2.7620
v  -1.5992 -2.8236 -2.7618
v  -1.5934 -2.8487 -2.7611
v  -1.6070 -2.8355 -2.7614
v  -1.6121 -2.8685 -2.7497
v  -1.6401 -2.8682 -2.7499
v  -1.6642 -2.8542 -2.7497
v  -1.6782 -2.8302 -2.7497
v  -1.6785 -2.8021 -2.7497
v  -1.6647 -2.7775 -2.7497
v  -1.6404 -2.7630 -2.7497
v  -1.6118 -2.7627 -2.7498
v  -1.5870 -2.7770 -2.7499
v  -1.5727 -2.8020 -2.7499
v  -1.5876 -2.8548 -2.7500
v  -1.6374 -2.8572 -2.6488
v  -1.6151 -2.8574 -2.6490
v  -1.6573 -2.8464 -2.6483
v  -1.6686 -2.8272 -2.6476
v  -1.6682 -2.8045 -2.6467
v  -1.6568 -2.7847 -2.6462
v  -1.6376 -2.7732 -2.6460
v  -1.6150 -2.7735 -2.6462
v  -1.5956 -2.7850 -2.6467
v  -1.5842 -2.8045 -2.6475
v  -1.5841 -2.8268 -2.6483
v  -1.5960 -2.8463 -2.6488
v  -1.6112 -2.8726 -2.6994
v  -1.6422 -2.8720 -2.6990
v  -1.6682 -2.8561 -2.6987
v  -1.6831 -2.8289 -2.6990
v  -1.6828 -2.7988 -2.6989
v  -1.6678 -2.7722 -2.6990
v  -1.6415 -2.7568 -2.6989
v  -1.6116 -2.7561 -2.6990
v  -1.5835 -2.7706 -2.6989
v  -1.5669 -2.7983 -2.6989
v  -1.5674 -2.8305 -2.6986
v  -1.5832 -2.8575 -2.6988
v  -1.6124 -2.8668 -2.7559
v  -1.6392 -2.8669 -2.7553
v  -1.6630 -2.8531 -2.7556
v  -1.6766 -2.8297 -2.7560
v  -1.6767 -2.8029 -2.7567
v  -1.6636 -2.7793 -2.7577
v  -1.6402 -2.7655 -2.7585
v  -1.6127 -2.7652 -2.7590
v  -1.5889 -2.7787 -2.7590
v  -1.5749 -2.8029 -2.7585
v  -1.5744 -2.8300 -2.7551
v  -1.5889 -2.8535 -2.7566
v  -1.2880 -2.2965 -2.7604
v  -1.3110 -2.2968 -2.7600
v  -1.3074 -2.2784 -2.7609
v  -1.2930 -2.2796 -2.7609
v  -1.3335 -2.2841 -2.7600
v  -1.3200 -2.2707 -2.7606
v  -1.3450 -2.2635 -2.7604
v  -1.3261 -2.2589 -2.7611
v  -1.3450 -2.2409 -2.7611
v  -1.3263 -2.2454 -2.7613
v  -1.3337 -2.2210 -2.7619
v  -1.3190 -2.2329 -2.7618
v  -1.3131 -2.2082 -2.7627
v  -1.3074 -2.2256 -2.7622
v  -1.2885 -2.2076 -2.7631
v  -1.2934 -2.2260 -2.7625
v  -1.2679 -2.2195 -2.7631
v  -1.2810 -2.2333 -2.7625
v  -1.2553 -2.2412 -2.7627
v  -1.2737 -2.2453 -2.7622
v  -1.2555 -2.2632 -2.7620
v  -1.2735 -2.2597 -2.7618
v  -1.2676 -2.2848 -2.7611
v  -1.2812 -2.2716 -2.7614
v  -1.2867 -2.3029 -2.7559
v  -1.3135 -2.3030 -2.7553
v  -1.3372 -2.2892 -2.7556
v  -1.3508 -2.2658 -2.7560
v  -1.3510 -2.2390 -2.7567
v  -1.3379 -2.2154 -2.7577
v  -1.3145 -2.2016 -2.7585
v  -1.2870 -2.2013 -2.7590
v  -1.2632 -2.2148 -2.7590
v  -1.2492 -2.2390 -2.7585
v  -1.2487 -2.2661 -2.7551
v  -1.2631 -2.2895 -2.7566
v  -1.2863 -2.3046 -2.7497
v  -1.3143 -2.3043 -2.7499
v  -1.3384 -2.2903 -2.7497
v  -1.3525 -2.2663 -2.7497
v  -1.3528 -2.2382 -2.7497
v  -1.3389 -2.2136 -2.7497
v  -1.3147 -2.1991 -2.7497
v  -1.2861 -2.1988 -2.7498
v  -1.2612 -2.2131 -2.7499
v  -1.2469 -2.2381 -2.7499
v  -1.2618 -2.2909 -2.7500
v  -1.2855 -2.3087 -2.6994
v  -1.3165 -2.3081 -2.6990
v  -1.3425 -2.2922 -2.6987
v  -1.3573 -2.2650 -2.6990
v  -1.3571 -2.2349 -2.6989
v  -1.3421 -2.2083 -2.6990
v  -1.3158 -2.1929 -2.6989
v  -1.2858 -2.1922 -2.6990
v  -1.2577 -2.2067 -2.6989
v  -1.2412 -2.2344 -2.6989
v  -1.2417 -2.2666 -2.6986
v  -1.2574 -2.2936 -2.6988
v  -1.3116 -2.2933 -2.6488
v  -1.2893 -2.2935 -2.6490
v  -1.3315 -2.2825 -2.6483
v  -1.3429 -2.2633 -2.6476
v  -1.3425 -2.2406 -2.6467
v  -1.3311 -2.2208 -2.6462
v  -1.3119 -2.2093 -2.6460
v  -1.2893 -2.2096 -2.6462
v  -1.2698 -2.2211 -2.6467
v  -1.2584 -2.2406 -2.6475
v  -1.2583 -2.2629 -2.6483
v  -1.2703 -2.2824 -2.6488
v  -0.8184 -3.1806 -2.7604
v  -0.8406 -3.1869 -2.7600
v  -0.8418 -3.1681 -2.7609
v  -0.8277 -3.1656 -2.7609
v  -0.8656 -3.1804 -2.7600
v  -0.8561 -3.1639 -2.7606
v  -0.8821 -3.1635 -2.7604
v  -0.8650 -3.1542 -2.7611
v  -0.8879 -3.1416 -2.7611
v  -0.8686 -3.1411 -2.7613
v  -0.8822 -3.1196 -2.7619
v  -0.8648 -3.1272 -2.7618
v  -0.8656 -3.1018 -2.7627
v  -0.8555 -3.1172 -2.7622
v  -0.8420 -3.0949 -2.7631
v  -0.8419 -3.1139 -2.7625
v  -0.8189 -3.1011 -2.7631
v  -0.8280 -3.1178 -2.7625
v  -0.8012 -3.1187 -2.7627
v  -0.8179 -3.1275 -2.7622
v  -0.7956 -3.1400 -2.7620
v  -0.8139 -3.1413 -2.7618
v  -0.8018 -3.1640 -2.7611
v  -0.8183 -3.1548 -2.7614
v  -0.8147 -3.1880 -2.7497
v  -0.8419 -3.1950 -2.7499
v  -0.8688 -3.1877 -2.7497
v  -0.8885 -3.1681 -2.7497
v  -0.8961 -3.1411 -2.7497
v  -0.8891 -3.1137 -2.7497
v  -0.8694 -3.0934 -2.7497
v  -0.8419 -3.0857 -2.7498
v  -0.8142 -3.0931 -2.7499
v  -0.7939 -3.1136 -2.7499
v  -0.7946 -3.1684 -2.7500
v  -0.8421 -3.1837 -2.6488
v  -0.8205 -3.1780 -2.6490
v  -0.8641 -3.1784 -2.6483
v  -0.8801 -3.1627 -2.6476
v  -0.8855 -3.1407 -2.6467
v  -0.8797 -3.1186 -2.6462
v  -0.8641 -3.1026 -2.6460
v  -0.8422 -3.0970 -2.6462
v  -0.8204 -3.1031 -2.6467
v  -0.8043 -3.1190 -2.6475
v  -0.7985 -3.1405 -2.6483
v  -0.8050 -3.1624 -2.6488
v  -0.8129 -3.1917 -2.6994
v  -0.8429 -3.1992 -2.6990
v  -0.8722 -3.1906 -2.6987
v  -0.8936 -3.1681 -2.6990
v  -0.9011 -3.1390 -2.6989
v  -0.8935 -3.1094 -2.6990
v  -0.8721 -3.0878 -2.6989
v  -0.8433 -3.0793 -2.6990
v  -0.8124 -3.0860 -2.6989
v  -0.7893 -3.1085 -2.6989
v  -0.7814 -3.1397 -2.6986
v  -0.7897 -3.1699 -2.6988
v  -0.8155 -3.1865 -2.7559
v  -0.8414 -3.1934 -2.7553
v  -0.8679 -3.1863 -2.7556
v  -0.8871 -3.1672 -2.7560
v  -0.8942 -3.1413 -2.7567
v  -0.8876 -3.1151 -2.7577
v  -0.8686 -3.0958 -2.7585
v  -0.8421 -3.0883 -2.7590
v  -0.8156 -3.0953 -2.7590
v  -0.7958 -3.1150 -2.7585
v  -0.7883 -3.1410 -2.7551
v  -0.7962 -3.1675 -2.7566
v  -0.6497 -2.5516 -2.7604
v  -0.6719 -2.5579 -2.7600
v  -0.6731 -2.5391 -2.7609
v  -0.6590 -2.5366 -2.7609
v  -0.6969 -2.5514 -2.7600
v  -0.6874 -2.5349 -2.7606
v  -0.7134 -2.5345 -2.7604
v  -0.6963 -2.5252 -2.7611
v  -0.7192 -2.5126 -2.7611
v  -0.6999 -2.5121 -2.7613
v  -0.7134 -2.4906 -2.7619
v  -0.6961 -2.4982 -2.7618
v  -0.6969 -2.4728 -2.7627
v  -0.6868 -2.4882 -2.7622
v  -0.6733 -2.4659 -2.7631
v  -0.6732 -2.4849 -2.7625
v  -0.6502 -2.4720 -2.7631
v  -0.6593 -2.4888 -2.7625
v  -0.6325 -2.4897 -2.7627
v  -0.6492 -2.4985 -2.7622
v  -0.6269 -2.5110 -2.7620
v  -0.6452 -2.5123 -2.7618
v  -0.6331 -2.5350 -2.7611
v  -0.6496 -2.5258 -2.7614
v  -0.6468 -2.5575 -2.7559
v  -0.6727 -2.5644 -2.7553
v  -0.6992 -2.5573 -2.7556
v  -0.7184 -2.5382 -2.7560
v  -0.7255 -2.5123 -2.7567
v  -0.7189 -2.4861 -2.7577
v  -0.6998 -2.4668 -2.7585
v  -0.6734 -2.4593 -2.7590
v  -0.6469 -2.4663 -2.7590
v  -0.6271 -2.4860 -2.7585
v  -0.6196 -2.5120 -2.7551
v  -0.6275 -2.5384 -2.7566
v  -0.6460 -2.5590 -2.7497
v  -0.6731 -2.5660 -2.7499
v  -0.7000 -2.5587 -2.7497
v  -0.7198 -2.5391 -2.7497
v  -0.7274 -2.5121 -2.7497
v  -0.7204 -2.4847 -2.7497
v  -0.7007 -2.4644 -2.7497
v  -0.6732 -2.4567 -2.7498
v  -0.6455 -2.4641 -2.7499
v  -0.6252 -2.4845 -2.7499
v  -0.6259 -2.5394 -2.7500
v  -0.6442 -2.5627 -2.6994
v  -0.6742 -2.5702 -2.6990
v  -0.7034 -2.5616 -2.6987
v  -0.7249 -2.5391 -2.6990
v  -0.7324 -2.5100 -2.6989
v  -0.7248 -2.4804 -2.6990
v  -0.7034 -2.4588 -2.6989
v  -0.6746 -2.4503 -2.6990
v  -0.6437 -2.4570 -2.6989
v  -0.6206 -2.4795 -2.6989
v  -0.6127 -2.5107 -2.6986
v  -0.6210 -2.5409 -2.6988
v  -0.6734 -2.5547 -2.6488
v  -0.6518 -2.5490 -2.6490
v  -0.6954 -2.5494 -2.6483
v  -0.7113 -2.5337 -2.6476
v  -0.7168 -2.5117 -2.6467
v  -0.7109 -2.4896 -2.6462
v  -0.6954 -2.4736 -2.6460
v  -0.6735 -2.4680 -2.6462
v  -0.6517 -2.4741 -2.6467
v  -0.6356 -2.4900 -2.6475
v  -0.6298 -2.5115 -2.6483
v  -0.6362 -2.5334 -2.6488
v  0.0327 -3.2840 -2.7604
v  0.0129 -3.2959 -2.7600
v  0.0068 -3.2781 -2.7609
v  0.0198 -3.2719 -2.7609
v  -0.0129 -3.2960 -2.7600
v  -0.0080 -3.2777 -2.7606
v  -0.0333 -3.2840 -2.7604
v  -0.0191 -3.2706 -2.7611
v  -0.0446 -3.2644 -2.7611
v  -0.0260 -3.2589 -2.7613
v  -0.0447 -3.2416 -2.7619
v  -0.0260 -3.2445 -2.7618
v  -0.0333 -3.2202 -2.7627
v  -0.0196 -3.2324 -2.7622
v  -0.0123 -3.2073 -2.7631
v  -0.0073 -3.2257 -2.7625
v  0.0116 -3.2073 -2.7631
v  0.0072 -3.2258 -2.7625
v  0.0333 -3.2198 -2.7627
v  0.0194 -3.2326 -2.7622
v  0.0442 -3.2390 -2.7620
v  0.0268 -3.2450 -2.7618
v  0.0445 -3.2637 -2.7611
v  0.0261 -3.2591 -2.7614
v  0.0382 -3.2902 -2.7497
v  0.0138 -3.3040 -2.7499
v  -0.0141 -3.3039 -2.7497
v  -0.0383 -3.2901 -2.7497
v  -0.0526 -3.2660 -2.7497
v  -0.0529 -3.2377 -2.7497
v  -0.0391 -3.2131 -2.7497
v  -0.0145 -3.1985 -2.7498
v  0.0141 -3.1984 -2.7499
v  0.0390 -3.2129 -2.7499
v  0.0525 -3.2661 -2.7500
v  0.0106 -3.2931 -2.6488
v  0.0300 -3.2821 -2.6490
v  -0.0120 -3.2937 -2.6483
v  -0.0315 -3.2827 -2.6476
v  -0.0425 -3.2629 -2.6467
v  -0.0425 -3.2400 -2.6462
v  -0.0316 -3.2205 -2.6460
v  -0.0119 -3.2094 -2.6462
v  0.0107 -3.2097 -2.6467
v  0.0303 -3.2209 -2.6475
v  0.0415 -3.2401 -2.6483
v  0.0410 -3.2630 -2.6488
v  0.0409 -3.2933 -2.6994
v  0.0138 -3.3083 -2.6990
v  -0.0167 -3.3076 -2.6987
v  -0.0432 -3.2914 -2.6990
v  -0.0580 -3.2652 -2.6989
v  -0.0583 -3.2347 -2.6990
v  -0.0432 -3.2083 -2.6989
v  -0.0176 -3.1927 -2.6990
v  0.0140 -3.1911 -2.6989
v  0.0421 -3.2068 -2.6989
v  0.0578 -3.2350 -2.6986
v  0.0577 -3.2662 -2.6988
v  0.0370 -3.2889 -2.7559
v  0.0138 -3.3024 -2.7553
v  -0.0136 -3.3023 -2.7556
v  -0.0371 -3.2889 -2.7560
v  -0.0507 -3.2657 -2.7567
v  -0.0511 -3.2387 -2.7577
v  -0.0377 -3.2151 -2.7585
v  -0.0141 -3.2011 -2.7590
v  0.0133 -3.2009 -2.7590
v  0.0375 -3.2148 -2.7585
v  0.0515 -3.2381 -2.7551
v  0.0507 -3.2656 -2.7566
v  0.0328 -2.6328 -2.7604
v  0.0130 -2.6446 -2.7600
v  0.0070 -2.6268 -2.7609
v  0.0200 -2.6207 -2.7609
v  -0.0128 -2.6448 -2.7600
v  -0.0079 -2.6265 -2.7606
v  -0.0331 -2.6327 -2.7604
v  -0.0190 -2.6193 -2.7611
v  -0.0444 -2.6132 -2.7611
v  -0.0259 -2.6077 -2.7613
v  -0.0445 -2.5903 -2.7619
v  -0.0258 -2.5932 -2.7618
v  -0.0331 -2.5689 -2.7627
v  -0.0194 -2.5811 -2.7622
v  -0.0121 -2.5561 -2.7631
v  -0.0071 -2.5745 -2.7625
v  0.0117 -2.5561 -2.7631
v  0.0073 -2.5746 -2.7625
v  0.0335 -2.5686 -2.7627
v  0.0196 -2.5814 -2.7622
v  0.0443 -2.5877 -2.7620
v  0.0270 -2.5937 -2.7618
v  0.0446 -2.6125 -2.7611
v  0.0262 -2.6078 -2.7614
v  0.0372 -2.6377 -2.7559
v  0.0140 -2.6512 -2.7553
v  -0.0135 -2.6511 -2.7556
v  -0.0370 -2.6376 -2.7560
v  -0.0505 -2.6145 -2.7567
v  -0.0509 -2.5875 -2.7577
v  -0.0375 -2.5639 -2.7585
v  -0.0139 -2.5498 -2.7590
v  0.0135 -2.5497 -2.7590
v  0.0377 -2.5636 -2.7585
v  0.0516 -2.5868 -2.7551
v  0.0509 -2.6144 -2.7566
v  0.0383 -2.6390 -2.7497
v  0.0139 -2.6528 -2.7499
v  -0.0140 -2.6527 -2.7497
v  -0.0381 -2.6389 -2.7497
v  -0.0524 -2.6147 -2.7497
v  -0.0528 -2.5865 -2.7497
v  -0.0390 -2.5618 -2.7498
v  -0.0144 -2.5473 -2.7498
v  0.0143 -2.5472 -2.7499
v  0.0392 -2.5617 -2.7499
v  0.0526 -2.6149 -2.7500
v  0.0411 -2.6421 -2.6994
v  0.0140 -2.6571 -2.6990
v  -0.0165 -2.6563 -2.6987
v  -0.0430 -2.6402 -2.6990
v  -0.0578 -2.6140 -2.6989
v  -0.0581 -2.5835 -2.6990
v  -0.0430 -2.5570 -2.6989
v  -0.0175 -2.5414 -2.6990
v  0.0141 -2.5399 -2.6989
v  0.0423 -2.5556 -2.6989
v  0.0580 -2.5837 -2.6986
v  0.0578 -2.6150 -2.6988
v  0.0108 -2.6419 -2.6488
v  0.0302 -2.6308 -2.6490
v  -0.0119 -2.6425 -2.6483
v  -0.0313 -2.6315 -2.6476
v  -0.0423 -2.6117 -2.6467
v  -0.0424 -2.5888 -2.6462
v  -0.0315 -2.5693 -2.6460
v  -0.0118 -2.5582 -2.6462
v  0.0109 -2.5585 -2.6467
v  0.0305 -2.5696 -2.6475
v  0.0417 -2.5889 -2.6483
v  0.0411 -2.6117 -2.6488
v  0.8815 -3.1637 -2.7604
v  0.8655 -3.1802 -2.7600
v  0.8550 -3.1646 -2.7609
v  0.8660 -3.1553 -2.7609
v  0.8406 -3.1871 -2.7600
v  0.8406 -3.1681 -2.7606
v  0.8178 -3.1807 -2.7604
v  0.8280 -3.1641 -2.7611
v  0.8018 -3.1647 -2.7611
v  0.8183 -3.1546 -2.7613
v  0.7958 -3.1427 -2.7619
v  0.8147 -3.1406 -2.7618
v  0.8013 -3.1191 -2.7627
v  0.8177 -3.1273 -2.7622
v  0.8183 -3.1012 -2.7631
v  0.8278 -3.1177 -2.7625
v  0.8413 -3.0951 -2.7631
v  0.8418 -3.1141 -2.7625
v  0.8655 -3.1015 -2.7627
v  0.8554 -3.1174 -2.7622
v  0.8810 -3.1172 -2.7620
v  0.8658 -3.1274 -2.7618
v  0.8877 -3.1410 -2.7611
v  0.8687 -3.1413 -2.7614
v  0.8884 -3.1683 -2.7497
v  0.8684 -3.1878 -2.7499
v  0.8415 -3.1950 -2.7497
v  0.8145 -3.1879 -2.7497
v  0.7945 -3.1683 -2.7497
v  0.7869 -3.1411 -2.7497
v  0.7938 -3.1137 -2.7497
v  0.8138 -3.0933 -2.7498
v  0.8415 -3.0858 -2.7499
v  0.8692 -3.0934 -2.7499
v  0.8960 -3.1412 -2.7500
v  0.8626 -3.1782 -2.6488
v  0.8784 -3.1625 -2.6490
v  0.8409 -3.1846 -2.6483
v  0.8192 -3.1790 -2.6476
v  0.8035 -3.1627 -2.6467
v  0.7975 -3.1406 -2.6462
v  0.8030 -3.1189 -2.6460
v  0.8191 -3.1031 -2.6462
v  0.8411 -3.0975 -2.6467
v  0.8629 -3.1033 -2.6475
v  0.8787 -3.1190 -2.6483
v  0.8841 -3.1412 -2.6488
v  0.8919 -3.1705 -2.6994
v  0.8696 -3.1920 -2.6990
v  0.8400 -3.1992 -2.6987
v  0.8102 -3.1904 -2.6990
v  0.7891 -3.1690 -2.6989
v  0.7809 -3.1396 -2.6990
v  0.7886 -3.1101 -2.6989
v  0.8093 -3.0885 -2.6990
v  0.8394 -3.0788 -2.6989
v  0.8707 -3.0867 -2.6989
v  0.8931 -3.1098 -2.6986
v  0.9011 -3.1400 -2.6988
v  0.8870 -3.1673 -2.7559
v  0.8681 -3.1863 -2.7553
v  0.8415 -3.1933 -2.7556
v  0.8153 -3.1864 -2.7560
v  0.7963 -3.1676 -2.7567
v  0.7889 -3.1416 -2.7577
v  0.7957 -3.1153 -2.7585
v  0.8149 -3.0956 -2.7590
v  0.8413 -3.0884 -2.7590
v  0.8683 -3.0956 -2.7585
v  0.8878 -3.1144 -2.7551
v  0.8942 -3.1412 -2.7566
v  0.7131 -2.5346 -2.7604
v  0.6971 -2.5512 -2.7600
v  0.6866 -2.5355 -2.7609
v  0.6976 -2.5262 -2.7609
v  0.6722 -2.5580 -2.7600
v  0.6722 -2.5390 -2.7606
v  0.6494 -2.5516 -2.7604
v  0.6596 -2.5350 -2.7611
v  0.6334 -2.5356 -2.7611
v  0.6499 -2.5255 -2.7613
v  0.6274 -2.5136 -2.7619
v  0.6463 -2.5116 -2.7618
v  0.6329 -2.4900 -2.7627
v  0.6493 -2.4982 -2.7622
v  0.6499 -2.4721 -2.7631
v  0.6594 -2.4886 -2.7625
v  0.6729 -2.4660 -2.7631
v  0.6734 -2.4850 -2.7625
v  0.6971 -2.4724 -2.7627
v  0.6870 -2.4884 -2.7622
v  0.7126 -2.4881 -2.7620
v  0.6974 -2.4983 -2.7618
v  0.7193 -2.5119 -2.7611
v  0.7003 -2.5122 -2.7614
v  0.7186 -2.5382 -2.7559
v  0.6997 -2.5572 -2.7553
v  0.6731 -2.5643 -2.7556
v  0.6469 -2.5573 -2.7560
v  0.6279 -2.5385 -2.7567
v  0.6205 -2.5125 -2.7577
v  0.6273 -2.4862 -2.7585
v  0.6465 -2.4665 -2.7590
v  0.6729 -2.4593 -2.7590
v  0.6999 -2.4665 -2.7585
v  0.7194 -2.4853 -2.7551
v  0.7258 -2.5121 -2.7566
v  0.7200 -2.5392 -2.7497
v  0.7000 -2.5588 -2.7499
v  0.6731 -2.5659 -2.7497
v  0.6461 -2.5588 -2.7497
v  0.6261 -2.5392 -2.7497
v  0.6185 -2.5120 -2.7497
v  0.6254 -2.4846 -2.7497
v  0.6454 -2.4642 -2.7498
v  0.6731 -2.4567 -2.7499
v  0.7008 -2.4643 -2.7499
v  0.7276 -2.5121 -2.7500
v  0.7235 -2.5414 -2.6994
v  0.7012 -2.5630 -2.6990
v  0.6716 -2.5701 -2.6987
v  0.6418 -2.5614 -2.6990
v  0.6207 -2.5399 -2.6989
v  0.6125 -2.5105 -2.6990
v  0.6202 -2.4810 -2.6989
v  0.6409 -2.4594 -2.6990
v  0.6710 -2.4497 -2.6989
v  0.7023 -2.4576 -2.6989
v  0.7247 -2.4807 -2.6986
v  0.7327 -2.5109 -2.6988
v  0.6942 -2.5491 -2.6488
v  0.7100 -2.5334 -2.6490
v  0.6725 -2.5555 -2.6483
v  0.6508 -2.5499 -2.6476
v  0.6351 -2.5336 -2.6467
v  0.6291 -2.5115 -2.6462
v  0.6346 -2.4899 -2.6460
v  0.6507 -2.4740 -2.6462
v  0.6727 -2.4685 -2.6467
v  0.6945 -2.4742 -2.6475
v  0.7103 -2.4899 -2.6483
v  0.7157 -2.5121 -2.6488
v  1.6703 -2.8277 -2.7604
v  1.6591 -2.8479 -2.7600
v  1.6449 -2.8355 -2.7609
v  1.6531 -2.8237 -2.7609
v  1.6368 -2.8609 -2.7600
v  1.6319 -2.8426 -2.7606
v  1.6132 -2.8606 -2.7604
v  1.6187 -2.8420 -2.7611
v  1.5936 -2.8493 -2.7611
v  1.6069 -2.8353 -2.7613
v  1.5821 -2.8296 -2.7619
v  1.5998 -2.8228 -2.7618
v  1.5813 -2.8054 -2.7627
v  1.5992 -2.8091 -2.7622
v  1.5931 -2.7838 -2.7631
v  1.6065 -2.7972 -2.7625
v  1.6137 -2.7719 -2.7631
v  1.6191 -2.7901 -2.7625
v  1.6387 -2.7718 -2.7627
v  1.6331 -2.7898 -2.7622
v  1.6577 -2.7829 -2.7620
v  1.6457 -2.7968 -2.7618
v  1.6704 -2.8042 -2.7611
v  1.6521 -2.8094 -2.7614
v  1.6782 -2.8304 -2.7497
v  1.6639 -2.8545 -2.7499
v  1.6397 -2.8683 -2.7497
v  1.6119 -2.8685 -2.7497
v  1.5875 -2.8547 -2.7497
v  1.5730 -2.8304 -2.7497
v  1.5726 -2.8021 -2.7498
v  1.5867 -2.7772 -2.7498
v  1.6115 -2.7629 -2.7499
v  1.6402 -2.7630 -2.7499
v  1.6785 -2.8023 -2.7500
v  1.6558 -2.8466 -2.6488
v  1.6670 -2.8274 -2.6490
v  1.6364 -2.8585 -2.6483
v  1.6141 -2.8587 -2.6476
v  1.5947 -2.8470 -2.6467
v  1.5832 -2.8272 -2.6462
v  1.5828 -2.8048 -2.6460
v  1.5944 -2.7854 -2.6462
v  1.6141 -2.7743 -2.6467
v  1.6367 -2.7742 -2.6475
v  1.6560 -2.7853 -2.6483
v  1.6670 -2.8053 -2.6488
v  1.6821 -2.8317 -2.6994
v  1.6661 -2.8582 -2.6990
v  1.6394 -2.8728 -2.6987
v  1.6083 -2.8720 -2.6990
v  1.5824 -2.8568 -2.6989
v  1.5669 -2.8305 -2.6990
v  1.5667 -2.8000 -2.6989
v  1.5811 -2.7738 -2.6990
v  1.6077 -2.7566 -2.6989
v  1.6399 -2.7561 -2.6989
v  1.6676 -2.7727 -2.6986
v  1.6830 -2.7998 -2.6988
v  1.6765 -2.8298 -2.7559
v  1.6632 -2.8530 -2.7553
v  1.6394 -2.8667 -2.7556
v  1.6123 -2.8668 -2.7560
v  1.5890 -2.8535 -2.7567
v  1.5751 -2.8304 -2.7577
v  1.5749 -2.8032 -2.7585
v  1.5883 -2.7792 -2.7590
v  1.6120 -2.7654 -2.7590
v  1.6399 -2.7654 -2.7585
v  1.6636 -2.7785 -2.7551
v  1.6767 -2.8027 -2.7566
v  1.3448 -2.2637 -2.7604
v  1.3336 -2.2838 -2.7600
v  1.3195 -2.2714 -2.7609
v  1.3277 -2.2596 -2.7609
v  1.3113 -2.2969 -2.7600
v  1.3064 -2.2785 -2.7606
v  1.2877 -2.2966 -2.7604
v  1.2933 -2.2779 -2.7611
v  1.2681 -2.2853 -2.7611
v  1.2814 -2.2713 -2.7613
v  1.2566 -2.2656 -2.7619
v  1.2743 -2.2587 -2.7618
v  1.2558 -2.2413 -2.7627
v  1.2738 -2.2450 -2.7622
v  1.2676 -2.2197 -2.7631
v  1.2811 -2.2331 -2.7625
v  1.2882 -2.2078 -2.7631
v  1.2936 -2.2260 -2.7625
v  1.3133 -2.2077 -2.7627
v  1.3077 -2.2257 -2.7622
v  1.3322 -2.2189 -2.7620
v  1.3202 -2.2327 -2.7618
v  1.3449 -2.2402 -2.7611
v  1.3266 -2.2453 -2.7614
v  1.3511 -2.2657 -2.7559
v  1.3377 -2.2890 -2.7553
v  1.3139 -2.3027 -2.7556
v  1.2868 -2.3028 -2.7560
v  1.2635 -2.2895 -2.7567
v  1.2496 -2.2663 -2.7577
v  1.2494 -2.2392 -2.7585
v  1.2629 -2.2152 -2.7590
v  1.2865 -2.2013 -2.7590
v  1.3144 -2.2013 -2.7585
v  1.3381 -2.2144 -2.7551
v  1.3513 -2.2387 -2.7566
v  1.3527 -2.2663 -2.7497
v  1.3384 -2.2904 -2.7499
v  1.3143 -2.3043 -2.7497
v  1.2864 -2.3044 -2.7497
v  1.2620 -2.2906 -2.7497
v  1.2476 -2.2664 -2.7497
v  1.2472 -2.2381 -2.7498
v  1.2612 -2.2132 -2.7498
v  1.2860 -2.1988 -2.7499
v  1.3148 -2.1989 -2.7499
v  1.3530 -2.2382 -2.7500
v  1.3566 -2.2676 -2.6994
v  1.3407 -2.2941 -2.6990
v  1.3139 -2.3087 -2.6987
v  1.2829 -2.3080 -2.6990
v  1.2569 -2.2927 -2.6989
v  1.2414 -2.2664 -2.6990
v  1.2412 -2.2360 -2.6989
v  1.2556 -2.2097 -2.6990
v  1.2822 -2.1925 -2.6989
v  1.3144 -2.1921 -2.6989
v  1.3421 -2.2086 -2.6986
v  1.3576 -2.2357 -2.6988
v  1.3303 -2.2826 -2.6488
v  1.3415 -2.2633 -2.6490
v  1.3110 -2.2944 -2.6483
v  1.2886 -2.2946 -2.6476
v  1.2692 -2.2829 -2.6467
v  1.2577 -2.2631 -2.6462
v  1.2574 -2.2408 -2.6460
v  1.2689 -2.2213 -2.6462
v  1.2887 -2.2102 -2.6467
v  1.3112 -2.2101 -2.6475
v  1.3305 -2.2212 -2.6483
v  1.3415 -2.2413 -2.6488
v  2.3453 -2.2991 -2.7604
v  2.3396 -2.3214 -2.7600
v  2.3228 -2.3131 -2.7609
v  2.3276 -2.2996 -2.7609
v  2.3215 -2.3398 -2.7600
v  2.3120 -2.3234 -2.7606
v  2.2986 -2.3456 -2.7604
v  2.2991 -2.3262 -2.7611
v  2.2768 -2.3398 -2.7611
v  2.2860 -2.3228 -2.7613
v  2.2605 -2.3237 -2.7619
v  2.2758 -2.3125 -2.7618
v  2.2535 -2.3005 -2.7627
v  2.2718 -2.2995 -2.7622
v  2.2593 -2.2766 -2.7631
v  2.2758 -2.2861 -2.7625
v  2.2761 -2.2598 -2.7631
v  2.2861 -2.2759 -2.7625
v  2.3003 -2.2532 -2.7627
v  2.2996 -2.2721 -2.7622
v  2.3215 -2.2591 -2.7620
v  2.3135 -2.2755 -2.7618
v  2.3392 -2.2764 -2.7611
v  2.3229 -2.2861 -2.7614
v  2.3535 -2.2996 -2.7497
v  2.3460 -2.3265 -2.7499
v  2.3263 -2.3462 -2.7497
v  2.2994 -2.3535 -2.7497
v  2.2722 -2.3466 -2.7497
v  2.2520 -2.3268 -2.7497
v  2.2443 -2.2996 -2.7498
v  2.2514 -2.2720 -2.7498
v  2.2716 -2.2516 -2.7499
v  2.2995 -2.2443 -2.7499
v  2.3466 -2.2724 -2.7500
v  2.3361 -2.3211 -2.6488
v  2.3420 -2.2996 -2.6490
v  2.3205 -2.3375 -2.6483
v  2.2990 -2.3435 -2.6476
v  2.2772 -2.3372 -2.6467
v  2.2610 -2.3211 -2.6462
v  2.2549 -2.2996 -2.6460
v  2.2610 -2.2778 -2.6462
v  2.2772 -2.2620 -2.6467
v  2.2990 -2.2561 -2.6475
v  2.3205 -2.2618 -2.6483
v  2.3362 -2.2783 -2.6488
v  2.3577 -2.2998 -2.6994
v  2.3491 -2.3296 -2.6990
v  2.3270 -2.3506 -2.6987
v  2.2969 -2.3579 -2.6990
v  2.2679 -2.3499 -2.6989
v  2.2461 -2.3285 -2.6990
v  2.2380 -2.2991 -2.6989
v  2.2451 -2.2700 -2.6990
v  2.2664 -2.2466 -2.6989
v  2.2974 -2.2378 -2.6989
v  2.3284 -2.2466 -2.6986
v  2.3503 -2.2688 -2.6988
v  2.3518 -2.2995 -2.7559
v  2.3449 -2.3254 -2.7553
v  2.3255 -2.3448 -2.7556
v  2.2993 -2.3518 -2.7560
v  2.2734 -2.3450 -2.7567
v  2.2540 -2.3263 -2.7577
v  2.2468 -2.3001 -2.7585
v  2.2535 -2.2734 -2.7590
v  2.2728 -2.2540 -2.7590
v  2.2998 -2.2467 -2.7585
v  2.3260 -2.2533 -2.7551
v  2.3450 -2.2733 -2.7566
v  1.8849 -1.8385 -2.7604
v  1.8793 -1.8608 -2.7600
v  1.8624 -1.8525 -2.7609
v  1.8672 -1.8390 -2.7609
v  1.8611 -1.8792 -2.7600
v  1.8516 -1.8628 -2.7606
v  1.8382 -1.8850 -2.7604
v  1.8388 -1.8656 -2.7611
v  1.8164 -1.8792 -2.7611
v  1.8256 -1.8622 -2.7613
v  1.8002 -1.8631 -2.7619
v  1.8155 -1.8519 -2.7618
v  1.7931 -1.8399 -2.7627
v  1.8114 -1.8389 -2.7622
v  1.7989 -1.8160 -2.7631
v  1.8154 -1.8255 -2.7625
v  1.8157 -1.7991 -2.7631
v  1.8257 -1.8153 -2.7625
v  1.8399 -1.7926 -2.7627
v  1.8392 -1.8115 -2.7622
v  1.8611 -1.7985 -2.7620
v  1.8531 -1.8149 -2.7618
v  1.8789 -1.8158 -2.7611
v  1.8626 -1.8255 -2.7614
v  1.8914 -1.8389 -2.7559
v  1.8845 -1.8648 -2.7553
v  1.8651 -1.8841 -2.7556
v  1.8389 -1.8912 -2.7560
v  1.8130 -1.8844 -2.7567
v  1.7936 -1.8656 -2.7577
v  1.7864 -1.8395 -2.7585
v  1.7932 -1.8128 -2.7590
v  1.8124 -1.7934 -2.7590
v  1.8394 -1.7861 -2.7585
v  1.8657 -1.7926 -2.7551
v  1.8846 -1.8126 -2.7566
v  1.8932 -1.8390 -2.7497
v  1.8856 -1.8659 -2.7499
v  1.8659 -1.8856 -2.7497
v  1.8390 -1.8929 -2.7497
v  1.8118 -1.8860 -2.7497
v  1.7916 -1.8662 -2.7497
v  1.7839 -1.8390 -2.7497
v  1.7910 -1.8114 -2.7498
v  1.8113 -1.7910 -2.7499
v  1.8391 -1.7837 -2.7499
v  1.8862 -1.8118 -2.7500
v  1.8973 -1.8392 -2.6994
v  1.8887 -1.8690 -2.6990
v  1.8666 -1.8900 -2.6987
v  1.8365 -1.8973 -2.6990
v  1.8075 -1.8892 -2.6989
v  1.7857 -1.8679 -2.6990
v  1.7777 -1.8385 -2.6989
v  1.7847 -1.8094 -2.6990
v  1.8060 -1.7860 -2.6989
v  1.8370 -1.7772 -2.6989
v  1.8680 -1.7860 -2.6986
v  1.8900 -1.8082 -2.6988
v  1.8757 -1.8605 -2.6488
v  1.8816 -1.8390 -2.6490
v  1.8601 -1.8769 -2.6483
v  1.8386 -1.8829 -2.6476
v  1.8168 -1.8766 -2.6467
v  1.8006 -1.8605 -2.6462
v  1.7945 -1.8390 -2.6460
v  1.8006 -1.8172 -2.6462
v  1.8168 -1.8014 -2.6467
v  1.8386 -1.7954 -2.6475
v  1.8601 -1.8011 -2.6483
v  1.8759 -1.8177 -2.6488
v  2.8604 -1.6137 -2.7604
v  2.8608 -1.6368 -2.7600
v  2.8423 -1.6331 -2.7609
v  2.8435 -1.6188 -2.7609
v  2.8480 -1.6592 -2.7600
v  2.8346 -1.6458 -2.7606
v  2.8274 -1.6708 -2.7604
v  2.8228 -1.6519 -2.7611
v  2.8048 -1.6708 -2.7611
v  2.8093 -1.6520 -2.7613
v  2.7849 -1.6595 -2.7619
v  2.7968 -1.6447 -2.7618
v  2.7721 -1.6389 -2.7627
v  2.7895 -1.6331 -2.7622
v  2.7715 -1.6143 -2.7631
v  2.7899 -1.6192 -2.7625
v  2.7834 -1.5937 -2.7631
v  2.7972 -1.6067 -2.7625
v  2.8051 -1.5811 -2.7627
v  2.8092 -1.5995 -2.7622
v  2.8271 -1.5812 -2.7620
v  2.8236 -1.5992 -2.7618
v  2.8487 -1.5934 -2.7611
v  2.8355 -1.6070 -2.7614
v  2.8685 -1.6121 -2.7497
v  2.8682 -1.6401 -2.7499
v  2.8542 -1.6642 -2.7497
v  2.8302 -1.6782 -2.7497
v  2.8021 -1.6785 -2.7497
v  2.7775 -1.6647 -2.7497
v  2.7630 -1.6404 -2.7498
v  2.7627 -1.6118 -2.7498
v  2.7770 -1.5870 -2.7499
v  2.8020 -1.5727 -2.7499
v  2.8548 -1.5876 -2.7500
v  2.8572 -1.6374 -2.6488
v  2.8574 -1.6151 -2.6490
v  2.8464 -1.6573 -2.6483
v  2.8272 -1.6686 -2.6476
v  2.8045 -1.6682 -2.6467
v  2.7847 -1.6568 -2.6462
v  2.7732 -1.6376 -2.6460
v  2.7735 -1.6150 -2.6462
v  2.7850 -1.5956 -2.6467
v  2.8045 -1.5842 -2.6475
v  2.8268 -1.5841 -2.6483
v  2.8463 -1.5960 -2.6488
v  2.8726 -1.6112 -2.6994
v  2.8720 -1.6422 -2.6990
v  2.8561 -1.6682 -2.6987
v  2.8289 -1.6831 -2.6990
v  2.7988 -1.6828 -2.6989
v  2.7722 -1.6678 -2.6990
v  2.7568 -1.6415 -2.6989
v  2.7561 -1.6116 -2.6990
v  2.7706 -1.5835 -2.6989
v  2.7983 -1.5669 -2.6989
v  2.8305 -1.5674 -2.6986
v  2.8575 -1.5832 -2.6988
v  2.8668 -1.6124 -2.7559
v  2.8669 -1.6392 -2.7553
v  2.8531 -1.6630 -2.7556
v  2.8297 -1.6766 -2.7560
v  2.8029 -1.6767 -2.7567
v  2.7793 -1.6636 -2.7577
v  2.7655 -1.6402 -2.7585
v  2.7652 -1.6127 -2.7590
v  2.7787 -1.5889 -2.7590
v  2.8029 -1.5749 -2.7585
v  2.8300 -1.5744 -2.7551
v  2.8535 -1.5889 -2.7566
v  2.2965 -1.2880 -2.7604
v  2.2968 -1.3110 -2.7600
v  2.2784 -1.3074 -2.7609
v  2.2796 -1.2930 -2.7609
v  2.2841 -1.3335 -2.7600
v  2.2707 -1.3200 -2.7606
v  2.2635 -1.3450 -2.7604
v  2.2589 -1.3261 -2.7611
v  2.2409 -1.3450 -2.7611
v  2.2454 -1.3263 -2.7613
v  2.2210 -1.3337 -2.7619
v  2.2329 -1.3190 -2.7618
v  2.2082 -1.3131 -2.7627
v  2.2256 -1.3074 -2.7622
v  2.2076 -1.2885 -2.7631
v  2.2260 -1.2934 -2.7625
v  2.2195 -1.2679 -2.7631
v  2.2333 -1.2810 -2.7625
v  2.2412 -1.2553 -2.7627
v  2.2453 -1.2737 -2.7622
v  2.2632 -1.2555 -2.7620
v  2.2597 -1.2735 -2.7618
v  2.2848 -1.2676 -2.7611
v  2.2716 -1.2812 -2.7614
v  2.3029 -1.2867 -2.7559
v  2.3030 -1.3135 -2.7553
v  2.2892 -1.3372 -2.7556
v  2.2658 -1.3508 -2.7560
v  2.2390 -1.3510 -2.7567
v  2.2154 -1.3379 -2.7577
v  2.2016 -1.3145 -2.7585
v  2.2013 -1.2870 -2.7590
v  2.2148 -1.2632 -2.7590
v  2.2390 -1.2492 -2.7585
v  2.2661 -1.2487 -2.7551
v  2.2895 -1.2631 -2.7566
v  2.3046 -1.2863 -2.7497
v  2.3043 -1.3143 -2.7499
v  2.2903 -1.3384 -2.7497
v  2.2663 -1.3525 -2.7497
v  2.2382 -1.3528 -2.7497
v  2.2136 -1.3389 -2.7497
v  2.1991 -1.3147 -2.7498
v  2.1988 -1.2861 -2.7498
v  2.2131 -1.2612 -2.7499
v  2.2381 -1.2469 -2.7499
v  2.2909 -1.2618 -2.7500
v  2.3087 -1.2855 -2.6994
v  2.3081 -1.3165 -2.6990
v  2.2922 -1.3425 -2.6987
v  2.2650 -1.3573 -2.6990
v  2.2349 -1.3571 -2.6989
v  2.2083 -1.3421 -2.6990
v  2.1929 -1.3158 -2.6989
v  2.1922 -1.2858 -2.6990
v  2.2067 -1.2577 -2.6989
v  2.2344 -1.2412 -2.6989
v  2.2666 -1.2417 -2.6986
v  2.2936 -1.2574 -2.6988
v  2.2933 -1.3116 -2.6488
v  2.2935 -1.2893 -2.6490
v  2.2825 -1.3315 -2.6483
v  2.2633 -1.3429 -2.6476
v  2.2406 -1.3425 -2.6467
v  2.2208 -1.3311 -2.6462
v  2.2093 -1.3119 -2.6460
v  2.2096 -1.2893 -2.6462
v  2.2211 -1.2698 -2.6467
v  2.2406 -1.2584 -2.6475
v  2.2629 -1.2583 -2.6483
v  2.2824 -1.2703 -2.6488
v  3.1806 -0.8184 -2.7604
v  3.1869 -0.8406 -2.7600
v  3.1681 -0.8418 -2.7609
v  3.1656 -0.8277 -2.7609
v  3.1804 -0.8656 -2.7600
v  3.1639 -0.8561 -2.7606
v  3.1635 -0.8821 -2.7604
v  3.1542 -0.8650 -2.7611
v  3.1416 -0.8879 -2.7611
v  3.1411 -0.8686 -2.7613
v  3.1196 -0.8822 -2.7619
v  3.1272 -0.8648 -2.7618
v  3.1018 -0.8656 -2.7627
v  3.1172 -0.8555 -2.7622
v  3.0949 -0.8420 -2.7631
v  3.1139 -0.8419 -2.7625
v  3.1011 -0.8189 -2.7631
v  3.1178 -0.8280 -2.7625
v  3.1187 -0.8012 -2.7627
v  3.1275 -0.8179 -2.7622
v  3.1400 -0.7956 -2.7620
v  3.1413 -0.8139 -2.7618
v  3.1640 -0.8018 -2.7611
v  3.1548 -0.8183 -2.7614
v  3.1880 -0.8147 -2.7497
v  3.1950 -0.8419 -2.7499
v  3.1877 -0.8688 -2.7497
v  3.1681 -0.8885 -2.7497
v  3.1411 -0.8961 -2.7497
v  3.1137 -0.8891 -2.7497
v  3.0934 -0.8694 -2.7497
v  3.0857 -0.8419 -2.7498
v  3.0931 -0.8142 -2.7499
v  3.1136 -0.7939 -2.7499
v  3.1684 -0.7946 -2.7500
v  3.1837 -0.8421 -2.6488
v  3.1780 -0.8205 -2.6490
v  3.1784 -0.8641 -2.6483
v  3.1627 -0.8801 -2.6476
v  3.1407 -0.8855 -2.6467
v  3.1186 -0.8797 -2.6462
v  3.1026 -0.8641 -2.6460
v  3.0970 -0.8422 -2.6462
v  3.1031 -0.8204 -2.6467
v  3.1190 -0.8043 -2.6475
v  3.1405 -0.7985 -2.6483
v  3.1624 -0.8050 -2.6488
v  3.1917 -0.8129 -2.6994
v  3.1992 -0.8429 -2.6990
v  3.1906 -0.8722 -2.6987
v  3.1681 -0.8936 -2.6990
v  3.1390 -0.9011 -2.6989
v  3.1094 -0.8935 -2.6990
v  3.0878 -0.8721 -2.6989
v  3.0793 -0.8433 -2.6990
v  3.0860 -0.8124 -2.6989
v  3.1085 -0.7893 -2.6989
v  3.1397 -0.7814 -2.6986
v  3.1699 -0.7897 -2.6988
v  3.1865 -0.8155 -2.7559
v  3.1934 -0.8414 -2.7553
v  3.1863 -0.8679 -2.7556
v  3.1672 -0.8871 -2.7560
v  3.1413 -0.8942 -2.7567
v  3.1151 -0.8876 -2.7577
v  3.0958 -0.8686 -2.7585
v  3.0883 -0.8421 -2.7590
v  3.0953 -0.8156 -2.7590
v  3.1150 -0.7958 -2.7585
v  3.1410 -0.7883 -2.7551
v  3.1675 -0.7962 -2.7566
v  2.5516 -0.6497 -2.7604
v  2.5579 -0.6719 -2.7600
v  2.5391 -0.6731 -2.7609
v  2.5366 -0.6590 -2.7609
v  2.5514 -0.6969 -2.7600
v  2.5349 -0.6874 -2.7606
v  2.5345 -0.7134 -2.7604
v  2.5252 -0.6963 -2.7611
v  2.5126 -0.7192 -2.7611
v  2.5121 -0.6999 -2.7613
v  2.4906 -0.7134 -2.7619
v  2.4982 -0.6961 -2.7618
v  2.4728 -0.6969 -2.7627
v  2.4882 -0.6868 -2.7622
v  2.4659 -0.6733 -2.7631
v  2.4849 -0.6732 -2.7625
v  2.4720 -0.6502 -2.7631
v  2.4888 -0.6593 -2.7625
v  2.4897 -0.6325 -2.7627
v  2.4985 -0.6492 -2.7622
v  2.5110 -0.6269 -2.7620
v  2.5123 -0.6452 -2.7618
v  2.5350 -0.6331 -2.7611
v  2.5258 -0.6496 -2.7614
v  2.5575 -0.6468 -2.7559
v  2.5644 -0.6727 -2.7553
v  2.5573 -0.6992 -2.7556
v  2.5382 -0.7184 -2.7560
v  2.5123 -0.7255 -2.7567
v  2.4861 -0.7189 -2.7577
v  2.4668 -0.6998 -2.7585
v  2.4593 -0.6734 -2.7590
v  2.4663 -0.6469 -2.7590
v  2.4860 -0.6271 -2.7585
v  2.5120 -0.6196 -2.7551
v  2.5384 -0.6275 -2.7566
v  2.5590 -0.6460 -2.7497
v  2.5660 -0.6731 -2.7499
v  2.5587 -0.7000 -2.7497
v  2.5391 -0.7198 -2.7497
v  2.5121 -0.7274 -2.7497
v  2.4847 -0.7204 -2.7497
v  2.4644 -0.7007 -2.7497
v  2.4567 -0.6732 -2.7498
v  2.4641 -0.6455 -2.7499
v  2.4845 -0.6252 -2.7499
v  2.5394 -0.6259 -2.7500
v  2.5627 -0.6442 -2.6994
v  2.5702 -0.6742 -2.6990
v  2.5616 -0.7034 -2.6987
v  2.5391 -0.7249 -2.6990
v  2.5100 -0.7324 -2.6989
v  2.4804 -0.7248 -2.6990
v  2.4588 -0.7034 -2.6989
v  2.4503 -0.6746 -2.6990
v  2.4570 -0.6437 -2.6989
v  2.4795 -0.6206 -2.6989
v  2.5107 -0.6127 -2.6986
v  2.5409 -0.6210 -2.6988
v  2.5547 -0.6734 -2.6488
v  2.5490 -0.6518 -2.6490
v  2.5494 -0.6954 -2.6483
v  2.5337 -0.7113 -2.6476
v  2.5117 -0.7168 -2.6467
v  2.4896 -0.7109 -2.6462
v  2.4736 -0.6954 -2.6460
v  2.4680 -0.6735 -2.6462
v  2.4741 -0.6517 -2.6467
v  2.4900 -0.6356 -2.6475
v  2.5115 -0.6298 -2.6483
v  2.5334 -0.6362 -2.6488
v  3.2840 0.0327 -2.7604
v  3.2959 0.0129 -2.7600
v  3.2781 0.0068 -2.7609
v  3.2719 0.0198 -2.7609
v  3.2960 -0.0129 -2.7600
v  3.2777 -0.0080 -2.7606
v  3.2840 -0.0333 -2.7604
v  3.2706 -0.0191 -2.7611
v  3.2644 -0.0446 -2.7611
v  3.2589 -0.0260 -2.7613
v  3.2416 -0.0447 -2.7619
v  3.2445 -0.0260 -2.7618
v  3.2202 -0.0333 -2.7627
v  3.2324 -0.0196 -2.7622
v  3.2073 -0.0123 -2.7631
v  3.2257 -0.0073 -2.7625
v  3.2073 0.0116 -2.7631
v  3.2258 0.0072 -2.7625
v  3.2198 0.0333 -2.7627
v  3.2326 0.0194 -2.7622
v  3.2390 0.0442 -2.7620
v  3.2450 0.0268 -2.7618
v  3.2637 0.0445 -2.7611
v  3.2591 0.0261 -2.7614
v  3.2902 0.0382 -2.7497
v  3.3040 0.0138 -2.7499
v  3.3039 -0.0141 -2.7497
v  3.2901 -0.0383 -2.7497
v  3.2660 -0.0526 -2.7497
v  3.2377 -0.0529 -2.7497
v  3.2131 -0.0391 -2.7498
v  3.1985 -0.0145 -2.7498
v  3.1984 0.0141 -2.7499
v  3.2129 0.0390 -2.7499
v  3.2661 0.0525 -2.7500
v  3.2931 0.0106 -2.6488
v  3.2821 0.0300 -2.6490
v  3.2937 -0.0120 -2.6483
v  3.2827 -0.0315 -2.6476
v  3.2629 -0.0425 -2.6467
v  3.2400 -0.0425 -2.6462
v  3.2205 -0.0316 -2.6460
v  3.2094 -0.0119 -2.6462
v  3.2097 0.0107 -2.6467
v  3.2209 0.0303 -2.6475
v  3.2401 0.0415 -2.6483
v  3.2630 0.0410 -2.6488
v  3.2933 0.0409 -2.6994
v  3.3083 0.0138 -2.6990
v  3.3076 -0.0167 -2.6987
v  3.2914 -0.0432 -2.6990
v  3.2652 -0.0580 -2.6989
v  3.2347 -0.0583 -2.6990
v  3.2083 -0.0432 -2.6989
v  3.1927 -0.0176 -2.6990
v  3.1911 0.0140 -2.6989
v  3.2068 0.0421 -2.6989
v  3.2350 0.0578 -2.6986
v  3.2662 0.0577 -2.6988
v  3.2889 0.0370 -2.7559
v  3.3024 0.0138 -2.7553
v  3.3023 -0.0136 -2.7556
v  3.2889 -0.0371 -2.7560
v  3.2657 -0.0507 -2.7567
v  3.2387 -0.0511 -2.7577
v  3.2151 -0.0377 -2.7585
v  3.2011 -0.0141 -2.7590
v  3.2009 0.0133 -2.7590
v  3.2148 0.0375 -2.7585
v  3.2381 0.0515 -2.7551
v  3.2656 0.0507 -2.7566
v  2.6328 0.0328 -2.7604
v  2.6446 0.0130 -2.7600
v  2.6268 0.0070 -2.7609
v  2.6207 0.0200 -2.7609
v  2.6448 -0.0128 -2.7600
v  2.6265 -0.0079 -2.7606
v  2.6327 -0.0331 -2.7604
v  2.6193 -0.0190 -2.7611
v  2.6132 -0.0444 -2.7611
v  2.6077 -0.0259 -2.7613
v  2.5903 -0.0445 -2.7619
v  2.5932 -0.0258 -2.7618
v  2.5689 -0.0331 -2.7627
v  2.5811 -0.0194 -2.7622
v  2.5561 -0.0121 -2.7631
v  2.5745 -0.0071 -2.7625
v  2.5561 0.0117 -2.7631
v  2.5746 0.0073 -2.7625
v  2.5686 0.0335 -2.7627
v  2.5814 0.0196 -2.7622
v  2.5877 0.0443 -2.7620
v  2.5937 0.0270 -2.7618
v  2.6125 0.0446 -2.7611
v  2.6078 0.0262 -2.7614
v  2.6377 0.0372 -2.7559
v  2.6512 0.0140 -2.7553
v  2.6511 -0.0135 -2.7556
v  2.6376 -0.0370 -2.7560
v  2.6145 -0.0505 -2.7567
v  2.5875 -0.0509 -2.7577
v  2.5639 -0.0375 -2.7585
v  2.5498 -0.0139 -2.7590
v  2.5497 0.0135 -2.7590
v  2.5636 0.0377 -2.7585
v  2.5868 0.0516 -2.7551
v  2.6144 0.0509 -2.7566
v  2.6390 0.0383 -2.7497
v  2.6528 0.0139 -2.7499
v  2.6527 -0.0140 -2.7497
v  2.6389 -0.0381 -2.7497
v  2.6147 -0.0524 -2.7497
v  2.5865 -0.0528 -2.7497
v  2.5618 -0.0390 -2.7497
v  2.5473 -0.0144 -2.7498
v  2.5472 0.0143 -2.7499
v  2.5617 0.0392 -2.7499
v  2.6149 0.0526 -2.7500
v  2.6421 0.0411 -2.6994
v  2.6571 0.0140 -2.6990
v  2.6563 -0.0165 -2.6987
v  2.6402 -0.0430 -2.6990
v  2.6140 -0.0578 -2.6989
v  2.5835 -0.0581 -2.6990
v  2.5570 -0.0430 -2.6989
v  2.5414 -0.0175 -2.6990
v  2.5399 0.0141 -2.6989
v  2.5556 0.0423 -2.6989
v  2.5837 0.0580 -2.6986
v  2.6150 0.0578 -2.6988
v  2.6419 0.0108 -2.6488
v  2.6308 0.0302 -2.6490
v  2.6425 -0.0119 -2.6483
v  2.6315 -0.0313 -2.6476
v  2.6117 -0.0423 -2.6467
v  2.5888 -0.0424 -2.6462
v  2.5693 -0.0315 -2.6460
v  2.5582 -0.0118 -2.6462
v  2.5585 0.0109 -2.6467
v  2.5696 0.0305 -2.6475
v  2.5889 0.0417 -2.6483
v  2.6117 0.0411 -2.6488
v  3.1637 0.8815 -2.7604
v  3.1802 0.8655 -2.7600
v  3.1646 0.8550 -2.7609
v  3.1553 0.8660 -2.7609
v  3.1871 0.8406 -2.7600
v  3.1681 0.8406 -2.7606
v  3.1807 0.8178 -2.7604
v  3.1641 0.8280 -2.7611
v  3.1647 0.8018 -2.7611
v  3.1546 0.8183 -2.7613
v  3.1427 0.7958 -2.7619
v  3.1406 0.8147 -2.7618
v  3.1191 0.8013 -2.7627
v  3.1273 0.8177 -2.7622
v  3.1012 0.8183 -2.7631
v  3.1177 0.8278 -2.7625
v  3.0951 0.8413 -2.7631
v  3.1141 0.8418 -2.7625
v  3.1015 0.8655 -2.7627
v  3.1174 0.8554 -2.7622
v  3.1172 0.8810 -2.7620
v  3.1274 0.8658 -2.7618
v  3.1410 0.8877 -2.7611
v  3.1413 0.8687 -2.7614
v  3.1683 0.8884 -2.7497
v  3.1878 0.8684 -2.7499
v  3.1950 0.8415 -2.7497
v  3.1879 0.8145 -2.7497
v  3.1683 0.7945 -2.7497
v  3.1411 0.7869 -2.7497
v  3.1137 0.7938 -2.7498
v  3.0933 0.8138 -2.7498
v  3.0858 0.8415 -2.7499
v  3.0934 0.8692 -2.7499
v  3.1412 0.8960 -2.7500
v  3.1782 0.8626 -2.6488
v  3.1625 0.8784 -2.6490
v  3.1846 0.8408 -2.6483
v  3.1790 0.8192 -2.6476
v  3.1627 0.8035 -2.6467
v  3.1406 0.7975 -2.6462
v  3.1189 0.8030 -2.6460
v  3.1031 0.8191 -2.6462
v  3.0975 0.8411 -2.6467
v  3.1033 0.8629 -2.6475
v  3.1190 0.8787 -2.6483
v  3.1412 0.8841 -2.6488
v  3.1705 0.8919 -2.6994
v  3.1920 0.8696 -2.6990
v  3.1992 0.8400 -2.6987
v  3.1904 0.8102 -2.6990
v  3.1690 0.7891 -2.6989
v  3.1396 0.7809 -2.6990
v  3.1101 0.7886 -2.6989
v  3.0885 0.8093 -2.6990
v  3.0788 0.8394 -2.6989
v  3.0867 0.8707 -2.6989
v  3.1098 0.8931 -2.6986
v  3.1400 0.9011 -2.6988
v  3.1673 0.8870 -2.7559
v  3.1863 0.8681 -2.7553
v  3.1933 0.8415 -2.7556
v  3.1864 0.8153 -2.7560
v  3.1676 0.7963 -2.7567
v  3.1416 0.7889 -2.7577
v  3.1153 0.7957 -2.7585
v  3.0956 0.8149 -2.7590
v  3.0884 0.8413 -2.7590
v  3.0956 0.8683 -2.7585
v  3.1144 0.8878 -2.7551
v  3.1412 0.8942 -2.7566
v  2.5346 0.7131 -2.7604
v  2.5512 0.6971 -2.7600
v  2.5355 0.6866 -2.7609
v  2.5262 0.6976 -2.7609
v  2.5580 0.6722 -2.7600
v  2.5390 0.6722 -2.7606
v  2.5516 0.6494 -2.7604
v  2.5350 0.6596 -2.7611
v  2.5356 0.6334 -2.7611
v  2.5255 0.6499 -2.7613
v  2.5136 0.6274 -2.7619
v  2.5116 0.6463 -2.7618
v  2.4900 0.6329 -2.7627
v  2.4982 0.6493 -2.7622
v  2.4721 0.6499 -2.7631
v  2.4886 0.6594 -2.7625
v  2.4660 0.6729 -2.7631
v  2.4850 0.6734 -2.7625
v  2.4724 0.6971 -2.7627
v  2.4884 0.6870 -2.7622
v  2.4881 0.7126 -2.7620
v  2.4983 0.6974 -2.7618
v  2.5119 0.7193 -2.7611
v  2.5122 0.7003 -2.7614
v  2.5382 0.7186 -2.7559
v  2.5572 0.6997 -2.7553
v  2.5643 0.6731 -2.7556
v  2.5573 0.6469 -2.7560
v  2.5385 0.6279 -2.7567
v  2.5125 0.6205 -2.7577
v  2.4863 0.6273 -2.7585
v  2.4665 0.6465 -2.7590
v  2.4593 0.6729 -2.7590
v  2.4665 0.6999 -2.7585
v  2.4853 0.7194 -2.7551
v  2.5121 0.7258 -2.7566
v  2.5392 0.7200 -2.7497
v  2.5588 0.7000 -2.7499
v  2.5659 0.6731 -2.7497
v  2.5588 0.6461 -2.7497
v  2.5392 0.6261 -2.7497
v  2.5120 0.6185 -2.7497
v  2.4846 0.6254 -2.7497
v  2.4642 0.6454 -2.7498
v  2.4567 0.6731 -2.7499
v  2.4643 0.7008 -2.7499
v  2.5121 0.7276 -2.7500
v  2.5414 0.7235 -2.6994
v  2.5630 0.7012 -2.6990
v  2.5701 0.6716 -2.6987
v  2.5614 0.6418 -2.6990
v  2.5399 0.6207 -2.6989
v  2.5105 0.6125 -2.6990
v  2.4810 0.6202 -2.6989
v  2.4594 0.6409 -2.6990
v  2.4497 0.6710 -2.6989
v  2.4576 0.7023 -2.6989
v  2.4807 0.7247 -2.6986
v  2.5109 0.7327 -2.6988
v  2.5491 0.6942 -2.6488
v  2.5334 0.7100 -2.6490
v  2.5555 0.6725 -2.6483
v  2.5499 0.6508 -2.6476
v  2.5336 0.6351 -2.6467
v  2.5115 0.6291 -2.6462
v  2.4899 0.6346 -2.6460
v  2.4740 0.6507 -2.6462
v  2.4685 0.6727 -2.6467
v  2.4742 0.6945 -2.6475
v  2.4899 0.7103 -2.6483
v  2.5121 0.7157 -2.6488
v  2.8277 1.6703 -2.7604
v  2.8479 1.6591 -2.7600
v  2.8355 1.6449 -2.7609
v  2.8237 1.6531 -2.7609
v  2.8609 1.6368 -2.7600
v  2.8426 1.6319 -2.7606
v  2.8606 1.6132 -2.7604
v  2.8420 1.6187 -2.7611
v  2.8493 1.5936 -2.7611
v  2.8353 1.6069 -2.7613
v  2.8296 1.5821 -2.7619
v  2.8228 1.5998 -2.7618
v  2.8054 1.5813 -2.7627
v  2.8091 1.5992 -2.7622
v  2.7838 1.5931 -2.7631
v  2.7972 1.6065 -2.7625
v  2.7719 1.6137 -2.7631
v  2.7901 1.6191 -2.7625
v  2.7718 1.6387 -2.7627
v  2.7898 1.6331 -2.7622
v  2.7829 1.6577 -2.7620
v  2.7968 1.6457 -2.7618
v  2.8042 1.6704 -2.7611
v  2.8094 1.6521 -2.7614
v  2.8304 1.6782 -2.7497
v  2.8545 1.6639 -2.7499
v  2.8683 1.6397 -2.7497
v  2.8685 1.6119 -2.7497
v  2.8547 1.5875 -2.7497
v  2.8304 1.5730 -2.7497
v  2.8021 1.5726 -2.7498
v  2.7772 1.5867 -2.7498
v  2.7629 1.6115 -2.7499
v  2.7630 1.6402 -2.7499
v  2.8023 1.6785 -2.7500
v  2.8466 1.6558 -2.6488
v  2.8274 1.6670 -2.6490
v  2.8585 1.6364 -2.6483
v  2.8587 1.6141 -2.6476
v  2.8470 1.5947 -2.6467
v  2.8272 1.5832 -2.6462
v  2.8048 1.5828 -2.6460
v  2.7854 1.5944 -2.6462
v  2.7743 1.6141 -2.6467
v  2.7742 1.6367 -2.6475
v  2.7853 1.6560 -2.6483
v  2.8053 1.6670 -2.6488
v  2.8317 1.6821 -2.6994
v  2.8582 1.6661 -2.6990
v  2.8728 1.6394 -2.6987
v  2.8720 1.6083 -2.6990
v  2.8568 1.5824 -2.6989
v  2.8305 1.5669 -2.6990
v  2.8000 1.5667 -2.6989
v  2.7738 1.5811 -2.6990
v  2.7566 1.6077 -2.6989
v  2.7561 1.6399 -2.6989
v  2.7727 1.6676 -2.6986
v  2.7998 1.6830 -2.6988
v  2.8298 1.6765 -2.7559
v  2.8530 1.6632 -2.7553
v  2.8667 1.6394 -2.7556
v  2.8668 1.6123 -2.7560
v  2.8535 1.5890 -2.7567
v  2.8304 1.5751 -2.7577
v  2.8032 1.5749 -2.7585
v  2.7792 1.5883 -2.7590
v  2.7654 1.6120 -2.7590
v  2.7654 1.6399 -2.7585
v  2.7785 1.6636 -2.7551
v  2.8027 1.6767 -2.7566
v  2.2637 1.3448 -2.7604
v  2.2838 1.3336 -2.7600
v  2.2714 1.3195 -2.7609
v  2.2596 1.3277 -2.7609
v  2.2969 1.3113 -2.7600
v  2.2785 1.3064 -2.7606
v  2.2966 1.2877 -2.7604
v  2.2779 1.2933 -2.7611
v  2.2853 1.2681 -2.7611
v  2.2713 1.2814 -2.7613
v  2.2656 1.2566 -2.7619
v  2.2587 1.2743 -2.7618
v  2.2413 1.2558 -2.7627
v  2.2450 1.2737 -2.7622
v  2.2197 1.2676 -2.7631
v  2.2331 1.2811 -2.7625
v  2.2078 1.2882 -2.7631
v  2.2260 1.2936 -2.7625
v  2.2077 1.3133 -2.7627
v  2.2257 1.3077 -2.7622
v  2.2189 1.3322 -2.7620
v  2.2327 1.3202 -2.7618
v  2.2402 1.3449 -2.7611
v  2.2453 1.3266 -2.7614
v  2.2657 1.3511 -2.7559
v  2.2890 1.3377 -2.7553
v  2.3027 1.3139 -2.7556
v  2.3028 1.2868 -2.7560
v  2.2895 1.2635 -2.7567
v  2.2663 1.2496 -2.7577
v  2.2392 1.2494 -2.7585
v  2.2152 1.2629 -2.7590
v  2.2013 1.2865 -2.7590
v  2.2013 1.3144 -2.7585
v  2.2144 1.3381 -2.7551
v  2.2387 1.3513 -2.7566
v  2.2663 1.3527 -2.7497
v  2.2904 1.3384 -2.7499
v  2.3043 1.3143 -2.7497
v  2.3044 1.2864 -2.7497
v  2.2906 1.2620 -2.7497
v  2.2664 1.2476 -2.7497
v  2.2381 1.2472 -2.7497
v  2.2132 1.2612 -2.7498
v  2.1988 1.2860 -2.7499
v  2.1989 1.3148 -2.7499
v  2.2382 1.3530 -2.7500
v  2.2676 1.3566 -2.6994
v  2.2941 1.3407 -2.6990
v  2.3087 1.3139 -2.6987
v  2.3080 1.2829 -2.6990
v  2.2927 1.2569 -2.6989
v  2.2664 1.2414 -2.6990
v  2.2360 1.2412 -2.6989
v  2.2097 1.2556 -2.6990
v  2.1925 1.2822 -2.6989
v  2.1921 1.3144 -2.6989
v  2.2086 1.3421 -2.6986
v  2.2357 1.3576 -2.6988
v  2.2826 1.3303 -2.6488
v  2.2633 1.3415 -2.6490
v  2.2944 1.3110 -2.6483
v  2.2946 1.2886 -2.6476
v  2.2829 1.2692 -2.6467
v  2.2631 1.2577 -2.6462
v  2.2408 1.2574 -2.6460
v  2.2213 1.2689 -2.6462
v  2.2102 1.2887 -2.6467
v  2.2101 1.3112 -2.6475
v  2.2212 1.3305 -2.6483
v  2.2413 1.3415 -2.6488
v  2.2991 2.3453 -2.7604
v  2.3214 2.3396 -2.7600
v  2.3131 2.3228 -2.7609
v  2.2996 2.3276 -2.7609
v  2.3398 2.3215 -2.7600
v  2.3234 2.3120 -2.7606
v  2.3456 2.2986 -2.7604
v  2.3262 2.2991 -2.7611
v  2.3398 2.2768 -2.7611
v  2.3228 2.2860 -2.7613
v  2.3237 2.2605 -2.7619
v  2.3125 2.2758 -2.7618
v  2.3005 2.2535 -2.7627
v  2.2995 2.2718 -2.7622
v  2.2766 2.2593 -2.7631
v  2.2861 2.2758 -2.7625
v  2.2598 2.2761 -2.7631
v  2.2759 2.2861 -2.7625
v  2.2532 2.3003 -2.7627
v  2.2721 2.2996 -2.7622
v  2.2591 2.3215 -2.7620
v  2.2755 2.3135 -2.7618
v  2.2764 2.3392 -2.7611
v  2.2861 2.3229 -2.7614
v  2.2996 2.3535 -2.7497
v  2.3265 2.3460 -2.7499
v  2.3462 2.3263 -2.7497
v  2.3535 2.2994 -2.7497
v  2.3466 2.2722 -2.7497
v  2.3268 2.2520 -2.7497
v  2.2996 2.2443 -2.7497
v  2.2720 2.2514 -2.7498
v  2.2516 2.2716 -2.7499
v  2.2443 2.2995 -2.7499
v  2.2724 2.3466 -2.7500
v  2.3211 2.3361 -2.6488
v  2.2996 2.3420 -2.6490
v  2.3375 2.3205 -2.6483
v  2.3435 2.2990 -2.6476
v  2.3372 2.2772 -2.6467
v  2.3211 2.2610 -2.6462
v  2.2996 2.2549 -2.6460
v  2.2778 2.2610 -2.6462
v  2.2620 2.2772 -2.6467
v  2.2561 2.2990 -2.6475
v  2.2618 2.3205 -2.6483
v  2.2783 2.3362 -2.6488
v  2.2998 2.3577 -2.6994
v  2.3296 2.3491 -2.6990
v  2.3506 2.3270 -2.6987
v  2.3579 2.2969 -2.6990
v  2.3499 2.2679 -2.6989
v  2.3285 2.2461 -2.6990
v  2.2991 2.2380 -2.6989
v  2.2700 2.2451 -2.6990
v  2.2466 2.2664 -2.6989
v  2.2378 2.2974 -2.6989
v  2.2466 2.3284 -2.6986
v  2.2688 2.3503 -2.6988
v  2.2995 2.3518 -2.7559
v  2.3254 2.3449 -2.7553
v  2.3447 2.3255 -2.7556
v  2.3518 2.2993 -2.7560
v  2.3450 2.2734 -2.7567
v  2.3263 2.2540 -2.7577
v  2.3001 2.2468 -2.7585
v  2.2734 2.2535 -2.7590
v  2.2540 2.2728 -2.7590
v  2.2467 2.2998 -2.7585
v  2.2533 2.3260 -2.7551
v  2.2733 2.3450 -2.7566
v  1.8385 1.8849 -2.7604
v  1.8608 1.8793 -2.7600
v  1.8525 1.8624 -2.7609
v  1.8390 1.8672 -2.7609
v  1.8792 1.8611 -2.7600
v  1.8628 1.8516 -2.7606
v  1.8850 1.8382 -2.7604
v  1.8656 1.8388 -2.7611
v  1.8792 1.8164 -2.7611
v  1.8622 1.8256 -2.7613
v  1.8631 1.8002 -2.7619
v  1.8519 1.8155 -2.7618
v  1.8399 1.7931 -2.7627
v  1.8389 1.8114 -2.7622
v  1.8160 1.7989 -2.7631
v  1.8255 1.8154 -2.7625
v  1.7991 1.8157 -2.7631
v  1.8153 1.8257 -2.7625
v  1.7926 1.8399 -2.7627
v  1.8115 1.8392 -2.7622
v  1.7985 1.8611 -2.7620
v  1.8149 1.8531 -2.7618
v  1.8158 1.8789 -2.7611
v  1.8255 1.8626 -2.7614
v  1.8389 1.8914 -2.7559
v  1.8648 1.8845 -2.7553
v  1.8841 1.8651 -2.7556
v  1.8912 1.8389 -2.7560
v  1.8844 1.8130 -2.7567
v  1.8656 1.7936 -2.7577
v  1.8395 1.7864 -2.7585
v  1.8128 1.7932 -2.7590
v  1.7934 1.8124 -2.7590
v  1.7861 1.8394 -2.7585
v  1.7926 1.8657 -2.7551
v  1.8126 1.8846 -2.7566
v  1.8390 1.8932 -2.7497
v  1.8659 1.8856 -2.7499
v  1.8856 1.8659 -2.7497
v  1.8929 1.8390 -2.7497
v  1.8859 1.8118 -2.7497
v  1.8662 1.7916 -2.7497
v  1.8390 1.7839 -2.7498
v  1.8114 1.7910 -2.7498
v  1.7910 1.8113 -2.7499
v  1.7837 1.8391 -2.7499
v  1.8118 1.8862 -2.7500
v  1.8392 1.8973 -2.6994
v  1.8690 1.8887 -2.6990
v  1.8900 1.8666 -2.6987
v  1.8973 1.8365 -2.6990
v  1.8892 1.8075 -2.6989
v  1.8679 1.7857 -2.6990
v  1.8385 1.7777 -2.6989
v  1.8094 1.7847 -2.6990
v  1.7860 1.8060 -2.6989
v  1.7772 1.8370 -2.6989
v  1.7860 1.8680 -2.6986
v  1.8082 1.8900 -2.6988
v  1.8605 1.8757 -2.6488
v  1.8390 1.8816 -2.6490
v  1.8769 1.8601 -2.6483
v  1.8829 1.8386 -2.6476
v  1.8766 1.8168 -2.6467
v  1.8605 1.8006 -2.6462
v  1.8390 1.7945 -2.6460
v  1.8172 1.8006 -2.6462
v  1.8014 1.8168 -2.6467
v  1.7954 1.8386 -2.6475
v  1.8011 1.8601 -2.6483
v  1.8177 1.8759 -2.6488
v  1.6137 2.8604 -2.7604
v  1.6368 2.8608 -2.7600
v  1.6331 2.8423 -2.7609
v  1.6188 2.8435 -2.7609
v  1.6592 2.8480 -2.7600
v  1.6458 2.8346 -2.7606
v  1.6708 2.8274 -2.7604
v  1.6518 2.8228 -2.7611
v  1.6708 2.8048 -2.7611
v  1.6520 2.8093 -2.7613
v  1.6595 2.7849 -2.7619
v  1.6447 2.7968 -2.7618
v  1.6389 2.7721 -2.7627
v  1.6331 2.7895 -2.7622
v  1.6143 2.7715 -2.7631
v  1.6192 2.7899 -2.7625
v  1.5937 2.7834 -2.7631
v  1.6067 2.7972 -2.7625
v  1.5811 2.8051 -2.7627
v  1.5995 2.8092 -2.7622
v  1.5812 2.8271 -2.7620
v  1.5992 2.8236 -2.7618
v  1.5934 2.8487 -2.7611
v  1.6070 2.8355 -2.7614
v  1.6121 2.8685 -2.7497
v  1.6401 2.8682 -2.7499
v  1.6642 2.8542 -2.7497
v  1.6782 2.8302 -2.7497
v  1.6785 2.8021 -2.7497
v  1.6647 2.7775 -2.7497
v  1.6404 2.7630 -2.7497
v  1.6118 2.7627 -2.7498
v  1.5870 2.7770 -2.7499
v  1.5727 2.8020 -2.7499
v  1.5876 2.8548 -2.7500
v  1.6374 2.8572 -2.6488
v  1.6151 2.8574 -2.6490
v  1.6573 2.8464 -2.6483
v  1.6686 2.8272 -2.6476
v  1.6682 2.8045 -2.6467
v  1.6568 2.7847 -2.6462
v  1.6376 2.7732 -2.6460
v  1.6150 2.7735 -2.6462
v  1.5956 2.7850 -2.6467
v  1.5842 2.8045 -2.6475
v  1.5841 2.8268 -2.6483
v  1.5960 2.8463 -2.6488
v  1.6112 2.8726 -2.6994
v  1.6422 2.8720 -2.6990
v  1.6682 2.8561 -2.6987
v  1.6831 2.8289 -2.6990
v  1.6828 2.7988 -2.6989
v  1.6678 2.7722 -2.6990
v  1.6415 2.7568 -2.6989
v  1.6116 2.7561 -2.6990
v  1.5835 2.7706 -2.6989
v  1.5669 2.7983 -2.6989
v  1.5674 2.8305 -2.6986
v  1.5832 2.8575 -2.6988
v  1.6124 2.8668 -2.7559
v  1.6392 2.8669 -2.7553
v  1.6630 2.8531 -2.7556
v  1.6766 2.8297 -2.7560
v  1.6767 2.8029 -2.7567
v  1.6636 2.7793 -2.7577
v  1.6402 2.7655 -2.7585
v  1.6127 2.7652 -2.7590
v  1.5889 2.7787 -2.7590
v  1.5749 2.8029 -2.7585
v  1.5744 2.8300 -2.7551
v  1.5889 2.8535 -2.7566
v  1.2880 2.2965 -2.7604
v  1.3110 2.2968 -2.7600
v  1.3074 2.2784 -2.7609
v  1.2930 2.2796 -2.7609
v  1.3335 2.2841 -2.7600
v  1.3200 2.2707 -2.7606
v  1.3450 2.2635 -2.7604
v  1.3261 2.2589 -2.7611
v  1.3450 2.2409 -2.7611
v  1.3263 2.2454 -2.7613
v  1.3337 2.2210 -2.7619
v  1.3190 2.2329 -2.7618
v  1.3131 2.2082 -2.7627
v  1.3074 2.2256 -2.7622
v  1.2885 2.2076 -2.7631
v  1.2934 2.2260 -2.7625
v  1.2679 2.2195 -2.7631
v  1.2810 2.2333 -2.7625
v  1.2553 2.2412 -2.7627
v  1.2737 2.2453 -2.7622
v  1.2555 2.2632 -2.7620
v  1.2735 2.2597 -2.7618
v  1.2676 2.2848 -2.7611
v  1.2812 2.2716 -2.7614
v  1.2867 2.3029 -2.7559
v  1.3135 2.3030 -2.7553
v  1.3372 2.2892 -2.7556
v  1.3508 2.2658 -2.7560
v  1.3510 2.2390 -2.7567
v  1.3379 2.2154 -2.7577
v  1.3145 2.2016 -2.7585
v  1.2870 2.2013 -2.7590
v  1.2632 2.2148 -2.7590
v  1.2492 2.2390 -2.7585
v  1.2487 2.2661 -2.7551
v  1.2631 2.2895 -2.7566
v  1.2863 2.3046 -2.7497
v  1.3143 2.3043 -2.7499
v  1.3384 2.2903 -2.7497
v  1.3525 2.2663 -2.7497
v  1.3527 2.2382 -2.7497
v  1.3389 2.2136 -2.7497
v  1.3147 2.1991 -2.7497
v  1.2861 2.1988 -2.7498
v  1.2612 2.2131 -2.7499
v  1.2469 2.2381 -2.7499
v  1.2618 2.2909 -2.7500
v  1.2855 2.3087 -2.6994
v  1.3165 2.3081 -2.6990
v  1.3425 2.2922 -2.6987
v  1.3573 2.2650 -2.6990
v  1.3571 2.2349 -2.6989
v  1.3421 2.2083 -2.6990
v  1.3158 2.1929 -2.6989
v  1.2858 2.1922 -2.6990
v  1.2577 2.2067 -2.6989
v  1.2412 2.2344 -2.6989
v  1.2416 2.2666 -2.6986
v  1.2574 2.2936 -2.6988
v  1.3116 2.2933 -2.6488
v  1.2893 2.2935 -2.6490
v  1.3315 2.2825 -2.6483
v  1.3429 2.2633 -2.6476
v  1.3425 2.2406 -2.6467
v  1.3311 2.2208 -2.6462
v  1.3119 2.2093 -2.6460
v  1.2893 2.2096 -2.6462
v  1.2698 2.2211 -2.6467
v  1.2584 2.2406 -2.6475
v  1.2583 2.2629 -2.6483
v  1.2703 2.2824 -2.6488
v  0.8184 3.1806 -2.7604
v  0.8406 3.1869 -2.7600
v  0.8418 3.1681 -2.7609
v  0.8277 3.1656 -2.7609
v  0.8656 3.1804 -2.7600
v  0.8561 3.1639 -2.7606
v  0.8821 3.1635 -2.7604
v  0.8650 3.1542 -2.7611
v  0.8879 3.1416 -2.7611
v  0.8686 3.1411 -2.7613
v  0.8822 3.1196 -2.7619
v  0.8648 3.1272 -2.7618
v  0.8656 3.1018 -2.7627
v  0.8555 3.1172 -2.7622
v  0.8420 3.0949 -2.7631
v  0.8419 3.1139 -2.7625
v  0.8189 3.1011 -2.7631
v  0.8280 3.1178 -2.7625
v  0.8012 3.1187 -2.7627
v  0.8179 3.1275 -2.7622
v  0.7956 3.1400 -2.7620
v  0.8139 3.1413 -2.7618
v  0.8018 3.1640 -2.7611
v  0.8183 3.1548 -2.7614
v  0.8147 3.1880 -2.7497
v  0.8419 3.1950 -2.7499
v  0.8687 3.1877 -2.7497
v  0.8885 3.1681 -2.7497
v  0.8961 3.1411 -2.7497
v  0.8891 3.1137 -2.7497
v  0.8694 3.0934 -2.7497
v  0.8419 3.0857 -2.7498
v  0.8142 3.0931 -2.7499
v  0.7939 3.1136 -2.7499
v  0.7946 3.1684 -2.7500
v  0.8421 3.1837 -2.6488
v  0.8205 3.1780 -2.6490
v  0.8641 3.1784 -2.6483
v  0.8801 3.1627 -2.6476
v  0.8855 3.1407 -2.6467
v  0.8796 3.1186 -2.6462
v  0.8641 3.1026 -2.6460
v  0.8422 3.0970 -2.6462
v  0.8204 3.1031 -2.6467
v  0.8043 3.1190 -2.6475
v  0.7985 3.1405 -2.6483
v  0.8050 3.1624 -2.6488
v  0.8129 3.1917 -2.6994
v  0.8429 3.1992 -2.6990
v  0.8722 3.1906 -2.6987
v  0.8936 3.1681 -2.6990
v  0.9011 3.1390 -2.6989
v  0.8935 3.1094 -2.6990
v  0.8721 3.0878 -2.6989
v  0.8433 3.0793 -2.6990
v  0.8124 3.0860 -2.6989
v  0.7893 3.1085 -2.6989
v  0.7814 3.1397 -2.6986
v  0.7897 3.1699 -2.6988
v  0.8155 3.1865 -2.7559
v  0.8414 3.1934 -2.7553
v  0.8679 3.1863 -2.7556
v  0.8871 3.1672 -2.7560
v  0.8942 3.1413 -2.7567
v  0.8876 3.1151 -2.7577
v  0.8686 3.0958 -2.7585
v  0.8421 3.0883 -2.7590
v  0.8156 3.0953 -2.7590
v  0.7958 3.1150 -2.7585
v  0.7883 3.1410 -2.7551
v  0.7962 3.1675 -2.7566
v  0.6497 2.5516 -2.7604
v  0.6719 2.5579 -2.7600
v  0.6731 2.5391 -2.7609
v  0.6590 2.5366 -2.7609
v  0.6969 2.5514 -2.7600
v  0.6874 2.5349 -2.7606
v  0.7134 2.5345 -2.7604
v  0.6963 2.5252 -2.7611
v  0.7192 2.5126 -2.7611
v  0.6999 2.5121 -2.7613
v  0.7134 2.4906 -2.7619
v  0.6961 2.4982 -2.7618
v  0.6969 2.4728 -2.7627
v  0.6868 2.4882 -2.7622
v  0.6733 2.4659 -2.7631
v  0.6732 2.4849 -2.7625
v  0.6502 2.4720 -2.7631
v  0.6593 2.4888 -2.7625
v  0.6325 2.4897 -2.7627
v  0.6492 2.4985 -2.7622
v  0.6269 2.5110 -2.7620
v  0.6452 2.5123 -2.7618
v  0.6331 2.5350 -2.7611
v  0.6496 2.5258 -2.7614
v  0.6468 2.5575 -2.7559
v  0.6727 2.5644 -2.7553
v  0.6992 2.5573 -2.7556
v  0.7184 2.5382 -2.7560
v  0.7255 2.5123 -2.7567
v  0.7189 2.4861 -2.7577
v  0.6998 2.4668 -2.7585
v  0.6734 2.4593 -2.7590
v  0.6469 2.4663 -2.7590
v  0.6271 2.4860 -2.7585
v  0.6196 2.5120 -2.7551
v  0.6275 2.5384 -2.7566
v  0.6460 2.5590 -2.7497
v  0.6731 2.5660 -2.7499
v  0.7000 2.5587 -2.7497
v  0.7198 2.5391 -2.7497
v  0.7274 2.5121 -2.7497
v  0.7204 2.4847 -2.7497
v  0.7007 2.4644 -2.7498
v  0.6732 2.4567 -2.7498
v  0.6455 2.4641 -2.7499
v  0.6252 2.4845 -2.7499
v  0.6259 2.5394 -2.7500
v  0.6441 2.5627 -2.6994
v  0.6742 2.5702 -2.6990
v  0.7034 2.5616 -2.6987
v  0.7249 2.5391 -2.6990
v  0.7324 2.5100 -2.6989
v  0.7248 2.4804 -2.6990
v  0.7034 2.4588 -2.6989
v  0.6746 2.4503 -2.6990
v  0.6437 2.4570 -2.6989
v  0.6206 2.4795 -2.6989
v  0.6127 2.5107 -2.6986
v  0.6210 2.5409 -2.6988
v  0.6734 2.5547 -2.6488
v  0.6518 2.5490 -2.6490
v  0.6954 2.5494 -2.6483
v  0.7113 2.5337 -2.6476
v  0.7168 2.5117 -2.6467
v  0.7109 2.4896 -2.6462
v  0.6954 2.4736 -2.6460
v  0.6735 2.4680 -2.6462
v  0.6517 2.4741 -2.6467
v  0.6356 2.4900 -2.6475
v  0.6298 2.5115 -2.6483
v  0.6362 2.5334 -2.6488
v  -0.0327 3.2840 -2.7604
v  -0.0129 3.2959 -2.7600
v  -0.0068 3.2781 -2.7609
v  -0.0198 3.2719 -2.7609
v  0.0129 3.2960 -2.7600
v  0.0080 3.2777 -2.7606
v  0.0333 3.2840 -2.7604
v  0.0191 3.2706 -2.7611
v  0.0446 3.2644 -2.7611
v  0.0260 3.2589 -2.7613
v  0.0447 3.2416 -2.7619
v  0.0260 3.2445 -2.7618
v  0.0333 3.2202 -2.7627
v  0.0196 3.2324 -2.7622
v  0.0123 3.2073 -2.7631
v  0.0073 3.2257 -2.7625
v  -0.0116 3.2073 -2.7631
v  -0.0072 3.2258 -2.7625
v  -0.0333 3.2198 -2.7627
v  -0.0194 3.2326 -2.7622
v  -0.0442 3.2390 -2.7620
v  -0.0269 3.2450 -2.7618
v  -0.0445 3.2637 -2.7611
v  -0.0261 3.2591 -2.7614
v  -0.0382 3.2902 -2.7497
v  -0.0138 3.3040 -2.7499
v  0.0141 3.3039 -2.7497
v  0.0383 3.2901 -2.7497
v  0.0526 3.2660 -2.7497
v  0.0529 3.2377 -2.7497
v  0.0391 3.2131 -2.7497
v  0.0145 3.1985 -2.7498
v  -0.0141 3.1984 -2.7499
v  -0.0390 3.2129 -2.7499
v  -0.0525 3.2661 -2.7500
v  -0.0106 3.2931 -2.6488
v  -0.0300 3.2821 -2.6490
v  0.0120 3.2937 -2.6483
v  0.0315 3.2827 -2.6476
v  0.0425 3.2629 -2.6467
v  0.0425 3.2400 -2.6462
v  0.0316 3.2205 -2.6460
v  0.0119 3.2094 -2.6462
v  -0.0107 3.2097 -2.6467
v  -0.0303 3.2209 -2.6475
v  -0.0415 3.2401 -2.6483
v  -0.0410 3.2630 -2.6488
v  -0.0409 3.2933 -2.6994
v  -0.0138 3.3083 -2.6990
v  0.0167 3.3076 -2.6987
v  0.0432 3.2914 -2.6990
v  0.0580 3.2652 -2.6989
v  0.0583 3.2347 -2.6990
v  0.0432 3.2083 -2.6989
v  0.0176 3.1927 -2.6990
v  -0.0140 3.1911 -2.6989
v  -0.0421 3.2068 -2.6989
v  -0.0578 3.2350 -2.6986
v  -0.0577 3.2662 -2.6988
v  -0.0370 3.2889 -2.7559
v  -0.0138 3.3024 -2.7553
v  0.0136 3.3023 -2.7556
v  0.0371 3.2889 -2.7560
v  0.0507 3.2657 -2.7567
v  0.0511 3.2387 -2.7577
v  0.0377 3.2151 -2.7585
v  0.0141 3.2011 -2.7590
v  -0.0133 3.2009 -2.7590
v  -0.0375 3.2148 -2.7585
v  -0.0515 3.2381 -2.7551
v  -0.0507 3.2656 -2.7566
v  -0.0328 2.6328 -2.7604
v  -0.0130 2.6446 -2.7600
v  -0.0070 2.6268 -2.7609
v  -0.0200 2.6207 -2.7609
v  0.0128 2.6448 -2.7600
v  0.0079 2.6265 -2.7606
v  0.0331 2.6327 -2.7604
v  0.0190 2.6193 -2.7611
v  0.0444 2.6132 -2.7611
v  0.0259 2.6077 -2.7613
v  0.0445 2.5903 -2.7619
v  0.0258 2.5932 -2.7618
v  0.0331 2.5689 -2.7627
v  0.0194 2.5811 -2.7622
v  0.0121 2.5561 -2.7631
v  0.0071 2.5745 -2.7625
v  -0.0117 2.5561 -2.7631
v  -0.0073 2.5746 -2.7625
v  -0.0335 2.5686 -2.7627
v  -0.0196 2.5814 -2.7622
v  -0.0443 2.5877 -2.7620
v  -0.0270 2.5937 -2.7618
v  -0.0446 2.6125 -2.7611
v  -0.0262 2.6078 -2.7614
v  -0.0372 2.6377 -2.7559
v  -0.0140 2.6512 -2.7553
v  0.0135 2.6511 -2.7556
v  0.0370 2.6376 -2.7560
v  0.0505 2.6145 -2.7567
v  0.0509 2.5875 -2.7577
v  0.0375 2.5639 -2.7585
v  0.0139 2.5498 -2.7590
v  -0.0135 2.5497 -2.7590
v  -0.0377 2.5636 -2.7585
v  -0.0516 2.5868 -2.7551
v  -0.0509 2.6144 -2.7566
v  -0.0383 2.6390 -2.7497
v  -0.0139 2.6528 -2.7499
v  0.0140 2.6527 -2.7497
v  0.0381 2.6389 -2.7497
v  0.0524 2.6147 -2.7497
v  0.0528 2.5865 -2.7497
v  0.0390 2.5618 -2.7497
v  0.0144 2.5473 -2.7498
v  -0.0143 2.5472 -2.7499
v  -0.0392 2.5617 -2.7499
v  -0.0526 2.6149 -2.7500
v  -0.0411 2.6421 -2.6994
v  -0.0140 2.6571 -2.6990
v  0.0165 2.6563 -2.6987
v  0.0430 2.6402 -2.6990
v  0.0578 2.6140 -2.6989
v  0.0581 2.5835 -2.6990
v  0.0430 2.5570 -2.6989
v  0.0174 2.5414 -2.6990
v  -0.0141 2.5399 -2.6989
v  -0.0423 2.5556 -2.6989
v  -0.0580 2.5837 -2.6986
v  -0.0578 2.6150 -2.6988
v  -0.0108 2.6419 -2.6488
v  -0.0302 2.6308 -2.6490
v  0.0119 2.6425 -2.6483
v  0.0313 2.6315 -2.6476
v  0.0423 2.6117 -2.6467
v  0.0424 2.5888 -2.6462
v  0.0315 2.5693 -2.6460
v  0.0118 2.5582 -2.6462
v  -0.0109 2.5585 -2.6467
v  -0.0305 2.5696 -2.6475
v  -0.0417 2.5889 -2.6483
v  -0.0411 2.6117 -2.6488
v  -0.8815 3.1637 -2.7604
v  -0.8655 3.1802 -2.7600
v  -0.8550 3.1646 -2.7609
v  -0.8660 3.1553 -2.7609
v  -0.8406 3.1871 -2.7600
v  -0.8406 3.1681 -2.7606
v  -0.8178 3.1807 -2.7604
v  -0.8280 3.1641 -2.7611
v  -0.8018 3.1647 -2.7611
v  -0.8183 3.1546 -2.7613
v  -0.7958 3.1427 -2.7619
v  -0.8147 3.1406 -2.7618
v  -0.8013 3.1191 -2.7627
v  -0.8177 3.1273 -2.7622
v  -0.8183 3.1012 -2.7631
v  -0.8278 3.1177 -2.7625
v  -0.8413 3.0951 -2.7631
v  -0.8418 3.1141 -2.7625
v  -0.8655 3.1015 -2.7627
v  -0.8554 3.1174 -2.7622
v  -0.8810 3.1172 -2.7620
v  -0.8658 3.1274 -2.7618
v  -0.8877 3.1410 -2.7611
v  -0.8687 3.1413 -2.7614
v  -0.8884 3.1683 -2.7497
v  -0.8684 3.1878 -2.7499
v  -0.8415 3.1950 -2.7497
v  -0.8145 3.1879 -2.7497
v  -0.7945 3.1683 -2.7497
v  -0.7869 3.1411 -2.7497
v  -0.7938 3.1137 -2.7498
v  -0.8138 3.0933 -2.7498
v  -0.8415 3.0858 -2.7499
v  -0.8692 3.0934 -2.7499
v  -0.8960 3.1412 -2.7500
v  -0.8626 3.1782 -2.6488
v  -0.8784 3.1625 -2.6490
v  -0.8409 3.1846 -2.6483
v  -0.8192 3.1790 -2.6476
v  -0.8035 3.1627 -2.6467
v  -0.7975 3.1406 -2.6462
v  -0.8030 3.1189 -2.6460
v  -0.8191 3.1031 -2.6462
v  -0.8411 3.0975 -2.6467
v  -0.8629 3.1033 -2.6475
v  -0.8787 3.1190 -2.6483
v  -0.8841 3.1412 -2.6488
v  -0.8919 3.1705 -2.6994
v  -0.8696 3.1920 -2.6990
v  -0.8400 3.1992 -2.6987
v  -0.8102 3.1904 -2.6990
v  -0.7891 3.1690 -2.6989
v  -0.7809 3.1396 -2.6990
v  -0.7886 3.1101 -2.6989
v  -0.8093 3.0885 -2.6990
v  -0.8394 3.0788 -2.6989
v  -0.8707 3.0867 -2.6989
v  -0.8931 3.1098 -2.6986
v  -0.9011 3.1400 -2.6988
v  -0.8870 3.1673 -2.7559
v  -0.8681 3.1863 -2.7553
v  -0.8415 3.1933 -2.7556
v  -0.8153 3.1864 -2.7560
v  -0.7963 3.1676 -2.7567
v  -0.7889 3.1416 -2.7577
v  -0.7957 3.1153 -2.7585
v  -0.8149 3.0956 -2.7590
v  -0.8413 3.0884 -2.7590
v  -0.8683 3.0956 -2.7585
v  -0.8878 3.1144 -2.7551
v  -0.8942 3.1412 -2.7566
v  -0.7131 2.5346 -2.7604
v  -0.6971 2.5512 -2.7600
v  -0.6866 2.5355 -2.7609
v  -0.6976 2.5262 -2.7609
v  -0.6722 2.5580 -2.7600
v  -0.6722 2.5390 -2.7606
v  -0.6494 2.5516 -2.7604
v  -0.6596 2.5350 -2.7611
v  -0.6334 2.5356 -2.7611
v  -0.6499 2.5255 -2.7613
v  -0.6274 2.5136 -2.7619
v  -0.6463 2.5116 -2.7618
v  -0.6329 2.4900 -2.7627
v  -0.6493 2.4982 -2.7622
v  -0.6499 2.4721 -2.7631
v  -0.6594 2.4886 -2.7625
v  -0.6729 2.4660 -2.7631
v  -0.6734 2.4850 -2.7625
v  -0.6971 2.4724 -2.7627
v  -0.6870 2.4884 -2.7622
v  -0.7126 2.4881 -2.7620
v  -0.6974 2.4983 -2.7618
v  -0.7193 2.5119 -2.7611
v  -0.7003 2.5122 -2.7614
v  -0.7186 2.5382 -2.7559
v  -0.6997 2.5572 -2.7553
v  -0.6731 2.5643 -2.7556
v  -0.6469 2.5573 -2.7560
v  -0.6279 2.5385 -2.7567
v  -0.6205 2.5125 -2.7577
v  -0.6273 2.4862 -2.7585
v  -0.6465 2.4665 -2.7590
v  -0.6729 2.4593 -2.7590
v  -0.6999 2.4665 -2.7585
v  -0.7194 2.4853 -2.7551
v  -0.7258 2.5121 -2.7566
v  -0.7200 2.5392 -2.7497
v  -0.7000 2.5588 -2.7499
v  -0.6731 2.5659 -2.7497
v  -0.6461 2.5588 -2.7497
v  -0.6261 2.5392 -2.7497
v  -0.6185 2.5120 -2.7497
v  -0.6254 2.4846 -2.7497
v  -0.6454 2.4642 -2.7498
v  -0.6731 2.4567 -2.7499
v  -0.7008 2.4643 -2.7499
v  -0.7276 2.5121 -2.7500
v  -0.7235 2.5414 -2.6994
v  -0.7012 2.5630 -2.6990
v  -0.6716 2.5701 -2.6987
v  -0.6418 2.5614 -2.6990
v  -0.6207 2.5399 -2.6989
v  -0.6125 2.5105 -2.6990
v  -0.6202 2.4810 -2.6989
v  -0.6409 2.4594 -2.6990
v  -0.6710 2.4497 -2.6989
v  -0.7023 2.4576 -2.6989
v  -0.7247 2.4807 -2.6986
v  -0.7327 2.5109 -2.6988
v  -0.6942 2.5491 -2.6488
v  -0.7100 2.5334 -2.6490
v  -0.6725 2.5555 -2.6483
v  -0.6508 2.5499 -2.6476
v  -0.6351 2.5336 -2.6467
v  -0.6291 2.5115 -2.6462
v  -0.6346 2.4899 -2.6460
v  -0.6507 2.4740 -2.6462
v  -0.6727 2.4685 -2.6467
v  -0.6945 2.4742 -2.6475
v  -0.7103 2.4899 -2.6483
v  -0.7157 2.5121 -2.6488
v  -1.6703 2.8277 -2.7604
v  -1.6591 2.8479 -2.7600
v  -1.6449 2.8355 -2.7609
v  -1.6531 2.8237 -2.7609
v  -1.6368 2.8609 -2.7600
v  -1.6319 2.8426 -2.7606
v  -1.6132 2.8606 -2.7604
v  -1.6187 2.8420 -2.7611
v  -1.5936 2.8493 -2.7611
v  -1.6069 2.8353 -2.7613
v  -1.5821 2.8296 -2.7619
v  -1.5998 2.8228 -2.7618
v  -1.5813 2.8054 -2.7627
v  -1.5992 2.8091 -2.7622
v  -1.5931 2.7838 -2.7631
v  -1.6065 2.7972 -2.7625
v  -1.6137 2.7719 -2.7631
v  -1.6191 2.7901 -2.7625
v  -1.6387 2.7718 -2.7627
v  -1.6331 2.7898 -2.7622
v  -1.6577 2.7829 -2.7620
v  -1.6457 2.7968 -2.7618
v  -1.6704 2.8042 -2.7611
v  -1.6521 2.8094 -2.7614
v  -1.6782 2.8304 -2.7497
v  -1.6639 2.8545 -2.7499
v  -1.6397 2.8683 -2.7497
v  -1.6119 2.8685 -2.7497
v  -1.5875 2.8547 -2.7497
v  -1.5730 2.8304 -2.7497
v  -1.5726 2.8021 -2.7497
v  -1.5867 2.7772 -2.7498
v  -1.6115 2.7629 -2.7499
v  -1.6402 2.7630 -2.7499
v  -1.6785 2.8023 -2.7500
v  -1.6558 2.8466 -2.6488
v  -1.6670 2.8274 -2.6490
v  -1.6364 2.8585 -2.6483
v  -1.6141 2.8587 -2.6476
v  -1.5947 2.8470 -2.6467
v  -1.5832 2.8272 -2.6462
v  -1.5828 2.8048 -2.6460
v  -1.5944 2.7854 -2.6462
v  -1.6141 2.7743 -2.6467
v  -1.6367 2.7742 -2.6475
v  -1.6560 2.7853 -2.6483
v  -1.6670 2.8053 -2.6488
v  -1.6821 2.8316 -2.6994
v  -1.6661 2.8582 -2.6990
v  -1.6394 2.8728 -2.6987
v  -1.6083 2.8720 -2.6990
v  -1.5824 2.8568 -2.6989
v  -1.5669 2.8305 -2.6990
v  -1.5667 2.8000 -2.6989
v  -1.5811 2.7737 -2.6990
v  -1.6077 2.7566 -2.6989
v  -1.6399 2.7561 -2.6989
v  -1.6676 2.7727 -2.6986
v  -1.6830 2.7998 -2.6988
v  -1.6765 2.8298 -2.7559
v  -1.6632 2.8530 -2.7553
v  -1.6394 2.8667 -2.7556
v  -1.6123 2.8668 -2.7560
v  -1.5890 2.8535 -2.7567
v  -1.5751 2.8304 -2.7577
v  -1.5749 2.8032 -2.7585
v  -1.5883 2.7792 -2.7590
v  -1.6120 2.7654 -2.7590
v  -1.6399 2.7654 -2.7585
v  -1.6636 2.7785 -2.7551
v  -1.6767 2.8027 -2.7566
v  -1.3448 2.2637 -2.7604
v  -1.3336 2.2838 -2.7600
v  -1.3195 2.2714 -2.7609
v  -1.3277 2.2596 -2.7609
v  -1.3113 2.2969 -2.7600
v  -1.3064 2.2785 -2.7606
v  -1.2877 2.2966 -2.7604
v  -1.2933 2.2779 -2.7611
v  -1.2681 2.2853 -2.7611
v  -1.2814 2.2713 -2.7613
v  -1.2566 2.2656 -2.7619
v  -1.2743 2.2587 -2.7618
v  -1.2558 2.2413 -2.7627
v  -1.2738 2.2450 -2.7622
v  -1.2676 2.2197 -2.7631
v  -1.2811 2.2331 -2.7625
v  -1.2882 2.2078 -2.7631
v  -1.2937 2.2260 -2.7625
v  -1.3133 2.2077 -2.7627
v  -1.3077 2.2257 -2.7622
v  -1.3322 2.2189 -2.7620
v  -1.3202 2.2327 -2.7618
v  -1.3449 2.2402 -2.7611
v  -1.3266 2.2453 -2.7614
v  -1.3511 2.2657 -2.7559
v  -1.3377 2.2890 -2.7553
v  -1.3139 2.3027 -2.7556
v  -1.2868 2.3028 -2.7560
v  -1.2635 2.2895 -2.7567
v  -1.2496 2.2663 -2.7577
v  -1.2494 2.2392 -2.7585
v  -1.2629 2.2152 -2.7590
v  -1.2865 2.2013 -2.7590
v  -1.3144 2.2013 -2.7585
v  -1.3381 2.2144 -2.7551
v  -1.3513 2.2387 -2.7566
v  -1.3527 2.2663 -2.7497
v  -1.3384 2.2904 -2.7499
v  -1.3143 2.3043 -2.7497
v  -1.2864 2.3044 -2.7497
v  -1.2620 2.2906 -2.7497
v  -1.2476 2.2664 -2.7497
v  -1.2472 2.2381 -2.7497
v  -1.2612 2.2132 -2.7498
v  -1.2860 2.1988 -2.7499
v  -1.3148 2.1989 -2.7499
v  -1.3530 2.2382 -2.7500
v  -1.3566 2.2676 -2.6994
v  -1.3407 2.2941 -2.6990
v  -1.3139 2.3087 -2.6987
v  -1.2829 2.3080 -2.6990
v  -1.2569 2.2927 -2.6989
v  -1.2414 2.2664 -2.6990
v  -1.2412 2.2360 -2.6989
v  -1.2556 2.2097 -2.6990
v  -1.2822 2.1925 -2.6989
v  -1.3144 2.1921 -2.6989
v  -1.3421 2.2086 -2.6986
v  -1.3576 2.2357 -2.6988
v  -1.3303 2.2826 -2.6488
v  -1.3415 2.2633 -2.6490
v  -1.3110 2.2944 -2.6483
v  -1.2886 2.2946 -2.6476
v  -1.2692 2.2829 -2.6467
v  -1.2577 2.2631 -2.6462
v  -1.2574 2.2408 -2.6460
v  -1.2689 2.2213 -2.6462
v  -1.2887 2.2102 -2.6467
v  -1.3112 2.2101 -2.6475
v  -1.3305 2.2212 -2.6483
v  -1.3415 2.2413 -2.6488
v  -2.3453 2.2991 -2.7604
v  -2.3396 2.3214 -2.7600
v  -2.3228 2.3131 -2.7609
v  -2.3276 2.2996 -2.7609
v  -2.3215 2.3398 -2.7600
v  -2.3120 2.3234 -2.7606
v  -2.2986 2.3456 -2.7604
v  -2.2991 2.3262 -2.7611
v  -2.2768 2.3398 -2.7611
v  -2.2860 2.3228 -2.7613
v  -2.2605 2.3237 -2.7619
v  -2.2758 2.3125 -2.7618
v  -2.2535 2.3005 -2.7627
v  -2.2718 2.2995 -2.7622
v  -2.2593 2.2766 -2.7631
v  -2.2758 2.2861 -2.7625
v  -2.2761 2.2598 -2.7631
v  -2.2861 2.2759 -2.7625
v  -2.3003 2.2532 -2.7627
v  -2.2996 2.2721 -2.7622
v  -2.3215 2.2591 -2.7620
v  -2.3135 2.2755 -2.7618
v  -2.3392 2.2764 -2.7611
v  -2.3229 2.2861 -2.7614
v  -2.3535 2.2996 -2.7497
v  -2.3460 2.3265 -2.7499
v  -2.3263 2.3462 -2.7497
v  -2.2994 2.3535 -2.7497
v  -2.2722 2.3466 -2.7497
v  -2.2520 2.3268 -2.7497
v  -2.2443 2.2996 -2.7497
v  -2.2514 2.2720 -2.7498
v  -2.2716 2.2516 -2.7499
v  -2.2995 2.2443 -2.7499
v  -2.3466 2.2724 -2.7500
v  -2.3361 2.3211 -2.6488
v  -2.3420 2.2996 -2.6490
v  -2.3205 2.3375 -2.6483
v  -2.2990 2.3435 -2.6476
v  -2.2772 2.3372 -2.6467
v  -2.2610 2.3211 -2.6462
v  -2.2549 2.2996 -2.6460
v  -2.2610 2.2778 -2.6462
v  -2.2772 2.2620 -2.6467
v  -2.2990 2.2561 -2.6475
v  -2.3205 2.2618 -2.6483
v  -2.3362 2.2783 -2.6488
v  -2.3577 2.2998 -2.6994
v  -2.3491 2.3296 -2.6990
v  -2.3270 2.3506 -2.6987
v  -2.2969 2.3579 -2.6990
v  -2.2679 2.3499 -2.6989
v  -2.2461 2.3285 -2.6990
v  -2.2380 2.2991 -2.6989
v  -2.2451 2.2700 -2.6990
v  -2.2664 2.2466 -2.6989
v  -2.2974 2.2378 -2.6989
v  -2.3284 2.2466 -2.6986
v  -2.3503 2.2688 -2.6988
v  -2.3518 2.2995 -2.7559
v  -2.3449 2.3254 -2.7553
v  -2.3255 2.3447 -2.7556
v  -2.2993 2.3518 -2.7560
v  -2.2734 2.3450 -2.7567
v  -2.2540 2.3263 -2.7577
v  -2.2468 2.3001 -2.7585
v  -2.2535 2.2734 -2.7590
v  -2.2728 2.2540 -2.7590
v  -2.2998 2.2467 -2.7585
v  -2.3260 2.2533 -2.7551
v  -2.3450 2.2733 -2.7566
v  -1.8849 1.8385 -2.7604
v  -1.8793 1.8608 -2.7600
v  -1.8624 1.8525 -2.7609
v  -1.8672 1.8390 -2.7609
v  -1.8611 1.8792 -2.7600
v  -1.8516 1.8628 -2.7606
v  -1.8382 1.8850 -2.7604
v  -1.8388 1.8656 -2.7611
v  -1.8164 1.8792 -2.7611
v  -1.8256 1.8622 -2.7613
v  -1.8002 1.8631 -2.7619
v  -1.8155 1.8519 -2.7618
v  -1.7931 1.8399 -2.7627
v  -1.8114 1.8389 -2.7622
v  -1.7989 1.8160 -2.7631
v  -1.8154 1.8255 -2.7625
v  -1.8157 1.7991 -2.7631
v  -1.8257 1.8153 -2.7625
v  -1.8399 1.7926 -2.7627
v  -1.8392 1.8115 -2.7622
v  -1.8611 1.7985 -2.7620
v  -1.8531 1.8149 -2.7618
v  -1.8789 1.8158 -2.7611
v  -1.8626 1.8255 -2.7614
v  -1.8914 1.8389 -2.7559
v  -1.8845 1.8648 -2.7553
v  -1.8651 1.8841 -2.7556
v  -1.8389 1.8912 -2.7560
v  -1.8130 1.8844 -2.7567
v  -1.7936 1.8656 -2.7577
v  -1.7864 1.8395 -2.7585
v  -1.7932 1.8128 -2.7590
v  -1.8124 1.7934 -2.7590
v  -1.8394 1.7861 -2.7585
v  -1.8657 1.7926 -2.7551
v  -1.8846 1.8126 -2.7566
v  -1.8932 1.8390 -2.7497
v  -1.8856 1.8659 -2.7499
v  -1.8659 1.8856 -2.7497
v  -1.8390 1.8929 -2.7497
v  -1.8118 1.8859 -2.7497
v  -1.7916 1.8662 -2.7497
v  -1.7839 1.8390 -2.7498
v  -1.7910 1.8114 -2.7498
v  -1.8113 1.7910 -2.7499
v  -1.8391 1.7837 -2.7499
v  -1.8862 1.8118 -2.7500
v  -1.8973 1.8392 -2.6994
v  -1.8887 1.8690 -2.6990
v  -1.8666 1.8900 -2.6987
v  -1.8365 1.8973 -2.6990
v  -1.8075 1.8892 -2.6989
v  -1.7857 1.8679 -2.6990
v  -1.7777 1.8385 -2.6989
v  -1.7847 1.8094 -2.6990
v  -1.8060 1.7860 -2.6989
v  -1.8370 1.7772 -2.6989
v  -1.8680 1.7860 -2.6986
v  -1.8900 1.8082 -2.6988
v  -1.8757 1.8605 -2.6488
v  -1.8816 1.8390 -2.6490
v  -1.8601 1.8769 -2.6483
v  -1.8386 1.8829 -2.6476
v  -1.8168 1.8766 -2.6467
v  -1.8006 1.8605 -2.6462
v  -1.7945 1.8390 -2.6460
v  -1.8006 1.8172 -2.6462
v  -1.8168 1.8014 -2.6467
v  -1.8386 1.7954 -2.6475
v  -1.8601 1.8011 -2.6483
v  -1.8759 1.8177 -2.6488
v  -2.8604 1.6137 -2.7604
v  -2.8608 1.6368 -2.7600
v  -2.8423 1.6331 -2.7609
v  -2.8435 1.6188 -2.7609
v  -2.8480 1.6592 -2.7600
v  -2.8346 1.6458 -2.7606
v  -2.8274 1.6708 -2.7604
v  -2.8228 1.6519 -2.7611
v  -2.8048 1.6708 -2.7611
v  -2.8093 1.6520 -2.7613
v  -2.7849 1.6595 -2.7619
v  -2.7968 1.6447 -2.7618
v  -2.7721 1.6389 -2.7627
v  -2.7895 1.6331 -2.7622
v  -2.7715 1.6143 -2.7631
v  -2.7899 1.6192 -2.7625
v  -2.7834 1.5937 -2.7631
v  -2.7972 1.6067 -2.7625
v  -2.8051 1.5811 -2.7627
v  -2.8093 1.5995 -2.7622
v  -2.8271 1.5812 -2.7620
v  -2.8236 1.5992 -2.7618
v  -2.8487 1.5934 -2.7611
v  -2.8355 1.6070 -2.7614
v  -2.8685 1.6121 -2.7497
v  -2.8682 1.6401 -2.7499
v  -2.8542 1.6642 -2.7497
v  -2.8302 1.6782 -2.7497
v  -2.8021 1.6785 -2.7497
v  -2.7775 1.6647 -2.7497
v  -2.7630 1.6404 -2.7497
v  -2.7627 1.6118 -2.7498
v  -2.7770 1.5870 -2.7499
v  -2.8020 1.5727 -2.7499
v  -2.8548 1.5876 -2.7500
v  -2.8572 1.6374 -2.6488
v  -2.8574 1.6151 -2.6490
v  -2.8464 1.6573 -2.6483
v  -2.8272 1.6686 -2.6476
v  -2.8045 1.6682 -2.6467
v  -2.7847 1.6568 -2.6462
v  -2.7732 1.6376 -2.6460
v  -2.7735 1.6150 -2.6462
v  -2.7850 1.5956 -2.6467
v  -2.8045 1.5842 -2.6475
v  -2.8268 1.5841 -2.6483
v  -2.8463 1.5960 -2.6488
v  -2.8726 1.6112 -2.6994
v  -2.8720 1.6422 -2.6990
v  -2.8561 1.6682 -2.6987
v  -2.8289 1.6831 -2.6990
v  -2.7988 1.6828 -2.6989
v  -2.7722 1.6678 -2.6990
v  -2.7568 1.6415 -2.6989
v  -2.7561 1.6116 -2.6990
v  -2.7706 1.5835 -2.6989
v  -2.7983 1.5669 -2.6989
v  -2.8305 1.5674 -2.6986
v  -2.8575 1.5832 -2.6988
v  -2.8668 1.6124 -2.7559
v  -2.8669 1.6392 -2.7553
v  -2.8531 1.6630 -2.7556
v  -2.8297 1.6766 -2.7560
v  -2.8029 1.6767 -2.7567
v  -2.7793 1.6636 -2.7577
v  -2.7655 1.6402 -2.7585
v  -2.7652 1.6127 -2.7590
v  -2.7787 1.5889 -2.7590
v  -2.8029 1.5749 -2.7585
v  -2.8300 1.5744 -2.7551
v  -2.8535 1.5889 -2.7566
v  -2.2965 1.2880 -2.7604
v  -2.2968 1.3110 -2.7600
v  -2.2784 1.3074 -2.7609
v  -2.2796 1.2930 -2.7609
v  -2.2841 1.3335 -2.7600
v  -2.2707 1.3200 -2.7606
v  -2.2635 1.3450 -2.7604
v  -2.2589 1.3261 -2.7611
v  -2.2409 1.3450 -2.7611
v  -2.2454 1.3263 -2.7613
v  -2.2210 1.3337 -2.7619
v  -2.2329 1.3190 -2.7618
v  -2.2082 1.3131 -2.7627
v  -2.2256 1.3074 -2.7622
v  -2.2076 1.2885 -2.7631
v  -2.2260 1.2934 -2.7625
v  -2.2195 1.2679 -2.7631
v  -2.2333 1.2810 -2.7625
v  -2.2412 1.2553 -2.7627
v  -2.2453 1.2737 -2.7622
v  -2.2632 1.2555 -2.7620
v  -2.2597 1.2735 -2.7618
v  -2.2848 1.2676 -2.7611
v  -2.2716 1.2812 -2.7614
v  -2.3029 1.2867 -2.7559
v  -2.3030 1.3135 -2.7553
v  -2.2892 1.3372 -2.7556
v  -2.2658 1.3508 -2.7560
v  -2.2390 1.3510 -2.7567
v  -2.2154 1.3379 -2.7577
v  -2.2016 1.3145 -2.7585
v  -2.2013 1.2870 -2.7590
v  -2.2148 1.2632 -2.7590
v  -2.2390 1.2492 -2.7585
v  -2.2661 1.2487 -2.7551
v  -2.2895 1.2631 -2.7566
v  -2.3046 1.2863 -2.7497
v  -2.3043 1.3143 -2.7499
v  -2.2903 1.3384 -2.7497
v  -2.2663 1.3525 -2.7497
v  -2.2382 1.3527 -2.7497
v  -2.2136 1.3389 -2.7497
v  -2.1991 1.3147 -2.7497
v  -2.1988 1.2861 -2.7498
v  -2.2131 1.2612 -2.7499
v  -2.2381 1.2469 -2.7499
v  -2.2909 1.2618 -2.7500
v  -2.3087 1.2855 -2.6994
v  -2.3081 1.3165 -2.6990
v  -2.2922 1.3425 -2.6987
v  -2.2650 1.3573 -2.6990
v  -2.2349 1.3571 -2.6989
v  -2.2083 1.3421 -2.6990
v  -2.1929 1.3158 -2.6989
v  -2.1922 1.2858 -2.6990
v  -2.2067 1.2577 -2.6989
v  -2.2344 1.2412 -2.6989
v  -2.2666 1.2416 -2.6986
v  -2.2936 1.2574 -2.6988
v  -2.2933 1.3116 -2.6488
v  -2.2935 1.2893 -2.6490
v  -2.2825 1.3315 -2.6483
v  -2.2633 1.3429 -2.6476
v  -2.2406 1.3425 -2.6467
v  -2.2208 1.3311 -2.6462
v  -2.2093 1.3119 -2.6460
v  -2.2096 1.2893 -2.6462
v  -2.2211 1.2698 -2.6467
v  -2.2406 1.2584 -2.6475
v  -2.2629 1.2583 -2.6483
v  -2.2824 1.2703 -2.6488
v  -3.1806 0.8184 -2.7604
v  -3.1869 0.8406 -2.7600
v  -3.1681 0.8418 -2.7609
v  -3.1656 0.8277 -2.7609
v  -3.1804 0.8656 -2.7600
v  -3.1639 0.8561 -2.7606
v  -3.1635 0.8821 -2.7604
v  -3.1542 0.8650 -2.7611
v  -3.1416 0.8879 -2.7611
v  -3.1411 0.8686 -2.7613
v  -3.1196 0.8822 -2.7619
v  -3.1272 0.8648 -2.7618
v  -3.1018 0.8656 -2.7627
v  -3.1172 0.8555 -2.7622
v  -3.0949 0.8420 -2.7631
v  -3.1139 0.8419 -2.7625
v  -3.1011 0.8189 -2.7631
v  -3.1178 0.8280 -2.7625
v  -3.1187 0.8012 -2.7627
v  -3.1275 0.8179 -2.7622
v  -3.1400 0.7956 -2.7620
v  -3.1413 0.8139 -2.7618
v  -3.1640 0.8018 -2.7611
v  -3.1548 0.8183 -2.7614
v  -3.1880 0.8147 -2.7497
v  -3.1950 0.8419 -2.7499
v  -3.1877 0.8687 -2.7497
v  -3.1681 0.8885 -2.7497
v  -3.1411 0.8961 -2.7497
v  -3.1137 0.8891 -2.7497
v  -3.0934 0.8694 -2.7497
v  -3.0857 0.8419 -2.7498
v  -3.0931 0.8142 -2.7499
v  -3.1136 0.7939 -2.7499
v  -3.1684 0.7946 -2.7500
v  -3.1837 0.8421 -2.6488
v  -3.1780 0.8205 -2.6490
v  -3.1784 0.8641 -2.6483
v  -3.1627 0.8801 -2.6476
v  -3.1407 0.8855 -2.6467
v  -3.1186 0.8797 -2.6462
v  -3.1026 0.8641 -2.6460
v  -3.0970 0.8422 -2.6462
v  -3.1031 0.8204 -2.6467
v  -3.1190 0.8043 -2.6475
v  -3.1405 0.7985 -2.6483
v  -3.1624 0.8050 -2.6488
v  -3.1917 0.8129 -2.6994
v  -3.1992 0.8429 -2.6990
v  -3.1906 0.8722 -2.6987
v  -3.1681 0.8936 -2.6990
v  -3.1390 0.9011 -2.6989
v  -3.1094 0.8935 -2.6990
v  -3.0878 0.8721 -2.6989
v  -3.0793 0.8433 -2.6990
v  -3.0860 0.8124 -2.6989
v  -3.1085 0.7893 -2.6989
v  -3.1397 0.7814 -2.6986
v  -3.1699 0.7897 -2.6988
v  -3.1865 0.8155 -2.7559
v  -3.1934 0.8414 -2.7553
v  -3.1863 0.8679 -2.7556
v  -3.1672 0.8871 -2.7560
v  -3.1413 0.8942 -2.7567
v  -3.1151 0.8876 -2.7577
v  -3.0958 0.8686 -2.7585
v  -3.0883 0.8421 -2.7590
v  -3.0953 0.8156 -2.7590
v  -3.1150 0.7958 -2.7585
v  -3.1410 0.7883 -2.7551
v  -3.1675 0.7962 -2.7566
v  -2.5516 0.6497 -2.7604
v  -2.5579 0.6719 -2.7600
v  -2.5391 0.6731 -2.7609
v  -2.5366 0.6590 -2.7609
v  -2.5514 0.6969 -2.7600
v  -2.5349 0.6874 -2.7606
v  -2.5345 0.7134 -2.7604
v  -2.5252 0.6963 -2.7611
v  -2.5126 0.7192 -2.7611
v  -2.5121 0.6999 -2.7613
v  -2.4906 0.7134 -2.7619
v  -2.4982 0.6961 -2.7618
v  -2.4728 0.6969 -2.7627
v  -2.4882 0.6868 -2.7622
v  -2.4659 0.6733 -2.7631
v  -2.4849 0.6732 -2.7625
v  -2.4720 0.6502 -2.7631
v  -2.4888 0.6593 -2.7625
v  -2.4897 0.6325 -2.7627
v  -2.4985 0.6492 -2.7622
v  -2.5110 0.6269 -2.7620
v  -2.5123 0.6452 -2.7618
v  -2.5350 0.6331 -2.7611
v  -2.5258 0.6496 -2.7614
v  -2.5575 0.6468 -2.7559
v  -2.5644 0.6727 -2.7553
v  -2.5573 0.6992 -2.7556
v  -2.5382 0.7184 -2.7560
v  -2.5123 0.7255 -2.7567
v  -2.4861 0.7189 -2.7577
v  -2.4668 0.6998 -2.7585
v  -2.4593 0.6734 -2.7590
v  -2.4663 0.6469 -2.7590
v  -2.4860 0.6271 -2.7585
v  -2.5120 0.6196 -2.7551
v  -2.5384 0.6275 -2.7566
v  -2.5590 0.6460 -2.7497
v  -2.5660 0.6731 -2.7499
v  -2.5587 0.7000 -2.7497
v  -2.5391 0.7198 -2.7497
v  -2.5121 0.7274 -2.7497
v  -2.4847 0.7204 -2.7497
v  -2.4644 0.7007 -2.7497
v  -2.4567 0.6732 -2.7498
v  -2.4641 0.6455 -2.7499
v  -2.4845 0.6252 -2.7499
v  -2.5394 0.6259 -2.7500
v  -2.5627 0.6442 -2.6994
v  -2.5702 0.6742 -2.6990
v  -2.5616 0.7034 -2.6987
v  -2.5391 0.7249 -2.6990
v  -2.5100 0.7324 -2.6989
v  -2.4804 0.7248 -2.6990
v  -2.4588 0.7034 -2.6989
v  -2.4503 0.6746 -2.6990
v  -2.4570 0.6437 -2.6989
v  -2.4795 0.6206 -2.6989
v  -2.5107 0.6127 -2.6986
v  -2.5409 0.6210 -2.6988
v  -2.5547 0.6734 -2.6488
v  -2.5490 0.6518 -2.6490
v  -2.5494 0.6954 -2.6483
v  -2.5337 0.7113 -2.6476
v  -2.5117 0.7168 -2.6467
v  -2.4896 0.7109 -2.6462
v  -2.4736 0.6954 -2.6460
v  -2.4680 0.6735 -2.6462
v  -2.4741 0.6517 -2.6467
v  -2.4900 0.6356 -2.6475
v  -2.5115 0.6298 -2.6483
v  -2.5334 0.6362 -2.6488
v  -3.2840 -0.0327 -2.7604
v  -3.2959 -0.0129 -2.7600
v  -3.2781 -0.0068 -2.7609
v  -3.2719 -0.0198 -2.7609
v  -3.2960 0.0129 -2.7600
v  -3.2777 0.0080 -2.7606
v  -3.2840 0.0333 -2.7604
v  -3.2706 0.0191 -2.7611
v  -3.2644 0.0446 -2.7611
v  -3.2589 0.0260 -2.7613
v  -3.2416 0.0447 -2.7619
v  -3.2445 0.0260 -2.7618
v  -3.2202 0.0333 -2.7627
v  -3.2324 0.0196 -2.7622
v  -3.2073 0.0123 -2.7631
v  -3.2257 0.0073 -2.7625
v  -3.2073 -0.0116 -2.7631
v  -3.2258 -0.0072 -2.7625
v  -3.2198 -0.0333 -2.7627
v  -3.2326 -0.0194 -2.7622
v  -3.2390 -0.0442 -2.7620
v  -3.2450 -0.0268 -2.7618
v  -3.2637 -0.0445 -2.7611
v  -3.2591 -0.0261 -2.7614
v  -3.2902 -0.0382 -2.7497
v  -3.3040 -0.0138 -2.7499
v  -3.3039 0.0141 -2.7497
v  -3.2901 0.0383 -2.7497
v  -3.2660 0.0526 -2.7497
v  -3.2377 0.0529 -2.7497
v  -3.2131 0.0391 -2.7497
v  -3.1985 0.0145 -2.7498
v  -3.1984 -0.0141 -2.7499
v  -3.2129 -0.0390 -2.7499
v  -3.2661 -0.0525 -2.7500
v  -3.2931 -0.0106 -2.6488
v  -3.2821 -0.0300 -2.6490
v  -3.2937 0.0120 -2.6483
v  -3.2827 0.0315 -2.6476
v  -3.2629 0.0425 -2.6467
v  -3.2400 0.0425 -2.6462
v  -3.2205 0.0316 -2.6460
v  -3.2094 0.0119 -2.6462
v  -3.2097 -0.0107 -2.6467
v  -3.2209 -0.0303 -2.6475
v  -3.2401 -0.0415 -2.6483
v  -3.2630 -0.0410 -2.6488
v  -3.2933 -0.0409 -2.6994
v  -3.3083 -0.0138 -2.6990
v  -3.3076 0.0167 -2.6987
v  -3.2914 0.0432 -2.6990
v  -3.2652 0.0580 -2.6989
v  -3.2347 0.0583 -2.6990
v  -3.2083 0.0432 -2.6989
v  -3.1927 0.0176 -2.6990
v  -3.1911 -0.0140 -2.6989
v  -3.2068 -0.0421 -2.6989
v  -3.2350 -0.0578 -2.6986
v  -3.2662 -0.0577 -2.6988
v  -3.2889 -0.0370 -2.7559
v  -3.3024 -0.0138 -2.7553
v  -3.3023 0.0136 -2.7556
v  -3.2889 0.0371 -2.7560
v  -3.2657 0.0507 -2.7567
v  -3.2387 0.0511 -2.7577
v  -3.2151 0.0377 -2.7585
v  -3.2011 0.0141 -2.7590
v  -3.2009 -0.0133 -2.7590
v  -3.2148 -0.0375 -2.7585
v  -3.2381 -0.0515 -2.7551
v  -3.2656 -0.0507 -2.7566
v  -2.6328 -0.0328 -2.7604
v  -2.6446 -0.0130 -2.7600
v  -2.6268 -0.0070 -2.7609
v  -2.6207 -0.0200 -2.7609
v  -2.6448 0.0128 -2.7600
v  -2.6265 0.0079 -2.7606
v  -2.6327 0.0331 -2.7604
v  -2.6193 0.0190 -2.7611
v  -2.6132 0.0444 -2.7611
v  -2.6077 0.0259 -2.7613
v  -2.5903 0.0445 -2.7619
v  -2.5932 0.0258 -2.7618
v  -2.5689 0.0331 -2.7627
v  -2.5811 0.0194 -2.7622
v  -2.5561 0.0121 -2.7631
v  -2.5745 0.0071 -2.7625
v  -2.5561 -0.0117 -2.7631
v  -2.5746 -0.0073 -2.7625
v  -2.5686 -0.0335 -2.7627
v  -2.5814 -0.0196 -2.7622
v  -2.5877 -0.0443 -2.7620
v  -2.5937 -0.0270 -2.7618
v  -2.6125 -0.0446 -2.7611
v  -2.6078 -0.0262 -2.7614
v  -2.6377 -0.0372 -2.7559
v  -2.6512 -0.0140 -2.7553
v  -2.6511 0.0135 -2.7556
v  -2.6376 0.0370 -2.7560
v  -2.6145 0.0505 -2.7567
v  -2.5875 0.0509 -2.7577
v  -2.5639 0.0375 -2.7585
v  -2.5498 0.0139 -2.7590
v  -2.5497 -0.0135 -2.7590
v  -2.5636 -0.0377 -2.7585
v  -2.5868 -0.0516 -2.7551
v  -2.6144 -0.0509 -2.7566
v  -2.6390 -0.0383 -2.7497
v  -2.6528 -0.0139 -2.7499
v  -2.6527 0.0140 -2.7497
v  -2.6389 0.0381 -2.7497
v  -2.6147 0.0524 -2.7497
v  -2.5865 0.0528 -2.7497
v  -2.5618 0.0390 -2.7498
v  -2.5473 0.0144 -2.7498
v  -2.5472 -0.0143 -2.7499
v  -2.5617 -0.0392 -2.7499
v  -2.6149 -0.0526 -2.7500
v  -2.6421 -0.0411 -2.6994
v  -2.6571 -0.0140 -2.6990
v  -2.6563 0.0165 -2.6987
v  -2.6402 0.0430 -2.6990
v  -2.6140 0.0578 -2.6989
v  -2.5835 0.0581 -2.6990
v  -2.5570 0.0430 -2.6989
v  -2.5414 0.0174 -2.6990
v  -2.5399 -0.0141 -2.6989
v  -2.5556 -0.0423 -2.6989
v  -2.5837 -0.0580 -2.6986
v  -2.6150 -0.0578 -2.6988
v  -2.6419 -0.0108 -2.6488
v  -2.6308 -0.0302 -2.6490
v  -2.6425 0.0119 -2.6483
v  -2.6315 0.0313 -2.6476
v  -2.6117 0.0423 -2.6467
v  -2.5888 0.0424 -2.6462
v  -2.5693 0.0315 -2.6460
v  -2.5582 0.0118 -2.6462
v  -2.5585 -0.0109 -2.6467
v  -2.5696 -0.0305 -2.6475
v  -2.5889 -0.0417 -2.6483
v  -2.6117 -0.0411 -2.6488
v  -3.1637 -0.8815 -2.7604
v  -3.1802 -0.8655 -2.7600
v  -3.1646 -0.8550 -2.7609
v  -3.1553 -0.8660 -2.7609
v  -3.1871 -0.8406 -2.7600
v  -3.1681 -0.8406 -2.7606
v  -3.1807 -0.8178 -2.7604
v  -3.1641 -0.8280 -2.7611
v  -3.1647 -0.8018 -2.7611
v  -3.1546 -0.8183 -2.7613
v  -3.1427 -0.7958 -2.7619
v  -3.1406 -0.8147 -2.7618
v  -3.1191 -0.8013 -2.7627
v  -3.1273 -0.8177 -2.7622
v  -3.1012 -0.8183 -2.7631
v  -3.1177 -0.8278 -2.7625
v  -3.0951 -0.8413 -2.7631
v  -3.1141 -0.8418 -2.7625
v  -3.1015 -0.8655 -2.7627
v  -3.1174 -0.8554 -2.7622
v  -3.1172 -0.8810 -2.7620
v  -3.1274 -0.8658 -2.7618
v  -3.1410 -0.8877 -2.7611
v  -3.1413 -0.8687 -2.7614
v  -3.1683 -0.8884 -2.7497
v  -3.1878 -0.8684 -2.7499
v  -3.1950 -0.8415 -2.7497
v  -3.1879 -0.8145 -2.7497
v  -3.1683 -0.7945 -2.7497
v  -3.1411 -0.7869 -2.7497
v  -3.1137 -0.7938 -2.7497
v  -3.0933 -0.8138 -2.7498
v  -3.0858 -0.8415 -2.7499
v  -3.0934 -0.8692 -2.7499
v  -3.1412 -0.8960 -2.7500
v  -3.1782 -0.8626 -2.6488
v  -3.1625 -0.8784 -2.6490
v  -3.1846 -0.8409 -2.6483
v  -3.1790 -0.8192 -2.6476
v  -3.1627 -0.8035 -2.6467
v  -3.1406 -0.7975 -2.6462
v  -3.1189 -0.8030 -2.6460
v  -3.1031 -0.8191 -2.6462
v  -3.0975 -0.8411 -2.6467
v  -3.1033 -0.8629 -2.6475
v  -3.1190 -0.8787 -2.6483
v  -3.1412 -0.8841 -2.6488
v  -3.1705 -0.8919 -2.6994
v  -3.1920 -0.8696 -2.6990
v  -3.1992 -0.8400 -2.6987
v  -3.1904 -0.8102 -2.6990
v  -3.1690 -0.7891 -2.6989
v  -3.1396 -0.7809 -2.6990
v  -3.1101 -0.7886 -2.6989
v  -3.0885 -0.8093 -2.6990
v  -3.0788 -0.8394 -2.6989
v  -3.0867 -0.8707 -2.6989
v  -3.1098 -0.8931 -2.6986
v  -3.1400 -0.9011 -2.6988
v  -3.1673 -0.8870 -2.7559
v  -3.1863 -0.8681 -2.7553
v  -3.1933 -0.8415 -2.7556
v  -3.1864 -0.8153 -2.7560
v  -3.1676 -0.7963 -2.7567
v  -3.1416 -0.7889 -2.7577
v  -3.1153 -0.7957 -2.7585
v  -3.0956 -0.8149 -2.7590
v  -3.0884 -0.8413 -2.7590
v  -3.0956 -0.8683 -2.7585
v  -3.1144 -0.8878 -2.7551
v  -3.1412 -0.8942 -2.7566
v  -2.5346 -0.7131 -2.7604
v  -2.5512 -0.6971 -2.7600
v  -2.5355 -0.6866 -2.7609
v  -2.5262 -0.6976 -2.7609
v  -2.5580 -0.6722 -2.7600
v  -2.5390 -0.6722 -2.7606
v  -2.5516 -0.6494 -2.7604
v  -2.5350 -0.6596 -2.7611
v  -2.5356 -0.6334 -2.7611
v  -2.5255 -0.6499 -2.7613
v  -2.5136 -0.6274 -2.7619
v  -2.5116 -0.6463 -2.7618
v  -2.4900 -0.6329 -2.7627
v  -2.4982 -0.6493 -2.7622
v  -2.4721 -0.6499 -2.7631
v  -2.4886 -0.6594 -2.7625
v  -2.4660 -0.6729 -2.7631
v  -2.4850 -0.6734 -2.7625
v  -2.4724 -0.6971 -2.7627
v  -2.4884 -0.6870 -2.7622
v  -2.4881 -0.7126 -2.7620
v  -2.4983 -0.6974 -2.7618
v  -2.5119 -0.7193 -2.7611
v  -2.5122 -0.7003 -2.7614
v  -2.5382 -0.7186 -2.7559
v  -2.5572 -0.6997 -2.7553
v  -2.5643 -0.6731 -2.7556
v  -2.5573 -0.6469 -2.7560
v  -2.5385 -0.6279 -2.7567
v  -2.5125 -0.6205 -2.7577
v  -2.4862 -0.6273 -2.7585
v  -2.4665 -0.6465 -2.7590
v  -2.4593 -0.6729 -2.7590
v  -2.4665 -0.6999 -2.7585
v  -2.4853 -0.7194 -2.7551
v  -2.5121 -0.7258 -2.7566
v  -2.5392 -0.7200 -2.7497
v  -2.5588 -0.7000 -2.7499
v  -2.5659 -0.6731 -2.7497
v  -2.5588 -0.6461 -2.7497
v  -2.5392 -0.6261 -2.7497
v  -2.5120 -0.6185 -2.7497
v  -2.4846 -0.6254 -2.7497
v  -2.4642 -0.6454 -2.7498
v  -2.4567 -0.6731 -2.7499
v  -2.4643 -0.7008 -2.7499
v  -2.5121 -0.7276 -2.7500
v  -2.5414 -0.7235 -2.6994
v  -2.5630 -0.7012 -2.6990
v  -2.5701 -0.6716 -2.6987
v  -2.5614 -0.6418 -2.6990
v  -2.5399 -0.6207 -2.6989
v  -2.5105 -0.6125 -2.6990
v  -2.4810 -0.6202 -2.6989
v  -2.4594 -0.6409 -2.6990
v  -2.4497 -0.6710 -2.6989
v  -2.4576 -0.7023 -2.6989
v  -2.4807 -0.7247 -2.6986
v  -2.5109 -0.7327 -2.6988
v  -2.5491 -0.6942 -2.6488
v  -2.5334 -0.7100 -2.6490
v  -2.5555 -0.6725 -2.6483
v  -2.5499 -0.6508 -2.6476
v  -2.5336 -0.6351 -2.6467
v  -2.5115 -0.6291 -2.6462
v  -2.4899 -0.6346 -2.6460
v  -2.4740 -0.6507 -2.6462
v  -2.4685 -0.6727 -2.6467
v  -2.4742 -0.6945 -2.6475
v  -2.4899 -0.7103 -2.6483
v  -2.5121 -0.7157 -2.6488
v  -1.9716 -0.0400 -2.7622
v  -1.9881 -0.0239 -2.7621
v  -1.9725 -0.0134 -2.7626
v  -1.9632 -0.0244 -2.7624
v  -1.9950 0.0010 -2.7622
v  -1.9760 0.0010 -2.7624
v  -1.9886 0.0238 -2.7625
v  -1.9720 0.0135 -2.7628
v  -1.9726 0.0397 -2.7629
v  -1.9625 0.0232 -2.7628
v  -1.9506 0.0458 -2.7632
v  -1.9485 0.0269 -2.7630
v  -1.9269 0.0403 -2.7634
v  -1.9352 0.0239 -2.7632
v  -1.9091 0.0233 -2.7635
v  -1.9255 0.0137 -2.7632
v  -1.9029 0.0003 -2.7634
v  -1.9219 -0.0003 -2.7631
v  -1.9093 -0.0240 -2.7631
v  -1.9253 -0.0139 -2.7630
v  -1.9250 -0.0394 -2.7627
v  -1.9353 -0.0242 -2.7627
v  -1.9489 -0.0461 -2.7624
v  -1.9491 -0.0271 -2.7626
v  -1.9753 -0.0454 -2.7577
v  -1.9943 -0.0265 -2.7575
v  -2.0013 0.0000 -2.7580
v  -1.9944 0.0262 -2.7582
v  -1.9755 0.0453 -2.7585
v  -1.9495 0.0527 -2.7590
v  -1.9233 0.0458 -2.7592
v  -1.9036 0.0267 -2.7592
v  -1.8963 0.0003 -2.7591
v  -1.9035 -0.0267 -2.7587
v  -1.9224 -0.0462 -2.7557
v  -1.9492 -0.0526 -2.7578
v  -1.9764 -0.0469 -2.7516
v  -1.9960 -0.0269 -2.7522
v  -2.0031 0.0001 -2.7521
v  -1.9960 0.0270 -2.7519
v  -1.9764 0.0470 -2.7515
v  -1.9492 0.0547 -2.7509
v  -1.9218 0.0478 -2.7504
v  -1.9014 0.0278 -2.7500
v  -1.8939 0.0001 -2.7500
v  -1.9015 -0.0277 -2.7501
v  -1.9493 -0.0545 -2.7512
v  -1.9794 -0.0503 -2.7013
v  -2.0010 -0.0280 -2.7014
v  -2.0081 0.0016 -2.7012
v  -1.9994 0.0314 -2.7013
v  -1.9779 0.0524 -2.7008
v  -1.9485 0.0607 -2.7003
v  -1.9191 0.0529 -2.6995
v  -1.8974 0.0322 -2.6992
v  -1.8877 0.0021 -2.6988
v  -1.8956 -0.0291 -2.6990
v  -1.9187 -0.0516 -2.6991
v  -1.9489 -0.0595 -2.7000
v  -1.9884 -0.0210 -2.6508
v  -1.9727 -0.0369 -2.6507
v  -1.9949 0.0007 -2.6505
v  -1.9893 0.0224 -2.6496
v  -1.9730 0.0381 -2.6485
v  -1.9510 0.0441 -2.6474
v  -1.9293 0.0386 -2.6468
v  -1.9135 0.0224 -2.6467
v  -1.9079 0.0005 -2.6471
v  -1.9136 -0.0214 -2.6480
v  -1.9293 -0.0372 -2.6491
v  -1.9515 -0.0425 -2.6501
v  -1.3222 -0.0408 -2.7606
v  -1.3388 -0.0247 -2.7607
v  -1.3231 -0.0143 -2.7611
v  -1.3138 -0.0253 -2.7608
v  -1.3456 0.0002 -2.7609
v  -1.3266 0.0002 -2.7609
v  -1.3392 0.0229 -2.7611
v  -1.3226 0.0127 -2.7613
v  -1.3232 0.0389 -2.7613
v  -1.3131 0.0224 -2.7612
v  -1.3012 0.0449 -2.7615
v  -1.2992 0.0261 -2.7613
v  -1.2776 0.0394 -2.7616
v  -1.2858 0.0230 -2.7614
v  -1.2597 0.0225 -2.7615
v  -1.2762 0.0129 -2.7613
v  -1.2536 -0.0006 -2.7613
v  -1.2726 -0.0011 -2.7612
v  -1.2600 -0.0248 -2.7611
v  -1.2760 -0.0147 -2.7611
v  -1.2757 -0.0402 -2.7609
v  -1.2860 -0.0251 -2.7609
v  -1.2995 -0.0469 -2.7607
v  -1.2998 -0.0280 -2.7609
v  -1.3260 -0.0463 -2.7562
v  -1.3450 -0.0273 -2.7561
v  -1.3520 -0.0008 -2.7566
v  -1.3451 0.0254 -2.7568
v  -1.3262 0.0444 -2.7570
v  -1.3002 0.0519 -2.7573
v  -1.2740 0.0450 -2.7573
v  -1.2542 0.0258 -2.7572
v  -1.2470 -0.0006 -2.7570
v  -1.2542 -0.0276 -2.7567
v  -1.2731 -0.0471 -2.7538
v  -1.2999 -0.0535 -2.7561
v  -1.3271 -0.0477 -2.7500
v  -1.3467 -0.0277 -2.7508
v  -1.3538 -0.0008 -2.7507
v  -1.3468 0.0262 -2.7506
v  -1.3271 0.0462 -2.7500
v  -1.3000 0.0539 -2.7492
v  -1.2726 0.0469 -2.7485
v  -1.2522 0.0269 -2.7479
v  -1.2447 -0.0007 -2.7479
v  -1.2522 -0.0285 -2.7481
v  -1.3001 -0.0553 -2.7495
v  -1.3304 -0.0512 -2.6998
v  -1.3520 -0.0289 -2.7000
v  -1.3591 0.0008 -2.6999
v  -1.3504 0.0305 -2.7000
v  -1.3289 0.0516 -2.6993
v  -1.2995 0.0598 -2.6985
v  -1.2701 0.0521 -2.6976
v  -1.2484 0.0314 -2.6971
v  -1.2387 0.0013 -2.6967
v  -1.2466 -0.0299 -2.6969
v  -1.2698 -0.0524 -2.6972
v  -1.3000 -0.0603 -2.6983
v  -1.3399 -0.0218 -2.6494
v  -1.3242 -0.0377 -2.6492
v  -1.3463 -0.0001 -2.6491
v  -1.3408 0.0215 -2.6482
v  -1.3245 0.0372 -2.6469
v  -1.3024 0.0432 -2.6457
v  -1.2808 0.0378 -2.6450
v  -1.2649 0.0216 -2.6447
v  -1.2594 -0.0004 -2.6451
v  -1.2651 -0.0222 -2.6460
v  -1.2807 -0.0380 -2.6472
v  -1.3029 -0.0434 -2.6484
v  0.0033 -3.9961 -2.6816
v  0.3656 -3.9793 -2.6816
v  0.7336 -3.9282 -2.6816
v  1.1058 -3.8400 -2.6816
v  1.4770 -3.7131 -2.6816
v  1.8412 -3.5466 -2.6816
v  2.1922 -3.3411 -2.6816
v  2.5238 -3.0982 -2.6816
v  2.8303 -2.8210 -2.6816
v  3.1065 -2.5136 -2.6816
v  3.3483 -2.1812 -2.6816
v  3.5526 -1.8295 -2.6816
v  3.7179 -1.4648 -2.6816
v  3.8436 -1.0932 -2.6816
v  3.9305 -0.7207 -2.6816
v  3.9805 -0.3525 -2.6816
v  3.9961 0.0066 -2.6816
v  3.9793 0.3656 -2.6816
v  3.9282 0.7336 -2.6816
v  3.8400 1.1058 -2.6816
v  3.7131 1.4770 -2.6816
v  3.5466 1.8412 -2.6816
v  3.3411 2.1922 -2.6816
v  3.0982 2.5238 -2.6816
v  2.8210 2.8303 -2.6816
v  2.5136 3.1065 -2.6816
v  2.1812 3.3483 -2.6816
v  1.8295 3.5526 -2.6816
v  1.4648 3.7179 -2.6816
v  1.0932 3.8436 -2.6816
v  0.7207 3.9305 -2.6816
v  0.3525 3.9805 -2.6816
v  -0.0033 3.9961 -2.6816
v  -0.3523 -3.9805 -2.6816
v  -0.7203 -3.9306 -2.6816
v  -1.0916 -3.8442 -2.6816
v  -1.4641 -3.7182 -2.6816
v  -1.8287 -3.5531 -2.6816
v  -2.1803 -3.3488 -2.6816
v  -2.5128 -3.1072 -2.6816
v  -2.8202 -2.8311 -2.6816
v  -3.0975 -2.5246 -2.6816
v  -3.3405 -2.1930 -2.6816
v  -3.5462 -1.8420 -2.6816
v  -3.7128 -1.4778 -2.6816
v  -3.8398 -1.1065 -2.6816
v  -3.9281 -0.7340 -2.6816
v  -3.9793 -0.3658 -2.6816
v  -3.9961 -0.0066 -2.6816
v  -3.9805 0.3523 -2.6816
v  -3.9304 0.7211 -2.6815
v  -3.8438 1.0926 -2.6816
v  -3.7182 1.4641 -2.6816
v  -3.5531 1.8287 -2.6816
v  -3.3488 2.1803 -2.6816
v  -3.1072 2.5128 -2.6816
v  -2.8311 2.8202 -2.6816
v  -2.5246 3.0975 -2.6816
v  -2.1930 3.3405 -2.6816
v  -1.8420 3.5462 -2.6816
v  -1.4778 3.7128 -2.6816
v  -1.1065 3.8398 -2.6816
v  -0.7340 3.9281 -2.6816
v  -0.3658 3.9793 -2.6816
v  0.3677 -3.9744 -2.6976
v  0.0030 -3.9917 -2.6970
v  0.0027 -3.9820 -2.7070
v  0.3692 -3.9638 -2.7076
v  0.7349 -3.9232 -2.6974
v  0.7351 -3.9127 -2.7074
v  1.1030 -3.8363 -2.6971
v  1.0985 -3.8271 -2.7071
v  1.4678 -3.7010 -2.7072
v  1.4735 -3.7097 -2.6973
v  1.8337 -3.5340 -2.7073
v  1.8387 -3.5428 -2.6974
v  2.1885 -3.3380 -2.6975
v  2.1817 -3.3301 -2.7075
v  2.5205 -3.0951 -2.6974
v  2.5136 -3.0876 -2.7074
v  2.8276 -2.8172 -2.6974
v  2.8210 -2.8095 -2.7073
v  3.1029 -2.5103 -2.6980
v  3.0947 -2.5032 -2.7080
v  3.3441 -2.1788 -2.6979
v  3.3350 -2.1731 -2.7078
v  3.5489 -1.8264 -2.6978
v  3.5400 -1.8206 -2.7077
v  3.7070 -1.4616 -2.6916
v  3.6960 -1.4585 -2.7016
v  3.8394 -1.0912 -2.6975
v  3.8297 -1.0877 -2.7074
v  3.9261 -0.7200 -2.6973
v  3.9162 -0.7183 -2.7073
v  3.9760 -0.3519 -2.6974
v  3.9658 -0.3507 -2.7074
v  3.9912 0.0066 -2.6980
v  3.9802 0.0065 -2.7081
v  3.9750 0.3649 -2.6972
v  3.9651 0.3637 -2.7071
v  3.9185 0.7312 -2.6916
v  3.9089 0.7289 -2.7016
v  3.8306 1.1023 -2.6916
v  3.8213 1.0988 -2.7016
v  3.7041 1.4723 -2.6916
v  3.6952 1.4676 -2.7016
v  3.5298 1.8294 -2.7016
v  3.5382 1.8353 -2.6916
v  3.3256 2.1781 -2.7016
v  3.3333 2.1852 -2.6916
v  3.0945 2.5213 -2.6974
v  3.0863 2.5152 -2.7073
v  2.8167 2.8280 -2.6975
v  2.8085 2.8218 -2.7074
v  2.5111 3.1029 -2.6971
v  2.5051 3.0952 -2.7070
v  2.1787 3.3445 -2.6974
v  2.1730 3.3360 -2.7074
v  1.8272 3.5488 -2.6974
v  1.8222 3.5398 -2.7074
v  1.4632 3.7137 -2.6974
v  1.4596 3.7042 -2.7073
v  1.0902 3.8397 -2.6974
v  1.0857 3.8304 -2.7073
v  0.7207 3.9260 -2.6973
v  0.7197 3.9158 -2.7073
v  0.3520 3.9761 -2.6972
v  0.3509 3.9662 -2.7072
v  -0.0039 3.9916 -2.6973
v  -0.0045 3.9814 -2.7073
v  -0.3515 -3.9762 -2.6971
v  -0.3501 -3.9663 -2.7071
v  -0.7178 -3.9265 -2.6973
v  -0.7144 -3.9168 -2.7073
v  -1.0905 -3.8394 -2.6977
v  -1.0868 -3.8294 -2.7077
v  -1.4619 -3.7142 -2.6974
v  -1.4576 -3.7050 -2.7073
v  -1.8294 -3.5473 -2.6977
v  -1.8275 -3.5364 -2.7077
v  -2.1787 -3.3444 -2.6975
v  -2.1740 -3.3352 -2.7074
v  -2.5110 -3.1027 -2.6975
v  -2.5057 -3.0938 -2.7074
v  -2.8169 -2.8281 -2.6972
v  -2.8095 -2.8212 -2.7072
v  -3.0943 -2.5214 -2.6974
v  -3.0866 -2.5146 -2.7074
v  -3.3374 -2.1894 -2.6976
v  -3.3294 -2.1826 -2.7076
v  -3.5430 -1.8385 -2.6973
v  -3.5347 -1.8324 -2.7073
v  -3.7084 -1.4761 -2.6977
v  -3.6985 -1.4722 -2.7077
v  -3.8349 -1.1068 -2.6975
v  -3.8246 -1.1056 -2.7074
v  -3.9238 -0.7331 -2.6972
v  -3.9141 -0.7312 -2.7071
v  -3.9745 -0.3658 -2.6977
v  -3.9639 -0.3653 -2.7077
v  -3.9918 -0.0073 -2.6969
v  -3.9822 -0.0081 -2.7069
v  -3.9760 0.3522 -2.6973
v  -3.9659 0.3516 -2.7073
v  -3.9263 0.7194 -2.6973
v  -3.9164 0.7165 -2.7073
v  -3.8393 1.0917 -2.6975
v  -3.8292 1.0892 -2.7075
v  -3.7139 1.4629 -2.6972
v  -3.7045 1.4596 -2.7072
v  -3.5485 1.8275 -2.6976
v  -3.5387 1.8236 -2.7076
v  -3.3441 2.1790 -2.6977
v  -3.3344 2.1745 -2.7076
v  -3.1022 2.5120 -2.6971
v  -3.0929 2.5077 -2.7070
v  -2.8275 2.8175 -2.6972
v  -2.8200 2.8108 -2.7072
v  -2.5221 3.0939 -2.6972
v  -2.5160 3.0860 -2.7072
v  -2.1909 3.3364 -2.6976
v  -2.1855 3.3274 -2.7076
v  -1.8372 3.5434 -2.6975
v  -1.8297 3.5355 -2.7075
v  -1.4728 3.7100 -2.6971
v  -1.4658 3.7020 -2.7071
v  -1.1027 3.8364 -2.6970
v  -1.0975 3.8277 -2.7070
v  -0.7343 3.9235 -2.6972
v  -0.7336 3.9134 -2.7072
v  -0.3669 3.9747 -2.6973
v  -0.3674 3.9645 -2.7073
v  0.0023 -3.9668 -2.7115
v  0.3701 -3.9473 -2.7116
v  0.7343 -3.8963 -2.7116
v  1.0925 -3.8125 -2.7116
v  1.4601 -3.6871 -2.7116
v  1.8261 -3.5201 -2.7116
v  2.1718 -3.3174 -2.7116
v  2.5032 -3.0758 -2.7116
v  2.8105 -2.7980 -2.7116
v  3.0818 -2.4924 -2.7116
v  3.3210 -2.1643 -2.7116
v  3.5261 -1.8123 -2.7116
v  3.6851 -1.4553 -2.7116
v  3.8147 -1.0826 -2.7116
v  3.9006 -0.7156 -2.7116
v  3.9500 -0.3491 -2.7116
v  3.9629 0.0065 -2.7116
v  3.9499 0.3621 -2.7116
v  3.8992 0.7265 -2.7116
v  3.8119 1.0952 -2.7116
v  3.6862 1.4629 -2.7116
v  3.5214 1.8235 -2.7116
v  3.3178 2.1711 -2.7116
v  3.0740 2.5057 -2.7116
v  2.7962 2.8116 -2.7116
v  2.4959 3.0833 -2.7115
v  2.1643 3.3228 -2.7116
v  1.8145 3.5257 -2.7116
v  1.4538 3.6895 -2.7116
v  1.0796 3.8157 -2.7116
v  0.7176 3.8999 -2.7116
v  0.3493 3.9505 -2.7116
v  -0.0050 3.9653 -2.7116
v  -0.3482 -3.9508 -2.7116
v  -0.7099 -3.9016 -2.7116
v  -1.0814 -3.8137 -2.7116
v  -1.4513 -3.6909 -2.7116
v  -1.8229 -3.5203 -2.7116
v  -2.1663 -3.3213 -2.7116
v  -2.4967 -3.0803 -2.7116
v  -2.7983 -2.8104 -2.7116
v  -3.0745 -2.5041 -2.7116
v  -3.3164 -2.1725 -2.7116
v  -3.5215 -1.8237 -2.7116
v  -3.6831 -1.4661 -2.7116
v  -3.8087 -1.1028 -2.7116
v  -3.8991 -0.7283 -2.7115
v  -3.9471 -0.3641 -2.7116
v  -3.9672 -0.0088 -2.7115
v  -3.9502 0.3505 -2.7116
v  -3.9012 0.7127 -2.7116
v  -3.8137 1.0852 -2.7116
v  -3.6900 1.4544 -2.7116
v  -3.5237 1.8170 -2.7116
v  -3.3199 2.1669 -2.7116
v  -3.0795 2.5001 -2.7115
v  -2.8084 2.8001 -2.7116
v  -2.5065 3.0738 -2.7116
v  -2.1770 3.3135 -2.7116
v  -1.8195 3.5225 -2.7116
v  -1.4568 3.6889 -2.7115
v  -1.0907 3.8137 -2.7115
v  -0.7318 3.8978 -2.7116
v  -0.3674 3.9486 -2.7116
v  -0.0014 -2.9656 -2.7115
v  0.2741 -2.9510 -2.7116
v  -0.2579 -2.9539 -2.7116
v  -0.5270 -2.9173 -2.7116
v  -0.8082 -2.8508 -2.7116
v  -1.0840 -2.7592 -2.7116
v  -1.3626 -2.6312 -2.7116
v  -1.6195 -2.4824 -2.7116
v  -1.8670 -2.3019 -2.7116
v  -2.0915 -2.1010 -2.7116
v  -2.2971 -1.8729 -2.7116
v  -2.4794 -1.6229 -2.7116
v  -2.6324 -1.3630 -2.7116
v  -2.7530 -1.0961 -2.7116
v  -2.8479 -0.8214 -2.7116
v  -2.9146 -0.5451 -2.7115
v  -2.9508 -0.2704 -2.7116
v  -2.9659 -0.0042 -2.7115
v  -2.9534 0.2596 -2.7116
v  -2.9167 0.5308 -2.7116
v  -2.8508 0.8114 -2.7116
v  -2.7587 1.0861 -2.7116
v  -2.6351 1.3558 -2.7116
v  -2.4804 1.6213 -2.7116
v  -2.3007 1.8705 -2.7115
v  -2.0999 2.0927 -2.7116
v  -1.8747 2.2968 -2.7116
v  -1.6291 2.4754 -2.7116
v  -1.3575 2.6342 -2.7116
v  -1.0860 2.7589 -2.7115
v  -0.8147 2.8513 -2.7115
v  -0.5484 2.9137 -2.7116
v  -0.2752 2.9518 -2.7116
v  -0.0028 2.9644 -2.7116
v  0.2602 2.9534 -2.7116
v  0.5358 2.9155 -2.7116
v  0.8059 2.8527 -2.7116
v  1.0864 2.7581 -2.7116
v  1.3558 2.6357 -2.7116
v  1.6193 2.4829 -2.7116
v  1.8657 2.3048 -2.7115
v  2.0889 2.1029 -2.7116
v  2.2975 1.8732 -2.7116
v  2.4802 1.6226 -2.7116
v  2.6329 1.3618 -2.7116
v  2.7561 1.0923 -2.7116
v  2.8500 0.8176 -2.7116
v  2.9152 0.5421 -2.7116
v  2.9524 0.2747 -2.7116
v  2.9622 0.0064 -2.7116
v  2.9524 -0.2640 -2.7116
v  2.9160 -0.5345 -2.7116
v  2.8530 -0.8035 -2.7116
v  2.7544 -1.0870 -2.7116
v  2.6347 -1.3559 -2.7116
v  2.4828 -1.6166 -2.7116
v  2.3021 -1.8644 -2.7116
v  2.0991 -2.0930 -2.7116
v  1.8717 -2.2987 -2.7116
v  1.6230 -2.4800 -2.7116
v  1.3643 -2.6316 -2.7116
v  1.0902 -2.7567 -2.7116
v  0.8166 -2.8501 -2.7116
v  0.5508 -2.9122 -2.7116
v  -0.0051 -1.9644 -2.7115
v  0.1781 -1.9546 -2.7116
v  -0.1676 -1.9569 -2.7116
v  -0.3441 -1.9330 -2.7116
v  -0.5349 -1.8878 -2.7116
v  -0.7166 -1.8275 -2.7116
v  -0.9022 -1.7422 -2.7116
v  -1.0727 -1.6435 -2.7116
v  -1.2374 -1.5234 -2.7116
v  -1.3846 -1.3916 -2.7116
v  -1.5197 -1.2417 -2.7116
v  -1.6425 -1.0734 -2.7116
v  -1.7432 -0.9022 -2.7116
v  -1.8228 -0.7260 -2.7116
v  -1.8871 -0.5401 -2.7116
v  -1.9301 -0.3619 -2.7115
v  -1.9545 -0.1768 -2.7116
v  -1.9646 0.0005 -2.7115
v  -1.9566 0.1686 -2.7116
v  -1.9322 0.3490 -2.7116
v  -1.8879 0.5376 -2.7116
v  -1.8275 0.7178 -2.7116
v  -1.7464 0.8947 -2.7116
v  -1.6409 1.0758 -2.7116
v  -1.5218 1.2409 -2.7115
v  -1.3913 1.3853 -2.7116
v  -1.2429 1.5198 -2.7116
v  -1.0813 1.6374 -2.7116
v  -0.8955 1.7460 -2.7116
v  -0.7151 1.8288 -2.7115
v  -0.5386 1.8889 -2.7115
v  -0.3649 1.9296 -2.7116
v  -0.1829 1.9550 -2.7116
v  -0.0006 1.9634 -2.7116
v  0.1710 1.9562 -2.7116
v  0.3540 1.9311 -2.7116
v  0.5321 1.8896 -2.7116
v  0.7189 1.8266 -2.7116
v  0.8970 1.7457 -2.7116
v  1.0743 1.6429 -2.7116
v  1.2356 1.5264 -2.7115
v  1.3816 1.3943 -2.7116
v  1.5210 1.2408 -2.7116
v  1.6426 1.0741 -2.7116
v  1.7444 0.9001 -2.7116
v  1.8259 0.7218 -2.7116
v  1.8881 0.5400 -2.7116
v  1.9313 0.3577 -2.7116
v  1.9549 0.1873 -2.7115
v  1.9616 0.0063 -2.7116
v  1.9548 -0.1789 -2.7116
v  1.9314 -0.3534 -2.7116
v  1.8913 -0.5245 -2.7116
v  1.8237 -0.7187 -2.7116
v  1.7432 -0.8995 -2.7116
v  1.6446 -1.0689 -2.7116
v  1.5224 -1.2364 -2.7116
v  1.3878 -1.3881 -2.7116
v  1.2401 -1.5216 -2.7116
v  1.0742 -1.6425 -2.7116
v  0.9026 -1.7431 -2.7116
v  0.7203 -1.8263 -2.7116
v  0.5407 -1.8876 -2.7116
v  0.3672 -1.9282 -2.7116
v  -0.0088 -0.9631 -2.7115
v  0.0821 -0.9583 -2.7116
v  -0.0773 -0.9600 -2.7116
v  -0.1612 -0.9486 -2.7116
v  -0.2617 -0.9249 -2.7116
v  -0.3492 -0.8958 -2.7116
v  -0.4419 -0.8532 -2.7116
v  -0.5259 -0.8046 -2.7116
v  -0.6077 -0.7449 -2.7116
v  -0.6778 -0.6822 -2.7116
v  -0.7424 -0.6106 -2.7116
v  -0.8056 -0.5239 -2.7116
v  -0.8540 -0.4415 -2.7116
v  -0.8927 -0.3560 -2.7116
v  -0.9263 -0.2587 -2.7116
v  -0.9456 -0.1787 -2.7115
v  -0.9582 -0.0831 -2.7116
v  -0.9632 0.0051 -2.7115
v  -0.9598 0.0777 -2.7116
v  -0.9477 0.1671 -2.7116
v  -0.9250 0.2638 -2.7116
v  -0.8963 0.3494 -2.7116
v  -0.8578 0.4335 -2.7116
v  -0.8013 0.5303 -2.7116
v  -0.7429 0.6113 -2.7115
v  -0.6827 0.6779 -2.7116
v  -0.6112 0.7428 -2.7116
v  -0.5334 0.7993 -2.7116
v  -0.4334 0.8578 -2.7116
v  -0.3443 0.8987 -2.7116
v  -0.2626 0.9265 -2.7115
v  -0.1815 0.9455 -2.7116
v  -0.0907 0.9582 -2.7116
v  0.0016 0.9624 -2.7116
v  0.0819 0.9591 -2.7116
v  0.1722 0.9467 -2.7116
v  0.2584 0.9266 -2.7116
v  0.3515 0.8952 -2.7116
v  0.4383 0.8558 -2.7116
v  0.5293 0.8030 -2.7116
v  0.6055 0.7480 -2.7115
v  0.6743 0.6857 -2.7116
v  0.7446 0.6083 -2.7116
v  0.8049 0.5255 -2.7116
v  0.8559 0.4385 -2.7116
v  0.8958 0.3512 -2.7116
v  0.9262 0.2623 -2.7116
v  0.9473 0.1732 -2.7116
v  0.9575 0.1000 -2.7115
v  0.9609 0.0061 -2.7116
v  0.9573 -0.0939 -2.7116
v  0.9467 -0.1723 -2.7116
v  0.9296 -0.2455 -2.7116
v  0.8931 -0.3504 -2.7116
v  0.8518 -0.4431 -2.7116
v  0.8063 -0.5212 -2.7116
v  0.7427 -0.6084 -2.7116
v  0.6764 -0.6831 -2.7116
v  0.6085 -0.7445 -2.7116
v  0.5253 -0.8051 -2.7116
v  0.4409 -0.8547 -2.7116
v  0.3504 -0.8959 -2.7116
v  0.2648 -0.9251 -2.7116
v  0.1836 -0.9441 -2.7116
v  -0.0002 0.0003 -2.7116
v  0.3591 -3.9799 -2.2391
v  0.3583 -3.9719 -2.2391
v  -0.0000 -3.9961 -2.2391
v  -0.0000 -3.9881 -2.2391
v  0.7271 -3.9294 -2.2391
v  0.7257 -3.9215 -2.2391
v  1.0995 -3.8418 -2.2391
v  1.0973 -3.8341 -2.2391
v  1.4709 -3.7155 -2.2391
v  1.4680 -3.7081 -2.2391
v  1.8354 -3.5496 -2.2391
v  1.8317 -3.5425 -2.2391
v  2.1867 -3.3447 -2.2391
v  2.1823 -3.3380 -2.2391
v  2.5187 -3.1024 -2.2391
v  2.5137 -3.0961 -2.2391
v  2.8256 -2.8256 -2.2391
v  2.8200 -2.8200 -2.2391
v  3.1024 -2.5187 -2.2391
v  3.0961 -2.5137 -2.2391
v  3.3447 -2.1867 -2.2391
v  3.3380 -2.1823 -2.2391
v  3.5496 -1.8354 -2.2391
v  3.5425 -1.8317 -2.2391
v  3.7155 -1.4709 -2.2391
v  3.7081 -1.4680 -2.2391
v  3.8418 -1.0996 -2.2391
v  3.8341 -1.0973 -2.2391
v  3.9294 -0.7271 -2.2391
v  3.9215 -0.7257 -2.2391
v  3.9799 -0.3591 -2.2391
v  3.9719 -0.3583 -2.2391
v  3.9961 -0.0000 -2.2391
v  3.9881 -0.0000 -2.2391
v  3.9799 0.3591 -2.2391
v  3.9719 0.3583 -2.2391
v  3.9294 0.7271 -2.2391
v  3.9215 0.7257 -2.2391
v  3.8418 1.0995 -2.2391
v  3.8341 1.0973 -2.2391
v  3.7155 1.4709 -2.2391
v  3.7081 1.4680 -2.2391
v  3.5496 1.8354 -2.2391
v  3.5425 1.8317 -2.2391
v  3.3447 2.1867 -2.2391
v  3.3380 2.1823 -2.2391
v  3.1024 2.5187 -2.2391
v  3.0961 2.5137 -2.2391
v  2.8256 2.8256 -2.2391
v  2.8200 2.8200 -2.2391
v  2.5187 3.1024 -2.2391
v  2.5137 3.0961 -2.2391
v  2.1867 3.3447 -2.2391
v  2.1823 3.3380 -2.2391
v  1.8354 3.5496 -2.2391
v  1.8317 3.5425 -2.2391
v  1.4709 3.7155 -2.2391
v  1.4680 3.7081 -2.2391
v  1.0996 3.8418 -2.2391
v  1.0973 3.8341 -2.2391
v  0.7271 3.9293 -2.2391
v  0.7257 3.9215 -2.2391
v  0.3591 3.9799 -2.2391
v  0.3583 3.9719 -2.2391
v  0.0000 3.9961 -2.2391
v  0.0000 3.9881 -2.2391
v  -0.3589 -3.9781 -2.2410
v  -0.3582 -3.9701 -2.2407
v  -0.7271 -3.9294 -2.2391
v  -0.7257 -3.9215 -2.2391
v  -1.0995 -3.8418 -2.2391
v  -1.0973 -3.8341 -2.2391
v  -1.4709 -3.7155 -2.2391
v  -1.4680 -3.7081 -2.2391
v  -1.8354 -3.5496 -2.2391
v  -1.8317 -3.5425 -2.2391
v  -2.1867 -3.3447 -2.2391
v  -2.1823 -3.3380 -2.2391
v  -2.5187 -3.1024 -2.2391
v  -2.5137 -3.0961 -2.2391
v  -2.8256 -2.8256 -2.2391
v  -2.8200 -2.8200 -2.2391
v  -3.1024 -2.5187 -2.2391
v  -3.0961 -2.5137 -2.2391
v  -3.3447 -2.1867 -2.2391
v  -3.3380 -2.1823 -2.2391
v  -3.5496 -1.8354 -2.2391
v  -3.5425 -1.8317 -2.2391
v  -3.7155 -1.4709 -2.2391
v  -3.7081 -1.4680 -2.2391
v  -3.8418 -1.0995 -2.2391
v  -3.8341 -1.0973 -2.2391
v  -3.9293 -0.7271 -2.2391
v  -3.9215 -0.7257 -2.2391
v  -3.9799 -0.3591 -2.2391
v  -3.9719 -0.3583 -2.2391
v  -3.9961 0.0000 -2.2391
v  -3.9881 0.0000 -2.2391
v  -3.9799 0.3591 -2.2391
v  -3.9719 0.3583 -2.2391
v  -3.9293 0.7271 -2.2391
v  -3.9215 0.7257 -2.2391
v  -3.8418 1.0996 -2.2391
v  -3.8341 1.0973 -2.2391
v  -3.7155 1.4709 -2.2391
v  -3.7081 1.4680 -2.2391
v  -3.5496 1.8354 -2.2391
v  -3.5425 1.8317 -2.2391
v  -3.3447 2.1867 -2.2391
v  -3.3380 2.1823 -2.2391
v  -3.1024 2.5187 -2.2391
v  -3.0961 2.5137 -2.2391
v  -2.8256 2.8256 -2.2391
v  -2.8200 2.8200 -2.2391
v  -2.5187 3.1024 -2.2391
v  -2.5137 3.0961 -2.2391
v  -2.1867 3.3447 -2.2391
v  -2.1823 3.3380 -2.2391
v  -1.8354 3.5496 -2.2391
v  -1.8317 3.5425 -2.2391
v  -1.4709 3.7155 -2.2391
v  -1.4680 3.7081 -2.2391
v  -1.0995 3.8418 -2.2391
v  -1.0973 3.8341 -2.2391
v  -0.7271 3.9294 -2.2391
v  -0.7257 3.9215 -2.2391
v  -0.3591 3.9799 -2.2391
v  -0.3583 3.9719 -2.2391
v  2.4815 3.0565 -2.2391
v  2.4815 3.0565 -2.2471
v  2.4865 3.0627 -2.2391
v  2.7839 2.7839 -2.2391
v  2.7896 2.7895 -2.2391
v  2.7839 2.7839 -2.2471
v  3.0565 2.4815 -2.2391
v  3.0565 2.4815 -2.2471
v  3.0627 2.4865 -2.2391
v  3.2953 2.1544 -2.2391
v  3.3020 2.1587 -2.2391
v  3.2953 2.1544 -2.2471
v  3.4972 1.8082 -2.2391
v  3.5043 1.8119 -2.2391
v  3.4972 1.8082 -2.2471
v  3.6606 1.4492 -2.2391
v  3.6606 1.4492 -2.2471
v  3.6680 1.4521 -2.2391
v  3.7850 1.0833 -2.2391
v  3.7927 1.0855 -2.2391
v  3.7850 1.0833 -2.2471
v  3.8713 0.7164 -2.2391
v  3.8713 0.7164 -2.2471
v  3.8791 0.7178 -2.2391
v  3.9211 0.3538 -2.2391
v  3.9291 0.3545 -2.2391
v  3.9211 0.3538 -2.2471
v  3.9370 -0.0000 -2.2391
v  3.9370 -0.0000 -2.2471
v  3.9450 -0.0000 -2.2391
v  3.9211 -0.3538 -2.2391
v  3.9291 -0.3545 -2.2391
v  3.9211 -0.3538 -2.2471
v  3.8713 -0.7164 -2.2391
v  3.8713 -0.7164 -2.2471
v  3.8791 -0.7178 -2.2391
v  3.7850 -1.0833 -2.2391
v  3.7927 -1.0855 -2.2391
v  3.7850 -1.0833 -2.2471
v  3.6606 -1.4492 -2.2391
v  3.6606 -1.4492 -2.2471
v  3.6680 -1.4521 -2.2391
v  3.4972 -1.8082 -2.2391
v  3.5043 -1.8119 -2.2391
v  3.4972 -1.8082 -2.2471
v  3.0565 -2.4815 -2.2391
v  3.0565 -2.4815 -2.2471
v  3.0627 -2.4865 -2.2391
v  2.7839 -2.7839 -2.2391
v  2.7895 -2.7895 -2.2391
v  2.7839 -2.7839 -2.2471
v  2.4815 -3.0565 -2.2391
v  2.4815 -3.0565 -2.2471
v  2.4865 -3.0627 -2.2391
v  2.1544 -3.2953 -2.2391
v  2.1587 -3.3020 -2.2391
v  2.1544 -3.2953 -2.2471
v  1.8082 -3.4972 -2.2391
v  1.8119 -3.5043 -2.2391
v  1.8082 -3.4972 -2.2471
v  1.4492 -3.6606 -2.2391
v  1.4492 -3.6606 -2.2471
v  1.4521 -3.6680 -2.2391
v  1.0833 -3.7850 -2.2391
v  1.0855 -3.7927 -2.2391
v  1.0833 -3.7850 -2.2471
v  0.7164 -3.8713 -2.2391
v  0.7164 -3.8713 -2.2471
v  0.7178 -3.8791 -2.2391
v  0.3538 -3.9211 -2.2391
v  0.3545 -3.9291 -2.2391
v  0.3538 -3.9211 -2.2471
v  -0.0000 -3.9370 -2.2391
v  -0.0000 -3.9370 -2.2471
v  -0.0000 -3.9450 -2.2391
v  -0.3538 -3.9211 -2.2391
v  -0.3545 -3.9290 -2.2394
v  -0.3538 -3.9211 -2.2471
v  -0.7164 -3.8713 -2.2391
v  -0.7178 -3.8791 -2.2391
v  -0.7164 -3.8713 -2.2471
v  -1.0833 -3.7850 -2.2391
v  -1.0855 -3.7927 -2.2391
v  -1.0833 -3.7850 -2.2471
v  -1.4492 -3.6606 -2.2391
v  -1.4492 -3.6606 -2.2471
v  -1.4521 -3.6680 -2.2391
v  -1.8082 -3.4972 -2.2391
v  -1.8119 -3.5043 -2.2391
v  -1.8082 -3.4972 -2.2471
v  -2.4815 -3.0565 -2.2391
v  -2.4815 -3.0565 -2.2471
v  -2.4865 -3.0627 -2.2391
v  -2.7839 -2.7839 -2.2391
v  -2.7895 -2.7895 -2.2391
v  -2.7839 -2.7839 -2.2471
v  -3.0565 -2.4815 -2.2391
v  -3.0565 -2.4815 -2.2471
v  -3.0627 -2.4865 -2.2391
v  -3.2953 -2.1544 -2.2391
v  -3.3020 -2.1587 -2.2391
v  -3.2953 -2.1544 -2.2471
v  -3.4972 -1.8082 -2.2391
v  -3.5043 -1.8119 -2.2391
v  -3.4972 -1.8082 -2.2471
v  -3.6606 -1.4492 -2.2391
v  -3.6606 -1.4492 -2.2471
v  -3.6680 -1.4521 -2.2391
v  -3.7850 -1.0833 -2.2391
v  -3.7927 -1.0855 -2.2391
v  -3.7850 -1.0833 -2.2471
v  -3.8713 -0.7164 -2.2391
v  -3.8713 -0.7164 -2.2471
v  -3.8791 -0.7178 -2.2391
v  -3.9211 -0.3538 -2.2391
v  -3.9290 -0.3545 -2.2391
v  -3.9211 -0.3538 -2.2471
v  -3.9211 0.3538 -2.2391
v  -3.9211 0.3538 -2.2471
v  -3.9290 0.3545 -2.2391
v  -3.8713 0.7164 -2.2393
v  -3.8791 0.7178 -2.2393
v  -3.8713 0.7164 -2.2473
v  -3.7850 1.0833 -2.2391
v  -3.7927 1.0855 -2.2391
v  -3.7850 1.0833 -2.2471
v  -3.6606 1.4492 -2.2391
v  -3.6606 1.4492 -2.2471
v  -3.6680 1.4521 -2.2391
v  -3.4972 1.8082 -2.2391
v  -3.5043 1.8119 -2.2391
v  -3.4972 1.8082 -2.2471
v  -3.0565 2.4815 -2.2391
v  -3.0565 2.4815 -2.2471
v  -3.0627 2.4865 -2.2391
v  -2.7839 2.7839 -2.2391
v  -2.7895 2.7895 -2.2391
v  -2.7839 2.7839 -2.2471
v  -2.4815 3.0565 -2.2391
v  -2.4815 3.0565 -2.2471
v  -2.4865 3.0627 -2.2391
v  -2.1544 3.2953 -2.2391
v  -2.1587 3.3020 -2.2391
v  -2.1544 3.2953 -2.2471
v  -1.8082 3.4972 -2.2391
v  -1.8119 3.5043 -2.2391
v  -1.8082 3.4972 -2.2471
v  -1.4492 3.6606 -2.2391
v  -1.4492 3.6606 -2.2471
v  -1.4521 3.6680 -2.2391
v  -1.0833 3.7850 -2.2391
v  -1.0855 3.7927 -2.2391
v  -1.0833 3.7850 -2.2471
v  -0.7164 3.8713 -2.2391
v  -0.7178 3.8791 -2.2391
v  -0.7164 3.8713 -2.2471
v  0.0000 3.9370 -2.2391
v  0.0000 3.9370 -2.2471
v  0.0000 3.9450 -2.2391
v  0.3538 3.9211 -2.2391
v  0.3545 3.9290 -2.2391
v  0.3538 3.9211 -2.2471
v  0.7164 3.8713 -2.2391
v  0.7164 3.8713 -2.2471
v  0.7178 3.8791 -2.2391
v  1.0833 3.7850 -2.2391
v  1.0855 3.7927 -2.2391
v  1.0833 3.7850 -2.2471
v  1.4492 3.6606 -2.2391
v  1.4492 3.6606 -2.2471
v  1.4521 3.6680 -2.2391
v  1.8082 3.4972 -2.2391
v  1.8119 3.5043 -2.2391
v  1.8082 3.4972 -2.2471
v  -0.3538 3.9211 -2.2391
v  -0.3545 3.9290 -2.2391
v  -0.3538 3.9211 -2.2471
v  -3.2953 2.1544 -2.2391
v  -3.2953 2.1544 -2.2471
v  -3.3020 2.1587 -2.2391
v  -2.1544 -3.2953 -2.2391
v  -2.1544 -3.2953 -2.2471
v  -2.1587 -3.3020 -2.2391
v  3.2953 -2.1544 -2.2391
v  3.2953 -2.1544 -2.2471
v  3.3020 -2.1587 -2.2391
v  2.1544 3.2953 -2.2391
v  2.1544 3.2953 -2.2471
v  2.1587 3.3020 -2.2391
v  -3.9370 0.0000 -2.2391
v  -3.9450 0.0000 -2.2391
v  -3.9370 0.0000 -2.2471
v  0.0033 -3.9960 -2.6716
v  0.3656 -3.9793 -2.6716
v  0.7336 -3.9282 -2.6716
v  1.1058 -3.8400 -2.6716
v  1.4770 -3.7131 -2.6716
v  1.8412 -3.5466 -2.6716
v  2.1922 -3.3411 -2.6716
v  2.5238 -3.0982 -2.6716
v  2.8303 -2.8210 -2.6716
v  3.1065 -2.5136 -2.6716
v  3.3483 -2.1812 -2.6716
v  3.5526 -1.8295 -2.6716
v  3.7179 -1.4648 -2.6716
v  3.8436 -1.0932 -2.6716
v  3.9305 -0.7207 -2.6716
v  3.9805 -0.3525 -2.6716
v  3.9961 0.0066 -2.6716
v  3.9793 0.3656 -2.6716
v  3.9282 0.7336 -2.6716
v  3.8400 1.1058 -2.6716
v  3.7131 1.4770 -2.6716
v  3.5466 1.8412 -2.6716
v  3.3411 2.1922 -2.6716
v  3.0982 2.5238 -2.6716
v  2.8210 2.8303 -2.6716
v  2.5136 3.1065 -2.6716
v  2.1812 3.3483 -2.6716
v  1.8295 3.5526 -2.6716
v  1.4648 3.7179 -2.6716
v  1.0932 3.8436 -2.6716
v  0.7207 3.9305 -2.6716
v  0.3525 3.9805 -2.6716
v  -0.0033 3.9961 -2.6716
v  -0.3658 3.9793 -2.6716
v  -0.7340 3.9281 -2.6716
v  -1.1065 3.8398 -2.6716
v  -1.4778 3.7128 -2.6716
v  -1.8420 3.5462 -2.6716
v  -2.1930 3.3405 -2.6716
v  -2.5246 3.0975 -2.6716
v  -2.8311 2.8202 -2.6716
v  -3.1072 2.5128 -2.6716
v  -3.3488 2.1803 -2.6716
v  -3.5531 1.8287 -2.6716
v  -3.7182 1.4641 -2.6716
v  -3.8438 1.0926 -2.6716
v  -3.9304 0.7211 -2.6715
v  -3.9805 0.3523 -2.6716
v  -3.9961 -0.0066 -2.6716
v  -3.9793 -0.3658 -2.6716
v  -3.9281 -0.7340 -2.6716
v  -3.8398 -1.1065 -2.6716
v  -3.7128 -1.4778 -2.6716
v  -3.5462 -1.8420 -2.6716
v  -3.3405 -2.1930 -2.6716
v  -3.0975 -2.5246 -2.6716
v  -2.8202 -2.8311 -2.6716
v  -2.5128 -3.1072 -2.6716
v  -2.1803 -3.3488 -2.6716
v  -1.8287 -3.5531 -2.6716
v  -1.4641 -3.7182 -2.6716
v  -1.0916 -3.8442 -2.6716
v  -0.7203 -3.9306 -2.6716
v  -0.3523 -3.9805 -2.6716
v  0.3591 -3.9799 -2.2491
v  0.0000 -3.9961 -2.2491
v  -0.3589 -3.9781 -2.2510
v  -0.7272 -3.9294 -2.2491
v  -1.0995 -3.8418 -2.2491
v  -1.4709 -3.7155 -2.2491
v  -1.8354 -3.5496 -2.2491
v  -2.1867 -3.3447 -2.2491
v  -2.5187 -3.1024 -2.2491
v  -2.8256 -2.8256 -2.2491
v  -3.1024 -2.5187 -2.2491
v  -3.3447 -2.1867 -2.2491
v  -3.5496 -1.8354 -2.2491
v  -3.7155 -1.4709 -2.2491
v  -3.8418 -1.0995 -2.2491
v  -3.9293 -0.7271 -2.2491
v  -3.9799 -0.3591 -2.2491
v  -3.9961 0.0000 -2.2491
v  -3.9799 0.3591 -2.2491
v  -3.9293 0.7271 -2.2491
v  -3.8418 1.0996 -2.2491
v  -3.7155 1.4709 -2.2491
v  -3.5496 1.8354 -2.2491
v  -3.3447 2.1867 -2.2491
v  -3.1024 2.5187 -2.2491
v  -2.8256 2.8256 -2.2491
v  -2.5187 3.1024 -2.2491
v  -2.1867 3.3447 -2.2491
v  -1.8354 3.5496 -2.2491
v  -1.4709 3.7155 -2.2491
v  -1.0995 3.8418 -2.2491
v  -0.7271 3.9294 -2.2491
v  -0.3591 3.9799 -2.2491
v  0.0000 3.9961 -2.2491
v  0.3591 3.9799 -2.2491
v  0.7271 3.9293 -2.2491
v  1.0996 3.8418 -2.2491
v  1.4709 3.7155 -2.2491
v  1.8354 3.5496 -2.2491
v  2.1867 3.3447 -2.2491
v  2.5187 3.1024 -2.2491
v  2.8256 2.8256 -2.2491
v  3.1024 2.5187 -2.2491
v  3.3447 2.1867 -2.2491
v  3.5496 1.8354 -2.2491
v  3.7155 1.4709 -2.2491
v  3.8418 1.0995 -2.2491
v  3.9294 0.7271 -2.2491
v  3.9799 0.3591 -2.2491
v  3.9961 -0.0000 -2.2491
v  3.9799 -0.3591 -2.2491
v  3.9294 -0.7271 -2.2491
v  3.8418 -1.0996 -2.2491
v  3.7155 -1.4709 -2.2491
v  3.5496 -1.8354 -2.2491
v  3.3447 -2.1867 -2.2491
v  3.1024 -2.5187 -2.2491
v  2.8256 -2.8256 -2.2491
v  2.5187 -3.1024 -2.2491
v  2.1867 -3.3447 -2.2491
v  1.8354 -3.5496 -2.2491
v  1.4709 -3.7155 -2.2491
v  1.0995 -3.8418 -2.2491
v  0.7271 -3.9294 -2.2491
v  0.3692 -3.9373 -2.7116
v  0.0023 -3.9568 -2.7115
v  -0.3473 -3.9408 -2.7116
v  -0.7081 -3.8918 -2.7116
v  -1.0787 -3.8041 -2.7116
v  -1.4477 -3.6815 -2.7116
v  -1.8183 -3.5114 -2.7116
v  -2.1608 -3.3129 -2.7116
v  -2.4904 -3.0725 -2.7116
v  -2.7912 -2.8033 -2.7116
v  -3.0667 -2.4978 -2.7116
v  -3.3080 -2.1670 -2.7116
v  -3.5126 -1.8191 -2.7116
v  -3.6738 -1.4624 -2.7116
v  -3.7991 -1.1000 -2.7116
v  -3.8893 -0.7264 -2.7115
v  -3.9372 -0.3632 -2.7116
v  -3.9572 -0.0087 -2.7115
v  -3.9403 0.3496 -2.7116
v  -3.8913 0.7109 -2.7116
v  -3.8041 1.0825 -2.7116
v  -3.6806 1.4507 -2.7116
v  -3.5148 1.8124 -2.7116
v  -3.3115 2.1614 -2.7116
v  -3.0717 2.4938 -2.7115
v  -2.8013 2.7930 -2.7116
v  -2.5002 3.0660 -2.7116
v  -2.1715 3.3051 -2.7116
v  -1.8149 3.5136 -2.7116
v  -1.4531 3.6796 -2.7115
v  -1.0879 3.8041 -2.7115
v  -0.7300 3.8880 -2.7116
v  -0.3665 3.9386 -2.7116
v  -0.0050 3.9553 -2.7116
v  0.3484 3.9406 -2.7116
v  0.7158 3.8901 -2.7116
v  1.0769 3.8060 -2.7116
v  1.4502 3.6802 -2.7116
v  1.8099 3.5168 -2.7116
v  2.1588 3.3144 -2.7116
v  2.4895 3.0755 -2.7115
v  2.7892 2.8045 -2.7116
v  3.0662 2.4994 -2.7116
v  3.3094 2.1657 -2.7116
v  3.5125 1.8189 -2.7116
v  3.6769 1.4591 -2.7116
v  3.8023 1.0925 -2.7116
v  3.8894 0.7247 -2.7116
v  3.9399 0.3612 -2.7116
v  3.9529 0.0065 -2.7116
v  3.9400 -0.3482 -2.7116
v  3.8908 -0.7138 -2.7116
v  3.8051 -1.0798 -2.7116
v  3.6758 -1.4516 -2.7116
v  3.5172 -1.8077 -2.7116
v  3.3127 -2.1588 -2.7116
v  3.0740 -2.4862 -2.7116
v  2.8034 -2.7910 -2.7116
v  2.4969 -3.0680 -2.7116
v  2.1663 -3.3090 -2.7116
v  1.8214 -3.5113 -2.7116
v  1.4564 -3.6778 -2.7116
v  1.0897 -3.8029 -2.7116
v  0.7325 -3.8864 -2.7116
v  -0.5010 0.0000 -1.3665
v  0.5069 0.0000 -1.3665
v  0.7215 0.0000 -1.6739
v  0.7205 0.0000 -2.2739
v  -0.7020 -0.1355 -1.1956
v  -0.6687 -0.2535 -1.1956
v  -0.6701 -0.2535 -1.2048
v  -0.7035 -0.1357 -1.2048
v  -0.6192 -0.3585 -1.1956
v  -0.6206 -0.3586 -1.2048
v  -0.5555 -0.4517 -1.1956
v  -0.5565 -0.4520 -1.2048
v  -0.4781 -0.5335 -1.1956
v  -0.4786 -0.5341 -1.2048
v  -0.3902 -0.6013 -1.1956
v  -0.3905 -0.6018 -1.2048
v  -0.2945 -0.6539 -1.1956
v  -0.2947 -0.6544 -1.2048
v  -0.2066 -0.6870 -1.1955
v  -0.2066 -0.6871 -1.2015
v  -0.1329 -0.6890 -1.2015
v  -0.0650 -0.6890 -1.2015
v  -0.0650 -0.6890 -1.6611
v  -0.1329 -0.6890 -1.6610
v  -0.1329 -0.6890 -1.6679
v  -0.0650 -0.6890 -1.6679
v  -0.0650 -0.7153 -2.2739
v  -0.1330 -0.7056 -2.2739
v  -0.1330 -0.7056 -1.6740
v  -0.0650 -0.7153 -1.6740
v  0.0026 -0.6890 -1.2015
v  0.0026 -0.6890 -1.6610
v  0.0026 -0.6890 -1.6678
v  -0.2010 -0.6891 -2.2739
v  -0.2067 -0.6874 -1.6740
v  0.0026 -0.7185 -1.6740
v  0.0026 -0.7185 -2.2739
v  -0.6908 -0.1344 -1.1956
v  -0.4993 -0.1159 -1.1955
v  -0.4744 -0.1958 -1.1955
v  -0.6579 -0.2503 -1.1956
v  -0.4414 -0.2627 -1.1955
v  -0.6093 -0.3532 -1.1956
v  -0.3998 -0.3242 -1.1955
v  -0.5468 -0.4447 -1.1956
v  -0.3422 -0.3845 -1.1955
v  -0.4706 -0.5253 -1.1956
v  -0.2597 -0.4463 -1.1955
v  -0.3829 -0.5927 -1.1956
v  -0.2044 -0.4717 -1.1955
v  -0.2895 -0.6438 -1.1956
v  -0.2024 -0.6763 -1.1955
v  -0.1976 -0.6781 -1.1955
v  -0.0937 -0.5055 -1.1955
v  -0.1308 -0.6787 -1.1955
v  -0.0349 -0.5126 -1.1955
v  -0.0633 -0.6791 -1.1955
v  0.0026 -0.5132 -1.1955
v  0.0026 -0.6801 -1.1955
v  -0.5010 0.0000 -1.2032
v  -0.4877 -0.1147 -1.3665
v  -0.4877 -0.1147 -1.2032
v  -0.4627 -0.1923 -1.3665
v  -0.4627 -0.1923 -1.2032
v  -0.4305 -0.2568 -1.3665
v  -0.4305 -0.2568 -1.2032
v  -0.3896 -0.3159 -1.3665
v  -0.3896 -0.3159 -1.2031
v  -0.3336 -0.3750 -1.3664
v  -0.3336 -0.3750 -1.2031
v  -0.2509 -0.4352 -1.3664
v  -0.2509 -0.4352 -1.2031
v  -0.1994 -0.4613 -1.3665
v  -0.1994 -0.4613 -1.2032
v  -0.1385 -0.4835 -1.2032
v  -0.1385 -0.4835 -1.3665
v  -0.0914 -0.4949 -1.3665
v  -0.0914 -0.4949 -1.2032
v  -0.0332 -0.5024 -1.3665
v  -0.0332 -0.5024 -1.2032
v  0.0028 -0.5039 -1.3666
v  0.0027 -0.5039 -1.2038
v  -0.4880 -0.1148 -1.1955
v  -0.5010 0.0000 -1.1955
v  -0.4629 -0.1924 -1.1955
v  -0.4306 -0.2567 -1.1956
v  -0.3899 -0.3159 -1.1955
v  -0.3337 -0.3750 -1.1955
v  -0.2511 -0.4353 -1.1955
v  -0.1994 -0.4615 -1.1955
v  -0.0915 -0.4950 -1.1955
v  -0.1385 -0.4837 -1.1955
v  -0.0333 -0.5024 -1.1955
v  -0.1329 -0.6889 -1.1955
v  -0.2009 -0.6889 -1.1955
v  -0.0650 -0.6889 -1.1955
v  0.0028 -0.5039 -1.1955
v  -0.2009 -0.6890 -1.6679
v  -0.2009 -0.6890 -1.6610
v  0.0026 -0.6889 -1.1955
v  -0.0650 -0.7149 -1.6680
v  -0.1329 -0.7053 -1.6680
v  -0.2009 -0.6890 -1.2012
v  0.0026 -0.7181 -1.6680
v  -0.2947 -0.6544 -2.2739
v  -0.2947 -0.6544 -1.6739
v  -0.7165 0.0000 -1.2048
v  -0.7035 -0.1356 -1.6739
v  -0.7035 -0.1356 -2.2739
v  -0.6702 -0.2533 -1.6739
v  -0.6703 -0.2531 -2.2739
v  -0.6207 -0.3583 -1.6739
v  -0.6209 -0.3580 -2.2739
v  -0.5566 -0.4519 -1.6739
v  -0.5568 -0.4517 -2.2739
v  -0.4786 -0.5341 -1.6739
v  -0.4786 -0.5341 -2.2739
v  -0.3905 -0.6018 -1.6739
v  -0.3905 -0.6018 -2.2739
v  0.7073 -0.1355 -1.1955
v  0.7084 -0.1356 -1.2048
v  0.6751 -0.2534 -1.2048
v  0.6740 -0.2535 -1.1955
v  0.6255 -0.3584 -1.2048
v  0.6245 -0.3586 -1.1955
v  0.5615 -0.4518 -1.2048
v  0.5607 -0.4518 -1.1955
v  0.4837 -0.5339 -1.2048
v  0.4833 -0.5336 -1.1955
v  0.3964 -0.6012 -1.2055
v  0.3963 -0.6010 -1.1955
v  0.2999 -0.6543 -1.2048
v  0.2997 -0.6540 -1.1955
v  0.2118 -0.6870 -1.1955
v  0.2119 -0.6873 -1.2015
v  0.1382 -0.6890 -1.2015
v  0.1382 -0.6890 -1.6610
v  0.0702 -0.6890 -1.6611
v  0.0702 -0.6890 -1.2015
v  0.0702 -0.6890 -1.6679
v  0.1382 -0.6890 -1.6679
v  0.0702 -0.7152 -2.2739
v  0.0702 -0.7153 -1.6740
v  0.1382 -0.7056 -1.6740
v  0.1382 -0.7054 -2.2739
v  0.2049 -0.6891 -2.2736
v  0.6960 -0.1344 -1.1955
v  0.6631 -0.2503 -1.1955
v  0.4796 -0.1958 -1.1955
v  0.5045 -0.1159 -1.1955
v  0.6146 -0.3532 -1.1955
v  0.4466 -0.2627 -1.1955
v  0.5521 -0.4447 -1.1955
v  0.4050 -0.3242 -1.1955
v  0.4758 -0.5253 -1.1955
v  0.3475 -0.3845 -1.1955
v  0.3900 -0.5917 -1.1955
v  0.2821 -0.4335 -1.1955
v  0.2947 -0.6438 -1.1955
v  0.2097 -0.4717 -1.1955
v  0.1464 -0.4945 -1.1955
v  0.2077 -0.6763 -1.1955
v  0.2028 -0.6781 -1.1955
v  0.1360 -0.6787 -1.1955
v  0.0989 -0.5055 -1.1955
v  0.0685 -0.6791 -1.1955
v  0.0402 -0.5126 -1.1955
v  0.4936 -0.1148 -1.2029
v  0.4936 -0.1149 -1.3665
v  0.4685 -0.1926 -1.2029
v  0.4685 -0.1925 -1.3665
v  0.4360 -0.2574 -1.2019
v  0.4363 -0.2570 -1.3664
v  0.3955 -0.3159 -1.2036
v  0.3952 -0.3162 -1.3665
v  0.3392 -0.3753 -1.2031
v  0.3391 -0.3753 -1.3664
v  0.2754 -0.4238 -1.2031
v  0.2754 -0.4238 -1.3664
v  0.2047 -0.4616 -1.2032
v  0.2047 -0.4616 -1.3665
v  0.1437 -0.4838 -1.2032
v  0.0967 -0.4950 -1.2032
v  0.0967 -0.4950 -1.3665
v  0.1437 -0.4838 -1.3665
v  0.0385 -0.5025 -1.2032
v  0.0385 -0.5025 -1.3665
v  0.5069 0.0000 -1.1956
v  0.4937 -0.1148 -1.1955
v  0.4685 -0.1927 -1.1955
v  0.4363 -0.2575 -1.1955
v  0.3955 -0.3162 -1.1955
v  0.3391 -0.3754 -1.1955
v  0.2754 -0.4238 -1.1956
v  0.2047 -0.4616 -1.1956
v  0.1437 -0.4838 -1.1955
v  0.0967 -0.4950 -1.1956
v  0.0385 -0.5025 -1.1956
v  0.7207 0.0000 -1.1955
v  0.2061 -0.6889 -1.1955
v  0.1382 -0.6889 -1.1955
v  0.0702 -0.6889 -1.1955
v  0.2061 -0.6890 -1.6679
v  0.2061 -0.6890 -1.6610
v  0.0702 -0.7149 -1.6680
v  0.1382 -0.7053 -1.6680
v  0.2061 -0.6890 -1.2012
v  0.2999 -0.6543 -1.6739
v  0.2997 -0.6539 -2.2739
v  0.2119 -0.6874 -1.6740
v  0.7084 -0.1356 -1.6739
v  0.7075 -0.1353 -2.2739
v  0.6745 -0.2530 -1.6739
v  0.6744 -0.2526 -2.2739
v  0.6252 -0.3578 -1.6739
v  0.6251 -0.3574 -2.2739
v  0.5616 -0.4517 -1.6739
v  0.5618 -0.4515 -2.2739
v  0.4837 -0.5339 -1.6739
v  0.4832 -0.5335 -2.2739
v  0.3964 -0.6011 -1.6739
v  0.3961 -0.6007 -2.2739
v  -0.1410 -0.4946 -1.1955
v  -0.7020 0.1356 -1.1956
v  -0.7035 0.1358 -1.2048
v  -0.6701 0.2536 -1.2048
v  -0.6687 0.2536 -1.1956
v  -0.6205 0.3586 -1.2048
v  -0.6192 0.3586 -1.1956
v  -0.5565 0.4521 -1.2048
v  -0.5555 0.4518 -1.1956
v  -0.4785 0.5342 -1.2048
v  -0.4781 0.5336 -1.1956
v  -0.3905 0.6018 -1.2048
v  -0.3902 0.6013 -1.1956
v  -0.2947 0.6544 -1.2048
v  -0.2945 0.6540 -1.1956
v  -0.2066 0.6871 -1.1955
v  -0.2066 0.6872 -1.2015
v  -0.1329 0.6890 -1.2015
v  -0.1329 0.6890 -1.6586
v  -0.0650 0.6890 -1.6586
v  -0.0650 0.6890 -1.2015
v  -0.0650 0.6890 -1.6679
v  -0.1329 0.6890 -1.6679
v  -0.0650 0.7153 -2.2739
v  -0.0650 0.7153 -1.6740
v  -0.1329 0.7055 -1.6740
v  -0.1330 0.7056 -2.2739
v  0.0026 0.6890 -1.6586
v  0.0026 0.6890 -1.2015
v  0.0026 0.6890 -1.6678
v  0.0026 0.7185 -2.2739
v  0.0026 0.7186 -1.6740
v  -0.6908 0.1345 -1.1956
v  -0.6579 0.2504 -1.1956
v  -0.4744 0.1959 -1.1955
v  -0.4993 0.1160 -1.1955
v  -0.6093 0.3533 -1.1956
v  -0.4414 0.2628 -1.1955
v  -0.5468 0.4447 -1.1956
v  -0.3998 0.3243 -1.1955
v  -0.4706 0.5254 -1.1956
v  -0.3422 0.3846 -1.1955
v  -0.3829 0.5928 -1.1956
v  -0.2597 0.4464 -1.1955
v  -0.2895 0.6439 -1.1956
v  -0.2044 0.4717 -1.1955
v  -0.1410 0.4947 -1.1955
v  -0.2024 0.6763 -1.1955
v  -0.1976 0.6781 -1.1955
v  -0.1308 0.6788 -1.1955
v  -0.0633 0.6792 -1.1955
v  -0.0349 0.5127 -1.1955
v  -0.0937 0.5056 -1.1955
v  0.0026 0.6802 -1.1955
v  0.0026 0.5133 -1.1955
v  -0.4877 0.1148 -1.2032
v  -0.4877 0.1148 -1.3665
v  -0.4627 0.1923 -1.2032
v  -0.4627 0.1923 -1.3665
v  -0.4305 0.2569 -1.2032
v  -0.4305 0.2569 -1.3665
v  -0.3896 0.3160 -1.2031
v  -0.3896 0.3160 -1.3665
v  -0.3336 0.3750 -1.2031
v  -0.3336 0.3750 -1.3664
v  -0.2509 0.4353 -1.2031
v  -0.2509 0.4353 -1.3664
v  -0.1994 0.4614 -1.2032
v  -0.1994 0.4614 -1.3665
v  -0.1385 0.4836 -1.2032
v  -0.1385 0.4836 -1.3665
v  -0.0914 0.4950 -1.2032
v  -0.0332 0.5025 -1.2032
v  -0.0332 0.5025 -1.3665
v  -0.0914 0.4950 -1.3665
v  0.0027 0.5039 -1.2038
v  0.0028 0.5039 -1.3666
v  -0.4880 0.1149 -1.1955
v  -0.4629 0.1925 -1.1955
v  -0.4306 0.2568 -1.1956
v  -0.3899 0.3160 -1.1955
v  -0.3337 0.3750 -1.1955
v  -0.2511 0.4353 -1.1955
v  -0.1994 0.4616 -1.1955
v  -0.0915 0.4950 -1.1955
v  -0.0333 0.5025 -1.1955
v  -0.5134 0.0000 -1.1955
v  -0.7043 0.0000 -1.1956
v  -0.7155 0.0000 -1.1956
v  -0.1385 0.4838 -1.1955
v  -0.1329 0.6890 -1.1955
v  -0.0650 0.6890 -1.1955
v  0.0028 0.5039 -1.1955
v  -0.2009 0.6890 -1.6680
v  -0.2009 0.6890 -1.6586
v  0.0026 0.6890 -1.1955
v  -0.0650 0.7150 -1.6680
v  -0.1329 0.7054 -1.6680
v  -0.2009 0.6890 -1.1955
v  -0.2009 0.6890 -1.2012
v  0.0026 0.7183 -1.6680
v  -0.2010 0.6891 -2.2739
v  -0.2947 0.6544 -1.6739
v  -0.2947 0.6544 -2.2739
v  -0.2067 0.6874 -1.6740
v  -0.7035 0.1357 -1.6739
v  -0.7165 0.0000 -1.6739
v  -0.7165 0.0000 -2.2739
v  -0.7025 0.1355 -2.2739
v  -0.6702 0.2534 -1.6739
v  -0.6703 0.2531 -2.2739
v  -0.6207 0.3583 -1.6739
v  -0.6209 0.3581 -2.2739
v  -0.5566 0.4519 -1.6739
v  -0.5567 0.4517 -2.2739
v  -0.4786 0.5342 -1.6739
v  -0.4786 0.5342 -2.2739
v  -0.3905 0.6018 -1.6739
v  -0.3905 0.6018 -2.2739
v  0.7073 0.1356 -1.1955
v  0.6740 0.2536 -1.1955
v  0.6751 0.2535 -1.2048
v  0.7084 0.1357 -1.2048
v  0.6245 0.3587 -1.1955
v  0.6255 0.3585 -1.2048
v  0.5607 0.4518 -1.1955
v  0.5615 0.4519 -1.2048
v  0.4833 0.5337 -1.1955
v  0.4837 0.5340 -1.2048
v  0.3963 0.6011 -1.1955
v  0.3964 0.6013 -1.2055
v  0.2997 0.6540 -1.1955
v  0.2999 0.6543 -1.2048
v  0.2118 0.6871 -1.1955
v  0.2119 0.6874 -1.2015
v  0.1382 0.6890 -1.2015
v  0.0702 0.6890 -1.2015
v  0.0702 0.6890 -1.6586
v  0.1382 0.6890 -1.6586
v  0.1382 0.6890 -1.6679
v  0.0702 0.6890 -1.6679
v  0.0702 0.7152 -2.2739
v  0.1381 0.7054 -2.2739
v  0.1382 0.7056 -1.6740
v  0.0702 0.7154 -1.6740
v  0.6960 0.1345 -1.1955
v  0.5045 0.1160 -1.1955
v  0.4796 0.1959 -1.1955
v  0.6631 0.2504 -1.1955
v  0.4466 0.2628 -1.1955
v  0.6146 0.3533 -1.1955
v  0.4050 0.3243 -1.1955
v  0.5521 0.4447 -1.1955
v  0.3475 0.3846 -1.1955
v  0.4758 0.5254 -1.1955
v  0.2821 0.4336 -1.1955
v  0.3900 0.5918 -1.1955
v  0.2097 0.4717 -1.1955
v  0.2947 0.6439 -1.1955
v  0.2077 0.6763 -1.1955
v  0.2028 0.6781 -1.1955
v  0.1464 0.4946 -1.1955
v  0.1360 0.6788 -1.1955
v  0.0989 0.5056 -1.1955
v  0.0402 0.5127 -1.1955
v  0.0685 0.6792 -1.1955
v  0.5069 0.0000 -1.2032
v  0.4936 0.1150 -1.3665
v  0.4936 0.1149 -1.2029
v  0.4685 0.1926 -1.3665
v  0.4685 0.1926 -1.2029
v  0.4363 0.2571 -1.3664
v  0.4360 0.2575 -1.2019
v  0.3952 0.3163 -1.3665
v  0.3955 0.3159 -1.2036
v  0.3391 0.3754 -1.3664
v  0.3392 0.3753 -1.2031
v  0.2754 0.4239 -1.3664
v  0.2754 0.4238 -1.2031
v  0.2047 0.4617 -1.3665
v  0.2047 0.4617 -1.2032
v  0.1437 0.4838 -1.2032
v  0.1437 0.4838 -1.3665
v  0.0967 0.4951 -1.2032
v  0.0967 0.4951 -1.3665
v  0.0385 0.5026 -1.3665
v  0.0385 0.5026 -1.2032
v  0.4937 0.1149 -1.1955
v  0.4685 0.1928 -1.1955
v  0.4363 0.2576 -1.1955
v  0.3955 0.3163 -1.1955
v  0.3391 0.3755 -1.1955
v  0.2754 0.4239 -1.1956
v  0.2047 0.4617 -1.1956
v  0.0967 0.4951 -1.1956
v  0.0385 0.5026 -1.1956
v  0.5186 0.0000 -1.1955
v  0.7095 0.0000 -1.1955
v  0.1437 0.4838 -1.1955
v  0.1382 0.6890 -1.1955
v  0.0702 0.6890 -1.1955
v  0.2061 0.6890 -1.6679
v  0.2061 0.6890 -1.6586
v  0.0702 0.7150 -1.6680
v  0.1382 0.7054 -1.6680
v  0.2061 0.6890 -1.1955
v  0.2061 0.6890 -1.2012
v  0.2119 0.6874 -1.6740
v  0.2049 0.6895 -2.2736
v  0.2999 0.6543 -2.2739
v  0.2999 0.6543 -1.6739
v  0.7215 0.0000 -1.2048
v  0.7084 0.1357 -1.6739
v  0.7075 0.1354 -2.2739
v  0.6745 0.2530 -1.6739
v  0.6744 0.2527 -2.2739
v  0.6252 0.3579 -1.6739
v  0.6251 0.3575 -2.2739
v  0.5616 0.4518 -1.6739
v  0.5611 0.4511 -2.2739
v  0.4837 0.5340 -1.6739
v  0.4832 0.5335 -2.2739
v  0.3964 0.6012 -1.6739
v  0.3961 0.6007 -2.2739
v  0.5611 0.4511 -2.2630
v  0.6251 0.3575 -2.2630
v  0.6743 0.2527 -2.2630
v  0.7075 0.1354 -2.2630
v  0.7205 0.0000 -2.2630
v  0.7075 -0.1353 -2.2630
v  0.6744 -0.2526 -2.2630
v  0.6251 -0.3574 -2.2630
v  0.5612 -0.4511 -2.2630
v  0.4832 -0.5335 -2.2630
v  0.3961 -0.6007 -2.2630
v  0.2997 -0.6539 -2.2630
v  0.2051 -0.6894 -2.2628
v  0.1382 -0.7054 -2.2630
v  0.0702 -0.7152 -2.2630
v  0.0026 -0.7185 -2.2630
v  -0.0650 -0.7153 -2.2630
v  -0.1330 -0.7056 -2.2630
v  -0.2011 -0.6891 -2.2630
v  -0.2947 -0.6544 -2.2630
v  -0.3905 -0.6018 -2.2630
v  -0.4786 -0.5341 -2.2630
v  -0.5568 -0.4517 -2.2630
v  -0.6209 -0.3580 -2.2630
v  -0.6703 -0.2531 -2.2630
v  -0.7035 -0.1356 -2.2630
v  -0.7165 0.0000 -2.2630
v  -0.7025 0.1355 -2.2630
v  -0.6703 0.2531 -2.2630
v  -0.6208 0.3581 -2.2630
v  -0.5567 0.4517 -2.2630
v  -0.4786 0.5342 -2.2630
v  -0.3905 0.6018 -2.2630
v  -0.2947 0.6544 -2.2630
v  -0.2011 0.6891 -2.2630
v  -0.1330 0.7056 -2.2630
v  -0.0650 0.7153 -2.2630
v  0.0026 0.7185 -2.2630
v  0.0702 0.7152 -2.2630
v  0.1381 0.7054 -2.2630
v  0.2051 0.6895 -2.2628
v  0.2997 0.6539 -2.2630
v  0.3961 0.6007 -2.2630
v  0.4832 0.5335 -2.2630
v  -0.0644 0.7090 -1.6679
v  -0.1310 0.6995 -1.6679
v  -0.1342 0.6950 -1.6679
v  -0.0650 0.6950 -1.6679
v  0.0026 0.6950 -1.6678
v  0.0702 0.6950 -1.6679
v  0.1386 0.6950 -1.6679
v  0.1363 0.6995 -1.6679
v  0.0696 0.7090 -1.6679
v  0.0026 0.7123 -1.6679
v  -0.0650 -0.6950 -1.6680
v  -0.1342 -0.6950 -1.6680
v  -0.1308 -0.6994 -1.6680
v  -0.0644 -0.7090 -1.6680
v  0.0026 -0.7122 -1.6680
v  0.0696 -0.7090 -1.6679
v  0.1361 -0.6994 -1.6679
v  0.1388 -0.6950 -1.6679
v  0.0702 -0.6950 -1.6679
v  0.0026 -0.6950 -1.6680
v  1.2647 3.1952 -2.2744
v  1.5781 3.0526 -2.2744
v  0.9480 3.3025 -2.2744
v  0.6387 3.3846 -2.2744
v  0.3218 3.4384 -2.2742
v  3.4226 0.3084 -2.2744
v  3.3791 0.6250 -2.2744
v  3.3039 0.9453 -2.2744
v  3.1952 1.2647 -2.2744
v  3.0526 1.5781 -2.2744
v  2.8763 1.8803 -2.2744
v  2.6679 2.1659 -2.2744
v  2.4299 2.4299 -2.2744
v  2.1659 2.6679 -2.2744
v  1.8803 2.8763 -2.2744
v  1.3480 2.6079 -2.2743
v  1.0799 2.7299 -2.2743
v  0.7111 1.7991 -2.2744
v  0.8878 1.7187 -2.2744
v  0.8071 2.8226 -2.2743
v  0.5312 1.8603 -2.2744
v  0.5334 2.8869 -2.2743
v  0.3507 1.9027 -2.2744
v  0.2631 2.9240 -2.2743
v  0.1724 1.9272 -2.2744
v  2.9242 0.2631 -2.2744
v  1.9272 0.1723 -2.2744
v  2.8870 0.5335 -2.2744
v  1.9027 0.3507 -2.2744
v  2.8227 0.8072 -2.2744
v  1.8603 0.5312 -2.2744
v  2.7298 1.0802 -2.2744
v  1.7991 0.7111 -2.2744
v  2.6079 1.3480 -2.2744
v  1.7187 0.8878 -2.2744
v  2.4573 1.6062 -2.2744
v  1.6194 1.0581 -2.2744
v  2.2792 1.8502 -2.2743
v  1.5019 1.2190 -2.2744
v  2.0758 2.0758 -2.2743
v  1.3678 1.3678 -2.2744
v  1.8502 2.2792 -2.2743
v  1.2190 1.5019 -2.2743
v  1.6062 2.4573 -2.2743
v  1.0581 1.6194 -2.2743
v  0.3421 0.8682 -2.2744
v  0.4275 0.8294 -2.2744
v  0.2551 0.8978 -2.2744
v  0.1678 0.9183 -2.2744
v  0.0816 0.9302 -2.2744
v  0.9302 0.0816 -2.2744
v  0.9183 0.1678 -2.2744
v  0.8978 0.2551 -2.2744
v  0.8682 0.3421 -2.2744
v  0.8294 0.4275 -2.2744
v  0.7813 0.5098 -2.2744
v  0.7245 0.5877 -2.2744
v  0.6596 0.6596 -2.2744
v  0.5877 0.7245 -2.2744
v  0.5098 0.7813 -2.2744
v  2.7781 2.7784 -2.2744
v  2.7781 2.7784 -2.2824
v  2.7670 2.7694 -2.2743
v  2.4799 3.0476 -2.2745
v  2.4748 3.0407 -2.2745
v  2.4799 3.0476 -2.2825
v  3.2872 2.1518 -2.2745
v  3.2872 2.1518 -2.2825
v  3.2806 2.1474 -2.2745
v  3.0535 2.4707 -2.2743
v  3.0473 2.4657 -2.2743
v  3.0535 2.4707 -2.2823
v  3.4902 1.8046 -2.2743
v  3.4902 1.8046 -2.2823
v  3.4831 1.8009 -2.2743
v  3.7771 1.0825 -2.2744
v  3.7771 1.0825 -2.2824
v  3.7694 1.0802 -2.2744
v  3.6541 1.4443 -2.2744
v  3.6466 1.4414 -2.2744
v  3.6541 1.4443 -2.2824
v  3.9132 0.3530 -2.2744
v  3.9132 0.3530 -2.2824
v  3.9053 0.3523 -2.2744
v  3.8637 0.7125 -2.2744
v  3.8558 0.7111 -2.2744
v  3.8637 0.7125 -2.2824
v  0.3560 3.9126 -2.2743
v  0.3560 3.9126 -2.2823
v  0.3552 3.9046 -2.2743
v  1.0918 3.7741 -2.2745
v  1.0918 3.7741 -2.2825
v  1.0895 3.7665 -2.2745
v  0.7192 3.8621 -2.2741
v  0.7179 3.8542 -2.2741
v  0.7192 3.8621 -2.2821
v  1.7997 3.4926 -2.2742
v  1.7997 3.4926 -2.2822
v  1.7961 3.4854 -2.2742
v  1.4502 3.6516 -2.2743
v  1.4472 3.6442 -2.2743
v  1.4502 3.6516 -2.2823
v  2.1499 3.2883 -2.2743
v  2.1455 3.2817 -2.2743
v  2.1499 3.2883 -2.2823
v  0.0598 3.8760 -2.2743
v  0.0598 3.8850 -2.2743
v  0.0575 3.8708 -2.2796
v  2.7486 2.7502 -2.2743
v  2.7446 2.7460 -2.2797
v  2.7546 2.7554 -2.2743
v  2.7800 2.7050 -2.2743
v  2.7916 2.7102 -2.2743
v  2.7748 2.7025 -2.2798
v  2.6381 2.7943 -2.2743
v  2.6384 2.7885 -2.2797
v  2.6353 2.8044 -2.2743
v  2.7037 2.7805 -2.2743
v  2.7095 2.7865 -2.2743
v  2.7014 2.7754 -2.2798
v  3.8437 0.1079 -2.2743
v  3.8397 0.1038 -2.2799
v  3.8456 0.1157 -2.2743
v  3.8774 0.0557 -2.2743
v  3.8850 0.0567 -2.2743
v  3.8720 0.0539 -2.2800
v  3.6265 0.1094 -2.2743
v  3.6305 0.1053 -2.2800
v  3.6208 0.1150 -2.2743
v  3.6733 0.1414 -2.2743
v  3.6666 0.1458 -2.2743
v  3.6758 0.1360 -2.2797
v  3.5914 0.0565 -2.2743
v  3.5968 0.0546 -2.2800
v  3.5839 0.0558 -2.2743
v  3.7343 0.1535 -2.2744
v  3.7343 0.1478 -2.2800
v  3.7396 0.1595 -2.2743
v  3.7913 0.1426 -2.2743
v  3.7952 0.1496 -2.2743
v  3.7893 0.1373 -2.2800
v  2.4985 2.5821 -2.2743
v  2.5038 2.5841 -2.2799
v  2.4913 2.5768 -2.2743
v  2.4870 2.6400 -2.2743
v  2.4791 2.6407 -2.2743
v  2.4926 2.6401 -2.2799
v  2.6397 2.4869 -2.2743
v  2.6398 2.4926 -2.2799
v  2.6404 2.4790 -2.2743
v  2.5799 2.4996 -2.2745
v  2.5726 2.4964 -2.2743
v  2.5819 2.5049 -2.2802
v  2.7802 2.5775 -2.2745
v  2.7751 2.5798 -2.2802
v  2.7876 2.5744 -2.2743
v  2.7497 2.5334 -2.2749
v  2.7574 2.5260 -2.2743
v  2.7459 2.5375 -2.2804
v  2.7013 2.4994 -2.2743
v  2.7004 2.4917 -2.2743
v  2.6994 2.5046 -2.2798
v  2.7944 2.6410 -2.2743
v  2.7886 2.6409 -2.2798
v  2.8017 2.6389 -2.2743
v  2.4994 2.7002 -2.2746
v  2.4916 2.6993 -2.2743
v  2.5046 2.6982 -2.2802
v  2.5313 2.7484 -2.2744
v  2.5278 2.7563 -2.2743
v  2.5354 2.7444 -2.2801
v  2.5805 2.7820 -2.2743
v  2.5775 2.7892 -2.2743
v  2.5825 2.7767 -2.2798
v  2.5318 2.5318 -2.2743
v  2.5358 2.5358 -2.2798
v  2.5264 2.5264 -2.2743
v  0.0554 3.5909 -2.2743
v  0.0536 3.5964 -2.2799
v  0.0526 3.5834 -2.2743
v  0.1080 3.8439 -2.2743
v  0.1157 3.8456 -2.2743
v  0.1040 3.8398 -2.2796
v  0.1427 3.6774 -2.2743
v  0.1374 3.6794 -2.2799
v  0.1491 3.6710 -2.2743
v  0.1076 3.6241 -2.2743
v  0.1135 3.6190 -2.2743
v  0.1036 3.6283 -2.2796
v  0.1414 3.7951 -2.2743
v  0.1362 3.7927 -2.2796
v  0.1483 3.7987 -2.2743
v  0.1537 3.7356 -2.2743
v  0.1617 3.7408 -2.2743
v  0.1480 3.7355 -2.2799
v  0.0940 3.7734 -2.3261
v  0.0991 3.7757 -2.3204
v  0.1019 3.7343 -2.3261
v  0.1075 3.7344 -2.3204
v  0.0718 3.8063 -2.3261
v  0.0757 3.8104 -2.3204
v  3.6397 0.0391 -2.3255
v  3.6344 0.0410 -2.3199
v  2.7332 2.5983 -2.3263
v  2.7383 2.5960 -2.3206
v  2.7153 2.5708 -2.3263
v  2.7191 2.5667 -2.3206
v  2.5684 2.5683 -2.3263
v  2.5645 2.5643 -2.3206
v  2.5474 2.5983 -2.3251
v  2.5421 2.5963 -2.3194
v  0.0391 3.6401 -2.3261
v  0.0409 3.6347 -2.3204
v  2.5983 2.5476 -2.3263
v  2.5963 2.5424 -2.3206
v  0.0718 3.6615 -2.3261
v  0.0757 3.6582 -2.3204
v  0.0946 3.6965 -2.3261
v  0.0998 3.6944 -2.3204
v  0.0391 3.8287 -2.3261
v  0.0414 3.8338 -2.3204
v  3.8292 0.0391 -2.3255
v  3.8345 0.0409 -2.3199
v  3.8092 0.0694 -2.3253
v  3.8131 0.0735 -2.3197
v  3.7734 0.0947 -2.3255
v  3.7753 0.1000 -2.3199
v  3.7343 0.1024 -2.3255
v  3.7343 0.1080 -2.3199
v  3.6951 0.0949 -2.3253
v  3.6927 0.1000 -2.3196
v  3.6647 0.0752 -2.3255
v  3.6608 0.0792 -2.3199
v  2.7139 2.7120 -2.3263
v  2.7177 2.7161 -2.3206
v  2.7346 2.6813 -2.3263
v  2.7397 2.6837 -2.3206
v  2.7425 2.6405 -2.3263
v  2.7482 2.6406 -2.3206
v  2.6405 2.5385 -2.3263
v  2.6404 2.5329 -2.3206
v  2.6827 2.5478 -2.3263
v  2.6848 2.5426 -2.3206
v  2.6828 2.7337 -2.3263
v  2.6850 2.7389 -2.3206
v  2.6405 2.7427 -2.3263
v  2.6403 2.7483 -2.3206
v  2.6002 2.7346 -2.3260
v  2.5982 2.7398 -2.3203
v  2.5685 2.7131 -2.3263
v  2.5644 2.7170 -2.3206
v  2.5474 2.6827 -2.3263
v  2.5421 2.6848 -2.3206
v  2.5379 2.6405 -2.3255
v  2.5323 2.6405 -2.3198
v  2.7781 2.7786 -2.3451
v  2.7781 2.7786 -2.3371
v  2.4809 3.0468 -2.3451
v  2.4809 3.0468 -2.3371
v  3.2875 2.1518 -2.3451
v  3.2875 2.1518 -2.3371
v  3.0549 2.4707 -2.3452
v  3.0549 2.4707 -2.3372
v  3.4901 1.8046 -2.3452
v  3.4901 1.8046 -2.3372
v  3.7769 1.0825 -2.3450
v  3.7769 1.0825 -2.3370
v  3.6542 1.4443 -2.3451
v  3.6542 1.4443 -2.3371
v  3.9132 0.3530 -2.3452
v  3.9132 0.3530 -2.3372
v  3.8638 0.7125 -2.3452
v  3.8638 0.7125 -2.3372
v  0.3560 3.9136 -2.3452
v  0.3560 3.9136 -2.3372
v  1.0918 3.7746 -2.3448
v  1.0918 3.7746 -2.3368
v  0.7192 3.8627 -2.3451
v  0.7192 3.8627 -2.3371
v  1.7997 3.4926 -2.3451
v  1.7997 3.4926 -2.3371
v  1.4502 3.6516 -2.3453
v  1.4502 3.6516 -2.3373
v  2.1499 3.2888 -2.3452
v  2.1499 3.2888 -2.3372
v  0.0864 3.7703 -2.3261
v  0.0660 3.8005 -2.3261
v  0.0361 3.8211 -2.3261
v  0.0361 3.6476 -2.3261
v  0.0660 3.6673 -2.3261
v  0.0870 3.6995 -2.3261
v  0.0938 3.7343 -2.3261
v  3.8216 0.0361 -2.3255
v  3.8034 0.0636 -2.3253
v  3.7703 0.0871 -2.3255
v  3.7343 0.0942 -2.3255
v  3.6982 0.0874 -2.3253
v  3.6705 0.0694 -2.3255
v  3.6472 0.0361 -2.3255
v  2.7257 2.6015 -2.3263
v  2.7344 2.6405 -2.3263
v  2.7271 2.6781 -2.3263
v  2.7081 2.7062 -2.3263
v  2.6796 2.7262 -2.3263
v  2.6405 2.7387 -2.3263
v  2.6034 2.7271 -2.3260
v  2.5742 2.7073 -2.3263
v  2.5549 2.6796 -2.3263
v  2.5461 2.6405 -2.3255
v  2.5549 2.6015 -2.3251
v  2.5742 2.5740 -2.3263
v  2.6015 2.5551 -2.3263
v  2.6405 2.5467 -2.3263
v  2.6796 2.5554 -2.3263
v  2.7096 2.5765 -2.3263
v  2.7725 2.7730 -2.3451
v  3.0488 2.4656 -2.3452
v  3.2808 2.1474 -2.3451
v  3.4829 1.8010 -2.3452
v  3.6467 1.4414 -2.3451
v  3.7692 1.0802 -2.3450
v  3.8560 0.7110 -2.3452
v  3.9053 0.3523 -2.3452
v  0.3552 3.9056 -2.3452
v  0.7177 3.8548 -2.3451
v  1.0896 3.7669 -2.3448
v  1.4472 3.6442 -2.3453
v  1.7960 3.4855 -2.3451
v  2.1455 3.2821 -2.3452
v  2.4758 3.0406 -2.3451
v  2.6405 2.6405 -2.3263
v  2.9360 0.0003 -2.2744
v  1.9350 0.0003 -2.2744
v  3.4370 0.0003 -2.2744
v  3.9210 0.0003 -2.2743
v  3.5725 0.0003 -2.2743
v  3.5863 0.0003 -2.2799
v  3.6262 0.0003 -2.3199
v  3.8423 0.0003 -2.3196
v  3.9291 0.0003 -2.2824
v  3.9291 0.0003 -2.3374
v  3.9291 0.0003 -2.2744
v  3.8877 0.0003 -2.2744
v  3.8286 0.0003 -2.3253
v  3.6400 0.0003 -2.3255
v  3.8367 0.0003 -2.3253
v  3.9291 0.0003 -2.3454
v  1.4472 -3.6435 -2.2743
v  1.2647 -3.1945 -2.2744
v  1.5781 -3.0519 -2.2744
v  1.7961 -3.4847 -2.2742
v  1.0895 -3.7658 -2.2745
v  0.9480 -3.3018 -2.2744
v  0.7179 -3.8535 -2.2741
v  0.6387 -3.3840 -2.2744
v  0.3552 -3.9040 -2.2743
v  0.3218 -3.4377 -2.2742
v  3.3791 -0.6243 -2.2744
v  3.4226 -0.3077 -2.2744
v  3.9053 -0.3517 -2.2744
v  3.8558 -0.7104 -2.2744
v  3.3039 -0.9446 -2.2744
v  3.7694 -1.0796 -2.2744
v  3.1952 -1.2640 -2.2744
v  3.6466 -1.4407 -2.2744
v  3.0526 -1.5775 -2.2744
v  3.4831 -1.8003 -2.2743
v  2.8763 -1.8796 -2.2744
v  3.2806 -2.1468 -2.2745
v  2.6679 -2.1652 -2.2744
v  3.0473 -2.4650 -2.2743
v  2.1455 -3.2810 -2.2743
v  1.8803 -2.8756 -2.2744
v  2.1659 -2.6672 -2.2744
v  2.4748 -3.0408 -2.2745
v  1.0799 -2.7292 -2.2744
v  0.7111 -1.7984 -2.2744
v  0.8878 -1.7180 -2.2744
v  1.3480 -2.6073 -2.2744
v  0.8071 -2.8219 -2.2744
v  0.5312 -1.8596 -2.2744
v  0.5334 -2.8863 -2.2744
v  0.3507 -1.9021 -2.2744
v  0.2631 -2.9234 -2.2744
v  0.1724 -1.9265 -2.2744
v  2.9242 -0.2624 -2.2744
v  2.8870 -0.5329 -2.2744
v  1.9027 -0.3500 -2.2744
v  1.9272 -0.1717 -2.2744
v  2.8227 -0.8066 -2.2744
v  1.8603 -0.5305 -2.2744
v  2.7298 -1.0795 -2.2744
v  1.7991 -0.7105 -2.2744
v  2.6079 -1.3473 -2.2744
v  1.7187 -0.8871 -2.2744
v  2.4573 -1.6055 -2.2744
v  1.6194 -1.0574 -2.2744
v  2.2792 -1.8496 -2.2744
v  1.5019 -1.2183 -2.2744
v  2.0758 -2.0752 -2.2744
v  1.3678 -1.3671 -2.2744
v  1.8502 -2.2785 -2.2744
v  1.2190 -1.5012 -2.2744
v  1.6062 -2.4566 -2.2744
v  1.0581 -1.6187 -2.2744
v  0.3421 -0.8676 -2.2744
v  0.4275 -0.8287 -2.2744
v  0.2551 -0.8972 -2.2744
v  0.1678 -0.9177 -2.2744
v  0.0816 -0.9295 -2.2744
v  0.9183 -0.1672 -2.2744
v  0.9302 -0.0810 -2.2744
v  0.8978 -0.2544 -2.2744
v  0.8682 -0.3414 -2.2744
v  0.8294 -0.4268 -2.2744
v  0.7813 -0.5092 -2.2744
v  0.7245 -0.5870 -2.2744
v  0.6596 -0.6590 -2.2744
v  0.5877 -0.7238 -2.2744
v  0.5098 -0.7806 -2.2744
v  2.4299 -2.4292 -2.2743
v  0.0598 -3.8843 -2.2743
v  2.7546 -2.7547 -2.2743
v  2.7888 -2.7076 -2.2743
v  2.7670 -2.7681 -2.2743
v  2.6365 -2.8023 -2.2743
v  2.7066 -2.7892 -2.2743
v  3.8456 -0.1150 -2.2743
v  3.8850 -0.0560 -2.2743
v  3.6208 -0.1143 -2.2743
v  3.6666 -0.1451 -2.2743
v  3.5839 -0.0551 -2.2743
v  3.7396 -0.1588 -2.2743
v  3.7952 -0.1490 -2.2743
v  3.8957 0.0003 -2.2743
v  2.4909 -2.5734 -2.2743
v  2.4773 -2.6400 -2.2743
v  2.6404 -2.4783 -2.2743
v  2.5726 -2.4958 -2.2743
v  2.7876 -2.5737 -2.2743
v  2.7574 -2.5253 -2.2743
v  2.7004 -2.4910 -2.2743
v  2.8016 -2.6383 -2.2743
v  2.4893 -2.6999 -2.2743
v  2.5265 -2.7556 -2.2743
v  2.5775 -2.7886 -2.2743
v  2.5264 -2.5257 -2.2743
v  0.0551 -3.5815 -2.2743
v  0.1157 -3.8449 -2.2743
v  0.1473 -3.6703 -2.2743
v  0.1135 -3.6183 -2.2743
v  0.1483 -3.7980 -2.2743
v  0.1598 -3.7402 -2.2743
v  0.1480 -3.7348 -2.2799
v  0.1363 -3.7920 -2.2797
v  0.0991 -3.7750 -2.3204
v  0.1075 -3.7337 -2.3204
v  0.1040 -3.8390 -2.2795
v  0.0757 -3.8097 -2.3204
v  3.5967 -0.0539 -2.2801
v  3.6344 -0.0404 -2.3199
v  2.7458 -2.5370 -2.2802
v  2.7749 -2.5792 -2.2800
v  2.7383 -2.5953 -2.3206
v  2.7191 -2.5660 -2.3206
v  2.5039 -2.5835 -2.2798
v  2.5360 -2.5353 -2.2795
v  2.5645 -2.5636 -2.3206
v  2.5421 -2.5956 -2.3194
v  0.0535 -3.5960 -2.2796
v  0.0409 -3.6340 -2.3204
v  2.5821 -2.5045 -2.2798
v  2.5963 -2.5417 -2.3206
v  0.1035 -3.6278 -2.2793
v  0.0757 -3.6575 -2.3204
v  0.1373 -3.6788 -2.2797
v  0.0998 -3.6937 -2.3204
v  0.0576 -3.8704 -2.2799
v  0.0414 -3.8332 -2.3204
v  3.8721 -0.0532 -2.2801
v  3.8398 -0.1032 -2.2801
v  3.8131 -0.0728 -2.3197
v  3.8345 -0.0403 -2.3199
v  3.7894 -0.1369 -2.2803
v  3.7753 -0.0993 -2.3199
v  3.7343 -0.1475 -2.2804
v  3.7343 -0.1074 -2.3199
v  3.6757 -0.1356 -2.2800
v  3.6926 -0.0996 -2.3199
v  3.6303 -0.1048 -2.2802
v  3.6607 -0.0787 -2.3200
v  2.7749 -2.7019 -2.2800
v  2.7448 -2.7455 -2.2799
v  2.7177 -2.7154 -2.3206
v  2.7397 -2.6831 -2.3206
v  2.7886 -2.6403 -2.2798
v  2.7482 -2.6399 -2.3206
v  2.6398 -2.4923 -2.2796
v  2.6404 -2.5322 -2.3206
v  2.6992 -2.5042 -2.2795
v  2.6848 -2.5419 -2.3206
v  2.7015 -2.7750 -2.2801
v  2.6850 -2.7382 -2.3206
v  2.6384 -2.7882 -2.2801
v  2.6403 -2.7477 -2.3206
v  2.5824 -2.7763 -2.2801
v  2.5982 -2.7391 -2.3203
v  2.5352 -2.7438 -2.2803
v  2.5644 -2.7164 -2.3206
v  2.5045 -2.6976 -2.2803
v  2.5421 -2.6841 -2.3206
v  2.4926 -2.6394 -2.2799
v  2.5323 -2.6398 -2.3198
v  2.4799 -3.0469 -2.2825
v  2.7785 -2.7781 -2.2824
v  2.7781 -2.7780 -2.3371
v  2.4809 -3.0461 -2.3371
v  3.0535 -2.4701 -2.2823
v  3.2872 -2.1512 -2.2825
v  3.2875 -2.1512 -2.3371
v  3.0549 -2.4701 -2.3372
v  3.4902 -1.8040 -2.2823
v  3.4901 -1.8040 -2.3372
v  3.6541 -1.4436 -2.2824
v  3.7771 -1.0818 -2.2824
v  3.7769 -1.0818 -2.3370
v  3.6542 -1.4436 -2.3371
v  3.8637 -0.7119 -2.2824
v  3.9132 -0.3524 -2.2824
v  3.9132 -0.3524 -2.3372
v  3.8638 -0.7119 -2.3372
v  0.3560 -3.9119 -2.2823
v  0.3560 -3.9129 -2.3372
v  0.7192 -3.8614 -2.2821
v  1.0918 -3.7734 -2.2825
v  1.0918 -3.7739 -2.3368
v  0.7192 -3.8620 -2.3371
v  1.4502 -3.6509 -2.2823
v  1.7997 -3.4919 -2.2822
v  1.7997 -3.4919 -2.3371
v  1.4502 -3.6509 -2.3373
v  2.1499 -3.2877 -2.2823
v  2.1499 -3.2881 -2.3372
v  1.7997 -3.4919 -2.2742
v  1.4502 -3.6509 -2.2743
v  1.0918 -3.7734 -2.2745
v  0.7192 -3.8614 -2.2741
v  0.3560 -3.9119 -2.2743
v  3.9132 -0.3524 -2.2744
v  3.8637 -0.7119 -2.2744
v  3.7771 -1.0818 -2.2744
v  3.6541 -1.4436 -2.2744
v  3.4902 -1.8040 -2.2743
v  3.2872 -2.1512 -2.2745
v  3.0535 -2.4701 -2.2743
v  2.4799 -3.0469 -2.2745
v  2.1499 -3.2877 -2.2743
v  2.7782 -2.7777 -2.2743
v  0.0598 -3.8754 -2.2744
v  2.7486 -2.7496 -2.2743
v  2.7800 -2.7043 -2.2743
v  2.6381 -2.7937 -2.2746
v  2.7037 -2.7800 -2.2746
v  3.8437 -0.1073 -2.2745
v  3.8774 -0.0550 -2.2744
v  3.6264 -0.1088 -2.2747
v  3.6733 -0.1407 -2.2744
v  3.5914 -0.0558 -2.2744
v  3.7343 -0.1530 -2.2749
v  3.7913 -0.1421 -2.2747
v  3.5805 0.0003 -2.2743
v  2.4985 -2.5814 -2.2743
v  2.4870 -2.6393 -2.2743
v  2.6397 -2.4862 -2.2743
v  2.5799 -2.4990 -2.2743
v  2.7802 -2.5769 -2.2743
v  2.7496 -2.5328 -2.2746
v  2.7013 -2.4988 -2.2743
v  2.7944 -2.6403 -2.2743
v  2.4993 -2.6995 -2.2748
v  2.5312 -2.7478 -2.2747
v  2.5804 -2.7814 -2.2747
v  2.5318 -2.5311 -2.2743
v  0.0554 -3.5902 -2.2743
v  0.1079 -3.8431 -2.2739
v  0.1427 -3.6767 -2.2743
v  0.1076 -3.6235 -2.2743
v  0.1414 -3.7944 -2.2743
v  0.1537 -3.7350 -2.2743
v  3.8821 0.0003 -2.2800
v  0.0940 -3.7727 -2.3261
v  0.1019 -3.7336 -2.3261
v  0.0718 -3.8056 -2.3261
v  3.6318 0.0003 -2.3255
v  3.6397 -0.0385 -2.3255
v  2.7332 -2.5976 -2.3263
v  2.7154 -2.5701 -2.3263
v  2.5684 -2.5676 -2.3263
v  2.5474 -2.5976 -2.3251
v  0.0391 -3.6394 -2.3261
v  2.5983 -2.5470 -2.3263
v  0.0718 -3.6609 -2.3261
v  0.0946 -3.6958 -2.3261
v  0.0391 -3.8280 -2.3261
v  3.8092 -0.0687 -2.3253
v  3.8292 -0.0385 -2.3255
v  3.7734 -0.0940 -2.3255
v  3.7343 -0.1017 -2.3255
v  3.6951 -0.0943 -2.3253
v  3.6647 -0.0745 -2.3255
v  2.7139 -2.7113 -2.3263
v  2.7346 -2.6806 -2.3263
v  2.7425 -2.6398 -2.3263
v  2.6405 -2.5378 -2.3263
v  2.6827 -2.5472 -2.3263
v  2.6828 -2.7330 -2.3263
v  2.6405 -2.7421 -2.3263
v  2.6002 -2.7339 -2.3260
v  2.5685 -2.7124 -2.3263
v  2.5474 -2.6821 -2.3263
v  2.5379 -2.6398 -2.3255
v  2.7781 -2.7780 -2.3451
v  2.4809 -3.0461 -2.3451
v  3.2875 -2.1512 -2.3451
v  3.0549 -2.4701 -2.3452
v  3.4901 -1.8040 -2.3452
v  3.7769 -1.0818 -2.3450
v  3.6542 -1.4436 -2.3451
v  3.9132 -0.3524 -2.3452
v  3.8638 -0.7119 -2.3452
v  0.3560 -3.9129 -2.3452
v  1.0918 -3.7739 -2.3448
v  0.7192 -3.8620 -2.3451
v  1.7997 -3.4919 -2.3451
v  1.4502 -3.6509 -2.3453
v  2.1499 -3.2881 -2.3452
v  0.0660 -3.7999 -2.3261
v  0.0864 -3.7696 -2.3261
v  0.0361 -3.8204 -2.3261
v  0.0361 -3.6469 -2.3261
v  0.0660 -3.6666 -2.3261
v  0.0870 -3.6989 -2.3261
v  0.0938 -3.7336 -2.3261
v  3.8216 -0.0354 -2.3255
v  3.8034 -0.0630 -2.3253
v  3.7703 -0.0865 -2.3255
v  3.7343 -0.0936 -2.3255
v  3.6982 -0.0867 -2.3253
v  3.6705 -0.0687 -2.3255
v  3.6472 -0.0354 -2.3255
v  2.7344 -2.6398 -2.3263
v  2.7257 -2.6008 -2.3263
v  2.7271 -2.6775 -2.3263
v  2.7081 -2.7055 -2.3263
v  2.6796 -2.7255 -2.3263
v  2.6405 -2.7380 -2.3263
v  2.6034 -2.7264 -2.3260
v  2.5742 -2.7066 -2.3263
v  2.5549 -2.6789 -2.3263
v  2.5461 -2.6398 -2.3255
v  2.5549 -2.6008 -2.3251
v  2.5742 -2.5734 -2.3263
v  2.6015 -2.5545 -2.3263
v  2.6405 -2.5460 -2.3263
v  2.6796 -2.5547 -2.3263
v  2.7096 -2.5759 -2.3263
v  3.0488 -2.4650 -2.3452
v  2.7725 -2.7723 -2.3451
v  3.2808 -2.1468 -2.3451
v  3.4829 -1.8003 -2.3452
v  3.6467 -1.4407 -2.3451
v  3.7692 -1.0796 -2.3450
v  3.8560 -0.7104 -2.3452
v  3.9053 -0.3517 -2.3452
v  0.3552 -3.9049 -2.3452
v  0.7177 -3.8541 -2.3451
v  1.0896 -3.7662 -2.3448
v  1.4472 -3.6435 -2.3453
v  1.7960 -3.4848 -2.3451
v  2.1455 -3.2814 -2.3452
v  2.4758 -3.0400 -2.3451
v  3.7343 0.0003 -2.3263
v  2.6405 -2.6398 -2.3263
v  0.9339 0.0003 -2.2744
v  3.9211 0.0003 -2.3454
v  0.0026 2.9358 -2.2743
v  0.0026 3.8956 -2.2743
v  0.0026 3.5737 -2.2743
v  0.0026 3.4365 -2.2742
v  0.0026 3.6268 -2.3204
v  0.0026 3.8422 -2.3204
v  0.0026 3.9291 -2.2821
v  0.0026 3.9288 -2.3371
v  0.0026 3.8876 -2.2744
v  0.0026 3.5809 -2.2744
v  0.0026 3.6406 -2.3261
v  0.0026 3.6325 -2.3261
v  0.0026 -1.9342 -2.2744
v  0.0026 -2.9351 -2.2742
v  0.0026 -0.9331 -2.2744
v  0.0026 -3.5737 -2.2743
v  0.0026 -3.5866 -2.2800
v  0.0026 -3.6271 -2.3204
v  0.0026 -3.8819 -2.2802
v  0.0026 -3.8416 -2.3204
v  0.0026 -3.9292 -2.2821
v  0.0026 -3.9293 -2.3372
v  0.0026 -3.8873 -2.2747
v  0.0026 -3.9293 -2.3452
v  0.0026 -3.8278 -2.3261
v  0.0026 -3.9213 -2.3452
v  -1.4419 3.6465 -2.2743
v  -1.2594 3.1952 -2.2743
v  -1.5729 3.0526 -2.2743
v  -1.7908 3.4878 -2.2742
v  -1.0842 3.7679 -2.2745
v  -0.9428 3.3025 -2.2743
v  -0.7127 3.8558 -2.2741
v  -0.6334 3.3846 -2.2743
v  -0.3500 3.9053 -2.2743
v  -0.3165 3.4384 -2.2742
v  -3.3739 0.6250 -2.2744
v  -3.4174 0.3084 -2.2744
v  -3.9053 0.3523 -2.2744
v  -3.8560 0.7111 -2.2744
v  -3.2986 0.9453 -2.2744
v  -3.7691 1.0802 -2.2744
v  -3.1900 1.2647 -2.2744
v  -3.6464 1.4414 -2.2744
v  -3.0473 1.5781 -2.2744
v  -3.4830 1.8010 -2.2743
v  -2.8711 1.8803 -2.2744
v  -3.2776 2.1515 -2.2745
v  -2.6626 2.1659 -2.2744
v  -3.0468 2.4680 -2.2743
v  -2.1428 3.2840 -2.2743
v  -1.8751 2.8763 -2.2743
v  -2.1606 2.6679 -2.2744
v  -2.4750 3.0411 -2.2745
v  -1.0747 2.7299 -2.2743
v  -0.7059 1.7991 -2.2744
v  -0.8825 1.7187 -2.2744
v  -1.3428 2.6079 -2.2743
v  -0.8019 2.8226 -2.2743
v  -0.5259 1.8603 -2.2744
v  -0.5282 2.8869 -2.2743
v  -0.3455 1.9027 -2.2744
v  -0.2578 2.9240 -2.2743
v  -0.1671 1.9272 -2.2744
v  -2.9189 0.2631 -2.2744
v  -2.8818 0.5335 -2.2744
v  -1.8975 0.3507 -2.2744
v  -1.9220 0.1723 -2.2744
v  -2.8174 0.8072 -2.2744
v  -1.8551 0.5312 -2.2744
v  -2.7246 1.0802 -2.2744
v  -1.7939 0.7111 -2.2744
v  -2.6027 1.3480 -2.2744
v  -1.7135 0.8878 -2.2744
v  -2.4521 1.6062 -2.2744
v  -1.6141 1.0581 -2.2744
v  -2.2740 1.8502 -2.2744
v  -1.4967 1.2190 -2.2744
v  -2.0706 2.0758 -2.2744
v  -1.3625 1.3678 -2.2744
v  -1.8450 2.2792 -2.2744
v  -1.2138 1.5019 -2.2744
v  -1.6010 2.4573 -2.2744
v  -1.0528 1.6194 -2.2744
v  -0.3368 0.8682 -2.2744
v  -0.4223 0.8294 -2.2744
v  -0.2498 0.8978 -2.2744
v  -0.1626 0.9183 -2.2744
v  -0.0764 0.9302 -2.2744
v  -0.9131 0.1678 -2.2744
v  -0.9249 0.0816 -2.2744
v  -0.8926 0.2551 -2.2744
v  -0.8630 0.3421 -2.2744
v  -0.8241 0.4275 -2.2744
v  -0.7761 0.5098 -2.2744
v  -0.7193 0.5877 -2.2744
v  -0.6544 0.6596 -2.2744
v  -0.5824 0.7245 -2.2744
v  -0.5046 0.7813 -2.2744
v  -2.9307 0.0003 -2.2744
v  -3.4317 0.0003 -2.2744
v  -2.4246 2.4299 -2.2744
v  -2.7519 2.7555 -2.2743
v  -2.7893 2.7104 -2.2743
v  -2.7655 2.7722 -2.2743
v  -2.6301 2.8039 -2.2743
v  -2.7068 2.7874 -2.2743
v  -3.8404 0.1208 -2.2743
v  -3.8852 0.0567 -2.2743
v  -3.9210 0.0003 -2.2744
v  -3.6203 0.1150 -2.2743
v  -3.6661 0.1454 -2.2743
v  -3.5833 0.0586 -2.2743
v  -3.7344 0.1595 -2.2743
v  -3.7899 0.1513 -2.2743
v  -3.8954 0.0003 -2.2743
v  -2.4908 2.5768 -2.2743
v  -2.4792 2.6407 -2.2743
v  -2.6352 2.4790 -2.2743
v  -2.5673 2.4986 -2.2743
v  -2.7856 2.5741 -2.2743
v  -2.7551 2.5256 -2.2743
v  -2.6977 2.4917 -2.2743
v  -2.7997 2.6389 -2.2743
v  -2.4915 2.6993 -2.2743
v  -2.5279 2.7563 -2.2743
v  -2.5722 2.7864 -2.2743
v  -2.5212 2.5321 -2.2743
v  -0.0475 3.5805 -2.2743
v  -0.0546 3.8863 -2.2743
v  -0.1135 3.8459 -2.2743
v  0.0026 3.9203 -2.2743
v  -0.1457 3.6718 -2.2743
v  -0.1093 3.6145 -2.2743
v  -0.1474 3.7989 -2.2743
v  -0.1620 3.7363 -2.2743
v  -0.1489 3.7355 -2.2789
v  -0.1365 3.7934 -2.2790
v  -0.0939 3.7757 -2.3204
v  -0.1023 3.7344 -2.3204
v  -0.1031 3.8412 -2.2792
v  -0.0705 3.8104 -2.3204
v  -3.5967 0.0545 -2.2799
v  -3.5862 0.0003 -2.2798
v  -2.7453 2.5354 -2.2795
v  -2.7752 2.5785 -2.2795
v  -2.7351 2.5952 -2.3228
v  -2.7145 2.5660 -2.3215
v  -2.5035 2.5842 -2.2797
v  -2.5306 2.5415 -2.2798
v  -2.5592 2.5701 -2.3206
v  -2.5415 2.5963 -2.3194
v  -2.5768 2.5072 -2.2800
v  -2.5910 2.5445 -2.3206
v  -0.0488 3.5944 -2.2796
v  -0.1004 3.6256 -2.2797
v  -0.0704 3.6582 -2.3204
v  -0.0357 3.6347 -2.3204
v  -0.1374 3.6774 -2.2791
v  -0.0946 3.6944 -2.3204
v  -0.0528 3.8732 -2.2792
v  0.0026 3.8821 -2.2799
v  -0.0361 3.8338 -2.3204
v  -3.8721 0.0538 -2.2799
v  -3.8344 0.1088 -2.2798
v  -3.7841 0.1390 -2.2800
v  -3.7291 0.1477 -2.2799
v  -3.6753 0.1357 -2.2798
v  -3.6301 0.1052 -2.2798
v  -2.7746 2.7037 -2.2795
v  -2.7436 2.7478 -2.2789
v  -2.7125 2.7161 -2.3206
v  -2.7344 2.6837 -2.3206
v  -2.7890 2.6409 -2.2794
v  -2.7429 2.6406 -2.3206
v  -2.6346 2.4927 -2.2798
v  -2.6352 2.5332 -2.3203
v  -2.6968 2.5040 -2.2801
v  -2.6795 2.5426 -2.3206
v  -2.6996 2.7777 -2.2784
v  -2.6800 2.7394 -2.3212
v  -2.6331 2.7882 -2.2798
v  -2.6350 2.7478 -2.3206
v  -2.5773 2.7738 -2.2802
v  -2.5930 2.7370 -2.3208
v  -2.5355 2.7444 -2.2801
v  -2.5646 2.7170 -2.3206
v  -2.5045 2.6982 -2.2801
v  -2.5420 2.6848 -2.3206
v  -2.4926 2.6401 -2.2799
v  -2.5324 2.6405 -2.3198
v  -2.4801 3.0473 -2.2825
v  -2.7749 2.7815 -2.2824
v  -2.7749 2.7815 -2.3371
v  -2.4811 3.0465 -2.3371
v  -3.0530 2.4730 -2.2823
v  -3.2843 2.1560 -2.2825
v  -3.2845 2.1560 -2.3371
v  -3.0545 2.4730 -2.3372
v  -3.4901 1.8046 -2.2823
v  -3.4900 1.8046 -2.3372
v  -3.6538 1.4443 -2.2824
v  -3.7768 1.0825 -2.2824
v  -3.7766 1.0825 -2.3370
v  -3.6539 1.4443 -2.3371
v  -3.8639 0.7125 -2.2824
v  -3.9133 0.3530 -2.2824
v  -3.9133 0.3530 -2.3372
v  -3.8640 0.7125 -2.3372
v  -0.7140 3.8636 -2.2821
v  -1.0866 3.7755 -2.2825
v  -1.0866 3.7760 -2.3368
v  -0.7140 3.8643 -2.3371
v  -1.4450 3.6539 -2.2823
v  -1.7944 3.4950 -2.2822
v  -1.7944 3.4950 -2.3371
v  -1.4450 3.6539 -2.3373
v  -0.3507 3.9133 -2.2823
v  -0.3507 3.9142 -2.3372
v  -2.1472 3.2906 -2.2823
v  -2.1472 3.2911 -2.3372
v  -3.9291 0.0003 -2.2824
v  -3.9291 0.0003 -2.3374
v  -1.7944 3.4950 -2.2742
v  -1.4450 3.6539 -2.2743
v  -1.0866 3.7755 -2.2745
v  -0.7140 3.8636 -2.2741
v  -0.3507 3.9133 -2.2743
v  -3.9133 0.3530 -2.2744
v  -3.8639 0.7125 -2.2744
v  -3.7768 1.0825 -2.2744
v  -3.6538 1.4443 -2.2744
v  -3.4901 1.8046 -2.2743
v  -3.2843 2.1560 -2.2745
v  -3.0530 2.4730 -2.2743
v  -2.4801 3.0473 -2.2745
v  -2.1472 3.2906 -2.2743
v  -2.7748 2.7813 -2.2743
v  -3.9291 0.0003 -2.2744
v  0.0026 3.9288 -2.2743
v  -0.0548 3.8780 -2.2743
v  -2.7471 2.7515 -2.2743
v  -2.7795 2.7060 -2.2743
v  -2.6329 2.7938 -2.2743
v  -2.7016 2.7822 -2.2743
v  -3.8384 0.1130 -2.2743
v  -3.8775 0.0557 -2.2743
v  -3.6261 0.1094 -2.2743
v  -3.6729 0.1410 -2.2743
v  -3.5912 0.0565 -2.2743
v  -3.7291 0.1535 -2.2743
v  -3.7861 0.1443 -2.2744
v  -3.5723 0.0003 -2.2743
v  -3.5803 0.0003 -2.2743
v  -2.4980 2.5821 -2.2743
v  -2.4870 2.6400 -2.2744
v  -2.6345 2.4869 -2.2743
v  -2.5747 2.5018 -2.2743
v  -2.7794 2.5767 -2.2749
v  -2.7483 2.5320 -2.2749
v  -2.6987 2.4991 -2.2749
v  -2.7935 2.6409 -2.2748
v  -2.4993 2.7002 -2.2745
v  -2.5315 2.7484 -2.2744
v  -2.5753 2.7791 -2.2746
v  -2.5266 2.5375 -2.2743
v  -0.1064 3.8447 -2.2744
v  -0.1417 3.6757 -2.2744
v  -0.1036 3.6214 -2.2745
v  -0.0504 3.5895 -2.2744
v  -0.1408 3.7954 -2.2743
v  -0.1536 3.7356 -2.2743
v  0.0026 3.5866 -2.2801
v  -3.8819 0.0003 -2.2802
v  -3.8875 0.0003 -2.2746
v  -0.0887 3.7734 -2.3261
v  -0.0967 3.7343 -2.3261
v  -0.0666 3.8063 -2.3261
v  -2.7280 2.5983 -2.3263
v  -2.7101 2.5708 -2.3263
v  -2.5632 2.5740 -2.3263
v  -2.5468 2.5983 -2.3251
v  -2.5931 2.5498 -2.3263
v  -0.0666 3.6615 -2.3261
v  -0.0339 3.6401 -2.3261
v  -0.0893 3.6965 -2.3261
v  0.0026 3.8366 -2.3261
v  -0.0339 3.8287 -2.3261
v  -2.7086 2.7120 -2.3263
v  -2.7294 2.6813 -2.3263
v  -2.7373 2.6405 -2.3263
v  -2.6353 2.5384 -2.3264
v  -2.6775 2.5478 -2.3263
v  -2.6775 2.7337 -2.3263
v  -2.6353 2.7422 -2.3263
v  -2.5950 2.7318 -2.3265
v  -2.5686 2.7131 -2.3263
v  -2.5473 2.6827 -2.3263
v  -2.5380 2.6405 -2.3255
v  -2.7749 2.7815 -2.3452
v  -2.4811 3.0465 -2.3451
v  -3.2822 2.1518 -2.3451
v  -3.0545 2.4730 -2.3452
v  -3.4900 1.8046 -2.3452
v  -3.7766 1.0825 -2.3450
v  -3.6539 1.4443 -2.3451
v  -3.9133 0.3530 -2.3452
v  -3.8640 0.7125 -2.3452
v  -1.0866 3.7760 -2.3448
v  -0.7140 3.8643 -2.3451
v  -1.7944 3.4950 -2.3451
v  -1.4450 3.6539 -2.3453
v  -0.3507 3.9142 -2.3452
v  -2.1472 3.2911 -2.3452
v  -3.9291 0.0003 -2.3454
v  -0.0608 3.8005 -2.3261
v  -0.0812 3.7703 -2.3261
v  -0.0308 3.8211 -2.3261
v  -0.0308 3.6476 -2.3261
v  -0.0608 3.6673 -2.3261
v  -0.0818 3.6995 -2.3261
v  -0.0885 3.7343 -2.3261
v  -2.7291 2.6405 -2.3263
v  -2.7204 2.6015 -2.3263
v  -2.7218 2.6781 -2.3263
v  -2.7029 2.7062 -2.3263
v  -2.6743 2.7262 -2.3263
v  -2.6353 2.7382 -2.3263
v  -2.5982 2.7243 -2.3265
v  -2.5743 2.7073 -2.3263
v  -2.5548 2.6796 -2.3263
v  -2.5462 2.6405 -2.3255
v  -2.5543 2.6015 -2.3251
v  -2.5690 2.5798 -2.3263
v  -2.5962 2.5573 -2.3263
v  -2.6353 2.5467 -2.3263
v  -2.6743 2.5554 -2.3263
v  -2.7044 2.5765 -2.3263
v  -3.0483 2.4679 -2.3452
v  -2.7691 2.7758 -2.3452
v  -3.2778 2.1516 -2.3451
v  -3.4828 1.8010 -2.3452
v  -3.6465 1.4414 -2.3451
v  -3.7689 1.0802 -2.3450
v  -3.8562 0.7110 -2.3452
v  -3.9053 0.3523 -2.3452
v  -0.3500 3.9063 -2.3452
v  0.0026 3.9208 -2.3451
v  0.0026 3.9288 -2.3451
v  -0.7125 3.8564 -2.3451
v  -1.0843 3.7683 -2.3448
v  -1.4420 3.6465 -2.3453
v  -1.7907 3.4879 -2.3451
v  -2.1429 3.2844 -2.3452
v  -2.4760 3.0403 -2.3451
v  0.0026 3.8284 -2.3261
v  0.0026 3.7343 -2.3261
v  -3.7290 0.0003 -2.3263
v  -2.6353 2.6405 -2.3263
v  0.0026 0.9337 -2.2744
v  -1.9297 0.0003 -2.2744
v  -0.9286 0.0003 -2.2744
v  -3.9211 0.0003 -2.3454
v  -1.4419 -3.6463 -2.2743
v  -1.7908 -3.4876 -2.2742
v  -1.5729 -3.0519 -2.2744
v  -1.2594 -3.1945 -2.2744
v  -1.0842 -3.7686 -2.2745
v  -0.9428 -3.3018 -2.2744
v  -0.7127 -3.8563 -2.2741
v  -0.6334 -3.3840 -2.2744
v  -0.3500 -3.9040 -2.2743
v  -0.3165 -3.4377 -2.2742
v  -3.3739 -0.6243 -2.2744
v  -3.8560 -0.7104 -2.2744
v  -3.9052 -0.3517 -2.2744
v  -3.4174 -0.3077 -2.2744
v  -3.2986 -0.9446 -2.2744
v  -3.7697 -1.0796 -2.2744
v  -3.1900 -1.2640 -2.2744
v  -3.6470 -1.4407 -2.2744
v  -3.0473 -1.5775 -2.2744
v  -3.4832 -1.8003 -2.2743
v  -2.8711 -1.8796 -2.2744
v  -3.2811 -2.1468 -2.2745
v  -2.6626 -2.1652 -2.2744
v  -3.0489 -2.4650 -2.2743
v  -2.1403 -3.2838 -2.2743
v  -2.4695 -3.0442 -2.2745
v  -2.1606 -2.6672 -2.2744
v  -1.8751 -2.8756 -2.2744
v  -1.0747 -2.7292 -2.2744
v  -1.3428 -2.6073 -2.2744
v  -0.8825 -1.7180 -2.2744
v  -0.7059 -1.7984 -2.2744
v  -0.8019 -2.8219 -2.2744
v  -0.5259 -1.8596 -2.2744
v  -0.5282 -2.8863 -2.2744
v  -0.3455 -1.9021 -2.2744
v  -0.2578 -2.9234 -2.2744
v  -0.1671 -1.9265 -2.2744
v  -2.9189 -0.2624 -2.2744
v  -1.9220 -0.1717 -2.2744
v  -1.8975 -0.3500 -2.2744
v  -2.8818 -0.5329 -2.2744
v  -1.8551 -0.5305 -2.2744
v  -2.8174 -0.8066 -2.2744
v  -1.7939 -0.7105 -2.2744
v  -2.7246 -1.0795 -2.2744
v  -1.7135 -0.8871 -2.2744
v  -2.6027 -1.3473 -2.2744
v  -1.6141 -1.0574 -2.2744
v  -2.4521 -1.6055 -2.2744
v  -1.4967 -1.2183 -2.2744
v  -2.2740 -1.8496 -2.2744
v  -1.3625 -1.3671 -2.2744
v  -2.0706 -2.0752 -2.2744
v  -1.8450 -2.2785 -2.2744
v  -1.2138 -1.5012 -2.2744
v  -1.6010 -2.4566 -2.2744
v  -1.0528 -1.6187 -2.2744
v  -0.4223 -0.8287 -2.2744
v  -0.3368 -0.8676 -2.2744
v  -0.2498 -0.8972 -2.2744
v  -0.1626 -0.9177 -2.2744
v  -0.0764 -0.9295 -2.2744
v  -0.9249 -0.0810 -2.2744
v  -0.9131 -0.1672 -2.2744
v  -0.8926 -0.2544 -2.2744
v  -0.8630 -0.3414 -2.2744
v  -0.8241 -0.4268 -2.2744
v  -0.7761 -0.5092 -2.2744
v  -0.7193 -0.5870 -2.2744
v  -0.6544 -0.6590 -2.2744
v  -0.5824 -0.7238 -2.2744
v  -0.5046 -0.7806 -2.2744
v  -2.4246 -2.4292 -2.2744
v  -2.7512 -2.7577 -2.2743
v  -2.7632 -2.7705 -2.2743
v  -2.7909 -2.7096 -2.2743
v  -2.7042 -2.7893 -2.2743
v  -2.6301 -2.8037 -2.2743
v  -3.8853 -0.0560 -2.2743
v  -3.8404 -0.1204 -2.2743
v  -3.6616 -0.1453 -2.2743
v  -3.6203 -0.1143 -2.2743
v  -3.5842 -0.0572 -2.2743
v  -3.7899 -0.1510 -2.2743
v  -3.7344 -0.1588 -2.2743
v  -2.4791 -2.6400 -2.2743
v  -2.4915 -2.5761 -2.2743
v  -2.6352 -2.4795 -2.2743
v  -2.5714 -2.4971 -2.2743
v  -2.7875 -2.5737 -2.2743
v  -2.7580 -2.5253 -2.2743
v  -2.6952 -2.4894 -2.2743
v  -2.8052 -2.6383 -2.2743
v  -2.4913 -2.6986 -2.2743
v  -2.5270 -2.7556 -2.2743
v  -2.5738 -2.7870 -2.2743
v  -2.5276 -2.5260 -2.2743
v  -0.0510 -3.5798 -2.2743
v  0.0026 -3.4395 -2.2742
v  -0.0610 -3.8848 -2.2743
v  0.0026 -3.9201 -2.2741
v  -0.1145 -3.8484 -2.2743
v  -0.1508 -3.6703 -2.2743
v  -0.1104 -3.6164 -2.2743
v  -0.1496 -3.7980 -2.2743
v  -0.1620 -3.7338 -2.2743
v  -0.1470 -3.7348 -2.2800
v  -0.1023 -3.7337 -2.3204
v  -0.0939 -3.7750 -2.3204
v  -0.1361 -3.7921 -2.2799
v  -0.0705 -3.8097 -2.3204
v  -0.1033 -3.8395 -2.2803
v  -3.5964 -0.0538 -2.2798
v  -2.7462 -2.5372 -2.2800
v  -2.7139 -2.5660 -2.3206
v  -2.7331 -2.5953 -2.3206
v  -2.7749 -2.5792 -2.2801
v  -2.5040 -2.5835 -2.2799
v  -2.5422 -2.5956 -2.3194
v  -2.5657 -2.5640 -2.3206
v  -2.5369 -2.5352 -2.2801
v  -2.5951 -2.5430 -2.3206
v  -2.5807 -2.5055 -2.2802
v  -0.0484 -3.5945 -2.2800
v  -0.0357 -3.6340 -2.3204
v  -0.0704 -3.6575 -2.3204
v  -0.1005 -3.6257 -2.2796
v  -0.0946 -3.6937 -2.3204
v  -0.1366 -3.6786 -2.2803
v  -0.0528 -3.8713 -2.2809
v  -0.0361 -3.8332 -2.3204
v  -3.8722 -0.0532 -2.2800
v  -3.8345 -0.1085 -2.2800
v  -3.7841 -0.1389 -2.2802
v  -3.7291 -0.1474 -2.2803
v  -3.6705 -0.1334 -2.2799
v  -3.6299 -0.1047 -2.2801
v  -2.7755 -2.7017 -2.2796
v  -2.7344 -2.6831 -2.3206
v  -2.7125 -2.7154 -2.3206
v  -2.7414 -2.7485 -2.2799
v  -2.7888 -2.6403 -2.2795
v  -2.7429 -2.6399 -2.3206
v  -2.6352 -2.5333 -2.3206
v  -2.6345 -2.4930 -2.2800
v  -2.6795 -2.5419 -2.3206
v  -2.6941 -2.5025 -2.2796
v  -2.6798 -2.7382 -2.3206
v  -2.6962 -2.7775 -2.2799
v  -2.6350 -2.7477 -2.3206
v  -2.6331 -2.7881 -2.2799
v  -2.5946 -2.7375 -2.3203
v  -2.5788 -2.7746 -2.2801
v  -2.5637 -2.7164 -2.3206
v  -2.5347 -2.7436 -2.2800
v  -2.5413 -2.6841 -2.3206
v  -2.5045 -2.6974 -2.2799
v  -2.5323 -2.6398 -2.3198
v  -2.4926 -2.6394 -2.2799
v  -2.4746 -3.0504 -2.2825
v  -2.4757 -3.0496 -2.3371
v  -2.7733 -2.7831 -2.3371
v  -2.7734 -2.7830 -2.2824
v  -3.0551 -2.4701 -2.2823
v  -3.0565 -2.4701 -2.3372
v  -3.2880 -2.1512 -2.3371
v  -3.2877 -2.1512 -2.2825
v  -3.4902 -1.8040 -2.3372
v  -3.4903 -1.8040 -2.2823
v  -3.6544 -1.4436 -2.2824
v  -3.6546 -1.4436 -2.3371
v  -3.7771 -1.0818 -2.3370
v  -3.7774 -1.0818 -2.2824
v  -3.8638 -0.7119 -2.2824
v  -3.8640 -0.7119 -2.3372
v  -3.9131 -0.3524 -2.3372
v  -3.9131 -0.3524 -2.2824
v  -0.7140 -3.8642 -2.2821
v  -0.7140 -3.8648 -2.3371
v  -1.0866 -3.7767 -2.3368
v  -1.0866 -3.7762 -2.2825
v  -1.4450 -3.6537 -2.2823
v  -1.4450 -3.6537 -2.3373
v  -1.7944 -3.4947 -2.3371
v  -1.7944 -3.4947 -2.2822
v  -0.3507 -3.9119 -2.2823
v  -0.3507 -3.9129 -2.3372
v  -2.1447 -3.2905 -2.2823
v  -2.1447 -3.2910 -2.3372
v  -1.4450 -3.6537 -2.2743
v  -1.7944 -3.4947 -2.2742
v  -1.0866 -3.7762 -2.2745
v  -0.7140 -3.8642 -2.2741
v  -0.3507 -3.9119 -2.2743
v  -3.8638 -0.7119 -2.2744
v  -3.9131 -0.3524 -2.2744
v  -3.7774 -1.0818 -2.2744
v  -3.6544 -1.4436 -2.2744
v  -3.4903 -1.8040 -2.2743
v  -3.2877 -2.1512 -2.2745
v  -3.0551 -2.4701 -2.2743
v  -2.1447 -3.2905 -2.2743
v  -2.4746 -3.0504 -2.2745
v  -2.7729 -2.7825 -2.2743
v  0.0026 -3.9292 -2.2741
v  -0.0555 -3.8774 -2.2743
v  0.0026 -3.8951 -2.2743
v  -2.7809 -2.7043 -2.2743
v  -2.7453 -2.7526 -2.2743
v  -2.6984 -2.7826 -2.2743
v  -2.6329 -2.7936 -2.2744
v  -3.8776 -0.0550 -2.2743
v  -3.8384 -0.1126 -2.2743
v  -3.6681 -0.1386 -2.2743
v  -3.6260 -0.1087 -2.2744
v  -3.5909 -0.0558 -2.2743
v  -3.7861 -0.1441 -2.2746
v  -3.7291 -0.1529 -2.2747
v  -2.4870 -2.6393 -2.2743
v  -2.4986 -2.5814 -2.2743
v  -2.5787 -2.5002 -2.2745
v  -2.6345 -2.4874 -2.2744
v  -2.7502 -2.5329 -2.2743
v  -2.7801 -2.5769 -2.2744
v  -2.6961 -2.4971 -2.2743
v  -2.7949 -2.6403 -2.2743
v  -2.4991 -2.6995 -2.2746
v  -2.5306 -2.7477 -2.2743
v  -2.5768 -2.7798 -2.2746
v  -2.5330 -2.5313 -2.2746
v  -0.1070 -3.8434 -2.2749
v  -0.1045 -3.6215 -2.2743
v  -0.1417 -3.6766 -2.2748
v  -0.0502 -3.5892 -2.2743
v  -0.1529 -3.7350 -2.2750
v  -0.1411 -3.7944 -2.2743
v  0.0026 -3.5810 -2.2743
v  -0.0967 -3.7336 -2.3261
v  -0.0887 -3.7727 -2.3261
v  -0.0666 -3.8056 -2.3261
v  -2.7101 -2.5701 -2.3263
v  -2.7280 -2.5976 -2.3263
v  -2.5475 -2.5976 -2.3251
v  -2.5697 -2.5679 -2.3263
v  -2.5971 -2.5483 -2.3263
v  -0.0339 -3.6394 -2.3261
v  -0.0666 -3.6609 -2.3261
v  -0.0893 -3.6958 -2.3261
v  -0.0339 -3.8280 -2.3261
v  0.0026 -3.8359 -2.3261
v  -2.7294 -2.6806 -2.3263
v  -2.7086 -2.7113 -2.3263
v  -2.7373 -2.6398 -2.3263
v  -2.6353 -2.5390 -2.3263
v  -2.6775 -2.5472 -2.3263
v  -2.6775 -2.7330 -2.3263
v  -2.6353 -2.7421 -2.3263
v  -2.5966 -2.7323 -2.3260
v  -2.5677 -2.7124 -2.3263
v  -2.5477 -2.6821 -2.3263
v  -2.5379 -2.6398 -2.3255
v  -2.4757 -3.0496 -2.3451
v  -2.7730 -2.7828 -2.3452
v  -3.0565 -2.4701 -2.3452
v  -3.2880 -2.1512 -2.3451
v  -3.4902 -1.8040 -2.3452
v  -3.6546 -1.4436 -2.3451
v  -3.7771 -1.0818 -2.3450
v  -3.8640 -0.7119 -2.3452
v  -3.9131 -0.3524 -2.3452
v  -0.7140 -3.8648 -2.3451
v  -1.0866 -3.7767 -2.3448
v  -1.4450 -3.6537 -2.3453
v  -1.7944 -3.4947 -2.3451
v  -0.3507 -3.9129 -2.3452
v  -2.1447 -3.2910 -2.3452
v  -0.0608 -3.7999 -2.3261
v  -0.0812 -3.7696 -2.3261
v  -0.0308 -3.8204 -2.3261
v  -0.0308 -3.6469 -2.3261
v  0.0026 -3.6328 -2.3261
v  0.0026 -3.6409 -2.3261
v  -0.0608 -3.6666 -2.3261
v  -0.0818 -3.6989 -2.3261
v  -0.0885 -3.7336 -2.3261
v  -2.7291 -2.6398 -2.3263
v  -2.7204 -2.6008 -2.3263
v  -2.7218 -2.6775 -2.3263
v  -2.7029 -2.7055 -2.3263
v  -2.6743 -2.7255 -2.3263
v  -2.6353 -2.7380 -2.3263
v  -2.5998 -2.7248 -2.3260
v  -2.5734 -2.7066 -2.3263
v  -2.5553 -2.6789 -2.3263
v  -2.5461 -2.6398 -2.3255
v  -2.5550 -2.6008 -2.3251
v  -2.5754 -2.5737 -2.3263
v  -2.6003 -2.5558 -2.3263
v  -2.6353 -2.5471 -2.3263
v  -2.6743 -2.5547 -2.3263
v  -2.7044 -2.5759 -2.3263
v  -3.0504 -2.4650 -2.3452
v  -2.7672 -2.7771 -2.3452
v  -3.2813 -2.1468 -2.3451
v  -3.4831 -1.8003 -2.3452
v  -3.6471 -1.4407 -2.3451
v  -3.7694 -1.0796 -2.3450
v  -3.8561 -0.7104 -2.3452
v  -3.9052 -0.3517 -2.3452
v  -0.3500 -3.9049 -2.3452
v  -0.7125 -3.8569 -2.3451
v  -1.0843 -3.7690 -2.3448
v  -1.4420 -3.6463 -2.3453
v  -1.7907 -3.4876 -2.3451
v  -2.1403 -3.2842 -2.3452
v  -2.4706 -3.0434 -2.3451
v  0.0026 -3.7336 -2.3261
v  -2.6353 -2.6398 -2.3263
v  -0.0068 0.0003 -2.2744
v  0.0026 1.9349 -2.2744
v  -2.6980 -2.6404 -2.2743
v  -2.7938 -2.6407 -2.2743
v  -2.7834 -2.6960 -2.2743
v  -2.7502 -2.7477 -2.2743
v  -2.6692 -2.6904 -2.2743
v  -2.6981 -2.7827 -2.2743
v  -2.6691 -2.5904 -2.2743
v  -2.7825 -2.5827 -2.2743
v  -2.6114 -2.5905 -2.2743
v  -2.5825 -2.4982 -2.2743
v  -2.6409 -2.4869 -2.2743
v  -2.5304 -2.5332 -2.2743
v  -2.5826 -2.6405 -2.2743
v  -2.4867 -2.6403 -2.2743
v  -2.4971 -2.5850 -2.2743
v  -2.6115 -2.6905 -2.2743
v  -2.4980 -2.6983 -2.2743
v  -2.6401 -2.7940 -2.2743
v  -2.5848 -2.7836 -2.2743
v  -2.6115 -2.6905 -2.3452
v  -2.6692 -2.6904 -2.3452
v  -2.6980 -2.6404 -2.3452
v  -2.6691 -2.5904 -2.3452
v  -2.6114 -2.5905 -2.3452
v  -2.5826 -2.6405 -2.3452
v  -2.5331 -2.7504 -2.2743
v  -2.6958 -2.4973 -2.2743
v  -2.7475 -2.5306 -2.2743
v  -2.6403 -2.6405 -2.3777
v  -2.7625 -2.6406 -2.3055
v  -2.7542 -2.6846 -2.3055
v  -2.7277 -2.7258 -2.3055
v  -2.6863 -2.7537 -2.3055
v  -2.6402 -2.7627 -2.3055
v  -2.5961 -2.7544 -2.3055
v  -2.5550 -2.7279 -2.3055
v  -2.5271 -2.6865 -2.3055
v  -2.5181 -2.6403 -2.3055
v  -2.5264 -2.5963 -2.3055
v  -2.5528 -2.5551 -2.3055
v  -2.5943 -2.5273 -2.3055
v  -2.6408 -2.5183 -2.3055
v  -2.6845 -2.5265 -2.3055
v  -2.7256 -2.5530 -2.3055
v  -2.7535 -2.5945 -2.3055
v  -2.7857 -2.6407 -2.2743
v  -2.7759 -2.6930 -2.2743
v  -2.7443 -2.7420 -2.2743
v  -2.6950 -2.7752 -2.2743
v  -2.6401 -2.7859 -2.2743
v  -2.5878 -2.7761 -2.2743
v  -2.5388 -2.7445 -2.2743
v  -2.5056 -2.6952 -2.2743
v  -2.4949 -2.6403 -2.2743
v  -2.5047 -2.5880 -2.2743
v  -2.5362 -2.5390 -2.2743
v  -2.5856 -2.5058 -2.2743
v  -2.6409 -2.4951 -2.2743
v  -2.6928 -2.5049 -2.2743
v  -2.7418 -2.5364 -2.2743
v  -2.7750 -2.5858 -2.2743
v  -2.6738 -2.6984 -2.2743
v  -2.7073 -2.6404 -2.2743
v  -2.6737 -2.5824 -2.2743
v  -2.6067 -2.5825 -2.2743
v  -2.5733 -2.6405 -2.2743
v  -2.6069 -2.6985 -2.2743
v  -2.6980 -2.6404 -2.2823
v  -2.6692 -2.6904 -2.2823
v  -2.6115 -2.6905 -2.2823
v  -2.5826 -2.6405 -2.2823
v  -2.6114 -2.5905 -2.2823
v  -2.6691 -2.5904 -2.2823
v  -2.6115 -2.6905 -2.3372
v  -2.6692 -2.6904 -2.3372
v  -2.6980 -2.6404 -2.3372
v  -2.6691 -2.5904 -2.3372
v  -2.6114 -2.5905 -2.3372
v  -2.5826 -2.6405 -2.3372
v  -0.0413 -3.7746 -2.2741
v  -0.1090 -3.8424 -2.2741
v  -0.0626 -3.8743 -2.2741
v  -0.0025 -3.8874 -2.2741
v  0.0144 -3.7897 -2.2741
v  0.0591 -3.8754 -2.2741
v  -0.0561 -3.7188 -2.2741
v  -0.1419 -3.7934 -2.2741
v  -0.0152 -3.6781 -2.2741
v  -0.0599 -3.5923 -2.2741
v  -0.1092 -3.6256 -2.2741
v  0.0017 -3.5804 -2.2741
v  0.0405 -3.6932 -2.2741
v  0.1082 -3.6254 -2.2741
v  0.0618 -3.5935 -2.2741
v  0.0553 -3.7490 -2.2741
v  0.1412 -3.6744 -2.2741
v  0.1082 -3.8425 -2.2741
v  0.1400 -3.7961 -2.2741
v  0.0553 -3.7490 -2.3449
v  0.0144 -3.7897 -2.3449
v  -0.0413 -3.7746 -2.3449
v  -0.0561 -3.7188 -2.3449
v  -0.0152 -3.6781 -2.3449
v  0.0406 -3.6932 -2.3449
v  0.1531 -3.7360 -2.2741
v  -0.1408 -3.6717 -2.2741
v  -0.1539 -3.7318 -2.2741
v  -0.0004 -3.7339 -2.3775
v  -0.0868 -3.8203 -2.3053
v  -0.0499 -3.8456 -2.3053
v  -0.0021 -3.8561 -2.3053
v  0.0470 -3.8465 -2.3053
v  0.0860 -3.8203 -2.3053
v  0.1113 -3.7834 -2.3053
v  0.1218 -3.7356 -2.3053
v  0.1123 -3.6865 -2.3053
v  0.0860 -3.6475 -2.3053
v  0.0491 -3.6222 -2.3053
v  0.0013 -3.6117 -2.3053
v  -0.0477 -3.6212 -2.3053
v  -0.0870 -3.6477 -2.3053
v  -0.1121 -3.6844 -2.3053
v  -0.1226 -3.7322 -2.3053
v  -0.1130 -3.7812 -2.3053
v  -0.1032 -3.8367 -2.2741
v  -0.0593 -3.8668 -2.2741
v  -0.0024 -3.8793 -2.2741
v  0.0560 -3.8679 -2.2741
v  0.1024 -3.8367 -2.2741
v  0.1325 -3.7928 -2.2741
v  0.1450 -3.7359 -2.2741
v  0.1336 -3.6775 -2.2741
v  0.1024 -3.6311 -2.2741
v  0.0586 -3.6010 -2.2741
v  0.0016 -3.5885 -2.2741
v  -0.0568 -3.5999 -2.2741
v  -0.1035 -3.6313 -2.2741
v  -0.1333 -3.6749 -2.2741
v  -0.1457 -3.7319 -2.2741
v  -0.1344 -3.7903 -2.2741
v  0.0168 -3.7986 -2.2741
v  -0.0479 -3.7811 -2.2741
v  -0.0650 -3.7164 -2.2741
v  -0.0175 -3.6692 -2.2741
v  0.0471 -3.6867 -2.2741
v  0.0643 -3.7514 -2.2741
v  -0.0413 -3.7746 -2.2821
v  0.0144 -3.7897 -2.2821
v  0.0553 -3.7490 -2.2821
v  0.0405 -3.6932 -2.2821
v  -0.0152 -3.6781 -2.2821
v  -0.0561 -3.7188 -2.2821
v  0.0553 -3.7490 -2.3369
v  0.0144 -3.7897 -2.3369
v  -0.0413 -3.7746 -2.3369
v  -0.0561 -3.7188 -2.3369
v  -0.0152 -3.6781 -2.3369
v  0.0406 -3.6932 -2.3369
v  2.6404 -2.6983 -2.2743
v  2.6407 -2.7941 -2.2743
v  2.6960 -2.7837 -2.2743
v  2.7477 -2.7504 -2.2743
v  2.6904 -2.6694 -2.2743
v  2.7827 -2.6982 -2.2743
v  2.5904 -2.6694 -2.2743
v  2.5827 -2.7828 -2.2743
v  2.5904 -2.6116 -2.2743
v  2.4981 -2.5828 -2.2743
v  2.4869 -2.6412 -2.2743
v  2.5331 -2.5307 -2.2743
v  2.6405 -2.5828 -2.2743
v  2.6401 -2.4870 -2.2743
v  2.5848 -2.4974 -2.2743
v  2.6904 -2.6117 -2.2743
v  2.6981 -2.4983 -2.2743
v  2.7940 -2.6402 -2.2743
v  2.7835 -2.5849 -2.2743
v  2.6904 -2.6117 -2.3452
v  2.6904 -2.6694 -2.3452
v  2.6404 -2.6983 -2.3452
v  2.5904 -2.6694 -2.3452
v  2.5904 -2.6116 -2.3452
v  2.6405 -2.5828 -2.3452
v  2.7503 -2.5332 -2.2743
v  2.4973 -2.6962 -2.2743
v  2.5306 -2.7478 -2.2743
v  2.6404 -2.6405 -2.3777
v  2.6407 -2.7627 -2.3055
v  2.6847 -2.7544 -2.3055
v  2.7258 -2.7279 -2.3055
v  2.7537 -2.6865 -2.3055
v  2.7626 -2.6403 -2.3055
v  2.7543 -2.5963 -2.3055
v  2.7278 -2.5551 -2.3055
v  2.6863 -2.5273 -2.3055
v  2.6402 -2.5183 -2.3055
v  2.5962 -2.5266 -2.3055
v  2.5550 -2.5531 -2.3055
v  2.5272 -2.5946 -2.3055
v  2.5182 -2.6411 -2.3055
v  2.5265 -2.6848 -2.3055
v  2.5530 -2.7259 -2.3055
v  2.5945 -2.7538 -2.3055
v  2.6407 -2.7859 -2.2743
v  2.6930 -2.7761 -2.2743
v  2.7420 -2.7445 -2.2743
v  2.7752 -2.6951 -2.2743
v  2.7858 -2.6402 -2.2743
v  2.7760 -2.5879 -2.2743
v  2.7444 -2.5390 -2.2743
v  2.6950 -2.5058 -2.2743
v  2.6401 -2.4951 -2.2743
v  2.5878 -2.5050 -2.2743
v  2.5388 -2.5365 -2.2743
v  2.5057 -2.5859 -2.2743
v  2.4950 -2.6412 -2.2743
v  2.5049 -2.6931 -2.2743
v  2.5364 -2.7421 -2.2743
v  2.5858 -2.7753 -2.2743
v  2.6984 -2.6741 -2.2743
v  2.6404 -2.7075 -2.2743
v  2.5824 -2.6740 -2.2743
v  2.5824 -2.6070 -2.2743
v  2.6405 -2.5736 -2.2743
v  2.6984 -2.6071 -2.2743
v  2.6404 -2.6983 -2.2823
v  2.6904 -2.6694 -2.2823
v  2.6904 -2.6117 -2.2823
v  2.6405 -2.5828 -2.2823
v  2.5904 -2.6116 -2.2823
v  2.5904 -2.6694 -2.2823
v  2.6904 -2.6117 -2.3372
v  2.6904 -2.6694 -2.3372
v  2.6404 -2.6983 -2.3372
v  2.5904 -2.6694 -2.3372
v  2.5904 -2.6116 -2.3372
v  2.6405 -2.5828 -2.3372
v  3.7756 -0.0401 -2.2743
v  3.8442 -0.1070 -2.2743
v  3.8755 -0.0602 -2.2743
v  3.8880 0.0000 -2.2743
v  3.7900 0.0158 -2.2743
v  3.8753 0.0615 -2.2743
v  3.7200 -0.0556 -2.2743
v  3.7956 -0.1405 -2.2743
v  3.6788 -0.0151 -2.2743
v  3.5936 -0.0608 -2.2743
v  3.6274 -0.1097 -2.2743
v  3.5809 0.0007 -2.2743
v  3.6932 0.0408 -2.2743
v  3.6246 0.1077 -2.2743
v  3.5933 0.0609 -2.2743
v  3.7488 0.0563 -2.2743
v  3.6733 0.1412 -2.2743
v  3.8417 0.1102 -2.2743
v  3.7949 0.1415 -2.2743
v  3.7488 0.0563 -2.3452
v  3.7900 0.0158 -2.3452
v  3.7756 -0.0401 -2.3452
v  3.7200 -0.0556 -2.3452
v  3.6788 -0.0151 -2.3452
v  3.6932 0.0408 -2.3452
v  3.7347 0.1539 -2.2743
v  3.6739 -0.1408 -2.2743
v  3.7341 -0.1532 -2.2743
v  3.7344 0.0004 -2.3777
v  3.8218 -0.0851 -2.3055
v  3.8467 -0.0478 -2.3055
v  3.8566 0.0001 -2.3055
v  3.8465 0.0490 -2.3055
v  3.8198 0.0877 -2.3055
v  3.7826 0.1126 -2.3055
v  3.7347 0.1225 -2.3055
v  3.6857 0.1124 -2.3055
v  3.6470 0.0858 -2.3055
v  3.6221 0.0485 -2.3055
v  3.6122 0.0006 -2.3055
v  3.6223 -0.0483 -2.3055
v  3.6493 -0.0873 -2.3055
v  3.6862 -0.1120 -2.3055
v  3.7342 -0.1218 -2.3055
v  3.7831 -0.1117 -2.3055
v  3.8384 -0.1012 -2.2743
v  3.8680 -0.0570 -2.2743
v  3.8798 0.0000 -2.2743
v  3.8677 0.0583 -2.2743
v  3.8360 0.1043 -2.2743
v  3.7918 0.1339 -2.2743
v  3.7347 0.1457 -2.2743
v  3.6765 0.1337 -2.2743
v  3.6304 0.1020 -2.2743
v  3.6008 0.0577 -2.2743
v  3.5890 0.0007 -2.2743
v  3.6011 -0.0576 -2.2743
v  3.6331 -0.1039 -2.2743
v  3.6770 -0.1332 -2.2743
v  3.7341 -0.1450 -2.2743
v  3.7924 -0.1330 -2.2743
v  3.7989 0.0183 -2.2743
v  3.7822 -0.0466 -2.2743
v  3.7177 -0.0645 -2.2743
v  3.6699 -0.0176 -2.2743
v  3.6866 0.0473 -2.2743
v  3.7512 0.0652 -2.2743
v  3.7756 -0.0401 -2.2823
v  3.7900 0.0158 -2.2823
v  3.7488 0.0563 -2.2823
v  3.6932 0.0408 -2.2823
v  3.6788 -0.0151 -2.2823
v  3.7200 -0.0556 -2.2823
v  3.7488 0.0563 -2.3372
v  3.7900 0.0158 -2.3372
v  3.7756 -0.0401 -2.3372
v  3.7200 -0.0556 -2.3372
v  3.6788 -0.0151 -2.3372
v  3.6932 0.0408 -2.3372
v  0.0402 3.7750 -2.2729
v  0.1072 3.8435 -2.2729
v  0.0605 3.8749 -2.2729
v  0.0003 3.8874 -2.2729
v  -0.0157 3.7896 -2.2729
v  -0.0612 3.8749 -2.2729
v  0.0555 3.7193 -2.2729
v  0.1406 3.7947 -2.2729
v  0.0150 3.6782 -2.2729
v  0.0605 3.5929 -2.2729
v  0.1095 3.6266 -2.2729
v  -0.0010 3.5804 -2.2729
v  -0.0409 3.6928 -2.2729
v  -0.1079 3.6243 -2.2729
v  -0.0612 3.5929 -2.2729
v  -0.0562 3.7485 -2.2729
v  -0.1413 3.6731 -2.2729
v  -0.1099 3.8414 -2.2729
v  -0.1413 3.7947 -2.2729
v  -0.0562 3.7485 -2.3437
v  -0.0157 3.7896 -2.3437
v  0.0402 3.7750 -2.3437
v  0.0555 3.7193 -2.3437
v  0.0150 3.6782 -2.3437
v  -0.0409 3.6928 -2.3437
v  -0.1539 3.7345 -2.2729
v  0.1406 3.6731 -2.2729
v  0.1532 3.7333 -2.2729
v  -0.0004 3.7339 -2.3762
v  0.0852 3.8211 -2.3041
v  0.0481 3.8461 -2.3041
v  0.0002 3.8561 -2.3041
v  -0.0488 3.8461 -2.3041
v  -0.0875 3.8195 -2.3041
v  -0.1125 3.7823 -2.3041
v  -0.1225 3.7344 -2.3041
v  -0.1125 3.6855 -2.3041
v  -0.0859 3.6467 -2.3041
v  -0.0488 3.6217 -2.3041
v  -0.0009 3.6117 -2.3041
v  0.0481 3.6217 -2.3041
v  0.0871 3.6486 -2.3041
v  0.1118 3.6855 -2.3041
v  0.1218 3.7334 -2.3041
v  0.1118 3.7823 -2.3041
v  0.1015 3.8377 -2.2729
v  0.0573 3.8674 -2.2729
v  0.0003 3.8793 -2.2729
v  -0.0580 3.8674 -2.2729
v  -0.1041 3.8357 -2.2729
v  -0.1338 3.7916 -2.2729
v  -0.1457 3.7345 -2.2729
v  -0.1338 3.6762 -2.2729
v  -0.1022 3.6301 -2.2729
v  -0.0580 3.6004 -2.2729
v  -0.0010 3.5885 -2.2729
v  0.0573 3.6004 -2.2729
v  0.1037 3.6323 -2.2729
v  0.1331 3.6762 -2.2729
v  0.1450 3.7333 -2.2729
v  0.1331 3.7916 -2.2729
v  -0.0181 3.7985 -2.2729
v  0.0467 3.7816 -2.2729
v  0.0645 3.7170 -2.2729
v  0.0174 3.6693 -2.2729
v  -0.0474 3.6862 -2.2729
v  -0.0652 3.7508 -2.2729
v  0.0402 3.7750 -2.2809
v  -0.0157 3.7896 -2.2809
v  -0.0562 3.7485 -2.2809
v  -0.0409 3.6928 -2.2809
v  0.0150 3.6782 -2.2809
v  0.0555 3.7193 -2.2809
v  -0.0562 3.7485 -2.3357
v  -0.0157 3.7896 -2.3357
v  0.0402 3.7750 -2.3357
v  0.0555 3.7193 -2.3357
v  0.0150 3.6782 -2.3357
v  -0.0409 3.6928 -2.3357
v  -2.6405 2.6994 -2.2738
v  -2.6413 2.7961 -2.2738
v  -2.6971 2.7853 -2.2738
v  -2.7491 2.7515 -2.2738
v  -2.6909 2.6700 -2.2738
v  -2.7842 2.6987 -2.2738
v  -2.5899 2.6704 -2.2738
v  -2.5827 2.7850 -2.2738
v  -2.5897 2.6121 -2.2738
v  -2.4964 2.5835 -2.2738
v  -2.4853 2.6425 -2.2738
v  -2.5315 2.5307 -2.2738
v  -2.6401 2.5828 -2.2738
v  -2.6393 2.4861 -2.2738
v  -2.5835 2.4969 -2.2738
v  -2.6907 2.6118 -2.2738
v  -2.6979 2.4972 -2.2738
v  -2.7953 2.6401 -2.2738
v  -2.7845 2.5843 -2.2738
v  -2.6907 2.6118 -2.3453
v  -2.6909 2.6700 -2.3453
v  -2.6405 2.6994 -2.3453
v  -2.5899 2.6704 -2.3453
v  -2.5897 2.6121 -2.3453
v  -2.6401 2.5828 -2.3453
v  -2.7507 2.5323 -2.2738
v  -2.4961 2.6979 -2.2738
v  -2.5299 2.7499 -2.2738
v  -2.6403 2.6411 -2.3782
v  -2.6411 2.7644 -2.3053
v  -2.6855 2.7559 -2.3053
v  -2.7269 2.7289 -2.3053
v  -2.7548 2.6869 -2.3053
v  -2.7636 2.6403 -2.3053
v  -2.7551 2.5959 -2.3053
v  -2.7281 2.5545 -2.3053
v  -2.6861 2.5266 -2.3053
v  -2.6395 2.5177 -2.3053
v  -2.5951 2.5263 -2.3053
v  -2.5537 2.5532 -2.3053
v  -2.5258 2.5952 -2.3053
v  -2.5169 2.6422 -2.3053
v  -2.5255 2.6863 -2.3053
v  -2.5524 2.7277 -2.3053
v  -2.5944 2.7556 -2.3053
v  -2.6413 2.7879 -2.2738
v  -2.6940 2.7777 -2.2738
v  -2.7433 2.7456 -2.2738
v  -2.7766 2.6956 -2.2738
v  -2.7871 2.6401 -2.2738
v  -2.7769 2.5874 -2.2738
v  -2.7448 2.5381 -2.2738
v  -2.6948 2.5048 -2.2738
v  -2.6393 2.4943 -2.2738
v  -2.5866 2.5045 -2.2738
v  -2.5373 2.5366 -2.2738
v  -2.5040 2.5866 -2.2738
v  -2.4935 2.6424 -2.2738
v  -2.5037 2.6948 -2.2738
v  -2.5358 2.7441 -2.2738
v  -2.5858 2.7773 -2.2738
v  -2.6990 2.6747 -2.2738
v  -2.6406 2.7087 -2.2738
v  -2.5819 2.6751 -2.2738
v  -2.5816 2.6075 -2.2738
v  -2.6400 2.5735 -2.2738
v  -2.6987 2.6071 -2.2738
v  -2.6405 2.6994 -2.2819
v  -2.6909 2.6700 -2.2819
v  -2.6907 2.6118 -2.2819
v  -2.6401 2.5828 -2.2819
v  -2.5897 2.6121 -2.2819
v  -2.5899 2.6704 -2.2819
v  -2.6907 2.6118 -2.3373
v  -2.6909 2.6700 -2.3373
v  -2.6405 2.6994 -2.3373
v  -2.5899 2.6704 -2.3373
v  -2.5897 2.6121 -2.3373
v  -2.6401 2.5828 -2.3373
v  -3.7698 0.0415 -2.2720
v  -3.8374 0.1094 -2.2720
v  -3.8694 0.0631 -2.2720
v  -3.8827 0.0030 -2.2720
v  -3.7851 -0.0142 -2.2720
v  -3.8710 -0.0586 -2.2720
v  -3.7139 0.0561 -2.2720
v  -3.7882 0.1421 -2.2720
v  -3.6733 0.0150 -2.2720
v  -3.5875 0.0594 -2.2720
v  -3.6205 0.1088 -2.2720
v  -3.5757 -0.0023 -2.2720
v  -3.6886 -0.0407 -2.2720
v  -3.6211 -0.1086 -2.2720
v  -3.5890 -0.0623 -2.2720
v  -3.7445 -0.0553 -2.2720
v  -3.6702 -0.1414 -2.2720
v  -3.8382 -0.1078 -2.2720
v  -3.7919 -0.1398 -2.2720
v  -3.7445 -0.0553 -2.3429
v  -3.7851 -0.0142 -2.3429
v  -3.7698 0.0415 -2.3429
v  -3.7139 0.0561 -2.3429
v  -3.6734 0.0150 -2.3429
v  -3.6886 -0.0407 -2.3429
v  -3.7319 -0.1531 -2.2720
v  -3.6665 0.1406 -2.2720
v  -3.7266 0.1539 -2.2720
v  -3.7292 0.0004 -2.3754
v  -3.8153 0.0871 -2.3033
v  -3.8408 0.0503 -2.3033
v  -3.8514 0.0025 -2.3033
v  -3.8420 -0.0466 -2.3033
v  -3.8160 -0.0857 -2.3033
v  -3.7791 -0.1112 -2.3033
v  -3.7313 -0.1218 -2.3033
v  -3.6823 -0.1124 -2.3033
v  -3.6431 -0.0863 -2.3033
v  -3.6177 -0.0495 -2.3033
v  -3.6070 -0.0017 -2.3033
v  -3.6164 0.0473 -2.3033
v  -3.6427 0.0867 -2.3033
v  -3.6793 0.1119 -2.3033
v  -3.7271 0.1226 -2.3033
v  -3.7762 0.1132 -2.3033
v  -3.8317 0.1036 -2.2720
v  -3.8619 0.0598 -2.2720
v  -3.8746 0.0029 -2.2720
v  -3.8634 -0.0555 -2.2720
v  -3.8324 -0.1020 -2.2720
v  -3.7886 -0.1323 -2.2720
v  -3.7317 -0.1450 -2.2720
v  -3.6733 -0.1338 -2.2720
v  -3.6268 -0.1028 -2.2720
v  -3.5965 -0.0590 -2.2720
v  -3.5839 -0.0021 -2.2720
v  -3.5950 0.0563 -2.2720
v  -3.6263 0.1031 -2.2720
v  -3.6698 0.1331 -2.2720
v  -3.7267 0.1457 -2.2720
v  -3.7851 0.1346 -2.2720
v  -3.7940 -0.0165 -2.2720
v  -3.7763 0.0480 -2.2720
v  -3.7115 0.0650 -2.2720
v  -3.6644 0.0173 -2.2720
v  -3.6821 -0.0473 -2.2720
v  -3.7470 -0.0642 -2.2720
v  -3.7698 0.0415 -2.2800
v  -3.7851 -0.0142 -2.2800
v  -3.7445 -0.0553 -2.2800
v  -3.6886 -0.0407 -2.2800
v  -3.6733 0.0150 -2.2800
v  -3.7139 0.0561 -2.2800
v  -3.7445 -0.0553 -2.3349
v  -3.7851 -0.0142 -2.3349
v  -3.7698 0.0415 -2.3349
v  -3.7139 0.0561 -2.3349
v  -3.6734 0.0150 -2.3349
v  -3.6886 -0.0407 -2.3349
v  2.6983 2.6405 -2.2744
v  2.7941 2.6405 -2.2744
v  2.7838 2.6959 -2.2744
v  2.7506 2.7477 -2.2744
v  2.6696 2.6905 -2.2744
v  2.6986 2.7828 -2.2744
v  2.6693 2.5905 -2.2744
v  2.7827 2.5826 -2.2744
v  2.6115 2.5907 -2.2744
v  2.5825 2.4985 -2.2744
v  2.6409 2.4871 -2.2744
v  2.5305 2.5336 -2.2744
v  2.5828 2.6408 -2.2744
v  2.4870 2.6407 -2.2744
v  2.4973 2.5854 -2.2744
v  2.6118 2.6907 -2.2744
v  2.4984 2.6987 -2.2744
v  2.6406 2.7942 -2.2744
v  2.5853 2.7839 -2.2744
v  2.6118 2.6907 -2.3452
v  2.6696 2.6905 -2.3452
v  2.6983 2.6405 -2.3452
v  2.6693 2.5905 -2.3452
v  2.6115 2.5907 -2.3452
v  2.5828 2.6408 -2.3452
v  2.5335 2.7507 -2.2744
v  2.6958 2.4974 -2.2744
v  2.7476 2.5305 -2.2744
v  2.6405 2.6406 -2.3778
v  2.7627 2.6406 -2.3056
v  2.7545 2.6846 -2.3056
v  2.7281 2.7258 -2.3056
v  2.6867 2.7537 -2.3056
v  2.6406 2.7628 -2.3056
v  2.5966 2.7546 -2.3056
v  2.5554 2.7282 -2.3056
v  2.5274 2.6868 -2.3056
v  2.5183 2.6407 -2.3056
v  2.5265 2.5966 -2.3056
v  2.5529 2.5554 -2.3056
v  2.5943 2.5275 -2.3056
v  2.6408 2.5184 -2.3056
v  2.6845 2.5266 -2.3056
v  2.7257 2.5530 -2.3056
v  2.7537 2.5944 -2.3056
v  2.7859 2.6406 -2.2744
v  2.7762 2.6929 -2.2744
v  2.7448 2.7420 -2.2744
v  2.6955 2.7752 -2.2744
v  2.6406 2.7860 -2.2744
v  2.5883 2.7763 -2.2744
v  2.5392 2.7449 -2.2744
v  2.5059 2.6955 -2.2744
v  2.4951 2.6407 -2.2744
v  2.5049 2.5884 -2.2744
v  2.5363 2.5393 -2.2744
v  2.5856 2.5060 -2.2744
v  2.6409 2.4952 -2.2744
v  2.6928 2.5050 -2.2744
v  2.7419 2.5364 -2.2744
v  2.7751 2.5857 -2.2744
v  2.6742 2.6985 -2.2744
v  2.7075 2.6404 -2.2744
v  2.6738 2.5825 -2.2744
v  2.6069 2.5827 -2.2744
v  2.5736 2.6408 -2.2744
v  2.6072 2.6987 -2.2744
v  2.6983 2.6405 -2.2824
v  2.6695 2.6905 -2.2824
v  2.6118 2.6907 -2.2824
v  2.5828 2.6408 -2.2824
v  2.6115 2.5907 -2.2824
v  2.6693 2.5905 -2.2824
v  2.6118 2.6907 -2.3372
v  2.6696 2.6905 -2.3372
v  2.6983 2.6405 -2.3372
v  2.6693 2.5905 -2.3372
v  2.6115 2.5907 -2.3372
v  2.5828 2.6408 -2.3372
v  0.1865 -0.4643 -1.2092
v  -0.4868 0.1095 -1.2092
v  -0.4644 0.1827 -1.2092
v  -0.4184 0.2721 -1.2092
v  -0.3535 0.3525 -1.2092
v  -0.2740 0.4175 -1.2092
v  -0.1843 0.4643 -1.2092
v  -0.0916 0.4913 -1.2092
v  -0.0004 0.5000 -1.2092
v  0.0907 0.4919 -1.2092
v  0.1837 0.4654 -1.2092
v  0.2734 0.4194 -1.2092
v  0.3536 0.3546 -1.2092
v  0.4187 0.2749 -1.2092
v  0.4654 0.1854 -1.2092
v  0.4924 0.0925 -1.2092
v  0.5011 0.0015 -1.2092
v  0.4930 -0.0896 -1.2092
v  0.4665 -0.1827 -1.2092
v  0.4203 -0.2724 -1.2092
v  0.3557 -0.3525 -1.2092
v  0.2758 -0.4177 -1.2092
v  -0.4861 -0.1124 -1.2092
v  -0.4633 -0.1854 -1.2092
v  -0.4168 -0.2746 -1.2092
v  -0.3514 -0.3546 -1.2092
v  -0.2715 -0.4191 -1.2092
v  -0.1816 -0.4654 -1.2092
v  -0.0887 -0.4919 -1.2092
v  0.0026 -0.5000 -1.2092
v  0.0936 -0.4914 -1.2092
v  0.2594 -0.3926 -1.2092
v  -0.4608 -0.0869 -1.2092
v  -0.4354 -0.1743 -1.2092
v  -0.3915 -0.2584 -1.2092
v  -0.3303 -0.3333 -1.2092
v  -0.2549 -0.3942 -1.2092
v  -0.1706 -0.4375 -1.2092
v  -0.0831 -0.4624 -1.2092
v  0.0025 -0.4700 -1.2092
v  0.0880 -0.4619 -1.2092
v  -0.4613 0.0841 -1.2092
v  -0.4364 0.1717 -1.2092
v  -0.3931 0.2560 -1.2092
v  -0.3322 0.3313 -1.2092
v  -0.2573 0.3926 -1.2092
v  -0.1732 0.4365 -1.2092
v  -0.0858 0.4619 -1.2092
v  -0.0003 0.4700 -1.2092
v  0.0852 0.4624 -1.2092
v  0.1728 0.4375 -1.2092
v  0.2571 0.3941 -1.2092
v  0.3324 0.3333 -1.2092
v  0.3937 0.2584 -1.2092
v  0.4376 0.1743 -1.2092
v  0.4630 0.0869 -1.2092
v  0.4711 0.0014 -1.2092
v  0.4635 -0.0842 -1.2092
v  0.4386 -0.1717 -1.2092
v  0.3952 -0.2560 -1.2092
v  0.3344 -0.3314 -1.2092
v  0.1754 -0.4365 -1.2092
v  0.1865 -0.4643 -1.3829
v  -0.4868 0.1095 -1.3829
v  -0.4644 0.1827 -1.3829
v  -0.4184 0.2721 -1.3829
v  -0.3535 0.3525 -1.3829
v  -0.2740 0.4175 -1.3829
v  -0.1843 0.4643 -1.3829
v  -0.0916 0.4913 -1.3829
v  -0.0004 0.5000 -1.3829
v  0.0907 0.4919 -1.3829
v  0.1837 0.4654 -1.3829
v  0.2734 0.4194 -1.3829
v  0.3536 0.3546 -1.3829
v  0.4187 0.2749 -1.3829
v  0.4654 0.1854 -1.3829
v  0.4924 0.0925 -1.3829
v  0.5011 0.0015 -1.3829
v  0.4930 -0.0896 -1.3829
v  0.4665 -0.1827 -1.3829
v  0.4203 -0.2724 -1.3829
v  0.3557 -0.3525 -1.3829
v  0.2758 -0.4177 -1.3829
v  -0.4861 -0.1124 -1.3829
v  -0.4633 -0.1854 -1.3829
v  -0.4168 -0.2746 -1.3829
v  -0.3514 -0.3546 -1.3829
v  -0.2715 -0.4191 -1.3829
v  -0.1816 -0.4654 -1.3829
v  -0.0887 -0.4919 -1.3829
v  0.0026 -0.5000 -1.3829
v  0.0936 -0.4914 -1.3829
v  0.2594 -0.3926 -1.3829
v  -0.4608 -0.0869 -1.3829
v  -0.4354 -0.1743 -1.3829
v  -0.3915 -0.2584 -1.3829
v  -0.3303 -0.3333 -1.3829
v  -0.2549 -0.3942 -1.3829
v  -0.1706 -0.4375 -1.3829
v  -0.0831 -0.4624 -1.3829
v  0.0025 -0.4700 -1.3829
v  0.0880 -0.4619 -1.3829
v  -0.4613 0.0841 -1.3829
v  -0.4364 0.1717 -1.3829
v  -0.3931 0.2560 -1.3829
v  -0.3322 0.3313 -1.3829
v  -0.2573 0.3926 -1.3829
v  -0.1732 0.4365 -1.3829
v  -0.0858 0.4619 -1.3829
v  -0.0003 0.4700 -1.3829
v  0.0852 0.4624 -1.3829
v  0.1728 0.4375 -1.3829
v  0.2571 0.3941 -1.3829
v  0.3324 0.3333 -1.3829
v  0.3937 0.2584 -1.3829
v  0.4376 0.1743 -1.3829
v  0.4630 0.0869 -1.3829
v  0.4711 0.0014 -1.3829
v  0.4635 -0.0842 -1.3829
v  0.4386 -0.1717 -1.3829
v  0.3952 -0.2560 -1.3829
v  0.3344 -0.3314 -1.3829
v  0.1754 -0.4365 -1.3829
v  -0.4811 -0.1074 -1.1986
v  -0.4735 -0.0997 -1.1938
v  -0.4658 -0.0919 -1.1986
v  -0.4578 -0.1833 -1.1987
v  -0.4493 -0.1799 -1.1938
v  -0.4408 -0.1765 -1.1987
v  -0.4119 -0.2714 -1.1987
v  -0.4042 -0.2665 -1.1938
v  -0.3965 -0.2615 -1.1987
v  -0.3473 -0.3505 -1.1987
v  -0.3408 -0.3440 -1.1938
v  -0.3344 -0.3375 -1.1987
v  -0.2683 -0.4143 -1.1987
v  -0.2632 -0.4067 -1.1938
v  -0.2582 -0.3990 -1.1987
v  -0.1794 -0.4600 -1.1987
v  -0.1761 -0.4515 -1.1938
v  -0.1728 -0.4430 -1.1987
v  -0.0876 -0.4861 -1.1987
v  -0.0859 -0.4771 -1.1938
v  -0.0842 -0.4682 -1.1987
v  0.0026 -0.4942 -1.1987
v  0.0025 -0.4850 -1.1938
v  0.0025 -0.4758 -1.1987
v  0.0925 -0.4856 -1.1987
v  0.0908 -0.4766 -1.1938
v  0.0891 -0.4676 -1.1987
v  0.1843 -0.4589 -1.1987
v  0.1809 -0.4504 -1.1938
v  0.1776 -0.4419 -1.1987
v  0.2726 -0.4128 -1.1987
v  0.2676 -0.4052 -1.1938
v  0.2626 -0.3975 -1.1987
v  0.3515 -0.3484 -1.1987
v  0.3450 -0.3419 -1.1938
v  0.3386 -0.3355 -1.1987
v  0.4154 -0.2692 -1.1987
v  0.4078 -0.2642 -1.1938
v  0.4001 -0.2592 -1.1987
v  0.4611 -0.1805 -1.1987
v  0.4526 -0.1772 -1.1938
v  0.4440 -0.1738 -1.1987
v  0.4872 -0.0886 -1.1987
v  0.4782 -0.0869 -1.1938
v  0.4692 -0.0852 -1.1987
v  0.4952 0.0015 -1.1987
v  0.4861 0.0014 -1.1938
v  0.4769 0.0014 -1.1987
v  0.4867 0.0914 -1.1987
v  0.4777 0.0897 -1.1938
v  0.4687 0.0880 -1.1987
v  0.4600 0.1833 -1.1987
v  0.4515 0.1799 -1.1938
v  0.4430 0.1765 -1.1987
v  0.4138 0.2717 -1.1987
v  0.4062 0.2666 -1.1938
v  0.3986 0.2616 -1.1987
v  0.3495 0.3505 -1.1987
v  0.3430 0.3440 -1.1938
v  0.3366 0.3375 -1.1987
v  0.2702 0.4145 -1.1987
v  0.2652 0.4068 -1.1938
v  0.2603 0.3991 -1.1987
v  0.1816 0.4600 -1.1987
v  0.1783 0.4515 -1.1938
v  0.1749 0.4429 -1.1987
v  0.0896 0.4862 -1.1987
v  0.0879 0.4772 -1.1938
v  0.0863 0.4681 -1.1987
v  -0.0004 0.4941 -1.1987
v  -0.0004 0.4850 -1.1938
v  -0.0003 0.4758 -1.1987
v  -0.0905 0.4856 -1.1987
v  -0.0887 0.4766 -1.1938
v  -0.0870 0.4676 -1.1987
v  -0.1822 0.4589 -1.1987
v  -0.1788 0.4504 -1.1938
v  -0.1754 0.4419 -1.1987
v  -0.2708 0.4127 -1.1987
v  -0.2657 0.4051 -1.1938
v  -0.2605 0.3975 -1.1987
v  -0.3494 0.3484 -1.1987
v  -0.3429 0.3419 -1.1938
v  -0.3364 0.3355 -1.1987
v  -0.4135 0.2690 -1.1987
v  -0.4057 0.2641 -1.1938
v  -0.3980 0.2591 -1.1987
v  -0.4589 0.1805 -1.1987
v  -0.4504 0.1772 -1.1938
v  -0.4419 0.1738 -1.1987
v  -0.4818 0.1045 -1.1986
v  -0.4740 0.0968 -1.1938
v  -0.4663 0.0892 -1.1986
v  -0.4809 0.0375 -1.3829
v  -0.4823 0.0375 -1.2092
v  -0.4808 -0.0403 -1.3829
v  -0.4819 -0.0403 -1.2092
v  0.1865 -0.4643 -1.2172
v  0.0936 -0.4914 -1.2172
v  0.0026 -0.5000 -1.2172
v  -0.0887 -0.4919 -1.2172
v  -0.1816 -0.4654 -1.2172
v  -0.2715 -0.4191 -1.2172
v  -0.3514 -0.3546 -1.2172
v  -0.4168 -0.2746 -1.2172
v  -0.4633 -0.1854 -1.2172
v  -0.4861 -0.1124 -1.2172
v  -0.4819 -0.0403 -1.2172
v  -0.4608 -0.0869 -1.2172
v  -0.4354 -0.1743 -1.2172
v  -0.3915 -0.2584 -1.2172
v  -0.3303 -0.3333 -1.2172
v  -0.2549 -0.3942 -1.2172
v  -0.1706 -0.4375 -1.2172
v  -0.0831 -0.4624 -1.2172
v  0.0025 -0.4700 -1.2172
v  0.0880 -0.4619 -1.2172
v  0.1754 -0.4365 -1.2172
v  0.2594 -0.3926 -1.2172
v  0.3344 -0.3314 -1.2172
v  0.3952 -0.2560 -1.2172
v  0.4386 -0.1717 -1.2172
v  0.4635 -0.0842 -1.2172
v  0.4711 0.0014 -1.2172
v  0.4630 0.0869 -1.2172
v  0.4376 0.1743 -1.2172
v  0.3937 0.2584 -1.2172
v  0.3324 0.3333 -1.2172
v  0.2571 0.3941 -1.2172
v  0.1728 0.4375 -1.2172
v  0.0852 0.4624 -1.2172
v  -0.0003 0.4700 -1.2172
v  -0.0858 0.4619 -1.2172
v  -0.1732 0.4365 -1.2172
v  -0.2573 0.3926 -1.2172
v  -0.3322 0.3313 -1.2172
v  -0.3931 0.2560 -1.2172
v  -0.4364 0.1717 -1.2172
v  -0.4613 0.0841 -1.2172
v  -0.4823 0.0375 -1.2172
v  -0.4868 0.1095 -1.2172
v  -0.4644 0.1827 -1.2172
v  -0.4184 0.2721 -1.2172
v  -0.3535 0.3525 -1.2172
v  -0.2740 0.4175 -1.2172
v  -0.1843 0.4643 -1.2172
v  -0.0916 0.4913 -1.2172
v  -0.0004 0.5000 -1.2172
v  0.0907 0.4919 -1.2172
v  0.1837 0.4654 -1.2172
v  0.2734 0.4194 -1.2172
v  0.3536 0.3546 -1.2172
v  0.4187 0.2749 -1.2172
v  0.4654 0.1854 -1.2172
v  0.4924 0.0925 -1.2172
v  0.5011 0.0015 -1.2172
v  0.4930 -0.0896 -1.2172
v  0.4665 -0.1827 -1.2172
v  0.4203 -0.2724 -1.2172
v  0.3557 -0.3525 -1.2172
v  0.2758 -0.4177 -1.2172
v  0.0936 -0.4914 -1.3749
v  0.1865 -0.4643 -1.3749
v  0.2758 -0.4177 -1.3749
v  0.3557 -0.3525 -1.3749
v  0.4203 -0.2724 -1.3749
v  0.4665 -0.1827 -1.3749
v  0.4930 -0.0896 -1.3749
v  0.5011 0.0015 -1.3749
v  0.4924 0.0925 -1.3749
v  0.4654 0.1854 -1.3749
v  0.4187 0.2749 -1.3749
v  0.3536 0.3546 -1.3749
v  0.2734 0.4194 -1.3749
v  0.1837 0.4654 -1.3749
v  0.0907 0.4919 -1.3749
v  -0.0004 0.5000 -1.3749
v  -0.0916 0.4913 -1.3749
v  -0.1843 0.4643 -1.3749
v  -0.2740 0.4175 -1.3749
v  -0.3535 0.3525 -1.3749
v  -0.4184 0.2721 -1.3749
v  -0.4644 0.1827 -1.3749
v  -0.4868 0.1095 -1.3749
v  -0.4809 0.0375 -1.3749
v  -0.4613 0.0841 -1.3749
v  -0.4364 0.1717 -1.3749
v  -0.3931 0.2560 -1.3749
v  -0.3322 0.3313 -1.3749
v  -0.2573 0.3926 -1.3749
v  -0.1732 0.4365 -1.3749
v  -0.0858 0.4619 -1.3749
v  -0.0003 0.4700 -1.3749
v  0.0852 0.4624 -1.3749
v  0.1728 0.4375 -1.3749
v  0.2571 0.3941 -1.3749
v  0.3324 0.3333 -1.3749
v  0.3937 0.2584 -1.3749
v  0.4376 0.1743 -1.3749
v  0.4630 0.0869 -1.3749
v  0.4711 0.0014 -1.3749
v  0.4635 -0.0842 -1.3749
v  0.4386 -0.1717 -1.3749
v  0.3952 -0.2560 -1.3749
v  0.3344 -0.3314 -1.3749
v  0.2594 -0.3926 -1.3749
v  0.1754 -0.4365 -1.3749
v  0.0880 -0.4619 -1.3749
v  0.0025 -0.4700 -1.3749
v  -0.0831 -0.4624 -1.3749
v  -0.1706 -0.4375 -1.3749
v  -0.2549 -0.3942 -1.3749
v  -0.3303 -0.3333 -1.3749
v  -0.3915 -0.2584 -1.3749
v  -0.4354 -0.1743 -1.3749
v  -0.4608 -0.0869 -1.3749
v  -0.4808 -0.0403 -1.3749
v  -0.4861 -0.1124 -1.3749
v  -0.4633 -0.1854 -1.3749
v  -0.4168 -0.2746 -1.3749
v  -0.3514 -0.3546 -1.3749
v  -0.2715 -0.4191 -1.3749
v  -0.1816 -0.4654 -1.3749
v  -0.0887 -0.4919 -1.3749
v  0.0026 -0.5000 -1.3749
v  -0.4672 -0.0403 -1.2092
v  -0.4752 -0.0403 -1.2092
v  -0.4661 -0.0482 -1.2092
v  -0.4717 -0.0407 -1.1983
v  -0.4708 -0.0487 -1.1983
v  -0.4772 -0.0405 -1.2041
v  -0.4975 0.0374 -1.2092
v  -0.4895 0.0374 -1.2092
v  -0.4963 0.0453 -1.2092
v  -0.4928 0.0378 -1.1978
v  -0.4915 0.0457 -1.1979
v  -0.4874 0.0376 -1.2037
v  -0.4975 0.0374 -1.2172
v  -0.4963 0.0453 -1.2172
v  -0.4895 0.0374 -1.2172
v  -0.4975 0.0374 -1.3749
v  -0.4895 0.0374 -1.3749
v  -0.4963 0.0453 -1.3749
v  -0.4973 -0.0404 -1.2172
v  -0.4893 -0.0404 -1.2172
v  -0.4961 -0.0483 -1.2172
v  -0.4973 -0.0404 -1.3749
v  -0.4961 -0.0483 -1.3749
v  -0.4893 -0.0404 -1.3749
v  -0.4672 -0.0403 -1.2172
v  -0.4661 -0.0482 -1.2172
v  -0.4752 -0.0403 -1.2172
v  -0.4672 -0.0403 -1.3749
v  -0.4752 -0.0403 -1.3749
v  -0.4661 -0.0482 -1.3749
v  -0.4674 0.0375 -1.2172
v  -0.4754 0.0375 -1.2172
v  -0.4664 0.0454 -1.2172
v  -0.4674 0.0375 -1.3749
v  -0.4664 0.0454 -1.3749
v  -0.4754 0.0375 -1.3749
v  -0.4819 -0.0410 -1.1941
v  -0.4808 -0.0489 -1.1941
v  -0.4819 -0.0407 -1.2021
v  -0.4922 -0.0408 -1.1980
v  -0.4909 -0.0487 -1.1981
v  -0.4868 -0.0406 -1.2039
v  -0.4973 -0.0404 -1.2092
v  -0.4961 -0.0483 -1.2092
v  -0.4893 -0.0404 -1.2092
v  -0.4827 0.0380 -1.1941
v  -0.4815 0.0459 -1.1941
v  -0.4825 0.0377 -1.2021
v  -0.4733 0.0379 -1.1973
v  -0.4722 0.0458 -1.1975
v  -0.4781 0.0377 -1.2036
v  -0.4674 0.0373 -1.2092
v  -0.4664 0.0452 -1.2092
v  -0.4754 0.0374 -1.2092
v  -0.4975 0.0374 -1.3829
v  -0.4963 0.0453 -1.3829
v  -0.4895 0.0374 -1.3829
v  -0.4674 0.0375 -1.3829
v  -0.4754 0.0375 -1.3829
v  -0.4664 0.0454 -1.3829
v  -0.4672 -0.0403 -1.3829
v  -0.4661 -0.0482 -1.3829
v  -0.4752 -0.0403 -1.3829
v  -0.4973 -0.0404 -1.3829
v  -0.4893 -0.0404 -1.3829
v  -0.4961 -0.0483 -1.3829
v  0.0936 -0.4914 -1.2523
v  0.1865 -0.4643 -1.2523
v  -0.4868 0.1095 -1.2523
v  -0.4963 0.0435 -1.2523
v  -0.4644 0.1827 -1.2523
v  -0.4184 0.2721 -1.2523
v  -0.3535 0.3525 -1.2523
v  -0.2740 0.4175 -1.2523
v  -0.1843 0.4643 -1.2523
v  -0.0916 0.4913 -1.2523
v  -0.0004 0.5000 -1.2523
v  0.0907 0.4919 -1.2523
v  0.1837 0.4654 -1.2523
v  0.2734 0.4194 -1.2523
v  0.3536 0.3546 -1.2523
v  0.4187 0.2749 -1.2523
v  0.4654 0.1854 -1.2523
v  0.4924 0.0925 -1.2523
v  0.5011 0.0015 -1.2523
v  0.4930 -0.0896 -1.2523
v  0.4665 -0.1827 -1.2523
v  0.4203 -0.2724 -1.2523
v  0.3557 -0.3525 -1.2523
v  0.2758 -0.4177 -1.2523
v  -0.4961 -0.0465 -1.2523
v  -0.4861 -0.1124 -1.2523
v  -0.4633 -0.1854 -1.2523
v  -0.4168 -0.2746 -1.2523
v  -0.3514 -0.3546 -1.2523
v  -0.2715 -0.4191 -1.2523
v  -0.1816 -0.4654 -1.2523
v  -0.0887 -0.4919 -1.2523
v  0.0026 -0.5000 -1.2523
v  0.3344 -0.3314 -1.2523
v  0.2594 -0.3926 -1.2523
v  -0.4608 -0.0869 -1.2523
v  -0.4661 -0.0464 -1.2523
v  -0.4354 -0.1743 -1.2523
v  -0.3915 -0.2584 -1.2523
v  -0.3303 -0.3333 -1.2523
v  -0.2549 -0.3942 -1.2523
v  -0.1706 -0.4375 -1.2523
v  -0.0831 -0.4624 -1.2523
v  0.0025 -0.4700 -1.2523
v  0.0880 -0.4619 -1.2523
v  0.1754 -0.4365 -1.2523
v  -0.4664 0.0436 -1.2523
v  -0.4613 0.0841 -1.2523
v  -0.4364 0.1717 -1.2523
v  -0.3931 0.2560 -1.2523
v  -0.3322 0.3313 -1.2523
v  -0.2573 0.3926 -1.2523
v  -0.1732 0.4365 -1.2523
v  -0.0858 0.4619 -1.2523
v  -0.0003 0.4700 -1.2523
v  0.0852 0.4624 -1.2523
v  0.1728 0.4375 -1.2523
v  0.2571 0.3941 -1.2523
v  0.3324 0.3333 -1.2523
v  0.3937 0.2584 -1.2523
v  0.4376 0.1743 -1.2523
v  0.4630 0.0869 -1.2523
v  0.4711 0.0014 -1.2523
v  0.4635 -0.0842 -1.2523
v  0.4386 -0.1717 -1.2523
v  0.3952 -0.2560 -1.2523
v  -0.4752 -0.0385 -1.2523
v  -0.4810 -0.0385 -1.2523
v  -0.4895 0.0356 -1.2523
v  -0.4820 0.0356 -1.2523
v  -0.4754 0.0357 -1.2523
v  -0.4893 -0.0386 -1.2523
v  -0.4975 0.0356 -1.2523
v  -0.4973 -0.0386 -1.2523
v  -0.4672 -0.0385 -1.2523
v  -0.4674 0.0357 -1.2523
v  -0.4475 -0.1552 -0.0000
v  -0.3991 -0.2565 -0.0000
v  -0.3377 -0.3341 -0.0000
v  -0.2627 -0.3965 -0.0000
v  -0.1775 -0.4420 -0.0000
v  -0.0870 -0.4687 -0.0000
v  -0.4698 -0.0592 -0.0000
v  -0.4885 -0.0607 -0.0203
v  -0.4661 -0.1606 -0.0202
v  -0.4149 -0.2665 -0.0206
v  -0.3507 -0.3470 -0.0204
v  -0.2725 -0.4117 -0.0208
v  -0.1843 -0.4585 -0.0202
v  -0.0902 -0.4863 -0.0202
v  -0.4806 -0.0600 -0.0036
v  -0.4595 -0.1592 -0.0052
v  -0.4106 -0.2638 -0.0066
v  -0.3472 -0.3435 -0.0067
v  -0.2699 -0.4077 -0.0069
v  -0.1824 -0.4540 -0.0069
v  -0.0893 -0.4815 -0.0069
v  -0.4874 -0.0607 -0.1287
v  -0.4649 -0.1591 -0.1512
v  -0.4150 -0.2666 -0.1718
v  -0.3507 -0.3470 -0.1718
v  -0.2725 -0.4117 -0.1718
v  -0.1843 -0.4585 -0.1717
v  -0.0902 -0.4863 -0.1717
v  -0.4147 -0.2664 -0.7512
v  -0.3507 -0.3470 -0.7512
v  -0.2725 -0.4117 -0.7512
v  -0.1843 -0.4585 -0.7512
v  -0.0902 -0.4863 -0.7512
v  -0.4522 -0.1968 -0.7514
v  -0.4530 -0.0554 -0.7513
v  -0.4530 -0.1582 -0.7513
v  -0.4119 -0.2646 -0.7889
v  -0.3484 -0.3447 -0.7890
v  -0.2708 -0.4089 -0.7889
v  -0.1830 -0.4554 -0.7889
v  -0.0896 -0.4831 -0.7889
v  -0.4520 -0.1893 -0.7887
v  -0.4517 -0.1544 -0.8346
v  -0.4014 -0.2579 -0.8348
v  -0.3395 -0.3359 -0.8348
v  -0.2639 -0.3985 -0.8347
v  -0.1783 -0.4439 -0.8347
v  -0.0874 -0.4708 -0.8346
v  -0.3880 -0.1331 -0.9255
v  -0.3457 -0.2221 -0.9259
v  -0.2929 -0.2897 -0.9265
v  -0.2282 -0.3435 -0.9264
v  -0.1532 -0.3832 -0.9264
v  -0.0758 -0.4063 -0.9263
v  -0.4053 -0.0520 -0.9267
v  -0.4509 -0.0577 -0.8782
v  -0.3324 -0.1146 -0.9634
v  -0.2962 -0.1901 -0.9633
v  -0.2506 -0.2477 -0.9632
v  -0.1958 -0.2936 -0.9631
v  -0.1305 -0.3282 -0.9632
v  -0.0652 -0.3477 -0.9631
v  -0.3482 -0.0443 -0.9636
v  -0.3177 -0.1098 -1.0830
v  -0.2831 -0.1817 -1.0830
v  -0.2396 -0.2368 -1.0832
v  -0.1874 -0.2806 -1.0834
v  -0.1246 -0.3140 -1.0833
v  -0.0625 -0.3326 -1.0836
v  -0.3332 -0.0425 -1.0829
v  -0.2934 -0.1018 -1.0469
v  -0.2614 -0.1679 -1.0469
v  -0.2212 -0.2186 -1.0471
v  -0.1732 -0.2587 -1.0471
v  -0.1147 -0.2899 -1.0471
v  -0.0578 -0.3068 -1.0473
v  -0.3069 -0.0392 -1.0471
v  -0.3017 -0.1045 -0.9901
v  -0.2689 -0.1726 -0.9900
v  -0.2275 -0.2248 -0.9899
v  -0.1780 -0.2662 -0.9898
v  -0.1181 -0.2981 -0.9899
v  -0.0594 -0.3155 -0.9898
v  -0.3162 -0.0404 -0.9902
v  -0.4864 -0.0603 -0.1367
v  -0.4529 -0.0574 -0.8725
v  -0.4530 -0.1513 -0.8311
v  -0.4530 -0.1856 -0.7867
v  -0.4530 -0.1927 -0.7512
v  -0.4635 -0.1580 -0.1597
v  -0.4232 -0.1466 -0.0000
v  -0.3773 -0.2427 -0.0000
v  -0.3193 -0.3161 -0.0000
v  -0.2484 -0.3751 -0.0000
v  -0.1677 -0.4182 -0.0000
v  -0.0822 -0.4434 -0.0000
v  -0.4442 -0.0561 -0.0000
v  -0.4875 -0.0607 -0.1171
v  -0.4642 -0.1620 -0.1394
v  -0.4288 -0.1482 -1.2233
v  -0.3823 -0.2449 -1.2237
v  -0.3229 -0.3194 -1.2235
v  -0.2513 -0.3789 -1.2236
v  -0.1695 -0.4226 -1.2242
v  -0.0833 -0.4479 -1.2239
v  -0.4510 -0.0484 -1.2235
v  -0.3705 -0.1279 -1.1386
v  -0.3300 -0.2118 -1.1386
v  -0.2790 -0.2759 -1.1386
v  -0.2177 -0.3273 -1.1390
v  -0.1460 -0.3657 -1.1393
v  -0.0723 -0.3872 -1.1390
v  -0.3891 -0.0459 -1.1386
v  -0.4704 -0.1619 -1.3189
v  -0.4195 -0.2683 -1.3199
v  -0.3541 -0.3503 -1.3194
v  -0.2751 -0.4155 -1.3192
v  -0.1861 -0.4630 -1.3200
v  -0.0910 -0.4910 -1.3198
v  -0.4948 -0.0510 -1.3193
v  -0.4782 -0.1639 -1.3446
v  -0.4260 -0.2725 -1.3446
v  -0.3597 -0.3558 -1.3446
v  -0.2795 -0.4222 -1.3446
v  -0.1891 -0.4701 -1.3446
v  -0.0924 -0.4986 -1.3449
v  -0.5026 -0.0524 -1.3446
v  -0.3396 -0.1170 -0.9598
v  -0.3026 -0.1942 -0.9597
v  -0.2560 -0.2531 -0.9597
v  -0.2000 -0.3000 -0.9596
v  -0.1334 -0.3352 -0.9596
v  -0.0666 -0.3552 -0.9595
v  -0.3556 -0.0452 -0.9601
v  -0.3233 -0.1117 -1.0880
v  -0.2880 -0.1849 -1.0881
v  -0.2438 -0.2410 -1.0883
v  -0.1906 -0.2855 -1.0884
v  -0.1269 -0.3194 -1.0884
v  -0.0636 -0.3384 -1.0886
v  -0.3391 -0.0428 -1.0879
v  -0.4475 0.1524 -0.0000
v  -0.3991 0.2538 -0.0000
v  -0.3377 0.3314 -0.0000
v  -0.2627 0.3938 -0.0000
v  -0.1775 0.4393 -0.0000
v  -0.0870 0.4660 -0.0000
v  -0.4698 0.0565 -0.0000
v  -0.4878 0.0581 -0.0205
v  -0.4669 0.1582 -0.0200
v  -0.4161 0.2646 -0.0203
v  -0.3521 0.3456 -0.0200
v  -0.2738 0.4108 -0.0203
v  -0.1852 0.4580 -0.0197
v  -0.0907 0.4862 -0.0197
v  -0.4807 0.0573 -0.0035
v  -0.4599 0.1566 -0.0048
v  -0.4111 0.2615 -0.0059
v  -0.3478 0.3414 -0.0058
v  -0.2705 0.4058 -0.0058
v  -0.1829 0.4524 -0.0056
v  -0.0896 0.4800 -0.0056
v  -0.4876 0.0580 -0.1292
v  -0.4655 0.1570 -0.1508
v  -0.4155 0.2642 -0.1718
v  -0.3521 0.3456 -0.1718
v  -0.2738 0.4108 -0.1718
v  -0.1852 0.4580 -0.1717
v  -0.0907 0.4862 -0.1717
v  -0.4158 0.2644 -0.7513
v  -0.3521 0.3456 -0.7513
v  -0.2738 0.4108 -0.7513
v  -0.1852 0.4580 -0.7513
v  -0.0907 0.4861 -0.7513
v  -0.4522 0.1969 -0.7513
v  -0.4529 0.0527 -0.7513
v  -0.4530 0.1555 -0.7513
v  -0.4130 0.2626 -0.7891
v  -0.3497 0.3433 -0.7893
v  -0.2720 0.4080 -0.7893
v  -0.1840 0.4550 -0.7893
v  -0.0901 0.4829 -0.7894
v  -0.4520 0.1898 -0.7876
v  -0.4517 0.1527 -0.8364
v  -0.4024 0.2558 -0.8352
v  -0.3407 0.3343 -0.8355
v  -0.2650 0.3974 -0.8355
v  -0.1791 0.4432 -0.8356
v  -0.0878 0.4703 -0.8356
v  -0.3883 0.1305 -0.9259
v  -0.3462 0.2196 -0.9265
v  -0.2935 0.2875 -0.9275
v  -0.2288 0.3415 -0.9276
v  -0.1536 0.3815 -0.9277
v  -0.0760 0.4047 -0.9277
v  -0.4054 0.0493 -0.9268
v  -0.4511 0.0544 -0.8786
v  -0.3326 0.1119 -0.9637
v  -0.2964 0.1876 -0.9638
v  -0.2509 0.2453 -0.9639
v  -0.1961 0.2913 -0.9639
v  -0.1307 0.3259 -0.9641
v  -0.0653 0.3456 -0.9641
v  -0.3482 0.0415 -0.9637
v  -0.3181 0.1072 -1.0826
v  -0.2837 0.1794 -1.0824
v  -0.2403 0.2347 -1.0824
v  -0.1880 0.2788 -1.0824
v  -0.1251 0.3124 -1.0822
v  -0.0628 0.3312 -1.0824
v  -0.3334 0.0398 -1.0827
v  -0.2941 0.0993 -1.0467
v  -0.2626 0.1659 -1.0466
v  -0.2225 0.2171 -1.0466
v  -0.1744 0.2578 -1.0466
v  -0.1156 0.2894 -1.0466
v  -0.0583 0.3065 -1.0467
v  -0.3080 0.0366 -1.0469
v  -0.3023 0.1020 -0.9904
v  -0.2698 0.1705 -0.9906
v  -0.2285 0.2231 -0.9906
v  -0.1790 0.2648 -0.9907
v  -0.1188 0.2971 -0.9909
v  -0.0598 0.3148 -0.9909
v  -0.3165 0.0377 -0.9904
v  -0.4865 0.0570 -0.1366
v  -0.4526 0.0541 -0.8731
v  -0.4530 0.1489 -0.8331
v  -0.4530 0.1856 -0.7865
v  -0.4530 0.1929 -0.7514
v  -0.4644 0.1546 -0.1588
v  -0.4232 0.1439 -0.0000
v  -0.3773 0.2400 -0.0000
v  -0.3194 0.3134 -0.0000
v  -0.2484 0.3724 -0.0000
v  -0.1677 0.4155 -0.0000
v  -0.0822 0.4407 -0.0000
v  -0.4442 0.0534 -0.0000
v  -0.4876 0.0581 -0.1166
v  -0.4652 0.1580 -0.1386
v  -0.4294 0.1456 -1.2229
v  -0.3832 0.2427 -1.2231
v  -0.3239 0.3176 -1.2227
v  -0.2522 0.3775 -1.2227
v  -0.1702 0.4216 -1.2231
v  -0.0836 0.4471 -1.2228
v  -0.4512 0.0456 -1.2234
v  -0.3710 0.1253 -1.1382
v  -0.3307 0.2095 -1.1379
v  -0.2798 0.2739 -1.1377
v  -0.2184 0.3256 -1.1379
v  -0.1465 0.3643 -1.1380
v  -0.0726 0.3860 -1.1377
v  -0.3893 0.0432 -1.1385
v  -0.4711 0.1594 -1.3186
v  -0.4205 0.2662 -1.3194
v  -0.3553 0.3487 -1.3188
v  -0.2762 0.4144 -1.3184
v  -0.1870 0.4623 -1.3191
v  -0.0915 0.4906 -1.3189
v  -0.4951 0.0483 -1.3192
v  -0.4790 0.1615 -1.3443
v  -0.4271 0.2705 -1.3442
v  -0.3609 0.3543 -1.3441
v  -0.2806 0.4212 -1.3440
v  -0.1899 0.4695 -1.3439
v  -0.0929 0.4984 -1.3441
v  -0.5029 0.0497 -1.3445
v  -0.3398 0.1143 -0.9602
v  -0.3028 0.1917 -0.9603
v  -0.2563 0.2506 -0.9604
v  -0.2002 0.2976 -0.9604
v  -0.1336 0.3330 -0.9606
v  -0.0667 0.3530 -0.9605
v  -0.3556 0.0425 -0.9602
v  -0.3236 0.1091 -1.0876
v  -0.2886 0.1825 -1.0874
v  -0.2444 0.2388 -1.0874
v  -0.1911 0.2836 -1.0874
v  -0.1273 0.3177 -1.0872
v  -0.0638 0.3368 -1.0873
v  -0.3392 0.0401 -1.0878
v  -0.4273 -0.1466 -0.8801
v  -0.3809 -0.2447 -0.8806
v  -0.3222 -0.3188 -0.8806
v  -0.2507 -0.3781 -0.8805
v  -0.1690 -0.4214 -0.8805
v  -0.0831 -0.4469 -0.8804
v  -0.4480 -0.0574 -0.8816
v  -0.4278 0.1440 -0.8804
v  -0.3816 0.2424 -0.8811
v  -0.3231 0.3169 -0.8815
v  -0.2515 0.3766 -0.8816
v  -0.1696 0.4202 -0.8817
v  -0.0834 0.4459 -0.8817
v  -0.4478 0.0543 -0.8823
v  -0.4485 0.1556 -0.8403
v  -0.4490 0.1951 -0.7886
v  -0.4498 0.2013 -0.7514
v  -0.4490 -0.2028 -0.7512
v  -0.4473 -0.1968 -0.7918
v  -0.4476 -0.1585 -0.8400
v  0.0030 -0.4770 -0.0000
v  0.0030 -0.4950 -0.0205
v  0.0030 -0.4950 -0.1720
v  0.0030 -0.3542 -0.9631
v  0.0030 -0.3215 -0.9898
v  0.0030 -0.4560 -1.2239
v  0.0030 -0.5076 -1.3446
v  0.0030 -0.3618 -0.9596
v  0.0030 0.4887 -0.0056
v  0.0030 0.4950 -0.1720
v  0.0030 0.3521 -0.9641
v  0.0030 0.3373 -1.0822
v  0.0030 0.3208 -0.9909
v  0.0030 0.4486 -0.0000
v  0.0030 0.3431 -1.0872
v  0.0030 -0.4550 -0.8805
v  0.0030 0.4541 -0.8817
v  0.0030 -0.4901 -0.0070
v  0.0030 -0.3388 -1.0834
v  0.0030 -0.3126 -1.0472
v  0.0030 -0.4513 -0.0000
v  0.0030 -0.3943 -1.1390
v  0.0030 -0.3447 -1.0885
v  0.0030 0.4743 -0.0000
v  0.0030 0.4950 -0.0199
v  0.0030 0.3125 -1.0466
v  0.0030 0.3932 -1.1376
v  0.0030 0.4553 -1.2227
v  0.0030 0.3596 -0.9606
v  0.0030 -0.4137 -0.9264
v  0.0030 -0.4950 -0.7512
v  0.0030 -0.4917 -0.7889
v  0.0030 -0.4792 -0.8347
v  0.0030 -0.4998 -1.3198
v  0.0030 0.4950 -0.7513
v  0.0030 0.4916 -0.7894
v  0.0030 0.4789 -0.8356
v  0.0030 0.4121 -0.9278
v  0.0030 0.4995 -1.3189
v  0.0030 0.5073 -1.3439
v  -0.4541 0.0597 -0.1698
v  -0.4530 0.0528 -0.1742
v  -0.4560 0.0530 -0.1672
v  -0.4537 -0.0615 -0.1710
v  -0.4560 -0.0559 -0.1673
v  -0.4530 -0.0552 -0.1743
v  -0.4536 -0.1669 -0.1710
v  -0.4559 -0.1567 -0.1674
v  -0.4530 -0.1567 -0.1744
v  -0.4537 -0.1900 -0.1708
v  -0.4559 -0.1789 -0.1674
v  -0.4530 -0.1930 -0.1747
v  -0.4538 -0.1930 -0.1664
v  -0.4582 -0.1824 -0.1602
v  -0.4521 -0.1970 -0.1740
v  -0.4449 -0.2106 -0.1631
v  -0.4536 0.1463 -0.1710
v  -0.4530 0.1538 -0.1743
v  -0.4560 0.1540 -0.1672
v  -0.4538 0.1894 -0.1706
v  -0.4530 0.1927 -0.1745
v  -0.4560 0.1787 -0.1673
v  -0.4535 0.1937 -0.1671
v  -0.4521 0.1970 -0.1742
v  -0.4582 0.1825 -0.1603
v  -0.4479 0.2046 -0.1530
v  -0.4043 -0.1402 -0.0205
v  -0.3600 -0.2317 -0.0201
v  -0.3044 -0.3014 -0.0198
v  -0.2366 -0.3575 -0.0196
v  -0.1596 -0.3983 -0.0194
v  -0.0782 -0.4224 -0.0193
v  -0.4244 -0.0537 -0.0206
v  -0.4051 0.1377 -0.0213
v  -0.3613 0.2297 -0.0213
v  -0.3058 0.3001 -0.0214
v  -0.2379 0.3567 -0.0215
v  -0.1606 0.3980 -0.0215
v  -0.0787 0.4223 -0.0216
v  -0.4248 0.0510 -0.0209
v  0.0030 0.4300 -0.0217
v  0.0030 -0.4300 -0.0195
v  -0.4103 -0.1421 -0.0055
v  -0.3655 -0.2352 -0.0052
v  -0.3092 -0.3062 -0.0050
v  -0.2404 -0.3632 -0.0049
v  -0.1623 -0.4049 -0.0047
v  -0.0795 -0.4293 -0.0047
v  -0.4306 -0.0545 -0.0055
v  -0.4107 0.1395 -0.0059
v  -0.3661 0.2329 -0.0059
v  -0.3099 0.3041 -0.0060
v  -0.2411 0.3614 -0.0060
v  -0.1627 0.4033 -0.0060
v  -0.0798 0.4278 -0.0061
v  -0.4308 0.0518 -0.0056
v  0.0030 0.4355 -0.0061
v  0.0030 -0.4370 -0.0048
v  -0.4628 -0.0584 -0.0000
v  -0.4409 -0.1528 -0.0000
v  -0.3931 -0.2528 -0.0000
v  -0.3327 -0.3292 -0.0000
v  -0.2588 -0.3907 -0.0000
v  -0.1748 -0.4355 -0.0000
v  -0.0857 -0.4618 -0.0000
v  0.0030 -0.4700 -0.0000
v  0.0030 0.4673 -0.0000
v  -0.0857 0.4591 -0.0000
v  -0.1748 0.4328 -0.0000
v  -0.2588 0.3880 -0.0000
v  -0.3327 0.3265 -0.0000
v  -0.3931 0.2501 -0.0000
v  -0.4409 0.1501 -0.0000
v  -0.4628 0.0557 -0.0000
v  -0.3833 -0.2464 -0.0000
v  -0.4299 -0.1489 -0.0000
v  -0.4512 -0.0569 -0.0000
v  -0.4512 0.0542 -0.0000
v  -0.4299 0.1462 -0.0000
v  -0.3833 0.2437 -0.0000
v  -0.3244 0.3183 -0.0000
v  -0.2523 0.3782 -0.0000
v  -0.1704 0.4220 -0.0000
v  -0.0836 0.4476 -0.0000
v  0.0030 0.4556 -0.0000
v  0.0030 -0.4583 -0.0000
v  -0.0836 -0.4503 -0.0000
v  -0.1704 -0.4247 -0.0000
v  -0.2523 -0.3809 -0.0000
v  -0.3244 -0.3210 -0.0000
v  -0.3600 -0.2317 -0.0845
v  -0.4032 -0.1398 -0.0848
v  -0.3044 -0.3014 -0.0841
v  -0.2366 -0.3575 -0.0840
v  -0.1596 -0.3983 -0.0837
v  -0.0782 -0.4224 -0.0837
v  0.0030 -0.4300 -0.0838
v  -0.4231 -0.0535 -0.0848
v  -0.4236 0.0509 -0.0852
v  -0.4051 0.1377 -0.0856
v  -0.3613 0.2297 -0.0857
v  -0.3058 0.3001 -0.0857
v  -0.2379 0.3567 -0.0858
v  -0.1606 0.3980 -0.0858
v  -0.0787 0.4223 -0.0859
v  0.0030 0.4300 -0.0861
v  0.0030 0.4300 -0.0305
v  -0.0787 0.4223 -0.0304
v  -0.1606 0.3980 -0.0303
v  -0.2379 0.3567 -0.0303
v  -0.3058 0.3001 -0.0302
v  -0.3613 0.2297 -0.0301
v  -0.4051 0.1377 -0.0301
v  -0.4248 0.0510 -0.0297
v  -0.4244 -0.0537 -0.0294
v  -0.4043 -0.1402 -0.0293
v  -0.3600 -0.2317 -0.0289
v  -0.3044 -0.3014 -0.0286
v  -0.2366 -0.3575 -0.0284
v  -0.1596 -0.3983 -0.0282
v  -0.0782 -0.4224 -0.0282
v  0.0030 -0.4300 -0.0283
v  -0.4530 0.1928 -0.7404
v  -0.4530 0.1554 -0.7403
v  -0.4529 0.0527 -0.7403
v  -0.4530 -0.0554 -0.7403
v  -0.4530 -0.1582 -0.7403
v  -0.4530 -0.1927 -0.7403
v  -0.4522 -0.1968 -0.7404
v  -0.4490 -0.2028 -0.7407
v  -0.4147 -0.2664 -0.7401
v  -0.3507 -0.3470 -0.7401
v  -0.2725 -0.4117 -0.7401
v  -0.1843 -0.4585 -0.7401
v  -0.0902 -0.4863 -0.7401
v  0.0030 -0.4950 -0.7401
v  0.0030 0.4950 -0.7402
v  -0.0907 0.4861 -0.7402
v  -0.1852 0.4580 -0.7402
v  -0.2738 0.4108 -0.7402
v  -0.3521 0.3456 -0.7402
v  -0.4158 0.2644 -0.7402
v  -0.4498 0.2013 -0.7405
v  -0.4522 0.1969 -0.7404
v  -0.4161 0.2646 -0.0407
v  -0.3521 0.3456 -0.0407
v  -0.2738 0.4108 -0.0407
v  -0.1852 0.4580 -0.0407
v  -0.0907 0.4862 -0.0407
v  0.0030 0.4950 -0.0407
v  -0.4650 -0.1603 -0.0407
v  -0.4890 -0.0609 -0.0407
v  -0.4893 0.0582 -0.0407
v  -0.4669 0.1582 -0.0407
v  -0.4149 -0.2665 -0.0407
v  -0.3507 -0.3470 -0.0407
v  -0.2725 -0.4117 -0.0407
v  -0.1843 -0.4585 -0.0407
v  -0.0902 -0.4863 -0.0407
v  0.0030 -0.4950 -0.0407
v  0.4757 -0.0592 -0.0000
v  0.4866 -0.0600 -0.0036
v  0.4654 -0.1592 -0.0052
v  0.4534 -0.1552 -0.0000
v  0.4165 -0.2638 -0.0066
v  0.4050 -0.2565 -0.0000
v  0.3531 -0.3435 -0.0067
v  0.3437 -0.3341 -0.0000
v  0.2759 -0.4077 -0.0069
v  0.2686 -0.3965 -0.0000
v  0.1884 -0.4540 -0.0069
v  0.1834 -0.4420 -0.0000
v  0.0952 -0.4815 -0.0069
v  0.0929 -0.4687 -0.0000
v  0.4945 -0.0607 -0.0203
v  0.4720 -0.1606 -0.0202
v  0.4208 -0.2665 -0.0206
v  0.3567 -0.3470 -0.0204
v  0.2785 -0.4117 -0.0208
v  0.1902 -0.4585 -0.0202
v  0.0961 -0.4863 -0.0202
v  0.4950 -0.0609 -0.0407
v  0.4709 -0.1603 -0.0407
v  0.4508 -0.2106 -0.1631
v  0.4208 -0.2665 -0.0407
v  0.4701 -0.1620 -0.1394
v  0.3567 -0.3470 -0.0407
v  0.2785 -0.4117 -0.0407
v  0.1902 -0.4585 -0.0407
v  0.0961 -0.4863 -0.0407
v  0.4923 -0.0603 -0.1367
v  0.4925 0.0570 -0.1366
v  0.4620 0.0530 -0.1672
v  0.4619 -0.0559 -0.1673
v  0.4695 -0.1580 -0.1597
v  0.4618 -0.1567 -0.1674
v  0.3567 -0.3470 -0.1718
v  0.4210 -0.2666 -0.1718
v  0.4207 -0.2664 -0.7401
v  0.3567 -0.3470 -0.7401
v  0.2785 -0.4117 -0.1718
v  0.2785 -0.4117 -0.7401
v  0.1902 -0.4585 -0.1717
v  0.1902 -0.4585 -0.7401
v  0.0961 -0.4863 -0.1717
v  0.0961 -0.4863 -0.7401
v  0.4550 -0.2028 -0.7407
v  0.4590 -0.0552 -0.1743
v  0.4590 0.0528 -0.1742
v  0.4588 0.0527 -0.7403
v  0.4590 -0.0554 -0.7403
v  0.4590 -0.1567 -0.1744
v  0.4590 -0.1582 -0.7403
v  0.4618 -0.1789 -0.1674
v  0.4590 -0.1930 -0.1747
v  0.4590 -0.1927 -0.7403
v  0.3567 -0.3470 -0.7512
v  0.4207 -0.2664 -0.7512
v  0.4178 -0.2646 -0.7889
v  0.3543 -0.3447 -0.7890
v  0.2785 -0.4117 -0.7512
v  0.2767 -0.4089 -0.7889
v  0.1902 -0.4585 -0.7512
v  0.1890 -0.4554 -0.7889
v  0.0961 -0.4863 -0.7512
v  0.0955 -0.4831 -0.7889
v  0.4549 -0.2028 -0.7512
v  0.4533 -0.1968 -0.7918
v  0.4590 -0.0554 -0.7513
v  0.4588 0.0527 -0.7513
v  0.4586 0.0541 -0.8731
v  0.4589 -0.0574 -0.8725
v  0.4590 -0.1582 -0.7513
v  0.4589 -0.1513 -0.8311
v  0.4590 -0.1927 -0.7512
v  0.4589 -0.1856 -0.7867
v  0.4073 -0.2579 -0.8348
v  0.3455 -0.3359 -0.8348
v  0.2699 -0.3985 -0.8347
v  0.1842 -0.4439 -0.8347
v  0.0933 -0.4708 -0.8346
v  0.4535 -0.1585 -0.8400
v  0.3868 -0.2447 -0.8806
v  0.3282 -0.3188 -0.8806
v  0.2567 -0.3781 -0.8805
v  0.1749 -0.4214 -0.8805
v  0.0890 -0.4469 -0.8804
v  0.4332 -0.1466 -0.8801
v  0.4539 -0.0574 -0.8816
v  0.2988 -0.2897 -0.9265
v  0.3517 -0.2221 -0.9259
v  0.3085 -0.1942 -0.9597
v  0.2620 -0.2531 -0.9597
v  0.2342 -0.3435 -0.9264
v  0.2059 -0.3000 -0.9596
v  0.1592 -0.3832 -0.9264
v  0.1394 -0.3352 -0.9596
v  0.0817 -0.4063 -0.9263
v  0.0725 -0.3552 -0.9595
v  0.3939 -0.1331 -0.9255
v  0.3456 -0.1170 -0.9598
v  0.4113 -0.0520 -0.9267
v  0.3615 -0.0452 -0.9601
v  0.2566 -0.2477 -0.9632
v  0.3021 -0.1901 -0.9633
v  0.2748 -0.1726 -0.9900
v  0.2335 -0.2248 -0.9899
v  0.2018 -0.2936 -0.9631
v  0.1839 -0.2662 -0.9898
v  0.1364 -0.3282 -0.9632
v  0.1240 -0.2981 -0.9899
v  0.0712 -0.3477 -0.9631
v  0.0654 -0.3155 -0.9898
v  0.3383 -0.1146 -0.9634
v  0.3076 -0.1045 -0.9901
v  0.3541 -0.0443 -0.9636
v  0.3222 -0.0404 -0.9902
v  0.2674 -0.1679 -1.0469
v  0.2890 -0.1817 -1.0830
v  0.2456 -0.2368 -1.0832
v  0.2272 -0.2186 -1.0471
v  0.1933 -0.2806 -1.0834
v  0.1791 -0.2587 -1.0471
v  0.1306 -0.3140 -1.0833
v  0.1207 -0.2899 -1.0471
v  0.0684 -0.3326 -1.0836
v  0.0638 -0.3068 -1.0473
v  0.2993 -0.1018 -1.0469
v  0.3237 -0.1098 -1.0830
v  0.3129 -0.0392 -1.0471
v  0.3392 -0.0425 -1.0829
v  0.4934 -0.0607 -0.1287
v  0.4936 0.0580 -0.1292
v  0.4568 -0.0577 -0.8782
v  0.4577 -0.1544 -0.8346
v  0.4579 -0.1893 -0.7887
v  0.4581 -0.1968 -0.7514
v  0.4582 -0.1968 -0.7404
v  0.4641 -0.1824 -0.1602
v  0.4709 -0.1591 -0.1512
v  0.4468 -0.1528 -0.0000
v  0.3990 -0.2528 -0.0000
v  0.3892 -0.2464 -0.0000
v  0.4358 -0.1489 -0.0000
v  0.3386 -0.3292 -0.0000
v  0.3303 -0.3210 -0.0000
v  0.2647 -0.3907 -0.0000
v  0.2583 -0.3809 -0.0000
v  0.1807 -0.4355 -0.0000
v  0.1763 -0.4247 -0.0000
v  0.0916 -0.4618 -0.0000
v  0.0895 -0.4503 -0.0000
v  0.4687 -0.0584 -0.0000
v  0.4571 -0.0569 -0.0000
v  0.4934 -0.0607 -0.1171
v  0.2940 -0.1849 -1.0881
v  0.2497 -0.2410 -1.0883
v  0.1965 -0.2855 -1.0884
v  0.1328 -0.3194 -1.0884
v  0.0695 -0.3384 -1.0886
v  0.3292 -0.1117 -1.0880
v  0.3450 -0.0428 -1.0879
v  0.3360 -0.2118 -1.1386
v  0.3883 -0.2449 -1.2237
v  0.3289 -0.3194 -1.2235
v  0.2850 -0.2759 -1.1386
v  0.2572 -0.3789 -1.2236
v  0.2236 -0.3273 -1.1390
v  0.1754 -0.4226 -1.2242
v  0.1519 -0.3657 -1.1393
v  0.0892 -0.4479 -1.2239
v  0.0783 -0.3872 -1.1390
v  0.3765 -0.1279 -1.1386
v  0.4347 -0.1482 -1.2233
v  0.3951 -0.0459 -1.1386
v  0.4569 -0.0484 -1.2235
v  0.4254 -0.2683 -1.3199
v  0.3600 -0.3503 -1.3194
v  0.2810 -0.4155 -1.3192
v  0.1921 -0.4630 -1.3200
v  0.0970 -0.4910 -1.3198
v  0.4763 -0.1619 -1.3189
v  0.5007 -0.0510 -1.3193
v  0.4319 -0.2725 -1.3446
v  0.3657 -0.3558 -1.3446
v  0.2854 -0.4222 -1.3446
v  0.1950 -0.4701 -1.3446
v  0.0984 -0.4986 -1.3449
v  0.4842 -0.1639 -1.3446
v  0.5085 -0.0524 -1.3446
v  0.4937 0.0581 -0.0205
v  0.4866 0.0573 -0.0035
v  0.4757 0.0565 -0.0000
v  0.4535 0.1524 -0.0000
v  0.4658 0.1566 -0.0048
v  0.4050 0.2538 -0.0000
v  0.4171 0.2615 -0.0059
v  0.3437 0.3314 -0.0000
v  0.3538 0.3414 -0.0058
v  0.2686 0.3938 -0.0000
v  0.2765 0.4058 -0.0058
v  0.1834 0.4393 -0.0000
v  0.1888 0.4524 -0.0056
v  0.0930 0.4660 -0.0000
v  0.0955 0.4800 -0.0056
v  0.4728 0.1582 -0.0200
v  0.4220 0.2646 -0.0203
v  0.3580 0.3456 -0.0200
v  0.2797 0.4108 -0.0203
v  0.1912 0.4580 -0.0197
v  0.0966 0.4862 -0.0197
v  0.4935 0.0581 -0.1166
v  0.4953 0.0582 -0.0407
v  0.4711 0.1580 -0.1386
v  0.4728 0.1582 -0.0407
v  0.4214 0.2642 -0.1718
v  0.4538 0.2046 -0.1530
v  0.4220 0.2646 -0.0407
v  0.3580 0.3456 -0.1718
v  0.3580 0.3456 -0.0407
v  0.2797 0.4108 -0.1718
v  0.2797 0.4108 -0.0407
v  0.1912 0.4580 -0.1717
v  0.1912 0.4580 -0.0407
v  0.0966 0.4862 -0.1717
v  0.0966 0.4862 -0.0407
v  0.4703 0.1546 -0.1588
v  0.4620 0.1540 -0.1672
v  0.3580 0.3456 -0.7402
v  0.4218 0.2644 -0.7402
v  0.2797 0.4108 -0.7402
v  0.1912 0.4580 -0.7402
v  0.0966 0.4861 -0.7402
v  0.4557 0.2013 -0.7405
v  0.4590 0.1538 -0.1743
v  0.4590 0.1554 -0.7403
v  0.4619 0.1787 -0.1673
v  0.4590 0.1927 -0.1745
v  0.4590 0.1928 -0.7404
v  0.3580 0.3456 -0.7513
v  0.3556 0.3433 -0.7893
v  0.4189 0.2626 -0.7891
v  0.4218 0.2644 -0.7513
v  0.2797 0.4108 -0.7513
v  0.2779 0.4080 -0.7893
v  0.1912 0.4580 -0.7513
v  0.1899 0.4550 -0.7893
v  0.0966 0.4861 -0.7513
v  0.0960 0.4829 -0.7894
v  0.4549 0.1951 -0.7886
v  0.4557 0.2013 -0.7514
v  0.4590 0.1555 -0.7513
v  0.4590 0.1489 -0.8331
v  0.4590 0.1929 -0.7514
v  0.4590 0.1856 -0.7865
v  0.3466 0.3343 -0.8355
v  0.4083 0.2558 -0.8352
v  0.2710 0.3974 -0.8355
v  0.1850 0.4432 -0.8356
v  0.0938 0.4703 -0.8356
v  0.4544 0.1556 -0.8403
v  0.3291 0.3169 -0.8815
v  0.3875 0.2424 -0.8811
v  0.2575 0.3766 -0.8816
v  0.1756 0.4202 -0.8817
v  0.0894 0.4459 -0.8817
v  0.4337 0.1440 -0.8804
v  0.4538 0.0543 -0.8823
v  0.4114 0.0493 -0.9268
v  0.2994 0.2875 -0.9275
v  0.2623 0.2506 -0.9604
v  0.3087 0.1917 -0.9603
v  0.3521 0.2196 -0.9265
v  0.2347 0.3415 -0.9276
v  0.2062 0.2976 -0.9604
v  0.1596 0.3815 -0.9277
v  0.1395 0.3330 -0.9606
v  0.0819 0.4047 -0.9277
v  0.0726 0.3530 -0.9605
v  0.3457 0.1143 -0.9602
v  0.3942 0.1305 -0.9259
v  0.3616 0.0425 -0.9602
v  0.2569 0.2453 -0.9639
v  0.2345 0.2231 -0.9906
v  0.2757 0.1705 -0.9906
v  0.3024 0.1876 -0.9638
v  0.2020 0.2913 -0.9639
v  0.1849 0.2648 -0.9907
v  0.1367 0.3259 -0.9641
v  0.1247 0.2971 -0.9909
v  0.0713 0.3456 -0.9641
v  0.0657 0.3148 -0.9909
v  0.3083 0.1020 -0.9904
v  0.3385 0.1119 -0.9637
v  0.3225 0.0377 -0.9904
v  0.3542 0.0415 -0.9637
v  0.2685 0.1659 -1.0466
v  0.2284 0.2171 -1.0466
v  0.2462 0.2347 -1.0824
v  0.2896 0.1794 -1.0824
v  0.1803 0.2578 -1.0466
v  0.1939 0.2788 -1.0824
v  0.1216 0.2894 -1.0466
v  0.1310 0.3124 -1.0822
v  0.0643 0.3065 -1.0467
v  0.0687 0.3312 -1.0824
v  0.3241 0.1072 -1.0826
v  0.3001 0.0993 -1.0467
v  0.3393 0.0398 -1.0827
v  0.3139 0.0366 -1.0469
v  0.4570 0.0544 -0.8786
v  0.4576 0.1527 -0.8364
v  0.4579 0.1898 -0.7876
v  0.4581 0.1969 -0.7513
v  0.4581 0.1969 -0.7404
v  0.4641 0.1825 -0.1603
v  0.4715 0.1570 -0.1508
v  0.4468 0.1501 -0.0000
v  0.4358 0.1462 -0.0000
v  0.3893 0.2437 -0.0000
v  0.3990 0.2501 -0.0000
v  0.3303 0.3183 -0.0000
v  0.3386 0.3265 -0.0000
v  0.2583 0.3782 -0.0000
v  0.2647 0.3880 -0.0000
v  0.1763 0.4220 -0.0000
v  0.1807 0.4328 -0.0000
v  0.0895 0.4476 -0.0000
v  0.0916 0.4591 -0.0000
v  0.4687 0.0557 -0.0000
v  0.4572 0.0542 -0.0000
v  0.2503 0.2388 -1.0874
v  0.2945 0.1825 -1.0874
v  0.1971 0.2836 -1.0874
v  0.1332 0.3177 -1.0872
v  0.0697 0.3368 -1.0873
v  0.3296 0.1091 -1.0876
v  0.3452 0.0401 -1.0878
v  0.3367 0.2095 -1.1379
v  0.2858 0.2739 -1.1377
v  0.3299 0.3176 -1.2227
v  0.3892 0.2427 -1.2231
v  0.2244 0.3256 -1.1379
v  0.2581 0.3775 -1.2227
v  0.1525 0.3643 -1.1380
v  0.1761 0.4216 -1.2231
v  0.0786 0.3860 -1.1377
v  0.0896 0.4471 -1.2228
v  0.4353 0.1456 -1.2229
v  0.3769 0.1253 -1.1382
v  0.4571 0.0456 -1.2234
v  0.3952 0.0432 -1.1385
v  0.3612 0.3487 -1.3188
v  0.4265 0.2662 -1.3194
v  0.2821 0.4144 -1.3184
v  0.1929 0.4623 -1.3191
v  0.0974 0.4906 -1.3189
v  0.4770 0.1594 -1.3186
v  0.5010 0.0483 -1.3192
v  0.3669 0.3543 -1.3441
v  0.4330 0.2705 -1.3442
v  0.2866 0.4212 -1.3440
v  0.1959 0.4695 -1.3439
v  0.0988 0.4984 -1.3441
v  0.4849 0.1615 -1.3443
v  0.5088 0.0497 -1.3445
v  0.4581 -0.1970 -0.1740
v  0.4601 0.0597 -0.1698
v  0.4596 -0.0615 -0.1710
v  0.4596 -0.1669 -0.1710
v  0.4596 -0.1900 -0.1708
v  0.4598 -0.1930 -0.1664
v  0.4596 0.1463 -0.1710
v  0.4597 0.1894 -0.1706
v  0.4581 0.1970 -0.1742
v  0.4595 0.1937 -0.1671
v  0.4292 -0.1466 -0.0000
v  0.3832 -0.2427 -0.0000
v  0.3714 -0.2352 -0.0052
v  0.4163 -0.1421 -0.0055
v  0.3253 -0.3161 -0.0000
v  0.3152 -0.3062 -0.0050
v  0.2543 -0.3751 -0.0000
v  0.2464 -0.3632 -0.0049
v  0.1736 -0.4182 -0.0000
v  0.1682 -0.4049 -0.0047
v  0.0882 -0.4434 -0.0000
v  0.0855 -0.4293 -0.0047
v  0.4502 0.0534 -0.0000
v  0.4501 -0.0561 -0.0000
v  0.4366 -0.0545 -0.0055
v  0.4367 0.0518 -0.0056
v  0.3833 0.2400 -0.0000
v  0.4292 0.1439 -0.0000
v  0.4166 0.1395 -0.0059
v  0.3721 0.2329 -0.0059
v  0.3253 0.3134 -0.0000
v  0.3158 0.3041 -0.0060
v  0.2543 0.3724 -0.0000
v  0.2470 0.3614 -0.0060
v  0.1736 0.4155 -0.0000
v  0.1687 0.4033 -0.0060
v  0.0882 0.4407 -0.0000
v  0.0857 0.4278 -0.0061
v  0.3659 -0.2317 -0.0201
v  0.4103 -0.1402 -0.0205
v  0.3103 -0.3014 -0.0198
v  0.2425 -0.3575 -0.0196
v  0.1655 -0.3983 -0.0194
v  0.0841 -0.4224 -0.0193
v  0.4303 -0.0537 -0.0206
v  0.4307 0.0510 -0.0209
v  0.4111 0.1377 -0.0213
v  0.3672 0.2297 -0.0213
v  0.3117 0.3001 -0.0214
v  0.2438 0.3567 -0.0215
v  0.1665 0.3980 -0.0215
v  0.0846 0.4223 -0.0216
v  0.3659 -0.2317 -0.0289
v  0.4103 -0.1402 -0.0293
v  0.3103 -0.3014 -0.0286
v  0.2425 -0.3575 -0.0284
v  0.1655 -0.3983 -0.0282
v  0.0841 -0.4224 -0.0282
v  0.4303 -0.0537 -0.0294
v  0.4307 0.0510 -0.0297
v  0.4111 0.1377 -0.0301
v  0.3672 0.2297 -0.0301
v  0.3117 0.3001 -0.0302
v  0.2438 0.3567 -0.0303
v  0.1665 0.3980 -0.0303
v  0.0846 0.4223 -0.0304
v  0.4091 -0.1398 -0.0848
v  0.3659 -0.2317 -0.0845
v  0.3103 -0.3014 -0.0841
v  0.2425 -0.3575 -0.0840
v  0.1655 -0.3983 -0.0837
v  0.0841 -0.4224 -0.0837
v  0.4295 0.0509 -0.0852
v  0.4291 -0.0535 -0.0848
v  0.3672 0.2297 -0.0857
v  0.4111 0.1377 -0.0856
v  0.3117 0.3001 -0.0857
v  0.2438 0.3567 -0.0858
v  0.1665 0.3980 -0.0858
v  0.0846 0.4223 -0.0859
v  -0.3600 -0.2317 -0.0886
v  -0.4032 -0.1398 -0.0889
v  -0.3044 -0.3014 -0.0883
v  -0.2366 -0.3575 -0.0881
v  -0.1596 -0.3983 -0.0879
v  -0.0782 -0.4224 -0.0879
v  0.0030 -0.4300 -0.0880
v  -0.4231 -0.0535 -0.0890
v  -0.4236 0.0509 -0.0893
v  -0.4051 0.1377 -0.0898
v  -0.3613 0.2297 -0.0898
v  -0.3058 0.3001 -0.0899
v  -0.2379 0.3567 -0.0900
v  -0.1606 0.3980 -0.0900
v  -0.0787 0.4223 -0.0901
v  0.0030 0.4300 -0.0902
v  0.4091 -0.1398 -0.0889
v  0.3659 -0.2317 -0.0886
v  0.3103 -0.3014 -0.0883
v  0.2425 -0.3575 -0.0881
v  0.1655 -0.3983 -0.0879
v  0.0841 -0.4224 -0.0879
v  0.4295 0.0509 -0.0893
v  0.4291 -0.0535 -0.0890
v  0.3672 0.2297 -0.0898
v  0.4111 0.1377 -0.0898
v  0.3117 0.3001 -0.0899
v  0.2438 0.3567 -0.0900
v  0.1665 0.3980 -0.0900
v  0.0846 0.4223 -0.0901
v  -0.3937 -0.1365 -0.0890
v  -0.3514 -0.2263 -0.0886
v  -0.2972 -0.2944 -0.0883
v  -0.2310 -0.3491 -0.0882
v  -0.1558 -0.3890 -0.0879
v  -0.0763 -0.4125 -0.0879
v  0.0030 -0.4200 -0.0880
v  0.0822 -0.4125 -0.0879
v  0.1617 -0.3890 -0.0879
v  0.2370 -0.3491 -0.0882
v  0.3031 -0.2944 -0.0883
v  0.3574 -0.2263 -0.0886
v  0.3996 -0.1365 -0.0890
v  0.4191 -0.0524 -0.0890
v  0.4195 0.0498 -0.0893
v  0.4015 0.1345 -0.0897
v  0.3587 0.2244 -0.0898
v  0.3045 0.2931 -0.0899
v  0.2382 0.3484 -0.0900
v  0.1627 0.3887 -0.0900
v  0.0827 0.4124 -0.0901
v  0.0030 0.4199 -0.0902
v  -0.0768 0.4124 -0.0901
v  -0.1568 0.3887 -0.0900
v  -0.2323 0.3484 -0.0900
v  -0.2986 0.2931 -0.0899
v  -0.3527 0.2244 -0.0898
v  -0.3956 0.1345 -0.0897
v  -0.4136 0.0498 -0.0893
v  -0.4131 -0.0524 -0.0890
v  0.0030 -0.0006 -0.0891
v  -3.6392 0.0391 -2.3255
v  -3.6484 0.0352 -2.3256
v  -3.6326 0.0415 -2.3184
v  -3.6314 0.0003 -2.3255
v  -3.6243 0.0003 -2.3184
v  -3.6414 0.0003 -2.3256
v  -3.8292 0.0391 -2.3251
v  -3.8199 0.0355 -2.3252
v  -3.8359 0.0414 -2.3181
v  -3.8041 0.0747 -2.3258
v  -3.8088 0.0800 -2.3187
v  -3.7970 0.0676 -2.3258
v  -3.7681 0.0963 -2.3255
v  -3.7706 0.1030 -2.3185
v  -3.7644 0.0871 -2.3256
v  -3.7290 0.1024 -2.3255
v  -3.7290 0.1094 -2.3184
v  -3.7290 0.0924 -2.3256
v  -3.6947 0.0949 -2.3253
v  -3.6916 0.1013 -2.3182
v  -3.6981 0.0855 -2.3254
v  -3.6642 0.0752 -2.3255
v  -3.6589 0.0798 -2.3184
v  -3.6708 0.0676 -2.3256
v  -3.8366 0.0003 -2.3258
v  -3.8266 0.0003 -2.3258
v  -3.8436 0.0003 -2.3187
v  -3.6392 -0.0385 -2.3255
v  -3.6326 -0.0408 -2.3185
v  -3.6484 -0.0345 -2.3256
v  -3.8039 -0.0741 -2.3253
v  -3.7968 -0.0671 -2.3254
v  -3.8087 -0.0794 -2.3183
v  -3.8294 -0.0385 -2.3255
v  -3.8361 -0.0407 -2.3184
v  -3.8201 -0.0348 -2.3256
v  -3.7681 -0.0961 -2.3255
v  -3.7644 -0.0868 -2.3256
v  -3.7706 -0.1027 -2.3185
v  -3.7290 -0.1017 -2.3255
v  -3.7290 -0.0917 -2.3256
v  -3.7290 -0.1088 -2.3185
v  -3.6899 -0.0921 -2.3253
v  -3.6938 -0.0829 -2.3254
v  -3.6869 -0.0985 -2.3182
v  -3.6642 -0.0745 -2.3255
v  -3.6708 -0.0669 -2.3256
v  -3.6589 -0.0792 -2.3185
v  2.4815 3.0565 -2.3592
v  2.4815 3.0565 -2.3492
v  2.7839 2.7839 -2.3592
v  2.7839 2.7839 -2.3492
v  3.0565 2.4815 -2.3592
v  3.0565 2.4815 -2.3492
v  3.2953 2.1544 -2.3592
v  3.2953 2.1544 -2.3492
v  3.4972 1.8082 -2.3592
v  3.4972 1.8082 -2.3492
v  3.6606 1.4492 -2.3592
v  3.6606 1.4492 -2.3492
v  3.7850 1.0833 -2.3592
v  3.7850 1.0833 -2.3492
v  3.8713 0.7164 -2.3592
v  3.8713 0.7164 -2.3492
v  3.9211 0.3538 -2.3592
v  3.9211 0.3538 -2.3492
v  3.9370 -0.0000 -2.3592
v  3.9370 -0.0000 -2.3492
v  3.9211 -0.3538 -2.3592
v  3.9211 -0.3538 -2.3492
v  3.8713 -0.7164 -2.3592
v  3.8713 -0.7164 -2.3492
v  3.7850 -1.0833 -2.3592
v  3.7850 -1.0833 -2.3492
v  3.6606 -1.4492 -2.3592
v  3.6606 -1.4492 -2.3492
v  3.4972 -1.8082 -2.3592
v  3.4972 -1.8082 -2.3492
v  3.0565 -2.4815 -2.3592
v  3.0565 -2.4815 -2.3492
v  2.7839 -2.7839 -2.3592
v  2.7839 -2.7839 -2.3492
v  2.4815 -3.0565 -2.3592
v  2.4815 -3.0565 -2.3492
v  2.1544 -3.2953 -2.3592
v  2.1544 -3.2953 -2.3492
v  1.8082 -3.4972 -2.3592
v  1.8082 -3.4972 -2.3492
v  1.4492 -3.6606 -2.3592
v  1.4492 -3.6606 -2.3492
v  1.0833 -3.7850 -2.3592
v  1.0833 -3.7850 -2.3492
v  0.7164 -3.8713 -2.3592
v  0.7164 -3.8713 -2.3492
v  0.3538 -3.9211 -2.3592
v  0.3538 -3.9211 -2.3492
v  -0.0000 -3.9370 -2.3592
v  -0.0000 -3.9370 -2.3492
v  -0.3538 -3.9211 -2.3592
v  -0.3538 -3.9211 -2.3492
v  -0.7164 -3.8713 -2.3592
v  -0.7164 -3.8713 -2.3492
v  -1.0833 -3.7850 -2.3592
v  -1.0833 -3.7850 -2.3492
v  -1.4492 -3.6606 -2.3592
v  -1.4492 -3.6606 -2.3492
v  -1.8082 -3.4972 -2.3592
v  -1.8082 -3.4972 -2.3492
v  -2.4815 -3.0565 -2.3592
v  -2.4815 -3.0565 -2.3492
v  -2.7839 -2.7839 -2.3592
v  -2.7839 -2.7839 -2.3492
v  -3.0565 -2.4815 -2.3592
v  -3.0565 -2.4815 -2.3492
v  -3.2953 -2.1544 -2.3592
v  -3.2953 -2.1544 -2.3492
v  -3.4972 -1.8082 -2.3592
v  -3.4972 -1.8082 -2.3492
v  -3.6606 -1.4492 -2.3592
v  -3.6606 -1.4492 -2.3492
v  -3.7850 -1.0833 -2.3592
v  -3.7850 -1.0833 -2.3492
v  -3.8713 -0.7164 -2.3592
v  -3.8713 -0.7164 -2.3492
v  -3.9211 -0.3538 -2.3592
v  -3.9211 -0.3538 -2.3492
v  -3.9211 0.3538 -2.3592
v  -3.9211 0.3538 -2.3492
v  -3.8713 0.7164 -2.3594
v  -3.8713 0.7164 -2.3494
v  -3.7850 1.0833 -2.3592
v  -3.7850 1.0833 -2.3492
v  -3.6606 1.4492 -2.3592
v  -3.6606 1.4492 -2.3492
v  -3.4972 1.8082 -2.3592
v  -3.4972 1.8082 -2.3492
v  -3.0565 2.4815 -2.3592
v  -3.0565 2.4815 -2.3492
v  -2.7839 2.7839 -2.3592
v  -2.7839 2.7839 -2.3492
v  -2.4815 3.0565 -2.3592
v  -2.4815 3.0565 -2.3492
v  -2.1544 3.2953 -2.3592
v  -2.1544 3.2953 -2.3492
v  -1.8082 3.4972 -2.3592
v  -1.8082 3.4972 -2.3492
v  -1.4492 3.6606 -2.3592
v  -1.4492 3.6606 -2.3492
v  -1.0833 3.7850 -2.3592
v  -1.0833 3.7850 -2.3492
v  -0.7164 3.8713 -2.3592
v  -0.7164 3.8713 -2.3492
v  0.0000 3.9370 -2.3592
v  0.0000 3.9370 -2.3492
v  0.3538 3.9211 -2.3592
v  0.3538 3.9211 -2.3492
v  0.7164 3.8713 -2.3592
v  0.7164 3.8713 -2.3492
v  1.0833 3.7850 -2.3592
v  1.0833 3.7850 -2.3492
v  1.4492 3.6606 -2.3592
v  1.4492 3.6606 -2.3492
v  1.8082 3.4972 -2.3592
v  1.8082 3.4972 -2.3492
v  -0.3538 3.9211 -2.3592
v  -0.3538 3.9211 -2.3492
v  -3.2953 2.1544 -2.3592
v  -3.2953 2.1544 -2.3492
v  -2.1544 -3.2953 -2.3592
v  -2.1544 -3.2953 -2.3492
v  3.2953 -2.1544 -2.3592
v  3.2953 -2.1544 -2.3492
v  2.1544 3.2953 -2.3592
v  2.1544 3.2953 -2.3492
v  -3.9370 0.0000 -2.3592
v  -3.9370 0.0000 -2.3492
v  2.4752 3.0487 -2.3592
v  2.1489 3.2869 -2.3592
v  1.8036 3.4883 -2.3592
v  1.4455 3.6513 -2.3592
v  1.0805 3.7754 -2.3592
v  0.7146 3.8614 -2.3592
v  0.3529 3.9111 -2.3592
v  0.0000 3.9270 -2.3592
v  -0.3528 3.9111 -2.3592
v  -0.7146 3.8614 -2.3592
v  -1.0805 3.7754 -2.3592
v  -1.4455 3.6513 -2.3592
v  -1.8036 3.4883 -2.3592
v  -2.1489 3.2869 -2.3592
v  -2.4752 3.0487 -2.3592
v  -2.7768 2.7768 -2.3592
v  -3.0487 2.4752 -2.3592
v  -3.2869 2.1489 -2.3592
v  -3.4883 1.8036 -2.3592
v  -3.6513 1.4455 -2.3592
v  -3.7754 1.0805 -2.3592
v  -3.8614 0.7146 -2.3594
v  -3.9111 0.3529 -2.3592
v  -3.9270 0.0000 -2.3592
v  -3.9111 -0.3529 -2.3592
v  -3.8614 -0.7146 -2.3592
v  -3.7754 -1.0805 -2.3592
v  -3.6513 -1.4455 -2.3592
v  -3.4883 -1.8036 -2.3592
v  -3.2869 -2.1489 -2.3592
v  -3.0487 -2.4752 -2.3592
v  -2.7768 -2.7768 -2.3592
v  -2.4752 -3.0487 -2.3592
v  -2.1489 -3.2869 -2.3592
v  -1.8036 -3.4883 -2.3592
v  -1.4455 -3.6513 -2.3592
v  -1.0805 -3.7754 -2.3592
v  -0.7146 -3.8614 -2.3592
v  -0.3529 -3.9111 -2.3592
v  -0.0000 -3.9270 -2.3592
v  0.3529 -3.9111 -2.3592
v  0.7146 -3.8614 -2.3592
v  1.0805 -3.7754 -2.3592
v  1.4455 -3.6513 -2.3592
v  1.8036 -3.4883 -2.3592
v  2.1489 -3.2869 -2.3592
v  2.4752 -3.0487 -2.3592
v  2.7768 -2.7768 -2.3592
v  3.0487 -2.4752 -2.3592
v  3.2869 -2.1489 -2.3592
v  3.4883 -1.8036 -2.3592
v  3.6513 -1.4455 -2.3592
v  3.7754 -1.0805 -2.3592
v  3.8614 -0.7146 -2.3592
v  3.9111 -0.3529 -2.3592
v  3.9270 -0.0000 -2.3592
v  3.9111 0.3528 -2.3592
v  3.8614 0.7146 -2.3592
v  3.7754 1.0805 -2.3592
v  3.6513 1.4455 -2.3592
v  3.4883 1.8036 -2.3592
v  3.2869 2.1489 -2.3592
v  3.0487 2.4752 -2.3592
v  2.7768 2.7768 -2.3592
v  0.0000 -0.0000 -2.3592
# 10751 vertices

o 13688
g 13688
s 1
f 1 2 3 4 
f 2 5 6 3 
f 5 7 8 6 
f 7 9 10 8 
f 9 11 12 10 
f 11 13 14 12 
f 13 15 16 14 
f 15 17 18 16 
f 17 19 20 18 
f 19 21 22 20 
f 21 23 24 22 
f 23 1 4 24 
f 2 1 25 26 
f 5 2 26 27 
f 7 5 27 28 
f 9 7 28 29 
f 11 9 29 30 
f 13 11 30 31 
f 15 13 31 32 
f 17 15 32 33 
f 19 17 33 34 
f 21 19 34 35 
f 23 21 35 36 
f 1 23 36 25 
f 26 25 37 38 
f 27 26 38 39 
f 28 27 39 40 
f 29 28 40 41 
f 30 29 41 42 
f 31 30 42 43 
f 32 31 43 44 
f 33 32 44 45 
f 34 33 45 46 
f 35 34 46 
f 36 35 47 
f 25 36 47 37 
f 37 48 49 38 
f 38 49 50 39 
f 39 50 51 40 
f 40 51 52 41 
f 41 52 53 42 
f 42 53 54 43 
f 43 54 55 44 
f 44 55 56 45 
f 45 56 57 46 
f 46 57 58 35 
f 35 58 59 47 
f 47 59 48 37 
s 2
f 4 3 60 61 
f 3 6 62 60 
f 6 8 63 62 
f 8 10 64 63 
f 10 12 65 64 
f 12 14 66 65 
f 14 16 67 66 
f 16 18 68 67 
f 18 20 69 68 
f 20 22 70 69 
f 22 24 71 70 
f 24 4 61 71 
s 1
f 72 73 74 75 
f 73 76 77 74 
f 76 78 79 77 
f 78 80 81 79 
f 80 82 83 81 
f 82 84 85 83 
f 84 86 87 85 
f 86 88 89 87 
f 88 90 91 89 
f 90 92 93 91 
f 92 94 95 93 
f 94 72 75 95 
f 73 72 96 97 
f 76 73 97 98 
f 78 76 98 99 
f 80 78 99 100 
f 82 80 100 101 
f 84 82 101 102 
f 86 84 102 103 
f 88 86 103 104 
f 90 88 104 105 
f 92 90 105 106 
f 94 92 106 107 
f 72 94 107 96 
f 97 96 108 109 
f 98 97 109 110 
f 99 98 110 111 
f 100 99 111 112 
f 101 100 112 113 
f 102 101 113 114 
f 103 102 114 115 
f 104 103 115 116 
f 105 104 116 117 
f 106 105 117 
f 107 106 118 
f 96 107 118 108 
f 108 119 120 109 
f 109 120 121 110 
f 110 121 122 111 
f 111 122 123 112 
f 112 123 124 113 
f 113 124 125 114 
f 114 125 126 115 
f 115 126 127 116 
f 116 127 128 117 
f 117 128 129 106 
f 106 129 130 118 
f 118 130 119 108 
s 2
f 75 74 131 132 
f 74 77 133 131 
f 77 79 134 133 
f 79 81 135 134 
f 81 83 136 135 
f 83 85 137 136 
f 85 87 138 137 
f 87 89 139 138 
f 89 91 140 139 
f 91 93 141 140 
f 93 95 142 141 
f 95 75 132 142 
s 1
f 143 144 145 146 
f 144 147 148 145 
f 147 149 150 148 
f 149 151 152 150 
f 151 153 154 152 
f 153 155 156 154 
f 155 157 158 156 
f 157 159 160 158 
f 159 161 162 160 
f 161 163 164 162 
f 163 165 166 164 
f 165 143 146 166 
f 144 143 167 168 
f 147 144 168 169 
f 149 147 169 170 
f 151 149 170 171 
f 153 151 171 172 
f 155 153 172 173 
f 157 155 173 174 
f 159 157 174 175 
f 161 159 175 176 
f 163 161 176 177 
f 165 163 177 178 
f 143 165 178 167 
f 168 167 179 180 
f 169 168 180 181 
f 170 169 181 182 
f 171 170 182 183 
f 172 171 183 184 
f 173 172 184 185 
f 174 173 185 186 
f 175 174 186 187 
f 176 175 187 188 
f 177 176 188 
f 178 177 189 
f 167 178 189 179 
f 179 190 191 180 
f 180 191 192 181 
f 181 192 193 182 
f 182 193 194 183 
f 183 194 195 184 
f 184 195 196 185 
f 185 196 197 186 
f 186 197 198 187 
f 187 198 199 188 
f 188 199 200 177 
f 177 200 201 189 
f 189 201 190 179 
s 2
f 146 145 202 203 
f 145 148 204 202 
f 148 150 205 204 
f 150 152 206 205 
f 152 154 207 206 
f 154 156 208 207 
f 156 158 209 208 
f 158 160 210 209 
f 160 162 211 210 
f 162 164 212 211 
f 164 166 213 212 
f 166 146 203 213 
s 1
f 214 215 216 217 
f 215 218 219 216 
f 218 220 221 219 
f 220 222 223 221 
f 222 224 225 223 
f 224 226 227 225 
f 226 228 229 227 
f 228 230 231 229 
f 230 232 233 231 
f 232 234 235 233 
f 234 236 237 235 
f 236 214 217 237 
f 215 214 238 239 
f 218 215 239 240 
f 220 218 240 241 
f 222 220 241 242 
f 224 222 242 243 
f 226 224 243 244 
f 228 226 244 245 
f 230 228 245 246 
f 232 230 246 247 
f 234 232 247 248 
f 236 234 248 249 
f 214 236 249 238 
f 239 238 250 251 
f 240 239 251 252 
f 241 240 252 253 
f 242 241 253 254 
f 243 242 254 255 
f 244 243 255 256 
f 245 244 256 257 
f 246 245 257 258 
f 247 246 258 259 
f 248 247 259 
f 249 248 260 
f 238 249 260 250 
f 250 261 262 251 
f 251 262 263 252 
f 252 263 264 253 
f 253 264 265 254 
f 254 265 266 255 
f 255 266 267 256 
f 256 267 268 257 
f 257 268 269 258 
f 258 269 270 259 
f 259 270 271 248 
f 248 271 272 260 
f 260 272 261 250 
s 2
f 217 216 273 274 
f 216 219 275 273 
f 219 221 276 275 
f 221 223 277 276 
f 223 225 278 277 
f 225 227 279 278 
f 227 229 280 279 
f 229 231 281 280 
f 231 233 282 281 
f 233 235 283 282 
f 235 237 284 283 
f 237 217 274 284 
s 1
f 285 286 287 288 
f 286 289 290 287 
f 289 291 292 290 
f 291 293 294 292 
f 293 295 296 294 
f 295 297 298 296 
f 297 299 300 298 
f 299 301 302 300 
f 301 303 304 302 
f 303 305 306 304 
f 305 307 308 306 
f 307 285 288 308 
f 286 285 309 310 
f 289 286 310 311 
f 291 289 311 312 
f 293 291 312 313 
f 295 293 313 314 
f 297 295 314 315 
f 299 297 315 316 
f 301 299 316 317 
f 303 301 317 318 
f 305 303 318 319 
f 307 305 319 320 
f 285 307 320 309 
f 310 309 321 322 
f 311 310 322 323 
f 312 311 323 324 
f 313 312 324 325 
f 314 313 325 326 
f 315 314 326 327 
f 316 315 327 328 
f 317 316 328 329 
f 318 317 329 330 
f 319 318 330 
f 320 319 331 
f 309 320 331 321 
f 321 332 333 322 
f 322 333 334 323 
f 323 334 335 324 
f 324 335 336 325 
f 325 336 337 326 
f 326 337 338 327 
f 327 338 339 328 
f 328 339 340 329 
f 329 340 341 330 
f 330 341 342 319 
f 319 342 343 331 
f 331 343 332 321 
s 2
f 288 287 344 345 
f 287 290 346 344 
f 290 292 347 346 
f 292 294 348 347 
f 294 296 349 348 
f 296 298 350 349 
f 298 300 351 350 
f 300 302 352 351 
f 302 304 353 352 
f 304 306 354 353 
f 306 308 355 354 
f 308 288 345 355 
s 1
f 356 357 358 359 
f 357 360 361 358 
f 360 362 363 361 
f 362 364 365 363 
f 364 366 367 365 
f 366 368 369 367 
f 368 370 371 369 
f 370 372 373 371 
f 372 374 375 373 
f 374 376 377 375 
f 376 378 379 377 
f 378 356 359 379 
f 357 356 380 381 
f 360 357 381 382 
f 362 360 382 383 
f 364 362 383 384 
f 366 364 384 385 
f 368 366 385 386 
f 370 368 386 387 
f 372 370 387 388 
f 374 372 388 389 
f 376 374 389 390 
f 378 376 390 391 
f 356 378 391 380 
f 381 380 392 393 
f 382 381 393 394 
f 383 382 394 395 
f 384 383 395 396 
f 385 384 396 397 
f 386 385 397 398 
f 387 386 398 399 
f 388 387 399 400 
f 389 388 400 401 
f 390 389 401 
f 391 390 402 
f 380 391 402 392 
f 392 403 404 393 
f 393 404 405 394 
f 394 405 406 395 
f 395 406 407 396 
f 396 407 408 397 
f 397 408 409 398 
f 398 409 410 399 
f 399 410 411 400 
f 400 411 412 401 
f 401 412 413 390 
f 390 413 414 402 
f 402 414 403 392 
s 2
f 359 358 415 416 
f 358 361 417 415 
f 361 363 418 417 
f 363 365 419 418 
f 365 367 420 419 
f 367 369 421 420 
f 369 371 422 421 
f 371 373 423 422 
f 373 375 424 423 
f 375 377 425 424 
f 377 379 426 425 
f 379 359 416 426 
s 1
f 427 428 429 430 
f 428 431 432 429 
f 431 433 434 432 
f 433 435 436 434 
f 435 437 438 436 
f 437 439 440 438 
f 439 441 442 440 
f 441 443 444 442 
f 443 445 446 444 
f 445 447 448 446 
f 447 449 450 448 
f 449 427 430 450 
f 428 427 451 452 
f 431 428 452 453 
f 433 431 453 454 
f 435 433 454 455 
f 437 435 455 456 
f 439 437 456 457 
f 441 439 457 458 
f 443 441 458 459 
f 445 443 459 460 
f 447 445 460 461 
f 449 447 461 462 
f 427 449 462 451 
f 452 451 463 464 
f 453 452 464 465 
f 454 453 465 466 
f 455 454 466 467 
f 456 455 467 468 
f 457 456 468 469 
f 458 457 469 470 
f 459 458 470 471 
f 460 459 471 472 
f 461 460 472 
f 462 461 473 
f 451 462 473 463 
f 463 474 475 464 
f 464 475 476 465 
f 465 476 477 466 
f 466 477 478 467 
f 467 478 479 468 
f 468 479 480 469 
f 469 480 481 470 
f 470 481 482 471 
f 471 482 483 472 
f 472 483 484 461 
f 461 484 485 473 
f 473 485 474 463 
s 2
f 430 429 486 487 
f 429 432 488 486 
f 432 434 489 488 
f 434 436 490 489 
f 436 438 491 490 
f 438 440 492 491 
f 440 442 493 492 
f 442 444 494 493 
f 444 446 495 494 
f 446 448 496 495 
f 448 450 497 496 
f 450 430 487 497 
s 1
f 498 499 500 501 
f 499 502 503 500 
f 502 504 505 503 
f 504 506 507 505 
f 506 508 509 507 
f 508 510 511 509 
f 510 512 513 511 
f 512 514 515 513 
f 514 516 517 515 
f 516 518 519 517 
f 518 520 521 519 
f 520 498 501 521 
f 499 498 522 523 
f 502 499 523 524 
f 504 502 524 525 
f 506 504 525 526 
f 508 506 526 527 
f 510 508 527 528 
f 512 510 528 529 
f 514 512 529 530 
f 516 514 530 531 
f 518 516 531 532 
f 520 518 532 533 
f 498 520 533 522 
f 523 522 534 535 
f 524 523 535 536 
f 525 524 536 537 
f 526 525 537 538 
f 527 526 538 539 
f 528 527 539 540 
f 529 528 540 541 
f 530 529 541 542 
f 531 530 542 543 
f 532 531 543 
f 533 532 544 
f 522 533 544 534 
f 534 545 546 535 
f 535 546 547 536 
f 536 547 548 537 
f 537 548 549 538 
f 538 549 550 539 
f 539 550 551 540 
f 540 551 552 541 
f 541 552 553 542 
f 542 553 554 543 
f 543 554 555 532 
f 532 555 556 544 
f 544 556 545 534 
s 2
f 501 500 557 558 
f 500 503 559 557 
f 503 505 560 559 
f 505 507 561 560 
f 507 509 562 561 
f 509 511 563 562 
f 511 513 564 563 
f 513 515 565 564 
f 515 517 566 565 
f 517 519 567 566 
f 519 521 568 567 
f 521 501 558 568 
s 1
f 569 570 571 572 
f 570 573 574 571 
f 573 575 576 574 
f 575 577 578 576 
f 577 579 580 578 
f 579 581 582 580 
f 581 583 584 582 
f 583 585 586 584 
f 585 587 588 586 
f 587 589 590 588 
f 589 591 592 590 
f 591 569 572 592 
f 570 569 593 594 
f 573 570 594 595 
f 575 573 595 596 
f 577 575 596 597 
f 579 577 597 598 
f 581 579 598 599 
f 583 581 599 600 
f 585 583 600 601 
f 587 585 601 602 
f 589 587 602 603 
f 591 589 603 604 
f 569 591 604 593 
f 594 593 605 606 
f 595 594 606 607 
f 596 595 607 608 
f 597 596 608 609 
f 598 597 609 610 
f 599 598 610 611 
f 600 599 611 612 
f 601 600 612 613 
f 602 601 613 614 
f 603 602 614 
f 604 603 615 
f 593 604 615 605 
f 605 616 617 606 
f 606 617 618 607 
f 607 618 619 608 
f 608 619 620 609 
f 609 620 621 610 
f 610 621 622 611 
f 611 622 623 612 
f 612 623 624 613 
f 613 624 625 614 
f 614 625 626 603 
f 603 626 627 615 
f 615 627 616 605 
s 2
f 572 571 628 629 
f 571 574 630 628 
f 574 576 631 630 
f 576 578 632 631 
f 578 580 633 632 
f 580 582 634 633 
f 582 584 635 634 
f 584 586 636 635 
f 586 588 637 636 
f 588 590 638 637 
f 590 592 639 638 
f 592 572 629 639 
s 1
f 640 641 642 643 
f 641 644 645 642 
f 644 646 647 645 
f 646 648 649 647 
f 648 650 651 649 
f 650 652 653 651 
f 652 654 655 653 
f 654 656 657 655 
f 656 658 659 657 
f 658 660 661 659 
f 660 662 663 661 
f 662 640 643 663 
f 641 640 664 665 
f 644 641 665 666 
f 646 644 666 667 
f 648 646 667 668 
f 650 648 668 669 
f 652 650 669 670 
f 654 652 670 671 
f 656 654 671 672 
f 658 656 672 673 
f 660 658 673 674 
f 662 660 674 675 
f 640 662 675 664 
f 665 664 676 677 
f 666 665 677 678 
f 667 666 678 679 
f 668 667 679 680 
f 669 668 680 681 
f 670 669 681 682 
f 671 670 682 683 
f 672 671 683 684 
f 673 672 684 685 
f 674 673 685 
f 675 674 686 
f 664 675 686 676 
f 676 687 688 677 
f 677 688 689 678 
f 678 689 690 679 
f 679 690 691 680 
f 680 691 692 681 
f 681 692 693 682 
f 682 693 694 683 
f 683 694 695 684 
f 684 695 696 685 
f 685 696 697 674 
f 674 697 698 686 
f 686 698 687 676 
s 2
f 643 642 699 700 
f 642 645 701 699 
f 645 647 702 701 
f 647 649 703 702 
f 649 651 704 703 
f 651 653 705 704 
f 653 655 706 705 
f 655 657 707 706 
f 657 659 708 707 
f 659 661 709 708 
f 661 663 710 709 
f 663 643 700 710 
s 1
f 711 712 713 714 
f 712 715 716 713 
f 715 717 718 716 
f 717 719 720 718 
f 719 721 722 720 
f 721 723 724 722 
f 723 725 726 724 
f 725 727 728 726 
f 727 729 730 728 
f 729 731 732 730 
f 731 733 734 732 
f 733 711 714 734 
f 712 711 735 736 
f 715 712 736 737 
f 717 715 737 738 
f 719 717 738 739 
f 721 719 739 740 
f 723 721 740 741 
f 725 723 741 742 
f 727 725 742 743 
f 729 727 743 744 
f 731 729 744 745 
f 733 731 745 746 
f 711 733 746 735 
f 736 735 747 748 
f 737 736 748 749 
f 738 737 749 750 
f 739 738 750 751 
f 740 739 751 752 
f 741 740 752 753 
f 742 741 753 754 
f 743 742 754 755 
f 744 743 755 756 
f 745 744 756 
f 746 745 757 
f 735 746 757 747 
f 747 758 759 748 
f 748 759 760 749 
f 749 760 761 750 
f 750 761 762 751 
f 751 762 763 752 
f 752 763 764 753 
f 753 764 765 754 
f 754 765 766 755 
f 755 766 767 756 
f 756 767 768 745 
f 745 768 769 757 
f 757 769 758 747 
s 2
f 714 713 770 771 
f 713 716 772 770 
f 716 718 773 772 
f 718 720 774 773 
f 720 722 775 774 
f 722 724 776 775 
f 724 726 777 776 
f 726 728 778 777 
f 728 730 779 778 
f 730 732 780 779 
f 732 734 781 780 
f 734 714 771 781 
s 1
f 782 783 784 785 
f 783 786 787 784 
f 786 788 789 787 
f 788 790 791 789 
f 790 792 793 791 
f 792 794 795 793 
f 794 796 797 795 
f 796 798 799 797 
f 798 800 801 799 
f 800 802 803 801 
f 802 804 805 803 
f 804 782 785 805 
f 783 782 806 807 
f 786 783 807 808 
f 788 786 808 809 
f 790 788 809 810 
f 792 790 810 811 
f 794 792 811 812 
f 796 794 812 813 
f 798 796 813 814 
f 800 798 814 815 
f 802 800 815 816 
f 804 802 816 817 
f 782 804 817 806 
f 807 806 818 819 
f 808 807 819 820 
f 809 808 820 821 
f 810 809 821 822 
f 811 810 822 823 
f 812 811 823 824 
f 813 812 824 825 
f 814 813 825 826 
f 815 814 826 827 
f 816 815 827 
f 817 816 828 
f 806 817 828 818 
f 818 829 830 819 
f 819 830 831 820 
f 820 831 832 821 
f 821 832 833 822 
f 822 833 834 823 
f 823 834 835 824 
f 824 835 836 825 
f 825 836 837 826 
f 826 837 838 827 
f 827 838 839 816 
f 816 839 840 828 
f 828 840 829 818 
s 2
f 785 784 841 842 
f 784 787 843 841 
f 787 789 844 843 
f 789 791 845 844 
f 791 793 846 845 
f 793 795 847 846 
f 795 797 848 847 
f 797 799 849 848 
f 799 801 850 849 
f 801 803 851 850 
f 803 805 852 851 
f 805 785 842 852 
s 1
f 853 854 855 856 
f 854 857 858 855 
f 857 859 860 858 
f 859 861 862 860 
f 861 863 864 862 
f 863 865 866 864 
f 865 867 868 866 
f 867 869 870 868 
f 869 871 872 870 
f 871 873 874 872 
f 873 875 876 874 
f 875 853 856 876 
f 854 853 877 878 
f 857 854 878 879 
f 859 857 879 880 
f 861 859 880 881 
f 863 861 881 882 
f 865 863 882 883 
f 867 865 883 884 
f 869 867 884 885 
f 871 869 885 886 
f 873 871 886 887 
f 875 873 887 888 
f 853 875 888 877 
f 878 877 889 890 
f 879 878 890 891 
f 880 879 891 892 
f 881 880 892 893 
f 882 881 893 894 
f 883 882 894 895 
f 884 883 895 896 
f 885 884 896 897 
f 886 885 897 898 
f 887 886 898 
f 888 887 899 
f 877 888 899 889 
f 889 900 901 890 
f 890 901 902 891 
f 891 902 903 892 
f 892 903 904 893 
f 893 904 905 894 
f 894 905 906 895 
f 895 906 907 896 
f 896 907 908 897 
f 897 908 909 898 
f 898 909 910 887 
f 887 910 911 899 
f 899 911 900 889 
s 2
f 856 855 912 913 
f 855 858 914 912 
f 858 860 915 914 
f 860 862 916 915 
f 862 864 917 916 
f 864 866 918 917 
f 866 868 919 918 
f 868 870 920 919 
f 870 872 921 920 
f 872 874 922 921 
f 874 876 923 922 
f 876 856 913 923 
s 1
f 924 925 926 927 
f 925 928 929 926 
f 928 930 931 929 
f 930 932 933 931 
f 932 934 935 933 
f 934 936 937 935 
f 936 938 939 937 
f 938 940 941 939 
f 940 942 943 941 
f 942 944 945 943 
f 944 946 947 945 
f 946 924 927 947 
f 925 924 948 949 
f 928 925 949 950 
f 930 928 950 951 
f 932 930 951 952 
f 934 932 952 953 
f 936 934 953 954 
f 938 936 954 955 
f 940 938 955 956 
f 942 940 956 957 
f 944 942 957 958 
f 946 944 958 959 
f 924 946 959 948 
f 949 948 960 961 
f 950 949 961 962 
f 951 950 962 963 
f 952 951 963 964 
f 953 952 964 965 
f 954 953 965 966 
f 955 954 966 967 
f 956 955 967 968 
f 957 956 968 969 
f 958 957 969 
f 959 958 970 
f 948 959 970 960 
f 960 971 972 961 
f 961 972 973 962 
f 962 973 974 963 
f 963 974 975 964 
f 964 975 976 965 
f 965 976 977 966 
f 966 977 978 967 
f 967 978 979 968 
f 968 979 980 969 
f 969 980 981 958 
f 958 981 982 970 
f 970 982 971 960 
s 2
f 927 926 983 984 
f 926 929 985 983 
f 929 931 986 985 
f 931 933 987 986 
f 933 935 988 987 
f 935 937 989 988 
f 937 939 990 989 
f 939 941 991 990 
f 941 943 992 991 
f 943 945 993 992 
f 945 947 994 993 
f 947 927 984 994 
s 1
f 995 996 997 998 
f 996 999 1000 997 
f 999 1001 1002 1000 
f 1001 1003 1004 1002 
f 1003 1005 1006 1004 
f 1005 1007 1008 1006 
f 1007 1009 1010 1008 
f 1009 1011 1012 1010 
f 1011 1013 1014 1012 
f 1013 1015 1016 1014 
f 1015 1017 1018 1016 
f 1017 995 998 1018 
f 996 995 1019 1020 
f 999 996 1020 1021 
f 1001 999 1021 1022 
f 1003 1001 1022 1023 
f 1005 1003 1023 1024 
f 1007 1005 1024 1025 
f 1009 1007 1025 1026 
f 1011 1009 1026 1027 
f 1013 1011 1027 1028 
f 1015 1013 1028 1029 
f 1017 1015 1029 1030 
f 995 1017 1030 1019 
f 1020 1019 1031 1032 
f 1021 1020 1032 1033 
f 1022 1021 1033 1034 
f 1023 1022 1034 1035 
f 1024 1023 1035 1036 
f 1025 1024 1036 1037 
f 1026 1025 1037 1038 
f 1027 1026 1038 1039 
f 1028 1027 1039 1040 
f 1029 1028 1040 
f 1030 1029 1041 
f 1019 1030 1041 1031 
f 1031 1042 1043 1032 
f 1032 1043 1044 1033 
f 1033 1044 1045 1034 
f 1034 1045 1046 1035 
f 1035 1046 1047 1036 
f 1036 1047 1048 1037 
f 1037 1048 1049 1038 
f 1038 1049 1050 1039 
f 1039 1050 1051 1040 
f 1040 1051 1052 1029 
f 1029 1052 1053 1041 
f 1041 1053 1042 1031 
s 2
f 998 997 1054 1055 
f 997 1000 1056 1054 
f 1000 1002 1057 1056 
f 1002 1004 1058 1057 
f 1004 1006 1059 1058 
f 1006 1008 1060 1059 
f 1008 1010 1061 1060 
f 1010 1012 1062 1061 
f 1012 1014 1063 1062 
f 1014 1016 1064 1063 
f 1016 1018 1065 1064 
f 1018 998 1055 1065 
s 1
f 1066 1067 1068 1069 
f 1067 1070 1071 1068 
f 1070 1072 1073 1071 
f 1072 1074 1075 1073 
f 1074 1076 1077 1075 
f 1076 1078 1079 1077 
f 1078 1080 1081 1079 
f 1080 1082 1083 1081 
f 1082 1084 1085 1083 
f 1084 1086 1087 1085 
f 1086 1088 1089 1087 
f 1088 1066 1069 1089 
f 1067 1066 1090 1091 
f 1070 1067 1091 1092 
f 1072 1070 1092 1093 
f 1074 1072 1093 1094 
f 1076 1074 1094 1095 
f 1078 1076 1095 1096 
f 1080 1078 1096 1097 
f 1082 1080 1097 1098 
f 1084 1082 1098 1099 
f 1086 1084 1099 1100 
f 1088 1086 1100 1101 
f 1066 1088 1101 1090 
f 1091 1090 1102 1103 
f 1092 1091 1103 1104 
f 1093 1092 1104 1105 
f 1094 1093 1105 1106 
f 1095 1094 1106 1107 
f 1096 1095 1107 1108 
f 1097 1096 1108 1109 
f 1098 1097 1109 1110 
f 1099 1098 1110 1111 
f 1100 1099 1111 
f 1101 1100 1112 
f 1090 1101 1112 1102 
f 1102 1113 1114 1103 
f 1103 1114 1115 1104 
f 1104 1115 1116 1105 
f 1105 1116 1117 1106 
f 1106 1117 1118 1107 
f 1107 1118 1119 1108 
f 1108 1119 1120 1109 
f 1109 1120 1121 1110 
f 1110 1121 1122 1111 
f 1111 1122 1123 1100 
f 1100 1123 1124 1112 
f 1112 1124 1113 1102 
s 2
f 1069 1068 1125 1126 
f 1068 1071 1127 1125 
f 1071 1073 1128 1127 
f 1073 1075 1129 1128 
f 1075 1077 1130 1129 
f 1077 1079 1131 1130 
f 1079 1081 1132 1131 
f 1081 1083 1133 1132 
f 1083 1085 1134 1133 
f 1085 1087 1135 1134 
f 1087 1089 1136 1135 
f 1089 1069 1126 1136 
s 1
f 1137 1138 1139 1140 
f 1138 1141 1142 1139 
f 1141 1143 1144 1142 
f 1143 1145 1146 1144 
f 1145 1147 1148 1146 
f 1147 1149 1150 1148 
f 1149 1151 1152 1150 
f 1151 1153 1154 1152 
f 1153 1155 1156 1154 
f 1155 1157 1158 1156 
f 1157 1159 1160 1158 
f 1159 1137 1140 1160 
f 1138 1137 1161 1162 
f 1141 1138 1162 1163 
f 1143 1141 1163 1164 
f 1145 1143 1164 1165 
f 1147 1145 1165 1166 
f 1149 1147 1166 1167 
f 1151 1149 1167 1168 
f 1153 1151 1168 1169 
f 1155 1153 1169 1170 
f 1157 1155 1170 1171 
f 1159 1157 1171 1172 
f 1137 1159 1172 1161 
f 1162 1161 1173 1174 
f 1163 1162 1174 1175 
f 1164 1163 1175 1176 
f 1165 1164 1176 1177 
f 1166 1165 1177 1178 
f 1167 1166 1178 1179 
f 1168 1167 1179 1180 
f 1169 1168 1180 1181 
f 1170 1169 1181 1182 
f 1171 1170 1182 
f 1172 1171 1183 
f 1161 1172 1183 1173 
f 1173 1184 1185 1174 
f 1174 1185 1186 1175 
f 1175 1186 1187 1176 
f 1176 1187 1188 1177 
f 1177 1188 1189 1178 
f 1178 1189 1190 1179 
f 1179 1190 1191 1180 
f 1180 1191 1192 1181 
f 1181 1192 1193 1182 
f 1182 1193 1194 1171 
f 1171 1194 1195 1183 
f 1183 1195 1184 1173 
s 2
f 1140 1139 1196 1197 
f 1139 1142 1198 1196 
f 1142 1144 1199 1198 
f 1144 1146 1200 1199 
f 1146 1148 1201 1200 
f 1148 1150 1202 1201 
f 1150 1152 1203 1202 
f 1152 1154 1204 1203 
f 1154 1156 1205 1204 
f 1156 1158 1206 1205 
f 1158 1160 1207 1206 
f 1160 1140 1197 1207 
s 1
f 1208 1209 1210 1211 
f 1209 1212 1213 1210 
f 1212 1214 1215 1213 
f 1214 1216 1217 1215 
f 1216 1218 1219 1217 
f 1218 1220 1221 1219 
f 1220 1222 1223 1221 
f 1222 1224 1225 1223 
f 1224 1226 1227 1225 
f 1226 1228 1229 1227 
f 1228 1230 1231 1229 
f 1230 1208 1211 1231 
f 1209 1208 1232 1233 
f 1212 1209 1233 1234 
f 1214 1212 1234 1235 
f 1216 1214 1235 1236 
f 1218 1216 1236 1237 
f 1220 1218 1237 1238 
f 1222 1220 1238 1239 
f 1224 1222 1239 1240 
f 1226 1224 1240 1241 
f 1228 1226 1241 1242 
f 1230 1228 1242 1243 
f 1208 1230 1243 1232 
f 1233 1232 1244 1245 
f 1234 1233 1245 1246 
f 1235 1234 1246 1247 
f 1236 1235 1247 1248 
f 1237 1236 1248 1249 
f 1238 1237 1249 1250 
f 1239 1238 1250 1251 
f 1240 1239 1251 1252 
f 1241 1240 1252 1253 
f 1242 1241 1253 
f 1243 1242 1254 
f 1232 1243 1254 1244 
f 1244 1255 1256 1245 
f 1245 1256 1257 1246 
f 1246 1257 1258 1247 
f 1247 1258 1259 1248 
f 1248 1259 1260 1249 
f 1249 1260 1261 1250 
f 1250 1261 1262 1251 
f 1251 1262 1263 1252 
f 1252 1263 1264 1253 
f 1253 1264 1265 1242 
f 1242 1265 1266 1254 
f 1254 1266 1255 1244 
s 2
f 1211 1210 1267 1268 
f 1210 1213 1269 1267 
f 1213 1215 1270 1269 
f 1215 1217 1271 1270 
f 1217 1219 1272 1271 
f 1219 1221 1273 1272 
f 1221 1223 1274 1273 
f 1223 1225 1275 1274 
f 1225 1227 1276 1275 
f 1227 1229 1277 1276 
f 1229 1231 1278 1277 
f 1231 1211 1268 1278 
s 1
f 1279 1280 1281 1282 
f 1280 1283 1284 1281 
f 1283 1285 1286 1284 
f 1285 1287 1288 1286 
f 1287 1289 1290 1288 
f 1289 1291 1292 1290 
f 1291 1293 1294 1292 
f 1293 1295 1296 1294 
f 1295 1297 1298 1296 
f 1297 1299 1300 1298 
f 1299 1301 1302 1300 
f 1301 1279 1282 1302 
f 1280 1279 1303 1304 
f 1283 1280 1304 1305 
f 1285 1283 1305 1306 
f 1287 1285 1306 1307 
f 1289 1287 1307 1308 
f 1291 1289 1308 1309 
f 1293 1291 1309 1310 
f 1295 1293 1310 1311 
f 1297 1295 1311 1312 
f 1299 1297 1312 1313 
f 1301 1299 1313 1314 
f 1279 1301 1314 1303 
f 1304 1303 1315 1316 
f 1305 1304 1316 1317 
f 1306 1305 1317 1318 
f 1307 1306 1318 1319 
f 1308 1307 1319 1320 
f 1309 1308 1320 1321 
f 1310 1309 1321 1322 
f 1311 1310 1322 1323 
f 1312 1311 1323 1324 
f 1313 1312 1324 
f 1314 1313 1325 
f 1303 1314 1325 1315 
f 1315 1326 1327 1316 
f 1316 1327 1328 1317 
f 1317 1328 1329 1318 
f 1318 1329 1330 1319 
f 1319 1330 1331 1320 
f 1320 1331 1332 1321 
f 1321 1332 1333 1322 
f 1322 1333 1334 1323 
f 1323 1334 1335 1324 
f 1324 1335 1336 1313 
f 1313 1336 1337 1325 
f 1325 1337 1326 1315 
s 2
f 1282 1281 1338 1339 
f 1281 1284 1340 1338 
f 1284 1286 1341 1340 
f 1286 1288 1342 1341 
f 1288 1290 1343 1342 
f 1290 1292 1344 1343 
f 1292 1294 1345 1344 
f 1294 1296 1346 1345 
f 1296 1298 1347 1346 
f 1298 1300 1348 1347 
f 1300 1302 1349 1348 
f 1302 1282 1339 1349 
s 1
f 1350 1351 1352 1353 
f 1351 1354 1355 1352 
f 1354 1356 1357 1355 
f 1356 1358 1359 1357 
f 1358 1360 1361 1359 
f 1360 1362 1363 1361 
f 1362 1364 1365 1363 
f 1364 1366 1367 1365 
f 1366 1368 1369 1367 
f 1368 1370 1371 1369 
f 1370 1372 1373 1371 
f 1372 1350 1353 1373 
f 1351 1350 1374 1375 
f 1354 1351 1375 1376 
f 1356 1354 1376 1377 
f 1358 1356 1377 1378 
f 1360 1358 1378 1379 
f 1362 1360 1379 1380 
f 1364 1362 1380 1381 
f 1366 1364 1381 1382 
f 1368 1366 1382 1383 
f 1370 1368 1383 1384 
f 1372 1370 1384 1385 
f 1350 1372 1385 1374 
f 1375 1374 1386 1387 
f 1376 1375 1387 1388 
f 1377 1376 1388 1389 
f 1378 1377 1389 1390 
f 1379 1378 1390 1391 
f 1380 1379 1391 1392 
f 1381 1380 1392 1393 
f 1382 1381 1393 1394 
f 1383 1382 1394 1395 
f 1384 1383 1395 
f 1385 1384 1396 
f 1374 1385 1396 1386 
f 1386 1397 1398 1387 
f 1387 1398 1399 1388 
f 1388 1399 1400 1389 
f 1389 1400 1401 1390 
f 1390 1401 1402 1391 
f 1391 1402 1403 1392 
f 1392 1403 1404 1393 
f 1393 1404 1405 1394 
f 1394 1405 1406 1395 
f 1395 1406 1407 1384 
f 1384 1407 1408 1396 
f 1396 1408 1397 1386 
s 2
f 1353 1352 1409 1410 
f 1352 1355 1411 1409 
f 1355 1357 1412 1411 
f 1357 1359 1413 1412 
f 1359 1361 1414 1413 
f 1361 1363 1415 1414 
f 1363 1365 1416 1415 
f 1365 1367 1417 1416 
f 1367 1369 1418 1417 
f 1369 1371 1419 1418 
f 1371 1373 1420 1419 
f 1373 1353 1410 1420 
s 1
f 1421 1422 1423 1424 
f 1422 1425 1426 1423 
f 1425 1427 1428 1426 
f 1427 1429 1430 1428 
f 1429 1431 1432 1430 
f 1431 1433 1434 1432 
f 1433 1435 1436 1434 
f 1435 1437 1438 1436 
f 1437 1439 1440 1438 
f 1439 1441 1442 1440 
f 1441 1443 1444 1442 
f 1443 1421 1424 1444 
f 1422 1421 1445 1446 
f 1425 1422 1446 1447 
f 1427 1425 1447 1448 
f 1429 1427 1448 1449 
f 1431 1429 1449 1450 
f 1433 1431 1450 1451 
f 1435 1433 1451 1452 
f 1437 1435 1452 1453 
f 1439 1437 1453 1454 
f 1441 1439 1454 1455 
f 1443 1441 1455 1456 
f 1421 1443 1456 1445 
f 1446 1445 1457 1458 
f 1447 1446 1458 1459 
f 1448 1447 1459 1460 
f 1449 1448 1460 1461 
f 1450 1449 1461 1462 
f 1451 1450 1462 1463 
f 1452 1451 1463 1464 
f 1453 1452 1464 1465 
f 1454 1453 1465 1466 
f 1455 1454 1466 
f 1456 1455 1467 
f 1445 1456 1467 1457 
f 1457 1468 1469 1458 
f 1458 1469 1470 1459 
f 1459 1470 1471 1460 
f 1460 1471 1472 1461 
f 1461 1472 1473 1462 
f 1462 1473 1474 1463 
f 1463 1474 1475 1464 
f 1464 1475 1476 1465 
f 1465 1476 1477 1466 
f 1466 1477 1478 1455 
f 1455 1478 1479 1467 
f 1467 1479 1468 1457 
s 2
f 1424 1423 1480 1481 
f 1423 1426 1482 1480 
f 1426 1428 1483 1482 
f 1428 1430 1484 1483 
f 1430 1432 1485 1484 
f 1432 1434 1486 1485 
f 1434 1436 1487 1486 
f 1436 1438 1488 1487 
f 1438 1440 1489 1488 
f 1440 1442 1490 1489 
f 1442 1444 1491 1490 
f 1444 1424 1481 1491 
s 1
f 1492 1493 1494 1495 
f 1493 1496 1497 1494 
f 1496 1498 1499 1497 
f 1498 1500 1501 1499 
f 1500 1502 1503 1501 
f 1502 1504 1505 1503 
f 1504 1506 1507 1505 
f 1506 1508 1509 1507 
f 1508 1510 1511 1509 
f 1510 1512 1513 1511 
f 1512 1514 1515 1513 
f 1514 1492 1495 1515 
f 1493 1492 1516 1517 
f 1496 1493 1517 1518 
f 1498 1496 1518 1519 
f 1500 1498 1519 1520 
f 1502 1500 1520 1521 
f 1504 1502 1521 1522 
f 1506 1504 1522 1523 
f 1508 1506 1523 1524 
f 1510 1508 1524 1525 
f 1512 1510 1525 1526 
f 1514 1512 1526 1527 
f 1492 1514 1527 1516 
f 1517 1516 1528 1529 
f 1518 1517 1529 1530 
f 1519 1518 1530 1531 
f 1520 1519 1531 1532 
f 1521 1520 1532 1533 
f 1522 1521 1533 1534 
f 1523 1522 1534 1535 
f 1524 1523 1535 1536 
f 1525 1524 1536 1537 
f 1526 1525 1537 
f 1527 1526 1538 
f 1516 1527 1538 1528 
f 1528 1539 1540 1529 
f 1529 1540 1541 1530 
f 1530 1541 1542 1531 
f 1531 1542 1543 1532 
f 1532 1543 1544 1533 
f 1533 1544 1545 1534 
f 1534 1545 1546 1535 
f 1535 1546 1547 1536 
f 1536 1547 1548 1537 
f 1537 1548 1549 1526 
f 1526 1549 1550 1538 
f 1538 1550 1539 1528 
s 2
f 1495 1494 1551 1552 
f 1494 1497 1553 1551 
f 1497 1499 1554 1553 
f 1499 1501 1555 1554 
f 1501 1503 1556 1555 
f 1503 1505 1557 1556 
f 1505 1507 1558 1557 
f 1507 1509 1559 1558 
f 1509 1511 1560 1559 
f 1511 1513 1561 1560 
f 1513 1515 1562 1561 
f 1515 1495 1552 1562 
s 1
f 1563 1564 1565 1566 
f 1564 1567 1568 1565 
f 1567 1569 1570 1568 
f 1569 1571 1572 1570 
f 1571 1573 1574 1572 
f 1573 1575 1576 1574 
f 1575 1577 1578 1576 
f 1577 1579 1580 1578 
f 1579 1581 1582 1580 
f 1581 1583 1584 1582 
f 1583 1585 1586 1584 
f 1585 1563 1566 1586 
f 1564 1563 1587 1588 
f 1567 1564 1588 1589 
f 1569 1567 1589 1590 
f 1571 1569 1590 1591 
f 1573 1571 1591 1592 
f 1575 1573 1592 1593 
f 1577 1575 1593 1594 
f 1579 1577 1594 1595 
f 1581 1579 1595 1596 
f 1583 1581 1596 1597 
f 1585 1583 1597 1598 
f 1563 1585 1598 1587 
f 1588 1587 1599 1600 
f 1589 1588 1600 1601 
f 1590 1589 1601 1602 
f 1591 1590 1602 1603 
f 1592 1591 1603 1604 
f 1593 1592 1604 1605 
f 1594 1593 1605 1606 
f 1595 1594 1606 1607 
f 1596 1595 1607 1608 
f 1597 1596 1608 
f 1598 1597 1609 
f 1587 1598 1609 1599 
f 1599 1610 1611 1600 
f 1600 1611 1612 1601 
f 1601 1612 1613 1602 
f 1602 1613 1614 1603 
f 1603 1614 1615 1604 
f 1604 1615 1616 1605 
f 1605 1616 1617 1606 
f 1606 1617 1618 1607 
f 1607 1618 1619 1608 
f 1608 1619 1620 1597 
f 1597 1620 1621 1609 
f 1609 1621 1610 1599 
s 2
f 1566 1565 1622 1623 
f 1565 1568 1624 1622 
f 1568 1570 1625 1624 
f 1570 1572 1626 1625 
f 1572 1574 1627 1626 
f 1574 1576 1628 1627 
f 1576 1578 1629 1628 
f 1578 1580 1630 1629 
f 1580 1582 1631 1630 
f 1582 1584 1632 1631 
f 1584 1586 1633 1632 
f 1586 1566 1623 1633 
s 1
f 1634 1635 1636 1637 
f 1635 1638 1639 1636 
f 1638 1640 1641 1639 
f 1640 1642 1643 1641 
f 1642 1644 1645 1643 
f 1644 1646 1647 1645 
f 1646 1648 1649 1647 
f 1648 1650 1651 1649 
f 1650 1652 1653 1651 
f 1652 1654 1655 1653 
f 1654 1656 1657 1655 
f 1656 1634 1637 1657 
f 1635 1634 1658 1659 
f 1638 1635 1659 1660 
f 1640 1638 1660 1661 
f 1642 1640 1661 1662 
f 1644 1642 1662 1663 
f 1646 1644 1663 1664 
f 1648 1646 1664 1665 
f 1650 1648 1665 1666 
f 1652 1650 1666 1667 
f 1654 1652 1667 1668 
f 1656 1654 1668 1669 
f 1634 1656 1669 1658 
f 1659 1658 1670 1671 
f 1660 1659 1671 1672 
f 1661 1660 1672 1673 
f 1662 1661 1673 1674 
f 1663 1662 1674 1675 
f 1664 1663 1675 1676 
f 1665 1664 1676 1677 
f 1666 1665 1677 1678 
f 1667 1666 1678 1679 
f 1668 1667 1679 
f 1669 1668 1680 
f 1658 1669 1680 1670 
f 1670 1681 1682 1671 
f 1671 1682 1683 1672 
f 1672 1683 1684 1673 
f 1673 1684 1685 1674 
f 1674 1685 1686 1675 
f 1675 1686 1687 1676 
f 1676 1687 1688 1677 
f 1677 1688 1689 1678 
f 1678 1689 1690 1679 
f 1679 1690 1691 1668 
f 1668 1691 1692 1680 
f 1680 1692 1681 1670 
s 2
f 1637 1636 1693 1694 
f 1636 1639 1695 1693 
f 1639 1641 1696 1695 
f 1641 1643 1697 1696 
f 1643 1645 1698 1697 
f 1645 1647 1699 1698 
f 1647 1649 1700 1699 
f 1649 1651 1701 1700 
f 1651 1653 1702 1701 
f 1653 1655 1703 1702 
f 1655 1657 1704 1703 
f 1657 1637 1694 1704 
s 1
f 1705 1706 1707 1708 
f 1706 1709 1710 1707 
f 1709 1711 1712 1710 
f 1711 1713 1714 1712 
f 1713 1715 1716 1714 
f 1715 1717 1718 1716 
f 1717 1719 1720 1718 
f 1719 1721 1722 1720 
f 1721 1723 1724 1722 
f 1723 1725 1726 1724 
f 1725 1727 1728 1726 
f 1727 1705 1708 1728 
f 1706 1705 1729 1730 
f 1709 1706 1730 1731 
f 1711 1709 1731 1732 
f 1713 1711 1732 1733 
f 1715 1713 1733 1734 
f 1717 1715 1734 1735 
f 1719 1717 1735 1736 
f 1721 1719 1736 1737 
f 1723 1721 1737 1738 
f 1725 1723 1738 1739 
f 1727 1725 1739 1740 
f 1705 1727 1740 1729 
f 1730 1729 1741 1742 
f 1731 1730 1742 1743 
f 1732 1731 1743 1744 
f 1733 1732 1744 1745 
f 1734 1733 1745 1746 
f 1735 1734 1746 1747 
f 1736 1735 1747 1748 
f 1737 1736 1748 1749 
f 1738 1737 1749 1750 
f 1739 1738 1750 
f 1740 1739 1751 
f 1729 1740 1751 1741 
f 1741 1752 1753 1742 
f 1742 1753 1754 1743 
f 1743 1754 1755 1744 
f 1744 1755 1756 1745 
f 1745 1756 1757 1746 
f 1746 1757 1758 1747 
f 1747 1758 1759 1748 
f 1748 1759 1760 1749 
f 1749 1760 1761 1750 
f 1750 1761 1762 1739 
f 1739 1762 1763 1751 
f 1751 1763 1752 1741 
s 2
f 1708 1707 1764 1765 
f 1707 1710 1766 1764 
f 1710 1712 1767 1766 
f 1712 1714 1768 1767 
f 1714 1716 1769 1768 
f 1716 1718 1770 1769 
f 1718 1720 1771 1770 
f 1720 1722 1772 1771 
f 1722 1724 1773 1772 
f 1724 1726 1774 1773 
f 1726 1728 1775 1774 
f 1728 1708 1765 1775 
s 1
f 1776 1777 1778 1779 
f 1777 1780 1781 1778 
f 1780 1782 1783 1781 
f 1782 1784 1785 1783 
f 1784 1786 1787 1785 
f 1786 1788 1789 1787 
f 1788 1790 1791 1789 
f 1790 1792 1793 1791 
f 1792 1794 1795 1793 
f 1794 1796 1797 1795 
f 1796 1798 1799 1797 
f 1798 1776 1779 1799 
f 1777 1776 1800 1801 
f 1780 1777 1801 1802 
f 1782 1780 1802 1803 
f 1784 1782 1803 1804 
f 1786 1784 1804 1805 
f 1788 1786 1805 1806 
f 1790 1788 1806 1807 
f 1792 1790 1807 1808 
f 1794 1792 1808 1809 
f 1796 1794 1809 1810 
f 1798 1796 1810 1811 
f 1776 1798 1811 1800 
f 1801 1800 1812 1813 
f 1802 1801 1813 1814 
f 1803 1802 1814 1815 
f 1804 1803 1815 1816 
f 1805 1804 1816 1817 
f 1806 1805 1817 1818 
f 1807 1806 1818 1819 
f 1808 1807 1819 1820 
f 1809 1808 1820 1821 
f 1810 1809 1821 
f 1811 1810 1822 
f 1800 1811 1822 1812 
f 1812 1823 1824 1813 
f 1813 1824 1825 1814 
f 1814 1825 1826 1815 
f 1815 1826 1827 1816 
f 1816 1827 1828 1817 
f 1817 1828 1829 1818 
f 1818 1829 1830 1819 
f 1819 1830 1831 1820 
f 1820 1831 1832 1821 
f 1821 1832 1833 1810 
f 1810 1833 1834 1822 
f 1822 1834 1823 1812 
s 2
f 1779 1778 1835 1836 
f 1778 1781 1837 1835 
f 1781 1783 1838 1837 
f 1783 1785 1839 1838 
f 1785 1787 1840 1839 
f 1787 1789 1841 1840 
f 1789 1791 1842 1841 
f 1791 1793 1843 1842 
f 1793 1795 1844 1843 
f 1795 1797 1845 1844 
f 1797 1799 1846 1845 
f 1799 1779 1836 1846 
s 1
f 1847 1848 1849 1850 
f 1848 1851 1852 1849 
f 1851 1853 1854 1852 
f 1853 1855 1856 1854 
f 1855 1857 1858 1856 
f 1857 1859 1860 1858 
f 1859 1861 1862 1860 
f 1861 1863 1864 1862 
f 1863 1865 1866 1864 
f 1865 1867 1868 1866 
f 1867 1869 1870 1868 
f 1869 1847 1850 1870 
f 1848 1847 1871 1872 
f 1851 1848 1872 1873 
f 1853 1851 1873 1874 
f 1855 1853 1874 1875 
f 1857 1855 1875 1876 
f 1859 1857 1876 1877 
f 1861 1859 1877 1878 
f 1863 1861 1878 1879 
f 1865 1863 1879 1880 
f 1867 1865 1880 1881 
f 1869 1867 1881 1882 
f 1847 1869 1882 1871 
f 1872 1871 1883 1884 
f 1873 1872 1884 1885 
f 1874 1873 1885 1886 
f 1875 1874 1886 1887 
f 1876 1875 1887 1888 
f 1877 1876 1888 1889 
f 1878 1877 1889 1890 
f 1879 1878 1890 1891 
f 1880 1879 1891 1892 
f 1881 1880 1892 
f 1882 1881 1893 
f 1871 1882 1893 1883 
f 1883 1894 1895 1884 
f 1884 1895 1896 1885 
f 1885 1896 1897 1886 
f 1886 1897 1898 1887 
f 1887 1898 1899 1888 
f 1888 1899 1900 1889 
f 1889 1900 1901 1890 
f 1890 1901 1902 1891 
f 1891 1902 1903 1892 
f 1892 1903 1904 1881 
f 1881 1904 1905 1893 
f 1893 1905 1894 1883 
s 2
f 1850 1849 1906 1907 
f 1849 1852 1908 1906 
f 1852 1854 1909 1908 
f 1854 1856 1910 1909 
f 1856 1858 1911 1910 
f 1858 1860 1912 1911 
f 1860 1862 1913 1912 
f 1862 1864 1914 1913 
f 1864 1866 1915 1914 
f 1866 1868 1916 1915 
f 1868 1870 1917 1916 
f 1870 1850 1907 1917 
s 1
f 1918 1919 1920 1921 
f 1919 1922 1923 1920 
f 1922 1924 1925 1923 
f 1924 1926 1927 1925 
f 1926 1928 1929 1927 
f 1928 1930 1931 1929 
f 1930 1932 1933 1931 
f 1932 1934 1935 1933 
f 1934 1936 1937 1935 
f 1936 1938 1939 1937 
f 1938 1940 1941 1939 
f 1940 1918 1921 1941 
f 1919 1918 1942 1943 
f 1922 1919 1943 1944 
f 1924 1922 1944 1945 
f 1926 1924 1945 1946 
f 1928 1926 1946 1947 
f 1930 1928 1947 1948 
f 1932 1930 1948 1949 
f 1934 1932 1949 1950 
f 1936 1934 1950 1951 
f 1938 1936 1951 1952 
f 1940 1938 1952 1953 
f 1918 1940 1953 1942 
f 1943 1942 1954 1955 
f 1944 1943 1955 1956 
f 1945 1944 1956 1957 
f 1946 1945 1957 1958 
f 1947 1946 1958 1959 
f 1948 1947 1959 1960 
f 1949 1948 1960 1961 
f 1950 1949 1961 1962 
f 1951 1950 1962 1963 
f 1952 1951 1963 
f 1953 1952 1964 
f 1942 1953 1964 1954 
f 1954 1965 1966 1955 
f 1955 1966 1967 1956 
f 1956 1967 1968 1957 
f 1957 1968 1969 1958 
f 1958 1969 1970 1959 
f 1959 1970 1971 1960 
f 1960 1971 1972 1961 
f 1961 1972 1973 1962 
f 1962 1973 1974 1963 
f 1963 1974 1975 1952 
f 1952 1975 1976 1964 
f 1964 1976 1965 1954 
s 2
f 1921 1920 1977 1978 
f 1920 1923 1979 1977 
f 1923 1925 1980 1979 
f 1925 1927 1981 1980 
f 1927 1929 1982 1981 
f 1929 1931 1983 1982 
f 1931 1933 1984 1983 
f 1933 1935 1985 1984 
f 1935 1937 1986 1985 
f 1937 1939 1987 1986 
f 1939 1941 1988 1987 
f 1941 1921 1978 1988 
s 1
f 1989 1990 1991 1992 
f 1990 1993 1994 1991 
f 1993 1995 1996 1994 
f 1995 1997 1998 1996 
f 1997 1999 2000 1998 
f 1999 2001 2002 2000 
f 2001 2003 2004 2002 
f 2003 2005 2006 2004 
f 2005 2007 2008 2006 
f 2007 2009 2010 2008 
f 2009 2011 2012 2010 
f 2011 1989 1992 2012 
f 1990 1989 2048 2049 
f 1993 1990 2049 2050 
f 1995 1993 2050 2051 
f 1997 1995 2051 2052 
f 1999 1997 2052 2053 
f 2001 1999 2053 2054 
f 2003 2001 2054 2055 
f 2005 2003 2055 2056 
f 2007 2005 2056 2057 
f 2009 2007 2057 2058 
f 2011 2009 2058 2059 
f 1989 2011 2059 2048 
f 2049 2048 2013 2014 
f 2050 2049 2014 2015 
f 2051 2050 2015 2016 
f 2052 2051 2016 2017 
f 2053 2052 2017 2018 
f 2054 2053 2018 2019 
f 2055 2054 2019 2020 
f 2056 2055 2020 2021 
f 2057 2056 2021 2022 
f 2058 2057 2022 
f 2059 2058 2023 
f 2048 2059 2023 2013 
f 2013 2036 2037 2014 
f 2014 2037 2038 2015 
f 2015 2038 2039 2016 
f 2016 2039 2040 2017 
f 2017 2040 2041 2018 
f 2018 2041 2042 2019 
f 2019 2042 2043 2020 
f 2020 2043 2044 2021 
f 2021 2044 2045 2022 
f 2022 2045 2046 2058 
f 2058 2046 2047 2023 
f 2023 2047 2036 2013 
s 2
f 1992 1991 2024 2025 
f 1991 1994 2026 2024 
f 1994 1996 2027 2026 
f 1996 1998 2028 2027 
f 1998 2000 2029 2028 
f 2000 2002 2030 2029 
f 2002 2004 2031 2030 
f 2004 2006 2032 2031 
f 2006 2008 2033 2032 
f 2008 2010 2034 2033 
f 2010 2012 2035 2034 
f 2012 1992 2025 2035 
s 1
f 2060 2061 2062 2063 
f 2061 2064 2065 2062 
f 2064 2066 2067 2065 
f 2066 2068 2069 2067 
f 2068 2070 2071 2069 
f 2070 2072 2073 2071 
f 2072 2074 2075 2073 
f 2074 2076 2077 2075 
f 2076 2078 2079 2077 
f 2078 2080 2081 2079 
f 2080 2082 2083 2081 
f 2082 2060 2063 2083 
f 2061 2060 2084 2085 
f 2064 2061 2085 2086 
f 2066 2064 2086 2087 
f 2068 2066 2087 2088 
f 2070 2068 2088 2089 
f 2072 2070 2089 2090 
f 2074 2072 2090 2091 
f 2076 2074 2091 2092 
f 2078 2076 2092 2093 
f 2080 2078 2093 2094 
f 2082 2080 2094 2095 
f 2060 2082 2095 2084 
f 2085 2084 2096 2097 
f 2086 2085 2097 2098 
f 2087 2086 2098 2099 
f 2088 2087 2099 2100 
f 2089 2088 2100 2101 
f 2090 2089 2101 2102 
f 2091 2090 2102 2103 
f 2092 2091 2103 2104 
f 2093 2092 2104 2105 
f 2094 2093 2105 
f 2095 2094 2106 
f 2084 2095 2106 2096 
f 2096 2107 2108 2097 
f 2097 2108 2109 2098 
f 2098 2109 2110 2099 
f 2099 2110 2111 2100 
f 2100 2111 2112 2101 
f 2101 2112 2113 2102 
f 2102 2113 2114 2103 
f 2103 2114 2115 2104 
f 2104 2115 2116 2105 
f 2105 2116 2117 2094 
f 2094 2117 2118 2106 
f 2106 2118 2107 2096 
s 2
f 2063 2062 2119 2120 
f 2062 2065 2121 2119 
f 2065 2067 2122 2121 
f 2067 2069 2123 2122 
f 2069 2071 2124 2123 
f 2071 2073 2125 2124 
f 2073 2075 2126 2125 
f 2075 2077 2127 2126 
f 2077 2079 2128 2127 
f 2079 2081 2129 2128 
f 2081 2083 2130 2129 
f 2083 2063 2120 2130 
s 1
f 2131 2132 2133 2134 
f 2132 2135 2136 2133 
f 2135 2137 2138 2136 
f 2137 2139 2140 2138 
f 2139 2141 2142 2140 
f 2141 2143 2144 2142 
f 2143 2145 2146 2144 
f 2145 2147 2148 2146 
f 2147 2149 2150 2148 
f 2149 2151 2152 2150 
f 2151 2153 2154 2152 
f 2153 2131 2134 2154 
f 2132 2131 2190 2191 
f 2135 2132 2191 2192 
f 2137 2135 2192 2193 
f 2139 2137 2193 2194 
f 2141 2139 2194 2195 
f 2143 2141 2195 2196 
f 2145 2143 2196 2197 
f 2147 2145 2197 2198 
f 2149 2147 2198 2199 
f 2151 2149 2199 2200 
f 2153 2151 2200 2201 
f 2131 2153 2201 2190 
f 2191 2190 2155 2156 
f 2192 2191 2156 2157 
f 2193 2192 2157 2158 
f 2194 2193 2158 2159 
f 2195 2194 2159 2160 
f 2196 2195 2160 2161 
f 2197 2196 2161 2162 
f 2198 2197 2162 2163 
f 2199 2198 2163 2164 
f 2200 2199 2164 
f 2201 2200 2165 
f 2190 2201 2165 2155 
f 2155 2178 2179 2156 
f 2156 2179 2180 2157 
f 2157 2180 2181 2158 
f 2158 2181 2182 2159 
f 2159 2182 2183 2160 
f 2160 2183 2184 2161 
f 2161 2184 2185 2162 
f 2162 2185 2186 2163 
f 2163 2186 2187 2164 
f 2164 2187 2188 2200 
f 2200 2188 2189 2165 
f 2165 2189 2178 2155 
s 2
f 2134 2133 2166 2167 
f 2133 2136 2168 2166 
f 2136 2138 2169 2168 
f 2138 2140 2170 2169 
f 2140 2142 2171 2170 
f 2142 2144 2172 2171 
f 2144 2146 2173 2172 
f 2146 2148 2174 2173 
f 2148 2150 2175 2174 
f 2150 2152 2176 2175 
f 2152 2154 2177 2176 
f 2154 2134 2167 2177 
s 1
f 2202 2203 2204 2205 
f 2203 2206 2207 2204 
f 2206 2208 2209 2207 
f 2208 2210 2211 2209 
f 2210 2212 2213 2211 
f 2212 2214 2215 2213 
f 2214 2216 2217 2215 
f 2216 2218 2219 2217 
f 2218 2220 2221 2219 
f 2220 2222 2223 2221 
f 2222 2224 2225 2223 
f 2224 2202 2205 2225 
f 2203 2202 2226 2227 
f 2206 2203 2227 2228 
f 2208 2206 2228 2229 
f 2210 2208 2229 2230 
f 2212 2210 2230 2231 
f 2214 2212 2231 2232 
f 2216 2214 2232 2233 
f 2218 2216 2233 2234 
f 2220 2218 2234 2235 
f 2222 2220 2235 2236 
f 2224 2222 2236 2237 
f 2202 2224 2237 2226 
f 2227 2226 2238 2239 
f 2228 2227 2239 2240 
f 2229 2228 2240 2241 
f 2230 2229 2241 2242 
f 2231 2230 2242 2243 
f 2232 2231 2243 2244 
f 2233 2232 2244 2245 
f 2234 2233 2245 2246 
f 2235 2234 2246 2247 
f 2236 2235 2247 
f 2237 2236 2248 
f 2226 2237 2248 2238 
f 2238 2249 2250 2239 
f 2239 2250 2251 2240 
f 2240 2251 2252 2241 
f 2241 2252 2253 2242 
f 2242 2253 2254 2243 
f 2243 2254 2255 2244 
f 2244 2255 2256 2245 
f 2245 2256 2257 2246 
f 2246 2257 2258 2247 
f 2247 2258 2259 2236 
f 2236 2259 2260 2248 
f 2248 2260 2249 2238 
s 2
f 2205 2204 2261 2262 
f 2204 2207 2263 2261 
f 2207 2209 2264 2263 
f 2209 2211 2265 2264 
f 2211 2213 2266 2265 
f 2213 2215 2267 2266 
f 2215 2217 2268 2267 
f 2217 2219 2269 2268 
f 2219 2221 2270 2269 
f 2221 2223 2271 2270 
f 2223 2225 2272 2271 
f 2225 2205 2262 2272 
s 1
f 2273 2274 2275 2276 
f 2274 2277 2278 2275 
f 2277 2279 2280 2278 
f 2279 2281 2282 2280 
f 2281 2283 2284 2282 
f 2283 2285 2286 2284 
f 2285 2287 2288 2286 
f 2287 2289 2290 2288 
f 2289 2291 2292 2290 
f 2291 2293 2294 2292 
f 2293 2295 2296 2294 
f 2295 2273 2276 2296 
f 2274 2273 2332 2333 
f 2277 2274 2333 2334 
f 2279 2277 2334 2335 
f 2281 2279 2335 2336 
f 2283 2281 2336 2337 
f 2285 2283 2337 2338 
f 2287 2285 2338 2339 
f 2289 2287 2339 2340 
f 2291 2289 2340 2341 
f 2293 2291 2341 2342 
f 2295 2293 2342 2343 
f 2273 2295 2343 2332 
f 2333 2332 2297 2298 
f 2334 2333 2298 2299 
f 2335 2334 2299 2300 
f 2336 2335 2300 2301 
f 2337 2336 2301 2302 
f 2338 2337 2302 2303 
f 2339 2338 2303 2304 
f 2340 2339 2304 2305 
f 2341 2340 2305 2306 
f 2342 2341 2306 
f 2343 2342 2307 
f 2332 2343 2307 2297 
f 2297 2320 2321 2298 
f 2298 2321 2322 2299 
f 2299 2322 2323 2300 
f 2300 2323 2324 2301 
f 2301 2324 2325 2302 
f 2302 2325 2326 2303 
f 2303 2326 2327 2304 
f 2304 2327 2328 2305 
f 2305 2328 2329 2306 
f 2306 2329 2330 2342 
f 2342 2330 2331 2307 
f 2307 2331 2320 2297 
s 2
f 2276 2275 2308 2309 
f 2275 2278 2310 2308 
f 2278 2280 2311 2310 
f 2280 2282 2312 2311 
f 2282 2284 2313 2312 
f 2284 2286 2314 2313 
f 2286 2288 2315 2314 
f 2288 2290 2316 2315 
f 2290 2292 2317 2316 
f 2292 2294 2318 2317 
f 2294 2296 2319 2318 
f 2296 2276 2309 2319 
s 1
f 2344 2345 2346 2347 
f 2345 2348 2349 2346 
f 2348 2350 2351 2349 
f 2350 2352 2353 2351 
f 2352 2354 2355 2353 
f 2354 2356 2357 2355 
f 2356 2358 2359 2357 
f 2358 2360 2361 2359 
f 2360 2362 2363 2361 
f 2362 2364 2365 2363 
f 2364 2366 2367 2365 
f 2366 2344 2347 2367 
f 2345 2344 2368 2369 
f 2348 2345 2369 2370 
f 2350 2348 2370 2371 
f 2352 2350 2371 2372 
f 2354 2352 2372 2373 
f 2356 2354 2373 2374 
f 2358 2356 2374 2375 
f 2360 2358 2375 2376 
f 2362 2360 2376 2377 
f 2364 2362 2377 2378 
f 2366 2364 2378 2379 
f 2344 2366 2379 2368 
f 2369 2368 2380 2381 
f 2370 2369 2381 2382 
f 2371 2370 2382 2383 
f 2372 2371 2383 2384 
f 2373 2372 2384 2385 
f 2374 2373 2385 2386 
f 2375 2374 2386 2387 
f 2376 2375 2387 2388 
f 2377 2376 2388 2389 
f 2378 2377 2389 
f 2379 2378 2390 
f 2368 2379 2390 2380 
f 2380 2391 2392 2381 
f 2381 2392 2393 2382 
f 2382 2393 2394 2383 
f 2383 2394 2395 2384 
f 2384 2395 2396 2385 
f 2385 2396 2397 2386 
f 2386 2397 2398 2387 
f 2387 2398 2399 2388 
f 2388 2399 2400 2389 
f 2389 2400 2401 2378 
f 2378 2401 2402 2390 
f 2390 2402 2391 2380 
s 2
f 2347 2346 2403 2404 
f 2346 2349 2405 2403 
f 2349 2351 2406 2405 
f 2351 2353 2407 2406 
f 2353 2355 2408 2407 
f 2355 2357 2409 2408 
f 2357 2359 2410 2409 
f 2359 2361 2411 2410 
f 2361 2363 2412 2411 
f 2363 2365 2413 2412 
f 2365 2367 2414 2413 
f 2367 2347 2404 2414 
s 1
f 2415 2416 2417 2418 
f 2416 2419 2420 2417 
f 2419 2421 2422 2420 
f 2421 2423 2424 2422 
f 2423 2425 2426 2424 
f 2425 2427 2428 2426 
f 2427 2429 2430 2428 
f 2429 2431 2432 2430 
f 2431 2433 2434 2432 
f 2433 2435 2436 2434 
f 2435 2437 2438 2436 
f 2437 2415 2418 2438 
f 2416 2415 2474 2475 
f 2419 2416 2475 2476 
f 2421 2419 2476 2477 
f 2423 2421 2477 2478 
f 2425 2423 2478 2479 
f 2427 2425 2479 2480 
f 2429 2427 2480 2481 
f 2431 2429 2481 2482 
f 2433 2431 2482 2483 
f 2435 2433 2483 2484 
f 2437 2435 2484 2485 
f 2415 2437 2485 2474 
f 2475 2474 2439 2440 
f 2476 2475 2440 2441 
f 2477 2476 2441 2442 
f 2478 2477 2442 2443 
f 2479 2478 2443 2444 
f 2480 2479 2444 2445 
f 2481 2480 2445 2446 
f 2482 2481 2446 2447 
f 2483 2482 2447 2448 
f 2484 2483 2448 
f 2485 2484 2449 
f 2474 2485 2449 2439 
f 2439 2462 2463 2440 
f 2440 2463 2464 2441 
f 2441 2464 2465 2442 
f 2442 2465 2466 2443 
f 2443 2466 2467 2444 
f 2444 2467 2468 2445 
f 2445 2468 2469 2446 
f 2446 2469 2470 2447 
f 2447 2470 2471 2448 
f 2448 2471 2472 2484 
f 2484 2472 2473 2449 
f 2449 2473 2462 2439 
s 2
f 2418 2417 2450 2451 
f 2417 2420 2452 2450 
f 2420 2422 2453 2452 
f 2422 2424 2454 2453 
f 2424 2426 2455 2454 
f 2426 2428 2456 2455 
f 2428 2430 2457 2456 
f 2430 2432 2458 2457 
f 2432 2434 2459 2458 
f 2434 2436 2460 2459 
f 2436 2438 2461 2460 
f 2438 2418 2451 2461 
s 1
f 2486 2487 2488 2489 
f 2487 2490 2491 2488 
f 2490 2492 2493 2491 
f 2492 2494 2495 2493 
f 2494 2496 2497 2495 
f 2496 2498 2499 2497 
f 2498 2500 2501 2499 
f 2500 2502 2503 2501 
f 2502 2504 2505 2503 
f 2504 2506 2507 2505 
f 2506 2508 2509 2507 
f 2508 2486 2489 2509 
f 2487 2486 2510 2511 
f 2490 2487 2511 2512 
f 2492 2490 2512 2513 
f 2494 2492 2513 2514 
f 2496 2494 2514 2515 
f 2498 2496 2515 2516 
f 2500 2498 2516 2517 
f 2502 2500 2517 2518 
f 2504 2502 2518 2519 
f 2506 2504 2519 2520 
f 2508 2506 2520 2521 
f 2486 2508 2521 2510 
f 2511 2510 2522 2523 
f 2512 2511 2523 2524 
f 2513 2512 2524 2525 
f 2514 2513 2525 2526 
f 2515 2514 2526 2527 
f 2516 2515 2527 2528 
f 2517 2516 2528 2529 
f 2518 2517 2529 2530 
f 2519 2518 2530 2531 
f 2520 2519 2531 
f 2521 2520 2532 
f 2510 2521 2532 2522 
f 2522 2533 2534 2523 
f 2523 2534 2535 2524 
f 2524 2535 2536 2525 
f 2525 2536 2537 2526 
f 2526 2537 2538 2527 
f 2527 2538 2539 2528 
f 2528 2539 2540 2529 
f 2529 2540 2541 2530 
f 2530 2541 2542 2531 
f 2531 2542 2543 2520 
f 2520 2543 2544 2532 
f 2532 2544 2533 2522 
s 2
f 2489 2488 2545 2546 
f 2488 2491 2547 2545 
f 2491 2493 2548 2547 
f 2493 2495 2549 2548 
f 2495 2497 2550 2549 
f 2497 2499 2551 2550 
f 2499 2501 2552 2551 
f 2501 2503 2553 2552 
f 2503 2505 2554 2553 
f 2505 2507 2555 2554 
f 2507 2509 2556 2555 
f 2509 2489 2546 2556 
s 1
f 2557 2558 2559 2560 
f 2558 2561 2562 2559 
f 2561 2563 2564 2562 
f 2563 2565 2566 2564 
f 2565 2567 2568 2566 
f 2567 2569 2570 2568 
f 2569 2571 2572 2570 
f 2571 2573 2574 2572 
f 2573 2575 2576 2574 
f 2575 2577 2578 2576 
f 2577 2579 2580 2578 
f 2579 2557 2560 2580 
f 2558 2557 2616 2617 
f 2561 2558 2617 2618 
f 2563 2561 2618 2619 
f 2565 2563 2619 2620 
f 2567 2565 2620 2621 
f 2569 2567 2621 2622 
f 2571 2569 2622 2623 
f 2573 2571 2623 2624 
f 2575 2573 2624 2625 
f 2577 2575 2625 2626 
f 2579 2577 2626 2627 
f 2557 2579 2627 2616 
f 2617 2616 2581 2582 
f 2618 2617 2582 2583 
f 2619 2618 2583 2584 
f 2620 2619 2584 2585 
f 2621 2620 2585 2586 
f 2622 2621 2586 2587 
f 2623 2622 2587 2588 
f 2624 2623 2588 2589 
f 2625 2624 2589 2590 
f 2626 2625 2590 
f 2627 2626 2591 
f 2616 2627 2591 2581 
f 2581 2604 2605 2582 
f 2582 2605 2606 2583 
f 2583 2606 2607 2584 
f 2584 2607 2608 2585 
f 2585 2608 2609 2586 
f 2586 2609 2610 2587 
f 2587 2610 2611 2588 
f 2588 2611 2612 2589 
f 2589 2612 2613 2590 
f 2590 2613 2614 2626 
f 2626 2614 2615 2591 
f 2591 2615 2604 2581 
s 2
f 2560 2559 2592 2593 
f 2559 2562 2594 2592 
f 2562 2564 2595 2594 
f 2564 2566 2596 2595 
f 2566 2568 2597 2596 
f 2568 2570 2598 2597 
f 2570 2572 2599 2598 
f 2572 2574 2600 2599 
f 2574 2576 2601 2600 
f 2576 2578 2602 2601 
f 2578 2580 2603 2602 
f 2580 2560 2593 2603 
s 1
f 2628 2629 2630 2631 
f 2629 2632 2633 2630 
f 2632 2634 2635 2633 
f 2634 2636 2637 2635 
f 2636 2638 2639 2637 
f 2638 2640 2641 2639 
f 2640 2642 2643 2641 
f 2642 2644 2645 2643 
f 2644 2646 2647 2645 
f 2646 2648 2649 2647 
f 2648 2650 2651 2649 
f 2650 2628 2631 2651 
f 2629 2628 2652 2653 
f 2632 2629 2653 2654 
f 2634 2632 2654 2655 
f 2636 2634 2655 2656 
f 2638 2636 2656 2657 
f 2640 2638 2657 2658 
f 2642 2640 2658 2659 
f 2644 2642 2659 2660 
f 2646 2644 2660 2661 
f 2648 2646 2661 2662 
f 2650 2648 2662 2663 
f 2628 2650 2663 2652 
f 2653 2652 2664 2665 
f 2654 2653 2665 2666 
f 2655 2654 2666 2667 
f 2656 2655 2667 2668 
f 2657 2656 2668 2669 
f 2658 2657 2669 2670 
f 2659 2658 2670 2671 
f 2660 2659 2671 2672 
f 2661 2660 2672 2673 
f 2662 2661 2673 
f 2663 2662 2674 
f 2652 2663 2674 2664 
f 2664 2675 2676 2665 
f 2665 2676 2677 2666 
f 2666 2677 2678 2667 
f 2667 2678 2679 2668 
f 2668 2679 2680 2669 
f 2669 2680 2681 2670 
f 2670 2681 2682 2671 
f 2671 2682 2683 2672 
f 2672 2683 2684 2673 
f 2673 2684 2685 2662 
f 2662 2685 2686 2674 
f 2674 2686 2675 2664 
s 2
f 2631 2630 2687 2688 
f 2630 2633 2689 2687 
f 2633 2635 2690 2689 
f 2635 2637 2691 2690 
f 2637 2639 2692 2691 
f 2639 2641 2693 2692 
f 2641 2643 2694 2693 
f 2643 2645 2695 2694 
f 2645 2647 2696 2695 
f 2647 2649 2697 2696 
f 2649 2651 2698 2697 
f 2651 2631 2688 2698 
s 1
f 2699 2700 2701 2702 
f 2700 2703 2704 2701 
f 2703 2705 2706 2704 
f 2705 2707 2708 2706 
f 2707 2709 2710 2708 
f 2709 2711 2712 2710 
f 2711 2713 2714 2712 
f 2713 2715 2716 2714 
f 2715 2717 2718 2716 
f 2717 2719 2720 2718 
f 2719 2721 2722 2720 
f 2721 2699 2702 2722 
f 2700 2699 2758 2759 
f 2703 2700 2759 2760 
f 2705 2703 2760 2761 
f 2707 2705 2761 2762 
f 2709 2707 2762 2763 
f 2711 2709 2763 2764 
f 2713 2711 2764 2765 
f 2715 2713 2765 2766 
f 2717 2715 2766 2767 
f 2719 2717 2767 2768 
f 2721 2719 2768 2769 
f 2699 2721 2769 2758 
f 2759 2758 2723 2724 
f 2760 2759 2724 2725 
f 2761 2760 2725 2726 
f 2762 2761 2726 2727 
f 2763 2762 2727 2728 
f 2764 2763 2728 2729 
f 2765 2764 2729 2730 
f 2766 2765 2730 2731 
f 2767 2766 2731 2732 
f 2768 2767 2732 
f 2769 2768 2733 
f 2758 2769 2733 2723 
f 2723 2746 2747 2724 
f 2724 2747 2748 2725 
f 2725 2748 2749 2726 
f 2726 2749 2750 2727 
f 2727 2750 2751 2728 
f 2728 2751 2752 2729 
f 2729 2752 2753 2730 
f 2730 2753 2754 2731 
f 2731 2754 2755 2732 
f 2732 2755 2756 2768 
f 2768 2756 2757 2733 
f 2733 2757 2746 2723 
s 2
f 2702 2701 2734 2735 
f 2701 2704 2736 2734 
f 2704 2706 2737 2736 
f 2706 2708 2738 2737 
f 2708 2710 2739 2738 
f 2710 2712 2740 2739 
f 2712 2714 2741 2740 
f 2714 2716 2742 2741 
f 2716 2718 2743 2742 
f 2718 2720 2744 2743 
f 2720 2722 2745 2744 
f 2722 2702 2735 2745 
s 1
f 2770 2771 2772 2773 
f 2771 2774 2775 2772 
f 2774 2776 2777 2775 
f 2776 2778 2779 2777 
f 2778 2780 2781 2779 
f 2780 2782 2783 2781 
f 2782 2784 2785 2783 
f 2784 2786 2787 2785 
f 2786 2788 2789 2787 
f 2788 2790 2791 2789 
f 2790 2792 2793 2791 
f 2792 2770 2773 2793 
f 2771 2770 2794 2795 
f 2774 2771 2795 2796 
f 2776 2774 2796 2797 
f 2778 2776 2797 2798 
f 2780 2778 2798 2799 
f 2782 2780 2799 2800 
f 2784 2782 2800 2801 
f 2786 2784 2801 2802 
f 2788 2786 2802 2803 
f 2790 2788 2803 2804 
f 2792 2790 2804 2805 
f 2770 2792 2805 2794 
f 2795 2794 2806 2807 
f 2796 2795 2807 2808 
f 2797 2796 2808 2809 
f 2798 2797 2809 2810 
f 2799 2798 2810 2811 
f 2800 2799 2811 2812 
f 2801 2800 2812 2813 
f 2802 2801 2813 2814 
f 2803 2802 2814 2815 
f 2804 2803 2815 
f 2805 2804 2816 
f 2794 2805 2816 2806 
f 2806 2817 2818 2807 
f 2807 2818 2819 2808 
f 2808 2819 2820 2809 
f 2809 2820 2821 2810 
f 2810 2821 2822 2811 
f 2811 2822 2823 2812 
f 2812 2823 2824 2813 
f 2813 2824 2825 2814 
f 2814 2825 2826 2815 
f 2815 2826 2827 2804 
f 2804 2827 2828 2816 
f 2816 2828 2817 2806 
s 2
f 2773 2772 2829 2830 
f 2772 2775 2831 2829 
f 2775 2777 2832 2831 
f 2777 2779 2833 2832 
f 2779 2781 2834 2833 
f 2781 2783 2835 2834 
f 2783 2785 2836 2835 
f 2785 2787 2837 2836 
f 2787 2789 2838 2837 
f 2789 2791 2839 2838 
f 2791 2793 2840 2839 
f 2793 2773 2830 2840 
s 1
f 2841 2842 2843 2844 
f 2842 2845 2846 2843 
f 2845 2847 2848 2846 
f 2847 2849 2850 2848 
f 2849 2851 2852 2850 
f 2851 2853 2854 2852 
f 2853 2855 2856 2854 
f 2855 2857 2858 2856 
f 2857 2859 2860 2858 
f 2859 2861 2862 2860 
f 2861 2863 2864 2862 
f 2863 2841 2844 2864 
f 2842 2841 2900 2901 
f 2845 2842 2901 2902 
f 2847 2845 2902 2903 
f 2849 2847 2903 2904 
f 2851 2849 2904 2905 
f 2853 2851 2905 2906 
f 2855 2853 2906 2907 
f 2857 2855 2907 2908 
f 2859 2857 2908 2909 
f 2861 2859 2909 2910 
f 2863 2861 2910 2911 
f 2841 2863 2911 2900 
f 2901 2900 2865 2866 
f 2902 2901 2866 2867 
f 2903 2902 2867 2868 
f 2904 2903 2868 2869 
f 2905 2904 2869 2870 
f 2906 2905 2870 2871 
f 2907 2906 2871 2872 
f 2908 2907 2872 2873 
f 2909 2908 2873 2874 
f 2910 2909 2874 
f 2911 2910 2875 
f 2900 2911 2875 2865 
f 2865 2888 2889 2866 
f 2866 2889 2890 2867 
f 2867 2890 2891 2868 
f 2868 2891 2892 2869 
f 2869 2892 2893 2870 
f 2870 2893 2894 2871 
f 2871 2894 2895 2872 
f 2872 2895 2896 2873 
f 2873 2896 2897 2874 
f 2874 2897 2898 2910 
f 2910 2898 2899 2875 
f 2875 2899 2888 2865 
s 2
f 2844 2843 2876 2877 
f 2843 2846 2878 2876 
f 2846 2848 2879 2878 
f 2848 2850 2880 2879 
f 2850 2852 2881 2880 
f 2852 2854 2882 2881 
f 2854 2856 2883 2882 
f 2856 2858 2884 2883 
f 2858 2860 2885 2884 
f 2860 2862 2886 2885 
f 2862 2864 2887 2886 
f 2864 2844 2877 2887 
s 1
f 2912 2913 2914 2915 
f 2913 2916 2917 2914 
f 2916 2918 2919 2917 
f 2918 2920 2921 2919 
f 2920 2922 2923 2921 
f 2922 2924 2925 2923 
f 2924 2926 2927 2925 
f 2926 2928 2929 2927 
f 2928 2930 2931 2929 
f 2930 2932 2933 2931 
f 2932 2934 2935 2933 
f 2934 2912 2915 2935 
f 2913 2912 2936 2937 
f 2916 2913 2937 2938 
f 2918 2916 2938 2939 
f 2920 2918 2939 2940 
f 2922 2920 2940 2941 
f 2924 2922 2941 2942 
f 2926 2924 2942 2943 
f 2928 2926 2943 2944 
f 2930 2928 2944 2945 
f 2932 2930 2945 2946 
f 2934 2932 2946 2947 
f 2912 2934 2947 2936 
f 2937 2936 2948 2949 
f 2938 2937 2949 2950 
f 2939 2938 2950 2951 
f 2940 2939 2951 2952 
f 2941 2940 2952 2953 
f 2942 2941 2953 2954 
f 2943 2942 2954 2955 
f 2944 2943 2955 2956 
f 2945 2944 2956 2957 
f 2946 2945 2957 
f 2947 2946 2958 
f 2936 2947 2958 2948 
f 2948 2959 2960 2949 
f 2949 2960 2961 2950 
f 2950 2961 2962 2951 
f 2951 2962 2963 2952 
f 2952 2963 2964 2953 
f 2953 2964 2965 2954 
f 2954 2965 2966 2955 
f 2955 2966 2967 2956 
f 2956 2967 2968 2957 
f 2957 2968 2969 2946 
f 2946 2969 2970 2958 
f 2958 2970 2959 2948 
s 2
f 2915 2914 2971 2972 
f 2914 2917 2973 2971 
f 2917 2919 2974 2973 
f 2919 2921 2975 2974 
f 2921 2923 2976 2975 
f 2923 2925 2977 2976 
f 2925 2927 2978 2977 
f 2927 2929 2979 2978 
f 2929 2931 2980 2979 
f 2931 2933 2981 2980 
f 2933 2935 2982 2981 
f 2935 2915 2972 2982 
s 1
f 2983 2984 2985 2986 
f 2984 2987 2988 2985 
f 2987 2989 2990 2988 
f 2989 2991 2992 2990 
f 2991 2993 2994 2992 
f 2993 2995 2996 2994 
f 2995 2997 2998 2996 
f 2997 2999 3000 2998 
f 2999 3001 3002 3000 
f 3001 3003 3004 3002 
f 3003 3005 3006 3004 
f 3005 2983 2986 3006 
f 2984 2983 3042 3043 
f 2987 2984 3043 3044 
f 2989 2987 3044 3045 
f 2991 2989 3045 3046 
f 2993 2991 3046 3047 
f 2995 2993 3047 3048 
f 2997 2995 3048 3049 
f 2999 2997 3049 3050 
f 3001 2999 3050 3051 
f 3003 3001 3051 3052 
f 3005 3003 3052 3053 
f 2983 3005 3053 3042 
f 3043 3042 3007 3008 
f 3044 3043 3008 3009 
f 3045 3044 3009 3010 
f 3046 3045 3010 3011 
f 3047 3046 3011 3012 
f 3048 3047 3012 3013 
f 3049 3048 3013 3014 
f 3050 3049 3014 3015 
f 3051 3050 3015 3016 
f 3052 3051 3016 
f 3053 3052 3017 
f 3042 3053 3017 3007 
f 3007 3030 3031 3008 
f 3008 3031 3032 3009 
f 3009 3032 3033 3010 
f 3010 3033 3034 3011 
f 3011 3034 3035 3012 
f 3012 3035 3036 3013 
f 3013 3036 3037 3014 
f 3014 3037 3038 3015 
f 3015 3038 3039 3016 
f 3016 3039 3040 3052 
f 3052 3040 3041 3017 
f 3017 3041 3030 3007 
s 2
f 2986 2985 3018 3019 
f 2985 2988 3020 3018 
f 2988 2990 3021 3020 
f 2990 2992 3022 3021 
f 2992 2994 3023 3022 
f 2994 2996 3024 3023 
f 2996 2998 3025 3024 
f 2998 3000 3026 3025 
f 3000 3002 3027 3026 
f 3002 3004 3028 3027 
f 3004 3006 3029 3028 
f 3006 2986 3019 3029 
s 1
f 3054 3055 3056 3057 
f 3055 3058 3059 3056 
f 3058 3060 3061 3059 
f 3060 3062 3063 3061 
f 3062 3064 3065 3063 
f 3064 3066 3067 3065 
f 3066 3068 3069 3067 
f 3068 3070 3071 3069 
f 3070 3072 3073 3071 
f 3072 3074 3075 3073 
f 3074 3076 3077 3075 
f 3076 3054 3057 3077 
f 3055 3054 3078 3079 
f 3058 3055 3079 3080 
f 3060 3058 3080 3081 
f 3062 3060 3081 3082 
f 3064 3062 3082 3083 
f 3066 3064 3083 3084 
f 3068 3066 3084 3085 
f 3070 3068 3085 3086 
f 3072 3070 3086 3087 
f 3074 3072 3087 3088 
f 3076 3074 3088 3089 
f 3054 3076 3089 3078 
f 3079 3078 3090 3091 
f 3080 3079 3091 3092 
f 3081 3080 3092 3093 
f 3082 3081 3093 3094 
f 3083 3082 3094 3095 
f 3084 3083 3095 3096 
f 3085 3084 3096 3097 
f 3086 3085 3097 3098 
f 3087 3086 3098 3099 
f 3088 3087 3099 
f 3089 3088 3100 
f 3078 3089 3100 3090 
f 3090 3101 3102 3091 
f 3091 3102 3103 3092 
f 3092 3103 3104 3093 
f 3093 3104 3105 3094 
f 3094 3105 3106 3095 
f 3095 3106 3107 3096 
f 3096 3107 3108 3097 
f 3097 3108 3109 3098 
f 3098 3109 3110 3099 
f 3099 3110 3111 3088 
f 3088 3111 3112 3100 
f 3100 3112 3101 3090 
s 2
f 3057 3056 3113 3114 
f 3056 3059 3115 3113 
f 3059 3061 3116 3115 
f 3061 3063 3117 3116 
f 3063 3065 3118 3117 
f 3065 3067 3119 3118 
f 3067 3069 3120 3119 
f 3069 3071 3121 3120 
f 3071 3073 3122 3121 
f 3073 3075 3123 3122 
f 3075 3077 3124 3123 
f 3077 3057 3114 3124 
s 1
f 3125 3126 3127 3128 
f 3126 3129 3130 3127 
f 3129 3131 3132 3130 
f 3131 3133 3134 3132 
f 3133 3135 3136 3134 
f 3135 3137 3138 3136 
f 3137 3139 3140 3138 
f 3139 3141 3142 3140 
f 3141 3143 3144 3142 
f 3143 3145 3146 3144 
f 3145 3147 3148 3146 
f 3147 3125 3128 3148 
f 3126 3125 3184 3185 
f 3129 3126 3185 3186 
f 3131 3129 3186 3187 
f 3133 3131 3187 3188 
f 3135 3133 3188 3189 
f 3137 3135 3189 3190 
f 3139 3137 3190 3191 
f 3141 3139 3191 3192 
f 3143 3141 3192 3193 
f 3145 3143 3193 3194 
f 3147 3145 3194 3195 
f 3125 3147 3195 3184 
f 3185 3184 3149 3150 
f 3186 3185 3150 3151 
f 3187 3186 3151 3152 
f 3188 3187 3152 3153 
f 3189 3188 3153 3154 
f 3190 3189 3154 3155 
f 3191 3190 3155 3156 
f 3192 3191 3156 3157 
f 3193 3192 3157 3158 
f 3194 3193 3158 
f 3195 3194 3159 
f 3184 3195 3159 3149 
f 3149 3172 3173 3150 
f 3150 3173 3174 3151 
f 3151 3174 3175 3152 
f 3152 3175 3176 3153 
f 3153 3176 3177 3154 
f 3154 3177 3178 3155 
f 3155 3178 3179 3156 
f 3156 3179 3180 3157 
f 3157 3180 3181 3158 
f 3158 3181 3182 3194 
f 3194 3182 3183 3159 
f 3159 3183 3172 3149 
s 2
f 3128 3127 3160 3161 
f 3127 3130 3162 3160 
f 3130 3132 3163 3162 
f 3132 3134 3164 3163 
f 3134 3136 3165 3164 
f 3136 3138 3166 3165 
f 3138 3140 3167 3166 
f 3140 3142 3168 3167 
f 3142 3144 3169 3168 
f 3144 3146 3170 3169 
f 3146 3148 3171 3170 
f 3148 3128 3161 3171 
s 1
f 3196 3197 3198 3199 
f 3197 3200 3201 3198 
f 3200 3202 3203 3201 
f 3202 3204 3205 3203 
f 3204 3206 3207 3205 
f 3206 3208 3209 3207 
f 3208 3210 3211 3209 
f 3210 3212 3213 3211 
f 3212 3214 3215 3213 
f 3214 3216 3217 3215 
f 3216 3218 3219 3217 
f 3218 3196 3199 3219 
f 3197 3196 3220 3221 
f 3200 3197 3221 3222 
f 3202 3200 3222 3223 
f 3204 3202 3223 3224 
f 3206 3204 3224 3225 
f 3208 3206 3225 3226 
f 3210 3208 3226 3227 
f 3212 3210 3227 3228 
f 3214 3212 3228 3229 
f 3216 3214 3229 3230 
f 3218 3216 3230 3231 
f 3196 3218 3231 3220 
f 3221 3220 3232 3233 
f 3222 3221 3233 3234 
f 3223 3222 3234 3235 
f 3224 3223 3235 3236 
f 3225 3224 3236 3237 
f 3226 3225 3237 3238 
f 3227 3226 3238 3239 
f 3228 3227 3239 3240 
f 3229 3228 3240 3241 
f 3230 3229 3241 
f 3231 3230 3242 
f 3220 3231 3242 3232 
f 3232 3243 3244 3233 
f 3233 3244 3245 3234 
f 3234 3245 3246 3235 
f 3235 3246 3247 3236 
f 3236 3247 3248 3237 
f 3237 3248 3249 3238 
f 3238 3249 3250 3239 
f 3239 3250 3251 3240 
f 3240 3251 3252 3241 
f 3241 3252 3253 3230 
f 3230 3253 3254 3242 
f 3242 3254 3243 3232 
s 2
f 3199 3198 3255 3256 
f 3198 3201 3257 3255 
f 3201 3203 3258 3257 
f 3203 3205 3259 3258 
f 3205 3207 3260 3259 
f 3207 3209 3261 3260 
f 3209 3211 3262 3261 
f 3211 3213 3263 3262 
f 3213 3215 3264 3263 
f 3215 3217 3265 3264 
f 3217 3219 3266 3265 
f 3219 3199 3256 3266 
s 1
f 3267 3268 3269 3270 
f 3268 3271 3272 3269 
f 3271 3273 3274 3272 
f 3273 3275 3276 3274 
f 3275 3277 3278 3276 
f 3277 3279 3280 3278 
f 3279 3281 3282 3280 
f 3281 3283 3284 3282 
f 3283 3285 3286 3284 
f 3285 3287 3288 3286 
f 3287 3289 3290 3288 
f 3289 3267 3270 3290 
f 3268 3267 3326 3327 
f 3271 3268 3327 3328 
f 3273 3271 3328 3329 
f 3275 3273 3329 3330 
f 3277 3275 3330 3331 
f 3279 3277 3331 3332 
f 3281 3279 3332 3333 
f 3283 3281 3333 3334 
f 3285 3283 3334 3335 
f 3287 3285 3335 3336 
f 3289 3287 3336 3337 
f 3267 3289 3337 3326 
f 3327 3326 3291 3292 
f 3328 3327 3292 3293 
f 3329 3328 3293 3294 
f 3330 3329 3294 3295 
f 3331 3330 3295 3296 
f 3332 3331 3296 3297 
f 3333 3332 3297 3298 
f 3334 3333 3298 3299 
f 3335 3334 3299 3300 
f 3336 3335 3300 
f 3337 3336 3301 
f 3326 3337 3301 3291 
f 3291 3314 3315 3292 
f 3292 3315 3316 3293 
f 3293 3316 3317 3294 
f 3294 3317 3318 3295 
f 3295 3318 3319 3296 
f 3296 3319 3320 3297 
f 3297 3320 3321 3298 
f 3298 3321 3322 3299 
f 3299 3322 3323 3300 
f 3300 3323 3324 3336 
f 3336 3324 3325 3301 
f 3301 3325 3314 3291 
s 2
f 3270 3269 3302 3303 
f 3269 3272 3304 3302 
f 3272 3274 3305 3304 
f 3274 3276 3306 3305 
f 3276 3278 3307 3306 
f 3278 3280 3308 3307 
f 3280 3282 3309 3308 
f 3282 3284 3310 3309 
f 3284 3286 3311 3310 
f 3286 3288 3312 3311 
f 3288 3290 3313 3312 
f 3290 3270 3303 3313 
s 1
f 3338 3339 3340 3341 
f 3339 3342 3343 3340 
f 3342 3344 3345 3343 
f 3344 3346 3347 3345 
f 3346 3348 3349 3347 
f 3348 3350 3351 3349 
f 3350 3352 3353 3351 
f 3352 3354 3355 3353 
f 3354 3356 3357 3355 
f 3356 3358 3359 3357 
f 3358 3360 3361 3359 
f 3360 3338 3341 3361 
f 3339 3338 3362 3363 
f 3342 3339 3363 3364 
f 3344 3342 3364 3365 
f 3346 3344 3365 3366 
f 3348 3346 3366 3367 
f 3350 3348 3367 3368 
f 3352 3350 3368 3369 
f 3354 3352 3369 3370 
f 3356 3354 3370 3371 
f 3358 3356 3371 3372 
f 3360 3358 3372 3373 
f 3338 3360 3373 3362 
f 3363 3362 3374 3375 
f 3364 3363 3375 3376 
f 3365 3364 3376 3377 
f 3366 3365 3377 3378 
f 3367 3366 3378 3379 
f 3368 3367 3379 3380 
f 3369 3368 3380 3381 
f 3370 3369 3381 3382 
f 3371 3370 3382 3383 
f 3372 3371 3383 
f 3373 3372 3384 
f 3362 3373 3384 3374 
f 3374 3385 3386 3375 
f 3375 3386 3387 3376 
f 3376 3387 3388 3377 
f 3377 3388 3389 3378 
f 3378 3389 3390 3379 
f 3379 3390 3391 3380 
f 3380 3391 3392 3381 
f 3381 3392 3393 3382 
f 3382 3393 3394 3383 
f 3383 3394 3395 3372 
f 3372 3395 3396 3384 
f 3384 3396 3385 3374 
s 2
f 3341 3340 3397 3398 
f 3340 3343 3399 3397 
f 3343 3345 3400 3399 
f 3345 3347 3401 3400 
f 3347 3349 3402 3401 
f 3349 3351 3403 3402 
f 3351 3353 3404 3403 
f 3353 3355 3405 3404 
f 3355 3357 3406 3405 
f 3357 3359 3407 3406 
f 3359 3361 3408 3407 
f 3361 3341 3398 3408 
s 1
f 3409 3410 3411 3412 
f 3410 3413 3414 3411 
f 3413 3415 3416 3414 
f 3415 3417 3418 3416 
f 3417 3419 3420 3418 
f 3419 3421 3422 3420 
f 3421 3423 3424 3422 
f 3423 3425 3426 3424 
f 3425 3427 3428 3426 
f 3427 3429 3430 3428 
f 3429 3431 3432 3430 
f 3431 3409 3412 3432 
f 3410 3409 3468 3469 
f 3413 3410 3469 3470 
f 3415 3413 3470 3471 
f 3417 3415 3471 3472 
f 3419 3417 3472 3473 
f 3421 3419 3473 3474 
f 3423 3421 3474 3475 
f 3425 3423 3475 3476 
f 3427 3425 3476 3477 
f 3429 3427 3477 3478 
f 3431 3429 3478 3479 
f 3409 3431 3479 3468 
f 3469 3468 3433 3434 
f 3470 3469 3434 3435 
f 3471 3470 3435 3436 
f 3472 3471 3436 3437 
f 3473 3472 3437 3438 
f 3474 3473 3438 3439 
f 3475 3474 3439 3440 
f 3476 3475 3440 3441 
f 3477 3476 3441 3442 
f 3478 3477 3442 
f 3479 3478 3443 
f 3468 3479 3443 3433 
f 3433 3456 3457 3434 
f 3434 3457 3458 3435 
f 3435 3458 3459 3436 
f 3436 3459 3460 3437 
f 3437 3460 3461 3438 
f 3438 3461 3462 3439 
f 3439 3462 3463 3440 
f 3440 3463 3464 3441 
f 3441 3464 3465 3442 
f 3442 3465 3466 3478 
f 3478 3466 3467 3443 
f 3443 3467 3456 3433 
s 2
f 3412 3411 3444 3445 
f 3411 3414 3446 3444 
f 3414 3416 3447 3446 
f 3416 3418 3448 3447 
f 3418 3420 3449 3448 
f 3420 3422 3450 3449 
f 3422 3424 3451 3450 
f 3424 3426 3452 3451 
f 3426 3428 3453 3452 
f 3428 3430 3454 3453 
f 3430 3432 3455 3454 
f 3432 3412 3445 3455 
s 1
f 3480 3481 3482 3483 
f 3481 3484 3485 3482 
f 3484 3486 3487 3485 
f 3486 3488 3489 3487 
f 3488 3490 3491 3489 
f 3490 3492 3493 3491 
f 3492 3494 3495 3493 
f 3494 3496 3497 3495 
f 3496 3498 3499 3497 
f 3498 3500 3501 3499 
f 3500 3502 3503 3501 
f 3502 3480 3483 3503 
f 3481 3480 3504 3505 
f 3484 3481 3505 3506 
f 3486 3484 3506 3507 
f 3488 3486 3507 3508 
f 3490 3488 3508 3509 
f 3492 3490 3509 3510 
f 3494 3492 3510 3511 
f 3496 3494 3511 3512 
f 3498 3496 3512 3513 
f 3500 3498 3513 3514 
f 3502 3500 3514 3515 
f 3480 3502 3515 3504 
f 3505 3504 3516 3517 
f 3506 3505 3517 3518 
f 3507 3506 3518 3519 
f 3508 3507 3519 3520 
f 3509 3508 3520 3521 
f 3510 3509 3521 3522 
f 3511 3510 3522 3523 
f 3512 3511 3523 3524 
f 3513 3512 3524 3525 
f 3514 3513 3525 
f 3515 3514 3526 
f 3504 3515 3526 3516 
f 3516 3527 3528 3517 
f 3517 3528 3529 3518 
f 3518 3529 3530 3519 
f 3519 3530 3531 3520 
f 3520 3531 3532 3521 
f 3521 3532 3533 3522 
f 3522 3533 3534 3523 
f 3523 3534 3535 3524 
f 3524 3535 3536 3525 
f 3525 3536 3537 3514 
f 3514 3537 3538 3526 
f 3526 3538 3527 3516 
s 2
f 3483 3482 3539 3540 
f 3482 3485 3541 3539 
f 3485 3487 3542 3541 
f 3487 3489 3543 3542 
f 3489 3491 3544 3543 
f 3491 3493 3545 3544 
f 3493 3495 3546 3545 
f 3495 3497 3547 3546 
f 3497 3499 3548 3547 
f 3499 3501 3549 3548 
f 3501 3503 3550 3549 
f 3503 3483 3540 3550 
s 1
f 3551 3552 3553 3554 
f 3552 3555 3556 3553 
f 3555 3557 3558 3556 
f 3557 3559 3560 3558 
f 3559 3561 3562 3560 
f 3561 3563 3564 3562 
f 3563 3565 3566 3564 
f 3565 3567 3568 3566 
f 3567 3569 3570 3568 
f 3569 3571 3572 3570 
f 3571 3573 3574 3572 
f 3573 3551 3554 3574 
f 3552 3551 3610 3611 
f 3555 3552 3611 3612 
f 3557 3555 3612 3613 
f 3559 3557 3613 3614 
f 3561 3559 3614 3615 
f 3563 3561 3615 3616 
f 3565 3563 3616 3617 
f 3567 3565 3617 3618 
f 3569 3567 3618 3619 
f 3571 3569 3619 3620 
f 3573 3571 3620 3621 
f 3551 3573 3621 3610 
f 3611 3610 3575 3576 
f 3612 3611 3576 3577 
f 3613 3612 3577 3578 
f 3614 3613 3578 3579 
f 3615 3614 3579 3580 
f 3616 3615 3580 3581 
f 3617 3616 3581 3582 
f 3618 3617 3582 3583 
f 3619 3618 3583 3584 
f 3620 3619 3584 
f 3621 3620 3585 
f 3610 3621 3585 3575 
f 3575 3598 3599 3576 
f 3576 3599 3600 3577 
f 3577 3600 3601 3578 
f 3578 3601 3602 3579 
f 3579 3602 3603 3580 
f 3580 3603 3604 3581 
f 3581 3604 3605 3582 
f 3582 3605 3606 3583 
f 3583 3606 3607 3584 
f 3584 3607 3608 3620 
f 3620 3608 3609 3585 
f 3585 3609 3598 3575 
s 2
f 3554 3553 3586 3587 
f 3553 3556 3588 3586 
f 3556 3558 3589 3588 
f 3558 3560 3590 3589 
f 3560 3562 3591 3590 
f 3562 3564 3592 3591 
f 3564 3566 3593 3592 
f 3566 3568 3594 3593 
f 3568 3570 3595 3594 
f 3570 3572 3596 3595 
f 3572 3574 3597 3596 
f 3574 3554 3587 3597 
s 1
f 3622 3623 3624 3625 
f 3623 3626 3627 3624 
f 3626 3628 3629 3627 
f 3628 3630 3631 3629 
f 3630 3632 3633 3631 
f 3632 3634 3635 3633 
f 3634 3636 3637 3635 
f 3636 3638 3639 3637 
f 3638 3640 3641 3639 
f 3640 3642 3643 3641 
f 3642 3644 3645 3643 
f 3644 3622 3625 3645 
f 3623 3622 3646 3647 
f 3626 3623 3647 3648 
f 3628 3626 3648 3649 
f 3630 3628 3649 3650 
f 3632 3630 3650 3651 
f 3634 3632 3651 3652 
f 3636 3634 3652 3653 
f 3638 3636 3653 3654 
f 3640 3638 3654 3655 
f 3642 3640 3655 3656 
f 3644 3642 3656 3657 
f 3622 3644 3657 3646 
f 3647 3646 3658 3659 
f 3648 3647 3659 3660 
f 3649 3648 3660 3661 
f 3650 3649 3661 3662 
f 3651 3650 3662 3663 
f 3652 3651 3663 3664 
f 3653 3652 3664 3665 
f 3654 3653 3665 3666 
f 3655 3654 3666 3667 
f 3656 3655 3667 
f 3657 3656 3668 
f 3646 3657 3668 3658 
f 3658 3669 3670 3659 
f 3659 3670 3671 3660 
f 3660 3671 3672 3661 
f 3661 3672 3673 3662 
f 3662 3673 3674 3663 
f 3663 3674 3675 3664 
f 3664 3675 3676 3665 
f 3665 3676 3677 3666 
f 3666 3677 3678 3667 
f 3667 3678 3679 3656 
f 3656 3679 3680 3668 
f 3668 3680 3669 3658 
s 2
f 3625 3624 3681 3682 
f 3624 3627 3683 3681 
f 3627 3629 3684 3683 
f 3629 3631 3685 3684 
f 3631 3633 3686 3685 
f 3633 3635 3687 3686 
f 3635 3637 3688 3687 
f 3637 3639 3689 3688 
f 3639 3641 3690 3689 
f 3641 3643 3691 3690 
f 3643 3645 3692 3691 
f 3645 3625 3682 3692 
s 1
f 3693 3694 3695 3696 
f 3694 3697 3698 3695 
f 3697 3699 3700 3698 
f 3699 3701 3702 3700 
f 3701 3703 3704 3702 
f 3703 3705 3706 3704 
f 3705 3707 3708 3706 
f 3707 3709 3710 3708 
f 3709 3711 3712 3710 
f 3711 3713 3714 3712 
f 3713 3715 3716 3714 
f 3715 3693 3696 3716 
f 3694 3693 3752 3753 
f 3697 3694 3753 3754 
f 3699 3697 3754 3755 
f 3701 3699 3755 3756 
f 3703 3701 3756 3757 
f 3705 3703 3757 3758 
f 3707 3705 3758 3759 
f 3709 3707 3759 3760 
f 3711 3709 3760 3761 
f 3713 3711 3761 3762 
f 3715 3713 3762 3763 
f 3693 3715 3763 3752 
f 3753 3752 3717 3718 
f 3754 3753 3718 3719 
f 3755 3754 3719 3720 
f 3756 3755 3720 3721 
f 3757 3756 3721 3722 
f 3758 3757 3722 3723 
f 3759 3758 3723 3724 
f 3760 3759 3724 3725 
f 3761 3760 3725 3726 
f 3762 3761 3726 
f 3763 3762 3727 
f 3752 3763 3727 3717 
f 3717 3740 3741 3718 
f 3718 3741 3742 3719 
f 3719 3742 3743 3720 
f 3720 3743 3744 3721 
f 3721 3744 3745 3722 
f 3722 3745 3746 3723 
f 3723 3746 3747 3724 
f 3724 3747 3748 3725 
f 3725 3748 3749 3726 
f 3726 3749 3750 3762 
f 3762 3750 3751 3727 
f 3727 3751 3740 3717 
s 2
f 3696 3695 3728 3729 
f 3695 3698 3730 3728 
f 3698 3700 3731 3730 
f 3700 3702 3732 3731 
f 3702 3704 3733 3732 
f 3704 3706 3734 3733 
f 3706 3708 3735 3734 
f 3708 3710 3736 3735 
f 3710 3712 3737 3736 
f 3712 3714 3738 3737 
f 3714 3716 3739 3738 
f 3716 3696 3729 3739 
s 1
f 3764 3765 3766 3767 
f 3765 3768 3769 3766 
f 3768 3770 3771 3769 
f 3770 3772 3773 3771 
f 3772 3774 3775 3773 
f 3774 3776 3777 3775 
f 3776 3778 3779 3777 
f 3778 3780 3781 3779 
f 3780 3782 3783 3781 
f 3782 3784 3785 3783 
f 3784 3786 3787 3785 
f 3786 3764 3767 3787 
f 3765 3764 3788 3789 
f 3768 3765 3789 3790 
f 3770 3768 3790 3791 
f 3772 3770 3791 3792 
f 3774 3772 3792 3793 
f 3776 3774 3793 3794 
f 3778 3776 3794 3795 
f 3780 3778 3795 3796 
f 3782 3780 3796 3797 
f 3784 3782 3797 3798 
f 3786 3784 3798 3799 
f 3764 3786 3799 3788 
f 3789 3788 3800 3801 
f 3790 3789 3801 3802 
f 3791 3790 3802 3803 
f 3792 3791 3803 3804 
f 3793 3792 3804 3805 
f 3794 3793 3805 3806 
f 3795 3794 3806 3807 
f 3796 3795 3807 3808 
f 3797 3796 3808 3809 
f 3798 3797 3809 
f 3799 3798 3810 
f 3788 3799 3810 3800 
f 3800 3811 3812 3801 
f 3801 3812 3813 3802 
f 3802 3813 3814 3803 
f 3803 3814 3815 3804 
f 3804 3815 3816 3805 
f 3805 3816 3817 3806 
f 3806 3817 3818 3807 
f 3807 3818 3819 3808 
f 3808 3819 3820 3809 
f 3809 3820 3821 3798 
f 3798 3821 3822 3810 
f 3810 3822 3811 3800 
s 2
f 3767 3766 3823 3824 
f 3766 3769 3825 3823 
f 3769 3771 3826 3825 
f 3771 3773 3827 3826 
f 3773 3775 3828 3827 
f 3775 3777 3829 3828 
f 3777 3779 3830 3829 
f 3779 3781 3831 3830 
f 3781 3783 3832 3831 
f 3783 3785 3833 3832 
f 3785 3787 3834 3833 
f 3787 3767 3824 3834 
s 1
f 3835 3836 3837 3838 
f 3836 3839 3840 3837 
f 3839 3841 3842 3840 
f 3841 3843 3844 3842 
f 3843 3845 3846 3844 
f 3845 3847 3848 3846 
f 3847 3849 3850 3848 
f 3849 3851 3852 3850 
f 3851 3853 3854 3852 
f 3853 3855 3856 3854 
f 3855 3857 3858 3856 
f 3857 3835 3838 3858 
f 3836 3835 3894 3895 
f 3839 3836 3895 3896 
f 3841 3839 3896 3897 
f 3843 3841 3897 3898 
f 3845 3843 3898 3899 
f 3847 3845 3899 3900 
f 3849 3847 3900 3901 
f 3851 3849 3901 3902 
f 3853 3851 3902 3903 
f 3855 3853 3903 3904 
f 3857 3855 3904 3905 
f 3835 3857 3905 3894 
f 3895 3894 3859 3860 
f 3896 3895 3860 3861 
f 3897 3896 3861 3862 
f 3898 3897 3862 3863 
f 3899 3898 3863 3864 
f 3900 3899 3864 3865 
f 3901 3900 3865 3866 
f 3902 3901 3866 3867 
f 3903 3902 3867 3868 
f 3904 3903 3868 
f 3905 3904 3869 
f 3894 3905 3869 3859 
f 3859 3882 3883 3860 
f 3860 3883 3884 3861 
f 3861 3884 3885 3862 
f 3862 3885 3886 3863 
f 3863 3886 3887 3864 
f 3864 3887 3888 3865 
f 3865 3888 3889 3866 
f 3866 3889 3890 3867 
f 3867 3890 3891 3868 
f 3868 3891 3892 3904 
f 3904 3892 3893 3869 
f 3869 3893 3882 3859 
s 2
f 3838 3837 3870 3871 
f 3837 3840 3872 3870 
f 3840 3842 3873 3872 
f 3842 3844 3874 3873 
f 3844 3846 3875 3874 
f 3846 3848 3876 3875 
f 3848 3850 3877 3876 
f 3850 3852 3878 3877 
f 3852 3854 3879 3878 
f 3854 3856 3880 3879 
f 3856 3858 3881 3880 
f 3858 3838 3871 3881 
s 1
f 3906 3907 3908 3909 
f 3907 3910 3911 3908 
f 3910 3912 3913 3911 
f 3912 3914 3915 3913 
f 3914 3916 3917 3915 
f 3916 3918 3919 3917 
f 3918 3920 3921 3919 
f 3920 3922 3923 3921 
f 3922 3924 3925 3923 
f 3924 3926 3927 3925 
f 3926 3928 3929 3927 
f 3928 3906 3909 3929 
f 3907 3906 3930 3931 
f 3910 3907 3931 3932 
f 3912 3910 3932 3933 
f 3914 3912 3933 3934 
f 3916 3914 3934 3935 
f 3918 3916 3935 3936 
f 3920 3918 3936 3937 
f 3922 3920 3937 3938 
f 3924 3922 3938 3939 
f 3926 3924 3939 3940 
f 3928 3926 3940 3941 
f 3906 3928 3941 3930 
f 3931 3930 3942 3943 
f 3932 3931 3943 3944 
f 3933 3932 3944 3945 
f 3934 3933 3945 3946 
f 3935 3934 3946 3947 
f 3936 3935 3947 3948 
f 3937 3936 3948 3949 
f 3938 3937 3949 3950 
f 3939 3938 3950 3951 
f 3940 3939 3951 
f 3941 3940 3952 
f 3930 3941 3952 3942 
f 3942 3953 3954 3943 
f 3943 3954 3955 3944 
f 3944 3955 3956 3945 
f 3945 3956 3957 3946 
f 3946 3957 3958 3947 
f 3947 3958 3959 3948 
f 3948 3959 3960 3949 
f 3949 3960 3961 3950 
f 3950 3961 3962 3951 
f 3951 3962 3963 3940 
f 3940 3963 3964 3952 
f 3952 3964 3953 3942 
s 2
f 3909 3908 3965 3966 
f 3908 3911 3967 3965 
f 3911 3913 3968 3967 
f 3913 3915 3969 3968 
f 3915 3917 3970 3969 
f 3917 3919 3971 3970 
f 3919 3921 3972 3971 
f 3921 3923 3973 3972 
f 3923 3925 3974 3973 
f 3925 3927 3975 3974 
f 3927 3929 3976 3975 
f 3929 3909 3966 3976 
s 1
f 3977 3978 3979 3980 
f 3978 3981 3982 3979 
f 3981 3983 3984 3982 
f 3983 3985 3986 3984 
f 3985 3987 3988 3986 
f 3987 3989 3990 3988 
f 3989 3991 3992 3990 
f 3991 3993 3994 3992 
f 3993 3995 3996 3994 
f 3995 3997 3998 3996 
f 3997 3999 4000 3998 
f 3999 3977 3980 4000 
f 3978 3977 4036 4037 
f 3981 3978 4037 4038 
f 3983 3981 4038 4039 
f 3985 3983 4039 4040 
f 3987 3985 4040 4041 
f 3989 3987 4041 4042 
f 3991 3989 4042 4043 
f 3993 3991 4043 4044 
f 3995 3993 4044 4045 
f 3997 3995 4045 4046 
f 3999 3997 4046 4047 
f 3977 3999 4047 4036 
f 4037 4036 4001 4002 
f 4038 4037 4002 4003 
f 4039 4038 4003 4004 
f 4040 4039 4004 4005 
f 4041 4040 4005 4006 
f 4042 4041 4006 4007 
f 4043 4042 4007 4008 
f 4044 4043 4008 4009 
f 4045 4044 4009 4010 
f 4046 4045 4010 
f 4047 4046 4011 
f 4036 4047 4011 4001 
f 4001 4024 4025 4002 
f 4002 4025 4026 4003 
f 4003 4026 4027 4004 
f 4004 4027 4028 4005 
f 4005 4028 4029 4006 
f 4006 4029 4030 4007 
f 4007 4030 4031 4008 
f 4008 4031 4032 4009 
f 4009 4032 4033 4010 
f 4010 4033 4034 4046 
f 4046 4034 4035 4011 
f 4011 4035 4024 4001 
s 2
f 3980 3979 4012 4013 
f 3979 3982 4014 4012 
f 3982 3984 4015 4014 
f 3984 3986 4016 4015 
f 3986 3988 4017 4016 
f 3988 3990 4018 4017 
f 3990 3992 4019 4018 
f 3992 3994 4020 4019 
f 3994 3996 4021 4020 
f 3996 3998 4022 4021 
f 3998 4000 4023 4022 
f 4000 3980 4013 4023 
s 1
f 4048 4049 4050 4051 
f 4049 4052 4053 4050 
f 4052 4054 4055 4053 
f 4054 4056 4057 4055 
f 4056 4058 4059 4057 
f 4058 4060 4061 4059 
f 4060 4062 4063 4061 
f 4062 4064 4065 4063 
f 4064 4066 4067 4065 
f 4066 4068 4069 4067 
f 4068 4070 4071 4069 
f 4070 4048 4051 4071 
f 4049 4048 4072 4073 
f 4052 4049 4073 4074 
f 4054 4052 4074 4075 
f 4056 4054 4075 4076 
f 4058 4056 4076 4077 
f 4060 4058 4077 4078 
f 4062 4060 4078 4079 
f 4064 4062 4079 4080 
f 4066 4064 4080 4081 
f 4068 4066 4081 4082 
f 4070 4068 4082 4083 
f 4048 4070 4083 4072 
f 4073 4072 4084 4085 
f 4074 4073 4085 4086 
f 4075 4074 4086 4087 
f 4076 4075 4087 4088 
f 4077 4076 4088 4089 
f 4078 4077 4089 4090 
f 4079 4078 4090 4091 
f 4080 4079 4091 4092 
f 4081 4080 4092 4093 
f 4082 4081 4093 
f 4083 4082 4094 
f 4072 4083 4094 4084 
f 4084 4095 4096 4085 
f 4085 4096 4097 4086 
f 4086 4097 4098 4087 
f 4087 4098 4099 4088 
f 4088 4099 4100 4089 
f 4089 4100 4101 4090 
f 4090 4101 4102 4091 
f 4091 4102 4103 4092 
f 4092 4103 4104 4093 
f 4093 4104 4105 4082 
f 4082 4105 4106 4094 
f 4094 4106 4095 4084 
s 2
f 4051 4050 4107 4108 
f 4050 4053 4109 4107 
f 4053 4055 4110 4109 
f 4055 4057 4111 4110 
f 4057 4059 4112 4111 
f 4059 4061 4113 4112 
f 4061 4063 4114 4113 
f 4063 4065 4115 4114 
f 4065 4067 4116 4115 
f 4067 4069 4117 4116 
f 4069 4071 4118 4117 
f 4071 4051 4108 4118 
s 1
f 4119 4120 4121 4122 
f 4120 4123 4124 4121 
f 4123 4125 4126 4124 
f 4125 4127 4128 4126 
f 4127 4129 4130 4128 
f 4129 4131 4132 4130 
f 4131 4133 4134 4132 
f 4133 4135 4136 4134 
f 4135 4137 4138 4136 
f 4137 4139 4140 4138 
f 4139 4141 4142 4140 
f 4141 4119 4122 4142 
f 4120 4119 4178 4179 
f 4123 4120 4179 4180 
f 4125 4123 4180 4181 
f 4127 4125 4181 4182 
f 4129 4127 4182 4183 
f 4131 4129 4183 4184 
f 4133 4131 4184 4185 
f 4135 4133 4185 4186 
f 4137 4135 4186 4187 
f 4139 4137 4187 4188 
f 4141 4139 4188 4189 
f 4119 4141 4189 4178 
f 4179 4178 4143 4144 
f 4180 4179 4144 4145 
f 4181 4180 4145 4146 
f 4182 4181 4146 4147 
f 4183 4182 4147 4148 
f 4184 4183 4148 4149 
f 4185 4184 4149 4150 
f 4186 4185 4150 4151 
f 4187 4186 4151 4152 
f 4188 4187 4152 
f 4189 4188 4153 
f 4178 4189 4153 4143 
f 4143 4166 4167 4144 
f 4144 4167 4168 4145 
f 4145 4168 4169 4146 
f 4146 4169 4170 4147 
f 4147 4170 4171 4148 
f 4148 4171 4172 4149 
f 4149 4172 4173 4150 
f 4150 4173 4174 4151 
f 4151 4174 4175 4152 
f 4152 4175 4176 4188 
f 4188 4176 4177 4153 
f 4153 4177 4166 4143 
s 2
f 4122 4121 4154 4155 
f 4121 4124 4156 4154 
f 4124 4126 4157 4156 
f 4126 4128 4158 4157 
f 4128 4130 4159 4158 
f 4130 4132 4160 4159 
f 4132 4134 4161 4160 
f 4134 4136 4162 4161 
f 4136 4138 4163 4162 
f 4138 4140 4164 4163 
f 4140 4142 4165 4164 
f 4142 4122 4155 4165 
s 1
f 4190 4191 4192 4193 
f 4191 4194 4195 4192 
f 4194 4196 4197 4195 
f 4196 4198 4199 4197 
f 4198 4200 4201 4199 
f 4200 4202 4203 4201 
f 4202 4204 4205 4203 
f 4204 4206 4207 4205 
f 4206 4208 4209 4207 
f 4208 4210 4211 4209 
f 4210 4212 4213 4211 
f 4212 4190 4193 4213 
f 4191 4190 4214 4215 
f 4194 4191 4215 4216 
f 4196 4194 4216 4217 
f 4198 4196 4217 4218 
f 4200 4198 4218 4219 
f 4202 4200 4219 4220 
f 4204 4202 4220 4221 
f 4206 4204 4221 4222 
f 4208 4206 4222 4223 
f 4210 4208 4223 4224 
f 4212 4210 4224 4225 
f 4190 4212 4225 4214 
f 4215 4214 4226 4227 
f 4216 4215 4227 4228 
f 4217 4216 4228 4229 
f 4218 4217 4229 4230 
f 4219 4218 4230 4231 
f 4220 4219 4231 4232 
f 4221 4220 4232 4233 
f 4222 4221 4233 4234 
f 4223 4222 4234 4235 
f 4224 4223 4235 
f 4225 4224 4236 
f 4214 4225 4236 4226 
f 4226 4237 4238 4227 
f 4227 4238 4239 4228 
f 4228 4239 4240 4229 
f 4229 4240 4241 4230 
f 4230 4241 4242 4231 
f 4231 4242 4243 4232 
f 4232 4243 4244 4233 
f 4233 4244 4245 4234 
f 4234 4245 4246 4235 
f 4235 4246 4247 4224 
f 4224 4247 4248 4236 
f 4236 4248 4237 4226 
s 2
f 4193 4192 4249 4250 
f 4192 4195 4251 4249 
f 4195 4197 4252 4251 
f 4197 4199 4253 4252 
f 4199 4201 4254 4253 
f 4201 4203 4255 4254 
f 4203 4205 4256 4255 
f 4205 4207 4257 4256 
f 4207 4209 4258 4257 
f 4209 4211 4259 4258 
f 4211 4213 4260 4259 
f 4213 4193 4250 4260 
s 1
f 4261 4262 4263 4264 
f 4262 4265 4266 4263 
f 4265 4267 4268 4266 
f 4267 4269 4270 4268 
f 4269 4271 4272 4270 
f 4271 4273 4274 4272 
f 4273 4275 4276 4274 
f 4275 4277 4278 4276 
f 4277 4279 4280 4278 
f 4279 4281 4282 4280 
f 4281 4283 4284 4282 
f 4283 4261 4264 4284 
f 4262 4261 4320 4321 
f 4265 4262 4321 4322 
f 4267 4265 4322 4323 
f 4269 4267 4323 4324 
f 4271 4269 4324 4325 
f 4273 4271 4325 4326 
f 4275 4273 4326 4327 
f 4277 4275 4327 4328 
f 4279 4277 4328 4329 
f 4281 4279 4329 4330 
f 4283 4281 4330 4331 
f 4261 4283 4331 4320 
f 4321 4320 4285 4286 
f 4322 4321 4286 4287 
f 4323 4322 4287 4288 
f 4324 4323 4288 4289 
f 4325 4324 4289 4290 
f 4326 4325 4290 4291 
f 4327 4326 4291 4292 
f 4328 4327 4292 4293 
f 4329 4328 4293 4294 
f 4330 4329 4294 
f 4331 4330 4295 
f 4320 4331 4295 4285 
f 4285 4308 4309 4286 
f 4286 4309 4310 4287 
f 4287 4310 4311 4288 
f 4288 4311 4312 4289 
f 4289 4312 4313 4290 
f 4290 4313 4314 4291 
f 4291 4314 4315 4292 
f 4292 4315 4316 4293 
f 4293 4316 4317 4294 
f 4294 4317 4318 4330 
f 4330 4318 4319 4295 
f 4295 4319 4308 4285 
s 2
f 4264 4263 4296 4297 
f 4263 4266 4298 4296 
f 4266 4268 4299 4298 
f 4268 4270 4300 4299 
f 4270 4272 4301 4300 
f 4272 4274 4302 4301 
f 4274 4276 4303 4302 
f 4276 4278 4304 4303 
f 4278 4280 4305 4304 
f 4280 4282 4306 4305 
f 4282 4284 4307 4306 
f 4284 4264 4297 4307 
s 1
f 4332 4333 4334 4335 
f 4333 4336 4337 4334 
f 4336 4338 4339 4337 
f 4338 4340 4341 4339 
f 4340 4342 4343 4341 
f 4342 4344 4345 4343 
f 4344 4346 4347 4345 
f 4346 4348 4349 4347 
f 4348 4350 4351 4349 
f 4350 4352 4353 4351 
f 4352 4354 4355 4353 
f 4354 4332 4335 4355 
f 4333 4332 4356 4357 
f 4336 4333 4357 4358 
f 4338 4336 4358 4359 
f 4340 4338 4359 4360 
f 4342 4340 4360 4361 
f 4344 4342 4361 4362 
f 4346 4344 4362 4363 
f 4348 4346 4363 4364 
f 4350 4348 4364 4365 
f 4352 4350 4365 4366 
f 4354 4352 4366 4367 
f 4332 4354 4367 4356 
f 4357 4356 4368 4369 
f 4358 4357 4369 4370 
f 4359 4358 4370 4371 
f 4360 4359 4371 4372 
f 4361 4360 4372 4373 
f 4362 4361 4373 4374 
f 4363 4362 4374 4375 
f 4364 4363 4375 4376 
f 4365 4364 4376 4377 
f 4366 4365 4377 
f 4367 4366 4378 
f 4356 4367 4378 4368 
f 4368 4379 4380 4369 
f 4369 4380 4381 4370 
f 4370 4381 4382 4371 
f 4371 4382 4383 4372 
f 4372 4383 4384 4373 
f 4373 4384 4385 4374 
f 4374 4385 4386 4375 
f 4375 4386 4387 4376 
f 4376 4387 4388 4377 
f 4377 4388 4389 4366 
f 4366 4389 4390 4378 
f 4378 4390 4379 4368 
s 2
f 4335 4334 4391 4392 
f 4334 4337 4393 4391 
f 4337 4339 4394 4393 
f 4339 4341 4395 4394 
f 4341 4343 4396 4395 
f 4343 4345 4397 4396 
f 4345 4347 4398 4397 
f 4347 4349 4399 4398 
f 4349 4351 4400 4399 
f 4351 4353 4401 4400 
f 4353 4355 4402 4401 
f 4355 4335 4392 4402 
s 1
f 4403 4404 4405 4406 
f 4404 4407 4408 4405 
f 4407 4409 4410 4408 
f 4409 4411 4412 4410 
f 4411 4413 4414 4412 
f 4413 4415 4416 4414 
f 4415 4417 4418 4416 
f 4417 4419 4420 4418 
f 4419 4421 4422 4420 
f 4421 4423 4424 4422 
f 4423 4425 4426 4424 
f 4425 4403 4406 4426 
f 4404 4403 4462 4463 
f 4407 4404 4463 4464 
f 4409 4407 4464 4465 
f 4411 4409 4465 4466 
f 4413 4411 4466 4467 
f 4415 4413 4467 4468 
f 4417 4415 4468 4469 
f 4419 4417 4469 4470 
f 4421 4419 4470 4471 
f 4423 4421 4471 4472 
f 4425 4423 4472 4473 
f 4403 4425 4473 4462 
f 4463 4462 4427 4428 
f 4464 4463 4428 4429 
f 4465 4464 4429 4430 
f 4466 4465 4430 4431 
f 4467 4466 4431 4432 
f 4468 4467 4432 4433 
f 4469 4468 4433 4434 
f 4470 4469 4434 4435 
f 4471 4470 4435 4436 
f 4472 4471 4436 
f 4473 4472 4437 
f 4462 4473 4437 4427 
f 4427 4450 4451 4428 
f 4428 4451 4452 4429 
f 4429 4452 4453 4430 
f 4430 4453 4454 4431 
f 4431 4454 4455 4432 
f 4432 4455 4456 4433 
f 4433 4456 4457 4434 
f 4434 4457 4458 4435 
f 4435 4458 4459 4436 
f 4436 4459 4460 4472 
f 4472 4460 4461 4437 
f 4437 4461 4450 4427 
s 2
f 4406 4405 4438 4439 
f 4405 4408 4440 4438 
f 4408 4410 4441 4440 
f 4410 4412 4442 4441 
f 4412 4414 4443 4442 
f 4414 4416 4444 4443 
f 4416 4418 4445 4444 
f 4418 4420 4446 4445 
f 4420 4422 4447 4446 
f 4422 4424 4448 4447 
f 4424 4426 4449 4448 
f 4426 4406 4439 4449 
s 1
f 4474 4475 4476 4477 
f 4475 4478 4479 4476 
f 4478 4480 4481 4479 
f 4480 4482 4483 4481 
f 4482 4484 4485 4483 
f 4484 4486 4487 4485 
f 4486 4488 4489 4487 
f 4488 4490 4491 4489 
f 4490 4492 4493 4491 
f 4492 4494 4495 4493 
f 4494 4496 4497 4495 
f 4496 4474 4477 4497 
f 4475 4474 4498 4499 
f 4478 4475 4499 4500 
f 4480 4478 4500 4501 
f 4482 4480 4501 4502 
f 4484 4482 4502 4503 
f 4486 4484 4503 4504 
f 4488 4486 4504 4505 
f 4490 4488 4505 4506 
f 4492 4490 4506 4507 
f 4494 4492 4507 4508 
f 4496 4494 4508 4509 
f 4474 4496 4509 4498 
f 4499 4498 4510 4511 
f 4500 4499 4511 4512 
f 4501 4500 4512 4513 
f 4502 4501 4513 4514 
f 4503 4502 4514 4515 
f 4504 4503 4515 4516 
f 4505 4504 4516 4517 
f 4506 4505 4517 4518 
f 4507 4506 4518 4519 
f 4508 4507 4519 
f 4509 4508 4520 
f 4498 4509 4520 4510 
f 4510 4521 4522 4511 
f 4511 4522 4523 4512 
f 4512 4523 4524 4513 
f 4513 4524 4525 4514 
f 4514 4525 4526 4515 
f 4515 4526 4527 4516 
f 4516 4527 4528 4517 
f 4517 4528 4529 4518 
f 4518 4529 4530 4519 
f 4519 4530 4531 4508 
f 4508 4531 4532 4520 
f 4520 4532 4521 4510 
s 2
f 4477 4476 4533 4534 
f 4476 4479 4535 4533 
f 4479 4481 4536 4535 
f 4481 4483 4537 4536 
f 4483 4485 4538 4537 
f 4485 4487 4539 4538 
f 4487 4489 4540 4539 
f 4489 4491 4541 4540 
f 4491 4493 4542 4541 
f 4493 4495 4543 4542 
f 4495 4497 4544 4543 
f 4497 4477 4534 4544 
s 1
f 4545 4546 4547 4548 
f 4546 4549 4550 4547 
f 4549 4551 4552 4550 
f 4551 4553 4554 4552 
f 4553 4555 4556 4554 
f 4555 4557 4558 4556 
f 4557 4559 4560 4558 
f 4559 4561 4562 4560 
f 4561 4563 4564 4562 
f 4563 4565 4566 4564 
f 4565 4567 4568 4566 
f 4567 4545 4548 4568 
f 4546 4545 4604 4605 
f 4549 4546 4605 4606 
f 4551 4549 4606 4607 
f 4553 4551 4607 4608 
f 4555 4553 4608 4609 
f 4557 4555 4609 4610 
f 4559 4557 4610 4611 
f 4561 4559 4611 4612 
f 4563 4561 4612 4613 
f 4565 4563 4613 4614 
f 4567 4565 4614 4615 
f 4545 4567 4615 4604 
f 4605 4604 4569 4570 
f 4606 4605 4570 4571 
f 4607 4606 4571 4572 
f 4608 4607 4572 4573 
f 4609 4608 4573 4574 
f 4610 4609 4574 4575 
f 4611 4610 4575 4576 
f 4612 4611 4576 4577 
f 4613 4612 4577 4578 
f 4614 4613 4578 
f 4615 4614 4579 
f 4604 4615 4579 4569 
f 4569 4592 4593 4570 
f 4570 4593 4594 4571 
f 4571 4594 4595 4572 
f 4572 4595 4596 4573 
f 4573 4596 4597 4574 
f 4574 4597 4598 4575 
f 4575 4598 4599 4576 
f 4576 4599 4600 4577 
f 4577 4600 4601 4578 
f 4578 4601 4602 4614 
f 4614 4602 4603 4579 
f 4579 4603 4592 4569 
s 2
f 4548 4547 4580 4581 
f 4547 4550 4582 4580 
f 4550 4552 4583 4582 
f 4552 4554 4584 4583 
f 4554 4556 4585 4584 
f 4556 4558 4586 4585 
f 4558 4560 4587 4586 
f 4560 4562 4588 4587 
f 4562 4564 4589 4588 
f 4564 4566 4590 4589 
f 4566 4568 4591 4590 
f 4568 4548 4581 4591 
s 1
f 4616 4617 4618 4619 
f 4617 4620 4621 4618 
f 4620 4622 4623 4621 
f 4622 4624 4625 4623 
f 4624 4626 4627 4625 
f 4626 4628 4629 4627 
f 4628 4630 4631 4629 
f 4630 4632 4633 4631 
f 4632 4634 4635 4633 
f 4634 4636 4637 4635 
f 4636 4638 4639 4637 
f 4638 4616 4619 4639 
f 4617 4616 4640 4641 
f 4620 4617 4641 4642 
f 4622 4620 4642 4643 
f 4624 4622 4643 4644 
f 4626 4624 4644 4645 
f 4628 4626 4645 4646 
f 4630 4628 4646 4647 
f 4632 4630 4647 4648 
f 4634 4632 4648 4649 
f 4636 4634 4649 4650 
f 4638 4636 4650 4651 
f 4616 4638 4651 4640 
f 4641 4640 4652 4653 
f 4642 4641 4653 4654 
f 4643 4642 4654 4655 
f 4644 4643 4655 4656 
f 4645 4644 4656 4657 
f 4646 4645 4657 4658 
f 4647 4646 4658 4659 
f 4648 4647 4659 4660 
f 4649 4648 4660 4661 
f 4650 4649 4661 
f 4651 4650 4662 
f 4640 4651 4662 4652 
f 4652 4663 4664 4653 
f 4653 4664 4665 4654 
f 4654 4665 4666 4655 
f 4655 4666 4667 4656 
f 4656 4667 4668 4657 
f 4657 4668 4669 4658 
f 4658 4669 4670 4659 
f 4659 4670 4671 4660 
f 4660 4671 4672 4661 
f 4661 4672 4673 4650 
f 4650 4673 4674 4662 
f 4662 4674 4663 4652 
s 2
f 4619 4618 4675 4676 
f 4618 4621 4677 4675 
f 4621 4623 4678 4677 
f 4623 4625 4679 4678 
f 4625 4627 4680 4679 
f 4627 4629 4681 4680 
f 4629 4631 4682 4681 
f 4631 4633 4683 4682 
f 4633 4635 4684 4683 
f 4635 4637 4685 4684 
f 4637 4639 4686 4685 
f 4639 4619 4676 4686 
s 1
f 4687 4688 4689 4690 
f 4688 4691 4692 4689 
f 4691 4693 4694 4692 
f 4693 4695 4696 4694 
f 4695 4697 4698 4696 
f 4697 4699 4700 4698 
f 4699 4701 4702 4700 
f 4701 4703 4704 4702 
f 4703 4705 4706 4704 
f 4705 4707 4708 4706 
f 4707 4709 4710 4708 
f 4709 4687 4690 4710 
f 4688 4687 4746 4747 
f 4691 4688 4747 4748 
f 4693 4691 4748 4749 
f 4695 4693 4749 4750 
f 4697 4695 4750 4751 
f 4699 4697 4751 4752 
f 4701 4699 4752 4753 
f 4703 4701 4753 4754 
f 4705 4703 4754 4755 
f 4707 4705 4755 4756 
f 4709 4707 4756 4757 
f 4687 4709 4757 4746 
f 4747 4746 4711 4712 
f 4748 4747 4712 4713 
f 4749 4748 4713 4714 
f 4750 4749 4714 4715 
f 4751 4750 4715 4716 
f 4752 4751 4716 4717 
f 4753 4752 4717 4718 
f 4754 4753 4718 4719 
f 4755 4754 4719 4720 
f 4756 4755 4720 
f 4757 4756 4721 
f 4746 4757 4721 4711 
f 4711 4734 4735 4712 
f 4712 4735 4736 4713 
f 4713 4736 4737 4714 
f 4714 4737 4738 4715 
f 4715 4738 4739 4716 
f 4716 4739 4740 4717 
f 4717 4740 4741 4718 
f 4718 4741 4742 4719 
f 4719 4742 4743 4720 
f 4720 4743 4744 4756 
f 4756 4744 4745 4721 
f 4721 4745 4734 4711 
s 2
f 4690 4689 4722 4723 
f 4689 4692 4724 4722 
f 4692 4694 4725 4724 
f 4694 4696 4726 4725 
f 4696 4698 4727 4726 
f 4698 4700 4728 4727 
f 4700 4702 4729 4728 
f 4702 4704 4730 4729 
f 4704 4706 4731 4730 
f 4706 4708 4732 4731 
f 4708 4710 4733 4732 
f 4710 4690 4723 4733 
s 1
f 4758 4759 4760 4761 
f 4759 4762 4763 4760 
f 4762 4764 4765 4763 
f 4764 4766 4767 4765 
f 4766 4768 4769 4767 
f 4768 4770 4771 4769 
f 4770 4772 4773 4771 
f 4772 4774 4775 4773 
f 4774 4776 4777 4775 
f 4776 4778 4779 4777 
f 4778 4780 4781 4779 
f 4780 4758 4761 4781 
f 4759 4758 4782 4783 
f 4762 4759 4783 4784 
f 4764 4762 4784 4785 
f 4766 4764 4785 4786 
f 4768 4766 4786 4787 
f 4770 4768 4787 4788 
f 4772 4770 4788 4789 
f 4774 4772 4789 4790 
f 4776 4774 4790 4791 
f 4778 4776 4791 4792 
f 4780 4778 4792 4793 
f 4758 4780 4793 4782 
f 4783 4782 4794 4795 
f 4784 4783 4795 4796 
f 4785 4784 4796 4797 
f 4786 4785 4797 4798 
f 4787 4786 4798 4799 
f 4788 4787 4799 4800 
f 4789 4788 4800 4801 
f 4790 4789 4801 4802 
f 4791 4790 4802 4803 
f 4792 4791 4803 
f 4793 4792 4804 
f 4782 4793 4804 4794 
f 4794 4805 4806 4795 
f 4795 4806 4807 4796 
f 4796 4807 4808 4797 
f 4797 4808 4809 4798 
f 4798 4809 4810 4799 
f 4799 4810 4811 4800 
f 4800 4811 4812 4801 
f 4801 4812 4813 4802 
f 4802 4813 4814 4803 
f 4803 4814 4815 4792 
f 4792 4815 4816 4804 
f 4804 4816 4805 4794 
s 2
f 4761 4760 4817 4818 
f 4760 4763 4819 4817 
f 4763 4765 4820 4819 
f 4765 4767 4821 4820 
f 4767 4769 4822 4821 
f 4769 4771 4823 4822 
f 4771 4773 4824 4823 
f 4773 4775 4825 4824 
f 4775 4777 4826 4825 
f 4777 4779 4827 4826 
f 4779 4781 4828 4827 
f 4781 4761 4818 4828 
s 1
f 4829 4830 4831 4832 
f 4830 4833 4834 4831 
f 4833 4835 4836 4834 
f 4835 4837 4838 4836 
f 4837 4839 4840 4838 
f 4839 4841 4842 4840 
f 4841 4843 4844 4842 
f 4843 4845 4846 4844 
f 4845 4847 4848 4846 
f 4847 4849 4850 4848 
f 4849 4851 4852 4850 
f 4851 4829 4832 4852 
f 4830 4829 4888 4889 
f 4833 4830 4889 4890 
f 4835 4833 4890 4891 
f 4837 4835 4891 4892 
f 4839 4837 4892 4893 
f 4841 4839 4893 4894 
f 4843 4841 4894 4895 
f 4845 4843 4895 4896 
f 4847 4845 4896 4897 
f 4849 4847 4897 4898 
f 4851 4849 4898 4899 
f 4829 4851 4899 4888 
f 4889 4888 4853 4854 
f 4890 4889 4854 4855 
f 4891 4890 4855 4856 
f 4892 4891 4856 4857 
f 4893 4892 4857 4858 
f 4894 4893 4858 4859 
f 4895 4894 4859 4860 
f 4896 4895 4860 4861 
f 4897 4896 4861 4862 
f 4898 4897 4862 
f 4899 4898 4863 
f 4888 4899 4863 4853 
f 4853 4876 4877 4854 
f 4854 4877 4878 4855 
f 4855 4878 4879 4856 
f 4856 4879 4880 4857 
f 4857 4880 4881 4858 
f 4858 4881 4882 4859 
f 4859 4882 4883 4860 
f 4860 4883 4884 4861 
f 4861 4884 4885 4862 
f 4862 4885 4886 4898 
f 4898 4886 4887 4863 
f 4863 4887 4876 4853 
s 2
f 4832 4831 4864 4865 
f 4831 4834 4866 4864 
f 4834 4836 4867 4866 
f 4836 4838 4868 4867 
f 4838 4840 4869 4868 
f 4840 4842 4870 4869 
f 4842 4844 4871 4870 
f 4844 4846 4872 4871 
f 4846 4848 4873 4872 
f 4848 4850 4874 4873 
f 4850 4852 4875 4874 
f 4852 4832 4865 4875 
s 1
f 4900 4901 4902 4903 
f 4901 4904 4905 4902 
f 4904 4906 4907 4905 
f 4906 4908 4909 4907 
f 4908 4910 4911 4909 
f 4910 4912 4913 4911 
f 4912 4914 4915 4913 
f 4914 4916 4917 4915 
f 4916 4918 4919 4917 
f 4918 4920 4921 4919 
f 4920 4922 4923 4921 
f 4922 4900 4903 4923 
f 4901 4900 4924 4925 
f 4904 4901 4925 4926 
f 4906 4904 4926 4927 
f 4908 4906 4927 4928 
f 4910 4908 4928 4929 
f 4912 4910 4929 4930 
f 4914 4912 4930 4931 
f 4916 4914 4931 4932 
f 4918 4916 4932 4933 
f 4920 4918 4933 4934 
f 4922 4920 4934 4935 
f 4900 4922 4935 4924 
f 4925 4924 4936 4937 
f 4926 4925 4937 4938 
f 4927 4926 4938 4939 
f 4928 4927 4939 4940 
f 4929 4928 4940 4941 
f 4930 4929 4941 4942 
f 4931 4930 4942 4943 
f 4932 4931 4943 4944 
f 4933 4932 4944 4945 
f 4934 4933 4945 
f 4935 4934 4946 
f 4924 4935 4946 4936 
f 4936 4947 4948 4937 
f 4937 4948 4949 4938 
f 4938 4949 4950 4939 
f 4939 4950 4951 4940 
f 4940 4951 4952 4941 
f 4941 4952 4953 4942 
f 4942 4953 4954 4943 
f 4943 4954 4955 4944 
f 4944 4955 4956 4945 
f 4945 4956 4957 4934 
f 4934 4957 4958 4946 
f 4946 4958 4947 4936 
s 2
f 4903 4902 4959 4960 
f 4902 4905 4961 4959 
f 4905 4907 4962 4961 
f 4907 4909 4963 4962 
f 4909 4911 4964 4963 
f 4911 4913 4965 4964 
f 4913 4915 4966 4965 
f 4915 4917 4967 4966 
f 4917 4919 4968 4967 
f 4919 4921 4969 4968 
f 4921 4923 4970 4969 
f 4923 4903 4960 4970 
s 1
f 4971 4972 4973 4974 
f 4972 4975 4976 4973 
f 4975 4977 4978 4976 
f 4977 4979 4980 4978 
f 4979 4981 4982 4980 
f 4981 4983 4984 4982 
f 4983 4985 4986 4984 
f 4985 4987 4988 4986 
f 4987 4989 4990 4988 
f 4989 4991 4992 4990 
f 4991 4993 4994 4992 
f 4993 4971 4974 4994 
f 4972 4971 5030 5031 
f 4975 4972 5031 5032 
f 4977 4975 5032 5033 
f 4979 4977 5033 5034 
f 4981 4979 5034 5035 
f 4983 4981 5035 5036 
f 4985 4983 5036 5037 
f 4987 4985 5037 5038 
f 4989 4987 5038 5039 
f 4991 4989 5039 5040 
f 4993 4991 5040 5041 
f 4971 4993 5041 5030 
f 5031 5030 4995 4996 
f 5032 5031 4996 4997 
f 5033 5032 4997 4998 
f 5034 5033 4998 4999 
f 5035 5034 4999 5000 
f 5036 5035 5000 5001 
f 5037 5036 5001 5002 
f 5038 5037 5002 5003 
f 5039 5038 5003 5004 
f 5040 5039 5004 
f 5041 5040 5005 
f 5030 5041 5005 4995 
f 4995 5018 5019 4996 
f 4996 5019 5020 4997 
f 4997 5020 5021 4998 
f 4998 5021 5022 4999 
f 4999 5022 5023 5000 
f 5000 5023 5024 5001 
f 5001 5024 5025 5002 
f 5002 5025 5026 5003 
f 5003 5026 5027 5004 
f 5004 5027 5028 5040 
f 5040 5028 5029 5005 
f 5005 5029 5018 4995 
s 2
f 4974 4973 5006 5007 
f 4973 4976 5008 5006 
f 4976 4978 5009 5008 
f 4978 4980 5010 5009 
f 4980 4982 5011 5010 
f 4982 4984 5012 5011 
f 4984 4986 5013 5012 
f 4986 4988 5014 5013 
f 4988 4990 5015 5014 
f 4990 4992 5016 5015 
f 4992 4994 5017 5016 
f 4994 4974 5007 5017 
s 1
f 5042 5043 5044 5045 
f 5043 5046 5047 5044 
f 5046 5048 5049 5047 
f 5048 5050 5051 5049 
f 5050 5052 5053 5051 
f 5052 5054 5055 5053 
f 5054 5056 5057 5055 
f 5056 5058 5059 5057 
f 5058 5060 5061 5059 
f 5060 5062 5063 5061 
f 5062 5064 5065 5063 
f 5064 5042 5045 5065 
f 5043 5042 5066 5067 
f 5046 5043 5067 5068 
f 5048 5046 5068 5069 
f 5050 5048 5069 5070 
f 5052 5050 5070 5071 
f 5054 5052 5071 5072 
f 5056 5054 5072 5073 
f 5058 5056 5073 5074 
f 5060 5058 5074 5075 
f 5062 5060 5075 5076 
f 5064 5062 5076 5077 
f 5042 5064 5077 5066 
f 5067 5066 5078 5079 
f 5068 5067 5079 5080 
f 5069 5068 5080 5081 
f 5070 5069 5081 5082 
f 5071 5070 5082 5083 
f 5072 5071 5083 5084 
f 5073 5072 5084 5085 
f 5074 5073 5085 5086 
f 5075 5074 5086 5087 
f 5076 5075 5087 
f 5077 5076 5088 
f 5066 5077 5088 5078 
f 5078 5089 5090 5079 
f 5079 5090 5091 5080 
f 5080 5091 5092 5081 
f 5081 5092 5093 5082 
f 5082 5093 5094 5083 
f 5083 5094 5095 5084 
f 5084 5095 5096 5085 
f 5085 5096 5097 5086 
f 5086 5097 5098 5087 
f 5087 5098 5099 5076 
f 5076 5099 5100 5088 
f 5088 5100 5089 5078 
s 2
f 5045 5044 5101 5102 
f 5044 5047 5103 5101 
f 5047 5049 5104 5103 
f 5049 5051 5105 5104 
f 5051 5053 5106 5105 
f 5053 5055 5107 5106 
f 5055 5057 5108 5107 
f 5057 5059 5109 5108 
f 5059 5061 5110 5109 
f 5061 5063 5111 5110 
f 5063 5065 5112 5111 
f 5065 5045 5102 5112 
s 1
f 5113 5114 5115 5116 
f 5114 5117 5118 5115 
f 5117 5119 5120 5118 
f 5119 5121 5122 5120 
f 5121 5123 5124 5122 
f 5123 5125 5126 5124 
f 5125 5127 5128 5126 
f 5127 5129 5130 5128 
f 5129 5131 5132 5130 
f 5131 5133 5134 5132 
f 5133 5135 5136 5134 
f 5135 5113 5116 5136 
f 5114 5113 5172 5173 
f 5117 5114 5173 5174 
f 5119 5117 5174 5175 
f 5121 5119 5175 5176 
f 5123 5121 5176 5177 
f 5125 5123 5177 5178 
f 5127 5125 5178 5179 
f 5129 5127 5179 5180 
f 5131 5129 5180 5181 
f 5133 5131 5181 5182 
f 5135 5133 5182 5183 
f 5113 5135 5183 5172 
f 5173 5172 5137 5138 
f 5174 5173 5138 5139 
f 5175 5174 5139 5140 
f 5176 5175 5140 5141 
f 5177 5176 5141 5142 
f 5178 5177 5142 5143 
f 5179 5178 5143 5144 
f 5180 5179 5144 5145 
f 5181 5180 5145 5146 
f 5182 5181 5146 
f 5183 5182 5147 
f 5172 5183 5147 5137 
f 5137 5160 5161 5138 
f 5138 5161 5162 5139 
f 5139 5162 5163 5140 
f 5140 5163 5164 5141 
f 5141 5164 5165 5142 
f 5142 5165 5166 5143 
f 5143 5166 5167 5144 
f 5144 5167 5168 5145 
f 5145 5168 5169 5146 
f 5146 5169 5170 5182 
f 5182 5170 5171 5147 
f 5147 5171 5160 5137 
s 2
f 5116 5115 5148 5149 
f 5115 5118 5150 5148 
f 5118 5120 5151 5150 
f 5120 5122 5152 5151 
f 5122 5124 5153 5152 
f 5124 5126 5154 5153 
f 5126 5128 5155 5154 
f 5128 5130 5156 5155 
f 5130 5132 5157 5156 
f 5132 5134 5158 5157 
f 5134 5136 5159 5158 
f 5136 5116 5149 5159 
s 1
f 5184 5185 5186 5187 
f 5185 5188 5189 5186 
f 5188 5190 5191 5189 
f 5190 5192 5193 5191 
f 5192 5194 5195 5193 
f 5194 5196 5197 5195 
f 5196 5198 5199 5197 
f 5198 5200 5201 5199 
f 5200 5202 5203 5201 
f 5202 5204 5205 5203 
f 5204 5206 5207 5205 
f 5206 5184 5187 5207 
f 5185 5184 5208 5209 
f 5188 5185 5209 5210 
f 5190 5188 5210 5211 
f 5192 5190 5211 5212 
f 5194 5192 5212 5213 
f 5196 5194 5213 5214 
f 5198 5196 5214 5215 
f 5200 5198 5215 5216 
f 5202 5200 5216 5217 
f 5204 5202 5217 5218 
f 5206 5204 5218 5219 
f 5184 5206 5219 5208 
f 5209 5208 5220 5221 
f 5210 5209 5221 5222 
f 5211 5210 5222 5223 
f 5212 5211 5223 5224 
f 5213 5212 5224 5225 
f 5214 5213 5225 5226 
f 5215 5214 5226 5227 
f 5216 5215 5227 5228 
f 5217 5216 5228 5229 
f 5218 5217 5229 
f 5219 5218 5230 
f 5208 5219 5230 5220 
f 5220 5231 5232 5221 
f 5221 5232 5233 5222 
f 5222 5233 5234 5223 
f 5223 5234 5235 5224 
f 5224 5235 5236 5225 
f 5225 5236 5237 5226 
f 5226 5237 5238 5227 
f 5227 5238 5239 5228 
f 5228 5239 5240 5229 
f 5229 5240 5241 5218 
f 5218 5241 5242 5230 
f 5230 5242 5231 5220 
s 2
f 5187 5186 5243 5244 
f 5186 5189 5245 5243 
f 5189 5191 5246 5245 
f 5191 5193 5247 5246 
f 5193 5195 5248 5247 
f 5195 5197 5249 5248 
f 5197 5199 5250 5249 
f 5199 5201 5251 5250 
f 5201 5203 5252 5251 
f 5203 5205 5253 5252 
f 5205 5207 5254 5253 
f 5207 5187 5244 5254 
s 1
f 5255 5256 5257 5258 
f 5256 5259 5260 5257 
f 5259 5261 5262 5260 
f 5261 5263 5264 5262 
f 5263 5265 5266 5264 
f 5265 5267 5268 5266 
f 5267 5269 5270 5268 
f 5269 5271 5272 5270 
f 5271 5273 5274 5272 
f 5273 5275 5276 5274 
f 5275 5277 5278 5276 
f 5277 5255 5258 5278 
f 5256 5255 5314 5315 
f 5259 5256 5315 5316 
f 5261 5259 5316 5317 
f 5263 5261 5317 5318 
f 5265 5263 5318 5319 
f 5267 5265 5319 5320 
f 5269 5267 5320 5321 
f 5271 5269 5321 5322 
f 5273 5271 5322 5323 
f 5275 5273 5323 5324 
f 5277 5275 5324 5325 
f 5255 5277 5325 5314 
f 5315 5314 5279 5280 
f 5316 5315 5280 5281 
f 5317 5316 5281 5282 
f 5318 5317 5282 5283 
f 5319 5318 5283 5284 
f 5320 5319 5284 5285 
f 5321 5320 5285 5286 
f 5322 5321 5286 5287 
f 5323 5322 5287 5288 
f 5324 5323 5288 
f 5325 5324 5289 
f 5314 5325 5289 5279 
f 5279 5302 5303 5280 
f 5280 5303 5304 5281 
f 5281 5304 5305 5282 
f 5282 5305 5306 5283 
f 5283 5306 5307 5284 
f 5284 5307 5308 5285 
f 5285 5308 5309 5286 
f 5286 5309 5310 5287 
f 5287 5310 5311 5288 
f 5288 5311 5312 5324 
f 5324 5312 5313 5289 
f 5289 5313 5302 5279 
s 2
f 5258 5257 5290 5291 
f 5257 5260 5292 5290 
f 5260 5262 5293 5292 
f 5262 5264 5294 5293 
f 5264 5266 5295 5294 
f 5266 5268 5296 5295 
f 5268 5270 5297 5296 
f 5270 5272 5298 5297 
f 5272 5274 5299 5298 
f 5274 5276 5300 5299 
f 5276 5278 5301 5300 
f 5278 5258 5291 5301 
s 1
f 5326 5327 5328 5329 
f 5327 5330 5331 5328 
f 5330 5332 5333 5331 
f 5332 5334 5335 5333 
f 5334 5336 5337 5335 
f 5336 5338 5339 5337 
f 5338 5340 5341 5339 
f 5340 5342 5343 5341 
f 5342 5344 5345 5343 
f 5344 5346 5347 5345 
f 5346 5348 5349 5347 
f 5348 5326 5329 5349 
f 5327 5326 5350 5351 
f 5330 5327 5351 5352 
f 5332 5330 5352 5353 
f 5334 5332 5353 5354 
f 5336 5334 5354 5355 
f 5338 5336 5355 5356 
f 5340 5338 5356 5357 
f 5342 5340 5357 5358 
f 5344 5342 5358 5359 
f 5346 5344 5359 5360 
f 5348 5346 5360 5361 
f 5326 5348 5361 5350 
f 5351 5350 5362 5363 
f 5352 5351 5363 5364 
f 5353 5352 5364 5365 
f 5354 5353 5365 5366 
f 5355 5354 5366 5367 
f 5356 5355 5367 5368 
f 5357 5356 5368 5369 
f 5358 5357 5369 5370 
f 5359 5358 5370 5371 
f 5360 5359 5371 
f 5361 5360 5372 
f 5350 5361 5372 5362 
f 5362 5373 5374 5363 
f 5363 5374 5375 5364 
f 5364 5375 5376 5365 
f 5365 5376 5377 5366 
f 5366 5377 5378 5367 
f 5367 5378 5379 5368 
f 5368 5379 5380 5369 
f 5369 5380 5381 5370 
f 5370 5381 5382 5371 
f 5371 5382 5383 5360 
f 5360 5383 5384 5372 
f 5372 5384 5373 5362 
s 2
f 5329 5328 5385 5386 
f 5328 5331 5387 5385 
f 5331 5333 5388 5387 
f 5333 5335 5389 5388 
f 5335 5337 5390 5389 
f 5337 5339 5391 5390 
f 5339 5341 5392 5391 
f 5341 5343 5393 5392 
f 5343 5345 5394 5393 
f 5345 5347 5395 5394 
f 5347 5349 5396 5395 
f 5349 5329 5386 5396 
s 1
f 5397 5398 5399 5400 
f 5398 5401 5402 5399 
f 5401 5403 5404 5402 
f 5403 5405 5406 5404 
f 5405 5407 5408 5406 
f 5407 5409 5410 5408 
f 5409 5411 5412 5410 
f 5411 5413 5414 5412 
f 5413 5415 5416 5414 
f 5415 5417 5418 5416 
f 5417 5419 5420 5418 
f 5419 5397 5400 5420 
f 5398 5397 5421 5422 
f 5401 5398 5422 5423 
f 5403 5401 5423 5424 
f 5405 5403 5424 5425 
f 5407 5405 5425 5426 
f 5409 5407 5426 5427 
f 5411 5409 5427 5428 
f 5413 5411 5428 5429 
f 5415 5413 5429 5430 
f 5417 5415 5430 5431 
f 5419 5417 5431 5432 
f 5397 5419 5432 5421 
f 5422 5421 5433 5434 
f 5423 5422 5434 5435 
f 5424 5423 5435 5436 
f 5425 5424 5436 5437 
f 5426 5425 5437 5438 
f 5427 5426 5438 5439 
f 5428 5427 5439 5440 
f 5429 5428 5440 5441 
f 5430 5429 5441 5442 
f 5431 5430 5442 
f 5432 5431 5443 
f 5421 5432 5443 5433 
f 5433 5444 5445 5434 
f 5434 5445 5446 5435 
f 5435 5446 5447 5436 
f 5436 5447 5448 5437 
f 5437 5448 5449 5438 
f 5438 5449 5450 5439 
f 5439 5450 5451 5440 
f 5440 5451 5452 5441 
f 5441 5452 5453 5442 
f 5442 5453 5454 5431 
f 5431 5454 5455 5443 
f 5443 5455 5444 5433 
s 2
f 5400 5399 5456 5457 
f 5399 5402 5458 5456 
f 5402 5404 5459 5458 
f 5404 5406 5460 5459 
f 5406 5408 5461 5460 
f 5408 5410 5462 5461 
f 5410 5412 5463 5462 
f 5412 5414 5464 5463 
f 5414 5416 5465 5464 
f 5416 5418 5466 5465 
f 5418 5420 5467 5466 
f 5420 5400 5457 5467 
s 1
f 5468 5469 5470 5471 
f 5469 5472 5473 5470 
f 5472 5474 5475 5473 
f 5474 5476 5477 5475 
f 5476 5478 5479 5477 
f 5478 5480 5481 5479 
f 5480 5482 5483 5481 
f 5482 5484 5485 5483 
f 5484 5486 5487 5485 
f 5486 5488 5489 5487 
f 5488 5490 5491 5489 
f 5490 5468 5471 5491 
f 5469 5468 5492 5493 
f 5472 5469 5493 5494 
f 5474 5472 5494 5495 
f 5476 5474 5495 5496 
f 5478 5476 5496 5497 
f 5480 5478 5497 5498 
f 5482 5480 5498 5499 
f 5484 5482 5499 5500 
f 5486 5484 5500 5501 
f 5488 5486 5501 5502 
f 5490 5488 5502 5503 
f 5468 5490 5503 5492 
f 5493 5492 5504 5505 
f 5494 5493 5505 5506 
f 5495 5494 5506 5507 
f 5496 5495 5507 5508 
f 5497 5496 5508 5509 
f 5498 5497 5509 5510 
f 5499 5498 5510 5511 
f 5500 5499 5511 5512 
f 5501 5500 5512 5513 
f 5502 5501 5513 
f 5503 5502 5514 
f 5492 5503 5514 5504 
f 5504 5515 5516 5505 
f 5505 5516 5517 5506 
f 5506 5517 5518 5507 
f 5507 5518 5519 5508 
f 5508 5519 5520 5509 
f 5509 5520 5521 5510 
f 5510 5521 5522 5511 
f 5511 5522 5523 5512 
f 5512 5523 5524 5513 
f 5513 5524 5525 5502 
f 5502 5525 5526 5514 
f 5514 5526 5515 5504 
s 2
f 5471 5470 5527 5528 
f 5470 5473 5529 5527 
f 5473 5475 5530 5529 
f 5475 5477 5531 5530 
f 5477 5479 5532 5531 
f 5479 5481 5533 5532 
f 5481 5483 5534 5533 
f 5483 5485 5535 5534 
f 5485 5487 5536 5535 
f 5487 5489 5537 5536 
f 5489 5491 5538 5537 
f 5491 5471 5528 5538 
s 1
f 6308 6309 6372 6373 
f 6309 6310 6435 6372 
f 6310 6311 6434 6435 
f 6311 6312 6433 6434 
f 6312 6313 6432 6433 
f 6313 6314 6431 6432 
f 6314 6315 6430 6431 
f 6315 6316 6429 6430 
f 6316 6317 6428 6429 
f 6317 6318 6427 6428 
f 6318 6319 6426 6427 
f 6319 6320 6425 6426 
f 6320 6321 6424 6425 
f 6321 6322 6423 6424 
f 6322 6323 6422 6423 
f 6323 6324 6421 6422 
f 6324 6325 6420 6421 
f 6325 6326 6419 6420 
f 6326 6327 6418 6419 
f 6327 6328 6417 6418 
f 6328 6329 6416 6417 
f 6329 6330 6415 6416 
f 6330 6331 6414 6415 
f 6331 6332 6413 6414 
f 6332 6333 6412 6413 
f 6333 6334 6411 6412 
f 6334 6335 6410 6411 
f 6335 6336 6409 6410 
f 6336 6337 6408 6409 
f 6337 6338 6407 6408 
f 6338 6339 6406 6407 
f 6339 6340 6405 6406 
f 6371 6308 6373 6374 
f 6374 6375 6370 6371 
f 6375 6376 6369 6370 
f 6376 6377 6368 6369 
f 6377 6378 6367 6368 
f 6378 6379 6366 6367 
f 6379 6380 6365 6366 
f 6380 6381 6364 6365 
f 6381 6382 6363 6364 
f 6382 6383 6362 6363 
f 6383 6384 6361 6362 
f 6384 6385 6360 6361 
f 6385 6386 6359 6360 
f 6386 6387 6358 6359 
f 6387 6388 6357 6358 
f 6388 6389 6356 6357 
f 6389 6390 6355 6356 
f 6390 6391 6354 6355 
f 6391 6392 6353 6354 
f 6392 6393 6352 6353 
f 6393 6394 6351 6352 
f 6394 6395 6350 6351 
f 6395 6396 6349 6350 
f 6396 6397 6348 6349 
f 6397 6398 6347 6348 
f 6398 6399 6346 6347 
f 6399 6400 6345 6346 
f 6400 6401 6344 6345 
f 6401 6402 6343 6344 
f 6402 6403 6342 6343 
f 6403 6404 6341 6342 
f 6404 6405 6340 6341 
s 2
f 6045 6286 6288 6043 
f 6288 6304 6041 6043 
f 6304 6118 6039 6041 
f 6120 6037 6039 6118 
f 6120 6124 6035 6037 
f 6126 6033 6035 6124 
f 6129 6031 6033 6126 
f 6129 6133 6029 6031 
f 6135 6027 6029 6133 
f 6135 6139 6025 6027 
f 6141 6023 6025 6139 
f 6141 6145 6021 6023 
f 6147 6019 6021 6145 
f 6147 6151 6017 6019 
f 6153 6015 6017 6151 
f 6153 6157 6013 6015 
f 6159 6011 6013 6157 
f 6159 6301 6009 6011 
f 6301 6163 6007 6009 
f 6165 6005 6007 6163 
f 6165 6169 6003 6005 
f 6171 6001 6003 6169 
f 6174 5999 6001 6171 
f 6174 6178 5997 5999 
f 6180 5995 5997 6178 
f 6180 6184 5993 5995 
f 6186 5989 5993 6184 
f 6186 6190 5991 5989 
f 6190 6192 6055 5991 
f 6192 6195 6057 6055 
f 6198 6059 6057 6195 
f 6198 6202 6061 6059 
f 6204 6063 6061 6202 
f 6204 6298 6065 6063 
f 6298 6208 6067 6065 
f 6210 6069 6067 6208 
f 6210 6214 6071 6069 
f 6216 6073 6071 6214 
f 6219 6075 6073 6216 
f 6219 6223 6077 6075 
f 6225 6079 6077 6223 
f 6225 6229 6081 6079 
f 6231 6083 6081 6229 
f 6231 6306 6085 6083 
f 6306 6235 6087 6085 
f 6235 6237 6089 6087 
f 6237 6240 6091 6089 
f 6240 6244 6093 6091 
f 6246 6095 6093 6244 
f 6246 6295 6097 6095 
f 6295 6250 6099 6097 
f 6252 6101 6099 6250 
f 6252 6256 6103 6101 
f 6258 6105 6103 6256 
f 6261 6107 6105 6258 
f 6261 6265 6109 6107 
f 6267 6111 6109 6265 
f 6270 6113 6111 6267 
f 6270 6291 6115 6113 
f 6291 6274 6053 6115 
f 6276 6051 6053 6274 
f 6276 6280 6049 6051 
f 6282 6047 6049 6280 
f 6282 6286 6045 6047 
s 1
f 5603 5604 5605 5606 
f 5607 5603 5606 5608 
f 5609 5607 5608 5610 
f 5611 5612 5609 5610 
f 5613 5614 5612 5611 
f 5615 5614 5613 5616 
f 5617 5615 5616 5618 
f 5619 5617 5618 5620 
f 5621 5619 5620 5622 
f 5623 5621 5622 5624 
f 5625 5623 5624 5626 
f 5627 5625 5626 5628 
f 5629 5627 5628 5630 
f 5631 5629 5630 5632 
f 5633 5631 5632 5634 
f 5635 5633 5634 5636 
f 5637 5635 5636 5638 
f 5639 5637 5638 5640 
f 5641 5639 5640 5642 
f 5643 5641 5642 5644 
f 5645 5646 5643 5644 
f 5647 5648 5646 5645 
f 5649 5648 5647 5650 
f 5651 5649 5650 5652 
f 5653 5651 5652 5654 
f 5655 5653 5654 5656 
f 5657 5655 5656 5658 
f 5659 5657 5658 5660 
f 5661 5659 5660 5662 
f 5663 5661 5662 5664 
f 5665 5663 5664 5666 
f 5667 5665 5666 5668 
f 5604 5669 5670 5605 
f 5669 5671 5672 5670 
f 5671 5673 5674 5672 
f 5673 5675 5676 5674 
f 5676 5675 5677 5678 
f 5678 5677 5679 5680 
f 5680 5679 5681 5682 
f 5681 5683 5684 5682 
f 5683 5685 5686 5684 
f 5685 5687 5688 5686 
f 5688 5687 5689 5690 
f 5689 5691 5692 5690 
f 5691 5693 5694 5692 
f 5693 5695 5696 5694 
f 5695 5697 5698 5696 
f 5697 5699 5700 5698 
f 5699 5701 5702 5700 
f 5701 5703 5704 5702 
f 5703 5705 5706 5704 
f 5705 5707 5708 5706 
f 5707 5709 5710 5708 
f 5710 5709 5711 5712 
f 5712 5711 5713 5714 
f 5714 5713 5715 5716 
f 5715 5717 5718 5716 
f 5717 5719 5720 5718 
f 5720 5719 5721 5722 
f 5722 5721 5723 5724 
f 5724 5723 5725 5726 
f 5725 5727 5728 5726 
f 5727 5729 5730 5728 
f 5729 5667 5668 5730 
f 5540 5539 5604 5603 
f 5731 5732 5606 5605 
f 5541 5540 5603 5607 
f 5732 5733 5608 5606 
f 5542 5541 5607 5609 
f 5733 5734 5610 5608 
f 5612 5543 5542 5609 
f 5610 5734 5735 5611 
f 5614 5544 5543 5612 
f 5611 5735 5736 5613 
f 5545 5544 5614 5615 
f 5736 5737 5616 5613 
f 5546 5545 5615 5617 
f 5737 5738 5618 5616 
f 5547 5546 5617 5619 
f 5738 5739 5620 5618 
f 5548 5547 5619 5621 
f 5739 5740 5622 5620 
f 5549 5548 5621 5623 
f 5740 5741 5624 5622 
f 5550 5549 5623 5625 
f 5741 5742 5626 5624 
f 5551 5550 5625 5627 
f 5742 5743 5628 5626 
f 5552 5551 5627 5629 
f 5743 5744 5630 5628 
f 5553 5552 5629 5631 
f 5744 5745 5632 5630 
f 5554 5553 5631 5633 
f 5745 5746 5634 5632 
f 5555 5554 5633 5635 
f 5746 5747 5636 5634 
f 5556 5555 5635 5637 
f 5747 5748 5638 5636 
f 5557 5556 5637 5639 
f 5748 5749 5640 5638 
f 5558 5557 5639 5641 
f 5749 5750 5642 5640 
f 5559 5558 5641 5643 
f 5750 5751 5644 5642 
f 5646 5560 5559 5643 
f 5644 5751 5752 5645 
f 5648 5561 5560 5646 
f 5645 5752 5753 5647 
f 5562 5561 5648 5649 
f 5753 5754 5650 5647 
f 5563 5562 5649 5651 
f 5754 5755 5652 5650 
f 5564 5563 5651 5653 
f 5755 5756 5654 5652 
f 5565 5564 5653 5655 
f 5756 5757 5656 5654 
f 5566 5565 5655 5657 
f 5757 5758 5658 5656 
f 5567 5566 5657 5659 
f 5758 5759 5660 5658 
f 5568 5567 5659 5661 
f 5759 5760 5662 5660 
f 5569 5568 5661 5663 
f 5760 5761 5664 5662 
f 5570 5569 5663 5665 
f 5761 5762 5666 5664 
f 5571 5570 5665 5667 
f 5762 5763 5668 5666 
f 5539 5572 5669 5604 
f 5764 5731 5605 5670 
f 5572 5573 5671 5669 
f 5765 5764 5670 5672 
f 5573 5574 5673 5671 
f 5766 5765 5672 5674 
f 5574 5575 5675 5673 
f 5767 5766 5674 5676 
f 5675 5575 5576 5677 
f 5678 5768 5767 5676 
f 5677 5576 5577 5679 
f 5680 5769 5768 5678 
f 5679 5577 5578 5681 
f 5682 5770 5769 5680 
f 5578 5579 5683 5681 
f 5771 5770 5682 5684 
f 5579 5580 5685 5683 
f 5772 5771 5684 5686 
f 5580 5581 5687 5685 
f 5773 5772 5686 5688 
f 5687 5581 5582 5689 
f 5690 5774 5773 5688 
f 5582 5583 5691 5689 
f 5775 5774 5690 5692 
f 5583 5584 5693 5691 
f 5776 5775 5692 5694 
f 5584 5585 5695 5693 
f 5777 5776 5694 5696 
f 5585 5586 5697 5695 
f 5778 5777 5696 5698 
f 5586 5587 5699 5697 
f 5779 5778 5698 5700 
f 5587 5588 5701 5699 
f 5780 5779 5700 5702 
f 5588 5589 5703 5701 
f 5781 5780 5702 5704 
f 5589 5590 5705 5703 
f 5782 5781 5704 5706 
f 5590 5591 5707 5705 
f 5783 5782 5706 5708 
f 5591 5592 5709 5707 
f 5784 5783 5708 5710 
f 5709 5592 5593 5711 
f 5712 5785 5784 5710 
f 5711 5593 5594 5713 
f 5714 5786 5785 5712 
f 5713 5594 5595 5715 
f 5716 5787 5786 5714 
f 5595 5596 5717 5715 
f 5788 5787 5716 5718 
f 5596 5597 5719 5717 
f 5789 5788 5718 5720 
f 5719 5597 5598 5721 
f 5722 5790 5789 5720 
f 5721 5598 5599 5723 
f 5724 5791 5790 5722 
f 5723 5599 5600 5725 
f 5726 5792 5791 5724 
f 5600 5601 5727 5725 
f 5793 5792 5726 5728 
f 5601 5602 5729 5727 
f 5794 5793 5728 5730 
f 5602 5571 5667 5729 
f 5763 5794 5730 5668 
f 6436 6437 5795 5796 
f 6437 6438 5797 5795 
f 6438 6439 5798 5797 
f 6440 5799 5798 6439 
f 6440 6441 5800 5799 
f 6442 5801 5800 6441 
f 6442 6443 5802 5801 
f 6444 5803 5802 6443 
f 6444 6445 5804 5803 
f 6446 5805 5804 6445 
f 6447 5806 5805 6446 
f 6447 6448 5807 5806 
f 6449 5808 5807 6448 
f 6449 6450 5809 5808 
f 6450 6451 5810 5809 
f 6451 6452 5811 5810 
f 6452 6453 5812 5811 
f 6453 6454 5813 5812 
f 6454 6455 5814 5813 
f 6456 5815 5814 6455 
f 6456 6457 5816 5815 
f 6458 5817 5816 6457 
f 6459 5818 5817 6458 
f 6459 6460 5819 5818 
f 6460 6461 5820 5819 
f 6461 6462 5821 5820 
f 6463 5822 5821 6462 
f 6464 5823 5822 6463 
f 6464 6465 5824 5823 
f 6465 6466 5825 5824 
f 6466 6467 5826 5825 
f 6467 6468 5827 5826 
f 6469 5828 5827 6468 
f 6469 6470 5829 5828 
f 6471 5830 5829 6470 
f 6471 6472 5831 5830 
f 6472 6473 5832 5831 
f 6474 5833 5832 6473 
f 6474 6475 5834 5833 
f 6475 6476 5835 5834 
f 6476 6477 5836 5835 
f 6477 6478 5837 5836 
f 6479 5838 5837 6478 
f 6479 6480 5839 5838 
f 6481 5840 5839 6480 
f 6482 5841 5840 6481 
f 6482 6483 5842 5841 
f 6483 6484 5843 5842 
f 6484 6485 5844 5843 
f 6485 6486 5845 5844 
f 6487 5846 5845 6486 
f 6487 6488 5847 5846 
f 6489 5848 5847 6488 
f 6489 6490 5849 5848 
f 6491 5850 5849 6490 
f 6492 5851 5850 6491 
f 6492 6493 5852 5851 
f 6494 5853 5852 6493 
f 6495 5854 5853 6494 
f 6495 6496 5855 5854 
f 6497 5856 5855 6496 
f 6498 5857 5856 6497 
f 6499 5858 5857 6498 
f 6436 5796 5858 6499 
f 5796 5795 5859 5860 
f 5795 5797 5861 5859 
f 5797 5798 5862 5861 
f 5799 5863 5862 5798 
f 5799 5800 5864 5863 
f 5801 5865 5864 5800 
f 5801 5802 5866 5865 
f 5803 5867 5866 5802 
f 5803 5804 5868 5867 
f 5805 5869 5868 5804 
f 5806 5870 5869 5805 
f 5806 5807 5871 5870 
f 5808 5872 5871 5807 
f 5808 5809 5873 5872 
f 5809 5810 5874 5873 
f 5810 5811 5875 5874 
f 5811 5812 5876 5875 
f 5812 5813 5877 5876 
f 5813 5814 5878 5877 
f 5815 5879 5878 5814 
f 5815 5816 5880 5879 
f 5816 5817 5881 5880 
f 5818 5882 5881 5817 
f 5818 5819 5883 5882 
f 5819 5820 5884 5883 
f 5820 5821 5885 5884 
f 5822 5886 5885 5821 
f 5823 5887 5886 5822 
f 5823 5824 5888 5887 
f 5824 5825 5889 5888 
f 5825 5826 5890 5889 
f 5826 5827 5891 5890 
f 5828 5892 5891 5827 
f 5828 5829 5893 5892 
f 5830 5894 5893 5829 
f 5830 5831 5895 5894 
f 5831 5832 5896 5895 
f 5833 5897 5896 5832 
f 5833 5834 5898 5897 
f 5834 5835 5899 5898 
f 5835 5836 5900 5899 
f 5836 5837 5901 5900 
f 5838 5902 5901 5837 
f 5838 5839 5903 5902 
f 5840 5904 5903 5839 
f 5841 5905 5904 5840 
f 5841 5842 5906 5905 
f 5842 5843 5907 5906 
f 5843 5844 5908 5907 
f 5844 5845 5909 5908 
f 5846 5910 5909 5845 
f 5846 5847 5911 5910 
f 5847 5848 5912 5911 
f 5848 5849 5913 5912 
f 5850 5914 5913 5849 
f 5851 5915 5914 5850 
f 5851 5852 5916 5915 
f 5853 5917 5916 5852 
f 5854 5918 5917 5853 
f 5854 5855 5919 5918 
f 5856 5920 5919 5855 
f 5857 5921 5920 5856 
f 5858 5922 5921 5857 
f 5796 5860 5922 5858 
f 5860 5859 5923 5924 
f 5859 5861 5925 5923 
f 5861 5862 5926 5925 
f 5863 5927 5926 5862 
f 5863 5864 5928 5927 
f 5865 5929 5928 5864 
f 5865 5866 5930 5929 
f 5867 5931 5930 5866 
f 5867 5868 5932 5931 
f 5869 5933 5932 5868 
f 5870 5934 5933 5869 
f 5870 5871 5935 5934 
f 5872 5936 5935 5871 
f 5872 5873 5937 5936 
f 5873 5874 5938 5937 
f 5874 5875 5939 5938 
f 5875 5876 5940 5939 
f 5876 5877 5941 5940 
f 5877 5878 5942 5941 
f 5879 5943 5942 5878 
f 5879 5880 5944 5943 
f 5880 5881 5945 5944 
f 5882 5946 5945 5881 
f 5882 5883 5947 5946 
f 5883 5884 5948 5947 
f 5884 5885 5949 5948 
f 5885 5886 5950 5949 
f 5887 5951 5950 5886 
f 5887 5888 5952 5951 
f 5888 5889 5953 5952 
f 5889 5890 5954 5953 
f 5890 5891 5955 5954 
f 5892 5956 5955 5891 
f 5892 5893 5957 5956 
f 5894 5958 5957 5893 
f 5894 5895 5959 5958 
f 5895 5896 5960 5959 
f 5897 5961 5960 5896 
f 5897 5898 5962 5961 
f 5898 5899 5963 5962 
f 5899 5900 5964 5963 
f 5900 5901 5965 5964 
f 5902 5966 5965 5901 
f 5902 5903 5967 5966 
f 5904 5968 5967 5903 
f 5905 5969 5968 5904 
f 5905 5906 5970 5969 
f 5906 5907 5971 5970 
f 5907 5908 5972 5971 
f 5908 5909 5973 5972 
f 5910 5974 5973 5909 
f 5910 5911 5975 5974 
f 5911 5912 5976 5975 
f 5912 5913 5977 5976 
f 5914 5978 5977 5913 
f 5915 5979 5978 5914 
f 5915 5916 5980 5979 
f 5917 5981 5980 5916 
f 5918 5982 5981 5917 
f 5918 5919 5983 5982 
f 5920 5984 5983 5919 
f 5921 5985 5984 5920 
f 5922 5986 5985 5921 
f 5860 5924 5986 5922 
f 5924 5923 5987 
f 5923 5925 5987 
f 5925 5926 5987 
f 5926 5927 5987 
f 5927 5928 5987 
f 5928 5929 5987 
f 5929 5930 5987 
f 5930 5931 5987 
f 5931 5932 5987 
f 5932 5933 5987 
f 5933 5934 5987 
f 5934 5935 5987 
f 5935 5936 5987 
f 5936 5937 5987 
f 5937 5938 5987 
f 5938 5939 5987 
f 5939 5940 5987 
f 5940 5941 5987 
f 5941 5942 5987 
f 5942 5943 5987 
f 5943 5944 5987 
f 5944 5945 5987 
f 5945 5946 5987 
f 5946 5947 5987 
f 5947 5948 5987 
f 5948 5949 5987 
f 5949 5950 5987 
f 5950 5951 5987 
f 5951 5952 5987 
f 5952 5953 5987 
f 5953 5954 5987 
f 5954 5955 5987 
f 5955 5956 5987 
f 5956 5957 5987 
f 5957 5958 5987 
f 5958 5959 5987 
f 5959 5960 5987 
f 5960 5961 5987 
f 5961 5962 5987 
f 5962 5963 5987 
f 5963 5964 5987 
f 5964 5965 5987 
f 5965 5966 5987 
f 5966 5967 5987 
f 5967 5968 5987 
f 5968 5969 5987 
f 5969 5970 5987 
f 5970 5971 5987 
f 5971 5972 5987 
f 5972 5973 5987 
f 5973 5974 5987 
f 5974 5975 5987 
f 5975 5976 5987 
f 5976 5977 5987 
f 5977 5978 5987 
f 5978 5979 5987 
f 5979 5980 5987 
f 5980 5981 5987 
f 5981 5982 5987 
f 5982 5983 5987 
f 5983 5984 5987 
f 5984 5985 5987 
f 5985 5986 5987 
f 5986 5924 5987 
f 6121 6117 10560 10562 
f 6127 6123 10564 10566 
f 6130 6127 10566 10568 
f 6136 6132 10570 10572 
f 6142 6138 10574 10576 
f 6148 6144 10578 10580 
f 6154 6150 10582 10584 
f 6160 6156 10586 10588 
f 6166 6162 10590 10592 
f 6172 6168 10594 10596 
f 6175 6172 10596 10598 
f 6181 6177 10600 10602 
f 6187 6183 10604 10606 
f 6193 6189 10608 10610 
f 6196 6193 10610 10612 
f 6199 6196 10612 10614 
f 6205 6201 10616 10618 
f 6211 6207 10620 10622 
f 6217 6213 10624 10626 
f 6220 6217 10626 10628 
f 6226 6222 10630 10632 
f 6232 6228 10634 10636 
f 6238 6234 10638 10640 
f 6241 6238 10640 10642 
f 6247 6243 10644 10646 
f 6253 6249 10648 10650 
f 6259 6255 10652 10654 
f 6262 6259 10654 10656 
f 6268 6264 10658 10660 
f 6271 6268 10660 10662 
f 6277 6273 10664 10666 
f 6283 6279 10668 10670 
f 6289 6285 10672 10674 
f 6285 6283 10670 10672 
f 6279 6277 10666 10668 
f 6292 6271 10662 10676 
f 6264 6262 10656 10658 
f 6249 6294 10678 10648 
f 6294 6247 10646 10678 
f 6243 6241 10642 10644 
f 6228 6226 10632 10634 
f 6222 6220 10628 10630 
f 6207 6297 10680 10620 
f 6297 6205 10618 10680 
f 6201 6199 10614 10616 
f 6183 6181 10602 10604 
f 6177 6175 10598 10600 
f 6162 6300 10682 10590 
f 6300 6160 10588 10682 
f 6156 6154 10584 10586 
f 6150 6148 10580 10582 
f 6138 6136 10572 10574 
f 6132 6130 10568 10570 
f 6117 6303 10684 10560 
f 6303 6289 10674 10684 
f 6123 6121 10562 10564 
f 6144 6142 10576 10578 
f 6168 6166 10592 10594 
f 6189 6187 10606 10608 
f 6213 6211 10622 10624 
f 6307 6232 10636 10686 
f 6234 6307 10686 10638 
f 6255 6253 10650 10652 
f 6273 6292 10676 10664 
s 2
f 6288 6286 6284 6287 
f 6045 6043 6042 6044 
f 6304 6288 6287 6302 
f 6043 6041 6040 6042 
f 6118 6304 6302 6116 
f 6041 6039 6038 6040 
f 6039 6037 6036 6038 
f 6120 6118 6116 6119 
f 6124 6120 6119 6122 
f 6037 6035 6034 6036 
f 6035 6033 6032 6034 
f 6126 6124 6122 6125 
f 6033 6031 6030 6032 
f 6129 6126 6125 6128 
f 6133 6129 6128 6131 
f 6031 6029 6028 6030 
f 6029 6027 6026 6028 
f 6135 6133 6131 6134 
f 6139 6135 6134 6137 
f 6027 6025 6024 6026 
f 6025 6023 6022 6024 
f 6141 6139 6137 6140 
f 6145 6141 6140 6143 
f 6023 6021 6020 6022 
f 6021 6019 6018 6020 
f 6147 6145 6143 6146 
f 6151 6147 6146 6149 
f 6019 6017 6016 6018 
f 6017 6015 6014 6016 
f 6153 6151 6149 6152 
f 6157 6153 6152 6155 
f 6015 6013 6012 6014 
f 6013 6011 6010 6012 
f 6159 6157 6155 6158 
f 6301 6159 6158 6299 
f 6011 6009 6008 6010 
f 6163 6301 6299 6161 
f 6009 6007 6006 6008 
f 6007 6005 6004 6006 
f 6165 6163 6161 6164 
f 6169 6165 6164 6167 
f 6005 6003 6002 6004 
f 6003 6001 6000 6002 
f 6171 6169 6167 6170 
f 6001 5999 5998 6000 
f 6174 6171 6170 6173 
f 6178 6174 6173 6176 
f 5999 5997 5996 5998 
f 5997 5995 5994 5996 
f 6180 6178 6176 6179 
f 6184 6180 6179 6182 
f 5995 5993 5992 5994 
f 5993 5989 5988 5992 
f 6186 6184 6182 6185 
f 6190 6186 6185 6188 
f 5989 5991 5990 5988 
f 6192 6190 6188 6191 
f 5991 6055 6054 5990 
f 6195 6192 6191 6194 
f 6055 6057 6056 6054 
f 6057 6059 6058 6056 
f 6198 6195 6194 6197 
f 6202 6198 6197 6200 
f 6059 6061 6060 6058 
f 6061 6063 6062 6060 
f 6204 6202 6200 6203 
f 6298 6204 6203 6296 
f 6063 6065 6064 6062 
f 6208 6298 6296 6206 
f 6065 6067 6066 6064 
f 6067 6069 6068 6066 
f 6210 6208 6206 6209 
f 6214 6210 6209 6212 
f 6069 6071 6070 6068 
f 6071 6073 6072 6070 
f 6216 6214 6212 6215 
f 6073 6075 6074 6072 
f 6219 6216 6215 6218 
f 6223 6219 6218 6221 
f 6075 6077 6076 6074 
f 6077 6079 6078 6076 
f 6225 6223 6221 6224 
f 6229 6225 6224 6227 
f 6079 6081 6080 6078 
f 6081 6083 6082 6080 
f 6231 6229 6227 6230 
f 6306 6231 6230 6305 
f 6083 6085 6084 6082 
f 6235 6306 6305 6233 
f 6085 6087 6086 6084 
f 6237 6235 6233 6236 
f 6087 6089 6088 6086 
f 6240 6237 6236 6239 
f 6089 6091 6090 6088 
f 6244 6240 6239 6242 
f 6091 6093 6092 6090 
f 6093 6095 6094 6092 
f 6246 6244 6242 6245 
f 6295 6246 6245 6293 
f 6095 6097 6096 6094 
f 6250 6295 6293 6248 
f 6097 6099 6098 6096 
f 6099 6101 6100 6098 
f 6252 6250 6248 6251 
f 6256 6252 6251 6254 
f 6101 6103 6102 6100 
f 6103 6105 6104 6102 
f 6258 6256 6254 6257 
f 6105 6107 6106 6104 
f 6261 6258 6257 6260 
f 6265 6261 6260 6263 
f 6107 6109 6108 6106 
f 6109 6111 6110 6108 
f 6267 6265 6263 6266 
f 6111 6113 6112 6110 
f 6270 6267 6266 6269 
f 6291 6270 6269 6290 
f 6113 6115 6114 6112 
f 6274 6291 6290 6272 
f 6115 6053 6052 6114 
f 6053 6051 6050 6052 
f 6276 6274 6272 6275 
f 6280 6276 6275 6278 
f 6051 6049 6048 6050 
f 6049 6047 6046 6048 
f 6282 6280 6278 6281 
f 6286 6282 6281 6284 
f 6047 6045 6044 6046 
s 1
f 6117 6121 6119 6116 
f 6123 6127 6125 6122 
f 6127 6130 6128 6125 
f 6132 6136 6134 6131 
f 6138 6142 6140 6137 
f 6144 6148 6146 6143 
f 6150 6154 6152 6149 
f 6156 6160 6158 6155 
f 6162 6166 6164 6161 
f 6168 6172 6170 6167 
f 6172 6175 6173 6170 
f 6177 6181 6179 6176 
f 6183 6187 6185 6182 
f 6189 6193 6191 6188 
f 6193 6196 6194 6191 
f 6196 6199 6197 6194 
f 6201 6205 6203 6200 
f 6207 6211 6209 6206 
f 6213 6217 6215 6212 
f 6217 6220 6218 6215 
f 6222 6226 6224 6221 
f 6228 6232 6230 6227 
f 6234 6238 6236 6233 
f 6238 6241 6239 6236 
f 6243 6247 6245 6242 
f 6249 6253 6251 6248 
f 6255 6259 6257 6254 
f 6259 6262 6260 6257 
f 6264 6268 6266 6263 
f 6268 6271 6269 6266 
f 6273 6277 6275 6272 
f 6279 6283 6281 6278 
f 6285 6289 6287 6284 
f 6283 6285 6284 6281 
f 6277 6279 6278 6275 
f 6271 6292 6290 6269 
f 6262 6264 6263 6260 
f 6294 6249 6248 6293 
f 6247 6294 6293 6245 
f 6241 6243 6242 6239 
f 6226 6228 6227 6224 
f 6220 6222 6221 6218 
f 6297 6207 6206 6296 
f 6205 6297 6296 6203 
f 6199 6201 6200 6197 
f 6181 6183 6182 6179 
f 6175 6177 6176 6173 
f 6300 6162 6161 6299 
f 6160 6300 6299 6158 
f 6154 6156 6155 6152 
f 6148 6150 6149 6146 
f 6136 6138 6137 6134 
f 6130 6132 6131 6128 
f 6303 6117 6116 6302 
f 6289 6303 6302 6287 
f 6121 6123 6122 6119 
f 6142 6144 6143 6140 
f 6166 6168 6167 6164 
f 6187 6189 6188 6185 
f 6211 6213 6212 6209 
f 6232 6307 6305 6230 
f 6307 6234 6233 6305 
f 6253 6255 6254 6251 
f 6292 6273 6272 6290 
s off
f 5539 5540 6309 6308 
f 5540 5541 6310 6309 
f 5541 5542 6311 6310 
f 5542 5543 6312 6311 
f 5543 5544 6313 6312 
f 5544 5545 6314 6313 
f 5545 5546 6315 6314 
f 5546 5547 6316 6315 
f 5547 5548 6317 6316 
f 5548 5549 6318 6317 
f 5549 5550 6319 6318 
f 5550 5551 6320 6319 
f 5551 5552 6321 6320 
f 5552 5553 6322 6321 
f 5553 5554 6323 6322 
f 5554 5555 6324 6323 
f 5555 5556 6325 6324 
f 5556 5557 6326 6325 
f 5557 5558 6327 6326 
f 5558 5559 6328 6327 
f 5559 5560 6329 6328 
f 5560 5561 6330 6329 
f 5561 5562 6331 6330 
f 5562 5563 6332 6331 
f 5563 5564 6333 6332 
f 5564 5565 6334 6333 
f 5565 5566 6335 6334 
f 5566 5567 6336 6335 
f 5567 5568 6337 6336 
f 5568 5569 6338 6337 
f 5569 5570 6339 6338 
f 5570 5571 6340 6339 
f 5571 5602 6341 6340 
f 5602 5601 6342 6341 
f 5601 5600 6343 6342 
f 5600 5599 6344 6343 
f 5599 5598 6345 6344 
f 5598 5597 6346 6345 
f 5597 5596 6347 6346 
f 5596 5595 6348 6347 
f 5595 5594 6349 6348 
f 5594 5593 6350 6349 
f 5593 5592 6351 6350 
f 5592 5591 6352 6351 
f 5591 5590 6353 6352 
f 5590 5589 6354 6353 
f 5589 5588 6355 6354 
f 5588 5587 6356 6355 
f 5587 5586 6357 6356 
f 5586 5585 6358 6357 
f 5585 5584 6359 6358 
f 5584 5583 6360 6359 
f 5583 5582 6361 6360 
f 5582 5581 6362 6361 
f 5581 5580 6363 6362 
f 5580 5579 6364 6363 
f 5579 5578 6365 6364 
f 5578 5577 6366 6365 
f 5577 5576 6367 6366 
f 5576 5575 6368 6367 
f 5575 5574 6369 6368 
f 5574 5573 6370 6369 
f 5573 5572 6371 6370 
f 5572 5539 6308 6371 
f 5988 5990 6373 6372 
f 5990 6054 6374 6373 
f 6054 6056 6375 6374 
f 6056 6058 6376 6375 
f 6058 6060 6377 6376 
f 6060 6062 6378 6377 
f 6062 6064 6379 6378 
f 6064 6066 6380 6379 
f 6066 6068 6381 6380 
f 6068 6070 6382 6381 
f 6070 6072 6383 6382 
f 6072 6074 6384 6383 
f 6074 6076 6385 6384 
f 6076 6078 6386 6385 
f 6078 6080 6387 6386 
f 6080 6082 6388 6387 
f 6082 6084 6389 6388 
f 6084 6086 6390 6389 
f 6086 6088 6391 6390 
f 6088 6090 6392 6391 
f 6090 6092 6393 6392 
f 6092 6094 6394 6393 
f 6094 6096 6395 6394 
f 6096 6098 6396 6395 
f 6098 6100 6397 6396 
f 6100 6102 6398 6397 
f 6102 6104 6399 6398 
f 6104 6106 6400 6399 
f 6106 6108 6401 6400 
f 6108 6110 6402 6401 
f 6110 6112 6403 6402 
f 6112 6114 6404 6403 
f 6114 6052 6405 6404 
f 6052 6050 6406 6405 
f 6050 6048 6407 6406 
f 6048 6046 6408 6407 
f 6046 6044 6409 6408 
f 6044 6042 6410 6409 
f 6042 6040 6411 6410 
f 6040 6038 6412 6411 
f 6038 6036 6413 6412 
f 6036 6034 6414 6413 
f 6034 6032 6415 6414 
f 6032 6030 6416 6415 
f 6030 6028 6417 6416 
f 6028 6026 6418 6417 
f 6026 6024 6419 6418 
f 6024 6022 6420 6419 
f 6022 6020 6421 6420 
f 6020 6018 6422 6421 
f 6018 6016 6423 6422 
f 6016 6014 6424 6423 
f 6014 6012 6425 6424 
f 6012 6010 6426 6425 
f 6010 6008 6427 6426 
f 6008 6006 6428 6427 
f 6006 6004 6429 6428 
f 6004 6002 6430 6429 
f 6002 6000 6431 6430 
f 6000 5998 6432 6431 
f 5998 5996 6433 6432 
f 5996 5994 6434 6433 
f 5994 5992 6435 6434 
f 5992 5988 6372 6435 
f 5732 5731 6437 6436 
f 5731 5764 6438 6437 
f 5764 5765 6439 6438 
f 5765 5766 6440 6439 
f 5766 5767 6441 6440 
f 5767 5768 6442 6441 
f 5768 5769 6443 6442 
f 5769 5770 6444 6443 
f 5770 5771 6445 6444 
f 5771 5772 6446 6445 
f 5772 5773 6447 6446 
f 5773 5774 6448 6447 
f 5774 5775 6449 6448 
f 5775 5776 6450 6449 
f 5776 5777 6451 6450 
f 5777 5778 6452 6451 
f 5778 5779 6453 6452 
f 5779 5780 6454 6453 
f 5780 5781 6455 6454 
f 5781 5782 6456 6455 
f 5782 5783 6457 6456 
f 5783 5784 6458 6457 
f 5784 5785 6459 6458 
f 5785 5786 6460 6459 
f 5786 5787 6461 6460 
f 5787 5788 6462 6461 
f 5788 5789 6463 6462 
f 5789 5790 6464 6463 
f 5790 5791 6465 6464 
f 5791 5792 6466 6465 
f 5792 5793 6467 6466 
f 5793 5794 6468 6467 
f 5794 5763 6469 6468 
f 5763 5762 6470 6469 
f 5762 5761 6471 6470 
f 5761 5760 6472 6471 
f 5760 5759 6473 6472 
f 5759 5758 6474 6473 
f 5758 5757 6475 6474 
f 5757 5756 6476 6475 
f 5756 5755 6477 6476 
f 5755 5754 6478 6477 
f 5754 5753 6479 6478 
f 5753 5752 6480 6479 
f 5752 5751 6481 6480 
f 5751 5750 6482 6481 
f 5750 5749 6483 6482 
f 5749 5748 6484 6483 
f 5748 5747 6485 6484 
f 5747 5746 6486 6485 
f 5746 5745 6487 6486 
f 5745 5744 6488 6487 
f 5744 5743 6489 6488 
f 5743 5742 6490 6489 
f 5742 5741 6491 6490 
f 5741 5740 6492 6491 
f 5740 5739 6493 6492 
f 5739 5738 6494 6493 
f 5738 5737 6495 6494 
f 5737 5736 6496 6495 
f 5736 5735 6497 6496 
f 5735 5734 6498 6497 
f 5734 5733 6499 6498 
f 5733 5732 6436 6499 
s 1
f 6504 6507 6506 6505 
f 6505 6506 6509 6508 
f 6508 6509 6511 6510 
f 6510 6511 6513 6512 
f 6512 6513 6515 6514 
f 6514 6515 6517 6516 
f 6518 6516 6517 6519 
s off
f 6520 6523 6522 6521 
f 7000 7001 7002 7003 
s 1
f 6526 6962 6963 6527 
s off
f 6521 6522 6531 6530 
f 6524 6523 6598 6597 
f 7001 6597 7002 
f 7000 7003 7004 7009 
s 1
f 6527 6963 6964 6533 
f 6529 6962 6961 6535 
s 2
f 6537 6540 6539 6538 
f 6540 6542 6541 6539 
f 6542 6544 6543 6541 
f 6544 6546 6545 6543 
f 6546 6548 6547 6545 
f 6548 6550 6549 6547 
f 6722 6549 6550 6551 
f 6552 6554 6553 6722 
f 6554 6556 6555 6553 
f 6556 6558 6557 6555 
s 1
f 6559 6561 6560 6500 
f 6561 6563 6562 6560 
f 6563 6565 6564 6562 
f 6565 6567 6566 6564 
f 6567 6569 6568 6566 
f 6569 6571 6570 6568 
f 6571 6573 6572 6570 
f 6572 6573 6574 6575 
f 6574 6577 6576 6575 
f 6577 6579 6578 6576 
f 6579 6581 6580 6578 
f 6561 6559 6583 6582 
f 6563 6561 6582 6584 
f 6565 6563 6584 6585 
f 6567 6565 6585 6586 
f 6569 6567 6586 6587 
f 6571 6569 6587 6588 
f 6573 6571 6588 6589 
f 6591 6574 6573 6589 
f 6577 6574 6591 6590 
f 6579 6577 6590 6592 
s 2
f 6808 6538 6582 6583 
f 6537 6809 6810 6504 
f 6538 6539 6584 6582 
f 6540 6537 6504 6505 
f 6539 6541 6585 6584 
f 6542 6540 6505 6508 
f 6541 6543 6586 6585 
f 6544 6542 6508 6510 
f 6543 6545 6587 6586 
f 6546 6544 6510 6512 
f 6545 6547 6588 6587 
f 6548 6546 6512 6514 
f 6547 6549 6589 6588 
f 6550 6548 6514 6516 
f 6589 6549 6722 6591 
f 6518 6551 6550 6516 
f 6722 6553 6590 6591 
f 6554 6552 6594 6593 
f 6553 6555 6592 6590 
f 6556 6554 6593 6595 
f 6555 6557 6596 6592 
s off
f 6593 6520 6521 6595 
f 6595 6521 6530 6599 
s 1
f 6594 6518 6519 6602 
f 6597 6534 6528 6601 
f 6601 6528 6529 6600 
f 6600 6529 6535 6603 
f 6533 6964 6965 6604 
s 2
f 6551 6552 6722 
f 6551 6518 6594 6552 
s 1
f 6507 6606 6828 6607 
f 6506 6507 6607 6609 
f 6509 6506 6609 6611 
f 6511 6509 6611 6613 
f 6513 6511 6613 6615 
f 6515 6513 6615 6617 
f 6517 6515 6617 6605 
f 6519 6517 6605 6534 
s off
f 6602 6520 6593 6594 
s 1
f 6602 6519 6534 6598 
f 6607 6828 6972 6971 
f 6609 6607 6971 6970 
f 6611 6609 6970 6969 
f 6613 6611 6969 6968 
f 6615 6613 6968 6967 
f 6617 6615 6967 6966 
f 6605 6617 6966 6965 
s 2
f 6599 6558 6556 6595 
s 1
f 6810 6606 6507 6504 
s 2
f 6808 6809 6537 6538 
s 1
f 6596 6581 6579 6592 
f 6619 6622 6621 6620 
f 6622 6624 6623 6621 
f 6624 6626 6625 6623 
f 6626 6628 6627 6625 
f 6628 6630 6629 6627 
f 6630 6632 6631 6629 
f 6633 6634 6631 6632 
s off
f 6635 6638 6637 6636 
f 7005 7006 7007 7008 
s 1
f 6641 6644 6959 6960 
s off
f 6638 6530 6531 6637 
f 6640 6702 6703 6636 
f 7006 6702 7007 
f 7008 7009 7004 7005 
s 1
f 6644 6645 6958 6959 
f 6642 6535 6961 6960 
s 2
f 6646 6649 6648 6647 
f 6647 6648 6651 6650 
f 6650 6651 6653 6652 
f 6652 6653 6655 6654 
f 6654 6655 6657 6656 
f 6656 6657 6659 6658 
f 6660 6661 6658 6659 
f 6662 6660 6664 6663 
f 6663 6664 6666 6665 
f 6665 6666 6557 6558 
s 1
f 6888 6501 6668 6667 
f 6667 6668 6670 6669 
f 6669 6670 6672 6671 
f 6671 6672 6674 6673 
f 6673 6674 6676 6675 
f 6675 6676 6678 6677 
f 6677 6678 6680 6679 
f 6684 6681 6679 6680 
f 6681 6684 6683 6682 
f 6682 6683 6686 6685 
f 6685 6686 6580 6581 
f 6667 6688 6687 6888 
f 6669 6689 6688 6667 
f 6671 6690 6689 6669 
f 6673 6691 6690 6671 
f 6675 6692 6691 6673 
f 6677 6693 6692 6675 
f 6679 6694 6693 6677 
f 6694 6679 6681 6695 
f 6682 6696 6695 6681 
f 6685 6697 6696 6682 
s 2
f 6918 6687 6688 6649 
f 6646 6619 6698 6919 
f 6649 6688 6689 6648 
f 6647 6622 6619 6646 
f 6648 6689 6690 6651 
f 6650 6624 6622 6647 
f 6651 6690 6691 6653 
f 6652 6626 6624 6650 
f 6653 6691 6692 6655 
f 6654 6628 6626 6652 
f 6655 6692 6693 6657 
f 6656 6630 6628 6654 
f 6657 6693 6694 6659 
f 6658 6632 6630 6656 
f 6695 6660 6659 6694 
f 6633 6632 6658 6661 
f 6660 6695 6696 6664 
f 6663 6700 6699 6662 
f 6664 6696 6697 6666 
f 6665 6701 6700 6663 
f 6666 6697 6596 6557 
s off
f 6700 6701 6638 6635 
f 6701 6599 6530 6638 
s 1
f 6699 6706 6634 6633 
f 6702 6705 6643 6709 
f 6705 6704 6642 6643 
f 6704 6603 6535 6642 
f 6645 6708 6957 6958 
s 2
f 6660 6662 6661 
f 6661 6662 6699 6633 
s 1
f 6620 6710 6502 6933 
f 6621 6712 6710 6620 
f 6623 6714 6712 6621 
f 6625 6716 6714 6623 
f 6627 6718 6716 6625 
f 6629 6720 6718 6627 
f 6631 6707 6720 6629 
f 6634 6709 6707 6631 
s off
f 6706 6699 6700 6635 
s 1
f 6706 6703 6709 6634 
f 6710 6951 6950 6502 
f 6712 6952 6951 6710 
f 6714 6953 6952 6712 
f 6716 6954 6953 6714 
f 6718 6955 6954 6716 
f 6720 6956 6955 6718 
f 6707 6957 6956 6720 
s 2
f 6599 6701 6665 6558 
s 1
f 6698 6619 6620 6933 
s 2
f 6918 6649 6646 6919 
s 1
f 6596 6697 6685 6581 
s off
f 6522 6523 6524 6525 
f 6531 6522 6525 6532 
f 6523 6520 6602 6598 
s 1
f 6598 6534 6597 
s off
f 6636 6637 6639 6640 
f 6637 6531 6532 6639 
f 6636 6703 6706 6635 
s 1
f 6709 6703 6702 
f 6723 6726 6725 6724 
f 6726 6728 6727 6725 
f 6728 6730 6729 6727 
f 6730 6732 6731 6729 
f 6732 6734 6733 6731 
f 6734 6736 6735 6733 
f 6737 6738 6735 6736 
s off
f 6739 6742 6741 6740 
f 6990 6991 6992 6993 
s 1
f 6745 6748 6981 6982 
s off
f 6742 6750 6749 6741 
f 6744 6815 6816 6740 
f 6991 6815 6992 
f 6993 6994 6999 6990 
s 1
f 6748 6823 6980 6981 
f 6746 6753 6983 6982 
s 2
f 6754 6757 6756 6755 
f 6755 6756 6759 6758 
f 6758 6759 6761 6760 
f 6760 6761 6763 6762 
f 6762 6763 6765 6764 
f 6764 6765 6767 6766 
f 6768 6769 6766 6767 
f 6770 6768 6774 6771 
f 6771 6774 6773 6772 
f 6772 6773 6776 6775 
s 1
f 6559 6500 6778 6777 
f 6777 6778 6780 6779 
f 6779 6780 6782 6781 
f 6781 6782 6784 6783 
f 6783 6784 6786 6785 
f 6785 6786 6788 6787 
f 6787 6788 6790 6789 
f 6792 6791 6789 6790 
f 6791 6792 6796 6793 
f 6793 6796 6795 6794 
f 6794 6795 6798 6797 
f 6777 6799 6583 6559 
f 6779 6800 6799 6777 
f 6781 6801 6800 6779 
f 6783 6802 6801 6781 
f 6785 6803 6802 6783 
f 6787 6804 6803 6785 
f 6789 6805 6804 6787 
f 6805 6789 6791 6811 
f 6793 6806 6811 6791 
f 6794 6807 6806 6793 
s 2
f 6808 6583 6799 6757 
f 6754 6723 6810 6809 
f 6757 6799 6800 6756 
f 6755 6726 6723 6754 
f 6756 6800 6801 6759 
f 6758 6728 6726 6755 
f 6759 6801 6802 6761 
f 6760 6730 6728 6758 
f 6761 6802 6803 6763 
f 6762 6732 6730 6760 
f 6763 6803 6804 6765 
f 6764 6734 6732 6762 
f 6765 6804 6805 6767 
f 6766 6736 6734 6764 
f 6811 6768 6767 6805 
f 6737 6736 6766 6769 
f 6768 6811 6806 6774 
f 6771 6812 6820 6770 
f 6774 6806 6807 6773 
f 6772 6813 6812 6771 
f 6773 6807 6814 6776 
s off
f 6812 6813 6742 6739 
f 6813 6817 6750 6742 
s 1
f 6820 6821 6738 6737 
f 6815 6819 6747 6826 
f 6819 6818 6746 6747 
f 6818 6822 6753 6746 
f 6823 6825 6979 6980 
s 2
f 6768 6770 6769 
f 6769 6770 6820 6737 
s 1
f 6724 6827 6828 6606 
f 6725 6831 6827 6724 
f 6727 6833 6831 6725 
f 6729 6835 6833 6727 
f 6731 6837 6835 6729 
f 6733 6839 6837 6731 
f 6735 6824 6839 6733 
f 6738 6826 6824 6735 
s off
f 6821 6820 6812 6739 
s 1
f 6821 6816 6826 6738 
f 6827 6973 6972 6828 
f 6831 6974 6973 6827 
f 6833 6975 6974 6831 
f 6835 6976 6975 6833 
f 6837 6977 6976 6835 
f 6839 6978 6977 6837 
f 6824 6979 6978 6839 
s 2
f 6817 6813 6772 6775 
s 1
f 6810 6723 6724 6606 
s 2
f 6808 6757 6754 6809 
s 1
f 6814 6807 6794 6797 
f 6841 6844 6843 6842 
f 6842 6843 6846 6845 
f 6845 6846 6848 6847 
f 6847 6848 6850 6849 
f 6849 6850 6852 6851 
f 6851 6852 6854 6853 
f 6855 6853 6854 6856 
s off
f 6857 6860 6859 6858 
f 6995 6996 6997 6998 
s 1
f 6863 6984 6985 6864 
s off
f 6858 6859 6749 6750 
f 6861 6860 6924 6923 
f 6996 6923 6997 
f 6995 6998 6999 6994 
s 1
f 6864 6985 6986 6930 
f 6866 6984 6983 6753 
s 2
f 6867 6870 6869 6868 
f 6870 6872 6871 6869 
f 6872 6874 6873 6871 
f 6874 6876 6875 6873 
f 6876 6878 6877 6875 
f 6878 6880 6879 6877 
f 6883 6879 6880 6881 
f 6882 6884 6885 6883 
f 6884 6887 6886 6885 
f 6887 6775 6776 6886 
s 1
f 6888 6890 6889 6501 
f 6890 6892 6891 6889 
f 6892 6894 6893 6891 
f 6894 6896 6895 6893 
f 6896 6898 6897 6895 
f 6898 6900 6899 6897 
f 6900 6902 6901 6899 
f 6901 6902 6903 6904 
f 6903 6905 6906 6904 
f 6905 6908 6907 6906 
f 6908 6797 6798 6907 
f 6890 6888 6687 6909 
f 6892 6890 6909 6910 
f 6894 6892 6910 6911 
f 6896 6894 6911 6912 
f 6898 6896 6912 6913 
f 6900 6898 6913 6914 
f 6902 6900 6914 6915 
f 6920 6903 6902 6915 
f 6905 6903 6920 6916 
f 6908 6905 6916 6917 
s 2
f 6918 6868 6909 6687 
f 6867 6919 6698 6841 
f 6868 6869 6910 6909 
f 6870 6867 6841 6842 
f 6869 6871 6911 6910 
f 6872 6870 6842 6845 
f 6871 6873 6912 6911 
f 6874 6872 6845 6847 
f 6873 6875 6913 6912 
f 6876 6874 6847 6849 
f 6875 6877 6914 6913 
f 6878 6876 6849 6851 
f 6877 6879 6915 6914 
f 6880 6878 6851 6853 
f 6915 6879 6883 6920 
f 6855 6881 6880 6853 
f 6883 6885 6916 6920 
f 6884 6882 6927 6921 
f 6885 6886 6917 6916 
f 6887 6884 6921 6922 
f 6886 6776 6814 6917 
s off
f 6921 6857 6858 6922 
f 6922 6858 6750 6817 
s 1
f 6927 6855 6856 6928 
f 6923 6929 6865 6926 
f 6926 6865 6866 6925 
f 6925 6866 6753 6822 
f 6930 6986 6987 6931 
s 2
f 6881 6882 6883 
f 6881 6855 6927 6882 
s 1
f 6844 6933 6502 6934 
f 6843 6844 6934 6936 
f 6846 6843 6936 6938 
f 6848 6846 6938 6940 
f 6850 6848 6940 6942 
f 6852 6850 6942 6944 
f 6854 6852 6944 6932 
f 6856 6854 6932 6929 
s off
f 6928 6857 6921 6927 
s 1
f 6928 6856 6929 6924 
f 6934 6502 6950 6949 
f 6936 6934 6949 6948 
f 6938 6936 6948 6947 
f 6940 6938 6947 6946 
f 6942 6940 6946 6989 
f 6944 6942 6989 6988 
f 6932 6944 6988 6987 
s 2
f 6817 6775 6887 6922 
s 1
f 6698 6933 6844 6841 
s 2
f 6918 6919 6867 6868 
s 1
f 6814 6797 6908 6917 
s off
f 6741 6743 6744 6740 
f 6749 6751 6743 6741 
f 6816 6821 6739 6740 
s 1
f 6816 6815 6826 
s off
f 6860 6861 6862 6859 
f 6859 6862 6751 6749 
f 6860 6857 6928 6924 
s 1
f 6929 6923 6924 
f 6962 6529 6528 6963 
f 6963 6528 6534 6964 
f 6962 6526 6536 6961 
f 6964 6534 6605 6965 
f 6972 6829 6608 6971 
f 6971 6608 6610 6970 
f 6970 6610 6612 6969 
f 6969 6612 6614 6968 
f 6968 6614 6616 6967 
f 6967 6616 6618 6966 
f 6966 6618 6604 6965 
f 6959 6643 6642 6960 
f 6958 6709 6643 6959 
f 6961 6536 6641 6960 
f 6957 6707 6709 6958 
f 6951 6711 6503 6950 
f 6952 6713 6711 6951 
f 6953 6715 6713 6952 
f 6954 6717 6715 6953 
f 6955 6719 6717 6954 
f 6956 6721 6719 6955 
f 6957 6708 6721 6956 
f 6981 6747 6746 6982 
f 6980 6826 6747 6981 
f 6983 6752 6745 6982 
f 6979 6824 6826 6980 
f 6973 6830 6829 6972 
f 6974 6832 6830 6973 
f 6975 6834 6832 6974 
f 6976 6836 6834 6975 
f 6977 6838 6836 6976 
f 6978 6840 6838 6977 
f 6979 6825 6840 6978 
f 6984 6866 6865 6985 
f 6985 6865 6929 6986 
f 6984 6863 6752 6983 
f 6986 6929 6932 6987 
f 6950 6503 6935 6949 
f 6949 6935 6937 6948 
f 6948 6937 6939 6947 
f 6947 6939 6941 6946 
f 6946 6941 6943 6989 
f 6989 6943 6945 6988 
f 6988 6945 6931 6987 
s off
f 6818 6819 6991 6990 
f 6819 6815 6991 
f 6815 6744 6992 
f 6744 6743 6993 6992 
f 6743 6751 6994 6993 
f 6751 6862 6995 6994 
f 6862 6861 6996 6995 
f 6861 6923 6996 
f 6923 6926 6997 
f 6926 6925 6998 6997 
f 6925 6822 6999 6998 
f 6822 6818 6990 6999 
f 6525 6524 7001 7000 
f 6524 6597 7001 
f 6597 6601 7002 
f 6601 6600 7003 7002 
f 6600 6603 7004 7003 
f 6603 6704 7005 7004 
f 6704 6705 7006 7005 
f 6705 6702 7006 
f 6702 6640 7007 
f 6640 6639 7008 7007 
f 6639 6532 7009 7008 
f 6532 6525 7000 7009 
s 1
f 7110 7010 7011 7108 
f 7102 7012 7010 7110 
f 7104 7013 7012 7102 
f 7099 7014 7013 7104 
f 7016 7015 7093 7095 
f 7017 7016 7095 7087 
f 7018 7017 7087 7089 
f 7019 7018 7089 7084 
f 7020 7019 7084 7078 
f 7021 7020 7078 7080 
f 7113 7024 7023 7074 
f 7108 7011 7024 7113 
f 7026 7027 7028 7025 
f 7029 7030 7027 7026 
f 7031 7032 7030 7029 
f 7033 7034 7032 7031 
f 7035 7037 7038 7036 
f 7037 7039 7040 7038 
f 7039 7041 7042 7040 
f 7041 7043 7044 7042 
f 7043 7045 7046 7044 
f 7045 7047 7048 7046 
f 7047 7049 7050 7048 
f 7051 7052 7050 7049 
f 7053 7054 7052 7051 
f 7025 7028 7054 7053 
f 7027 7055 7056 7028 
f 7030 7057 7055 7027 
f 7032 7058 7057 7030 
f 7034 7059 7058 7032 
f 7036 7038 7061 7060 
f 7038 7040 7062 7061 
f 7040 7042 7063 7062 
f 7042 7044 7064 7063 
f 7044 7046 7065 7064 
f 7046 7048 7066 7065 
f 7048 7050 7067 7066 
f 7052 7068 7067 7050 
f 7054 7069 7068 7052 
f 7028 7056 7069 7054 
f 7025 7011 7010 7026 
f 7026 7010 7012 7029 
f 7029 7012 7013 7031 
f 7031 7013 7014 7033 
f 7033 7014 7698 7695 
f 7035 7341 7343 7015 
f 7037 7035 7015 7016 
f 7039 7037 7016 7017 
f 7041 7039 7017 7018 
f 7043 7041 7018 7019 
f 7045 7043 7019 7020 
f 7047 7045 7020 7021 
f 7049 7047 7021 7022 
f 7049 7022 7023 7051 
f 7051 7023 7024 7053 
f 7053 7024 7011 7025 
f 7120 7122 7080 7072 
f 7074 7128 7120 7072 
f 7093 7134 7444 7344 
f 7015 7138 7140 
f 7015 7343 7144 7138 
f 7093 7147 7149 
f 7093 7149 7132 
f 7093 7015 7140 7147 
f 7023 7022 7153 7155 
f 7159 7161 7022 7021 
f 7165 7167 7080 
f 7167 7170 7021 7080 
f 7174 7165 7080 
f 7170 7159 7021 
f 7023 7155 7176 
f 7074 7023 7176 7179 
f 7074 7179 7182 
f 7074 7182 7126 
f 7022 7186 7153 
f 7161 7186 7022 
f 7189 7697 7698 
f 7195 7197 7014 
f 7197 7189 7698 7014 
f 7201 7203 7099 
f 7191 7201 7099 
f 7203 7195 7014 7099 
f 7204 7200 7206 7208 
f 7200 7192 7210 7206 
s 2
f 7143 7346 7347 7212 
s 1
f 7168 7164 7214 7216 
f 7152 7185 7218 7220 
f 7185 7162 7224 7218 
f 7188 7198 7226 7222 
f 7198 7194 7228 7226 
f 7117 7856 7700 7230 
f 7192 7117 7230 7210 
f 7194 7204 7208 7228 
s 2
f 7135 7131 7234 7232 
f 7131 7150 7236 7234 
f 7150 7146 7238 7236 
f 7146 7141 7240 7238 
f 7141 7137 7242 7240 
f 7137 7143 7212 7242 
s 1
f 7123 7119 7244 7246 
f 7173 7123 7246 7248 
f 7164 7173 7248 7214 
f 7162 7158 7250 7224 
f 7158 7171 7252 7250 
f 7171 7168 7216 7252 
f 7119 7129 7254 7244 
f 7129 7125 7256 7254 
f 7125 7183 7258 7256 
f 7183 7180 7260 7258 
f 7180 7177 7262 7260 
f 7177 7156 7264 7262 
f 7156 7152 7220 7264 
s 2
f 7075 7071 7266 7268 
f 7081 7077 7270 7272 
f 7077 7083 7274 7270 
f 7090 7086 7276 7278 
f 7096 7092 7280 7282 
f 7105 7101 7286 7288 
f 7111 7107 7290 7292 
f 7101 7111 7292 7286 
f 7098 7105 7288 7284 
f 7086 7096 7282 7276 
f 7083 7090 7278 7274 
f 7114 7075 7268 7294 
f 7107 7114 7294 7290 
f 7071 7081 7272 7266 
f 7092 7349 7350 7280 
s 1
f 7110 7108 7106 7109 
f 7102 7110 7109 7100 
f 7104 7102 7100 7103 
f 7099 7104 7103 7097 
f 7095 7093 7091 7094 
f 7087 7095 7094 7085 
f 7089 7087 7085 7088 
f 7084 7089 7088 7082 
f 7078 7084 7082 7076 
f 7080 7078 7076 7079 
f 7113 7074 7073 7112 
f 7108 7113 7112 7106 
f 7074 7072 7070 7073 
f 7093 7344 7351 7091 
f 7072 7080 7079 7070 
s 2
f 7071 7075 7073 7070 
f 7077 7081 7079 7076 
f 7083 7077 7076 7082 
f 7086 7090 7088 7085 
f 7092 7096 7094 7091 
f 7098 7701 7934 7097 
f 7101 7105 7103 7100 
f 7107 7111 7109 7106 
f 7111 7101 7100 7109 
f 7105 7098 7097 7103 
f 7096 7086 7085 7094 
f 7090 7083 7082 7088 
f 7075 7114 7112 7073 
f 7114 7107 7106 7112 
f 7081 7071 7070 7079 
s 1
f 7116 7696 7703 7115 
f 7122 7120 7118 7121 
f 7128 7126 7124 7127 
f 7134 7132 7130 7133 
f 7140 7138 7136 7139 
f 7138 7144 7142 7136 
f 7149 7147 7145 7148 
f 7132 7149 7148 7130 
f 7147 7140 7139 7145 
f 7144 7345 7580 7142 
f 7155 7153 7151 7154 
f 7161 7159 7157 7160 
f 7167 7165 7163 7166 
f 7170 7167 7166 7169 
f 7165 7174 7172 7163 
f 7174 7122 7121 7172 
f 7120 7128 7127 7118 
f 7159 7170 7169 7157 
f 7176 7155 7154 7175 
f 7179 7176 7175 7178 
f 7182 7179 7178 7181 
f 7126 7182 7181 7124 
f 7153 7186 7184 7151 
f 7186 7161 7160 7184 
f 7191 7116 7115 7190 
f 7197 7195 7193 7196 
f 7189 7197 7196 7187 
f 7203 7201 7199 7202 
f 7201 7191 7190 7199 
f 7195 7203 7202 7193 
f 7200 7204 7202 7199 
f 7192 7200 7199 7190 
f 7164 7168 7166 7163 
f 7185 7152 7151 7184 
f 7188 7967 7704 7187 
f 7162 7185 7184 7160 
f 7198 7188 7187 7196 
f 7194 7198 7196 7193 
f 7117 7192 7190 7115 
f 7204 7194 7193 7202 
s 2
f 7135 7599 7352 7133 
f 7131 7135 7133 7130 
f 7150 7131 7130 7148 
f 7146 7150 7148 7145 
f 7141 7146 7145 7139 
f 7137 7141 7139 7136 
f 7143 7137 7136 7142 
s 1
f 7119 7123 7121 7118 
f 7123 7173 7172 7121 
f 7173 7164 7163 7172 
f 7158 7162 7160 7157 
f 7171 7158 7157 7169 
f 7168 7171 7169 7166 
f 7129 7119 7118 7127 
f 7125 7129 7127 7124 
f 7183 7125 7124 7181 
f 7180 7183 7181 7178 
f 7177 7180 7178 7175 
f 7156 7177 7175 7154 
f 7152 7156 7154 7151 
f 7208 7206 7205 7207 
f 7206 7210 7209 7205 
s 2
f 7212 7347 7603 7211 
s 1
f 7216 7214 7213 7215 
f 7220 7218 7217 7219 
f 7218 7224 7223 7217 
f 7222 7226 7225 7221 
f 7226 7228 7227 7225 
f 7230 7700 7981 7229 
f 7210 7230 7229 7209 
f 7228 7208 7207 7227 
s 2
f 7232 7234 7233 7231 
f 7234 7236 7235 7233 
f 7236 7238 7237 7235 
f 7238 7240 7239 7237 
f 7240 7242 7241 7239 
f 7242 7212 7211 7241 
s 1
f 7246 7244 7243 7245 
f 7248 7246 7245 7247 
f 7214 7248 7247 7213 
f 7224 7250 7249 7223 
f 7250 7252 7251 7249 
f 7252 7216 7215 7251 
f 7244 7254 7253 7243 
f 7254 7256 7255 7253 
f 7256 7258 7257 7255 
f 7258 7260 7259 7257 
f 7260 7262 7261 7259 
f 7262 7264 7263 7261 
f 7264 7220 7219 7263 
s 2
f 7268 7266 7265 7267 
f 7272 7270 7269 7271 
f 7270 7274 7273 7269 
f 7278 7276 7275 7277 
f 7282 7280 7279 7281 
f 7288 7286 7285 7287 
f 7292 7290 7289 7291 
f 7286 7292 7291 7285 
f 7284 7288 7287 7283 
f 7276 7282 7281 7275 
f 7274 7278 7277 7273 
f 7294 7268 7267 7293 
f 7290 7294 7293 7289 
f 7266 7272 7271 7265 
f 7280 7350 7356 7279 
s 1
f 7296 7295 7205 7209 
f 7297 7296 7209 7229 
f 7298 7705 7706 7221 
f 7299 7298 7221 7225 
f 7300 7299 7225 7227 
f 7301 7300 7227 7207 
f 7295 7301 7207 7205 
f 7302 7353 7355 7231 
f 7303 7302 7231 7233 
f 7304 7303 7233 7235 
f 7305 7304 7235 7237 
f 7306 7305 7237 7239 
f 7307 7306 7239 7241 
f 7308 7307 7241 7211 
s 2
f 7310 7309 7213 7247 
f 7311 7310 7247 7245 
f 7312 7311 7245 7243 
f 7313 7312 7243 7253 
f 7314 7313 7253 7255 
f 7315 7314 7255 7257 
f 7316 7315 7257 7259 
f 7317 7316 7259 7261 
f 7318 7317 7261 7263 
f 7319 7318 7263 7219 
f 7320 7319 7219 7217 
f 7321 7320 7217 7223 
f 7322 7321 7223 7249 
f 7323 7322 7249 7251 
f 7324 7323 7251 7215 
f 7309 7324 7215 7213 
s 1
f 7326 7325 7265 7271 
f 7327 7326 7271 7269 
f 7328 7327 7269 7273 
f 7329 7328 7273 7277 
f 7330 7329 7277 7275 
f 7331 7330 7275 7281 
f 7332 7331 7281 7279 
f 7333 8042 8043 7283 
f 7334 7333 7283 7287 
f 7335 7334 7287 7285 
f 7336 7335 7285 7291 
f 7337 7336 7291 7289 
f 7338 7337 7289 7293 
f 7339 7338 7293 7267 
f 7325 7339 7267 7265 
f 7295 7296 8051 
f 7296 7297 8051 
f 7297 8050 8051 
f 7298 7299 8051 
f 7299 7300 8051 
f 7300 7301 8051 
f 7301 7295 8051 
f 7302 7303 7691 
f 7303 7304 7691 
f 7304 7305 7691 
f 7305 7306 7691 
f 7306 7307 7691 
f 7307 7308 7691 
f 7308 7354 7691 
s 2
f 7309 7310 7340 
f 7310 7311 7340 
f 7311 7312 7340 
f 7312 7313 7340 
f 7313 7314 7340 
f 7314 7315 7340 
f 7315 7316 7340 
f 7316 7317 7340 
f 7317 7318 7340 
f 7318 7319 7340 
f 7319 7320 7340 
f 7320 7321 7340 
f 7321 7322 7340 
f 7322 7323 7340 
f 7323 7324 7340 
f 7324 7309 7340 
s off
f 7056 7055 8377 
f 7055 7057 8377 
f 7057 7058 8377 
f 7058 7059 8377 
f 7059 8054 8377 
f 7060 7061 8377 
f 7061 7062 8377 
f 7062 7063 8377 
f 7063 7064 8377 
f 7064 7065 8377 
f 7065 7066 8377 
f 7066 7067 8377 
f 7067 7068 8377 
f 7068 7069 8377 
f 7069 7056 8377 
s 1
f 7341 7035 7036 7342 
f 7342 7036 7060 7693 
f 7345 7144 7343 
s 2
f 7599 7135 7232 7348 
f 7349 7092 7091 7351 
s 1
f 7444 7134 7133 7352 
s 2
f 7346 7143 7142 7580 
f 7348 7232 7231 7355 
s 1
f 7354 7308 7211 7603 
f 7694 7332 7279 7356 
f 7353 7302 7691 
s off
f 7693 7060 8377 
s 1
f 7357 7360 7359 7358 
f 7361 7357 7358 7362 
f 7363 7361 7362 7364 
f 7365 7363 7364 7366 
f 7367 7370 7369 7368 
f 7371 7372 7370 7367 
f 7373 7374 7372 7371 
f 7375 7376 7374 7373 
f 7377 7378 7376 7375 
f 7379 7380 7378 7377 
f 7381 7384 7383 7382 
f 7360 7381 7382 7359 
f 7385 7388 7387 7386 
f 7389 7385 7386 7390 
f 7391 7389 7390 7392 
f 7393 7391 7392 7394 
f 7395 7398 7397 7396 
f 7396 7397 7400 7399 
f 7399 7400 7402 7401 
f 7401 7402 7404 7403 
f 7403 7404 7406 7405 
f 7405 7406 7408 7407 
f 7407 7408 7410 7409 
f 7411 7409 7410 7412 
f 7413 7411 7412 7414 
f 7388 7413 7414 7387 
f 7386 7387 7416 7415 
f 7390 7386 7415 7417 
f 7392 7390 7417 7418 
f 7394 7392 7418 7419 
f 7398 7421 7420 7397 
f 7397 7420 7422 7400 
f 7400 7422 7423 7402 
f 7402 7423 7424 7404 
f 7404 7424 7425 7406 
f 7406 7425 7426 7408 
f 7408 7426 7427 7410 
f 7412 7410 7427 7428 
f 7414 7412 7428 7429 
f 7387 7414 7429 7416 
f 7388 7385 7358 7359 
f 7385 7389 7362 7358 
f 7389 7391 7364 7362 
f 7391 7393 7366 7364 
f 7393 7708 8157 7366 
f 7395 7368 7343 7341 
f 7396 7367 7368 7395 
f 7399 7371 7367 7396 
f 7401 7373 7371 7399 
f 7403 7375 7373 7401 
f 7405 7377 7375 7403 
f 7407 7379 7377 7405 
f 7409 7430 7379 7407 
f 7409 7411 7383 7430 
f 7411 7413 7382 7383 
f 7413 7388 7359 7382 
f 7432 7434 7380 7433 
f 7384 7436 7435 
f 7369 7438 7437 
f 7368 7440 7439 
f 7368 7439 7441 7343 
f 7369 7443 7442 
f 7369 7437 7443 
f 7369 7442 7440 7368 
f 7383 7446 7445 7430 
f 7447 7379 7430 7448 
f 7449 7380 7450 
f 7450 7380 7379 7451 
f 7452 7380 7449 
f 7433 7380 7452 
f 7451 7379 7447 
f 7383 7453 7446 
f 7384 7454 7453 7383 
f 7384 7455 7454 
f 7384 7435 7455 
f 7430 7445 7456 
f 7448 7430 7456 
f 7457 8157 7710 
f 7431 7365 7458 
f 7459 7366 7460 
f 7460 7366 8157 7457 
f 7461 7365 7462 
f 7458 7365 7461 
f 7462 7365 7366 7459 
f 7463 7466 7465 7464 
f 7464 7465 7468 7467 
s 2
f 7469 7470 7347 7346 
s 1
f 7471 7474 7473 7472 
f 7475 7478 7477 7476 
f 7476 7477 7482 7481 
f 7479 7480 7484 7483 
f 7483 7484 7486 7485 
f 7487 7488 7714 7713 
f 7467 7468 7488 7487 
f 7485 7486 7466 7463 
s 2
f 7489 7492 7491 7490 
f 7490 7491 7494 7493 
f 7493 7494 7496 7495 
f 7495 7496 7498 7497 
f 7497 7498 7500 7499 
f 7499 7500 7470 7469 
s 1
f 7501 7504 7503 7502 
f 7505 7506 7504 7501 
f 7472 7473 7506 7505 
f 7481 7482 7508 7507 
f 7507 7508 7510 7509 
f 7509 7510 7474 7471 
f 7502 7503 7512 7511 
f 7511 7512 7514 7513 
f 7513 7514 7516 7515 
f 7515 7516 7518 7517 
f 7517 7518 7520 7519 
f 7519 7520 7522 7521 
f 7521 7522 7478 7475 
s 2
f 7523 7526 7525 7524 
f 7527 7530 7529 7528 
f 7528 7529 7532 7531 
f 7533 7536 7535 7534 
f 7537 7540 7539 7538 
f 7543 7546 7545 7544 
f 7547 7550 7549 7548 
f 7544 7545 7550 7547 
f 7541 7542 7546 7543 
f 7534 7535 7540 7537 
f 7531 7532 7536 7533 
f 7551 7552 7526 7523 
f 7548 7549 7552 7551 
f 7524 7525 7530 7527 
f 7538 7539 7350 7349 
s 1
f 7357 7554 7553 7360 
f 7361 7555 7554 7357 
f 7363 7556 7555 7361 
f 7365 7557 7556 7363 
f 7370 7559 7558 7369 
f 7372 7560 7559 7370 
f 7374 7561 7560 7372 
f 7376 7562 7561 7374 
f 7378 7563 7562 7376 
f 7380 7564 7563 7378 
f 7381 7566 7565 7384 
f 7360 7553 7566 7381 
f 7384 7565 7567 7434 
f 7369 7558 7351 7344 
f 7434 7567 7564 7380 
s 2
f 7524 7567 7565 7523 
f 7528 7563 7564 7527 
f 7531 7562 7563 7528 
f 7534 7560 7561 7533 
f 7538 7558 7559 7537 
f 7541 7557 8263 7715 
f 7544 7555 7556 7543 
f 7548 7553 7554 7547 
f 7547 7554 7555 7544 
f 7543 7556 7557 7541 
f 7537 7559 7560 7534 
f 7533 7561 7562 7531 
f 7523 7565 7566 7551 
f 7551 7566 7553 7548 
f 7527 7564 7567 7524 
s 1
f 7431 7568 7717 8265 
f 7433 7570 7569 7432 
f 7436 7572 7571 7435 
f 7438 7574 7573 7437 
f 7440 7576 7575 7439 
f 7439 7575 7577 7441 
f 7443 7579 7578 7442 
f 7437 7573 7579 7443 
f 7442 7578 7576 7440 
f 7441 7577 7580 7345 
f 7446 7582 7581 7445 
f 7448 7584 7583 7447 
f 7450 7586 7585 7449 
f 7451 7587 7586 7450 
f 7449 7585 7588 7452 
f 7452 7588 7570 7433 
f 7432 7569 7572 7436 
f 7447 7583 7587 7451 
f 7453 7589 7582 7446 
f 7454 7590 7589 7453 
f 7455 7591 7590 7454 
f 7435 7571 7591 7455 
f 7445 7581 7592 7456 
f 7456 7592 7584 7448 
f 7458 7594 7568 7431 
f 7460 7596 7595 7459 
f 7457 7593 7596 7460 
f 7462 7598 7597 7461 
f 7461 7597 7594 7458 
f 7459 7595 7598 7462 
f 7464 7597 7598 7463 
f 7467 7594 7597 7464 
f 7472 7585 7586 7471 
f 7476 7592 7581 7475 
f 7479 7593 8295 7711 
f 7481 7584 7592 7476 
f 7483 7596 7593 7479 
f 7485 7595 7596 7483 
f 7487 7568 7594 7467 
f 7463 7598 7595 7485 
s 2
f 7489 7574 7352 7599 
f 7490 7573 7574 7489 
f 7493 7579 7573 7490 
f 7495 7578 7579 7493 
f 7497 7576 7578 7495 
f 7499 7575 7576 7497 
f 7469 7577 7575 7499 
s 1
f 7502 7569 7570 7501 
f 7501 7570 7588 7505 
f 7505 7588 7585 7472 
f 7507 7583 7584 7481 
f 7509 7587 7583 7507 
f 7471 7586 7587 7509 
f 7511 7572 7569 7502 
f 7513 7571 7572 7511 
f 7515 7591 7571 7513 
f 7517 7590 7591 7515 
f 7519 7589 7590 7517 
f 7521 7582 7589 7519 
f 7475 7581 7582 7521 
f 7466 7601 7600 7465 
f 7465 7600 7602 7468 
s 2
f 7470 7604 7603 7347 
s 1
f 7474 7606 7605 7473 
f 7478 7608 7607 7477 
f 7477 7607 7610 7482 
f 7480 7609 7611 7484 
f 7484 7611 7612 7486 
f 7488 7613 8308 7714 
f 7468 7602 7613 7488 
f 7486 7612 7601 7466 
s 2
f 7492 7615 7614 7491 
f 7491 7614 7616 7494 
f 7494 7616 7617 7496 
f 7496 7617 7618 7498 
f 7498 7618 7619 7500 
f 7500 7619 7604 7470 
s 1
f 7504 7621 7620 7503 
f 7506 7622 7621 7504 
f 7473 7605 7622 7506 
f 7482 7610 7623 7508 
f 7508 7623 7624 7510 
f 7510 7624 7606 7474 
f 7503 7620 7625 7512 
f 7512 7625 7626 7514 
f 7514 7626 7627 7516 
f 7516 7627 7628 7518 
f 7518 7628 7629 7520 
f 7520 7629 7630 7522 
f 7522 7630 7608 7478 
s 2
f 7526 7632 7631 7525 
f 7530 7634 7633 7529 
f 7529 7633 7635 7532 
f 7536 7637 7636 7535 
f 7540 7639 7638 7539 
f 7546 7642 7641 7545 
f 7550 7644 7643 7549 
f 7545 7641 7644 7550 
f 7542 7640 7642 7546 
f 7535 7636 7639 7540 
f 7532 7635 7637 7536 
f 7552 7645 7632 7526 
f 7549 7643 7645 7552 
f 7525 7631 7634 7530 
f 7539 7638 7356 7350 
s 1
f 7646 7602 7600 7647 
f 7648 7613 7602 7646 
f 7649 7609 8339 8340 
f 7650 7611 7609 7649 
f 7651 7612 7611 7650 
f 7652 7601 7612 7651 
f 7647 7600 7601 7652 
f 7653 7615 7355 7353 
f 7654 7614 7615 7653 
f 7655 7616 7614 7654 
f 7656 7617 7616 7655 
f 7657 7618 7617 7656 
f 7658 7619 7618 7657 
f 7659 7604 7619 7658 
s 2
f 7660 7622 7605 7661 
f 7662 7621 7622 7660 
f 7663 7620 7621 7662 
f 7664 7625 7620 7663 
f 7665 7626 7625 7664 
f 7666 7627 7626 7665 
f 7667 7628 7627 7666 
f 7668 7629 7628 7667 
f 7669 7630 7629 7668 
f 7670 7608 7630 7669 
f 7671 7607 7608 7670 
f 7672 7610 7607 7671 
f 7673 7623 7610 7672 
f 7674 7624 7623 7673 
f 7675 7606 7624 7674 
f 7661 7605 7606 7675 
s 1
f 7676 7634 7631 7677 
f 7678 7633 7634 7676 
f 7679 7635 7633 7678 
f 7680 7637 7635 7679 
f 7681 7636 7637 7680 
f 7682 7639 7636 7681 
f 7683 7638 7639 7682 
f 7684 7640 7718 7720 
f 7685 7642 7640 7684 
f 7686 7641 7642 7685 
f 7687 7644 7641 7686 
f 7688 7643 7644 7687 
f 7689 7645 7643 7688 
f 7690 7632 7645 7689 
f 7677 7631 7632 7690 
f 7647 8375 7646 
f 7646 8375 7648 
f 7648 8375 7719 
f 7649 8375 7650 
f 7650 8375 7651 
f 7651 8375 7652 
f 7652 8375 7647 
f 7653 7691 7654 
f 7654 7691 7655 
f 7655 7691 7656 
f 7656 7691 7657 
f 7657 7691 7658 
f 7658 7691 7659 
f 7659 7691 7354 
s 2
f 7661 7692 7660 
f 7660 7692 7662 
f 7662 7692 7663 
f 7663 7692 7664 
f 7664 7692 7665 
f 7665 7692 7666 
f 7666 7692 7667 
f 7667 7692 7668 
f 7668 7692 7669 
f 7669 7692 7670 
f 7670 7692 7671 
f 7671 7692 7672 
f 7672 7692 7673 
f 7673 7692 7674 
f 7674 7692 7675 
f 7675 7692 7661 
s off
f 7416 8377 7415 
f 7415 8377 7417 
f 7417 8377 7418 
f 7418 8377 7419 
f 7419 8377 7709 
f 7421 8377 7420 
f 7420 8377 7422 
f 7422 8377 7423 
f 7423 8377 7424 
f 7424 8377 7425 
f 7425 8377 7426 
f 7426 8377 7427 
f 7427 8377 7428 
f 7428 8377 7429 
f 7429 8377 7416 
s 1
f 7341 7342 7398 7395 
f 7342 7693 7421 7398 
f 7345 7343 7441 
s 2
f 7599 7348 7492 7489 
f 7349 7351 7558 7538 
s 1
f 7444 7352 7574 7438 
s 2
f 7346 7580 7577 7469 
f 7348 7355 7615 7492 
s 1
f 7354 7603 7604 7659 
f 7694 7356 7638 7683 
f 7353 7691 7653 
s off
f 7693 8377 7421 
s 1
f 8378 7034 7033 7695 
f 8054 7059 7034 8378 
f 7696 7116 7099 7826 
f 7967 7188 7222 7699 
s 2
f 7701 7098 7284 7702 
s 1
f 7826 7099 7097 7934 
f 7697 7189 7187 7704 
f 7856 7117 7115 7703 
f 7699 7222 7221 7706 
s 2
f 7702 7284 7283 8043 
s 1
f 8050 7297 7229 7981 
f 7705 7298 8051 
f 7708 7393 7394 7707 
f 7707 7394 7419 7709 
f 8159 7365 7431 8265 
f 7712 7480 7479 7711 
s 2
f 7716 7542 7541 7715 
s 1
f 8263 7557 7365 8159 
f 8295 7593 7457 7710 
f 7717 7568 7487 7713 
f 8339 7609 7480 7712 
s 2
f 7718 7640 7542 7716 
s 1
f 8308 7613 7648 7719 
f 8375 7649 8340 
f 7721 7724 7723 7722 
f 7725 7721 7722 7726 
f 7727 7725 7726 7728 
f 7729 7727 7728 7730 
f 7731 7734 7733 7732 
f 7735 7736 7734 7731 
f 7737 7738 7736 7735 
f 7739 7740 7738 7737 
f 7741 7742 7740 7739 
f 7743 7744 7742 7741 
f 7745 7748 7747 7746 
f 7724 7745 7746 7723 
f 7749 7752 7751 7750 
f 7753 7749 7750 7754 
f 7755 7753 7754 7756 
f 7757 7755 7756 7758 
f 7759 7762 7761 7760 
f 7760 7761 7764 7763 
f 7763 7764 7766 7765 
f 7765 7766 7768 7767 
f 7767 7768 7770 7769 
f 7769 7770 7772 7771 
f 7771 7772 7774 7773 
f 7775 7773 7774 7776 
f 7777 7775 7776 7778 
f 7752 7777 7778 7751 
f 7750 7751 7780 7779 
f 7754 7750 7779 7781 
f 7756 7754 7781 7782 
f 7758 7756 7782 7783 
f 7762 7785 7784 7761 
f 7761 7784 7786 7764 
f 7764 7786 7787 7766 
f 7766 7787 7788 7768 
f 7768 7788 7789 7770 
f 7770 7789 7790 7772 
f 7772 7790 7791 7774 
f 7776 7774 7791 7792 
f 7778 7776 7792 7793 
f 7751 7778 7793 7780 
f 7752 7749 7722 7723 
f 7749 7753 7726 7722 
f 7753 7755 7728 7726 
f 7755 7757 7730 7728 
f 7757 7695 7698 7730 
f 7759 7732 7795 7794 
f 7760 7731 7732 7759 
f 7763 7735 7731 7760 
f 7765 7737 7735 7763 
f 7767 7739 7737 7765 
f 7769 7741 7739 7767 
f 7771 7743 7741 7769 
f 7773 7796 7743 7771 
f 7773 7775 7747 7796 
f 7775 7777 7746 7747 
f 7777 7752 7723 7746 
f 7797 7799 7744 7798 
f 7748 7801 7800 
f 7733 7803 7802 
f 7732 7806 7805 
f 7732 7805 7807 7795 
f 7733 7809 7808 
f 7733 7802 7809 
f 7733 7808 7806 7732 
f 7747 7812 7811 7796 
f 7813 7743 7796 7814 
f 7815 7744 7816 
f 7816 7744 7743 7817 
f 7818 7744 7815 
f 7817 7743 7813 
f 7747 7819 7812 
f 7748 7820 7819 7747 
f 7748 7821 7820 
f 7748 7800 7821 
f 7796 7811 7822 
f 7814 7796 7822 
f 7823 7698 7697 
f 7824 7729 7825 
f 7827 7730 7828 
f 7828 7730 7698 7823 
f 7829 7729 7830 
f 7825 7729 7829 
f 7830 7729 7730 7827 
f 7831 7834 7833 7832 
f 7832 7833 7836 7835 
s 2
f 7837 10513 10515 7838 
s 1
f 7839 7842 7841 7840 
f 7843 7846 7845 7844 
f 7844 7845 7848 7847 
f 7849 7852 7851 7850 
f 7850 7851 7854 7853 
f 7855 7857 7700 7856 
f 7835 7836 7857 7855 
f 7853 7854 7834 7831 
s 2
f 7858 10519 10521 7859 
f 7859 10521 10524 7860 
f 7860 10524 10527 7861 
f 7861 10527 10530 7862 
f 7862 10530 10533 7863 
f 7863 10533 10513 7837 
s 1
f 7864 7867 7866 7865 
f 7868 7869 7867 7864 
f 7840 7841 7869 7868 
f 7847 7848 7871 7870 
f 7870 7871 7873 7872 
f 7872 7873 7842 7839 
f 7865 7866 7875 7874 
f 7874 7875 7877 7876 
f 7876 7877 7879 7878 
f 7878 7879 7881 7880 
f 7880 7881 7883 7882 
f 7882 7883 7885 7884 
f 7884 7885 7846 7843 
s 2
f 7886 7889 7888 7887 
f 7890 7893 7892 7891 
f 7891 7892 7895 7894 
f 7896 7899 7898 7897 
f 7900 7903 7902 7901 
f 7904 7907 7906 7905 
f 7908 7911 7910 7909 
f 7905 7906 7911 7908 
f 7912 7913 7907 7904 
f 7897 7898 7903 7900 
f 7894 7895 7899 7896 
f 7914 7915 7889 7886 
f 7909 7910 7915 7914 
f 7887 7888 7893 7890 
f 7901 7902 7917 7916 
s 1
f 7721 7919 7918 7724 
f 7725 7920 7919 7721 
f 7727 7921 7920 7725 
f 7729 7922 7921 7727 
f 7734 7924 7923 7733 
f 7736 7925 7924 7734 
f 7738 7926 7925 7736 
f 7740 7927 7926 7738 
f 7742 7928 7927 7740 
f 7744 7929 7928 7742 
f 7745 7931 7930 7748 
f 7724 7918 7931 7745 
f 7748 7930 7932 7799 
f 7733 7923 7933 7804 
f 7799 7932 7929 7744 
s 2
f 7887 7932 7930 7886 
f 7891 7928 7929 7890 
f 7894 7927 7928 7891 
f 7897 7925 7926 7896 
f 7901 7923 7924 7900 
f 7912 7922 7934 7701 
f 7905 7920 7921 7904 
f 7909 7918 7919 7908 
f 7908 7919 7920 7905 
f 7904 7921 7922 7912 
f 7900 7924 7925 7897 
f 7896 7926 7927 7894 
f 7886 7930 7931 7914 
f 7914 7931 7918 7909 
f 7890 7929 7932 7887 
s 1
f 7824 7935 7703 7696 
f 7798 7937 7936 7797 
f 7801 7939 7938 7800 
f 7803 7941 7940 7802 
f 7806 7943 7942 7805 
f 7805 7942 7944 7807 
f 7809 7946 7945 7808 
f 7802 7940 7946 7809 
f 7808 7945 7943 7806 
f 7807 7944 7948 7947 
f 7812 7950 7949 7811 
f 7814 7952 7951 7813 
f 7816 7954 7953 7815 
f 7817 7955 7954 7816 
f 7815 7953 7956 7818 
f 7818 7956 7937 7798 
f 7797 7936 7939 7801 
f 7813 7951 7955 7817 
f 7819 7957 7950 7812 
f 7820 7958 7957 7819 
f 7821 7959 7958 7820 
f 7800 7938 7959 7821 
f 7811 7949 7960 7822 
f 7822 7960 7952 7814 
f 7825 7961 7935 7824 
f 7828 7963 7962 7827 
f 7823 7964 7963 7828 
f 7830 7966 7965 7829 
f 7829 7965 7961 7825 
f 7827 7962 7966 7830 
f 7832 7965 7966 7831 
f 7835 7961 7965 7832 
f 7840 7953 7954 7839 
f 7844 7960 7949 7843 
f 7849 7964 7704 7967 
f 7847 7952 7960 7844 
f 7850 7963 7964 7849 
f 7853 7962 7963 7850 
f 7855 7935 7961 7835 
f 7831 7966 7962 7853 
s 2
f 7858 7941 7969 7968 
f 7859 7940 7941 7858 
f 7860 7946 7940 7859 
f 7861 7945 7946 7860 
f 7862 7943 7945 7861 
f 7863 7942 7943 7862 
f 7837 7944 7942 7863 
s 1
f 7865 7936 7937 7864 
f 7864 7937 7956 7868 
f 7868 7956 7953 7840 
f 7870 7951 7952 7847 
f 7872 7955 7951 7870 
f 7839 7954 7955 7872 
f 7874 7939 7936 7865 
f 7876 7938 7939 7874 
f 7878 7959 7938 7876 
f 7880 7958 7959 7878 
f 7882 7957 7958 7880 
f 7884 7950 7957 7882 
f 7843 7949 7950 7884 
f 7834 7971 7970 7833 
f 7833 7970 7972 7836 
f 7842 7974 7973 7841 
f 7846 7976 7975 7845 
f 7845 7975 7977 7848 
f 7852 7979 7978 7851 
f 7851 7978 7980 7854 
f 7857 7982 7981 7700 
f 7836 7972 7982 7857 
f 7854 7980 7971 7834 
f 7867 7984 7983 7866 
f 7869 7985 7984 7867 
f 7841 7973 7985 7869 
f 7848 7977 7986 7871 
f 7871 7986 7987 7873 
f 7873 7987 7974 7842 
f 7866 7983 7988 7875 
f 7875 7988 7989 7877 
f 7877 7989 7990 7879 
f 7879 7990 7991 7881 
f 7881 7991 7992 7883 
f 7883 7992 7993 7885 
f 7885 7993 7976 7846 
s 2
f 7889 7995 7994 7888 
f 7893 7997 7996 7892 
f 7892 7996 7998 7895 
f 7899 8000 7999 7898 
f 7903 8002 8001 7902 
f 7907 8004 8003 7906 
f 7911 8006 8005 7910 
f 7906 8003 8006 7911 
f 7913 8007 8004 7907 
f 7898 7999 8002 7903 
f 7895 7998 8000 7899 
f 7915 8008 7995 7889 
f 7910 8005 8008 7915 
f 7888 7994 7997 7893 
f 7902 8001 8009 7917 
s 1
f 8010 7972 7970 8011 
f 8012 7982 7972 8010 
f 8013 7979 7706 7705 
f 8014 7978 7979 8013 
f 8015 7980 7978 8014 
f 8016 7971 7980 8015 
f 8011 7970 7971 8016 
s 2
f 8017 7985 7973 8018 
f 8019 7984 7985 8017 
f 8020 7983 7984 8019 
f 8021 7988 7983 8020 
f 8022 7989 7988 8021 
f 8023 7990 7989 8022 
f 8024 7991 7990 8023 
f 8025 7992 7991 8024 
f 8026 7993 7992 8025 
f 8027 7976 7993 8026 
f 8028 7975 7976 8027 
f 8029 7977 7975 8028 
f 8030 7986 7977 8029 
f 8031 7987 7986 8030 
f 8032 7974 7987 8031 
f 8018 7973 7974 8032 
s 1
f 8033 7997 7994 8034 
f 8035 7996 7997 8033 
f 8036 7998 7996 8035 
f 8037 8000 7998 8036 
f 8038 7999 8000 8037 
f 8039 8002 7999 8038 
f 8040 8001 8002 8039 
f 8041 8007 8043 8042 
f 8044 8004 8007 8041 
f 8045 8003 8004 8044 
f 8046 8006 8003 8045 
f 8047 8005 8006 8046 
f 8048 8008 8005 8047 
f 8049 7995 8008 8048 
f 8034 7994 7995 8049 
f 8011 8051 8010 
f 8010 8051 8012 
f 8012 8051 8050 
f 8013 8051 8014 
f 8014 8051 8015 
f 8015 8051 8016 
f 8016 8051 8011 
f 8052 10522 10518 
f 8052 10525 10522 
f 8052 10528 10525 
f 8052 10531 10528 
f 8052 10534 10531 
f 8052 10512 10534 
f 8052 10516 10512 
s 2
f 8018 8053 8017 
f 8017 8053 8019 
f 8019 8053 8020 
f 8020 8053 8021 
f 8021 8053 8022 
f 8022 8053 8023 
f 8023 8053 8024 
f 8024 8053 8025 
f 8025 8053 8026 
f 8026 8053 8027 
f 8027 8053 8028 
f 8028 8053 8029 
f 8029 8053 8030 
f 8030 8053 8031 
f 8031 8053 8032 
f 8032 8053 8018 
s off
f 7780 8377 7779 
f 7779 8377 7781 
f 7781 8377 7782 
f 7782 8377 7783 
f 7783 8377 8054 
f 7785 8377 7784 
f 7784 8377 7786 
f 7786 8377 7787 
f 7787 8377 7788 
f 7788 8377 7789 
f 7789 8377 7790 
f 7790 8377 7791 
f 7791 8377 7792 
f 7792 8377 7793 
f 7793 8377 7780 
s 1
f 7794 8055 7762 7759 
f 8055 8056 7785 7762 
f 7947 7795 7807 
s 2
f 7968 10537 10519 7858 
f 7916 7933 7923 7901 
s 1
f 7810 7969 7941 7803 
s 2
f 7838 7948 7944 7837 
s 1
f 8057 8009 8001 8040 
f 8052 10518 10536 
s off
f 8056 8377 7785 
s 1
f 8058 8061 8060 8059 
f 8062 8063 8061 8058 
f 8064 8065 8063 8062 
f 8066 8067 8065 8064 
f 8068 8071 8070 8069 
f 8072 8068 8069 8073 
f 8074 8072 8073 8075 
f 8076 8074 8075 8077 
f 8078 8076 8077 8079 
f 8080 8078 8079 8081 
f 8082 8085 8084 8083 
f 8059 8060 8085 8082 
f 8086 8089 8088 8087 
f 8090 8091 8089 8086 
f 8092 8093 8091 8090 
f 8094 8095 8093 8092 
f 8096 8099 8098 8097 
f 8099 8101 8100 8098 
f 8101 8103 8102 8100 
f 8103 8105 8104 8102 
f 8105 8107 8106 8104 
f 8107 8109 8108 8106 
f 8109 8111 8110 8108 
f 8112 8113 8110 8111 
f 8114 8115 8113 8112 
f 8087 8088 8115 8114 
f 8089 8117 8116 8088 
f 8091 8118 8117 8089 
f 8093 8119 8118 8091 
f 8095 8120 8119 8093 
f 8097 8098 8122 8121 
f 8098 8100 8123 8122 
f 8100 8102 8124 8123 
f 8102 8104 8125 8124 
f 8104 8106 8126 8125 
f 8106 8108 8127 8126 
f 8108 8110 8128 8127 
f 8113 8129 8128 8110 
f 8115 8130 8129 8113 
f 8088 8116 8130 8115 
f 8087 8060 8061 8086 
f 8086 8061 8063 8090 
f 8090 8063 8065 8092 
f 8092 8065 8067 8094 
f 8094 8067 8157 7708 
f 8096 7794 7795 8071 
f 8099 8096 8071 8068 
f 8101 8099 8068 8072 
f 8103 8101 8072 8074 
f 8105 8103 8074 8076 
f 8107 8105 8076 8078 
f 8109 8107 8078 8080 
f 8111 8109 8080 8131 
f 8111 8131 8084 8112 
f 8112 8084 8085 8114 
f 8114 8085 8060 8087 
f 8132 8134 8081 8133 
f 8083 8135 8132 8133 
f 8070 8137 7810 7804 
f 8071 8140 8139 
f 8071 7795 8141 8140 
f 8070 8143 8142 
f 8070 8142 8138 
f 8070 8071 8139 8143 
f 8084 8131 8145 8144 
f 8146 8147 8131 8080 
f 8148 8149 8081 
f 8149 8150 8080 8081 
f 8151 8148 8081 
f 8150 8146 8080 
f 8084 8144 8152 
f 8083 8084 8152 8153 
f 8083 8153 8154 
f 8083 8154 8136 
f 8131 8155 8145 
f 8147 8155 8131 
f 8156 7710 8157 
f 8161 8162 8067 
f 8162 8156 8157 8067 
f 8163 8164 8066 
f 8160 8163 8066 
f 8164 8161 8067 8066 
f 8165 8168 8167 8166 
f 8168 8170 8169 8167 
s 2
f 8171 7838 10515 10539 
s 1
f 8172 8175 8174 8173 
f 8176 8179 8178 8177 
f 8179 8181 8180 8178 
f 8182 8185 8184 8183 
f 8185 8187 8186 8184 
f 8188 7713 7714 8189 
f 8170 8188 8189 8169 
f 8187 8165 8166 8186 
s 2
f 8190 8191 10543 10545 
f 8191 8192 10549 10543 
f 8192 8193 10552 10549 
f 8193 8194 10555 10552 
f 8194 8195 10558 10555 
f 8195 8171 10539 10558 
s 1
f 8196 8199 8198 8197 
f 8200 8196 8197 8201 
f 8175 8200 8201 8174 
f 8181 8203 8202 8180 
f 8203 8205 8204 8202 
f 8205 8172 8173 8204 
f 8199 8207 8206 8198 
f 8207 8209 8208 8206 
f 8209 8211 8210 8208 
f 8211 8213 8212 8210 
f 8213 8215 8214 8212 
f 8215 8217 8216 8214 
f 8217 8176 8177 8216 
s 2
f 8218 8221 8220 8219 
f 8222 8225 8224 8223 
f 8225 8227 8226 8224 
f 8228 8231 8230 8229 
f 8232 8235 8234 8233 
f 8236 8239 8238 8237 
f 8240 8243 8242 8241 
f 8239 8240 8241 8238 
f 8244 8236 8237 8245 
f 8231 8232 8233 8230 
f 8227 8228 8229 8226 
f 8246 8218 8219 8247 
f 8243 8246 8247 8242 
f 8221 8222 8223 8220 
f 8235 7916 7917 8234 
s 1
f 8058 8059 8249 8248 
f 8062 8058 8248 8250 
f 8064 8062 8250 8251 
f 8066 8064 8251 8252 
f 8069 8070 8254 8253 
f 8073 8069 8253 8255 
f 8075 8073 8255 8256 
f 8077 8075 8256 8257 
f 8079 8077 8257 8258 
f 8081 8079 8258 8259 
f 8082 8083 8261 8260 
f 8059 8082 8260 8249 
f 8083 8133 8262 8261 
f 8070 7804 7933 8254 
f 8133 8081 8259 8262 
s 2
f 8221 8218 8261 8262 
f 8225 8222 8259 8258 
f 8227 8225 8258 8257 
f 8231 8228 8256 8255 
f 8235 8232 8253 8254 
f 8244 7715 8263 8252 
f 8239 8236 8251 8250 
f 8243 8240 8248 8249 
f 8240 8239 8250 8248 
f 8236 8244 8252 8251 
f 8232 8231 8255 8253 
f 8228 8227 8257 8256 
f 8218 8246 8260 8261 
f 8246 8243 8249 8260 
f 8222 8221 8262 8259 
s 1
f 8158 8265 7717 8264 
f 8134 8132 8267 8266 
f 8135 8136 8269 8268 
f 8137 8138 8271 8270 
f 8139 8140 8273 8272 
f 8140 8141 8274 8273 
f 8142 8143 8276 8275 
f 8138 8142 8275 8271 
f 8143 8139 8272 8276 
f 8141 7947 7948 8274 
f 8144 8145 8278 8277 
f 8147 8146 8280 8279 
f 8149 8148 8282 8281 
f 8150 8149 8281 8283 
f 8148 8151 8284 8282 
f 8151 8134 8266 8284 
f 8132 8135 8268 8267 
f 8146 8150 8283 8280 
f 8152 8144 8277 8285 
f 8153 8152 8285 8286 
f 8154 8153 8286 8287 
f 8136 8154 8287 8269 
f 8145 8155 8288 8278 
f 8155 8147 8279 8288 
f 8160 8158 8264 8289 
f 8162 8161 8291 8290 
f 8156 8162 8290 8292 
f 8164 8163 8294 8293 
f 8163 8160 8289 8294 
f 8161 8164 8293 8291 
f 8168 8165 8293 8294 
f 8170 8168 8294 8289 
f 8175 8172 8281 8282 
f 8179 8176 8278 8288 
f 8182 7711 8295 8292 
f 8181 8179 8288 8279 
f 8185 8182 8292 8290 
f 8187 8185 8290 8291 
f 8188 8170 8289 8264 
f 8165 8187 8291 8293 
s 2
f 8190 7968 7969 8270 
f 8191 8190 8270 8271 
f 8192 8191 8271 8275 
f 8193 8192 8275 8276 
f 8194 8193 8276 8272 
f 8195 8194 8272 8273 
f 8171 8195 8273 8274 
s 1
f 8199 8196 8266 8267 
f 8196 8200 8284 8266 
f 8200 8175 8282 8284 
f 8203 8181 8279 8280 
f 8205 8203 8280 8283 
f 8172 8205 8283 8281 
f 8207 8199 8267 8268 
f 8209 8207 8268 8269 
f 8211 8209 8269 8287 
f 8213 8211 8287 8286 
f 8215 8213 8286 8285 
f 8217 8215 8285 8277 
f 8176 8217 8277 8278 
f 8166 8167 8297 8296 
f 8167 8169 8298 8297 
f 8173 8174 8300 8299 
f 8177 8178 8302 8301 
f 8178 8180 8303 8302 
f 8183 8184 8305 8304 
f 8184 8186 8306 8305 
f 8189 7714 8308 8307 
f 8169 8189 8307 8298 
f 8186 8166 8296 8306 
f 8197 8198 8310 8309 
f 8201 8197 8309 8311 
f 8174 8201 8311 8300 
f 8180 8202 8312 8303 
f 8202 8204 8313 8312 
f 8204 8173 8299 8313 
f 8198 8206 8314 8310 
f 8206 8208 8315 8314 
f 8208 8210 8316 8315 
f 8210 8212 8317 8316 
f 8212 8214 8318 8317 
f 8214 8216 8319 8318 
f 8216 8177 8301 8319 
s 2
f 8219 8220 8321 8320 
f 8223 8224 8323 8322 
f 8224 8226 8324 8323 
f 8229 8230 8326 8325 
f 8233 8234 8328 8327 
f 8237 8238 8330 8329 
f 8241 8242 8332 8331 
f 8238 8241 8331 8330 
f 8245 8237 8329 8333 
f 8230 8233 8327 8326 
f 8226 8229 8325 8324 
f 8247 8219 8320 8334 
f 8242 8247 8334 8332 
f 8220 8223 8322 8321 
f 8234 7917 8009 8328 
s 1
f 8335 8336 8297 8298 
f 8337 8335 8298 8307 
f 8338 8340 8339 8304 
f 8341 8338 8304 8305 
f 8342 8341 8305 8306 
f 8343 8342 8306 8296 
f 8336 8343 8296 8297 
s 2
f 8344 8345 8300 8311 
f 8346 8344 8311 8309 
f 8347 8346 8309 8310 
f 8348 8347 8310 8314 
f 8349 8348 8314 8315 
f 8350 8349 8315 8316 
f 8351 8350 8316 8317 
f 8352 8351 8317 8318 
f 8353 8352 8318 8319 
f 8354 8353 8319 8301 
f 8355 8354 8301 8302 
f 8356 8355 8302 8303 
f 8357 8356 8303 8312 
f 8358 8357 8312 8313 
f 8359 8358 8313 8299 
f 8345 8359 8299 8300 
s 1
f 8360 8361 8321 8322 
f 8362 8360 8322 8323 
f 8363 8362 8323 8324 
f 8364 8363 8324 8325 
f 8365 8364 8325 8326 
f 8366 8365 8326 8327 
f 8367 8366 8327 8328 
f 8368 7720 7718 8333 
f 8369 8368 8333 8329 
f 8370 8369 8329 8330 
f 8371 8370 8330 8331 
f 8372 8371 8331 8332 
f 8373 8372 8332 8334 
f 8374 8373 8334 8320 
f 8361 8374 8320 8321 
f 8336 8335 8375 
f 8335 8337 8375 
f 8337 7719 8375 
f 8338 8341 8375 
f 8341 8342 8375 
f 8342 8343 8375 
f 8343 8336 8375 
f 10546 10542 8052 
f 10542 10548 8052 
f 10548 10551 8052 
f 10551 10554 8052 
f 10554 10557 8052 
f 10557 10540 8052 
f 10540 10516 8052 
s 2
f 8345 8344 8376 
f 8344 8346 8376 
f 8346 8347 8376 
f 8347 8348 8376 
f 8348 8349 8376 
f 8349 8350 8376 
f 8350 8351 8376 
f 8351 8352 8376 
f 8352 8353 8376 
f 8353 8354 8376 
f 8354 8355 8376 
f 8355 8356 8376 
f 8356 8357 8376 
f 8357 8358 8376 
f 8358 8359 8376 
f 8359 8345 8376 
s off
f 8116 8117 8377 
f 8117 8118 8377 
f 8118 8119 8377 
f 8119 8120 8377 
f 8120 7709 8377 
f 8121 8122 8377 
f 8122 8123 8377 
f 8123 8124 8377 
f 8124 8125 8377 
f 8125 8126 8377 
f 8126 8127 8377 
f 8127 8128 8377 
f 8128 8129 8377 
f 8129 8130 8377 
f 8130 8116 8377 
s 1
f 7794 8096 8097 8055 
f 8055 8097 8121 8056 
f 7947 8141 7795 
s 2
f 7968 8190 10545 10537 
f 7916 8235 8254 7933 
s 1
f 7810 8137 8270 7969 
s 2
f 7838 8171 8274 7948 
s 1
f 8057 8367 8328 8009 
f 10536 10546 8052 
s off
f 8056 8121 8377 
s 1
f 8378 7695 7757 7758 
f 8054 8378 7758 7783 
f 7696 7826 7729 7824 
f 7967 7699 7852 7849 
s 2
f 7701 7702 7913 7912 
s 1
f 7826 7934 7922 7729 
f 7697 7704 7964 7823 
f 7856 7703 7935 7855 
f 7699 7706 7979 7852 
s 2
f 7702 8043 8007 7913 
s 1
f 8050 7981 7982 8012 
f 7705 8051 8013 
f 7708 7707 8095 8094 
f 7707 7709 8120 8095 
f 8159 8265 8158 8066 
f 7712 7711 8182 8183 
s 2
f 7716 7715 8244 8245 
s 1
f 8263 8159 8066 8252 
f 8295 7710 8156 8292 
f 7717 7713 8188 8264 
f 8339 7712 8183 8304 
s 2
f 7718 7716 8245 8333 
s 1
f 8308 7719 8337 8307 
f 8375 8340 8338 
f 8158 8160 8066 
f 7384 7434 7432 7436 
f 7369 7344 7444 7438 
f 7093 7132 7134 
f 7122 7174 7080 
f 7074 7126 7128 
f 7116 7191 7099 
f 7748 7799 7797 7801 
f 7744 7818 7798 
f 7733 7804 7810 7803 
f 8070 8138 8137 
f 8134 8151 8081 
f 8083 8136 8135 
f 8441 8424 8425 
f 8425 8426 8440 8441 
f 8427 8440 8426 
f 8442 8439 8424 8441 
f 8443 8435 8436 
f 8443 8434 8435 
f 8444 8432 8433 
f 8445 8431 8444 
f 8440 8428 8429 8445 
s 2
f 8448 8452 8453 8447 
s 4
f 8447 8453 8454 8446 
s 2
f 8446 8454 8455 8451 
s 4
f 8451 8455 8456 8450 
s 2
f 8450 8456 8457 8449 
s 4
f 8449 8457 8452 8448 
s 1
f 8445 8430 8431 
f 8445 8429 8430 
f 8440 8427 8428 
f 8442 8437 8438 
f 8442 8438 8439 
f 8442 8443 8436 8437 
f 8399 8398 8407 
f 8400 8399 8407 
f 8401 8400 8407 
f 8402 8401 8407 
f 8403 8402 8407 
f 8398 8403 8407 
f 8443 8444 8433 8434 
f 8431 8432 8444 
s 2
f 8381 8380 8408 8409 
f 8382 8381 8409 8410 
f 8384 8382 8410 8411 
f 8396 8384 8411 8412 
f 8397 8396 8412 8413 
f 8404 8397 8413 8414 
f 8395 8404 8414 8415 
f 8392 8395 8415 8416 
f 8393 8392 8416 8417 
f 8390 8393 8417 8418 
f 8388 8390 8418 8419 
f 8389 8388 8419 8420 
f 8405 8389 8420 8421 
f 8406 8405 8421 8422 
f 8386 8406 8422 8423 
f 8380 8386 8423 8408 
s 1
f 8380 8381 8425 8424 
f 8381 8382 8426 8425 
f 8382 8384 8427 8426 
f 8384 8396 8428 8427 
f 8396 8397 8429 8428 
f 8397 8404 8430 8429 
f 8404 8395 8431 8430 
f 8395 8392 8432 8431 
f 8392 8393 8433 8432 
f 8393 8390 8434 8433 
f 8390 8388 8435 8434 
f 8388 8389 8436 8435 
f 8389 8405 8437 8436 
f 8405 8406 8438 8437 
f 8406 8386 8439 8438 
f 8386 8380 8424 8439 
f 8383 8379 8441 8440 
f 8379 8385 8442 8441 
f 8385 8387 8443 8442 
f 8387 8391 8444 8443 
f 8391 8394 8445 8444 
f 8394 8383 8440 8445 
s 4
f 8379 8383 8447 8446 
s 2
f 8383 8394 8448 8447 
s 4
f 8394 8391 8449 8448 
s 2
f 8391 8387 8450 8449 
s 4
f 8387 8385 8451 8450 
s 2
f 8385 8379 8446 8451 
f 8398 8399 8453 8452 
s 4
f 8399 8400 8454 8453 
s 2
f 8400 8401 8455 8454 
s 4
f 8401 8402 8456 8455 
s 2
f 8402 8403 8457 8456 
s 4
f 8403 8398 8452 8457 
s 1
f 8520 8503 8504 
f 8504 8505 8519 8520 
f 8506 8519 8505 
f 8521 8518 8503 8520 
f 8522 8514 8515 
f 8522 8513 8514 
f 8523 8511 8512 
f 8524 8510 8523 
f 8519 8507 8508 8524 
s 2
f 8527 8531 8532 8526 
s 4
f 8526 8532 8533 8525 
s 2
f 8525 8533 8534 8530 
s 4
f 8530 8534 8535 8529 
s 2
f 8529 8535 8536 8528 
s 4
f 8528 8536 8531 8527 
s 1
f 8524 8509 8510 
f 8524 8508 8509 
f 8519 8506 8507 
f 8521 8516 8517 
f 8521 8517 8518 
f 8521 8522 8515 8516 
f 8478 8477 8486 
f 8479 8478 8486 
f 8480 8479 8486 
f 8481 8480 8486 
f 8482 8481 8486 
f 8477 8482 8486 
f 8522 8523 8512 8513 
f 8510 8511 8523 
s 2
f 8460 8459 8487 8488 
f 8461 8460 8488 8489 
f 8463 8461 8489 8490 
f 8475 8463 8490 8491 
f 8476 8475 8491 8492 
f 8483 8476 8492 8493 
f 8474 8483 8493 8494 
f 8471 8474 8494 8495 
f 8472 8471 8495 8496 
f 8469 8472 8496 8497 
f 8467 8469 8497 8498 
f 8468 8467 8498 8499 
f 8484 8468 8499 8500 
f 8485 8484 8500 8501 
f 8465 8485 8501 8502 
f 8459 8465 8502 8487 
s 1
f 8459 8460 8504 8503 
f 8460 8461 8505 8504 
f 8461 8463 8506 8505 
f 8463 8475 8507 8506 
f 8475 8476 8508 8507 
f 8476 8483 8509 8508 
f 8483 8474 8510 8509 
f 8474 8471 8511 8510 
f 8471 8472 8512 8511 
f 8472 8469 8513 8512 
f 8469 8467 8514 8513 
f 8467 8468 8515 8514 
f 8468 8484 8516 8515 
f 8484 8485 8517 8516 
f 8485 8465 8518 8517 
f 8465 8459 8503 8518 
f 8462 8458 8520 8519 
f 8458 8464 8521 8520 
f 8464 8466 8522 8521 
f 8466 8470 8523 8522 
f 8470 8473 8524 8523 
f 8473 8462 8519 8524 
s 4
f 8458 8462 8526 8525 
s 2
f 8462 8473 8527 8526 
s 4
f 8473 8470 8528 8527 
s 2
f 8470 8466 8529 8528 
s 4
f 8466 8464 8530 8529 
s 2
f 8464 8458 8525 8530 
f 8477 8478 8532 8531 
s 4
f 8478 8479 8533 8532 
s 2
f 8479 8480 8534 8533 
s 4
f 8480 8481 8535 8534 
s 2
f 8481 8482 8536 8535 
s 4
f 8482 8477 8531 8536 
s 1
f 8599 8582 8583 
f 8583 8584 8598 8599 
f 8585 8598 8584 
f 8600 8597 8582 8599 
f 8601 8593 8594 
f 8601 8592 8593 
f 8602 8590 8591 
f 8603 8589 8602 
f 8598 8586 8587 8603 
s 2
f 8606 8610 8611 8605 
s 4
f 8605 8611 8612 8604 
s 2
f 8604 8612 8613 8609 
s 4
f 8609 8613 8614 8608 
s 2
f 8608 8614 8615 8607 
s 4
f 8607 8615 8610 8606 
s 1
f 8603 8588 8589 
f 8603 8587 8588 
f 8598 8585 8586 
f 8600 8595 8596 
f 8600 8596 8597 
f 8600 8601 8594 8595 
f 8557 8556 8565 
f 8558 8557 8565 
f 8559 8558 8565 
f 8560 8559 8565 
f 8561 8560 8565 
f 8556 8561 8565 
f 8601 8602 8591 8592 
f 8589 8590 8602 
s 2
f 8539 8538 8566 8567 
f 8540 8539 8567 8568 
f 8542 8540 8568 8569 
f 8554 8542 8569 8570 
f 8555 8554 8570 8571 
f 8562 8555 8571 8572 
f 8553 8562 8572 8573 
f 8550 8553 8573 8574 
f 8551 8550 8574 8575 
f 8548 8551 8575 8576 
f 8546 8548 8576 8577 
f 8547 8546 8577 8578 
f 8563 8547 8578 8579 
f 8564 8563 8579 8580 
f 8544 8564 8580 8581 
f 8538 8544 8581 8566 
s 1
f 8538 8539 8583 8582 
f 8539 8540 8584 8583 
f 8540 8542 8585 8584 
f 8542 8554 8586 8585 
f 8554 8555 8587 8586 
f 8555 8562 8588 8587 
f 8562 8553 8589 8588 
f 8553 8550 8590 8589 
f 8550 8551 8591 8590 
f 8551 8548 8592 8591 
f 8548 8546 8593 8592 
f 8546 8547 8594 8593 
f 8547 8563 8595 8594 
f 8563 8564 8596 8595 
f 8564 8544 8597 8596 
f 8544 8538 8582 8597 
f 8541 8537 8599 8598 
f 8537 8543 8600 8599 
f 8543 8545 8601 8600 
f 8545 8549 8602 8601 
f 8549 8552 8603 8602 
f 8552 8541 8598 8603 
s 4
f 8537 8541 8605 8604 
s 2
f 8541 8552 8606 8605 
s 4
f 8552 8549 8607 8606 
s 2
f 8549 8545 8608 8607 
s 4
f 8545 8543 8609 8608 
s 2
f 8543 8537 8604 8609 
f 8556 8557 8611 8610 
s 4
f 8557 8558 8612 8611 
s 2
f 8558 8559 8613 8612 
s 4
f 8559 8560 8614 8613 
s 2
f 8560 8561 8615 8614 
s 4
f 8561 8556 8610 8615 
s 1
f 8678 8661 8662 
f 8662 8663 8677 8678 
f 8664 8677 8663 
f 8679 8676 8661 8678 
f 8680 8672 8673 
f 8680 8671 8672 
f 8681 8669 8670 
f 8682 8668 8681 
f 8677 8665 8666 8682 
s 2
f 8685 8689 8690 8684 
s 4
f 8684 8690 8691 8683 
s 2
f 8683 8691 8692 8688 
s 4
f 8688 8692 8693 8687 
s 2
f 8687 8693 8694 8686 
s 4
f 8686 8694 8689 8685 
s 1
f 8682 8667 8668 
f 8682 8666 8667 
f 8677 8664 8665 
f 8679 8674 8675 
f 8679 8675 8676 
f 8679 8680 8673 8674 
f 8636 8635 8644 
f 8637 8636 8644 
f 8638 8637 8644 
f 8639 8638 8644 
f 8640 8639 8644 
f 8635 8640 8644 
f 8680 8681 8670 8671 
f 8668 8669 8681 
s 2
f 8618 8617 8645 8646 
f 8619 8618 8646 8647 
f 8621 8619 8647 8648 
f 8633 8621 8648 8649 
f 8634 8633 8649 8650 
f 8641 8634 8650 8651 
f 8632 8641 8651 8652 
f 8629 8632 8652 8653 
f 8630 8629 8653 8654 
f 8627 8630 8654 8655 
f 8625 8627 8655 8656 
f 8626 8625 8656 8657 
f 8642 8626 8657 8658 
f 8643 8642 8658 8659 
f 8623 8643 8659 8660 
f 8617 8623 8660 8645 
s 1
f 8617 8618 8662 8661 
f 8618 8619 8663 8662 
f 8619 8621 8664 8663 
f 8621 8633 8665 8664 
f 8633 8634 8666 8665 
f 8634 8641 8667 8666 
f 8641 8632 8668 8667 
f 8632 8629 8669 8668 
f 8629 8630 8670 8669 
f 8630 8627 8671 8670 
f 8627 8625 8672 8671 
f 8625 8626 8673 8672 
f 8626 8642 8674 8673 
f 8642 8643 8675 8674 
f 8643 8623 8676 8675 
f 8623 8617 8661 8676 
f 8620 8616 8678 8677 
f 8616 8622 8679 8678 
f 8622 8624 8680 8679 
f 8624 8628 8681 8680 
f 8628 8631 8682 8681 
f 8631 8620 8677 8682 
s 4
f 8616 8620 8684 8683 
s 2
f 8620 8631 8685 8684 
s 4
f 8631 8628 8686 8685 
s 2
f 8628 8624 8687 8686 
s 4
f 8624 8622 8688 8687 
s 2
f 8622 8616 8683 8688 
f 8635 8636 8690 8689 
s 4
f 8636 8637 8691 8690 
s 2
f 8637 8638 8692 8691 
s 4
f 8638 8639 8693 8692 
s 2
f 8639 8640 8694 8693 
s 4
f 8640 8635 8689 8694 
s 1
f 8757 8740 8741 
f 8741 8742 8756 8757 
f 8743 8756 8742 
f 8758 8755 8740 8757 
f 8759 8751 8752 
f 8759 8750 8751 
f 8760 8748 8749 
f 8761 8747 8760 
f 8756 8744 8745 8761 
s 2
f 8764 8768 8769 8763 
s 4
f 8763 8769 8770 8762 
s 2
f 8762 8770 8771 8767 
s 4
f 8767 8771 8772 8766 
s 2
f 8766 8772 8773 8765 
s 4
f 8765 8773 8768 8764 
s 1
f 8761 8746 8747 
f 8761 8745 8746 
f 8756 8743 8744 
f 8758 8753 8754 
f 8758 8754 8755 
f 8758 8759 8752 8753 
f 8715 8714 8723 
f 8716 8715 8723 
f 8717 8716 8723 
f 8718 8717 8723 
f 8719 8718 8723 
f 8714 8719 8723 
f 8759 8760 8749 8750 
f 8747 8748 8760 
s 2
f 8697 8696 8724 8725 
f 8698 8697 8725 8726 
f 8700 8698 8726 8727 
f 8712 8700 8727 8728 
f 8713 8712 8728 8729 
f 8720 8713 8729 8730 
f 8711 8720 8730 8731 
f 8708 8711 8731 8732 
f 8709 8708 8732 8733 
f 8706 8709 8733 8734 
f 8704 8706 8734 8735 
f 8705 8704 8735 8736 
f 8721 8705 8736 8737 
f 8722 8721 8737 8738 
f 8702 8722 8738 8739 
f 8696 8702 8739 8724 
s 1
f 8696 8697 8741 8740 
f 8697 8698 8742 8741 
f 8698 8700 8743 8742 
f 8700 8712 8744 8743 
f 8712 8713 8745 8744 
f 8713 8720 8746 8745 
f 8720 8711 8747 8746 
f 8711 8708 8748 8747 
f 8708 8709 8749 8748 
f 8709 8706 8750 8749 
f 8706 8704 8751 8750 
f 8704 8705 8752 8751 
f 8705 8721 8753 8752 
f 8721 8722 8754 8753 
f 8722 8702 8755 8754 
f 8702 8696 8740 8755 
f 8699 8695 8757 8756 
f 8695 8701 8758 8757 
f 8701 8703 8759 8758 
f 8703 8707 8760 8759 
f 8707 8710 8761 8760 
f 8710 8699 8756 8761 
s 4
f 8695 8699 8763 8762 
s 2
f 8699 8710 8764 8763 
s 4
f 8710 8707 8765 8764 
s 2
f 8707 8703 8766 8765 
s 4
f 8703 8701 8767 8766 
s 2
f 8701 8695 8762 8767 
f 8714 8715 8769 8768 
s 4
f 8715 8716 8770 8769 
s 2
f 8716 8717 8771 8770 
s 4
f 8717 8718 8772 8771 
s 2
f 8718 8719 8773 8772 
s 4
f 8719 8714 8768 8773 
s 1
f 8836 8819 8820 
f 8820 8821 8835 8836 
f 8822 8835 8821 
f 8837 8834 8819 8836 
f 8838 8830 8831 
f 8838 8829 8830 
f 8839 8827 8828 
f 8840 8826 8839 
f 8835 8823 8824 8840 
s 2
f 8843 8847 8848 8842 
s 4
f 8842 8848 8849 8841 
s 2
f 8841 8849 8850 8846 
s 4
f 8846 8850 8851 8845 
s 2
f 8845 8851 8852 8844 
s 4
f 8844 8852 8847 8843 
s 1
f 8840 8825 8826 
f 8840 8824 8825 
f 8835 8822 8823 
f 8837 8832 8833 
f 8837 8833 8834 
f 8837 8838 8831 8832 
f 8794 8793 8802 
f 8795 8794 8802 
f 8796 8795 8802 
f 8797 8796 8802 
f 8798 8797 8802 
f 8793 8798 8802 
f 8838 8839 8828 8829 
f 8826 8827 8839 
s 2
f 8776 8775 8803 8804 
f 8777 8776 8804 8805 
f 8779 8777 8805 8806 
f 8791 8779 8806 8807 
f 8792 8791 8807 8808 
f 8799 8792 8808 8809 
f 8790 8799 8809 8810 
f 8787 8790 8810 8811 
f 8788 8787 8811 8812 
f 8785 8788 8812 8813 
f 8783 8785 8813 8814 
f 8784 8783 8814 8815 
f 8800 8784 8815 8816 
f 8801 8800 8816 8817 
f 8781 8801 8817 8818 
f 8775 8781 8818 8803 
s 1
f 8775 8776 8820 8819 
f 8776 8777 8821 8820 
f 8777 8779 8822 8821 
f 8779 8791 8823 8822 
f 8791 8792 8824 8823 
f 8792 8799 8825 8824 
f 8799 8790 8826 8825 
f 8790 8787 8827 8826 
f 8787 8788 8828 8827 
f 8788 8785 8829 8828 
f 8785 8783 8830 8829 
f 8783 8784 8831 8830 
f 8784 8800 8832 8831 
f 8800 8801 8833 8832 
f 8801 8781 8834 8833 
f 8781 8775 8819 8834 
f 8778 8774 8836 8835 
f 8774 8780 8837 8836 
f 8780 8782 8838 8837 
f 8782 8786 8839 8838 
f 8786 8789 8840 8839 
f 8789 8778 8835 8840 
s 4
f 8774 8778 8842 8841 
s 2
f 8778 8789 8843 8842 
s 4
f 8789 8786 8844 8843 
s 2
f 8786 8782 8845 8844 
s 4
f 8782 8780 8846 8845 
s 2
f 8780 8774 8841 8846 
f 8793 8794 8848 8847 
s 4
f 8794 8795 8849 8848 
s 2
f 8795 8796 8850 8849 
s 4
f 8796 8797 8851 8850 
s 2
f 8797 8798 8852 8851 
s 4
f 8798 8793 8847 8852 
s 1
f 8915 8898 8899 
f 8899 8900 8914 8915 
f 8901 8914 8900 
f 8916 8913 8898 8915 
f 8917 8909 8910 
f 8917 8908 8909 
f 8918 8906 8907 
f 8919 8905 8918 
f 8914 8902 8903 8919 
s 2
f 8922 8926 8927 8921 
s 4
f 8921 8927 8928 8920 
s 2
f 8920 8928 8929 8925 
s 4
f 8925 8929 8930 8924 
s 2
f 8924 8930 8931 8923 
s 4
f 8923 8931 8926 8922 
s 1
f 8919 8904 8905 
f 8919 8903 8904 
f 8914 8901 8902 
f 8916 8911 8912 
f 8916 8912 8913 
f 8916 8917 8910 8911 
f 8873 8872 8881 
f 8874 8873 8881 
f 8875 8874 8881 
f 8876 8875 8881 
f 8877 8876 8881 
f 8872 8877 8881 
f 8917 8918 8907 8908 
f 8905 8906 8918 
s 2
f 8855 8854 8882 8883 
f 8856 8855 8883 8884 
f 8858 8856 8884 8885 
f 8870 8858 8885 8886 
f 8871 8870 8886 8887 
f 8878 8871 8887 8888 
f 8869 8878 8888 8889 
f 8866 8869 8889 8890 
f 8867 8866 8890 8891 
f 8864 8867 8891 8892 
f 8862 8864 8892 8893 
f 8863 8862 8893 8894 
f 8879 8863 8894 8895 
f 8880 8879 8895 8896 
f 8860 8880 8896 8897 
f 8854 8860 8897 8882 
s 1
f 8854 8855 8899 8898 
f 8855 8856 8900 8899 
f 8856 8858 8901 8900 
f 8858 8870 8902 8901 
f 8870 8871 8903 8902 
f 8871 8878 8904 8903 
f 8878 8869 8905 8904 
f 8869 8866 8906 8905 
f 8866 8867 8907 8906 
f 8867 8864 8908 8907 
f 8864 8862 8909 8908 
f 8862 8863 8910 8909 
f 8863 8879 8911 8910 
f 8879 8880 8912 8911 
f 8880 8860 8913 8912 
f 8860 8854 8898 8913 
f 8857 8853 8915 8914 
f 8853 8859 8916 8915 
f 8859 8861 8917 8916 
f 8861 8865 8918 8917 
f 8865 8868 8919 8918 
f 8868 8857 8914 8919 
s 4
f 8853 8857 8921 8920 
s 2
f 8857 8868 8922 8921 
s 4
f 8868 8865 8923 8922 
s 2
f 8865 8861 8924 8923 
s 4
f 8861 8859 8925 8924 
s 2
f 8859 8853 8920 8925 
f 8872 8873 8927 8926 
s 4
f 8873 8874 8928 8927 
s 2
f 8874 8875 8929 8928 
s 4
f 8875 8876 8930 8929 
s 2
f 8876 8877 8931 8930 
s 4
f 8877 8872 8926 8931 
s 1
f 8994 8977 8978 
f 8978 8979 8993 8994 
f 8980 8993 8979 
f 8995 8992 8977 8994 
f 8996 8988 8989 
f 8996 8987 8988 
f 8997 8985 8986 
f 8998 8984 8997 
f 8993 8981 8982 8998 
s 2
f 9001 9005 9006 9000 
s 4
f 9000 9006 9007 8999 
s 2
f 8999 9007 9008 9004 
s 4
f 9004 9008 9009 9003 
s 2
f 9003 9009 9010 9002 
s 4
f 9002 9010 9005 9001 
s 1
f 8998 8983 8984 
f 8998 8982 8983 
f 8993 8980 8981 
f 8995 8990 8991 
f 8995 8991 8992 
f 8995 8996 8989 8990 
f 8952 8951 8960 
f 8953 8952 8960 
f 8954 8953 8960 
f 8955 8954 8960 
f 8956 8955 8960 
f 8951 8956 8960 
f 8996 8997 8986 8987 
f 8984 8985 8997 
s 2
f 8934 8933 8961 8962 
f 8935 8934 8962 8963 
f 8937 8935 8963 8964 
f 8949 8937 8964 8965 
f 8950 8949 8965 8966 
f 8957 8950 8966 8967 
f 8948 8957 8967 8968 
f 8945 8948 8968 8969 
f 8946 8945 8969 8970 
f 8943 8946 8970 8971 
f 8941 8943 8971 8972 
f 8942 8941 8972 8973 
f 8958 8942 8973 8974 
f 8959 8958 8974 8975 
f 8939 8959 8975 8976 
f 8933 8939 8976 8961 
s 1
f 8933 8934 8978 8977 
f 8934 8935 8979 8978 
f 8935 8937 8980 8979 
f 8937 8949 8981 8980 
f 8949 8950 8982 8981 
f 8950 8957 8983 8982 
f 8957 8948 8984 8983 
f 8948 8945 8985 8984 
f 8945 8946 8986 8985 
f 8946 8943 8987 8986 
f 8943 8941 8988 8987 
f 8941 8942 8989 8988 
f 8942 8958 8990 8989 
f 8958 8959 8991 8990 
f 8959 8939 8992 8991 
f 8939 8933 8977 8992 
f 8936 8932 8994 8993 
f 8932 8938 8995 8994 
f 8938 8940 8996 8995 
f 8940 8944 8997 8996 
f 8944 8947 8998 8997 
f 8947 8936 8993 8998 
s 4
f 8932 8936 9000 8999 
s 2
f 8936 8947 9001 9000 
s 4
f 8947 8944 9002 9001 
s 2
f 8944 8940 9003 9002 
s 4
f 8940 8938 9004 9003 
s 2
f 8938 8932 8999 9004 
f 8951 8952 9006 9005 
s 4
f 8952 8953 9007 9006 
s 2
f 8953 8954 9008 9007 
s 4
f 8954 8955 9009 9008 
s 2
f 8955 8956 9010 9009 
s 4
f 8956 8951 9005 9010 
s 1
f 9364 9397 9136 9137 
f 9137 9136 9139 9140 
f 9140 9139 9142 9143 
f 9143 9142 9145 9146 
f 9146 9145 9148 9149 
f 9149 9148 9151 9152 
f 9152 9151 9154 9155 
f 9155 9154 9157 9158 
f 9158 9157 9160 9161 
f 9161 9160 9163 9164 
f 9164 9163 9166 9167 
f 9167 9166 9169 9170 
f 9170 9169 9172 9173 
f 9173 9172 9175 9176 
f 9176 9175 9178 9179 
f 9179 9178 9181 9182 
f 9182 9181 9184 9185 
f 9185 9184 9187 9188 
f 9188 9187 9190 9191 
f 9191 9190 9193 9194 
f 9194 9193 9196 9197 
f 9197 9196 9199 9200 
f 9200 9199 9202 9203 
f 9203 9202 9205 9206 
f 9206 9205 9208 9209 
f 9209 9208 9211 9212 
f 9212 9211 9214 9215 
f 9215 9214 9217 9218 
f 9218 9217 9220 9221 
f 9221 9220 9223 9224 
f 9224 9223 9226 9227 
f 9227 9226 9406 9409 
f 9232 9233 9426 9427 
f 9373 9275 9428 9429 
f 9275 9276 9430 9428 
f 9276 9277 9431 9430 
f 9277 9278 9432 9431 
f 9278 9279 9433 9432 
f 9279 9280 9434 9433 
f 9280 9281 9435 9434 
f 9281 9282 9436 9435 
f 9282 9283 9437 9436 
f 9283 9284 9438 9437 
f 9284 9285 9439 9438 
f 9285 9286 9440 9439 
f 9286 9287 9441 9440 
f 9287 9288 9442 9441 
f 9288 9289 9443 9442 
f 9289 9290 9444 9443 
f 9290 9291 9445 9444 
f 9291 9292 9446 9445 
f 9292 9293 9447 9446 
f 9293 9294 9448 9447 
f 9294 9295 9449 9448 
f 9295 9232 9427 9449 
f 9241 9380 9450 9451 
f 9240 9241 9451 9452 
f 9239 9240 9452 9453 
f 9238 9239 9453 9454 
f 9237 9238 9454 9455 
f 9236 9237 9455 9456 
f 9235 9236 9456 9457 
f 9234 9235 9457 9458 
f 9233 9234 9458 9426 
f 9253 9254 9459 9460 
f 9385 9243 9461 9462 
f 9243 9244 9463 9461 
f 9244 9245 9464 9463 
f 9245 9246 9465 9464 
f 9246 9247 9466 9465 
f 9247 9248 9467 9466 
f 9248 9249 9468 9467 
f 9249 9250 9469 9468 
f 9250 9251 9470 9469 
f 9251 9252 9471 9470 
f 9273 9392 9472 9473 
f 9272 9273 9473 9474 
f 9271 9272 9474 9475 
f 9270 9271 9475 9476 
f 9269 9270 9476 9477 
f 9268 9269 9477 9478 
f 9267 9268 9478 9479 
f 9266 9267 9479 9480 
f 9265 9266 9480 9481 
f 9264 9265 9481 9482 
f 9263 9264 9482 9483 
f 9262 9263 9483 9484 
f 9261 9262 9484 9485 
f 9260 9261 9485 9486 
f 9259 9260 9486 9487 
f 9258 9259 9487 9488 
f 9257 9258 9488 9489 
f 9256 9257 9489 9490 
f 9255 9256 9490 9491 
f 9254 9255 9491 9459 
f 9252 9253 9460 9471 
s 2
f 9242 9386 9492 9493 
f 9274 9374 9494 9495 
s 1
f 9400 9403 9033 9135 
f 9397 9400 9135 9136 
f 9137 9043 9362 9364 
f 9135 9033 9034 9138 
f 9136 9135 9138 9139 
f 9140 9044 9043 9137 
f 9138 9034 9035 9141 
f 9139 9138 9141 9142 
f 9143 9045 9044 9140 
f 9141 9035 9036 9144 
f 9142 9141 9144 9145 
f 9146 9046 9045 9143 
f 9144 9036 9037 9147 
f 9145 9144 9147 9148 
f 9149 9047 9046 9146 
f 9147 9037 9038 9150 
f 9148 9147 9150 9151 
f 9152 9048 9047 9149 
f 9150 9038 9039 9153 
f 9151 9150 9153 9154 
f 9155 9049 9048 9152 
f 9153 9039 9040 9156 
f 9154 9153 9156 9157 
f 9158 9050 9049 9155 
f 9156 9040 9041 9159 
f 9157 9156 9159 9160 
f 9161 9051 9050 9158 
f 9159 9041 9011 9162 
f 9160 9159 9162 9163 
f 9164 9072 9051 9161 
f 9162 9011 9032 9165 
f 9163 9162 9165 9166 
f 9167 9042 9072 9164 
f 9165 9032 9031 9168 
f 9166 9165 9168 9169 
f 9170 9071 9042 9167 
f 9168 9031 9030 9171 
f 9169 9168 9171 9172 
f 9173 9070 9071 9170 
f 9171 9030 9029 9174 
f 9172 9171 9174 9175 
f 9176 9069 9070 9173 
f 9174 9029 9028 9177 
f 9175 9174 9177 9178 
f 9179 9068 9069 9176 
f 9177 9028 9027 9180 
f 9178 9177 9180 9181 
f 9182 9067 9068 9179 
f 9180 9027 9026 9183 
f 9181 9180 9183 9184 
f 9185 9066 9067 9182 
f 9183 9026 9025 9186 
f 9184 9183 9186 9187 
f 9188 9065 9066 9185 
f 9186 9025 9024 9189 
f 9187 9186 9189 9190 
f 9191 9064 9065 9188 
f 9189 9024 9023 9192 
f 9190 9189 9192 9193 
f 9194 9063 9064 9191 
f 9192 9023 9022 9195 
f 9193 9192 9195 9196 
f 9197 9062 9063 9194 
f 9195 9022 9021 9198 
f 9196 9195 9198 9199 
f 9200 9061 9062 9197 
f 9198 9021 9020 9201 
f 9199 9198 9201 9202 
f 9203 9060 9061 9200 
f 9201 9020 9019 9204 
f 9202 9201 9204 9205 
f 9206 9059 9060 9203 
f 9204 9019 9018 9207 
f 9205 9204 9207 9208 
f 9209 9058 9059 9206 
f 9207 9018 9017 9210 
f 9208 9207 9210 9211 
f 9212 9057 9058 9209 
f 9210 9017 9016 9213 
f 9211 9210 9213 9214 
f 9215 9056 9057 9212 
f 9213 9016 9015 9216 
f 9214 9213 9216 9217 
f 9218 9055 9056 9215 
f 9216 9015 9014 9219 
f 9217 9216 9219 9220 
f 9221 9054 9055 9218 
f 9219 9014 9013 9222 
f 9220 9219 9222 9223 
f 9224 9053 9054 9221 
f 9222 9013 9012 9225 
f 9223 9222 9225 9226 
f 9227 9052 9053 9224 
f 9225 9012 9368 9370 
f 9226 9225 9370 9406 
f 9409 9412 9052 9227 
s 2
f 9407 9371 9229 
f 9319 9395 9496 9495 
f 9229 9410 9407 
f 9371 9367 9229 
f 9229 9413 9410 
f 9398 9365 9231 
f 9351 9383 9497 9493 
f 9231 9401 9398 
f 9365 9361 9231 
f 9231 9404 9401 
s 1
f 9011 9041 9233 9232 
f 9041 9040 9234 9233 
f 9040 9039 9235 9234 
f 9039 9038 9236 9235 
f 9038 9037 9237 9236 
f 9037 9036 9238 9237 
f 9036 9035 9239 9238 
f 9035 9034 9240 9239 
f 9034 9033 9241 9240 
f 9033 9403 9380 9241 
s 2
f 9404 9231 9242 9379 
f 9231 9361 9386 9242 
s 1
f 9362 9043 9243 9385 
f 9043 9044 9244 9243 
f 9044 9045 9245 9244 
f 9045 9046 9246 9245 
f 9046 9047 9247 9246 
f 9047 9048 9248 9247 
f 9048 9049 9249 9248 
f 9049 9050 9250 9249 
f 9050 9051 9251 9250 
f 9051 9072 9252 9251 
f 9072 9042 9253 9252 
f 9042 9071 9254 9253 
f 9071 9070 9255 9254 
f 9070 9069 9256 9255 
f 9069 9068 9257 9256 
f 9068 9067 9258 9257 
f 9067 9066 9259 9258 
f 9066 9065 9260 9259 
f 9065 9064 9261 9260 
f 9064 9063 9262 9261 
f 9063 9062 9263 9262 
f 9062 9061 9264 9263 
f 9061 9060 9265 9264 
f 9060 9059 9266 9265 
f 9059 9058 9267 9266 
f 9058 9057 9268 9267 
f 9057 9056 9269 9268 
f 9056 9055 9270 9269 
f 9055 9054 9271 9270 
f 9054 9053 9272 9271 
f 9053 9052 9273 9272 
f 9052 9412 9392 9273 
s 2
f 9413 9229 9274 9391 
f 9229 9367 9374 9274 
s 1
f 9368 9012 9275 9373 
f 9012 9013 9276 9275 
f 9013 9014 9277 9276 
f 9014 9015 9278 9277 
f 9015 9016 9279 9278 
f 9016 9017 9280 9279 
f 9017 9018 9281 9280 
f 9018 9019 9282 9281 
f 9019 9020 9283 9282 
f 9020 9021 9284 9283 
f 9021 9022 9285 9284 
f 9022 9023 9286 9285 
f 9023 9024 9287 9286 
f 9024 9025 9288 9287 
f 9025 9026 9289 9288 
f 9026 9027 9290 9289 
f 9027 9028 9291 9290 
f 9028 9029 9292 9291 
f 9029 9030 9293 9292 
f 9030 9031 9294 9293 
f 9031 9032 9295 9294 
f 9032 9011 9232 9295 
f 9103 9073 9297 9296 
f 9073 9094 9298 9297 
f 9094 9093 9299 9298 
f 9093 9092 9300 9299 
f 9092 9091 9301 9300 
f 9091 9090 9302 9301 
f 9090 9089 9303 9302 
f 9089 9088 9304 9303 
f 9088 9087 9305 9304 
f 9087 9086 9306 9305 
f 9086 9085 9307 9306 
f 9085 9084 9308 9307 
f 9084 9083 9309 9308 
f 9083 9082 9310 9309 
f 9082 9081 9311 9310 
f 9081 9080 9312 9311 
f 9080 9079 9313 9312 
f 9079 9078 9314 9313 
f 9078 9077 9315 9314 
f 9077 9076 9316 9315 
f 9076 9075 9317 9316 
f 9075 9074 9318 9317 
f 9074 9415 9377 9318 
s 2
f 9416 9228 9319 9376 
f 9228 9418 9395 9319 
s 1
f 9419 9114 9320 9394 
f 9114 9115 9321 9320 
f 9115 9116 9322 9321 
f 9116 9117 9323 9322 
f 9117 9118 9324 9323 
f 9118 9119 9325 9324 
f 9119 9120 9326 9325 
f 9120 9121 9327 9326 
f 9121 9122 9328 9327 
f 9122 9123 9329 9328 
f 9123 9124 9330 9329 
f 9124 9125 9331 9330 
f 9125 9126 9332 9331 
f 9126 9127 9333 9332 
f 9127 9128 9334 9333 
f 9128 9129 9335 9334 
f 9129 9130 9336 9335 
f 9130 9131 9337 9336 
f 9131 9132 9338 9337 
f 9132 9133 9339 9338 
f 9133 9104 9340 9339 
f 9104 9134 9341 9340 
f 9134 9113 9342 9341 
f 9113 9112 9343 9342 
f 9112 9111 9344 9343 
f 9111 9110 9345 9344 
f 9110 9109 9346 9345 
f 9109 9108 9347 9346 
f 9108 9107 9348 9347 
f 9107 9106 9349 9348 
f 9106 9105 9350 9349 
f 9105 9421 9389 9350 
s 2
f 9422 9230 9351 9388 
f 9230 9424 9383 9351 
s 1
f 9425 9095 9352 9382 
f 9095 9096 9353 9352 
f 9096 9097 9354 9353 
f 9097 9098 9355 9354 
f 9098 9099 9356 9355 
f 9099 9100 9357 9356 
f 9100 9101 9358 9357 
f 9101 9102 9359 9358 
f 9102 9103 9296 9359 
f 9397 9364 9363 9396 
f 9409 9406 9405 9408 
f 9373 9429 9498 9372 
f 9382 9450 9499 9381 
f 9385 9462 9500 9384 
f 9394 9472 9501 9393 
s 2
f 9388 9492 9500 9387 
f 9376 9494 9498 9375 
s 1
f 9403 9400 9399 9402 
f 9400 9397 9396 9399 
f 9364 9362 9360 9363 
f 9370 9368 9366 9369 
f 9406 9370 9369 9405 
f 9412 9409 9408 9411 
s 2
f 9371 9407 9405 9369 
f 9391 9496 9501 9390 
f 9407 9410 9408 9405 
f 9367 9371 9369 9366 
f 9410 9413 9411 9408 
f 9365 9398 9396 9363 
f 9379 9497 9499 9378 
f 9398 9401 9399 9396 
f 9361 9365 9363 9360 
f 9401 9404 9402 9399 
s 1
f 9380 9403 9402 9378 
s 2
f 9404 9379 9378 9402 
f 9386 9361 9360 9384 
s 1
f 9362 9385 9384 9360 
f 9392 9412 9411 9390 
s 2
f 9413 9391 9390 9411 
f 9374 9367 9366 9372 
s 1
f 9368 9373 9372 9366 
f 9377 9415 9414 9375 
s 2
f 9416 9376 9375 9414 
f 9395 9418 9417 9393 
s 1
f 9419 9394 9393 9417 
f 9389 9421 9420 9387 
s 2
f 9422 9388 9387 9420 
f 9383 9424 9423 9381 
s 1
f 9425 9382 9381 9423 
f 9426 9296 9297 9427 
f 9428 9318 9377 9429 
f 9430 9317 9318 9428 
f 9431 9316 9317 9430 
f 9432 9315 9316 9431 
f 9433 9314 9315 9432 
f 9434 9313 9314 9433 
f 9435 9312 9313 9434 
f 9436 9311 9312 9435 
f 9437 9310 9311 9436 
f 9438 9309 9310 9437 
f 9439 9308 9309 9438 
f 9440 9307 9308 9439 
f 9441 9306 9307 9440 
f 9442 9305 9306 9441 
f 9443 9304 9305 9442 
f 9444 9303 9304 9443 
f 9445 9302 9303 9444 
f 9446 9301 9302 9445 
f 9447 9300 9301 9446 
f 9448 9299 9300 9447 
f 9449 9298 9299 9448 
f 9427 9297 9298 9449 
f 9450 9382 9352 9451 
f 9451 9352 9353 9452 
f 9452 9353 9354 9453 
f 9453 9354 9355 9454 
f 9454 9355 9356 9455 
f 9455 9356 9357 9456 
f 9456 9357 9358 9457 
f 9457 9358 9359 9458 
f 9458 9359 9296 9426 
f 9459 9339 9340 9460 
f 9461 9350 9389 9462 
f 9463 9349 9350 9461 
f 9464 9348 9349 9463 
f 9465 9347 9348 9464 
f 9466 9346 9347 9465 
f 9467 9345 9346 9466 
f 9468 9344 9345 9467 
f 9469 9343 9344 9468 
f 9470 9342 9343 9469 
f 9471 9341 9342 9470 
f 9472 9394 9320 9473 
f 9473 9320 9321 9474 
f 9474 9321 9322 9475 
f 9475 9322 9323 9476 
f 9476 9323 9324 9477 
f 9477 9324 9325 9478 
f 9478 9325 9326 9479 
f 9479 9326 9327 9480 
f 9480 9327 9328 9481 
f 9481 9328 9329 9482 
f 9482 9329 9330 9483 
f 9483 9330 9331 9484 
f 9484 9331 9332 9485 
f 9485 9332 9333 9486 
f 9486 9333 9334 9487 
f 9487 9334 9335 9488 
f 9488 9335 9336 9489 
f 9489 9336 9337 9490 
f 9490 9337 9338 9491 
f 9491 9338 9339 9459 
f 9460 9340 9341 9471 
s 2
f 9492 9388 9351 9493 
f 9494 9376 9319 9495 
f 9496 9391 9274 9495 
f 9497 9379 9242 9493 
s 1
f 9429 9377 9375 9498 
f 9450 9380 9378 9499 
f 9462 9389 9387 9500 
f 9472 9392 9390 9501 
s 2
f 9492 9386 9384 9500 
f 9494 9374 9372 9498 
f 9496 9395 9393 9501 
f 9497 9383 9381 9499 
s 1
f 9508 9516 9517 9502 
f 9502 9517 9518 9503 
f 9503 9518 9519 9504 
f 9504 9519 9520 9505 
f 9505 9520 9521 9506 
f 9506 9521 9522 9507 
f 9507 9522 9821 9804 
f 9516 9509 9510 9517 
f 9517 9510 9511 9518 
f 9518 9511 9512 9519 
f 9519 9512 9513 9520 
f 9520 9513 9514 9521 
f 9521 9514 9515 9522 
f 9522 9515 9805 9821 
f 9510 9509 9995 9994 
f 9859 9998 9994 9600 
f 9512 9511 9998 9999 
f 9513 9512 9999 10000 
f 9514 9513 10000 10001 
f 9515 9514 10001 10002 
s 2
f 9586 9727 9846 9848 
f 9591 9586 9848 9851 
s 1
f 9526 9525 9974 9975 
f 9527 9526 9975 9976 
f 9528 9527 9976 9977 
f 9529 9528 9977 9978 
f 9859 9973 9974 9525 
s 2
f 9849 9845 9968 9969 
f 9852 9849 9969 9970 
f 9854 9591 9851 
f 9855 9852 9970 9971 
s 1
f 9531 9530 9538 9539 
f 9532 9531 9539 9540 
f 9533 9532 9540 9541 
f 9534 9533 9541 9542 
f 9801 9802 9538 9530 
s 2
f 9536 9677 9728 9587 
f 9537 9536 9587 9588 
f 9590 9537 9588 9589 
s 1
f 9539 9538 9545 9546 
f 9540 9539 9546 9547 
f 9541 9540 9547 9548 
f 9542 9541 9548 9549 
f 9802 9803 9545 9538 
f 9546 9545 9785 9786 
f 9547 9546 9786 9787 
f 9548 9547 9787 9788 
f 9549 9548 9788 9789 
f 9545 9803 9784 9785 
f 9803 9790 9784 
f 9552 9551 9630 9631 
f 9553 9552 9631 9632 
f 9554 9553 9632 9633 
f 9555 9554 9633 9634 
f 9551 9550 9629 9630 
f 9550 9556 9635 9629 
f 9560 9559 9580 9581 
f 9561 9560 9581 9582 
f 9562 9561 9582 9583 
f 9563 9562 9583 9584 
f 9559 9558 9579 9580 
f 9558 9564 9585 9579 
f 9573 9566 9567 9574 
f 9574 9567 9568 9575 
f 9575 9568 9569 9576 
f 9576 9569 9570 9577 
f 9577 9570 9822 9823 
f 9572 9565 9566 9573 
f 9578 9571 9565 9572 
f 9580 9573 9574 9581 
f 9581 9574 9575 9582 
f 9582 9575 9576 9583 
f 9583 9576 9577 9584 
f 9584 9577 9823 9808 
f 9579 9572 9573 9580 
f 9585 9578 9572 9579 
s 2
f 9523 9664 9727 9586 
f 9557 9544 9588 9587 
f 9544 9543 9589 9588 
f 9543 9535 9590 9589 
f 9535 9972 9971 9590 
f 9857 9524 9591 9854 
f 9524 9523 9586 9591 
s 1
f 9903 9904 9918 9919 
f 9904 9905 9933 9918 
f 9905 9906 9932 9933 
f 9906 9907 9931 9932 
f 9907 9908 9930 9931 
f 9908 9909 9929 9930 
f 9902 9903 9919 9920 
f 9523 9524 9600 9599 
f 9524 9857 9859 9600 
f 9567 9566 9637 9638 
f 9568 9567 9638 9639 
f 9569 9568 9639 9640 
f 9570 9569 9640 9641 
f 9566 9565 9636 9637 
f 9565 9571 9642 9636 
f 9609 9602 9603 9610 
f 9610 9603 9604 9611 
f 9611 9604 9605 9612 
f 9612 9605 9606 9613 
f 9613 9606 9809 9825 
f 9608 9601 9602 9609 
f 9614 9607 9601 9608 
f 9603 9602 9616 9617 
f 9604 9603 9617 9618 
f 9605 9604 9618 9619 
f 9606 9605 9619 9620 
f 9602 9601 9615 9616 
f 9601 9607 9621 9615 
f 9617 9616 9623 9624 
f 9618 9617 9624 9625 
f 9619 9618 9625 9626 
f 9620 9619 9626 9627 
f 9616 9615 9622 9623 
f 9615 9621 9628 9622 
f 9630 9559 9560 9631 
f 9631 9560 9561 9632 
f 9632 9561 9562 9633 
f 9633 9562 9563 9634 
f 9634 9563 9807 9811 
f 9629 9558 9559 9630 
f 9635 9564 9558 9629 
f 9637 9609 9610 9638 
f 9638 9610 9611 9639 
f 9639 9611 9612 9640 
f 9640 9612 9613 9641 
f 9641 9613 9825 9826 
f 9636 9608 9609 9637 
f 9642 9614 9608 9636 
f 9650 9509 9516 9657 
f 9649 9643 9658 9657 
f 9643 9644 9659 9658 
f 9644 9645 9660 9659 
f 9645 9646 9661 9660 
f 9646 9647 9662 9661 
f 9647 9648 9663 9662 
f 9648 9827 9812 9663 
f 9657 9516 9508 9649 
f 9657 9658 9651 9650 
f 9658 9659 9652 9651 
f 9659 9660 9653 9652 
f 9660 9661 9654 9653 
f 9661 9662 9655 9654 
f 9662 9663 9656 9655 
f 9663 9812 9828 9656 
f 9740 9599 9995 9996 
f 9741 9740 9996 9997 
f 9666 9869 9988 
f 9667 9666 9988 9989 
f 9668 9667 9989 9990 
f 9669 9668 9990 9991 
f 9670 9669 9991 9992 
s 2
f 9732 9862 9846 9727 
s 1
f 9667 9984 9985 9666 
f 9668 9983 9984 9667 
f 9669 9982 9983 9668 
f 9670 9981 9982 9669 
f 9666 9985 9986 9869 
s 2
f 9861 9967 9968 9845 
f 9865 9862 9732 
f 9864 9966 9967 9861 
s 1
f 9672 9680 9679 9671 
f 9673 9681 9680 9672 
f 9674 9682 9681 9673 
f 9675 9683 9682 9674 
f 9671 9679 9799 9800 
s 2
f 9678 9729 9728 9677 
f 9731 9730 9729 9678 
s 1
f 9680 9687 9686 9679 
f 9681 9688 9687 9680 
f 9682 9689 9688 9681 
f 9683 9690 9689 9682 
f 9679 9686 9798 9799 
f 9687 9793 9792 9686 
f 9688 9794 9793 9687 
f 9689 9795 9794 9688 
f 9690 9796 9795 9689 
f 9686 9792 9791 9798 
f 9791 9797 9798 
f 9697 9556 9790 9797 
f 9693 9772 9771 9692 
f 9694 9773 9772 9693 
f 9695 9774 9773 9694 
f 9696 9775 9774 9695 
f 9692 9771 9770 9691 
f 9691 9770 9776 9697 
f 9697 9776 9635 9556 
f 9701 9722 9721 9700 
f 9702 9723 9722 9701 
f 9703 9724 9723 9702 
f 9704 9725 9724 9703 
f 9700 9721 9720 9699 
f 9699 9720 9726 9705 
f 9705 9726 9585 9564 
f 9714 9715 9708 9707 
f 9715 9716 9709 9708 
f 9716 9717 9710 9709 
f 9717 9718 9711 9710 
f 9829 9815 9711 9718 
f 9714 9707 9706 9713 
f 9713 9706 9712 9719 
f 9719 9712 9571 9578 
f 9721 9722 9715 9714 
f 9722 9723 9716 9715 
f 9723 9724 9717 9716 
f 9724 9725 9718 9717 
f 9816 9829 9718 9725 
f 9721 9714 9713 9720 
f 9720 9713 9719 9726 
f 9726 9719 9578 9585 
f 9797 9698 9685 9798 
s 2
f 9557 9587 9728 9698 
f 9698 9728 9729 9685 
f 9685 9729 9730 9684 
f 9684 9730 9731 9676 
f 9676 9731 9966 9987 
f 9868 9865 9732 9665 
f 9665 9732 9727 9664 
s 1
f 9916 9922 9923 9915 
f 9915 9923 9924 9914 
f 9914 9924 9925 9913 
f 9913 9925 9926 9912 
f 9912 9926 9927 9911 
f 9911 9927 9928 9910 
f 9917 9921 9922 9916 
f 9664 9740 9741 9665 
f 9665 9741 9869 9868 
f 9708 9779 9778 9707 
f 9709 9780 9779 9708 
f 9710 9781 9780 9709 
f 9711 9782 9781 9710 
f 9707 9778 9777 9706 
f 9706 9777 9783 9712 
f 9712 9783 9642 9571 
f 9750 9751 9744 9743 
f 9751 9752 9745 9744 
f 9752 9753 9746 9745 
f 9753 9754 9747 9746 
f 9830 9831 9747 9754 
f 9750 9743 9742 9749 
f 9749 9742 9748 9755 
f 9755 9748 9607 9614 
f 9744 9758 9757 9743 
f 9745 9759 9758 9744 
f 9746 9760 9759 9745 
f 9747 9761 9760 9746 
f 9743 9757 9756 9742 
f 9742 9756 9762 9748 
f 9748 9762 9621 9607 
f 9758 9765 9764 9757 
f 9759 9766 9765 9758 
f 9760 9767 9766 9759 
f 9761 9768 9767 9760 
f 9757 9764 9763 9756 
f 9756 9763 9769 9762 
f 9762 9769 9628 9621 
f 9771 9772 9701 9700 
f 9772 9773 9702 9701 
f 9773 9774 9703 9702 
f 9774 9775 9704 9703 
f 9832 9814 9704 9775 
f 9771 9700 9699 9770 
f 9770 9699 9705 9776 
f 9776 9705 9564 9635 
f 9778 9779 9751 9750 
f 9779 9780 9752 9751 
f 9780 9781 9753 9752 
f 9781 9782 9754 9753 
f 9818 9830 9754 9782 
f 9778 9750 9749 9777 
f 9777 9749 9755 9783 
f 9783 9755 9614 9642 
f 9921 9917 9902 9920 
f 9740 9664 9523 9599 
f 9785 9551 9552 9786 
f 9786 9552 9553 9787 
f 9787 9553 9554 9788 
f 9788 9554 9555 9789 
f 9789 9555 9833 9819 
f 9784 9550 9551 9785 
f 9790 9556 9550 9784 
f 9793 9693 9692 9792 
f 9794 9694 9693 9793 
f 9795 9695 9694 9794 
f 9796 9696 9695 9795 
f 9792 9692 9691 9791 
f 9791 9691 9697 9797 
f 9790 9557 9698 9797 
f 9685 9684 9799 9798 
f 9684 9676 9800 9799 
f 9676 9987 9986 9800 
f 9858 9972 9973 9859 
f 9535 9543 9802 9801 
f 9543 9544 9803 9802 
f 9544 9557 9790 9803 
f 9805 9515 10002 10003 
f 9806 9529 9978 9979 
f 9834 9534 9542 9835 
f 9835 9542 9549 9836 
f 9836 9549 9789 9819 
f 9833 9555 9634 9811 
f 9807 9563 9584 9808 
f 9822 9570 9641 9826 
f 9809 9606 9620 9837 
f 9837 9620 9627 9810 
f 9813 9670 9992 9993 
f 9838 9675 9981 9980 
f 9839 9683 9675 9838 
f 9840 9690 9683 9839 
f 9820 9796 9690 9840 
f 9832 9775 9696 9841 
f 9816 9725 9704 9814 
f 9818 9782 9711 9815 
f 9842 9761 9747 9831 
f 9843 9768 9761 9842 
f 9841 9696 9796 9820 
s 2
f 9848 9846 9844 9847 
f 9851 9848 9847 9850 
f 9845 9849 9847 9844 
f 9849 9852 9850 9847 
f 9854 9851 9850 9853 
f 9852 9855 9853 9850 
f 9855 9858 9856 9853 
f 9857 9854 9853 9856 
s 1
f 9859 9857 9856 
s 2
f 9846 9862 9860 9844 
f 9861 9845 9844 9860 
f 9862 9865 9863 9860 
f 9864 9861 9860 9863 
f 9867 9864 9863 9866 
f 9865 9868 9866 9863 
s 1
f 9868 9869 9866 
f 9869 9867 9866 
f 9858 9859 9856 
f 9592 9593 9887 9886 
f 9593 9594 9888 9887 
f 9594 9595 9889 9888 
f 9595 9596 9890 9889 
f 9596 9597 9891 9890 
f 9597 9824 9901 9891 
f 9739 9598 9892 9899 
f 9598 9592 9886 9892 
f 9734 9733 9893 9894 
f 9735 9734 9894 9895 
f 9736 9735 9895 9896 
f 9737 9736 9896 9897 
f 9738 9737 9897 9898 
f 9817 9738 9898 9900 
f 9733 9739 9899 9893 
f 9887 9871 9870 9886 
f 9888 9872 9871 9887 
f 9889 9873 9872 9888 
f 9890 9874 9873 9889 
f 9891 9875 9874 9890 
f 9901 9885 9875 9891 
f 9892 9876 9883 9899 
f 9886 9870 9876 9892 
f 9893 9877 9878 9894 
f 9894 9878 9879 9895 
f 9895 9879 9880 9896 
f 9896 9880 9881 9897 
f 9897 9881 9882 9898 
f 9898 9882 9884 9900 
f 9899 9883 9877 9893 
f 9508 9502 9903 9902 
f 9502 9503 9904 9903 
f 9503 9504 9905 9904 
f 9504 9505 9906 9905 
f 9505 9506 9907 9906 
f 9506 9507 9908 9907 
f 9507 9804 9909 9908 
f 9827 9648 9911 9910 
f 9648 9647 9912 9911 
f 9647 9646 9913 9912 
f 9646 9645 9914 9913 
f 9645 9644 9915 9914 
f 9644 9643 9916 9915 
f 9643 9649 9917 9916 
f 9649 9508 9902 9917 
f 9593 9592 9919 9918 
f 9592 9598 9920 9919 
f 9598 9739 9921 9920 
f 9739 9733 9922 9921 
f 9733 9734 9923 9922 
f 9734 9735 9924 9923 
f 9735 9736 9925 9924 
f 9736 9737 9926 9925 
f 9737 9738 9927 9926 
f 9738 9817 9928 9927 
f 9824 9597 9930 9929 
f 9597 9596 9931 9930 
f 9596 9595 9932 9931 
f 9595 9594 9933 9932 
f 9594 9593 9918 9933 
f 9870 9871 9960 9959 
f 9871 9872 9961 9960 
f 9872 9873 9962 9961 
f 9873 9874 9963 9962 
f 9874 9875 9964 9963 
f 9875 9885 9965 9964 
f 9883 9876 9958 9957 
f 9876 9870 9959 9958 
f 9878 9877 9956 9955 
f 9879 9878 9955 9954 
f 9880 9879 9954 9953 
f 9881 9880 9953 9952 
f 9882 9881 9952 9951 
f 9884 9882 9951 9950 
f 9877 9883 9957 9956 
f 9960 9934 9935 9959 
f 9961 9936 9934 9960 
f 9962 9937 9936 9961 
f 9963 9938 9937 9962 
f 9964 9939 9938 9963 
f 9965 9940 9939 9964 
f 9958 9941 9942 9957 
f 9959 9935 9941 9958 
f 9956 9943 9944 9955 
f 9955 9944 9945 9954 
f 9954 9945 9946 9953 
f 9953 9946 9947 9952 
f 9952 9947 9948 9951 
f 9951 9948 9949 9950 
f 9957 9942 9943 9956 
f 9974 9530 9531 9975 
f 9975 9531 9532 9976 
f 9976 9532 9533 9977 
f 9977 9533 9534 9978 
f 9973 9801 9530 9974 
s 2
f 9968 9677 9536 9969 
f 9969 9536 9537 9970 
f 9970 9537 9590 9971 
f 9972 9858 9855 9971 
s 1
f 9984 9672 9671 9985 
f 9983 9673 9672 9984 
f 9982 9674 9673 9983 
f 9981 9675 9674 9982 
f 9985 9671 9800 9986 
s 2
f 9967 9678 9677 9968 
f 9966 9731 9678 9967 
f 9966 9864 9867 9987 
s 1
f 9987 9867 9869 9986 
f 9972 9535 9801 9973 
f 9978 9534 9834 9979 
f 9981 9670 9813 9980 
f 9988 9652 9653 9989 
f 9989 9653 9654 9990 
f 9990 9654 9655 9991 
f 9991 9655 9656 9992 
f 9992 9656 9828 9993 
f 9995 9599 9600 9994 
f 9995 9509 9650 9996 
f 9996 9650 9651 9997 
f 9998 9525 9526 9999 
f 9999 9526 9527 10000 
f 10000 9527 9528 10001 
f 10001 9528 9529 10002 
f 10002 9529 9806 10003 
f 9998 9511 9510 9994 
f 9997 9651 9652 9988 
f 9869 9741 9997 9988 
f 9859 9525 9998 
f 10004 10007 10006 10005 
f 10007 10009 10008 10006 
f 10009 10011 10010 10008 
f 10011 10013 10012 10010 
f 10013 10015 10014 10012 
f 10015 10017 10016 10014 
f 10017 9804 9821 10016 
f 10005 10006 10019 10018 
f 10006 10008 10020 10019 
f 10008 10010 10021 10020 
f 10010 10012 10022 10021 
f 10012 10014 10023 10022 
f 10014 10016 10024 10023 
f 10016 9821 9805 10024 
f 10019 10026 10025 10018 
f 10027 10029 10026 10028 
f 10021 10030 10028 10020 
f 10022 10031 10030 10021 
f 10023 10032 10031 10022 
f 10024 10033 10032 10023 
s 2
f 10034 10037 10036 10035 
f 10038 10039 10037 10034 
s 1
f 10040 10043 10042 10041 
f 10044 10045 10043 10040 
f 10046 10047 10045 10044 
f 10048 10049 10047 10046 
f 10027 10041 10042 10050 
s 2
f 10051 10054 10053 10052 
f 10055 10056 10054 10051 
f 10057 10039 10038 
f 10058 10059 10056 10055 
s 1
f 10060 10063 10062 10061 
f 10064 10065 10063 10060 
f 10066 10067 10065 10064 
f 10068 10069 10067 10066 
f 10070 10061 10062 10071 
s 2
f 10072 10075 10074 10073 
f 10076 10077 10075 10072 
f 10078 10079 10077 10076 
s 1
f 10063 10081 10080 10062 
f 10065 10082 10081 10063 
f 10067 10083 10082 10065 
f 10069 10084 10083 10067 
f 10071 10062 10080 10085 
f 10081 10087 10086 10080 
f 10082 10088 10087 10081 
f 10083 10089 10088 10082 
f 10084 10090 10089 10083 
f 10080 10086 10091 10085 
f 10085 10091 10092 
f 10093 10096 10095 10094 
f 10097 10098 10096 10093 
f 10099 10100 10098 10097 
f 10101 10102 10100 10099 
f 10094 10095 10104 10103 
f 10103 10104 10106 10105 
f 10107 10110 10109 10108 
f 10111 10112 10110 10107 
f 10113 10114 10112 10111 
f 10115 10116 10114 10113 
f 10108 10109 10118 10117 
f 10117 10118 10120 10119 
f 10121 10124 10123 10122 
f 10124 10126 10125 10123 
f 10126 10128 10127 10125 
f 10128 10130 10129 10127 
f 10130 9823 9822 10129 
f 10131 10121 10122 10132 
f 10133 10131 10132 10134 
f 10109 10110 10124 10121 
f 10110 10112 10126 10124 
f 10112 10114 10128 10126 
f 10114 10116 10130 10128 
f 10116 9808 9823 10130 
f 10118 10109 10121 10131 
f 10120 10118 10131 10133 
s 2
f 10135 10034 10035 10136 
f 10137 10075 10077 10138 
f 10138 10077 10079 10139 
f 10139 10079 10078 10140 
f 10140 10078 10059 10141 
f 10142 10057 10038 10143 
f 10143 10038 10034 10135 
s 1
f 10144 10147 10146 10145 
f 10145 10146 10149 10148 
f 10148 10149 10151 10150 
f 10150 10151 10153 10152 
f 10152 10153 10155 10154 
f 10154 10155 9929 9909 
f 10156 10157 10147 10144 
f 10135 10158 10029 10143 
f 10143 10029 10027 10142 
f 10123 10160 10159 10122 
f 10125 10161 10160 10123 
f 10127 10162 10161 10125 
f 10129 10163 10162 10127 
f 10122 10159 10164 10132 
f 10132 10164 10165 10134 
f 10166 10169 10168 10167 
f 10169 10171 10170 10168 
f 10171 10173 10172 10170 
f 10173 10175 10174 10172 
f 10175 9825 9809 10174 
f 10176 10166 10167 10177 
f 10178 10176 10177 10179 
f 10168 10181 10180 10167 
f 10170 10182 10181 10168 
f 10172 10183 10182 10170 
f 10174 10184 10183 10172 
f 10167 10180 10185 10177 
f 10177 10185 10186 10179 
f 10181 10188 10187 10180 
f 10182 10189 10188 10181 
f 10183 10190 10189 10182 
f 10184 10191 10190 10183 
f 10180 10187 10192 10185 
f 10185 10192 10193 10186 
f 10095 10096 10107 10108 
f 10096 10098 10111 10107 
f 10098 10100 10113 10111 
f 10100 10102 10115 10113 
f 10102 9811 9807 10115 
f 10104 10095 10108 10117 
f 10106 10104 10117 10119 
f 10159 10160 10169 10166 
f 10160 10161 10171 10169 
f 10161 10162 10173 10171 
f 10162 10163 10175 10173 
f 10163 9826 9825 10175 
f 10164 10159 10166 10176 
f 10165 10164 10176 10178 
f 10194 10195 10005 10018 
f 10196 10195 10198 10197 
f 10197 10198 10200 10199 
f 10199 10200 10202 10201 
f 10201 10202 10204 10203 
f 10203 10204 10206 10205 
f 10205 10206 10208 10207 
f 10207 10208 9812 9827 
f 10195 10196 10004 10005 
f 10195 10194 10209 10198 
f 10198 10209 10210 10200 
f 10200 10210 10211 10202 
f 10202 10211 10212 10204 
f 10204 10212 10213 10206 
f 10206 10213 10214 10208 
f 10208 10214 9828 9812 
f 10215 10216 10025 10158 
f 10217 10218 10216 10215 
f 10219 10221 10220 
f 10222 10223 10221 10219 
f 10224 10225 10223 10222 
f 10226 10227 10225 10224 
f 10228 10229 10227 10226 
s 2
f 10230 10035 10036 10231 
s 1
f 10222 10219 10233 10232 
f 10224 10222 10232 10234 
f 10226 10224 10234 10235 
f 10228 10226 10235 10236 
f 10219 10220 10237 10233 
s 2
f 10238 10052 10053 10239 
f 10240 10230 10231 
f 10241 10238 10239 10242 
s 1
f 10243 10246 10245 10244 
f 10247 10243 10244 10248 
f 10249 10247 10248 10250 
f 10251 10249 10250 10252 
f 10246 10254 10253 10245 
s 2
f 10255 10073 10074 10256 
f 10257 10255 10256 10258 
s 1
f 10244 10245 10260 10259 
f 10248 10244 10259 10261 
f 10250 10248 10261 10262 
f 10252 10250 10262 10263 
f 10245 10253 10264 10260 
f 10259 10260 10266 10265 
f 10261 10259 10265 10267 
f 10262 10261 10267 10268 
f 10263 10262 10268 10269 
f 10260 10264 10270 10266 
f 10270 10264 10271 
f 10272 10271 10092 10105 
f 10273 10276 10275 10274 
f 10277 10273 10274 10278 
f 10279 10277 10278 10280 
f 10281 10279 10280 10282 
f 10276 10284 10283 10275 
f 10284 10272 10285 10283 
f 10272 10105 10106 10285 
f 10286 10289 10288 10287 
f 10290 10286 10287 10291 
f 10292 10290 10291 10293 
f 10294 10292 10293 10295 
f 10289 10297 10296 10288 
f 10297 10299 10298 10296 
f 10299 10119 10120 10298 
f 10300 10303 10302 10301 
f 10301 10302 10305 10304 
f 10304 10305 10307 10306 
f 10306 10307 10309 10308 
f 9829 10308 10309 9815 
f 10300 10311 10310 10303 
f 10311 10313 10312 10310 
f 10313 10133 10134 10312 
f 10288 10300 10301 10287 
f 10287 10301 10304 10291 
f 10291 10304 10306 10293 
f 10293 10306 10308 10295 
f 9816 10295 10308 9829 
f 10288 10296 10311 10300 
f 10296 10298 10313 10311 
f 10298 10120 10133 10313 
f 10271 10264 10315 10314 
s 2
f 10137 10314 10074 10075 
f 10314 10315 10256 10074 
f 10315 10316 10258 10256 
f 10316 10317 10257 10258 
f 10317 10318 10242 10257 
f 10319 10320 10230 10240 
f 10320 10136 10035 10230 
s 1
f 10321 10324 10323 10322 
f 10324 10326 10325 10323 
f 10326 10328 10327 10325 
f 10328 10330 10329 10327 
f 10330 10332 10331 10329 
f 10332 9910 9928 10331 
f 10333 10321 10322 10334 
f 10136 10320 10217 10215 
f 10320 10319 10220 10217 
f 10302 10303 10336 10335 
f 10305 10302 10335 10337 
f 10307 10305 10337 10338 
f 10309 10307 10338 10339 
f 10303 10310 10340 10336 
f 10310 10312 10341 10340 
f 10312 10134 10165 10341 
f 10342 10345 10344 10343 
f 10343 10344 10347 10346 
f 10346 10347 10349 10348 
f 10348 10349 10351 10350 
f 9830 10350 10351 9831 
f 10342 10353 10352 10345 
f 10353 10355 10354 10352 
f 10355 10178 10179 10354 
f 10344 10345 10357 10356 
f 10347 10344 10356 10358 
f 10349 10347 10358 10359 
f 10351 10349 10359 10360 
f 10345 10352 10361 10357 
f 10352 10354 10362 10361 
f 10354 10179 10186 10362 
f 10356 10357 10364 10363 
f 10358 10356 10363 10365 
f 10359 10358 10365 10366 
f 10360 10359 10366 10367 
f 10357 10361 10368 10364 
f 10361 10362 10369 10368 
f 10362 10186 10193 10369 
f 10275 10289 10286 10274 
f 10274 10286 10290 10278 
f 10278 10290 10292 10280 
f 10280 10292 10294 10282 
f 9832 10282 10294 9814 
f 10275 10283 10297 10289 
f 10283 10285 10299 10297 
f 10285 10106 10119 10299 
f 10336 10342 10343 10335 
f 10335 10343 10346 10337 
f 10337 10346 10348 10338 
f 10338 10348 10350 10339 
f 9818 10339 10350 9830 
f 10336 10340 10353 10342 
f 10340 10341 10355 10353 
f 10341 10165 10178 10355 
f 10334 10157 10156 10333 
f 10215 10158 10135 10136 
f 10086 10087 10093 10094 
f 10087 10088 10097 10093 
f 10088 10089 10099 10097 
f 10089 10090 10101 10099 
f 10090 9819 9833 10101 
f 10091 10086 10094 10103 
f 10092 10091 10103 10105 
f 10265 10266 10276 10273 
f 10267 10265 10273 10277 
f 10268 10267 10277 10279 
f 10269 10268 10279 10281 
f 10266 10270 10284 10276 
f 10270 10271 10272 10284 
f 10092 10271 10314 10137 
f 10315 10264 10253 10316 
f 10316 10253 10254 10317 
f 10317 10254 10237 10318 
f 10370 10027 10050 10141 
f 10140 10070 10071 10139 
f 10139 10071 10085 10138 
f 10138 10085 10092 10137 
f 9805 10003 10033 10024 
f 9806 9979 10049 10048 
f 9834 9835 10069 10068 
f 9835 9836 10084 10069 
f 9836 9819 10090 10084 
f 9833 9811 10102 10101 
f 9807 9808 10116 10115 
f 9822 9826 10163 10129 
f 9809 9837 10184 10174 
f 9837 9810 10191 10184 
f 9813 9993 10229 10228 
f 9838 9980 10236 10251 
f 9839 9838 10251 10252 
f 9840 9839 10252 10263 
f 9820 9840 10263 10269 
f 9832 9841 10281 10282 
f 9816 9814 10294 10295 
f 9818 9815 10309 10339 
f 9842 9831 10351 10360 
f 9843 9842 10360 10367 
f 9841 9820 10269 10281 
s 2
f 10037 10372 10371 10036 
f 10039 10373 10372 10037 
f 10052 10371 10372 10051 
f 10051 10372 10373 10055 
f 10057 10374 10373 10039 
f 10055 10373 10374 10058 
f 10058 10374 10375 10370 
f 10142 10375 10374 10057 
s 1
f 10027 10375 10142 
s 2
f 10036 10371 10376 10231 
f 10238 10376 10371 10052 
f 10231 10376 10377 10240 
f 10241 10377 10376 10238 
f 10378 10379 10377 10241 
f 10240 10377 10379 10319 
s 1
f 10319 10379 10220 
f 10220 10379 10378 
f 10370 10375 10027 
f 10380 10383 10382 10381 
f 10381 10382 10385 10384 
f 10384 10385 10387 10386 
f 10386 10387 10389 10388 
f 10388 10389 10391 10390 
f 10390 10391 9901 9824 
f 10392 10395 10394 10393 
f 10393 10394 10383 10380 
f 10396 10399 10398 10397 
f 10400 10401 10399 10396 
f 10402 10403 10401 10400 
f 10404 10405 10403 10402 
f 10406 10407 10405 10404 
f 9817 9900 10407 10406 
f 10397 10398 10395 10392 
f 10382 10383 10409 10408 
f 10385 10382 10408 10410 
f 10387 10385 10410 10411 
f 10389 10387 10411 10412 
f 10391 10389 10412 10413 
f 9901 10391 10413 9885 
f 10394 10395 10415 10414 
f 10383 10394 10414 10409 
f 10398 10399 10417 10416 
f 10399 10401 10418 10417 
f 10401 10403 10419 10418 
f 10403 10405 10420 10419 
f 10405 10407 10421 10420 
f 10407 9900 9884 10421 
f 10395 10398 10416 10415 
f 10004 10156 10144 10007 
f 10007 10144 10145 10009 
f 10009 10145 10148 10011 
f 10011 10148 10150 10013 
f 10013 10150 10152 10015 
f 10015 10152 10154 10017 
f 10017 10154 9909 9804 
f 9827 9910 10332 10207 
f 10207 10332 10330 10205 
f 10205 10330 10328 10203 
f 10203 10328 10326 10201 
f 10201 10326 10324 10199 
f 10199 10324 10321 10197 
f 10197 10321 10333 10196 
f 10196 10333 10156 10004 
f 10381 10146 10147 10380 
f 10380 10147 10157 10393 
f 10393 10157 10334 10392 
f 10392 10334 10322 10397 
f 10397 10322 10323 10396 
f 10396 10323 10325 10400 
f 10400 10325 10327 10402 
f 10402 10327 10329 10404 
f 10404 10329 10331 10406 
f 10406 10331 9928 9817 
f 9824 9929 10155 10390 
f 10390 10155 10153 10388 
f 10388 10153 10151 10386 
f 10386 10151 10149 10384 
f 10384 10149 10146 10381 
f 10409 10423 10422 10408 
f 10408 10422 10424 10410 
f 10410 10424 10425 10411 
f 10411 10425 10426 10412 
f 10412 10426 10427 10413 
f 10413 10427 9965 9885 
f 10415 10429 10428 10414 
f 10414 10428 10423 10409 
f 10417 10431 10430 10416 
f 10418 10432 10431 10417 
f 10419 10433 10432 10418 
f 10420 10434 10433 10419 
f 10421 10435 10434 10420 
f 9884 9950 10435 10421 
f 10416 10430 10429 10415 
f 10422 10423 10436 10437 
f 10424 10422 10437 10438 
f 10425 10424 10438 10439 
f 10426 10425 10439 10440 
f 10427 10426 10440 10441 
f 9965 10427 10441 9940 
f 10428 10429 10442 10443 
f 10423 10428 10443 10436 
f 10430 10431 10444 10445 
f 10431 10432 10446 10444 
f 10432 10433 10447 10446 
f 10433 10434 10448 10447 
f 10434 10435 10449 10448 
f 10435 9950 9949 10449 
f 10429 10430 10445 10442 
f 10042 10043 10060 10061 
f 10043 10045 10064 10060 
f 10045 10047 10066 10064 
f 10047 10049 10068 10066 
f 10050 10042 10061 10070 
s 2
f 10053 10054 10072 10073 
f 10054 10056 10076 10072 
f 10056 10059 10078 10076 
f 10141 10059 10058 10370 
s 1
f 10232 10233 10246 10243 
f 10234 10232 10243 10247 
f 10235 10234 10247 10249 
f 10236 10235 10249 10251 
f 10233 10237 10254 10246 
s 2
f 10239 10053 10073 10255 
f 10242 10239 10255 10257 
f 10242 10318 10378 10241 
s 1
f 10318 10237 10220 10378 
f 10141 10050 10070 10140 
f 10049 9979 9834 10068 
f 10236 9980 9813 10228 
f 10221 10223 10211 10210 
f 10223 10225 10212 10211 
f 10225 10227 10213 10212 
f 10227 10229 10214 10213 
f 10229 9993 9828 10214 
f 10025 10026 10029 10158 
f 10025 10216 10194 10018 
f 10216 10218 10209 10194 
f 10028 10030 10040 10041 
f 10030 10031 10044 10040 
f 10031 10032 10046 10044 
f 10032 10033 10048 10046 
f 10033 10003 9806 10048 
f 10028 10026 10019 10020 
f 10218 10221 10210 10209 
f 10220 10221 10218 10217 
f 10027 10028 10041 
s off
f 9935 9934 10450 10451 
f 9934 9936 10452 10450 
f 9936 9937 10453 10452 
f 9937 9938 10454 10453 
f 9938 9939 10455 10454 
f 9939 9940 10456 10455 
f 9942 9941 10457 10458 
f 9941 9935 10451 10457 
f 9944 9943 10459 10460 
f 9945 9944 10460 10461 
f 9946 9945 10461 10462 
f 9947 9946 10462 10463 
f 9948 9947 10463 10464 
f 9949 9948 10464 10465 
f 9943 9942 10458 10459 
f 10437 10436 10466 10467 
f 10438 10437 10467 10468 
f 10439 10438 10468 10469 
f 10440 10439 10469 10470 
f 10441 10440 10470 10471 
f 9940 10441 10471 10456 
f 10443 10442 10472 10473 
f 10436 10443 10473 10466 
f 10445 10444 10474 10475 
f 10444 10446 10476 10474 
f 10446 10447 10477 10476 
f 10447 10448 10478 10477 
f 10448 10449 10479 10478 
f 10449 9949 10465 10479 
f 10442 10445 10475 10472 
f 10451 10450 10481 10480 
f 10450 10452 10482 10481 
f 10452 10453 10483 10482 
f 10453 10454 10484 10483 
f 10454 10455 10485 10484 
f 10455 10456 10486 10485 
f 10456 10471 10487 10486 
f 10471 10470 10488 10487 
f 10470 10469 10489 10488 
f 10469 10468 10490 10489 
f 10468 10467 10491 10490 
f 10467 10466 10492 10491 
f 10466 10473 10493 10492 
f 10473 10472 10494 10493 
f 10472 10475 10495 10494 
f 10475 10474 10496 10495 
f 10474 10476 10497 10496 
f 10476 10477 10498 10497 
f 10477 10478 10499 10498 
f 10478 10479 10500 10499 
f 10479 10465 10501 10500 
f 10465 10464 10502 10501 
f 10464 10463 10503 10502 
f 10463 10462 10504 10503 
f 10462 10461 10505 10504 
f 10461 10460 10506 10505 
f 10460 10459 10507 10506 
f 10459 10458 10508 10507 
f 10458 10457 10509 10508 
f 10457 10451 10480 10509 
f 10480 10481 10510 
f 10481 10482 10510 
f 10482 10483 10510 
f 10483 10484 10510 
f 10484 10485 10510 
f 10485 10486 10510 
f 10486 10487 10510 
f 10487 10488 10510 
f 10488 10489 10510 
f 10489 10490 10510 
f 10490 10491 10510 
f 10491 10492 10510 
f 10492 10493 10510 
f 10493 10494 10510 
f 10494 10495 10510 
f 10495 10496 10510 
f 10496 10497 10510 
f 10497 10498 10510 
f 10498 10499 10510 
f 10499 10500 10510 
f 10500 10501 10510 
f 10501 10502 10510 
f 10502 10503 10510 
f 10503 10504 10510 
f 10504 10505 10510 
f 10505 10506 10510 
f 10506 10507 10510 
f 10507 10508 10510 
f 10508 10509 10510 
f 10509 10480 10510 
s 2
f 10515 10513 10511 10514 
f 10521 10519 10517 10520 
f 10524 10521 10520 10523 
f 10527 10524 10523 10526 
f 10530 10527 10526 10529 
f 10533 10530 10529 10532 
f 10513 10533 10532 10511 
s 1
f 10518 10522 10520 10517 
f 10522 10525 10523 10520 
f 10525 10528 10526 10523 
f 10528 10531 10529 10526 
f 10531 10534 10532 10529 
f 10534 10512 10511 10532 
f 10512 10516 10514 10511 
s 2
f 10519 10537 10535 10517 
s 1
f 10536 10518 10517 10535 
s 2
f 10539 10515 10514 10538 
f 10545 10543 10541 10544 
f 10543 10549 10547 10541 
f 10549 10552 10550 10547 
f 10552 10555 10553 10550 
f 10555 10558 10556 10553 
f 10558 10539 10538 10556 
s 1
f 10542 10546 10544 10541 
f 10548 10542 10541 10547 
f 10551 10548 10547 10550 
f 10554 10551 10550 10553 
f 10557 10554 10553 10556 
f 10540 10557 10556 10538 
f 10516 10540 10538 10514 
s 2
f 10537 10545 10544 10535 
s 1
f 10546 10536 10535 10544 
f 10562 10560 10559 10561 
f 10566 10564 10563 10565 
f 10568 10566 10565 10567 
f 10572 10570 10569 10571 
f 10576 10574 10573 10575 
f 10580 10578 10577 10579 
f 10584 10582 10581 10583 
f 10588 10586 10585 10587 
f 10592 10590 10589 10591 
f 10596 10594 10593 10595 
f 10598 10596 10595 10597 
f 10602 10600 10599 10601 
f 10606 10604 10603 10605 
f 10610 10608 10607 10609 
f 10612 10610 10609 10611 
f 10614 10612 10611 10613 
f 10618 10616 10615 10617 
f 10622 10620 10619 10621 
f 10626 10624 10623 10625 
f 10628 10626 10625 10627 
f 10632 10630 10629 10631 
f 10636 10634 10633 10635 
f 10640 10638 10637 10639 
f 10642 10640 10639 10641 
f 10646 10644 10643 10645 
f 10650 10648 10647 10649 
f 10654 10652 10651 10653 
f 10656 10654 10653 10655 
f 10660 10658 10657 10659 
f 10662 10660 10659 10661 
f 10666 10664 10663 10665 
f 10670 10668 10667 10669 
f 10674 10672 10671 10673 
f 10672 10670 10669 10671 
f 10668 10666 10665 10667 
f 10676 10662 10661 10675 
f 10658 10656 10655 10657 
f 10648 10678 10677 10647 
f 10678 10646 10645 10677 
f 10644 10642 10641 10643 
f 10634 10632 10631 10633 
f 10630 10628 10627 10629 
f 10620 10680 10679 10619 
f 10680 10618 10617 10679 
f 10616 10614 10613 10615 
f 10604 10602 10601 10603 
f 10600 10598 10597 10599 
f 10590 10682 10681 10589 
f 10682 10588 10587 10681 
f 10586 10584 10583 10585 
f 10582 10580 10579 10581 
f 10574 10572 10571 10573 
f 10570 10568 10567 10569 
f 10560 10684 10683 10559 
f 10684 10674 10673 10683 
f 10564 10562 10561 10563 
f 10578 10576 10575 10577 
f 10594 10592 10591 10593 
f 10608 10606 10605 10607 
f 10624 10622 10621 10623 
f 10686 10636 10635 10685 
f 10638 10686 10685 10637 
f 10652 10650 10649 10651 
f 10664 10676 10675 10663 
s off
f 10688 10687 10559 10683 
f 10689 10688 10683 10673 
f 10690 10689 10673 10671 
f 10691 10690 10671 10669 
f 10692 10691 10669 10667 
f 10693 10692 10667 10665 
f 10694 10693 10665 10663 
f 10695 10694 10663 10675 
f 10696 10695 10675 10661 
f 10697 10696 10661 10659 
f 10698 10697 10659 10657 
f 10699 10698 10657 10655 
f 10700 10699 10655 10653 
f 10701 10700 10653 10651 
f 10702 10701 10651 10649 
f 10703 10702 10649 10647 
f 10704 10703 10647 10677 
f 10705 10704 10677 10645 
f 10706 10705 10645 10643 
f 10707 10706 10643 10641 
f 10708 10707 10641 10639 
f 10709 10708 10639 10637 
f 10710 10709 10637 10685 
f 10711 10710 10685 10635 
f 10712 10711 10635 10633 
f 10713 10712 10633 10631 
f 10714 10713 10631 10629 
f 10715 10714 10629 10627 
f 10716 10715 10627 10625 
f 10717 10716 10625 10623 
f 10718 10717 10623 10621 
f 10719 10718 10621 10619 
f 10720 10719 10619 10679 
f 10721 10720 10679 10617 
f 10722 10721 10617 10615 
f 10723 10722 10615 10613 
f 10724 10723 10613 10611 
f 10725 10724 10611 10609 
f 10726 10725 10609 10607 
f 10727 10726 10607 10605 
f 10728 10727 10605 10603 
f 10729 10728 10603 10601 
f 10730 10729 10601 10599 
f 10731 10730 10599 10597 
f 10732 10731 10597 10595 
f 10733 10732 10595 10593 
f 10734 10733 10593 10591 
f 10735 10734 10591 10589 
f 10736 10735 10589 10681 
f 10737 10736 10681 10587 
f 10738 10737 10587 10585 
f 10739 10738 10585 10583 
f 10740 10739 10583 10581 
f 10741 10740 10581 10579 
f 10742 10741 10579 10577 
f 10743 10742 10577 10575 
f 10744 10743 10575 10573 
f 10745 10744 10573 10571 
f 10746 10745 10571 10569 
f 10747 10746 10569 10567 
f 10748 10747 10567 10565 
f 10749 10748 10565 10563 
f 10750 10749 10563 10561 
f 10687 10750 10561 10559 
f 10687 10688 10751 
f 10688 10689 10751 
f 10689 10690 10751 
f 10690 10691 10751 
f 10691 10692 10751 
f 10692 10693 10751 
f 10693 10694 10751 
f 10694 10695 10751 
f 10695 10696 10751 
f 10696 10697 10751 
f 10697 10698 10751 
f 10698 10699 10751 
f 10699 10700 10751 
f 10700 10701 10751 
f 10701 10702 10751 
f 10702 10703 10751 
f 10703 10704 10751 
f 10704 10705 10751 
f 10705 10706 10751 
f 10706 10707 10751 
f 10707 10708 10751 
f 10708 10709 10751 
f 10709 10710 10751 
f 10710 10711 10751 
f 10711 10712 10751 
f 10712 10713 10751 
f 10713 10714 10751 
f 10714 10715 10751 
f 10715 10716 10751 
f 10716 10717 10751 
f 10717 10718 10751 
f 10718 10719 10751 
f 10719 10720 10751 
f 10720 10721 10751 
f 10721 10722 10751 
f 10722 10723 10751 
f 10723 10724 10751 
f 10724 10725 10751 
f 10725 10726 10751 
f 10726 10727 10751 
f 10727 10728 10751 
f 10728 10729 10751 
f 10729 10730 10751 
f 10730 10731 10751 
f 10731 10732 10751 
f 10732 10733 10751 
f 10733 10734 10751 
f 10734 10735 10751 
f 10735 10736 10751 
f 10736 10737 10751 
f 10737 10738 10751 
f 10738 10739 10751 
f 10739 10740 10751 
f 10740 10741 10751 
f 10741 10742 10751 
f 10742 10743 10751 
f 10743 10744 10751 
f 10744 10745 10751 
f 10745 10746 10751 
f 10746 10747 10751 
f 10747 10748 10751 
f 10748 10749 10751 
f 10749 10750 10751 
f 10750 10687 10751 
# 9220 polygons - 778 triangles

