# 3ds Max Wavefront OBJ Exporter v0.97b - (c)2007 guruware
# File Created: 13.12.2021 16:12:10

#
# object 14800
#

v  -1.5902 7.9944 -0.0000
v  -1.6129 8.1089 4.9149
v  -1.6099 8.0937 5.1119
v  -1.6020 8.0540 5.2055
v  -1.5864 7.9754 5.2669
v  -1.5668 7.8769 5.2553
v  -1.5505 7.7952 5.1954
v  -1.5281 7.6824 5.0350
v  -1.3132 6.6018 3.2128
v  -1.1785 5.9250 2.2845
v  -1.0280 5.1680 1.4273
v  -0.8603 4.3249 0.6728
v  -0.6750 3.3935 0.0472
v  -0.4723 2.3747 -0.4242
v  -0.2723 1.3688 -0.7100
v  -0.2553 1.2837 -0.7356
v  -0.2378 1.1958 -0.7820
v  -0.2222 1.1174 -0.8469
v  -0.1726 0.8681 -1.1001
v  -0.1728 0.8688 -1.4646
v  -0.1918 0.9644 -1.4655
v  -0.1918 0.9646 -2.4252
v  -0.1728 0.8688 -2.4252
v  -1.5636 7.8609 -0.0000
v  -3.1639 7.6384 4.9149
v  -3.1580 7.6241 5.1119
v  -3.1425 7.5867 5.2055
v  -3.1118 7.5127 5.2669
v  -3.0734 7.4199 5.2553
v  -3.0415 7.3429 5.1954
v  -2.9975 7.2367 5.0350
v  -2.5757 6.2183 3.2132
v  -2.3116 5.5808 2.2848
v  -2.0163 4.8679 1.4276
v  -1.6873 4.0735 0.6734
v  -1.3239 3.1964 0.0476
v  -0.9265 2.2369 -0.4240
v  -0.5341 1.2894 -0.7100
v  -0.5008 1.2092 -0.7356
v  -0.4666 1.1265 -0.7820
v  -0.4360 1.0526 -0.8469
v  -0.3390 0.8184 -1.1004
v  -0.3390 0.8184 -1.4646
v  -0.3761 0.9080 -1.4660
v  -0.3763 0.9086 -2.4252
v  -0.3390 0.8184 -2.4252
v  -3.1192 7.5306 -0.0000
v  -3.0672 7.4048 -0.0000
v  -4.5284 6.7773 -0.0000
v  -4.5933 6.8744 4.9149
v  -4.5847 6.8615 5.1119
v  -4.5622 6.8278 5.2055
v  -4.5177 6.7612 5.2669
v  -4.4619 6.6777 5.2553
v  -4.4156 6.6085 5.1954
v  -4.3517 6.5129 5.0350
v  -3.7398 5.5971 3.2125
v  -3.3564 5.0232 2.2842
v  -2.9276 4.3815 1.4270
v  -2.4501 3.6668 0.6723
v  -1.9223 2.8770 0.0468
v  -1.3452 2.0133 -0.4245
v  -0.7754 1.1604 -0.7100
v  -0.7271 1.0883 -0.7356
v  -0.6774 1.0138 -0.7820
v  -0.6329 0.9473 -0.8469
v  -0.4921 0.7365 -1.1004
v  -0.4921 0.7365 -1.4646
v  -0.5461 0.8174 -1.4658
v  -0.5458 0.8170 -2.4243
v  -0.4921 0.7366 -2.4252
v  -4.4528 6.6642 -0.0000
v  -5.7636 5.7636 -0.0000
v  -5.8461 5.8462 4.9149
v  -5.8352 5.8352 5.1119
v  -5.8066 5.8066 5.2055
v  -5.7499 5.7500 5.2669
v  -5.6789 5.6790 5.2553
v  -5.6200 5.6201 5.1954
v  -5.5387 5.5387 5.0350
v  -4.7615 4.7615 3.2111
v  -4.2731 4.2731 2.2827
v  -3.7270 3.7270 1.4257
v  -3.1196 3.1196 0.6700
v  -2.4473 2.4473 0.0451
v  -1.7124 1.7124 -0.4254
v  -0.9869 0.9869 -0.7100
v  -0.9255 0.9255 -0.7356
v  -0.8621 0.8622 -0.7820
v  -0.8056 0.8056 -0.8469
v  -0.6264 0.6264 -1.1004
v  -0.6264 0.6264 -1.4646
v  -0.6960 0.6960 -1.4646
v  -0.6954 0.6954 -2.4252
v  -0.6264 0.6264 -2.4252
v  -5.6674 5.6674 -0.0000
v  -6.7773 4.5285 -0.0000
v  -6.8743 4.5933 4.9149
v  -6.8615 4.5847 5.1119
v  -6.8278 4.5622 5.2055
v  -6.7612 4.5177 5.2669
v  -6.6777 4.4619 5.2553
v  -6.6085 4.4157 5.1954
v  -6.5129 4.3518 5.0350
v  -5.5971 3.7399 3.2125
v  -5.0232 3.3564 2.2842
v  -4.3814 2.9276 1.4270
v  -3.6668 2.4501 0.6723
v  -2.8770 1.9224 0.0468
v  -2.0133 1.3452 -0.4245
v  -1.1604 0.7754 -0.7100
v  -1.0882 0.7272 -0.7356
v  -1.0138 0.6774 -0.7820
v  -0.9473 0.6330 -0.8469
v  -0.7365 0.4922 -1.1004
v  -0.7365 0.4922 -1.4646
v  -0.8174 0.5462 -1.4658
v  -0.8162 0.5454 -2.4234
v  -0.7365 0.4922 -2.4252
v  -6.6642 4.4529 -0.0000
v  -7.6384 3.1639 4.9149
v  -7.6241 3.1580 5.1119
v  -7.5867 3.1425 5.2055
v  -7.5127 3.1119 5.2669
v  -7.4199 3.0734 5.2553
v  -7.3429 3.0416 5.1954
v  -7.2367 2.9976 5.0350
v  -6.2182 2.5757 3.2132
v  -5.5808 2.3117 2.2848
v  -4.8696 2.0171 1.4257
v  -4.0735 1.6873 0.6734
v  -3.1963 1.3240 0.0476
v  -2.2369 0.9266 -0.4240
v  -1.2894 0.5341 -0.7100
v  -1.2092 0.5009 -0.7356
v  -1.1264 0.4666 -0.7820
v  -1.0526 0.4360 -0.8469
v  -0.8184 0.3390 -1.1004
v  -0.8184 0.3390 -1.4646
v  -0.9080 0.3761 -1.4660
v  -0.9071 0.3757 -2.4235
v  -0.8184 0.3390 -2.4252
v  -7.5305 3.1193 -0.0000
v  -7.4048 3.0672 -0.0000
v  -7.9944 1.5902 -0.0000
v  -8.1089 1.6130 4.9149
v  -8.0937 1.6100 5.1119
v  -8.0540 1.6021 5.2055
v  -7.9754 1.5864 5.2669
v  -7.8769 1.5668 5.2553
v  -7.7952 1.5506 5.1954
v  -7.6824 1.5281 5.0350
v  -6.6018 1.3132 3.2128
v  -5.9250 1.1786 2.2844
v  -5.1695 1.0283 1.4257
v  -4.3249 0.8603 0.6728
v  -3.3935 0.6750 0.0472
v  -2.3747 0.4724 -0.4242
v  -1.3688 0.2723 -0.7100
v  -1.2837 0.2554 -0.7356
v  -1.1958 0.2379 -0.7820
v  -1.1174 0.2223 -0.8469
v  -0.8688 0.1728 -1.1004
v  -0.8688 0.1728 -1.4646
v  -0.9644 0.1919 -1.4655
v  -0.9646 0.1919 -2.4252
v  -0.8688 0.1728 -2.4252
v  -7.8609 1.5637 -0.0000
v  -8.2677 0.0000 4.9149
v  -8.2523 0.0000 5.1119
v  -8.2118 0.0000 5.2055
v  -8.1317 0.0000 5.2669
v  -8.0312 0.0000 5.2553
v  -7.9479 0.0000 5.1954
v  -7.8330 0.0000 5.0350
v  -6.7338 0.0000 3.2111
v  -6.0431 0.0000 2.2827
v  -5.2708 0.0000 1.4257
v  -4.4118 0.0000 0.6700
v  -3.4611 0.0000 0.0451
v  -2.4217 0.0000 -0.4254
v  -1.3956 0.0000 -0.7100
v  -1.3088 0.0000 -0.7356
v  -1.2193 0.0000 -0.7820
v  -1.1393 0.0000 -0.8469
v  -0.8858 0.0000 -1.1004
v  -0.8858 0.0000 -1.4646
v  -0.9842 0.0000 -1.4646
v  -0.9835 0.0000 -2.4252
v  -0.8858 0.0000 -2.4252
v  -8.1510 0.0000 -0.0000
v  -8.0149 0.0000 -0.0000
v  -7.9944 -1.5902 -0.0000
v  -8.1089 -1.6129 4.9149
v  -8.0937 -1.6099 5.1119
v  -8.0540 -1.6020 5.2055
v  -7.9754 -1.5864 5.2669
v  -7.8769 -1.5668 5.2553
v  -7.7952 -1.5506 5.1954
v  -7.6824 -1.5281 5.0350
v  -6.6018 -1.3132 3.2128
v  -5.9250 -1.1785 2.2844
v  -5.1680 -1.0280 1.4273
v  -4.3249 -0.8603 0.6728
v  -3.3935 -0.6750 0.0472
v  -2.3747 -0.4723 -0.4242
v  -1.3688 -0.2723 -0.7100
v  -1.2837 -0.2553 -0.7356
v  -1.1958 -0.2378 -0.7820
v  -1.1174 -0.2222 -0.8469
v  -0.8681 -0.1726 -1.1001
v  -0.8688 -0.1728 -1.4646
v  -0.9644 -0.1918 -1.4655
v  -0.9646 -0.1918 -2.4252
v  -0.8688 -0.1728 -2.4252
v  -7.8609 -1.5636 -0.0000
v  -7.6384 -3.1639 4.9149
v  -7.6241 -3.1580 5.1119
v  -7.5867 -3.1425 5.2055
v  -7.5127 -3.1118 5.2669
v  -7.4199 -3.0734 5.2553
v  -7.3429 -3.0415 5.1954
v  -7.2367 -2.9975 5.0350
v  -6.2183 -2.5757 3.2132
v  -5.5808 -2.3116 2.2848
v  -4.8679 -2.0163 1.4276
v  -4.0735 -1.6873 0.6734
v  -3.1964 -1.3239 0.0476
v  -2.2369 -0.9265 -0.4240
v  -1.2894 -0.5341 -0.7100
v  -1.2092 -0.5008 -0.7356
v  -1.1265 -0.4666 -0.7820
v  -1.0520 -0.4357 -0.8462
v  -0.8176 -0.3386 -1.1000
v  -0.8184 -0.3390 -1.4646
v  -0.9080 -0.3761 -1.4660
v  -0.9071 -0.3757 -2.4236
v  -0.8184 -0.3390 -2.4252
v  -7.5306 -3.1192 -0.0000
v  -7.4048 -3.0672 -0.0000
v  -6.7773 -4.5284 -0.0000
v  -6.8744 -4.5933 4.9149
v  -6.8615 -4.5847 5.1119
v  -6.8279 -4.5622 5.2055
v  -6.7612 -4.5177 5.2669
v  -6.6777 -4.4619 5.2553
v  -6.6085 -4.4156 5.1954
v  -6.5108 -4.3504 5.0366
v  -5.5971 -3.7398 3.2125
v  -5.0232 -3.3564 2.2842
v  -4.3815 -2.9276 1.4270
v  -3.6668 -2.4501 0.6723
v  -2.8770 -1.9223 0.0468
v  -2.0133 -1.3452 -0.4245
v  -1.1604 -0.7754 -0.7100
v  -1.0883 -0.7271 -0.7356
v  -1.0138 -0.6774 -0.7820
v  -0.9470 -0.6327 -0.8464
v  -0.7360 -0.4918 -1.1001
v  -0.7365 -0.4921 -1.4646
v  -0.8174 -0.5461 -1.4658
v  -0.8177 -0.5464 -2.4252
v  -0.7366 -0.4921 -2.4252
v  -6.6642 -4.4528 -0.0000
v  -5.7636 -5.7636 -0.0000
v  -5.8462 -5.8461 4.9149
v  -5.8353 -5.8352 5.1119
v  -5.8066 -5.8066 5.2055
v  -5.7500 -5.7499 5.2669
v  -5.6790 -5.6789 5.2553
v  -5.6201 -5.6200 5.1954
v  -5.5387 -5.5387 5.0350
v  -4.7615 -4.7615 3.2111
v  -4.2731 -4.2731 2.2827
v  -3.7270 -3.7270 1.4257
v  -3.1196 -3.1196 0.6700
v  -2.4473 -2.4473 0.0451
v  -1.7124 -1.7124 -0.4254
v  -0.9869 -0.9869 -0.7100
v  -0.9255 -0.9255 -0.7356
v  -0.8622 -0.8621 -0.7820
v  -0.8056 -0.8056 -0.8469
v  -0.6264 -0.6264 -1.1004
v  -0.6264 -0.6264 -1.4646
v  -0.6960 -0.6960 -1.4646
v  -0.6944 -0.6944 -2.4238
v  -0.6264 -0.6264 -2.4252
v  -5.6674 -5.6674 -0.0000
v  -4.5279 -6.7758 -0.0004
v  -4.5912 -6.8711 4.9147
v  -4.5827 -6.8585 5.1098
v  -4.5621 -6.8276 5.2013
v  -4.5200 -6.7646 5.2639
v  -4.4641 -6.6810 5.2576
v  -4.4161 -6.6092 5.1994
v  -4.3513 -6.5121 5.0388
v  -3.7404 -5.5981 3.2144
v  -3.3572 -5.0244 2.2861
v  -2.9285 -4.3827 1.4287
v  -2.4510 -3.6681 0.6737
v  -1.9234 -2.8782 0.0478
v  -1.3459 -2.0143 -0.4239
v  -0.7759 -1.1611 -0.7100
v  -0.7276 -1.0889 -0.7356
v  -0.6778 -1.0144 -0.7820
v  -0.6334 -0.9479 -0.8470
v  -0.4923 -0.7365 -1.1002
v  -0.4925 -0.7370 -1.4646
v  -0.5473 -0.8190 -1.4644
v  -0.5464 -0.8177 -2.4252
v  -0.4922 -0.7365 -2.4252
v  -4.4529 -6.6642 -0.0000
v  -3.1193 -7.5305 -0.0000
v  -3.1639 -7.6384 4.9149
v  -3.1580 -7.6241 5.1119
v  -3.1425 -7.5867 5.2054
v  -3.1119 -7.5127 5.2669
v  -3.0734 -7.4199 5.2553
v  -3.0406 -7.3407 5.1979
v  -2.9962 -7.2334 5.0373
v  -2.0164 -4.8679 1.4276
v  -1.6873 -4.0735 0.6734
v  -1.3240 -3.1963 0.0476
v  -0.9266 -2.2369 -0.4240
v  -0.5341 -1.2894 -0.7100
v  -0.5009 -1.2092 -0.7356
v  -0.4666 -1.1264 -0.7820
v  -0.4360 -1.0526 -0.8469
v  -0.3387 -0.8175 -1.1000
v  -0.3390 -0.8184 -1.4646
v  -0.3767 -0.9093 -1.4646
v  -0.3764 -0.9086 -2.4252
v  -0.3390 -0.8184 -2.4252
v  -3.0672 -7.4048 -0.0000
v  -1.6121 -8.1044 4.9148
v  -1.6091 -8.0893 5.1108
v  -1.6016 -8.0518 5.2037
v  -1.5863 -7.9750 5.2653
v  -1.5667 -7.8765 5.2565
v  -1.5502 -7.7933 5.1975
v  -1.1147 -5.8948 2.2353
v  -1.0348 -5.2011 1.4647
v  -0.9121 -4.3207 0.6819
v  -0.7064 -3.3912 0.0514
v  -0.4724 -2.3747 -0.4242
v  -0.2723 -1.3687 -0.7096
v  -0.2553 -1.2835 -0.7351
v  -0.2378 -1.1954 -0.7814
v  -0.2222 -1.1168 -0.8462
v  -0.1727 -0.8681 -1.1001
v  -0.1728 -0.8688 -1.4646
v  -0.1920 -0.9653 -1.4646
v  -0.1919 -0.9646 -2.4252
v  -0.1728 -0.8688 -2.4252
v  -1.5902 -7.9944 -0.0000
v  -1.5637 -7.8609 -0.0000
v  -0.0000 -8.1510 -0.0000
v  -0.0000 -8.2677 4.9149
v  -0.0000 -8.2523 5.1119
v  -0.0000 -8.2118 5.2054
v  -0.0000 -8.1317 5.2669
v  -0.0000 -8.0312 5.2553
v  -0.0000 -7.9479 5.1954
v  -0.0000 -7.8327 5.0345
v  -0.0000 -5.2708 1.4257
v  -0.0000 -4.4352 0.6920
v  -0.0000 -3.4611 0.0451
v  -0.0000 -2.4217 -0.4254
v  -0.0000 -1.3956 -0.7100
v  -0.0000 -1.3088 -0.7355
v  -0.0000 -1.2192 -0.7819
v  -0.0000 -1.1393 -0.8469
v  -0.0000 -0.8858 -1.1004
v  -0.0000 -0.8858 -1.4646
v  -0.0000 -0.9842 -1.4646
v  -0.0000 -0.9835 -2.4252
v  -0.0000 -0.8858 -2.4252
v  -0.0000 -8.0149 -0.0000
v  -1.4171 7.1244 4.0974
v  -2.7809 6.7137 4.0957
v  -4.0373 6.0422 4.0957
v  -5.1385 5.1385 4.0957
v  -6.0422 4.0373 4.0957
v  -6.7137 2.7809 4.0957
v  -7.1273 1.4177 4.0957
v  -7.2669 0.0000 4.0957
v  -7.1244 -1.4171 4.0974
v  -6.7104 -2.7795 4.0978
v  -6.0401 -4.0359 4.0971
v  -5.1385 -5.1385 4.0957
v  -4.0365 -6.0411 4.0991
v  -1.5266 -7.6797 5.0368
v  -1.5911 7.9991 0.2007
v  -1.6120 8.1042 4.7142
v  -3.1211 7.5350 0.2007
v  -3.1621 7.6340 4.7142
v  -4.5311 6.7813 0.2007
v  -4.5906 6.8704 4.7142
v  -5.7670 5.7670 0.2007
v  -5.8428 5.8428 4.7142
v  -6.7813 4.5311 0.2007
v  -6.8704 4.5907 4.7142
v  -7.5349 3.1211 0.2007
v  -7.6340 3.1621 4.7142
v  -7.9991 1.5911 0.2007
v  -8.1042 1.6120 4.7142
v  -8.1558 0.0000 0.2007
v  -8.2629 0.0000 4.7142
v  -7.9991 -1.5911 0.2007
v  -8.1042 -1.6120 4.7142
v  -7.5350 -3.1211 0.2007
v  -7.6340 -3.1621 4.7142
v  -6.7813 -4.5311 0.2007
v  -6.8704 -4.5906 4.7142
v  -5.7670 -5.7670 0.2007
v  -5.8428 -5.8428 4.7142
v  -4.5339 -6.7854 0.2007
v  -4.5885 -6.8672 4.7144
v  -3.1211 -7.5349 0.2007
v  -3.1600 -7.6289 4.7143
v  -1.5911 -7.9991 0.2007
v  -1.6112 -8.0997 4.7143
v  -0.0000 -8.1558 0.2007
v  -0.0000 -8.2630 4.7142
v  -1.5769 7.9277 -0.0000
v  -3.0932 7.4677 -0.0000
v  -4.4906 6.7208 -0.0000
v  -5.7155 5.7155 -0.0000
v  -6.7207 4.4907 -0.0000
v  -7.4677 3.0932 -0.0000
v  -7.9277 1.5769 -0.0000
v  -8.0830 0.0000 -0.0000
v  -7.9277 -1.5769 -0.0000
v  -7.4677 -3.0932 -0.0000
v  -6.7208 -4.4906 -0.0000
v  -5.7155 -5.7155 -0.0000
v  -4.4907 -6.7207 -0.0000
v  -3.0932 -7.4677 -0.0000
v  -1.5769 -7.9277 -0.0000
v  -0.0000 -8.0830 -0.0000
v  -1.0147 -6.6698 3.2298
v  -0.0000 -6.7462 3.2293
v  -2.5610 -6.2231 3.2106
v  -2.7464 -6.6916 4.0465
v  -0.1272 -7.1293 3.8205
v  -0.2272 -7.0817 3.7484
v  -0.2884 -7.0171 3.6498
v  -0.3091 -6.9453 3.5395
v  -0.2888 -6.8738 3.4289
v  -0.2276 -6.8103 3.3298
v  -0.1275 -6.7640 3.2573
v  -0.8897 -6.7055 3.2558
v  -0.7915 -6.7641 3.3241
v  -0.7289 -6.8347 3.4191
v  -0.7049 -6.9089 3.5282
v  -0.7219 -6.9799 3.6405
v  -0.7823 -7.0390 3.7436
v  -0.8848 -7.0753 3.8187
v  -1.0128 -7.0753 3.8479
v  -1.1387 -7.0396 3.8215
v  -1.2363 -6.9798 3.7533
v  -1.2985 -6.9079 3.6590
v  -1.3226 -6.8325 3.5506
v  -1.3061 -6.7612 3.4385
v  -1.2460 -6.7027 3.3350
v  -1.1436 -6.6686 3.2584
v  -1.0147 -6.9052 3.2298
v  -0.0000 -6.9789 3.2263
v  -0.1272 -7.3647 3.8205
v  -0.2272 -7.3171 3.7484
v  -0.2884 -7.2525 3.6498
v  -0.3091 -7.1807 3.5395
v  -0.2888 -7.1092 3.4289
v  -0.2276 -7.0457 3.3298
v  -0.1275 -6.9995 3.2573
v  -0.8897 -6.9409 3.2558
v  -0.7915 -6.9995 3.3241
v  -0.7289 -7.0701 3.4191
v  -0.7049 -7.1444 3.5282
v  -0.7219 -7.2153 3.6405
v  -0.7823 -7.2745 3.7436
v  -0.8848 -7.3107 3.8187
v  -1.0128 -7.3107 3.8479
v  -1.1387 -7.2750 3.8215
v  -1.2363 -7.2152 3.7533
v  -1.2985 -7.1433 3.6590
v  -1.3226 -7.0679 3.5506
v  -1.3061 -6.9966 3.4385
v  -1.2460 -6.9381 3.3350
v  -1.1436 -6.9040 3.2584
v  -1.0146 -6.9145 3.2441
v  -0.0000 -6.9883 3.2407
v  -0.0000 -7.3736 3.8336
v  -0.1214 -7.3562 3.8075
v  -0.2167 -7.3109 3.7387
v  -0.2751 -7.2492 3.6447
v  -0.2948 -7.1807 3.5395
v  -0.2755 -7.1126 3.4340
v  -0.2171 -7.0519 3.3394
v  -0.1216 -7.0078 3.2703
v  -0.8954 -6.9485 3.2689
v  -0.8018 -7.0044 3.3340
v  -0.7420 -7.0718 3.4246
v  -0.7192 -7.1426 3.5287
v  -0.7354 -7.2103 3.6358
v  -0.7929 -7.2667 3.7342
v  -0.8907 -7.3013 3.8057
v  -1.0128 -7.3013 3.8337
v  -1.1329 -7.2673 3.8085
v  -1.2260 -7.2102 3.7434
v  -1.2854 -7.1416 3.6535
v  -1.3084 -7.0697 3.5501
v  -1.2926 -7.0017 3.4431
v  -1.2353 -6.9459 3.3444
v  -1.1376 -6.9134 3.2713
v  -0.0000 -7.1813 3.5389
v  -1.0140 -7.1070 3.5390
v  -1.1592 -7.0481 3.8436
v  -1.2581 -6.9868 3.7740
v  -1.3234 -6.9070 3.6712
v  -1.3525 -6.8252 3.5530
v  -1.3423 -6.7459 3.4288
v  -1.2695 -6.6831 3.3147
v  -1.1538 -6.6463 3.2306
v  -1.0162 -6.6440 3.1959
v  -0.8632 -6.6867 3.2282
v  -0.7634 -6.7509 3.3031
v  -0.6925 -6.8305 3.4091
v  -0.6773 -6.9121 3.5299
v  -0.6932 -6.9831 3.6425
v  -0.7582 -7.0449 3.7624
v  -0.8701 -7.0872 3.8414
v  -1.0225 -7.0901 3.8768
v  -0.2524 -7.0968 3.7788
v  -0.3185 -7.0202 3.6594
v  -0.3394 -6.9438 3.5406
v  -0.3195 -6.8684 3.4243
v  -0.2589 -6.7986 3.3169
v  -0.1424 -6.7454 3.2336
v  -0.0000 -6.7277 3.2030
v  -0.1335 -7.1494 3.8562
v  -0.0000 -6.7602 3.2298
v  -0.0000 -6.9648 3.2265
v  -0.1272 -7.1436 3.8205
v  -0.1272 -7.3504 3.8205
v  -0.2272 -7.0960 3.7484
v  -0.2272 -7.3029 3.7484
v  -0.2884 -7.0314 3.6498
v  -0.2884 -7.2382 3.6498
v  -0.3091 -6.9595 3.5395
v  -0.3091 -7.1664 3.5395
v  -0.2888 -6.8881 3.4289
v  -0.2888 -7.0950 3.4289
v  -0.2276 -6.8245 3.3298
v  -0.2276 -7.0314 3.3298
v  -0.1275 -6.7783 3.2573
v  -0.1275 -6.9852 3.2573
v  -2.3303 -5.5427 2.2545
v  -1.4723 7.4020 4.5674
v  -2.8868 6.9693 4.5695
v  -4.1910 6.2722 4.5695
v  -5.3341 5.3341 4.5695
v  -6.2722 4.1910 4.5695
v  -6.9693 2.8868 4.5695
v  -7.3986 1.4717 4.5695
v  -7.5436 0.0000 4.5695
v  -7.4020 -1.4723 4.5674
v  -6.9720 -2.8879 4.5678
v  -6.2755 -4.1932 4.5671
v  -5.3387 -5.3387 4.5656
v  -4.1938 -6.2765 4.5692
v  -2.8715 -6.9623 4.5419
v  -0.4003 -7.4333 4.3709
v  -1.3317 -7.3456 4.4022
v  -0.8798 -7.3997 4.3796
v  -1.2459 6.2635 2.7486
v  -2.4437 5.8997 2.7489
v  -3.5482 5.3102 2.7483
v  -4.5173 4.5174 2.7469
v  -5.3102 3.5482 2.7483
v  -5.8997 2.4437 2.7490
v  -6.2635 1.2459 2.7486
v  -6.3885 0.0000 2.7469
v  -6.2635 -1.2459 2.7486
v  -5.8997 -2.4437 2.7490
v  -5.3102 -3.5482 2.7483
v  -4.5173 -4.5173 2.7469
v  -3.5490 -5.3114 2.7502
v  -2.4462 -5.8846 2.7319
v  -1.0678 -6.2400 2.6710
v  -0.6047 -6.2908 2.6793
v  -1.5167 -7.6301 4.9503
v  -0.0000 -7.7826 4.9478
v  -1.4378 -6.7105 3.4168
v  -1.3437 -6.6281 3.2715
v  -1.1951 -6.5817 3.1627
v  -1.0098 -6.5799 3.1147
v  -0.8097 -6.6367 3.1563
v  -0.6825 -6.7183 3.2518
v  -0.5952 -6.8185 3.3811
v  -0.5769 -6.9176 3.5271
v  -0.5960 -7.0023 3.6642
v  -0.6781 -7.0804 3.8157
v  -0.8292 -7.1361 3.9265
v  -1.0297 -7.1415 3.9668
v  -1.2112 -7.0857 3.9228
v  -1.3364 -7.0026 3.8367
v  -1.4152 -6.9039 3.7128
v  -1.4509 -6.8104 3.5706
v  -0.1788 -7.1936 3.9364
v  -0.3326 -7.1226 3.8379
v  -0.4150 -7.0290 3.6882
v  -0.4402 -6.9387 3.5441
v  -0.4161 -6.8471 3.4034
v  -0.3398 -6.7576 3.2695
v  -0.1891 -6.6885 3.1621
v  -0.0000 -6.6660 3.1200
v  -1.5168 7.6257 4.9419
v  -2.9754 7.1832 4.9419
v  -4.3196 6.4647 4.9419
v  -5.4978 5.4978 4.9419
v  -6.4647 4.3196 4.9419
v  -7.1832 2.9754 4.9419
v  -7.6257 1.5169 4.9419
v  -7.7751 0.0000 4.9419
v  -7.6257 -1.5168 4.9419
v  -7.1832 -2.9754 4.9419
v  -6.4636 -4.3188 4.9427
v  -5.4987 -5.4987 4.9411
v  -4.3196 -6.4647 4.9448
v  -2.9712 -7.1790 4.9382
v  -2.4396 -7.9022 4.7143
v  -2.4098 -7.8044 0.2007
v  -2.4378 -7.8951 5.1115
v  -2.4423 -7.9099 4.9149
v  -2.4261 -7.8573 5.2048
v  -2.4028 -7.7812 5.2663
v  -2.3736 -7.6849 5.2558
v  -2.3487 -7.6030 5.1977
v  -2.3146 -7.4919 5.0372
v  -1.3784 -5.0845 1.4517
v  -1.5449 -5.7875 2.2285
v  -1.1834 -4.2342 0.6789
v  -0.9226 -3.3230 0.0501
v  -0.6313 -2.3265 -0.4242
v  -0.3639 -1.3409 -0.7097
v  -0.3413 -1.2575 -0.7353
v  -0.3179 -1.1713 -0.7816
v  -0.2970 -1.0943 -0.8465
v  -0.2308 -0.8504 -1.1001
v  -0.2310 -0.8512 -1.4646
v  -0.2567 -0.9457 -1.4646
v  -0.2565 -0.9450 -2.4252
v  -0.2310 -0.8512 -2.4252
v  -2.3888 -7.7350 -0.0000
v  -2.4087 -7.8003 0.0000
v  -2.0899 -7.7013 -0.0000
v  -1.5561 -6.1357 2.6767
v  -2.1167 -7.2059 4.4734
v  -1.8861 -6.8454 3.8199
v  -2.2770 -7.4435 4.9298
v  -1.7764 -6.5080 3.2342
v  -0.0002 -7.4363 4.3754
v  -0.0000 -6.0171 2.2538
v  1.6120 8.1042 4.7142
v  0.0000 8.2629 4.7142
v  0.0000 8.1558 0.2007
v  1.5911 7.9991 0.2007
v  1.6099 8.0937 5.1119
v  0.0000 8.2523 5.1119
v  0.0000 8.2677 4.9149
v  1.6129 8.1089 4.9149
v  1.6020 8.0540 5.2055
v  0.0000 8.2118 5.2055
v  1.5864 7.9754 5.2669
v  0.0000 8.1317 5.2669
v  1.5668 7.8769 5.2553
v  0.0000 8.0312 5.2553
v  1.5505 7.7952 5.1954
v  0.0000 7.9479 5.1954
v  1.5281 7.6824 5.0350
v  0.0000 7.8329 5.0350
v  1.5168 7.6257 4.9419
v  0.0000 7.7764 4.9411
v  1.3132 6.6018 3.2128
v  1.2459 6.2635 2.7486
v  0.0000 6.3885 2.7469
v  0.0000 6.7338 3.2111
v  1.0280 5.1680 1.4273
v  0.0000 5.2708 1.4257
v  0.0000 6.0431 2.2827
v  1.1785 5.9250 2.2845
v  0.8603 4.3249 0.6728
v  0.0000 4.4118 0.6700
v  0.6750 3.3935 0.0472
v  0.0000 3.4611 0.0451
v  0.4723 2.3747 -0.4242
v  0.0000 2.4217 -0.4254
v  0.2723 1.3688 -0.7100
v  0.0000 1.3956 -0.7100
v  0.2553 1.2837 -0.7356
v  0.0000 1.3088 -0.7355
v  0.2378 1.1958 -0.7820
v  0.0000 1.2192 -0.7819
v  0.2222 1.1174 -0.8469
v  0.0000 1.1393 -0.8469
v  0.1726 0.8681 -1.1001
v  0.0000 0.8858 -1.1004
v  0.1728 0.8688 -1.4646
v  0.0000 0.8858 -1.4646
v  0.1918 0.9644 -1.4655
v  0.0000 0.9842 -1.4646
v  0.1918 0.9646 -2.4252
v  0.0000 0.9835 -2.4252
v  0.1728 0.8688 -2.4252
v  0.0000 0.8858 -2.4252
v  0.0000 8.0830 -0.0000
v  1.5769 7.9277 -0.0000
v  1.5902 7.9944 -0.0000
v  0.0000 8.1510 0.0000
v  3.1621 7.6340 4.7142
v  3.1211 7.5350 0.2007
v  3.1580 7.6241 5.1119
v  3.1639 7.6384 4.9149
v  3.1425 7.5867 5.2055
v  3.1118 7.5127 5.2669
v  3.0734 7.4199 5.2553
v  3.0415 7.3429 5.1954
v  2.9975 7.2367 5.0350
v  2.9754 7.1832 4.9419
v  2.5757 6.2183 3.2132
v  2.4437 5.8997 2.7489
v  2.0163 4.8679 1.4276
v  2.3116 5.5808 2.2848
v  1.6873 4.0735 0.6734
v  1.3239 3.1964 0.0476
v  0.9265 2.2369 -0.4240
v  0.5341 1.2894 -0.7100
v  0.5008 1.2092 -0.7356
v  0.4666 1.1265 -0.7820
v  0.4360 1.0526 -0.8469
v  0.3390 0.8184 -1.1004
v  0.3390 0.8184 -1.4646
v  0.3761 0.9080 -1.4660
v  0.3763 0.9086 -2.4252
v  0.3390 0.8184 -2.4252
v  3.0932 7.4677 -0.0000
v  3.1192 7.5306 -0.0000
v  4.5906 6.8704 4.7142
v  4.5311 6.7813 0.2007
v  4.5847 6.8615 5.1119
v  4.5933 6.8744 4.9149
v  4.5622 6.8278 5.2055
v  4.5177 6.7612 5.2669
v  4.4619 6.6777 5.2553
v  4.4156 6.6085 5.1954
v  4.3517 6.5129 5.0350
v  4.3196 6.4647 4.9419
v  3.7398 5.5971 3.2125
v  3.5482 5.3102 2.7483
v  2.9276 4.3815 1.4270
v  3.3564 5.0232 2.2842
v  2.4501 3.6668 0.6723
v  1.9223 2.8770 0.0468
v  1.3452 2.0133 -0.4245
v  0.7754 1.1604 -0.7100
v  0.7271 1.0883 -0.7356
v  0.6774 1.0138 -0.7820
v  0.6329 0.9473 -0.8469
v  0.4921 0.7365 -1.1004
v  0.4921 0.7365 -1.4646
v  0.5461 0.8174 -1.4658
v  0.5458 0.8170 -2.4243
v  0.4921 0.7366 -2.4252
v  4.4906 6.7208 -0.0000
v  4.5284 6.7773 -0.0000
v  5.8428 5.8428 4.7142
v  5.7670 5.7670 0.2007
v  5.8352 5.8352 5.1119
v  5.8461 5.8462 4.9149
v  5.8066 5.8066 5.2055
v  5.7499 5.7500 5.2669
v  5.6789 5.6790 5.2553
v  5.6200 5.6201 5.1954
v  5.5387 5.5387 5.0350
v  5.4978 5.4978 4.9419
v  4.7615 4.7615 3.2111
v  4.5173 4.5174 2.7469
v  3.7270 3.7270 1.4257
v  4.2731 4.2731 2.2827
v  3.1196 3.1196 0.6700
v  2.4473 2.4473 0.0451
v  1.7124 1.7124 -0.4254
v  0.9869 0.9869 -0.7100
v  0.9255 0.9255 -0.7356
v  0.8621 0.8622 -0.7820
v  0.8056 0.8056 -0.8469
v  0.6264 0.6264 -1.1004
v  0.6264 0.6264 -1.4646
v  0.6960 0.6960 -1.4646
v  0.6954 0.6954 -2.4252
v  0.6264 0.6264 -2.4252
v  5.7155 5.7155 -0.0000
v  5.7636 5.7636 -0.0000
v  6.8704 4.5907 4.7142
v  6.7813 4.5311 0.2007
v  6.8615 4.5847 5.1119
v  6.8743 4.5933 4.9149
v  6.8278 4.5622 5.2055
v  6.7612 4.5177 5.2669
v  6.6777 4.4619 5.2553
v  6.6085 4.4157 5.1954
v  6.5129 4.3518 5.0350
v  6.4647 4.3196 4.9419
v  5.5971 3.7399 3.2125
v  5.3102 3.5482 2.7483
v  4.3814 2.9276 1.4270
v  5.0232 3.3564 2.2842
v  3.6668 2.4501 0.6723
v  2.8770 1.9224 0.0468
v  2.0133 1.3452 -0.4245
v  1.1604 0.7754 -0.7100
v  1.0882 0.7272 -0.7356
v  1.0138 0.6774 -0.7820
v  0.9473 0.6330 -0.8469
v  0.7365 0.4922 -1.1004
v  0.7365 0.4922 -1.4646
v  0.8174 0.5462 -1.4658
v  0.8162 0.5454 -2.4234
v  0.7365 0.4922 -2.4252
v  6.7207 4.4907 -0.0000
v  6.7773 4.5285 -0.0000
v  7.6340 3.1621 4.7142
v  7.5349 3.1211 0.2007
v  7.6241 3.1580 5.1119
v  7.6384 3.1639 4.9149
v  7.5867 3.1425 5.2055
v  7.5127 3.1119 5.2669
v  7.4199 3.0734 5.2553
v  7.3429 3.0416 5.1954
v  7.2367 2.9976 5.0350
v  7.1832 2.9754 4.9419
v  6.2182 2.5757 3.2132
v  5.8997 2.4437 2.7490
v  4.8696 2.0171 1.4257
v  5.5808 2.3117 2.2848
v  4.0735 1.6873 0.6734
v  3.1963 1.3240 0.0476
v  2.2369 0.9266 -0.4240
v  1.2894 0.5341 -0.7100
v  1.2092 0.5009 -0.7356
v  1.1264 0.4666 -0.7820
v  1.0526 0.4360 -0.8469
v  0.8184 0.3390 -1.1004
v  0.8184 0.3390 -1.4646
v  0.9080 0.3761 -1.4660
v  0.9071 0.3757 -2.4235
v  0.8184 0.3390 -2.4252
v  7.4677 3.0932 -0.0000
v  7.5305 3.1193 -0.0000
v  8.1042 1.6120 4.7142
v  7.9991 1.5911 0.2007
v  8.0937 1.6100 5.1119
v  8.1089 1.6130 4.9149
v  8.0540 1.6021 5.2055
v  7.9754 1.5864 5.2669
v  7.8769 1.5668 5.2553
v  7.7952 1.5506 5.1954
v  7.6824 1.5281 5.0350
v  7.6257 1.5169 4.9419
v  6.6018 1.3132 3.2128
v  6.2635 1.2459 2.7486
v  5.1695 1.0283 1.4257
v  5.9250 1.1786 2.2844
v  4.3249 0.8603 0.6728
v  3.3935 0.6750 0.0472
v  2.3747 0.4724 -0.4242
v  1.3688 0.2723 -0.7100
v  1.2837 0.2554 -0.7356
v  1.1958 0.2379 -0.7820
v  1.1174 0.2223 -0.8469
v  0.8688 0.1728 -1.1004
v  0.8688 0.1728 -1.4646
v  0.9644 0.1919 -1.4655
v  0.9646 0.1919 -2.4252
v  0.8688 0.1728 -2.4252
v  7.9277 1.5769 -0.0000
v  7.9944 1.5902 -0.0000
v  8.2629 0.0000 4.7142
v  8.1558 0.0000 0.2007
v  8.2523 0.0000 5.1119
v  8.2677 0.0000 4.9149
v  8.2118 0.0000 5.2055
v  8.1317 0.0000 5.2669
v  8.0312 0.0000 5.2553
v  7.9479 0.0000 5.1954
v  7.8330 0.0000 5.0350
v  7.7751 0.0000 4.9419
v  6.7338 0.0000 3.2111
v  6.3885 0.0000 2.7469
v  5.2708 0.0000 1.4257
v  6.0431 0.0000 2.2827
v  4.4118 0.0000 0.6700
v  3.4611 0.0000 0.0451
v  2.4217 0.0000 -0.4254
v  1.3956 0.0000 -0.7100
v  1.3088 0.0000 -0.7356
v  1.2193 0.0000 -0.7820
v  1.1393 0.0000 -0.8469
v  0.8858 0.0000 -1.1004
v  0.8858 0.0000 -1.4646
v  0.9842 0.0000 -1.4646
v  0.9835 0.0000 -2.4252
v  0.8858 0.0000 -2.4252
v  8.0830 0.0000 -0.0000
v  8.1510 0.0000 -0.0000
v  8.1042 -1.6120 4.7142
v  7.9991 -1.5911 0.2007
v  8.0937 -1.6099 5.1119
v  8.1089 -1.6129 4.9149
v  8.0540 -1.6020 5.2055
v  7.9754 -1.5864 5.2669
v  7.8769 -1.5668 5.2553
v  7.7952 -1.5506 5.1954
v  7.6824 -1.5281 5.0350
v  7.6257 -1.5168 4.9419
v  6.6018 -1.3132 3.2128
v  6.2635 -1.2459 2.7486
v  5.1680 -1.0280 1.4273
v  5.9250 -1.1785 2.2844
v  4.3249 -0.8603 0.6728
v  3.3935 -0.6750 0.0472
v  2.3747 -0.4723 -0.4242
v  1.3688 -0.2723 -0.7100
v  1.2837 -0.2553 -0.7356
v  1.1958 -0.2378 -0.7820
v  1.1174 -0.2222 -0.8469
v  0.8681 -0.1726 -1.1001
v  0.8688 -0.1728 -1.4646
v  0.9644 -0.1918 -1.4655
v  0.9646 -0.1918 -2.4252
v  0.8688 -0.1728 -2.4252
v  7.9277 -1.5769 -0.0000
v  7.9944 -1.5902 -0.0000
v  7.6340 -3.1621 4.7142
v  7.5350 -3.1211 0.2007
v  7.6241 -3.1580 5.1119
v  7.6384 -3.1639 4.9149
v  7.5867 -3.1425 5.2055
v  7.5127 -3.1118 5.2669
v  7.4199 -3.0734 5.2553
v  7.3429 -3.0415 5.1954
v  7.2367 -2.9975 5.0350
v  7.1832 -2.9754 4.9419
v  6.2183 -2.5757 3.2132
v  5.8997 -2.4437 2.7490
v  4.8679 -2.0163 1.4276
v  5.5808 -2.3116 2.2848
v  4.0735 -1.6873 0.6734
v  3.1964 -1.3239 0.0476
v  2.2369 -0.9265 -0.4240
v  1.2894 -0.5341 -0.7100
v  1.2092 -0.5008 -0.7356
v  1.1265 -0.4666 -0.7820
v  1.0520 -0.4357 -0.8462
v  0.8176 -0.3386 -1.1000
v  0.8184 -0.3390 -1.4646
v  0.9080 -0.3761 -1.4660
v  0.9071 -0.3757 -2.4236
v  0.8184 -0.3390 -2.4252
v  7.4677 -3.0932 -0.0000
v  7.5306 -3.1192 -0.0000
v  6.8704 -4.5906 4.7142
v  6.7813 -4.5311 0.2007
v  6.8615 -4.5847 5.1119
v  6.8744 -4.5933 4.9149
v  6.8279 -4.5622 5.2055
v  6.7612 -4.5177 5.2669
v  6.6777 -4.4619 5.2553
v  6.6085 -4.4156 5.1954
v  6.5108 -4.3504 5.0366
v  6.4636 -4.3188 4.9427
v  5.5971 -3.7398 3.2125
v  5.3102 -3.5482 2.7483
v  4.3815 -2.9276 1.4270
v  5.0232 -3.3564 2.2842
v  3.6668 -2.4501 0.6723
v  2.8770 -1.9223 0.0468
v  2.0133 -1.3452 -0.4245
v  1.1604 -0.7754 -0.7100
v  1.0883 -0.7271 -0.7356
v  1.0138 -0.6774 -0.7820
v  0.9470 -0.6327 -0.8464
v  0.7360 -0.4918 -1.1001
v  0.7365 -0.4921 -1.4646
v  0.8174 -0.5461 -1.4658
v  0.8177 -0.5464 -2.4252
v  0.7366 -0.4921 -2.4252
v  6.7208 -4.4906 -0.0000
v  6.7773 -4.5284 -0.0000
v  5.8428 -5.8428 4.7142
v  5.7670 -5.7670 0.2007
v  5.8353 -5.8352 5.1119
v  5.8462 -5.8461 4.9149
v  5.8066 -5.8066 5.2055
v  5.7500 -5.7499 5.2669
v  5.6790 -5.6789 5.2553
v  5.6201 -5.6200 5.1954
v  5.5387 -5.5387 5.0350
v  5.4987 -5.4987 4.9411
v  4.7615 -4.7615 3.2111
v  4.5173 -4.5173 2.7469
v  3.7270 -3.7270 1.4257
v  4.2731 -4.2731 2.2827
v  3.1196 -3.1196 0.6700
v  2.4473 -2.4473 0.0451
v  1.7124 -1.7124 -0.4254
v  0.9869 -0.9869 -0.7100
v  0.9255 -0.9255 -0.7356
v  0.8622 -0.8621 -0.7820
v  0.8056 -0.8056 -0.8469
v  0.6264 -0.6264 -1.1004
v  0.6264 -0.6264 -1.4646
v  0.6960 -0.6960 -1.4646
v  0.6944 -0.6944 -2.4238
v  0.6264 -0.6264 -2.4252
v  5.7155 -5.7155 -0.0000
v  5.7636 -5.7636 -0.0000
v  4.5885 -6.8672 4.7144
v  4.5339 -6.7854 0.2007
v  4.5827 -6.8585 5.1098
v  4.5912 -6.8711 4.9147
v  4.5621 -6.8276 5.2013
v  4.5200 -6.7646 5.2639
v  4.4641 -6.6810 5.2576
v  4.4161 -6.6092 5.1994
v  4.3513 -6.5121 5.0388
v  4.3196 -6.4647 4.9448
v  3.7404 -5.5981 3.2144
v  3.5490 -5.3114 2.7502
v  2.9285 -4.3827 1.4287
v  3.3572 -5.0244 2.2861
v  2.4510 -3.6681 0.6737
v  1.9234 -2.8782 0.0478
v  1.3459 -2.0143 -0.4239
v  0.7759 -1.1611 -0.7100
v  0.7276 -1.0889 -0.7356
v  0.6778 -1.0144 -0.7820
v  0.6334 -0.9479 -0.8470
v  0.4923 -0.7365 -1.1002
v  0.4925 -0.7370 -1.4646
v  0.5473 -0.8190 -1.4644
v  0.5464 -0.8177 -2.4252
v  0.4922 -0.7365 -2.4252
v  4.4907 -6.7207 -0.0000
v  4.5279 -6.7758 -0.0004
v  3.1600 -7.6289 4.7143
v  3.1211 -7.5349 0.2007
v  3.1580 -7.6241 5.1119
v  3.1639 -7.6384 4.9149
v  3.1425 -7.5867 5.2054
v  3.1119 -7.5127 5.2669
v  3.0734 -7.4199 5.2553
v  3.0406 -7.3407 5.1979
v  2.9962 -7.2334 5.0373
v  2.9712 -7.1790 4.9382
v  2.5610 -6.2231 3.2106
v  2.4462 -5.8846 2.7319
v  2.0164 -4.8679 1.4276
v  2.3303 -5.5427 2.2545
v  1.6873 -4.0735 0.6734
v  1.3240 -3.1963 0.0476
v  0.9266 -2.2369 -0.4240
v  0.5341 -1.2894 -0.7100
v  0.5009 -1.2092 -0.7356
v  0.4666 -1.1264 -0.7820
v  0.4360 -1.0526 -0.8469
v  0.3387 -0.8175 -1.1000
v  0.3390 -0.8184 -1.4646
v  0.3767 -0.9093 -1.4646
v  0.3764 -0.9086 -2.4252
v  0.3390 -0.8184 -2.4252
v  3.0932 -7.4677 -0.0000
v  3.1193 -7.5305 -0.0000
v  1.6112 -8.0997 4.7143
v  2.4016 -7.9167 4.7143
v  2.1266 -7.8366 0.2007
v  1.5911 -7.9991 0.2007
v  1.6091 -8.0893 5.1108
v  2.3997 -7.9095 5.1114
v  2.4042 -7.9242 4.9149
v  1.6121 -8.1044 4.9148
v  1.6016 -8.0518 5.2037
v  2.3880 -7.8716 5.2048
v  1.5863 -7.9750 5.2653
v  2.3647 -7.7956 5.2662
v  1.5667 -7.8765 5.2565
v  2.3355 -7.6993 5.2558
v  1.5502 -7.7933 5.1975
v  2.3107 -7.6174 5.1977
v  1.5266 -7.6797 5.0368
v  2.2765 -7.5063 5.0371
v  1.0348 -5.2011 1.4647
v  1.3818 -5.0961 1.4394
v  1.5449 -5.7875 2.2285
v  1.1147 -5.8948 2.2353
v  0.9121 -4.3207 0.6819
v  1.1834 -4.2342 0.6789
v  0.7064 -3.3912 0.0514
v  0.9226 -3.3230 0.0501
v  0.4724 -2.3747 -0.4242
v  0.6313 -2.3265 -0.4242
v  0.2723 -1.3687 -0.7096
v  0.3639 -1.3409 -0.7097
v  0.2553 -1.2835 -0.7351
v  0.3413 -1.2575 -0.7353
v  0.2378 -1.1954 -0.7814
v  0.3179 -1.1713 -0.7816
v  0.2222 -1.1168 -0.8462
v  0.2970 -1.0943 -0.8465
v  0.1727 -0.8681 -1.1001
v  0.2308 -0.8504 -1.1001
v  0.1728 -0.8688 -1.4646
v  0.2310 -0.8512 -1.4646
v  0.1920 -0.9653 -1.4646
v  0.2567 -0.9457 -1.4646
v  0.1919 -0.9646 -2.4252
v  0.2565 -0.9450 -2.4252
v  0.1728 -0.8688 -2.4252
v  0.2310 -0.8512 -2.4252
v  2.1076 -7.7667 -0.0000
v  2.1254 -7.8320 -0.0000
v  1.5769 -7.9277 -0.0000
v  1.5902 -7.9944 -0.0000
v  0.0000 7.2669 4.0957
v  1.4171 7.1244 4.0974
v  2.7809 6.7137 4.0957
v  4.0373 6.0422 4.0957
v  5.1385 5.1385 4.0957
v  6.0422 4.0373 4.0957
v  6.7137 2.7809 4.0957
v  7.1273 1.4177 4.0957
v  7.2669 0.0000 4.0957
v  7.1244 -1.4171 4.0974
v  6.7104 -2.7795 4.0978
v  6.0401 -4.0359 4.0971
v  5.1385 -5.1385 4.0957
v  4.0365 -6.0411 4.0991
v  2.7464 -6.6916 4.0465
v  0.3995 -7.4241 4.3760
v  0.8796 -7.3939 4.3828
v  1.5167 -7.6301 4.9503
v  0.0000 8.0149 -0.0000
v  1.5636 7.8609 -0.0000
v  3.0672 7.4048 -0.0000
v  4.4528 6.6642 -0.0000
v  5.6674 5.6674 -0.0000
v  6.6642 4.4529 -0.0000
v  7.4048 3.0672 -0.0000
v  7.8609 1.5637 -0.0000
v  8.0149 0.0000 -0.0000
v  7.8609 -1.5636 -0.0000
v  7.4048 -3.0672 -0.0000
v  6.6642 -4.4528 -0.0000
v  5.6674 -5.6674 -0.0000
v  4.4529 -6.6642 -0.0000
v  3.0672 -7.4048 -0.0000
v  2.0899 -7.7013 -0.0000
v  1.5637 -7.8609 -0.0000
v  0.5960 -7.0023 3.6642
v  0.6781 -7.0804 3.8157
v  0.3326 -7.1226 3.8379
v  0.4150 -7.0290 3.6882
v  0.4402 -6.9387 3.5441
v  0.5769 -6.9176 3.5271
v  0.4161 -6.8471 3.4034
v  0.5952 -6.8185 3.3811
v  0.3398 -6.7576 3.2695
v  0.6825 -6.7183 3.2518
v  0.1891 -6.6885 3.1621
v  0.8097 -6.6367 3.1563
v  1.8861 -6.8454 3.8199
v  1.7764 -6.5080 3.2342
v  2.8715 -6.9623 4.5419
v  2.1169 -7.2058 4.4734
v  -0.0000 -7.1617 3.8479
v  -0.0000 -7.3686 3.8479
v  0.1272 -7.3504 3.8205
v  0.1272 -7.1436 3.8205
v  0.2272 -7.3029 3.7484
v  0.2272 -7.0960 3.7484
v  0.2884 -7.2382 3.6498
v  0.2884 -7.0314 3.6498
v  0.3091 -7.1664 3.5395
v  0.3091 -6.9595 3.5395
v  0.2888 -7.0950 3.4289
v  0.2888 -6.8881 3.4289
v  0.2276 -7.0314 3.3298
v  0.2276 -6.8245 3.3298
v  0.1275 -6.9852 3.2573
v  0.1275 -6.7783 3.2573
v  1.0147 -6.9052 3.2298
v  0.8897 -6.9409 3.2558
v  0.8897 -6.7055 3.2558
v  1.0147 -6.6698 3.2298
v  0.7915 -6.9995 3.3241
v  0.7915 -6.7641 3.3241
v  0.7289 -7.0701 3.4191
v  0.7289 -6.8347 3.4191
v  0.7049 -7.1444 3.5282
v  0.7049 -6.9089 3.5282
v  0.7219 -7.2153 3.6405
v  0.7219 -6.9799 3.6405
v  0.7823 -7.2745 3.7436
v  0.7823 -7.0390 3.7436
v  0.8848 -7.3107 3.8187
v  0.8848 -7.0753 3.8187
v  1.0128 -7.3107 3.8479
v  1.0128 -7.0753 3.8479
v  1.1387 -7.2750 3.8215
v  1.1387 -7.0396 3.8215
v  1.2363 -7.2152 3.7533
v  1.2363 -6.9798 3.7533
v  1.2985 -7.1433 3.6590
v  1.2985 -6.9079 3.6590
v  1.3226 -7.0679 3.5506
v  1.3226 -6.8325 3.5506
v  1.3061 -6.9966 3.4385
v  1.3061 -6.7612 3.4385
v  1.2460 -6.9381 3.3350
v  1.2460 -6.7027 3.3350
v  1.1436 -6.9040 3.2584
v  1.1436 -6.6686 3.2584
v  0.1272 -7.3647 3.8205
v  -0.0000 -7.3829 3.8479
v  0.1214 -7.3562 3.8075
v  0.2272 -7.3171 3.7484
v  0.2167 -7.3109 3.7387
v  0.2884 -7.2525 3.6498
v  0.2751 -7.2492 3.6447
v  0.3091 -7.1807 3.5395
v  0.2948 -7.1807 3.5395
v  0.2888 -7.1092 3.4289
v  0.2755 -7.1126 3.4340
v  0.2276 -7.0457 3.3298
v  0.2171 -7.0519 3.3394
v  0.1275 -6.9995 3.2573
v  0.1216 -7.0078 3.2703
v  1.0146 -6.9145 3.2441
v  0.8954 -6.9485 3.2689
v  0.8018 -7.0044 3.3340
v  0.7420 -7.0718 3.4246
v  0.7192 -7.1426 3.5287
v  0.7354 -7.2103 3.6358
v  0.7929 -7.2667 3.7342
v  0.8907 -7.3013 3.8057
v  1.0128 -7.3013 3.8337
v  1.1329 -7.2673 3.8085
v  1.2260 -7.2102 3.7434
v  1.2854 -7.1416 3.6535
v  1.3084 -7.0697 3.5501
v  1.2926 -7.0017 3.4431
v  1.2353 -6.9459 3.3444
v  1.1376 -6.9134 3.2713
v  1.0140 -7.1070 3.5390
v  1.2581 -6.9868 3.7740
v  1.1592 -7.0481 3.8436
v  1.3234 -6.9070 3.6712
v  1.3525 -6.8252 3.5530
v  1.3423 -6.7459 3.4288
v  1.2695 -6.6831 3.3147
v  1.1538 -6.6463 3.2306
v  1.0162 -6.6440 3.1959
v  0.8632 -6.6867 3.2282
v  0.7634 -6.7509 3.3031
v  0.6925 -6.8305 3.4091
v  0.6773 -6.9121 3.5299
v  0.6932 -6.9831 3.6425
v  0.7582 -7.0449 3.7624
v  0.8701 -7.0872 3.8414
v  1.0225 -7.0901 3.8768
v  1.5561 -6.1357 2.6767
v  0.2524 -7.0968 3.7788
v  0.2272 -7.0817 3.7484
v  0.2884 -7.0171 3.6498
v  0.3185 -7.0202 3.6594
v  0.3091 -6.9453 3.5395
v  0.3394 -6.9438 3.5406
v  0.2888 -6.8738 3.4289
v  0.3195 -6.8684 3.4243
v  0.2276 -6.8103 3.3298
v  0.2589 -6.7986 3.3169
v  0.1275 -6.7640 3.2573
v  0.1424 -6.7454 3.2336
v  0.1272 -7.1293 3.8205
v  0.1335 -7.1494 3.8562
v  -0.0000 -7.1688 3.8850
v  -0.0000 -7.1475 3.8479
v  0.6047 -6.2908 2.6793
v  -0.0000 -6.3403 2.6821
v  1.3322 -7.3454 4.4021
v  2.2769 -7.4429 4.9301
v  1.3437 -6.6281 3.2715
v  1.1951 -6.5817 3.1627
v  0.0000 7.5501 4.5656
v  1.4723 7.4020 4.5674
v  2.8868 6.9693 4.5695
v  4.1910 6.2722 4.5695
v  5.3341 5.3341 4.5695
v  6.2722 4.1910 4.5695
v  6.9693 2.8868 4.5695
v  7.3986 1.4717 4.5695
v  7.5436 0.0000 4.5695
v  7.4020 -1.4723 4.5674
v  6.9720 -2.8879 4.5678
v  6.2755 -4.1932 4.5671
v  5.3387 -5.3387 4.5656
v  4.1938 -6.2765 4.5692
v  1.0297 -7.1415 3.9668
v  1.2112 -7.0857 3.9228
v  0.1788 -7.1936 3.9364
v  -0.0000 -7.2205 3.9744
v  0.8322 -7.1471 3.9475
v  1.0098 -6.5799 3.1147
v  1.0678 -6.2400 2.6710
v  1.4377 -6.7105 3.4168
v  1.3364 -7.0026 3.8367
v  1.4152 -6.9039 3.7128
v  1.4509 -6.8104 3.5706
v  -0.5177 -5.2385 1.4426
v  -0.4560 -4.3780 0.6869
v  -0.3532 -3.4261 0.0483
v  -0.2362 -2.3982 -0.4248
v  -0.1361 -1.3822 -0.7098
v  -0.1277 -1.2961 -0.7353
v  -0.1189 -1.2073 -0.7816
v  -0.1111 -1.1280 -0.8466
v  -0.0863 -0.8769 -1.1002
v  -0.0864 -0.8773 -1.4646
v  -0.0960 -0.9748 -1.4646
v  -0.0959 -0.9740 -2.4252
v  -0.0864 -0.8773 -2.4252
v  -0.5575 -5.9569 2.2438
v  0.4560 -4.3780 0.6869
v  0.5177 -5.2385 1.4426
v  0.3532 -3.4261 0.0483
v  0.2362 -2.3982 -0.4248
v  0.1361 -1.3822 -0.7098
v  0.1277 -1.2961 -0.7353
v  0.1189 -1.2073 -0.7816
v  0.1111 -1.1280 -0.8466
v  0.0863 -0.8769 -1.1002
v  0.0864 -0.8773 -1.4646
v  0.0960 -0.9748 -1.4646
v  0.0959 -0.9740 -2.4252
v  0.0864 -0.8773 -2.4252
v  0.5575 -5.9569 2.2438
v  0.8677 -0.1780 -2.7362
v  1.1350 -0.0034 -2.7362
v  1.1921 -0.0034 -2.7252
v  1.2446 -0.0034 -2.6901
v  1.2791 -0.0034 -2.6367
v  1.2885 -0.0034 -2.5894
v  1.3711 -0.0000 -1.3417
v  1.3839 -0.0000 -1.2725
v  1.4338 -0.0000 -1.1941
v  1.5614 -0.0000 -1.1262
v  2.2383 -0.0000 -0.9514
v  2.9440 -0.0000 -0.6948
v  4.2539 -0.0000 0.0132
v  5.4073 -0.0000 0.9434
v  6.3596 -0.0000 2.0034
v  6.4718 -0.0000 2.0577
v  6.5825 -0.0000 2.0393
v  6.6608 -0.0000 1.9712
v  6.7106 -0.0000 1.8784
v  6.8628 -0.0000 0.1566
v  6.8704 -0.0000 0.0902
v  6.9229 -0.0000 0.0101
v  7.0028 -0.0000 -0.0425
v  7.0999 -0.0000 -0.0591
v  8.0906 -0.0000 -0.0591
v  8.0578 -0.0000 -0.0000
v  0.8858 -0.0053 -2.7362
v  1.1139 0.2181 -2.7362
v  1.1698 0.2292 -2.7252
v  1.2213 0.2395 -2.6901
v  1.2552 0.2462 -2.6367
v  1.2644 0.2481 -2.5894
v  1.3471 0.2679 -1.3419
v  1.3569 0.2699 -1.2723
v  1.4060 0.2797 -1.1938
v  1.5312 0.3045 -1.1255
v  2.1951 0.4366 -0.9505
v  2.8867 0.5742 -0.6933
v  4.1704 0.8295 0.0159
v  5.3002 1.0542 0.9469
v  6.2366 1.2405 2.0045
v  6.3474 1.2626 2.0579
v  6.4557 1.2841 2.0382
v  6.5313 1.2991 1.9699
v  6.5800 1.3088 1.8779
v  6.7309 1.3388 0.1566
v  6.7384 1.3403 0.0902
v  6.7899 1.3506 0.0101
v  6.8682 1.3662 -0.0425
v  6.9725 1.3894 -0.0593
v  7.9351 1.5784 -0.0591
v  7.9030 1.5720 -0.0000
v  0.8698 0.1676 -2.7362
v  1.0499 0.4312 -2.7362
v  1.1026 0.4531 -2.7252
v  1.1512 0.4732 -2.6901
v  1.1830 0.4864 -2.6367
v  1.1917 0.4900 -2.5894
v  1.2665 0.5246 -1.3417
v  1.2783 0.5294 -1.2724
v  1.3245 0.5486 -1.1939
v  1.4425 0.5975 -1.1259
v  2.0677 0.8564 -0.9503
v  2.7191 1.1263 -0.6930
v  3.9281 1.6271 0.0165
v  4.9920 2.0677 0.9477
v  5.8862 2.4381 1.9881
v  5.9791 2.4766 2.0579
v  6.0812 2.5189 2.0385
v  6.1527 2.5485 1.9702
v  6.2033 2.5695 1.8795
v  6.3404 2.6263 0.1566
v  6.3474 2.6292 0.0902
v  6.3959 2.6493 0.0101
v  6.4697 2.6798 -0.0425
v  6.5682 2.7187 -0.0598
v  7.4747 3.0961 -0.0591
v  7.4445 3.0836 -0.0000
v  0.8204 0.3341 -2.7362
v  0.9456 0.6278 -2.7362
v  0.9930 0.6595 -2.7252
v  1.0367 0.6887 -2.6901
v  1.0654 0.7078 -2.6367
v  1.0732 0.7130 -2.5894
v  1.1410 0.7624 -1.3418
v  1.1509 0.7690 -1.2726
v  1.1924 0.7967 -1.1943
v  1.2982 0.8674 -1.1257
v  1.8609 1.2434 -0.9506
v  2.4474 1.6353 -0.6936
v  3.5358 2.3625 0.0154
v  4.4938 3.0026 0.9462
v  5.2923 3.5362 1.9963
v  5.3811 3.5955 2.0576
v  5.4734 3.6572 2.0399
v  5.5391 3.7011 1.9719
v  5.5855 3.7321 1.8803
v  5.7062 3.8128 0.1566
v  5.7125 3.8170 0.0902
v  5.7562 3.8461 0.0101
v  5.8226 3.8905 -0.0425
v  5.9067 3.9482 -0.0593
v  6.7271 4.4948 -0.0591
v  6.6998 4.4767 -0.0000
v  0.7395 0.4877 -2.7362
v  0.8050 0.8002 -2.7362
v  0.8453 0.8405 -2.7252
v  0.8825 0.8777 -2.6901
v  0.9069 0.9021 -2.6367
v  0.9135 0.9087 -2.5894
v  0.9700 0.9700 -1.3418
v  0.9794 0.9793 -1.2729
v  1.0144 1.0143 -1.1948
v  1.1040 1.1039 -1.1256
v  1.5828 1.5827 -0.9514
v  2.0817 2.0817 -0.6948
v  3.0080 3.0080 0.0132
v  3.8235 3.8235 0.9434
v  4.5029 4.5029 1.9922
v  4.5764 4.5763 2.0572
v  4.6552 4.6551 2.0419
v  4.7125 4.7125 1.9740
v  4.7499 4.7498 1.8803
v  4.8528 4.8527 0.1566
v  4.8581 4.8581 0.0902
v  4.8952 4.8952 0.0101
v  4.9517 4.9517 -0.0425
v  5.0298 5.0176 -0.0593
v  5.7209 5.7209 -0.0591
v  5.6978 5.6977 -0.0000
v  0.6301 0.6226 -2.7362
v  0.6334 0.9419 -2.7362
v  0.6651 0.9893 -2.7252
v  0.6943 1.0330 -2.6901
v  0.7134 1.0617 -2.6367
v  0.7187 1.0695 -2.5894
v  0.7625 1.1411 -1.3418
v  0.7698 1.1521 -1.2732
v  0.7972 1.1931 -1.1953
v  0.8674 1.2981 -1.1257
v  1.2435 1.8609 -0.9506
v  1.6353 2.4473 -0.6936
v  2.3626 3.5358 0.0154
v  3.0027 4.4937 0.9463
v  3.5372 5.2937 1.9940
v  3.5957 5.3813 2.0569
v  3.6578 5.4743 2.0433
v  3.7038 5.5430 1.9756
v  3.7317 5.5848 1.8801
v  3.8128 5.7062 0.1566
v  3.8170 5.7125 0.0902
v  3.8462 5.7562 0.0101
v  3.8906 5.8226 -0.0425
v  3.9458 5.9084 -0.0593
v  4.4949 6.7270 -0.0591
v  4.4767 6.6998 -0.0000
v  0.4966 0.7336 -2.7362
v  0.4375 1.0473 -2.7362
v  0.4593 1.1000 -2.7252
v  0.4794 1.1486 -2.6901
v  0.4926 1.1804 -2.6367
v  0.4962 1.1891 -2.5894
v  0.5249 1.2671 -1.3417
v  0.5303 1.2802 -1.2732
v  0.5491 1.3257 -1.1953
v  0.5975 1.4425 -1.1260
v  0.8565 2.0676 -0.9503
v  1.1263 2.7191 -0.6930
v  1.6271 3.9281 0.0165
v  2.0678 4.9920 0.9476
v  2.4364 5.8819 1.9943
v  2.4768 5.9794 2.0569
v  2.5196 6.0828 2.0435
v  2.5513 6.1593 1.9758
v  2.5707 6.2062 1.8803
v  2.6263 6.3404 0.1566
v  2.6292 6.3474 0.0902
v  2.6493 6.3959 0.0101
v  2.6799 6.4697 -0.0425
v  2.7209 6.5646 -0.0593
v  3.0961 7.4747 -0.0591
v  3.0836 7.4444 -0.0000
v  0.3439 0.8163 -2.7362
v  0.2248 1.1126 -2.7362
v  0.2359 1.1685 -2.7252
v  0.2461 1.2200 -2.6901
v  0.2529 1.2539 -2.6367
v  0.2547 1.2631 -2.5894
v  0.2675 1.3446 -1.3417
v  0.2702 1.3583 -1.2729
v  0.2799 1.4069 -1.1948
v  0.3046 1.5312 -1.1255
v  0.4366 2.1951 -0.9505
v  0.5742 2.8867 -0.6933
v  0.8296 4.1704 0.0159
v  1.0543 5.3002 0.9469
v  1.2427 6.2475 1.9898
v  1.2626 6.3476 2.0572
v  1.2844 6.4568 2.0416
v  1.3001 6.5361 1.9737
v  1.3099 6.5853 1.8794
v  1.3389 6.7309 0.1566
v  1.3404 6.7384 0.0902
v  1.3506 6.7899 0.0101
v  1.3662 6.8682 -0.0425
v  1.3866 6.9678 -0.0598
v  1.5784 7.9351 -0.0591
v  1.5720 7.9030 -0.0000
v  0.1780 0.8678 -2.7362
v  0.0034 1.1350 -2.7362
v  0.0034 1.1921 -2.7252
v  0.0034 1.2446 -2.6901
v  0.0034 1.2791 -2.6367
v  0.0034 1.2885 -2.5894
v  0.0000 1.3741 -1.3420
v  0.0000 1.3839 -1.2725
v  0.0000 1.4338 -1.1941
v  0.0000 1.5614 -1.1260
v  0.0000 2.2383 -0.9514
v  0.0000 2.9440 -0.6948
v  0.0000 4.2539 0.0132
v  0.0000 5.4073 0.9434
v  0.0000 6.3596 2.0034
v  0.0000 6.4718 2.0577
v  0.0000 6.5825 2.0393
v  0.0000 6.6608 1.9712
v  0.0000 6.7095 1.8778
v  0.0000 6.8628 0.1566
v  0.0000 6.8704 0.0902
v  0.0000 6.9229 0.0101
v  0.0000 7.0028 -0.0425
v  -0.0026 7.1071 -0.0607
v  0.0000 8.0906 -0.0591
v  0.0000 8.0578 -0.0000
v  0.0053 0.8858 -2.7362
v  -0.2181 1.1139 -2.7362
v  -0.2292 1.1698 -2.7252
v  -0.2395 1.2213 -2.6901
v  -0.2462 1.2552 -2.6367
v  -0.2481 1.2644 -2.5894
v  -0.2674 1.3446 -1.3417
v  -0.2699 1.3569 -1.2723
v  -0.2797 1.4060 -1.1938
v  -0.3045 1.5312 -1.1255
v  -0.4367 2.1953 -0.9514
v  -0.5742 2.8867 -0.6933
v  -0.8295 4.1704 0.0159
v  -1.0542 5.3002 0.9469
v  -1.2430 6.2491 1.9877
v  -1.2634 6.3515 2.0430
v  -1.2848 6.4590 2.0483
v  -1.3010 6.5405 1.9772
v  -1.3105 6.5885 1.8803
v  -1.3388 6.7309 0.1566
v  -1.3403 6.7384 0.0902
v  -1.3506 6.7899 0.0101
v  -1.3662 6.8682 -0.0425
v  -1.3851 6.9635 -0.0591
v  -1.5784 7.9351 -0.0591
v  -1.5720 7.9030 -0.0000
v  -0.1676 0.8698 -2.7362
v  -0.4312 1.0499 -2.7362
v  -0.4531 1.1026 -2.7252
v  -0.4732 1.1512 -2.6901
v  -0.4864 1.1830 -2.6367
v  -0.4900 1.1917 -2.5894
v  -0.5242 1.2657 -1.3416
v  -0.5276 1.2738 -1.2706
v  -0.5474 1.3217 -1.1904
v  -0.5975 1.4426 -1.1262
v  -0.8566 2.0680 -0.9514
v  -1.1263 2.7191 -0.6930
v  -1.6271 3.9281 0.0165
v  -2.0677 4.9920 0.9476
v  -2.4358 5.8806 1.9961
v  -2.4766 5.9791 2.0579
v  -2.5189 6.0812 2.0385
v  -2.5512 6.1593 1.9757
v  -2.5707 6.2062 1.8803
v  -2.6263 6.3404 0.1566
v  -2.6292 6.3474 0.0902
v  -2.6493 6.3959 0.0101
v  -2.6798 6.4697 -0.0425
v  -2.7174 6.5670 -0.0588
v  -3.0961 7.4747 -0.0591
v  -3.0836 7.4445 -0.0000
v  -0.3341 0.8204 -2.7362
v  -0.6278 0.9456 -2.7362
v  -0.6595 0.9930 -2.7252
v  -0.6886 1.0367 -2.6901
v  -0.7078 1.0654 -2.6367
v  -0.7131 1.0732 -2.5894
v  -0.7625 1.1411 -1.3418
v  -0.7659 1.1462 -1.2705
v  -0.7948 1.1895 -1.1904
v  -0.8675 1.2983 -1.1262
v  -1.2434 1.8609 -0.9506
v  -1.6353 2.4474 -0.6936
v  -2.3625 3.5358 0.0154
v  -3.0026 4.4938 0.9463
v  -3.5375 5.2942 1.9933
v  -3.5955 5.3811 2.0576
v  -3.6572 5.4734 2.0399
v  -3.7011 5.5391 1.9719
v  -3.7297 5.5820 1.8792
v  -3.8128 5.7062 0.1566
v  -3.8170 5.7125 0.0902
v  -3.8461 5.7562 0.0101
v  -3.8905 5.8226 -0.0425
v  -3.9429 5.9089 -0.0593
v  -4.4949 6.7271 -0.0591
v  -4.4767 6.6998 -0.0000
v  -0.4877 0.7395 -2.7362
v  -0.8002 0.8050 -2.7362
v  -0.8405 0.8453 -2.7252
v  -0.8777 0.8825 -2.6901
v  -0.9018 0.9066 -2.6366
v  -0.9092 0.9139 -2.5895
v  -0.9700 0.9700 -1.3418
v  -0.9793 0.9794 -1.2729
v  -1.0116 1.0117 -1.1905
v  -1.1041 1.1041 -1.1262
v  -1.5827 1.5828 -0.9514
v  -2.0817 2.0817 -0.6948
v  -3.0080 3.0080 0.0132
v  -3.8235 3.8235 0.9434
v  -4.5015 4.5016 1.9948
v  -4.5763 4.5764 2.0572
v  -4.6551 4.6552 2.0419
v  -4.7125 4.7125 1.9740
v  -4.7428 4.7428 1.8774
v  -4.8527 4.8528 0.1566
v  -4.8581 4.8581 0.0902
v  -4.8952 4.8952 0.0101
v  -4.9517 4.9517 -0.0425
v  -5.0204 5.0204 -0.0591
v  -5.7209 5.7209 -0.0591
v  -5.6977 5.6978 -0.0000
v  -0.6226 0.6301 -2.7362
v  -0.9419 0.6334 -2.7362
v  -0.9893 0.6651 -2.7252
v  -1.0330 0.6943 -2.6901
v  -1.0617 0.7134 -2.6367
v  -1.0690 0.7183 -2.5893
v  -1.1410 0.7624 -1.3418
v  -1.1521 0.7698 -1.2732
v  -1.1931 0.7972 -1.1953
v  -1.2983 0.8675 -1.1262
v  -1.8609 1.2435 -0.9506
v  -2.4473 1.6353 -0.6936
v  -3.5358 2.3626 0.0154
v  -4.4938 3.0027 0.9463
v  -5.2934 3.5369 1.9946
v  -5.3813 3.5957 2.0569
v  -5.4743 3.6578 2.0433
v  -5.5430 3.7038 1.9756
v  -5.5854 3.7321 1.8803
v  -5.7062 3.8128 0.1566
v  -5.7125 3.8170 0.0902
v  -5.7562 3.8462 0.0101
v  -5.8226 3.8906 -0.0425
v  -5.9097 3.9438 -0.0598
v  -6.7270 4.4949 -0.0591
v  -6.6998 4.4767 -0.0000
v  -0.7336 0.4966 -2.7362
v  -1.0473 0.4375 -2.7362
v  -1.1000 0.4593 -2.7252
v  -1.1486 0.4794 -2.6901
v  -1.1804 0.4926 -2.6367
v  -1.1891 0.4962 -2.5894
v  -1.2664 0.5246 -1.3417
v  -1.2802 0.5303 -1.2732
v  -1.3257 0.5491 -1.1953
v  -1.4426 0.5976 -1.1262
v  -2.0676 0.8565 -0.9503
v  -2.7191 1.1263 -0.6930
v  -3.9281 1.6271 0.0165
v  -4.9921 2.0678 0.9475
v  -5.8839 2.4372 1.9914
v  -5.9794 2.4768 2.0569
v  -6.0828 2.5196 2.0435
v  -6.1593 2.5513 1.9758
v  -6.2074 2.5712 1.8807
v  -6.3404 2.6263 0.1566
v  -6.3474 2.6292 0.0902
v  -6.3959 2.6493 0.0101
v  -6.4697 2.6799 -0.0425
v  -6.5667 2.7189 -0.0593
v  -7.4747 3.0961 -0.0591
v  -7.4444 3.0836 -0.0000
v  -0.8163 0.3439 -2.7362
v  -1.1126 0.2248 -2.7362
v  -1.1685 0.2359 -2.7252
v  -1.2200 0.2461 -2.6901
v  -1.2539 0.2529 -2.6367
v  -1.2631 0.2547 -2.5894
v  -1.3470 0.2680 -1.3419
v  -1.3583 0.2702 -1.2729
v  -1.4069 0.2799 -1.1948
v  -1.5312 0.3046 -1.1255
v  -2.1951 0.4366 -0.9505
v  -2.8867 0.5742 -0.6933
v  -4.1704 0.8296 0.0159
v  -5.3034 1.0549 0.9434
v  -6.2424 1.2417 1.9967
v  -6.3476 1.2626 2.0572
v  -6.4568 1.2844 2.0416
v  -6.5361 1.3001 1.9737
v  -6.5838 1.3096 1.8789
v  -6.7309 1.3389 0.1566
v  -6.7384 1.3404 0.0902
v  -6.7899 1.3506 0.0101
v  -6.8682 1.3662 -0.0425
v  -6.9684 1.3857 -0.0593
v  -7.9351 1.5784 -0.0591
v  -7.9030 1.5720 -0.0000
v  -0.8677 0.1780 -2.7362
v  -1.1350 0.0034 -2.7362
v  -1.1921 0.0034 -2.7252
v  -1.2446 0.0034 -2.6901
v  -1.2788 0.0034 -2.6366
v  -1.2892 0.0034 -2.5895
v  -1.3711 0.0000 -1.3417
v  -1.3839 0.0000 -1.2725
v  -1.4338 0.0000 -1.1941
v  -1.5613 0.0000 -1.1259
v  -2.2383 0.0000 -0.9514
v  -2.9440 0.0000 -0.6948
v  -4.2539 0.0000 0.0132
v  -5.4073 0.0000 0.9434
v  -6.3684 0.0000 1.9918
v  -6.4718 0.0000 2.0577
v  -6.5825 0.0000 2.0392
v  -6.6608 0.0000 1.9712
v  -6.7193 0.0000 1.8808
v  -6.8628 0.0000 0.1566
v  -6.8704 0.0000 0.0902
v  -6.9229 0.0000 0.0101
v  -7.0028 0.0000 -0.0425
v  -7.1060 -0.0006 -0.0593
v  -8.0906 0.0000 -0.0591
v  -8.0578 0.0000 -0.0000
v  -0.8858 0.0053 -2.7362
v  -1.1139 -0.2181 -2.7362
v  -1.1698 -0.2292 -2.7252
v  -1.2213 -0.2395 -2.6901
v  -1.2535 -0.2459 -2.6360
v  -1.2641 -0.2480 -2.5894
v  -1.3447 -0.2675 -1.3417
v  -1.3569 -0.2699 -1.2723
v  -1.4060 -0.2797 -1.1938
v  -1.5312 -0.3046 -1.1256
v  -2.1951 -0.4366 -0.9505
v  -2.8867 -0.5742 -0.6933
v  -4.1704 -0.8295 0.0159
v  -5.3002 -1.0542 0.9469
v  -6.2366 -1.2405 2.0045
v  -6.3474 -1.2626 2.0579
v  -6.4557 -1.2841 2.0382
v  -6.5313 -1.2991 1.9699
v  -6.5885 -1.3105 1.8803
v  -6.7309 -1.3388 0.1566
v  -6.7384 -1.3403 0.0902
v  -6.7899 -1.3506 0.0101
v  -6.8682 -1.3662 -0.0425
v  -6.9678 -1.3853 -0.0598
v  -7.9351 -1.5784 -0.0591
v  -7.9030 -1.5720 -0.0000
v  -0.8698 -0.1676 -2.7362
v  -1.0499 -0.4312 -2.7358
v  -1.1020 -0.4528 -2.7237
v  -1.1497 -0.4726 -2.6886
v  -1.1812 -0.4856 -2.6359
v  -1.1911 -0.4897 -2.5893
v  -1.2688 -0.5255 -1.3419
v  -1.2783 -0.5294 -1.2724
v  -1.3313 -0.5510 -1.1867
v  -1.4426 -0.5975 -1.1262
v  -2.0677 -0.8564 -0.9503
v  -2.7191 -1.1263 -0.6930
v  -3.9281 -1.6271 0.0165
v  -4.9920 -2.0677 0.9476
v  -5.8816 -2.4362 1.9947
v  -5.9791 -2.4766 2.0579
v  -6.0812 -2.5189 2.0385
v  -6.1527 -2.5485 1.9702
v  -6.1881 -2.5631 1.8745
v  -6.3404 -2.6263 0.1566
v  -6.3474 -2.6292 0.0902
v  -6.3959 -2.6493 0.0101
v  -6.4697 -2.6798 -0.0425
v  -6.5634 -2.7170 -0.0591
v  -7.4747 -3.0961 -0.0591
v  -7.4445 -3.0836 -0.0000
v  -0.8204 -0.3341 -2.7362
v  -0.9456 -0.6278 -2.7359
v  -0.9926 -0.6592 -2.7239
v  -1.0357 -0.6880 -2.6889
v  -1.0642 -0.7070 -2.6361
v  -1.0733 -0.7131 -2.5894
v  -1.1411 -0.7612 -1.3396
v  -1.1537 -0.7698 -1.2737
v  -1.2041 -0.7961 -1.1875
v  -1.2983 -0.8675 -1.1262
v  -1.8611 -1.2435 -0.9511
v  -2.4474 -1.6353 -0.6936
v  -3.5358 -2.3625 0.0154
v  -4.4938 -3.0026 0.9463
v  -5.2970 -3.5393 1.9890
v  -5.3811 -3.5955 2.0576
v  -5.4734 -3.6572 2.0399
v  -5.5391 -3.7011 1.9719
v  -5.5700 -3.7216 1.8750
v  -5.7062 -3.8128 0.1566
v  -5.7125 -3.8170 0.0902
v  -5.7562 -3.8461 0.0101
v  -5.8226 -3.8905 -0.0425
v  -5.9081 -3.9467 -0.0593
v  -6.7271 -4.4949 -0.0591
v  -6.6998 -4.4767 -0.0000
v  -0.7395 -0.4877 -2.7362
v  -0.8050 -0.8002 -2.7362
v  -0.8453 -0.8405 -2.7252
v  -0.8825 -0.8777 -2.6901
v  -0.9066 -0.9018 -2.6366
v  -0.9139 -0.9092 -2.5895
v  -1.5828 -1.5827 -0.9514
v  -2.0817 -2.0817 -0.6948
v  -3.0080 -3.0080 0.0132
v  -3.8235 -3.8235 0.9434
v  -4.5012 -4.5011 1.9955
v  -4.5764 -4.5763 2.0572
v  -4.6552 -4.6551 2.0419
v  -4.7125 -4.7125 1.9740
v  -4.7422 -4.7422 1.8773
v  -4.8528 -4.8527 0.1566
v  -4.8581 -4.8581 0.0902
v  -4.8952 -4.8952 0.0101
v  -4.9517 -4.9517 -0.0425
v  -5.0257 -5.0236 -0.0593
v  -5.7209 -5.7209 -0.0591
v  -5.6978 -5.6977 -0.0000
v  -0.6301 -0.6226 -2.7362
v  -0.6334 -0.9419 -2.7362
v  -0.6651 -0.9893 -2.7252
v  -0.6943 -1.0330 -2.6901
v  -0.7134 -1.0617 -2.6367
v  -0.7187 -1.0695 -2.5894
v  -1.2836 -1.8579 -0.9403
v  -1.6353 -2.4473 -0.6936
v  -2.3662 -3.5414 0.0208
v  -3.0027 -4.4938 0.9462
v  -3.5378 -5.2946 1.9925
v  -3.5959 -5.3816 2.0569
v  -3.6577 -5.4741 2.0434
v  -3.7038 -5.5430 1.9756
v  -3.7324 -5.5859 1.8805
v  -3.8128 -5.7062 0.1566
v  -3.8170 -5.7125 0.0902
v  -3.8462 -5.7562 0.0101
v  -3.8906 -5.8226 -0.0425
v  -3.9496 -5.9059 -0.0598
v  -4.4949 -6.7270 -0.0591
v  -4.4767 -6.6998 -0.0000
v  -0.4966 -0.7336 -2.7362
v  -0.4375 -1.0473 -2.7362
v  -0.4593 -1.1000 -2.7252
v  -0.4794 -1.1486 -2.6901
v  -0.4926 -1.1804 -2.6367
v  -0.4962 -1.1891 -2.5894
v  -1.3648 -2.7120 -0.6488
v  -1.7206 -3.9621 0.0758
v  -2.0678 -4.9920 0.9477
v  -2.4365 -5.8822 1.9938
v  -2.4908 -5.9799 2.0571
v  -2.5387 -6.0863 2.0407
v  -2.5834 -6.1557 1.9718
v  -2.5964 -6.1842 1.8656
v  -2.6263 -6.3404 0.1566
v  -2.6292 -6.3474 0.0902
v  -2.6493 -6.3959 0.0101
v  -2.6799 -6.4697 -0.0425
v  -2.7154 -6.5654 -0.0593
v  -3.0961 -7.4747 -0.0591
v  -3.0836 -7.4444 -0.0000
v  -0.3439 -0.8163 -2.7362
v  -0.2248 -1.1126 -2.7362
v  -0.2359 -1.1685 -2.7252
v  -0.2461 -1.2200 -2.6901
v  -0.2529 -1.2539 -2.6367
v  -0.2547 -1.2631 -2.5894
v  -1.6417 -5.1975 0.9971
v  -1.7666 -6.1212 1.9872
v  -1.7863 -6.2036 2.0477
v  -1.8168 -6.3068 2.0558
v  -1.8535 -6.3969 2.0052
v  -1.8903 -6.4486 1.8778
v  -1.5535 -6.6020 0.1377
v  -1.5215 -6.6678 0.0067
v  -1.4948 -6.7291 -0.0376
v  -1.4729 -6.8307 -0.0590
v  -1.4405 -6.9891 -0.0591
v  -1.5784 -7.9351 -0.0591
v  -1.5720 -7.9030 -0.0000
v  -0.1780 -0.8677 -2.7362
v  -0.0034 -1.1350 -2.7362
v  -0.0034 -1.1921 -2.7252
v  -0.0034 -1.2446 -2.6901
v  -0.0034 -1.2791 -2.6367
v  -0.0034 -1.2885 -2.5894
v  -0.0000 -8.0906 -0.0591
v  -0.0000 -8.0578 -0.0000
v  -0.0053 -0.8858 -2.7362
v  0.2181 -1.1139 -2.7362
v  0.2292 -1.1698 -2.7252
v  0.2395 -1.2213 -2.6901
v  0.2462 -1.2552 -2.6367
v  0.2481 -1.2644 -2.5894
v  1.5082 -3.9063 -0.0247
v  1.6476 -5.1598 0.9630
v  1.7652 -6.1149 1.9802
v  1.7946 -6.2436 2.0579
v  1.8191 -6.3202 2.0527
v  1.8542 -6.4019 1.9998
v  1.8940 -6.4473 1.8804
v  1.5162 -6.5887 0.0789
v  1.5245 -6.6587 0.0156
v  1.4925 -6.7389 -0.0408
v  1.4729 -6.8294 -0.0590
v  1.4479 -6.9659 -0.0591
v  1.5784 -7.9351 -0.0591
v  1.5720 -7.9030 -0.0000
v  0.1676 -0.8698 -2.7362
v  0.4312 -1.0499 -2.7362
v  0.4531 -1.1026 -2.7252
v  0.4732 -1.1512 -2.6901
v  0.4864 -1.1830 -2.6367
v  0.4900 -1.1917 -2.5894
v  1.5327 -2.5346 -0.6828
v  1.7324 -3.8138 -0.0134
v  2.1397 -5.0356 1.0238
v  2.4367 -5.8830 1.9927
v  2.4766 -5.9792 2.0579
v  2.5188 -6.0814 2.0385
v  2.5483 -6.1529 1.9701
v  2.5684 -6.2011 1.8788
v  2.6284 -6.3453 0.1570
v  2.6353 -6.3400 0.0684
v  2.6500 -6.3977 0.0123
v  2.6804 -6.4710 -0.0391
v  2.7211 -6.5648 -0.0593
v  3.0961 -7.4747 -0.0591
v  3.0836 -7.4445 -0.0000
v  0.3341 -0.8204 -2.7362
v  0.6278 -0.9456 -2.7362
v  0.6595 -0.9930 -2.7252
v  0.6887 -1.0367 -2.6901
v  0.7078 -1.0654 -2.6367
v  0.7131 -1.0733 -2.5894
v  1.5600 -1.7119 -0.9196
v  1.8907 -2.3771 -0.6357
v  2.3625 -3.5358 0.0154
v  3.0027 -4.4937 0.9463
v  3.5398 -5.2977 1.9877
v  3.5956 -5.3811 2.0576
v  3.6572 -5.4734 2.0399
v  3.7011 -5.5391 1.9719
v  3.7264 -5.5770 1.8775
v  3.8080 -5.6990 0.1561
v  3.8111 -5.7038 0.0863
v  3.8472 -5.7577 0.0120
v  3.8912 -5.8236 -0.0394
v  3.9468 -5.9063 -0.0591
v  4.4949 -6.7271 -0.0591
v  4.4767 -6.6998 -0.0000
v  0.4877 -0.7395 -2.7362
v  0.8002 -0.8050 -2.7362
v  0.8405 -0.8453 -2.7252
v  0.8777 -0.8825 -2.6901
v  0.9021 -0.9069 -2.6367
v  0.9087 -0.9135 -2.5894
v  1.1925 -1.0082 -1.1261
v  1.7351 -1.5088 -0.9252
v  2.2271 -2.0292 -0.6515
v  3.0080 -3.0080 0.0132
v  3.8235 -3.8235 0.9434
v  4.4988 -4.4988 1.9995
v  4.5765 -4.5765 2.0572
v  4.6550 -4.6550 2.0420
v  4.7125 -4.7125 1.9740
v  4.7468 -4.7468 1.8790
v  4.8521 -4.8521 0.1565
v  4.8532 -4.8532 0.0877
v  4.8926 -4.8926 0.0064
v  4.9511 -4.9511 -0.0447
v  5.0238 -5.0252 -0.0591
v  5.7209 -5.7209 -0.0591
v  5.6977 -5.6978 -0.0000
v  0.6226 -0.6301 -2.7362
v  0.9419 -0.6334 -2.7362
v  0.9893 -0.6651 -2.7252
v  1.0330 -0.6943 -2.6901
v  1.0617 -0.7134 -2.6367
v  1.0695 -0.7187 -2.5894
v  1.1410 -0.7619 -1.3378
v  1.1571 -0.7693 -1.2642
v  1.1969 -0.7999 -1.1898
v  1.2983 -0.8675 -1.1262
v  1.8635 -1.2328 -0.9521
v  2.5023 -1.6408 -0.6685
v  3.5358 -2.3626 0.0154
v  4.4938 -3.0027 0.9462
v  5.2976 -3.5398 1.9879
v  5.3816 -3.5959 2.0569
v  5.4759 -3.6589 2.0493
v  5.5448 -3.7049 1.9772
v  5.5854 -3.7321 1.8803
v  5.7030 -3.8106 0.1563
v  5.7091 -3.8148 0.0887
v  5.7543 -3.8450 0.0079
v  5.8222 -3.8903 -0.0438
v  5.9034 -3.9445 -0.0588
v  6.7270 -4.4949 -0.0591
v  6.6998 -4.4767 -0.0000
v  0.7336 -0.4966 -2.7362
v  1.0473 -0.4375 -2.7362
v  1.1000 -0.4593 -2.7252
v  1.1486 -0.4794 -2.6901
v  1.1804 -0.4926 -2.6367
v  1.1891 -0.4962 -2.5894
v  1.2693 -0.5258 -1.3391
v  1.2802 -0.5303 -1.2733
v  1.3257 -0.5491 -1.1953
v  1.4426 -0.5976 -1.1262
v  2.0676 -0.8565 -0.9503
v  2.7191 -1.1263 -0.6930
v  3.9281 -1.6271 0.0165
v  4.9920 -2.0678 0.9476
v  5.8865 -2.4383 1.9877
v  5.9828 -2.4782 2.0436
v  6.0846 -2.5204 2.0496
v  6.1610 -2.5520 1.9772
v  6.2062 -2.5707 1.8803
v  6.3404 -2.6263 0.1566
v  6.3474 -2.6292 0.0902
v  6.3959 -2.6493 0.0101
v  6.4697 -2.6799 -0.0425
v  6.5635 -2.7213 -0.0588
v  7.4747 -3.0961 -0.0591
v  7.4444 -3.0836 -0.0000
v  0.8163 -0.3439 -2.7362
v  1.1126 -0.2247 -2.7362
v  1.1685 -0.2359 -2.7252
v  1.2200 -0.2461 -2.6901
v  1.2539 -0.2529 -2.6367
v  1.2631 -0.2547 -2.5894
v  1.3447 -0.2675 -1.3417
v  1.3583 -0.2702 -1.2729
v  1.4069 -0.2799 -1.1948
v  1.5313 -0.3046 -1.1258
v  2.1951 -0.4366 -0.9505
v  2.8867 -0.5742 -0.6933
v  4.1704 -0.8296 0.0159
v  5.3002 -1.0543 0.9469
v  6.2454 -1.2423 1.9927
v  6.3476 -1.2626 2.0572
v  6.4568 -1.2844 2.0416
v  6.5361 -1.3001 1.9737
v  6.5884 -1.3105 1.8803
v  6.7309 -1.3389 0.1566
v  6.7384 -1.3404 0.0902
v  6.7899 -1.3506 0.0101
v  6.8682 -1.3662 -0.0425
v  6.9678 -1.3858 -0.0593
v  7.9351 -1.5784 -0.0591
v  7.9030 -1.5720 -0.0000
v  1.2515 -7.3834 -0.0591
v  -1.2513 -7.3842 -0.0593
v  -1.3662 -7.2387 -0.0591
v  1.3630 -7.2490 -0.0591
v  6.7847 -0.0000 1.0289
v  6.6563 1.3240 1.0291
v  6.2677 2.5961 1.0289
v  5.6388 3.7677 1.0287
v  4.8036 4.8036 1.0297
v  3.7917 5.6746 1.0323
v  2.5957 6.2666 1.0288
v  1.3347 6.7098 1.0337
v  0.0000 6.8412 1.0337
v  -1.3346 6.7098 1.0337
v  -2.5944 6.2636 1.0285
v  -3.7720 5.6452 1.0293
v  -4.7951 4.7951 1.0286
v  -5.6757 3.7924 1.0325
v  -6.3205 2.6180 1.0337
v  -6.7098 1.3347 1.0337
v  -6.7945 0.0000 1.0298
v  -6.6487 -1.3225 1.0284
v  -6.3205 -2.6180 1.0337
v  -5.6324 -3.7635 1.0280
v  -4.7937 -4.7937 1.0285
v  -3.7728 -5.6460 1.0294
v  -2.6132 -6.2628 1.0172
v  -1.8238 -6.5372 1.1077
v  2.5986 -6.2743 1.0296
v  3.7686 -5.6401 1.0288
v  4.7972 -4.7973 1.0289
v  5.6879 -3.8005 1.0337
v  6.3138 -2.6153 1.0331
v  6.6567 -1.3241 1.0291
v  -1.7398 -6.6469 0.1565
v  -1.7424 -6.6646 0.0871
v  -1.7540 -6.7127 0.0123
v  -1.7701 -6.7708 -0.0319
v  -1.7981 -6.8766 -0.0591
v  -1.5105 -3.9887 0.0287
v  1.3633 -2.6069 -0.6900
v  1.4039 -1.7790 -0.9360
v  1.2781 -1.7941 -0.9602
v  1.2207 -1.2726 -1.0789
v  1.1275 -0.9113 -1.1838
v  1.0999 -0.8616 -1.2547
v  1.3133 -0.0024 -2.2151
v  1.2892 0.2540 -2.2152
v  1.2141 0.5003 -2.2151
v  1.0936 0.7278 -2.2151
v  0.9304 0.9271 -2.2151
v  0.7318 1.0910 -2.2151
v  0.5048 1.2125 -2.2151
v  0.2585 1.2875 -2.2151
v  0.0024 1.3142 -2.2152
v  -0.2539 1.2884 -2.2151
v  -0.5002 1.2139 -2.2151
v  -0.7279 1.0936 -2.2151
v  -0.9274 0.9308 -2.2152
v  -1.0906 0.7316 -2.2151
v  -1.2123 0.5047 -2.2151
v  -1.2883 0.2587 -2.2152
v  -1.3133 0.0024 -2.2151
v  -1.2893 -0.2540 -2.2151
v  -1.2143 -0.5004 -2.2151
v  -1.0940 -0.7280 -2.2151
v  1.0909 -0.7316 -2.2139
v  1.2132 -0.5051 -2.2143
v  1.2876 -0.2585 -2.2151
v  1.0246 -0.8252 -2.2041
v  0.2552 -1.2681 -2.4863
v  -0.7205 -1.0779 -2.4870
v  -0.8978 -0.9421 -2.4149
v  -0.9682 -0.8785 -2.3230
v  -1.0964 -0.8296 -1.3425
v  -1.0243 -0.8260 -2.2026
v  1.7399 -6.6467 0.1563
v  1.7449 -6.6748 0.0650
v  1.7552 -6.7222 0.0018
v  1.7736 -6.7810 -0.0371
v  1.8055 -6.8789 -0.0603
v  -1.6187 -6.8916 -0.0591
v  -1.6257 -6.8130 -0.0484
v  -1.6320 -6.7296 -0.0025
v  -1.6296 -6.6798 0.0540
v  -1.6411 -6.6482 0.1478
v  1.6242 -6.6450 0.1407
v  1.6205 -6.6667 0.0379
v  1.6234 -6.7380 -0.0105
v  1.6200 -6.8040 -0.0454
v  1.6153 -6.8862 -0.0588
v  -1.7216 -6.5334 1.1346
v  -1.6371 -6.4788 1.1643
v  -1.7340 -6.2441 2.0409
v  -1.7541 -6.3170 2.0434
v  -1.7698 -6.3802 2.0147
v  -1.7825 -6.4437 1.9006
v  -1.6722 -6.2300 1.9852
v  -1.6865 -6.2644 2.0060
v  -1.6952 -6.3153 2.0021
v  -1.7059 -6.3528 1.9905
v  -1.7015 -6.3924 1.9130
v  -1.6499 -6.2871 1.9209
v  -1.6636 -6.3351 1.9200
v  -1.5937 -6.4211 1.1325
v  -1.5093 -6.5361 0.1480
v  -1.4808 -6.6272 -0.0042
v  -1.4498 -6.7194 -0.0541
v  -1.4336 -6.8258 -0.0660
v  -1.4938 -6.4618 0.1573
v  -1.4629 -6.5995 -0.0316
v  -1.4268 -6.6927 -0.0750
v  -1.3985 -6.8192 -0.0863
v  -1.2158 -1.8522 -0.9677
v  -1.2964 -2.7311 -0.6791
v  -1.5955 -5.1998 0.9660
v  -1.7039 -6.1453 1.9695
v  -1.7142 -6.2147 2.0238
v  -1.4589 -3.9860 -0.0010
v  -1.0762 -1.0358 -1.2092
v  -1.1709 -1.8447 -1.0203
v  -1.2619 -2.7461 -0.7239
v  -1.5631 -5.1949 0.9198
v  -1.6635 -6.1830 1.9414
v  -1.4103 -3.9621 -0.0710
v  -1.6465 -6.2567 1.9210
v  -1.0605 -1.0410 -1.2648
v  -1.1440 -1.8382 -1.1015
v  -1.2433 -2.7555 -0.7897
v  -1.5277 -5.1918 0.8159
v  -1.6456 -6.2386 1.9129
v  -1.3783 -3.9751 -0.1611
v  -1.0979 -0.8577 -1.2644
v  -1.1275 -0.9120 -1.1835
v  -1.0747 -0.9419 -1.2308
v  -1.1143 -0.9572 -1.1749
v  -1.1925 -1.0075 -1.1263
v  -1.1147 -1.0225 -1.1612
v  -1.0591 -0.9139 -1.3078
v  -0.9830 -0.9035 -2.2034
v  -0.9756 -0.9949 -2.1828
v  -1.0547 -0.9924 -1.2861
v  -1.0747 -0.9902 -1.2185
v  -1.1147 -0.9951 -1.1655
v  -1.0660 -1.8555 -2.0204
v  -1.1778 -2.9314 -1.6777
v  -1.3019 -4.1077 -1.1182
v  -1.4297 -5.2714 -0.2965
v  -1.5726 -6.3529 1.0749
v  -1.4642 -5.7810 -0.0713
v  -1.4534 -5.5636 -0.1274
v  -1.5452 -6.6249 0.0704
v  -1.5045 -6.5759 0.0716
v  -1.4004 -6.9856 -0.0663
v  -1.3746 -6.9868 -0.0769
v  -1.3476 -7.2276 -0.0612
v  -1.3260 -7.2200 -0.0671
v  -1.3104 -7.3184 -0.0599
v  -1.3201 -7.3285 -0.0591
v  -1.2972 -7.3045 -0.0632
v  -1.2500 -7.3771 -0.0598
v  -0.9470 -0.9245 -2.3008
v  -0.8871 -0.9739 -2.3728
v  -0.9415 -1.0113 -2.2850
v  -0.8997 -1.0237 -2.3366
v  -0.7317 -1.0952 -2.4292
v  -0.7749 -1.1577 -2.3788
v  -1.0300 -1.8698 -2.1111
v  -0.9631 -1.8921 -2.1788
v  -0.8548 -1.9238 -2.2251
v  -1.1447 -2.9562 -1.7650
v  -1.0807 -2.9832 -1.8294
v  -0.9668 -3.0192 -1.8764
v  -1.2733 -4.1367 -1.1924
v  -1.1992 -4.1916 -1.2564
v  -1.0938 -4.2439 -1.2825
v  -1.4030 -5.3377 -0.3703
v  -1.3360 -5.3935 -0.4288
v  -1.2269 -5.4296 -0.4574
v  -1.4111 -5.5773 -0.2504
v  -1.3347 -5.6115 -0.3137
v  -1.2346 -5.6317 -0.3380
v  -1.4193 -5.8042 -0.1898
v  -1.3363 -5.8165 -0.2585
v  -1.2349 -5.8247 -0.2844
v  -1.4134 -6.5883 -0.1033
v  -1.3866 -6.6977 -0.1099
v  -1.3616 -6.8184 -0.1077
v  -1.3254 -6.9880 -0.1000
v  -1.2898 -7.2215 -0.0767
v  -1.3340 -6.5894 -0.1532
v  -1.3177 -6.6952 -0.1442
v  -1.3100 -6.8244 -0.1283
v  -1.2825 -6.9890 -0.1112
v  -1.2690 -7.2251 -0.0791
v  -1.2467 -6.6085 -0.1705
v  -1.2474 -6.6993 -0.1573
v  -1.2500 -6.8300 -0.1382
v  -1.2451 -6.5378 -0.1807
v  -1.2548 -6.9965 -0.1138
v  -1.2523 -7.2261 -0.0807
v  -1.2484 -7.3666 -0.0607
v  -1.4828 -6.5247 0.0353
v  -1.4267 -6.5138 -0.0965
v  -1.3354 -6.5155 -0.1631
v  0.0050 -1.3282 -2.4102
v  0.0051 -2.1149 -2.2164
v  0.0018 -3.1531 -1.8873
v  0.0129 -4.3881 -1.2751
v  -0.0105 -5.7309 -0.3488
v  -0.0136 -5.9473 -0.2854
v  0.0032 -6.6547 -0.1754
v  0.0033 -6.7423 -0.1626
v  0.0028 -6.8543 -0.1463
v  0.0019 -6.5779 -0.1867
v  0.0017 -7.0155 -0.1228
v  -0.0082 -7.2393 -0.0861
v  1.0942 -1.0283 -1.1826
v  1.0773 -0.9441 -1.2236
v  1.0773 -0.8770 -1.2854
v  1.0608 -1.0430 -1.2666
v  1.0546 -0.9934 -1.2844
v  1.0652 -0.8906 -1.3151
v  1.0956 -0.8295 -1.3416
v  1.1962 -1.8132 -0.9932
v  1.1343 -1.2810 -1.1175
v  1.1443 -1.8276 -1.0959
v  1.0864 -1.2891 -1.2229
v  1.4140 -3.9448 -0.0740
v  1.5760 -5.1907 0.9345
v  1.2838 -2.6473 -0.7179
v  1.3757 -3.9361 -0.1823
v  1.5226 -5.2111 0.8079
v  1.2323 -2.6461 -0.8347
v  1.6931 -6.1536 1.9646
v  1.7263 -6.2758 2.0384
v  1.7435 -6.3337 2.0320
v  1.7627 -6.3998 1.9898
v  1.7621 -6.4352 1.9122
v  1.6447 -6.2540 1.9098
v  1.6710 -6.3501 1.9215
v  1.8174 -6.5454 1.0372
v  1.6885 -6.5315 1.0740
v  1.5677 -6.3625 1.0130
v  1.6050 -6.4580 1.0760
v  1.4824 -6.5131 0.0331
v  1.4568 -6.6128 -0.0429
v  1.4202 -6.7178 -0.0799
v  1.3966 -6.8166 -0.0879
v  1.3801 -6.9602 -0.0789
v  1.3178 -7.2483 -0.0661
v  1.3129 -7.3395 -0.0591
v  1.2868 -7.3239 -0.0625
v  1.2479 -7.3664 -0.0604
v  1.4296 -5.2729 -0.2981
v  1.4647 -5.7864 -0.0674
v  1.4537 -5.5714 -0.1221
v  1.3977 -5.8094 -0.2143
v  1.3894 -5.6040 -0.2714
v  1.2283 -5.4266 -0.4592
v  1.2390 -5.8212 -0.2844
v  1.2361 -5.6088 -0.3470
v  0.0006 -1.2963 -2.4888
v  1.2505 -6.5259 -0.1819
v  1.2532 -6.6120 -0.1692
v  1.2537 -6.7005 -0.1564
v  1.2528 -6.7997 -0.1422
v  1.2511 -6.9631 -0.1187
v  1.2480 -7.2466 -0.0778
v  1.2483 -7.3219 -0.0668
v  1.2634 -7.3228 -0.0658
v  1.2756 -7.2475 -0.0751
v  1.3035 -6.9629 -0.1104
v  1.3121 -6.8073 -0.1299
v  1.3249 -6.7078 -0.1399
v  1.3482 -6.6101 -0.1440
v  1.3753 -6.5121 -0.1424
v  -0.0008 -7.4871 -0.0593
v  0.9756 -0.9943 -2.1827
v  0.9854 -0.8991 -2.2011
v  0.9690 -0.8777 -2.3232
v  0.9453 -1.0108 -2.2786
v  0.9481 -0.9377 -2.2859
v  0.8971 -0.9427 -2.4156
v  0.9004 -1.0241 -2.3358
v  0.8879 -0.9802 -2.3658
v  0.7199 -1.0780 -2.4883
v  0.7747 -1.1595 -2.3785
v  0.7325 -1.0931 -2.4297
v  0.9825 -1.0659 -2.1719
v  1.0164 -1.4030 -2.1143
v  1.0825 -2.0230 -1.9858
v  1.1718 -2.8606 -1.7083
v  1.2966 -4.0364 -1.1562
v  1.3594 -5.3759 -0.4153
v  0.9459 -1.1013 -2.2747
v  0.9573 -1.4741 -2.2324
v  1.0000 -2.0884 -2.1243
v  1.0718 -2.8982 -1.8601
v  1.1879 -4.1154 -1.2994
v  0.7812 -1.2269 -2.3658
v  0.8149 -1.5453 -2.3051
v  0.8753 -2.1341 -2.1707
v  0.9556 -2.9417 -1.9074
v  1.0883 -4.1570 -1.3356
v  0.0011 -1.3940 -2.3785
v  0.0168 -5.5534 -0.4676
v  0.8277 -0.1698 -2.7362
v  0.8449 -0.0051 -2.7362
v  0.8297 0.1599 -2.7362
v  0.7826 0.3186 -2.7362
v  0.7054 0.4652 -2.7362
v  0.6011 0.5939 -2.7362
v  0.4737 0.6997 -2.7362
v  0.3280 0.7787 -2.7362
v  0.1698 0.8277 -2.7362
v  0.0051 0.8449 -2.7362
v  -0.1599 0.8297 -2.7362
v  -0.3186 0.7826 -2.7362
v  -0.4652 0.7054 -2.7362
v  -0.5939 0.6011 -2.7362
v  -0.6997 0.4737 -2.7362
v  -0.7787 0.3280 -2.7362
v  -0.8277 0.1698 -2.7362
v  -0.8449 0.0051 -2.7362
v  -0.8297 -0.1598 -2.7362
v  -0.7826 -0.3186 -2.7362
v  -0.7054 -0.4652 -2.7362
v  -0.6011 -0.5939 -2.7362
v  -0.4736 -0.6997 -2.7362
v  -0.3280 -0.7787 -2.7362
v  -0.1698 -0.8277 -2.7362
v  -0.0051 -0.8449 -2.7362
v  0.1599 -0.8297 -2.7362
v  0.3186 -0.7826 -2.7362
v  0.4652 -0.7054 -2.7362
v  0.5939 -0.6011 -2.7362
v  0.6997 -0.4736 -2.7362
v  0.7787 -0.3280 -2.7362
v  0.0000 0.0000 -2.7362
v  0.4882 -1.1975 -2.4862
v  0.5054 -1.2185 -2.4198
v  0.5809 -1.2673 -2.3783
v  0.6315 -1.3248 -2.3635
v  0.2790 -1.2847 -2.4264
v  0.3306 -1.3554 -2.3777
v  0.4238 -1.3923 -2.3671
v  -0.2659 -1.2656 -2.4860
v  -0.2781 -1.2836 -2.4261
v  -0.2770 -1.3663 -2.3780
v  -0.4950 -1.1947 -2.4874
v  -0.5068 -1.2262 -2.4124
v  -0.5251 -1.2923 -2.3778
v  8.0501 -0.0000 -0.0591
v  7.1404 -0.0000 -0.0591
v  7.0118 1.3971 -0.0593
v  7.8958 1.5706 -0.0591
v  6.6053 2.7342 -0.0597
v  7.4377 3.0807 -0.0591
v  5.9402 3.9706 -0.0593
v  6.6936 4.4725 -0.0591
v  5.0580 5.0463 -0.0593
v  5.6927 5.6921 -0.0591
v  3.9682 5.9419 -0.0593
v  4.4725 6.6936 -0.0591
v  2.7363 6.6017 -0.0593
v  3.0808 7.4375 -0.0591
v  1.3944 7.0073 -0.0597
v  1.5706 7.8956 -0.0591
v  -0.0025 7.1472 -0.0607
v  -0.0001 8.0504 -0.0591
v  -1.3930 7.0032 -0.0591
v  -1.5705 7.8954 -0.0591
v  -2.7329 6.6041 -0.0588
v  -3.0806 7.4376 -0.0590
v  -3.9654 5.9423 -0.0593
v  -4.4723 6.6937 -0.0591
v  -5.0490 5.0490 -0.0591
v  -5.6923 5.6923 -0.0591
v  -5.9431 3.9663 -0.0597
v  -6.6937 4.4724 -0.0591
v  -6.6037 2.7343 -0.0593
v  -7.4376 3.0807 -0.0591
v  -7.0078 1.3936 -0.0593
v  -7.8956 1.5705 -0.0591
v  -7.1462 -0.0006 -0.0593
v  -8.0503 -0.0000 -0.0591
v  -7.0073 -1.3931 -0.0597
v  -7.8956 -1.5705 -0.0591
v  -6.6006 -2.7325 -0.0591
v  -7.4375 -3.0806 -0.0591
v  -5.9416 -3.9690 -0.0593
v  -6.6936 -4.4725 -0.0591
v  -5.0541 -5.0520 -0.0593
v  -5.6925 -5.6924 -0.0591
v  -3.9719 -5.9394 -0.0597
v  -4.4726 -6.6935 -0.0591
v  -2.7309 -6.6026 -0.0593
v  -3.0806 -7.4376 -0.0591
v  2.7364 -6.6020 -0.0593
v  3.0808 -7.4375 -0.0591
v  3.9692 -5.9398 -0.0591
v  4.4725 -6.6935 -0.0591
v  5.0523 -5.0536 -0.0591
v  5.6924 -5.6925 -0.0591
v  5.9370 -3.9670 -0.0588
v  6.6934 -4.4724 -0.0590
v  6.6007 -2.7366 -0.0588
v  7.4375 -3.0808 -0.0590
v  7.0073 -1.3937 -0.0593
v  7.8956 -1.5705 -0.0591
v  -1.7891 -6.9198 -0.0591
v  -1.5706 -7.8954 -0.0591
v  1.7962 -6.9220 -0.0602
v  8.0830 -0.0000 -0.0347
v  7.9277 1.5769 -0.0347
v  7.4677 3.0932 -0.0347
v  6.7208 4.4906 -0.0347
v  5.7155 5.7155 -0.0347
v  4.4907 6.7207 -0.0347
v  3.0932 7.4677 -0.0347
v  1.5769 7.9276 -0.0347
v  0.0000 8.0830 -0.0347
v  -1.5769 7.9276 -0.0347
v  -3.0932 7.4677 -0.0347
v  -4.4907 6.7207 -0.0347
v  -5.7155 5.7155 -0.0347
v  -6.7207 4.4907 -0.0347
v  -7.4677 3.0932 -0.0347
v  -7.9276 1.5769 -0.0347
v  -8.0830 0.0000 -0.0347
v  -7.9276 -1.5769 -0.0347
v  -7.4677 -3.0932 -0.0347
v  -6.7207 -4.4906 -0.0347
v  -5.7155 -5.7155 -0.0347
v  -4.4907 -6.7207 -0.0347
v  -3.0933 -7.4677 -0.0347
v  -1.5745 -7.9152 -0.0347
v  -0.0000 -8.0830 -0.0347
v  1.5744 -7.9152 -0.0347
v  3.0932 -7.4677 -0.0347
v  4.4906 -6.7207 -0.0347
v  5.7155 -5.7155 -0.0347
v  6.7207 -4.4907 -0.0347
v  7.4677 -3.0932 -0.0347
v  7.9276 -1.5769 -0.0347
v  -0.0001 -8.0141 -0.0591
v  1.5700 -7.8933 -0.0591
v  -0.1350 0.6514 -0.7036
v  -0.2579 0.6128 -0.7025
v  -0.3725 0.5522 -0.7027
v  -0.4725 0.4700 -0.7027
v  -0.5543 0.3696 -0.7027
v  -0.6151 0.2568 -0.7021
v  -0.6530 0.1299 -0.7026
v  -0.6663 0.0029 -0.7027
v  -0.6540 -0.1261 -0.7026
v  -0.6170 -0.2505 -0.7026
v  -0.5571 -0.3658 -0.7026
v  -0.4752 -0.4669 -0.7025
v  -0.3784 -0.5492 -0.7019
v  -0.2588 -0.6122 -0.7041
v  -0.1370 -0.6522 -0.7026
v  -0.1344 0.6516 -0.6210
v  -0.2582 0.6131 -0.6208
v  -0.3725 0.5522 -0.6207
v  -0.4725 0.4700 -0.6207
v  -0.5543 0.3697 -0.6206
v  -0.6147 0.2552 -0.6206
v  -0.6525 0.1316 -0.6207
v  -0.6663 0.0029 -0.6207
v  -0.6540 -0.1261 -0.6210
v  -0.6171 -0.2505 -0.6212
v  -0.5571 -0.3658 -0.6213
v  -0.4752 -0.4669 -0.6214
v  -0.3750 -0.5503 -0.6217
v  -0.2601 -0.6120 -0.6219
v  -0.1355 -0.6513 -0.6221
v  -0.1372 0.6655 -0.6095
v  -0.2639 0.6269 -0.6095
v  -0.3810 0.5650 -0.6095
v  -0.4837 0.4812 -0.6095
v  -0.5675 0.3785 -0.6095
v  -0.6294 0.2613 -0.6095
v  -0.6680 0.1347 -0.6095
v  -0.6817 0.0029 -0.6095
v  -0.6679 -0.1289 -0.6095
v  -0.6293 -0.2556 -0.6095
v  -0.5675 -0.3727 -0.6095
v  -0.4836 -0.4753 -0.6095
v  -0.3810 -0.5592 -0.6095
v  -0.2638 -0.6210 -0.6096
v  -0.1372 -0.6596 -0.6097
v  -0.1529 0.7443 -0.6088
v  -0.2946 0.7011 -0.6084
v  -0.4256 0.6317 -0.6078
v  -0.5404 0.5379 -0.6075
v  -0.6342 0.4230 -0.6074
v  -0.7035 0.2920 -0.6078
v  -0.7466 0.1503 -0.6079
v  -0.7620 0.0029 -0.6078
v  -0.7467 -0.1446 -0.6086
v  -0.7036 -0.2863 -0.6090
v  -0.6344 -0.4174 -0.6091
v  -0.5405 -0.5323 -0.6092
v  -0.4257 -0.6261 -0.6094
v  -0.2946 -0.6953 -0.6095
v  -0.1529 -0.7385 -0.6095
v  -0.1540 0.7501 -0.6021
v  -0.2966 0.7059 -0.6021
v  -0.4279 0.6351 -0.6020
v  -0.5431 0.5405 -0.6019
v  -0.6372 0.4251 -0.6019
v  -0.7073 0.2936 -0.6020
v  -0.7507 0.1511 -0.6022
v  -0.7660 0.0029 -0.6020
v  -0.7520 -0.1456 -0.6021
v  -0.7094 -0.2888 -0.6021
v  -0.6400 -0.4212 -0.6021
v  -0.5458 -0.5375 -0.6022
v  -0.4304 -0.6332 -0.6022
v  -0.2986 -0.7049 -0.6023
v  -0.1551 -0.7497 -0.6024
v  -0.1547 0.7536 -0.5886
v  -0.2980 0.7092 -0.5886
v  -0.4299 0.6382 -0.5886
v  -0.5456 0.5431 -0.5886
v  -0.6402 0.4271 -0.5886
v  -0.7106 0.2950 -0.5886
v  -0.7538 0.1517 -0.5886
v  -0.7697 0.0029 -0.5886
v  -0.7556 -0.1464 -0.5886
v  -0.7128 -0.2901 -0.5886
v  -0.6430 -0.4232 -0.5886
v  -0.5483 -0.5401 -0.5886
v  -0.4325 -0.6363 -0.5886
v  -0.3000 -0.7083 -0.5887
v  -0.1557 -0.7527 -0.5886
v  -0.1354 0.6566 -0.6109
v  -0.2603 0.6183 -0.6106
v  -0.3758 0.5572 -0.6104
v  -0.4769 0.4744 -0.6103
v  -0.5595 0.3731 -0.6103
v  -0.6204 0.2576 -0.6102
v  -0.6585 0.1328 -0.6103
v  -0.6722 0.0029 -0.6104
v  -0.6590 -0.1271 -0.6108
v  -0.6212 -0.2522 -0.6112
v  -0.5605 -0.3680 -0.6115
v  -0.4779 -0.4696 -0.6118
v  -0.3768 -0.5529 -0.6123
v  -0.2611 -0.6145 -0.6128
v  -0.1359 -0.6533 -0.6135
v  -0.1512 0.7401 -0.5652
v  -0.2922 0.6963 -0.5644
v  -0.4214 0.6280 -0.5648
v  -0.5350 0.5350 -0.5648
v  -0.6263 0.4216 -0.5643
v  -0.6972 0.2915 -0.5646
v  -0.7400 0.1511 -0.5646
v  -0.7556 0.0026 -0.5648
v  -0.7419 -0.1440 -0.5652
v  -0.7006 -0.2839 -0.5646
v  -0.6329 -0.4130 -0.5646
v  -0.5385 -0.5303 -0.5646
v  -0.4251 -0.6246 -0.5644
v  -0.2946 -0.6952 -0.5644
v  -0.1554 -0.7393 -0.5644
v  -0.1544 0.7519 -0.5832
v  -0.2981 0.7095 -0.5831
v  -0.4299 0.6382 -0.5832
v  -0.5454 0.5429 -0.5833
v  -0.6404 0.4271 -0.5833
v  -0.7105 0.2949 -0.5833
v  -0.7549 0.1523 -0.5834
v  -0.7687 0.0029 -0.5833
v  -0.7540 -0.1460 -0.5832
v  -0.7127 -0.2901 -0.5829
v  -0.6428 -0.4230 -0.5827
v  -0.5484 -0.5401 -0.5826
v  -0.4315 -0.6348 -0.5835
v  -0.2992 -0.7063 -0.5834
v  -0.1559 -0.7535 -0.5818
v  -0.1042 0.4997 -0.5100
v  -0.0551 0.2528 -0.4747
v  -0.1992 0.4708 -0.5101
v  -0.1029 0.2383 -0.4747
v  -0.2868 0.4241 -0.5102
v  -0.1470 0.2148 -0.4747
v  -0.3637 0.3612 -0.5102
v  -0.1857 0.1832 -0.4747
v  -0.4265 0.2843 -0.5102
v  -0.2173 0.1445 -0.4747
v  -0.4732 0.1967 -0.5103
v  -0.2408 0.1004 -0.4747
v  -0.5015 0.1016 -0.5122
v  -0.2552 0.0526 -0.4747
v  -0.5121 0.0029 -0.5100
v  -0.2603 0.0029 -0.4747
v  -0.5021 -0.0959 -0.5101
v  -0.2553 -0.0468 -0.4747
v  -0.4733 -0.1909 -0.5099
v  -0.2408 -0.0946 -0.4747
v  -0.4266 -0.2785 -0.5098
v  -0.2173 -0.1387 -0.4747
v  -0.3637 -0.3555 -0.5097
v  -0.1857 -0.1774 -0.4747
v  -0.2868 -0.4183 -0.5095
v  -0.1470 -0.2090 -0.4747
v  -0.1992 -0.4650 -0.5093
v  -0.1029 -0.2325 -0.4747
v  -0.1042 -0.4937 -0.5091
v  -0.0551 -0.2469 -0.4747
v  -0.1367 0.6624 -0.7128
v  -0.2634 0.6233 -0.7124
v  -0.3783 0.5608 -0.7126
v  -0.4796 0.4775 -0.7126
v  -0.5618 0.3770 -0.7126
v  -0.6246 0.2649 -0.7109
v  -0.6626 0.1345 -0.7126
v  -0.6758 0.0056 -0.7131
v  -0.6650 -0.1260 -0.7119
v  -0.6270 -0.2542 -0.7122
v  -0.5659 -0.3711 -0.7124
v  -0.4828 -0.4745 -0.7125
v  -0.3816 -0.5585 -0.7126
v  -0.2639 -0.6226 -0.7126
v  -0.1394 -0.6620 -0.7126
v  -0.1455 0.7090 -0.7124
v  -0.2793 0.6677 -0.7124
v  -0.4033 0.6011 -0.7124
v  -0.5126 0.5100 -0.7125
v  -0.6015 0.4012 -0.7125
v  -0.6678 0.2778 -0.7126
v  -0.7097 0.1431 -0.7121
v  -0.7236 0.0044 -0.7124
v  -0.7107 -0.1343 -0.7124
v  -0.6702 -0.2720 -0.7126
v  -0.6055 -0.3960 -0.7126
v  -0.5146 -0.5080 -0.7124
v  -0.4082 -0.5970 -0.7126
v  -0.2878 -0.6653 -0.7114
v  -0.1475 -0.7080 -0.7133
v  -0.1467 0.7135 -0.7387
v  -0.2823 0.6714 -0.7385
v  -0.4076 0.6048 -0.7384
v  -0.5172 0.5147 -0.7383
v  -0.6069 0.4048 -0.7383
v  -0.6730 0.2794 -0.7382
v  -0.7144 0.1439 -0.7383
v  -0.7295 0.0029 -0.7384
v  -0.7159 -0.1384 -0.7387
v  -0.6753 -0.2746 -0.7389
v  -0.6095 -0.4008 -0.7391
v  -0.5198 -0.5115 -0.7393
v  -0.4100 -0.6026 -0.7396
v  -0.2841 -0.6699 -0.7398
v  -0.1477 -0.7124 -0.7401
v  -0.1470 0.7161 -0.7232
v  -0.2825 0.6742 -0.7231
v  -0.4080 0.6071 -0.7231
v  -0.5183 0.5157 -0.7232
v  -0.6082 0.4055 -0.7232
v  -0.6749 0.2803 -0.7232
v  -0.7169 0.1444 -0.7229
v  -0.7314 0.0037 -0.7231
v  -0.7181 -0.1370 -0.7233
v  -0.6772 -0.2751 -0.7235
v  -0.6116 -0.4009 -0.7236
v  -0.5205 -0.5133 -0.7235
v  -0.4120 -0.6038 -0.7238
v  -0.2887 -0.6721 -0.7231
v  -0.1486 -0.7151 -0.7244
v  -0.0053 0.6660 -0.7026
v  -0.0053 -0.6660 -0.6223
v  -0.0053 0.6660 -0.6212
v  -0.0053 -0.6734 -0.6099
v  -0.0053 -0.7540 -0.6095
v  -0.0053 0.7598 -0.6089
v  -0.0053 0.7696 -0.5886
v  -0.0053 -0.6676 -0.6141
v  -0.0053 0.6706 -0.6112
v  -0.0053 0.5097 -0.5098
v  -0.0034 0.7231 -0.7128
v  -0.0062 -0.7328 -0.7179
v  -0.0046 -0.6658 -0.7030
v  0.1244 0.6545 -0.6216
v  0.1244 0.6545 -0.7025
v  0.2494 0.6176 -0.6218
v  0.2500 0.6173 -0.7021
v  0.3653 0.5574 -0.6220
v  0.3653 0.5574 -0.7024
v  0.4671 0.4751 -0.6221
v  0.4673 0.4749 -0.7031
v  0.5508 0.3744 -0.6223
v  0.5508 0.3749 -0.7028
v  0.6127 0.2588 -0.6225
v  0.6121 0.2595 -0.7033
v  0.6518 0.1336 -0.6227
v  0.6519 0.1345 -0.7030
v  0.6662 0.0029 -0.6228
v  0.6667 0.0027 -0.7025
v  0.6534 -0.1282 -0.6230
v  0.6538 -0.1270 -0.7026
v  0.6152 -0.2541 -0.6230
v  0.6150 -0.2515 -0.7038
v  0.5536 -0.3705 -0.6230
v  0.5537 -0.3699 -0.7028
v  0.4701 -0.4724 -0.6230
v  0.4701 -0.4724 -0.7022
v  0.3679 -0.5555 -0.6229
v  0.3687 -0.5522 -0.7043
v  0.2514 -0.6166 -0.6228
v  0.2529 -0.6157 -0.7033
v  0.1255 -0.6542 -0.6227
v  0.1255 -0.6536 -0.7026
v  0.1251 0.6578 -0.6121
v  0.2505 0.6202 -0.6126
v  0.3667 0.5594 -0.6131
v  0.4686 0.4766 -0.6135
v  0.5522 0.3753 -0.6141
v  0.6140 0.2593 -0.6146
v  0.6528 0.1338 -0.6152
v  0.6670 0.0029 -0.6157
v  0.6539 -0.1283 -0.6164
v  0.6156 -0.2543 -0.6165
v  0.5541 -0.3708 -0.6165
v  0.4705 -0.4728 -0.6163
v  0.3682 -0.5561 -0.6161
v  0.2517 -0.6173 -0.6158
v  0.1257 -0.6551 -0.6153
v  0.1423 0.7444 -0.6094
v  0.1266 0.6655 -0.6095
v  0.2841 0.7012 -0.6095
v  0.2533 0.6269 -0.6095
v  0.4152 0.6320 -0.6095
v  0.3704 0.5650 -0.6096
v  0.5301 0.5381 -0.6095
v  0.4731 0.4812 -0.6097
v  0.6239 0.4232 -0.6095
v  0.5570 0.3785 -0.6099
v  0.6931 0.2921 -0.6095
v  0.6189 0.2614 -0.6101
v  0.7363 0.1504 -0.6095
v  0.6576 0.1347 -0.6105
v  0.7517 0.0029 -0.6095
v  0.6714 0.0029 -0.6108
v  0.7362 -0.1446 -0.6095
v  0.6577 -0.1290 -0.6113
v  0.6930 -0.2864 -0.6095
v  0.6190 -0.2557 -0.6114
v  0.6238 -0.4174 -0.6095
v  0.5571 -0.3729 -0.6114
v  0.5300 -0.5323 -0.6095
v  0.4732 -0.4756 -0.6112
v  0.4151 -0.6261 -0.6095
v  0.3705 -0.5594 -0.6111
v  0.2840 -0.6953 -0.6095
v  0.2533 -0.6213 -0.6109
v  0.1423 -0.7385 -0.6095
v  0.1266 -0.6598 -0.6105
v  -0.0053 -0.7695 -0.5886
v  -0.0053 -0.7657 -0.6024
v  0.1446 0.7559 -0.5886
v  0.1439 0.7524 -0.6022
v  0.2891 0.7133 -0.5886
v  0.2877 0.7099 -0.6023
v  0.4228 0.6433 -0.5886
v  0.4207 0.6403 -0.6023
v  0.5402 0.5482 -0.5886
v  0.5376 0.5456 -0.6023
v  0.6368 0.4318 -0.5886
v  0.6337 0.4297 -0.6024
v  0.7089 0.2986 -0.5887
v  0.7054 0.2972 -0.6026
v  0.7538 0.1538 -0.5886
v  0.7501 0.1531 -0.6027
v  0.7697 0.0029 -0.5886
v  0.7658 0.0029 -0.6027
v  0.7548 -0.1483 -0.5887
v  0.7513 -0.1476 -0.6028
v  0.7111 -0.2938 -0.5887
v  0.7075 -0.2924 -0.6029
v  0.6395 -0.4279 -0.5887
v  0.6364 -0.4258 -0.6028
v  0.5432 -0.5455 -0.5887
v  0.5405 -0.5428 -0.6027
v  0.4253 -0.6415 -0.5887
v  0.4232 -0.6383 -0.6027
v  0.2910 -0.7124 -0.5887
v  0.2896 -0.7088 -0.6027
v  0.1457 -0.7557 -0.5886
v  0.1450 -0.7520 -0.6026
v  -0.0053 0.6793 -0.6095
v  -0.0053 0.7658 -0.6021
v  -0.0053 -0.7687 -0.5817
v  0.1444 0.7550 -0.5826
v  0.2887 0.7124 -0.5824
v  0.4226 0.6431 -0.5820
v  0.5400 0.5481 -0.5819
v  0.6367 0.4318 -0.5816
v  0.7090 0.2987 -0.5813
v  0.7519 0.1535 -0.5813
v  0.7682 0.0029 -0.5811
v  0.7544 -0.1482 -0.5809
v  0.7107 -0.2936 -0.5808
v  0.6396 -0.4280 -0.5806
v  0.5429 -0.5452 -0.5808
v  0.4251 -0.6412 -0.5808
v  0.2909 -0.7122 -0.5810
v  0.1453 -0.7540 -0.5813
v  -0.0053 0.2578 -0.4747
v  0.0937 0.4997 -0.5096
v  0.0445 0.2528 -0.4747
v  0.1887 0.4709 -0.5094
v  0.0923 0.2383 -0.4747
v  0.2763 0.4242 -0.5093
v  0.1364 0.2148 -0.4747
v  0.3533 0.3613 -0.5092
v  0.1751 0.1832 -0.4747
v  0.4162 0.2844 -0.5090
v  0.2067 0.1445 -0.4747
v  0.4629 0.1967 -0.5089
v  0.2303 0.1004 -0.4747
v  0.4916 0.1017 -0.5084
v  0.2432 0.0523 -0.4750
v  0.5019 0.0029 -0.5082
v  0.2484 0.0028 -0.4750
v  0.4914 -0.0959 -0.5107
v  0.2434 -0.0465 -0.4750
v  0.4629 -0.1910 -0.5085
v  0.2302 -0.0946 -0.4747
v  0.4162 -0.2787 -0.5085
v  0.2067 -0.1387 -0.4747
v  0.3533 -0.3556 -0.5086
v  0.1751 -0.1774 -0.4747
v  0.2763 -0.4185 -0.5086
v  0.1364 -0.2090 -0.4747
v  0.1887 -0.4651 -0.5087
v  0.0923 -0.2325 -0.4747
v  0.0936 -0.4937 -0.5088
v  0.0445 -0.2469 -0.4747
v  -0.0053 -0.5040 -0.5090
v  -0.0053 -0.2520 -0.4747
v  -0.0053 0.7682 -0.5829
v  -0.0040 0.7551 -0.5647
v  0.1397 0.7425 -0.5644
v  0.2839 0.7000 -0.5647
v  0.4148 0.6313 -0.5644
v  0.5296 0.5376 -0.5642
v  0.6247 0.4249 -0.5645
v  0.6957 0.2942 -0.5644
v  0.7395 0.1536 -0.5644
v  0.7555 0.0024 -0.5642
v  0.7432 -0.1443 -0.5653
v  0.6972 -0.2890 -0.5641
v  0.6285 -0.4208 -0.5647
v  0.5315 -0.5370 -0.5645
v  0.4163 -0.6310 -0.5646
v  0.2829 -0.6998 -0.5642
v  0.1416 -0.7425 -0.5651
v  -0.0071 -0.7554 -0.5646
v  -0.0053 0.0029 -0.4596
v  -0.0046 0.6770 -0.7121
v  0.1264 0.6645 -0.7125
v  0.2563 0.6255 -0.7127
v  0.3713 0.5657 -0.7125
v  0.4775 0.4793 -0.7124
v  0.5596 0.3793 -0.7126
v  0.6216 0.2667 -0.7131
v  0.6621 0.1365 -0.7126
v  0.6768 0.0039 -0.7126
v  0.6648 -0.1287 -0.7126
v  0.6279 -0.2527 -0.7126
v  0.5648 -0.3728 -0.7128
v  0.4787 -0.4871 -0.7058
v  0.3745 -0.5630 -0.7128
v  0.2551 -0.6260 -0.7127
v  0.1248 -0.6658 -0.7122
v  -0.0083 -0.6765 -0.7126
v  0.1392 0.7095 -0.7126
v  0.2769 0.6680 -0.7126
v  0.4007 0.6012 -0.7125
v  0.5107 0.5126 -0.7125
v  0.6023 0.4012 -0.7124
v  0.6682 0.2760 -0.7126
v  0.7114 0.1338 -0.7122
v  0.7231 -0.0020 -0.7126
v  0.7075 -0.1421 -0.7133
v  0.6671 -0.2793 -0.7126
v  0.5999 -0.4043 -0.7124
v  0.5088 -0.5142 -0.7126
v  0.3992 -0.6033 -0.7126
v  0.2656 -0.6724 -0.7127
v  0.1292 -0.7109 -0.7127
v  -0.0043 0.7327 -0.7178
v  0.1393 0.7193 -0.7177
v  0.2779 0.6781 -0.7176
v  0.4044 0.6110 -0.7176
v  0.5159 0.5209 -0.7177
v  0.6085 0.4089 -0.7176
v  0.6763 0.2819 -0.7177
v  0.7194 0.1407 -0.7174
v  0.7330 0.0003 -0.7178
v  0.7179 -0.1427 -0.7182
v  0.6766 -0.2817 -0.7179
v  0.6084 -0.4088 -0.7177
v  0.5165 -0.5203 -0.7179
v  0.4047 -0.6112 -0.7178
v  0.2730 -0.6802 -0.7177
v  0.1346 -0.7202 -0.7178
v  -0.0053 0.7291 -0.7390
v  0.1374 0.7198 -0.7256
v  0.1367 0.7162 -0.7395
v  0.2750 0.6792 -0.7256
v  0.2734 0.6755 -0.7397
v  0.4024 0.6128 -0.7257
v  0.4001 0.6094 -0.7399
v  0.5142 0.5222 -0.7257
v  0.5112 0.5192 -0.7401
v  0.6062 0.4114 -0.7257
v  0.6025 0.4089 -0.7403
v  0.6750 0.2846 -0.7258
v  0.6699 0.2825 -0.7405
v  0.7171 0.1465 -0.7258
v  0.7124 0.1456 -0.7407
v  0.7329 0.0029 -0.7258
v  0.7279 0.0029 -0.7408
v  0.7186 -0.1411 -0.7259
v  0.7136 -0.1401 -0.7411
v  0.6771 -0.2798 -0.7259
v  0.6718 -0.2775 -0.7411
v  0.6090 -0.4075 -0.7257
v  0.6047 -0.4046 -0.7411
v  0.5172 -0.5196 -0.7255
v  0.5135 -0.5159 -0.7410
v  0.4049 -0.6109 -0.7257
v  0.4020 -0.6067 -0.7410
v  0.2770 -0.6784 -0.7258
v  0.2749 -0.6734 -0.7409
v  0.1385 -0.7194 -0.7258
v  0.1375 -0.7147 -0.7407
v  -0.0053 -0.7282 -0.7403
v  -0.0071 -0.7234 -0.7128
v  -0.1345 0.6516 -0.6298
v  -0.1350 0.6514 -0.6958
v  -0.2582 0.6131 -0.6295
v  -0.2580 0.6128 -0.6949
v  -0.3725 0.5522 -0.6295
v  -0.3725 0.5522 -0.6950
v  -0.4725 0.4700 -0.6294
v  -0.4725 0.4700 -0.6950
v  -0.5543 0.3697 -0.6294
v  -0.5543 0.3697 -0.6950
v  -0.6147 0.2554 -0.6293
v  -0.6151 0.2567 -0.6945
v  -0.6525 0.1314 -0.6294
v  -0.6529 0.1300 -0.6949
v  -0.6663 0.0029 -0.6295
v  -0.6663 0.0029 -0.6950
v  -0.6540 -0.1261 -0.6297
v  -0.6540 -0.1261 -0.6950
v  -0.6171 -0.2505 -0.6298
v  -0.6170 -0.2505 -0.6950
v  -0.5571 -0.3658 -0.6300
v  -0.5571 -0.3658 -0.6950
v  -0.4752 -0.4669 -0.6301
v  -0.4752 -0.4669 -0.6950
v  -0.3753 -0.5502 -0.6302
v  -0.3781 -0.5493 -0.6944
v  -0.2600 -0.6121 -0.6306
v  -0.2589 -0.6122 -0.6964
v  -0.1357 -0.6514 -0.6307
v  -0.1368 -0.6521 -0.6951
v  -0.0052 -0.6660 -0.6309
v  -0.0047 -0.6658 -0.6954
v  -0.0053 0.6660 -0.6950
v  -0.0053 0.6660 -0.6298
v  0.1244 0.6545 -0.6949
v  0.1244 0.6545 -0.6302
v  0.2499 0.6174 -0.6946
v  0.2495 0.6176 -0.6304
v  0.3653 0.5574 -0.6949
v  0.3653 0.5574 -0.6306
v  0.4673 0.4750 -0.6955
v  0.4671 0.4751 -0.6307
v  0.5508 0.3749 -0.6953
v  0.5508 0.3744 -0.6309
v  0.6121 0.2595 -0.6958
v  0.6127 0.2589 -0.6311
v  0.6519 0.1344 -0.6954
v  0.6518 0.1337 -0.6312
v  0.6667 0.0027 -0.6950
v  0.6663 0.0028 -0.6313
v  0.6538 -0.1271 -0.6951
v  0.6534 -0.1281 -0.6315
v  0.6150 -0.2517 -0.6963
v  0.6152 -0.2538 -0.6316
v  0.5537 -0.3699 -0.6954
v  0.5536 -0.3704 -0.6315
v  0.4701 -0.4724 -0.6948
v  0.4701 -0.4724 -0.6314
v  0.3686 -0.5525 -0.6967
v  0.3680 -0.5552 -0.6316
v  0.2528 -0.6158 -0.6958
v  0.2515 -0.6165 -0.6314
v  0.1255 -0.6536 -0.6951
v  0.1255 -0.6541 -0.6312
v  -0.1628 0.8386 -1.0112
v  -0.2033 1.0422 -0.9087
v  -0.2029 1.0398 -0.8991
v  -0.2012 1.0312 -0.8879
v  -0.3221 0.7903 -1.0115
v  -0.4018 0.9828 -0.9090
v  -0.4009 0.9804 -0.8989
v  -0.3974 0.9720 -0.8875
v  -0.4690 0.7120 -1.0119
v  -0.5854 0.8862 -0.9095
v  -0.5839 0.8839 -0.8986
v  -0.5784 0.8758 -0.8868
v  -0.5978 0.6065 -1.0122
v  -0.7466 0.7553 -0.9099
v  -0.7445 0.7532 -0.8983
v  -0.7372 0.7460 -0.8863
v  -0.7035 0.4778 -1.0125
v  -0.8783 0.5946 -0.9100
v  -0.8765 0.5935 -0.8981
v  -0.8676 0.5875 -0.8859
v  -0.7822 0.3310 -1.0129
v  -0.9772 0.4118 -0.9103
v  -0.9752 0.4110 -0.8977
v  -0.9646 0.4066 -0.8855
v  -0.8307 0.1717 -1.0133
v  -1.0400 0.2133 -0.9111
v  -1.0366 0.2127 -0.8974
v  -1.0246 0.2103 -0.8850
v  -0.8472 0.0059 -1.0138
v  -1.0619 0.0059 -0.9116
v  -1.0582 0.0059 -0.8970
v  -1.0451 0.0059 -0.8844
v  -0.8309 -0.1599 -1.0140
v  -1.0426 -0.2020 -0.9120
v  -1.0388 -0.2013 -0.8966
v  -1.0253 -0.1986 -0.8840
v  -0.7827 -0.3195 -1.0145
v  -0.9827 -0.4023 -0.9123
v  -0.9790 -0.4008 -0.8964
v  -0.9658 -0.3953 -0.8836
v  -0.7043 -0.4665 -1.0147
v  -0.8850 -0.5872 -0.9118
v  -0.8813 -0.5848 -0.8956
v  -0.8691 -0.5767 -0.8833
v  -0.5985 -0.5953 -1.0146
v  -0.7527 -0.7495 -0.9129
v  -0.7497 -0.7466 -0.8959
v  -0.7388 -0.7357 -0.8831
v  -0.4696 -0.7011 -1.0145
v  -0.5907 -0.8823 -0.9129
v  -0.5884 -0.8789 -0.8960
v  -0.5799 -0.8661 -0.8831
v  -0.3226 -0.7796 -1.0145
v  -0.4060 -0.9810 -0.9129
v  -0.4044 -0.9771 -0.8960
v  -0.3986 -0.9630 -0.8832
v  -0.1631 -0.8280 -1.0145
v  -0.2056 -1.0417 -0.9128
v  -0.2048 -1.0377 -0.8960
v  -0.2018 -1.0227 -0.8832
v  -0.1777 0.9135 -0.9045
v  -0.1759 0.9043 -0.9079
v  -0.1796 0.9227 -0.9017
v  -0.3514 0.8609 -0.9047
v  -0.3478 0.8523 -0.9082
v  -0.3549 0.8695 -0.9020
v  -0.5114 0.7755 -0.9050
v  -0.5064 0.7679 -0.9087
v  -0.5166 0.7832 -0.9023
v  -0.6518 0.6605 -0.9052
v  -0.6454 0.6541 -0.9091
v  -0.6583 0.6670 -0.9026
v  -0.7670 0.5203 -0.9055
v  -0.7596 0.5153 -0.9095
v  -0.7746 0.5254 -0.9028
v  -0.8527 0.3602 -0.9058
v  -0.8446 0.3569 -0.9099
v  -0.8611 0.3637 -0.9031
v  -0.9055 0.1866 -0.9061
v  -0.8971 0.1849 -0.9104
v  -0.9144 0.1884 -0.9035
v  -0.9235 0.0059 -0.9066
v  -0.9151 0.0059 -0.9110
v  -0.9325 0.0059 -0.9039
v  -0.9060 -0.1749 -0.9072
v  -0.8978 -0.1732 -0.9115
v  -0.9146 -0.1766 -0.9042
v  -0.8534 -0.3487 -0.9075
v  -0.8458 -0.3456 -0.9118
v  -0.8614 -0.3520 -0.9044
v  -0.7679 -0.5090 -0.9079
v  -0.7611 -0.5045 -0.9121
v  -0.7750 -0.5138 -0.9047
v  -0.6528 -0.6496 -0.9082
v  -0.6470 -0.6438 -0.9124
v  -0.6587 -0.6556 -0.9049
v  -0.5123 -0.7649 -0.9082
v  -0.5078 -0.7581 -0.9124
v  -0.5170 -0.7719 -0.9049
v  -0.3520 -0.8505 -0.9081
v  -0.3489 -0.8430 -0.9124
v  -0.3553 -0.8584 -0.9048
v  -0.1781 -0.9033 -0.9081
v  -0.1765 -0.8953 -0.9124
v  -0.1797 -0.9116 -0.9048
v  -0.1501 0.7745 -0.9987
v  -0.1488 0.7679 -1.0102
v  -0.1514 0.7809 -0.9918
v  -0.2973 0.7303 -0.9990
v  -0.2948 0.7243 -1.0104
v  -0.2997 0.7363 -0.9923
v  -0.4332 0.6585 -0.9996
v  -0.4300 0.6536 -1.0107
v  -0.4367 0.6637 -0.9930
v  -0.5526 0.5613 -1.0000
v  -0.5486 0.5573 -1.0110
v  -0.5569 0.5656 -0.9936
v  -0.6508 0.4426 -1.0004
v  -0.6460 0.4394 -1.0111
v  -0.6557 0.4459 -0.9941
v  -0.7240 0.3069 -1.0008
v  -0.7189 0.3048 -1.0113
v  -0.7294 0.3092 -0.9947
v  -0.7695 0.1595 -1.0013
v  -0.7647 0.1586 -1.0117
v  -0.7751 0.1606 -0.9956
v  -0.7856 0.0059 -1.0019
v  -0.7817 0.0059 -1.0123
v  -0.7909 0.0059 -0.9963
v  -0.7713 -0.1481 -1.0025
v  -0.7677 -0.1474 -1.0125
v  -0.7762 -0.1490 -0.9972
v  -0.7267 -0.2963 -1.0028
v  -0.7236 -0.2950 -1.0127
v  -0.7314 -0.2982 -0.9976
v  -0.6542 -0.4331 -1.0032
v  -0.6517 -0.4314 -1.0130
v  -0.6583 -0.4358 -0.9982
v  -0.5563 -0.5531 -1.0035
v  -0.5544 -0.5512 -1.0132
v  -0.5596 -0.5564 -0.9986
v  -0.4364 -0.6513 -1.0034
v  -0.4348 -0.6490 -1.0131
v  -0.4391 -0.6553 -0.9986
v  -0.2997 -0.7242 -1.0033
v  -0.2986 -0.7216 -1.0130
v  -0.3016 -0.7288 -0.9986
v  -0.1514 -0.7693 -1.0033
v  -0.1509 -0.7665 -1.0131
v  -0.1524 -0.7741 -0.9986
v  -0.1975 1.0100 -0.8814
v  -0.3916 0.9519 -0.8813
v  -0.5692 0.8574 -0.8814
v  -0.7222 0.7336 -0.8813
v  -0.8530 0.5767 -0.8811
v  -0.9486 0.4000 -0.8813
v  -1.0072 0.2068 -0.8815
v  -1.0293 0.0049 -0.8814
v  -1.0097 -0.1958 -0.8815
v  -0.9519 -0.3914 -0.8813
v  -0.8576 -0.5664 -0.8816
v  -0.7288 -0.7266 -0.8814
v  -0.5714 -0.8542 -0.8816
v  -0.3929 -0.9499 -0.8815
v  -0.1991 -1.0098 -0.8814
v  -0.2007 1.0292 -0.9363
v  -0.1990 1.0203 -0.9405
v  -0.3965 0.9700 -0.9366
v  -0.3930 0.9615 -0.9408
v  -0.5772 0.8739 -0.9371
v  -0.5719 0.8661 -0.9412
v  -0.7356 0.7443 -0.9375
v  -0.7288 0.7375 -0.9416
v  -0.8656 0.5861 -0.9378
v  -0.8576 0.5808 -0.9418
v  -0.9624 0.4057 -0.9382
v  -0.9533 0.4019 -0.9422
v  -1.0222 0.2098 -0.9387
v  -1.0124 0.2078 -0.9427
v  -1.0427 0.0059 -0.9392
v  -1.0324 0.0059 -0.9431
v  -1.0229 -0.1981 -0.9396
v  -1.0127 -0.1961 -0.9436
v  -0.9635 -0.3943 -0.9399
v  -0.9539 -0.3904 -0.9438
v  -0.8673 -0.5754 -0.9400
v  -0.8583 -0.5695 -0.9441
v  -0.7371 -0.7339 -0.9404
v  -0.7296 -0.7265 -0.9444
v  -0.5785 -0.8640 -0.9403
v  -0.5726 -0.8553 -0.9444
v  -0.3976 -0.9607 -0.9403
v  -0.3936 -0.9510 -0.9443
v  -0.2013 -1.0202 -0.9403
v  -0.1993 -1.0099 -0.9443
v  -0.1394 0.7209 -1.2134
v  -0.1399 0.7234 -1.1982
v  -0.2739 0.6741 -1.2103
v  -0.2772 0.6818 -1.1982
v  -0.4008 0.6100 -1.2133
v  -0.4014 0.6107 -1.1971
v  -0.5098 0.5184 -1.2127
v  -0.5127 0.5214 -1.1975
v  -0.6015 0.4097 -1.2127
v  -0.6049 0.4119 -1.1980
v  -0.6703 0.2847 -1.2127
v  -0.6739 0.2862 -1.1984
v  -0.7129 0.1483 -1.2127
v  -0.7158 0.1488 -1.2020
v  -0.7274 0.0059 -1.2128
v  -0.7303 0.0059 -1.2022
v  -0.7136 -0.1366 -1.2128
v  -0.7173 -0.1373 -1.1989
v  -0.6726 -0.2738 -1.2128
v  -0.6761 -0.2753 -1.1991
v  -0.6057 -0.4007 -1.2128
v  -0.6089 -0.4028 -1.1993
v  -0.5154 -0.5123 -1.2129
v  -0.5180 -0.5149 -1.1996
v  -0.4048 -0.6041 -1.2129
v  -0.4068 -0.6071 -1.1998
v  -0.2781 -0.6723 -1.2129
v  -0.2795 -0.6756 -1.1999
v  -0.1404 -0.7138 -1.2129
v  -0.1411 -0.7173 -1.1998
v  -0.1374 0.7102 -1.2195
v  -0.2722 0.6697 -1.2200
v  -0.3973 0.6045 -1.2215
v  -0.5071 0.5157 -1.2213
v  -0.5971 0.4067 -1.2214
v  -0.6644 0.2822 -1.2217
v  -0.7064 0.1469 -1.2222
v  -0.7216 0.0058 -1.2229
v  -0.7084 -0.1356 -1.2233
v  -0.6676 -0.2718 -1.2235
v  -0.6011 -0.3976 -1.2239
v  -0.5110 -0.5080 -1.2242
v  -0.4008 -0.5982 -1.2242
v  -0.2751 -0.6652 -1.2241
v  -0.1389 -0.7066 -1.2242
v  0.0029 -1.0298 -0.9443
v  0.0029 -1.0403 -0.9403
v  0.0029 -1.0621 -0.9128
v  0.0029 -0.9129 -0.9123
v  0.0029 -0.7892 -0.9984
v  0.0029 -0.7305 -1.1996
v  0.0029 -0.7268 -1.2129
v  0.0029 1.0616 -0.9085
v  0.0029 0.9406 -0.9016
v  0.0029 0.9217 -0.9077
v  0.0029 0.7958 -0.9915
v  0.0029 0.7375 -1.1982
v  0.0029 0.9312 -0.9043
v  0.0029 -0.7845 -1.0034
v  0.0029 0.7883 -0.9978
v  0.2047 1.0201 -0.9401
v  0.1686 0.8383 -1.0106
v  0.2088 1.0405 -0.9082
v  0.2064 1.0287 -0.9356
v  0.2084 1.0387 -0.8995
v  0.2069 1.0308 -0.8886
v  0.2032 1.0100 -0.8815
v  0.1853 0.9226 -0.9014
v  0.1570 0.7803 -0.9911
v  0.1816 0.9040 -0.9074
v  0.1457 0.7234 -1.1982
v  0.1543 0.7667 -1.0099
v  0.1452 0.7209 -1.2134
v  0.1435 0.7118 -1.2213
v  0.3987 0.9612 -0.9400
v  0.3278 0.7900 -1.0105
v  0.4066 0.9802 -0.9081
v  0.4020 0.9692 -0.9354
v  0.4059 0.9785 -0.8996
v  0.4028 0.9712 -0.8887
v  0.3940 0.9512 -0.8808
v  0.3607 0.8694 -0.9013
v  0.3051 0.7352 -0.9909
v  0.3534 0.8518 -0.9073
v  0.2830 0.6818 -1.1982
v  0.2997 0.7223 -1.0098
v  0.2820 0.6794 -1.2134
v  0.2785 0.6708 -1.2213
v  0.5775 0.8657 -0.9401
v  0.4745 0.7116 -1.0106
v  0.5891 0.8830 -0.9082
v  0.5824 0.8730 -0.9356
v  0.5880 0.8814 -0.8995
v  0.5835 0.8747 -0.8886
v  0.5719 0.8564 -0.8808
v  0.5223 0.7830 -0.9014
v  0.4416 0.6624 -0.9911
v  0.5117 0.7673 -0.9073
v  0.4095 0.6142 -1.1982
v  0.4341 0.6510 -1.0099
v  0.4080 0.6120 -1.2134
v  0.4029 0.6043 -1.2213
v  0.7342 0.7371 -0.9403
v  0.6032 0.6061 -1.0107
v  0.7493 0.7522 -0.9084
v  0.7405 0.7434 -0.9359
v  0.7480 0.7509 -0.8993
v  0.7420 0.7449 -0.8883
v  0.7275 0.7304 -0.8816
v  0.6639 0.6668 -0.9015
v  0.5613 0.5643 -0.9915
v  0.6505 0.6534 -0.9076
v  0.5194 0.5223 -1.1979
v  0.5521 0.5550 -1.0101
v  0.5185 0.5214 -1.2134
v  0.5120 0.5148 -1.2213
v  0.8628 0.5804 -0.9403
v  0.7088 0.4775 -1.0110
v  0.8806 0.5923 -0.9085
v  0.8702 0.5854 -0.9359
v  0.8790 0.5912 -0.8993
v  0.8720 0.5866 -0.8883
v  0.8550 0.5758 -0.8825
v  0.7802 0.5252 -0.9016
v  0.6599 0.4448 -0.9912
v  0.7645 0.5147 -0.9076
v  0.6111 0.4122 -1.1981
v  0.6485 0.4372 -1.0100
v  0.6091 0.4109 -1.2134
v  0.6015 0.4057 -1.2213
v  0.9585 0.4017 -0.9405
v  0.7874 0.3308 -1.0114
v  0.9790 0.4102 -0.9087
v  0.9668 0.4051 -0.9362
v  0.9768 0.4093 -0.8992
v  0.9688 0.4059 -0.8880
v  0.9488 0.3975 -0.8814
v  0.8665 0.3636 -0.9017
v  0.7328 0.3082 -0.9919
v  0.8492 0.3564 -0.9079
v  0.6789 0.2859 -1.1982
v  0.7205 0.3031 -1.0101
v  0.6765 0.2849 -1.2134
v  0.6679 0.2813 -1.2213
v  1.0175 0.2077 -0.9408
v  0.8358 0.1716 -1.0117
v  1.0401 0.2122 -0.9090
v  1.0265 0.2095 -0.9366
v  1.0376 0.2117 -0.8989
v  1.0286 0.2099 -0.8875
v  1.0093 0.2056 -0.8813
v  0.9198 0.1883 -0.9020
v  0.7784 0.1601 -0.9923
v  0.9016 0.1846 -0.9082
v  0.7205 0.1486 -1.1982
v  0.7656 0.1576 -1.0104
v  0.7180 0.1481 -1.2134
v  0.7077 0.1460 -1.2199
v  1.0375 0.0059 -0.9413
v  0.8522 0.0059 -1.0117
v  1.0618 0.0059 -0.9095
v  1.0469 0.0059 -0.9371
v  1.0590 0.0059 -0.8985
v  1.0492 0.0059 -0.8868
v  1.0328 0.0059 -0.8813
v  0.9379 0.0059 -0.9023
v  0.7941 0.0059 -0.9930
v  0.9195 0.0059 -0.9087
v  0.7346 0.0059 -1.1982
v  0.7824 0.0059 -1.0109
v  0.7316 0.0059 -1.2132
v  0.7230 0.0058 -1.2216
v  1.0178 -0.1960 -0.9417
v  0.8360 -0.1598 -1.0122
v  1.0429 -0.2009 -0.9100
v  1.0272 -0.1978 -0.9376
v  1.0399 -0.2003 -0.8982
v  1.0296 -0.1983 -0.8861
v  1.0130 -0.1950 -0.8813
v  0.9200 -0.1765 -0.9027
v  0.7796 -0.1486 -0.9938
v  0.9022 -0.1730 -0.9093
v  0.7185 -0.1364 -1.1976
v  0.7684 -0.1463 -1.0111
v  0.7144 -0.1356 -1.2126
v  0.7105 -0.1349 -1.2215
v  0.9591 -0.3901 -0.9421
v  0.7878 -0.3192 -1.0126
v  0.9836 -0.4003 -0.9104
v  0.9681 -0.3939 -0.9381
v  0.9806 -0.3991 -0.8979
v  0.9703 -0.3948 -0.8856
v  0.9544 -0.3882 -0.8813
v  0.8669 -0.3519 -0.9030
v  0.7350 -0.2973 -0.9945
v  0.8503 -0.3451 -0.9098
v  0.6780 -0.2737 -1.1979
v  0.7249 -0.2931 -1.0114
v  0.6754 -0.2726 -1.2133
v  0.6703 -0.2706 -1.2217
v  0.8636 -0.5691 -0.9426
v  0.7095 -0.4662 -1.0130
v  0.8869 -0.5847 -0.9110
v  0.8719 -0.5747 -0.9386
v  0.8840 -0.5827 -0.8974
v  0.8739 -0.5760 -0.8851
v  0.8592 -0.5662 -0.8814
v  0.7806 -0.5136 -0.9034
v  0.6623 -0.4347 -0.9954
v  0.7659 -0.5038 -0.9104
v  0.6112 -0.4005 -1.1982
v  0.6540 -0.4291 -1.0118
v  0.6078 -0.3982 -1.2127
v  0.6045 -0.3961 -1.2223
v  0.7350 -0.7261 -0.9430
v  0.6039 -0.5951 -1.0136
v  0.7555 -0.7466 -0.9114
v  0.7421 -0.7333 -0.9391
v  0.7529 -0.7440 -0.8971
v  0.7438 -0.7350 -0.8846
v  0.7319 -0.7242 -0.8813
v  0.6643 -0.6554 -0.9037
v  0.5640 -0.5552 -0.9960
v  0.6519 -0.6431 -0.9108
v  0.5207 -0.5118 -1.1983
v  0.5572 -0.5483 -1.0120
v  0.5179 -0.5090 -1.2127
v  0.5148 -0.5060 -1.2225
v  0.5781 -0.8549 -0.9433
v  0.4752 -0.7009 -1.0140
v  0.5947 -0.8796 -0.9117
v  0.5838 -0.8634 -0.9393
v  0.5926 -0.8765 -0.8969
v  0.5852 -0.8654 -0.8843
v  0.5784 -0.8522 -0.8813
v  0.5226 -0.7718 -0.9040
v  0.4440 -0.6542 -0.9966
v  0.5130 -0.7574 -0.9111
v  0.4102 -0.6035 -1.1986
v  0.4387 -0.6462 -1.0122
v  0.4080 -0.6002 -1.2128
v  0.4053 -0.5964 -1.2228
v  0.3992 -0.9507 -0.9436
v  0.3284 -0.7797 -1.0146
v  0.4109 -0.9788 -0.9120
v  0.4032 -0.9602 -0.9396
v  0.4094 -0.9753 -0.8966
v  0.4041 -0.9625 -0.8840
v  0.3992 -0.9485 -0.8813
v  0.3609 -0.8582 -0.9042
v  0.3069 -0.7279 -0.9972
v  0.3544 -0.8424 -0.9115
v  0.2838 -0.6721 -1.1988
v  0.3034 -0.7193 -1.0124
v  0.2823 -0.6685 -1.2128
v  0.2803 -0.6637 -1.2231
v  0.2050 -1.0097 -0.9439
v  0.1689 -0.8282 -1.0149
v  0.2111 -1.0405 -0.9124
v  0.2070 -1.0199 -0.9399
v  0.2103 -1.0366 -0.8964
v  0.2075 -1.0224 -0.8836
v  0.2051 -1.0073 -0.8815
v  0.1855 -0.9115 -0.9045
v  0.1580 -0.7735 -0.9978
v  0.1822 -0.8949 -0.9119
v  0.1464 -0.7149 -1.1991
v  0.1563 -0.7651 -1.0127
v  0.1456 -0.7112 -1.2128
v  0.1445 -0.7057 -1.2235
v  0.0029 -0.8444 -1.0148
v  0.0029 -0.7206 -1.2241
v  0.0029 -1.0580 -0.8960
v  0.0029 -1.0428 -0.8832
v  -0.0001 -1.0283 -0.8816
v  0.0029 -0.9296 -0.9048
v  0.0029 -0.7817 -1.0131
v  0.1835 0.9133 -0.9041
v  0.3571 0.8606 -0.9040
v  0.5170 0.7752 -0.9041
v  0.6573 0.6602 -0.9043
v  0.7723 0.5199 -0.9043
v  0.8579 0.3600 -0.9044
v  0.9107 0.1864 -0.9047
v  0.9286 0.0059 -0.9050
v  0.9110 -0.1747 -0.9054
v  0.8584 -0.3484 -0.9057
v  0.7730 -0.5086 -0.9060
v  0.6579 -0.6490 -0.9064
v  0.5176 -0.7644 -0.9068
v  0.3575 -0.8501 -0.9072
v  0.1838 -0.9030 -0.9076
v  0.0029 -0.9210 -0.9080
v  0.1556 0.7729 -0.9975
v  0.3022 0.7283 -0.9974
v  0.4375 0.6561 -0.9975
v  0.5561 0.5590 -0.9978
v  0.6534 0.4405 -0.9980
v  0.7261 0.3054 -0.9981
v  0.7713 0.1587 -0.9984
v  0.7870 0.0059 -0.9989
v  0.7737 -0.1474 -1.0002
v  0.7296 -0.2951 -1.0007
v  0.6577 -0.4316 -1.0013
v  0.5602 -0.5513 -1.0017
v  0.4410 -0.6497 -1.0020
v  0.3049 -0.7229 -1.0023
v  0.1570 -0.7684 -1.0027
v  0.0029 0.7828 -1.0102
v  0.0015 1.0305 -0.8815
v  0.0029 0.7256 -1.2213
v  0.0029 1.0401 -0.9404
v  0.0029 1.0490 -0.9360
v  0.0029 1.0597 -0.8993
v  0.0029 1.0511 -0.8881
v  0.0029 0.7349 -1.2134
v  0.0029 0.8548 -1.0110
v  -0.1628 0.8384 -0.9436
v  -0.3222 0.7904 -0.9441
v  -0.4692 0.7123 -0.9447
v  -0.5982 0.6069 -0.9452
v  -0.7042 0.4783 -0.9457
v  -0.7831 0.3315 -0.9463
v  -0.8320 0.1720 -0.9470
v  -0.8489 0.0059 -0.9477
v  -0.8330 -0.1603 -0.9484
v  -0.7848 -0.3203 -0.9488
v  -0.7063 -0.4679 -0.9493
v  -0.6004 -0.5973 -0.9497
v  -0.4712 -0.7033 -0.9497
v  -0.3237 -0.7822 -0.9496
v  -0.1637 -0.8307 -0.9496
v  0.0029 -0.8470 -0.9495
v  0.0029 0.8545 -0.9433
v  0.1685 0.8380 -0.9430
v  0.3276 0.7896 -0.9428
v  0.4743 0.7113 -0.9429
v  0.6030 0.6059 -0.9432
v  0.7086 0.4774 -0.9433
v  0.7872 0.3307 -0.9436
v  0.8358 0.1716 -0.9441
v  0.8526 0.0059 -0.9447
v  0.8368 -0.1600 -0.9455
v  0.7888 -0.3196 -0.9461
v  0.7107 -0.4669 -0.9469
v  0.6051 -0.5962 -0.9475
v  0.4762 -0.7024 -0.9479
v  0.3291 -0.7814 -0.9484
v  0.1693 -0.8302 -0.9489
v  -0.1222 0.6339 -1.2960
v  -0.2425 0.5977 -1.2964
v  -0.3537 0.5391 -1.2971
v  -0.4515 0.4600 -1.2969
v  -0.5318 0.3629 -1.2970
v  -0.5918 0.2520 -1.2974
v  -0.6292 0.1314 -1.2979
v  -0.6429 0.0057 -1.2986
v  -0.6312 -0.1204 -1.2990
v  -0.5948 -0.2418 -1.2993
v  -0.5356 -0.3540 -1.2996
v  -0.4553 -0.4524 -1.2998
v  -0.3571 -0.5328 -1.2998
v  -0.2451 -0.5926 -1.2997
v  -0.1236 -0.6295 -1.2998
v  0.1278 0.6331 -1.2953
v  0.2477 0.5966 -1.2951
v  0.3584 0.5377 -1.2953
v  0.4556 0.4583 -1.2957
v  0.5351 0.3613 -1.2956
v  0.5943 0.2507 -1.2957
v  0.6312 0.1307 -1.2962
v  0.6444 0.0057 -1.2971
v  0.6334 -0.1197 -1.2972
v  0.5975 -0.2406 -1.2975
v  0.5389 -0.3524 -1.2980
v  0.4590 -0.4504 -1.2983
v  0.3615 -0.5309 -1.2985
v  0.2501 -0.5911 -1.2988
v  0.1290 -0.6285 -1.2992
v  0.0028 -0.6419 -1.2997
v  0.0028 0.6461 -1.2959
v  -0.1187 0.6161 -1.2961
v  -0.2356 0.5810 -1.2965
v  -0.3436 0.5240 -1.2971
v  -0.4387 0.4471 -1.2969
v  -0.5167 0.3528 -1.2970
v  -0.5750 0.2450 -1.2974
v  -0.6114 0.1278 -1.2979
v  -0.6247 0.0057 -1.2985
v  -0.6133 -0.1169 -1.2990
v  -0.5780 -0.2349 -1.2992
v  -0.5204 -0.3439 -1.2996
v  -0.4425 -0.4395 -1.2998
v  -0.3470 -0.5177 -1.2997
v  -0.2381 -0.5758 -1.2997
v  -0.1200 -0.6116 -1.2997
v  0.1242 0.6154 -1.2953
v  0.2408 0.5799 -1.2952
v  0.3483 0.5226 -1.2954
v  0.4428 0.4455 -1.2957
v  0.5200 0.3512 -1.2956
v  0.5776 0.2437 -1.2958
v  0.6135 0.1271 -1.2963
v  0.6262 0.0057 -1.2971
v  0.6155 -0.1162 -1.2972
v  0.5807 -0.2337 -1.2975
v  0.5238 -0.3424 -1.2980
v  0.4461 -0.4376 -1.2982
v  0.3513 -0.5159 -1.2985
v  0.2431 -0.5743 -1.2988
v  0.1254 -0.6107 -1.2992
v  0.0028 -0.6237 -1.2997
v  0.0028 0.6280 -1.2960
v  0.0019 0.0039 -1.2976
v  -0.1179 0.1803 -0.7712
v  -0.1523 0.1523 -0.7712
v  -0.1803 0.1179 -0.7712
v  -0.2003 0.0793 -0.7712
v  -0.2118 0.0392 -0.7712
v  -0.2154 0.0000 -0.7712
v  -0.2118 -0.0392 -0.7712
v  -0.2003 -0.0793 -0.7712
v  -0.1803 -0.1179 -0.7712
v  -0.1523 -0.1523 -0.7712
v  -0.1179 -0.1803 -0.7712
v  -0.0793 -0.2003 -0.7712
v  -0.0392 -0.2118 -0.7712
v  -0.0000 -0.2154 -0.7712
v  0.0392 -0.2118 -0.7712
v  0.0793 -0.2003 -0.7712
v  0.1179 -0.1803 -0.7712
v  0.1523 -0.1523 -0.7712
v  0.1803 -0.1179 -0.7712
v  0.2003 -0.0793 -0.7712
v  0.2118 -0.0392 -0.7712
v  0.2154 0.0000 -0.7712
v  0.2118 0.0392 -0.7712
v  0.2003 0.0793 -0.7712
v  0.1803 0.1179 -0.7712
v  0.1523 0.1523 -0.7712
v  0.1179 0.1803 -0.7712
v  0.0793 0.2003 -0.7712
v  0.0392 0.2118 -0.7712
v  -0.0000 0.2154 -0.7712
v  -0.0392 0.2118 -0.7712
v  -0.0793 0.2003 -0.7712
v  -0.1259 0.1925 -0.7712
v  -0.1626 0.1626 -0.7712
v  -0.1925 0.1259 -0.7712
v  -0.2139 0.0847 -0.7712
v  -0.2262 0.0419 -0.7712
v  -0.2298 0.0020 -0.7714
v  -0.2262 -0.0419 -0.7712
v  -0.2139 -0.0847 -0.7712
v  -0.1925 -0.1259 -0.7712
v  -0.1626 -0.1626 -0.7712
v  -0.1259 -0.1925 -0.7712
v  -0.0884 -0.2122 -0.7712
v  -0.0419 -0.2262 -0.7712
v  -0.0000 -0.2300 -0.7712
v  0.0419 -0.2262 -0.7712
v  0.0847 -0.2139 -0.7712
v  0.1259 -0.1925 -0.7712
v  0.1626 -0.1626 -0.7712
v  0.1925 -0.1259 -0.7712
v  0.2138 -0.0847 -0.7712
v  0.2262 -0.0419 -0.7712
v  0.2300 0.0000 -0.7712
v  0.2262 0.0419 -0.7712
v  0.2138 0.0847 -0.7712
v  0.1925 0.1259 -0.7712
v  0.1626 0.1626 -0.7712
v  0.1259 0.1925 -0.7712
v  0.0847 0.2139 -0.7712
v  0.0419 0.2262 -0.7712
v  -0.0000 0.2300 -0.7712
v  -0.0419 0.2262 -0.7712
v  -0.0847 0.2139 -0.7712
v  -0.1083 0.1656 -0.7712
v  -0.1399 0.1399 -0.7712
v  -0.1656 0.1083 -0.7712
v  -0.1840 0.0728 -0.7712
v  -0.1945 0.0360 -0.7712
v  -0.1979 0.0000 -0.7712
v  -0.1945 -0.0360 -0.7712
v  -0.1840 -0.0728 -0.7712
v  -0.1656 -0.1083 -0.7712
v  -0.1399 -0.1399 -0.7712
v  -0.1083 -0.1656 -0.7712
v  -0.0728 -0.1840 -0.7712
v  -0.0360 -0.1945 -0.7712
v  -0.0000 -0.1978 -0.7712
v  0.0360 -0.1945 -0.7712
v  0.0728 -0.1840 -0.7712
v  0.1083 -0.1656 -0.7712
v  0.1399 -0.1399 -0.7712
v  0.1656 -0.1083 -0.7712
v  0.1840 -0.0728 -0.7712
v  0.1945 -0.0360 -0.7712
v  0.1978 0.0000 -0.7712
v  0.1945 0.0360 -0.7712
v  0.1840 0.0728 -0.7712
v  0.1656 0.1083 -0.7712
v  0.1399 0.1399 -0.7712
v  0.1083 0.1656 -0.7712
v  0.0728 0.1840 -0.7712
v  0.0360 0.1945 -0.7712
v  -0.0000 0.1978 -0.7712
v  -0.0360 0.1945 -0.7712
v  -0.0728 0.1840 -0.7712
v  -0.0991 0.1516 -0.7759
v  -0.1280 0.1280 -0.7759
v  -0.1516 0.0991 -0.7759
v  -0.1684 0.0666 -0.7759
v  -0.1781 0.0329 -0.7759
v  -0.1811 0.0000 -0.7760
v  -0.1781 -0.0330 -0.7760
v  -0.1684 -0.0667 -0.7759
v  -0.1516 -0.0991 -0.7759
v  -0.1280 -0.1280 -0.7759
v  -0.0991 -0.1515 -0.7759
v  -0.0666 -0.1684 -0.7759
v  -0.0329 -0.1781 -0.7759
v  -0.0000 -0.1811 -0.7760
v  0.0330 -0.1781 -0.7760
v  0.0667 -0.1684 -0.7759
v  0.0991 -0.1516 -0.7759
v  0.1280 -0.1280 -0.7759
v  0.1515 -0.0991 -0.7759
v  0.1684 -0.0666 -0.7759
v  0.1781 -0.0329 -0.7759
v  0.1811 0.0000 -0.7760
v  0.1781 0.0330 -0.7760
v  0.1684 0.0667 -0.7759
v  0.1516 0.0991 -0.7759
v  0.1280 0.1280 -0.7759
v  0.0991 0.1515 -0.7759
v  0.0666 0.1684 -0.7759
v  0.0329 0.1781 -0.7759
v  -0.0000 0.1811 -0.7760
v  -0.0330 0.1781 -0.7760
v  -0.0667 0.1684 -0.7759
v  -0.0931 0.1424 -0.7884
v  -0.1203 0.1203 -0.7884
v  -0.1424 0.0931 -0.7884
v  -0.1582 0.0626 -0.7884
v  -0.1674 0.0310 -0.7885
v  -0.1703 -0.0000 -0.7886
v  -0.1674 -0.0310 -0.7886
v  -0.1582 -0.0626 -0.7885
v  -0.1424 -0.0931 -0.7884
v  -0.1203 -0.1203 -0.7884
v  -0.0931 -0.1424 -0.7884
v  -0.0626 -0.1582 -0.7884
v  -0.0310 -0.1674 -0.7885
v  -0.0000 -0.1703 -0.7886
v  0.0310 -0.1674 -0.7886
v  0.0626 -0.1582 -0.7885
v  0.0931 -0.1424 -0.7884
v  0.1203 -0.1203 -0.7884
v  0.1424 -0.0931 -0.7884
v  0.1582 -0.0626 -0.7884
v  0.1674 -0.0310 -0.7885
v  0.1703 0.0000 -0.7886
v  0.1674 0.0310 -0.7886
v  0.1582 0.0626 -0.7885
v  0.1424 0.0931 -0.7884
v  0.1203 0.1203 -0.7884
v  0.0931 0.1424 -0.7884
v  0.0626 0.1582 -0.7884
v  0.0310 0.1674 -0.7885
v  -0.0000 0.1703 -0.7886
v  -0.0310 0.1674 -0.7886
v  -0.0626 0.1582 -0.7885
v  -0.0915 0.1399 -0.8008
v  -0.1182 0.1182 -0.8007
v  -0.1399 0.0915 -0.8007
v  -0.1555 0.0615 -0.8008
v  -0.1645 0.0304 -0.8008
v  -0.1674 -0.0000 -0.8009
v  -0.1646 -0.0304 -0.8009
v  -0.1555 -0.0616 -0.8008
v  -0.1399 -0.0915 -0.8008
v  -0.1182 -0.1182 -0.8007
v  -0.0915 -0.1399 -0.8007
v  -0.0615 -0.1555 -0.8008
v  -0.0304 -0.1645 -0.8008
v  0.0000 -0.1680 -0.8009
v  0.0304 -0.1645 -0.8009
v  0.0616 -0.1555 -0.8008
v  0.0915 -0.1400 -0.8008
v  0.1182 -0.1182 -0.8008
v  0.1400 -0.0915 -0.8008
v  0.1555 -0.0616 -0.8008
v  0.1645 -0.0304 -0.8008
v  0.1674 0.0000 -0.8009
v  0.1645 0.0304 -0.8009
v  0.1555 0.0616 -0.8008
v  0.1400 0.0915 -0.8008
v  0.1182 0.1182 -0.8008
v  0.0915 0.1400 -0.8007
v  0.0616 0.1555 -0.8008
v  0.0304 0.1645 -0.8008
v  -0.0000 0.1674 -0.8009
v  -0.0304 0.1646 -0.8009
v  -0.0616 0.1555 -0.8008
v  -0.1259 0.1925 -0.7770
v  -0.1626 0.1626 -0.7770
v  -0.1925 0.1259 -0.7770
v  -0.2138 0.0847 -0.7770
v  -0.2262 0.0419 -0.7770
v  -0.2298 0.0020 -0.7772
v  -0.2262 -0.0419 -0.7770
v  -0.2138 -0.0847 -0.7770
v  -0.1925 -0.1259 -0.7770
v  -0.1626 -0.1626 -0.7770
v  -0.1259 -0.1925 -0.7770
v  -0.0885 -0.2122 -0.7766
v  -0.0419 -0.2262 -0.7770
v  -0.0000 -0.2300 -0.7770
v  0.0418 -0.2261 -0.7770
v  0.0846 -0.2138 -0.7770
v  0.1258 -0.1925 -0.7770
v  0.1626 -0.1626 -0.7770
v  0.1925 -0.1259 -0.7770
v  0.2139 -0.0847 -0.7770
v  0.2262 -0.0419 -0.7770
v  0.2300 0.0000 -0.7770
v  0.2262 0.0419 -0.7770
v  0.2139 0.0847 -0.7770
v  0.1925 0.1259 -0.7770
v  0.1626 0.1626 -0.7770
v  0.1258 0.1925 -0.7770
v  0.0846 0.2138 -0.7770
v  0.0418 0.2261 -0.7770
v  -0.0000 0.2300 -0.7770
v  -0.0419 0.2262 -0.7770
v  -0.0847 0.2139 -0.7770
v  -0.1259 0.1925 -1.6674
v  -0.1626 0.1626 -1.6674
v  -0.1925 0.1259 -1.6674
v  -0.1925 -0.1259 -1.6674
v  -0.1626 -0.1626 -1.6674
v  -0.1259 -0.1925 -1.6674
v  -0.0847 -0.2139 -1.6674
v  -0.0419 -0.2262 -1.6674
v  -0.0000 -0.2300 -1.6674
v  0.1925 -0.1259 -1.6674
v  0.2139 -0.0847 -1.6674
v  0.2262 -0.0419 -1.6674
v  0.2300 0.0000 -1.6674
v  0.2262 0.0419 -1.6674
v  0.2139 0.0847 -1.6674
v  0.1925 0.1259 -1.6674
v  0.0328 0.2275 -1.6674
v  -0.0000 0.2300 -1.6674
v  -0.0419 0.2262 -1.6674
v  -0.0847 0.2139 -1.6674
v  -0.1626 0.1626 -0.8650
v  -0.1925 0.1259 -0.8650
v  -0.2300 0.0004 -0.8801
v  -0.1925 -0.1259 -0.8650
v  -0.1626 -0.1626 -0.8650
v  -0.1259 -0.1925 -0.8650
v  -0.0847 -0.2139 -0.8650
v  -0.0419 -0.2262 -0.8650
v  -0.0000 -0.2300 -0.8650
v  0.1925 -0.1259 -0.8650
v  0.2139 -0.0847 -0.8650
v  0.2262 -0.0419 -0.8650
v  0.2300 0.0000 -0.8650
v  0.2262 0.0419 -0.8650
v  0.2139 0.0847 -0.8650
v  0.1925 0.1259 -0.8650
v  0.0350 0.2268 -0.8667
v  -0.0000 0.2300 -0.8650
v  -0.0419 0.2262 -0.8650
v  -0.0847 0.2139 -0.8650
v  -0.1259 0.1925 -0.8650
v  0.0596 -0.2320 -1.6665
v  0.1730 -0.1591 -1.6662
v  0.0738 -0.2255 -0.9165
v  0.1237 -0.2004 -0.9169
v  0.1548 -0.1797 -0.9174
v  0.1736 -0.1571 -0.9256
v  0.0793 -0.2450 -1.6665
v  0.1713 -0.1866 -1.6662
v  0.0760 -0.2419 -0.9904
v  0.1023 -0.2390 -0.9597
v  0.1293 -0.2248 -0.9588
v  0.1603 -0.2027 -0.9596
v  0.1710 -0.1836 -0.9842
v  0.0907 -0.2598 -1.6664
v  0.1785 -0.2064 -1.6662
v  0.0908 -0.2600 -1.0184
v  0.1170 -0.2634 -0.9877
v  0.1461 -0.2488 -0.9830
v  0.1716 -0.2312 -0.9889
v  0.1798 -0.2088 -1.0181
v  0.2392 -0.5070 -1.6668
v  0.3198 -0.4613 -1.6688
v  0.2367 -0.5028 -1.1816
v  0.2560 -0.5088 -1.1564
v  0.2864 -0.4971 -1.1477
v  0.3117 -0.4776 -1.1554
v  0.3174 -0.4570 -1.1824
v  0.2566 -0.5359 -1.6638
v  0.3365 -0.4913 -1.6686
v  0.2543 -0.5320 -1.2165
v  0.2696 -0.5307 -1.1773
v  0.2992 -0.5195 -1.1673
v  0.3239 -0.5005 -1.1768
v  0.3330 -0.4852 -1.2141
v  0.2757 -0.5543 -1.6660
v  0.3415 -0.5174 -1.6686
v  0.2761 -0.5545 -1.2520
v  0.2872 -0.5490 -1.2043
v  0.3295 -0.5247 -1.2012
v  0.3421 -0.5168 -1.2513
v  0.2795 -0.5524 -1.2229
v  0.3376 -0.5190 -1.2187
v  0.3215 -0.5295 -1.1948
v  0.2966 -0.5437 -1.1953
v  0.3099 -0.5357 -1.6674
v  0.3105 -0.5353 -1.2517
v  0.3099 -0.5360 -1.2209
v  0.3093 -0.5368 -1.2029
v  0.3095 -0.5371 -1.1940
v  0.0367 -0.2279 -1.6665
v  0.1813 -0.1419 -1.6664
v  0.0782 -0.2161 -0.8759
v  0.1194 -0.1965 -0.8796
v  0.1615 -0.1624 -0.8729
v  -0.2280 0.0626 -1.6673
v  -0.2243 -0.0669 -1.6672
v  -0.2263 0.0645 -0.9327
v  -0.2332 0.0432 -0.9171
v  -0.2354 0.0004 -0.9157
v  -0.2338 -0.0414 -0.9183
v  -0.2241 -0.0668 -0.9241
v  -0.2504 0.0485 -1.6673
v  -0.2469 -0.0499 -1.6671
v  -0.2470 0.0499 -0.9875
v  -0.2576 0.0323 -0.9618
v  -0.2605 0.0031 -0.9597
v  -0.2561 -0.0347 -0.9608
v  -0.2440 -0.0512 -0.9811
v  -0.2711 0.0450 -1.6672
v  -0.2684 -0.0451 -1.6671
v  -0.2703 0.0450 -1.0194
v  -0.2856 0.0298 -0.9915
v  -0.2898 0.0003 -0.9837
v  -0.2858 -0.0293 -0.9912
v  -0.2701 -0.0450 -1.0187
v  -0.5601 0.0450 -1.6677
v  -0.5603 -0.0450 -1.6697
v  -0.5550 0.0450 -1.1828
v  -0.5695 0.0324 -1.1580
v  -0.5750 0.0010 -1.1484
v  -0.5703 -0.0305 -1.1566
v  -0.5552 -0.0450 -1.1835
v  -0.5937 0.0450 -1.6647
v  -0.5945 -0.0450 -1.6695
v  -0.5890 0.0448 -1.2176
v  -0.5954 0.0318 -1.1785
v  -0.6005 0.0009 -1.1683
v  -0.5963 -0.0300 -1.1777
v  -0.5873 -0.0448 -1.2151
v  -0.6181 0.0376 -1.6669
v  -0.6189 -0.0363 -1.6695
v  -0.6184 0.0374 -1.2530
v  -0.6191 0.0254 -1.2055
v  -0.6194 -0.0226 -1.2023
v  -0.6187 -0.0372 -1.2523
v  -0.6187 0.0338 -1.2239
v  -0.6186 -0.0324 -1.2198
v  -0.6198 -0.0134 -1.1960
v  -0.6197 0.0149 -1.1966
v  -0.6189 -0.0004 -1.6683
v  -0.6189 -0.0011 -1.2526
v  -0.6191 -0.0003 -1.2218
v  -0.6196 0.0006 -1.2038
v  -0.6199 0.0006 -1.1953
v  -0.2144 0.0834 -1.6674
v  -0.2144 -0.0833 -1.6673
v  -0.2143 0.0835 -0.8659
v  -0.2254 0.0446 -0.8761
v  -0.2262 -0.0407 -0.8765
v  -0.2144 -0.0833 -0.8667
v  0.1678 0.1674 -1.6673
v  0.0521 0.2272 -1.6672
v  0.1684 0.1655 -0.9379
v  0.1543 0.1802 -0.9173
v  0.1239 0.2021 -0.9171
v  0.0802 0.2241 -0.9179
v  0.0555 0.2280 -0.9272
v  0.1672 0.1928 -1.6673
v  0.0791 0.2379 -1.6671
v  0.1668 0.1897 -0.9883
v  0.1548 0.2080 -0.9613
v  0.1304 0.2252 -0.9594
v  0.0962 0.2395 -0.9620
v  0.0775 0.2367 -0.9807
v  0.1742 0.2117 -1.6672
v  0.0948 0.2546 -1.6671
v  0.1740 0.2114 -1.0190
v  0.1675 0.2333 -0.9903
v  0.1445 0.2517 -0.9840
v  0.1156 0.2621 -0.9921
v  0.0964 0.2566 -1.0197
v  0.3186 0.4618 -1.6677
v  0.2411 0.5076 -1.6697
v  0.3161 0.4575 -1.1828
v  0.3126 0.4765 -1.1576
v  0.2879 0.4973 -1.1482
v  0.2584 0.5090 -1.1566
v  0.2385 0.5031 -1.1836
v  0.3354 0.4909 -1.6647
v  0.2582 0.5372 -1.6695
v  0.3330 0.4870 -1.2175
v  0.3252 0.4992 -1.1782
v  0.3008 0.5194 -1.1681
v  0.2719 0.5313 -1.1776
v  0.2547 0.5309 -1.2151
v  0.3416 0.5160 -1.6669
v  0.2779 0.5542 -1.6695
v  0.3416 0.5163 -1.2529
v  0.3317 0.5231 -1.2053
v  0.2900 0.5477 -1.2022
v  0.2770 0.5544 -1.2523
v  0.3387 0.5185 -1.2239
v  0.2812 0.5518 -1.2197
v  0.2982 0.5435 -1.1958
v  0.3228 0.5290 -1.1964
v  0.3091 0.5361 -1.6683
v  0.3085 0.5365 -1.2526
v  0.3093 0.5363 -1.2218
v  0.3104 0.5362 -1.2038
v  0.3105 0.5366 -1.1952
v  0.1781 0.1458 -1.6674
v  0.1580 0.1660 -0.8743
v  0.1208 0.1951 -0.8797
v  0.0813 0.2148 -0.8774
v  0.1792 0.1440 -0.8662
v  0.1827 -0.1401 -0.8646
v  0.0298 -0.2283 -0.8646
v  0.0543 -0.2301 -0.9394
v  0.0411 -0.2261 -0.8680
v  0.2695 0.3768 -1.6675
v  0.2678 0.3738 -1.1271
v  0.2632 0.3938 -1.1007
v  0.2386 0.4138 -1.0922
v  0.2098 0.4250 -1.1007
v  0.1899 0.4190 -1.1277
v  0.1914 0.4215 -1.6688
v  0.1738 -0.3982 -1.6666
v  0.1725 -0.3960 -1.1098
v  0.1947 -0.4010 -1.0819
v  0.2246 -0.3879 -1.0752
v  0.2501 -0.3692 -1.0822
v  0.2569 -0.3478 -1.1101
v  0.2577 -0.3492 -1.6677
v  -0.4267 0.0450 -1.6675
v  -0.4236 0.0450 -1.1074
v  -0.4384 0.0312 -1.0811
v  -0.4433 0.0007 -1.0724
v  -0.4390 -0.0299 -1.0802
v  -0.4236 -0.0450 -1.1074
v  -0.4255 -0.0450 -1.6685
v  0.1814 0.1412 -0.8569
v  0.1589 0.1653 -0.8569
v  0.1212 0.1949 -0.8570
v  0.0816 0.2147 -0.8569
v  0.0360 0.2272 -0.8569
v  -0.0000 0.2300 -0.8569
v  -0.0419 0.2262 -0.8569
v  -0.0847 0.2139 -0.8569
v  -0.1259 0.1925 -0.8569
v  -0.1626 0.1626 -0.8569
v  -0.1925 0.1259 -0.8569
v  -0.2142 0.0836 -0.8569
v  -0.2255 0.0442 -0.8569
v  -0.2299 0.0006 -0.8570
v  -0.2262 -0.0409 -0.8569
v  -0.2143 -0.0835 -0.8569
v  -0.1925 -0.1259 -0.8569
v  -0.1626 -0.1626 -0.8569
v  -0.1259 -0.1925 -0.8569
v  -0.0847 -0.2139 -0.8569
v  -0.0419 -0.2262 -0.8569
v  -0.0000 -0.2300 -0.8569
v  0.1925 0.1259 -0.8540
v  0.2139 0.0847 -0.8511
v  0.2262 0.0419 -0.8494
v  0.2300 0.0000 -0.8489
v  0.2262 -0.0419 -0.8493
v  0.2139 -0.0847 -0.8510
v  0.1925 -0.1259 -0.8538
v  0.1840 -0.1379 -0.8549
v  0.1618 -0.1625 -0.8581
v  0.1220 -0.1945 -0.8576
v  0.0791 -0.2158 -0.8571
v  0.0411 -0.2256 -0.8579
v  0.0254 -0.2285 -0.8562
v  -0.1626 0.1626 -0.9091
v  -0.1925 0.1259 -0.9091
v  -0.1925 -0.1259 -0.9091
v  -0.1626 -0.1626 -0.9091
v  -0.1259 -0.1925 -0.9091
v  -0.0847 -0.2139 -0.9091
v  -0.0419 -0.2262 -0.9091
v  -0.0000 -0.2300 -0.9091
v  0.1925 -0.1259 -0.9091
v  0.2139 -0.0847 -0.9091
v  0.2262 -0.0419 -0.9091
v  0.2300 0.0000 -0.9091
v  0.2262 0.0419 -0.9091
v  0.2139 0.0847 -0.9091
v  0.1925 0.1259 -0.9091
v  0.0350 0.2273 -0.9106
v  -0.0000 0.2300 -0.9091
v  -0.0419 0.2262 -0.9091
v  -0.0847 0.2139 -0.9091
v  -0.1259 0.1925 -0.9091
v  0.0552 -0.2304 -0.9801
v  0.1736 -0.1572 -0.9663
v  0.0762 -0.2421 -1.0276
v  0.1710 -0.1838 -1.0217
v  0.0908 -0.2600 -1.0541
v  0.1797 -0.2087 -1.0537
v  0.2369 -0.5030 -1.2083
v  0.3176 -0.4572 -1.2092
v  0.2545 -0.5322 -1.2411
v  0.3331 -0.4855 -1.2391
v  0.2761 -0.5545 -1.2747
v  0.3421 -0.5168 -1.2743
v  0.3105 -0.5353 -1.2746
v  0.0295 -0.2281 -0.9096
v  0.1825 -0.1400 -0.9118
v  -0.2264 0.0644 -0.9731
v  -0.2242 -0.0668 -0.9650
v  -0.2472 0.0498 -1.0249
v  -0.2441 -0.0511 -1.0189
v  -0.2704 0.0450 -1.0551
v  -0.2700 -0.0450 -1.0544
v  -0.5553 0.0450 -1.2095
v  -0.5555 -0.0450 -1.2102
v  -0.5893 0.0448 -1.2422
v  -0.5877 -0.0449 -1.2401
v  -0.6184 0.0374 -1.2757
v  -0.6187 -0.0372 -1.2752
v  -0.6189 -0.0011 -1.2755
v  -0.2143 0.0835 -0.9100
v  -0.2144 -0.0833 -0.9107
v  0.1684 0.1656 -0.9780
v  0.0534 0.2274 -0.9640
v  0.1668 0.1899 -1.0256
v  0.0776 0.2368 -1.0185
v  0.1740 0.2114 -1.0546
v  0.0962 0.2566 -1.0565
v  0.3162 0.4577 -1.2094
v  0.2387 0.5034 -1.2103
v  0.3331 0.4872 -1.2421
v  0.2549 0.5312 -1.2401
v  0.3416 0.5163 -1.2757
v  0.2771 0.5544 -1.2752
v  0.3085 0.5365 -1.2755
v  0.1799 0.1443 -0.9119
v  0.2679 0.3739 -1.1568
v  0.1900 0.4191 -1.1574
v  0.1726 -0.3961 -1.1404
v  0.2569 -0.3479 -1.1408
v  -0.4237 0.0450 -1.1382
v  -0.4237 -0.0450 -1.1383
v  -0.0000 -0.7158 -0.6141
v  -0.0000 -0.7312 -0.6182
v  -0.0000 -0.7438 -0.6266
v  -0.0000 -0.7526 -0.6379
v  -0.0000 -0.7576 -0.6504
v  -0.0000 -0.7588 -0.6637
v  -0.0000 -0.7563 -0.6767
v  -0.0000 -0.7501 -0.6887
v  -0.0000 -0.7402 -0.6988
v  -0.0000 -0.7273 -0.7059
v  -0.0000 -0.7121 -0.7087
v  -0.0000 -0.6966 -0.7061
v  -0.0000 -0.6829 -0.6989
v  -0.0000 -0.6724 -0.6881
v  -0.0000 -0.6662 -0.6748
v  -0.0000 -0.6641 -0.6605
v  -0.0000 -0.6666 -0.6462
v  -0.0000 -0.6737 -0.6328
v  -0.0000 -0.6848 -0.6220
v  -0.0000 -0.6996 -0.6155
v  -0.1322 -0.7035 -0.6141
v  -0.1351 -0.7186 -0.6183
v  -0.1374 -0.7310 -0.6267
v  -0.1391 -0.7396 -0.6379
v  -0.1400 -0.7444 -0.6504
v  -0.1402 -0.7456 -0.6637
v  -0.1397 -0.7431 -0.6766
v  -0.1386 -0.7371 -0.6886
v  -0.1368 -0.7275 -0.6987
v  -0.1344 -0.7148 -0.7058
v  -0.1315 -0.6999 -0.7087
v  -0.1287 -0.6847 -0.7062
v  -0.1262 -0.6712 -0.6990
v  -0.1242 -0.6608 -0.6881
v  -0.1231 -0.6547 -0.6748
v  -0.1227 -0.6525 -0.6605
v  -0.1232 -0.6551 -0.6461
v  -0.1245 -0.6621 -0.6327
v  -0.1265 -0.6730 -0.6220
v  -0.1292 -0.6876 -0.6154
v  -0.2649 -0.6652 -0.6141
v  -0.2706 -0.6794 -0.6183
v  -0.2753 -0.6910 -0.6267
v  -0.2785 -0.6992 -0.6380
v  -0.2804 -0.7037 -0.6504
v  -0.2808 -0.7048 -0.6637
v  -0.2799 -0.7025 -0.6766
v  -0.2776 -0.6968 -0.6886
v  -0.2740 -0.6878 -0.6986
v  -0.2692 -0.6758 -0.7058
v  -0.2635 -0.6617 -0.7086
v  -0.2578 -0.6473 -0.7062
v  -0.2527 -0.6346 -0.6990
v  -0.2487 -0.6248 -0.6882
v  -0.2464 -0.6189 -0.6749
v  -0.2456 -0.6169 -0.6605
v  -0.2465 -0.6193 -0.6462
v  -0.2492 -0.6260 -0.6326
v  -0.2534 -0.6364 -0.6219
v  -0.2589 -0.6501 -0.6154
v  -0.3925 -0.5989 -0.6141
v  -0.4009 -0.6117 -0.6183
v  -0.4078 -0.6222 -0.6268
v  -0.4126 -0.6295 -0.6380
v  -0.4153 -0.6336 -0.6505
v  -0.4159 -0.6346 -0.6637
v  -0.4146 -0.6325 -0.6765
v  -0.4112 -0.6274 -0.6885
v  -0.4059 -0.6193 -0.6986
v  -0.3988 -0.6085 -0.7058
v  -0.3905 -0.5958 -0.7086
v  -0.3820 -0.5829 -0.7062
v  -0.3744 -0.5713 -0.6990
v  -0.3686 -0.5625 -0.6882
v  -0.3651 -0.5572 -0.6749
v  -0.3639 -0.5554 -0.6605
v  -0.3655 -0.5577 -0.6455
v  -0.3694 -0.5636 -0.6325
v  -0.3753 -0.5727 -0.6221
v  -0.3836 -0.5854 -0.6154
v  -0.5989 -0.3925 -0.6141
v  -0.6117 -0.4009 -0.6183
v  -0.6222 -0.4078 -0.6268
v  -0.6295 -0.4126 -0.6380
v  -0.6336 -0.4153 -0.6505
v  -0.6346 -0.4159 -0.6637
v  -0.6325 -0.4146 -0.6765
v  -0.6274 -0.4112 -0.6885
v  -0.6193 -0.4059 -0.6986
v  -0.6085 -0.3988 -0.7058
v  -0.5958 -0.3905 -0.7086
v  -0.5829 -0.3820 -0.7062
v  -0.5713 -0.3744 -0.6990
v  -0.5625 -0.3686 -0.6882
v  -0.5572 -0.3651 -0.6749
v  -0.5554 -0.3639 -0.6605
v  -0.5577 -0.3655 -0.6455
v  -0.5636 -0.3694 -0.6325
v  -0.5727 -0.3753 -0.6221
v  -0.5854 -0.3836 -0.6154
v  -0.6652 -0.2649 -0.6141
v  -0.6794 -0.2706 -0.6183
v  -0.6911 -0.2753 -0.6267
v  -0.6992 -0.2785 -0.6380
v  -0.7037 -0.2804 -0.6504
v  -0.7048 -0.2808 -0.6637
v  -0.7025 -0.2799 -0.6766
v  -0.6968 -0.2776 -0.6886
v  -0.6878 -0.2740 -0.6986
v  -0.6758 -0.2692 -0.7058
v  -0.6617 -0.2635 -0.7086
v  -0.6473 -0.2578 -0.7062
v  -0.6346 -0.2527 -0.6990
v  -0.6248 -0.2487 -0.6882
v  -0.6189 -0.2464 -0.6749
v  -0.6169 -0.2456 -0.6605
v  -0.6193 -0.2465 -0.6462
v  -0.6260 -0.2492 -0.6326
v  -0.6364 -0.2534 -0.6219
v  -0.6501 -0.2589 -0.6154
v  -0.7035 -0.1322 -0.6141
v  -0.7186 -0.1351 -0.6183
v  -0.7310 -0.1375 -0.6267
v  -0.7396 -0.1391 -0.6379
v  -0.7444 -0.1400 -0.6504
v  -0.7456 -0.1402 -0.6637
v  -0.7431 -0.1397 -0.6766
v  -0.7371 -0.1386 -0.6886
v  -0.7275 -0.1368 -0.6987
v  -0.7148 -0.1344 -0.7058
v  -0.6999 -0.1315 -0.7087
v  -0.6847 -0.1287 -0.7062
v  -0.6712 -0.1262 -0.6990
v  -0.6608 -0.1242 -0.6881
v  -0.6547 -0.1231 -0.6748
v  -0.6525 -0.1227 -0.6605
v  -0.6551 -0.1232 -0.6461
v  -0.6621 -0.1245 -0.6327
v  -0.6730 -0.1265 -0.6220
v  -0.6876 -0.1292 -0.6154
v  -0.7158 0.0000 -0.6141
v  -0.7312 0.0000 -0.6182
v  -0.7438 0.0000 -0.6266
v  -0.7526 0.0000 -0.6379
v  -0.7576 0.0000 -0.6503
v  -0.7588 0.0000 -0.6637
v  -0.7563 0.0000 -0.6767
v  -0.7501 0.0000 -0.6887
v  -0.7402 0.0000 -0.6988
v  -0.7273 0.0000 -0.7059
v  -0.7121 0.0000 -0.7087
v  -0.6966 0.0000 -0.7061
v  -0.6829 0.0000 -0.6989
v  -0.6724 0.0000 -0.6881
v  -0.6662 0.0000 -0.6748
v  -0.6641 0.0000 -0.6605
v  -0.6666 0.0000 -0.6462
v  -0.6737 0.0000 -0.6328
v  -0.6848 0.0000 -0.6221
v  -0.6996 0.0000 -0.6155
v  -0.7035 0.1322 -0.6141
v  -0.7186 0.1351 -0.6183
v  -0.7310 0.1375 -0.6267
v  -0.7396 0.1391 -0.6379
v  -0.7444 0.1400 -0.6504
v  -0.7456 0.1402 -0.6637
v  -0.7431 0.1397 -0.6766
v  -0.7371 0.1386 -0.6886
v  -0.7275 0.1368 -0.6987
v  -0.7148 0.1344 -0.7058
v  -0.6999 0.1315 -0.7087
v  -0.6847 0.1287 -0.7062
v  -0.6712 0.1262 -0.6990
v  -0.6608 0.1242 -0.6881
v  -0.6547 0.1231 -0.6748
v  -0.6525 0.1227 -0.6605
v  -0.6551 0.1232 -0.6461
v  -0.6621 0.1245 -0.6327
v  -0.6730 0.1265 -0.6220
v  -0.6876 0.1292 -0.6154
v  -0.6652 0.2649 -0.6141
v  -0.6794 0.2706 -0.6183
v  -0.6911 0.2753 -0.6267
v  -0.6992 0.2786 -0.6381
v  -0.7037 0.2804 -0.6504
v  -0.7048 0.2808 -0.6636
v  -0.7025 0.2799 -0.6766
v  -0.6968 0.2776 -0.6886
v  -0.6878 0.2740 -0.6986
v  -0.6758 0.2692 -0.7058
v  -0.6617 0.2635 -0.7086
v  -0.6473 0.2578 -0.7062
v  -0.6346 0.2527 -0.6990
v  -0.6248 0.2487 -0.6882
v  -0.6189 0.2464 -0.6749
v  -0.6169 0.2456 -0.6605
v  -0.6193 0.2466 -0.6461
v  -0.6260 0.2492 -0.6326
v  -0.6363 0.2534 -0.6219
v  -0.6501 0.2589 -0.6154
v  -0.5989 0.3924 -0.6141
v  -0.6117 0.4009 -0.6183
v  -0.6222 0.4078 -0.6267
v  -0.6294 0.4124 -0.6376
v  -0.6337 0.4152 -0.6505
v  -0.6346 0.4158 -0.6642
v  -0.6325 0.4146 -0.6766
v  -0.6274 0.4112 -0.6886
v  -0.6192 0.4058 -0.6986
v  -0.6084 0.3987 -0.7058
v  -0.5958 0.3904 -0.7087
v  -0.5828 0.3819 -0.7062
v  -0.5713 0.3744 -0.6990
v  -0.5625 0.3686 -0.6882
v  -0.5572 0.3651 -0.6749
v  -0.5554 0.3639 -0.6605
v  -0.5576 0.3654 -0.6461
v  -0.5636 0.3693 -0.6326
v  -0.5729 0.3754 -0.6219
v  -0.5853 0.3835 -0.6154
v  -0.3894 0.5967 -0.6138
v  -0.3984 0.6096 -0.6168
v  -0.4060 0.6203 -0.6247
v  -0.4119 0.6284 -0.6355
v  -0.4152 0.6327 -0.6479
v  -0.4167 0.6343 -0.6614
v  -0.4156 0.6323 -0.6749
v  -0.4126 0.6277 -0.6872
v  -0.4073 0.6197 -0.6976
v  -0.4002 0.6093 -0.7054
v  -0.3917 0.5968 -0.7085
v  -0.3829 0.5841 -0.7067
v  -0.3749 0.5727 -0.7002
v  -0.3686 0.5640 -0.6897
v  -0.3645 0.5584 -0.6769
v  -0.3628 0.5563 -0.6628
v  -0.3635 0.5579 -0.6486
v  -0.3668 0.5631 -0.6349
v  -0.3726 0.5719 -0.6238
v  -0.3803 0.5835 -0.6163
v  -0.2651 0.6654 -0.6142
v  -0.2708 0.6796 -0.6184
v  -0.2754 0.6912 -0.6269
v  -0.2786 0.6993 -0.6383
v  -0.2804 0.7038 -0.6508
v  -0.2808 0.7048 -0.6640
v  -0.2798 0.7024 -0.6770
v  -0.2775 0.6966 -0.6889
v  -0.2738 0.6874 -0.6990
v  -0.2689 0.6753 -0.7060
v  -0.2632 0.6612 -0.7087
v  -0.2575 0.6468 -0.7060
v  -0.2524 0.6342 -0.6987
v  -0.2486 0.6245 -0.6878
v  -0.2463 0.6188 -0.6744
v  -0.2456 0.6169 -0.6601
v  -0.2466 0.6194 -0.6458
v  -0.2493 0.6262 -0.6324
v  -0.2535 0.6365 -0.6217
v  -0.2590 0.6503 -0.6153
v  -0.1322 0.7035 -0.6141
v  -0.1351 0.7186 -0.6183
v  -0.1375 0.7310 -0.6267
v  -0.1391 0.7396 -0.6379
v  -0.1400 0.7444 -0.6504
v  -0.1402 0.7456 -0.6637
v  -0.1397 0.7431 -0.6766
v  -0.1386 0.7371 -0.6886
v  -0.1368 0.7275 -0.6987
v  -0.1344 0.7148 -0.7058
v  -0.1315 0.6999 -0.7087
v  -0.1287 0.6847 -0.7062
v  -0.1262 0.6712 -0.6990
v  -0.1242 0.6608 -0.6881
v  -0.1231 0.6547 -0.6748
v  -0.1227 0.6525 -0.6605
v  -0.1232 0.6551 -0.6461
v  -0.1245 0.6621 -0.6327
v  -0.1265 0.6730 -0.6220
v  -0.1292 0.6876 -0.6154
v  -0.0000 0.7158 -0.6141
v  -0.0000 0.7312 -0.6182
v  0.0000 0.7438 -0.6266
v  -0.0000 0.7526 -0.6379
v  -0.0000 0.7576 -0.6503
v  -0.0000 0.7588 -0.6637
v  -0.0000 0.7563 -0.6767
v  -0.0000 0.7501 -0.6887
v  -0.0000 0.7402 -0.6988
v  -0.0000 0.7273 -0.7059
v  -0.0000 0.7121 -0.7087
v  -0.0000 0.6966 -0.7061
v  -0.0000 0.6829 -0.6989
v  -0.0000 0.6724 -0.6880
v  -0.0000 0.6662 -0.6748
v  -0.0000 0.6641 -0.6605
v  -0.0000 0.6666 -0.6462
v  -0.0000 0.6737 -0.6328
v  -0.0000 0.6848 -0.6221
v  -0.0000 0.6996 -0.6155
v  0.1322 0.7035 -0.6141
v  0.1351 0.7186 -0.6183
v  0.1375 0.7310 -0.6267
v  0.1391 0.7396 -0.6379
v  0.1400 0.7444 -0.6504
v  0.1402 0.7456 -0.6637
v  0.1397 0.7431 -0.6766
v  0.1386 0.7371 -0.6886
v  0.1368 0.7275 -0.6987
v  0.1344 0.7148 -0.7058
v  0.1315 0.6999 -0.7087
v  0.1287 0.6847 -0.7062
v  0.1262 0.6712 -0.6990
v  0.1242 0.6608 -0.6881
v  0.1231 0.6547 -0.6748
v  0.1227 0.6525 -0.6605
v  0.1232 0.6551 -0.6461
v  0.1245 0.6621 -0.6327
v  0.1265 0.6730 -0.6220
v  0.1292 0.6876 -0.6154
v  0.2649 0.6652 -0.6141
v  0.2706 0.6794 -0.6183
v  0.2753 0.6910 -0.6267
v  0.2785 0.6992 -0.6380
v  0.2804 0.7037 -0.6504
v  0.2808 0.7048 -0.6637
v  0.2799 0.7025 -0.6766
v  0.2776 0.6968 -0.6885
v  0.2740 0.6878 -0.6986
v  0.2692 0.6758 -0.7058
v  0.2635 0.6617 -0.7086
v  0.2578 0.6473 -0.7062
v  0.2527 0.6346 -0.6990
v  0.2487 0.6248 -0.6882
v  0.2464 0.6189 -0.6749
v  0.2456 0.6169 -0.6605
v  0.2466 0.6193 -0.6461
v  0.2492 0.6260 -0.6326
v  0.2534 0.6363 -0.6219
v  0.2589 0.6501 -0.6154
v  0.3925 0.5989 -0.6141
v  0.4009 0.6117 -0.6183
v  0.4078 0.6222 -0.6267
v  0.4126 0.6295 -0.6380
v  0.4153 0.6336 -0.6505
v  0.4159 0.6346 -0.6637
v  0.4146 0.6325 -0.6765
v  0.4112 0.6274 -0.6885
v  0.4059 0.6193 -0.6986
v  0.3988 0.6085 -0.7058
v  0.3905 0.5958 -0.7086
v  0.3820 0.5829 -0.7062
v  0.3744 0.5713 -0.6990
v  0.3686 0.5625 -0.6882
v  0.3651 0.5572 -0.6749
v  0.3639 0.5554 -0.6605
v  0.3654 0.5576 -0.6461
v  0.3693 0.5636 -0.6326
v  0.3754 0.5729 -0.6219
v  0.3836 0.5854 -0.6154
v  0.5064 0.5064 -0.6141
v  0.5172 0.5172 -0.6183
v  0.5261 0.5261 -0.6268
v  0.5322 0.5322 -0.6380
v  0.5357 0.5357 -0.6505
v  0.5365 0.5365 -0.6637
v  0.5348 0.5348 -0.6765
v  0.5305 0.5305 -0.6885
v  0.5236 0.5236 -0.6986
v  0.5145 0.5145 -0.7058
v  0.5037 0.5037 -0.7086
v  0.4928 0.4928 -0.7062
v  0.4830 0.4830 -0.6990
v  0.4756 0.4756 -0.6882
v  0.4711 0.4711 -0.6749
v  0.4696 0.4696 -0.6605
v  0.4714 0.4714 -0.6461
v  0.4765 0.4765 -0.6326
v  0.4844 0.4844 -0.6219
v  0.4949 0.4949 -0.6154
v  0.5989 0.3925 -0.6141
v  0.6117 0.4009 -0.6183
v  0.6222 0.4078 -0.6267
v  0.6295 0.4126 -0.6380
v  0.6336 0.4153 -0.6505
v  0.6346 0.4159 -0.6637
v  0.6325 0.4146 -0.6765
v  0.6274 0.4112 -0.6885
v  0.6193 0.4059 -0.6986
v  0.6085 0.3988 -0.7058
v  0.5958 0.3905 -0.7086
v  0.5829 0.3820 -0.7062
v  0.5713 0.3744 -0.6990
v  0.5625 0.3686 -0.6882
v  0.5572 0.3651 -0.6749
v  0.5554 0.3639 -0.6605
v  0.5576 0.3654 -0.6461
v  0.5636 0.3693 -0.6326
v  0.5729 0.3754 -0.6219
v  0.5854 0.3836 -0.6154
v  0.6652 0.2649 -0.6141
v  0.6794 0.2706 -0.6183
v  0.6910 0.2753 -0.6267
v  0.6992 0.2785 -0.6380
v  0.7037 0.2804 -0.6504
v  0.7048 0.2808 -0.6637
v  0.7025 0.2799 -0.6766
v  0.6968 0.2776 -0.6885
v  0.6878 0.2740 -0.6986
v  0.6758 0.2692 -0.7058
v  0.6617 0.2635 -0.7086
v  0.6473 0.2578 -0.7062
v  0.6346 0.2527 -0.6990
v  0.6248 0.2487 -0.6882
v  0.6189 0.2464 -0.6749
v  0.6169 0.2456 -0.6605
v  0.6193 0.2466 -0.6461
v  0.6260 0.2492 -0.6326
v  0.6363 0.2534 -0.6219
v  0.6501 0.2589 -0.6154
v  0.7035 0.1322 -0.6141
v  0.7186 0.1351 -0.6183
v  0.7310 0.1375 -0.6267
v  0.7396 0.1391 -0.6379
v  0.7444 0.1400 -0.6504
v  0.7456 0.1402 -0.6637
v  0.7431 0.1397 -0.6766
v  0.7371 0.1386 -0.6886
v  0.7275 0.1368 -0.6987
v  0.7148 0.1344 -0.7058
v  0.6999 0.1315 -0.7087
v  0.6847 0.1287 -0.7062
v  0.6712 0.1262 -0.6990
v  0.6608 0.1242 -0.6881
v  0.6547 0.1231 -0.6748
v  0.6525 0.1227 -0.6605
v  0.6551 0.1232 -0.6461
v  0.6621 0.1245 -0.6327
v  0.6730 0.1265 -0.6220
v  0.6876 0.1292 -0.6154
v  0.7158 -0.0000 -0.6141
v  0.7312 -0.0000 -0.6182
v  0.7438 -0.0000 -0.6266
v  0.7526 -0.0000 -0.6379
v  0.7576 -0.0000 -0.6503
v  0.7588 -0.0000 -0.6637
v  0.7563 -0.0000 -0.6767
v  0.7501 -0.0000 -0.6887
v  0.7402 -0.0000 -0.6988
v  0.7273 0.0000 -0.7059
v  0.7121 -0.0000 -0.7087
v  0.6966 0.0000 -0.7061
v  0.6829 0.0000 -0.6989
v  0.6724 0.0000 -0.6881
v  0.6662 0.0000 -0.6748
v  0.6641 0.0000 -0.6605
v  0.6666 0.0000 -0.6462
v  0.6737 -0.0000 -0.6328
v  0.6848 -0.0000 -0.6221
v  0.6996 -0.0000 -0.6155
v  0.7035 -0.1322 -0.6141
v  0.7186 -0.1351 -0.6183
v  0.7310 -0.1375 -0.6267
v  0.7396 -0.1391 -0.6379
v  0.7444 -0.1400 -0.6504
v  0.7456 -0.1402 -0.6637
v  0.7431 -0.1397 -0.6766
v  0.7371 -0.1386 -0.6886
v  0.7275 -0.1368 -0.6987
v  0.7148 -0.1344 -0.7058
v  0.6999 -0.1315 -0.7087
v  0.6847 -0.1287 -0.7062
v  0.6712 -0.1262 -0.6990
v  0.6608 -0.1242 -0.6881
v  0.6547 -0.1231 -0.6748
v  0.6525 -0.1227 -0.6605
v  0.6551 -0.1232 -0.6461
v  0.6621 -0.1245 -0.6327
v  0.6730 -0.1265 -0.6220
v  0.6876 -0.1292 -0.6154
v  0.6652 -0.2649 -0.6141
v  0.6794 -0.2706 -0.6183
v  0.6910 -0.2753 -0.6267
v  0.6992 -0.2785 -0.6380
v  0.7037 -0.2804 -0.6504
v  0.7048 -0.2808 -0.6637
v  0.7025 -0.2799 -0.6766
v  0.6968 -0.2776 -0.6886
v  0.6878 -0.2740 -0.6986
v  0.6758 -0.2692 -0.7058
v  0.6617 -0.2635 -0.7086
v  0.6473 -0.2578 -0.7062
v  0.6346 -0.2527 -0.6990
v  0.6248 -0.2487 -0.6882
v  0.6189 -0.2464 -0.6749
v  0.6169 -0.2456 -0.6605
v  0.6193 -0.2466 -0.6461
v  0.6260 -0.2492 -0.6326
v  0.6363 -0.2534 -0.6219
v  0.6501 -0.2589 -0.6154
v  0.5989 -0.3925 -0.6141
v  0.6117 -0.4009 -0.6183
v  0.6222 -0.4078 -0.6268
v  0.6295 -0.4126 -0.6380
v  0.6336 -0.4153 -0.6505
v  0.6346 -0.4159 -0.6637
v  0.6325 -0.4146 -0.6765
v  0.6274 -0.4112 -0.6885
v  0.6193 -0.4059 -0.6986
v  0.6085 -0.3988 -0.7058
v  0.5958 -0.3905 -0.7086
v  0.5829 -0.3820 -0.7062
v  0.5713 -0.3744 -0.6990
v  0.5625 -0.3686 -0.6882
v  0.5572 -0.3651 -0.6749
v  0.5554 -0.3639 -0.6605
v  0.5576 -0.3654 -0.6461
v  0.5636 -0.3693 -0.6326
v  0.5729 -0.3754 -0.6219
v  0.5854 -0.3836 -0.6154
v  0.5064 -0.5064 -0.6141
v  0.5172 -0.5172 -0.6183
v  0.5261 -0.5261 -0.6268
v  0.5322 -0.5322 -0.6380
v  0.5357 -0.5357 -0.6505
v  0.5365 -0.5365 -0.6637
v  0.5348 -0.5348 -0.6765
v  0.5305 -0.5305 -0.6885
v  0.5236 -0.5236 -0.6986
v  0.5145 -0.5145 -0.7058
v  0.5037 -0.5038 -0.7086
v  0.4928 -0.4928 -0.7062
v  0.4830 -0.4830 -0.6990
v  0.4756 -0.4756 -0.6882
v  0.4711 -0.4711 -0.6749
v  0.4696 -0.4696 -0.6605
v  0.4714 -0.4714 -0.6461
v  0.4765 -0.4765 -0.6326
v  0.4844 -0.4844 -0.6219
v  0.4949 -0.4949 -0.6154
v  0.3925 -0.5989 -0.6141
v  0.4009 -0.6117 -0.6183
v  0.4078 -0.6222 -0.6268
v  0.4126 -0.6295 -0.6380
v  0.4153 -0.6336 -0.6505
v  0.4159 -0.6346 -0.6637
v  0.4146 -0.6325 -0.6765
v  0.4112 -0.6274 -0.6885
v  0.4059 -0.6193 -0.6986
v  0.3988 -0.6085 -0.7058
v  0.3905 -0.5958 -0.7086
v  0.3820 -0.5829 -0.7062
v  0.3744 -0.5713 -0.6990
v  0.3686 -0.5625 -0.6882
v  0.3651 -0.5572 -0.6749
v  0.3639 -0.5554 -0.6605
v  0.3654 -0.5576 -0.6461
v  0.3693 -0.5636 -0.6326
v  0.3754 -0.5729 -0.6219
v  0.3836 -0.5854 -0.6154
v  0.2649 -0.6652 -0.6141
v  0.2706 -0.6794 -0.6183
v  0.2753 -0.6911 -0.6267
v  0.2785 -0.6992 -0.6380
v  0.2804 -0.7037 -0.6504
v  0.2808 -0.7048 -0.6637
v  0.2799 -0.7025 -0.6766
v  0.2776 -0.6968 -0.6885
v  0.2740 -0.6878 -0.6986
v  0.2692 -0.6758 -0.7058
v  0.2635 -0.6617 -0.7086
v  0.2578 -0.6473 -0.7062
v  0.2527 -0.6346 -0.6990
v  0.2487 -0.6248 -0.6882
v  0.2464 -0.6189 -0.6749
v  0.2456 -0.6169 -0.6605
v  0.2466 -0.6193 -0.6461
v  0.2492 -0.6260 -0.6326
v  0.2534 -0.6363 -0.6219
v  0.2589 -0.6501 -0.6154
v  0.1322 -0.7035 -0.6141
v  0.1351 -0.7186 -0.6183
v  0.1374 -0.7310 -0.6267
v  0.1391 -0.7396 -0.6379
v  0.1400 -0.7444 -0.6504
v  0.1402 -0.7456 -0.6637
v  0.1397 -0.7431 -0.6766
v  0.1386 -0.7371 -0.6886
v  0.1368 -0.7275 -0.6987
v  0.1344 -0.7148 -0.7058
v  0.1315 -0.6999 -0.7087
v  0.1287 -0.6847 -0.7062
v  0.1262 -0.6712 -0.6990
v  0.1242 -0.6608 -0.6881
v  0.1231 -0.6547 -0.6749
v  0.1227 -0.6525 -0.6605
v  0.1232 -0.6551 -0.6461
v  0.1245 -0.6621 -0.6327
v  0.1265 -0.6730 -0.6220
v  0.1292 -0.6876 -0.6154
v  -0.0652 -0.7107 -0.6142
v  -0.0666 -0.7258 -0.6186
v  -0.0679 -0.7391 -0.6260
v  -0.0688 -0.7490 -0.6370
v  -0.0693 -0.7542 -0.6499
v  -0.0694 -0.7555 -0.6638
v  -0.0691 -0.7529 -0.6773
v  -0.0685 -0.7461 -0.6896
v  -0.0675 -0.7351 -0.6988
v  -0.0663 -0.7220 -0.7056
v  -0.0649 -0.7071 -0.7086
v  -0.0634 -0.6917 -0.7064
v  -0.0621 -0.6778 -0.6994
v  -0.0611 -0.6672 -0.6885
v  -0.0605 -0.6607 -0.6751
v  -0.0603 -0.6585 -0.6605
v  -0.0606 -0.6612 -0.6459
v  -0.0613 -0.6685 -0.6323
v  -0.0623 -0.6797 -0.6215
v  -0.0637 -0.6946 -0.6152
v  -0.1972 -0.6859 -0.6139
v  -0.2016 -0.7010 -0.6173
v  -0.2053 -0.7136 -0.6256
v  -0.2079 -0.7228 -0.6370
v  -0.2094 -0.7279 -0.6499
v  -0.2098 -0.7291 -0.6638
v  -0.2090 -0.7266 -0.6773
v  -0.2071 -0.7201 -0.6896
v  -0.2042 -0.7101 -0.6998
v  -0.2005 -0.6971 -0.7064
v  -0.1962 -0.6823 -0.7086
v  -0.1919 -0.6677 -0.7056
v  -0.1883 -0.6552 -0.6980
v  -0.1855 -0.6457 -0.6873
v  -0.1839 -0.6402 -0.6744
v  -0.1833 -0.6382 -0.6606
v  -0.1840 -0.6406 -0.6467
v  -0.1859 -0.6469 -0.6335
v  -0.1888 -0.6570 -0.6230
v  -0.1928 -0.6706 -0.6160
v  -0.3283 -0.6337 -0.6139
v  -0.3356 -0.6477 -0.6173
v  -0.3416 -0.6593 -0.6256
v  -0.3460 -0.6678 -0.6370
v  -0.3485 -0.6725 -0.6499
v  -0.3491 -0.6737 -0.6638
v  -0.3478 -0.6713 -0.6773
v  -0.3447 -0.6653 -0.6896
v  -0.3399 -0.6561 -0.6998
v  -0.3337 -0.6440 -0.7064
v  -0.3266 -0.6304 -0.7086
v  -0.3196 -0.6169 -0.7056
v  -0.3136 -0.6054 -0.6980
v  -0.3090 -0.5965 -0.6873
v  -0.3063 -0.5914 -0.6744
v  -0.3054 -0.5896 -0.6606
v  -0.3065 -0.5918 -0.6469
v  -0.3096 -0.5977 -0.6336
v  -0.3145 -0.6071 -0.6229
v  -0.3209 -0.6195 -0.6160
v  -0.4500 -0.5539 -0.6139
v  -0.4599 -0.5662 -0.6173
v  -0.4682 -0.5764 -0.6256
v  -0.4742 -0.5838 -0.6369
v  -0.4776 -0.5879 -0.6499
v  -0.4784 -0.5889 -0.6638
v  -0.4767 -0.5868 -0.6773
v  -0.4725 -0.5816 -0.6896
v  -0.4659 -0.5735 -0.6998
v  -0.4573 -0.5630 -0.7064
v  -0.4476 -0.5511 -0.7086
v  -0.4380 -0.5393 -0.7056
v  -0.4298 -0.5292 -0.6979
v  -0.4236 -0.5214 -0.6873
v  -0.4199 -0.5170 -0.6743
v  -0.4187 -0.5154 -0.6606
v  -0.4202 -0.5173 -0.6469
v  -0.4244 -0.5224 -0.6336
v  -0.4311 -0.5306 -0.6230
v  -0.4399 -0.5415 -0.6160
v  -0.5532 -0.4489 -0.6145
v  -0.5654 -0.4585 -0.6173
v  -0.5757 -0.4669 -0.6247
v  -0.5832 -0.4731 -0.6355
v  -0.5876 -0.4769 -0.6479
v  -0.5891 -0.4783 -0.6614
v  -0.5875 -0.4772 -0.6747
v  -0.5829 -0.4737 -0.6871
v  -0.5754 -0.4679 -0.6976
v  -0.5653 -0.4600 -0.7052
v  -0.5535 -0.4507 -0.7083
v  -0.5414 -0.4412 -0.7064
v  -0.5307 -0.4326 -0.6997
v  -0.5223 -0.4259 -0.6894
v  -0.5172 -0.4217 -0.6766
v  -0.5152 -0.4200 -0.6627
v  -0.5168 -0.4210 -0.6483
v  -0.5217 -0.4247 -0.6353
v  -0.5297 -0.4307 -0.6243
v  -0.5409 -0.4393 -0.6169
v  -0.6337 -0.3283 -0.6139
v  -0.6477 -0.3356 -0.6173
v  -0.6593 -0.3416 -0.6256
v  -0.6678 -0.3460 -0.6370
v  -0.6725 -0.3485 -0.6499
v  -0.6737 -0.3491 -0.6638
v  -0.6713 -0.3478 -0.6773
v  -0.6653 -0.3447 -0.6896
v  -0.6561 -0.3399 -0.6998
v  -0.6440 -0.3337 -0.7064
v  -0.6304 -0.3266 -0.7086
v  -0.6169 -0.3196 -0.7056
v  -0.6054 -0.3136 -0.6980
v  -0.5965 -0.3090 -0.6873
v  -0.5914 -0.3063 -0.6744
v  -0.5896 -0.3054 -0.6606
v  -0.5918 -0.3065 -0.6469
v  -0.5977 -0.3096 -0.6336
v  -0.6071 -0.3145 -0.6229
v  -0.6195 -0.3209 -0.6160
v  -0.6859 -0.1972 -0.6139
v  -0.7010 -0.2016 -0.6173
v  -0.7136 -0.2053 -0.6256
v  -0.7228 -0.2079 -0.6370
v  -0.7279 -0.2094 -0.6499
v  -0.7291 -0.2098 -0.6638
v  -0.7266 -0.2090 -0.6773
v  -0.7201 -0.2071 -0.6896
v  -0.7101 -0.2042 -0.6998
v  -0.6971 -0.2005 -0.7064
v  -0.6823 -0.1962 -0.7086
v  -0.6678 -0.1919 -0.7056
v  -0.6552 -0.1883 -0.6980
v  -0.6457 -0.1855 -0.6873
v  -0.6402 -0.1839 -0.6744
v  -0.6382 -0.1833 -0.6606
v  -0.6406 -0.1840 -0.6467
v  -0.6469 -0.1859 -0.6335
v  -0.6570 -0.1888 -0.6230
v  -0.6706 -0.1928 -0.6160
v  -0.7107 -0.0652 -0.6142
v  -0.7258 -0.0666 -0.6186
v  -0.7389 -0.0678 -0.6263
v  -0.7490 -0.0688 -0.6370
v  -0.7542 -0.0693 -0.6499
v  -0.7555 -0.0694 -0.6638
v  -0.7529 -0.0691 -0.6773
v  -0.7461 -0.0685 -0.6896
v  -0.7346 -0.0674 -0.6983
v  -0.7220 -0.0663 -0.7056
v  -0.7071 -0.0649 -0.7086
v  -0.6917 -0.0634 -0.7064
v  -0.6778 -0.0621 -0.6994
v  -0.6672 -0.0611 -0.6885
v  -0.6607 -0.0605 -0.6751
v  -0.6585 -0.0603 -0.6605
v  -0.6612 -0.0606 -0.6459
v  -0.6685 -0.0613 -0.6323
v  -0.6797 -0.0623 -0.6215
v  -0.6947 -0.0637 -0.6152
v  -0.7107 0.0652 -0.6142
v  -0.7258 0.0666 -0.6186
v  -0.7389 0.0678 -0.6262
v  -0.7490 0.0688 -0.6370
v  -0.7542 0.0693 -0.6499
v  -0.7555 0.0694 -0.6638
v  -0.7529 0.0691 -0.6773
v  -0.7461 0.0685 -0.6896
v  -0.7346 0.0674 -0.6983
v  -0.7220 0.0663 -0.7056
v  -0.7071 0.0649 -0.7086
v  -0.6917 0.0634 -0.7064
v  -0.6778 0.0621 -0.6994
v  -0.6672 0.0611 -0.6885
v  -0.6607 0.0605 -0.6751
v  -0.6585 0.0603 -0.6605
v  -0.6612 0.0606 -0.6459
v  -0.6685 0.0613 -0.6323
v  -0.6797 0.0623 -0.6215
v  -0.6947 0.0637 -0.6152
v  -0.6859 0.1972 -0.6139
v  -0.7010 0.2016 -0.6173
v  -0.7136 0.2053 -0.6256
v  -0.7228 0.2079 -0.6369
v  -0.7279 0.2094 -0.6499
v  -0.7291 0.2098 -0.6638
v  -0.7266 0.2090 -0.6773
v  -0.7201 0.2071 -0.6896
v  -0.7101 0.2042 -0.6998
v  -0.6971 0.2005 -0.7064
v  -0.6823 0.1962 -0.7086
v  -0.6678 0.1919 -0.7056
v  -0.6552 0.1883 -0.6980
v  -0.6457 0.1855 -0.6873
v  -0.6402 0.1839 -0.6744
v  -0.6382 0.1833 -0.6606
v  -0.6406 0.1840 -0.6467
v  -0.6469 0.1859 -0.6335
v  -0.6570 0.1888 -0.6230
v  -0.6706 0.1928 -0.6160
v  -0.6337 0.3283 -0.6139
v  -0.6477 0.3356 -0.6173
v  -0.6593 0.3416 -0.6256
v  -0.6679 0.3461 -0.6371
v  -0.6725 0.3485 -0.6499
v  -0.6737 0.3491 -0.6636
v  -0.6713 0.3478 -0.6773
v  -0.6653 0.3447 -0.6896
v  -0.6561 0.3399 -0.6998
v  -0.6440 0.3337 -0.7064
v  -0.6304 0.3266 -0.7086
v  -0.6169 0.3196 -0.7056
v  -0.6054 0.3136 -0.6980
v  -0.5965 0.3090 -0.6873
v  -0.5914 0.3063 -0.6744
v  -0.5896 0.3054 -0.6606
v  -0.5918 0.3065 -0.6467
v  -0.5977 0.3096 -0.6335
v  -0.6070 0.3144 -0.6230
v  -0.6195 0.3209 -0.6160
v  -0.5529 0.4500 -0.6139
v  -0.5657 0.4594 -0.6170
v  -0.5764 0.4672 -0.6251
v  -0.5840 0.4728 -0.6357
v  -0.5886 0.4762 -0.6490
v  -0.5899 0.4772 -0.6634
v  -0.5879 0.4760 -0.6760
v  -0.5829 0.4724 -0.6884
v  -0.5747 0.4665 -0.6987
v  -0.5641 0.4588 -0.7059
v  -0.5518 0.4498 -0.7087
v  -0.5394 0.4408 -0.7062
v  -0.5285 0.4327 -0.6991
v  -0.5202 0.4265 -0.6886
v  -0.5151 0.4227 -0.6758
v  -0.5132 0.4212 -0.6619
v  -0.5149 0.4224 -0.6478
v  -0.5201 0.4261 -0.6343
v  -0.5286 0.4322 -0.6235
v  -0.5400 0.4405 -0.6162
v  -0.4426 0.5488 -0.6143
v  -0.4535 0.5606 -0.6148
v  -0.4636 0.5711 -0.6205
v  -0.4717 0.5794 -0.6302
v  -0.4770 0.5845 -0.6416
v  -0.4799 0.5871 -0.6554
v  -0.4800 0.5868 -0.6697
v  -0.4773 0.5836 -0.6818
v  -0.4722 0.5776 -0.6934
v  -0.4646 0.5691 -0.7024
v  -0.4551 0.5586 -0.7078
v  -0.4446 0.5472 -0.7081
v  -0.4345 0.5365 -0.7035
v  -0.4258 0.5275 -0.6949
v  -0.4198 0.5214 -0.6829
v  -0.4162 0.5181 -0.6693
v  -0.4158 0.5182 -0.6549
v  -0.4184 0.5215 -0.6408
v  -0.4240 0.5280 -0.6283
v  -0.4323 0.5375 -0.6192
v  -0.3284 0.6343 -0.6140
v  -0.3358 0.6480 -0.6175
v  -0.3420 0.6594 -0.6258
v  -0.3465 0.6676 -0.6371
v  -0.3491 0.6721 -0.6498
v  -0.3498 0.6733 -0.6634
v  -0.3487 0.6710 -0.6767
v  -0.3458 0.6653 -0.6889
v  -0.3412 0.6564 -0.6991
v  -0.3350 0.6446 -0.7061
v  -0.3279 0.6312 -0.7087
v  -0.3206 0.6177 -0.7060
v  -0.3142 0.6059 -0.6986
v  -0.3092 0.5969 -0.6879
v  -0.3063 0.5916 -0.6749
v  -0.3051 0.5898 -0.6608
v  -0.3061 0.5920 -0.6468
v  -0.3092 0.5980 -0.6334
v  -0.3142 0.6075 -0.6228
v  -0.3209 0.6201 -0.6159
v  -0.1972 0.6859 -0.6139
v  -0.2016 0.7010 -0.6173
v  -0.2053 0.7136 -0.6256
v  -0.2079 0.7228 -0.6369
v  -0.2094 0.7279 -0.6499
v  -0.2098 0.7291 -0.6638
v  -0.2090 0.7266 -0.6773
v  -0.2071 0.7201 -0.6896
v  -0.2042 0.7101 -0.6998
v  -0.2005 0.6971 -0.7064
v  -0.1962 0.6823 -0.7086
v  -0.1919 0.6677 -0.7056
v  -0.1883 0.6552 -0.6980
v  -0.1855 0.6457 -0.6873
v  -0.1839 0.6402 -0.6744
v  -0.1833 0.6382 -0.6606
v  -0.1840 0.6406 -0.6467
v  -0.1859 0.6469 -0.6335
v  -0.1888 0.6570 -0.6230
v  -0.1928 0.6706 -0.6160
v  -0.0652 0.7107 -0.6142
v  -0.0666 0.7258 -0.6186
v  -0.0678 0.7389 -0.6263
v  -0.0688 0.7490 -0.6370
v  -0.0693 0.7542 -0.6499
v  -0.0694 0.7555 -0.6638
v  -0.0691 0.7529 -0.6773
v  -0.0685 0.7461 -0.6896
v  -0.0674 0.7346 -0.6983
v  -0.0663 0.7220 -0.7056
v  -0.0649 0.7071 -0.7086
v  -0.0634 0.6917 -0.7064
v  -0.0621 0.6778 -0.6994
v  -0.0611 0.6672 -0.6885
v  -0.0605 0.6607 -0.6751
v  -0.0603 0.6585 -0.6605
v  -0.0606 0.6612 -0.6459
v  -0.0613 0.6685 -0.6323
v  -0.0623 0.6797 -0.6215
v  -0.0637 0.6946 -0.6152
v  0.0652 0.7107 -0.6142
v  0.0666 0.7258 -0.6186
v  0.0678 0.7389 -0.6262
v  0.0688 0.7490 -0.6370
v  0.0693 0.7542 -0.6499
v  0.0694 0.7555 -0.6638
v  0.0691 0.7529 -0.6773
v  0.0685 0.7461 -0.6896
v  0.0674 0.7346 -0.6983
v  0.0663 0.7220 -0.7056
v  0.0649 0.7071 -0.7086
v  0.0634 0.6917 -0.7064
v  0.0621 0.6778 -0.6994
v  0.0611 0.6672 -0.6885
v  0.0605 0.6607 -0.6751
v  0.0603 0.6585 -0.6605
v  0.0606 0.6612 -0.6459
v  0.0613 0.6685 -0.6323
v  0.0623 0.6797 -0.6215
v  0.0637 0.6946 -0.6152
v  0.1972 0.6859 -0.6139
v  0.2016 0.7010 -0.6173
v  0.2053 0.7136 -0.6256
v  0.2079 0.7228 -0.6370
v  0.2094 0.7279 -0.6499
v  0.2098 0.7291 -0.6638
v  0.2090 0.7266 -0.6773
v  0.2071 0.7201 -0.6896
v  0.2042 0.7101 -0.6998
v  0.2005 0.6971 -0.7064
v  0.1962 0.6823 -0.7086
v  0.1919 0.6677 -0.7056
v  0.1883 0.6552 -0.6980
v  0.1855 0.6457 -0.6873
v  0.1839 0.6402 -0.6744
v  0.1833 0.6382 -0.6606
v  0.1840 0.6406 -0.6467
v  0.1859 0.6469 -0.6335
v  0.1888 0.6570 -0.6230
v  0.1928 0.6706 -0.6160
v  0.3283 0.6337 -0.6139
v  0.3356 0.6477 -0.6173
v  0.3416 0.6593 -0.6256
v  0.3460 0.6678 -0.6370
v  0.3485 0.6725 -0.6499
v  0.3491 0.6737 -0.6638
v  0.3478 0.6713 -0.6773
v  0.3447 0.6653 -0.6896
v  0.3399 0.6561 -0.6998
v  0.3337 0.6440 -0.7064
v  0.3266 0.6304 -0.7086
v  0.3196 0.6169 -0.7056
v  0.3136 0.6054 -0.6980
v  0.3090 0.5965 -0.6873
v  0.3063 0.5914 -0.6743
v  0.3054 0.5896 -0.6606
v  0.3065 0.5918 -0.6467
v  0.3096 0.5977 -0.6335
v  0.3144 0.6070 -0.6230
v  0.3209 0.6195 -0.6160
v  0.4500 0.5539 -0.6139
v  0.4599 0.5662 -0.6173
v  0.4682 0.5764 -0.6256
v  0.4742 0.5838 -0.6369
v  0.4776 0.5879 -0.6499
v  0.4784 0.5889 -0.6638
v  0.4767 0.5868 -0.6773
v  0.4725 0.5816 -0.6896
v  0.4659 0.5735 -0.6998
v  0.4573 0.5630 -0.7064
v  0.4476 0.5511 -0.7086
v  0.4380 0.5393 -0.7056
v  0.4298 0.5292 -0.6979
v  0.4235 0.5214 -0.6873
v  0.4199 0.5170 -0.6743
v  0.4187 0.5154 -0.6606
v  0.4202 0.5173 -0.6467
v  0.4244 0.5225 -0.6336
v  0.4310 0.5306 -0.6230
v  0.4399 0.5415 -0.6160
v  0.5539 0.4500 -0.6139
v  0.5662 0.4599 -0.6173
v  0.5764 0.4682 -0.6256
v  0.5838 0.4742 -0.6369
v  0.5879 0.4776 -0.6499
v  0.5889 0.4784 -0.6638
v  0.5868 0.4767 -0.6773
v  0.5816 0.4725 -0.6896
v  0.5735 0.4659 -0.6998
v  0.5630 0.4573 -0.7064
v  0.5511 0.4476 -0.7086
v  0.5393 0.4380 -0.7056
v  0.5292 0.4298 -0.6979
v  0.5214 0.4236 -0.6873
v  0.5170 0.4199 -0.6743
v  0.5154 0.4187 -0.6606
v  0.5173 0.4202 -0.6467
v  0.5224 0.4244 -0.6336
v  0.5306 0.4310 -0.6230
v  0.5415 0.4399 -0.6160
v  0.6337 0.3283 -0.6139
v  0.6477 0.3356 -0.6173
v  0.6593 0.3416 -0.6256
v  0.6678 0.3460 -0.6370
v  0.6725 0.3485 -0.6499
v  0.6737 0.3491 -0.6638
v  0.6713 0.3478 -0.6773
v  0.6653 0.3447 -0.6896
v  0.6561 0.3399 -0.6998
v  0.6440 0.3337 -0.7064
v  0.6304 0.3266 -0.7086
v  0.6169 0.3196 -0.7056
v  0.6054 0.3136 -0.6980
v  0.5965 0.3090 -0.6873
v  0.5914 0.3063 -0.6744
v  0.5896 0.3054 -0.6606
v  0.5918 0.3065 -0.6467
v  0.5977 0.3096 -0.6335
v  0.6070 0.3144 -0.6230
v  0.6195 0.3209 -0.6160
v  0.6859 0.1972 -0.6139
v  0.7010 0.2016 -0.6173
v  0.7136 0.2053 -0.6256
v  0.7228 0.2079 -0.6370
v  0.7279 0.2094 -0.6499
v  0.7291 0.2098 -0.6638
v  0.7266 0.2090 -0.6773
v  0.7201 0.2071 -0.6896
v  0.7101 0.2042 -0.6998
v  0.6971 0.2005 -0.7064
v  0.6823 0.1962 -0.7086
v  0.6677 0.1919 -0.7056
v  0.6552 0.1883 -0.6980
v  0.6457 0.1855 -0.6873
v  0.6402 0.1839 -0.6744
v  0.6382 0.1833 -0.6606
v  0.6406 0.1840 -0.6467
v  0.6469 0.1859 -0.6335
v  0.6570 0.1888 -0.6230
v  0.6706 0.1928 -0.6160
v  0.7107 0.0652 -0.6142
v  0.7258 0.0666 -0.6186
v  0.7389 0.0678 -0.6263
v  0.7490 0.0688 -0.6370
v  0.7542 0.0693 -0.6499
v  0.7555 0.0694 -0.6638
v  0.7529 0.0691 -0.6773
v  0.7461 0.0685 -0.6896
v  0.7346 0.0674 -0.6983
v  0.7220 0.0663 -0.7056
v  0.7071 0.0649 -0.7086
v  0.6917 0.0634 -0.7064
v  0.6778 0.0621 -0.6994
v  0.6672 0.0611 -0.6885
v  0.6607 0.0605 -0.6751
v  0.6585 0.0603 -0.6605
v  0.6612 0.0606 -0.6459
v  0.6685 0.0613 -0.6323
v  0.6797 0.0623 -0.6215
v  0.6946 0.0637 -0.6152
v  0.7107 -0.0652 -0.6142
v  0.7258 -0.0666 -0.6186
v  0.7389 -0.0678 -0.6262
v  0.7490 -0.0688 -0.6370
v  0.7542 -0.0693 -0.6499
v  0.7555 -0.0694 -0.6638
v  0.7529 -0.0691 -0.6773
v  0.7461 -0.0685 -0.6896
v  0.7346 -0.0674 -0.6983
v  0.7220 -0.0663 -0.7056
v  0.7071 -0.0649 -0.7086
v  0.6917 -0.0634 -0.7064
v  0.6778 -0.0621 -0.6994
v  0.6672 -0.0611 -0.6885
v  0.6607 -0.0605 -0.6751
v  0.6585 -0.0603 -0.6605
v  0.6612 -0.0606 -0.6459
v  0.6685 -0.0613 -0.6323
v  0.6797 -0.0623 -0.6215
v  0.6946 -0.0637 -0.6152
v  0.6859 -0.1972 -0.6139
v  0.7010 -0.2016 -0.6173
v  0.7136 -0.2053 -0.6256
v  0.7228 -0.2079 -0.6370
v  0.7279 -0.2094 -0.6499
v  0.7291 -0.2098 -0.6638
v  0.7266 -0.2090 -0.6773
v  0.7201 -0.2071 -0.6896
v  0.7101 -0.2042 -0.6998
v  0.6971 -0.2005 -0.7064
v  0.6823 -0.1962 -0.7086
v  0.6677 -0.1919 -0.7056
v  0.6552 -0.1883 -0.6980
v  0.6457 -0.1855 -0.6873
v  0.6402 -0.1839 -0.6744
v  0.6382 -0.1833 -0.6606
v  0.6406 -0.1840 -0.6467
v  0.6469 -0.1859 -0.6335
v  0.6570 -0.1888 -0.6230
v  0.6706 -0.1928 -0.6160
v  0.6337 -0.3283 -0.6139
v  0.6477 -0.3356 -0.6173
v  0.6593 -0.3416 -0.6256
v  0.6678 -0.3460 -0.6370
v  0.6725 -0.3485 -0.6499
v  0.6737 -0.3491 -0.6638
v  0.6713 -0.3478 -0.6773
v  0.6653 -0.3447 -0.6896
v  0.6561 -0.3399 -0.6998
v  0.6440 -0.3337 -0.7064
v  0.6304 -0.3266 -0.7086
v  0.6169 -0.3196 -0.7056
v  0.6054 -0.3136 -0.6980
v  0.5965 -0.3090 -0.6873
v  0.5914 -0.3063 -0.6744
v  0.5896 -0.3054 -0.6606
v  0.5918 -0.3065 -0.6467
v  0.5977 -0.3096 -0.6335
v  0.6070 -0.3144 -0.6230
v  0.6195 -0.3209 -0.6160
v  0.5539 -0.4500 -0.6139
v  0.5662 -0.4599 -0.6173
v  0.5764 -0.4682 -0.6256
v  0.5838 -0.4742 -0.6369
v  0.5879 -0.4776 -0.6499
v  0.5889 -0.4784 -0.6638
v  0.5868 -0.4767 -0.6773
v  0.5816 -0.4725 -0.6896
v  0.5735 -0.4659 -0.6998
v  0.5630 -0.4573 -0.7064
v  0.5511 -0.4476 -0.7086
v  0.5393 -0.4380 -0.7056
v  0.5292 -0.4298 -0.6979
v  0.5214 -0.4235 -0.6873
v  0.5170 -0.4199 -0.6743
v  0.5154 -0.4187 -0.6606
v  0.5173 -0.4202 -0.6467
v  0.5224 -0.4244 -0.6336
v  0.5306 -0.4310 -0.6230
v  0.5415 -0.4399 -0.6160
v  0.4500 -0.5539 -0.6139
v  0.4599 -0.5662 -0.6173
v  0.4682 -0.5764 -0.6256
v  0.4742 -0.5838 -0.6369
v  0.4776 -0.5879 -0.6499
v  0.4784 -0.5889 -0.6638
v  0.4767 -0.5868 -0.6773
v  0.4725 -0.5816 -0.6896
v  0.4659 -0.5735 -0.6998
v  0.4573 -0.5630 -0.7064
v  0.4476 -0.5511 -0.7086
v  0.4380 -0.5393 -0.7056
v  0.4298 -0.5292 -0.6979
v  0.4235 -0.5214 -0.6873
v  0.4199 -0.5170 -0.6743
v  0.4187 -0.5154 -0.6606
v  0.4202 -0.5173 -0.6467
v  0.4244 -0.5225 -0.6336
v  0.4310 -0.5306 -0.6230
v  0.4399 -0.5415 -0.6160
v  0.3283 -0.6337 -0.6139
v  0.3356 -0.6477 -0.6173
v  0.3416 -0.6593 -0.6256
v  0.3460 -0.6678 -0.6370
v  0.3485 -0.6725 -0.6499
v  0.3491 -0.6737 -0.6638
v  0.3478 -0.6713 -0.6773
v  0.3447 -0.6653 -0.6896
v  0.3399 -0.6561 -0.6998
v  0.3337 -0.6440 -0.7064
v  0.3266 -0.6304 -0.7086
v  0.3196 -0.6169 -0.7056
v  0.3136 -0.6054 -0.6980
v  0.3090 -0.5965 -0.6873
v  0.3063 -0.5914 -0.6744
v  0.3054 -0.5896 -0.6606
v  0.3065 -0.5918 -0.6467
v  0.3096 -0.5977 -0.6335
v  0.3144 -0.6070 -0.6230
v  0.3209 -0.6195 -0.6160
v  0.1972 -0.6859 -0.6139
v  0.2016 -0.7010 -0.6173
v  0.2053 -0.7136 -0.6256
v  0.2079 -0.7228 -0.6370
v  0.2094 -0.7279 -0.6499
v  0.2098 -0.7291 -0.6638
v  0.2090 -0.7266 -0.6773
v  0.2071 -0.7201 -0.6896
v  0.2042 -0.7101 -0.6998
v  0.2005 -0.6971 -0.7064
v  0.1962 -0.6823 -0.7086
v  0.1919 -0.6677 -0.7056
v  0.1883 -0.6552 -0.6980
v  0.1855 -0.6457 -0.6873
v  0.1839 -0.6402 -0.6744
v  0.1833 -0.6382 -0.6606
v  0.1840 -0.6406 -0.6467
v  0.1859 -0.6469 -0.6335
v  0.1888 -0.6570 -0.6230
v  0.1928 -0.6706 -0.6160
v  0.0652 -0.7107 -0.6142
v  0.0666 -0.7258 -0.6186
v  0.0679 -0.7391 -0.6260
v  0.0688 -0.7490 -0.6370
v  0.0693 -0.7542 -0.6499
v  0.0694 -0.7555 -0.6638
v  0.0691 -0.7529 -0.6773
v  0.0685 -0.7461 -0.6896
v  0.0675 -0.7351 -0.6988
v  0.0663 -0.7220 -0.7056
v  0.0649 -0.7071 -0.7086
v  0.0634 -0.6917 -0.7064
v  0.0621 -0.6778 -0.6994
v  0.0611 -0.6672 -0.6885
v  0.0605 -0.6607 -0.6751
v  0.0603 -0.6585 -0.6605
v  0.0606 -0.6612 -0.6459
v  0.0613 -0.6685 -0.6323
v  0.0623 -0.6797 -0.6215
v  0.0637 -0.6947 -0.6152
v  -0.5071 0.5084 -0.6143
v  -0.5181 0.5187 -0.6192
v  -0.5271 0.5271 -0.6281
v  -0.5329 0.5323 -0.6391
v  -0.5367 0.5356 -0.6530
v  -0.5369 0.5356 -0.6676
v  -0.5347 0.5333 -0.6795
v  -0.5296 0.5282 -0.6912
v  -0.5221 0.5208 -0.7010
v  -0.5123 0.5112 -0.7069
v  -0.5012 0.5007 -0.7084
v  -0.4901 0.4904 -0.7050
v  -0.4806 0.4817 -0.6969
v  -0.4735 0.4752 -0.6856
v  -0.4694 0.4716 -0.6722
v  -0.4684 0.4709 -0.6580
v  -0.4705 0.4732 -0.6437
v  -0.4762 0.4788 -0.6308
v  -0.4845 0.4869 -0.6207
v  -0.4953 0.4972 -0.6148
v  -0.5107 -0.5088 -0.6154
v  -0.5212 -0.5190 -0.6211
v  -0.5294 -0.5272 -0.6309
v  -0.5348 -0.5326 -0.6431
v  -0.5371 -0.5352 -0.6568
v  -0.5364 -0.5349 -0.6707
v  -0.5326 -0.5317 -0.6838
v  -0.5261 -0.5258 -0.6951
v  -0.5171 -0.5176 -0.7035
v  -0.5064 -0.5076 -0.7076
v  -0.4954 -0.4971 -0.7070
v  -0.4854 -0.4874 -0.7015
v  -0.4774 -0.4796 -0.6923
v  -0.4720 -0.4741 -0.6806
v  -0.4695 -0.4714 -0.6674
v  -0.4698 -0.4713 -0.6539
v  -0.4731 -0.4741 -0.6406
v  -0.4795 -0.4798 -0.6286
v  -0.4884 -0.4879 -0.6197
v  -0.4992 -0.4979 -0.6150
# 5590 vertices

o 14800
g 14800
s 1
f 394 666 667 393 
f 3 670 671 2 
f 4 674 670 3 
f 5 676 674 4 
f 6 678 676 5 
f 7 680 678 6 
f 8 682 680 7 
f 8 618 684 682 
f 9 576 687 688 
f 11 690 691 10 
f 12 694 690 11 
f 13 696 694 12 
f 14 698 696 13 
f 15 700 698 14 
f 16 702 700 15 
f 17 704 702 16 
f 18 706 704 17 
f 19 708 706 18 
f 20 710 708 19 
s 2
f 21 712 710 20 
s 1
f 22 714 712 21 
s 2
f 23 716 714 22 
f 717 425 1 720 
s 1
f 396 394 393 395 
f 26 3 2 25 
f 27 4 3 26 
f 28 5 4 27 
f 29 6 5 28 
f 30 7 6 29 
f 31 8 7 30 
f 31 619 618 8 
f 32 577 576 9 
f 34 11 10 33 
f 35 12 11 34 
f 36 13 12 35 
f 37 14 13 36 
f 38 15 14 37 
f 39 16 15 38 
f 40 17 16 39 
f 41 18 17 40 
f 42 19 18 41 
f 43 20 19 42 
s 2
f 44 21 20 43 
s 1
f 45 22 21 44 
s 2
f 46 23 22 45 
f 425 426 47 1 
s 1
f 398 396 395 397 
f 51 26 25 50 
f 52 27 26 51 
f 53 28 27 52 
f 54 29 28 53 
f 55 30 29 54 
f 56 31 30 55 
f 56 620 619 31 
f 57 578 577 32 
f 59 34 33 58 
f 60 35 34 59 
f 61 36 35 60 
f 62 37 36 61 
f 63 38 37 62 
f 64 39 38 63 
f 65 40 39 64 
f 66 41 40 65 
f 67 42 41 66 
f 68 43 42 67 
s 2
f 69 44 43 68 
s 1
f 70 45 44 69 
s 2
f 71 46 45 70 
f 426 427 49 47 
s 1
f 400 398 397 399 
f 75 51 50 74 
f 76 52 51 75 
f 77 53 52 76 
f 78 54 53 77 
f 79 55 54 78 
f 80 56 55 79 
f 80 621 620 56 
f 81 579 578 57 
f 83 59 58 82 
f 84 60 59 83 
f 85 61 60 84 
f 86 62 61 85 
f 87 63 62 86 
f 88 64 63 87 
f 89 65 64 88 
f 90 66 65 89 
f 91 67 66 90 
f 92 68 67 91 
s 2
f 93 69 68 92 
s 1
f 94 70 69 93 
s 2
f 95 71 70 94 
f 427 428 73 49 
s 1
f 402 400 399 401 
f 99 75 74 98 
f 100 76 75 99 
f 101 77 76 100 
f 102 78 77 101 
f 103 79 78 102 
f 104 80 79 103 
f 104 622 621 80 
f 105 580 579 81 
f 107 83 82 106 
f 108 84 83 107 
f 109 85 84 108 
f 110 86 85 109 
f 111 87 86 110 
f 112 88 87 111 
f 113 89 88 112 
f 114 90 89 113 
f 115 91 90 114 
f 116 92 91 115 
s 2
f 117 93 92 116 
s 1
f 118 94 93 117 
s 2
f 119 95 94 118 
f 428 429 97 73 
s 1
f 404 402 401 403 
f 122 99 98 121 
f 123 100 99 122 
f 124 101 100 123 
f 125 102 101 124 
f 126 103 102 125 
f 127 104 103 126 
f 127 623 622 104 
f 128 581 580 105 
f 130 107 106 129 
f 131 108 107 130 
f 132 109 108 131 
f 133 110 109 132 
f 134 111 110 133 
f 135 112 111 134 
f 136 113 112 135 
f 137 114 113 136 
f 138 115 114 137 
f 139 116 115 138 
s 2
f 140 117 116 139 
s 1
f 141 118 117 140 
s 2
f 142 119 118 141 
f 429 430 143 97 
s 1
f 406 404 403 405 
f 147 122 121 146 
f 148 123 122 147 
f 149 124 123 148 
f 150 125 124 149 
f 151 126 125 150 
f 152 127 126 151 
f 152 624 623 127 
f 153 582 581 128 
f 155 130 129 154 
f 156 131 130 155 
f 157 132 131 156 
f 158 133 132 157 
f 159 134 133 158 
f 160 135 134 159 
f 161 136 135 160 
f 162 137 136 161 
f 163 138 137 162 
f 164 139 138 163 
s 2
f 165 140 139 164 
s 1
f 166 141 140 165 
s 2
f 167 142 141 166 
f 430 431 145 143 
s 1
f 408 406 405 407 
f 170 147 146 169 
f 171 148 147 170 
f 172 149 148 171 
f 173 150 149 172 
f 174 151 150 173 
f 175 152 151 174 
f 175 625 624 152 
f 176 583 582 153 
f 178 155 154 177 
f 179 156 155 178 
f 180 157 156 179 
f 181 158 157 180 
f 182 159 158 181 
f 183 160 159 182 
f 184 161 160 183 
f 185 162 161 184 
f 186 163 162 185 
f 187 164 163 186 
s 2
f 188 165 164 187 
s 1
f 189 166 165 188 
s 2
f 190 167 166 189 
f 431 432 191 145 
s 1
f 410 408 407 409 
f 195 170 169 194 
f 196 171 170 195 
f 197 172 171 196 
f 198 173 172 197 
f 199 174 173 198 
f 200 175 174 199 
f 200 626 625 175 
f 201 584 583 176 
f 203 178 177 202 
f 204 179 178 203 
f 205 180 179 204 
f 206 181 180 205 
f 207 182 181 206 
f 208 183 182 207 
f 209 184 183 208 
f 210 185 184 209 
f 211 186 185 210 
f 212 187 186 211 
s 2
f 213 188 187 212 
s 1
f 214 189 188 213 
s 2
f 215 190 189 214 
f 432 433 193 191 
s 1
f 412 410 409 411 
f 218 195 194 217 
f 219 196 195 218 
f 220 197 196 219 
f 221 198 197 220 
f 222 199 198 221 
f 223 200 199 222 
f 223 627 626 200 
f 224 585 584 201 
f 226 203 202 225 
f 227 204 203 226 
f 228 205 204 227 
f 229 206 205 228 
f 230 207 206 229 
f 231 208 207 230 
f 232 209 208 231 
f 233 210 209 232 
f 234 211 210 233 
f 235 212 211 234 
s 2
f 236 213 212 235 
s 1
f 237 214 213 236 
s 2
f 238 215 214 237 
f 433 434 239 193 
s 1
f 414 412 411 413 
f 243 218 217 242 
f 244 219 218 243 
f 245 220 219 244 
f 246 221 220 245 
f 247 222 221 246 
f 248 223 222 247 
f 248 628 627 223 
f 249 586 585 224 
f 251 226 225 250 
f 252 227 226 251 
f 253 228 227 252 
f 254 229 228 253 
f 255 230 229 254 
f 256 231 230 255 
f 257 232 231 256 
f 258 233 232 257 
f 259 234 233 258 
f 260 235 234 259 
s 2
f 261 236 235 260 
s 1
f 262 237 236 261 
s 2
f 263 238 237 262 
f 434 435 241 239 
s 1
f 416 414 413 415 
f 267 243 242 266 
f 268 244 243 267 
f 269 245 244 268 
f 270 246 245 269 
f 271 247 246 270 
f 272 248 247 271 
f 272 629 628 248 
f 273 587 586 249 
f 275 251 250 274 
f 276 252 251 275 
f 277 253 252 276 
f 278 254 253 277 
f 279 255 254 278 
f 280 256 255 279 
f 281 257 256 280 
f 282 258 257 281 
f 283 259 258 282 
f 284 260 259 283 
s 2
f 285 261 260 284 
s 1
f 286 262 261 285 
s 2
f 287 263 262 286 
f 435 436 265 241 
s 1
f 418 416 415 417 
f 291 267 266 290 
f 292 268 267 291 
f 293 269 268 292 
f 294 270 269 293 
f 295 271 270 294 
f 296 272 271 295 
f 296 630 629 272 
f 297 588 587 273 
f 299 275 274 298 
f 300 276 275 299 
f 301 277 276 300 
f 302 278 277 301 
f 303 279 278 302 
f 304 280 279 303 
f 305 281 280 304 
f 306 282 281 305 
f 307 283 282 306 
f 308 284 283 307 
s 2
f 309 285 284 308 
s 1
f 310 286 285 309 
s 2
f 311 287 286 310 
f 436 437 289 265 
s 1
f 420 418 417 419 
f 315 291 290 314 
f 316 292 291 315 
f 317 293 292 316 
f 318 294 293 317 
f 319 295 294 318 
f 320 296 295 319 
f 320 631 630 296 
f 297 443 589 588 
f 321 299 298 558 
f 322 300 299 321 
f 323 301 300 322 
f 324 302 301 323 
f 325 303 302 324 
f 326 304 303 325 
f 327 305 304 326 
f 328 306 305 327 
f 329 307 306 328 
f 330 308 307 329 
s 2
f 331 309 308 330 
s 1
f 332 310 309 331 
s 2
f 333 311 310 332 
f 437 438 313 289 
s 1
f 422 632 633 421 
f 336 634 635 335 
f 337 636 634 336 
f 338 637 636 337 
f 339 638 637 338 
f 340 639 638 339 
f 392 640 639 340 
f 342 641 642 341 
f 343 643 641 342 
f 344 644 643 343 
f 345 645 644 344 
f 346 646 645 345 
f 347 647 646 346 
f 348 648 647 347 
f 349 649 648 348 
f 350 650 649 349 
f 351 651 650 350 
s 2
f 352 652 651 351 
s 1
f 353 653 652 352 
s 2
f 354 654 653 353 
f 438 655 656 313 
s 1
f 424 422 421 423 
f 359 336 335 358 
f 360 337 336 359 
f 361 338 337 360 
f 362 339 338 361 
f 363 340 339 362 
f 364 392 340 363 
f 366 1331 1330 365 
f 367 1332 1331 366 
f 368 1333 1332 367 
f 369 1334 1333 368 
f 370 1335 1334 369 
f 371 1336 1335 370 
f 372 1337 1336 371 
f 373 1338 1337 372 
f 374 1339 1338 373 
s 2
f 375 1340 1339 374 
s 1
f 376 1341 1340 375 
s 2
f 377 1342 1341 376 
f 439 440 357 355 
s 1
f 9 688 1135 379 
f 32 9 379 380 
f 57 32 380 381 
f 81 57 381 382 
f 105 81 382 383 
f 128 105 383 384 
f 153 128 384 385 
f 176 153 385 386 
f 201 176 386 387 
f 224 201 387 388 
f 249 224 388 389 
f 273 249 389 390 
f 297 273 390 391 
f 443 297 391 444 
f 593 573 575 592 
f 2 671 666 394 
f 720 1 393 667 
f 25 2 394 396 
f 1 47 395 393 
f 50 25 396 398 
f 47 49 397 395 
f 74 50 398 400 
f 49 73 399 397 
f 98 74 400 402 
f 73 97 401 399 
f 121 98 402 404 
f 97 143 403 401 
f 146 121 404 406 
f 143 145 405 403 
f 169 146 406 408 
f 145 191 407 405 
f 194 169 408 410 
f 191 193 409 407 
f 217 194 410 412 
f 193 239 411 409 
f 242 217 412 414 
f 239 241 413 411 
f 266 242 414 416 
f 241 265 415 413 
f 290 266 416 418 
f 265 289 417 415 
f 314 290 418 420 
f 289 313 419 417 
f 335 635 632 422 
f 313 656 633 419 
f 358 335 422 424 
f 355 357 423 421 
s 2
f 1153 24 425 717 
f 24 48 426 425 
f 48 72 427 426 
f 72 96 428 427 
f 96 120 429 428 
f 120 144 430 429 
f 144 168 431 430 
f 168 192 432 431 
f 192 216 433 432 
f 216 240 434 433 
f 240 264 435 434 
f 264 288 436 435 
f 288 312 437 436 
f 312 334 438 437 
f 334 657 655 438 
f 356 378 440 439 
s 1
f 593 663 573 
f 602 603 611 612 
f 613 601 602 612 
f 614 600 601 613 
f 615 599 600 614 
f 616 598 599 615 
f 443 444 660 662 
f 444 572 659 660 
s 2
f 1186 1187 545 544 
f 544 545 547 546 
f 546 547 549 548 
f 548 549 551 550 
f 550 551 553 552 
f 552 553 555 554 
f 554 555 557 556 
f 556 557 543 542 
f 467 476 452 441 
f 476 477 453 452 
f 477 478 454 453 
f 478 479 455 454 
f 479 480 456 455 
f 480 481 457 456 
f 481 482 458 457 
f 482 483 459 458 
f 484 460 459 483 
f 485 461 460 484 
f 486 462 461 485 
f 487 463 462 486 
f 488 464 463 487 
f 489 465 464 488 
f 490 467 441 466 
f 490 466 465 489 
s 1
f 469 1235 493 494 
f 470 469 494 495 
f 471 470 495 496 
f 472 471 496 497 
f 473 472 497 498 
f 474 473 498 499 
f 475 474 499 500 
f 468 475 500 492 
f 476 467 491 501 
f 477 476 501 502 
f 478 477 502 503 
f 479 478 503 504 
f 480 479 504 505 
f 481 480 505 506 
f 482 481 506 507 
f 483 482 507 508 
f 484 483 508 509 
f 485 484 509 510 
f 486 485 510 511 
f 487 486 511 512 
f 488 487 512 513 
f 489 488 513 514 
f 467 490 515 491 
f 490 489 514 515 
f 494 493 516 
f 495 494 516 
f 496 495 516 
f 497 496 516 
f 498 497 516 
f 499 498 516 
f 500 499 516 
f 492 500 516 
f 501 491 517 
f 502 501 517 
f 503 502 517 
f 504 503 517 
f 505 504 517 
f 506 505 517 
f 507 506 517 
f 508 507 517 
f 509 508 517 
f 510 509 517 
f 511 510 517 
f 512 511 517 
f 513 512 517 
f 514 513 517 
f 491 515 517 
f 515 514 517 
f 461 519 518 460 
f 462 520 519 461 
f 520 462 463 521 
f 464 522 521 463 
f 465 523 522 464 
f 523 465 466 524 
f 524 466 441 525 
f 525 441 452 526 
f 526 452 453 527 
f 527 453 454 528 
f 528 454 455 529 
f 455 456 530 529 
f 456 457 531 530 
f 458 532 531 457 
f 532 458 459 533 
f 459 460 518 533 
f 589 658 642 558 
f 534 446 447 535 
f 535 447 448 536 
f 448 449 537 536 
f 449 450 538 537 
f 450 451 539 538 
f 442 540 539 451 
f 445 541 1297 1298 
f 445 446 534 541 
f 591 616 617 1300 
s 2
f 1187 1235 469 545 
f 544 445 1298 1186 
f 545 469 470 547 
f 546 446 445 544 
f 547 470 471 549 
f 548 447 446 546 
f 549 471 472 551 
f 550 448 447 548 
f 551 472 473 553 
f 552 449 448 550 
f 553 473 474 555 
f 554 450 449 552 
f 555 474 475 557 
f 556 451 450 554 
f 557 475 468 543 
f 542 442 451 556 
s 1
f 592 574 659 661 
f 595 596 658 662 
f 379 1135 1305 559 
f 380 379 559 560 
f 381 380 560 561 
f 382 381 561 562 
f 383 382 562 563 
f 384 383 563 564 
f 385 384 564 565 
f 386 385 565 566 
f 387 386 566 567 
f 388 387 567 568 
f 389 388 568 569 
f 390 389 569 570 
f 391 390 570 571 
f 572 444 391 571 
f 575 604 605 574 
f 610 573 663 1322 
f 611 573 610 
f 575 573 603 604 
f 573 611 603 
f 10 691 687 576 
f 33 10 576 577 
f 58 33 577 578 
f 82 58 578 579 
f 106 82 579 580 
f 129 106 580 581 
f 154 129 581 582 
f 177 154 582 583 
f 202 177 583 584 
f 225 202 584 585 
f 250 225 585 586 
f 274 250 586 587 
f 298 274 587 588 
f 558 298 588 589 
f 597 598 591 590 
f 392 364 593 592 
f 522 523 595 594 
f 523 524 596 595 
f 524 525 597 596 
f 525 526 598 597 
f 526 527 599 598 
f 527 528 600 599 
f 528 529 601 600 
f 529 530 602 601 
f 530 531 603 602 
f 531 532 604 603 
f 532 533 605 604 
f 533 518 606 605 
f 518 519 607 606 
f 519 520 608 607 
f 520 521 609 608 
f 521 522 594 609 
f 541 534 611 610 
f 534 535 612 611 
f 535 536 613 612 
f 536 537 614 613 
f 537 538 615 614 
f 538 539 616 615 
f 539 540 617 616 
f 618 559 1305 684 
f 619 560 559 618 
f 620 561 560 619 
f 621 562 561 620 
f 622 563 562 621 
f 623 564 563 622 
f 624 565 564 623 
f 625 566 565 624 
f 626 567 566 625 
f 627 568 567 626 
f 628 569 568 627 
f 629 570 569 628 
f 630 571 570 629 
f 631 572 571 630 
f 631 320 640 661 
f 591 598 616 
f 575 574 592 
f 632 420 419 633 
f 634 315 314 635 
f 636 316 315 634 
f 637 317 316 636 
f 638 318 317 637 
f 639 319 318 638 
f 640 320 319 639 
f 641 321 558 642 
f 643 322 321 641 
f 644 323 322 643 
f 645 324 323 644 
f 646 325 324 645 
f 647 326 325 646 
f 648 327 326 647 
f 649 328 327 648 
f 650 329 328 649 
f 651 330 329 650 
s 2
f 652 331 330 651 
s 1
f 653 332 331 652 
s 2
f 654 333 332 653 
f 655 439 355 656 
s 1
f 635 314 420 632 
f 656 355 421 633 
s 2
f 657 356 439 655 
s 1
f 660 609 594 662 
f 660 607 608 
f 658 590 341 642 
f 659 572 631 661 
f 659 607 660 
f 640 392 592 661 
f 660 608 609 
f 658 589 443 662 
f 662 594 595 
f 365 1330 1343 664 
f 341 590 591 1343 
f 1297 541 610 1322 
f 665 668 667 666 
f 669 672 671 670 
f 673 669 670 674 
f 675 673 674 676 
f 677 675 676 678 
f 679 677 678 680 
f 681 679 680 682 
f 681 682 684 683 
f 685 688 687 686 
f 689 692 691 690 
f 693 689 690 694 
f 695 693 694 696 
f 697 695 696 698 
f 699 697 698 700 
f 701 699 700 702 
f 703 701 702 704 
f 705 703 704 706 
f 707 705 706 708 
f 709 707 708 710 
s 2
f 711 709 710 712 
s 1
f 713 711 712 714 
s 2
f 715 713 714 716 
f 717 720 719 718 
s 1
f 721 722 668 665 
f 723 724 672 669 
f 725 723 669 673 
f 726 725 673 675 
f 727 726 675 677 
f 728 727 677 679 
f 729 728 679 681 
f 729 681 683 730 
f 731 685 686 732 
f 733 734 692 689 
f 735 733 689 693 
f 736 735 693 695 
f 737 736 695 697 
f 738 737 697 699 
f 739 738 699 701 
f 740 739 701 703 
f 741 740 703 705 
f 742 741 705 707 
f 743 742 707 709 
s 2
f 744 743 709 711 
s 1
f 745 744 711 713 
s 2
f 746 745 713 715 
f 718 719 748 747 
s 1
f 749 750 722 721 
f 751 752 724 723 
f 753 751 723 725 
f 754 753 725 726 
f 755 754 726 727 
f 756 755 727 728 
f 757 756 728 729 
f 757 729 730 758 
f 759 731 732 760 
f 761 762 734 733 
f 763 761 733 735 
f 764 763 735 736 
f 765 764 736 737 
f 766 765 737 738 
f 767 766 738 739 
f 768 767 739 740 
f 769 768 740 741 
f 770 769 741 742 
f 771 770 742 743 
s 2
f 772 771 743 744 
s 1
f 773 772 744 745 
s 2
f 774 773 745 746 
f 747 748 776 775 
s 1
f 777 778 750 749 
f 779 780 752 751 
f 781 779 751 753 
f 782 781 753 754 
f 783 782 754 755 
f 784 783 755 756 
f 785 784 756 757 
f 785 757 758 786 
f 787 759 760 788 
f 789 790 762 761 
f 791 789 761 763 
f 792 791 763 764 
f 793 792 764 765 
f 794 793 765 766 
f 795 794 766 767 
f 796 795 767 768 
f 797 796 768 769 
f 798 797 769 770 
f 799 798 770 771 
s 2
f 800 799 771 772 
s 1
f 801 800 772 773 
s 2
f 802 801 773 774 
f 775 776 804 803 
s 1
f 805 806 778 777 
f 807 808 780 779 
f 809 807 779 781 
f 810 809 781 782 
f 811 810 782 783 
f 812 811 783 784 
f 813 812 784 785 
f 813 785 786 814 
f 815 787 788 816 
f 817 818 790 789 
f 819 817 789 791 
f 820 819 791 792 
f 821 820 792 793 
f 822 821 793 794 
f 823 822 794 795 
f 824 823 795 796 
f 825 824 796 797 
f 826 825 797 798 
f 827 826 798 799 
s 2
f 828 827 799 800 
s 1
f 829 828 800 801 
s 2
f 830 829 801 802 
f 803 804 832 831 
s 1
f 833 834 806 805 
f 835 836 808 807 
f 837 835 807 809 
f 838 837 809 810 
f 839 838 810 811 
f 840 839 811 812 
f 841 840 812 813 
f 841 813 814 842 
f 843 815 816 844 
f 845 846 818 817 
f 847 845 817 819 
f 848 847 819 820 
f 849 848 820 821 
f 850 849 821 822 
f 851 850 822 823 
f 852 851 823 824 
f 853 852 824 825 
f 854 853 825 826 
f 855 854 826 827 
s 2
f 856 855 827 828 
s 1
f 857 856 828 829 
s 2
f 858 857 829 830 
f 831 832 860 859 
s 1
f 861 862 834 833 
f 863 864 836 835 
f 865 863 835 837 
f 866 865 837 838 
f 867 866 838 839 
f 868 867 839 840 
f 869 868 840 841 
f 869 841 842 870 
f 871 843 844 872 
f 873 874 846 845 
f 875 873 845 847 
f 876 875 847 848 
f 877 876 848 849 
f 878 877 849 850 
f 879 878 850 851 
f 880 879 851 852 
f 881 880 852 853 
f 882 881 853 854 
f 883 882 854 855 
s 2
f 884 883 855 856 
s 1
f 885 884 856 857 
s 2
f 886 885 857 858 
f 859 860 888 887 
s 1
f 889 890 862 861 
f 891 892 864 863 
f 893 891 863 865 
f 894 893 865 866 
f 895 894 866 867 
f 896 895 867 868 
f 897 896 868 869 
f 897 869 870 898 
f 899 871 872 900 
f 901 902 874 873 
f 903 901 873 875 
f 904 903 875 876 
f 905 904 876 877 
f 906 905 877 878 
f 907 906 878 879 
f 908 907 879 880 
f 909 908 880 881 
f 910 909 881 882 
f 911 910 882 883 
s 2
f 912 911 883 884 
s 1
f 913 912 884 885 
s 2
f 914 913 885 886 
f 887 888 916 915 
s 1
f 917 918 890 889 
f 919 920 892 891 
f 921 919 891 893 
f 922 921 893 894 
f 923 922 894 895 
f 924 923 895 896 
f 925 924 896 897 
f 925 897 898 926 
f 927 899 900 928 
f 929 930 902 901 
f 931 929 901 903 
f 932 931 903 904 
f 933 932 904 905 
f 934 933 905 906 
f 935 934 906 907 
f 936 935 907 908 
f 937 936 908 909 
f 938 937 909 910 
f 939 938 910 911 
s 2
f 940 939 911 912 
s 1
f 941 940 912 913 
s 2
f 942 941 913 914 
f 915 916 944 943 
s 1
f 945 946 918 917 
f 947 948 920 919 
f 949 947 919 921 
f 950 949 921 922 
f 951 950 922 923 
f 952 951 923 924 
f 953 952 924 925 
f 953 925 926 954 
f 955 927 928 956 
f 957 958 930 929 
f 959 957 929 931 
f 960 959 931 932 
f 961 960 932 933 
f 962 961 933 934 
f 963 962 934 935 
f 964 963 935 936 
f 965 964 936 937 
f 966 965 937 938 
f 967 966 938 939 
s 2
f 968 967 939 940 
s 1
f 969 968 940 941 
s 2
f 970 969 941 942 
f 943 944 972 971 
s 1
f 973 974 946 945 
f 975 976 948 947 
f 977 975 947 949 
f 978 977 949 950 
f 979 978 950 951 
f 980 979 951 952 
f 981 980 952 953 
f 981 953 954 982 
f 983 955 956 984 
f 985 986 958 957 
f 987 985 957 959 
f 988 987 959 960 
f 989 988 960 961 
f 990 989 961 962 
f 991 990 962 963 
f 992 991 963 964 
f 993 992 964 965 
f 994 993 965 966 
f 995 994 966 967 
s 2
f 996 995 967 968 
s 1
f 997 996 968 969 
s 2
f 998 997 969 970 
f 971 972 1000 999 
s 1
f 1001 1002 974 973 
f 1003 1004 976 975 
f 1005 1003 975 977 
f 1006 1005 977 978 
f 1007 1006 978 979 
f 1008 1007 979 980 
f 1009 1008 980 981 
f 1009 981 982 1010 
f 1011 983 984 1012 
f 1013 1014 986 985 
f 1015 1013 985 987 
f 1016 1015 987 988 
f 1017 1016 988 989 
f 1018 1017 989 990 
f 1019 1018 990 991 
f 1020 1019 991 992 
f 1021 1020 992 993 
f 1022 1021 993 994 
f 1023 1022 994 995 
s 2
f 1024 1023 995 996 
s 1
f 1025 1024 996 997 
s 2
f 1026 1025 997 998 
f 999 1000 1028 1027 
s 1
f 1029 1030 1002 1001 
f 1031 1032 1004 1003 
f 1033 1031 1003 1005 
f 1034 1033 1005 1006 
f 1035 1034 1006 1007 
f 1036 1035 1007 1008 
f 1037 1036 1008 1009 
f 1037 1009 1010 1038 
f 1039 1011 1012 1040 
f 1041 1042 1014 1013 
f 1043 1041 1013 1015 
f 1044 1043 1015 1016 
f 1045 1044 1016 1017 
f 1046 1045 1017 1018 
f 1047 1046 1018 1019 
f 1048 1047 1019 1020 
f 1049 1048 1020 1021 
f 1050 1049 1021 1022 
f 1051 1050 1022 1023 
s 2
f 1052 1051 1023 1024 
s 1
f 1053 1052 1024 1025 
s 2
f 1054 1053 1025 1026 
f 1027 1028 1056 1055 
s 1
f 1057 1058 1030 1029 
f 1059 1060 1032 1031 
f 1061 1059 1031 1033 
f 1062 1061 1033 1034 
f 1063 1062 1034 1035 
f 1064 1063 1035 1036 
f 1065 1064 1036 1037 
f 1065 1037 1038 1066 
f 1039 1040 1068 1067 
f 1069 1070 1042 1041 
f 1071 1069 1041 1043 
f 1072 1071 1043 1044 
f 1073 1072 1044 1045 
f 1074 1073 1045 1046 
f 1075 1074 1046 1047 
f 1076 1075 1047 1048 
f 1077 1076 1048 1049 
f 1078 1077 1049 1050 
f 1079 1078 1050 1051 
s 2
f 1080 1079 1051 1052 
s 1
f 1081 1080 1052 1053 
s 2
f 1082 1081 1053 1054 
f 1055 1056 1084 1083 
s 1
f 1085 1088 1087 1086 
f 1089 1092 1091 1090 
f 1093 1089 1090 1094 
f 1095 1093 1094 1096 
f 1097 1095 1096 1098 
f 1099 1097 1098 1100 
f 1101 1099 1100 1102 
f 1103 1106 1105 1104 
f 1107 1103 1104 1108 
f 1109 1107 1108 1110 
f 1111 1109 1110 1112 
f 1113 1111 1112 1114 
f 1115 1113 1114 1116 
f 1117 1115 1116 1118 
f 1119 1117 1118 1120 
f 1121 1119 1120 1122 
f 1123 1121 1122 1124 
s 2
f 1125 1123 1124 1126 
s 1
f 1127 1125 1126 1128 
s 2
f 1129 1127 1128 1130 
f 1083 1084 1132 1131 
s 1
f 424 423 1088 1085 
f 359 358 1092 1089 
f 360 359 1089 1093 
f 361 360 1093 1095 
f 362 361 1095 1097 
f 363 362 1097 1099 
f 364 363 1099 1101 
f 366 365 1345 1344 
f 367 366 1344 1346 
f 368 367 1346 1347 
f 369 368 1347 1348 
f 370 369 1348 1349 
f 371 370 1349 1350 
f 372 371 1350 1351 
f 373 372 1351 1352 
f 374 373 1352 1353 
s 2
f 375 374 1353 1354 
s 1
f 376 375 1354 1355 
s 2
f 377 376 1355 1356 
f 1133 1134 357 440 
s 1
f 685 1136 1135 688 
f 731 1137 1136 685 
f 759 1138 1137 731 
f 787 1139 1138 759 
f 815 1140 1139 787 
f 843 1141 1140 815 
f 871 1142 1141 843 
f 899 1143 1142 871 
f 927 1144 1143 899 
f 955 1145 1144 927 
f 983 1146 1145 955 
f 1011 1147 1146 983 
f 1039 1148 1147 1011 
f 1067 1149 1148 1039 
f 593 1152 1151 1150 
f 672 665 666 671 
f 720 667 668 719 
f 724 721 665 672 
f 719 668 722 748 
f 752 749 721 724 
f 748 722 750 776 
f 780 777 749 752 
f 776 750 778 804 
f 808 805 777 780 
f 804 778 806 832 
f 836 833 805 808 
f 832 806 834 860 
f 864 861 833 836 
f 860 834 862 888 
f 892 889 861 864 
f 888 862 890 916 
f 920 917 889 892 
f 916 890 918 944 
f 948 945 917 920 
f 944 918 946 972 
f 976 973 945 948 
f 972 946 974 1000 
f 1004 1001 973 976 
f 1000 974 1002 1028 
f 1032 1029 1001 1004 
f 1028 1002 1030 1056 
f 1060 1057 1029 1032 
f 1056 1030 1058 1084 
f 1092 1085 1086 1091 
f 1084 1058 1087 1132 
f 358 424 1085 1092 
f 1134 1088 423 357 
s 2
f 1153 717 718 1154 
f 1154 718 747 1155 
f 1155 747 775 1156 
f 1156 775 803 1157 
f 1157 803 831 1158 
f 1158 831 859 1159 
f 1159 859 887 1160 
f 1160 887 915 1161 
f 1161 915 943 1162 
f 1162 943 971 1163 
f 1163 971 999 1164 
f 1164 999 1027 1165 
f 1165 1027 1055 1166 
f 1166 1055 1083 1167 
f 1167 1083 1131 1168 
f 1169 1133 440 378 
s 1
f 593 1150 663 
f 1170 1173 1172 1171 
f 1174 1173 1170 1175 
f 1176 1174 1175 1177 
f 1178 1176 1177 1179 
f 1180 1178 1179 1181 
f 1067 1183 1182 1149 
f 1149 1182 1185 1184 
s 2
f 1186 1189 1188 1187 
f 1189 1191 1190 1188 
f 1191 1193 1192 1190 
f 1193 1195 1194 1192 
f 1195 1197 1196 1194 
f 1197 1199 1198 1196 
f 1199 1201 1200 1198 
f 1201 542 543 1200 
f 1202 1205 1204 1203 
f 1203 1204 1207 1206 
f 1206 1207 1209 1208 
f 1208 1209 1211 1210 
f 1210 1211 1213 1212 
f 1212 1213 1215 1214 
f 1214 1215 1217 1216 
f 1216 1217 1219 1218 
f 1220 1218 1219 1221 
f 1222 1220 1221 1223 
f 1224 1222 1223 1225 
f 1226 1224 1225 1227 
f 1228 1226 1227 1229 
f 1230 1228 1229 1231 
f 1232 1233 1205 1202 
f 1232 1230 1231 1233 
s 1
f 1234 1236 493 1235 
f 1237 1238 1236 1234 
f 1239 1240 1238 1237 
f 1241 1242 1240 1239 
f 1243 1244 1242 1241 
f 1245 1246 1244 1243 
f 1247 1248 1246 1245 
f 468 492 1248 1247 
f 1203 1250 1249 1202 
f 1206 1251 1250 1203 
f 1208 1252 1251 1206 
f 1210 1253 1252 1208 
f 1212 1254 1253 1210 
f 1214 1255 1254 1212 
f 1216 1256 1255 1214 
f 1218 1257 1256 1216 
f 1220 1258 1257 1218 
f 1222 1259 1258 1220 
f 1224 1260 1259 1222 
f 1226 1261 1260 1224 
f 1228 1262 1261 1226 
f 1230 1263 1262 1228 
f 1202 1249 1264 1232 
f 1232 1264 1263 1230 
f 1236 516 493 
f 1238 516 1236 
f 1240 516 1238 
f 1242 516 1240 
f 1244 516 1242 
f 1246 516 1244 
f 1248 516 1246 
f 492 516 1248 
f 1250 1265 1249 
f 1251 1265 1250 
f 1252 1265 1251 
f 1253 1265 1252 
f 1254 1265 1253 
f 1255 1265 1254 
f 1256 1265 1255 
f 1257 1265 1256 
f 1258 1265 1257 
f 1259 1265 1258 
f 1260 1265 1259 
f 1261 1265 1260 
f 1262 1265 1261 
f 1263 1265 1262 
f 1249 1265 1264 
f 1264 1265 1263 
f 1223 1221 1267 1266 
f 1225 1223 1266 1268 
f 1268 1269 1227 1225 
f 1229 1227 1269 1270 
f 1231 1229 1270 1271 
f 1271 1272 1233 1231 
f 1272 1273 1205 1233 
f 1273 1274 1204 1205 
f 1274 1275 1207 1204 
f 1275 1276 1209 1207 
f 1276 1277 1211 1209 
f 1211 1277 1278 1213 
f 1213 1278 1279 1215 
f 1217 1215 1279 1280 
f 1280 1281 1219 1217 
f 1219 1281 1267 1221 
f 1068 1070 1105 1282 
f 1283 1286 1285 1284 
f 1286 1288 1287 1285 
f 1287 1288 1290 1289 
f 1289 1290 1292 1291 
f 1291 1292 1294 1293 
f 442 1293 1294 540 
f 1295 1298 1297 1296 
f 1295 1296 1283 1284 
f 1299 1300 617 1180 
s 2
f 1187 1188 1234 1235 
f 1189 1186 1298 1295 
f 1188 1190 1237 1234 
f 1191 1189 1295 1284 
f 1190 1192 1239 1237 
f 1193 1191 1284 1285 
f 1192 1194 1241 1239 
f 1195 1193 1285 1287 
f 1194 1196 1243 1241 
f 1197 1195 1287 1289 
f 1196 1198 1245 1243 
f 1199 1197 1289 1291 
f 1198 1200 1247 1245 
f 1201 1199 1291 1293 
f 1200 543 468 1247 
f 542 1201 1293 442 
s 1
f 1152 1302 1185 1301 
f 1303 1183 1282 1304 
f 1136 1306 1305 1135 
f 1137 1307 1306 1136 
f 1138 1308 1307 1137 
f 1139 1309 1308 1138 
f 1140 1310 1309 1139 
f 1141 1311 1310 1140 
f 1142 1312 1311 1141 
f 1143 1313 1312 1142 
f 1144 1314 1313 1143 
f 1145 1315 1314 1144 
f 1146 1316 1315 1145 
f 1147 1317 1316 1146 
f 1148 1318 1317 1147 
f 1184 1318 1148 1149 
f 1151 1319 1323 
f 1321 1322 663 1150 
f 1172 1321 1150 
f 1151 1323 1171 1150 
f 1150 1171 1172 
f 692 686 687 691 
f 734 732 686 692 
f 762 760 732 734 
f 790 788 760 762 
f 818 816 788 790 
f 846 844 816 818 
f 874 872 844 846 
f 902 900 872 874 
f 930 928 900 902 
f 958 956 928 930 
f 986 984 956 958 
f 1014 1012 984 986 
f 1042 1040 1012 1014 
f 1070 1068 1040 1042 
f 1324 1325 1299 1181 
f 1101 1152 593 364 
f 1270 1326 1303 1271 
f 1271 1303 1304 1272 
f 1272 1304 1324 1273 
f 1273 1324 1181 1274 
f 1274 1181 1179 1275 
f 1275 1179 1177 1276 
f 1276 1177 1175 1277 
f 1277 1175 1170 1278 
f 1278 1170 1171 1279 
f 1279 1171 1323 1280 
f 1280 1323 1319 1281 
f 1281 1319 1320 1267 
f 1267 1320 1327 1266 
f 1266 1327 1328 1268 
f 1268 1328 1329 1269 
f 1269 1329 1326 1270 
f 1296 1321 1172 1283 
f 1283 1172 1173 1286 
f 1286 1173 1174 1288 
f 1288 1174 1176 1290 
f 1290 1176 1178 1292 
f 1292 1178 1180 1294 
f 1294 1180 617 540 
f 683 684 1305 1306 
f 730 683 1306 1307 
f 758 730 1307 1308 
f 786 758 1308 1309 
f 814 786 1309 1310 
f 842 814 1310 1311 
f 870 842 1311 1312 
f 898 870 1312 1313 
f 926 898 1313 1314 
f 954 926 1314 1315 
f 982 954 1315 1316 
f 1010 982 1316 1317 
f 1038 1010 1317 1318 
f 1066 1038 1318 1184 
f 1066 1302 1102 1065 
f 1299 1180 1181 
f 1151 1152 1301 
f 1304 1282 1325 1324 
f 1086 1087 1058 1057 
f 1090 1091 1060 1059 
f 1094 1090 1059 1061 
f 1096 1094 1061 1062 
f 1098 1096 1062 1063 
f 1100 1098 1063 1064 
f 1102 1100 1064 1065 
f 1104 1105 1070 1069 
f 1108 1104 1069 1071 
f 1110 1108 1071 1072 
f 1112 1110 1072 1073 
f 1114 1112 1073 1074 
f 1116 1114 1074 1075 
f 1118 1116 1075 1076 
f 1120 1118 1076 1077 
f 1122 1120 1077 1078 
f 1124 1122 1078 1079 
s 2
f 1126 1124 1079 1080 
s 1
f 1128 1126 1080 1081 
s 2
f 1130 1128 1081 1082 
f 1131 1132 1134 1133 
s 1
f 1091 1086 1057 1060 
f 1132 1087 1088 1134 
s 2
f 1168 1131 1133 1169 
s 1
f 1182 1183 1326 1329 
f 1182 1328 1327 1185 
f 1282 1105 1106 1325 
f 1185 1302 1066 1184 
f 1185 1327 1320 1301 
f 1102 1302 1152 1101 
f 1182 1329 1328 
f 1282 1183 1067 1068 
f 1183 1303 1326 
f 365 664 1357 1345 
f 664 1300 1299 1357 
f 1297 1322 1321 1296 
f 1331 343 342 1330 
f 1332 344 343 1331 
f 1333 345 344 1332 
f 1334 346 345 1333 
f 1335 347 346 1334 
f 1336 348 347 1335 
f 1337 349 348 1336 
f 1338 350 349 1337 
f 1339 351 350 1338 
s 2
f 1340 352 351 1339 
s 1
f 1341 353 352 1340 
s 2
f 1342 354 353 1341 
s 1
f 1330 342 341 1343 
f 591 1300 664 1343 
f 1345 1103 1107 1344 
f 1344 1107 1109 1346 
f 1346 1109 1111 1347 
f 1347 1111 1113 1348 
f 1348 1113 1115 1349 
f 1349 1115 1117 1350 
f 1350 1117 1119 1351 
f 1351 1119 1121 1352 
f 1352 1121 1123 1353 
s 2
f 1353 1123 1125 1354 
s 1
f 1354 1125 1127 1355 
s 2
f 1355 1127 1129 1356 
s 1
f 1357 1106 1103 1345 
f 1299 1325 1106 1357 
f 596 597 590 658 
f 1386 1360 1359 1385 
f 1387 1361 1360 1386 
f 1388 1362 1361 1387 
f 1389 1363 1362 1388 
f 1389 2181 2180 1363 
f 1391 1365 1364 1390 
f 1392 1366 1365 1391 
f 1393 1367 1366 1392 
f 1394 1368 1367 1393 
f 1395 1369 1368 1394 
f 1396 1370 1369 1395 
f 1397 1371 1370 1396 
f 1372 1398 1399 1373 
f 1373 1399 1400 1374 
f 1374 1400 1401 1375 
f 1375 1401 1402 1376 
f 1402 2139 2138 1376 
f 1377 1403 1404 1378 
f 1378 1404 1405 1379 
f 1379 1405 1406 1380 
f 1380 1406 1407 1381 
f 2490 2487 2488 2489 
s 2
f 1408 2549 2548 1382 
s 1
f 1412 1386 1385 1411 
f 1413 1387 1386 1412 
f 1414 1388 1387 1413 
f 1415 1389 1388 1414 
f 1415 2182 2181 1389 
f 1417 1391 1390 1416 
f 1418 1392 1391 1417 
f 1419 1393 1392 1418 
f 1420 1394 1393 1419 
f 1421 1395 1394 1420 
f 1422 1396 1395 1421 
f 1423 1397 1396 1422 
f 1398 1424 1425 1399 
f 1399 1425 1426 1400 
f 1400 1426 1427 1401 
f 1401 1427 1428 1402 
f 1428 2140 2139 1402 
f 1403 1429 1430 1404 
f 1404 1430 1431 1405 
f 1405 1431 1432 1406 
f 1406 1432 1433 1407 
f 2492 2490 2489 2491 
s 2
f 1434 2550 2549 1408 
s 1
f 1438 1412 1411 1437 
f 1439 1413 1412 1438 
f 1440 1414 1413 1439 
f 1441 1415 1414 1440 
f 1441 2183 2182 1415 
f 1443 1417 1416 1442 
f 1444 1418 1417 1443 
f 1445 1419 1418 1444 
f 1446 1420 1419 1445 
f 1447 1421 1420 1446 
f 1448 1422 1421 1447 
f 1449 1423 1422 1448 
f 1424 1450 1451 1425 
f 1425 1451 1452 1426 
f 1426 1452 1453 1427 
f 1427 1453 1454 1428 
f 1454 2141 2140 1428 
f 1429 1455 1456 1430 
f 1430 1456 1457 1431 
f 1431 1457 1458 1432 
f 1432 1458 1459 1433 
f 2494 2492 2491 2493 
s 2
f 1460 2551 2550 1434 
s 1
f 1464 1438 1437 1463 
f 1465 1439 1438 1464 
f 1466 1440 1439 1465 
f 1467 1441 1440 1466 
f 1467 2184 2183 1441 
f 1469 1443 1442 1468 
f 1470 1444 1443 1469 
f 1471 1445 1444 1470 
f 1472 1446 1445 1471 
f 1473 1447 1446 1472 
f 1474 1448 1447 1473 
f 1475 1449 1448 1474 
f 1450 1476 1477 1451 
f 1451 1477 1478 1452 
f 1452 1478 1479 1453 
f 1453 1479 1480 1454 
f 1480 2142 2141 1454 
f 1455 1481 1482 1456 
f 1456 1482 1483 1457 
f 1457 1483 1484 1458 
f 1458 1484 1485 1459 
f 2496 2494 2493 2495 
s 2
f 1486 2552 2551 1460 
s 1
f 1490 1464 1463 1489 
f 1491 1465 1464 1490 
f 1492 1466 1465 1491 
f 1493 1467 1466 1492 
f 1493 2185 2184 1467 
f 1495 1469 1468 1494 
f 1496 1470 1469 1495 
f 1497 1471 1470 1496 
f 1498 1472 1471 1497 
f 1499 1473 1472 1498 
f 1500 1474 1473 1499 
f 1501 1475 1474 1500 
f 1476 1502 1503 1477 
f 1477 1503 1504 1478 
f 1478 1504 1505 1479 
f 1479 1505 1506 1480 
f 1506 2143 2142 1480 
f 1481 1507 1508 1482 
f 1482 1508 1509 1483 
f 1483 1509 1510 1484 
f 1484 1510 1511 1485 
f 2498 2496 2495 2497 
s 2
f 1512 2553 2552 1486 
s 1
f 1516 1490 1489 1515 
f 1517 1491 1490 1516 
f 1518 1492 1491 1517 
f 1519 1493 1492 1518 
f 1519 2186 2185 1493 
f 1521 1495 1494 1520 
f 1522 1496 1495 1521 
f 1523 1497 1496 1522 
f 1524 1498 1497 1523 
f 1525 1499 1498 1524 
f 1526 1500 1499 1525 
f 1527 1501 1500 1526 
f 1502 1528 1529 1503 
f 1503 1529 1530 1504 
f 1504 1530 1531 1505 
f 1505 1531 1532 1506 
f 1532 2144 2143 1506 
f 1507 1533 1534 1508 
f 1508 1534 1535 1509 
f 1509 1535 1536 1510 
f 1510 1536 1537 1511 
f 2500 2498 2497 2499 
s 2
f 1538 2554 2553 1512 
s 1
f 1542 1516 1515 1541 
f 1543 1517 1516 1542 
f 1544 1518 1517 1543 
f 1545 1519 1518 1544 
f 1545 2187 2186 1519 
f 1547 1521 1520 1546 
f 1548 1522 1521 1547 
f 1549 1523 1522 1548 
f 1550 1524 1523 1549 
f 1551 1525 1524 1550 
f 1552 1526 1525 1551 
f 1553 1527 1526 1552 
f 1528 1554 1555 1529 
f 1529 1555 1556 1530 
f 1530 1556 1557 1531 
f 1531 1557 1558 1532 
f 1558 2145 2144 1532 
f 1533 1559 1560 1534 
f 1534 1560 1561 1535 
f 1535 1561 1562 1536 
f 1536 1562 1563 1537 
f 2502 2500 2499 2501 
s 2
f 1564 2555 2554 1538 
s 1
f 1568 1542 1541 1567 
f 1569 1543 1542 1568 
f 1570 1544 1543 1569 
f 1571 1545 1544 1570 
f 1571 2188 2187 1545 
f 1573 1547 1546 1572 
f 1574 1548 1547 1573 
f 1575 1549 1548 1574 
f 1576 1550 1549 1575 
f 1577 1551 1550 1576 
f 1578 1552 1551 1577 
f 1579 1553 1552 1578 
f 1554 1580 1581 1555 
f 1555 1581 1582 1556 
f 1556 1582 1583 1557 
f 1557 1583 1584 1558 
f 1584 2146 2145 1558 
f 1559 1585 1586 1560 
f 1560 1586 1587 1561 
f 1561 1587 1588 1562 
f 1562 1588 1589 1563 
f 2504 2502 2501 2503 
s 2
f 1590 2556 2555 1564 
s 1
f 1594 1568 1567 1593 
f 1595 1569 1568 1594 
f 1596 1570 1569 1595 
f 1597 1571 1570 1596 
f 1597 2189 2188 1571 
f 1599 1573 1572 1598 
f 1600 1574 1573 1599 
f 1601 1575 1574 1600 
f 1602 1576 1575 1601 
f 1603 1577 1576 1602 
f 1604 1578 1577 1603 
f 1605 1579 1578 1604 
f 1580 1606 1607 1581 
f 1581 1607 1608 1582 
f 1582 1608 1609 1583 
f 1583 1609 1610 1584 
f 1610 2147 2146 1584 
f 1585 1611 1612 1586 
f 1586 1612 1613 1587 
f 1587 1613 1614 1588 
f 1588 1614 1615 1589 
f 2506 2504 2503 2505 
s 2
f 1616 2557 2556 1590 
s 1
f 1620 1594 1593 1619 
f 1621 1595 1594 1620 
f 1622 1596 1595 1621 
f 1623 1597 1596 1622 
f 1623 2190 2189 1597 
f 1625 1599 1598 1624 
f 1626 1600 1599 1625 
f 1627 1601 1600 1626 
f 1628 1602 1601 1627 
f 1629 1603 1602 1628 
f 1630 1604 1603 1629 
f 1631 1605 1604 1630 
f 1606 1632 1633 1607 
f 1607 1633 1634 1608 
f 1608 1634 1635 1609 
f 1609 1635 1636 1610 
f 1636 2148 2147 1610 
f 1611 1637 1638 1612 
f 1612 1638 1639 1613 
f 1613 1639 1640 1614 
f 1614 1640 1641 1615 
f 2508 2506 2505 2507 
s 2
f 1642 2558 2557 1616 
s 1
f 1646 1620 1619 1645 
f 1647 1621 1620 1646 
f 1648 1622 1621 1647 
f 1649 1623 1622 1648 
f 1649 2191 2190 1623 
f 1651 1625 1624 1650 
f 1652 1626 1625 1651 
f 1653 1627 1626 1652 
f 1654 1628 1627 1653 
f 1655 1629 1628 1654 
f 1656 1630 1629 1655 
f 1657 1631 1630 1656 
f 1632 1658 1659 1633 
f 1633 1659 1660 1634 
f 1634 1660 1661 1635 
f 1635 1661 1662 1636 
f 1662 2149 2148 1636 
f 1637 1663 1664 1638 
f 1638 1664 1665 1639 
f 1639 1665 1666 1640 
f 1640 1666 1667 1641 
f 2510 2508 2507 2509 
s 2
f 1668 2559 2558 1642 
s 1
f 1672 1646 1645 1671 
f 1673 1647 1646 1672 
f 1674 1648 1647 1673 
f 1675 1649 1648 1674 
f 1675 2192 2191 1649 
f 1677 1651 1650 1676 
f 1678 1652 1651 1677 
f 1679 1653 1652 1678 
f 1680 1654 1653 1679 
f 1681 1655 1654 1680 
f 1682 1656 1655 1681 
f 1683 1657 1656 1682 
f 1658 1684 1685 1659 
f 1659 1685 1686 1660 
f 1660 1686 1687 1661 
f 1661 1687 1688 1662 
f 1688 2150 2149 1662 
f 1663 1689 1690 1664 
f 1664 1690 1691 1665 
f 1665 1691 1692 1666 
f 1666 1692 1693 1667 
f 2512 2510 2509 2511 
s 2
f 1694 2560 2559 1668 
s 1
f 1698 1672 1671 1697 
f 1699 1673 1672 1698 
f 1700 1674 1673 1699 
f 1701 1675 1674 1700 
f 1701 2193 2192 1675 
f 1703 1677 1676 1702 
f 1704 1678 1677 1703 
f 1705 1679 1678 1704 
f 1706 1680 1679 1705 
f 1707 1681 1680 1706 
f 1708 1682 1681 1707 
f 1709 1683 1682 1708 
f 1684 1710 1711 1685 
f 1685 1711 1712 1686 
f 1686 1712 1713 1687 
f 1687 1713 1714 1688 
f 1714 2151 2150 1688 
f 1689 1715 1716 1690 
f 1690 1716 1717 1691 
f 1691 1717 1718 1692 
f 1692 1718 1719 1693 
f 2514 2512 2511 2513 
s 2
f 1720 2561 2560 1694 
s 1
f 1724 1698 1697 1723 
f 1725 1699 1698 1724 
f 1726 1700 1699 1725 
f 1727 1701 1700 1726 
f 1727 2194 2193 1701 
f 1729 1703 1702 1728 
f 1730 1704 1703 1729 
f 1731 1705 1704 1730 
f 1732 1706 1705 1731 
f 1733 1707 1706 1732 
f 1734 1708 1707 1733 
f 1735 1709 1708 1734 
f 1710 1736 1737 1711 
f 1711 1737 1738 1712 
f 1712 1738 1739 1713 
f 1713 1739 1740 1714 
f 1740 2152 2151 1714 
f 1715 1741 1742 1716 
f 1716 1742 1743 1717 
f 1717 1743 1744 1718 
f 1718 1744 1745 1719 
f 2516 2514 2513 2515 
s 2
f 1746 2562 2561 1720 
s 1
f 1750 1724 1723 1749 
f 1751 1725 1724 1750 
f 1752 1726 1725 1751 
f 1753 1727 1726 1752 
f 1753 2195 2194 1727 
f 1755 1729 1728 1754 
f 1756 1730 1729 1755 
f 1757 1731 1730 1756 
f 1758 1732 1731 1757 
f 1759 1733 1732 1758 
f 1760 1734 1733 1759 
f 1761 1735 1734 1760 
f 1736 1762 1763 1737 
f 1737 1763 1764 1738 
f 1738 1764 1765 1739 
f 1739 1765 1766 1740 
f 1766 2153 2152 1740 
f 1741 1767 1768 1742 
f 1742 1768 1769 1743 
f 1743 1769 1770 1744 
f 1744 1770 1771 1745 
f 2518 2516 2515 2517 
s 2
f 1772 2563 2562 1746 
s 1
f 1776 1750 1749 1775 
f 1777 1751 1750 1776 
f 1778 1752 1751 1777 
f 1779 1753 1752 1778 
f 1779 2196 2195 1753 
f 1781 1755 1754 1780 
f 1782 1756 1755 1781 
f 1783 1757 1756 1782 
f 1784 1758 1757 1783 
f 1785 1759 1758 1784 
f 1786 1760 1759 1785 
f 1787 1761 1760 1786 
f 1762 1788 1789 1763 
f 1763 1789 1790 1764 
f 1764 1790 1791 1765 
f 1765 1791 1792 1766 
f 1792 2154 2153 1766 
f 1767 1793 1794 1768 
f 1768 1794 1795 1769 
f 1769 1795 1796 1770 
f 1770 1796 1797 1771 
f 2520 2518 2517 2519 
s 2
f 1798 2564 2563 1772 
s 1
f 1802 1776 1775 1801 
f 1803 1777 1776 1802 
f 1804 1778 1777 1803 
f 1805 1779 1778 1804 
f 1805 2197 2196 1779 
f 1807 1781 1780 1806 
f 1808 1782 1781 1807 
f 1809 1783 1782 1808 
f 1810 1784 1783 1809 
f 1811 1785 1784 1810 
f 1812 1786 1785 1811 
f 1813 1787 1786 1812 
f 1788 1814 1815 1789 
f 1789 1815 1816 1790 
f 1790 1816 1817 1791 
f 1791 1817 1818 1792 
f 1818 2155 2154 1792 
f 1793 1819 1820 1794 
f 1794 1820 1821 1795 
f 1795 1821 1822 1796 
f 1796 1822 1823 1797 
f 2522 2520 2519 2521 
s 2
f 1824 2565 2564 1798 
s 1
f 1828 1802 1801 1827 
f 1829 1803 1802 1828 
f 1830 1804 1803 1829 
f 1831 1805 1804 1830 
f 1831 2198 2197 1805 
f 1833 1807 1806 1832 
f 1834 1808 1807 1833 
f 1835 1809 1808 1834 
f 1836 1810 1809 1835 
f 1837 1811 1810 1836 
f 1838 1812 1811 1837 
f 1839 1813 1812 1838 
f 1814 1840 1841 1815 
f 1815 1841 1842 1816 
f 1816 1842 1843 1817 
f 1817 1843 1844 1818 
f 1844 2156 2155 1818 
f 1819 1845 1846 1820 
f 1820 1846 1847 1821 
f 1821 1847 1848 1822 
f 1822 1848 1849 1823 
f 2524 2522 2521 2523 
s 2
f 1850 2566 2565 1824 
s 1
f 1854 1828 1827 1853 
f 1855 1829 1828 1854 
f 1856 1830 1829 1855 
f 1857 1831 1830 1856 
f 1857 2199 2198 1831 
f 1859 1833 1832 1858 
f 1860 1834 1833 1859 
f 1861 1835 1834 1860 
f 1862 1836 1835 1861 
f 1863 1837 1836 1862 
f 1864 1838 1837 1863 
f 1865 1839 1838 1864 
f 1840 1866 1867 1841 
f 1841 1867 1868 1842 
f 1842 1868 1869 1843 
f 1843 1869 1870 1844 
f 1870 2157 2156 1844 
f 1845 1871 1872 1846 
f 1846 1872 1873 1847 
f 1847 1873 1874 1848 
f 1848 1874 1875 1849 
f 2526 2524 2523 2525 
s 2
f 1876 2567 2566 1850 
s 1
f 1880 1854 1853 1879 
f 1881 1855 1854 1880 
f 1882 1856 1855 1881 
f 1883 1857 1856 1882 
f 1884 1862 1861 2270 
f 1885 1863 1862 1884 
f 1886 1864 1863 1885 
f 1887 1865 1864 1886 
f 1866 1888 1889 1867 
f 1867 1889 1890 1868 
f 1868 1890 1891 1869 
f 1869 1891 1892 1870 
f 1892 2158 2157 1870 
f 1871 1893 1894 1872 
f 1872 1894 1895 1873 
f 1873 1895 1896 1874 
f 1874 1896 1897 1875 
f 2528 2526 2525 2527 
s 2
f 1898 2568 2567 1876 
s 1
f 1902 1880 1879 1901 
f 1903 1881 1880 1902 
f 1904 1882 1881 1903 
f 1905 1883 1882 1904 
f 1907 1885 1884 1906 
f 1908 1886 1885 1907 
f 1909 1887 1886 1908 
f 1888 1910 1911 1889 
f 1889 1911 1912 1890 
f 1890 1912 1913 1891 
f 1891 1913 1914 1892 
f 1914 2159 2158 1892 
f 1893 1915 1916 1894 
f 1894 1916 1917 1895 
f 1895 1917 1918 1896 
f 1896 1918 1919 1897 
f 2530 2528 2527 2529 
s 2
f 1920 2569 2568 1898 
s 1
f 1924 1902 1901 1923 
f 1925 1903 1902 1924 
f 1926 1904 1903 1925 
f 1927 1905 1904 1926 
f 1929 1908 1907 1928 
f 1930 1909 1908 1929 
f 1910 1931 1932 1911 
f 1911 1932 1933 1912 
f 1912 1933 1934 1913 
f 1913 1934 1935 1914 
f 1935 2160 2159 1914 
f 1915 1936 1937 1916 
f 1916 1937 1938 1917 
f 1917 1938 1939 1918 
f 1918 1939 1940 1919 
f 2532 2530 2529 2531 
s 2
f 1941 2570 2569 1920 
s 1
f 1945 1924 1923 1944 
f 1946 1925 1924 1945 
f 1947 1926 1925 1946 
f 1948 1927 1926 1947 
f 1931 1950 1951 1932 
f 1932 1951 1952 1933 
f 1933 1952 1953 1934 
f 1934 1953 1954 1935 
f 1954 2161 2160 1935 
f 2168 2169 1937 1936 
f 2169 2170 1938 1937 
f 2170 2171 1939 1938 
f 2171 2172 1940 1939 
f 2545 2546 2532 2531 
s 2
f 1960 2571 2570 1941 
s 1
f 1964 1945 1944 1963 
f 1965 1946 1945 1964 
f 1966 1947 1946 1965 
f 1967 1948 1947 1966 
s 2
f 1968 2572 2571 1960 
s 1
f 1972 1964 1963 1971 
f 1973 1965 1964 1972 
f 1974 1966 1965 1973 
f 1975 1967 1966 1974 
s 2
f 1988 2573 2572 1968 
s 1
f 1992 1972 1971 1991 
f 1993 1973 1972 1992 
f 1994 1974 1973 1993 
f 1995 1975 1974 1994 
f 1998 1977 1976 1997 
f 1978 1999 2000 1979 
f 1979 2000 2001 1980 
f 1980 2001 2002 1981 
f 1981 2002 2003 1982 
f 2003 2162 2375 1982 
f 1983 2220 2221 1984 
f 1984 2221 2222 1985 
f 1985 2222 2223 1986 
f 1986 2223 2224 1987 
s 2
f 2009 2574 2573 1988 
s 1
f 2013 1992 1991 2012 
f 2014 1993 1992 2013 
f 2015 1994 1993 2014 
f 2016 1995 1994 2015 
f 2019 1997 1996 2018 
f 2020 1998 1997 2019 
f 1999 2021 2022 2000 
f 2000 2022 2023 2001 
f 2001 2023 2024 2002 
f 2002 2024 2025 2003 
f 2025 2163 2162 2003 
f 2004 2026 2027 2005 
f 2005 2027 2028 2006 
f 2006 2028 2029 2007 
f 2007 2029 2030 2008 
f 2536 2534 2533 2535 
s 2
f 2031 2575 2574 2009 
s 1
f 2035 2013 2012 2034 
f 2036 2014 2013 2035 
f 2037 2015 2014 2036 
f 2038 2016 2015 2037 
f 2041 2018 2017 2040 
f 2042 2019 2018 2041 
f 2043 2020 2019 2042 
f 2021 2044 2045 2022 
f 2022 2045 2046 2023 
f 2023 2046 2047 2024 
f 2024 2047 2048 2025 
f 2048 2164 2163 2025 
f 2026 2049 2050 2027 
f 2027 2050 2051 2028 
f 2028 2051 2052 2029 
f 2029 2052 2053 2030 
f 2538 2536 2535 2537 
s 2
f 2054 2576 2575 2031 
s 1
f 2058 2035 2034 2057 
f 2059 2036 2035 2058 
f 2060 2037 2036 2059 
f 2061 2038 2037 2060 
f 2066 2040 2039 2065 
f 2067 2041 2040 2066 
f 2068 2042 2041 2067 
f 2069 2043 2042 2068 
f 2044 2070 2071 2045 
f 2045 2071 2072 2046 
f 2046 2072 2073 2047 
f 2047 2073 2074 2048 
f 2074 2165 2164 2048 
f 2049 2075 2076 2050 
f 2050 2076 2077 2051 
f 2051 2077 2078 2052 
f 2052 2078 2079 2053 
f 2540 2538 2537 2539 
s 2
f 2080 2577 2576 2054 
s 1
f 2084 2058 2057 2083 
f 2085 2059 2058 2084 
f 2086 2060 2059 2085 
f 2087 2061 2060 2086 
f 2087 2201 2200 2061 
f 2089 2063 2062 2088 
f 2090 2064 2063 2089 
f 2091 2065 2064 2090 
f 2092 2066 2065 2091 
f 2093 2067 2066 2092 
f 2094 2068 2067 2093 
f 2095 2069 2068 2094 
f 2070 2096 2097 2071 
f 2071 2097 2098 2072 
f 2072 2098 2099 2073 
f 2073 2099 2100 2074 
f 2100 2166 2165 2074 
f 2075 2101 2102 2076 
f 2076 2102 2103 2077 
f 2077 2103 2104 2078 
f 2078 2104 2105 2079 
f 2542 2540 2539 2541 
s 2
f 2106 2578 2577 2080 
s 1
f 2110 2084 2083 2109 
f 2111 2085 2084 2110 
f 2112 2086 2085 2111 
f 2113 2087 2086 2112 
f 2113 2202 2201 2087 
f 2115 2089 2088 2114 
f 2116 2090 2089 2115 
f 2117 2091 2090 2116 
f 2118 2092 2091 2117 
f 2119 2093 2092 2118 
f 2120 2094 2093 2119 
f 2121 2095 2094 2120 
f 2122 2123 2097 2096 
f 2123 2124 2098 2097 
f 2124 2125 2099 2098 
f 2125 2126 2100 2099 
f 2126 2167 2166 2100 
f 2127 2128 2102 2101 
f 2128 2129 2103 2102 
f 2129 2130 2104 2103 
f 2130 2131 2105 2104 
f 2544 2542 2541 2543 
s 2
f 2132 2579 2578 2106 
s 1
f 1360 2110 2109 1359 
f 1361 2111 2110 1360 
f 1362 2112 2111 1361 
f 1363 2113 2112 1362 
f 1363 2180 2202 2113 
f 1365 2115 2114 1364 
f 1366 2116 2115 1365 
f 1367 2117 2116 1366 
f 1368 2118 2117 1367 
f 1369 2119 2118 1368 
f 1370 2120 2119 1369 
f 1371 2121 2120 1370 
f 2122 1372 1373 2123 
f 2123 1373 1374 2124 
f 2124 1374 1375 2125 
f 2125 1375 1376 2126 
f 1376 2138 2167 2126 
f 2127 1377 1378 2128 
f 2128 1378 1379 2129 
f 2129 1379 1380 2130 
f 2130 1380 1381 2131 
f 2487 2544 2543 2488 
s 2
f 1382 2548 2579 2132 
s 1
f 1605 1631 1632 1606 
f 1631 1657 1658 1632 
f 1657 1683 1684 1658 
f 1683 1709 1710 1684 
f 1709 1735 1736 1710 
f 1735 1761 1762 1736 
f 1761 1787 1788 1762 
f 1787 1813 1814 1788 
f 1813 1839 1840 1814 
f 1839 1865 1866 1840 
f 1865 1887 1888 1866 
f 1887 1909 1910 1888 
f 1909 1930 1931 1910 
f 1930 1949 1950 1931 
f 1977 1998 1999 1978 
f 1998 2020 2021 1999 
f 2020 2043 2044 2021 
f 2043 2069 2070 2044 
f 2069 2095 2096 2070 
f 2095 2121 2122 2096 
f 2121 1371 1372 2122 
f 1371 1397 1398 1372 
f 1397 1423 1424 1398 
f 1423 1449 1450 1424 
f 1449 1475 1476 1450 
f 1475 1501 1502 1476 
f 1501 1527 1528 1502 
f 1527 1553 1554 1528 
f 1553 1579 1580 1554 
f 1579 1605 1606 1580 
f 1385 1359 1384 1410 
f 1411 1385 1410 1436 
f 1437 1411 1436 1462 
f 1463 1437 1462 1488 
f 1489 1463 1488 1514 
f 1515 1489 1514 1540 
f 1541 1515 1540 1566 
f 1567 1541 1566 1592 
f 1593 1567 1592 1618 
f 1619 1593 1618 1644 
f 1645 1619 1644 1670 
f 1671 1645 1670 1696 
f 1697 1671 1696 1722 
f 1723 1697 1722 1748 
f 1749 1723 1748 1774 
f 1775 1749 1774 1800 
f 1801 1775 1800 1826 
f 1827 1801 1826 1852 
f 1853 1827 1852 1878 
f 1879 1853 1878 1900 
f 1901 1879 1900 1922 
f 1923 1901 1922 1943 
f 1944 1923 1943 1962 
f 1963 1944 1962 1970 
f 1971 1963 1970 1990 
f 1991 1971 1990 2011 
f 2012 1991 2011 2033 
f 2034 2012 2033 2056 
f 2057 2034 2056 2082 
f 2083 2057 2082 2108 
f 2109 2083 2108 1358 
f 1359 2109 1358 1384 
f 1968 2580 2581 1988 
f 1968 1960 2546 2580 
f 1403 1377 2138 2139 
f 1429 1403 2139 2140 
f 1455 1429 2140 2141 
f 1481 1455 2141 2142 
f 1507 1481 2142 2143 
f 1533 1507 2143 2144 
f 1559 1533 2144 2145 
f 1585 1559 2145 2146 
f 1611 1585 2146 2147 
f 1637 1611 2147 2148 
f 1663 1637 2148 2149 
f 1689 1663 2149 2150 
f 1715 1689 2150 2151 
f 1741 1715 2151 2152 
f 1767 1741 2152 2153 
f 1793 1767 2153 2154 
f 1819 1793 2154 2155 
f 1845 1819 2155 2156 
f 1871 1845 2156 2157 
f 1893 1871 2157 2158 
f 1915 1893 2158 2159 
f 2160 1936 1915 2159 
f 2161 2168 1936 2160 
f 2026 2004 2162 2163 
f 2049 2026 2163 2164 
f 2075 2049 2164 2165 
f 2101 2075 2165 2166 
f 2127 2101 2166 2167 
f 1377 2127 2167 2138 
f 2219 2218 2169 2168 
f 2218 2217 2170 2169 
f 2217 2216 2171 2170 
f 2216 2215 2172 2171 
f 1930 1929 2173 1949 
f 2173 1929 1928 
f 1928 1907 1906 
f 1906 1884 2270 
f 1997 1976 2174 1996 
f 2018 1996 2175 2017 
f 2176 2175 1996 2174 
f 2040 2017 2177 2039 
f 2177 2017 2175 
f 2065 2039 2178 2064 
f 2064 2178 2179 2063 
f 2063 2179 2357 2062 
f 1390 1364 2180 2181 
f 1416 1390 2181 2182 
f 1442 1416 2182 2183 
f 1468 1442 2183 2184 
f 1494 1468 2184 2185 
f 1520 1494 2185 2186 
f 1546 1520 2186 2187 
f 1572 1546 2187 2188 
f 1598 1572 2188 2189 
f 1624 1598 2189 2190 
f 1650 1624 2190 2191 
f 1676 1650 2191 2192 
f 1702 1676 2192 2193 
f 1728 1702 2193 2194 
f 1754 1728 2194 2195 
f 1780 1754 2195 2196 
f 1806 1780 2196 2197 
f 1832 1806 2197 2198 
f 1858 1832 2198 2199 
f 2088 2062 2200 2201 
f 2114 2088 2201 2202 
f 1364 2114 2202 2180 
f 2062 2357 2203 2200 
f 2200 2203 2414 2061 
f 2061 2414 2417 2038 
f 2038 2417 2420 2016 
f 2016 2420 2474 1995 
f 1995 2474 2204 1975 
f 1975 2204 2396 1967 
f 1967 2396 2481 1948 
f 1948 2481 2484 1927 
f 1927 2484 2205 1905 
f 1905 2205 2206 1883 
f 2207 2199 1857 
f 1857 1883 2206 2207 
f 2208 1858 2209 
f 2199 2207 2209 1858 
f 2375 2162 2004 2210 
f 2210 2004 2005 2211 
f 2211 2005 2006 2212 
f 2212 2006 2007 2213 
f 2213 2007 2008 2214 
f 2534 2581 2547 2533 
f 2285 1956 2218 
f 1956 1957 2217 2218 
f 1957 1958 2216 2217 
f 1958 1959 2215 2216 
f 2220 2210 2211 2221 
f 2221 2211 2212 2222 
f 2222 2212 2213 2223 
f 2223 2213 2214 2224 
f 2161 1954 2230 2225 
f 2168 2161 2225 2219 
f 2225 2230 2235 2226 
f 2219 2225 2226 1955 
f 1952 1951 2227 2228 
f 1953 1952 2228 2229 
f 1954 1953 2229 2230 
f 2227 2251 2231 2232 
f 2228 2227 2232 2233 
f 2229 2228 2233 2234 
f 2230 2229 2234 2235 
f 2232 2259 2236 2233 
f 2234 2233 2236 2237 
f 2235 2234 2237 
f 2232 2231 2259 
f 2237 2236 2282 2238 
f 2235 2237 2238 2226 
f 2236 2259 2282 
f 2251 2227 1951 
f 1955 2226 2238 2239 
f 2282 2243 2239 2238 
f 2285 2286 2240 1956 
f 1957 1956 2240 2241 
f 1958 1957 2241 2242 
f 2240 2286 2336 2244 
f 2241 2240 2244 2245 
f 2242 2241 2245 2246 
f 1928 1906 2247 2248 
f 1906 2270 2271 2247 
f 1951 1950 2250 2251 
f 1950 1949 2249 2250 
f 1949 2173 2252 2249 
f 2173 1928 2248 2252 
f 2248 2247 2254 2255 
f 2247 2271 2253 2254 
f 2251 2250 2257 2231 
f 2250 2249 2256 2257 
f 2249 2252 2258 2256 
f 2252 2248 2255 2258 
f 2255 2254 2261 2262 
f 2254 2253 2260 2261 
f 2231 2257 2264 2259 
f 2257 2256 2263 2264 
f 2256 2258 2265 2263 
f 2258 2255 2262 2265 
f 1859 1858 2208 2266 
f 1860 1859 2266 2267 
f 1861 1860 2267 2270 
f 2266 2208 2272 2268 
f 2267 2266 2268 2269 
f 2267 2269 2270 
f 2268 2272 2275 2276 
f 2269 2268 2276 2277 
f 2270 2269 2277 
f 2208 2209 2273 2272 
f 2272 2273 2274 2275 
f 2260 2253 2276 2275 
f 2253 2271 2277 2276 
f 2277 2271 2270 
f 2278 2261 2260 2274 
f 2260 2275 2274 
f 2261 2278 2279 2262 
f 2262 2279 2280 2265 
f 2265 2280 2281 2263 
f 2263 2281 2282 2264 
f 2259 2264 2282 
f 2243 2282 2283 
f 2282 2281 2284 
f 2284 2283 2282 
f 2336 2243 2283 
f 1955 2285 2218 2219 
f 1955 2239 2286 2285 
f 2239 2243 2336 2286 
f 1958 2242 2287 1959 
f 2288 2287 2242 2246 
f 1959 2287 2289 2136 
f 2290 2289 2287 2288 
f 2136 2289 2291 2292 
f 2293 2291 2289 2290 
f 2294 2135 2292 2291 
f 2335 2294 2291 2293 
f 2295 2273 2209 2207 
f 2296 2295 2207 2206 
f 2273 2295 2297 2274 
f 2298 2297 2295 2296 
f 2206 2205 2299 2296 
f 2296 2299 2300 2298 
f 2274 2297 2301 2278 
f 2297 2298 2302 2301 
f 2298 2300 2303 2302 
f 2278 2301 2304 2279 
f 2302 2305 2304 2301 
f 2306 2305 2302 2303 
f 2279 2304 2307 2280 
f 2308 2307 2304 2305 
f 2309 2308 2305 2306 
f 2280 2307 2310 2281 
f 2311 2310 2307 2308 
f 2312 2311 2308 2309 
f 2281 2310 2313 2284 
f 2314 2313 2310 2311 
f 2315 2314 2311 2312 
f 2284 2313 2316 2283 
f 2317 2316 2313 2314 
f 2318 2317 2314 2315 
f 2245 2244 2319 2320 
f 2246 2245 2320 2321 
f 2244 2336 2337 2319 
f 2288 2246 2321 2322 
f 2290 2288 2322 2323 
f 2293 2290 2323 2335 
f 2320 2319 2324 2325 
f 2321 2320 2325 2326 
f 2319 2337 2338 2324 
f 2322 2321 2326 2327 
f 2323 2322 2327 2328 
f 2323 2328 2335 
f 2325 2324 2329 2330 
f 2326 2325 2330 2331 
f 2324 2338 2332 2329 
f 2327 2326 2331 2333 
f 2328 2327 2333 2334 
f 2328 2334 2335 
f 2283 2316 2337 2336 
f 2316 2317 2338 2337 
f 2317 2318 2332 2338 
f 2135 2294 2411 
f 2294 2335 2411 
f 2205 2484 2485 2299 
f 2299 2485 2486 2300 
f 2303 2300 2486 
f 2306 2303 2340 2341 
f 2309 2306 2341 2342 
f 2312 2309 2342 2440 
f 2315 2312 2440 2343 
f 2318 2315 2343 2344 
f 2330 2329 2345 2346 
f 2331 2330 2346 2347 
f 2329 2332 2348 2345 
f 2333 2331 2347 2349 
f 2334 2333 2349 2350 
f 2335 2334 2350 2411 
f 2332 2318 2344 2348 
f 2178 2039 2351 2352 
f 2179 2178 2352 2353 
f 2179 2353 2357 
f 2352 2351 2354 2355 
f 2353 2352 2355 2356 
f 2353 2356 2357 
f 2176 2174 2364 2358 
f 2039 2177 2359 2351 
f 2177 2176 2358 2359 
f 2358 2364 2367 2360 
f 2351 2359 2361 2354 
f 2359 2358 2360 2361 
f 1976 1977 2363 2362 
f 1977 1978 2368 2363 
f 2174 1976 2362 2364 
f 2362 2363 2366 2365 
f 2363 2368 2373 2366 
f 2364 2362 2365 2367 
f 1978 1979 2369 2368 
f 1979 1980 2370 2369 
f 1980 1981 2371 2370 
f 1981 1982 2372 2371 
f 2368 2369 2373 
f 2369 2370 2374 2373 
f 2370 2371 2374 
f 2371 2372 2374 
f 2372 1982 2375 2376 
f 2374 2372 2376 2378 
f 2373 2374 2378 2377 
f 2375 2210 2220 2376 
f 2378 2376 2220 1983 
f 1983 1984 2380 2379 
f 1984 1985 2381 2380 
f 1985 1986 2382 2381 
f 2378 1983 2379 2377 
f 1986 1987 2383 2382 
f 1987 2137 2384 2383 
f 2386 2384 2137 2385 
f 2387 2386 2385 2134 
f 2387 2134 2411 
f 2373 2377 2388 2366 
f 2377 2379 2389 
f 2389 2390 2377 
f 2390 2388 2377 
f 2390 2389 2391 2392 
f 2388 2390 2392 2428 
f 2392 2391 2394 2395 
f 2428 2392 2395 2393 
f 2395 2343 2440 2393 
f 2394 2344 2343 2395 
f 2380 2409 2410 2379 
f 2381 2408 2409 2380 
f 2382 2407 2408 2381 
f 2383 2406 2407 2382 
f 2384 2405 2406 2383 
f 2386 2404 2405 2384 
f 2386 2387 2404 
f 2409 2398 2397 2410 
f 2408 2399 2398 2409 
f 2400 2399 2408 2407 
f 2401 2400 2407 2406 
f 2405 2402 2401 2406 
f 2404 2403 2402 2405 
f 2387 2403 2404 
f 2410 2391 2389 2379 
f 2410 2397 2394 2391 
f 2397 2348 2344 2394 
f 2397 2398 2345 2348 
f 2398 2399 2346 2345 
f 2399 2400 2347 2346 
f 2400 2401 2349 2347 
f 2401 2402 2350 2349 
f 2402 2403 2411 2350 
f 2403 2387 2411 
f 2356 2355 2412 2413 
f 2357 2356 2413 2203 
f 2413 2412 2415 2416 
f 2203 2413 2416 2414 
f 2416 2415 2418 2419 
f 2414 2416 2419 2417 
f 2439 2339 2478 2479 
f 2478 2339 2396 2204 
f 2355 2354 2423 2412 
f 2354 2361 2424 2423 
f 2424 2361 2360 2425 
f 2426 2425 2360 2367 
f 2427 2426 2367 2365 
f 2388 2427 2365 2366 
f 2175 2176 2177 
f 2412 2423 2429 2415 
f 2423 2424 2430 2429 
f 2424 2425 2431 2430 
f 2425 2426 2432 2431 
f 2426 2427 2433 2432 
f 2427 2388 2428 2433 
f 2415 2429 2434 2418 
f 2429 2430 2435 2434 
f 2430 2431 2436 2435 
f 2431 2432 2437 2436 
f 2432 2433 2438 2437 
f 2433 2428 2393 2438 
f 2418 2434 2421 
f 2480 2439 2479 
f 2435 2439 2480 
f 2340 2439 2435 2436 
f 2341 2340 2436 2437 
f 2342 2341 2437 2438 
f 2440 2342 2438 2393 
f 1384 1358 2441 2442 
f 1410 1384 2442 2443 
f 1436 1410 2443 2444 
f 1462 1436 2444 2445 
f 1488 1462 2445 2446 
f 1514 1488 2446 2447 
f 1540 1514 2447 2448 
f 1566 1540 2448 2449 
f 1592 1566 2449 2450 
f 1618 1592 2450 2451 
f 1644 1618 2451 2452 
f 1670 1644 2452 2453 
f 1696 1670 2453 2454 
f 1722 1696 2454 2455 
f 1748 1722 2455 2456 
f 1774 1748 2456 2457 
f 1800 1774 2457 2458 
f 1826 1800 2458 2459 
f 1852 1826 2459 2460 
f 1878 1852 2460 2461 
f 1900 1878 2461 2462 
f 1922 1900 2462 2463 
f 1943 1922 2463 2464 
f 1962 1943 2464 2465 
f 1970 1962 2465 2466 
f 1990 1970 2466 2467 
f 2011 1990 2467 2468 
f 2033 2011 2468 2469 
f 2056 2033 2469 2470 
f 2082 2056 2470 2471 
f 2108 2082 2471 2472 
f 1358 2108 2472 2441 
f 2442 2441 2473 
f 2443 2442 2473 
f 2444 2443 2473 
f 2445 2444 2473 
f 2446 2445 2473 
f 2447 2446 2473 
f 2448 2447 2473 
f 2449 2448 2473 
f 2450 2449 2473 
f 2451 2450 2473 
f 2452 2451 2473 
f 2453 2452 2473 
f 2454 2453 2473 
f 2455 2454 2473 
f 2456 2455 2473 
f 2457 2456 2473 
f 2458 2457 2473 
f 2459 2458 2473 
f 2460 2459 2473 
f 2461 2460 2473 
f 2462 2461 2473 
f 2463 2462 2473 
f 2464 2463 2473 
f 2465 2464 2473 
f 2466 2465 2473 
f 2467 2466 2473 
f 2468 2467 2473 
f 2469 2468 2473 
f 2470 2469 2473 
f 2471 2470 2473 
f 2472 2471 2473 
f 2441 2472 2473 
f 2420 2422 2475 2474 
f 2422 2421 2476 2475 
f 2476 2421 2434 2477 
f 2477 2434 2435 
f 2474 2475 2478 2204 
f 2475 2476 2479 2478 
f 2479 2476 2477 2480 
f 2480 2477 2435 
f 2396 2339 2482 2481 
f 2339 2439 2483 2482 
f 2483 2439 2340 
f 2484 2481 2482 2485 
f 2482 2483 2486 2485 
f 2303 2486 2483 2340 
f 2422 2419 2418 2421 
f 2422 2420 2417 2419 
f 1408 1382 2487 2490 
f 1381 1407 2489 2488 
f 1434 1408 2490 2492 
f 1407 1433 2491 2489 
f 1460 1434 2492 2494 
f 1433 1459 2493 2491 
f 1486 1460 2494 2496 
f 1459 1485 2495 2493 
f 1512 1486 2496 2498 
f 1485 1511 2497 2495 
f 1538 1512 2498 2500 
f 1511 1537 2499 2497 
f 1564 1538 2500 2502 
f 1537 1563 2501 2499 
f 1590 1564 2502 2504 
f 1563 1589 2503 2501 
f 1616 1590 2504 2506 
f 1589 1615 2505 2503 
f 1642 1616 2506 2508 
f 1615 1641 2507 2505 
f 1668 1642 2508 2510 
f 1641 1667 2509 2507 
f 1694 1668 2510 2512 
f 1667 1693 2511 2509 
f 1720 1694 2512 2514 
f 1693 1719 2513 2511 
f 1746 1720 2514 2516 
f 1719 1745 2515 2513 
f 1772 1746 2516 2518 
f 1745 1771 2517 2515 
f 1798 1772 2518 2520 
f 1771 1797 2519 2517 
f 1824 1798 2520 2522 
f 1797 1823 2521 2519 
f 1850 1824 2522 2524 
f 1823 1849 2523 2521 
f 1876 1850 2524 2526 
f 1849 1875 2525 2523 
f 1898 1876 2526 2528 
f 1875 1897 2527 2525 
f 1920 1898 2528 2530 
f 1897 1919 2529 2527 
f 1941 1920 2530 2532 
f 1919 1940 2531 2529 
f 2546 1960 1941 2532 
f 2531 1940 2172 2545 
f 2031 2009 2534 2536 
f 2008 2030 2535 2533 
f 2054 2031 2536 2538 
f 2030 2053 2537 2535 
f 2080 2054 2538 2540 
f 2053 2079 2539 2537 
f 2106 2080 2540 2542 
f 2079 2105 2541 2539 
f 2132 2106 2542 2544 
f 2105 2131 2543 2541 
f 1382 2132 2544 2487 
f 2131 1381 2488 2543 
f 2009 1988 2581 2534 
f 2214 2008 2533 2547 
s 2
f 1409 1383 2548 2549 
f 1435 1409 2549 2550 
f 1461 1435 2550 2551 
f 1487 1461 2551 2552 
f 1513 1487 2552 2553 
f 1539 1513 2553 2554 
f 1565 1539 2554 2555 
f 1591 1565 2555 2556 
f 1617 1591 2556 2557 
f 1643 1617 2557 2558 
f 1669 1643 2558 2559 
f 1695 1669 2559 2560 
f 1721 1695 2560 2561 
f 1747 1721 2561 2562 
f 1773 1747 2562 2563 
f 1799 1773 2563 2564 
f 1825 1799 2564 2565 
f 1851 1825 2565 2566 
f 1877 1851 2566 2567 
f 1899 1877 2567 2568 
f 1921 1899 2568 2569 
f 1942 1921 2569 2570 
f 1961 1942 2570 2571 
f 1969 1961 2571 2572 
f 1989 1969 2572 2573 
f 2010 1989 2573 2574 
f 2032 2010 2574 2575 
f 2055 2032 2575 2576 
f 2081 2055 2576 2577 
f 2107 2081 2577 2578 
f 2133 2107 2578 2579 
f 1383 2133 2579 2548 
s 1
f 2545 2172 2215 2546 
f 2215 1959 2136 2546 
f 2546 2136 2292 
f 2546 2292 2135 
f 2135 2411 2580 2546 
f 2580 2411 2134 2581 
f 2581 2134 2385 
f 2581 2385 2137 
f 2581 2137 1987 
f 2581 1987 2224 
f 2224 2214 2547 2581 
f 3106 3107 3109 3108 
f 3078 3079 3081 3080 
f 3080 3081 3083 3082 
f 3082 3083 3085 3084 
f 3084 3085 3087 3086 
f 3086 3087 3089 3088 
f 3088 3089 3091 3090 
f 3091 3093 3092 3090 
f 3092 3093 3095 3094 
f 3094 3095 3097 3096 
f 3096 3097 3099 3098 
f 3098 3099 3101 3100 
f 3100 3101 3103 3102 
f 3102 3103 3105 3104 
f 3104 3105 3107 3106 
f 2598 2673 2672 2597 
f 2599 2674 2673 2598 
f 2600 2675 2674 2599 
f 2601 2676 2675 2600 
f 2602 2677 2676 2601 
f 2603 2678 2677 2602 
f 2604 2679 2678 2603 
f 2605 2680 2679 2604 
f 2606 2681 2680 2605 
f 2607 2682 2681 2606 
f 2608 2683 2682 2607 
f 2609 2684 2683 2608 
f 2610 2685 2684 2609 
f 2611 2686 2685 2610 
f 2686 2611 2808 2814 
f 2612 2613 2628 2627 
f 2613 2614 2629 2628 
f 2614 2615 2630 2629 
f 2615 2616 2631 2630 
f 2616 2617 2632 2631 
f 2617 2618 2633 2632 
f 2618 2619 2634 2633 
f 2619 2620 2635 2634 
f 2620 2621 2636 2635 
f 2621 2622 2637 2636 
f 2622 2623 2638 2637 
f 2623 2624 2639 2638 
f 2624 2625 2640 2639 
f 2625 2626 2641 2640 
f 2626 2810 2811 2641 
f 2628 2643 2642 2627 
f 2629 2644 2643 2628 
f 2630 2645 2644 2629 
f 2631 2646 2645 2630 
f 2632 2647 2646 2631 
f 2633 2648 2647 2632 
f 2634 2649 2648 2633 
f 2635 2650 2649 2634 
f 2636 2651 2650 2635 
f 2637 2652 2651 2636 
f 2638 2653 2652 2637 
f 2639 2654 2653 2638 
f 2640 2655 2654 2639 
f 2641 2656 2655 2640 
f 2811 2896 2656 2641 
f 2642 2643 2658 2657 
f 2643 2644 2659 2658 
f 2644 2645 2660 2659 
f 2645 2646 2661 2660 
f 2646 2647 2662 2661 
f 2647 2648 2663 2662 
f 2648 2649 2664 2663 
f 2649 2650 2665 2664 
f 2650 2651 2666 2665 
f 2651 2652 2667 2666 
f 2652 2653 2668 2667 
f 2653 2654 2669 2668 
f 2654 2655 2670 2669 
f 2655 2656 2671 2670 
f 2656 2896 2895 2671 
f 2927 2815 2672 2612 
f 2613 2612 2672 2673 
f 2614 2613 2673 2674 
f 2615 2614 2674 2675 
f 2616 2615 2675 2676 
f 2617 2616 2676 2677 
f 2618 2617 2677 2678 
f 2619 2618 2678 2679 
f 2620 2619 2679 2680 
f 2621 2620 2680 2681 
f 2622 2621 2681 2682 
f 2623 2622 2682 2683 
f 2624 2623 2683 2684 
f 2625 2624 2684 2685 
f 2626 2625 2685 2686 
f 2686 2814 2810 2626 
f 2658 2703 2702 2657 
f 2659 2704 2703 2658 
f 2660 2705 2704 2659 
f 2661 2706 2705 2660 
f 2662 2707 2706 2661 
f 2663 2708 2707 2662 
f 2664 2709 2708 2663 
f 2665 2710 2709 2664 
f 2666 2711 2710 2665 
f 2667 2712 2711 2666 
f 2668 2713 2712 2667 
f 2669 2714 2713 2668 
f 2670 2715 2714 2669 
f 2671 2716 2715 2670 
f 2716 2671 2895 2929 
f 2945 2816 2717 2718 
f 2720 2718 2717 2719 
f 2722 2720 2719 2721 
f 2724 2722 2721 2723 
f 2726 2724 2723 2725 
f 2728 2726 2725 2727 
f 2730 2728 2727 2729 
f 2732 2730 2729 2731 
f 2734 2732 2731 2733 
f 2736 2734 2733 2735 
f 2738 2736 2735 2737 
f 2740 2738 2737 2739 
f 2742 2740 2739 2741 
f 2744 2742 2741 2743 
f 2746 2744 2743 2745 
f 2977 2746 2745 2976 
f 2979 2978 2702 2687 
f 2688 2687 2702 2703 
f 2689 2688 2703 2704 
f 2690 2689 2704 2705 
f 2691 2690 2705 2706 
f 2692 2691 2706 2707 
f 2693 2692 2707 2708 
f 2694 2693 2708 2709 
f 2695 2694 2709 2710 
f 2696 2695 2710 2711 
f 2697 2696 2711 2712 
f 2698 2697 2712 2713 
f 2699 2698 2713 2714 
f 2700 2699 2714 2715 
f 2701 2700 2715 2716 
f 2716 2929 2995 2701 
f 2945 2718 2996 
f 2720 2996 2718 
f 2687 2688 2719 2717 
f 2722 2996 2720 
f 2688 2689 2721 2719 
f 2724 2996 2722 
f 2689 2690 2723 2721 
f 2726 2996 2724 
f 2690 2691 2725 2723 
f 2728 2996 2726 
f 2691 2692 2727 2725 
f 2730 2996 2728 
f 2692 2693 2729 2727 
f 2732 2996 2730 
f 2693 2694 2731 2729 
f 2734 2996 2732 
f 2694 2695 2733 2731 
f 2736 2996 2734 
f 2695 2696 2735 2733 
f 2738 2996 2736 
f 2696 2697 2737 2735 
f 2740 2996 2738 
f 2697 2698 2739 2737 
f 2742 2996 2740 
f 2698 2699 2741 2739 
f 2744 2996 2742 
f 2699 2700 2743 2741 
f 2746 2996 2744 
f 2700 2701 2745 2743 
f 2977 2996 2746 
f 2976 2745 2701 2995 
f 2747 2582 2807 2997 
f 2582 2747 2748 2583 
f 2583 2748 2749 2584 
f 2584 2749 2750 2585 
f 2585 2750 2751 2586 
f 2586 2751 2752 2587 
f 2587 2752 2753 2588 
f 2588 2753 2754 2589 
f 2589 2754 2755 2590 
f 2590 2755 2756 2591 
f 2591 2756 2757 2592 
f 2592 2757 2758 2593 
f 2593 2758 2759 2594 
f 2594 2759 2760 2595 
f 2595 2760 2761 2596 
f 3077 3013 2761 2776 
f 2747 2997 2817 2762 
f 2747 2762 2763 2748 
f 2749 2748 2763 2764 
f 2750 2749 2764 2765 
f 2751 2750 2765 2766 
f 2752 2751 2766 2767 
f 2753 2752 2767 2768 
f 2754 2753 2768 2769 
f 2755 2754 2769 2770 
f 2756 2755 2770 2771 
f 2757 2756 2771 2772 
f 2758 2757 2772 2773 
f 2759 2758 2773 2774 
f 2760 2759 2774 2775 
f 2761 2760 2775 2776 
f 2762 2817 3029 2792 
f 2763 2762 2792 2793 
f 2764 2763 2793 2794 
f 2765 2764 2794 2795 
f 2765 2795 2796 2766 
f 2766 2796 2797 2767 
f 2767 2797 2798 2768 
f 2769 2768 2798 2799 
f 2770 2769 2799 2800 
f 2771 2770 2800 2801 
f 2772 2771 2801 2802 
f 2772 2802 2803 2773 
f 2773 2803 2804 2774 
f 2775 2774 2804 2805 
f 2776 2775 2805 2806 
f 2806 2791 3076 2818 
f 2792 3029 3045 2777 
f 2777 2778 2793 2792 
f 2778 2779 2794 2793 
f 2779 2780 2795 2794 
f 2780 2781 2796 2795 
f 2781 2782 2797 2796 
f 2782 2783 2798 2797 
f 2783 2784 2799 2798 
f 2784 2785 2800 2799 
f 2785 2786 2801 2800 
f 2786 2787 2802 2801 
f 2787 2788 2803 2802 
f 2788 2789 2804 2803 
f 2789 2790 2805 2804 
f 2790 2791 2806 2805 
f 3078 3111 3110 3079 
f 2815 2809 2597 2672 
f 2627 2812 2927 2612 
f 2627 2642 2928 2812 
f 2657 2813 2928 2642 
f 2978 2813 2657 2702 
f 2717 2816 2979 2687 
f 2761 3013 2819 2596 
f 3077 2776 2806 2818 
f 3108 3109 3140 3141 
f 3115 3114 3112 3113 
f 3117 3116 3114 3115 
f 3119 3118 3116 3117 
f 3121 3120 3118 3119 
f 3122 3120 3121 3123 
f 3124 3122 3123 3125 
f 3127 3126 3124 3125 
f 3129 3128 3126 3127 
f 3130 3128 3129 3131 
f 3132 3130 3131 3133 
f 3135 3134 3132 3133 
f 3136 3134 3135 3137 
f 3138 3136 3137 3139 
f 3140 3138 3139 3141 
f 2822 2820 2850 2851 
f 2824 2822 2851 2852 
f 2826 2824 2852 2853 
f 2828 2826 2853 2854 
f 2830 2828 2854 2855 
f 2832 2830 2855 2856 
f 2834 2832 2856 2857 
f 2836 2834 2857 2858 
f 2838 2836 2858 2859 
f 2840 2838 2859 2860 
f 2842 2840 2860 2861 
f 2844 2842 2861 2862 
f 2846 2844 2862 2863 
f 2848 2846 2863 2864 
f 2848 2864 2814 2808 
f 2866 2865 2867 2868 
f 2868 2867 2869 2870 
f 2870 2869 2871 2872 
f 2872 2871 2873 2874 
f 2874 2873 2875 2876 
f 2876 2875 2877 2878 
f 2878 2877 2879 2880 
f 2880 2879 2881 2882 
f 2882 2881 2883 2884 
f 2884 2883 2885 2886 
f 2886 2885 2887 2888 
f 2888 2887 2889 2890 
f 2890 2889 2891 2892 
f 2892 2891 2893 2894 
f 2894 2893 2811 2810 
f 2898 2900 2867 2865 
f 2900 2902 2869 2867 
f 2902 2904 2871 2869 
f 2904 2906 2873 2871 
f 2906 2908 2875 2873 
f 2908 2910 2877 2875 
f 2910 2912 2879 2877 
f 2912 2914 2881 2879 
f 2914 2916 2883 2881 
f 2916 2918 2885 2883 
f 2918 2920 2887 2885 
f 2920 2922 2889 2887 
f 2922 2924 2891 2889 
f 2924 2926 2893 2891 
f 2926 2896 2811 2893 
f 2898 2897 2899 2900 
f 2900 2899 2901 2902 
f 2902 2901 2903 2904 
f 2904 2903 2905 2906 
f 2906 2905 2907 2908 
f 2908 2907 2909 2910 
f 2910 2909 2911 2912 
f 2912 2911 2913 2914 
f 2914 2913 2915 2916 
f 2916 2915 2917 2918 
f 2918 2917 2919 2920 
f 2920 2919 2921 2922 
f 2922 2921 2923 2924 
f 2924 2923 2925 2926 
f 2926 2925 2895 2896 
f 2850 2815 2927 2866 
f 2868 2851 2850 2866 
f 2870 2852 2851 2868 
f 2872 2853 2852 2870 
f 2874 2854 2853 2872 
f 2876 2855 2854 2874 
f 2878 2856 2855 2876 
f 2880 2857 2856 2878 
f 2882 2858 2857 2880 
f 2884 2859 2858 2882 
f 2886 2860 2859 2884 
f 2888 2861 2860 2886 
f 2890 2862 2861 2888 
f 2892 2863 2862 2890 
f 2894 2864 2863 2892 
f 2814 2864 2894 2810 
f 2899 2897 2930 2931 
f 2901 2899 2931 2932 
f 2903 2901 2932 2933 
f 2905 2903 2933 2934 
f 2907 2905 2934 2935 
f 2909 2907 2935 2936 
f 2911 2909 2936 2937 
f 2913 2911 2937 2938 
f 2915 2913 2938 2939 
f 2917 2915 2939 2940 
f 2919 2917 2940 2941 
f 2921 2919 2941 2942 
f 2923 2921 2942 2943 
f 2925 2923 2943 2944 
f 2925 2944 2929 2895 
f 2946 2816 2945 2947 
f 2949 2948 2946 2947 
f 2951 2950 2948 2949 
f 2953 2952 2950 2951 
f 2955 2954 2952 2953 
f 2957 2956 2954 2955 
f 2959 2958 2956 2957 
f 2961 2960 2958 2959 
f 2963 2962 2960 2961 
f 2965 2964 2962 2963 
f 2967 2966 2964 2965 
f 2969 2968 2966 2967 
f 2971 2970 2968 2969 
f 2973 2972 2970 2971 
f 2975 2974 2972 2973 
f 2977 2976 2974 2975 
f 2980 2930 2978 2979 
f 2981 2931 2930 2980 
f 2982 2932 2931 2981 
f 2983 2933 2932 2982 
f 2984 2934 2933 2983 
f 2985 2935 2934 2984 
f 2986 2936 2935 2985 
f 2987 2937 2936 2986 
f 2988 2938 2937 2987 
f 2989 2939 2938 2988 
f 2990 2940 2939 2989 
f 2991 2941 2940 2990 
f 2992 2942 2941 2991 
f 2993 2943 2942 2992 
f 2994 2944 2943 2993 
f 2929 2944 2994 2995 
f 2947 2945 2996 
f 2949 2947 2996 
f 2980 2946 2948 2981 
f 2951 2949 2996 
f 2981 2948 2950 2982 
f 2953 2951 2996 
f 2982 2950 2952 2983 
f 2955 2953 2996 
f 2983 2952 2954 2984 
f 2957 2955 2996 
f 2984 2954 2956 2985 
f 2959 2957 2996 
f 2985 2956 2958 2986 
f 2961 2959 2996 
f 2986 2958 2960 2987 
f 2963 2961 2996 
f 2987 2960 2962 2988 
f 2965 2963 2996 
f 2988 2962 2964 2989 
f 2967 2965 2996 
f 2989 2964 2966 2990 
f 2969 2967 2996 
f 2990 2966 2968 2991 
f 2971 2969 2996 
f 2991 2968 2970 2992 
f 2973 2971 2996 
f 2992 2970 2972 2993 
f 2975 2973 2996 
f 2993 2972 2974 2994 
f 2977 2975 2996 
f 2994 2974 2976 2995 
f 2821 2998 2997 2807 
f 2821 2823 2999 2998 
f 2823 2825 3000 2999 
f 2825 2827 3001 3000 
f 2827 2829 3002 3001 
f 2829 2831 3003 3002 
f 2831 2833 3004 3003 
f 2833 2835 3005 3004 
f 2835 2837 3006 3005 
f 2837 2839 3007 3006 
f 2839 2841 3008 3007 
f 2841 2843 3009 3008 
f 2843 2845 3010 3009 
f 2845 2847 3011 3010 
f 2847 2849 3012 3011 
f 3028 3012 3013 3077 
f 2997 2998 3014 2817 
f 3014 2998 2999 3015 
f 3015 2999 3000 3016 
f 3016 3000 3001 3017 
f 3017 3001 3002 3018 
f 3018 3002 3003 3019 
f 3019 3003 3004 3020 
f 3020 3004 3005 3021 
f 3021 3005 3006 3022 
f 3022 3006 3007 3023 
f 3023 3007 3008 3024 
f 3024 3008 3009 3025 
f 3025 3009 3010 3026 
f 3026 3010 3011 3027 
f 3027 3011 3012 3028 
f 3014 3030 3029 2817 
f 3031 3030 3014 3015 
f 3032 3031 3015 3016 
f 3033 3032 3016 3017 
f 3034 3033 3017 3018 
f 3035 3034 3018 3019 
f 3036 3035 3019 3020 
f 3037 3036 3020 3021 
f 3038 3037 3021 3022 
f 3039 3038 3022 3023 
f 3040 3039 3023 3024 
f 3041 3040 3024 3025 
f 3042 3041 3025 3026 
f 3043 3042 3026 3027 
f 3044 3043 3027 3028 
f 3046 3047 3045 
f 3048 3049 3047 3046 
f 3050 3051 3049 3048 
f 3052 3053 3051 3050 
f 3054 3055 3053 3052 
f 3056 3057 3055 3054 
f 3058 3059 3057 3056 
f 3060 3061 3059 3058 
f 3062 3063 3061 3060 
f 3064 3065 3063 3062 
f 3066 3067 3065 3064 
f 3068 3069 3067 3066 
f 3070 3071 3069 3068 
f 3072 3073 3071 3070 
f 3074 3075 3073 3072 
f 3044 2818 3076 3074 
f 3029 3030 3046 3045 
f 3046 3030 3031 3048 
f 3048 3031 3032 3050 
f 3050 3032 3033 3052 
f 3052 3033 3034 3054 
f 3054 3034 3035 3056 
f 3056 3035 3036 3058 
f 3058 3036 3037 3060 
f 3060 3037 3038 3062 
f 3062 3038 3039 3064 
f 3064 3039 3040 3066 
f 3066 3040 3041 3068 
f 3068 3041 3042 3070 
f 3070 3042 3043 3072 
f 3072 3043 3044 3074 
f 3110 3111 3113 3112 
f 2815 2850 2820 2809 
f 2927 2812 2865 2866 
f 2928 2898 2865 2812 
f 2928 2813 2897 2898 
f 2978 2930 2897 2813 
f 2979 2816 2946 2980 
f 3013 3012 2849 2819 
f 2818 3044 3028 3077 
f 3076 3075 3074 
f 2611 3106 3108 2808 
f 2819 3109 3107 2596 
f 2597 3078 3080 2598 
f 2583 3081 3079 2582 
f 2598 3080 3082 2599 
f 2584 3083 3081 2583 
f 2599 3082 3084 2600 
f 2585 3085 3083 2584 
f 2600 3084 3086 2601 
f 2586 3087 3085 2585 
f 2601 3086 3088 2602 
f 2587 3089 3087 2586 
f 2602 3088 3090 2603 
f 2588 3091 3089 2587 
f 2603 3090 3092 2604 
f 2589 3093 3091 2588 
f 2604 3092 3094 2605 
f 2590 3095 3093 2589 
f 2605 3094 3096 2606 
f 2591 3097 3095 2590 
f 2606 3096 3098 2607 
f 2592 3099 3097 2591 
f 2607 3098 3100 2608 
f 2593 3101 3099 2592 
f 2608 3100 3102 2609 
f 2594 3103 3101 2593 
f 2609 3102 3104 2610 
f 2595 3105 3103 2594 
f 2610 3104 3106 2611 
f 2596 3107 3105 2595 
f 2582 3079 3110 2807 
f 2809 3111 3078 2597 
f 2808 3108 3141 2848 
f 2849 3140 3109 2819 
f 2822 3115 3113 2820 
f 2821 3112 3114 2823 
f 2824 3117 3115 2822 
f 2823 3114 3116 2825 
f 2826 3119 3117 2824 
f 2825 3116 3118 2827 
f 2828 3121 3119 2826 
f 2827 3118 3120 2829 
f 2830 3123 3121 2828 
f 2829 3120 3122 2831 
f 2832 3125 3123 2830 
f 2831 3122 3124 2833 
f 2834 3127 3125 2832 
f 2833 3124 3126 2835 
f 2836 3129 3127 2834 
f 2835 3126 3128 2837 
f 2838 3131 3129 2836 
f 2837 3128 3130 2839 
f 2840 3133 3131 2838 
f 2839 3130 3132 2841 
f 2842 3135 3133 2840 
f 2841 3132 3134 2843 
f 2844 3137 3135 2842 
f 2843 3134 3136 2845 
f 2846 3139 3137 2844 
f 2845 3136 3138 2847 
f 2848 3141 3139 2846 
f 2847 3138 3140 2849 
f 2807 3110 3112 2821 
f 2820 3113 3111 2809 
f 3653 3142 3308 3648 
f 3389 3649 3307 3143 
f 3389 3143 3144 3650 
f 3651 3650 3144 3145 
f 3646 3651 3145 3292 
f 3390 3646 3292 3204 
f 3670 3391 3203 3654 
f 3645 3248 3338 3393 
f 3647 3652 3337 3367 
f 3146 3310 3308 3142 
f 3309 3147 3143 3307 
f 3143 3147 3148 3144 
f 3144 3148 3149 3145 
f 3149 3293 3292 3145 
f 3204 3292 3293 3207 
f 3654 3203 3206 3655 
f 3251 3340 3338 3248 
f 3367 3337 3339 3368 
f 3150 3312 3310 3146 
f 3311 3151 3147 3309 
f 3147 3151 3152 3148 
f 3148 3152 3153 3149 
f 3153 3294 3293 3149 
f 3207 3293 3294 3210 
f 3655 3206 3209 3656 
f 3254 3342 3340 3251 
f 3368 3339 3341 3369 
f 3154 3314 3312 3150 
f 3313 3155 3151 3311 
f 3151 3155 3156 3152 
f 3152 3156 3157 3153 
f 3157 3295 3294 3153 
f 3210 3294 3295 3213 
f 3656 3209 3212 3657 
f 3257 3344 3342 3254 
f 3369 3341 3343 3370 
f 3158 3316 3314 3154 
f 3315 3159 3155 3313 
f 3155 3159 3160 3156 
f 3156 3160 3161 3157 
f 3161 3296 3295 3157 
f 3213 3295 3296 3216 
f 3657 3212 3215 3658 
f 3260 3346 3344 3257 
f 3370 3343 3345 3371 
f 3162 3318 3316 3158 
f 3317 3163 3159 3315 
f 3159 3163 3164 3160 
f 3160 3164 3165 3161 
f 3165 3297 3296 3161 
f 3216 3296 3297 3219 
f 3658 3215 3218 3659 
f 3263 3348 3346 3260 
f 3371 3345 3347 3372 
f 3166 3320 3318 3162 
f 3319 3167 3163 3317 
f 3163 3167 3168 3164 
f 3164 3168 3169 3165 
f 3169 3298 3297 3165 
f 3219 3297 3298 3222 
f 3659 3218 3221 3660 
f 3266 3350 3348 3263 
f 3372 3347 3349 3373 
f 3170 3322 3320 3166 
f 3321 3171 3167 3319 
f 3167 3171 3172 3168 
f 3168 3172 3173 3169 
f 3173 3299 3298 3169 
f 3222 3298 3299 3225 
f 3660 3221 3224 3661 
f 3269 3352 3350 3266 
f 3373 3349 3351 3374 
f 3174 3324 3322 3170 
f 3323 3175 3171 3321 
f 3171 3175 3176 3172 
f 3172 3176 3177 3173 
f 3177 3300 3299 3173 
f 3225 3299 3300 3228 
f 3661 3224 3227 3662 
f 3272 3354 3352 3269 
f 3374 3351 3353 3375 
f 3178 3326 3324 3174 
f 3325 3179 3175 3323 
f 3175 3179 3180 3176 
f 3176 3180 3181 3177 
f 3181 3301 3300 3177 
f 3228 3300 3301 3231 
f 3662 3227 3230 3663 
f 3275 3356 3354 3272 
f 3375 3353 3355 3376 
f 3182 3328 3326 3178 
f 3327 3183 3179 3325 
f 3179 3183 3184 3180 
f 3180 3184 3185 3181 
f 3185 3302 3301 3181 
f 3231 3301 3302 3234 
f 3663 3230 3233 3664 
f 3278 3358 3356 3275 
f 3376 3355 3357 3377 
f 3186 3330 3328 3182 
f 3329 3187 3183 3327 
f 3183 3187 3188 3184 
f 3184 3188 3189 3185 
f 3189 3303 3302 3185 
f 3234 3302 3303 3237 
f 3664 3233 3236 3665 
f 3281 3360 3358 3278 
f 3377 3357 3359 3378 
f 3190 3332 3330 3186 
f 3331 3191 3187 3329 
f 3187 3191 3192 3188 
f 3188 3192 3193 3189 
f 3193 3304 3303 3189 
f 3237 3303 3304 3240 
f 3665 3236 3239 3666 
f 3284 3362 3360 3281 
f 3378 3359 3361 3379 
f 3194 3334 3332 3190 
f 3333 3195 3191 3331 
f 3191 3195 3196 3192 
f 3192 3196 3197 3193 
f 3197 3305 3304 3193 
f 3240 3304 3305 3243 
f 3666 3239 3242 3667 
f 3287 3364 3362 3284 
f 3379 3361 3363 3380 
f 3198 3336 3334 3194 
f 3335 3199 3195 3333 
f 3195 3199 3200 3196 
f 3196 3200 3201 3197 
f 3201 3306 3305 3197 
f 3243 3305 3306 3246 
f 3667 3242 3245 3668 
f 3290 3366 3364 3287 
f 3380 3363 3365 3381 
f 3198 3607 3382 3336 
f 3335 3383 3384 3199 
f 3199 3384 3609 3200 
f 3200 3609 3610 3201 
f 3306 3201 3610 3611 
f 3612 3246 3306 3611 
f 3668 3245 3385 3669 
f 3366 3290 3613 3387 
f 3381 3365 3388 3608 
f 3390 3204 3202 3394 
f 3203 3391 3394 3202 
f 3204 3207 3205 3202 
f 3206 3203 3202 3205 
f 3207 3210 3208 3205 
f 3209 3206 3205 3208 
f 3210 3213 3211 3208 
f 3212 3209 3208 3211 
f 3213 3216 3214 3211 
f 3215 3212 3211 3214 
f 3216 3219 3217 3214 
f 3218 3215 3214 3217 
f 3219 3222 3220 3217 
f 3221 3218 3217 3220 
f 3222 3225 3223 3220 
f 3224 3221 3220 3223 
f 3225 3228 3226 3223 
f 3227 3224 3223 3226 
f 3228 3231 3229 3226 
f 3230 3227 3226 3229 
f 3231 3234 3232 3229 
f 3233 3230 3229 3232 
f 3234 3237 3235 3232 
f 3236 3233 3232 3235 
f 3237 3240 3238 3235 
f 3239 3236 3235 3238 
f 3240 3243 3241 3238 
f 3242 3239 3238 3241 
f 3243 3246 3244 3241 
f 3245 3242 3241 3244 
f 3246 3612 3629 3244 
f 3385 3245 3244 3629 
f 3396 3392 3249 3247 
f 3248 3645 3396 3247 
f 3249 3252 3250 3247 
f 3251 3248 3247 3250 
f 3252 3255 3253 3250 
f 3254 3251 3250 3253 
f 3255 3258 3256 3253 
f 3257 3254 3253 3256 
f 3258 3261 3259 3256 
f 3260 3257 3256 3259 
f 3261 3264 3262 3259 
f 3263 3260 3259 3262 
f 3264 3267 3265 3262 
f 3266 3263 3262 3265 
f 3267 3270 3268 3265 
f 3269 3266 3265 3268 
f 3270 3273 3271 3268 
f 3272 3269 3268 3271 
f 3273 3276 3274 3271 
f 3275 3272 3271 3274 
f 3276 3279 3277 3274 
f 3278 3275 3274 3277 
f 3279 3282 3280 3277 
f 3281 3278 3277 3280 
f 3282 3285 3283 3280 
f 3284 3281 3280 3283 
f 3285 3288 3286 3283 
f 3287 3284 3283 3286 
f 3288 3291 3289 3286 
f 3290 3287 3286 3289 
f 3291 3386 3395 3289 
f 3613 3290 3289 3395 
f 3649 3648 3308 3307 
f 3308 3310 3309 3307 
f 3310 3312 3311 3309 
f 3312 3314 3313 3311 
f 3314 3316 3315 3313 
f 3316 3318 3317 3315 
f 3318 3320 3319 3317 
f 3320 3322 3321 3319 
f 3322 3324 3323 3321 
f 3324 3326 3325 3323 
f 3326 3328 3327 3325 
f 3328 3330 3329 3327 
f 3330 3332 3331 3329 
f 3332 3334 3333 3331 
f 3334 3336 3335 3333 
f 3335 3336 3382 3383 
f 3652 3393 3338 3337 
f 3338 3340 3339 3337 
f 3340 3342 3341 3339 
f 3342 3344 3343 3341 
f 3344 3346 3345 3343 
f 3346 3348 3347 3345 
f 3348 3350 3349 3347 
f 3350 3352 3351 3349 
f 3352 3354 3353 3351 
f 3354 3356 3355 3353 
f 3356 3358 3357 3355 
f 3358 3360 3359 3357 
f 3360 3362 3361 3359 
f 3362 3364 3363 3361 
f 3364 3366 3365 3363 
f 3365 3366 3387 3388 
f 3398 3653 3648 3397 
f 3399 3400 3649 3389 
f 3399 3389 3650 3401 
f 3402 3401 3650 3651 
f 3402 3651 3646 3403 
f 3404 3403 3646 3390 
f 3671 3406 3391 3670 
f 3408 3645 3393 3407 
f 3410 3409 3652 3647 
f 3412 3398 3397 3411 
f 3414 3400 3399 3413 
f 3399 3401 3415 3413 
f 3401 3402 3416 3415 
f 3416 3402 3403 3417 
f 3403 3404 3418 3417 
f 3420 3406 3671 3672 
f 3422 3408 3407 3421 
f 3423 3409 3410 3424 
f 3426 3412 3411 3425 
f 3428 3414 3413 3427 
f 3413 3415 3429 3427 
f 3415 3416 3430 3429 
f 3430 3416 3417 3431 
f 3417 3418 3432 3431 
f 3434 3420 3672 3673 
f 3436 3422 3421 3435 
f 3437 3423 3424 3438 
f 3440 3426 3425 3439 
f 3442 3428 3427 3441 
f 3427 3429 3443 3441 
f 3429 3430 3444 3443 
f 3444 3430 3431 3445 
f 3431 3432 3446 3445 
f 3448 3434 3673 3674 
f 3450 3436 3435 3449 
f 3451 3437 3438 3452 
f 3454 3440 3439 3453 
f 3456 3442 3441 3455 
f 3441 3443 3457 3455 
f 3443 3444 3458 3457 
f 3458 3444 3445 3459 
f 3445 3446 3460 3459 
f 3462 3448 3674 3675 
f 3464 3450 3449 3463 
f 3465 3451 3452 3466 
f 3468 3454 3453 3467 
f 3470 3456 3455 3469 
f 3455 3457 3471 3469 
f 3457 3458 3472 3471 
f 3472 3458 3459 3473 
f 3459 3460 3474 3473 
f 3476 3462 3675 3676 
f 3478 3464 3463 3477 
f 3479 3465 3466 3480 
f 3482 3468 3467 3481 
f 3484 3470 3469 3483 
f 3469 3471 3485 3483 
f 3471 3472 3486 3485 
f 3486 3472 3473 3487 
f 3473 3474 3488 3487 
f 3490 3476 3676 3677 
f 3492 3478 3477 3491 
f 3493 3479 3480 3494 
f 3496 3482 3481 3495 
f 3498 3484 3483 3497 
f 3483 3485 3499 3497 
f 3485 3486 3500 3499 
f 3500 3486 3487 3501 
f 3487 3488 3502 3501 
f 3504 3490 3677 3678 
f 3506 3492 3491 3505 
f 3507 3493 3494 3508 
f 3510 3496 3495 3509 
f 3512 3498 3497 3511 
f 3497 3499 3513 3511 
f 3499 3500 3514 3513 
f 3514 3500 3501 3515 
f 3501 3502 3516 3515 
f 3518 3504 3678 3679 
f 3520 3506 3505 3519 
f 3521 3507 3508 3522 
f 3524 3510 3509 3523 
f 3526 3512 3511 3525 
f 3511 3513 3527 3525 
f 3513 3514 3528 3527 
f 3528 3514 3515 3529 
f 3515 3516 3530 3529 
f 3532 3518 3679 3680 
f 3534 3520 3519 3533 
f 3535 3521 3522 3536 
f 3538 3524 3523 3537 
f 3540 3526 3525 3539 
f 3525 3527 3541 3539 
f 3527 3528 3542 3541 
f 3542 3528 3529 3543 
f 3529 3530 3544 3543 
f 3546 3532 3680 3681 
f 3548 3534 3533 3547 
f 3549 3535 3536 3550 
f 3552 3538 3537 3551 
f 3554 3540 3539 3553 
f 3539 3541 3555 3553 
f 3541 3542 3556 3555 
f 3556 3542 3543 3557 
f 3543 3544 3558 3557 
f 3560 3546 3681 3682 
f 3562 3548 3547 3561 
f 3563 3549 3550 3564 
f 3566 3552 3551 3565 
f 3568 3554 3553 3567 
f 3553 3555 3569 3567 
f 3555 3556 3570 3569 
f 3570 3556 3557 3571 
f 3557 3558 3572 3571 
f 3574 3560 3682 3683 
f 3576 3562 3561 3575 
f 3577 3563 3564 3578 
f 3580 3566 3565 3579 
f 3582 3568 3567 3581 
f 3567 3569 3583 3581 
f 3569 3570 3584 3583 
f 3584 3570 3571 3585 
f 3571 3572 3586 3585 
f 3588 3574 3683 3684 
f 3590 3576 3575 3589 
f 3591 3577 3578 3592 
f 3594 3580 3579 3593 
f 3596 3582 3581 3595 
f 3581 3583 3597 3595 
f 3583 3584 3598 3597 
f 3598 3584 3585 3599 
f 3599 3585 3586 3600 
f 3602 3588 3684 3685 
f 3604 3590 3589 3603 
f 3605 3591 3592 3606 
f 3607 3594 3593 3382 
f 3596 3595 3384 3383 
f 3595 3597 3609 3384 
f 3597 3598 3610 3609 
f 3610 3598 3599 3611 
f 3599 3600 3612 3611 
f 3385 3602 3685 3669 
f 3613 3604 3603 3387 
f 3388 3605 3606 3608 
f 3404 3390 3394 3614 
f 3406 3614 3394 3391 
f 3404 3614 3615 3418 
f 3420 3615 3614 3406 
f 3418 3615 3616 3432 
f 3434 3616 3615 3420 
f 3432 3616 3617 3446 
f 3448 3617 3616 3434 
f 3446 3617 3618 3460 
f 3462 3618 3617 3448 
f 3460 3618 3619 3474 
f 3476 3619 3618 3462 
f 3474 3619 3620 3488 
f 3490 3620 3619 3476 
f 3488 3620 3621 3502 
f 3504 3621 3620 3490 
f 3502 3621 3622 3516 
f 3518 3622 3621 3504 
f 3516 3622 3623 3530 
f 3532 3623 3622 3518 
f 3530 3623 3624 3544 
f 3546 3624 3623 3532 
f 3544 3624 3625 3558 
f 3560 3625 3624 3546 
f 3558 3625 3626 3572 
f 3574 3626 3625 3560 
f 3572 3626 3627 3586 
f 3588 3627 3626 3574 
f 3586 3627 3628 3600 
f 3602 3628 3627 3588 
f 3612 3600 3628 3629 
f 3602 3385 3629 3628 
f 3405 3392 3396 3630 
f 3408 3630 3396 3645 
f 3405 3630 3631 3419 
f 3422 3631 3630 3408 
f 3419 3631 3632 3433 
f 3436 3632 3631 3422 
f 3433 3632 3633 3447 
f 3450 3633 3632 3436 
f 3447 3633 3634 3461 
f 3464 3634 3633 3450 
f 3461 3634 3635 3475 
f 3478 3635 3634 3464 
f 3475 3635 3636 3489 
f 3492 3636 3635 3478 
f 3489 3636 3637 3503 
f 3506 3637 3636 3492 
f 3503 3637 3638 3517 
f 3520 3638 3637 3506 
f 3517 3638 3639 3531 
f 3534 3639 3638 3520 
f 3531 3639 3640 3545 
f 3548 3640 3639 3534 
f 3545 3640 3641 3559 
f 3562 3641 3640 3548 
f 3559 3641 3642 3573 
f 3576 3642 3641 3562 
f 3573 3642 3643 3587 
f 3590 3643 3642 3576 
f 3587 3643 3644 3601 
f 3604 3644 3643 3590 
f 3601 3644 3395 3386 
f 3644 3604 3613 3395 
f 3400 3397 3648 3649 
f 3397 3400 3414 3411 
f 3411 3414 3428 3425 
f 3425 3428 3442 3439 
f 3439 3442 3456 3453 
f 3453 3456 3470 3467 
f 3467 3470 3484 3481 
f 3481 3484 3498 3495 
f 3495 3498 3512 3509 
f 3509 3512 3526 3523 
f 3523 3526 3540 3537 
f 3537 3540 3554 3551 
f 3551 3554 3568 3565 
f 3565 3568 3582 3579 
f 3579 3582 3596 3593 
f 3593 3596 3383 3382 
f 3407 3393 3652 3409 
f 3407 3409 3423 3421 
f 3421 3423 3437 3435 
f 3435 3437 3451 3449 
f 3449 3451 3465 3463 
f 3463 3465 3479 3477 
f 3477 3479 3493 3491 
f 3491 3493 3507 3505 
f 3505 3507 3521 3519 
f 3519 3521 3535 3533 
f 3533 3535 3549 3547 
f 3547 3549 3563 3561 
f 3561 3563 3577 3575 
f 3575 3577 3591 3589 
f 3589 3591 3605 3603 
f 3603 3605 3388 3387 
f 3392 3670 3654 3249 
f 3249 3654 3655 3252 
f 3252 3655 3656 3255 
f 3255 3656 3657 3258 
f 3258 3657 3658 3261 
f 3261 3658 3659 3264 
f 3264 3659 3660 3267 
f 3267 3660 3661 3270 
f 3270 3661 3662 3273 
f 3273 3662 3663 3276 
f 3276 3663 3664 3279 
f 3279 3664 3665 3282 
f 3282 3665 3666 3285 
f 3285 3666 3667 3288 
f 3288 3667 3668 3291 
f 3291 3668 3669 3386 
f 3405 3671 3670 3392 
f 3419 3672 3671 3405 
f 3433 3673 3672 3419 
f 3447 3674 3673 3433 
f 3461 3675 3674 3447 
f 3475 3676 3675 3461 
f 3489 3677 3676 3475 
f 3503 3678 3677 3489 
f 3517 3679 3678 3503 
f 3531 3680 3679 3517 
f 3545 3681 3680 3531 
f 3559 3682 3681 3545 
f 3573 3683 3682 3559 
f 3587 3684 3683 3573 
f 3601 3685 3684 3587 
f 3386 3669 3685 3601 
f 3368 3687 3686 3367 
f 3369 3688 3687 3368 
f 3370 3689 3688 3369 
f 3371 3690 3689 3370 
f 3372 3691 3690 3371 
f 3373 3692 3691 3372 
f 3374 3693 3692 3373 
f 3375 3694 3693 3374 
f 3376 3695 3694 3375 
f 3377 3696 3695 3376 
f 3378 3697 3696 3377 
f 3379 3698 3697 3378 
f 3380 3699 3698 3379 
f 3381 3700 3699 3380 
f 3608 3716 3700 3381 
f 3367 3686 3717 3647 
f 3647 3717 3701 3410 
f 3410 3701 3702 3424 
f 3424 3702 3703 3438 
f 3438 3703 3704 3452 
f 3452 3704 3705 3466 
f 3466 3705 3706 3480 
f 3480 3706 3707 3494 
f 3494 3707 3708 3508 
f 3508 3708 3709 3522 
f 3522 3709 3710 3536 
f 3536 3710 3711 3550 
f 3550 3711 3712 3564 
f 3564 3712 3713 3578 
f 3578 3713 3714 3592 
f 3592 3714 3715 3606 
f 3606 3715 3716 3608 
f 3687 3719 3718 3686 
f 3688 3720 3719 3687 
f 3689 3721 3720 3688 
f 3690 3722 3721 3689 
f 3691 3723 3722 3690 
f 3692 3724 3723 3691 
f 3693 3725 3724 3692 
f 3694 3726 3725 3693 
f 3695 3727 3726 3694 
f 3696 3728 3727 3695 
f 3697 3729 3728 3696 
f 3698 3730 3729 3697 
f 3699 3731 3730 3698 
f 3700 3732 3731 3699 
f 3716 3748 3732 3700 
f 3686 3718 3749 3717 
f 3717 3749 3733 3701 
f 3701 3733 3734 3702 
f 3702 3734 3735 3703 
f 3703 3735 3736 3704 
f 3704 3736 3737 3705 
f 3705 3737 3738 3706 
f 3706 3738 3739 3707 
f 3707 3739 3740 3708 
f 3708 3740 3741 3709 
f 3709 3741 3742 3710 
f 3710 3742 3743 3711 
f 3711 3743 3744 3712 
f 3712 3744 3745 3713 
f 3713 3745 3746 3714 
f 3714 3746 3747 3715 
f 3715 3747 3748 3716 
f 3719 3750 3718 
f 3720 3750 3719 
f 3721 3750 3720 
f 3722 3750 3721 
f 3723 3750 3722 
f 3724 3750 3723 
f 3725 3750 3724 
f 3726 3750 3725 
f 3727 3750 3726 
f 3728 3750 3727 
f 3729 3750 3728 
f 3730 3750 3729 
f 3731 3750 3730 
f 3732 3750 3731 
f 3748 3750 3732 
f 3718 3750 3749 
f 3749 3750 3733 
f 3733 3750 3734 
f 3734 3750 3735 
f 3735 3750 3736 
f 3736 3750 3737 
f 3737 3750 3738 
f 3738 3750 3739 
f 3739 3750 3740 
f 3740 3750 3741 
f 3741 3750 3742 
f 3742 3750 3743 
f 3743 3750 3744 
f 3744 3750 3745 
f 3745 3750 3746 
f 3746 3750 3747 
f 3747 3750 3748 
f 3811 3812 3780 3779 
f 3812 3813 3781 3780 
f 3795 3796 3764 3763 
f 3796 3797 3765 3764 
f 3794 3795 3763 3762 
f 3797 3798 3766 3765 
f 3793 3794 3762 3761 
f 3798 3799 3767 3766 
f 3792 3793 3761 3760 
f 3799 3800 3768 3767 
f 3791 3792 3760 3759 
f 3800 3801 3769 3768 
f 3790 3791 3759 3758 
f 3801 3802 3770 3769 
f 3789 3790 3758 3757 
f 3802 3803 3771 3770 
f 3788 3789 3757 3756 
f 3803 3804 3772 3771 
f 3787 3788 3756 3755 
f 3804 3805 3773 3772 
f 3786 3787 3755 3754 
f 3805 3806 3774 3773 
f 3785 3786 3754 3753 
f 3806 3807 3775 3774 
f 3784 3785 3753 3752 
f 3807 3808 3776 3775 
f 3783 3784 3752 3751 
f 3808 3809 3777 3776 
f 3814 3783 3751 3782 
f 3809 3810 3778 3777 
f 3813 3814 3782 3781 
f 3810 3811 3779 3778 
f 3779 3780 3844 3843 
f 3780 3781 3845 3844 
f 3763 3764 3828 3827 
f 3764 3765 3829 3828 
f 3762 3763 3827 3826 
f 3765 3766 3830 3829 
f 3761 3762 3826 3825 
f 3766 3767 3831 3830 
f 3760 3761 3825 3824 
f 3767 3768 3832 3831 
f 3759 3760 3824 3823 
f 3768 3769 3833 3832 
f 3758 3759 3823 3822 
f 3769 3770 3834 3833 
f 3757 3758 3822 3821 
f 3770 3771 3835 3834 
f 3756 3757 3821 3820 
f 3771 3772 3836 3835 
f 3755 3756 3820 3819 
f 3772 3773 3837 3836 
f 3754 3755 3819 3818 
f 3773 3774 3838 3837 
f 3753 3754 3818 3817 
f 3774 3775 3839 3838 
f 3752 3753 3817 3816 
f 3775 3776 3840 3839 
f 3751 3752 3816 3815 
f 3776 3777 3841 3840 
f 3782 3751 3815 3846 
f 3777 3778 3842 3841 
f 3781 3782 3846 3845 
f 3778 3779 3843 3842 
f 3843 3844 3876 3875 
f 3844 3845 3877 3876 
f 3827 3828 3860 3859 
f 3828 3829 3861 3860 
f 3826 3827 3859 3858 
f 3829 3830 3862 3861 
f 3825 3826 3858 3857 
f 3830 3831 3863 3862 
f 3824 3825 3857 3856 
f 3831 3832 3864 3863 
f 3823 3824 3856 3855 
f 3832 3833 3865 3864 
f 3822 3823 3855 3854 
f 3833 3834 3866 3865 
f 3821 3822 3854 3853 
f 3834 3835 3867 3866 
f 3820 3821 3853 3852 
f 3835 3836 3868 3867 
f 3819 3820 3852 3851 
f 3836 3837 3869 3868 
f 3818 3819 3851 3850 
f 3837 3838 3870 3869 
f 3817 3818 3850 3849 
f 3838 3839 3871 3870 
f 3816 3817 3849 3848 
f 3839 3840 3872 3871 
f 3815 3816 3848 3847 
f 3840 3841 3873 3872 
f 3846 3815 3847 3878 
f 3841 3842 3874 3873 
f 3845 3846 3878 3877 
f 3842 3843 3875 3874 
f 3875 3876 3908 3907 
f 3876 3877 3909 3908 
f 3859 3860 3892 3891 
f 3860 3861 3893 3892 
f 3858 3859 3891 3890 
f 3861 3862 3894 3893 
f 3857 3858 3890 3889 
f 3862 3863 3895 3894 
f 3856 3857 3889 3888 
f 3863 3864 3896 3895 
f 3855 3856 3888 3887 
f 3864 3865 3897 3896 
f 3854 3855 3887 3886 
f 3865 3866 3898 3897 
f 3853 3854 3886 3885 
f 3866 3867 3899 3898 
f 3852 3853 3885 3884 
f 3867 3868 3900 3899 
f 3851 3852 3884 3883 
f 3868 3869 3901 3900 
f 3850 3851 3883 3882 
f 3869 3870 3902 3901 
f 3849 3850 3882 3881 
f 3870 3871 3903 3902 
f 3848 3849 3881 3880 
f 3871 3872 3904 3903 
f 3847 3848 3880 3879 
f 3872 3873 3905 3904 
f 3878 3847 3879 3910 
f 3873 3874 3906 3905 
f 3877 3878 3910 3909 
f 3874 3875 3907 3906 
f 3907 3908 3940 3939 
f 3908 3909 3941 3940 
f 3891 3892 3924 3923 
f 3892 3893 3925 3924 
f 3890 3891 3923 3922 
f 3893 3894 3926 3925 
f 3889 3890 3922 3921 
f 3894 3895 3927 3926 
f 3888 3889 3921 3920 
f 3895 3896 3928 3927 
f 3887 3888 3920 3919 
f 3896 3897 3929 3928 
f 3886 3887 3919 3918 
f 3897 3898 3930 3929 
f 3885 3886 3918 3917 
f 3898 3899 3931 3930 
f 3884 3885 3917 3916 
f 3899 3900 3932 3931 
f 3883 3884 3916 3915 
f 3900 3901 3933 3932 
f 3882 3883 3915 3914 
f 3901 3902 3934 3933 
f 3881 3882 3914 3913 
f 3902 3903 3935 3934 
f 3880 3881 3913 3912 
f 3903 3904 3936 3935 
f 3879 3880 3912 3911 
f 3904 3905 3937 3936 
f 3910 3879 3911 3942 
f 3905 3906 3938 3937 
f 3909 3910 3942 3941 
f 3906 3907 3939 3938 
s 2
f 3813 3812 3972 3973 
f 3812 3811 3971 3972 
f 3797 3796 3956 3957 
f 3796 3795 3955 3956 
f 3795 3794 3954 3955 
f 3798 3797 3957 3958 
f 3794 3793 3953 3954 
f 3799 3798 3958 3959 
f 3793 3792 3952 3953 
f 3800 3799 3959 3960 
f 3792 3791 3951 3952 
f 3801 3800 3960 3961 
f 3791 3790 3950 3951 
f 3802 3801 3961 3962 
f 3790 3789 3949 3950 
f 3803 3802 3962 3963 
f 3789 3788 3948 3949 
f 3804 3803 3963 3964 
f 3788 3787 3947 3948 
f 3805 3804 3964 3965 
f 3787 3786 3946 3947 
f 3806 3805 3965 3966 
f 3786 3785 3945 3946 
f 3807 3806 3966 3967 
f 3785 3784 3944 3945 
f 3808 3807 3967 3968 
f 3784 3783 3943 3944 
f 3809 3808 3968 3969 
f 3783 3814 3974 3943 
f 3810 3809 3969 3970 
f 3814 3813 3973 3974 
f 3811 3810 3970 3971 
f 3972 4211 4212 3973 
f 3972 3971 4210 4211 
f 4182 4184 4239 4240 
f 3955 4226 4227 3956 
f 3954 4225 4226 3955 
f 4184 4067 4238 4239 
f 3953 4224 4225 3954 
f 4067 4068 4237 4238 
f 3952 4223 4224 3953 
f 4237 4068 4069 4236 
f 3951 4222 4223 3952 
f 4236 4069 4181 4235 
f 3950 4221 4222 3951 
f 4234 4004 4005 4233 
f 3949 4220 4221 3950 
f 4233 4005 4006 4232 
f 3948 4219 4220 3949 
f 4006 4007 4231 4232 
f 3948 3947 4218 4219 
f 4007 4008 4230 4231 
f 3947 3946 4217 4218 
f 4008 4009 4229 4230 
f 3946 3945 4216 4217 
f 4009 4010 4228 4229 
f 3944 4215 4216 3945 
f 3968 3967 4206 4207 
f 3943 4214 4215 3944 
f 3969 3968 4207 4208 
f 3974 4213 4214 3943 
f 3970 3969 4208 4209 
f 3973 4212 4213 3974 
f 3970 4209 4210 3971 
f 4257 4258 4013 4012 
f 4011 4256 4257 4012 
f 4247 4248 4003 4002 
f 4246 4247 4002 4001 
f 4245 4246 4001 4000 
f 4244 4245 4000 3999 
f 4243 4244 3999 3998 
f 4125 4290 4243 3998 
f 4249 4250 4005 4004 
f 4250 4251 4006 4005 
f 4251 4252 4007 4006 
f 4252 4253 4008 4007 
f 4253 4254 4009 4008 
f 4242 4289 4122 3996 
f 4254 4255 4010 4009 
f 4241 4242 3996 3995 
f 4260 4241 3995 4015 
f 4259 4260 4015 4014 
f 4258 4259 4014 4013 
f 4274 4261 4183 4182 
f 4066 4275 4262 4017 
f 4181 4069 4020 4021 
f 4069 4068 4019 4020 
f 4068 4067 4018 4019 
f 4184 4182 4183 
f 4261 4263 4024 4183 
f 4017 4262 4264 4023 
f 4021 4020 4027 4028 
f 4020 4019 4026 4027 
f 4019 4018 4025 4026 
f 4018 4183 4024 4025 
f 4263 4265 4031 4024 
f 4023 4264 4266 4030 
f 4028 4027 4034 4035 
f 4027 4026 4033 4034 
f 4026 4025 4032 4033 
f 4025 4024 4031 4032 
f 4265 4307 4193 4031 
f 4030 4266 4308 4198 
f 4035 4034 4196 4197 
f 4033 4195 4196 4034 
f 4032 4194 4195 4033 
f 4031 4193 4194 4032 
f 4267 4269 4045 4038 
f 4037 4268 4270 4044 
f 4042 4041 4048 4049 
f 4041 4040 4047 4048 
f 4040 4039 4046 4047 
f 4039 4038 4045 4046 
f 4269 4271 4052 4045 
f 4044 4270 4272 4051 
f 4048 4054 4057 
f 4048 4047 4064 4058 
f 4046 4053 4059 
f 4056 4046 4045 4052 
f 4058 4054 4048 
f 4059 4064 4047 4046 
f 4057 4055 4049 4048 
f 4056 4053 4046 
f 4053 4056 4062 4063 
f 4064 4063 4054 4058 
f 4057 4062 4061 4055 
f 4272 4273 4060 4051 
f 4062 4057 4054 4063 
f 4059 4053 4063 4064 
f 4056 4052 4061 4062 
f 4052 4271 4273 4061 
f 4289 4276 4072 4122 
f 4121 4290 4277 4071 
f 4125 4124 4075 4076 
f 4124 3997 4074 4075 
f 3997 4123 4073 4074 
f 4123 4122 4072 4073 
f 4276 4278 4079 4072 
f 4071 4277 4279 4078 
f 4076 4075 4082 4083 
f 4075 4074 4081 4082 
f 4074 4073 4080 4081 
f 4073 4072 4079 4080 
f 4278 4280 4086 4079 
f 4078 4279 4281 4085 
f 4083 4082 4089 4090 
f 4082 4081 4088 4089 
f 4081 4080 4087 4088 
f 4080 4079 4086 4087 
f 4280 4309 4200 4086 
f 4085 4281 4310 4205 
f 4089 4203 4204 4090 
f 4088 4202 4203 4089 
f 4087 4201 4202 4088 
f 4086 4200 4201 4087 
f 4282 4284 4100 4093 
f 4092 4283 4285 4099 
f 4097 4096 4103 4104 
f 4096 4095 4102 4103 
f 4095 4094 4101 4102 
f 4094 4093 4100 4101 
f 4284 4286 4107 4100 
f 4099 4285 4287 4106 
f 4103 4109 4112 
f 4103 4102 4119 4113 
f 4101 4108 4114 
f 4111 4101 4100 4107 
f 4113 4109 4103 
f 4114 4119 4102 4101 
f 4112 4110 4104 4103 
f 4111 4108 4101 
f 4108 4111 4117 4118 
f 4119 4118 4109 4113 
f 4112 4117 4116 4110 
f 4287 4288 4115 4106 
f 4117 4112 4109 4118 
f 4114 4108 4118 4119 
f 4111 4107 4116 4117 
f 4107 4286 4288 4116 
f 4304 4291 4128 4180 
f 3991 4256 4292 4127 
f 4011 4179 4131 4132 
f 4179 4178 4130 4131 
f 4178 4177 4129 4130 
f 4177 4180 4128 4129 
f 4291 4293 4135 4128 
f 4127 4292 4294 4134 
f 4132 4131 4138 4139 
f 4131 4130 4137 4138 
f 4130 4129 4136 4137 
f 4129 4128 4135 4136 
f 4293 4295 4142 4135 
f 4134 4294 4296 4141 
f 4139 4138 4145 4146 
f 4138 4137 4144 4145 
f 4137 4136 4143 4144 
f 4136 4135 4142 4143 
f 4295 4305 4186 4142 
f 4141 4296 4306 4191 
f 4145 4189 4190 4146 
f 4144 4188 4189 4145 
f 4143 4187 4188 4144 
f 4142 4186 4187 4143 
f 4297 4299 4156 4149 
f 4148 4298 4300 4155 
f 4153 4152 4159 4160 
f 4152 4151 4158 4159 
f 4151 4150 4157 4158 
f 4150 4149 4156 4157 
f 4299 4301 4163 4156 
f 4155 4300 4302 4162 
f 4159 4165 4168 
f 4159 4158 4175 4169 
f 4157 4164 4170 
f 4167 4157 4156 4163 
f 4169 4165 4159 
f 4170 4175 4158 4157 
f 4168 4166 4160 4159 
f 4167 4164 4157 
f 4164 4167 4173 4174 
f 4175 4174 4165 4169 
f 4168 4173 4172 4166 
f 4302 4303 4171 4162 
f 4173 4168 4165 4174 
f 4170 4164 4174 4175 
f 4167 4163 4172 4173 
f 4163 4301 4303 4172 
f 4206 4228 4010 4180 
f 4304 4255 3990 4176 
f 4234 4235 4181 4004 
f 4181 4275 4249 4004 
f 4182 4240 4227 4003 
f 4183 4018 4067 4184 
f 4274 4248 3983 4065 
f 4185 4147 4297 4305 
f 4153 4298 4306 4190 
f 4152 4153 4190 4189 
f 4151 4152 4189 4188 
f 4150 4151 4188 4187 
f 4149 4150 4187 4186 
f 4192 4036 4267 4307 
f 4042 4268 4308 4197 
f 4041 4042 4197 4196 
f 4040 4041 4196 4195 
f 4194 4039 4040 4195 
f 4038 4039 4194 4193 
f 4199 4091 4282 4309 
f 4097 4283 4310 4204 
f 4096 4097 4204 4203 
f 4095 4096 4203 4202 
f 4094 4095 4202 4201 
f 4093 4094 4201 4200 
f 4012 4013 4212 4211 
f 4011 4012 4211 4210 
f 4002 4003 4227 4226 
f 4001 4002 4226 4225 
f 4000 4001 4225 4224 
f 3999 4000 4224 4223 
f 3998 3999 4223 4222 
f 4221 4125 3998 4222 
f 4220 4124 4125 4221 
f 4219 3997 4124 4220 
f 4123 3997 4219 4218 
f 4122 4123 4218 4217 
f 3996 4122 4217 4216 
f 3995 3996 4216 4215 
f 4180 4177 4207 4206 
f 4015 3995 4215 4214 
f 4177 4178 4208 4207 
f 4014 4015 4214 4213 
f 4178 4179 4209 4208 
f 4013 4014 4213 4212 
f 4209 4179 4011 4210 
f 4206 3967 4228 
f 3967 3966 4229 4228 
f 3966 3965 4230 4229 
f 3965 3964 4231 4230 
f 3964 3963 4232 4231 
f 4232 3963 3962 4233 
f 3962 3961 4234 4233 
f 4234 3961 4235 
f 4235 3961 3960 4236 
f 3960 3959 4237 4236 
f 4237 3959 3958 4238 
f 4238 3958 3957 4239 
f 3957 3956 4240 4239 
f 4240 3956 4227 
f 3992 3993 4258 4257 
f 3991 3992 4257 4256 
f 3982 3983 4248 4247 
f 3981 3982 4247 4246 
f 3980 3981 4246 4245 
f 3979 3980 4245 4244 
f 3978 3979 4244 4243 
f 4121 3978 4243 4290 
f 3984 3985 4250 4249 
f 3985 3986 4251 4250 
f 3986 3987 4252 4251 
f 3987 3988 4253 4252 
f 3988 3989 4254 4253 
f 3977 4120 4289 4242 
f 3989 3990 4255 4254 
f 3976 3977 4242 4241 
f 3975 3976 4241 4260 
f 3994 3975 4260 4259 
f 3993 3994 4259 4258 
f 4065 4016 4261 4274 
f 4275 4181 4021 4262 
f 4016 4022 4263 4261 
f 4262 4021 4028 4264 
f 4022 4029 4265 4263 
f 4264 4028 4035 4266 
f 4029 4192 4307 4265 
f 4266 4035 4197 4308 
f 4036 4043 4269 4267 
f 4268 4042 4049 4270 
f 4043 4050 4271 4269 
f 4270 4049 4055 4272 
f 4272 4055 4061 4273 
f 4050 4060 4273 4271 
f 4120 4070 4276 4289 
f 4290 4125 4076 4277 
f 4070 4077 4278 4276 
f 4277 4076 4083 4279 
f 4077 4084 4280 4278 
f 4279 4083 4090 4281 
f 4084 4199 4309 4280 
f 4281 4090 4204 4310 
f 4091 4098 4284 4282 
f 4283 4097 4104 4285 
f 4098 4105 4286 4284 
f 4285 4104 4110 4287 
f 4287 4110 4116 4288 
f 4105 4115 4288 4286 
f 4176 4126 4291 4304 
f 4256 4011 4132 4292 
f 4126 4133 4293 4291 
f 4292 4132 4139 4294 
f 4133 4140 4295 4293 
f 4294 4139 4146 4296 
f 4140 4185 4305 4295 
f 4296 4146 4190 4306 
f 4147 4154 4299 4297 
f 4298 4153 4160 4300 
f 4154 4161 4301 4299 
f 4300 4160 4166 4302 
f 4302 4166 4172 4303 
f 4161 4171 4303 4301 
f 4180 4010 4255 4304 
f 4066 3984 4249 4275 
f 4182 4003 4248 4274 
f 4149 4186 4305 4297 
f 4298 4148 4191 4306 
f 4038 4193 4307 4267 
f 4268 4037 4198 4308 
f 4093 4200 4309 4282 
f 4283 4092 4205 4310 
s 1
f 4311 4911 4912 4312 
f 4312 4912 4913 4313 
f 4313 4913 4914 4314 
f 4314 4914 4915 4315 
f 4915 4916 4316 4315 
f 4916 4917 4317 4316 
f 4917 4918 4318 4317 
f 4918 4919 4319 4318 
f 4919 4920 4320 4319 
f 4920 4921 4321 4320 
f 4921 4922 4322 4321 
f 4922 4923 4323 4322 
f 4923 4924 4324 4323 
f 4924 4925 4325 4324 
f 4925 4926 4326 4325 
f 4926 4927 4327 4326 
f 4327 4927 4928 4328 
f 4328 4928 4929 4329 
f 4329 4929 4930 4330 
f 4330 4930 4911 4311 
f 4331 4931 4932 4332 
f 4332 4932 4933 4333 
f 4333 4933 4934 4334 
f 4334 4934 4935 4335 
f 4935 4936 4336 4335 
f 4936 4937 4337 4336 
f 4937 4938 4338 4337 
f 4938 4939 4339 4338 
f 4939 4940 4340 4339 
f 4940 4941 4341 4340 
f 4941 4942 4342 4341 
f 4942 4943 4343 4342 
f 4943 4944 4344 4343 
f 4944 4945 4345 4344 
f 4945 4946 4346 4345 
f 4946 4947 4347 4346 
f 4347 4947 4948 4348 
f 4348 4948 4949 4349 
f 4349 4949 4950 4350 
f 4350 4950 4931 4331 
f 4351 4951 4952 4352 
f 4352 4952 4953 4353 
f 4353 4953 4954 4354 
f 4354 4954 4955 4355 
f 4955 4956 4356 4355 
f 4956 4957 4357 4356 
f 4957 4958 4358 4357 
f 4958 4959 4359 4358 
f 4959 4960 4360 4359 
f 4960 4961 4361 4360 
f 4961 4962 4362 4361 
f 4962 4963 4363 4362 
f 4963 4964 4364 4363 
f 4964 4965 4365 4364 
f 4965 4966 4366 4365 
f 4966 4967 4367 4366 
f 4367 4967 4968 4368 
f 4368 4968 4969 4369 
f 4369 4969 4970 4370 
f 4370 4970 4951 4351 
f 4371 4971 4972 4372 
f 4372 4972 4973 4373 
f 4373 4973 4974 4374 
f 4374 4974 4975 4375 
f 4975 4976 4376 4375 
f 4976 4977 4377 4376 
f 4977 4978 4378 4377 
f 4978 4979 4379 4378 
f 4979 4980 4380 4379 
f 4980 4981 4381 4380 
f 4981 4982 4382 4381 
f 4982 4983 4383 4382 
f 4983 4984 4384 4383 
f 4984 4985 4385 4384 
f 4985 4986 4386 4385 
f 4986 4987 4387 4386 
f 4987 4988 4388 4387 
f 4388 4988 4989 4389 
f 4389 4989 4990 4390 
f 4390 4990 4971 4371 
f 4391 5011 5012 4392 
f 4392 5012 5013 4393 
f 4393 5013 5014 4394 
f 4394 5014 5015 4395 
f 5015 5016 4396 4395 
f 5016 5017 4397 4396 
f 5017 5018 4398 4397 
f 5018 5019 4399 4398 
f 5019 5020 4400 4399 
f 5020 5021 4401 4400 
f 5021 5022 4402 4401 
f 5022 5023 4403 4402 
f 5023 5024 4404 4403 
f 5024 5025 4405 4404 
f 5025 5026 4406 4405 
f 5026 5027 4407 4406 
f 4407 5027 5028 4408 
f 4408 5028 5029 4409 
f 4409 5029 5030 4410 
f 4410 5030 5011 4391 
f 4411 5031 5032 4412 
f 4412 5032 5033 4413 
f 4413 5033 5034 4414 
f 4414 5034 5035 4415 
f 5035 5036 4416 4415 
f 5036 5037 4417 4416 
f 5037 5038 4418 4417 
f 5038 5039 4419 4418 
f 5039 5040 4420 4419 
f 5040 5041 4421 4420 
f 5041 5042 4422 4421 
f 5042 5043 4423 4422 
f 5043 5044 4424 4423 
f 5044 5045 4425 4424 
f 5045 5046 4426 4425 
f 5046 5047 4427 4426 
f 4427 5047 5048 4428 
f 4428 5048 5049 4429 
f 4429 5049 5050 4430 
f 4430 5050 5031 4411 
f 4431 5051 5052 4432 
f 4432 5052 5053 4433 
f 4433 5053 5054 4434 
f 4434 5054 5055 4435 
f 5055 5056 4436 4435 
f 5056 5057 4437 4436 
f 5057 5058 4438 4437 
f 5058 5059 4439 4438 
f 5059 5060 4440 4439 
f 5060 5061 4441 4440 
f 5061 5062 4442 4441 
f 5062 5063 4443 4442 
f 5063 5064 4444 4443 
f 5064 5065 4445 4444 
f 5065 5066 4446 4445 
f 5066 5067 4447 4446 
f 4447 5067 5068 4448 
f 4448 5068 5069 4449 
f 4449 5069 5070 4450 
f 4450 5070 5051 4431 
f 4451 5071 5072 4452 
f 4452 5072 5073 4453 
f 4453 5073 5074 4454 
f 4454 5074 5075 4455 
f 5075 5076 4456 4455 
f 5076 5077 4457 4456 
f 5077 5078 4458 4457 
f 5078 5079 4459 4458 
f 5079 5080 4460 4459 
f 5080 5081 4461 4460 
f 5081 5082 4462 4461 
f 5082 5083 4463 4462 
f 5083 5084 4464 4463 
f 5084 5085 4465 4464 
f 5085 5086 4466 4465 
f 5086 5087 4467 4466 
f 4467 5087 5088 4468 
f 4468 5088 5089 4469 
f 4469 5089 5090 4470 
f 4470 5090 5071 4451 
f 4471 5091 5092 4472 
f 4472 5092 5093 4473 
f 4473 5093 5094 4474 
f 4474 5094 5095 4475 
f 5095 5096 4476 4475 
f 5096 5097 4477 4476 
f 5097 5098 4478 4477 
f 5098 5099 4479 4478 
f 5099 5100 4480 4479 
f 5100 5101 4481 4480 
f 5101 5102 4482 4481 
f 5102 5103 4483 4482 
f 5103 5104 4484 4483 
f 5104 5105 4485 4484 
f 5105 5106 4486 4485 
f 5106 5107 4487 4486 
f 4487 5107 5108 4488 
f 4488 5108 5109 4489 
f 4489 5109 5110 4490 
f 4490 5110 5091 4471 
f 4491 5111 5112 4492 
f 4492 5112 5113 4493 
f 4493 5113 5114 4494 
f 4494 5114 5115 4495 
f 5115 5116 4496 4495 
f 5116 5117 4497 4496 
f 5117 5118 4498 4497 
f 5118 5119 4499 4498 
f 5119 5120 4500 4499 
f 5120 5121 4501 4500 
f 5121 5122 4502 4501 
f 5122 5123 4503 4502 
f 5123 5124 4504 4503 
f 5124 5125 4505 4504 
f 5125 5126 4506 4505 
f 5126 5127 4507 4506 
f 4507 5127 5128 4508 
f 4508 5128 5129 4509 
f 4509 5129 5130 4510 
f 4510 5130 5111 4491 
f 4511 5131 5132 4512 
f 4512 5132 5133 4513 
f 4513 5133 5134 4514 
f 5134 5135 4515 4514 
f 4515 5135 5136 4516 
f 5136 5137 4517 4516 
f 5137 5138 4518 4517 
f 5138 5139 4519 4518 
f 5139 5140 4520 4519 
f 5140 5141 4521 4520 
f 5141 5142 4522 4521 
f 5142 5143 4523 4522 
f 5143 5144 4524 4523 
f 5144 5145 4525 4524 
f 5145 5146 4526 4525 
f 5146 5147 4527 4526 
f 4527 5147 5148 4528 
f 4528 5148 5149 4529 
f 4529 5149 5150 4530 
f 4530 5150 5131 4511 
f 4531 5171 5172 4532 
f 4532 5172 5173 4533 
f 4533 5173 5174 4534 
f 4534 5174 5175 4535 
f 5175 5176 4536 4535 
f 5176 5177 4537 4536 
f 5177 5178 4538 4537 
f 5178 5179 4539 4538 
f 5179 5180 4540 4539 
f 5180 5181 4541 4540 
f 5181 5182 4542 4541 
f 5182 5183 4543 4542 
f 5183 5184 4544 4543 
f 5184 5185 4545 4544 
f 5185 5186 4546 4545 
f 5186 5187 4547 4546 
f 4547 5187 5188 4548 
f 4548 5188 5189 4549 
f 4549 5189 5190 4550 
f 4550 5190 5171 4531 
f 4551 5191 5192 4552 
f 4552 5192 5193 4553 
f 4553 5193 5194 4554 
f 4554 5194 5195 4555 
f 5195 5196 4556 4555 
f 5196 5197 4557 4556 
f 5197 5198 4558 4557 
f 5198 5199 4559 4558 
f 5199 5200 4560 4559 
f 5200 5201 4561 4560 
f 5201 5202 4562 4561 
f 5202 5203 4563 4562 
f 5203 5204 4564 4563 
f 5204 5205 4565 4564 
f 5205 5206 4566 4565 
f 5206 5207 4567 4566 
f 4567 5207 5208 4568 
f 4568 5208 5209 4569 
f 4569 5209 5210 4570 
f 4570 5210 5191 4551 
f 4571 5211 5212 4572 
f 4572 5212 5213 4573 
f 4573 5213 5214 4574 
f 4574 5214 5215 4575 
f 5215 5216 4576 4575 
f 5216 5217 4577 4576 
f 5217 5218 4578 4577 
f 5218 5219 4579 4578 
f 5219 5220 4580 4579 
f 5220 5221 4581 4580 
f 5221 5222 4582 4581 
f 5222 5223 4583 4582 
f 5223 5224 4584 4583 
f 5224 5225 4585 4584 
f 5225 5226 4586 4585 
f 5226 5227 4587 4586 
f 4587 5227 5228 4588 
f 4588 5228 5229 4589 
f 4589 5229 5230 4590 
f 4590 5230 5211 4571 
f 4591 5231 5232 4592 
f 4592 5232 5233 4593 
f 4593 5233 5234 4594 
f 4594 5234 5235 4595 
f 5235 5236 4596 4595 
f 5236 5237 4597 4596 
f 5237 5238 4598 4597 
f 5238 5239 4599 4598 
f 5239 5240 4600 4599 
f 5240 5241 4601 4600 
f 5241 5242 4602 4601 
f 5242 5243 4603 4602 
f 5243 5244 4604 4603 
f 5244 5245 4605 4604 
f 5245 5246 4606 4605 
f 5246 5247 4607 4606 
f 4607 5247 5248 4608 
f 4608 5248 5249 4609 
f 4609 5249 5250 4610 
f 4610 5250 5231 4591 
f 4611 5251 5252 4612 
f 4612 5252 5253 4613 
f 4613 5253 5254 4614 
f 4614 5254 5255 4615 
f 5255 5256 4616 4615 
f 5256 5257 4617 4616 
f 5257 5258 4618 4617 
f 5258 5259 4619 4618 
f 5259 5260 4620 4619 
f 5260 5261 4621 4620 
f 5261 5262 4622 4621 
f 5262 5263 4623 4622 
f 5263 5264 4624 4623 
f 5264 5265 4625 4624 
f 5265 5266 4626 4625 
f 5266 5267 4627 4626 
f 4627 5267 5268 4628 
f 4628 5268 5269 4629 
f 4629 5269 5270 4630 
f 4630 5270 5251 4611 
f 4631 5271 5272 4632 
f 4632 5272 5273 4633 
f 4633 5273 5274 4634 
f 4634 5274 5275 4635 
f 5275 5276 4636 4635 
f 5276 5277 4637 4636 
f 5277 5278 4638 4637 
f 5278 5279 4639 4638 
f 5279 5280 4640 4639 
f 5280 5281 4641 4640 
f 5281 5282 4642 4641 
f 5282 5283 4643 4642 
f 5283 5284 4644 4643 
f 5284 5285 4645 4644 
f 5285 5286 4646 4645 
f 5286 5287 4647 4646 
f 4647 5287 5288 4648 
f 4648 5288 5289 4649 
f 4649 5289 5290 4650 
f 4650 5290 5271 4631 
f 4651 5291 5292 4652 
f 4652 5292 5293 4653 
f 4653 5293 5294 4654 
f 4654 5294 5295 4655 
f 5295 5296 4656 4655 
f 5296 5297 4657 4656 
f 5297 5298 4658 4657 
f 5298 5299 4659 4658 
f 5299 5300 4660 4659 
f 5300 5301 4661 4660 
f 5301 5302 4662 4661 
f 5302 5303 4663 4662 
f 5303 5304 4664 4663 
f 5304 5305 4665 4664 
f 5305 5306 4666 4665 
f 5306 5307 4667 4666 
f 4667 5307 5308 4668 
f 4668 5308 5309 4669 
f 4669 5309 5310 4670 
f 4670 5310 5291 4651 
f 4671 5311 5312 4672 
f 4672 5312 5313 4673 
f 4673 5313 5314 4674 
f 4674 5314 5315 4675 
f 5315 5316 4676 4675 
f 5316 5317 4677 4676 
f 5317 5318 4678 4677 
f 5318 5319 4679 4678 
f 5319 5320 4680 4679 
f 5320 5321 4681 4680 
f 5321 5322 4682 4681 
f 5322 5323 4683 4682 
f 5323 5324 4684 4683 
f 5324 5325 4685 4684 
f 5325 5326 4686 4685 
f 5326 5327 4687 4686 
f 4687 5327 5328 4688 
f 4688 5328 5329 4689 
f 4689 5329 5330 4690 
f 4690 5330 5311 4671 
f 4691 5331 5332 4692 
f 4692 5332 5333 4693 
f 4693 5333 5334 4694 
f 4694 5334 5335 4695 
f 5335 5336 4696 4695 
f 5336 5337 4697 4696 
f 5337 5338 4698 4697 
f 5338 5339 4699 4698 
f 5339 5340 4700 4699 
f 5340 5341 4701 4700 
f 5341 5342 4702 4701 
f 5342 5343 4703 4702 
f 5343 5344 4704 4703 
f 5344 5345 4705 4704 
f 5345 5346 4706 4705 
f 5346 5347 4707 4706 
f 4707 5347 5348 4708 
f 4708 5348 5349 4709 
f 4709 5349 5350 4710 
f 4710 5350 5331 4691 
f 4711 5351 5352 4712 
f 4712 5352 5353 4713 
f 4713 5353 5354 4714 
f 4714 5354 5355 4715 
f 5355 5356 4716 4715 
f 5356 5357 4717 4716 
f 5357 5358 4718 4717 
f 5358 5359 4719 4718 
f 5359 5360 4720 4719 
f 5360 5361 4721 4720 
f 5361 5362 4722 4721 
f 5362 5363 4723 4722 
f 5363 5364 4724 4723 
f 5364 5365 4725 4724 
f 5365 5366 4726 4725 
f 5366 5367 4727 4726 
f 4727 5367 5368 4728 
f 4728 5368 5369 4729 
f 4729 5369 5370 4730 
f 4730 5370 5351 4711 
f 4731 5371 5372 4732 
f 4732 5372 5373 4733 
f 4733 5373 5374 4734 
f 4734 5374 5375 4735 
f 5375 5376 4736 4735 
f 5376 5377 4737 4736 
f 5377 5378 4738 4737 
f 5378 5379 4739 4738 
f 5379 5380 4740 4739 
f 5380 5381 4741 4740 
f 5381 5382 4742 4741 
f 5382 5383 4743 4742 
f 5383 5384 4744 4743 
f 5384 5385 4745 4744 
f 5385 5386 4746 4745 
f 5386 5387 4747 4746 
f 4747 5387 5388 4748 
f 4748 5388 5389 4749 
f 4749 5389 5390 4750 
f 4750 5390 5371 4731 
f 4751 5391 5392 4752 
f 4752 5392 5393 4753 
f 4753 5393 5394 4754 
f 4754 5394 5395 4755 
f 5395 5396 4756 4755 
f 5396 5397 4757 4756 
f 5397 5398 4758 4757 
f 5398 5399 4759 4758 
f 5399 5400 4760 4759 
f 5400 5401 4761 4760 
f 5401 5402 4762 4761 
f 5402 5403 4763 4762 
f 5403 5404 4764 4763 
f 5404 5405 4765 4764 
f 5405 5406 4766 4765 
f 5406 5407 4767 4766 
f 4767 5407 5408 4768 
f 4768 5408 5409 4769 
f 4769 5409 5410 4770 
f 4770 5410 5391 4751 
f 4771 5411 5412 4772 
f 4772 5412 5413 4773 
f 4773 5413 5414 4774 
f 4774 5414 5415 4775 
f 5415 5416 4776 4775 
f 5416 5417 4777 4776 
f 5417 5418 4778 4777 
f 5418 5419 4779 4778 
f 5419 5420 4780 4779 
f 5420 5421 4781 4780 
f 5421 5422 4782 4781 
f 5422 5423 4783 4782 
f 5423 5424 4784 4783 
f 5424 5425 4785 4784 
f 5425 5426 4786 4785 
f 5426 5427 4787 4786 
f 4787 5427 5428 4788 
f 4788 5428 5429 4789 
f 4789 5429 5430 4790 
f 4790 5430 5411 4771 
f 4791 5431 5432 4792 
f 4792 5432 5433 4793 
f 4793 5433 5434 4794 
f 4794 5434 5435 4795 
f 5435 5436 4796 4795 
f 5436 5437 4797 4796 
f 5437 5438 4798 4797 
f 5438 5439 4799 4798 
f 5439 5440 4800 4799 
f 5440 5441 4801 4800 
f 5441 5442 4802 4801 
f 5442 5443 4803 4802 
f 5443 5444 4804 4803 
f 5444 5445 4805 4804 
f 5445 5446 4806 4805 
f 5446 5447 4807 4806 
f 4807 5447 5448 4808 
f 4808 5448 5449 4809 
f 4809 5449 5450 4810 
f 4810 5450 5431 4791 
f 4811 5451 5452 4812 
f 4812 5452 5453 4813 
f 4813 5453 5454 4814 
f 4814 5454 5455 4815 
f 5455 5456 4816 4815 
f 5456 5457 4817 4816 
f 5457 5458 4818 4817 
f 5458 5459 4819 4818 
f 5459 5460 4820 4819 
f 5460 5461 4821 4820 
f 5461 5462 4822 4821 
f 5462 5463 4823 4822 
f 5463 5464 4824 4823 
f 5464 5465 4825 4824 
f 5465 5466 4826 4825 
f 5466 5467 4827 4826 
f 4827 5467 5468 4828 
f 4828 5468 5469 4829 
f 4829 5469 5470 4830 
f 4830 5470 5451 4811 
f 4831 5471 5472 4832 
f 4832 5472 5473 4833 
f 4833 5473 5474 4834 
f 4834 5474 5475 4835 
f 5475 5476 4836 4835 
f 5476 5477 4837 4836 
f 5477 5478 4838 4837 
f 5478 5479 4839 4838 
f 5479 5480 4840 4839 
f 5480 5481 4841 4840 
f 5481 5482 4842 4841 
f 5482 5483 4843 4842 
f 5483 5484 4844 4843 
f 5484 5485 4845 4844 
f 5485 5486 4846 4845 
f 5486 5487 4847 4846 
f 4847 5487 5488 4848 
f 4848 5488 5489 4849 
f 4849 5489 5490 4850 
f 4850 5490 5471 4831 
f 4851 5491 5492 4852 
f 4852 5492 5493 4853 
f 4853 5493 5494 4854 
f 4854 5494 5495 4855 
f 5495 5496 4856 4855 
f 5496 5497 4857 4856 
f 5497 5498 4858 4857 
f 5498 5499 4859 4858 
f 5499 5500 4860 4859 
f 5500 5501 4861 4860 
f 5501 5502 4862 4861 
f 5502 5503 4863 4862 
f 5503 5504 4864 4863 
f 5504 5505 4865 4864 
f 5505 5506 4866 4865 
f 5506 5507 4867 4866 
f 4867 5507 5508 4868 
f 4868 5508 5509 4869 
f 4869 5509 5510 4870 
f 4870 5510 5491 4851 
f 4871 5511 5512 4872 
f 4872 5512 5513 4873 
f 4873 5513 5514 4874 
f 4874 5514 5515 4875 
f 5515 5516 4876 4875 
f 5516 5517 4877 4876 
f 5517 5518 4878 4877 
f 5518 5519 4879 4878 
f 5519 5520 4880 4879 
f 5520 5521 4881 4880 
f 5521 5522 4882 4881 
f 5522 5523 4883 4882 
f 5523 5524 4884 4883 
f 5524 5525 4885 4884 
f 5525 5526 4886 4885 
f 5526 5527 4887 4886 
f 4887 5527 5528 4888 
f 4888 5528 5529 4889 
f 4889 5529 5530 4890 
f 4890 5530 5511 4871 
f 4891 5531 5532 4892 
f 4892 5532 5533 4893 
f 4893 5533 5534 4894 
f 4894 5534 5535 4895 
f 5535 5536 4896 4895 
f 5536 5537 4897 4896 
f 5537 5538 4898 4897 
f 5538 5539 4899 4898 
f 5539 5540 4900 4899 
f 5540 5541 4901 4900 
f 5541 5542 4902 4901 
f 5542 5543 4903 4902 
f 5543 5544 4904 4903 
f 5544 5545 4905 4904 
f 5545 5546 4906 4905 
f 5546 5547 4907 4906 
f 4907 5547 5548 4908 
f 4908 5548 5549 4909 
f 4909 5549 5550 4910 
f 4910 5550 5531 4891 
f 4331 4332 4912 4911 
f 4332 4333 4913 4912 
f 4333 4334 4914 4913 
f 4334 4335 4915 4914 
f 4335 4336 4916 4915 
f 4336 4337 4917 4916 
f 4917 4337 4338 4918 
f 4918 4338 4339 4919 
f 4919 4339 4340 4920 
f 4920 4340 4341 4921 
f 4921 4341 4342 4922 
f 4922 4342 4343 4923 
f 4923 4343 4344 4924 
f 4924 4344 4345 4925 
f 4345 4346 4926 4925 
f 4346 4347 4927 4926 
f 4347 4348 4928 4927 
f 4348 4349 4929 4928 
f 4349 4350 4930 4929 
f 4350 4331 4911 4930 
f 4351 4352 4932 4931 
f 4352 4353 4933 4932 
f 4353 4354 4934 4933 
f 4354 4355 4935 4934 
f 4355 4356 4936 4935 
f 4356 4357 4937 4936 
f 4937 4357 4358 4938 
f 4938 4358 4359 4939 
f 4939 4359 4360 4940 
f 4940 4360 4361 4941 
f 4941 4361 4362 4942 
f 4942 4362 4363 4943 
f 4943 4363 4364 4944 
f 4944 4364 4365 4945 
f 4365 4366 4946 4945 
f 4366 4367 4947 4946 
f 4367 4368 4948 4947 
f 4368 4369 4949 4948 
f 4369 4370 4950 4949 
f 4370 4351 4931 4950 
f 4371 4372 4952 4951 
f 4372 4373 4953 4952 
f 4373 4374 4954 4953 
f 4374 4375 4955 4954 
f 4375 4376 4956 4955 
f 4376 4377 4957 4956 
f 4957 4377 4378 4958 
f 4958 4378 4379 4959 
f 4959 4379 4380 4960 
f 4960 4380 4381 4961 
f 4961 4381 4382 4962 
f 4962 4382 4383 4963 
f 4963 4383 4384 4964 
f 4964 4384 4385 4965 
f 4385 4386 4966 4965 
f 4386 4387 4967 4966 
f 4387 4388 4968 4967 
f 4388 4389 4969 4968 
f 4389 4390 4970 4969 
f 4390 4371 4951 4970 
f 4391 4392 4992 4991 
f 4392 4393 4993 4992 
f 4393 4394 4994 4993 
f 4394 4395 4995 4994 
f 4395 4396 4996 4995 
f 4396 4397 4997 4996 
f 4997 4397 4398 4998 
f 4998 4398 4399 4999 
f 4999 4399 4400 5000 
f 5000 4400 4401 5001 
f 5001 4401 4402 5002 
f 5002 4402 4403 5003 
f 5003 4403 4404 5004 
f 5004 4404 4405 5005 
f 4405 4406 5006 5005 
f 4406 4407 5007 5006 
f 5007 4407 4408 5008 
f 4408 4409 5009 5008 
f 4409 4410 5010 5009 
f 4410 4391 4991 5010 
f 4411 4412 5012 5011 
f 4412 4413 5013 5012 
f 4413 4414 5014 5013 
f 4414 4415 5015 5014 
f 4415 4416 5016 5015 
f 4416 4417 5017 5016 
f 5017 4417 4418 5018 
f 5018 4418 4419 5019 
f 5019 4419 4420 5020 
f 5020 4420 4421 5021 
f 5021 4421 4422 5022 
f 5022 4422 4423 5023 
f 5023 4423 4424 5024 
f 5024 4424 4425 5025 
f 4425 4426 5026 5025 
f 4426 4427 5027 5026 
f 4427 4428 5028 5027 
f 4428 4429 5029 5028 
f 4429 4430 5030 5029 
f 4430 4411 5011 5030 
f 4431 4432 5032 5031 
f 4432 4433 5033 5032 
f 4433 4434 5034 5033 
f 4434 4435 5035 5034 
f 4435 4436 5036 5035 
f 4436 4437 5037 5036 
f 5037 4437 4438 5038 
f 5038 4438 4439 5039 
f 5039 4439 4440 5040 
f 5040 4440 4441 5041 
f 5041 4441 4442 5042 
f 5042 4442 4443 5043 
f 5043 4443 4444 5044 
f 5044 4444 4445 5045 
f 4445 4446 5046 5045 
f 4446 4447 5047 5046 
f 4447 4448 5048 5047 
f 4448 4449 5049 5048 
f 4449 4450 5050 5049 
f 4450 4431 5031 5050 
f 4451 4452 5052 5051 
f 4452 4453 5053 5052 
f 4453 4454 5054 5053 
f 4454 4455 5055 5054 
f 4455 4456 5056 5055 
f 4456 4457 5057 5056 
f 5057 4457 4458 5058 
f 5058 4458 4459 5059 
f 5059 4459 4460 5060 
f 5060 4460 4461 5061 
f 5061 4461 4462 5062 
f 5062 4462 4463 5063 
f 5063 4463 4464 5064 
f 5064 4464 4465 5065 
f 4465 4466 5066 5065 
f 4466 4467 5067 5066 
f 4467 4468 5068 5067 
f 4468 4469 5069 5068 
f 4469 4470 5070 5069 
f 4470 4451 5051 5070 
f 4471 4472 5072 5071 
f 4472 4473 5073 5072 
f 4473 4474 5074 5073 
f 4474 4475 5075 5074 
f 4475 4476 5076 5075 
f 4476 4477 5077 5076 
f 5077 4477 4478 5078 
f 5078 4478 4479 5079 
f 5079 4479 4480 5080 
f 5080 4480 4481 5081 
f 5081 4481 4482 5082 
f 5082 4482 4483 5083 
f 5083 4483 4484 5084 
f 5084 4484 4485 5085 
f 4485 4486 5086 5085 
f 4486 4487 5087 5086 
f 4487 4488 5088 5087 
f 4488 4489 5089 5088 
f 4489 4490 5090 5089 
f 4490 4471 5071 5090 
f 4491 4492 5092 5091 
f 4492 4493 5093 5092 
f 4493 4494 5094 5093 
f 4494 4495 5095 5094 
f 4495 4496 5096 5095 
f 4496 4497 5097 5096 
f 5097 4497 4498 5098 
f 5098 4498 4499 5099 
f 5099 4499 4500 5100 
f 5100 4500 4501 5101 
f 5101 4501 4502 5102 
f 5102 4502 4503 5103 
f 5103 4503 4504 5104 
f 5104 4504 4505 5105 
f 4505 4506 5106 5105 
f 4506 4507 5107 5106 
f 4507 4508 5108 5107 
f 4508 4509 5109 5108 
f 4509 4510 5110 5109 
f 4510 4491 5091 5110 
f 4511 4512 5112 5111 
f 4512 4513 5113 5112 
f 4513 4514 5114 5113 
f 4514 4515 5115 5114 
f 4515 4516 5116 5115 
f 4516 4517 5117 5116 
f 5117 4517 4518 5118 
f 5118 4518 4519 5119 
f 5119 4519 4520 5120 
f 5120 4520 4521 5121 
f 5121 4521 4522 5122 
f 5122 4522 4523 5123 
f 5123 4523 4524 5124 
f 5124 4524 4525 5125 
f 4525 4526 5126 5125 
f 4526 4527 5127 5126 
f 4527 4528 5128 5127 
f 4528 4529 5129 5128 
f 4529 4530 5130 5129 
f 4530 4511 5111 5130 
f 4531 4532 5152 5151 
f 4532 4533 5153 5152 
f 4533 4534 5154 5153 
f 5154 4534 4535 5155 
f 4535 4536 5156 5155 
f 4536 4537 5157 5156 
f 5157 4537 4538 5158 
f 5158 4538 4539 5159 
f 5159 4539 4540 5160 
f 5160 4540 4541 5161 
f 5161 4541 4542 5162 
f 5162 4542 4543 5163 
f 5163 4543 4544 5164 
f 5164 4544 4545 5165 
f 4545 4546 5166 5165 
f 4546 4547 5167 5166 
f 4547 4548 5168 5167 
f 4548 4549 5169 5168 
f 4549 4550 5170 5169 
f 4550 4531 5151 5170 
f 4551 4552 5172 5171 
f 4552 4553 5173 5172 
f 4553 4554 5174 5173 
f 4554 4555 5175 5174 
f 4555 4556 5176 5175 
f 4556 4557 5177 5176 
f 5177 4557 4558 5178 
f 5178 4558 4559 5179 
f 5179 4559 4560 5180 
f 5180 4560 4561 5181 
f 5181 4561 4562 5182 
f 5182 4562 4563 5183 
f 5183 4563 4564 5184 
f 5184 4564 4565 5185 
f 4565 4566 5186 5185 
f 4566 4567 5187 5186 
f 4567 4568 5188 5187 
f 4568 4569 5189 5188 
f 4569 4570 5190 5189 
f 4570 4551 5171 5190 
f 4571 4572 5192 5191 
f 4572 4573 5193 5192 
f 4573 4574 5194 5193 
f 4574 4575 5195 5194 
f 4575 4576 5196 5195 
f 4576 4577 5197 5196 
f 5197 4577 4578 5198 
f 5198 4578 4579 5199 
f 5199 4579 4580 5200 
f 5200 4580 4581 5201 
f 5201 4581 4582 5202 
f 5202 4582 4583 5203 
f 5203 4583 4584 5204 
f 5204 4584 4585 5205 
f 4585 4586 5206 5205 
f 4586 4587 5207 5206 
f 4587 4588 5208 5207 
f 4588 4589 5209 5208 
f 4589 4590 5210 5209 
f 4590 4571 5191 5210 
f 4591 4592 5212 5211 
f 4592 4593 5213 5212 
f 4593 4594 5214 5213 
f 4594 4595 5215 5214 
f 4595 4596 5216 5215 
f 4596 4597 5217 5216 
f 5217 4597 4598 5218 
f 5218 4598 4599 5219 
f 5219 4599 4600 5220 
f 5220 4600 4601 5221 
f 5221 4601 4602 5222 
f 5222 4602 4603 5223 
f 5223 4603 4604 5224 
f 5224 4604 4605 5225 
f 4605 4606 5226 5225 
f 4606 4607 5227 5226 
f 4607 4608 5228 5227 
f 4608 4609 5229 5228 
f 4609 4610 5230 5229 
f 4610 4591 5211 5230 
f 4611 4612 5232 5231 
f 4612 4613 5233 5232 
f 4613 4614 5234 5233 
f 4614 4615 5235 5234 
f 4615 4616 5236 5235 
f 4616 4617 5237 5236 
f 5237 4617 4618 5238 
f 5238 4618 4619 5239 
f 5239 4619 4620 5240 
f 5240 4620 4621 5241 
f 5241 4621 4622 5242 
f 5242 4622 4623 5243 
f 5243 4623 4624 5244 
f 5244 4624 4625 5245 
f 4625 4626 5246 5245 
f 4626 4627 5247 5246 
f 4627 4628 5248 5247 
f 4628 4629 5249 5248 
f 4629 4630 5250 5249 
f 4630 4611 5231 5250 
f 4631 4632 5252 5251 
f 4632 4633 5253 5252 
f 4633 4634 5254 5253 
f 4634 4635 5255 5254 
f 4635 4636 5256 5255 
f 4636 4637 5257 5256 
f 5257 4637 4638 5258 
f 5258 4638 4639 5259 
f 5259 4639 4640 5260 
f 5260 4640 4641 5261 
f 5261 4641 4642 5262 
f 5262 4642 4643 5263 
f 5263 4643 4644 5264 
f 5264 4644 4645 5265 
f 4645 4646 5266 5265 
f 4646 4647 5267 5266 
f 4647 4648 5268 5267 
f 4648 4649 5269 5268 
f 4649 4650 5270 5269 
f 4650 4631 5251 5270 
f 4651 4652 5272 5271 
f 4652 4653 5273 5272 
f 4653 4654 5274 5273 
f 4654 4655 5275 5274 
f 4655 4656 5276 5275 
f 4656 4657 5277 5276 
f 5277 4657 4658 5278 
f 5278 4658 4659 5279 
f 5279 4659 4660 5280 
f 5280 4660 4661 5281 
f 5281 4661 4662 5282 
f 5282 4662 4663 5283 
f 5283 4663 4664 5284 
f 5284 4664 4665 5285 
f 4665 4666 5286 5285 
f 4666 4667 5287 5286 
f 4667 4668 5288 5287 
f 4668 4669 5289 5288 
f 4669 4670 5290 5289 
f 4670 4651 5271 5290 
f 4671 4672 5292 5291 
f 4672 4673 5293 5292 
f 4673 4674 5294 5293 
f 4674 4675 5295 5294 
f 4675 4676 5296 5295 
f 4676 4677 5297 5296 
f 5297 4677 4678 5298 
f 5298 4678 4679 5299 
f 5299 4679 4680 5300 
f 5300 4680 4681 5301 
f 5301 4681 4682 5302 
f 5302 4682 4683 5303 
f 5303 4683 4684 5304 
f 5304 4684 4685 5305 
f 4685 4686 5306 5305 
f 4686 4687 5307 5306 
f 4687 4688 5308 5307 
f 4688 4689 5309 5308 
f 4689 4690 5310 5309 
f 4690 4671 5291 5310 
f 4691 4692 5312 5311 
f 4692 4693 5313 5312 
f 4693 4694 5314 5313 
f 4694 4695 5315 5314 
f 4695 4696 5316 5315 
f 4696 4697 5317 5316 
f 5317 4697 4698 5318 
f 5318 4698 4699 5319 
f 5319 4699 4700 5320 
f 5320 4700 4701 5321 
f 5321 4701 4702 5322 
f 5322 4702 4703 5323 
f 5323 4703 4704 5324 
f 5324 4704 4705 5325 
f 4705 4706 5326 5325 
f 4706 4707 5327 5326 
f 4707 4708 5328 5327 
f 4708 4709 5329 5328 
f 4709 4710 5330 5329 
f 4710 4691 5311 5330 
f 4711 4712 5332 5331 
f 4712 4713 5333 5332 
f 4713 4714 5334 5333 
f 4714 4715 5335 5334 
f 4715 4716 5336 5335 
f 4716 4717 5337 5336 
f 5337 4717 4718 5338 
f 5338 4718 4719 5339 
f 5339 4719 4720 5340 
f 5340 4720 4721 5341 
f 5341 4721 4722 5342 
f 5342 4722 4723 5343 
f 5343 4723 4724 5344 
f 5344 4724 4725 5345 
f 4725 4726 5346 5345 
f 4726 4727 5347 5346 
f 4727 4728 5348 5347 
f 4728 4729 5349 5348 
f 4729 4730 5350 5349 
f 4730 4711 5331 5350 
f 4731 4732 5352 5351 
f 4732 4733 5353 5352 
f 4733 4734 5354 5353 
f 4734 4735 5355 5354 
f 4735 4736 5356 5355 
f 4736 4737 5357 5356 
f 5357 4737 4738 5358 
f 5358 4738 4739 5359 
f 5359 4739 4740 5360 
f 5360 4740 4741 5361 
f 5361 4741 4742 5362 
f 5362 4742 4743 5363 
f 5363 4743 4744 5364 
f 5364 4744 4745 5365 
f 4745 4746 5366 5365 
f 4746 4747 5367 5366 
f 4747 4748 5368 5367 
f 4748 4749 5369 5368 
f 4749 4750 5370 5369 
f 4750 4731 5351 5370 
f 4751 4752 5372 5371 
f 4752 4753 5373 5372 
f 4753 4754 5374 5373 
f 4754 4755 5375 5374 
f 4755 4756 5376 5375 
f 4756 4757 5377 5376 
f 5377 4757 4758 5378 
f 5378 4758 4759 5379 
f 5379 4759 4760 5380 
f 5380 4760 4761 5381 
f 5381 4761 4762 5382 
f 5382 4762 4763 5383 
f 5383 4763 4764 5384 
f 5384 4764 4765 5385 
f 4765 4766 5386 5385 
f 4766 4767 5387 5386 
f 4767 4768 5388 5387 
f 4768 4769 5389 5388 
f 4769 4770 5390 5389 
f 4770 4751 5371 5390 
f 4771 4772 5392 5391 
f 4772 4773 5393 5392 
f 4773 4774 5394 5393 
f 4774 4775 5395 5394 
f 4775 4776 5396 5395 
f 4776 4777 5397 5396 
f 5397 4777 4778 5398 
f 5398 4778 4779 5399 
f 5399 4779 4780 5400 
f 5400 4780 4781 5401 
f 5401 4781 4782 5402 
f 5402 4782 4783 5403 
f 5403 4783 4784 5404 
f 5404 4784 4785 5405 
f 4785 4786 5406 5405 
f 4786 4787 5407 5406 
f 4787 4788 5408 5407 
f 4788 4789 5409 5408 
f 4789 4790 5410 5409 
f 4790 4771 5391 5410 
f 4791 4792 5412 5411 
f 4792 4793 5413 5412 
f 4793 4794 5414 5413 
f 4794 4795 5415 5414 
f 4795 4796 5416 5415 
f 4796 4797 5417 5416 
f 5417 4797 4798 5418 
f 5418 4798 4799 5419 
f 5419 4799 4800 5420 
f 5420 4800 4801 5421 
f 5421 4801 4802 5422 
f 5422 4802 4803 5423 
f 5423 4803 4804 5424 
f 5424 4804 4805 5425 
f 4805 4806 5426 5425 
f 4806 4807 5427 5426 
f 4807 4808 5428 5427 
f 4808 4809 5429 5428 
f 4809 4810 5430 5429 
f 4810 4791 5411 5430 
f 4811 4812 5432 5431 
f 4812 4813 5433 5432 
f 4813 4814 5434 5433 
f 4814 4815 5435 5434 
f 4815 4816 5436 5435 
f 4816 4817 5437 5436 
f 5437 4817 4818 5438 
f 5438 4818 4819 5439 
f 5439 4819 4820 5440 
f 5440 4820 4821 5441 
f 5441 4821 4822 5442 
f 5442 4822 4823 5443 
f 5443 4823 4824 5444 
f 5444 4824 4825 5445 
f 4825 4826 5446 5445 
f 4826 4827 5447 5446 
f 4827 4828 5448 5447 
f 4828 4829 5449 5448 
f 4829 4830 5450 5449 
f 4830 4811 5431 5450 
f 4831 4832 5452 5451 
f 4832 4833 5453 5452 
f 4833 4834 5454 5453 
f 4834 4835 5455 5454 
f 4835 4836 5456 5455 
f 4836 4837 5457 5456 
f 5457 4837 4838 5458 
f 5458 4838 4839 5459 
f 5459 4839 4840 5460 
f 5460 4840 4841 5461 
f 5461 4841 4842 5462 
f 5462 4842 4843 5463 
f 5463 4843 4844 5464 
f 5464 4844 4845 5465 
f 4845 4846 5466 5465 
f 4846 4847 5467 5466 
f 4847 4848 5468 5467 
f 4848 4849 5469 5468 
f 4849 4850 5470 5469 
f 4850 4831 5451 5470 
f 4851 4852 5472 5471 
f 4852 4853 5473 5472 
f 4853 4854 5474 5473 
f 4854 4855 5475 5474 
f 4855 4856 5476 5475 
f 4856 4857 5477 5476 
f 5477 4857 4858 5478 
f 5478 4858 4859 5479 
f 5479 4859 4860 5480 
f 5480 4860 4861 5481 
f 5481 4861 4862 5482 
f 5482 4862 4863 5483 
f 5483 4863 4864 5484 
f 5484 4864 4865 5485 
f 4865 4866 5486 5485 
f 4866 4867 5487 5486 
f 4867 4868 5488 5487 
f 4868 4869 5489 5488 
f 4869 4870 5490 5489 
f 4870 4851 5471 5490 
f 4871 4872 5492 5491 
f 4872 4873 5493 5492 
f 4873 4874 5494 5493 
f 4874 4875 5495 5494 
f 4875 4876 5496 5495 
f 4876 4877 5497 5496 
f 5497 4877 4878 5498 
f 5498 4878 4879 5499 
f 5499 4879 4880 5500 
f 5500 4880 4881 5501 
f 5501 4881 4882 5502 
f 5502 4882 4883 5503 
f 5503 4883 4884 5504 
f 5504 4884 4885 5505 
f 4885 4886 5506 5505 
f 4886 4887 5507 5506 
f 4887 4888 5508 5507 
f 4888 4889 5509 5508 
f 4889 4890 5510 5509 
f 4890 4871 5491 5510 
f 4891 4892 5512 5511 
f 4892 4893 5513 5512 
f 4893 4894 5514 5513 
f 4894 4895 5515 5514 
f 4895 4896 5516 5515 
f 4896 4897 5517 5516 
f 5517 4897 4898 5518 
f 5518 4898 4899 5519 
f 5519 4899 4900 5520 
f 5520 4900 4901 5521 
f 5521 4901 4902 5522 
f 5522 4902 4903 5523 
f 5523 4903 4904 5524 
f 5524 4904 4905 5525 
f 4905 4906 5526 5525 
f 4906 4907 5527 5526 
f 4907 4908 5528 5527 
f 4908 4909 5529 5528 
f 4909 4910 5530 5529 
f 4910 4891 5511 5530 
f 4311 4312 5532 5531 
f 4312 4313 5533 5532 
f 4313 4314 5534 5533 
f 4314 4315 5535 5534 
f 4315 4316 5536 5535 
f 4316 4317 5537 5536 
f 5537 4317 4318 5538 
f 5538 4318 4319 5539 
f 5539 4319 4320 5540 
f 5540 4320 4321 5541 
f 5541 4321 4322 5542 
f 5542 4322 4323 5543 
f 5543 4323 4324 5544 
f 5544 4324 4325 5545 
f 4325 4326 5546 5545 
f 4326 4327 5547 5546 
f 4327 4328 5548 5547 
f 4328 4329 5549 5548 
f 4329 4330 5550 5549 
f 4330 4311 5531 5550 
f 5132 5131 5551 5552 
f 5133 5132 5552 5553 
f 5134 5133 5553 5554 
f 5135 5134 5554 5555 
f 5136 5135 5555 5556 
f 5137 5136 5556 5557 
f 5138 5137 5557 5558 
f 5139 5138 5558 5559 
f 5140 5139 5559 5560 
f 5141 5140 5560 5561 
f 5142 5141 5561 5562 
f 5143 5142 5562 5563 
f 5144 5143 5563 5564 
f 5145 5144 5564 5565 
f 5146 5145 5565 5566 
f 5147 5146 5566 5567 
f 5148 5147 5567 5568 
f 5149 5148 5568 5569 
f 5150 5149 5569 5570 
f 5131 5150 5570 5551 
f 5552 5551 5152 5153 
f 5553 5552 5153 5154 
f 5554 5553 5154 5155 
f 5555 5554 5155 5156 
f 5556 5555 5156 5157 
f 5557 5556 5157 5158 
f 5558 5557 5158 5159 
f 5559 5558 5159 5160 
f 5560 5559 5160 5161 
f 5561 5560 5161 5162 
f 5562 5561 5162 5163 
f 5563 5562 5163 5164 
f 5564 5563 5164 5165 
f 5565 5564 5165 5166 
f 5566 5565 5166 5167 
f 5567 5566 5167 5168 
f 5568 5567 5168 5169 
f 5569 5568 5169 5170 
f 5570 5569 5170 5151 
f 5551 5570 5151 5152 
f 4972 4971 5571 5572 
f 4973 4972 5572 5573 
f 4974 4973 5573 5574 
f 4975 4974 5574 5575 
f 4976 4975 5575 5576 
f 4977 4976 5576 5577 
f 4978 4977 5577 5578 
f 4979 4978 5578 5579 
f 4980 4979 5579 5580 
f 4981 4980 5580 5581 
f 4982 4981 5581 5582 
f 4983 4982 5582 5583 
f 4984 4983 5583 5584 
f 4985 4984 5584 5585 
f 4986 4985 5585 5586 
f 4987 4986 5586 5587 
f 4988 4987 5587 5588 
f 4989 4988 5588 5589 
f 4990 4989 5589 5590 
f 4971 4990 5590 5571 
f 5572 5571 4992 4993 
f 5573 5572 4993 4994 
f 5574 5573 4994 4995 
f 5575 5574 4995 4996 
f 5576 5575 4996 4997 
f 5577 5576 4997 4998 
f 5578 5577 4998 4999 
f 5579 5578 4999 5000 
f 5580 5579 5000 5001 
f 5581 5580 5001 5002 
f 5582 5581 5002 5003 
f 5583 5582 5003 5004 
f 5584 5583 5004 5005 
f 5585 5584 5005 5006 
f 5586 5585 5006 5007 
f 5587 5586 5007 5008 
f 5588 5587 5008 5009 
f 5589 5588 5009 5010 
f 5590 5589 5010 4991 
f 5571 5590 4991 4992 
f 659 574 606 607 
f 1151 1301 1320 1319 
f 605 606 574 
# 5338 polygons - 230 triangles

