# 3ds Max Wavefront OBJ Exporter v0.99 - (c)2007 guruware
# File Created: 20.07.2022 15:19:03

#
# object 6366
#

v  -0.0000 17.7910 24.9250
v  -0.0000 17.9262 24.7914
v  -0.0000 12.4250 23.3012
v  -0.0000 12.4704 23.9508
v  -0.0000 12.5789 24.2921
v  -0.0000 11.7987 14.3302
v  -0.0000 11.5982 11.4560
v  -0.0000 11.4239 8.9583
v  -0.0000 4.3257 4.3696
v  -0.0000 0.2244 3.8541
v  -0.0000 0.1000 3.8092
v  -0.0000 -2.5820 3.8063
v  -0.0000 -0.1123 3.8066
v  -0.0000 0.4727 4.1008
v  -0.0000 0.0926 3.8066
v  -0.0000 -0.1194 3.8066
v  -0.0000 -3.4170 4.2499
v  -0.0000 6.7388 4.4556
v  -0.0000 17.6151 23.7499
v  -0.0000 -17.9064 24.8074
v  -0.0000 -18.0212 23.8495
v  -0.0000 -16.1982 24.7166
v  -0.0000 -15.3494 24.0184
v  -0.0000 -15.4526 24.3300
v  -0.0000 -14.9727 20.1019
v  -0.0000 -14.6926 17.1893
v  -0.0000 -14.1373 11.4150
v  -0.0000 -13.8913 8.8569
v  -0.0000 -13.4351 5.6290
v  -0.0000 -12.4477 4.7050
v  34.9772 17.9946 23.8498
v  34.9678 17.9309 24.6139
v  34.7351 17.9542 24.6153
v  34.7345 18.0214 23.8495
v  35.2098 17.9281 23.8499
v  35.1906 17.8624 24.6114
v  35.4256 17.8138 23.8495
v  35.3937 17.7522 24.6117
v  35.6155 17.6596 23.8496
v  35.5682 17.6080 24.6117
v  35.7709 17.4719 23.8495
v  35.7113 17.4333 24.6118
v  35.8819 17.2546 23.8495
v  35.8189 17.2319 24.6122
v  35.9491 17.0211 23.8495
v  35.8863 17.0105 24.6127
v  35.9764 16.7795 23.8495
v  35.9093 16.7812 24.6123
v  34.3574 17.9542 24.6152
v  34.3574 18.0213 23.8495
v  33.0145 -18.0212 23.8495
v  33.0145 -17.9539 24.6124
v  34.7355 -17.9544 24.6125
v  34.7337 -18.0200 23.8495
v  35.9489 -17.0228 23.8501
v  35.8865 -17.0097 24.6128
v  35.9093 -16.7805 24.6127
v  35.9764 -16.7794 23.8495
v  35.8818 -17.2562 23.8506
v  35.8203 -17.2287 24.6116
v  35.7696 -17.4711 23.8505
v  35.7130 -17.4305 24.6109
v  35.6148 -17.6590 23.8502
v  35.5676 -17.6086 24.6110
v  35.4259 -17.8130 23.8505
v  35.3900 -17.7549 24.6112
v  35.2102 -17.9256 23.8495
v  35.1877 -17.8636 24.6118
v  34.9787 -17.9965 23.8500
v  34.9676 -17.9309 24.6128
v  35.9090 -16.2826 24.6126
v  35.9762 -16.2827 23.8495
v  14.6496 -17.9045 24.8061
v  14.6497 -17.9442 24.7115
v  7.3248 -17.9445 24.7115
v  7.3248 -17.9055 24.8067
v  34.9661 -17.9225 24.7124
v  34.7350 -17.9458 24.7122
v  34.7318 -17.9169 24.8130
v  34.9617 -17.8962 24.8111
v  35.1847 -17.8555 24.7115
v  35.1770 -17.8333 24.8057
v  35.3852 -17.7475 24.7109
v  35.3738 -17.7289 24.8022
v  35.5614 -17.6022 24.7106
v  35.5465 -17.5867 24.8004
v  35.7056 -17.4257 24.7105
v  35.6871 -17.4132 24.8001
v  35.8121 -17.2258 24.7112
v  35.7893 -17.2163 24.8012
v  35.8781 -17.0082 24.7125
v  35.8514 -17.0026 24.8028
v  35.9007 -16.7800 24.7123
v  35.8727 -16.7793 24.8016
v  35.8705 -16.2826 24.8005
v  35.9002 -16.2826 24.7122
v  35.9007 16.7801 24.7120
v  35.8737 16.7739 24.8018
v  35.8515 17.0035 24.8032
v  35.8780 17.0089 24.7123
v  35.8109 17.2287 24.7118
v  35.7870 17.2190 24.8025
v  35.7038 17.4284 24.7114
v  35.6839 17.4141 24.8016
v  35.5618 17.6017 24.7113
v  35.5458 17.5838 24.8015
v  35.3767 17.7245 24.8010
v  35.3887 17.7449 24.7113
v  35.1811 17.8296 24.8035
v  35.1876 17.8543 24.7110
v  34.9635 17.8957 24.8062
v  34.9670 17.9224 24.7136
v  34.7353 17.9196 24.8056
v  34.7350 17.9456 24.7150
v  34.3577 17.9190 24.8051
v  34.3574 17.9455 24.7148
v  33.0136 -17.8581 24.8612
v  33.0129 -17.7877 24.9020
v  34.7252 -17.7969 24.9246
v  34.7284 -17.8697 24.8756
v  34.9339 -17.7705 24.9312
v  34.9511 -17.8463 24.8804
v  35.1577 -17.7847 24.8800
v  35.1268 -17.7109 24.9329
v  35.3455 -17.6850 24.8782
v  35.3010 -17.6175 24.9322
v  35.5104 -17.5491 24.8761
v  35.4544 -17.4914 24.9300
v  35.6444 -17.3833 24.8741
v  35.5798 -17.3378 24.9270
v  35.7400 -17.1948 24.8746
v  35.6680 -17.1627 24.9249
v  35.7957 -16.9905 24.8765
v  35.7179 -16.9728 24.9235
v  35.8144 -16.7776 24.8744
v  35.7357 -16.7754 24.9197
v  35.8124 15.8773 24.8719
v  35.7441 15.8745 24.9109
v  35.7469 16.7754 24.9180
v  35.8157 16.7761 24.8758
v  35.7950 16.9943 24.8772
v  35.7214 16.9817 24.9226
v  35.7347 17.2008 24.8760
v  35.6621 17.1720 24.9245
v  35.6390 17.3842 24.8749
v  35.5747 17.3396 24.9249
v  35.4611 17.4837 24.9248
v  35.5114 17.5429 24.8743
v  35.3170 17.6070 24.9252
v  35.3526 17.6766 24.8743
v  35.1407 17.7043 24.9261
v  35.1651 17.7786 24.8758
v  34.9423 17.7651 24.9269
v  34.9552 17.8424 24.8778
v  34.7346 17.7897 24.9249
v  34.7353 17.8666 24.8760
v  16.2019 17.8694 24.8727
v  16.2015 17.7901 24.9243
v  8.1008 17.7906 24.9246
v  8.1009 17.8710 24.8716
v  33.0142 -17.9101 24.8097
v  35.8701 15.8753 24.8013
v  16.2019 17.9231 24.7980
v  8.1009 17.9247 24.7947
v  33.0129 -17.6911 24.8794
v  34.7266 -17.6730 24.9448
v  34.9089 -17.6562 24.9492
v  35.0817 -17.6026 24.9508
v  35.2351 -17.5218 24.9504
v  35.3728 -17.4083 24.9484
v  35.4871 -17.2728 24.9456
v  35.5694 -17.1191 24.9422
v  35.6195 -16.9466 24.9381
v  35.6364 -16.7740 24.9339
v  35.6330 15.8738 24.9276
v  35.6379 16.7750 24.9365
v  35.6189 16.9622 24.9395
v  35.5689 17.1354 24.9415
v  35.4911 17.2751 24.9426
v  35.3879 17.4045 24.9434
v  35.2669 17.5114 24.9440
v  35.1064 17.6032 24.9443
v  34.9236 17.6635 24.9440
v  34.7315 17.6823 24.9427
v  16.2010 17.6961 24.9424
v  8.1005 17.6975 24.9429
v  8.1005 17.4979 24.9310
v  16.2010 17.4965 24.9305
v  14.4858 13.5755 24.6687
v  7.2443 13.4806 24.6648
v  34.7207 17.4934 24.9319
v  34.8775 17.4740 24.9332
v  31.5025 13.8741 24.6830
v  30.7175 13.8372 24.6699
v  35.0273 17.4277 24.9339
v  35.1551 17.3559 24.9340
v  35.2512 17.2703 24.9337
v  32.2984 13.9214 24.7003
v  35.3247 17.1727 24.9326
v  35.3851 17.0551 24.9309
v  33.0439 13.9636 24.7400
v  35.4303 16.9149 24.9289
v  35.4535 16.7536 24.9261
v  35.4434 -16.7638 24.9211
v  35.4284 -16.9067 24.9250
v  34.2822 -16.8648 24.8618
v  35.3910 -17.0444 24.9289
v  35.3274 -17.1703 24.9319
v  35.2394 -17.2785 24.9336
v  35.1308 -17.3677 24.9346
v  35.0064 -17.4336 24.9344
v  34.8665 -17.4750 24.9327
v  34.7093 -17.4928 24.9289
v  33.0125 -17.4958 24.8862
v  33.0020 -16.7906 24.8073
v  35.9763 15.8748 23.8495
v  35.9105 15.8754 24.6012
v  35.9018 15.8748 24.7008
v  35.8123 9.4438 24.8717
v  35.7425 9.4438 24.9126
v  35.8706 9.4438 24.8014
v  35.6507 9.4438 24.9293
v  35.4529 15.6714 24.9133
v  35.4512 9.4439 24.9156
v  34.0379 9.4412 24.8075
v  34.0883 14.0180 24.8065
v  33.6382 17.9543 24.6150
v  33.6382 18.0213 23.8495
v  33.6384 17.9192 24.8048
v  33.6381 17.9456 24.7146
v  34.3570 17.7893 24.9236
v  34.3577 17.8658 24.8751
v  34.3738 17.6775 24.9407
v  34.3559 17.4936 24.9292
v  35.9092 -1.2451 24.6125
v  35.9762 -1.2451 23.8495
v  35.9762 -3.9581 23.8495
v  35.9091 -3.9581 24.6125
v  35.8707 -1.2451 24.8013
v  35.9004 -1.2451 24.7121
v  35.9004 -3.9581 24.7122
v  35.8706 -3.9581 24.8014
v  35.8116 -16.2825 24.8710
v  35.7340 -16.2825 24.9143
v  35.7352 -12.0427 24.9151
v  35.8123 -12.0428 24.8717
v  35.8706 -12.0427 24.8013
v  35.6428 -16.2824 24.9277
v  35.6442 -12.0427 24.9290
v  35.4440 -16.1865 24.9122
v  34.1058 -15.5063 24.8052
v  34.0367 -12.0359 24.8049
v  35.4447 -12.0427 24.9141
v  35.8123 -1.2451 24.8717
v  35.7387 -1.2451 24.9139
v  35.7397 1.4135 24.9136
v  35.8112 1.4135 24.8705
v  35.8707 1.4135 24.8013
v  35.6475 -1.2451 24.9296
v  35.6481 1.4135 24.9295
v  35.4477 -1.2451 24.9169
v  33.9649 -1.2451 24.8084
v  33.9735 1.4127 24.8080
v  35.4486 1.4136 24.9167
v  35.9763 9.4438 23.8495
v  35.9092 9.4437 24.6124
v  35.9005 9.4438 24.7120
v  33.7651 -1.2451 24.7937
v  33.2609 -1.2451 24.7224
v  33.2590 1.4167 24.7145
v  33.7742 1.4133 24.7927
v  31.3943 -1.2450 23.7768
v  31.7772 -1.2451 24.0835
v  31.7865 -3.9480 24.0772
v  31.4189 -3.9385 23.7780
v  32.2520 -1.2451 24.3694
v  32.7361 -1.2451 24.5801
v  32.7437 -3.9521 24.5714
v  32.2632 -3.9488 24.3641
v  30.6324 -1.2450 22.8566
v  30.9756 -1.2450 23.3410
v  30.9960 -3.9370 23.3348
v  30.6456 -3.9401 22.8366
v  33.2650 -3.9554 24.7156
v  31.0254 -6.6290 23.3318
v  31.4492 -6.6319 23.7745
v  30.3236 -1.2450 22.2425
v  30.4649 -1.2452 22.5566
v  30.4882 -3.9371 22.5528
v  30.3548 -3.9350 22.2561
v  30.7795 9.4963 22.9611
v  30.6421 9.4981 22.7325
v  30.7039 10.8274 22.7831
v  30.8315 10.8700 23.0047
v  32.2868 9.4671 24.3419
v  31.8456 9.4748 24.0739
v  31.9107 11.6045 24.0935
v  32.3500 12.0498 24.3517
v  31.4462 9.4823 23.7551
v  31.0874 9.4894 23.3798
v  31.1589 11.0229 23.4300
v  31.5168 11.2629 23.7855
v  33.2836 9.4505 24.7069
v  32.7677 9.4589 24.5551
v  32.8260 12.5656 24.5568
v  33.3358 13.1514 24.7049
v  33.8385 9.4437 24.7922
v  33.9052 13.8074 24.7903
v  33.1196 13.4999 24.6958
v  33.0706 13.6235 24.7147
v  33.1716 13.3814 24.6869
v  32.5551 13.0382 24.5298
v  32.4419 13.2460 24.5672
v  31.9752 12.7581 24.3258
v  31.7778 13.0329 24.4021
v  31.3778 12.5279 24.0718
v  31.0741 12.8563 24.1764
v  30.9632 12.4062 23.8070
v  30.5875 12.7569 23.9854
v  30.5675 12.3503 23.5497
v  30.1210 12.7276 23.7753
v  30.2489 12.3445 23.2540
v  29.7469 12.7281 23.5416
v  30.0879 12.3384 23.0079
v  29.5437 12.7219 23.2842
v  32.3485 13.4620 24.6365
v  32.3306 13.5414 24.6669
v  33.0591 13.6661 24.7256
v  31.6012 13.3097 24.5458
v  31.5617 13.4147 24.6101
v  30.7407 13.1422 24.4173
v  30.7361 13.2929 24.5426
v  33.6377 17.7893 24.9236
v  33.6384 17.8660 24.8750
v  33.6367 17.6932 24.9415
v  33.6367 17.4939 24.9278
v  30.0609 13.8281 24.6699
v  33.0208 17.9543 24.6148
v  33.0208 18.0212 23.8495
v  33.0211 17.9193 24.8046
v  33.0208 17.9456 24.7145
v  33.0204 17.7893 24.9236
v  33.0211 17.8661 24.8749
v  33.0194 17.6933 24.9415
v  33.0193 17.4940 24.9279
v  29.5173 13.8208 24.6703
v  32.4035 17.9543 24.6147
v  32.4034 18.0212 23.8495
v  32.4037 17.9195 24.8044
v  32.4034 17.9456 24.7143
v  32.4030 17.7894 24.9236
v  32.4037 17.8663 24.8748
v  32.4020 17.6934 24.9415
v  32.4020 17.4941 24.9280
v  28.9732 13.8139 24.6706
v  16.2017 17.9547 24.6098
v  16.2017 18.0210 23.8495
v  24.3026 18.0211 23.8495
v  24.3026 17.9545 24.6122
v  16.2017 17.9460 24.7094
v  24.3026 17.9458 24.7119
v  24.3028 17.9214 24.8012
v  30.2159 13.0367 24.2995
v  30.0855 13.2027 24.4899
v  30.0636 13.6286 24.6562
v  30.0300 13.4023 24.6068
v  29.4446 13.3486 24.5904
v  29.5199 13.6213 24.6566
v  28.8933 13.3103 24.5797
v  28.9763 13.6144 24.6569
v  33.2863 13.2149 24.6970
v  32.7639 12.7127 24.5433
v  32.6718 12.8516 24.5258
v  33.2234 13.2753 24.6886
v  32.2779 12.2804 24.3272
v  32.1539 12.4963 24.3099
v  31.7946 11.9048 24.0438
v  31.6228 12.1924 24.0178
v  31.4175 11.6431 23.7517
v  31.2392 12.0014 23.7309
v  31.0723 11.4736 23.4128
v  30.8866 11.8943 23.4267
v  29.6430 12.9519 24.1567
v  30.7663 11.3766 23.0136
v  30.5892 11.8463 23.0742
v  29.0937 12.8939 23.9533
v  30.6353 11.3465 22.7830
v  30.4524 11.8289 22.8399
v  28.7244 12.8379 23.3053
v  28.8988 12.8653 23.6263
v  29.3846 12.6948 22.9873
v  33.8943 -15.4028 24.7883
v  34.0725 -16.6535 24.8370
v  33.3064 -15.8042 24.6938
v  33.2832 -12.0377 24.7014
v  33.8374 -12.0425 24.7895
v  31.8444 -12.0264 24.0706
v  31.8973 -14.4167 24.0828
v  31.5151 -14.0990 23.7787
v  31.4947 -12.0040 23.7917
v  32.7672 -12.0318 24.5507
v  32.7862 -15.2648 24.5399
v  32.2902 -14.7834 24.3165
v  32.2861 -12.0259 24.3381
v  31.1080 -12.0005 23.3998
v  31.1845 -13.8816 23.4522
v  30.8944 -13.7515 23.0863
v  30.7785 -12.0049 22.9583
v  30.7434 -13.6979 22.8328
v  30.6481 -12.0003 22.7260
v  35.9762 6.7580 23.8495
v  35.9091 6.7579 24.6133
v  35.9092 4.0722 24.6124
v  35.9762 4.0722 23.8495
v  35.9762 1.4135 23.8495
v  35.9092 1.4135 24.6123
v  35.9762 -12.0427 23.8495
v  35.9091 -12.0427 24.6126
v  35.9091 -9.3569 24.6126
v  35.9762 -9.3569 23.8495
v  35.9004 6.7580 24.7129
v  35.8707 6.7580 24.8014
v  35.8707 4.0722 24.8014
v  35.9005 4.0722 24.7121
v  35.9005 1.4135 24.7119
v  35.9003 -12.0427 24.7122
v  35.8706 -9.3569 24.8015
v  35.9003 -9.3569 24.7122
v  35.7360 -9.3569 24.9150
v  35.8124 -9.3569 24.8718
v  35.8123 -6.6711 24.8717
v  35.7369 -6.6711 24.9145
v  35.7378 -3.9581 24.9142
v  35.8125 -3.9581 24.8719
v  35.8183 6.7581 24.8787
v  35.7417 6.7580 24.9130
v  35.8706 -6.6711 24.8015
v  35.6450 -9.3569 24.9295
v  35.6459 -6.6711 24.9297
v  35.6467 -3.9581 24.9297
v  35.6514 6.7580 24.9295
v  33.9876 -9.3537 24.8041
v  35.4454 -9.3569 24.9150
v  35.4461 -6.6710 24.9157
v  33.9583 -6.6713 24.8041
v  33.9549 -3.9582 24.8063
v  35.4469 -3.9581 24.9165
v  35.4504 6.7580 24.9160
v  34.0101 6.7558 24.8072
v  33.2746 -9.3517 24.7027
v  33.7896 -9.3577 24.7874
v  33.7588 -6.6726 24.7862
v  33.2701 -6.6657 24.7051
v  33.7549 -3.9589 24.7900
v  33.8087 6.7577 24.7913
v  33.2654 6.7646 24.7039
v  31.8039 6.7877 24.0593
v  31.4009 6.7975 23.7297
v  31.3930 4.1118 23.7287
v  31.7889 4.1002 24.0580
v  31.7784 1.4276 24.0719
v  31.3875 1.4334 23.7528
v  31.4726 -9.3180 23.7853
v  31.8144 -9.3388 24.0646
v  32.7442 6.7727 24.5510
v  32.2571 6.7808 24.3356
v  32.2507 4.0942 24.3384
v  32.7380 4.0864 24.5522
v  32.7346 1.4207 24.5683
v  32.2482 1.4246 24.3559
v  32.2821 -9.3393 24.3473
v  32.7587 -9.3454 24.5536
v  31.0269 6.8046 23.3267
v  30.7253 6.8088 22.8984
v  30.6957 4.1203 22.8642
v  31.0050 4.1183 23.3098
v  30.9821 1.4366 23.3232
v  30.6553 1.4377 22.8568
v  30.6893 -9.3223 22.8621
v  31.0440 -9.3154 23.3585
v  33.2605 4.0785 24.7037
v  30.5212 9.5031 22.4943
v  30.5842 6.8115 22.6545
v  30.4609 6.8171 22.4007
v  30.4223 4.1296 22.3361
v  30.5493 4.1236 22.6054
v  30.4952 1.4392 22.5709
v  30.3587 1.4424 22.2723
v  30.5569 -9.3165 22.6294
v  33.2424 -15.9664 24.6904
v  31.4489 -15.3221 24.0594
v  31.0084 -15.2025 23.7946
v  31.2946 -14.7163 23.7159
v  31.6935 -14.9061 24.0180
v  32.6461 -15.5291 24.5097
v  32.5000 -15.7844 24.5177
v  31.8958 -15.4990 24.2848
v  32.1016 -15.1544 24.2644
v  30.6195 -15.1589 23.5252
v  30.3773 -15.1397 23.2783
v  30.7275 -14.5346 23.1059
v  30.9568 -14.6144 23.4049
v  33.1772 -16.1268 24.6983
v  30.1870 -15.1150 22.9943
v  30.5592 -14.5061 22.8424
v  30.8501 -16.0098 24.4693
v  30.2516 -15.9083 24.3429
v  30.6486 -15.6134 24.0107
v  31.1616 -15.6941 24.2107
v  32.1945 -16.2682 24.6701
v  31.4519 -16.1217 24.5705
v  31.6771 -15.8205 24.3851
v  32.3486 -16.0298 24.5736
v  29.6366 -15.8178 24.1799
v  29.2031 -15.7776 24.0373
v  29.8718 -15.5720 23.5781
v  30.1659 -15.5839 23.7948
v  33.0438 -16.4409 24.7589
v  33.1106 -16.2841 24.7262
v  28.9634 -15.7324 23.6507
v  29.6589 -15.5439 23.2700
v  30.4035 -14.4855 22.5693
v  30.5907 -13.6669 22.5754
v  32.1956 -18.0211 23.8495
v  32.1956 -17.9524 24.6120
v  33.0145 -17.9451 24.7120
v  32.1945 -17.8539 24.8555
v  32.1936 -17.7849 24.8938
v  32.1952 -17.9023 24.8046
v  32.1925 -17.6903 24.9084
v  32.1928 -17.4964 24.8801
v  32.1836 -16.7469 24.7782
v  32.1956 -17.9435 24.7116
v  31.4530 -18.0210 23.8495
v  31.4530 -17.9525 24.6120
v  31.4519 -17.8540 24.8556
v  31.4510 -17.7852 24.8938
v  31.4526 -17.9025 24.8045
v  31.4500 -17.6900 24.9086
v  31.4502 -17.4962 24.8797
v  31.4411 -16.7084 24.7594
v  31.4530 -17.9436 24.7116
v  30.8510 -18.0211 23.8495
v  30.8510 -17.9525 24.6120
v  30.8500 -17.8541 24.8557
v  30.8492 -17.7852 24.8940
v  30.8506 -17.9026 24.8045
v  30.8482 -17.6896 24.9087
v  30.8484 -17.4957 24.8800
v  30.8397 -16.6753 24.7504
v  30.8510 -17.9436 24.7116
v  30.2526 -18.0211 23.8495
v  30.2526 -17.9525 24.6120
v  30.2515 -17.8541 24.8558
v  30.2506 -17.7853 24.8941
v  30.2522 -17.9027 24.8046
v  30.2496 -17.6893 24.9089
v  30.2418 -16.6461 24.7434
v  30.2498 -17.4952 24.8802
v  30.2526 -17.9436 24.7116
v  29.4656 -18.0211 23.8495
v  29.4656 -17.9526 24.6120
v  29.4649 -17.8542 24.8559
v  29.4644 -17.7853 24.8944
v  29.4654 -17.9028 24.8046
v  29.4637 -17.6797 24.9078
v  29.6251 -16.6139 24.7379
v  29.4639 -17.4945 24.8806
v  29.4656 -17.9436 24.7116
v  29.2971 -16.6076 24.7370
v  14.6497 -18.0211 23.8495
v  14.6497 -17.9531 24.6119
v  21.9745 -17.9528 24.6120
v  21.9745 -18.0211 23.8495
v  14.6495 -17.8562 24.8581
v  14.6494 -17.7863 24.8981
v  21.9741 -17.7856 24.8963
v  21.9743 -17.8552 24.8570
v  21.9744 -17.9036 24.8055
v  14.6493 -17.6777 24.9130
v  21.9739 -17.6834 24.9111
v  14.6494 -17.4804 24.8883
v  14.6474 -16.3990 24.7357
v  21.9726 -16.5034 24.7397
v  21.9741 -17.4870 24.8855
v  32.1858 -16.4492 24.7419
v  32.1816 -16.3540 24.7118
v  33.0335 -16.4909 24.7738
v  33.0239 -16.5398 24.7832
v  31.4388 -16.3692 24.7036
v  31.4324 -16.2362 24.6474
v  30.8312 -16.2986 24.6766
v  30.8220 -16.1361 24.5892
v  30.2154 -16.2275 24.6461
v  30.1978 -16.0374 24.5142
v  29.5980 -16.1495 24.6078
v  29.5827 -15.9343 24.4139
v  29.2709 -16.1132 24.5901
v  29.2315 -15.8903 24.3620
v  14.5948 -15.4890 24.1690
v  14.4906 -15.4378 23.8258
v  21.8042 -15.5637 23.7715
v  21.9109 -15.6136 24.1414
v  14.6334 -15.8329 24.6011
v  14.6329 -15.6508 24.4557
v  21.9859 -15.7747 24.4491
v  21.9694 -15.9775 24.6117
v  33.0138 -16.5914 24.7916
v  32.1947 -16.5482 24.7569
v  31.4522 -16.5101 24.7354
v  30.8504 -16.4778 24.7206
v  30.2521 -16.4486 24.7135
v  29.6323 -16.4166 24.7060
v  29.3005 -16.4101 24.7057
v  14.6503 -16.2011 24.7069
v  21.9754 -16.3051 24.7092
v  7.3284 -15.5301 24.4054
v  7.2965 -15.4005 24.1429
v  21.6946 12.6637 23.3715
v  14.4532 12.5331 23.3642
v  14.4985 12.5574 23.6954
v  21.7823 12.6883 23.6890
v  22.0199 13.1635 24.5941
v  14.4572 13.0367 24.5918
v  14.4885 13.3760 24.6554
v  22.0959 13.4778 24.6582
v  32.3196 13.6260 24.6854
v  32.3103 13.7219 24.6919
v  33.0548 13.7639 24.7373
v  33.0559 13.7086 24.7309
v  31.5362 13.5363 24.6477
v  31.5133 13.6747 24.6722
v  30.7328 13.4553 24.6187
v  30.7237 13.6377 24.6559
v  29.4726 13.1133 24.4227
v  28.9328 13.0370 24.3494
v  14.4778 12.7548 24.3778
v  21.9704 12.8876 24.3885
v  14.5356 12.5870 24.0177
v  21.8702 12.7179 23.9970
v  27.9625 -12.0056 17.0093
v  28.1325 -9.2644 16.9992
v  29.3505 -9.2880 19.8416
v  29.2913 -12.0018 19.8575
v  27.8802 -13.2291 17.0278
v  29.2668 -13.4511 19.8855
v  29.0698 -14.2290 19.8814
v  27.6734 -13.9396 17.0303
v  27.2596 -14.4854 17.0747
v  28.6515 -14.8010 19.9344
v  26.7019 -14.8500 17.1397
v  28.0853 -15.1673 20.0185
v  25.8524 -15.0226 17.2105
v  27.2148 -15.3409 20.1170
v  13.7010 -15.0729 20.1537
v  12.9995 -14.7809 17.2259
v  19.4994 -14.8882 17.2146
v  20.5366 -15.1883 20.1354
v  13.0184 12.0936 17.2224
v  6.5294 12.0221 17.2181
v  6.8559 12.2273 20.1283
v  13.7062 12.2986 20.1369
v  26.4939 12.2177 17.1724
v  25.8215 12.3279 17.2148
v  27.2100 12.5661 20.1247
v  27.9185 12.4401 20.0612
v  27.0753 11.9493 17.1091
v  28.5128 12.1272 19.9802
v  27.5097 11.5269 17.0588
v  28.9411 11.6731 19.9181
v  27.7608 11.0502 17.0353
v  29.1714 11.1955 19.8904
v  27.8941 10.5198 17.0227
v  29.2772 10.6666 19.8779
v  27.9634 9.5102 17.0103
v  29.2920 9.5054 19.8587
v  28.2448 4.2048 17.0000
v  28.1310 6.8597 16.9972
v  29.3491 6.8368 19.8409
v  29.4021 4.1665 19.8381
v  28.3142 -1.2447 17.0104
v  28.3060 1.4804 17.0060
v  29.4122 1.4609 19.8426
v  29.4035 -1.2448 19.8471
v  28.2472 -6.5189 17.0068
v  28.3013 -3.8822 17.0106
v  29.4112 -3.9087 19.8451
v  29.4036 -6.5723 19.8416
v  24.3023 17.7898 24.9239
v  24.3028 17.8678 24.8737
v  -0.0000 17.8726 24.8705
v  24.3015 17.6948 24.9420
v  -0.0000 17.6988 24.9433
v  24.3015 17.4953 24.9298
v  22.1460 13.6773 24.6718
v  8.1009 18.0208 23.8495
v  8.1009 17.9549 24.6074
v  8.1009 17.9463 24.7070
v  7.1822 12.4525 23.3251
v  7.2134 12.4578 23.6698
v  -0.0000 13.1644 24.6506
v  7.2472 13.2811 24.6517
v  7.2316 12.9352 24.5785
v  7.2234 12.6491 24.3379
v  7.2399 12.5028 24.0046
v  19.5070 12.1929 17.2210
v  20.5558 12.4174 20.1366
v  -0.0000 11.9993 17.2068
v  6.2030 11.8198 14.3468
v  21.9745 -17.9439 24.7116
v  -0.0000 -17.9447 24.7115
v  7.3248 -17.9533 24.6119
v  7.3248 -18.0211 23.8495
v  -0.0000 -17.7877 24.9016
v  7.3247 -17.7870 24.8998
v  7.3248 -17.8573 24.8592
v  7.3246 -17.6719 24.9151
v  7.3394 -16.2918 24.7265
v  7.3248 -17.4741 24.8887
v  7.2627 -15.3530 23.7687
v  28.7472 -15.6906 23.2729
v  21.7001 -15.5233 23.3905
v  -0.0000 -15.6887 24.5747
v  7.3285 -15.7649 24.6049
v  7.3422 -16.0937 24.6993
v  6.4518 -14.7167 17.2245
v  6.8488 -15.0006 20.1411
v  24.4850 -14.7110 14.3355
v  18.4622 -14.5892 14.3328
v  25.2702 -12.0120 11.2382
v  25.0033 -12.0101 10.6651
v  25.4453 -9.2267 10.6565
v  25.6829 -9.2211 11.2270
v  25.1357 -12.7929 11.2418
v  24.8664 -12.7484 10.6654
v  24.9210 -13.3854 11.2564
v  24.6510 -13.3291 10.6784
v  24.5073 -13.8969 11.3045
v  24.2450 -13.8301 10.7223
v  23.9474 -14.2484 11.3771
v  23.6660 -14.1891 10.7856
v  23.1151 -14.4069 11.4630
v  22.8277 -14.3418 10.8524
v  -0.0000 -14.0782 10.8004
v  5.6098 -14.0984 10.8528
v  5.6577 -14.1589 11.4789
v  17.4093 11.7573 11.4749
v  23.0955 11.8644 11.4722
v  22.8270 11.8184 10.9032
v  17.2776 11.7053 10.8629
v  23.6800 11.7951 11.4235
v  23.4128 11.7480 10.8419
v  24.2041 11.5782 11.3599
v  23.9370 11.5291 10.7749
v  24.6433 11.2271 11.2996
v  24.3730 11.1806 10.7178
v  24.9633 10.7695 11.2555
v  24.6921 10.7285 10.6778
v  25.1466 10.2308 11.2411
v  24.8774 10.1962 10.6659
v  25.2717 9.5180 11.2392
v  25.0024 9.5174 10.6648
v  25.6663 6.9081 11.2315
v  25.4233 6.9185 10.6588
v  26.1022 -1.2446 11.2504
v  25.8971 -1.2447 10.6835
v  25.8209 1.5266 10.6920
v  26.0363 1.5178 11.2596
v  25.9128 -6.4098 11.2451
v  25.6882 -6.4188 10.6747
v  25.8284 -3.8328 10.6860
v  26.0408 -3.8283 11.2546
v  11.6430 11.6692 11.4824
v  11.5481 11.6247 10.8613
v  5.8765 11.6176 11.4796
v  5.8235 11.5736 10.8530
v  -0.0000 11.5546 10.8312
v  11.5167 -14.1506 10.8429
v  11.5965 -14.2109 11.4593
v  17.2908 -14.2308 10.8438
v  17.4249 -14.2911 11.4512
v  24.7370 -12.0043 10.0918
v  24.4059 -11.9921 9.3513
v  24.9238 -9.2255 9.3399
v  25.2036 -9.2307 10.0879
v  24.6010 -12.6980 10.0878
v  24.2740 -12.6232 9.3476
v  24.3894 -13.2609 10.0980
v  24.0775 -13.1513 9.3494
v  23.9993 -13.7498 10.1349
v  23.7107 -13.6291 9.3719
v  23.4561 -13.5397 8.5948
v  23.1391 -14.0155 9.4162
v  22.9302 -13.9310 8.7045
v  22.5537 -14.2762 10.2360
v  22.2465 -14.1959 9.4732
v  23.4075 -14.1202 10.1859
v  5.5834 -13.9586 9.4006
v  5.5903 -14.0379 10.2246
v  22.0735 11.6663 8.9707
v  17.1118 11.5694 8.9583
v  17.1287 11.6031 9.4365
v  22.2487 11.7099 9.5375
v  22.6230 11.5834 8.8098
v  22.8388 11.6349 9.4770
v  23.0996 11.3622 8.6951
v  23.3495 11.4144 9.4210
v  24.1064 11.1320 10.1344
v  23.7563 11.0911 9.3827
v  23.6792 11.4746 10.1861
v  23.7838 10.6243 8.5624
v  23.4728 11.0473 8.6103
v  24.0750 10.6602 9.3558
v  23.9784 10.1274 8.5465
v  24.2678 10.1520 9.3479
v  24.1115 9.5321 8.5354
v  24.3958 9.5287 9.3434
v  25.0837 4.2658 8.4735
v  24.6600 6.9086 8.4881
v  24.8894 6.9201 9.3292
v  25.2331 4.2901 9.3317
v  25.4817 -1.2447 8.4422
v  25.3710 1.5143 8.4575
v  25.4699 1.5247 9.3385
v  25.5728 -1.2447 9.3351
v  25.4785 -6.4315 10.0995
v  25.2703 -6.4339 9.3341
v  25.4811 -3.8420 9.3356
v  25.6475 -3.8396 10.1074
v  11.4080 11.4904 8.9583
v  11.4271 11.5232 9.4251
v  5.7121 11.4404 8.9583
v  5.7337 11.4718 9.4047
v  11.4851 -14.0903 10.2205
v  11.4728 -14.0116 9.4034
v  17.1193 -14.0914 9.4207
v  17.2069 -14.1700 10.2250
v  24.1219 -11.9868 8.5353
v  23.9554 -11.9987 7.8698
v  24.5773 -9.2564 7.8565
v  24.6913 -9.2309 8.4904
v  23.9935 -12.5461 8.5308
v  23.8340 -12.4987 7.8689
v  23.8094 -13.0550 8.5443
v  23.6258 -13.0250 7.8484
v  23.2102 -13.5366 7.8507
v  22.6568 -13.8832 7.8705
v  22.0774 -14.1380 8.9109
v  21.8363 -14.0354 7.9002
v  5.6244 -13.7953 7.7018
v  5.5945 -13.9063 8.8569
v  21.7057 11.5352 7.1647
v  17.0872 11.4413 7.1340
v  17.0874 11.4937 7.8827
v  21.8105 11.5893 7.9505
v  22.2779 11.4631 7.1569
v  22.3944 11.5220 7.9242
v  22.7739 11.2618 7.1404
v  22.8934 11.3127 7.8951
v  23.1996 10.9300 7.1284
v  23.3029 10.9927 7.8765
v  23.5107 10.5164 7.1321
v  23.6180 10.5746 7.8695
v  23.7080 10.0281 7.1412
v  23.8144 10.0807 7.8713
v  23.9493 9.5225 7.8637
v  24.9630 4.2638 7.1167
v  24.4735 6.8967 7.1238
v  24.5469 6.9026 7.8424
v  25.0179 4.2633 7.8314
v  25.3907 -1.2445 7.1304
v  25.2806 1.5148 7.1244
v  25.3300 1.5143 7.8360
v  25.4359 -1.2445 7.8407
v  25.1201 -6.4519 8.4709
v  25.0561 -6.4921 7.8400
v  25.3400 -3.8745 7.8391
v  25.3807 -3.8537 8.4497
v  11.3525 11.3553 7.0295
v  11.3642 11.4107 7.8215
v  5.6192 11.2940 6.8722
v  5.6446 11.3542 7.7279
v  -0.0000 11.3300 7.6109
v  5.6503 -13.7113 6.8272
v  11.5896 -13.7739 6.9211
v  11.5470 -13.8536 7.7534
v  11.4919 -13.9592 8.8569
v  17.0306 -13.9382 7.8472
v  17.0853 -14.0365 8.8569
v  5.6645 -13.1276 5.2167
v  5.6626 -13.5103 5.7918
v  11.6010 -13.1649 5.3202
v  11.5998 -13.5587 5.8840
v  17.0201 -13.2483 5.4646
v  17.0184 -13.6452 6.0266
v  21.8148 -13.2961 5.5548
v  21.7840 -13.7046 6.0886
v  21.7813 10.8993 5.5786
v  17.0954 10.8859 5.5243
v  17.0920 11.2565 6.0917
v  21.7478 11.3045 6.1306
v  11.3637 10.8338 5.4058
v  11.3622 11.1853 5.9879
v  5.6317 10.7534 5.2570
v  5.6324 11.1157 5.8315
v  -0.0000 10.6507 5.1192
v  23.5792 -12.0580 6.1130
v  23.1611 -12.0694 5.5720
v  23.8413 -9.3363 5.5655
v  24.2505 -9.3240 6.1069
v  24.3166 4.3125 5.5565
v  23.8081 6.9724 5.5645
v  24.2218 6.9506 6.1035
v  24.7214 4.2999 6.0953
v  24.7729 -1.2448 5.5616
v  24.6632 1.5402 5.5693
v  25.0532 1.5332 6.1073
v  25.1658 -1.2448 6.1048
v  24.7601 -6.5638 6.1016
v  24.3581 -6.5764 5.5590
v  24.6670 -3.9182 5.5611
v  25.0626 -3.9117 6.1038
v  23.0986 -12.3101 5.5739
v  23.4895 -12.4024 6.1151
v  22.2271 11.2339 6.1222
v  22.1352 10.8374 5.5767
v  23.3021 -12.8970 6.1714
v  22.9392 -12.6439 5.5660
v  22.6255 -12.9989 5.5614
v  22.9021 -13.3332 6.1489
v  22.2539 -13.2085 5.5594
v  22.3847 -13.5957 6.0888
v  22.6541 11.0521 6.1133
v  22.4564 10.6952 5.5739
v  23.0251 10.7556 6.1086
v  22.7380 10.4686 5.5720
v  22.9421 10.1997 5.5710
v  23.2944 10.3976 6.1099
v  23.0792 9.8880 5.5747
v  23.4726 9.9813 6.1160
v  23.1511 9.6079 5.5720
v  23.5756 9.5776 6.1134
v  5.6587 -11.7985 4.5949
v  5.6633 -12.5806 4.8090
v  5.6577 -13.6845 6.5490
v  11.5966 -11.8422 4.7252
v  11.6001 -12.6098 4.9209
v  11.5963 -13.7471 6.6418
v  17.0176 -11.9249 4.8781
v  17.0205 -12.6907 5.0690
v  17.0170 -13.8370 6.8009
v  21.8324 -11.9748 5.0246
v  21.8324 -12.7297 5.1892
v  21.7396 -13.9285 6.8193
v  17.0909 9.4922 4.8811
v  17.0968 10.3503 5.1123
v  21.8039 10.3263 5.1975
v  17.0911 11.4217 6.8527
v  21.7053 11.5123 6.8836
v  11.3607 9.4387 4.7365
v  11.3634 10.3082 4.9794
v  11.3592 11.3358 6.7483
v  5.6304 9.3765 4.6082
v  5.6299 10.2226 4.8390
v  5.6280 11.2740 6.5911
v  -0.0000 9.3284 4.5445
v  22.5882 -12.0440 5.1990
v  22.5386 -9.1964 4.9544
v  23.2781 -9.3193 5.1867
v  24.9772 -6.5252 6.8429
v  24.4756 -9.2770 6.8482
v  23.0202 4.2639 5.0023
v  22.4970 6.8508 5.0103
v  23.2406 6.9640 5.1910
v  23.7579 4.3020 5.1832
v  23.8148 9.5024 6.8559
v  24.4497 6.8929 6.8430
v  23.5029 -1.2448 4.9973
v  23.3978 1.5175 4.9998
v  24.1199 1.5357 5.1909
v  24.2260 -1.2448 5.1843
v  24.9387 4.2599 6.8357
v  25.2585 1.5127 6.8448
v  23.8004 -6.5666 5.1839
v  23.0628 -6.5301 5.0022
v  23.3902 -3.8959 5.0064
v  24.1175 -3.9135 5.1839
v  25.3708 -1.2448 6.8483
v  25.2687 -3.8919 6.8466
v  22.5555 -12.1705 5.2002
v  23.8136 -12.0030 6.8532
v  23.7009 -12.4387 6.8538
v  22.0000 10.2877 5.1983
v  22.2639 11.4349 6.8763
v  22.4643 -12.3556 5.1981
v  23.4700 -12.9733 6.8212
v  22.2859 -12.5575 5.1955
v  22.9999 -13.5029 6.8150
v  22.0732 -12.6781 5.1933
v  22.4543 -13.8068 6.8193
v  22.1809 10.2042 5.1992
v  22.7536 11.2393 6.8594
v  22.3414 10.0741 5.1988
v  23.1763 10.9089 6.8475
v  22.4562 9.9222 5.1981
v  23.4851 10.4987 6.8506
v  22.5347 9.7469 5.2000
v  23.6821 10.0163 6.8597
v  22.5722 9.6008 5.1983
v  33.7890 4.0717 24.7906
v  33.9884 4.0704 24.8069
v  35.6491 4.0722 24.9294
v  35.4495 4.0722 24.9162
v  26.6168 -12.0092 14.1249
v  26.8962 -9.2413 14.1142
v  30.3032 -6.6326 22.0467
v  30.3302 -9.3245 22.1280
v  26.5071 -13.0102 14.1371
v  30.3989 -12.0145 22.2375
v  30.4654 -13.6564 22.3214
v  26.2966 -13.6621 14.1448
v  30.2710 -14.4514 22.2947
v  25.8821 -14.1894 14.1903
v  29.8842 -15.0547 22.4158
v  25.3244 -14.5485 14.2582
v  29.3422 -15.4712 22.6536
v  28.6088 -15.6598 22.9937
v  12.2980 -14.4963 14.3426
v  21.6078 -15.4959 23.1099
v  14.4024 -15.3753 23.1892
v  12.3308 11.8772 14.3507
v  7.1835 12.4328 23.0437
v  14.3948 12.5134 23.0828
v  24.4546 12.0927 14.3421
v  25.0913 12.0114 14.2931
v  28.5942 12.8146 23.0248
v  29.2859 12.6768 22.7843
v  25.6273 11.7715 14.2384
v  29.8400 12.2933 22.5308
v  26.0776 11.3782 14.1804
v  30.2091 11.7881 22.3785
v  26.3684 10.9103 14.1448
v  30.3893 11.3201 22.3222
v  26.5196 10.3751 14.1340
v  30.4516 10.8142 22.3037
v  26.6181 9.5148 14.1260
v  30.4042 9.5166 22.2380
v  25.8963 4.2789 11.2457
v  26.8966 6.8832 14.1153
v  27.0723 4.2424 14.1244
v  30.3497 6.8279 22.1417
v  27.1847 1.4998 14.1295
v  27.2082 -1.2447 14.1306
v  30.3138 4.1376 22.0759
v  30.2547 1.4468 22.0102
v  27.1732 -3.8554 14.1310
v  27.0724 -6.4644 14.1269
v  30.2223 -1.2442 21.9792
v  30.2523 -3.9386 21.9933
v  18.4582 11.9704 14.3467
v  21.6034 12.6441 23.0901
v  -0.0000 -14.4150 14.3027
v  6.0547 -14.4368 14.3503
v  7.2497 -15.2889 23.1039
v  -0.0000 -15.2505 22.9912
v  5.6606 -11.4987 4.5839
v  -0.0000 -9.0513 4.4473
v  5.6614 -9.0852 4.5091
v  11.5807 -9.0404 4.6517
v  11.6002 -11.5423 4.7167
v  17.0340 -9.0794 4.8315
v  17.0216 -11.6250 4.8712
v  21.5934 -11.6724 5.0123
v  22.2590 -9.0202 4.9984
v  5.6402 4.3125 4.4515
v  5.6406 6.7572 4.5229
v  11.3639 9.1388 4.7295
v  11.3928 6.7181 4.6609
v  5.6335 9.0766 4.5992
v  17.0943 9.1912 4.8745
v  17.0905 6.7347 4.8387
v  21.5709 9.2455 5.0127
v  22.2238 6.6751 4.9990
v  11.4216 4.2973 4.6184
v  11.4511 1.5263 4.6339
v  5.6454 1.5341 4.3945
v  17.0746 4.2781 4.8017
v  17.0643 1.5167 4.7766
v  22.7234 4.2171 4.9911
v  23.0981 1.4938 4.9872
v  11.4801 -1.2448 4.6590
v  11.5078 -3.8915 4.6367
v  5.6531 -3.8931 4.3938
v  5.6496 -1.2447 4.3722
v  17.0568 -1.2448 4.7709
v  17.0468 -3.8892 4.7774
v  22.7657 -6.4844 4.9918
v  17.0378 -6.5336 4.7980
v  23.0914 -3.8735 4.9882
v  7.2456 -15.3159 23.3846
v  14.4019 -15.4022 23.4700
v  29.4871 -15.4976 22.9273
v  30.0227 -15.0815 22.6919
v  30.5200 -12.0000 22.4917
v  30.4096 -6.6247 22.3078
v  30.4420 -9.3133 22.3869
v  30.5752 10.8102 22.5575
v  30.5030 11.3271 22.5508
v  30.3191 11.8047 22.6024
v  29.9459 12.3108 22.7473
v  23.8416 9.5072 7.1370
v  24.9955 -6.5284 7.1244
v  25.2887 -3.8935 7.1280
v  23.8401 -12.0089 7.1345
v  24.4971 -9.2809 7.1295
v  23.7252 -12.4555 7.1354
v  23.4928 -12.9988 7.1019
v  23.0221 -13.5303 7.0954
v  22.4672 -13.8376 7.0997
v  21.7414 -13.9562 7.0999
v  17.0119 -13.8640 7.0816
v  -0.0000 -13.6772 6.6297
v  23.2021 -1.2454 4.9852
v  1.5305 -2.7822 4.2506
v  1.8001 -2.4537 4.2506
v  5.6556 -6.5411 4.4455
v  1.8001 -0.0426 4.2506
v  1.5304 0.2859 4.2507
v  0.4006 -3.2770 4.2472
v  -0.0000 -3.3165 4.2472
v  -0.0000 -3.2199 4.2353
v  0.3806 -3.1777 4.2344
v  0.7886 -3.1594 4.2471
v  0.7496 -3.0658 4.2343
v  1.1461 -2.9683 4.2471
v  1.0897 -2.8842 4.2341
v  1.4595 -2.7112 4.2471
v  1.3879 -2.6396 4.2339
v  1.7166 -2.3979 4.2471
v  1.6325 -2.3415 4.2339
v  1.9076 -2.0404 4.2471
v  1.8142 -2.0015 4.2339
v  2.0253 -1.6524 4.2471
v  1.9261 -1.6325 4.2338
v  2.0648 -1.2466 4.2470
v  1.9684 -1.2467 4.2347
v  2.0252 -0.8439 4.2471
v  1.9261 -0.8639 4.2339
v  1.9076 -0.4560 4.2471
v  1.8141 -0.4949 4.2340
v  1.7166 -0.0984 4.2471
v  1.6324 -0.1548 4.2340
v  1.4594 0.2149 4.2471
v  1.3878 0.1433 4.2340
v  1.1461 0.4721 4.2471
v  1.0897 0.3878 4.2342
v  0.7885 0.6631 4.2472
v  0.7496 0.5695 4.2344
v  0.4006 0.7807 4.2472
v  0.3806 0.6813 4.2345
v  0.3319 -2.9312 4.0959
v  -0.0000 -2.7332 3.8661
v  0.2870 -2.7055 3.8656
v  0.6537 -2.8337 4.0957
v  0.5658 -2.6211 3.8655
v  0.9505 -2.6756 4.0950
v  0.8228 -2.4841 3.8650
v  1.2108 -2.4625 4.0944
v  1.0479 -2.2995 3.8642
v  1.4239 -2.2023 4.0947
v  1.2325 -2.0745 3.8644
v  1.5825 -1.9057 4.0946
v  1.3699 -1.8176 3.8643
v  1.6803 -1.5840 4.0943
v  1.4545 -1.5390 3.8640
v  1.7135 -1.2468 4.0935
v  1.4833 -1.2469 3.8633
v  1.6802 -0.9125 4.0944
v  1.4549 -0.9574 3.8640
v  1.5824 -0.5906 4.0948
v  1.3703 -0.6786 3.8643
v  1.4238 -0.2940 4.0949
v  1.2329 -0.4216 3.8644
v  1.2105 -0.0340 4.0948
v  1.0479 -0.1968 3.8647
v  0.9504 0.1791 4.0953
v  0.8228 -0.0122 3.8650
v  0.6537 0.3374 4.0958
v  0.5658 0.1248 3.8655
v  0.3318 0.4348 4.0960
v  0.2868 0.2083 3.8666
v  0.2846 -2.6931 3.8533
v  0.2604 -2.5717 3.8028
v  0.5610 -2.6095 3.8531
v  0.5136 -2.4950 3.8028
v  0.8158 -2.4736 3.8526
v  0.7470 -2.3704 3.8028
v  1.0391 -2.2907 3.8521
v  0.9513 -2.2029 3.8028
v  1.2221 -2.0675 3.8522
v  1.1189 -1.9986 3.8028
v  1.3583 -1.8128 3.8521
v  1.2436 -1.7653 3.8028
v  1.4422 -1.5366 3.8518
v  1.3204 -1.5124 3.8028
v  1.4707 -1.2469 3.8511
v  1.3463 -1.2470 3.8027
v  1.4423 -0.9599 3.8517
v  1.3204 -0.9842 3.8028
v  1.3584 -0.6835 3.8519
v  1.2436 -0.7311 3.8028
v  1.2222 -0.4287 3.8521
v  1.1188 -0.4977 3.8028
v  1.0389 -0.2057 3.8524
v  0.9512 -0.2934 3.8028
v  0.8157 -0.0228 3.8527
v  0.7469 -0.1260 3.8028
v  0.5610 0.1132 3.8530
v  0.5136 -0.0014 3.8028
v  0.2844 0.1962 3.8543
v  0.2602 0.0741 3.8095
v  0.2188 -2.3623 3.8067
v  0.2574 -2.5565 3.7999
v  0.4320 -2.2977 3.8067
v  0.5077 -2.4807 3.7999
v  0.6286 -2.1929 3.7999
v  0.7384 -2.3575 3.7999
v  0.8006 -2.0520 3.7999
v  0.9405 -2.1920 3.7999
v  1.1061 -1.9901 3.7999
v  0.9415 -1.8801 3.7999
v  1.0465 -1.6836 3.8061
v  1.2294 -1.7594 3.7999
v  1.1112 -1.4707 3.8059
v  1.3053 -1.5094 3.7999
v  1.1332 -1.2471 3.7999
v  1.3311 -1.2470 3.7999
v  1.3054 -0.9872 3.7999
v  1.1112 -1.0260 3.7999
v  1.2293 -0.7370 3.7999
v  1.0465 -0.8128 3.7999
v  0.9414 -0.6162 3.8063
v  1.1060 -0.5063 3.7999
v  0.8004 -0.4443 3.8061
v  0.9404 -0.3043 3.7999
v  0.6285 -0.3035 3.8065
v  0.7383 -0.1388 3.7999
v  0.4320 -0.1987 3.8068
v  0.5076 -0.0158 3.7999
v  0.2188 -0.1341 3.8069
v  0.2574 0.0601 3.8068
v  0.3629 -3.0888 4.2050
v  -0.0000 -3.0442 4.1614
v  0.3470 -3.0079 4.1603
v  0.6835 -2.9060 4.1601
v  0.7149 -2.9821 4.2048
v  0.9942 -2.7410 4.1586
v  1.0394 -2.8089 4.2045
v  1.2659 -2.5176 4.1590
v  1.3239 -2.5757 4.2041
v  1.4889 -2.2457 4.1592
v  1.5572 -2.2913 4.2042
v  1.6546 -1.9355 4.1592
v  1.7306 -1.9668 4.2042
v  1.7568 -1.5990 4.1589
v  1.8374 -1.6148 4.2040
v  1.7932 -1.2468 4.1598
v  1.8775 -1.2467 4.2056
v  1.8374 -0.8815 4.2041
v  1.7568 -0.8974 4.1590
v  1.6545 -0.5609 4.1594
v  1.7305 -0.5295 4.2043
v  1.4888 -0.2507 4.1594
v  1.5571 -0.2051 4.2044
v  1.2657 0.0212 4.1593
v  1.3238 0.0793 4.2043
v  0.9937 0.2441 4.1599
v  1.0394 0.3125 4.2047
v  0.6834 0.4096 4.1604
v  0.7149 0.4857 4.2050
v  0.3469 0.5115 4.1606
v  0.3629 0.5924 4.2052
v  -0.0000 0.5478 4.1618
v  0.3329 -2.9362 4.1007
v  0.6556 -2.8384 4.1005
v  0.9533 -2.6797 4.1000
v  1.2143 -2.4660 4.0993
v  1.4281 -2.2051 4.0995
v  1.5872 -1.9076 4.0995
v  1.6852 -1.5849 4.0992
v  1.7185 -1.2468 4.0984
v  1.6851 -0.9115 4.0993
v  1.5870 -0.5887 4.0996
v  1.4280 -0.2912 4.0998
v  1.2141 -0.0304 4.0996
v  0.9531 0.1833 4.1002
v  0.6556 0.3419 4.1008
v  0.3328 0.4397 4.1010
v  -0.0000 0.2294 3.8591
v  0.2854 0.2011 3.8593
v  0.5630 0.1180 3.8582
v  0.8187 -0.0183 3.8577
v  1.0426 -0.2020 3.8574
v  1.2267 -0.4257 3.8570
v  1.3635 -0.6814 3.8569
v  1.4477 -0.9589 3.8566
v  1.4759 -1.2469 3.8559
v  1.4473 -1.5376 3.8566
v  1.3631 -1.8148 3.8569
v  1.2264 -2.0704 3.8570
v  1.0427 -2.2943 3.8568
v  0.8187 -2.4779 3.8576
v  0.5630 -2.6143 3.8581
v  0.2856 -2.6983 3.8583
v  0.2590 -2.5645 3.7999
v  0.5108 -2.4882 3.7999
v  0.7429 -2.3643 3.7999
v  0.9462 -2.1977 3.7999
v  1.1128 -1.9945 3.7999
v  1.2369 -1.7625 3.7999
v  1.3132 -1.5109 3.7999
v  1.3390 -1.2470 3.7999
v  1.3132 -0.9857 3.7999
v  1.2368 -0.7339 3.7999
v  1.1128 -0.5018 3.7999
v  0.9461 -0.2986 3.7999
v  0.7429 -0.1320 3.7999
v  0.5108 -0.0082 3.7999
v  0.2587 0.0670 3.8068
v  0.2174 -0.1410 3.8069
v  0.4293 -0.2052 3.8068
v  0.6246 -0.3094 3.8065
v  0.7955 -0.4493 3.8061
v  0.9356 -0.6202 3.8063
v  1.0400 -0.8154 3.7999
v  1.1043 -1.0273 3.7999
v  1.1261 -1.2471 3.7999
v  1.1043 -1.4694 3.8059
v  1.0400 -1.6809 3.8061
v  0.9357 -1.8762 3.7999
v  0.7956 -2.0470 3.7999
v  0.6247 -2.1870 3.7999
v  0.4294 -2.2912 3.8067
v  0.2174 -2.3554 3.8067
v  -0.0000 -2.3771 3.8063
v  -0.0000 0.9207 4.2499
v  0.4202 0.8792 4.2501
v  0.8270 0.7559 4.2504
v  1.2018 0.5556 4.2506
v  2.0004 -0.4175 4.2504
v  2.1237 -0.8243 4.2500
v  2.1652 -1.2466 4.2498
v  2.1238 -1.6720 4.2500
v  2.0004 -2.0788 4.2504
v  1.2019 -3.0518 4.2506
v  0.8270 -3.2522 4.2504
v  0.4202 -3.3755 4.2501
v  -0.0000 -18.0300 23.7499
v  7.3248 -18.0300 23.7499
v  14.6497 -18.0300 23.7499
v  21.9745 -18.0300 23.7499
v  29.4656 -18.0300 23.7499
v  30.2526 -18.0300 23.7499
v  30.8510 -18.0300 23.7499
v  31.4530 -18.0300 23.7499
v  32.1956 -18.0300 23.7499
v  33.0145 -18.0300 23.7499
v  34.7342 -18.0286 23.7499
v  34.9803 -18.0049 23.7504
v  35.2135 -17.9335 23.7499
v  35.4309 -17.8203 23.7509
v  35.6211 -17.6653 23.7506
v  35.7771 -17.4759 23.7509
v  35.8898 -17.2596 23.7510
v  35.9572 -17.0246 23.7504
v  35.9850 -16.7800 23.7499
v  35.9850 -16.2827 23.7499
v  35.9850 -12.0427 23.7499
v  35.9850 -9.3569 23.7499
v  35.9850 -6.6711 23.7499
v  35.9762 -6.6711 23.8495
v  35.9850 -3.9581 23.7499
v  35.9850 -1.2451 23.7499
v  35.9850 1.4135 23.7499
v  35.9850 4.0722 23.7499
v  35.9850 6.7580 23.7499
v  35.9850 9.4438 23.7499
v  35.9850 15.8748 23.7499
v  35.9850 16.7800 23.7499
v  35.9574 17.0227 23.7499
v  35.8899 17.2578 23.7499
v  35.7784 17.4768 23.7499
v  35.6219 17.6659 23.7500
v  35.4305 17.8213 23.7498
v  35.2130 17.9362 23.7503
v  34.9789 18.0030 23.7501
v  34.7350 18.0300 23.7499
v  34.3574 18.0300 23.7499
v  33.6382 18.0300 23.7499
v  33.0208 18.0300 23.7499
v  32.4034 18.0300 23.7499
v  24.3026 18.0298 23.7499
v  16.2017 18.0297 23.7499
v  8.1009 18.0295 23.7499
v  35.9004 -6.6711 24.7121
v  35.9091 -6.6711 24.6125
v  31.8010 -6.6509 24.0663
v  32.2754 -6.6526 24.3522
v  32.7528 -6.6591 24.5572
v  30.6727 -6.6352 22.8285
v  30.5311 -6.6290 22.5736
v  11.5407 -6.5382 4.6183
v  35.8123 4.0722 24.8717
v  35.7407 4.0722 24.9132
v  25.1797 6.9249 10.0865
v  25.6655 4.2969 10.6770
v  25.4553 4.3076 10.1012
v  24.7339 9.5189 10.0900
v  8.1009 18.0225 23.7499
v  16.2017 18.0227 23.7499
v  24.3026 18.0228 23.7499
v  32.4034 18.0230 23.7499
v  33.0208 18.0230 23.7499
v  33.6382 18.0230 23.7499
v  34.3574 18.0230 23.7499
v  34.7346 18.0230 23.7499
v  34.9776 17.9961 23.7501
v  35.2103 17.9297 23.7503
v  35.4266 17.8154 23.7498
v  35.6169 17.6609 23.7500
v  35.7725 17.4729 23.7499
v  35.8834 17.2552 23.7499
v  35.9505 17.0214 23.7499
v  35.9780 16.7796 23.7499
v  35.9780 15.8748 23.7499
v  35.9780 9.4438 23.7499
v  35.9780 6.7580 23.7499
v  35.9780 4.0722 23.7499
v  35.9780 1.4135 23.7499
v  35.9780 -3.9581 23.7499
v  35.9780 -1.2451 23.7499
v  35.9780 -9.3569 23.7499
v  35.9780 -6.6711 23.7499
v  35.9780 -12.0427 23.7499
v  35.9780 -16.2827 23.7499
v  35.9780 -16.7796 23.7499
v  35.9503 -17.0233 23.7504
v  35.8833 -17.2569 23.7509
v  35.7712 -17.4721 23.7509
v  35.6161 -17.6603 23.7506
v  35.4270 -17.8144 23.7509
v  35.2109 -17.9270 23.7499
v  34.9790 -17.9980 23.7503
v  34.7338 -18.0216 23.7499
v  33.0145 -18.0230 23.7499
v  32.1956 -18.0230 23.7499
v  31.4530 -18.0230 23.7499
v  30.8510 -18.0230 23.7499
v  30.2526 -18.0230 23.7499
v  29.4656 -18.0230 23.7499
v  21.9745 -18.0230 23.7499
v  14.6497 -18.0230 23.7499
v  7.3248 -18.0230 23.7499
v  -0.0000 -18.0230 23.7499
v  25.6397 1.5322 10.1139
v  25.7287 -1.2447 10.1059
v  17.2012 11.6603 10.2380
v  22.5699 11.7724 10.3291
v  23.1586 11.6967 10.2548
v  24.4224 10.6887 10.0994
v  24.6090 10.1671 10.0902
v  11.4880 11.5804 10.2347
v  5.7824 11.5294 10.2254
v  8.1009 17.6152 23.7499
v  16.2017 17.6154 23.7499
v  24.3026 17.6155 23.7499
v  32.4035 17.6165 23.7499
v  33.0208 17.6165 23.7499
v  33.6382 17.6166 23.7499
v  34.3589 17.6164 23.7499
v  34.7231 17.6146 23.7499
v  34.9165 17.5983 23.7499
v  35.0899 17.5435 23.7499
v  35.2203 17.4734 23.7499
v  35.3490 17.3756 23.7499
v  35.4609 17.2515 23.7499
v  35.5473 17.1094 23.7499
v  35.6060 16.9509 23.7499
v  35.6367 16.7599 23.7500
v  35.6395 15.8744 23.7503
v  35.6392 9.4438 23.7499
v  35.6393 6.7580 23.7502
v  35.6395 4.0722 23.7504
v  35.6391 1.4135 23.7502
v  35.6393 -1.2452 23.7499
v  35.6409 -3.9354 23.7498
v  35.6427 -6.6257 23.7499
v  35.6434 -9.3396 23.7499
v  35.6420 -12.0534 23.7499
v  35.6350 -16.2838 23.7499
v  35.6371 -16.7629 23.7499
v  35.6051 -16.9505 23.7499
v  35.5499 -17.1022 23.7499
v  35.4598 -17.2503 23.7499
v  35.3407 -17.3821 23.7499
v  35.1912 -17.4909 23.7499
v  35.0456 -17.5608 23.7499
v  34.8756 -17.6053 23.7499
v  34.7184 -17.6172 23.7499
v  33.0147 -17.6149 23.7499
v  32.1956 -17.6149 23.7499
v  31.4530 -17.6149 23.7499
v  30.8510 -17.6149 23.7499
v  30.2526 -17.6149 23.7499
v  29.4656 -17.6149 23.7499
v  21.9745 -17.6149 23.7499
v  14.6497 -17.6149 23.7499
v  7.3248 -17.6149 23.7499
v  -0.0000 -3.8694 4.2658
v  0.5133 -3.8700 4.2691
v  2.8186 -3.8776 4.3103
v  -0.0000 1.5684 4.2727
v  0.4876 1.5675 4.2757
v  2.7027 1.5574 4.3117
v  31.8606 17.6165 23.7499
v  31.8606 18.0229 23.7499
v  31.8606 18.0299 23.7499
v  31.8606 18.0212 23.8495
v  31.8606 17.9543 24.6145
v  31.8605 17.9456 24.7141
v  31.8608 17.9196 24.8042
v  31.8608 17.8664 24.8747
v  31.8602 17.7894 24.9236
v  31.8592 17.6935 24.9416
v  31.8591 17.4941 24.9281
v  28.5157 13.8047 24.6707
v  28.5152 13.6052 24.6570
v  28.4326 13.3005 24.5807
v  28.4662 13.0270 24.3520
v  28.6096 12.8821 23.9562
v  28.4218 12.8534 23.6305
v  28.2533 12.8262 23.3097
v  28.1257 12.8032 23.0292
v  26.7640 12.5561 20.1255
v  25.3984 12.3188 17.2152
v  24.0527 12.0845 14.3424
v  22.7144 11.8572 11.4724
v  22.4551 11.8109 10.9005
v  22.2101 11.7649 10.3230
v  21.9055 11.7027 9.5307
v  21.7410 11.6598 8.9699
v  21.4940 11.5829 7.9460
v  21.3962 11.5289 7.1627
v  21.3961 11.5062 6.8816
v  21.4358 11.3013 6.1280
v  21.4673 10.8984 5.5750
v  21.4884 10.3279 5.1918
v  21.8091 9.5484 5.0247
v  21.5099 -12.7271 5.1811
v  21.4934 -13.2929 5.5487
v  21.4646 -13.7006 6.0844
v  21.4231 -13.9223 6.8180
v  21.4244 -13.9500 7.0987
v  21.5142 -14.0289 7.8967
v  21.7429 -14.1312 8.9073
v  21.9028 -14.1889 9.4697
v  22.1954 -14.2691 10.2352
v  22.4566 -14.3344 10.8518
v  22.7337 -14.3992 11.4622
v  24.0813 -14.7028 14.3353
v  25.4266 -15.0136 17.2108
v  26.7673 -15.3307 20.1183
v  28.1397 -15.6488 23.0015
v  28.2749 -15.6793 23.2808
v  28.4836 -15.7211 23.6588
v  28.7144 -15.7666 24.0443
v  28.7459 -15.8826 24.3678
v  28.7816 -16.1041 24.5916
v  28.8096 -16.4031 24.7060
v  28.8063 -16.6006 24.7372
v  28.9620 -17.4940 24.8809
v  28.9618 -17.6799 24.9080
v  28.9624 -17.7853 24.8945
v  28.9629 -17.8543 24.8560
v  28.9633 -17.9029 24.8047
v  28.9636 -17.9437 24.7116
v  28.9636 -17.9526 24.6120
v  28.9636 -18.0211 23.8495
v  28.9636 -18.0300 23.7499
v  28.9636 -18.0230 23.7499
v  28.9636 -17.6149 23.7499
v  22.5467 9.7002 5.1994
v  23.1022 9.7986 5.5739
v  23.5055 9.8523 6.1151
v  23.7245 9.8522 6.8585
v  23.7507 9.8617 7.1399
v  23.8575 9.9023 7.8689
v  24.0209 9.9372 8.5430
v  24.3087 9.9529 9.3465
v  24.6489 9.9600 10.0902
v  24.9174 9.9794 10.6656
v  25.1866 10.0031 11.2405
v  26.5511 10.1002 14.1315
v  27.9162 10.1972 17.0188
v  29.2819 10.2956 19.8718
v  30.4365 10.3996 22.2827
v  30.5579 10.3926 22.5373
v  30.6841 10.4027 22.7670
v  30.8149 10.4312 22.9908
v  31.1360 10.5330 23.4139
v  31.4942 10.6940 23.7758
v  31.8899 10.9242 24.0873
v  32.3298 11.2247 24.3486
v  32.8074 11.5731 24.5563
v  33.3191 11.9690 24.7056
v  33.8839 12.4133 24.7909
v  34.0722 12.5558 24.8068
v  35.4524 13.6819 24.9140
v  35.6387 13.8196 24.9281
v  35.7436 13.8200 24.9114
v  35.8124 13.8220 24.8718
v  35.8703 13.8206 24.8014
v  35.9014 13.8203 24.7044
v  35.9101 13.8206 24.6048
v  35.9763 13.8203 23.8495
v  35.9850 13.8203 23.7499
v  35.9780 13.8203 23.7499
v  35.6394 13.8200 23.7502
v  22.5726 -12.1044 5.1996
v  23.1271 -12.2001 5.5730
v  23.5277 -12.2559 6.1142
v  23.7441 -12.2717 6.8536
v  23.7729 -12.2703 7.1350
v  23.8830 -12.2969 7.8693
v  24.0476 -12.3106 8.5327
v  24.3345 -12.3338 9.3493
v  24.6592 -12.4012 10.0895
v  24.9223 -12.4467 10.6653
v  25.1884 -12.4870 11.2404
v  26.5456 -12.6593 14.1328
v  27.9047 -12.8650 17.0223
v  29.2724 -13.1210 19.8791
v  30.4527 -13.3416 22.3054
v  30.5771 -13.3455 22.5592
v  30.7249 -13.3685 22.8121
v  30.8717 -13.4092 23.0612
v  31.1706 -13.5387 23.4426
v  31.5115 -13.7339 23.7810
v  31.8887 -14.0259 24.0808
v  32.2896 -14.3813 24.3197
v  32.7839 -14.8681 24.5412
v  33.3036 -15.3580 24.6947
v  33.8886 -15.0633 24.7884
v  34.0985 -15.1379 24.8052
v  35.4441 -15.8254 24.9124
v  35.6429 -15.8962 24.9278
v  35.7341 -15.8962 24.9144
v  35.8117 -15.8962 24.8711
v  35.8705 -15.8963 24.8006
v  35.9003 -15.8963 24.7122
v  35.9090 -15.8963 24.6126
v  35.9762 -15.8963 23.8495
v  35.9850 -15.8963 23.7499
v  35.9780 -15.8963 23.7499
v  35.6356 -15.9000 23.7499
v  -34.9772 17.9946 23.8498
v  -34.7345 18.0214 23.8495
v  -34.7351 17.9542 24.6153
v  -34.9678 17.9309 24.6139
v  -35.2098 17.9281 23.8499
v  -35.1906 17.8624 24.6114
v  -35.4256 17.8138 23.8495
v  -35.3937 17.7522 24.6117
v  -35.6155 17.6596 23.8496
v  -35.5682 17.6080 24.6117
v  -35.7709 17.4719 23.8495
v  -35.7113 17.4333 24.6118
v  -35.8819 17.2546 23.8495
v  -35.8189 17.2319 24.6122
v  -35.9491 17.0211 23.8495
v  -35.8863 17.0105 24.6127
v  -35.9764 16.7795 23.8495
v  -35.9093 16.7812 24.6123
v  -34.3574 18.0213 23.8495
v  -34.3574 17.9542 24.6152
v  -33.0145 -18.0212 23.8495
v  -34.7337 -18.0200 23.8495
v  -34.7355 -17.9544 24.6125
v  -33.0145 -17.9539 24.6124
v  -35.9489 -17.0228 23.8501
v  -35.9764 -16.7794 23.8495
v  -35.9093 -16.7805 24.6127
v  -35.8865 -17.0097 24.6128
v  -35.8818 -17.2562 23.8506
v  -35.8203 -17.2287 24.6116
v  -35.7697 -17.4711 23.8505
v  -35.7131 -17.4305 24.6109
v  -35.6148 -17.6590 23.8502
v  -35.5676 -17.6086 24.6110
v  -35.4259 -17.8130 23.8505
v  -35.3900 -17.7549 24.6112
v  -35.2102 -17.9256 23.8495
v  -35.1877 -17.8636 24.6118
v  -34.9787 -17.9965 23.8500
v  -34.9677 -17.9309 24.6128
v  -35.9090 -16.2826 24.6126
v  -35.9762 -16.2827 23.8495
v  -14.6496 -17.9045 24.8061
v  -7.3248 -17.9055 24.8067
v  -7.3249 -17.9445 24.7115
v  -14.6497 -17.9442 24.7115
v  -34.9661 -17.9225 24.7124
v  -34.9617 -17.8962 24.8111
v  -34.7319 -17.9169 24.8130
v  -34.7350 -17.9458 24.7122
v  -35.1847 -17.8555 24.7115
v  -35.1770 -17.8333 24.8057
v  -35.3853 -17.7475 24.7109
v  -35.3738 -17.7289 24.8022
v  -35.5614 -17.6022 24.7106
v  -35.5465 -17.5867 24.8004
v  -35.7056 -17.4257 24.7105
v  -35.6871 -17.4132 24.8001
v  -35.8121 -17.2258 24.7112
v  -35.7894 -17.2163 24.8012
v  -35.8781 -17.0082 24.7125
v  -35.8514 -17.0026 24.8028
v  -35.9007 -16.7800 24.7123
v  -35.8727 -16.7793 24.8016
v  -35.9003 -16.2826 24.7122
v  -35.8705 -16.2826 24.8005
v  -35.9007 16.7801 24.7120
v  -35.8780 17.0089 24.7123
v  -35.8515 17.0035 24.8032
v  -35.8738 16.7739 24.8018
v  -35.8109 17.2287 24.7118
v  -35.7870 17.2190 24.8025
v  -35.7038 17.4284 24.7114
v  -35.6839 17.4141 24.8016
v  -35.5618 17.6017 24.7113
v  -35.5458 17.5838 24.8015
v  -35.3887 17.7449 24.7113
v  -35.3767 17.7245 24.8010
v  -35.1876 17.8543 24.7110
v  -35.1811 17.8296 24.8035
v  -34.9670 17.9224 24.7136
v  -34.9635 17.8957 24.8062
v  -34.7350 17.9456 24.7150
v  -34.7353 17.9196 24.8056
v  -34.3574 17.9455 24.7148
v  -34.3577 17.9190 24.8051
v  -33.0136 -17.8581 24.8612
v  -34.7284 -17.8697 24.8756
v  -34.7252 -17.7969 24.9246
v  -33.0129 -17.7877 24.9020
v  -34.9339 -17.7705 24.9312
v  -34.9511 -17.8463 24.8804
v  -35.1578 -17.7847 24.8800
v  -35.1268 -17.7109 24.9329
v  -35.3455 -17.6850 24.8782
v  -35.3010 -17.6175 24.9322
v  -35.5104 -17.5491 24.8761
v  -35.4544 -17.4914 24.9300
v  -35.6444 -17.3833 24.8741
v  -35.5798 -17.3378 24.9270
v  -35.7400 -17.1948 24.8746
v  -35.6680 -17.1627 24.9249
v  -35.7957 -16.9905 24.8765
v  -35.7179 -16.9728 24.9235
v  -35.8145 -16.7776 24.8744
v  -35.7357 -16.7754 24.9197
v  -35.8124 15.8773 24.8719
v  -35.8157 16.7761 24.8758
v  -35.7469 16.7754 24.9180
v  -35.7441 15.8745 24.9109
v  -35.7950 16.9943 24.8772
v  -35.7214 16.9817 24.9226
v  -35.7347 17.2008 24.8760
v  -35.6621 17.1720 24.9245
v  -35.6391 17.3842 24.8749
v  -35.5747 17.3396 24.9249
v  -35.4611 17.4837 24.9248
v  -35.5114 17.5429 24.8743
v  -35.3170 17.6070 24.9252
v  -35.3526 17.6766 24.8743
v  -35.1407 17.7043 24.9261
v  -35.1651 17.7786 24.8758
v  -34.9423 17.7651 24.9269
v  -34.9552 17.8424 24.8778
v  -34.7346 17.7897 24.9249
v  -34.7353 17.8666 24.8760
v  -16.2019 17.8694 24.8727
v  -8.1009 17.8710 24.8716
v  -8.1008 17.7906 24.9246
v  -16.2015 17.7901 24.9243
v  -33.0142 -17.9101 24.8097
v  -35.8701 15.8753 24.8013
v  -16.2019 17.9231 24.7980
v  -8.1009 17.9247 24.7947
v  -34.7266 -17.6730 24.9448
v  -33.0129 -17.6911 24.8794
v  -34.9089 -17.6562 24.9492
v  -35.0817 -17.6026 24.9508
v  -35.2351 -17.5218 24.9504
v  -35.3729 -17.4083 24.9484
v  -35.4871 -17.2728 24.9456
v  -35.5694 -17.1191 24.9422
v  -35.6195 -16.9466 24.9381
v  -35.6364 -16.7740 24.9339
v  -35.6379 16.7750 24.9365
v  -35.6330 15.8738 24.9276
v  -35.6189 16.9622 24.9395
v  -35.5689 17.1354 24.9415
v  -35.4911 17.2751 24.9426
v  -35.3879 17.4045 24.9434
v  -35.2669 17.5114 24.9440
v  -35.1064 17.6032 24.9443
v  -34.9236 17.6635 24.9440
v  -34.7316 17.6823 24.9427
v  -8.1005 17.6975 24.9429
v  -16.2010 17.6961 24.9424
v  -8.1005 17.4979 24.9310
v  -7.2443 13.4806 24.6648
v  -14.4858 13.5755 24.6687
v  -16.2010 17.4965 24.9305
v  -34.7207 17.4934 24.9319
v  -30.7175 13.8372 24.6699
v  -31.5025 13.8741 24.6830
v  -34.8776 17.4740 24.9332
v  -35.0274 17.4277 24.9339
v  -35.1551 17.3559 24.9340
v  -32.2984 13.9214 24.7003
v  -35.2512 17.2703 24.9337
v  -35.3247 17.1727 24.9326
v  -33.0439 13.9636 24.7400
v  -35.3851 17.0551 24.9309
v  -35.4304 16.9149 24.9289
v  -35.4535 16.7536 24.9261
v  -35.4434 -16.7638 24.9211
v  -34.2822 -16.8648 24.8618
v  -35.4284 -16.9067 24.9250
v  -35.3910 -17.0444 24.9289
v  -35.3274 -17.1703 24.9319
v  -35.2394 -17.2785 24.9336
v  -35.1308 -17.3677 24.9346
v  -35.0064 -17.4336 24.9344
v  -34.8665 -17.4750 24.9327
v  -34.7094 -17.4928 24.9289
v  -33.0125 -17.4958 24.8862
v  -33.0020 -16.7906 24.8073
v  -35.9105 15.8754 24.6012
v  -35.9763 15.8748 23.8495
v  -35.9018 15.8748 24.7008
v  -35.8123 9.4438 24.8717
v  -35.8124 13.8220 24.8718
v  -35.7436 13.8200 24.9114
v  -35.7425 9.4438 24.9126
v  -35.8706 9.4438 24.8014
v  -35.8703 13.8206 24.8014
v  -35.6387 13.8196 24.9281
v  -35.6507 9.4438 24.9293
v  -35.4530 15.6714 24.9133
v  -34.0883 14.0180 24.8065
v  -34.0722 12.5558 24.8068
v  -35.4524 13.6819 24.9140
v  -33.6382 17.9543 24.6150
v  -33.6382 18.0213 23.8495
v  -33.6384 17.9192 24.8048
v  -33.6382 17.9456 24.7146
v  -34.3577 17.8658 24.8751
v  -34.3570 17.7893 24.9236
v  -34.3738 17.6775 24.9407
v  -34.3559 17.4936 24.9292
v  -35.9092 -1.2451 24.6125
v  -35.9091 -3.9581 24.6125
v  -35.9762 -3.9581 23.8495
v  -35.9762 -1.2451 23.8495
v  -35.8707 -1.2451 24.8013
v  -35.8706 -3.9581 24.8014
v  -35.9004 -3.9581 24.7122
v  -35.9004 -1.2451 24.7121
v  -35.8116 -16.2825 24.8710
v  -35.8117 -15.8962 24.8711
v  -35.7341 -15.8962 24.9144
v  -35.7340 -16.2825 24.9143
v  -35.8705 -15.8963 24.8006
v  -35.6430 -15.8962 24.9278
v  -35.6428 -16.2824 24.9277
v  -35.4440 -16.1865 24.9122
v  -35.4441 -15.8254 24.9124
v  -34.0985 -15.1379 24.8052
v  -34.1058 -15.5063 24.8052
v  -35.8123 -1.2451 24.8717
v  -35.8112 1.4135 24.8705
v  -35.7397 1.4135 24.9136
v  -35.7388 -1.2451 24.9139
v  -35.8707 1.4135 24.8013
v  -35.6481 1.4135 24.9295
v  -35.6475 -1.2451 24.9296
v  -35.4477 -1.2451 24.9169
v  -35.4486 1.4136 24.9167
v  -33.9735 1.4127 24.8080
v  -33.9650 -1.2451 24.8084
v  -35.9101 13.8206 24.6048
v  -35.9763 13.8203 23.8495
v  -35.9005 9.4438 24.7120
v  -35.9014 13.8203 24.7044
v  -33.7651 -1.2451 24.7937
v  -33.7742 1.4133 24.7927
v  -33.2590 1.4167 24.7145
v  -33.2609 -1.2451 24.7224
v  -31.3943 -1.2450 23.7768
v  -31.4189 -3.9385 23.7780
v  -31.7865 -3.9480 24.0772
v  -31.7772 -1.2451 24.0835
v  -32.2520 -1.2451 24.3694
v  -32.2632 -3.9488 24.3641
v  -32.7437 -3.9521 24.5714
v  -32.7362 -1.2451 24.5801
v  -30.6324 -1.2450 22.8566
v  -30.6456 -3.9401 22.8366
v  -30.9960 -3.9370 23.3348
v  -30.9756 -1.2450 23.3410
v  -33.2650 -3.9554 24.7156
v  -31.0254 -6.6290 23.3318
v  -31.4493 -6.6319 23.7745
v  -30.3237 -1.2450 22.2425
v  -30.3548 -3.9350 22.2561
v  -30.4882 -3.9371 22.5528
v  -30.4649 -1.2452 22.5566
v  -30.7796 9.4963 22.9611
v  -30.8149 10.4312 22.9908
v  -30.6841 10.4027 22.7670
v  -30.6421 9.4981 22.7325
v  -32.2868 9.4671 24.3419
v  -32.3298 11.2247 24.3486
v  -31.8899 10.9242 24.0873
v  -31.8456 9.4748 24.0739
v  -31.4462 9.4823 23.7551
v  -31.4943 10.6940 23.7758
v  -31.1360 10.5330 23.4139
v  -31.0874 9.4894 23.3798
v  -33.2836 9.4505 24.7069
v  -33.3191 11.9690 24.7056
v  -32.8074 11.5731 24.5563
v  -32.7677 9.4589 24.5551
v  -33.8385 9.4437 24.7922
v  -33.8839 12.4133 24.7909
v  -33.9052 13.8074 24.7903
v  -33.0706 13.6235 24.7147
v  -33.1196 13.4999 24.6958
v  -33.1716 13.3814 24.6869
v  -32.4419 13.2460 24.5672
v  -32.5551 13.0382 24.5298
v  -31.7778 13.0329 24.4021
v  -31.9752 12.7581 24.3258
v  -31.0741 12.8563 24.1764
v  -31.3778 12.5279 24.0718
v  -30.5875 12.7569 23.9854
v  -30.9632 12.4062 23.8070
v  -30.1210 12.7276 23.7753
v  -30.5675 12.3503 23.5497
v  -29.7469 12.7281 23.5416
v  -30.2489 12.3445 23.2540
v  -29.5437 12.7219 23.2842
v  -30.0880 12.3384 23.0079
v  -32.3485 13.4620 24.6365
v  -32.3306 13.5414 24.6669
v  -31.6012 13.3097 24.5458
v  -31.5617 13.4147 24.6101
v  -30.7407 13.1422 24.4173
v  -30.7361 13.2929 24.5426
v  -33.6384 17.8660 24.8750
v  -33.6378 17.7893 24.9236
v  -33.6367 17.6932 24.9415
v  -33.6367 17.4939 24.9278
v  -30.0609 13.8281 24.6699
v  -33.0208 17.9543 24.6148
v  -33.0208 18.0212 23.8495
v  -33.0211 17.9193 24.8046
v  -33.0208 17.9456 24.7145
v  -33.0211 17.8661 24.8749
v  -33.0204 17.7893 24.9236
v  -33.0194 17.6933 24.9415
v  -33.0193 17.4940 24.9279
v  -29.5173 13.8208 24.6703
v  -32.4035 17.9543 24.6147
v  -32.4035 18.0212 23.8495
v  -32.4037 17.9195 24.8044
v  -32.4034 17.9456 24.7143
v  -32.4037 17.8663 24.8748
v  -32.4031 17.7894 24.9236
v  -32.4020 17.6934 24.9415
v  -32.4020 17.4941 24.9280
v  -28.9732 13.8139 24.6706
v  -16.2018 17.9547 24.6098
v  -24.3026 17.9545 24.6122
v  -24.3026 18.0211 23.8495
v  -16.2017 18.0210 23.8495
v  -24.3028 17.9214 24.8012
v  -24.3026 17.9458 24.7119
v  -16.2017 17.9460 24.7094
v  -30.2160 13.0367 24.2995
v  -30.0855 13.2027 24.4899
v  -30.0636 13.6286 24.6562
v  -29.5199 13.6213 24.6566
v  -29.4446 13.3486 24.5904
v  -30.0300 13.4023 24.6068
v  -28.9764 13.6144 24.6569
v  -28.8933 13.3103 24.5797
v  -33.2863 13.2149 24.6970
v  -33.2234 13.2753 24.6886
v  -32.6718 12.8516 24.5258
v  -32.7639 12.7127 24.5433
v  -32.1539 12.4963 24.3099
v  -32.2780 12.2804 24.3272
v  -31.6228 12.1924 24.0178
v  -31.7946 11.9048 24.0438
v  -31.2392 12.0014 23.7309
v  -31.4175 11.6431 23.7517
v  -30.8866 11.8943 23.4267
v  -31.0723 11.4736 23.4128
v  -29.6430 12.9519 24.1567
v  -30.5893 11.8463 23.0742
v  -30.7664 11.3766 23.0136
v  -29.0937 12.8939 23.9533
v  -30.4524 11.8289 22.8399
v  -30.6353 11.3465 22.7830
v  -28.7244 12.8379 23.3053
v  -29.3846 12.6948 22.9873
v  -28.8988 12.8653 23.6263
v  -33.3358 13.1514 24.7049
v  -32.8260 12.5656 24.5568
v  -32.3500 12.0498 24.3517
v  -31.9107 11.6045 24.0935
v  -31.5168 11.2629 23.7855
v  -31.1589 11.0229 23.4300
v  -30.8315 10.8700 23.0047
v  -30.7039 10.8274 22.7831
v  -33.8943 -15.4028 24.7883
v  -33.3064 -15.8042 24.6938
v  -34.0726 -16.6535 24.8370
v  -31.8444 -12.0264 24.0706
v  -31.4947 -12.0040 23.7917
v  -31.5115 -13.7339 23.7810
v  -31.8887 -14.0259 24.0808
v  -32.7672 -12.0318 24.5507
v  -32.2861 -12.0259 24.3381
v  -32.2897 -14.3813 24.3197
v  -32.7839 -14.8681 24.5412
v  -31.1080 -12.0005 23.3998
v  -30.7785 -12.0049 22.9583
v  -30.8717 -13.4092 23.0612
v  -31.1706 -13.5387 23.4426
v  -33.2832 -12.0377 24.7014
v  -33.3036 -15.3580 24.6947
v  -30.6481 -12.0003 22.7260
v  -30.7249 -13.3685 22.8121
v  -35.9092 9.4437 24.6124
v  -35.9091 6.7579 24.6133
v  -35.9763 6.7580 23.8495
v  -35.9763 9.4438 23.8495
v  -35.9092 4.0722 24.6124
v  -35.9092 1.4135 24.6123
v  -35.9763 1.4135 23.8495
v  -35.9763 4.0722 23.8495
v  -35.9762 -12.0427 23.8495
v  -35.9762 -9.3569 23.8495
v  -35.9091 -9.3569 24.6126
v  -35.9091 -12.0427 24.6126
v  -35.8707 6.7580 24.8014
v  -35.9004 6.7580 24.7129
v  -35.8707 4.0722 24.8014
v  -35.9005 1.4135 24.7119
v  -35.9005 4.0722 24.7121
v  -35.9003 -12.0427 24.7122
v  -35.9003 -9.3569 24.7122
v  -35.8706 -9.3569 24.8015
v  -35.8706 -12.0427 24.8013
v  -35.8123 -12.0428 24.8717
v  -35.8124 -9.3569 24.8718
v  -35.7360 -9.3569 24.9150
v  -35.7353 -12.0427 24.9151
v  -35.8123 -6.6711 24.8717
v  -35.8125 -3.9581 24.8719
v  -35.7378 -3.9581 24.9142
v  -35.7369 -6.6711 24.9145
v  -35.7417 6.7580 24.9130
v  -35.8183 6.7581 24.8787
v  -35.8706 -6.6711 24.8015
v  -35.6450 -9.3569 24.9295
v  -35.6442 -12.0427 24.9290
v  -35.6467 -3.9581 24.9297
v  -35.6459 -6.6711 24.9297
v  -35.6514 6.7580 24.9295
v  -35.4447 -12.0427 24.9141
v  -35.4454 -9.3569 24.9150
v  -33.9876 -9.3537 24.8041
v  -34.0367 -12.0359 24.8049
v  -35.4461 -6.6710 24.9157
v  -35.4469 -3.9581 24.9165
v  -33.9549 -3.9582 24.8063
v  -33.9583 -6.6713 24.8041
v  -34.0379 9.4412 24.8075
v  -34.0101 6.7558 24.8072
v  -35.4504 6.7580 24.9160
v  -35.4512 9.4439 24.9156
v  -33.8374 -12.0425 24.7895
v  -33.7896 -9.3577 24.7874
v  -33.2746 -9.3517 24.7027
v  -33.7588 -6.6726 24.7862
v  -33.7549 -3.9589 24.7900
v  -33.2701 -6.6657 24.7051
v  -33.2654 6.7646 24.7039
v  -33.8087 6.7577 24.7913
v  -31.4009 6.7975 23.7297
v  -31.8039 6.7877 24.0593
v  -31.3930 4.1118 23.7287
v  -31.3875 1.4334 23.7528
v  -31.7784 1.4276 24.0719
v  -31.7889 4.1002 24.0580
v  -31.8144 -9.3388 24.0646
v  -31.4726 -9.3180 23.7853
v  -32.2571 6.7808 24.3356
v  -32.7442 6.7727 24.5510
v  -32.2507 4.0942 24.3384
v  -32.2482 1.4246 24.3559
v  -32.7346 1.4207 24.5683
v  -32.7380 4.0864 24.5522
v  -32.7587 -9.3454 24.5536
v  -32.2821 -9.3393 24.3473
v  -30.7254 6.8088 22.8984
v  -31.0269 6.8046 23.3267
v  -30.6957 4.1203 22.8642
v  -30.6553 1.4377 22.8568
v  -30.9821 1.4366 23.3232
v  -31.0051 4.1183 23.3098
v  -31.0440 -9.3154 23.3585
v  -30.6893 -9.3223 22.8621
v  -33.2605 4.0785 24.7037
v  -30.5212 9.5031 22.4943
v  -30.4610 6.8171 22.4007
v  -30.5842 6.8115 22.6545
v  -30.4223 4.1296 22.3361
v  -30.3587 1.4424 22.2723
v  -30.4952 1.4392 22.5709
v  -30.5493 4.1236 22.6054
v  -30.5570 -9.3165 22.6294
v  -33.2424 -15.9664 24.6904
v  -31.4489 -15.3221 24.0594
v  -31.6935 -14.9061 24.0180
v  -31.2946 -14.7163 23.7159
v  -31.0084 -15.2025 23.7946
v  -32.6462 -15.5291 24.5097
v  -32.1017 -15.1544 24.2644
v  -31.8958 -15.4990 24.2848
v  -32.5000 -15.7844 24.5177
v  -30.6196 -15.1589 23.5252
v  -30.9569 -14.6144 23.4049
v  -30.7275 -14.5346 23.1059
v  -30.3773 -15.1397 23.2783
v  -33.1773 -16.1268 24.6983
v  -30.5592 -14.5061 22.8424
v  -30.1870 -15.1150 22.9943
v  -30.8501 -16.0098 24.4693
v  -31.1616 -15.6941 24.2107
v  -30.6487 -15.6134 24.0107
v  -30.2516 -15.9083 24.3429
v  -31.8974 -14.4167 24.0828
v  -31.5151 -14.0990 23.7787
v  -32.1945 -16.2682 24.6701
v  -32.3486 -16.0298 24.5736
v  -31.6771 -15.8205 24.3851
v  -31.4519 -16.1217 24.5705
v  -32.7862 -15.2648 24.5399
v  -32.2903 -14.7834 24.3165
v  -29.6366 -15.8178 24.1799
v  -30.1659 -15.5839 23.7948
v  -29.8718 -15.5720 23.5781
v  -29.2031 -15.7776 24.0373
v  -31.1845 -13.8816 23.4522
v  -30.8944 -13.7515 23.0863
v  -33.0438 -16.4409 24.7589
v  -33.1106 -16.2841 24.7262
v  -29.6589 -15.5439 23.2700
v  -28.9634 -15.7324 23.6507
v  -30.4035 -14.4855 22.5693
v  -30.7434 -13.6979 22.8328
v  -30.5907 -13.6669 22.5754
v  -32.1956 -18.0211 23.8495
v  -32.1956 -17.9524 24.6120
v  -33.0145 -17.9451 24.7120
v  -32.1945 -17.8539 24.8555
v  -32.1936 -17.7849 24.8938
v  -32.1952 -17.9023 24.8046
v  -32.1925 -17.6903 24.9084
v  -32.1928 -17.4964 24.8801
v  -32.1836 -16.7469 24.7782
v  -32.1956 -17.9435 24.7116
v  -31.4530 -18.0210 23.8495
v  -31.4530 -17.9525 24.6120
v  -31.4519 -17.8540 24.8556
v  -31.4510 -17.7852 24.8938
v  -31.4527 -17.9025 24.8045
v  -31.4500 -17.6900 24.9086
v  -31.4502 -17.4962 24.8797
v  -31.4411 -16.7084 24.7594
v  -31.4530 -17.9436 24.7116
v  -30.8510 -18.0211 23.8495
v  -30.8510 -17.9525 24.6120
v  -30.8500 -17.8541 24.8557
v  -30.8492 -17.7852 24.8940
v  -30.8506 -17.9026 24.8045
v  -30.8482 -17.6896 24.9087
v  -30.8484 -17.4957 24.8800
v  -30.8397 -16.6753 24.7504
v  -30.8510 -17.9436 24.7116
v  -30.2526 -18.0211 23.8495
v  -30.2526 -17.9525 24.6120
v  -30.2515 -17.8541 24.8558
v  -30.2506 -17.7853 24.8941
v  -30.2522 -17.9027 24.8046
v  -30.2496 -17.6893 24.9089
v  -30.2419 -16.6461 24.7434
v  -30.2498 -17.4952 24.8802
v  -30.2526 -17.9436 24.7116
v  -29.4656 -17.9526 24.6120
v  -29.4656 -18.0211 23.8495
v  -29.4649 -17.8542 24.8559
v  -29.4644 -17.7853 24.8944
v  -29.4654 -17.9028 24.8046
v  -29.4638 -17.6797 24.9078
v  -29.6251 -16.6139 24.7379
v  -29.4639 -17.4945 24.8806
v  -29.4656 -17.9436 24.7116
v  -29.2972 -16.6076 24.7370
v  -14.6497 -18.0211 23.8495
v  -21.9745 -18.0211 23.8495
v  -21.9745 -17.9528 24.6120
v  -14.6497 -17.9531 24.6119
v  -14.6495 -17.8562 24.8581
v  -21.9743 -17.8552 24.8570
v  -21.9741 -17.7856 24.8963
v  -14.6494 -17.7863 24.8981
v  -21.9745 -17.9036 24.8055
v  -21.9739 -17.6834 24.9111
v  -14.6493 -17.6777 24.9130
v  -14.6494 -17.4804 24.8883
v  -21.9741 -17.4870 24.8855
v  -21.9726 -16.5034 24.7397
v  -14.6474 -16.3990 24.7357
v  -32.1858 -16.4492 24.7419
v  -33.0287 -16.5154 24.7785
v  -32.1816 -16.3540 24.7118
v  -31.4388 -16.3692 24.7036
v  -31.4324 -16.2362 24.6474
v  -30.8312 -16.2986 24.6766
v  -30.8220 -16.1361 24.5892
v  -30.2154 -16.2275 24.6461
v  -30.1978 -16.0374 24.5142
v  -29.5980 -16.1495 24.6078
v  -29.5827 -15.9343 24.4139
v  -29.2709 -16.1132 24.5901
v  -29.2315 -15.8903 24.3620
v  -14.5948 -15.4890 24.1690
v  -21.9110 -15.6136 24.1414
v  -21.8042 -15.5637 23.7715
v  -14.4906 -15.4378 23.8258
v  -14.6334 -15.8329 24.6011
v  -21.9694 -15.9775 24.6117
v  -21.9859 -15.7747 24.4491
v  -14.6330 -15.6508 24.4557
v  -33.0138 -16.5914 24.7916
v  -32.1947 -16.5482 24.7569
v  -31.4522 -16.5101 24.7354
v  -30.8504 -16.4778 24.7206
v  -30.2521 -16.4486 24.7135
v  -29.6323 -16.4166 24.7060
v  -29.3005 -16.4101 24.7057
v  -14.6503 -16.2011 24.7069
v  -21.9754 -16.3051 24.7092
v  -7.2965 -15.4005 24.1429
v  -7.3284 -15.5301 24.4054
v  -21.6946 12.6637 23.3715
v  -21.7823 12.6883 23.6890
v  -14.4985 12.5574 23.6954
v  -14.4532 12.5331 23.3642
v  -22.0199 13.1635 24.5941
v  -22.0959 13.4778 24.6582
v  -14.4885 13.3760 24.6554
v  -14.4572 13.0367 24.5918
v  -32.3196 13.6260 24.6854
v  -33.0575 13.6873 24.7283
v  -33.0549 13.7639 24.7373
v  -32.3103 13.7219 24.6919
v  -31.5362 13.5363 24.6477
v  -31.5133 13.6747 24.6722
v  -30.7328 13.4553 24.6187
v  -30.7237 13.6377 24.6559
v  -29.4726 13.1133 24.4227
v  -28.9328 13.0370 24.3494
v  -14.4778 12.7548 24.3778
v  -21.9704 12.8876 24.3885
v  -14.5356 12.5870 24.0177
v  -21.8702 12.7179 23.9970
v  -27.9625 -12.0056 17.0093
v  -29.2914 -12.0018 19.8575
v  -29.3505 -9.2880 19.8416
v  -28.1325 -9.2644 16.9992
v  -27.8802 -13.2291 17.0278
v  -29.2669 -13.4511 19.8855
v  -29.2724 -13.1210 19.8791
v  -27.9047 -12.8650 17.0223
v  -29.0698 -14.2290 19.8814
v  -27.6734 -13.9396 17.0303
v  -27.2596 -14.4854 17.0747
v  -28.6515 -14.8010 19.9344
v  -26.7019 -14.8500 17.1397
v  -28.0853 -15.1673 20.0185
v  -25.8524 -15.0226 17.2105
v  -27.2148 -15.3409 20.1170
v  -13.7010 -15.0729 20.1537
v  -20.5366 -15.1883 20.1354
v  -19.4994 -14.8882 17.2146
v  -12.9995 -14.7809 17.2259
v  -13.0184 12.0936 17.2224
v  -13.7062 12.2986 20.1369
v  -6.8559 12.2273 20.1283
v  -6.5294 12.0221 17.2181
v  -26.4939 12.2177 17.1724
v  -27.9185 12.4401 20.0612
v  -27.2100 12.5661 20.1247
v  -25.8215 12.3279 17.2148
v  -27.0753 11.9493 17.1091
v  -28.5128 12.1272 19.9802
v  -27.5097 11.5269 17.0588
v  -28.9412 11.6731 19.9181
v  -27.7608 11.0502 17.0353
v  -29.1714 11.1955 19.8904
v  -27.8941 10.5198 17.0227
v  -29.2772 10.6666 19.8779
v  -27.9634 9.5102 17.0103
v  -29.2920 9.5054 19.8587
v  -29.2819 10.2956 19.8718
v  -27.9163 10.1972 17.0188
v  -28.2448 4.2048 17.0000
v  -29.4021 4.1665 19.8381
v  -29.3491 6.8368 19.8409
v  -28.1310 6.8597 16.9972
v  -28.3142 -1.2447 17.0104
v  -29.4035 -1.2448 19.8471
v  -29.4122 1.4609 19.8426
v  -28.3060 1.4804 17.0060
v  -28.2472 -6.5189 17.0068
v  -29.4036 -6.5723 19.8416
v  -29.4112 -3.9087 19.8451
v  -28.3014 -3.8822 17.0106
v  -31.8608 17.8664 24.8747
v  -31.8602 17.7894 24.9236
v  -24.3028 17.8678 24.8737
v  -24.3023 17.7898 24.9239
v  -31.8608 17.9196 24.8042
v  -31.8592 17.6935 24.9416
v  -24.3015 17.6948 24.9420
v  -24.3015 17.4953 24.9298
v  -22.1460 13.6773 24.6718
v  -28.5157 13.8047 24.6707
v  -31.8591 17.4941 24.9281
v  -0.0000 17.4992 24.9313
v  -0.0000 13.3672 24.6638
v  -0.0000 17.9551 24.6050
v  -8.1009 17.9549 24.6074
v  -8.1009 18.0208 23.8495
v  -0.0000 18.0207 23.8495
v  -31.8606 18.0212 23.8495
v  -31.8606 17.9543 24.6145
v  -8.1009 17.9463 24.7070
v  -0.0000 17.9465 24.7046
v  -31.8606 17.9456 24.7141
v  -7.1822 12.4525 23.3251
v  -7.2134 12.4578 23.6698
v  -0.0000 12.4345 23.6285
v  -28.4218 12.8534 23.6305
v  -28.6096 12.8821 23.9562
v  -0.0000 12.8606 24.5614
v  -7.2316 12.9352 24.5785
v  -7.2472 13.2811 24.6517
v  -28.4326 13.3005 24.5807
v  -28.5152 13.6052 24.6570
v  -7.2234 12.6491 24.3379
v  -28.4662 13.0270 24.3520
v  -7.2399 12.5028 24.0046
v  -26.7640 12.5561 20.1255
v  -25.3984 12.3188 17.2152
v  -19.5070 12.1929 17.2210
v  -20.5558 12.4174 20.1366
v  -6.2030 11.8198 14.3468
v  -28.9634 -17.9029 24.8047
v  -28.9636 -17.9437 24.7116
v  -21.9745 -17.9439 24.7116
v  -7.3249 -18.0211 23.8495
v  -7.3249 -17.9533 24.6119
v  -0.0000 -17.9536 24.6119
v  -28.9636 -17.9526 24.6120
v  -28.9636 -18.0211 23.8495
v  -0.0000 -17.8583 24.8603
v  -7.3248 -17.8573 24.8592
v  -7.3247 -17.7870 24.8998
v  -28.9624 -17.7853 24.8945
v  -28.9629 -17.8543 24.8560
v  -7.3246 -17.6719 24.9151
v  -0.0000 -17.6660 24.9161
v  -28.9618 -17.6799 24.9080
v  -0.0000 -17.4680 24.8892
v  -7.3248 -17.4741 24.8887
v  -7.3394 -16.2918 24.7265
v  -28.8063 -16.6006 24.7372
v  -28.9620 -17.4940 24.8809
v  -7.2627 -15.3530 23.7687
v  -0.0000 -15.3136 23.6467
v  -28.7472 -15.6906 23.2729
v  -28.2749 -15.6793 23.2808
v  -28.4836 -15.7211 23.6588
v  -7.3285 -15.7649 24.6049
v  -28.7459 -15.8826 24.3678
v  -28.7816 -16.1041 24.5916
v  -0.0000 -15.9973 24.6893
v  -7.3422 -16.0937 24.6993
v  -28.8096 -16.4031 24.7060
v  -28.7144 -15.7666 24.0443
v  -6.8488 -15.0006 20.1411
v  -6.4518 -14.7167 17.2245
v  -24.4850 -14.7110 14.3355
v  -24.0813 -14.7028 14.3353
v  -25.4266 -15.0136 17.2108
v  -25.2703 -12.0120 11.2382
v  -25.6829 -9.2211 11.2270
v  -25.4453 -9.2267 10.6565
v  -25.0033 -12.0101 10.6651
v  -25.1357 -12.7929 11.2418
v  -25.1884 -12.4870 11.2404
v  -24.9223 -12.4467 10.6653
v  -24.8664 -12.7484 10.6654
v  -24.9210 -13.3854 11.2564
v  -24.6510 -13.3291 10.6784
v  -24.5073 -13.8969 11.3045
v  -24.2450 -13.8301 10.7223
v  -23.6660 -14.1891 10.7856
v  -23.9474 -14.2484 11.3771
v  -22.8277 -14.3418 10.8524
v  -23.1151 -14.4069 11.4630
v  -5.6577 -14.1589 11.4789
v  -5.6099 -14.0984 10.8528
v  -17.4093 11.7573 11.4749
v  -17.2776 11.7053 10.8629
v  -22.4551 11.8109 10.9005
v  -22.7144 11.8572 11.4724
v  -23.6800 11.7951 11.4235
v  -23.0955 11.8644 11.4722
v  -22.8270 11.8184 10.9032
v  -23.4128 11.7480 10.8419
v  -24.2041 11.5782 11.3599
v  -23.9371 11.5291 10.7749
v  -24.6433 11.2271 11.2996
v  -24.3731 11.1806 10.7178
v  -24.9634 10.7695 11.2555
v  -24.6921 10.7285 10.6778
v  -24.8775 10.1962 10.6659
v  -25.1466 10.2308 11.2411
v  -24.9174 9.9794 10.6656
v  -25.1866 10.0031 11.2405
v  -25.2717 9.5180 11.2392
v  -25.0024 9.5174 10.6648
v  -25.4233 6.9185 10.6588
v  -25.6663 6.9081 11.2315
v  -26.1022 -1.2446 11.2504
v  -26.0363 1.5178 11.2596
v  -25.8209 1.5266 10.6920
v  -25.8971 -1.2447 10.6835
v  -25.9128 -6.4098 11.2451
v  -26.0408 -3.8283 11.2546
v  -25.8284 -3.8328 10.6860
v  -25.6883 -6.4188 10.6747
v  -11.6431 11.6692 11.4824
v  -11.5481 11.6247 10.8613
v  -5.8765 11.6176 11.4796
v  -5.8235 11.5736 10.8530
v  -11.5965 -14.2109 11.4593
v  -11.5167 -14.1506 10.8429
v  -17.4249 -14.2911 11.4512
v  -17.2908 -14.2308 10.8438
v  -22.7338 -14.3992 11.4622
v  -22.4566 -14.3344 10.8518
v  -24.7370 -12.0043 10.0918
v  -25.2036 -9.2307 10.0879
v  -24.9238 -9.2255 9.3399
v  -24.4059 -11.9921 9.3513
v  -24.6010 -12.6980 10.0878
v  -24.6592 -12.4012 10.0895
v  -24.3345 -12.3338 9.3493
v  -24.2740 -12.6232 9.3476
v  -24.3894 -13.2609 10.0980
v  -24.0775 -13.1513 9.3494
v  -23.9993 -13.7498 10.1349
v  -23.7107 -13.6291 9.3719
v  -23.4561 -13.5397 8.5948
v  -22.9303 -13.9310 8.7045
v  -23.1391 -14.0155 9.4162
v  -22.5537 -14.2762 10.2360
v  -23.4075 -14.1202 10.1859
v  -22.2465 -14.1959 9.4732
v  -0.0000 -14.0191 10.1857
v  -5.5903 -14.0379 10.2246
v  -5.5834 -13.9586 9.4006
v  -0.0000 -13.9388 9.3508
v  -22.0735 11.6663 8.9707
v  -22.2487 11.7099 9.5375
v  -21.9056 11.7027 9.5307
v  -21.7410 11.6598 8.9699
v  -22.6230 11.5834 8.8098
v  -22.8388 11.6349 9.4770
v  -23.0996 11.3622 8.6951
v  -23.3495 11.4144 9.4210
v  -24.1065 11.1320 10.1344
v  -23.6793 11.4746 10.1861
v  -23.7563 11.0911 9.3827
v  -23.7839 10.6243 8.5624
v  -24.0750 10.6602 9.3558
v  -23.4728 11.0473 8.6103
v  -23.9784 10.1274 8.5465
v  -24.2678 10.1520 9.3479
v  -24.1115 9.5321 8.5354
v  -24.3958 9.5287 9.3434
v  -24.3087 9.9529 9.3465
v  -24.0209 9.9372 8.5430
v  -25.0837 4.2658 8.4735
v  -25.2331 4.2901 9.3317
v  -24.8894 6.9201 9.3292
v  -24.6600 6.9086 8.4881
v  -25.4817 -1.2447 8.4422
v  -25.5729 -1.2447 9.3351
v  -25.4699 1.5247 9.3385
v  -25.3711 1.5143 8.4575
v  -25.4785 -6.4315 10.0995
v  -25.6475 -3.8396 10.1074
v  -25.4811 -3.8420 9.3356
v  -25.2703 -6.4339 9.3341
v  -17.1118 11.5694 8.9583
v  -17.1287 11.6031 9.4365
v  -11.4271 11.5232 9.4251
v  -11.4080 11.4904 8.9583
v  -5.7337 11.4718 9.4047
v  -5.7121 11.4404 8.9583
v  -0.0000 11.4529 9.3737
v  -11.4851 -14.0903 10.2205
v  -11.4728 -14.0116 9.4034
v  -17.2069 -14.1700 10.2250
v  -17.1194 -14.0914 9.4207
v  -22.1954 -14.2691 10.2352
v  -21.9029 -14.1889 9.4697
v  -24.1219 -11.9868 8.5353
v  -24.6913 -9.2309 8.4904
v  -24.5773 -9.2564 7.8565
v  -23.9554 -11.9987 7.8698
v  -23.9936 -12.5461 8.5308
v  -24.0476 -12.3106 8.5327
v  -23.8830 -12.2969 7.8693
v  -23.8340 -12.4987 7.8689
v  -23.8094 -13.0550 8.5443
v  -23.6259 -13.0250 7.8484
v  -23.2103 -13.5366 7.8507
v  -22.6568 -13.8832 7.8705
v  -22.0775 -14.1380 8.9109
v  -21.8363 -14.0354 7.9002
v  -5.5945 -13.9063 8.8569
v  -5.6244 -13.7953 7.7018
v  -0.0000 -13.7678 7.5728
v  -21.7057 11.5352 7.1647
v  -21.8105 11.5893 7.9505
v  -21.4940 11.5829 7.9460
v  -21.3962 11.5289 7.1627
v  -22.2779 11.4631 7.1569
v  -22.3944 11.5220 7.9242
v  -22.7739 11.2618 7.1404
v  -22.8935 11.3127 7.8951
v  -23.1996 10.9300 7.1284
v  -23.3029 10.9927 7.8765
v  -23.5107 10.5164 7.1321
v  -23.6180 10.5746 7.8695
v  -23.7080 10.0281 7.1412
v  -23.8144 10.0807 7.8713
v  -23.8575 9.9023 7.8689
v  -23.9493 9.5225 7.8637
v  -24.9630 4.2638 7.1167
v  -25.0180 4.2633 7.8314
v  -24.5469 6.9026 7.8424
v  -24.4736 6.8967 7.1238
v  -25.3907 -1.2445 7.1304
v  -25.4359 -1.2445 7.8407
v  -25.3300 1.5143 7.8360
v  -25.2806 1.5148 7.1244
v  -25.1201 -6.4519 8.4709
v  -25.3807 -3.8537 8.4497
v  -25.3400 -3.8745 7.8391
v  -25.0562 -6.4921 7.8400
v  -17.0873 11.4413 7.1340
v  -17.0874 11.4937 7.8827
v  -11.3642 11.4107 7.8215
v  -11.3525 11.3553 7.0295
v  -5.6446 11.3542 7.7279
v  -5.6192 11.2940 6.8722
v  -0.0000 11.2651 6.6809
v  -5.6503 -13.7113 6.8272
v  -11.5470 -13.8536 7.7534
v  -11.5896 -13.7739 6.9211
v  -11.4919 -13.9592 8.8569
v  -17.0853 -14.0365 8.8569
v  -17.0307 -13.9382 7.8472
v  -21.7429 -14.1312 8.9073
v  -21.5143 -14.0289 7.8967
v  -5.6626 -13.5103 5.7918
v  -5.6645 -13.1276 5.2167
v  -0.0000 -13.0250 5.0819
v  -11.5999 -13.5587 5.8840
v  -11.6010 -13.1649 5.3202
v  -17.0184 -13.6452 6.0266
v  -17.0201 -13.2483 5.4646
v  -21.4646 -13.7006 6.0844
v  -21.4935 -13.2929 5.5487
v  -21.7813 10.8993 5.5786
v  -21.7478 11.3045 6.1306
v  -21.4358 11.3013 6.1280
v  -21.4673 10.8984 5.5750
v  -17.0955 10.8859 5.5243
v  -17.0920 11.2565 6.0917
v  -11.3622 11.1853 5.9879
v  -11.3637 10.8338 5.4058
v  -5.6324 11.1157 5.8315
v  -5.6317 10.7534 5.2570
v  -0.0000 11.0433 5.6662
v  -23.5792 -12.0580 6.1130
v  -24.2505 -9.3240 6.1069
v  -23.8413 -9.3363 5.5655
v  -23.1611 -12.0694 5.5720
v  -24.3166 4.3125 5.5565
v  -24.7214 4.2999 6.0953
v  -24.2218 6.9506 6.1035
v  -23.8081 6.9724 5.5645
v  -24.7729 -1.2448 5.5616
v  -25.1658 -1.2448 6.1048
v  -25.0532 1.5332 6.1073
v  -24.6632 1.5402 5.5693
v  -24.7601 -6.5638 6.1016
v  -25.0626 -3.9117 6.1038
v  -24.6670 -3.9182 5.5611
v  -24.3581 -6.5764 5.5590
v  -23.0986 -12.3101 5.5739
v  -23.4895 -12.4024 6.1151
v  -23.5277 -12.2559 6.1142
v  -23.1272 -12.2001 5.5730
v  -22.2272 11.2339 6.1222
v  -22.1352 10.8374 5.5767
v  -23.3022 -12.8970 6.1714
v  -22.9392 -12.6439 5.5660
v  -22.6256 -12.9989 5.5614
v  -22.9021 -13.3332 6.1489
v  -22.2539 -13.2085 5.5594
v  -22.3847 -13.5957 6.0888
v  -21.8148 -13.2961 5.5548
v  -21.7840 -13.7046 6.0886
v  -22.6541 11.0521 6.1133
v  -22.4564 10.6952 5.5739
v  -23.0251 10.7556 6.1086
v  -22.7381 10.4686 5.5720
v  -22.9421 10.1997 5.5710
v  -23.2944 10.3976 6.1099
v  -23.0793 9.8880 5.5747
v  -23.4726 9.9813 6.1160
v  -23.1511 9.6079 5.5720
v  -23.5756 9.5776 6.1134
v  -23.5055 9.8523 6.1151
v  -23.1022 9.7986 5.5739
v  -5.6633 -12.5806 4.8090
v  -5.6587 -11.7985 4.5949
v  -0.0000 -11.7544 4.5424
v  -0.0000 -13.6483 6.3490
v  -5.6577 -13.6845 6.5490
v  -11.6001 -12.6098 4.9209
v  -11.5966 -11.8422 4.7252
v  -11.5963 -13.7471 6.6418
v  -17.0205 -12.6907 5.0690
v  -17.0176 -11.9249 4.8781
v  -17.0171 -13.8370 6.8009
v  -21.5099 -12.7271 5.1811
v  -21.8324 -11.9748 5.0246
v  -21.7396 -13.9285 6.8193
v  -21.4231 -13.9223 6.8180
v  -21.8039 10.3263 5.1975
v  -21.4884 10.3279 5.1918
v  -21.8091 9.5484 5.0247
v  -17.0911 11.4217 6.8527
v  -21.3961 11.5062 6.8816
v  -17.0910 9.4922 4.8811
v  -17.0968 10.3503 5.1123
v  -11.3634 10.3082 4.9794
v  -11.3607 9.4387 4.7365
v  -11.3592 11.3358 6.7483
v  -5.6299 10.2226 4.8390
v  -5.6304 9.3765 4.6082
v  -5.6280 11.2740 6.5911
v  -0.0000 10.0933 4.7316
v  -0.0000 11.2430 6.3996
v  -22.5882 -12.0440 5.1990
v  -23.2781 -9.3193 5.1867
v  -22.5386 -9.1964 4.9544
v  -24.4756 -9.2770 6.8482
v  -24.9773 -6.5252 6.8429
v  -23.0202 4.2639 5.0023
v  -23.7579 4.3020 5.1832
v  -23.2406 6.9640 5.1910
v  -22.4970 6.8508 5.0103
v  -23.8149 9.5024 6.8559
v  -24.4497 6.8929 6.8430
v  -23.5030 -1.2448 4.9973
v  -24.2261 -1.2448 5.1843
v  -24.1199 1.5357 5.1909
v  -23.3978 1.5175 4.9998
v  -24.9387 4.2599 6.8357
v  -25.2585 1.5127 6.8448
v  -23.8004 -6.5666 5.1839
v  -24.1175 -3.9135 5.1839
v  -23.3902 -3.8959 5.0064
v  -23.0628 -6.5301 5.0022
v  -25.2687 -3.8919 6.8466
v  -25.3709 -1.2448 6.8483
v  -22.5555 -12.1705 5.2002
v  -22.5726 -12.1044 5.1996
v  -23.7441 -12.2717 6.8536
v  -23.8137 -12.0030 6.8532
v  -22.0000 10.2877 5.1983
v  -22.2639 11.4349 6.8763
v  -21.7053 11.5123 6.8836
v  -22.4643 -12.3556 5.1981
v  -23.4700 -12.9733 6.8212
v  -23.7009 -12.4387 6.8538
v  -22.2859 -12.5575 5.1955
v  -23.0000 -13.5029 6.8150
v  -22.0733 -12.6781 5.1933
v  -22.4543 -13.8068 6.8193
v  -21.8324 -12.7297 5.1892
v  -22.1809 10.2042 5.1992
v  -22.7537 11.2393 6.8594
v  -22.3414 10.0741 5.1988
v  -23.1763 10.9089 6.8475
v  -22.4562 9.9222 5.1981
v  -23.4851 10.4987 6.8506
v  -22.5347 9.7469 5.2000
v  -23.6821 10.0163 6.8597
v  -22.5722 9.6008 5.1983
v  -22.5467 9.7002 5.1994
v  -23.7245 9.8522 6.8585
v  -33.7890 4.0717 24.7906
v  -33.9884 4.0704 24.8069
v  -35.6491 4.0722 24.9294
v  -35.4495 4.0722 24.9162
v  -26.6169 -12.0092 14.1249
v  -26.8963 -9.2413 14.1142
v  -30.3032 -6.6326 22.0467
v  -30.3302 -9.3245 22.1280
v  -26.5071 -13.0102 14.1371
v  -26.5456 -12.6593 14.1328
v  -30.3989 -12.0145 22.2375
v  -30.4527 -13.3416 22.3054
v  -26.2966 -13.6621 14.1448
v  -30.2710 -14.4514 22.2947
v  -30.4654 -13.6564 22.3214
v  -25.8821 -14.1894 14.1903
v  -29.8842 -15.0547 22.4158
v  -25.3244 -14.5485 14.2582
v  -29.3422 -15.4712 22.6536
v  -28.6088 -15.6598 22.9937
v  -12.2980 -14.4963 14.3426
v  -18.4622 -14.5892 14.3328
v  -14.4024 -15.3753 23.1892
v  -21.6078 -15.4959 23.1099
v  -12.3308 11.8772 14.3507
v  -7.1835 12.4328 23.0437
v  -14.3948 12.5134 23.0828
v  -25.0913 12.0114 14.2931
v  -24.4546 12.0927 14.3421
v  -28.5942 12.8146 23.0248
v  -29.2859 12.6768 22.7843
v  -25.6274 11.7715 14.2384
v  -29.8400 12.2933 22.5308
v  -26.0776 11.3782 14.1804
v  -30.2091 11.7881 22.3785
v  -26.3684 10.9103 14.1448
v  -30.3893 11.3201 22.3222
v  -26.5197 10.3751 14.1340
v  -30.4516 10.8142 22.3037
v  -26.6181 9.5148 14.1260
v  -26.5511 10.1002 14.1315
v  -30.4365 10.3996 22.2827
v  -25.8963 4.2789 11.2457
v  -27.0723 4.2424 14.1244
v  -26.8966 6.8832 14.1153
v  -30.3497 6.8279 22.1417
v  -30.4042 9.5166 22.2380
v  -27.2083 -1.2447 14.1306
v  -27.1847 1.4998 14.1295
v  -30.3138 4.1376 22.0759
v  -30.2547 1.4468 22.0102
v  -27.0724 -6.4644 14.1269
v  -27.1732 -3.8554 14.1310
v  -30.2223 -1.2442 21.9792
v  -30.2523 -3.9386 21.9933
v  -24.0527 12.0845 14.3424
v  -21.6034 12.6441 23.0901
v  -28.1257 12.8032 23.0292
v  -18.4582 11.9704 14.3467
v  -6.0547 -14.4368 14.3503
v  -7.2497 -15.2889 23.1039
v  -26.7673 -15.3307 20.1183
v  -28.1397 -15.6488 23.0015
v  -35.9090 -15.8963 24.6126
v  -35.9762 -15.8963 23.8495
v  -35.9003 -15.8963 24.7122
v  -33.8886 -15.0633 24.7884
v  -5.6606 -11.4987 4.5839
v  -5.6614 -9.0852 4.5091
v  -0.0000 -11.4191 4.5301
v  -11.6002 -11.5423 4.7167
v  -11.5807 -9.0404 4.6517
v  -17.0216 -11.6250 4.8712
v  -17.0340 -9.0794 4.8315
v  -21.5934 -11.6724 5.0123
v  -22.2590 -9.0202 4.9984
v  -5.6403 4.3125 4.4515
v  -5.6406 6.7572 4.5229
v  -11.3639 9.1388 4.7295
v  -5.6335 9.0766 4.5992
v  -11.3928 6.7181 4.6609
v  -17.0944 9.1912 4.8745
v  -17.0905 6.7347 4.8387
v  -21.5709 9.2455 5.0127
v  -22.2238 6.6751 4.9990
v  -11.4216 4.2973 4.6184
v  -5.6454 1.5341 4.3945
v  -11.4511 1.5263 4.6339
v  -17.0746 4.2781 4.8017
v  -17.0643 1.5167 4.7766
v  -22.7234 4.2171 4.9911
v  -23.0981 1.4938 4.9872
v  -11.4801 -1.2448 4.6590
v  -5.6496 -1.2447 4.3722
v  -5.6531 -3.8931 4.3938
v  -11.5078 -3.8915 4.6367
v  -17.0568 -1.2448 4.7709
v  -17.0468 -3.8892 4.7774
v  -22.7657 -6.4844 4.9918
v  -23.0914 -3.8735 4.9882
v  -17.0379 -6.5336 4.7980
v  -0.0000 -15.2775 23.2720
v  -7.2456 -15.3159 23.3846
v  -14.4019 -15.4022 23.4700
v  -21.7002 -15.5233 23.3905
v  -29.4871 -15.4976 22.9273
v  -30.0227 -15.0815 22.6919
v  -30.5771 -13.3455 22.5592
v  -30.5200 -12.0000 22.4917
v  -30.4420 -9.3133 22.3869
v  -30.4096 -6.6247 22.3078
v  -30.5580 10.3926 22.5373
v  -30.5752 10.8102 22.5575
v  -30.5030 11.3271 22.5508
v  -30.3192 11.8047 22.6024
v  -29.9459 12.3108 22.7473
v  -28.2533 12.8262 23.3097
v  -0.0000 12.4054 23.0199
v  -23.8417 9.5072 7.1370
v  -23.7507 9.8617 7.1399
v  -24.9955 -6.5284 7.1244
v  -25.2887 -3.8935 7.1280
v  -23.8401 -12.0089 7.1345
v  -24.4971 -9.2809 7.1295
v  -23.7252 -12.4555 7.1354
v  -23.7729 -12.2703 7.1350
v  -23.4928 -12.9988 7.1019
v  -23.0221 -13.5303 7.0954
v  -22.4672 -13.8376 7.0997
v  -21.7414 -13.9562 7.0999
v  -17.0119 -13.8640 7.0816
v  -21.4244 -13.9500 7.0987
v  -23.2021 -1.2454 4.9852
v  -0.0000 9.0285 4.5346
v  -1.5305 -2.7822 4.2506
v  -2.5956 -3.8766 4.3048
v  -1.8001 -2.4537 4.2506
v  -2.9077 1.5560 4.3167
v  -0.4006 -3.2770 4.2472
v  -0.3806 -3.1777 4.2344
v  -0.7886 -3.1594 4.2471
v  -0.7496 -3.0658 4.2343
v  -1.1461 -2.9683 4.2471
v  -1.0897 -2.8842 4.2341
v  -1.4595 -2.7112 4.2471
v  -1.3879 -2.6396 4.2339
v  -1.7166 -2.3979 4.2471
v  -1.6325 -2.3415 4.2339
v  -1.9076 -2.0404 4.2471
v  -1.8142 -2.0015 4.2339
v  -2.0253 -1.6524 4.2471
v  -1.9261 -1.6325 4.2338
v  -2.0648 -1.2466 4.2470
v  -1.9684 -1.2467 4.2347
v  -2.0252 -0.8439 4.2471
v  -1.9261 -0.8639 4.2339
v  -1.9076 -0.4560 4.2471
v  -1.8141 -0.4949 4.2340
v  -1.7166 -0.0984 4.2471
v  -1.6324 -0.1548 4.2340
v  -1.4594 0.2149 4.2471
v  -1.3879 0.1433 4.2340
v  -1.1461 0.4721 4.2471
v  -1.0897 0.3878 4.2342
v  -0.7886 0.6631 4.2472
v  -0.7496 0.5695 4.2344
v  -0.4006 0.7807 4.2472
v  -0.3806 0.6813 4.2345
v  -0.0000 0.8203 4.2472
v  -0.0000 0.7236 4.2355
v  -0.3319 -2.9312 4.0959
v  -0.2870 -2.7055 3.8656
v  -0.0000 -2.9642 4.0954
v  -0.6537 -2.8337 4.0957
v  -0.5658 -2.6211 3.8655
v  -0.9505 -2.6756 4.0950
v  -0.8228 -2.4841 3.8650
v  -1.2108 -2.4625 4.0944
v  -1.0479 -2.2995 3.8642
v  -1.4240 -2.2023 4.0947
v  -1.2325 -2.0745 3.8644
v  -1.5825 -1.9057 4.0946
v  -1.3699 -1.8176 3.8643
v  -1.6803 -1.5840 4.0943
v  -1.4545 -1.5390 3.8640
v  -1.7136 -1.2468 4.0935
v  -1.4833 -1.2469 3.8633
v  -1.6802 -0.9125 4.0944
v  -1.4549 -0.9574 3.8640
v  -1.5824 -0.5906 4.0948
v  -1.3703 -0.6786 3.8643
v  -1.4238 -0.2940 4.0949
v  -1.2329 -0.4216 3.8644
v  -1.2105 -0.0340 4.0948
v  -1.0479 -0.1968 3.8647
v  -0.9504 0.1791 4.0953
v  -0.8228 -0.0122 3.8650
v  -0.6537 0.3374 4.0958
v  -0.5658 0.1248 3.8655
v  -0.3319 0.4348 4.0960
v  -0.2868 0.2083 3.8666
v  -0.0000 0.4677 4.0958
v  -0.0000 0.2368 3.8664
v  -0.2846 -2.6931 3.8533
v  -0.2604 -2.5717 3.8028
v  -0.0000 -2.5964 3.8089
v  -0.0000 -2.7209 3.8538
v  -0.5610 -2.6095 3.8531
v  -0.5136 -2.4950 3.8028
v  -0.8158 -2.4736 3.8526
v  -0.7470 -2.3704 3.8028
v  -1.0391 -2.2907 3.8521
v  -0.9513 -2.2029 3.8028
v  -1.2221 -2.0675 3.8522
v  -1.1189 -1.9986 3.8028
v  -1.3583 -1.8128 3.8521
v  -1.2436 -1.7653 3.8028
v  -1.4422 -1.5366 3.8518
v  -1.3204 -1.5124 3.8028
v  -1.4708 -1.2469 3.8511
v  -1.3464 -1.2470 3.8027
v  -1.4424 -0.9599 3.8517
v  -1.3204 -0.9842 3.8028
v  -1.3584 -0.6835 3.8519
v  -1.2436 -0.7311 3.8028
v  -1.2222 -0.4287 3.8521
v  -1.1189 -0.4977 3.8028
v  -1.0389 -0.2057 3.8524
v  -0.9512 -0.2934 3.8028
v  -0.8157 -0.0228 3.8527
v  -0.7469 -0.1260 3.8028
v  -0.5610 0.1132 3.8530
v  -0.5136 -0.0014 3.8028
v  -0.2844 0.1962 3.8543
v  -0.2602 0.0741 3.8095
v  -0.2574 -2.5565 3.7999
v  -0.2188 -2.3623 3.8067
v  -0.0000 -2.3841 3.8063
v  -0.5077 -2.4807 3.7999
v  -0.4321 -2.2977 3.8067
v  -0.7384 -2.3575 3.7999
v  -0.6286 -2.1929 3.7999
v  -0.9405 -2.1920 3.7999
v  -0.8006 -2.0520 3.7999
v  -1.1061 -1.9901 3.7999
v  -0.9415 -1.8801 3.7999
v  -1.2294 -1.7594 3.7999
v  -1.0466 -1.6836 3.8061
v  -1.3053 -1.5094 3.7999
v  -1.1112 -1.4707 3.8059
v  -1.3311 -1.2470 3.7999
v  -1.1332 -1.2471 3.7999
v  -1.3054 -0.9872 3.7999
v  -1.1112 -1.0260 3.7999
v  -1.2293 -0.7370 3.7999
v  -1.0465 -0.8128 3.7999
v  -1.1060 -0.5063 3.7999
v  -0.9414 -0.6162 3.8063
v  -0.9404 -0.3043 3.7999
v  -0.8004 -0.4443 3.8061
v  -0.7383 -0.1388 3.7999
v  -0.6285 -0.3035 3.8065
v  -0.5076 -0.0158 3.7999
v  -0.4320 -0.1987 3.8068
v  -0.2574 0.0601 3.8068
v  -0.2188 -0.1341 3.8069
v  -0.0000 0.0856 3.8066
v  -0.3629 -3.0888 4.2050
v  -0.3470 -3.0079 4.1603
v  -0.0000 -3.1288 4.2067
v  -0.6835 -2.9060 4.1601
v  -0.7149 -2.9821 4.2048
v  -0.9942 -2.7410 4.1586
v  -1.0394 -2.8089 4.2045
v  -1.2659 -2.5176 4.1590
v  -1.3239 -2.5757 4.2041
v  -1.4889 -2.2457 4.1592
v  -1.5572 -2.2913 4.2042
v  -1.6547 -1.9355 4.1592
v  -1.7306 -1.9668 4.2042
v  -1.7568 -1.5990 4.1589
v  -1.8374 -1.6148 4.2040
v  -1.7932 -1.2468 4.1598
v  -1.8775 -1.2467 4.2056
v  -1.8374 -0.8815 4.2041
v  -1.7568 -0.8974 4.1590
v  -1.6546 -0.5609 4.1594
v  -1.7305 -0.5295 4.2043
v  -1.4888 -0.2507 4.1594
v  -1.5571 -0.2051 4.2044
v  -1.2657 0.0212 4.1593
v  -1.3239 0.0793 4.2043
v  -0.9937 0.2441 4.1599
v  -1.0394 0.3125 4.2047
v  -0.6835 0.4096 4.1604
v  -0.7149 0.4857 4.2050
v  -0.3469 0.5115 4.1606
v  -0.3629 0.5924 4.2052
v  -0.0000 0.6324 4.2069
v  -0.3329 -2.9362 4.1007
v  -0.0000 -2.9692 4.1004
v  -0.6557 -2.8384 4.1005
v  -0.9533 -2.6797 4.1000
v  -1.2143 -2.4660 4.0993
v  -1.4282 -2.2051 4.0995
v  -1.5872 -1.9076 4.0995
v  -1.6852 -1.5849 4.0992
v  -1.7185 -1.2468 4.0984
v  -1.6851 -0.9115 4.0993
v  -1.5871 -0.5887 4.0996
v  -1.4280 -0.2912 4.0998
v  -1.2141 -0.0304 4.0996
v  -0.9532 0.1833 4.1002
v  -0.6556 0.3419 4.1008
v  -0.3328 0.4397 4.1010
v  -0.2854 0.2011 3.8593
v  -0.5630 0.1180 3.8582
v  -0.8187 -0.0183 3.8577
v  -1.0427 -0.2020 3.8574
v  -1.2267 -0.4257 3.8570
v  -1.3635 -0.6814 3.8569
v  -1.4477 -0.9589 3.8566
v  -1.4759 -1.2469 3.8559
v  -1.4473 -1.5376 3.8566
v  -1.3631 -1.8148 3.8569
v  -1.2264 -2.0704 3.8570
v  -1.0427 -2.2943 3.8568
v  -0.8187 -2.4779 3.8576
v  -0.5630 -2.6143 3.8581
v  -0.2856 -2.6983 3.8583
v  -0.0000 -2.7258 3.8587
v  -0.0000 -2.5891 3.8063
v  -0.2590 -2.5645 3.7999
v  -0.5108 -2.4882 3.7999
v  -0.7429 -2.3643 3.7999
v  -0.9462 -2.1977 3.7999
v  -1.1128 -1.9945 3.7999
v  -1.2369 -1.7625 3.7999
v  -1.3132 -1.5109 3.7999
v  -1.3390 -1.2470 3.7999
v  -1.3132 -0.9857 3.7999
v  -1.2368 -0.7339 3.7999
v  -1.1128 -0.5018 3.7999
v  -0.9461 -0.2986 3.7999
v  -0.7429 -0.1320 3.7999
v  -0.5108 -0.0082 3.7999
v  -0.2588 0.0670 3.8068
v  -0.2174 -0.1410 3.8069
v  -0.4293 -0.2052 3.8068
v  -0.6246 -0.3094 3.8065
v  -0.7955 -0.4493 3.8061
v  -0.9356 -0.6202 3.8063
v  -1.0400 -0.8154 3.7999
v  -1.1043 -1.0273 3.7999
v  -1.1261 -1.2471 3.7999
v  -1.1043 -1.4694 3.8059
v  -1.0401 -1.6809 3.8061
v  -0.9357 -1.8762 3.7999
v  -0.7956 -2.0470 3.7999
v  -0.6247 -2.1870 3.7999
v  -0.4294 -2.2912 3.8067
v  -0.2175 -2.3554 3.8067
v  -0.4202 0.8792 4.2501
v  -0.8270 0.7559 4.2504
v  -1.2019 0.5556 4.2506
v  -1.5305 0.2859 4.2507
v  -1.8001 -0.0426 4.2506
v  -2.0004 -0.4175 4.2504
v  -2.1237 -0.8243 4.2500
v  -2.1652 -1.2466 4.2498
v  -2.1238 -1.6720 4.2500
v  -2.0004 -2.0788 4.2504
v  -1.2019 -3.0518 4.2506
v  -0.8270 -3.2522 4.2504
v  -0.4202 -3.3755 4.2501
v  -0.5133 -3.8700 4.2691
v  -0.4876 1.5675 4.2757
v  -7.3249 -18.0300 23.7499
v  -14.6497 -18.0300 23.7499
v  -21.9745 -18.0300 23.7499
v  -28.9636 -18.0300 23.7499
v  -29.4656 -18.0300 23.7499
v  -30.2526 -18.0300 23.7499
v  -30.8510 -18.0300 23.7499
v  -31.4530 -18.0300 23.7499
v  -32.1956 -18.0300 23.7499
v  -33.0145 -18.0300 23.7499
v  -34.7342 -18.0286 23.7499
v  -34.9803 -18.0049 23.7504
v  -35.2135 -17.9335 23.7499
v  -35.4309 -17.8203 23.7509
v  -35.6211 -17.6653 23.7506
v  -35.7771 -17.4759 23.7509
v  -35.8898 -17.2596 23.7510
v  -35.9572 -17.0246 23.7504
v  -35.9850 -16.7800 23.7499
v  -35.9850 -16.2827 23.7499
v  -35.9850 -15.8963 23.7499
v  -35.9850 -12.0427 23.7499
v  -35.9850 -9.3569 23.7499
v  -35.9850 -6.6711 23.7499
v  -35.9850 -3.9581 23.7499
v  -35.9762 -6.6711 23.8495
v  -35.9850 -1.2451 23.7499
v  -35.9850 1.4135 23.7499
v  -35.9850 4.0722 23.7499
v  -35.9850 6.7580 23.7499
v  -35.9850 9.4438 23.7499
v  -35.9850 13.8203 23.7499
v  -35.9850 15.8748 23.7499
v  -35.9850 16.7800 23.7499
v  -35.9574 17.0227 23.7499
v  -35.8899 17.2578 23.7499
v  -35.7784 17.4768 23.7499
v  -35.6219 17.6659 23.7500
v  -35.4305 17.8213 23.7498
v  -35.2130 17.9362 23.7503
v  -34.9789 18.0030 23.7501
v  -34.7350 18.0300 23.7499
v  -34.3574 18.0300 23.7499
v  -33.6382 18.0300 23.7499
v  -33.0208 18.0300 23.7499
v  -32.4035 18.0300 23.7499
v  -31.8606 18.0299 23.7499
v  -24.3026 18.0298 23.7499
v  -16.2017 18.0297 23.7499
v  -8.1009 18.0295 23.7499
v  -0.0000 18.0294 23.7499
v  -35.9004 -6.6711 24.7121
v  -35.9091 -6.6711 24.6125
v  -0.0000 12.1809 20.1275
v  -31.8010 -6.6509 24.0663
v  -32.7528 -6.6591 24.5572
v  -32.2754 -6.6526 24.3522
v  -30.6727 -6.6352 22.8285
v  -30.5311 -6.6290 22.5736
v  -5.6557 -6.5411 4.4455
v  -0.0000 -6.5468 4.3600
v  -11.5407 -6.5382 4.6183
v  -35.7407 4.0722 24.9132
v  -35.8123 4.0722 24.8717
v  -25.1798 6.9249 10.0865
v  -25.4553 4.3076 10.1012
v  -25.6655 4.2969 10.6770
v  -24.7339 9.5189 10.0900
v  -0.0000 18.0224 23.7499
v  -8.1009 18.0225 23.7499
v  -16.2017 18.0227 23.7499
v  -24.3026 18.0228 23.7499
v  -31.8606 18.0229 23.7499
v  -32.4035 18.0230 23.7499
v  -33.0208 18.0230 23.7499
v  -33.6382 18.0230 23.7499
v  -34.3574 18.0230 23.7499
v  -34.7346 18.0230 23.7499
v  -34.9776 17.9961 23.7501
v  -35.2103 17.9297 23.7503
v  -35.4266 17.8154 23.7498
v  -35.6169 17.6609 23.7500
v  -35.7725 17.4729 23.7499
v  -35.8834 17.2552 23.7499
v  -35.9505 17.0214 23.7499
v  -35.9780 16.7796 23.7499
v  -35.9780 15.8748 23.7499
v  -35.9780 13.8203 23.7499
v  -35.9780 9.4438 23.7499
v  -35.9780 6.7580 23.7499
v  -35.9780 4.0722 23.7499
v  -35.9780 1.4135 23.7499
v  -35.9780 -1.2451 23.7499
v  -35.9780 -3.9581 23.7499
v  -35.9780 -6.6711 23.7499
v  -35.9780 -9.3569 23.7499
v  -35.9780 -12.0427 23.7499
v  -35.9780 -15.8963 23.7499
v  -35.9780 -16.2827 23.7499
v  -35.9780 -16.7796 23.7499
v  -35.9503 -17.0233 23.7504
v  -35.8833 -17.2569 23.7509
v  -35.7712 -17.4721 23.7509
v  -35.6161 -17.6603 23.7506
v  -35.4270 -17.8144 23.7509
v  -35.2109 -17.9270 23.7499
v  -34.9790 -17.9980 23.7503
v  -34.7338 -18.0216 23.7499
v  -33.0145 -18.0230 23.7499
v  -32.1956 -18.0230 23.7499
v  -31.4530 -18.0230 23.7499
v  -30.8510 -18.0230 23.7499
v  -30.2526 -18.0230 23.7499
v  -29.4656 -18.0230 23.7499
v  -28.9636 -18.0230 23.7499
v  -21.9745 -18.0230 23.7499
v  -14.6497 -18.0230 23.7499
v  -7.3249 -18.0230 23.7499
v  -25.6397 1.5322 10.1139
v  -25.7287 -1.2447 10.1059
v  -22.5699 11.7724 10.3291
v  -22.2101 11.7649 10.3230
v  -23.1586 11.6967 10.2548
v  -24.4224 10.6887 10.0994
v  -24.6090 10.1671 10.0902
v  -24.6489 9.9600 10.0902
v  -17.2013 11.6603 10.2380
v  -11.4880 11.5804 10.2347
v  -5.7824 11.5294 10.2254
v  -0.0000 11.5110 10.2065
v  -8.1009 17.6152 23.7499
v  -16.2017 17.6154 23.7499
v  -24.3026 17.6155 23.7499
v  -31.8606 17.6165 23.7499
v  -32.4035 17.6165 23.7499
v  -33.0208 17.6165 23.7499
v  -33.6382 17.6166 23.7499
v  -34.3589 17.6164 23.7499
v  -34.7231 17.6146 23.7499
v  -34.9165 17.5983 23.7499
v  -35.0899 17.5435 23.7499
v  -35.2203 17.4734 23.7499
v  -35.3490 17.3756 23.7499
v  -35.4609 17.2515 23.7499
v  -35.5474 17.1094 23.7499
v  -35.6060 16.9509 23.7499
v  -35.6367 16.7599 23.7500
v  -35.6395 15.8744 23.7503
v  -35.6394 13.8200 23.7502
v  -35.6392 9.4438 23.7499
v  -35.6393 6.7580 23.7502
v  -35.6395 4.0722 23.7504
v  -35.6391 1.4135 23.7502
v  -35.6393 -1.2452 23.7499
v  -35.6409 -3.9354 23.7498
v  -35.6427 -6.6257 23.7499
v  -35.6434 -9.3396 23.7499
v  -35.6420 -12.0534 23.7499
v  -35.6356 -15.9000 23.7499
v  -35.6350 -16.2838 23.7499
v  -35.6371 -16.7629 23.7499
v  -35.6051 -16.9505 23.7499
v  -35.5499 -17.1022 23.7499
v  -35.4598 -17.2503 23.7499
v  -35.3408 -17.3821 23.7499
v  -35.1912 -17.4909 23.7499
v  -35.0456 -17.5608 23.7499
v  -34.8756 -17.6053 23.7499
v  -34.7184 -17.6172 23.7499
v  -33.0148 -17.6149 23.7499
v  -32.1956 -17.6149 23.7499
v  -31.4530 -17.6149 23.7499
v  -30.8510 -17.6149 23.7499
v  -30.2526 -17.6149 23.7499
v  -29.4656 -17.6149 23.7499
v  -28.9636 -17.6149 23.7499
v  -21.9745 -17.6149 23.7499
v  -14.6497 -17.6149 23.7499
v  -7.3249 -17.6149 23.7499
v  -0.0000 -17.6149 23.7499
v  -0.0000 0.0995 3.7607
v  -0.0000 0.1095 3.7626
v  -0.0000 0.1186 3.7686
v  -0.0000 0.1246 3.7778
v  -0.0000 0.1265 3.7877
v  -0.0000 0.1246 3.7977
v  -0.0000 0.1186 3.8068
v  -0.0000 0.1102 3.8126
v  -0.0000 0.0240 3.8480
v  -0.0000 -0.2973 3.9573
v  -0.0000 -0.6194 4.0330
v  -0.0000 -0.9378 4.0767
v  -0.2630 0.0736 3.7607
v  -0.2649 0.0833 3.7627
v  -0.2667 0.0922 3.7688
v  -0.2678 0.0980 3.7779
v  -0.2682 0.0998 3.7877
v  -0.2679 0.0983 3.7977
v  -0.2667 0.0924 3.8068
v  -0.2651 0.0840 3.8126
v  -0.2482 -0.0005 3.8480
v  -0.1856 -0.3156 3.9573
v  -0.1227 -0.6315 4.0330
v  -0.0606 -0.9438 4.0767
v  -0.5159 -0.0031 3.7607
v  -0.5196 0.0061 3.7628
v  -0.5231 0.0144 3.7688
v  -0.5253 0.0198 3.7779
v  -0.5261 0.0215 3.7877
v  -0.5253 0.0198 3.7975
v  -0.5231 0.0144 3.8066
v  -0.5199 0.0067 3.8125
v  -0.4869 -0.0729 3.8480
v  -0.3640 -0.3697 3.9573
v  -0.2407 -0.6673 4.0330
v  -0.1189 -0.9615 4.0767
v  -0.7489 -0.1276 3.7607
v  -0.7544 -0.1194 3.7627
v  -0.7594 -0.1119 3.7688
v  -0.7627 -0.1070 3.7779
v  -0.7638 -0.1054 3.7877
v  -0.7627 -0.1070 3.7976
v  -0.7594 -0.1119 3.8067
v  -0.7548 -0.1188 3.8126
v  -0.7069 -0.1905 3.8480
v  -0.5285 -0.4576 3.9573
v  -0.3495 -0.7255 4.0330
v  -0.1726 -0.9902 4.0767
v  -0.9532 -0.2953 3.7607
v  -0.9602 -0.2883 3.7626
v  -0.9667 -0.2818 3.7686
v  -0.9709 -0.2775 3.7778
v  -0.9723 -0.2762 3.7877
v  -0.9709 -0.2775 3.7977
v  -0.9667 -0.2818 3.8068
v  -0.9607 -0.2878 3.8126
v  -0.8998 -0.3487 3.8480
v  -0.6726 -0.5759 3.9573
v  -0.4448 -0.8037 4.0330
v  -0.2196 -1.0288 4.0767
v  -1.1208 -0.4996 3.7607
v  -1.1291 -0.4941 3.7627
v  -1.1366 -0.4890 3.7688
v  -1.1415 -0.4857 3.7779
v  -1.1430 -0.4847 3.7877
v  -1.1415 -0.4857 3.7976
v  -1.1366 -0.4890 3.8067
v  -1.1296 -0.4937 3.8126
v  -1.0580 -0.5415 3.8480
v  -0.7909 -0.7200 3.9573
v  -0.5230 -0.8990 4.0330
v  -0.2583 -1.0759 4.0767
v  -1.2454 -0.7326 3.7607
v  -1.2545 -0.7288 3.7628
v  -1.2629 -0.7254 3.7688
v  -1.2683 -0.7231 3.7779
v  -1.2703 -0.7223 3.7877
v  -1.2686 -0.7230 3.7977
v  -1.2630 -0.7253 3.8068
v  -1.2552 -0.7285 3.8126
v  -1.1756 -0.7615 3.8480
v  -0.8788 -0.8845 3.9573
v  -0.5811 -1.0077 4.0330
v  -0.2870 -1.1296 4.0767
v  -1.3221 -0.9855 3.7607
v  -1.3318 -0.9835 3.7627
v  -1.3407 -0.9818 3.7688
v  -1.3465 -0.9806 3.7779
v  -1.3486 -0.9802 3.7877
v  -1.3467 -0.9806 3.7977
v  -1.3408 -0.9818 3.8068
v  -1.3325 -0.9834 3.8126
v  -1.2480 -1.0002 3.8480
v  -0.9329 -1.0629 3.9573
v  -0.6169 -1.1257 4.0330
v  -0.3046 -1.1879 4.0767
v  -1.3480 -1.2485 3.7607
v  -1.3579 -1.2485 3.7626
v  -1.3671 -1.2485 3.7686
v  -1.3731 -1.2485 3.7778
v  -1.3750 -1.2485 3.7877
v  -1.3731 -1.2485 3.7977
v  -1.3671 -1.2485 3.8068
v  -1.3586 -1.2485 3.8126
v  -1.2725 -1.2485 3.8480
v  -0.9512 -1.2485 3.9573
v  -0.6290 -1.2485 4.0330
v  -0.3106 -1.2485 4.0767
v  -1.3221 -1.5114 3.7607
v  -1.3318 -1.5134 3.7627
v  -1.3407 -1.5151 3.7688
v  -1.3465 -1.5163 3.7779
v  -1.3483 -1.5166 3.7877
v  -1.3465 -1.5163 3.7976
v  -1.3408 -1.5152 3.8068
v  -1.3325 -1.5135 3.8126
v  -1.2480 -1.4967 3.8480
v  -0.9329 -1.4340 3.9573
v  -0.6169 -1.3712 4.0330
v  -0.3046 -1.3091 4.0767
v  -1.2454 -1.7643 3.7607
v  -1.2545 -1.7681 3.7628
v  -1.2629 -1.7715 3.7688
v  -1.2683 -1.7738 3.7779
v  -1.2700 -1.7745 3.7877
v  -1.2683 -1.7738 3.7975
v  -1.2629 -1.7715 3.8066
v  -1.2552 -1.7684 3.8125
v  -1.1756 -1.7354 3.8480
v  -0.8788 -1.6125 3.9573
v  -0.5811 -1.4892 4.0330
v  -0.2870 -1.3673 4.0767
v  -1.1208 -1.9974 3.7607
v  -1.1291 -2.0029 3.7627
v  -1.1366 -2.0079 3.7688
v  -1.1415 -2.0112 3.7779
v  -1.1430 -2.0122 3.7877
v  -1.1415 -2.0112 3.7976
v  -1.1366 -2.0079 3.8067
v  -1.1296 -2.0033 3.8126
v  -1.0580 -1.9554 3.8480
v  -0.7909 -1.7769 3.9573
v  -0.5230 -1.5979 4.0330
v  -0.2583 -1.4210 4.0767
v  -0.9532 -2.2016 3.7607
v  -0.9602 -2.2087 3.7626
v  -0.9667 -2.2151 3.7686
v  -0.9709 -2.2194 3.7778
v  -0.9723 -2.2207 3.7877
v  -0.9709 -2.2194 3.7977
v  -0.9667 -2.2151 3.8068
v  -0.9607 -2.2091 3.8126
v  -0.8998 -2.1482 3.8480
v  -0.6726 -1.9210 3.9573
v  -0.4429 -1.6914 4.0188
v  -0.2196 -1.4681 4.0767
v  -0.7489 -2.3693 3.7607
v  -0.7544 -2.3775 3.7627
v  -0.7594 -2.3850 3.7688
v  -0.7627 -2.3899 3.7779
v  -0.7638 -2.3915 3.7877
v  -0.7627 -2.3899 3.7976
v  -0.7595 -2.3852 3.8068
v  -0.7548 -2.3781 3.8126
v  -0.7069 -2.3065 3.8480
v  -0.5284 -2.0393 3.9573
v  -0.3495 -1.7715 4.0330
v  -0.1726 -1.5067 4.0767
v  -0.5159 -2.4938 3.7607
v  -0.5197 -2.5030 3.7626
v  -0.5232 -2.5115 3.7686
v  -0.5255 -2.5170 3.7778
v  -0.5262 -2.5188 3.7877
v  -0.5255 -2.5170 3.7977
v  -0.5232 -2.5115 3.8068
v  -0.5199 -2.5037 3.8126
v  -0.4869 -2.4241 3.8480
v  -0.3640 -2.1272 3.9573
v  -0.2407 -1.8296 4.0330
v  -0.1189 -1.5354 4.0767
v  -0.2630 -2.5706 3.7607
v  -0.2649 -2.5803 3.7627
v  -0.2667 -2.5891 3.7688
v  -0.2678 -2.5949 3.7779
v  -0.2682 -2.5967 3.7877
v  -0.2678 -2.5949 3.7976
v  -0.2667 -2.5891 3.8067
v  -0.2651 -2.5810 3.8126
v  -0.2482 -2.4965 3.8480
v  -0.1856 -2.1814 3.9573
v  -0.1227 -1.8654 4.0330
v  -0.0606 -1.5531 4.0767
v  -0.0000 -2.5965 3.7607
v  -0.0000 -2.6064 3.7626
v  -0.0000 -2.6156 3.7686
v  -0.0000 -2.6216 3.7778
v  -0.0000 -2.6235 3.7877
v  -0.0000 -2.6216 3.7977
v  -0.0000 -2.6156 3.8068
v  -0.0000 -2.6071 3.8126
v  -0.0000 -2.5209 3.8480
v  -0.0000 -2.1996 3.9573
v  -0.0000 -1.8775 4.0330
v  -0.0000 -1.5591 4.0767
v  0.2630 -2.5706 3.7607
v  0.2649 -2.5803 3.7627
v  0.2667 -2.5891 3.7688
v  0.2678 -2.5949 3.7779
v  0.2682 -2.5967 3.7877
v  0.2678 -2.5949 3.7976
v  0.2667 -2.5891 3.8067
v  0.2650 -2.5809 3.8125
v  0.2482 -2.4965 3.8480
v  0.1856 -2.1814 3.9573
v  0.1227 -1.8654 4.0330
v  0.0606 -1.5531 4.0767
v  0.5159 -2.4938 3.7607
v  0.5197 -2.5030 3.7626
v  0.5232 -2.5115 3.7686
v  0.5255 -2.5170 3.7778
v  0.5262 -2.5188 3.7877
v  0.5255 -2.5170 3.7977
v  0.5232 -2.5115 3.8068
v  0.5199 -2.5037 3.8126
v  0.4869 -2.4241 3.8480
v  0.3640 -2.1272 3.9573
v  0.2407 -1.8296 4.0330
v  0.1189 -1.5354 4.0767
v  0.7489 -2.3693 3.7607
v  0.7544 -2.3775 3.7626
v  0.7595 -2.3852 3.7686
v  0.7629 -2.3902 3.7778
v  0.7639 -2.3917 3.7877
v  0.7629 -2.3902 3.7977
v  0.7595 -2.3852 3.8068
v  0.7548 -2.3781 3.8126
v  0.7069 -2.3065 3.8480
v  0.5284 -2.0393 3.9573
v  0.3495 -1.7715 4.0330
v  0.1726 -1.5067 4.0767
v  0.9532 -2.2016 3.7607
v  0.9602 -2.2087 3.7626
v  0.9667 -2.2151 3.7686
v  0.9709 -2.2194 3.7778
v  0.9723 -2.2207 3.7877
v  0.9709 -2.2194 3.7977
v  0.9667 -2.2151 3.8068
v  0.9607 -2.2091 3.8126
v  0.8998 -2.1482 3.8480
v  0.6726 -1.9210 3.9573
v  0.4448 -1.6932 4.0330
v  0.2196 -1.4681 4.0767
v  1.1208 -1.9974 3.7607
v  1.1291 -2.0029 3.7626
v  1.1367 -2.0080 3.7686
v  1.1417 -2.0113 3.7778
v  1.1433 -2.0124 3.7877
v  1.1417 -2.0113 3.7977
v  1.1367 -2.0080 3.8068
v  1.1296 -2.0033 3.8126
v  1.0580 -1.9554 3.8480
v  0.7909 -1.7769 3.9573
v  0.5230 -1.5979 4.0330
v  0.2583 -1.4210 4.0767
v  1.2454 -1.7643 3.7607
v  1.2546 -1.7681 3.7626
v  1.2630 -1.7716 3.7686
v  1.2686 -1.7739 3.7778
v  1.2703 -1.7746 3.7877
v  1.2686 -1.7739 3.7977
v  1.2630 -1.7716 3.8068
v  1.2552 -1.7684 3.8126
v  1.1756 -1.7354 3.8480
v  0.8788 -1.6125 3.9573
v  0.5811 -1.4892 4.0330
v  0.2870 -1.3673 4.0767
v  1.3221 -1.5114 3.7607
v  1.3318 -1.5134 3.7626
v  1.3408 -1.5152 3.7686
v  1.3467 -1.5163 3.7778
v  1.3486 -1.5167 3.7877
v  1.3467 -1.5163 3.7977
v  1.3408 -1.5152 3.8068
v  1.3325 -1.5135 3.8126
v  1.2480 -1.4967 3.8480
v  0.9329 -1.4340 3.9573
v  0.6169 -1.3712 4.0330
v  0.3046 -1.3091 4.0767
v  1.3480 -1.2485 3.7607
v  1.3579 -1.2485 3.7626
v  1.3671 -1.2485 3.7686
v  1.3731 -1.2485 3.7778
v  1.3750 -1.2485 3.7877
v  1.3731 -1.2485 3.7977
v  1.3671 -1.2485 3.8068
v  1.3586 -1.2485 3.8126
v  1.2724 -1.2485 3.8479
v  0.9512 -1.2485 3.9573
v  0.6290 -1.2485 4.0330
v  0.3106 -1.2485 4.0765
v  1.3221 -0.9855 3.7607
v  1.3318 -0.9835 3.7626
v  1.3408 -0.9818 3.7686
v  1.3464 -0.9806 3.7779
v  1.3483 -0.9803 3.7877
v  1.3464 -0.9806 3.7976
v  1.3407 -0.9818 3.8067
v  1.3325 -0.9834 3.8125
v  1.2480 -1.0002 3.8480
v  0.9329 -1.0629 3.9573
v  0.6169 -1.1257 4.0330
v  0.3046 -1.1879 4.0767
v  1.2454 -0.7326 3.7607
v  1.2545 -0.7288 3.7628
v  1.2628 -0.7254 3.7688
v  1.2683 -0.7231 3.7779
v  1.2700 -0.7224 3.7877
v  1.2683 -0.7231 3.7975
v  1.2628 -0.7254 3.8066
v  1.2552 -0.7286 3.8125
v  1.1756 -0.7615 3.8480
v  0.8788 -0.8845 3.9573
v  0.5811 -1.0077 4.0330
v  0.2870 -1.1296 4.0767
v  1.1208 -0.4996 3.7607
v  1.1290 -0.4941 3.7627
v  1.1366 -0.4890 3.7688
v  1.1415 -0.4857 3.7779
v  1.1430 -0.4847 3.7877
v  1.1415 -0.4857 3.7976
v  1.1366 -0.4890 3.8067
v  1.1296 -0.4937 3.8125
v  1.0580 -0.5415 3.8480
v  0.7909 -0.7200 3.9573
v  0.5230 -0.8990 4.0330
v  0.2583 -1.0759 4.0767
v  0.9532 -0.2953 3.7607
v  0.9602 -0.2883 3.7626
v  0.9667 -0.2818 3.7686
v  0.9709 -0.2775 3.7778
v  0.9723 -0.2762 3.7877
v  0.9709 -0.2775 3.7977
v  0.9667 -0.2818 3.8068
v  0.9607 -0.2878 3.8126
v  0.8998 -0.3487 3.8480
v  0.6726 -0.5759 3.9573
v  0.4448 -0.8037 4.0330
v  0.2196 -1.0288 4.0767
v  0.7489 -0.1276 3.7607
v  0.7544 -0.1194 3.7626
v  0.7595 -0.1118 3.7686
v  0.7629 -0.1068 3.7778
v  0.7639 -0.1052 3.7877
v  0.7629 -0.1068 3.7977
v  0.7595 -0.1118 3.8068
v  0.7548 -0.1188 3.8126
v  0.7069 -0.1905 3.8480
v  0.5284 -0.4576 3.9573
v  0.3495 -0.7254 4.0330
v  0.1726 -0.9902 4.0767
v  0.5159 -0.0031 3.7607
v  0.5196 0.0061 3.7628
v  0.5231 0.0144 3.7688
v  0.5253 0.0198 3.7779
v  0.5260 0.0215 3.7877
v  0.5253 0.0198 3.7975
v  0.5231 0.0144 3.8066
v  0.5199 0.0067 3.8126
v  0.4869 -0.0729 3.8480
v  0.3640 -0.3697 3.9573
v  0.2407 -0.6673 4.0330
v  0.1189 -0.9615 4.0767
v  0.2630 0.0736 3.7607
v  0.2649 0.0833 3.7627
v  0.2667 0.0922 3.7688
v  0.2678 0.0980 3.7779
v  0.2682 0.0998 3.7877
v  0.2678 0.0980 3.7976
v  0.2667 0.0924 3.8068
v  0.2650 0.0840 3.8126
v  0.2482 -0.0005 3.8480
v  0.1856 -0.3156 3.9573
v  0.1227 -0.6315 4.0330
v  0.0606 -0.9438 4.0767
v  -0.0000 -1.2485 4.0907
v  0.5687 11.6492 21.3596
v  0.5576 11.6609 21.4735
v  0.5248 11.6718 21.5798
v  0.4726 11.6817 21.6761
v  0.4033 11.6903 21.7601
v  0.3191 11.6975 21.8295
v  0.2224 11.7029 21.8820
v  0.1155 11.7063 21.9152
v  0.0007 11.7075 21.9267
v  -0.1141 11.7064 21.9151
v  -0.2210 11.7030 21.8820
v  -0.3177 11.6976 21.8295
v  -0.4018 11.6905 21.7601
v  -0.4711 11.6819 21.6760
v  -0.5233 11.6721 21.5797
v  -0.5561 11.6612 21.4735
v  -0.5672 11.6495 21.3596
v  -0.5552 11.6380 21.2459
v  -0.5217 11.6272 21.1401
v  -0.4691 11.6174 21.0445
v  -0.3996 11.6089 20.9613
v  -0.3156 11.6019 20.8927
v  -0.2194 11.5966 20.8409
v  -0.1132 11.5933 20.8082
v  0.0007 11.5921 20.7968
v  0.1147 11.5932 20.8082
v  0.2208 11.5965 20.8409
v  0.3171 11.6018 20.8927
v  0.4011 11.6087 20.9613
v  0.4705 11.6172 21.0445
v  0.5232 11.6269 21.1401
v  0.5567 11.6377 21.2459
v  0.0007 11.6101 21.3541
v  1.2675 11.8075 21.3576
v  1.2428 11.8346 21.6115
v  1.1698 11.8599 21.8485
v  1.0535 11.8827 22.0633
v  0.8989 11.9026 22.2508
v  0.7111 11.9192 22.4057
v  0.4954 11.9318 22.5226
v  0.2569 11.9397 22.5966
v  0.0007 11.9425 22.6224
v  -0.2554 11.9398 22.5965
v  -0.4939 11.9320 22.5225
v  -0.7096 11.9195 22.4055
v  -0.8973 11.9031 22.2506
v  -1.0518 11.8832 22.0632
v  -1.1681 11.8605 21.8483
v  -1.2411 11.8353 21.6114
v  -1.2658 11.8082 21.3575
v  -1.2389 11.7812 21.1040
v  -1.1641 11.7561 20.8683
v  -1.0467 11.7332 20.6553
v  -0.8918 11.7134 20.4699
v  -0.7044 11.6971 20.3171
v  -0.4899 11.6849 20.2019
v  -0.2532 11.6771 20.1291
v  0.0007 11.6742 20.1036
v  0.2547 11.6769 20.1290
v  0.4914 11.6846 20.2018
v  0.7060 11.6968 20.3170
v  0.8934 11.7129 20.4698
v  1.0484 11.7327 20.6552
v  1.1658 11.7555 20.8683
v  1.2406 11.7806 21.1040
v  0.9213 11.7134 21.3580
v  0.9037 11.7327 21.5427
v  0.8510 11.7507 21.7152
v  0.7667 11.7670 21.8717
v  0.6544 11.7813 22.0083
v  0.5179 11.7931 22.1213
v  0.3609 11.8021 22.2066
v  0.1873 11.8078 22.2606
v  0.0007 11.8097 22.2795
v  -0.1858 11.8079 22.2606
v  -0.3594 11.8023 22.2066
v  -0.5164 11.7934 22.1212
v  -0.6529 11.7816 22.0082
v  -0.7651 11.7674 21.8716
v  -0.8494 11.7511 21.7151
v  -0.9021 11.7331 21.5426
v  -0.9197 11.7138 21.3580
v  -0.8997 11.6946 21.1738
v  -0.8450 11.6767 21.0027
v  -0.7595 11.6605 20.8482
v  -0.6468 11.6464 20.7138
v  -0.5107 11.6348 20.6032
v  -0.3550 11.6261 20.5198
v  -0.1834 11.6205 20.4671
v  0.0007 11.6185 20.4487
v  0.1849 11.6204 20.4671
v  0.3565 11.6259 20.5197
v  0.5122 11.6345 20.6031
v  0.6483 11.6461 20.7138
v  0.7610 11.6601 20.8482
v  0.8466 11.6763 21.0027
v  0.9013 11.6941 21.1738
v  0.0007 11.7289 21.3374
v  1.3742 11.9724 21.3046
v  1.3521 11.9971 21.5811
v  1.2742 12.0263 21.8390
v  1.1493 12.0500 22.0741
v  0.9819 12.0706 22.2797
v  0.7783 12.0882 22.4509
v  0.5430 12.1017 22.5809
v  0.2817 12.1101 22.6631
v  0.0007 12.1129 22.6912
v  -0.2804 12.1105 22.6635
v  -0.5419 12.1025 22.5816
v  -0.7775 12.0892 22.4519
v  -0.9816 12.0718 22.2807
v  -1.1494 12.0515 22.0749
v  -1.2753 12.0259 21.8401
v  -1.3535 11.9966 21.5816
v  -1.3748 11.9740 21.3043
v  -1.3433 11.9466 21.0297
v  -1.2597 11.9208 20.7754
v  -1.1302 11.8973 20.5467
v  -0.9611 11.8769 20.3485
v  -0.7585 11.8604 20.1850
v  -0.5271 11.8481 20.0619
v  -0.2742 11.8163 19.9778
v  0.0007 11.8136 19.9515
v  0.2754 11.8186 19.9789
v  0.5283 11.8476 20.0626
v  0.7594 11.8597 20.1859
v  0.9616 11.8759 20.3496
v  1.1304 11.8961 20.5477
v  1.2595 11.9194 20.7763
v  1.3428 11.9450 21.0303
v  -0.3347 11.8879 19.7672
v  -0.3316 11.8895 19.7739
v  -0.3341 11.8804 19.7679
v  0.0019 11.8882 19.7312
v  0.0018 11.8807 19.7320
v  0.0019 11.8890 19.7387
v  0.3262 11.8921 19.7641
v  0.3264 11.8847 19.7650
v  0.3239 11.8928 19.7713
v  -0.6271 11.9016 19.8577
v  -0.6230 11.9023 19.8640
v  -0.6276 11.8941 19.8587
v  0.6282 11.9014 19.8573
v  0.6288 11.8939 19.8583
v  0.6237 11.9022 19.8633
v  0.9040 11.9153 20.0035
v  0.9046 11.9079 20.0048
v  0.8989 11.9164 20.0090
v  -0.9018 11.9154 20.0048
v  -0.8961 11.9165 20.0096
v  -0.9025 11.9079 20.0061
v  1.1463 11.9374 20.2005
v  1.1469 11.9300 20.2019
v  1.1394 11.9382 20.2039
v  -1.1425 11.9367 20.2002
v  -1.1356 11.9377 20.2036
v  -1.1432 11.9293 20.2017
v  1.3439 11.9650 20.4366
v  1.3445 11.9576 20.4383
v  1.3369 11.9654 20.4394
v  1.4938 11.9931 20.7077
v  1.4943 11.9858 20.7098
v  1.4856 11.9934 20.7068
v  1.5912 12.0274 21.0122
v  1.5914 12.0201 21.0142
v  1.5834 12.0273 21.0097
v  1.6265 12.0640 21.3364
v  1.6265 12.0566 21.3386
v  1.6193 12.0636 21.3330
v  1.5955 12.0993 21.6587
v  1.5952 12.0920 21.6611
v  1.5891 12.0987 21.6539
v  1.5021 12.1328 21.9651
v  1.5016 12.1255 21.9672
v  1.4967 12.1322 21.9593
v  1.3588 12.1623 22.2344
v  1.3577 12.1550 22.2368
v  1.3542 12.1616 22.2281
v  1.1545 12.1923 22.4855
v  1.1539 12.1848 22.4868
v  1.1517 12.1909 22.4781
v  0.9155 12.2107 22.6819
v  0.9148 12.2032 22.6832
v  0.9128 12.2100 22.6748
v  0.6357 12.2298 22.8334
v  0.6352 12.2224 22.8344
v  0.6340 12.2286 22.8261
v  0.3294 12.2401 22.9280
v  0.3292 12.2326 22.9289
v  0.3284 12.2388 22.9207
v  0.0007 12.2436 22.9610
v  0.0007 12.2361 22.9619
v  0.0009 12.2424 22.9535
v  -0.3280 12.2401 22.9280
v  -0.3277 12.2326 22.9288
v  -0.3260 12.2389 22.9208
v  -0.6342 12.2298 22.8334
v  -0.6338 12.2224 22.8343
v  -0.6312 12.2287 22.8266
v  -0.9114 12.2137 22.6837
v  -0.9108 12.2062 22.6848
v  -0.9064 12.2126 22.6782
v  -1.1503 12.1875 22.4857
v  -1.1499 12.1801 22.4870
v  -1.1445 12.1874 22.4810
v  -1.3470 12.1608 22.2470
v  -1.3466 12.1534 22.2484
v  -1.3407 12.1610 22.2427
v  -1.3429 11.9660 20.4423
v  -1.3353 11.9662 20.4440
v  -1.3434 11.9586 20.4436
v  -1.4969 12.1307 21.9697
v  -1.4966 12.1233 21.9714
v  -1.4920 12.1304 21.9631
v  -1.5913 12.0992 21.6629
v  -1.5910 12.0918 21.6649
v  -1.5850 12.0987 21.6578
v  -1.6229 12.0633 21.3380
v  -1.6229 12.0560 21.3401
v  -1.6156 12.0632 21.3359
v  -1.5874 12.0286 21.0136
v  -1.5877 12.0213 21.0156
v  -1.5797 12.0285 21.0122
v  -1.4934 11.9939 20.7156
v  -1.4937 11.9865 20.7172
v  -1.4858 11.9944 20.7165
v  -0.3200 11.8954 19.7988
v  -0.3183 11.8924 19.8055
v  -0.3231 11.8938 19.7921
v  0.0019 11.8919 19.7656
v  0.0019 11.8911 19.7581
v  0.0018 11.8890 19.7725
v  0.3157 11.8952 19.7974
v  0.3179 11.8945 19.7902
v  0.3141 11.8923 19.8042
v  -0.6082 11.9050 19.8874
v  -0.6052 11.9029 19.8939
v  -0.6123 11.9043 19.8810
v  0.6078 11.9050 19.8846
v  0.6124 11.9042 19.8785
v  0.6049 11.9028 19.8912
v  0.8803 11.9206 20.0293
v  0.8853 11.9195 20.0238
v  0.8759 11.9184 20.0350
v  -0.8748 11.9206 20.0276
v  -0.8705 11.9184 20.0334
v  -0.8806 11.9195 20.0227
v  1.1136 11.9412 20.2163
v  1.1205 11.9404 20.2130
v  1.1082 11.9389 20.2210
v  -1.1101 11.9413 20.2161
v  -1.1047 11.9390 20.2209
v  -1.1170 11.9403 20.2127
v  1.3118 11.9669 20.4497
v  1.3188 11.9664 20.4468
v  1.3055 11.9644 20.4531
v  1.4553 11.9947 20.7036
v  1.4635 11.9943 20.7045
v  1.4487 11.9921 20.7061
v  1.5538 12.0272 21.0003
v  1.5617 12.0272 21.0028
v  1.5468 12.0244 21.0013
v  1.5919 12.0621 21.3199
v  1.5992 12.0625 21.3234
v  1.5850 12.0592 21.3194
v  1.5655 12.0968 21.6363
v  1.5720 12.0973 21.6411
v  1.5589 12.0937 21.6345
v  1.4772 12.1299 21.9383
v  1.4826 12.1305 21.9442
v  1.4711 12.1268 21.9353
v  1.3383 12.1592 22.2062
v  1.3429 12.1599 22.2125
v  1.3328 12.1560 22.2023
v  1.1408 12.1855 22.4488
v  1.1436 12.1868 22.4562
v  1.1362 12.1821 22.4439
v  0.9029 12.2075 22.6489
v  0.9056 12.2082 22.6559
v  0.8994 12.2041 22.6432
v  0.6280 12.2238 22.7991
v  0.6296 12.2251 22.8063
v  0.6255 12.2203 22.7928
v  0.3249 12.2346 22.8945
v  0.3259 12.2358 22.9018
v  0.3237 12.2310 22.8879
v  0.0015 12.2383 22.9279
v  0.0014 12.2395 22.9354
v  0.0015 12.2347 22.9212
v  -0.3193 12.2347 22.8958
v  -0.3212 12.2359 22.9030
v  -0.3182 12.2312 22.8892
v  -0.6200 12.2244 22.8016
v  -0.6231 12.2256 22.8084
v  -0.6178 12.2209 22.7953
v  -0.8875 12.2086 22.6571
v  -0.8925 12.2097 22.6627
v  -0.8843 12.2052 22.6512
v  -1.1227 12.1871 22.4635
v  -1.1285 12.1871 22.4682
v  -1.1185 12.1837 22.4581
v  -1.3191 12.1616 22.2278
v  -1.3254 12.1614 22.2321
v  -1.3141 12.1583 22.2232
v  -1.3083 11.9669 20.4501
v  -1.3021 11.9644 20.4535
v  -1.3159 11.9667 20.4484
v  -1.4724 12.1293 21.9368
v  -1.4773 12.1295 21.9434
v  -1.4663 12.1260 21.9338
v  -1.5608 12.0968 21.6382
v  -1.5671 12.0973 21.6433
v  -1.5542 12.0936 21.6364
v  -1.5879 12.0628 21.3278
v  -1.5952 12.0629 21.3300
v  -1.5810 12.0599 21.3271
v  -1.5521 12.0279 21.0071
v  -1.5598 12.0281 21.0086
v  -1.5451 12.0252 21.0079
v  -1.4575 11.9962 20.7196
v  -1.4651 11.9957 20.7188
v  -1.4507 11.9936 20.7216
v  -0.3275 11.8017 19.7751
v  -0.3281 11.8091 19.7744
v  0.0007 11.7976 19.7412
v  0.0008 11.8051 19.7403
v  0.3291 11.8014 19.7747
v  0.3288 11.8089 19.7738
v  -0.6332 11.8121 19.8701
v  -0.6327 11.8196 19.8691
v  0.6350 11.8118 19.8693
v  0.6344 11.8192 19.8683
v  0.9120 11.8279 20.0188
v  0.9113 11.8353 20.0175
v  -0.9098 11.8285 20.0198
v  -0.9091 11.8359 20.0185
v  1.1533 11.8494 20.2168
v  1.1527 11.8568 20.2154
v  -1.1507 11.8500 20.2179
v  -1.1500 11.8574 20.2164
v  1.3514 11.8759 20.4574
v  1.3508 11.8832 20.4557
v  1.5004 11.9062 20.7330
v  1.4999 11.9135 20.7309
v  1.5943 11.9394 21.0369
v  1.5941 11.9468 21.0348
v  1.6267 11.9749 21.3625
v  1.6267 11.9822 21.3604
v  1.5919 12.0107 21.6877
v  1.5922 12.0180 21.6853
v  1.4961 12.0437 21.9902
v  1.4966 12.0511 21.9881
v  1.3457 12.0736 22.2638
v  1.3468 12.0809 22.2614
v  1.1472 12.0995 22.5022
v  1.1478 12.1069 22.5009
v  0.9064 12.1210 22.6980
v  0.9071 12.1285 22.6967
v  0.6307 12.1373 22.8455
v  0.6311 12.1448 22.8445
v  0.3267 12.1476 22.9388
v  0.3269 12.1550 22.9379
v  0.0007 12.1510 22.9718
v  0.0007 12.1585 22.9710
v  -0.3252 12.1476 22.9383
v  -0.3254 12.1551 22.9375
v  -0.6288 12.1375 22.8446
v  -0.6293 12.1449 22.8437
v  -0.9042 12.1213 22.6969
v  -0.9048 12.1287 22.6958
v  -1.1446 12.0998 22.5011
v  -1.1451 12.1072 22.4998
v  -1.3427 12.0740 22.2627
v  -1.3431 12.0814 22.2614
v  -1.3484 11.8766 20.4584
v  -1.3480 11.8840 20.4571
v  -1.4927 12.0443 21.9893
v  -1.4930 12.0516 21.9876
v  -1.5882 12.0113 21.6871
v  -1.5885 12.0186 21.6851
v  -1.6230 11.9756 21.3625
v  -1.6230 11.9829 21.3604
v  -1.5907 11.9402 21.0372
v  -1.5904 11.9475 21.0353
v  -1.4970 11.9069 20.7338
v  -1.4967 11.9143 20.7322
v  0.0007 11.7534 19.7808
v  0.0007 11.7516 19.7882
v  -0.3197 11.7570 19.8132
v  -0.3182 11.7552 19.8204
v  0.3212 11.7569 19.8131
v  0.3197 11.7551 19.8203
v  -0.6182 11.7672 19.9056
v  -0.6153 11.7653 19.9123
v  0.6197 11.7669 19.9054
v  0.6168 11.7650 19.9121
v  0.8900 11.7827 20.0514
v  0.8858 11.7807 20.0574
v  -0.8883 11.7831 20.0517
v  -0.8841 11.7811 20.0577
v  1.1254 11.8036 20.2448
v  1.1201 11.8016 20.2499
v  -1.1236 11.8042 20.2451
v  -1.1184 11.8021 20.2501
v  1.3194 11.8293 20.4791
v  1.3133 11.8271 20.4831
v  1.4657 11.8586 20.7478
v  1.4590 11.8563 20.7505
v  1.5580 11.8910 21.0445
v  1.5510 11.8886 21.0459
v  1.5900 11.9257 21.3628
v  1.5829 11.9231 21.3627
v  1.5571 11.9605 21.6808
v  1.5503 11.9578 21.6793
v  1.4641 11.9929 21.9770
v  1.4577 11.9900 21.9742
v  1.3173 12.0221 22.2451
v  1.3116 12.0191 22.2411
v  1.1232 12.0476 22.4786
v  1.1183 12.0444 22.4737
v  0.8879 12.0687 22.6711
v  0.8841 12.0655 22.6654
v  0.6182 12.0847 22.8164
v  0.6155 12.0815 22.8101
v  0.3203 12.0949 22.9082
v  0.3190 12.0915 22.9015
v  0.0007 12.0984 22.9402
v  0.0007 12.0950 22.9335
v  -0.3188 12.0950 22.9080
v  -0.3175 12.0917 22.9014
v  -0.6166 12.0850 22.8161
v  -0.6140 12.0817 22.8098
v  -0.8863 12.0691 22.6707
v  -0.8825 12.0659 22.6650
v  -1.1214 12.0480 22.4782
v  -1.1166 12.0449 22.4733
v  -1.3155 12.0226 22.2447
v  -1.3097 12.0196 22.2408
v  -1.3175 11.8298 20.4793
v  -1.3114 11.8277 20.4833
v  -1.4622 11.9935 21.9768
v  -1.4557 11.9906 21.9740
v  -1.5551 11.9612 21.6806
v  -1.5483 11.9584 21.6791
v  -1.5879 11.9264 21.3627
v  -1.5808 11.9238 21.3626
v  -1.5559 11.8917 21.0446
v  -1.5489 11.8893 21.0459
v  -1.4637 11.8593 20.7480
v  -1.4570 11.8570 20.7507
v  -0.6280 11.7858 19.8840
v  -0.9024 11.8020 20.0325
v  -1.1412 11.8234 20.2290
v  -1.3375 11.8496 20.4671
v  -1.4852 11.8796 20.7401
v  -0.3242 11.7754 19.7897
v  0.0007 11.7716 19.7565
v  0.3263 11.7753 19.7895
v  0.6298 11.7855 19.8834
v  0.9043 11.8015 20.0318
v  1.1434 11.8228 20.2282
v  1.3401 11.8489 20.4667
v  1.4882 11.8789 20.7400
v  1.5813 11.9118 21.0412
v  1.6134 11.9470 21.3642
v  1.5792 11.9825 21.6870
v  1.4843 12.0152 21.9870
v  1.3349 12.0449 22.2589
v  1.1382 12.0704 22.4949
v  0.8993 12.0919 22.6896
v  0.6260 12.1080 22.8361
v  0.3243 12.1182 22.9288
v  0.0007 12.1217 22.9615
v  -0.3228 12.1184 22.9285
v  -0.6243 12.1083 22.8355
v  -0.8975 12.0922 22.6886
v  -1.1361 12.0709 22.4940
v  -1.3329 12.0452 22.2574
v  -1.4816 12.0157 21.9862
v  -1.5763 11.9831 21.6864
v  -1.6104 11.9477 21.3641
v  -1.5784 11.9126 21.0414
v  0.0007 11.7591 20.3320
v  0.0007 11.7601 20.3245
v  0.0007 11.7588 20.3395
v  -0.1964 11.7612 20.3503
v  -0.1949 11.7610 20.3577
v  -0.1979 11.7623 20.3430
v  0.1977 11.7610 20.3509
v  0.1992 11.7621 20.3436
v  0.1962 11.7608 20.3583
v  -0.3802 11.7667 20.4061
v  -0.3774 11.7664 20.4131
v  -0.3831 11.7683 20.3993
v  0.3812 11.7663 20.4072
v  0.3841 11.7679 20.4004
v  0.3783 11.7660 20.4142
v  0.5475 11.7745 20.4968
v  0.5516 11.7762 20.4907
v  0.5433 11.7741 20.5031
v  -0.5469 11.7751 20.4953
v  -0.5428 11.7748 20.5016
v  -0.5511 11.7768 20.4892
v  0.6927 11.7855 20.6154
v  0.6979 11.7872 20.6102
v  0.6875 11.7850 20.6209
v  -0.6927 11.7863 20.6138
v  -0.6875 11.7859 20.6192
v  -0.6980 11.7881 20.6086
v  0.8142 11.7992 20.7583
v  0.8203 11.8011 20.7542
v  0.8081 11.7987 20.7626
v  0.9072 11.8151 20.9229
v  0.9140 11.8171 20.9201
v  0.9003 11.8145 20.9260
v  0.9668 11.8325 21.1060
v  0.9740 11.8346 21.1045
v  0.9595 11.8317 21.1077
v  0.9888 11.8512 21.3036
v  0.9960 11.8534 21.3036
v  0.9813 11.8502 21.3038
v  0.9721 11.8705 21.5021
v  0.9791 11.8728 21.5036
v  0.9648 11.8694 21.5009
v  0.9201 11.8921 21.6913
v  0.9267 11.8946 21.6940
v  0.9131 11.8909 21.6886
v  0.8266 11.9044 21.8571
v  0.8325 11.9070 21.8611
v  0.8203 11.9030 21.8532
v  0.7059 11.9183 22.0048
v  0.7109 11.9211 22.0098
v  0.7006 11.9169 21.9997
v  0.5598 11.9304 22.1282
v  0.5637 11.9333 22.1340
v  0.5555 11.9289 22.1222
v  0.3908 11.9397 22.2221
v  0.3936 11.9427 22.2286
v  0.3878 11.9381 22.2154
v  0.2029 11.9456 22.2814
v  0.2043 11.9485 22.2882
v  0.2014 11.9439 22.2742
v  0.0007 11.9473 22.3014
v  0.0007 11.9502 22.3083
v  0.0007 11.9456 22.2940
v  -0.2016 11.9459 22.2820
v  -0.2030 11.9489 22.2889
v  -0.2001 11.9443 22.2748
v  -0.3899 11.9404 22.2232
v  -0.3926 11.9433 22.2297
v  -0.3869 11.9388 22.2165
v  -0.5594 11.9314 22.1296
v  -0.5633 11.9342 22.1354
v  -0.5551 11.9298 22.1236
v  -0.7061 11.9195 22.0062
v  -0.7111 11.9222 22.0112
v  -0.7007 11.9180 22.0011
v  -0.8274 11.9057 21.8584
v  -0.8333 11.9083 21.8624
v  -0.8211 11.9043 21.8545
v  -0.8148 11.8002 20.7567
v  -0.8086 11.7997 20.7611
v  -0.8209 11.8021 20.7526
v  -0.9217 11.8934 21.6925
v  -0.9284 11.8959 21.6952
v  -0.9147 11.8921 21.6898
v  -0.9737 11.8719 21.5025
v  -0.9808 11.8742 21.5039
v  -0.9664 11.8708 21.5012
v  -0.9904 11.8525 21.3033
v  -0.9977 11.8548 21.3033
v  -0.9829 11.8515 21.3036
v  -0.9683 11.8338 21.1051
v  -0.9755 11.8360 21.1037
v  -0.9610 11.8330 21.1069
v  -0.9083 11.8163 20.9216
v  -0.9151 11.8183 20.9188
v  -0.9015 11.8156 20.9247
v  -0.9512 12.3176 21.7976
v  -0.9315 12.2986 21.7997
v  -0.9512 12.3007 21.8192
v  -0.9512 12.2946 21.5872
v  -0.9315 12.2755 21.5893
v  -0.9369 12.3116 21.7983
v  -0.9370 12.2886 21.5879
v  -0.9322 12.3039 21.7991
v  -0.9325 12.2813 21.5886
v  -0.9452 12.3167 21.7976
v  -0.9443 12.2934 21.5873
v  -0.9512 12.3146 21.8104
v  -0.9350 12.2998 21.8108
v  -0.9366 12.3054 21.8103
v  -0.9394 12.3103 21.8096
v  -0.9459 12.3140 21.8099
v  -0.9511 12.3172 21.8044
v  -0.9330 12.3045 21.8043
v  -0.9375 12.3116 21.8038
v  -0.9452 12.3163 21.8036
v  -0.9322 12.2991 21.8049
v  -0.9408 12.3006 21.8163
v  -0.9512 12.3094 21.8158
v  -0.9440 12.3066 21.8155
v  -0.9511 12.2734 21.5697
v  -0.9511 12.2886 21.5750
v  -0.9351 12.2733 21.5773
v  -0.9400 12.2835 21.5755
v  -0.9366 12.2782 21.5765
v  -0.9453 12.2871 21.5750
v  -0.9328 12.2748 21.5832
v  -0.9374 12.2868 21.5816
v  -0.9334 12.2805 21.5827
v  -0.9441 12.2913 21.5809
v  -0.9513 12.2930 21.5808
v  -0.9510 12.2825 21.5709
v  -0.9410 12.2730 21.5726
v  -0.9446 12.2792 21.5716
v  -1.1560 12.3146 21.8104
v  -1.1560 12.2930 21.5808
v  -0.9228 11.9709 21.8443
v  -0.9222 11.9234 21.6185
v  -0.9288 11.9844 21.8563
v  -0.9249 11.9761 21.8504
v  -0.9364 11.9948 21.8597
v  -0.9423 11.9357 21.5978
v  -0.9278 11.9231 21.6043
v  -0.9234 11.9215 21.6129
v  -0.9344 11.9283 21.5992
v  -0.9433 12.0028 21.8598
v  -0.8769 11.9164 21.8576
v  -0.9019 11.9361 21.9131
v  -0.8840 11.9256 21.8890
v  -0.9320 11.9490 21.9305
v  -0.9576 11.9554 21.9329
v  -0.8763 11.8683 21.6284
v  -0.9566 11.8742 21.5478
v  -0.8988 11.8640 21.5727
v  -0.8814 11.8643 21.5977
v  -0.9290 11.8689 21.5521
v  -1.3128 12.3176 21.7976
v  -1.3325 12.2986 21.7997
v  -1.3128 12.3007 21.8192
v  -1.3128 12.2946 21.5872
v  -1.3325 12.2755 21.5893
v  -1.3270 12.3116 21.7983
v  -1.3269 12.2886 21.5879
v  -1.3317 12.3039 21.7991
v  -1.3314 12.2813 21.5886
v  -1.3187 12.3167 21.7976
v  -1.3197 12.2934 21.5873
v  -1.3127 12.3146 21.8104
v  -1.3290 12.2998 21.8108
v  -1.3273 12.3056 21.8103
v  -1.3246 12.3103 21.8096
v  -1.3181 12.3140 21.8099
v  -1.3129 12.3172 21.8044
v  -1.3310 12.3045 21.8043
v  -1.3265 12.3116 21.8038
v  -1.3188 12.3163 21.8036
v  -1.3318 12.2991 21.8049
v  -1.3232 12.3006 21.8163
v  -1.3128 12.3094 21.8158
v  -1.3200 12.3066 21.8155
v  -1.3128 12.2734 21.5697
v  -1.3128 12.2886 21.5750
v  -1.3288 12.2738 21.5773
v  -1.3235 12.2838 21.5755
v  -1.3265 12.2796 21.5763
v  -1.3186 12.2871 21.5750
v  -1.3313 12.2749 21.5835
v  -1.3266 12.2868 21.5816
v  -1.3305 12.2806 21.5827
v  -1.3199 12.2913 21.5809
v  -1.3127 12.2930 21.5808
v  -1.3130 12.2825 21.5709
v  -1.3230 12.2731 21.5726
v  -1.3193 12.2792 21.5716
v  -1.1560 12.3176 21.7976
v  -1.1560 12.3007 21.8192
v  -1.1560 12.2946 21.5872
v  -1.1560 12.3172 21.8044
v  -1.1560 12.3094 21.8158
v  -1.1560 12.2734 21.5697
v  -1.1560 12.2886 21.5750
v  -1.1560 12.2825 21.5709
v  -1.3369 12.1322 21.8223
v  -1.3375 12.0859 21.6050
v  -1.3324 12.1331 21.8351
v  -1.3362 12.1341 21.8279
v  -1.3241 12.1243 21.8418
v  -1.3187 12.0500 21.5883
v  -1.3341 12.0757 21.5941
v  -1.3370 12.0826 21.5997
v  -1.3287 12.0652 21.5899
v  -1.3177 12.1164 21.8443
v  -1.1577 11.9965 21.5926
v  -1.4171 12.0802 21.8353
v  -1.3962 12.0855 21.8878
v  -1.4140 12.0845 21.8598
v  -1.3643 12.0791 21.9120
v  -1.3377 12.0707 21.9172
v  -1.4177 12.0332 21.6147
v  -1.3387 11.9903 21.5382
v  -1.3921 12.0127 21.5570
v  -1.4101 12.0249 21.5814
v  -1.3612 11.9991 21.5406
v  -1.1730 11.9400 21.5407
v  -1.1305 12.0540 21.8519
v  -1.1442 12.0069 21.9260
v  -0.9038 11.9436 21.8504
v  -0.9176 11.9591 21.8805
v  -0.9079 11.9503 21.8670
v  -0.9345 11.9702 21.8897
v  -0.9490 11.9774 21.8907
v  -0.9032 11.8958 21.6230
v  -0.9480 11.9042 21.5777
v  -0.9157 11.8932 21.5917
v  -0.9060 11.8928 21.6070
v  -0.9321 11.8980 21.5802
v  -1.3701 12.1060 21.8283
v  -1.3588 12.1083 21.8576
v  -1.3684 12.1088 21.8417
v  -1.3407 12.1000 21.8716
v  -1.3261 12.0918 21.8752
v  -1.3707 12.0594 21.6094
v  -1.3271 12.0194 21.5681
v  -1.3582 12.0438 21.5793
v  -1.3673 12.0535 21.5926
v  -1.3423 12.0315 21.5701
v  -1.1640 11.9674 21.5717
v  -1.1355 12.0287 21.8832
v  0.1781 12.1742 20.0467
v  0.1978 12.1552 20.0488
v  0.1781 12.1573 20.0683
v  0.1781 12.1617 19.9308
v  0.1978 12.1426 19.9328
v  0.1923 12.1681 20.0474
v  0.1922 12.1557 19.9314
v  0.1970 12.1605 20.0482
v  0.1967 12.1484 19.9322
v  0.1840 12.1733 20.0467
v  0.1850 12.1604 19.9308
v  0.1780 12.1711 20.0595
v  0.1943 12.1564 20.0599
v  0.1925 12.1623 20.0594
v  0.1899 12.1669 20.0587
v  0.1834 12.1706 20.0590
v  0.1782 12.1737 20.0535
v  0.1963 12.1610 20.0534
v  0.1918 12.1681 20.0529
v  0.1841 12.1728 20.0527
v  0.1971 12.1557 20.0540
v  0.1885 12.1572 20.0654
v  0.1781 12.1660 20.0649
v  0.1853 12.1632 20.0646
v  0.1781 12.1405 19.9133
v  0.1781 12.1557 19.9186
v  0.1941 12.1411 19.9209
v  0.1893 12.1505 19.9191
v  0.1922 12.1460 19.9200
v  0.1839 12.1542 19.9186
v  0.1965 12.1420 19.9268
v  0.1919 12.1538 19.9252
v  0.1958 12.1476 19.9263
v  0.1852 12.1584 19.9245
v  0.1780 12.1601 19.9244
v  0.1783 12.1496 19.9145
v  0.1883 12.1410 19.9161
v  0.1846 12.1463 19.9152
v  0.2052 11.8723 20.0883
v  0.2040 11.9069 19.9524
v  0.2002 11.8542 20.1042
v  0.2041 11.8639 20.0956
v  0.1938 11.8477 20.1091
v  0.1836 11.9309 19.9307
v  0.1992 11.9222 19.9391
v  0.2031 11.9129 19.9474
v  0.1921 11.9295 19.9327
v  0.1864 11.8448 20.1108
v  0.2682 11.8178 20.0738
v  0.2424 11.8018 20.1356
v  0.2638 11.8111 20.1031
v  0.2150 11.7974 20.1534
v  0.1892 11.7950 20.1575
v  0.2670 11.8515 19.9371
v  0.1864 11.8693 19.8555
v  0.2462 11.8648 19.8829
v  0.2633 11.8584 19.9101
v  0.2176 11.8697 19.8613
v  0.2257 11.8316 20.0777
v  0.2164 11.8135 20.1190
v  0.2267 11.8189 20.1039
v  0.2062 11.8110 20.1259
v  0.1877 11.8113 20.1285
v  0.2194 11.8697 19.9422
v  0.1859 11.8836 19.9124
v  0.2081 11.8784 19.9199
v  0.2168 11.8745 19.9333
v  0.1972 11.8807 19.9141
v  -0.1745 12.1742 20.0467
v  -0.1942 12.1552 20.0488
v  -0.1745 12.1573 20.0683
v  -0.1745 12.1617 19.9308
v  -0.1942 12.1426 19.9328
v  -0.1888 12.1681 20.0474
v  -0.1887 12.1557 19.9314
v  -0.1935 12.1605 20.0482
v  -0.1932 12.1484 19.9322
v  -0.1805 12.1733 20.0467
v  -0.1814 12.1604 19.9308
v  -0.1745 12.1711 20.0595
v  -0.1907 12.1564 20.0599
v  -0.1889 12.1624 20.0594
v  -0.1863 12.1669 20.0587
v  -0.1798 12.1706 20.0590
v  -0.1746 12.1737 20.0535
v  -0.1927 12.1610 20.0534
v  -0.1882 12.1681 20.0529
v  -0.1805 12.1728 20.0527
v  -0.1935 12.1557 20.0540
v  -0.1849 12.1572 20.0654
v  -0.1745 12.1660 20.0649
v  -0.1817 12.1632 20.0646
v  -0.1746 12.1405 19.9133
v  -0.1746 12.1557 19.9186
v  -0.1906 12.1407 19.9209
v  -0.1857 12.1505 19.9191
v  -0.1890 12.1455 19.9200
v  -0.1804 12.1542 19.9186
v  -0.1930 12.1419 19.9269
v  -0.1883 12.1538 19.9252
v  -0.1923 12.1476 19.9263
v  -0.1816 12.1584 19.9245
v  -0.1744 12.1601 19.9244
v  -0.1747 12.1496 19.9145
v  -0.1847 12.1410 19.9161
v  -0.1811 12.1463 19.9152
v  0.0018 12.1711 20.0595
v  0.0018 12.1601 19.9244
v  -0.2017 11.8723 20.0883
v  -0.2004 11.9069 19.9524
v  -0.1966 11.8542 20.1042
v  -0.2005 11.8639 20.0956
v  -0.1903 11.8477 20.1091
v  -0.1800 11.9309 19.9307
v  -0.1956 11.9222 19.9391
v  -0.1996 11.9129 19.9474
v  -0.1886 11.9295 19.9327
v  -0.1828 11.8448 20.1108
v  -0.2647 11.8178 20.0738
v  -0.2388 11.8018 20.1356
v  -0.2602 11.8111 20.1031
v  -0.2114 11.7974 20.1534
v  -0.1856 11.7950 20.1575
v  -0.2634 11.8515 19.9371
v  -0.1828 11.8693 19.8555
v  -0.2426 11.8648 19.8829
v  -0.2597 11.8584 19.9101
v  -0.2141 11.8697 19.8613
v  0.0018 12.1742 20.0467
v  0.0018 12.1573 20.0683
v  0.0018 12.1617 19.9308
v  0.0018 12.1737 20.0535
v  0.0018 12.1660 20.0649
v  0.0018 12.1405 19.9133
v  0.0018 12.1557 19.9186
v  0.0018 12.1496 19.9145
v  0.0018 11.9267 19.9308
v  0.0018 11.8653 19.8562
v  0.0018 11.8402 20.1115
v  0.0018 11.7909 20.1559
v  -0.2221 11.8316 20.0777
v  -0.2129 11.8135 20.1190
v  -0.2232 11.8189 20.1039
v  -0.2026 11.8110 20.1259
v  -0.1842 11.8113 20.1285
v  -0.2158 11.8697 19.9422
v  -0.1824 11.8836 19.9124
v  -0.2046 11.8784 19.9199
v  -0.2132 11.8745 19.9333
v  -0.1936 11.8807 19.9141
v  0.0018 11.8886 19.9058
v  0.0018 11.8067 20.1275
v  0.9549 12.3176 21.7976
v  0.9352 12.2986 21.7997
v  0.9549 12.3007 21.8192
v  0.9550 12.2946 21.5872
v  0.9352 12.2755 21.5893
v  0.9407 12.3116 21.7983
v  0.9408 12.2886 21.5879
v  0.9360 12.3039 21.7991
v  0.9363 12.2813 21.5886
v  0.9490 12.3167 21.7976
v  0.9480 12.2934 21.5873
v  0.9550 12.3146 21.8104
v  0.9387 12.2998 21.8108
v  0.9405 12.3058 21.8103
v  0.9431 12.3103 21.8096
v  0.9496 12.3140 21.8099
v  0.9548 12.3172 21.8044
v  0.9367 12.3045 21.8043
v  0.9412 12.3116 21.8038
v  0.9489 12.3163 21.8036
v  0.9360 12.2991 21.8049
v  0.9445 12.3006 21.8163
v  0.9549 12.3094 21.8158
v  0.9477 12.3066 21.8155
v  0.9549 12.2734 21.5697
v  0.9549 12.2886 21.5750
v  0.9389 12.2736 21.5773
v  0.9437 12.2835 21.5755
v  0.9409 12.2790 21.5764
v  0.9491 12.2871 21.5750
v  0.9363 12.2749 21.5837
v  0.9411 12.2868 21.5816
v  0.9372 12.2805 21.5827
v  0.9478 12.2913 21.5809
v  0.9550 12.2930 21.5808
v  0.9548 12.2825 21.5709
v  0.9447 12.2740 21.5725
v  0.9484 12.2792 21.5716
v  1.1598 12.3146 21.8104
v  1.1597 12.2930 21.5808
v  0.9266 11.9709 21.8443
v  0.9260 11.9234 21.6185
v  0.9325 11.9844 21.8563
v  0.9286 11.9761 21.8504
v  0.9401 11.9948 21.8597
v  0.9460 11.9357 21.5978
v  0.9316 11.9231 21.6043
v  0.9272 11.9215 21.6129
v  0.9382 11.9283 21.5992
v  0.9470 12.0028 21.8598
v  0.8807 11.9164 21.8576
v  0.9057 11.9361 21.9131
v  0.8877 11.9256 21.8890
v  0.9357 11.9490 21.9305
v  0.9614 11.9554 21.9329
v  0.8801 11.8683 21.6284
v  0.9603 11.8742 21.5478
v  0.9025 11.8640 21.5727
v  0.8852 11.8643 21.5977
v  0.9328 11.8689 21.5521
v  1.3166 12.3176 21.7976
v  1.3362 12.2986 21.7997
v  1.3166 12.3007 21.8192
v  1.3165 12.2946 21.5872
v  1.3362 12.2755 21.5893
v  1.3308 12.3116 21.7983
v  1.3307 12.2886 21.5879
v  1.3355 12.3039 21.7991
v  1.3352 12.2813 21.5886
v  1.3225 12.3167 21.7976
v  1.3234 12.2934 21.5873
v  1.3165 12.3146 21.8104
v  1.3327 12.2998 21.8108
v  1.3311 12.3054 21.8103
v  1.3283 12.3103 21.8096
v  1.3218 12.3140 21.8099
v  1.3166 12.3172 21.8044
v  1.3347 12.3045 21.8043
v  1.3303 12.3116 21.8038
v  1.3226 12.3163 21.8036
v  1.3355 12.2991 21.8049
v  1.3270 12.3006 21.8163
v  1.3165 12.3094 21.8158
v  1.3237 12.3066 21.8155
v  1.3166 12.2734 21.5697
v  1.3166 12.2886 21.5750
v  1.3326 12.2732 21.5773
v  1.3277 12.2835 21.5755
v  1.3311 12.2782 21.5765
v  1.3224 12.2871 21.5750
v  1.3351 12.2742 21.5837
v  1.3304 12.2868 21.5816
v  1.3343 12.2805 21.5827
v  1.3237 12.2913 21.5809
v  1.3165 12.2930 21.5808
v  1.3167 12.2825 21.5709
v  1.3268 12.2721 21.5727
v  1.3231 12.2792 21.5716
v  1.1598 12.3176 21.7976
v  1.1598 12.3007 21.8192
v  1.1597 12.2946 21.5872
v  1.1598 12.3172 21.8044
v  1.1598 12.3094 21.8158
v  1.1597 12.2734 21.5697
v  1.1597 12.2886 21.5750
v  1.1597 12.2825 21.5709
v  1.3406 12.1322 21.8223
v  1.3412 12.0859 21.6050
v  1.3361 12.1331 21.8351
v  1.3399 12.1341 21.8279
v  1.3278 12.1243 21.8418
v  1.3224 12.0500 21.5883
v  1.3378 12.0757 21.5941
v  1.3408 12.0826 21.5997
v  1.3325 12.0652 21.5899
v  1.3214 12.1164 21.8443
v  1.1614 11.9965 21.5926
v  1.4208 12.0802 21.8353
v  1.4000 12.0855 21.8878
v  1.4178 12.0845 21.8598
v  1.3681 12.0791 21.9120
v  1.3414 12.0707 21.9172
v  1.4214 12.0332 21.6147
v  1.3424 11.9903 21.5382
v  1.3958 12.0127 21.5570
v  1.4138 12.0249 21.5814
v  1.3650 11.9991 21.5406
v  1.1768 11.9400 21.5407
v  1.1342 12.0540 21.8519
v  1.1479 12.0069 21.9260
v  0.9075 11.9436 21.8504
v  0.9214 11.9591 21.8805
v  0.9117 11.9503 21.8670
v  0.9382 11.9702 21.8897
v  0.9528 11.9774 21.8907
v  0.9069 11.8958 21.6230
v  0.9518 11.9042 21.5777
v  0.9195 11.8932 21.5917
v  0.9097 11.8928 21.6070
v  0.9358 11.8980 21.5802
v  1.3738 12.1060 21.8283
v  1.3626 12.1083 21.8576
v  1.3722 12.1088 21.8417
v  1.3445 12.1000 21.8716
v  1.3298 12.0918 21.8752
v  1.3744 12.0594 21.6094
v  1.3308 12.0194 21.5681
v  1.3619 12.0438 21.5793
v  1.3710 12.0535 21.5926
v  1.3460 12.0315 21.5701
v  1.1678 11.9674 21.5717
v  1.1393 12.0287 21.8832
v  -0.1061 12.3130 22.4403
v  -0.2140 12.3108 22.4238
v  -0.6223 12.2922 22.2554
v  -0.7879 12.2776 22.1210
v  -1.0249 12.3125 21.7509
v  -1.0266 12.3057 21.6887
v  -1.0116 12.3189 21.8092
v  -1.0561 12.3148 21.7715
v  -0.8442 12.2619 21.2886
v  -0.8029 12.2641 21.3090
v  -0.8167 12.2592 21.2638
v  -0.8661 12.2583 21.2554
v  -0.8016 12.2671 21.3375
v  -0.8442 12.2698 21.3606
v  -0.9533 12.3294 21.9044
v  -0.3113 12.1593 20.3513
v  -0.0894 12.1486 20.2541
v  -0.1263 12.1443 20.2144
v  -0.1982 12.1443 20.2144
v  -0.2438 12.1439 20.2108
v  -0.8692 12.2785 21.4400
v  -0.9157 12.2820 21.4724
v  -0.8995 12.2758 21.4155
v  -0.8342 12.2564 21.2379
v  -0.9357 12.2551 21.2267
v  -0.8833 12.2505 21.1845
v  -0.9720 12.2559 21.2336
v  -1.0631 12.2824 21.4756
v  -1.0053 12.2734 21.3938
v  -1.0801 12.2816 21.4686
v  -1.2320 12.2816 21.4686
v  -1.0194 12.3413 22.0139
v  -0.2826 12.1418 20.1920
v  -0.9148 12.2448 21.1326
v  -1.1545 12.3258 21.8725
v  -1.0053 12.2583 21.2554
v  -1.0342 12.2658 21.3246
v  -0.2942 12.1398 20.1735
v  -0.4938 12.1678 20.4293
v  -0.5799 12.1736 20.4821
v  -0.3024 12.1116 19.9158
v  -0.3155 12.1094 19.8959
v  -0.3573 12.1075 19.8787
v  -0.5514 12.1141 19.9386
v  -0.6917 12.1210 20.0024
v  -0.6607 12.1803 20.5433
v  -0.8019 12.1961 20.6875
v  -1.1660 12.1633 20.3887
v  -1.3287 12.1904 20.6359
v  -0.9244 12.2176 20.8842
v  -1.3888 12.2046 20.7655
v  -1.4350 12.2189 20.8963
v  -0.9363 12.2383 21.0732
v  -1.0273 12.2619 21.2886
v  -1.2409 12.2818 21.4703
v  -1.2544 12.2833 21.4837
v  -1.4938 12.2785 21.4399
v  -1.4752 12.2944 21.5851
v  -1.2485 12.3191 21.8111
v  -1.3925 12.3261 21.8744
v  -1.2257 12.3228 21.8444
v  -1.1914 12.3251 21.8660
v  -1.3283 12.3413 22.0139
v  -1.2496 12.3559 22.1468
v  -0.9199 12.3662 22.2387
v  -1.0536 12.3819 22.3842
v  -0.9432 12.3928 22.4838
v  -0.8230 12.4024 22.5715
v  -0.6268 12.3905 22.4590
v  -0.5143 12.3962 22.5151
v  -0.6968 12.4105 22.6456
v  -0.2665 12.4046 22.5908
v  -0.4326 12.4222 22.7524
v  -1.0273 12.2698 21.3606
v  -0.8661 12.2734 21.3938
v  -0.9357 12.2766 21.4224
v  -0.9720 12.2758 21.4155
v  -1.2181 12.2818 21.4720
v  -1.1031 12.2812 21.4819
v  -1.2080 12.2713 21.5039
v  -1.1041 12.2563 21.5163
v  -1.2080 12.2563 21.5163
v  -1.2080 12.2800 21.4871
v  -1.2090 12.2812 21.4819
v  -1.2490 12.2824 21.4756
v  -1.2561 12.2842 21.4925
v  -1.2561 12.2916 21.5594
v  -1.2561 12.3148 21.7715
v  -1.1178 12.3250 21.8649
v  -1.0843 12.3225 21.8423
v  -1.0625 12.3188 21.8082
v  -1.0561 12.2916 21.5594
v  -1.0561 12.2842 21.4925
v  -1.0577 12.2833 21.4837
v  -1.0712 12.2818 21.4703
v  -1.0948 12.2823 21.4720
v  -1.2080 12.2391 21.5216
v  -1.2080 12.1897 21.5331
v  -1.2080 12.2207 21.5236
v  -1.2080 12.1626 21.5555
v  -1.2080 12.1466 21.5868
v  -1.2080 12.1445 21.5965
v  -1.1369 12.1271 21.7097
v  -1.1561 12.1266 21.7133
v  -1.1752 12.1271 21.7097
v  -1.2044 12.1315 21.6809
v  -1.1193 12.1289 21.6983
v  -1.1077 12.1315 21.6809
v  -1.2080 12.1345 21.6619
v  -1.1928 12.1289 21.6983
v  -1.1041 12.1626 21.5555
v  -1.1041 12.2207 21.5236
v  -1.1041 12.2391 21.5216
v  -1.1041 12.1897 21.5331
v  -1.1041 12.1466 21.5868
v  -1.1041 12.1345 21.6619
v  -1.1041 12.1445 21.5965
v  -1.1041 12.2800 21.4871
v  -1.1041 12.2713 21.5039
v  -0.8617 12.2494 20.8746
v  -0.8549 12.2693 20.8760
v  -0.8605 12.2049 20.7683
v  -0.9102 12.2142 20.8531
v  -0.2322 12.1647 20.3509
v  -0.4038 12.1630 20.3857
v  -0.7351 12.1878 20.6121
v  -0.8729 12.2325 20.8706
v  -0.7595 12.2532 20.7284
v  -0.2889 12.2176 20.4036
v  -0.0944 12.2006 20.3617
v  -0.1958 12.1794 20.3652
v  -0.3007 12.1660 20.3718
v  -0.2945 12.1797 20.3880
v  -0.3980 12.1699 20.4079
v  -0.4861 12.1753 20.4515
v  -0.5710 12.1802 20.5034
v  -0.6519 12.1880 20.5667
v  -0.7245 12.1939 20.6324
v  -0.7903 12.2030 20.7098
v  -0.8415 12.2110 20.7824
v  -0.8276 12.2241 20.7933
v  -0.8177 12.2412 20.7991
v  -0.7664 12.2332 20.7266
v  -0.7050 12.2250 20.6553
v  -0.6361 12.2185 20.5901
v  -0.5584 12.2117 20.5296
v  -0.4752 12.2061 20.4776
v  -0.3859 12.2011 20.4335
v  -0.2909 12.1973 20.3982
v  -0.1936 12.1965 20.3744
v  -0.3911 12.1836 20.4239
v  -0.4802 12.1888 20.4679
v  -0.5638 12.1942 20.5198
v  -0.6434 12.2013 20.5818
v  -0.7135 12.2074 20.6472
v  -0.7768 12.2161 20.7210
v  -0.3771 12.2982 20.4423
v  -0.0927 12.2901 20.3688
v  -0.0941 12.2133 20.3638
v  -0.1923 12.2149 20.3786
v  -0.8114 12.2612 20.8013
v  -0.8001 12.3374 20.8002
v  -0.6992 12.2456 20.6588
v  -0.7489 12.3295 20.7283
v  -0.6307 12.2384 20.5936
v  -0.6895 12.3220 20.6597
v  -0.5545 12.2319 20.5344
v  -0.4714 12.2262 20.4822
v  -0.3824 12.2214 20.4383
v  -0.8430 12.3454 20.8738
v  -0.8662 12.2721 20.9010
v  -0.8666 12.3531 20.9437
v  -0.8628 12.3637 21.0410
v  -0.8831 12.2831 21.0013
v  -0.8465 12.3687 21.0861
v  -0.8333 12.2984 21.1417
v  -0.8025 12.3022 21.1758
v  -0.7760 12.3785 21.1759
v  -0.7862 12.3040 21.1927
v  -0.7540 12.3819 21.2070
v  -0.7656 12.3072 21.2219
v  -0.7381 12.3857 21.2416
v  -0.7490 12.4036 21.4052
v  -0.7824 12.3312 21.4404
v  -0.9524 12.3688 21.7841
v  -0.8632 12.4154 21.5129
v  -0.8315 12.4131 21.4913
v  -0.9092 12.3430 21.5483
v  -0.9419 12.4283 21.6303
v  -0.9366 12.3475 21.5901
v  -0.9555 12.3527 21.6374
v  -0.9499 12.4388 21.7263
v  -0.9398 12.4437 21.7712
v  -0.9225 12.4481 21.8111
v  -0.9343 12.3734 21.8257
v  -0.8962 12.4190 21.5452
v  -0.9232 12.4233 21.5850
v  -0.9509 12.4335 21.6784
v  -0.8002 12.4107 21.4694
v  -0.7934 12.3765 21.1578
v  -0.7284 12.3900 21.2808
v  -0.7266 12.3946 21.3228
v  -0.7335 12.3992 21.3651
v  -0.7719 12.4075 21.4405
v  -0.8538 12.3480 20.8975
v  -0.8698 12.3584 20.9926
v  -0.8226 12.3730 21.1255
v  -0.6219 12.3149 20.5954
v  -0.5468 12.3085 20.5370
v  -0.4649 12.3029 20.4855
v  -0.2849 12.2944 20.4080
v  -0.1896 12.2917 20.3834
v  -0.9810 12.3241 21.8567
v  -0.9630 12.3637 21.7374
v  -0.9644 12.3582 21.6875
v  -0.8755 12.3392 21.5140
v  -0.9578 12.2867 21.5151
v  -0.9920 12.2924 21.5672
v  -1.0155 12.2989 21.6262
v  -0.9669 12.3291 21.8481
v  -0.9408 12.3563 21.8300
v  -0.9598 12.3495 21.7884
v  -0.9708 12.3442 21.7399
v  -0.9720 12.3385 21.6881
v  -0.9626 12.3328 21.6361
v  -0.9427 12.3275 21.5871
v  -0.9139 12.3228 21.5440
v  -0.8786 12.3189 21.5087
v  -0.8845 12.3014 21.4990
v  -0.8963 12.2880 21.4859
v  -0.9365 12.2923 21.5253
v  -0.9694 12.2976 21.5738
v  -0.9922 12.3037 21.6290
v  -1.0031 12.3101 21.6877
v  -1.0019 12.3165 21.7461
v  -0.9897 12.3225 21.8009
v  -0.9221 12.3054 21.5359
v  -0.9529 12.3104 21.5812
v  -0.9743 12.3160 21.6329
v  -0.9845 12.3220 21.6878
v  -0.9834 12.3280 21.7425
v  -0.9719 12.3336 21.7938
v  -0.9497 12.3407 21.8378
v  -0.8290 12.2577 21.2095
v  -0.8181 12.2678 21.1936
v  -0.8089 12.2832 21.1829
v  -0.7507 12.3108 21.2543
v  -0.7416 12.3148 21.2910
v  -0.7399 12.3191 21.3303
v  -0.8444 12.2765 21.4217
v  -0.7464 12.3234 21.3699
v  -0.7610 12.3275 21.4074
v  -0.8088 12.3341 21.4675
v  -0.8382 12.3364 21.4880
v  -0.8420 12.3161 21.4835
v  -0.8483 12.2987 21.4744
v  -0.8576 12.2851 21.4596
v  -0.8126 12.2715 21.3798
v  -0.8160 12.2592 21.2230
v  -0.8016 12.2697 21.2098
v  -0.7920 12.2851 21.1999
v  -0.7721 12.2882 21.2277
v  -0.7578 12.2916 21.2605
v  -0.7494 12.2954 21.2938
v  -0.7477 12.2995 21.3314
v  -0.7539 12.3035 21.3683
v  -0.7683 12.3078 21.4066
v  -0.7878 12.3109 21.4363
v  -0.8144 12.3140 21.4642
v  -0.8228 12.2967 21.4566
v  -0.8341 12.2833 21.4432
v  -0.8129 12.2809 21.4215
v  -0.7958 12.2780 21.3950
v  -0.7841 12.2747 21.3650
v  -0.7789 12.2713 21.3332
v  -0.7803 12.2678 21.3017
v  -0.7875 12.2646 21.2724
v  -0.7995 12.2618 21.2464
v  -0.7827 12.2726 21.2356
v  -0.7698 12.2758 21.2673
v  -0.7619 12.2793 21.2972
v  -0.7603 12.2831 21.3321
v  -0.7663 12.2866 21.3659
v  -0.7797 12.2909 21.4030
v  -0.7974 12.2936 21.4295
v  -0.8798 12.2774 20.9498
v  -0.8758 12.2887 21.0525
v  -0.8586 12.2939 21.1001
v  -0.8895 12.2198 20.8633
v  -0.9412 12.2243 20.9451
v  -0.9454 12.2313 21.0094
v  -0.8734 12.2523 20.9003
v  -0.8874 12.2578 20.9506
v  -0.8909 12.2636 21.0038
v  -0.8833 12.2694 21.0565
v  -0.8656 12.2748 21.1056
v  -0.8395 12.2794 21.1485
v  -0.8496 12.2640 21.1577
v  -0.8646 12.2534 21.1701
v  -0.8852 12.2355 20.8976
v  -0.9026 12.2230 20.8921
v  -0.9183 12.2291 20.9485
v  -0.9222 12.2357 21.0080
v  -0.9137 12.2421 21.0671
v  -0.8938 12.2481 21.1221
v  -0.8998 12.2413 20.9503
v  -0.9035 12.2474 21.0060
v  -0.8956 12.2534 21.0613
v  -0.8769 12.2591 21.1128
v  -0.9379 12.3326 21.9303
v  -0.9327 12.3310 21.9469
v  -0.8560 12.2695 22.0472
v  -0.8776 12.2727 22.0223
v  -0.8972 12.2898 21.9942
v  -0.9049 12.3035 21.9836
v  -0.9423 12.3168 22.0015
v  -0.9363 12.3064 22.0098
v  -0.9214 12.3255 21.9610
v  -0.9595 12.3320 21.9792
v  -0.9124 12.3160 21.9731
v  -0.9590 12.3159 22.0965
v  -0.9735 12.3494 22.1386
v  -0.9957 12.3570 22.1565
v  -1.0186 12.3531 22.1209
v  -1.0290 12.3476 22.0707
v  -0.9781 12.3351 21.9565
v  -0.9675 12.3206 22.0364
v  -0.9739 12.3246 22.0679
v  -0.9684 12.3284 22.0994
v  -0.9920 12.3463 22.1088
v  -0.9997 12.3415 22.0675
v  -0.9924 12.3370 22.0249
v  -0.9374 12.3042 22.1131
v  -0.9220 12.2792 22.0727
v  -0.9493 12.3020 22.0923
v  -0.9197 12.2803 22.0843
v  -0.7064 12.2857 22.1943
v  -0.8187 12.2805 22.1474
v  -0.7354 12.2896 22.2232
v  -0.5287 12.2986 22.3128
v  -0.4283 12.3039 22.3608
v  -0.3227 12.3080 22.3981
v  -0.9459 12.3183 22.1187
v  -0.8723 12.3268 22.1982
v  -0.6941 12.3435 22.3453
v  -0.2483 12.3618 22.5313
v  -0.9132 12.2814 22.0952
v  -0.6478 12.2950 22.2878
v  -0.1113 12.3169 22.4802
v  -0.8675 12.3126 22.1892
v  -0.7811 12.3212 22.2684
v  -0.6870 12.3292 22.3382
v  -0.5850 12.3355 22.3996
v  -0.4757 12.3407 22.4516
v  -0.3603 12.3447 22.4929
v  -0.2412 12.3466 22.5217
v  -0.1202 12.3480 22.5394
v  -0.8451 12.2895 22.1693
v  -0.7606 12.2980 22.2467
v  -0.6689 12.3055 22.3155
v  -0.5691 12.3122 22.3761
v  -0.4620 12.3178 22.4274
v  -0.3492 12.3222 22.4676
v  -0.2327 12.3252 22.4956
v  -0.1149 12.3270 22.5114
v  0.0018 12.3664 22.5580
v  -0.1255 12.3637 22.5503
v  -0.7866 12.3357 22.2760
v  -0.9547 12.3322 22.1246
v  -0.8300 12.3752 22.3210
v  -0.7327 12.3832 22.3942
v  -0.3953 12.4009 22.5573
v  -0.1357 12.4073 22.6111
v  -0.1296 12.3763 22.5578
v  -0.2537 12.3754 22.5394
v  -0.3733 12.3731 22.5091
v  -0.4897 12.3683 22.4672
v  -0.5989 12.3627 22.4134
v  -0.7005 12.3557 22.3513
v  -0.7941 12.3482 22.2816
v  -0.8808 12.3400 22.2035
v  -0.8981 12.3581 22.2197
v  -0.8107 12.3671 22.2996
v  -0.7161 12.3748 22.3708
v  -0.6130 12.3817 22.4332
v  -0.5024 12.3875 22.4869
v  -0.3853 12.3922 22.5303
v  -0.2621 12.3956 22.5618
v  -0.1335 12.3978 22.5805
v  -0.2982 12.1139 19.9374
v  -0.3356 12.1079 19.8828
v  -0.3720 12.1077 19.8805
v  -0.4068 12.1087 19.8899
v  -0.8253 12.1296 20.0806
v  -0.9502 12.1396 20.1722
v  -1.0642 12.1510 20.2755
v  -1.2543 12.1766 20.5095
v  -1.4679 12.2332 21.0264
v  -1.4890 12.2477 21.1588
v  -1.4980 12.2628 21.2972
v  -1.4415 12.3103 21.7307
v  -1.1575 12.3695 22.2708
v  -0.5665 12.4171 22.7059
v  -0.2946 12.4258 22.7850
v  -0.1513 12.4279 22.8045
v  0.0018 12.4291 22.8154
v  -0.1982 12.1131 20.1719
v  -0.1982 12.1283 20.1821
v  -0.1982 12.1391 20.1968
v  -0.1982 12.0953 20.1675
v  -0.1982 11.9333 20.1569
v  -0.1195 11.9326 20.1584
v  -0.1310 11.9333 20.1569
v  -0.1058 11.9322 20.1644
v  -0.1168 12.0948 20.1698
v  -0.0554 11.9294 20.2159
v  -0.0969 11.9323 20.1717
v  -0.0294 11.9282 20.2341
v  0.0018 11.9278 20.2406
v  0.0018 12.1096 20.2525
v  -0.0478 12.1518 20.2837
v  -0.0294 12.1082 20.2459
v  -0.0588 12.1201 20.2288
v  -0.0667 12.1346 20.2345
v  0.0018 12.1225 20.2552
v  -0.0309 12.1226 20.2484
v  -0.0377 12.1383 20.2571
v  -0.0453 12.1492 20.2726
v  0.0018 12.1398 20.2663
v  -0.0554 12.1043 20.2273
v  -0.0777 12.1446 20.2436
v  -0.1137 12.1397 20.2032
v  -0.1071 12.0948 20.1740
v  -0.0969 12.0943 20.1823
v  -0.0954 12.0987 20.1844
v  -0.0922 12.0999 20.1881
v  -0.0952 12.1134 20.1888
v  -0.1021 12.1282 20.1936
v  -0.1307 12.1131 20.1719
v  -0.1210 12.1354 20.1920
v  -0.1227 12.1104 20.1720
v  -0.1102 12.1055 20.1742
v  -0.1044 12.1094 20.1795
v  -0.0998 12.1123 20.1834
v  -0.1088 12.1249 20.1859
v  -0.1149 12.1198 20.1783
v  -0.1310 12.0953 20.1675
v  -0.1282 12.1391 20.1969
v  -0.1297 12.1283 20.1821
v  -0.2175 12.1441 20.2132
v  -0.2650 12.1432 20.2051
v  -0.2982 12.1374 20.1520
v  -0.8373 12.2658 21.3246
v  -0.8995 12.2559 21.2336
v  -0.9088 12.2760 22.0460
v  -0.9641 12.3128 22.0690
v  -0.9292 12.2940 22.0197
v  -0.9584 12.3094 22.0410
v  -0.9531 12.2996 22.0705
v  -0.8869 12.2724 22.0735
v  -0.9484 12.2969 22.0460
v  -0.9195 12.2777 22.0597
v  0.0018 12.1593 20.3514
v  -0.2321 12.1593 20.3513
v  -0.1957 12.1663 20.3507
v  -0.1934 12.1593 20.3513
v  -0.0843 12.1778 20.3492
v  -0.0821 12.1593 20.3513
v  -0.5508 12.3028 22.3460
v  -0.4470 12.3081 22.3960
v  -0.3389 12.3116 22.4355
v  -0.2258 12.3155 22.4632
v  -0.5927 12.3503 22.4070
v  -0.3676 12.3600 22.5013
v  -0.4834 12.3559 22.4596
v  0.0018 12.2127 20.3591
v  0.0018 12.2896 20.3641
v  0.0018 12.1530 20.2940
v  0.0018 12.3529 22.4407
v  -0.1062 12.3528 22.4363
v  -0.2139 12.3505 22.4192
v  -0.6226 12.3320 22.2515
v  -0.7880 12.3174 22.1166
v  -1.0284 12.3522 21.7470
v  -1.0301 12.3453 21.6841
v  -1.0151 12.3586 21.8060
v  -1.0561 12.3546 21.7672
v  -0.8442 12.3017 21.2842
v  -0.8068 12.3038 21.3053
v  -0.8203 12.2989 21.2612
v  -0.8661 12.2980 21.2510
v  -0.8059 12.3066 21.3329
v  -0.8440 12.3096 21.3564
v  -0.9535 12.3691 21.9000
v  -0.3123 12.1985 20.3435
v  -0.0872 12.1880 20.2473
v  -0.1245 12.1833 20.2061
v  -0.1983 12.1837 20.2078
v  -0.2438 12.1836 20.2065
v  -0.8714 12.3177 21.4325
v  -0.9180 12.3213 21.4653
v  -0.8995 12.3156 21.4112
v  -0.8373 12.2962 21.2361
v  -0.9357 12.2949 21.2224
v  -0.8861 12.2903 21.1822
v  -0.9720 12.2956 21.2292
v  -1.0631 12.3221 21.4712
v  -1.0053 12.3132 21.3894
v  -1.0801 12.3214 21.4640
v  -1.2320 12.3214 21.4644
v  -1.0164 12.3811 22.0108
v  -0.2826 12.1816 20.1877
v  -0.9180 12.2846 21.1298
v  -1.1545 12.3656 21.8681
v  -1.0053 12.2980 21.2510
v  -1.0342 12.3056 21.3202
v  -0.2942 12.1795 20.1691
v  -0.4957 12.2070 20.4215
v  -0.5819 12.2129 20.4748
v  -0.3024 12.1513 19.9114
v  -0.3155 12.1491 19.8915
v  -0.3573 12.1473 19.8743
v  -0.5514 12.1538 19.9342
v  -0.6917 12.1608 19.9980
v  -0.6632 12.2195 20.5358
v  -0.8047 12.2354 20.6809
v  -1.1660 12.2031 20.3843
v  -1.3287 12.2302 20.6315
v  -0.9277 12.2571 20.8787
v  -1.3888 12.2444 20.7611
v  -1.4350 12.2587 20.8919
v  -0.9397 12.2780 21.0697
v  -1.0273 12.3017 21.2842
v  -1.2409 12.3216 21.4659
v  -1.2544 12.3230 21.4793
v  -1.4938 12.3182 21.4355
v  -1.4752 12.3341 21.5807
v  -1.2485 12.3589 21.8067
v  -1.3925 12.3658 21.8701
v  -1.2257 12.3625 21.8401
v  -1.1914 12.3649 21.8617
v  -1.3283 12.3811 22.0095
v  -1.2496 12.3956 22.1424
v  -0.9172 12.4055 22.2317
v  -1.0536 12.4217 22.3799
v  -0.9432 12.4326 22.4795
v  -0.8230 12.4422 22.5672
v  -0.6250 12.4297 22.4515
v  -0.5129 12.4355 22.5076
v  -0.6968 12.4503 22.6413
v  -0.2658 12.4438 22.5829
v  -0.4326 12.4620 22.7480
v  -1.0273 12.3095 21.3562
v  -0.8660 12.3132 21.3894
v  -0.9357 12.3163 21.4181
v  -0.9720 12.3156 21.4112
v  -1.2181 12.3218 21.4711
v  -1.1031 12.3208 21.4879
v  -1.2080 12.3025 21.5290
v  -1.1041 12.2753 21.5515
v  -1.2080 12.2753 21.5515
v  -1.2080 12.3177 21.5006
v  -1.2091 12.3209 21.4868
v  -1.2490 12.3221 21.4712
v  -1.2561 12.3240 21.4881
v  -1.2561 12.3313 21.5550
v  -1.2561 12.3546 21.7672
v  -1.1178 12.3648 21.8606
v  -1.0843 12.3623 21.8379
v  -1.0625 12.3586 21.8039
v  -1.0561 12.3313 21.5550
v  -1.0561 12.3240 21.4881
v  -1.0577 12.3230 21.4793
v  -1.0712 12.3216 21.4659
v  -1.0949 12.3219 21.4666
v  -1.2080 12.2472 21.5607
v  -1.2080 12.2086 21.5683
v  -1.2080 12.2288 21.5628
v  -1.2080 12.1938 21.5805
v  -1.2080 12.1843 21.6001
v  -1.1369 12.1666 21.7158
v  -1.1561 12.1661 21.7194
v  -1.1752 12.1666 21.7158
v  -1.2044 12.1711 21.6869
v  -1.1193 12.1684 21.7044
v  -1.1077 12.1711 21.6869
v  -1.2080 12.1740 21.6680
v  -1.1928 12.1684 21.7044
v  -1.1041 12.1938 21.5805
v  -1.1041 12.2288 21.5628
v  -1.1041 12.2472 21.5607
v  -1.1041 12.2086 21.5683
v  -1.1041 12.1843 21.6001
v  -1.1041 12.1740 21.6680
v  -1.1041 12.3177 21.5005
v  -1.1041 12.3025 21.5290
v  -0.8926 12.2674 20.8566
v  -0.8891 12.2783 20.8573
v  -0.8635 12.2443 20.7620
v  -0.9134 12.2536 20.8471
v  -0.2319 12.1790 20.3345
v  -0.4052 12.2022 20.3780
v  -0.7375 12.2272 20.6055
v  -0.8968 12.2606 20.8551
v  -0.7898 12.2616 20.7037
v  -0.3005 12.2245 20.3659
v  -0.0975 12.2137 20.3240
v  -0.3052 12.2015 20.3539
v  -0.3026 12.2064 20.3594
v  -0.4037 12.2055 20.3906
v  -0.4933 12.2108 20.4345
v  -0.5793 12.2159 20.4875
v  -0.6616 12.2236 20.5512
v  -0.7346 12.2301 20.6188
v  -0.8018 12.2390 20.6967
v  -0.8538 12.2471 20.7704
v  -0.8504 12.2518 20.7756
v  -0.8470 12.2587 20.7783
v  -0.7937 12.2508 20.7032
v  -0.7301 12.2424 20.6295
v  -0.6588 12.2355 20.5619
v  -0.5783 12.2285 20.4992
v  -0.4921 12.2226 20.4453
v  -0.3997 12.2174 20.3997
v  -0.3013 12.2134 20.3631
v  -0.2006 12.2112 20.3378
v  -0.4017 12.2104 20.3962
v  -0.4933 12.2158 20.4414
v  -0.5792 12.2212 20.4947
v  -0.6610 12.2285 20.5583
v  -0.7328 12.2351 20.6258
v  -0.7980 12.2437 20.7013
v  -0.3928 12.3011 20.4056
v  -0.0967 12.2928 20.3291
v  -0.8438 12.2697 20.7794
v  -0.8332 12.3420 20.7783
v  -0.7271 12.2537 20.6313
v  -0.7800 12.3338 20.7035
v  -0.6559 12.2462 20.5635
v  -0.7181 12.3259 20.6320
v  -0.5767 12.2395 20.5019
v  -0.4902 12.2335 20.4477
v  -0.3977 12.2284 20.4020
v  -0.8780 12.3504 20.8552
v  -0.9024 12.2815 20.8868
v  -0.9054 12.3593 20.9365
v  -0.9011 12.3717 21.0497
v  -0.9216 12.2941 21.0016
v  -0.8821 12.3774 21.1022
v  -0.8642 12.3118 21.1633
v  -0.8306 12.3161 21.2007
v  -0.8064 12.3881 21.2000
v  -0.8159 12.3174 21.2159
v  -0.7882 12.3910 21.2257
v  -0.7991 12.3199 21.2397
v  -0.7753 12.3940 21.2537
v  -0.7842 12.4086 21.3867
v  -0.8125 12.3395 21.4155
v  -0.9890 12.3810 21.7948
v  -0.8883 12.4191 21.4819
v  -0.8540 12.4164 21.4584
v  -0.9393 12.3512 21.5232
v  -0.9797 12.4341 21.6184
v  -0.9708 12.3565 21.5713
v  -0.9925 12.3625 21.6258
v  -0.9890 12.4463 21.7302
v  -0.9773 12.4520 21.7825
v  -0.9587 12.4567 21.8259
v  -0.9696 12.3859 21.8397
v  -0.9265 12.4233 21.5195
v  -0.9579 12.4283 21.5657
v  -0.9901 12.4402 21.6744
v  -0.8258 12.4143 21.4389
v  -0.8222 12.3863 21.1837
v  -0.7674 12.3975 21.2856
v  -0.7659 12.4012 21.3197
v  -0.7715 12.4050 21.3541
v  -0.8028 12.4117 21.4154
v  -0.8908 12.3535 20.8835
v  -0.9091 12.3655 20.9933
v  -0.8542 12.3825 21.1481
v  -0.6477 12.3186 20.5651
v  -0.5695 12.3119 20.5042
v  -0.4842 12.3061 20.4506
v  -0.2967 12.2972 20.3699
v  -0.1975 12.2944 20.3443
v  -1.0012 12.3751 21.7410
v  -1.0027 12.3688 21.6836
v  -0.9005 12.3469 21.4837
v  -0.9605 12.3261 21.5086
v  -0.9951 12.3319 21.5613
v  -1.0189 12.3384 21.6209
v  -0.9818 12.3662 21.8511
v  -0.9736 12.3760 21.8418
v  -0.9929 12.3704 21.7971
v  -1.0052 12.3644 21.7419
v  -1.0066 12.3580 21.6833
v  -0.9959 12.3516 21.6244
v  -0.9734 12.3455 21.5689
v  -0.9408 12.3402 21.5200
v  -0.9009 12.3358 21.4801
v  -0.9015 12.3286 21.4752
v  -0.9054 12.3239 21.4708
v  -0.9475 12.3284 21.5122
v  -0.9820 12.3340 21.5630
v  -1.0059 12.3403 21.6209
v  -1.0174 12.3471 21.6824
v  -1.0161 12.3538 21.7437
v  -1.0033 12.3601 21.8009
v  -0.9427 12.3331 21.5156
v  -0.9765 12.3385 21.5654
v  -0.9999 12.3448 21.6221
v  -1.0112 12.3514 21.6824
v  -1.0099 12.3579 21.7425
v  -0.9972 12.3642 21.7988
v  -0.9768 12.3694 21.8466
v  -0.8399 12.2957 21.2156
v  -0.8378 12.2992 21.2087
v  -0.8342 12.3057 21.2042
v  -0.7869 12.3232 21.2657
v  -0.7797 12.3262 21.2952
v  -0.7784 12.3297 21.3267
v  -0.8472 12.3157 21.4145
v  -0.7835 12.3334 21.3587
v  -0.7953 12.3365 21.3889
v  -0.8339 12.3417 21.4373
v  -0.8602 12.3437 21.4555
v  -0.8619 12.3326 21.4529
v  -0.8637 12.3255 21.4491
v  -0.8660 12.3207 21.4435
v  -0.8166 12.3108 21.3735
v  -0.8276 12.2971 21.2286
v  -0.8223 12.3008 21.2240
v  -0.8188 12.3070 21.2200
v  -0.8026 12.3092 21.2426
v  -0.7907 12.3126 21.2695
v  -0.7839 12.3154 21.2967
v  -0.7824 12.3188 21.3271
v  -0.7874 12.3225 21.3573
v  -0.7993 12.3257 21.3888
v  -0.8150 12.3284 21.4129
v  -0.8371 12.3307 21.4358
v  -0.8406 12.3236 21.4329
v  -0.8440 12.3188 21.4277
v  -0.8248 12.3167 21.4081
v  -0.8096 12.3139 21.3838
v  -0.7993 12.3108 21.3568
v  -0.7943 12.3078 21.3283
v  -0.7953 12.3048 21.2999
v  -0.8018 12.3019 21.2732
v  -0.8124 12.2995 21.2498
v  -0.8066 12.3031 21.2457
v  -0.7955 12.3060 21.2726
v  -0.7888 12.3088 21.2980
v  -0.7875 12.3120 21.3273
v  -0.7926 12.3150 21.3558
v  -0.8041 12.3186 21.3875
v  -0.8188 12.3209 21.4097
v  -0.9177 12.2876 20.9422
v  -0.9132 12.3006 21.0606
v  -0.8933 12.3066 21.1154
v  -0.9024 12.2561 20.8526
v  -0.9447 12.2638 20.9402
v  -0.9490 12.2710 21.0052
v  -0.9061 12.2707 20.8864
v  -0.9216 12.2769 20.9427
v  -0.9256 12.2835 21.0029
v  -0.9170 12.2900 21.0627
v  -0.8969 12.2961 21.1183
v  -0.8675 12.3014 21.1667
v  -0.8712 12.2953 21.1702
v  -0.8761 12.2914 21.1746
v  -0.9104 12.2640 20.8853
v  -0.9162 12.2595 20.8832
v  -0.9324 12.2660 20.9420
v  -0.9364 12.2728 21.0045
v  -0.9276 12.2796 21.0665
v  -0.9067 12.2859 21.1242
v  -0.9262 12.2704 20.9426
v  -0.9302 12.2771 21.0038
v  -0.9215 12.2837 21.0645
v  -0.9011 12.2899 21.1210
v  -0.9850 12.3639 21.8550
v  -0.9364 12.3726 21.9289
v  -0.9263 12.3702 21.9511
v  -0.8537 12.3094 22.0455
v  -0.8686 12.3111 22.0291
v  -0.8801 12.3218 22.0111
v  -0.8851 12.3315 22.0042
v  -0.9229 12.3484 22.0165
v  -0.9136 12.3339 22.0279
v  -0.9090 12.3617 21.9725
v  -0.9493 12.3702 21.9853
v  -0.8950 12.3476 21.9905
v  -0.9303 12.3402 22.0831
v  -0.9620 12.3856 22.1260
v  -0.9929 12.3963 22.1501
v  -1.0156 12.3926 22.1153
v  -1.0257 12.3872 22.0662
v  -0.9759 12.3749 21.9546
v  -0.9433 12.3517 22.0433
v  -0.9477 12.3547 22.0646
v  -0.9440 12.3576 22.0870
v  -0.9791 12.3831 22.0996
v  -0.9855 12.3787 22.0633
v  -0.9794 12.3748 22.0262
v  -0.9157 12.3320 22.0942
v  -0.9060 12.3156 22.0688
v  -0.9237 12.3304 22.0803
v  -0.9048 12.3163 22.0750
v  -0.7061 12.3254 22.1894
v  -0.8160 12.3198 22.1403
v  -0.7330 12.3288 22.2160
v  -0.5285 12.3383 22.3080
v  -0.4281 12.3436 22.3562
v  -0.3230 12.3478 22.3941
v  0.0018 12.3567 22.4776
v  -0.9213 12.3420 22.0979
v  -0.8507 12.3500 22.1738
v  -0.6769 12.3663 22.3172
v  -0.2421 12.3842 22.4988
v  -0.9006 12.3171 22.0822
v  -0.6456 12.3342 22.2803
v  -0.1110 12.3561 22.4720
v  -0.8484 12.3400 22.1672
v  -0.7637 12.3481 22.2444
v  -0.6718 12.3561 22.3127
v  -0.5721 12.3622 22.3727
v  -0.4653 12.3674 22.4237
v  -0.3523 12.3714 22.4642
v  -0.2361 12.3740 22.4930
v  -0.1178 12.3760 22.5109
v  -0.8343 12.3251 22.1546
v  -0.7511 12.3336 22.2313
v  -0.6601 12.3406 22.2986
v  -0.5619 12.3475 22.3589
v  -0.4561 12.3530 22.4094
v  -0.3448 12.3572 22.4488
v  -0.2299 12.3607 22.4772
v  -0.1136 12.3624 22.4930
v  0.0018 12.3629 22.5000
v  -0.1224 12.3861 22.5173
v  -0.7670 12.3583 22.2494
v  -0.9340 12.3609 22.1060
v  -0.8276 12.4145 22.3138
v  -0.7306 12.4225 22.3868
v  -0.3942 12.4401 22.5495
v  -0.1353 12.4465 22.6031
v  0.0018 12.4054 22.5363
v  -0.1265 12.4019 22.5273
v  -0.2481 12.4019 22.5098
v  -0.3656 12.4004 22.4809
v  -0.4794 12.3960 22.4403
v  -0.5862 12.3901 22.3872
v  -0.6858 12.3834 22.3265
v  -0.7773 12.3760 22.2583
v  -0.8623 12.3680 22.1817
v  -0.8876 12.3939 22.2051
v  -0.8012 12.4028 22.2843
v  -0.7079 12.4105 22.3547
v  -0.6059 12.4172 22.4163
v  -0.4964 12.4229 22.4693
v  -0.3809 12.4276 22.5122
v  -0.2590 12.4308 22.5430
v  -0.1317 12.4325 22.5606
v  0.0018 12.4342 22.5718
v  -0.2982 12.1537 19.9330
v  -0.3356 12.1477 19.8784
v  -0.3720 12.1475 19.8762
v  -0.4068 12.1485 19.8855
v  -0.8253 12.1694 20.0763
v  -0.9502 12.1794 20.1679
v  -1.0642 12.1907 20.2712
v  -1.2543 12.2163 20.5052
v  -1.4679 12.2729 21.0220
v  -1.4890 12.2875 21.1545
v  -1.4980 12.3026 21.2928
v  -1.4415 12.3501 21.7263
v  -1.1575 12.4092 22.2665
v  -0.5665 12.4569 22.7015
v  -0.2947 12.4656 22.7807
v  -0.1513 12.4677 22.8003
v  -0.1982 12.1292 20.1353
v  -0.1982 12.1560 20.1532
v  -0.1982 12.1750 20.1791
v  -0.1982 12.1014 20.1280
v  -0.1982 11.9359 20.1170
v  -0.1086 11.9351 20.1200
v  -0.1283 11.9359 20.1171
v  -0.0850 11.9343 20.1303
v  -0.1058 12.0997 20.1316
v  -0.0291 11.9314 20.1857
v  -0.0697 11.9342 20.1424
v  -0.0135 11.9306 20.1975
v  -0.0470 12.1913 20.2773
v  -0.0139 12.1135 20.2094
v  -0.0354 12.1357 20.2004
v  -0.0490 12.1623 20.2117
v  -0.0172 12.1385 20.2144
v  -0.0274 12.1674 20.2317
v  -0.0411 12.1866 20.2589
v  0.0018 12.1690 20.2389
v  -0.0297 12.1094 20.1971
v  -0.0686 12.1809 20.2294
v  -0.1040 12.1751 20.1872
v  -0.0862 12.0989 20.1402
v  -0.0704 12.0964 20.1524
v  -0.0681 12.1035 20.1551
v  -0.0632 12.1053 20.1607
v  -0.0685 12.1277 20.1626
v  -0.0836 12.1546 20.1699
v  -0.1284 12.1292 20.1354
v  -0.1130 12.1671 20.1690
v  -0.1154 12.1233 20.1348
v  -0.0929 12.1157 20.1396
v  -0.0832 12.1215 20.1478
v  -0.0768 12.1261 20.1538
v  -0.0930 12.1497 20.1588
v  -0.1024 12.1409 20.1467
v  -0.1281 12.1012 20.1281
v  -0.1264 12.1751 20.1794
v  -0.1266 12.1557 20.1531
v  -0.2175 12.1838 20.2089
v  -0.2650 12.1830 20.2007
v  -0.2982 12.1772 20.1477
v  -0.8372 12.3056 21.3203
v  -0.8995 12.2956 21.2292
v  -0.8974 12.3138 22.0524
v  -0.9333 12.3383 22.0664
v  -0.9091 12.3252 22.0347
v  -0.9301 12.3361 22.0503
v  -0.9259 12.3289 22.0674
v  -0.8825 12.3120 22.0694
v  -0.9234 12.3273 22.0536
v  -0.9047 12.3148 22.0620
v  0.0018 12.1887 20.3010
v  -0.2321 12.1843 20.3201
v  -0.1982 12.1801 20.3299
v  -0.1935 12.1845 20.3172
v  -0.0991 12.1840 20.3177
v  -0.1004 12.1856 20.3097
v  -0.5491 12.3420 22.3385
v  -0.4454 12.3474 22.3883
v  -0.3379 12.3507 22.4274
v  -0.2250 12.3546 22.4551
v  -0.5780 12.3729 22.3774
v  -0.3585 12.3825 22.4695
v  -0.4716 12.3792 22.4293
v  0.0018 12.2118 20.3187
v  0.0018 12.2174 20.3193
v  0.0018 12.1925 20.2877
v  0.0018 12.3131 22.4450
v  0.1097 12.3130 22.4403
v  0.2177 12.3108 22.4238
v  0.6259 12.2922 22.2554
v  0.7916 12.2776 22.1210
v  1.0285 12.3125 21.7509
v  1.0302 12.3057 21.6887
v  1.0152 12.3189 21.8092
v  1.0597 12.3148 21.7715
v  0.8479 12.2619 21.2886
v  0.8065 12.2641 21.3090
v  0.8203 12.2592 21.2638
v  0.8698 12.2583 21.2554
v  0.8053 12.2671 21.3375
v  0.8479 12.2698 21.3606
v  0.9569 12.3294 21.9044
v  0.3149 12.1593 20.3513
v  0.0931 12.1486 20.2541
v  0.1299 12.1443 20.2144
v  0.2019 12.1443 20.2144
v  0.2474 12.1439 20.2108
v  0.8728 12.2785 21.4400
v  0.9194 12.2820 21.4724
v  0.9031 12.2758 21.4155
v  0.8378 12.2564 21.2379
v  0.9394 12.2551 21.2267
v  0.8869 12.2505 21.1845
v  0.9756 12.2559 21.2336
v  1.0667 12.2824 21.4756
v  1.0090 12.2734 21.3938
v  1.0837 12.2816 21.4686
v  1.2357 12.2816 21.4686
v  1.0230 12.3413 22.0139
v  0.2862 12.1418 20.1920
v  0.9184 12.2448 21.1326
v  1.1582 12.3258 21.8725
v  1.0090 12.2583 21.2554
v  1.0378 12.2658 21.3246
v  0.2978 12.1398 20.1735
v  0.4974 12.1678 20.4293
v  0.5835 12.1736 20.4821
v  0.3060 12.1116 19.9158
v  0.3192 12.1094 19.8959
v  0.3609 12.1075 19.8787
v  0.5550 12.1141 19.9386
v  0.6953 12.1210 20.0024
v  0.6643 12.1803 20.5433
v  0.8055 12.1961 20.6875
v  1.1696 12.1633 20.3887
v  1.3323 12.1904 20.6359
v  0.9280 12.2176 20.8842
v  1.3924 12.2046 20.7655
v  1.4387 12.2189 20.8963
v  0.9399 12.2383 21.0732
v  1.0309 12.2619 21.2886
v  1.2445 12.2818 21.4703
v  1.2580 12.2833 21.4837
v  1.4974 12.2785 21.4399
v  1.4788 12.2944 21.5851
v  1.2521 12.3191 21.8111
v  1.3962 12.3261 21.8744
v  1.2293 12.3228 21.8444
v  1.1951 12.3251 21.8660
v  1.3320 12.3413 22.0139
v  1.2532 12.3559 22.1468
v  0.9235 12.3662 22.2387
v  1.0572 12.3819 22.3842
v  0.9468 12.3928 22.4838
v  0.8266 12.4024 22.5715
v  0.6304 12.3905 22.4590
v  0.5180 12.3962 22.5151
v  0.7004 12.4105 22.6456
v  0.2701 12.4046 22.5908
v  0.4362 12.4222 22.7524
v  1.0309 12.2698 21.3606
v  0.8698 12.2734 21.3938
v  0.9394 12.2766 21.4224
v  0.9756 12.2758 21.4155
v  1.2217 12.2818 21.4720
v  1.1067 12.2812 21.4819
v  1.2117 12.2713 21.5039
v  1.1077 12.2563 21.5163
v  1.2117 12.2563 21.5163
v  1.2117 12.2800 21.4871
v  1.2126 12.2812 21.4819
v  1.2527 12.2824 21.4756
v  1.2597 12.2842 21.4925
v  1.2597 12.2916 21.5594
v  1.2597 12.3148 21.7715
v  1.1215 12.3250 21.8649
v  1.0879 12.3225 21.8423
v  1.0661 12.3188 21.8082
v  1.0597 12.2916 21.5594
v  1.0597 12.2842 21.4925
v  1.0614 12.2833 21.4837
v  1.0749 12.2818 21.4703
v  1.0984 12.2823 21.4720
v  1.2117 12.2391 21.5216
v  1.2117 12.1897 21.5331
v  1.2117 12.2207 21.5236
v  1.2117 12.1626 21.5555
v  1.2117 12.1466 21.5868
v  1.2117 12.1445 21.5965
v  1.1406 12.1271 21.7097
v  1.1597 12.1266 21.7133
v  1.1788 12.1271 21.7097
v  1.2080 12.1315 21.6809
v  1.1229 12.1289 21.6983
v  1.1114 12.1315 21.6809
v  1.2117 12.1345 21.6619
v  1.1964 12.1289 21.6983
v  1.1077 12.1626 21.5555
v  1.1077 12.2207 21.5236
v  1.1077 12.2391 21.5216
v  1.1077 12.1897 21.5331
v  1.1077 12.1466 21.5868
v  1.1077 12.1345 21.6619
v  1.1077 12.1445 21.5965
v  1.1077 12.2800 21.4871
v  1.1077 12.2713 21.5039
v  0.8653 12.2494 20.8746
v  0.8585 12.2693 20.8760
v  0.8641 12.2049 20.7683
v  0.9138 12.2142 20.8531
v  0.2359 12.1647 20.3509
v  0.4074 12.1630 20.3857
v  0.7387 12.1878 20.6121
v  0.8765 12.2325 20.8706
v  0.7631 12.2532 20.7284
v  0.2925 12.2176 20.4036
v  0.0980 12.2006 20.3617
v  0.1994 12.1794 20.3652
v  0.3043 12.1660 20.3718
v  0.2981 12.1797 20.3880
v  0.4016 12.1699 20.4079
v  0.4897 12.1753 20.4515
v  0.5746 12.1802 20.5034
v  0.6555 12.1880 20.5667
v  0.7281 12.1939 20.6324
v  0.7939 12.2030 20.7098
v  0.8452 12.2110 20.7824
v  0.8312 12.2241 20.7933
v  0.8213 12.2412 20.7991
v  0.7700 12.2332 20.7266
v  0.7086 12.2250 20.6553
v  0.6397 12.2185 20.5901
v  0.5620 12.2117 20.5296
v  0.4788 12.2061 20.4776
v  0.3895 12.2011 20.4335
v  0.2945 12.1973 20.3982
v  0.1972 12.1965 20.3744
v  0.3947 12.1836 20.4239
v  0.4838 12.1888 20.4679
v  0.5674 12.1942 20.5198
v  0.6470 12.2013 20.5818
v  0.7171 12.2074 20.6472
v  0.7804 12.2161 20.7210
v  0.3807 12.2982 20.4423
v  0.0964 12.2901 20.3688
v  0.0977 12.2133 20.3638
v  0.1959 12.2149 20.3786
v  0.8150 12.2612 20.8013
v  0.8037 12.3374 20.8002
v  0.7028 12.2456 20.6588
v  0.7526 12.3295 20.7283
v  0.6343 12.2384 20.5936
v  0.6931 12.3220 20.6597
v  0.5581 12.2319 20.5344
v  0.4750 12.2262 20.4822
v  0.3861 12.2214 20.4383
v  0.8466 12.3454 20.8738
v  0.8699 12.2721 20.9010
v  0.8702 12.3531 20.9437
v  0.8665 12.3637 21.0410
v  0.8868 12.2831 21.0013
v  0.8501 12.3687 21.0861
v  0.8369 12.2984 21.1417
v  0.8061 12.3022 21.1758
v  0.7796 12.3785 21.1759
v  0.7898 12.3040 21.1927
v  0.7576 12.3819 21.2070
v  0.7692 12.3072 21.2219
v  0.7417 12.3857 21.2416
v  0.7527 12.4036 21.4052
v  0.7860 12.3312 21.4404
v  0.9560 12.3688 21.7841
v  0.8669 12.4154 21.5129
v  0.8351 12.4131 21.4913
v  0.9128 12.3430 21.5483
v  0.9455 12.4283 21.6303
v  0.9403 12.3475 21.5901
v  0.9591 12.3527 21.6374
v  0.9535 12.4388 21.7263
v  0.9435 12.4437 21.7712
v  0.9262 12.4481 21.8111
v  0.9379 12.3734 21.8257
v  0.8998 12.4190 21.5452
v  0.9268 12.4233 21.5850
v  0.9545 12.4335 21.6784
v  0.8038 12.4107 21.4694
v  0.7970 12.3765 21.1578
v  0.7320 12.3900 21.2808
v  0.7302 12.3946 21.3228
v  0.7371 12.3992 21.3651
v  0.7756 12.4075 21.4405
v  0.8574 12.3480 20.8975
v  0.8734 12.3584 20.9926
v  0.8262 12.3730 21.1255
v  0.6256 12.3149 20.5954
v  0.5504 12.3085 20.5370
v  0.4685 12.3029 20.4855
v  0.2885 12.2944 20.4080
v  0.1932 12.2917 20.3834
v  0.9846 12.3241 21.8567
v  0.9666 12.3637 21.7374
v  0.9680 12.3582 21.6875
v  0.8791 12.3392 21.5140
v  0.9614 12.2867 21.5151
v  0.9956 12.2924 21.5672
v  1.0191 12.2989 21.6262
v  0.9705 12.3291 21.8481
v  0.9444 12.3563 21.8300
v  0.9634 12.3495 21.7884
v  0.9744 12.3442 21.7399
v  0.9756 12.3385 21.6881
v  0.9662 12.3328 21.6361
v  0.9463 12.3275 21.5871
v  0.9175 12.3228 21.5440
v  0.8823 12.3189 21.5087
v  0.8881 12.3014 21.4990
v  0.8999 12.2880 21.4859
v  0.9401 12.2923 21.5253
v  0.9730 12.2976 21.5738
v  0.9958 12.3037 21.6290
v  1.0068 12.3101 21.6877
v  1.0055 12.3165 21.7461
v  0.9933 12.3225 21.8009
v  0.9257 12.3054 21.5359
v  0.9565 12.3104 21.5812
v  0.9779 12.3160 21.6329
v  0.9881 12.3220 21.6878
v  0.9870 12.3280 21.7425
v  0.9755 12.3336 21.7938
v  0.9533 12.3407 21.8378
v  0.8326 12.2577 21.2095
v  0.8218 12.2678 21.1936
v  0.8125 12.2832 21.1829
v  0.7543 12.3108 21.2543
v  0.7452 12.3148 21.2910
v  0.7436 12.3191 21.3303
v  0.8480 12.2765 21.4217
v  0.7501 12.3234 21.3699
v  0.7646 12.3275 21.4074
v  0.8125 12.3341 21.4675
v  0.8418 12.3364 21.4880
v  0.8457 12.3161 21.4835
v  0.8519 12.2987 21.4744
v  0.8612 12.2851 21.4596
v  0.8163 12.2715 21.3798
v  0.8196 12.2592 21.2230
v  0.8052 12.2697 21.2098
v  0.7957 12.2851 21.1999
v  0.7757 12.2882 21.2277
v  0.7615 12.2916 21.2605
v  0.7530 12.2954 21.2938
v  0.7513 12.2995 21.3314
v  0.7576 12.3035 21.3683
v  0.7719 12.3078 21.4066
v  0.7914 12.3109 21.4363
v  0.8180 12.3140 21.4642
v  0.8265 12.2967 21.4566
v  0.8377 12.2833 21.4432
v  0.8165 12.2809 21.4215
v  0.7994 12.2780 21.3950
v  0.7877 12.2747 21.3650
v  0.7825 12.2713 21.3332
v  0.7839 12.2678 21.3017
v  0.7911 12.2646 21.2724
v  0.8031 12.2618 21.2464
v  0.7864 12.2726 21.2356
v  0.7734 12.2758 21.2673
v  0.7655 12.2793 21.2972
v  0.7639 12.2831 21.3321
v  0.7699 12.2866 21.3659
v  0.7833 12.2909 21.4030
v  0.8011 12.2936 21.4295
v  0.8834 12.2774 20.9498
v  0.8794 12.2887 21.0525
v  0.8622 12.2939 21.1001
v  0.8931 12.2198 20.8633
v  0.9449 12.2243 20.9451
v  0.9491 12.2313 21.0094
v  0.8771 12.2523 20.9003
v  0.8910 12.2578 20.9506
v  0.8945 12.2636 21.0038
v  0.8870 12.2694 21.0565
v  0.8692 12.2748 21.1056
v  0.8431 12.2794 21.1485
v  0.8532 12.2640 21.1577
v  0.8682 12.2534 21.1701
v  0.8888 12.2355 20.8976
v  0.9063 12.2230 20.8921
v  0.9219 12.2291 20.9485
v  0.9258 12.2357 21.0080
v  0.9173 12.2421 21.0671
v  0.8974 12.2481 21.1221
v  0.9035 12.2413 20.9503
v  0.9071 12.2474 21.0060
v  0.8992 12.2534 21.0613
v  0.8805 12.2591 21.1128
v  0.9415 12.3326 21.9303
v  0.9363 12.3310 21.9469
v  0.8596 12.2695 22.0472
v  0.8813 12.2727 22.0223
v  0.9008 12.2898 21.9942
v  0.9085 12.3035 21.9836
v  0.9459 12.3168 22.0015
v  0.9399 12.3064 22.0098
v  0.9251 12.3255 21.9610
v  0.9631 12.3320 21.9792
v  0.9160 12.3160 21.9731
v  0.9626 12.3159 22.0965
v  0.9771 12.3494 22.1386
v  0.9993 12.3570 22.1565
v  1.0222 12.3531 22.1209
v  1.0326 12.3476 22.0707
v  0.9817 12.3351 21.9565
v  0.9711 12.3206 22.0364
v  0.9776 12.3246 22.0679
v  0.9720 12.3284 22.0994
v  0.9957 12.3463 22.1088
v  1.0033 12.3415 22.0675
v  0.9960 12.3370 22.0249
v  0.9410 12.3042 22.1131
v  0.9256 12.2792 22.0727
v  0.9529 12.3020 22.0923
v  0.9233 12.2803 22.0843
v  0.7101 12.2857 22.1943
v  0.8223 12.2805 22.1474
v  0.7390 12.2896 22.2232
v  0.5324 12.2986 22.3128
v  0.4320 12.3039 22.3608
v  0.3264 12.3080 22.3981
v  0.0018 12.3176 22.4858
v  0.9495 12.3183 22.1187
v  0.8759 12.3268 22.1982
v  0.6977 12.3435 22.3453
v  0.2519 12.3618 22.5313
v  0.9168 12.2814 22.0952
v  0.6515 12.2950 22.2878
v  0.1150 12.3169 22.4802
v  0.8711 12.3126 22.1892
v  0.7847 12.3212 22.2684
v  0.6906 12.3292 22.3382
v  0.5886 12.3355 22.3996
v  0.4794 12.3407 22.4516
v  0.3639 12.3447 22.4929
v  0.2448 12.3466 22.5217
v  0.1238 12.3480 22.5394
v  0.0018 12.3519 22.5484
v  0.8487 12.2895 22.1693
v  0.7642 12.2980 22.2467
v  0.6726 12.3055 22.3155
v  0.5728 12.3122 22.3761
v  0.4656 12.3178 22.4274
v  0.3528 12.3222 22.4676
v  0.2363 12.3252 22.4956
v  0.1185 12.3270 22.5114
v  0.0018 12.3278 22.5192
v  0.1292 12.3637 22.5503
v  0.7903 12.3357 22.2760
v  0.9583 12.3322 22.1246
v  0.8336 12.3752 22.3210
v  0.7363 12.3832 22.3942
v  0.3990 12.4009 22.5573
v  0.1393 12.4073 22.6111
v  0.0018 12.4076 22.6189
v  0.0018 12.3786 22.5660
v  0.1332 12.3763 22.5578
v  0.2573 12.3754 22.5394
v  0.3770 12.3731 22.5091
v  0.4933 12.3683 22.4672
v  0.6025 12.3627 22.4134
v  0.7041 12.3557 22.3513
v  0.7977 12.3482 22.2816
v  0.8844 12.3400 22.2035
v  0.9017 12.3581 22.2197
v  0.8143 12.3671 22.2996
v  0.7197 12.3748 22.3708
v  0.6167 12.3817 22.4332
v  0.5060 12.3875 22.4869
v  0.3889 12.3922 22.5303
v  0.2657 12.3956 22.5618
v  0.1371 12.3978 22.5805
v  0.0018 12.3989 22.5906
v  0.3019 12.1139 19.9374
v  0.3392 12.1079 19.8828
v  0.3756 12.1077 19.8805
v  0.4104 12.1087 19.8899
v  0.8290 12.1296 20.0806
v  0.9538 12.1396 20.1722
v  1.0678 12.1510 20.2755
v  1.2579 12.1766 20.5095
v  1.4716 12.2332 21.0264
v  1.4926 12.2477 21.1588
v  1.5016 12.2628 21.2972
v  1.4452 12.3103 21.7307
v  1.1611 12.3695 22.2708
v  0.5701 12.4171 22.7059
v  0.2983 12.4258 22.7850
v  0.1549 12.4279 22.8045
v  0.2019 12.1131 20.1719
v  0.2019 12.1283 20.1821
v  0.2019 12.1391 20.1968
v  0.2019 12.0953 20.1675
v  0.2019 11.9333 20.1569
v  0.1231 11.9326 20.1584
v  0.1346 11.9333 20.1569
v  0.1094 11.9322 20.1644
v  0.1204 12.0948 20.1698
v  0.0590 11.9294 20.2159
v  0.1005 11.9323 20.1717
v  0.0330 11.9282 20.2341
v  0.0514 12.1518 20.2837
v  0.0330 12.1082 20.2459
v  0.0625 12.1201 20.2288
v  0.0703 12.1346 20.2345
v  0.0018 12.1506 20.2836
v  0.0346 12.1226 20.2484
v  0.0413 12.1383 20.2571
v  0.0490 12.1492 20.2726
v  0.0590 12.1043 20.2273
v  0.0813 12.1446 20.2436
v  0.1173 12.1397 20.2032
v  0.1107 12.0948 20.1740
v  0.1005 12.0943 20.1823
v  0.0990 12.0987 20.1844
v  0.0959 12.0999 20.1881
v  0.0988 12.1134 20.1888
v  0.1057 12.1282 20.1936
v  0.1343 12.1131 20.1719
v  0.1247 12.1354 20.1920
v  0.1264 12.1104 20.1720
v  0.1138 12.1055 20.1742
v  0.1081 12.1094 20.1795
v  0.1034 12.1123 20.1834
v  0.1125 12.1249 20.1859
v  0.1186 12.1198 20.1783
v  0.1346 12.0953 20.1675
v  0.1318 12.1391 20.1969
v  0.1333 12.1283 20.1821
v  0.2211 12.1441 20.2132
v  0.2686 12.1432 20.2051
v  0.3019 12.1374 20.1520
v  0.8409 12.2658 21.3246
v  0.9031 12.2559 21.2336
v  0.9125 12.2760 22.0460
v  0.9677 12.3128 22.0690
v  0.9328 12.2940 22.0197
v  0.9620 12.3094 22.0410
v  0.9567 12.2996 22.0705
v  0.8906 12.2724 22.0735
v  0.9520 12.2969 22.0460
v  0.9231 12.2777 22.0597
v  0.2358 12.1593 20.3513
v  0.1993 12.1663 20.3507
v  0.1970 12.1593 20.3513
v  0.0880 12.1778 20.3492
v  0.0857 12.1593 20.3513
v  0.0018 12.1821 20.3488
v  0.5545 12.3028 22.3460
v  0.4507 12.3081 22.3960
v  0.3426 12.3116 22.4355
v  0.2294 12.3155 22.4632
v  0.5963 12.3503 22.4070
v  0.3713 12.3600 22.5013
v  0.4870 12.3559 22.4596
v  0.0018 12.2001 20.3569
v  0.1098 12.3528 22.4363
v  0.2176 12.3505 22.4192
v  0.6262 12.3320 22.2515
v  0.7916 12.3174 22.1166
v  1.0320 12.3522 21.7470
v  1.0337 12.3453 21.6841
v  1.0187 12.3586 21.8060
v  1.0597 12.3546 21.7672
v  0.8479 12.3017 21.2842
v  0.8104 12.3038 21.3053
v  0.8239 12.2989 21.2612
v  0.8698 12.2980 21.2510
v  0.8095 12.3066 21.3329
v  0.8476 12.3096 21.3564
v  0.9571 12.3691 21.9000
v  0.3159 12.1985 20.3435
v  0.0909 12.1880 20.2473
v  0.1281 12.1833 20.2061
v  0.2019 12.1837 20.2078
v  0.2474 12.1836 20.2065
v  0.8750 12.3177 21.4325
v  0.9217 12.3213 21.4653
v  0.9031 12.3156 21.4112
v  0.8409 12.2962 21.2361
v  0.9394 12.2949 21.2224
v  0.8897 12.2903 21.1822
v  0.9756 12.2956 21.2292
v  1.0667 12.3221 21.4712
v  1.0090 12.3132 21.3894
v  1.0837 12.3214 21.4640
v  1.2357 12.3214 21.4644
v  1.0200 12.3811 22.0108
v  0.2862 12.1816 20.1877
v  0.9216 12.2846 21.1298
v  1.1582 12.3656 21.8681
v  1.0090 12.2980 21.2510
v  1.0378 12.3056 21.3202
v  0.2978 12.1795 20.1691
v  0.4993 12.2070 20.4215
v  0.5856 12.2129 20.4748
v  0.3060 12.1513 19.9114
v  0.3192 12.1491 19.8915
v  0.3609 12.1473 19.8743
v  0.5550 12.1538 19.9342
v  0.6953 12.1608 19.9980
v  0.6668 12.2195 20.5358
v  0.8083 12.2354 20.6809
v  1.1696 12.2031 20.3843
v  1.3323 12.2302 20.6315
v  0.9313 12.2571 20.8787
v  1.3924 12.2444 20.7611
v  1.4387 12.2587 20.8919
v  0.9434 12.2780 21.0697
v  1.0309 12.3017 21.2842
v  1.2445 12.3216 21.4659
v  1.2580 12.3230 21.4793
v  1.4974 12.3182 21.4355
v  1.4788 12.3341 21.5807
v  1.2521 12.3589 21.8067
v  1.3962 12.3658 21.8701
v  1.2293 12.3625 21.8401
v  1.1951 12.3649 21.8617
v  1.3320 12.3811 22.0095
v  1.2532 12.3956 22.1424
v  0.9208 12.4055 22.2317
v  1.0572 12.4217 22.3799
v  0.9468 12.4326 22.4795
v  0.8267 12.4422 22.5672
v  0.6286 12.4297 22.4515
v  0.5166 12.4355 22.5076
v  0.7004 12.4503 22.6413
v  0.2694 12.4438 22.5829
v  0.4362 12.4620 22.7480
v  1.0309 12.3095 21.3562
v  0.8696 12.3132 21.3894
v  0.9394 12.3163 21.4181
v  0.9756 12.3156 21.4112
v  1.2217 12.3218 21.4711
v  1.1067 12.3208 21.4879
v  1.2117 12.3025 21.5290
v  1.1077 12.2753 21.5515
v  1.2117 12.2753 21.5515
v  1.2117 12.3177 21.5006
v  1.2127 12.3209 21.4868
v  1.2527 12.3221 21.4712
v  1.2597 12.3240 21.4881
v  1.2597 12.3313 21.5550
v  1.2597 12.3546 21.7672
v  1.1215 12.3648 21.8606
v  1.0879 12.3623 21.8379
v  1.0661 12.3586 21.8039
v  1.0597 12.3313 21.5550
v  1.0597 12.3240 21.4881
v  1.0614 12.3230 21.4793
v  1.0749 12.3216 21.4659
v  1.0985 12.3219 21.4666
v  1.2117 12.2472 21.5607
v  1.2117 12.2086 21.5683
v  1.2117 12.2288 21.5628
v  1.2117 12.1938 21.5805
v  1.2117 12.1843 21.6001
v  1.1406 12.1666 21.7158
v  1.1597 12.1661 21.7194
v  1.1788 12.1666 21.7158
v  1.2080 12.1711 21.6869
v  1.1229 12.1684 21.7044
v  1.1114 12.1711 21.6869
v  1.2117 12.1740 21.6680
v  1.1964 12.1684 21.7044
v  1.1077 12.1938 21.5805
v  1.1077 12.2288 21.5628
v  1.1077 12.2472 21.5607
v  1.1077 12.2086 21.5683
v  1.1077 12.1843 21.6001
v  1.1077 12.1740 21.6680
v  1.1077 12.3177 21.5005
v  1.1077 12.3025 21.5290
v  0.8963 12.2674 20.8566
v  0.8927 12.2783 20.8573
v  0.8671 12.2443 20.7620
v  0.9170 12.2536 20.8471
v  0.2355 12.1790 20.3345
v  0.4088 12.2022 20.3780
v  0.7412 12.2272 20.6055
v  0.9004 12.2606 20.8551
v  0.7934 12.2616 20.7037
v  0.3041 12.2245 20.3659
v  0.1011 12.2137 20.3240
v  0.3088 12.2015 20.3539
v  0.3063 12.2064 20.3594
v  0.4073 12.2055 20.3906
v  0.4969 12.2108 20.4345
v  0.5829 12.2159 20.4875
v  0.6653 12.2236 20.5512
v  0.7383 12.2301 20.6188
v  0.8054 12.2390 20.6967
v  0.8575 12.2471 20.7704
v  0.8540 12.2518 20.7756
v  0.8507 12.2587 20.7783
v  0.7973 12.2508 20.7032
v  0.7338 12.2424 20.6295
v  0.6624 12.2355 20.5619
v  0.5819 12.2285 20.4992
v  0.4958 12.2226 20.4453
v  0.4033 12.2174 20.3997
v  0.3049 12.2134 20.3631
v  0.2042 12.2112 20.3378
v  0.4054 12.2104 20.3962
v  0.4970 12.2158 20.4414
v  0.5829 12.2212 20.4947
v  0.6646 12.2285 20.5583
v  0.7364 12.2351 20.6258
v  0.8016 12.2437 20.7013
v  0.3964 12.3011 20.4056
v  0.1003 12.2928 20.3291
v  0.8474 12.2697 20.7794
v  0.8369 12.3420 20.7783
v  0.7307 12.2537 20.6313
v  0.7836 12.3338 20.7035
v  0.6595 12.2462 20.5635
v  0.7217 12.3259 20.6320
v  0.5803 12.2395 20.5019
v  0.4939 12.2335 20.4477
v  0.4014 12.2284 20.4020
v  0.8816 12.3504 20.8552
v  0.9060 12.2815 20.8868
v  0.9091 12.3593 20.9365
v  0.9047 12.3717 21.0497
v  0.9252 12.2941 21.0016
v  0.8857 12.3774 21.1022
v  0.8678 12.3118 21.1633
v  0.8342 12.3161 21.2007
v  0.8100 12.3881 21.2000
v  0.8195 12.3174 21.2159
v  0.7918 12.3910 21.2257
v  0.8027 12.3199 21.2397
v  0.7789 12.3940 21.2537
v  0.7878 12.4086 21.3867
v  0.8161 12.3395 21.4155
v  0.9926 12.3810 21.7948
v  0.8919 12.4191 21.4819
v  0.8576 12.4164 21.4584
v  0.9429 12.3512 21.5232
v  0.9833 12.4341 21.6184
v  0.9745 12.3565 21.5713
v  0.9962 12.3625 21.6258
v  0.9926 12.4463 21.7302
v  0.9809 12.4520 21.7825
v  0.9623 12.4567 21.8259
v  0.9732 12.3859 21.8397
v  0.9301 12.4233 21.5195
v  0.9615 12.4283 21.5657
v  0.9938 12.4402 21.6744
v  0.8294 12.4143 21.4389
v  0.8259 12.3863 21.1837
v  0.7710 12.3975 21.2856
v  0.7695 12.4012 21.3197
v  0.7752 12.4050 21.3541
v  0.8064 12.4117 21.4154
v  0.8944 12.3535 20.8835
v  0.9128 12.3655 20.9933
v  0.8578 12.3825 21.1481
v  0.6514 12.3186 20.5651
v  0.5731 12.3119 20.5042
v  0.4878 12.3061 20.4506
v  0.3004 12.2972 20.3699
v  0.2011 12.2944 20.3443
v  1.0048 12.3751 21.7410
v  1.0064 12.3688 21.6836
v  0.9041 12.3469 21.4837
v  0.9642 12.3261 21.5086
v  0.9987 12.3319 21.5613
v  1.0225 12.3384 21.6209
v  0.9854 12.3662 21.8511
v  0.9772 12.3760 21.8418
v  0.9965 12.3704 21.7971
v  1.0088 12.3644 21.7419
v  1.0103 12.3580 21.6833
v  0.9996 12.3516 21.6244
v  0.9770 12.3455 21.5689
v  0.9444 12.3402 21.5200
v  0.9045 12.3358 21.4801
v  0.9051 12.3286 21.4752
v  0.9090 12.3239 21.4708
v  0.9511 12.3284 21.5122
v  0.9856 12.3340 21.5630
v  1.0095 12.3403 21.6209
v  1.0210 12.3471 21.6824
v  1.0197 12.3538 21.7437
v  1.0069 12.3601 21.8009
v  0.9463 12.3331 21.5156
v  0.9801 12.3385 21.5654
v  1.0035 12.3448 21.6221
v  1.0148 12.3514 21.6824
v  1.0135 12.3579 21.7425
v  1.0009 12.3642 21.7988
v  0.9804 12.3694 21.8466
v  0.8436 12.2957 21.2156
v  0.8414 12.2992 21.2087
v  0.8378 12.3057 21.2042
v  0.7906 12.3232 21.2657
v  0.7834 12.3262 21.2952
v  0.7820 12.3297 21.3267
v  0.8508 12.3157 21.4145
v  0.7871 12.3334 21.3587
v  0.7989 12.3365 21.3889
v  0.8375 12.3417 21.4373
v  0.8639 12.3437 21.4555
v  0.8655 12.3326 21.4529
v  0.8673 12.3255 21.4491
v  0.8697 12.3207 21.4435
v  0.8202 12.3108 21.3735
v  0.8312 12.2971 21.2286
v  0.8259 12.3008 21.2240
v  0.8224 12.3070 21.2200
v  0.8063 12.3092 21.2426
v  0.7943 12.3126 21.2695
v  0.7875 12.3154 21.2967
v  0.7861 12.3188 21.3271
v  0.7910 12.3225 21.3573
v  0.8029 12.3257 21.3888
v  0.8187 12.3284 21.4129
v  0.8407 12.3307 21.4358
v  0.8442 12.3236 21.4329
v  0.8476 12.3188 21.4277
v  0.8284 12.3167 21.4081
v  0.8132 12.3139 21.3838
v  0.8029 12.3108 21.3568
v  0.7979 12.3078 21.3283
v  0.7989 12.3048 21.2999
v  0.8054 12.3019 21.2732
v  0.8160 12.2995 21.2498
v  0.8102 12.3031 21.2457
v  0.7992 12.3060 21.2726
v  0.7924 12.3088 21.2980
v  0.7911 12.3120 21.3273
v  0.7962 12.3150 21.3558
v  0.8077 12.3186 21.3875
v  0.8225 12.3209 21.4097
v  0.9213 12.2876 20.9422
v  0.9168 12.3006 21.0606
v  0.8969 12.3066 21.1154
v  0.9060 12.2561 20.8526
v  0.9483 12.2638 20.9402
v  0.9526 12.2710 21.0052
v  0.9097 12.2707 20.8864
v  0.9253 12.2769 20.9427
v  0.9292 12.2835 21.0029
v  0.9206 12.2900 21.0627
v  0.9005 12.2961 21.1183
v  0.8711 12.3014 21.1667
v  0.8748 12.2953 21.1702
v  0.8798 12.2914 21.1746
v  0.9140 12.2640 20.8853
v  0.9198 12.2595 20.8832
v  0.9360 12.2660 20.9420
v  0.9401 12.2728 21.0045
v  0.9312 12.2796 21.0665
v  0.9103 12.2859 21.1242
v  0.9298 12.2704 20.9426
v  0.9338 12.2771 21.0038
v  0.9251 12.2837 21.0645
v  0.9047 12.2899 21.1210
v  0.9887 12.3639 21.8550
v  0.9400 12.3726 21.9289
v  0.9299 12.3702 21.9511
v  0.8574 12.3094 22.0455
v  0.8722 12.3111 22.0291
v  0.8837 12.3218 22.0111
v  0.8887 12.3315 22.0042
v  0.9265 12.3484 22.0165
v  0.9172 12.3339 22.0279
v  0.9126 12.3617 21.9725
v  0.9529 12.3702 21.9853
v  0.8986 12.3476 21.9905
v  0.9339 12.3402 22.0831
v  0.9656 12.3856 22.1260
v  0.9965 12.3963 22.1501
v  1.0192 12.3926 22.1153
v  1.0293 12.3872 22.0662
v  0.9795 12.3749 21.9546
v  0.9470 12.3517 22.0433
v  0.9514 12.3547 22.0646
v  0.9476 12.3576 22.0870
v  0.9827 12.3831 22.0996
v  0.9891 12.3787 22.0633
v  0.9830 12.3748 22.0262
v  0.9193 12.3320 22.0942
v  0.9097 12.3156 22.0688
v  0.9274 12.3304 22.0803
v  0.9084 12.3163 22.0750
v  0.7097 12.3254 22.1894
v  0.8196 12.3198 22.1403
v  0.7366 12.3288 22.2160
v  0.5321 12.3383 22.3080
v  0.4317 12.3436 22.3562
v  0.3266 12.3478 22.3941
v  0.9249 12.3420 22.0979
v  0.8544 12.3500 22.1738
v  0.6805 12.3663 22.3172
v  0.2458 12.3842 22.4988
v  0.9042 12.3171 22.0822
v  0.6493 12.3342 22.2803
v  0.1146 12.3561 22.4720
v  0.8520 12.3400 22.1672
v  0.7674 12.3481 22.2444
v  0.6754 12.3561 22.3127
v  0.5757 12.3622 22.3727
v  0.4689 12.3674 22.4237
v  0.3560 12.3714 22.4642
v  0.2397 12.3740 22.4930
v  0.1215 12.3760 22.5109
v  0.0018 12.3786 22.5186
v  0.8379 12.3251 22.1546
v  0.7548 12.3336 22.2313
v  0.6637 12.3406 22.2986
v  0.5655 12.3475 22.3589
v  0.4597 12.3530 22.4094
v  0.3484 12.3572 22.4488
v  0.2335 12.3607 22.4772
v  0.1172 12.3624 22.4930
v  0.0018 12.3885 22.5246
v  0.1261 12.3861 22.5173
v  0.7706 12.3583 22.2494
v  0.9376 12.3609 22.1060
v  0.8312 12.4145 22.3138
v  0.7342 12.4225 22.3868
v  0.3979 12.4401 22.5495
v  0.1389 12.4465 22.6031
v  0.0018 12.4468 22.6110
v  0.1301 12.4019 22.5273
v  0.2518 12.4019 22.5098
v  0.3692 12.4004 22.4809
v  0.4830 12.3960 22.4403
v  0.5898 12.3901 22.3872
v  0.6894 12.3834 22.3265
v  0.7809 12.3760 22.2583
v  0.8659 12.3680 22.1817
v  0.8912 12.3939 22.2051
v  0.8048 12.4028 22.2843
v  0.7115 12.4105 22.3547
v  0.6095 12.4172 22.4163
v  0.5000 12.4229 22.4693
v  0.3845 12.4276 22.5122
v  0.2626 12.4308 22.5430
v  0.1353 12.4325 22.5606
v  0.3019 12.1537 19.9330
v  0.3392 12.1477 19.8784
v  0.3756 12.1475 19.8762
v  0.4104 12.1485 19.8855
v  0.8290 12.1694 20.0763
v  0.9538 12.1794 20.1679
v  1.0678 12.1907 20.2712
v  1.2579 12.2163 20.5052
v  1.4716 12.2729 21.0220
v  1.4926 12.2875 21.1545
v  1.5016 12.3026 21.2928
v  1.4452 12.3501 21.7263
v  1.1611 12.4092 22.2665
v  0.5701 12.4569 22.7015
v  0.2983 12.4656 22.7807
v  0.1549 12.4677 22.8003
v  0.0018 12.4689 22.8111
v  0.2019 12.1292 20.1353
v  0.2019 12.1560 20.1532
v  0.2019 12.1750 20.1791
v  0.2019 12.1014 20.1280
v  0.2019 11.9359 20.1170
v  0.1123 11.9351 20.1200
v  0.1319 11.9359 20.1171
v  0.0886 11.9343 20.1303
v  0.1094 12.0997 20.1316
v  0.0328 11.9314 20.1857
v  0.0733 11.9342 20.1424
v  0.0171 11.9306 20.1975
v  0.0018 11.9304 20.2007
v  0.0018 12.1152 20.2129
v  0.0507 12.1913 20.2773
v  0.0175 12.1135 20.2094
v  0.0390 12.1357 20.2004
v  0.0527 12.1623 20.2117
v  0.0018 12.1879 20.2692
v  0.0018 12.1379 20.2183
v  0.0208 12.1385 20.2144
v  0.0310 12.1674 20.2317
v  0.0447 12.1866 20.2589
v  0.0333 12.1094 20.1971
v  0.0722 12.1809 20.2294
v  0.1076 12.1751 20.1872
v  0.0898 12.0989 20.1402
v  0.0741 12.0964 20.1524
v  0.0717 12.1035 20.1551
v  0.0668 12.1053 20.1607
v  0.0722 12.1277 20.1626
v  0.0872 12.1546 20.1699
v  0.1321 12.1292 20.1354
v  0.1167 12.1671 20.1690
v  0.1190 12.1233 20.1348
v  0.0965 12.1157 20.1396
v  0.0869 12.1215 20.1478
v  0.0804 12.1261 20.1538
v  0.0966 12.1497 20.1588
v  0.1060 12.1409 20.1467
v  0.1317 12.1012 20.1281
v  0.1300 12.1751 20.1794
v  0.1303 12.1557 20.1531
v  0.2211 12.1838 20.2089
v  0.2686 12.1830 20.2007
v  0.3019 12.1772 20.1477
v  0.8409 12.3056 21.3203
v  0.9031 12.2956 21.2292
v  0.9010 12.3138 22.0524
v  0.9369 12.3383 22.0664
v  0.9128 12.3252 22.0347
v  0.9337 12.3361 22.0503
v  0.9296 12.3289 22.0674
v  0.8862 12.3120 22.0694
v  0.9271 12.3273 22.0536
v  0.9083 12.3148 22.0620
v  0.2357 12.1843 20.3201
v  0.2019 12.1801 20.3299
v  0.1971 12.1845 20.3172
v  0.1027 12.1840 20.3177
v  0.1040 12.1856 20.3097
v  0.0018 12.1889 20.3094
v  0.5527 12.3420 22.3385
v  0.4491 12.3474 22.3883
v  0.3415 12.3507 22.4274
v  0.2286 12.3546 22.4551
v  0.5816 12.3729 22.3774
v  0.3621 12.3825 22.4695
v  0.4752 12.3792 22.4293
v  0.0018 12.2922 20.3242
v  -35.6380 16.7155 23.4999
v  -35.5487 17.0527 23.4962
v  -35.5429 17.0467 24.2499
v  -35.6380 16.7155 24.2499
v  -35.3540 17.3305 23.4950
v  -35.3467 17.3232 24.2499
v  -35.0762 17.5255 23.4962
v  -35.0704 17.5198 24.2499
v  -34.7394 17.6155 23.4999
v  -34.7395 17.6155 24.2499
v  -35.6380 -16.7155 24.2499
v  -35.6380 -16.7155 23.4999
v  -34.9337 15.3031 1.9509
v  -34.9337 -15.3031 1.9509
v  -34.8625 15.6514 1.9373
v  -34.7394 -17.6155 23.4999
v  -35.0847 -17.5344 23.4895
v  -35.0854 -17.5342 24.2499
v  -34.7395 -17.6155 24.2499
v  -35.3738 -17.3418 23.4842
v  -35.3759 -17.3389 24.2499
v  -35.5554 -17.0552 23.4912
v  -35.5561 -17.0534 24.2499
v  -34.8584 -15.6613 1.9343
v  -34.6527 -15.9530 1.9185
v  -34.6677 15.9398 1.9254
v  -34.3776 16.1321 1.9194
v  -34.0342 16.2012 1.9214
v  -34.3508 -16.1420 1.9165
v  -34.0342 -16.2012 1.9214
v  -34.8773 -15.2641 1.5907
v  -34.8772 15.2631 1.5903
v  -34.8055 -15.6180 1.5801
v  -34.6031 -15.9027 1.5711
v  -34.3042 -16.0870 1.5674
v  -34.0012 -16.1384 1.5696
v  -34.3359 16.0731 1.5629
v  -33.9966 16.1383 1.5690
v  -34.6210 15.8840 1.5674
v  -34.8119 15.6006 1.5808
v  -34.7403 -15.2046 1.2621
v  -34.5373 -15.1278 0.9854
v  -34.5446 15.1242 0.9935
v  -34.7398 15.2015 1.2614
v  -34.6781 -15.5327 1.2601
v  -34.4957 -15.4081 0.9926
v  -34.5005 -15.7910 1.2574
v  -34.3589 -15.6158 0.9897
v  -34.2194 -15.9574 1.2526
v  -34.1122 -15.7597 0.9799
v  -33.9415 -16.0021 1.2498
v  -33.8558 -15.7946 0.9734
v  -33.9330 16.0011 1.2483
v  -33.8519 15.7993 0.9784
v  -34.2477 15.9402 1.2427
v  -34.1220 15.7503 0.9771
v  -34.5107 15.7696 1.2455
v  -34.3473 15.6086 0.9789
v  -34.6850 15.5096 1.2587
v  -34.4976 15.3894 0.9883
v  -34.2692 -15.0373 0.7539
v  -34.2888 15.0332 0.7675
v  -34.2567 -15.2511 0.7718
v  -34.1492 -15.3985 0.7643
v  -33.9811 -15.4993 0.7560
v  -33.7522 -15.5228 0.7441
v  -33.7560 15.5359 0.7527
v  -33.9648 15.5060 0.7573
v  -34.1358 15.4034 0.7607
v  -34.2502 15.2414 0.7655
v  -33.9084 14.8905 0.5769
v  -33.8587 -15.0979 0.5854
v  -33.6151 -15.1605 0.5716
v  -33.8348 15.1126 0.5818
v  -33.4697 -14.7312 0.5009
v  -33.4622 14.7325 0.5006
v  -33.0401 -14.3044 0.0002
v  -33.0329 14.3057 0.0001
v  -33.2652 -14.5251 0.1866
v  -33.2641 14.5346 0.1976
v  -33.1638 -14.4312 0.0495
v  -33.1650 14.4331 0.0508
v  -33.3109 -14.5749 0.3672
v  -33.2997 14.5701 0.3430
v  -32.9346 -14.7698 0.4374
v  -32.9286 -14.7064 0.3088
v  -32.9308 -14.6481 0.1651
v  -32.9317 -14.5601 0.0736
v  -32.9317 -14.3349 -0.0001
v  -33.0703 -14.2028 -0.0001
v  -33.2337 -14.2028 0.0385
v  -33.3883 -14.2020 0.1793
v  -33.4398 -14.2023 0.3181
v  -33.5098 -14.2026 0.4467
v  -33.9116 -14.8922 0.5781
v  -33.5016 14.1976 0.4379
v  -33.4343 14.2045 0.2932
v  -33.3784 14.2025 0.1634
v  -33.2624 14.1991 0.0541
v  -33.0744 14.2039 0.0001
v  -32.9356 14.3391 -0.0000
v  -32.9329 14.5288 0.0527
v  -32.9349 14.6506 0.1691
v  -32.9336 14.7071 0.3120
v  -32.9331 14.7775 0.4457
v  -33.6242 15.1804 0.5789
v  -32.9170 -14.1828 -0.0001
v  -32.9182 14.1832 -0.0001
v  -0.0000 0.0009 0.0000
v  -33.6948 -14.8093 0.5227
v  -33.6895 14.8089 0.5219
v  -33.6658 -14.9156 0.5264
v  -33.5402 -14.9493 0.5218
v  -33.5405 14.9605 0.5238
v  -33.6494 14.9236 0.5250
v  -33.2098 -14.9648 0.5238
v  -33.7143 -14.4784 0.5266
v  -33.7039 14.4717 0.5246
v  -33.2092 14.9813 0.5268
v  -32.9182 14.0173 -0.0001
v  -33.0743 14.0378 0.0001
v  -33.2622 14.0330 0.0540
v  -33.3785 14.0364 0.1635
v  -33.4344 14.0384 0.2933
v  -33.5017 14.0316 0.4379
v  -33.7040 14.3024 0.5246
v  -33.9085 14.7163 0.5769
v  -34.2887 14.8573 0.7674
v  -34.5446 14.9473 0.9935
v  -34.7398 15.0237 1.2614
v  -34.8772 15.0846 1.5903
v  -34.9337 15.1241 1.9509
v  -35.6380 16.5200 23.4999
v  -35.6380 16.5200 24.2499
v  -32.7046 14.1832 -0.0001
v  -32.7219 14.3391 -0.0000
v  -32.7192 14.5292 0.0530
v  -32.7212 14.6510 0.1701
v  -32.7199 14.7075 0.3128
v  -32.7195 14.7784 0.4461
v  -32.9938 14.9820 0.5270
v  -33.4060 15.1809 0.5791
v  -33.5370 15.5360 0.7528
v  -33.6323 15.7994 0.9785
v  -33.7129 16.0011 1.2484
v  -33.7760 16.1383 1.5692
v  -33.8134 16.2012 1.9214
v  -34.5140 17.6155 23.4999
v  -34.5141 17.6155 24.2499
v  -32.6759 -14.1828 -0.0001
v  -32.6905 -14.3349 -0.0001
v  -32.6905 -14.5602 0.0737
v  -32.6896 -14.6485 0.1663
v  -32.6874 -14.7070 0.3099
v  -32.6934 -14.7707 0.4384
v  -32.9665 -14.9657 0.5241
v  -33.3689 -15.1611 0.5717
v  -33.5050 -15.5228 0.7441
v  -33.6078 -15.7942 0.9730
v  -33.6929 -16.0018 1.2494
v  -33.7521 -16.1385 1.5697
v  -33.7849 -16.2012 1.9214
v  -34.4850 -17.6155 23.4999
v  -34.4850 -17.6155 24.2499
v  -32.9171 -13.9400 -0.0001
v  -33.0703 -13.9596 -0.0001
v  -33.2340 -13.9597 0.0386
v  -33.3882 -13.9589 0.1792
v  -33.4397 -13.9592 0.3179
v  -33.5098 -13.9595 0.4466
v  -33.7142 -14.2306 0.5266
v  -33.9116 -14.6372 0.5781
v  -34.2694 -14.7799 0.7540
v  -34.5373 -14.8688 0.9855
v  -34.7403 -14.9444 1.2621
v  -34.8773 -15.0028 1.5907
v  -34.9337 -15.0411 1.9509
v  -35.6380 -16.4293 23.4999
v  -33.1078 -14.6103 0.1605
v  -33.0505 -14.5029 0.0496
v  -33.1306 -14.6706 0.3183
v  -33.2026 -14.7518 0.4666
v  -32.9859 -14.3197 -0.0001
v  -33.3750 -14.9570 0.5230
v  -33.4914 -14.4674 0.4706
v  -33.0552 -14.2536 -0.0001
v  -33.2037 -14.3190 0.0350
v  -33.3493 -14.3724 0.1680
v  -33.4038 -14.3987 0.3241
v  -33.7046 -14.6439 0.5247
v  -33.3446 14.3782 0.1651
v  -33.2196 14.3185 0.0422
v  -33.3972 14.3982 0.2994
v  -33.4839 14.4657 0.4657
v  -33.0537 14.2548 -0.0001
v  -33.6967 14.6403 0.5231
v  -33.1984 14.7573 0.4689
v  -32.9842 14.3224 -0.0001
v  -33.0513 14.4867 0.0417
v  -33.1090 14.6159 0.1683
v  -33.1274 14.6693 0.3084
v  -33.3749 14.9709 0.5253
v  35.5487 17.0527 23.4962
v  35.6380 16.7155 23.4999
v  35.3540 17.3305 23.4950
v  35.0762 17.5255 23.4962
v  34.7394 17.6155 23.4999
v  35.6380 16.5200 23.4999
v  35.0847 -17.5344 23.4895
v  34.7394 -17.6155 23.4999
v  35.3738 -17.3418 23.4842
v  35.5554 -17.0552 23.4912
v  35.6380 -16.7155 23.4999
v  34.5140 17.6155 23.4999
v  34.4850 -17.6155 23.4999
v  34.9337 15.3031 1.9509
v  34.8772 15.2631 1.5903
v  34.8772 15.0846 1.5903
v  34.9337 15.1241 1.9509
v  34.9337 -15.3031 1.9509
v  34.8773 -15.2641 1.5907
v  34.8054 -15.6180 1.5801
v  34.8584 -15.6613 1.9343
v  34.6031 -15.9027 1.5711
v  34.6526 -15.9530 1.9185
v  34.3042 -16.0870 1.5674
v  34.3508 -16.1420 1.9165
v  34.0012 -16.1384 1.5696
v  34.0342 -16.2012 1.9214
v  33.7521 -16.1385 1.5697
v  33.7849 -16.2012 1.9214
v  34.0342 16.2012 1.9214
v  33.9966 16.1383 1.5690
v  34.3359 16.0731 1.5629
v  34.3775 16.1321 1.9194
v  34.6210 15.8840 1.5674
v  34.6677 15.9398 1.9254
v  34.8119 15.6006 1.5808
v  34.8625 15.6514 1.9373
v  34.7403 -15.2046 1.2621
v  34.7403 -14.9444 1.2621
v  34.5373 -14.8688 0.9855
v  34.5373 -15.1278 0.9854
v  34.6781 -15.5327 1.2601
v  34.4957 -15.4081 0.9926
v  34.5004 -15.7910 1.2574
v  34.3589 -15.6158 0.9897
v  34.2194 -15.9574 1.2526
v  34.1122 -15.7597 0.9799
v  33.9415 -16.0021 1.2498
v  33.8558 -15.7946 0.9734
v  33.9330 16.0011 1.2483
v  33.7129 16.0011 1.2484
v  33.6322 15.7994 0.9785
v  33.8519 15.7993 0.9784
v  34.2477 15.9402 1.2427
v  34.1220 15.7503 0.9771
v  34.5107 15.7696 1.2455
v  34.3473 15.6086 0.9789
v  34.6850 15.5096 1.2587
v  34.4976 15.3894 0.9883
v  34.7397 15.2015 1.2614
v  34.5446 15.1242 0.9935
v  34.2694 -14.7799 0.7540
v  34.2692 -15.0373 0.7539
v  34.2567 -15.2511 0.7718
v  34.1492 -15.3985 0.7643
v  33.9810 -15.4993 0.7560
v  33.7522 -15.5228 0.7441
v  33.5370 15.5360 0.7528
v  33.7560 15.5359 0.7527
v  33.9648 15.5060 0.7573
v  34.1358 15.4034 0.7607
v  34.2502 15.2414 0.7655
v  34.2888 15.0332 0.7675
v  34.8773 -15.0028 1.5907
v  33.7760 16.1383 1.5692
v  33.9084 14.8905 0.5769
v  33.9084 14.7163 0.5769
v  34.2887 14.8573 0.7674
v  33.9116 -14.8922 0.5781
v  33.8587 -15.0979 0.5854
v  33.6151 -15.1605 0.5716
v  33.3689 -15.1611 0.5717
v  33.5050 -15.5228 0.7441
v  33.6242 15.1804 0.5789
v  33.8348 15.1126 0.5818
v  33.7045 -14.6439 0.5247
v  33.6948 -14.8093 0.5227
v  33.6658 -14.9156 0.5264
v  33.5402 -14.9493 0.5218
v  33.3749 14.9709 0.5253
v  33.5405 14.9605 0.5238
v  33.6494 14.9236 0.5250
v  33.6895 14.8089 0.5219
v  33.6929 -16.0018 1.2494
v  33.6078 -15.7942 0.9730
v  33.8133 16.2012 1.9214
v  33.4060 15.1809 0.5791
v  32.9665 -14.9657 0.5241
v  32.6934 -14.7707 0.4384
v  32.6874 -14.7070 0.3099
v  33.4697 -14.7312 0.5009
v  33.4914 -14.4674 0.4706
v  33.4038 -14.3987 0.3241
v  33.3109 -14.5749 0.3672
v  33.4622 14.7325 0.5006
v  33.1984 14.7573 0.4689
v  33.1274 14.6693 0.3084
v  33.2997 14.5701 0.3430
v  33.2652 -14.5251 0.1866
v  33.1638 -14.4312 0.0495
v  33.0505 -14.5029 0.0496
v  33.1078 -14.6103 0.1605
v  33.2641 14.5346 0.1976
v  33.1650 14.4331 0.0508
v  33.2196 14.3185 0.0422
v  33.3446 14.3782 0.1651
v  32.7192 14.5292 0.0530
v  32.7212 14.6510 0.1701
v  33.0401 -14.3044 0.0002
v  32.9859 -14.3197 -0.0001
v  33.0329 14.3057 0.0001
v  33.0537 14.2548 -0.0001
v  32.7219 14.3391 -0.0000
v  33.1306 -14.6706 0.3183
v  33.3972 14.3982 0.2994
v  32.7199 14.7075 0.3128
v  33.3750 -14.9570 0.5230
v  33.2098 -14.9648 0.5238
v  32.9346 -14.7698 0.4374
v  33.2026 -14.7518 0.4666
v  32.9286 -14.7064 0.3088
v  32.9317 -14.5601 0.0736
v  32.6905 -14.5602 0.0737
v  32.6895 -14.6485 0.1663
v  32.9307 -14.6481 0.1651
v  32.9317 -14.3349 -0.0001
v  32.6904 -14.3349 -0.0001
v  33.9116 -14.6372 0.5781
v  33.7142 -14.2306 0.5266
v  33.7143 -14.4784 0.5266
v  33.5098 -14.2026 0.4467
v  33.5097 -13.9595 0.4466
v  33.4397 -13.9592 0.3179
v  33.4398 -14.2023 0.3181
v  33.2337 -14.2028 0.0385
v  33.2037 -14.3190 0.0350
v  33.3493 -14.3724 0.1680
v  33.3882 -14.2020 0.1793
v  33.0703 -14.2028 -0.0001
v  33.0552 -14.2536 -0.0001
v  33.2624 14.1991 0.0541
v  33.2622 14.0330 0.0540
v  33.3784 14.0364 0.1635
v  33.3784 14.2025 0.1634
v  33.0743 14.2039 0.0001
v  33.0743 14.0378 0.0001
v  33.4344 14.0384 0.2933
v  33.4343 14.2045 0.2932
v  33.6967 14.6403 0.5231
v  33.7039 14.4717 0.5246
v  33.5016 14.1976 0.4379
v  33.4838 14.4657 0.4657
v  32.9938 14.9820 0.5270
v  33.2092 14.9813 0.5268
v  32.9331 14.7775 0.4457
v  32.7194 14.7784 0.4461
v  32.9336 14.7071 0.3120
v  32.9329 14.5288 0.0527
v  33.0513 14.4867 0.0417
v  33.1090 14.6159 0.1683
v  32.9349 14.6506 0.1691
v  32.9356 14.3391 -0.0000
v  32.9842 14.3224 -0.0001
v  32.6759 -14.1828 -0.0001
v  32.9170 -14.1828 -0.0001
v  33.0703 -13.9596 -0.0001
v  32.9170 -13.9400 -0.0001
v  32.9182 14.1832 -0.0001
v  32.7046 14.1832 -0.0001
v  32.9182 14.0173 -0.0001
v  33.5017 14.0316 0.4379
v  33.7040 14.3024 0.5246
v  35.6380 16.7155 24.2499
v  35.5429 17.0467 24.2499
v  35.3467 17.3232 24.2499
v  35.0704 17.5198 24.2499
v  34.7394 17.6155 24.2499
v  34.5140 17.6155 24.2499
v  34.4850 -17.6155 24.2499
v  34.7394 -17.6155 24.2499
v  35.0854 -17.5342 24.2499
v  35.3759 -17.3389 24.2499
v  35.5561 -17.0534 24.2499
v  35.6380 -16.7155 24.2499
v  35.6380 16.5200 24.2499
v  35.6380 -16.4293 23.4999
v  34.9337 -15.0411 1.9509
v  34.7397 15.0237 1.2614
v  34.5446 14.9473 0.9935
v  33.2340 -13.9597 0.0386
v  33.3882 -13.9589 0.1792
v  -35.6380 -16.4394 24.2499
v  35.6380 -16.4303 24.2499
v  -34.9372 15.3102 2.0586
v  -34.9372 -15.3102 2.0586
v  -34.8659 15.6585 2.0450
v  -34.8619 -15.6683 2.0421
v  -34.6563 -15.9599 2.0263
v  -34.6711 15.9468 2.0332
v  -34.3811 16.1391 2.0272
v  -34.0377 16.2082 2.0293
v  -34.3544 -16.1489 2.0244
v  -34.0377 -16.2082 2.0293
v  -34.9372 15.1311 2.0586
v  -33.8169 16.2082 2.0293
v  -33.7884 -16.2082 2.0293
v  -34.9372 -15.0481 2.0586
v  34.9372 15.3102 2.0586
v  34.8659 15.6585 2.0450
v  34.9372 -15.3102 2.0586
v  34.8619 -15.6683 2.0421
v  34.6563 -15.9599 2.0263
v  34.6711 15.9468 2.0332
v  34.0377 16.2082 2.0293
v  34.3810 16.1391 2.0272
v  34.0377 -16.2082 2.0293
v  34.3544 -16.1489 2.0244
v  34.9372 15.1311 2.0586
v  33.7884 -16.2082 2.0293
v  33.8168 16.2082 2.0293
v  34.9372 -15.0481 2.0586
# 7072 vertices

o 6366
g 6366
s 1
f 31 34 33 32 
f 35 31 32 36 
f 37 35 36 38 
f 39 37 38 40 
f 41 39 40 42 
f 43 41 42 44 
f 45 43 44 46 
f 47 45 46 48 
f 33 34 50 49 
f 51 54 53 52 
f 55 58 57 56 
f 59 55 56 60 
f 61 59 60 62 
f 63 61 62 64 
f 65 63 64 66 
f 67 65 66 68 
f 69 67 68 70 
f 54 69 70 53 
f 71 57 58 72 
f 73 76 75 74 
f 77 80 79 78 
f 81 82 80 77 
f 83 84 82 81 
f 85 86 84 83 
f 87 88 86 85 
f 89 90 88 87 
f 91 92 90 89 
f 93 94 92 91 
f 94 93 96 95 
f 97 100 99 98 
f 101 102 99 100 
f 103 104 102 101 
f 105 106 104 103 
f 105 108 107 106 
f 108 110 109 107 
f 110 112 111 109 
f 112 114 113 111 
f 113 114 116 115 
f 117 120 119 118 
f 121 119 120 122 
f 123 124 121 122 
f 125 126 124 123 
f 127 128 126 125 
f 129 130 128 127 
f 131 132 130 129 
f 133 134 132 131 
f 135 136 134 133 
f 137 140 139 138 
f 141 142 139 140 
f 143 144 142 141 
f 145 146 144 143 
f 147 146 145 148 
f 149 147 148 150 
f 151 149 150 152 
f 153 151 152 154 
f 155 153 154 156 
f 157 160 159 158 
f 161 79 120 117 
f 80 122 120 79 
f 82 123 122 80 
f 84 125 123 82 
f 86 127 125 84 
f 88 129 127 86 
f 131 129 88 90 
f 92 133 131 90 
f 135 133 92 94 
f 162 98 140 137 
f 99 141 140 98 
f 102 143 141 99 
f 104 145 143 102 
f 148 145 104 106 
f 150 148 106 107 
f 152 150 107 109 
f 154 152 109 111 
f 156 154 111 113 
f 163 164 160 157 
f 118 119 166 165 
f 121 167 166 119 
f 124 168 167 121 
f 126 169 168 124 
f 128 170 169 126 
f 130 171 170 128 
f 172 171 130 132 
f 134 173 172 132 
f 136 174 173 134 
f 138 139 176 175 
f 142 177 176 139 
f 144 178 177 142 
f 146 179 178 144 
f 180 179 146 147 
f 181 180 147 149 
f 182 181 149 151 
f 183 182 151 153 
f 184 183 153 155 
f 158 159 186 185 
f 187 190 189 188 
f 191 194 193 192 
f 192 193 195 
f 195 193 196 
f 193 198 197 196 
f 197 198 199 
f 199 198 201 200 
f 200 201 202 
f 202 201 203 
f 204 206 205 
f 205 206 207 
f 207 206 208 
f 208 206 209 
f 209 206 210 
f 210 206 211 
f 211 206 212 
f 212 206 213 
f 214 213 206 215 
f 48 217 216 47 
f 98 162 218 97 
f 219 1621 1620 220 
f 221 1622 1621 219 
f 220 1620 1619 222 
f 223 226 1617 1618 
f 227 49 50 228 
f 229 115 116 230 
f 156 232 231 155 
f 113 115 232 156 
f 231 233 184 155 
f 234 194 191 
f 235 238 237 236 
f 239 242 241 240 
f 243 1658 1657 244 
f 95 1659 1658 243 
f 244 1657 1656 248 
f 250 1655 1654 251 
f 254 257 256 255 
f 239 258 257 254 
f 255 256 260 259 
f 261 264 263 262 
f 217 1624 1625 216 
f 221 267 1623 1622 
f 268 271 270 269 
f 272 275 274 273 
f 276 279 278 277 
f 280 283 282 281 
f 277 278 284 269 
f 285 286 275 282 
f 273 274 279 276 
f 287 290 289 288 
f 291 1609 1608 292 
f 295 1613 1612 296 
f 299 1611 1610 300 
f 303 1615 1614 304 
f 300 1610 1609 291 
f 304 1614 1613 295 
f 296 1612 1611 299 
f 307 1616 1615 303 
f 308 310 309 
f 311 309 313 312 
f 313 315 314 312 
f 315 317 316 314 
f 317 319 318 316 
f 319 321 320 318 
f 321 323 322 320 
f 322 323 325 324 
f 326 310 328 327 
f 329 326 327 330 
f 331 329 330 332 
f 308 328 310 
f 232 334 333 231 
f 115 229 334 232 
f 231 333 335 233 
f 336 337 194 234 
f 338 227 228 339 
f 340 229 230 341 
f 334 343 342 333 
f 229 340 343 334 
f 333 342 344 335 
f 345 346 337 336 
f 347 338 339 348 
f 349 340 341 350 
f 343 352 351 342 
f 340 349 352 343 
f 342 351 353 344 
f 354 355 346 345 
f 356 359 358 357 
f 163 362 361 360 
f 363 331 332 364 
f 365 368 367 366 
f 368 370 369 367 
f 371 374 373 372 
f 374 311 312 373 
f 313 309 310 326 
f 372 373 376 375 
f 373 312 314 376 
f 315 313 326 329 
f 375 376 378 377 
f 376 314 316 378 
f 317 315 329 331 
f 377 378 380 379 
f 316 318 380 378 
f 319 317 331 363 
f 379 380 382 381 
f 318 320 382 380 
f 321 319 363 383 
f 382 385 384 381 
f 320 322 385 382 
f 323 321 383 386 
f 384 385 388 387 
f 385 322 324 388 
f 389 391 325 390 
f 306 371 372 305 
f 305 372 375 298 
f 298 375 377 297 
f 297 377 379 302 
f 302 379 381 301 
f 301 381 384 294 
f 294 384 387 293 
f 392 394 393 
f 397 400 1648 1649 
f 401 404 1650 1651 
f 405 408 1646 1647 
f 395 401 1651 1652 
f 400 405 1647 1648 
f 404 397 1649 1650 
f 408 410 1645 1646 
f 266 412 411 265 
f 413 416 415 414 
f 417 420 419 418 
f 221 422 421 267 
f 423 258 425 424 
f 426 428 427 247 
f 246 430 429 245 
f 431 434 433 432 
f 220 436 435 219 
f 247 427 430 246 
f 437 242 434 431 
f 219 435 422 221 
f 245 429 438 249 
f 432 433 440 439 
f 222 441 436 220 
f 253 443 442 252 
f 444 447 446 445 
f 225 449 448 224 
f 396 451 450 395 
f 452 454 284 453 
f 303 456 455 307 
f 299 458 457 296 
f 459 462 461 460 
f 397 464 463 400 
f 295 466 465 304 
f 467 470 469 468 
f 401 472 471 404 
f 291 474 473 300 
f 475 478 477 476 
f 405 480 479 408 
f 304 465 456 303 
f 468 469 270 481 
f 395 450 472 401 
f 300 473 458 299 
f 281 272 462 477 
f 286 285 480 463 
f 296 457 466 295 
f 460 461 470 467 
f 404 471 464 397 
f 482 484 483 292 
f 485 488 487 486 
f 408 479 489 410 
f 394 490 393 
f 491 494 493 492 
f 495 498 497 496 
f 499 502 501 500 
f 490 495 496 503 
f 492 493 502 499 
f 498 494 491 497 
f 501 505 504 500 
f 506 509 508 507 
f 509 491 492 508 
f 493 494 398 399 
f 510 513 512 511 
f 513 496 497 512 
f 498 495 402 403 
f 514 517 516 515 
f 517 499 500 516 
f 501 502 406 407 
f 518 519 513 510 
f 519 503 496 513 
f 495 490 394 402 
f 507 508 517 514 
f 508 492 499 517 
f 502 493 399 406 
f 511 512 509 506 
f 512 497 491 509 
f 494 498 403 398 
f 515 516 521 520 
f 500 504 521 516 
f 522 505 409 523 
f 393 519 518 
f 393 503 519 
f 393 490 503 
f 308 371 306 
f 308 374 371 
f 308 311 374 
f 308 309 311 
f 524 51 52 525 
f 79 161 526 78 
f 527 117 118 528 
f 529 161 117 527 
f 528 118 165 530 
f 531 214 215 532 
f 161 529 533 526 
f 534 524 525 535 
f 536 527 528 537 
f 538 529 527 536 
f 537 528 530 539 
f 540 531 532 541 
f 529 538 542 533 
f 543 534 535 544 
f 545 536 537 546 
f 547 538 536 545 
f 546 537 539 548 
f 549 540 541 550 
f 538 547 551 542 
f 552 543 544 553 
f 554 545 546 555 
f 556 547 545 554 
f 555 546 548 557 
f 558 559 549 550 
f 547 556 560 551 
f 552 553 562 561 
f 563 554 555 564 
f 565 556 554 563 
f 564 555 557 566 
f 567 568 559 558 
f 556 565 569 560 
f 568 567 570 
f 571 574 573 572 
f 575 578 577 576 
f 73 579 578 575 
f 576 577 581 580 
f 582 585 584 583 
f 586 589 588 587 
f 590 586 587 591 
f 592 590 591 593 
f 594 592 593 595 
f 596 594 595 597 
f 598 596 597 599 
f 600 603 602 601 
f 604 607 606 605 
f 587 588 518 510 
f 608 589 586 609 
f 591 587 510 511 
f 586 590 610 609 
f 593 591 511 506 
f 590 592 611 610 
f 595 593 506 507 
f 592 594 612 611 
f 597 595 507 514 
f 594 596 613 612 
f 599 597 514 515 
f 596 598 614 613 
f 615 616 607 604 
f 600 618 617 605 
f 619 622 621 620 
f 623 626 625 624 
f 627 630 629 628 
f 631 627 628 632 
f 633 631 632 634 
f 366 633 634 365 
f 366 367 635 364 
f 367 369 636 635 
f 637 638 623 624 
f 627 327 328 630 
f 330 327 627 631 
f 332 330 631 633 
f 328 308 630 
f 364 332 633 366 
f 364 635 383 363 
f 383 635 636 386 
f 639 640 638 637 
f 630 308 629 
f 641 644 643 642 
f 645 646 1642 1641 
f 647 646 645 648 
f 649 650 647 648 
f 651 652 650 649 
f 653 654 652 651 
f 655 658 657 656 
f 659 662 661 660 
f 663 666 665 664 
f 667 668 666 663 
f 669 670 668 667 
f 671 672 670 669 
f 673 674 672 671 
f 675 676 1605 1604 
f 677 680 679 678 
f 681 684 683 682 
f 685 688 687 686 
f 352 1532 1533 351 
f 690 157 158 689 
f 1 159 160 691 
f 349 1531 1532 352 
f 362 163 157 690 
f 691 160 164 2 
f 351 1533 1534 353 
f 689 158 185 692 
f 693 186 159 1 
f 694 695 1536 1535 
f 188 189 695 694 
f 190 187 2369 2370 
f 2371 697 696 2374 
f 697 356 357 696 
f 348 1528 1529 347 
f 2 164 698 2378 
f 164 163 360 698 
f 350 1530 1531 349 
f 699 700 2382 3 
f 620 621 700 699 
f 640 622 1541 1540 
f 2385 703 702 701 
f 624 625 702 703 
f 626 623 1538 1537 
f 5 704 703 2385 
f 704 637 624 703 
f 369 1538 1539 636 
f 4 705 704 5 
f 705 639 637 704 
f 636 1539 1540 386 
f 664 665 1544 1545 
f 706 707 662 659 
f 708 6 709 660 
f 565 1585 1586 569 
f 579 73 74 710 
f 711 75 76 20 
f 21 713 712 2403 
f 713 571 572 712 
f 562 1587 1588 561 
f 2406 716 715 714 
f 716 575 576 715 
f 564 1583 1584 563 
f 20 76 716 2406 
f 76 73 575 716 
f 563 1584 1585 565 
f 714 715 717 2412 
f 715 576 580 717 
f 566 1582 1583 564 
f 2414 719 718 22 
f 719 582 583 718 
f 570 1580 1581 568 
f 618 720 2420 23 
f 618 600 601 720 
f 721 1574 1575 520 
f 723 724 617 24 
f 724 604 605 617 
f 599 1577 1578 598 
f 2427 725 724 723 
f 725 615 604 724 
f 598 1578 1579 614 
f 515 1576 1577 599 
f 603 600 605 606 
f 24 617 618 23 
f 25 727 726 26 
f 727 655 656 726 
f 728 1570 1571 653 
f 730 733 732 731 
f 734 1639 1638 735 
f 736 734 735 737 
f 738 736 737 739 
f 738 739 741 740 
f 740 741 743 742 
f 27 746 745 744 
f 747 750 1548 1547 
f 751 748 749 752 
f 753 751 752 754 
f 755 753 754 756 
f 757 755 756 758 
f 757 758 760 759 
f 759 760 1601 1602 
f 761 762 764 763 
f 765 768 767 766 
f 769 772 771 770 
f 773 774 750 747 
f 775 776 774 773 
f 7 777 776 775 
f 746 779 778 745 
f 779 781 780 778 
f 781 1569 1568 780 
f 782 785 784 783 
f 786 1637 1636 787 
f 788 786 787 789 
f 790 788 789 791 
f 792 794 793 791 
f 795 797 793 796 
f 2512 799 798 2515 
f 800 803 1550 1551 
f 804 805 803 800 
f 806 807 805 804 
f 808 810 807 809 
f 811 813 809 812 
f 814 815 813 811 
f 816 817 1599 1598 
f 818 821 820 819 
f 822 825 824 823 
f 826 829 828 827 
f 801 802 831 830 
f 830 831 833 832 
f 832 833 2554 8 
f 834 835 798 799 
f 834 837 836 835 
f 837 1567 1566 836 
f 393 518 588 
f 393 588 589 
f 393 589 608 
f 838 841 840 839 
f 842 1635 1634 843 
f 844 842 843 845 
f 792 844 845 846 
f 794 792 846 847 
f 848 794 847 849 
f 28 851 850 2577 
f 852 855 1552 1553 
f 856 857 855 852 
f 858 859 857 856 
f 860 861 859 858 
f 862 863 861 860 
f 864 865 863 862 
f 816 1598 1597 866 
f 867 870 869 868 
f 871 874 873 872 
f 875 878 877 876 
f 853 854 880 879 
f 879 880 882 881 
f 881 882 883 2612 
f 884 850 886 885 
f 887 889 888 886 
f 889 1565 1564 888 
f 29 891 890 2623 
f 890 891 893 892 
f 893 895 894 892 
f 894 895 1561 1560 
f 898 901 1555 1556 
f 899 900 903 902 
f 902 903 905 904 
f 904 905 2640 906 
f 907 910 909 908 
f 911 914 913 912 
f 915 918 917 916 
f 919 922 921 920 
f 923 924 1631 1630 
f 925 901 898 926 
f 927 924 923 928 
f 929 930 927 928 
f 931 932 930 929 
f 896 897 932 931 
f 933 925 926 934 
f 935 933 934 936 
f 937 938 935 936 
f 939 940 938 937 
f 941 942 1594 1593 
f 30 944 943 2685 
f 2623 890 944 30 
f 891 29 2686 945 
f 943 944 947 946 
f 944 890 892 947 
f 948 893 891 945 
f 947 950 949 946 
f 892 894 950 947 
f 895 893 948 951 
f 949 950 1559 952 
f 950 894 1560 1559 
f 954 897 1561 1562 
f 957 1557 1558 
f 957 898 1556 1557 
f 958 900 1555 1554 
f 955 956 961 960 
f 956 899 902 961 
f 962 903 900 958 
f 960 961 964 963 
f 961 902 904 964 
f 965 905 903 962 
f 963 964 2711 966 
f 964 904 906 2711 
f 2712 2640 905 965 
f 967 969 968 952 
f 908 909 969 967 
f 919 910 971 970 
f 972 975 974 973 
f 975 911 912 974 
f 976 942 913 977 
f 978 981 980 979 
f 981 915 916 980 
f 982 914 917 983 
f 984 987 986 985 
f 920 921 987 984 
f 918 922 989 988 
f 990 1629 952 
f 923 1630 1629 990 
f 907 1631 1632 991 
f 993 957 1558 
f 926 898 957 993 
f 901 925 994 959 
f 995 990 952 
f 928 923 990 995 
f 924 927 996 992 
f 997 995 952 
f 997 929 928 995 
f 996 927 930 998 
f 999 997 952 
f 999 931 929 997 
f 998 930 932 1000 
f 953 999 952 
f 953 896 931 999 
f 1000 932 897 954 
f 1001 993 1558 
f 934 926 993 1001 
f 925 933 1002 994 
f 1003 1001 1558 
f 936 934 1001 1003 
f 933 935 1004 1002 
f 1005 1003 1558 
f 1005 937 936 1003 
f 1004 935 938 1006 
f 1007 1005 1558 
f 1007 939 937 1005 
f 1006 938 940 1008 
f 1009 1592 1007 1558 
f 1009 941 1593 1592 
f 940 1594 1595 1008 
f 166 213 214 165 
f 165 214 531 530 
f 530 531 540 539 
f 539 540 549 548 
f 548 549 559 557 
f 557 559 568 566 
f 566 568 1581 1582 
f 581 585 582 580 
f 580 582 719 717 
f 717 719 2414 2412 
f 2427 22 718 725 
f 725 718 583 615 
f 615 583 584 616 
f 616 584 1580 1579 
f 614 570 567 613 
f 613 567 558 612 
f 612 558 550 611 
f 611 550 541 610 
f 610 541 532 609 
f 609 532 215 608 
f 608 215 206 393 
f 393 206 251 392 
f 396 252 442 451 
f 452 445 446 454 
f 268 262 263 271 
f 1010 1011 449 455 
f 308 1616 1617 226 
f 308 226 201 629 
f 629 201 198 628 
f 628 198 193 632 
f 632 193 194 634 
f 634 194 337 365 
f 337 346 368 365 
f 346 355 370 368 
f 370 355 1536 1537 
f 626 695 189 625 
f 625 189 190 702 
f 702 190 2370 701 
f 693 2369 187 186 
f 186 187 188 185 
f 185 188 694 692 
f 692 694 1535 1534 
f 353 354 345 344 
f 344 345 336 335 
f 335 336 234 233 
f 233 234 191 184 
f 184 191 192 183 
f 183 192 195 182 
f 182 195 196 181 
f 181 196 197 180 
f 180 197 199 179 
f 179 199 200 178 
f 178 200 202 177 
f 177 202 203 176 
f 176 203 223 175 
f 222 1619 1618 224 
f 222 224 448 441 
f 1012 1013 264 260 
f 259 261 447 440 
f 439 444 443 438 
f 248 1656 1655 250 
f 174 204 205 173 
f 173 205 207 172 
f 172 207 208 171 
f 171 208 209 170 
f 170 209 210 169 
f 169 210 211 168 
f 168 211 212 167 
f 167 212 213 166 
f 1014 1015 733 730 
f 641 642 1015 1014 
f 1016 688 643 1017 
f 1018 1640 1639 734 
f 1018 645 1641 1640 
f 1019 644 1642 1643 
f 1021 1018 734 736 
f 648 645 1018 1021 
f 646 647 1022 1020 
f 1023 1021 736 738 
f 649 648 1021 1023 
f 1022 647 650 1024 
f 740 1025 1023 738 
f 1025 651 649 1023 
f 1024 650 652 1026 
f 742 728 1025 740 
f 728 653 651 1025 
f 1026 652 654 1027 
f 1028 729 781 779 
f 656 657 729 1028 
f 658 655 1030 1029 
f 773 1031 709 775 
f 1031 659 660 709 
f 1032 661 662 1033 
f 751 1035 1034 748 
f 1035 663 664 1034 
f 1036 665 666 1037 
f 753 1038 1035 751 
f 1038 667 663 1035 
f 1037 666 668 1039 
f 755 1040 1038 753 
f 1040 669 667 1038 
f 1039 668 670 1041 
f 757 1042 1040 755 
f 1042 671 669 1040 
f 1041 670 672 1043 
f 759 1044 1042 757 
f 1044 673 671 1042 
f 1043 672 674 1045 
f 1046 1603 1602 761 
f 675 1604 1603 1046 
f 674 1605 1606 1045 
f 1048 1050 1049 763 
f 1050 677 678 1049 
f 676 679 1051 1047 
f 765 1053 1052 768 
f 1053 681 682 1052 
f 1054 680 683 1055 
f 769 1057 1056 772 
f 1057 685 686 1056 
f 1058 684 687 1059 
f 748 1034 1546 1547 
f 1034 664 1545 1546 
f 1061 707 1544 1543 
f 747 1060 1031 773 
f 1060 706 659 1031 
f 1033 662 707 1061 
f 775 709 6 7 
f 1062 1063 746 27 
f 26 726 1063 1062 
f 727 25 1065 1064 
f 1063 1028 779 746 
f 726 656 1028 1063 
f 655 727 1064 1030 
f 654 1572 1573 1027 
f 653 1571 1572 654 
f 729 1570 1569 781 
f 418 1661 1662 417 
f 247 1659 1660 426 
f 243 244 136 135 
f 95 243 135 94 
f 244 248 174 136 
f 204 250 251 206 
f 392 251 1654 1653 
f 248 250 204 174 
f 1066 1068 1067 2831 
f 1066 1070 1069 1068 
f 1070 1072 1071 1069 
f 1073 1074 1071 1072 
f 1075 1076 18 9 
f 1077 1079 1076 1078 
f 1080 1077 1078 1081 
f 1082 1080 1081 1083 
f 1084 1075 1086 1085 
f 1087 1084 1085 1088 
f 1089 1087 1088 1090 
f 1091 1094 1093 1092 
f 1095 1091 1092 1096 
f 1097 1099 1096 1098 
f 1064 1065 2863 1100 
f 1030 1064 1100 1101 
f 1029 1030 1101 722 
f 1027 1573 1574 721 
f 1026 1027 721 1102 
f 1024 1026 1102 1103 
f 1022 1024 1103 522 
f 1020 1022 522 523 
f 1019 1643 1644 1104 
f 1016 1017 1106 1105 
f 1058 1059 290 287 
f 1054 1055 488 485 
f 1047 1051 484 482 
f 1045 1606 1607 1107 
f 1043 1045 1107 1108 
f 1041 1043 1108 1109 
f 1039 1041 1109 1110 
f 1037 1039 1110 391 
f 1036 1037 391 389 
f 1061 1543 1542 619 
f 1033 1061 619 620 
f 1032 1033 620 699 
f 2879 1032 699 3 
f 881 2612 2712 965 
f 879 881 965 962 
f 853 879 962 958 
f 852 1553 1554 959 
f 856 852 959 994 
f 858 856 994 1002 
f 860 858 1002 1004 
f 862 860 1004 1006 
f 864 862 1006 1008 
f 1111 1596 1595 976 
f 867 868 977 982 
f 871 872 983 988 
f 1112 1113 989 970 
f 1114 1115 971 991 
f 1116 1633 1632 992 
f 1117 1116 992 996 
f 1118 1117 996 998 
f 1119 1118 998 1000 
f 1120 1119 1000 954 
f 1121 1563 1562 951 
f 885 1121 951 948 
f 884 885 948 945 
f 1122 884 945 2686 
f 203 201 226 223 
f 1066 2831 2685 943 
f 1070 1066 943 946 
f 1072 1070 946 949 
f 1073 1072 949 952 
f 1097 1074 968 985 
f 1123 1099 986 978 
f 1089 1090 979 972 
f 1082 1083 973 1558 
f 1080 1082 1558 955 
f 1077 1080 955 960 
f 1079 1077 960 963 
f 2895 1079 963 966 
f 1124 1521 1125 
f 1129 1132 1131 1130 
f 1133 1134 1132 1129 
f 1135 1136 1134 1133 
f 1137 1138 1136 1135 
f 1139 1140 1138 1137 
f 1141 1142 1140 1139 
f 1143 1144 1142 1141 
f 1145 1146 1144 1143 
f 1147 1148 1146 1145 
f 1149 1150 1148 1147 
f 1151 1152 1150 1149 
f 1153 1154 1152 1151 
f 1155 1156 1154 1153 
f 1157 1158 1156 1155 
f 1159 1160 1158 1157 
f 2930 2931 1160 1159 
f 1161 1163 1162 2934 
f 1164 1165 1163 1161 
f 1166 1167 1165 1164 
f 1168 1169 1167 1166 
f 1170 1171 1169 1168 
f 1172 1173 1171 1170 
f 1174 1175 1173 1172 
f 1176 1177 1175 1174 
f 1178 1179 1177 1176 
f 1180 1181 1179 1178 
f 1182 1183 1181 1180 
f 1184 1185 1183 1182 
f 1186 1187 1185 1184 
f 1188 1189 1187 1186 
f 1190 1191 1189 1188 
f 2963 2964 1191 1190 
f 1192 1193 2967 2968 
f 1194 1195 1193 1192 
f 1196 1197 1195 1194 
f 1198 1199 1197 1196 
f 1200 1201 1199 1198 
f 1202 1203 1201 1200 
f 1204 1205 1203 1202 
f 1206 1207 1205 1204 
f 1208 1209 1207 1206 
f 1210 1211 1209 1208 
f 1212 1213 1211 1210 
f 1214 1215 1213 1212 
f 1216 1217 1215 1214 
f 1218 1219 1217 1216 
f 1220 1221 1219 1218 
f 10 11 1221 1220 
f 12 1223 1222 2999 
f 1223 1225 1224 1222 
f 1225 1227 1226 1224 
f 1227 1229 1228 1226 
f 1230 1231 1228 1229 
f 1230 1233 1232 1231 
f 1233 1235 1234 1232 
f 1235 1237 1236 1234 
f 1238 1239 1236 1237 
f 1240 1241 1239 1238 
f 1240 1243 1242 1241 
f 1243 1245 1244 1242 
f 1245 1247 1246 1244 
f 1247 1249 1248 1246 
f 1249 1251 1250 1248 
f 1251 3028 13 1250 
f 1252 1254 1253 3031 
f 1255 1254 1252 1256 
f 1257 1255 1256 1258 
f 1259 1257 1258 1260 
f 1261 1259 1260 1262 
f 1263 1261 1262 1264 
f 1265 1263 1264 1266 
f 1267 1265 1266 1268 
f 1269 1270 1267 1268 
f 1271 1270 1269 1272 
f 1273 1271 1272 1274 
f 1275 1273 1274 1276 
f 1277 1275 1276 1278 
f 1279 1277 1278 1280 
f 1281 1279 1280 1282 
f 1283 1281 1282 3060 
f 1252 3031 1131 1132 
f 1256 1252 1132 1134 
f 1258 1256 1134 1136 
f 1260 1258 1136 1138 
f 1262 1260 1138 1140 
f 1264 1262 1140 1142 
f 1266 1264 1142 1144 
f 1268 1266 1144 1146 
f 1269 1268 1146 1148 
f 1272 1269 1148 1150 
f 1274 1272 1150 1152 
f 1276 1274 1152 1154 
f 1278 1276 1154 1156 
f 1280 1278 1156 1158 
f 1282 1280 1158 1160 
f 3060 1282 1160 2931 
f 1284 3062 1253 1254 
f 1285 1284 1254 1255 
f 1286 1285 1255 1257 
f 1287 1286 1257 1259 
f 1288 1287 1259 1261 
f 1289 1288 1261 1263 
f 1290 1289 1263 1265 
f 1291 1290 1265 1267 
f 1292 1291 1267 1270 
f 1293 1292 1270 1271 
f 1294 1293 1271 1273 
f 1295 1294 1273 1275 
f 1296 1295 1275 1277 
f 1297 1296 1277 1279 
f 1298 1297 1279 1281 
f 14 1298 1281 1283 
f 3062 1284 1161 2934 
f 1284 1285 1164 1161 
f 1285 1286 1166 1164 
f 1286 1287 1168 1166 
f 1287 1288 1170 1168 
f 1288 1289 1172 1170 
f 1289 1290 1174 1172 
f 1290 1291 1176 1174 
f 1291 1292 1178 1176 
f 1292 1293 1180 1178 
f 1293 1294 1182 1180 
f 1294 1295 1184 1182 
f 1295 1296 1186 1184 
f 1296 1297 1188 1186 
f 1297 1298 1190 1188 
f 1298 14 2963 1190 
f 10 1220 1300 1299 
f 1220 1218 1301 1300 
f 1218 1216 1302 1301 
f 1216 1214 1303 1302 
f 1214 1212 1304 1303 
f 1212 1210 1305 1304 
f 1210 1208 1306 1305 
f 1208 1206 1307 1306 
f 1206 1204 1308 1307 
f 1204 1202 1309 1308 
f 1202 1200 1310 1309 
f 1200 1198 1311 1310 
f 1198 1196 1312 1311 
f 1196 1194 1313 1312 
f 1194 1192 1314 1313 
f 1192 2968 3092 1314 
f 3093 1315 1223 12 
f 1315 1316 1225 1223 
f 1316 1317 1227 1225 
f 1317 1318 1229 1227 
f 1319 1230 1229 1318 
f 1319 1320 1233 1230 
f 1320 1321 1235 1233 
f 1321 1322 1237 1235 
f 1323 1238 1237 1322 
f 1324 1240 1238 1323 
f 1325 1243 1240 1324 
f 1325 1326 1245 1243 
f 1327 1247 1245 1326 
f 1327 1328 1249 1247 
f 1328 1329 1251 1249 
f 1329 15 3028 1251 
f 16 1330 1250 13 
f 1330 1331 1248 1250 
f 1331 1332 1246 1248 
f 1332 1333 1244 1246 
f 1333 1334 1242 1244 
f 1334 1335 1241 1242 
f 1336 1239 1241 1335 
f 1336 1337 1236 1239 
f 1337 1338 1234 1236 
f 1338 1339 1232 1234 
f 1339 1340 1231 1232 
f 1341 1228 1231 1340 
f 1341 1342 1226 1228 
f 1342 1343 1224 1226 
f 1343 1344 1222 1224 
f 1344 1345 2999 1222 
f 1314 3092 1162 1163 
f 1313 1314 1163 1165 
f 1312 1313 1165 1167 
f 1311 1312 1167 1169 
f 1310 1311 1169 1171 
f 1309 1310 1171 1173 
f 1308 1309 1173 1175 
f 1307 1308 1175 1177 
f 1306 1307 1177 1179 
f 1305 1306 1179 1181 
f 1304 1305 1181 1183 
f 1303 1304 1183 1185 
f 1302 1303 1185 1187 
f 1301 1302 1187 1189 
f 1300 1301 1189 1191 
f 1299 1300 1191 2964 
f 1315 3093 2967 1193 
f 1316 1315 1193 1195 
f 1317 1316 1195 1197 
f 1318 1317 1197 1199 
f 1319 1318 1199 1201 
f 1320 1319 1201 1203 
f 1321 1320 1203 1205 
f 1322 1321 1205 1207 
f 1323 1322 1207 1209 
f 1324 1323 1209 1211 
f 1325 1324 1211 1213 
f 1326 1325 1213 1215 
f 1327 1326 1215 1217 
f 1328 1327 1217 1219 
f 1329 1328 1219 1221 
f 15 1329 1221 11 
f 2930 1159 1347 1346 
f 1159 1157 1348 1347 
f 1157 1155 1349 1348 
f 1155 1153 1128 1349 
f 1153 1151 1127 1128 
f 1151 1149 1350 1127 
f 1149 1147 1351 1350 
f 1147 1145 1352 1351 
f 1145 1143 1353 1352 
f 1143 1141 1354 1353 
f 1141 1139 1125 1354 
f 1139 1137 1124 1125 
f 1137 1135 1355 1124 
f 1135 1133 1356 1355 
f 1133 1129 1357 1356 
f 1129 1130 17 1357 
f 9 1522 1523 
f 1357 17 1519 1520 
f 1356 1357 1520 
f 1351 1352 1094 
f 1094 1352 1353 
f 1094 1353 1354 
f 1350 1351 1094 
f 1355 1356 1520 1521 
f 1124 1355 1521 
f 1093 1354 1125 1521 
f 1086 1075 1524 
f 9 1523 1524 1075 
f 1358 1359 713 21 
f 1359 1360 571 713 
f 1360 1361 574 571 
f 1361 1589 1588 574 
f 1362 1363 552 561 
f 1363 1364 543 552 
f 1364 1365 534 543 
f 1365 1366 524 534 
f 1366 1367 51 524 
f 1367 1368 54 51 
f 1368 1369 69 54 
f 1369 1370 67 69 
f 1370 1371 65 67 
f 1371 1372 63 65 
f 1372 1373 61 63 
f 1373 1374 59 61 
f 1374 1375 55 59 
f 1375 1376 58 55 
f 1376 1377 72 58 
f 1377 1663 1662 72 
f 1378 1379 420 417 
f 1380 1382 237 1381 
f 1383 1384 415 236 
f 1385 1386 411 414 
f 1387 1626 1625 265 
f 1388 1389 47 216 
f 1389 1390 45 47 
f 1390 1391 43 45 
f 1391 1392 41 43 
f 1392 1393 39 41 
f 1393 1394 37 39 
f 1394 1395 35 37 
f 1395 1396 31 35 
f 1396 1397 34 31 
f 1397 1398 50 34 
f 1399 228 50 1398 
f 1399 1400 339 228 
f 1400 1401 348 339 
f 1401 1527 1528 348 
f 1402 1403 357 358 
f 1403 1404 696 357 
f 1404 3189 2374 696 
f 2378 698 697 2371 
f 698 360 356 697 
f 360 361 359 356 
f 361 1530 1529 359 
f 350 341 338 347 
f 341 230 227 338 
f 116 49 227 230 
f 116 114 33 49 
f 114 112 32 33 
f 112 110 36 32 
f 110 108 38 36 
f 108 105 40 38 
f 105 103 42 40 
f 103 101 44 42 
f 101 100 46 44 
f 100 97 48 46 
f 97 218 217 48 
f 218 1623 1624 217 
f 267 421 412 266 
f 424 425 416 413 
f 240 241 238 235 
f 1405 428 419 1406 
f 426 1660 1661 418 
f 96 93 57 71 
f 93 91 56 57 
f 91 89 60 56 
f 89 87 62 60 
f 87 85 64 62 
f 85 83 66 64 
f 83 81 68 66 
f 81 77 70 68 
f 77 78 53 70 
f 78 526 52 53 
f 526 533 525 52 
f 533 542 535 525 
f 542 551 544 535 
f 551 560 553 544 
f 560 569 562 553 
f 569 1586 1587 562 
f 710 74 572 573 
f 74 75 712 572 
f 75 711 2403 712 
f 661 1032 2879 3192 
f 708 660 661 3192 
f 420 1381 1406 419 
f 428 1405 437 427 
f 430 431 432 429 
f 427 437 431 430 
f 429 432 439 438 
f 443 444 445 442 
f 451 452 453 450 
f 464 1407 286 463 
f 472 1409 1408 471 
f 480 285 1410 479 
f 450 453 1409 472 
f 480 405 400 463 
f 471 1408 1407 464 
f 479 1410 1411 489 
f 643 688 685 642 
f 733 769 770 732 
f 785 826 827 784 
f 841 875 876 840 
f 910 919 920 909 
f 969 984 985 968 
f 909 920 984 969 
f 910 907 991 971 
f 442 445 452 451 
f 443 253 249 438 
f 1015 1057 769 733 
f 642 685 1057 1015 
f 643 644 1019 1017 
f 1068 1126 3199 1067 
f 1069 1412 1126 1068 
f 1071 1098 1412 1069 
f 1074 1097 1098 1071 
f 1017 1019 1104 1106 
f 1115 1112 970 971 
f 1074 1073 952 968 
f 1379 1380 1381 420 
f 428 426 418 419 
f 412 413 414 411 
f 422 423 424 421 
f 436 1414 1413 435 
f 435 1413 423 422 
f 441 1012 1414 436 
f 449 1011 1013 448 
f 456 481 1010 455 
f 458 459 460 457 
f 466 467 468 465 
f 474 475 476 473 
f 465 468 481 456 
f 473 476 459 458 
f 457 460 467 466 
f 484 485 486 483 
f 679 676 675 678 
f 1415 1417 1416 764 
f 1415 1418 817 820 
f 819 816 866 869 
f 913 942 941 912 
f 974 1009 1558 973 
f 912 941 1009 974 
f 913 914 982 977 
f 449 225 307 455 
f 448 1013 1012 441 
f 1049 1046 761 763 
f 678 675 1046 1049 
f 679 680 1054 1051 
f 1076 1079 2895 18 
f 1076 1075 1084 1078 
f 1078 1084 1087 1081 
f 1081 1087 1089 1083 
f 1051 1054 485 484 
f 868 1111 976 977 
f 1083 1089 972 973 
f 1386 1387 265 411 
f 421 424 413 412 
s 2
f 3207 1419 1474 19 
f 1419 1420 1475 1474 
f 1420 1421 1476 1475 
f 1421 1526 1525 1476 
f 1422 1423 1478 1477 
f 1423 1424 1479 1478 
f 1424 1425 1480 1479 
f 1425 1426 1481 1480 
f 1426 1427 1482 1481 
f 1427 1428 1483 1482 
f 1428 1429 1484 1483 
f 1429 1430 1485 1484 
f 1430 1431 1486 1485 
f 1431 1432 1487 1486 
f 1432 1433 1488 1487 
f 1433 1434 1489 1488 
f 1434 1435 1490 1489 
f 1435 1627 1628 1490 
f 1436 1437 1492 1491 
f 1437 1438 1493 1492 
f 1438 1439 1494 1493 
f 1441 1440 1496 1495 
f 1443 1442 1498 1497 
f 1442 1444 1499 1498 
f 1444 1664 1665 1499 
f 1445 1446 1501 1500 
f 1446 1447 1502 1501 
f 1447 1448 1503 1502 
f 1448 1449 1504 1503 
f 1449 1450 1505 1504 
f 1450 1451 1506 1505 
f 1451 1452 1507 1506 
f 1452 1453 1508 1507 
f 1453 1454 1509 1508 
f 1454 1455 1510 1509 
f 1455 1456 1511 1510 
f 1456 1457 1512 1511 
f 1457 1458 1513 1512 
f 1458 1459 1514 1513 
f 1459 1460 1515 1514 
f 1460 1590 1591 1515 
f 1461 1462 1517 1516 
f 1462 1463 1518 1517 
f 1463 1464 3318 1518 
s 1
f 257 1413 1414 256 
f 258 423 1413 257 
f 256 1414 1012 260 
f 264 1013 1011 263 
f 271 1010 481 270 
f 416 235 236 415 
f 258 239 240 425 
f 462 272 273 461 
f 470 276 277 469 
f 478 280 281 477 
f 469 277 269 270 
f 462 459 476 477 
f 461 273 276 470 
f 488 287 288 487 
f 683 680 677 682 
f 768 1048 1416 767 
f 1465 1417 821 824 
f 823 818 870 873 
f 917 914 911 916 
f 980 975 972 979 
f 916 911 975 980 
f 917 918 988 983 
f 263 1011 1010 271 
f 264 261 259 260 
f 1052 1050 1048 768 
f 682 677 1050 1052 
f 683 684 1058 1055 
f 1086 1094 1091 1085 
f 1085 1091 1095 1088 
f 1088 1095 1123 1090 
f 1055 1058 287 488 
f 872 867 982 983 
f 1090 1123 978 979 
f 1384 1385 414 415 
f 425 240 235 416 
s 2
f 1439 1441 1495 1494 
s 1
f 238 1406 1381 237 
f 242 437 1405 241 
f 275 286 1407 274 
f 279 1408 1409 278 
f 283 1410 285 282 
f 278 1409 453 284 
f 275 272 281 282 
f 274 1407 1408 279 
f 290 1105 1411 289 
f 434 254 255 433 
f 242 239 254 434 
f 433 255 259 440 
f 447 261 262 446 
f 454 268 269 284 
f 687 684 681 686 
f 772 765 766 771 
f 829 1466 825 828 
f 878 822 874 877 
f 922 918 915 921 
f 987 981 978 986 
f 921 915 981 987 
f 922 919 970 989 
f 446 262 268 454 
f 447 444 439 440 
f 1056 1053 765 772 
f 686 681 1053 1056 
f 687 688 1016 1059 
f 1093 1126 1412 1092 
f 1092 1412 1098 1096 
f 1099 1123 1095 1096 
f 1059 1016 1105 290 
f 1113 871 988 989 
f 1099 1097 985 986 
f 1382 1383 236 237 
f 241 1405 1406 238 
s 2
f 1440 1443 1497 1496 
s 1
f 1350 1094 1086 
f 1093 1094 1354 
f 784 841 838 783 
f 783 838 1635 1636 
f 787 842 844 789 
f 789 844 792 791 
f 793 797 790 791 
f 793 794 848 796 
f 798 851 28 2515 
f 803 1468 1549 1550 
f 805 1469 1468 803 
f 807 810 1469 805 
f 807 806 812 809 
f 813 1470 808 809 
f 815 1471 1470 813 
f 817 1418 1600 1599 
f 821 1417 1415 820 
f 825 1466 1465 824 
f 828 878 875 827 
f 802 1467 1472 831 
f 831 1472 1473 833 
f 833 1473 3268 2554 
f 835 887 851 798 
f 836 889 887 835 
f 796 848 1565 1566 
f 827 875 841 784 
f 817 816 819 820 
f 821 818 823 824 
f 825 822 878 828 
f 840 1115 1114 839 
f 839 1114 1633 1634 
f 843 1116 1117 845 
f 845 1117 1118 846 
f 846 1118 1119 847 
f 847 1119 1120 849 
f 850 884 1122 2577 
f 855 800 1551 1552 
f 857 804 800 855 
f 859 806 804 857 
f 861 812 806 859 
f 863 811 812 861 
f 865 814 811 863 
f 865 864 1596 1597 
f 870 818 819 869 
f 874 822 823 873 
f 877 1113 1112 876 
f 854 801 830 880 
f 880 830 832 882 
f 882 832 8 883 
f 850 851 887 886 
f 888 1121 885 886 
f 849 1120 1563 1564 
f 876 1112 1115 840 
f 866 1111 868 869 
f 870 867 872 873 
f 874 871 1113 877 
f 732 785 782 731 
f 731 782 1637 1638 
f 735 786 788 737 
f 737 788 790 739 
f 739 790 797 741 
f 741 797 795 743 
f 745 799 2512 744 
f 750 1467 1549 1548 
f 749 1468 1469 752 
f 752 1469 810 754 
f 754 810 808 756 
f 756 808 1470 758 
f 758 1470 1471 760 
f 760 1471 1600 1601 
f 762 1418 1415 764 
f 767 1465 1466 766 
f 771 829 826 770 
f 774 1472 1467 750 
f 776 1473 1472 774 
f 777 3268 1473 776 
f 778 834 799 745 
f 780 837 834 778 
f 743 795 1567 1568 
f 770 826 785 732 
f 1416 1048 763 764 
f 1416 1417 1465 767 
f 766 1466 829 771 
s 2
f 1358 1464 1463 1359 
f 1359 1463 1462 1360 
f 1360 1462 1461 1361 
f 1361 1461 1590 1589 
f 1362 1460 1459 1363 
f 1363 1459 1458 1364 
f 1364 1458 1457 1365 
f 1365 1457 1456 1366 
f 1366 1456 1455 1367 
f 1367 1455 1454 1368 
f 1368 1454 1453 1369 
f 1369 1453 1452 1370 
f 1370 1452 1451 1371 
f 1371 1451 1450 1372 
f 1372 1450 1449 1373 
f 1373 1449 1448 1374 
f 1374 1448 1447 1375 
f 1375 1447 1446 1376 
f 1376 1446 1445 1377 
f 1377 1445 1664 1663 
f 1378 1444 1442 1379 
f 1379 1442 1443 1380 
f 1380 1443 1440 1382 
f 1382 1440 1441 1383 
f 1383 1441 1439 1384 
f 1384 1439 1438 1385 
f 1385 1438 1437 1386 
f 1386 1437 1436 1387 
f 1387 1436 1627 1626 
f 1388 1435 1434 1389 
f 1389 1434 1433 1390 
f 1390 1433 1432 1391 
f 1391 1432 1431 1392 
f 1392 1431 1430 1393 
f 1393 1430 1429 1394 
f 1394 1429 1428 1395 
f 1395 1428 1427 1396 
f 1396 1427 1426 1397 
f 1397 1426 1425 1398 
f 1398 1425 1424 1399 
f 1399 1424 1423 1400 
f 1400 1423 1422 1401 
f 1401 1422 1526 1527 
f 1402 1421 1420 1403 
f 1403 1420 1419 1404 
f 1404 1419 3207 3189 
s 1
f 288 289 283 280 
f 292 1608 1607 482 
f 324 325 391 1110 
f 387 388 1109 1108 
f 388 324 1110 1109 
f 390 325 323 386 
f 293 387 1108 1107 
f 409 1645 1644 523 
f 292 483 474 291 
f 486 487 478 475 
f 410 489 1106 1104 
f 504 505 522 1103 
f 520 521 1102 721 
f 521 504 1103 1102 
f 409 505 501 407 
f 601 602 722 1101 
f 621 622 640 639 
f 2382 700 705 4 
f 700 621 639 705 
f 390 1541 1542 389 
f 2420 720 1100 2863 
f 720 601 1101 1100 
f 520 1575 1576 515 
f 489 1411 1105 1106 
f 483 486 475 474 
f 487 288 280 478 
f 289 1411 1410 283 
f 392 1653 1652 394 
f 1519 3199 1520 
f 1520 3199 1126 1521 
f 1521 1126 1093 
f 1522 1346 1347 1523 
f 1523 1347 1348 
f 1523 1348 1349 1524 
f 1524 1349 1128 
f 1524 1128 1127 
f 1524 1127 1350 1086 
f 1532 690 689 1533 
f 1531 362 690 1532 
f 1533 689 692 1534 
f 1536 355 354 1535 
f 1528 358 359 1529 
f 1530 361 362 1531 
f 1541 390 386 1540 
f 1538 369 370 1537 
f 1538 623 638 1539 
f 1539 638 640 1540 
f 1544 707 706 1545 
f 1585 579 710 1586 
f 1587 573 574 1588 
f 1583 577 578 1584 
f 1584 578 579 1585 
f 1582 581 577 1583 
f 1580 584 585 1581 
f 1574 722 602 1575 
f 1577 606 607 1578 
f 1578 607 616 1579 
f 1576 603 606 1577 
f 1570 729 657 1571 
f 1548 749 748 1547 
f 1569 742 743 1568 
f 1550 802 801 1551 
f 1567 795 796 1566 
f 1552 854 853 1553 
f 1565 848 849 1564 
f 1561 897 896 1560 
f 1555 900 899 1556 
f 1559 953 952 
f 1560 896 953 1559 
f 1561 895 951 1562 
f 1557 956 955 1558 
f 1556 899 956 1557 
f 1555 901 959 1554 
f 1581 585 581 1582 
f 1580 570 614 1579 
f 1536 695 626 1537 
f 1535 354 353 1534 
f 1546 1060 747 1547 
f 1545 706 1060 1546 
f 1544 665 1036 1543 
f 1572 658 1029 1573 
f 1571 657 658 1572 
f 1570 728 742 1569 
f 1573 1029 722 1574 
f 1543 1036 389 1542 
f 1553 853 958 1554 
f 1563 1120 954 1562 
f 1589 1362 561 1588 
f 1527 1402 358 1528 
f 1530 350 347 1529 
f 1586 710 573 1587 
s 2
f 1526 1422 1477 1525 
f 1590 1461 1516 1591 
s 1
f 1549 1467 802 1550 
f 1565 889 836 1566 
f 1551 801 854 1552 
f 1563 1121 888 1564 
f 1549 1468 749 1548 
f 1567 837 780 1568 
s 2
f 1590 1460 1362 1589 
f 1526 1421 1402 1527 
s 1
f 1541 622 619 1542 
f 1575 602 603 1576 
f 1621 137 138 1620 
f 1622 162 137 1621 
f 1620 138 175 1619 
f 1617 225 224 1618 
f 1624 266 265 1625 
f 1623 218 162 1622 
f 1609 294 293 1608 
f 1613 298 297 1612 
f 1611 302 301 1610 
f 1615 306 305 1614 
f 1610 301 294 1609 
f 1614 305 298 1613 
f 1612 297 302 1611 
f 1616 308 306 1615 
f 1605 674 673 1604 
f 1601 762 761 1602 
f 1599 815 814 1598 
f 1598 814 865 1597 
f 1594 940 939 1593 
f 1593 939 1007 1592 
f 1594 942 976 1595 
f 1616 307 225 1617 
f 1619 175 223 1618 
f 1603 1044 759 1602 
f 1604 673 1044 1603 
f 1605 676 1047 1606 
f 1606 1047 482 1607 
f 1596 864 1008 1595 
f 1626 1388 216 1625 
f 1623 267 266 1624 
s 2
f 1627 1436 1491 1628 
s 1
f 1600 1471 815 1599 
f 1596 1111 866 1597 
f 1600 1418 762 1601 
s 2
f 1627 1435 1388 1626 
s 1
f 1608 293 1107 1607 
f 1658 246 245 1657 
f 1659 247 246 1658 
f 1657 245 249 1656 
f 1655 253 252 1654 
f 1648 399 398 1649 
f 1650 403 402 1651 
f 1646 407 406 1647 
f 1651 402 394 1652 
f 1647 406 399 1648 
f 1649 398 403 1650 
f 1645 409 407 1646 
f 1642 644 641 1641 
f 1639 730 731 1638 
f 1637 782 783 1636 
f 1635 838 839 1634 
f 1631 907 908 1630 
f 1630 908 967 1629 
f 1631 924 992 1632 
f 1656 249 253 1655 
f 1640 1014 730 1639 
f 1641 641 1014 1640 
f 1642 646 1020 1643 
f 1661 71 72 1662 
f 1659 95 96 1660 
f 1654 252 396 1653 
f 1643 1020 523 1644 
f 1633 1114 991 1632 
f 1663 1378 417 1662 
f 1660 96 71 1661 
s 2
f 1664 1445 1500 1665 
s 1
f 1635 842 787 1636 
f 1633 1116 843 1634 
f 1637 786 735 1638 
s 2
f 1664 1444 1378 1663 
s 1
f 1645 410 1104 1644 
f 1653 396 395 1652 
f 1629 967 952 
f 1666 1669 1668 1667 
f 1670 1671 1669 1666 
f 1672 1673 1671 1670 
f 1674 1675 1673 1672 
f 1676 1677 1675 1674 
f 1678 1679 1677 1676 
f 1680 1681 1679 1678 
f 1682 1683 1681 1680 
f 1668 1685 1684 1667 
f 1686 1689 1688 1687 
f 1690 1693 1692 1691 
f 1694 1695 1693 1690 
f 1696 1697 1695 1694 
f 1698 1699 1697 1696 
f 1700 1701 1699 1698 
f 1702 1703 1701 1700 
f 1704 1705 1703 1702 
f 1687 1688 1705 1704 
f 1706 1707 1691 1692 
f 1708 1711 1710 1709 
f 1712 1715 1714 1713 
f 1716 1712 1713 1717 
f 1718 1716 1717 1719 
f 1720 1718 1719 1721 
f 1722 1720 1721 1723 
f 1724 1722 1723 1725 
f 1726 1724 1725 1727 
f 1728 1726 1727 1729 
f 1729 1731 1730 1728 
f 1732 1735 1734 1733 
f 1736 1733 1734 1737 
f 1738 1736 1737 1739 
f 1740 1738 1739 1741 
f 1740 1741 1743 1742 
f 1742 1743 1745 1744 
f 1744 1745 1747 1746 
f 1746 1747 1749 1748 
f 1749 1751 1750 1748 
f 1752 1755 1754 1753 
f 1756 1757 1753 1754 
f 1758 1757 1756 1759 
f 1760 1758 1759 1761 
f 1762 1760 1761 1763 
f 1764 1762 1763 1765 
f 1766 1764 1765 1767 
f 1768 1766 1767 1769 
f 1770 1768 1769 1771 
f 1772 1775 1774 1773 
f 1776 1773 1774 1777 
f 1778 1776 1777 1779 
f 1780 1778 1779 1781 
f 1782 1783 1780 1781 
f 1784 1785 1783 1782 
f 1786 1787 1785 1784 
f 1788 1789 1787 1786 
f 1790 1791 1789 1788 
f 1792 1795 1794 1793 
f 1796 1752 1753 1714 
f 1713 1714 1753 1757 
f 1717 1713 1757 1758 
f 1719 1717 1758 1760 
f 1721 1719 1760 1762 
f 1723 1721 1762 1764 
f 1766 1725 1723 1764 
f 1727 1725 1766 1768 
f 1770 1729 1727 1768 
f 1797 1772 1773 1735 
f 1734 1735 1773 1776 
f 1737 1734 1776 1778 
f 1739 1737 1778 1780 
f 1783 1741 1739 1780 
f 1785 1743 1741 1783 
f 1787 1745 1743 1785 
f 1789 1747 1745 1787 
f 1791 1749 1747 1789 
f 1798 1792 1793 1799 
f 1755 1801 1800 1754 
f 1756 1754 1800 1802 
f 1759 1756 1802 1803 
f 1761 1759 1803 1804 
f 1763 1761 1804 1805 
f 1765 1763 1805 1806 
f 1807 1767 1765 1806 
f 1769 1767 1807 1808 
f 1771 1769 1808 1809 
f 1775 1811 1810 1774 
f 1777 1774 1810 1812 
f 1779 1777 1812 1813 
f 1781 1779 1813 1814 
f 1815 1782 1781 1814 
f 1816 1784 1782 1815 
f 1817 1786 1784 1816 
f 1818 1788 1786 1817 
f 1819 1790 1788 1818 
f 1795 1821 1820 1794 
f 1822 1825 1824 1823 
f 1826 1829 1828 1827 
f 1829 1830 1828 
f 1830 1831 1828 
f 1828 1831 1833 1832 
f 1833 1834 1832 
f 1834 1836 1835 1832 
f 1836 1837 1835 
f 1837 1838 1835 
f 1839 1841 1840 
f 1841 1842 1840 
f 1842 1843 1840 
f 1843 1844 1840 
f 1844 1845 1840 
f 1845 1846 1840 
f 1846 1847 1840 
f 1847 1848 1840 
f 1849 1850 1840 1848 
f 1683 1682 1852 1851 
f 1735 1732 1853 1797 
f 1854 1857 1856 1855 
f 1858 1854 1855 1859 
f 1857 1861 1860 1856 
f 1862 1865 1864 1863 
f 1866 1867 1684 1685 
f 1868 1869 1750 1751 
f 1791 1790 1871 1870 
f 1749 1791 1870 1751 
f 1871 1790 1819 1872 
f 1873 1826 1827 
f 1874 1877 1876 1875 
f 1878 1881 1880 1879 
f 1882 1885 1884 1883 
f 1731 1882 1883 1886 
f 1885 1888 1887 1884 
f 1889 1892 1891 1890 
f 1893 1896 1895 1894 
f 1878 1893 1894 1897 
f 1896 1899 1898 1895 
f 1900 1903 1902 1901 
f 1851 1852 1905 1904 
f 1858 1859 1907 1906 
f 1908 1911 1910 1909 
f 1912 1915 1914 1913 
f 1916 1919 1918 1917 
f 1920 1923 1922 1921 
f 1919 1911 1924 1918 
f 1925 1922 1913 1926 
f 1915 1916 1917 1914 
f 1927 1930 1929 1928 
f 1931 1934 1933 1932 
f 1935 1938 1937 1936 
f 1939 1942 1941 1940 
f 1943 1946 1945 1944 
f 1942 1931 1932 1941 
f 1946 1935 1936 1945 
f 1938 1939 1940 1937 
f 1947 1943 1944 1948 
f 1949 1951 1950 
f 1952 1954 1953 1951 
f 1953 1954 1956 1955 
f 1955 1956 1958 1957 
f 1957 1958 1960 1959 
f 1959 1960 1962 1961 
f 1961 1962 1964 1963 
f 1964 1966 1965 1963 
f 1967 1968 2293 1950 
f 1969 1970 1968 1967 
f 1971 1972 1970 1969 
f 1949 1950 2293 
f 1870 1871 1974 1973 
f 1751 1870 1973 1868 
f 1871 1872 1975 1974 
f 1976 1873 1827 1977 
f 1978 1979 1867 1866 
f 1980 1981 1869 1868 
f 1973 1974 1983 1982 
f 1868 1973 1982 1980 
f 1974 1975 1984 1983 
f 1985 1976 1977 1986 
f 1987 1988 1979 1978 
f 1989 1990 1981 1980 
f 1982 1983 1992 1991 
f 1980 1982 1991 1989 
f 1983 1984 1993 1992 
f 1994 1985 1986 1995 
f 1996 1999 1998 1997 
f 1798 2002 2001 2000 
f 2003 2004 1972 1971 
f 2005 2008 2007 2006 
f 2006 2007 2010 2009 
f 2011 2014 2013 2012 
f 2012 2013 1954 1952 
f 1953 1967 1950 1951 
f 2014 2016 2015 2013 
f 2013 2015 1956 1954 
f 1955 1969 1967 1953 
f 2016 2018 2017 2015 
f 2015 2017 1958 1956 
f 1957 1971 1969 1955 
f 2018 2020 2019 2017 
f 1958 2017 2019 1960 
f 1959 2003 1971 1957 
f 2020 2022 2021 2019 
f 1960 2019 2021 1962 
f 1961 2023 2003 1959 
f 2021 2022 2025 2024 
f 1962 2021 2024 1964 
f 1963 2026 2023 1961 
f 2025 2028 2027 2024 
f 2024 2027 1966 1964 
f 2029 2031 1965 2030 
f 2032 2033 2014 2011 
f 2033 2034 2016 2014 
f 2034 2035 2018 2016 
f 2035 2036 2020 2018 
f 2036 2037 2022 2020 
f 2037 2038 2025 2022 
f 2038 2039 2028 2025 
f 2040 2042 2041 
f 2043 2046 2045 2044 
f 2047 2050 2049 2048 
f 2051 2054 2053 2052 
f 2055 2056 2050 2047 
f 2044 2045 2054 2051 
f 2048 2049 2046 2043 
f 2052 2053 2058 2057 
f 2059 2062 2061 2060 
f 2063 2066 2065 2064 
f 2067 2070 2069 2068 
f 1858 1906 2072 2071 
f 2073 2075 2074 1897 
f 2076 2079 2078 2077 
f 2080 2083 2082 2081 
f 2084 2087 2086 2085 
f 1857 1854 2089 2088 
f 2079 2080 2081 2078 
f 2090 2084 2085 1879 
f 1854 1858 2071 2089 
f 2083 2092 2091 2082 
f 2087 2094 2093 2086 
f 1861 1857 2088 2095 
f 2096 2099 2098 2097 
f 2100 2103 2102 2101 
f 2104 2107 2106 2105 
f 2108 2055 2110 2109 
f 2111 2113 1924 2112 
f 1943 1947 2115 2114 
f 1939 1938 2117 2116 
f 2118 2121 2120 2119 
f 2043 2044 2123 2122 
f 1935 1946 2125 2124 
f 2126 2129 2128 2127 
f 2047 2048 2131 2130 
f 1931 1942 2133 2132 
f 2134 2137 2136 2135 
f 2051 2052 2139 2138 
f 1946 1943 2114 2125 
f 2129 2140 1910 2128 
f 2055 2047 2130 2110 
f 1942 1939 2116 2133 
f 1923 2136 2119 1912 
f 1926 2123 2138 1925 
f 1938 1935 2124 2117 
f 2121 2126 2127 2120 
f 2048 2043 2122 2131 
f 2141 1934 2143 2142 
f 2144 2147 2146 2145 
f 2052 2057 2148 2139 
f 2041 2042 2149 
f 2150 2153 2152 2151 
f 2154 2157 2156 2155 
f 2158 2161 2160 2159 
f 2149 2162 2157 2154 
f 2153 2158 2159 2152 
f 2155 2156 2150 2151 
f 2160 2161 2164 2163 
f 2165 2168 2167 2166 
f 2166 2167 2153 2150 
f 2152 2170 2169 2151 
f 2171 2174 2173 2172 
f 2172 2173 2156 2157 
f 2155 2176 2175 2154 
f 2177 2180 2179 2178 
f 2178 2179 2161 2158 
f 2160 2182 2181 2159 
f 2183 2171 2172 2184 
f 2184 2172 2157 2162 
f 2154 2175 2041 2149 
f 2168 2177 2178 2167 
f 2167 2178 2158 2153 
f 2159 2181 2170 2152 
f 2174 2165 2166 2173 
f 2173 2166 2150 2156 
f 2151 2169 2176 2155 
f 2180 2186 2185 2179 
f 2161 2179 2185 2164 
f 2187 2189 2188 2163 
f 2042 2183 2184 
f 2042 2184 2162 
f 2042 2162 2149 
f 1949 2032 2011 
f 1949 2011 2012 
f 1949 2012 1952 
f 1949 1952 1951 
f 2190 2191 1689 1686 
f 1714 1715 2192 1796 
f 2193 2194 1755 1752 
f 2195 2193 1752 1796 
f 2194 2196 1801 1755 
f 2197 2198 1850 1849 
f 1796 2192 2199 2195 
f 2200 2201 2191 2190 
f 2202 2203 2194 2193 
f 2204 2202 2193 2195 
f 2203 2205 2196 2194 
f 2206 2207 2198 2197 
f 2195 2199 2208 2204 
f 2209 2210 2201 2200 
f 2211 2212 2203 2202 
f 2213 2211 2202 2204 
f 2212 2214 2205 2203 
f 2215 2216 2207 2206 
f 2204 2208 2217 2213 
f 2218 2219 2210 2209 
f 2220 2221 2212 2211 
f 2222 2220 2211 2213 
f 2221 2223 2214 2212 
f 2224 2216 2215 2225 
f 2213 2217 2226 2222 
f 2218 2228 2227 2219 
f 2229 2230 2221 2220 
f 2231 2229 2220 2222 
f 2230 2232 2223 2221 
f 2233 2224 2225 2234 
f 2222 2226 2235 2231 
f 2234 2236 2233 
f 2237 2240 2239 2238 
f 2241 2244 2243 2242 
f 1708 2241 2242 2245 
f 2244 2247 2246 2243 
f 2248 2251 2250 2249 
f 2252 2254 2253 
f 2255 2256 2254 2252 
f 2257 2258 2256 2255 
f 2259 2260 2258 2257 
f 2261 2262 2260 2259 
f 2263 2264 2262 2261 
f 2265 2268 2267 2266 
f 2269 2272 2271 2270 
f 2254 2171 2183 2253 
f 2273 2274 2252 2253 
f 2256 2174 2171 2254 
f 2252 2274 2275 2255 
f 2258 2165 2174 2256 
f 2255 2275 2276 2257 
f 2260 2168 2165 2258 
f 2257 2276 2277 2259 
f 2262 2177 2168 2260 
f 2259 2277 2278 2261 
f 2264 2180 2177 2262 
f 2261 2278 2279 2263 
f 2280 2269 2270 2281 
f 2265 2272 2283 2282 
f 2284 2287 2286 2285 
f 2288 2291 2290 2289 
f 2292 2295 2294 2293 
f 2296 2297 2295 2292 
f 2298 2299 2297 2296 
f 2008 2005 2299 2298 
f 2008 2004 2300 2007 
f 2007 2300 2301 2010 
f 2302 2291 2288 2303 
f 2292 2293 1968 
f 1970 2296 2292 1968 
f 1972 2298 2296 1970 
f 2004 2008 2298 1972 
f 2004 2003 2023 2300 
f 2023 2026 2301 2300 
f 2304 2302 2303 2305 
f 2293 2294 1949 
f 2306 2309 2308 2307 
f 2310 2313 2312 2311 
f 2314 2315 2310 2311 
f 2316 2315 2314 2317 
f 2318 2316 2317 2319 
f 2320 2318 2319 2321 
f 2322 2325 2324 2323 
f 2326 2329 2328 2327 
f 2330 2333 2332 2331 
f 2334 2330 2331 2335 
f 2336 2334 2335 2337 
f 2338 2336 2337 2339 
f 2340 2338 2339 2341 
f 2342 2345 2344 2343 
f 2346 2349 2348 2347 
f 2350 2353 2352 2351 
f 2354 2357 2356 2355 
f 1991 1992 2359 2358 
f 2360 2361 1795 1792 
f 1 691 1793 1794 
f 1989 1991 2358 2362 
f 2000 2360 1792 1798 
f 691 2 1799 1793 
f 1992 1993 2363 2359 
f 2361 2364 1821 1795 
f 693 1 1794 1820 
f 2365 2368 2367 2366 
f 1825 2365 2366 1824 
f 1823 2370 2369 1822 
f 2371 2374 2373 2372 
f 2372 2373 1999 1996 
f 1988 1987 2376 2375 
f 2 2378 2377 1799 
f 1799 2377 2002 1798 
f 1990 1989 2362 2379 
f 2380 3 2382 2381 
f 2287 2380 2381 2286 
f 2305 2384 2383 2285 
f 2385 701 2387 2386 
f 2291 2386 2387 2290 
f 2289 2389 2388 2288 
f 5 2385 2386 2390 
f 2390 2386 2291 2302 
f 2010 2301 2391 2388 
f 4 5 2390 2392 
f 2392 2390 2302 2304 
f 2301 2026 2384 2391 
f 2333 2394 2393 2332 
f 2395 2326 2327 2396 
f 708 2329 2397 6 
f 2231 2235 2399 2398 
f 2245 2400 1711 1708 
f 711 20 1709 1710 
f 21 2403 2402 2401 
f 2401 2402 2240 2237 
f 2227 2228 2405 2404 
f 2406 714 2408 2407 
f 2407 2408 2244 2241 
f 2230 2229 2410 2409 
f 20 2406 2407 1709 
f 1709 2407 2241 1708 
f 2229 2231 2398 2410 
f 714 2412 2411 2408 
f 2408 2411 2247 2244 
f 2232 2230 2409 2413 
f 2414 22 2416 2415 
f 2415 2416 2251 2248 
f 2236 2234 2418 2417 
f 2282 23 2420 2419 
f 2282 2419 2268 2265 
f 2421 2186 2423 2422 
f 723 24 2283 2424 
f 2424 2283 2272 2269 
f 2264 2263 2426 2425 
f 2427 723 2424 2428 
f 2428 2424 2269 2280 
f 2263 2279 2429 2426 
f 2180 2264 2425 2430 
f 2266 2271 2272 2265 
f 24 23 2282 2283 
f 25 26 2432 2431 
f 2431 2432 2325 2322 
f 2433 2320 2435 2434 
f 2436 2439 2438 2437 
f 2440 2443 2442 2441 
f 2444 2445 2443 2440 
f 2446 2447 2445 2444 
f 2446 2449 2448 2447 
f 2449 2451 2450 2448 
f 27 744 2453 2452 
f 2454 2457 2456 2455 
f 2458 2461 2460 2459 
f 2462 2463 2461 2458 
f 2464 2465 2463 2462 
f 2466 2467 2465 2464 
f 2466 2469 2468 2467 
f 2469 2471 2470 2468 
f 2472 2475 2474 2473 
f 2476 2479 2478 2477 
f 2480 2483 2482 2481 
f 2484 2454 2455 2485 
f 2486 2484 2485 2487 
f 7 2486 2487 777 
f 2452 2453 2489 2488 
f 2488 2489 2491 2490 
f 2490 2491 2493 2492 
f 2494 2497 2496 2495 
f 2498 2501 2500 2499 
f 2502 2503 2501 2498 
f 2504 2505 2503 2502 
f 2506 2505 2508 2507 
f 2509 2511 2508 2510 
f 2512 2515 2514 2513 
f 2516 2519 2518 2517 
f 2520 2516 2517 2521 
f 2522 2520 2521 2523 
f 2524 2526 2523 2525 
f 2527 2529 2526 2528 
f 2530 2527 2528 2531 
f 2532 2535 2534 2533 
f 2536 2539 2538 2537 
f 2540 2543 2542 2541 
f 2544 2547 2546 2545 
f 2548 2551 2550 2549 
f 2551 2553 2552 2550 
f 2553 8 2554 2552 
f 2555 2513 2514 2556 
f 2555 2556 2558 2557 
f 2557 2558 2560 2559 
f 2042 2253 2183 
f 2042 2273 2253 
f 2561 2564 2563 2562 
f 2565 2568 2567 2566 
f 2569 2570 2568 2565 
f 2506 2571 2570 2569 
f 2507 2572 2571 2506 
f 2573 2574 2572 2507 
f 28 2577 2576 2575 
f 2578 2581 2580 2579 
f 2582 2578 2579 2583 
f 2584 2582 2583 2585 
f 2586 2584 2585 2587 
f 2588 2586 2587 2589 
f 2590 2588 2589 2591 
f 2532 2593 2592 2535 
f 2594 2597 2596 2595 
f 2598 2601 2600 2599 
f 2602 2605 2604 2603 
f 2606 2609 2608 2607 
f 2609 2611 2610 2608 
f 2611 2612 883 2610 
f 2613 2615 2614 2576 
f 2616 2614 2618 2617 
f 2617 2618 2620 2619 
f 29 2623 2622 2621 
f 2622 2625 2624 2621 
f 2624 2625 2627 2626 
f 2627 2629 2628 2626 
f 2630 2633 2632 2631 
f 2634 2637 2636 2635 
f 2637 2639 2638 2636 
f 2639 906 2640 2638 
f 2641 2644 2643 2642 
f 2645 2648 2647 2646 
f 2649 2652 2651 2650 
f 2653 2656 2655 2654 
f 2657 2660 2659 2658 
f 2661 2662 2630 2631 
f 2663 2664 2657 2658 
f 2665 2664 2663 2666 
f 2667 2665 2666 2668 
f 2669 2667 2668 2670 
f 2671 2672 2662 2661 
f 2673 2674 2672 2671 
f 2675 2674 2673 2676 
f 2677 2675 2676 2678 
f 2679 2682 2681 2680 
f 30 2685 2684 2683 
f 2623 30 2683 2622 
f 2621 2687 2686 29 
f 2684 2689 2688 2683 
f 2683 2688 2625 2622 
f 2690 2687 2621 2624 
f 2688 2689 2692 2691 
f 2625 2688 2691 2627 
f 2626 2693 2690 2624 
f 2692 2695 2694 2691 
f 2691 2694 2629 2627 
f 2696 2697 2628 2670 
f 2698 2700 2699 
f 2698 2699 2633 2630 
f 2701 2702 2632 2635 
f 2703 2706 2705 2704 
f 2704 2705 2637 2634 
f 2707 2701 2635 2636 
f 2706 2709 2708 2705 
f 2705 2708 2639 2637 
f 2710 2707 2636 2638 
f 2709 966 2711 2708 
f 2708 2711 906 2639 
f 2712 2710 2638 2640 
f 2713 2695 2715 2714 
f 2644 2713 2714 2643 
f 2653 2717 2716 2642 
f 2718 2721 2720 2719 
f 2719 2720 2648 2645 
f 2722 2723 2647 2680 
f 2724 2727 2726 2725 
f 2725 2726 2652 2649 
f 2728 2729 2651 2646 
f 2730 2733 2732 2731 
f 2656 2730 2731 2655 
f 2650 2735 2734 2654 
f 2736 2695 2737 
f 2657 2736 2737 2660 
f 2641 2739 2738 2659 
f 2740 2700 2698 
f 2662 2740 2698 2630 
f 2631 2742 2741 2661 
f 2743 2695 2736 
f 2664 2743 2736 2657 
f 2658 2745 2744 2663 
f 2746 2695 2743 
f 2746 2743 2664 2665 
f 2744 2747 2666 2663 
f 2748 2695 2746 
f 2748 2746 2665 2667 
f 2747 2749 2668 2666 
f 2750 2695 2748 
f 2750 2748 2667 2669 
f 2749 2696 2670 2668 
f 2751 2700 2740 
f 2672 2751 2740 2662 
f 2661 2741 2752 2671 
f 2753 2700 2751 
f 2674 2753 2751 2672 
f 2671 2752 2754 2673 
f 2755 2700 2753 
f 2755 2753 2674 2675 
f 2754 2756 2676 2673 
f 2757 2700 2755 
f 2757 2755 2675 2677 
f 2756 2758 2678 2676 
f 2759 2700 2757 2760 
f 2759 2760 2682 2679 
f 2678 2758 2761 2681 
f 1800 1801 1849 1848 
f 1801 2196 2197 1849 
f 2196 2205 2206 2197 
f 2205 2214 2215 2206 
f 2214 2223 2225 2215 
f 2223 2232 2234 2225 
f 2232 2413 2418 2234 
f 2246 2247 2248 2249 
f 2247 2411 2415 2248 
f 2411 2412 2414 2415 
f 2427 2428 2416 22 
f 2428 2280 2251 2416 
f 2280 2281 2250 2251 
f 2281 2429 2417 2250 
f 2279 2278 2233 2236 
f 2278 2277 2224 2233 
f 2277 2276 2216 2224 
f 2276 2275 2207 2216 
f 2275 2274 2198 2207 
f 2274 2273 1850 2198 
f 2273 2042 1840 1850 
f 2042 2040 1892 1840 
f 2108 2109 2098 2099 
f 2111 2112 2102 2103 
f 1908 1909 1902 1903 
f 2762 2115 2105 2763 
f 1949 1863 1864 1948 
f 1949 2294 1835 1863 
f 2294 2295 1832 1835 
f 2295 2297 1828 1832 
f 2297 2299 1827 1828 
f 2299 2005 1977 1827 
f 1977 2005 2006 1986 
f 1986 2006 2009 1995 
f 2009 2389 2367 1995 
f 2289 2290 1824 2366 
f 2290 2387 1823 1824 
f 2387 701 2370 1823 
f 693 1820 1822 2369 
f 1820 1821 1825 1822 
f 1821 2364 2365 1825 
f 2364 2363 2368 2365 
f 1993 1984 1985 1994 
f 1984 1975 1976 1985 
f 1975 1872 1873 1976 
f 1872 1819 1826 1873 
f 1819 1818 1829 1826 
f 1818 1817 1830 1829 
f 1817 1816 1831 1830 
f 1816 1815 1833 1831 
f 1815 1814 1834 1833 
f 1814 1813 1836 1834 
f 1813 1812 1837 1836 
f 1812 1810 1838 1837 
f 1810 1811 1862 1838 
f 1861 2107 1865 1860 
f 1861 2095 2106 2107 
f 2764 1898 1901 2765 
f 1899 2093 2101 1900 
f 2094 2091 2097 2100 
f 1888 1889 1890 1887 
f 1809 1808 1841 1839 
f 1808 1807 1842 1841 
f 1807 1806 1843 1842 
f 1806 1805 1844 1843 
f 1805 1804 1845 1844 
f 1804 1803 1846 1845 
f 1803 1802 1847 1846 
f 1802 1800 1848 1847 
f 2766 2436 2437 2767 
f 2306 2766 2767 2309 
f 2768 2769 2308 2355 
f 2770 2440 2441 2771 
f 2770 2771 2313 2310 
f 2772 2773 2312 2307 
f 2774 2444 2440 2770 
f 2315 2774 2770 2310 
f 2311 2776 2775 2314 
f 2777 2446 2444 2774 
f 2316 2777 2774 2315 
f 2775 2778 2317 2314 
f 2449 2446 2777 2779 
f 2779 2777 2316 2318 
f 2778 2780 2319 2317 
f 2451 2449 2779 2433 
f 2433 2779 2318 2320 
f 2780 2781 2321 2319 
f 2782 2488 2490 2783 
f 2325 2782 2783 2324 
f 2323 2785 2784 2322 
f 2484 2486 2397 2786 
f 2786 2397 2329 2326 
f 2787 2788 2327 2328 
f 2458 2459 2790 2789 
f 2789 2790 2333 2330 
f 2791 2792 2331 2332 
f 2462 2458 2789 2793 
f 2793 2789 2330 2334 
f 2792 2794 2335 2331 
f 2464 2462 2793 2795 
f 2795 2793 2334 2336 
f 2794 2796 2337 2335 
f 2466 2464 2795 2797 
f 2797 2795 2336 2338 
f 2796 2798 2339 2337 
f 2469 2466 2797 2799 
f 2799 2797 2338 2340 
f 2798 2800 2341 2339 
f 2801 2472 2471 2802 
f 2342 2801 2802 2345 
f 2341 2800 2803 2344 
f 2804 2475 2806 2805 
f 2805 2806 2349 2346 
f 2343 2808 2807 2348 
f 2476 2477 2810 2809 
f 2809 2810 2353 2350 
f 2811 2812 2352 2347 
f 2480 2481 2814 2813 
f 2813 2814 2357 2354 
f 2815 2816 2356 2351 
f 2459 2457 2817 2790 
f 2790 2817 2394 2333 
f 2818 2819 2393 2396 
f 2454 2484 2786 2820 
f 2820 2786 2326 2395 
f 2788 2818 2396 2327 
f 2486 7 6 2397 
f 1062 27 2452 2821 
f 26 1062 2821 2432 
f 2431 2822 1065 25 
f 2821 2452 2488 2782 
f 2432 2821 2782 2325 
f 2322 2784 2822 2431 
f 2321 2781 2824 2823 
f 2320 2321 2823 2435 
f 2783 2490 2492 2434 
f 2070 2067 2826 2825 
f 2079 2076 2827 1886 
f 1882 1770 1771 1885 
f 1731 1729 1770 1882 
f 1885 1771 1809 1888 
f 1839 1840 1892 1889 
f 2040 2828 1891 1892 
f 1888 1809 1839 1889 
f 2829 2831 1067 2830 
f 2829 2830 2833 2832 
f 2832 2833 2835 2834 
f 2836 2834 2835 2837 
f 2838 9 18 2839 
f 2840 2842 2839 2841 
f 2843 2844 2842 2840 
f 2845 2846 2844 2843 
f 2847 2849 2848 2838 
f 2850 2851 2849 2847 
f 2852 2853 2851 2850 
f 2854 2857 2856 2855 
f 2858 2859 2857 2854 
f 2860 2862 2859 2861 
f 2822 2864 2863 1065 
f 2784 2865 2864 2822 
f 2785 2866 2865 2784 
f 2781 2421 2422 2824 
f 2780 2867 2421 2781 
f 2778 2868 2867 2780 
f 2775 2187 2868 2778 
f 2776 2189 2187 2775 
f 2772 2870 2869 2773 
f 2768 2872 2871 2769 
f 2815 1927 1928 2816 
f 2811 2144 2145 2812 
f 2808 2141 2142 2807 
f 2800 2874 2873 2803 
f 2798 2875 2874 2800 
f 2796 2876 2875 2798 
f 2794 2877 2876 2796 
f 2792 2030 2877 2794 
f 2791 2029 2030 2792 
f 2818 2284 2878 2819 
f 2788 2287 2284 2818 
f 2787 2380 2287 2788 
f 2879 3 2380 2787 
f 2611 2710 2712 2612 
f 2609 2707 2710 2611 
f 2606 2701 2707 2609 
f 2578 2742 2702 2581 
f 2582 2741 2742 2578 
f 2584 2752 2741 2582 
f 2586 2754 2752 2584 
f 2588 2756 2754 2586 
f 2590 2758 2756 2588 
f 2880 2722 2761 2881 
f 2594 2728 2723 2597 
f 2598 2735 2729 2601 
f 2882 2717 2734 2883 
f 2884 2739 2716 2885 
f 2886 2745 2738 2887 
f 2888 2744 2745 2886 
f 2889 2747 2744 2888 
f 2890 2749 2747 2889 
f 2891 2696 2749 2890 
f 2892 2693 2697 2893 
f 2615 2690 2693 2892 
f 2613 2687 2690 2615 
f 1122 2686 2687 2613 
f 1838 1862 1863 1835 
f 2829 2684 2685 2831 
f 2832 2689 2684 2829 
f 2834 2692 2689 2832 
f 2836 2695 2692 2834 
f 2860 2733 2715 2837 
f 2894 2724 2732 2861 
f 2852 2718 2727 2853 
f 2845 2700 2721 2846 
f 2843 2703 2700 2845 
f 2840 2706 2703 2843 
f 2841 2709 2706 2840 
f 2895 966 2709 2841 
f 2896 2898 2897 
f 2900 1130 1131 2901 
f 2902 2900 2901 2903 
f 2904 2902 2903 2905 
f 2906 2904 2905 2907 
f 2908 2906 2907 2909 
f 2910 2908 2909 2911 
f 2912 2910 2911 2913 
f 2914 2912 2913 2915 
f 2916 2914 2915 2917 
f 2918 2916 2917 2919 
f 2920 2918 2919 2921 
f 2922 2920 2921 2923 
f 2924 2922 2923 2925 
f 2926 2924 2925 2927 
f 2928 2926 2927 2929 
f 2930 2928 2929 2931 
f 2932 2934 1162 2933 
f 2935 2932 2933 2936 
f 2937 2935 2936 2938 
f 2939 2937 2938 2940 
f 2941 2939 2940 2942 
f 2943 2941 2942 2944 
f 2945 2943 2944 2946 
f 2947 2945 2946 2948 
f 2949 2947 2948 2950 
f 2951 2949 2950 2952 
f 2953 2951 2952 2954 
f 2955 2953 2954 2956 
f 2957 2955 2956 2958 
f 2959 2957 2958 2960 
f 2961 2959 2960 2962 
f 2963 2961 2962 2964 
f 2965 2968 2967 2966 
f 2969 2965 2966 2970 
f 2971 2969 2970 2972 
f 2973 2971 2972 2974 
f 2975 2973 2974 2976 
f 2977 2975 2976 2978 
f 2979 2977 2978 2980 
f 2981 2979 2980 2982 
f 2983 2981 2982 2984 
f 2985 2983 2984 2986 
f 2987 2985 2986 2988 
f 2989 2987 2988 2990 
f 2991 2989 2990 2992 
f 2993 2991 2992 2994 
f 2995 2993 2994 2996 
f 10 2995 2996 11 
f 12 2999 2998 2997 
f 2997 2998 3001 3000 
f 3000 3001 3003 3002 
f 3002 3003 3005 3004 
f 3006 3004 3005 3007 
f 3006 3007 3009 3008 
f 3008 3009 3011 3010 
f 3010 3011 3013 3012 
f 3014 3012 3013 3015 
f 3016 3014 3015 3017 
f 3016 3017 3019 3018 
f 3018 3019 3021 3020 
f 3020 3021 3023 3022 
f 3022 3023 3025 3024 
f 3024 3025 3027 3026 
f 3026 3027 13 3028 
f 3029 3031 1253 3030 
f 3032 3033 3029 3030 
f 3034 3035 3033 3032 
f 3036 3037 3035 3034 
f 3038 3039 3037 3036 
f 3040 3041 3039 3038 
f 3042 3043 3041 3040 
f 3044 3045 3043 3042 
f 3046 3045 3044 3047 
f 3048 3049 3046 3047 
f 3050 3051 3049 3048 
f 3052 3053 3051 3050 
f 3054 3055 3053 3052 
f 3056 3057 3055 3054 
f 3058 3059 3057 3056 
f 1283 3060 3059 3058 
f 3029 2901 1131 3031 
f 3033 2903 2901 3029 
f 3035 2905 2903 3033 
f 3037 2907 2905 3035 
f 3039 2909 2907 3037 
f 3041 2911 2909 3039 
f 3043 2913 2911 3041 
f 3045 2915 2913 3043 
f 3046 2917 2915 3045 
f 3049 2919 2917 3046 
f 3051 2921 2919 3049 
f 3053 2923 2921 3051 
f 3055 2925 2923 3053 
f 3057 2927 2925 3055 
f 3059 2929 2927 3057 
f 3060 2931 2929 3059 
f 3061 3030 1253 3062 
f 3063 3032 3030 3061 
f 3064 3034 3032 3063 
f 3065 3036 3034 3064 
f 3066 3038 3036 3065 
f 3067 3040 3038 3066 
f 3068 3042 3040 3067 
f 3069 3044 3042 3068 
f 3070 3047 3044 3069 
f 3071 3048 3047 3070 
f 3072 3050 3048 3071 
f 3073 3052 3050 3072 
f 3074 3054 3052 3073 
f 3075 3056 3054 3074 
f 3076 3058 3056 3075 
f 14 1283 3058 3076 
f 3062 2934 2932 3061 
f 3061 2932 2935 3063 
f 3063 2935 2937 3064 
f 3064 2937 2939 3065 
f 3065 2939 2941 3066 
f 3066 2941 2943 3067 
f 3067 2943 2945 3068 
f 3068 2945 2947 3069 
f 3069 2947 2949 3070 
f 3070 2949 2951 3071 
f 3071 2951 2953 3072 
f 3072 2953 2955 3073 
f 3073 2955 2957 3074 
f 3074 2957 2959 3075 
f 3075 2959 2961 3076 
f 3076 2961 2963 14 
f 10 1299 3077 2995 
f 2995 3077 3078 2993 
f 2993 3078 3079 2991 
f 2991 3079 3080 2989 
f 2989 3080 3081 2987 
f 2987 3081 3082 2985 
f 2985 3082 3083 2983 
f 2983 3083 3084 2981 
f 2981 3084 3085 2979 
f 2979 3085 3086 2977 
f 2977 3086 3087 2975 
f 2975 3087 3088 2973 
f 2973 3088 3089 2971 
f 2971 3089 3090 2969 
f 2969 3090 3091 2965 
f 2965 3091 3092 2968 
f 3093 12 2997 3094 
f 3094 2997 3000 3095 
f 3095 3000 3002 3096 
f 3096 3002 3004 3097 
f 3098 3097 3004 3006 
f 3098 3006 3008 3099 
f 3099 3008 3010 3100 
f 3100 3010 3012 3101 
f 3102 3101 3012 3014 
f 3103 3102 3014 3016 
f 3104 3103 3016 3018 
f 3104 3018 3020 3105 
f 3106 3105 3020 3022 
f 3106 3022 3024 3107 
f 3107 3024 3026 3108 
f 3108 3026 3028 15 
f 16 13 3027 3109 
f 3109 3027 3025 3110 
f 3110 3025 3023 3111 
f 3111 3023 3021 3112 
f 3112 3021 3019 3113 
f 3113 3019 3017 3114 
f 3115 3114 3017 3015 
f 3115 3015 3013 3116 
f 3116 3013 3011 3117 
f 3117 3011 3009 3118 
f 3118 3009 3007 3119 
f 3120 3119 3007 3005 
f 3120 3005 3003 3121 
f 3121 3003 3001 3122 
f 3122 3001 2998 3123 
f 3123 2998 2999 1345 
f 3091 2933 1162 3092 
f 3090 2936 2933 3091 
f 3089 2938 2936 3090 
f 3088 2940 2938 3089 
f 3087 2942 2940 3088 
f 3086 2944 2942 3087 
f 3085 2946 2944 3086 
f 3084 2948 2946 3085 
f 3083 2950 2948 3084 
f 3082 2952 2950 3083 
f 3081 2954 2952 3082 
f 3080 2956 2954 3081 
f 3079 2958 2956 3080 
f 3078 2960 2958 3079 
f 3077 2962 2960 3078 
f 1299 2964 2962 3077 
f 3094 2966 2967 3093 
f 3095 2970 2966 3094 
f 3096 2972 2970 3095 
f 3097 2974 2972 3096 
f 3098 2976 2974 3097 
f 3099 2978 2976 3098 
f 3100 2980 2978 3099 
f 3101 2982 2980 3100 
f 3102 2984 2982 3101 
f 3103 2986 2984 3102 
f 3104 2988 2986 3103 
f 3105 2990 2988 3104 
f 3106 2992 2990 3105 
f 3107 2994 2992 3106 
f 3108 2996 2994 3107 
f 15 11 2996 3108 
f 2930 1346 3124 2928 
f 2928 3124 3125 2926 
f 2926 3125 3126 2924 
f 2924 3126 3127 2922 
f 2922 3127 3128 2920 
f 2920 3128 3129 2918 
f 2918 3129 3130 2916 
f 2916 3130 3131 2914 
f 2914 3131 3132 2912 
f 2912 3132 3133 2910 
f 2910 3133 2898 2908 
f 2908 2898 2896 2906 
f 2906 2896 3134 2904 
f 2904 3134 3135 2902 
f 2902 3135 3136 2900 
f 2900 3136 17 1130 
f 9 3138 1522 
f 3136 3137 1519 17 
f 3135 3137 3136 
f 3130 2855 3131 
f 2855 3132 3131 
f 2855 3133 3132 
f 3129 2855 3130 
f 3134 2897 3137 3135 
f 2896 2897 3134 
f 2856 2897 2898 3133 
f 2848 2899 2838 
f 9 2838 2899 3138 
f 1358 21 2401 3139 
f 3139 2401 2237 3140 
f 3140 2237 2238 3141 
f 3141 2238 2405 3142 
f 3143 2228 2218 3144 
f 3144 2218 2209 3145 
f 3145 2209 2200 3146 
f 3146 2200 2190 3147 
f 3147 2190 1686 3148 
f 3148 1686 1687 3149 
f 3149 1687 1704 3150 
f 3150 1704 1702 3151 
f 3151 1702 1700 3152 
f 3152 1700 1698 3153 
f 3153 1698 1696 3154 
f 3154 1696 1694 3155 
f 3155 1694 1690 3156 
f 3156 1690 1691 3157 
f 3157 1691 1707 3158 
f 3158 1707 2826 3159 
f 3160 2067 2068 3161 
f 3162 3164 1876 3163 
f 3165 1877 2065 3166 
f 3167 2066 2061 3168 
f 3169 2062 1905 3170 
f 3171 1852 1682 3172 
f 3172 1682 1680 3173 
f 3173 1680 1678 3174 
f 3174 1678 1676 3175 
f 3175 1676 1674 3176 
f 3176 1674 1672 3177 
f 3177 1672 1670 3178 
f 3178 1670 1666 3179 
f 3179 1666 1667 3180 
f 3180 1667 1684 3181 
f 3182 3181 1684 1867 
f 3182 1867 1979 3183 
f 3183 1979 1988 3184 
f 3184 1988 2375 3185 
f 3186 1998 1999 3187 
f 3187 1999 2373 3188 
f 3188 2373 2374 3189 
f 2378 2371 2372 2377 
f 2377 2372 1996 2002 
f 2002 1996 1997 2001 
f 2001 1997 2376 2379 
f 1990 1987 1978 1981 
f 1981 1978 1866 1869 
f 1750 1869 1866 1685 
f 1750 1685 1668 1748 
f 1748 1668 1669 1746 
f 1746 1669 1671 1744 
f 1744 1671 1673 1742 
f 1742 1673 1675 1740 
f 1740 1675 1677 1738 
f 1738 1677 1679 1736 
f 1736 1679 1681 1733 
f 1733 1681 1683 1732 
f 1732 1683 1851 1853 
f 1853 1851 1904 1907 
f 1906 2059 2060 2072 
f 2075 2063 2064 2074 
f 1881 1874 1875 1880 
f 3190 3191 2069 2077 
f 2076 2070 2825 2827 
f 1730 1706 1692 1728 
f 1728 1692 1693 1726 
f 1726 1693 1695 1724 
f 1724 1695 1697 1722 
f 1722 1697 1699 1720 
f 1720 1699 1701 1718 
f 1718 1701 1703 1716 
f 1716 1703 1705 1712 
f 1712 1705 1688 1715 
f 1715 1688 1689 2192 
f 2192 1689 2191 2199 
f 2199 2191 2201 2208 
f 2208 2201 2210 2217 
f 2217 2210 2219 2226 
f 2226 2219 2227 2235 
f 2235 2227 2404 2399 
f 2400 2239 2240 1711 
f 1711 2240 2402 1710 
f 1710 2402 2403 711 
f 2328 3192 2879 2787 
f 708 3192 2328 2329 
f 2068 2069 3191 3164 
f 2077 2078 2090 3190 
f 2081 2082 2087 2084 
f 2078 2081 2084 2090 
f 2082 2091 2094 2087 
f 2097 2098 2103 2100 
f 2109 2110 2113 2111 
f 2122 2123 1926 3193 
f 2130 2131 3195 3194 
f 2138 2139 3196 1925 
f 2110 2130 3194 2113 
f 2138 2123 2044 2051 
f 2131 2122 3193 3195 
f 2139 2148 3197 3196 
f 2308 2309 2354 2355 
f 2437 2438 2483 2480 
f 2495 2496 2547 2544 
f 2562 2563 2605 2602 
f 2642 2643 2656 2653 
f 2714 2715 2733 2730 
f 2643 2714 2730 2656 
f 2642 2716 2739 2641 
f 2098 2109 2111 2103 
f 2097 2091 2092 2096 
f 2767 2437 2480 2813 
f 2309 2767 2813 2354 
f 2308 2769 2772 2307 
f 2830 1067 3199 3198 
f 2833 2830 3198 3200 
f 2835 2833 3200 2862 
f 2837 2835 2862 2860 
f 2769 2871 2870 2772 
f 2885 2716 2717 2882 
f 2837 2715 2695 2836 
f 3161 2068 3164 3162 
f 2077 2069 2070 2076 
f 2060 2061 2066 2063 
f 2071 2072 2075 2073 
f 2088 2089 3202 3201 
f 2089 2071 2073 3202 
f 2095 2088 3201 2764 
f 2105 2106 2765 2763 
f 2114 2115 2762 2140 
f 2116 2117 2121 2118 
f 2124 2125 2129 2126 
f 2132 2133 2137 2134 
f 2125 2114 2140 2129 
f 2133 2116 2118 2137 
f 2117 2124 2126 2121 
f 2142 2143 2147 2144 
f 2348 2349 2342 2343 
f 3203 2474 3205 3204 
f 3203 2538 2533 3206 
f 2539 2596 2593 2532 
f 2647 2648 2679 2680 
f 2720 2721 2700 2759 
f 2648 2720 2759 2679 
f 2647 2723 2728 2646 
f 2105 2115 1947 2104 
f 2106 2095 2764 2765 
f 2806 2475 2472 2801 
f 2349 2806 2801 2342 
f 2348 2807 2811 2347 
f 2839 18 2895 2841 
f 2839 2842 2847 2838 
f 2842 2844 2850 2847 
f 2844 2846 2852 2850 
f 2807 2142 2144 2811 
f 2597 2723 2722 2880 
f 2846 2721 2718 2852 
f 3168 2061 2062 3169 
f 2072 2060 2063 2075 
s 2
f 19 3269 3208 3207 
f 3269 3270 3209 3208 
f 3270 3271 3210 3209 
f 3271 3272 3211 3210 
f 3273 3274 3213 3212 
f 3274 3275 3214 3213 
f 3275 3276 3215 3214 
f 3276 3277 3216 3215 
f 3277 3278 3217 3216 
f 3278 3279 3218 3217 
f 3279 3280 3219 3218 
f 3280 3281 3220 3219 
f 3281 3282 3221 3220 
f 3282 3283 3222 3221 
f 3283 3284 3223 3222 
f 3284 3285 3224 3223 
f 3285 3286 3225 3224 
f 3286 3287 3226 3225 
f 3288 3289 3228 3227 
f 3289 3290 3229 3228 
f 3290 3291 3230 3229 
f 3292 3293 3232 3231 
f 3294 3295 3234 3233 
f 3295 3296 3235 3234 
f 3296 3297 3236 3235 
f 3298 3299 3238 3237 
f 3299 3300 3239 3238 
f 3300 3301 3240 3239 
f 3301 3302 3241 3240 
f 3302 3303 3242 3241 
f 3303 3304 3243 3242 
f 3304 3305 3244 3243 
f 3305 3306 3245 3244 
f 3306 3307 3246 3245 
f 3307 3308 3247 3246 
f 3308 3309 3248 3247 
f 3309 3310 3249 3248 
f 3310 3311 3250 3249 
f 3311 3312 3251 3250 
f 3312 3313 3252 3251 
f 3313 3314 3253 3252 
f 3315 3316 3255 3254 
f 3316 3317 3256 3255 
f 3317 3318 1464 3256 
s 1
f 1894 1895 3201 3202 
f 1897 1894 3202 2073 
f 1895 1898 2764 3201 
f 1901 1902 2763 2765 
f 1909 1910 2140 2762 
f 2064 2065 1877 1874 
f 1897 2074 1881 1878 
f 2119 2120 1915 1912 
f 2127 2128 1919 1916 
f 2135 2136 1923 1920 
f 2128 1910 1911 1919 
f 2119 2136 2137 2118 
f 2120 2127 1916 1915 
f 2145 2146 1930 1927 
f 2352 2353 2346 2347 
f 2477 2478 3205 2804 
f 3257 2542 2537 3204 
f 2543 2600 2595 2536 
f 2651 2652 2645 2646 
f 2726 2727 2718 2719 
f 2652 2726 2719 2645 
f 2651 2729 2735 2650 
f 1902 1909 2762 2763 
f 1901 1898 1899 1900 
f 2810 2477 2804 2805 
f 2353 2810 2805 2346 
f 2352 2812 2815 2351 
f 2848 2849 2854 2855 
f 2849 2851 2858 2854 
f 2851 2853 2894 2858 
f 2812 2145 1927 2815 
f 2601 2729 2728 2594 
f 2853 2727 2724 2894 
f 3166 2065 2066 3167 
f 2074 2064 1874 1881 
s 2
f 3291 3292 3231 3230 
s 1
f 1875 1876 3164 3191 
f 1879 1880 3190 2090 
f 1913 1914 3193 1926 
f 1917 1918 3194 3195 
f 1921 1922 1925 3196 
f 1918 1924 2113 3194 
f 1913 1922 1923 1912 
f 1914 1917 3195 3193 
f 1928 1929 3197 2872 
f 2085 2086 1896 1893 
f 1879 2085 1893 1878 
f 2086 2093 1899 1896 
f 2101 2102 1903 1900 
f 2112 1924 1911 1908 
f 2356 2357 2350 2351 
f 2481 2482 2479 2476 
f 2545 2546 2541 3258 
f 2603 2604 2599 2540 
f 2654 2655 2649 2650 
f 2731 2732 2724 2725 
f 2655 2731 2725 2649 
f 2654 2734 2717 2653 
f 2102 2112 1908 1903 
f 2101 2093 2094 2100 
f 2814 2481 2476 2809 
f 2357 2814 2809 2350 
f 2356 2816 2768 2355 
f 2856 2857 3200 3198 
f 2857 2859 2862 3200 
f 2861 2859 2858 2894 
f 2816 1928 2872 2768 
f 2883 2734 2735 2598 
f 2861 2732 2733 2860 
f 3163 1876 1877 3165 
f 1880 1875 3191 3190 
s 2
f 3293 3294 3233 3232 
s 1
f 3129 2848 2855 
f 2856 3133 2855 
f 2496 2497 2561 2562 
f 2497 2500 2566 2561 
f 2501 2503 2569 2565 
f 2503 2505 2506 2569 
f 2508 2505 2504 2510 
f 2508 2511 2573 2507 
f 2514 2515 28 2575 
f 2517 2518 3260 3259 
f 2521 2517 3259 3261 
f 2523 2521 3261 2525 
f 2523 2526 2529 2522 
f 2528 2526 2524 3262 
f 2531 2528 3262 3263 
f 2533 2534 3264 3206 
f 2537 2538 3203 3204 
f 2541 2542 3257 3258 
f 2546 2547 2602 2603 
f 2549 2550 3266 3265 
f 2550 2552 3267 3266 
f 2552 2554 3268 3267 
f 2556 2514 2575 2616 
f 2558 2556 2616 2617 
f 2511 2560 2619 2573 
f 2547 2496 2562 2602 
f 2533 2538 2539 2532 
f 2537 2542 2543 2536 
f 2541 2546 2603 2540 
f 2563 2564 2884 2885 
f 2564 2567 2887 2884 
f 2568 2570 2888 2886 
f 2570 2571 2889 2888 
f 2571 2572 2890 2889 
f 2572 2574 2891 2890 
f 2576 2577 1122 2613 
f 2579 2580 2519 2516 
f 2583 2579 2516 2520 
f 2585 2583 2520 2522 
f 2587 2585 2522 2529 
f 2589 2587 2529 2527 
f 2591 2589 2527 2530 
f 2591 2592 2881 2590 
f 2595 2596 2539 2536 
f 2599 2600 2543 2540 
f 2604 2605 2882 2883 
f 2607 2608 2551 2548 
f 2608 2610 2553 2551 
f 2610 883 8 2553 
f 2576 2614 2616 2575 
f 2618 2614 2615 2892 
f 2574 2620 2893 2891 
f 2605 2563 2885 2882 
f 2593 2596 2597 2880 
f 2595 2600 2601 2594 
f 2599 2604 2883 2598 
f 2438 2439 2494 2495 
f 2439 2442 2499 2494 
f 2443 2445 2502 2498 
f 2445 2447 2504 2502 
f 2447 2448 2510 2504 
f 2448 2450 2509 2510 
f 2453 744 2512 2513 
f 2455 2456 3260 3265 
f 2460 2461 3261 3259 
f 2461 2463 2525 3261 
f 2463 2465 2524 2525 
f 2465 2467 3262 2524 
f 2467 2468 3263 3262 
f 2468 2470 3264 3263 
f 2473 2474 3203 3206 
f 2478 2479 3258 3257 
f 2482 2483 2544 2545 
f 2485 2455 3265 3266 
f 2487 2485 3266 3267 
f 777 2487 3267 3268 
f 2489 2453 2513 2555 
f 2491 2489 2555 2557 
f 2450 2493 2559 2509 
f 2483 2438 2495 2544 
f 3205 2474 2475 2804 
f 3205 2478 3257 3204 
f 2479 2482 2545 3258 
s 2
f 1358 3139 3256 1464 
f 3139 3140 3255 3256 
f 3140 3141 3254 3255 
f 3141 3142 3253 3254 
f 3143 3144 3251 3252 
f 3144 3145 3250 3251 
f 3145 3146 3249 3250 
f 3146 3147 3248 3249 
f 3147 3148 3247 3248 
f 3148 3149 3246 3247 
f 3149 3150 3245 3246 
f 3150 3151 3244 3245 
f 3151 3152 3243 3244 
f 3152 3153 3242 3243 
f 3153 3154 3241 3242 
f 3154 3155 3240 3241 
f 3155 3156 3239 3240 
f 3156 3157 3238 3239 
f 3157 3158 3237 3238 
f 3158 3159 3236 3237 
f 3160 3161 3234 3235 
f 3161 3162 3233 3234 
f 3162 3163 3232 3233 
f 3163 3165 3231 3232 
f 3165 3166 3230 3231 
f 3166 3167 3229 3230 
f 3167 3168 3228 3229 
f 3168 3169 3227 3228 
f 3169 3170 3226 3227 
f 3171 3172 3224 3225 
f 3172 3173 3223 3224 
f 3173 3174 3222 3223 
f 3174 3175 3221 3222 
f 3175 3176 3220 3221 
f 3176 3177 3219 3220 
f 3177 3178 3218 3219 
f 3178 3179 3217 3218 
f 3179 3180 3216 3217 
f 3180 3181 3215 3216 
f 3181 3182 3214 3215 
f 3182 3183 3213 3214 
f 3183 3184 3212 3213 
f 3184 3185 3211 3212 
f 3186 3187 3209 3210 
f 3187 3188 3208 3209 
f 3188 3189 3207 3208 
s 1
f 1930 1920 1921 1929 
f 1934 2141 2873 1933 
f 1966 2877 2030 1965 
f 2028 2875 2876 2027 
f 2027 2876 2877 1966 
f 2031 2026 1963 1965 
f 2039 2874 2875 2028 
f 2188 2189 2869 2058 
f 1934 1931 2132 2143 
f 2147 2134 2135 2146 
f 2057 2870 2871 2148 
f 2164 2868 2187 2163 
f 2186 2421 2867 2185 
f 2185 2867 2868 2164 
f 2188 2182 2160 2163 
f 2268 2865 2866 2267 
f 2286 2304 2305 2285 
f 2382 4 2392 2381 
f 2381 2392 2304 2286 
f 2031 2029 2878 2383 
f 2420 2863 2864 2419 
f 2419 2864 2865 2268 
f 2186 2180 2430 2423 
f 2148 2871 2872 3197 
f 2143 2132 2134 2147 
f 2146 2135 1920 1930 
f 1929 1921 3196 3197 
f 2040 2041 2056 2828 
f 1519 3137 3199 
f 3137 2897 3198 3199 
f 2897 2856 3198 
f 1522 3138 3124 1346 
f 3138 3125 3124 
f 3138 2899 3126 3125 
f 2899 3127 3126 
f 2899 3128 3127 
f 2899 2848 3129 3128 
f 2358 2359 2361 2360 
f 2362 2358 2360 2000 
f 2359 2363 2364 2361 
f 2367 2368 1994 1995 
f 2375 2376 1997 1998 
f 2379 2362 2000 2001 
f 2383 2384 2026 2031 
f 2388 2389 2009 2010 
f 2388 2391 2303 2288 
f 2391 2384 2305 2303 
f 2393 2394 2395 2396 
f 2398 2399 2400 2245 
f 2404 2405 2238 2239 
f 2409 2410 2242 2243 
f 2410 2398 2245 2242 
f 2413 2409 2243 2246 
f 2417 2418 2249 2250 
f 2422 2423 2267 2866 
f 2425 2426 2270 2271 
f 2426 2429 2281 2270 
f 2430 2425 2271 2266 
f 2434 2435 2324 2783 
f 2456 2457 2459 2460 
f 2492 2493 2450 2451 
f 2518 2519 2548 2549 
f 2559 2560 2511 2509 
f 2580 2581 2606 2607 
f 2619 2620 2574 2573 
f 2628 2629 2669 2670 
f 2632 2633 2634 2635 
f 2694 2695 2750 
f 2629 2694 2750 2669 
f 2628 2697 2693 2626 
f 2699 2700 2703 2704 
f 2633 2699 2704 2634 
f 2632 2702 2742 2631 
f 2418 2413 2246 2249 
f 2417 2429 2279 2236 
f 2367 2389 2289 2366 
f 2368 2363 1993 1994 
f 2817 2457 2454 2820 
f 2394 2817 2820 2395 
f 2393 2819 2791 2332 
f 2823 2824 2785 2323 
f 2435 2823 2323 2324 
f 2434 2492 2451 2433 
f 2824 2422 2866 2785 
f 2819 2878 2029 2791 
f 2581 2702 2701 2606 
f 2893 2697 2696 2891 
f 3142 2405 2228 3143 
f 3185 2375 1998 3186 
f 2379 2376 1987 1990 
f 2399 2404 2239 2400 
s 2
f 3211 3272 3273 3212 
f 3253 3314 3315 3254 
s 1
f 3260 2518 2549 3265 
f 2619 2560 2558 2617 
f 2519 2580 2607 2548 
f 2893 2620 2618 2892 
f 3260 2456 2460 3259 
f 2559 2493 2491 2557 
s 2
f 3253 3142 3143 3252 
f 3211 3185 3186 3210 
s 1
f 2383 2878 2284 2285 
f 2423 2430 2266 2267 
f 1855 1856 1775 1772 
f 1859 1855 1772 1797 
f 1856 1860 1811 1775 
f 1864 1865 2107 2104 
f 1904 1905 2062 2059 
f 1907 1859 1797 1853 
f 1932 1933 2039 2038 
f 1936 1937 2035 2034 
f 1940 1941 2037 2036 
f 1944 1945 2033 2032 
f 1941 1932 2038 2037 
f 1945 1936 2034 2033 
f 1937 1940 2036 2035 
f 1948 1944 2032 1949 
f 2344 2345 2340 2341 
f 2470 2471 2472 2473 
f 2534 2535 2530 2531 
f 2535 2592 2591 2530 
f 2681 2682 2677 2678 
f 2682 2760 2757 2677 
f 2681 2761 2722 2680 
f 1948 1864 2104 1947 
f 1860 1865 1862 1811 
f 2802 2471 2469 2799 
f 2345 2802 2799 2340 
f 2344 2803 2808 2343 
f 2803 2873 2141 2808 
f 2881 2761 2758 2590 
f 3170 1905 1852 3171 
f 1907 1904 2059 1906 
s 2
f 3226 3287 3288 3227 
s 1
f 3264 2534 2531 3263 
f 2881 2592 2593 2880 
f 3264 2470 2473 3206 
s 2
f 3226 3170 3171 3225 
s 1
f 1933 2873 2874 2039 
f 1883 1884 2083 2080 
f 1886 1883 2080 2079 
f 1884 1887 2092 2083 
f 1890 1891 2099 2096 
f 2045 2046 2169 2170 
f 2049 2050 2175 2176 
f 2053 2054 2181 2182 
f 2050 2056 2041 2175 
f 2054 2045 2170 2181 
f 2046 2049 2176 2169 
f 2058 2053 2182 2188 
f 2312 2313 2306 2307 
f 2441 2442 2439 2436 
f 2499 2500 2497 2494 
f 2566 2567 2564 2561 
f 2659 2660 2644 2641 
f 2660 2737 2713 2644 
f 2659 2738 2745 2658 
f 1887 1890 2096 2092 
f 2771 2441 2436 2766 
f 2313 2771 2766 2306 
f 2312 2773 2776 2311 
f 2825 2826 1707 1706 
f 1886 2827 1730 1731 
f 1891 2828 2108 2099 
f 2773 2869 2189 2776 
f 2887 2738 2739 2884 
f 3159 2826 2067 3160 
f 2827 2825 1706 1730 
s 2
f 3236 3297 3298 3237 
s 1
f 2566 2500 2501 2565 
f 2887 2567 2568 2886 
f 2499 2442 2443 2498 
s 2
f 3236 3159 3160 3235 
s 1
f 2058 2869 2870 2057 
f 2828 2056 2055 2108 
f 2737 2695 2713 
f 3319 3331 3332 3320 
f 3320 3332 3333 3321 
f 3321 3333 3334 3322 
f 3322 3334 3335 3323 
f 3323 3335 3336 3324 
f 3324 3336 3337 3325 
f 3325 3337 3338 3326 
f 3326 3338 3339 3327 
f 3327 3339 3340 3328 
f 3328 3340 3341 3329 
f 3329 3341 3342 3330 
f 3331 3343 3344 3332 
f 3332 3344 3345 3333 
f 3333 3345 3346 3334 
f 3334 3346 3347 3335 
f 3335 3347 3348 3336 
f 3336 3348 3349 3337 
f 3337 3349 3350 3338 
f 3338 3350 3351 3339 
f 3339 3351 3352 3340 
f 3340 3352 3353 3341 
f 3341 3353 3354 3342 
f 3343 3355 3356 3344 
f 3344 3356 3357 3345 
f 3345 3357 3358 3346 
f 3346 3358 3359 3347 
f 3347 3359 3360 3348 
f 3348 3360 3361 3349 
f 3349 3361 3362 3350 
f 3350 3362 3363 3351 
f 3351 3363 3364 3352 
f 3352 3364 3365 3353 
f 3353 3365 3366 3354 
f 3355 3367 3368 3356 
f 3356 3368 3369 3357 
f 3357 3369 3370 3358 
f 3358 3370 3371 3359 
f 3359 3371 3372 3360 
f 3360 3372 3373 3361 
f 3361 3373 3374 3362 
f 3362 3374 3375 3363 
f 3363 3375 3376 3364 
f 3364 3376 3377 3365 
f 3365 3377 3378 3366 
f 3367 3379 3380 3368 
f 3368 3380 3381 3369 
f 3369 3381 3382 3370 
f 3370 3382 3383 3371 
f 3371 3383 3384 3372 
f 3372 3384 3385 3373 
f 3373 3385 3386 3374 
f 3374 3386 3387 3375 
f 3375 3387 3388 3376 
f 3376 3388 3389 3377 
f 3377 3389 3390 3378 
f 3379 3391 3392 3380 
f 3380 3392 3393 3381 
f 3381 3393 3394 3382 
f 3382 3394 3395 3383 
f 3383 3395 3396 3384 
f 3384 3396 3397 3385 
f 3385 3397 3398 3386 
f 3386 3398 3399 3387 
f 3387 3399 3400 3388 
f 3388 3400 3401 3389 
f 3389 3401 3402 3390 
f 3391 3403 3404 3392 
f 3392 3404 3405 3393 
f 3393 3405 3406 3394 
f 3394 3406 3407 3395 
f 3395 3407 3408 3396 
f 3396 3408 3409 3397 
f 3397 3409 3410 3398 
f 3398 3410 3411 3399 
f 3399 3411 3412 3400 
f 3400 3412 3413 3401 
f 3401 3413 3414 3402 
f 3403 3415 3416 3404 
f 3404 3416 3417 3405 
f 3405 3417 3418 3406 
f 3406 3418 3419 3407 
f 3407 3419 3420 3408 
f 3408 3420 3421 3409 
f 3409 3421 3422 3410 
f 3410 3422 3423 3411 
f 3411 3423 3424 3412 
f 3412 3424 3425 3413 
f 3413 3425 3426 3414 
f 3415 3427 3428 3416 
f 3416 3428 3429 3417 
f 3417 3429 3430 3418 
f 3418 3430 3431 3419 
f 3419 3431 3432 3420 
f 3420 3432 3433 3421 
f 3421 3433 3434 3422 
f 3422 3434 3435 3423 
f 3423 3435 3436 3424 
f 3424 3436 3437 3425 
f 3425 3437 3438 3426 
f 3427 3439 3440 3428 
f 3428 3440 3441 3429 
f 3429 3441 3442 3430 
f 3430 3442 3443 3431 
f 3431 3443 3444 3432 
f 3432 3444 3445 3433 
f 3433 3445 3446 3434 
f 3434 3446 3447 3435 
f 3435 3447 3448 3436 
f 3436 3448 3449 3437 
f 3437 3449 3450 3438 
f 3439 3451 3452 3440 
f 3440 3452 3453 3441 
f 3441 3453 3454 3442 
f 3442 3454 3455 3443 
f 3443 3455 3456 3444 
f 3444 3456 3457 3445 
f 3445 3457 3458 3446 
f 3446 3458 3459 3447 
f 3447 3459 3460 3448 
f 3448 3460 3461 3449 
f 3449 3461 3462 3450 
f 3451 3463 3464 3452 
f 3452 3464 3465 3453 
f 3453 3465 3466 3454 
f 3454 3466 3467 3455 
f 3455 3467 3468 3456 
f 3456 3468 3469 3457 
f 3457 3469 3470 3458 
f 3458 3470 3471 3459 
f 3459 3471 3472 3460 
f 3460 3472 3473 3461 
f 3461 3473 3474 3462 
f 3463 3475 3476 3464 
f 3464 3476 3477 3465 
f 3465 3477 3478 3466 
f 3466 3478 3479 3467 
f 3467 3479 3480 3468 
f 3468 3480 3481 3469 
f 3469 3481 3482 3470 
f 3470 3482 3483 3471 
f 3471 3483 3484 3472 
f 3472 3484 3485 3473 
f 3473 3485 3486 3474 
f 3475 3487 3488 3476 
f 3476 3488 3489 3477 
f 3477 3489 3490 3478 
f 3478 3490 3491 3479 
f 3479 3491 3492 3480 
f 3480 3492 3493 3481 
f 3481 3493 3494 3482 
f 3482 3494 3495 3483 
f 3483 3495 3496 3484 
f 3484 3496 3497 3485 
f 3485 3497 3498 3486 
f 3487 3499 3500 3488 
f 3488 3500 3501 3489 
f 3489 3501 3502 3490 
f 3490 3502 3503 3491 
f 3491 3503 3504 3492 
f 3492 3504 3505 3493 
f 3493 3505 3506 3494 
f 3494 3506 3507 3495 
f 3495 3507 3508 3496 
f 3496 3508 3509 3497 
f 3497 3509 3510 3498 
f 3499 3511 3512 3500 
f 3500 3512 3513 3501 
f 3501 3513 3514 3502 
f 3502 3514 3515 3503 
f 3503 3515 3516 3504 
f 3504 3516 3517 3505 
f 3505 3517 3518 3506 
f 3506 3518 3519 3507 
f 3507 3519 3520 3508 
f 3508 3520 3521 3509 
f 3509 3521 3522 3510 
f 3511 3523 3524 3512 
f 3512 3524 3525 3513 
f 3513 3525 3526 3514 
f 3514 3526 3527 3515 
f 3515 3527 3528 3516 
f 3516 3528 3529 3517 
f 3517 3529 3530 3518 
f 3518 3530 3531 3519 
f 3519 3531 3532 3520 
f 3520 3532 3533 3521 
f 3521 3533 3534 3522 
f 3523 3535 3536 3524 
f 3524 3536 3537 3525 
f 3525 3537 3538 3526 
f 3526 3538 3539 3527 
f 3527 3539 3540 3528 
f 3528 3540 3541 3529 
f 3529 3541 3542 3530 
f 3530 3542 3543 3531 
f 3531 3543 3544 3532 
f 3532 3544 3545 3533 
f 3533 3545 3546 3534 
f 3535 3547 3548 3536 
f 3536 3548 3549 3537 
f 3537 3549 3550 3538 
f 3538 3550 3551 3539 
f 3539 3551 3552 3540 
f 3540 3552 3553 3541 
f 3541 3553 3554 3542 
f 3542 3554 3555 3543 
f 3543 3555 3556 3544 
f 3544 3556 3557 3545 
f 3545 3557 3558 3546 
f 3547 3559 3560 3548 
f 3548 3560 3561 3549 
f 3549 3561 3562 3550 
f 3550 3562 3563 3551 
f 3551 3563 3564 3552 
f 3552 3564 3565 3553 
f 3553 3565 3566 3554 
f 3554 3566 3567 3555 
f 3555 3567 3568 3556 
f 3556 3568 3569 3557 
f 3557 3569 3570 3558 
f 3559 3571 3572 3560 
f 3560 3572 3573 3561 
f 3561 3573 3574 3562 
f 3562 3574 3575 3563 
f 3563 3575 3576 3564 
f 3564 3576 3577 3565 
f 3565 3577 3578 3566 
f 3566 3578 3579 3567 
f 3567 3579 3580 3568 
f 3568 3580 3581 3569 
f 3569 3581 3582 3570 
f 3571 3583 3584 3572 
f 3572 3584 3585 3573 
f 3573 3585 3586 3574 
f 3574 3586 3587 3575 
f 3575 3587 3588 3576 
f 3576 3588 3589 3577 
f 3577 3589 3590 3578 
f 3578 3590 3591 3579 
f 3579 3591 3592 3580 
f 3580 3592 3593 3581 
f 3581 3593 3594 3582 
f 3583 3595 3596 3584 
f 3584 3596 3597 3585 
f 3585 3597 3598 3586 
f 3586 3598 3599 3587 
f 3587 3599 3600 3588 
f 3588 3600 3601 3589 
f 3589 3601 3602 3590 
f 3590 3602 3603 3591 
f 3591 3603 3604 3592 
f 3592 3604 3605 3593 
f 3593 3605 3606 3594 
f 3595 3607 3608 3596 
f 3596 3608 3609 3597 
f 3597 3609 3610 3598 
f 3598 3610 3611 3599 
f 3599 3611 3612 3600 
f 3600 3612 3613 3601 
f 3601 3613 3614 3602 
f 3602 3614 3615 3603 
f 3603 3615 3616 3604 
f 3604 3616 3617 3605 
f 3605 3617 3618 3606 
f 3607 3619 3620 3608 
f 3608 3620 3621 3609 
f 3609 3621 3622 3610 
f 3610 3622 3623 3611 
f 3611 3623 3624 3612 
f 3612 3624 3625 3613 
f 3613 3625 3626 3614 
f 3614 3626 3627 3615 
f 3615 3627 3628 3616 
f 3616 3628 3629 3617 
f 3617 3629 3630 3618 
f 3619 3631 3632 3620 
f 3620 3632 3633 3621 
f 3621 3633 3634 3622 
f 3622 3634 3635 3623 
f 3623 3635 3636 3624 
f 3624 3636 3637 3625 
f 3625 3637 3638 3626 
f 3626 3638 3639 3627 
f 3627 3639 3640 3628 
f 3628 3640 3641 3629 
f 3629 3641 3642 3630 
f 3631 3643 3644 3632 
f 3632 3644 3645 3633 
f 3633 3645 3646 3634 
f 3634 3646 3647 3635 
f 3635 3647 3648 3636 
f 3636 3648 3649 3637 
f 3637 3649 3650 3638 
f 3638 3650 3651 3639 
f 3639 3651 3652 3640 
f 3640 3652 3653 3641 
f 3641 3653 3654 3642 
f 3643 3655 3656 3644 
f 3644 3656 3657 3645 
f 3645 3657 3658 3646 
f 3646 3658 3659 3647 
f 3647 3659 3660 3648 
f 3648 3660 3661 3649 
f 3649 3661 3662 3650 
f 3650 3662 3663 3651 
f 3651 3663 3664 3652 
f 3652 3664 3665 3653 
f 3653 3665 3666 3654 
f 3655 3667 3668 3656 
f 3656 3668 3669 3657 
f 3657 3669 3670 3658 
f 3658 3670 3671 3659 
f 3659 3671 3672 3660 
f 3660 3672 3673 3661 
f 3661 3673 3674 3662 
f 3662 3674 3675 3663 
f 3663 3675 3676 3664 
f 3664 3676 3677 3665 
f 3665 3677 3678 3666 
f 3667 3679 3680 3668 
f 3668 3680 3681 3669 
f 3669 3681 3682 3670 
f 3670 3682 3683 3671 
f 3671 3683 3684 3672 
f 3672 3684 3685 3673 
f 3673 3685 3686 3674 
f 3674 3686 3687 3675 
f 3675 3687 3688 3676 
f 3676 3688 3689 3677 
f 3677 3689 3690 3678 
f 3679 3691 3692 3680 
f 3680 3692 3693 3681 
f 3681 3693 3694 3682 
f 3682 3694 3695 3683 
f 3683 3695 3696 3684 
f 3684 3696 3697 3685 
f 3685 3697 3698 3686 
f 3686 3698 3699 3687 
f 3687 3699 3700 3688 
f 3688 3700 3701 3689 
f 3689 3701 3702 3690 
f 3691 3319 3320 3692 
f 3692 3320 3321 3693 
f 3693 3321 3322 3694 
f 3694 3322 3323 3695 
f 3695 3323 3324 3696 
f 3696 3324 3325 3697 
f 3697 3325 3326 3698 
f 3698 3326 3327 3699 
f 3699 3327 3328 3700 
f 3700 3328 3329 3701 
f 3701 3329 3330 3702 
f 3330 3342 3703 
f 3342 3354 3703 
f 3354 3366 3703 
f 3366 3378 3703 
f 3378 3390 3703 
f 3390 3402 3703 
f 3402 3414 3703 
f 3414 3426 3703 
f 3426 3438 3703 
f 3438 3450 3703 
f 3450 3462 3703 
f 3462 3474 3703 
f 3474 3486 3703 
f 3486 3498 3703 
f 3498 3510 3703 
f 3510 3522 3703 
f 3522 3534 3703 
f 3534 3546 3703 
f 3546 3558 3703 
f 3558 3570 3703 
f 3570 3582 3703 
f 3582 3594 3703 
f 3594 3606 3703 
f 3606 3618 3703 
f 3618 3630 3703 
f 3630 3642 3703 
f 3642 3654 3703 
f 3654 3666 3703 
f 3666 3678 3703 
f 3678 3690 3703 
f 3690 3702 3703 
f 3702 3330 3703 
f 4090 4092 4159 4160 
f 4094 4090 4160 4161 
f 4092 4096 4154 4159 
f 4098 4094 4161 4162 
f 4100 4098 4162 4163 
f 4096 4102 4155 4154 
f 4104 4100 4163 4164 
f 4102 4106 4156 4155 
f 4108 4104 4164 4165 
f 4110 4108 4165 4166 
f 4112 4110 4166 4167 
f 4114 4112 4167 4168 
f 4116 4114 4168 4169 
f 4118 4116 4169 4170 
f 4120 4118 4170 4171 
f 4122 4120 4171 4172 
f 4124 4122 4172 4173 
f 4126 4124 4173 4174 
f 4128 4126 4174 4175 
f 4130 4128 4175 4176 
f 4132 4130 4176 4177 
f 4134 4132 4177 4178 
f 4136 4134 4178 4179 
f 4138 4136 4179 4180 
f 4140 4138 4180 4181 
f 4106 4142 4157 4156 
f 4144 4140 4181 4182 
f 4146 4144 4182 4183 
f 4148 4146 4183 4184 
f 4150 4148 4184 4185 
f 4152 4150 4185 4158 
f 4142 4152 4158 4157 
f 4029 4027 3836 3838 
f 4031 4029 3838 3841 
f 4027 4033 3845 3836 
f 4035 4031 3841 3847 
f 4037 4035 3847 3850 
f 4033 4039 3854 3845 
f 4041 4037 3850 3856 
f 4039 4043 3860 3854 
f 4045 4041 3856 3862 
f 4047 4045 3862 3865 
f 4049 4047 3865 3868 
f 4051 4049 3868 3871 
f 4053 4051 3871 3874 
f 4055 4053 3874 3877 
f 4057 4055 3877 3880 
f 4059 4057 3880 3883 
f 4061 4059 3883 3886 
f 4063 4061 3886 3889 
f 4065 4063 3889 3892 
f 4067 4065 3892 3895 
f 4069 4067 3895 3898 
f 4071 4069 3898 3901 
f 4073 4071 3901 3904 
f 4075 4073 3904 3907 
f 4077 4075 3907 3910 
f 4043 4079 3914 3860 
f 4081 4077 3910 3916 
f 4083 4081 3916 3919 
f 4085 4083 3919 3922 
f 4087 4085 3922 3925 
f 4089 4087 3925 3928 
f 4079 4089 3928 3914 
f 4093 4091 3761 3760 
f 4091 4095 3762 3761 
f 4097 4093 3760 3759 
f 4095 4099 3763 3762 
f 4099 4101 3764 3763 
f 4103 4097 3759 3758 
f 4101 4105 3765 3764 
f 4107 4103 3758 3757 
f 4105 4109 3766 3765 
f 4109 4111 3767 3766 
f 4111 4113 3768 3767 
f 4113 4115 3737 3768 
f 4115 4117 3738 3737 
f 4117 4119 3739 3738 
f 4119 4121 3740 3739 
f 4121 4123 3741 3740 
f 4123 4125 3742 3741 
f 4125 4127 3743 3742 
f 4127 4129 3744 3743 
f 4129 4131 3745 3744 
f 4131 4133 3746 3745 
f 4133 4135 3747 3746 
f 4135 4137 3748 3747 
f 4137 4139 3749 3748 
f 4139 4141 3750 3749 
f 4143 4107 3757 3756 
f 4141 4145 3751 3750 
f 4145 4147 3752 3751 
f 4147 4149 3753 3752 
f 4149 4151 3754 3753 
f 4151 4153 3755 3754 
f 4153 4143 3756 3755 
f 3727 3728 3736 
f 3728 3729 3736 
f 3726 3727 3736 
f 3729 3730 3736 
f 3730 3731 3736 
f 3725 3726 3736 
f 3731 3732 3736 
f 3724 3725 3736 
f 3732 3733 3736 
f 3733 3734 3736 
f 3734 3735 3736 
f 3735 3704 3736 
f 3704 3705 3736 
f 3705 3706 3736 
f 3706 3707 3736 
f 3707 3708 3736 
f 3708 3709 3736 
f 3709 3710 3736 
f 3710 3711 3736 
f 3711 3712 3736 
f 3712 3713 3736 
f 3713 3714 3736 
f 3714 3715 3736 
f 3715 3716 3736 
f 3716 3717 3736 
f 3723 3724 3736 
f 3717 3718 3736 
f 3718 3719 3736 
f 3719 3720 3736 
f 3720 3721 3736 
f 3721 3722 3736 
f 3722 3723 3736 
f 3761 3793 3792 3760 
f 3762 3794 3793 3761 
f 3760 3792 3791 3759 
f 3763 3795 3794 3762 
f 3764 3796 3795 3763 
f 3759 3791 3790 3758 
f 3765 3797 3796 3764 
f 3758 3790 3789 3757 
f 3766 3798 3797 3765 
f 3767 3799 3798 3766 
f 3768 3800 3799 3767 
f 3737 3769 3800 3768 
f 3738 3770 3769 3737 
f 3739 3771 3770 3738 
f 3740 3772 3771 3739 
f 3741 3773 3772 3740 
f 3742 3774 3773 3741 
f 3743 3775 3774 3742 
f 3744 3776 3775 3743 
f 3745 3777 3776 3744 
f 3746 3778 3777 3745 
f 3747 3779 3778 3746 
f 3748 3780 3779 3747 
f 3749 3781 3780 3748 
f 3750 3782 3781 3749 
f 3757 3789 3788 3756 
f 3751 3783 3782 3750 
f 3752 3784 3783 3751 
f 3753 3785 3784 3752 
f 3754 3786 3785 3753 
f 3755 3787 3786 3754 
f 3756 3788 3787 3755 
f 3793 3728 3727 3792 
f 3794 3729 3728 3793 
f 3792 3727 3726 3791 
f 3795 3730 3729 3794 
f 3796 3731 3730 3795 
f 3791 3726 3725 3790 
f 3797 3732 3731 3796 
f 3790 3725 3724 3789 
f 3798 3733 3732 3797 
f 3799 3734 3733 3798 
f 3800 3735 3734 3799 
f 3769 3704 3735 3800 
f 3770 3705 3704 3769 
f 3771 3706 3705 3770 
f 3772 3707 3706 3771 
f 3773 3708 3707 3772 
f 3774 3709 3708 3773 
f 3775 3710 3709 3774 
f 3776 3711 3710 3775 
f 3777 3712 3711 3776 
f 3778 3713 3712 3777 
f 3779 3714 3713 3778 
f 3780 3715 3714 3779 
f 3781 3716 3715 3780 
f 3782 3717 3716 3781 
f 3789 3724 3723 3788 
f 3783 3718 3717 3782 
f 3784 3719 3718 3783 
f 3785 3720 3719 3784 
f 3786 3721 3720 3785 
f 3787 3722 3721 3786 
f 3788 3723 3722 3787 
f 3839 3835 3932 3934 
f 3842 3839 3934 3937 
f 3835 3844 3941 3932 
f 3848 3842 3937 3943 
f 3851 3848 3943 3946 
f 3844 3853 3950 3941 
f 3857 3851 3946 3952 
f 3853 3859 3956 3950 
f 3863 3857 3952 3958 
f 3866 3863 3958 3961 
f 3869 3866 3961 3964 
f 3872 3869 3964 3967 
f 3875 3872 3967 3970 
f 3878 3875 3970 3973 
f 3881 3878 3973 3976 
f 3884 3881 3976 3979 
f 3887 3884 3979 3982 
f 3890 3887 3982 3985 
f 3893 3890 3985 3988 
f 3896 3893 3988 3991 
f 3899 3896 3991 3994 
f 3902 3899 3994 3997 
f 3905 3902 3997 4000 
f 3908 3905 4000 4003 
f 3911 3908 4003 4006 
f 3859 3913 4010 3956 
f 3917 3911 4006 4012 
f 3920 3917 4012 4015 
f 3923 3920 4015 4018 
f 3926 3923 4018 4021 
f 3929 3926 4021 4024 
f 3913 3929 4024 4010 
f 4188 4190 3801 
f 4194 4188 3801 
f 4190 4196 3801 
f 4200 4194 3801 
f 4203 4200 3801 
f 4196 4205 3801 
f 4209 4203 3801 
f 4205 4211 3801 
f 4215 4209 3801 
f 4218 4215 3801 
f 4221 4218 3801 
f 4224 4221 3801 
f 4227 4224 3801 
f 4230 4227 3801 
f 4233 4230 3801 
f 4236 4233 3801 
f 4239 4236 3801 
f 4242 4239 3801 
f 4245 4242 3801 
f 4248 4245 3801 
f 4251 4248 3801 
f 4254 4251 3801 
f 4257 4254 3801 
f 4260 4257 3801 
f 4263 4260 3801 
f 4211 4265 3801 
f 4269 4263 3801 
f 4272 4269 3801 
f 4275 4272 3801 
f 4278 4275 3801 
f 4281 4278 3801 
f 4265 4281 3801 
f 3825 4191 4187 3826 
f 3826 4187 4193 3827 
f 3824 4197 4191 3825 
f 3827 4193 4199 3828 
f 3828 4199 4202 3829 
f 3823 4206 4197 3824 
f 3829 4202 4208 3830 
f 3822 4212 4206 3823 
f 3830 4208 4214 3831 
f 3831 4214 4217 3832 
f 3832 4217 4220 3833 
f 3833 4220 4223 3802 
f 3802 4223 4226 3803 
f 3803 4226 4229 3804 
f 3804 4229 4232 3805 
f 3805 4232 4235 3806 
f 3806 4235 4238 3807 
f 3807 4238 4241 3808 
f 3808 4241 4244 3809 
f 3809 4244 4247 3810 
f 3810 4247 4250 3811 
f 3811 4250 4253 3812 
f 3812 4253 4256 3813 
f 3813 4256 4259 3814 
f 3814 4259 4262 3815 
f 3821 4266 4212 3822 
f 3815 4262 4268 3816 
f 3816 4268 4271 3817 
f 3817 4271 4274 3818 
f 3818 4274 4277 3819 
f 3819 4277 4280 3820 
f 3820 4280 4266 3821 
f 3931 3825 3826 3935 
f 3935 3826 3827 3938 
f 3940 3824 3825 3931 
f 3938 3827 3828 3944 
f 3944 3828 3829 3947 
f 3949 3823 3824 3940 
f 3947 3829 3830 3953 
f 3955 3822 3823 3949 
f 3953 3830 3831 3959 
f 3959 3831 3832 3962 
f 3962 3832 3833 3965 
f 3965 3833 3802 3968 
f 3968 3802 3803 3971 
f 3971 3803 3804 3974 
f 3974 3804 3805 3977 
f 3977 3805 3806 3980 
f 3980 3806 3807 3983 
f 3983 3807 3808 3986 
f 3986 3808 3809 3989 
f 3989 3809 3810 3992 
f 3992 3810 3811 3995 
f 3995 3811 3812 3998 
f 3998 3812 3813 4001 
f 4001 3813 3814 4004 
f 4004 3814 3815 4007 
f 4009 3821 3822 3955 
f 4007 3815 3816 4013 
f 4013 3816 3817 4016 
f 4016 3817 3818 4019 
f 4019 3818 3819 4022 
f 4022 3819 3820 4025 
f 4025 3820 3821 4009 
f 3838 3836 3834 3837 
f 3841 3838 3837 3840 
f 3836 3845 3843 3834 
f 3847 3841 3840 3846 
f 3850 3847 3846 3849 
f 3845 3854 3852 3843 
f 3856 3850 3849 3855 
f 3854 3860 3858 3852 
f 3862 3856 3855 3861 
f 3865 3862 3861 3864 
f 3868 3865 3864 3867 
f 3871 3868 3867 3870 
f 3874 3871 3870 3873 
f 3877 3874 3873 3876 
f 3880 3877 3876 3879 
f 3883 3880 3879 3882 
f 3886 3883 3882 3885 
f 3889 3886 3885 3888 
f 3892 3889 3888 3891 
f 3895 3892 3891 3894 
f 3898 3895 3894 3897 
f 3901 3898 3897 3900 
f 3904 3901 3900 3903 
f 3907 3904 3903 3906 
f 3910 3907 3906 3909 
f 3860 3914 3912 3858 
f 3916 3910 3909 3915 
f 3919 3916 3915 3918 
f 3922 3919 3918 3921 
f 3925 3922 3921 3924 
f 3928 3925 3924 3927 
f 3914 3928 3927 3912 
f 3835 3839 3837 3834 
f 3934 3932 3930 3933 
f 3839 3842 3840 3837 
f 3937 3934 3933 3936 
f 3844 3835 3834 3843 
f 3932 3941 3939 3930 
f 3842 3848 3846 3840 
f 3943 3937 3936 3942 
f 3848 3851 3849 3846 
f 3946 3943 3942 3945 
f 3853 3844 3843 3852 
f 3941 3950 3948 3939 
f 3851 3857 3855 3849 
f 3952 3946 3945 3951 
f 3859 3853 3852 3858 
f 3950 3956 3954 3948 
f 3857 3863 3861 3855 
f 3958 3952 3951 3957 
f 3863 3866 3864 3861 
f 3961 3958 3957 3960 
f 3866 3869 3867 3864 
f 3964 3961 3960 3963 
f 3869 3872 3870 3867 
f 3967 3964 3963 3966 
f 3872 3875 3873 3870 
f 3970 3967 3966 3969 
f 3875 3878 3876 3873 
f 3973 3970 3969 3972 
f 3878 3881 3879 3876 
f 3976 3973 3972 3975 
f 3881 3884 3882 3879 
f 3979 3976 3975 3978 
f 3884 3887 3885 3882 
f 3982 3979 3978 3981 
f 3887 3890 3888 3885 
f 3985 3982 3981 3984 
f 3890 3893 3891 3888 
f 3988 3985 3984 3987 
f 3893 3896 3894 3891 
f 3991 3988 3987 3990 
f 3896 3899 3897 3894 
f 3994 3991 3990 3993 
f 3899 3902 3900 3897 
f 3997 3994 3993 3996 
f 3902 3905 3903 3900 
f 4000 3997 3996 3999 
f 3905 3908 3906 3903 
f 4003 4000 3999 4002 
f 3908 3911 3909 3906 
f 4006 4003 4002 4005 
f 3913 3859 3858 3912 
f 3956 4010 4008 3954 
f 3911 3917 3915 3909 
f 4012 4006 4005 4011 
f 3917 3920 3918 3915 
f 4015 4012 4011 4014 
f 3920 3923 3921 3918 
f 4018 4015 4014 4017 
f 3923 3926 3924 3921 
f 4021 4018 4017 4020 
f 3926 3929 3927 3924 
f 4024 4021 4020 4023 
f 3929 3913 3912 3927 
f 4010 4024 4023 4008 
f 3931 3935 3933 3930 
f 3935 3938 3936 3933 
f 3940 3931 3930 3939 
f 3938 3944 3942 3936 
f 3944 3947 3945 3942 
f 3949 3940 3939 3948 
f 3947 3953 3951 3945 
f 3955 3949 3948 3954 
f 3953 3959 3957 3951 
f 3959 3962 3960 3957 
f 3962 3965 3963 3960 
f 3965 3968 3966 3963 
f 3968 3971 3969 3966 
f 3971 3974 3972 3969 
f 3974 3977 3975 3972 
f 3977 3980 3978 3975 
f 3980 3983 3981 3978 
f 3983 3986 3984 3981 
f 3986 3989 3987 3984 
f 3989 3992 3990 3987 
f 3992 3995 3993 3990 
f 3995 3998 3996 3993 
f 3998 4001 3999 3996 
f 4001 4004 4002 3999 
f 4004 4007 4005 4002 
f 4009 3955 3954 4008 
f 4007 4013 4011 4005 
f 4013 4016 4014 4011 
f 4016 4019 4017 4014 
f 4019 4022 4020 4017 
f 4022 4025 4023 4020 
f 4025 4009 4008 4023 
f 4027 4029 4028 4026 
f 4029 4031 4030 4028 
f 4033 4027 4026 4032 
f 4031 4035 4034 4030 
f 4035 4037 4036 4034 
f 4039 4033 4032 4038 
f 4037 4041 4040 4036 
f 4043 4039 4038 4042 
f 4041 4045 4044 4040 
f 4045 4047 4046 4044 
f 4047 4049 4048 4046 
f 4049 4051 4050 4048 
f 4051 4053 4052 4050 
f 4053 4055 4054 4052 
f 4055 4057 4056 4054 
f 4057 4059 4058 4056 
f 4059 4061 4060 4058 
f 4061 4063 4062 4060 
f 4063 4065 4064 4062 
f 4065 4067 4066 4064 
f 4067 4069 4068 4066 
f 4069 4071 4070 4068 
f 4071 4073 4072 4070 
f 4073 4075 4074 4072 
f 4075 4077 4076 4074 
f 4079 4043 4042 4078 
f 4077 4081 4080 4076 
f 4081 4083 4082 4080 
f 4083 4085 4084 4082 
f 4085 4087 4086 4084 
f 4087 4089 4088 4086 
f 4089 4079 4078 4088 
f 4091 4093 4092 4090 
f 4095 4091 4090 4094 
f 4093 4097 4096 4092 
f 4099 4095 4094 4098 
f 4101 4099 4098 4100 
f 4097 4103 4102 4096 
f 4105 4101 4100 4104 
f 4103 4107 4106 4102 
f 4109 4105 4104 4108 
f 4111 4109 4108 4110 
f 4113 4111 4110 4112 
f 4115 4113 4112 4114 
f 4117 4115 4114 4116 
f 4119 4117 4116 4118 
f 4121 4119 4118 4120 
f 4123 4121 4120 4122 
f 4125 4123 4122 4124 
f 4127 4125 4124 4126 
f 4129 4127 4126 4128 
f 4131 4129 4128 4130 
f 4133 4131 4130 4132 
f 4135 4133 4132 4134 
f 4137 4135 4134 4136 
f 4139 4137 4136 4138 
f 4141 4139 4138 4140 
f 4107 4143 4142 4106 
f 4145 4141 4140 4144 
f 4147 4145 4144 4146 
f 4149 4147 4146 4148 
f 4151 4149 4148 4150 
f 4153 4151 4150 4152 
f 4143 4153 4152 4142 
f 4159 4026 4028 4160 
f 4160 4028 4030 4161 
f 4154 4032 4026 4159 
f 4161 4030 4034 4162 
f 4162 4034 4036 4163 
f 4155 4038 4032 4154 
f 4163 4036 4040 4164 
f 4156 4042 4038 4155 
f 4164 4040 4044 4165 
f 4165 4044 4046 4166 
f 4166 4046 4048 4167 
f 4167 4048 4050 4168 
f 4168 4050 4052 4169 
f 4169 4052 4054 4170 
f 4170 4054 4056 4171 
f 4171 4056 4058 4172 
f 4172 4058 4060 4173 
f 4173 4060 4062 4174 
f 4174 4062 4064 4175 
f 4175 4064 4066 4176 
f 4176 4066 4068 4177 
f 4177 4068 4070 4178 
f 4178 4070 4072 4179 
f 4179 4072 4074 4180 
f 4180 4074 4076 4181 
f 4157 4078 4042 4156 
f 4181 4076 4080 4182 
f 4182 4080 4082 4183 
f 4183 4082 4084 4184 
f 4184 4084 4086 4185 
f 4185 4086 4088 4158 
f 4158 4088 4078 4157 
f 4190 4188 4186 4189 
f 4188 4194 4192 4186 
f 4196 4190 4189 4195 
f 4194 4200 4198 4192 
f 4200 4203 4201 4198 
f 4205 4196 4195 4204 
f 4203 4209 4207 4201 
f 4211 4205 4204 4210 
f 4209 4215 4213 4207 
f 4215 4218 4216 4213 
f 4218 4221 4219 4216 
f 4221 4224 4222 4219 
f 4224 4227 4225 4222 
f 4227 4230 4228 4225 
f 4230 4233 4231 4228 
f 4233 4236 4234 4231 
f 4236 4239 4237 4234 
f 4239 4242 4240 4237 
f 4242 4245 4243 4240 
f 4245 4248 4246 4243 
f 4248 4251 4249 4246 
f 4251 4254 4252 4249 
f 4254 4257 4255 4252 
f 4257 4260 4258 4255 
f 4260 4263 4261 4258 
f 4265 4211 4210 4264 
f 4263 4269 4267 4261 
f 4269 4272 4270 4267 
f 4272 4275 4273 4270 
f 4275 4278 4276 4273 
f 4278 4281 4279 4276 
f 4281 4265 4264 4279 
f 4187 4191 4189 4186 
f 4193 4187 4186 4192 
f 4191 4197 4195 4189 
f 4199 4193 4192 4198 
f 4202 4199 4198 4201 
f 4197 4206 4204 4195 
f 4208 4202 4201 4207 
f 4206 4212 4210 4204 
f 4214 4208 4207 4213 
f 4217 4214 4213 4216 
f 4220 4217 4216 4219 
f 4223 4220 4219 4222 
f 4226 4223 4222 4225 
f 4229 4226 4225 4228 
f 4232 4229 4228 4231 
f 4235 4232 4231 4234 
f 4238 4235 4234 4237 
f 4241 4238 4237 4240 
f 4244 4241 4240 4243 
f 4247 4244 4243 4246 
f 4250 4247 4246 4249 
f 4253 4250 4249 4252 
f 4256 4253 4252 4255 
f 4259 4256 4255 4258 
f 4262 4259 4258 4261 
f 4212 4266 4264 4210 
f 4268 4262 4261 4267 
f 4271 4268 4267 4270 
f 4274 4271 4270 4273 
f 4277 4274 4273 4276 
f 4280 4277 4276 4279 
f 4266 4280 4279 4264 
f 4283 4289 4299 4302 
f 4282 4291 4292 4285 
f 4287 4289 4290 4288 
f 4289 4283 4286 4290 
f 4291 4287 4288 4292 
f 4289 4287 4300 4299 
f 4287 4291 4301 4300 
f 4291 4282 4298 4301 
f 4295 4305 4303 4294 
f 4296 4305 4295 
f 4297 4305 4296 
f 4293 4304 4305 4297 
f 4299 4295 4294 4302 
f 4300 4296 4295 4299 
f 4301 4297 4296 4300 
f 4298 4293 4297 4301 
f 4305 4284 4303 
f 4304 4284 4305 
f 4290 4286 4312 4314 
f 4292 4288 4313 4315 
f 4288 4290 4314 4313 
f 4285 4292 4315 4316 
f 4308 4318 4319 4310 
f 4309 4319 4311 
f 4310 4319 4309 
f 4311 4319 4317 4307 
f 4312 4308 4310 4314 
f 4313 4309 4311 4315 
f 4314 4310 4309 4313 
f 4315 4311 4307 4316 
f 4318 4306 4319 
f 4319 4306 4317 
f 4298 4282 4380 4383 
f 4282 4285 4382 4380 
f 4304 4293 4320 4384 
f 4293 4298 4383 4320 
f 4284 4304 4384 4381 
f 4317 4306 4385 4387 
f 4316 4307 4386 4321 
f 4285 4316 4321 4382 
f 4307 4317 4387 4386 
f 4303 4284 4331 4326 
f 4286 4283 4322 4323 
f 4302 4294 4324 4325 
f 4283 4302 4325 4322 
f 4294 4303 4326 4324 
f 4312 4286 4323 4329 
f 4318 4308 4328 4330 
f 4308 4312 4329 4328 
f 4306 4318 4330 4327 
f 4284 4381 4410 4331 
f 4385 4306 4327 4398 
f 4326 4331 4416 4415 
f 4325 4324 4413 4414 
f 4322 4325 4414 4412 
f 4324 4326 4415 4413 
f 4322 4412 4417 4323 
f 4329 4323 4417 4420 
f 4330 4328 4419 4421 
f 4328 4329 4420 4419 
f 4327 4330 4421 4418 
f 4327 4418 4432 4398 
f 4336 4416 4433 4411 
f 4343 4362 4359 4349 
f 4342 4345 4352 4351 
f 4347 4348 4350 4349 
f 4349 4350 4346 4343 
f 4351 4352 4348 4347 
f 4349 4359 4360 4347 
f 4347 4360 4361 4351 
f 4351 4361 4358 4342 
f 4355 4354 4363 4365 
f 4356 4355 4365 
f 4357 4356 4365 
f 4353 4357 4365 4364 
f 4359 4362 4354 4355 
f 4360 4359 4355 4356 
f 4361 4360 4356 4357 
f 4358 4361 4357 4353 
f 4365 4363 4344 
f 4364 4365 4344 
f 4350 4374 4372 4346 
f 4352 4375 4373 4348 
f 4348 4373 4374 4350 
f 4345 4376 4375 4352 
f 4368 4370 4379 4378 
f 4369 4371 4379 
f 4370 4369 4379 
f 4371 4367 4377 4379 
f 4372 4374 4370 4368 
f 4373 4375 4371 4369 
f 4374 4373 4369 4370 
f 4375 4376 4367 4371 
f 4378 4379 4366 
f 4379 4377 4366 
f 4358 4383 4380 4342 
f 4342 4380 4382 4345 
f 4364 4384 4320 4353 
f 4353 4320 4383 4358 
f 4344 4381 4384 4364 
f 4377 4387 4385 4366 
f 4376 4321 4386 4367 
f 4345 4382 4321 4376 
f 4367 4386 4387 4377 
f 4363 4392 4397 4344 
f 4346 4389 4388 4343 
f 4362 4391 4390 4354 
f 4343 4388 4391 4362 
f 4354 4390 4392 4363 
f 4372 4395 4389 4346 
f 4378 4396 4394 4368 
f 4368 4394 4395 4372 
f 4366 4393 4396 4378 
f 4344 4397 4410 4381 
f 4385 4398 4393 4366 
f 4392 4425 4426 4397 
f 4391 4424 4423 4390 
f 4388 4422 4424 4391 
f 4390 4423 4425 4392 
f 4388 4389 4427 4422 
f 4395 4430 4427 4389 
f 4396 4431 4429 4394 
f 4394 4429 4430 4395 
f 4393 4428 4431 4396 
f 4393 4398 4432 4428 
f 4403 4411 4433 4426 
f 4416 4336 4335 4415 
f 4413 4333 4334 4414 
f 4414 4334 4332 4412 
f 4415 4335 4333 4413 
f 4412 4332 4337 4417 
f 4417 4337 4340 4420 
f 4419 4339 4341 4421 
f 4420 4340 4339 4419 
f 4421 4341 4338 4418 
f 4418 4338 4409 4432 
f 4416 4331 4410 4433 
f 4425 4402 4403 4426 
f 4424 4401 4400 4423 
f 4422 4399 4401 4424 
f 4423 4400 4402 4425 
f 4427 4404 4399 4422 
f 4430 4407 4404 4427 
f 4431 4408 4406 4429 
f 4429 4406 4407 4430 
f 4428 4405 4408 4431 
f 4432 4409 4405 4428 
f 4433 4410 4397 4426 
f 4435 4441 4451 4454 
f 4434 4443 4444 4437 
f 4439 4441 4442 4440 
f 4441 4435 4438 4442 
f 4443 4439 4440 4444 
f 4441 4439 4452 4451 
f 4439 4443 4453 4452 
f 4443 4434 4450 4453 
f 4447 4457 4455 4446 
f 4448 4457 4447 
f 4449 4457 4448 
f 4445 4456 4457 4449 
f 4451 4447 4446 4454 
f 4452 4448 4447 4451 
f 4453 4449 4448 4452 
f 4450 4445 4449 4453 
f 4457 4436 4455 
f 4456 4436 4457 
f 4442 4438 4464 4466 
f 4444 4440 4465 4467 
f 4440 4442 4466 4465 
f 4437 4444 4467 4468 
f 4460 4470 4471 4462 
f 4461 4471 4463 
f 4462 4471 4461 
f 4463 4471 4469 4459 
f 4464 4460 4462 4466 
f 4465 4461 4463 4467 
f 4466 4462 4461 4465 
f 4467 4463 4459 4468 
f 4470 4458 4471 
f 4471 4458 4469 
f 4450 4434 4562 4565 
f 4434 4437 4564 4562 
f 4456 4445 4540 4566 
f 4445 4450 4565 4540 
f 4436 4456 4566 4563 
f 4469 4458 4567 4569 
f 4468 4459 4568 4541 
f 4437 4468 4541 4564 
f 4459 4469 4569 4568 
f 4455 4436 4481 4476 
f 4438 4435 4472 4473 
f 4454 4446 4474 4475 
f 4435 4454 4475 4472 
f 4446 4455 4476 4474 
f 4464 4438 4473 4479 
f 4470 4460 4478 4480 
f 4460 4464 4479 4478 
f 4458 4470 4480 4477 
f 4436 4563 4572 4481 
f 4567 4458 4477 4570 
f 4476 4481 4496 4495 
f 4475 4474 4493 4494 
f 4472 4475 4494 4492 
f 4474 4476 4495 4493 
f 4472 4492 4497 4473 
f 4479 4473 4497 4500 
f 4480 4478 4499 4501 
f 4478 4479 4500 4499 
f 4477 4480 4501 4498 
f 4477 4498 4584 4570 
f 4486 4496 4585 4573 
f 4496 4486 4485 4495 
f 4493 4483 4484 4494 
f 4494 4484 4482 4492 
f 4495 4485 4483 4493 
f 4492 4482 4487 4497 
f 4497 4487 4490 4500 
f 4499 4489 4491 4501 
f 4500 4490 4489 4499 
f 4501 4491 4488 4498 
f 4498 4488 4571 4584 
f 4496 4481 4572 4585 
f 4503 4522 4519 4509 
f 4502 4505 4512 4511 
f 4507 4508 4510 4509 
f 4509 4510 4506 4503 
f 4511 4512 4508 4507 
f 4509 4519 4520 4507 
f 4507 4520 4521 4511 
f 4511 4521 4518 4502 
f 4515 4514 4523 4525 
f 4516 4515 4525 
f 4517 4516 4525 
f 4513 4517 4525 4524 
f 4519 4522 4514 4515 
f 4520 4519 4515 4516 
f 4521 4520 4516 4517 
f 4518 4521 4517 4513 
f 4525 4523 4504 
f 4524 4525 4504 
f 4510 4534 4532 4506 
f 4512 4535 4533 4508 
f 4508 4533 4534 4510 
f 4505 4536 4535 4512 
f 4528 4530 4539 4538 
f 4529 4531 4539 
f 4530 4529 4539 
f 4531 4527 4537 4539 
f 4532 4534 4530 4528 
f 4533 4535 4531 4529 
f 4534 4533 4529 4530 
f 4535 4536 4527 4531 
f 4538 4539 4526 
f 4539 4537 4526 
f 4518 4565 4562 4502 
f 4502 4562 4564 4505 
f 4524 4566 4540 4513 
f 4513 4540 4565 4518 
f 4504 4563 4566 4524 
f 4537 4569 4567 4526 
f 4536 4541 4568 4527 
f 4505 4564 4541 4536 
f 4527 4568 4569 4537 
f 4523 4546 4551 4504 
f 4506 4543 4542 4503 
f 4522 4545 4544 4514 
f 4503 4542 4545 4522 
f 4514 4544 4546 4523 
f 4532 4549 4543 4506 
f 4538 4550 4548 4528 
f 4528 4548 4549 4532 
f 4526 4547 4550 4538 
f 4504 4551 4572 4563 
f 4567 4570 4547 4526 
f 4546 4577 4578 4551 
f 4545 4576 4575 4544 
f 4542 4574 4576 4545 
f 4544 4575 4577 4546 
f 4542 4543 4579 4574 
f 4549 4582 4579 4543 
f 4550 4583 4581 4548 
f 4548 4581 4582 4549 
f 4547 4580 4583 4550 
f 4547 4570 4584 4580 
f 4556 4573 4585 4578 
f 4578 4577 4555 4556 
f 4575 4576 4554 4553 
f 4576 4574 4552 4554 
f 4577 4575 4553 4555 
f 4574 4579 4557 4552 
f 4579 4582 4560 4557 
f 4581 4583 4561 4559 
f 4582 4581 4559 4560 
f 4583 4580 4558 4561 
f 4580 4584 4571 4558 
f 4578 4585 4572 4551 
f 4587 4606 4603 4593 
f 4586 4589 4596 4595 
f 4591 4592 4594 4593 
f 4593 4594 4590 4587 
f 4595 4596 4592 4591 
f 4593 4603 4604 4591 
f 4591 4604 4605 4595 
f 4595 4605 4602 4586 
f 4599 4598 4607 4609 
f 4600 4599 4609 
f 4601 4600 4609 
f 4597 4601 4609 4608 
f 4603 4606 4598 4599 
f 4604 4603 4599 4600 
f 4605 4604 4600 4601 
f 4602 4605 4601 4597 
f 4609 4607 4588 
f 4608 4609 4588 
f 4594 4618 4616 4590 
f 4596 4619 4617 4592 
f 4592 4617 4618 4594 
f 4589 4620 4619 4596 
f 4612 4614 4623 4622 
f 4613 4615 4623 
f 4614 4613 4623 
f 4615 4611 4621 4623 
f 4616 4618 4614 4612 
f 4617 4619 4615 4613 
f 4618 4617 4613 4614 
f 4619 4620 4611 4615 
f 4622 4623 4610 
f 4623 4621 4610 
f 4602 4687 4684 4586 
f 4586 4684 4686 4589 
f 4608 4688 4624 4597 
f 4597 4624 4687 4602 
f 4588 4685 4688 4608 
f 4621 4691 4689 4610 
f 4620 4625 4690 4611 
f 4589 4686 4625 4620 
f 4611 4690 4691 4621 
f 4607 4630 4635 4588 
f 4590 4627 4626 4587 
f 4606 4629 4628 4598 
f 4587 4626 4629 4606 
f 4598 4628 4630 4607 
f 4616 4633 4627 4590 
f 4622 4634 4632 4612 
f 4612 4632 4633 4616 
f 4610 4631 4634 4622 
f 4588 4635 4714 4685 
f 4689 4702 4631 4610 
f 4630 4719 4720 4635 
f 4629 4718 4717 4628 
f 4626 4716 4718 4629 
f 4628 4717 4719 4630 
f 4626 4627 4721 4716 
f 4633 4724 4721 4627 
f 4634 4725 4723 4632 
f 4632 4723 4724 4633 
f 4631 4722 4725 4634 
f 4631 4702 4736 4722 
f 4640 4715 4737 4720 
f 4647 4653 4663 4666 
f 4646 4655 4656 4649 
f 4651 4653 4654 4652 
f 4653 4647 4650 4654 
f 4655 4651 4652 4656 
f 4653 4651 4664 4663 
f 4651 4655 4665 4664 
f 4655 4646 4662 4665 
f 4659 4669 4667 4658 
f 4660 4669 4659 
f 4661 4669 4660 
f 4657 4668 4669 4661 
f 4663 4659 4658 4666 
f 4664 4660 4659 4663 
f 4665 4661 4660 4664 
f 4662 4657 4661 4665 
f 4669 4648 4667 
f 4668 4648 4669 
f 4654 4650 4676 4678 
f 4656 4652 4677 4679 
f 4652 4654 4678 4677 
f 4649 4656 4679 4680 
f 4672 4682 4683 4674 
f 4673 4683 4675 
f 4674 4683 4673 
f 4675 4683 4681 4671 
f 4676 4672 4674 4678 
f 4677 4673 4675 4679 
f 4678 4674 4673 4677 
f 4679 4675 4671 4680 
f 4682 4670 4683 
f 4683 4670 4681 
f 4662 4646 4684 4687 
f 4646 4649 4686 4684 
f 4668 4657 4624 4688 
f 4657 4662 4687 4624 
f 4648 4668 4688 4685 
f 4681 4670 4689 4691 
f 4680 4671 4690 4625 
f 4649 4680 4625 4686 
f 4671 4681 4691 4690 
f 4667 4648 4701 4696 
f 4650 4647 4692 4693 
f 4666 4658 4694 4695 
f 4647 4666 4695 4692 
f 4658 4667 4696 4694 
f 4676 4650 4693 4699 
f 4682 4672 4698 4700 
f 4672 4676 4699 4698 
f 4670 4682 4700 4697 
f 4648 4685 4714 4701 
f 4689 4670 4697 4702 
f 4696 4701 4730 4729 
f 4695 4694 4727 4728 
f 4692 4695 4728 4726 
f 4694 4696 4729 4727 
f 4692 4726 4731 4693 
f 4699 4693 4731 4734 
f 4700 4698 4733 4735 
f 4698 4699 4734 4733 
f 4697 4700 4735 4732 
f 4697 4732 4736 4702 
f 4707 4730 4737 4715 
f 4720 4719 4639 4640 
f 4717 4718 4638 4637 
f 4718 4716 4636 4638 
f 4719 4717 4637 4639 
f 4716 4721 4641 4636 
f 4721 4724 4644 4641 
f 4723 4725 4645 4643 
f 4724 4723 4643 4644 
f 4725 4722 4642 4645 
f 4722 4736 4713 4642 
f 4720 4737 4714 4635 
f 4729 4730 4707 4706 
f 4728 4727 4704 4705 
f 4726 4728 4705 4703 
f 4727 4729 4706 4704 
f 4731 4726 4703 4708 
f 4734 4731 4708 4711 
f 4735 4733 4710 4712 
f 4733 4734 4711 4710 
f 4732 4735 4712 4709 
f 4736 4732 4709 4713 
f 4737 4730 4701 4714 
s 7
f 4742 4745 4829 4743 
f 4956 4743 4829 
f 4752 5047 5063 
f 4745 4742 4744 4828 
f 4747 4750 5190 
f 4747 5190 4746 
f 4748 4747 4746 
f 4748 4746 4749 4761 
f 4751 5190 4750 4995 
f 4812 4751 4995 4987 
s 96
f 5201 4753 4757 5187 
s 71
f 5188 4757 4753 
s 7
f 4760 4812 4987 4758 
f 4760 4758 4759 4813 
f 4761 4749 5191 4763 
f 4955 4829 4830 4954 
f 4763 5191 4762 4771 
f 4771 4762 4764 4790 
f 4813 4759 4954 4814 
f 4814 4954 4830 4831 
f 4766 4814 4831 4765 
f 4766 4765 4832 
f 4811 4766 4832 4767 
f 4828 4744 4950 4827 
f 4815 4768 4767 4833 
f 4774 4811 4768 
f 4950 4752 5063 4827 
f 4827 5063 4826 
f 4826 5063 4769 4772 
f 4770 4753 4862 4775 
f 4772 4769 5062 4799 
f 4790 4764 4773 5135 
f 4791 4774 4768 5136 
f 5189 4775 4862 4776 
f 5127 5189 4776 
f 5127 4776 4777 4778 
f 4779 4778 4777 
f 4780 5128 4777 
f 5130 5129 4777 
f 4782 4781 4777 
f 5132 5131 4777 4783 
f 5133 5132 4783 4863 
f 4785 5133 4863 4784 
f 5134 4785 4784 4859 
f 4786 5134 4859 4860 
f 4788 4786 4860 4787 
f 4788 4787 5027 4789 
f 4789 5027 5028 5135 
f 5135 5028 4790 
f 5136 5135 4773 4791 
f 5137 5136 4768 4792 
f 4794 5137 4792 4822 
f 4794 4822 4793 
f 4795 4794 4793 4823 
f 4795 4823 4824 
f 5138 4795 4824 4825 
f 4797 5138 4825 
f 4797 4825 4796 
f 4800 4797 4796 4798 
f 4800 4798 4799 
f 4800 4799 5062 4801 
f 5139 4801 5062 5061 
f 5139 5061 5060 
f 4803 5139 5060 4802 
f 4804 4803 4802 5107 
f 4805 4804 5107 5108 
f 4808 4805 5108 4806 
f 4808 4806 4807 5140 
f 4810 5140 4807 5109 
f 4810 5109 4809 5141 
f 5141 4809 5110 5142 
f 5143 5142 5110 6065 
f 4834 4819 4818 4850 
f 4821 4815 4833 4816 
f 4820 4821 4816 4855 
f 4817 4820 4855 4856 
f 4819 4817 4856 4818 
f 4839 4854 4853 4846 
f 4845 4843 4846 4853 
f 4837 4835 4851 4848 
f 4836 4849 4851 4835 
f 4852 4854 4839 4838 
f 4852 4838 4837 4848 
f 4849 4836 4834 4850 
s 3119
f 5202 5204 4867 4868 
s 68112
f 4867 5204 6158 6166 
s 7
f 4898 4858 4857 4879 
f 5026 4860 4859 4877 
s 2103
f 4861 5202 4868 4870 
s 133128
f 4753 5201 4861 4869 
s 15
f 4753 4869 4871 4862 
s 7
f 4776 4862 4871 4872 
f 4777 4776 4872 4873 
f 4783 4777 4873 4874 
f 4863 4783 4874 4875 
f 4784 4863 4875 4876 
f 4859 4784 4876 4877 
f 4864 5026 4877 4878 
f 4857 4864 4878 4879 
f 4865 4898 4879 4880 
f 4900 4865 4880 4881 
f 4902 4900 4881 4882 
f 4904 4902 4882 4883 
f 4905 4904 4883 4884 
f 4906 4905 4884 4885 
f 4866 4906 4885 4886 
f 4897 4866 4886 4887 
f 4896 4897 4887 4867 
s 23
f 5213 4896 4867 6166 
s 7
f 4867 4887 4868 
f 4887 4886 4870 4868 
f 4886 4885 4888 4870 
f 4885 4884 4889 4888 
f 4884 4883 4890 4889 
f 4883 4882 4891 4890 
f 4870 4888 4871 4869 
f 4888 4889 4872 4871 
f 4889 4890 4873 4872 
f 4890 4891 4874 4873 
f 4882 4881 4892 4891 
f 4881 4880 4893 4892 
f 4880 4879 4878 4893 
f 4891 4892 4875 4874 
f 4892 4893 4876 4875 
f 4893 4878 4877 4876 
f 4866 4948 4894 4906 
f 4896 5213 5214 4895 
f 4897 4896 4895 4949 
f 4866 4897 4949 4948 
f 4899 4907 4858 4898 
f 4901 4899 4898 4865 
f 4901 4865 4900 4903 
f 4903 4900 4902 4945 
f 4945 4902 4904 4946 
f 4946 4904 4905 4947 
f 4947 4905 4906 4894 
f 4944 4937 4914 4913 
f 4908 4858 4907 4942 
f 5023 4908 4942 4909 
f 4911 5023 4909 4943 
f 4911 4943 4910 5024 
f 5024 4910 4912 5025 
f 5025 4912 4944 4913 
f 4924 4991 4990 4936 
f 4916 4914 4937 4915 
f 4918 4916 4915 4917 
f 4984 4918 4917 4919 
f 4984 4919 4938 4985 
f 4985 4938 4939 4986 
f 4986 4939 4940 4988 
f 4989 4988 4940 4920 
f 4921 4989 4920 4941 
f 4990 4921 4941 4936 
f 4931 4932 4922 4930 
f 4991 4924 4923 4953 
f 4953 4923 4933 4925 
f 4925 4933 4934 4927 
f 4927 4934 4926 4928 
f 4928 4926 4935 4952 
f 4952 4935 4929 4951 
f 4951 4929 4930 4922 
f 4922 4932 4958 4959 
f 4951 4922 4959 4960 
f 4952 4951 4960 4961 
f 4928 4952 4961 4962 
f 4927 4928 4962 4963 
f 4925 4927 4963 4964 
f 4953 4925 4964 4965 
f 4991 4953 4965 4992 
f 4992 4965 4966 4993 
f 4993 4966 4967 4994 
f 4758 4994 4967 4759 
f 4759 4967 4968 4954 
f 4954 4968 4969 4955 
f 4955 4969 4970 4956 
f 4956 4970 4971 4743 
f 4743 4971 4972 4742 
f 4742 4972 4973 4744 
f 4744 4973 4957 4950 
f 4965 4964 4974 4966 
f 4966 4974 4968 4967 
f 4964 4963 4975 4974 
f 4963 4962 4976 4975 
f 4974 4975 4969 4968 
f 4975 4976 4970 4969 
f 4962 4961 4977 4976 
f 4961 4960 4978 4977 
f 4976 4977 4971 4970 
f 4977 4978 4972 4971 
f 4960 4959 4979 4978 
f 4959 4958 4980 4979 
f 4978 4979 4973 4972 
f 4979 4980 4957 4973 
f 4996 4761 4981 
f 4996 4981 4982 4997 
f 4997 4982 4983 4998 
f 4998 4983 4914 4916 
f 4999 4998 4916 4918 
f 5000 4999 4918 4984 
f 5000 4984 4985 5001 
f 5001 4985 4986 5002 
f 4994 4758 4987 5008 
f 5003 5002 4986 4988 
f 5004 5003 4988 4989 
f 5005 5004 4989 4921 
f 5006 5005 4921 4990 
f 5006 4990 4991 4992 
f 5007 5006 4992 4993 
f 5008 5007 4993 4994 
f 5009 5008 4987 
f 5010 5009 4987 4995 
f 5011 5010 4995 
f 5011 4995 4750 5012 
f 5013 5012 4750 4747 
f 5014 5013 4747 4748 
f 5015 5014 4748 
f 5015 4748 4761 
f 4996 5015 4761 
f 4998 4999 5016 4997 
f 4997 5016 5015 4996 
f 4999 5000 5017 5016 
f 5000 5001 5018 5017 
f 5001 5002 5019 5018 
f 5002 5003 5020 5019 
f 5016 5017 5014 5015 
f 5017 5018 5013 5014 
f 5018 5019 5012 5013 
f 5019 5020 5011 5012 
f 5003 5004 5021 5020 
f 5004 5005 5022 5021 
f 5005 5006 5007 5022 
f 5020 5021 5010 5011 
f 5021 5022 5009 5010 
f 5022 5007 5008 5009 
f 4981 4761 4763 5036 
f 5029 4857 4858 4908 
f 5030 5029 4908 5023 
f 5031 5030 5023 4911 
f 5031 4911 5024 5032 
f 5033 5032 5024 5025 
f 5034 5033 5025 4913 
f 4913 4914 4983 5034 
f 5035 5034 4983 4982 
f 5036 5035 4982 4981 
f 4787 4860 5026 5038 
f 4857 5029 5037 4864 
f 4864 5037 5038 5026 
f 4787 5038 5039 5027 
f 5027 5039 5040 5028 
f 4790 5028 5040 5041 
f 4771 4790 5041 5042 
f 4771 5042 5036 4763 
f 5029 5030 5043 5037 
f 5030 5031 5044 5043 
f 5037 5043 5039 5038 
f 5043 5044 5040 5039 
f 5031 5032 5045 5044 
f 5032 5033 5046 5045 
f 5044 5045 5041 5040 
f 5045 5046 5042 5041 
f 5033 5034 5035 5046 
f 5046 5035 5036 5042 
f 5050 5049 5197 5192 
f 5054 5052 5051 5194 
f 5192 5194 5051 5050 
f 5052 5054 5053 5057 
f 5063 5047 5048 5056 
f 5056 5048 5055 
f 5053 5056 5055 5057 
f 5056 5053 5064 5069 
f 5064 5053 5054 5195 
f 5065 5064 5195 5193 
f 5065 5193 5058 5066 
f 5066 5058 5080 5106 
f 5066 5106 5059 5067 
f 5067 5059 5060 5061 
f 5068 5067 5061 5062 
f 5069 5068 5062 4769 
f 5056 5069 4769 5063 
f 5064 5065 5068 5069 
f 5065 5066 5067 5068 
f 5058 5193 5196 5072 
f 5070 5080 5058 5072 
f 5071 5073 5072 5196 
f 5084 5070 5072 5073 
f 5197 5084 5073 
f 5197 5049 4741 
f 5075 5197 4741 
f 5075 4741 5074 5076 
f 5076 5074 4740 5085 
f 5206 5085 4740 5077 
f 5102 5086 6032 6057 
f 5080 5070 5087 5081 
f 5081 5087 5088 5105 
f 5105 5088 5089 5082 
f 5210 5115 5116 5082 
f 5095 5087 5070 5084 
f 5095 5084 5197 5075 
f 5096 5095 5075 5076 
f 5096 5097 5089 5088 
f 5097 5098 5090 5089 
f 5100 5101 5093 5092 
f 5101 5102 5094 5093 
f 5102 6057 6048 5094 
f 5095 5096 5088 5087 
f 5098 5099 5091 5090 
f 5099 5100 5092 5091 
f 5106 5080 5081 5118 
f 5103 5104 5094 6048 
f 5104 5083 5093 5094 
f 5082 5116 5117 5105 
f 5105 5117 5118 5081 
f 5059 5106 5118 5119 
f 5060 5059 5119 4802 
f 4802 5119 5120 5107 
f 5107 5120 5121 5108 
f 5108 5121 5122 4806 
f 4806 5122 5123 4807 
f 4807 5123 5124 5109 
f 4809 5109 5124 5125 
f 5110 4809 5125 5126 
f 5110 5126 6083 6065 
f 5117 5116 5121 5120 
f 5114 5113 5124 5123 
f 5113 5112 5125 5124 
f 5112 5111 5126 5125 
f 5111 6066 6083 5126 
f 5150 5184 5147 5148 
f 5184 5150 5149 5152 
f 5154 5171 5170 5151 
f 5149 5151 5170 5152 
f 5153 5167 5173 
f 5167 5153 5155 5159 
f 5159 5155 5156 5157 
s 23
f 6116 5215 5158 5165 
s 32775
f 5158 4754 5168 5165 
s 7
f 5160 5167 5159 5163 
f 5159 5157 5162 5163 
f 5160 5163 5164 5161 
f 5168 5161 5164 5165 
f 5163 5162 5166 5164 
f 5164 5166 6116 5165 
f 5168 4754 4755 5169 
f 5174 5173 5167 5160 
f 5175 5174 5160 5161 
f 5169 5175 5161 5168 
f 5177 5185 5186 
f 5169 4755 5185 5177 
f 5178 5176 5184 
f 5178 5184 5152 5179 
f 5179 5152 5170 
f 5170 5171 5172 5179 
f 5180 5179 5172 
f 5180 5172 5181 
f 5181 5172 5173 5174 
f 5181 5174 5175 5182 
f 5182 5175 5169 5177 
f 5176 5178 5183 5186 
f 5186 5183 5182 5177 
f 5179 5180 5183 5178 
f 5180 5181 5182 5183 
f 5144 5147 5184 5176 
f 5185 4755 4756 5146 
f 5186 5185 5146 5145 
f 5176 5186 5145 5144 
f 5199 5192 5197 
f 5194 5192 5199 5198 
f 5196 5193 5195 5198 
f 5054 5194 5198 5195 
f 5196 5198 5199 5071 
f 5197 5073 5071 
s 18488
f 5200 5205 5158 5215 
s 23
f 5201 4755 4754 
s 114688
f 5205 5203 4754 5158 
s 136064
f 5201 5203 5202 4861 
s 12352
f 5203 5205 5204 5202 
s 262592
f 5205 5200 6158 5204 
s 66576
f 4754 5203 5201 
s 7
f 4782 4777 5131 
f 4779 4777 5128 
f 4780 4777 5129 
f 5130 4777 4781 
f 5188 4753 4770 
f 5201 4756 4755 
s 39
f 5201 5187 4756 
s 7
f 5118 5117 5120 5119 
f 5097 5085 5206 5098 
f 6032 5086 4738 5689 
f 5097 5096 5076 5085 
f 5083 5112 5113 5211 
f 5210 5082 5089 5090 
f 5115 5210 5212 5114 
f 5083 5211 5092 5093 
f 5083 5104 5111 5112 
f 5116 5115 5122 5121 
f 5115 5114 5123 5122 
f 5197 5071 5199 
f 5098 5206 5207 5099 
f 5207 5206 5077 5078 
f 5099 5207 5208 5100 
f 5208 5207 5078 5079 
f 5100 5208 5209 5101 
f 5209 5208 5079 4739 
f 5101 5209 5086 5102 
f 5086 5209 4739 4738 
f 5210 5090 5091 5212 
f 5211 5113 5114 5212 
f 5212 5091 5092 5211 
f 5104 5103 6066 5111 
f 4767 4768 4811 
f 4956 4829 4955 
f 5153 5171 5154 
f 5153 5173 5172 
f 5153 5172 5171 
f 4847 4843 4845 4844 
f 4847 4844 4840 
f 4847 4840 4841 
f 4847 4841 4842 
s 2071
f 4861 4870 4869 
s 7
f 5308 5224 5221 5222 
f 5222 5429 5308 
f 5521 5231 5537 
f 5223 5221 5224 5307 
f 5229 5226 5663 
f 5663 5226 5225 
f 5226 5227 5225 
f 5228 5225 5227 5240 
f 5229 5663 5230 5468 
f 5468 5230 5291 5460 
s 96
f 5236 5232 5674 5660 
s 71
f 5236 5661 5232 
s 7
f 5460 5291 5239 5237 
f 5238 5237 5239 5292 
f 5664 5228 5240 5242 
f 5309 5308 5428 5427 
f 5241 5664 5242 5250 
f 5243 5241 5250 5269 
f 5427 5238 5292 5293 
f 5309 5427 5293 5310 
f 5310 5293 5245 5244 
f 5244 5245 5311 
f 5311 5245 5290 5246 
f 5520 5223 5307 5306 
f 5246 5247 5294 5312 
f 5290 5253 5247 
f 5537 5231 5520 5306 
f 5537 5306 5305 
f 5248 5537 5305 5251 
f 5339 5232 5249 5254 
f 5536 5248 5251 5278 
f 5252 5243 5269 5612 
f 5247 5253 5270 5613 
f 5339 5254 5662 5255 
f 5662 5604 5255 
f 5256 5255 5604 5257 
f 5257 5258 5256 
f 5605 5259 5256 
f 5606 5607 5256 
f 5260 5261 5256 
f 5256 5608 5609 5262 
f 5262 5609 5610 5340 
f 5340 5610 5264 5263 
f 5263 5264 5611 5336 
f 5336 5611 5265 5337 
f 5337 5265 5267 5266 
f 5500 5266 5267 5268 
f 5501 5500 5268 5612 
f 5501 5612 5269 
f 5252 5612 5613 5270 
f 5247 5613 5614 5271 
f 5271 5614 5273 5301 
f 5301 5273 5272 
f 5272 5273 5274 5302 
f 5302 5274 5303 
f 5303 5274 5615 5304 
f 5615 5276 5304 
f 5304 5276 5275 
f 5275 5276 5279 5277 
f 5277 5279 5278 
f 5536 5278 5279 5280 
f 5536 5280 5616 5535 
f 5535 5616 5534 
f 5534 5616 5282 5281 
f 5281 5282 5283 5582 
f 5582 5283 5284 5583 
f 5583 5284 5287 5285 
f 5286 5285 5287 5617 
f 5286 5617 5289 5584 
f 5288 5584 5289 5618 
f 5585 5288 5618 5619 
f 5585 5619 6569 6536 
f 5297 5298 5313 5328 
f 5312 5294 5300 5295 
f 5295 5300 5299 5332 
f 5332 5299 5296 5333 
f 5333 5296 5298 5297 
f 5331 5330 5317 5324 
f 5324 5321 5323 5331 
f 5329 5314 5316 5326 
f 5329 5327 5315 5314 
f 5316 5317 5330 5326 
f 5313 5315 5327 5328 
s 3119
f 5344 5677 5675 5363 
s 68112
f 6631 5677 5344 5686 
s 7
f 5334 5335 5372 5355 
f 5336 5337 5499 5353 
s 2103
f 5363 5675 5338 5346 
s 133128
f 5338 5674 5232 5345 
s 15
f 5347 5345 5232 5339 
s 7
f 5347 5339 5255 5348 
f 5348 5255 5256 5349 
f 5349 5256 5262 5350 
f 5350 5262 5340 5351 
f 5351 5340 5263 5352 
f 5352 5263 5336 5353 
f 5353 5499 5341 5354 
f 5354 5341 5334 5355 
f 5355 5372 5342 5356 
f 5356 5342 5374 5357 
f 5357 5374 5376 5358 
f 5358 5376 5378 5359 
f 5359 5378 5379 5360 
f 5360 5379 5380 5361 
f 5361 5380 5343 5362 
f 5362 5343 5363 
s 23
f 5344 5687 5686 
s 7
f 5346 5362 5363 
f 5364 5361 5362 5346 
f 5365 5360 5361 5364 
f 5366 5359 5360 5365 
f 5367 5358 5359 5366 
f 5347 5364 5346 5345 
f 5348 5365 5364 5347 
f 5349 5366 5365 5348 
f 5350 5367 5366 5349 
f 5368 5357 5358 5367 
f 5369 5356 5357 5368 
f 5354 5355 5356 5369 
f 5351 5368 5367 5350 
f 5352 5369 5368 5351 
f 5353 5354 5369 5352 
f 5370 5422 5343 5380 
f 6639 5687 5344 5371 
f 5371 5344 5363 5423 
f 5423 5363 5343 5422 
f 5335 5381 5373 5372 
f 5372 5373 5375 5342 
f 5374 5342 5375 5377 
f 5376 5374 5377 5419 
f 5378 5376 5419 5420 
f 5379 5378 5420 5421 
f 5380 5379 5421 5370 
f 5388 5411 5418 5387 
f 5381 5335 5382 5416 
f 5416 5382 5496 5383 
f 5383 5496 5385 5417 
f 5384 5417 5385 5497 
f 5386 5384 5497 5498 
f 5418 5386 5498 5387 
f 5463 5464 5398 5410 
f 5411 5388 5390 5389 
f 5389 5390 5392 5391 
f 5391 5392 5457 5393 
f 5412 5393 5457 5458 
f 5413 5412 5458 5459 
f 5414 5413 5459 5461 
f 5414 5461 5462 5394 
f 5394 5462 5395 5415 
f 5415 5395 5463 5410 
f 5396 5406 5405 5404 
f 5397 5398 5464 5426 
f 5407 5397 5426 5399 
f 5408 5407 5399 5401 
f 5400 5408 5401 5402 
f 5409 5400 5402 5425 
f 5403 5409 5425 5424 
f 5404 5403 5424 5396 
f 5431 5406 5396 5432 
f 5432 5396 5424 5433 
f 5433 5424 5425 5434 
f 5434 5425 5402 5435 
f 5435 5402 5401 5436 
f 5436 5401 5399 5437 
f 5437 5399 5426 5438 
f 5438 5426 5464 5465 
f 5439 5438 5465 5466 
f 5440 5439 5466 5467 
f 5440 5467 5237 5238 
f 5441 5440 5238 5427 
f 5442 5441 5427 5428 
f 5443 5442 5428 5429 
f 5444 5443 5429 5222 
f 5445 5444 5222 5221 
f 5446 5445 5221 5223 
f 5430 5446 5223 5520 
f 5447 5437 5438 5439 
f 5441 5447 5439 5440 
f 5448 5436 5437 5447 
f 5449 5435 5436 5448 
f 5442 5448 5447 5441 
f 5443 5449 5448 5442 
f 5450 5434 5435 5449 
f 5451 5433 5434 5450 
f 5444 5450 5449 5443 
f 5445 5451 5450 5444 
f 5452 5432 5433 5451 
f 5453 5431 5432 5452 
f 5446 5452 5451 5445 
f 5430 5453 5452 5446 
f 5240 5469 5454 
f 5455 5454 5469 5470 
f 5456 5455 5470 5471 
f 5388 5456 5471 5390 
f 5390 5471 5472 5392 
f 5392 5472 5473 5457 
f 5458 5457 5473 5474 
f 5459 5458 5474 5475 
f 5460 5237 5467 5481 
f 5459 5475 5476 5461 
f 5461 5476 5477 5462 
f 5462 5477 5478 5395 
f 5395 5478 5479 5463 
f 5464 5463 5479 5465 
f 5465 5479 5480 5466 
f 5466 5480 5481 5467 
f 5481 5482 5460 
f 5460 5482 5483 5468 
f 5483 5484 5468 
f 5229 5468 5484 5485 
f 5229 5485 5486 5226 
f 5226 5486 5487 5227 
f 5487 5488 5227 
f 5227 5488 5240 
f 5488 5469 5240 
f 5489 5472 5471 5470 
f 5488 5489 5470 5469 
f 5490 5473 5472 5489 
f 5491 5474 5473 5490 
f 5492 5475 5474 5491 
f 5493 5476 5475 5492 
f 5487 5490 5489 5488 
f 5486 5491 5490 5487 
f 5485 5492 5491 5486 
f 5484 5493 5492 5485 
f 5494 5477 5476 5493 
f 5495 5478 5477 5494 
f 5480 5479 5478 5495 
f 5483 5494 5493 5484 
f 5482 5495 5494 5483 
f 5481 5480 5495 5482 
f 5242 5240 5454 5509 
f 5335 5334 5502 5382 
f 5382 5502 5503 5496 
f 5496 5503 5504 5385 
f 5497 5385 5504 5505 
f 5497 5505 5506 5498 
f 5498 5506 5507 5387 
f 5456 5388 5387 5507 
f 5456 5507 5508 5455 
f 5455 5508 5509 5454 
f 5499 5337 5266 5511 
f 5510 5502 5334 5341 
f 5511 5510 5341 5499 
f 5512 5511 5266 5500 
f 5513 5512 5500 5501 
f 5513 5501 5269 5514 
f 5514 5269 5250 5515 
f 5509 5515 5250 5242 
f 5516 5503 5502 5510 
f 5517 5504 5503 5516 
f 5512 5516 5510 5511 
f 5513 5517 5516 5512 
f 5518 5505 5504 5517 
f 5519 5506 5505 5518 
f 5514 5518 5517 5513 
f 5515 5519 5518 5514 
f 5508 5507 5506 5519 
f 5509 5508 5519 5515 
f 5670 5523 5524 5665 
f 5525 5526 5528 5667 
f 5525 5667 5665 5524 
f 5527 5528 5526 5531 
f 5522 5521 5537 5530 
f 5522 5530 5529 
f 5529 5530 5527 5531 
f 5538 5527 5530 5543 
f 5528 5527 5538 5668 
f 5668 5538 5539 5666 
f 5532 5666 5539 5540 
f 5555 5532 5540 5581 
f 5533 5581 5540 5541 
f 5534 5533 5541 5535 
f 5535 5541 5542 5536 
f 5536 5542 5543 5248 
f 5248 5543 5530 5537 
f 5542 5539 5538 5543 
f 5541 5540 5539 5542 
f 5669 5666 5532 5546 
f 5532 5555 5544 5546 
f 5546 5547 5545 5669 
f 5546 5544 5559 5547 
f 5559 5670 5547 
f 5523 5670 5220 
f 5670 5549 5220 
f 5548 5220 5549 5550 
f 5219 5548 5550 5560 
f 5219 5560 5679 5551 
f 5554 5561 5577 5578 
f 5562 5544 5555 5556 
f 5563 5562 5556 5580 
f 5564 5563 5580 5557 
f 5592 5591 5683 5557 
f 5544 5562 5570 5559 
f 5670 5559 5570 5549 
f 5549 5570 5571 5550 
f 5564 5572 5571 5563 
f 5565 5573 5572 5564 
f 5568 5576 5575 5567 
f 5569 5577 5576 5568 
f 6519 5578 5577 5569 
f 5563 5571 5570 5562 
f 5566 5574 5573 5565 
f 5567 5575 5574 5566 
f 5556 5555 5581 5594 
f 5569 5579 6528 6519 
f 5568 5558 5579 5569 
f 5593 5592 5557 5580 
f 5594 5593 5580 5556 
f 5594 5581 5533 5595 
f 5595 5533 5534 5281 
f 5596 5595 5281 5582 
f 5597 5596 5582 5583 
f 5598 5597 5583 5285 
f 5599 5598 5285 5286 
f 5600 5599 5286 5584 
f 5600 5584 5288 5601 
f 5601 5288 5585 5602 
f 5603 5602 5585 6536 
f 5597 5592 5593 5596 
f 5600 5589 5590 5599 
f 5601 5588 5589 5600 
f 5602 5587 5588 5601 
f 5603 5586 5587 5602 
f 5623 5657 5626 5624 
f 5625 5626 5657 5628 
f 5643 5644 5630 5627 
f 5643 5627 5625 5628 
f 5640 5629 5646 
f 5631 5629 5640 5633 
f 6582 5631 5633 6583 
s 23
f 5632 5688 6588 5638 
s 32775
f 5641 5233 5632 5638 
s 7
f 5633 5640 5634 5636 
f 6589 6583 5633 5636 
f 5637 5636 5634 5635 
f 5637 5635 5641 5638 
f 5639 6589 5636 5637 
f 6588 5639 5637 5638 
f 5234 5233 5641 5642 
f 5640 5646 5647 5634 
f 5634 5647 5648 5635 
f 5635 5648 5642 5641 
f 5658 5650 5659 
f 5658 5234 5642 5650 
f 5649 5651 5657 
f 5628 5657 5651 5652 
f 5628 5652 5643 
f 5645 5644 5643 5652 
f 5652 5653 5645 
f 5645 5653 5654 
f 5646 5645 5654 5647 
f 5648 5647 5654 5655 
f 5642 5648 5655 5650 
f 5656 5651 5649 5659 
f 5655 5656 5659 5650 
f 5656 5653 5652 5651 
f 5655 5654 5653 5656 
f 5657 5623 5620 5649 
f 5235 5234 5658 5622 
f 5622 5658 5659 5621 
f 5621 5659 5649 5620 
f 5665 5672 5670 
f 5672 5665 5667 5671 
f 5668 5666 5669 5671 
f 5671 5667 5528 5668 
f 5672 5671 5669 5545 
f 5547 5670 5545 
s 18488
f 5632 5678 5673 5688 
s 23
f 5234 5674 5233 
s 114688
f 5233 5676 5678 5632 
s 136064
f 5675 5676 5674 5338 
s 12352
f 5677 5678 5676 5675 
s 262592
f 6631 5673 5678 5677 
s 66576
f 5676 5233 5674 
s 7
f 5256 5261 5608 
f 5256 5258 5605 
f 5256 5259 5606 
f 5256 5607 5260 
f 5232 5661 5249 
f 5235 5674 5234 
s 39
f 5660 5674 5235 
s 7
f 5596 5593 5594 5595 
f 5679 5560 5572 5573 
f 5217 5561 5554 5216 
f 5550 5571 5572 5560 
f 5589 5588 5558 5684 
f 5564 5557 5683 5565 
f 5685 5683 5591 5590 
f 5567 5684 5558 5568 
f 5587 5579 5558 5588 
f 5598 5591 5592 5597 
f 5599 5590 5591 5598 
f 5545 5670 5672 
f 5680 5679 5573 5574 
f 5551 5679 5680 5552 
f 5681 5680 5574 5575 
f 5552 5680 5681 5553 
f 5682 5681 5575 5576 
f 5553 5681 5682 5218 
f 5561 5682 5576 5577 
f 5218 5682 5561 5217 
f 5566 5565 5683 5685 
f 5590 5589 5684 5685 
f 5567 5566 5685 5684 
f 5586 6528 5579 5587 
f 5247 5246 5290 
f 5308 5429 5428 
f 5644 5629 5630 
f 5646 5629 5645 
f 5645 5629 5644 
f 5323 5321 5325 5322 
f 5322 5325 5318 
f 5318 5325 5319 
f 5319 5325 5320 
s 2071
f 5346 5338 5345 
s 8
f 4745 5224 5308 4829 
f 4752 5231 5521 5047 
f 4828 5307 5224 4745 
f 5190 5663 5225 4746 
f 4746 5225 5228 4749 
f 4751 5230 5663 5190 
f 4812 5291 5230 4751 
f 4950 5520 5231 4752 
f 4757 5236 5660 5187 
f 5188 5661 5236 4757 
f 4760 5239 5291 4812 
f 4813 5292 5239 4760 
f 4749 5228 5664 5191 
f 4829 5308 5309 4830 
f 5191 5664 5241 4762 
f 4762 5241 5243 4764 
f 4814 5293 5292 4813 
f 4830 5309 5310 4831 
f 4831 5310 5244 4765 
f 4766 5245 5293 4814 
f 4765 5244 5311 4832 
f 4832 5311 5246 4767 
f 4811 5290 5245 4766 
f 4827 5306 5307 4828 
f 4767 5246 5312 4833 
f 4815 5294 5247 4768 
f 4774 5253 5290 4811 
f 4826 5305 5306 4827 
f 4772 5251 5305 4826 
f 4775 5254 5249 4770 
f 4799 5278 5251 4772 
f 4764 5243 5252 4773 
f 4791 5270 5253 4774 
f 5189 5662 5254 4775 
f 5127 5604 5662 5189 
f 4778 5257 5604 5127 
f 4779 5258 5257 4778 
f 4780 5259 5605 5128 
f 5130 5607 5606 5129 
f 4782 5261 5260 4781 
f 5132 5609 5608 5131 
f 5133 5610 5609 5132 
f 4785 5264 5610 5133 
f 5134 5611 5264 4785 
f 4786 5265 5611 5134 
f 4788 5267 5265 4786 
f 4789 5268 5267 4788 
f 5135 5612 5268 4789 
f 4773 5252 5270 4791 
f 5136 5613 5612 5135 
f 4768 5247 5271 4792 
f 5137 5614 5613 5136 
f 4792 5271 5301 4822 
f 4794 5273 5614 5137 
f 4822 5301 5272 4793 
f 4793 5272 5302 4823 
f 4795 5274 5273 4794 
f 4823 5302 5303 4824 
f 4824 5303 5304 4825 
f 5138 5615 5274 4795 
f 4797 5276 5615 5138 
f 4825 5304 5275 4796 
f 4796 5275 5277 4798 
f 4800 5279 5276 4797 
f 4798 5277 5278 4799 
f 4801 5280 5279 4800 
f 5139 5616 5280 4801 
f 4803 5282 5616 5139 
f 4804 5283 5282 4803 
f 4805 5284 5283 4804 
f 4808 5287 5284 4805 
f 5140 5617 5287 4808 
f 4810 5289 5617 5140 
f 5141 5618 5289 4810 
f 5142 5619 5618 5141 
f 5143 6569 5619 5142 
f 4818 5297 5328 4850 
f 4834 5313 5298 4819 
f 4833 5312 5295 4816 
f 4821 5300 5294 4815 
f 4816 5295 5332 4855 
f 4820 5299 5300 4821 
f 4855 5332 5333 4856 
f 4817 5296 5299 4820 
f 4856 5333 5297 4818 
f 4819 5298 5296 4817 
f 4846 5324 5317 4839 
f 4854 5330 5331 4853 
f 4853 5331 5323 4845 
f 4843 5321 5324 4846 
f 4851 5329 5326 4848 
f 4837 5316 5314 4835 
f 4835 5314 5315 4836 
f 4849 5327 5329 4851 
f 4839 5317 4838 
f 4852 5330 4854 
f 4848 5326 5330 4852 
f 4838 5317 5316 4837 
f 4850 5328 5327 4849 
f 4836 5315 5313 4834 
f 4948 5422 5370 4894 
f 5214 6639 5371 4895 
f 4895 5371 5423 4949 
f 4949 5423 5422 4948 
f 4899 5373 5381 4907 
f 4901 5375 5373 4899 
f 4903 5377 5375 4901 
f 4945 5419 5377 4903 
f 4946 5420 5419 4945 
f 4947 5421 5420 4946 
f 4894 5370 5421 4947 
f 4944 5418 5411 4937 
f 4907 5381 5416 4942 
f 4942 5416 5383 4909 
f 4909 5383 5417 4943 
f 4943 5417 5384 4910 
f 4910 5384 5386 4912 
f 4912 5386 5418 4944 
f 4936 5410 5398 4924 
f 4937 5411 5389 4915 
f 4915 5389 5391 4917 
f 4917 5391 5393 4919 
f 4919 5393 5412 4938 
f 4938 5412 5413 4939 
f 4939 5413 5414 4940 
f 4940 5414 5394 4920 
f 4920 5394 5415 4941 
f 4941 5415 5410 4936 
f 4930 5404 5405 4931 
s 16
f 4931 5405 5406 4932 
s 8
f 4924 5398 5397 4923 
f 4923 5397 5407 4933 
f 4933 5407 5408 4934 
f 4934 5408 5400 4926 
f 4926 5400 5409 4935 
f 4935 5409 5403 4929 
f 4929 5403 5404 4930 
s 16
f 4932 5406 5431 4958 
f 4957 5430 5520 4950 
f 4958 5431 5453 4980 
f 4980 5453 5430 4957 
s 8
f 5050 5524 5523 5049 
f 5052 5526 5525 5051 
f 5051 5525 5524 5050 
f 5057 5531 5526 5052 
f 5047 5521 5522 5048 
f 5048 5522 5529 5055 
f 5055 5529 5531 5057 
f 5049 5523 5220 4741 
f 4741 5220 5548 5074 
f 5074 5548 5219 4740 
f 4740 5219 5551 5077 
f 5148 5624 5626 5150 
s 16
f 5147 5623 5624 5148 
s 8
f 5150 5626 5625 5149 
f 5151 5627 5630 5154 
f 5149 5625 5627 5151 
f 5153 5629 5631 5155 
f 5155 5631 6582 5156 
s 16
f 5144 5620 5623 5147 
f 4756 5235 5622 5146 
f 5146 5622 5621 5145 
f 5145 5621 5620 5144 
s 8
f 5131 5608 5261 4782 
f 5128 5605 5258 4779 
f 5129 5606 5259 4780 
f 4781 5260 5607 5130 
f 4770 5249 5661 5188 
f 5187 5660 5235 4756 
f 4738 5217 5216 5689 
f 5077 5551 5552 5078 
f 5078 5552 5553 5079 
f 5079 5553 5218 4739 
f 4739 5218 5217 4738 
f 5154 5630 5629 5153 
f 4845 5323 5322 4844 
f 4847 5325 5321 4843 
f 4844 5322 5318 4840 
f 4840 5318 5319 4841 
f 4842 5320 5325 4847 
f 4841 5319 5320 4842 
s 7
f 5694 5695 5781 5697 
f 5908 5781 5695 
f 5704 6015 5999 
f 5697 5780 5696 5694 
f 5699 6143 5702 
f 5699 5698 6143 
f 5700 5698 5699 
f 5700 5713 5701 5698 
f 5703 5947 5702 6143 
f 5764 5939 5947 5703 
s 96
f 6153 6140 5709 5705 
s 71
f 6141 5705 5709 
s 7
f 5712 5710 5939 5764 
f 5712 5765 5711 5710 
f 5713 5715 6144 5701 
f 5907 5906 5782 5781 
f 5715 5723 5714 6144 
f 5723 5742 5716 5714 
f 5765 5766 5906 5711 
f 5766 5783 5782 5906 
f 5718 5717 5783 5766 
f 5718 5784 5717 
f 5763 5719 5784 5718 
f 5780 5779 5902 5696 
f 5767 5785 5719 5720 
f 5726 5720 5763 
f 5902 5779 6015 5704 
f 5779 5778 6015 
f 5778 5724 5721 6015 
f 5722 5727 5814 5705 
f 5724 5751 6014 5721 
f 5742 6092 5725 5716 
f 5743 6093 5720 5726 
f 6142 5728 5814 5727 
f 6084 5728 6142 
f 6084 5730 5729 5728 
f 5731 5729 5730 
f 5732 5729 6085 
f 6087 5729 6086 
f 5734 5729 5733 
f 6089 5735 5729 6088 
f 6090 5815 5735 6089 
f 5737 5736 5815 6090 
f 6091 5811 5736 5737 
f 5738 5812 5811 6091 
f 5740 5739 5812 5738 
f 5740 5741 5979 5739 
f 5741 6092 5980 5979 
f 6092 5742 5980 
f 6093 5743 5725 6092 
f 6094 5744 5720 6093 
f 5746 5774 5744 6094 
f 5746 5745 5774 
f 5747 5775 5745 5746 
f 5747 5776 5775 
f 6095 5777 5776 5747 
f 5749 5777 6095 
f 5749 5748 5777 
f 5752 5750 5748 5749 
f 5752 5751 5750 
f 5752 5753 6014 5751 
f 6096 6013 6014 5753 
f 6096 6012 6013 
f 5755 5754 6012 6096 
f 5756 6061 5754 5755 
f 5757 6062 6061 5756 
f 5760 5758 6062 5757 
f 5760 6097 5759 5758 
f 5762 6063 5759 6097 
f 5762 6098 5761 6063 
f 6098 6099 6064 5761 
f 5143 6065 6064 6099 
f 5786 5802 5770 5771 
f 5773 5768 5785 5767 
f 5772 5807 5768 5773 
f 5769 5808 5807 5772 
f 5771 5770 5808 5769 
f 5791 5798 5805 5806 
f 5797 5805 5798 5795 
f 5789 5800 5803 5787 
f 5788 5787 5803 5801 
f 5804 5790 5791 5806 
f 5804 5800 5789 5790 
f 5801 5802 5786 5788 
s 3119
f 6154 5820 5819 6156 
s 68112
f 5819 6166 6158 6156 
s 7
f 5850 5831 5809 5810 
f 5978 5829 5811 5812 
s 2103
f 5813 5822 5820 6154 
s 133128
f 5705 5821 5813 6153 
s 15
f 5705 5814 5823 5821 
s 7
f 5728 5824 5823 5814 
f 5729 5825 5824 5728 
f 5735 5826 5825 5729 
f 5815 5827 5826 5735 
f 5736 5828 5827 5815 
f 5811 5829 5828 5736 
f 5816 5830 5829 5978 
f 5809 5831 5830 5816 
f 5817 5832 5831 5850 
f 5852 5833 5832 5817 
f 5854 5834 5833 5852 
f 5856 5835 5834 5854 
f 5857 5836 5835 5856 
f 5858 5837 5836 5857 
f 5818 5838 5837 5858 
f 5849 5839 5838 5818 
f 5848 5819 5839 5849 
s 23
f 5213 6166 5819 5848 
s 7
f 5819 5820 5839 
f 5839 5820 5822 5838 
f 5838 5822 5840 5837 
f 5837 5840 5841 5836 
f 5836 5841 5842 5835 
f 5835 5842 5843 5834 
f 5822 5821 5823 5840 
f 5840 5823 5824 5841 
f 5841 5824 5825 5842 
f 5842 5825 5826 5843 
f 5834 5843 5844 5833 
f 5833 5844 5845 5832 
f 5832 5845 5830 5831 
f 5843 5826 5827 5844 
f 5844 5827 5828 5845 
f 5845 5828 5829 5830 
f 5818 5858 5846 5900 
f 5848 5847 5214 5213 
f 5849 5901 5847 5848 
f 5818 5900 5901 5849 
f 5851 5850 5810 5859 
f 5853 5817 5850 5851 
f 5853 5855 5852 5817 
f 5855 5897 5854 5852 
f 5897 5898 5856 5854 
f 5898 5899 5857 5856 
f 5899 5846 5858 5857 
f 5896 5865 5866 5889 
f 5860 5894 5859 5810 
f 5975 5861 5894 5860 
f 5863 5895 5861 5975 
f 5863 5976 5862 5895 
f 5976 5977 5864 5862 
f 5977 5865 5896 5864 
f 5876 5888 5942 5943 
f 5868 5867 5889 5866 
f 5870 5869 5867 5868 
f 5936 5871 5869 5870 
f 5936 5937 5890 5871 
f 5937 5938 5891 5890 
f 5938 5940 5892 5891 
f 5941 5872 5892 5940 
f 5873 5893 5872 5941 
f 5942 5888 5893 5873 
f 5883 5882 5874 5884 
f 5943 5905 5875 5876 
f 5905 5877 5885 5875 
f 5877 5879 5886 5885 
f 5879 5880 5878 5886 
f 5880 5904 5887 5878 
f 5904 5903 5881 5887 
f 5903 5874 5882 5881 
f 5874 5911 5910 5884 
f 5903 5912 5911 5874 
f 5904 5913 5912 5903 
f 5880 5914 5913 5904 
f 5879 5915 5914 5880 
f 5877 5916 5915 5879 
f 5905 5917 5916 5877 
f 5943 5944 5917 5905 
f 5944 5945 5918 5917 
f 5945 5946 5919 5918 
f 5710 5711 5919 5946 
f 5711 5906 5920 5919 
f 5906 5907 5921 5920 
f 5907 5908 5922 5921 
f 5908 5695 5923 5922 
f 5695 5694 5924 5923 
f 5694 5696 5925 5924 
f 5696 5902 5909 5925 
f 5917 5918 5926 5916 
f 5918 5919 5920 5926 
f 5916 5926 5927 5915 
f 5915 5927 5928 5914 
f 5926 5920 5921 5927 
f 5927 5921 5922 5928 
f 5914 5928 5929 5913 
f 5913 5929 5930 5912 
f 5928 5922 5923 5929 
f 5929 5923 5924 5930 
f 5912 5930 5931 5911 
f 5911 5931 5932 5910 
f 5930 5924 5925 5931 
f 5931 5925 5909 5932 
f 5948 5933 5713 
f 5948 5949 5934 5933 
f 5949 5950 5935 5934 
f 5950 5868 5866 5935 
f 5951 5870 5868 5950 
f 5952 5936 5870 5951 
f 5952 5953 5937 5936 
f 5953 5954 5938 5937 
f 5946 5960 5939 5710 
f 5955 5940 5938 5954 
f 5956 5941 5940 5955 
f 5957 5873 5941 5956 
f 5958 5942 5873 5957 
f 5958 5944 5943 5942 
f 5959 5945 5944 5958 
f 5960 5946 5945 5959 
f 5961 5939 5960 
f 5962 5947 5939 5961 
f 5963 5947 5962 
f 5963 5964 5702 5947 
f 5965 5699 5702 5964 
f 5966 5700 5699 5965 
f 5967 5700 5966 
f 5967 5713 5700 
f 5948 5713 5967 
f 5950 5949 5968 5951 
f 5949 5948 5967 5968 
f 5951 5968 5969 5952 
f 5952 5969 5970 5953 
f 5953 5970 5971 5954 
f 5954 5971 5972 5955 
f 5968 5967 5966 5969 
f 5969 5966 5965 5970 
f 5970 5965 5964 5971 
f 5971 5964 5963 5972 
f 5955 5972 5973 5956 
f 5956 5973 5974 5957 
f 5957 5974 5959 5958 
f 5972 5963 5962 5973 
f 5973 5962 5961 5974 
f 5974 5961 5960 5959 
f 5933 5988 5715 5713 
f 5981 5860 5810 5809 
f 5982 5975 5860 5981 
f 5983 5863 5975 5982 
f 5983 5984 5976 5863 
f 5985 5977 5976 5984 
f 5986 5865 5977 5985 
f 5865 5986 5935 5866 
f 5987 5934 5935 5986 
f 5988 5933 5934 5987 
f 5739 5990 5978 5812 
f 5809 5816 5989 5981 
f 5816 5978 5990 5989 
f 5739 5979 5991 5990 
f 5979 5980 5992 5991 
f 5742 5993 5992 5980 
f 5723 5994 5993 5742 
f 5723 5715 5988 5994 
f 5981 5989 5995 5982 
f 5982 5995 5996 5983 
f 5989 5990 5991 5995 
f 5995 5991 5992 5996 
f 5983 5996 5997 5984 
f 5984 5997 5998 5985 
f 5996 5992 5993 5997 
f 5997 5993 5994 5998 
f 5985 5998 5987 5986 
f 5998 5994 5988 5987 
f 6002 6145 6150 6001 
f 6006 6147 6003 6004 
f 6145 6002 6003 6147 
f 6004 6009 6005 6006 
f 6015 6008 6000 5999 
f 6008 6007 6000 
f 6005 6009 6007 6008 
f 6008 6021 6016 6005 
f 6016 6148 6006 6005 
f 6017 6146 6148 6016 
f 6017 6018 6010 6146 
f 6018 6060 6033 6010 
f 6018 6019 6011 6060 
f 6019 6013 6012 6011 
f 6020 6014 6013 6019 
f 6021 5721 6014 6020 
f 6008 6015 5721 6021 
f 6016 6021 6020 6017 
f 6017 6020 6019 6018 
f 6010 6024 6149 6146 
f 6022 6024 6010 6033 
f 6023 6149 6024 6025 
f 6037 6025 6024 6022 
f 6150 6025 6037 
f 6150 5693 6001 
f 6027 5693 6150 
f 6027 6028 6026 5693 
f 6028 6038 5692 6026 
f 6159 6029 5692 6038 
f 6056 6057 6032 6039 
f 6033 6034 6040 6022 
f 6034 6059 6041 6040 
f 6059 6035 6042 6041 
f 6163 6035 6072 6071 
f 6049 6037 6022 6040 
f 6049 6027 6150 6037 
f 6050 6028 6027 6049 
f 6050 6041 6042 6051 
f 6051 6042 6043 6052 
f 6054 6045 6046 6055 
f 6055 6046 6047 6056 
f 6056 6047 6048 6057 
f 6049 6040 6041 6050 
f 6052 6043 6044 6053 
f 6053 6044 6045 6054 
f 6060 6074 6034 6033 
f 5103 6048 6047 6058 
f 6058 6047 6046 6036 
f 6035 6059 6073 6072 
f 6059 6034 6074 6073 
f 6011 6075 6074 6060 
f 6012 5754 6075 6011 
f 5754 6061 6076 6075 
f 6061 6062 6077 6076 
f 6062 5758 6078 6077 
f 5758 5759 6079 6078 
f 5759 6063 6080 6079 
f 5761 6081 6080 6063 
f 6064 6082 6081 5761 
f 6064 6065 6083 6082 
f 6073 6076 6077 6072 
f 6070 6079 6080 6069 
f 6069 6080 6081 6068 
f 6068 6081 6082 6067 
f 6067 6082 6083 6066 
f 6106 6104 6103 6137 
f 6137 6108 6105 6106 
f 6110 6107 6123 6124 
f 6105 6108 6123 6107 
f 6109 6126 6120 
f 6120 6113 6111 6109 
f 6113 5157 5156 6111 
s 23
f 6116 6119 6112 5215 
s 32775
f 6112 6119 6121 5706 
s 7
f 6114 6117 6113 6120 
f 6113 6117 5162 5157 
f 6114 6115 6118 6117 
f 6121 6119 6118 6115 
f 6117 6118 5166 5162 
f 6118 6119 6116 5166 
f 6121 6122 5707 5706 
f 6127 6114 6120 6126 
f 6128 6115 6114 6127 
f 6122 6121 6115 6128 
f 6130 6139 6138 
f 6122 6130 6138 5707 
f 6131 6137 6129 
f 6131 6132 6108 6137 
f 6132 6123 6108 
f 6123 6132 6125 6124 
f 6133 6125 6132 
f 6133 6134 6125 
f 6134 6127 6126 6125 
f 6134 6135 6128 6127 
f 6135 6130 6122 6128 
f 6129 6139 6136 6131 
f 6139 6130 6135 6136 
f 6132 6131 6136 6133 
f 6133 6136 6135 6134 
f 6100 6129 6137 6103 
f 6138 6102 5708 5707 
f 6139 6101 6102 6138 
f 6129 6100 6101 6139 
f 6152 6150 6145 
f 6147 6151 6152 6145 
f 6149 6151 6148 6146 
f 6006 6148 6151 6147 
f 6149 6023 6152 6151 
f 6150 6023 6025 
s 18488
f 5200 5215 6112 6157 
s 23
f 6153 5706 5707 
s 114688
f 6157 6112 5706 6155 
s 136064
f 6153 5813 6154 6155 
s 12352
f 6155 6154 6156 6157 
s 262592
f 6157 6156 6158 5200 
s 66576
f 5706 6153 6155 
s 7
f 5734 6088 5729 
f 5731 6085 5729 
f 5732 6086 5729 
f 6087 5733 5729 
f 6141 5722 5705 
f 6153 5707 5708 
s 39
f 6153 5708 6140 
s 7
f 6074 6075 6076 6073 
f 6051 6052 6159 6038 
f 6032 5689 5690 6039 
f 6051 6038 6028 6050 
f 6036 6164 6069 6068 
f 6163 6043 6042 6035 
f 6071 6070 6165 6163 
f 6036 6046 6045 6164 
f 6036 6068 6067 6058 
f 6072 6077 6078 6071 
f 6071 6078 6079 6070 
f 6150 6152 6023 
f 6052 6053 6160 6159 
f 6160 6030 6029 6159 
f 6053 6054 6161 6160 
f 6161 6031 6030 6160 
f 6054 6055 6162 6161 
f 6162 5691 6031 6161 
f 6055 6056 6039 6162 
f 6039 5690 5691 6162 
f 6163 6165 6044 6043 
f 6164 6165 6070 6069 
f 6165 6164 6045 6044 
f 6058 6067 6066 5103 
f 5719 5763 5720 
f 5908 5907 5781 
f 6109 6110 6124 
f 6109 6125 6126 
f 6109 6124 6125 
f 5799 5796 5797 5795 
f 5799 5792 5796 
f 5799 5793 5792 
f 5799 5794 5793 
s 2071
f 5813 5821 5822 
s 7
f 6258 6172 6171 6174 
f 6172 6258 6379 
f 6471 6487 6181 
f 6173 6257 6174 6171 
f 6179 6616 6176 
f 6616 6175 6176 
f 6176 6175 6177 
f 6178 6190 6177 6175 
f 6179 6418 6180 6616 
f 6418 6410 6241 6180 
s 96
f 6186 6613 6626 6182 
s 71
f 6186 6182 6614 
s 7
f 6410 6187 6189 6241 
f 6188 6242 6189 6187 
f 6617 6192 6190 6178 
f 6259 6377 6378 6258 
f 6191 6200 6192 6617 
f 6193 6219 6200 6191 
f 6377 6243 6242 6188 
f 6259 6260 6243 6377 
f 6260 6194 6195 6243 
f 6194 6261 6195 
f 6261 6196 6240 6195 
f 6470 6256 6257 6173 
f 6196 6262 6244 6197 
f 6240 6197 6203 
f 6487 6256 6470 6181 
f 6487 6255 6256 
f 6198 6201 6255 6487 
f 6289 6204 6199 6182 
f 6486 6228 6201 6198 
f 6202 6561 6219 6193 
f 6197 6562 6220 6203 
f 6289 6205 6615 6204 
f 6615 6205 6553 
f 6206 6207 6553 6205 
f 6207 6206 6208 
f 6554 6206 6209 
f 6555 6206 6556 
f 6210 6206 6211 
f 6206 6212 6558 6557 
f 6212 6290 6559 6558 
f 6290 6213 6214 6559 
f 6213 6286 6560 6214 
f 6286 6287 6215 6560 
f 6287 6216 6217 6215 
f 6450 6218 6217 6216 
f 6451 6561 6218 6450 
f 6451 6219 6561 
f 6202 6220 6562 6561 
f 6197 6221 6563 6562 
f 6221 6251 6223 6563 
f 6251 6222 6223 
f 6222 6252 6224 6223 
f 6252 6253 6224 
f 6253 6254 6564 6224 
f 6564 6254 6226 
f 6254 6225 6226 
f 6225 6227 6229 6226 
f 6227 6228 6229 
f 6486 6230 6229 6228 
f 6486 6485 6565 6230 
f 6485 6484 6565 
f 6484 6231 6232 6565 
f 6231 6532 6233 6232 
f 6532 6533 6234 6233 
f 6533 6235 6237 6234 
f 6236 6566 6237 6235 
f 6236 6534 6239 6566 
f 6238 6567 6239 6534 
f 6535 6568 6567 6238 
f 6535 6536 6569 6568 
f 6247 6278 6263 6248 
f 6262 6245 6250 6244 
f 6245 6282 6249 6250 
f 6282 6283 6246 6249 
f 6283 6247 6248 6246 
f 6281 6274 6267 6280 
f 6274 6281 6273 6271 
f 6279 6276 6266 6264 
f 6279 6264 6265 6277 
f 6266 6276 6280 6267 
f 6263 6278 6277 6265 
s 3119
f 6294 6313 6627 6629 
s 68112
f 6631 5686 6294 6629 
s 7
f 6284 6305 6322 6285 
f 6286 6303 6449 6287 
s 2103
f 6313 6296 6288 6627 
s 133128
f 6288 6295 6182 6626 
s 15
f 6297 6289 6182 6295 
s 7
f 6297 6298 6205 6289 
f 6298 6299 6206 6205 
f 6299 6300 6212 6206 
f 6300 6301 6290 6212 
f 6301 6302 6213 6290 
f 6302 6303 6286 6213 
f 6303 6304 6291 6449 
f 6304 6305 6284 6291 
f 6305 6306 6292 6322 
f 6306 6307 6324 6292 
f 6307 6308 6326 6324 
f 6308 6309 6328 6326 
f 6309 6310 6329 6328 
f 6310 6311 6330 6329 
f 6311 6312 6293 6330 
f 6312 6313 6293 
s 23
f 6294 5686 5687 
s 7
f 6296 6313 6312 
f 6314 6296 6312 6311 
f 6315 6314 6311 6310 
f 6316 6315 6310 6309 
f 6317 6316 6309 6308 
f 6297 6295 6296 6314 
f 6298 6297 6314 6315 
f 6299 6298 6315 6316 
f 6300 6299 6316 6317 
f 6318 6317 6308 6307 
f 6319 6318 6307 6306 
f 6304 6319 6306 6305 
f 6301 6300 6317 6318 
f 6302 6301 6318 6319 
f 6303 6302 6319 6304 
f 6320 6330 6293 6372 
f 6639 6321 6294 5687 
f 6321 6373 6313 6294 
f 6373 6372 6293 6313 
f 6285 6322 6323 6331 
f 6322 6292 6325 6323 
f 6324 6327 6325 6292 
f 6326 6369 6327 6324 
f 6328 6370 6369 6326 
f 6329 6371 6370 6328 
f 6330 6320 6371 6329 
f 6338 6337 6368 6361 
f 6331 6366 6332 6285 
f 6366 6333 6446 6332 
f 6333 6367 6335 6446 
f 6334 6447 6335 6367 
f 6336 6448 6447 6334 
f 6368 6337 6448 6336 
f 6413 6360 6348 6414 
f 6361 6339 6340 6338 
f 6339 6341 6342 6340 
f 6341 6343 6407 6342 
f 6362 6408 6407 6343 
f 6363 6409 6408 6362 
f 6364 6411 6409 6363 
f 6364 6344 6412 6411 
f 6344 6365 6345 6412 
f 6365 6360 6413 6345 
f 6346 6354 6355 6356 
f 6347 6376 6414 6348 
f 6357 6349 6376 6347 
f 6358 6351 6349 6357 
f 6350 6352 6351 6358 
f 6359 6375 6352 6350 
f 6353 6374 6375 6359 
f 6354 6346 6374 6353 
f 6381 6382 6346 6356 
f 6382 6383 6374 6346 
f 6383 6384 6375 6374 
f 6384 6385 6352 6375 
f 6385 6386 6351 6352 
f 6386 6387 6349 6351 
f 6387 6388 6376 6349 
f 6388 6415 6414 6376 
f 6389 6416 6415 6388 
f 6390 6417 6416 6389 
f 6390 6188 6187 6417 
f 6391 6377 6188 6390 
f 6392 6378 6377 6391 
f 6393 6379 6378 6392 
f 6394 6172 6379 6393 
f 6395 6171 6172 6394 
f 6396 6173 6171 6395 
f 6380 6470 6173 6396 
f 6397 6389 6388 6387 
f 6391 6390 6389 6397 
f 6398 6397 6387 6386 
f 6399 6398 6386 6385 
f 6392 6391 6397 6398 
f 6393 6392 6398 6399 
f 6400 6399 6385 6384 
f 6401 6400 6384 6383 
f 6394 6393 6399 6400 
f 6395 6394 6400 6401 
f 6402 6401 6383 6382 
f 6403 6402 6382 6381 
f 6396 6395 6401 6402 
f 6380 6396 6402 6403 
f 6190 6404 6419 
f 6405 6420 6419 6404 
f 6406 6421 6420 6405 
f 6338 6340 6421 6406 
f 6340 6342 6422 6421 
f 6342 6407 6423 6422 
f 6408 6424 6423 6407 
f 6409 6425 6424 6408 
f 6410 6431 6417 6187 
f 6409 6411 6426 6425 
f 6411 6412 6427 6426 
f 6412 6345 6428 6427 
f 6345 6413 6429 6428 
f 6414 6415 6429 6413 
f 6415 6416 6430 6429 
f 6416 6417 6431 6430 
f 6431 6410 6432 
f 6410 6418 6433 6432 
f 6433 6418 6434 
f 6179 6435 6434 6418 
f 6179 6176 6436 6435 
f 6176 6177 6437 6436 
f 6437 6177 6438 
f 6177 6190 6438 
f 6438 6190 6419 
f 6439 6420 6421 6422 
f 6438 6419 6420 6439 
f 6440 6439 6422 6423 
f 6441 6440 6423 6424 
f 6442 6441 6424 6425 
f 6443 6442 6425 6426 
f 6437 6438 6439 6440 
f 6436 6437 6440 6441 
f 6435 6436 6441 6442 
f 6434 6435 6442 6443 
f 6444 6443 6426 6427 
f 6445 6444 6427 6428 
f 6430 6445 6428 6429 
f 6433 6434 6443 6444 
f 6432 6433 6444 6445 
f 6431 6432 6445 6430 
f 6192 6459 6404 6190 
f 6285 6332 6452 6284 
f 6332 6446 6453 6452 
f 6446 6335 6454 6453 
f 6447 6455 6454 6335 
f 6447 6448 6456 6455 
f 6448 6337 6457 6456 
f 6406 6457 6337 6338 
f 6406 6405 6458 6457 
f 6405 6404 6459 6458 
f 6449 6461 6216 6287 
f 6460 6291 6284 6452 
f 6461 6449 6291 6460 
f 6462 6450 6216 6461 
f 6463 6451 6450 6462 
f 6463 6464 6219 6451 
f 6464 6465 6200 6219 
f 6459 6192 6200 6465 
f 6466 6460 6452 6453 
f 6467 6466 6453 6454 
f 6462 6461 6460 6466 
f 6463 6462 6466 6467 
f 6468 6467 6454 6455 
f 6469 6468 6455 6456 
f 6464 6463 6467 6468 
f 6465 6464 6468 6469 
f 6458 6469 6456 6457 
f 6459 6465 6469 6458 
f 6623 6618 6474 6473 
f 6475 6620 6478 6476 
f 6475 6474 6618 6620 
f 6477 6481 6476 6478 
f 6472 6480 6487 6471 
f 6472 6479 6480 
f 6479 6481 6477 6480 
f 6488 6493 6480 6477 
f 6478 6621 6488 6477 
f 6621 6619 6489 6488 
f 6482 6490 6489 6619 
f 6504 6531 6490 6482 
f 6483 6491 6490 6531 
f 6484 6485 6491 6483 
f 6485 6486 6492 6491 
f 6486 6198 6493 6492 
f 6198 6487 6480 6493 
f 6492 6493 6488 6489 
f 6491 6492 6489 6490 
f 6622 6496 6482 6619 
f 6482 6496 6494 6504 
f 6496 6622 6495 6497 
f 6496 6497 6508 6494 
f 6508 6497 6623 
f 6473 6170 6623 
f 6623 6170 6499 
f 6498 6500 6499 6170 
f 6169 6509 6500 6498 
f 6169 6501 6632 6509 
f 5554 5578 6527 6510 
f 6511 6505 6504 6494 
f 6512 6530 6505 6511 
f 6513 6506 6530 6512 
f 6542 6506 6636 6541 
f 6494 6508 6520 6511 
f 6623 6499 6520 6508 
f 6499 6500 6521 6520 
f 6513 6512 6521 6522 
f 6514 6513 6522 6523 
f 6517 6516 6525 6526 
f 6518 6517 6526 6527 
f 6519 6518 6527 5578 
f 6512 6511 6520 6521 
f 6515 6514 6523 6524 
f 6516 6515 6524 6525 
f 6505 6544 6531 6504 
f 6518 6519 6528 6529 
f 6517 6518 6529 6507 
f 6543 6530 6506 6542 
f 6544 6505 6530 6543 
f 6544 6545 6483 6531 
f 6545 6231 6484 6483 
f 6546 6532 6231 6545 
f 6547 6533 6532 6546 
f 6548 6235 6533 6547 
f 6549 6236 6235 6548 
f 6550 6534 6236 6549 
f 6550 6551 6238 6534 
f 6551 6552 6535 6238 
f 5603 6536 6535 6552 
f 6547 6546 6543 6542 
f 6550 6549 6540 6539 
f 6551 6550 6539 6538 
f 6552 6551 6538 6537 
f 5603 6552 6537 5586 
f 6573 6574 6576 6610 
f 6575 6578 6610 6576 
f 6596 6577 6580 6597 
f 6596 6578 6575 6577 
f 6593 6599 6579 
f 6581 6585 6593 6579 
f 6582 6583 6585 6581 
s 23
f 6584 6592 6588 5688 
s 32775
f 6594 6592 6584 6183 
s 7
f 6585 6590 6586 6593 
f 6589 6590 6585 6583 
f 6591 6587 6586 6590 
f 6591 6592 6594 6587 
f 5639 6591 6590 6589 
f 6588 6592 6591 5639 
f 6184 6595 6594 6183 
f 6593 6586 6600 6599 
f 6586 6587 6601 6600 
f 6587 6594 6595 6601 
f 6611 6612 6603 
f 6611 6603 6595 6184 
f 6602 6610 6604 
f 6578 6605 6604 6610 
f 6578 6596 6605 
f 6598 6605 6596 6597 
f 6605 6598 6606 
f 6598 6607 6606 
f 6599 6600 6607 6598 
f 6601 6608 6607 6600 
f 6595 6603 6608 6601 
f 6609 6612 6602 6604 
f 6608 6603 6612 6609 
f 6609 6604 6605 6606 
f 6608 6609 6606 6607 
f 6610 6602 6570 6573 
f 6185 6572 6611 6184 
f 6572 6571 6612 6611 
f 6571 6570 6602 6612 
f 6618 6623 6625 
f 6625 6624 6620 6618 
f 6621 6624 6622 6619 
f 6624 6621 6478 6620 
f 6625 6495 6622 6624 
f 6497 6495 6623 
s 18488
f 6584 5688 5673 6630 
s 23
f 6184 6183 6626 
s 114688
f 6183 6584 6630 6628 
s 136064
f 6627 6288 6626 6628 
s 12352
f 6629 6627 6628 6630 
s 262592
f 6631 6629 6630 5673 
s 66576
f 6628 6626 6183 
s 7
f 6206 6557 6211 
f 6206 6554 6208 
f 6206 6555 6209 
f 6206 6210 6556 
f 6182 6199 6614 
f 6185 6184 6626 
s 39
f 6613 6185 6626 
s 7
f 6546 6545 6544 6543 
f 6632 6523 6522 6509 
f 6167 5216 5554 6510 
f 6500 6509 6522 6521 
f 6539 6637 6507 6538 
f 6513 6514 6636 6506 
f 6638 6540 6541 6636 
f 6516 6517 6507 6637 
f 6537 6538 6507 6529 
f 6548 6547 6542 6541 
f 6549 6548 6541 6540 
f 6495 6625 6623 
f 6633 6524 6523 6632 
f 6501 6502 6633 6632 
f 6634 6525 6524 6633 
f 6502 6503 6634 6633 
f 6635 6526 6525 6634 
f 6503 6168 6635 6634 
f 6510 6527 6526 6635 
f 6168 6167 6510 6635 
f 6515 6638 6636 6514 
f 6540 6638 6637 6539 
f 6516 6637 6638 6515 
f 5586 6537 6529 6528 
f 6197 6240 6196 
f 6258 6378 6379 
f 6597 6580 6579 
f 6599 6598 6579 
f 6598 6597 6579 
f 6273 6272 6275 6271 
f 6272 6268 6275 
f 6268 6269 6275 
f 6269 6270 6275 
s 2071
f 6296 6295 6288 
s 8
f 5697 5781 6258 6174 
f 5704 5999 6471 6181 
f 5780 5697 6174 6257 
f 6143 5698 6175 6616 
f 5698 5701 6178 6175 
f 5703 6143 6616 6180 
f 5764 5703 6180 6241 
f 5902 5704 6181 6470 
f 5709 6140 6613 6186 
f 6141 5709 6186 6614 
f 5712 5764 6241 6189 
f 5765 5712 6189 6242 
f 5701 6144 6617 6178 
f 5781 5782 6259 6258 
f 6144 5714 6191 6617 
f 5714 5716 6193 6191 
f 5766 5765 6242 6243 
f 5782 5783 6260 6259 
f 5783 5717 6194 6260 
f 5718 5766 6243 6195 
f 5717 5784 6261 6194 
f 5784 5719 6196 6261 
f 5763 5718 6195 6240 
f 5779 5780 6257 6256 
f 5719 5785 6262 6196 
f 5767 5720 6197 6244 
f 5726 5763 6240 6203 
f 5778 5779 6256 6255 
f 5724 5778 6255 6201 
f 5727 5722 6199 6204 
f 5751 5724 6201 6228 
f 5716 5725 6202 6193 
f 5743 5726 6203 6220 
f 6142 5727 6204 6615 
f 6084 6142 6615 6553 
f 5730 6084 6553 6207 
f 5731 5730 6207 6208 
f 5732 6085 6554 6209 
f 6087 6086 6555 6556 
f 5734 5733 6210 6211 
f 6089 6088 6557 6558 
f 6090 6089 6558 6559 
f 5737 6090 6559 6214 
f 6091 5737 6214 6560 
f 5738 6091 6560 6215 
f 5740 5738 6215 6217 
f 5741 5740 6217 6218 
f 6092 5741 6218 6561 
f 5725 5743 6220 6202 
f 6093 6092 6561 6562 
f 5720 5744 6221 6197 
f 6094 6093 6562 6563 
f 5744 5774 6251 6221 
f 5746 6094 6563 6223 
f 5774 5745 6222 6251 
f 5745 5775 6252 6222 
f 5747 5746 6223 6224 
f 5775 5776 6253 6252 
f 5776 5777 6254 6253 
f 6095 5747 6224 6564 
f 5749 6095 6564 6226 
f 5777 5748 6225 6254 
f 5748 5750 6227 6225 
f 5752 5749 6226 6229 
f 5750 5751 6228 6227 
f 5753 5752 6229 6230 
f 6096 5753 6230 6565 
f 5755 6096 6565 6232 
f 5756 5755 6232 6233 
f 5757 5756 6233 6234 
f 5760 5757 6234 6237 
f 6097 5760 6237 6566 
f 5762 6097 6566 6239 
f 6098 5762 6239 6567 
f 6099 6098 6567 6568 
f 5143 6099 6568 6569 
f 5770 5802 6278 6247 
f 5786 5771 6248 6263 
f 5785 5768 6245 6262 
f 5773 5767 6244 6250 
f 5768 5807 6282 6245 
f 5772 5773 6250 6249 
f 5807 5808 6283 6282 
f 5769 5772 6249 6246 
f 5808 5770 6247 6283 
f 5771 5769 6246 6248 
f 5798 5791 6267 6274 
f 5806 5805 6281 6280 
f 5805 5797 6273 6281 
f 5795 5798 6274 6271 
f 5803 5800 6276 6279 
f 5789 5787 6264 6266 
f 5787 5788 6265 6264 
f 5801 5803 6279 6277 
f 5791 5790 6267 
f 5804 5806 6280 
f 5800 5804 6280 6276 
f 5790 5789 6266 6267 
f 5802 5801 6277 6278 
f 5788 5786 6263 6265 
f 5900 5846 6320 6372 
f 5214 5847 6321 6639 
f 5847 5901 6373 6321 
f 5901 5900 6372 6373 
f 5851 5859 6331 6323 
f 5853 5851 6323 6325 
f 5855 5853 6325 6327 
f 5897 5855 6327 6369 
f 5898 5897 6369 6370 
f 5899 5898 6370 6371 
f 5846 5899 6371 6320 
f 5896 5889 6361 6368 
f 5859 5894 6366 6331 
f 5894 5861 6333 6366 
f 5861 5895 6367 6333 
f 5895 5862 6334 6367 
f 5862 5864 6336 6334 
f 5864 5896 6368 6336 
f 5888 5876 6348 6360 
f 5889 5867 6339 6361 
f 5867 5869 6341 6339 
f 5869 5871 6343 6341 
f 5871 5890 6362 6343 
f 5890 5891 6363 6362 
f 5891 5892 6364 6363 
f 5892 5872 6344 6364 
f 5872 5893 6365 6344 
f 5893 5888 6360 6365 
f 5882 5883 6355 6354 
s 16
f 5883 5884 6356 6355 
s 8
f 5876 5875 6347 6348 
f 5875 5885 6357 6347 
f 5885 5886 6358 6357 
f 5886 5878 6350 6358 
f 5878 5887 6359 6350 
f 5887 5881 6353 6359 
f 5881 5882 6354 6353 
s 16
f 5884 5910 6381 6356 
f 5909 5902 6470 6380 
f 5910 5932 6403 6381 
f 5932 5909 6380 6403 
s 8
f 6002 6001 6473 6474 
f 6004 6003 6475 6476 
f 6003 6002 6474 6475 
f 6009 6004 6476 6481 
f 5999 6000 6472 6471 
f 6000 6007 6479 6472 
f 6007 6009 6481 6479 
f 6001 5693 6170 6473 
f 5693 6026 6498 6170 
f 6026 5692 6169 6498 
f 5692 6029 6501 6169 
f 6104 6106 6576 6574 
s 16
f 6103 6104 6574 6573 
s 8
f 6106 6105 6575 6576 
f 6107 6110 6580 6577 
f 6105 6107 6577 6575 
f 6109 6111 6581 6579 
f 6111 5156 6582 6581 
s 16
f 6100 6103 6573 6570 
f 5708 6102 6572 6185 
f 6102 6101 6571 6572 
f 6101 6100 6570 6571 
s 8
f 6088 5734 6211 6557 
f 6085 5731 6208 6554 
f 6086 5732 6209 6555 
f 5733 6087 6556 6210 
f 5722 6141 6614 6199 
f 6140 5708 6185 6613 
f 5690 5689 5216 6167 
f 6029 6030 6502 6501 
f 6030 6031 6503 6502 
f 6031 5691 6168 6503 
f 5691 5690 6167 6168 
f 6110 6109 6579 6580 
f 5797 5796 6272 6273 
f 5799 5795 6271 6275 
f 5796 5792 6268 6272 
f 5792 5793 6269 6268 
f 5794 5799 6275 6270 
f 5793 5794 6270 6269 
s 1
f 6643 6642 6641 6640 
f 6642 6645 6644 6641 
f 6646 6644 6645 6647 
f 6648 6646 6647 6649 
f 6640 6772 6773 6643 
f 6652 6771 7055 7045 
f 6654 6652 7045 7047 
f 6658 6657 6656 6655 
f 6657 6660 6659 6656 
f 6661 6659 6660 6662 
f 6651 6661 6662 6650 
f 6661 6651 7046 7048 
f 6663 6664 7049 7048 
f 6665 6654 7047 7050 
f 6646 6648 7052 7051 
f 6666 6665 7050 7051 
f 6668 6669 7054 7053 
f 6664 6668 7053 7049 
f 6649 6788 6787 6648 
f 6655 6802 6803 6658 
f 6669 6801 7057 7054 
f 6652 6671 6770 6771 
f 6653 6670 6672 6663 
f 6663 6672 6673 6664 
f 6664 6673 6674 6668 
f 6668 6674 6675 6669 
f 6669 6675 6800 6801 
f 6667 6677 6676 6666 
f 6666 6676 6678 6665 
f 6665 6678 6679 6654 
f 6654 6679 6671 6652 
f 6680 6814 6813 6681 
f 6684 6680 6681 6685 
f 6686 6684 6685 6687 
f 6688 6686 6687 6689 
f 6690 6688 6689 6691 
f 6692 6784 6783 6693 
f 6694 6692 6693 6695 
f 6696 6694 6695 6697 
f 6698 6696 6697 6699 
f 6683 6698 6699 6682 
f 6681 6813 6812 6700 
f 6685 6681 6700 6702 
f 6687 6685 6702 6703 
f 6689 6687 6703 6704 
f 6691 6689 6704 6705 
f 6693 6783 6782 6706 
f 6695 6693 6706 6707 
f 6697 6695 6707 6708 
f 6699 6697 6708 6709 
f 6682 6699 6709 6701 
f 6670 6815 6814 6680 
f 6672 6670 6680 6684 
f 6673 6672 6684 6686 
f 6674 6673 6686 6688 
f 6675 6674 6688 6690 
f 6677 6785 6784 6692 
f 6676 6677 6692 6694 
f 6678 6676 6694 6696 
f 6679 6678 6696 6698 
f 6671 6679 6698 6683 
f 6701 6710 6766 6767 
f 6700 6734 6711 6702 
f 6702 6711 6703 
f 6703 6711 6704 
f 6704 6711 6712 6705 
f 6705 6712 6796 6797 
f 6706 6745 6713 6707 
f 6707 6713 6708 
f 6708 6713 6709 
f 6709 6713 6710 6701 
f 6734 6829 6749 
f 6711 6734 6749 6751 
f 6712 6711 6751 6752 
f 6745 6841 6753 
f 6713 6745 6753 6754 
f 6710 6713 6754 6750 
f 6787 6853 7071 7056 
f 6924 6936 6798 6797 
f 6714 6824 6828 6722 
f 6715 6836 6840 6723 
f 6718 6720 6819 6818 
f 6719 6721 6831 6830 
f 6720 6716 6822 6819 
f 6721 6717 6834 6831 
f 6958 6964 6775 6776 
f 6722 6718 6818 6820 
f 6723 6719 6830 6832 
f 6967 6959 6777 6778 
f 6712 6823 6755 
f 6724 6821 6820 6725 
f 6727 6791 6792 6726 
f 6728 6790 6791 6727 
f 6726 6792 6793 6725 
f 6734 6811 6810 6756 
f 6733 6809 6808 6732 
f 6730 6826 6827 6731 
f 6729 6825 6826 6730 
f 6731 6827 6828 6732 
f 6738 6761 6762 6737 
f 6739 6760 6761 6738 
f 6737 6762 6763 6736 
f 6710 6835 6757 
f 6735 6833 6832 6736 
f 6745 6781 6780 6758 
f 6744 6779 6778 6743 
f 6741 6838 6839 6742 
f 6740 6837 6838 6741 
f 6742 6839 6840 6743 
f 6728 6822 6746 
f 6716 6825 6746 
f 6729 6805 6804 6746 
f 6739 6834 6747 
f 6717 6837 6747 
f 6740 6775 6774 6747 
f 6804 6759 6748 
f 6747 6774 6748 
f 6756 6733 6824 6829 
f 6749 6714 6751 
f 6751 6714 6752 
f 6758 6744 6836 6841 
f 6753 6715 6754 
f 6754 6715 6750 
f 6939 6923 6796 6795 
f 6752 6714 6821 6823 
f 6757 6735 6764 6765 
f 6750 6715 6833 6835 
f 7004 7007 6779 6780 
f 6772 6817 7043 6773 
f 6771 6816 7058 7055 
f 6770 6815 6816 6771 
f 6769 6683 6682 6768 
f 6768 6682 6701 6767 
f 6770 6671 6683 6769 
f 6766 6811 6812 6767 
f 6766 6710 6757 6765 
f 6764 6735 6736 6763 
f 6761 6806 6807 6762 
f 6760 6805 6806 6761 
f 6762 6807 6808 6763 
f 6760 6739 6747 6759 
f 6764 6809 6810 6765 
f 6788 7029 6853 6787 
f 6785 6916 6892 6784 
f 6786 6667 7052 7056 
f 6785 6677 6667 6786 
f 6781 6745 6706 6782 
f 6776 6741 6742 6777 
f 6775 6740 6741 6776 
f 6777 6742 6743 6778 
f 6781 6938 7004 6780 
f 6779 7007 6967 6778 
f 6779 6744 6758 6780 
f 6801 6870 7070 7057 
f 6796 6923 6924 6797 
f 6799 6690 6691 6798 
f 6798 6691 6705 6797 
f 6800 6675 6690 6799 
f 6795 6755 6724 6794 
f 6794 6724 6725 6793 
f 6792 6975 6941 6793 
f 6790 6728 6746 6789 
f 6796 6712 6755 6795 
f 6814 6769 6768 6813 
f 6813 6768 6767 6812 
f 6815 6770 6769 6814 
f 6811 6766 6765 6810 
f 6809 6764 6763 6808 
f 6805 6760 6759 6804 
f 6816 6653 7046 7058 
f 6815 6670 6653 6816 
f 6811 6734 6700 6812 
f 6806 6730 6731 6807 
f 6805 6729 6730 6806 
f 6807 6731 6732 6808 
f 6809 6733 6756 6810 
f 6759 6747 6748 
f 6774 7020 6748 
f 6789 6746 6748 
f 6748 6746 6804 
f 6819 6727 6726 6818 
f 6822 6728 6727 6819 
f 6818 6726 6725 6820 
f 6821 6714 6722 6820 
f 6821 6724 6755 6823 
f 6824 6733 6732 6828 
f 6826 6720 6718 6827 
f 6825 6716 6720 6826 
f 6827 6718 6722 6828 
f 6824 6714 6749 6829 
f 6822 6716 6746 
f 6825 6729 6746 
f 6734 6756 6829 
f 6712 6752 6823 
f 6831 6738 6737 6830 
f 6834 6739 6738 6831 
f 6830 6737 6736 6832 
f 6833 6715 6723 6832 
f 6833 6735 6757 6835 
f 6836 6744 6743 6840 
f 6838 6721 6719 6839 
f 6837 6717 6721 6838 
f 6839 6719 6723 6840 
f 6836 6715 6753 6841 
f 6837 6740 6747 
f 6834 6717 6747 
f 6745 6758 6841 
f 6710 6750 6835 
f 6843 6842 7025 7024 
f 6842 6844 7026 7025 
f 6845 7027 7026 6844 
f 6846 7028 7027 6845 
f 7024 7036 6847 6843 
f 6843 6847 7069 7059 
f 6842 6843 7059 7060 
f 6849 6848 7032 7031 
f 6848 6850 7033 7032 
f 6851 7034 7033 6850 
f 6852 7035 7034 6851 
f 6851 7062 7061 6852 
f 6851 6850 7063 7062 
f 6844 6842 7060 7064 
f 6845 7066 7065 6846 
f 6845 6844 7064 7066 
f 6848 6849 7067 7068 
f 6850 6848 7068 7063 
f 6846 6853 7029 7028 
f 6849 7031 7030 6854 
f 6849 6854 7070 7067 
f 6855 6858 6857 6856 
f 6859 6862 6861 6860 
f 6862 6864 6863 6861 
f 6864 6866 6865 6863 
f 6866 6868 6867 6865 
f 6868 6870 6869 6867 
f 6871 6874 6873 6872 
f 6874 6876 6875 6873 
f 6876 6878 6877 6875 
f 6878 6855 6856 6877 
f 6879 6882 6881 6880 
f 6883 6884 6882 6879 
f 6885 6886 6884 6883 
f 6887 6888 6886 6885 
f 6889 6890 6888 6887 
f 6891 6894 6893 6892 
f 6895 6896 6894 6891 
f 6897 6898 6896 6895 
f 6899 6900 6898 6897 
f 6901 6902 6900 6899 
f 6882 6904 6903 6881 
f 6884 6905 6904 6882 
f 6886 6906 6905 6884 
f 6888 6907 6906 6886 
f 6890 6908 6907 6888 
f 6894 6910 6909 6893 
f 6896 6911 6910 6894 
f 6898 6912 6911 6896 
f 6900 6913 6912 6898 
f 6902 6914 6913 6900 
f 6860 6879 6880 6915 
f 6861 6883 6879 6860 
f 6863 6885 6883 6861 
f 6865 6887 6885 6863 
f 6867 6889 6887 6865 
f 6872 6891 6892 6916 
f 6873 6895 6891 6872 
f 6875 6897 6895 6873 
f 6877 6899 6897 6875 
f 6856 6901 6899 6877 
f 6914 6919 6918 6917 
f 6904 6905 6921 6920 
f 6905 6906 6921 
f 6906 6907 6921 
f 6907 6908 6922 6921 
f 6908 6924 6923 6922 
f 6910 6911 6926 6925 
f 6911 6912 6926 
f 6912 6913 6926 
f 6913 6914 6917 6926 
f 6920 6928 6927 
f 6921 6929 6928 6920 
f 6922 6930 6929 6921 
f 6925 6932 6931 
f 6926 6933 6932 6925 
f 6917 6934 6933 6926 
f 6936 6935 6799 6798 
f 6935 6869 6800 6799 
f 6937 6916 6785 6786 
f 6909 6938 6781 6782 
f 6940 6939 6795 6794 
f 6794 6793 6941 6940 
f 6942 6945 6944 6943 
f 6946 6949 6948 6947 
f 6950 6953 6952 6951 
f 6954 6957 6956 6955 
f 6959 6958 6776 6777 
f 6951 6952 6961 6960 
f 6955 6956 6963 6962 
f 6945 6965 6953 6950 
f 6949 6966 6957 6954 
f 6922 6969 6968 
f 6970 6972 6965 6971 
f 6973 6976 6975 6974 
f 6977 6973 6974 6978 
f 6976 6972 6941 6975 
f 6920 6981 6980 6979 
f 6982 6985 6984 6983 
f 6986 6989 6988 6987 
f 6990 6986 6987 6991 
f 6989 6985 6944 6988 
f 6992 6995 6994 6993 
f 6996 6992 6993 6997 
f 6995 6999 6998 6994 
f 6917 7001 7000 
f 7002 6999 6966 7003 
f 6925 7005 7004 6938 
f 7006 7008 6967 7007 
f 7009 7012 7011 7010 
f 7013 7009 7010 7014 
f 7012 7008 6948 7011 
f 6790 6789 7015 6978 
f 6977 7016 6961 
f 6960 7016 6991 
f 6990 7016 7018 7017 
f 6996 7019 6963 
f 6962 7019 7014 
f 7013 7019 7020 6964 
f 6789 6748 7015 
f 7018 6748 7021 
f 7019 6748 7020 
f 6981 6927 6943 6982 
f 6928 6929 6942 
f 6929 6930 6942 
f 7005 6931 6947 7006 
f 6932 6933 6946 
f 6933 6934 6946 
f 6930 6968 6971 6942 
f 7001 7023 7022 7002 
f 6934 7000 7003 6946 
f 7044 7035 6852 7037 
f 6847 7037 7072 7069 
f 6857 6858 7038 6915 
f 7039 7040 6902 6901 
f 7040 6919 6914 6902 
f 6857 7039 6901 6856 
f 6918 6919 6903 6979 
f 6918 7023 7001 6917 
f 7022 6998 6999 7002 
f 6993 6994 7042 7041 
f 6997 6993 7041 7017 
f 6994 6998 6984 7042 
f 6997 7021 7019 6996 
f 7022 7023 6980 6983 
f 6892 6893 6783 6784 
f 6893 6909 6782 6783 
f 6853 6846 7065 7071 
f 6916 6937 6871 6872 
f 6938 6909 6910 6925 
f 6958 6959 7012 7009 
f 6964 6958 7009 7013 
f 6959 6967 7008 7012 
f 6964 7020 6774 6775 
f 7007 7004 7005 7006 
f 6854 7030 6803 6802 
f 6869 6870 6801 6800 
f 6935 6936 6890 6889 
f 6936 6924 6908 6890 
f 6869 6935 6889 6867 
f 6939 6940 6970 6969 
f 6940 6941 6972 6970 
f 6974 6975 6792 6791 
f 6978 6974 6791 6790 
f 6978 7015 7016 6977 
f 6923 6939 6969 6922 
f 6880 6881 7040 7039 
f 6881 6903 6919 7040 
f 6915 6880 7039 6857 
f 6979 6980 7023 6918 
f 6983 6984 6998 7022 
f 7017 7018 7021 6997 
f 7037 6852 7061 7072 
f 6915 7038 6859 6860 
f 6979 6903 6904 6920 
f 7041 7042 6989 6986 
f 7017 7041 6986 6990 
f 7042 6984 6985 6989 
f 6983 6980 6981 6982 
f 7021 6748 7019 
f 7015 6748 7016 
f 6748 7018 7016 
f 6952 6953 6976 6973 
f 6961 6952 6973 6977 
f 6953 6965 6972 6976 
f 6971 6965 6945 6942 
f 6971 6968 6969 6970 
f 6943 6944 6985 6982 
f 6987 6988 6950 6951 
f 6991 6987 6951 6960 
f 6988 6944 6945 6950 
f 6943 6927 6928 6942 
f 6961 7016 6960 
f 6991 7016 6990 
f 6920 6927 6981 
f 6922 6968 6930 
f 6956 6957 6995 6992 
f 6963 6956 6992 6996 
f 6957 6966 6999 6995 
f 7003 6966 6949 6946 
f 7003 7000 7001 7002 
f 6947 6948 7008 7006 
f 7010 7011 6954 6955 
f 7014 7010 6955 6962 
f 7011 6948 6949 6954 
f 6947 6931 6932 6946 
f 7014 7019 7013 
f 6963 7019 6962 
f 6925 6931 7005 
f 6917 7000 6934 
f 6817 6651 6650 7043 
f 7037 6847 7036 7044 
f 7055 6772 6640 7045 
f 7045 6640 6641 7047 
f 7046 6653 6663 7048 
f 7049 6659 6661 7048 
f 7047 6641 6644 7050 
f 7052 6667 6666 7051 
f 7050 6644 6646 7051 
f 7054 6655 6656 7053 
f 7053 6656 6659 7049 
f 7057 6802 6655 7054 
f 7071 6937 6786 7056 
f 7058 6817 6772 7055 
f 7052 6648 6787 7056 
f 7070 6854 6802 7057 
f 7046 6651 6817 7058 
f 7069 6858 6855 7059 
f 7059 6855 6878 7060 
f 7062 6862 6859 7061 
f 7063 6864 6862 7062 
f 7060 6878 6876 7064 
f 7066 6874 6871 7065 
f 7064 6876 6874 7066 
f 7067 6868 6866 7068 
f 7068 6866 6864 7063 
f 7070 6870 6868 7067 
f 7072 7038 6858 7069 
f 7065 6871 6937 7071 
f 7061 6859 7038 7072 
# 6660 polygons - 568 triangles

