[    1409ms] Minified React error #419; visit https://react.dev/errors/419 for the full message or use the non-minified dev environment for full errors and additional helpful warnings.
[    1889ms] [WARNING] 🚀 container.buildInfo.environment is deprecated.Please use `container.environment.stage` instead @ https://assets.adobedtm.com/846ae6cc52a8/04305b11409a/launch-ENc97853c5e46d4f92bdf0b75e595632cf.min.js:14
[    2176ms] [WARNING] 🚀 _satellite.setCookie is deprecated. Please use _satellite.cookie.set("ecid", "17600893917683730944237762692949821572"). @ https://assets.adobedtm.com/846ae6cc52a8/04305b11409a/launch-ENc97853c5e46d4f92bdf0b75e595632cf.min.js:14
[    2890ms] [LOG] Testing============== @ https://assets.adobedtm.com/846ae6cc52a8/04305b11409a/launch-ENc97853c5e46d4f92bdf0b75e595632cf.min.js:8
[    2890ms] [LOG] 0 @ https://assets.adobedtm.com/846ae6cc52a8/04305b11409a/launch-ENc97853c5e46d4f92bdf0b75e595632cf.min.js:8
[    4336ms] [ERROR] Refused to execute script from 'https://www.studiokohler.com/content/dam/kohler-kds/navigation/aaf54116_rgb.jpeg?req=props,json&scl=1&id=-1993983485&handler=s7RIJSONResponse' because its MIME type ('image/jpeg') is not executable, and strict MIME type checking is enabled. @ https://www.studiokohler.com/search-results?value=K-5310:0
[    4336ms] [ERROR] Refused to execute script from 'https://www.studiokohler.com/content/dam/kohler-kds/navigation/aaf54116_rgb.jpeg?req=set,json&id=595995143&handler=s7RIJSONResponse' because its MIME type ('image/jpeg') is not executable, and strict MIME type checking is enabled. @ https://www.studiokohler.com/search-results?value=K-5310:0
[    4336ms] [ERROR] Refused to execute script from 'https://www.studiokohler.com/content/dam/kohler-kds/navigation/aaf54114_rgb.jpeg?req=props,json&scl=1&id=1599383937&handler=s7RIJSONResponse' because its MIME type ('image/jpeg') is not executable, and strict MIME type checking is enabled. @ https://www.studiokohler.com/search-results?value=K-5310:0
[    4336ms] [ERROR] Refused to execute script from 'https://www.studiokohler.com/content/dam/kohler-kds/larg-image-and-text-block/aaj98359_rgb.jpg?req=props,json&scl=1&id=-892984135&handler=s7RIJSONResponse' because its MIME type ('image/jpeg') is not executable, and strict MIME type checking is enabled. @ https://www.studiokohler.com/search-results?value=K-5310:0
[    4336ms] [ERROR] Refused to execute script from 'https://www.studiokohler.com/content/dam/kohler-kds/larg-image-and-text-block/aaj98359_rgb.jpg?req=set,json&id=92220093&handler=s7RIJSONResponse' because its MIME type ('image/jpeg') is not executable, and strict MIME type checking is enabled. @ https://www.studiokohler.com/search-results?value=K-5310:0
[    4336ms] [ERROR] Refused to execute script from 'https://www.studiokohler.com/content/dam/kohler-kds/navigation/aaf54114_rgb.jpeg?req=set,json&id=-1893533819&handler=s7RIJSONResponse' because its MIME type ('image/jpeg') is not executable, and strict MIME type checking is enabled. @ https://www.studiokohler.com/search-results?value=K-5310:0
[    4337ms] [ERROR] Refused to execute script from 'https://www.studiokohler.com/content/dam/kohler-kds/navigation/aai11078.jpeg?req=props,json&scl=1&id=-545430548&handler=s7RIJSONResponse' because its MIME type ('image/jpeg') is not executable, and strict MIME type checking is enabled. @ https://www.studiokohler.com/search-results?value=K-5310:0
[    4337ms] [ERROR] Refused to execute script from 'https://www.studiokohler.com/content/dam/kohler-kds/navigation/aaj10834.jpeg?req=set,json&id=-974590792&handler=s7RIJSONResponse' because its MIME type ('image/jpeg') is not executable, and strict MIME type checking is enabled. @ https://www.studiokohler.com/search-results?value=K-5310:0
[    4337ms] [ERROR] Refused to execute script from 'https://www.studiokohler.com/content/dam/kohler-kds/navigation/aai11078.jpeg?req=set,json&id=-1059697424&handler=s7RIJSONResponse' because its MIME type ('image/jpeg') is not executable, and strict MIME type checking is enabled. @ https://www.studiokohler.com/search-results?value=K-5310:0
[    4337ms] [ERROR] Refused to execute script from 'https://www.studiokohler.com/content/dam/kohler-kds/navigation/aaj10834.jpeg?req=props,json&scl=1&id=150453172&handler=s7RIJSONResponse' because its MIME type ('image/jpeg') is not executable, and strict MIME type checking is enabled. @ https://www.studiokohler.com/search-results?value=K-5310:0
[    4343ms] [ERROR] Refused to execute script from 'https://www.studiokohler.com/content/dam/kohler-kds/navigation/d2c0043993_rgb.jpg?req=props,json&scl=1&id=-1685132386&handler=s7RIJSONResponse' because its MIME type ('image/jpeg') is not executable, and strict MIME type checking is enabled. @ https://www.studiokohler.com/search-results?value=K-5310:0
[    4343ms] [ERROR] Refused to execute script from 'https://www.studiokohler.com/content/dam/kohler-kds/navigation/d2c0043993_rgb.jpg?req=set,json&id=1337697954&handler=s7RIJSONResponse' because its MIME type ('image/jpeg') is not executable, and strict MIME type checking is enabled. @ https://www.studiokohler.com/search-results?value=K-5310:0
[    5060ms] [WARNING] [Meta Pixel] - Duplicate Pixel ID: 117823355284455. @ https://connect.facebook.net/en_US/fbevents.js:203
[    7146ms] [WARNING] The resource https://globalkohler.my.site.com/ESWStudioKohlerMIAWCha1785991579828/webruntime/component/5b8557d8725fba2dbf2e6a4968ec430c/prod/en-US/force/luvioRuntimeWebruntime_cmp was preloaded using link preload but not used within a few seconds from the window's load event. Please make sure it has an appropriate `as` value and it is preloaded intentionally. @ https://globalkohler.my.site.com/ESWStudioKohlerMIAWCha1785991579828/assets/htdocs/sitecontext.min.html?parent_domain=https%3A%2F%2Fwww.studiokohler.com:0
[    7146ms] [WARNING] The resource https://globalkohler.my.site.com/ESWStudioKohlerMIAWCha1785991579828/webruntime/framework/cb2c1a2c50/prod/lwr_app_bootstrap_hook was preloaded using link preload but not used within a few seconds from the window's load event. Please make sure it has an appropriate `as` value and it is preloaded intentionally. @ https://globalkohler.my.site.com/ESWStudioKohlerMIAWCha1785991579828/assets/htdocs/sitecontext.min.html?parent_domain=https%3A%2F%2Fwww.studiokohler.com:0
[    7146ms] [WARNING] The resource https://globalkohler.my.site.com/ESWStudioKohlerMIAWCha1785991579828/webruntime/framework/b73515aaa5/prod/lwr_bootstrap was preloaded using link preload but not used within a few seconds from the window's load event. Please make sure it has an appropriate `as` value and it is preloaded intentionally. @ https://globalkohler.my.site.com/ESWStudioKohlerMIAWCha1785991579828/assets/htdocs/sitecontext.min.html?parent_domain=https%3A%2F%2Fwww.studiokohler.com:0
[    7146ms] [WARNING] The resource https://globalkohler.my.site.com/ESWStudioKohlerMIAWCha1785991579828/assets/styles/salesforce-lightning-design-system.min.css?e298b32610 was preloaded using link preload but not used within a few seconds from the window's load event. Please make sure it has an appropriate `as` value and it is preloaded intentionally. @ https://globalkohler.my.site.com/ESWStudioKohlerMIAWCha1785991579828/assets/htdocs/sitecontext.min.html?parent_domain=https%3A%2F%2Fwww.studiokohler.com:0
[    7146ms] [WARNING] The resource https://globalkohler.my.site.com/ESWStudioKohlerMIAWCha1785991579828/webruntime/view/a13680776f58817c268b3c4382572239/prod/en-US/frame_view was preloaded using link preload but not used within a few seconds from the window's load event. Please make sure it has an appropriate `as` value and it is preloaded intentionally. @ https://globalkohler.my.site.com/ESWStudioKohlerMIAWCha1785991579828/assets/htdocs/sitecontext.min.html?parent_domain=https%3A%2F%2Fwww.studiokohler.com:0
[    7146ms] [WARNING] The resource https://globalkohler.my.site.com/ESWStudioKohlerMIAWCha1785991579828/webruntime/framework/6186554a8e/prod/lwr_app was preloaded using link preload but not used within a few seconds from the window's load event. Please make sure it has an appropriate `as` value and it is preloaded intentionally. @ https://globalkohler.my.site.com/ESWStudioKohlerMIAWCha1785991579828/assets/htdocs/sitecontext.min.html?parent_domain=https%3A%2F%2Fwww.studiokohler.com:0
[    7146ms] [WARNING] The resource https://globalkohler.my.site.com/ESWStudioKohlerMIAWCha1785991579828/assets/styles/embedded-messaging-styling.min.css?e298b32610 was preloaded using link preload but not used within a few seconds from the window's load event. Please make sure it has an appropriate `as` value and it is preloaded intentionally. @ https://globalkohler.my.site.com/ESWStudioKohlerMIAWCha1785991579828/assets/htdocs/sitecontext.min.html?parent_domain=https%3A%2F%2Fwww.studiokohler.com:0
[    7146ms] [WARNING] The resource https://globalkohler.my.site.com/ESWStudioKohlerMIAWCha1785991579828/webruntime/view/3a680bd1b3e3045a99687a2950898fdf/prod/en-US/home_view was preloaded using link preload but not used within a few seconds from the window's load event. Please make sure it has an appropriate `as` value and it is preloaded intentionally. @ https://globalkohler.my.site.com/ESWStudioKohlerMIAWCha1785991579828/assets/htdocs/sitecontext.min.html?parent_domain=https%3A%2F%2Fwww.studiokohler.com:0
[    7146ms] [WARNING] The resource https://globalkohler.my.site.com/ESWStudioKohlerMIAWCha1785991579828/webruntime/framework/6ce0b87300/prod/lwr_loader was preloaded using link preload but not used within a few seconds from the window's load event. Please make sure it has an appropriate `as` value and it is preloaded intentionally. @ https://globalkohler.my.site.com/ESWStudioKohlerMIAWCha1785991579828/assets/htdocs/sitecontext.min.html?parent_domain=https%3A%2F%2Fwww.studiokohler.com:0
[    7146ms] [WARNING] The resource https://globalkohler.my.site.com/ESWStudioKohlerMIAWCha1785991579828/webruntime/component/259a789b5905e4a3e65c0942cc97421d/prod/en-US/force/luvioLwcBindings_cmp was preloaded using link preload but not used within a few seconds from the window's load event. Please make sure it has an appropriate `as` value and it is preloaded intentionally. @ https://globalkohler.my.site.com/ESWStudioKohlerMIAWCha1785991579828/assets/htdocs/sitecontext.min.html?parent_domain=https%3A%2F%2Fwww.studiokohler.com:0
[    7146ms] [WARNING] The resource https://globalkohler.my.site.com/ESWStudioKohlerMIAWCha1785991579828/webruntime/framework/c6f5ab53a7/prod/lwr_lwc was preloaded using link preload but not used within a few seconds from the window's load event. Please make sure it has an appropriate `as` value and it is preloaded intentionally. @ https://globalkohler.my.site.com/ESWStudioKohlerMIAWCha1785991579828/assets/htdocs/sitecontext.min.html?parent_domain=https%3A%2F%2Fwww.studiokohler.com:0
[    7326ms] [WARNING] The resource https://www.studiokohler.com/_next/static/chunks/0hqnmwnsg1zbt.css was preloaded using link preload but not used within a few seconds from the window's load event. Please make sure it has an appropriate `as` value and it is preloaded intentionally. @ https://www.studiokohler.com/search-results?value=K-5310:0
[    9314ms] [LOG] Triggered at 100% scroll height @ :1
[   12390ms] [WARNING] The resource https://www.studiokohler.com/_next/static/chunks/0hqnmwnsg1zbt.css was preloaded using link preload but not used within a few seconds from the window's load event. Please make sure it has an appropriate `as` value and it is preloaded intentionally. @ https://www.studiokohler.com/search-results?value=K-5310:0
[   16684ms] [WARNING] The resource https://www.studiokohler.com/_next/static/chunks/0hqnmwnsg1zbt.css was preloaded using link preload but not used within a few seconds from the window's load event. Please make sure it has an appropriate `as` value and it is preloaded intentionally. @ https://www.studiokohler.com/search-results?value=K-5310:0
[   21223ms] [WARNING] The resource https://www.studiokohler.com/_next/static/chunks/0hqnmwnsg1zbt.css was preloaded using link preload but not used within a few seconds from the window's load event. Please make sure it has an appropriate `as` value and it is preloaded intentionally. @ https://www.studiokohler.com/search-results?value=K-5310:0
[   24613ms] [LOG] Triggered at 25% scroll height @ :1
[   27676ms] [WARNING] The resource https://www.studiokohler.com/_next/static/chunks/0hqnmwnsg1zbt.css was preloaded using link preload but not used within a few seconds from the window's load event. Please make sure it has an appropriate `as` value and it is preloaded intentionally. @ https://www.studiokohler.com/search-results?value=K-5310:0
[   44554ms] [LOG] Event Name linkclick @ https://assets.adobedtm.com/846ae6cc52a8/04305b11409a/launch-ENc97853c5e46d4f92bdf0b75e595632cf.min.js:9
[   48380ms] SyntaxError: Failed to execute 'querySelector' on 'Document': 'link[rel="preload"][as="script"][href="\a https://resources.digital-cloud-west.medallia.com/wdcwest/740343/onsite/embed.js\a "]' is not a valid selector.
    at Object.L (https://www.studiokohler.com/_next/static/chunks/0~7nm1~zg71g0.js:1:190038)
    at r.preload (https://www.studiokohler.com/_next/static/chunks/0_5ax_b188xq6.js:1:12765)
    at v (https://www.studiokohler.com/_next/static/chunks/0f1l2no-9vj_c.js:1:6977)
    at ay (https://www.studiokohler.com/_next/static/chunks/0~7nm1~zg71g0.js:1:62886)
    at oJ (https://www.studiokohler.com/_next/static/chunks/0~7nm1~zg71g0.js:1:83143)
    at iu (https://www.studiokohler.com/_next/static/chunks/0~7nm1~zg71g0.js:1:93735)
    at sd (https://www.studiokohler.com/_next/static/chunks/0~7nm1~zg71g0.js:1:137985)
    at https://www.studiokohler.com/_next/static/chunks/0~7nm1~zg71g0.js:1:137830
    at sf (https://www.studiokohler.com/_next/static/chunks/0~7nm1~zg71g0.js:1:137838)
    at se (https://www.studiokohler.com/_next/static/chunks/0~7nm1~zg71g0.js:1:132978)
[   48380ms] SyntaxError: Failed to execute 'querySelector' on 'Document': 'link[rel="preload"][as="script"][href="\a https://resources.digital-cloud-west.medallia.com/wdcwest/740343/onsite/embed.js\a "]' is not a valid selector.
    at Object.L (https://www.studiokohler.com/_next/static/chunks/0~7nm1~zg71g0.js:1:190038)
    at r.preload (https://www.studiokohler.com/_next/static/chunks/0_5ax_b188xq6.js:1:12765)
    at v (https://www.studiokohler.com/_next/static/chunks/0f1l2no-9vj_c.js:1:6977)
    at ay (https://www.studiokohler.com/_next/static/chunks/0~7nm1~zg71g0.js:1:62886)
    at oJ (https://www.studiokohler.com/_next/static/chunks/0~7nm1~zg71g0.js:1:83143)
    at iu (https://www.studiokohler.com/_next/static/chunks/0~7nm1~zg71g0.js:1:93735)
    at sd (https://www.studiokohler.com/_next/static/chunks/0~7nm1~zg71g0.js:1:137985)
    at https://www.studiokohler.com/_next/static/chunks/0~7nm1~zg71g0.js:1:137830
    at sf (https://www.studiokohler.com/_next/static/chunks/0~7nm1~zg71g0.js:1:137838)
    at se (https://www.studiokohler.com/_next/static/chunks/0~7nm1~zg71g0.js:1:132978)
[   48501ms] [WARNING] 🚀 container.buildInfo.environment is deprecated.Please use `container.environment.stage` instead @ https://assets.adobedtm.com/846ae6cc52a8/04305b11409a/launch-ENc97853c5e46d4f92bdf0b75e595632cf.min.js:14
[   48913ms] [WARNING] 🚀 _satellite.setCookie is deprecated. Please use _satellite.cookie.set("ecid", "17600893917683730944237762692949821572"). @ https://assets.adobedtm.com/846ae6cc52a8/04305b11409a/launch-ENc97853c5e46d4f92bdf0b75e595632cf.min.js:14
[   49502ms] [LOG] Testing============== @ https://assets.adobedtm.com/846ae6cc52a8/04305b11409a/launch-ENc97853c5e46d4f92bdf0b75e595632cf.min.js:8
[   49502ms] [LOG] 0 @ https://assets.adobedtm.com/846ae6cc52a8/04305b11409a/launch-ENc97853c5e46d4f92bdf0b75e595632cf.min.js:8
[   49820ms] [ERROR] Refused to execute script from 'https://www.studiokohler.com/content/dam/kohler-kds/navigation/aaf54114_rgb.jpeg?req=props,json&scl=1&id=1599383937&handler=s7RIJSONResponse' because its MIME type ('image/jpeg') is not executable, and strict MIME type checking is enabled. @ https://www.studiokohler.com/js/s7responsiveimage.js:98
[   49820ms] [ERROR] Refused to execute script from 'https://www.studiokohler.com/content/dam/kohler-kds/navigation/aaf54114_rgb.jpeg?req=set,json&id=-1893533819&handler=s7RIJSONResponse' because its MIME type ('image/jpeg') is not executable, and strict MIME type checking is enabled. @ https://www.studiokohler.com/js/s7responsiveimage.js:98
[   49821ms] [ERROR] Refused to execute script from 'https://www.studiokohler.com/content/dam/kohler-kds/navigation/aaf54116_rgb.jpeg?req=props,json&scl=1&id=-1993983485&handler=s7RIJSONResponse' because its MIME type ('image/jpeg') is not executable, and strict MIME type checking is enabled. @ https://www.studiokohler.com/js/s7responsiveimage.js:98
[   49821ms] [ERROR] Refused to execute script from 'https://www.studiokohler.com/content/dam/kohler-kds/navigation/aaf54116_rgb.jpeg?req=set,json&id=595995143&handler=s7RIJSONResponse' because its MIME type ('image/jpeg') is not executable, and strict MIME type checking is enabled. @ https://www.studiokohler.com/js/s7responsiveimage.js:98
[   49821ms] [ERROR] Refused to execute script from 'https://www.studiokohler.com/content/dam/kohler-kds/navigation/d2c0043993_rgb.jpg?req=props,json&scl=1&id=-1685132386&handler=s7RIJSONResponse' because its MIME type ('image/jpeg') is not executable, and strict MIME type checking is enabled. @ https://www.studiokohler.com/js/s7responsiveimage.js:98
[   49821ms] [ERROR] Refused to execute script from 'https://www.studiokohler.com/content/dam/kohler-kds/navigation/d2c0043993_rgb.jpg?req=set,json&id=1337697954&handler=s7RIJSONResponse' because its MIME type ('image/jpeg') is not executable, and strict MIME type checking is enabled. @ https://www.studiokohler.com/js/s7responsiveimage.js:98
[   49822ms] [ERROR] Refused to execute script from 'https://www.studiokohler.com/content/dam/kohler-kds/navigation/aaj10834.jpeg?req=props,json&scl=1&id=150453172&handler=s7RIJSONResponse' because its MIME type ('image/jpeg') is not executable, and strict MIME type checking is enabled. @ https://www.studiokohler.com/js/s7responsiveimage.js:98
[   49822ms] [ERROR] Refused to execute script from 'https://www.studiokohler.com/content/dam/kohler-kds/navigation/aaj10834.jpeg?req=set,json&id=-974590792&handler=s7RIJSONResponse' because its MIME type ('image/jpeg') is not executable, and strict MIME type checking is enabled. @ https://www.studiokohler.com/js/s7responsiveimage.js:98
[   49822ms] [ERROR] Refused to execute script from 'https://www.studiokohler.com/content/dam/kohler-kds/larg-image-and-text-block/aaj98359_rgb.jpg?req=props,json&scl=1&id=-892984135&handler=s7RIJSONResponse' because its MIME type ('image/jpeg') is not executable, and strict MIME type checking is enabled. @ https://www.studiokohler.com/js/s7responsiveimage.js:98
[   49822ms] [ERROR] Refused to execute script from 'https://www.studiokohler.com/content/dam/kohler-kds/larg-image-and-text-block/aaj98359_rgb.jpg?req=set,json&id=92220093&handler=s7RIJSONResponse' because its MIME type ('image/jpeg') is not executable, and strict MIME type checking is enabled. @ https://www.studiokohler.com/js/s7responsiveimage.js:98
[   49823ms] [ERROR] Refused to execute script from 'https://www.studiokohler.com/content/dam/kohler-kds/navigation/aai11078.jpeg?req=props,json&scl=1&id=-545430548&handler=s7RIJSONResponse' because its MIME type ('image/jpeg') is not executable, and strict MIME type checking is enabled. @ https://www.studiokohler.com/js/s7responsiveimage.js:98
[   49823ms] [ERROR] Refused to execute script from 'https://www.studiokohler.com/content/dam/kohler-kds/navigation/aai11078.jpeg?req=set,json&id=-1059697424&handler=s7RIJSONResponse' because its MIME type ('image/jpeg') is not executable, and strict MIME type checking is enabled. @ https://www.studiokohler.com/js/s7responsiveimage.js:98
[   49877ms] [WARNING] [Meta Pixel] - Duplicate Pixel ID: 117823355284455. @ https://connect.facebook.net/en_US/fbevents.js:203
[   55366ms] [WARNING] The resource https://www.studiokohler.com/_next/static/chunks/0hqnmwnsg1zbt.css was preloaded using link preload but not used within a few seconds from the window's load event. Please make sure it has an appropriate `as` value and it is preloaded intentionally. @ https://www.studiokohler.com/products/bathroom/toilets/5310?sku=K-5310-0:0
[   55368ms] [WARNING] The resource https://globalkohler.my.site.com/ESWStudioKohlerMIAWCha1785991579828/webruntime/component/5b8557d8725fba2dbf2e6a4968ec430c/prod/en-US/force/luvioRuntimeWebruntime_cmp was preloaded using link preload but not used within a few seconds from the window's load event. Please make sure it has an appropriate `as` value and it is preloaded intentionally. @ https://globalkohler.my.site.com/ESWStudioKohlerMIAWCha1785991579828/assets/htdocs/sitecontext.min.html?parent_domain=https%3A%2F%2Fwww.studiokohler.com:0
[   55368ms] [WARNING] The resource https://globalkohler.my.site.com/ESWStudioKohlerMIAWCha1785991579828/webruntime/framework/cb2c1a2c50/prod/lwr_app_bootstrap_hook was preloaded using link preload but not used within a few seconds from the window's load event. Please make sure it has an appropriate `as` value and it is preloaded intentionally. @ https://globalkohler.my.site.com/ESWStudioKohlerMIAWCha1785991579828/assets/htdocs/sitecontext.min.html?parent_domain=https%3A%2F%2Fwww.studiokohler.com:0
[   55368ms] [WARNING] The resource https://globalkohler.my.site.com/ESWStudioKohlerMIAWCha1785991579828/webruntime/framework/b73515aaa5/prod/lwr_bootstrap was preloaded using link preload but not used within a few seconds from the window's load event. Please make sure it has an appropriate `as` value and it is preloaded intentionally. @ https://globalkohler.my.site.com/ESWStudioKohlerMIAWCha1785991579828/assets/htdocs/sitecontext.min.html?parent_domain=https%3A%2F%2Fwww.studiokohler.com:0
[   55368ms] [WARNING] The resource https://globalkohler.my.site.com/ESWStudioKohlerMIAWCha1785991579828/assets/styles/salesforce-lightning-design-system.min.css?e298b32610 was preloaded using link preload but not used within a few seconds from the window's load event. Please make sure it has an appropriate `as` value and it is preloaded intentionally. @ https://globalkohler.my.site.com/ESWStudioKohlerMIAWCha1785991579828/assets/htdocs/sitecontext.min.html?parent_domain=https%3A%2F%2Fwww.studiokohler.com:0
[   55368ms] [WARNING] The resource https://globalkohler.my.site.com/ESWStudioKohlerMIAWCha1785991579828/webruntime/view/a13680776f58817c268b3c4382572239/prod/en-US/frame_view was preloaded using link preload but not used within a few seconds from the window's load event. Please make sure it has an appropriate `as` value and it is preloaded intentionally. @ https://globalkohler.my.site.com/ESWStudioKohlerMIAWCha1785991579828/assets/htdocs/sitecontext.min.html?parent_domain=https%3A%2F%2Fwww.studiokohler.com:0
[   55368ms] [WARNING] The resource https://globalkohler.my.site.com/ESWStudioKohlerMIAWCha1785991579828/webruntime/framework/6186554a8e/prod/lwr_app was preloaded using link preload but not used within a few seconds from the window's load event. Please make sure it has an appropriate `as` value and it is preloaded intentionally. @ https://globalkohler.my.site.com/ESWStudioKohlerMIAWCha1785991579828/assets/htdocs/sitecontext.min.html?parent_domain=https%3A%2F%2Fwww.studiokohler.com:0
[   55368ms] [WARNING] The resource https://globalkohler.my.site.com/ESWStudioKohlerMIAWCha1785991579828/assets/styles/embedded-messaging-styling.min.css?e298b32610 was preloaded using link preload but not used within a few seconds from the window's load event. Please make sure it has an appropriate `as` value and it is preloaded intentionally. @ https://globalkohler.my.site.com/ESWStudioKohlerMIAWCha1785991579828/assets/htdocs/sitecontext.min.html?parent_domain=https%3A%2F%2Fwww.studiokohler.com:0
[   55368ms] [WARNING] The resource https://globalkohler.my.site.com/ESWStudioKohlerMIAWCha1785991579828/webruntime/view/3a680bd1b3e3045a99687a2950898fdf/prod/en-US/home_view was preloaded using link preload but not used within a few seconds from the window's load event. Please make sure it has an appropriate `as` value and it is preloaded intentionally. @ https://globalkohler.my.site.com/ESWStudioKohlerMIAWCha1785991579828/assets/htdocs/sitecontext.min.html?parent_domain=https%3A%2F%2Fwww.studiokohler.com:0
[   55368ms] [WARNING] The resource https://globalkohler.my.site.com/ESWStudioKohlerMIAWCha1785991579828/webruntime/framework/6ce0b87300/prod/lwr_loader was preloaded using link preload but not used within a few seconds from the window's load event. Please make sure it has an appropriate `as` value and it is preloaded intentionally. @ https://globalkohler.my.site.com/ESWStudioKohlerMIAWCha1785991579828/assets/htdocs/sitecontext.min.html?parent_domain=https%3A%2F%2Fwww.studiokohler.com:0
[   55368ms] [WARNING] The resource https://globalkohler.my.site.com/ESWStudioKohlerMIAWCha1785991579828/webruntime/component/259a789b5905e4a3e65c0942cc97421d/prod/en-US/force/luvioLwcBindings_cmp was preloaded using link preload but not used within a few seconds from the window's load event. Please make sure it has an appropriate `as` value and it is preloaded intentionally. @ https://globalkohler.my.site.com/ESWStudioKohlerMIAWCha1785991579828/assets/htdocs/sitecontext.min.html?parent_domain=https%3A%2F%2Fwww.studiokohler.com:0
[   55368ms] [WARNING] The resource https://globalkohler.my.site.com/ESWStudioKohlerMIAWCha1785991579828/webruntime/framework/c6f5ab53a7/prod/lwr_lwc was preloaded using link preload but not used within a few seconds from the window's load event. Please make sure it has an appropriate `as` value and it is preloaded intentionally. @ https://globalkohler.my.site.com/ESWStudioKohlerMIAWCha1785991579828/assets/htdocs/sitecontext.min.html?parent_domain=https%3A%2F%2Fwww.studiokohler.com:0
[   58061ms] [LOG] Triggered at 100% scroll height @ :1
[   63488ms] [WARNING] The resource https://www.studiokohler.com/_next/static/chunks/0hqnmwnsg1zbt.css was preloaded using link preload but not used within a few seconds from the window's load event. Please make sure it has an appropriate `as` value and it is preloaded intentionally. @ https://www.studiokohler.com/products/bathroom/toilets/5310?sku=K-5310-0:0
[   67145ms] Minified React error #419; visit https://react.dev/errors/419 for the full message or use the non-minified dev environment for full errors and additional helpful warnings.
[   67469ms] [WARNING] 🚀 container.buildInfo.environment is deprecated.Please use `container.environment.stage` instead @ https://assets.adobedtm.com/846ae6cc52a8/04305b11409a/launch-ENc97853c5e46d4f92bdf0b75e595632cf.min.js:14
[   67541ms] [WARNING] [Meta Pixel] - Duplicate Pixel ID: 117823355284455. @ https://connect.facebook.net/en_US/fbevents.js:203
[   67730ms] [WARNING] 🚀 _satellite.setCookie is deprecated. Please use _satellite.cookie.set("ecid", "17600893917683730944237762692949821572"). @ https://assets.adobedtm.com/846ae6cc52a8/04305b11409a/launch-ENc97853c5e46d4f92bdf0b75e595632cf.min.js:14
[   68471ms] [LOG] Testing============== @ https://assets.adobedtm.com/846ae6cc52a8/04305b11409a/launch-ENc97853c5e46d4f92bdf0b75e595632cf.min.js:8
[   68471ms] [LOG] 0 @ https://assets.adobedtm.com/846ae6cc52a8/04305b11409a/launch-ENc97853c5e46d4f92bdf0b75e595632cf.min.js:8
[   70148ms] [ERROR] Refused to execute script from 'https://www.studiokohler.com/content/dam/kohler-kds/navigation/aaf54114_rgb.jpeg?req=props,json&scl=1&id=1599383937&handler=s7RIJSONResponse' because its MIME type ('image/jpeg') is not executable, and strict MIME type checking is enabled. @ https://www.studiokohler.com/js/s7responsiveimage.js:98
[   70149ms] [ERROR] Refused to execute script from 'https://www.studiokohler.com/content/dam/kohler-kds/navigation/aaf54114_rgb.jpeg?req=set,json&id=-1893533819&handler=s7RIJSONResponse' because its MIME type ('image/jpeg') is not executable, and strict MIME type checking is enabled. @ https://www.studiokohler.com/js/s7responsiveimage.js:98
[   70150ms] [ERROR] Refused to execute script from 'https://www.studiokohler.com/content/dam/kohler-kds/navigation/aaf54116_rgb.jpeg?req=props,json&scl=1&id=-1993983485&handler=s7RIJSONResponse' because its MIME type ('image/jpeg') is not executable, and strict MIME type checking is enabled. @ https://www.studiokohler.com/js/s7responsiveimage.js:98
[   70151ms] [ERROR] Refused to execute script from 'https://www.studiokohler.com/content/dam/kohler-kds/navigation/aaf54116_rgb.jpeg?req=set,json&id=595995143&handler=s7RIJSONResponse' because its MIME type ('image/jpeg') is not executable, and strict MIME type checking is enabled. @ https://www.studiokohler.com/js/s7responsiveimage.js:98
[   70151ms] [ERROR] Refused to execute script from 'https://www.studiokohler.com/content/dam/kohler-kds/navigation/d2c0043993_rgb.jpg?req=props,json&scl=1&id=-1685132386&handler=s7RIJSONResponse' because its MIME type ('image/jpeg') is not executable, and strict MIME type checking is enabled. @ https://www.studiokohler.com/js/s7responsiveimage.js:98
[   70152ms] [ERROR] Refused to execute script from 'https://www.studiokohler.com/content/dam/kohler-kds/navigation/d2c0043993_rgb.jpg?req=set,json&id=1337697954&handler=s7RIJSONResponse' because its MIME type ('image/jpeg') is not executable, and strict MIME type checking is enabled. @ https://www.studiokohler.com/js/s7responsiveimage.js:98
[   70152ms] [ERROR] Refused to execute script from 'https://www.studiokohler.com/content/dam/kohler-kds/navigation/aaj10834.jpeg?req=props,json&scl=1&id=150453172&handler=s7RIJSONResponse' because its MIME type ('image/jpeg') is not executable, and strict MIME type checking is enabled. @ https://www.studiokohler.com/js/s7responsiveimage.js:98
[   70153ms] [ERROR] Refused to execute script from 'https://www.studiokohler.com/content/dam/kohler-kds/navigation/aaj10834.jpeg?req=set,json&id=-974590792&handler=s7RIJSONResponse' because its MIME type ('image/jpeg') is not executable, and strict MIME type checking is enabled. @ https://www.studiokohler.com/js/s7responsiveimage.js:98
[   70153ms] [ERROR] Refused to execute script from 'https://www.studiokohler.com/content/dam/kohler-kds/larg-image-and-text-block/aaj98359_rgb.jpg?req=props,json&scl=1&id=-892984135&handler=s7RIJSONResponse' because its MIME type ('image/jpeg') is not executable, and strict MIME type checking is enabled. @ https://www.studiokohler.com/js/s7responsiveimage.js:98
[   70153ms] [ERROR] Refused to execute script from 'https://www.studiokohler.com/content/dam/kohler-kds/larg-image-and-text-block/aaj98359_rgb.jpg?req=set,json&id=92220093&handler=s7RIJSONResponse' because its MIME type ('image/jpeg') is not executable, and strict MIME type checking is enabled. @ https://www.studiokohler.com/js/s7responsiveimage.js:98
[   70154ms] [ERROR] Refused to execute script from 'https://www.studiokohler.com/content/dam/kohler-kds/navigation/aai11078.jpeg?req=props,json&scl=1&id=-545430548&handler=s7RIJSONResponse' because its MIME type ('image/jpeg') is not executable, and strict MIME type checking is enabled. @ https://www.studiokohler.com/js/s7responsiveimage.js:98
[   70154ms] [ERROR] Refused to execute script from 'https://www.studiokohler.com/content/dam/kohler-kds/navigation/aai11078.jpeg?req=set,json&id=-1059697424&handler=s7RIJSONResponse' because its MIME type ('image/jpeg') is not executable, and strict MIME type checking is enabled. @ https://www.studiokohler.com/js/s7responsiveimage.js:98
[   72267ms] [WARNING] The resource https://globalkohler.my.site.com/ESWStudioKohlerMIAWCha1785991579828/webruntime/component/5b8557d8725fba2dbf2e6a4968ec430c/prod/en-US/force/luvioRuntimeWebruntime_cmp was preloaded using link preload but not used within a few seconds from the window's load event. Please make sure it has an appropriate `as` value and it is preloaded intentionally. @ https://globalkohler.my.site.com/ESWStudioKohlerMIAWCha1785991579828/assets/htdocs/sitecontext.min.html?parent_domain=https%3A%2F%2Fwww.studiokohler.com:0
[   72267ms] [WARNING] The resource https://globalkohler.my.site.com/ESWStudioKohlerMIAWCha1785991579828/webruntime/framework/cb2c1a2c50/prod/lwr_app_bootstrap_hook was preloaded using link preload but not used within a few seconds from the window's load event. Please make sure it has an appropriate `as` value and it is preloaded intentionally. @ https://globalkohler.my.site.com/ESWStudioKohlerMIAWCha1785991579828/assets/htdocs/sitecontext.min.html?parent_domain=https%3A%2F%2Fwww.studiokohler.com:0
[   72267ms] [WARNING] The resource https://globalkohler.my.site.com/ESWStudioKohlerMIAWCha1785991579828/webruntime/framework/b73515aaa5/prod/lwr_bootstrap was preloaded using link preload but not used within a few seconds from the window's load event. Please make sure it has an appropriate `as` value and it is preloaded intentionally. @ https://globalkohler.my.site.com/ESWStudioKohlerMIAWCha1785991579828/assets/htdocs/sitecontext.min.html?parent_domain=https%3A%2F%2Fwww.studiokohler.com:0
[   72267ms] [WARNING] The resource https://globalkohler.my.site.com/ESWStudioKohlerMIAWCha1785991579828/assets/styles/salesforce-lightning-design-system.min.css?e298b32610 was preloaded using link preload but not used within a few seconds from the window's load event. Please make sure it has an appropriate `as` value and it is preloaded intentionally. @ https://globalkohler.my.site.com/ESWStudioKohlerMIAWCha1785991579828/assets/htdocs/sitecontext.min.html?parent_domain=https%3A%2F%2Fwww.studiokohler.com:0
[   72267ms] [WARNING] The resource https://globalkohler.my.site.com/ESWStudioKohlerMIAWCha1785991579828/webruntime/view/a13680776f58817c268b3c4382572239/prod/en-US/frame_view was preloaded using link preload but not used within a few seconds from the window's load event. Please make sure it has an appropriate `as` value and it is preloaded intentionally. @ https://globalkohler.my.site.com/ESWStudioKohlerMIAWCha1785991579828/assets/htdocs/sitecontext.min.html?parent_domain=https%3A%2F%2Fwww.studiokohler.com:0
[   72267ms] [WARNING] The resource https://globalkohler.my.site.com/ESWStudioKohlerMIAWCha1785991579828/webruntime/framework/6186554a8e/prod/lwr_app was preloaded using link preload but not used within a few seconds from the window's load event. Please make sure it has an appropriate `as` value and it is preloaded intentionally. @ https://globalkohler.my.site.com/ESWStudioKohlerMIAWCha1785991579828/assets/htdocs/sitecontext.min.html?parent_domain=https%3A%2F%2Fwww.studiokohler.com:0
[   72267ms] [WARNING] The resource https://globalkohler.my.site.com/ESWStudioKohlerMIAWCha1785991579828/assets/styles/embedded-messaging-styling.min.css?e298b32610 was preloaded using link preload but not used within a few seconds from the window's load event. Please make sure it has an appropriate `as` value and it is preloaded intentionally. @ https://globalkohler.my.site.com/ESWStudioKohlerMIAWCha1785991579828/assets/htdocs/sitecontext.min.html?parent_domain=https%3A%2F%2Fwww.studiokohler.com:0
[   72267ms] [WARNING] The resource https://globalkohler.my.site.com/ESWStudioKohlerMIAWCha1785991579828/webruntime/view/3a680bd1b3e3045a99687a2950898fdf/prod/en-US/home_view was preloaded using link preload but not used within a few seconds from the window's load event. Please make sure it has an appropriate `as` value and it is preloaded intentionally. @ https://globalkohler.my.site.com/ESWStudioKohlerMIAWCha1785991579828/assets/htdocs/sitecontext.min.html?parent_domain=https%3A%2F%2Fwww.studiokohler.com:0
[   72267ms] [WARNING] The resource https://globalkohler.my.site.com/ESWStudioKohlerMIAWCha1785991579828/webruntime/framework/6ce0b87300/prod/lwr_loader was preloaded using link preload but not used within a few seconds from the window's load event. Please make sure it has an appropriate `as` value and it is preloaded intentionally. @ https://globalkohler.my.site.com/ESWStudioKohlerMIAWCha1785991579828/assets/htdocs/sitecontext.min.html?parent_domain=https%3A%2F%2Fwww.studiokohler.com:0
[   72267ms] [WARNING] The resource https://globalkohler.my.site.com/ESWStudioKohlerMIAWCha1785991579828/webruntime/component/259a789b5905e4a3e65c0942cc97421d/prod/en-US/force/luvioLwcBindings_cmp was preloaded using link preload but not used within a few seconds from the window's load event. Please make sure it has an appropriate `as` value and it is preloaded intentionally. @ https://globalkohler.my.site.com/ESWStudioKohlerMIAWCha1785991579828/assets/htdocs/sitecontext.min.html?parent_domain=https%3A%2F%2Fwww.studiokohler.com:0
[   72267ms] [WARNING] The resource https://globalkohler.my.site.com/ESWStudioKohlerMIAWCha1785991579828/webruntime/framework/c6f5ab53a7/prod/lwr_lwc was preloaded using link preload but not used within a few seconds from the window's load event. Please make sure it has an appropriate `as` value and it is preloaded intentionally. @ https://globalkohler.my.site.com/ESWStudioKohlerMIAWCha1785991579828/assets/htdocs/sitecontext.min.html?parent_domain=https%3A%2F%2Fwww.studiokohler.com:0
[   73156ms] [WARNING] The resource https://www.studiokohler.com/_next/static/chunks/0hqnmwnsg1zbt.css was preloaded using link preload but not used within a few seconds from the window's load event. Please make sure it has an appropriate `as` value and it is preloaded intentionally. @ https://www.studiokohler.com/search-results?value=K-5310:0
[   81667ms] [WARNING] The resource https://www.studiokohler.com/_next/static/chunks/0hqnmwnsg1zbt.css was preloaded using link preload but not used within a few seconds from the window's load event. Please make sure it has an appropriate `as` value and it is preloaded intentionally. @ https://www.studiokohler.com/search-results?value=K-5310:0
[  131095ms] [WARNING] The resource https://www.studiokohler.com/_next/static/chunks/0hqnmwnsg1zbt.css was preloaded using link preload but not used within a few seconds from the window's load event. Please make sure it has an appropriate `as` value and it is preloaded intentionally. @ https://www.studiokohler.com/search-results?value=K-5310:0
[  186227ms] Error: Minified React error #310; visit https://react.dev/errors/310 for the full message or use the non-minified dev environment for full errors and additional helpful warnings.
    at aP (https://www.studiokohler.com/_next/static/chunks/0~7nm1~zg71g0.js:1:64171)
    at Object.ol [as useMemo] (https://www.studiokohler.com/_next/static/chunks/0~7nm1~zg71g0.js:1:71638)
    at r.useMemo (https://www.studiokohler.com/_next/static/chunks/0_5ax_b188xq6.js:1:9960)
    at L (https://www.studiokohler.com/_next/static/chunks/0~7nm1~zg71g0.js:31:9161)
    at ay (https://www.studiokohler.com/_next/static/chunks/0~7nm1~zg71g0.js:1:62886)
    at oJ (https://www.studiokohler.com/_next/static/chunks/0~7nm1~zg71g0.js:1:83143)
    at iu (https://www.studiokohler.com/_next/static/chunks/0~7nm1~zg71g0.js:1:94745)
    at sd (https://www.studiokohler.com/_next/static/chunks/0~7nm1~zg71g0.js:1:137985)
    at https://www.studiokohler.com/_next/static/chunks/0~7nm1~zg71g0.js:1:137830
    at sf (https://www.studiokohler.com/_next/static/chunks/0~7nm1~zg71g0.js:1:137838)
[  188612ms] Minified React error #419; visit https://react.dev/errors/419 for the full message or use the non-minified dev environment for full errors and additional helpful warnings.
[  188632ms] SyntaxError: Failed to execute 'querySelector' on 'Document': 'link[rel="preload"][as="script"][href="\a https://resources.digital-cloud-west.medallia.com/wdcwest/740343/onsite/embed.js\a "]' is not a valid selector.
    at Object.L (https://www.studiokohler.com/_next/static/chunks/0~7nm1~zg71g0.js:1:190038)
    at r.preload (https://www.studiokohler.com/_next/static/chunks/0_5ax_b188xq6.js:1:12765)
    at v (https://www.studiokohler.com/_next/static/chunks/0f1l2no-9vj_c.js:1:6977)
    at ay (https://www.studiokohler.com/_next/static/chunks/0~7nm1~zg71g0.js:1:62886)
    at oJ (https://www.studiokohler.com/_next/static/chunks/0~7nm1~zg71g0.js:1:83143)
    at iu (https://www.studiokohler.com/_next/static/chunks/0~7nm1~zg71g0.js:1:93735)
    at sd (https://www.studiokohler.com/_next/static/chunks/0~7nm1~zg71g0.js:1:137985)
    at https://www.studiokohler.com/_next/static/chunks/0~7nm1~zg71g0.js:1:137830
    at sf (https://www.studiokohler.com/_next/static/chunks/0~7nm1~zg71g0.js:1:137838)
    at se (https://www.studiokohler.com/_next/static/chunks/0~7nm1~zg71g0.js:1:132978)
[  188632ms] SyntaxError: Failed to execute 'querySelector' on 'Document': 'link[rel="preload"][as="script"][href="\a https://resources.digital-cloud-west.medallia.com/wdcwest/740343/onsite/embed.js\a "]' is not a valid selector.
    at Object.L (https://www.studiokohler.com/_next/static/chunks/0~7nm1~zg71g0.js:1:190038)
    at r.preload (https://www.studiokohler.com/_next/static/chunks/0_5ax_b188xq6.js:1:12765)
    at v (https://www.studiokohler.com/_next/static/chunks/0f1l2no-9vj_c.js:1:6977)
    at ay (https://www.studiokohler.com/_next/static/chunks/0~7nm1~zg71g0.js:1:62886)
    at oJ (https://www.studiokohler.com/_next/static/chunks/0~7nm1~zg71g0.js:1:83143)
    at iu (https://www.studiokohler.com/_next/static/chunks/0~7nm1~zg71g0.js:1:93735)
    at sd (https://www.studiokohler.com/_next/static/chunks/0~7nm1~zg71g0.js:1:137985)
    at https://www.studiokohler.com/_next/static/chunks/0~7nm1~zg71g0.js:1:137830
    at sf (https://www.studiokohler.com/_next/static/chunks/0~7nm1~zg71g0.js:1:137838)
    at se (https://www.studiokohler.com/_next/static/chunks/0~7nm1~zg71g0.js:1:132978)
[  188717ms] [WARNING] 🚀 container.buildInfo.environment is deprecated.Please use `container.environment.stage` instead @ https://assets.adobedtm.com/846ae6cc52a8/04305b11409a/launch-ENc97853c5e46d4f92bdf0b75e595632cf.min.js:14
[  188784ms] [WARNING] [Meta Pixel] - Duplicate Pixel ID: 117823355284455. @ https://connect.facebook.net/en_US/fbevents.js:203
[  189387ms] [WARNING] 🚀 _satellite.setCookie is deprecated. Please use _satellite.cookie.set("ecid", "17600893917683730944237762692949821572"). @ https://assets.adobedtm.com/846ae6cc52a8/04305b11409a/launch-ENc97853c5e46d4f92bdf0b75e595632cf.min.js:14
[  189719ms] [LOG] Testing============== @ https://assets.adobedtm.com/846ae6cc52a8/04305b11409a/launch-ENc97853c5e46d4f92bdf0b75e595632cf.min.js:8
[  189719ms] [LOG] 0 @ https://assets.adobedtm.com/846ae6cc52a8/04305b11409a/launch-ENc97853c5e46d4f92bdf0b75e595632cf.min.js:8
[  191618ms] [ERROR] Refused to execute script from 'https://www.studiokohler.com/content/dam/kohler-kds/navigation/aaf54114_rgb.jpeg?req=props,json&scl=1&id=1599383937&handler=s7RIJSONResponse' because its MIME type ('image/jpeg') is not executable, and strict MIME type checking is enabled. @ https://www.studiokohler.com/js/s7responsiveimage.js:98
[  191618ms] [ERROR] Refused to execute script from 'https://www.studiokohler.com/content/dam/kohler-kds/navigation/aaf54114_rgb.jpeg?req=set,json&id=-1893533819&handler=s7RIJSONResponse' because its MIME type ('image/jpeg') is not executable, and strict MIME type checking is enabled. @ https://www.studiokohler.com/js/s7responsiveimage.js:98
[  191619ms] [ERROR] Refused to execute script from 'https://www.studiokohler.com/content/dam/kohler-kds/navigation/aaf54116_rgb.jpeg?req=props,json&scl=1&id=-1993983485&handler=s7RIJSONResponse' because its MIME type ('image/jpeg') is not executable, and strict MIME type checking is enabled. @ https://www.studiokohler.com/js/s7responsiveimage.js:98
[  191619ms] [ERROR] Refused to execute script from 'https://www.studiokohler.com/content/dam/kohler-kds/navigation/aaf54116_rgb.jpeg?req=set,json&id=595995143&handler=s7RIJSONResponse' because its MIME type ('image/jpeg') is not executable, and strict MIME type checking is enabled. @ https://www.studiokohler.com/js/s7responsiveimage.js:98
[  191619ms] [ERROR] Refused to execute script from 'https://www.studiokohler.com/content/dam/kohler-kds/navigation/d2c0043993_rgb.jpg?req=props,json&scl=1&id=-1685132386&handler=s7RIJSONResponse' because its MIME type ('image/jpeg') is not executable, and strict MIME type checking is enabled. @ https://www.studiokohler.com/js/s7responsiveimage.js:98
[  191620ms] [ERROR] Refused to execute script from 'https://www.studiokohler.com/content/dam/kohler-kds/navigation/d2c0043993_rgb.jpg?req=set,json&id=1337697954&handler=s7RIJSONResponse' because its MIME type ('image/jpeg') is not executable, and strict MIME type checking is enabled. @ https://www.studiokohler.com/js/s7responsiveimage.js:98
[  191620ms] [ERROR] Refused to execute script from 'https://www.studiokohler.com/content/dam/kohler-kds/navigation/aaj10834.jpeg?req=props,json&scl=1&id=150453172&handler=s7RIJSONResponse' because its MIME type ('image/jpeg') is not executable, and strict MIME type checking is enabled. @ https://www.studiokohler.com/js/s7responsiveimage.js:98
[  191620ms] [ERROR] Refused to execute script from 'https://www.studiokohler.com/content/dam/kohler-kds/navigation/aaj10834.jpeg?req=set,json&id=-974590792&handler=s7RIJSONResponse' because its MIME type ('image/jpeg') is not executable, and strict MIME type checking is enabled. @ https://www.studiokohler.com/js/s7responsiveimage.js:98
[  191620ms] [ERROR] Refused to execute script from 'https://www.studiokohler.com/content/dam/kohler-kds/larg-image-and-text-block/aaj98359_rgb.jpg?req=props,json&scl=1&id=-892984135&handler=s7RIJSONResponse' because its MIME type ('image/jpeg') is not executable, and strict MIME type checking is enabled. @ https://www.studiokohler.com/js/s7responsiveimage.js:98
[  191620ms] [ERROR] Refused to execute script from 'https://www.studiokohler.com/content/dam/kohler-kds/larg-image-and-text-block/aaj98359_rgb.jpg?req=set,json&id=92220093&handler=s7RIJSONResponse' because its MIME type ('image/jpeg') is not executable, and strict MIME type checking is enabled. @ https://www.studiokohler.com/js/s7responsiveimage.js:98
[  191621ms] [ERROR] Refused to execute script from 'https://www.studiokohler.com/content/dam/kohler-kds/navigation/aai11078.jpeg?req=props,json&scl=1&id=-545430548&handler=s7RIJSONResponse' because its MIME type ('image/jpeg') is not executable, and strict MIME type checking is enabled. @ https://www.studiokohler.com/js/s7responsiveimage.js:98
[  191621ms] [ERROR] Refused to execute script from 'https://www.studiokohler.com/content/dam/kohler-kds/navigation/aai11078.jpeg?req=set,json&id=-1059697424&handler=s7RIJSONResponse' because its MIME type ('image/jpeg') is not executable, and strict MIME type checking is enabled. @ https://www.studiokohler.com/js/s7responsiveimage.js:98
[  196553ms] [WARNING] The resource https://globalkohler.my.site.com/ESWStudioKohlerMIAWCha1785991579828/webruntime/component/5b8557d8725fba2dbf2e6a4968ec430c/prod/en-US/force/luvioRuntimeWebruntime_cmp was preloaded using link preload but not used within a few seconds from the window's load event. Please make sure it has an appropriate `as` value and it is preloaded intentionally. @ https://globalkohler.my.site.com/ESWStudioKohlerMIAWCha1785991579828/assets/htdocs/sitecontext.min.html?parent_domain=https%3A%2F%2Fwww.studiokohler.com:0
[  196554ms] [WARNING] The resource https://globalkohler.my.site.com/ESWStudioKohlerMIAWCha1785991579828/webruntime/framework/cb2c1a2c50/prod/lwr_app_bootstrap_hook was preloaded using link preload but not used within a few seconds from the window's load event. Please make sure it has an appropriate `as` value and it is preloaded intentionally. @ https://globalkohler.my.site.com/ESWStudioKohlerMIAWCha1785991579828/assets/htdocs/sitecontext.min.html?parent_domain=https%3A%2F%2Fwww.studiokohler.com:0
[  196554ms] [WARNING] The resource https://globalkohler.my.site.com/ESWStudioKohlerMIAWCha1785991579828/webruntime/framework/b73515aaa5/prod/lwr_bootstrap was preloaded using link preload but not used within a few seconds from the window's load event. Please make sure it has an appropriate `as` value and it is preloaded intentionally. @ https://globalkohler.my.site.com/ESWStudioKohlerMIAWCha1785991579828/assets/htdocs/sitecontext.min.html?parent_domain=https%3A%2F%2Fwww.studiokohler.com:0
[  196554ms] [WARNING] The resource https://globalkohler.my.site.com/ESWStudioKohlerMIAWCha1785991579828/assets/styles/salesforce-lightning-design-system.min.css?e298b32610 was preloaded using link preload but not used within a few seconds from the window's load event. Please make sure it has an appropriate `as` value and it is preloaded intentionally. @ https://globalkohler.my.site.com/ESWStudioKohlerMIAWCha1785991579828/assets/htdocs/sitecontext.min.html?parent_domain=https%3A%2F%2Fwww.studiokohler.com:0
[  196554ms] [WARNING] The resource https://globalkohler.my.site.com/ESWStudioKohlerMIAWCha1785991579828/webruntime/view/a13680776f58817c268b3c4382572239/prod/en-US/frame_view was preloaded using link preload but not used within a few seconds from the window's load event. Please make sure it has an appropriate `as` value and it is preloaded intentionally. @ https://globalkohler.my.site.com/ESWStudioKohlerMIAWCha1785991579828/assets/htdocs/sitecontext.min.html?parent_domain=https%3A%2F%2Fwww.studiokohler.com:0
[  196554ms] [WARNING] The resource https://globalkohler.my.site.com/ESWStudioKohlerMIAWCha1785991579828/webruntime/framework/6186554a8e/prod/lwr_app was preloaded using link preload but not used within a few seconds from the window's load event. Please make sure it has an appropriate `as` value and it is preloaded intentionally. @ https://globalkohler.my.site.com/ESWStudioKohlerMIAWCha1785991579828/assets/htdocs/sitecontext.min.html?parent_domain=https%3A%2F%2Fwww.studiokohler.com:0
[  196554ms] [WARNING] The resource https://globalkohler.my.site.com/ESWStudioKohlerMIAWCha1785991579828/assets/styles/embedded-messaging-styling.min.css?e298b32610 was preloaded using link preload but not used within a few seconds from the window's load event. Please make sure it has an appropriate `as` value and it is preloaded intentionally. @ https://globalkohler.my.site.com/ESWStudioKohlerMIAWCha1785991579828/assets/htdocs/sitecontext.min.html?parent_domain=https%3A%2F%2Fwww.studiokohler.com:0
[  196554ms] [WARNING] The resource https://globalkohler.my.site.com/ESWStudioKohlerMIAWCha1785991579828/webruntime/view/3a680bd1b3e3045a99687a2950898fdf/prod/en-US/home_view was preloaded using link preload but not used within a few seconds from the window's load event. Please make sure it has an appropriate `as` value and it is preloaded intentionally. @ https://globalkohler.my.site.com/ESWStudioKohlerMIAWCha1785991579828/assets/htdocs/sitecontext.min.html?parent_domain=https%3A%2F%2Fwww.studiokohler.com:0
[  196554ms] [WARNING] The resource https://globalkohler.my.site.com/ESWStudioKohlerMIAWCha1785991579828/webruntime/framework/6ce0b87300/prod/lwr_loader was preloaded using link preload but not used within a few seconds from the window's load event. Please make sure it has an appropriate `as` value and it is preloaded intentionally. @ https://globalkohler.my.site.com/ESWStudioKohlerMIAWCha1785991579828/assets/htdocs/sitecontext.min.html?parent_domain=https%3A%2F%2Fwww.studiokohler.com:0
[  196554ms] [WARNING] The resource https://globalkohler.my.site.com/ESWStudioKohlerMIAWCha1785991579828/webruntime/component/259a789b5905e4a3e65c0942cc97421d/prod/en-US/force/luvioLwcBindings_cmp was preloaded using link preload but not used within a few seconds from the window's load event. Please make sure it has an appropriate `as` value and it is preloaded intentionally. @ https://globalkohler.my.site.com/ESWStudioKohlerMIAWCha1785991579828/assets/htdocs/sitecontext.min.html?parent_domain=https%3A%2F%2Fwww.studiokohler.com:0
[  196554ms] [WARNING] The resource https://globalkohler.my.site.com/ESWStudioKohlerMIAWCha1785991579828/webruntime/framework/c6f5ab53a7/prod/lwr_lwc was preloaded using link preload but not used within a few seconds from the window's load event. Please make sure it has an appropriate `as` value and it is preloaded intentionally. @ https://globalkohler.my.site.com/ESWStudioKohlerMIAWCha1785991579828/assets/htdocs/sitecontext.min.html?parent_domain=https%3A%2F%2Fwww.studiokohler.com:0
[  198235ms] [LOG] Triggered at 100% scroll height @ :1
[  203652ms] [WARNING] The resource https://www.studiokohler.com/_next/static/chunks/0hqnmwnsg1zbt.css was preloaded using link preload but not used within a few seconds from the window's load event. Please make sure it has an appropriate `as` value and it is preloaded intentionally. @ https://www.studiokohler.com/search-results?value=14218:0
[  208007ms] [LOG] Event Name linkclick @ https://assets.adobedtm.com/846ae6cc52a8/04305b11409a/launch-ENc97853c5e46d4f92bdf0b75e595632cf.min.js:9
[  208954ms] Error: Minified React error #418; visit https://react.dev/errors/418?args[]=HTML&args[]= for the full message or use the non-minified dev environment for full errors and additional helpful warnings.
    at rX (https://www.studiokohler.com/_next/static/chunks/0~7nm1~zg71g0.js:1:46254)
    at iu (https://www.studiokohler.com/_next/static/chunks/0~7nm1~zg71g0.js:1:97295)
    at sd (https://www.studiokohler.com/_next/static/chunks/0~7nm1~zg71g0.js:1:137985)
    at https://www.studiokohler.com/_next/static/chunks/0~7nm1~zg71g0.js:1:137830
    at sf (https://www.studiokohler.com/_next/static/chunks/0~7nm1~zg71g0.js:1:137838)
    at se (https://www.studiokohler.com/_next/static/chunks/0~7nm1~zg71g0.js:1:132978)
    at sW (https://www.studiokohler.com/_next/static/chunks/0~7nm1~zg71g0.js:1:159657)
    at sU (https://www.studiokohler.com/_next/static/chunks/0~7nm1~zg71g0.js:1:157871)
    at sH (https://www.studiokohler.com/_next/static/chunks/0~7nm1~zg71g0.js:1:158215)
    at https://www.studiokohler.com/_next/static/chunks/0~7nm1~zg71g0.js:1:157500
[  208988ms] SyntaxError: Failed to execute 'querySelector' on 'Document': 'link[rel="preload"][as="script"][href="\a https://resources.digital-cloud-west.medallia.com/wdcwest/740343/onsite/embed.js\a "]' is not a valid selector.
    at Object.L (https://www.studiokohler.com/_next/static/chunks/0~7nm1~zg71g0.js:1:190038)
    at r.preload (https://www.studiokohler.com/_next/static/chunks/0_5ax_b188xq6.js:1:12765)
    at v (https://www.studiokohler.com/_next/static/chunks/0f1l2no-9vj_c.js:1:6977)
    at ay (https://www.studiokohler.com/_next/static/chunks/0~7nm1~zg71g0.js:1:62886)
    at oJ (https://www.studiokohler.com/_next/static/chunks/0~7nm1~zg71g0.js:1:83143)
    at iu (https://www.studiokohler.com/_next/static/chunks/0~7nm1~zg71g0.js:1:93735)
    at sd (https://www.studiokohler.com/_next/static/chunks/0~7nm1~zg71g0.js:1:137985)
    at https://www.studiokohler.com/_next/static/chunks/0~7nm1~zg71g0.js:1:137830
    at sf (https://www.studiokohler.com/_next/static/chunks/0~7nm1~zg71g0.js:1:137838)
    at se (https://www.studiokohler.com/_next/static/chunks/0~7nm1~zg71g0.js:1:132978)
[  208988ms] SyntaxError: Failed to execute 'querySelector' on 'Document': 'link[rel="preload"][as="script"][href="\a https://resources.digital-cloud-west.medallia.com/wdcwest/740343/onsite/embed.js\a "]' is not a valid selector.
    at Object.L (https://www.studiokohler.com/_next/static/chunks/0~7nm1~zg71g0.js:1:190038)
    at r.preload (https://www.studiokohler.com/_next/static/chunks/0_5ax_b188xq6.js:1:12765)
    at v (https://www.studiokohler.com/_next/static/chunks/0f1l2no-9vj_c.js:1:6977)
    at ay (https://www.studiokohler.com/_next/static/chunks/0~7nm1~zg71g0.js:1:62886)
    at oJ (https://www.studiokohler.com/_next/static/chunks/0~7nm1~zg71g0.js:1:83143)
    at iu (https://www.studiokohler.com/_next/static/chunks/0~7nm1~zg71g0.js:1:93735)
    at sd (https://www.studiokohler.com/_next/static/chunks/0~7nm1~zg71g0.js:1:137985)
    at https://www.studiokohler.com/_next/static/chunks/0~7nm1~zg71g0.js:1:137830
    at sf (https://www.studiokohler.com/_next/static/chunks/0~7nm1~zg71g0.js:1:137838)
    at se (https://www.studiokohler.com/_next/static/chunks/0~7nm1~zg71g0.js:1:132978)
[  209033ms] [WARNING] 🚀 container.buildInfo.environment is deprecated.Please use `container.environment.stage` instead @ https://assets.adobedtm.com/846ae6cc52a8/04305b11409a/launch-ENc97853c5e46d4f92bdf0b75e595632cf.min.js:14
[  209244ms] [WARNING] 🚀 _satellite.setCookie is deprecated. Please use _satellite.cookie.set("ecid", "17600893917683730944237762692949821572"). @ https://assets.adobedtm.com/846ae6cc52a8/04305b11409a/launch-ENc97853c5e46d4f92bdf0b75e595632cf.min.js:14
[  209380ms] [ERROR] Refused to execute script from 'https://www.studiokohler.com/content/dam/kohler-kds/navigation/aaf54114_rgb.jpeg?req=props,json&scl=1&id=1599383937&handler=s7RIJSONResponse' because its MIME type ('image/jpeg') is not executable, and strict MIME type checking is enabled. @ https://www.studiokohler.com/js/s7responsiveimage.js:98
[  209380ms] [ERROR] Refused to execute script from 'https://www.studiokohler.com/content/dam/kohler-kds/navigation/aaf54114_rgb.jpeg?req=set,json&id=-1893533819&handler=s7RIJSONResponse' because its MIME type ('image/jpeg') is not executable, and strict MIME type checking is enabled. @ https://www.studiokohler.com/js/s7responsiveimage.js:98
[  209380ms] [ERROR] Refused to execute script from 'https://www.studiokohler.com/content/dam/kohler-kds/navigation/aaf54116_rgb.jpeg?req=props,json&scl=1&id=-1993983485&handler=s7RIJSONResponse' because its MIME type ('image/jpeg') is not executable, and strict MIME type checking is enabled. @ https://www.studiokohler.com/js/s7responsiveimage.js:98
[  209380ms] [ERROR] Refused to execute script from 'https://www.studiokohler.com/content/dam/kohler-kds/navigation/aaf54116_rgb.jpeg?req=set,json&id=595995143&handler=s7RIJSONResponse' because its MIME type ('image/jpeg') is not executable, and strict MIME type checking is enabled. @ https://www.studiokohler.com/js/s7responsiveimage.js:98
[  209380ms] [ERROR] Refused to execute script from 'https://www.studiokohler.com/content/dam/kohler-kds/navigation/d2c0043993_rgb.jpg?req=props,json&scl=1&id=-1685132386&handler=s7RIJSONResponse' because its MIME type ('image/jpeg') is not executable, and strict MIME type checking is enabled. @ https://www.studiokohler.com/js/s7responsiveimage.js:98
[  209381ms] [ERROR] Refused to execute script from 'https://www.studiokohler.com/content/dam/kohler-kds/navigation/d2c0043993_rgb.jpg?req=set,json&id=1337697954&handler=s7RIJSONResponse' because its MIME type ('image/jpeg') is not executable, and strict MIME type checking is enabled. @ https://www.studiokohler.com/js/s7responsiveimage.js:98
[  209381ms] [ERROR] Refused to execute script from 'https://www.studiokohler.com/content/dam/kohler-kds/navigation/aaj10834.jpeg?req=props,json&scl=1&id=150453172&handler=s7RIJSONResponse' because its MIME type ('image/jpeg') is not executable, and strict MIME type checking is enabled. @ https://www.studiokohler.com/js/s7responsiveimage.js:98
[  209381ms] [ERROR] Refused to execute script from 'https://www.studiokohler.com/content/dam/kohler-kds/navigation/aaj10834.jpeg?req=set,json&id=-974590792&handler=s7RIJSONResponse' because its MIME type ('image/jpeg') is not executable, and strict MIME type checking is enabled. @ https://www.studiokohler.com/js/s7responsiveimage.js:98
[  209381ms] [ERROR] Refused to execute script from 'https://www.studiokohler.com/content/dam/kohler-kds/larg-image-and-text-block/aaj98359_rgb.jpg?req=props,json&scl=1&id=-892984135&handler=s7RIJSONResponse' because its MIME type ('image/jpeg') is not executable, and strict MIME type checking is enabled. @ https://www.studiokohler.com/js/s7responsiveimage.js:98
[  209381ms] [ERROR] Refused to execute script from 'https://www.studiokohler.com/content/dam/kohler-kds/larg-image-and-text-block/aaj98359_rgb.jpg?req=set,json&id=92220093&handler=s7RIJSONResponse' because its MIME type ('image/jpeg') is not executable, and strict MIME type checking is enabled. @ https://www.studiokohler.com/js/s7responsiveimage.js:98
[  209381ms] [ERROR] Refused to execute script from 'https://www.studiokohler.com/content/dam/kohler-kds/navigation/aai11078.jpeg?req=props,json&scl=1&id=-545430548&handler=s7RIJSONResponse' because its MIME type ('image/jpeg') is not executable, and strict MIME type checking is enabled. @ https://www.studiokohler.com/js/s7responsiveimage.js:98
[  209381ms] [ERROR] Refused to execute script from 'https://www.studiokohler.com/content/dam/kohler-kds/navigation/aai11078.jpeg?req=set,json&id=-1059697424&handler=s7RIJSONResponse' because its MIME type ('image/jpeg') is not executable, and strict MIME type checking is enabled. @ https://www.studiokohler.com/js/s7responsiveimage.js:98
[  209409ms] [WARNING] [Meta Pixel] - Duplicate Pixel ID: 117823355284455. @ https://connect.facebook.net/en_US/fbevents.js:203
[  210034ms] [LOG] Testing============== @ https://assets.adobedtm.com/846ae6cc52a8/04305b11409a/launch-ENc97853c5e46d4f92bdf0b75e595632cf.min.js:8
[  210034ms] [LOG] 0 @ https://assets.adobedtm.com/846ae6cc52a8/04305b11409a/launch-ENc97853c5e46d4f92bdf0b75e595632cf.min.js:8
[  210439ms] [LOG] Triggered at 100% scroll height @ :1
[  212609ms] [WARNING] The resource https://globalkohler.my.site.com/ESWStudioKohlerMIAWCha1785991579828/webruntime/component/5b8557d8725fba2dbf2e6a4968ec430c/prod/en-US/force/luvioRuntimeWebruntime_cmp was preloaded using link preload but not used within a few seconds from the window's load event. Please make sure it has an appropriate `as` value and it is preloaded intentionally. @ https://globalkohler.my.site.com/ESWStudioKohlerMIAWCha1785991579828/assets/htdocs/sitecontext.min.html?parent_domain=https%3A%2F%2Fwww.studiokohler.com:0
[  212609ms] [WARNING] The resource https://globalkohler.my.site.com/ESWStudioKohlerMIAWCha1785991579828/webruntime/framework/cb2c1a2c50/prod/lwr_app_bootstrap_hook was preloaded using link preload but not used within a few seconds from the window's load event. Please make sure it has an appropriate `as` value and it is preloaded intentionally. @ https://globalkohler.my.site.com/ESWStudioKohlerMIAWCha1785991579828/assets/htdocs/sitecontext.min.html?parent_domain=https%3A%2F%2Fwww.studiokohler.com:0
[  212610ms] [WARNING] The resource https://globalkohler.my.site.com/ESWStudioKohlerMIAWCha1785991579828/webruntime/framework/b73515aaa5/prod/lwr_bootstrap was preloaded using link preload but not used within a few seconds from the window's load event. Please make sure it has an appropriate `as` value and it is preloaded intentionally. @ https://globalkohler.my.site.com/ESWStudioKohlerMIAWCha1785991579828/assets/htdocs/sitecontext.min.html?parent_domain=https%3A%2F%2Fwww.studiokohler.com:0
[  212610ms] [WARNING] The resource https://globalkohler.my.site.com/ESWStudioKohlerMIAWCha1785991579828/assets/styles/salesforce-lightning-design-system.min.css?e298b32610 was preloaded using link preload but not used within a few seconds from the window's load event. Please make sure it has an appropriate `as` value and it is preloaded intentionally. @ https://globalkohler.my.site.com/ESWStudioKohlerMIAWCha1785991579828/assets/htdocs/sitecontext.min.html?parent_domain=https%3A%2F%2Fwww.studiokohler.com:0
[  212610ms] [WARNING] The resource https://globalkohler.my.site.com/ESWStudioKohlerMIAWCha1785991579828/webruntime/view/a13680776f58817c268b3c4382572239/prod/en-US/frame_view was preloaded using link preload but not used within a few seconds from the window's load event. Please make sure it has an appropriate `as` value and it is preloaded intentionally. @ https://globalkohler.my.site.com/ESWStudioKohlerMIAWCha1785991579828/assets/htdocs/sitecontext.min.html?parent_domain=https%3A%2F%2Fwww.studiokohler.com:0
[  212610ms] [WARNING] The resource https://globalkohler.my.site.com/ESWStudioKohlerMIAWCha1785991579828/webruntime/framework/6186554a8e/prod/lwr_app was preloaded using link preload but not used within a few seconds from the window's load event. Please make sure it has an appropriate `as` value and it is preloaded intentionally. @ https://globalkohler.my.site.com/ESWStudioKohlerMIAWCha1785991579828/assets/htdocs/sitecontext.min.html?parent_domain=https%3A%2F%2Fwww.studiokohler.com:0
[  212610ms] [WARNING] The resource https://globalkohler.my.site.com/ESWStudioKohlerMIAWCha1785991579828/assets/styles/embedded-messaging-styling.min.css?e298b32610 was preloaded using link preload but not used within a few seconds from the window's load event. Please make sure it has an appropriate `as` value and it is preloaded intentionally. @ https://globalkohler.my.site.com/ESWStudioKohlerMIAWCha1785991579828/assets/htdocs/sitecontext.min.html?parent_domain=https%3A%2F%2Fwww.studiokohler.com:0
[  212610ms] [WARNING] The resource https://globalkohler.my.site.com/ESWStudioKohlerMIAWCha1785991579828/webruntime/view/3a680bd1b3e3045a99687a2950898fdf/prod/en-US/home_view was preloaded using link preload but not used within a few seconds from the window's load event. Please make sure it has an appropriate `as` value and it is preloaded intentionally. @ https://globalkohler.my.site.com/ESWStudioKohlerMIAWCha1785991579828/assets/htdocs/sitecontext.min.html?parent_domain=https%3A%2F%2Fwww.studiokohler.com:0
[  212610ms] [WARNING] The resource https://globalkohler.my.site.com/ESWStudioKohlerMIAWCha1785991579828/webruntime/framework/6ce0b87300/prod/lwr_loader was preloaded using link preload but not used within a few seconds from the window's load event. Please make sure it has an appropriate `as` value and it is preloaded intentionally. @ https://globalkohler.my.site.com/ESWStudioKohlerMIAWCha1785991579828/assets/htdocs/sitecontext.min.html?parent_domain=https%3A%2F%2Fwww.studiokohler.com:0
[  212610ms] [WARNING] The resource https://globalkohler.my.site.com/ESWStudioKohlerMIAWCha1785991579828/webruntime/component/259a789b5905e4a3e65c0942cc97421d/prod/en-US/force/luvioLwcBindings_cmp was preloaded using link preload but not used within a few seconds from the window's load event. Please make sure it has an appropriate `as` value and it is preloaded intentionally. @ https://globalkohler.my.site.com/ESWStudioKohlerMIAWCha1785991579828/assets/htdocs/sitecontext.min.html?parent_domain=https%3A%2F%2Fwww.studiokohler.com:0
[  212610ms] [WARNING] The resource https://globalkohler.my.site.com/ESWStudioKohlerMIAWCha1785991579828/webruntime/framework/c6f5ab53a7/prod/lwr_lwc was preloaded using link preload but not used within a few seconds from the window's load event. Please make sure it has an appropriate `as` value and it is preloaded intentionally. @ https://globalkohler.my.site.com/ESWStudioKohlerMIAWCha1785991579828/assets/htdocs/sitecontext.min.html?parent_domain=https%3A%2F%2Fwww.studiokohler.com:0
[  213589ms] [WARNING] The resource https://www.studiokohler.com/_next/static/chunks/0hqnmwnsg1zbt.css was preloaded using link preload but not used within a few seconds from the window's load event. Please make sure it has an appropriate `as` value and it is preloaded intentionally. @ https://www.studiokohler.com/products/bathroom/bathroom-sinks/14218-hd1?sku=K-14218-HD1-0:0
[  215796ms] [LOG] Event Name faqaccordionclick @ https://assets.adobedtm.com/846ae6cc52a8/04305b11409a/launch-ENc97853c5e46d4f92bdf0b75e595632cf.min.js:9
[  217294ms] [LOG] Event Name faqaccordionclick @ https://assets.adobedtm.com/846ae6cc52a8/04305b11409a/launch-ENc97853c5e46d4f92bdf0b75e595632cf.min.js:9
[  218301ms] [LOG] Event Name faqaccordionclick @ https://assets.adobedtm.com/846ae6cc52a8/04305b11409a/launch-ENc97853c5e46d4f92bdf0b75e595632cf.min.js:9
[  219139ms] [LOG] Triggered at 25% scroll height @ :1
[  220154ms] [LOG] Event Name faqaccordionclick @ https://assets.adobedtm.com/846ae6cc52a8/04305b11409a/launch-ENc97853c5e46d4f92bdf0b75e595632cf.min.js:9
[  223466ms] [WARNING] The resource https://www.studiokohler.com/_next/static/chunks/0hqnmwnsg1zbt.css was preloaded using link preload but not used within a few seconds from the window's load event. Please make sure it has an appropriate `as` value and it is preloaded intentionally. @ https://www.studiokohler.com/products/bathroom/bathroom-sinks/14218-hd1?sku=K-14218-HD1-0:0
[  236957ms] [LOG] Event Name pdp link click @ https://assets.adobedtm.com/846ae6cc52a8/04305b11409a/launch-ENc97853c5e46d4f92bdf0b75e595632cf.min.js:9
[  237952ms] Error: Minified React error #418; visit https://react.dev/errors/418?args[]=HTML&args[]= for the full message or use the non-minified dev environment for full errors and additional helpful warnings.
    at rX (https://www.studiokohler.com/_next/static/chunks/0~7nm1~zg71g0.js:1:46254)
    at iu (https://www.studiokohler.com/_next/static/chunks/0~7nm1~zg71g0.js:1:97295)
    at sd (https://www.studiokohler.com/_next/static/chunks/0~7nm1~zg71g0.js:1:137985)
    at https://www.studiokohler.com/_next/static/chunks/0~7nm1~zg71g0.js:1:137830
    at sf (https://www.studiokohler.com/_next/static/chunks/0~7nm1~zg71g0.js:1:137838)
    at se (https://www.studiokohler.com/_next/static/chunks/0~7nm1~zg71g0.js:1:132978)
    at sW (https://www.studiokohler.com/_next/static/chunks/0~7nm1~zg71g0.js:1:159657)
    at sU (https://www.studiokohler.com/_next/static/chunks/0~7nm1~zg71g0.js:1:157871)
    at sH (https://www.studiokohler.com/_next/static/chunks/0~7nm1~zg71g0.js:1:158215)
    at https://www.studiokohler.com/_next/static/chunks/0~7nm1~zg71g0.js:1:157500
[  237970ms] SyntaxError: Failed to execute 'querySelector' on 'Document': 'link[rel="preload"][as="script"][href="\a https://resources.digital-cloud-west.medallia.com/wdcwest/740343/onsite/embed.js\a "]' is not a valid selector.
    at Object.L (https://www.studiokohler.com/_next/static/chunks/0~7nm1~zg71g0.js:1:190038)
    at r.preload (https://www.studiokohler.com/_next/static/chunks/0_5ax_b188xq6.js:1:12765)
    at v (https://www.studiokohler.com/_next/static/chunks/0f1l2no-9vj_c.js:1:6977)
    at ay (https://www.studiokohler.com/_next/static/chunks/0~7nm1~zg71g0.js:1:62886)
    at oJ (https://www.studiokohler.com/_next/static/chunks/0~7nm1~zg71g0.js:1:83143)
    at iu (https://www.studiokohler.com/_next/static/chunks/0~7nm1~zg71g0.js:1:93735)
    at sd (https://www.studiokohler.com/_next/static/chunks/0~7nm1~zg71g0.js:1:137985)
    at https://www.studiokohler.com/_next/static/chunks/0~7nm1~zg71g0.js:1:137830
    at sf (https://www.studiokohler.com/_next/static/chunks/0~7nm1~zg71g0.js:1:137838)
    at se (https://www.studiokohler.com/_next/static/chunks/0~7nm1~zg71g0.js:1:132978)
[  237971ms] SyntaxError: Failed to execute 'querySelector' on 'Document': 'link[rel="preload"][as="script"][href="\a https://resources.digital-cloud-west.medallia.com/wdcwest/740343/onsite/embed.js\a "]' is not a valid selector.
    at Object.L (https://www.studiokohler.com/_next/static/chunks/0~7nm1~zg71g0.js:1:190038)
    at r.preload (https://www.studiokohler.com/_next/static/chunks/0_5ax_b188xq6.js:1:12765)
    at v (https://www.studiokohler.com/_next/static/chunks/0f1l2no-9vj_c.js:1:6977)
    at ay (https://www.studiokohler.com/_next/static/chunks/0~7nm1~zg71g0.js:1:62886)
    at oJ (https://www.studiokohler.com/_next/static/chunks/0~7nm1~zg71g0.js:1:83143)
    at iu (https://www.studiokohler.com/_next/static/chunks/0~7nm1~zg71g0.js:1:93735)
    at sd (https://www.studiokohler.com/_next/static/chunks/0~7nm1~zg71g0.js:1:137985)
    at https://www.studiokohler.com/_next/static/chunks/0~7nm1~zg71g0.js:1:137830
    at sf (https://www.studiokohler.com/_next/static/chunks/0~7nm1~zg71g0.js:1:137838)
    at se (https://www.studiokohler.com/_next/static/chunks/0~7nm1~zg71g0.js:1:132978)
[  238444ms] [WARNING] 🚀 container.buildInfo.environment is deprecated.Please use `container.environment.stage` instead @ https://assets.adobedtm.com/846ae6cc52a8/04305b11409a/launch-ENc97853c5e46d4f92bdf0b75e595632cf.min.js:14
[  238502ms] [ERROR] Failed to load resource: net::ERR_CONNECTION_CLOSED @ https://c.go-mpulse.net/api/config.json?key=ZY8P5-QZX4H-M57PP-6ZCRK-2ALMV&d=www.studiokohler.com&t=5966332&v=1.792.0&sl=0&si=c44766b7-e79b-4b99-ba37-fbfb8cdb66c5-tlnrat&plugins=AK,ConfigOverride,Continuity,PageParams,IFrameDelay,AutoXHR,SPA,History,Angular,Backbone,Ember,RT,CrossDomain,BW,PaintTiming,NavigationTiming,ResourceTiming,Memory,CACHE_RELOAD,Errors,TPAnalytics,UserTiming,Akamai,Early,EventTiming,BFCache,LOGN&acao=&ak.ai=1383569:0
[  238532ms] [WARNING] [Meta Pixel] - Duplicate Pixel ID: 117823355284455. @ https://connect.facebook.net/en_US/fbevents.js:203
[  238640ms] [ERROR] Failed to load resource: net::ERR_CONNECTION_CLOSED @ https://googleads.g.doubleclick.net/pagead/viewthroughconversion/624532678/?random=1789899510784&cv=11&fst=1789899510784&bg=ffffff&guid=ON&async=1&en=gtag.config&gtm=45be69g1za200zb893599224zd893599224xecxf1&gcd=13l3l3l3l1l1&dma=0&tag_exp=115616985~115938465~115938469~118897920~118897930~120385423~120469145~120469153~120847435&u_w=1512&u_h=982&url=https%3A%2F%2Fwww.studiokohler.com%2Fproducts%2Fbathroom%2Fbathroom-sinks%3Ffq%3DProductArtistEditions%253A%2522Yes%2522&ref=https%3A%2F%2Fwww.studiokohler.com%2Fproducts%2Fbathroom%2Fbathroom-sinks%2F14218-hd1%3Fsku%3DK-14218-HD1-0&rcb=2&frm=0&tiba=Browse%20Bathroom%20Sinks%20%7C%20Studio%20KOHLER%C2%AE&did=dYWJhMj&gdid=dYWJhMj&hn=www.googleadservices.com&npa=0&pscdl=noapi&auid=597514892.1789894174&uaa=arm&uab=64&uafvl=Google%2520Chrome%3B153.0.8010.50%7CNot_A%2520Brand%3B8.0.0.0%7CChromium%3B153.0.8010.50&uamb=0&uam=&uap=macOS&uapv=27.0.0&uaw=0&data=event%3Dgtag.config&ept=9&rfmt=3&fmt=4:0
[  238640ms] [ERROR] Failed to load resource: net::ERR_CONNECTION_CLOSED @ https://googleads.g.doubleclick.net/pagead/viewthroughconversion/16760283167/?random=1789899510794&cv=11&fst=1789899510794&bg=ffffff&guid=ON&async=1&en=gtag.config&gtm=45be69g1v9212901465za200zb893599224zd893599224xecxf1&gcd=13l3l3l3l1l1&dma=0&tag_exp=115616985~115938465~115938468~118897920~118897930~120213116~120385422~120469145~120469153~120847435&u_w=1512&u_h=982&url=https%3A%2F%2Fwww.studiokohler.com%2Fproducts%2Fbathroom%2Fbathroom-sinks%3Ffq%3DProductArtistEditions%253A%2522Yes%2522&ref=https%3A%2F%2Fwww.studiokohler.com%2Fproducts%2Fbathroom%2Fbathroom-sinks%2F14218-hd1%3Fsku%3DK-14218-HD1-0&rcb=7&frm=0&tiba=Browse%20Bathroom%20Sinks%20%7C%20Studio%20KOHLER%C2%AE&did=dYWJhMj&gdid=dYWJhMj&hn=www.googleadservices.com&npa=0&pscdl=noapi&auid=597514892.1789894174&uaa=arm&uab=64&uafvl=Google%2520Chrome%3B153.0.8010.50%7CNot_A%2520Brand%3B8.0.0.0%7CChromium%3B153.0.8010.50&uamb=0&uam=&uap=macOS&uapv=27.0.0&uaw=0&data=event%3Dgtag.config&ept=9&rfmt=3&fmt=4:0
[  238640ms] [ERROR] Failed to load resource: net::ERR_CONNECTION_CLOSED @ https://googleads.g.doubleclick.net/pagead/viewthroughconversion/18062221044/?random=1789899510815&cv=11&fst=1789899510815&bg=ffffff&guid=ON&async=1&en=gtag.config&gtm=45be69g1v9252225332za200zb893599224zd893599224xecxf1&gcd=13l3l3l3l1l1&dma=0&tag_exp=115938465~115938468~118897920~118897930~120213116~120385422~120469145~120469153~120847435&u_w=1512&u_h=982&url=https%3A%2F%2Fwww.studiokohler.com%2Fproducts%2Fbathroom%2Fbathroom-sinks%3Ffq%3DProductArtistEditions%253A%2522Yes%2522&ref=https%3A%2F%2Fwww.studiokohler.com%2Fproducts%2Fbathroom%2Fbathroom-sinks%2F14218-hd1%3Fsku%3DK-14218-HD1-0&rcb=6&frm=0&tiba=Browse%20Bathroom%20Sinks%20%7C%20Studio%20KOHLER%C2%AE&did=dYWJhMj&gdid=dYWJhMj&hn=www.googleadservices.com&npa=0&pscdl=noapi&auid=597514892.1789894174&uaa=arm&uab=64&uafvl=Google%2520Chrome%3B153.0.8010.50%7CNot_A%2520Brand%3B8.0.0.0%7CChromium%3B153.0.8010.50&uamb=0&uam=&uap=macOS&uapv=27.0.0&uaw=0&data=event%3Dgtag.config&ept=9&rfmt=3&fmt=4:0
[  239446ms] [LOG] Testing============== @ https://assets.adobedtm.com/846ae6cc52a8/04305b11409a/launch-ENc97853c5e46d4f92bdf0b75e595632cf.min.js:8
[  239446ms] [LOG] 0 @ https://assets.adobedtm.com/846ae6cc52a8/04305b11409a/launch-ENc97853c5e46d4f92bdf0b75e595632cf.min.js:8
[  240888ms] [WARNING] The resource https://www.studiokohler.com/_next/static/chunks/0hqnmwnsg1zbt.css was preloaded using link preload but not used within a few seconds from the window's load event. Please make sure it has an appropriate `as` value and it is preloaded intentionally. @ https://www.studiokohler.com/products/bathroom/bathroom-sinks?fq=ProductArtistEditions%3A%22Yes%22:0
[  243705ms] [WARNING] 🚀 _satellite.setCookie is deprecated. Please use _satellite.cookie.set("ecid", "17600893917683730944237762692949821572"). @ https://assets.adobedtm.com/846ae6cc52a8/04305b11409a/launch-ENc97853c5e46d4f92bdf0b75e595632cf.min.js:14
[  243709ms] [LOG] Triggered at 25% scroll height @ :1
[  243709ms] [LOG] Triggered at 100% scroll height @ :1
[  243914ms] [ERROR] Refused to execute script from 'https://www.studiokohler.com/content/dam/kohler-kds/navigation/aaf54114_rgb.jpeg?req=props,json&scl=1&id=1599383937&handler=s7RIJSONResponse' because its MIME type ('image/jpeg') is not executable, and strict MIME type checking is enabled. @ https://www.studiokohler.com/js/s7responsiveimage.js:98
[  243914ms] [ERROR] Refused to execute script from 'https://www.studiokohler.com/content/dam/kohler-kds/navigation/aaf54114_rgb.jpeg?req=set,json&id=-1893533819&handler=s7RIJSONResponse' because its MIME type ('image/jpeg') is not executable, and strict MIME type checking is enabled. @ https://www.studiokohler.com/js/s7responsiveimage.js:98
[  243915ms] [ERROR] Refused to execute script from 'https://www.studiokohler.com/content/dam/kohler-kds/navigation/aaf54116_rgb.jpeg?req=props,json&scl=1&id=-1993983485&handler=s7RIJSONResponse' because its MIME type ('image/jpeg') is not executable, and strict MIME type checking is enabled. @ https://www.studiokohler.com/js/s7responsiveimage.js:98
[  243915ms] [ERROR] Refused to execute script from 'https://www.studiokohler.com/content/dam/kohler-kds/navigation/aaf54116_rgb.jpeg?req=set,json&id=595995143&handler=s7RIJSONResponse' because its MIME type ('image/jpeg') is not executable, and strict MIME type checking is enabled. @ https://www.studiokohler.com/js/s7responsiveimage.js:98
[  243915ms] [ERROR] Refused to execute script from 'https://www.studiokohler.com/content/dam/kohler-kds/navigation/d2c0043993_rgb.jpg?req=props,json&scl=1&id=-1685132386&handler=s7RIJSONResponse' because its MIME type ('image/jpeg') is not executable, and strict MIME type checking is enabled. @ https://www.studiokohler.com/js/s7responsiveimage.js:98
[  243915ms] [ERROR] Refused to execute script from 'https://www.studiokohler.com/content/dam/kohler-kds/navigation/d2c0043993_rgb.jpg?req=set,json&id=1337697954&handler=s7RIJSONResponse' because its MIME type ('image/jpeg') is not executable, and strict MIME type checking is enabled. @ https://www.studiokohler.com/js/s7responsiveimage.js:98
[  243916ms] [ERROR] Refused to execute script from 'https://www.studiokohler.com/content/dam/kohler-kds/navigation/aaj10834.jpeg?req=props,json&scl=1&id=150453172&handler=s7RIJSONResponse' because its MIME type ('image/jpeg') is not executable, and strict MIME type checking is enabled. @ https://www.studiokohler.com/js/s7responsiveimage.js:98
[  243916ms] [ERROR] Refused to execute script from 'https://www.studiokohler.com/content/dam/kohler-kds/navigation/aaj10834.jpeg?req=set,json&id=-974590792&handler=s7RIJSONResponse' because its MIME type ('image/jpeg') is not executable, and strict MIME type checking is enabled. @ https://www.studiokohler.com/js/s7responsiveimage.js:98
[  243916ms] [ERROR] Refused to execute script from 'https://www.studiokohler.com/content/dam/kohler-kds/larg-image-and-text-block/aaj98359_rgb.jpg?req=props,json&scl=1&id=-892984135&handler=s7RIJSONResponse' because its MIME type ('image/jpeg') is not executable, and strict MIME type checking is enabled. @ https://www.studiokohler.com/js/s7responsiveimage.js:98
[  243916ms] [ERROR] Refused to execute script from 'https://www.studiokohler.com/content/dam/kohler-kds/larg-image-and-text-block/aaj98359_rgb.jpg?req=set,json&id=92220093&handler=s7RIJSONResponse' because its MIME type ('image/jpeg') is not executable, and strict MIME type checking is enabled. @ https://www.studiokohler.com/js/s7responsiveimage.js:98
[  243916ms] [ERROR] Refused to execute script from 'https://www.studiokohler.com/content/dam/kohler-kds/navigation/aai11078.jpeg?req=props,json&scl=1&id=-545430548&handler=s7RIJSONResponse' because its MIME type ('image/jpeg') is not executable, and strict MIME type checking is enabled. @ https://www.studiokohler.com/js/s7responsiveimage.js:98
[  243916ms] [ERROR] Refused to execute script from 'https://www.studiokohler.com/content/dam/kohler-kds/navigation/aai11078.jpeg?req=set,json&id=-1059697424&handler=s7RIJSONResponse' because its MIME type ('image/jpeg') is not executable, and strict MIME type checking is enabled. @ https://www.studiokohler.com/js/s7responsiveimage.js:98
[  247579ms] [WARNING] The resource https://www.studiokohler.com/_next/static/chunks/0hqnmwnsg1zbt.css was preloaded using link preload but not used within a few seconds from the window's load event. Please make sure it has an appropriate `as` value and it is preloaded intentionally. @ https://www.studiokohler.com/products/bathroom/bathroom-sinks?fq=ProductArtistEditions%3A%22Yes%22:0
[  247579ms] [WARNING] The resource https://globalkohler.my.site.com/ESWStudioKohlerMIAWCha1785991579828/webruntime/component/5b8557d8725fba2dbf2e6a4968ec430c/prod/en-US/force/luvioRuntimeWebruntime_cmp was preloaded using link preload but not used within a few seconds from the window's load event. Please make sure it has an appropriate `as` value and it is preloaded intentionally. @ https://globalkohler.my.site.com/ESWStudioKohlerMIAWCha1785991579828/assets/htdocs/sitecontext.min.html?parent_domain=https%3A%2F%2Fwww.studiokohler.com:0
[  247579ms] [WARNING] The resource https://globalkohler.my.site.com/ESWStudioKohlerMIAWCha1785991579828/webruntime/framework/cb2c1a2c50/prod/lwr_app_bootstrap_hook was preloaded using link preload but not used within a few seconds from the window's load event. Please make sure it has an appropriate `as` value and it is preloaded intentionally. @ https://globalkohler.my.site.com/ESWStudioKohlerMIAWCha1785991579828/assets/htdocs/sitecontext.min.html?parent_domain=https%3A%2F%2Fwww.studiokohler.com:0
[  247579ms] [WARNING] The resource https://globalkohler.my.site.com/ESWStudioKohlerMIAWCha1785991579828/webruntime/framework/b73515aaa5/prod/lwr_bootstrap was preloaded using link preload but not used within a few seconds from the window's load event. Please make sure it has an appropriate `as` value and it is preloaded intentionally. @ https://globalkohler.my.site.com/ESWStudioKohlerMIAWCha1785991579828/assets/htdocs/sitecontext.min.html?parent_domain=https%3A%2F%2Fwww.studiokohler.com:0
[  247579ms] [WARNING] The resource https://globalkohler.my.site.com/ESWStudioKohlerMIAWCha1785991579828/assets/styles/salesforce-lightning-design-system.min.css?e298b32610 was preloaded using link preload but not used within a few seconds from the window's load event. Please make sure it has an appropriate `as` value and it is preloaded intentionally. @ https://globalkohler.my.site.com/ESWStudioKohlerMIAWCha1785991579828/assets/htdocs/sitecontext.min.html?parent_domain=https%3A%2F%2Fwww.studiokohler.com:0
[  247579ms] [WARNING] The resource https://globalkohler.my.site.com/ESWStudioKohlerMIAWCha1785991579828/webruntime/view/a13680776f58817c268b3c4382572239/prod/en-US/frame_view was preloaded using link preload but not used within a few seconds from the window's load event. Please make sure it has an appropriate `as` value and it is preloaded intentionally. @ https://globalkohler.my.site.com/ESWStudioKohlerMIAWCha1785991579828/assets/htdocs/sitecontext.min.html?parent_domain=https%3A%2F%2Fwww.studiokohler.com:0
[  247579ms] [WARNING] The resource https://globalkohler.my.site.com/ESWStudioKohlerMIAWCha1785991579828/webruntime/framework/6186554a8e/prod/lwr_app was preloaded using link preload but not used within a few seconds from the window's load event. Please make sure it has an appropriate `as` value and it is preloaded intentionally. @ https://globalkohler.my.site.com/ESWStudioKohlerMIAWCha1785991579828/assets/htdocs/sitecontext.min.html?parent_domain=https%3A%2F%2Fwww.studiokohler.com:0
[  247579ms] [WARNING] The resource https://globalkohler.my.site.com/ESWStudioKohlerMIAWCha1785991579828/assets/styles/embedded-messaging-styling.min.css?e298b32610 was preloaded using link preload but not used within a few seconds from the window's load event. Please make sure it has an appropriate `as` value and it is preloaded intentionally. @ https://globalkohler.my.site.com/ESWStudioKohlerMIAWCha1785991579828/assets/htdocs/sitecontext.min.html?parent_domain=https%3A%2F%2Fwww.studiokohler.com:0
[  247579ms] [WARNING] The resource https://globalkohler.my.site.com/ESWStudioKohlerMIAWCha1785991579828/webruntime/view/3a680bd1b3e3045a99687a2950898fdf/prod/en-US/home_view was preloaded using link preload but not used within a few seconds from the window's load event. Please make sure it has an appropriate `as` value and it is preloaded intentionally. @ https://globalkohler.my.site.com/ESWStudioKohlerMIAWCha1785991579828/assets/htdocs/sitecontext.min.html?parent_domain=https%3A%2F%2Fwww.studiokohler.com:0
[  247579ms] [WARNING] The resource https://globalkohler.my.site.com/ESWStudioKohlerMIAWCha1785991579828/webruntime/framework/6ce0b87300/prod/lwr_loader was preloaded using link preload but not used within a few seconds from the window's load event. Please make sure it has an appropriate `as` value and it is preloaded intentionally. @ https://globalkohler.my.site.com/ESWStudioKohlerMIAWCha1785991579828/assets/htdocs/sitecontext.min.html?parent_domain=https%3A%2F%2Fwww.studiokohler.com:0
[  247579ms] [WARNING] The resource https://globalkohler.my.site.com/ESWStudioKohlerMIAWCha1785991579828/webruntime/component/259a789b5905e4a3e65c0942cc97421d/prod/en-US/force/luvioLwcBindings_cmp was preloaded using link preload but not used within a few seconds from the window's load event. Please make sure it has an appropriate `as` value and it is preloaded intentionally. @ https://globalkohler.my.site.com/ESWStudioKohlerMIAWCha1785991579828/assets/htdocs/sitecontext.min.html?parent_domain=https%3A%2F%2Fwww.studiokohler.com:0
[  247579ms] [WARNING] The resource https://globalkohler.my.site.com/ESWStudioKohlerMIAWCha1785991579828/webruntime/framework/c6f5ab53a7/prod/lwr_lwc was preloaded using link preload but not used within a few seconds from the window's load event. Please make sure it has an appropriate `as` value and it is preloaded intentionally. @ https://globalkohler.my.site.com/ESWStudioKohlerMIAWCha1785991579828/assets/htdocs/sitecontext.min.html?parent_domain=https%3A%2F%2Fwww.studiokohler.com:0
[  258104ms] [WARNING] The resource https://www.studiokohler.com/_next/static/chunks/0hqnmwnsg1zbt.css was preloaded using link preload but not used within a few seconds from the window's load event. Please make sure it has an appropriate `as` value and it is preloaded intentionally. @ https://www.studiokohler.com/products/bathroom/bathroom-sinks?fq=ProductArtistEditions%3A%22Yes%22:0
[  268437ms] Error: Minified React error #418; visit https://react.dev/errors/418?args[]=HTML&args[]= for the full message or use the non-minified dev environment for full errors and additional helpful warnings.
    at rX (https://www.studiokohler.com/_next/static/chunks/0~7nm1~zg71g0.js:1:46254)
    at iu (https://www.studiokohler.com/_next/static/chunks/0~7nm1~zg71g0.js:1:97295)
    at sd (https://www.studiokohler.com/_next/static/chunks/0~7nm1~zg71g0.js:1:137985)
    at https://www.studiokohler.com/_next/static/chunks/0~7nm1~zg71g0.js:1:137830
    at sf (https://www.studiokohler.com/_next/static/chunks/0~7nm1~zg71g0.js:1:137838)
    at se (https://www.studiokohler.com/_next/static/chunks/0~7nm1~zg71g0.js:1:132978)
    at sW (https://www.studiokohler.com/_next/static/chunks/0~7nm1~zg71g0.js:1:159657)
    at sU (https://www.studiokohler.com/_next/static/chunks/0~7nm1~zg71g0.js:1:157871)
    at sH (https://www.studiokohler.com/_next/static/chunks/0~7nm1~zg71g0.js:1:158215)
    at https://www.studiokohler.com/_next/static/chunks/0~7nm1~zg71g0.js:1:157500
[  268448ms] Error: Minified React error #418; visit https://react.dev/errors/418?args[]=HTML&args[]= for the full message or use the non-minified dev environment for full errors and additional helpful warnings.
    at rX (https://www.studiokohler.com/_next/static/chunks/0~7nm1~zg71g0.js:1:46254)
    at iu (https://www.studiokohler.com/_next/static/chunks/0~7nm1~zg71g0.js:1:97295)
    at sd (https://www.studiokohler.com/_next/static/chunks/0~7nm1~zg71g0.js:1:137985)
    at https://www.studiokohler.com/_next/static/chunks/0~7nm1~zg71g0.js:1:137830
    at sf (https://www.studiokohler.com/_next/static/chunks/0~7nm1~zg71g0.js:1:137838)
    at se (https://www.studiokohler.com/_next/static/chunks/0~7nm1~zg71g0.js:1:132978)
    at sW (https://www.studiokohler.com/_next/static/chunks/0~7nm1~zg71g0.js:1:159657)
    at sU (https://www.studiokohler.com/_next/static/chunks/0~7nm1~zg71g0.js:1:157871)
    at sH (https://www.studiokohler.com/_next/static/chunks/0~7nm1~zg71g0.js:1:158215)
    at https://www.studiokohler.com/_next/static/chunks/0~7nm1~zg71g0.js:1:157500
[  268465ms] SyntaxError: Failed to execute 'querySelector' on 'Document': 'link[rel="preload"][as="script"][href="\a https://resources.digital-cloud-west.medallia.com/wdcwest/740343/onsite/embed.js\a "]' is not a valid selector.
    at Object.L (https://www.studiokohler.com/_next/static/chunks/0~7nm1~zg71g0.js:1:190038)
    at r.preload (https://www.studiokohler.com/_next/static/chunks/0_5ax_b188xq6.js:1:12765)
    at v (https://www.studiokohler.com/_next/static/chunks/0f1l2no-9vj_c.js:1:6977)
    at ay (https://www.studiokohler.com/_next/static/chunks/0~7nm1~zg71g0.js:1:62886)
    at oJ (https://www.studiokohler.com/_next/static/chunks/0~7nm1~zg71g0.js:1:83143)
    at iu (https://www.studiokohler.com/_next/static/chunks/0~7nm1~zg71g0.js:1:93735)
    at sd (https://www.studiokohler.com/_next/static/chunks/0~7nm1~zg71g0.js:1:137985)
    at https://www.studiokohler.com/_next/static/chunks/0~7nm1~zg71g0.js:1:137830
    at sf (https://www.studiokohler.com/_next/static/chunks/0~7nm1~zg71g0.js:1:137838)
    at se (https://www.studiokohler.com/_next/static/chunks/0~7nm1~zg71g0.js:1:132978)
[  268465ms] SyntaxError: Failed to execute 'querySelector' on 'Document': 'link[rel="preload"][as="script"][href="\a https://resources.digital-cloud-west.medallia.com/wdcwest/740343/onsite/embed.js\a "]' is not a valid selector.
    at Object.L (https://www.studiokohler.com/_next/static/chunks/0~7nm1~zg71g0.js:1:190038)
    at r.preload (https://www.studiokohler.com/_next/static/chunks/0_5ax_b188xq6.js:1:12765)
    at v (https://www.studiokohler.com/_next/static/chunks/0f1l2no-9vj_c.js:1:6977)
    at ay (https://www.studiokohler.com/_next/static/chunks/0~7nm1~zg71g0.js:1:62886)
    at oJ (https://www.studiokohler.com/_next/static/chunks/0~7nm1~zg71g0.js:1:83143)
    at iu (https://www.studiokohler.com/_next/static/chunks/0~7nm1~zg71g0.js:1:93735)
    at sd (https://www.studiokohler.com/_next/static/chunks/0~7nm1~zg71g0.js:1:137985)
    at https://www.studiokohler.com/_next/static/chunks/0~7nm1~zg71g0.js:1:137830
    at sf (https://www.studiokohler.com/_next/static/chunks/0~7nm1~zg71g0.js:1:137838)
    at se (https://www.studiokohler.com/_next/static/chunks/0~7nm1~zg71g0.js:1:132978)
[  268836ms] [WARNING] 🚀 container.buildInfo.environment is deprecated.Please use `container.environment.stage` instead @ https://assets.adobedtm.com/846ae6cc52a8/04305b11409a/launch-ENc97853c5e46d4f92bdf0b75e595632cf.min.js:14
[  269073ms] [WARNING] 🚀 _satellite.setCookie is deprecated. Please use _satellite.cookie.set("ecid", "17600893917683730944237762692949821572"). @ https://assets.adobedtm.com/846ae6cc52a8/04305b11409a/launch-ENc97853c5e46d4f92bdf0b75e595632cf.min.js:14
[  269390ms] [LOG] Triggered at 100% scroll height @ :1
[  269838ms] [LOG] Testing============== @ https://assets.adobedtm.com/846ae6cc52a8/04305b11409a/launch-ENc97853c5e46d4f92bdf0b75e595632cf.min.js:8
[  269838ms] [LOG] 0 @ https://assets.adobedtm.com/846ae6cc52a8/04305b11409a/launch-ENc97853c5e46d4f92bdf0b75e595632cf.min.js:8
[  270500ms] [ERROR] Refused to execute script from 'https://www.studiokohler.com/content/dam/kohler-kds/navigation/aaf54114_rgb.jpeg?req=props,json&scl=1&id=1599383937&handler=s7RIJSONResponse' because its MIME type ('image/jpeg') is not executable, and strict MIME type checking is enabled. @ https://www.studiokohler.com/js/s7responsiveimage.js:98
[  270500ms] [ERROR] Refused to execute script from 'https://www.studiokohler.com/content/dam/kohler-kds/navigation/aaf54114_rgb.jpeg?req=set,json&id=-1893533819&handler=s7RIJSONResponse' because its MIME type ('image/jpeg') is not executable, and strict MIME type checking is enabled. @ https://www.studiokohler.com/js/s7responsiveimage.js:98
[  270500ms] [ERROR] Refused to execute script from 'https://www.studiokohler.com/content/dam/kohler-kds/navigation/aaf54116_rgb.jpeg?req=props,json&scl=1&id=-1993983485&handler=s7RIJSONResponse' because its MIME type ('image/jpeg') is not executable, and strict MIME type checking is enabled. @ https://www.studiokohler.com/js/s7responsiveimage.js:98
[  270500ms] [ERROR] Refused to execute script from 'https://www.studiokohler.com/content/dam/kohler-kds/navigation/aaf54116_rgb.jpeg?req=set,json&id=595995143&handler=s7RIJSONResponse' because its MIME type ('image/jpeg') is not executable, and strict MIME type checking is enabled. @ https://www.studiokohler.com/js/s7responsiveimage.js:98
[  270500ms] [ERROR] Refused to execute script from 'https://www.studiokohler.com/content/dam/kohler-kds/navigation/d2c0043993_rgb.jpg?req=props,json&scl=1&id=-1685132386&handler=s7RIJSONResponse' because its MIME type ('image/jpeg') is not executable, and strict MIME type checking is enabled. @ https://www.studiokohler.com/js/s7responsiveimage.js:98
[  270501ms] [ERROR] Refused to execute script from 'https://www.studiokohler.com/content/dam/kohler-kds/navigation/d2c0043993_rgb.jpg?req=set,json&id=1337697954&handler=s7RIJSONResponse' because its MIME type ('image/jpeg') is not executable, and strict MIME type checking is enabled. @ https://www.studiokohler.com/js/s7responsiveimage.js:98
[  270501ms] [ERROR] Refused to execute script from 'https://www.studiokohler.com/content/dam/kohler-kds/navigation/aaj10834.jpeg?req=props,json&scl=1&id=150453172&handler=s7RIJSONResponse' because its MIME type ('image/jpeg') is not executable, and strict MIME type checking is enabled. @ https://www.studiokohler.com/js/s7responsiveimage.js:98
[  270501ms] [ERROR] Refused to execute script from 'https://www.studiokohler.com/content/dam/kohler-kds/navigation/aaj10834.jpeg?req=set,json&id=-974590792&handler=s7RIJSONResponse' because its MIME type ('image/jpeg') is not executable, and strict MIME type checking is enabled. @ https://www.studiokohler.com/js/s7responsiveimage.js:98
[  270501ms] [ERROR] Refused to execute script from 'https://www.studiokohler.com/content/dam/kohler-kds/larg-image-and-text-block/aaj98359_rgb.jpg?req=props,json&scl=1&id=-892984135&handler=s7RIJSONResponse' because its MIME type ('image/jpeg') is not executable, and strict MIME type checking is enabled. @ https://www.studiokohler.com/js/s7responsiveimage.js:98
[  270501ms] [ERROR] Refused to execute script from 'https://www.studiokohler.com/content/dam/kohler-kds/larg-image-and-text-block/aaj98359_rgb.jpg?req=set,json&id=92220093&handler=s7RIJSONResponse' because its MIME type ('image/jpeg') is not executable, and strict MIME type checking is enabled. @ https://www.studiokohler.com/js/s7responsiveimage.js:98
[  270501ms] [ERROR] Refused to execute script from 'https://www.studiokohler.com/content/dam/kohler-kds/navigation/aai11078.jpeg?req=props,json&scl=1&id=-545430548&handler=s7RIJSONResponse' because its MIME type ('image/jpeg') is not executable, and strict MIME type checking is enabled. @ https://www.studiokohler.com/js/s7responsiveimage.js:98
[  270502ms] [ERROR] Refused to execute script from 'https://www.studiokohler.com/content/dam/kohler-kds/navigation/aai11078.jpeg?req=set,json&id=-1059697424&handler=s7RIJSONResponse' because its MIME type ('image/jpeg') is not executable, and strict MIME type checking is enabled. @ https://www.studiokohler.com/js/s7responsiveimage.js:98
[  270547ms] [WARNING] [Meta Pixel] - Duplicate Pixel ID: 117823355284455. @ https://connect.facebook.net/en_US/fbevents.js:203
[  274005ms] [WARNING] The resource https://globalkohler.my.site.com/ESWStudioKohlerMIAWCha1785991579828/webruntime/component/5b8557d8725fba2dbf2e6a4968ec430c/prod/en-US/force/luvioRuntimeWebruntime_cmp was preloaded using link preload but not used within a few seconds from the window's load event. Please make sure it has an appropriate `as` value and it is preloaded intentionally. @ https://globalkohler.my.site.com/ESWStudioKohlerMIAWCha1785991579828/assets/htdocs/sitecontext.min.html?parent_domain=https%3A%2F%2Fwww.studiokohler.com:0
[  274005ms] [WARNING] The resource https://globalkohler.my.site.com/ESWStudioKohlerMIAWCha1785991579828/webruntime/framework/cb2c1a2c50/prod/lwr_app_bootstrap_hook was preloaded using link preload but not used within a few seconds from the window's load event. Please make sure it has an appropriate `as` value and it is preloaded intentionally. @ https://globalkohler.my.site.com/ESWStudioKohlerMIAWCha1785991579828/assets/htdocs/sitecontext.min.html?parent_domain=https%3A%2F%2Fwww.studiokohler.com:0
[  274005ms] [WARNING] The resource https://globalkohler.my.site.com/ESWStudioKohlerMIAWCha1785991579828/webruntime/framework/b73515aaa5/prod/lwr_bootstrap was preloaded using link preload but not used within a few seconds from the window's load event. Please make sure it has an appropriate `as` value and it is preloaded intentionally. @ https://globalkohler.my.site.com/ESWStudioKohlerMIAWCha1785991579828/assets/htdocs/sitecontext.min.html?parent_domain=https%3A%2F%2Fwww.studiokohler.com:0
[  274005ms] [WARNING] The resource https://globalkohler.my.site.com/ESWStudioKohlerMIAWCha1785991579828/assets/styles/salesforce-lightning-design-system.min.css?e298b32610 was preloaded using link preload but not used within a few seconds from the window's load event. Please make sure it has an appropriate `as` value and it is preloaded intentionally. @ https://globalkohler.my.site.com/ESWStudioKohlerMIAWCha1785991579828/assets/htdocs/sitecontext.min.html?parent_domain=https%3A%2F%2Fwww.studiokohler.com:0
[  274006ms] [WARNING] The resource https://globalkohler.my.site.com/ESWStudioKohlerMIAWCha1785991579828/webruntime/view/a13680776f58817c268b3c4382572239/prod/en-US/frame_view was preloaded using link preload but not used within a few seconds from the window's load event. Please make sure it has an appropriate `as` value and it is preloaded intentionally. @ https://globalkohler.my.site.com/ESWStudioKohlerMIAWCha1785991579828/assets/htdocs/sitecontext.min.html?parent_domain=https%3A%2F%2Fwww.studiokohler.com:0
[  274006ms] [WARNING] The resource https://globalkohler.my.site.com/ESWStudioKohlerMIAWCha1785991579828/webruntime/framework/6186554a8e/prod/lwr_app was preloaded using link preload but not used within a few seconds from the window's load event. Please make sure it has an appropriate `as` value and it is preloaded intentionally. @ https://globalkohler.my.site.com/ESWStudioKohlerMIAWCha1785991579828/assets/htdocs/sitecontext.min.html?parent_domain=https%3A%2F%2Fwww.studiokohler.com:0
[  274006ms] [WARNING] The resource https://globalkohler.my.site.com/ESWStudioKohlerMIAWCha1785991579828/assets/styles/embedded-messaging-styling.min.css?e298b32610 was preloaded using link preload but not used within a few seconds from the window's load event. Please make sure it has an appropriate `as` value and it is preloaded intentionally. @ https://globalkohler.my.site.com/ESWStudioKohlerMIAWCha1785991579828/assets/htdocs/sitecontext.min.html?parent_domain=https%3A%2F%2Fwww.studiokohler.com:0
[  274006ms] [WARNING] The resource https://globalkohler.my.site.com/ESWStudioKohlerMIAWCha1785991579828/webruntime/view/3a680bd1b3e3045a99687a2950898fdf/prod/en-US/home_view was preloaded using link preload but not used within a few seconds from the window's load event. Please make sure it has an appropriate `as` value and it is preloaded intentionally. @ https://globalkohler.my.site.com/ESWStudioKohlerMIAWCha1785991579828/assets/htdocs/sitecontext.min.html?parent_domain=https%3A%2F%2Fwww.studiokohler.com:0
[  274006ms] [WARNING] The resource https://globalkohler.my.site.com/ESWStudioKohlerMIAWCha1785991579828/webruntime/framework/6ce0b87300/prod/lwr_loader was preloaded using link preload but not used within a few seconds from the window's load event. Please make sure it has an appropriate `as` value and it is preloaded intentionally. @ https://globalkohler.my.site.com/ESWStudioKohlerMIAWCha1785991579828/assets/htdocs/sitecontext.min.html?parent_domain=https%3A%2F%2Fwww.studiokohler.com:0
[  274006ms] [WARNING] The resource https://globalkohler.my.site.com/ESWStudioKohlerMIAWCha1785991579828/webruntime/component/259a789b5905e4a3e65c0942cc97421d/prod/en-US/force/luvioLwcBindings_cmp was preloaded using link preload but not used within a few seconds from the window's load event. Please make sure it has an appropriate `as` value and it is preloaded intentionally. @ https://globalkohler.my.site.com/ESWStudioKohlerMIAWCha1785991579828/assets/htdocs/sitecontext.min.html?parent_domain=https%3A%2F%2Fwww.studiokohler.com:0
[  274006ms] [WARNING] The resource https://globalkohler.my.site.com/ESWStudioKohlerMIAWCha1785991579828/webruntime/framework/c6f5ab53a7/prod/lwr_lwc was preloaded using link preload but not used within a few seconds from the window's load event. Please make sure it has an appropriate `as` value and it is preloaded intentionally. @ https://globalkohler.my.site.com/ESWStudioKohlerMIAWCha1785991579828/assets/htdocs/sitecontext.min.html?parent_domain=https%3A%2F%2Fwww.studiokohler.com:0
[  274838ms] [WARNING] The resource https://www.studiokohler.com/_next/static/chunks/0hqnmwnsg1zbt.css was preloaded using link preload but not used within a few seconds from the window's load event. Please make sure it has an appropriate `as` value and it is preloaded intentionally. @ https://www.studiokohler.com/products/bathroom/bathroom-sinks/20211?sku=K-20211-0:0
[  283460ms] [LOG] Event Name pdp link click @ https://assets.adobedtm.com/846ae6cc52a8/04305b11409a/launch-ENc97853c5e46d4f92bdf0b75e595632cf.min.js:9
[  284334ms] SyntaxError: Failed to execute 'querySelector' on 'Document': 'link[rel="preload"][as="script"][href="\a https://resources.digital-cloud-west.medallia.com/wdcwest/740343/onsite/embed.js\a "]' is not a valid selector.
    at Object.L (https://www.studiokohler.com/_next/static/chunks/0~7nm1~zg71g0.js:1:190038)
    at r.preload (https://www.studiokohler.com/_next/static/chunks/0_5ax_b188xq6.js:1:12765)
    at v (https://www.studiokohler.com/_next/static/chunks/0f1l2no-9vj_c.js:1:6977)
    at ay (https://www.studiokohler.com/_next/static/chunks/0~7nm1~zg71g0.js:1:62886)
    at oJ (https://www.studiokohler.com/_next/static/chunks/0~7nm1~zg71g0.js:1:83143)
    at iu (https://www.studiokohler.com/_next/static/chunks/0~7nm1~zg71g0.js:1:93735)
    at sd (https://www.studiokohler.com/_next/static/chunks/0~7nm1~zg71g0.js:1:137985)
    at https://www.studiokohler.com/_next/static/chunks/0~7nm1~zg71g0.js:1:137830
    at sf (https://www.studiokohler.com/_next/static/chunks/0~7nm1~zg71g0.js:1:137838)
    at se (https://www.studiokohler.com/_next/static/chunks/0~7nm1~zg71g0.js:1:132978)
[  284334ms] SyntaxError: Failed to execute 'querySelector' on 'Document': 'link[rel="preload"][as="script"][href="\a https://resources.digital-cloud-west.medallia.com/wdcwest/740343/onsite/embed.js\a "]' is not a valid selector.
    at Object.L (https://www.studiokohler.com/_next/static/chunks/0~7nm1~zg71g0.js:1:190038)
    at r.preload (https://www.studiokohler.com/_next/static/chunks/0_5ax_b188xq6.js:1:12765)
    at v (https://www.studiokohler.com/_next/static/chunks/0f1l2no-9vj_c.js:1:6977)
    at ay (https://www.studiokohler.com/_next/static/chunks/0~7nm1~zg71g0.js:1:62886)
    at oJ (https://www.studiokohler.com/_next/static/chunks/0~7nm1~zg71g0.js:1:83143)
    at iu (https://www.studiokohler.com/_next/static/chunks/0~7nm1~zg71g0.js:1:93735)
    at sd (https://www.studiokohler.com/_next/static/chunks/0~7nm1~zg71g0.js:1:137985)
    at https://www.studiokohler.com/_next/static/chunks/0~7nm1~zg71g0.js:1:137830
    at sf (https://www.studiokohler.com/_next/static/chunks/0~7nm1~zg71g0.js:1:137838)
    at se (https://www.studiokohler.com/_next/static/chunks/0~7nm1~zg71g0.js:1:132978)
[  284379ms] [WARNING] 🚀 container.buildInfo.environment is deprecated.Please use `container.environment.stage` instead @ https://assets.adobedtm.com/846ae6cc52a8/04305b11409a/launch-ENc97853c5e46d4f92bdf0b75e595632cf.min.js:14
[  284453ms] [WARNING] [Meta Pixel] - Duplicate Pixel ID: 117823355284455. @ https://connect.facebook.net/en_US/fbevents.js:203
[  284869ms] [WARNING] 🚀 _satellite.setCookie is deprecated. Please use _satellite.cookie.set("ecid", "17600893917683730944237762692949821572"). @ https://assets.adobedtm.com/846ae6cc52a8/04305b11409a/launch-ENc97853c5e46d4f92bdf0b75e595632cf.min.js:14
[  285301ms] [LOG] Triggered at 100% scroll height @ :1
[  285380ms] [LOG] Testing============== @ https://assets.adobedtm.com/846ae6cc52a8/04305b11409a/launch-ENc97853c5e46d4f92bdf0b75e595632cf.min.js:8
[  285380ms] [LOG] 0 @ https://assets.adobedtm.com/846ae6cc52a8/04305b11409a/launch-ENc97853c5e46d4f92bdf0b75e595632cf.min.js:8
[  287306ms] [ERROR] Refused to execute script from 'https://www.studiokohler.com/content/dam/kohler-kds/navigation/aaf54114_rgb.jpeg?req=props,json&scl=1&id=1599383937&handler=s7RIJSONResponse' because its MIME type ('image/jpeg') is not executable, and strict MIME type checking is enabled. @ https://www.studiokohler.com/js/s7responsiveimage.js:98
[  287307ms] [ERROR] Refused to execute script from 'https://www.studiokohler.com/content/dam/kohler-kds/navigation/aaf54114_rgb.jpeg?req=set,json&id=-1893533819&handler=s7RIJSONResponse' because its MIME type ('image/jpeg') is not executable, and strict MIME type checking is enabled. @ https://www.studiokohler.com/js/s7responsiveimage.js:98
[  287308ms] [ERROR] Refused to execute script from 'https://www.studiokohler.com/content/dam/kohler-kds/navigation/aaf54116_rgb.jpeg?req=props,json&scl=1&id=-1993983485&handler=s7RIJSONResponse' because its MIME type ('image/jpeg') is not executable, and strict MIME type checking is enabled. @ https://www.studiokohler.com/js/s7responsiveimage.js:98
[  287309ms] [ERROR] Refused to execute script from 'https://www.studiokohler.com/content/dam/kohler-kds/navigation/aaf54116_rgb.jpeg?req=set,json&id=595995143&handler=s7RIJSONResponse' because its MIME type ('image/jpeg') is not executable, and strict MIME type checking is enabled. @ https://www.studiokohler.com/js/s7responsiveimage.js:98
[  287309ms] [ERROR] Refused to execute script from 'https://www.studiokohler.com/content/dam/kohler-kds/navigation/d2c0043993_rgb.jpg?req=props,json&scl=1&id=-1685132386&handler=s7RIJSONResponse' because its MIME type ('image/jpeg') is not executable, and strict MIME type checking is enabled. @ https://www.studiokohler.com/js/s7responsiveimage.js:98
[  287310ms] [ERROR] Refused to execute script from 'https://www.studiokohler.com/content/dam/kohler-kds/navigation/d2c0043993_rgb.jpg?req=set,json&id=1337697954&handler=s7RIJSONResponse' because its MIME type ('image/jpeg') is not executable, and strict MIME type checking is enabled. @ https://www.studiokohler.com/js/s7responsiveimage.js:98
[  287310ms] [ERROR] Refused to execute script from 'https://www.studiokohler.com/content/dam/kohler-kds/navigation/aaj10834.jpeg?req=props,json&scl=1&id=150453172&handler=s7RIJSONResponse' because its MIME type ('image/jpeg') is not executable, and strict MIME type checking is enabled. @ https://www.studiokohler.com/js/s7responsiveimage.js:98
[  287311ms] [ERROR] Refused to execute script from 'https://www.studiokohler.com/content/dam/kohler-kds/navigation/aaj10834.jpeg?req=set,json&id=-974590792&handler=s7RIJSONResponse' because its MIME type ('image/jpeg') is not executable, and strict MIME type checking is enabled. @ https://www.studiokohler.com/js/s7responsiveimage.js:98
[  287311ms] [ERROR] Refused to execute script from 'https://www.studiokohler.com/content/dam/kohler-kds/larg-image-and-text-block/aaj98359_rgb.jpg?req=props,json&scl=1&id=-892984135&handler=s7RIJSONResponse' because its MIME type ('image/jpeg') is not executable, and strict MIME type checking is enabled. @ https://www.studiokohler.com/js/s7responsiveimage.js:98
[  287312ms] [ERROR] Refused to execute script from 'https://www.studiokohler.com/content/dam/kohler-kds/larg-image-and-text-block/aaj98359_rgb.jpg?req=set,json&id=92220093&handler=s7RIJSONResponse' because its MIME type ('image/jpeg') is not executable, and strict MIME type checking is enabled. @ https://www.studiokohler.com/js/s7responsiveimage.js:98
[  287312ms] [ERROR] Refused to execute script from 'https://www.studiokohler.com/content/dam/kohler-kds/navigation/aai11078.jpeg?req=props,json&scl=1&id=-545430548&handler=s7RIJSONResponse' because its MIME type ('image/jpeg') is not executable, and strict MIME type checking is enabled. @ https://www.studiokohler.com/js/s7responsiveimage.js:98
[  287313ms] [ERROR] Refused to execute script from 'https://www.studiokohler.com/content/dam/kohler-kds/navigation/aai11078.jpeg?req=set,json&id=-1059697424&handler=s7RIJSONResponse' because its MIME type ('image/jpeg') is not executable, and strict MIME type checking is enabled. @ https://www.studiokohler.com/js/s7responsiveimage.js:98
[  287701ms] [LOG] Triggered at 25% scroll height @ :1
[  288592ms] [WARNING] The resource https://globalkohler.my.site.com/ESWStudioKohlerMIAWCha1785991579828/webruntime/component/5b8557d8725fba2dbf2e6a4968ec430c/prod/en-US/force/luvioRuntimeWebruntime_cmp was preloaded using link preload but not used within a few seconds from the window's load event. Please make sure it has an appropriate `as` value and it is preloaded intentionally. @ https://globalkohler.my.site.com/ESWStudioKohlerMIAWCha1785991579828/assets/htdocs/sitecontext.min.html?parent_domain=https%3A%2F%2Fwww.studiokohler.com:0
[  288592ms] [WARNING] The resource https://globalkohler.my.site.com/ESWStudioKohlerMIAWCha1785991579828/webruntime/framework/cb2c1a2c50/prod/lwr_app_bootstrap_hook was preloaded using link preload but not used within a few seconds from the window's load event. Please make sure it has an appropriate `as` value and it is preloaded intentionally. @ https://globalkohler.my.site.com/ESWStudioKohlerMIAWCha1785991579828/assets/htdocs/sitecontext.min.html?parent_domain=https%3A%2F%2Fwww.studiokohler.com:0
[  288592ms] [WARNING] The resource https://globalkohler.my.site.com/ESWStudioKohlerMIAWCha1785991579828/webruntime/framework/b73515aaa5/prod/lwr_bootstrap was preloaded using link preload but not used within a few seconds from the window's load event. Please make sure it has an appropriate `as` value and it is preloaded intentionally. @ https://globalkohler.my.site.com/ESWStudioKohlerMIAWCha1785991579828/assets/htdocs/sitecontext.min.html?parent_domain=https%3A%2F%2Fwww.studiokohler.com:0
[  288592ms] [WARNING] The resource https://globalkohler.my.site.com/ESWStudioKohlerMIAWCha1785991579828/assets/styles/salesforce-lightning-design-system.min.css?e298b32610 was preloaded using link preload but not used within a few seconds from the window's load event. Please make sure it has an appropriate `as` value and it is preloaded intentionally. @ https://globalkohler.my.site.com/ESWStudioKohlerMIAWCha1785991579828/assets/htdocs/sitecontext.min.html?parent_domain=https%3A%2F%2Fwww.studiokohler.com:0
[  288592ms] [WARNING] The resource https://globalkohler.my.site.com/ESWStudioKohlerMIAWCha1785991579828/webruntime/view/a13680776f58817c268b3c4382572239/prod/en-US/frame_view was preloaded using link preload but not used within a few seconds from the window's load event. Please make sure it has an appropriate `as` value and it is preloaded intentionally. @ https://globalkohler.my.site.com/ESWStudioKohlerMIAWCha1785991579828/assets/htdocs/sitecontext.min.html?parent_domain=https%3A%2F%2Fwww.studiokohler.com:0
[  288592ms] [WARNING] The resource https://globalkohler.my.site.com/ESWStudioKohlerMIAWCha1785991579828/webruntime/framework/6186554a8e/prod/lwr_app was preloaded using link preload but not used within a few seconds from the window's load event. Please make sure it has an appropriate `as` value and it is preloaded intentionally. @ https://globalkohler.my.site.com/ESWStudioKohlerMIAWCha1785991579828/assets/htdocs/sitecontext.min.html?parent_domain=https%3A%2F%2Fwww.studiokohler.com:0
[  288592ms] [WARNING] The resource https://globalkohler.my.site.com/ESWStudioKohlerMIAWCha1785991579828/assets/styles/embedded-messaging-styling.min.css?e298b32610 was preloaded using link preload but not used within a few seconds from the window's load event. Please make sure it has an appropriate `as` value and it is preloaded intentionally. @ https://globalkohler.my.site.com/ESWStudioKohlerMIAWCha1785991579828/assets/htdocs/sitecontext.min.html?parent_domain=https%3A%2F%2Fwww.studiokohler.com:0
[  288592ms] [WARNING] The resource https://globalkohler.my.site.com/ESWStudioKohlerMIAWCha1785991579828/webruntime/view/3a680bd1b3e3045a99687a2950898fdf/prod/en-US/home_view was preloaded using link preload but not used within a few seconds from the window's load event. Please make sure it has an appropriate `as` value and it is preloaded intentionally. @ https://globalkohler.my.site.com/ESWStudioKohlerMIAWCha1785991579828/assets/htdocs/sitecontext.min.html?parent_domain=https%3A%2F%2Fwww.studiokohler.com:0
[  288592ms] [WARNING] The resource https://globalkohler.my.site.com/ESWStudioKohlerMIAWCha1785991579828/webruntime/framework/6ce0b87300/prod/lwr_loader was preloaded using link preload but not used within a few seconds from the window's load event. Please make sure it has an appropriate `as` value and it is preloaded intentionally. @ https://globalkohler.my.site.com/ESWStudioKohlerMIAWCha1785991579828/assets/htdocs/sitecontext.min.html?parent_domain=https%3A%2F%2Fwww.studiokohler.com:0
[  288592ms] [WARNING] The resource https://globalkohler.my.site.com/ESWStudioKohlerMIAWCha1785991579828/webruntime/component/259a789b5905e4a3e65c0942cc97421d/prod/en-US/force/luvioLwcBindings_cmp was preloaded using link preload but not used within a few seconds from the window's load event. Please make sure it has an appropriate `as` value and it is preloaded intentionally. @ https://globalkohler.my.site.com/ESWStudioKohlerMIAWCha1785991579828/assets/htdocs/sitecontext.min.html?parent_domain=https%3A%2F%2Fwww.studiokohler.com:0
[  288592ms] [WARNING] The resource https://globalkohler.my.site.com/ESWStudioKohlerMIAWCha1785991579828/webruntime/framework/c6f5ab53a7/prod/lwr_lwc was preloaded using link preload but not used within a few seconds from the window's load event. Please make sure it has an appropriate `as` value and it is preloaded intentionally. @ https://globalkohler.my.site.com/ESWStudioKohlerMIAWCha1785991579828/assets/htdocs/sitecontext.min.html?parent_domain=https%3A%2F%2Fwww.studiokohler.com:0
[  289901ms] [LOG] Triggered at 50% scroll height @ :1
[  290502ms] [LOG] Triggered at 75% scroll height @ :1
[  293648ms] [WARNING] The resource https://www.studiokohler.com/_next/static/chunks/0hqnmwnsg1zbt.css was preloaded using link preload but not used within a few seconds from the window's load event. Please make sure it has an appropriate `as` value and it is preloaded intentionally. @ https://www.studiokohler.com/products/bathroom/bathroom-sinks?fq=InstallationType%3A%22Drop-in%22:0
[  295033ms] [LOG] Event Name linkclick @ https://assets.adobedtm.com/846ae6cc52a8/04305b11409a/launch-ENc97853c5e46d4f92bdf0b75e595632cf.min.js:9
[  295779ms] Error: Minified React error #418; visit https://react.dev/errors/418?args[]=HTML&args[]= for the full message or use the non-minified dev environment for full errors and additional helpful warnings.
    at rX (https://www.studiokohler.com/_next/static/chunks/0~7nm1~zg71g0.js:1:46254)
    at iu (https://www.studiokohler.com/_next/static/chunks/0~7nm1~zg71g0.js:1:97295)
    at sd (https://www.studiokohler.com/_next/static/chunks/0~7nm1~zg71g0.js:1:137985)
    at https://www.studiokohler.com/_next/static/chunks/0~7nm1~zg71g0.js:1:137830
    at sf (https://www.studiokohler.com/_next/static/chunks/0~7nm1~zg71g0.js:1:137838)
    at se (https://www.studiokohler.com/_next/static/chunks/0~7nm1~zg71g0.js:1:132978)
    at sW (https://www.studiokohler.com/_next/static/chunks/0~7nm1~zg71g0.js:1:159657)
    at sU (https://www.studiokohler.com/_next/static/chunks/0~7nm1~zg71g0.js:1:157871)
    at sH (https://www.studiokohler.com/_next/static/chunks/0~7nm1~zg71g0.js:1:158215)
    at https://www.studiokohler.com/_next/static/chunks/0~7nm1~zg71g0.js:1:157500
[  295801ms] SyntaxError: Failed to execute 'querySelector' on 'Document': 'link[rel="preload"][as="script"][href="\a https://resources.digital-cloud-west.medallia.com/wdcwest/740343/onsite/embed.js\a "]' is not a valid selector.
    at Object.L (https://www.studiokohler.com/_next/static/chunks/0~7nm1~zg71g0.js:1:190038)
    at r.preload (https://www.studiokohler.com/_next/static/chunks/0_5ax_b188xq6.js:1:12765)
    at v (https://www.studiokohler.com/_next/static/chunks/0f1l2no-9vj_c.js:1:6977)
    at ay (https://www.studiokohler.com/_next/static/chunks/0~7nm1~zg71g0.js:1:62886)
    at oJ (https://www.studiokohler.com/_next/static/chunks/0~7nm1~zg71g0.js:1:83143)
    at iu (https://www.studiokohler.com/_next/static/chunks/0~7nm1~zg71g0.js:1:93735)
    at sd (https://www.studiokohler.com/_next/static/chunks/0~7nm1~zg71g0.js:1:137985)
    at https://www.studiokohler.com/_next/static/chunks/0~7nm1~zg71g0.js:1:137830
    at sf (https://www.studiokohler.com/_next/static/chunks/0~7nm1~zg71g0.js:1:137838)
    at se (https://www.studiokohler.com/_next/static/chunks/0~7nm1~zg71g0.js:1:132978)
[  295801ms] SyntaxError: Failed to execute 'querySelector' on 'Document': 'link[rel="preload"][as="script"][href="\a https://resources.digital-cloud-west.medallia.com/wdcwest/740343/onsite/embed.js\a "]' is not a valid selector.
    at Object.L (https://www.studiokohler.com/_next/static/chunks/0~7nm1~zg71g0.js:1:190038)
    at r.preload (https://www.studiokohler.com/_next/static/chunks/0_5ax_b188xq6.js:1:12765)
    at v (https://www.studiokohler.com/_next/static/chunks/0f1l2no-9vj_c.js:1:6977)
    at ay (https://www.studiokohler.com/_next/static/chunks/0~7nm1~zg71g0.js:1:62886)
    at oJ (https://www.studiokohler.com/_next/static/chunks/0~7nm1~zg71g0.js:1:83143)
    at iu (https://www.studiokohler.com/_next/static/chunks/0~7nm1~zg71g0.js:1:93735)
    at sd (https://www.studiokohler.com/_next/static/chunks/0~7nm1~zg71g0.js:1:137985)
    at https://www.studiokohler.com/_next/static/chunks/0~7nm1~zg71g0.js:1:137830
    at sf (https://www.studiokohler.com/_next/static/chunks/0~7nm1~zg71g0.js:1:137838)
    at se (https://www.studiokohler.com/_next/static/chunks/0~7nm1~zg71g0.js:1:132978)
[  295842ms] [WARNING] 🚀 container.buildInfo.environment is deprecated.Please use `container.environment.stage` instead @ https://assets.adobedtm.com/846ae6cc52a8/04305b11409a/launch-ENc97853c5e46d4f92bdf0b75e595632cf.min.js:14
[  295921ms] [WARNING] [Meta Pixel] - Duplicate Pixel ID: 117823355284455. @ https://connect.facebook.net/en_US/fbevents.js:203
[  296091ms] [WARNING] 🚀 _satellite.setCookie is deprecated. Please use _satellite.cookie.set("ecid", "17600893917683730944237762692949821572"). @ https://assets.adobedtm.com/846ae6cc52a8/04305b11409a/launch-ENc97853c5e46d4f92bdf0b75e595632cf.min.js:14
[  296844ms] [LOG] Testing============== @ https://assets.adobedtm.com/846ae6cc52a8/04305b11409a/launch-ENc97853c5e46d4f92bdf0b75e595632cf.min.js:8
[  296844ms] [LOG] 0 @ https://assets.adobedtm.com/846ae6cc52a8/04305b11409a/launch-ENc97853c5e46d4f92bdf0b75e595632cf.min.js:8
[  297702ms] [LOG] Triggered at 100% scroll height @ :1
[  298036ms] SyntaxError: Failed to execute 'querySelector' on 'Document': 'link[rel="preload"][as="script"][href="\a https://resources.digital-cloud-west.medallia.com/wdcwest/740343/onsite/embed.js\a "]' is not a valid selector.
    at Object.L (https://www.studiokohler.com/_next/static/chunks/0~7nm1~zg71g0.js:1:190038)
    at r.preload (https://www.studiokohler.com/_next/static/chunks/0_5ax_b188xq6.js:1:12765)
    at v (https://www.studiokohler.com/_next/static/chunks/0f1l2no-9vj_c.js:1:6977)
    at ay (https://www.studiokohler.com/_next/static/chunks/0~7nm1~zg71g0.js:1:62886)
    at oJ (https://www.studiokohler.com/_next/static/chunks/0~7nm1~zg71g0.js:1:83143)
    at iu (https://www.studiokohler.com/_next/static/chunks/0~7nm1~zg71g0.js:1:93735)
    at sd (https://www.studiokohler.com/_next/static/chunks/0~7nm1~zg71g0.js:1:137985)
    at https://www.studiokohler.com/_next/static/chunks/0~7nm1~zg71g0.js:1:137830
    at sf (https://www.studiokohler.com/_next/static/chunks/0~7nm1~zg71g0.js:1:137838)
    at se (https://www.studiokohler.com/_next/static/chunks/0~7nm1~zg71g0.js:1:132978)
[  298036ms] SyntaxError: Failed to execute 'querySelector' on 'Document': 'link[rel="preload"][as="script"][href="\a https://resources.digital-cloud-west.medallia.com/wdcwest/740343/onsite/embed.js\a "]' is not a valid selector.
    at Object.L (https://www.studiokohler.com/_next/static/chunks/0~7nm1~zg71g0.js:1:190038)
    at r.preload (https://www.studiokohler.com/_next/static/chunks/0_5ax_b188xq6.js:1:12765)
    at v (https://www.studiokohler.com/_next/static/chunks/0f1l2no-9vj_c.js:1:6977)
    at ay (https://www.studiokohler.com/_next/static/chunks/0~7nm1~zg71g0.js:1:62886)
    at oJ (https://www.studiokohler.com/_next/static/chunks/0~7nm1~zg71g0.js:1:83143)
    at iu (https://www.studiokohler.com/_next/static/chunks/0~7nm1~zg71g0.js:1:93735)
    at sd (https://www.studiokohler.com/_next/static/chunks/0~7nm1~zg71g0.js:1:137985)
    at https://www.studiokohler.com/_next/static/chunks/0~7nm1~zg71g0.js:1:137830
    at sf (https://www.studiokohler.com/_next/static/chunks/0~7nm1~zg71g0.js:1:137838)
    at se (https://www.studiokohler.com/_next/static/chunks/0~7nm1~zg71g0.js:1:132978)
[  298080ms] [WARNING] 🚀 container.buildInfo.environment is deprecated.Please use `container.environment.stage` instead @ https://assets.adobedtm.com/846ae6cc52a8/04305b11409a/launch-ENc97853c5e46d4f92bdf0b75e595632cf.min.js:14
[  298189ms] [WARNING] 🚀 _satellite.setCookie is deprecated. Please use _satellite.cookie.set("ecid", "17600893917683730944237762692949821572"). @ https://assets.adobedtm.com/846ae6cc52a8/04305b11409a/launch-ENc97853c5e46d4f92bdf0b75e595632cf.min.js:14
[  298441ms] [ERROR] Refused to execute script from 'https://www.studiokohler.com/content/dam/kohler-kds/navigation/aaf54114_rgb.jpeg?req=props,json&scl=1&id=1599383937&handler=s7RIJSONResponse' because its MIME type ('image/jpeg') is not executable, and strict MIME type checking is enabled. @ https://www.studiokohler.com/js/s7responsiveimage.js:98
[  298441ms] [ERROR] Refused to execute script from 'https://www.studiokohler.com/content/dam/kohler-kds/navigation/aaf54114_rgb.jpeg?req=set,json&id=-1893533819&handler=s7RIJSONResponse' because its MIME type ('image/jpeg') is not executable, and strict MIME type checking is enabled. @ https://www.studiokohler.com/js/s7responsiveimage.js:98
[  298442ms] [ERROR] Refused to execute script from 'https://www.studiokohler.com/content/dam/kohler-kds/navigation/aaf54116_rgb.jpeg?req=props,json&scl=1&id=-1993983485&handler=s7RIJSONResponse' because its MIME type ('image/jpeg') is not executable, and strict MIME type checking is enabled. @ https://www.studiokohler.com/js/s7responsiveimage.js:98
[  298442ms] [ERROR] Refused to execute script from 'https://www.studiokohler.com/content/dam/kohler-kds/navigation/aaf54116_rgb.jpeg?req=set,json&id=595995143&handler=s7RIJSONResponse' because its MIME type ('image/jpeg') is not executable, and strict MIME type checking is enabled. @ https://www.studiokohler.com/js/s7responsiveimage.js:98
[  298442ms] [ERROR] Refused to execute script from 'https://www.studiokohler.com/content/dam/kohler-kds/navigation/d2c0043993_rgb.jpg?req=props,json&scl=1&id=-1685132386&handler=s7RIJSONResponse' because its MIME type ('image/jpeg') is not executable, and strict MIME type checking is enabled. @ https://www.studiokohler.com/js/s7responsiveimage.js:98
[  298442ms] [ERROR] Refused to execute script from 'https://www.studiokohler.com/content/dam/kohler-kds/navigation/d2c0043993_rgb.jpg?req=set,json&id=1337697954&handler=s7RIJSONResponse' because its MIME type ('image/jpeg') is not executable, and strict MIME type checking is enabled. @ https://www.studiokohler.com/js/s7responsiveimage.js:98
[  298442ms] [ERROR] Refused to execute script from 'https://www.studiokohler.com/content/dam/kohler-kds/navigation/aaj10834.jpeg?req=props,json&scl=1&id=150453172&handler=s7RIJSONResponse' because its MIME type ('image/jpeg') is not executable, and strict MIME type checking is enabled. @ https://www.studiokohler.com/js/s7responsiveimage.js:98
[  298442ms] [ERROR] Refused to execute script from 'https://www.studiokohler.com/content/dam/kohler-kds/navigation/aaj10834.jpeg?req=set,json&id=-974590792&handler=s7RIJSONResponse' because its MIME type ('image/jpeg') is not executable, and strict MIME type checking is enabled. @ https://www.studiokohler.com/js/s7responsiveimage.js:98
[  298443ms] [ERROR] Refused to execute script from 'https://www.studiokohler.com/content/dam/kohler-kds/larg-image-and-text-block/aaj98359_rgb.jpg?req=props,json&scl=1&id=-892984135&handler=s7RIJSONResponse' because its MIME type ('image/jpeg') is not executable, and strict MIME type checking is enabled. @ https://www.studiokohler.com/js/s7responsiveimage.js:98
[  298443ms] [ERROR] Refused to execute script from 'https://www.studiokohler.com/content/dam/kohler-kds/larg-image-and-text-block/aaj98359_rgb.jpg?req=set,json&id=92220093&handler=s7RIJSONResponse' because its MIME type ('image/jpeg') is not executable, and strict MIME type checking is enabled. @ https://www.studiokohler.com/js/s7responsiveimage.js:98
[  298443ms] [ERROR] Refused to execute script from 'https://www.studiokohler.com/content/dam/kohler-kds/navigation/aai11078.jpeg?req=props,json&scl=1&id=-545430548&handler=s7RIJSONResponse' because its MIME type ('image/jpeg') is not executable, and strict MIME type checking is enabled. @ https://www.studiokohler.com/js/s7responsiveimage.js:98
[  298443ms] [ERROR] Refused to execute script from 'https://www.studiokohler.com/content/dam/kohler-kds/navigation/aai11078.jpeg?req=set,json&id=-1059697424&handler=s7RIJSONResponse' because its MIME type ('image/jpeg') is not executable, and strict MIME type checking is enabled. @ https://www.studiokohler.com/js/s7responsiveimage.js:98
[  298481ms] [WARNING] [Meta Pixel] - Duplicate Pixel ID: 117823355284455. @ https://connect.facebook.net/en_US/fbevents.js:203
[  298718ms] [LOG] Triggered at 100% scroll height @ :1
[  299081ms] [LOG] Testing============== @ https://assets.adobedtm.com/846ae6cc52a8/04305b11409a/launch-ENc97853c5e46d4f92bdf0b75e595632cf.min.js:8
[  299081ms] [LOG] 0 @ https://assets.adobedtm.com/846ae6cc52a8/04305b11409a/launch-ENc97853c5e46d4f92bdf0b75e595632cf.min.js:8
[  301701ms] [WARNING] The resource https://globalkohler.my.site.com/ESWStudioKohlerMIAWCha1785991579828/webruntime/component/5b8557d8725fba2dbf2e6a4968ec430c/prod/en-US/force/luvioRuntimeWebruntime_cmp was preloaded using link preload but not used within a few seconds from the window's load event. Please make sure it has an appropriate `as` value and it is preloaded intentionally. @ https://globalkohler.my.site.com/ESWStudioKohlerMIAWCha1785991579828/assets/htdocs/sitecontext.min.html?parent_domain=https%3A%2F%2Fwww.studiokohler.com:0
[  301701ms] [WARNING] The resource https://globalkohler.my.site.com/ESWStudioKohlerMIAWCha1785991579828/webruntime/framework/cb2c1a2c50/prod/lwr_app_bootstrap_hook was preloaded using link preload but not used within a few seconds from the window's load event. Please make sure it has an appropriate `as` value and it is preloaded intentionally. @ https://globalkohler.my.site.com/ESWStudioKohlerMIAWCha1785991579828/assets/htdocs/sitecontext.min.html?parent_domain=https%3A%2F%2Fwww.studiokohler.com:0
[  301701ms] [WARNING] The resource https://globalkohler.my.site.com/ESWStudioKohlerMIAWCha1785991579828/webruntime/framework/b73515aaa5/prod/lwr_bootstrap was preloaded using link preload but not used within a few seconds from the window's load event. Please make sure it has an appropriate `as` value and it is preloaded intentionally. @ https://globalkohler.my.site.com/ESWStudioKohlerMIAWCha1785991579828/assets/htdocs/sitecontext.min.html?parent_domain=https%3A%2F%2Fwww.studiokohler.com:0
[  301701ms] [WARNING] The resource https://globalkohler.my.site.com/ESWStudioKohlerMIAWCha1785991579828/assets/styles/salesforce-lightning-design-system.min.css?e298b32610 was preloaded using link preload but not used within a few seconds from the window's load event. Please make sure it has an appropriate `as` value and it is preloaded intentionally. @ https://globalkohler.my.site.com/ESWStudioKohlerMIAWCha1785991579828/assets/htdocs/sitecontext.min.html?parent_domain=https%3A%2F%2Fwww.studiokohler.com:0
[  301701ms] [WARNING] The resource https://globalkohler.my.site.com/ESWStudioKohlerMIAWCha1785991579828/webruntime/view/a13680776f58817c268b3c4382572239/prod/en-US/frame_view was preloaded using link preload but not used within a few seconds from the window's load event. Please make sure it has an appropriate `as` value and it is preloaded intentionally. @ https://globalkohler.my.site.com/ESWStudioKohlerMIAWCha1785991579828/assets/htdocs/sitecontext.min.html?parent_domain=https%3A%2F%2Fwww.studiokohler.com:0
[  301701ms] [WARNING] The resource https://globalkohler.my.site.com/ESWStudioKohlerMIAWCha1785991579828/webruntime/framework/6186554a8e/prod/lwr_app was preloaded using link preload but not used within a few seconds from the window's load event. Please make sure it has an appropriate `as` value and it is preloaded intentionally. @ https://globalkohler.my.site.com/ESWStudioKohlerMIAWCha1785991579828/assets/htdocs/sitecontext.min.html?parent_domain=https%3A%2F%2Fwww.studiokohler.com:0
[  301701ms] [WARNING] The resource https://globalkohler.my.site.com/ESWStudioKohlerMIAWCha1785991579828/assets/styles/embedded-messaging-styling.min.css?e298b32610 was preloaded using link preload but not used within a few seconds from the window's load event. Please make sure it has an appropriate `as` value and it is preloaded intentionally. @ https://globalkohler.my.site.com/ESWStudioKohlerMIAWCha1785991579828/assets/htdocs/sitecontext.min.html?parent_domain=https%3A%2F%2Fwww.studiokohler.com:0
[  301701ms] [WARNING] The resource https://globalkohler.my.site.com/ESWStudioKohlerMIAWCha1785991579828/webruntime/view/3a680bd1b3e3045a99687a2950898fdf/prod/en-US/home_view was preloaded using link preload but not used within a few seconds from the window's load event. Please make sure it has an appropriate `as` value and it is preloaded intentionally. @ https://globalkohler.my.site.com/ESWStudioKohlerMIAWCha1785991579828/assets/htdocs/sitecontext.min.html?parent_domain=https%3A%2F%2Fwww.studiokohler.com:0
[  301701ms] [WARNING] The resource https://globalkohler.my.site.com/ESWStudioKohlerMIAWCha1785991579828/webruntime/framework/6ce0b87300/prod/lwr_loader was preloaded using link preload but not used within a few seconds from the window's load event. Please make sure it has an appropriate `as` value and it is preloaded intentionally. @ https://globalkohler.my.site.com/ESWStudioKohlerMIAWCha1785991579828/assets/htdocs/sitecontext.min.html?parent_domain=https%3A%2F%2Fwww.studiokohler.com:0
[  301701ms] [WARNING] The resource https://globalkohler.my.site.com/ESWStudioKohlerMIAWCha1785991579828/webruntime/component/259a789b5905e4a3e65c0942cc97421d/prod/en-US/force/luvioLwcBindings_cmp was preloaded using link preload but not used within a few seconds from the window's load event. Please make sure it has an appropriate `as` value and it is preloaded intentionally. @ https://globalkohler.my.site.com/ESWStudioKohlerMIAWCha1785991579828/assets/htdocs/sitecontext.min.html?parent_domain=https%3A%2F%2Fwww.studiokohler.com:0
[  301701ms] [WARNING] The resource https://globalkohler.my.site.com/ESWStudioKohlerMIAWCha1785991579828/webruntime/framework/c6f5ab53a7/prod/lwr_lwc was preloaded using link preload but not used within a few seconds from the window's load event. Please make sure it has an appropriate `as` value and it is preloaded intentionally. @ https://globalkohler.my.site.com/ESWStudioKohlerMIAWCha1785991579828/assets/htdocs/sitecontext.min.html?parent_domain=https%3A%2F%2Fwww.studiokohler.com:0
[  302217ms] [LOG] Triggered at 25% scroll height @ :1
[  305248ms] [WARNING] The resource https://www.studiokohler.com/_next/static/chunks/0hqnmwnsg1zbt.css was preloaded using link preload but not used within a few seconds from the window's load event. Please make sure it has an appropriate `as` value and it is preloaded intentionally. @ https://www.studiokohler.com/products/bathroom/bathroom-sinks?fq=InstallationType%3A%22Drop-in%22:0
[  311704ms] [WARNING] The resource https://www.studiokohler.com/_next/static/chunks/0hqnmwnsg1zbt.css was preloaded using link preload but not used within a few seconds from the window's load event. Please make sure it has an appropriate `as` value and it is preloaded intentionally. @ https://www.studiokohler.com/products/bathroom/bathroom-sinks?fq=InstallationType%3A%22Drop-in%22:0
[  315339ms] [LOG] Event Name linkclick @ https://assets.adobedtm.com/846ae6cc52a8/04305b11409a/launch-ENc97853c5e46d4f92bdf0b75e595632cf.min.js:9
[  316129ms] Error: Minified React error #418; visit https://react.dev/errors/418?args[]=HTML&args[]= for the full message or use the non-minified dev environment for full errors and additional helpful warnings.
    at rX (https://www.studiokohler.com/_next/static/chunks/0~7nm1~zg71g0.js:1:46254)
    at iu (https://www.studiokohler.com/_next/static/chunks/0~7nm1~zg71g0.js:1:97295)
    at sd (https://www.studiokohler.com/_next/static/chunks/0~7nm1~zg71g0.js:1:137985)
    at https://www.studiokohler.com/_next/static/chunks/0~7nm1~zg71g0.js:1:137830
    at sf (https://www.studiokohler.com/_next/static/chunks/0~7nm1~zg71g0.js:1:137838)
    at se (https://www.studiokohler.com/_next/static/chunks/0~7nm1~zg71g0.js:1:132978)
    at sW (https://www.studiokohler.com/_next/static/chunks/0~7nm1~zg71g0.js:1:159657)
    at sU (https://www.studiokohler.com/_next/static/chunks/0~7nm1~zg71g0.js:1:157871)
    at sH (https://www.studiokohler.com/_next/static/chunks/0~7nm1~zg71g0.js:1:158215)
    at https://www.studiokohler.com/_next/static/chunks/0~7nm1~zg71g0.js:1:157500
[  316149ms] SyntaxError: Failed to execute 'querySelector' on 'Document': 'link[rel="preload"][as="script"][href="\a https://resources.digital-cloud-west.medallia.com/wdcwest/740343/onsite/embed.js\a "]' is not a valid selector.
    at Object.L (https://www.studiokohler.com/_next/static/chunks/0~7nm1~zg71g0.js:1:190038)
    at r.preload (https://www.studiokohler.com/_next/static/chunks/0_5ax_b188xq6.js:1:12765)
    at v (https://www.studiokohler.com/_next/static/chunks/0f1l2no-9vj_c.js:1:6977)
    at ay (https://www.studiokohler.com/_next/static/chunks/0~7nm1~zg71g0.js:1:62886)
    at oJ (https://www.studiokohler.com/_next/static/chunks/0~7nm1~zg71g0.js:1:83143)
    at iu (https://www.studiokohler.com/_next/static/chunks/0~7nm1~zg71g0.js:1:93735)
    at sd (https://www.studiokohler.com/_next/static/chunks/0~7nm1~zg71g0.js:1:137985)
    at https://www.studiokohler.com/_next/static/chunks/0~7nm1~zg71g0.js:1:137830
    at sf (https://www.studiokohler.com/_next/static/chunks/0~7nm1~zg71g0.js:1:137838)
    at se (https://www.studiokohler.com/_next/static/chunks/0~7nm1~zg71g0.js:1:132978)
[  316149ms] SyntaxError: Failed to execute 'querySelector' on 'Document': 'link[rel="preload"][as="script"][href="\a https://resources.digital-cloud-west.medallia.com/wdcwest/740343/onsite/embed.js\a "]' is not a valid selector.
    at Object.L (https://www.studiokohler.com/_next/static/chunks/0~7nm1~zg71g0.js:1:190038)
    at r.preload (https://www.studiokohler.com/_next/static/chunks/0_5ax_b188xq6.js:1:12765)
    at v (https://www.studiokohler.com/_next/static/chunks/0f1l2no-9vj_c.js:1:6977)
    at ay (https://www.studiokohler.com/_next/static/chunks/0~7nm1~zg71g0.js:1:62886)
    at oJ (https://www.studiokohler.com/_next/static/chunks/0~7nm1~zg71g0.js:1:83143)
    at iu (https://www.studiokohler.com/_next/static/chunks/0~7nm1~zg71g0.js:1:93735)
    at sd (https://www.studiokohler.com/_next/static/chunks/0~7nm1~zg71g0.js:1:137985)
    at https://www.studiokohler.com/_next/static/chunks/0~7nm1~zg71g0.js:1:137830
    at sf (https://www.studiokohler.com/_next/static/chunks/0~7nm1~zg71g0.js:1:137838)
    at se (https://www.studiokohler.com/_next/static/chunks/0~7nm1~zg71g0.js:1:132978)
[  316221ms] [WARNING] 🚀 container.buildInfo.environment is deprecated.Please use `container.environment.stage` instead @ https://assets.adobedtm.com/846ae6cc52a8/04305b11409a/launch-ENc97853c5e46d4f92bdf0b75e595632cf.min.js:14
[  316289ms] [WARNING] [Meta Pixel] - Duplicate Pixel ID: 117823355284455. @ https://connect.facebook.net/en_US/fbevents.js:203
[  317049ms] [WARNING] 🚀 _satellite.setCookie is deprecated. Please use _satellite.cookie.set("ecid", "17600893917683730944237762692949821572"). @ https://assets.adobedtm.com/846ae6cc52a8/04305b11409a/launch-ENc97853c5e46d4f92bdf0b75e595632cf.min.js:14
[  317060ms] [LOG] Triggered at 100% scroll height @ :1
[  317222ms] [LOG] Testing============== @ https://assets.adobedtm.com/846ae6cc52a8/04305b11409a/launch-ENc97853c5e46d4f92bdf0b75e595632cf.min.js:8
[  317222ms] [LOG] 0 @ https://assets.adobedtm.com/846ae6cc52a8/04305b11409a/launch-ENc97853c5e46d4f92bdf0b75e595632cf.min.js:8
[  317859ms] [LOG] Triggered at 25% scroll height @ :1
[  319082ms] [ERROR] Refused to execute script from 'https://www.studiokohler.com/content/dam/kohler-kds/navigation/aaf54114_rgb.jpeg?req=props,json&scl=1&id=1599383937&handler=s7RIJSONResponse' because its MIME type ('image/jpeg') is not executable, and strict MIME type checking is enabled. @ https://www.studiokohler.com/js/s7responsiveimage.js:98
[  319082ms] [ERROR] Refused to execute script from 'https://www.studiokohler.com/content/dam/kohler-kds/navigation/aaf54114_rgb.jpeg?req=set,json&id=-1893533819&handler=s7RIJSONResponse' because its MIME type ('image/jpeg') is not executable, and strict MIME type checking is enabled. @ https://www.studiokohler.com/js/s7responsiveimage.js:98
[  319082ms] [ERROR] Refused to execute script from 'https://www.studiokohler.com/content/dam/kohler-kds/navigation/aaf54116_rgb.jpeg?req=props,json&scl=1&id=-1993983485&handler=s7RIJSONResponse' because its MIME type ('image/jpeg') is not executable, and strict MIME type checking is enabled. @ https://www.studiokohler.com/js/s7responsiveimage.js:98
[  319082ms] [ERROR] Refused to execute script from 'https://www.studiokohler.com/content/dam/kohler-kds/navigation/aaf54116_rgb.jpeg?req=set,json&id=595995143&handler=s7RIJSONResponse' because its MIME type ('image/jpeg') is not executable, and strict MIME type checking is enabled. @ https://www.studiokohler.com/js/s7responsiveimage.js:98
[  319082ms] [ERROR] Refused to execute script from 'https://www.studiokohler.com/content/dam/kohler-kds/navigation/d2c0043993_rgb.jpg?req=props,json&scl=1&id=-1685132386&handler=s7RIJSONResponse' because its MIME type ('image/jpeg') is not executable, and strict MIME type checking is enabled. @ https://www.studiokohler.com/js/s7responsiveimage.js:98
[  319082ms] [ERROR] Refused to execute script from 'https://www.studiokohler.com/content/dam/kohler-kds/navigation/d2c0043993_rgb.jpg?req=set,json&id=1337697954&handler=s7RIJSONResponse' because its MIME type ('image/jpeg') is not executable, and strict MIME type checking is enabled. @ https://www.studiokohler.com/js/s7responsiveimage.js:98
[  319083ms] [ERROR] Refused to execute script from 'https://www.studiokohler.com/content/dam/kohler-kds/navigation/aaj10834.jpeg?req=props,json&scl=1&id=150453172&handler=s7RIJSONResponse' because its MIME type ('image/jpeg') is not executable, and strict MIME type checking is enabled. @ https://www.studiokohler.com/js/s7responsiveimage.js:98
[  319083ms] [ERROR] Refused to execute script from 'https://www.studiokohler.com/content/dam/kohler-kds/navigation/aaj10834.jpeg?req=set,json&id=-974590792&handler=s7RIJSONResponse' because its MIME type ('image/jpeg') is not executable, and strict MIME type checking is enabled. @ https://www.studiokohler.com/js/s7responsiveimage.js:98
[  319083ms] [ERROR] Refused to execute script from 'https://www.studiokohler.com/content/dam/kohler-kds/larg-image-and-text-block/aaj98359_rgb.jpg?req=props,json&scl=1&id=-892984135&handler=s7RIJSONResponse' because its MIME type ('image/jpeg') is not executable, and strict MIME type checking is enabled. @ https://www.studiokohler.com/js/s7responsiveimage.js:98
[  319083ms] [ERROR] Refused to execute script from 'https://www.studiokohler.com/content/dam/kohler-kds/larg-image-and-text-block/aaj98359_rgb.jpg?req=set,json&id=92220093&handler=s7RIJSONResponse' because its MIME type ('image/jpeg') is not executable, and strict MIME type checking is enabled. @ https://www.studiokohler.com/js/s7responsiveimage.js:98
[  319083ms] [ERROR] Refused to execute script from 'https://www.studiokohler.com/content/dam/kohler-kds/navigation/aai11078.jpeg?req=props,json&scl=1&id=-545430548&handler=s7RIJSONResponse' because its MIME type ('image/jpeg') is not executable, and strict MIME type checking is enabled. @ https://www.studiokohler.com/js/s7responsiveimage.js:98
[  319083ms] [ERROR] Refused to execute script from 'https://www.studiokohler.com/content/dam/kohler-kds/navigation/aai11078.jpeg?req=set,json&id=-1059697424&handler=s7RIJSONResponse' because its MIME type ('image/jpeg') is not executable, and strict MIME type checking is enabled. @ https://www.studiokohler.com/js/s7responsiveimage.js:98
[  320333ms] [WARNING] The resource https://globalkohler.my.site.com/ESWStudioKohlerMIAWCha1785991579828/webruntime/component/5b8557d8725fba2dbf2e6a4968ec430c/prod/en-US/force/luvioRuntimeWebruntime_cmp was preloaded using link preload but not used within a few seconds from the window's load event. Please make sure it has an appropriate `as` value and it is preloaded intentionally. @ https://globalkohler.my.site.com/ESWStudioKohlerMIAWCha1785991579828/assets/htdocs/sitecontext.min.html?parent_domain=https%3A%2F%2Fwww.studiokohler.com:0
[  320333ms] [WARNING] The resource https://globalkohler.my.site.com/ESWStudioKohlerMIAWCha1785991579828/webruntime/framework/cb2c1a2c50/prod/lwr_app_bootstrap_hook was preloaded using link preload but not used within a few seconds from the window's load event. Please make sure it has an appropriate `as` value and it is preloaded intentionally. @ https://globalkohler.my.site.com/ESWStudioKohlerMIAWCha1785991579828/assets/htdocs/sitecontext.min.html?parent_domain=https%3A%2F%2Fwww.studiokohler.com:0
[  320333ms] [WARNING] The resource https://globalkohler.my.site.com/ESWStudioKohlerMIAWCha1785991579828/webruntime/framework/b73515aaa5/prod/lwr_bootstrap was preloaded using link preload but not used within a few seconds from the window's load event. Please make sure it has an appropriate `as` value and it is preloaded intentionally. @ https://globalkohler.my.site.com/ESWStudioKohlerMIAWCha1785991579828/assets/htdocs/sitecontext.min.html?parent_domain=https%3A%2F%2Fwww.studiokohler.com:0
[  320333ms] [WARNING] The resource https://globalkohler.my.site.com/ESWStudioKohlerMIAWCha1785991579828/assets/styles/salesforce-lightning-design-system.min.css?e298b32610 was preloaded using link preload but not used within a few seconds from the window's load event. Please make sure it has an appropriate `as` value and it is preloaded intentionally. @ https://globalkohler.my.site.com/ESWStudioKohlerMIAWCha1785991579828/assets/htdocs/sitecontext.min.html?parent_domain=https%3A%2F%2Fwww.studiokohler.com:0
[  320333ms] [WARNING] The resource https://globalkohler.my.site.com/ESWStudioKohlerMIAWCha1785991579828/webruntime/view/a13680776f58817c268b3c4382572239/prod/en-US/frame_view was preloaded using link preload but not used within a few seconds from the window's load event. Please make sure it has an appropriate `as` value and it is preloaded intentionally. @ https://globalkohler.my.site.com/ESWStudioKohlerMIAWCha1785991579828/assets/htdocs/sitecontext.min.html?parent_domain=https%3A%2F%2Fwww.studiokohler.com:0
[  320333ms] [WARNING] The resource https://globalkohler.my.site.com/ESWStudioKohlerMIAWCha1785991579828/webruntime/framework/6186554a8e/prod/lwr_app was preloaded using link preload but not used within a few seconds from the window's load event. Please make sure it has an appropriate `as` value and it is preloaded intentionally. @ https://globalkohler.my.site.com/ESWStudioKohlerMIAWCha1785991579828/assets/htdocs/sitecontext.min.html?parent_domain=https%3A%2F%2Fwww.studiokohler.com:0
[  320333ms] [WARNING] The resource https://globalkohler.my.site.com/ESWStudioKohlerMIAWCha1785991579828/assets/styles/embedded-messaging-styling.min.css?e298b32610 was preloaded using link preload but not used within a few seconds from the window's load event. Please make sure it has an appropriate `as` value and it is preloaded intentionally. @ https://globalkohler.my.site.com/ESWStudioKohlerMIAWCha1785991579828/assets/htdocs/sitecontext.min.html?parent_domain=https%3A%2F%2Fwww.studiokohler.com:0
[  320333ms] [WARNING] The resource https://globalkohler.my.site.com/ESWStudioKohlerMIAWCha1785991579828/webruntime/view/3a680bd1b3e3045a99687a2950898fdf/prod/en-US/home_view was preloaded using link preload but not used within a few seconds from the window's load event. Please make sure it has an appropriate `as` value and it is preloaded intentionally. @ https://globalkohler.my.site.com/ESWStudioKohlerMIAWCha1785991579828/assets/htdocs/sitecontext.min.html?parent_domain=https%3A%2F%2Fwww.studiokohler.com:0
[  320333ms] [WARNING] The resource https://globalkohler.my.site.com/ESWStudioKohlerMIAWCha1785991579828/webruntime/framework/6ce0b87300/prod/lwr_loader was preloaded using link preload but not used within a few seconds from the window's load event. Please make sure it has an appropriate `as` value and it is preloaded intentionally. @ https://globalkohler.my.site.com/ESWStudioKohlerMIAWCha1785991579828/assets/htdocs/sitecontext.min.html?parent_domain=https%3A%2F%2Fwww.studiokohler.com:0
[  320333ms] [WARNING] The resource https://globalkohler.my.site.com/ESWStudioKohlerMIAWCha1785991579828/webruntime/component/259a789b5905e4a3e65c0942cc97421d/prod/en-US/force/luvioLwcBindings_cmp was preloaded using link preload but not used within a few seconds from the window's load event. Please make sure it has an appropriate `as` value and it is preloaded intentionally. @ https://globalkohler.my.site.com/ESWStudioKohlerMIAWCha1785991579828/assets/htdocs/sitecontext.min.html?parent_domain=https%3A%2F%2Fwww.studiokohler.com:0
[  320333ms] [WARNING] The resource https://globalkohler.my.site.com/ESWStudioKohlerMIAWCha1785991579828/webruntime/framework/c6f5ab53a7/prod/lwr_lwc was preloaded using link preload but not used within a few seconds from the window's load event. Please make sure it has an appropriate `as` value and it is preloaded intentionally. @ https://globalkohler.my.site.com/ESWStudioKohlerMIAWCha1785991579828/assets/htdocs/sitecontext.min.html?parent_domain=https%3A%2F%2Fwww.studiokohler.com:0
[  322084ms] [WARNING] The resource https://www.studiokohler.com/_next/static/chunks/0hqnmwnsg1zbt.css was preloaded using link preload but not used within a few seconds from the window's load event. Please make sure it has an appropriate `as` value and it is preloaded intentionally. @ https://www.studiokohler.com/products/bathroom/bathroom-sinks?fq=InstallationType%3A%22Drop-in%22:0
[  323568ms] [LOG] Event Name linkclick @ https://assets.adobedtm.com/846ae6cc52a8/04305b11409a/launch-ENc97853c5e46d4f92bdf0b75e595632cf.min.js:9
[  324031ms] [WARNING] Blocked aria-hidden on an element because its descendant retained focus. The focus must not be hidden from assistive technology users. Avoid using aria-hidden on a focused element or its ancestor. Consider using the inert attribute instead, which will also prevent focus. For more details, see the aria-hidden section of the WAI-ARIA specification at https://w3c.github.io/aria/#aria-hidden.
Element with focus: <a.dTpXP OverlayMenuLinks-module-scss-module__g1t2uG__overlayMenuCategoryLinksLink _6C-0Q dsm-typography-a-navigation-overlay-item-s>
Ancestor with aria-hidden: <div.MainNavigationBar-module-scss-module__dC6d8G__navigationOverlayMenuWrapper> @ https://www.studiokohler.com/products/bathroom/bathroom-sinks?fq=InstallationType%3A%22Drop-in%22:0
[  324364ms] SyntaxError: Failed to execute 'querySelector' on 'Document': 'link[rel="preload"][as="script"][href="\a https://resources.digital-cloud-west.medallia.com/wdcwest/740343/onsite/embed.js\a "]' is not a valid selector.
    at Object.L (https://www.studiokohler.com/_next/static/chunks/0~7nm1~zg71g0.js:1:190038)
    at r.preload (https://www.studiokohler.com/_next/static/chunks/0_5ax_b188xq6.js:1:12765)
    at v (https://www.studiokohler.com/_next/static/chunks/0f1l2no-9vj_c.js:1:6977)
    at ay (https://www.studiokohler.com/_next/static/chunks/0~7nm1~zg71g0.js:1:62886)
    at oJ (https://www.studiokohler.com/_next/static/chunks/0~7nm1~zg71g0.js:1:83143)
    at iu (https://www.studiokohler.com/_next/static/chunks/0~7nm1~zg71g0.js:1:93735)
    at sd (https://www.studiokohler.com/_next/static/chunks/0~7nm1~zg71g0.js:1:137985)
    at https://www.studiokohler.com/_next/static/chunks/0~7nm1~zg71g0.js:1:137830
    at sf (https://www.studiokohler.com/_next/static/chunks/0~7nm1~zg71g0.js:1:137838)
    at se (https://www.studiokohler.com/_next/static/chunks/0~7nm1~zg71g0.js:1:132978)
[  324364ms] SyntaxError: Failed to execute 'querySelector' on 'Document': 'link[rel="preload"][as="script"][href="\a https://resources.digital-cloud-west.medallia.com/wdcwest/740343/onsite/embed.js\a "]' is not a valid selector.
    at Object.L (https://www.studiokohler.com/_next/static/chunks/0~7nm1~zg71g0.js:1:190038)
    at r.preload (https://www.studiokohler.com/_next/static/chunks/0_5ax_b188xq6.js:1:12765)
    at v (https://www.studiokohler.com/_next/static/chunks/0f1l2no-9vj_c.js:1:6977)
    at ay (https://www.studiokohler.com/_next/static/chunks/0~7nm1~zg71g0.js:1:62886)
    at oJ (https://www.studiokohler.com/_next/static/chunks/0~7nm1~zg71g0.js:1:83143)
    at iu (https://www.studiokohler.com/_next/static/chunks/0~7nm1~zg71g0.js:1:93735)
    at sd (https://www.studiokohler.com/_next/static/chunks/0~7nm1~zg71g0.js:1:137985)
    at https://www.studiokohler.com/_next/static/chunks/0~7nm1~zg71g0.js:1:137830
    at sf (https://www.studiokohler.com/_next/static/chunks/0~7nm1~zg71g0.js:1:137838)
    at se (https://www.studiokohler.com/_next/static/chunks/0~7nm1~zg71g0.js:1:132978)
[  324439ms] [WARNING] 🚀 container.buildInfo.environment is deprecated.Please use `container.environment.stage` instead @ https://assets.adobedtm.com/846ae6cc52a8/04305b11409a/launch-ENc97853c5e46d4f92bdf0b75e595632cf.min.js:14
[  324740ms] [WARNING] 🚀 _satellite.setCookie is deprecated. Please use _satellite.cookie.set("ecid", "17600893917683730944237762692949821572"). @ https://assets.adobedtm.com/846ae6cc52a8/04305b11409a/launch-ENc97853c5e46d4f92bdf0b75e595632cf.min.js:14
[  324743ms] [LOG] Triggered at 100% scroll height @ :1
[  325210ms] [ERROR] Refused to execute script from 'https://www.studiokohler.com/content/dam/kohler-kds/navigation/aaf54114_rgb.jpeg?req=props,json&scl=1&id=1599383937&handler=s7RIJSONResponse' because its MIME type ('image/jpeg') is not executable, and strict MIME type checking is enabled. @ https://www.studiokohler.com/js/s7responsiveimage.js:98
[  325210ms] [ERROR] Refused to execute script from 'https://www.studiokohler.com/content/dam/kohler-kds/navigation/aaf54114_rgb.jpeg?req=set,json&id=-1893533819&handler=s7RIJSONResponse' because its MIME type ('image/jpeg') is not executable, and strict MIME type checking is enabled. @ https://www.studiokohler.com/js/s7responsiveimage.js:98
[  325210ms] [ERROR] Refused to execute script from 'https://www.studiokohler.com/content/dam/kohler-kds/navigation/aaf54116_rgb.jpeg?req=props,json&scl=1&id=-1993983485&handler=s7RIJSONResponse' because its MIME type ('image/jpeg') is not executable, and strict MIME type checking is enabled. @ https://www.studiokohler.com/js/s7responsiveimage.js:98
[  325211ms] [ERROR] Refused to execute script from 'https://www.studiokohler.com/content/dam/kohler-kds/navigation/aaf54116_rgb.jpeg?req=set,json&id=595995143&handler=s7RIJSONResponse' because its MIME type ('image/jpeg') is not executable, and strict MIME type checking is enabled. @ https://www.studiokohler.com/js/s7responsiveimage.js:98
[  325211ms] [ERROR] Refused to execute script from 'https://www.studiokohler.com/content/dam/kohler-kds/navigation/d2c0043993_rgb.jpg?req=props,json&scl=1&id=-1685132386&handler=s7RIJSONResponse' because its MIME type ('image/jpeg') is not executable, and strict MIME type checking is enabled. @ https://www.studiokohler.com/js/s7responsiveimage.js:98
[  325211ms] [ERROR] Refused to execute script from 'https://www.studiokohler.com/content/dam/kohler-kds/navigation/d2c0043993_rgb.jpg?req=set,json&id=1337697954&handler=s7RIJSONResponse' because its MIME type ('image/jpeg') is not executable, and strict MIME type checking is enabled. @ https://www.studiokohler.com/js/s7responsiveimage.js:98
[  325211ms] [ERROR] Refused to execute script from 'https://www.studiokohler.com/content/dam/kohler-kds/navigation/aaj10834.jpeg?req=props,json&scl=1&id=150453172&handler=s7RIJSONResponse' because its MIME type ('image/jpeg') is not executable, and strict MIME type checking is enabled. @ https://www.studiokohler.com/js/s7responsiveimage.js:98
[  325211ms] [ERROR] Refused to execute script from 'https://www.studiokohler.com/content/dam/kohler-kds/navigation/aaj10834.jpeg?req=set,json&id=-974590792&handler=s7RIJSONResponse' because its MIME type ('image/jpeg') is not executable, and strict MIME type checking is enabled. @ https://www.studiokohler.com/js/s7responsiveimage.js:98
[  325211ms] [ERROR] Refused to execute script from 'https://www.studiokohler.com/content/dam/kohler-kds/larg-image-and-text-block/aaj98359_rgb.jpg?req=props,json&scl=1&id=-892984135&handler=s7RIJSONResponse' because its MIME type ('image/jpeg') is not executable, and strict MIME type checking is enabled. @ https://www.studiokohler.com/js/s7responsiveimage.js:98
[  325211ms] [ERROR] Refused to execute script from 'https://www.studiokohler.com/content/dam/kohler-kds/larg-image-and-text-block/aaj98359_rgb.jpg?req=set,json&id=92220093&handler=s7RIJSONResponse' because its MIME type ('image/jpeg') is not executable, and strict MIME type checking is enabled. @ https://www.studiokohler.com/js/s7responsiveimage.js:98
[  325211ms] [ERROR] Refused to execute script from 'https://www.studiokohler.com/content/dam/kohler-kds/navigation/aai11078.jpeg?req=props,json&scl=1&id=-545430548&handler=s7RIJSONResponse' because its MIME type ('image/jpeg') is not executable, and strict MIME type checking is enabled. @ https://www.studiokohler.com/js/s7responsiveimage.js:98
[  325211ms] [ERROR] Refused to execute script from 'https://www.studiokohler.com/content/dam/kohler-kds/navigation/aai11078.jpeg?req=set,json&id=-1059697424&handler=s7RIJSONResponse' because its MIME type ('image/jpeg') is not executable, and strict MIME type checking is enabled. @ https://www.studiokohler.com/js/s7responsiveimage.js:98
[  325252ms] [WARNING] [Meta Pixel] - Duplicate Pixel ID: 117823355284455. @ https://connect.facebook.net/en_US/fbevents.js:203
[  325443ms] [LOG] Testing============== @ https://assets.adobedtm.com/846ae6cc52a8/04305b11409a/launch-ENc97853c5e46d4f92bdf0b75e595632cf.min.js:8
[  325443ms] [LOG] 0 @ https://assets.adobedtm.com/846ae6cc52a8/04305b11409a/launch-ENc97853c5e46d4f92bdf0b75e595632cf.min.js:8
[  325639ms] [LOG] Triggered at 25% scroll height @ :1
[  328062ms] [WARNING] The resource https://globalkohler.my.site.com/ESWStudioKohlerMIAWCha1785991579828/webruntime/component/5b8557d8725fba2dbf2e6a4968ec430c/prod/en-US/force/luvioRuntimeWebruntime_cmp was preloaded using link preload but not used within a few seconds from the window's load event. Please make sure it has an appropriate `as` value and it is preloaded intentionally. @ https://globalkohler.my.site.com/ESWStudioKohlerMIAWCha1785991579828/assets/htdocs/sitecontext.min.html?parent_domain=https%3A%2F%2Fwww.studiokohler.com:0
[  328062ms] [WARNING] The resource https://globalkohler.my.site.com/ESWStudioKohlerMIAWCha1785991579828/webruntime/framework/cb2c1a2c50/prod/lwr_app_bootstrap_hook was preloaded using link preload but not used within a few seconds from the window's load event. Please make sure it has an appropriate `as` value and it is preloaded intentionally. @ https://globalkohler.my.site.com/ESWStudioKohlerMIAWCha1785991579828/assets/htdocs/sitecontext.min.html?parent_domain=https%3A%2F%2Fwww.studiokohler.com:0
[  328062ms] [WARNING] The resource https://globalkohler.my.site.com/ESWStudioKohlerMIAWCha1785991579828/webruntime/framework/b73515aaa5/prod/lwr_bootstrap was preloaded using link preload but not used within a few seconds from the window's load event. Please make sure it has an appropriate `as` value and it is preloaded intentionally. @ https://globalkohler.my.site.com/ESWStudioKohlerMIAWCha1785991579828/assets/htdocs/sitecontext.min.html?parent_domain=https%3A%2F%2Fwww.studiokohler.com:0
[  328062ms] [WARNING] The resource https://globalkohler.my.site.com/ESWStudioKohlerMIAWCha1785991579828/assets/styles/salesforce-lightning-design-system.min.css?e298b32610 was preloaded using link preload but not used within a few seconds from the window's load event. Please make sure it has an appropriate `as` value and it is preloaded intentionally. @ https://globalkohler.my.site.com/ESWStudioKohlerMIAWCha1785991579828/assets/htdocs/sitecontext.min.html?parent_domain=https%3A%2F%2Fwww.studiokohler.com:0
[  328062ms] [WARNING] The resource https://globalkohler.my.site.com/ESWStudioKohlerMIAWCha1785991579828/webruntime/view/a13680776f58817c268b3c4382572239/prod/en-US/frame_view was preloaded using link preload but not used within a few seconds from the window's load event. Please make sure it has an appropriate `as` value and it is preloaded intentionally. @ https://globalkohler.my.site.com/ESWStudioKohlerMIAWCha1785991579828/assets/htdocs/sitecontext.min.html?parent_domain=https%3A%2F%2Fwww.studiokohler.com:0
[  328062ms] [WARNING] The resource https://globalkohler.my.site.com/ESWStudioKohlerMIAWCha1785991579828/webruntime/framework/6186554a8e/prod/lwr_app was preloaded using link preload but not used within a few seconds from the window's load event. Please make sure it has an appropriate `as` value and it is preloaded intentionally. @ https://globalkohler.my.site.com/ESWStudioKohlerMIAWCha1785991579828/assets/htdocs/sitecontext.min.html?parent_domain=https%3A%2F%2Fwww.studiokohler.com:0
[  328062ms] [WARNING] The resource https://globalkohler.my.site.com/ESWStudioKohlerMIAWCha1785991579828/assets/styles/embedded-messaging-styling.min.css?e298b32610 was preloaded using link preload but not used within a few seconds from the window's load event. Please make sure it has an appropriate `as` value and it is preloaded intentionally. @ https://globalkohler.my.site.com/ESWStudioKohlerMIAWCha1785991579828/assets/htdocs/sitecontext.min.html?parent_domain=https%3A%2F%2Fwww.studiokohler.com:0
[  328062ms] [WARNING] The resource https://globalkohler.my.site.com/ESWStudioKohlerMIAWCha1785991579828/webruntime/view/3a680bd1b3e3045a99687a2950898fdf/prod/en-US/home_view was preloaded using link preload but not used within a few seconds from the window's load event. Please make sure it has an appropriate `as` value and it is preloaded intentionally. @ https://globalkohler.my.site.com/ESWStudioKohlerMIAWCha1785991579828/assets/htdocs/sitecontext.min.html?parent_domain=https%3A%2F%2Fwww.studiokohler.com:0
[  328062ms] [WARNING] The resource https://globalkohler.my.site.com/ESWStudioKohlerMIAWCha1785991579828/webruntime/framework/6ce0b87300/prod/lwr_loader was preloaded using link preload but not used within a few seconds from the window's load event. Please make sure it has an appropriate `as` value and it is preloaded intentionally. @ https://globalkohler.my.site.com/ESWStudioKohlerMIAWCha1785991579828/assets/htdocs/sitecontext.min.html?parent_domain=https%3A%2F%2Fwww.studiokohler.com:0
[  328062ms] [WARNING] The resource https://globalkohler.my.site.com/ESWStudioKohlerMIAWCha1785991579828/webruntime/component/259a789b5905e4a3e65c0942cc97421d/prod/en-US/force/luvioLwcBindings_cmp was preloaded using link preload but not used within a few seconds from the window's load event. Please make sure it has an appropriate `as` value and it is preloaded intentionally. @ https://globalkohler.my.site.com/ESWStudioKohlerMIAWCha1785991579828/assets/htdocs/sitecontext.min.html?parent_domain=https%3A%2F%2Fwww.studiokohler.com:0
[  328062ms] [WARNING] The resource https://globalkohler.my.site.com/ESWStudioKohlerMIAWCha1785991579828/webruntime/framework/c6f5ab53a7/prod/lwr_lwc was preloaded using link preload but not used within a few seconds from the window's load event. Please make sure it has an appropriate `as` value and it is preloaded intentionally. @ https://globalkohler.my.site.com/ESWStudioKohlerMIAWCha1785991579828/assets/htdocs/sitecontext.min.html?parent_domain=https%3A%2F%2Fwww.studiokohler.com:0
[  329928ms] [WARNING] The resource https://www.studiokohler.com/_next/static/chunks/0hqnmwnsg1zbt.css was preloaded using link preload but not used within a few seconds from the window's load event. Please make sure it has an appropriate `as` value and it is preloaded intentionally. @ https://www.studiokohler.com/products/bathroom/bathroom-sinks?fq=InstallationType%3A%22Vessel%22:0
[  338921ms] [WARNING] The resource https://www.studiokohler.com/_next/static/chunks/0hqnmwnsg1zbt.css was preloaded using link preload but not used within a few seconds from the window's load event. Please make sure it has an appropriate `as` value and it is preloaded intentionally. @ https://www.studiokohler.com/products/bathroom/bathroom-sinks?fq=InstallationType%3A%22Vessel%22:0
[  353719ms] [LOG] Event Name linkclick @ https://assets.adobedtm.com/846ae6cc52a8/04305b11409a/launch-ENc97853c5e46d4f92bdf0b75e595632cf.min.js:9
[  354563ms] Error: Minified React error #418; visit https://react.dev/errors/418?args[]=HTML&args[]= for the full message or use the non-minified dev environment for full errors and additional helpful warnings.
    at rX (https://www.studiokohler.com/_next/static/chunks/0~7nm1~zg71g0.js:1:46254)
    at iu (https://www.studiokohler.com/_next/static/chunks/0~7nm1~zg71g0.js:1:97295)
    at sd (https://www.studiokohler.com/_next/static/chunks/0~7nm1~zg71g0.js:1:137985)
    at https://www.studiokohler.com/_next/static/chunks/0~7nm1~zg71g0.js:1:137830
    at sf (https://www.studiokohler.com/_next/static/chunks/0~7nm1~zg71g0.js:1:137838)
    at se (https://www.studiokohler.com/_next/static/chunks/0~7nm1~zg71g0.js:1:132978)
    at sW (https://www.studiokohler.com/_next/static/chunks/0~7nm1~zg71g0.js:1:159657)
    at sU (https://www.studiokohler.com/_next/static/chunks/0~7nm1~zg71g0.js:1:157871)
    at sH (https://www.studiokohler.com/_next/static/chunks/0~7nm1~zg71g0.js:1:158215)
    at https://www.studiokohler.com/_next/static/chunks/0~7nm1~zg71g0.js:1:157500
[  354579ms] SyntaxError: Failed to execute 'querySelector' on 'Document': 'link[rel="preload"][as="script"][href="\a https://resources.digital-cloud-west.medallia.com/wdcwest/740343/onsite/embed.js\a "]' is not a valid selector.
    at Object.L (https://www.studiokohler.com/_next/static/chunks/0~7nm1~zg71g0.js:1:190038)
    at r.preload (https://www.studiokohler.com/_next/static/chunks/0_5ax_b188xq6.js:1:12765)
    at v (https://www.studiokohler.com/_next/static/chunks/0f1l2no-9vj_c.js:1:6977)
    at ay (https://www.studiokohler.com/_next/static/chunks/0~7nm1~zg71g0.js:1:62886)
    at oJ (https://www.studiokohler.com/_next/static/chunks/0~7nm1~zg71g0.js:1:83143)
    at iu (https://www.studiokohler.com/_next/static/chunks/0~7nm1~zg71g0.js:1:93735)
    at sd (https://www.studiokohler.com/_next/static/chunks/0~7nm1~zg71g0.js:1:137985)
    at https://www.studiokohler.com/_next/static/chunks/0~7nm1~zg71g0.js:1:137830
    at sf (https://www.studiokohler.com/_next/static/chunks/0~7nm1~zg71g0.js:1:137838)
    at se (https://www.studiokohler.com/_next/static/chunks/0~7nm1~zg71g0.js:1:132978)
[  354579ms] SyntaxError: Failed to execute 'querySelector' on 'Document': 'link[rel="preload"][as="script"][href="\a https://resources.digital-cloud-west.medallia.com/wdcwest/740343/onsite/embed.js\a "]' is not a valid selector.
    at Object.L (https://www.studiokohler.com/_next/static/chunks/0~7nm1~zg71g0.js:1:190038)
    at r.preload (https://www.studiokohler.com/_next/static/chunks/0_5ax_b188xq6.js:1:12765)
    at v (https://www.studiokohler.com/_next/static/chunks/0f1l2no-9vj_c.js:1:6977)
    at ay (https://www.studiokohler.com/_next/static/chunks/0~7nm1~zg71g0.js:1:62886)
    at oJ (https://www.studiokohler.com/_next/static/chunks/0~7nm1~zg71g0.js:1:83143)
    at iu (https://www.studiokohler.com/_next/static/chunks/0~7nm1~zg71g0.js:1:93735)
    at sd (https://www.studiokohler.com/_next/static/chunks/0~7nm1~zg71g0.js:1:137985)
    at https://www.studiokohler.com/_next/static/chunks/0~7nm1~zg71g0.js:1:137830
    at sf (https://www.studiokohler.com/_next/static/chunks/0~7nm1~zg71g0.js:1:137838)
    at se (https://www.studiokohler.com/_next/static/chunks/0~7nm1~zg71g0.js:1:132978)
[  354636ms] [WARNING] 🚀 container.buildInfo.environment is deprecated.Please use `container.environment.stage` instead @ https://assets.adobedtm.com/846ae6cc52a8/04305b11409a/launch-ENc97853c5e46d4f92bdf0b75e595632cf.min.js:14
[  354705ms] [WARNING] [Meta Pixel] - Duplicate Pixel ID: 117823355284455. @ https://connect.facebook.net/en_US/fbevents.js:203
[  354878ms] [WARNING] 🚀 _satellite.setCookie is deprecated. Please use _satellite.cookie.set("ecid", "17600893917683730944237762692949821572"). @ https://assets.adobedtm.com/846ae6cc52a8/04305b11409a/launch-ENc97853c5e46d4f92bdf0b75e595632cf.min.js:14
[  355266ms] [LOG] Triggered at 100% scroll height @ :1
[  355638ms] [LOG] Testing============== @ https://assets.adobedtm.com/846ae6cc52a8/04305b11409a/launch-ENc97853c5e46d4f92bdf0b75e595632cf.min.js:8
[  355638ms] [LOG] 0 @ https://assets.adobedtm.com/846ae6cc52a8/04305b11409a/launch-ENc97853c5e46d4f92bdf0b75e595632cf.min.js:8
[  357532ms] [ERROR] Refused to execute script from 'https://www.studiokohler.com/content/dam/kohler-kds/navigation/aaf54114_rgb.jpeg?req=props,json&scl=1&id=1599383937&handler=s7RIJSONResponse' because its MIME type ('image/jpeg') is not executable, and strict MIME type checking is enabled. @ https://www.studiokohler.com/js/s7responsiveimage.js:98
[  357532ms] [ERROR] Refused to execute script from 'https://www.studiokohler.com/content/dam/kohler-kds/navigation/aaf54114_rgb.jpeg?req=set,json&id=-1893533819&handler=s7RIJSONResponse' because its MIME type ('image/jpeg') is not executable, and strict MIME type checking is enabled. @ https://www.studiokohler.com/js/s7responsiveimage.js:98
[  357533ms] [ERROR] Refused to execute script from 'https://www.studiokohler.com/content/dam/kohler-kds/navigation/aaf54116_rgb.jpeg?req=props,json&scl=1&id=-1993983485&handler=s7RIJSONResponse' because its MIME type ('image/jpeg') is not executable, and strict MIME type checking is enabled. @ https://www.studiokohler.com/js/s7responsiveimage.js:98
[  357533ms] [ERROR] Refused to execute script from 'https://www.studiokohler.com/content/dam/kohler-kds/navigation/aaf54116_rgb.jpeg?req=set,json&id=595995143&handler=s7RIJSONResponse' because its MIME type ('image/jpeg') is not executable, and strict MIME type checking is enabled. @ https://www.studiokohler.com/js/s7responsiveimage.js:98
[  357533ms] [ERROR] Refused to execute script from 'https://www.studiokohler.com/content/dam/kohler-kds/navigation/d2c0043993_rgb.jpg?req=props,json&scl=1&id=-1685132386&handler=s7RIJSONResponse' because its MIME type ('image/jpeg') is not executable, and strict MIME type checking is enabled. @ https://www.studiokohler.com/js/s7responsiveimage.js:98
[  357533ms] [ERROR] Refused to execute script from 'https://www.studiokohler.com/content/dam/kohler-kds/navigation/d2c0043993_rgb.jpg?req=set,json&id=1337697954&handler=s7RIJSONResponse' because its MIME type ('image/jpeg') is not executable, and strict MIME type checking is enabled. @ https://www.studiokohler.com/js/s7responsiveimage.js:98
[  357534ms] [ERROR] Refused to execute script from 'https://www.studiokohler.com/content/dam/kohler-kds/navigation/aaj10834.jpeg?req=props,json&scl=1&id=150453172&handler=s7RIJSONResponse' because its MIME type ('image/jpeg') is not executable, and strict MIME type checking is enabled. @ https://www.studiokohler.com/js/s7responsiveimage.js:98
[  357534ms] [ERROR] Refused to execute script from 'https://www.studiokohler.com/content/dam/kohler-kds/navigation/aaj10834.jpeg?req=set,json&id=-974590792&handler=s7RIJSONResponse' because its MIME type ('image/jpeg') is not executable, and strict MIME type checking is enabled. @ https://www.studiokohler.com/js/s7responsiveimage.js:98
[  357534ms] [ERROR] Refused to execute script from 'https://www.studiokohler.com/content/dam/kohler-kds/larg-image-and-text-block/aaj98359_rgb.jpg?req=props,json&scl=1&id=-892984135&handler=s7RIJSONResponse' because its MIME type ('image/jpeg') is not executable, and strict MIME type checking is enabled. @ https://www.studiokohler.com/js/s7responsiveimage.js:98
[  357534ms] [ERROR] Refused to execute script from 'https://www.studiokohler.com/content/dam/kohler-kds/larg-image-and-text-block/aaj98359_rgb.jpg?req=set,json&id=92220093&handler=s7RIJSONResponse' because its MIME type ('image/jpeg') is not executable, and strict MIME type checking is enabled. @ https://www.studiokohler.com/js/s7responsiveimage.js:98
[  357535ms] [ERROR] Refused to execute script from 'https://www.studiokohler.com/content/dam/kohler-kds/navigation/aai11078.jpeg?req=props,json&scl=1&id=-545430548&handler=s7RIJSONResponse' because its MIME type ('image/jpeg') is not executable, and strict MIME type checking is enabled. @ https://www.studiokohler.com/js/s7responsiveimage.js:98
[  357535ms] [ERROR] Refused to execute script from 'https://www.studiokohler.com/content/dam/kohler-kds/navigation/aai11078.jpeg?req=set,json&id=-1059697424&handler=s7RIJSONResponse' because its MIME type ('image/jpeg') is not executable, and strict MIME type checking is enabled. @ https://www.studiokohler.com/js/s7responsiveimage.js:98
[  359973ms] [LOG] Event Name linkclick @ https://assets.adobedtm.com/846ae6cc52a8/04305b11409a/launch-ENc97853c5e46d4f92bdf0b75e595632cf.min.js:9
[  360461ms] [WARNING] Blocked aria-hidden on an element because its descendant retained focus. The focus must not be hidden from assistive technology users. Avoid using aria-hidden on a focused element or its ancestor. Consider using the inert attribute instead, which will also prevent focus. For more details, see the aria-hidden section of the WAI-ARIA specification at https://w3c.github.io/aria/#aria-hidden.
Element with focus: <a.dTpXP OverlayMenuLinks-module-scss-module__g1t2uG__overlayMenuCategoryLinksLink _6C-0Q dsm-typography-a-navigation-overlay-item-s>
Ancestor with aria-hidden: <div.MainNavigationBar-module-scss-module__dC6d8G__navigationOverlayMenuWrapper> @ https://www.studiokohler.com/products/bathroom/bathroom-sinks?fq=InstallationType%3A%22Console+Top%22:0
[  360589ms] SyntaxError: Failed to execute 'querySelector' on 'Document': 'link[rel="preload"][as="script"][href="\a https://resources.digital-cloud-west.medallia.com/wdcwest/740343/onsite/embed.js\a "]' is not a valid selector.
    at Object.L (https://www.studiokohler.com/_next/static/chunks/0~7nm1~zg71g0.js:1:190038)
    at r.preload (https://www.studiokohler.com/_next/static/chunks/0_5ax_b188xq6.js:1:12765)
    at v (https://www.studiokohler.com/_next/static/chunks/0f1l2no-9vj_c.js:1:6977)
    at ay (https://www.studiokohler.com/_next/static/chunks/0~7nm1~zg71g0.js:1:62886)
    at oJ (https://www.studiokohler.com/_next/static/chunks/0~7nm1~zg71g0.js:1:83143)
    at iu (https://www.studiokohler.com/_next/static/chunks/0~7nm1~zg71g0.js:1:93735)
    at sd (https://www.studiokohler.com/_next/static/chunks/0~7nm1~zg71g0.js:1:137985)
    at https://www.studiokohler.com/_next/static/chunks/0~7nm1~zg71g0.js:1:137830
    at sf (https://www.studiokohler.com/_next/static/chunks/0~7nm1~zg71g0.js:1:137838)
    at se (https://www.studiokohler.com/_next/static/chunks/0~7nm1~zg71g0.js:1:132978)
[  360589ms] SyntaxError: Failed to execute 'querySelector' on 'Document': 'link[rel="preload"][as="script"][href="\a https://resources.digital-cloud-west.medallia.com/wdcwest/740343/onsite/embed.js\a "]' is not a valid selector.
    at Object.L (https://www.studiokohler.com/_next/static/chunks/0~7nm1~zg71g0.js:1:190038)
    at r.preload (https://www.studiokohler.com/_next/static/chunks/0_5ax_b188xq6.js:1:12765)
    at v (https://www.studiokohler.com/_next/static/chunks/0f1l2no-9vj_c.js:1:6977)
    at ay (https://www.studiokohler.com/_next/static/chunks/0~7nm1~zg71g0.js:1:62886)
    at oJ (https://www.studiokohler.com/_next/static/chunks/0~7nm1~zg71g0.js:1:83143)
    at iu (https://www.studiokohler.com/_next/static/chunks/0~7nm1~zg71g0.js:1:93735)
    at sd (https://www.studiokohler.com/_next/static/chunks/0~7nm1~zg71g0.js:1:137985)
    at https://www.studiokohler.com/_next/static/chunks/0~7nm1~zg71g0.js:1:137830
    at sf (https://www.studiokohler.com/_next/static/chunks/0~7nm1~zg71g0.js:1:137838)
    at se (https://www.studiokohler.com/_next/static/chunks/0~7nm1~zg71g0.js:1:132978)
[  360680ms] [WARNING] 🚀 container.buildInfo.environment is deprecated.Please use `container.environment.stage` instead @ https://assets.adobedtm.com/846ae6cc52a8/04305b11409a/launch-ENc97853c5e46d4f92bdf0b75e595632cf.min.js:14
[  360766ms] [WARNING] [Meta Pixel] - Duplicate Pixel ID: 117823355284455. @ https://connect.facebook.net/en_US/fbevents.js:203
[  361250ms] [WARNING] 🚀 _satellite.setCookie is deprecated. Please use _satellite.cookie.set("ecid", "17600893917683730944237762692949821572"). @ https://assets.adobedtm.com/846ae6cc52a8/04305b11409a/launch-ENc97853c5e46d4f92bdf0b75e595632cf.min.js:14
[  361254ms] [LOG] Triggered at 100% scroll height @ :1
[  361682ms] [LOG] Testing============== @ https://assets.adobedtm.com/846ae6cc52a8/04305b11409a/launch-ENc97853c5e46d4f92bdf0b75e595632cf.min.js:8
[  361682ms] [LOG] 0 @ https://assets.adobedtm.com/846ae6cc52a8/04305b11409a/launch-ENc97853c5e46d4f92bdf0b75e595632cf.min.js:8
[  363571ms] [ERROR] Refused to execute script from 'https://www.studiokohler.com/content/dam/kohler-kds/navigation/aaf54114_rgb.jpeg?req=props,json&scl=1&id=1599383937&handler=s7RIJSONResponse' because its MIME type ('image/jpeg') is not executable, and strict MIME type checking is enabled. @ https://www.studiokohler.com/js/s7responsiveimage.js:98
[  363572ms] [ERROR] Refused to execute script from 'https://www.studiokohler.com/content/dam/kohler-kds/navigation/aaf54114_rgb.jpeg?req=set,json&id=-1893533819&handler=s7RIJSONResponse' because its MIME type ('image/jpeg') is not executable, and strict MIME type checking is enabled. @ https://www.studiokohler.com/js/s7responsiveimage.js:98
[  363574ms] [ERROR] Refused to execute script from 'https://www.studiokohler.com/content/dam/kohler-kds/navigation/aaf54116_rgb.jpeg?req=props,json&scl=1&id=-1993983485&handler=s7RIJSONResponse' because its MIME type ('image/jpeg') is not executable, and strict MIME type checking is enabled. @ https://www.studiokohler.com/js/s7responsiveimage.js:98
[  363574ms] [ERROR] Refused to execute script from 'https://www.studiokohler.com/content/dam/kohler-kds/navigation/aaf54116_rgb.jpeg?req=set,json&id=595995143&handler=s7RIJSONResponse' because its MIME type ('image/jpeg') is not executable, and strict MIME type checking is enabled. @ https://www.studiokohler.com/js/s7responsiveimage.js:98
[  363575ms] [ERROR] Refused to execute script from 'https://www.studiokohler.com/content/dam/kohler-kds/navigation/d2c0043993_rgb.jpg?req=props,json&scl=1&id=-1685132386&handler=s7RIJSONResponse' because its MIME type ('image/jpeg') is not executable, and strict MIME type checking is enabled. @ https://www.studiokohler.com/js/s7responsiveimage.js:98
[  363575ms] [ERROR] Refused to execute script from 'https://www.studiokohler.com/content/dam/kohler-kds/navigation/d2c0043993_rgb.jpg?req=set,json&id=1337697954&handler=s7RIJSONResponse' because its MIME type ('image/jpeg') is not executable, and strict MIME type checking is enabled. @ https://www.studiokohler.com/js/s7responsiveimage.js:98
[  363576ms] [ERROR] Refused to execute script from 'https://www.studiokohler.com/content/dam/kohler-kds/navigation/aaj10834.jpeg?req=props,json&scl=1&id=150453172&handler=s7RIJSONResponse' because its MIME type ('image/jpeg') is not executable, and strict MIME type checking is enabled. @ https://www.studiokohler.com/js/s7responsiveimage.js:98
[  363576ms] [ERROR] Refused to execute script from 'https://www.studiokohler.com/content/dam/kohler-kds/navigation/aaj10834.jpeg?req=set,json&id=-974590792&handler=s7RIJSONResponse' because its MIME type ('image/jpeg') is not executable, and strict MIME type checking is enabled. @ https://www.studiokohler.com/js/s7responsiveimage.js:98
[  363577ms] [ERROR] Refused to execute script from 'https://www.studiokohler.com/content/dam/kohler-kds/larg-image-and-text-block/aaj98359_rgb.jpg?req=props,json&scl=1&id=-892984135&handler=s7RIJSONResponse' because its MIME type ('image/jpeg') is not executable, and strict MIME type checking is enabled. @ https://www.studiokohler.com/js/s7responsiveimage.js:98
[  363577ms] [ERROR] Refused to execute script from 'https://www.studiokohler.com/content/dam/kohler-kds/larg-image-and-text-block/aaj98359_rgb.jpg?req=set,json&id=92220093&handler=s7RIJSONResponse' because its MIME type ('image/jpeg') is not executable, and strict MIME type checking is enabled. @ https://www.studiokohler.com/js/s7responsiveimage.js:98
[  363577ms] [ERROR] Refused to execute script from 'https://www.studiokohler.com/content/dam/kohler-kds/navigation/aai11078.jpeg?req=props,json&scl=1&id=-545430548&handler=s7RIJSONResponse' because its MIME type ('image/jpeg') is not executable, and strict MIME type checking is enabled. @ https://www.studiokohler.com/js/s7responsiveimage.js:98
[  363578ms] [ERROR] Refused to execute script from 'https://www.studiokohler.com/content/dam/kohler-kds/navigation/aai11078.jpeg?req=set,json&id=-1059697424&handler=s7RIJSONResponse' because its MIME type ('image/jpeg') is not executable, and strict MIME type checking is enabled. @ https://www.studiokohler.com/js/s7responsiveimage.js:98
[  365264ms] [WARNING] The resource https://globalkohler.my.site.com/ESWStudioKohlerMIAWCha1785991579828/webruntime/component/5b8557d8725fba2dbf2e6a4968ec430c/prod/en-US/force/luvioRuntimeWebruntime_cmp was preloaded using link preload but not used within a few seconds from the window's load event. Please make sure it has an appropriate `as` value and it is preloaded intentionally. @ https://globalkohler.my.site.com/ESWStudioKohlerMIAWCha1785991579828/assets/htdocs/sitecontext.min.html?parent_domain=https%3A%2F%2Fwww.studiokohler.com:0
[  365264ms] [WARNING] The resource https://globalkohler.my.site.com/ESWStudioKohlerMIAWCha1785991579828/webruntime/framework/cb2c1a2c50/prod/lwr_app_bootstrap_hook was preloaded using link preload but not used within a few seconds from the window's load event. Please make sure it has an appropriate `as` value and it is preloaded intentionally. @ https://globalkohler.my.site.com/ESWStudioKohlerMIAWCha1785991579828/assets/htdocs/sitecontext.min.html?parent_domain=https%3A%2F%2Fwww.studiokohler.com:0
[  365264ms] [WARNING] The resource https://globalkohler.my.site.com/ESWStudioKohlerMIAWCha1785991579828/webruntime/framework/b73515aaa5/prod/lwr_bootstrap was preloaded using link preload but not used within a few seconds from the window's load event. Please make sure it has an appropriate `as` value and it is preloaded intentionally. @ https://globalkohler.my.site.com/ESWStudioKohlerMIAWCha1785991579828/assets/htdocs/sitecontext.min.html?parent_domain=https%3A%2F%2Fwww.studiokohler.com:0
[  365264ms] [WARNING] The resource https://globalkohler.my.site.com/ESWStudioKohlerMIAWCha1785991579828/assets/styles/salesforce-lightning-design-system.min.css?e298b32610 was preloaded using link preload but not used within a few seconds from the window's load event. Please make sure it has an appropriate `as` value and it is preloaded intentionally. @ https://globalkohler.my.site.com/ESWStudioKohlerMIAWCha1785991579828/assets/htdocs/sitecontext.min.html?parent_domain=https%3A%2F%2Fwww.studiokohler.com:0
[  365264ms] [WARNING] The resource https://globalkohler.my.site.com/ESWStudioKohlerMIAWCha1785991579828/webruntime/view/a13680776f58817c268b3c4382572239/prod/en-US/frame_view was preloaded using link preload but not used within a few seconds from the window's load event. Please make sure it has an appropriate `as` value and it is preloaded intentionally. @ https://globalkohler.my.site.com/ESWStudioKohlerMIAWCha1785991579828/assets/htdocs/sitecontext.min.html?parent_domain=https%3A%2F%2Fwww.studiokohler.com:0
[  365264ms] [WARNING] The resource https://globalkohler.my.site.com/ESWStudioKohlerMIAWCha1785991579828/webruntime/framework/6186554a8e/prod/lwr_app was preloaded using link preload but not used within a few seconds from the window's load event. Please make sure it has an appropriate `as` value and it is preloaded intentionally. @ https://globalkohler.my.site.com/ESWStudioKohlerMIAWCha1785991579828/assets/htdocs/sitecontext.min.html?parent_domain=https%3A%2F%2Fwww.studiokohler.com:0
[  365264ms] [WARNING] The resource https://globalkohler.my.site.com/ESWStudioKohlerMIAWCha1785991579828/assets/styles/embedded-messaging-styling.min.css?e298b32610 was preloaded using link preload but not used within a few seconds from the window's load event. Please make sure it has an appropriate `as` value and it is preloaded intentionally. @ https://globalkohler.my.site.com/ESWStudioKohlerMIAWCha1785991579828/assets/htdocs/sitecontext.min.html?parent_domain=https%3A%2F%2Fwww.studiokohler.com:0
[  365264ms] [WARNING] The resource https://globalkohler.my.site.com/ESWStudioKohlerMIAWCha1785991579828/webruntime/view/3a680bd1b3e3045a99687a2950898fdf/prod/en-US/home_view was preloaded using link preload but not used within a few seconds from the window's load event. Please make sure it has an appropriate `as` value and it is preloaded intentionally. @ https://globalkohler.my.site.com/ESWStudioKohlerMIAWCha1785991579828/assets/htdocs/sitecontext.min.html?parent_domain=https%3A%2F%2Fwww.studiokohler.com:0
[  365264ms] [WARNING] The resource https://globalkohler.my.site.com/ESWStudioKohlerMIAWCha1785991579828/webruntime/framework/6ce0b87300/prod/lwr_loader was preloaded using link preload but not used within a few seconds from the window's load event. Please make sure it has an appropriate `as` value and it is preloaded intentionally. @ https://globalkohler.my.site.com/ESWStudioKohlerMIAWCha1785991579828/assets/htdocs/sitecontext.min.html?parent_domain=https%3A%2F%2Fwww.studiokohler.com:0
[  365264ms] [WARNING] The resource https://globalkohler.my.site.com/ESWStudioKohlerMIAWCha1785991579828/webruntime/component/259a789b5905e4a3e65c0942cc97421d/prod/en-US/force/luvioLwcBindings_cmp was preloaded using link preload but not used within a few seconds from the window's load event. Please make sure it has an appropriate `as` value and it is preloaded intentionally. @ https://globalkohler.my.site.com/ESWStudioKohlerMIAWCha1785991579828/assets/htdocs/sitecontext.min.html?parent_domain=https%3A%2F%2Fwww.studiokohler.com:0
[  365264ms] [WARNING] The resource https://globalkohler.my.site.com/ESWStudioKohlerMIAWCha1785991579828/webruntime/framework/c6f5ab53a7/prod/lwr_lwc was preloaded using link preload but not used within a few seconds from the window's load event. Please make sure it has an appropriate `as` value and it is preloaded intentionally. @ https://globalkohler.my.site.com/ESWStudioKohlerMIAWCha1785991579828/assets/htdocs/sitecontext.min.html?parent_domain=https%3A%2F%2Fwww.studiokohler.com:0
[  366580ms] [WARNING] The resource https://www.studiokohler.com/_next/static/chunks/0hqnmwnsg1zbt.css was preloaded using link preload but not used within a few seconds from the window's load event. Please make sure it has an appropriate `as` value and it is preloaded intentionally. @ https://www.studiokohler.com/products/bathroom/bathroom-sinks?fq=InstallationType%3A%22Wall+Mount%22:0
[  374378ms] [WARNING] The resource https://www.studiokohler.com/_next/static/chunks/0hqnmwnsg1zbt.css was preloaded using link preload but not used within a few seconds from the window's load event. Please make sure it has an appropriate `as` value and it is preloaded intentionally. @ https://www.studiokohler.com/products/bathroom/bathroom-sinks?fq=InstallationType%3A%22Wall+Mount%22:0
[  424390ms] [WARNING] The resource https://www.studiokohler.com/_next/static/chunks/0hqnmwnsg1zbt.css was preloaded using link preload but not used within a few seconds from the window's load event. Please make sure it has an appropriate `as` value and it is preloaded intentionally. @ https://www.studiokohler.com/products/bathroom/bathroom-sinks?fq=InstallationType%3A%22Wall+Mount%22:0
[  429471ms] [ERROR] Refused to execute script from 'https://www.studiokohler.com/content/dam/kohler-kds/navigation/aaf54114_rgb.jpeg?req=props,json&scl=1&id=1599383937&handler=s7RIJSONResponse' because its MIME type ('image/jpeg') is not executable, and strict MIME type checking is enabled. @ https://www.studiokohler.com/js/s7responsiveimage.js:98
[  429471ms] [ERROR] Refused to execute script from 'https://www.studiokohler.com/content/dam/kohler-kds/navigation/aaf54114_rgb.jpeg?req=set,json&id=-1893533819&handler=s7RIJSONResponse' because its MIME type ('image/jpeg') is not executable, and strict MIME type checking is enabled. @ https://www.studiokohler.com/js/s7responsiveimage.js:98
[  429472ms] [ERROR] Refused to execute script from 'https://www.studiokohler.com/content/dam/kohler-kds/navigation/aaf54116_rgb.jpeg?req=props,json&scl=1&id=-1993983485&handler=s7RIJSONResponse' because its MIME type ('image/jpeg') is not executable, and strict MIME type checking is enabled. @ https://www.studiokohler.com/js/s7responsiveimage.js:98
[  429472ms] [ERROR] Refused to execute script from 'https://www.studiokohler.com/content/dam/kohler-kds/navigation/aaf54116_rgb.jpeg?req=set,json&id=595995143&handler=s7RIJSONResponse' because its MIME type ('image/jpeg') is not executable, and strict MIME type checking is enabled. @ https://www.studiokohler.com/js/s7responsiveimage.js:98
[  429472ms] [ERROR] Refused to execute script from 'https://www.studiokohler.com/content/dam/kohler-kds/navigation/d2c0043993_rgb.jpg?req=props,json&scl=1&id=-1685132386&handler=s7RIJSONResponse' because its MIME type ('image/jpeg') is not executable, and strict MIME type checking is enabled. @ https://www.studiokohler.com/js/s7responsiveimage.js:98
[  429472ms] [ERROR] Refused to execute script from 'https://www.studiokohler.com/content/dam/kohler-kds/navigation/d2c0043993_rgb.jpg?req=set,json&id=1337697954&handler=s7RIJSONResponse' because its MIME type ('image/jpeg') is not executable, and strict MIME type checking is enabled. @ https://www.studiokohler.com/js/s7responsiveimage.js:98
[  429472ms] [ERROR] Refused to execute script from 'https://www.studiokohler.com/content/dam/kohler-kds/navigation/aaj10834.jpeg?req=props,json&scl=1&id=150453172&handler=s7RIJSONResponse' because its MIME type ('image/jpeg') is not executable, and strict MIME type checking is enabled. @ https://www.studiokohler.com/js/s7responsiveimage.js:98
[  429472ms] [ERROR] Refused to execute script from 'https://www.studiokohler.com/content/dam/kohler-kds/navigation/aaj10834.jpeg?req=set,json&id=-974590792&handler=s7RIJSONResponse' because its MIME type ('image/jpeg') is not executable, and strict MIME type checking is enabled. @ https://www.studiokohler.com/js/s7responsiveimage.js:98
[  429472ms] [ERROR] Refused to execute script from 'https://www.studiokohler.com/content/dam/kohler-kds/larg-image-and-text-block/aaj98359_rgb.jpg?req=props,json&scl=1&id=-892984135&handler=s7RIJSONResponse' because its MIME type ('image/jpeg') is not executable, and strict MIME type checking is enabled. @ https://www.studiokohler.com/js/s7responsiveimage.js:98
[  429472ms] [ERROR] Refused to execute script from 'https://www.studiokohler.com/content/dam/kohler-kds/larg-image-and-text-block/aaj98359_rgb.jpg?req=set,json&id=92220093&handler=s7RIJSONResponse' because its MIME type ('image/jpeg') is not executable, and strict MIME type checking is enabled. @ https://www.studiokohler.com/js/s7responsiveimage.js:98
[  429472ms] [ERROR] Refused to execute script from 'https://www.studiokohler.com/content/dam/kohler-kds/navigation/aai11078.jpeg?req=props,json&scl=1&id=-545430548&handler=s7RIJSONResponse' because its MIME type ('image/jpeg') is not executable, and strict MIME type checking is enabled. @ https://www.studiokohler.com/js/s7responsiveimage.js:98
[  429472ms] [ERROR] Refused to execute script from 'https://www.studiokohler.com/content/dam/kohler-kds/navigation/aai11078.jpeg?req=set,json&id=-1059697424&handler=s7RIJSONResponse' because its MIME type ('image/jpeg') is not executable, and strict MIME type checking is enabled. @ https://www.studiokohler.com/js/s7responsiveimage.js:98
[  430508ms] [ERROR] Refused to execute script from 'https://www.studiokohler.com/content/dam/kohler-kds/navigation/aaf54114_rgb.jpeg?req=props,json&scl=1&id=1599383937&handler=s7RIJSONResponse' because its MIME type ('image/jpeg') is not executable, and strict MIME type checking is enabled. @ https://www.studiokohler.com/js/s7responsiveimage.js:98
[  430508ms] [ERROR] Refused to execute script from 'https://www.studiokohler.com/content/dam/kohler-kds/navigation/aaf54114_rgb.jpeg?req=set,json&id=-1893533819&handler=s7RIJSONResponse' because its MIME type ('image/jpeg') is not executable, and strict MIME type checking is enabled. @ https://www.studiokohler.com/js/s7responsiveimage.js:98
[  430508ms] [ERROR] Refused to execute script from 'https://www.studiokohler.com/content/dam/kohler-kds/navigation/aaf54116_rgb.jpeg?req=props,json&scl=1&id=-1993983485&handler=s7RIJSONResponse' because its MIME type ('image/jpeg') is not executable, and strict MIME type checking is enabled. @ https://www.studiokohler.com/js/s7responsiveimage.js:98
[  430508ms] [ERROR] Refused to execute script from 'https://www.studiokohler.com/content/dam/kohler-kds/navigation/aaf54116_rgb.jpeg?req=set,json&id=595995143&handler=s7RIJSONResponse' because its MIME type ('image/jpeg') is not executable, and strict MIME type checking is enabled. @ https://www.studiokohler.com/js/s7responsiveimage.js:98
[  430508ms] [ERROR] Refused to execute script from 'https://www.studiokohler.com/content/dam/kohler-kds/navigation/d2c0043993_rgb.jpg?req=props,json&scl=1&id=-1685132386&handler=s7RIJSONResponse' because its MIME type ('image/jpeg') is not executable, and strict MIME type checking is enabled. @ https://www.studiokohler.com/js/s7responsiveimage.js:98
[  430508ms] [ERROR] Refused to execute script from 'https://www.studiokohler.com/content/dam/kohler-kds/navigation/d2c0043993_rgb.jpg?req=set,json&id=1337697954&handler=s7RIJSONResponse' because its MIME type ('image/jpeg') is not executable, and strict MIME type checking is enabled. @ https://www.studiokohler.com/js/s7responsiveimage.js:98
[  430509ms] [ERROR] Refused to execute script from 'https://www.studiokohler.com/content/dam/kohler-kds/navigation/aaj10834.jpeg?req=props,json&scl=1&id=150453172&handler=s7RIJSONResponse' because its MIME type ('image/jpeg') is not executable, and strict MIME type checking is enabled. @ https://www.studiokohler.com/js/s7responsiveimage.js:98
[  430509ms] [ERROR] Refused to execute script from 'https://www.studiokohler.com/content/dam/kohler-kds/navigation/aaj10834.jpeg?req=set,json&id=-974590792&handler=s7RIJSONResponse' because its MIME type ('image/jpeg') is not executable, and strict MIME type checking is enabled. @ https://www.studiokohler.com/js/s7responsiveimage.js:98
[  430509ms] [ERROR] Refused to execute script from 'https://www.studiokohler.com/content/dam/kohler-kds/larg-image-and-text-block/aaj98359_rgb.jpg?req=props,json&scl=1&id=-892984135&handler=s7RIJSONResponse' because its MIME type ('image/jpeg') is not executable, and strict MIME type checking is enabled. @ https://www.studiokohler.com/js/s7responsiveimage.js:98
[  430509ms] [ERROR] Refused to execute script from 'https://www.studiokohler.com/content/dam/kohler-kds/larg-image-and-text-block/aaj98359_rgb.jpg?req=set,json&id=92220093&handler=s7RIJSONResponse' because its MIME type ('image/jpeg') is not executable, and strict MIME type checking is enabled. @ https://www.studiokohler.com/js/s7responsiveimage.js:98
[  430509ms] [ERROR] Refused to execute script from 'https://www.studiokohler.com/content/dam/kohler-kds/navigation/aai11078.jpeg?req=props,json&scl=1&id=-545430548&handler=s7RIJSONResponse' because its MIME type ('image/jpeg') is not executable, and strict MIME type checking is enabled. @ https://www.studiokohler.com/js/s7responsiveimage.js:98
[  430509ms] [ERROR] Refused to execute script from 'https://www.studiokohler.com/content/dam/kohler-kds/navigation/aai11078.jpeg?req=set,json&id=-1059697424&handler=s7RIJSONResponse' because its MIME type ('image/jpeg') is not executable, and strict MIME type checking is enabled. @ https://www.studiokohler.com/js/s7responsiveimage.js:98
[  434708ms] [WARNING] The resource https://www.studiokohler.com/_next/static/chunks/0hqnmwnsg1zbt.css was preloaded using link preload but not used within a few seconds from the window's load event. Please make sure it has an appropriate `as` value and it is preloaded intentionally. @ https://www.studiokohler.com/products/bathroom/faucets/bathroom-sink-faucets/24804-4n?sku=K-24804-4N-CP:0
[  438799ms] [LOG] Event Name pdp link click @ https://assets.adobedtm.com/846ae6cc52a8/04305b11409a/launch-ENc97853c5e46d4f92bdf0b75e595632cf.min.js:9
[  439575ms] SyntaxError: Failed to execute 'querySelector' on 'Document': 'link[rel="preload"][as="script"][href="\a https://resources.digital-cloud-west.medallia.com/wdcwest/740343/onsite/embed.js\a "]' is not a valid selector.
    at Object.L (https://www.studiokohler.com/_next/static/chunks/0~7nm1~zg71g0.js:1:190038)
    at r.preload (https://www.studiokohler.com/_next/static/chunks/0_5ax_b188xq6.js:1:12765)
    at v (https://www.studiokohler.com/_next/static/chunks/0f1l2no-9vj_c.js:1:6977)
    at ay (https://www.studiokohler.com/_next/static/chunks/0~7nm1~zg71g0.js:1:62886)
    at oJ (https://www.studiokohler.com/_next/static/chunks/0~7nm1~zg71g0.js:1:83143)
    at iu (https://www.studiokohler.com/_next/static/chunks/0~7nm1~zg71g0.js:1:93735)
    at sd (https://www.studiokohler.com/_next/static/chunks/0~7nm1~zg71g0.js:1:137985)
    at https://www.studiokohler.com/_next/static/chunks/0~7nm1~zg71g0.js:1:137830
    at sf (https://www.studiokohler.com/_next/static/chunks/0~7nm1~zg71g0.js:1:137838)
    at se (https://www.studiokohler.com/_next/static/chunks/0~7nm1~zg71g0.js:1:132978)
[  439575ms] SyntaxError: Failed to execute 'querySelector' on 'Document': 'link[rel="preload"][as="script"][href="\a https://resources.digital-cloud-west.medallia.com/wdcwest/740343/onsite/embed.js\a "]' is not a valid selector.
    at Object.L (https://www.studiokohler.com/_next/static/chunks/0~7nm1~zg71g0.js:1:190038)
    at r.preload (https://www.studiokohler.com/_next/static/chunks/0_5ax_b188xq6.js:1:12765)
    at v (https://www.studiokohler.com/_next/static/chunks/0f1l2no-9vj_c.js:1:6977)
    at ay (https://www.studiokohler.com/_next/static/chunks/0~7nm1~zg71g0.js:1:62886)
    at oJ (https://www.studiokohler.com/_next/static/chunks/0~7nm1~zg71g0.js:1:83143)
    at iu (https://www.studiokohler.com/_next/static/chunks/0~7nm1~zg71g0.js:1:93735)
    at sd (https://www.studiokohler.com/_next/static/chunks/0~7nm1~zg71g0.js:1:137985)
    at https://www.studiokohler.com/_next/static/chunks/0~7nm1~zg71g0.js:1:137830
    at sf (https://www.studiokohler.com/_next/static/chunks/0~7nm1~zg71g0.js:1:137838)
    at se (https://www.studiokohler.com/_next/static/chunks/0~7nm1~zg71g0.js:1:132978)
[  439661ms] [WARNING] 🚀 container.buildInfo.environment is deprecated.Please use `container.environment.stage` instead @ https://assets.adobedtm.com/846ae6cc52a8/04305b11409a/launch-ENc97853c5e46d4f92bdf0b75e595632cf.min.js:14
[  440020ms] [WARNING] 🚀 _satellite.setCookie is deprecated. Please use _satellite.cookie.set("ecid", "17600893917683730944237762692949821572"). @ https://assets.adobedtm.com/846ae6cc52a8/04305b11409a/launch-ENc97853c5e46d4f92bdf0b75e595632cf.min.js:14
[  440164ms] [LOG] Triggered at 100% scroll height @ :1
[  440576ms] [ERROR] Refused to execute script from 'https://www.studiokohler.com/content/dam/kohler-kds/navigation/aaf54114_rgb.jpeg?req=props,json&scl=1&id=1599383937&handler=s7RIJSONResponse' because its MIME type ('image/jpeg') is not executable, and strict MIME type checking is enabled. @ https://www.studiokohler.com/js/s7responsiveimage.js:98
[  440576ms] [ERROR] Refused to execute script from 'https://www.studiokohler.com/content/dam/kohler-kds/navigation/aaf54114_rgb.jpeg?req=set,json&id=-1893533819&handler=s7RIJSONResponse' because its MIME type ('image/jpeg') is not executable, and strict MIME type checking is enabled. @ https://www.studiokohler.com/js/s7responsiveimage.js:98
[  440576ms] [ERROR] Refused to execute script from 'https://www.studiokohler.com/content/dam/kohler-kds/navigation/aaf54116_rgb.jpeg?req=props,json&scl=1&id=-1993983485&handler=s7RIJSONResponse' because its MIME type ('image/jpeg') is not executable, and strict MIME type checking is enabled. @ https://www.studiokohler.com/js/s7responsiveimage.js:98
[  440577ms] [ERROR] Refused to execute script from 'https://www.studiokohler.com/content/dam/kohler-kds/navigation/aaf54116_rgb.jpeg?req=set,json&id=595995143&handler=s7RIJSONResponse' because its MIME type ('image/jpeg') is not executable, and strict MIME type checking is enabled. @ https://www.studiokohler.com/js/s7responsiveimage.js:98
[  440577ms] [ERROR] Refused to execute script from 'https://www.studiokohler.com/content/dam/kohler-kds/navigation/d2c0043993_rgb.jpg?req=props,json&scl=1&id=-1685132386&handler=s7RIJSONResponse' because its MIME type ('image/jpeg') is not executable, and strict MIME type checking is enabled. @ https://www.studiokohler.com/js/s7responsiveimage.js:98
[  440577ms] [ERROR] Refused to execute script from 'https://www.studiokohler.com/content/dam/kohler-kds/navigation/d2c0043993_rgb.jpg?req=set,json&id=1337697954&handler=s7RIJSONResponse' because its MIME type ('image/jpeg') is not executable, and strict MIME type checking is enabled. @ https://www.studiokohler.com/js/s7responsiveimage.js:98
[  440577ms] [ERROR] Refused to execute script from 'https://www.studiokohler.com/content/dam/kohler-kds/navigation/aaj10834.jpeg?req=props,json&scl=1&id=150453172&handler=s7RIJSONResponse' because its MIME type ('image/jpeg') is not executable, and strict MIME type checking is enabled. @ https://www.studiokohler.com/js/s7responsiveimage.js:98
[  440577ms] [ERROR] Refused to execute script from 'https://www.studiokohler.com/content/dam/kohler-kds/navigation/aaj10834.jpeg?req=set,json&id=-974590792&handler=s7RIJSONResponse' because its MIME type ('image/jpeg') is not executable, and strict MIME type checking is enabled. @ https://www.studiokohler.com/js/s7responsiveimage.js:98
[  440577ms] [ERROR] Refused to execute script from 'https://www.studiokohler.com/content/dam/kohler-kds/larg-image-and-text-block/aaj98359_rgb.jpg?req=props,json&scl=1&id=-892984135&handler=s7RIJSONResponse' because its MIME type ('image/jpeg') is not executable, and strict MIME type checking is enabled. @ https://www.studiokohler.com/js/s7responsiveimage.js:98
[  440577ms] [ERROR] Refused to execute script from 'https://www.studiokohler.com/content/dam/kohler-kds/larg-image-and-text-block/aaj98359_rgb.jpg?req=set,json&id=92220093&handler=s7RIJSONResponse' because its MIME type ('image/jpeg') is not executable, and strict MIME type checking is enabled. @ https://www.studiokohler.com/js/s7responsiveimage.js:98
[  440577ms] [ERROR] Refused to execute script from 'https://www.studiokohler.com/content/dam/kohler-kds/navigation/aai11078.jpeg?req=props,json&scl=1&id=-545430548&handler=s7RIJSONResponse' because its MIME type ('image/jpeg') is not executable, and strict MIME type checking is enabled. @ https://www.studiokohler.com/js/s7responsiveimage.js:98
[  440577ms] [ERROR] Refused to execute script from 'https://www.studiokohler.com/content/dam/kohler-kds/navigation/aai11078.jpeg?req=set,json&id=-1059697424&handler=s7RIJSONResponse' because its MIME type ('image/jpeg') is not executable, and strict MIME type checking is enabled. @ https://www.studiokohler.com/js/s7responsiveimage.js:98
[  440640ms] [WARNING] [Meta Pixel] - Duplicate Pixel ID: 117823355284455. @ https://connect.facebook.net/en_US/fbevents.js:203
[  440662ms] [LOG] Testing============== @ https://assets.adobedtm.com/846ae6cc52a8/04305b11409a/launch-ENc97853c5e46d4f92bdf0b75e595632cf.min.js:8
[  440662ms] [LOG] 0 @ https://assets.adobedtm.com/846ae6cc52a8/04305b11409a/launch-ENc97853c5e46d4f92bdf0b75e595632cf.min.js:8
[  444347ms] [LOG] Event Name linkclick @ https://assets.adobedtm.com/846ae6cc52a8/04305b11409a/launch-ENc97853c5e46d4f92bdf0b75e595632cf.min.js:9
[  445005ms] SyntaxError: Failed to execute 'querySelector' on 'Document': 'link[rel="preload"][as="script"][href="\a https://resources.digital-cloud-west.medallia.com/wdcwest/740343/onsite/embed.js\a "]' is not a valid selector.
    at Object.L (https://www.studiokohler.com/_next/static/chunks/0~7nm1~zg71g0.js:1:190038)
    at r.preload (https://www.studiokohler.com/_next/static/chunks/0_5ax_b188xq6.js:1:12765)
    at v (https://www.studiokohler.com/_next/static/chunks/0f1l2no-9vj_c.js:1:6977)
    at ay (https://www.studiokohler.com/_next/static/chunks/0~7nm1~zg71g0.js:1:62886)
    at oJ (https://www.studiokohler.com/_next/static/chunks/0~7nm1~zg71g0.js:1:83143)
    at iu (https://www.studiokohler.com/_next/static/chunks/0~7nm1~zg71g0.js:1:93735)
    at sd (https://www.studiokohler.com/_next/static/chunks/0~7nm1~zg71g0.js:1:137985)
    at https://www.studiokohler.com/_next/static/chunks/0~7nm1~zg71g0.js:1:137830
    at sf (https://www.studiokohler.com/_next/static/chunks/0~7nm1~zg71g0.js:1:137838)
    at se (https://www.studiokohler.com/_next/static/chunks/0~7nm1~zg71g0.js:1:132978)
[  445005ms] SyntaxError: Failed to execute 'querySelector' on 'Document': 'link[rel="preload"][as="script"][href="\a https://resources.digital-cloud-west.medallia.com/wdcwest/740343/onsite/embed.js\a "]' is not a valid selector.
    at Object.L (https://www.studiokohler.com/_next/static/chunks/0~7nm1~zg71g0.js:1:190038)
    at r.preload (https://www.studiokohler.com/_next/static/chunks/0_5ax_b188xq6.js:1:12765)
    at v (https://www.studiokohler.com/_next/static/chunks/0f1l2no-9vj_c.js:1:6977)
    at ay (https://www.studiokohler.com/_next/static/chunks/0~7nm1~zg71g0.js:1:62886)
    at oJ (https://www.studiokohler.com/_next/static/chunks/0~7nm1~zg71g0.js:1:83143)
    at iu (https://www.studiokohler.com/_next/static/chunks/0~7nm1~zg71g0.js:1:93735)
    at sd (https://www.studiokohler.com/_next/static/chunks/0~7nm1~zg71g0.js:1:137985)
    at https://www.studiokohler.com/_next/static/chunks/0~7nm1~zg71g0.js:1:137830
    at sf (https://www.studiokohler.com/_next/static/chunks/0~7nm1~zg71g0.js:1:137838)
    at se (https://www.studiokohler.com/_next/static/chunks/0~7nm1~zg71g0.js:1:132978)
[  445123ms] [WARNING] 🚀 container.buildInfo.environment is deprecated.Please use `container.environment.stage` instead @ https://assets.adobedtm.com/846ae6cc52a8/04305b11409a/launch-ENc97853c5e46d4f92bdf0b75e595632cf.min.js:14
[  445225ms] [WARNING] [Meta Pixel] - Duplicate Pixel ID: 117823355284455. @ https://connect.facebook.net/en_US/fbevents.js:203
[  445425ms] [WARNING] 🚀 _satellite.setCookie is deprecated. Please use _satellite.cookie.set("ecid", "17600893917683730944237762692949821572"). @ https://assets.adobedtm.com/846ae6cc52a8/04305b11409a/launch-ENc97853c5e46d4f92bdf0b75e595632cf.min.js:14
[  445433ms] [LOG] Triggered at 100% scroll height @ :1
[  446125ms] [LOG] Testing============== @ https://assets.adobedtm.com/846ae6cc52a8/04305b11409a/launch-ENc97853c5e46d4f92bdf0b75e595632cf.min.js:8
[  446125ms] [LOG] 0 @ https://assets.adobedtm.com/846ae6cc52a8/04305b11409a/launch-ENc97853c5e46d4f92bdf0b75e595632cf.min.js:8
[  447132ms] [LOG] Triggered at 25% scroll height @ :1
[  447981ms] [ERROR] Refused to execute script from 'https://www.studiokohler.com/content/dam/kohler-kds/navigation/aaf54114_rgb.jpeg?req=props,json&scl=1&id=1599383937&handler=s7RIJSONResponse' because its MIME type ('image/jpeg') is not executable, and strict MIME type checking is enabled. @ https://www.studiokohler.com/js/s7responsiveimage.js:98
[  447982ms] [ERROR] Refused to execute script from 'https://www.studiokohler.com/content/dam/kohler-kds/navigation/aaf54114_rgb.jpeg?req=set,json&id=-1893533819&handler=s7RIJSONResponse' because its MIME type ('image/jpeg') is not executable, and strict MIME type checking is enabled. @ https://www.studiokohler.com/js/s7responsiveimage.js:98
[  447984ms] [ERROR] Refused to execute script from 'https://www.studiokohler.com/content/dam/kohler-kds/navigation/aaf54116_rgb.jpeg?req=props,json&scl=1&id=-1993983485&handler=s7RIJSONResponse' because its MIME type ('image/jpeg') is not executable, and strict MIME type checking is enabled. @ https://www.studiokohler.com/js/s7responsiveimage.js:98
[  447984ms] [ERROR] Refused to execute script from 'https://www.studiokohler.com/content/dam/kohler-kds/navigation/aaf54116_rgb.jpeg?req=set,json&id=595995143&handler=s7RIJSONResponse' because its MIME type ('image/jpeg') is not executable, and strict MIME type checking is enabled. @ https://www.studiokohler.com/js/s7responsiveimage.js:98
[  447985ms] [ERROR] Refused to execute script from 'https://www.studiokohler.com/content/dam/kohler-kds/navigation/d2c0043993_rgb.jpg?req=props,json&scl=1&id=-1685132386&handler=s7RIJSONResponse' because its MIME type ('image/jpeg') is not executable, and strict MIME type checking is enabled. @ https://www.studiokohler.com/js/s7responsiveimage.js:98
[  447985ms] [ERROR] Refused to execute script from 'https://www.studiokohler.com/content/dam/kohler-kds/navigation/d2c0043993_rgb.jpg?req=set,json&id=1337697954&handler=s7RIJSONResponse' because its MIME type ('image/jpeg') is not executable, and strict MIME type checking is enabled. @ https://www.studiokohler.com/js/s7responsiveimage.js:98
[  447986ms] [ERROR] Refused to execute script from 'https://www.studiokohler.com/content/dam/kohler-kds/navigation/aaj10834.jpeg?req=props,json&scl=1&id=150453172&handler=s7RIJSONResponse' because its MIME type ('image/jpeg') is not executable, and strict MIME type checking is enabled. @ https://www.studiokohler.com/js/s7responsiveimage.js:98
[  447986ms] [ERROR] Refused to execute script from 'https://www.studiokohler.com/content/dam/kohler-kds/navigation/aaj10834.jpeg?req=set,json&id=-974590792&handler=s7RIJSONResponse' because its MIME type ('image/jpeg') is not executable, and strict MIME type checking is enabled. @ https://www.studiokohler.com/js/s7responsiveimage.js:98
[  447986ms] [ERROR] Refused to execute script from 'https://www.studiokohler.com/content/dam/kohler-kds/larg-image-and-text-block/aaj98359_rgb.jpg?req=props,json&scl=1&id=-892984135&handler=s7RIJSONResponse' because its MIME type ('image/jpeg') is not executable, and strict MIME type checking is enabled. @ https://www.studiokohler.com/js/s7responsiveimage.js:98
[  447987ms] [ERROR] Refused to execute script from 'https://www.studiokohler.com/content/dam/kohler-kds/larg-image-and-text-block/aaj98359_rgb.jpg?req=set,json&id=92220093&handler=s7RIJSONResponse' because its MIME type ('image/jpeg') is not executable, and strict MIME type checking is enabled. @ https://www.studiokohler.com/js/s7responsiveimage.js:98
[  447987ms] [ERROR] Refused to execute script from 'https://www.studiokohler.com/content/dam/kohler-kds/navigation/aai11078.jpeg?req=props,json&scl=1&id=-545430548&handler=s7RIJSONResponse' because its MIME type ('image/jpeg') is not executable, and strict MIME type checking is enabled. @ https://www.studiokohler.com/js/s7responsiveimage.js:98
[  447987ms] [ERROR] Refused to execute script from 'https://www.studiokohler.com/content/dam/kohler-kds/navigation/aai11078.jpeg?req=set,json&id=-1059697424&handler=s7RIJSONResponse' because its MIME type ('image/jpeg') is not executable, and strict MIME type checking is enabled. @ https://www.studiokohler.com/js/s7responsiveimage.js:98
[  449482ms] [WARNING] The resource https://globalkohler.my.site.com/ESWStudioKohlerMIAWCha1785991579828/webruntime/component/5b8557d8725fba2dbf2e6a4968ec430c/prod/en-US/force/luvioRuntimeWebruntime_cmp was preloaded using link preload but not used within a few seconds from the window's load event. Please make sure it has an appropriate `as` value and it is preloaded intentionally. @ https://globalkohler.my.site.com/ESWStudioKohlerMIAWCha1785991579828/assets/htdocs/sitecontext.min.html?parent_domain=https%3A%2F%2Fwww.studiokohler.com:0
[  449482ms] [WARNING] The resource https://globalkohler.my.site.com/ESWStudioKohlerMIAWCha1785991579828/webruntime/framework/cb2c1a2c50/prod/lwr_app_bootstrap_hook was preloaded using link preload but not used within a few seconds from the window's load event. Please make sure it has an appropriate `as` value and it is preloaded intentionally. @ https://globalkohler.my.site.com/ESWStudioKohlerMIAWCha1785991579828/assets/htdocs/sitecontext.min.html?parent_domain=https%3A%2F%2Fwww.studiokohler.com:0
[  449482ms] [WARNING] The resource https://globalkohler.my.site.com/ESWStudioKohlerMIAWCha1785991579828/webruntime/framework/b73515aaa5/prod/lwr_bootstrap was preloaded using link preload but not used within a few seconds from the window's load event. Please make sure it has an appropriate `as` value and it is preloaded intentionally. @ https://globalkohler.my.site.com/ESWStudioKohlerMIAWCha1785991579828/assets/htdocs/sitecontext.min.html?parent_domain=https%3A%2F%2Fwww.studiokohler.com:0
[  449482ms] [WARNING] The resource https://globalkohler.my.site.com/ESWStudioKohlerMIAWCha1785991579828/assets/styles/salesforce-lightning-design-system.min.css?e298b32610 was preloaded using link preload but not used within a few seconds from the window's load event. Please make sure it has an appropriate `as` value and it is preloaded intentionally. @ https://globalkohler.my.site.com/ESWStudioKohlerMIAWCha1785991579828/assets/htdocs/sitecontext.min.html?parent_domain=https%3A%2F%2Fwww.studiokohler.com:0
[  449482ms] [WARNING] The resource https://globalkohler.my.site.com/ESWStudioKohlerMIAWCha1785991579828/webruntime/view/a13680776f58817c268b3c4382572239/prod/en-US/frame_view was preloaded using link preload but not used within a few seconds from the window's load event. Please make sure it has an appropriate `as` value and it is preloaded intentionally. @ https://globalkohler.my.site.com/ESWStudioKohlerMIAWCha1785991579828/assets/htdocs/sitecontext.min.html?parent_domain=https%3A%2F%2Fwww.studiokohler.com:0
[  449482ms] [WARNING] The resource https://globalkohler.my.site.com/ESWStudioKohlerMIAWCha1785991579828/webruntime/framework/6186554a8e/prod/lwr_app was preloaded using link preload but not used within a few seconds from the window's load event. Please make sure it has an appropriate `as` value and it is preloaded intentionally. @ https://globalkohler.my.site.com/ESWStudioKohlerMIAWCha1785991579828/assets/htdocs/sitecontext.min.html?parent_domain=https%3A%2F%2Fwww.studiokohler.com:0
[  449482ms] [WARNING] The resource https://globalkohler.my.site.com/ESWStudioKohlerMIAWCha1785991579828/assets/styles/embedded-messaging-styling.min.css?e298b32610 was preloaded using link preload but not used within a few seconds from the window's load event. Please make sure it has an appropriate `as` value and it is preloaded intentionally. @ https://globalkohler.my.site.com/ESWStudioKohlerMIAWCha1785991579828/assets/htdocs/sitecontext.min.html?parent_domain=https%3A%2F%2Fwww.studiokohler.com:0
[  449482ms] [WARNING] The resource https://globalkohler.my.site.com/ESWStudioKohlerMIAWCha1785991579828/webruntime/view/3a680bd1b3e3045a99687a2950898fdf/prod/en-US/home_view was preloaded using link preload but not used within a few seconds from the window's load event. Please make sure it has an appropriate `as` value and it is preloaded intentionally. @ https://globalkohler.my.site.com/ESWStudioKohlerMIAWCha1785991579828/assets/htdocs/sitecontext.min.html?parent_domain=https%3A%2F%2Fwww.studiokohler.com:0
[  449482ms] [WARNING] The resource https://globalkohler.my.site.com/ESWStudioKohlerMIAWCha1785991579828/webruntime/framework/6ce0b87300/prod/lwr_loader was preloaded using link preload but not used within a few seconds from the window's load event. Please make sure it has an appropriate `as` value and it is preloaded intentionally. @ https://globalkohler.my.site.com/ESWStudioKohlerMIAWCha1785991579828/assets/htdocs/sitecontext.min.html?parent_domain=https%3A%2F%2Fwww.studiokohler.com:0
[  449482ms] [WARNING] The resource https://globalkohler.my.site.com/ESWStudioKohlerMIAWCha1785991579828/webruntime/component/259a789b5905e4a3e65c0942cc97421d/prod/en-US/force/luvioLwcBindings_cmp was preloaded using link preload but not used within a few seconds from the window's load event. Please make sure it has an appropriate `as` value and it is preloaded intentionally. @ https://globalkohler.my.site.com/ESWStudioKohlerMIAWCha1785991579828/assets/htdocs/sitecontext.min.html?parent_domain=https%3A%2F%2Fwww.studiokohler.com:0
[  449482ms] [WARNING] The resource https://globalkohler.my.site.com/ESWStudioKohlerMIAWCha1785991579828/webruntime/framework/c6f5ab53a7/prod/lwr_lwc was preloaded using link preload but not used within a few seconds from the window's load event. Please make sure it has an appropriate `as` value and it is preloaded intentionally. @ https://globalkohler.my.site.com/ESWStudioKohlerMIAWCha1785991579828/assets/htdocs/sitecontext.min.html?parent_domain=https%3A%2F%2Fwww.studiokohler.com:0
[  450990ms] [WARNING] The resource https://www.studiokohler.com/_next/static/chunks/0hqnmwnsg1zbt.css was preloaded using link preload but not used within a few seconds from the window's load event. Please make sure it has an appropriate `as` value and it is preloaded intentionally. @ https://www.studiokohler.com/products/bathroom/bathroom-sink-faucets?fq=ProductNumberofHandles%3A%221%22:0
[  458704ms] [WARNING] The resource https://www.studiokohler.com/_next/static/chunks/0hqnmwnsg1zbt.css was preloaded using link preload but not used within a few seconds from the window's load event. Please make sure it has an appropriate `as` value and it is preloaded intentionally. @ https://www.studiokohler.com/products/bathroom/bathroom-sink-faucets?fq=ProductNumberofHandles%3A%221%22:0
[  459289ms] [LOG] Event Name linkclick @ https://assets.adobedtm.com/846ae6cc52a8/04305b11409a/launch-ENc97853c5e46d4f92bdf0b75e595632cf.min.js:9
[  460064ms] SyntaxError: Failed to execute 'querySelector' on 'Document': 'link[rel="preload"][as="script"][href="\a https://resources.digital-cloud-west.medallia.com/wdcwest/740343/onsite/embed.js\a "]' is not a valid selector.
    at Object.L (https://www.studiokohler.com/_next/static/chunks/0~7nm1~zg71g0.js:1:190038)
    at r.preload (https://www.studiokohler.com/_next/static/chunks/0_5ax_b188xq6.js:1:12765)
    at v (https://www.studiokohler.com/_next/static/chunks/0f1l2no-9vj_c.js:1:6977)
    at ay (https://www.studiokohler.com/_next/static/chunks/0~7nm1~zg71g0.js:1:62886)
    at oJ (https://www.studiokohler.com/_next/static/chunks/0~7nm1~zg71g0.js:1:83143)
    at iu (https://www.studiokohler.com/_next/static/chunks/0~7nm1~zg71g0.js:1:93735)
    at sd (https://www.studiokohler.com/_next/static/chunks/0~7nm1~zg71g0.js:1:137985)
    at https://www.studiokohler.com/_next/static/chunks/0~7nm1~zg71g0.js:1:137830
    at sf (https://www.studiokohler.com/_next/static/chunks/0~7nm1~zg71g0.js:1:137838)
    at se (https://www.studiokohler.com/_next/static/chunks/0~7nm1~zg71g0.js:1:132978)
[  460064ms] SyntaxError: Failed to execute 'querySelector' on 'Document': 'link[rel="preload"][as="script"][href="\a https://resources.digital-cloud-west.medallia.com/wdcwest/740343/onsite/embed.js\a "]' is not a valid selector.
    at Object.L (https://www.studiokohler.com/_next/static/chunks/0~7nm1~zg71g0.js:1:190038)
    at r.preload (https://www.studiokohler.com/_next/static/chunks/0_5ax_b188xq6.js:1:12765)
    at v (https://www.studiokohler.com/_next/static/chunks/0f1l2no-9vj_c.js:1:6977)
    at ay (https://www.studiokohler.com/_next/static/chunks/0~7nm1~zg71g0.js:1:62886)
    at oJ (https://www.studiokohler.com/_next/static/chunks/0~7nm1~zg71g0.js:1:83143)
    at iu (https://www.studiokohler.com/_next/static/chunks/0~7nm1~zg71g0.js:1:93735)
    at sd (https://www.studiokohler.com/_next/static/chunks/0~7nm1~zg71g0.js:1:137985)
    at https://www.studiokohler.com/_next/static/chunks/0~7nm1~zg71g0.js:1:137830
    at sf (https://www.studiokohler.com/_next/static/chunks/0~7nm1~zg71g0.js:1:137838)
    at se (https://www.studiokohler.com/_next/static/chunks/0~7nm1~zg71g0.js:1:132978)
[  460275ms] [WARNING] 🚀 container.buildInfo.environment is deprecated.Please use `container.environment.stage` instead @ https://assets.adobedtm.com/846ae6cc52a8/04305b11409a/launch-ENc97853c5e46d4f92bdf0b75e595632cf.min.js:14
[  460345ms] [WARNING] [Meta Pixel] - Duplicate Pixel ID: 117823355284455. @ https://connect.facebook.net/en_US/fbevents.js:203
[  460486ms] [LOG] Triggered at 100% scroll height @ :1
[  460518ms] [WARNING] 🚀 _satellite.setCookie is deprecated. Please use _satellite.cookie.set("ecid", "17600893917683730944237762692949821572"). @ https://assets.adobedtm.com/846ae6cc52a8/04305b11409a/launch-ENc97853c5e46d4f92bdf0b75e595632cf.min.js:14
[  461276ms] [LOG] Testing============== @ https://assets.adobedtm.com/846ae6cc52a8/04305b11409a/launch-ENc97853c5e46d4f92bdf0b75e595632cf.min.js:8
[  461276ms] [LOG] 0 @ https://assets.adobedtm.com/846ae6cc52a8/04305b11409a/launch-ENc97853c5e46d4f92bdf0b75e595632cf.min.js:8
[  463043ms] [ERROR] Refused to execute script from 'https://www.studiokohler.com/content/dam/kohler-kds/navigation/aaf54114_rgb.jpeg?req=props,json&scl=1&id=1599383937&handler=s7RIJSONResponse' because its MIME type ('image/jpeg') is not executable, and strict MIME type checking is enabled. @ https://www.studiokohler.com/js/s7responsiveimage.js:98
[  463044ms] [ERROR] Refused to execute script from 'https://www.studiokohler.com/content/dam/kohler-kds/navigation/aaf54114_rgb.jpeg?req=set,json&id=-1893533819&handler=s7RIJSONResponse' because its MIME type ('image/jpeg') is not executable, and strict MIME type checking is enabled. @ https://www.studiokohler.com/js/s7responsiveimage.js:98
[  463044ms] [ERROR] Refused to execute script from 'https://www.studiokohler.com/content/dam/kohler-kds/navigation/aaf54116_rgb.jpeg?req=props,json&scl=1&id=-1993983485&handler=s7RIJSONResponse' because its MIME type ('image/jpeg') is not executable, and strict MIME type checking is enabled. @ https://www.studiokohler.com/js/s7responsiveimage.js:98
[  463044ms] [ERROR] Refused to execute script from 'https://www.studiokohler.com/content/dam/kohler-kds/navigation/aaf54116_rgb.jpeg?req=set,json&id=595995143&handler=s7RIJSONResponse' because its MIME type ('image/jpeg') is not executable, and strict MIME type checking is enabled. @ https://www.studiokohler.com/js/s7responsiveimage.js:98
[  463044ms] [ERROR] Refused to execute script from 'https://www.studiokohler.com/content/dam/kohler-kds/navigation/d2c0043993_rgb.jpg?req=props,json&scl=1&id=-1685132386&handler=s7RIJSONResponse' because its MIME type ('image/jpeg') is not executable, and strict MIME type checking is enabled. @ https://www.studiokohler.com/js/s7responsiveimage.js:98
[  463044ms] [ERROR] Refused to execute script from 'https://www.studiokohler.com/content/dam/kohler-kds/navigation/d2c0043993_rgb.jpg?req=set,json&id=1337697954&handler=s7RIJSONResponse' because its MIME type ('image/jpeg') is not executable, and strict MIME type checking is enabled. @ https://www.studiokohler.com/js/s7responsiveimage.js:98
[  463045ms] [ERROR] Refused to execute script from 'https://www.studiokohler.com/content/dam/kohler-kds/navigation/aaj10834.jpeg?req=props,json&scl=1&id=150453172&handler=s7RIJSONResponse' because its MIME type ('image/jpeg') is not executable, and strict MIME type checking is enabled. @ https://www.studiokohler.com/js/s7responsiveimage.js:98
[  463045ms] [ERROR] Refused to execute script from 'https://www.studiokohler.com/content/dam/kohler-kds/navigation/aaj10834.jpeg?req=set,json&id=-974590792&handler=s7RIJSONResponse' because its MIME type ('image/jpeg') is not executable, and strict MIME type checking is enabled. @ https://www.studiokohler.com/js/s7responsiveimage.js:98
[  463045ms] [ERROR] Refused to execute script from 'https://www.studiokohler.com/content/dam/kohler-kds/larg-image-and-text-block/aaj98359_rgb.jpg?req=props,json&scl=1&id=-892984135&handler=s7RIJSONResponse' because its MIME type ('image/jpeg') is not executable, and strict MIME type checking is enabled. @ https://www.studiokohler.com/js/s7responsiveimage.js:98
[  463045ms] [ERROR] Refused to execute script from 'https://www.studiokohler.com/content/dam/kohler-kds/larg-image-and-text-block/aaj98359_rgb.jpg?req=set,json&id=92220093&handler=s7RIJSONResponse' because its MIME type ('image/jpeg') is not executable, and strict MIME type checking is enabled. @ https://www.studiokohler.com/js/s7responsiveimage.js:98
[  463046ms] [ERROR] Refused to execute script from 'https://www.studiokohler.com/content/dam/kohler-kds/navigation/aai11078.jpeg?req=props,json&scl=1&id=-545430548&handler=s7RIJSONResponse' because its MIME type ('image/jpeg') is not executable, and strict MIME type checking is enabled. @ https://www.studiokohler.com/js/s7responsiveimage.js:98
[  463046ms] [ERROR] Refused to execute script from 'https://www.studiokohler.com/content/dam/kohler-kds/navigation/aai11078.jpeg?req=set,json&id=-1059697424&handler=s7RIJSONResponse' because its MIME type ('image/jpeg') is not executable, and strict MIME type checking is enabled. @ https://www.studiokohler.com/js/s7responsiveimage.js:98
[  463915ms] [WARNING] The resource https://globalkohler.my.site.com/ESWStudioKohlerMIAWCha1785991579828/webruntime/component/5b8557d8725fba2dbf2e6a4968ec430c/prod/en-US/force/luvioRuntimeWebruntime_cmp was preloaded using link preload but not used within a few seconds from the window's load event. Please make sure it has an appropriate `as` value and it is preloaded intentionally. @ https://globalkohler.my.site.com/ESWStudioKohlerMIAWCha1785991579828/assets/htdocs/sitecontext.min.html?parent_domain=https%3A%2F%2Fwww.studiokohler.com:0
[  463915ms] [WARNING] The resource https://globalkohler.my.site.com/ESWStudioKohlerMIAWCha1785991579828/webruntime/framework/cb2c1a2c50/prod/lwr_app_bootstrap_hook was preloaded using link preload but not used within a few seconds from the window's load event. Please make sure it has an appropriate `as` value and it is preloaded intentionally. @ https://globalkohler.my.site.com/ESWStudioKohlerMIAWCha1785991579828/assets/htdocs/sitecontext.min.html?parent_domain=https%3A%2F%2Fwww.studiokohler.com:0
[  463915ms] [WARNING] The resource https://globalkohler.my.site.com/ESWStudioKohlerMIAWCha1785991579828/webruntime/framework/b73515aaa5/prod/lwr_bootstrap was preloaded using link preload but not used within a few seconds from the window's load event. Please make sure it has an appropriate `as` value and it is preloaded intentionally. @ https://globalkohler.my.site.com/ESWStudioKohlerMIAWCha1785991579828/assets/htdocs/sitecontext.min.html?parent_domain=https%3A%2F%2Fwww.studiokohler.com:0
[  463915ms] [WARNING] The resource https://globalkohler.my.site.com/ESWStudioKohlerMIAWCha1785991579828/assets/styles/salesforce-lightning-design-system.min.css?e298b32610 was preloaded using link preload but not used within a few seconds from the window's load event. Please make sure it has an appropriate `as` value and it is preloaded intentionally. @ https://globalkohler.my.site.com/ESWStudioKohlerMIAWCha1785991579828/assets/htdocs/sitecontext.min.html?parent_domain=https%3A%2F%2Fwww.studiokohler.com:0
[  463915ms] [WARNING] The resource https://globalkohler.my.site.com/ESWStudioKohlerMIAWCha1785991579828/webruntime/view/a13680776f58817c268b3c4382572239/prod/en-US/frame_view was preloaded using link preload but not used within a few seconds from the window's load event. Please make sure it has an appropriate `as` value and it is preloaded intentionally. @ https://globalkohler.my.site.com/ESWStudioKohlerMIAWCha1785991579828/assets/htdocs/sitecontext.min.html?parent_domain=https%3A%2F%2Fwww.studiokohler.com:0
[  463916ms] [WARNING] The resource https://globalkohler.my.site.com/ESWStudioKohlerMIAWCha1785991579828/webruntime/framework/6186554a8e/prod/lwr_app was preloaded using link preload but not used within a few seconds from the window's load event. Please make sure it has an appropriate `as` value and it is preloaded intentionally. @ https://globalkohler.my.site.com/ESWStudioKohlerMIAWCha1785991579828/assets/htdocs/sitecontext.min.html?parent_domain=https%3A%2F%2Fwww.studiokohler.com:0
[  463916ms] [WARNING] The resource https://globalkohler.my.site.com/ESWStudioKohlerMIAWCha1785991579828/assets/styles/embedded-messaging-styling.min.css?e298b32610 was preloaded using link preload but not used within a few seconds from the window's load event. Please make sure it has an appropriate `as` value and it is preloaded intentionally. @ https://globalkohler.my.site.com/ESWStudioKohlerMIAWCha1785991579828/assets/htdocs/sitecontext.min.html?parent_domain=https%3A%2F%2Fwww.studiokohler.com:0
[  463916ms] [WARNING] The resource https://globalkohler.my.site.com/ESWStudioKohlerMIAWCha1785991579828/webruntime/view/3a680bd1b3e3045a99687a2950898fdf/prod/en-US/home_view was preloaded using link preload but not used within a few seconds from the window's load event. Please make sure it has an appropriate `as` value and it is preloaded intentionally. @ https://globalkohler.my.site.com/ESWStudioKohlerMIAWCha1785991579828/assets/htdocs/sitecontext.min.html?parent_domain=https%3A%2F%2Fwww.studiokohler.com:0
[  463916ms] [WARNING] The resource https://globalkohler.my.site.com/ESWStudioKohlerMIAWCha1785991579828/webruntime/framework/6ce0b87300/prod/lwr_loader was preloaded using link preload but not used within a few seconds from the window's load event. Please make sure it has an appropriate `as` value and it is preloaded intentionally. @ https://globalkohler.my.site.com/ESWStudioKohlerMIAWCha1785991579828/assets/htdocs/sitecontext.min.html?parent_domain=https%3A%2F%2Fwww.studiokohler.com:0
[  463916ms] [WARNING] The resource https://globalkohler.my.site.com/ESWStudioKohlerMIAWCha1785991579828/webruntime/component/259a789b5905e4a3e65c0942cc97421d/prod/en-US/force/luvioLwcBindings_cmp was preloaded using link preload but not used within a few seconds from the window's load event. Please make sure it has an appropriate `as` value and it is preloaded intentionally. @ https://globalkohler.my.site.com/ESWStudioKohlerMIAWCha1785991579828/assets/htdocs/sitecontext.min.html?parent_domain=https%3A%2F%2Fwww.studiokohler.com:0
[  463916ms] [WARNING] The resource https://globalkohler.my.site.com/ESWStudioKohlerMIAWCha1785991579828/webruntime/framework/c6f5ab53a7/prod/lwr_lwc was preloaded using link preload but not used within a few seconds from the window's load event. Please make sure it has an appropriate `as` value and it is preloaded intentionally. @ https://globalkohler.my.site.com/ESWStudioKohlerMIAWCha1785991579828/assets/htdocs/sitecontext.min.html?parent_domain=https%3A%2F%2Fwww.studiokohler.com:0
[  466047ms] [WARNING] The resource https://www.studiokohler.com/_next/static/chunks/0hqnmwnsg1zbt.css was preloaded using link preload but not used within a few seconds from the window's load event. Please make sure it has an appropriate `as` value and it is preloaded intentionally. @ https://www.studiokohler.com/products/bathroom/faucets/bathroom-sink-faucets?fq=InstallationType%3A%22Centerset%22:0
[  467486ms] [LOG] Event Name linkclick @ https://assets.adobedtm.com/846ae6cc52a8/04305b11409a/launch-ENc97853c5e46d4f92bdf0b75e595632cf.min.js:9
[  469690ms] Error: Minified React error #418; visit https://react.dev/errors/418?args[]=HTML&args[]= for the full message or use the non-minified dev environment for full errors and additional helpful warnings.
    at rX (https://www.studiokohler.com/_next/static/chunks/0~7nm1~zg71g0.js:1:46254)
    at iu (https://www.studiokohler.com/_next/static/chunks/0~7nm1~zg71g0.js:1:97295)
    at sd (https://www.studiokohler.com/_next/static/chunks/0~7nm1~zg71g0.js:1:137985)
    at https://www.studiokohler.com/_next/static/chunks/0~7nm1~zg71g0.js:1:137830
    at sf (https://www.studiokohler.com/_next/static/chunks/0~7nm1~zg71g0.js:1:137838)
    at se (https://www.studiokohler.com/_next/static/chunks/0~7nm1~zg71g0.js:1:132978)
    at sW (https://www.studiokohler.com/_next/static/chunks/0~7nm1~zg71g0.js:1:159657)
    at sU (https://www.studiokohler.com/_next/static/chunks/0~7nm1~zg71g0.js:1:157871)
    at sH (https://www.studiokohler.com/_next/static/chunks/0~7nm1~zg71g0.js:1:158215)
    at https://www.studiokohler.com/_next/static/chunks/0~7nm1~zg71g0.js:1:157500
[  469710ms] SyntaxError: Failed to execute 'querySelector' on 'Document': 'link[rel="preload"][as="script"][href="\a https://resources.digital-cloud-west.medallia.com/wdcwest/740343/onsite/embed.js\a "]' is not a valid selector.
    at Object.L (https://www.studiokohler.com/_next/static/chunks/0~7nm1~zg71g0.js:1:190038)
    at r.preload (https://www.studiokohler.com/_next/static/chunks/0_5ax_b188xq6.js:1:12765)
    at v (https://www.studiokohler.com/_next/static/chunks/0f1l2no-9vj_c.js:1:6977)
    at ay (https://www.studiokohler.com/_next/static/chunks/0~7nm1~zg71g0.js:1:62886)
    at oJ (https://www.studiokohler.com/_next/static/chunks/0~7nm1~zg71g0.js:1:83143)
    at iu (https://www.studiokohler.com/_next/static/chunks/0~7nm1~zg71g0.js:1:93735)
    at sd (https://www.studiokohler.com/_next/static/chunks/0~7nm1~zg71g0.js:1:137985)
    at https://www.studiokohler.com/_next/static/chunks/0~7nm1~zg71g0.js:1:137830
    at sf (https://www.studiokohler.com/_next/static/chunks/0~7nm1~zg71g0.js:1:137838)
    at se (https://www.studiokohler.com/_next/static/chunks/0~7nm1~zg71g0.js:1:132978)
[  469710ms] SyntaxError: Failed to execute 'querySelector' on 'Document': 'link[rel="preload"][as="script"][href="\a https://resources.digital-cloud-west.medallia.com/wdcwest/740343/onsite/embed.js\a "]' is not a valid selector.
    at Object.L (https://www.studiokohler.com/_next/static/chunks/0~7nm1~zg71g0.js:1:190038)
    at r.preload (https://www.studiokohler.com/_next/static/chunks/0_5ax_b188xq6.js:1:12765)
    at v (https://www.studiokohler.com/_next/static/chunks/0f1l2no-9vj_c.js:1:6977)
    at ay (https://www.studiokohler.com/_next/static/chunks/0~7nm1~zg71g0.js:1:62886)
    at oJ (https://www.studiokohler.com/_next/static/chunks/0~7nm1~zg71g0.js:1:83143)
    at iu (https://www.studiokohler.com/_next/static/chunks/0~7nm1~zg71g0.js:1:93735)
    at sd (https://www.studiokohler.com/_next/static/chunks/0~7nm1~zg71g0.js:1:137985)
    at https://www.studiokohler.com/_next/static/chunks/0~7nm1~zg71g0.js:1:137830
    at sf (https://www.studiokohler.com/_next/static/chunks/0~7nm1~zg71g0.js:1:137838)
    at se (https://www.studiokohler.com/_next/static/chunks/0~7nm1~zg71g0.js:1:132978)
[  469821ms] [WARNING] 🚀 container.buildInfo.environment is deprecated.Please use `container.environment.stage` instead @ https://assets.adobedtm.com/846ae6cc52a8/04305b11409a/launch-ENc97853c5e46d4f92bdf0b75e595632cf.min.js:14
[  469894ms] [WARNING] [Meta Pixel] - Duplicate Pixel ID: 117823355284455. @ https://connect.facebook.net/en_US/fbevents.js:203
[  470067ms] [WARNING] 🚀 _satellite.setCookie is deprecated. Please use _satellite.cookie.set("ecid", "17600893917683730944237762692949821572"). @ https://assets.adobedtm.com/846ae6cc52a8/04305b11409a/launch-ENc97853c5e46d4f92bdf0b75e595632cf.min.js:14
[  470178ms] [LOG] Triggered at 100% scroll height @ :1
[  470826ms] [LOG] Testing============== @ https://assets.adobedtm.com/846ae6cc52a8/04305b11409a/launch-ENc97853c5e46d4f92bdf0b75e595632cf.min.js:8
[  470826ms] [LOG] 0 @ https://assets.adobedtm.com/846ae6cc52a8/04305b11409a/launch-ENc97853c5e46d4f92bdf0b75e595632cf.min.js:8
[  472651ms] [ERROR] Refused to execute script from 'https://www.studiokohler.com/content/dam/kohler-kds/navigation/aaf54114_rgb.jpeg?req=props,json&scl=1&id=1599383937&handler=s7RIJSONResponse' because its MIME type ('image/jpeg') is not executable, and strict MIME type checking is enabled. @ https://www.studiokohler.com/js/s7responsiveimage.js:98
[  472652ms] [ERROR] Refused to execute script from 'https://www.studiokohler.com/content/dam/kohler-kds/navigation/aaf54114_rgb.jpeg?req=set,json&id=-1893533819&handler=s7RIJSONResponse' because its MIME type ('image/jpeg') is not executable, and strict MIME type checking is enabled. @ https://www.studiokohler.com/js/s7responsiveimage.js:98
[  472653ms] [ERROR] Refused to execute script from 'https://www.studiokohler.com/content/dam/kohler-kds/navigation/aaf54116_rgb.jpeg?req=props,json&scl=1&id=-1993983485&handler=s7RIJSONResponse' because its MIME type ('image/jpeg') is not executable, and strict MIME type checking is enabled. @ https://www.studiokohler.com/js/s7responsiveimage.js:98
[  472653ms] [ERROR] Refused to execute script from 'https://www.studiokohler.com/content/dam/kohler-kds/navigation/aaf54116_rgb.jpeg?req=set,json&id=595995143&handler=s7RIJSONResponse' because its MIME type ('image/jpeg') is not executable, and strict MIME type checking is enabled. @ https://www.studiokohler.com/js/s7responsiveimage.js:98
[  472653ms] [ERROR] Refused to execute script from 'https://www.studiokohler.com/content/dam/kohler-kds/navigation/d2c0043993_rgb.jpg?req=props,json&scl=1&id=-1685132386&handler=s7RIJSONResponse' because its MIME type ('image/jpeg') is not executable, and strict MIME type checking is enabled. @ https://www.studiokohler.com/js/s7responsiveimage.js:98
[  472653ms] [ERROR] Refused to execute script from 'https://www.studiokohler.com/content/dam/kohler-kds/navigation/d2c0043993_rgb.jpg?req=set,json&id=1337697954&handler=s7RIJSONResponse' because its MIME type ('image/jpeg') is not executable, and strict MIME type checking is enabled. @ https://www.studiokohler.com/js/s7responsiveimage.js:98
[  472654ms] [ERROR] Refused to execute script from 'https://www.studiokohler.com/content/dam/kohler-kds/navigation/aaj10834.jpeg?req=props,json&scl=1&id=150453172&handler=s7RIJSONResponse' because its MIME type ('image/jpeg') is not executable, and strict MIME type checking is enabled. @ https://www.studiokohler.com/js/s7responsiveimage.js:98
[  472654ms] [ERROR] Refused to execute script from 'https://www.studiokohler.com/content/dam/kohler-kds/navigation/aaj10834.jpeg?req=set,json&id=-974590792&handler=s7RIJSONResponse' because its MIME type ('image/jpeg') is not executable, and strict MIME type checking is enabled. @ https://www.studiokohler.com/js/s7responsiveimage.js:98
[  472654ms] [ERROR] Refused to execute script from 'https://www.studiokohler.com/content/dam/kohler-kds/larg-image-and-text-block/aaj98359_rgb.jpg?req=props,json&scl=1&id=-892984135&handler=s7RIJSONResponse' because its MIME type ('image/jpeg') is not executable, and strict MIME type checking is enabled. @ https://www.studiokohler.com/js/s7responsiveimage.js:98
[  472654ms] [ERROR] Refused to execute script from 'https://www.studiokohler.com/content/dam/kohler-kds/larg-image-and-text-block/aaj98359_rgb.jpg?req=set,json&id=92220093&handler=s7RIJSONResponse' because its MIME type ('image/jpeg') is not executable, and strict MIME type checking is enabled. @ https://www.studiokohler.com/js/s7responsiveimage.js:98
[  472655ms] [ERROR] Refused to execute script from 'https://www.studiokohler.com/content/dam/kohler-kds/navigation/aai11078.jpeg?req=props,json&scl=1&id=-545430548&handler=s7RIJSONResponse' because its MIME type ('image/jpeg') is not executable, and strict MIME type checking is enabled. @ https://www.studiokohler.com/js/s7responsiveimage.js:98
[  472655ms] [ERROR] Refused to execute script from 'https://www.studiokohler.com/content/dam/kohler-kds/navigation/aai11078.jpeg?req=set,json&id=-1059697424&handler=s7RIJSONResponse' because its MIME type ('image/jpeg') is not executable, and strict MIME type checking is enabled. @ https://www.studiokohler.com/js/s7responsiveimage.js:98
[  473652ms] [WARNING] The resource https://globalkohler.my.site.com/ESWStudioKohlerMIAWCha1785991579828/webruntime/component/5b8557d8725fba2dbf2e6a4968ec430c/prod/en-US/force/luvioRuntimeWebruntime_cmp was preloaded using link preload but not used within a few seconds from the window's load event. Please make sure it has an appropriate `as` value and it is preloaded intentionally. @ https://globalkohler.my.site.com/ESWStudioKohlerMIAWCha1785991579828/assets/htdocs/sitecontext.min.html?parent_domain=https%3A%2F%2Fwww.studiokohler.com:0
[  473652ms] [WARNING] The resource https://globalkohler.my.site.com/ESWStudioKohlerMIAWCha1785991579828/webruntime/framework/cb2c1a2c50/prod/lwr_app_bootstrap_hook was preloaded using link preload but not used within a few seconds from the window's load event. Please make sure it has an appropriate `as` value and it is preloaded intentionally. @ https://globalkohler.my.site.com/ESWStudioKohlerMIAWCha1785991579828/assets/htdocs/sitecontext.min.html?parent_domain=https%3A%2F%2Fwww.studiokohler.com:0
[  473652ms] [WARNING] The resource https://globalkohler.my.site.com/ESWStudioKohlerMIAWCha1785991579828/webruntime/framework/b73515aaa5/prod/lwr_bootstrap was preloaded using link preload but not used within a few seconds from the window's load event. Please make sure it has an appropriate `as` value and it is preloaded intentionally. @ https://globalkohler.my.site.com/ESWStudioKohlerMIAWCha1785991579828/assets/htdocs/sitecontext.min.html?parent_domain=https%3A%2F%2Fwww.studiokohler.com:0
[  473652ms] [WARNING] The resource https://globalkohler.my.site.com/ESWStudioKohlerMIAWCha1785991579828/assets/styles/salesforce-lightning-design-system.min.css?e298b32610 was preloaded using link preload but not used within a few seconds from the window's load event. Please make sure it has an appropriate `as` value and it is preloaded intentionally. @ https://globalkohler.my.site.com/ESWStudioKohlerMIAWCha1785991579828/assets/htdocs/sitecontext.min.html?parent_domain=https%3A%2F%2Fwww.studiokohler.com:0
[  473652ms] [WARNING] The resource https://globalkohler.my.site.com/ESWStudioKohlerMIAWCha1785991579828/webruntime/view/a13680776f58817c268b3c4382572239/prod/en-US/frame_view was preloaded using link preload but not used within a few seconds from the window's load event. Please make sure it has an appropriate `as` value and it is preloaded intentionally. @ https://globalkohler.my.site.com/ESWStudioKohlerMIAWCha1785991579828/assets/htdocs/sitecontext.min.html?parent_domain=https%3A%2F%2Fwww.studiokohler.com:0
[  473652ms] [WARNING] The resource https://globalkohler.my.site.com/ESWStudioKohlerMIAWCha1785991579828/webruntime/framework/6186554a8e/prod/lwr_app was preloaded using link preload but not used within a few seconds from the window's load event. Please make sure it has an appropriate `as` value and it is preloaded intentionally. @ https://globalkohler.my.site.com/ESWStudioKohlerMIAWCha1785991579828/assets/htdocs/sitecontext.min.html?parent_domain=https%3A%2F%2Fwww.studiokohler.com:0
[  473652ms] [WARNING] The resource https://globalkohler.my.site.com/ESWStudioKohlerMIAWCha1785991579828/assets/styles/embedded-messaging-styling.min.css?e298b32610 was preloaded using link preload but not used within a few seconds from the window's load event. Please make sure it has an appropriate `as` value and it is preloaded intentionally. @ https://globalkohler.my.site.com/ESWStudioKohlerMIAWCha1785991579828/assets/htdocs/sitecontext.min.html?parent_domain=https%3A%2F%2Fwww.studiokohler.com:0
[  473652ms] [WARNING] The resource https://globalkohler.my.site.com/ESWStudioKohlerMIAWCha1785991579828/webruntime/view/3a680bd1b3e3045a99687a2950898fdf/prod/en-US/home_view was preloaded using link preload but not used within a few seconds from the window's load event. Please make sure it has an appropriate `as` value and it is preloaded intentionally. @ https://globalkohler.my.site.com/ESWStudioKohlerMIAWCha1785991579828/assets/htdocs/sitecontext.min.html?parent_domain=https%3A%2F%2Fwww.studiokohler.com:0
[  473652ms] [WARNING] The resource https://globalkohler.my.site.com/ESWStudioKohlerMIAWCha1785991579828/webruntime/framework/6ce0b87300/prod/lwr_loader was preloaded using link preload but not used within a few seconds from the window's load event. Please make sure it has an appropriate `as` value and it is preloaded intentionally. @ https://globalkohler.my.site.com/ESWStudioKohlerMIAWCha1785991579828/assets/htdocs/sitecontext.min.html?parent_domain=https%3A%2F%2Fwww.studiokohler.com:0
[  473652ms] [WARNING] The resource https://globalkohler.my.site.com/ESWStudioKohlerMIAWCha1785991579828/webruntime/component/259a789b5905e4a3e65c0942cc97421d/prod/en-US/force/luvioLwcBindings_cmp was preloaded using link preload but not used within a few seconds from the window's load event. Please make sure it has an appropriate `as` value and it is preloaded intentionally. @ https://globalkohler.my.site.com/ESWStudioKohlerMIAWCha1785991579828/assets/htdocs/sitecontext.min.html?parent_domain=https%3A%2F%2Fwww.studiokohler.com:0
[  473652ms] [WARNING] The resource https://globalkohler.my.site.com/ESWStudioKohlerMIAWCha1785991579828/webruntime/framework/c6f5ab53a7/prod/lwr_lwc was preloaded using link preload but not used within a few seconds from the window's load event. Please make sure it has an appropriate `as` value and it is preloaded intentionally. @ https://globalkohler.my.site.com/ESWStudioKohlerMIAWCha1785991579828/assets/htdocs/sitecontext.min.html?parent_domain=https%3A%2F%2Fwww.studiokohler.com:0
[  475656ms] [WARNING] The resource https://www.studiokohler.com/_next/static/chunks/0hqnmwnsg1zbt.css was preloaded using link preload but not used within a few seconds from the window's load event. Please make sure it has an appropriate `as` value and it is preloaded intentionally. @ https://www.studiokohler.com/products/bathroom/bathroom-sink-faucets?fq=ProductNumberofHandles%3A%221%22:0
[  488586ms] [WARNING] The resource https://www.studiokohler.com/_next/static/chunks/0hqnmwnsg1zbt.css was preloaded using link preload but not used within a few seconds from the window's load event. Please make sure it has an appropriate `as` value and it is preloaded intentionally. @ https://www.studiokohler.com/products/bathroom/bathroom-sink-faucets?fq=ProductNumberofHandles%3A%221%22:0
[  492599ms] [WARNING] The resource https://www.studiokohler.com/_next/static/chunks/0hqnmwnsg1zbt.css was preloaded using link preload but not used within a few seconds from the window's load event. Please make sure it has an appropriate `as` value and it is preloaded intentionally. @ https://www.studiokohler.com/products/bathroom/bathroom-sink-faucets?fq=ProductNumberofHandles%3A%221%22:0
[  492890ms] [LOG] Event Name linkclick @ https://assets.adobedtm.com/846ae6cc52a8/04305b11409a/launch-ENc97853c5e46d4f92bdf0b75e595632cf.min.js:9
[  493735ms] SyntaxError: Failed to execute 'querySelector' on 'Document': 'link[rel="preload"][as="script"][href="\a https://resources.digital-cloud-west.medallia.com/wdcwest/740343/onsite/embed.js\a "]' is not a valid selector.
    at Object.L (https://www.studiokohler.com/_next/static/chunks/0~7nm1~zg71g0.js:1:190038)
    at r.preload (https://www.studiokohler.com/_next/static/chunks/0_5ax_b188xq6.js:1:12765)
    at v (https://www.studiokohler.com/_next/static/chunks/0f1l2no-9vj_c.js:1:6977)
    at ay (https://www.studiokohler.com/_next/static/chunks/0~7nm1~zg71g0.js:1:62886)
    at oJ (https://www.studiokohler.com/_next/static/chunks/0~7nm1~zg71g0.js:1:83143)
    at iu (https://www.studiokohler.com/_next/static/chunks/0~7nm1~zg71g0.js:1:93735)
    at sd (https://www.studiokohler.com/_next/static/chunks/0~7nm1~zg71g0.js:1:137985)
    at https://www.studiokohler.com/_next/static/chunks/0~7nm1~zg71g0.js:1:137830
    at sf (https://www.studiokohler.com/_next/static/chunks/0~7nm1~zg71g0.js:1:137838)
    at se (https://www.studiokohler.com/_next/static/chunks/0~7nm1~zg71g0.js:1:132978)
[  493735ms] SyntaxError: Failed to execute 'querySelector' on 'Document': 'link[rel="preload"][as="script"][href="\a https://resources.digital-cloud-west.medallia.com/wdcwest/740343/onsite/embed.js\a "]' is not a valid selector.
    at Object.L (https://www.studiokohler.com/_next/static/chunks/0~7nm1~zg71g0.js:1:190038)
    at r.preload (https://www.studiokohler.com/_next/static/chunks/0_5ax_b188xq6.js:1:12765)
    at v (https://www.studiokohler.com/_next/static/chunks/0f1l2no-9vj_c.js:1:6977)
    at ay (https://www.studiokohler.com/_next/static/chunks/0~7nm1~zg71g0.js:1:62886)
    at oJ (https://www.studiokohler.com/_next/static/chunks/0~7nm1~zg71g0.js:1:83143)
    at iu (https://www.studiokohler.com/_next/static/chunks/0~7nm1~zg71g0.js:1:93735)
    at sd (https://www.studiokohler.com/_next/static/chunks/0~7nm1~zg71g0.js:1:137985)
    at https://www.studiokohler.com/_next/static/chunks/0~7nm1~zg71g0.js:1:137830
    at sf (https://www.studiokohler.com/_next/static/chunks/0~7nm1~zg71g0.js:1:137838)
    at se (https://www.studiokohler.com/_next/static/chunks/0~7nm1~zg71g0.js:1:132978)
[  494108ms] [WARNING] 🚀 container.buildInfo.environment is deprecated.Please use `container.environment.stage` instead @ https://assets.adobedtm.com/846ae6cc52a8/04305b11409a/launch-ENc97853c5e46d4f92bdf0b75e595632cf.min.js:14
[  494185ms] [WARNING] [Meta Pixel] - Duplicate Pixel ID: 117823355284455. @ https://connect.facebook.net/en_US/fbevents.js:203
[  494247ms] [LOG] Triggered at 100% scroll height @ :1
[  494250ms] [WARNING] 🚀 _satellite.setCookie is deprecated. Please use _satellite.cookie.set("ecid", "17600893917683730944237762692949821572"). @ https://assets.adobedtm.com/846ae6cc52a8/04305b11409a/launch-ENc97853c5e46d4f92bdf0b75e595632cf.min.js:14
[  495109ms] [LOG] Testing============== @ https://assets.adobedtm.com/846ae6cc52a8/04305b11409a/launch-ENc97853c5e46d4f92bdf0b75e595632cf.min.js:8
[  495110ms] [LOG] 0 @ https://assets.adobedtm.com/846ae6cc52a8/04305b11409a/launch-ENc97853c5e46d4f92bdf0b75e595632cf.min.js:8
[  495846ms] [LOG] Triggered at 25% scroll height @ :1
[  496713ms] [ERROR] Refused to execute script from 'https://www.studiokohler.com/content/dam/kohler-kds/navigation/aaf54114_rgb.jpeg?req=props,json&scl=1&id=1599383937&handler=s7RIJSONResponse' because its MIME type ('image/jpeg') is not executable, and strict MIME type checking is enabled. @ https://www.studiokohler.com/js/s7responsiveimage.js:98
[  496713ms] [ERROR] Refused to execute script from 'https://www.studiokohler.com/content/dam/kohler-kds/navigation/aaf54114_rgb.jpeg?req=set,json&id=-1893533819&handler=s7RIJSONResponse' because its MIME type ('image/jpeg') is not executable, and strict MIME type checking is enabled. @ https://www.studiokohler.com/js/s7responsiveimage.js:98
[  496714ms] [ERROR] Refused to execute script from 'https://www.studiokohler.com/content/dam/kohler-kds/navigation/aaf54116_rgb.jpeg?req=props,json&scl=1&id=-1993983485&handler=s7RIJSONResponse' because its MIME type ('image/jpeg') is not executable, and strict MIME type checking is enabled. @ https://www.studiokohler.com/js/s7responsiveimage.js:98
[  496714ms] [ERROR] Refused to execute script from 'https://www.studiokohler.com/content/dam/kohler-kds/navigation/aaf54116_rgb.jpeg?req=set,json&id=595995143&handler=s7RIJSONResponse' because its MIME type ('image/jpeg') is not executable, and strict MIME type checking is enabled. @ https://www.studiokohler.com/js/s7responsiveimage.js:98
[  496714ms] [ERROR] Refused to execute script from 'https://www.studiokohler.com/content/dam/kohler-kds/navigation/d2c0043993_rgb.jpg?req=props,json&scl=1&id=-1685132386&handler=s7RIJSONResponse' because its MIME type ('image/jpeg') is not executable, and strict MIME type checking is enabled. @ https://www.studiokohler.com/js/s7responsiveimage.js:98
[  496714ms] [ERROR] Refused to execute script from 'https://www.studiokohler.com/content/dam/kohler-kds/navigation/d2c0043993_rgb.jpg?req=set,json&id=1337697954&handler=s7RIJSONResponse' because its MIME type ('image/jpeg') is not executable, and strict MIME type checking is enabled. @ https://www.studiokohler.com/js/s7responsiveimage.js:98
[  496715ms] [ERROR] Refused to execute script from 'https://www.studiokohler.com/content/dam/kohler-kds/navigation/aaj10834.jpeg?req=props,json&scl=1&id=150453172&handler=s7RIJSONResponse' because its MIME type ('image/jpeg') is not executable, and strict MIME type checking is enabled. @ https://www.studiokohler.com/js/s7responsiveimage.js:98
[  496715ms] [ERROR] Refused to execute script from 'https://www.studiokohler.com/content/dam/kohler-kds/navigation/aaj10834.jpeg?req=set,json&id=-974590792&handler=s7RIJSONResponse' because its MIME type ('image/jpeg') is not executable, and strict MIME type checking is enabled. @ https://www.studiokohler.com/js/s7responsiveimage.js:98
[  496715ms] [ERROR] Refused to execute script from 'https://www.studiokohler.com/content/dam/kohler-kds/larg-image-and-text-block/aaj98359_rgb.jpg?req=props,json&scl=1&id=-892984135&handler=s7RIJSONResponse' because its MIME type ('image/jpeg') is not executable, and strict MIME type checking is enabled. @ https://www.studiokohler.com/js/s7responsiveimage.js:98
[  496715ms] [ERROR] Refused to execute script from 'https://www.studiokohler.com/content/dam/kohler-kds/larg-image-and-text-block/aaj98359_rgb.jpg?req=set,json&id=92220093&handler=s7RIJSONResponse' because its MIME type ('image/jpeg') is not executable, and strict MIME type checking is enabled. @ https://www.studiokohler.com/js/s7responsiveimage.js:98
[  496716ms] [ERROR] Refused to execute script from 'https://www.studiokohler.com/content/dam/kohler-kds/navigation/aai11078.jpeg?req=props,json&scl=1&id=-545430548&handler=s7RIJSONResponse' because its MIME type ('image/jpeg') is not executable, and strict MIME type checking is enabled. @ https://www.studiokohler.com/js/s7responsiveimage.js:98
[  496716ms] [ERROR] Refused to execute script from 'https://www.studiokohler.com/content/dam/kohler-kds/navigation/aai11078.jpeg?req=set,json&id=-1059697424&handler=s7RIJSONResponse' because its MIME type ('image/jpeg') is not executable, and strict MIME type checking is enabled. @ https://www.studiokohler.com/js/s7responsiveimage.js:98
[  498959ms] [WARNING] The resource https://globalkohler.my.site.com/ESWStudioKohlerMIAWCha1785991579828/webruntime/component/5b8557d8725fba2dbf2e6a4968ec430c/prod/en-US/force/luvioRuntimeWebruntime_cmp was preloaded using link preload but not used within a few seconds from the window's load event. Please make sure it has an appropriate `as` value and it is preloaded intentionally. @ https://globalkohler.my.site.com/ESWStudioKohlerMIAWCha1785991579828/assets/htdocs/sitecontext.min.html?parent_domain=https%3A%2F%2Fwww.studiokohler.com:0
[  498959ms] [WARNING] The resource https://globalkohler.my.site.com/ESWStudioKohlerMIAWCha1785991579828/webruntime/framework/cb2c1a2c50/prod/lwr_app_bootstrap_hook was preloaded using link preload but not used within a few seconds from the window's load event. Please make sure it has an appropriate `as` value and it is preloaded intentionally. @ https://globalkohler.my.site.com/ESWStudioKohlerMIAWCha1785991579828/assets/htdocs/sitecontext.min.html?parent_domain=https%3A%2F%2Fwww.studiokohler.com:0
[  498959ms] [WARNING] The resource https://globalkohler.my.site.com/ESWStudioKohlerMIAWCha1785991579828/webruntime/framework/b73515aaa5/prod/lwr_bootstrap was preloaded using link preload but not used within a few seconds from the window's load event. Please make sure it has an appropriate `as` value and it is preloaded intentionally. @ https://globalkohler.my.site.com/ESWStudioKohlerMIAWCha1785991579828/assets/htdocs/sitecontext.min.html?parent_domain=https%3A%2F%2Fwww.studiokohler.com:0
[  498959ms] [WARNING] The resource https://globalkohler.my.site.com/ESWStudioKohlerMIAWCha1785991579828/assets/styles/salesforce-lightning-design-system.min.css?e298b32610 was preloaded using link preload but not used within a few seconds from the window's load event. Please make sure it has an appropriate `as` value and it is preloaded intentionally. @ https://globalkohler.my.site.com/ESWStudioKohlerMIAWCha1785991579828/assets/htdocs/sitecontext.min.html?parent_domain=https%3A%2F%2Fwww.studiokohler.com:0
[  498959ms] [WARNING] The resource https://globalkohler.my.site.com/ESWStudioKohlerMIAWCha1785991579828/webruntime/view/a13680776f58817c268b3c4382572239/prod/en-US/frame_view was preloaded using link preload but not used within a few seconds from the window's load event. Please make sure it has an appropriate `as` value and it is preloaded intentionally. @ https://globalkohler.my.site.com/ESWStudioKohlerMIAWCha1785991579828/assets/htdocs/sitecontext.min.html?parent_domain=https%3A%2F%2Fwww.studiokohler.com:0
[  498959ms] [WARNING] The resource https://globalkohler.my.site.com/ESWStudioKohlerMIAWCha1785991579828/webruntime/framework/6186554a8e/prod/lwr_app was preloaded using link preload but not used within a few seconds from the window's load event. Please make sure it has an appropriate `as` value and it is preloaded intentionally. @ https://globalkohler.my.site.com/ESWStudioKohlerMIAWCha1785991579828/assets/htdocs/sitecontext.min.html?parent_domain=https%3A%2F%2Fwww.studiokohler.com:0
[  498959ms] [WARNING] The resource https://globalkohler.my.site.com/ESWStudioKohlerMIAWCha1785991579828/assets/styles/embedded-messaging-styling.min.css?e298b32610 was preloaded using link preload but not used within a few seconds from the window's load event. Please make sure it has an appropriate `as` value and it is preloaded intentionally. @ https://globalkohler.my.site.com/ESWStudioKohlerMIAWCha1785991579828/assets/htdocs/sitecontext.min.html?parent_domain=https%3A%2F%2Fwww.studiokohler.com:0
[  498959ms] [WARNING] The resource https://globalkohler.my.site.com/ESWStudioKohlerMIAWCha1785991579828/webruntime/view/3a680bd1b3e3045a99687a2950898fdf/prod/en-US/home_view was preloaded using link preload but not used within a few seconds from the window's load event. Please make sure it has an appropriate `as` value and it is preloaded intentionally. @ https://globalkohler.my.site.com/ESWStudioKohlerMIAWCha1785991579828/assets/htdocs/sitecontext.min.html?parent_domain=https%3A%2F%2Fwww.studiokohler.com:0
[  498959ms] [WARNING] The resource https://globalkohler.my.site.com/ESWStudioKohlerMIAWCha1785991579828/webruntime/framework/6ce0b87300/prod/lwr_loader was preloaded using link preload but not used within a few seconds from the window's load event. Please make sure it has an appropriate `as` value and it is preloaded intentionally. @ https://globalkohler.my.site.com/ESWStudioKohlerMIAWCha1785991579828/assets/htdocs/sitecontext.min.html?parent_domain=https%3A%2F%2Fwww.studiokohler.com:0
[  498959ms] [WARNING] The resource https://globalkohler.my.site.com/ESWStudioKohlerMIAWCha1785991579828/webruntime/component/259a789b5905e4a3e65c0942cc97421d/prod/en-US/force/luvioLwcBindings_cmp was preloaded using link preload but not used within a few seconds from the window's load event. Please make sure it has an appropriate `as` value and it is preloaded intentionally. @ https://globalkohler.my.site.com/ESWStudioKohlerMIAWCha1785991579828/assets/htdocs/sitecontext.min.html?parent_domain=https%3A%2F%2Fwww.studiokohler.com:0
[  498959ms] [WARNING] The resource https://globalkohler.my.site.com/ESWStudioKohlerMIAWCha1785991579828/webruntime/framework/c6f5ab53a7/prod/lwr_lwc was preloaded using link preload but not used within a few seconds from the window's load event. Please make sure it has an appropriate `as` value and it is preloaded intentionally. @ https://globalkohler.my.site.com/ESWStudioKohlerMIAWCha1785991579828/assets/htdocs/sitecontext.min.html?parent_domain=https%3A%2F%2Fwww.studiokohler.com:0
[  499716ms] [WARNING] The resource https://www.studiokohler.com/_next/static/chunks/0hqnmwnsg1zbt.css was preloaded using link preload but not used within a few seconds from the window's load event. Please make sure it has an appropriate `as` value and it is preloaded intentionally. @ https://www.studiokohler.com/products/bathroom/faucets/bathroom-sink-faucets?fq=InstallationType%3A%22Centerset%22:0
[  507947ms] [WARNING] The resource https://www.studiokohler.com/_next/static/chunks/0hqnmwnsg1zbt.css was preloaded using link preload but not used within a few seconds from the window's load event. Please make sure it has an appropriate `as` value and it is preloaded intentionally. @ https://www.studiokohler.com/products/bathroom/faucets/bathroom-sink-faucets?fq=InstallationType%3A%22Centerset%22:0
[  512583ms] [LOG] Event Name linkclick @ https://assets.adobedtm.com/846ae6cc52a8/04305b11409a/launch-ENc97853c5e46d4f92bdf0b75e595632cf.min.js:9
[  513086ms] [WARNING] Blocked aria-hidden on an element because its descendant retained focus. The focus must not be hidden from assistive technology users. Avoid using aria-hidden on a focused element or its ancestor. Consider using the inert attribute instead, which will also prevent focus. For more details, see the aria-hidden section of the WAI-ARIA specification at https://w3c.github.io/aria/#aria-hidden.
Element with focus: <a.dTpXP OverlayMenuLinks-module-scss-module__g1t2uG__overlayMenuCategoryLinksLink _6C-0Q dsm-typography-a-navigation-overlay-item-s>
Ancestor with aria-hidden: <div.MainNavigationBar-module-scss-module__dC6d8G__navigationOverlayMenuWrapper> @ https://www.studiokohler.com/products/bathroom/faucets/bathroom-sink-faucets?fq=InstallationType%3A%22Centerset%22:0
[  513300ms] Error: Minified React error #418; visit https://react.dev/errors/418?args[]=HTML&args[]= for the full message or use the non-minified dev environment for full errors and additional helpful warnings.
    at rX (https://www.studiokohler.com/_next/static/chunks/0~7nm1~zg71g0.js:1:46254)
    at iu (https://www.studiokohler.com/_next/static/chunks/0~7nm1~zg71g0.js:1:97295)
    at sd (https://www.studiokohler.com/_next/static/chunks/0~7nm1~zg71g0.js:1:137985)
    at https://www.studiokohler.com/_next/static/chunks/0~7nm1~zg71g0.js:1:137830
    at sf (https://www.studiokohler.com/_next/static/chunks/0~7nm1~zg71g0.js:1:137838)
    at se (https://www.studiokohler.com/_next/static/chunks/0~7nm1~zg71g0.js:1:132978)
    at sW (https://www.studiokohler.com/_next/static/chunks/0~7nm1~zg71g0.js:1:159657)
    at sU (https://www.studiokohler.com/_next/static/chunks/0~7nm1~zg71g0.js:1:157871)
    at sH (https://www.studiokohler.com/_next/static/chunks/0~7nm1~zg71g0.js:1:158215)
    at https://www.studiokohler.com/_next/static/chunks/0~7nm1~zg71g0.js:1:157500
[  513320ms] SyntaxError: Failed to execute 'querySelector' on 'Document': 'link[rel="preload"][as="script"][href="\a https://resources.digital-cloud-west.medallia.com/wdcwest/740343/onsite/embed.js\a "]' is not a valid selector.
    at Object.L (https://www.studiokohler.com/_next/static/chunks/0~7nm1~zg71g0.js:1:190038)
    at r.preload (https://www.studiokohler.com/_next/static/chunks/0_5ax_b188xq6.js:1:12765)
    at v (https://www.studiokohler.com/_next/static/chunks/0f1l2no-9vj_c.js:1:6977)
    at ay (https://www.studiokohler.com/_next/static/chunks/0~7nm1~zg71g0.js:1:62886)
    at oJ (https://www.studiokohler.com/_next/static/chunks/0~7nm1~zg71g0.js:1:83143)
    at iu (https://www.studiokohler.com/_next/static/chunks/0~7nm1~zg71g0.js:1:93735)
    at sd (https://www.studiokohler.com/_next/static/chunks/0~7nm1~zg71g0.js:1:137985)
    at https://www.studiokohler.com/_next/static/chunks/0~7nm1~zg71g0.js:1:137830
    at sf (https://www.studiokohler.com/_next/static/chunks/0~7nm1~zg71g0.js:1:137838)
    at se (https://www.studiokohler.com/_next/static/chunks/0~7nm1~zg71g0.js:1:132978)
[  513320ms] SyntaxError: Failed to execute 'querySelector' on 'Document': 'link[rel="preload"][as="script"][href="\a https://resources.digital-cloud-west.medallia.com/wdcwest/740343/onsite/embed.js\a "]' is not a valid selector.
    at Object.L (https://www.studiokohler.com/_next/static/chunks/0~7nm1~zg71g0.js:1:190038)
    at r.preload (https://www.studiokohler.com/_next/static/chunks/0_5ax_b188xq6.js:1:12765)
    at v (https://www.studiokohler.com/_next/static/chunks/0f1l2no-9vj_c.js:1:6977)
    at ay (https://www.studiokohler.com/_next/static/chunks/0~7nm1~zg71g0.js:1:62886)
    at oJ (https://www.studiokohler.com/_next/static/chunks/0~7nm1~zg71g0.js:1:83143)
    at iu (https://www.studiokohler.com/_next/static/chunks/0~7nm1~zg71g0.js:1:93735)
    at sd (https://www.studiokohler.com/_next/static/chunks/0~7nm1~zg71g0.js:1:137985)
    at https://www.studiokohler.com/_next/static/chunks/0~7nm1~zg71g0.js:1:137830
    at sf (https://www.studiokohler.com/_next/static/chunks/0~7nm1~zg71g0.js:1:137838)
    at se (https://www.studiokohler.com/_next/static/chunks/0~7nm1~zg71g0.js:1:132978)
[  513628ms] [WARNING] 🚀 container.buildInfo.environment is deprecated.Please use `container.environment.stage` instead @ https://assets.adobedtm.com/846ae6cc52a8/04305b11409a/launch-ENc97853c5e46d4f92bdf0b75e595632cf.min.js:14
[  513741ms] [WARNING] [Meta Pixel] - Duplicate Pixel ID: 117823355284455. @ https://connect.facebook.net/en_US/fbevents.js:203
[  513876ms] [LOG] Triggered at 100% scroll height @ :1
[  513876ms] ReferenceError: s is not defined
    at <anonymous>:2:14
    at https://assets.adobedtm.com/846ae6cc52a8/04305b11409a/launch-ENc97853c5e46d4f92bdf0b75e595632cf.min.js:5:19158
    at new Promise (<anonymous>)
    at _satellite.<computed> (https://assets.adobedtm.com/846ae6cc52a8/04305b11409a/launch-ENc97853c5e46d4f92bdf0b75e595632cf.min.js:5:19135)
    at <anonymous>:1:27
    at e._insertCursor (https://assets.adobedtm.com/846ae6cc52a8/04305b11409a/launch-ENc97853c5e46d4f92bdf0b75e595632cf.min.js:5:7042)
    at e._writeScriptToken (https://assets.adobedtm.com/846ae6cc52a8/04305b11409a/launch-ENc97853c5e46d4f92bdf0b75e595632cf.min.js:5:7695)
    at e._handleScriptToken (https://assets.adobedtm.com/846ae6cc52a8/04305b11409a/launch-ENc97853c5e46d4f92bdf0b75e595632cf.min.js:5:6254)
    at e._writeImpl (https://assets.adobedtm.com/846ae6cc52a8/04305b11409a/launch-ENc97853c5e46d4f92bdf0b75e595632cf.min.js:5:4866)
    at e.write (https://assets.adobedtm.com/846ae6cc52a8/04305b11409a/launch-ENc97853c5e46d4f92bdf0b75e595632cf.min.js:5:4429)
[  514183ms] [WARNING] 🚀 _satellite.setCookie is deprecated. Please use _satellite.cookie.set("ecid", "17600893917683730944237762692949821572"). @ https://assets.adobedtm.com/846ae6cc52a8/04305b11409a/launch-ENc97853c5e46d4f92bdf0b75e595632cf.min.js:14
[  514629ms] [LOG] Testing============== @ https://assets.adobedtm.com/846ae6cc52a8/04305b11409a/launch-ENc97853c5e46d4f92bdf0b75e595632cf.min.js:8
[  514630ms] [LOG] 0 @ https://assets.adobedtm.com/846ae6cc52a8/04305b11409a/launch-ENc97853c5e46d4f92bdf0b75e595632cf.min.js:8
[  515175ms] [LOG] Triggered at 25% scroll height @ :1
[  516263ms] [ERROR] Refused to execute script from 'https://www.studiokohler.com/content/dam/kohler-kds/navigation/aaf54114_rgb.jpeg?req=props,json&scl=1&id=1599383937&handler=s7RIJSONResponse' because its MIME type ('image/jpeg') is not executable, and strict MIME type checking is enabled. @ https://www.studiokohler.com/js/s7responsiveimage.js:98
[  516263ms] [ERROR] Refused to execute script from 'https://www.studiokohler.com/content/dam/kohler-kds/navigation/aaf54114_rgb.jpeg?req=set,json&id=-1893533819&handler=s7RIJSONResponse' because its MIME type ('image/jpeg') is not executable, and strict MIME type checking is enabled. @ https://www.studiokohler.com/js/s7responsiveimage.js:98
[  516263ms] [ERROR] Refused to execute script from 'https://www.studiokohler.com/content/dam/kohler-kds/navigation/aaf54116_rgb.jpeg?req=props,json&scl=1&id=-1993983485&handler=s7RIJSONResponse' because its MIME type ('image/jpeg') is not executable, and strict MIME type checking is enabled. @ https://www.studiokohler.com/js/s7responsiveimage.js:98
[  516263ms] [ERROR] Refused to execute script from 'https://www.studiokohler.com/content/dam/kohler-kds/navigation/aaf54116_rgb.jpeg?req=set,json&id=595995143&handler=s7RIJSONResponse' because its MIME type ('image/jpeg') is not executable, and strict MIME type checking is enabled. @ https://www.studiokohler.com/js/s7responsiveimage.js:98
[  516264ms] [ERROR] Refused to execute script from 'https://www.studiokohler.com/content/dam/kohler-kds/navigation/d2c0043993_rgb.jpg?req=props,json&scl=1&id=-1685132386&handler=s7RIJSONResponse' because its MIME type ('image/jpeg') is not executable, and strict MIME type checking is enabled. @ https://www.studiokohler.com/js/s7responsiveimage.js:98
[  516264ms] [ERROR] Refused to execute script from 'https://www.studiokohler.com/content/dam/kohler-kds/navigation/d2c0043993_rgb.jpg?req=set,json&id=1337697954&handler=s7RIJSONResponse' because its MIME type ('image/jpeg') is not executable, and strict MIME type checking is enabled. @ https://www.studiokohler.com/js/s7responsiveimage.js:98
[  516264ms] [ERROR] Refused to execute script from 'https://www.studiokohler.com/content/dam/kohler-kds/navigation/aaj10834.jpeg?req=props,json&scl=1&id=150453172&handler=s7RIJSONResponse' because its MIME type ('image/jpeg') is not executable, and strict MIME type checking is enabled. @ https://www.studiokohler.com/js/s7responsiveimage.js:98
[  516264ms] [ERROR] Refused to execute script from 'https://www.studiokohler.com/content/dam/kohler-kds/navigation/aaj10834.jpeg?req=set,json&id=-974590792&handler=s7RIJSONResponse' because its MIME type ('image/jpeg') is not executable, and strict MIME type checking is enabled. @ https://www.studiokohler.com/js/s7responsiveimage.js:98
[  516264ms] [ERROR] Refused to execute script from 'https://www.studiokohler.com/content/dam/kohler-kds/larg-image-and-text-block/aaj98359_rgb.jpg?req=props,json&scl=1&id=-892984135&handler=s7RIJSONResponse' because its MIME type ('image/jpeg') is not executable, and strict MIME type checking is enabled. @ https://www.studiokohler.com/js/s7responsiveimage.js:98
[  516264ms] [ERROR] Refused to execute script from 'https://www.studiokohler.com/content/dam/kohler-kds/larg-image-and-text-block/aaj98359_rgb.jpg?req=set,json&id=92220093&handler=s7RIJSONResponse' because its MIME type ('image/jpeg') is not executable, and strict MIME type checking is enabled. @ https://www.studiokohler.com/js/s7responsiveimage.js:98
[  516264ms] [ERROR] Refused to execute script from 'https://www.studiokohler.com/content/dam/kohler-kds/navigation/aai11078.jpeg?req=props,json&scl=1&id=-545430548&handler=s7RIJSONResponse' because its MIME type ('image/jpeg') is not executable, and strict MIME type checking is enabled. @ https://www.studiokohler.com/js/s7responsiveimage.js:98
[  516264ms] [ERROR] Refused to execute script from 'https://www.studiokohler.com/content/dam/kohler-kds/navigation/aai11078.jpeg?req=set,json&id=-1059697424&handler=s7RIJSONResponse' because its MIME type ('image/jpeg') is not executable, and strict MIME type checking is enabled. @ https://www.studiokohler.com/js/s7responsiveimage.js:98
[  520064ms] [LOG] Event Name linkclick @ https://assets.adobedtm.com/846ae6cc52a8/04305b11409a/launch-ENc97853c5e46d4f92bdf0b75e595632cf.min.js:9
[  520814ms] Error: Minified React error #418; visit https://react.dev/errors/418?args[]=HTML&args[]= for the full message or use the non-minified dev environment for full errors and additional helpful warnings.
    at rX (https://www.studiokohler.com/_next/static/chunks/0~7nm1~zg71g0.js:1:46254)
    at iu (https://www.studiokohler.com/_next/static/chunks/0~7nm1~zg71g0.js:1:97295)
    at sd (https://www.studiokohler.com/_next/static/chunks/0~7nm1~zg71g0.js:1:137985)
    at https://www.studiokohler.com/_next/static/chunks/0~7nm1~zg71g0.js:1:137830
    at sf (https://www.studiokohler.com/_next/static/chunks/0~7nm1~zg71g0.js:1:137838)
    at se (https://www.studiokohler.com/_next/static/chunks/0~7nm1~zg71g0.js:1:132978)
    at sW (https://www.studiokohler.com/_next/static/chunks/0~7nm1~zg71g0.js:1:159657)
    at sU (https://www.studiokohler.com/_next/static/chunks/0~7nm1~zg71g0.js:1:157871)
    at sH (https://www.studiokohler.com/_next/static/chunks/0~7nm1~zg71g0.js:1:158215)
    at https://www.studiokohler.com/_next/static/chunks/0~7nm1~zg71g0.js:1:157500
[  520836ms] SyntaxError: Failed to execute 'querySelector' on 'Document': 'link[rel="preload"][as="script"][href="\a https://resources.digital-cloud-west.medallia.com/wdcwest/740343/onsite/embed.js\a "]' is not a valid selector.
    at Object.L (https://www.studiokohler.com/_next/static/chunks/0~7nm1~zg71g0.js:1:190038)
    at r.preload (https://www.studiokohler.com/_next/static/chunks/0_5ax_b188xq6.js:1:12765)
    at v (https://www.studiokohler.com/_next/static/chunks/0f1l2no-9vj_c.js:1:6977)
    at ay (https://www.studiokohler.com/_next/static/chunks/0~7nm1~zg71g0.js:1:62886)
    at oJ (https://www.studiokohler.com/_next/static/chunks/0~7nm1~zg71g0.js:1:83143)
    at iu (https://www.studiokohler.com/_next/static/chunks/0~7nm1~zg71g0.js:1:93735)
    at sd (https://www.studiokohler.com/_next/static/chunks/0~7nm1~zg71g0.js:1:137985)
    at https://www.studiokohler.com/_next/static/chunks/0~7nm1~zg71g0.js:1:137830
    at sf (https://www.studiokohler.com/_next/static/chunks/0~7nm1~zg71g0.js:1:137838)
    at se (https://www.studiokohler.com/_next/static/chunks/0~7nm1~zg71g0.js:1:132978)
[  520836ms] SyntaxError: Failed to execute 'querySelector' on 'Document': 'link[rel="preload"][as="script"][href="\a https://resources.digital-cloud-west.medallia.com/wdcwest/740343/onsite/embed.js\a "]' is not a valid selector.
    at Object.L (https://www.studiokohler.com/_next/static/chunks/0~7nm1~zg71g0.js:1:190038)
    at r.preload (https://www.studiokohler.com/_next/static/chunks/0_5ax_b188xq6.js:1:12765)
    at v (https://www.studiokohler.com/_next/static/chunks/0f1l2no-9vj_c.js:1:6977)
    at ay (https://www.studiokohler.com/_next/static/chunks/0~7nm1~zg71g0.js:1:62886)
    at oJ (https://www.studiokohler.com/_next/static/chunks/0~7nm1~zg71g0.js:1:83143)
    at iu (https://www.studiokohler.com/_next/static/chunks/0~7nm1~zg71g0.js:1:93735)
    at sd (https://www.studiokohler.com/_next/static/chunks/0~7nm1~zg71g0.js:1:137985)
    at https://www.studiokohler.com/_next/static/chunks/0~7nm1~zg71g0.js:1:137830
    at sf (https://www.studiokohler.com/_next/static/chunks/0~7nm1~zg71g0.js:1:137838)
    at se (https://www.studiokohler.com/_next/static/chunks/0~7nm1~zg71g0.js:1:132978)
[  522076ms] [WARNING] 🚀 container.buildInfo.environment is deprecated.Please use `container.environment.stage` instead @ https://assets.adobedtm.com/846ae6cc52a8/04305b11409a/launch-ENc97853c5e46d4f92bdf0b75e595632cf.min.js:14
[  522145ms] [WARNING] [Meta Pixel] - Duplicate Pixel ID: 117823355284455. @ https://connect.facebook.net/en_US/fbevents.js:203
[  522333ms] [LOG] Triggered at 100% scroll height @ :1
[  522333ms] ReferenceError: s is not defined
    at <anonymous>:2:14
    at https://assets.adobedtm.com/846ae6cc52a8/04305b11409a/launch-ENc97853c5e46d4f92bdf0b75e595632cf.min.js:5:19158
    at new Promise (<anonymous>)
    at _satellite.<computed> (https://assets.adobedtm.com/846ae6cc52a8/04305b11409a/launch-ENc97853c5e46d4f92bdf0b75e595632cf.min.js:5:19135)
    at <anonymous>:1:27
    at e._insertCursor (https://assets.adobedtm.com/846ae6cc52a8/04305b11409a/launch-ENc97853c5e46d4f92bdf0b75e595632cf.min.js:5:7042)
    at e._writeScriptToken (https://assets.adobedtm.com/846ae6cc52a8/04305b11409a/launch-ENc97853c5e46d4f92bdf0b75e595632cf.min.js:5:7695)
    at e._handleScriptToken (https://assets.adobedtm.com/846ae6cc52a8/04305b11409a/launch-ENc97853c5e46d4f92bdf0b75e595632cf.min.js:5:6254)
    at e._writeImpl (https://assets.adobedtm.com/846ae6cc52a8/04305b11409a/launch-ENc97853c5e46d4f92bdf0b75e595632cf.min.js:5:4866)
    at e.write (https://assets.adobedtm.com/846ae6cc52a8/04305b11409a/launch-ENc97853c5e46d4f92bdf0b75e595632cf.min.js:5:4429)
[  522563ms] [WARNING] 🚀 _satellite.setCookie is deprecated. Please use _satellite.cookie.set("ecid", "17600893917683730944237762692949821572"). @ https://assets.adobedtm.com/846ae6cc52a8/04305b11409a/launch-ENc97853c5e46d4f92bdf0b75e595632cf.min.js:14
[  523077ms] [LOG] Testing============== @ https://assets.adobedtm.com/846ae6cc52a8/04305b11409a/launch-ENc97853c5e46d4f92bdf0b75e595632cf.min.js:8
[  523077ms] [LOG] 0 @ https://assets.adobedtm.com/846ae6cc52a8/04305b11409a/launch-ENc97853c5e46d4f92bdf0b75e595632cf.min.js:8
[  523775ms] [ERROR] Refused to execute script from 'https://www.studiokohler.com/content/dam/kohler-kds/navigation/aaf54114_rgb.jpeg?req=props,json&scl=1&id=1599383937&handler=s7RIJSONResponse' because its MIME type ('image/jpeg') is not executable, and strict MIME type checking is enabled. @ https://www.studiokohler.com/js/s7responsiveimage.js:98
[  523776ms] [ERROR] Refused to execute script from 'https://www.studiokohler.com/content/dam/kohler-kds/navigation/aaf54114_rgb.jpeg?req=set,json&id=-1893533819&handler=s7RIJSONResponse' because its MIME type ('image/jpeg') is not executable, and strict MIME type checking is enabled. @ https://www.studiokohler.com/js/s7responsiveimage.js:98
[  523778ms] [ERROR] Refused to execute script from 'https://www.studiokohler.com/content/dam/kohler-kds/navigation/aaf54116_rgb.jpeg?req=props,json&scl=1&id=-1993983485&handler=s7RIJSONResponse' because its MIME type ('image/jpeg') is not executable, and strict MIME type checking is enabled. @ https://www.studiokohler.com/js/s7responsiveimage.js:98
[  523778ms] [ERROR] Refused to execute script from 'https://www.studiokohler.com/content/dam/kohler-kds/navigation/aaf54116_rgb.jpeg?req=set,json&id=595995143&handler=s7RIJSONResponse' because its MIME type ('image/jpeg') is not executable, and strict MIME type checking is enabled. @ https://www.studiokohler.com/js/s7responsiveimage.js:98
[  523779ms] [ERROR] Refused to execute script from 'https://www.studiokohler.com/content/dam/kohler-kds/navigation/d2c0043993_rgb.jpg?req=props,json&scl=1&id=-1685132386&handler=s7RIJSONResponse' because its MIME type ('image/jpeg') is not executable, and strict MIME type checking is enabled. @ https://www.studiokohler.com/js/s7responsiveimage.js:98
[  523779ms] [ERROR] Refused to execute script from 'https://www.studiokohler.com/content/dam/kohler-kds/navigation/d2c0043993_rgb.jpg?req=set,json&id=1337697954&handler=s7RIJSONResponse' because its MIME type ('image/jpeg') is not executable, and strict MIME type checking is enabled. @ https://www.studiokohler.com/js/s7responsiveimage.js:98
[  523780ms] [ERROR] Refused to execute script from 'https://www.studiokohler.com/content/dam/kohler-kds/navigation/aaj10834.jpeg?req=props,json&scl=1&id=150453172&handler=s7RIJSONResponse' because its MIME type ('image/jpeg') is not executable, and strict MIME type checking is enabled. @ https://www.studiokohler.com/js/s7responsiveimage.js:98
[  523780ms] [ERROR] Refused to execute script from 'https://www.studiokohler.com/content/dam/kohler-kds/navigation/aaj10834.jpeg?req=set,json&id=-974590792&handler=s7RIJSONResponse' because its MIME type ('image/jpeg') is not executable, and strict MIME type checking is enabled. @ https://www.studiokohler.com/js/s7responsiveimage.js:98
[  523780ms] [ERROR] Refused to execute script from 'https://www.studiokohler.com/content/dam/kohler-kds/larg-image-and-text-block/aaj98359_rgb.jpg?req=props,json&scl=1&id=-892984135&handler=s7RIJSONResponse' because its MIME type ('image/jpeg') is not executable, and strict MIME type checking is enabled. @ https://www.studiokohler.com/js/s7responsiveimage.js:98
[  523781ms] [ERROR] Refused to execute script from 'https://www.studiokohler.com/content/dam/kohler-kds/larg-image-and-text-block/aaj98359_rgb.jpg?req=set,json&id=92220093&handler=s7RIJSONResponse' because its MIME type ('image/jpeg') is not executable, and strict MIME type checking is enabled. @ https://www.studiokohler.com/js/s7responsiveimage.js:98
[  523781ms] [ERROR] Refused to execute script from 'https://www.studiokohler.com/content/dam/kohler-kds/navigation/aai11078.jpeg?req=props,json&scl=1&id=-545430548&handler=s7RIJSONResponse' because its MIME type ('image/jpeg') is not executable, and strict MIME type checking is enabled. @ https://www.studiokohler.com/js/s7responsiveimage.js:98
[  523781ms] [ERROR] Refused to execute script from 'https://www.studiokohler.com/content/dam/kohler-kds/navigation/aai11078.jpeg?req=set,json&id=-1059697424&handler=s7RIJSONResponse' because its MIME type ('image/jpeg') is not executable, and strict MIME type checking is enabled. @ https://www.studiokohler.com/js/s7responsiveimage.js:98
[  526060ms] [WARNING] The resource https://globalkohler.my.site.com/ESWStudioKohlerMIAWCha1785991579828/webruntime/component/5b8557d8725fba2dbf2e6a4968ec430c/prod/en-US/force/luvioRuntimeWebruntime_cmp was preloaded using link preload but not used within a few seconds from the window's load event. Please make sure it has an appropriate `as` value and it is preloaded intentionally. @ https://globalkohler.my.site.com/ESWStudioKohlerMIAWCha1785991579828/assets/htdocs/sitecontext.min.html?parent_domain=https%3A%2F%2Fwww.studiokohler.com:0
[  526060ms] [WARNING] The resource https://globalkohler.my.site.com/ESWStudioKohlerMIAWCha1785991579828/webruntime/framework/cb2c1a2c50/prod/lwr_app_bootstrap_hook was preloaded using link preload but not used within a few seconds from the window's load event. Please make sure it has an appropriate `as` value and it is preloaded intentionally. @ https://globalkohler.my.site.com/ESWStudioKohlerMIAWCha1785991579828/assets/htdocs/sitecontext.min.html?parent_domain=https%3A%2F%2Fwww.studiokohler.com:0
[  526060ms] [WARNING] The resource https://globalkohler.my.site.com/ESWStudioKohlerMIAWCha1785991579828/webruntime/framework/b73515aaa5/prod/lwr_bootstrap was preloaded using link preload but not used within a few seconds from the window's load event. Please make sure it has an appropriate `as` value and it is preloaded intentionally. @ https://globalkohler.my.site.com/ESWStudioKohlerMIAWCha1785991579828/assets/htdocs/sitecontext.min.html?parent_domain=https%3A%2F%2Fwww.studiokohler.com:0
[  526060ms] [WARNING] The resource https://globalkohler.my.site.com/ESWStudioKohlerMIAWCha1785991579828/assets/styles/salesforce-lightning-design-system.min.css?e298b32610 was preloaded using link preload but not used within a few seconds from the window's load event. Please make sure it has an appropriate `as` value and it is preloaded intentionally. @ https://globalkohler.my.site.com/ESWStudioKohlerMIAWCha1785991579828/assets/htdocs/sitecontext.min.html?parent_domain=https%3A%2F%2Fwww.studiokohler.com:0
[  526060ms] [WARNING] The resource https://globalkohler.my.site.com/ESWStudioKohlerMIAWCha1785991579828/webruntime/view/a13680776f58817c268b3c4382572239/prod/en-US/frame_view was preloaded using link preload but not used within a few seconds from the window's load event. Please make sure it has an appropriate `as` value and it is preloaded intentionally. @ https://globalkohler.my.site.com/ESWStudioKohlerMIAWCha1785991579828/assets/htdocs/sitecontext.min.html?parent_domain=https%3A%2F%2Fwww.studiokohler.com:0
[  526060ms] [WARNING] The resource https://globalkohler.my.site.com/ESWStudioKohlerMIAWCha1785991579828/webruntime/framework/6186554a8e/prod/lwr_app was preloaded using link preload but not used within a few seconds from the window's load event. Please make sure it has an appropriate `as` value and it is preloaded intentionally. @ https://globalkohler.my.site.com/ESWStudioKohlerMIAWCha1785991579828/assets/htdocs/sitecontext.min.html?parent_domain=https%3A%2F%2Fwww.studiokohler.com:0
[  526060ms] [WARNING] The resource https://globalkohler.my.site.com/ESWStudioKohlerMIAWCha1785991579828/assets/styles/embedded-messaging-styling.min.css?e298b32610 was preloaded using link preload but not used within a few seconds from the window's load event. Please make sure it has an appropriate `as` value and it is preloaded intentionally. @ https://globalkohler.my.site.com/ESWStudioKohlerMIAWCha1785991579828/assets/htdocs/sitecontext.min.html?parent_domain=https%3A%2F%2Fwww.studiokohler.com:0
[  526060ms] [WARNING] The resource https://globalkohler.my.site.com/ESWStudioKohlerMIAWCha1785991579828/webruntime/view/3a680bd1b3e3045a99687a2950898fdf/prod/en-US/home_view was preloaded using link preload but not used within a few seconds from the window's load event. Please make sure it has an appropriate `as` value and it is preloaded intentionally. @ https://globalkohler.my.site.com/ESWStudioKohlerMIAWCha1785991579828/assets/htdocs/sitecontext.min.html?parent_domain=https%3A%2F%2Fwww.studiokohler.com:0
[  526060ms] [WARNING] The resource https://globalkohler.my.site.com/ESWStudioKohlerMIAWCha1785991579828/webruntime/framework/6ce0b87300/prod/lwr_loader was preloaded using link preload but not used within a few seconds from the window's load event. Please make sure it has an appropriate `as` value and it is preloaded intentionally. @ https://globalkohler.my.site.com/ESWStudioKohlerMIAWCha1785991579828/assets/htdocs/sitecontext.min.html?parent_domain=https%3A%2F%2Fwww.studiokohler.com:0
[  526060ms] [WARNING] The resource https://globalkohler.my.site.com/ESWStudioKohlerMIAWCha1785991579828/webruntime/component/259a789b5905e4a3e65c0942cc97421d/prod/en-US/force/luvioLwcBindings_cmp was preloaded using link preload but not used within a few seconds from the window's load event. Please make sure it has an appropriate `as` value and it is preloaded intentionally. @ https://globalkohler.my.site.com/ESWStudioKohlerMIAWCha1785991579828/assets/htdocs/sitecontext.min.html?parent_domain=https%3A%2F%2Fwww.studiokohler.com:0
[  526060ms] [WARNING] The resource https://globalkohler.my.site.com/ESWStudioKohlerMIAWCha1785991579828/webruntime/framework/c6f5ab53a7/prod/lwr_lwc was preloaded using link preload but not used within a few seconds from the window's load event. Please make sure it has an appropriate `as` value and it is preloaded intentionally. @ https://globalkohler.my.site.com/ESWStudioKohlerMIAWCha1785991579828/assets/htdocs/sitecontext.min.html?parent_domain=https%3A%2F%2Fwww.studiokohler.com:0
[  526783ms] [WARNING] The resource https://www.studiokohler.com/_next/static/chunks/0hqnmwnsg1zbt.css was preloaded using link preload but not used within a few seconds from the window's load event. Please make sure it has an appropriate `as` value and it is preloaded intentionally. @ https://www.studiokohler.com/products/bathroom/bathroom-sink-faucets?fq=InstallationType%3A%22Widespread%22:0
[  527326ms] [LOG] Triggered at 25% scroll height @ :1
[  529826ms] [LOG] Triggered at 50% scroll height @ :1
[  539333ms] [WARNING] The resource https://www.studiokohler.com/_next/static/chunks/0hqnmwnsg1zbt.css was preloaded using link preload but not used within a few seconds from the window's load event. Please make sure it has an appropriate `as` value and it is preloaded intentionally. @ https://www.studiokohler.com/products/bathroom/bathroom-sink-faucets?fq=InstallationType%3A%22Widespread%22:0
[  544137ms] [WARNING] The resource https://www.studiokohler.com/_next/static/chunks/0hqnmwnsg1zbt.css was preloaded using link preload but not used within a few seconds from the window's load event. Please make sure it has an appropriate `as` value and it is preloaded intentionally. @ https://www.studiokohler.com/products/bathroom/bathroom-sink-faucets?fq=InstallationType%3A%22Widespread%22:0
[  563932ms] [WARNING] The resource https://www.studiokohler.com/_next/static/chunks/0hqnmwnsg1zbt.css was preloaded using link preload but not used within a few seconds from the window's load event. Please make sure it has an appropriate `as` value and it is preloaded intentionally. @ https://www.studiokohler.com/products/bathroom/bathroom-sink-faucets?fq=InstallationType%3A%22Widespread%22:0
[  575805ms] [WARNING] The resource https://www.studiokohler.com/_next/static/chunks/0hqnmwnsg1zbt.css was preloaded using link preload but not used within a few seconds from the window's load event. Please make sure it has an appropriate `as` value and it is preloaded intentionally. @ https://www.studiokohler.com/products/bathroom/bathroom-sink-faucets?fq=InstallationType%3A%22Widespread%22:0
[  585763ms] [WARNING] The resource https://www.studiokohler.com/_next/static/chunks/0hqnmwnsg1zbt.css was preloaded using link preload but not used within a few seconds from the window's load event. Please make sure it has an appropriate `as` value and it is preloaded intentionally. @ https://www.studiokohler.com/products/bathroom/bathroom-sink-faucets?fq=InstallationType%3A%22Widespread%22:0
[  592441ms] [WARNING] The resource https://www.studiokohler.com/_next/static/chunks/0hqnmwnsg1zbt.css was preloaded using link preload but not used within a few seconds from the window's load event. Please make sure it has an appropriate `as` value and it is preloaded intentionally. @ https://www.studiokohler.com/products/bathroom/bathroom-sink-faucets?fq=InstallationType%3A%22Widespread%22:0
[  612730ms] [ERROR] Refused to execute script from 'https://www.studiokohler.com/content/dam/kohler-kds/navigation/aaf54114_rgb.jpeg?req=props,json&scl=1&id=1599383937&handler=s7RIJSONResponse' because its MIME type ('image/jpeg') is not executable, and strict MIME type checking is enabled. @ https://www.studiokohler.com/js/s7responsiveimage.js:98
[  612730ms] [ERROR] Refused to execute script from 'https://www.studiokohler.com/content/dam/kohler-kds/navigation/aaf54114_rgb.jpeg?req=set,json&id=-1893533819&handler=s7RIJSONResponse' because its MIME type ('image/jpeg') is not executable, and strict MIME type checking is enabled. @ https://www.studiokohler.com/js/s7responsiveimage.js:98
[  612731ms] [ERROR] Refused to execute script from 'https://www.studiokohler.com/content/dam/kohler-kds/navigation/aaf54116_rgb.jpeg?req=props,json&scl=1&id=-1993983485&handler=s7RIJSONResponse' because its MIME type ('image/jpeg') is not executable, and strict MIME type checking is enabled. @ https://www.studiokohler.com/js/s7responsiveimage.js:98
[  612731ms] [ERROR] Refused to execute script from 'https://www.studiokohler.com/content/dam/kohler-kds/navigation/aaf54116_rgb.jpeg?req=set,json&id=595995143&handler=s7RIJSONResponse' because its MIME type ('image/jpeg') is not executable, and strict MIME type checking is enabled. @ https://www.studiokohler.com/js/s7responsiveimage.js:98
[  612731ms] [ERROR] Refused to execute script from 'https://www.studiokohler.com/content/dam/kohler-kds/navigation/d2c0043993_rgb.jpg?req=props,json&scl=1&id=-1685132386&handler=s7RIJSONResponse' because its MIME type ('image/jpeg') is not executable, and strict MIME type checking is enabled. @ https://www.studiokohler.com/js/s7responsiveimage.js:98
[  612731ms] [ERROR] Refused to execute script from 'https://www.studiokohler.com/content/dam/kohler-kds/navigation/d2c0043993_rgb.jpg?req=set,json&id=1337697954&handler=s7RIJSONResponse' because its MIME type ('image/jpeg') is not executable, and strict MIME type checking is enabled. @ https://www.studiokohler.com/js/s7responsiveimage.js:98
[  612731ms] [ERROR] Refused to execute script from 'https://www.studiokohler.com/content/dam/kohler-kds/navigation/aaj10834.jpeg?req=props,json&scl=1&id=150453172&handler=s7RIJSONResponse' because its MIME type ('image/jpeg') is not executable, and strict MIME type checking is enabled. @ https://www.studiokohler.com/js/s7responsiveimage.js:98
[  612731ms] [ERROR] Refused to execute script from 'https://www.studiokohler.com/content/dam/kohler-kds/navigation/aaj10834.jpeg?req=set,json&id=-974590792&handler=s7RIJSONResponse' because its MIME type ('image/jpeg') is not executable, and strict MIME type checking is enabled. @ https://www.studiokohler.com/js/s7responsiveimage.js:98
[  612731ms] [ERROR] Refused to execute script from 'https://www.studiokohler.com/content/dam/kohler-kds/larg-image-and-text-block/aaj98359_rgb.jpg?req=props,json&scl=1&id=-892984135&handler=s7RIJSONResponse' because its MIME type ('image/jpeg') is not executable, and strict MIME type checking is enabled. @ https://www.studiokohler.com/js/s7responsiveimage.js:98
[  612731ms] [ERROR] Refused to execute script from 'https://www.studiokohler.com/content/dam/kohler-kds/larg-image-and-text-block/aaj98359_rgb.jpg?req=set,json&id=92220093&handler=s7RIJSONResponse' because its MIME type ('image/jpeg') is not executable, and strict MIME type checking is enabled. @ https://www.studiokohler.com/js/s7responsiveimage.js:98
[  612731ms] [ERROR] Refused to execute script from 'https://www.studiokohler.com/content/dam/kohler-kds/navigation/aai11078.jpeg?req=props,json&scl=1&id=-545430548&handler=s7RIJSONResponse' because its MIME type ('image/jpeg') is not executable, and strict MIME type checking is enabled. @ https://www.studiokohler.com/js/s7responsiveimage.js:98
[  612731ms] [ERROR] Refused to execute script from 'https://www.studiokohler.com/content/dam/kohler-kds/navigation/aai11078.jpeg?req=set,json&id=-1059697424&handler=s7RIJSONResponse' because its MIME type ('image/jpeg') is not executable, and strict MIME type checking is enabled. @ https://www.studiokohler.com/js/s7responsiveimage.js:98
[  614001ms] [ERROR] Refused to execute script from 'https://www.studiokohler.com/content/dam/kohler-kds/navigation/aaf54114_rgb.jpeg?req=props,json&scl=1&id=1599383937&handler=s7RIJSONResponse' because its MIME type ('image/jpeg') is not executable, and strict MIME type checking is enabled. @ https://www.studiokohler.com/js/s7responsiveimage.js:98
[  614001ms] [ERROR] Refused to execute script from 'https://www.studiokohler.com/content/dam/kohler-kds/navigation/aaf54114_rgb.jpeg?req=set,json&id=-1893533819&handler=s7RIJSONResponse' because its MIME type ('image/jpeg') is not executable, and strict MIME type checking is enabled. @ https://www.studiokohler.com/js/s7responsiveimage.js:98
[  614001ms] [ERROR] Refused to execute script from 'https://www.studiokohler.com/content/dam/kohler-kds/navigation/aaf54116_rgb.jpeg?req=props,json&scl=1&id=-1993983485&handler=s7RIJSONResponse' because its MIME type ('image/jpeg') is not executable, and strict MIME type checking is enabled. @ https://www.studiokohler.com/js/s7responsiveimage.js:98
[  614001ms] [ERROR] Refused to execute script from 'https://www.studiokohler.com/content/dam/kohler-kds/navigation/aaf54116_rgb.jpeg?req=set,json&id=595995143&handler=s7RIJSONResponse' because its MIME type ('image/jpeg') is not executable, and strict MIME type checking is enabled. @ https://www.studiokohler.com/js/s7responsiveimage.js:98
[  614001ms] [ERROR] Refused to execute script from 'https://www.studiokohler.com/content/dam/kohler-kds/navigation/d2c0043993_rgb.jpg?req=props,json&scl=1&id=-1685132386&handler=s7RIJSONResponse' because its MIME type ('image/jpeg') is not executable, and strict MIME type checking is enabled. @ https://www.studiokohler.com/js/s7responsiveimage.js:98
[  614001ms] [ERROR] Refused to execute script from 'https://www.studiokohler.com/content/dam/kohler-kds/navigation/d2c0043993_rgb.jpg?req=set,json&id=1337697954&handler=s7RIJSONResponse' because its MIME type ('image/jpeg') is not executable, and strict MIME type checking is enabled. @ https://www.studiokohler.com/js/s7responsiveimage.js:98
[  614002ms] [ERROR] Refused to execute script from 'https://www.studiokohler.com/content/dam/kohler-kds/navigation/aaj10834.jpeg?req=props,json&scl=1&id=150453172&handler=s7RIJSONResponse' because its MIME type ('image/jpeg') is not executable, and strict MIME type checking is enabled. @ https://www.studiokohler.com/js/s7responsiveimage.js:98
[  614002ms] [ERROR] Refused to execute script from 'https://www.studiokohler.com/content/dam/kohler-kds/navigation/aaj10834.jpeg?req=set,json&id=-974590792&handler=s7RIJSONResponse' because its MIME type ('image/jpeg') is not executable, and strict MIME type checking is enabled. @ https://www.studiokohler.com/js/s7responsiveimage.js:98
[  614002ms] [ERROR] Refused to execute script from 'https://www.studiokohler.com/content/dam/kohler-kds/larg-image-and-text-block/aaj98359_rgb.jpg?req=props,json&scl=1&id=-892984135&handler=s7RIJSONResponse' because its MIME type ('image/jpeg') is not executable, and strict MIME type checking is enabled. @ https://www.studiokohler.com/js/s7responsiveimage.js:98
[  614002ms] [ERROR] Refused to execute script from 'https://www.studiokohler.com/content/dam/kohler-kds/larg-image-and-text-block/aaj98359_rgb.jpg?req=set,json&id=92220093&handler=s7RIJSONResponse' because its MIME type ('image/jpeg') is not executable, and strict MIME type checking is enabled. @ https://www.studiokohler.com/js/s7responsiveimage.js:98
[  614002ms] [ERROR] Refused to execute script from 'https://www.studiokohler.com/content/dam/kohler-kds/navigation/aai11078.jpeg?req=props,json&scl=1&id=-545430548&handler=s7RIJSONResponse' because its MIME type ('image/jpeg') is not executable, and strict MIME type checking is enabled. @ https://www.studiokohler.com/js/s7responsiveimage.js:98
[  614002ms] [ERROR] Refused to execute script from 'https://www.studiokohler.com/content/dam/kohler-kds/navigation/aai11078.jpeg?req=set,json&id=-1059697424&handler=s7RIJSONResponse' because its MIME type ('image/jpeg') is not executable, and strict MIME type checking is enabled. @ https://www.studiokohler.com/js/s7responsiveimage.js:98
[  616966ms] [WARNING] The resource https://www.studiokohler.com/_next/static/chunks/0hqnmwnsg1zbt.css was preloaded using link preload but not used within a few seconds from the window's load event. Please make sure it has an appropriate `as` value and it is preloaded intentionally. @ https://www.studiokohler.com/products/bathroom/faucets/bath-faucets/97070-4?sku=K-97070-4-CP:0
[  628697ms] [LOG] Event Name pdp link click @ https://assets.adobedtm.com/846ae6cc52a8/04305b11409a/launch-ENc97853c5e46d4f92bdf0b75e595632cf.min.js:9
[  629394ms] Error: Minified React error #418; visit https://react.dev/errors/418?args[]=HTML&args[]= for the full message or use the non-minified dev environment for full errors and additional helpful warnings.
    at rX (https://www.studiokohler.com/_next/static/chunks/0~7nm1~zg71g0.js:1:46254)
    at iu (https://www.studiokohler.com/_next/static/chunks/0~7nm1~zg71g0.js:1:97295)
    at sd (https://www.studiokohler.com/_next/static/chunks/0~7nm1~zg71g0.js:1:137985)
    at https://www.studiokohler.com/_next/static/chunks/0~7nm1~zg71g0.js:1:137830
    at sf (https://www.studiokohler.com/_next/static/chunks/0~7nm1~zg71g0.js:1:137838)
    at se (https://www.studiokohler.com/_next/static/chunks/0~7nm1~zg71g0.js:1:132978)
    at sW (https://www.studiokohler.com/_next/static/chunks/0~7nm1~zg71g0.js:1:159657)
    at sU (https://www.studiokohler.com/_next/static/chunks/0~7nm1~zg71g0.js:1:157871)
    at sH (https://www.studiokohler.com/_next/static/chunks/0~7nm1~zg71g0.js:1:158215)
    at https://www.studiokohler.com/_next/static/chunks/0~7nm1~zg71g0.js:1:157500
[  629416ms] SyntaxError: Failed to execute 'querySelector' on 'Document': 'link[rel="preload"][as="script"][href="\a https://resources.digital-cloud-west.medallia.com/wdcwest/740343/onsite/embed.js\a "]' is not a valid selector.
    at Object.L (https://www.studiokohler.com/_next/static/chunks/0~7nm1~zg71g0.js:1:190038)
    at r.preload (https://www.studiokohler.com/_next/static/chunks/0_5ax_b188xq6.js:1:12765)
    at v (https://www.studiokohler.com/_next/static/chunks/0f1l2no-9vj_c.js:1:6977)
    at ay (https://www.studiokohler.com/_next/static/chunks/0~7nm1~zg71g0.js:1:62886)
    at oJ (https://www.studiokohler.com/_next/static/chunks/0~7nm1~zg71g0.js:1:83143)
    at iu (https://www.studiokohler.com/_next/static/chunks/0~7nm1~zg71g0.js:1:93735)
    at sd (https://www.studiokohler.com/_next/static/chunks/0~7nm1~zg71g0.js:1:137985)
    at https://www.studiokohler.com/_next/static/chunks/0~7nm1~zg71g0.js:1:137830
    at sf (https://www.studiokohler.com/_next/static/chunks/0~7nm1~zg71g0.js:1:137838)
    at se (https://www.studiokohler.com/_next/static/chunks/0~7nm1~zg71g0.js:1:132978)
[  629416ms] SyntaxError: Failed to execute 'querySelector' on 'Document': 'link[rel="preload"][as="script"][href="\a https://resources.digital-cloud-west.medallia.com/wdcwest/740343/onsite/embed.js\a "]' is not a valid selector.
    at Object.L (https://www.studiokohler.com/_next/static/chunks/0~7nm1~zg71g0.js:1:190038)
    at r.preload (https://www.studiokohler.com/_next/static/chunks/0_5ax_b188xq6.js:1:12765)
    at v (https://www.studiokohler.com/_next/static/chunks/0f1l2no-9vj_c.js:1:6977)
    at ay (https://www.studiokohler.com/_next/static/chunks/0~7nm1~zg71g0.js:1:62886)
    at oJ (https://www.studiokohler.com/_next/static/chunks/0~7nm1~zg71g0.js:1:83143)
    at iu (https://www.studiokohler.com/_next/static/chunks/0~7nm1~zg71g0.js:1:93735)
    at sd (https://www.studiokohler.com/_next/static/chunks/0~7nm1~zg71g0.js:1:137985)
    at https://www.studiokohler.com/_next/static/chunks/0~7nm1~zg71g0.js:1:137830
    at sf (https://www.studiokohler.com/_next/static/chunks/0~7nm1~zg71g0.js:1:137838)
    at se (https://www.studiokohler.com/_next/static/chunks/0~7nm1~zg71g0.js:1:132978)
[  629742ms] [WARNING] 🚀 container.buildInfo.environment is deprecated.Please use `container.environment.stage` instead @ https://assets.adobedtm.com/846ae6cc52a8/04305b11409a/launch-ENc97853c5e46d4f92bdf0b75e595632cf.min.js:14
[  629805ms] [WARNING] [Meta Pixel] - Duplicate Pixel ID: 117823355284455. @ https://connect.facebook.net/en_US/fbevents.js:203
[  630040ms] [WARNING] 🚀 _satellite.setCookie is deprecated. Please use _satellite.cookie.set("ecid", "17600893917683730944237762692949821572"). @ https://assets.adobedtm.com/846ae6cc52a8/04305b11409a/launch-ENc97853c5e46d4f92bdf0b75e595632cf.min.js:14
[  630746ms] [LOG] Triggered at 100% scroll height @ :1
[  630746ms] [LOG] Testing============== @ https://assets.adobedtm.com/846ae6cc52a8/04305b11409a/launch-ENc97853c5e46d4f92bdf0b75e595632cf.min.js:8
[  630746ms] [LOG] 0 @ https://assets.adobedtm.com/846ae6cc52a8/04305b11409a/launch-ENc97853c5e46d4f92bdf0b75e595632cf.min.js:8
[  632355ms] [ERROR] Refused to execute script from 'https://www.studiokohler.com/content/dam/kohler-kds/navigation/aaf54114_rgb.jpeg?req=props,json&scl=1&id=1599383937&handler=s7RIJSONResponse' because its MIME type ('image/jpeg') is not executable, and strict MIME type checking is enabled. @ https://www.studiokohler.com/js/s7responsiveimage.js:98
[  632355ms] [ERROR] Refused to execute script from 'https://www.studiokohler.com/content/dam/kohler-kds/navigation/aaf54114_rgb.jpeg?req=set,json&id=-1893533819&handler=s7RIJSONResponse' because its MIME type ('image/jpeg') is not executable, and strict MIME type checking is enabled. @ https://www.studiokohler.com/js/s7responsiveimage.js:98
[  632357ms] [ERROR] Refused to execute script from 'https://www.studiokohler.com/content/dam/kohler-kds/navigation/aaf54116_rgb.jpeg?req=props,json&scl=1&id=-1993983485&handler=s7RIJSONResponse' because its MIME type ('image/jpeg') is not executable, and strict MIME type checking is enabled. @ https://www.studiokohler.com/js/s7responsiveimage.js:98
[  632357ms] [ERROR] Refused to execute script from 'https://www.studiokohler.com/content/dam/kohler-kds/navigation/aaf54116_rgb.jpeg?req=set,json&id=595995143&handler=s7RIJSONResponse' because its MIME type ('image/jpeg') is not executable, and strict MIME type checking is enabled. @ https://www.studiokohler.com/js/s7responsiveimage.js:98
[  632358ms] [ERROR] Refused to execute script from 'https://www.studiokohler.com/content/dam/kohler-kds/navigation/d2c0043993_rgb.jpg?req=props,json&scl=1&id=-1685132386&handler=s7RIJSONResponse' because its MIME type ('image/jpeg') is not executable, and strict MIME type checking is enabled. @ https://www.studiokohler.com/js/s7responsiveimage.js:98
[  632358ms] [ERROR] Refused to execute script from 'https://www.studiokohler.com/content/dam/kohler-kds/navigation/d2c0043993_rgb.jpg?req=set,json&id=1337697954&handler=s7RIJSONResponse' because its MIME type ('image/jpeg') is not executable, and strict MIME type checking is enabled. @ https://www.studiokohler.com/js/s7responsiveimage.js:98
[  632358ms] [ERROR] Refused to execute script from 'https://www.studiokohler.com/content/dam/kohler-kds/navigation/aaj10834.jpeg?req=props,json&scl=1&id=150453172&handler=s7RIJSONResponse' because its MIME type ('image/jpeg') is not executable, and strict MIME type checking is enabled. @ https://www.studiokohler.com/js/s7responsiveimage.js:98
[  632359ms] [ERROR] Refused to execute script from 'https://www.studiokohler.com/content/dam/kohler-kds/navigation/aaj10834.jpeg?req=set,json&id=-974590792&handler=s7RIJSONResponse' because its MIME type ('image/jpeg') is not executable, and strict MIME type checking is enabled. @ https://www.studiokohler.com/js/s7responsiveimage.js:98
[  632359ms] [ERROR] Refused to execute script from 'https://www.studiokohler.com/content/dam/kohler-kds/larg-image-and-text-block/aaj98359_rgb.jpg?req=props,json&scl=1&id=-892984135&handler=s7RIJSONResponse' because its MIME type ('image/jpeg') is not executable, and strict MIME type checking is enabled. @ https://www.studiokohler.com/js/s7responsiveimage.js:98
[  632359ms] [ERROR] Refused to execute script from 'https://www.studiokohler.com/content/dam/kohler-kds/larg-image-and-text-block/aaj98359_rgb.jpg?req=set,json&id=92220093&handler=s7RIJSONResponse' because its MIME type ('image/jpeg') is not executable, and strict MIME type checking is enabled. @ https://www.studiokohler.com/js/s7responsiveimage.js:98
[  632360ms] [ERROR] Refused to execute script from 'https://www.studiokohler.com/content/dam/kohler-kds/navigation/aai11078.jpeg?req=props,json&scl=1&id=-545430548&handler=s7RIJSONResponse' because its MIME type ('image/jpeg') is not executable, and strict MIME type checking is enabled. @ https://www.studiokohler.com/js/s7responsiveimage.js:98
[  632360ms] [ERROR] Refused to execute script from 'https://www.studiokohler.com/content/dam/kohler-kds/navigation/aai11078.jpeg?req=set,json&id=-1059697424&handler=s7RIJSONResponse' because its MIME type ('image/jpeg') is not executable, and strict MIME type checking is enabled. @ https://www.studiokohler.com/js/s7responsiveimage.js:98
[  637145ms] [WARNING] The resource https://globalkohler.my.site.com/ESWStudioKohlerMIAWCha1785991579828/webruntime/component/5b8557d8725fba2dbf2e6a4968ec430c/prod/en-US/force/luvioRuntimeWebruntime_cmp was preloaded using link preload but not used within a few seconds from the window's load event. Please make sure it has an appropriate `as` value and it is preloaded intentionally. @ https://globalkohler.my.site.com/ESWStudioKohlerMIAWCha1785991579828/assets/htdocs/sitecontext.min.html?parent_domain=https%3A%2F%2Fwww.studiokohler.com:0
[  637145ms] [WARNING] The resource https://globalkohler.my.site.com/ESWStudioKohlerMIAWCha1785991579828/webruntime/framework/cb2c1a2c50/prod/lwr_app_bootstrap_hook was preloaded using link preload but not used within a few seconds from the window's load event. Please make sure it has an appropriate `as` value and it is preloaded intentionally. @ https://globalkohler.my.site.com/ESWStudioKohlerMIAWCha1785991579828/assets/htdocs/sitecontext.min.html?parent_domain=https%3A%2F%2Fwww.studiokohler.com:0
[  637145ms] [WARNING] The resource https://globalkohler.my.site.com/ESWStudioKohlerMIAWCha1785991579828/webruntime/framework/b73515aaa5/prod/lwr_bootstrap was preloaded using link preload but not used within a few seconds from the window's load event. Please make sure it has an appropriate `as` value and it is preloaded intentionally. @ https://globalkohler.my.site.com/ESWStudioKohlerMIAWCha1785991579828/assets/htdocs/sitecontext.min.html?parent_domain=https%3A%2F%2Fwww.studiokohler.com:0
[  637145ms] [WARNING] The resource https://www.studiokohler.com/_next/static/chunks/0hqnmwnsg1zbt.css was preloaded using link preload but not used within a few seconds from the window's load event. Please make sure it has an appropriate `as` value and it is preloaded intentionally. @ https://www.studiokohler.com/products/bathroom/faucets/bathroom-sink-faucets?fq=InstallationType%3A%22Wall+Mount%22:0
[  637145ms] [WARNING] The resource https://globalkohler.my.site.com/ESWStudioKohlerMIAWCha1785991579828/assets/styles/salesforce-lightning-design-system.min.css?e298b32610 was preloaded using link preload but not used within a few seconds from the window's load event. Please make sure it has an appropriate `as` value and it is preloaded intentionally. @ https://globalkohler.my.site.com/ESWStudioKohlerMIAWCha1785991579828/assets/htdocs/sitecontext.min.html?parent_domain=https%3A%2F%2Fwww.studiokohler.com:0
[  637145ms] [WARNING] The resource https://globalkohler.my.site.com/ESWStudioKohlerMIAWCha1785991579828/webruntime/view/a13680776f58817c268b3c4382572239/prod/en-US/frame_view was preloaded using link preload but not used within a few seconds from the window's load event. Please make sure it has an appropriate `as` value and it is preloaded intentionally. @ https://globalkohler.my.site.com/ESWStudioKohlerMIAWCha1785991579828/assets/htdocs/sitecontext.min.html?parent_domain=https%3A%2F%2Fwww.studiokohler.com:0
[  637145ms] [WARNING] The resource https://globalkohler.my.site.com/ESWStudioKohlerMIAWCha1785991579828/webruntime/framework/6186554a8e/prod/lwr_app was preloaded using link preload but not used within a few seconds from the window's load event. Please make sure it has an appropriate `as` value and it is preloaded intentionally. @ https://globalkohler.my.site.com/ESWStudioKohlerMIAWCha1785991579828/assets/htdocs/sitecontext.min.html?parent_domain=https%3A%2F%2Fwww.studiokohler.com:0
[  637145ms] [WARNING] The resource https://globalkohler.my.site.com/ESWStudioKohlerMIAWCha1785991579828/assets/styles/embedded-messaging-styling.min.css?e298b32610 was preloaded using link preload but not used within a few seconds from the window's load event. Please make sure it has an appropriate `as` value and it is preloaded intentionally. @ https://globalkohler.my.site.com/ESWStudioKohlerMIAWCha1785991579828/assets/htdocs/sitecontext.min.html?parent_domain=https%3A%2F%2Fwww.studiokohler.com:0
[  637145ms] [WARNING] The resource https://globalkohler.my.site.com/ESWStudioKohlerMIAWCha1785991579828/webruntime/view/3a680bd1b3e3045a99687a2950898fdf/prod/en-US/home_view was preloaded using link preload but not used within a few seconds from the window's load event. Please make sure it has an appropriate `as` value and it is preloaded intentionally. @ https://globalkohler.my.site.com/ESWStudioKohlerMIAWCha1785991579828/assets/htdocs/sitecontext.min.html?parent_domain=https%3A%2F%2Fwww.studiokohler.com:0
[  637145ms] [WARNING] The resource https://globalkohler.my.site.com/ESWStudioKohlerMIAWCha1785991579828/webruntime/framework/6ce0b87300/prod/lwr_loader was preloaded using link preload but not used within a few seconds from the window's load event. Please make sure it has an appropriate `as` value and it is preloaded intentionally. @ https://globalkohler.my.site.com/ESWStudioKohlerMIAWCha1785991579828/assets/htdocs/sitecontext.min.html?parent_domain=https%3A%2F%2Fwww.studiokohler.com:0
[  637145ms] [WARNING] The resource https://globalkohler.my.site.com/ESWStudioKohlerMIAWCha1785991579828/webruntime/component/259a789b5905e4a3e65c0942cc97421d/prod/en-US/force/luvioLwcBindings_cmp was preloaded using link preload but not used within a few seconds from the window's load event. Please make sure it has an appropriate `as` value and it is preloaded intentionally. @ https://globalkohler.my.site.com/ESWStudioKohlerMIAWCha1785991579828/assets/htdocs/sitecontext.min.html?parent_domain=https%3A%2F%2Fwww.studiokohler.com:0
[  637145ms] [WARNING] The resource https://globalkohler.my.site.com/ESWStudioKohlerMIAWCha1785991579828/webruntime/framework/c6f5ab53a7/prod/lwr_lwc was preloaded using link preload but not used within a few seconds from the window's load event. Please make sure it has an appropriate `as` value and it is preloaded intentionally. @ https://globalkohler.my.site.com/ESWStudioKohlerMIAWCha1785991579828/assets/htdocs/sitecontext.min.html?parent_domain=https%3A%2F%2Fwww.studiokohler.com:0
[  643332ms] [WARNING] The resource https://www.studiokohler.com/_next/static/chunks/0hqnmwnsg1zbt.css was preloaded using link preload but not used within a few seconds from the window's load event. Please make sure it has an appropriate `as` value and it is preloaded intentionally. @ https://www.studiokohler.com/products/bathroom/faucets/bathroom-sink-faucets?fq=InstallationType%3A%22Wall+Mount%22:0
[  647410ms] [LOG] Event Name linkclick @ https://assets.adobedtm.com/846ae6cc52a8/04305b11409a/launch-ENc97853c5e46d4f92bdf0b75e595632cf.min.js:9
[  648683ms] Error: Minified React error #418; visit https://react.dev/errors/418?args[]=HTML&args[]= for the full message or use the non-minified dev environment for full errors and additional helpful warnings.
    at rX (https://www.studiokohler.com/_next/static/chunks/0~7nm1~zg71g0.js:1:46254)
    at iu (https://www.studiokohler.com/_next/static/chunks/0~7nm1~zg71g0.js:1:97295)
    at sd (https://www.studiokohler.com/_next/static/chunks/0~7nm1~zg71g0.js:1:137985)
    at https://www.studiokohler.com/_next/static/chunks/0~7nm1~zg71g0.js:1:137830
    at sf (https://www.studiokohler.com/_next/static/chunks/0~7nm1~zg71g0.js:1:137838)
    at se (https://www.studiokohler.com/_next/static/chunks/0~7nm1~zg71g0.js:1:132978)
    at sW (https://www.studiokohler.com/_next/static/chunks/0~7nm1~zg71g0.js:1:159657)
    at sU (https://www.studiokohler.com/_next/static/chunks/0~7nm1~zg71g0.js:1:157871)
    at sH (https://www.studiokohler.com/_next/static/chunks/0~7nm1~zg71g0.js:1:158215)
    at https://www.studiokohler.com/_next/static/chunks/0~7nm1~zg71g0.js:1:157500
[  648705ms] SyntaxError: Failed to execute 'querySelector' on 'Document': 'link[rel="preload"][as="script"][href="\a https://resources.digital-cloud-west.medallia.com/wdcwest/740343/onsite/embed.js\a "]' is not a valid selector.
    at Object.L (https://www.studiokohler.com/_next/static/chunks/0~7nm1~zg71g0.js:1:190038)
    at r.preload (https://www.studiokohler.com/_next/static/chunks/0_5ax_b188xq6.js:1:12765)
    at v (https://www.studiokohler.com/_next/static/chunks/0f1l2no-9vj_c.js:1:6977)
    at ay (https://www.studiokohler.com/_next/static/chunks/0~7nm1~zg71g0.js:1:62886)
    at oJ (https://www.studiokohler.com/_next/static/chunks/0~7nm1~zg71g0.js:1:83143)
    at iu (https://www.studiokohler.com/_next/static/chunks/0~7nm1~zg71g0.js:1:93735)
    at sd (https://www.studiokohler.com/_next/static/chunks/0~7nm1~zg71g0.js:1:137985)
    at https://www.studiokohler.com/_next/static/chunks/0~7nm1~zg71g0.js:1:137830
    at sf (https://www.studiokohler.com/_next/static/chunks/0~7nm1~zg71g0.js:1:137838)
    at se (https://www.studiokohler.com/_next/static/chunks/0~7nm1~zg71g0.js:1:132978)
[  648705ms] SyntaxError: Failed to execute 'querySelector' on 'Document': 'link[rel="preload"][as="script"][href="\a https://resources.digital-cloud-west.medallia.com/wdcwest/740343/onsite/embed.js\a "]' is not a valid selector.
    at Object.L (https://www.studiokohler.com/_next/static/chunks/0~7nm1~zg71g0.js:1:190038)
    at r.preload (https://www.studiokohler.com/_next/static/chunks/0_5ax_b188xq6.js:1:12765)
    at v (https://www.studiokohler.com/_next/static/chunks/0f1l2no-9vj_c.js:1:6977)
    at ay (https://www.studiokohler.com/_next/static/chunks/0~7nm1~zg71g0.js:1:62886)
    at oJ (https://www.studiokohler.com/_next/static/chunks/0~7nm1~zg71g0.js:1:83143)
    at iu (https://www.studiokohler.com/_next/static/chunks/0~7nm1~zg71g0.js:1:93735)
    at sd (https://www.studiokohler.com/_next/static/chunks/0~7nm1~zg71g0.js:1:137985)
    at https://www.studiokohler.com/_next/static/chunks/0~7nm1~zg71g0.js:1:137830
    at sf (https://www.studiokohler.com/_next/static/chunks/0~7nm1~zg71g0.js:1:137838)
    at se (https://www.studiokohler.com/_next/static/chunks/0~7nm1~zg71g0.js:1:132978)
[  648987ms] [WARNING] 🚀 container.buildInfo.environment is deprecated.Please use `container.environment.stage` instead @ https://assets.adobedtm.com/846ae6cc52a8/04305b11409a/launch-ENc97853c5e46d4f92bdf0b75e595632cf.min.js:14
[  649062ms] [WARNING] [Meta Pixel] - Duplicate Pixel ID: 117823355284455. @ https://connect.facebook.net/en_US/fbevents.js:203
[  649337ms] [LOG] Triggered at 100% scroll height @ :1
[  649338ms] [WARNING] 🚀 _satellite.setCookie is deprecated. Please use _satellite.cookie.set("ecid", "17600893917683730944237762692949821572"). @ https://assets.adobedtm.com/846ae6cc52a8/04305b11409a/launch-ENc97853c5e46d4f92bdf0b75e595632cf.min.js:14
[  649989ms] [LOG] Testing============== @ https://assets.adobedtm.com/846ae6cc52a8/04305b11409a/launch-ENc97853c5e46d4f92bdf0b75e595632cf.min.js:8
[  649989ms] [LOG] 0 @ https://assets.adobedtm.com/846ae6cc52a8/04305b11409a/launch-ENc97853c5e46d4f92bdf0b75e595632cf.min.js:8
[  651646ms] [ERROR] Refused to execute script from 'https://www.studiokohler.com/content/dam/kohler-kds/navigation/aaf54114_rgb.jpeg?req=props,json&scl=1&id=1599383937&handler=s7RIJSONResponse' because its MIME type ('image/jpeg') is not executable, and strict MIME type checking is enabled. @ https://www.studiokohler.com/js/s7responsiveimage.js:98
[  651646ms] [ERROR] Refused to execute script from 'https://www.studiokohler.com/content/dam/kohler-kds/navigation/aaf54114_rgb.jpeg?req=set,json&id=-1893533819&handler=s7RIJSONResponse' because its MIME type ('image/jpeg') is not executable, and strict MIME type checking is enabled. @ https://www.studiokohler.com/js/s7responsiveimage.js:98
[  651647ms] [ERROR] Refused to execute script from 'https://www.studiokohler.com/content/dam/kohler-kds/navigation/aaf54116_rgb.jpeg?req=props,json&scl=1&id=-1993983485&handler=s7RIJSONResponse' because its MIME type ('image/jpeg') is not executable, and strict MIME type checking is enabled. @ https://www.studiokohler.com/js/s7responsiveimage.js:98
[  651647ms] [ERROR] Refused to execute script from 'https://www.studiokohler.com/content/dam/kohler-kds/navigation/aaf54116_rgb.jpeg?req=set,json&id=595995143&handler=s7RIJSONResponse' because its MIME type ('image/jpeg') is not executable, and strict MIME type checking is enabled. @ https://www.studiokohler.com/js/s7responsiveimage.js:98
[  651648ms] [ERROR] Refused to execute script from 'https://www.studiokohler.com/content/dam/kohler-kds/navigation/d2c0043993_rgb.jpg?req=props,json&scl=1&id=-1685132386&handler=s7RIJSONResponse' because its MIME type ('image/jpeg') is not executable, and strict MIME type checking is enabled. @ https://www.studiokohler.com/js/s7responsiveimage.js:98
[  651648ms] [ERROR] Refused to execute script from 'https://www.studiokohler.com/content/dam/kohler-kds/navigation/d2c0043993_rgb.jpg?req=set,json&id=1337697954&handler=s7RIJSONResponse' because its MIME type ('image/jpeg') is not executable, and strict MIME type checking is enabled. @ https://www.studiokohler.com/js/s7responsiveimage.js:98
[  651648ms] [ERROR] Refused to execute script from 'https://www.studiokohler.com/content/dam/kohler-kds/navigation/aaj10834.jpeg?req=props,json&scl=1&id=150453172&handler=s7RIJSONResponse' because its MIME type ('image/jpeg') is not executable, and strict MIME type checking is enabled. @ https://www.studiokohler.com/js/s7responsiveimage.js:98
[  651649ms] [ERROR] Refused to execute script from 'https://www.studiokohler.com/content/dam/kohler-kds/navigation/aaj10834.jpeg?req=set,json&id=-974590792&handler=s7RIJSONResponse' because its MIME type ('image/jpeg') is not executable, and strict MIME type checking is enabled. @ https://www.studiokohler.com/js/s7responsiveimage.js:98
[  651649ms] [ERROR] Refused to execute script from 'https://www.studiokohler.com/content/dam/kohler-kds/larg-image-and-text-block/aaj98359_rgb.jpg?req=props,json&scl=1&id=-892984135&handler=s7RIJSONResponse' because its MIME type ('image/jpeg') is not executable, and strict MIME type checking is enabled. @ https://www.studiokohler.com/js/s7responsiveimage.js:98
[  651649ms] [ERROR] Refused to execute script from 'https://www.studiokohler.com/content/dam/kohler-kds/larg-image-and-text-block/aaj98359_rgb.jpg?req=set,json&id=92220093&handler=s7RIJSONResponse' because its MIME type ('image/jpeg') is not executable, and strict MIME type checking is enabled. @ https://www.studiokohler.com/js/s7responsiveimage.js:98
[  651649ms] [ERROR] Refused to execute script from 'https://www.studiokohler.com/content/dam/kohler-kds/navigation/aai11078.jpeg?req=props,json&scl=1&id=-545430548&handler=s7RIJSONResponse' because its MIME type ('image/jpeg') is not executable, and strict MIME type checking is enabled. @ https://www.studiokohler.com/js/s7responsiveimage.js:98
[  651649ms] [ERROR] Refused to execute script from 'https://www.studiokohler.com/content/dam/kohler-kds/navigation/aai11078.jpeg?req=set,json&id=-1059697424&handler=s7RIJSONResponse' because its MIME type ('image/jpeg') is not executable, and strict MIME type checking is enabled. @ https://www.studiokohler.com/js/s7responsiveimage.js:98
[  652936ms] [WARNING] The resource https://globalkohler.my.site.com/ESWStudioKohlerMIAWCha1785991579828/webruntime/component/5b8557d8725fba2dbf2e6a4968ec430c/prod/en-US/force/luvioRuntimeWebruntime_cmp was preloaded using link preload but not used within a few seconds from the window's load event. Please make sure it has an appropriate `as` value and it is preloaded intentionally. @ https://globalkohler.my.site.com/ESWStudioKohlerMIAWCha1785991579828/assets/htdocs/sitecontext.min.html?parent_domain=https%3A%2F%2Fwww.studiokohler.com:0
[  652936ms] [WARNING] The resource https://globalkohler.my.site.com/ESWStudioKohlerMIAWCha1785991579828/webruntime/framework/cb2c1a2c50/prod/lwr_app_bootstrap_hook was preloaded using link preload but not used within a few seconds from the window's load event. Please make sure it has an appropriate `as` value and it is preloaded intentionally. @ https://globalkohler.my.site.com/ESWStudioKohlerMIAWCha1785991579828/assets/htdocs/sitecontext.min.html?parent_domain=https%3A%2F%2Fwww.studiokohler.com:0
[  652936ms] [WARNING] The resource https://globalkohler.my.site.com/ESWStudioKohlerMIAWCha1785991579828/webruntime/framework/b73515aaa5/prod/lwr_bootstrap was preloaded using link preload but not used within a few seconds from the window's load event. Please make sure it has an appropriate `as` value and it is preloaded intentionally. @ https://globalkohler.my.site.com/ESWStudioKohlerMIAWCha1785991579828/assets/htdocs/sitecontext.min.html?parent_domain=https%3A%2F%2Fwww.studiokohler.com:0
[  652936ms] [WARNING] The resource https://globalkohler.my.site.com/ESWStudioKohlerMIAWCha1785991579828/assets/styles/salesforce-lightning-design-system.min.css?e298b32610 was preloaded using link preload but not used within a few seconds from the window's load event. Please make sure it has an appropriate `as` value and it is preloaded intentionally. @ https://globalkohler.my.site.com/ESWStudioKohlerMIAWCha1785991579828/assets/htdocs/sitecontext.min.html?parent_domain=https%3A%2F%2Fwww.studiokohler.com:0
[  652936ms] [WARNING] The resource https://globalkohler.my.site.com/ESWStudioKohlerMIAWCha1785991579828/webruntime/view/a13680776f58817c268b3c4382572239/prod/en-US/frame_view was preloaded using link preload but not used within a few seconds from the window's load event. Please make sure it has an appropriate `as` value and it is preloaded intentionally. @ https://globalkohler.my.site.com/ESWStudioKohlerMIAWCha1785991579828/assets/htdocs/sitecontext.min.html?parent_domain=https%3A%2F%2Fwww.studiokohler.com:0
[  652936ms] [WARNING] The resource https://globalkohler.my.site.com/ESWStudioKohlerMIAWCha1785991579828/webruntime/framework/6186554a8e/prod/lwr_app was preloaded using link preload but not used within a few seconds from the window's load event. Please make sure it has an appropriate `as` value and it is preloaded intentionally. @ https://globalkohler.my.site.com/ESWStudioKohlerMIAWCha1785991579828/assets/htdocs/sitecontext.min.html?parent_domain=https%3A%2F%2Fwww.studiokohler.com:0
[  652936ms] [WARNING] The resource https://globalkohler.my.site.com/ESWStudioKohlerMIAWCha1785991579828/assets/styles/embedded-messaging-styling.min.css?e298b32610 was preloaded using link preload but not used within a few seconds from the window's load event. Please make sure it has an appropriate `as` value and it is preloaded intentionally. @ https://globalkohler.my.site.com/ESWStudioKohlerMIAWCha1785991579828/assets/htdocs/sitecontext.min.html?parent_domain=https%3A%2F%2Fwww.studiokohler.com:0
[  652936ms] [WARNING] The resource https://globalkohler.my.site.com/ESWStudioKohlerMIAWCha1785991579828/webruntime/view/3a680bd1b3e3045a99687a2950898fdf/prod/en-US/home_view was preloaded using link preload but not used within a few seconds from the window's load event. Please make sure it has an appropriate `as` value and it is preloaded intentionally. @ https://globalkohler.my.site.com/ESWStudioKohlerMIAWCha1785991579828/assets/htdocs/sitecontext.min.html?parent_domain=https%3A%2F%2Fwww.studiokohler.com:0
[  652936ms] [WARNING] The resource https://globalkohler.my.site.com/ESWStudioKohlerMIAWCha1785991579828/webruntime/framework/6ce0b87300/prod/lwr_loader was preloaded using link preload but not used within a few seconds from the window's load event. Please make sure it has an appropriate `as` value and it is preloaded intentionally. @ https://globalkohler.my.site.com/ESWStudioKohlerMIAWCha1785991579828/assets/htdocs/sitecontext.min.html?parent_domain=https%3A%2F%2Fwww.studiokohler.com:0
[  652936ms] [WARNING] The resource https://globalkohler.my.site.com/ESWStudioKohlerMIAWCha1785991579828/webruntime/component/259a789b5905e4a3e65c0942cc97421d/prod/en-US/force/luvioLwcBindings_cmp was preloaded using link preload but not used within a few seconds from the window's load event. Please make sure it has an appropriate `as` value and it is preloaded intentionally. @ https://globalkohler.my.site.com/ESWStudioKohlerMIAWCha1785991579828/assets/htdocs/sitecontext.min.html?parent_domain=https%3A%2F%2Fwww.studiokohler.com:0
[  652936ms] [WARNING] The resource https://globalkohler.my.site.com/ESWStudioKohlerMIAWCha1785991579828/webruntime/framework/c6f5ab53a7/prod/lwr_lwc was preloaded using link preload but not used within a few seconds from the window's load event. Please make sure it has an appropriate `as` value and it is preloaded intentionally. @ https://globalkohler.my.site.com/ESWStudioKohlerMIAWCha1785991579828/assets/htdocs/sitecontext.min.html?parent_domain=https%3A%2F%2Fwww.studiokohler.com:0
[  654651ms] [WARNING] The resource https://www.studiokohler.com/_next/static/chunks/0hqnmwnsg1zbt.css was preloaded using link preload but not used within a few seconds from the window's load event. Please make sure it has an appropriate `as` value and it is preloaded intentionally. @ https://www.studiokohler.com/products/bathroom/faucets/bath-faucets:0
[  662387ms] [LOG] Event Name linkclick @ https://assets.adobedtm.com/846ae6cc52a8/04305b11409a/launch-ENc97853c5e46d4f92bdf0b75e595632cf.min.js:9
[  663127ms] SyntaxError: Failed to execute 'querySelector' on 'Document': 'link[rel="preload"][as="script"][href="\a https://resources.digital-cloud-west.medallia.com/wdcwest/740343/onsite/embed.js\a "]' is not a valid selector.
    at Object.L (https://www.studiokohler.com/_next/static/chunks/0~7nm1~zg71g0.js:1:190038)
    at r.preload (https://www.studiokohler.com/_next/static/chunks/0_5ax_b188xq6.js:1:12765)
    at v (https://www.studiokohler.com/_next/static/chunks/0f1l2no-9vj_c.js:1:6977)
    at ay (https://www.studiokohler.com/_next/static/chunks/0~7nm1~zg71g0.js:1:62886)
    at oJ (https://www.studiokohler.com/_next/static/chunks/0~7nm1~zg71g0.js:1:83143)
    at iu (https://www.studiokohler.com/_next/static/chunks/0~7nm1~zg71g0.js:1:93735)
    at sd (https://www.studiokohler.com/_next/static/chunks/0~7nm1~zg71g0.js:1:137985)
    at https://www.studiokohler.com/_next/static/chunks/0~7nm1~zg71g0.js:1:137830
    at sf (https://www.studiokohler.com/_next/static/chunks/0~7nm1~zg71g0.js:1:137838)
    at se (https://www.studiokohler.com/_next/static/chunks/0~7nm1~zg71g0.js:1:132978)
[  663127ms] SyntaxError: Failed to execute 'querySelector' on 'Document': 'link[rel="preload"][as="script"][href="\a https://resources.digital-cloud-west.medallia.com/wdcwest/740343/onsite/embed.js\a "]' is not a valid selector.
    at Object.L (https://www.studiokohler.com/_next/static/chunks/0~7nm1~zg71g0.js:1:190038)
    at r.preload (https://www.studiokohler.com/_next/static/chunks/0_5ax_b188xq6.js:1:12765)
    at v (https://www.studiokohler.com/_next/static/chunks/0f1l2no-9vj_c.js:1:6977)
    at ay (https://www.studiokohler.com/_next/static/chunks/0~7nm1~zg71g0.js:1:62886)
    at oJ (https://www.studiokohler.com/_next/static/chunks/0~7nm1~zg71g0.js:1:83143)
    at iu (https://www.studiokohler.com/_next/static/chunks/0~7nm1~zg71g0.js:1:93735)
    at sd (https://www.studiokohler.com/_next/static/chunks/0~7nm1~zg71g0.js:1:137985)
    at https://www.studiokohler.com/_next/static/chunks/0~7nm1~zg71g0.js:1:137830
    at sf (https://www.studiokohler.com/_next/static/chunks/0~7nm1~zg71g0.js:1:137838)
    at se (https://www.studiokohler.com/_next/static/chunks/0~7nm1~zg71g0.js:1:132978)
[  663358ms] [WARNING] 🚀 container.buildInfo.environment is deprecated.Please use `container.environment.stage` instead @ https://assets.adobedtm.com/846ae6cc52a8/04305b11409a/launch-ENc97853c5e46d4f92bdf0b75e595632cf.min.js:14
[  664025ms] [WARNING] 🚀 _satellite.setCookie is deprecated. Please use _satellite.cookie.set("ecid", "17600893917683730944237762692949821572"). @ https://assets.adobedtm.com/846ae6cc52a8/04305b11409a/launch-ENc97853c5e46d4f92bdf0b75e595632cf.min.js:14
[  664032ms] [LOG] Triggered at 100% scroll height @ :1
[  664242ms] [ERROR] Refused to execute script from 'https://www.studiokohler.com/content/dam/kohler-kds/navigation/aaf54114_rgb.jpeg?req=props,json&scl=1&id=1599383937&handler=s7RIJSONResponse' because its MIME type ('image/jpeg') is not executable, and strict MIME type checking is enabled. @ https://www.studiokohler.com/js/s7responsiveimage.js:98
[  664242ms] [ERROR] Refused to execute script from 'https://www.studiokohler.com/content/dam/kohler-kds/navigation/aaf54114_rgb.jpeg?req=set,json&id=-1893533819&handler=s7RIJSONResponse' because its MIME type ('image/jpeg') is not executable, and strict MIME type checking is enabled. @ https://www.studiokohler.com/js/s7responsiveimage.js:98
[  664243ms] [ERROR] Refused to execute script from 'https://www.studiokohler.com/content/dam/kohler-kds/navigation/aaf54116_rgb.jpeg?req=props,json&scl=1&id=-1993983485&handler=s7RIJSONResponse' because its MIME type ('image/jpeg') is not executable, and strict MIME type checking is enabled. @ https://www.studiokohler.com/js/s7responsiveimage.js:98
[  664243ms] [ERROR] Refused to execute script from 'https://www.studiokohler.com/content/dam/kohler-kds/navigation/aaf54116_rgb.jpeg?req=set,json&id=595995143&handler=s7RIJSONResponse' because its MIME type ('image/jpeg') is not executable, and strict MIME type checking is enabled. @ https://www.studiokohler.com/js/s7responsiveimage.js:98
[  664243ms] [ERROR] Refused to execute script from 'https://www.studiokohler.com/content/dam/kohler-kds/navigation/d2c0043993_rgb.jpg?req=props,json&scl=1&id=-1685132386&handler=s7RIJSONResponse' because its MIME type ('image/jpeg') is not executable, and strict MIME type checking is enabled. @ https://www.studiokohler.com/js/s7responsiveimage.js:98
[  664243ms] [ERROR] Refused to execute script from 'https://www.studiokohler.com/content/dam/kohler-kds/navigation/d2c0043993_rgb.jpg?req=set,json&id=1337697954&handler=s7RIJSONResponse' because its MIME type ('image/jpeg') is not executable, and strict MIME type checking is enabled. @ https://www.studiokohler.com/js/s7responsiveimage.js:98
[  664243ms] [ERROR] Refused to execute script from 'https://www.studiokohler.com/content/dam/kohler-kds/navigation/aaj10834.jpeg?req=props,json&scl=1&id=150453172&handler=s7RIJSONResponse' because its MIME type ('image/jpeg') is not executable, and strict MIME type checking is enabled. @ https://www.studiokohler.com/js/s7responsiveimage.js:98
[  664244ms] [ERROR] Refused to execute script from 'https://www.studiokohler.com/content/dam/kohler-kds/navigation/aaj10834.jpeg?req=set,json&id=-974590792&handler=s7RIJSONResponse' because its MIME type ('image/jpeg') is not executable, and strict MIME type checking is enabled. @ https://www.studiokohler.com/js/s7responsiveimage.js:98
[  664244ms] [ERROR] Refused to execute script from 'https://www.studiokohler.com/content/dam/kohler-kds/larg-image-and-text-block/aaj98359_rgb.jpg?req=props,json&scl=1&id=-892984135&handler=s7RIJSONResponse' because its MIME type ('image/jpeg') is not executable, and strict MIME type checking is enabled. @ https://www.studiokohler.com/js/s7responsiveimage.js:98
[  664244ms] [ERROR] Refused to execute script from 'https://www.studiokohler.com/content/dam/kohler-kds/larg-image-and-text-block/aaj98359_rgb.jpg?req=set,json&id=92220093&handler=s7RIJSONResponse' because its MIME type ('image/jpeg') is not executable, and strict MIME type checking is enabled. @ https://www.studiokohler.com/js/s7responsiveimage.js:98
[  664244ms] [ERROR] Refused to execute script from 'https://www.studiokohler.com/content/dam/kohler-kds/navigation/aai11078.jpeg?req=props,json&scl=1&id=-545430548&handler=s7RIJSONResponse' because its MIME type ('image/jpeg') is not executable, and strict MIME type checking is enabled. @ https://www.studiokohler.com/js/s7responsiveimage.js:98
[  664244ms] [ERROR] Refused to execute script from 'https://www.studiokohler.com/content/dam/kohler-kds/navigation/aai11078.jpeg?req=set,json&id=-1059697424&handler=s7RIJSONResponse' because its MIME type ('image/jpeg') is not executable, and strict MIME type checking is enabled. @ https://www.studiokohler.com/js/s7responsiveimage.js:98
[  664291ms] [WARNING] [Meta Pixel] - Duplicate Pixel ID: 117823355284455. @ https://connect.facebook.net/en_US/fbevents.js:203
[  664359ms] [LOG] Testing============== @ https://assets.adobedtm.com/846ae6cc52a8/04305b11409a/launch-ENc97853c5e46d4f92bdf0b75e595632cf.min.js:8
[  664359ms] [LOG] 0 @ https://assets.adobedtm.com/846ae6cc52a8/04305b11409a/launch-ENc97853c5e46d4f92bdf0b75e595632cf.min.js:8
[  667330ms] [LOG] Triggered at 25% scroll height @ :1
[  667668ms] [WARNING] The resource https://globalkohler.my.site.com/ESWStudioKohlerMIAWCha1785991579828/webruntime/component/5b8557d8725fba2dbf2e6a4968ec430c/prod/en-US/force/luvioRuntimeWebruntime_cmp was preloaded using link preload but not used within a few seconds from the window's load event. Please make sure it has an appropriate `as` value and it is preloaded intentionally. @ https://globalkohler.my.site.com/ESWStudioKohlerMIAWCha1785991579828/assets/htdocs/sitecontext.min.html?parent_domain=https%3A%2F%2Fwww.studiokohler.com:0
[  667668ms] [WARNING] The resource https://globalkohler.my.site.com/ESWStudioKohlerMIAWCha1785991579828/webruntime/framework/cb2c1a2c50/prod/lwr_app_bootstrap_hook was preloaded using link preload but not used within a few seconds from the window's load event. Please make sure it has an appropriate `as` value and it is preloaded intentionally. @ https://globalkohler.my.site.com/ESWStudioKohlerMIAWCha1785991579828/assets/htdocs/sitecontext.min.html?parent_domain=https%3A%2F%2Fwww.studiokohler.com:0
[  667668ms] [WARNING] The resource https://globalkohler.my.site.com/ESWStudioKohlerMIAWCha1785991579828/webruntime/framework/b73515aaa5/prod/lwr_bootstrap was preloaded using link preload but not used within a few seconds from the window's load event. Please make sure it has an appropriate `as` value and it is preloaded intentionally. @ https://globalkohler.my.site.com/ESWStudioKohlerMIAWCha1785991579828/assets/htdocs/sitecontext.min.html?parent_domain=https%3A%2F%2Fwww.studiokohler.com:0
[  667668ms] [WARNING] The resource https://globalkohler.my.site.com/ESWStudioKohlerMIAWCha1785991579828/assets/styles/salesforce-lightning-design-system.min.css?e298b32610 was preloaded using link preload but not used within a few seconds from the window's load event. Please make sure it has an appropriate `as` value and it is preloaded intentionally. @ https://globalkohler.my.site.com/ESWStudioKohlerMIAWCha1785991579828/assets/htdocs/sitecontext.min.html?parent_domain=https%3A%2F%2Fwww.studiokohler.com:0
[  667668ms] [WARNING] The resource https://globalkohler.my.site.com/ESWStudioKohlerMIAWCha1785991579828/webruntime/view/a13680776f58817c268b3c4382572239/prod/en-US/frame_view was preloaded using link preload but not used within a few seconds from the window's load event. Please make sure it has an appropriate `as` value and it is preloaded intentionally. @ https://globalkohler.my.site.com/ESWStudioKohlerMIAWCha1785991579828/assets/htdocs/sitecontext.min.html?parent_domain=https%3A%2F%2Fwww.studiokohler.com:0
[  667668ms] [WARNING] The resource https://globalkohler.my.site.com/ESWStudioKohlerMIAWCha1785991579828/webruntime/framework/6186554a8e/prod/lwr_app was preloaded using link preload but not used within a few seconds from the window's load event. Please make sure it has an appropriate `as` value and it is preloaded intentionally. @ https://globalkohler.my.site.com/ESWStudioKohlerMIAWCha1785991579828/assets/htdocs/sitecontext.min.html?parent_domain=https%3A%2F%2Fwww.studiokohler.com:0
[  667668ms] [WARNING] The resource https://globalkohler.my.site.com/ESWStudioKohlerMIAWCha1785991579828/assets/styles/embedded-messaging-styling.min.css?e298b32610 was preloaded using link preload but not used within a few seconds from the window's load event. Please make sure it has an appropriate `as` value and it is preloaded intentionally. @ https://globalkohler.my.site.com/ESWStudioKohlerMIAWCha1785991579828/assets/htdocs/sitecontext.min.html?parent_domain=https%3A%2F%2Fwww.studiokohler.com:0
[  667668ms] [WARNING] The resource https://globalkohler.my.site.com/ESWStudioKohlerMIAWCha1785991579828/webruntime/view/3a680bd1b3e3045a99687a2950898fdf/prod/en-US/home_view was preloaded using link preload but not used within a few seconds from the window's load event. Please make sure it has an appropriate `as` value and it is preloaded intentionally. @ https://globalkohler.my.site.com/ESWStudioKohlerMIAWCha1785991579828/assets/htdocs/sitecontext.min.html?parent_domain=https%3A%2F%2Fwww.studiokohler.com:0
[  667668ms] [WARNING] The resource https://globalkohler.my.site.com/ESWStudioKohlerMIAWCha1785991579828/webruntime/framework/6ce0b87300/prod/lwr_loader was preloaded using link preload but not used within a few seconds from the window's load event. Please make sure it has an appropriate `as` value and it is preloaded intentionally. @ https://globalkohler.my.site.com/ESWStudioKohlerMIAWCha1785991579828/assets/htdocs/sitecontext.min.html?parent_domain=https%3A%2F%2Fwww.studiokohler.com:0
[  667668ms] [WARNING] The resource https://globalkohler.my.site.com/ESWStudioKohlerMIAWCha1785991579828/webruntime/component/259a789b5905e4a3e65c0942cc97421d/prod/en-US/force/luvioLwcBindings_cmp was preloaded using link preload but not used within a few seconds from the window's load event. Please make sure it has an appropriate `as` value and it is preloaded intentionally. @ https://globalkohler.my.site.com/ESWStudioKohlerMIAWCha1785991579828/assets/htdocs/sitecontext.min.html?parent_domain=https%3A%2F%2Fwww.studiokohler.com:0
[  667668ms] [WARNING] The resource https://globalkohler.my.site.com/ESWStudioKohlerMIAWCha1785991579828/webruntime/framework/c6f5ab53a7/prod/lwr_lwc was preloaded using link preload but not used within a few seconds from the window's load event. Please make sure it has an appropriate `as` value and it is preloaded intentionally. @ https://globalkohler.my.site.com/ESWStudioKohlerMIAWCha1785991579828/assets/htdocs/sitecontext.min.html?parent_domain=https%3A%2F%2Fwww.studiokohler.com:0
[  670400ms] [WARNING] The resource https://www.studiokohler.com/_next/static/chunks/0hqnmwnsg1zbt.css was preloaded using link preload but not used within a few seconds from the window's load event. Please make sure it has an appropriate `as` value and it is preloaded intentionally. @ https://www.studiokohler.com/products/bathroom/showers/valves-trims:0
[  684933ms] [WARNING] The resource https://www.studiokohler.com/_next/static/chunks/0hqnmwnsg1zbt.css was preloaded using link preload but not used within a few seconds from the window's load event. Please make sure it has an appropriate `as` value and it is preloaded intentionally. @ https://www.studiokohler.com/products/bathroom/showers/valves-trims:0
[  686820ms] SyntaxError: Failed to execute 'querySelector' on 'Document': 'link[rel="preload"][as="script"][href="\a https://resources.digital-cloud-west.medallia.com/wdcwest/740343/onsite/embed.js\a "]' is not a valid selector.
    at Object.L (https://www.studiokohler.com/_next/static/chunks/0~7nm1~zg71g0.js:1:190038)
    at r.preload (https://www.studiokohler.com/_next/static/chunks/0_5ax_b188xq6.js:1:12765)
    at v (https://www.studiokohler.com/_next/static/chunks/0f1l2no-9vj_c.js:1:6977)
    at ay (https://www.studiokohler.com/_next/static/chunks/0~7nm1~zg71g0.js:1:62886)
    at oJ (https://www.studiokohler.com/_next/static/chunks/0~7nm1~zg71g0.js:1:83143)
    at iu (https://www.studiokohler.com/_next/static/chunks/0~7nm1~zg71g0.js:1:93735)
    at sd (https://www.studiokohler.com/_next/static/chunks/0~7nm1~zg71g0.js:1:137985)
    at https://www.studiokohler.com/_next/static/chunks/0~7nm1~zg71g0.js:1:137830
    at sf (https://www.studiokohler.com/_next/static/chunks/0~7nm1~zg71g0.js:1:137838)
    at se (https://www.studiokohler.com/_next/static/chunks/0~7nm1~zg71g0.js:1:132978)
[  686820ms] SyntaxError: Failed to execute 'querySelector' on 'Document': 'link[rel="preload"][as="script"][href="\a https://resources.digital-cloud-west.medallia.com/wdcwest/740343/onsite/embed.js\a "]' is not a valid selector.
    at Object.L (https://www.studiokohler.com/_next/static/chunks/0~7nm1~zg71g0.js:1:190038)
    at r.preload (https://www.studiokohler.com/_next/static/chunks/0_5ax_b188xq6.js:1:12765)
    at v (https://www.studiokohler.com/_next/static/chunks/0f1l2no-9vj_c.js:1:6977)
    at ay (https://www.studiokohler.com/_next/static/chunks/0~7nm1~zg71g0.js:1:62886)
    at oJ (https://www.studiokohler.com/_next/static/chunks/0~7nm1~zg71g0.js:1:83143)
    at iu (https://www.studiokohler.com/_next/static/chunks/0~7nm1~zg71g0.js:1:93735)
    at sd (https://www.studiokohler.com/_next/static/chunks/0~7nm1~zg71g0.js:1:137985)
    at https://www.studiokohler.com/_next/static/chunks/0~7nm1~zg71g0.js:1:137830
    at sf (https://www.studiokohler.com/_next/static/chunks/0~7nm1~zg71g0.js:1:137838)
    at se (https://www.studiokohler.com/_next/static/chunks/0~7nm1~zg71g0.js:1:132978)
[  687738ms] [WARNING] 🚀 container.buildInfo.environment is deprecated.Please use `container.environment.stage` instead @ https://assets.adobedtm.com/846ae6cc52a8/04305b11409a/launch-ENc97853c5e46d4f92bdf0b75e595632cf.min.js:14
[  688090ms] [WARNING] 🚀 _satellite.setCookie is deprecated. Please use _satellite.cookie.set("ecid", "17600893917683730944237762692949821572"). @ https://assets.adobedtm.com/846ae6cc52a8/04305b11409a/launch-ENc97853c5e46d4f92bdf0b75e595632cf.min.js:14
[  688740ms] [LOG] Testing============== @ https://assets.adobedtm.com/846ae6cc52a8/04305b11409a/launch-ENc97853c5e46d4f92bdf0b75e595632cf.min.js:8
[  688740ms] [LOG] 0 @ https://assets.adobedtm.com/846ae6cc52a8/04305b11409a/launch-ENc97853c5e46d4f92bdf0b75e595632cf.min.js:8
[  690551ms] [ERROR] Refused to execute script from 'https://www.studiokohler.com/content/dam/kohler-kds/navigation/aaf54114_rgb.jpeg?req=props,json&scl=1&id=1599383937&handler=s7RIJSONResponse' because its MIME type ('image/jpeg') is not executable, and strict MIME type checking is enabled. @ https://www.studiokohler.com/js/s7responsiveimage.js:98
[  690552ms] [ERROR] Refused to execute script from 'https://www.studiokohler.com/content/dam/kohler-kds/navigation/aaf54114_rgb.jpeg?req=set,json&id=-1893533819&handler=s7RIJSONResponse' because its MIME type ('image/jpeg') is not executable, and strict MIME type checking is enabled. @ https://www.studiokohler.com/js/s7responsiveimage.js:98
[  690552ms] [ERROR] Refused to execute script from 'https://www.studiokohler.com/content/dam/kohler-kds/navigation/aaf54116_rgb.jpeg?req=props,json&scl=1&id=-1993983485&handler=s7RIJSONResponse' because its MIME type ('image/jpeg') is not executable, and strict MIME type checking is enabled. @ https://www.studiokohler.com/js/s7responsiveimage.js:98
[  690552ms] [ERROR] Refused to execute script from 'https://www.studiokohler.com/content/dam/kohler-kds/navigation/aaf54116_rgb.jpeg?req=set,json&id=595995143&handler=s7RIJSONResponse' because its MIME type ('image/jpeg') is not executable, and strict MIME type checking is enabled. @ https://www.studiokohler.com/js/s7responsiveimage.js:98
[  690553ms] [ERROR] Refused to execute script from 'https://www.studiokohler.com/content/dam/kohler-kds/navigation/d2c0043993_rgb.jpg?req=props,json&scl=1&id=-1685132386&handler=s7RIJSONResponse' because its MIME type ('image/jpeg') is not executable, and strict MIME type checking is enabled. @ https://www.studiokohler.com/js/s7responsiveimage.js:98
[  690553ms] [ERROR] Refused to execute script from 'https://www.studiokohler.com/content/dam/kohler-kds/navigation/d2c0043993_rgb.jpg?req=set,json&id=1337697954&handler=s7RIJSONResponse' because its MIME type ('image/jpeg') is not executable, and strict MIME type checking is enabled. @ https://www.studiokohler.com/js/s7responsiveimage.js:98
[  690553ms] [ERROR] Refused to execute script from 'https://www.studiokohler.com/content/dam/kohler-kds/navigation/aaj10834.jpeg?req=props,json&scl=1&id=150453172&handler=s7RIJSONResponse' because its MIME type ('image/jpeg') is not executable, and strict MIME type checking is enabled. @ https://www.studiokohler.com/js/s7responsiveimage.js:98
[  690553ms] [ERROR] Refused to execute script from 'https://www.studiokohler.com/content/dam/kohler-kds/navigation/aaj10834.jpeg?req=set,json&id=-974590792&handler=s7RIJSONResponse' because its MIME type ('image/jpeg') is not executable, and strict MIME type checking is enabled. @ https://www.studiokohler.com/js/s7responsiveimage.js:98
[  690553ms] [ERROR] Refused to execute script from 'https://www.studiokohler.com/content/dam/kohler-kds/larg-image-and-text-block/aaj98359_rgb.jpg?req=props,json&scl=1&id=-892984135&handler=s7RIJSONResponse' because its MIME type ('image/jpeg') is not executable, and strict MIME type checking is enabled. @ https://www.studiokohler.com/js/s7responsiveimage.js:98
[  690553ms] [ERROR] Refused to execute script from 'https://www.studiokohler.com/content/dam/kohler-kds/larg-image-and-text-block/aaj98359_rgb.jpg?req=set,json&id=92220093&handler=s7RIJSONResponse' because its MIME type ('image/jpeg') is not executable, and strict MIME type checking is enabled. @ https://www.studiokohler.com/js/s7responsiveimage.js:98
[  690554ms] [ERROR] Refused to execute script from 'https://www.studiokohler.com/content/dam/kohler-kds/navigation/aai11078.jpeg?req=props,json&scl=1&id=-545430548&handler=s7RIJSONResponse' because its MIME type ('image/jpeg') is not executable, and strict MIME type checking is enabled. @ https://www.studiokohler.com/js/s7responsiveimage.js:98
[  690554ms] [ERROR] Refused to execute script from 'https://www.studiokohler.com/content/dam/kohler-kds/navigation/aai11078.jpeg?req=set,json&id=-1059697424&handler=s7RIJSONResponse' because its MIME type ('image/jpeg') is not executable, and strict MIME type checking is enabled. @ https://www.studiokohler.com/js/s7responsiveimage.js:98
[  690592ms] [WARNING] [Meta Pixel] - Duplicate Pixel ID: 117823355284455. @ https://connect.facebook.net/en_US/fbevents.js:203
[  693568ms] [WARNING] The resource https://www.studiokohler.com/_next/static/chunks/0hqnmwnsg1zbt.css was preloaded using link preload but not used within a few seconds from the window's load event. Please make sure it has an appropriate `as` value and it is preloaded intentionally. @ https://www.studiokohler.com/products/bathroom/faucets/bathroom-sink-faucets/t14414-3?sku=K-T14414-3-CP:0
[  693574ms] [WARNING] The resource https://globalkohler.my.site.com/ESWStudioKohlerMIAWCha1785991579828/webruntime/component/5b8557d8725fba2dbf2e6a4968ec430c/prod/en-US/force/luvioRuntimeWebruntime_cmp was preloaded using link preload but not used within a few seconds from the window's load event. Please make sure it has an appropriate `as` value and it is preloaded intentionally. @ https://globalkohler.my.site.com/ESWStudioKohlerMIAWCha1785991579828/assets/htdocs/sitecontext.min.html?parent_domain=https%3A%2F%2Fwww.studiokohler.com:0
[  693574ms] [WARNING] The resource https://globalkohler.my.site.com/ESWStudioKohlerMIAWCha1785991579828/webruntime/framework/cb2c1a2c50/prod/lwr_app_bootstrap_hook was preloaded using link preload but not used within a few seconds from the window's load event. Please make sure it has an appropriate `as` value and it is preloaded intentionally. @ https://globalkohler.my.site.com/ESWStudioKohlerMIAWCha1785991579828/assets/htdocs/sitecontext.min.html?parent_domain=https%3A%2F%2Fwww.studiokohler.com:0
[  693574ms] [WARNING] The resource https://globalkohler.my.site.com/ESWStudioKohlerMIAWCha1785991579828/webruntime/framework/b73515aaa5/prod/lwr_bootstrap was preloaded using link preload but not used within a few seconds from the window's load event. Please make sure it has an appropriate `as` value and it is preloaded intentionally. @ https://globalkohler.my.site.com/ESWStudioKohlerMIAWCha1785991579828/assets/htdocs/sitecontext.min.html?parent_domain=https%3A%2F%2Fwww.studiokohler.com:0
[  693574ms] [WARNING] The resource https://globalkohler.my.site.com/ESWStudioKohlerMIAWCha1785991579828/assets/styles/salesforce-lightning-design-system.min.css?e298b32610 was preloaded using link preload but not used within a few seconds from the window's load event. Please make sure it has an appropriate `as` value and it is preloaded intentionally. @ https://globalkohler.my.site.com/ESWStudioKohlerMIAWCha1785991579828/assets/htdocs/sitecontext.min.html?parent_domain=https%3A%2F%2Fwww.studiokohler.com:0
[  693574ms] [WARNING] The resource https://globalkohler.my.site.com/ESWStudioKohlerMIAWCha1785991579828/webruntime/view/a13680776f58817c268b3c4382572239/prod/en-US/frame_view was preloaded using link preload but not used within a few seconds from the window's load event. Please make sure it has an appropriate `as` value and it is preloaded intentionally. @ https://globalkohler.my.site.com/ESWStudioKohlerMIAWCha1785991579828/assets/htdocs/sitecontext.min.html?parent_domain=https%3A%2F%2Fwww.studiokohler.com:0
[  693574ms] [WARNING] The resource https://globalkohler.my.site.com/ESWStudioKohlerMIAWCha1785991579828/webruntime/framework/6186554a8e/prod/lwr_app was preloaded using link preload but not used within a few seconds from the window's load event. Please make sure it has an appropriate `as` value and it is preloaded intentionally. @ https://globalkohler.my.site.com/ESWStudioKohlerMIAWCha1785991579828/assets/htdocs/sitecontext.min.html?parent_domain=https%3A%2F%2Fwww.studiokohler.com:0
[  693574ms] [WARNING] The resource https://globalkohler.my.site.com/ESWStudioKohlerMIAWCha1785991579828/assets/styles/embedded-messaging-styling.min.css?e298b32610 was preloaded using link preload but not used within a few seconds from the window's load event. Please make sure it has an appropriate `as` value and it is preloaded intentionally. @ https://globalkohler.my.site.com/ESWStudioKohlerMIAWCha1785991579828/assets/htdocs/sitecontext.min.html?parent_domain=https%3A%2F%2Fwww.studiokohler.com:0
[  693574ms] [WARNING] The resource https://globalkohler.my.site.com/ESWStudioKohlerMIAWCha1785991579828/webruntime/view/3a680bd1b3e3045a99687a2950898fdf/prod/en-US/home_view was preloaded using link preload but not used within a few seconds from the window's load event. Please make sure it has an appropriate `as` value and it is preloaded intentionally. @ https://globalkohler.my.site.com/ESWStudioKohlerMIAWCha1785991579828/assets/htdocs/sitecontext.min.html?parent_domain=https%3A%2F%2Fwww.studiokohler.com:0
[  693574ms] [WARNING] The resource https://globalkohler.my.site.com/ESWStudioKohlerMIAWCha1785991579828/webruntime/framework/6ce0b87300/prod/lwr_loader was preloaded using link preload but not used within a few seconds from the window's load event. Please make sure it has an appropriate `as` value and it is preloaded intentionally. @ https://globalkohler.my.site.com/ESWStudioKohlerMIAWCha1785991579828/assets/htdocs/sitecontext.min.html?parent_domain=https%3A%2F%2Fwww.studiokohler.com:0
[  693574ms] [WARNING] The resource https://globalkohler.my.site.com/ESWStudioKohlerMIAWCha1785991579828/webruntime/component/259a789b5905e4a3e65c0942cc97421d/prod/en-US/force/luvioLwcBindings_cmp was preloaded using link preload but not used within a few seconds from the window's load event. Please make sure it has an appropriate `as` value and it is preloaded intentionally. @ https://globalkohler.my.site.com/ESWStudioKohlerMIAWCha1785991579828/assets/htdocs/sitecontext.min.html?parent_domain=https%3A%2F%2Fwww.studiokohler.com:0
[  693574ms] [WARNING] The resource https://globalkohler.my.site.com/ESWStudioKohlerMIAWCha1785991579828/webruntime/framework/c6f5ab53a7/prod/lwr_lwc was preloaded using link preload but not used within a few seconds from the window's load event. Please make sure it has an appropriate `as` value and it is preloaded intentionally. @ https://globalkohler.my.site.com/ESWStudioKohlerMIAWCha1785991579828/assets/htdocs/sitecontext.min.html?parent_domain=https%3A%2F%2Fwww.studiokohler.com:0
[  697429ms] [WARNING] The resource https://www.studiokohler.com/_next/static/chunks/0hqnmwnsg1zbt.css was preloaded using link preload but not used within a few seconds from the window's load event. Please make sure it has an appropriate `as` value and it is preloaded intentionally. @ https://www.studiokohler.com/products/bathroom/faucets/bathroom-sink-faucets/t14414-3?sku=K-T14414-3-CP:0
[  701341ms] [WARNING] The resource https://www.studiokohler.com/_next/static/chunks/0hqnmwnsg1zbt.css was preloaded using link preload but not used within a few seconds from the window's load event. Please make sure it has an appropriate `as` value and it is preloaded intentionally. @ https://www.studiokohler.com/products/bathroom/faucets/bathroom-sink-faucets/t14414-3?sku=K-T14414-3-CP:0
[  707256ms] [WARNING] The resource https://www.studiokohler.com/_next/static/chunks/0hqnmwnsg1zbt.css was preloaded using link preload but not used within a few seconds from the window's load event. Please make sure it has an appropriate `as` value and it is preloaded intentionally. @ https://www.studiokohler.com/products/bathroom/faucets/bathroom-sink-faucets/t14414-3?sku=K-T14414-3-CP:0
[  757159ms] [WARNING] The resource https://www.studiokohler.com/_next/static/chunks/0hqnmwnsg1zbt.css was preloaded using link preload but not used within a few seconds from the window's load event. Please make sure it has an appropriate `as` value and it is preloaded intentionally. @ https://www.studiokohler.com/products/bathroom/faucets/bathroom-sink-faucets/t14414-3?sku=K-T14414-3-CP:0
[  800811ms] Error: Minified React error #418; visit https://react.dev/errors/418?args[]=HTML&args[]= for the full message or use the non-minified dev environment for full errors and additional helpful warnings.
    at rX (https://www.studiokohler.com/_next/static/chunks/0~7nm1~zg71g0.js:1:46254)
    at iu (https://www.studiokohler.com/_next/static/chunks/0~7nm1~zg71g0.js:1:97295)
    at sd (https://www.studiokohler.com/_next/static/chunks/0~7nm1~zg71g0.js:1:137985)
    at https://www.studiokohler.com/_next/static/chunks/0~7nm1~zg71g0.js:1:137830
    at sf (https://www.studiokohler.com/_next/static/chunks/0~7nm1~zg71g0.js:1:137838)
    at se (https://www.studiokohler.com/_next/static/chunks/0~7nm1~zg71g0.js:1:132978)
    at sW (https://www.studiokohler.com/_next/static/chunks/0~7nm1~zg71g0.js:1:159657)
    at sU (https://www.studiokohler.com/_next/static/chunks/0~7nm1~zg71g0.js:1:157871)
    at sH (https://www.studiokohler.com/_next/static/chunks/0~7nm1~zg71g0.js:1:158215)
    at https://www.studiokohler.com/_next/static/chunks/0~7nm1~zg71g0.js:1:157500
[  800822ms] Error: Minified React error #418; visit https://react.dev/errors/418?args[]=HTML&args[]= for the full message or use the non-minified dev environment for full errors and additional helpful warnings.
    at rX (https://www.studiokohler.com/_next/static/chunks/0~7nm1~zg71g0.js:1:46254)
    at iu (https://www.studiokohler.com/_next/static/chunks/0~7nm1~zg71g0.js:1:97295)
    at sd (https://www.studiokohler.com/_next/static/chunks/0~7nm1~zg71g0.js:1:137985)
    at https://www.studiokohler.com/_next/static/chunks/0~7nm1~zg71g0.js:1:137830
    at sf (https://www.studiokohler.com/_next/static/chunks/0~7nm1~zg71g0.js:1:137838)
    at se (https://www.studiokohler.com/_next/static/chunks/0~7nm1~zg71g0.js:1:132978)
    at sW (https://www.studiokohler.com/_next/static/chunks/0~7nm1~zg71g0.js:1:159657)
    at sU (https://www.studiokohler.com/_next/static/chunks/0~7nm1~zg71g0.js:1:157871)
    at sH (https://www.studiokohler.com/_next/static/chunks/0~7nm1~zg71g0.js:1:158215)
    at https://www.studiokohler.com/_next/static/chunks/0~7nm1~zg71g0.js:1:157500
[  800837ms] SyntaxError: Failed to execute 'querySelector' on 'Document': 'link[rel="preload"][as="script"][href="\a https://resources.digital-cloud-west.medallia.com/wdcwest/740343/onsite/embed.js\a "]' is not a valid selector.
    at Object.L (https://www.studiokohler.com/_next/static/chunks/0~7nm1~zg71g0.js:1:190038)
    at r.preload (https://www.studiokohler.com/_next/static/chunks/0_5ax_b188xq6.js:1:12765)
    at v (https://www.studiokohler.com/_next/static/chunks/0f1l2no-9vj_c.js:1:6977)
    at ay (https://www.studiokohler.com/_next/static/chunks/0~7nm1~zg71g0.js:1:62886)
    at oJ (https://www.studiokohler.com/_next/static/chunks/0~7nm1~zg71g0.js:1:83143)
    at iu (https://www.studiokohler.com/_next/static/chunks/0~7nm1~zg71g0.js:1:93735)
    at sd (https://www.studiokohler.com/_next/static/chunks/0~7nm1~zg71g0.js:1:137985)
    at https://www.studiokohler.com/_next/static/chunks/0~7nm1~zg71g0.js:1:137830
    at sf (https://www.studiokohler.com/_next/static/chunks/0~7nm1~zg71g0.js:1:137838)
    at se (https://www.studiokohler.com/_next/static/chunks/0~7nm1~zg71g0.js:1:132978)
[  800837ms] SyntaxError: Failed to execute 'querySelector' on 'Document': 'link[rel="preload"][as="script"][href="\a https://resources.digital-cloud-west.medallia.com/wdcwest/740343/onsite/embed.js\a "]' is not a valid selector.
    at Object.L (https://www.studiokohler.com/_next/static/chunks/0~7nm1~zg71g0.js:1:190038)
    at r.preload (https://www.studiokohler.com/_next/static/chunks/0_5ax_b188xq6.js:1:12765)
    at v (https://www.studiokohler.com/_next/static/chunks/0f1l2no-9vj_c.js:1:6977)
    at ay (https://www.studiokohler.com/_next/static/chunks/0~7nm1~zg71g0.js:1:62886)
    at oJ (https://www.studiokohler.com/_next/static/chunks/0~7nm1~zg71g0.js:1:83143)
    at iu (https://www.studiokohler.com/_next/static/chunks/0~7nm1~zg71g0.js:1:93735)
    at sd (https://www.studiokohler.com/_next/static/chunks/0~7nm1~zg71g0.js:1:137985)
    at https://www.studiokohler.com/_next/static/chunks/0~7nm1~zg71g0.js:1:137830
    at sf (https://www.studiokohler.com/_next/static/chunks/0~7nm1~zg71g0.js:1:137838)
    at se (https://www.studiokohler.com/_next/static/chunks/0~7nm1~zg71g0.js:1:132978)
[  800942ms] [WARNING] 🚀 container.buildInfo.environment is deprecated.Please use `container.environment.stage` instead @ https://assets.adobedtm.com/846ae6cc52a8/04305b11409a/launch-ENc97853c5e46d4f92bdf0b75e595632cf.min.js:14
[  801137ms] [WARNING] 🚀 _satellite.setCookie is deprecated. Please use _satellite.cookie.set("ecid", "17600893917683730944237762692949821572"). @ https://assets.adobedtm.com/846ae6cc52a8/04305b11409a/launch-ENc97853c5e46d4f92bdf0b75e595632cf.min.js:14
[  801943ms] [LOG] Testing============== @ https://assets.adobedtm.com/846ae6cc52a8/04305b11409a/launch-ENc97853c5e46d4f92bdf0b75e595632cf.min.js:8
[  801943ms] [LOG] 0 @ https://assets.adobedtm.com/846ae6cc52a8/04305b11409a/launch-ENc97853c5e46d4f92bdf0b75e595632cf.min.js:8
[  805405ms] [WARNING] The resource https://globalkohler.my.site.com/ESWStudioKohlerMIAWCha1785991579828/webruntime/component/5b8557d8725fba2dbf2e6a4968ec430c/prod/en-US/force/luvioRuntimeWebruntime_cmp was preloaded using link preload but not used within a few seconds from the window's load event. Please make sure it has an appropriate `as` value and it is preloaded intentionally. @ https://globalkohler.my.site.com/ESWStudioKohlerMIAWCha1785991579828/assets/htdocs/sitecontext.min.html?parent_domain=https%3A%2F%2Fwww.studiokohler.com:0
[  805405ms] [WARNING] The resource https://globalkohler.my.site.com/ESWStudioKohlerMIAWCha1785991579828/webruntime/framework/cb2c1a2c50/prod/lwr_app_bootstrap_hook was preloaded using link preload but not used within a few seconds from the window's load event. Please make sure it has an appropriate `as` value and it is preloaded intentionally. @ https://globalkohler.my.site.com/ESWStudioKohlerMIAWCha1785991579828/assets/htdocs/sitecontext.min.html?parent_domain=https%3A%2F%2Fwww.studiokohler.com:0
[  805405ms] [WARNING] The resource https://globalkohler.my.site.com/ESWStudioKohlerMIAWCha1785991579828/webruntime/framework/b73515aaa5/prod/lwr_bootstrap was preloaded using link preload but not used within a few seconds from the window's load event. Please make sure it has an appropriate `as` value and it is preloaded intentionally. @ https://globalkohler.my.site.com/ESWStudioKohlerMIAWCha1785991579828/assets/htdocs/sitecontext.min.html?parent_domain=https%3A%2F%2Fwww.studiokohler.com:0
[  805405ms] [WARNING] The resource https://globalkohler.my.site.com/ESWStudioKohlerMIAWCha1785991579828/assets/styles/salesforce-lightning-design-system.min.css?e298b32610 was preloaded using link preload but not used within a few seconds from the window's load event. Please make sure it has an appropriate `as` value and it is preloaded intentionally. @ https://globalkohler.my.site.com/ESWStudioKohlerMIAWCha1785991579828/assets/htdocs/sitecontext.min.html?parent_domain=https%3A%2F%2Fwww.studiokohler.com:0
[  805405ms] [WARNING] The resource https://globalkohler.my.site.com/ESWStudioKohlerMIAWCha1785991579828/webruntime/view/a13680776f58817c268b3c4382572239/prod/en-US/frame_view was preloaded using link preload but not used within a few seconds from the window's load event. Please make sure it has an appropriate `as` value and it is preloaded intentionally. @ https://globalkohler.my.site.com/ESWStudioKohlerMIAWCha1785991579828/assets/htdocs/sitecontext.min.html?parent_domain=https%3A%2F%2Fwww.studiokohler.com:0
[  805405ms] [WARNING] The resource https://globalkohler.my.site.com/ESWStudioKohlerMIAWCha1785991579828/webruntime/framework/6186554a8e/prod/lwr_app was preloaded using link preload but not used within a few seconds from the window's load event. Please make sure it has an appropriate `as` value and it is preloaded intentionally. @ https://globalkohler.my.site.com/ESWStudioKohlerMIAWCha1785991579828/assets/htdocs/sitecontext.min.html?parent_domain=https%3A%2F%2Fwww.studiokohler.com:0
[  805405ms] [WARNING] The resource https://globalkohler.my.site.com/ESWStudioKohlerMIAWCha1785991579828/assets/styles/embedded-messaging-styling.min.css?e298b32610 was preloaded using link preload but not used within a few seconds from the window's load event. Please make sure it has an appropriate `as` value and it is preloaded intentionally. @ https://globalkohler.my.site.com/ESWStudioKohlerMIAWCha1785991579828/assets/htdocs/sitecontext.min.html?parent_domain=https%3A%2F%2Fwww.studiokohler.com:0
[  805405ms] [WARNING] The resource https://globalkohler.my.site.com/ESWStudioKohlerMIAWCha1785991579828/webruntime/view/3a680bd1b3e3045a99687a2950898fdf/prod/en-US/home_view was preloaded using link preload but not used within a few seconds from the window's load event. Please make sure it has an appropriate `as` value and it is preloaded intentionally. @ https://globalkohler.my.site.com/ESWStudioKohlerMIAWCha1785991579828/assets/htdocs/sitecontext.min.html?parent_domain=https%3A%2F%2Fwww.studiokohler.com:0
[  805405ms] [WARNING] The resource https://globalkohler.my.site.com/ESWStudioKohlerMIAWCha1785991579828/webruntime/framework/6ce0b87300/prod/lwr_loader was preloaded using link preload but not used within a few seconds from the window's load event. Please make sure it has an appropriate `as` value and it is preloaded intentionally. @ https://globalkohler.my.site.com/ESWStudioKohlerMIAWCha1785991579828/assets/htdocs/sitecontext.min.html?parent_domain=https%3A%2F%2Fwww.studiokohler.com:0
[  805405ms] [WARNING] The resource https://globalkohler.my.site.com/ESWStudioKohlerMIAWCha1785991579828/webruntime/component/259a789b5905e4a3e65c0942cc97421d/prod/en-US/force/luvioLwcBindings_cmp was preloaded using link preload but not used within a few seconds from the window's load event. Please make sure it has an appropriate `as` value and it is preloaded intentionally. @ https://globalkohler.my.site.com/ESWStudioKohlerMIAWCha1785991579828/assets/htdocs/sitecontext.min.html?parent_domain=https%3A%2F%2Fwww.studiokohler.com:0
[  805405ms] [WARNING] The resource https://globalkohler.my.site.com/ESWStudioKohlerMIAWCha1785991579828/webruntime/framework/c6f5ab53a7/prod/lwr_lwc was preloaded using link preload but not used within a few seconds from the window's load event. Please make sure it has an appropriate `as` value and it is preloaded intentionally. @ https://globalkohler.my.site.com/ESWStudioKohlerMIAWCha1785991579828/assets/htdocs/sitecontext.min.html?parent_domain=https%3A%2F%2Fwww.studiokohler.com:0
[  814987ms] [ERROR] Refused to execute script from 'https://www.studiokohler.com/content/dam/kohler-kds/navigation/aaf54114_rgb.jpeg?req=props,json&scl=1&id=1599383937&handler=s7RIJSONResponse' because its MIME type ('image/jpeg') is not executable, and strict MIME type checking is enabled. @ https://www.studiokohler.com/js/s7responsiveimage.js:98
[  814987ms] [ERROR] Refused to execute script from 'https://www.studiokohler.com/content/dam/kohler-kds/navigation/aaf54114_rgb.jpeg?req=set,json&id=-1893533819&handler=s7RIJSONResponse' because its MIME type ('image/jpeg') is not executable, and strict MIME type checking is enabled. @ https://www.studiokohler.com/js/s7responsiveimage.js:98
[  814988ms] [ERROR] Refused to execute script from 'https://www.studiokohler.com/content/dam/kohler-kds/navigation/aaf54116_rgb.jpeg?req=props,json&scl=1&id=-1993983485&handler=s7RIJSONResponse' because its MIME type ('image/jpeg') is not executable, and strict MIME type checking is enabled. @ https://www.studiokohler.com/js/s7responsiveimage.js:98
[  814989ms] [ERROR] Refused to execute script from 'https://www.studiokohler.com/content/dam/kohler-kds/navigation/aaf54116_rgb.jpeg?req=set,json&id=595995143&handler=s7RIJSONResponse' because its MIME type ('image/jpeg') is not executable, and strict MIME type checking is enabled. @ https://www.studiokohler.com/js/s7responsiveimage.js:98
[  814989ms] [ERROR] Refused to execute script from 'https://www.studiokohler.com/content/dam/kohler-kds/navigation/d2c0043993_rgb.jpg?req=props,json&scl=1&id=-1685132386&handler=s7RIJSONResponse' because its MIME type ('image/jpeg') is not executable, and strict MIME type checking is enabled. @ https://www.studiokohler.com/js/s7responsiveimage.js:98
[  814989ms] [ERROR] Refused to execute script from 'https://www.studiokohler.com/content/dam/kohler-kds/navigation/d2c0043993_rgb.jpg?req=set,json&id=1337697954&handler=s7RIJSONResponse' because its MIME type ('image/jpeg') is not executable, and strict MIME type checking is enabled. @ https://www.studiokohler.com/js/s7responsiveimage.js:98
[  814990ms] [ERROR] Refused to execute script from 'https://www.studiokohler.com/content/dam/kohler-kds/navigation/aaj10834.jpeg?req=props,json&scl=1&id=150453172&handler=s7RIJSONResponse' because its MIME type ('image/jpeg') is not executable, and strict MIME type checking is enabled. @ https://www.studiokohler.com/js/s7responsiveimage.js:98
[  814990ms] [ERROR] Refused to execute script from 'https://www.studiokohler.com/content/dam/kohler-kds/navigation/aaj10834.jpeg?req=set,json&id=-974590792&handler=s7RIJSONResponse' because its MIME type ('image/jpeg') is not executable, and strict MIME type checking is enabled. @ https://www.studiokohler.com/js/s7responsiveimage.js:98
[  814991ms] [ERROR] Refused to execute script from 'https://www.studiokohler.com/content/dam/kohler-kds/larg-image-and-text-block/aaj98359_rgb.jpg?req=props,json&scl=1&id=-892984135&handler=s7RIJSONResponse' because its MIME type ('image/jpeg') is not executable, and strict MIME type checking is enabled. @ https://www.studiokohler.com/js/s7responsiveimage.js:98
[  814991ms] [ERROR] Refused to execute script from 'https://www.studiokohler.com/content/dam/kohler-kds/larg-image-and-text-block/aaj98359_rgb.jpg?req=set,json&id=92220093&handler=s7RIJSONResponse' because its MIME type ('image/jpeg') is not executable, and strict MIME type checking is enabled. @ https://www.studiokohler.com/js/s7responsiveimage.js:98
[  814991ms] [ERROR] Refused to execute script from 'https://www.studiokohler.com/content/dam/kohler-kds/navigation/aai11078.jpeg?req=props,json&scl=1&id=-545430548&handler=s7RIJSONResponse' because its MIME type ('image/jpeg') is not executable, and strict MIME type checking is enabled. @ https://www.studiokohler.com/js/s7responsiveimage.js:98
[  814992ms] [ERROR] Refused to execute script from 'https://www.studiokohler.com/content/dam/kohler-kds/navigation/aai11078.jpeg?req=set,json&id=-1059697424&handler=s7RIJSONResponse' because its MIME type ('image/jpeg') is not executable, and strict MIME type checking is enabled. @ https://www.studiokohler.com/js/s7responsiveimage.js:98
[  815034ms] [WARNING] [Meta Pixel] - Duplicate Pixel ID: 117823355284455. @ https://connect.facebook.net/en_US/fbevents.js:203
[  820807ms] [WARNING] The resource https://www.studiokohler.com/_next/static/chunks/0hqnmwnsg1zbt.css was preloaded using link preload but not used within a few seconds from the window's load event. Please make sure it has an appropriate `as` value and it is preloaded intentionally. @ https://www.studiokohler.com/products/bathroom/showers/valves-trims/t14488-3?sku=K-T14488-3-CP:0
[  830702ms] [WARNING] The resource https://www.studiokohler.com/_next/static/chunks/0hqnmwnsg1zbt.css was preloaded using link preload but not used within a few seconds from the window's load event. Please make sure it has an appropriate `as` value and it is preloaded intentionally. @ https://www.studiokohler.com/products/bathroom/showers/valves-trims/t14488-3?sku=K-T14488-3-CP:0
[  851751ms] [LOG] Triggered at 100% scroll height @ :1
[  855782ms] SyntaxError: Failed to execute 'querySelector' on 'Document': 'link[rel="preload"][as="script"][href="\a https://resources.digital-cloud-west.medallia.com/wdcwest/740343/onsite/embed.js\a "]' is not a valid selector.
    at Object.L (https://www.studiokohler.com/_next/static/chunks/0~7nm1~zg71g0.js:1:190038)
    at r.preload (https://www.studiokohler.com/_next/static/chunks/0_5ax_b188xq6.js:1:12765)
    at v (https://www.studiokohler.com/_next/static/chunks/0f1l2no-9vj_c.js:1:6977)
    at ay (https://www.studiokohler.com/_next/static/chunks/0~7nm1~zg71g0.js:1:62886)
    at oJ (https://www.studiokohler.com/_next/static/chunks/0~7nm1~zg71g0.js:1:83143)
    at iu (https://www.studiokohler.com/_next/static/chunks/0~7nm1~zg71g0.js:1:93735)
    at sd (https://www.studiokohler.com/_next/static/chunks/0~7nm1~zg71g0.js:1:137985)
    at https://www.studiokohler.com/_next/static/chunks/0~7nm1~zg71g0.js:1:137830
    at sf (https://www.studiokohler.com/_next/static/chunks/0~7nm1~zg71g0.js:1:137838)
    at se (https://www.studiokohler.com/_next/static/chunks/0~7nm1~zg71g0.js:1:132978)
[  855782ms] SyntaxError: Failed to execute 'querySelector' on 'Document': 'link[rel="preload"][as="script"][href="\a https://resources.digital-cloud-west.medallia.com/wdcwest/740343/onsite/embed.js\a "]' is not a valid selector.
    at Object.L (https://www.studiokohler.com/_next/static/chunks/0~7nm1~zg71g0.js:1:190038)
    at r.preload (https://www.studiokohler.com/_next/static/chunks/0_5ax_b188xq6.js:1:12765)
    at v (https://www.studiokohler.com/_next/static/chunks/0f1l2no-9vj_c.js:1:6977)
    at ay (https://www.studiokohler.com/_next/static/chunks/0~7nm1~zg71g0.js:1:62886)
    at oJ (https://www.studiokohler.com/_next/static/chunks/0~7nm1~zg71g0.js:1:83143)
    at iu (https://www.studiokohler.com/_next/static/chunks/0~7nm1~zg71g0.js:1:93735)
    at sd (https://www.studiokohler.com/_next/static/chunks/0~7nm1~zg71g0.js:1:137985)
    at https://www.studiokohler.com/_next/static/chunks/0~7nm1~zg71g0.js:1:137830
    at sf (https://www.studiokohler.com/_next/static/chunks/0~7nm1~zg71g0.js:1:137838)
    at se (https://www.studiokohler.com/_next/static/chunks/0~7nm1~zg71g0.js:1:132978)
[  855917ms] [WARNING] 🚀 container.buildInfo.environment is deprecated.Please use `container.environment.stage` instead @ https://assets.adobedtm.com/846ae6cc52a8/04305b11409a/launch-ENc97853c5e46d4f92bdf0b75e595632cf.min.js:14
[  856485ms] [WARNING] 🚀 _satellite.setCookie is deprecated. Please use _satellite.cookie.set("ecid", "17600893917683730944237762692949821572"). @ https://assets.adobedtm.com/846ae6cc52a8/04305b11409a/launch-ENc97853c5e46d4f92bdf0b75e595632cf.min.js:14
[  856918ms] [LOG] Testing============== @ https://assets.adobedtm.com/846ae6cc52a8/04305b11409a/launch-ENc97853c5e46d4f92bdf0b75e595632cf.min.js:8
[  856918ms] [LOG] 0 @ https://assets.adobedtm.com/846ae6cc52a8/04305b11409a/launch-ENc97853c5e46d4f92bdf0b75e595632cf.min.js:8
[  857310ms] [ERROR] Refused to execute script from 'https://www.studiokohler.com/content/dam/kohler-kds/navigation/aaf54114_rgb.jpeg?req=props,json&scl=1&id=1599383937&handler=s7RIJSONResponse' because its MIME type ('image/jpeg') is not executable, and strict MIME type checking is enabled. @ https://www.studiokohler.com/js/s7responsiveimage.js:98
[  857310ms] [ERROR] Refused to execute script from 'https://www.studiokohler.com/content/dam/kohler-kds/navigation/aaf54114_rgb.jpeg?req=set,json&id=-1893533819&handler=s7RIJSONResponse' because its MIME type ('image/jpeg') is not executable, and strict MIME type checking is enabled. @ https://www.studiokohler.com/js/s7responsiveimage.js:98
[  857310ms] [ERROR] Refused to execute script from 'https://www.studiokohler.com/content/dam/kohler-kds/navigation/aaf54116_rgb.jpeg?req=props,json&scl=1&id=-1993983485&handler=s7RIJSONResponse' because its MIME type ('image/jpeg') is not executable, and strict MIME type checking is enabled. @ https://www.studiokohler.com/js/s7responsiveimage.js:98
[  857310ms] [ERROR] Refused to execute script from 'https://www.studiokohler.com/content/dam/kohler-kds/navigation/aaf54116_rgb.jpeg?req=set,json&id=595995143&handler=s7RIJSONResponse' because its MIME type ('image/jpeg') is not executable, and strict MIME type checking is enabled. @ https://www.studiokohler.com/js/s7responsiveimage.js:98
[  857311ms] [ERROR] Refused to execute script from 'https://www.studiokohler.com/content/dam/kohler-kds/navigation/d2c0043993_rgb.jpg?req=props,json&scl=1&id=-1685132386&handler=s7RIJSONResponse' because its MIME type ('image/jpeg') is not executable, and strict MIME type checking is enabled. @ https://www.studiokohler.com/js/s7responsiveimage.js:98
[  857311ms] [ERROR] Refused to execute script from 'https://www.studiokohler.com/content/dam/kohler-kds/navigation/d2c0043993_rgb.jpg?req=set,json&id=1337697954&handler=s7RIJSONResponse' because its MIME type ('image/jpeg') is not executable, and strict MIME type checking is enabled. @ https://www.studiokohler.com/js/s7responsiveimage.js:98
[  857311ms] [ERROR] Refused to execute script from 'https://www.studiokohler.com/content/dam/kohler-kds/navigation/aaj10834.jpeg?req=props,json&scl=1&id=150453172&handler=s7RIJSONResponse' because its MIME type ('image/jpeg') is not executable, and strict MIME type checking is enabled. @ https://www.studiokohler.com/js/s7responsiveimage.js:98
[  857311ms] [ERROR] Refused to execute script from 'https://www.studiokohler.com/content/dam/kohler-kds/navigation/aaj10834.jpeg?req=set,json&id=-974590792&handler=s7RIJSONResponse' because its MIME type ('image/jpeg') is not executable, and strict MIME type checking is enabled. @ https://www.studiokohler.com/js/s7responsiveimage.js:98
[  857311ms] [ERROR] Refused to execute script from 'https://www.studiokohler.com/content/dam/kohler-kds/larg-image-and-text-block/aaj98359_rgb.jpg?req=props,json&scl=1&id=-892984135&handler=s7RIJSONResponse' because its MIME type ('image/jpeg') is not executable, and strict MIME type checking is enabled. @ https://www.studiokohler.com/js/s7responsiveimage.js:98
[  857311ms] [ERROR] Refused to execute script from 'https://www.studiokohler.com/content/dam/kohler-kds/larg-image-and-text-block/aaj98359_rgb.jpg?req=set,json&id=92220093&handler=s7RIJSONResponse' because its MIME type ('image/jpeg') is not executable, and strict MIME type checking is enabled. @ https://www.studiokohler.com/js/s7responsiveimage.js:98
[  857312ms] [ERROR] Refused to execute script from 'https://www.studiokohler.com/content/dam/kohler-kds/navigation/aai11078.jpeg?req=props,json&scl=1&id=-545430548&handler=s7RIJSONResponse' because its MIME type ('image/jpeg') is not executable, and strict MIME type checking is enabled. @ https://www.studiokohler.com/js/s7responsiveimage.js:98
[  857312ms] [ERROR] Refused to execute script from 'https://www.studiokohler.com/content/dam/kohler-kds/navigation/aai11078.jpeg?req=set,json&id=-1059697424&handler=s7RIJSONResponse' because its MIME type ('image/jpeg') is not executable, and strict MIME type checking is enabled. @ https://www.studiokohler.com/js/s7responsiveimage.js:98
[  857353ms] [WARNING] [Meta Pixel] - Duplicate Pixel ID: 117823355284455. @ https://connect.facebook.net/en_US/fbevents.js:203
[  862222ms] [WARNING] The resource https://globalkohler.my.site.com/ESWStudioKohlerMIAWCha1785991579828/webruntime/component/5b8557d8725fba2dbf2e6a4968ec430c/prod/en-US/force/luvioRuntimeWebruntime_cmp was preloaded using link preload but not used within a few seconds from the window's load event. Please make sure it has an appropriate `as` value and it is preloaded intentionally. @ https://globalkohler.my.site.com/ESWStudioKohlerMIAWCha1785991579828/assets/htdocs/sitecontext.min.html?parent_domain=https%3A%2F%2Fwww.studiokohler.com:0
[  862222ms] [WARNING] The resource https://www.studiokohler.com/_next/static/chunks/0hqnmwnsg1zbt.css was preloaded using link preload but not used within a few seconds from the window's load event. Please make sure it has an appropriate `as` value and it is preloaded intentionally. @ https://www.studiokohler.com/products/bathroom/showers/rainheads/13693?sku=K-13693-CP:0
[  862222ms] [WARNING] The resource https://globalkohler.my.site.com/ESWStudioKohlerMIAWCha1785991579828/webruntime/framework/cb2c1a2c50/prod/lwr_app_bootstrap_hook was preloaded using link preload but not used within a few seconds from the window's load event. Please make sure it has an appropriate `as` value and it is preloaded intentionally. @ https://globalkohler.my.site.com/ESWStudioKohlerMIAWCha1785991579828/assets/htdocs/sitecontext.min.html?parent_domain=https%3A%2F%2Fwww.studiokohler.com:0
[  862222ms] [WARNING] The resource https://globalkohler.my.site.com/ESWStudioKohlerMIAWCha1785991579828/webruntime/framework/b73515aaa5/prod/lwr_bootstrap was preloaded using link preload but not used within a few seconds from the window's load event. Please make sure it has an appropriate `as` value and it is preloaded intentionally. @ https://globalkohler.my.site.com/ESWStudioKohlerMIAWCha1785991579828/assets/htdocs/sitecontext.min.html?parent_domain=https%3A%2F%2Fwww.studiokohler.com:0
[  862222ms] [WARNING] The resource https://globalkohler.my.site.com/ESWStudioKohlerMIAWCha1785991579828/assets/styles/salesforce-lightning-design-system.min.css?e298b32610 was preloaded using link preload but not used within a few seconds from the window's load event. Please make sure it has an appropriate `as` value and it is preloaded intentionally. @ https://globalkohler.my.site.com/ESWStudioKohlerMIAWCha1785991579828/assets/htdocs/sitecontext.min.html?parent_domain=https%3A%2F%2Fwww.studiokohler.com:0
[  862222ms] [WARNING] The resource https://globalkohler.my.site.com/ESWStudioKohlerMIAWCha1785991579828/webruntime/view/a13680776f58817c268b3c4382572239/prod/en-US/frame_view was preloaded using link preload but not used within a few seconds from the window's load event. Please make sure it has an appropriate `as` value and it is preloaded intentionally. @ https://globalkohler.my.site.com/ESWStudioKohlerMIAWCha1785991579828/assets/htdocs/sitecontext.min.html?parent_domain=https%3A%2F%2Fwww.studiokohler.com:0
[  862222ms] [WARNING] The resource https://globalkohler.my.site.com/ESWStudioKohlerMIAWCha1785991579828/webruntime/framework/6186554a8e/prod/lwr_app was preloaded using link preload but not used within a few seconds from the window's load event. Please make sure it has an appropriate `as` value and it is preloaded intentionally. @ https://globalkohler.my.site.com/ESWStudioKohlerMIAWCha1785991579828/assets/htdocs/sitecontext.min.html?parent_domain=https%3A%2F%2Fwww.studiokohler.com:0
[  862222ms] [WARNING] The resource https://globalkohler.my.site.com/ESWStudioKohlerMIAWCha1785991579828/assets/styles/embedded-messaging-styling.min.css?e298b32610 was preloaded using link preload but not used within a few seconds from the window's load event. Please make sure it has an appropriate `as` value and it is preloaded intentionally. @ https://globalkohler.my.site.com/ESWStudioKohlerMIAWCha1785991579828/assets/htdocs/sitecontext.min.html?parent_domain=https%3A%2F%2Fwww.studiokohler.com:0
[  862222ms] [WARNING] The resource https://globalkohler.my.site.com/ESWStudioKohlerMIAWCha1785991579828/webruntime/view/3a680bd1b3e3045a99687a2950898fdf/prod/en-US/home_view was preloaded using link preload but not used within a few seconds from the window's load event. Please make sure it has an appropriate `as` value and it is preloaded intentionally. @ https://globalkohler.my.site.com/ESWStudioKohlerMIAWCha1785991579828/assets/htdocs/sitecontext.min.html?parent_domain=https%3A%2F%2Fwww.studiokohler.com:0
[  862223ms] [WARNING] The resource https://globalkohler.my.site.com/ESWStudioKohlerMIAWCha1785991579828/webruntime/framework/6ce0b87300/prod/lwr_loader was preloaded using link preload but not used within a few seconds from the window's load event. Please make sure it has an appropriate `as` value and it is preloaded intentionally. @ https://globalkohler.my.site.com/ESWStudioKohlerMIAWCha1785991579828/assets/htdocs/sitecontext.min.html?parent_domain=https%3A%2F%2Fwww.studiokohler.com:0
[  862223ms] [WARNING] The resource https://globalkohler.my.site.com/ESWStudioKohlerMIAWCha1785991579828/webruntime/component/259a789b5905e4a3e65c0942cc97421d/prod/en-US/force/luvioLwcBindings_cmp was preloaded using link preload but not used within a few seconds from the window's load event. Please make sure it has an appropriate `as` value and it is preloaded intentionally. @ https://globalkohler.my.site.com/ESWStudioKohlerMIAWCha1785991579828/assets/htdocs/sitecontext.min.html?parent_domain=https%3A%2F%2Fwww.studiokohler.com:0
[  862223ms] [WARNING] The resource https://globalkohler.my.site.com/ESWStudioKohlerMIAWCha1785991579828/webruntime/framework/c6f5ab53a7/prod/lwr_lwc was preloaded using link preload but not used within a few seconds from the window's load event. Please make sure it has an appropriate `as` value and it is preloaded intentionally. @ https://globalkohler.my.site.com/ESWStudioKohlerMIAWCha1785991579828/assets/htdocs/sitecontext.min.html?parent_domain=https%3A%2F%2Fwww.studiokohler.com:0
[  869434ms] [LOG] Triggered at 100% scroll height @ :1
[  872504ms] [WARNING] The resource https://www.studiokohler.com/_next/static/chunks/0hqnmwnsg1zbt.css was preloaded using link preload but not used within a few seconds from the window's load event. Please make sure it has an appropriate `as` value and it is preloaded intentionally. @ https://www.studiokohler.com/products/bathroom/showers/rainheads/13693?sku=K-13693-CP:0
[  884415ms] [WARNING] The resource https://www.studiokohler.com/_next/static/chunks/0hqnmwnsg1zbt.css was preloaded using link preload but not used within a few seconds from the window's load event. Please make sure it has an appropriate `as` value and it is preloaded intentionally. @ https://www.studiokohler.com/products/bathroom/showers/rainheads/13693?sku=K-13693-CP:0
[  894053ms] [WARNING] The resource https://www.studiokohler.com/_next/static/chunks/0hqnmwnsg1zbt.css was preloaded using link preload but not used within a few seconds from the window's load event. Please make sure it has an appropriate `as` value and it is preloaded intentionally. @ https://www.studiokohler.com/products/bathroom/showers/rainheads/13693?sku=K-13693-CP:0
[  914475ms] [WARNING] The resource https://www.studiokohler.com/_next/static/chunks/0hqnmwnsg1zbt.css was preloaded using link preload but not used within a few seconds from the window's load event. Please make sure it has an appropriate `as` value and it is preloaded intentionally. @ https://www.studiokohler.com/products/bathroom/showers/rainheads/13693?sku=K-13693-CP:0
[  923263ms] [WARNING] The resource https://www.studiokohler.com/_next/static/chunks/0hqnmwnsg1zbt.css was preloaded using link preload but not used within a few seconds from the window's load event. Please make sure it has an appropriate `as` value and it is preloaded intentionally. @ https://www.studiokohler.com/products/bathroom/showers/rainheads/13693?sku=K-13693-CP:0
[  927846ms] [WARNING] The resource https://www.studiokohler.com/_next/static/chunks/0hqnmwnsg1zbt.css was preloaded using link preload but not used within a few seconds from the window's load event. Please make sure it has an appropriate `as` value and it is preloaded intentionally. @ https://www.studiokohler.com/products/bathroom/showers/rainheads/13693?sku=K-13693-CP:0
[  938636ms] [WARNING] The resource https://www.studiokohler.com/_next/static/chunks/0hqnmwnsg1zbt.css was preloaded using link preload but not used within a few seconds from the window's load event. Please make sure it has an appropriate `as` value and it is preloaded intentionally. @ https://www.studiokohler.com/products/bathroom/showers/rainheads/13693?sku=K-13693-CP:0
[  945834ms] Error: Minified React error #418; visit https://react.dev/errors/418?args[]=HTML&args[]= for the full message or use the non-minified dev environment for full errors and additional helpful warnings.
    at rX (https://www.studiokohler.com/_next/static/chunks/0~7nm1~zg71g0.js:1:46254)
    at iu (https://www.studiokohler.com/_next/static/chunks/0~7nm1~zg71g0.js:1:97295)
    at sd (https://www.studiokohler.com/_next/static/chunks/0~7nm1~zg71g0.js:1:137985)
    at https://www.studiokohler.com/_next/static/chunks/0~7nm1~zg71g0.js:1:137830
    at sf (https://www.studiokohler.com/_next/static/chunks/0~7nm1~zg71g0.js:1:137838)
    at se (https://www.studiokohler.com/_next/static/chunks/0~7nm1~zg71g0.js:1:132978)
    at sW (https://www.studiokohler.com/_next/static/chunks/0~7nm1~zg71g0.js:1:159657)
    at sU (https://www.studiokohler.com/_next/static/chunks/0~7nm1~zg71g0.js:1:157871)
    at sH (https://www.studiokohler.com/_next/static/chunks/0~7nm1~zg71g0.js:1:158215)
    at https://www.studiokohler.com/_next/static/chunks/0~7nm1~zg71g0.js:1:157500
[  945844ms] Error: Minified React error #418; visit https://react.dev/errors/418?args[]=HTML&args[]= for the full message or use the non-minified dev environment for full errors and additional helpful warnings.
    at rX (https://www.studiokohler.com/_next/static/chunks/0~7nm1~zg71g0.js:1:46254)
    at iu (https://www.studiokohler.com/_next/static/chunks/0~7nm1~zg71g0.js:1:97295)
    at sd (https://www.studiokohler.com/_next/static/chunks/0~7nm1~zg71g0.js:1:137985)
    at https://www.studiokohler.com/_next/static/chunks/0~7nm1~zg71g0.js:1:137830
    at sf (https://www.studiokohler.com/_next/static/chunks/0~7nm1~zg71g0.js:1:137838)
    at se (https://www.studiokohler.com/_next/static/chunks/0~7nm1~zg71g0.js:1:132978)
    at sW (https://www.studiokohler.com/_next/static/chunks/0~7nm1~zg71g0.js:1:159657)
    at sU (https://www.studiokohler.com/_next/static/chunks/0~7nm1~zg71g0.js:1:157871)
    at sH (https://www.studiokohler.com/_next/static/chunks/0~7nm1~zg71g0.js:1:158215)
    at https://www.studiokohler.com/_next/static/chunks/0~7nm1~zg71g0.js:1:157500
[  945860ms] SyntaxError: Failed to execute 'querySelector' on 'Document': 'link[rel="preload"][as="script"][href="\a https://resources.digital-cloud-west.medallia.com/wdcwest/740343/onsite/embed.js\a "]' is not a valid selector.
    at Object.L (https://www.studiokohler.com/_next/static/chunks/0~7nm1~zg71g0.js:1:190038)
    at r.preload (https://www.studiokohler.com/_next/static/chunks/0_5ax_b188xq6.js:1:12765)
    at v (https://www.studiokohler.com/_next/static/chunks/0f1l2no-9vj_c.js:1:6977)
    at ay (https://www.studiokohler.com/_next/static/chunks/0~7nm1~zg71g0.js:1:62886)
    at oJ (https://www.studiokohler.com/_next/static/chunks/0~7nm1~zg71g0.js:1:83143)
    at iu (https://www.studiokohler.com/_next/static/chunks/0~7nm1~zg71g0.js:1:93735)
    at sd (https://www.studiokohler.com/_next/static/chunks/0~7nm1~zg71g0.js:1:137985)
    at https://www.studiokohler.com/_next/static/chunks/0~7nm1~zg71g0.js:1:137830
    at sf (https://www.studiokohler.com/_next/static/chunks/0~7nm1~zg71g0.js:1:137838)
    at se (https://www.studiokohler.com/_next/static/chunks/0~7nm1~zg71g0.js:1:132978)
[  945860ms] SyntaxError: Failed to execute 'querySelector' on 'Document': 'link[rel="preload"][as="script"][href="\a https://resources.digital-cloud-west.medallia.com/wdcwest/740343/onsite/embed.js\a "]' is not a valid selector.
    at Object.L (https://www.studiokohler.com/_next/static/chunks/0~7nm1~zg71g0.js:1:190038)
    at r.preload (https://www.studiokohler.com/_next/static/chunks/0_5ax_b188xq6.js:1:12765)
    at v (https://www.studiokohler.com/_next/static/chunks/0f1l2no-9vj_c.js:1:6977)
    at ay (https://www.studiokohler.com/_next/static/chunks/0~7nm1~zg71g0.js:1:62886)
    at oJ (https://www.studiokohler.com/_next/static/chunks/0~7nm1~zg71g0.js:1:83143)
    at iu (https://www.studiokohler.com/_next/static/chunks/0~7nm1~zg71g0.js:1:93735)
    at sd (https://www.studiokohler.com/_next/static/chunks/0~7nm1~zg71g0.js:1:137985)
    at https://www.studiokohler.com/_next/static/chunks/0~7nm1~zg71g0.js:1:137830
    at sf (https://www.studiokohler.com/_next/static/chunks/0~7nm1~zg71g0.js:1:137838)
    at se (https://www.studiokohler.com/_next/static/chunks/0~7nm1~zg71g0.js:1:132978)
[  945917ms] [WARNING] 🚀 container.buildInfo.environment is deprecated.Please use `container.environment.stage` instead @ https://assets.adobedtm.com/846ae6cc52a8/04305b11409a/launch-ENc97853c5e46d4f92bdf0b75e595632cf.min.js:14
[  946269ms] [WARNING] 🚀 _satellite.setCookie is deprecated. Please use _satellite.cookie.set("ecid", "17600893917683730944237762692949821572"). @ https://assets.adobedtm.com/846ae6cc52a8/04305b11409a/launch-ENc97853c5e46d4f92bdf0b75e595632cf.min.js:14
[  946918ms] [LOG] Testing============== @ https://assets.adobedtm.com/846ae6cc52a8/04305b11409a/launch-ENc97853c5e46d4f92bdf0b75e595632cf.min.js:8
[  946918ms] [LOG] 0 @ https://assets.adobedtm.com/846ae6cc52a8/04305b11409a/launch-ENc97853c5e46d4f92bdf0b75e595632cf.min.js:8
[  948300ms] [ERROR] Refused to execute script from 'https://www.studiokohler.com/content/dam/kohler-kds/navigation/aaf54114_rgb.jpeg?req=props,json&scl=1&id=1599383937&handler=s7RIJSONResponse' because its MIME type ('image/jpeg') is not executable, and strict MIME type checking is enabled. @ https://www.studiokohler.com/js/s7responsiveimage.js:98
[  948301ms] [ERROR] Refused to execute script from 'https://www.studiokohler.com/content/dam/kohler-kds/navigation/aaf54114_rgb.jpeg?req=set,json&id=-1893533819&handler=s7RIJSONResponse' because its MIME type ('image/jpeg') is not executable, and strict MIME type checking is enabled. @ https://www.studiokohler.com/js/s7responsiveimage.js:98
[  948301ms] [ERROR] Refused to execute script from 'https://www.studiokohler.com/content/dam/kohler-kds/navigation/aaf54116_rgb.jpeg?req=props,json&scl=1&id=-1993983485&handler=s7RIJSONResponse' because its MIME type ('image/jpeg') is not executable, and strict MIME type checking is enabled. @ https://www.studiokohler.com/js/s7responsiveimage.js:98
[  948302ms] [ERROR] Refused to execute script from 'https://www.studiokohler.com/content/dam/kohler-kds/navigation/aaf54116_rgb.jpeg?req=set,json&id=595995143&handler=s7RIJSONResponse' because its MIME type ('image/jpeg') is not executable, and strict MIME type checking is enabled. @ https://www.studiokohler.com/js/s7responsiveimage.js:98
[  948302ms] [ERROR] Refused to execute script from 'https://www.studiokohler.com/content/dam/kohler-kds/navigation/d2c0043993_rgb.jpg?req=props,json&scl=1&id=-1685132386&handler=s7RIJSONResponse' because its MIME type ('image/jpeg') is not executable, and strict MIME type checking is enabled. @ https://www.studiokohler.com/js/s7responsiveimage.js:98
[  948303ms] [ERROR] Refused to execute script from 'https://www.studiokohler.com/content/dam/kohler-kds/navigation/d2c0043993_rgb.jpg?req=set,json&id=1337697954&handler=s7RIJSONResponse' because its MIME type ('image/jpeg') is not executable, and strict MIME type checking is enabled. @ https://www.studiokohler.com/js/s7responsiveimage.js:98
[  948303ms] [ERROR] Refused to execute script from 'https://www.studiokohler.com/content/dam/kohler-kds/navigation/aaj10834.jpeg?req=props,json&scl=1&id=150453172&handler=s7RIJSONResponse' because its MIME type ('image/jpeg') is not executable, and strict MIME type checking is enabled. @ https://www.studiokohler.com/js/s7responsiveimage.js:98
[  948303ms] [ERROR] Refused to execute script from 'https://www.studiokohler.com/content/dam/kohler-kds/navigation/aaj10834.jpeg?req=set,json&id=-974590792&handler=s7RIJSONResponse' because its MIME type ('image/jpeg') is not executable, and strict MIME type checking is enabled. @ https://www.studiokohler.com/js/s7responsiveimage.js:98
[  948304ms] [ERROR] Refused to execute script from 'https://www.studiokohler.com/content/dam/kohler-kds/larg-image-and-text-block/aaj98359_rgb.jpg?req=props,json&scl=1&id=-892984135&handler=s7RIJSONResponse' because its MIME type ('image/jpeg') is not executable, and strict MIME type checking is enabled. @ https://www.studiokohler.com/js/s7responsiveimage.js:98
[  948304ms] [ERROR] Refused to execute script from 'https://www.studiokohler.com/content/dam/kohler-kds/larg-image-and-text-block/aaj98359_rgb.jpg?req=set,json&id=92220093&handler=s7RIJSONResponse' because its MIME type ('image/jpeg') is not executable, and strict MIME type checking is enabled. @ https://www.studiokohler.com/js/s7responsiveimage.js:98
[  948304ms] [ERROR] Refused to execute script from 'https://www.studiokohler.com/content/dam/kohler-kds/navigation/aai11078.jpeg?req=props,json&scl=1&id=-545430548&handler=s7RIJSONResponse' because its MIME type ('image/jpeg') is not executable, and strict MIME type checking is enabled. @ https://www.studiokohler.com/js/s7responsiveimage.js:98
[  948305ms] [ERROR] Refused to execute script from 'https://www.studiokohler.com/content/dam/kohler-kds/navigation/aai11078.jpeg?req=set,json&id=-1059697424&handler=s7RIJSONResponse' because its MIME type ('image/jpeg') is not executable, and strict MIME type checking is enabled. @ https://www.studiokohler.com/js/s7responsiveimage.js:98
[  949171ms] [WARNING] [Meta Pixel] - Duplicate Pixel ID: 117823355284455. @ https://connect.facebook.net/en_US/fbevents.js:203
[  952076ms] [WARNING] The resource https://globalkohler.my.site.com/ESWStudioKohlerMIAWCha1785991579828/webruntime/component/5b8557d8725fba2dbf2e6a4968ec430c/prod/en-US/force/luvioRuntimeWebruntime_cmp was preloaded using link preload but not used within a few seconds from the window's load event. Please make sure it has an appropriate `as` value and it is preloaded intentionally. @ https://globalkohler.my.site.com/ESWStudioKohlerMIAWCha1785991579828/assets/htdocs/sitecontext.min.html?parent_domain=https%3A%2F%2Fwww.studiokohler.com:0
[  952077ms] [WARNING] The resource https://globalkohler.my.site.com/ESWStudioKohlerMIAWCha1785991579828/webruntime/framework/cb2c1a2c50/prod/lwr_app_bootstrap_hook was preloaded using link preload but not used within a few seconds from the window's load event. Please make sure it has an appropriate `as` value and it is preloaded intentionally. @ https://globalkohler.my.site.com/ESWStudioKohlerMIAWCha1785991579828/assets/htdocs/sitecontext.min.html?parent_domain=https%3A%2F%2Fwww.studiokohler.com:0
[  952077ms] [WARNING] The resource https://globalkohler.my.site.com/ESWStudioKohlerMIAWCha1785991579828/webruntime/framework/b73515aaa5/prod/lwr_bootstrap was preloaded using link preload but not used within a few seconds from the window's load event. Please make sure it has an appropriate `as` value and it is preloaded intentionally. @ https://globalkohler.my.site.com/ESWStudioKohlerMIAWCha1785991579828/assets/htdocs/sitecontext.min.html?parent_domain=https%3A%2F%2Fwww.studiokohler.com:0
[  952077ms] [WARNING] The resource https://globalkohler.my.site.com/ESWStudioKohlerMIAWCha1785991579828/assets/styles/salesforce-lightning-design-system.min.css?e298b32610 was preloaded using link preload but not used within a few seconds from the window's load event. Please make sure it has an appropriate `as` value and it is preloaded intentionally. @ https://globalkohler.my.site.com/ESWStudioKohlerMIAWCha1785991579828/assets/htdocs/sitecontext.min.html?parent_domain=https%3A%2F%2Fwww.studiokohler.com:0
[  952077ms] [WARNING] The resource https://globalkohler.my.site.com/ESWStudioKohlerMIAWCha1785991579828/webruntime/view/a13680776f58817c268b3c4382572239/prod/en-US/frame_view was preloaded using link preload but not used within a few seconds from the window's load event. Please make sure it has an appropriate `as` value and it is preloaded intentionally. @ https://globalkohler.my.site.com/ESWStudioKohlerMIAWCha1785991579828/assets/htdocs/sitecontext.min.html?parent_domain=https%3A%2F%2Fwww.studiokohler.com:0
[  952077ms] [WARNING] The resource https://globalkohler.my.site.com/ESWStudioKohlerMIAWCha1785991579828/webruntime/framework/6186554a8e/prod/lwr_app was preloaded using link preload but not used within a few seconds from the window's load event. Please make sure it has an appropriate `as` value and it is preloaded intentionally. @ https://globalkohler.my.site.com/ESWStudioKohlerMIAWCha1785991579828/assets/htdocs/sitecontext.min.html?parent_domain=https%3A%2F%2Fwww.studiokohler.com:0
[  952077ms] [WARNING] The resource https://globalkohler.my.site.com/ESWStudioKohlerMIAWCha1785991579828/assets/styles/embedded-messaging-styling.min.css?e298b32610 was preloaded using link preload but not used within a few seconds from the window's load event. Please make sure it has an appropriate `as` value and it is preloaded intentionally. @ https://globalkohler.my.site.com/ESWStudioKohlerMIAWCha1785991579828/assets/htdocs/sitecontext.min.html?parent_domain=https%3A%2F%2Fwww.studiokohler.com:0
[  952077ms] [WARNING] The resource https://globalkohler.my.site.com/ESWStudioKohlerMIAWCha1785991579828/webruntime/view/3a680bd1b3e3045a99687a2950898fdf/prod/en-US/home_view was preloaded using link preload but not used within a few seconds from the window's load event. Please make sure it has an appropriate `as` value and it is preloaded intentionally. @ https://globalkohler.my.site.com/ESWStudioKohlerMIAWCha1785991579828/assets/htdocs/sitecontext.min.html?parent_domain=https%3A%2F%2Fwww.studiokohler.com:0
[  952077ms] [WARNING] The resource https://globalkohler.my.site.com/ESWStudioKohlerMIAWCha1785991579828/webruntime/framework/6ce0b87300/prod/lwr_loader was preloaded using link preload but not used within a few seconds from the window's load event. Please make sure it has an appropriate `as` value and it is preloaded intentionally. @ https://globalkohler.my.site.com/ESWStudioKohlerMIAWCha1785991579828/assets/htdocs/sitecontext.min.html?parent_domain=https%3A%2F%2Fwww.studiokohler.com:0
[  952077ms] [WARNING] The resource https://globalkohler.my.site.com/ESWStudioKohlerMIAWCha1785991579828/webruntime/component/259a789b5905e4a3e65c0942cc97421d/prod/en-US/force/luvioLwcBindings_cmp was preloaded using link preload but not used within a few seconds from the window's load event. Please make sure it has an appropriate `as` value and it is preloaded intentionally. @ https://globalkohler.my.site.com/ESWStudioKohlerMIAWCha1785991579828/assets/htdocs/sitecontext.min.html?parent_domain=https%3A%2F%2Fwww.studiokohler.com:0
[  952077ms] [WARNING] The resource https://globalkohler.my.site.com/ESWStudioKohlerMIAWCha1785991579828/webruntime/framework/c6f5ab53a7/prod/lwr_lwc was preloaded using link preload but not used within a few seconds from the window's load event. Please make sure it has an appropriate `as` value and it is preloaded intentionally. @ https://globalkohler.my.site.com/ESWStudioKohlerMIAWCha1785991579828/assets/htdocs/sitecontext.min.html?parent_domain=https%3A%2F%2Fwww.studiokohler.com:0
[  954206ms] [WARNING] The resource https://www.studiokohler.com/_next/static/chunks/0hqnmwnsg1zbt.css was preloaded using link preload but not used within a few seconds from the window's load event. Please make sure it has an appropriate `as` value and it is preloaded intentionally. @ https://www.studiokohler.com/products/bathroom/bathing/26109-la?sku=K-26109-LA-0:0
[  963105ms] [WARNING] The resource https://www.studiokohler.com/_next/static/chunks/0hqnmwnsg1zbt.css was preloaded using link preload but not used within a few seconds from the window's load event. Please make sure it has an appropriate `as` value and it is preloaded intentionally. @ https://www.studiokohler.com/products/bathroom/bathing/26109-la?sku=K-26109-LA-0:0
[  997668ms] [ERROR] Refused to execute script from 'https://www.studiokohler.com/content/dam/kohler-kds/navigation/aaf54114_rgb.jpeg?req=props,json&scl=1&id=1599383937&handler=s7RIJSONResponse' because its MIME type ('image/jpeg') is not executable, and strict MIME type checking is enabled. @ https://www.studiokohler.com/js/s7responsiveimage.js:98
[  997669ms] [ERROR] Refused to execute script from 'https://www.studiokohler.com/content/dam/kohler-kds/navigation/aaf54114_rgb.jpeg?req=set,json&id=-1893533819&handler=s7RIJSONResponse' because its MIME type ('image/jpeg') is not executable, and strict MIME type checking is enabled. @ https://www.studiokohler.com/js/s7responsiveimage.js:98
[  997669ms] [ERROR] Refused to execute script from 'https://www.studiokohler.com/content/dam/kohler-kds/navigation/aaf54116_rgb.jpeg?req=props,json&scl=1&id=-1993983485&handler=s7RIJSONResponse' because its MIME type ('image/jpeg') is not executable, and strict MIME type checking is enabled. @ https://www.studiokohler.com/js/s7responsiveimage.js:98
[  997669ms] [ERROR] Refused to execute script from 'https://www.studiokohler.com/content/dam/kohler-kds/navigation/aaf54116_rgb.jpeg?req=set,json&id=595995143&handler=s7RIJSONResponse' because its MIME type ('image/jpeg') is not executable, and strict MIME type checking is enabled. @ https://www.studiokohler.com/js/s7responsiveimage.js:98
[  997669ms] [ERROR] Refused to execute script from 'https://www.studiokohler.com/content/dam/kohler-kds/navigation/d2c0043993_rgb.jpg?req=props,json&scl=1&id=-1685132386&handler=s7RIJSONResponse' because its MIME type ('image/jpeg') is not executable, and strict MIME type checking is enabled. @ https://www.studiokohler.com/js/s7responsiveimage.js:98
[  997669ms] [ERROR] Refused to execute script from 'https://www.studiokohler.com/content/dam/kohler-kds/navigation/d2c0043993_rgb.jpg?req=set,json&id=1337697954&handler=s7RIJSONResponse' because its MIME type ('image/jpeg') is not executable, and strict MIME type checking is enabled. @ https://www.studiokohler.com/js/s7responsiveimage.js:98
[  997669ms] [ERROR] Refused to execute script from 'https://www.studiokohler.com/content/dam/kohler-kds/navigation/aaj10834.jpeg?req=props,json&scl=1&id=150453172&handler=s7RIJSONResponse' because its MIME type ('image/jpeg') is not executable, and strict MIME type checking is enabled. @ https://www.studiokohler.com/js/s7responsiveimage.js:98
[  997669ms] [ERROR] Refused to execute script from 'https://www.studiokohler.com/content/dam/kohler-kds/navigation/aaj10834.jpeg?req=set,json&id=-974590792&handler=s7RIJSONResponse' because its MIME type ('image/jpeg') is not executable, and strict MIME type checking is enabled. @ https://www.studiokohler.com/js/s7responsiveimage.js:98
[  997669ms] [ERROR] Refused to execute script from 'https://www.studiokohler.com/content/dam/kohler-kds/larg-image-and-text-block/aaj98359_rgb.jpg?req=props,json&scl=1&id=-892984135&handler=s7RIJSONResponse' because its MIME type ('image/jpeg') is not executable, and strict MIME type checking is enabled. @ https://www.studiokohler.com/js/s7responsiveimage.js:98
[  997669ms] [ERROR] Refused to execute script from 'https://www.studiokohler.com/content/dam/kohler-kds/larg-image-and-text-block/aaj98359_rgb.jpg?req=set,json&id=92220093&handler=s7RIJSONResponse' because its MIME type ('image/jpeg') is not executable, and strict MIME type checking is enabled. @ https://www.studiokohler.com/js/s7responsiveimage.js:98
[  997669ms] [ERROR] Refused to execute script from 'https://www.studiokohler.com/content/dam/kohler-kds/navigation/aai11078.jpeg?req=props,json&scl=1&id=-545430548&handler=s7RIJSONResponse' because its MIME type ('image/jpeg') is not executable, and strict MIME type checking is enabled. @ https://www.studiokohler.com/js/s7responsiveimage.js:98
[  997669ms] [ERROR] Refused to execute script from 'https://www.studiokohler.com/content/dam/kohler-kds/navigation/aai11078.jpeg?req=set,json&id=-1059697424&handler=s7RIJSONResponse' because its MIME type ('image/jpeg') is not executable, and strict MIME type checking is enabled. @ https://www.studiokohler.com/js/s7responsiveimage.js:98
[  997708ms] [LOG] Triggered at 100% scroll height @ :1
[  999842ms] [ERROR] Refused to execute script from 'https://www.studiokohler.com/content/dam/kohler-kds/navigation/aaf54114_rgb.jpeg?req=props,json&scl=1&id=1599383937&handler=s7RIJSONResponse' because its MIME type ('image/jpeg') is not executable, and strict MIME type checking is enabled. @ https://www.studiokohler.com/js/s7responsiveimage.js:98
[  999842ms] [ERROR] Refused to execute script from 'https://www.studiokohler.com/content/dam/kohler-kds/navigation/aaf54114_rgb.jpeg?req=set,json&id=-1893533819&handler=s7RIJSONResponse' because its MIME type ('image/jpeg') is not executable, and strict MIME type checking is enabled. @ https://www.studiokohler.com/js/s7responsiveimage.js:98
[  999842ms] [ERROR] Refused to execute script from 'https://www.studiokohler.com/content/dam/kohler-kds/navigation/aaf54116_rgb.jpeg?req=props,json&scl=1&id=-1993983485&handler=s7RIJSONResponse' because its MIME type ('image/jpeg') is not executable, and strict MIME type checking is enabled. @ https://www.studiokohler.com/js/s7responsiveimage.js:98
[  999842ms] [ERROR] Refused to execute script from 'https://www.studiokohler.com/content/dam/kohler-kds/navigation/aaf54116_rgb.jpeg?req=set,json&id=595995143&handler=s7RIJSONResponse' because its MIME type ('image/jpeg') is not executable, and strict MIME type checking is enabled. @ https://www.studiokohler.com/js/s7responsiveimage.js:98
[  999842ms] [ERROR] Refused to execute script from 'https://www.studiokohler.com/content/dam/kohler-kds/navigation/d2c0043993_rgb.jpg?req=props,json&scl=1&id=-1685132386&handler=s7RIJSONResponse' because its MIME type ('image/jpeg') is not executable, and strict MIME type checking is enabled. @ https://www.studiokohler.com/js/s7responsiveimage.js:98
[  999843ms] [ERROR] Refused to execute script from 'https://www.studiokohler.com/content/dam/kohler-kds/navigation/d2c0043993_rgb.jpg?req=set,json&id=1337697954&handler=s7RIJSONResponse' because its MIME type ('image/jpeg') is not executable, and strict MIME type checking is enabled. @ https://www.studiokohler.com/js/s7responsiveimage.js:98
[  999843ms] [ERROR] Refused to execute script from 'https://www.studiokohler.com/content/dam/kohler-kds/navigation/aaj10834.jpeg?req=props,json&scl=1&id=150453172&handler=s7RIJSONResponse' because its MIME type ('image/jpeg') is not executable, and strict MIME type checking is enabled. @ https://www.studiokohler.com/js/s7responsiveimage.js:98
[  999843ms] [ERROR] Refused to execute script from 'https://www.studiokohler.com/content/dam/kohler-kds/navigation/aaj10834.jpeg?req=set,json&id=-974590792&handler=s7RIJSONResponse' because its MIME type ('image/jpeg') is not executable, and strict MIME type checking is enabled. @ https://www.studiokohler.com/js/s7responsiveimage.js:98
[  999843ms] [ERROR] Refused to execute script from 'https://www.studiokohler.com/content/dam/kohler-kds/larg-image-and-text-block/aaj98359_rgb.jpg?req=props,json&scl=1&id=-892984135&handler=s7RIJSONResponse' because its MIME type ('image/jpeg') is not executable, and strict MIME type checking is enabled. @ https://www.studiokohler.com/js/s7responsiveimage.js:98
[  999843ms] [ERROR] Refused to execute script from 'https://www.studiokohler.com/content/dam/kohler-kds/larg-image-and-text-block/aaj98359_rgb.jpg?req=set,json&id=92220093&handler=s7RIJSONResponse' because its MIME type ('image/jpeg') is not executable, and strict MIME type checking is enabled. @ https://www.studiokohler.com/js/s7responsiveimage.js:98
[  999843ms] [ERROR] Refused to execute script from 'https://www.studiokohler.com/content/dam/kohler-kds/navigation/aai11078.jpeg?req=props,json&scl=1&id=-545430548&handler=s7RIJSONResponse' because its MIME type ('image/jpeg') is not executable, and strict MIME type checking is enabled. @ https://www.studiokohler.com/js/s7responsiveimage.js:98
[  999843ms] [ERROR] Refused to execute script from 'https://www.studiokohler.com/content/dam/kohler-kds/navigation/aai11078.jpeg?req=set,json&id=-1059697424&handler=s7RIJSONResponse' because its MIME type ('image/jpeg') is not executable, and strict MIME type checking is enabled. @ https://www.studiokohler.com/js/s7responsiveimage.js:98
[ 1004438ms] [WARNING] The resource https://www.studiokohler.com/_next/static/chunks/0hqnmwnsg1zbt.css was preloaded using link preload but not used within a few seconds from the window's load event. Please make sure it has an appropriate `as` value and it is preloaded intentionally. @ https://www.studiokohler.com/products/bathroom/showers/shower-doors/707506-l?sku=K-707506-L-SHP:0
[ 1017366ms] [WARNING] The resource https://www.studiokohler.com/_next/static/chunks/0hqnmwnsg1zbt.css was preloaded using link preload but not used within a few seconds from the window's load event. Please make sure it has an appropriate `as` value and it is preloaded intentionally. @ https://www.studiokohler.com/products/bathroom/showers/shower-doors/707506-l?sku=K-707506-L-SHP:0
[  952076ms] [WARNING] The resource https://globalkohler.my.site.com/ESWStudioKohlerMIAWCha1785991579828/webruntime/component/5b8557d8725fba2dbf2e6a4968ec430c/prod/en-US/force/luvioRuntimeWebruntime_cmp was preloaded using link preload but not used within a few seconds from the window's load event. Please make sure it has an appropriate `as` value and it is preloaded intentionally. @ https://globalkohler.my.site.com/ESWStudioKohlerMIAWCha1785991579828/assets/htdocs/sitecontext.min.html?parent_domain=https%3A%2F%2Fwww.studiokohler.com:0
[  952077ms] [WARNING] The resource https://globalkohler.my.site.com/ESWStudioKohlerMIAWCha1785991579828/webruntime/framework/cb2c1a2c50/prod/lwr_app_bootstrap_hook was preloaded using link preload but not used within a few seconds from the window's load event. Please make sure it has an appropriate `as` value and it is preloaded intentionally. @ https://globalkohler.my.site.com/ESWStudioKohlerMIAWCha1785991579828/assets/htdocs/sitecontext.min.html?parent_domain=https%3A%2F%2Fwww.studiokohler.com:0
[  952077ms] [WARNING] The resource https://globalkohler.my.site.com/ESWStudioKohlerMIAWCha1785991579828/webruntime/framework/b73515aaa5/prod/lwr_bootstrap was preloaded using link preload but not used within a few seconds from the window's load event. Please make sure it has an appropriate `as` value and it is preloaded intentionally. @ https://globalkohler.my.site.com/ESWStudioKohlerMIAWCha1785991579828/assets/htdocs/sitecontext.min.html?parent_domain=https%3A%2F%2Fwww.studiokohler.com:0
[  952077ms] [WARNING] The resource https://globalkohler.my.site.com/ESWStudioKohlerMIAWCha1785991579828/assets/styles/salesforce-lightning-design-system.min.css?e298b32610 was preloaded using link preload but not used within a few seconds from the window's load event. Please make sure it has an appropriate `as` value and it is preloaded intentionally. @ https://globalkohler.my.site.com/ESWStudioKohlerMIAWCha1785991579828/assets/htdocs/sitecontext.min.html?parent_domain=https%3A%2F%2Fwww.studiokohler.com:0
[  952077ms] [WARNING] The resource https://globalkohler.my.site.com/ESWStudioKohlerMIAWCha1785991579828/webruntime/view/a13680776f58817c268b3c4382572239/prod/en-US/frame_view was preloaded using link preload but not used within a few seconds from the window's load event. Please make sure it has an appropriate `as` value and it is preloaded intentionally. @ https://globalkohler.my.site.com/ESWStudioKohlerMIAWCha1785991579828/assets/htdocs/sitecontext.min.html?parent_domain=https%3A%2F%2Fwww.studiokohler.com:0
[  952077ms] [WARNING] The resource https://globalkohler.my.site.com/ESWStudioKohlerMIAWCha1785991579828/webruntime/framework/6186554a8e/prod/lwr_app was preloaded using link preload but not used within a few seconds from the window's load event. Please make sure it has an appropriate `as` value and it is preloaded intentionally. @ https://globalkohler.my.site.com/ESWStudioKohlerMIAWCha1785991579828/assets/htdocs/sitecontext.min.html?parent_domain=https%3A%2F%2Fwww.studiokohler.com:0
[  952077ms] [WARNING] The resource https://globalkohler.my.site.com/ESWStudioKohlerMIAWCha1785991579828/assets/styles/embedded-messaging-styling.min.css?e298b32610 was preloaded using link preload but not used within a few seconds from the window's load event. Please make sure it has an appropriate `as` value and it is preloaded intentionally. @ https://globalkohler.my.site.com/ESWStudioKohlerMIAWCha1785991579828/assets/htdocs/sitecontext.min.html?parent_domain=https%3A%2F%2Fwww.studiokohler.com:0
[  952077ms] [WARNING] The resource https://globalkohler.my.site.com/ESWStudioKohlerMIAWCha1785991579828/webruntime/view/3a680bd1b3e3045a99687a2950898fdf/prod/en-US/home_view was preloaded using link preload but not used within a few seconds from the window's load event. Please make sure it has an appropriate `as` value and it is preloaded intentionally. @ https://globalkohler.my.site.com/ESWStudioKohlerMIAWCha1785991579828/assets/htdocs/sitecontext.min.html?parent_domain=https%3A%2F%2Fwww.studiokohler.com:0
[  952077ms] [WARNING] The resource https://globalkohler.my.site.com/ESWStudioKohlerMIAWCha1785991579828/webruntime/framework/6ce0b87300/prod/lwr_loader was preloaded using link preload but not used within a few seconds from the window's load event. Please make sure it has an appropriate `as` value and it is preloaded intentionally. @ https://globalkohler.my.site.com/ESWStudioKohlerMIAWCha1785991579828/assets/htdocs/sitecontext.min.html?parent_domain=https%3A%2F%2Fwww.studiokohler.com:0
[  952077ms] [WARNING] The resource https://globalkohler.my.site.com/ESWStudioKohlerMIAWCha1785991579828/webruntime/component/259a789b5905e4a3e65c0942cc97421d/prod/en-US/force/luvioLwcBindings_cmp was preloaded using link preload but not used within a few seconds from the window's load event. Please make sure it has an appropriate `as` value and it is preloaded intentionally. @ https://globalkohler.my.site.com/ESWStudioKohlerMIAWCha1785991579828/assets/htdocs/sitecontext.min.html?parent_domain=https%3A%2F%2Fwww.studiokohler.com:0
[  952077ms] [WARNING] The resource https://globalkohler.my.site.com/ESWStudioKohlerMIAWCha1785991579828/webruntime/framework/c6f5ab53a7/prod/lwr_lwc was preloaded using link preload but not used within a few seconds from the window's load event. Please make sure it has an appropriate `as` value and it is preloaded intentionally. @ https://globalkohler.my.site.com/ESWStudioKohlerMIAWCha1785991579828/assets/htdocs/sitecontext.min.html?parent_domain=https%3A%2F%2Fwww.studiokohler.com:0
[ 1028115ms] Error: Minified React error #418; visit https://react.dev/errors/418?args[]=HTML&args[]= for the full message or use the non-minified dev environment for full errors and additional helpful warnings.
    at rX (https://www.studiokohler.com/_next/static/chunks/0~7nm1~zg71g0.js:1:46254)
    at iu (https://www.studiokohler.com/_next/static/chunks/0~7nm1~zg71g0.js:1:97295)
    at sd (https://www.studiokohler.com/_next/static/chunks/0~7nm1~zg71g0.js:1:137985)
    at https://www.studiokohler.com/_next/static/chunks/0~7nm1~zg71g0.js:1:137830
    at sf (https://www.studiokohler.com/_next/static/chunks/0~7nm1~zg71g0.js:1:137838)
    at se (https://www.studiokohler.com/_next/static/chunks/0~7nm1~zg71g0.js:1:132978)
    at sW (https://www.studiokohler.com/_next/static/chunks/0~7nm1~zg71g0.js:1:159657)
    at sU (https://www.studiokohler.com/_next/static/chunks/0~7nm1~zg71g0.js:1:157871)
    at sH (https://www.studiokohler.com/_next/static/chunks/0~7nm1~zg71g0.js:1:158215)
    at https://www.studiokohler.com/_next/static/chunks/0~7nm1~zg71g0.js:1:157500
[ 1028115ms] Error: Minified React error #418; visit https://react.dev/errors/418?args[]=HTML&args[]= for the full message or use the non-minified dev environment for full errors and additional helpful warnings.
    at rX (https://www.studiokohler.com/_next/static/chunks/0~7nm1~zg71g0.js:1:46254)
    at iu (https://www.studiokohler.com/_next/static/chunks/0~7nm1~zg71g0.js:1:97295)
    at sd (https://www.studiokohler.com/_next/static/chunks/0~7nm1~zg71g0.js:1:137985)
    at https://www.studiokohler.com/_next/static/chunks/0~7nm1~zg71g0.js:1:137830
    at sf (https://www.studiokohler.com/_next/static/chunks/0~7nm1~zg71g0.js:1:137838)
    at se (https://www.studiokohler.com/_next/static/chunks/0~7nm1~zg71g0.js:1:132978)
    at sW (https://www.studiokohler.com/_next/static/chunks/0~7nm1~zg71g0.js:1:159657)
    at sU (https://www.studiokohler.com/_next/static/chunks/0~7nm1~zg71g0.js:1:157871)
    at sH (https://www.studiokohler.com/_next/static/chunks/0~7nm1~zg71g0.js:1:158215)
    at https://www.studiokohler.com/_next/static/chunks/0~7nm1~zg71g0.js:1:157500
[ 1028115ms] SyntaxError: Failed to execute 'querySelector' on 'Document': 'link[rel="preload"][as="script"][href="\a https://resources.digital-cloud-west.medallia.com/wdcwest/740343/onsite/embed.js\a "]' is not a valid selector.
    at Object.L (https://www.studiokohler.com/_next/static/chunks/0~7nm1~zg71g0.js:1:190038)
    at r.preload (https://www.studiokohler.com/_next/static/chunks/0_5ax_b188xq6.js:1:12765)
    at v (https://www.studiokohler.com/_next/static/chunks/0f1l2no-9vj_c.js:1:6977)
    at ay (https://www.studiokohler.com/_next/static/chunks/0~7nm1~zg71g0.js:1:62886)
    at oJ (https://www.studiokohler.com/_next/static/chunks/0~7nm1~zg71g0.js:1:83143)
    at iu (https://www.studiokohler.com/_next/static/chunks/0~7nm1~zg71g0.js:1:93735)
    at sd (https://www.studiokohler.com/_next/static/chunks/0~7nm1~zg71g0.js:1:137985)
    at https://www.studiokohler.com/_next/static/chunks/0~7nm1~zg71g0.js:1:137830
    at sf (https://www.studiokohler.com/_next/static/chunks/0~7nm1~zg71g0.js:1:137838)
    at se (https://www.studiokohler.com/_next/static/chunks/0~7nm1~zg71g0.js:1:132978)
[ 1028115ms] SyntaxError: Failed to execute 'querySelector' on 'Document': 'link[rel="preload"][as="script"][href="\a https://resources.digital-cloud-west.medallia.com/wdcwest/740343/onsite/embed.js\a "]' is not a valid selector.
    at Object.L (https://www.studiokohler.com/_next/static/chunks/0~7nm1~zg71g0.js:1:190038)
    at r.preload (https://www.studiokohler.com/_next/static/chunks/0_5ax_b188xq6.js:1:12765)
    at v (https://www.studiokohler.com/_next/static/chunks/0f1l2no-9vj_c.js:1:6977)
    at ay (https://www.studiokohler.com/_next/static/chunks/0~7nm1~zg71g0.js:1:62886)
    at oJ (https://www.studiokohler.com/_next/static/chunks/0~7nm1~zg71g0.js:1:83143)
    at iu (https://www.studiokohler.com/_next/static/chunks/0~7nm1~zg71g0.js:1:93735)
    at sd (https://www.studiokohler.com/_next/static/chunks/0~7nm1~zg71g0.js:1:137985)
    at https://www.studiokohler.com/_next/static/chunks/0~7nm1~zg71g0.js:1:137830
    at sf (https://www.studiokohler.com/_next/static/chunks/0~7nm1~zg71g0.js:1:137838)
    at se (https://www.studiokohler.com/_next/static/chunks/0~7nm1~zg71g0.js:1:132978)
[  945917ms] [WARNING] 🚀 container.buildInfo.environment is deprecated.Please use `container.environment.stage` instead @ https://assets.adobedtm.com/846ae6cc52a8/04305b11409a/launch-ENc97853c5e46d4f92bdf0b75e595632cf.min.js:14
[  946269ms] [WARNING] 🚀 _satellite.setCookie is deprecated. Please use _satellite.cookie.set("ecid", "17600893917683730944237762692949821572"). @ https://assets.adobedtm.com/846ae6cc52a8/04305b11409a/launch-ENc97853c5e46d4f92bdf0b75e595632cf.min.js:14
[  946918ms] [LOG] Testing============== @ https://assets.adobedtm.com/846ae6cc52a8/04305b11409a/launch-ENc97853c5e46d4f92bdf0b75e595632cf.min.js:8
[  946918ms] [LOG] 0 @ https://assets.adobedtm.com/846ae6cc52a8/04305b11409a/launch-ENc97853c5e46d4f92bdf0b75e595632cf.min.js:8
[  949171ms] [WARNING] [Meta Pixel] - Duplicate Pixel ID: 117823355284455. @ https://connect.facebook.net/en_US/fbevents.js:203
[  997708ms] [LOG] Triggered at 100% scroll height @ :1
[  948300ms] [ERROR] Refused to execute script from 'https://www.studiokohler.com/content/dam/kohler-kds/navigation/aaf54114_rgb.jpeg?req=props,json&scl=1&id=1599383937&handler=s7RIJSONResponse' because its MIME type ('image/jpeg') is not executable, and strict MIME type checking is enabled. @ https://www.studiokohler.com/js/s7responsiveimage.js:98
[  948301ms] [ERROR] Refused to execute script from 'https://www.studiokohler.com/content/dam/kohler-kds/navigation/aaf54114_rgb.jpeg?req=set,json&id=-1893533819&handler=s7RIJSONResponse' because its MIME type ('image/jpeg') is not executable, and strict MIME type checking is enabled. @ https://www.studiokohler.com/js/s7responsiveimage.js:98
[  948301ms] [ERROR] Refused to execute script from 'https://www.studiokohler.com/content/dam/kohler-kds/navigation/aaf54116_rgb.jpeg?req=props,json&scl=1&id=-1993983485&handler=s7RIJSONResponse' because its MIME type ('image/jpeg') is not executable, and strict MIME type checking is enabled. @ https://www.studiokohler.com/js/s7responsiveimage.js:98
[  948302ms] [ERROR] Refused to execute script from 'https://www.studiokohler.com/content/dam/kohler-kds/navigation/aaf54116_rgb.jpeg?req=set,json&id=595995143&handler=s7RIJSONResponse' because its MIME type ('image/jpeg') is not executable, and strict MIME type checking is enabled. @ https://www.studiokohler.com/js/s7responsiveimage.js:98
[  948302ms] [ERROR] Refused to execute script from 'https://www.studiokohler.com/content/dam/kohler-kds/navigation/d2c0043993_rgb.jpg?req=props,json&scl=1&id=-1685132386&handler=s7RIJSONResponse' because its MIME type ('image/jpeg') is not executable, and strict MIME type checking is enabled. @ https://www.studiokohler.com/js/s7responsiveimage.js:98
[  948303ms] [ERROR] Refused to execute script from 'https://www.studiokohler.com/content/dam/kohler-kds/navigation/d2c0043993_rgb.jpg?req=set,json&id=1337697954&handler=s7RIJSONResponse' because its MIME type ('image/jpeg') is not executable, and strict MIME type checking is enabled. @ https://www.studiokohler.com/js/s7responsiveimage.js:98
[  948303ms] [ERROR] Refused to execute script from 'https://www.studiokohler.com/content/dam/kohler-kds/navigation/aaj10834.jpeg?req=props,json&scl=1&id=150453172&handler=s7RIJSONResponse' because its MIME type ('image/jpeg') is not executable, and strict MIME type checking is enabled. @ https://www.studiokohler.com/js/s7responsiveimage.js:98
[  948303ms] [ERROR] Refused to execute script from 'https://www.studiokohler.com/content/dam/kohler-kds/navigation/aaj10834.jpeg?req=set,json&id=-974590792&handler=s7RIJSONResponse' because its MIME type ('image/jpeg') is not executable, and strict MIME type checking is enabled. @ https://www.studiokohler.com/js/s7responsiveimage.js:98
[  948304ms] [ERROR] Refused to execute script from 'https://www.studiokohler.com/content/dam/kohler-kds/larg-image-and-text-block/aaj98359_rgb.jpg?req=props,json&scl=1&id=-892984135&handler=s7RIJSONResponse' because its MIME type ('image/jpeg') is not executable, and strict MIME type checking is enabled. @ https://www.studiokohler.com/js/s7responsiveimage.js:98
[  948304ms] [ERROR] Refused to execute script from 'https://www.studiokohler.com/content/dam/kohler-kds/larg-image-and-text-block/aaj98359_rgb.jpg?req=set,json&id=92220093&handler=s7RIJSONResponse' because its MIME type ('image/jpeg') is not executable, and strict MIME type checking is enabled. @ https://www.studiokohler.com/js/s7responsiveimage.js:98
[  948304ms] [ERROR] Refused to execute script from 'https://www.studiokohler.com/content/dam/kohler-kds/navigation/aai11078.jpeg?req=props,json&scl=1&id=-545430548&handler=s7RIJSONResponse' because its MIME type ('image/jpeg') is not executable, and strict MIME type checking is enabled. @ https://www.studiokohler.com/js/s7responsiveimage.js:98
[  948305ms] [ERROR] Refused to execute script from 'https://www.studiokohler.com/content/dam/kohler-kds/navigation/aai11078.jpeg?req=set,json&id=-1059697424&handler=s7RIJSONResponse' because its MIME type ('image/jpeg') is not executable, and strict MIME type checking is enabled. @ https://www.studiokohler.com/js/s7responsiveimage.js:98
[  954206ms] [WARNING] The resource https://www.studiokohler.com/_next/static/chunks/0hqnmwnsg1zbt.css was preloaded using link preload but not used within a few seconds from the window's load event. Please make sure it has an appropriate `as` value and it is preloaded intentionally. @ https://www.studiokohler.com/products/bathroom/bathing/26109-la?sku=K-26109-LA-0:0
[  963105ms] [WARNING] The resource https://www.studiokohler.com/_next/static/chunks/0hqnmwnsg1zbt.css was preloaded using link preload but not used within a few seconds from the window's load event. Please make sure it has an appropriate `as` value and it is preloaded intentionally. @ https://www.studiokohler.com/products/bathroom/bathing/26109-la?sku=K-26109-LA-0:0
[  997668ms] [ERROR] Refused to execute script from 'https://www.studiokohler.com/content/dam/kohler-kds/navigation/aaf54114_rgb.jpeg?req=props,json&scl=1&id=1599383937&handler=s7RIJSONResponse' because its MIME type ('image/jpeg') is not executable, and strict MIME type checking is enabled. @ https://www.studiokohler.com/js/s7responsiveimage.js:98
[  997669ms] [ERROR] Refused to execute script from 'https://www.studiokohler.com/content/dam/kohler-kds/navigation/aaf54114_rgb.jpeg?req=set,json&id=-1893533819&handler=s7RIJSONResponse' because its MIME type ('image/jpeg') is not executable, and strict MIME type checking is enabled. @ https://www.studiokohler.com/js/s7responsiveimage.js:98
[  997669ms] [ERROR] Refused to execute script from 'https://www.studiokohler.com/content/dam/kohler-kds/navigation/aaf54116_rgb.jpeg?req=props,json&scl=1&id=-1993983485&handler=s7RIJSONResponse' because its MIME type ('image/jpeg') is not executable, and strict MIME type checking is enabled. @ https://www.studiokohler.com/js/s7responsiveimage.js:98
[  997669ms] [ERROR] Refused to execute script from 'https://www.studiokohler.com/content/dam/kohler-kds/navigation/aaf54116_rgb.jpeg?req=set,json&id=595995143&handler=s7RIJSONResponse' because its MIME type ('image/jpeg') is not executable, and strict MIME type checking is enabled. @ https://www.studiokohler.com/js/s7responsiveimage.js:98
[  997669ms] [ERROR] Refused to execute script from 'https://www.studiokohler.com/content/dam/kohler-kds/navigation/d2c0043993_rgb.jpg?req=props,json&scl=1&id=-1685132386&handler=s7RIJSONResponse' because its MIME type ('image/jpeg') is not executable, and strict MIME type checking is enabled. @ https://www.studiokohler.com/js/s7responsiveimage.js:98
[  997669ms] [ERROR] Refused to execute script from 'https://www.studiokohler.com/content/dam/kohler-kds/navigation/d2c0043993_rgb.jpg?req=set,json&id=1337697954&handler=s7RIJSONResponse' because its MIME type ('image/jpeg') is not executable, and strict MIME type checking is enabled. @ https://www.studiokohler.com/js/s7responsiveimage.js:98
[  997669ms] [ERROR] Refused to execute script from 'https://www.studiokohler.com/content/dam/kohler-kds/navigation/aaj10834.jpeg?req=props,json&scl=1&id=150453172&handler=s7RIJSONResponse' because its MIME type ('image/jpeg') is not executable, and strict MIME type checking is enabled. @ https://www.studiokohler.com/js/s7responsiveimage.js:98
[  997669ms] [ERROR] Refused to execute script from 'https://www.studiokohler.com/content/dam/kohler-kds/navigation/aaj10834.jpeg?req=set,json&id=-974590792&handler=s7RIJSONResponse' because its MIME type ('image/jpeg') is not executable, and strict MIME type checking is enabled. @ https://www.studiokohler.com/js/s7responsiveimage.js:98
[  997669ms] [ERROR] Refused to execute script from 'https://www.studiokohler.com/content/dam/kohler-kds/larg-image-and-text-block/aaj98359_rgb.jpg?req=props,json&scl=1&id=-892984135&handler=s7RIJSONResponse' because its MIME type ('image/jpeg') is not executable, and strict MIME type checking is enabled. @ https://www.studiokohler.com/js/s7responsiveimage.js:98
[  997669ms] [ERROR] Refused to execute script from 'https://www.studiokohler.com/content/dam/kohler-kds/larg-image-and-text-block/aaj98359_rgb.jpg?req=set,json&id=92220093&handler=s7RIJSONResponse' because its MIME type ('image/jpeg') is not executable, and strict MIME type checking is enabled. @ https://www.studiokohler.com/js/s7responsiveimage.js:98
[  997669ms] [ERROR] Refused to execute script from 'https://www.studiokohler.com/content/dam/kohler-kds/navigation/aai11078.jpeg?req=props,json&scl=1&id=-545430548&handler=s7RIJSONResponse' because its MIME type ('image/jpeg') is not executable, and strict MIME type checking is enabled. @ https://www.studiokohler.com/js/s7responsiveimage.js:98
[  997669ms] [ERROR] Refused to execute script from 'https://www.studiokohler.com/content/dam/kohler-kds/navigation/aai11078.jpeg?req=set,json&id=-1059697424&handler=s7RIJSONResponse' because its MIME type ('image/jpeg') is not executable, and strict MIME type checking is enabled. @ https://www.studiokohler.com/js/s7responsiveimage.js:98
[  999842ms] [ERROR] Refused to execute script from 'https://www.studiokohler.com/content/dam/kohler-kds/navigation/aaf54114_rgb.jpeg?req=props,json&scl=1&id=1599383937&handler=s7RIJSONResponse' because its MIME type ('image/jpeg') is not executable, and strict MIME type checking is enabled. @ https://www.studiokohler.com/js/s7responsiveimage.js:98
[  999842ms] [ERROR] Refused to execute script from 'https://www.studiokohler.com/content/dam/kohler-kds/navigation/aaf54114_rgb.jpeg?req=set,json&id=-1893533819&handler=s7RIJSONResponse' because its MIME type ('image/jpeg') is not executable, and strict MIME type checking is enabled. @ https://www.studiokohler.com/js/s7responsiveimage.js:98
[  999842ms] [ERROR] Refused to execute script from 'https://www.studiokohler.com/content/dam/kohler-kds/navigation/aaf54116_rgb.jpeg?req=props,json&scl=1&id=-1993983485&handler=s7RIJSONResponse' because its MIME type ('image/jpeg') is not executable, and strict MIME type checking is enabled. @ https://www.studiokohler.com/js/s7responsiveimage.js:98
[  999842ms] [ERROR] Refused to execute script from 'https://www.studiokohler.com/content/dam/kohler-kds/navigation/aaf54116_rgb.jpeg?req=set,json&id=595995143&handler=s7RIJSONResponse' because its MIME type ('image/jpeg') is not executable, and strict MIME type checking is enabled. @ https://www.studiokohler.com/js/s7responsiveimage.js:98
[  999842ms] [ERROR] Refused to execute script from 'https://www.studiokohler.com/content/dam/kohler-kds/navigation/d2c0043993_rgb.jpg?req=props,json&scl=1&id=-1685132386&handler=s7RIJSONResponse' because its MIME type ('image/jpeg') is not executable, and strict MIME type checking is enabled. @ https://www.studiokohler.com/js/s7responsiveimage.js:98
[  999843ms] [ERROR] Refused to execute script from 'https://www.studiokohler.com/content/dam/kohler-kds/navigation/d2c0043993_rgb.jpg?req=set,json&id=1337697954&handler=s7RIJSONResponse' because its MIME type ('image/jpeg') is not executable, and strict MIME type checking is enabled. @ https://www.studiokohler.com/js/s7responsiveimage.js:98
[  999843ms] [ERROR] Refused to execute script from 'https://www.studiokohler.com/content/dam/kohler-kds/navigation/aaj10834.jpeg?req=props,json&scl=1&id=150453172&handler=s7RIJSONResponse' because its MIME type ('image/jpeg') is not executable, and strict MIME type checking is enabled. @ https://www.studiokohler.com/js/s7responsiveimage.js:98
[  999843ms] [ERROR] Refused to execute script from 'https://www.studiokohler.com/content/dam/kohler-kds/navigation/aaj10834.jpeg?req=set,json&id=-974590792&handler=s7RIJSONResponse' because its MIME type ('image/jpeg') is not executable, and strict MIME type checking is enabled. @ https://www.studiokohler.com/js/s7responsiveimage.js:98
[  999843ms] [ERROR] Refused to execute script from 'https://www.studiokohler.com/content/dam/kohler-kds/larg-image-and-text-block/aaj98359_rgb.jpg?req=props,json&scl=1&id=-892984135&handler=s7RIJSONResponse' because its MIME type ('image/jpeg') is not executable, and strict MIME type checking is enabled. @ https://www.studiokohler.com/js/s7responsiveimage.js:98
[  999843ms] [ERROR] Refused to execute script from 'https://www.studiokohler.com/content/dam/kohler-kds/larg-image-and-text-block/aaj98359_rgb.jpg?req=set,json&id=92220093&handler=s7RIJSONResponse' because its MIME type ('image/jpeg') is not executable, and strict MIME type checking is enabled. @ https://www.studiokohler.com/js/s7responsiveimage.js:98
[  999843ms] [ERROR] Refused to execute script from 'https://www.studiokohler.com/content/dam/kohler-kds/navigation/aai11078.jpeg?req=props,json&scl=1&id=-545430548&handler=s7RIJSONResponse' because its MIME type ('image/jpeg') is not executable, and strict MIME type checking is enabled. @ https://www.studiokohler.com/js/s7responsiveimage.js:98
[  999843ms] [ERROR] Refused to execute script from 'https://www.studiokohler.com/content/dam/kohler-kds/navigation/aai11078.jpeg?req=set,json&id=-1059697424&handler=s7RIJSONResponse' because its MIME type ('image/jpeg') is not executable, and strict MIME type checking is enabled. @ https://www.studiokohler.com/js/s7responsiveimage.js:98
[ 1004438ms] [WARNING] The resource https://www.studiokohler.com/_next/static/chunks/0hqnmwnsg1zbt.css was preloaded using link preload but not used within a few seconds from the window's load event. Please make sure it has an appropriate `as` value and it is preloaded intentionally. @ https://www.studiokohler.com/products/bathroom/showers/shower-doors/707506-l?sku=K-707506-L-SHP:0
[ 1017366ms] [WARNING] The resource https://www.studiokohler.com/_next/static/chunks/0hqnmwnsg1zbt.css was preloaded using link preload but not used within a few seconds from the window's load event. Please make sure it has an appropriate `as` value and it is preloaded intentionally. @ https://www.studiokohler.com/products/bathroom/showers/shower-doors/707506-l?sku=K-707506-L-SHP:0
[ 1029069ms] Error: Minified React error #418; visit https://react.dev/errors/418?args[]=HTML&args[]= for the full message or use the non-minified dev environment for full errors and additional helpful warnings.
    at rX (https://www.studiokohler.com/_next/static/chunks/0~7nm1~zg71g0.js:1:46254)
    at iu (https://www.studiokohler.com/_next/static/chunks/0~7nm1~zg71g0.js:1:97295)
    at sd (https://www.studiokohler.com/_next/static/chunks/0~7nm1~zg71g0.js:1:137985)
    at https://www.studiokohler.com/_next/static/chunks/0~7nm1~zg71g0.js:1:137830
    at sf (https://www.studiokohler.com/_next/static/chunks/0~7nm1~zg71g0.js:1:137838)
    at se (https://www.studiokohler.com/_next/static/chunks/0~7nm1~zg71g0.js:1:132978)
    at sW (https://www.studiokohler.com/_next/static/chunks/0~7nm1~zg71g0.js:1:159657)
    at sU (https://www.studiokohler.com/_next/static/chunks/0~7nm1~zg71g0.js:1:157871)
    at sH (https://www.studiokohler.com/_next/static/chunks/0~7nm1~zg71g0.js:1:158215)
    at https://www.studiokohler.com/_next/static/chunks/0~7nm1~zg71g0.js:1:157500
[ 1029079ms] Error: Minified React error #418; visit https://react.dev/errors/418?args[]=HTML&args[]= for the full message or use the non-minified dev environment for full errors and additional helpful warnings.
    at rX (https://www.studiokohler.com/_next/static/chunks/0~7nm1~zg71g0.js:1:46254)
    at iu (https://www.studiokohler.com/_next/static/chunks/0~7nm1~zg71g0.js:1:97295)
    at sd (https://www.studiokohler.com/_next/static/chunks/0~7nm1~zg71g0.js:1:137985)
    at https://www.studiokohler.com/_next/static/chunks/0~7nm1~zg71g0.js:1:137830
    at sf (https://www.studiokohler.com/_next/static/chunks/0~7nm1~zg71g0.js:1:137838)
    at se (https://www.studiokohler.com/_next/static/chunks/0~7nm1~zg71g0.js:1:132978)
    at sW (https://www.studiokohler.com/_next/static/chunks/0~7nm1~zg71g0.js:1:159657)
    at sU (https://www.studiokohler.com/_next/static/chunks/0~7nm1~zg71g0.js:1:157871)
    at sH (https://www.studiokohler.com/_next/static/chunks/0~7nm1~zg71g0.js:1:158215)
    at https://www.studiokohler.com/_next/static/chunks/0~7nm1~zg71g0.js:1:157500
[ 1029095ms] SyntaxError: Failed to execute 'querySelector' on 'Document': 'link[rel="preload"][as="script"][href="\a https://resources.digital-cloud-west.medallia.com/wdcwest/740343/onsite/embed.js\a "]' is not a valid selector.
    at Object.L (https://www.studiokohler.com/_next/static/chunks/0~7nm1~zg71g0.js:1:190038)
    at r.preload (https://www.studiokohler.com/_next/static/chunks/0_5ax_b188xq6.js:1:12765)
    at v (https://www.studiokohler.com/_next/static/chunks/0f1l2no-9vj_c.js:1:6977)
    at ay (https://www.studiokohler.com/_next/static/chunks/0~7nm1~zg71g0.js:1:62886)
    at oJ (https://www.studiokohler.com/_next/static/chunks/0~7nm1~zg71g0.js:1:83143)
    at iu (https://www.studiokohler.com/_next/static/chunks/0~7nm1~zg71g0.js:1:93735)
    at sd (https://www.studiokohler.com/_next/static/chunks/0~7nm1~zg71g0.js:1:137985)
    at https://www.studiokohler.com/_next/static/chunks/0~7nm1~zg71g0.js:1:137830
    at sf (https://www.studiokohler.com/_next/static/chunks/0~7nm1~zg71g0.js:1:137838)
    at se (https://www.studiokohler.com/_next/static/chunks/0~7nm1~zg71g0.js:1:132978)
[ 1029095ms] SyntaxError: Failed to execute 'querySelector' on 'Document': 'link[rel="preload"][as="script"][href="\a https://resources.digital-cloud-west.medallia.com/wdcwest/740343/onsite/embed.js\a "]' is not a valid selector.
    at Object.L (https://www.studiokohler.com/_next/static/chunks/0~7nm1~zg71g0.js:1:190038)
    at r.preload (https://www.studiokohler.com/_next/static/chunks/0_5ax_b188xq6.js:1:12765)
    at v (https://www.studiokohler.com/_next/static/chunks/0f1l2no-9vj_c.js:1:6977)
    at ay (https://www.studiokohler.com/_next/static/chunks/0~7nm1~zg71g0.js:1:62886)
    at oJ (https://www.studiokohler.com/_next/static/chunks/0~7nm1~zg71g0.js:1:83143)
    at iu (https://www.studiokohler.com/_next/static/chunks/0~7nm1~zg71g0.js:1:93735)
    at sd (https://www.studiokohler.com/_next/static/chunks/0~7nm1~zg71g0.js:1:137985)
    at https://www.studiokohler.com/_next/static/chunks/0~7nm1~zg71g0.js:1:137830
    at sf (https://www.studiokohler.com/_next/static/chunks/0~7nm1~zg71g0.js:1:137838)
    at se (https://www.studiokohler.com/_next/static/chunks/0~7nm1~zg71g0.js:1:132978)
[ 1029838ms] [WARNING] 🚀 container.buildInfo.environment is deprecated.Please use `container.environment.stage` instead @ https://assets.adobedtm.com/846ae6cc52a8/04305b11409a/launch-ENc97853c5e46d4f92bdf0b75e595632cf.min.js:14
[ 1030176ms] [WARNING] 🚀 _satellite.setCookie is deprecated. Please use _satellite.cookie.set("ecid", "17600893917683730944237762692949821572"). @ https://assets.adobedtm.com/846ae6cc52a8/04305b11409a/launch-ENc97853c5e46d4f92bdf0b75e595632cf.min.js:14
[ 1030838ms] [LOG] Testing============== @ https://assets.adobedtm.com/846ae6cc52a8/04305b11409a/launch-ENc97853c5e46d4f92bdf0b75e595632cf.min.js:8
[ 1030838ms] [LOG] 0 @ https://assets.adobedtm.com/846ae6cc52a8/04305b11409a/launch-ENc97853c5e46d4f92bdf0b75e595632cf.min.js:8
[ 1031586ms] [ERROR] Refused to execute script from 'https://www.studiokohler.com/content/dam/kohler-kds/navigation/aaf54114_rgb.jpeg?req=props,json&scl=1&id=1599383937&handler=s7RIJSONResponse' because its MIME type ('image/jpeg') is not executable, and strict MIME type checking is enabled. @ https://www.studiokohler.com/js/s7responsiveimage.js:98
[ 1031587ms] [ERROR] Refused to execute script from 'https://www.studiokohler.com/content/dam/kohler-kds/navigation/aaf54114_rgb.jpeg?req=set,json&id=-1893533819&handler=s7RIJSONResponse' because its MIME type ('image/jpeg') is not executable, and strict MIME type checking is enabled. @ https://www.studiokohler.com/js/s7responsiveimage.js:98
[ 1031587ms] [ERROR] Refused to execute script from 'https://www.studiokohler.com/content/dam/kohler-kds/navigation/aaf54116_rgb.jpeg?req=props,json&scl=1&id=-1993983485&handler=s7RIJSONResponse' because its MIME type ('image/jpeg') is not executable, and strict MIME type checking is enabled. @ https://www.studiokohler.com/js/s7responsiveimage.js:98
[ 1031588ms] [ERROR] Refused to execute script from 'https://www.studiokohler.com/content/dam/kohler-kds/navigation/aaf54116_rgb.jpeg?req=set,json&id=595995143&handler=s7RIJSONResponse' because its MIME type ('image/jpeg') is not executable, and strict MIME type checking is enabled. @ https://www.studiokohler.com/js/s7responsiveimage.js:98
[ 1031588ms] [ERROR] Refused to execute script from 'https://www.studiokohler.com/content/dam/kohler-kds/navigation/d2c0043993_rgb.jpg?req=props,json&scl=1&id=-1685132386&handler=s7RIJSONResponse' because its MIME type ('image/jpeg') is not executable, and strict MIME type checking is enabled. @ https://www.studiokohler.com/js/s7responsiveimage.js:98
[ 1031589ms] [ERROR] Refused to execute script from 'https://www.studiokohler.com/content/dam/kohler-kds/navigation/d2c0043993_rgb.jpg?req=set,json&id=1337697954&handler=s7RIJSONResponse' because its MIME type ('image/jpeg') is not executable, and strict MIME type checking is enabled. @ https://www.studiokohler.com/js/s7responsiveimage.js:98
[ 1031589ms] [ERROR] Refused to execute script from 'https://www.studiokohler.com/content/dam/kohler-kds/navigation/aaj10834.jpeg?req=props,json&scl=1&id=150453172&handler=s7RIJSONResponse' because its MIME type ('image/jpeg') is not executable, and strict MIME type checking is enabled. @ https://www.studiokohler.com/js/s7responsiveimage.js:98
[ 1031590ms] [ERROR] Refused to execute script from 'https://www.studiokohler.com/content/dam/kohler-kds/navigation/aaj10834.jpeg?req=set,json&id=-974590792&handler=s7RIJSONResponse' because its MIME type ('image/jpeg') is not executable, and strict MIME type checking is enabled. @ https://www.studiokohler.com/js/s7responsiveimage.js:98
[ 1031591ms] [ERROR] Refused to execute script from 'https://www.studiokohler.com/content/dam/kohler-kds/larg-image-and-text-block/aaj98359_rgb.jpg?req=props,json&scl=1&id=-892984135&handler=s7RIJSONResponse' because its MIME type ('image/jpeg') is not executable, and strict MIME type checking is enabled. @ https://www.studiokohler.com/js/s7responsiveimage.js:98
[ 1031591ms] [ERROR] Refused to execute script from 'https://www.studiokohler.com/content/dam/kohler-kds/larg-image-and-text-block/aaj98359_rgb.jpg?req=set,json&id=92220093&handler=s7RIJSONResponse' because its MIME type ('image/jpeg') is not executable, and strict MIME type checking is enabled. @ https://www.studiokohler.com/js/s7responsiveimage.js:98
[ 1031591ms] [ERROR] Refused to execute script from 'https://www.studiokohler.com/content/dam/kohler-kds/navigation/aai11078.jpeg?req=props,json&scl=1&id=-545430548&handler=s7RIJSONResponse' because its MIME type ('image/jpeg') is not executable, and strict MIME type checking is enabled. @ https://www.studiokohler.com/js/s7responsiveimage.js:98
[ 1031591ms] [ERROR] Refused to execute script from 'https://www.studiokohler.com/content/dam/kohler-kds/navigation/aai11078.jpeg?req=set,json&id=-1059697424&handler=s7RIJSONResponse' because its MIME type ('image/jpeg') is not executable, and strict MIME type checking is enabled. @ https://www.studiokohler.com/js/s7responsiveimage.js:98
[ 1031648ms] [WARNING] [Meta Pixel] - Duplicate Pixel ID: 117823355284455. @ https://connect.facebook.net/en_US/fbevents.js:203
[ 1035964ms] [WARNING] The resource https://globalkohler.my.site.com/ESWStudioKohlerMIAWCha1785991579828/webruntime/component/5b8557d8725fba2dbf2e6a4968ec430c/prod/en-US/force/luvioRuntimeWebruntime_cmp was preloaded using link preload but not used within a few seconds from the window's load event. Please make sure it has an appropriate `as` value and it is preloaded intentionally. @ https://globalkohler.my.site.com/ESWStudioKohlerMIAWCha1785991579828/assets/htdocs/sitecontext.min.html?parent_domain=https%3A%2F%2Fwww.studiokohler.com:0
[ 1035964ms] [WARNING] The resource https://globalkohler.my.site.com/ESWStudioKohlerMIAWCha1785991579828/webruntime/framework/cb2c1a2c50/prod/lwr_app_bootstrap_hook was preloaded using link preload but not used within a few seconds from the window's load event. Please make sure it has an appropriate `as` value and it is preloaded intentionally. @ https://globalkohler.my.site.com/ESWStudioKohlerMIAWCha1785991579828/assets/htdocs/sitecontext.min.html?parent_domain=https%3A%2F%2Fwww.studiokohler.com:0
[ 1035964ms] [WARNING] The resource https://globalkohler.my.site.com/ESWStudioKohlerMIAWCha1785991579828/webruntime/framework/b73515aaa5/prod/lwr_bootstrap was preloaded using link preload but not used within a few seconds from the window's load event. Please make sure it has an appropriate `as` value and it is preloaded intentionally. @ https://globalkohler.my.site.com/ESWStudioKohlerMIAWCha1785991579828/assets/htdocs/sitecontext.min.html?parent_domain=https%3A%2F%2Fwww.studiokohler.com:0
[ 1035964ms] [WARNING] The resource https://globalkohler.my.site.com/ESWStudioKohlerMIAWCha1785991579828/assets/styles/salesforce-lightning-design-system.min.css?e298b32610 was preloaded using link preload but not used within a few seconds from the window's load event. Please make sure it has an appropriate `as` value and it is preloaded intentionally. @ https://globalkohler.my.site.com/ESWStudioKohlerMIAWCha1785991579828/assets/htdocs/sitecontext.min.html?parent_domain=https%3A%2F%2Fwww.studiokohler.com:0
[ 1035964ms] [WARNING] The resource https://globalkohler.my.site.com/ESWStudioKohlerMIAWCha1785991579828/webruntime/view/a13680776f58817c268b3c4382572239/prod/en-US/frame_view was preloaded using link preload but not used within a few seconds from the window's load event. Please make sure it has an appropriate `as` value and it is preloaded intentionally. @ https://globalkohler.my.site.com/ESWStudioKohlerMIAWCha1785991579828/assets/htdocs/sitecontext.min.html?parent_domain=https%3A%2F%2Fwww.studiokohler.com:0
[ 1035964ms] [WARNING] The resource https://globalkohler.my.site.com/ESWStudioKohlerMIAWCha1785991579828/webruntime/framework/6186554a8e/prod/lwr_app was preloaded using link preload but not used within a few seconds from the window's load event. Please make sure it has an appropriate `as` value and it is preloaded intentionally. @ https://globalkohler.my.site.com/ESWStudioKohlerMIAWCha1785991579828/assets/htdocs/sitecontext.min.html?parent_domain=https%3A%2F%2Fwww.studiokohler.com:0
[ 1035964ms] [WARNING] The resource https://globalkohler.my.site.com/ESWStudioKohlerMIAWCha1785991579828/assets/styles/embedded-messaging-styling.min.css?e298b32610 was preloaded using link preload but not used within a few seconds from the window's load event. Please make sure it has an appropriate `as` value and it is preloaded intentionally. @ https://globalkohler.my.site.com/ESWStudioKohlerMIAWCha1785991579828/assets/htdocs/sitecontext.min.html?parent_domain=https%3A%2F%2Fwww.studiokohler.com:0
[ 1035964ms] [WARNING] The resource https://globalkohler.my.site.com/ESWStudioKohlerMIAWCha1785991579828/webruntime/view/3a680bd1b3e3045a99687a2950898fdf/prod/en-US/home_view was preloaded using link preload but not used within a few seconds from the window's load event. Please make sure it has an appropriate `as` value and it is preloaded intentionally. @ https://globalkohler.my.site.com/ESWStudioKohlerMIAWCha1785991579828/assets/htdocs/sitecontext.min.html?parent_domain=https%3A%2F%2Fwww.studiokohler.com:0
[ 1035964ms] [WARNING] The resource https://globalkohler.my.site.com/ESWStudioKohlerMIAWCha1785991579828/webruntime/framework/6ce0b87300/prod/lwr_loader was preloaded using link preload but not used within a few seconds from the window's load event. Please make sure it has an appropriate `as` value and it is preloaded intentionally. @ https://globalkohler.my.site.com/ESWStudioKohlerMIAWCha1785991579828/assets/htdocs/sitecontext.min.html?parent_domain=https%3A%2F%2Fwww.studiokohler.com:0
[ 1035964ms] [WARNING] The resource https://globalkohler.my.site.com/ESWStudioKohlerMIAWCha1785991579828/webruntime/component/259a789b5905e4a3e65c0942cc97421d/prod/en-US/force/luvioLwcBindings_cmp was preloaded using link preload but not used within a few seconds from the window's load event. Please make sure it has an appropriate `as` value and it is preloaded intentionally. @ https://globalkohler.my.site.com/ESWStudioKohlerMIAWCha1785991579828/assets/htdocs/sitecontext.min.html?parent_domain=https%3A%2F%2Fwww.studiokohler.com:0
[ 1035964ms] [WARNING] The resource https://globalkohler.my.site.com/ESWStudioKohlerMIAWCha1785991579828/webruntime/framework/c6f5ab53a7/prod/lwr_lwc was preloaded using link preload but not used within a few seconds from the window's load event. Please make sure it has an appropriate `as` value and it is preloaded intentionally. @ https://globalkohler.my.site.com/ESWStudioKohlerMIAWCha1785991579828/assets/htdocs/sitecontext.min.html?parent_domain=https%3A%2F%2Fwww.studiokohler.com:0
[ 1036774ms] [WARNING] The resource https://www.studiokohler.com/_next/static/chunks/0hqnmwnsg1zbt.css was preloaded using link preload but not used within a few seconds from the window's load event. Please make sure it has an appropriate `as` value and it is preloaded intentionally. @ https://www.studiokohler.com/products/bathroom/showers/valves-trims/28214?sku=K-28214-CP:0
[ 1045379ms] [WARNING] The resource https://www.studiokohler.com/_next/static/chunks/0hqnmwnsg1zbt.css was preloaded using link preload but not used within a few seconds from the window's load event. Please make sure it has an appropriate `as` value and it is preloaded intentionally. @ https://www.studiokohler.com/products/bathroom/showers/valves-trims/28214?sku=K-28214-CP:0
[ 1053482ms] [WARNING] The resource https://www.studiokohler.com/_next/static/chunks/0hqnmwnsg1zbt.css was preloaded using link preload but not used within a few seconds from the window's load event. Please make sure it has an appropriate `as` value and it is preloaded intentionally. @ https://www.studiokohler.com/products/bathroom/showers/valves-trims/28214?sku=K-28214-CP:0
[ 1067027ms] [WARNING] The resource https://www.studiokohler.com/_next/static/chunks/0hqnmwnsg1zbt.css was preloaded using link preload but not used within a few seconds from the window's load event. Please make sure it has an appropriate `as` value and it is preloaded intentionally. @ https://www.studiokohler.com/products/bathroom/showers/valves-trims/28214?sku=K-28214-CP:0
[ 1089123ms] [WARNING] The resource https://www.studiokohler.com/_next/static/chunks/0hqnmwnsg1zbt.css was preloaded using link preload but not used within a few seconds from the window's load event. Please make sure it has an appropriate `as` value and it is preloaded intentionally. @ https://www.studiokohler.com/products/bathroom/showers/valves-trims/28214?sku=K-28214-CP:0
[ 1095472ms] [WARNING] The resource https://www.studiokohler.com/_next/static/chunks/0hqnmwnsg1zbt.css was preloaded using link preload but not used within a few seconds from the window's load event. Please make sure it has an appropriate `as` value and it is preloaded intentionally. @ https://www.studiokohler.com/products/bathroom/showers/valves-trims/28214?sku=K-28214-CP:0
[ 1099920ms] Error: Minified React error #418; visit https://react.dev/errors/418?args[]=HTML&args[]= for the full message or use the non-minified dev environment for full errors and additional helpful warnings.
    at rX (https://www.studiokohler.com/_next/static/chunks/0~7nm1~zg71g0.js:1:46254)
    at iu (https://www.studiokohler.com/_next/static/chunks/0~7nm1~zg71g0.js:1:97295)
    at sd (https://www.studiokohler.com/_next/static/chunks/0~7nm1~zg71g0.js:1:137985)
    at https://www.studiokohler.com/_next/static/chunks/0~7nm1~zg71g0.js:1:137830
    at sf (https://www.studiokohler.com/_next/static/chunks/0~7nm1~zg71g0.js:1:137838)
    at se (https://www.studiokohler.com/_next/static/chunks/0~7nm1~zg71g0.js:1:132978)
    at sW (https://www.studiokohler.com/_next/static/chunks/0~7nm1~zg71g0.js:1:159657)
    at sU (https://www.studiokohler.com/_next/static/chunks/0~7nm1~zg71g0.js:1:157871)
    at sH (https://www.studiokohler.com/_next/static/chunks/0~7nm1~zg71g0.js:1:158215)
    at https://www.studiokohler.com/_next/static/chunks/0~7nm1~zg71g0.js:1:157500
[ 1099934ms] SyntaxError: Failed to execute 'querySelector' on 'Document': 'link[rel="preload"][as="script"][href="\a https://resources.digital-cloud-west.medallia.com/wdcwest/740343/onsite/embed.js\a "]' is not a valid selector.
    at Object.L (https://www.studiokohler.com/_next/static/chunks/0~7nm1~zg71g0.js:1:190038)
    at r.preload (https://www.studiokohler.com/_next/static/chunks/0_5ax_b188xq6.js:1:12765)
    at v (https://www.studiokohler.com/_next/static/chunks/0f1l2no-9vj_c.js:1:6977)
    at ay (https://www.studiokohler.com/_next/static/chunks/0~7nm1~zg71g0.js:1:62886)
    at oJ (https://www.studiokohler.com/_next/static/chunks/0~7nm1~zg71g0.js:1:83143)
    at iu (https://www.studiokohler.com/_next/static/chunks/0~7nm1~zg71g0.js:1:93735)
    at sd (https://www.studiokohler.com/_next/static/chunks/0~7nm1~zg71g0.js:1:137985)
    at https://www.studiokohler.com/_next/static/chunks/0~7nm1~zg71g0.js:1:137830
    at sf (https://www.studiokohler.com/_next/static/chunks/0~7nm1~zg71g0.js:1:137838)
    at se (https://www.studiokohler.com/_next/static/chunks/0~7nm1~zg71g0.js:1:132978)
[ 1099934ms] SyntaxError: Failed to execute 'querySelector' on 'Document': 'link[rel="preload"][as="script"][href="\a https://resources.digital-cloud-west.medallia.com/wdcwest/740343/onsite/embed.js\a "]' is not a valid selector.
    at Object.L (https://www.studiokohler.com/_next/static/chunks/0~7nm1~zg71g0.js:1:190038)
    at r.preload (https://www.studiokohler.com/_next/static/chunks/0_5ax_b188xq6.js:1:12765)
    at v (https://www.studiokohler.com/_next/static/chunks/0f1l2no-9vj_c.js:1:6977)
    at ay (https://www.studiokohler.com/_next/static/chunks/0~7nm1~zg71g0.js:1:62886)
    at oJ (https://www.studiokohler.com/_next/static/chunks/0~7nm1~zg71g0.js:1:83143)
    at iu (https://www.studiokohler.com/_next/static/chunks/0~7nm1~zg71g0.js:1:93735)
    at sd (https://www.studiokohler.com/_next/static/chunks/0~7nm1~zg71g0.js:1:137985)
    at https://www.studiokohler.com/_next/static/chunks/0~7nm1~zg71g0.js:1:137830
    at sf (https://www.studiokohler.com/_next/static/chunks/0~7nm1~zg71g0.js:1:137838)
    at se (https://www.studiokohler.com/_next/static/chunks/0~7nm1~zg71g0.js:1:132978)
[ 1100029ms] [WARNING] 🚀 container.buildInfo.environment is deprecated.Please use `container.environment.stage` instead @ https://assets.adobedtm.com/846ae6cc52a8/04305b11409a/launch-ENc97853c5e46d4f92bdf0b75e595632cf.min.js:14
[ 1100258ms] [LOG] Triggered at 100% scroll height @ :1
[ 1100258ms] ReferenceError: s is not defined
    at <anonymous>:2:14
    at https://assets.adobedtm.com/846ae6cc52a8/04305b11409a/launch-ENc97853c5e46d4f92bdf0b75e595632cf.min.js:5:19158
    at new Promise (<anonymous>)
    at _satellite.<computed> (https://assets.adobedtm.com/846ae6cc52a8/04305b11409a/launch-ENc97853c5e46d4f92bdf0b75e595632cf.min.js:5:19135)
    at <anonymous>:1:26
    at e._insertCursor (https://assets.adobedtm.com/846ae6cc52a8/04305b11409a/launch-ENc97853c5e46d4f92bdf0b75e595632cf.min.js:5:7042)
    at e._writeScriptToken (https://assets.adobedtm.com/846ae6cc52a8/04305b11409a/launch-ENc97853c5e46d4f92bdf0b75e595632cf.min.js:5:7695)
    at e._handleScriptToken (https://assets.adobedtm.com/846ae6cc52a8/04305b11409a/launch-ENc97853c5e46d4f92bdf0b75e595632cf.min.js:5:6254)
    at e._writeImpl (https://assets.adobedtm.com/846ae6cc52a8/04305b11409a/launch-ENc97853c5e46d4f92bdf0b75e595632cf.min.js:5:4866)
    at e.write (https://assets.adobedtm.com/846ae6cc52a8/04305b11409a/launch-ENc97853c5e46d4f92bdf0b75e595632cf.min.js:5:4429)
[ 1100725ms] [WARNING] 🚀 _satellite.setCookie is deprecated. Please use _satellite.cookie.set("ecid", "17600893917683730944237762692949821572"). @ https://assets.adobedtm.com/846ae6cc52a8/04305b11409a/launch-ENc97853c5e46d4f92bdf0b75e595632cf.min.js:14
[ 1101030ms] [LOG] Testing============== @ https://assets.adobedtm.com/846ae6cc52a8/04305b11409a/launch-ENc97853c5e46d4f92bdf0b75e595632cf.min.js:8
[ 1101030ms] [LOG] 0 @ https://assets.adobedtm.com/846ae6cc52a8/04305b11409a/launch-ENc97853c5e46d4f92bdf0b75e595632cf.min.js:8
[ 1102757ms] [ERROR] Refused to execute script from 'https://www.studiokohler.com/content/dam/kohler-kds/navigation/aaf54114_rgb.jpeg?req=props,json&scl=1&id=1599383937&handler=s7RIJSONResponse' because its MIME type ('image/jpeg') is not executable, and strict MIME type checking is enabled. @ https://www.studiokohler.com/js/s7responsiveimage.js:98
[ 1102758ms] [ERROR] Refused to execute script from 'https://www.studiokohler.com/content/dam/kohler-kds/navigation/aaf54114_rgb.jpeg?req=set,json&id=-1893533819&handler=s7RIJSONResponse' because its MIME type ('image/jpeg') is not executable, and strict MIME type checking is enabled. @ https://www.studiokohler.com/js/s7responsiveimage.js:98
[ 1102758ms] [ERROR] Refused to execute script from 'https://www.studiokohler.com/content/dam/kohler-kds/navigation/aaf54116_rgb.jpeg?req=props,json&scl=1&id=-1993983485&handler=s7RIJSONResponse' because its MIME type ('image/jpeg') is not executable, and strict MIME type checking is enabled. @ https://www.studiokohler.com/js/s7responsiveimage.js:98
[ 1102759ms] [ERROR] Refused to execute script from 'https://www.studiokohler.com/content/dam/kohler-kds/navigation/aaf54116_rgb.jpeg?req=set,json&id=595995143&handler=s7RIJSONResponse' because its MIME type ('image/jpeg') is not executable, and strict MIME type checking is enabled. @ https://www.studiokohler.com/js/s7responsiveimage.js:98
[ 1102759ms] [ERROR] Refused to execute script from 'https://www.studiokohler.com/content/dam/kohler-kds/navigation/d2c0043993_rgb.jpg?req=props,json&scl=1&id=-1685132386&handler=s7RIJSONResponse' because its MIME type ('image/jpeg') is not executable, and strict MIME type checking is enabled. @ https://www.studiokohler.com/js/s7responsiveimage.js:98
[ 1102760ms] [ERROR] Refused to execute script from 'https://www.studiokohler.com/content/dam/kohler-kds/navigation/d2c0043993_rgb.jpg?req=set,json&id=1337697954&handler=s7RIJSONResponse' because its MIME type ('image/jpeg') is not executable, and strict MIME type checking is enabled. @ https://www.studiokohler.com/js/s7responsiveimage.js:98
[ 1102760ms] [ERROR] Refused to execute script from 'https://www.studiokohler.com/content/dam/kohler-kds/navigation/aaj10834.jpeg?req=props,json&scl=1&id=150453172&handler=s7RIJSONResponse' because its MIME type ('image/jpeg') is not executable, and strict MIME type checking is enabled. @ https://www.studiokohler.com/js/s7responsiveimage.js:98
[ 1102760ms] [ERROR] Refused to execute script from 'https://www.studiokohler.com/content/dam/kohler-kds/navigation/aaj10834.jpeg?req=set,json&id=-974590792&handler=s7RIJSONResponse' because its MIME type ('image/jpeg') is not executable, and strict MIME type checking is enabled. @ https://www.studiokohler.com/js/s7responsiveimage.js:98
[ 1102761ms] [ERROR] Refused to execute script from 'https://www.studiokohler.com/content/dam/kohler-kds/larg-image-and-text-block/aaj98359_rgb.jpg?req=props,json&scl=1&id=-892984135&handler=s7RIJSONResponse' because its MIME type ('image/jpeg') is not executable, and strict MIME type checking is enabled. @ https://www.studiokohler.com/js/s7responsiveimage.js:98
[ 1102761ms] [ERROR] Refused to execute script from 'https://www.studiokohler.com/content/dam/kohler-kds/larg-image-and-text-block/aaj98359_rgb.jpg?req=set,json&id=92220093&handler=s7RIJSONResponse' because its MIME type ('image/jpeg') is not executable, and strict MIME type checking is enabled. @ https://www.studiokohler.com/js/s7responsiveimage.js:98
[ 1102762ms] [ERROR] Refused to execute script from 'https://www.studiokohler.com/content/dam/kohler-kds/navigation/aai11078.jpeg?req=props,json&scl=1&id=-545430548&handler=s7RIJSONResponse' because its MIME type ('image/jpeg') is not executable, and strict MIME type checking is enabled. @ https://www.studiokohler.com/js/s7responsiveimage.js:98
[ 1102762ms] [ERROR] Refused to execute script from 'https://www.studiokohler.com/content/dam/kohler-kds/navigation/aai11078.jpeg?req=set,json&id=-1059697424&handler=s7RIJSONResponse' because its MIME type ('image/jpeg') is not executable, and strict MIME type checking is enabled. @ https://www.studiokohler.com/js/s7responsiveimage.js:98
[ 1102804ms] [WARNING] [Meta Pixel] - Duplicate Pixel ID: 117823355284455. @ https://connect.facebook.net/en_US/fbevents.js:203
[ 1106535ms] [WARNING] The resource https://globalkohler.my.site.com/ESWStudioKohlerMIAWCha1785991579828/webruntime/component/5b8557d8725fba2dbf2e6a4968ec430c/prod/en-US/force/luvioRuntimeWebruntime_cmp was preloaded using link preload but not used within a few seconds from the window's load event. Please make sure it has an appropriate `as` value and it is preloaded intentionally. @ https://globalkohler.my.site.com/ESWStudioKohlerMIAWCha1785991579828/assets/htdocs/sitecontext.min.html?parent_domain=https%3A%2F%2Fwww.studiokohler.com:0
[ 1106535ms] [WARNING] The resource https://globalkohler.my.site.com/ESWStudioKohlerMIAWCha1785991579828/webruntime/framework/cb2c1a2c50/prod/lwr_app_bootstrap_hook was preloaded using link preload but not used within a few seconds from the window's load event. Please make sure it has an appropriate `as` value and it is preloaded intentionally. @ https://globalkohler.my.site.com/ESWStudioKohlerMIAWCha1785991579828/assets/htdocs/sitecontext.min.html?parent_domain=https%3A%2F%2Fwww.studiokohler.com:0
[ 1106535ms] [WARNING] The resource https://globalkohler.my.site.com/ESWStudioKohlerMIAWCha1785991579828/webruntime/framework/b73515aaa5/prod/lwr_bootstrap was preloaded using link preload but not used within a few seconds from the window's load event. Please make sure it has an appropriate `as` value and it is preloaded intentionally. @ https://globalkohler.my.site.com/ESWStudioKohlerMIAWCha1785991579828/assets/htdocs/sitecontext.min.html?parent_domain=https%3A%2F%2Fwww.studiokohler.com:0
[ 1106535ms] [WARNING] The resource https://globalkohler.my.site.com/ESWStudioKohlerMIAWCha1785991579828/assets/styles/salesforce-lightning-design-system.min.css?e298b32610 was preloaded using link preload but not used within a few seconds from the window's load event. Please make sure it has an appropriate `as` value and it is preloaded intentionally. @ https://globalkohler.my.site.com/ESWStudioKohlerMIAWCha1785991579828/assets/htdocs/sitecontext.min.html?parent_domain=https%3A%2F%2Fwww.studiokohler.com:0
[ 1106536ms] [WARNING] The resource https://globalkohler.my.site.com/ESWStudioKohlerMIAWCha1785991579828/webruntime/view/a13680776f58817c268b3c4382572239/prod/en-US/frame_view was preloaded using link preload but not used within a few seconds from the window's load event. Please make sure it has an appropriate `as` value and it is preloaded intentionally. @ https://globalkohler.my.site.com/ESWStudioKohlerMIAWCha1785991579828/assets/htdocs/sitecontext.min.html?parent_domain=https%3A%2F%2Fwww.studiokohler.com:0
[ 1106536ms] [WARNING] The resource https://globalkohler.my.site.com/ESWStudioKohlerMIAWCha1785991579828/webruntime/framework/6186554a8e/prod/lwr_app was preloaded using link preload but not used within a few seconds from the window's load event. Please make sure it has an appropriate `as` value and it is preloaded intentionally. @ https://globalkohler.my.site.com/ESWStudioKohlerMIAWCha1785991579828/assets/htdocs/sitecontext.min.html?parent_domain=https%3A%2F%2Fwww.studiokohler.com:0
[ 1106536ms] [WARNING] The resource https://globalkohler.my.site.com/ESWStudioKohlerMIAWCha1785991579828/assets/styles/embedded-messaging-styling.min.css?e298b32610 was preloaded using link preload but not used within a few seconds from the window's load event. Please make sure it has an appropriate `as` value and it is preloaded intentionally. @ https://globalkohler.my.site.com/ESWStudioKohlerMIAWCha1785991579828/assets/htdocs/sitecontext.min.html?parent_domain=https%3A%2F%2Fwww.studiokohler.com:0
[ 1106536ms] [WARNING] The resource https://globalkohler.my.site.com/ESWStudioKohlerMIAWCha1785991579828/webruntime/view/3a680bd1b3e3045a99687a2950898fdf/prod/en-US/home_view was preloaded using link preload but not used within a few seconds from the window's load event. Please make sure it has an appropriate `as` value and it is preloaded intentionally. @ https://globalkohler.my.site.com/ESWStudioKohlerMIAWCha1785991579828/assets/htdocs/sitecontext.min.html?parent_domain=https%3A%2F%2Fwww.studiokohler.com:0
[ 1106536ms] [WARNING] The resource https://globalkohler.my.site.com/ESWStudioKohlerMIAWCha1785991579828/webruntime/framework/6ce0b87300/prod/lwr_loader was preloaded using link preload but not used within a few seconds from the window's load event. Please make sure it has an appropriate `as` value and it is preloaded intentionally. @ https://globalkohler.my.site.com/ESWStudioKohlerMIAWCha1785991579828/assets/htdocs/sitecontext.min.html?parent_domain=https%3A%2F%2Fwww.studiokohler.com:0
[ 1106536ms] [WARNING] The resource https://globalkohler.my.site.com/ESWStudioKohlerMIAWCha1785991579828/webruntime/component/259a789b5905e4a3e65c0942cc97421d/prod/en-US/force/luvioLwcBindings_cmp was preloaded using link preload but not used within a few seconds from the window's load event. Please make sure it has an appropriate `as` value and it is preloaded intentionally. @ https://globalkohler.my.site.com/ESWStudioKohlerMIAWCha1785991579828/assets/htdocs/sitecontext.min.html?parent_domain=https%3A%2F%2Fwww.studiokohler.com:0
[ 1106536ms] [WARNING] The resource https://globalkohler.my.site.com/ESWStudioKohlerMIAWCha1785991579828/webruntime/framework/c6f5ab53a7/prod/lwr_lwc was preloaded using link preload but not used within a few seconds from the window's load event. Please make sure it has an appropriate `as` value and it is preloaded intentionally. @ https://globalkohler.my.site.com/ESWStudioKohlerMIAWCha1785991579828/assets/htdocs/sitecontext.min.html?parent_domain=https%3A%2F%2Fwww.studiokohler.com:0
[ 1107710ms] Error: Minified React error #418; visit https://react.dev/errors/418?args[]=HTML&args[]= for the full message or use the non-minified dev environment for full errors and additional helpful warnings.
    at rX (https://www.studiokohler.com/_next/static/chunks/0~7nm1~zg71g0.js:1:46254)
    at iu (https://www.studiokohler.com/_next/static/chunks/0~7nm1~zg71g0.js:1:97295)
    at sd (https://www.studiokohler.com/_next/static/chunks/0~7nm1~zg71g0.js:1:137985)
    at https://www.studiokohler.com/_next/static/chunks/0~7nm1~zg71g0.js:1:137830
    at sf (https://www.studiokohler.com/_next/static/chunks/0~7nm1~zg71g0.js:1:137838)
    at se (https://www.studiokohler.com/_next/static/chunks/0~7nm1~zg71g0.js:1:132978)
    at sW (https://www.studiokohler.com/_next/static/chunks/0~7nm1~zg71g0.js:1:159657)
    at sU (https://www.studiokohler.com/_next/static/chunks/0~7nm1~zg71g0.js:1:157871)
    at sH (https://www.studiokohler.com/_next/static/chunks/0~7nm1~zg71g0.js:1:158215)
    at https://www.studiokohler.com/_next/static/chunks/0~7nm1~zg71g0.js:1:157500
[ 1107720ms] Error: Minified React error #418; visit https://react.dev/errors/418?args[]=HTML&args[]= for the full message or use the non-minified dev environment for full errors and additional helpful warnings.
    at rX (https://www.studiokohler.com/_next/static/chunks/0~7nm1~zg71g0.js:1:46254)
    at iu (https://www.studiokohler.com/_next/static/chunks/0~7nm1~zg71g0.js:1:97295)
    at sd (https://www.studiokohler.com/_next/static/chunks/0~7nm1~zg71g0.js:1:137985)
    at https://www.studiokohler.com/_next/static/chunks/0~7nm1~zg71g0.js:1:137830
    at sf (https://www.studiokohler.com/_next/static/chunks/0~7nm1~zg71g0.js:1:137838)
    at se (https://www.studiokohler.com/_next/static/chunks/0~7nm1~zg71g0.js:1:132978)
    at sW (https://www.studiokohler.com/_next/static/chunks/0~7nm1~zg71g0.js:1:159657)
    at sU (https://www.studiokohler.com/_next/static/chunks/0~7nm1~zg71g0.js:1:157871)
    at sH (https://www.studiokohler.com/_next/static/chunks/0~7nm1~zg71g0.js:1:158215)
    at https://www.studiokohler.com/_next/static/chunks/0~7nm1~zg71g0.js:1:157500
[ 1107735ms] SyntaxError: Failed to execute 'querySelector' on 'Document': 'link[rel="preload"][as="script"][href="\a https://resources.digital-cloud-west.medallia.com/wdcwest/740343/onsite/embed.js\a "]' is not a valid selector.
    at Object.L (https://www.studiokohler.com/_next/static/chunks/0~7nm1~zg71g0.js:1:190038)
    at r.preload (https://www.studiokohler.com/_next/static/chunks/0_5ax_b188xq6.js:1:12765)
    at v (https://www.studiokohler.com/_next/static/chunks/0f1l2no-9vj_c.js:1:6977)
    at ay (https://www.studiokohler.com/_next/static/chunks/0~7nm1~zg71g0.js:1:62886)
    at oJ (https://www.studiokohler.com/_next/static/chunks/0~7nm1~zg71g0.js:1:83143)
    at iu (https://www.studiokohler.com/_next/static/chunks/0~7nm1~zg71g0.js:1:93735)
    at sd (https://www.studiokohler.com/_next/static/chunks/0~7nm1~zg71g0.js:1:137985)
    at https://www.studiokohler.com/_next/static/chunks/0~7nm1~zg71g0.js:1:137830
    at sf (https://www.studiokohler.com/_next/static/chunks/0~7nm1~zg71g0.js:1:137838)
    at se (https://www.studiokohler.com/_next/static/chunks/0~7nm1~zg71g0.js:1:132978)
[ 1107735ms] SyntaxError: Failed to execute 'querySelector' on 'Document': 'link[rel="preload"][as="script"][href="\a https://resources.digital-cloud-west.medallia.com/wdcwest/740343/onsite/embed.js\a "]' is not a valid selector.
    at Object.L (https://www.studiokohler.com/_next/static/chunks/0~7nm1~zg71g0.js:1:190038)
    at r.preload (https://www.studiokohler.com/_next/static/chunks/0_5ax_b188xq6.js:1:12765)
    at v (https://www.studiokohler.com/_next/static/chunks/0f1l2no-9vj_c.js:1:6977)
    at ay (https://www.studiokohler.com/_next/static/chunks/0~7nm1~zg71g0.js:1:62886)
    at oJ (https://www.studiokohler.com/_next/static/chunks/0~7nm1~zg71g0.js:1:83143)
    at iu (https://www.studiokohler.com/_next/static/chunks/0~7nm1~zg71g0.js:1:93735)
    at sd (https://www.studiokohler.com/_next/static/chunks/0~7nm1~zg71g0.js:1:137985)
    at https://www.studiokohler.com/_next/static/chunks/0~7nm1~zg71g0.js:1:137830
    at sf (https://www.studiokohler.com/_next/static/chunks/0~7nm1~zg71g0.js:1:137838)
    at se (https://www.studiokohler.com/_next/static/chunks/0~7nm1~zg71g0.js:1:132978)
[ 1107798ms] [WARNING] 🚀 container.buildInfo.environment is deprecated.Please use `container.environment.stage` instead @ https://assets.adobedtm.com/846ae6cc52a8/04305b11409a/launch-ENc97853c5e46d4f92bdf0b75e595632cf.min.js:14
[ 1107871ms] [WARNING] [Meta Pixel] - Duplicate Pixel ID: 117823355284455. @ https://connect.facebook.net/en_US/fbevents.js:203
[ 1108080ms] [WARNING] 🚀 _satellite.setCookie is deprecated. Please use _satellite.cookie.set("ecid", "17600893917683730944237762692949821572"). @ https://assets.adobedtm.com/846ae6cc52a8/04305b11409a/launch-ENc97853c5e46d4f92bdf0b75e595632cf.min.js:14
[ 1108801ms] [LOG] Testing============== @ https://assets.adobedtm.com/846ae6cc52a8/04305b11409a/launch-ENc97853c5e46d4f92bdf0b75e595632cf.min.js:8
[ 1108801ms] [LOG] 0 @ https://assets.adobedtm.com/846ae6cc52a8/04305b11409a/launch-ENc97853c5e46d4f92bdf0b75e595632cf.min.js:8
[ 1110689ms] [ERROR] Refused to execute script from 'https://www.studiokohler.com/content/dam/kohler-kds/navigation/aaf54114_rgb.jpeg?req=props,json&scl=1&id=1599383937&handler=s7RIJSONResponse' because its MIME type ('image/jpeg') is not executable, and strict MIME type checking is enabled. @ https://www.studiokohler.com/js/s7responsiveimage.js:98
[ 1110690ms] [ERROR] Refused to execute script from 'https://www.studiokohler.com/content/dam/kohler-kds/navigation/aaf54114_rgb.jpeg?req=set,json&id=-1893533819&handler=s7RIJSONResponse' because its MIME type ('image/jpeg') is not executable, and strict MIME type checking is enabled. @ https://www.studiokohler.com/js/s7responsiveimage.js:98
[ 1110691ms] [ERROR] Refused to execute script from 'https://www.studiokohler.com/content/dam/kohler-kds/navigation/aaf54116_rgb.jpeg?req=props,json&scl=1&id=-1993983485&handler=s7RIJSONResponse' because its MIME type ('image/jpeg') is not executable, and strict MIME type checking is enabled. @ https://www.studiokohler.com/js/s7responsiveimage.js:98
[ 1110692ms] [ERROR] Refused to execute script from 'https://www.studiokohler.com/content/dam/kohler-kds/navigation/aaf54116_rgb.jpeg?req=set,json&id=595995143&handler=s7RIJSONResponse' because its MIME type ('image/jpeg') is not executable, and strict MIME type checking is enabled. @ https://www.studiokohler.com/js/s7responsiveimage.js:98
[ 1110692ms] [ERROR] Refused to execute script from 'https://www.studiokohler.com/content/dam/kohler-kds/navigation/d2c0043993_rgb.jpg?req=props,json&scl=1&id=-1685132386&handler=s7RIJSONResponse' because its MIME type ('image/jpeg') is not executable, and strict MIME type checking is enabled. @ https://www.studiokohler.com/js/s7responsiveimage.js:98
[ 1110693ms] [ERROR] Refused to execute script from 'https://www.studiokohler.com/content/dam/kohler-kds/navigation/d2c0043993_rgb.jpg?req=set,json&id=1337697954&handler=s7RIJSONResponse' because its MIME type ('image/jpeg') is not executable, and strict MIME type checking is enabled. @ https://www.studiokohler.com/js/s7responsiveimage.js:98
[ 1110693ms] [ERROR] Refused to execute script from 'https://www.studiokohler.com/content/dam/kohler-kds/navigation/aaj10834.jpeg?req=props,json&scl=1&id=150453172&handler=s7RIJSONResponse' because its MIME type ('image/jpeg') is not executable, and strict MIME type checking is enabled. @ https://www.studiokohler.com/js/s7responsiveimage.js:98
[ 1110694ms] [ERROR] Refused to execute script from 'https://www.studiokohler.com/content/dam/kohler-kds/navigation/aaj10834.jpeg?req=set,json&id=-974590792&handler=s7RIJSONResponse' because its MIME type ('image/jpeg') is not executable, and strict MIME type checking is enabled. @ https://www.studiokohler.com/js/s7responsiveimage.js:98
[ 1110694ms] [ERROR] Refused to execute script from 'https://www.studiokohler.com/content/dam/kohler-kds/larg-image-and-text-block/aaj98359_rgb.jpg?req=props,json&scl=1&id=-892984135&handler=s7RIJSONResponse' because its MIME type ('image/jpeg') is not executable, and strict MIME type checking is enabled. @ https://www.studiokohler.com/js/s7responsiveimage.js:98
[ 1110695ms] [ERROR] Refused to execute script from 'https://www.studiokohler.com/content/dam/kohler-kds/larg-image-and-text-block/aaj98359_rgb.jpg?req=set,json&id=92220093&handler=s7RIJSONResponse' because its MIME type ('image/jpeg') is not executable, and strict MIME type checking is enabled. @ https://www.studiokohler.com/js/s7responsiveimage.js:98
[ 1110696ms] [ERROR] Refused to execute script from 'https://www.studiokohler.com/content/dam/kohler-kds/navigation/aai11078.jpeg?req=props,json&scl=1&id=-545430548&handler=s7RIJSONResponse' because its MIME type ('image/jpeg') is not executable, and strict MIME type checking is enabled. @ https://www.studiokohler.com/js/s7responsiveimage.js:98
[ 1110696ms] [ERROR] Refused to execute script from 'https://www.studiokohler.com/content/dam/kohler-kds/navigation/aai11078.jpeg?req=set,json&id=-1059697424&handler=s7RIJSONResponse' because its MIME type ('image/jpeg') is not executable, and strict MIME type checking is enabled. @ https://www.studiokohler.com/js/s7responsiveimage.js:98
[ 1111492ms] Error: Minified React error #418; visit https://react.dev/errors/418?args[]=HTML&args[]= for the full message or use the non-minified dev environment for full errors and additional helpful warnings.
    at rX (https://www.studiokohler.com/_next/static/chunks/0~7nm1~zg71g0.js:1:46254)
    at iu (https://www.studiokohler.com/_next/static/chunks/0~7nm1~zg71g0.js:1:97295)
    at sd (https://www.studiokohler.com/_next/static/chunks/0~7nm1~zg71g0.js:1:137985)
    at https://www.studiokohler.com/_next/static/chunks/0~7nm1~zg71g0.js:1:137830
    at sf (https://www.studiokohler.com/_next/static/chunks/0~7nm1~zg71g0.js:1:137838)
    at se (https://www.studiokohler.com/_next/static/chunks/0~7nm1~zg71g0.js:1:132978)
    at sW (https://www.studiokohler.com/_next/static/chunks/0~7nm1~zg71g0.js:1:159657)
    at sU (https://www.studiokohler.com/_next/static/chunks/0~7nm1~zg71g0.js:1:157871)
    at sH (https://www.studiokohler.com/_next/static/chunks/0~7nm1~zg71g0.js:1:158215)
    at https://www.studiokohler.com/_next/static/chunks/0~7nm1~zg71g0.js:1:157500
[ 1111507ms] SyntaxError: Failed to execute 'querySelector' on 'Document': 'link[rel="preload"][as="script"][href="\a https://resources.digital-cloud-west.medallia.com/wdcwest/740343/onsite/embed.js\a "]' is not a valid selector.
    at Object.L (https://www.studiokohler.com/_next/static/chunks/0~7nm1~zg71g0.js:1:190038)
    at r.preload (https://www.studiokohler.com/_next/static/chunks/0_5ax_b188xq6.js:1:12765)
    at v (https://www.studiokohler.com/_next/static/chunks/0f1l2no-9vj_c.js:1:6977)
    at ay (https://www.studiokohler.com/_next/static/chunks/0~7nm1~zg71g0.js:1:62886)
    at oJ (https://www.studiokohler.com/_next/static/chunks/0~7nm1~zg71g0.js:1:83143)
    at iu (https://www.studiokohler.com/_next/static/chunks/0~7nm1~zg71g0.js:1:93735)
    at sd (https://www.studiokohler.com/_next/static/chunks/0~7nm1~zg71g0.js:1:137985)
    at https://www.studiokohler.com/_next/static/chunks/0~7nm1~zg71g0.js:1:137830
    at sf (https://www.studiokohler.com/_next/static/chunks/0~7nm1~zg71g0.js:1:137838)
    at se (https://www.studiokohler.com/_next/static/chunks/0~7nm1~zg71g0.js:1:132978)
[ 1111507ms] SyntaxError: Failed to execute 'querySelector' on 'Document': 'link[rel="preload"][as="script"][href="\a https://resources.digital-cloud-west.medallia.com/wdcwest/740343/onsite/embed.js\a "]' is not a valid selector.
    at Object.L (https://www.studiokohler.com/_next/static/chunks/0~7nm1~zg71g0.js:1:190038)
    at r.preload (https://www.studiokohler.com/_next/static/chunks/0_5ax_b188xq6.js:1:12765)
    at v (https://www.studiokohler.com/_next/static/chunks/0f1l2no-9vj_c.js:1:6977)
    at ay (https://www.studiokohler.com/_next/static/chunks/0~7nm1~zg71g0.js:1:62886)
    at oJ (https://www.studiokohler.com/_next/static/chunks/0~7nm1~zg71g0.js:1:83143)
    at iu (https://www.studiokohler.com/_next/static/chunks/0~7nm1~zg71g0.js:1:93735)
    at sd (https://www.studiokohler.com/_next/static/chunks/0~7nm1~zg71g0.js:1:137985)
    at https://www.studiokohler.com/_next/static/chunks/0~7nm1~zg71g0.js:1:137830
    at sf (https://www.studiokohler.com/_next/static/chunks/0~7nm1~zg71g0.js:1:137838)
    at se (https://www.studiokohler.com/_next/static/chunks/0~7nm1~zg71g0.js:1:132978)
[ 1111694ms] [WARNING] 🚀 container.buildInfo.environment is deprecated.Please use `container.environment.stage` instead @ https://assets.adobedtm.com/846ae6cc52a8/04305b11409a/launch-ENc97853c5e46d4f92bdf0b75e595632cf.min.js:14
[ 1111770ms] [WARNING] [Meta Pixel] - Duplicate Pixel ID: 117823355284455. @ https://connect.facebook.net/en_US/fbevents.js:203
[ 1111925ms] [WARNING] 🚀 _satellite.setCookie is deprecated. Please use _satellite.cookie.set("ecid", "17600893917683730944237762692949821572"). @ https://assets.adobedtm.com/846ae6cc52a8/04305b11409a/launch-ENc97853c5e46d4f92bdf0b75e595632cf.min.js:14
[ 1111934ms] [LOG] Triggered at 100% scroll height @ :1
[ 1112695ms] [LOG] Testing============== @ https://assets.adobedtm.com/846ae6cc52a8/04305b11409a/launch-ENc97853c5e46d4f92bdf0b75e595632cf.min.js:8
[ 1112695ms] [LOG] 0 @ https://assets.adobedtm.com/846ae6cc52a8/04305b11409a/launch-ENc97853c5e46d4f92bdf0b75e595632cf.min.js:8
[ 1114465ms] [ERROR] Refused to execute script from 'https://www.studiokohler.com/content/dam/kohler-kds/navigation/aaf54114_rgb.jpeg?req=props,json&scl=1&id=1599383937&handler=s7RIJSONResponse' because its MIME type ('image/jpeg') is not executable, and strict MIME type checking is enabled. @ https://www.studiokohler.com/js/s7responsiveimage.js:98
[ 1114466ms] [ERROR] Refused to execute script from 'https://www.studiokohler.com/content/dam/kohler-kds/navigation/aaf54114_rgb.jpeg?req=set,json&id=-1893533819&handler=s7RIJSONResponse' because its MIME type ('image/jpeg') is not executable, and strict MIME type checking is enabled. @ https://www.studiokohler.com/js/s7responsiveimage.js:98
[ 1114468ms] [ERROR] Refused to execute script from 'https://www.studiokohler.com/content/dam/kohler-kds/navigation/aaf54116_rgb.jpeg?req=props,json&scl=1&id=-1993983485&handler=s7RIJSONResponse' because its MIME type ('image/jpeg') is not executable, and strict MIME type checking is enabled. @ https://www.studiokohler.com/js/s7responsiveimage.js:98
[ 1114469ms] [ERROR] Refused to execute script from 'https://www.studiokohler.com/content/dam/kohler-kds/navigation/aaf54116_rgb.jpeg?req=set,json&id=595995143&handler=s7RIJSONResponse' because its MIME type ('image/jpeg') is not executable, and strict MIME type checking is enabled. @ https://www.studiokohler.com/js/s7responsiveimage.js:98
[ 1114469ms] [ERROR] Refused to execute script from 'https://www.studiokohler.com/content/dam/kohler-kds/navigation/d2c0043993_rgb.jpg?req=props,json&scl=1&id=-1685132386&handler=s7RIJSONResponse' because its MIME type ('image/jpeg') is not executable, and strict MIME type checking is enabled. @ https://www.studiokohler.com/js/s7responsiveimage.js:98
[ 1114470ms] [ERROR] Refused to execute script from 'https://www.studiokohler.com/content/dam/kohler-kds/navigation/d2c0043993_rgb.jpg?req=set,json&id=1337697954&handler=s7RIJSONResponse' because its MIME type ('image/jpeg') is not executable, and strict MIME type checking is enabled. @ https://www.studiokohler.com/js/s7responsiveimage.js:98
[ 1114470ms] [ERROR] Refused to execute script from 'https://www.studiokohler.com/content/dam/kohler-kds/navigation/aaj10834.jpeg?req=props,json&scl=1&id=150453172&handler=s7RIJSONResponse' because its MIME type ('image/jpeg') is not executable, and strict MIME type checking is enabled. @ https://www.studiokohler.com/js/s7responsiveimage.js:98
[ 1114470ms] [ERROR] Refused to execute script from 'https://www.studiokohler.com/content/dam/kohler-kds/navigation/aaj10834.jpeg?req=set,json&id=-974590792&handler=s7RIJSONResponse' because its MIME type ('image/jpeg') is not executable, and strict MIME type checking is enabled. @ https://www.studiokohler.com/js/s7responsiveimage.js:98
[ 1114471ms] [ERROR] Refused to execute script from 'https://www.studiokohler.com/content/dam/kohler-kds/larg-image-and-text-block/aaj98359_rgb.jpg?req=props,json&scl=1&id=-892984135&handler=s7RIJSONResponse' because its MIME type ('image/jpeg') is not executable, and strict MIME type checking is enabled. @ https://www.studiokohler.com/js/s7responsiveimage.js:98
[ 1114471ms] [ERROR] Refused to execute script from 'https://www.studiokohler.com/content/dam/kohler-kds/larg-image-and-text-block/aaj98359_rgb.jpg?req=set,json&id=92220093&handler=s7RIJSONResponse' because its MIME type ('image/jpeg') is not executable, and strict MIME type checking is enabled. @ https://www.studiokohler.com/js/s7responsiveimage.js:98
[ 1114472ms] [ERROR] Refused to execute script from 'https://www.studiokohler.com/content/dam/kohler-kds/navigation/aai11078.jpeg?req=props,json&scl=1&id=-545430548&handler=s7RIJSONResponse' because its MIME type ('image/jpeg') is not executable, and strict MIME type checking is enabled. @ https://www.studiokohler.com/js/s7responsiveimage.js:98
[ 1114472ms] [ERROR] Refused to execute script from 'https://www.studiokohler.com/content/dam/kohler-kds/navigation/aai11078.jpeg?req=set,json&id=-1059697424&handler=s7RIJSONResponse' because its MIME type ('image/jpeg') is not executable, and strict MIME type checking is enabled. @ https://www.studiokohler.com/js/s7responsiveimage.js:98
[ 1115985ms] [WARNING] The resource https://globalkohler.my.site.com/ESWStudioKohlerMIAWCha1785991579828/webruntime/component/5b8557d8725fba2dbf2e6a4968ec430c/prod/en-US/force/luvioRuntimeWebruntime_cmp was preloaded using link preload but not used within a few seconds from the window's load event. Please make sure it has an appropriate `as` value and it is preloaded intentionally. @ https://globalkohler.my.site.com/ESWStudioKohlerMIAWCha1785991579828/assets/htdocs/sitecontext.min.html?parent_domain=https%3A%2F%2Fwww.studiokohler.com:0
[ 1115985ms] [WARNING] The resource https://globalkohler.my.site.com/ESWStudioKohlerMIAWCha1785991579828/webruntime/framework/cb2c1a2c50/prod/lwr_app_bootstrap_hook was preloaded using link preload but not used within a few seconds from the window's load event. Please make sure it has an appropriate `as` value and it is preloaded intentionally. @ https://globalkohler.my.site.com/ESWStudioKohlerMIAWCha1785991579828/assets/htdocs/sitecontext.min.html?parent_domain=https%3A%2F%2Fwww.studiokohler.com:0
[ 1115985ms] [WARNING] The resource https://globalkohler.my.site.com/ESWStudioKohlerMIAWCha1785991579828/webruntime/framework/b73515aaa5/prod/lwr_bootstrap was preloaded using link preload but not used within a few seconds from the window's load event. Please make sure it has an appropriate `as` value and it is preloaded intentionally. @ https://globalkohler.my.site.com/ESWStudioKohlerMIAWCha1785991579828/assets/htdocs/sitecontext.min.html?parent_domain=https%3A%2F%2Fwww.studiokohler.com:0
[ 1115985ms] [WARNING] The resource https://globalkohler.my.site.com/ESWStudioKohlerMIAWCha1785991579828/assets/styles/salesforce-lightning-design-system.min.css?e298b32610 was preloaded using link preload but not used within a few seconds from the window's load event. Please make sure it has an appropriate `as` value and it is preloaded intentionally. @ https://globalkohler.my.site.com/ESWStudioKohlerMIAWCha1785991579828/assets/htdocs/sitecontext.min.html?parent_domain=https%3A%2F%2Fwww.studiokohler.com:0
[ 1115985ms] [WARNING] The resource https://globalkohler.my.site.com/ESWStudioKohlerMIAWCha1785991579828/webruntime/view/a13680776f58817c268b3c4382572239/prod/en-US/frame_view was preloaded using link preload but not used within a few seconds from the window's load event. Please make sure it has an appropriate `as` value and it is preloaded intentionally. @ https://globalkohler.my.site.com/ESWStudioKohlerMIAWCha1785991579828/assets/htdocs/sitecontext.min.html?parent_domain=https%3A%2F%2Fwww.studiokohler.com:0
[ 1115985ms] [WARNING] The resource https://globalkohler.my.site.com/ESWStudioKohlerMIAWCha1785991579828/webruntime/framework/6186554a8e/prod/lwr_app was preloaded using link preload but not used within a few seconds from the window's load event. Please make sure it has an appropriate `as` value and it is preloaded intentionally. @ https://globalkohler.my.site.com/ESWStudioKohlerMIAWCha1785991579828/assets/htdocs/sitecontext.min.html?parent_domain=https%3A%2F%2Fwww.studiokohler.com:0
[ 1115985ms] [WARNING] The resource https://globalkohler.my.site.com/ESWStudioKohlerMIAWCha1785991579828/assets/styles/embedded-messaging-styling.min.css?e298b32610 was preloaded using link preload but not used within a few seconds from the window's load event. Please make sure it has an appropriate `as` value and it is preloaded intentionally. @ https://globalkohler.my.site.com/ESWStudioKohlerMIAWCha1785991579828/assets/htdocs/sitecontext.min.html?parent_domain=https%3A%2F%2Fwww.studiokohler.com:0
[ 1115985ms] [WARNING] The resource https://globalkohler.my.site.com/ESWStudioKohlerMIAWCha1785991579828/webruntime/view/3a680bd1b3e3045a99687a2950898fdf/prod/en-US/home_view was preloaded using link preload but not used within a few seconds from the window's load event. Please make sure it has an appropriate `as` value and it is preloaded intentionally. @ https://globalkohler.my.site.com/ESWStudioKohlerMIAWCha1785991579828/assets/htdocs/sitecontext.min.html?parent_domain=https%3A%2F%2Fwww.studiokohler.com:0
[ 1115985ms] [WARNING] The resource https://globalkohler.my.site.com/ESWStudioKohlerMIAWCha1785991579828/webruntime/framework/6ce0b87300/prod/lwr_loader was preloaded using link preload but not used within a few seconds from the window's load event. Please make sure it has an appropriate `as` value and it is preloaded intentionally. @ https://globalkohler.my.site.com/ESWStudioKohlerMIAWCha1785991579828/assets/htdocs/sitecontext.min.html?parent_domain=https%3A%2F%2Fwww.studiokohler.com:0
[ 1115985ms] [WARNING] The resource https://globalkohler.my.site.com/ESWStudioKohlerMIAWCha1785991579828/webruntime/component/259a789b5905e4a3e65c0942cc97421d/prod/en-US/force/luvioLwcBindings_cmp was preloaded using link preload but not used within a few seconds from the window's load event. Please make sure it has an appropriate `as` value and it is preloaded intentionally. @ https://globalkohler.my.site.com/ESWStudioKohlerMIAWCha1785991579828/assets/htdocs/sitecontext.min.html?parent_domain=https%3A%2F%2Fwww.studiokohler.com:0
[ 1115985ms] [WARNING] The resource https://globalkohler.my.site.com/ESWStudioKohlerMIAWCha1785991579828/webruntime/framework/c6f5ab53a7/prod/lwr_lwc was preloaded using link preload but not used within a few seconds from the window's load event. Please make sure it has an appropriate `as` value and it is preloaded intentionally. @ https://globalkohler.my.site.com/ESWStudioKohlerMIAWCha1785991579828/assets/htdocs/sitecontext.min.html?parent_domain=https%3A%2F%2Fwww.studiokohler.com:0
[ 1117474ms] [WARNING] The resource https://www.studiokohler.com/_next/static/chunks/0hqnmwnsg1zbt.css was preloaded using link preload but not used within a few seconds from the window's load event. Please make sure it has an appropriate `as` value and it is preloaded intentionally. @ https://www.studiokohler.com/products/bathroom/showers/shower-fittings/76337?sku=K-76337-CP:0
[ 1121100ms] [WARNING] The resource https://www.studiokohler.com/_next/static/chunks/0hqnmwnsg1zbt.css was preloaded using link preload but not used within a few seconds from the window's load event. Please make sure it has an appropriate `as` value and it is preloaded intentionally. @ https://www.studiokohler.com/products/bathroom/showers/shower-fittings/76337?sku=K-76337-CP:0
[ 1125289ms] [WARNING] The resource https://www.studiokohler.com/_next/static/chunks/0hqnmwnsg1zbt.css was preloaded using link preload but not used within a few seconds from the window's load event. Please make sure it has an appropriate `as` value and it is preloaded intentionally. @ https://www.studiokohler.com/products/bathroom/showers/shower-fittings/76337?sku=K-76337-CP:0
[ 1133019ms] [ERROR] Refused to execute script from 'https://www.studiokohler.com/content/dam/kohler-kds/navigation/aaf54114_rgb.jpeg?req=props,json&scl=1&id=1599383937&handler=s7RIJSONResponse' because its MIME type ('image/jpeg') is not executable, and strict MIME type checking is enabled. @ https://www.studiokohler.com/js/s7responsiveimage.js:98
[ 1133019ms] [ERROR] Refused to execute script from 'https://www.studiokohler.com/content/dam/kohler-kds/navigation/aaf54114_rgb.jpeg?req=set,json&id=-1893533819&handler=s7RIJSONResponse' because its MIME type ('image/jpeg') is not executable, and strict MIME type checking is enabled. @ https://www.studiokohler.com/js/s7responsiveimage.js:98
[ 1133019ms] [ERROR] Refused to execute script from 'https://www.studiokohler.com/content/dam/kohler-kds/navigation/aaf54116_rgb.jpeg?req=props,json&scl=1&id=-1993983485&handler=s7RIJSONResponse' because its MIME type ('image/jpeg') is not executable, and strict MIME type checking is enabled. @ https://www.studiokohler.com/js/s7responsiveimage.js:98
[ 1133019ms] [ERROR] Refused to execute script from 'https://www.studiokohler.com/content/dam/kohler-kds/navigation/aaf54116_rgb.jpeg?req=set,json&id=595995143&handler=s7RIJSONResponse' because its MIME type ('image/jpeg') is not executable, and strict MIME type checking is enabled. @ https://www.studiokohler.com/js/s7responsiveimage.js:98
[ 1133019ms] [ERROR] Refused to execute script from 'https://www.studiokohler.com/content/dam/kohler-kds/navigation/d2c0043993_rgb.jpg?req=props,json&scl=1&id=-1685132386&handler=s7RIJSONResponse' because its MIME type ('image/jpeg') is not executable, and strict MIME type checking is enabled. @ https://www.studiokohler.com/js/s7responsiveimage.js:98
[ 1133019ms] [ERROR] Refused to execute script from 'https://www.studiokohler.com/content/dam/kohler-kds/navigation/d2c0043993_rgb.jpg?req=set,json&id=1337697954&handler=s7RIJSONResponse' because its MIME type ('image/jpeg') is not executable, and strict MIME type checking is enabled. @ https://www.studiokohler.com/js/s7responsiveimage.js:98
[ 1133019ms] [ERROR] Refused to execute script from 'https://www.studiokohler.com/content/dam/kohler-kds/navigation/aaj10834.jpeg?req=props,json&scl=1&id=150453172&handler=s7RIJSONResponse' because its MIME type ('image/jpeg') is not executable, and strict MIME type checking is enabled. @ https://www.studiokohler.com/js/s7responsiveimage.js:98
[ 1133019ms] [ERROR] Refused to execute script from 'https://www.studiokohler.com/content/dam/kohler-kds/navigation/aaj10834.jpeg?req=set,json&id=-974590792&handler=s7RIJSONResponse' because its MIME type ('image/jpeg') is not executable, and strict MIME type checking is enabled. @ https://www.studiokohler.com/js/s7responsiveimage.js:98
[ 1133019ms] [ERROR] Refused to execute script from 'https://www.studiokohler.com/content/dam/kohler-kds/larg-image-and-text-block/aaj98359_rgb.jpg?req=props,json&scl=1&id=-892984135&handler=s7RIJSONResponse' because its MIME type ('image/jpeg') is not executable, and strict MIME type checking is enabled. @ https://www.studiokohler.com/js/s7responsiveimage.js:98
[ 1133020ms] [ERROR] Refused to execute script from 'https://www.studiokohler.com/content/dam/kohler-kds/larg-image-and-text-block/aaj98359_rgb.jpg?req=set,json&id=92220093&handler=s7RIJSONResponse' because its MIME type ('image/jpeg') is not executable, and strict MIME type checking is enabled. @ https://www.studiokohler.com/js/s7responsiveimage.js:98
[ 1133020ms] [ERROR] Refused to execute script from 'https://www.studiokohler.com/content/dam/kohler-kds/navigation/aai11078.jpeg?req=props,json&scl=1&id=-545430548&handler=s7RIJSONResponse' because its MIME type ('image/jpeg') is not executable, and strict MIME type checking is enabled. @ https://www.studiokohler.com/js/s7responsiveimage.js:98
[ 1133020ms] [ERROR] Refused to execute script from 'https://www.studiokohler.com/content/dam/kohler-kds/navigation/aai11078.jpeg?req=set,json&id=-1059697424&handler=s7RIJSONResponse' because its MIME type ('image/jpeg') is not executable, and strict MIME type checking is enabled. @ https://www.studiokohler.com/js/s7responsiveimage.js:98
[ 1136503ms] [LOG] Event Name pdp link click @ https://assets.adobedtm.com/846ae6cc52a8/04305b11409a/launch-ENc97853c5e46d4f92bdf0b75e595632cf.min.js:9
[ 1137177ms] Error: Minified React error #418; visit https://react.dev/errors/418?args[]=HTML&args[]= for the full message or use the non-minified dev environment for full errors and additional helpful warnings.
    at rX (https://www.studiokohler.com/_next/static/chunks/0~7nm1~zg71g0.js:1:46254)
    at iu (https://www.studiokohler.com/_next/static/chunks/0~7nm1~zg71g0.js:1:97295)
    at sd (https://www.studiokohler.com/_next/static/chunks/0~7nm1~zg71g0.js:1:137985)
    at https://www.studiokohler.com/_next/static/chunks/0~7nm1~zg71g0.js:1:137830
    at sf (https://www.studiokohler.com/_next/static/chunks/0~7nm1~zg71g0.js:1:137838)
    at se (https://www.studiokohler.com/_next/static/chunks/0~7nm1~zg71g0.js:1:132978)
    at sW (https://www.studiokohler.com/_next/static/chunks/0~7nm1~zg71g0.js:1:159657)
    at sU (https://www.studiokohler.com/_next/static/chunks/0~7nm1~zg71g0.js:1:157871)
    at sH (https://www.studiokohler.com/_next/static/chunks/0~7nm1~zg71g0.js:1:158215)
    at https://www.studiokohler.com/_next/static/chunks/0~7nm1~zg71g0.js:1:157500
[ 1137186ms] SyntaxError: Failed to execute 'querySelector' on 'Document': 'link[rel="preload"][as="script"][href="\a https://resources.digital-cloud-west.medallia.com/wdcwest/740343/onsite/embed.js\a "]' is not a valid selector.
    at Object.L (https://www.studiokohler.com/_next/static/chunks/0~7nm1~zg71g0.js:1:190038)
    at r.preload (https://www.studiokohler.com/_next/static/chunks/0_5ax_b188xq6.js:1:12765)
    at v (https://www.studiokohler.com/_next/static/chunks/0f1l2no-9vj_c.js:1:6977)
    at ay (https://www.studiokohler.com/_next/static/chunks/0~7nm1~zg71g0.js:1:62886)
    at oJ (https://www.studiokohler.com/_next/static/chunks/0~7nm1~zg71g0.js:1:83143)
    at iu (https://www.studiokohler.com/_next/static/chunks/0~7nm1~zg71g0.js:1:93735)
    at sd (https://www.studiokohler.com/_next/static/chunks/0~7nm1~zg71g0.js:1:137985)
    at https://www.studiokohler.com/_next/static/chunks/0~7nm1~zg71g0.js:1:137830
    at sf (https://www.studiokohler.com/_next/static/chunks/0~7nm1~zg71g0.js:1:137838)
    at se (https://www.studiokohler.com/_next/static/chunks/0~7nm1~zg71g0.js:1:132978)
[ 1137186ms] SyntaxError: Failed to execute 'querySelector' on 'Document': 'link[rel="preload"][as="script"][href="\a https://resources.digital-cloud-west.medallia.com/wdcwest/740343/onsite/embed.js\a "]' is not a valid selector.
    at Object.L (https://www.studiokohler.com/_next/static/chunks/0~7nm1~zg71g0.js:1:190038)
    at r.preload (https://www.studiokohler.com/_next/static/chunks/0_5ax_b188xq6.js:1:12765)
    at v (https://www.studiokohler.com/_next/static/chunks/0f1l2no-9vj_c.js:1:6977)
    at ay (https://www.studiokohler.com/_next/static/chunks/0~7nm1~zg71g0.js:1:62886)
    at oJ (https://www.studiokohler.com/_next/static/chunks/0~7nm1~zg71g0.js:1:83143)
    at iu (https://www.studiokohler.com/_next/static/chunks/0~7nm1~zg71g0.js:1:93735)
    at sd (https://www.studiokohler.com/_next/static/chunks/0~7nm1~zg71g0.js:1:137985)
    at https://www.studiokohler.com/_next/static/chunks/0~7nm1~zg71g0.js:1:137830
    at sf (https://www.studiokohler.com/_next/static/chunks/0~7nm1~zg71g0.js:1:137838)
    at se (https://www.studiokohler.com/_next/static/chunks/0~7nm1~zg71g0.js:1:132978)
[ 1137340ms] [WARNING] 🚀 container.buildInfo.environment is deprecated.Please use `container.environment.stage` instead @ https://assets.adobedtm.com/846ae6cc52a8/04305b11409a/launch-ENc97853c5e46d4f92bdf0b75e595632cf.min.js:14
[ 1137415ms] [WARNING] [Meta Pixel] - Duplicate Pixel ID: 117823355284455. @ https://connect.facebook.net/en_US/fbevents.js:203
[ 1137633ms] [WARNING] 🚀 _satellite.setCookie is deprecated. Please use _satellite.cookie.set("ecid", "17600893917683730944237762692949821572"). @ https://assets.adobedtm.com/846ae6cc52a8/04305b11409a/launch-ENc97853c5e46d4f92bdf0b75e595632cf.min.js:14
[ 1138341ms] [LOG] Testing============== @ https://assets.adobedtm.com/846ae6cc52a8/04305b11409a/launch-ENc97853c5e46d4f92bdf0b75e595632cf.min.js:8
[ 1138341ms] [LOG] 0 @ https://assets.adobedtm.com/846ae6cc52a8/04305b11409a/launch-ENc97853c5e46d4f92bdf0b75e595632cf.min.js:8
[ 1140159ms] [ERROR] Refused to execute script from 'https://www.studiokohler.com/content/dam/kohler-kds/navigation/aaf54114_rgb.jpeg?req=props,json&scl=1&id=1599383937&handler=s7RIJSONResponse' because its MIME type ('image/jpeg') is not executable, and strict MIME type checking is enabled. @ https://www.studiokohler.com/js/s7responsiveimage.js:98
[ 1140159ms] [ERROR] Refused to execute script from 'https://www.studiokohler.com/content/dam/kohler-kds/navigation/aaf54114_rgb.jpeg?req=set,json&id=-1893533819&handler=s7RIJSONResponse' because its MIME type ('image/jpeg') is not executable, and strict MIME type checking is enabled. @ https://www.studiokohler.com/js/s7responsiveimage.js:98
[ 1140160ms] [ERROR] Refused to execute script from 'https://www.studiokohler.com/content/dam/kohler-kds/navigation/aaf54116_rgb.jpeg?req=props,json&scl=1&id=-1993983485&handler=s7RIJSONResponse' because its MIME type ('image/jpeg') is not executable, and strict MIME type checking is enabled. @ https://www.studiokohler.com/js/s7responsiveimage.js:98
[ 1140160ms] [ERROR] Refused to execute script from 'https://www.studiokohler.com/content/dam/kohler-kds/navigation/aaf54116_rgb.jpeg?req=set,json&id=595995143&handler=s7RIJSONResponse' because its MIME type ('image/jpeg') is not executable, and strict MIME type checking is enabled. @ https://www.studiokohler.com/js/s7responsiveimage.js:98
[ 1140160ms] [ERROR] Refused to execute script from 'https://www.studiokohler.com/content/dam/kohler-kds/navigation/d2c0043993_rgb.jpg?req=props,json&scl=1&id=-1685132386&handler=s7RIJSONResponse' because its MIME type ('image/jpeg') is not executable, and strict MIME type checking is enabled. @ https://www.studiokohler.com/js/s7responsiveimage.js:98
[ 1140161ms] [ERROR] Refused to execute script from 'https://www.studiokohler.com/content/dam/kohler-kds/navigation/d2c0043993_rgb.jpg?req=set,json&id=1337697954&handler=s7RIJSONResponse' because its MIME type ('image/jpeg') is not executable, and strict MIME type checking is enabled. @ https://www.studiokohler.com/js/s7responsiveimage.js:98
[ 1140161ms] [ERROR] Refused to execute script from 'https://www.studiokohler.com/content/dam/kohler-kds/navigation/aaj10834.jpeg?req=props,json&scl=1&id=150453172&handler=s7RIJSONResponse' because its MIME type ('image/jpeg') is not executable, and strict MIME type checking is enabled. @ https://www.studiokohler.com/js/s7responsiveimage.js:98
[ 1140161ms] [ERROR] Refused to execute script from 'https://www.studiokohler.com/content/dam/kohler-kds/navigation/aaj10834.jpeg?req=set,json&id=-974590792&handler=s7RIJSONResponse' because its MIME type ('image/jpeg') is not executable, and strict MIME type checking is enabled. @ https://www.studiokohler.com/js/s7responsiveimage.js:98
[ 1140161ms] [ERROR] Refused to execute script from 'https://www.studiokohler.com/content/dam/kohler-kds/larg-image-and-text-block/aaj98359_rgb.jpg?req=props,json&scl=1&id=-892984135&handler=s7RIJSONResponse' because its MIME type ('image/jpeg') is not executable, and strict MIME type checking is enabled. @ https://www.studiokohler.com/js/s7responsiveimage.js:98
[ 1140161ms] [ERROR] Refused to execute script from 'https://www.studiokohler.com/content/dam/kohler-kds/larg-image-and-text-block/aaj98359_rgb.jpg?req=set,json&id=92220093&handler=s7RIJSONResponse' because its MIME type ('image/jpeg') is not executable, and strict MIME type checking is enabled. @ https://www.studiokohler.com/js/s7responsiveimage.js:98
[ 1140161ms] [ERROR] Refused to execute script from 'https://www.studiokohler.com/content/dam/kohler-kds/navigation/aai11078.jpeg?req=props,json&scl=1&id=-545430548&handler=s7RIJSONResponse' because its MIME type ('image/jpeg') is not executable, and strict MIME type checking is enabled. @ https://www.studiokohler.com/js/s7responsiveimage.js:98
[ 1140162ms] [ERROR] Refused to execute script from 'https://www.studiokohler.com/content/dam/kohler-kds/navigation/aai11078.jpeg?req=set,json&id=-1059697424&handler=s7RIJSONResponse' because its MIME type ('image/jpeg') is not executable, and strict MIME type checking is enabled. @ https://www.studiokohler.com/js/s7responsiveimage.js:98
[ 1140646ms] SyntaxError: Failed to execute 'querySelector' on 'Document': 'link[rel="preload"][as="script"][href="\a https://resources.digital-cloud-west.medallia.com/wdcwest/740343/onsite/embed.js\a "]' is not a valid selector.
    at Object.L (https://www.studiokohler.com/_next/static/chunks/0~7nm1~zg71g0.js:1:190038)
    at r.preload (https://www.studiokohler.com/_next/static/chunks/0_5ax_b188xq6.js:1:12765)
    at v (https://www.studiokohler.com/_next/static/chunks/0f1l2no-9vj_c.js:1:6977)
    at ay (https://www.studiokohler.com/_next/static/chunks/0~7nm1~zg71g0.js:1:62886)
    at oJ (https://www.studiokohler.com/_next/static/chunks/0~7nm1~zg71g0.js:1:83143)
    at iu (https://www.studiokohler.com/_next/static/chunks/0~7nm1~zg71g0.js:1:93735)
    at sd (https://www.studiokohler.com/_next/static/chunks/0~7nm1~zg71g0.js:1:137985)
    at https://www.studiokohler.com/_next/static/chunks/0~7nm1~zg71g0.js:1:137830
    at sf (https://www.studiokohler.com/_next/static/chunks/0~7nm1~zg71g0.js:1:137838)
    at se (https://www.studiokohler.com/_next/static/chunks/0~7nm1~zg71g0.js:1:132978)
[ 1140646ms] SyntaxError: Failed to execute 'querySelector' on 'Document': 'link[rel="preload"][as="script"][href="\a https://resources.digital-cloud-west.medallia.com/wdcwest/740343/onsite/embed.js\a "]' is not a valid selector.
    at Object.L (https://www.studiokohler.com/_next/static/chunks/0~7nm1~zg71g0.js:1:190038)
    at r.preload (https://www.studiokohler.com/_next/static/chunks/0_5ax_b188xq6.js:1:12765)
    at v (https://www.studiokohler.com/_next/static/chunks/0f1l2no-9vj_c.js:1:6977)
    at ay (https://www.studiokohler.com/_next/static/chunks/0~7nm1~zg71g0.js:1:62886)
    at oJ (https://www.studiokohler.com/_next/static/chunks/0~7nm1~zg71g0.js:1:83143)
    at iu (https://www.studiokohler.com/_next/static/chunks/0~7nm1~zg71g0.js:1:93735)
    at sd (https://www.studiokohler.com/_next/static/chunks/0~7nm1~zg71g0.js:1:137985)
    at https://www.studiokohler.com/_next/static/chunks/0~7nm1~zg71g0.js:1:137830
    at sf (https://www.studiokohler.com/_next/static/chunks/0~7nm1~zg71g0.js:1:137838)
    at se (https://www.studiokohler.com/_next/static/chunks/0~7nm1~zg71g0.js:1:132978)
[ 1140680ms] [WARNING] 🚀 container.buildInfo.environment is deprecated.Please use `container.environment.stage` instead @ https://assets.adobedtm.com/846ae6cc52a8/04305b11409a/launch-ENc97853c5e46d4f92bdf0b75e595632cf.min.js:14
[ 1140999ms] [WARNING] 🚀 _satellite.setCookie is deprecated. Please use _satellite.cookie.set("ecid", "17600893917683730944237762692949821572"). @ https://assets.adobedtm.com/846ae6cc52a8/04305b11409a/launch-ENc97853c5e46d4f92bdf0b75e595632cf.min.js:14
[ 1141425ms] [ERROR] Refused to execute script from 'https://www.studiokohler.com/content/dam/kohler-kds/navigation/aaf54114_rgb.jpeg?req=props,json&scl=1&id=1599383937&handler=s7RIJSONResponse' because its MIME type ('image/jpeg') is not executable, and strict MIME type checking is enabled. @ https://www.studiokohler.com/js/s7responsiveimage.js:98
[ 1141425ms] [ERROR] Refused to execute script from 'https://www.studiokohler.com/content/dam/kohler-kds/navigation/aaf54114_rgb.jpeg?req=set,json&id=-1893533819&handler=s7RIJSONResponse' because its MIME type ('image/jpeg') is not executable, and strict MIME type checking is enabled. @ https://www.studiokohler.com/js/s7responsiveimage.js:98
[ 1141425ms] [ERROR] Refused to execute script from 'https://www.studiokohler.com/content/dam/kohler-kds/navigation/aaf54116_rgb.jpeg?req=props,json&scl=1&id=-1993983485&handler=s7RIJSONResponse' because its MIME type ('image/jpeg') is not executable, and strict MIME type checking is enabled. @ https://www.studiokohler.com/js/s7responsiveimage.js:98
[ 1141426ms] [ERROR] Refused to execute script from 'https://www.studiokohler.com/content/dam/kohler-kds/navigation/aaf54116_rgb.jpeg?req=set,json&id=595995143&handler=s7RIJSONResponse' because its MIME type ('image/jpeg') is not executable, and strict MIME type checking is enabled. @ https://www.studiokohler.com/js/s7responsiveimage.js:98
[ 1141426ms] [ERROR] Refused to execute script from 'https://www.studiokohler.com/content/dam/kohler-kds/navigation/d2c0043993_rgb.jpg?req=props,json&scl=1&id=-1685132386&handler=s7RIJSONResponse' because its MIME type ('image/jpeg') is not executable, and strict MIME type checking is enabled. @ https://www.studiokohler.com/js/s7responsiveimage.js:98
[ 1141426ms] [ERROR] Refused to execute script from 'https://www.studiokohler.com/content/dam/kohler-kds/navigation/d2c0043993_rgb.jpg?req=set,json&id=1337697954&handler=s7RIJSONResponse' because its MIME type ('image/jpeg') is not executable, and strict MIME type checking is enabled. @ https://www.studiokohler.com/js/s7responsiveimage.js:98
[ 1141426ms] [ERROR] Refused to execute script from 'https://www.studiokohler.com/content/dam/kohler-kds/navigation/aaj10834.jpeg?req=props,json&scl=1&id=150453172&handler=s7RIJSONResponse' because its MIME type ('image/jpeg') is not executable, and strict MIME type checking is enabled. @ https://www.studiokohler.com/js/s7responsiveimage.js:98
[ 1141426ms] [ERROR] Refused to execute script from 'https://www.studiokohler.com/content/dam/kohler-kds/navigation/aaj10834.jpeg?req=set,json&id=-974590792&handler=s7RIJSONResponse' because its MIME type ('image/jpeg') is not executable, and strict MIME type checking is enabled. @ https://www.studiokohler.com/js/s7responsiveimage.js:98
[ 1141426ms] [ERROR] Refused to execute script from 'https://www.studiokohler.com/content/dam/kohler-kds/larg-image-and-text-block/aaj98359_rgb.jpg?req=props,json&scl=1&id=-892984135&handler=s7RIJSONResponse' because its MIME type ('image/jpeg') is not executable, and strict MIME type checking is enabled. @ https://www.studiokohler.com/js/s7responsiveimage.js:98
[ 1141426ms] [ERROR] Refused to execute script from 'https://www.studiokohler.com/content/dam/kohler-kds/larg-image-and-text-block/aaj98359_rgb.jpg?req=set,json&id=92220093&handler=s7RIJSONResponse' because its MIME type ('image/jpeg') is not executable, and strict MIME type checking is enabled. @ https://www.studiokohler.com/js/s7responsiveimage.js:98
[ 1141427ms] [ERROR] Refused to execute script from 'https://www.studiokohler.com/content/dam/kohler-kds/navigation/aai11078.jpeg?req=props,json&scl=1&id=-545430548&handler=s7RIJSONResponse' because its MIME type ('image/jpeg') is not executable, and strict MIME type checking is enabled. @ https://www.studiokohler.com/js/s7responsiveimage.js:98
[ 1141427ms] [ERROR] Refused to execute script from 'https://www.studiokohler.com/content/dam/kohler-kds/navigation/aai11078.jpeg?req=set,json&id=-1059697424&handler=s7RIJSONResponse' because its MIME type ('image/jpeg') is not executable, and strict MIME type checking is enabled. @ https://www.studiokohler.com/js/s7responsiveimage.js:98
[ 1141464ms] [WARNING] [Meta Pixel] - Duplicate Pixel ID: 117823355284455. @ https://connect.facebook.net/en_US/fbevents.js:203
[ 1141682ms] [LOG] Testing============== @ https://assets.adobedtm.com/846ae6cc52a8/04305b11409a/launch-ENc97853c5e46d4f92bdf0b75e595632cf.min.js:8
[ 1141682ms] [LOG] 0 @ https://assets.adobedtm.com/846ae6cc52a8/04305b11409a/launch-ENc97853c5e46d4f92bdf0b75e595632cf.min.js:8
[ 1144722ms] [WARNING] The resource https://globalkohler.my.site.com/ESWStudioKohlerMIAWCha1785991579828/webruntime/component/5b8557d8725fba2dbf2e6a4968ec430c/prod/en-US/force/luvioRuntimeWebruntime_cmp was preloaded using link preload but not used within a few seconds from the window's load event. Please make sure it has an appropriate `as` value and it is preloaded intentionally. @ https://globalkohler.my.site.com/ESWStudioKohlerMIAWCha1785991579828/assets/htdocs/sitecontext.min.html?parent_domain=https%3A%2F%2Fwww.studiokohler.com:0
[ 1144722ms] [WARNING] The resource https://globalkohler.my.site.com/ESWStudioKohlerMIAWCha1785991579828/webruntime/framework/cb2c1a2c50/prod/lwr_app_bootstrap_hook was preloaded using link preload but not used within a few seconds from the window's load event. Please make sure it has an appropriate `as` value and it is preloaded intentionally. @ https://globalkohler.my.site.com/ESWStudioKohlerMIAWCha1785991579828/assets/htdocs/sitecontext.min.html?parent_domain=https%3A%2F%2Fwww.studiokohler.com:0
[ 1144722ms] [WARNING] The resource https://globalkohler.my.site.com/ESWStudioKohlerMIAWCha1785991579828/webruntime/framework/b73515aaa5/prod/lwr_bootstrap was preloaded using link preload but not used within a few seconds from the window's load event. Please make sure it has an appropriate `as` value and it is preloaded intentionally. @ https://globalkohler.my.site.com/ESWStudioKohlerMIAWCha1785991579828/assets/htdocs/sitecontext.min.html?parent_domain=https%3A%2F%2Fwww.studiokohler.com:0
[ 1144722ms] [WARNING] The resource https://globalkohler.my.site.com/ESWStudioKohlerMIAWCha1785991579828/assets/styles/salesforce-lightning-design-system.min.css?e298b32610 was preloaded using link preload but not used within a few seconds from the window's load event. Please make sure it has an appropriate `as` value and it is preloaded intentionally. @ https://globalkohler.my.site.com/ESWStudioKohlerMIAWCha1785991579828/assets/htdocs/sitecontext.min.html?parent_domain=https%3A%2F%2Fwww.studiokohler.com:0
[ 1144722ms] [WARNING] The resource https://globalkohler.my.site.com/ESWStudioKohlerMIAWCha1785991579828/webruntime/view/a13680776f58817c268b3c4382572239/prod/en-US/frame_view was preloaded using link preload but not used within a few seconds from the window's load event. Please make sure it has an appropriate `as` value and it is preloaded intentionally. @ https://globalkohler.my.site.com/ESWStudioKohlerMIAWCha1785991579828/assets/htdocs/sitecontext.min.html?parent_domain=https%3A%2F%2Fwww.studiokohler.com:0
[ 1144722ms] [WARNING] The resource https://globalkohler.my.site.com/ESWStudioKohlerMIAWCha1785991579828/webruntime/framework/6186554a8e/prod/lwr_app was preloaded using link preload but not used within a few seconds from the window's load event. Please make sure it has an appropriate `as` value and it is preloaded intentionally. @ https://globalkohler.my.site.com/ESWStudioKohlerMIAWCha1785991579828/assets/htdocs/sitecontext.min.html?parent_domain=https%3A%2F%2Fwww.studiokohler.com:0
[ 1144722ms] [WARNING] The resource https://globalkohler.my.site.com/ESWStudioKohlerMIAWCha1785991579828/assets/styles/embedded-messaging-styling.min.css?e298b32610 was preloaded using link preload but not used within a few seconds from the window's load event. Please make sure it has an appropriate `as` value and it is preloaded intentionally. @ https://globalkohler.my.site.com/ESWStudioKohlerMIAWCha1785991579828/assets/htdocs/sitecontext.min.html?parent_domain=https%3A%2F%2Fwww.studiokohler.com:0
[ 1144722ms] [WARNING] The resource https://globalkohler.my.site.com/ESWStudioKohlerMIAWCha1785991579828/webruntime/view/3a680bd1b3e3045a99687a2950898fdf/prod/en-US/home_view was preloaded using link preload but not used within a few seconds from the window's load event. Please make sure it has an appropriate `as` value and it is preloaded intentionally. @ https://globalkohler.my.site.com/ESWStudioKohlerMIAWCha1785991579828/assets/htdocs/sitecontext.min.html?parent_domain=https%3A%2F%2Fwww.studiokohler.com:0
[ 1144722ms] [WARNING] The resource https://globalkohler.my.site.com/ESWStudioKohlerMIAWCha1785991579828/webruntime/framework/6ce0b87300/prod/lwr_loader was preloaded using link preload but not used within a few seconds from the window's load event. Please make sure it has an appropriate `as` value and it is preloaded intentionally. @ https://globalkohler.my.site.com/ESWStudioKohlerMIAWCha1785991579828/assets/htdocs/sitecontext.min.html?parent_domain=https%3A%2F%2Fwww.studiokohler.com:0
[ 1144722ms] [WARNING] The resource https://globalkohler.my.site.com/ESWStudioKohlerMIAWCha1785991579828/webruntime/component/259a789b5905e4a3e65c0942cc97421d/prod/en-US/force/luvioLwcBindings_cmp was preloaded using link preload but not used within a few seconds from the window's load event. Please make sure it has an appropriate `as` value and it is preloaded intentionally. @ https://globalkohler.my.site.com/ESWStudioKohlerMIAWCha1785991579828/assets/htdocs/sitecontext.min.html?parent_domain=https%3A%2F%2Fwww.studiokohler.com:0
[ 1144722ms] [WARNING] The resource https://globalkohler.my.site.com/ESWStudioKohlerMIAWCha1785991579828/webruntime/framework/c6f5ab53a7/prod/lwr_lwc was preloaded using link preload but not used within a few seconds from the window's load event. Please make sure it has an appropriate `as` value and it is preloaded intentionally. @ https://globalkohler.my.site.com/ESWStudioKohlerMIAWCha1785991579828/assets/htdocs/sitecontext.min.html?parent_domain=https%3A%2F%2Fwww.studiokohler.com:0
[ 1146597ms] [WARNING] The resource https://www.studiokohler.com/_next/static/chunks/0hqnmwnsg1zbt.css was preloaded using link preload but not used within a few seconds from the window's load event. Please make sure it has an appropriate `as` value and it is preloaded intentionally. @ https://www.studiokohler.com/products/bathroom/showers/shower-fittings/76337?sku=K-76337-CP:0
[ 1154958ms] [WARNING] The resource https://www.studiokohler.com/_next/static/chunks/0hqnmwnsg1zbt.css was preloaded using link preload but not used within a few seconds from the window's load event. Please make sure it has an appropriate `as` value and it is preloaded intentionally. @ https://www.studiokohler.com/products/bathroom/showers/shower-fittings/76337?sku=K-76337-CP:0
[ 1155099ms] [LOG] Triggered at 100% scroll height @ :1
[ 1158756ms] [WARNING] The resource https://www.studiokohler.com/_next/static/chunks/0hqnmwnsg1zbt.css was preloaded using link preload but not used within a few seconds from the window's load event. Please make sure it has an appropriate `as` value and it is preloaded intentionally. @ https://www.studiokohler.com/products/bathroom/showers/shower-fittings/76337?sku=K-76337-CP:0
[ 1184037ms] Error: Minified React error #418; visit https://react.dev/errors/418?args[]=HTML&args[]= for the full message or use the non-minified dev environment for full errors and additional helpful warnings.
    at rX (https://www.studiokohler.com/_next/static/chunks/0~7nm1~zg71g0.js:1:46254)
    at iu (https://www.studiokohler.com/_next/static/chunks/0~7nm1~zg71g0.js:1:97295)
    at sd (https://www.studiokohler.com/_next/static/chunks/0~7nm1~zg71g0.js:1:137985)
    at https://www.studiokohler.com/_next/static/chunks/0~7nm1~zg71g0.js:1:137830
    at sf (https://www.studiokohler.com/_next/static/chunks/0~7nm1~zg71g0.js:1:137838)
    at se (https://www.studiokohler.com/_next/static/chunks/0~7nm1~zg71g0.js:1:132978)
    at sW (https://www.studiokohler.com/_next/static/chunks/0~7nm1~zg71g0.js:1:159657)
    at sU (https://www.studiokohler.com/_next/static/chunks/0~7nm1~zg71g0.js:1:157871)
    at sH (https://www.studiokohler.com/_next/static/chunks/0~7nm1~zg71g0.js:1:158215)
    at https://www.studiokohler.com/_next/static/chunks/0~7nm1~zg71g0.js:1:157500
[ 1184051ms] SyntaxError: Failed to execute 'querySelector' on 'Document': 'link[rel="preload"][as="script"][href="\a https://resources.digital-cloud-west.medallia.com/wdcwest/740343/onsite/embed.js\a "]' is not a valid selector.
    at Object.L (https://www.studiokohler.com/_next/static/chunks/0~7nm1~zg71g0.js:1:190038)
    at r.preload (https://www.studiokohler.com/_next/static/chunks/0_5ax_b188xq6.js:1:12765)
    at v (https://www.studiokohler.com/_next/static/chunks/0f1l2no-9vj_c.js:1:6977)
    at ay (https://www.studiokohler.com/_next/static/chunks/0~7nm1~zg71g0.js:1:62886)
    at oJ (https://www.studiokohler.com/_next/static/chunks/0~7nm1~zg71g0.js:1:83143)
    at iu (https://www.studiokohler.com/_next/static/chunks/0~7nm1~zg71g0.js:1:93735)
    at sd (https://www.studiokohler.com/_next/static/chunks/0~7nm1~zg71g0.js:1:137985)
    at https://www.studiokohler.com/_next/static/chunks/0~7nm1~zg71g0.js:1:137830
    at sf (https://www.studiokohler.com/_next/static/chunks/0~7nm1~zg71g0.js:1:137838)
    at se (https://www.studiokohler.com/_next/static/chunks/0~7nm1~zg71g0.js:1:132978)
[ 1184051ms] SyntaxError: Failed to execute 'querySelector' on 'Document': 'link[rel="preload"][as="script"][href="\a https://resources.digital-cloud-west.medallia.com/wdcwest/740343/onsite/embed.js\a "]' is not a valid selector.
    at Object.L (https://www.studiokohler.com/_next/static/chunks/0~7nm1~zg71g0.js:1:190038)
    at r.preload (https://www.studiokohler.com/_next/static/chunks/0_5ax_b188xq6.js:1:12765)
    at v (https://www.studiokohler.com/_next/static/chunks/0f1l2no-9vj_c.js:1:6977)
    at ay (https://www.studiokohler.com/_next/static/chunks/0~7nm1~zg71g0.js:1:62886)
    at oJ (https://www.studiokohler.com/_next/static/chunks/0~7nm1~zg71g0.js:1:83143)
    at iu (https://www.studiokohler.com/_next/static/chunks/0~7nm1~zg71g0.js:1:93735)
    at sd (https://www.studiokohler.com/_next/static/chunks/0~7nm1~zg71g0.js:1:137985)
    at https://www.studiokohler.com/_next/static/chunks/0~7nm1~zg71g0.js:1:137830
    at sf (https://www.studiokohler.com/_next/static/chunks/0~7nm1~zg71g0.js:1:137838)
    at se (https://www.studiokohler.com/_next/static/chunks/0~7nm1~zg71g0.js:1:132978)
[ 1184460ms] [WARNING] 🚀 container.buildInfo.environment is deprecated.Please use `container.environment.stage` instead @ https://assets.adobedtm.com/846ae6cc52a8/04305b11409a/launch-ENc97853c5e46d4f92bdf0b75e595632cf.min.js:14
[ 1185212ms] [WARNING] 🚀 _satellite.setCookie is deprecated. Please use _satellite.cookie.set("ecid", "17600893917683730944237762692949821572"). @ https://assets.adobedtm.com/846ae6cc52a8/04305b11409a/launch-ENc97853c5e46d4f92bdf0b75e595632cf.min.js:14
[ 1185461ms] [LOG] Testing============== @ https://assets.adobedtm.com/846ae6cc52a8/04305b11409a/launch-ENc97853c5e46d4f92bdf0b75e595632cf.min.js:8
[ 1185461ms] [LOG] 0 @ https://assets.adobedtm.com/846ae6cc52a8/04305b11409a/launch-ENc97853c5e46d4f92bdf0b75e595632cf.min.js:8
[ 1185962ms] [ERROR] Refused to execute script from 'https://www.studiokohler.com/content/dam/kohler-kds/navigation/aaf54114_rgb.jpeg?req=props,json&scl=1&id=1599383937&handler=s7RIJSONResponse' because its MIME type ('image/jpeg') is not executable, and strict MIME type checking is enabled. @ https://www.studiokohler.com/js/s7responsiveimage.js:98
[ 1185962ms] [ERROR] Refused to execute script from 'https://www.studiokohler.com/content/dam/kohler-kds/navigation/aaf54114_rgb.jpeg?req=set,json&id=-1893533819&handler=s7RIJSONResponse' because its MIME type ('image/jpeg') is not executable, and strict MIME type checking is enabled. @ https://www.studiokohler.com/js/s7responsiveimage.js:98
[ 1185962ms] [ERROR] Refused to execute script from 'https://www.studiokohler.com/content/dam/kohler-kds/navigation/aaf54116_rgb.jpeg?req=props,json&scl=1&id=-1993983485&handler=s7RIJSONResponse' because its MIME type ('image/jpeg') is not executable, and strict MIME type checking is enabled. @ https://www.studiokohler.com/js/s7responsiveimage.js:98
[ 1185963ms] [ERROR] Refused to execute script from 'https://www.studiokohler.com/content/dam/kohler-kds/navigation/aaf54116_rgb.jpeg?req=set,json&id=595995143&handler=s7RIJSONResponse' because its MIME type ('image/jpeg') is not executable, and strict MIME type checking is enabled. @ https://www.studiokohler.com/js/s7responsiveimage.js:98
[ 1185963ms] [ERROR] Refused to execute script from 'https://www.studiokohler.com/content/dam/kohler-kds/navigation/d2c0043993_rgb.jpg?req=props,json&scl=1&id=-1685132386&handler=s7RIJSONResponse' because its MIME type ('image/jpeg') is not executable, and strict MIME type checking is enabled. @ https://www.studiokohler.com/js/s7responsiveimage.js:98
[ 1185963ms] [ERROR] Refused to execute script from 'https://www.studiokohler.com/content/dam/kohler-kds/navigation/d2c0043993_rgb.jpg?req=set,json&id=1337697954&handler=s7RIJSONResponse' because its MIME type ('image/jpeg') is not executable, and strict MIME type checking is enabled. @ https://www.studiokohler.com/js/s7responsiveimage.js:98
[ 1185963ms] [ERROR] Refused to execute script from 'https://www.studiokohler.com/content/dam/kohler-kds/navigation/aaj10834.jpeg?req=props,json&scl=1&id=150453172&handler=s7RIJSONResponse' because its MIME type ('image/jpeg') is not executable, and strict MIME type checking is enabled. @ https://www.studiokohler.com/js/s7responsiveimage.js:98
[ 1185963ms] [ERROR] Refused to execute script from 'https://www.studiokohler.com/content/dam/kohler-kds/navigation/aaj10834.jpeg?req=set,json&id=-974590792&handler=s7RIJSONResponse' because its MIME type ('image/jpeg') is not executable, and strict MIME type checking is enabled. @ https://www.studiokohler.com/js/s7responsiveimage.js:98
[ 1185963ms] [ERROR] Refused to execute script from 'https://www.studiokohler.com/content/dam/kohler-kds/larg-image-and-text-block/aaj98359_rgb.jpg?req=props,json&scl=1&id=-892984135&handler=s7RIJSONResponse' because its MIME type ('image/jpeg') is not executable, and strict MIME type checking is enabled. @ https://www.studiokohler.com/js/s7responsiveimage.js:98
[ 1185963ms] [ERROR] Refused to execute script from 'https://www.studiokohler.com/content/dam/kohler-kds/larg-image-and-text-block/aaj98359_rgb.jpg?req=set,json&id=92220093&handler=s7RIJSONResponse' because its MIME type ('image/jpeg') is not executable, and strict MIME type checking is enabled. @ https://www.studiokohler.com/js/s7responsiveimage.js:98
[ 1185964ms] [ERROR] Refused to execute script from 'https://www.studiokohler.com/content/dam/kohler-kds/navigation/aai11078.jpeg?req=props,json&scl=1&id=-545430548&handler=s7RIJSONResponse' because its MIME type ('image/jpeg') is not executable, and strict MIME type checking is enabled. @ https://www.studiokohler.com/js/s7responsiveimage.js:98
[ 1185964ms] [ERROR] Refused to execute script from 'https://www.studiokohler.com/content/dam/kohler-kds/navigation/aai11078.jpeg?req=set,json&id=-1059697424&handler=s7RIJSONResponse' because its MIME type ('image/jpeg') is not executable, and strict MIME type checking is enabled. @ https://www.studiokohler.com/js/s7responsiveimage.js:98
[ 1186003ms] [WARNING] [Meta Pixel] - Duplicate Pixel ID: 117823355284455. @ https://connect.facebook.net/en_US/fbevents.js:203
[ 1189059ms] [WARNING] The resource https://globalkohler.my.site.com/ESWStudioKohlerMIAWCha1785991579828/webruntime/component/5b8557d8725fba2dbf2e6a4968ec430c/prod/en-US/force/luvioRuntimeWebruntime_cmp was preloaded using link preload but not used within a few seconds from the window's load event. Please make sure it has an appropriate `as` value and it is preloaded intentionally. @ https://globalkohler.my.site.com/ESWStudioKohlerMIAWCha1785991579828/assets/htdocs/sitecontext.min.html?parent_domain=https%3A%2F%2Fwww.studiokohler.com:0
[ 1189059ms] [WARNING] The resource https://globalkohler.my.site.com/ESWStudioKohlerMIAWCha1785991579828/webruntime/framework/cb2c1a2c50/prod/lwr_app_bootstrap_hook was preloaded using link preload but not used within a few seconds from the window's load event. Please make sure it has an appropriate `as` value and it is preloaded intentionally. @ https://globalkohler.my.site.com/ESWStudioKohlerMIAWCha1785991579828/assets/htdocs/sitecontext.min.html?parent_domain=https%3A%2F%2Fwww.studiokohler.com:0
[ 1189059ms] [WARNING] The resource https://globalkohler.my.site.com/ESWStudioKohlerMIAWCha1785991579828/webruntime/framework/b73515aaa5/prod/lwr_bootstrap was preloaded using link preload but not used within a few seconds from the window's load event. Please make sure it has an appropriate `as` value and it is preloaded intentionally. @ https://globalkohler.my.site.com/ESWStudioKohlerMIAWCha1785991579828/assets/htdocs/sitecontext.min.html?parent_domain=https%3A%2F%2Fwww.studiokohler.com:0
[ 1189059ms] [WARNING] The resource https://globalkohler.my.site.com/ESWStudioKohlerMIAWCha1785991579828/assets/styles/salesforce-lightning-design-system.min.css?e298b32610 was preloaded using link preload but not used within a few seconds from the window's load event. Please make sure it has an appropriate `as` value and it is preloaded intentionally. @ https://globalkohler.my.site.com/ESWStudioKohlerMIAWCha1785991579828/assets/htdocs/sitecontext.min.html?parent_domain=https%3A%2F%2Fwww.studiokohler.com:0
[ 1189059ms] [WARNING] The resource https://globalkohler.my.site.com/ESWStudioKohlerMIAWCha1785991579828/webruntime/view/a13680776f58817c268b3c4382572239/prod/en-US/frame_view was preloaded using link preload but not used within a few seconds from the window's load event. Please make sure it has an appropriate `as` value and it is preloaded intentionally. @ https://globalkohler.my.site.com/ESWStudioKohlerMIAWCha1785991579828/assets/htdocs/sitecontext.min.html?parent_domain=https%3A%2F%2Fwww.studiokohler.com:0
[ 1189059ms] [WARNING] The resource https://globalkohler.my.site.com/ESWStudioKohlerMIAWCha1785991579828/webruntime/framework/6186554a8e/prod/lwr_app was preloaded using link preload but not used within a few seconds from the window's load event. Please make sure it has an appropriate `as` value and it is preloaded intentionally. @ https://globalkohler.my.site.com/ESWStudioKohlerMIAWCha1785991579828/assets/htdocs/sitecontext.min.html?parent_domain=https%3A%2F%2Fwww.studiokohler.com:0
[ 1189059ms] [WARNING] The resource https://globalkohler.my.site.com/ESWStudioKohlerMIAWCha1785991579828/assets/styles/embedded-messaging-styling.min.css?e298b32610 was preloaded using link preload but not used within a few seconds from the window's load event. Please make sure it has an appropriate `as` value and it is preloaded intentionally. @ https://globalkohler.my.site.com/ESWStudioKohlerMIAWCha1785991579828/assets/htdocs/sitecontext.min.html?parent_domain=https%3A%2F%2Fwww.studiokohler.com:0
[ 1189059ms] [WARNING] The resource https://globalkohler.my.site.com/ESWStudioKohlerMIAWCha1785991579828/webruntime/view/3a680bd1b3e3045a99687a2950898fdf/prod/en-US/home_view was preloaded using link preload but not used within a few seconds from the window's load event. Please make sure it has an appropriate `as` value and it is preloaded intentionally. @ https://globalkohler.my.site.com/ESWStudioKohlerMIAWCha1785991579828/assets/htdocs/sitecontext.min.html?parent_domain=https%3A%2F%2Fwww.studiokohler.com:0
[ 1189059ms] [WARNING] The resource https://globalkohler.my.site.com/ESWStudioKohlerMIAWCha1785991579828/webruntime/framework/6ce0b87300/prod/lwr_loader was preloaded using link preload but not used within a few seconds from the window's load event. Please make sure it has an appropriate `as` value and it is preloaded intentionally. @ https://globalkohler.my.site.com/ESWStudioKohlerMIAWCha1785991579828/assets/htdocs/sitecontext.min.html?parent_domain=https%3A%2F%2Fwww.studiokohler.com:0
[ 1189059ms] [WARNING] The resource https://globalkohler.my.site.com/ESWStudioKohlerMIAWCha1785991579828/webruntime/component/259a789b5905e4a3e65c0942cc97421d/prod/en-US/force/luvioLwcBindings_cmp was preloaded using link preload but not used within a few seconds from the window's load event. Please make sure it has an appropriate `as` value and it is preloaded intentionally. @ https://globalkohler.my.site.com/ESWStudioKohlerMIAWCha1785991579828/assets/htdocs/sitecontext.min.html?parent_domain=https%3A%2F%2Fwww.studiokohler.com:0
[ 1189059ms] [WARNING] The resource https://globalkohler.my.site.com/ESWStudioKohlerMIAWCha1785991579828/webruntime/framework/c6f5ab53a7/prod/lwr_lwc was preloaded using link preload but not used within a few seconds from the window's load event. Please make sure it has an appropriate `as` value and it is preloaded intentionally. @ https://globalkohler.my.site.com/ESWStudioKohlerMIAWCha1785991579828/assets/htdocs/sitecontext.min.html?parent_domain=https%3A%2F%2Fwww.studiokohler.com:0
[ 1190454ms] [WARNING] The resource https://www.studiokohler.com/_next/static/chunks/0hqnmwnsg1zbt.css was preloaded using link preload but not used within a few seconds from the window's load event. Please make sure it has an appropriate `as` value and it is preloaded intentionally. @ https://www.studiokohler.com/products/bathroom/showers/shower-fittings/9132?sku=K-9132-CP:0
[ 1201320ms] Error: Minified React error #418; visit https://react.dev/errors/418?args[]=HTML&args[]= for the full message or use the non-minified dev environment for full errors and additional helpful warnings.
    at rX (https://www.studiokohler.com/_next/static/chunks/0~7nm1~zg71g0.js:1:46254)
    at iu (https://www.studiokohler.com/_next/static/chunks/0~7nm1~zg71g0.js:1:97295)
    at sd (https://www.studiokohler.com/_next/static/chunks/0~7nm1~zg71g0.js:1:137985)
    at https://www.studiokohler.com/_next/static/chunks/0~7nm1~zg71g0.js:1:137830
    at sf (https://www.studiokohler.com/_next/static/chunks/0~7nm1~zg71g0.js:1:137838)
    at se (https://www.studiokohler.com/_next/static/chunks/0~7nm1~zg71g0.js:1:132978)
    at sW (https://www.studiokohler.com/_next/static/chunks/0~7nm1~zg71g0.js:1:159657)
    at sU (https://www.studiokohler.com/_next/static/chunks/0~7nm1~zg71g0.js:1:157871)
    at sH (https://www.studiokohler.com/_next/static/chunks/0~7nm1~zg71g0.js:1:158215)
    at https://www.studiokohler.com/_next/static/chunks/0~7nm1~zg71g0.js:1:157500
[ 1201334ms] SyntaxError: Failed to execute 'querySelector' on 'Document': 'link[rel="preload"][as="script"][href="\a https://resources.digital-cloud-west.medallia.com/wdcwest/740343/onsite/embed.js\a "]' is not a valid selector.
    at Object.L (https://www.studiokohler.com/_next/static/chunks/0~7nm1~zg71g0.js:1:190038)
    at r.preload (https://www.studiokohler.com/_next/static/chunks/0_5ax_b188xq6.js:1:12765)
    at v (https://www.studiokohler.com/_next/static/chunks/0f1l2no-9vj_c.js:1:6977)
    at ay (https://www.studiokohler.com/_next/static/chunks/0~7nm1~zg71g0.js:1:62886)
    at oJ (https://www.studiokohler.com/_next/static/chunks/0~7nm1~zg71g0.js:1:83143)
    at iu (https://www.studiokohler.com/_next/static/chunks/0~7nm1~zg71g0.js:1:93735)
    at sd (https://www.studiokohler.com/_next/static/chunks/0~7nm1~zg71g0.js:1:137985)
    at https://www.studiokohler.com/_next/static/chunks/0~7nm1~zg71g0.js:1:137830
    at sf (https://www.studiokohler.com/_next/static/chunks/0~7nm1~zg71g0.js:1:137838)
    at se (https://www.studiokohler.com/_next/static/chunks/0~7nm1~zg71g0.js:1:132978)
[ 1201334ms] SyntaxError: Failed to execute 'querySelector' on 'Document': 'link[rel="preload"][as="script"][href="\a https://resources.digital-cloud-west.medallia.com/wdcwest/740343/onsite/embed.js\a "]' is not a valid selector.
    at Object.L (https://www.studiokohler.com/_next/static/chunks/0~7nm1~zg71g0.js:1:190038)
    at r.preload (https://www.studiokohler.com/_next/static/chunks/0_5ax_b188xq6.js:1:12765)
    at v (https://www.studiokohler.com/_next/static/chunks/0f1l2no-9vj_c.js:1:6977)
    at ay (https://www.studiokohler.com/_next/static/chunks/0~7nm1~zg71g0.js:1:62886)
    at oJ (https://www.studiokohler.com/_next/static/chunks/0~7nm1~zg71g0.js:1:83143)
    at iu (https://www.studiokohler.com/_next/static/chunks/0~7nm1~zg71g0.js:1:93735)
    at sd (https://www.studiokohler.com/_next/static/chunks/0~7nm1~zg71g0.js:1:137985)
    at https://www.studiokohler.com/_next/static/chunks/0~7nm1~zg71g0.js:1:137830
    at sf (https://www.studiokohler.com/_next/static/chunks/0~7nm1~zg71g0.js:1:137838)
    at se (https://www.studiokohler.com/_next/static/chunks/0~7nm1~zg71g0.js:1:132978)
[ 1201395ms] [WARNING] 🚀 container.buildInfo.environment is deprecated.Please use `container.environment.stage` instead @ https://assets.adobedtm.com/846ae6cc52a8/04305b11409a/launch-ENc97853c5e46d4f92bdf0b75e595632cf.min.js:14
[ 1201834ms] [WARNING] 🚀 _satellite.setCookie is deprecated. Please use _satellite.cookie.set("ecid", "17600893917683730944237762692949821572"). @ https://assets.adobedtm.com/846ae6cc52a8/04305b11409a/launch-ENc97853c5e46d4f92bdf0b75e595632cf.min.js:14
[ 1202175ms] [ERROR] Refused to execute script from 'https://www.studiokohler.com/content/dam/kohler-kds/navigation/aaf54114_rgb.jpeg?req=props,json&scl=1&id=1599383937&handler=s7RIJSONResponse' because its MIME type ('image/jpeg') is not executable, and strict MIME type checking is enabled. @ https://www.studiokohler.com/js/s7responsiveimage.js:98
[ 1202175ms] [ERROR] Refused to execute script from 'https://www.studiokohler.com/content/dam/kohler-kds/navigation/aaf54114_rgb.jpeg?req=set,json&id=-1893533819&handler=s7RIJSONResponse' because its MIME type ('image/jpeg') is not executable, and strict MIME type checking is enabled. @ https://www.studiokohler.com/js/s7responsiveimage.js:98
[ 1202175ms] [ERROR] Refused to execute script from 'https://www.studiokohler.com/content/dam/kohler-kds/navigation/aaf54116_rgb.jpeg?req=props,json&scl=1&id=-1993983485&handler=s7RIJSONResponse' because its MIME type ('image/jpeg') is not executable, and strict MIME type checking is enabled. @ https://www.studiokohler.com/js/s7responsiveimage.js:98
[ 1202176ms] [ERROR] Refused to execute script from 'https://www.studiokohler.com/content/dam/kohler-kds/navigation/aaf54116_rgb.jpeg?req=set,json&id=595995143&handler=s7RIJSONResponse' because its MIME type ('image/jpeg') is not executable, and strict MIME type checking is enabled. @ https://www.studiokohler.com/js/s7responsiveimage.js:98
[ 1202176ms] [ERROR] Refused to execute script from 'https://www.studiokohler.com/content/dam/kohler-kds/navigation/d2c0043993_rgb.jpg?req=props,json&scl=1&id=-1685132386&handler=s7RIJSONResponse' because its MIME type ('image/jpeg') is not executable, and strict MIME type checking is enabled. @ https://www.studiokohler.com/js/s7responsiveimage.js:98
[ 1202176ms] [ERROR] Refused to execute script from 'https://www.studiokohler.com/content/dam/kohler-kds/navigation/d2c0043993_rgb.jpg?req=set,json&id=1337697954&handler=s7RIJSONResponse' because its MIME type ('image/jpeg') is not executable, and strict MIME type checking is enabled. @ https://www.studiokohler.com/js/s7responsiveimage.js:98
[ 1202176ms] [ERROR] Refused to execute script from 'https://www.studiokohler.com/content/dam/kohler-kds/navigation/aaj10834.jpeg?req=props,json&scl=1&id=150453172&handler=s7RIJSONResponse' because its MIME type ('image/jpeg') is not executable, and strict MIME type checking is enabled. @ https://www.studiokohler.com/js/s7responsiveimage.js:98
[ 1202177ms] [ERROR] Refused to execute script from 'https://www.studiokohler.com/content/dam/kohler-kds/navigation/aaj10834.jpeg?req=set,json&id=-974590792&handler=s7RIJSONResponse' because its MIME type ('image/jpeg') is not executable, and strict MIME type checking is enabled. @ https://www.studiokohler.com/js/s7responsiveimage.js:98
[ 1202177ms] [ERROR] Refused to execute script from 'https://www.studiokohler.com/content/dam/kohler-kds/larg-image-and-text-block/aaj98359_rgb.jpg?req=props,json&scl=1&id=-892984135&handler=s7RIJSONResponse' because its MIME type ('image/jpeg') is not executable, and strict MIME type checking is enabled. @ https://www.studiokohler.com/js/s7responsiveimage.js:98
[ 1202177ms] [ERROR] Refused to execute script from 'https://www.studiokohler.com/content/dam/kohler-kds/larg-image-and-text-block/aaj98359_rgb.jpg?req=set,json&id=92220093&handler=s7RIJSONResponse' because its MIME type ('image/jpeg') is not executable, and strict MIME type checking is enabled. @ https://www.studiokohler.com/js/s7responsiveimage.js:98
[ 1202177ms] [ERROR] Refused to execute script from 'https://www.studiokohler.com/content/dam/kohler-kds/navigation/aai11078.jpeg?req=props,json&scl=1&id=-545430548&handler=s7RIJSONResponse' because its MIME type ('image/jpeg') is not executable, and strict MIME type checking is enabled. @ https://www.studiokohler.com/js/s7responsiveimage.js:98
[ 1202177ms] [ERROR] Refused to execute script from 'https://www.studiokohler.com/content/dam/kohler-kds/navigation/aai11078.jpeg?req=set,json&id=-1059697424&handler=s7RIJSONResponse' because its MIME type ('image/jpeg') is not executable, and strict MIME type checking is enabled. @ https://www.studiokohler.com/js/s7responsiveimage.js:98
[ 1202222ms] [WARNING] [Meta Pixel] - Duplicate Pixel ID: 117823355284455. @ https://connect.facebook.net/en_US/fbevents.js:203
[ 1202397ms] [LOG] Testing============== @ https://assets.adobedtm.com/846ae6cc52a8/04305b11409a/launch-ENc97853c5e46d4f92bdf0b75e595632cf.min.js:8
[ 1202397ms] [LOG] 0 @ https://assets.adobedtm.com/846ae6cc52a8/04305b11409a/launch-ENc97853c5e46d4f92bdf0b75e595632cf.min.js:8
[ 1205012ms] [WARNING] The resource https://globalkohler.my.site.com/ESWStudioKohlerMIAWCha1785991579828/webruntime/component/5b8557d8725fba2dbf2e6a4968ec430c/prod/en-US/force/luvioRuntimeWebruntime_cmp was preloaded using link preload but not used within a few seconds from the window's load event. Please make sure it has an appropriate `as` value and it is preloaded intentionally. @ https://globalkohler.my.site.com/ESWStudioKohlerMIAWCha1785991579828/assets/htdocs/sitecontext.min.html?parent_domain=https%3A%2F%2Fwww.studiokohler.com:0
[ 1205012ms] [WARNING] The resource https://globalkohler.my.site.com/ESWStudioKohlerMIAWCha1785991579828/webruntime/framework/cb2c1a2c50/prod/lwr_app_bootstrap_hook was preloaded using link preload but not used within a few seconds from the window's load event. Please make sure it has an appropriate `as` value and it is preloaded intentionally. @ https://globalkohler.my.site.com/ESWStudioKohlerMIAWCha1785991579828/assets/htdocs/sitecontext.min.html?parent_domain=https%3A%2F%2Fwww.studiokohler.com:0
[ 1205012ms] [WARNING] The resource https://globalkohler.my.site.com/ESWStudioKohlerMIAWCha1785991579828/webruntime/framework/b73515aaa5/prod/lwr_bootstrap was preloaded using link preload but not used within a few seconds from the window's load event. Please make sure it has an appropriate `as` value and it is preloaded intentionally. @ https://globalkohler.my.site.com/ESWStudioKohlerMIAWCha1785991579828/assets/htdocs/sitecontext.min.html?parent_domain=https%3A%2F%2Fwww.studiokohler.com:0
[ 1205012ms] [WARNING] The resource https://globalkohler.my.site.com/ESWStudioKohlerMIAWCha1785991579828/assets/styles/salesforce-lightning-design-system.min.css?e298b32610 was preloaded using link preload but not used within a few seconds from the window's load event. Please make sure it has an appropriate `as` value and it is preloaded intentionally. @ https://globalkohler.my.site.com/ESWStudioKohlerMIAWCha1785991579828/assets/htdocs/sitecontext.min.html?parent_domain=https%3A%2F%2Fwww.studiokohler.com:0
[ 1205012ms] [WARNING] The resource https://globalkohler.my.site.com/ESWStudioKohlerMIAWCha1785991579828/webruntime/view/a13680776f58817c268b3c4382572239/prod/en-US/frame_view was preloaded using link preload but not used within a few seconds from the window's load event. Please make sure it has an appropriate `as` value and it is preloaded intentionally. @ https://globalkohler.my.site.com/ESWStudioKohlerMIAWCha1785991579828/assets/htdocs/sitecontext.min.html?parent_domain=https%3A%2F%2Fwww.studiokohler.com:0
[ 1205012ms] [WARNING] The resource https://globalkohler.my.site.com/ESWStudioKohlerMIAWCha1785991579828/webruntime/framework/6186554a8e/prod/lwr_app was preloaded using link preload but not used within a few seconds from the window's load event. Please make sure it has an appropriate `as` value and it is preloaded intentionally. @ https://globalkohler.my.site.com/ESWStudioKohlerMIAWCha1785991579828/assets/htdocs/sitecontext.min.html?parent_domain=https%3A%2F%2Fwww.studiokohler.com:0
[ 1205012ms] [WARNING] The resource https://globalkohler.my.site.com/ESWStudioKohlerMIAWCha1785991579828/assets/styles/embedded-messaging-styling.min.css?e298b32610 was preloaded using link preload but not used within a few seconds from the window's load event. Please make sure it has an appropriate `as` value and it is preloaded intentionally. @ https://globalkohler.my.site.com/ESWStudioKohlerMIAWCha1785991579828/assets/htdocs/sitecontext.min.html?parent_domain=https%3A%2F%2Fwww.studiokohler.com:0
[ 1205012ms] [WARNING] The resource https://globalkohler.my.site.com/ESWStudioKohlerMIAWCha1785991579828/webruntime/view/3a680bd1b3e3045a99687a2950898fdf/prod/en-US/home_view was preloaded using link preload but not used within a few seconds from the window's load event. Please make sure it has an appropriate `as` value and it is preloaded intentionally. @ https://globalkohler.my.site.com/ESWStudioKohlerMIAWCha1785991579828/assets/htdocs/sitecontext.min.html?parent_domain=https%3A%2F%2Fwww.studiokohler.com:0
[ 1205012ms] [WARNING] The resource https://globalkohler.my.site.com/ESWStudioKohlerMIAWCha1785991579828/webruntime/framework/6ce0b87300/prod/lwr_loader was preloaded using link preload but not used within a few seconds from the window's load event. Please make sure it has an appropriate `as` value and it is preloaded intentionally. @ https://globalkohler.my.site.com/ESWStudioKohlerMIAWCha1785991579828/assets/htdocs/sitecontext.min.html?parent_domain=https%3A%2F%2Fwww.studiokohler.com:0
[ 1205012ms] [WARNING] The resource https://globalkohler.my.site.com/ESWStudioKohlerMIAWCha1785991579828/webruntime/component/259a789b5905e4a3e65c0942cc97421d/prod/en-US/force/luvioLwcBindings_cmp was preloaded using link preload but not used within a few seconds from the window's load event. Please make sure it has an appropriate `as` value and it is preloaded intentionally. @ https://globalkohler.my.site.com/ESWStudioKohlerMIAWCha1785991579828/assets/htdocs/sitecontext.min.html?parent_domain=https%3A%2F%2Fwww.studiokohler.com:0
[ 1205012ms] [WARNING] The resource https://globalkohler.my.site.com/ESWStudioKohlerMIAWCha1785991579828/webruntime/framework/c6f5ab53a7/prod/lwr_lwc was preloaded using link preload but not used within a few seconds from the window's load event. Please make sure it has an appropriate `as` value and it is preloaded intentionally. @ https://globalkohler.my.site.com/ESWStudioKohlerMIAWCha1785991579828/assets/htdocs/sitecontext.min.html?parent_domain=https%3A%2F%2Fwww.studiokohler.com:0
[ 1206373ms] [WARNING] The resource https://www.studiokohler.com/_next/static/chunks/0hqnmwnsg1zbt.css was preloaded using link preload but not used within a few seconds from the window's load event. Please make sure it has an appropriate `as` value and it is preloaded intentionally. @ https://www.studiokohler.com/products/bathroom/showers/shower-fittings/76337?sku=K-76337-CP:0
[ 1216341ms] [WARNING] The resource https://www.studiokohler.com/_next/static/chunks/0hqnmwnsg1zbt.css was preloaded using link preload but not used within a few seconds from the window's load event. Please make sure it has an appropriate `as` value and it is preloaded intentionally. @ https://www.studiokohler.com/products/bathroom/showers/shower-fittings/76337?sku=K-76337-CP:0
[ 1246690ms] Error: Minified React error #418; visit https://react.dev/errors/418?args[]=HTML&args[]= for the full message or use the non-minified dev environment for full errors and additional helpful warnings.
    at rX (https://www.studiokohler.com/_next/static/chunks/0~7nm1~zg71g0.js:1:46254)
    at iu (https://www.studiokohler.com/_next/static/chunks/0~7nm1~zg71g0.js:1:97295)
    at sd (https://www.studiokohler.com/_next/static/chunks/0~7nm1~zg71g0.js:1:137985)
    at https://www.studiokohler.com/_next/static/chunks/0~7nm1~zg71g0.js:1:137830
    at sf (https://www.studiokohler.com/_next/static/chunks/0~7nm1~zg71g0.js:1:137838)
    at se (https://www.studiokohler.com/_next/static/chunks/0~7nm1~zg71g0.js:1:132978)
    at sW (https://www.studiokohler.com/_next/static/chunks/0~7nm1~zg71g0.js:1:159657)
    at sU (https://www.studiokohler.com/_next/static/chunks/0~7nm1~zg71g0.js:1:157871)
    at sH (https://www.studiokohler.com/_next/static/chunks/0~7nm1~zg71g0.js:1:158215)
    at https://www.studiokohler.com/_next/static/chunks/0~7nm1~zg71g0.js:1:157500
[ 1246702ms] Error: Minified React error #418; visit https://react.dev/errors/418?args[]=HTML&args[]= for the full message or use the non-minified dev environment for full errors and additional helpful warnings.
    at rX (https://www.studiokohler.com/_next/static/chunks/0~7nm1~zg71g0.js:1:46254)
    at iu (https://www.studiokohler.com/_next/static/chunks/0~7nm1~zg71g0.js:1:97295)
    at sd (https://www.studiokohler.com/_next/static/chunks/0~7nm1~zg71g0.js:1:137985)
    at https://www.studiokohler.com/_next/static/chunks/0~7nm1~zg71g0.js:1:137830
    at sf (https://www.studiokohler.com/_next/static/chunks/0~7nm1~zg71g0.js:1:137838)
    at se (https://www.studiokohler.com/_next/static/chunks/0~7nm1~zg71g0.js:1:132978)
    at sW (https://www.studiokohler.com/_next/static/chunks/0~7nm1~zg71g0.js:1:159657)
    at sU (https://www.studiokohler.com/_next/static/chunks/0~7nm1~zg71g0.js:1:157871)
    at sH (https://www.studiokohler.com/_next/static/chunks/0~7nm1~zg71g0.js:1:158215)
    at https://www.studiokohler.com/_next/static/chunks/0~7nm1~zg71g0.js:1:157500
[ 1246718ms] SyntaxError: Failed to execute 'querySelector' on 'Document': 'link[rel="preload"][as="script"][href="\a https://resources.digital-cloud-west.medallia.com/wdcwest/740343/onsite/embed.js\a "]' is not a valid selector.
    at Object.L (https://www.studiokohler.com/_next/static/chunks/0~7nm1~zg71g0.js:1:190038)
    at r.preload (https://www.studiokohler.com/_next/static/chunks/0_5ax_b188xq6.js:1:12765)
    at v (https://www.studiokohler.com/_next/static/chunks/0f1l2no-9vj_c.js:1:6977)
    at ay (https://www.studiokohler.com/_next/static/chunks/0~7nm1~zg71g0.js:1:62886)
    at oJ (https://www.studiokohler.com/_next/static/chunks/0~7nm1~zg71g0.js:1:83143)
    at iu (https://www.studiokohler.com/_next/static/chunks/0~7nm1~zg71g0.js:1:93735)
    at sd (https://www.studiokohler.com/_next/static/chunks/0~7nm1~zg71g0.js:1:137985)
    at https://www.studiokohler.com/_next/static/chunks/0~7nm1~zg71g0.js:1:137830
    at sf (https://www.studiokohler.com/_next/static/chunks/0~7nm1~zg71g0.js:1:137838)
    at se (https://www.studiokohler.com/_next/static/chunks/0~7nm1~zg71g0.js:1:132978)
[ 1246718ms] SyntaxError: Failed to execute 'querySelector' on 'Document': 'link[rel="preload"][as="script"][href="\a https://resources.digital-cloud-west.medallia.com/wdcwest/740343/onsite/embed.js\a "]' is not a valid selector.
    at Object.L (https://www.studiokohler.com/_next/static/chunks/0~7nm1~zg71g0.js:1:190038)
    at r.preload (https://www.studiokohler.com/_next/static/chunks/0_5ax_b188xq6.js:1:12765)
    at v (https://www.studiokohler.com/_next/static/chunks/0f1l2no-9vj_c.js:1:6977)
    at ay (https://www.studiokohler.com/_next/static/chunks/0~7nm1~zg71g0.js:1:62886)
    at oJ (https://www.studiokohler.com/_next/static/chunks/0~7nm1~zg71g0.js:1:83143)
    at iu (https://www.studiokohler.com/_next/static/chunks/0~7nm1~zg71g0.js:1:93735)
    at sd (https://www.studiokohler.com/_next/static/chunks/0~7nm1~zg71g0.js:1:137985)
    at https://www.studiokohler.com/_next/static/chunks/0~7nm1~zg71g0.js:1:137830
    at sf (https://www.studiokohler.com/_next/static/chunks/0~7nm1~zg71g0.js:1:137838)
    at se (https://www.studiokohler.com/_next/static/chunks/0~7nm1~zg71g0.js:1:132978)
[ 1246958ms] [WARNING] 🚀 container.buildInfo.environment is deprecated.Please use `container.environment.stage` instead @ https://assets.adobedtm.com/846ae6cc52a8/04305b11409a/launch-ENc97853c5e46d4f92bdf0b75e595632cf.min.js:14
[ 1247245ms] [WARNING] 🚀 _satellite.setCookie is deprecated. Please use _satellite.cookie.set("ecid", "17600893917683730944237762692949821572"). @ https://assets.adobedtm.com/846ae6cc52a8/04305b11409a/launch-ENc97853c5e46d4f92bdf0b75e595632cf.min.js:14
[ 1247959ms] [LOG] Testing============== @ https://assets.adobedtm.com/846ae6cc52a8/04305b11409a/launch-ENc97853c5e46d4f92bdf0b75e595632cf.min.js:8
[ 1247959ms] [LOG] 0 @ https://assets.adobedtm.com/846ae6cc52a8/04305b11409a/launch-ENc97853c5e46d4f92bdf0b75e595632cf.min.js:8
[ 1249857ms] [ERROR] Refused to execute script from 'https://www.studiokohler.com/content/dam/kohler-kds/navigation/aaf54114_rgb.jpeg?req=props,json&scl=1&id=1599383937&handler=s7RIJSONResponse' because its MIME type ('image/jpeg') is not executable, and strict MIME type checking is enabled. @ https://www.studiokohler.com/js/s7responsiveimage.js:98
[ 1249858ms] [ERROR] Refused to execute script from 'https://www.studiokohler.com/content/dam/kohler-kds/navigation/aaf54114_rgb.jpeg?req=set,json&id=-1893533819&handler=s7RIJSONResponse' because its MIME type ('image/jpeg') is not executable, and strict MIME type checking is enabled. @ https://www.studiokohler.com/js/s7responsiveimage.js:98
[ 1249858ms] [ERROR] Refused to execute script from 'https://www.studiokohler.com/content/dam/kohler-kds/navigation/aaf54116_rgb.jpeg?req=props,json&scl=1&id=-1993983485&handler=s7RIJSONResponse' because its MIME type ('image/jpeg') is not executable, and strict MIME type checking is enabled. @ https://www.studiokohler.com/js/s7responsiveimage.js:98
[ 1249858ms] [ERROR] Refused to execute script from 'https://www.studiokohler.com/content/dam/kohler-kds/navigation/aaf54116_rgb.jpeg?req=set,json&id=595995143&handler=s7RIJSONResponse' because its MIME type ('image/jpeg') is not executable, and strict MIME type checking is enabled. @ https://www.studiokohler.com/js/s7responsiveimage.js:98
[ 1249858ms] [ERROR] Refused to execute script from 'https://www.studiokohler.com/content/dam/kohler-kds/navigation/d2c0043993_rgb.jpg?req=props,json&scl=1&id=-1685132386&handler=s7RIJSONResponse' because its MIME type ('image/jpeg') is not executable, and strict MIME type checking is enabled. @ https://www.studiokohler.com/js/s7responsiveimage.js:98
[ 1249858ms] [ERROR] Refused to execute script from 'https://www.studiokohler.com/content/dam/kohler-kds/navigation/d2c0043993_rgb.jpg?req=set,json&id=1337697954&handler=s7RIJSONResponse' because its MIME type ('image/jpeg') is not executable, and strict MIME type checking is enabled. @ https://www.studiokohler.com/js/s7responsiveimage.js:98
[ 1249859ms] [ERROR] Refused to execute script from 'https://www.studiokohler.com/content/dam/kohler-kds/navigation/aaj10834.jpeg?req=props,json&scl=1&id=150453172&handler=s7RIJSONResponse' because its MIME type ('image/jpeg') is not executable, and strict MIME type checking is enabled. @ https://www.studiokohler.com/js/s7responsiveimage.js:98
[ 1249859ms] [ERROR] Refused to execute script from 'https://www.studiokohler.com/content/dam/kohler-kds/navigation/aaj10834.jpeg?req=set,json&id=-974590792&handler=s7RIJSONResponse' because its MIME type ('image/jpeg') is not executable, and strict MIME type checking is enabled. @ https://www.studiokohler.com/js/s7responsiveimage.js:98
[ 1249859ms] [ERROR] Refused to execute script from 'https://www.studiokohler.com/content/dam/kohler-kds/larg-image-and-text-block/aaj98359_rgb.jpg?req=props,json&scl=1&id=-892984135&handler=s7RIJSONResponse' because its MIME type ('image/jpeg') is not executable, and strict MIME type checking is enabled. @ https://www.studiokohler.com/js/s7responsiveimage.js:98
[ 1249859ms] [ERROR] Refused to execute script from 'https://www.studiokohler.com/content/dam/kohler-kds/larg-image-and-text-block/aaj98359_rgb.jpg?req=set,json&id=92220093&handler=s7RIJSONResponse' because its MIME type ('image/jpeg') is not executable, and strict MIME type checking is enabled. @ https://www.studiokohler.com/js/s7responsiveimage.js:98
[ 1249859ms] [ERROR] Refused to execute script from 'https://www.studiokohler.com/content/dam/kohler-kds/navigation/aai11078.jpeg?req=props,json&scl=1&id=-545430548&handler=s7RIJSONResponse' because its MIME type ('image/jpeg') is not executable, and strict MIME type checking is enabled. @ https://www.studiokohler.com/js/s7responsiveimage.js:98
[ 1249860ms] [ERROR] Refused to execute script from 'https://www.studiokohler.com/content/dam/kohler-kds/navigation/aai11078.jpeg?req=set,json&id=-1059697424&handler=s7RIJSONResponse' because its MIME type ('image/jpeg') is not executable, and strict MIME type checking is enabled. @ https://www.studiokohler.com/js/s7responsiveimage.js:98
[ 1249898ms] [WARNING] [Meta Pixel] - Duplicate Pixel ID: 117823355284455. @ https://connect.facebook.net/en_US/fbevents.js:203
[ 1253328ms] [WARNING] The resource https://globalkohler.my.site.com/ESWStudioKohlerMIAWCha1785991579828/webruntime/component/5b8557d8725fba2dbf2e6a4968ec430c/prod/en-US/force/luvioRuntimeWebruntime_cmp was preloaded using link preload but not used within a few seconds from the window's load event. Please make sure it has an appropriate `as` value and it is preloaded intentionally. @ https://globalkohler.my.site.com/ESWStudioKohlerMIAWCha1785991579828/assets/htdocs/sitecontext.min.html?parent_domain=https%3A%2F%2Fwww.studiokohler.com:0
[ 1253328ms] [WARNING] The resource https://globalkohler.my.site.com/ESWStudioKohlerMIAWCha1785991579828/webruntime/framework/cb2c1a2c50/prod/lwr_app_bootstrap_hook was preloaded using link preload but not used within a few seconds from the window's load event. Please make sure it has an appropriate `as` value and it is preloaded intentionally. @ https://globalkohler.my.site.com/ESWStudioKohlerMIAWCha1785991579828/assets/htdocs/sitecontext.min.html?parent_domain=https%3A%2F%2Fwww.studiokohler.com:0
[ 1253328ms] [WARNING] The resource https://globalkohler.my.site.com/ESWStudioKohlerMIAWCha1785991579828/webruntime/framework/b73515aaa5/prod/lwr_bootstrap was preloaded using link preload but not used within a few seconds from the window's load event. Please make sure it has an appropriate `as` value and it is preloaded intentionally. @ https://globalkohler.my.site.com/ESWStudioKohlerMIAWCha1785991579828/assets/htdocs/sitecontext.min.html?parent_domain=https%3A%2F%2Fwww.studiokohler.com:0
[ 1253329ms] [WARNING] The resource https://globalkohler.my.site.com/ESWStudioKohlerMIAWCha1785991579828/assets/styles/salesforce-lightning-design-system.min.css?e298b32610 was preloaded using link preload but not used within a few seconds from the window's load event. Please make sure it has an appropriate `as` value and it is preloaded intentionally. @ https://globalkohler.my.site.com/ESWStudioKohlerMIAWCha1785991579828/assets/htdocs/sitecontext.min.html?parent_domain=https%3A%2F%2Fwww.studiokohler.com:0
[ 1253329ms] [WARNING] The resource https://globalkohler.my.site.com/ESWStudioKohlerMIAWCha1785991579828/webruntime/view/a13680776f58817c268b3c4382572239/prod/en-US/frame_view was preloaded using link preload but not used within a few seconds from the window's load event. Please make sure it has an appropriate `as` value and it is preloaded intentionally. @ https://globalkohler.my.site.com/ESWStudioKohlerMIAWCha1785991579828/assets/htdocs/sitecontext.min.html?parent_domain=https%3A%2F%2Fwww.studiokohler.com:0
[ 1253329ms] [WARNING] The resource https://globalkohler.my.site.com/ESWStudioKohlerMIAWCha1785991579828/webruntime/framework/6186554a8e/prod/lwr_app was preloaded using link preload but not used within a few seconds from the window's load event. Please make sure it has an appropriate `as` value and it is preloaded intentionally. @ https://globalkohler.my.site.com/ESWStudioKohlerMIAWCha1785991579828/assets/htdocs/sitecontext.min.html?parent_domain=https%3A%2F%2Fwww.studiokohler.com:0
[ 1253329ms] [WARNING] The resource https://globalkohler.my.site.com/ESWStudioKohlerMIAWCha1785991579828/assets/styles/embedded-messaging-styling.min.css?e298b32610 was preloaded using link preload but not used within a few seconds from the window's load event. Please make sure it has an appropriate `as` value and it is preloaded intentionally. @ https://globalkohler.my.site.com/ESWStudioKohlerMIAWCha1785991579828/assets/htdocs/sitecontext.min.html?parent_domain=https%3A%2F%2Fwww.studiokohler.com:0
[ 1253329ms] [WARNING] The resource https://globalkohler.my.site.com/ESWStudioKohlerMIAWCha1785991579828/webruntime/view/3a680bd1b3e3045a99687a2950898fdf/prod/en-US/home_view was preloaded using link preload but not used within a few seconds from the window's load event. Please make sure it has an appropriate `as` value and it is preloaded intentionally. @ https://globalkohler.my.site.com/ESWStudioKohlerMIAWCha1785991579828/assets/htdocs/sitecontext.min.html?parent_domain=https%3A%2F%2Fwww.studiokohler.com:0
[ 1253329ms] [WARNING] The resource https://globalkohler.my.site.com/ESWStudioKohlerMIAWCha1785991579828/webruntime/framework/6ce0b87300/prod/lwr_loader was preloaded using link preload but not used within a few seconds from the window's load event. Please make sure it has an appropriate `as` value and it is preloaded intentionally. @ https://globalkohler.my.site.com/ESWStudioKohlerMIAWCha1785991579828/assets/htdocs/sitecontext.min.html?parent_domain=https%3A%2F%2Fwww.studiokohler.com:0
[ 1253329ms] [WARNING] The resource https://globalkohler.my.site.com/ESWStudioKohlerMIAWCha1785991579828/webruntime/component/259a789b5905e4a3e65c0942cc97421d/prod/en-US/force/luvioLwcBindings_cmp was preloaded using link preload but not used within a few seconds from the window's load event. Please make sure it has an appropriate `as` value and it is preloaded intentionally. @ https://globalkohler.my.site.com/ESWStudioKohlerMIAWCha1785991579828/assets/htdocs/sitecontext.min.html?parent_domain=https%3A%2F%2Fwww.studiokohler.com:0
[ 1253329ms] [WARNING] The resource https://globalkohler.my.site.com/ESWStudioKohlerMIAWCha1785991579828/webruntime/framework/c6f5ab53a7/prod/lwr_lwc was preloaded using link preload but not used within a few seconds from the window's load event. Please make sure it has an appropriate `as` value and it is preloaded intentionally. @ https://globalkohler.my.site.com/ESWStudioKohlerMIAWCha1785991579828/assets/htdocs/sitecontext.min.html?parent_domain=https%3A%2F%2Fwww.studiokohler.com:0
[ 1254661ms] [WARNING] The resource https://www.studiokohler.com/_next/static/chunks/0hqnmwnsg1zbt.css was preloaded using link preload but not used within a few seconds from the window's load event. Please make sure it has an appropriate `as` value and it is preloaded intentionally. @ https://www.studiokohler.com/products/bathroom/bathing/6368?sku=K-6368-0:0
[ 1260473ms] [WARNING] The resource https://www.studiokohler.com/_next/static/chunks/0hqnmwnsg1zbt.css was preloaded using link preload but not used within a few seconds from the window's load event. Please make sure it has an appropriate `as` value and it is preloaded intentionally. @ https://www.studiokohler.com/products/bathroom/bathing/6368?sku=K-6368-0:0
[ 1263589ms] [WARNING] The resource https://www.studiokohler.com/_next/static/chunks/0hqnmwnsg1zbt.css was preloaded using link preload but not used within a few seconds from the window's load event. Please make sure it has an appropriate `as` value and it is preloaded intentionally. @ https://www.studiokohler.com/products/bathroom/bathing/6368?sku=K-6368-0:0
[ 1276370ms] [ERROR] Refused to execute script from 'https://www.studiokohler.com/content/dam/kohler-kds/navigation/aaf54114_rgb.jpeg?req=props,json&scl=1&id=1599383937&handler=s7RIJSONResponse' because its MIME type ('image/jpeg') is not executable, and strict MIME type checking is enabled. @ https://www.studiokohler.com/js/s7responsiveimage.js:98
[ 1276370ms] [ERROR] Refused to execute script from 'https://www.studiokohler.com/content/dam/kohler-kds/navigation/aaf54114_rgb.jpeg?req=set,json&id=-1893533819&handler=s7RIJSONResponse' because its MIME type ('image/jpeg') is not executable, and strict MIME type checking is enabled. @ https://www.studiokohler.com/js/s7responsiveimage.js:98
[ 1276371ms] [ERROR] Refused to execute script from 'https://www.studiokohler.com/content/dam/kohler-kds/navigation/aaf54116_rgb.jpeg?req=props,json&scl=1&id=-1993983485&handler=s7RIJSONResponse' because its MIME type ('image/jpeg') is not executable, and strict MIME type checking is enabled. @ https://www.studiokohler.com/js/s7responsiveimage.js:98
[ 1276371ms] [ERROR] Refused to execute script from 'https://www.studiokohler.com/content/dam/kohler-kds/navigation/aaf54116_rgb.jpeg?req=set,json&id=595995143&handler=s7RIJSONResponse' because its MIME type ('image/jpeg') is not executable, and strict MIME type checking is enabled. @ https://www.studiokohler.com/js/s7responsiveimage.js:98
[ 1276371ms] [ERROR] Refused to execute script from 'https://www.studiokohler.com/content/dam/kohler-kds/navigation/d2c0043993_rgb.jpg?req=props,json&scl=1&id=-1685132386&handler=s7RIJSONResponse' because its MIME type ('image/jpeg') is not executable, and strict MIME type checking is enabled. @ https://www.studiokohler.com/js/s7responsiveimage.js:98
[ 1276371ms] [ERROR] Refused to execute script from 'https://www.studiokohler.com/content/dam/kohler-kds/navigation/d2c0043993_rgb.jpg?req=set,json&id=1337697954&handler=s7RIJSONResponse' because its MIME type ('image/jpeg') is not executable, and strict MIME type checking is enabled. @ https://www.studiokohler.com/js/s7responsiveimage.js:98
[ 1276371ms] [ERROR] Refused to execute script from 'https://www.studiokohler.com/content/dam/kohler-kds/navigation/aaj10834.jpeg?req=props,json&scl=1&id=150453172&handler=s7RIJSONResponse' because its MIME type ('image/jpeg') is not executable, and strict MIME type checking is enabled. @ https://www.studiokohler.com/js/s7responsiveimage.js:98
[ 1276371ms] [ERROR] Refused to execute script from 'https://www.studiokohler.com/content/dam/kohler-kds/navigation/aaj10834.jpeg?req=set,json&id=-974590792&handler=s7RIJSONResponse' because its MIME type ('image/jpeg') is not executable, and strict MIME type checking is enabled. @ https://www.studiokohler.com/js/s7responsiveimage.js:98
[ 1276371ms] [ERROR] Refused to execute script from 'https://www.studiokohler.com/content/dam/kohler-kds/larg-image-and-text-block/aaj98359_rgb.jpg?req=props,json&scl=1&id=-892984135&handler=s7RIJSONResponse' because its MIME type ('image/jpeg') is not executable, and strict MIME type checking is enabled. @ https://www.studiokohler.com/js/s7responsiveimage.js:98
[ 1276371ms] [ERROR] Refused to execute script from 'https://www.studiokohler.com/content/dam/kohler-kds/larg-image-and-text-block/aaj98359_rgb.jpg?req=set,json&id=92220093&handler=s7RIJSONResponse' because its MIME type ('image/jpeg') is not executable, and strict MIME type checking is enabled. @ https://www.studiokohler.com/js/s7responsiveimage.js:98
[ 1276371ms] [ERROR] Refused to execute script from 'https://www.studiokohler.com/content/dam/kohler-kds/navigation/aai11078.jpeg?req=props,json&scl=1&id=-545430548&handler=s7RIJSONResponse' because its MIME type ('image/jpeg') is not executable, and strict MIME type checking is enabled. @ https://www.studiokohler.com/js/s7responsiveimage.js:98
[ 1276371ms] [ERROR] Refused to execute script from 'https://www.studiokohler.com/content/dam/kohler-kds/navigation/aai11078.jpeg?req=set,json&id=-1059697424&handler=s7RIJSONResponse' because its MIME type ('image/jpeg') is not executable, and strict MIME type checking is enabled. @ https://www.studiokohler.com/js/s7responsiveimage.js:98
[ 1277188ms] [LOG] Triggered at 100% scroll height @ :1
[ 1281432ms] [WARNING] The resource https://www.studiokohler.com/_next/static/chunks/0hqnmwnsg1zbt.css was preloaded using link preload but not used within a few seconds from the window's load event. Please make sure it has an appropriate `as` value and it is preloaded intentionally. @ https://www.studiokohler.com/search-results?value=1949:0
[ 1314823ms] [WARNING] The resource https://www.studiokohler.com/_next/static/chunks/0hqnmwnsg1zbt.css was preloaded using link preload but not used within a few seconds from the window's load event. Please make sure it has an appropriate `as` value and it is preloaded intentionally. @ https://www.studiokohler.com/search-results?value=1949:0
[ 1317287ms] [LOG] Triggered at 25% scroll height @ :1
[ 1317787ms] [LOG] Triggered at 50% scroll height @ :1
[ 1320812ms] [WARNING] The resource https://www.studiokohler.com/_next/static/chunks/0hqnmwnsg1zbt.css was preloaded using link preload but not used within a few seconds from the window's load event. Please make sure it has an appropriate `as` value and it is preloaded intentionally. @ https://www.studiokohler.com/search-results?value=1949:0
[ 1324577ms] [LOG] Event Name pdp link click @ https://assets.adobedtm.com/846ae6cc52a8/04305b11409a/launch-ENc97853c5e46d4f92bdf0b75e595632cf.min.js:9
[ 1324700ms] [WARNING] The resource https://www.studiokohler.com/_next/static/chunks/0hqnmwnsg1zbt.css was preloaded using link preload but not used within a few seconds from the window's load event. Please make sure it has an appropriate `as` value and it is preloaded intentionally. @ https://www.studiokohler.com/search-results?value=1949:0
[ 1327807ms] Error: Minified React error #418; visit https://react.dev/errors/418?args[]=HTML&args[]= for the full message or use the non-minified dev environment for full errors and additional helpful warnings.
    at rX (https://www.studiokohler.com/_next/static/chunks/0~7nm1~zg71g0.js:1:46254)
    at iu (https://www.studiokohler.com/_next/static/chunks/0~7nm1~zg71g0.js:1:97295)
    at sd (https://www.studiokohler.com/_next/static/chunks/0~7nm1~zg71g0.js:1:137985)
    at https://www.studiokohler.com/_next/static/chunks/0~7nm1~zg71g0.js:1:137830
    at sf (https://www.studiokohler.com/_next/static/chunks/0~7nm1~zg71g0.js:1:137838)
    at se (https://www.studiokohler.com/_next/static/chunks/0~7nm1~zg71g0.js:1:132978)
    at sW (https://www.studiokohler.com/_next/static/chunks/0~7nm1~zg71g0.js:1:159657)
    at sU (https://www.studiokohler.com/_next/static/chunks/0~7nm1~zg71g0.js:1:157871)
    at sH (https://www.studiokohler.com/_next/static/chunks/0~7nm1~zg71g0.js:1:158215)
    at https://www.studiokohler.com/_next/static/chunks/0~7nm1~zg71g0.js:1:157500
[ 1327830ms] SyntaxError: Failed to execute 'querySelector' on 'Document': 'link[rel="preload"][as="script"][href="\a https://resources.digital-cloud-west.medallia.com/wdcwest/740343/onsite/embed.js\a "]' is not a valid selector.
    at Object.L (https://www.studiokohler.com/_next/static/chunks/0~7nm1~zg71g0.js:1:190038)
    at r.preload (https://www.studiokohler.com/_next/static/chunks/0_5ax_b188xq6.js:1:12765)
    at v (https://www.studiokohler.com/_next/static/chunks/0f1l2no-9vj_c.js:1:6977)
    at ay (https://www.studiokohler.com/_next/static/chunks/0~7nm1~zg71g0.js:1:62886)
    at oJ (https://www.studiokohler.com/_next/static/chunks/0~7nm1~zg71g0.js:1:83143)
    at iu (https://www.studiokohler.com/_next/static/chunks/0~7nm1~zg71g0.js:1:93735)
    at sd (https://www.studiokohler.com/_next/static/chunks/0~7nm1~zg71g0.js:1:137985)
    at https://www.studiokohler.com/_next/static/chunks/0~7nm1~zg71g0.js:1:137830
    at sf (https://www.studiokohler.com/_next/static/chunks/0~7nm1~zg71g0.js:1:137838)
    at se (https://www.studiokohler.com/_next/static/chunks/0~7nm1~zg71g0.js:1:132978)
[ 1327830ms] SyntaxError: Failed to execute 'querySelector' on 'Document': 'link[rel="preload"][as="script"][href="\a https://resources.digital-cloud-west.medallia.com/wdcwest/740343/onsite/embed.js\a "]' is not a valid selector.
    at Object.L (https://www.studiokohler.com/_next/static/chunks/0~7nm1~zg71g0.js:1:190038)
    at r.preload (https://www.studiokohler.com/_next/static/chunks/0_5ax_b188xq6.js:1:12765)
    at v (https://www.studiokohler.com/_next/static/chunks/0f1l2no-9vj_c.js:1:6977)
    at ay (https://www.studiokohler.com/_next/static/chunks/0~7nm1~zg71g0.js:1:62886)
    at oJ (https://www.studiokohler.com/_next/static/chunks/0~7nm1~zg71g0.js:1:83143)
    at iu (https://www.studiokohler.com/_next/static/chunks/0~7nm1~zg71g0.js:1:93735)
    at sd (https://www.studiokohler.com/_next/static/chunks/0~7nm1~zg71g0.js:1:137985)
    at https://www.studiokohler.com/_next/static/chunks/0~7nm1~zg71g0.js:1:137830
    at sf (https://www.studiokohler.com/_next/static/chunks/0~7nm1~zg71g0.js:1:137838)
    at se (https://www.studiokohler.com/_next/static/chunks/0~7nm1~zg71g0.js:1:132978)
[ 1328143ms] [WARNING] 🚀 container.buildInfo.environment is deprecated.Please use `container.environment.stage` instead @ https://assets.adobedtm.com/846ae6cc52a8/04305b11409a/launch-ENc97853c5e46d4f92bdf0b75e595632cf.min.js:14
[ 1328228ms] [WARNING] [Meta Pixel] - Duplicate Pixel ID: 117823355284455. @ https://connect.facebook.net/en_US/fbevents.js:203
[ 1328347ms] [WARNING] 🚀 _satellite.setCookie is deprecated. Please use _satellite.cookie.set("ecid", "17600893917683730944237762692949821572"). @ https://assets.adobedtm.com/846ae6cc52a8/04305b11409a/launch-ENc97853c5e46d4f92bdf0b75e595632cf.min.js:14
[ 1329145ms] [LOG] Testing============== @ https://assets.adobedtm.com/846ae6cc52a8/04305b11409a/launch-ENc97853c5e46d4f92bdf0b75e595632cf.min.js:8
[ 1329145ms] [LOG] 0 @ https://assets.adobedtm.com/846ae6cc52a8/04305b11409a/launch-ENc97853c5e46d4f92bdf0b75e595632cf.min.js:8
[ 1329394ms] [LOG] Triggered at 100% scroll height @ :1
[ 1329593ms] [LOG] Triggered at 25% scroll height @ :1
[ 1329794ms] [LOG] Triggered at 50% scroll height @ :1
[ 1330751ms] [WARNING] The resource https://www.studiokohler.com/_next/static/chunks/0hqnmwnsg1zbt.css was preloaded using link preload but not used within a few seconds from the window's load event. Please make sure it has an appropriate `as` value and it is preloaded intentionally. @ https://www.studiokohler.com/products/bathroom/bathroom-sink-faucets?fq=InstallationType%3A%22Widespread%22:0
[ 1330769ms] [ERROR] Refused to execute script from 'https://www.studiokohler.com/content/dam/kohler-kds/navigation/aaf54114_rgb.jpeg?req=props,json&scl=1&id=1599383937&handler=s7RIJSONResponse' because its MIME type ('image/jpeg') is not executable, and strict MIME type checking is enabled. @ https://www.studiokohler.com/js/s7responsiveimage.js:98
[ 1330769ms] [ERROR] Refused to execute script from 'https://www.studiokohler.com/content/dam/kohler-kds/navigation/aaf54114_rgb.jpeg?req=set,json&id=-1893533819&handler=s7RIJSONResponse' because its MIME type ('image/jpeg') is not executable, and strict MIME type checking is enabled. @ https://www.studiokohler.com/js/s7responsiveimage.js:98
[ 1330770ms] [ERROR] Refused to execute script from 'https://www.studiokohler.com/content/dam/kohler-kds/navigation/aaf54116_rgb.jpeg?req=props,json&scl=1&id=-1993983485&handler=s7RIJSONResponse' because its MIME type ('image/jpeg') is not executable, and strict MIME type checking is enabled. @ https://www.studiokohler.com/js/s7responsiveimage.js:98
[ 1330770ms] [ERROR] Refused to execute script from 'https://www.studiokohler.com/content/dam/kohler-kds/navigation/aaf54116_rgb.jpeg?req=set,json&id=595995143&handler=s7RIJSONResponse' because its MIME type ('image/jpeg') is not executable, and strict MIME type checking is enabled. @ https://www.studiokohler.com/js/s7responsiveimage.js:98
[ 1330770ms] [ERROR] Refused to execute script from 'https://www.studiokohler.com/content/dam/kohler-kds/navigation/d2c0043993_rgb.jpg?req=props,json&scl=1&id=-1685132386&handler=s7RIJSONResponse' because its MIME type ('image/jpeg') is not executable, and strict MIME type checking is enabled. @ https://www.studiokohler.com/js/s7responsiveimage.js:98
[ 1330771ms] [ERROR] Refused to execute script from 'https://www.studiokohler.com/content/dam/kohler-kds/navigation/d2c0043993_rgb.jpg?req=set,json&id=1337697954&handler=s7RIJSONResponse' because its MIME type ('image/jpeg') is not executable, and strict MIME type checking is enabled. @ https://www.studiokohler.com/js/s7responsiveimage.js:98
[ 1330771ms] [ERROR] Refused to execute script from 'https://www.studiokohler.com/content/dam/kohler-kds/navigation/aaj10834.jpeg?req=props,json&scl=1&id=150453172&handler=s7RIJSONResponse' because its MIME type ('image/jpeg') is not executable, and strict MIME type checking is enabled. @ https://www.studiokohler.com/js/s7responsiveimage.js:98
[ 1330771ms] [ERROR] Refused to execute script from 'https://www.studiokohler.com/content/dam/kohler-kds/navigation/aaj10834.jpeg?req=set,json&id=-974590792&handler=s7RIJSONResponse' because its MIME type ('image/jpeg') is not executable, and strict MIME type checking is enabled. @ https://www.studiokohler.com/js/s7responsiveimage.js:98
[ 1330772ms] [ERROR] Refused to execute script from 'https://www.studiokohler.com/content/dam/kohler-kds/larg-image-and-text-block/aaj98359_rgb.jpg?req=props,json&scl=1&id=-892984135&handler=s7RIJSONResponse' because its MIME type ('image/jpeg') is not executable, and strict MIME type checking is enabled. @ https://www.studiokohler.com/js/s7responsiveimage.js:98
[ 1330772ms] [ERROR] Refused to execute script from 'https://www.studiokohler.com/content/dam/kohler-kds/larg-image-and-text-block/aaj98359_rgb.jpg?req=set,json&id=92220093&handler=s7RIJSONResponse' because its MIME type ('image/jpeg') is not executable, and strict MIME type checking is enabled. @ https://www.studiokohler.com/js/s7responsiveimage.js:98
[ 1330772ms] [ERROR] Refused to execute script from 'https://www.studiokohler.com/content/dam/kohler-kds/navigation/aai11078.jpeg?req=props,json&scl=1&id=-545430548&handler=s7RIJSONResponse' because its MIME type ('image/jpeg') is not executable, and strict MIME type checking is enabled. @ https://www.studiokohler.com/js/s7responsiveimage.js:98
[ 1330772ms] [ERROR] Refused to execute script from 'https://www.studiokohler.com/content/dam/kohler-kds/navigation/aai11078.jpeg?req=set,json&id=-1059697424&handler=s7RIJSONResponse' because its MIME type ('image/jpeg') is not executable, and strict MIME type checking is enabled. @ https://www.studiokohler.com/js/s7responsiveimage.js:98
[ 1336109ms] [WARNING] The resource https://globalkohler.my.site.com/ESWStudioKohlerMIAWCha1785991579828/webruntime/component/5b8557d8725fba2dbf2e6a4968ec430c/prod/en-US/force/luvioRuntimeWebruntime_cmp was preloaded using link preload but not used within a few seconds from the window's load event. Please make sure it has an appropriate `as` value and it is preloaded intentionally. @ https://globalkohler.my.site.com/ESWStudioKohlerMIAWCha1785991579828/assets/htdocs/sitecontext.min.html?parent_domain=https%3A%2F%2Fwww.studiokohler.com:0
[ 1336109ms] [WARNING] The resource https://globalkohler.my.site.com/ESWStudioKohlerMIAWCha1785991579828/webruntime/framework/cb2c1a2c50/prod/lwr_app_bootstrap_hook was preloaded using link preload but not used within a few seconds from the window's load event. Please make sure it has an appropriate `as` value and it is preloaded intentionally. @ https://globalkohler.my.site.com/ESWStudioKohlerMIAWCha1785991579828/assets/htdocs/sitecontext.min.html?parent_domain=https%3A%2F%2Fwww.studiokohler.com:0
[ 1336109ms] [WARNING] The resource https://globalkohler.my.site.com/ESWStudioKohlerMIAWCha1785991579828/webruntime/framework/b73515aaa5/prod/lwr_bootstrap was preloaded using link preload but not used within a few seconds from the window's load event. Please make sure it has an appropriate `as` value and it is preloaded intentionally. @ https://globalkohler.my.site.com/ESWStudioKohlerMIAWCha1785991579828/assets/htdocs/sitecontext.min.html?parent_domain=https%3A%2F%2Fwww.studiokohler.com:0
[ 1336109ms] [WARNING] The resource https://globalkohler.my.site.com/ESWStudioKohlerMIAWCha1785991579828/assets/styles/salesforce-lightning-design-system.min.css?e298b32610 was preloaded using link preload but not used within a few seconds from the window's load event. Please make sure it has an appropriate `as` value and it is preloaded intentionally. @ https://globalkohler.my.site.com/ESWStudioKohlerMIAWCha1785991579828/assets/htdocs/sitecontext.min.html?parent_domain=https%3A%2F%2Fwww.studiokohler.com:0
[ 1336109ms] [WARNING] The resource https://globalkohler.my.site.com/ESWStudioKohlerMIAWCha1785991579828/webruntime/view/a13680776f58817c268b3c4382572239/prod/en-US/frame_view was preloaded using link preload but not used within a few seconds from the window's load event. Please make sure it has an appropriate `as` value and it is preloaded intentionally. @ https://globalkohler.my.site.com/ESWStudioKohlerMIAWCha1785991579828/assets/htdocs/sitecontext.min.html?parent_domain=https%3A%2F%2Fwww.studiokohler.com:0
[ 1336109ms] [WARNING] The resource https://globalkohler.my.site.com/ESWStudioKohlerMIAWCha1785991579828/webruntime/framework/6186554a8e/prod/lwr_app was preloaded using link preload but not used within a few seconds from the window's load event. Please make sure it has an appropriate `as` value and it is preloaded intentionally. @ https://globalkohler.my.site.com/ESWStudioKohlerMIAWCha1785991579828/assets/htdocs/sitecontext.min.html?parent_domain=https%3A%2F%2Fwww.studiokohler.com:0
[ 1336109ms] [WARNING] The resource https://globalkohler.my.site.com/ESWStudioKohlerMIAWCha1785991579828/assets/styles/embedded-messaging-styling.min.css?e298b32610 was preloaded using link preload but not used within a few seconds from the window's load event. Please make sure it has an appropriate `as` value and it is preloaded intentionally. @ https://globalkohler.my.site.com/ESWStudioKohlerMIAWCha1785991579828/assets/htdocs/sitecontext.min.html?parent_domain=https%3A%2F%2Fwww.studiokohler.com:0
[ 1336109ms] [WARNING] The resource https://globalkohler.my.site.com/ESWStudioKohlerMIAWCha1785991579828/webruntime/view/3a680bd1b3e3045a99687a2950898fdf/prod/en-US/home_view was preloaded using link preload but not used within a few seconds from the window's load event. Please make sure it has an appropriate `as` value and it is preloaded intentionally. @ https://globalkohler.my.site.com/ESWStudioKohlerMIAWCha1785991579828/assets/htdocs/sitecontext.min.html?parent_domain=https%3A%2F%2Fwww.studiokohler.com:0
[ 1336109ms] [WARNING] The resource https://globalkohler.my.site.com/ESWStudioKohlerMIAWCha1785991579828/webruntime/framework/6ce0b87300/prod/lwr_loader was preloaded using link preload but not used within a few seconds from the window's load event. Please make sure it has an appropriate `as` value and it is preloaded intentionally. @ https://globalkohler.my.site.com/ESWStudioKohlerMIAWCha1785991579828/assets/htdocs/sitecontext.min.html?parent_domain=https%3A%2F%2Fwww.studiokohler.com:0
[ 1336109ms] [WARNING] The resource https://globalkohler.my.site.com/ESWStudioKohlerMIAWCha1785991579828/webruntime/component/259a789b5905e4a3e65c0942cc97421d/prod/en-US/force/luvioLwcBindings_cmp was preloaded using link preload but not used within a few seconds from the window's load event. Please make sure it has an appropriate `as` value and it is preloaded intentionally. @ https://globalkohler.my.site.com/ESWStudioKohlerMIAWCha1785991579828/assets/htdocs/sitecontext.min.html?parent_domain=https%3A%2F%2Fwww.studiokohler.com:0
[ 1336109ms] [WARNING] The resource https://globalkohler.my.site.com/ESWStudioKohlerMIAWCha1785991579828/webruntime/framework/c6f5ab53a7/prod/lwr_lwc was preloaded using link preload but not used within a few seconds from the window's load event. Please make sure it has an appropriate `as` value and it is preloaded intentionally. @ https://globalkohler.my.site.com/ESWStudioKohlerMIAWCha1785991579828/assets/htdocs/sitecontext.min.html?parent_domain=https%3A%2F%2Fwww.studiokohler.com:0
[ 1338547ms] [WARNING] The resource https://www.studiokohler.com/_next/static/chunks/0hqnmwnsg1zbt.css was preloaded using link preload but not used within a few seconds from the window's load event. Please make sure it has an appropriate `as` value and it is preloaded intentionally. @ https://www.studiokohler.com/products/bathroom/bathroom-sink-faucets?fq=InstallationType%3A%22Widespread%22:0
[ 1342330ms] [WARNING] The resource https://www.studiokohler.com/_next/static/chunks/0hqnmwnsg1zbt.css was preloaded using link preload but not used within a few seconds from the window's load event. Please make sure it has an appropriate `as` value and it is preloaded intentionally. @ https://www.studiokohler.com/products/bathroom/bathroom-sink-faucets?fq=InstallationType%3A%22Widespread%22:0
[ 1392384ms] [WARNING] The resource https://www.studiokohler.com/_next/static/chunks/0hqnmwnsg1zbt.css was preloaded using link preload but not used within a few seconds from the window's load event. Please make sure it has an appropriate `as` value and it is preloaded intentionally. @ https://www.studiokohler.com/products/bathroom/bathroom-sink-faucets?fq=InstallationType%3A%22Widespread%22:0
