# 3ds Max Wavefront OBJ Exporter v0.97b - (c)2007 guruware
# File Created: 20.10.2017 11:08:19

#
# object 3493
#

v  -1.2187 1.4476 14.1966
v  -2.3894 1.4476 13.7219
v  -3.4268 1.4476 12.9122
v  -4.2490 1.4476 11.9848
v  -4.9123 1.4476 11.0123
v  -5.4931 1.4476 9.9629
v  -6.0586 1.4476 8.6732
v  -6.5168 1.4476 7.1977
v  -6.7835 1.4476 5.6663
v  -6.8287 1.4476 3.9528
v  -6.6231 1.4476 2.1816
v  -6.2043 1.4476 0.5902
v  -5.6740 1.4476 -0.7861
v  -4.8217 1.4476 -2.3240
v  -2.0549 1.4476 -2.7095
v  -4.2818 1.4476 -3.8926
v  -2.0205 1.4476 -3.8721
v  -3.9324 1.4476 -5.4012
v  -2.0695 1.4476 -5.3481
v  -3.7242 1.4476 -7.1645
v  -2.1181 1.4476 -7.0352
v  -3.6683 1.4476 -9.2981
v  -2.1325 1.4476 -8.8082
v  -3.6192 1.4476 -10.0499
v  -2.1013 1.4476 -10.0610
v  -3.2186 1.4476 -10.9206
v  -1.8692 1.4476 -11.5170
v  -2.0670 1.4476 -13.0347
v  -1.0174 1.4476 -13.5730
v  -1.4098 -0.8795 15.0351
v  -2.7334 -0.5177 14.4675
v  -3.9221 -0.5192 13.5840
v  -4.8779 -0.5268 12.5124
v  -5.5971 -0.5236 11.4361
v  -6.2157 -0.5181 10.2858
v  -6.7704 -0.5206 8.9123
v  -7.2026 -0.5220 7.3939
v  -7.4663 -0.5179 5.8064
v  -7.4843 -0.5172 4.0178
v  -7.1953 -0.5211 2.1657
v  -6.0229 0.1594 -0.9458
v  -5.3257 0.5510 -2.4895
v  -4.7497 0.6995 -3.9338
v  -3.9919 1.0308 -9.3915
v  -0.9218 1.0258 -14.0003
v  -1.3669 -1.3674 14.8730
v  -2.6654 -1.3747 14.3421
v  -3.8311 -1.3774 13.4942
v  -4.7870 -1.3797 12.4513
v  -5.5118 -1.3862 11.3725
v  -6.1207 -1.3880 10.2207
v  -6.6668 -1.3754 8.8847
v  -7.1047 -1.3843 7.3679
v  -7.3516 -1.3874 5.8044
v  -7.3800 -1.3922 4.0527
v  -7.0836 -1.3866 2.2251
v  -1.2331 -2.5176 14.2299
v  -2.4356 -2.5288 13.7509
v  -3.4710 -2.5174 13.0032
v  -4.3597 -2.5242 12.0729
v  -5.0859 -2.5315 11.0350
v  -5.6817 -2.5334 9.9307
v  -6.2363 -2.5237 8.6151
v  -6.6623 -2.5305 7.1199
v  -6.8923 -2.5302 5.6555
v  -6.9039 -2.5197 4.0434
v  -6.6206 -2.5256 2.2662
v  -5.9392 -2.4852 0.4582
v  -1.0074 -3.5043 13.2016
v  -2.0026 -3.5175 12.8048
v  -2.9049 -3.5233 12.2065
v  -3.6744 -3.5405 11.4168
v  -4.3962 -3.5518 10.4598
v  -4.9907 -3.5586 9.4071
v  -5.5321 -3.5486 8.1479
v  -5.9591 -3.5550 6.7372
v  -6.1980 -3.5555 5.3905
v  -6.2500 -3.5610 3.9310
v  -6.0143 -3.5662 2.2392
v  -5.3738 -3.5297 0.4960
v  -0.6899 -4.6696 12.1433
v  0.0041 -6.1769 12.1131
v  -1.4168 -4.6387 11.7394
v  -2.0448 -4.5638 11.1441
v  -2.5694 -4.5348 10.4135
v  -3.1615 -4.6088 9.4731
v  -3.6547 -4.7111 8.4121
v  -4.0598 -4.8235 7.1372
v  -4.3662 -4.9152 5.8253
v  -4.4647 -5.0036 4.5711
v  -4.1881 -5.1759 3.4262
v  -4.1934 -5.1456 2.0576
v  -3.8945 -5.0443 0.5592
v  -0.7872 -4.1730 12.3777
v  0.0039 -4.1792 12.5047
v  -1.5969 -4.1333 11.9918
v  -2.3587 -4.1327 11.4628
v  -3.0066 -4.1830 10.7833
v  -3.6872 -4.2360 9.8704
v  -4.2571 -4.2981 8.8438
v  -4.7873 -4.3407 7.6063
v  -5.2071 -4.3634 6.2946
v  -5.4588 -4.3714 5.0672
v  -5.5161 -4.4003 3.7441
v  -5.3394 -4.4013 2.1428
v  -0.6876 -8.6130 12.3115
v  -1.4648 -8.6138 11.8610
v  -2.1339 -8.6070 11.1737
v  -2.6700 -8.6029 10.3614
v  -3.1457 -8.5978 9.3605
v  -3.5281 -8.5888 8.2429
v  -3.8336 -8.5824 6.9191
v  -4.0697 -8.5938 5.5984
v  -4.1948 -8.5951 4.3199
v  -4.1487 -8.6041 3.5550
v  -0.7807 -12.6955 12.8295
v  0.0041 -12.6967 12.9724
v  -1.6525 -12.6969 12.3236
v  -2.3840 -12.6957 11.5587
v  -2.9397 -12.6957 10.6881
v  -3.4296 -12.6968 9.6494
v  -3.8306 -12.6958 8.4827
v  -4.1611 -12.6866 7.1319
v  -4.4031 -12.6931 5.7714
v  -4.5319 -12.6882 4.4314
v  -4.5593 -12.6342 3.5576
v  -0.8293 -14.6606 13.0774
v  -1.7426 -14.6587 12.5492
v  -2.4823 -14.6596 11.7693
v  -3.0372 -14.6596 10.9047
v  -3.5396 -14.6590 9.8618
v  -3.9634 -14.6575 8.6504
v  -4.3127 -14.6491 7.2549
v  -4.5536 -14.6579 5.8727
v  -4.7439 -14.3491 3.5314
v  -0.8422 -15.4463 13.1789
v  -1.7702 -15.4465 12.6456
v  -2.5117 -15.4464 11.8645
v  -3.0653 -15.4464 11.0121
v  -3.5745 -15.4464 9.9709
v  -4.0112 -15.4465 8.7363
v  -4.3691 -15.4468 7.3267
v  -4.6110 -15.4466 5.9293
v  -4.7608 -15.4465 4.5547
v  -4.4629 -14.5922 1.5462
v  -4.8883 -15.4466 1.6026
v  -4.8223 -15.4466 -1.7314
v  -4.5494 -15.4466 -4.2429
v  -4.0461 -15.4468 -6.2238
v  -3.1410 -14.9273 -7.6920
v  -3.2143 -15.4467 -7.7684
v  -1.9683 -14.5429 -8.0386
v  -2.2771 -15.4469 -8.6045
v  -1.0242 -14.5337 -8.3888
v  -1.2215 -15.4474 -9.0451
v  -3.1007 -8.7490 3.1036
v  -3.3710 -12.6100 2.9739
v  -2.0367 -12.6174 2.6279
v  -3.4686 -13.9621 2.8861
v  -3.5268 -14.5310 1.4506
v  -2.0191 -13.9683 2.5500
v  -2.0278 -14.4831 1.2937
v  -0.4790 -13.9454 2.2195
v  -0.1614 -14.3440 1.1091
v  -4.7417 -14.9471 -1.7640
v  -3.5089 -14.5340 -2.4253
v  -1.1259 -12.6563 2.4272
v  -1.1206 -13.9699 2.3503
v  -1.1483 -14.4673 1.1857
v  -2.7237 -5.8983 2.7997
v  -2.8273 -5.7970 1.9804
v  -2.6876 -5.7825 0.6383
v  -2.2114 -6.9722 2.6408
v  -2.2316 -6.8737 1.8117
v  -1.7956 -8.5064 1.5614
v  -1.8634 -8.4445 0.5271
v  -1.0851 -9.1611 2.2198
v  -1.1841 -9.1205 1.4710
v  -1.2434 -9.0931 0.5037
v  -0.3192 -9.3449 1.4497
v  -0.3419 -9.3304 0.5055
v  -0.3004 -9.3578 2.0862
v  -4.8854 -15.4466 0.0327
v  -4.4716 -14.5976 -0.0228
v  -3.5271 -14.5309 -0.1073
v  -2.0124 -14.4831 -0.1864
v  -0.1587 -14.3388 -0.0412
v  -1.1470 -14.4674 -0.1277
v  -0.4776 -12.6728 2.2841
v  -0.1233 -12.6212 1.4047
v  -0.1233 -12.5748 0.0968
v  -4.4630 -14.9525 -4.2569
v  -3.3131 -14.5352 -4.3735
v  -3.9491 -14.9394 -6.2136
v  -2.9250 -14.5311 -5.8041
v  -0.1582 -14.3379 -1.7554
v  -0.1233 -12.5314 -2.5674
v  -0.7332 -10.5958 12.5629
v  -1.5562 -10.5989 12.0822
v  -2.2592 -10.5961 11.3562
v  -2.8055 -10.5963 10.5128
v  -3.2873 -10.5974 9.4936
v  -3.6751 -10.5956 8.3547
v  -3.9939 -10.5873 7.0205
v  -4.2326 -10.5941 5.6806
v  -4.3612 -10.5944 4.3722
v  -4.3537 -10.5951 3.5511
v  -3.2267 -10.6647 3.0372
v  -2.0563 -10.7368 2.7320
v  -0.4482 -11.2062 2.3550
v  -1.1392 -11.0635 2.5119
v  -0.1233 -11.1556 1.4387
v  -0.1233 -11.0993 0.3378
v  -0.1233 -13.5875 0.0562
v  -0.1233 -13.5929 -2.0666
v  -1.8017 -8.1924 -1.2932
v  -1.2420 -8.7917 -1.5593
v  -0.3606 -9.0410 -1.6020
v  -1.8494 -5.0348 -1.2063
v  -1.6314 -5.7200 -0.5708
v  -1.1494 -14.4681 -2.1010
v  -0.9303 -12.7102 -3.6433
v  -1.0401 -13.7157 -3.0486
v  -1.9852 -14.4845 -3.1040
v  -1.3940 -13.1105 -4.1872
v  -1.5462 -13.9375 -3.8125
v  -2.0778 -14.4909 -4.5843
v  -1.5522 -13.3337 -4.8565
v  -1.5536 -14.0456 -4.7732
v  -0.1233 -10.6312 -2.8911
v  -0.9999 -11.1359 -3.6893
v  -1.4083 -11.4812 -4.2413
v  -1.5397 -11.7893 -4.9450
v  -0.1233 -9.5684 -3.5125
v  -0.9946 -10.0414 -3.9743
v  -1.4387 -10.4506 -4.4827
v  -1.5349 -10.7936 -5.1607
v  -0.1233 -8.4349 -4.4899
v  -0.9926 -8.9124 -4.8391
v  -1.4645 -9.4222 -5.2323
v  -1.5348 -9.9099 -5.7982
v  -0.3620 -7.0448 -6.7453
v  -1.0999 -7.2184 -6.8311
v  -1.4784 -7.8025 -7.2514
v  -1.4990 -8.3294 -7.7397
v  -0.3679 -4.9992 -1.5809
v  -0.3485 -5.7131 -1.0215
v  -0.3494 -6.0740 -0.8339
v  -1.7731 -7.6543 -2.3434
v  -1.2649 -8.3276 -2.6916
v  -0.4073 -8.6125 -2.7452
v  -1.3266 -6.4600 -1.6489
v  -1.7427 -6.8001 -3.6102
v  -1.2570 -7.5235 -3.9498
v  -0.1233 -8.0829 -4.1727
v  -1.2680 -5.7541 -2.8154
v  -0.3649 -5.6562 -2.4543
v  -1.7552 -5.0287 -5.8179
v  -1.2895 -5.7591 -6.1664
v  -0.1233 -6.3641 -6.3467
v  -1.2951 -3.8938 -4.7414
v  -0.3845 -3.8485 -4.3441
v  -2.3948 -3.5331 -2.0934
v  -2.7307 -2.3538 -2.5100
v  -4.1277 -3.5260 -1.0942
v  -4.5956 -2.4117 -1.3313
v  -0.1233 -10.6745 -1.1858
v  -1.8457 -8.3528 -0.3914
v  -1.2694 -9.0076 -0.5294
v  -0.3652 -9.2477 -0.5509
v  -3.0588 -5.0173 -0.5066
v  -2.2836 -5.7532 -0.1249
v  -2.1961 -6.9741 0.5431
v  -2.1239 -4.3254 -1.6997
v  -0.4569 -4.2984 -2.0684
v  -3.6808 -4.3320 -0.8578
v  -4.7781 -4.3462 0.5005
v  -6.4164 -1.3222 0.4476
v  -2.9233 -1.0561 -2.7805
v  -4.9834 -1.1904 -1.4908
v  -3.1515 0.5046 -2.7773
v  -5.2659 0.4167 -1.3640
v  -4.3932 0.6742 -3.7295
v  -3.9880 0.9710 -3.5410
v  -4.3110 0.8768 -5.4444
v  -4.0051 0.8326 -5.2980
v  -3.6292 1.0040 -5.1096
v  -4.0017 1.0048 -7.2047
v  -1.3988 1.0046 -4.5950
v  -0.1233 -5.7479 -1.4855
v  -0.3835 -6.2873 -1.0027
v  -0.1233 -7.5083 -5.6021
v  -1.0402 -7.9648 -5.9124
v  -1.4807 -8.5119 -6.3070
v  -1.5171 -9.0353 -6.8265
v  -1.7286 -5.8908 -4.7563
v  -1.2482 -6.6119 -5.1007
v  -0.4120 -6.9108 -5.1485
v  -1.2660 -4.8126 -3.8423
v  -0.1279 -4.7065 -3.2256
v  -0.6710 -3.5333 -2.5141
v  -0.5192 -3.5309 -3.0402
v  -0.9898 -2.3420 -2.9808
v  -0.8420 -2.3334 -3.8315
v  -1.1014 -0.9862 -3.2061
v  -0.8731 -0.3069 -5.5390
v  -0.8733 -1.2479 -4.7377
v  -1.2061 1.0049 -7.5023
v  -0.8732 -0.3068 -7.5856
v  -1.1691 1.0053 -8.7136
v  -0.8734 -0.3021 -8.9249
v  -0.3620 -0.5564 -9.1926
v  -0.1849 -4.5026 -2.4451
v  -0.1711 -3.6371 -3.5906
v  -1.7789 -4.4246 -6.5519
v  -1.3565 -5.2302 -6.8121
v  -0.2974 -5.4925 -6.7822
v  -1.2852 -3.0176 -5.6274
v  -0.1252 -2.7550 -5.1172
v  -0.3421 -2.4102 -4.5723
v  -1.7961 -3.9182 -7.3665
v  -1.3572 -4.7136 -7.5169
v  -0.3206 -4.9410 -7.4621
v  -1.2778 -2.1864 -6.6156
v  -0.1250 -1.8356 -6.2379
v  -0.3679 -1.4115 -5.4056
v  -1.7961 -3.7765 -8.1417
v  -1.3330 -4.5456 -8.0793
v  -0.2950 -4.6708 -8.0100
v  -1.3297 -1.9446 -7.4099
v  -0.1239 -1.5334 -7.0319
v  -0.3608 -0.5573 -6.2355
v  -0.3602 -0.5567 -7.6946
v  -0.1221 -6.2376 -7.1352
v  -1.1646 -6.5274 -7.6220
v  -1.5005 -7.1363 -8.0668
v  -1.5167 -7.6630 -8.5700
v  -0.3669 -5.5742 -8.3149
v  -1.2485 -5.7549 -8.3818
v  -1.6022 -6.3173 -8.8614
v  -1.6067 -6.8544 -9.4065
v  -0.3134 -4.9651 -8.4473
v  -1.3733 -4.8653 -8.6058
v  -1.7265 -5.3273 -9.3428
v  -1.7315 -5.8111 -10.0814
v  -1.6333 -6.2202 -10.7995
v  -1.7790 -4.0117 -8.8706
v  -1.7897 -4.2661 -9.5410
v  -1.7954 -4.5479 -10.3430
v  -1.7375 -4.7334 -11.2067
v  -1.3979 -1.9582 -8.4334
v  -1.4567 -1.9963 -9.3279
v  -1.6659 -2.2652 -10.4532
v  -0.1233 -1.5203 -8.1315
v  -1.5343 -0.8071 -10.5064
v  -1.9030 0.6815 -10.1948
v  -0.1237 -1.5306 -9.0902
v  -0.3443 -1.7725 -10.0125
v  -0.3626 -0.5564 -10.0017
v  -1.4887 -0.3324 -9.5603
v  -1.6892 -0.8582 -10.7489
v  -2.1025 1.0047 -11.1214
v  -1.0397 -0.3238 -12.2437
v  -1.1124 0.6787 -12.3114
v  -1.0973 -0.5560 -11.2498
v  -0.1233 -1.5222 -11.3806
v  -0.3918 -0.5560 -11.3835
v  -0.4863 1.0029 -12.6243
v  -1.5692 -0.3275 -11.7103
v  -1.7666 1.0046 -11.8574
v  -0.1157 -1.8563 -12.3372
v  -0.3394 -0.3301 -12.5321
v  -1.0965 -1.6173 -10.9695
v  -0.5663 -2.4701 -12.3856
v  -0.1233 -1.5445 -11.7805
v  -0.9920 -1.9895 -11.8602
v  -1.6941 -2.3780 -10.7766
v  -3.7771 1.0041 -6.9478
v  -2.5495 1.0044 -8.0478
v  -1.8797 1.0047 -9.3227
v  -3.9497 1.0273 -10.0810
v  -3.3935 1.0041 -10.9032
v  -3.4001 1.0042 -8.5583
v  -2.9567 1.0045 -9.7091
v  -2.8949 1.0041 -10.1845
v  -2.8544 1.0041 -11.1710
v  -2.0692 1.0040 -12.1261
v  -1.5124 1.0041 -13.0365
v  -0.7245 1.0043 -13.3191
v  -1.3423 -6.2874 -11.4190
v  -1.4881 -4.8324 -11.9237
v  -1.4295 -2.5538 -11.8849
v  -0.7671 -6.2904 -11.8697
v  -0.8925 -4.8760 -12.3987
v  -0.8479 -2.9911 -12.4868
v  -1.4163 -7.3084 -9.9727
v  -1.1181 -7.3932 -10.4890
v  -0.6283 -7.4123 -10.8734
v  -0.1755 -7.3764 -11.1077
v  -1.2659 -8.1378 -9.0952
v  -0.9422 -8.3081 -9.4430
v  -0.5207 -8.3871 -9.6906
v  -0.1233 -8.5532 -10.0277
v  -1.2205 -8.8024 -8.2568
v  -0.8666 -8.9858 -8.6011
v  -0.4783 -9.0639 -8.8095
v  -0.1233 -9.1677 -9.3290
v  -1.2516 -9.5103 -7.3468
v  -0.8776 -9.7038 -7.6782
v  -0.4822 -9.7777 -7.8781
v  -0.1233 -9.8925 -8.4485
v  -1.3164 -10.3528 -6.3599
v  -0.9217 -10.5402 -6.7301
v  -0.5108 -10.6112 -6.9241
v  -0.1233 -10.7268 -7.5458
v  -1.3477 -11.0583 -5.9141
v  -0.9520 -11.2050 -6.3686
v  -0.5343 -11.2934 -6.5707
v  -0.1233 -11.3781 -7.1764
v  -1.3884 -12.0872 -5.8689
v  -0.9885 -12.2048 -6.3716
v  -0.5562 -12.2670 -6.5693
v  -0.1233 -12.2922 -7.1148
v  -1.4090 -13.2921 -5.8541
v  -0.9972 -13.3316 -6.3777
v  -0.5609 -13.3583 -6.5728
v  -0.1233 -13.3566 -7.0837
v  -1.4071 -13.9267 -5.8497
v  -0.9970 -13.9401 -6.3741
v  -0.5618 -13.9620 -6.5743
v  -1.8643 -14.4929 -6.0901
v  -1.2493 -14.4837 -6.7733
v  -0.6855 -14.4683 -7.0212
v  -0.3763 -14.4631 -7.0818
v  -0.1233 -13.9879 -7.0985
v  -0.1233 -13.3702 -8.4407
v  -0.1233 -14.1513 -8.5562
v  -0.1233 -11.4846 -8.6044
v  -0.1233 -12.2621 -8.4660
v  -0.1187 -9.0791 -10.0601
v  -0.1233 -9.9009 -9.4551
v  -0.1233 -10.7593 -8.9139
v  0.0041 1.0787 14.7069
v  0.0037 1.4476 -3.8804
v  0.0037 1.4476 -5.3369
v  0.0037 1.4476 -6.9928
v  0.0072 1.4476 -8.6246
v  0.0037 1.4476 -13.6206
v  0.0065 1.0270 -14.0002
v  0.0041 -8.6132 12.4342
v  0.0041 -10.5960 12.6955
v  -0.0019 1.0039 -12.6931
v  0.0037 -4.8995 -12.5342
v  -0.0009 -7.4190 -11.2648
v  0.0037 -13.3678 -8.6021
v  0.0037 -14.1729 -8.7600
v  0.0037 -11.5197 -8.7890
v  0.0037 -12.2620 -8.6095
v  0.0037 -9.9081 -9.6278
v  0.0037 -5.4682 -6.8917
v  0.0037 -4.9673 -7.4598
v  0.0037 -4.6893 -7.9978
v  0.0037 -5.5456 -8.3066
v  0.9100 1.4480 13.1574
v  1.3165 1.0764 14.5254
v  2.5579 1.0761 14.0205
v  3.6592 1.0786 13.1732
v  4.5199 1.0766 12.1911
v  5.1945 1.0713 11.1653
v  5.8048 1.0761 10.0807
v  6.3706 1.0732 8.7560
v  6.8330 1.0737 7.2581
v  7.1021 1.0739 5.7028
v  7.1620 1.0674 3.9268
v  6.9332 1.0794 2.1009
v  6.5013 1.1111 0.4782
v  5.9898 1.1823 -0.9334
v  5.3058 1.2253 -2.4308
v  2.0623 1.4478 -2.7095
v  2.0279 1.4476 -3.8721
v  4.6911 1.2430 -3.9048
v  2.0769 1.4476 -5.3481
v  4.2574 1.2621 -5.4198
v  0.0037 1.4479 -2.8160
v  2.1257 1.4476 -7.0318
v  3.9984 1.2784 -7.1713
v  2.1404 1.4476 -8.7872
v  3.9552 1.2870 -9.2180
v  2.1046 1.4476 -10.0572
v  3.9173 1.3006 -10.0388
v  1.8317 1.4476 -11.5421
v  3.4935 1.3008 -10.8689
v  1.0224 1.4480 -13.6554
v  2.0982 1.2947 -13.2872
v  2.7408 -0.5177 14.4675
v  1.4156 -0.5228 15.0059
v  3.9314 -0.5183 13.5861
v  4.8853 -0.5268 12.5124
v  5.6045 -0.5236 11.4361
v  6.2231 -0.5181 10.2859
v  6.7768 -0.5208 8.9120
v  7.2133 -0.5211 7.3947
v  7.4737 -0.5179 5.8064
v  7.4935 -0.5284 4.0066
v  7.2336 -0.7062 2.1721
v  6.0708 0.2171 -0.9698
v  5.3304 0.5428 -2.4958
v  4.7587 0.6999 -3.9300
v  4.3188 0.8612 -5.4579
v  4.0422 1.0353 -7.1871
v  4.0002 1.0298 -9.2313
v  3.9636 1.0322 -10.0483
v  3.5268 1.0372 -10.9025
v  1.6144 1.0048 -13.8064
v  0.9389 1.0289 -13.9999
v  2.6733 -1.3751 14.3429
v  1.3747 -1.3682 14.8747
v  3.8396 -1.3781 13.4954
v  4.7956 -1.3803 12.4523
v  5.5208 -1.3869 11.3735
v  6.1311 -1.3892 10.2221
v  6.6758 -1.3761 8.8852
v  7.1159 -1.3857 7.3688
v  7.3609 -1.3881 5.8045
v  7.3869 -1.3920 4.0527
v  7.0929 -1.3872 2.2244
v  6.4221 -1.3216 0.4474
v  2.4443 -2.5307 13.7531
v  1.2408 -2.5185 14.2311
v  3.4799 -2.5189 13.0049
v  4.3711 -2.5276 12.0761
v  5.0977 -2.5346 11.0376
v  5.6950 -2.5373 9.9335
v  6.2468 -2.5256 8.6162
v  6.6716 -2.5316 7.1203
v  6.8858 -2.5230 5.6542
v  6.9171 -2.5226 4.0430
v  6.6347 -2.5287 2.2643
v  5.9495 -2.4865 0.4566
v  2.0124 -3.5228 12.8094
v  1.0164 -3.5101 13.2070
v  2.9141 -3.5260 12.2085
v  3.6828 -3.5418 11.4177
v  4.4030 -3.5511 10.4594
v  5.0012 -3.5620 9.4086
v  5.5489 -3.5583 8.1514
v  5.9783 -3.5661 6.7401
v  6.2182 -3.5661 5.3919
v  6.2699 -3.5703 3.9303
v  6.0294 -3.5715 2.2372
v  5.3874 -3.5299 0.4912
v  1.6062 -4.1314 11.9945
v  0.7961 -4.1666 12.3809
v  2.3634 -4.1321 11.4601
v  3.0032 -4.1813 10.7744
v  3.6828 -4.2353 9.8619
v  4.2548 -4.2975 8.8377
v  4.7940 -4.3451 7.6052
v  5.2219 -4.3656 6.2976
v  5.4894 -4.3601 5.0777
v  5.5764 -4.3619 3.7631
v  5.3988 -4.3557 2.1467
v  4.8576 -4.2746 0.4970
v  0.6126 -6.1675 12.0096
v  1.4258 -4.6210 11.7439
v  2.0429 -4.5748 11.1383
v  2.5476 -4.5767 10.3885
v  3.1195 -4.6397 9.4362
v  3.6235 -4.7353 8.3843
v  4.0496 -4.8320 7.1258
v  4.3997 -4.9037 5.8380
v  4.6162 -4.9388 4.6381
v  4.7061 -4.9463 3.5651
v  4.7507 -4.8726 2.0687
v  4.4900 -4.6368 0.4869
v  0.6950 -8.6130 12.3115
v  1.4722 -8.6138 11.8610
v  2.1413 -8.6069 11.1737
v  2.6774 -8.6029 10.3614
v  3.1531 -8.5979 9.3606
v  3.5354 -8.5896 8.2436
v  3.8411 -8.5834 6.9193
v  4.0771 -8.5939 5.5984
v  4.2016 -8.5949 4.3280
v  4.1796 -8.6015 3.5957
v  1.5636 -10.5989 12.0822
v  0.7406 -10.5958 12.5629
v  2.2666 -10.5961 11.3562
v  2.8129 -10.5963 10.5128
v  3.2947 -10.5974 9.4936
v  3.6825 -10.5956 8.3547
v  4.0013 -10.5873 7.0205
v  4.2400 -10.5941 5.6806
v  4.3680 -10.5945 4.3794
v  4.3783 -10.5936 3.5941
v  0.7881 -12.6955 12.8295
v  0.8448 -14.6519 13.0732
v  0.0040 -14.6570 13.2307
v  1.6599 -12.6969 12.3236
v  1.7499 -14.6587 12.5492
v  2.3914 -12.6957 11.5587
v  2.4897 -14.6596 11.7693
v  2.9471 -12.6957 10.6881
v  3.0446 -14.6596 10.9047
v  3.4371 -12.6968 9.6494
v  3.5470 -14.6590 9.8618
v  3.8380 -12.6958 8.4827
v  3.9708 -14.6575 8.6504
v  4.1685 -12.6866 7.1319
v  4.3201 -14.6491 7.2549
v  4.4105 -12.6931 5.7714
v  4.5610 -14.6579 5.8727
v  4.5387 -12.6885 4.4385
v  4.6958 -14.6156 4.5116
v  4.5774 -12.6345 3.5999
v  1.7776 -15.4465 12.6456
v  2.5191 -15.4464 11.8645
v  3.0727 -15.4464 11.0121
v  3.5819 -15.4464 9.9709
v  4.0186 -15.4465 8.7363
v  4.3765 -15.4468 7.3267
v  4.6184 -15.4466 5.9293
v  4.7686 -15.4465 4.5503
v  4.8663 -15.4466 2.8954
v  4.8121 -14.8957 1.6039
v  4.8955 -15.4466 1.6175
v  4.8141 -14.9204 0.0162
v  4.8928 -15.4466 0.0327
v  4.8297 -15.4466 -1.7314
v  4.7485 -14.9459 -1.7669
v  4.4693 -14.9499 -4.2583
v  4.5568 -15.4466 -4.2429
v  3.9537 -14.9336 -6.2150
v  4.0535 -15.4468 -6.2238
v  3.1466 -14.9188 -7.6898
v  3.2217 -15.4467 -7.7684
v  2.2342 -14.9014 -8.5020
v  2.2845 -15.4469 -8.6045
v  1.1754 -14.8981 -8.9241
v  1.2277 -15.4474 -9.0451
v  0.4646 -14.8721 -9.0399
v  0.0026 -15.4469 -9.1823
v  3.1243 -8.7714 3.1059
v  3.2354 -10.6654 3.0373
v  3.3768 -12.6098 2.9734
v  3.4654 -13.9696 2.8830
v  2.0467 -10.7416 2.7277
v  2.0440 -12.6173 2.6279
v  2.0344 -14.4577 2.0707
v  1.1440 -11.0527 2.5118
v  1.1333 -12.6563 2.4272
v  1.1474 -14.4561 1.8757
v  3.5306 -14.5309 1.4459
v  2.0352 -14.4831 1.2932
v  1.1557 -14.4673 1.1858
v  3.5279 -14.5306 -0.1070
v  2.0133 -14.4829 -0.1824
v  1.1533 -14.4674 -0.1271
v  0.4554 -11.1944 2.3556
v  0.5401 -14.4593 1.7158
v  0.5755 -14.4624 1.1110
v  0.5784 -14.4624 -0.0859
v  2.7098 -6.4512 1.8920
v  2.3219 -6.5501 0.8838
v  1.7953 -8.5216 1.5612
v  2.0765 -8.8715 2.8337
v  1.8633 -8.4552 0.5399
v  1.1896 -9.1214 1.4842
v  1.1473 -9.6723 2.5805
v  1.2517 -9.0945 0.5036
v  0.3271 -9.3447 1.4627
v  0.1307 -10.1790 2.1292
v  0.3493 -9.3304 0.5055
v  3.5044 -14.5335 -2.4239
v  1.9474 -14.4837 -3.0764
v  1.1503 -14.4680 -2.0970
v  0.5722 -14.4622 -1.7465
v  0.1307 -11.1608 1.4362
v  0.4850 -12.6728 2.2841
v  0.1307 -12.6200 1.4049
v  0.1307 -11.1001 0.3381
v  0.1307 -12.5754 0.0970
v  0.1307 -13.5863 0.0564
v  3.3113 -14.5348 -4.3739
v  2.0762 -14.4909 -4.5853
v  2.9095 -14.5300 -5.8099
v  0.1307 -10.6846 -1.1825
v  0.1307 -12.5371 -2.5656
v  0.3232 -13.6739 -2.6431
v  0.1307 -9.7121 -0.7148
v  1.8565 -8.3470 -0.3835
v  1.2768 -9.0076 -0.5294
v  0.9518 -12.7225 -3.6537
v  1.0475 -13.7157 -3.0486
v  1.4153 -13.1338 -4.2138
v  1.5536 -13.9375 -3.8125
v  1.5596 -13.3337 -4.8565
v  1.5610 -14.0456 -4.7732
v  1.4164 -13.2921 -5.8541
v  1.4145 -13.9267 -5.8497
v  1.0073 -11.1359 -3.6893
v  1.4157 -11.4812 -4.2413
v  1.5471 -11.7893 -4.9449
v  1.3958 -12.0872 -5.8689
v  0.3349 -9.8555 -3.8066
v  1.0021 -10.0414 -3.9742
v  1.4457 -10.4507 -4.4829
v  1.5423 -10.7936 -5.1607
v  1.3550 -11.0582 -5.9140
v  0.3122 -8.7287 -4.7513
v  0.9997 -8.9128 -4.8394
v  1.4713 -9.4223 -5.2324
v  1.5422 -9.9099 -5.7982
v  1.3220 -10.3522 -6.3592
v  0.3376 -7.7967 -5.8262
v  1.0476 -7.9648 -5.9124
v  1.4876 -8.5120 -6.3071
v  1.5245 -9.0353 -6.8265
v  1.2590 -9.5103 -7.3468
v  2.0145 -6.3120 -0.0853
v  0.4629 -5.9781 -0.8176
v  1.9889 -6.7880 -0.0697
v  0.5305 -6.2677 -0.9099
v  1.8057 -8.1966 -1.3059
v  1.4652 -6.5611 -1.7168
v  1.7788 -7.6595 -2.3486
v  1.2494 -8.7917 -1.5593
v  1.2725 -8.3278 -2.6917
v  0.1307 -9.4872 -1.8810
v  0.1307 -8.9337 -2.9497
v  0.4525 -6.1676 -1.5581
v  1.4003 -5.8135 -2.9179
v  1.7495 -6.8058 -3.6145
v  1.2647 -7.5238 -3.9500
v  0.1307 -8.0829 -4.1727
v  0.4436 -5.6459 -2.4913
v  1.4002 -4.8540 -3.9500
v  1.7345 -5.8954 -4.7602
v  1.2556 -6.6119 -5.1007
v  0.1307 -7.1766 -5.3219
v  0.4305 -4.7493 -3.4863
v  1.7181 -2.9875 -2.5819
v  2.7788 -2.3178 -2.5023
v  0.9613 -2.3644 -3.4850
v  4.1669 -3.4781 -1.1102
v  4.6066 -2.4099 -1.3357
v  2.9325 -1.0547 -2.7802
v  0.8807 -1.0839 -3.7614
v  4.9874 -1.1897 -1.4883
v  3.0601 0.5049 -2.8294
v  0.8807 0.6055 -3.8796
v  5.1419 0.0268 -1.4545
v  4.3899 0.6776 -3.7623
v  3.9486 0.9792 -3.6052
v  4.0125 0.8326 -5.2980
v  3.5791 1.0040 -5.1851
v  3.7844 1.0041 -6.9442
v  3.3207 1.0040 -7.0866
v  0.1440 -4.6092 -2.8195
v  0.3694 -7.0448 -6.7453
v  1.1073 -7.2184 -6.8311
v  1.4858 -7.8025 -7.2514
v  1.5064 -8.3294 -7.7397
v  1.2279 -8.8024 -8.2568
v  1.4304 -3.9400 -4.8533
v  1.7621 -5.0323 -5.8208
v  1.2965 -5.7587 -6.1661
v  0.1307 -6.3641 -6.3467
v  0.4325 -3.8227 -4.3791
v  1.1010 -3.6210 -3.3280
v  0.8008 -2.3961 -4.2415
v  0.7934 -1.3447 -5.0751
v  0.8051 -0.4842 -5.8607
v  0.8801 0.6758 -7.5258
v  0.8350 -0.4482 -7.6104
v  0.8807 0.7032 -8.8147
v  0.8206 -0.4653 -8.9238
v  0.4263 -1.4161 -5.3865
v  0.3521 -2.4309 -4.5589
v  0.4073 -0.5560 -6.2392
v  0.4332 -0.5560 -7.6292
v  0.4046 -0.5560 -9.0205
v  0.1540 -3.6927 -3.6967
v  1.4245 -3.0725 -5.7205
v  1.7861 -4.4272 -6.5540
v  1.3639 -5.2302 -6.8121
v  0.3047 -5.4924 -6.7821
v  0.4212 -2.8745 -5.3389
v  1.4113 -2.2671 -6.6722
v  1.8034 -3.9216 -7.3684
v  1.3646 -4.7136 -7.5169
v  0.3280 -4.9410 -7.4621
v  0.1307 -1.8519 -6.1663
v  1.4813 -2.0500 -7.4453
v  1.8024 -3.7936 -8.1488
v  1.3427 -4.5488 -8.0789
v  0.3024 -4.6708 -8.0100
v  0.1326 -1.5476 -7.0237
v  1.5488 -2.0782 -8.4650
v  1.7893 -4.0383 -8.8756
v  1.3799 -4.8649 -8.6065
v  0.3208 -4.9652 -8.4472
v  0.1319 -1.5395 -8.1230
v  0.2997 -6.3313 -7.5592
v  1.1722 -6.5273 -7.6219
v  1.5078 -7.1363 -8.0668
v  1.5242 -7.6631 -8.5700
v  1.2734 -8.1378 -9.0952
v  0.3743 -5.5742 -8.3149
v  1.2560 -5.7549 -8.3818
v  1.6073 -6.3175 -8.8619
v  1.6141 -6.8544 -9.4065
v  1.4245 -7.3087 -9.9729
v  1.7339 -5.3273 -9.3428
v  1.7389 -5.8111 -10.0814
v  1.6407 -6.2202 -10.7995
v  1.7960 -4.2957 -9.5421
v  1.8023 -4.5723 -10.3396
v  1.7440 -4.7556 -11.2083
v  1.5853 -2.1092 -9.3595
v  1.7122 -2.4168 -10.7648
v  0.1315 -1.5358 -9.0740
v  1.2963 -0.5560 -9.7134
v  1.5678 0.6756 -9.4949
v  0.3256 -1.5238 -10.2523
v  1.9229 0.7069 -10.2353
v  1.9390 0.6882 -11.0541
v  1.5508 -0.8099 -10.8762
v  1.6563 0.6852 -11.7616
v  1.4575 -0.5303 -11.6205
v  1.1049 -0.8146 -10.9693
v  1.1025 -1.8593 -11.2013
v  0.3361 -0.8152 -11.1298
v  0.3736 -1.7745 -11.3669
v  1.0305 -0.5461 -12.0316
v  1.1161 0.6797 -12.3143
v  0.4963 1.0043 -12.6242
v  0.1307 -0.8139 -12.2720
v  0.1308 -1.7902 -12.2491
v  0.3919 -1.8169 -11.8002
v  0.9994 -1.9895 -11.8602
v  0.5736 -2.4702 -12.3854
v  0.8560 -2.9904 -12.4866
v  1.4387 -2.5519 -11.8812
v  0.0037 -1.8830 -12.4195
v  0.0037 -2.7129 -12.5361
v  0.0037 -3.3302 -12.6404
v  0.0037 -0.8382 -12.5188
v  0.7332 1.0043 -13.3196
v  2.5774 1.0044 -8.0363
v  3.4083 1.0042 -8.5375
v  2.9611 1.0045 -9.7012
v  2.7581 1.0041 -10.1782
v  2.6925 1.0040 -11.0681
v  2.0879 1.0040 -12.0606
v  0.0042 1.0042 -13.6274
v  1.4979 -4.8311 -11.9214
v  1.3501 -6.2876 -11.4192
v  0.9005 -4.8752 -12.3986
v  0.7733 -6.2893 -11.8678
v  0.0037 -6.2306 -12.0345
v  1.1251 -7.3929 -10.4887
v  0.6333 -7.4118 -10.8729
v  0.0037 -6.9072 -11.6015
v  0.1695 -7.3841 -11.1160
v  0.9496 -8.3081 -9.4430
v  0.5279 -8.3872 -9.6905
v  0.2155 -8.4150 -9.8349
v  0.8740 -8.9858 -8.6011
v  0.4857 -9.0639 -8.8095
v  0.2200 -9.0823 -8.9555
v  0.8850 -9.7038 -7.6782
v  0.4894 -9.7774 -7.8779
v  0.2219 -9.7950 -8.0189
v  0.9289 -10.5400 -6.7298
v  0.5182 -10.6112 -6.9240
v  0.2156 -10.6256 -7.0519
v  0.9594 -11.2050 -6.3686
v  0.5411 -11.2935 -6.5706
v  0.2205 -11.3187 -6.6759
v  0.9959 -12.2048 -6.3716
v  0.5629 -12.2666 -6.5680
v  1.0046 -13.3316 -6.3777
v  0.5671 -13.3582 -6.5715
v  1.0044 -13.9401 -6.3741
v  0.5648 -13.9624 -6.5744
v  0.2552 -13.9557 -6.6560
v  1.2474 -14.4832 -6.7674
v  0.6910 -14.4682 -7.0165
v  0.1616 -14.3427 -7.1176
v  0.1307 -14.1513 -8.5594
v  0.1307 -12.2621 -8.4549
v  0.1307 -13.3702 -8.4309
v  0.1307 -10.7593 -8.9449
v  0.1307 -11.4846 -8.6054
v  0.1261 -9.0791 -10.0601
v  0.1307 -9.9009 -9.4551
v  0.0037 -10.7731 -9.1086
v  0.0037 -9.0664 -10.1815
v  0.0037 -4.9745 -8.4250
v  0.0037 -6.1531 -7.2145
v  0.0041 -0.8876 15.2346
v  0.0041 -1.3764 15.0649
v  0.0041 -2.5283 14.4091
v  0.0041 -3.4991 13.3624
v  2.6341 -6.6074 2.7775
v  2.5952 -3.3536 -2.1095
v  1.8437 -4.4464 -2.6256
v  0.1307 -5.3409 -2.0061
v  3.9569 -6.2778 1.9020
v  4.1109 -5.9319 0.3306
v  3.4406 -5.2828 -1.3204
v  3.4298 -6.5017 2.8731
v  -1.3091 1.0764 14.5254
v  -2.5505 1.0761 14.0205
v  -3.6475 1.0766 13.1687
v  -4.5124 1.0766 12.1910
v  -5.1872 1.0714 11.1653
v  -5.7824 1.0708 10.0733
v  -6.3649 1.0737 8.7566
v  -6.8256 1.0737 7.2581
v  -7.0946 1.0739 5.7028
v  -7.1528 1.0787 3.9381
v  -6.9278 1.0680 2.1014
v  -6.4922 1.0987 0.4679
v  -5.9824 1.1828 -0.9334
v  -5.2984 1.2253 -2.4308
v  -4.6837 1.2430 -3.9048
v  -4.2500 1.2620 -5.4197
v  -3.9885 1.2782 -7.1990
v  -3.9476 1.2877 -9.3860
v  -3.9079 1.2909 -10.0576
v  -3.5509 1.3006 -10.7573
v  -2.0638 1.2954 -13.3349
v  -0.8960 1.2934 -13.9527
v  0.0041 1.4476 14.3620
v  0.0037 1.2910 -13.9531
v  1.2261 1.4476 14.1966
v  2.3968 1.4476 13.7219
v  3.4341 1.4476 12.9122
v  4.2564 1.4476 11.9848
v  4.9197 1.4476 11.0123
v  5.5005 1.4476 9.9629
v  6.0660 1.4476 8.6732
v  6.5242 1.4476 7.1977
v  6.7909 1.4476 5.6663
v  6.8361 1.4476 3.9528
v  6.6305 1.4476 2.1816
v  6.2117 1.4476 0.5902
v  5.6813 1.4476 -0.7861
v  4.8291 1.4476 -2.3240
v  4.2892 1.4476 -3.8926
v  3.9398 1.4476 -5.4012
v  3.7329 1.4476 -7.1402
v  3.6797 1.4476 -9.1513
v  3.5975 1.4476 -10.0234
v  3.1862 1.4476 -10.9406
v  0.9146 1.2946 -13.9524
v  1.5937 1.4476 -13.6383
v  -1.4082 -0.5228 15.0059
v  -2.7364 -0.8825 14.4958
v  -3.9335 -0.8818 13.6171
v  -4.9033 -0.8757 12.5406
v  -5.6216 -0.8766 11.4548
v  -6.2377 -0.8806 10.2955
v  -6.7882 -0.8787 8.9255
v  -7.2185 -0.8791 7.4083
v  -7.4738 -0.8817 5.8219
v  -7.4981 -0.8841 4.0384
v  -7.2052 -0.8773 2.2035
v  -6.0631 0.2200 -0.9699
v  -5.2718 0.5053 -2.4753
v  -4.7083 0.6663 -3.9072
v  -3.9135 1.0041 -9.2779
v  -0.9112 1.0049 -13.9146
v  -4.2664 0.8390 -5.4290
v  -4.0336 1.0298 -7.2187
v  -3.8061 1.0040 -10.0287
v  -3.6884 1.0293 -10.6140
v  -2.0429 1.0041 -13.2854
v  0.0037 1.0050 -13.9029
v  2.7438 -0.8825 14.4958
v  1.4172 -0.8795 15.0351
v  3.9409 -0.8818 13.6171
v  4.9107 -0.8757 12.5406
v  5.6288 -0.8766 11.4547
v  6.2451 -0.8806 10.2955
v  6.7956 -0.8787 8.9255
v  7.2258 -0.8791 7.4083
v  7.4812 -0.8817 5.8219
v  7.5055 -0.8841 4.0384
v  7.2123 -0.8773 2.2026
v  6.0518 0.1646 -0.9685
v  5.2995 0.5052 -2.4815
v  4.7280 0.6669 -3.9163
v  4.2921 0.8414 -5.4505
v  4.0300 1.0047 -7.1857
v  3.9642 1.0042 -9.1920
v  3.9229 1.0043 -10.0295
v  3.4817 1.0041 -10.8882
v  0.9151 1.0051 -13.8998
v  0.0041 -0.5118 15.2032
v  0.8804 0.6526 -5.5233
v  -3.4325 0.9033 -2.9838
v  -5.4360 0.3484 -1.4354
v  -5.0841 0.4812 -2.0341
v  -4.8519 0.6135 -1.7523
v  -2.1737 0.6039 -3.1378
v  -0.8733 0.7681 -4.6242
v  -0.8728 0.6854 -7.4392
v  -0.8733 0.7232 -8.8123
v  -2.1144 1.0043 -10.1739
v  -1.9328 0.6879 -11.0456
v  -1.1309 1.0048 -12.3414
v  -0.4565 0.6785 -12.6030
v  -1.6525 0.6844 -11.7554
v  -1.5550 0.6878 -9.4857
v  0.0037 0.6793 -12.6629
v  3.2185 0.8785 -2.8039
v  1.0821 0.9934 -4.0038
v  5.3538 0.3873 -1.3826
v  1.1488 1.0046 -7.5491
v  1.1765 1.0054 -8.7234
v  1.8214 1.0047 -9.3440
v  2.0990 1.0043 -10.1893
v  2.1167 1.0046 -11.0905
v  1.7748 1.0046 -11.8591
v  0.4620 0.6797 -12.6038
v  -6.5801 -0.6838 0.4986
v  -6.6747 -0.4807 0.5089
v  6.5614 -0.7186 0.4615
v  6.6399 -0.4883 0.4892
v  1.1463 1.0042 -5.4352
v  -0.6052 -6.1675 12.0096
v  0.0051 -4.6623 12.2668
v  -1.3022 -6.1403 11.6247
v  -1.9197 -6.0891 11.0167
v  -2.4446 -6.0307 10.2401
v  -2.9328 -5.9579 9.2369
v  -3.3250 -5.8872 8.1081
v  -3.6296 -5.8871 6.8158
v  -3.8524 -5.9555 5.5082
v  -3.9739 -6.0057 4.2722
v  -3.8897 -6.0324 3.5791
v  -2.8638 -6.4329 3.1593
v  -2.5265 -7.1365 3.0372
v  -1.7285 -8.5328 2.4560
v  -2.2041 -8.8480 2.8677
v  -1.1631 -9.7521 2.5815
v  -0.4175 -10.0372 2.4101
v  0.7053 -4.6368 12.1575
v  1.3096 -6.1403 11.6247
v  1.9271 -6.0891 11.0167
v  2.4520 -6.0307 10.2401
v  2.9401 -5.9595 9.2374
v  3.3303 -5.8988 8.1172
v  3.6377 -5.9008 6.8183
v  3.8600 -5.9575 5.5083
v  3.9808 -5.9612 4.2242
v  4.1739 -5.5515 1.9911
v  4.2855 -5.1972 0.3947
v  1.4314 -2.2636 -2.9167
v  3.6178 -4.6007 -1.1093
v  3.8631 -4.0974 -0.9167
v  1.3856 -1.0256 -3.1608
v  1.4052 0.6060 -3.2985
v  1.6339 0.9699 -3.4971
v  -0.5997 -5.3254 11.9640
v  0.0049 -5.3220 12.0690
v  -1.2743 -5.3161 11.5783
v  -1.8574 -5.2966 10.9774
v  -2.3723 -5.2813 10.2231
v  -2.8620 -5.2683 9.2406
v  -3.2664 -5.2995 8.1212
v  -3.5836 -5.3452 6.8335
v  -3.8089 -5.4088 5.5277
v  -3.9308 -5.4914 4.2982
v  -2.7574 -6.0897 3.0985
v  -2.3318 -7.0716 2.9461
v  -1.8915 -8.6163 2.7761
v  -1.1029 -9.3394 2.5250
v  -0.1233 -9.8934 2.0908
v  0.6079 -5.3175 11.9645
v  1.2814 -5.3122 11.5794
v  1.8641 -5.3004 10.9780
v  2.3799 -5.2947 10.2222
v  2.8719 -5.2860 9.2390
v  3.2753 -5.3158 8.1212
v  3.5905 -5.3545 6.8333
v  3.8172 -5.4015 5.5284
v  3.9567 -5.3668 4.3595
v  4.2342 -5.1568 2.0934
v  4.2777 -4.8638 0.4645
v  3.6074 -4.3114 -0.9967
v  0.9478 -1.0324 -3.2803
v  0.9575 0.6222 -3.4139
v  1.2823 0.9792 -3.6512
v  -3.8540 -5.5705 3.5891
v  3.9455 -5.3173 3.4963
v  -1.6763 -6.3078 -0.2951
v  -1.5933 -6.8288 -0.6870
v  -0.1448 -5.0781 -1.6866
v  -0.1265 -5.7569 -1.2275
v  -0.1247 -5.5235 -2.2492
v  -0.1284 -3.7863 -4.1272
v  -2.1007 -6.4916 0.0544
v  -1.9923 -7.0548 -0.1176
v  -0.2234 -4.3412 -2.2080
v  -2.2459 0.9744 -3.6066
v  -2.5878 0.9543 -3.3485
v  -3.5438 1.0040 -6.4597
v  -1.2903 1.0044 -5.2664
v  -0.1531 -6.0175 -1.5231
v  -0.4000 -6.1602 -1.5498
v  -0.3910 -4.7518 -3.4768
v  -0.4725 -3.5360 -2.7370
v  -0.4022 -3.5886 -3.3771
v  -0.7962 -2.3610 -3.2736
v  -0.6896 -2.3848 -4.3433
v  -1.0760 -0.5386 -3.3975
v  -0.8733 -0.9871 -3.4435
v  -0.6910 -0.5460 -6.0344
v  -0.6931 -1.3343 -5.2412
v  -0.6790 -0.5483 -7.6335
v  -0.6265 -0.5555 -8.9318
v  -0.1660 -4.4323 -2.6706
v  -0.1233 -5.2171 -1.9549
v  -0.3807 -2.8743 -5.3320
v  -0.3536 -1.9909 -6.4242
v  -0.3887 -1.7768 -7.2420
v  -1.4669 -2.0118 -10.2520
v  -1.4672 -1.7530 -10.4921
v  -1.6467 -1.9158 -10.5641
v  -0.3746 -1.7756 -8.2441
v  -1.5258 -0.5550 -10.1343
v  -1.8251 -0.3358 -10.2828
v  -1.6591 -0.8149 -10.5784
v  -0.3606 -1.7743 -9.1190
v  -0.1243 -1.5382 -10.0092
v  -0.3207 -1.5320 -10.2524
v  -0.3338 -0.7968 -10.2549
v  -1.1710 -0.5560 -9.5977
v  -1.8513 -0.3766 -10.9277
v  -1.6002 -0.5545 -11.1047
v  -1.5434 -0.8385 -10.8762
v  -0.9479 -0.5560 -11.9585
v  -1.1015 -0.8534 -10.9685
v  -0.3368 -1.7717 -11.3747
v  -0.3252 -1.5211 -11.1306
v  -0.1233 -0.8118 -11.3834
v  -0.3293 -0.8085 -11.1297
v  -1.3838 -0.5543 -11.5651
v  -0.2272 -2.1555 -12.2804
v  -0.1234 -1.7287 -12.1718
v  -0.1229 -0.7974 -12.4043
v  -0.1233 -0.8086 -12.2623
v  -0.3839 -0.5560 -12.2531
v  -1.0978 -1.8586 -11.1871
v  -0.3717 -1.8152 -11.7981
v  -1.6870 -2.0386 -10.7557
v  -1.5880 -1.9285 -10.8620
v  -1.5856 -2.2090 -11.0104
v  0.1410 -5.7942 -1.1878
v  1.6421 -6.9332 -0.9105
v  0.5017 -6.3178 -1.0562
v  0.1666 -6.1643 -1.1234
v  0.1721 -6.0316 -1.5624
v  0.1555 -5.5740 -2.3206
v  0.1517 -4.7236 -3.2825
v  0.4899 -4.5272 -2.6466
v  0.1502 -3.7996 -4.1761
v  0.1392 -1.5044 -5.5779
v  0.1369 -2.5307 -4.7300
v  0.1308 -0.8033 -6.3502
v  0.1307 -0.8139 -7.7283
v  0.1307 -0.8184 -9.0440
v  0.4412 -3.6588 -3.5311
v  0.1331 -2.7766 -5.1027
v  0.4232 -1.9813 -6.4522
v  0.3772 -1.7751 -7.2362
v  0.3656 -1.7741 -8.2872
v  1.5552 -1.7944 -10.5092
v  1.5139 -2.0465 -10.2751
v  1.5766 -2.1884 -11.0270
v  1.5581 -1.8612 -10.8746
v  1.6980 -1.9462 -10.7437
v  0.3778 -1.7752 -9.1489
v  1.5124 -0.3178 -9.5811
v  1.6670 -0.8187 -10.5791
v  1.8375 -0.3337 -10.3034
v  1.5292 -0.5567 -10.2588
v  0.3822 -0.5560 -10.0073
v  0.1307 -1.5211 -10.0048
v  0.3776 -1.7752 -9.9929
v  1.6325 -0.5494 -11.1175
v  1.8520 -0.3621 -10.9862
v  1.6962 -0.8315 -10.7503
v  1.5693 -0.3368 -11.7160
v  1.1047 -0.5560 -11.2498
v  1.1038 -1.6026 -10.9695
v  0.1307 -0.8188 -11.3915
v  0.3992 -0.5560 -11.3835
v  0.1321 -1.5219 -11.3571
v  0.3509 -1.5349 -11.1274
v  1.0573 -0.3287 -12.2366
v  0.1211 -0.8397 -12.4390
v  0.3793 -0.3184 -12.5253
v  0.3913 -0.5560 -12.2532
v  0.2347 -2.1555 -12.2806
v  0.1164 -1.8694 -12.3520
v  0.1308 -1.5582 -11.7973
v  0.0037 -2.2241 -12.3873
v  0.5921 -5.1587 -1.7666
v  -1.9181 0.6597 -3.3455
v  -1.0781 0.6927 -4.2074
v  -0.1350 -6.1112 -1.1403
v  0.0157 -0.3334 -12.5664
v  2.1957 -7.0922 0.7910
v  2.1342 -7.3845 1.7433
v  1.6666 -1.8675 -10.5791
v  1.6689 -2.2554 -10.4403
v  -6.5291 -0.1787 0.1671
v  -0.6464 -7.3078 12.1502
v  -1.3809 -7.2920 11.7324
v  -2.0227 -7.2591 11.0851
v  -2.5526 -7.2237 10.2915
v  -3.0332 -7.1785 9.2894
v  -3.4195 -7.1295 8.1680
v  -3.7236 -7.1220 6.8604
v  -3.9520 -7.1609 5.5472
v  -4.0746 -7.1844 4.2924
v  -4.0065 -7.2045 3.5649
v  -2.9821 -7.4777 3.1365
v  -1.9658 -7.8147 2.5647
v  -2.0222 -7.7266 1.6815
v  -2.0301 -7.7493 0.5651
v  -1.8798 -7.5517 -0.9933
v  -1.7767 -7.0765 -1.9965
v  -1.7137 -6.2548 -3.2544
v  -1.7537 -4.4272 -5.3246
v  -1.9462 -7.7129 -0.2485
v  -1.7174 -5.3120 -4.3383
v  -1.7749 -3.6836 -6.1229
v  -1.7885 -3.0036 -6.9970
v  -1.7940 -2.7493 -7.7637
v  -1.7996 -2.7433 -8.6403
v  -1.7875 -2.7788 -9.4539
v  -1.7932 -2.9021 -10.3184
v  -1.7584 -3.1032 -11.1121
v  0.0041 -7.3134 12.2629
v  0.6538 -7.3078 12.1502
v  1.3883 -7.2920 11.7324
v  2.0301 -7.2591 11.0851
v  2.5600 -7.2237 10.2915
v  3.0406 -7.1794 9.2897
v  3.4260 -7.1366 8.1736
v  3.7314 -7.1304 6.8620
v  3.9595 -7.1622 5.5473
v  4.0810 -7.1850 4.3072
v  4.0412 -7.2200 3.6066
v  3.2041 -7.6280 3.1841
v  2.0258 -7.6611 2.6440
v  -2.4683 -7.8717 2.9841
v  -2.1644 -7.8910 2.8925
v  -1.5383 -3.5784 -11.9741
v  -0.9004 -3.8673 -12.5057
v  1.9999 -7.9400 1.4754
v  2.0326 -7.8038 0.6608
v  1.9720 -7.6010 -0.1823
v  1.8813 -7.5380 -1.0762
v  1.7854 -7.0753 -2.0124
v  1.7175 -6.2420 -3.2541
v  1.7229 -5.3012 -4.3403
v  1.7615 -4.4222 -5.3311
v  1.7829 -3.6836 -6.1302
v  1.7995 -3.0228 -7.0089
v  1.8090 -2.8643 -7.8124
v  1.8147 -2.9058 -8.6796
v  1.8062 -2.9598 -9.4634
v  1.8004 -3.0334 -10.2831
v  1.7711 -3.2262 -11.1182
v  1.5569 -3.5679 -11.9555
v  0.9107 -3.8624 -12.5049
v  0.0037 -4.0542 -12.6375
v  -0.4625 -14.5340 -8.5172
v  -0.1233 -13.7939 1.9433
v  -0.5681 -14.4624 1.1110
v  -0.1233 -9.8934 1.4306
v  -0.1233 -9.8591 0.4739
v  -0.1233 -9.8187 1.9151
v  -0.5710 -14.4624 -0.0859
v  -0.1293 -12.6568 2.0608
v  -0.4205 -14.4019 -2.3415
v  -0.5648 -14.4622 -1.7465
v  -0.3373 -12.5072 -3.4193
v  -0.1233 -11.2117 2.0775
v  -0.3941 -13.6483 -2.6800
v  -0.1233 -9.4811 -1.8828
v  -1.0478 -14.3815 -2.6898
v  -1.6183 -14.3997 -3.5924
v  -1.6443 -14.4190 -4.6781
v  -0.3221 -10.9112 -3.4396
v  -0.3270 -9.8548 -3.8072
v  -0.3046 -8.7288 -4.7515
v  -0.1233 -6.7683 -6.5628
v  -0.1233 -8.9326 -2.9500
v  -0.4227 -7.8382 -4.0124
v  -0.3912 -6.0184 -6.1714
v  -0.1233 -9.7111 -0.7151
v  -0.3304 -7.7964 -5.8259
v  -0.1233 -7.1766 -5.3219
v  -0.1208 -5.9640 -6.8845
v  -0.2923 -6.3313 -7.5592
v  -0.1062 -7.9166 -10.8615
v  -0.2098 -8.4134 -9.8343
v  -0.2126 -9.0823 -8.9555
v  -0.2145 -9.7950 -8.0189
v  -0.2082 -10.6256 -7.0519
v  -0.2128 -11.3176 -6.6757
v  -0.2400 -12.2895 -6.6581
v  -0.2612 -13.3561 -6.6473
v  -1.4394 -14.3608 -5.8711
v  -1.0153 -14.3460 -6.3942
v  -0.5737 -14.3462 -6.6114
v  -0.3004 -14.3221 -6.6603
v  -0.1548 -14.3436 -7.1137
v  -0.2695 -13.9561 -6.6443
v  0.0033 -7.8067 -11.0101
v  0.0037 -5.9095 -6.9711
v  0.0007 -14.9542 -9.1002
v  0.2687 -14.5638 -8.7508
v  0.1307 -11.2154 2.0743
v  0.1665 -14.3396 1.5917
v  0.1681 -14.3427 1.1093
v  0.1660 -14.3386 -0.0412
v  0.1307 -9.8989 1.4297
v  0.4128 -9.9467 2.4124
v  0.1307 -9.8591 0.4739
v  1.6202 -14.3958 -3.5882
v  1.0537 -14.3809 -2.6893
v  0.4279 -14.4019 -2.3415
v  0.1656 -14.3379 -1.7554
v  0.1366 -12.6566 2.0609
v  1.6492 -14.4170 -4.6784
v  1.4442 -14.3604 -5.8760
v  1.8490 -14.4929 -6.1199
v  0.3278 -10.9174 -3.4392
v  0.1307 -10.6721 -2.8781
v  0.3208 -12.5112 -3.4130
v  0.1307 -13.5929 -2.0666
v  0.3726 -9.2477 -0.5509
v  0.1307 -9.5744 -3.5107
v  0.1307 -8.4350 -4.4899
v  0.1307 -7.5083 -5.6021
v  0.3680 -9.0410 -1.6020
v  0.4149 -8.6129 -2.7454
v  0.4298 -7.8376 -4.0120
v  0.4194 -6.9108 -5.1485
v  0.1307 -6.7683 -6.5628
v  0.3981 -6.0176 -6.1707
v  0.1282 -5.9640 -6.8845
v  0.1295 -6.2376 -7.1352
v  0.1123 -7.9183 -10.8632
v  0.1307 -8.5542 -10.0283
v  0.1307 -9.1677 -9.3290
v  0.1307 -9.8925 -8.4485
v  0.1307 -10.7268 -7.5458
v  0.1307 -11.3781 -7.1767
v  0.1307 -12.2919 -7.1174
v  0.1307 -13.3565 -7.0872
v  0.1307 -13.9876 -7.1030
v  1.0224 -14.3465 -6.3948
v  0.5767 -14.3469 -6.6128
v  0.2856 -14.3243 -6.6716
v  0.3811 -14.4630 -7.0809
v  0.0037 -6.2116 -7.6705
v  -0.1248 -10.1983 2.1573
v  -0.3400 -9.5960 2.3859
v  6.6673 -0.4122 0.4861
v  4.4151 0.7941 -2.4180
v  7.0684 -0.2400 1.8504
v  -4.3672 -14.0157 3.1034
v  -4.8050 -14.8966 1.6000
v  -2.8065 -14.5567 -7.3251
v  -2.2289 -14.9132 -8.5051
v  -1.1712 -14.9042 -8.9251
v  -4.4316 -14.6169 -1.9545
v  -4.8068 -14.9207 0.0167
v  -4.1508 -14.6128 -4.2930
v  -3.6125 -14.5968 -6.1506
v  4.3501 -14.0153 3.0949
v  4.4496 -14.5859 1.5411
v  4.4479 -14.5885 -0.0256
v  4.4095 -14.6030 -1.9701
v  4.1152 -14.5963 -4.2951
v  3.5597 -14.5790 -6.1424
v  2.7604 -14.5527 -7.2847
v  1.9345 -14.5381 -7.9724
v  1.0213 -14.5314 -8.3566
v  0.4670 -14.5320 -8.4946
v  0.2477 -12.2882 -6.6583
v  0.2650 -13.3547 -6.6489
v  -0.2607 -14.5654 -8.7520
v  -0.4759 -14.8736 -9.0393
v  0.0033 -14.6680 -8.9301
v  -4.1549 -12.6138 3.1780
v  -3.9129 -10.6269 3.2180
v  -3.6858 -8.6703 3.2603
v  -3.5159 -7.3127 3.2864
v  -3.4067 -6.1758 3.3161
v  -3.3695 -5.7651 3.3033
v  -3.4093 -5.5158 3.1235
v  4.1655 -12.6117 3.1789
v  3.9510 -10.6235 3.2260
v  3.7457 -8.6773 3.2734
v  3.6165 -7.4339 3.3041
v  3.5991 -6.2139 3.1034
v  0.5441 -15.4469 -9.1562
v  -0.5431 -15.4469 -9.1557
v  2.2810 -6.7535 1.8505
v  2.7104 -6.2522 0.8181
v  1.7446 -8.5345 2.5181
v  1.0802 -9.1856 2.3192
v  0.1307 -9.8519 1.9362
v  2.2277 -5.9366 -0.2568
v  0.5035 -5.6714 -1.0314
v  2.5931 -6.9884 3.0595
v  2.2364 -6.9280 2.7236
v  3.2825 -6.7821 3.2434
v  3.9301 -6.1644 3.6063
v  3.6518 -5.6847 3.1581
v  3.9196 -5.7332 3.6662
v  2.4200 -7.7501 2.9766
v  0.3067 -9.3966 2.1924
v  3.5281 -6.5171 3.3049
v  -1.5343 1.4474 -13.5856
v  -1.5366 1.0303 -13.9151
v  -2.1140 1.0287 -13.3431
v  1.6142 1.2898 -13.8298
v  2.0751 1.0040 -13.2847
v  1.1523 1.0047 -12.3372
v  1.6790 1.0041 -12.8984
v  -1.5214 1.2945 -13.8708
v  2.1086 1.4476 -13.0002
v  -1.5296 1.0049 -13.8327
v  1.6470 1.0254 -13.8654
v  2.1276 1.0297 -13.3288
v  2.2991 -3.8910 -2.2427
v  1.3981 -3.3628 -2.8297
v  1.5120 -3.1767 -2.5935
v  0.0040 -15.4463 13.3348
v  0.8495 -15.4463 13.1789
v  1.0292 -2.3048 -3.0868
v  2.3597 -3.6330 -2.0863
v  -4.7977 -14.8301 2.8508
v  -4.8623 -15.4466 2.8103
v  -4.6888 -14.6141 4.5058
v  -3.5094 -14.4686 2.4305
v  -2.0270 -14.4578 2.0745
v  -0.5326 -14.4593 1.7158
v  -1.1397 -14.4589 1.8768
v  3.5105 -14.4784 2.4039
v  2.0285 -13.9660 2.5394
v  1.1278 -13.9702 2.3513
v  0.4864 -13.9454 2.2195
v  -0.1594 -14.3401 1.5918
v  0.1307 -13.7927 1.9435
v  -4.4471 -14.5013 2.6418
v  4.4238 -14.4984 2.6198
v  4.8069 -14.8275 2.8797
v  4.7502 -14.3587 3.5719
v  4.8356 -15.4466 3.6658
v  -4.8277 -15.4466 3.6778
v  -0.1233 -13.6311 1.2699
v  0.1307 -13.6241 1.2711
v  -0.5289 1.4479 13.7836
v  -1.5915 1.4479 13.5003
v  -2.6014 1.4478 12.9117
v  -3.4688 1.4479 12.1077
v  -4.1612 1.4479 11.2312
v  -4.7327 1.4479 10.3080
v  -5.2783 1.4479 9.2067
v  -5.7860 1.4478 7.8540
v  -6.1415 1.4479 6.3881
v  -6.3029 1.4479 4.8390
v  -6.2444 1.4479 3.1840
v  -5.9409 1.4478 1.5652
v  -5.4231 1.4478 0.1523
v  -4.6895 1.4476 -1.1028
v  -3.0941 1.4479 -1.9934
v  -3.4036 1.4476 -3.2065
v  -3.1827 1.4476 -4.6035
v  -0.9607 1.4480 -2.3619
v  -0.9564 1.4476 -3.2879
v  -0.9905 1.4476 -4.5693
v  -3.0833 1.4476 -6.1949
v  -1.0600 1.4476 -6.1504
v  -3.0404 1.4476 -8.1330
v  -1.0934 1.4476 -7.8859
v  -3.0290 1.4476 -9.6327
v  -2.8958 1.4476 -10.5112
v  -1.9566 1.4476 -12.6560
v  -2.0203 0.2853 14.5674
v  -3.2534 0.2894 13.8643
v  -4.2725 0.2792 12.8754
v  -5.0726 0.2789 11.8359
v  -5.6970 0.2750 10.7572
v  -6.3129 0.2848 9.5426
v  -6.8308 0.2834 8.0975
v  -7.1503 0.2724 6.5536
v  -7.3282 0.2801 4.8866
v  -7.2304 0.2834 3.0519
v  -6.7963 0.1259 1.1174
v  -6.3149 0.5572 -0.2432
v  -5.6873 0.8110 -1.7117
v  -4.9949 0.9324 -3.1949
v  -4.4869 1.0133 -4.6647
v  -4.1291 1.0928 -6.2549
v  -3.9732 1.1384 -8.3887
v  -3.9651 1.1471 -9.8738
v  -3.8525 1.1469 -10.2772
v  -2.8145 1.1270 -12.0939
v  -1.2748 1.1566 -13.9651
v  -0.4698 1.1483 -13.9785
v  -2.0678 -1.0502 14.7724
v  -3.3325 -1.0546 14.0572
v  -4.4166 -1.0504 13.0611
v  -5.2515 -1.0502 11.9777
v  -5.8987 -1.0531 10.8676
v  -6.4752 -1.0484 9.6170
v  -6.9738 -1.0466 8.1711
v  -7.3237 -1.0518 6.6273
v  -7.4817 -1.0581 4.9536
v  -7.3561 -1.0622 3.1227
v  -6.8972 -1.0261 1.3540
v  -1.9585 -1.9121 14.4037
v  -3.1570 -1.9169 13.7369
v  -4.1783 -1.9162 12.8199
v  -5.0045 -1.9235 11.7808
v  -5.6640 -1.9330 10.6967
v  -6.2372 -1.9232 9.4751
v  -6.7442 -1.9226 8.0381
v  -7.0781 -1.9270 6.5187
v  -7.2205 -1.9275 4.9237
v  -7.0965 -1.9320 3.1530
v  -6.6287 -1.9055 1.3538
v  -1.6928 -3.0709 13.5528
v  -2.7346 -3.0638 12.9838
v  -3.6349 -3.0694 12.2186
v  -4.4133 -3.0755 11.2761
v  -5.0673 -3.0793 10.2434
v  -5.6424 -3.0772 9.0732
v  -6.1436 -3.0761 7.6768
v  -6.4661 -3.0750 6.2373
v  -6.6050 -3.0720 4.7883
v  -6.5014 -3.0771 3.1466
v  -6.0587 -3.0622 1.3728
v  -1.3343 -3.8586 12.5562
v  -2.2124 -3.8660 12.0923
v  -2.9677 -3.8891 11.4598
v  -3.6798 -3.9280 10.6301
v  -4.3320 -3.9580 9.6535
v  -4.9014 -3.9825 8.5228
v  -5.4037 -3.9923 7.2013
v  -5.7490 -3.9889 5.8836
v  -5.9171 -3.9845 4.5789
v  -5.8563 -3.9935 3.0482
v  -5.4628 -3.9764 1.3360
v  -0.3624 -4.4514 12.3361
v  -1.1240 -4.4322 12.0741
v  -1.8494 -4.3541 11.5586
v  -2.4722 -4.3275 10.9462
v  -3.1057 -4.3975 10.1425
v  -3.6921 -4.4788 9.1573
v  -4.1928 -4.5737 8.0073
v  -4.6216 -4.6496 6.7042
v  -4.9071 -4.7016 5.4298
v  -4.9633 -4.7856 4.2155
v  -4.8991 -4.8290 2.8625
v  -4.6717 -4.7602 1.2879
v  -0.2971 -6.7188 12.1588
v  -0.9882 -6.7018 11.9125
v  -1.6605 -6.6649 11.3833
v  -2.2422 -6.6128 10.6800
v  -2.7459 -6.5527 9.7825
v  -3.1823 -6.4776 8.7146
v  -3.5362 -6.4314 7.4978
v  -3.8080 -6.4604 6.1805
v  -3.9757 -6.5135 4.8670
v  -4.0407 -6.5326 3.8471
v  -1.1174 -9.5490 12.2411
v  -1.8697 -9.5498 11.6334
v  -2.4779 -9.5481 10.8608
v  -2.9851 -9.5489 9.9445
v  -3.4140 -9.5490 8.8799
v  -3.7660 -9.5418 7.6449
v  -4.0488 -9.5417 6.3032
v  -4.2226 -9.5472 4.9565
v  -4.3074 -9.5436 3.8826
v  -0.3908 -13.7569 13.0756
v  -1.2609 -13.7545 12.7514
v  -2.0950 -13.7551 12.0778
v  -2.7282 -13.7554 11.2493
v  -3.2565 -13.7545 10.3026
v  -3.7055 -13.7556 9.1853
v  -4.0749 -13.7495 7.8919
v  -4.3709 -13.7487 6.5104
v  -4.5620 -13.7554 5.1174
v  -4.6523 -13.6314 3.9562
v  -1.3135 -15.2460 12.9312
v  -2.1673 -15.2465 12.2417
v  -2.7981 -15.2489 11.4156
v  -3.3286 -15.2471 10.4772
v  -3.7949 -15.2472 9.3403
v  -4.1845 -15.2406 8.0082
v  -4.4824 -15.2411 6.6008
v  -4.6827 -15.2476 5.1878
v  -4.8599 -15.2373 2.2869
v  -4.8760 -15.2449 0.8371
v  -4.7015 -15.2705 -2.9779
v  -4.3014 -15.2708 -5.3066
v  -3.6366 -15.2631 -7.0605
v  -2.7403 -15.2632 -8.2218
v  -1.7202 -15.2473 -8.8452
v  -0.8200 -15.2500 -9.0895
v  -3.3287 -7.9899 3.2025
v  -3.7262 -11.6677 3.1154
v  -3.9192 -13.3989 3.0759
v  -2.7039 -8.1748 3.0279
v  -2.6801 -11.6830 2.8419
v  -2.7345 -13.3811 2.7680
v  -1.5360 -11.7838 2.5617
v  -1.5216 -13.3826 2.4756
v  -4.0699 -14.5541 2.0990
v  -2.7686 -14.5038 1.8699
v  -1.5205 -14.4737 1.6432
v  -4.0828 -14.5545 0.7912
v  -2.7647 -14.5037 0.7400
v  -1.5138 -14.4738 0.6717
v  -0.7564 -10.4701 2.4571
v  -0.7743 -13.3779 2.3132
v  -0.8153 -14.4646 1.5084
v  -0.8208 -14.4646 0.6152
v  -3.4581 -5.4547 2.7066
v  -3.4279 -5.4045 1.2970
v  -2.4095 -6.3536 2.3808
v  -2.3907 -6.3427 1.2500
v  -2.0945 -7.3628 2.2321
v  -2.1358 -7.3586 1.1516
v  -1.4958 -8.8786 1.9697
v  -1.5828 -8.8387 1.0152
v  -0.7157 -9.2713 1.8402
v  -0.7639 -9.2578 0.9988
v  -4.8473 -15.2627 -0.7849
v  -4.0844 -14.5557 -1.0657
v  -2.7671 -14.5050 -1.4517
v  -1.5165 -14.4745 -1.4051
v  -0.8214 -14.4643 -1.0445
v  -0.1233 -10.3044 1.8618
v  -0.1233 -14.0704 1.5067
v  -0.1233 -10.4360 0.9939
v  -0.1233 -14.0042 0.7050
v  -3.9618 -14.5578 -3.2563
v  -2.7378 -14.5088 -3.7024
v  -3.5638 -14.5550 -5.2863
v  -2.4950 -14.5086 -5.2869
v  -0.1233 -11.5919 -1.3287
v  -0.1233 -13.9945 -0.9815
v  -0.3648 -11.6443 12.8006
v  -1.1880 -11.6440 12.4963
v  -1.9848 -11.6450 11.8520
v  -2.6117 -11.6440 11.0407
v  -3.1314 -11.6443 10.1004
v  -3.5645 -11.6461 9.0095
v  -3.9186 -11.6397 7.7559
v  -4.2101 -11.6375 6.4015
v  -4.3922 -11.6435 5.0300
v  -4.4869 -11.6412 3.9133
v  -3.5166 -9.6274 3.1665
v  -2.6678 -9.6716 2.9415
v  -1.6135 -10.0349 2.6693
v  -0.7615 -11.9107 2.3846
v  -0.1233 -11.9347 1.7890
v  -0.1233 -11.9042 0.9622
v  -0.1233 -10.3329 -0.2505
v  -0.1233 -13.1354 -1.1771
v  -1.9594 -8.0630 0.0934
v  -1.6386 -8.7765 0.0187
v  -0.7961 -9.2235 -0.0147
v  -2.9861 -5.3478 0.0923
v  -2.2937 -6.2709 0.2502
v  -0.6804 -13.2476 -3.1209
v  -0.7097 -14.0617 -2.6208
v  -1.3077 -13.4915 -3.6277
v  -1.3659 -14.1269 -3.2147
v  -1.5706 -13.7498 -4.3727
v  -1.6064 -14.2473 -4.1828
v  -1.5303 -13.7268 -5.3628
v  -1.5361 -14.2058 -5.3366
v  -0.6482 -11.8475 -3.4976
v  -1.2343 -12.1598 -3.9227
v  -1.4987 -12.4779 -4.5175
v  -1.5200 -12.6597 -5.3956
v  -0.6598 -10.4206 -3.6317
v  -1.2594 -10.7159 -4.0068
v  -1.5057 -11.0758 -4.6427
v  -1.4984 -11.3932 -5.4614
v  -0.6541 -9.3530 -4.2584
v  -1.2816 -9.6822 -4.5253
v  -1.5146 -10.1599 -5.1001
v  -1.4768 -10.5413 -5.7601
v  -0.6562 -8.2967 -5.3192
v  -1.3058 -8.6419 -5.5258
v  -1.5241 -9.2116 -6.0239
v  -1.4496 -9.7216 -6.5751
v  -1.0351 -5.3999 -1.1270
v  -1.0243 -5.9862 -0.6284
v  -1.8432 -7.6714 -1.6212
v  -1.5948 -8.3192 -1.9714
v  -0.8079 -8.7789 -2.1475
v  -0.8999 -6.3982 -1.1663
v  -0.1233 -9.6497 -2.8068
v  -1.7740 -6.9653 -2.8010
v  -1.6029 -7.6300 -3.1762
v  -0.8379 -8.1713 -3.3859
v  -0.8241 -6.0043 -2.0721
v  -0.1233 -8.7710 -3.7550
v  -1.7558 -6.0518 -4.0138
v  -1.5730 -6.7361 -4.3962
v  -0.8307 -7.2850 -4.5923
v  -0.8181 -5.2053 -3.1255
v  -0.1233 -7.7874 -4.9042
v  -1.1889 -4.6723 -1.7000
v  -1.6694 -2.9720 -2.6057
v  -3.5021 -2.9842 -1.8529
v  -5.0964 -3.0210 -0.4221
v  -0.1233 -10.1229 -1.7208
v  -1.8933 -7.3135 -0.4984
v  -1.6139 -8.6469 -0.9567
v  -0.7978 -9.0880 -1.0723
v  -2.2233 -5.3661 -0.6075
v  -1.9783 -6.0777 -0.1831
v  -3.1115 -3.9563 -1.5050
v  -4.5765 -3.9560 -0.2953
v  -1.3833 -3.9550 -2.1464
v  -2.7398 -4.6893 -1.1472
v  -3.9631 -4.6914 -0.1436
v  -1.8885 -1.7284 -2.9476
v  -5.6128 -1.8539 -0.5319
v  -3.8466 -1.7808 -2.1534
v  -2.2940 -0.1594 -3.0489
v  -5.9063 -0.7438 -0.5264
v  -4.0562 -0.3230 -2.2686
v  -1.3500 0.2514 -3.6444
v  -5.8321 0.2159 -1.0438
v  -4.9306 0.5438 -2.7354
v  -4.6388 0.6915 -2.5569
v  -4.3021 0.8057 -2.4668
v  -4.3197 0.7513 -4.6150
v  -4.0042 0.8411 -4.4970
v  -3.3700 0.9723 -3.7467
v  -4.0168 0.9255 -6.1856
v  -3.7949 0.9292 -6.0367
v  -2.6806 1.0044 -4.9372
v  -0.1233 -5.4922 -1.5297
v  -0.1233 -5.9699 -1.2799
v  -0.1451 -4.8098 -2.0259
v  -0.1233 -5.6421 -1.7747
v  -0.7026 -7.4563 -6.3263
v  -1.3491 -7.8235 -6.5618
v  -1.5046 -8.4156 -7.0506
v  -1.4090 -8.9266 -7.5726
v  -1.5871 -4.5619 -4.5698
v  -1.5973 -5.8339 -5.5382
v  -0.8294 -6.3385 -5.7061
v  -0.8188 -4.2636 -4.0679
v  -0.1233 -6.9298 -5.9931
v  -0.1233 -5.1875 -2.4407
v  -0.3107 -4.0318 -2.6050
v  -0.6891 -2.9889 -3.1804
v  -0.8731 -1.5776 -3.8734
v  -0.8733 -0.5203 -4.7867
v  -0.8731 0.1280 -6.4817
v  -0.8733 0.1309 -8.3174
v  -0.4936 -1.8682 -4.9707
v  -0.5528 -0.9733 -5.6851
v  -0.5103 -0.5560 -6.8437
v  -0.4823 -0.5560 -8.4218
v  -0.2379 -3.9719 -3.1260
v  -0.4134 -2.9991 -4.0186
v  -0.1233 -4.2974 -3.3267
v  -1.7892 -4.3659 -5.9850
v  -1.6540 -5.1291 -6.3990
v  -0.8463 -5.6436 -6.5278
v  -0.8188 -3.3545 -4.9565
v  -0.1233 -3.1852 -4.4214
v  -1.8058 -3.7317 -6.7752
v  -1.6953 -4.5995 -7.0951
v  -0.8387 -5.1265 -7.1666
v  -0.8127 -2.3935 -5.9802
v  -0.1233 -2.0906 -5.4118
v  -1.8097 -3.3169 -7.5970
v  -1.6936 -4.2586 -7.8236
v  -0.7972 -4.6808 -7.7632
v  -0.8183 -1.8417 -6.9053
v  -0.1233 -1.3655 -6.2502
v  -1.8077 -3.3025 -8.3935
v  -1.6789 -4.3362 -8.4463
v  -0.7979 -4.7324 -8.2949
v  -0.8496 -1.8171 -7.8254
v  -0.1233 -1.1607 -7.2712
v  -0.7309 -6.7414 -7.1670
v  -1.3875 -7.1555 -7.4168
v  -1.5004 -7.7508 -7.9077
v  -1.4018 -8.2643 -8.4274
v  -0.7715 -5.9933 -7.9722
v  -1.4722 -6.4336 -8.2306
v  -1.5586 -7.0210 -8.7297
v  -1.4729 -7.5491 -9.2709
v  -0.7935 -5.2727 -8.5202
v  -1.5577 -5.5572 -8.8171
v  -1.6792 -6.0950 -9.4621
v  -1.6301 -6.6182 -10.1037
v  -0.1233 -6.2870 -6.7943
v  -1.7359 -4.6568 -9.1124
v  -1.7770 -5.0380 -9.8646
v  -1.7585 -5.4021 -10.6728
v  -1.8048 -3.4395 -9.1502
v  -1.8046 -3.5956 -9.9193
v  -1.7880 -3.7685 -10.7700
v  -0.1233 -1.1684 -8.5284
v  -0.9176 -1.8231 -8.8047
v  -0.9244 -0.5560 -9.5960
v  -1.2512 0.1316 -9.2424
v  -0.1233 -1.1598 -9.5495
v  -1.0325 -1.8331 -9.6675
v  -1.0211 -1.2106 -10.3992
v  -1.7318 0.1317 -9.8817
v  -1.9105 0.1303 -10.6553
v  -1.6921 -1.3734 -10.6463
v  -1.7823 0.1291 -11.3822
v  -1.4698 -1.3483 -10.8916
v  -0.7130 -1.2203 -11.0496
v  -0.7270 0.1247 -12.4608
v  -0.7051 -0.5560 -11.7566
v  -1.3728 0.1269 -12.0274
v  -1.2588 -0.5560 -11.4842
v  -0.1233 -1.3779 -11.8060
v  -0.6948 -1.8036 -11.4856
v  -0.5640 -2.0635 -12.1413
v  -1.0282 -2.4416 -12.2064
v  -1.3743 -2.0899 -11.4877
v  -0.2066 -2.4057 -12.4109
v  -0.3749 -2.9064 -12.5688
v  -0.0790 -1.3516 -12.4391
v  -0.1745 0.1256 -12.5966
v  -0.9611 1.0042 -12.8732
v  -2.0845 1.0040 -6.8138
v  -1.5904 1.0051 -8.4855
v  -3.3891 1.0040 -7.6032
v  -2.6810 1.0044 -8.9346
v  -2.4197 1.0043 -10.8265
v  -1.5684 1.0034 -12.4148
v  -3.8088 1.0040 -8.0672
v  -3.5822 1.0042 -9.5019
v  -3.4690 1.0040 -10.4594
v  -2.3802 1.0040 -12.1741
v  -1.1988 1.0042 -13.5682
v  -0.4163 1.0043 -13.6954
v  -2.1714 1.0042 -11.6417
v  -2.3855 1.0043 -9.9783
v  -1.5995 -5.5641 -11.4240
v  -1.6621 -2.7160 -11.4138
v  -1.1882 -5.5774 -12.0129
v  -1.2532 -4.2709 -12.2762
v  -0.4386 -5.5798 -12.3189
v  -0.4669 -4.3926 -12.5745
v  -1.3906 -6.8697 -10.7088
v  -0.9935 -6.8989 -11.2330
v  -0.3214 -6.8307 -11.5707
v  -1.1762 -7.8343 -9.7545
v  -0.8035 -7.9124 -10.1277
v  -0.3726 -7.9038 -10.3802
v  -1.0554 -8.5933 -8.8615
v  -0.6912 -8.7154 -9.1334
v  -0.3379 -8.7569 -9.2925
v  -1.0368 -9.2524 -8.0035
v  -0.6612 -9.3727 -8.2710
v  -0.3338 -9.4087 -8.4255
v  -1.0882 -10.0548 -7.0109
v  -0.6893 -10.1770 -7.2795
v  -0.3392 -10.2016 -7.4169
v  -1.1516 -10.7992 -6.3074
v  -0.7194 -10.9137 -6.5964
v  -0.3465 -10.9462 -6.7102
v  -1.1955 -11.6100 -6.1600
v  -0.7558 -11.7090 -6.4878
v  -0.3865 -11.7615 -6.6096
v  -1.2216 -12.7655 -6.1723
v  -0.7611 -12.8243 -6.4972
v  -0.3966 -12.8483 -6.6110
v  -1.2272 -13.6647 -6.1624
v  -0.7645 -13.7051 -6.5038
v  -0.4045 -13.7106 -6.6096
v  -1.2231 -14.1527 -6.1662
v  -0.7643 -14.1684 -6.5029
v  -0.4130 -14.1654 -6.6079
v  -0.5928 -14.4816 -7.7484
v  -1.2091 -14.4900 -7.5783
v  -1.9670 -14.5097 -7.1130
v  -2.8006 -14.5364 -6.4975
v  -0.1265 -14.2941 -7.8588
v  -0.1233 -12.8291 -7.7301
v  -0.1233 -13.7689 -7.7612
v  -0.1233 -11.0942 -7.9997
v  -0.1233 -11.8199 -7.7902
v  -0.1233 -9.5185 -9.3377
v  -0.1233 -10.3276 -8.5737
v  -0.1233 -8.6721 -10.1241
v  -0.0765 -14.4608 -8.8132
v  -0.0765 -12.8074 -8.5461
v  -0.0774 -13.8243 -8.6342
v  -0.0668 -11.1476 -8.8929
v  -0.0871 -11.8530 -8.6583
v  -0.0648 -9.5147 -9.8624
v  -0.0577 -10.3248 -9.3339
v  -0.0609 -8.3982 -10.5991
v  -0.1062 -5.2072 -7.1465
v  -0.0820 -4.7598 -7.7179
v  -0.0804 -4.7694 -8.2607
v  -0.1352 -5.9019 -7.9953
v  -0.1144 -5.2511 -8.4712
v  -0.0731 -6.0649 -7.0592
v  -0.6867 0.2876 14.9215
v  -0.7043 -1.0512 15.1316
v  -0.6601 -1.9151 14.7595
v  -0.5643 -3.0623 13.8638
v  -0.4349 -3.8402 12.8047
v  -0.3422 -9.5479 12.5270
v  -0.4102 -15.2505 13.2698
v  -0.2954 1.0043 -13.0295
v  0.5363 1.4478 13.7836
v  1.5989 1.4479 13.5003
v  2.6088 1.4478 12.9117
v  3.4762 1.4478 12.1077
v  4.1686 1.4479 11.2312
v  4.7400 1.4479 10.3080
v  5.2857 1.4479 9.2067
v  5.7934 1.4478 7.8540
v  6.1489 1.4479 6.3881
v  6.3103 1.4479 4.8390
v  6.2518 1.4479 3.1840
v  5.9483 1.4478 1.5652
v  5.4305 1.4476 0.1523
v  4.6969 1.4476 -1.1028
v  3.1015 1.4479 -1.9934
v  3.4110 1.4476 -3.2065
v  3.1901 1.4476 -4.6035
v  0.9681 1.4480 -2.3619
v  0.9638 1.4476 -3.2879
v  0.9979 1.4476 -4.5693
v  3.0907 1.4476 -6.1949
v  1.0674 1.4476 -6.1504
v  3.0508 1.4476 -8.0775
v  1.1008 1.4476 -7.8859
v  3.0281 1.4476 -9.6224
v  2.8780 1.4476 -10.5193
v  1.9783 1.4476 -12.6451
v  2.0277 0.2853 14.5674
v  3.2432 0.2802 13.8410
v  4.2839 0.2810 12.8791
v  5.0808 0.2792 11.8364
v  5.7146 0.2785 10.7626
v  6.3026 0.2791 9.5351
v  6.8178 0.2775 8.0914
v  7.1748 0.2769 6.5564
v  7.3355 0.2800 4.8865
v  7.2444 0.0994 2.8731
v  6.9651 -0.6747 1.3115
v  6.3814 -0.1014 -0.2547
v  5.6947 0.8110 -1.7117
v  5.0023 0.9324 -3.1949
v  4.4943 1.0133 -4.6647
v  4.1345 1.0962 -6.2649
v  3.9805 1.1383 -8.2775
v  3.9795 1.1499 -9.7462
v  3.8404 1.1541 -10.3127
v  2.8073 1.1500 -12.1094
v  1.3328 1.1547 -13.9557
v  0.4773 1.1483 -13.9786
v  2.0729 -1.0484 14.7668
v  3.3401 -1.0547 14.0575
v  4.4241 -1.0505 13.0612
v  5.2589 -1.0502 11.9777
v  5.9058 -1.0529 10.8674
v  6.4774 -1.0468 9.6149
v  6.9847 -1.0477 8.1721
v  7.3326 -1.0522 6.6275
v  7.4891 -1.0581 4.9536
v  7.3635 -1.0622 3.1227
v  6.9009 -1.0249 1.3528
v  1.9656 -1.9117 14.4031
v  3.1652 -1.9177 13.7380
v  4.1862 -1.9166 12.8204
v  5.0142 -1.9248 11.7823
v  5.6734 -1.9340 10.6977
v  6.2470 -1.9243 9.4761
v  6.7539 -1.9236 8.0388
v  7.0904 -1.9291 6.5195
v  7.2321 -1.9292 4.9238
v  7.1083 -1.9337 3.1523
v  6.6414 -1.9077 1.3517
v  1.7021 -3.0757 13.5574
v  2.7453 -3.0692 12.9886
v  3.6478 -3.0762 12.2238
v  4.4236 -3.0785 11.2782
v  5.0758 -3.0803 10.2441
v  5.6446 -3.0729 9.0710
v  6.1435 -3.0704 7.6746
v  6.4687 -3.0717 6.2365
v  6.6104 -3.0707 4.7882
v  6.5100 -3.0779 3.1464
v  6.0660 -3.0621 1.3728
v  1.3424 -3.8601 12.5578
v  2.2216 -3.8692 12.0948
v  2.9746 -3.8884 11.4594
v  3.6826 -3.9216 10.6269
v  4.3313 -3.9474 9.6492
v  4.8998 -3.9712 8.5190
v  5.4028 -3.9824 7.1986
v  5.7489 -3.9810 5.8820
v  5.9177 -3.9786 4.5785
v  5.8588 -3.9899 3.0489
v  5.4626 -3.9706 1.3390
v  0.3735 -4.4376 12.3422
v  1.1355 -4.4115 12.0810
v  1.8569 -4.3523 11.5601
v  2.4630 -4.3397 10.9319
v  3.0856 -4.4210 10.1198
v  3.6724 -4.4999 9.1363
v  4.1786 -4.5821 7.9929
v  4.6285 -4.6500 6.7033
v  4.9557 -4.6762 5.4519
v  5.1320 -4.6861 4.2811
v  5.1492 -4.6791 2.9088
v  4.9046 -4.5880 1.2816
v  0.3045 -6.7188 12.1588
v  0.9956 -6.7018 11.9125
v  1.6679 -6.6649 11.3833
v  2.2496 -6.6128 10.6800
v  2.7533 -6.5527 9.7823
v  3.1886 -6.4835 8.7188
v  3.5434 -6.4447 7.5044
v  3.8160 -6.4677 6.1809
v  3.9830 -6.5136 4.8675
v  4.0530 -6.5562 3.9044
v  1.1248 -9.5490 12.2412
v  1.8771 -9.5498 11.6334
v  2.4853 -9.5481 10.8608
v  2.9925 -9.5489 9.9445
v  3.4214 -9.5490 8.8799
v  3.7734 -9.5418 7.6449
v  4.0562 -9.5417 6.3032
v  4.2300 -9.5472 4.9565
v  4.3128 -9.5438 3.9117
v  0.3982 -13.7568 13.0756
v  1.2683 -13.7545 12.7514
v  2.1024 -13.7551 12.0778
v  2.7356 -13.7554 11.2493
v  3.2639 -13.7545 10.3026
v  3.7129 -13.7556 9.1853
v  4.0823 -13.7495 7.8919
v  4.3783 -13.7487 6.5104
v  4.5694 -13.7554 5.1174
v  4.6575 -13.6354 3.9853
v  1.3208 -15.2460 12.9312
v  2.1747 -15.2465 12.2417
v  2.8055 -15.2489 11.4156
v  3.3360 -15.2471 10.4772
v  3.8023 -15.2472 9.3403
v  4.1919 -15.2406 8.0082
v  4.4898 -15.2411 6.6008
v  4.6901 -15.2476 5.1878
v  4.8667 -15.2372 2.3243
v  4.8834 -15.2450 0.8371
v  4.7089 -15.2707 -2.9779
v  4.3088 -15.2709 -5.3066
v  3.6440 -15.2626 -7.0605
v  2.7477 -15.2629 -8.2218
v  1.7276 -15.2464 -8.8450
v  0.2496 -15.2635 -9.1463
v  3.9202 -7.9112 3.3894
v  4.3272 -11.6438 3.3423
v  4.5311 -13.4586 3.3376
v  2.7106 -8.1911 3.0262
v  2.6876 -11.6830 2.8418
v  2.7399 -13.3819 2.7674
v  1.5434 -11.7838 2.5617
v  1.5289 -13.3826 2.4756
v  4.0605 -14.5534 2.0789
v  2.7760 -14.5038 1.8597
v  1.5279 -14.4737 1.6435
v  4.0724 -14.5537 0.7905
v  2.7722 -14.5037 0.7400
v  1.5212 -14.4738 0.6717
v  0.7637 -10.4152 2.4599
v  0.7817 -13.3779 2.3132
v  0.8227 -14.4646 1.5084
v  0.8282 -14.4646 0.6152
v  2.1693 -7.1634 2.2869
v  2.0945 -7.5608 1.2006
v  1.4974 -8.8820 2.0149
v  1.5903 -8.8386 1.0154
v  0.7191 -9.2727 1.8983
v  0.7714 -9.2583 0.9991
v  4.8547 -15.2629 -0.7849
v  4.0701 -14.5548 -1.0724
v  2.7570 -14.5047 -1.4410
v  1.5064 -14.4743 -1.3945
v  0.8288 -14.4643 -1.0445
v  0.1307 -10.3879 1.8212
v  0.1307 -13.2224 1.7347
v  0.1307 -10.4360 0.9939
v  0.1307 -13.1486 0.8601
v  3.9444 -14.5568 -3.2630
v  2.7277 -14.5083 -3.6918
v  3.5338 -14.5532 -5.2842
v  2.4955 -14.5085 -5.3002
v  0.1307 -11.6045 -1.3247
v  0.1307 -13.9945 -0.9815
v  0.3722 -11.6443 12.8006
v  1.1954 -11.6440 12.4963
v  1.9922 -11.6450 11.8520
v  2.6191 -11.6440 11.0407
v  3.1388 -11.6443 10.1004
v  3.5719 -11.6461 9.0095
v  3.9260 -11.6397 7.7559
v  4.2175 -11.6375 6.4015
v  4.3996 -11.6435 5.0300
v  4.4923 -11.6414 3.9423
v  4.1054 -9.5658 3.3706
v  2.6301 -9.6891 2.9280
v  1.5755 -10.0245 2.6600
v  0.7689 -11.9107 2.3846
v  0.1307 -11.9347 1.7889
v  0.1307 -11.9042 0.9622
v  0.1307 -10.3329 -0.2505
v  0.1307 -13.1354 -1.1771
v  1.9711 -8.0526 0.1460
v  1.6457 -8.7769 0.0188
v  0.8035 -9.2235 -0.0147
v  0.6878 -13.2476 -3.1209
v  0.7171 -14.0617 -2.6208
v  1.3151 -13.4915 -3.6277
v  1.3733 -14.1268 -3.2147
v  1.5806 -13.7494 -4.3725
v  1.6137 -14.2465 -4.1829
v  1.5376 -13.7268 -5.3628
v  1.5435 -14.2055 -5.3366
v  0.6555 -11.8475 -3.4976
v  1.2417 -12.1598 -3.9227
v  1.5061 -12.4779 -4.5175
v  1.5273 -12.6597 -5.3956
v  0.6672 -10.4206 -3.6315
v  1.2668 -10.7159 -4.0068
v  1.5131 -11.0758 -4.6427
v  1.5058 -11.3932 -5.4614
v  0.6625 -9.3517 -4.2567
v  1.2892 -9.6822 -4.5253
v  1.5220 -10.1599 -5.1001
v  1.4829 -10.5412 -5.7599
v  0.6655 -8.2934 -5.3164
v  1.3121 -8.6424 -5.5263
v  1.5315 -9.2116 -6.0239
v  1.4570 -9.7216 -6.5751
v  1.2572 -6.3200 -0.5407
v  1.8465 -7.6751 -1.6572
v  1.6022 -8.3198 -1.9717
v  0.8153 -8.7789 -2.1475
v  1.0498 -6.4348 -1.2340
v  0.1307 -9.6655 -2.8018
v  1.7820 -6.9643 -2.8010
v  1.6103 -7.6304 -3.1764
v  0.8452 -8.1713 -3.3859
v  0.9525 -6.0324 -2.1059
v  0.1307 -8.7710 -3.7550
v  1.7632 -6.0510 -4.0138
v  1.5801 -6.7365 -4.3966
v  0.8382 -7.2850 -4.5923
v  0.9453 -5.2145 -3.1792
v  0.1307 -7.7874 -4.9042
v  2.0132 -2.7670 -2.6005
v  3.5220 -2.9324 -1.8773
v  5.1017 -3.0198 -0.4205
v  0.1307 -10.1387 -1.7158
v  1.9171 -7.9501 -0.7318
v  1.6208 -8.6474 -0.9569
v  0.8052 -9.0880 -1.0723
v  3.4747 -3.6899 -1.4801
v  4.5925 -3.8988 -0.3194
v  4.4089 -4.3863 -0.0441
v  2.0029 -1.7242 -2.9230
v  5.6230 -1.8550 -0.5340
v  3.8587 -1.7828 -2.1611
v  2.0642 -0.1493 -3.1140
v  5.9116 -0.7435 -0.5298
v  4.0634 -0.3226 -2.2735
v  5.9605 0.1315 -0.8088
v  4.9056 0.5661 -2.9565
v  4.6531 0.6367 -2.7213
v  4.0723 0.8737 -2.8620
v  4.3270 0.7513 -4.6150
v  4.0085 0.8441 -4.4959
v  2.1643 0.9934 -3.9806
v  4.0241 0.9268 -6.1854
v  3.7195 0.9594 -6.0570
v  0.1307 -5.8164 -1.5914
v  0.7100 -7.4563 -6.3263
v  1.3565 -7.8235 -6.5618
v  1.5120 -8.4156 -7.0506
v  1.4164 -8.9266 -7.5726
v  1.6265 -4.5772 -4.6298
v  1.6044 -5.8341 -5.5384
v  0.8369 -6.3385 -5.7061
v  0.9476 -4.2682 -4.1187
v  0.1307 -6.9298 -5.9931
v  0.1307 -5.0891 -2.6128
v  0.8801 -1.8443 -4.2516
v  0.8781 -0.3340 -5.5673
v  0.8807 -0.2944 -8.3427
v  0.5557 -1.8577 -4.9471
v  0.5705 -0.6747 -5.9280
v  0.6307 -0.5558 -6.8380
v  0.6321 -0.5557 -8.3688
v  0.6378 -3.0482 -3.9773
v  0.1307 -4.2259 -3.4855
v  1.7966 -4.3646 -5.9838
v  1.6629 -5.1298 -6.3995
v  0.8537 -5.6436 -6.5278
v  0.9469 -3.3674 -5.0069
v  0.1307 -3.2108 -4.4280
v  1.8133 -3.7297 -6.7746
v  1.7028 -4.5993 -7.0949
v  0.8461 -5.1265 -7.1666
v  0.9428 -2.4131 -6.0112
v  0.1307 -2.1153 -5.4507
v  1.8162 -3.3520 -7.6146
v  1.7026 -4.2593 -7.8236
v  0.8046 -4.6808 -7.7632
v  0.9491 -1.8644 -6.9221
v  0.1307 -1.3925 -6.2865
v  1.8133 -3.3904 -8.4227
v  1.6882 -4.3371 -8.4458
v  0.8052 -4.7322 -8.2950
v  1.0241 -1.8317 -7.8404
v  0.1307 -1.1997 -7.2949
v  0.7383 -6.7414 -7.1670
v  1.3949 -7.1555 -7.4168
v  1.5077 -7.7508 -7.9077
v  1.4092 -8.2643 -8.4274
v  0.7792 -5.9925 -7.9713
v  1.4783 -6.4341 -8.2312
v  1.5660 -7.0210 -8.7297
v  1.4828 -7.5498 -9.2713
v  0.8009 -5.2727 -8.5202
v  1.5605 -5.5576 -8.8197
v  1.6865 -6.0950 -9.4621
v  1.6384 -6.6184 -10.1038
v  0.1307 -6.2870 -6.7943
v  1.7423 -4.6567 -9.1126
v  1.7844 -5.0382 -9.8645
v  1.7659 -5.4021 -10.6728
v  1.8108 -3.5521 -9.1662
v  1.8110 -3.7006 -9.9116
v  1.7959 -3.8659 -10.7680
v  0.1307 -1.2165 -8.5375
v  1.0638 -1.8363 -8.8315
v  1.2988 -0.3209 -9.3422
v  0.1307 -1.2274 -9.5458
v  1.0859 -1.8402 -9.6928
v  0.8578 -0.8056 -10.3635
v  1.7407 0.1312 -9.8858
v  1.9176 0.1303 -10.6605
v  1.7005 -1.4056 -10.6501
v  1.7880 0.1294 -11.3867
v  1.4247 -1.3313 -10.9025
v  0.7203 -1.2203 -11.0496
v  0.7326 0.1251 -12.4616
v  0.7125 -0.5560 -11.7566
v  1.3744 0.1278 -12.0266
v  1.3654 -0.5560 -11.5115
v  0.1307 -1.3779 -11.8060
v  0.7183 -1.8054 -11.4834
v  0.5714 -2.0636 -12.1413
v  1.0356 -2.4418 -12.2063
v  1.3820 -2.0902 -11.4877
v  0.2140 -2.4057 -12.4109
v  0.3823 -2.9064 -12.5688
v  0.0762 -1.3555 -12.4467
v  0.1816 0.1259 -12.5967
v  0.9687 1.0042 -12.8783
v  1.5979 1.0051 -8.4929
v  3.3962 1.0040 -7.6029
v  2.6884 1.0044 -8.9371
v  2.4454 1.0042 -10.7264
v  1.6039 1.0042 -12.4635
v  3.8201 1.0040 -8.0115
v  3.5848 1.0043 -9.4438
v  3.5255 1.0040 -10.4252
v  2.3989 1.0040 -12.0892
v  1.2271 1.0043 -13.5591
v  0.4568 1.0045 -13.7029
v  2.1969 1.0042 -11.5415
v  2.3929 1.0044 -9.9833
v  1.6069 -5.5641 -11.4241
v  1.6857 -4.0655 -11.6068
v  1.1956 -5.5773 -12.0129
v  1.2686 -4.2577 -12.2721
v  0.4460 -5.5798 -12.3189
v  0.4743 -4.3925 -12.5741
v  1.4020 -6.8716 -10.7106
v  1.0008 -6.8989 -11.2330
v  0.3237 -6.8309 -11.5713
v  1.1835 -7.8342 -9.7545
v  0.8109 -7.9123 -10.1276
v  0.3746 -7.9047 -10.3806
v  1.0628 -8.5933 -8.8615
v  0.6986 -8.7154 -9.1334
v  0.3453 -8.7568 -9.2923
v  1.0442 -9.2524 -8.0035
v  0.6685 -9.3727 -8.2710
v  0.3412 -9.4087 -8.4255
v  1.0956 -10.0548 -7.0109
v  0.6967 -10.1770 -7.2795
v  0.3457 -10.2003 -7.4158
v  1.1584 -10.7989 -6.3069
v  0.7272 -10.9140 -6.5969
v  0.3535 -10.9467 -6.7101
v  1.2029 -11.6100 -6.1600
v  0.7632 -11.7090 -6.4878
v  0.3925 -11.7608 -6.6087
v  1.2290 -12.7655 -6.1723
v  0.7686 -12.8243 -6.4971
v  0.4007 -12.8472 -6.6085
v  1.2346 -13.6647 -6.1624
v  0.7721 -13.7051 -6.5037
v  0.4014 -13.7106 -6.6101
v  1.2305 -14.1528 -6.1661
v  0.7716 -14.1684 -6.5029
v  0.4013 -14.1672 -6.6120
v  0.5984 -14.4806 -7.7311
v  1.1995 -14.4892 -7.5442
v  1.9365 -14.5077 -7.0854
v  2.7628 -14.5341 -6.4935
v  0.1339 -14.2940 -7.8589
v  0.1307 -12.8291 -7.7301
v  0.1307 -13.7688 -7.7612
v  0.1307 -11.0942 -7.9997
v  0.1307 -11.8199 -7.7902
v  0.1307 -9.5185 -9.3377
v  0.1307 -10.3276 -8.5737
v  0.1307 -8.6722 -10.1242
v  0.0840 -14.4607 -8.8134
v  0.0839 -12.8074 -8.5461
v  0.0848 -13.8243 -8.6342
v  0.0742 -11.1476 -8.8929
v  0.0945 -11.8530 -8.6583
v  0.0722 -9.5147 -9.8624
v  0.0651 -10.3248 -9.3339
v  0.0683 -8.3982 -10.5991
v  0.1136 -5.2072 -7.1465
v  0.0894 -4.7598 -7.7179
v  0.0878 -4.7694 -8.2607
v  0.1426 -5.9019 -7.9953
v  0.1218 -5.2511 -8.4712
v  0.0805 -6.0649 -7.0592
v  0.6941 0.2876 14.9215
v  0.7117 -1.0512 15.1316
v  0.6676 -1.9154 14.7601
v  0.5722 -3.0656 13.8673
v  0.4422 -3.8401 12.8048
v  0.3496 -9.5479 12.5271
v  0.4191 -15.2777 13.2731
v  0.3028 1.0045 -13.0320
v  -0.0033 -7.2119 -11.4009
v  1.0710 -2.9639 -3.4485
v  1.6713 -3.8610 -2.7830
v  0.9315 -4.1420 -3.0793
v  1.6009 -4.9285 -2.1482
v  2.9515 -4.5847 -1.9968
v  1.5913 -5.5531 -1.1009
v  3.2536 -6.5416 2.4044
v  3.6392 -6.3192 1.1431
v  3.5122 -5.8894 -0.3856
v  3.8417 -6.1003 2.6869
v  4.2933 -5.8368 1.1384
v  4.0407 -5.3565 -0.4970
v  -0.6415 1.4476 14.5240
v  -1.9002 1.4476 14.1932
v  -3.0574 1.4476 13.5125
v  -4.0128 1.4476 12.5889
v  -4.7554 1.4476 11.6041
v  -5.3747 1.4476 10.5781
v  -5.9594 1.4476 9.3970
v  -6.4888 1.4476 7.9802
v  -6.8589 1.4476 6.4661
v  -7.0651 1.4474 4.8094
v  -6.9969 1.4476 2.9926
v  -6.6728 1.4471 1.2694
v  -6.2025 1.4473 -0.2653
v  -5.6190 1.4473 -1.6672
v  -4.9273 1.4476 -3.1592
v  -4.4095 1.4476 -4.6432
v  -4.0707 1.4476 -6.2315
v  -3.9187 1.4476 -8.3644
v  -3.9141 1.4474 -9.8397
v  -3.8002 1.4476 -10.2585
v  -2.7578 1.4478 -12.0721
v  -1.2570 1.4472 -13.9142
v  -0.4623 1.4480 -13.9229
v  0.6489 1.4476 14.5240
v  1.9077 1.4476 14.1933
v  3.0648 1.4476 13.5125
v  4.0201 1.4476 12.5889
v  4.7627 1.4476 11.6041
v  5.3821 1.4476 10.5780
v  5.9669 1.4476 9.3971
v  6.4962 1.4476 7.9802
v  6.8664 1.4476 6.4661
v  7.0660 1.4476 4.8208
v  7.0143 1.4476 3.0069
v  6.6763 1.4471 1.2523
v  6.2298 1.4473 -0.2204
v  5.6403 1.4473 -1.6516
v  4.9347 1.4476 -3.1592
v  4.4169 1.4476 -4.6432
v  4.0781 1.4476 -6.2315
v  3.9269 1.4476 -8.2533
v  3.9232 1.4477 -9.7325
v  3.7970 1.4476 -10.2839
v  1.2919 1.4464 -13.9114
v  2.7720 1.4478 -12.0665
v  0.4652 1.4480 -13.9242
v  -2.8205 1.0048 -12.1215
v  -0.7178 -0.7471 15.2086
v  -2.0987 -0.7471 14.8433
v  -3.3782 -0.7472 14.1193
v  -4.4611 -0.7471 13.0965
v  -5.3020 -0.7471 12.0111
v  -5.9514 -0.7471 10.9040
v  -6.5353 -0.7473 9.6386
v  -7.0373 -0.7475 8.1793
v  -7.3844 -0.7477 6.6235
v  -7.5545 -0.7477 4.9454
v  -7.4233 -0.7477 3.1099
v  -6.9555 -0.7470 1.3311
v  -5.7322 0.3614 -1.6764
v  -5.0064 0.5865 -3.2105
v  -3.9963 1.0047 -8.3910
v  -3.9862 1.0049 -9.8926
v  -1.2892 1.0049 -13.9859
v  -4.5154 0.7524 -4.6740
v  -4.1577 0.9336 -6.2662
v  -3.8598 1.0045 -10.2987
v  -0.4838 1.0052 -13.9975
v  2.1061 -0.7471 14.8433
v  3.3856 -0.7471 14.1193
v  4.4684 -0.7470 13.0962
v  5.3092 -0.7470 12.0110
v  5.9587 -0.7471 10.9040
v  6.5426 -0.7473 9.6386
v  7.0447 -0.7475 8.1793
v  7.3904 -0.7476 6.6329
v  7.5618 -0.7478 4.9471
v  7.4299 -0.7479 3.1050
v  6.9629 -0.7487 1.3323
v  5.7118 0.3818 -1.7396
v  5.0175 0.5909 -3.2120
v  4.5256 0.7530 -4.6789
v  4.1596 0.9343 -6.2784
v  4.0009 1.0041 -8.2821
v  4.0046 1.0060 -9.7539
v  3.8533 1.0043 -10.3335
v  1.3416 1.0048 -13.9639
v  0.4853 1.0053 -13.9993
v  2.8255 1.0041 -12.1286
v  0.7252 -0.7471 15.2086
v  0.8807 -0.2838 -6.7508
v  2.4220 1.0041 -6.6022
v  -5.0951 0.5121 -1.7604
v  -4.1180 0.6871 -2.2678
v  -5.9311 -0.0004 -0.5955
v  -2.6710 0.8747 -3.0008
v  -1.5980 0.9399 -3.8505
v  -0.8732 0.9971 -6.1546
v  -0.8731 0.9948 -8.2655
v  -1.8182 1.0041 -9.8521
v  -1.9936 0.9998 -10.7384
v  -1.8401 0.9990 -11.4556
v  -0.7962 0.8869 -12.5092
v  -1.3295 0.8609 -12.1658
v  -0.2202 0.9069 -12.6631
v  -1.2939 1.0048 -9.1625
v  2.0736 0.9126 -3.1922
v  5.9724 -0.0398 -0.5246
v  4.1702 0.7401 -2.2413
v  0.8799 1.0015 -6.5059
v  0.8805 0.9944 -8.2755
v  1.3059 1.0048 -9.1685
v  1.8201 1.0041 -9.8216
v  2.0044 1.0017 -10.6844
v  1.8557 0.9969 -11.4343
v  0.8004 0.8953 -12.5116
v  1.3290 0.9324 -12.1821
v  0.2275 0.9115 -12.6636
v  0.8806 0.9994 -4.5417
v  -0.3046 -4.9598 12.1193
v  -0.9914 -4.9601 11.8703
v  -1.6385 -4.9238 11.3569
v  -2.1741 -4.8814 10.6847
v  -2.6619 -4.8603 9.8080
v  -3.1258 -4.8776 8.7772
v  -3.5435 -4.9679 7.5921
v  -3.8687 -5.0600 6.2834
v  -4.0533 -5.1431 4.9884
v  -4.0413 -5.2782 3.9036
v  -0.7267 -9.6719 2.4917
v  -3.0474 -5.7366 3.0955
v  -2.4249 -6.4730 2.9133
v  -1.9520 -8.2209 2.7598
v  -1.4869 -8.9432 2.5414
v  0.3173 -4.9446 12.1248
v  1.0020 -4.9387 11.8774
v  1.6446 -4.9223 11.3589
v  2.1723 -4.9073 10.6782
v  2.6542 -4.9052 9.7933
v  3.1126 -4.9148 8.7594
v  3.5336 -4.9868 7.5799
v  3.8756 -5.0605 6.2821
v  4.1076 -5.1138 5.0100
v  4.1988 -5.1538 4.0262
v  4.3546 -5.1060 2.8578
v  4.4621 -4.9099 1.2574
v  4.0952 -4.5148 -0.2894
v  1.3333 -2.7292 -2.7999
v  3.0520 -3.8608 -1.6293
v  0.9213 -1.7532 -3.3629
v  1.0755 -0.1318 -3.2860
v  1.8082 -3.5241 -2.3970
v  0.8866 1.0334 -3.5717
v  -0.2769 -5.7232 12.0366
v  -0.9380 -5.7134 11.8050
v  -1.5804 -5.6890 11.3080
v  -2.1511 -5.6560 10.6331
v  -2.6617 -5.6155 9.7507
v  -3.1084 -5.5787 8.6846
v  -3.4710 -5.5798 7.4691
v  -3.7412 -5.6346 6.1593
v  -3.9077 -5.7097 4.8550
v  -3.9670 -5.7444 3.8352
v  -0.6770 -9.3683 2.3356
v  -3.0859 -5.9999 3.2353
v  -2.5860 -6.6258 3.0742
v  -2.2154 -8.2881 2.9001
v  -1.6138 -9.1066 2.7041
v  0.2845 -5.7227 12.0366
v  0.9453 -5.7127 11.8051
v  1.5877 -5.6890 11.3081
v  2.1585 -5.6567 10.6333
v  2.6692 -5.6165 9.7507
v  3.1151 -5.5831 8.6877
v  3.4781 -5.5879 7.4739
v  3.7490 -5.6398 6.1596
v  3.9149 -5.7082 4.8560
v  3.9742 -5.6663 3.9293
v  3.8471 -5.3651 2.9265
v  4.3208 -5.1734 1.2235
v  4.0319 -4.7232 -0.3150
v  1.1582 -2.8534 -2.9704
v  2.9957 -4.0541 -1.6632
v  1.0748 -1.7255 -3.1057
v  0.8844 -0.1416 -3.4849
v  1.9565 -3.3132 -2.3693
v  1.1030 0.9739 -3.3748
v  -2.1261 -6.8700 0.1472
v  -3.1304 1.0047 -4.3268
v  -2.1906 1.0041 -5.6793
v  -0.9535 -0.8723 -3.3000
v  -0.1347 -4.8011 -2.2585
v  -1.5517 -1.9949 -10.4707
v  -1.6455 -0.5923 -10.4174
v  -0.2035 -1.6739 -10.1142
v  -1.6801 -0.6160 -10.9078
v  -0.1913 -1.6521 -11.2614
v  -0.2194 -0.6574 -11.2471
v  -0.1646 -2.0456 -12.2731
v  -0.1921 -0.6162 -12.3762
v  -1.6347 -2.2074 -10.8538
v  0.2576 -6.2736 -1.0186
v  1.6176 -2.1590 -10.8727
v  1.6565 -0.6233 -10.4663
v  0.2164 -1.6686 -10.1294
v  1.7205 -0.6173 -10.8729
v  0.2097 -0.6689 -11.2561
v  0.2111 -1.6466 -11.2399
v  0.1951 -0.6281 -12.3567
v  0.1576 -2.0259 -12.2822
v  -1.8771 -6.6838 -0.1766
v  -0.1851 -5.3973 -1.3603
v  -1.0429 -6.3552 -0.7154
v  -0.1431 -6.0361 -0.9729
v  -0.2243 -5.9127 -1.9391
v  -0.1866 -5.2099 -2.8690
v  -0.2469 -4.7003 -1.8485
v  -1.5609 0.0045 -3.2720
v  -0.9475 0.0071 -3.8865
v  -0.2029 -4.3023 -3.8105
v  -0.4140 -3.9263 -2.3389
v  -0.2922 -4.0765 -2.8689
v  -0.7208 -2.9659 -2.8461
v  -0.6889 -3.0158 -3.5775
v  -0.9129 -1.7270 -3.1778
v  -0.8340 -1.7508 -4.6034
v  -0.8375 -0.7982 -5.3899
v  -0.8042 -0.4760 -6.7950
v  -0.8059 -0.4745 -8.3727
v  -0.1922 -3.3342 -4.7436
v  -0.1996 -2.3243 -5.8361
v  -0.1856 -1.7360 -6.7456
v  -0.1816 -1.6847 -7.6565
v  -0.1749 -1.6759 -8.6686
v  -1.1588 -0.4790 -9.3163
v  -1.0073 -0.5924 -10.2746
v  -0.1764 -1.6778 -9.5749
v  -0.9923 -1.7563 -10.3222
v  -1.5905 -1.3484 -10.5241
v  -0.1656 -1.1714 -10.1469
v  -1.5970 -0.4881 -9.8910
v  -1.6911 -2.2165 -10.6411
v  -1.6528 -1.4122 -10.8137
v  -1.3063 -0.4736 -11.9284
v  -1.4304 -0.6277 -10.9761
v  -0.7155 -0.6474 -11.1070
v  -0.1807 -1.2163 -11.2160
v  -0.6772 -0.4711 -12.3608
v  -1.6707 -0.4763 -11.3531
v  -0.1929 -1.8345 -12.0284
v  -0.1954 -0.6293 -11.8531
v  -0.1233 -1.3502 -12.2942
v  -0.7164 -1.7339 -11.1213
v  -0.1768 -1.6792 -11.5685
v  -1.4106 -1.9683 -10.9862
v  -0.0972 -2.0962 -12.3506
v  0.1462 -6.0560 -0.9674
v  1.1992 -6.4940 -0.7389
v  0.2411 -6.2062 -1.2629
v  0.2339 -5.9119 -1.9338
v  0.2254 -5.2176 -2.9075
v  0.2278 -4.2882 -3.8458
v  0.2408 -1.9084 -5.0507
v  0.1745 -0.7099 -6.1434
v  0.1987 -0.6343 -6.8627
v  0.1920 -0.6424 -8.4088
v  0.2471 -4.1471 -3.1150
v  0.2320 -3.0687 -4.0953
v  0.2107 -3.3422 -4.7512
v  0.2075 -2.3247 -5.8363
v  0.2116 -1.7416 -6.7872
v  0.2044 -1.7016 -7.6833
v  1.6953 -2.2147 -10.6322
v  0.1899 -1.6860 -8.7047
v  1.6137 -0.4925 -9.9299
v  0.1941 -0.6399 -9.5798
v  0.1803 -0.8183 -10.1578
v  0.1933 -1.6905 -9.5634
v  0.9958 -1.7603 -10.3167
v  1.6485 -1.4070 -10.8262
v  1.6900 -0.4511 -11.3728
v  1.4378 -0.6278 -10.9762
v  1.4066 -1.9472 -10.9774
v  0.7229 -0.6474 -11.1070
v  0.1897 -1.2173 -11.2144
v  0.7152 -1.7273 -11.1183
v  0.6697 -0.4729 -12.3675
v  0.2028 -0.6293 -11.8531
v  1.3270 -0.4480 -11.9470
v  0.1307 -1.3426 -12.3362
v  0.2133 -1.8692 -12.0595
v  0.1898 -1.6858 -11.5266
v  0.0735 -2.1042 -12.3777
v  0.1788 -4.9308 -2.3034
v  0.1557 -5.4971 -1.5039
v  -2.2784 0.8863 -3.1480
v  -0.9511 1.0005 -4.5377
v  -0.1976 -6.1810 -1.2426
v  -1.7629 -0.6327 -10.6484
v  0.0876 -0.6150 -12.5079
v  -0.0879 -0.6174 -12.5002
v  2.2660 -6.6629 0.3964
v  2.2438 -6.9174 1.3178
v  1.7697 -0.6331 -10.6476
v  1.6296 -1.3987 -10.5427
v  1.5950 -2.0422 -10.4933
v  -6.3746 -0.1063 -0.2544
v  -0.3206 -7.9059 12.3137
v  -1.0508 -7.9012 12.0460
v  -1.7615 -7.8893 11.4772
v  -2.3550 -7.8709 10.7405
v  -2.8566 -7.8519 9.8385
v  -3.2876 -7.8261 8.7819
v  -3.6385 -7.8057 7.5590
v  -3.9148 -7.8163 6.2295
v  -4.0838 -7.8372 4.9022
v  -4.1588 -7.8413 3.8604
v  -3.1779 -6.7498 3.2257
v  -2.6910 -7.1937 3.0755
v  -1.8863 -8.1468 2.1259
v  -1.9605 -8.1029 1.0723
v  -2.0400 -7.4116 0.1607
v  -1.7146 -7.0135 -1.2869
v  -1.5677 -6.4084 -2.4199
v  -1.5557 -5.5054 -3.5842
v  -1.9091 -7.9803 -0.7209
v  -1.7694 -5.1327 -5.0969
v  -1.6137 -3.7120 -5.4417
v  -1.6310 -2.8746 -6.3231
v  -1.6350 -2.3557 -7.1715
v  -1.6749 -2.2680 -8.0351
v  -1.6952 -2.2845 -8.9653
v  -1.7095 -2.3307 -9.9355
v  -1.7351 -2.5262 -10.6770
v  0.3280 -7.9059 12.3137
v  1.0582 -7.9012 12.0460
v  1.7689 -7.8893 11.4772
v  2.3624 -7.8709 10.7405
v  2.8640 -7.8518 9.8384
v  3.2948 -7.8280 8.7833
v  3.6459 -7.8101 7.5612
v  3.9224 -7.8187 6.2297
v  4.0912 -7.8373 4.9023
v  4.1658 -7.8369 3.8992
v  3.7951 -6.7604 3.4079
v  2.8935 -7.2612 3.1213
v  -2.1341 -7.4715 2.8059
v  -2.3571 -7.5401 2.9731
v  -1.2605 -3.2211 -12.2850
v  -0.4598 -3.5904 -12.6128
v  1.9481 -8.1940 1.0889
v  2.0858 -7.3090 0.3205
v  1.7513 -7.0712 -1.3810
v  1.6042 -6.4436 -2.4583
v  1.5899 -5.5165 -3.6393
v  1.8888 -7.2410 -0.5010
v  1.7769 -5.1318 -5.0961
v  1.6516 -3.7383 -5.5049
v  1.6692 -2.9138 -6.3697
v  1.6876 -2.4439 -7.2131
v  1.7424 -2.4125 -8.0840
v  1.7620 -2.4476 -9.0040
v  1.7643 -2.4757 -9.8385
v  1.7505 -2.5287 -10.5904
v  1.6774 -2.7478 -11.4133
v  1.2754 -3.2083 -12.2777
v  0.4674 -3.5904 -12.6126
v  -1.6764 -4.0255 -11.6097
v  1.9363 -8.0233 2.0704
v  -0.3870 -14.4609 -2.0263
v  -0.2394 -14.4077 -6.7955
v  0.3944 -14.4609 -2.0263
v  0.2391 -14.4073 -6.8057
v  -0.2003 -10.5791 2.2973
v  -0.3790 -14.4608 1.3934
v  -0.3912 -14.4609 0.6093
v  -0.1233 -9.5976 1.7635
v  -0.1243 -9.5687 0.9973
v  -0.2788 -13.3320 2.2041
v  -0.3908 -14.4609 -0.9455
v  -0.1268 -13.1683 -2.7597
v  -0.2404 -11.9458 2.2573
v  -0.1233 -14.0714 -2.1928
v  -0.1343 -9.3318 -1.1302
v  -0.8020 -14.4639 -2.2296
v  -1.4793 -14.4699 -2.9451
v  -1.8331 -14.4806 -4.0477
v  -1.7176 -14.4779 -5.3180
v  -0.1551 -11.7153 -3.2395
v  -0.1489 -10.2717 -3.4746
v  -0.1643 -9.1897 -4.1576
v  -0.1680 -8.1330 -5.2652
v  -0.1447 -9.0038 -2.2148
v  -0.1828 -8.3566 -3.4257
v  -0.1779 -7.4797 -4.6394
v  -0.1305 -9.4842 -0.0386
v  -0.1480 -7.2892 -6.2314
v  -0.1562 -6.5581 -5.7532
v  -0.1333 -5.9087 -6.5758
v  -0.1488 -6.5969 -7.0509
v  -0.1327 -8.0338 -10.5222
v  -0.1310 -8.8461 -9.4881
v  -0.1325 -9.4699 -8.6492
v  -0.1280 -10.2770 -7.6482
v  -0.1239 -11.0084 -6.9546
v  -0.1340 -11.7825 -6.7976
v  -0.1411 -12.8510 -6.7779
v  -0.1503 -13.7082 -6.7594
v  -1.3407 -14.4659 -6.2757
v  -0.8269 -14.4497 -6.6404
v  -0.4533 -14.4412 -6.7498
v  -0.3002 -14.4943 -7.8444
v  -0.1549 -14.1575 -6.7503
v  -0.0854 -7.4922 -11.1731
v  -0.0893 -5.7330 -6.8579
v  -0.0837 -6.2653 -7.3854
v  0.2056 -10.5518 2.2964
v  0.3864 -14.4608 1.3934
v  0.3986 -14.4609 0.6093
v  0.1307 -9.6016 1.7931
v  0.1317 -9.5687 0.9975
v  1.4697 -14.4690 -2.9342
v  0.3982 -14.4609 -0.9455
v  0.8093 -14.4639 -2.2296
v  0.2862 -13.3320 2.2042
v  1.8240 -14.4787 -4.0370
v  1.7191 -14.4767 -5.3313
v  0.1366 -11.7057 -3.2226
v  0.1311 -14.0212 -2.2311
v  0.2479 -11.9458 2.2572
v  0.1379 -9.4842 -0.0386
v  0.1311 -13.1543 -2.7138
v  0.1422 -10.2603 -3.4391
v  0.1481 -9.1689 -4.1135
v  0.1390 -8.0962 -5.1850
v  0.1520 -9.0040 -2.2149
v  0.1902 -8.3566 -3.4257
v  0.1853 -7.4797 -4.6394
v  0.1417 -9.3320 -1.1302
v  0.1554 -7.2892 -6.2315
v  0.1636 -6.5581 -5.7532
v  0.1407 -5.9087 -6.5758
v  0.1562 -6.5969 -7.0509
v  0.1384 -8.0396 -10.5264
v  0.1384 -8.8464 -9.4881
v  0.1399 -9.4699 -8.6492
v  0.1354 -10.2770 -7.6482
v  0.1313 -11.0087 -6.9544
v  0.1407 -11.7824 -6.7988
v  0.1473 -12.8498 -6.7808
v  0.1527 -13.7068 -6.7700
v  1.3414 -14.4668 -6.2889
v  0.8343 -14.4496 -6.6404
v  0.1542 -14.1564 -6.7675
v  0.4533 -14.4432 -6.7556
v  0.3073 -14.4939 -7.8356
v  0.0863 -7.4956 -11.1774
v  0.0967 -5.7330 -6.8579
v  0.0911 -6.2653 -7.3854
v  -0.1233 -9.6651 2.1408
v  -0.1630 -9.8586 2.2896
v  6.3232 0.5495 -0.2432
v  6.8244 0.3614 1.2835
v  0.3900 -14.6556 -8.8820
v  -0.3864 -14.6637 -8.8897
v  -4.6728 -14.7171 2.2460
v  -3.4639 -14.7280 -6.9672
v  -2.6181 -14.7076 -8.0433
v  -1.6287 -14.6677 -8.6191
v  -0.7463 -14.6630 -8.8537
v  -4.6857 -14.7563 -0.8487
v  -4.6946 -14.7279 0.8214
v  -4.5315 -14.7680 -3.0419
v  -4.1285 -14.7589 -5.3117
v  4.6685 -14.7080 2.2435
v  4.6923 -14.7178 0.8208
v  4.5238 -14.7518 -3.0498
v  4.1123 -14.7330 -5.3136
v  3.4424 -14.7006 -6.9556
v  2.6012 -14.6742 -8.0107
v  1.6224 -14.6418 -8.5908
v  0.7460 -14.6501 -8.8406
v  4.6816 -14.7431 -0.8561
v  -0.1769 -14.7710 -9.0018
v  0.1771 -14.7711 -9.0024
v  -4.5137 -13.4584 3.3260
v  -4.2926 -11.6469 3.3199
v  -4.0596 -9.5700 3.3425
v  -3.8701 -7.8925 3.3671
v  -3.7405 -6.6076 3.3950
v  -3.6748 -5.8296 3.4194
v  -3.7016 -5.5067 3.3789
v  3.9118 -13.3993 3.0720
v  3.7403 -11.6662 3.1171
v  3.5468 -9.6244 3.1724
v  3.4446 -8.0605 3.2268
v  3.4359 -7.0499 3.2755
v  0.8180 -15.2495 -9.0908
v  -0.2516 -15.2632 -9.1459
v  0.2095 -5.8052 -1.0376
v  2.4043 -6.7907 2.9607
v  3.9660 -5.8782 3.7445
v  3.4457 -6.4461 3.1349
v  2.3585 -6.6055 2.3701
v  2.3948 -6.4374 1.4041
v  2.2832 -7.3209 2.9282
v  1.5258 -9.0487 2.6401
v  0.7098 -9.5166 2.4562
v  2.3530 -6.2724 0.3912
v  1.2529 -5.9808 -0.5502
v  2.9851 -6.6767 3.0572
v  2.0505 -8.1930 2.8362
v  0.1398 -9.7677 2.2250
v  3.7308 -6.0764 3.4243
v  -1.7341 1.1432 -13.7783
v  -1.6521 1.0041 -13.5417
v  1.7897 1.1430 -13.7422
v  1.7053 1.0042 -13.5090
v  1.7657 1.4473 -13.6882
v  -1.7048 1.4473 -13.7343
v  -1.7461 1.0043 -13.7994
v  1.8038 1.0051 -13.7589
v  -4.7806 -15.1232 4.0301
v  4.8240 -15.1228 3.3061
v  -4.0424 -14.2959 2.8219
v  -2.7571 -14.2878 2.5215
v  -1.5101 -14.3156 2.2388
v  -0.7798 -14.3290 2.0887
v  4.6821 -14.4203 3.0866
v  2.7621 -14.2966 2.5124
v  1.5176 -14.3155 2.2390
v  4.0237 -14.3076 2.8040
v  0.7872 -14.3290 2.0887
v  -0.2024 -14.2908 1.9504
v  0.2097 -14.2907 1.9504
v  -4.6792 -14.4312 3.0858
v  4.7878 -15.1268 4.0356
v  -4.8178 -15.1192 3.2633
v  -0.1233 -13.2255 1.7341
v  -0.1233 -13.1517 0.8596
v  0.1307 -14.0672 1.5072
v  0.1307 -14.0010 0.7056
v  -1.0608 1.4476 13.6775
v  -0.6105 1.4476 14.3190
v  0.0041 1.4479 13.8190
v  -0.4471 1.4480 13.2473
v  -2.1090 1.4478 13.2468
v  -1.8151 1.4476 14.0014
v  -3.0582 1.4479 12.5228
v  -2.9312 1.4476 13.3464
v  -3.8356 1.4479 11.6746
v  -3.8627 1.4476 12.4563
v  -4.4565 1.4479 10.7762
v  -4.5959 1.4476 11.5040
v  -5.0023 1.4479 9.7952
v  -5.2073 1.4476 10.5081
v  -5.5448 1.4478 8.5553
v  -5.7821 1.4476 9.3480
v  -5.9891 1.4479 7.1243
v  -6.3072 1.4476 7.9481
v  -6.2453 1.4479 5.6311
v  -6.6763 1.4476 6.4465
v  -6.3055 1.4479 4.0205
v  -6.8360 1.4476 4.8285
v  -6.1220 1.4479 2.3565
v  -6.7564 1.4476 3.0589
v  -5.7062 1.4479 0.8253
v  -6.4326 1.4476 1.3558
v  -5.0861 1.4476 -0.4812
v  -5.9577 1.4476 -0.1062
v  -4.0774 1.4476 -1.6332
v  -5.3339 1.4476 -1.5018
v  -1.9762 1.4480 -2.2231
v  -3.4058 1.4476 -2.5781
v  -2.0482 1.4476 -3.2544
v  -3.2688 1.4476 -3.8810
v  -4.5243 1.4476 -3.1657
v  -2.0357 1.4476 -4.5766
v  -3.1270 1.4476 -5.3747
v  -4.0872 1.4476 -4.6315
v  0.0037 1.4480 -2.4086
v  -0.9613 1.4479 -2.7891
v  0.0037 1.4476 -3.3010
v  -0.9612 1.4476 -3.8756
v  0.0037 1.4476 -4.5705
v  -1.0288 1.4476 -5.3379
v  -2.0977 1.4476 -6.1667
v  -3.0538 1.4476 -7.1018
v  -3.8091 1.4476 -6.2210
v  0.0037 1.4476 -6.1452
v  -1.0822 1.4476 -7.0015
v  -2.1286 1.4476 -7.9564
v  -3.0399 1.4476 -8.9626
v  -3.6841 1.4476 -8.3057
v  0.0037 1.4476 -7.8771
v  -2.9927 1.4476 -10.0555
v  -3.6560 1.4476 -9.7953
v  -2.5974 1.4476 -11.2834
v  -3.5300 1.4476 -10.3144
v  -1.4077 1.4475 -13.6023
v  -1.7330 1.4476 -13.4609
v  -2.5150 1.4476 -12.2006
v  -0.5284 1.4476 -13.5804
v  -1.9436 1.0769 14.3191
v  -2.6515 0.2867 14.2604
v  -2.0835 -0.5204 14.7836
v  -1.3639 0.2849 14.7856
v  -3.1282 1.0787 13.6311
v  -3.7989 0.2868 13.3916
v  -3.3533 -0.5163 14.0636
v  -4.1005 1.0736 12.6818
v  -4.7026 0.2792 12.3574
v  -4.4248 -0.5264 13.0510
v  -4.8604 1.0713 11.6785
v  -5.4091 0.2815 11.3106
v  -5.2545 -0.5279 11.9734
v  -5.4876 1.0701 10.6376
v  -5.9952 0.2766 10.1777
v  -5.8988 -0.5255 10.8730
v  -6.0754 1.0706 9.4415
v  -6.5866 0.2838 8.8410
v  -6.4863 -0.5242 9.6171
v  -6.5997 1.0691 8.0147
v  -6.9988 0.2731 7.3222
v  -6.9946 -0.5247 8.1607
v  -6.9578 1.0659 6.4921
v  -7.2955 0.2833 5.7558
v  -7.3412 -0.5246 6.6151
v  -7.1497 1.0752 4.8303
v  -7.3183 0.2823 3.9778
v  -7.5076 -0.5180 4.9312
v  -7.0815 1.0802 3.0148
v  -7.0568 0.2438 2.1010
v  -7.3801 -0.5165 3.0898
v  -6.7178 1.0380 1.2221
v  -6.5624 0.3673 0.4415
v  -6.6384 -0.3500 0.4408
v  -6.9287 -0.5732 1.2634
v  -6.2506 1.1457 -0.2328
v  -6.0322 0.7030 -0.9557
v  -6.3715 -0.0379 -0.2495
v  -5.6515 1.2090 -1.6768
v  -5.3196 0.8847 -2.4680
v  -5.7311 0.4067 -1.6783
v  -4.9691 1.2347 -3.1683
v  -4.7222 0.9710 -3.9208
v  -5.0116 0.6307 -3.2174
v  -4.4481 1.2530 -4.6488
v  -4.2804 1.0547 -5.4394
v  -4.5171 0.7826 -4.6741
v  -4.0986 1.2722 -6.2425
v  -4.0155 1.1257 -7.2202
v  -4.1516 0.9672 -6.2644
v  -3.9480 1.2828 -8.3741
v  -3.9725 1.1433 -9.3936
v  -3.9922 1.0288 -8.3914
v  -3.9412 1.2898 -9.8552
v  -3.9329 1.1453 -10.0630
v  -3.9853 1.0262 -9.8890
v  -3.8281 1.2933 -10.2684
v  -3.6483 1.1209 -10.6515
v  -3.8655 1.0245 -10.2990
v  -2.7941 1.2845 -12.0734
v  -2.0907 1.1512 -13.3398
v  -2.8220 1.0393 -12.1121
v  -1.2635 1.2967 -13.9423
v  -0.9088 1.1509 -13.9781
v  -1.2839 1.0310 -13.9857
v  -1.5324 1.1495 -13.8938
v  -0.4629 1.2912 -13.9531
v  0.0037 1.1478 -13.9787
v  -0.4809 1.0218 -14.0011
v  -2.0859 -0.8809 14.8140
v  -2.7157 -1.0536 14.4588
v  -2.0271 -1.3696 14.6488
v  -1.3960 -1.0471 14.9926
v  -3.3585 -0.8834 14.0932
v  -3.9027 -1.0529 13.5843
v  -3.2724 -1.3782 13.9544
v  -4.4467 -0.8774 13.0854
v  -4.8677 -1.0488 12.5162
v  -4.3367 -1.3772 12.9841
v  -5.2852 -0.8753 12.0002
v  -5.5890 -1.0525 11.4321
v  -5.1727 -1.3832 11.9169
v  -5.9250 -0.8754 10.8878
v  -6.1963 -1.0538 10.2707
v  -5.8255 -1.3887 10.8131
v  -6.5073 -0.8759 9.6281
v  -6.7431 -1.0467 8.9184
v  -6.4014 -1.3802 9.5771
v  -7.0078 -0.8755 8.1740
v  -7.1770 -1.0511 7.4018
v  -6.9071 -1.3795 8.1397
v  -7.3522 -0.8763 6.6295
v  -7.4319 -1.0554 5.8219
v  -7.2489 -1.3848 6.5994
v  -7.5191 -0.8826 4.9493
v  -7.4623 -1.0607 4.0461
v  -7.4004 -1.3898 4.9489
v  -7.3962 -0.8861 3.1119
v  -7.1672 -1.0538 2.2136
v  -7.2746 -1.3945 3.1354
v  -6.9362 -0.8508 1.3493
v  -6.5170 -0.9447 0.4609
v  -6.8109 -1.3591 1.3520
v  -2.5800 -1.9180 14.1099
v  -1.8457 -2.5227 14.0259
v  -1.3141 -1.9085 14.6199
v  -3.6883 -1.9143 13.3015
v  -2.9724 -2.5199 13.4009
v  -4.6232 -1.9221 12.3099
v  -3.9365 -2.5217 12.5591
v  -5.3478 -1.9277 11.2432
v  -4.7397 -2.5260 11.5606
v  -5.9532 -1.9306 10.1127
v  -5.3948 -2.5349 10.5006
v  -6.5047 -1.9182 8.7839
v  -5.9676 -2.5277 9.3012
v  -6.9378 -1.9270 7.2706
v  -6.4736 -2.5279 7.8752
v  -7.1740 -1.9275 5.7485
v  -6.7994 -2.5303 6.3923
v  -7.2001 -1.9283 4.0554
v  -6.9223 -2.5200 4.8716
v  -6.9052 -1.9273 2.2432
v  -6.8058 -2.5256 3.1665
v  -6.2219 -1.8801 0.4396
v  -6.3467 -2.5109 1.3699
v  -2.2335 -3.0719 13.2976
v  -1.5142 -3.5191 13.0370
v  -1.1297 -3.0618 13.7390
v  -3.2021 -3.0635 12.6255
v  -2.4684 -3.5164 12.5266
v  -4.0344 -3.0715 11.7639
v  -3.2968 -3.5276 11.8331
v  -4.7634 -3.0811 10.7671
v  -4.0502 -3.5514 10.9555
v  -5.3561 -3.0804 9.6881
v  -4.7051 -3.5570 9.9520
v  -5.9107 -3.0748 8.4020
v  -5.2676 -3.5507 8.8025
v  -6.3306 -3.0768 6.9406
v  -5.7667 -3.5521 7.4460
v  -6.5575 -3.0741 5.5318
v  -6.1006 -3.5547 6.0629
v  -6.5926 -3.0725 3.9973
v  -6.2521 -3.5567 4.6861
v  -6.3241 -3.0759 2.2630
v  -6.1742 -3.5672 3.1054
v  -5.6579 -3.0389 0.4788
v  -5.7612 -3.5504 1.3628
v  -1.7791 -3.8575 12.3431
v  -1.1960 -4.1595 12.2158
v  -0.8810 -3.8500 12.7092
v  -2.6111 -3.8730 11.7958
v  -1.9913 -4.1256 11.7419
v  -3.3197 -3.9154 11.0765
v  -2.6844 -4.1544 11.1510
v  -4.0250 -3.9398 10.1491
v  -3.3524 -4.2090 10.3466
v  -4.6191 -3.9752 9.1189
v  -3.9825 -4.2682 9.3781
v  -5.1678 -3.9873 7.8794
v  -4.5301 -4.3222 8.2459
v  -5.5998 -3.9933 6.5240
v  -5.0155 -4.3550 6.9467
v  -5.8549 -3.9855 5.2469
v  -5.3557 -4.3661 5.6776
v  -5.9233 -3.9879 3.8545
v  -5.5124 -4.3848 4.4331
v  -5.7077 -3.9939 2.1961
v  -5.4643 -4.4068 2.9687
v  -5.0934 -3.9570 0.4976
v  -5.1161 -4.3727 1.3062
v  -0.7377 -4.4484 12.2438
v  -0.3353 -4.6679 12.2336
v  0.0043 -4.4493 12.3686
v  -0.3888 -4.1792 12.4733
v  -1.4954 -4.3939 11.8326
v  -1.0612 -4.6632 11.9774
v  -2.1717 -4.3201 11.2571
v  -1.7503 -4.6056 11.4630
v  -2.7786 -4.3593 10.5827
v  -2.3041 -4.5359 10.8012
v  -3.4194 -4.4389 9.6589
v  -2.8652 -4.5613 9.9610
v  -3.9458 -4.5244 8.6149
v  -3.4220 -4.6585 8.9656
v  -4.4220 -4.6188 7.3614
v  -3.8677 -4.7683 7.7922
v  -4.7837 -4.6721 6.0538
v  -4.2332 -4.8747 6.4797
v  -4.9661 -4.7302 4.8195
v  -4.4500 -4.9560 5.1834
v  -4.9287 -4.8278 3.5768
v  -4.3955 -5.0697 4.0110
v  -4.8357 -4.8129 2.0902
v  -4.1958 -5.1670 2.7704
v  -4.3932 -4.7151 0.5197
v  -4.1064 -5.1003 1.2874
v  -0.2853 -6.1747 12.0878
v  -0.6254 -6.7120 12.0774
v  -0.3093 -7.3121 12.2363
v  0.0041 -6.7209 12.1848
v  -0.9595 -6.1565 11.8519
v  -1.3395 -6.6869 11.6758
v  -1.0196 -7.3014 11.9791
v  -1.6153 -6.1170 11.3413
v  -1.9681 -6.6387 11.0487
v  -1.7110 -7.2771 11.4303
v  -2.1900 -6.0612 10.6525
v  -2.4952 -6.5849 10.2634
v  -2.2989 -7.2419 10.7104
v  -2.6973 -5.9958 9.7607
v  -2.9796 -6.5167 9.2591
v  -2.8013 -7.2025 9.8105
v  -3.1383 -5.9181 8.6906
v  -3.3684 -6.4454 8.1337
v  -3.2358 -7.1519 8.7485
v  -3.4945 -5.8765 7.4754
v  -3.6717 -6.4371 6.8344
v  -3.5874 -7.1186 7.5284
v  -3.8968 -6.4914 5.5242
v  -3.8614 -7.1384 6.2050
v  -3.7649 -5.9173 6.1632
v  -4.0186 -6.5279 4.2804
v  -4.0297 -7.1754 4.8846
v  -3.9316 -5.9855 4.8554
v  -3.9936 -6.0128 3.8408
v  -3.9420 -6.5527 3.5722
v  -4.0998 -7.1871 3.8538
v  -1.0830 -8.6133 12.1283
v  -1.5095 -9.5513 11.9634
v  -1.1529 -10.5965 12.3691
v  -0.7099 -9.5479 12.4298
v  -1.8139 -8.6108 11.5397
v  -2.1954 -9.5481 11.2571
v  -1.9273 -10.5975 11.7427
v  -2.4137 -8.6047 10.7858
v  -2.7359 -9.5485 10.4301
v  -2.5448 -10.5960 10.9508
v  -2.9164 -8.6008 9.8790
v  -3.2139 -9.5493 9.4219
v  -3.0583 -10.5967 10.0224
v  -3.3448 -8.5940 8.8229
v  -3.5984 -9.5466 8.2958
v  -3.4893 -10.5977 8.9447
v  -3.6960 -8.5833 7.5957
v  -3.9102 -9.5394 6.9664
v  -3.8423 -10.5908 7.7004
v  -3.9750 -8.5865 6.2602
v  -4.1474 -9.5466 5.6369
v  -4.1294 -10.5896 6.3524
v  -4.1455 -8.5956 4.9245
v  -4.2755 -9.5455 4.3440
v  -4.3074 -10.5954 4.9933
v  -4.2261 -8.5937 3.8692
v  -4.2471 -9.5500 3.5520
v  -4.3972 -10.5924 3.8980
v  -0.3769 -12.6966 12.9378
v  -0.8067 -13.7556 12.9633
v  -0.4029 -14.6619 13.1932
v  0.0041 -13.7569 13.1121
v  -1.2238 -12.6954 12.6237
v  -1.7012 -13.7552 12.4452
v  -1.2930 -14.6588 12.8603
v  -2.0411 -12.6963 11.9631
v  -2.4392 -13.7550 11.6710
v  -2.1395 -14.6590 12.1772
v  -2.6743 -12.6958 11.1378
v  -2.9946 -13.7550 10.8005
v  -2.7705 -14.6601 11.3502
v  -3.1992 -12.6957 10.1900
v  -3.4909 -13.7552 9.7584
v  -3.3007 -14.6587 10.4083
v  -3.6384 -12.6974 9.0861
v  -3.9034 -13.7539 8.5692
v  -3.7596 -14.6592 9.2793
v  -3.9951 -12.6914 7.8174
v  -4.2434 -13.7453 7.1959
v  -4.1416 -14.6530 7.9612
v  -4.2906 -12.6892 6.4532
v  -4.4849 -13.7530 5.8243
v  -4.4389 -14.6532 6.5629
v  -4.4771 -12.6956 5.0703
v  -4.6157 -13.7251 4.4692
v  -4.6342 -14.6601 5.1603
v  -4.5731 -12.6631 3.9317
v  -4.6484 -13.5236 3.5736
v  -1.7689 -15.2457 12.6172
v  -1.3138 -15.4464 12.9590
v  -0.8433 -15.2488 13.1518
v  -2.5105 -15.2476 11.8331
v  -2.1696 -15.4465 12.2721
v  -3.0647 -15.2484 10.9729
v  -2.7986 -15.4464 11.4506
v  -3.5712 -15.2472 9.9294
v  -3.3285 -15.4464 10.5181
v  -4.0024 -15.2451 8.7033
v  -3.8009 -15.4465 9.3779
v  -4.3568 -15.2362 7.2971
v  -4.1961 -15.4467 8.0393
v  -4.5979 -15.2458 5.9061
v  -4.4953 -15.4467 6.6279
v  -4.7417 -15.2167 4.5335
v  -4.6994 -15.4465 5.2055
v  -4.8440 -15.4466 3.2699
v  -4.7976 -14.8906 2.2919
v  -4.8694 -15.2392 1.6052
v  -4.8783 -15.4466 2.2563
v  -4.8150 -14.9049 0.8299
v  -4.8675 -15.2537 0.0259
v  -4.8936 -15.4466 0.8439
v  -4.8034 -15.2684 -1.7384
v  -4.6396 -14.9490 -2.9963
v  -4.5256 -15.2723 -4.2495
v  -4.7205 -15.4466 -2.9707
v  -4.2411 -14.9469 -5.3096
v  -4.0149 -15.2668 -6.2225
v  -4.3299 -15.4467 -5.3014
v  -3.5741 -14.9307 -7.0276
v  -3.1912 -15.2638 -7.7441
v  -3.6622 -15.4469 -7.0727
v  -2.6978 -14.9260 -8.1587
v  -2.2641 -15.2554 -8.5739
v  -2.7573 -15.4466 -8.2507
v  -1.6917 -14.8963 -8.7776
v  -1.2038 -15.2460 -9.0142
v  -1.7358 -15.4474 -8.8793
v  -0.7922 -14.8970 -9.0204
v  -0.5216 -15.2538 -9.1274
v  -0.8411 -15.4471 -9.1189
v  -3.0415 -8.0597 3.1231
v  -3.4182 -8.7084 3.1885
v  -3.5933 -7.9422 3.2739
v  -3.2486 -7.3709 3.2134
v  -3.6205 -10.6470 3.1407
v  -3.3002 -11.6766 3.0038
v  -3.8277 -12.6113 3.0929
v  -4.0342 -11.6570 3.1962
v  -3.4285 -13.3854 2.9487
v  -3.9910 -13.9826 3.0116
v  -4.2701 -13.4209 3.1688
v  -2.7065 -7.6844 3.0539
v  -2.4036 -8.2737 2.9470
v  -2.6891 -8.7944 2.9921
v  -2.6584 -10.6775 2.8883
v  -2.0360 -11.7107 2.6757
v  -2.7122 -12.6104 2.8021
v  -2.0341 -13.3813 2.5872
v  -2.7436 -13.9594 2.7109
v  -1.5598 -10.8941 2.6130
v  -1.1297 -11.8633 2.4691
v  -1.5279 -12.6361 2.5157
v  -1.1271 -13.3817 2.3898
v  -1.5084 -13.9696 2.4299
v  -4.4527 -14.5909 2.1708
v  -3.5205 -14.5308 2.0061
v  -4.0787 -14.5542 1.5059
v  -2.0298 -14.4831 1.7344
v  -2.7701 -14.5038 1.3729
v  -1.1463 -14.4674 1.5748
v  -1.5198 -14.4737 1.2337
v  -3.5277 -14.5310 0.7681
v  -4.0842 -14.5547 -0.0605
v  -4.4694 -14.5926 0.8088
v  -2.0184 -14.4830 0.7076
v  -2.7608 -14.5039 -0.1580
v  -1.1479 -14.4672 0.6387
v  -1.5098 -14.4740 -0.1659
v  -0.4339 -10.5409 2.3870
v  -0.7595 -11.1595 2.4224
v  -1.1553 -10.3176 2.5517
v  -0.7492 -9.9468 2.4829
v  -0.7650 -12.6687 2.3480
v  -0.4934 -13.3637 2.2527
v  -0.7708 -13.9651 2.2787
v  -0.5631 -14.4624 1.4468
v  -0.8189 -14.4646 1.1431
v  -0.5706 -14.4624 0.6044
v  -0.8211 -14.4644 -0.1033
v  -3.4807 -5.4386 2.0422
v  -2.8110 -5.8173 2.5049
v  -3.1481 -5.5977 2.9305
v  -3.6715 -5.3860 3.1652
v  -3.2642 -5.3586 0.6057
v  -2.7808 -5.7807 1.2933
v  -2.4205 -6.3252 1.8961
v  -2.2259 -6.9103 2.2964
v  -2.3916 -6.4082 2.7130
v  -2.3692 -6.3587 0.6412
v  -2.2373 -6.9180 1.1947
v  -2.1180 -7.3256 1.7431
v  -1.9786 -7.7617 2.1803
v  -2.0794 -7.4245 2.5938
v  -2.1002 -7.4030 0.5852
v  -2.0474 -7.7346 1.1115
v  -1.7546 -8.5246 2.0567
v  -1.5397 -8.8585 1.5089
v  -1.1351 -9.1397 1.8911
v  -1.4594 -8.8916 2.3354
v  -1.8362 -8.4793 1.0395
v  -1.6178 -8.8132 0.5122
v  -1.2188 -9.1092 1.0013
v  -0.7432 -9.2627 1.4540
v  -0.3122 -9.3463 1.8120
v  -0.6830 -9.2846 2.1394
v  -0.7816 -9.2493 0.5032
v  -0.3290 -9.3429 1.0016
v  -4.7929 -14.9350 -0.8041
v  -4.8661 -15.4465 -0.7780
v  -3.5287 -14.5320 -1.2420
v  -4.0537 -14.5570 -2.1543
v  -4.4710 -14.6036 -0.9321
v  -2.0220 -14.4838 -1.5531
v  -2.7655 -14.5070 -2.7600
v  -1.5162 -14.4752 -2.5080
v  -1.1490 -14.4678 -1.1787
v  -0.8188 -14.4644 -1.8634
v  -0.5710 -14.4623 -0.9757
v  -0.1233 -9.8870 1.7619
v  -0.1233 -10.4102 1.4537
v  -0.1233 -11.1458 1.8069
v  -0.1233 -9.9358 1.9977
v  -0.1233 -10.0165 2.0755
v  -0.1233 -10.5219 2.0946
v  -0.1233 -13.1783 1.3488
v  -0.1672 -14.3526 1.3952
v  -0.1306 -13.2833 2.0330
v  -0.1233 -12.6393 1.7755
v  -0.1233 -9.8877 0.9942
v  -0.1233 -10.4034 0.4380
v  -0.1233 -11.1481 0.9860
v  -0.1233 -13.9975 0.0083
v  -0.1595 -14.3403 0.6393
v  -0.1233 -13.1394 0.0791
v  -0.1233 -12.6049 0.9207
v  -3.4445 -14.5354 -3.4463
v  -3.8012 -14.5569 -4.3181
v  -4.3237 -14.6176 -3.1252
v  -2.1148 -14.4896 -3.9329
v  -2.6567 -14.5095 -4.4782
v  -3.0926 -14.5324 -5.2753
v  -3.2349 -14.5496 -6.0499
v  -3.9170 -14.6077 -5.3061
v  -1.9760 -14.4910 -5.3068
v  -2.4699 -14.5137 -6.0021
v  -0.1233 -10.8076 -1.8860
v  -0.1233 -11.6378 -2.6676
v  -0.1233 -10.9860 -0.6115
v  -0.1233 -11.8181 0.1288
v  -0.1233 -12.5154 -1.2898
v  -0.1233 -13.5837 -1.0534
v  -0.1233 -14.0032 -1.8757
v  -0.1574 -14.3362 -0.9496
v  0.0041 -11.6444 12.8337
v  -0.3535 -10.5962 12.6638
v  -0.7565 -11.6436 12.6961
v  -1.6043 -11.6460 12.2027
v  -2.3230 -11.6440 11.4552
v  -2.8750 -11.6441 10.5955
v  -3.3606 -11.6455 9.5653
v  -3.7529 -11.6444 8.4140
v  -4.0777 -11.6352 7.0746
v  -4.3179 -11.6416 5.7244
v  -4.4469 -11.6433 4.4002
v  -4.4582 -11.6407 3.5520
v  -3.1614 -9.6530 3.0726
v  -3.7946 -9.5983 3.2405
v  -2.1225 -9.7700 2.7990
v  -1.6508 -9.3850 2.7105
v  -0.4625 -11.9353 2.3197
v  -0.1253 -11.9448 2.0714
v  -0.1233 -11.9199 1.4283
v  -0.1233 -9.7955 -0.1077
v  -0.1233 -10.2357 -0.9956
v  -0.1233 -13.1430 -2.3319
v  -1.9914 -7.7421 0.1293
v  -1.9336 -8.0268 -0.3196
v  -1.8690 -8.4051 0.0575
v  -1.9716 -8.0878 0.5446
v  -1.6398 -8.7231 -0.4715
v  -1.2628 -9.0622 -0.0081
v  -0.8026 -9.1714 -0.5469
v  -0.3584 -9.3056 -0.0150
v  -3.5377 -5.0250 -0.0340
v  -2.6293 -5.3575 -0.2976
v  -2.5168 -5.7729 0.1896
v  -2.1534 -6.1501 -0.0001
v  -2.2050 -6.6759 0.2459
v  -0.3519 -13.2164 -2.9933
v  -0.6213 -12.5765 -3.4936
v  -1.0190 -13.3404 -3.3324
v  -0.7039 -13.6605 -2.8217
v  -0.3997 -14.0666 -2.4903
v  -1.0453 -14.0800 -2.8439
v  -0.7166 -14.3919 -2.4670
v  -1.2017 -12.9037 -3.8847
v  -1.5024 -13.6493 -3.9881
v  -1.3485 -13.8176 -3.3868
v  -1.5646 -14.1969 -3.6899
v  -1.3850 -14.3797 -3.0861
v  -1.4959 -13.2875 -4.4704
v  -1.5551 -13.7799 -4.8170
v  -1.5950 -14.0205 -4.2679
v  -1.5587 -14.2602 -4.7232
v  -1.6865 -14.4148 -4.1113
v  -1.5264 -13.3186 -5.3742
v  -1.4087 -13.6662 -5.8494
v  -1.5330 -13.9872 -5.3531
v  -1.4038 -14.1613 -5.8540
v  -1.5765 -14.3874 -5.3209
v  -0.2993 -11.7590 -3.4090
v  -0.6627 -11.0060 -3.5179
v  -0.9849 -11.9797 -3.6766
v  -1.2474 -11.3040 -3.9392
v  -1.4001 -12.3417 -4.2142
v  -1.5006 -11.6377 -4.5616
v  -1.5464 -12.5801 -4.8951
v  -1.5101 -11.9508 -5.4253
v  -1.4071 -12.7205 -5.8647
v  -0.3129 -10.3458 -3.5862
v  -0.6596 -9.9228 -3.8552
v  -0.9930 -10.5438 -3.7803
v  -1.2715 -10.2294 -4.1831
v  -1.4266 -10.9077 -4.3124
v  -1.5069 -10.6355 -4.8075
v  -1.5383 -11.2331 -5.0180
v  -1.4828 -10.9390 -5.5549
v  -1.3726 -11.5278 -5.8691
v  -0.3238 -9.2816 -4.2179
v  -0.6494 -8.7883 -4.7708
v  -0.9893 -9.4775 -4.3514
v  -1.2896 -9.1347 -4.9893
v  -1.4560 -9.9394 -4.7969
v  -1.5208 -9.6762 -5.5095
v  -1.5346 -10.3532 -5.4202
v  -1.4649 -10.1515 -6.0935
v  -1.3400 -10.6975 -6.0703
v  -0.3095 -8.2386 -5.2968
v  -0.6802 -7.8478 -5.8473
v  -1.0075 -8.4140 -5.3798
v  -1.3315 -8.2024 -6.0693
v  -1.4749 -8.9427 -5.7597
v  -1.5166 -8.7852 -6.5642
v  -1.5302 -9.4607 -6.2963
v  -1.4305 -9.2977 -7.1022
v  -1.2781 -9.9336 -6.8207
v  -1.7143 -5.3833 -0.8775
v  -1.1038 -5.0344 -1.4400
v  -0.3601 -5.3924 -1.2734
v  -1.0025 -5.7299 -0.8339
v  -1.6536 -6.0331 -0.3737
v  -0.3333 -5.9459 -0.8537
v  -1.0650 -6.2069 -0.6062
v  -1.8283 -7.3601 -1.4562
v  -1.8128 -7.3642 -2.1709
v  -1.7818 -7.9728 -1.7878
v  -1.8789 -7.8778 -1.1419
v  -1.5948 -8.5282 -1.4491
v  -1.5957 -8.0138 -2.5415
v  -1.2492 -8.5997 -2.1022
v  -0.7944 -8.9606 -1.5963
v  -0.8268 -8.5219 -2.7448
v  -0.3797 -8.8622 -2.1492
v  -0.9731 -6.4298 -0.8896
v  -0.3827 -6.2774 -1.2234
v  -0.8492 -6.2452 -1.5629
v  -1.4261 -6.6816 -1.1731
v  -0.1233 -9.2536 -3.2291
v  -0.1233 -10.0433 -3.2092
v  -0.1233 -9.9443 -2.3500
v  -0.1233 -9.2507 -2.4111
v  -1.7255 -6.7006 -2.6234
v  -1.7598 -6.5142 -3.4387
v  -1.7581 -7.2492 -2.9723
v  -1.5850 -7.1868 -3.8084
v  -1.2731 -7.9642 -3.3283
v  -0.8315 -7.7326 -4.0054
v  -0.4218 -8.2624 -3.3842
v  -0.4057 -5.9556 -1.9864
v  -0.8247 -5.6417 -2.6052
v  -1.2704 -6.1616 -2.2292
v  -0.1233 -8.5306 -3.5535
v  -0.1233 -8.2620 -4.3312
v  -0.1233 -9.0047 -3.9585
v  -1.7113 -5.7850 -3.8158
v  -1.7603 -5.5879 -4.5572
v  -1.7347 -6.3471 -4.1962
v  -1.5753 -6.2833 -4.9656
v  -1.2517 -7.0750 -4.5364
v  -0.8268 -6.8116 -5.1491
v  -0.4193 -7.3847 -4.5940
v  -0.3957 -5.2290 -2.9903
v  -0.8136 -4.7314 -3.6176
v  -1.2653 -5.2919 -3.3490
v  -0.1233 -7.6281 -4.7588
v  -0.1233 -7.3443 -5.4621
v  -0.1233 -7.9416 -5.0489
v  -1.9851 -4.6774 -1.4683
v  -1.2865 -4.3188 -1.9368
v  -0.3769 -4.6795 -1.8117
v  -1.5034 -3.5269 -2.3610
v  -2.5740 -2.9771 -2.3181
v  -1.8150 -2.3455 -2.8076
v  -0.8465 -2.9971 -2.7617
v  -3.2935 -3.5299 -1.6715
v  -4.3659 -2.9965 -1.2192
v  -3.6918 -2.3777 -2.0105
v  -5.3560 -2.4531 -0.4838
v  -4.8318 -3.5286 -0.3529
v  -0.1233 -9.6204 -1.3122
v  -1.7981 -7.2010 -0.8444
v  -1.9086 -7.6605 -0.6067
v  -1.9754 -7.3809 -0.1861
v  -1.8464 -6.9818 -0.3605
v  -1.2550 -8.9201 -1.0439
v  -1.8232 -8.2997 -0.8362
v  -0.3592 -9.1593 -1.0779
v  -2.0204 -5.7323 -0.3588
v  -2.5023 -5.0301 -0.8997
v  -1.9668 -6.3853 -0.1012
v  -2.2510 -3.9601 -1.8934
v  -2.9376 -4.3276 -1.3421
v  -3.9110 -3.9578 -0.9821
v  -4.2970 -4.3349 -0.2311
v  -0.5234 -3.9616 -2.2745
v  -3.4062 -4.6868 -0.7006
v  -2.8288 -1.7440 -2.6655
v  -2.0153 -1.0333 -3.0514
v  -1.0506 -1.7252 -3.1045
v  -5.8063 -1.2643 -0.5458
v  -4.8093 -1.8202 -1.4283
v  -3.9767 -1.1163 -2.2637
v  -3.0352 -0.2007 -2.7744
v  -2.5682 0.5685 -3.0198
v  -1.6957 -0.0854 -3.1946
v  -5.9313 -0.1262 -0.5802
v  -5.0690 -0.5058 -1.4695
v  -4.1084 0.3215 -2.2552
v  -1.5189 0.7228 -3.7864
v  -1.0635 0.0796 -3.8177
v  -1.4765 0.0255 -3.3691
v  -5.9258 0.0721 -0.6111
v  -6.3423 -0.1102 -0.2490
v  -5.6866 0.3609 -1.6473
v  -5.3612 0.4388 -1.9477
v  -4.9631 0.5861 -3.1910
v  -4.5739 0.6565 -3.7648
v  -4.8129 0.5575 -2.6419
v  -5.2078 0.4430 -1.9603
v  -4.2607 0.7546 -3.6552
v  -4.4625 0.7953 -2.4267
v  -5.0052 0.5362 -1.9488
v  -4.1673 0.7723 -2.3283
v  -3.7201 0.9293 -3.2675
v  -4.4601 0.7516 -4.6550
v  -4.1502 0.8354 -5.3720
v  -4.1479 0.7619 -4.5603
v  -3.9128 0.8536 -5.2539
v  -3.7627 1.0029 -4.2731
v  -3.2784 1.0016 -4.0890
v  -2.8646 0.9418 -3.2538
v  -4.1136 0.9320 -6.2541
v  -3.9064 1.0045 -7.0773
v  -3.8970 0.9195 -6.1055
v  -3.6591 1.0040 -6.8204
v  -3.5541 1.0040 -5.8117
v  -2.3287 1.0042 -5.4340
v  -1.8155 1.0025 -4.0823
v  -2.9372 1.0045 -4.5859
v  -0.1347 -5.4394 -1.4357
v  -0.1233 -5.1655 -1.7634
v  -0.1233 -5.5722 -1.6391
v  -0.1233 -5.7657 -1.3555
v  -0.1233 -5.8882 -1.4931
v  -0.1512 -6.1093 -1.2586
v  -0.1233 -6.0025 -1.1184
v  -0.2004 -4.4317 -2.3224
v  -0.1329 -4.8639 -2.1303
v  -0.1849 -4.7136 -1.9380
v  -0.1233 -5.3939 -2.0987
v  -0.1242 -5.7503 -1.8523
v  -0.3498 -7.4082 -6.3082
v  -0.7231 -7.0915 -6.7595
v  -1.0687 -7.5752 -6.3954
v  -1.3668 -7.4816 -7.0085
v  -1.4777 -8.1401 -6.8021
v  -1.4992 -8.0786 -7.4943
v  -1.5047 -8.6656 -7.3020
v  -1.4015 -8.5904 -8.0086
v  -1.2243 -9.1369 -7.8175
v  -1.2812 -4.3451 -4.3014
v  -1.6091 -4.1225 -5.0244
v  -1.7357 -4.8540 -4.8507
v  -1.5628 -5.0256 -4.0875
v  -1.7371 -5.4373 -5.3165
v  -1.6257 -5.4331 -6.0394
v  -1.2648 -6.1583 -5.6731
v  -0.8375 -5.9308 -6.1897
v  -0.4037 -6.4330 -5.6975
v  -0.8229 -3.8073 -4.5073
v  -0.3919 -4.2852 -3.9263
v  -0.1233 -6.5685 -6.4525
v  -0.1233 -7.1188 -6.1158
v  -0.1233 -6.7383 -5.8709
v  -0.1233 -4.9224 -2.6914
v  -0.1259 -5.1424 -2.7449
v  -0.3278 -3.9666 -2.4613
v  -0.4872 -3.5619 -2.8433
v  -0.3086 -4.0570 -2.7353
v  -0.6655 -2.9819 -3.0217
v  -0.8236 -2.2736 -3.6088
v  -0.7053 -2.9976 -3.3152
v  -0.8535 -1.7442 -3.3447
v  -0.8733 -1.1065 -4.2868
v  -0.8730 -1.7577 -4.3185
v  -0.8733 -0.1095 -4.0355
v  -0.8733 0.0468 -5.3231
v  -0.8733 -0.7558 -5.1421
v  -0.8732 0.6871 -6.2310
v  -0.8733 0.1296 -7.5144
v  -0.8733 -0.2991 -6.6635
v  -0.8732 0.6859 -8.2800
v  -0.8733 0.1463 -8.8722
v  -0.8731 -0.3078 -8.3494
v  -0.6876 -1.7964 -4.8592
v  -0.5335 -1.3915 -5.3484
v  -0.3173 -1.8787 -5.0283
v  -0.4723 -2.3958 -4.5371
v  -0.7120 -0.8852 -5.5931
v  -0.5071 -0.5560 -6.2029
v  -0.3837 -0.9984 -5.7477
v  -0.6750 -0.5495 -6.8130
v  -0.5051 -0.5560 -7.6758
v  -0.3589 -0.5571 -6.8630
v  -0.6585 -0.5526 -8.3862
v  -0.5537 -0.5560 -9.1958
v  -0.3692 -0.5561 -8.3982
v  -0.2930 -3.5966 -3.4947
v  -0.1405 -4.1670 -3.0726
v  -0.2723 -4.0535 -2.9523
v  -0.6002 -3.0089 -3.8126
v  -0.2607 -3.0083 -4.0785
v  -0.1233 -3.7220 -3.8989
v  -0.1303 -4.2585 -3.6776
v  -0.1233 -4.7712 -2.4263
v  -1.7655 -4.0463 -5.7299
v  -1.7973 -4.0493 -6.3577
v  -1.7665 -4.7048 -6.2016
v  -1.7781 -4.7158 -5.5877
v  -1.6787 -4.8689 -6.7177
v  -1.3238 -5.4720 -6.5096
v  -0.8489 -5.4002 -6.8229
v  -0.3717 -5.7298 -6.5015
v  -0.3398 -3.3633 -4.8158
v  -0.8125 -2.8893 -5.4399
v  -1.2908 -3.4605 -5.1762
v  -0.1233 -2.6279 -4.9043
v  -0.1258 -3.2590 -4.6156
v  -1.7841 -3.3122 -6.5611
v  -1.8078 -3.4692 -7.2006
v  -1.7887 -4.1453 -6.9515
v  -1.6957 -4.3751 -7.4786
v  -1.3695 -4.9603 -7.1716
v  -0.8192 -4.8688 -7.4910
v  -0.3444 -5.1931 -7.1468
v  -0.3832 -2.3652 -5.9023
v  -0.8054 -2.0261 -6.5100
v  -1.2901 -2.5442 -6.1232
v  -0.1233 -1.6497 -5.8753
v  -0.1261 -2.2454 -5.7034
v  -1.7894 -2.8281 -7.3814
v  -1.8097 -3.2649 -7.9866
v  -1.7979 -3.7937 -7.7622
v  -1.6971 -4.2513 -8.1395
v  -1.3357 -4.5655 -7.8076
v  -0.7919 -4.6385 -8.0391
v  -0.3012 -4.7374 -7.7288
v  -0.3962 -1.7985 -6.8331
v  -0.8273 -1.8152 -7.3139
v  -1.2981 -2.0072 -7.0056
v  -0.1233 -1.2096 -6.6715
v  -0.1233 -1.6127 -6.5770
v  -1.7973 -2.7319 -8.1974
v  -1.8061 -3.3777 -8.7908
v  -1.7898 -3.8704 -8.5130
v  -1.6860 -4.4872 -8.7668
v  -1.3353 -4.6274 -8.3374
v  -0.7993 -4.9405 -8.4767
v  -0.2986 -4.7592 -8.2723
v  -0.3629 -1.7745 -7.7449
v  -0.8828 -1.8200 -8.3522
v  -1.3625 -1.9424 -7.9125
v  -0.1233 -1.1656 -7.9294
v  -0.1233 -1.5236 -7.5529
v  -0.3526 -6.6941 -7.1522
v  -0.7421 -6.3823 -7.5650
v  -1.1297 -6.8773 -7.2308
v  -1.4192 -6.8161 -7.8153
v  -1.4853 -7.4769 -7.6637
v  -1.5165 -7.4061 -8.3123
v  -1.4992 -8.0030 -8.1567
v  -1.4224 -7.9253 -8.8440
v  -1.2297 -8.4782 -8.6757
v  -0.3618 -5.9320 -7.9827
v  -0.7918 -5.6285 -8.3221
v  -1.2145 -6.1419 -8.0290
v  -1.5251 -6.0138 -8.5888
v  -1.5468 -6.7508 -8.4837
v  -1.6072 -6.5872 -9.1254
v  -1.5581 -7.2857 -8.9950
v  -1.5423 -7.1180 -9.6942
v  -1.3289 -7.7490 -9.5303
v  -0.3424 -5.2577 -8.4855
v  -1.2540 -5.3517 -8.6075
v  -1.6457 -5.0936 -8.9552
v  -1.6588 -5.8306 -9.1433
v  -1.7380 -5.5692 -9.7162
v  -1.6784 -6.3585 -9.7829
v  -1.7076 -6.0462 -10.4471
v  -1.5204 -6.8063 -10.4128
v  -0.1233 -6.1059 -6.6874
v  -0.1208 -6.1127 -7.0000
v  -0.1233 -6.4542 -6.9141
v  -1.7828 -4.1386 -9.2014
v  -1.7687 -4.8396 -9.4816
v  -1.7958 -4.4108 -9.9258
v  -1.7748 -5.2317 -10.2617
v  -1.7753 -4.6535 -10.7796
v  -1.7032 -5.5221 -11.0702
v  -1.7983 -2.7546 -9.0463
v  -1.8043 -3.5060 -9.5132
v  -1.7839 -2.8221 -9.9024
v  -1.8058 -3.6893 -10.3452
v  -1.7748 -2.9809 -10.7123
v  -1.7607 -3.8687 -11.1938
v  -0.1233 -1.1668 -9.0682
v  -0.1233 -1.5254 -8.6172
v  -0.9644 -1.8272 -9.2286
v  -1.4206 -1.9714 -8.8913
v  -0.3928 -1.7772 -8.7074
v  -1.0422 -0.5560 -9.4594
v  -1.3814 -0.5552 -9.8392
v  -0.9841 -0.5560 -10.0048
v  -0.3622 -0.5564 -9.5754
v  -1.2695 0.6854 -9.1891
v  -1.5203 0.1331 -9.5261
v  -1.2419 -0.3126 -9.2891
v  -0.1233 -1.1707 -10.0064
v  -0.1240 -1.5341 -9.5627
v  -1.0262 -1.8326 -10.1342
v  -1.4648 -2.0069 -9.8279
v  -0.3675 -1.7749 -9.5675
v  -1.0346 -1.5862 -10.4020
v  -0.3307 -1.1624 -10.2550
v  -1.0002 -0.8143 -10.3948
v  -1.5332 -1.3438 -10.5061
v  -1.7779 0.6877 -9.8554
v  -1.8607 0.1245 -10.2480
v  -1.6851 -0.3318 -9.8838
v  -1.9623 0.6891 -10.6630
v  -1.8850 0.1292 -11.0220
v  -1.8598 -0.4512 -10.6789
v  -1.6527 -1.3480 -10.5704
v  -1.6948 -0.8143 -10.6579
v  -1.6908 -1.4150 -10.7415
v  -1.6916 -1.9739 -10.6434
v  -1.8258 0.6869 -11.4136
v  -1.6123 0.1284 -11.7215
v  -1.7444 -0.3307 -11.3562
v  -1.5999 -1.3786 -10.8562
v  -1.4513 -0.8435 -10.8954
v  -1.1008 -1.2551 -10.9686
v  -1.4250 -1.7561 -10.9009
v  -0.7117 -0.8464 -11.0499
v  -0.3245 -1.2117 -11.1307
v  -0.7124 -1.5522 -11.0497
v  -1.0706 0.1261 -12.2772
v  -0.7781 0.6772 -12.4975
v  -0.4029 0.1249 -12.5622
v  -0.6851 -0.3227 -12.4305
v  -0.6760 -0.5560 -12.0992
v  -0.3916 -0.5560 -11.8250
v  -0.7176 -0.5560 -11.3233
v  -1.0638 -0.5560 -11.6509
v  -1.3665 -0.3246 -11.9729
v  -1.3408 0.6508 -12.1273
v  -1.4135 -0.5560 -11.1807
v  -1.4978 -0.5549 -11.3388
v  -1.2242 -0.5560 -11.7429
v  -0.1233 -1.2494 -11.3762
v  -0.1233 -0.8071 -11.8439
v  -0.1233 -1.3567 -12.2042
v  -0.1233 -1.6028 -11.9635
v  -0.1233 -1.5286 -11.5816
v  -0.3572 -1.7740 -11.4795
v  -0.6585 -1.8683 -11.8298
v  -1.0717 -1.8853 -11.4833
v  -0.7140 -1.8024 -11.2659
v  -0.3954 -2.2913 -12.3246
v  -0.8143 -2.2198 -12.1794
v  -0.3394 -1.9689 -12.0838
v  -0.7230 -2.6934 -12.4333
v  -1.1874 -2.7620 -12.2412
v  -1.2566 -2.2167 -11.8760
v  -1.5657 -2.3850 -11.4669
v  -1.4295 -2.0378 -11.0974
v  -0.1347 -2.2157 -12.3417
v  0.0037 -2.4445 -12.4353
v  -0.2914 -2.6425 -12.4969
v  0.0037 -3.0075 -12.6015
v  -0.4371 -3.2181 -12.6063
v  -0.1213 -1.3450 -12.3647
v  -0.0811 -0.8319 -12.4865
v  0.0037 -1.3569 -12.4694
v  -0.0794 -1.8760 -12.3887
v  -0.2072 0.6803 -12.6439
v  0.0037 0.1248 -12.6104
v  -0.1434 -0.3338 -12.5559
v  -1.3154 1.0041 -12.6730
v  -1.0961 1.0042 -13.2156
v  -0.7957 1.0044 -12.5240
v  -0.6114 1.0042 -12.9878
v  -1.2672 1.0042 -6.3250
v  -2.1662 1.0041 -5.9364
v  -2.9496 0.9959 -7.3352
v  -1.8352 1.0044 -7.7492
v  -1.1443 1.0051 -8.3117
v  -2.1526 1.0045 -8.7145
v  -1.4602 1.0047 -8.9305
v  -3.6073 1.0040 -7.7900
v  -3.0427 1.0044 -8.2885
v  -2.4224 1.0047 -9.5088
v  -3.2120 1.0124 -9.1386
v  -2.1276 1.0044 -10.7677
v  -2.4380 1.0042 -10.1596
v  -3.0884 1.0041 -10.7342
v  -2.3763 1.0042 -11.1620
v  -1.3387 1.0047 -12.1954
v  -1.9356 1.0043 -12.0170
v  -1.8505 1.0040 -12.6859
v  -3.8962 1.0042 -8.3189
v  -3.7058 1.0041 -8.9437
v  -3.8734 1.0041 -9.7666
v  -3.4262 1.0041 -9.9375
v  -3.6885 1.0041 -10.3149
v  -3.1591 1.0040 -11.0307
v  -3.2026 1.0041 -10.2049
v  -2.7589 1.0041 -12.0862
v  -1.8697 1.0041 -13.1664
v  -2.3475 1.0040 -11.8605
v  -1.4920 1.0041 -13.5086
v  -1.2911 1.0051 -13.8925
v  -0.8237 1.0042 -13.6456
v  -0.4605 1.0049 -13.9040
v  0.0037 1.0047 -13.7658
v  -0.3700 1.0043 -13.4425
v  -1.9711 1.0046 -11.5052
v  -2.0563 1.0042 -9.8579
v  -1.6479 -4.7919 -11.5907
v  -1.4399 -5.5705 -11.7402
v  -1.5118 -6.2800 -11.1229
v  -1.6610 -2.3219 -10.8825
v  -1.5272 -3.0046 -11.9166
v  -1.7106 -2.6165 -11.0401
v  -1.6932 -3.3148 -11.5374
v  -1.2375 -4.8585 -12.1998
v  -0.8479 -5.5793 -12.2100
v  -1.0919 -6.2946 -11.6777
v  -1.5171 -4.1796 -11.9858
v  -1.2623 -3.7464 -12.2972
v  -0.9008 -4.3312 -12.4739
v  -0.4634 -4.8919 -12.5043
v  0.0037 -5.5781 -12.3464
v  -0.3885 -6.2753 -11.9823
v  -0.4651 -3.9914 -12.6110
v  0.0037 -4.4243 -12.6079
v  -1.2304 -6.8826 -10.9895
v  -1.2773 -7.3751 -10.2394
v  -0.6821 -6.8846 -11.4242
v  -0.8915 -7.4171 -10.7018
v  0.0037 -6.6881 -11.7460
v  -0.1281 -7.0079 -11.4567
v  -0.3708 -7.3639 -11.0145
v  -1.0166 -7.8710 -9.9521
v  -1.1012 -8.2459 -9.2860
v  -0.5701 -7.9259 -10.2688
v  -0.7347 -8.3581 -9.5806
v  -0.2106 -7.9170 -10.4634
v  -0.3529 -8.3925 -9.7672
v  -0.8942 -8.6654 -9.0124
v  -1.0385 -8.9175 -8.4479
v  -0.4912 -8.7461 -9.2270
v  -0.6682 -9.0357 -8.7203
v  -0.2103 -8.7769 -9.3656
v  -0.3337 -9.0714 -8.8759
v  -0.8565 -9.3191 -8.1507
v  -1.0640 -9.6316 -7.5318
v  -0.4754 -9.4017 -8.3602
v  -0.6757 -9.7565 -7.7960
v  -0.2148 -9.4182 -8.5053
v  -0.3350 -9.7816 -7.9386
v  -0.8948 -10.1263 -7.1622
v  -1.1265 -10.4711 -6.5687
v  -0.4951 -10.2004 -7.3613
v  -0.7083 -10.5871 -6.8456
v  -0.2094 -10.2151 -7.4958
v  -0.3458 -10.6109 -6.9730
v  -0.9389 -10.8656 -6.4813
v  -1.1618 -11.1422 -6.1771
v  -0.5169 -10.9408 -6.6669
v  -0.7348 -11.2572 -6.4945
v  -0.1995 -10.9582 -6.7851
v  -0.3643 -11.3082 -6.6133
v  -0.9802 -11.6631 -6.3614
v  -1.2070 -12.1627 -6.1679
v  -0.5546 -11.7434 -6.5675
v  -0.7573 -12.2405 -6.4904
v  -0.2359 -11.7713 -6.6602
v  -0.3899 -12.2819 -6.6110
v  -0.9964 -12.7989 -6.3798
v  -1.2254 -13.3042 -6.1660
v  -0.5586 -12.8408 -6.5712
v  -0.7650 -13.3495 -6.5043
v  -0.2504 -12.8500 -6.6523
v  -0.4024 -13.3590 -6.6099
v  -0.9969 -13.6893 -6.3757
v  -1.2267 -13.9214 -6.1622
v  -0.5619 -13.7118 -6.5741
v  -0.7640 -13.9549 -6.5035
v  -0.2654 -13.7075 -6.6459
v  -0.4068 -13.9596 -6.6092
v  -0.9981 -14.1585 -6.3720
v  -1.2387 -14.3544 -6.1880
v  -0.5619 -14.1733 -6.5744
v  -0.7795 -14.3470 -6.5329
v  -0.2810 -14.1571 -6.6397
v  -0.4255 -14.3352 -6.6387
v  -0.4223 -14.4814 -7.7898
v  -0.6793 -14.5330 -8.4639
v  -0.8511 -14.4837 -7.6892
v  -0.5080 -14.4650 -7.0627
v  -1.4823 -14.5360 -8.2529
v  -1.6028 -14.5000 -7.3931
v  -0.9464 -14.4754 -6.9318
v  -2.3983 -14.5507 -7.7310
v  -2.3495 -14.5193 -6.7960
v  -1.5498 -14.4861 -6.5260
v  -3.2277 -14.5710 -6.8120
v  -0.2000 -14.4382 -7.8806
v  -0.1233 -14.1896 -7.1093
v  -0.1233 -14.0695 -7.8095
v  -0.1478 -14.3980 -8.6182
v  -0.1233 -12.8457 -7.0964
v  -0.1233 -12.2775 -7.7535
v  -0.1228 -12.8127 -8.4386
v  -0.1233 -13.3633 -7.7296
v  -0.1233 -13.7243 -7.0872
v  -0.1233 -13.8127 -8.4861
v  -0.1233 -11.0505 -7.2997
v  -0.1233 -10.7450 -8.2262
v  -0.1233 -11.1340 -8.7334
v  -0.1233 -11.4331 -7.8643
v  -0.1233 -11.7975 -7.1281
v  -0.1233 -11.8400 -8.5176
v  -0.1233 -9.5119 -8.9045
v  -0.1233 -9.1283 -9.7124
v  -0.1230 -9.5191 -9.7361
v  -0.1233 -9.8995 -8.9687
v  -0.1233 -10.3191 -7.9621
v  -0.1233 -10.3313 -9.1530
v  -0.1233 -8.2703 -10.4407
v  -0.1087 -8.4731 -10.4899
v  -0.1233 -8.8496 -9.7205
v  -0.1165 -14.6565 -8.9100
v  -0.0756 -14.1802 -8.7274
v  0.0037 -14.4560 -8.8523
v  -0.0782 -12.2586 -8.5791
v  0.0037 -12.8078 -8.5754
v  -0.0819 -13.3709 -8.5686
v  0.0037 -13.8180 -8.6635
v  -0.0655 -10.7632 -9.0907
v  0.0037 -11.1568 -8.9122
v  -0.0807 -11.5083 -8.7583
v  0.0037 -11.8619 -8.6955
v  -0.0624 -9.0556 -10.1658
v  0.0037 -9.5260 -9.8792
v  -0.0643 -9.8972 -9.6111
v  0.0037 -10.3336 -9.3479
v  -0.0671 -7.7940 -10.9927
v  0.0037 -8.4088 -10.6141
v  -0.0919 -4.9638 -7.4551
v  0.0037 -5.2070 -7.1572
v  -0.1024 -5.4655 -6.8700
v  -0.0789 -4.6841 -7.9986
v  0.0037 -4.7650 -7.7193
v  -0.0908 -4.9724 -8.4319
v  0.0037 -4.7739 -8.2571
v  -0.1089 -6.2238 -7.6632
v  0.0037 -5.8890 -7.9974
v  -0.1350 -5.5525 -8.3130
v  0.0037 -5.2497 -8.4636
v  -0.0770 -5.9221 -6.9438
v  0.0037 -6.0464 -7.0781
v  -0.0734 -6.1772 -7.2026
v  -0.7108 -0.5181 15.1460
v  0.0041 0.2917 14.9756
v  -0.6576 1.0771 14.6568
v  -0.7125 -0.8836 15.1763
v  -0.6880 -1.3706 15.0107
v  0.0041 -1.0567 15.1881
v  -0.6174 -2.5231 14.3614
v  0.0041 -1.9204 14.8096
v  -0.5013 -3.4993 13.3170
v  0.0041 -3.0676 13.9139
v  0.0040 -3.8355 12.8387
v  -0.3312 -8.6134 12.4053
v  0.0041 -9.5476 12.5573
v  -0.4093 -15.4463 13.2960
v  0.0040 -15.2549 13.3095
v  0.0037 1.0044 -13.0328
v  -0.2287 1.0044 -12.6793
v  0.4545 1.4480 13.2473
v  0.6179 1.4476 14.3190
v  1.0682 1.4479 13.6775
v  1.8225 1.4476 14.0014
v  2.1164 1.4479 13.2468
v  1.3748 1.4480 12.9982
v  2.9386 1.4476 13.3464
v  3.0656 1.4479 12.5228
v  2.2790 1.4480 12.4762
v  3.8701 1.4476 12.4563
v  3.8430 1.4479 11.6746
v  3.0841 1.4480 11.7584
v  4.6033 1.4476 11.5040
v  4.4639 1.4479 10.7762
v  3.7401 1.4480 10.9575
v  5.2147 1.4476 10.5081
v  5.0097 1.4479 9.7952
v  4.2792 1.4480 10.1066
v  5.7895 1.4476 9.3480
v  5.5522 1.4478 8.5553
v  4.8087 1.4480 9.0639
v  6.3146 1.4476 7.9481
v  5.9965 1.4479 7.1243
v  5.3193 1.4480 7.7582
v  6.6837 1.4476 6.4465
v  6.2527 1.4479 5.6311
v  5.6847 1.4480 6.3286
v  6.8434 1.4476 4.8285
v  6.3129 1.4479 4.0205
v  5.8671 1.4480 4.8496
v  6.7638 1.4476 3.0589
v  6.1294 1.4479 2.3565
v  5.8369 1.4480 3.3086
v  6.4400 1.4476 1.3558
v  5.7136 1.4476 0.8253
v  5.5431 1.4478 1.7667
v  5.9651 1.4476 -0.1062
v  5.0935 1.4476 -0.4812
v  4.9559 1.4479 0.3814
v  5.3413 1.4476 -1.5018
v  4.0848 1.4479 -1.6332
v  4.0828 1.4480 -0.7709
v  3.4132 1.4476 -2.5781
v  1.9836 1.4480 -2.2231
v  2.7560 1.4478 -1.6921
v  4.5316 1.4476 -3.1657
v  3.2762 1.4476 -3.8810
v  2.0556 1.4476 -3.2544
v  4.0946 1.4476 -4.6315
v  3.1344 1.4476 -5.3747
v  2.0431 1.4476 -4.5766
v  0.9687 1.4479 -2.7891
v  0.9686 1.4476 -3.8756
v  1.0362 1.4476 -5.3379
v  3.8165 1.4476 -6.2210
v  3.0619 1.4476 -7.0879
v  2.1051 1.4476 -6.1667
v  1.0896 1.4476 -7.0015
v  3.6968 1.4476 -8.2086
v  3.0446 1.4476 -8.9708
v  2.1368 1.4476 -7.9425
v  1.1049 1.4476 -8.7172
v  3.6531 1.4476 -9.6936
v  2.9835 1.4476 -10.0403
v  2.1387 1.4476 -9.4541
v  3.4934 1.4476 -10.3287
v  2.5858 1.4476 -11.2935
v  2.5389 1.4478 -12.2333
v  1.7953 1.4476 -13.4214
v  1.4140 1.4474 -13.6523
v  1.3922 1.4476 -12.6815
v  0.5193 1.4474 -13.6202
v  1.3713 0.2849 14.7856
v  2.0909 -0.5204 14.7836
v  2.6589 0.2867 14.2604
v  1.9510 1.0768 14.3190
v  3.3577 -0.5178 14.0596
v  3.8010 0.2843 13.3860
v  3.1290 1.0752 13.6225
v  4.4322 -0.5264 13.0510
v  4.7130 0.2804 12.3597
v  4.1094 1.0743 12.6832
v  5.2619 -0.5279 11.9734
v  5.4165 0.2816 11.3107
v  4.8678 1.0713 11.6785
v  5.9063 -0.5255 10.8730
v  6.0239 0.2838 10.1879
v  5.4950 1.0701 10.6375
v  6.4937 -0.5242 9.6171
v  6.5931 0.2836 8.8407
v  6.0830 1.0706 9.4416
v  7.0025 -0.5245 8.1609
v  7.0340 0.2808 7.3287
v  6.6050 1.0685 8.0140
v  7.3486 -0.5246 6.6151
v  7.3029 0.2834 5.7558
v  6.9652 1.0659 6.4921
v  7.5150 -0.5180 4.9312
v  7.3327 0.2375 3.9326
v  7.1567 1.0750 4.8421
v  7.3891 -0.5624 3.0452
v  7.2201 -0.6433 2.1594
v  7.0565 0.2883 2.0985
v  7.0905 1.0342 2.9701
v  6.9640 -0.7285 1.3202
v  6.6732 -0.4746 0.4837
v  6.9592 -0.6265 1.3128
v  6.3479 -0.1089 -0.2519
v  6.0735 0.1703 -0.9732
v  6.3797 -0.0507 -0.2500
v  6.0397 0.7010 -0.9556
v  5.7108 0.4112 -1.7368
v  5.3270 0.8847 -2.4680
v  5.6589 1.2090 -1.6768
v  5.0187 0.6158 -3.2147
v  4.7296 0.9710 -3.9208
v  4.9765 1.2347 -3.1683
v  4.5246 0.7743 -4.6785
v  4.2879 1.0547 -5.4394
v  4.4555 1.2530 -4.6488
v  4.1578 0.9596 -6.2839
v  4.0255 1.1270 -7.1835
v  4.1060 1.2722 -6.2425
v  3.9986 1.0344 -8.2853
v  3.9803 1.1442 -9.2255
v  3.9556 1.2815 -8.2629
v  4.0004 1.0301 -9.7538
v  3.9425 1.1533 -10.0448
v  3.9540 1.2948 -9.7415
v  3.8560 1.0378 -10.3263
v  3.5141 1.1525 -10.8845
v  3.8171 1.3026 -10.3019
v  2.8218 1.0303 -12.1260
v  2.1180 1.1497 -13.3035
v  2.7876 1.2964 -12.0927
v  1.6334 1.1469 -13.8483
v  1.3428 1.0237 -13.9771
v  0.9273 1.1518 -13.9780
v  1.3156 1.2989 -13.9332
v  0.4822 1.0325 -13.9992
v  0.4704 1.2912 -13.9531
v  1.4034 -1.0471 14.9926
v  2.0351 -1.3703 14.6502
v  2.7230 -1.0536 14.4587
v  2.0933 -0.8809 14.8140
v  3.2813 -1.3794 13.9565
v  3.9102 -1.0529 13.5844
v  3.3659 -0.8834 14.0932
v  4.3449 -1.3777 12.9849
v  4.8754 -1.0489 12.5164
v  4.4448 -0.8747 13.0768
v  5.1821 -1.3842 11.9182
v  5.5967 -1.0526 11.4323
v  5.2839 -0.8728 11.9946
v  5.8341 -1.3892 10.8137
v  6.2045 -1.0540 10.2711
v  5.9318 -0.8752 10.8874
v  6.4110 -1.3811 9.5780
v  6.7501 -1.0466 8.9183
v  6.5147 -0.8759 9.6281
v  6.9154 -1.3799 8.1399
v  7.1869 -1.0519 7.4024
v  7.0146 -0.8753 8.1738
v  7.2596 -1.3860 6.5999
v  7.4391 -1.0553 5.8219
v  7.3596 -0.8763 6.6295
v  7.4097 -1.3905 4.9489
v  7.4668 -1.0599 4.0463
v  7.5265 -0.8826 4.9493
v  7.2840 -1.3952 3.1351
v  7.1731 -1.0534 2.2133
v  7.4036 -0.8861 3.1119
v  6.8208 -1.3600 1.3504
v  6.5226 -0.9442 0.4575
v  6.9422 -0.8505 1.3459
v  1.3215 -1.9085 14.6199
v  1.8537 -2.5238 14.0273
v  2.5875 -1.9181 14.1100
v  2.9810 -2.5215 13.4027
v  3.6954 -1.9141 13.3013
v  3.9464 -2.5241 12.5614
v  4.6317 -1.9228 12.3107
v  4.7512 -2.5292 11.5634
v  5.3571 -1.9287 11.2443
v  5.4085 -2.5392 10.5040
v  5.9638 -1.9322 10.1143
v  5.9795 -2.5306 9.3031
v  6.5144 -1.9193 8.7847
v  6.4825 -2.5288 7.8756
v  6.9505 -1.9293 7.2718
v  6.7924 -2.5225 6.3899
v  7.1859 -1.9294 5.7489
v  6.9330 -2.5216 4.8716
v  7.2116 -1.9299 4.0551
v  6.8199 -2.5288 3.1653
v  6.9174 -1.9292 2.2419
v  6.3596 -2.5135 1.3677
v  6.2305 -1.8806 0.4389
v  1.1382 -3.0658 13.7430
v  1.5236 -3.5246 13.0419
v  2.2439 -3.0778 13.3032
v  2.4782 -3.5208 12.5301
v  3.2136 -3.0691 12.6302
v  3.3060 -3.5301 11.8348
v  4.0460 -3.0763 11.7674
v  4.0568 -3.5504 10.9550
v  4.7719 -3.0822 10.7678
v  4.7113 -3.5557 9.9514
v  5.3597 -3.0770 9.6862
v  5.2819 -3.5581 8.8055
v  5.9109 -3.0689 8.3994
v  5.7850 -3.5629 7.4494
v  6.3318 -3.0722 6.9391
v  6.1205 -3.5656 6.0652
v  6.5616 -3.0719 5.5314
v  6.2723 -3.5667 4.6865
v  6.5994 -3.0722 3.9973
v  6.1920 -3.5745 3.1038
v  6.3342 -3.0775 2.2622
v  5.7721 -3.5527 1.3615
v  5.6666 -3.0396 0.4781
v  0.8884 -3.8497 12.7093
v  1.2056 -4.1552 12.2197
v  1.7888 -3.8622 12.3473
v  1.9991 -4.1251 11.7424
v  2.6205 -3.8763 11.7981
v  2.6848 -4.1533 11.1448
v  3.3236 -3.9105 11.0737
v  3.3482 -4.2082 10.3376
v  4.0264 -3.9317 10.1454
v  3.9785 -4.2672 9.3705
v  4.6170 -3.9631 9.1145
v  4.5319 -4.3240 8.2422
v  5.1666 -3.9766 7.8762
v  5.0262 -4.3597 6.9476
v  5.5992 -3.9843 6.5218
v  5.3752 -4.3621 5.6836
v  5.8553 -3.9787 5.2459
v  5.5566 -4.3566 4.4494
v  5.9247 -3.9831 3.8547
v  5.5269 -4.3635 2.9811
v  5.7087 -3.9890 2.1977
v  5.1753 -4.3254 1.3064
v  5.1012 -3.9415 0.4922
v  0.3968 -4.1752 12.4754
v  0.3493 -4.6477 12.2426
v  0.7505 -4.4262 12.2537
v  1.0746 -4.6341 11.9891
v  1.5052 -4.3822 11.8365
v  1.7565 -4.6029 11.4649
v  2.1734 -4.3263 11.2528
v  2.2973 -4.5693 10.7897
v  2.7604 -4.3773 10.5608
v  2.8295 -4.5992 9.9266
v  3.3981 -4.4615 9.6362
v  3.3835 -4.6865 8.9319
v  3.9298 -4.5425 8.5971
v  3.8462 -4.7863 7.7722
v  4.4149 -4.6204 7.3528
v  4.2397 -4.8750 6.4782
v  4.8099 -4.6670 6.0630
v  4.5261 -4.9245 5.2173
v  5.0636 -4.6813 4.8611
v  4.6680 -4.9481 4.1219
v  5.1598 -4.6853 3.6516
v  4.7491 -4.9247 2.8594
v  5.0697 -4.6479 2.1014
v  4.6617 -4.7734 1.2656
v  4.6719 -4.4966 0.5413
v  0.3167 -7.3121 12.2363
v  0.6328 -6.7120 12.0774
v  0.2927 -6.1747 12.0878
v  1.0270 -7.3014 11.9792
v  1.3469 -6.6869 11.6759
v  0.9669 -6.1565 11.8519
v  1.7184 -7.2771 11.4303
v  1.9755 -6.6387 11.0487
v  1.6227 -6.1170 11.3413
v  2.3063 -7.2419 10.7104
v  2.5026 -6.5849 10.2634
v  2.1974 -6.0612 10.6525
v  2.8087 -7.2025 9.8104
v  2.9869 -6.5181 9.2595
v  2.7048 -5.9957 9.7606
v  3.2425 -7.1558 8.7513
v  3.3744 -6.4561 8.1421
v  3.1448 -5.9245 8.6953
v  3.5946 -7.1274 7.5328
v  3.6797 -6.4497 6.8367
v  3.5016 -5.8908 7.4827
v  3.8692 -7.1433 6.2053
v  3.9044 -6.4933 5.5243
v  3.7729 -5.9254 6.1636
v  4.0371 -7.1755 4.8849
v  4.0252 -6.5343 4.2996
v  3.9389 -5.9855 4.8562
v  4.1093 -7.1877 3.9019
v  3.9828 -6.6195 3.6148
v  4.0092 -6.0748 3.8639
v  0.7173 -9.5479 12.4298
v  1.1603 -10.5965 12.3691
v  1.5169 -9.5513 11.9634
v  1.0904 -8.6133 12.1283
v  1.9347 -10.5975 11.7427
v  2.2028 -9.5481 11.2571
v  1.8213 -8.6108 11.5397
v  2.5522 -10.5960 10.9508
v  2.7433 -9.5485 10.4301
v  2.4211 -8.6047 10.7858
v  3.0657 -10.5967 10.0224
v  3.2214 -9.5493 9.4218
v  2.9238 -8.6008 9.8790
v  3.4967 -10.5977 8.9447
v  3.6058 -9.5466 8.2958
v  3.3521 -8.5944 8.8233
v  3.8497 -10.5908 7.7004
v  3.9175 -9.5394 6.9664
v  3.7034 -8.5844 7.5963
v  4.1368 -10.5896 6.3524
v  4.1548 -9.5466 5.6369
v  3.9824 -8.5871 6.2602
v  4.3148 -10.5954 4.9932
v  4.2824 -9.5456 4.3512
v  4.1529 -8.5957 4.9245
v  4.4025 -10.5926 3.9270
v  4.2744 -9.5480 3.5941
v  4.2312 -8.5927 3.9008
v  0.4146 -14.6731 13.1937
v  0.8141 -13.7556 12.9633
v  0.3843 -12.6966 12.9378
v  1.3004 -14.6588 12.8603
v  1.7086 -13.7552 12.4452
v  1.2312 -12.6954 12.6237
v  2.1469 -14.6590 12.1772
v  2.4466 -13.7550 11.6710
v  2.0485 -12.6963 11.9631
v  2.7779 -14.6601 11.3502
v  3.0020 -13.7550 10.8005
v  2.6817 -12.6958 11.1378
v  3.3081 -14.6587 10.4083
v  3.4983 -13.7552 9.7584
v  3.2066 -12.6957 10.1900
v  3.7670 -14.6592 9.2793
v  3.9108 -13.7539 8.5692
v  3.6458 -12.6974 9.0861
v  4.1490 -14.6530 7.9612
v  4.2508 -13.7453 7.1959
v  4.0025 -12.6914 7.8174
v  4.4463 -14.6532 6.5629
v  4.4923 -13.7530 5.8243
v  4.2980 -12.6892 6.4532
v  4.6416 -14.6601 5.1603
v  4.6225 -13.7261 4.4763
v  4.4845 -12.6956 5.0703
v  4.6642 -13.5281 3.6142
v  4.5781 -12.6643 3.9607
v  0.8818 -15.2412 13.1391
v  1.3210 -15.4465 12.9591
v  1.7763 -15.2457 12.6172
v  2.1770 -15.4465 12.2721
v  2.5179 -15.2476 11.8331
v  2.8060 -15.4464 11.4506
v  3.0721 -15.2484 10.9729
v  3.3359 -15.4464 10.5181
v  3.5786 -15.2472 9.9294
v  3.8083 -15.4465 9.3779
v  4.0098 -15.2451 8.7033
v  4.2035 -15.4467 8.0393
v  4.3642 -15.2362 7.2971
v  4.5027 -15.4467 6.6279
v  4.6053 -15.2458 5.9061
v  4.7068 -15.4465 5.2055
v  4.7490 -15.2175 4.5349
v  4.8151 -15.4466 4.0583
v  4.8848 -15.4466 2.3161
v  4.8768 -15.2393 1.6145
v  4.8044 -14.8886 2.3082
v  4.9010 -15.4466 0.8439
v  4.8749 -15.2538 0.0259
v  4.8221 -14.9043 0.8298
v  4.7279 -15.4466 -2.9707
v  4.5330 -15.2726 -4.2495
v  4.6459 -14.9469 -2.9986
v  4.8109 -15.2686 -1.7384
v  4.3373 -15.4467 -5.3014
v  4.0222 -15.2666 -6.2225
v  4.2466 -14.9428 -5.3112
v  3.6696 -15.4469 -7.0727
v  3.1985 -15.2635 -7.7441
v  3.5788 -14.9233 -7.0272
v  2.7647 -15.4466 -8.2507
v  2.2714 -15.2546 -8.5737
v  2.7036 -14.9161 -8.1558
v  1.7432 -15.4474 -8.8793
v  1.2088 -15.2453 -9.0145
v  1.6971 -14.8868 -8.7731
v  0.2680 -15.4469 -9.1752
v  0.0012 -15.2682 -9.1542
v  0.2221 -14.9443 -9.0830
v  0.5150 -15.2539 -9.1286
v  4.0035 -8.6328 3.3823
v  3.6728 -7.9881 3.2900
v  3.8519 -7.3156 3.3965
v  4.1042 -7.8531 3.6002
v  4.0596 -11.6542 3.2009
v  4.2165 -10.6047 3.3565
v  4.4817 -11.6392 3.5942
v  4.4333 -12.6177 3.3344
v  4.2659 -13.4198 3.1645
v  4.6205 -14.0852 3.2741
v  2.6395 -8.8203 2.9754
v  2.3000 -8.2250 2.9222
v  2.8079 -7.7048 3.0763
v  3.1491 -8.1294 3.1443
v  3.3093 -11.6762 3.0042
v  2.7191 -12.6104 2.8019
v  2.0434 -11.7107 2.6757
v  2.6549 -10.6819 2.8839
v  2.7481 -13.9638 2.7082
v  2.0409 -13.3814 2.5870
v  3.4297 -13.3865 2.9470
v  1.5353 -12.6361 2.5157
v  1.1372 -11.8632 2.4692
v  1.5560 -10.8916 2.6107
v  1.5155 -13.9703 2.4319
v  1.1345 -13.3817 2.3898
v  4.0717 -14.5536 1.5000
v  3.5237 -14.5306 1.9880
v  4.0420 -14.4903 2.5203
v  4.4359 -14.5833 2.1553
v  2.7775 -14.5038 1.3704
v  2.0372 -14.4831 1.7322
v  1.5271 -14.4737 1.2337
v  1.1537 -14.4674 1.5749
v  4.4514 -14.5851 0.8076
v  4.0697 -14.5537 -0.0623
v  3.5307 -14.5309 0.7679
v  2.7638 -14.5038 -0.1554
v  2.0258 -14.4830 0.7076
v  1.5129 -14.4739 -0.1632
v  1.1553 -14.4672 0.6387
v  0.7506 -9.8475 2.4869
v  1.1519 -10.2738 2.5515
v  0.7669 -11.1459 2.4231
v  0.4402 -10.4928 2.3893
v  0.7782 -13.9651 2.2787
v  0.5008 -13.3637 2.2527
v  0.7724 -12.6687 2.3480
v  0.8263 -14.4646 1.1431
v  0.5706 -14.4624 1.4468
v  0.8285 -14.4644 -0.1033
v  0.5780 -14.4624 0.6044
v  2.1435 -7.2543 2.6922
v  2.0601 -7.5605 2.2114
v  2.2134 -7.0440 1.8032
v  2.2561 -6.8522 2.3285
v  2.0174 -7.8903 1.1441
v  2.1087 -7.4417 0.7289
v  2.1711 -7.2310 1.2580
v  2.0457 -7.7358 1.6697
v  1.4570 -8.9118 2.4185
v  1.1346 -9.1431 1.9446
v  1.5457 -8.8592 1.5197
v  1.7727 -8.5008 2.0709
v  1.2262 -9.1092 1.0015
v  1.6251 -8.8133 0.5123
v  1.8328 -8.5006 1.0437
v  0.6847 -9.3154 2.2503
v  0.3187 -9.3460 1.8658
v  0.7497 -9.2629 1.4683
v  0.3365 -9.3428 1.0020
v  0.7890 -9.2493 0.5032
v  4.8735 -15.4465 -0.7780
v  4.8000 -14.9343 -0.8060
v  4.4474 -14.5945 -0.9423
v  4.0397 -14.5561 -2.1646
v  3.5262 -14.5315 -1.2411
v  2.7466 -14.5066 -2.7441
v  2.0032 -14.4834 -1.5372
v  1.1520 -14.4678 -1.1761
v  1.4976 -14.4748 -2.4921
v  0.5784 -14.4623 -0.9757
v  0.8262 -14.4644 -1.8634
v  0.1307 -10.5363 2.0820
v  0.1307 -11.1665 1.7968
v  0.1307 -10.4309 1.4439
v  0.1307 -10.0066 2.0167
v  0.1307 -9.9095 1.7584
v  0.1307 -12.6386 1.7757
v  0.1380 -13.2825 2.0332
v  0.1739 -14.3518 1.3953
v  0.1307 -14.0192 1.1799
v  0.1307 -11.1481 0.9860
v  0.1307 -10.4034 0.4380
v  0.1307 -9.8876 0.9942
v  0.1665 -14.3395 0.6395
v  0.1307 -13.9967 0.0085
v  0.1307 -13.1387 0.0793
v  0.1307 -12.6041 0.9208
v  4.2968 -14.6021 -3.1358
v  3.7779 -14.5555 -4.3191
v  3.4413 -14.5349 -3.4453
v  2.6580 -14.5100 -4.4789
v  2.0961 -14.4889 -3.9169
v  3.8710 -14.5902 -5.3038
v  3.1993 -14.5474 -6.0465
v  3.0889 -14.5319 -5.2781
v  2.4576 -14.5131 -6.0176
v  1.9735 -14.4910 -5.3267
v  0.1307 -11.6606 -2.6603
v  0.1307 -10.8305 -1.8787
v  0.1307 -10.9891 -0.6105
v  0.1307 -12.5186 -1.2888
v  0.1307 -11.8212 0.1298
v  0.1648 -14.3362 -0.9496
v  0.1307 -14.0032 -1.8757
v  0.1307 -13.5837 -1.0534
v  0.7639 -11.6436 12.6961
v  0.3609 -10.5962 12.6638
v  1.6116 -11.6460 12.2027
v  2.3304 -11.6440 11.4552
v  2.8824 -11.6441 10.5955
v  3.3680 -11.6455 9.5653
v  3.7603 -11.6444 8.4140
v  4.0851 -11.6352 7.0746
v  4.3253 -11.6416 5.7244
v  4.4537 -11.6433 4.4073
v  3.8421 -9.5935 3.2510
v  2.0615 -9.7891 2.7816
v  3.1634 -9.6567 3.0708
v  1.5775 -9.3602 2.6927
v  0.4699 -11.9353 2.3197
v  0.1307 -11.9199 1.4283
v  0.1326 -11.9447 2.0713
v  0.1307 -10.2397 -0.9943
v  0.1307 -9.7955 -0.1077
v  0.1307 -13.1431 -2.3319
v  1.8773 -8.4062 0.0710
v  1.9501 -7.9824 -0.2869
v  2.0055 -7.6901 0.2338
v  1.9714 -8.1312 0.5933
v  1.2702 -9.0622 -0.0081
v  1.6470 -8.7236 -0.4715
v  0.3658 -9.3057 -0.0150
v  0.8100 -9.1714 -0.5469
v  0.7113 -13.6605 -2.8217
v  1.0264 -13.3404 -3.3324
v  0.6692 -12.5917 -3.5082
v  0.3385 -13.2455 -2.9567
v  0.7239 -14.3919 -2.4670
v  1.0526 -14.0800 -2.8439
v  0.3501 -14.0699 -2.4721
v  1.3559 -13.8176 -3.3868
v  1.4984 -13.6345 -3.9566
v  1.2058 -12.9004 -3.8814
v  1.3883 -14.3776 -3.0831
v  1.5719 -14.1964 -3.6899
v  1.6024 -14.0205 -4.2679
v  1.5624 -13.7799 -4.8170
v  1.5033 -13.2875 -4.4704
v  1.6895 -14.4114 -4.1091
v  1.5660 -14.2595 -4.7232
v  1.5403 -13.9872 -5.3531
v  1.4161 -13.6662 -5.8494
v  1.5338 -13.3186 -5.3742
v  1.5824 -14.3858 -5.3241
v  1.4112 -14.1612 -5.8539
v  0.9923 -11.9797 -3.6766
v  0.6697 -11.0060 -3.5186
v  0.3051 -11.7630 -3.4087
v  1.4075 -12.3417 -4.2142
v  1.2548 -11.3040 -3.9392
v  1.5538 -12.5801 -4.8951
v  1.5080 -11.6377 -4.5616
v  1.4145 -12.7205 -5.8647
v  1.5175 -11.9508 -5.4253
v  1.0007 -10.5438 -3.7800
v  0.6674 -9.9224 -3.8544
v  0.3204 -10.3496 -3.5847
v  1.4340 -10.9077 -4.3124
v  1.2785 -10.2295 -4.1833
v  1.5457 -11.2331 -5.0180
v  1.5143 -10.6355 -4.8075
v  1.3799 -11.5278 -5.8691
v  1.4896 -10.9389 -5.5547
v  0.9989 -9.4759 -4.3493
v  0.6578 -8.7867 -4.7692
v  0.3314 -9.2815 -4.2178
v  1.4633 -9.9394 -4.7969
v  1.2971 -9.1346 -4.9893
v  1.5420 -10.3532 -5.4202
v  1.5282 -9.6762 -5.5095
v  1.3468 -10.6974 -6.0700
v  1.4712 -10.1513 -6.0932
v  1.0163 -8.4127 -5.3787
v  0.6876 -7.8478 -5.8473
v  0.3170 -8.2385 -5.2966
v  1.4790 -8.9434 -5.7604
v  1.3388 -8.2024 -6.0694
v  1.5376 -9.4607 -6.2963
v  1.5240 -8.7852 -6.5642
v  1.2855 -9.9336 -6.8207
v  1.4379 -9.2977 -7.1022
v  1.2639 -6.4293 -0.6060
v  0.4822 -6.1459 -0.8272
v  1.2360 -6.1373 -0.5148
v  1.9927 -6.5090 -0.0588
v  1.8199 -7.3638 -2.1804
v  1.8331 -7.3639 -1.5205
v  1.8819 -7.8757 -1.1880
v  1.7858 -7.9788 -1.7988
v  1.2568 -8.6001 -2.1024
v  1.6039 -8.0148 -2.5420
v  1.6019 -8.5287 -1.4493
v  0.3872 -8.8623 -2.1493
v  0.8342 -8.5219 -2.7448
v  0.8018 -8.9605 -1.5963
v  1.5626 -6.7808 -1.2860
v  0.9847 -6.2812 -1.5932
v  0.4729 -6.2849 -1.2541
v  1.1176 -6.5238 -0.9715
v  0.1307 -9.2548 -2.4099
v  0.1307 -9.9680 -2.3425
v  0.1307 -10.0670 -3.2017
v  0.1307 -9.2576 -3.2278
v  1.7668 -6.5135 -3.4385
v  1.7301 -6.6918 -2.6222
v  1.7650 -7.2546 -2.9760
v  1.2805 -7.9642 -3.3283
v  1.5936 -7.1880 -3.8092
v  0.4293 -8.2626 -3.3843
v  0.8389 -7.7326 -4.0054
v  1.4057 -6.2430 -2.3055
v  0.9518 -5.6579 -2.6548
v  0.4450 -5.9603 -1.9926
v  0.1307 -9.0047 -3.9585
v  0.1307 -8.2620 -4.3312
v  0.1307 -8.5306 -3.5535
v  1.7676 -5.5870 -4.5568
v  1.7158 -5.7722 -3.8164
v  1.7402 -6.3520 -4.2003
v  1.2591 -7.0750 -4.5364
v  1.5820 -6.2835 -4.9658
v  0.4267 -7.3846 -4.5940
v  0.8342 -6.8116 -5.1491
v  1.3970 -5.3388 -3.4597
v  0.9414 -4.7378 -3.6695
v  0.4349 -5.2267 -3.0005
v  0.1307 -7.9416 -5.0489
v  0.1307 -7.3443 -5.4621
v  0.1307 -7.6281 -4.7588
v  1.5709 -2.7190 -2.7540
v  1.9915 -2.2785 -2.7691
v  2.6730 -2.8535 -2.3337
v  2.0104 -3.1262 -2.4307
v  4.3764 -2.9835 -1.2248
v  3.4058 -3.3993 -1.6960
v  3.7068 -2.3679 -2.0246
v  4.8438 -3.5163 -0.3609
v  5.3668 -2.4548 -0.4864
v  0.1307 -9.6244 -1.3110
v  1.8312 -8.2974 -0.8398
v  1.9161 -7.5837 -0.6223
v  1.2624 -8.9201 -1.0439
v  0.3665 -9.1593 -1.0779
v  4.0127 -3.8136 -0.9970
v  3.1953 -3.7693 -1.6047
v  4.4341 -4.1933 -0.2436
v  4.2136 -4.4307 -0.2320
v  1.3853 -1.7226 -3.0509
v  2.0320 -1.0300 -3.0493
v  2.8626 -1.7429 -2.6612
v  4.8176 -1.8205 -1.4294
v  5.8095 -1.2632 -0.5438
v  3.9855 -1.1165 -2.2671
v  1.3901 -0.1373 -3.2374
v  2.1012 0.5847 -3.1613
v  2.9920 -0.1995 -2.8133
v  5.0682 -0.5046 -1.4652
v  5.9616 -0.3734 -0.5203
v  4.1338 0.3345 -2.2505
v  5.3433 0.4490 -2.0196
v  5.6902 0.3762 -1.7292
v  5.9999 0.0343 -0.5185
v  4.7786 0.5676 -2.7731
v  4.5650 0.6642 -3.8363
v  4.9851 0.5855 -3.1923
v  4.6117 0.7181 -2.1001
v  4.2991 0.8637 -2.7414
v  4.2405 0.7679 -3.7131
v  4.0982 0.8109 -2.5031
v  3.5047 0.9344 -3.2260
v  4.1550 0.7619 -4.5601
v  4.1576 0.8357 -5.3720
v  4.4975 0.7523 -4.6668
v  3.7264 1.0025 -4.3777
v  3.8825 0.8717 -5.2209
v  2.1424 0.9538 -3.2665
v  1.3717 0.9770 -3.6187
v  1.1581 0.9861 -3.8175
v  1.0822 1.0041 -4.4880
v  2.3348 1.0042 -5.2574
v  3.8688 0.9230 -6.1147
v  3.9144 1.0044 -7.0632
v  4.1377 0.9344 -6.2746
v  3.4497 1.0040 -6.1158
v  3.6688 1.0040 -6.8580
v  0.1595 -5.8691 -1.8325
v  0.1307 -5.4758 -2.1379
v  0.1618 -6.0849 -1.3449
v  0.1307 -5.9693 -1.1902
v  0.1307 -5.6160 -1.5490
v  1.0761 -7.5752 -6.3954
v  0.7305 -7.0915 -6.7595
v  0.3571 -7.4083 -6.3083
v  1.4851 -8.1401 -6.8021
v  1.3742 -7.4816 -7.0085
v  1.5121 -8.6656 -7.3020
v  1.5066 -8.0786 -7.4943
v  1.2317 -9.1369 -7.8175
v  1.4089 -8.5904 -8.0086
v  1.5986 -5.0366 -4.1431
v  1.7425 -4.8460 -4.8552
v  1.6468 -4.1444 -5.0894
v  1.4161 -4.3881 -4.4115
v  1.2716 -6.1577 -5.6726
v  1.6330 -5.4333 -6.0395
v  1.7436 -5.4414 -5.3200
v  0.4108 -6.4324 -5.6970
v  0.8449 -5.9308 -6.1897
v  0.4323 -4.2826 -3.9355
v  0.9532 -3.8114 -4.5557
v  0.1307 -6.7383 -5.8709
v  0.1307 -7.1188 -6.1158
v  0.1307 -6.5685 -6.4525
v  0.1328 -5.0010 -2.4186
v  0.1526 -5.1753 -2.8085
v  0.1307 -4.6678 -3.0505
v  0.7839 -1.8743 -4.6504
v  0.8807 -1.2617 -4.7166
v  0.9068 -1.7816 -3.6550
v  0.9258 -2.3762 -3.8379
v  0.7988 -0.5508 -5.7278
v  0.8807 -0.2977 -5.8734
v  0.8806 0.5755 -4.6541
v  0.8807 -0.1868 -3.8885
v  0.8353 -0.4475 -8.3582
v  0.8807 -0.2885 -8.9229
v  0.8806 0.6761 -8.2896
v  0.8805 -0.3076 -7.5789
v  0.5529 -2.4091 -4.4985
v  0.3812 -1.8872 -5.0045
v  0.5866 -1.3777 -5.3233
v  0.3996 -0.6784 -6.0137
v  0.5644 -0.5567 -6.1650
v  0.4340 -0.5560 -6.8431
v  0.6315 -0.5557 -7.6246
v  0.8349 -0.4486 -6.8017
v  0.4328 -0.5560 -8.3687
v  0.6136 -0.5560 -8.9331
v  0.7792 -3.6729 -3.4860
v  0.3867 -3.0531 -4.0432
v  0.8998 -3.0242 -3.7692
v  0.1517 -4.1782 -3.2391
v  0.1530 -4.2700 -3.7309
v  0.1307 -3.7478 -3.9376
v  1.8047 -4.0477 -6.3567
v  1.7733 -4.0438 -5.7372
v  1.7855 -4.7148 -5.5867
v  1.7736 -4.7080 -6.2042
v  1.3312 -5.4720 -6.5096
v  1.6884 -4.8698 -6.7184
v  0.3790 -5.7297 -6.5013
v  0.8563 -5.4002 -6.8229
v  1.4281 -3.5097 -5.2817
v  0.9401 -2.9089 -5.4856
v  0.4236 -3.3621 -4.8442
v  0.1433 -3.2947 -4.6401
v  0.1307 -2.6517 -4.9383
v  0.1426 -3.1243 -4.2130
v  1.8150 -3.4763 -7.2050
v  1.7923 -3.3149 -6.5675
v  1.7972 -4.1474 -6.9531
v  1.3770 -4.9604 -7.1716
v  1.7033 -4.3748 -7.4784
v  0.3518 -5.1930 -7.1468
v  0.8266 -4.8688 -7.4910
v  1.4243 -2.6126 -6.2024
v  0.9355 -2.0502 -6.5318
v  0.4233 -2.3663 -5.9071
v  0.1310 -2.2394 -5.6685
v  0.1307 -1.6728 -5.9156
v  0.1380 -1.9789 -5.1859
v  1.8050 -3.8033 -7.7666
v  1.8157 -3.3320 -8.0158
v  1.8046 -2.8926 -7.4125
v  1.3432 -4.5657 -7.8077
v  1.7083 -4.2533 -8.1391
v  0.3086 -4.7374 -7.7288
v  0.7994 -4.6389 -8.0391
v  1.4361 -2.1059 -7.0471
v  0.9615 -1.8265 -7.3300
v  0.4339 -1.7978 -6.8520
v  0.1307 -1.6018 -6.5998
v  0.1307 -1.2435 -6.7011
v  0.1307 -0.8313 -6.2318
v  1.7963 -3.8929 -8.5201
v  1.8117 -3.4794 -8.8137
v  1.8143 -2.8761 -8.2461
v  1.3464 -4.6317 -8.3348
v  1.6938 -4.4873 -8.7667
v  0.3060 -4.7592 -8.2723
v  0.8067 -4.9405 -8.4767
v  1.5188 -2.0512 -7.9453
v  1.0547 -1.8348 -8.3830
v  0.3665 -1.7742 -7.7491
v  0.1317 -1.5381 -7.5530
v  0.1307 -1.2083 -7.9472
v  0.1307 -0.8069 -6.9850
v  1.1371 -6.8773 -7.2308
v  0.7503 -6.3808 -7.5636
v  0.3600 -6.6941 -7.1522
v  1.4927 -7.4769 -7.6637
v  1.4257 -6.8165 -7.8157
v  1.5066 -8.0030 -8.1567
v  1.5239 -7.4061 -8.3123
v  1.2371 -8.4782 -8.6757
v  1.4321 -7.9260 -8.8445
v  1.2225 -6.1413 -8.0282
v  0.7992 -5.6285 -8.3221
v  0.3692 -5.9320 -7.9827
v  1.5542 -6.7508 -8.4837
v  1.5286 -6.0149 -8.5911
v  1.5655 -7.2857 -8.9950
v  1.6146 -6.5872 -9.1254
v  1.3373 -7.7494 -9.5305
v  1.5513 -7.1184 -9.6944
v  1.2609 -5.3518 -8.6081
v  0.3498 -5.2577 -8.4855
v  1.6659 -5.8306 -9.1433
v  1.6531 -5.0936 -8.9552
v  1.6858 -6.3585 -9.7829
v  1.7454 -5.5692 -9.7162
v  1.5293 -6.8068 -10.4132
v  1.7149 -6.0462 -10.4471
v  0.1307 -6.4542 -6.9141
v  0.1282 -6.1127 -7.0000
v  0.1307 -6.1059 -6.6874
v  1.7761 -4.8396 -9.4815
v  1.7894 -4.1674 -9.2050
v  1.7822 -5.2318 -10.2616
v  1.8026 -4.4379 -9.9234
v  1.7106 -5.5221 -11.0702
v  1.7819 -4.6783 -10.7791
v  1.8137 -2.9324 -9.0761
v  1.8103 -3.6214 -9.5192
v  1.8023 -2.9907 -9.8698
v  1.8124 -3.7838 -10.3318
v  1.7871 -3.0964 -10.6910
v  1.7660 -3.9563 -11.2001
v  0.1324 -1.5457 -8.6386
v  0.1307 -1.2244 -9.0673
v  0.1307 -0.8236 -8.4220
v  0.3776 -1.7752 -8.7532
v  1.5710 -2.0971 -8.9275
v  1.0832 -1.8393 -9.3086
v  0.3812 -0.5560 -9.5688
v  1.4150 -0.5560 -9.9210
v  0.8398 -0.5559 -9.2986
v  1.4428 -0.4848 -9.6265
v  1.5345 0.0892 -9.5448
v  1.2958 0.6534 -9.2084
v  0.1311 -1.5313 -9.5530
v  0.1307 -0.8167 -9.9879
v  0.1307 -0.8175 -9.5655
v  0.3696 -1.7745 -9.5782
v  1.5887 -2.1188 -9.7869
v  1.0422 -1.8337 -10.1422
v  1.5429 -0.8088 -10.5066
v  1.5608 -0.6396 -10.4461
v  0.3510 -0.8109 -10.2577
v  0.9999 -1.5862 -10.3931
v  1.7038 -0.3231 -9.9094
v  1.8777 0.1299 -10.2816
v  1.7880 0.6869 -9.8627
v  1.8920 0.1293 -11.0271
v  1.9712 0.6889 -10.6717
v  1.8641 -0.4720 -10.6502
v  1.7000 -1.9162 -10.6476
v  1.6982 -1.4044 -10.7426
v  1.6992 -0.8191 -10.6462
v  1.6706 -1.3996 -10.5838
v  1.7489 -0.3235 -11.3653
v  1.6175 0.1287 -11.7253
v  1.8303 0.6876 -11.4210
v  1.4306 -1.7501 -10.9013
v  1.1082 -1.2551 -10.9686
v  1.4330 -0.8148 -10.9008
v  1.5540 -1.3961 -10.8755
v  0.7010 -1.5490 -11.0537
v  0.3369 -1.2077 -11.1297
v  0.7230 -0.8138 -11.0490
v  0.6885 -0.3317 -12.4307
v  0.4092 0.1253 -12.5625
v  0.7825 0.6783 -12.4991
v  1.0757 0.1265 -12.2787
v  1.0712 -0.5560 -11.6509
v  0.7250 -0.5560 -11.3233
v  0.3990 -0.5560 -11.8250
v  0.6917 -0.5548 -12.1742
v  1.3667 0.6762 -12.1110
v  1.3624 -0.3299 -11.9824
v  1.3024 -0.5376 -11.8161
v  1.5589 -0.5398 -11.3858
v  1.4209 -0.5560 -11.1807
v  0.1307 -1.6436 -12.0402
v  0.1307 -1.3626 -12.2288
v  0.1311 -1.5352 -11.6008
v  0.1307 -0.8143 -11.8295
v  0.1307 -1.2494 -11.3762
v  0.8161 -1.8135 -11.3307
v  1.0790 -1.8853 -11.4833
v  0.6659 -1.8683 -11.8298
v  0.3917 -1.7764 -11.4939
v  0.3588 -1.9772 -12.0911
v  0.8216 -2.2198 -12.1793
v  0.4028 -2.2913 -12.3246
v  1.2643 -2.2169 -11.8759
v  1.1969 -2.7588 -12.2394
v  0.7304 -2.6934 -12.4332
v  1.4116 -2.0209 -11.1197
v  1.5747 -2.3924 -11.4672
v  0.2988 -2.6425 -12.4970
v  0.1423 -2.2154 -12.3429
v  0.4445 -3.2181 -12.6063
v  0.0714 -1.8756 -12.4007
v  0.0819 -0.8385 -12.4918
v  0.1110 -1.3493 -12.4103
v  0.1448 -0.3291 -12.5565
v  0.2142 0.6810 -12.6440
v  1.1088 1.0042 -13.2146
v  0.6189 1.0043 -12.9922
v  0.8099 1.0044 -12.5250
v  1.4060 1.0048 -8.9791
v  2.1600 1.0045 -8.7195
v  1.9251 1.0043 -7.7006
v  1.1520 1.0051 -8.3211
v  3.0500 1.0044 -8.2891
v  3.6155 1.0040 -7.7760
v  3.0390 0.9736 -7.2822
v  3.2419 1.0049 -9.1015
v  2.4298 1.0047 -9.5131
v  2.3724 1.0042 -11.0930
v  2.9162 1.0041 -10.6801
v  2.4492 1.0042 -10.1779
v  2.1664 1.0043 -10.6986
v  1.4094 1.0041 -12.6187
v  2.0599 1.0040 -12.1945
v  1.9475 1.0043 -11.9956
v  1.3400 1.0046 -12.2111
v  3.7172 1.0043 -8.8597
v  3.9645 1.0041 -8.2137
v  3.4218 1.0042 -9.9017
v  3.9701 1.0044 -9.7287
v  3.0113 1.0040 -11.0006
v  2.9172 1.0041 -10.1000
v  3.8019 1.0041 -10.3385
v  1.8781 1.0041 -13.1004
v  2.3804 1.0040 -11.7092
v  2.7641 1.0041 -12.1210
v  0.8363 1.0044 -13.6433
v  1.3175 1.0051 -13.8883
v  1.5371 1.0042 -13.4890
v  0.3850 1.0044 -13.4329
v  0.4679 1.0051 -13.9040
v  1.9825 1.0045 -11.4872
v  2.0389 1.0043 -9.8492
v  1.5193 -6.2800 -11.1230
v  1.4473 -5.5704 -11.7403
v  1.6548 -4.8021 -11.5897
v  1.5322 -4.1728 -11.9746
v  1.7047 -3.3729 -11.5326
v  1.0992 -6.2946 -11.6777
v  0.8554 -5.5793 -12.2100
v  1.2469 -4.8554 -12.1990
v  0.9098 -4.3279 -12.4733
v  1.2821 -3.7263 -12.2896
v  0.3946 -6.2754 -11.9824
v  0.4708 -4.8918 -12.5043
v  0.4727 -3.9914 -12.6109
v  1.2842 -7.3747 -10.2392
v  1.2385 -6.8831 -10.9901
v  0.8987 -7.4166 -10.7013
v  0.6882 -6.8847 -11.4243
v  0.3699 -7.3646 -11.0153
v  0.1251 -7.0107 -11.4613
v  1.1086 -8.2458 -9.2859
v  1.0240 -7.8710 -9.9521
v  0.7422 -8.3581 -9.5806
v  0.5762 -7.9260 -10.2687
v  0.3590 -8.3927 -9.7672
v  0.2115 -7.9222 -10.4669
v  1.0459 -8.9175 -8.4479
v  0.9016 -8.6654 -9.0124
v  0.6756 -9.0357 -8.7203
v  0.4987 -8.7460 -9.2270
v  0.3411 -9.0714 -8.8759
v  0.2176 -8.7770 -9.3655
v  1.0714 -9.6316 -7.5318
v  0.8639 -9.3191 -8.1507
v  0.6830 -9.7565 -7.7960
v  0.4828 -9.4017 -8.3602
v  0.3437 -9.7836 -7.9402
v  0.2222 -9.4182 -8.5053
v  1.1324 -10.4702 -6.5677
v  0.9022 -10.1263 -7.1622
v  0.7162 -10.5877 -6.8463
v  0.5023 -10.2002 -7.3611
v  0.3533 -10.6110 -6.9732
v  0.2168 -10.2151 -7.4958
v  1.1692 -11.1422 -6.1771
v  0.9464 -10.8657 -6.4814
v  0.7421 -11.2572 -6.4945
v  0.5241 -10.9410 -6.6669
v  0.3706 -11.3086 -6.6134
v  0.2067 -10.9589 -6.7848
v  1.2144 -12.1627 -6.1679
v  0.9876 -11.6631 -6.3614
v  0.7647 -12.2405 -6.4904
v  0.5613 -11.7431 -6.5663
v  0.3946 -12.2808 -6.6091
v  0.2436 -11.7712 -6.6602
v  1.2328 -13.3042 -6.1660
v  1.0038 -12.7989 -6.3798
v  0.7726 -13.3495 -6.5042
v  0.5653 -12.8406 -6.5698
v  0.4051 -13.3586 -6.6083
v  0.2578 -12.8484 -6.6526
v  1.2341 -13.9214 -6.1622
v  1.0043 -13.6893 -6.3757
v  0.7714 -13.9549 -6.5035
v  0.5665 -13.7119 -6.5730
v  0.3973 -13.9603 -6.6121
v  0.2601 -13.7061 -6.6524
v  1.2442 -14.3555 -6.1909
v  1.0055 -14.1586 -6.3720
v  0.7868 -14.3470 -6.5329
v  0.5641 -14.1739 -6.5754
v  0.4169 -14.3381 -6.6438
v  0.2623 -14.1582 -6.6516
v  0.5135 -14.4650 -7.0603
v  0.8519 -14.4829 -7.6680
v  0.6822 -14.5306 -8.4381
v  0.4293 -14.4804 -7.7744
v  0.9496 -14.4752 -6.9234
v  1.5815 -14.4981 -7.3522
v  1.4644 -14.5318 -8.2014
v  1.5394 -14.4858 -6.5358
v  2.3132 -14.5177 -6.7859
v  2.3568 -14.5456 -7.6725
v  3.1758 -14.5623 -6.7895
v  0.1539 -14.3984 -8.6413
v  0.1307 -14.0695 -7.8095
v  0.1307 -14.1889 -7.1141
v  0.2073 -14.4379 -7.8784
v  0.1307 -13.3633 -7.7296
v  0.1307 -12.8127 -8.4252
v  0.1307 -12.2775 -7.7535
v  0.1307 -12.8454 -7.0995
v  0.1307 -13.8127 -8.4827
v  0.1307 -13.7241 -7.0912
v  0.1307 -11.4331 -7.8643
v  0.1307 -11.1340 -8.7465
v  0.1307 -10.7450 -8.2262
v  0.1307 -11.0505 -7.2997
v  0.1307 -11.8400 -8.5131
v  0.1307 -11.7973 -7.1295
v  0.1307 -9.8995 -8.9687
v  0.1304 -9.5190 -9.7361
v  0.1307 -9.1283 -9.7124
v  0.1307 -9.5119 -8.9045
v  0.1297 -10.3312 -9.2100
v  0.1307 -10.3191 -7.9621
v  0.1307 -8.8498 -9.7205
v  0.1160 -8.4731 -10.4899
v  0.1307 -8.2716 -10.4417
v  0.0834 -14.1800 -8.7279
v  0.1220 -14.6564 -8.9102
v  0.0893 -13.3709 -8.5686
v  0.0855 -12.2586 -8.5791
v  0.0881 -11.5083 -8.7583
v  0.0729 -10.7632 -9.0907
v  0.0717 -9.8972 -9.6111
v  0.0698 -9.0556 -10.1658
v  0.0726 -7.7947 -10.9934
v  0.1097 -5.4653 -6.8696
v  0.0993 -4.9638 -7.4551
v  0.0863 -4.6841 -7.9986
v  0.0982 -4.9724 -8.4319
v  0.1424 -5.5525 -8.3130
v  0.1163 -6.2238 -7.6632
v  0.0808 -6.1772 -7.2026
v  0.0844 -5.9221 -6.9438
v  0.6650 1.0771 14.6568
v  0.7182 -0.5181 15.1460
v  0.6956 -1.3711 15.0118
v  0.7199 -0.8836 15.1764
v  0.6248 -2.5235 14.3620
v  0.5093 -3.5036 13.3211
v  0.3386 -8.6134 12.4053
v  0.4168 -15.4463 13.2960
v  0.2418 0.9960 -12.6699
v  -0.0793 -7.3510 -11.2721
v  0.0756 -7.3564 -11.2795
v  1.1223 -2.9126 -3.1756
v  1.3088 -3.5072 -3.0967
v  1.4007 -4.0490 -2.9691
v  1.3373 -4.5238 -2.6675
v  0.4642 -4.1357 -3.0766
v  2.6955 -4.8413 -2.0913
v  1.7160 -5.2675 -1.6051
v  0.5522 -4.8829 -2.2148
v  2.2137 -4.1743 -2.4823
v  2.9998 -4.2237 -1.7757
v  3.6033 -5.0055 -1.2800
v  2.7655 -5.6736 -0.8176
v  1.3517 -5.7622 -0.6985
v  0.5592 -5.4269 -1.3530
v  2.6737 -6.5383 2.3857
v  3.4640 -6.4518 1.8953
v  3.6785 -6.3995 2.5031
v  3.0567 -6.6114 2.8077
v  2.7329 -6.3587 1.3672
v  3.6879 -6.1490 0.4041
v  4.1391 -6.1232 1.1483
v  2.6099 -6.1040 0.2620
v  3.8713 -5.6759 -0.5061
v  4.1358 -5.9859 1.9427
v  3.8240 -5.6550 2.8452
v  3.6356 -5.9849 3.1367
v  3.5961 -6.3296 2.9527
v  4.2586 -5.6314 0.3170
v  4.3170 -5.3931 1.1929
v  4.0426 -4.9296 -0.3756
v  0.0041 1.4476 14.5700
v  -1.2787 1.4476 14.3955
v  -2.4961 1.4476 13.9026
v  -3.5680 1.4476 13.0613
v  -4.4069 1.4476 12.1033
v  -5.0778 1.4476 11.0979
v  -5.6788 1.4476 10.0276
v  -6.2526 1.4476 8.7189
v  -6.7146 1.4476 7.2262
v  -6.9891 1.4476 5.6804
v  -7.0709 1.4476 3.9211
v  -6.8678 1.4476 2.1111
v  -6.4393 1.4474 0.4548
v  -5.9512 1.4472 -0.9112
v  -5.2693 1.4471 -2.4207
v  -4.6442 1.4476 -3.9007
v  -4.2205 1.4476 -5.4121
v  -3.9612 1.4476 -7.1865
v  -3.9194 1.4477 -9.3849
v  -3.8808 1.4476 -10.0475
v  -3.4866 1.4476 -10.8156
v  -2.0361 1.4480 -13.3270
v  -1.5079 1.4473 -13.8473
v  -0.9366 1.4480 -13.9101
v  0.0041 1.4480 -13.9221
v  1.2861 1.4476 14.3955
v  2.5035 1.4476 13.9026
v  3.5756 1.4476 13.0615
v  4.4143 1.4476 12.1033
v  5.0851 1.4476 11.0979
v  5.6864 1.4476 10.0277
v  6.2601 1.4476 8.7189
v  6.7220 1.4476 7.2262
v  6.9965 1.4476 5.6804
v  7.0775 1.4476 3.9367
v  6.8804 1.4473 2.1195
v  6.4636 1.4474 0.4903
v  5.9616 1.4441 -0.9167
v  5.2769 1.4473 -2.4087
v  4.6516 1.4476 -3.9007
v  4.2279 1.4476 -5.4121
v  3.9720 1.4476 -7.1589
v  3.9186 1.4476 -9.2128
v  3.8936 1.4464 -10.0262
v  3.4671 1.4476 -10.8546
v  0.8765 1.4480 -13.9216
v  1.5858 1.4476 -13.7897
v  2.0779 1.4480 -13.2609
v  6.7293 1.0970 1.2639
v  6.2582 1.1438 -0.2327
v  -3.6865 1.0044 -10.6165
v  -2.1172 1.0051 -13.3426
v  -1.4191 -0.7471 15.0654
v  0.0041 -0.7471 15.2683
v  -2.7527 -0.7472 14.5238
v  -3.9546 -0.7471 13.6388
v  -4.9228 -0.7470 12.5540
v  -5.6480 -0.7469 11.4714
v  -6.2651 -0.7472 10.3104
v  -6.8191 -0.7474 8.9326
v  -7.2462 -0.7477 7.4227
v  -7.5072 -0.7477 5.8151
v  -7.5310 -0.7477 4.0360
v  -7.2363 -0.7477 2.1932
v  -6.6171 -0.5149 0.5160
v  -5.3125 0.5049 -2.4901
v  -6.0632 0.1662 -0.9713
v  -4.7472 0.6672 -3.9263
v  -3.9962 1.0058 -9.3909
v  -4.0357 1.0049 -7.2157
v  -3.9494 1.0051 -10.0811
v  -0.9230 1.0052 -14.0024
v  -1.5386 1.0051 -13.9153
v  -4.3151 0.8402 -5.4483
v  0.0073 1.0053 -13.9993
v  1.4265 -0.7471 15.0654
v  2.7601 -0.7472 14.5238
v  3.9618 -0.7472 13.6385
v  4.9300 -0.7471 12.5538
v  5.6553 -0.7471 11.4714
v  6.2725 -0.7473 10.3104
v  6.8265 -0.7474 8.9326
v  7.2561 -0.7476 7.4135
v  7.5134 -0.7477 5.8229
v  7.5382 -0.7477 4.0332
v  7.2426 -0.7496 2.1915
v  6.6000 -0.5682 0.4871
v  5.3322 0.5076 -2.4950
v  4.7562 0.6710 -3.9288
v  4.3204 0.8413 -5.4556
v  4.0466 1.0105 -7.1898
v  4.0024 1.0043 -9.2324
v  3.9640 1.0051 -10.0461
v  3.5262 1.0041 -10.9058
v  1.6439 1.0051 -13.8649
v  0.9411 1.0054 -13.9956
v  2.1210 1.0040 -13.3244
v  0.8800 0.6770 -6.5508
v  1.1791 1.0045 -6.5288
v  -5.2829 0.4277 -1.3728
v  -4.9274 0.5577 -1.6731
v  -3.2400 0.8066 -2.7598
v  -2.4147 0.8702 -3.0943
v  -1.1229 0.9768 -4.3499
v  -2.0744 0.9018 -3.3488
v  -0.8733 0.9901 -4.7387
v  -0.8730 0.9957 -7.4170
v  -0.8734 0.9988 -8.7851
v  -1.5810 1.0048 -9.4565
v  -1.9240 1.0032 -10.1657
v  -1.9551 1.0048 -11.0940
v  -1.6704 1.0048 -11.8030
v  -1.1268 0.8944 -12.3247
v  -0.4768 0.8966 -12.6172
v  0.0037 0.9004 -12.6838
v  3.1202 0.7412 -2.8203
v  1.4252 0.9090 -3.3213
v  5.3001 0.3386 -1.3811
v  0.8802 0.9974 -7.5119
v  0.8803 1.0020 -5.4489
v  0.8859 1.0055 -8.7693
v  1.5945 1.0048 -9.4794
v  1.9456 1.0044 -10.1805
v  1.9622 0.9988 -11.0788
v  1.6779 1.0036 -11.7833
v  0.4824 0.9044 -12.6185
v  1.1303 0.9019 -12.3284
v  0.8807 1.0059 -3.8874
v  0.0054 -4.9543 12.1486
v  -0.6367 -4.9628 12.0329
v  -0.2825 -5.3242 12.0448
v  -1.3272 -4.9445 11.6339
v  -0.9466 -5.3238 11.8085
v  -1.9187 -4.8983 11.0335
v  -1.5769 -5.3069 11.3026
v  -2.4177 -4.8707 10.2830
v  -2.1229 -5.2896 10.6268
v  -2.8994 -4.8580 9.2987
v  -2.6242 -5.2724 9.7526
v  -3.3387 -4.9139 8.2127
v  -3.0732 -5.2780 8.7021
v  -3.7152 -5.0125 6.9374
v  -3.4429 -5.3253 7.4913
v  -3.9784 -5.0953 5.6313
v  -3.7165 -5.3801 6.1800
v  -4.0690 -5.1930 4.3927
v  -3.8855 -5.4508 4.8826
v  -3.9223 -5.3748 3.5806
v  -3.9532 -5.5342 3.8511
v  -0.3870 -9.7692 2.4179
v  -1.1390 -9.4744 2.5821
v  -0.6947 -9.5070 2.4494
v  -2.7147 -5.9899 2.9931
v  -3.0591 -5.8612 3.1928
v  -3.3813 -5.6168 3.2309
v  -2.2514 -7.0244 2.8406
v  -2.4992 -6.5458 3.0183
v  -2.0740 -8.2547 2.8555
v  -2.0440 -7.8592 2.7900
v  -1.8602 -8.1766 2.5307
v  -1.7961 -8.5738 2.6782
v  -1.0805 -9.2326 2.4178
v  -1.5426 -9.0133 2.6406
v  0.6492 -4.9385 12.0410
v  0.2916 -5.3191 12.0450
v  1.3361 -4.9327 11.6389
v  0.9540 -5.3168 11.8093
v  1.9215 -4.9092 11.0322
v  1.5839 -5.3066 11.3035
v  2.4134 -4.9104 10.2719
v  2.1308 -5.2987 10.6273
v  2.8899 -4.9026 9.2823
v  2.6338 -5.2888 9.7518
v  3.3256 -4.9424 8.1967
v  3.0829 -5.2959 8.7008
v  3.7127 -5.0229 6.9306
v  3.4514 -5.3391 7.4917
v  4.0030 -5.0840 5.6384
v  3.7242 -5.3830 6.1800
v  4.1693 -5.1318 4.4540
v  3.8954 -5.4291 4.8876
v  4.2435 -5.1510 3.5493
v  3.9939 -5.3678 3.9541
v  4.3532 -5.0791 2.0744
v  3.9943 -5.2563 2.8933
v  4.3459 -4.7427 0.4763
v  4.3548 -5.0013 1.2396
v  3.6557 -4.2066 -0.9929
v  4.0444 -4.6204 -0.2949
v  1.2177 -2.7914 -2.8539
v  2.4265 -3.5334 -2.1005
v  3.0055 -3.9610 -1.6322
v  0.8836 -1.0440 -3.4156
v  0.9559 -1.7391 -3.2099
v  1.0840 0.6188 -3.3484
v  1.0768 -1.0255 -3.2080
v  0.9511 -0.1342 -3.3554
v  2.3244 -3.7379 -2.1159
v  1.7633 -3.6547 -2.5380
v  1.4421 -3.2666 -2.6646
v  1.8728 -3.4147 -2.3621
v  0.8863 0.6191 -3.5421
v  0.9683 1.0221 -3.4383
v  0.0042 -5.7241 12.0613
v  -0.5909 -5.7197 11.9593
v  -1.2727 -5.7034 11.5835
v  -1.8831 -5.6730 10.9923
v  -2.4073 -5.6372 10.2259
v  -2.8990 -5.5945 9.2306
v  -3.2981 -5.5724 8.1002
v  -3.6064 -5.5977 6.8113
v  -3.8282 -5.6718 5.5048
v  -3.9505 -5.7352 4.2713
v  -3.8604 -5.7556 3.5815
v  -0.3102 -9.4475 2.2727
v  -2.8102 -6.2030 3.1518
v  -3.1237 -6.2551 3.2362
v  -3.3802 -5.9139 3.3222
v  -2.4338 -7.1201 3.0103
v  -2.6545 -6.8073 3.0863
v  -2.3020 -7.9181 2.9409
v  -2.0132 -8.6745 2.8307
v  0.5983 -5.7190 11.9592
v  1.2800 -5.7030 11.5836
v  1.8905 -5.6733 10.9924
v  2.4147 -5.6381 10.2260
v  2.9065 -5.5967 9.2309
v  3.3041 -5.5789 8.1063
v  3.6141 -5.6065 6.8130
v  3.8357 -5.6726 5.5048
v  3.9552 -5.7325 4.3074
v  3.9876 -5.8274 3.8866
v  3.9095 -5.6066 3.6711
v  3.6943 -5.5365 3.1055
v  4.1804 -5.2629 2.0435
v  4.2814 -4.9823 0.4379
v  3.6048 -4.4097 -1.0256
v  0.9918 -2.3344 -3.2371
v  1.1447 -2.2716 -2.9861
v  1.6130 -3.0897 -2.5801
v  -2.0164 -6.7663 -0.0177
v  -2.0924 -7.1054 0.1682
v  -2.4385 0.9616 -3.4066
v  -1.2407 1.0046 -4.8120
v  -1.0579 -0.7429 -3.2822
v  -0.9390 -0.7544 -3.3938
v  -0.9410 -1.0076 -3.2711
v  -0.1734 -4.4989 -2.5275
v  -1.5795 -2.1260 -10.3269
v  -1.3907 -1.8807 -10.4137
v  -1.5550 -1.8051 -10.5110
v  -1.6275 -2.0922 -10.5338
v  -1.5435 -0.5842 -10.3707
v  -1.7253 -0.4988 -10.2506
v  -1.7322 -0.6228 -10.5455
v  -1.5735 -0.8041 -10.5166
v  -0.1816 -1.6848 -10.0109
v  -0.1706 -1.5124 -10.1544
v  -0.3285 -1.7002 -10.1819
v  -1.7420 -0.6352 -10.7987
v  -1.7445 -0.4976 -11.0856
v  -1.5732 -0.6237 -10.9499
v  -1.6448 -0.8501 -10.8220
v  -0.1698 -1.6654 -11.3535
v  -0.3248 -1.7081 -11.2137
v  -0.1863 -1.5260 -11.2103
v  -0.1929 -0.6323 -11.4107
v  -0.1823 -0.8002 -11.2140
v  -0.3353 -0.6582 -11.1778
v  -0.1454 -2.0835 -12.3000
v  -0.1914 -2.0357 -12.2425
v  -0.1235 -1.8001 -12.2579
v  -0.1593 -0.6153 -12.4262
v  -0.1233 -0.8057 -12.3262
v  -0.1980 -0.6261 -12.2836
v  -0.4194 -0.4749 -12.4453
v  -1.6804 -2.2644 -10.7722
v  -1.6463 -1.9918 -10.8204
v  -1.5708 -2.1183 -10.9148
v  0.5349 -6.2980 -0.9603
v  0.2445 -6.2627 -1.1002
v  0.1688 -6.2179 -0.9682
v  1.6500 -2.2967 -10.9321
v  1.5311 -2.0517 -10.9338
v  1.6336 -1.9582 -10.8391
v  1.6930 -2.2798 -10.7597
v  1.6042 -0.8127 -10.5269
v  1.7344 -0.6180 -10.5280
v  1.7043 -0.5203 -10.2545
v  0.1734 -1.5186 -10.1476
v  0.1871 -1.6822 -10.0109
v  0.3340 -1.7045 -10.1759
v  1.6536 -0.6166 -10.9300
v  1.7811 -0.4858 -11.0454
v  1.7650 -0.6233 -10.7874
v  1.6421 -0.8256 -10.8324
v  0.1787 -0.8150 -11.2291
v  0.1827 -0.6540 -11.3891
v  0.3543 -0.6561 -11.1772
v  0.1851 -1.6792 -11.3636
v  0.1985 -1.5305 -11.2047
v  0.3401 -1.6956 -11.1975
v  0.1307 -0.8059 -12.3555
v  0.1543 -0.6219 -12.4348
v  0.3864 -0.4852 -12.4449
v  0.2054 -0.6260 -12.2836
v  0.1807 -1.9922 -12.2362
v  0.1370 -2.0659 -12.3164
v  0.1300 -1.8499 -12.3066
v  -1.6169 -6.5734 -0.3983
v  -0.2160 -5.0202 -1.6210
v  -0.1623 -5.7429 -1.1268
v  -0.3482 -6.1678 -0.8682
v  -0.1585 -6.1889 -1.0678
v  -0.2152 -6.0916 -1.5366
v  -0.1810 -5.6002 -2.3795
v  -0.2063 -4.7683 -3.3601
v  -0.3039 -4.2932 -2.1219
v  -2.0331 0.6332 -3.2145
v  -0.9536 0.6807 -4.3240
v  -0.1973 -3.8373 -4.2518
v  -0.5393 -3.5096 -2.5885
v  -0.4744 -3.5637 -3.2633
v  -0.8545 -2.3416 -3.0449
v  -0.8033 -2.3750 -4.1031
v  -0.8445 -1.2821 -4.9524
v  -0.8252 -0.4519 -5.8460
v  -0.8118 -0.4676 -7.6131
v  -0.7984 -0.4831 -8.9267
v  -0.1815 -2.8466 -5.2473
v  -0.1996 -1.9293 -6.3920
v  -0.1785 -1.6807 -7.1577
v  -0.1771 -1.6788 -8.2005
v  -0.1773 -1.6790 -9.1043
v  -1.3794 -0.4894 -9.5532
v  -0.3360 -0.6280 -10.1812
v  -1.7084 -2.3894 -10.6311
v  -1.0187 -0.4651 -12.1824
v  -1.5124 -0.4656 -11.6781
v  -1.1037 -0.6374 -11.0340
v  -0.1811 -1.7050 -11.7445
v  -1.0927 -1.7841 -11.0342
v  0.0037 -2.1011 -12.3989
v  0.1786 -5.8998 -1.0095
v  1.7508 -6.9193 -0.5012
v  0.2281 -6.1043 -1.5366
v  0.2331 -5.6248 -2.4095
v  0.2244 -4.7488 -3.3938
v  0.2256 -3.8239 -4.2904
v  0.2812 -1.4302 -5.4232
v  0.2153 -2.4606 -4.6146
v  0.2004 -0.6321 -6.2494
v  0.1921 -0.6423 -7.6666
v  0.1894 -0.6457 -9.0428
v  0.2598 -3.6574 -3.5736
v  0.2127 -4.5646 -2.6980
v  0.1950 -2.8456 -5.2592
v  0.2076 -1.9297 -6.3923
v  0.2085 -1.7053 -7.1861
v  0.1942 -1.6917 -8.2102
v  1.6603 -2.1238 -10.5692
v  1.7136 -2.3771 -10.5997
v  0.1901 -1.6862 -9.1217
v  0.1854 -0.6512 -10.0143
v  1.4833 -1.9252 -10.4402
v  1.5345 -0.4382 -11.6924
v  1.1111 -0.6374 -11.0340
v  1.1184 -1.7875 -11.0293
v  1.0449 -0.4567 -12.1809
v  0.2142 -1.7363 -11.7592
v  0.1570 -5.2418 -1.9140
v  0.1726 -5.6954 -1.1765
v  0.0055 -0.6184 -12.5398
v  2.3110 -6.4461 0.3952
v  2.2702 -6.7912 0.8445
v  2.1933 -6.9517 0.3786
v  2.3048 -6.6513 1.3689
v  1.6297 -1.8429 -10.5425
v  1.6199 -2.1708 -10.3583
v  0.0041 -7.9065 12.3411
v  -0.6668 -7.9039 12.2233
v  -1.4223 -7.8974 11.7891
v  -2.0771 -7.8795 11.1215
v  -2.6101 -7.8620 10.3197
v  -3.0868 -7.8398 9.3197
v  -3.4706 -7.8135 8.2024
v  -3.7755 -7.8067 6.8864
v  -4.0071 -7.8301 5.5702
v  -4.1306 -7.8407 4.3041
v  -4.0719 -7.8552 3.5591
v  -2.9205 -6.8950 3.1501
v  -3.4519 -6.6802 3.3025
v  -2.5029 -7.4684 3.0139
v  -1.9286 -8.1186 1.6202
v  -1.6259 -6.7560 -1.8078
v  -1.5593 -5.9754 -3.0360
v  -1.6186 -3.3031 -5.8599
v  -1.6283 -2.5309 -6.7824
v  -1.6597 -2.2828 -7.5636
v  -1.6868 -2.2780 -8.5245
v  -1.7041 -2.3003 -9.4133
v  -1.7335 -2.4321 -10.3133
v  0.6742 -7.9039 12.2233
v  1.4297 -7.8974 11.7891
v  2.0845 -7.8795 11.1215
v  2.6175 -7.8620 10.3197
v  3.0942 -7.8403 9.3199
v  3.4775 -7.8170 8.2052
v  3.7831 -7.8109 6.8872
v  4.0145 -7.8307 5.5703
v  4.1372 -7.8399 4.3150
v  3.7434 -6.3351 3.4120
v  3.5696 -6.9207 3.3185
v  2.9505 -6.9034 3.1545
v  3.2549 -7.1626 3.2209
v  2.5232 -7.3237 3.0244
v  -2.2339 -7.5074 2.9140
v  -0.8964 -3.4032 -12.5119
v  0.0037 -3.6848 -12.6518
v  1.9235 -8.1778 1.5947
v  2.0123 -7.2218 -0.0730
v  1.6729 -6.8079 -1.8503
v  1.8085 -7.2285 -0.9535
v  1.5932 -5.9940 -3.0878
v  1.6585 -3.3347 -5.9165
v  1.6684 -2.5849 -6.8195
v  1.7240 -2.4096 -7.6139
v  1.7541 -2.4310 -8.5666
v  1.7665 -2.4622 -9.4201
v  1.7579 -2.4893 -10.2395
v  1.7275 -2.6720 -11.0317
v  1.5407 -2.9969 -11.9024
v  0.9060 -3.4001 -12.5111
v  1.8956 -8.1005 2.5759
v  -0.1832 -14.3724 -2.1470
v  -0.5429 -14.4618 -2.0938
v  -0.3892 -14.4609 -1.7008
v  -0.3376 -14.4314 -6.7602
v  -0.1772 -14.3138 -6.7553
v  -0.2503 -14.4399 -7.1066
v  0.5503 -14.4618 -2.0938
v  0.1675 -14.3415 -2.1507
v  0.3966 -14.4609 -1.7008
v  0.1767 -14.3124 -6.7707
v  0.3329 -14.4341 -6.7695
v  0.2563 -14.4392 -7.1073
v  -0.1834 -10.0942 2.3056
v  -0.2179 -11.2276 2.2790
v  -0.3009 -14.4493 1.6401
v  -0.3881 -14.4609 1.0939
v  -0.3917 -14.4609 -0.0688
v  -0.1237 -9.5824 1.4343
v  -0.1233 -9.6226 1.9961
v  -0.1263 -9.5411 0.4942
v  -0.2635 -12.6685 2.2317
v  -0.1233 -12.4770 -3.1699
v  -0.1272 -13.6290 -2.4485
v  -0.1336 -9.2083 -1.6690
v  -0.1346 -9.4105 -0.5875
v  -1.1307 -14.4677 -2.4943
v  -1.7450 -14.4771 -3.4942
v  -1.8030 -14.4825 -4.6431
v  -1.5667 -14.4700 -5.9132
v  -0.1488 -10.8375 -3.3245
v  -0.1576 -9.7550 -3.7380
v  -0.1529 -8.6265 -4.6843
v  -0.1788 -7.7002 -5.8038
v  -0.1653 -8.7205 -2.7940
v  -0.1766 -7.9257 -4.0514
v  -0.1681 -7.0168 -5.1993
v  -0.1548 -6.9365 -6.6737
v  -0.1435 -6.1678 -6.2355
v  -0.1252 -5.7742 -6.7709
v  -0.1359 -6.3480 -7.3003
v  -0.1202 -7.6199 -11.0054
v  -0.1307 -8.5091 -9.9317
v  -0.1326 -9.1358 -9.0936
v  -0.1310 -9.8500 -8.1645
v  -0.1259 -10.6853 -7.2090
v  -0.1260 -11.3431 -6.8345
v  -0.1356 -12.2946 -6.7924
v  -0.1478 -13.3548 -6.7641
v  -0.1516 -13.9589 -6.7571
v  -1.0830 -14.4555 -6.4949
v  -0.6067 -14.4452 -6.7222
v  -0.3657 -14.5387 -8.5910
v  0.0020 -7.5139 -11.2026
v  0.0037 -5.7308 -6.8993
v  0.0037 -6.2298 -7.3887
v  0.2245 -11.2210 2.2790
v  0.1788 -10.0390 2.2924
v  0.3955 -14.4609 1.0939
v  0.3082 -14.4493 1.6401
v  0.3991 -14.4609 -0.0688
v  0.1307 -9.6516 2.0535
v  0.1309 -9.5827 1.4417
v  0.1337 -9.5411 0.4942
v  1.1337 -14.4676 -2.4916
v  1.7281 -14.4738 -3.4777
v  0.2707 -12.6685 2.2318
v  1.8046 -14.4818 -4.6438
v  1.5646 -14.4696 -5.9333
v  0.1434 -10.8500 -3.2910
v  0.1307 -12.5106 -3.1696
v  0.1307 -13.6507 -2.3682
v  0.1420 -9.4106 -0.5876
v  0.1489 -9.7563 -3.6964
v  0.1381 -8.5897 -4.6326
v  0.1463 -7.6684 -5.7320
v  0.1409 -9.2086 -1.6691
v  0.1727 -8.7206 -2.7940
v  0.1839 -7.9257 -4.0513
v  0.1755 -7.0168 -5.1993
v  0.1622 -6.9365 -6.6737
v  0.1509 -6.1678 -6.2355
v  0.1325 -5.7742 -6.7708
v  0.1432 -6.3480 -7.3003
v  0.1376 -8.5112 -9.9329
v  0.1258 -7.6298 -11.0155
v  0.1400 -9.1358 -9.0936
v  0.1384 -9.8500 -8.1645
v  0.1333 -10.6853 -7.2090
v  0.1329 -11.3435 -6.8342
v  0.1420 -12.2937 -6.7947
v  0.1527 -13.3536 -6.7693
v  0.1517 -13.9578 -6.7725
v  1.0886 -14.4562 -6.4979
v  0.6124 -14.4457 -6.7236
v  0.3717 -14.5385 -8.5776
v  -0.1347 -9.7446 2.2349
v  6.5779 0.4169 0.4824
v  0.3140 -14.7304 -8.9596
v  0.5073 -14.6554 -8.8704
v  -0.3170 -14.7318 -8.9601
v  -0.5072 -14.6681 -8.8808
v  -4.6821 -14.6205 2.7671
v  -4.6845 -14.7236 1.5793
v  -3.8331 -14.7480 -6.1971
v  -3.0459 -14.7145 -7.5909
v  -2.1564 -14.6914 -8.3729
v  -1.1233 -14.6733 -8.7680
v  -4.6388 -14.7704 -1.8300
v  -4.6931 -14.7423 0.0021
v  -4.3572 -14.7667 -4.2723
v  4.6830 -14.7155 1.5781
v  4.6894 -14.7294 -0.0000
v  4.6338 -14.7570 -1.8410
v  4.3461 -14.7458 -4.2756
v  3.8130 -14.7186 -6.1962
v  3.0272 -14.6859 -7.5673
v  2.1422 -14.6566 -8.3376
v  1.1239 -14.6575 -8.7507
v  0.7886 -14.8921 -9.0207
v  0.0018 -14.7867 -9.0246
v  -0.2261 -14.9442 -9.0821
v  -4.4078 -12.6197 3.3159
v  -4.1759 -10.6079 3.3295
v  -3.9538 -8.6321 3.3564
v  -3.8015 -7.2512 3.3787
v  -3.6965 -6.0945 3.4106
v  -3.6696 -5.6751 3.4206
v  3.8315 -12.6104 3.0919
v  3.6436 -10.6451 3.1448
v  3.4732 -8.7234 3.1999
v  3.4394 -7.5365 3.2526
v  3.4132 -6.6557 3.2766
v  0.8443 -15.4471 -9.1195
v  -0.2649 -15.4469 -9.1751
v  0.4803 -5.8534 -0.8880
v  2.6103 -6.7345 3.0283
v  2.3627 -6.9975 2.9573
v  2.3438 -6.6781 2.7564
v  3.8725 -5.9546 3.5589
v  3.3120 -6.5612 3.1143
v  3.5557 -6.3054 3.2007
v  2.3777 -6.5216 1.8909
v  2.3954 -6.3600 0.9032
v  2.1737 -7.7371 2.8855
v  1.8649 -8.6438 2.7550
v  1.1098 -9.3544 2.5336
v  0.3471 -9.6101 2.3894
v  2.0460 -6.1542 -0.1103
v  -1.7219 1.2914 -13.7558
v  -1.7438 1.0323 -13.7951
v  -1.6899 1.0041 -13.7285
v  1.8025 1.0355 -13.7562
v  1.7702 1.2851 -13.7262
v  1.7703 1.0047 -13.7233
v  -4.7834 -14.6712 3.2203
v  -4.8392 -15.2084 2.8502
v  -4.7248 -14.4748 3.9882
v  -3.4985 -14.2847 2.7024
v  -2.0238 -14.3026 2.3479
v  -0.4772 -14.3312 2.0301
v  -1.1269 -14.3227 2.1605
v  3.4962 -14.2990 2.6863
v  2.0308 -14.3045 2.3456
v  1.1343 -14.3227 2.1605
v  0.4846 -14.3312 2.0301
v  -0.1233 -14.1568 1.7456
v  0.1307 -14.1559 1.7456
v  -4.4380 -14.3205 2.9157
v  4.4161 -14.3184 2.8994
v  4.8444 -15.2093 2.9076
v  4.7907 -14.6744 3.2544
v  4.7306 -14.4805 4.0113
v  -4.0575 -14.4797 2.5485
v  -2.7624 -14.4586 2.2510
v  -1.5167 -14.4591 1.9603
v  -0.8033 -14.4596 1.7944
v  4.6784 -14.6068 2.7648
v  2.7694 -14.4640 2.2357
v  1.5244 -14.4562 1.9596
v  3.9743 -13.9876 3.0038
v  0.8106 -14.4596 1.7944
v  -0.2351 -13.8937 2.1512
v  0.2424 -13.8937 2.1512
v  -4.6104 -14.0875 3.2689
v  4.8497 -15.4466 3.3117
v  4.8065 -15.0658 3.6416
v  -4.8060 -15.4466 4.0761
v  -4.7994 -15.0603 3.6240
v  -0.1233 -14.0239 1.1791
v  -0.1233 -13.6988 1.6489
v  -0.1233 -13.5989 0.7854
v  0.1307 -13.1736 1.3496
v  0.1307 -13.6942 1.6497
v  0.1307 -13.5943 0.7862
v  3.7411 -5.8806 3.4483
v  3.7327 -5.7129 3.4560
v  3.7331 -5.6179 3.4505
v  3.7372 -5.4849 3.3896
v  1.3048 -4.4940 -2.7017
v  1.3587 -4.5228 -2.6681
v  2.2035 -4.9440 -2.1283
v  3.0011 -5.4541 -1.3026
v  -0.9026 1.4480 13.1574
v  0.0041 1.4480 13.2749
v  1.8356 1.4480 12.7708
v  2.6977 1.4480 12.1326
v  3.4333 1.4480 11.3634
v  4.0177 1.4480 10.5391
v  4.5383 1.4480 9.6261
v  5.0745 1.4480 8.4359
v  5.5279 1.4480 7.0496
v  5.7958 1.4480 5.5953
v  5.8853 1.4480 4.0885
v  5.7225 1.4480 2.5285
v  5.2901 1.4478 1.0439
v  4.5503 1.4480 -0.2231
v  3.5017 1.4480 -1.2612
v  -1.8282 1.4480 12.7708
v  -2.6903 1.4480 12.1326
v  -3.4259 1.4480 11.3634
v  -4.0103 1.4480 10.5391
v  -4.5309 1.4480 9.6261
v  -5.0672 1.4480 8.4359
v  -5.5205 1.4480 7.0496
v  -5.7884 1.4480 5.5953
v  -5.8779 1.4480 4.0885
v  -5.7151 1.4480 2.5285
v  -5.2827 1.4478 1.0439
v  -4.5429 1.4480 -0.2231
v  -3.4943 1.4480 -1.2612
v  -1.8875 1.4479 -2.0295
v  0.0037 1.4478 -2.3106
v  1.8949 1.4479 -2.0295
v  -1.3674 1.4480 12.9982
v  -2.2716 1.4480 12.4762
v  -3.0767 1.4480 11.7584
v  -3.7327 1.4480 10.9575
v  -4.2718 1.4480 10.1066
v  -4.8013 1.4480 9.0639
v  -5.3119 1.4480 7.7582
v  -5.6773 1.4480 6.3286
v  -5.8597 1.4480 4.8496
v  -5.8295 1.4480 3.3086
v  -5.5357 1.4478 1.7667
v  -4.9485 1.4479 0.3814
v  -4.0754 1.4480 -0.7709
v  -2.7486 1.4478 -1.6921
v  -0.9588 1.4480 -2.2388
v  0.9662 1.4480 -2.2388
v  -0.9767 0.9975 -8.9492
v  -0.9737 0.7291 -8.9766
v  -0.9712 0.1527 -9.0382
v  -0.9728 -0.2945 -9.0886
v  -0.8205 -0.5560 -9.3016
v  -0.9262 -0.4857 -9.1534
v  -0.6664 -0.5560 -9.1338
v  -0.9033 0.1404 -8.9759
v  -0.9001 0.7293 -8.9070
v  -0.9091 1.0049 -8.8777
v  -0.8358 -0.4846 -9.0635
v  -0.8976 -0.2967 -9.0150
v  0.9772 1.0010 -8.9440
v  0.9749 0.6968 -8.9758
v  0.9661 -0.3168 -9.0812
v  0.9419 -0.4664 -9.1377
v  1.2440 -0.4863 -9.3983
v  1.0675 -0.5547 -9.4797
v  1.0601 -0.5560 -10.1480
v  0.8852 -0.6424 -10.3079
v  0.3432 -0.6385 -10.1910
v  0.2090 -0.6899 -10.1489
v  0.1307 -1.2100 -9.9973
v  0.1765 -1.2088 -10.1521
v  0.3369 -1.2063 -10.2548
v  0.9341 -1.2249 -10.3795
v  1.5620 -1.3771 -10.5110
v  0.9035 1.0017 -8.8701
v  0.9044 0.7024 -8.9046
v  0.9008 -0.3008 -9.0071
v  0.8505 -0.4647 -9.0414
v  0.6815 -0.5560 -9.1401
v  1.2973 0.1779 -9.2737
v  0.9715 0.3049 -9.0166
v  0.9031 0.3306 -8.9426
v  0.8807 0.3362 -8.8547
v  0.8807 0.3117 -8.3095
v  0.8803 0.2776 -7.5473
v  0.8803 0.2369 -6.6424
v  0.8805 0.1941 -5.6922
v  0.8807 0.0775 -5.0085
v  0.8807 -1.1710 -4.2325
v  0.8978 -1.8028 -3.8566
v  0.9613 -2.3644 -3.4850
v  1.5332 -13.5229 -4.4214
v  1.4501 -13.4305 -4.0990
v  1.2556 -13.2949 -3.7393
v  0.9786 -13.1751 -3.4588
v  0.6474 -13.0872 -3.2622
v  0.3273 -13.0276 -3.1716
v  0.1307 -12.8122 -3.0301
v  0.1307 -12.5371 -2.5656
v  1.5167 -13.4266 -4.4499
v  1.4151 -13.3014 -4.1701
v  1.2158 -13.1152 -3.8300
v  0.9419 -12.9724 -3.5837
v  0.6203 -12.8553 -3.4279
v  0.3079 -12.7899 -3.3474
v  0.1307 -12.6825 -3.1284
v  -1.5299 -13.5336 -4.4493
v  -1.4432 -13.4497 -4.0650
v  -1.2521 -13.3032 -3.7360
v  -0.9848 -13.1947 -3.4536
v  -0.6602 -13.1138 -3.2470
v  -0.3020 -13.0838 -3.1037
v  -0.1238 -12.9285 -2.9377
v  -0.1233 -12.5314 -2.5674
v  -0.1241 -12.7322 -3.1214
v  -0.3045 -12.8183 -3.3319
v  -0.6134 -12.8790 -3.4158
v  -0.9271 -12.9732 -3.5787
v  -1.2025 -13.1047 -3.8271
v  -1.3878 -13.2636 -4.1432
v  -1.5085 -13.4147 -4.4602
v  -0.1233 -4.2220 -3.1808
v  -0.1233 -3.6800 -3.7565
v  -0.1247 -3.0988 -4.2693
v  -0.1264 -2.5202 -4.7519
v  -0.1261 -1.9729 -5.2201
v  -0.1276 -1.4928 -5.6089
v  -0.1276 -1.1278 -5.9151
v  -0.1233 -0.8101 -6.2413
v  -0.1239 -0.7978 -7.0254
v  -0.1244 -0.7928 -7.7809
v  -0.1234 -0.8031 -8.4292
v  -0.1236 -0.8008 -9.1282
v  -0.1240 -0.7969 -9.5765
v  -0.1233 -0.8040 -10.0083
v  -0.1673 -0.8067 -10.1495
v  -0.3338 -0.7968 -10.2549
v  -0.3429 -0.6669 -6.0376
v  -0.5017 -0.6608 -5.9807
v  -0.7016 -0.6134 -5.8360
v  -0.8009 -0.5399 -5.7165
v  -0.1263 -4.1958 -3.1304
v  -0.1362 -3.6551 -3.6684
v  -0.1632 -3.0428 -4.1653
v  -0.1901 -2.4468 -4.6419
v  -0.1883 -1.9080 -5.1011
v  -0.1870 -1.4375 -5.4974
v  -0.1922 -1.0534 -5.8132
v  -0.1870 -0.7083 -6.1093
v  -0.1924 -0.6354 -6.2276
v  -0.1865 -0.6400 -6.9494
v  -0.1823 -0.6452 -7.7434
v  -0.1810 -0.6468 -8.4159
v  -0.1760 -0.6530 -9.1548
v  -0.1733 -0.6565 -9.5762
v  -0.1717 -0.6588 -10.0125
v  -0.2305 -0.6951 -10.1798
v  -0.8460 1.2828 12.9464
v  -0.4198 1.2809 13.0347
v  0.0041 1.2789 13.0649
v  0.4272 1.2809 13.0347
v  0.8534 1.2828 12.9464
v  1.2938 1.2794 12.8033
v  1.7288 1.2807 12.5854
v  2.1433 1.2874 12.2927
v  2.5573 1.2794 11.9752
v  2.9214 1.2860 11.6028
v  3.2675 1.2810 11.2277
v  3.5649 1.2813 10.8333
v  3.8475 1.2751 10.4313
v  4.1059 1.2742 10.0075
v  4.3612 1.2739 9.5358
v  4.6117 1.2819 8.9749
v  4.8729 1.2821 8.3569
v  5.0940 1.2916 7.6844
v  5.2992 1.2911 6.9911
v  5.4441 1.2951 6.2843
v  5.5738 1.2854 5.5679
v  5.6396 1.2873 4.8360
v  5.6574 1.2873 4.0928
v  5.6222 1.2817 3.3310
v  5.5272 1.2738 2.5658
v  5.3627 1.2687 1.8193
v  5.1183 1.2680 1.1170
v  4.7932 1.2688 0.4766
v  4.3936 1.2728 -0.1042
v  3.9320 1.2806 -0.6193
v  3.3800 1.2796 -1.0880
v  2.6768 1.2660 -1.5276
v  1.8423 1.2646 -1.8580
v  0.9388 1.2676 -2.0551
v  0.0037 1.2686 -2.1226
v  -0.9314 1.2676 -2.0551
v  -1.8349 1.2646 -1.8580
v  -2.6694 1.2660 -1.5276
v  -3.3727 1.2796 -1.0880
v  -3.9246 1.2806 -0.6193
v  -4.3862 1.2728 -0.1042
v  -4.7858 1.2689 0.4765
v  -5.1109 1.2680 1.1170
v  -5.3553 1.2687 1.8193
v  -5.5198 1.2738 2.5658
v  -5.6148 1.2817 3.3310
v  -5.6499 1.2873 4.0928
v  -5.6322 1.2873 4.8360
v  -5.5664 1.2854 5.5679
v  -5.4367 1.2951 6.2843
v  -5.2918 1.2911 6.9911
v  -5.0866 1.2916 7.6844
v  -4.8655 1.2821 8.3569
v  -4.6043 1.2819 8.9749
v  -4.3537 1.2739 9.5358
v  -4.0985 1.2742 10.0075
v  -3.8402 1.2751 10.4313
v  -3.5575 1.2813 10.8333
v  -3.2600 1.2810 11.2277
v  -2.9141 1.2860 11.6029
v  -2.5499 1.2794 11.9752
v  -2.1359 1.2874 12.2927
v  -1.7214 1.2808 12.5854
v  -1.2863 1.2795 12.8032
v  -0.8270 0.1682 12.8756
v  -0.4094 0.1686 12.9539
v  0.0041 0.1675 12.9905
v  0.4168 0.1686 12.9539
v  0.8344 0.1682 12.8756
v  1.2561 0.1698 12.7128
v  1.6877 0.1686 12.5140
v  2.1142 0.1669 12.2534
v  2.5409 0.1631 11.9568
v  2.9178 0.1626 11.5994
v  3.2756 0.1602 11.2344
v  3.5677 0.1609 10.8353
v  3.8371 0.1611 10.4247
v  4.0727 0.1633 9.9886
v  4.3273 0.1632 9.5186
v  4.5730 0.1652 8.9574
v  4.8292 0.1657 8.3397
v  5.0501 0.1675 7.6701
v  5.2564 0.1672 6.9802
v  5.4050 0.1676 6.2771
v  5.5422 0.1649 5.5640
v  5.6095 0.1652 4.8342
v  5.6240 0.1654 4.0934
v  5.5817 0.1650 3.3352
v  5.4805 0.1641 2.5747
v  5.3200 0.1628 1.8318
v  5.0712 0.1633 1.1370
v  4.7425 0.1641 0.5061
v  4.3392 0.1658 -0.0630
v  3.8749 0.1684 -0.5618
v  3.3269 0.1693 -1.0123
v  2.6318 0.1676 -1.4343
v  1.8093 0.1682 -1.7507
v  0.9231 0.1682 -1.9497
v  0.0037 0.1680 -2.0207
v  -0.9157 0.1682 -1.9497
v  -1.8019 0.1682 -1.7507
v  -2.6244 0.1676 -1.4343
v  -3.3195 0.1693 -1.0123
v  -3.8675 0.1684 -0.5618
v  -4.3318 0.1658 -0.0630
v  -4.7351 0.1641 0.5061
v  -5.0638 0.1633 1.1370
v  -5.3126 0.1628 1.8318
v  -5.4731 0.1641 2.5747
v  -5.5743 0.1650 3.3352
v  -5.6166 0.1654 4.0934
v  -5.6021 0.1652 4.8342
v  -5.5348 0.1649 5.5640
v  -5.3976 0.1676 6.2771
v  -5.2490 0.1672 6.9802
v  -5.0427 0.1675 7.6701
v  -4.8217 0.1657 8.3397
v  -4.5656 0.1652 8.9574
v  -4.3199 0.1632 9.5186
v  -4.0653 0.1633 9.9886
v  -3.8297 0.1611 10.4247
v  -3.5603 0.1609 10.8353
v  -3.2682 0.1602 11.2344
v  -2.9105 0.1626 11.5995
v  -2.5336 0.1631 11.9569
v  -2.1070 0.1668 12.2537
v  -1.6803 0.1686 12.5140
v  -1.2487 0.1698 12.7128
v  -0.8758 1.4330 13.0571
v  -0.8568 1.3784 12.9864
v  -0.4339 1.4324 13.1455
v  -0.4245 1.3782 13.0735
v  0.0041 1.4293 13.1751
v  0.0041 1.3736 13.1045
v  0.4413 1.4324 13.1454
v  0.4319 1.3782 13.0735
v  0.8831 1.4330 13.0571
v  0.8642 1.3784 12.9864
v  1.3359 1.4316 12.9045
v  1.3085 1.3769 12.8384
v  1.7847 1.4319 12.6829
v  1.7481 1.3779 12.6201
v  2.2158 1.4351 12.3906
v  2.1703 1.3821 12.3291
v  2.6315 1.4305 12.0583
v  2.5841 1.3756 12.0051
v  3.0078 1.4344 11.6855
v  2.9533 1.3808 11.6335
v  3.3553 1.4309 11.2994
v  3.2998 1.3758 11.2538
v  3.6563 1.4317 10.8979
v  3.5978 1.3765 10.8561
v  3.9337 1.4290 10.4856
v  3.8779 1.3702 10.4500
v  4.1897 1.4323 10.0554
v  4.1372 1.3673 10.0254
v  4.4510 1.4274 9.5818
v  4.3921 1.3689 9.5521
v  4.7147 1.4317 9.0216
v  4.6483 1.3773 8.9919
v  4.9798 1.4327 8.3990
v  4.9113 1.3791 8.3724
v  5.2165 1.4383 7.7248
v  5.1407 1.3871 7.7002
v  5.4246 1.4385 7.0233
v  5.3474 1.3876 7.0036
v  5.5765 1.4402 6.3086
v  5.4951 1.3911 6.2934
v  5.6933 1.4352 5.5825
v  5.6188 1.3818 5.5731
v  5.7620 1.4357 4.8433
v  5.6858 1.3826 4.8388
v  5.7797 1.4355 4.0904
v  5.7034 1.3824 4.0917
v  5.7352 1.4315 3.3189
v  5.6631 1.3767 3.3261
v  5.6264 1.4263 2.5466
v  5.5603 1.3693 2.5589
v  5.4531 1.4214 1.7928
v  5.3926 1.3620 1.8104
v  5.2062 1.4176 1.0795
v  5.1440 1.3631 1.1059
v  4.8742 1.4226 0.4292
v  4.8199 1.3648 0.4611
v  4.4731 1.4250 -0.1641
v  4.4206 1.3673 -0.1239
v  4.0106 1.4307 -0.6981
v  3.9600 1.3757 -0.6470
v  3.4428 1.4295 -1.1777
v  3.4018 1.3738 -1.1199
v  2.7162 1.4192 -1.6101
v  2.6894 1.3592 -1.5549
v  1.8678 1.4191 -1.9414
v  1.8507 1.3568 -1.8854
v  0.9519 1.4244 -2.1421
v  0.9436 1.3585 -2.0864
v  0.0037 1.4209 -2.2163
v  0.0037 1.3607 -2.1541
v  -0.9445 1.4244 -2.1422
v  -0.9362 1.3585 -2.0865
v  -1.8605 1.4191 -1.9414
v  -1.8433 1.3568 -1.8854
v  -2.7088 1.4192 -1.6101
v  -2.6820 1.3592 -1.5549
v  -3.4354 1.4296 -1.1777
v  -3.3944 1.3738 -1.1199
v  -4.0031 1.4308 -0.6980
v  -3.9526 1.3758 -0.6469
v  -4.4659 1.4253 -0.1644
v  -4.4133 1.3676 -0.1242
v  -4.8665 1.4225 0.4294
v  -4.8117 1.3637 0.4616
v  -5.1952 1.4222 1.0811
v  -5.1369 1.3635 1.1059
v  -5.4457 1.4214 1.7928
v  -5.3852 1.3620 1.8104
v  -5.6190 1.4263 2.5466
v  -5.5529 1.3693 2.5589
v  -5.7278 1.4316 3.3190
v  -5.6556 1.3768 3.3262
v  -5.7723 1.4355 4.0904
v  -5.6960 1.3825 4.0917
v  -5.7546 1.4357 4.8433
v  -5.6784 1.3826 4.8388
v  -5.6859 1.4352 5.5825
v  -5.6114 1.3818 5.5731
v  -5.5691 1.4402 6.3086
v  -5.4877 1.3911 6.2934
v  -5.4172 1.4385 7.0233
v  -5.3400 1.3876 7.0036
v  -5.2091 1.4383 7.7248
v  -5.1333 1.3871 7.7002
v  -4.9723 1.4327 8.3990
v  -4.9038 1.3792 8.3724
v  -4.7072 1.4318 9.0216
v  -4.6408 1.3774 8.9919
v  -4.4436 1.4274 9.5818
v  -4.3846 1.3690 9.5521
v  -4.1823 1.4323 10.0554
v  -4.1298 1.3673 10.0253
v  -3.9263 1.4290 10.4856
v  -3.8705 1.3702 10.4500
v  -3.6489 1.4317 10.8979
v  -3.5904 1.3765 10.8561
v  -3.3479 1.4309 11.2994
v  -3.2924 1.3758 11.2538
v  -3.0006 1.4342 11.6856
v  -2.9462 1.3804 11.6337
v  -2.6241 1.4304 12.0584
v  -2.5767 1.3755 12.0052
v  -2.2086 1.4346 12.3909
v  -2.1632 1.3815 12.3295
v  -1.7773 1.4317 12.6830
v  -1.7408 1.3778 12.6202
v  -1.3285 1.4316 12.9044
v  -1.3011 1.3769 12.8384
v  -0.8058 -15.6835 13.0039
v  -1.6944 -15.6833 12.4798
v  -2.4055 -15.6833 11.7128
v  -2.9378 -15.6835 10.8751
v  -3.4272 -15.6836 9.8510
v  -3.8473 -15.6840 8.6363
v  -4.1908 -15.6840 7.2488
v  -4.4245 -15.6840 5.8734
v  -4.5687 -15.6840 4.5200
v  -4.6913 -15.6840 1.6133
v  -4.6279 -15.6840 -1.6697
v  -4.3654 -15.6840 -4.1423
v  -3.8812 -15.6840 -6.0910
v  -3.0831 -15.6840 -7.6096
v  -2.1838 -15.6840 -8.4293
v  -1.1712 -15.6840 -8.8596
v  -4.6885 -15.6840 0.0673
v  1.7018 -15.6833 12.4798
v  2.4129 -15.6833 11.7128
v  2.9452 -15.6835 10.8751
v  3.4345 -15.6836 9.8510
v  3.8547 -15.6840 8.6363
v  4.1981 -15.6840 7.2488
v  4.4318 -15.6840 5.8734
v  4.5765 -15.6840 4.5157
v  4.6703 -15.6840 2.8864
v  4.6984 -15.6840 1.6280
v  4.6959 -15.6840 0.0673
v  4.6353 -15.6840 -1.6697
v  4.3728 -15.6840 -4.1423
v  3.8886 -15.6840 -6.0910
v  3.0904 -15.6840 -7.6096
v  2.1912 -15.6840 -8.4293
v  1.1774 -15.6840 -8.8595
v  0.0027 -15.6840 -8.9958
v  0.5223 -15.6839 -8.9701
v  -0.5210 -15.6840 -8.9696
v  0.0040 -15.6833 13.1567
v  0.8131 -15.6835 13.0038
v  -4.6662 -15.6840 2.8025
v  4.6407 -15.6840 3.6450
v  -4.6329 -15.6840 3.6569
v  -1.2573 -15.6835 12.7877
v  -2.0768 -15.6828 12.1127
v  -2.6816 -15.6835 11.3064
v  -3.1908 -15.6836 10.3893
v  -3.6452 -15.6838 9.2677
v  -4.0247 -15.6840 7.9502
v  -4.3128 -15.6840 6.5611
v  -4.5096 -15.6840 5.1609
v  -4.6486 -15.6840 3.2552
v  -4.6816 -15.6840 2.2570
v  -4.6963 -15.6840 0.8661
v  -4.5299 -15.6840 -2.8899
v  -4.1541 -15.6840 -5.1838
v  -3.5124 -15.6840 -6.9257
v  -2.6450 -15.6840 -8.0833
v  -1.6641 -15.6840 -8.6972
v  -0.8068 -15.6839 -8.9329
v  -4.6701 -15.6840 -0.7310
v  -0.3914 -15.6835 13.1191
v  1.2645 -15.6835 12.7878
v  2.0841 -15.6828 12.1127
v  2.6890 -15.6835 11.3064
v  3.1982 -15.6836 10.3894
v  3.6525 -15.6838 9.2677
v  4.0321 -15.6840 7.9502
v  4.3201 -15.6840 6.5611
v  4.5170 -15.6840 5.1609
v  4.6210 -15.6840 4.0313
v  4.6881 -15.6840 2.3159
v  4.7037 -15.6840 0.8661
v  4.5373 -15.6840 -2.8899
v  4.1615 -15.6840 -5.1838
v  3.5197 -15.6840 -6.9257
v  2.6524 -15.6840 -8.0833
v  1.6715 -15.6840 -8.6972
v  0.2573 -15.6837 -8.9886
v  4.6775 -15.6840 -0.7310
v  0.3989 -15.6835 13.1191
v  0.8101 -15.6839 -8.9335
v  -0.2540 -15.6837 -8.9884
v  4.6543 -15.6840 3.2963
v  -4.6121 -15.6840 4.0488
v  -0.8469 -15.5577 13.1662
v  -0.8359 -15.6388 13.1105
v  -1.7768 -15.5588 12.6296
v  -1.7528 -15.6389 12.5756
v  -2.5108 -15.5538 11.8400
v  -2.4794 -15.6361 11.7923
v  -3.0700 -15.5618 10.9931
v  -3.0291 -15.6421 10.9482
v  -3.5689 -15.5577 9.9488
v  -3.5231 -15.6392 9.9101
v  -4.0054 -15.5615 8.7173
v  -3.9536 -15.6427 8.6847
v  -4.3529 -15.5581 7.3098
v  -4.2988 -15.6409 7.2849
v  -4.5954 -15.5603 5.9173
v  -4.5377 -15.6427 5.8992
v  -4.7499 -15.5653 4.5481
v  -4.6884 -15.6464 4.5367
v  -4.8771 -15.5668 1.6068
v  -4.8139 -15.6478 1.6104
v  -4.8132 -15.5680 -1.7143
v  -4.7507 -15.6488 -1.6939
v  -4.5284 -15.5568 -4.2162
v  -4.4739 -15.6411 -4.1838
v  -4.0367 -15.5634 -6.1966
v  -3.9862 -15.6460 -6.1539
v  -3.2030 -15.5576 -7.7406
v  -3.1651 -15.6422 -7.6921
v  -2.2773 -15.5714 -8.5969
v  -2.2464 -15.6503 -8.5385
v  -1.2151 -15.5569 -9.0229
v  -1.2000 -15.6398 -8.9673
v  -4.8774 -15.5694 0.0432
v  -4.8130 -15.6494 0.0548
v  1.7842 -15.5588 12.6296
v  1.7601 -15.6389 12.5756
v  2.5182 -15.5538 11.8400
v  2.4868 -15.6361 11.7923
v  3.0774 -15.5619 10.9931
v  3.0365 -15.6421 10.9482
v  3.5763 -15.5577 9.9488
v  3.5305 -15.6393 9.9101
v  4.0128 -15.5615 8.7173
v  3.9610 -15.6427 8.6847
v  4.3603 -15.5581 7.3098
v  4.3061 -15.6409 7.2849
v  4.6028 -15.5603 5.9173
v  4.5451 -15.6428 5.8992
v  4.7576 -15.5653 4.5437
v  4.6962 -15.6464 4.5324
v  4.8541 -15.5658 2.8943
v  4.7916 -15.6470 2.8914
v  4.8844 -15.5670 1.6216
v  4.8212 -15.6479 1.6251
v  4.8848 -15.5694 0.0432
v  4.8204 -15.6494 0.0548
v  4.8206 -15.5680 -1.7143
v  4.7580 -15.6488 -1.6939
v  4.5358 -15.5568 -4.2162
v  4.4813 -15.6411 -4.1838
v  4.0441 -15.5635 -6.1966
v  3.9936 -15.6460 -6.1539
v  3.2104 -15.5576 -7.7406
v  3.1725 -15.6422 -7.6921
v  2.2847 -15.5714 -8.5969
v  2.2538 -15.6503 -8.5385
v  1.2214 -15.5571 -9.0231
v  1.2063 -15.6400 -8.9673
v  0.0026 -15.5637 -9.1732
v  0.0027 -15.6444 -9.1137
v  0.5420 -15.5638 -9.1468
v  0.5350 -15.6441 -9.0870
v  -0.5409 -15.5639 -9.1465
v  -0.5338 -15.6442 -9.0865
v  0.0040 -15.5597 13.3270
v  0.0040 -15.6404 13.2698
v  0.8543 -15.5577 13.1662
v  0.8432 -15.6388 13.1105
v  -4.8493 -15.5651 2.8095
v  -4.7870 -15.6466 2.8070
v  4.8249 -15.5665 3.6614
v  4.7624 -15.6474 3.6545
v  -4.8167 -15.5662 3.6734
v  -4.7543 -15.6472 3.6665
v  -1.3200 -15.5587 12.9454
v  -1.3026 -15.6395 12.8904
v  -2.1703 -15.5539 12.2487
v  -2.1424 -15.6354 12.1982
v  -2.8001 -15.5573 11.4286
v  -2.7635 -15.6383 11.3819
v  -3.3231 -15.5560 10.4949
v  -3.2809 -15.6380 10.4536
v  -3.7991 -15.5625 9.3587
v  -3.7487 -15.6427 9.3224
v  -4.1843 -15.5593 8.0210
v  -4.1311 -15.6412 7.9922
v  -4.4898 -15.5668 6.6152
v  -4.4303 -15.6468 6.5930
v  -4.6980 -15.5717 5.1973
v  -4.6337 -15.6501 5.1822
v  -4.8356 -15.5683 3.2673
v  -4.7720 -15.6486 3.2624
v  -4.8647 -15.5649 2.2577
v  -4.8024 -15.6464 2.2580
v  -4.8793 -15.5647 0.8512
v  -4.8170 -15.6464 0.8586
v  -4.7089 -15.5653 -2.9493
v  -4.6484 -15.6468 -2.9227
v  -4.3204 -15.5645 -5.2747
v  -4.2658 -15.6466 -5.2364
v  -3.6561 -15.5646 -7.0473
v  -3.6101 -15.6468 -7.0003
v  -2.7566 -15.5681 -8.2362
v  -2.7208 -15.6490 -8.1820
v  -1.7323 -15.5667 -8.8679
v  -1.7097 -15.6472 -8.8098
v  -0.8363 -15.5562 -9.0978
v  -0.8259 -15.6391 -9.0418
v  -4.8519 -15.5644 -0.7641
v  -4.7901 -15.6463 -0.7485
v  -0.4116 -15.5559 13.2823
v  -0.4064 -15.6377 13.2268
v  1.3272 -15.5588 12.9454
v  1.3098 -15.6395 12.8904
v  2.1777 -15.5539 12.2487
v  2.1498 -15.6354 12.1982
v  2.8075 -15.5573 11.4286
v  2.7709 -15.6383 11.3819
v  3.3305 -15.5560 10.4949
v  3.2883 -15.6380 10.4536
v  3.8065 -15.5625 9.3587
v  3.7561 -15.6427 9.3224
v  4.1917 -15.5593 8.0210
v  4.1385 -15.6412 7.9922
v  4.4972 -15.5668 6.6152
v  4.4377 -15.6468 6.5930
v  4.7054 -15.5717 5.1973
v  4.6411 -15.6501 5.1823
v  4.7968 -15.5605 4.0527
v  4.7370 -15.6433 4.0440
v  4.8706 -15.5644 2.3172
v  4.8084 -15.6461 2.3172
v  4.8867 -15.5647 0.8512
v  4.8244 -15.6464 0.8586
v  4.7163 -15.5653 -2.9493
v  4.6558 -15.6468 -2.9227
v  4.3278 -15.5645 -5.2747
v  4.2732 -15.6466 -5.2364
v  3.6635 -15.5646 -7.0473
v  3.6175 -15.6468 -7.0003
v  2.7640 -15.5681 -8.2362
v  2.7282 -15.6490 -8.1820
v  1.7397 -15.5667 -8.8680
v  1.7170 -15.6472 -8.8098
v  0.2668 -15.5607 -9.1619
v  0.2634 -15.6419 -9.1032
v  4.8593 -15.5644 -0.7641
v  4.7975 -15.6463 -0.7485
v  0.4191 -15.5559 13.2822
v  0.4139 -15.6377 13.2268
v  0.8396 -15.5563 -9.0986
v  0.8292 -15.6392 -9.0425
v  -0.2636 -15.5607 -9.1617
v  -0.2602 -15.6419 -9.1030
v  4.8417 -15.5687 3.3088
v  4.7780 -15.6488 3.3038
v  -4.7880 -15.5607 4.0704
v  -4.7281 -15.6434 4.0617
v  -1.3812 1.4476 -12.6842
v  -2.0609 1.4476 -10.6810
v  -2.1327 1.4476 -9.4686
v  -0.7119 1.4476 -12.6858
v  -0.9699 1.4476 -11.5080
v  -1.0648 1.4476 -10.6575
v  -1.0794 1.4476 -10.0095
v  -1.0963 1.4476 -9.3969
v  -1.0975 1.4476 -8.7172
v  0.0037 1.4476 -12.7355
v  -0.0196 1.4476 -11.5371
v  -0.0131 1.4476 -10.6622
v  0.0029 1.4476 -9.9763
v  0.0052 1.4476 -9.3334
v  0.7109 1.4476 -12.7029
v  0.9226 1.4476 -11.5373
v  1.0308 1.4476 -10.6916
v  1.0775 1.4476 -10.0213
v  1.0994 1.4476 -9.4017
v  2.0343 1.4476 -10.7186
v  -0.6400 1.4476 14.5140
v  0.0041 1.4476 14.5600
v  -1.2758 1.4476 14.3859
v  -1.2795 1.4382 14.3988
v  -1.8962 1.4476 14.1841
v  -2.4910 1.4476 13.8940
v  -2.4975 1.4382 13.9056
v  -3.0513 1.4476 13.5045
v  -3.5611 1.4476 13.0540
v  -3.5700 1.4382 13.0640
v  -4.0053 1.4476 12.5823
v  -4.3989 1.4476 12.0973
v  -4.4095 1.4383 12.1055
v  -4.7469 1.4476 11.5988
v  -5.0689 1.4476 11.0933
v  -5.0806 1.4382 11.0996
v  -5.3654 1.4476 10.5742
v  -5.6693 1.4476 10.0243
v  -5.6814 1.4381 10.0288
v  -5.9496 1.4476 9.3943
v  -6.2428 1.4476 8.7166
v  -6.2555 1.4381 8.7199
v  -6.4789 1.4476 7.9784
v  -6.7046 1.4476 7.2247
v  -6.7174 1.4381 7.2270
v  -6.8489 1.4476 6.4650
v  -6.9791 1.4476 5.6797
v  -6.9918 1.4380 5.6809
v  -7.0550 1.4474 4.8102
v  -7.0609 1.4476 3.9224
v  -7.0730 1.4378 3.9215
v  -6.9871 1.4476 2.9953
v  -6.8581 1.4476 2.1139
v  -6.8693 1.4377 2.1109
v  -6.6633 1.4472 1.2728
v  -6.4304 1.4475 0.4599
v  -6.4408 1.4375 0.4551
v  -6.1939 1.4473 -0.2597
v  -5.9421 1.4472 -0.9071
v  -5.9524 1.4373 -0.9121
v  -5.6103 1.4473 -1.6622
v  -5.2593 1.4471 -2.4186
v  -5.2706 1.4372 -2.4212
v  -4.9164 1.4476 -3.1594
v  -4.6337 1.4476 -3.9004
v  -4.6461 1.4378 -3.9009
v  -4.3992 1.4476 -4.6428
v  -4.2103 1.4476 -5.4117
v  -4.2220 1.4378 -5.4125
v  -4.0607 1.4476 -6.2311
v  -3.9512 1.4476 -7.1855
v  -3.9628 1.4378 -7.1872
v  -3.9088 1.4476 -8.3619
v  -3.9094 1.4477 -9.3814
v  -3.9211 1.4378 -9.3849
v  -3.9042 1.4474 -9.8380
v  -3.8704 1.4476 -10.0476
v  -3.8825 1.4377 -10.0481
v  -3.7880 1.4476 -10.2611
v  -3.4718 1.4476 -10.8214
v  -3.4909 1.4378 -10.8117
v  -2.7412 1.4478 -12.0809
v  -2.0384 1.4480 -13.3058
v  -2.0379 1.4381 -13.3275
v  -1.2622 1.4472 -13.9033
v  -1.5090 1.4473 -13.8359
v  -0.9390 1.4480 -13.9001
v  -0.9340 1.4383 -13.9128
v  -0.4643 1.4480 -13.9129
v  0.0041 1.4480 -13.9121
v  0.0041 1.4382 -13.9240
v  0.6474 1.4476 14.5140
v  1.2832 1.4476 14.3859
v  1.9036 1.4476 14.1841
v  2.4984 1.4476 13.8940
v  3.0587 1.4476 13.5045
v  3.5687 1.4476 13.0542
v  4.0126 1.4476 12.5823
v  4.4063 1.4476 12.0973
v  4.7542 1.4476 11.5987
v  5.0762 1.4476 11.0933
v  5.3728 1.4476 10.5741
v  5.6768 1.4476 10.0244
v  5.9571 1.4476 9.3944
v  6.2503 1.4476 8.7166
v  6.4862 1.4476 7.9784
v  6.7120 1.4476 7.2247
v  6.8564 1.4476 6.4650
v  6.9865 1.4476 5.6797
v  7.0559 1.4476 4.8211
v  7.0675 1.4476 3.9374
v  7.0045 1.4476 3.0089
v  6.8707 1.4474 2.1219
v  6.6670 1.4471 1.2564
v  6.4542 1.4474 0.4940
v  6.2206 1.4473 -0.2164
v  5.9525 1.4443 -0.9124
v  5.6314 1.4473 -1.6471
v  5.2667 1.4473 -2.4068
v  4.9238 1.4476 -3.1594
v  4.6411 1.4476 -3.9004
v  4.4066 1.4476 -4.6428
v  4.2177 1.4476 -5.4117
v  4.0681 1.4476 -6.2311
v  3.9620 1.4476 -7.1581
v  3.9169 1.4476 -8.2514
v  3.9086 1.4476 -9.2102
v  3.9132 1.4477 -9.7311
v  3.8833 1.4464 -10.0261
v  3.7851 1.4476 -10.2857
v  3.4531 1.4476 -10.8589
v  1.2974 1.4465 -13.8998
v  0.8820 1.4480 -13.9115
v  1.5864 1.4476 -13.7782
v  1.5875 1.4381 -13.7921
v  2.7523 1.4478 -12.0806
v  2.0805 1.4479 -13.2384
v  0.4670 1.4480 -13.9142
v  0.0041 1.4383 14.5735
v  -0.6419 1.4382 14.5273
v  -1.9013 1.4382 14.1964
v  -3.0592 1.4383 13.5155
v  -4.0150 1.4382 12.5913
v  -4.7580 1.4382 11.6060
v  -5.3775 1.4382 10.5796
v  -5.9623 1.4381 9.3981
v  -6.4916 1.4381 7.9811
v  -6.8614 1.4380 6.4667
v  -7.0673 1.4377 4.8099
v  -6.9992 1.4378 2.9932
v  -6.6739 1.4372 1.2683
v  -6.2041 1.4374 -0.2642
v  -5.6203 1.4374 -1.6676
v  -4.9293 1.4378 -3.1596
v  -4.4114 1.4378 -4.6435
v  -4.0723 1.4378 -6.2321
v  -3.9205 1.4378 -8.3650
v  -3.9158 1.4376 -9.8407
v  -3.8020 1.4377 -10.2592
v  -2.7600 1.4380 -12.0721
v  -1.5088 1.4375 -13.8488
v  -1.2574 1.4374 -13.9160
v  -0.4624 1.4382 -13.9248
v  1.2869 1.4382 14.3988
v  0.6493 1.4382 14.5273
v  2.5048 1.4382 13.9056
v  1.9088 1.4382 14.1965
v  3.5777 1.4383 13.0643
v  3.0664 1.4382 13.5153
v  4.4169 1.4383 12.1055
v  4.0224 1.4382 12.5913
v  5.0878 1.4382 11.0996
v  4.7654 1.4382 11.6059
v  5.6894 1.4382 10.0290
v  5.3850 1.4382 10.5795
v  6.2629 1.4381 8.7199
v  5.9698 1.4381 9.3982
v  6.7248 1.4381 7.2270
v  6.4989 1.4381 7.9810
v  6.9992 1.4380 5.6809
v  6.8689 1.4380 6.4667
v  7.0797 1.4378 3.9365
v  7.0683 1.4379 4.8213
v  6.8818 1.4375 2.1190
v  7.0161 1.4378 3.0060
v  6.4647 1.4375 0.4899
v  6.6778 1.4372 1.2526
v  5.9627 1.4342 -0.9173
v  6.2307 1.4373 -0.2208
v  5.2782 1.4374 -2.4097
v  5.6411 1.4374 -1.6527
v  4.6535 1.4378 -3.9009
v  4.9367 1.4378 -3.1596
v  4.2294 1.4378 -5.4125
v  4.4188 1.4378 -4.6435
v  3.9735 1.4378 -7.1596
v  4.0797 1.4378 -6.2321
v  3.9209 1.4379 -9.2131
v  3.9286 1.4378 -8.2539
v  3.8952 1.4365 -10.0270
v  3.9251 1.4379 -9.7331
v  3.4688 1.4378 -10.8556
v  3.7984 1.4377 -10.2851
v  0.8789 1.4382 -13.9236
v  1.2935 1.4366 -13.9129
v  2.0792 1.4382 -13.2626
v  2.7730 1.4380 -12.0682
v  0.4656 1.4382 -13.9260
v  -1.7059 1.4375 -13.7357
v  1.7674 1.4474 -13.6725
v  1.7659 1.4375 -13.6905
v  -1.7063 1.4474 -13.7194
v  -0.8270 0.1272 12.8756
v  -0.4094 0.1275 12.9539
v  0.0041 0.1265 12.9905
v  0.4168 0.1275 12.9539
v  0.8344 0.1272 12.8756
v  1.2561 0.1288 12.7128
v  1.6877 0.1276 12.5140
v  2.1142 0.1258 12.2534
v  2.5409 0.1221 11.9568
v  2.9178 0.1216 11.5994
v  3.2756 0.1192 11.2344
v  3.5677 0.1199 10.8353
v  3.8371 0.1201 10.4247
v  4.0727 0.1223 9.9886
v  4.3273 0.1222 9.5186
v  4.5730 0.1242 8.9574
v  4.8292 0.1246 8.3397
v  5.0501 0.1264 7.6701
v  5.2564 0.1262 6.9802
v  5.4050 0.1265 6.2771
v  5.5422 0.1239 5.5640
v  5.6095 0.1241 4.8342
v  5.6240 0.1244 4.0934
v  5.5817 0.1240 3.3352
v  5.4805 0.1231 2.5747
v  5.3200 0.1218 1.8318
v  5.0712 0.1222 1.1370
v  4.7425 0.1231 0.5061
v  4.3392 0.1247 -0.0630
v  3.8749 0.1274 -0.5618
v  3.3269 0.1282 -1.0123
v  2.6318 0.1266 -1.4343
v  1.8093 0.1271 -1.7507
v  0.9231 0.1272 -1.9497
v  0.0037 0.1270 -2.0207
v  -0.9157 0.1272 -1.9497
v  -1.8019 0.1271 -1.7507
v  -2.6244 0.1266 -1.4343
v  -3.3195 0.1282 -1.0123
v  -3.8675 0.1274 -0.5618
v  -4.3318 0.1247 -0.0630
v  -4.7351 0.1231 0.5061
v  -5.0638 0.1222 1.1370
v  -5.3126 0.1218 1.8318
v  -5.4731 0.1231 2.5747
v  -5.5743 0.1240 3.3352
v  -5.6166 0.1244 4.0934
v  -5.6021 0.1241 4.8342
v  -5.5348 0.1239 5.5640
v  -5.3976 0.1265 6.2771
v  -5.2490 0.1262 6.9802
v  -5.0427 0.1264 7.6701
v  -4.8217 0.1246 8.3397
v  -4.5656 0.1242 8.9574
v  -4.3199 0.1222 9.5186
v  -4.0653 0.1223 9.9886
v  -3.8297 0.1201 10.4247
v  -3.5603 0.1199 10.8353
v  -3.2682 0.1192 11.2344
v  -2.9105 0.1216 11.5995
v  -2.5336 0.1221 11.9569
v  -2.1070 0.1258 12.2537
v  -1.6803 0.1276 12.5140
v  -1.2487 0.1288 12.7128
v  -0.8511 0.0072 13.0682
v  -0.4214 0.0076 13.1488
v  0.0041 0.0066 13.1865
v  0.4288 0.0076 13.1488
v  0.8585 0.0072 13.0682
v  1.2925 0.0089 12.9007
v  1.7366 0.0077 12.6961
v  2.1755 0.0059 12.4279
v  2.6145 0.0020 12.1227
v  3.0024 0.0015 11.7550
v  3.3706 -0.0010 11.3793
v  3.6711 -0.0003 10.9687
v  3.9483 -0.0000 10.5461
v  4.1908 0.0022 10.0974
v  4.4528 0.0021 9.6137
v  4.7057 0.0042 9.0363
v  4.9692 0.0046 8.4007
v  5.1966 0.0065 7.7116
v  5.4089 0.0062 7.0017
v  5.5618 0.0066 6.2782
v  5.7029 0.0039 5.5444
v  5.7722 0.0041 4.7934
v  5.7871 0.0044 4.0311
v  5.7436 0.0040 3.2509
v  5.6395 0.0030 2.4683
v  5.4743 0.0017 1.7039
v  5.2182 0.0022 0.9889
v  4.8801 0.0031 0.3397
v  4.4650 0.0047 -0.2459
v  3.9872 0.0075 -0.7592
v  3.4234 0.0084 -1.2228
v  2.7081 0.0067 -1.6570
v  1.8618 0.0072 -1.9826
v  0.9498 0.0073 -2.1874
v  0.0037 0.0070 -2.2604
v  -0.9424 0.0073 -2.1874
v  -1.8544 0.0072 -1.9826
v  -2.7007 0.0067 -1.6570
v  -3.4160 0.0084 -1.2228
v  -3.9798 0.0075 -0.7592
v  -4.4576 0.0047 -0.2459
v  -4.8727 0.0031 0.3397
v  -5.2108 0.0022 0.9889
v  -5.4669 0.0017 1.7039
v  -5.6321 0.0030 2.4683
v  -5.7362 0.0040 3.2509
v  -5.7797 0.0044 4.0311
v  -5.7648 0.0041 4.7934
v  -5.6955 0.0039 5.5444
v  -5.5543 0.0066 6.2781
v  -5.4015 0.0062 7.0017
v  -5.1892 0.0065 7.7116
v  -4.9618 0.0046 8.4007
v  -4.6982 0.0042 9.0363
v  -4.4454 0.0021 9.6137
v  -4.1834 0.0022 10.0974
v  -3.9409 -0.0000 10.5461
v  -3.6637 -0.0003 10.9687
v  -3.3632 -0.0010 11.3793
v  -2.9951 0.0015 11.7551
v  -2.6072 0.0020 12.1228
v  -2.1683 0.0059 12.4282
v  -1.7292 0.0077 12.6961
v  -1.2851 0.0089 12.9007
v  -0.8419 0.0072 12.9947
v  -0.4168 0.0076 13.0737
v  0.0041 0.0065 13.1105
v  0.4241 0.0076 13.0737
v  0.8493 0.0072 12.9947
v  1.2789 0.0088 12.8306
v  1.7188 0.0076 12.6299
v  2.1539 0.0059 12.3666
v  2.5896 0.0020 12.0665
v  2.9751 0.0015 11.7049
v  3.3414 -0.0009 11.3348
v  3.6412 -0.0002 10.9302
v  3.9181 0.0000 10.5132
v  4.1609 0.0023 10.0699
v  4.4229 0.0022 9.5911
v  4.6762 0.0042 9.0187
v  4.9392 0.0046 8.3876
v  5.1656 0.0065 7.7028
v  5.3752 0.0062 6.9969
v  5.5250 0.0066 6.2779
v  5.6613 0.0039 5.5494
v  5.7259 0.0041 4.8050
v  5.7361 0.0044 4.0506
v  5.6881 0.0040 3.2798
v  5.5803 0.0030 2.5080
v  5.4123 0.0017 1.7552
v  5.1557 0.0022 1.0518
v  4.8190 0.0031 0.4136
v  4.4072 0.0047 -0.1619
v  3.9342 0.0075 -0.6661
v  3.3769 0.0083 -1.1214
v  2.6707 0.0067 -1.5478
v  1.8358 0.0072 -1.8678
v  0.9365 0.0072 -2.0689
v  0.0037 0.0070 -2.1407
v  -0.9291 0.0072 -2.0689
v  -1.8284 0.0072 -1.8678
v  -2.6633 0.0067 -1.5478
v  -3.3695 0.0083 -1.1214
v  -3.9268 0.0075 -0.6661
v  -4.3998 0.0047 -0.1619
v  -4.8116 0.0031 0.4136
v  -5.1483 0.0022 1.0518
v  -5.4049 0.0017 1.7552
v  -5.5729 0.0030 2.5080
v  -5.6807 0.0040 3.2798
v  -5.7287 0.0044 4.0506
v  -5.7185 0.0041 4.8050
v  -5.6539 0.0039 5.5494
v  -5.5176 0.0066 6.2779
v  -5.3678 0.0062 6.9969
v  -5.1582 0.0065 7.7028
v  -4.9318 0.0046 8.3876
v  -4.6688 0.0042 9.0187
v  -4.4155 0.0022 9.5911
v  -4.1535 0.0023 10.0699
v  -3.9107 0.0000 10.5132
v  -3.6338 -0.0002 10.9301
v  -3.3340 -0.0009 11.3348
v  -2.9679 0.0015 11.7049
v  -2.5822 0.0020 12.0666
v  -2.1468 0.0058 12.3669
v  -1.7114 0.0076 12.6299
v  -1.2715 0.0088 12.8306
v  -0.8307 0.0372 12.9054
v  -0.4112 0.0375 12.9838
v  0.0041 0.0365 13.0205
v  0.4186 0.0375 12.9839
v  0.8381 0.0372 12.9054
v  1.2618 0.0388 12.7422
v  1.6955 0.0376 12.5430
v  2.1241 0.0359 12.2817
v  2.5530 0.0321 11.9842
v  2.9322 0.0316 11.6258
v  3.2920 0.0292 11.2595
v  3.5861 0.0299 10.8590
v  3.8573 0.0301 10.4468
v  4.0947 0.0323 10.0089
v  4.3512 0.0322 9.5367
v  4.5988 0.0342 8.9727
v  4.8567 0.0346 8.3517
v  5.0790 0.0364 7.6782
v  5.2861 0.0362 6.9844
v  5.4350 0.0365 6.2773
v  5.5720 0.0339 5.5603
v  5.6386 0.0341 4.8269
v  5.6520 0.0344 4.0827
v  5.6083 0.0340 3.3213
v  5.5055 0.0330 2.5580
v  5.3431 0.0318 1.8127
v  5.0923 0.0322 1.1157
v  4.7616 0.0331 0.4830
v  4.3562 0.0347 -0.0877
v  3.8897 0.0374 -0.5879
v  3.3394 0.0383 -1.0396
v  2.6416 0.0366 -1.4627
v  1.8160 0.0371 -1.7800
v  0.9264 0.0372 -1.9795
v  0.0037 0.0370 -2.0507
v  -0.9191 0.0372 -1.9795
v  -1.8086 0.0371 -1.7800
v  -2.6342 0.0366 -1.4627
v  -3.3320 0.0383 -1.0396
v  -3.8823 0.0374 -0.5879
v  -4.3488 0.0347 -0.0877
v  -4.7542 0.0331 0.4830
v  -5.0849 0.0322 1.1157
v  -5.3357 0.0318 1.8127
v  -5.4981 0.0330 2.5580
v  -5.6009 0.0340 3.3213
v  -5.6446 0.0344 4.0827
v  -5.6312 0.0341 4.8269
v  -5.5645 0.0339 5.5603
v  -5.4276 0.0365 6.2773
v  -5.2787 0.0362 6.9844
v  -5.0716 0.0364 7.6782
v  -4.8493 0.0346 8.3517
v  -4.5914 0.0342 8.9727
v  -4.3438 0.0322 9.5367
v  -4.0873 0.0323 10.0089
v  -3.8499 0.0301 10.4468
v  -3.5787 0.0299 10.8590
v  -3.2846 0.0292 11.2595
v  -2.9249 0.0315 11.6259
v  -2.5457 0.0320 11.9843
v  -2.1170 0.0358 12.2820
v  -1.6881 0.0376 12.5430
v  -1.2544 0.0388 12.7422
v  -0.8448 1.2153 12.9421
v  -0.8281 0.2358 12.8799
v  -0.4192 1.2135 13.0298
v  -0.4100 0.2360 12.9588
v  0.0041 1.2116 13.0604
v  0.0041 0.2349 12.9950
v  0.4265 1.2135 13.0298
v  0.4174 0.2360 12.9588
v  0.8522 1.2153 12.9421
v  0.8355 0.2358 12.8799
v  1.2915 1.2121 12.7978
v  1.2584 0.2370 12.7183
v  1.7263 1.2133 12.5811
v  1.6902 0.2360 12.5184
v  2.1415 1.2195 12.2903
v  2.1160 0.2348 12.2558
v  2.5563 1.2117 11.9741
v  2.5419 0.2308 11.9579
v  2.9211 1.2179 11.6026
v  2.9180 0.2307 11.5996
v  3.2679 1.2130 11.2281
v  3.2751 0.2281 11.2340
v  3.5650 1.2133 10.8334
v  3.5675 0.2288 10.8352
v  3.8469 1.2075 10.4309
v  3.8377 0.2287 10.4251
v  4.1039 1.2069 10.0064
v  4.0747 0.2307 9.9897
v  4.3591 1.2065 9.5348
v  4.3293 0.2306 9.5196
v  4.6094 1.2142 8.9738
v  4.5754 0.2329 8.9585
v  4.8702 1.2144 8.3558
v  4.8318 0.2333 8.3408
v  5.0913 1.2235 7.6836
v  5.0528 0.2356 7.6709
v  5.2966 1.2230 6.9905
v  5.2590 0.2353 6.9809
v  5.4418 1.2267 6.2839
v  5.4074 0.2359 6.2775
v  5.5719 1.2174 5.5676
v  5.5441 0.2329 5.5642
v  5.6377 1.2193 4.8359
v  5.6113 0.2332 4.8343
v  5.6553 1.2193 4.0928
v  5.6260 0.2335 4.0934
v  5.6197 1.2140 3.3312
v  5.5841 0.2327 3.3349
v  5.5243 1.2065 2.5663
v  5.4834 0.2314 2.5742
v  5.3601 1.2016 1.8201
v  5.3226 0.2298 1.8311
v  5.1154 1.2010 1.1182
v  5.0740 0.2302 1.1358
v  4.7902 1.2019 0.4784
v  4.7456 0.2311 0.5043
v  4.3903 1.2057 -0.1017
v  4.3425 0.2329 -0.0655
v  3.9286 1.2132 -0.6158
v  3.8783 0.2359 -0.5653
v  3.3768 1.2122 -1.0834
v  3.3302 0.2366 -1.0169
v  2.6740 1.1994 -1.5220
v  2.6346 0.2342 -1.4400
v  1.8403 1.1981 -1.8515
v  1.8113 0.2346 -1.7572
v  0.9379 1.2009 -2.0487
v  0.9241 0.2349 -1.9561
v  0.0037 1.2018 -2.1164
v  0.0037 0.2347 -2.0268
v  -0.9305 1.2009 -2.0487
v  -0.9167 0.2349 -1.9561
v  -1.8329 1.1981 -1.8515
v  -1.8039 0.2346 -1.7572
v  -2.6667 1.1994 -1.5220
v  -2.6272 0.2342 -1.4400
v  -3.3694 1.2122 -1.0834
v  -3.3228 0.2366 -1.0169
v  -3.9212 1.2132 -0.6158
v  -3.8709 0.2359 -0.5653
v  -4.3829 1.2057 -0.1017
v  -4.3351 0.2329 -0.0655
v  -4.7827 1.2019 0.4783
v  -4.7382 0.2311 0.5043
v  -5.1080 1.2010 1.1182
v  -5.0666 0.2302 1.1358
v  -5.3527 1.2016 1.8201
v  -5.3152 0.2298 1.8311
v  -5.5169 1.2065 2.5663
v  -5.4760 0.2314 2.5742
v  -5.6123 1.2140 3.3312
v  -5.5767 0.2327 3.3349
v  -5.6479 1.2193 4.0928
v  -5.6186 0.2335 4.0934
v  -5.6303 1.2193 4.8359
v  -5.6039 0.2332 4.8343
v  -5.5645 1.2174 5.5676
v  -5.5367 0.2329 5.5642
v  -5.4344 1.2267 6.2839
v  -5.4000 0.2359 6.2775
v  -5.2892 1.2230 6.9905
v  -5.2516 0.2353 6.9809
v  -5.0839 1.2235 7.6836
v  -5.0454 0.2356 7.6709
v  -4.8628 1.2144 8.3558
v  -4.8244 0.2333 8.3407
v  -4.6020 1.2142 8.9738
v  -4.5680 0.2329 8.9584
v  -4.3517 1.2065 9.5348
v  -4.3219 0.2306 9.5196
v  -4.0965 1.2069 10.0064
v  -4.0673 0.2307 9.9897
v  -3.8395 1.2075 10.4309
v  -3.8303 0.2287 10.4251
v  -3.5576 1.2133 10.8335
v  -3.5601 0.2288 10.8352
v  -3.2605 1.2130 11.2281
v  -3.2677 0.2281 11.2340
v  -2.9139 1.2179 11.6027
v  -2.9107 0.2307 11.5997
v  -2.5489 1.2117 11.9741
v  -2.5346 0.2308 11.9580
v  -2.1341 1.2195 12.2903
v  -2.1088 0.2348 12.2560
v  -1.7189 1.2133 12.5811
v  -1.6828 0.2360 12.5183
v  -1.2840 1.2122 12.7977
v  -1.2510 0.2370 12.7183
v  -1.3624 2.9058 -3.2862
v  -2.8524 2.9335 -3.0519
v  -4.3589 2.9189 -2.6195
v  -5.4227 2.7636 -0.7798
v  -6.1922 2.6661 0.8821
v  -6.7091 2.6087 2.7663
v  -6.8476 2.5714 4.8466
v  -6.5645 2.5433 6.9025
v  -5.9460 2.5160 8.8206
v  -5.0632 2.4879 10.6227
v  -4.0113 2.4690 12.1693
v  -3.0685 2.4786 13.1652
v  -2.6248 2.4967 13.4426
v  -0.9813 1.2652 -0.6699
v  -1.8539 1.2946 -0.3352
v  -2.6785 1.3300 0.3068
v  -3.3011 1.3507 1.2182
v  -3.7192 1.3859 2.2728
v  -3.9746 1.4397 3.4801
v  -4.0374 1.5120 4.8275
v  -3.9256 1.6217 6.1429
v  -3.6478 1.7419 7.3478
v  -3.2135 1.8863 8.5379
v  -2.7143 2.0625 9.6661
v  -2.2185 2.2245 10.7389
v  -2.0011 2.3122 11.2810
v  -1.1969 2.4891 -1.9311
v  -2.3336 2.4824 -1.5539
v  -3.4287 2.4740 -0.8934
v  -4.3725 2.4173 0.1697
v  -5.0038 2.3178 1.5574
v  -5.3079 2.2823 3.1431
v  -5.3597 2.3258 4.8337
v  -5.1498 2.3887 6.4949
v  -4.7098 2.4561 8.0295
v  -4.0658 2.5281 9.4917
v  -3.3092 2.5633 10.8445
v  -2.5430 2.5674 11.9376
v  -1.9382 2.5754 12.6482
v  -1.0750 1.9669 -1.2262
v  -2.0695 1.9576 -0.8854
v  -3.0238 1.9598 -0.2412
v  -3.8263 1.9350 0.7208
v  -4.3301 1.8918 1.9339
v  -4.6025 1.9000 3.3198
v  -4.6578 1.9724 4.8273
v  -4.4891 2.0696 6.3041
v  -4.1337 2.1706 7.6604
v  -3.6008 2.2768 8.9676
v  -2.9745 2.3662 10.2114
v  -2.3397 2.4189 11.2846
v  -1.9229 2.4472 11.8899
v  -1.3060 2.7494 -2.5847
v  -2.6062 2.7723 -2.2275
v  -3.9368 2.7907 -1.7243
v  -5.0149 2.7022 -0.4826
v  -5.6854 2.5855 1.1659
v  -6.0745 2.5428 2.9491
v  -6.1360 2.5603 4.8403
v  -5.8860 2.5780 6.7076
v  -5.3564 2.5873 8.4447
v  -4.5915 2.6016 10.0901
v  -3.6905 2.5948 11.5643
v  -2.8161 2.5866 12.6429
v  -2.2108 2.5790 13.2510
v  -4.7309 2.6913 -2.6653
v  -5.6245 2.5590 -0.9199
v  -6.4129 2.4639 0.7801
v  -6.9260 2.3914 2.7309
v  -7.0195 2.3649 4.8526
v  -6.7148 2.3382 6.9385
v  -6.0957 2.3111 8.8870
v  -5.2016 2.2827 10.7162
v  -4.1308 2.2652 12.2893
v  -3.1448 2.2690 13.3172
v  -2.5719 2.2532 13.6715
v  -0.9586 1.0988 -0.5572
v  -1.8126 1.1331 -0.2354
v  -2.6093 1.1820 0.4086
v  -3.2051 1.2116 1.3027
v  -3.6051 1.2599 2.3328
v  -3.8497 1.3211 3.5194
v  -3.9110 1.3858 4.8369
v  -3.8026 1.4999 6.1244
v  -3.5323 1.6243 7.3104
v  -3.1214 1.7714 8.4784
v  -2.6308 1.9288 9.5628
v  -2.1075 2.0466 10.6256
v  -1.8588 2.1483 11.2906
v  -1.6595 2.3548 12.8839
v  -1.6864 2.2687 12.0856
v  -1.9304 2.2688 13.6181
v  -4.1972 1.8587 12.3225
v  -3.1892 1.8576 13.3827
v  -5.2761 1.8568 10.7364
v  -6.1776 1.8600 8.8999
v  -6.8017 1.8637 6.9499
v  -7.1052 1.8688 4.8457
v  -7.0243 1.8700 2.7207
v  -6.5416 1.8786 0.7536
v  -5.7709 1.8800 -1.0116
v  -4.8752 1.8915 -2.7504
v  -2.5936 1.8668 13.7858
v  -1.8696 1.8577 13.7288
v  -1.5840 1.8578 12.9336
v  -1.6093 1.8500 12.1197
v  -1.7812 1.8377 11.3020
v  -2.0477 1.8313 10.6190
v  -2.5887 1.8026 9.5545
v  -3.1019 1.7052 8.4794
v  -3.5153 1.5514 7.3172
v  -3.7809 1.4269 6.1314
v  -3.8982 1.3253 4.8417
v  -3.8338 1.2669 3.5278
v  -3.5952 1.1976 2.3382
v  -3.1950 1.1543 1.3093
v  -2.6018 1.1123 0.4152
v  -1.8099 1.0727 -0.2293
v  -0.9594 1.0460 -0.5516
v  -1.4202 3.1299 -4.4922
v  -3.0979 3.1278 -4.4742
v  -3.8437 3.1320 -4.4874
v  -4.2563 2.8423 -4.3438
v  -4.4010 1.7550 -4.2637
v  -1.3727 3.0162 -3.8957
v  -2.8631 3.0258 -3.7788
v  -3.9821 3.0234 -3.6549
v  -4.3815 2.7793 -3.6447
v  -4.5232 1.8742 -3.6373
v  -1.4308 2.8225 -4.7212
v  -3.0014 2.8253 -4.7337
v  -3.7837 2.8716 -4.8511
v  -4.1159 2.8498 -4.6902
v  -4.1865 1.6437 -4.6173
v  -3.4367 2.0502 -4.8456
v  -3.5201 1.6363 -4.6052
v  -1.4326 2.6657 -4.0356
v  -3.0110 2.6679 -4.0450
v  -3.5189 1.6168 -4.2442
v  -4.1543 1.7690 12.2684
v  -3.1636 1.7693 13.3299
v  -5.2280 1.7695 10.6844
v  -6.1161 1.7693 8.8564
v  -6.7373 1.7701 6.9167
v  -7.0422 1.7708 4.8279
v  -6.9502 1.7706 2.7066
v  -6.4732 1.7699 0.7681
v  -5.7173 1.7704 -0.9799
v  -4.8083 1.7694 -2.7046
v  -2.5937 1.7699 13.7336
v  -1.8966 1.7691 13.6737
v  -1.6387 1.7665 12.9133
v  -1.6716 1.7624 12.1088
v  -1.8310 1.7585 11.3152
v  -2.1060 1.7577 10.6375
v  -2.6447 1.7266 9.5791
v  -3.1491 1.6329 8.5045
v  -3.5682 1.4914 7.3373
v  -3.8377 1.3668 6.1442
v  -3.9662 1.2676 4.8519
v  -3.9035 1.1949 3.5187
v  -3.6693 1.1362 2.3027
v  -3.2652 1.0890 1.2588
v  -2.6541 1.0443 0.3421
v  -1.8512 1.0067 -0.3125
v  -0.9876 0.9843 -0.6402
v  -4.2481 1.6225 -4.2421
v  -4.3713 1.7521 -3.5732
v  -1.4347 1.8940 -3.5212
v  -4.1679 2.0580 12.3092
v  -3.1686 2.0584 13.3543
v  -5.2426 2.0655 10.7287
v  -6.1405 2.0813 8.8953
v  -6.7607 2.0966 6.9454
v  -7.0659 2.1126 4.8500
v  -6.9806 2.1251 2.7263
v  -6.4835 2.1664 0.7649
v  -5.7032 2.2145 -0.9697
v  -4.8166 2.2892 -2.7136
v  -2.5789 2.0501 13.7371
v  -1.8936 2.0525 13.6838
v  -1.6145 2.0998 12.9130
v  -1.6408 2.0547 12.1062
v  -1.8141 1.9898 11.2969
v  -2.0730 1.9356 10.6213
v  -2.6065 1.8658 9.5574
v  -3.1099 1.7395 8.4787
v  -3.5209 1.5888 7.3136
v  -3.7883 1.4648 6.1275
v  -3.9030 1.3557 4.8391
v  -3.8435 1.2942 3.5237
v  -3.6004 1.2292 2.3360
v  -3.1989 1.1839 1.3069
v  -2.6039 1.1483 0.4140
v  -1.8106 1.1036 -0.2312
v  -0.9585 1.0727 -0.5532
v  -4.3323 2.2877 -4.3009
v  -4.4636 2.3218 -3.6430
v  -4.2063 2.2779 -4.6562
v  -3.7953 2.4514 -4.8448
v  -3.4196 2.4618 -4.8541
v  -3.0052 2.3443 -3.5965
v  -1.4325 2.3375 -3.5929
v  -1.3980 1.9166 -3.0331
v  -1.3959 2.0947 -2.2917
v  -1.3058 1.6666 -1.4978
v  -1.0746 0.9781 -0.9393
v  -1.9806 1.0062 -0.5726
v  -2.8282 1.0413 0.1274
v  -3.4706 1.0862 1.1150
v  -3.8777 1.1356 2.2264
v  -4.0841 1.1910 3.4863
v  -4.1136 1.2645 4.8532
v  -3.9623 1.3611 6.1656
v  -3.6914 1.4807 7.3674
v  -3.2685 1.6205 8.5562
v  -2.7612 1.7160 9.6392
v  -2.1959 1.7483 10.6680
v  -1.9119 1.7537 11.3364
v  -1.7547 1.7585 12.1071
v  -1.7226 1.7627 12.8791
v  -1.9575 1.7650 13.5650
v  -2.5899 1.7659 13.6507
v  -3.0982 1.7660 13.2429
v  -4.0484 1.7658 12.1829
v  -5.0919 1.7663 10.5941
v  -5.9436 1.7674 8.7842
v  -6.5455 1.7673 6.8792
v  -6.8343 1.7671 4.8326
v  -6.7506 1.7665 2.7465
v  -6.3039 1.7669 0.8517
v  -5.5585 1.7692 -0.8682
v  -4.5966 1.7674 -2.5094
v  -3.8623 1.8034 -3.0284
v  -2.3213 1.6610 -1.0969
v  -3.2514 1.6028 -0.3099
v  -4.0106 1.6079 0.8115
v  -4.3664 1.5455 2.0058
v  -4.7328 1.6366 3.2511
v  -4.8251 1.6928 4.8102
v  -4.6820 1.7228 6.3383
v  -4.3740 1.7280 7.7589
v  -3.9371 1.7207 8.7383
v  -3.5842 1.7444 9.8076
v  -2.9694 1.7486 10.9506
v  -2.5583 1.7510 11.5070
v  -2.4348 1.7551 12.1215
v  -2.2976 1.7591 12.6588
v  -2.4455 1.7617 13.0061
v  -2.6641 1.7637 13.1647
v  -2.9389 1.7636 12.8875
v  -3.7180 1.7662 11.9130
v  -4.6527 1.7841 10.3470
v  -5.4431 1.8192 8.5540
v  -5.9430 1.8407 6.6888
v  -6.1907 1.8378 4.8006
v  -6.1146 1.8297 2.8850
v  -5.6426 1.8523 1.0793
v  -4.8754 1.9101 -0.5677
v  -3.9729 1.9596 -2.0969
v  -3.5293 1.9277 -2.7589
v  -3.0920 2.0896 -1.5838
v  -3.9447 1.9652 -0.4161
v  -4.7346 1.8718 0.9985
v  -5.3221 1.8441 3.0184
v  -5.4418 1.8556 4.7995
v  -5.2546 1.8555 6.4954
v  -4.8340 1.8265 8.1826
v  -4.1060 1.7767 9.9987
v  -3.3277 1.7580 11.4185
v  -2.7196 1.7585 12.4635
v  -2.8253 1.9380 -2.9738
v  -2.5249 2.1327 -2.2648
v  -4.6545 2.8560 -2.6294
v  -5.5466 2.7080 -0.8620
v  -6.3290 2.6087 0.8146
v  -6.8500 2.5378 2.7383
v  -6.9646 2.4953 4.8502
v  -6.6691 2.4644 6.9295
v  -6.0464 2.4354 8.8717
v  -5.1532 2.4054 10.6948
v  -4.0848 2.3862 12.2581
v  -3.1173 2.3964 13.2655
v  -2.5866 2.4195 13.5695
v  -0.9620 1.1369 -0.5697
v  -1.8170 1.1682 -0.2442
v  -2.6182 1.2135 0.3983
v  -3.2144 1.2407 1.2968
v  -3.6156 1.2901 2.3279
v  -3.8646 1.3505 3.5111
v  -3.9262 1.4198 4.8317
v  -3.8246 1.5300 6.1212
v  -3.5564 1.6534 7.3054
v  -3.1412 1.8020 8.4764
v  -2.6559 1.9803 9.5719
v  -2.1556 2.1367 10.6360
v  -1.9227 2.2512 11.2746
v  -1.7449 2.5098 12.8248
v  -1.7688 2.3952 12.0348
v  -2.0125 2.4771 13.4881
v  -4.1273 3.0775 -4.3910
v  -4.2815 2.9644 -3.6425
v  -1.4330 3.0708 -4.7780
v  -3.1269 3.0912 -4.7581
v  -3.7826 3.0783 -4.7700
v  -4.0206 3.0766 -4.6572
v  -3.1510 1.7805 -3.4158
v  -3.2904 1.8311 -3.6846
v  -1.4316 1.7811 -3.4138
v  -1.1413 1.0879 -1.1246
v  -2.0709 1.1015 -0.7438
v  -2.9524 1.1213 -0.0252
v  -3.6116 1.1813 1.0060
v  -4.0401 1.2233 2.1558
v  -4.2555 1.2737 3.4406
v  -4.2898 1.3443 4.8456
v  -4.1380 1.4273 6.2038
v  -3.8644 1.5235 7.4412
v  -3.4582 1.6380 8.6098
v  -2.9533 1.7178 9.6939
v  -2.3838 1.7451 10.7219
v  -2.0932 1.7520 11.3757
v  -1.9318 1.7572 12.1060
v  -1.8909 1.7614 12.8231
v  -2.0756 1.7640 13.4208
v  -2.5889 1.7653 13.4917
v  -3.0314 1.7653 13.1221
v  -3.9336 1.7659 12.0914
v  -4.9521 1.7702 10.5115
v  -5.7861 1.7788 8.7150
v  -6.3677 1.7822 6.8300
v  -6.6465 1.7809 4.8276
v  -6.5671 1.7785 2.7866
v  -6.1267 1.7830 0.9252
v  -5.3837 1.7961 -0.7759
v  -4.4307 1.8035 -2.3841
v  -4.0426 1.7671 -3.1681
v  -3.2767 2.4747 -4.2019
v  -3.2797 2.2024 -3.8213
v  -3.0160 1.8790 -3.5199
v  -3.0250 1.7981 -3.5047
v  -1.4357 1.7935 -3.5015
v  -1.3430 2.8334 -2.9109
v  -2.7549 2.8640 -2.6048
v  -4.1552 2.8551 -2.1057
v  -5.2305 2.7584 -0.6471
v  -5.9512 2.6571 1.0139
v  -6.4099 2.6158 2.8497
v  -6.5176 2.6131 4.8423
v  -6.2514 2.6059 6.8141
v  -5.6713 2.5907 8.6514
v  -4.8396 2.5788 10.3836
v  -3.8556 2.5611 11.8971
v  -2.9403 2.5565 12.9305
v  -2.3758 2.5470 13.3894
v  -1.2607 2.6492 -2.2855
v  -2.4796 2.6581 -1.9110
v  -3.6940 2.6800 -1.3240
v  -4.7070 2.6035 -0.1907
v  -5.3700 2.4884 1.3475
v  -5.7147 2.4465 3.0435
v  -5.7674 2.4780 4.8377
v  -5.5366 2.5181 6.6067
v  -5.0505 2.5562 8.2477
v  -4.3440 2.6000 9.8067
v  -3.5130 2.6105 11.2254
v  -2.6822 2.6028 12.3196
v  -2.0395 2.5986 13.0139
v  -2.1570 2.2525 13.7269
v  -1.7405 2.3245 13.3307
v  -2.1349 1.8597 13.8614
v  -1.6671 1.8585 13.4114
v  -2.1540 1.7693 13.8030
v  -1.7093 1.7683 13.3720
v  -2.1408 2.0456 13.8045
v  -1.6966 2.0824 13.3788
v  -1.7879 1.7643 13.2953
v  -2.1897 1.7656 13.6884
v  -2.3797 1.7603 12.8509
v  -2.5445 1.7627 13.0925
v  -3.6887 2.0564 -1.6720
v  -5.7289 1.8694 2.9547
v  -4.3878 1.7875 10.1846
v  -2.8306 1.7612 12.6777
v  -4.4262 1.9764 -0.4687
v  -5.2040 1.9053 1.0826
v  -5.8235 1.8725 4.7950
v  -5.6052 1.8708 6.5901
v  -5.1443 1.8406 8.3845
v  -3.5257 1.7635 11.6879
v  -2.5725 1.7568 12.3770
v  -2.2168 2.4499 13.5950
v  -1.8303 2.5125 13.2318
v  -1.9385 1.7630 13.1887
v  -2.2686 1.7648 13.5259
v  -3.9887 2.8580 -4.7905
v  -4.1101 1.8694 -4.7773
v  -3.3031 1.8287 -4.6994
v  -4.0476 2.3611 -4.7825
v  -3.9532 3.0495 -4.7399
v  -4.2009 2.8514 -4.5661
v  -4.3605 1.7123 -4.4793
v  -3.3146 1.6891 -4.3641
v  -4.2807 2.2663 -4.5209
v  -4.1043 3.0583 -4.5776
v  -4.2331 1.6033 -4.4655
v  -1.4393 2.9401 -4.8486
v  -3.2928 2.9058 -4.8535
v  -3.2914 2.1123 -4.7344
v  -3.3163 1.6937 -4.5674
v  -3.3139 1.6657 -4.1867
v  -3.2881 2.4478 -4.8107
v  -3.4849 1.7639 -3.5802
v  -3.2707 2.7284 -4.7545
v  -3.4776 1.7896 -4.7689
v  -3.5280 1.5930 -4.4638
v  -1.4336 2.8805 -4.8508
v  -3.0247 2.8749 -4.8486
v  -3.3325 2.0534 -4.8411
v  -3.3651 1.6371 -4.5992
v  -3.3567 1.6193 -4.2477
v  -3.3226 2.4534 -4.8501
v  -3.3230 1.7629 -3.6637
v  -3.2986 2.7913 -4.8529
v  -3.3416 1.7908 -4.7625
v  -3.3699 1.5930 -4.4549
v  0.0038 1.2561 -0.7683
v  0.0038 2.4921 -2.0681
v  0.0038 3.1216 -4.4935
v  0.0038 3.0024 -3.9511
v  0.0038 2.9462 -4.8472
v  0.0038 2.6662 -4.0375
v  0.0038 0.9675 -0.7432
v  0.0038 1.5663 -1.6407
v  0.0038 3.0684 -4.7773
v  0.0038 1.7942 -3.5020
v  0.0038 2.6394 -2.4061
v  0.0038 2.8868 -4.8526
v  1.3699 2.9059 -3.2861
v  2.8601 2.9306 -3.0523
v  2.7624 2.8639 -2.6048
v  1.3505 2.8327 -2.9110
v  4.3663 2.9162 -2.6197
v  4.1619 2.8727 -2.1035
v  5.4302 2.7636 -0.7798
v  5.2380 2.7584 -0.6471
v  6.1997 2.6661 0.8821
v  5.9587 2.6571 1.0139
v  6.7166 2.6087 2.7663
v  6.4175 2.6158 2.8497
v  6.8552 2.5714 4.8466
v  6.5251 2.6131 4.8423
v  6.5719 2.5431 6.9025
v  6.2589 2.6058 6.8141
v  6.0105 2.5173 8.7065
v  5.7314 2.5891 8.5421
v  5.0921 2.4840 10.6413
v  4.8607 2.5593 10.3997
v  4.0052 2.4655 12.1985
v  3.8048 2.5421 11.9819
v  3.0841 2.4782 13.1544
v  2.9486 2.5539 12.9287
v  2.6323 2.4967 13.4426
v  2.3833 2.5470 13.3894
v  1.2044 2.4894 -1.9309
v  1.0824 1.9676 -1.2256
v  0.0038 1.9734 -1.3458
v  2.3410 2.4830 -1.5535
v  2.0761 1.9598 -0.8836
v  3.4359 2.4750 -0.8930
v  3.0302 1.9618 -0.2400
v  4.3794 2.4189 0.1702
v  3.8320 1.9379 0.7219
v  5.0113 2.3178 1.5574
v  4.3376 1.8918 1.9339
v  5.3154 2.2823 3.1431
v  4.6100 1.9000 3.3198
v  5.3673 2.3258 4.8337
v  4.6653 1.9724 4.8273
v  5.1572 2.3890 6.4949
v  4.4965 2.0700 6.3040
v  4.7577 2.4532 7.9375
v  4.1746 2.1652 7.5782
v  4.0834 2.5336 9.5000
v  3.6161 2.2794 8.9727
v  3.2686 2.5657 10.9303
v  2.9423 2.3727 10.2896
v  2.5505 2.5670 11.9375
v  2.3473 2.4189 11.2846
v  1.9457 2.5753 12.6482
v  1.9305 2.4472 11.8899
v  0.9886 1.2657 -0.6693
v  1.8698 1.2808 -0.3497
v  2.6979 1.3151 0.2961
v  3.3169 1.3406 1.2141
v  3.7267 1.3859 2.2728
v  3.9821 1.4397 3.4801
v  4.0449 1.5120 4.8275
v  3.9331 1.6217 6.1429
v  3.6834 1.7331 7.2725
v  3.2261 1.8822 8.5470
v  2.6906 2.0740 9.7355
v  2.2260 2.2245 10.7389
v  2.0086 2.3122 11.2810
v  1.3135 2.7508 -2.5843
v  1.2682 2.6499 -2.2852
v  0.0038 2.7333 -2.6847
v  2.6138 2.7722 -2.2275
v  2.4870 2.6585 -1.9109
v  3.9445 2.7887 -1.7246
v  3.7016 2.6795 -1.3241
v  5.0225 2.7022 -0.4826
v  4.7183 2.5869 -0.1943
v  5.6930 2.5855 1.1659
v  5.3775 2.4884 1.3475
v  6.0820 2.5428 2.9491
v  5.7222 2.4465 3.0435
v  6.1435 2.5603 4.8403
v  5.7749 2.4780 4.8377
v  5.8935 2.5780 6.7076
v  5.5441 2.5181 6.6067
v  5.4124 2.5856 8.3412
v  5.1029 2.5521 8.1499
v  4.6121 2.6003 10.1036
v  4.3638 2.5981 9.8181
v  3.6402 2.5908 11.6582
v  3.4678 2.6070 11.3159
v  2.8235 2.5856 12.6429
v  2.6897 2.5996 12.3196
v  2.2183 2.5789 13.2510
v  2.0470 2.5982 13.0139
v  4.6644 2.8587 -2.6303
v  5.5541 2.7080 -0.8620
v  6.3365 2.6087 0.8146
v  6.8575 2.5378 2.7383
v  6.9722 2.4953 4.8502
v  6.6763 2.4642 6.9294
v  6.1108 2.4373 8.7564
v  5.1843 2.4044 10.7138
v  4.0988 2.3753 12.2781
v  3.1358 2.3948 13.2531
v  2.5941 2.4195 13.5695
v  1.8420 1.1547 -0.2738
v  0.9742 1.1303 -0.5900
v  2.6468 1.1988 0.3800
v  3.2282 1.2373 1.2938
v  3.6231 1.2901 2.3279
v  3.8721 1.3505 3.5111
v  3.9337 1.4198 4.8317
v  3.8322 1.5300 6.1212
v  3.5906 1.6442 7.2311
v  3.1543 1.7981 8.4876
v  2.6333 1.9919 9.6388
v  2.1631 2.1367 10.6360
v  1.9302 2.2512 11.2746
v  2.2244 2.4499 13.5950
v  2.0200 2.4771 13.4881
v  1.7525 2.5098 12.8248
v  1.7763 2.3952 12.0348
v  1.8378 2.5125 13.2318
v  3.1638 2.2674 13.3030
v  4.1492 2.2535 12.3000
v  4.2630 2.0436 12.2874
v  3.1917 2.0568 13.3383
v  4.1990 1.8630 12.4173
v  5.3736 2.0898 10.8266
v  6.0482 1.5360 11.1843
v  6.1442 2.0877 8.9901
v  6.2486 1.8697 8.8084
v  6.7597 2.0979 6.9652
v  6.8023 1.8652 6.9672
v  7.0734 2.1126 4.8500
v  7.1127 1.8688 4.8457
v  6.9881 2.1251 2.7263
v  7.0319 1.8700 2.7207
v  6.4911 2.1664 0.7649
v  6.5492 1.8786 0.7536
v  5.7107 2.2145 -0.9697
v  5.7784 1.8800 -1.0116
v  4.8241 2.2892 -2.7136
v  4.8828 1.8915 -2.7504
v  2.6011 1.8668 13.7858
v  2.5864 2.0501 13.7371
v  3.2125 1.8583 13.3681
v  1.8771 1.8577 13.7288
v  1.9012 2.0525 13.6838
v  2.1483 2.0456 13.8045
v  2.1424 1.8597 13.8614
v  1.5915 1.8578 12.9336
v  1.6220 2.0998 12.9130
v  1.7041 2.0824 13.3788
v  1.6746 1.8585 13.4114
v  1.6169 1.8500 12.1197
v  1.6484 2.0547 12.1062
v  1.7887 1.8377 11.3020
v  1.8216 1.9898 11.2969
v  2.0552 1.8313 10.6190
v  2.0805 1.9356 10.6213
v  2.5641 1.8087 9.6198
v  2.5827 1.8740 9.6230
v  3.1181 1.7117 8.4921
v  3.1252 1.7422 8.4913
v  3.5491 1.5409 7.2434
v  3.5546 1.5789 7.2396
v  3.7884 1.4269 6.1314
v  3.7958 1.4648 6.1276
v  3.9057 1.3253 4.8417
v  3.9105 1.3557 4.8391
v  3.8413 1.2669 3.5278
v  3.8511 1.2942 3.5237
v  3.6027 1.1976 2.3382
v  3.6080 1.2292 2.3360
v  3.2026 1.1543 1.3093
v  3.2069 1.1838 1.3067
v  2.6375 1.1143 0.3899
v  2.6376 1.1431 0.3908
v  1.8354 1.0750 -0.2607
v  1.8369 1.0995 -0.2635
v  0.9726 1.0479 -0.5772
v  0.9722 1.0701 -0.5805
v  0.0038 2.8970 -3.3932
v  1.3802 3.0164 -3.8957
v  2.8706 3.0265 -3.7787
v  3.9896 3.0234 -3.6549
v  4.7526 2.6972 -2.6713
v  4.2874 2.9626 -3.6422
v  4.3852 2.7779 -3.6438
v  4.4711 2.3218 -3.6430
v  4.5307 1.8742 -3.6374
v  1.4277 3.1300 -4.4922
v  3.1054 3.1278 -4.4742
v  3.8512 3.1321 -4.4874
v  4.1333 3.0756 -4.3909
v  4.2598 2.8409 -4.3432
v  4.3398 2.2877 -4.3009
v  1.4405 3.0708 -4.7780
v  3.1344 3.0912 -4.7581
v  3.7901 3.0782 -4.7698
v  4.1212 2.8490 -4.6883
v  4.0272 3.0755 -4.6563
v  3.9602 3.0488 -4.7389
v  3.9953 2.8576 -4.7889
v  4.3682 1.7124 -4.4793
v  4.2882 2.2663 -4.5209
v  4.2138 2.2779 -4.6562
v  4.0551 2.3611 -4.7825
v  4.0304 1.7911 -4.7753
v  3.8525 2.0361 -4.8392
v  3.8028 2.4514 -4.8448
v  3.4271 2.4618 -4.8541
v  3.4442 2.0502 -4.8456
v  4.2051 2.8504 -4.5645
v  4.1097 3.0567 -4.5765
v  3.5276 1.6363 -4.6052
v  3.4851 1.7896 -4.7689
v  1.4383 2.8225 -4.7212
v  0.0038 2.8229 -4.7232
v  1.4401 2.6657 -4.0356
v  3.0089 2.8253 -4.7337
v  3.0186 2.6679 -4.0450
v  3.3238 1.6937 -4.5674
v  3.3106 1.8287 -4.6994
v  3.2989 2.1123 -4.7343
v  3.2842 2.4747 -4.2019
v  3.2868 2.2024 -3.8213
v  3.3221 1.6891 -4.3641
v  4.4085 1.7550 -4.2638
v  0.0038 2.3407 -3.5946
v  1.4400 2.3375 -3.5929
v  3.0127 2.3443 -3.5965
v  5.2411 2.2841 10.7432
v  6.1523 2.3150 8.7913
v  6.7206 2.3382 6.9413
v  7.0270 2.3649 4.8526
v  6.9335 2.3914 2.7309
v  6.4204 2.4639 0.7801
v  5.6320 2.5590 -0.9199
v  2.5794 2.2532 13.6715
v  1.9379 2.2688 13.6181
v  2.1645 2.2525 13.7269
v  1.6670 2.3548 12.8839
v  1.7480 2.3245 13.3307
v  1.6940 2.2687 12.0856
v  1.8663 2.1483 11.2906
v  2.1150 2.0466 10.6256
v  2.6080 1.9391 9.6288
v  3.1351 1.7697 8.4906
v  3.5661 1.6150 7.2362
v  3.8101 1.4999 6.1244
v  3.9185 1.3858 4.8369
v  3.8572 1.3211 3.5194
v  3.6126 1.2599 2.3328
v  3.2148 1.2109 1.3016
v  2.6458 1.1699 0.3831
v  1.8384 1.1250 -0.2665
v  0.9720 1.0940 -0.5835
v  3.7912 2.8715 -4.8508
v  3.3003 2.9058 -4.8535
v  1.4422 1.8940 -3.5212
v  3.0235 1.8790 -3.5199
v  1.4391 1.7811 -3.4137
v  0.0038 1.7655 -3.4105
v  0.0038 1.8992 -3.0371
v  1.4055 1.9166 -3.0331
v  0.0038 2.0301 -2.3206
v  1.4035 2.0938 -2.2918
v  1.3134 1.6663 -1.4981
v  0.0038 1.0731 -1.2445
v  1.1486 1.0884 -1.1239
v  1.0821 0.9782 -0.9393
v  0.0038 0.9674 -1.0545
v  0.9952 0.9778 -0.6398
v  1.8587 1.0021 -0.3122
v  1.9883 1.0013 -0.5727
v  2.6615 1.0409 0.3424
v  2.8359 1.0379 0.1274
v  3.2727 1.0890 1.2588
v  3.4783 1.0828 1.1150
v  3.6768 1.1362 2.3027
v  3.8852 1.1356 2.2264
v  3.9111 1.1949 3.5187
v  4.0916 1.1910 3.4863
v  3.9737 1.2676 4.8519
v  4.1211 1.2645 4.8532
v  3.8453 1.3669 6.1442
v  3.9698 1.3611 6.1656
v  3.6026 1.4819 7.2631
v  3.7262 1.4713 7.2917
v  3.1633 1.6382 8.5178
v  3.2818 1.6252 8.5705
v  2.6209 1.7326 9.6445
v  2.7376 1.7221 9.7054
v  2.1135 1.7577 10.6375
v  2.2035 1.7483 10.6680
v  1.8385 1.7585 11.3152
v  1.9194 1.7537 11.3364
v  1.6791 1.7624 12.1088
v  1.7622 1.7585 12.1071
v  1.6462 1.7665 12.9133
v  1.7301 1.7627 12.8791
v  1.7169 1.7683 13.3720
v  1.7954 1.7643 13.2953
v  1.9650 1.7650 13.5650
v  1.9041 1.7691 13.6737
v  2.1615 1.7693 13.8030
v  2.1972 1.7656 13.6884
v  2.5974 1.7659 13.6507
v  2.6012 1.7699 13.7336
v  3.1862 1.7693 13.3168
v  3.1079 1.7660 13.2410
v  4.2487 1.7677 12.2598
v  4.0028 1.7658 12.2726
v  5.3011 1.7602 10.7311
v  5.1129 1.7643 10.6251
v  6.1353 1.7698 8.9282
v  5.9982 1.7662 8.6858
v  6.7385 1.7703 6.9333
v  6.5521 1.7671 6.8816
v  7.0498 1.7708 4.8279
v  6.8419 1.7671 4.8326
v  6.9578 1.7706 2.7066
v  6.7581 1.7665 2.7465
v  6.4807 1.7699 0.7681
v  6.3114 1.7669 0.8517
v  5.7248 1.7704 -0.9799
v  5.5661 1.7692 -0.8682
v  4.8158 1.7694 -2.7046
v  4.6041 1.7674 -2.5094
v  4.3789 1.7521 -3.5732
v  4.0502 1.7671 -3.1681
v  4.2556 1.6226 -4.2421
v  3.5265 1.6168 -4.2442
v  3.4921 1.7525 -3.5786
v  4.2407 1.6035 -4.4656
v  2.3284 1.6622 -1.0961
v  2.0869 1.0872 -0.7575
v  2.9681 1.1107 -0.0322
v  3.2577 1.6047 -0.3088
v  3.6391 1.1570 0.9968
v  4.0168 1.6097 0.8121
v  4.0476 1.2233 2.1558
v  4.3739 1.5455 2.0058
v  4.2630 1.2737 3.4406
v  4.7403 1.6366 3.2511
v  4.2973 1.3443 4.8456
v  4.8326 1.6928 4.8102
v  4.1455 1.4273 6.2039
v  4.6897 1.7224 6.3384
v  3.8845 1.5138 7.3852
v  4.3897 1.7244 7.7309
v  3.4727 1.6332 8.6002
v  4.0888 1.7301 8.7056
v  2.9328 1.7221 9.7542
v  3.5879 1.7425 9.8432
v  2.3960 1.7452 10.7229
v  2.9503 1.7477 11.0084
v  2.1007 1.7520 11.3757
v  2.5658 1.7510 11.5070
v  1.9393 1.7572 12.1060
v  2.4423 1.7551 12.1215
v  1.8985 1.7614 12.8231
v  2.3051 1.7591 12.6588
v  1.9460 1.7630 13.1887
v  2.3872 1.7603 12.8509
v  2.4530 1.7617 13.0061
v  2.0831 1.7640 13.4208
v  2.2761 1.7648 13.5259
v  2.5520 1.7627 13.0925
v  2.6716 1.7637 13.1647
v  2.5964 1.7653 13.4917
v  3.0389 1.7653 13.1221
v  2.9464 1.7636 12.8875
v  3.8751 1.7644 12.1933
v  3.6650 1.7578 12.0141
v  4.9473 1.7672 10.5794
v  4.6450 1.7737 10.4153
v  5.8458 1.7788 8.6018
v  5.5012 1.8217 8.4410
v  6.3752 1.7821 6.8300
v  5.9505 1.8407 6.6888
v  6.6540 1.7809 4.8276
v  6.1982 1.8378 4.8006
v  6.5746 1.7785 2.7866
v  6.1221 1.8297 2.8850
v  6.1342 1.7830 0.9252
v  5.6501 1.8523 1.0793
v  5.3912 1.7961 -0.7759
v  4.8831 1.9109 -0.5678
v  4.4382 1.8035 -2.3841
v  3.9802 1.9586 -2.0968
v  3.8698 1.8034 -3.0284
v  3.5368 1.9277 -2.7589
v  3.6962 2.0561 -1.6719
v  4.4337 1.9762 -0.4687
v  5.2115 1.9053 1.0826
v  5.7364 1.8694 2.9547
v  5.8311 1.8725 4.7950
v  5.6127 1.8708 6.5901
v  5.2009 1.8439 8.2690
v  4.3779 1.7703 10.2624
v  3.4777 1.7507 11.7834
v  5.3296 1.8441 3.0184
v  4.7421 1.8718 0.9985
v  4.0939 1.7644 10.0937
v  4.8934 1.8298 8.0649
v  2.5800 1.7568 12.3770
v  2.7272 1.7585 12.4635
v  3.2859 1.7489 11.5054
v  2.8323 1.9194 -2.9690
v  2.5324 2.1326 -2.2648
v  3.0996 2.0892 -1.5839
v  3.9523 1.9649 -0.4162
v  5.4493 1.8556 4.7995
v  5.2622 1.8555 6.4954
v  2.8382 1.7612 12.6777
v  3.1585 1.7817 -3.4160
v  0.0038 1.0769 -0.6821
v  0.0038 1.1151 -0.6892
v  1.4468 2.9401 -4.8486
v  1.4432 1.7935 -3.5015
v  3.0325 1.7981 -3.5047
v  3.2732 2.7281 -4.7550
v  3.2951 1.8307 -3.6847
v  0.0038 2.8107 -3.0195
v  3.5355 1.5930 -4.4638
v  3.3214 1.6657 -4.1867
v  3.2957 2.4478 -4.8107
v  1.4411 2.8805 -4.8508
v  3.0322 2.8749 -4.8486
v  3.3060 2.7913 -4.8535
v  3.3301 2.4534 -4.8501
v  3.3401 2.0534 -4.8411
v  3.3491 1.7908 -4.7625
v  3.3642 1.6193 -4.2477
v  3.3774 1.5930 -4.4549
v  3.3250 1.7517 -3.6619
v  3.3726 1.6371 -4.5992
v  0.0038 1.0553 -0.6783
v  0.0038 1.0358 -0.6761
v  0.0038 1.8982 -3.5216
v  5.0129 1.8950 12.0102
v  4.9891 1.7867 12.0734
v  4.9602 1.7103 11.9865
v  5.9291 1.5023 11.1154
v  6.2059 1.7201 9.7650
v  6.2914 1.7865 9.7586
v  6.2452 1.9102 9.8458
v  6.0168 1.6308 11.1712
v  5.5815 2.5057 9.6840
v  5.3161 2.5720 9.4791
v  4.5619 2.4780 11.4499
v  4.3339 2.5524 11.2239
v  4.4364 2.4911 8.7240
v  3.2817 2.3322 9.6395
v  3.6780 2.5566 10.2331
v  4.7501 2.5718 8.9901
v  5.0297 2.5924 9.2292
v  3.9178 2.6083 10.5905
v  4.1275 2.5992 10.9096
v  5.6822 2.4298 9.7502
v  4.6677 2.3914 11.5264
v  4.8468 2.0902 11.6144
v  5.4402 1.6875 11.8374
v  5.8382 2.0995 9.9060
v  6.3263 1.6815 10.2806
v  4.7276 2.2673 11.5567
v  5.7368 2.3117 9.7879
v  4.7746 1.7627 11.5321
v  4.5719 1.7643 11.4654
v  5.7405 1.7633 9.8281
v  5.5773 1.7661 9.6585
v  3.3778 1.7379 10.4717
v  4.4582 1.7592 11.3489
v  4.1948 1.7285 11.1800
v  5.4323 1.7764 9.5721
v  5.1110 1.8034 9.4098
v  3.9630 1.7035 10.9882
v  4.5394 1.8007 9.0434
v  3.7222 1.7152 10.7625
v  4.8263 1.8119 9.2429
v  5.3347 1.6290 11.7723
v  6.2183 1.6363 10.2106
v  6.2905 1.7785 10.2914
v  5.4156 1.7849 11.8049
v  4.5970 1.9745 12.1262
v  4.5366 1.8515 12.2118
v  4.5959 1.7592 12.0940
v  5.6423 1.6972 10.9405
v  6.1269 1.7696 9.3545
v  6.1736 1.8551 9.2529
v  6.1258 2.0017 9.3951
v  5.6851 1.9320 10.9948
v  5.0724 1.7292 11.6620
v  5.9998 1.7326 10.0400
v  6.0386 1.9813 10.0882
v  5.1050 1.9755 11.7099
v  2.9616 1.9789 9.1392
v  2.8990 1.8961 9.0599
v  2.8608 1.8128 9.0530
v  2.8478 1.7661 9.0516
v  2.8786 1.8574 9.0560
v  2.8990 1.6906 9.0773
v  3.0188 1.6791 9.1378
v  3.1338 1.6829 9.2076
v  3.9112 2.2169 8.2797
v  3.4677 1.8037 7.9106
v  3.3835 1.7186 7.8598
v  3.3508 1.6585 7.8665
v  3.3450 1.6244 7.8690
v  3.3610 1.6903 7.8642
v  3.3945 1.5592 7.8920
v  3.5160 1.5469 7.9316
v  3.6377 1.5529 7.9677
v  5.3264 2.4958 10.1964
v  4.6156 2.5566 10.7910
v  3.4598 2.3054 9.2872
v  3.8941 2.5469 9.8463
v  3.1021 1.9275 8.8271
v  4.1559 2.6045 10.1835
v  4.3864 2.6007 10.4853
v  5.4238 2.4190 10.2675
v  3.0348 1.8437 8.7588
v  5.1327 2.0927 11.2070
v  6.2324 1.5945 10.7630
v  2.9924 1.7385 8.7577
v  3.2328 1.7032 8.1995
v  5.4819 2.3007 10.3016
v  3.0154 1.8107 8.7588
v  3.0401 1.6638 8.7834
v  3.1590 1.6516 8.8400
v  5.5126 1.7618 10.3101
v  5.3394 1.7658 10.1665
v  3.3291 1.6627 8.9288
v  3.8541 1.7352 9.2661
v  5.1967 1.7724 10.0814
v  4.8830 1.7914 9.9185
v  6.1214 1.5467 10.6744
v  5.7521 1.6852 11.5160
v  5.0778 2.5651 9.9700
v  4.8456 2.4823 11.0274
v  4.2516 2.5131 9.1365
v  4.5478 2.5854 9.4305
v  4.8110 2.5970 9.6946
v  4.9454 2.3995 11.1025
v  5.7815 1.5958 11.5402
v  5.6052 2.0946 10.3981
v  5.0055 2.2775 11.1338
v  5.0570 1.7602 11.1128
v  4.8842 1.7592 11.0329
v  4.3181 1.7852 9.5844
v  4.6054 1.7952 9.7627
v  5.6662 1.5401 11.4700
v  6.1977 1.6816 10.7517
v  5.8338 1.7116 10.5212
v  5.4254 1.9507 11.3498
v  5.3862 1.7095 11.2981
v  5.8763 1.9523 10.5740
v  3.0022 1.7759 8.7579
v  3.7574 2.2486 8.6480
v  3.3439 1.8411 8.2507
v  3.2649 1.7585 8.1950
v  3.2264 1.6718 8.2012
v  3.2427 1.7319 8.1981
v  3.2733 1.6018 8.2257
v  3.3930 1.5882 8.2725
v  3.5234 1.5888 8.2873
v  5.8796 1.7871 11.0988
v  6.1894 1.8876 10.2310
v  5.3044 1.8862 11.7588
v  5.6166 1.8260 11.4464
v  6.0639 1.8261 10.6798
v  -4.2931 1.7334 -4.6252
v  -3.8450 2.0361 -4.8392
v  -4.0229 1.7911 -4.7753
v  4.1940 1.6437 -4.6173
v  4.3006 1.7334 -4.6252
v  4.1176 1.8694 -4.7772
v  -0.5733 2.2841 -1.6916
v  -1.6788 2.2760 -1.4446
v  -2.7293 2.2649 -0.9484
v  -3.7045 2.2412 -0.1150
v  -4.4440 2.1696 1.0519
v  -4.8655 2.1151 2.4600
v  -5.0335 2.1396 4.0223
v  -4.9624 2.2147 5.6292
v  -4.6624 2.2976 7.1422
v  -4.1598 2.3863 8.5558
v  -3.5045 2.4621 9.9111
v  -2.7850 2.4974 11.1259
v  -2.1411 2.5173 12.0242
v  -0.5152 1.5893 -0.9722
v  -1.4877 1.5939 -0.7582
v  -2.4001 1.5982 -0.2888
v  -3.2068 1.6138 0.5095
v  -3.7816 1.6118 1.5462
v  -4.1353 1.6242 2.7500
v  -4.2977 1.6793 4.1119
v  -4.2559 1.7723 5.5304
v  -4.0304 1.8829 6.8540
v  -3.6305 2.0022 8.1027
v  -3.1066 2.1371 9.3136
v  -2.5288 2.2651 10.4732
v  -2.0851 2.3544 11.3138
v  -5.0133 2.8190 -1.7573
v  -5.9119 2.6886 0.0099
v  -6.5737 2.6105 1.7595
v  -6.9135 2.5570 3.7874
v  -6.8284 2.5207 5.8980
v  -6.3612 2.4917 7.9050
v  -5.5958 2.4617 9.7859
v  -4.5956 2.4347 11.5025
v  -3.5365 2.4303 12.8164
v  -2.8093 2.4537 13.4328
v  -1.4015 1.1695 -0.4470
v  -2.2381 1.2067 0.0306
v  -2.9499 1.2407 0.8181
v  -3.4436 1.2757 1.7920
v  -3.7719 1.3320 2.8948
v  -3.9303 1.3950 4.1602
v  -3.9086 1.4854 5.4866
v  -3.7244 1.6035 6.7195
v  -3.3744 1.7371 7.8959
v  -2.9172 1.9071 9.0311
v  -2.4067 2.0929 10.1519
v  -2.0509 2.2317 10.9843
v  -1.7998 2.5017 12.4146
v  -1.8855 2.3571 11.6092
v  -0.6701 2.9551 -3.6311
v  -2.1009 2.9686 -3.4898
v  -3.5615 2.9780 -3.2861
v  -2.2160 3.0813 -4.1933
v  -3.5269 3.0799 -4.1259
v  -4.0825 3.0701 -4.0758
v  -0.6757 3.1298 -4.6733
v  -2.3336 3.1353 -4.6669
v  -3.5784 3.1394 -4.6541
v  -3.8114 1.7020 -4.6965
v  -3.2915 1.9907 -4.3903
v  -3.6589 1.8123 12.9298
v  -4.7484 1.8126 11.5730
v  -5.7585 1.8116 9.8329
v  -6.5287 1.8133 7.9373
v  -7.0008 1.8158 5.9069
v  -7.1177 1.8169 3.7689
v  -6.8277 1.8186 1.7050
v  -6.1934 1.8175 -0.1369
v  -5.2975 1.8162 -1.9457
v  -2.8573 1.8172 13.6487
v  -1.5824 1.8068 12.5522
v  -1.6834 1.8026 11.6931
v  -1.8915 1.8032 10.9818
v  -2.3033 1.7962 10.1174
v  -2.8557 1.7384 9.0198
v  -3.3248 1.6090 7.9084
v  -3.6685 1.4653 6.7344
v  -3.8634 1.3521 5.4993
v  -3.8917 1.2744 4.1800
v  -3.7366 1.2105 2.9123
v  -3.4199 1.1535 1.8033
v  -2.9273 1.1121 0.8360
v  -2.2226 1.0694 0.0508
v  -1.3969 1.0369 -0.4287
v  -4.4516 1.7286 -3.9808
v  -4.6473 1.8152 -3.2706
v  -0.6844 2.5443 -3.7550
v  -2.3012 2.5459 -3.7572
v  -2.3035 2.0876 -3.5382
v  -0.6827 1.8170 -3.2639
v  -0.6963 2.0330 -2.7134
v  -0.6957 1.8851 -1.9224
v  -0.6303 1.3054 -1.3740
v  -3.8963 1.6812 -3.9462
v  -4.3466 1.6289 -4.5445
v  -1.7031 1.3464 -1.1197
v  -2.6286 1.3165 -0.5944
v  -3.4529 1.3404 0.3191
v  -4.0224 1.3890 1.4570
v  -4.3663 1.4198 2.7002
v  -4.5149 1.4768 4.0910
v  -4.4682 1.5413 5.5550
v  -4.2488 1.5944 6.9356
v  -3.9285 1.6527 8.1322
v  -3.5028 1.7098 9.2050
v  -2.9363 1.7402 10.3056
v  -2.4802 1.7491 11.1392
v  -2.2499 1.7534 11.7554
v  -2.1344 1.7584 12.4561
v  -2.7671 1.7645 13.2279
v  -3.3674 1.7648 12.6022
v  -4.3303 1.7702 11.2749
v  -5.2525 1.7873 9.5561
v  -5.9352 1.8057 7.7129
v  -6.3425 1.8100 5.7974
v  -6.4450 1.8035 3.8156
v  -6.1773 1.8049 1.8954
v  -5.5658 1.8305 0.1592
v  -4.6740 1.8640 -1.5357
v  -3.9310 1.8786 -2.6690
v  -4.6949 1.7400 1.9697
v  -4.2399 1.7704 8.9164
v  -2.7898 1.7537 11.8138
v  -3.2558 2.0769 -2.3276
v  -3.1273 1.8864 -0.8976
v  -3.9890 1.8194 0.2022
v  -5.1383 1.7847 3.9818
v  -5.0959 1.8105 5.6176
v  -4.8329 1.8056 7.2058
v  -3.5237 1.7555 10.5888
v  -2.1317 2.0578 -1.7238
v  -2.2380 1.8308 -3.2699
v  -2.0817 2.0616 -2.6749
v  -3.4040 1.8568 -3.1029
v  -4.3482 2.9614 -3.1906
v  -2.3403 3.0061 -4.8275
v  -3.4946 3.0413 -4.8069
v  -3.9170 3.1130 -4.6750
v  -4.0138 3.1137 -4.5650
v  -3.6441 1.7777 12.9048
v  -4.7304 1.7781 11.5491
v  -5.7382 1.7781 9.8122
v  -6.5050 1.7786 7.9194
v  -6.9797 1.7800 5.8939
v  -7.0938 1.7806 3.7574
v  -6.7978 1.7805 1.6990
v  -6.1682 1.7798 -0.1292
v  -5.2750 1.7796 -1.9342
v  -2.8513 1.7791 13.6226
v  -1.6128 1.7735 12.5428
v  -1.7114 1.7690 11.6920
v  -1.9174 1.7704 10.9896
v  -2.3299 1.7605 10.1260
v  -2.8754 1.6992 9.0293
v  -3.3428 1.5746 7.9180
v  -3.6895 1.4346 6.7410
v  -3.8880 1.3218 5.5050
v  -3.9177 1.2389 4.1825
v  -3.7608 1.1737 2.9035
v  -3.4434 1.1201 1.7881
v  -2.9452 1.0760 0.8169
v  -2.2352 1.0332 0.0271
v  -1.4074 1.0018 -0.4523
v  -0.4928 0.9882 -0.6564
v  -4.4268 1.6926 -3.9673
v  -4.6237 1.7771 -3.2569
v  -2.3117 1.8092 -3.5107
v  -1.5662 1.0012 -0.8531
v  -2.4521 1.0266 -0.3162
v  -3.2219 1.0673 0.5559
v  -3.7502 1.1147 1.6301
v  -4.0516 1.1658 2.8252
v  -4.1646 1.2285 4.1619
v  -4.0944 1.3128 5.5263
v  -3.8801 1.4185 6.7819
v  -3.5307 1.5510 7.9815
v  -3.0624 1.6744 9.1208
v  -2.4958 1.7364 10.1972
v  -2.0550 1.7511 11.0302
v  -1.8496 1.7555 11.7098
v  -1.7548 1.7605 12.5140
v  -2.7955 1.7659 13.4835
v  -3.5069 1.7658 12.7661
v  -4.5460 1.7660 11.4108
v  -5.5063 1.7674 9.6835
v  -6.2327 1.7684 7.8317
v  -6.6831 1.7679 5.8658
v  -6.7884 1.7672 3.7850
v  -6.5213 1.7670 1.7873
v  -5.9292 1.7695 0.0113
v  -5.0171 1.7703 -1.7273
v  -4.2338 1.7694 -2.8756
v  -3.2795 2.4497 -3.8558
v  -3.2754 2.0661 -3.6169
v  -3.6651 1.7679 -3.3219
v  -2.3179 1.7808 -3.4866
v  -3.6840 1.9068 -4.8206
v  -3.8768 1.6084 -4.5362
v  -4.3634 1.6086 -4.3901
v  -3.8823 1.5956 -4.3911
v  -3.2946 1.8374 -4.0092
v  -2.3300 2.8994 -4.8544
v  -3.3610 1.9021 -4.8177
v  -3.3386 1.6007 -4.3859
v  -3.3161 1.6962 -3.9533
v  -3.3016 2.8673 -4.8547
v  -3.3804 1.6983 -4.6885
v  -3.3406 1.6112 -4.5165
v  -2.3041 2.8611 -4.8392
v  -3.3117 1.9120 -4.8013
v  -3.3910 1.5909 -4.3926
v  -3.3617 1.6820 -3.9419
v  -3.2709 2.8265 -4.8517
v  -3.3257 1.7075 -4.6761
v  -3.3955 1.6026 -4.5282
v  -3.3164 1.7659 -3.5400
v  -3.2864 1.7839 -3.5645
v  -0.4910 1.1368 -0.6667
v  -0.6722 3.0737 -4.2362
v  -0.4888 1.0209 -0.6373
v  -0.6845 2.0935 -3.5387
v  -0.6801 3.0002 -4.8286
v  -0.6844 1.8161 -3.5132
v  -0.5611 0.9708 -1.1003
v  -0.6842 1.7771 -3.4801
v  -0.6822 2.9089 -4.8535
v  -0.6829 2.8611 -4.8391
v  0.5808 2.2845 -1.6912
v  1.6859 2.2778 -1.4432
v  2.7364 2.2659 -0.9478
v  3.7114 2.2426 -0.1144
v  4.4511 2.1705 1.0521
v  4.8731 2.1151 2.4600
v  5.0410 2.1396 4.0223
v  4.9699 2.2147 5.6292
v  4.6693 2.2993 7.1419
v  3.9406 2.4218 9.0770
v  3.3348 2.4797 10.2406
v  2.7925 2.4976 11.1259
v  2.1487 2.5174 12.0242
v  0.5226 1.5898 -0.9717
v  1.4945 1.5958 -0.7562
v  2.4062 1.6004 -0.2869
v  3.2123 1.6165 0.5110
v  3.7891 1.6118 1.5462
v  4.1428 1.6242 2.7500
v  4.3053 1.6793 4.1119
v  4.2634 1.7723 5.5304
v  4.0375 1.8837 6.8538
v  3.4557 2.0480 8.5711
v  2.9745 2.1739 9.6071
v  2.5363 2.2651 10.4732
v  2.0926 2.3544 11.3138
v  5.0208 2.8190 -1.7573
v  5.9194 2.6886 0.0099
v  6.5812 2.6105 1.7595
v  6.9210 2.5570 3.7874
v  6.8359 2.5207 5.8980
v  6.3680 2.4908 7.9046
v  5.2709 2.4522 10.4745
v  4.3993 2.4283 11.8293
v  3.5849 2.4271 12.7675
v  2.8168 2.4537 13.4328
v  1.4169 1.1565 -0.4671
v  2.2658 1.1841 0.0066
v  2.9742 1.2248 0.8074
v  3.4511 1.2757 1.7920
v  3.7794 1.3320 2.8948
v  3.9379 1.3950 4.1602
v  3.9161 1.4854 5.4866
v  3.7320 1.6035 6.7195
v  3.4903 1.7001 7.5985
v  3.1053 1.8349 8.6258
v  2.4142 2.0929 10.1519
v  2.0584 2.2317 10.9843
v  1.8073 2.5017 12.4146
v  1.8930 2.3571 11.6092
v  0.6776 2.9551 -3.6311
v  2.1085 2.9682 -3.4899
v  3.5690 2.9766 -3.2862
v  2.2235 3.0813 -4.1933
v  3.5344 3.0818 -4.1257
v  4.0898 3.0692 -4.0759
v  0.6832 3.1298 -4.6734
v  2.3412 3.1353 -4.6669
v  3.5859 3.1394 -4.6541
v  3.8189 1.7020 -4.6965
v  3.2991 1.9907 -4.3903
v  3.7296 1.8152 12.8741
v  5.2233 1.7025 11.9611
v  6.1480 1.5145 10.9783
v  6.5117 1.8201 8.0044
v  7.0083 1.8158 5.9069
v  7.1253 1.8169 3.7689
v  6.8352 1.8186 1.7050
v  6.2009 1.8175 -0.1369
v  5.3050 1.8162 -1.9457
v  2.8648 1.8172 13.6487
v  1.5899 1.8068 12.5522
v  1.6909 1.8026 11.6931
v  1.8990 1.8032 10.9818
v  2.3108 1.7962 10.1174
v  3.0555 1.7032 8.6285
v  3.4386 1.5677 7.6136
v  3.6761 1.4653 6.7344
v  3.8709 1.3521 5.4993
v  3.8993 1.2744 4.1800
v  3.7441 1.2105 2.9123
v  3.4274 1.1535 1.8033
v  2.9539 1.1219 0.8229
v  2.2542 1.0860 0.0203
v  1.4127 1.0474 -0.4515
v  4.4591 1.7286 -3.9808
v  4.6548 1.8152 -3.2706
v  0.6919 2.5443 -3.7550
v  2.3087 2.5459 -3.7572
v  2.3110 2.0876 -3.5382
v  0.6902 1.8171 -3.2638
v  0.7038 2.0331 -2.7134
v  0.7033 1.8841 -1.9229
v  0.6377 1.3056 -1.3736
v  3.9039 1.6812 -3.9462
v  4.3463 1.6192 -4.5422
v  1.7103 1.3473 -1.1188
v  2.6351 1.3180 -0.5931
v  3.4587 1.3424 0.3202
v  4.0300 1.3890 1.4570
v  4.3738 1.4198 2.7002
v  4.5224 1.4768 4.0910
v  4.4758 1.5413 5.5550
v  4.2565 1.5934 6.9357
v  3.8090 1.6214 8.1412
v  3.6659 1.6881 8.8712
v  3.0178 1.7414 10.3228
v  2.4877 1.7491 11.1392
v  2.2574 1.7534 11.7554
v  2.1419 1.7584 12.4561
v  2.7746 1.7645 13.2279
v  3.3749 1.7648 12.6022
v  4.0834 1.7513 11.6824
v  4.9505 1.7783 10.2337
v  5.9427 1.8053 7.7129
v  6.3500 1.8100 5.7974
v  6.4526 1.8035 3.8156
v  6.1848 1.8049 1.8954
v  5.5733 1.8305 0.1592
v  4.6815 1.8640 -1.5357
v  3.9385 1.8786 -2.6690
v  4.7024 1.7400 1.9697
v  4.2216 1.7688 9.1838
v  2.7973 1.7537 11.8138
v  3.2633 2.0776 -2.3277
v  3.1352 1.8852 -0.8981
v  3.9963 1.8200 0.2024
v  5.1458 1.7847 3.9818
v  5.1034 1.8105 5.6176
v  4.8407 1.8046 7.2059
v  3.7124 1.7399 10.2669
v  2.1391 2.0584 -1.7236
v  2.2455 1.8308 -3.2700
v  2.0892 2.0605 -2.6748
v  3.4115 1.8568 -3.1029
v  4.3553 2.9596 -3.1906
v  2.3478 3.0061 -4.8275
v  3.5021 3.0413 -4.8069
v  3.9243 3.1119 -4.6746
v  4.0209 3.1125 -4.5648
v  3.7181 1.7783 12.8473
v  5.8716 1.4786 11.3426
v  6.2622 1.6752 10.0118
v  6.4863 1.7828 7.9927
v  6.9872 1.7800 5.8939
v  7.1014 1.7806 3.7574
v  6.8054 1.7805 1.6990
v  6.1757 1.7798 -0.1292
v  5.2825 1.7796 -1.9342
v  2.8589 1.7791 13.6226
v  1.6203 1.7735 12.5428
v  1.7189 1.7690 11.6920
v  1.9249 1.7704 10.9896
v  2.3374 1.7605 10.1260
v  2.7568 1.7229 9.2900
v  3.1890 1.6326 8.3605
v  3.6971 1.4346 6.7410
v  3.8955 1.3218 5.5050
v  3.9252 1.2389 4.1825
v  3.7683 1.1737 2.9035
v  3.4509 1.1201 1.7881
v  2.9574 1.0854 0.8134
v  2.2509 1.0562 0.0157
v  1.4173 1.0151 -0.4598
v  0.5007 0.9964 -0.6613
v  4.4343 1.6926 -3.9673
v  4.6312 1.7771 -3.2569
v  2.3192 1.8092 -3.5107
v  1.5761 0.9884 -0.8586
v  2.4623 1.0179 -0.3190
v  3.2323 1.0592 0.5544
v  3.7577 1.1147 1.6301
v  4.0591 1.1658 2.8252
v  4.1721 1.2285 4.1619
v  4.1019 1.3128 5.5263
v  3.8876 1.4185 6.7819
v  3.3740 1.6050 8.4379
v  2.9453 1.6989 9.3863
v  2.5034 1.7364 10.1972
v  2.0626 1.7511 11.0302
v  1.8571 1.7555 11.7098
v  1.7623 1.7605 12.5140
v  2.8030 1.7659 13.4835
v  3.5144 1.7658 12.7661
v  4.8264 1.7626 11.0049
v  5.7251 1.7669 9.2286
v  6.2402 1.7674 7.8317
v  6.6906 1.7679 5.8658
v  6.7959 1.7672 3.7850
v  6.5289 1.7670 1.7873
v  5.9367 1.7695 0.0113
v  5.0246 1.7703 -1.7273
v  4.2414 1.7694 -2.8756
v  3.2828 2.4468 -3.8579
v  3.2790 2.0651 -3.6204
v  3.6726 1.7679 -3.3219
v  2.3254 1.7808 -3.4866
v  3.6915 1.9068 -4.8206
v  3.8843 1.6084 -4.5362
v  4.3908 1.6339 -4.3970
v  3.8898 1.5956 -4.3911
v  3.3022 1.8374 -4.0092
v  2.3375 2.8994 -4.8544
v  3.3685 1.9021 -4.8177
v  3.3461 1.6007 -4.3859
v  3.3236 1.6963 -3.9533
v  3.3091 2.8673 -4.8547
v  3.3880 1.6983 -4.6885
v  3.3481 1.6112 -4.5165
v  2.3116 2.8611 -4.8392
v  3.3192 1.9120 -4.8013
v  3.3985 1.5909 -4.3926
v  3.3693 1.6820 -3.9419
v  3.2779 2.8260 -4.8526
v  3.3332 1.7075 -4.6762
v  3.4030 1.6026 -4.5282
v  3.3243 1.7687 -3.5400
v  3.2952 1.7852 -3.5633
v  0.4984 1.1370 -0.6664
v  0.6797 3.0737 -4.2362
v  0.4976 1.0264 -0.6498
v  0.6920 2.0935 -3.5387
v  0.6876 3.0002 -4.8286
v  0.6919 1.8161 -3.5132
v  0.5686 0.9709 -1.1002
v  0.6917 1.7771 -3.4801
v  0.6897 2.9089 -4.8535
v  0.6904 2.8611 -4.8391
v  4.4129 1.8202 12.2489
v  4.4023 1.7796 12.2197
v  4.6763 1.7594 11.8762
v  5.5676 1.7466 10.6274
v  6.1452 1.7915 9.1145
v  6.1651 1.8274 9.1175
v  6.0234 2.0464 9.6109
v  5.4033 2.0096 11.0981
v  3.5987 2.4604 9.7450
v  5.8372 2.4731 9.3274
v  4.7859 2.4416 11.2673
v  5.6204 1.6021 11.6968
v  6.3158 1.6991 10.0181
v  4.5924 1.7560 10.8671
v  5.4663 1.7941 9.1044
v  3.3512 1.7363 10.9111
v  5.1929 1.6704 11.9180
v  6.2478 1.5643 10.4846
v  4.2851 1.7658 11.8195
v  5.4082 1.7665 9.9110
v  5.0864 1.7515 11.3784
v  5.9912 1.7629 9.5520
v  5.8379 2.0217 10.2689
v  4.7021 2.0245 11.9275
v  4.4974 1.7828 8.4559
v  4.7431 1.7852 12.1500
v  4.7308 1.7503 12.1056
v  4.9849 1.7096 11.8966
v  6.0680 1.6532 10.3868
v  6.1878 1.7632 9.4865
v  6.2247 1.7901 9.4779
v  6.1587 1.9629 9.8606
v  5.3890 1.9109 11.5686
v  5.6814 1.6046 11.2242
v  6.1508 1.7183 9.8294
v  5.8959 1.8708 10.8508
v  4.9830 1.9474 11.9268
v  2.8043 1.9553 9.3012
v  2.7351 1.7618 9.2807
v  2.9460 1.6874 8.8990
v  3.1322 1.6622 8.9880
v  3.1828 2.1215 9.1661
v  3.7614 1.9691 7.7915
v  3.3304 1.7530 8.0458
v  3.2791 1.6296 8.0558
v  3.4578 1.5359 7.6230
v  3.6477 1.5133 7.6775
v  4.3186 2.3633 8.2083
v  4.0928 2.3961 8.7301
v  3.5797 2.0137 8.2602
v  5.5064 2.4652 10.0168
v  2.9849 1.8830 8.8960
v  6.2916 1.5977 10.5216
v  2.9273 1.7267 8.8894
v  3.3624 1.7067 9.3534
v  5.1569 1.7858 9.7820
v  4.0022 1.7621 9.6910
v  5.5754 1.5620 11.6686
v  3.2965 1.5939 8.0655
v  3.4835 1.5674 8.1338
v  5.7601 1.7523 10.2031
v  5.1458 2.0222 11.4557
v  3.7757 2.4439 9.4152
v  5.0304 2.4440 10.8912
v  5.9186 1.5149 11.3686
v  6.1030 1.4807 10.9448
v  5.1968 1.7658 10.3659
v  5.3429 1.7462 11.0191
v  5.6342 2.0097 10.7025
v  5.9079 1.6076 10.8300
v  5.8350 1.7203 11.3208
v  5.3972 1.6473 11.5577
v  6.2053 1.7895 10.4956
v  3.0721 1.6638 8.6384
v  3.2569 1.6377 8.7224
v  3.3223 2.0852 8.8726
v  3.2219 1.7901 8.3432
v  3.1727 1.6709 8.3506
v  5.5386 1.7940 11.6403
v  6.0585 1.7194 10.9385
v  5.6720 1.8699 11.2353
v  6.0591 1.9123 10.4152
v  6.2591 1.8693 10.1140
v  5.2424 1.8660 11.8764
v  -4.3830 1.6334 -4.3969
v  4.3712 1.6090 -4.3903
v  -4.0516 1.8509 -4.8073
v  -4.2223 1.7126 -4.7041
v  4.2298 1.7126 -4.7041
v  4.0592 1.8509 -4.8073
v  4.2255 1.7076 -4.7039
v  4.3545 1.6294 -4.5446
v  -4.2180 1.7076 -4.7039
v  -4.3385 1.6187 -4.5421
v  -2.0973 2.9208 -3.1793
v  -3.6062 2.9353 -2.9131
v  -4.9378 2.8367 -1.6976
v  -5.8387 2.7081 0.0526
v  -6.4893 2.6338 1.7909
v  -6.8306 2.5883 3.7956
v  -6.7543 2.5568 5.8873
v  -6.2924 2.5298 7.8772
v  -5.5334 2.5017 9.7417
v  -4.5442 2.4759 11.4455
v  -3.4989 2.4705 12.7532
v  -2.7810 2.4915 13.3734
v  -0.4973 1.2598 -0.7431
v  -1.4297 1.2734 -0.5422
v  -2.2808 1.3128 -0.0530
v  -3.0173 1.3410 0.7377
v  -3.5325 1.3658 1.7283
v  -3.8689 1.4108 2.8562
v  -4.0294 1.4721 4.1462
v  -4.0024 1.5638 5.4970
v  -3.8078 1.6801 6.7530
v  -3.4446 1.8101 7.9475
v  -2.9699 1.9726 9.1047
v  -2.4471 2.1493 10.2408
v  -2.0786 2.2793 11.0707
v  -1.1382 2.2800 -1.5947
v  -2.2068 2.2671 -1.2350
v  -3.2327 2.2595 -0.5778
v  -4.1204 2.2051 0.4291
v  -4.6905 2.1335 1.7330
v  -4.9772 2.1165 3.2255
v  -5.0300 2.1753 4.8303
v  -4.8375 2.2560 6.4047
v  -4.4367 2.3408 7.8549
v  -3.8448 2.4286 9.2421
v  -3.1482 2.4855 10.5449
v  -2.4407 2.5055 11.6277
v  -1.9172 2.5203 12.2936
v  -0.6018 2.4913 -2.0319
v  -1.7716 2.4849 -1.7737
v  -2.8911 2.4817 -1.2675
v  -3.9325 2.4473 -0.4116
v  -4.7316 2.3633 0.8303
v  -5.1916 2.2899 2.3314
v  -5.3655 2.2977 3.9833
v  -5.2859 2.3565 5.6760
v  -4.9574 2.4214 7.2753
v  -4.4082 2.4941 8.7698
v  -3.6955 2.5509 10.1908
v  -2.9189 2.5661 11.4303
v  -2.1999 2.5752 12.3555
v  -1.0183 1.5893 -0.8931
v  -1.9454 1.5907 -0.5680
v  -2.8283 1.6082 0.0721
v  -3.5288 1.6130 1.0054
v  -3.9803 1.6125 2.1283
v  -4.2425 1.6466 3.4113
v  -4.3019 1.7214 4.8266
v  -4.1640 1.8275 6.2104
v  -3.8532 1.9405 7.4789
v  -3.3768 2.0679 8.7171
v  -2.8230 2.2046 9.8973
v  -2.2682 2.3160 10.9693
v  -1.9629 2.3711 11.5220
v  -0.5427 1.9710 -1.3147
v  -1.5783 1.9655 -1.0843
v  -2.5574 1.9577 -0.6048
v  -3.4540 1.9532 0.2041
v  -4.1118 1.9132 1.3020
v  -4.4934 1.8873 2.6076
v  -4.6581 1.9305 4.0672
v  -4.5992 2.0197 5.5775
v  -4.3346 2.1195 6.9935
v  -3.8847 2.2241 8.3195
v  -3.2954 2.3253 9.6013
v  -2.6440 2.3959 10.7884
v  -2.0970 2.4395 11.6521
v  -0.6529 2.7391 -2.6645
v  -1.9523 2.7586 -2.4255
v  -3.2822 2.7981 -2.0310
v  -4.5215 2.7580 -1.1843
v  -5.3939 2.6398 0.3124
v  -5.9166 2.5542 2.0432
v  -6.1463 2.5479 3.8881
v  -6.0480 2.5704 5.7855
v  -5.6539 2.5825 7.5904
v  -4.9981 2.5955 9.2810
v  -4.1491 2.6001 10.8627
v  -3.2351 2.5895 12.1606
v  -2.4658 2.5884 13.0027
v  -4.5919 2.8961 -2.6051
v  -5.4929 2.7442 -0.8262
v  -6.2717 2.6460 0.8416
v  -6.7952 2.5810 2.7470
v  -6.9255 2.5372 4.8485
v  -6.6357 2.5060 6.9216
v  -6.0121 2.4771 8.8568
v  -5.1206 2.4470 10.6739
v  -4.0559 2.4280 12.2305
v  -3.1003 2.4395 13.2280
v  -2.6014 2.4716 13.5071
v  -0.9654 1.1526 -0.5817
v  -1.8206 1.1850 -0.2519
v  -2.6244 1.2276 0.3905
v  -3.2209 1.2540 1.2922
v  -3.6249 1.3027 2.3239
v  -3.8764 1.3631 3.5063
v  -3.9392 1.4338 4.8293
v  -3.8373 1.5440 6.1205
v  -3.5701 1.6669 7.3043
v  -3.1519 1.8164 8.4771
v  -2.6691 2.0017 9.5814
v  -2.1830 2.1723 10.6502
v  -1.9663 2.2877 11.2664
v  -1.8061 2.5534 12.7795
v  -1.8246 2.4312 11.9971
v  -2.0772 2.5427 13.3987
v  -5.1532 2.6289 -1.8434
v  -6.0471 2.5065 -0.0730
v  -6.7137 2.4233 1.7222
v  -7.0261 2.3750 3.7838
v  -6.9116 2.3521 5.9087
v  -6.4420 2.3247 7.9285
v  -5.6787 2.2965 9.8220
v  -4.6749 2.2713 11.5524
v  -3.6011 2.2673 12.8861
v  -2.8204 2.2618 13.5575
v  -0.4891 1.0820 -0.6585
v  -1.3953 1.1138 -0.4310
v  -2.2263 1.1582 0.0485
v  -2.9341 1.1972 0.8327
v  -3.4264 1.2331 1.8005
v  -3.7483 1.2902 2.9061
v  -3.9028 1.3498 4.1712
v  -3.8774 1.4387 5.4916
v  -3.6869 1.5605 6.7244
v  -3.3402 1.6950 7.9013
v  -2.8862 1.8523 9.0230
v  -2.3513 1.9921 10.1254
v  -1.9588 2.0965 10.9784
v  -1.6562 2.3227 12.5111
v  -1.7610 2.2081 11.6692
v  -3.6572 1.8575 12.9325
v  -4.7465 1.8578 11.5775
v  -5.7569 1.8579 9.8376
v  -6.5271 1.8617 7.9417
v  -6.9975 1.8665 5.9111
v  -7.1157 1.8691 3.7742
v  -6.8266 1.8744 1.7094
v  -6.1885 1.8791 -0.1335
v  -5.2922 1.8856 -1.9406
v  -2.8548 1.8627 13.6479
v  -1.5800 1.8548 12.5524
v  -1.6822 1.8435 11.6925
v  -1.8890 1.8350 10.9792
v  -2.3000 1.8229 10.1159
v  -2.8563 1.7631 9.0189
v  -3.3243 1.6297 7.9059
v  -3.6667 1.4854 6.7319
v  -3.8601 1.3715 5.4971
v  -3.8888 1.2943 4.1779
v  -3.7351 1.2316 2.9133
v  -3.4168 1.1737 1.8062
v  -2.9249 1.1335 0.8395
v  -2.2212 1.0915 0.0549
v  -1.3948 1.0577 -0.4253
v  -0.4882 1.0382 -0.6379
v  -1.3648 2.9574 -3.5716
v  -2.8446 2.9764 -3.3929
v  -4.1094 2.9756 -3.2059
v  -4.5060 2.7427 -3.2292
v  -4.4462 1.8167 -3.9881
v  -2.3054 3.1297 -4.4848
v  -3.5663 3.1275 -4.4627
v  -4.0131 3.1193 -4.4131
v  -1.3962 3.0777 -4.2193
v  -2.9776 3.0779 -4.1618
v  -3.8865 3.0763 -4.0946
v  -4.2970 2.8131 -4.0377
v  -4.6426 1.8934 -3.2704
v  -2.1271 3.0228 -3.8423
v  -3.5089 3.0261 -3.7092
v  -4.2017 3.0082 -3.6390
v  -1.4299 3.1312 -4.6738
v  -3.1340 3.1382 -4.6581
v  -2.3421 2.9372 -4.8496
v  -3.5964 2.8692 -4.8547
v  -4.1630 2.8499 -4.6313
v  -3.9058 2.8659 -4.8267
v  -4.3374 1.7116 -4.5510
v  -3.9963 1.9629 -4.8189
v  -3.6290 2.0554 -4.8458
v  -3.8561 1.6397 -4.6113
v  -3.4547 1.9027 -4.8188
v  -3.3131 1.6649 -4.2897
v  -2.3026 2.6666 -4.0395
v  -3.2790 2.3241 -4.0013
v  -3.2999 1.7381 -3.9687
v  -4.1990 1.8134 12.3186
v  -3.1911 1.8126 13.3815
v  -5.2781 1.8115 10.7316
v  -6.1789 1.8124 8.8953
v  -6.8038 1.8144 6.9456
v  -7.1088 1.8169 4.8413
v  -7.0248 1.8171 2.7150
v  -6.5445 1.8194 0.7505
v  -5.7769 1.8156 -1.0160
v  -4.8795 1.8169 -2.7545
v  -2.5964 1.8211 13.7881
v  -1.8679 1.8134 13.7301
v  -1.5852 1.8078 12.9343
v  -1.6120 1.8052 12.1191
v  -1.7816 1.8011 11.3040
v  -2.0523 1.8034 10.6213
v  -2.5894 1.7763 9.5551
v  -3.1011 1.6826 8.4811
v  -3.5171 1.5317 7.3201
v  -3.7828 1.4064 6.1334
v  -3.9024 1.3066 4.8442
v  -3.8352 1.2456 3.5287
v  -3.5976 1.1771 2.3356
v  -3.1982 1.1338 1.3065
v  -2.6033 1.0901 0.4110
v  -1.8117 1.0512 -0.2330
v  -0.9613 1.0260 -0.5551
v  -4.4063 1.6630 -4.2551
v  -4.5287 1.7921 -3.6330
v  -3.6213 1.7690 12.8789
v  -4.7009 1.7692 11.5238
v  -5.7022 1.7694 9.7895
v  -6.4628 1.7696 7.9027
v  -6.9348 1.7705 5.8864
v  -7.0471 1.7708 3.7572
v  -6.7529 1.7702 1.7083
v  -6.1291 1.7701 -0.1086
v  -5.2346 1.7702 -1.9040
v  -2.8419 1.7696 13.5962
v  -1.6406 1.7647 12.5361
v  -1.7380 1.7599 11.6938
v  -1.9419 1.7594 10.9966
v  -2.3589 1.7484 10.1376
v  -2.9071 1.6876 9.0447
v  -3.3735 1.5639 7.9291
v  -3.7212 1.4259 6.7479
v  -3.9227 1.3139 5.5093
v  -3.9582 1.2287 4.1804
v  -3.8071 1.1640 2.8904
v  -3.4907 1.1118 1.7630
v  -2.9865 1.0662 0.7775
v  -2.2673 1.0240 -0.0246
v  -1.4310 0.9937 -0.5114
v  -0.5024 0.9707 -0.7173
v  -4.2843 1.6841 -3.9579
v  -4.5655 1.7679 -3.2046
v  -1.4327 2.5438 -3.7541
v  -2.3089 1.8865 -3.5205
v  -3.2840 2.0077 -3.7256
v  -1.4334 2.0906 -3.5385
v  -3.6324 2.0584 12.9129
v  -4.7146 2.0604 11.5678
v  -5.7217 2.0730 9.8319
v  -6.4877 2.0889 7.9367
v  -6.9572 2.1051 5.9108
v  -7.0754 2.1170 3.7799
v  -6.7762 2.1435 1.7152
v  -6.1237 2.1880 -0.1066
v  -5.2284 2.2522 -1.8956
v  -2.8363 2.0548 13.6090
v  -1.6109 2.0832 12.5356
v  -1.7150 2.0220 11.6830
v  -1.9186 1.9623 10.9784
v  -2.3217 1.9058 10.1194
v  -2.8690 1.8087 9.0203
v  -3.3301 1.6634 7.9035
v  -3.6735 1.5242 6.7278
v  -3.8659 1.4060 5.4941
v  -3.8962 1.3221 4.1745
v  -3.7431 1.2612 2.9100
v  -3.4211 1.2041 1.8040
v  -2.9279 1.1664 0.8377
v  -2.2226 1.1258 0.0535
v  -1.3946 1.0862 -0.4272
v  -4.5849 2.3139 -3.2531
v  -4.3826 2.3084 -4.0125
v  -4.3030 2.2738 -4.4475
v  -4.1374 2.3131 -4.7239
v  -3.5957 2.4638 -4.8532
v  -2.2997 2.3398 -3.5942
v  -1.4147 1.8319 -3.2671
v  -1.3932 2.0460 -2.7036
v  -1.4031 1.9751 -1.8443
v  -1.2145 1.3366 -1.2735
v  -1.5418 0.9964 -0.7926
v  -2.4191 1.0217 -0.2641
v  -3.1791 1.0630 0.5964
v  -3.7017 1.1104 1.6551
v  -4.0040 1.1618 2.8383
v  -4.1218 1.2250 4.1662
v  -4.0563 1.3100 5.5226
v  -3.8439 1.4176 6.7733
v  -3.4948 1.5519 7.9694
v  -3.0269 1.6760 9.1047
v  -2.4628 1.7381 10.1838
v  -2.0249 1.7523 11.0214
v  -1.8195 1.7559 11.7055
v  -1.7245 1.7608 12.5195
v  -2.8074 1.7660 13.5137
v  -3.5330 1.7659 12.7924
v  -4.5801 1.7660 11.4350
v  -5.5471 1.7669 9.7053
v  -6.2794 1.7675 7.8463
v  -6.7334 1.7672 5.8703
v  -6.8398 1.7668 3.7792
v  -6.5680 1.7664 1.7711
v  -5.9703 1.7682 -0.0127
v  -5.0597 1.7685 -1.7609
v  -4.2918 1.7671 -2.9319
v  -3.8842 1.6184 -4.2423
v  -3.9176 1.7435 -3.6321
v  -1.8533 1.7048 -1.3436
v  -2.1577 1.3327 -0.9046
v  -3.0670 1.3239 -0.1777
v  -2.8007 1.6166 -0.7533
v  -3.7646 1.3752 0.8772
v  -3.6568 1.6064 0.2086
v  -4.2213 1.4014 2.0651
v  -4.2991 1.5997 1.5142
v  -4.4625 1.4446 3.3721
v  -4.5748 1.6135 2.4653
v  -4.5185 1.5108 4.8281
v  -4.8131 1.6654 4.0330
v  -4.3748 1.5690 6.2610
v  -4.7783 1.7117 5.5820
v  -4.0975 1.6211 7.5642
v  -4.5458 1.7271 7.0693
v  -3.7331 1.6839 8.6692
v  -4.1712 1.7290 8.3913
v  -3.2373 1.7290 9.7477
v  -3.8719 1.7418 9.1640
v  -2.6631 1.7461 10.7967
v  -3.2680 1.7467 10.4194
v  -2.3537 1.7510 11.4273
v  -2.7342 1.7500 11.3525
v  -2.1748 1.7560 12.1046
v  -2.5483 1.7527 11.7881
v  -2.1210 1.7602 12.7523
v  -2.3733 1.7574 12.4437
v  -2.2505 1.7630 13.2400
v  -2.6271 1.7644 13.3122
v  -2.9906 1.7646 13.0146
v  -2.7522 1.7635 13.0739
v  -3.8350 1.7663 12.0145
v  -3.2813 1.7638 12.4912
v  -4.8155 1.7771 10.4375
v  -4.1871 1.7727 11.1804
v  -5.6296 1.7979 8.6436
v  -5.0781 1.8013 9.4663
v  -6.1720 1.8099 6.7641
v  -5.7275 1.8328 7.6260
v  -6.4368 1.8074 4.8142
v  -6.1013 1.8415 5.7488
v  -6.3606 1.8016 2.8325
v  -6.1994 1.8321 3.8386
v  -5.9080 1.8143 1.0043
v  -5.9233 1.8361 1.9618
v  -5.1535 1.8487 -0.6756
v  -5.2896 1.8791 0.2475
v  -4.2318 1.8745 -2.2556
v  -4.4107 1.9384 -1.4006
v  -3.6842 1.8736 -2.9076
v  -3.6424 1.9932 -2.5057
v  -3.5770 1.8398 -0.3742
v  -4.3749 1.7662 0.9384
v  -5.1493 1.8013 4.8023
v  -4.9872 1.8120 6.4210
v  -4.5960 1.7916 8.0213
v  -3.1596 1.7533 11.2172
v  -3.5602 1.7958 -3.2355
v  -2.6418 1.9645 -1.3501
v  -5.0058 1.7634 3.0672
v  -3.8834 1.7609 9.8486
v  -3.5031 2.0229 -1.0418
v  -4.3558 1.9259 0.2332
v  -5.4357 1.8487 3.9396
v  -5.3781 1.8585 5.6522
v  -5.0812 1.8450 7.3269
v  -3.7133 1.7638 10.7623
v  -5.0629 1.8478 1.9819
v  -4.4893 1.7996 9.0982
v  -2.9659 1.7569 11.9968
v  -2.5741 1.7601 12.7736
v  -2.0589 2.1339 -2.2285
v  -2.1568 1.9192 -3.0259
v  -2.9642 1.8441 -3.2332
v  -2.7177 2.0798 -2.5693
v  -2.7731 2.1373 -1.9842
v  -3.2667 1.9611 -2.8265
v  -1.4370 3.0003 -4.8294
v  -3.1171 3.0188 -4.8203
v  -3.7960 3.1377 -4.6599
v  -3.9496 3.1243 -4.6100
v  -5.0719 2.7835 -1.7899
v  -5.9665 2.6522 -0.0236
v  -6.6315 2.5700 1.7417
v  -6.9607 2.5139 3.7849
v  -6.8633 2.4791 5.9029
v  -6.3949 2.4500 7.9163
v  -5.6295 2.4200 9.8038
v  -4.6268 2.3930 11.5267
v  -3.5615 2.3885 12.8477
v  -2.8119 2.4068 13.4815
v  -0.4903 1.1198 -0.6651
v  -1.3985 1.1513 -0.4393
v  -2.2331 1.1914 0.0385
v  -2.9436 1.2271 0.8243
v  -3.4359 1.2627 1.7958
v  -3.7612 1.3197 2.8993
v  -3.9177 1.3817 4.1640
v  -3.8958 1.4713 5.4879
v  -3.7110 1.5898 6.7203
v  -3.3621 1.7236 7.8967
v  -2.9065 1.8903 9.0264
v  -2.3873 2.0638 10.1378
v  -2.0151 2.1944 10.9785
v  -1.7410 2.4628 12.4565
v  -1.8349 2.3214 11.6338
v  -4.4229 2.9213 -3.2075
v  -4.1831 3.0240 -4.0654
v  -2.3342 3.0806 -4.7694
v  -3.5566 3.0965 -4.7511
v  -3.9812 3.0704 -4.7006
v  -4.0961 3.0788 -4.5354
v  -4.1813 1.7779 12.2938
v  -3.1805 1.7780 13.3563
v  -5.2599 1.7783 10.7091
v  -6.1562 1.7781 8.8764
v  -6.7808 1.7794 6.9293
v  -7.0884 1.7804 4.8308
v  -6.9967 1.7807 2.7034
v  -6.5156 1.7802 0.7520
v  -5.7549 1.7796 -1.0046
v  -4.8556 1.7791 -2.7433
v  -2.5954 1.7801 13.7610
v  -1.8801 1.7783 13.7043
v  -1.6121 1.7751 12.9238
v  -1.6436 1.7715 12.1118
v  -1.8061 1.7680 11.3093
v  -2.0803 1.7700 10.6296
v  -2.6128 1.7382 9.5641
v  -3.1184 1.6444 8.4909
v  -3.5370 1.5009 7.3287
v  -3.8050 1.3752 6.1386
v  -3.9288 1.2759 4.8498
v  -3.8599 1.2063 3.5261
v  -3.6216 1.1440 2.3218
v  -3.2200 1.0986 1.2904
v  -2.6174 1.0538 0.3887
v  -1.8235 1.0155 -0.2569
v  -0.9695 0.9918 -0.5784
v  -4.3817 1.6307 -4.2454
v  -4.5053 1.7546 -3.6173
v  -3.0209 1.8063 -3.5095
v  -1.4365 1.7777 -3.4814
v  -3.9726 1.7694 -3.1094
v  -2.3002 1.7794 -3.4197
v  -1.6244 1.0923 -0.9744
v  -2.5186 1.1181 -0.4206
v  -3.3168 1.1452 0.4630
v  -3.8552 1.2018 1.5659
v  -4.1719 1.2466 2.7803
v  -4.2960 1.3068 4.1378
v  -4.2330 1.3845 5.5376
v  -4.0168 1.4729 6.8345
v  -3.6757 1.5814 8.0354
v  -3.2195 1.6842 9.1567
v  -2.6532 1.7363 10.2393
v  -2.2094 1.7496 11.0706
v  -1.9987 1.7546 11.7274
v  -1.8981 1.7596 12.4915
v  -2.7710 1.7653 13.3719
v  -3.4396 1.7654 12.6889
v  -4.4507 1.7675 11.3490
v  -5.3985 1.7746 9.6286
v  -6.1114 1.7813 7.7850
v  -6.5488 1.7820 5.8413
v  -6.6529 1.7793 3.7976
v  -6.3880 1.7795 1.8299
v  -5.7938 1.7894 0.0700
v  -4.8905 1.8006 -1.6527
v  -4.1203 1.8052 -2.7937
v  -3.7468 1.7665 -3.3575
v  -3.2714 2.5599 -4.1018
v  -3.2804 2.2982 -3.6967
v  -3.0103 2.5496 -3.7624
v  -3.0083 2.0855 -3.5380
v  -1.0955 0.9782 -1.0105
v  -2.0087 1.0115 -0.6287
v  -2.8665 1.0458 0.0802
v  -3.5170 1.0904 1.0822
v  -3.9267 1.1399 2.2082
v  -4.1294 1.1945 3.4776
v  -4.1539 1.2678 4.8532
v  -3.9989 1.3631 6.1722
v  -3.7275 1.4806 7.3775
v  -3.3041 1.6191 8.5704
v  -2.7961 1.7144 9.6554
v  -2.2271 1.7466 10.6781
v  -1.9418 1.7531 11.3439
v  -1.7851 1.7581 12.1069
v  -1.7521 1.7623 12.8678
v  -1.9771 1.7648 13.5332
v  -2.5867 1.7658 13.6188
v  -3.0783 1.7658 13.2144
v  -4.0177 1.7658 12.1583
v  -5.0548 1.7665 10.5703
v  -5.8993 1.7683 8.7656
v  -6.4971 1.7682 6.8693
v  -6.7827 1.7676 4.8335
v  -6.7009 1.7670 2.7571
v  -6.2605 1.7677 0.8728
v  -5.5178 1.7709 -0.8409
v  -4.5486 1.7692 -2.4662
v  -3.0316 1.7870 -3.4949
v  -1.4352 1.8137 -3.5126
v  -2.3140 1.7942 -3.5020
v  -0.6648 2.8143 -2.9936
v  -2.0418 2.8482 -2.7727
v  -3.4762 2.8762 -2.4345
v  -4.7391 2.8241 -1.4562
v  -5.6284 2.7014 0.1692
v  -6.2176 2.6296 1.9081
v  -6.5108 2.6125 3.8366
v  -6.4281 2.6108 5.8402
v  -5.9968 2.5984 7.7478
v  -5.2821 2.5850 9.5347
v  -4.3546 2.5695 11.1838
v  -3.3705 2.5572 12.4854
v  -2.6050 2.5575 13.2142
v  -0.6328 2.6425 -2.3778
v  -1.8719 2.6509 -2.1243
v  -3.0963 2.6819 -1.6631
v  -4.2373 2.6532 -0.8229
v  -5.0818 2.5430 0.5449
v  -5.5800 2.4566 2.1807
v  -5.7771 2.4572 3.9351
v  -5.6859 2.4985 5.7336
v  -5.3238 2.5365 7.4409
v  -4.7196 2.5798 9.0386
v  -3.9368 2.6093 10.5453
v  -3.0878 2.6065 11.8182
v  -2.3169 2.6051 12.7258
v  -2.2642 2.5120 13.5092
v  -1.8974 2.5684 13.1614
v  -2.1359 1.8158 13.8645
v  -1.6664 1.8106 13.4123
v  -2.1516 1.7619 13.0545
v  -2.3951 1.7638 13.3250
v  -3.9762 2.0261 -1.2163
v  -4.8390 1.9401 0.2792
v  -5.8253 1.8686 3.8843
v  -5.7467 1.8742 5.6954
v  -5.4096 1.8596 7.4837
v  -3.9541 1.7715 10.9883
v  -2.5088 1.7583 12.5885
v  -5.5112 1.8817 1.9977
v  -4.7941 1.8135 9.3008
v  -3.1349 1.7609 12.2597
v  -2.6618 1.7619 12.9160
v  -2.1443 1.7789 13.8362
v  -1.6864 1.7771 13.3937
v  -1.8141 1.7639 13.2722
v  -2.2012 1.7654 13.6534
v  -4.0583 2.8526 -4.7440
v  -4.2131 1.7895 -4.7067
v  -3.5014 1.6995 -4.6909
v  -3.9398 2.4122 -4.8220
v  -3.9048 3.0713 -4.7443
v  -3.7512 1.7921 -4.7727
v  -4.2211 1.6137 -4.5401
v  -4.2294 2.8524 -4.4950
v  -4.3771 1.7235 -4.4055
v  -3.3127 1.7106 -4.4807
v  -4.2512 2.2650 -4.5895
v  -4.0595 3.0745 -4.6119
v  -4.2366 1.6009 -4.3888
v  -4.3547 1.6100 -4.4671
v  -3.8825 1.5973 -4.4649
v  -3.2940 1.9397 -4.1311
v  -1.4372 2.9040 -4.8543
v  -3.0499 2.8928 -4.8541
v  -3.3093 2.0593 -4.8297
v  -3.3354 1.6443 -4.5928
v  -3.3306 1.6283 -4.2489
v  -3.3008 2.4514 -4.8386
v  -3.2746 1.8611 -3.5842
v  -3.4127 1.7670 -3.4774
v  -3.3113 1.7701 -3.6692
v  -3.2849 2.7738 -4.8435
v  -3.3682 1.7886 -4.7670
v  -3.3946 1.5912 -4.4604
v  -2.2998 2.8238 -4.7271
v  -3.2949 1.9361 -4.6907
v  -3.5255 1.5923 -4.3936
v  -3.5074 1.6813 -3.9386
v  -3.2509 2.7726 -4.7498
v  -3.3030 1.7832 -4.5989
v  -3.5276 1.6043 -4.5319
v  -1.4315 2.8596 -4.8378
v  -3.0086 2.8620 -4.8400
v  -3.3565 2.0500 -4.8452
v  -3.3916 1.6350 -4.6022
v  -3.3813 1.6163 -4.2461
v  -3.3454 2.4576 -4.8542
v  -3.3405 1.7585 -3.6520
v  -3.3156 2.8189 -4.8547
v  -3.3162 1.7978 -4.7509
v  -3.3415 1.5996 -4.4475
v  -2.3139 2.8784 -4.8500
v  -3.3357 1.9051 -4.8133
v  -3.3663 1.5931 -4.3896
v  -3.3383 1.6861 -3.9491
v  -3.2869 2.8458 -4.8547
v  -3.3535 1.7003 -4.6850
v  -3.3700 1.6045 -4.5237
v  -3.2997 1.7719 -3.5546
v  -0.6689 2.8986 -3.3626
v  -0.6736 3.1256 -4.4940
v  -0.6712 3.0128 -3.9340
v  -0.6815 2.9440 -4.8476
v  -0.6841 2.6658 -4.0362
v  -0.6845 1.8975 -3.5215
v  -0.4884 1.0604 -0.6469
v  -0.6845 2.3390 -3.5937
v  -0.6856 1.9000 -3.0347
v  -0.7034 2.0505 -2.3176
v  -0.6737 1.6014 -1.6037
v  -0.5868 1.0770 -1.2166
v  -0.6781 3.0682 -4.7790
v  -0.6837 1.7814 -3.4127
v  -0.5497 0.9708 -1.0260
v  -0.6842 1.7939 -3.5018
v  -0.6832 2.8225 -4.7214
v  -0.6826 2.8843 -4.8521
v  0.0038 2.2870 -1.7260
v  0.0038 1.1310 -0.6934
v  0.0038 2.9469 -3.6572
v  0.0038 3.0661 -4.2433
v  0.0038 3.1291 -4.6711
v  0.0038 2.5453 -3.7563
v  0.0038 1.2900 -1.4039
v  0.0038 3.0015 -4.8274
v  0.0038 0.9936 -0.6867
v  0.0038 1.7772 -3.4804
v  0.0038 2.9114 -4.8531
v  0.0038 2.8626 -4.8405
v  2.1048 2.9209 -3.1793
v  2.0493 2.8482 -2.7727
v  3.6137 2.9351 -2.9131
v  3.4837 2.8764 -2.4345
v  4.9454 2.8367 -1.6976
v  4.7467 2.8241 -1.4562
v  5.8463 2.7081 0.0526
v  5.6359 2.7014 0.1692
v  6.4968 2.6338 1.7909
v  6.2251 2.6296 1.9081
v  6.8381 2.5883 3.7956
v  6.5183 2.6125 3.8366
v  6.7618 2.5568 5.8873
v  6.4356 2.6108 5.8402
v  6.2995 2.5291 7.8771
v  6.0043 2.5982 7.7478
v  5.2104 2.4893 10.4238
v  5.5002 2.5797 9.0975
v  4.3349 2.4706 11.7780
v  4.7405 2.5577 10.5985
v  3.5388 2.4688 12.7100
v  3.3810 2.5468 12.4780
v  2.7885 2.4915 13.3734
v  2.6125 2.5575 13.2142
v  1.1456 2.2807 -1.5942
v  0.5502 1.9714 -1.3143
v  0.6093 2.4916 -2.0318
v  2.2136 2.2695 -1.2334
v  1.5850 1.9683 -1.0818
v  1.7791 2.4854 -1.7735
v  3.2397 2.2607 -0.5772
v  2.5636 1.9604 -0.6028
v  2.8983 2.4826 -1.2671
v  4.1273 2.2065 0.4297
v  3.4597 1.9564 0.2057
v  3.9397 2.4482 -0.4112
v  4.6980 2.1335 1.7330
v  4.1182 1.9149 1.3025
v  4.7435 2.3524 0.8276
v  4.9847 2.1165 3.2255
v  4.5010 1.8873 2.6076
v  5.1991 2.2899 2.3314
v  5.0375 2.1753 4.8303
v  4.6656 1.9305 4.0672
v  5.3731 2.2977 3.9833
v  4.8449 2.2564 6.4046
v  4.6067 2.0197 5.5775
v  5.2934 2.3565 5.6760
v  4.4812 2.3370 7.7676
v  4.3414 2.1209 6.9932
v  4.9644 2.4229 7.2751
v  3.8613 2.4339 9.2483
v  4.0293 2.1957 7.9923
v  4.5796 2.4753 8.4030
v  3.1114 2.4901 10.6273
v  3.5392 2.2929 9.1308
v  3.9905 2.5410 9.6745
v  2.4482 2.5056 11.6277
v  2.6515 2.3960 10.7884
v  2.9264 2.5657 11.4303
v  1.9247 2.5203 12.2936
v  2.1045 2.4396 11.6521
v  2.2074 2.5750 12.3555
v  1.0257 1.5898 -0.8924
v  0.5047 1.2602 -0.7427
v  0.0038 1.5889 -0.9998
v  1.9521 1.5923 -0.5664
v  1.4369 1.2741 -0.5414
v  2.8340 1.6106 0.0738
v  2.3022 1.2938 -0.0700
v  3.5343 1.6157 1.0065
v  3.0355 1.3281 0.7305
v  3.9878 1.6125 2.1283
v  3.5400 1.3658 1.7283
v  4.2500 1.6466 3.4113
v  3.8764 1.4108 2.8562
v  4.3094 1.7214 4.8266
v  4.0370 1.4721 4.1462
v  4.1714 1.8277 6.2104
v  4.0100 1.5638 5.4970
v  3.8911 1.9331 7.4009
v  3.8152 1.6803 6.7530
v  3.3905 2.0668 8.7238
v  3.5650 1.7738 7.6466
v  2.7956 2.2138 9.9706
v  3.1646 1.9046 8.6884
v  2.2757 2.3160 10.9693
v  2.4546 2.1493 10.2408
v  1.9704 2.3711 11.5220
v  2.0861 2.2793 11.0707
v  0.6403 2.6426 -2.3777
v  0.6604 2.7391 -2.6645
v  1.8793 2.6519 -2.1239
v  1.9598 2.7591 -2.4254
v  3.1039 2.6812 -1.6633
v  3.2897 2.7985 -2.0310
v  4.2463 2.6460 -0.8247
v  4.5295 2.7543 -1.1850
v  5.0893 2.5430 0.5449
v  5.4014 2.6398 0.3124
v  5.5875 2.4566 2.1807
v  5.9241 2.5542 2.0432
v  5.7846 2.4572 3.9351
v  6.1538 2.5479 3.8881
v  5.6934 2.4985 5.7336
v  6.0555 2.5704 5.7855
v  5.3313 2.5365 7.4409
v  5.6614 2.5824 7.5904
v  4.9071 2.5634 8.6474
v  5.1998 2.5891 8.8673
v  4.2618 2.6019 10.0026
v  4.5015 2.6008 10.2967
v  3.0954 2.6024 11.8182
v  3.2424 2.5870 12.1604
v  2.3244 2.6034 12.7258
v  2.4733 2.5881 13.0027
v  4.5988 2.8941 -2.6050
v  5.0794 2.7835 -1.7899
v  5.5005 2.7442 -0.8262
v  5.9740 2.6522 -0.0236
v  6.2792 2.6460 0.8416
v  6.6390 2.5700 1.7417
v  6.8027 2.5810 2.7470
v  6.9682 2.5139 3.7849
v  6.9330 2.5372 4.8485
v  6.8708 2.4791 5.9029
v  6.6430 2.5058 6.9215
v  6.4011 2.4491 7.9158
v  6.0771 2.4789 8.7418
v  5.3043 2.4112 10.4956
v  5.1513 2.4462 10.6928
v  4.4380 2.3813 11.8548
v  4.0637 2.4224 12.2511
v  3.6132 2.3821 12.7980
v  3.1180 2.4387 13.2157
v  2.8194 2.4068 13.4815
v  2.6090 2.4716 13.5071
v  1.8429 1.1662 -0.2766
v  1.4153 1.1425 -0.4632
v  0.9755 1.1461 -0.5929
v  2.6494 1.2096 0.3754
v  2.2640 1.1742 0.0106
v  3.2366 1.2467 1.2884
v  2.9713 1.2147 0.8114
v  3.6324 1.3027 2.3239
v  3.4434 1.2627 1.7958
v  3.8840 1.3631 3.5063
v  3.7687 1.3197 2.8993
v  3.9467 1.4338 4.8293
v  3.9252 1.3817 4.1640
v  3.8449 1.5440 6.1205
v  3.9033 1.4713 5.4879
v  3.6047 1.6577 7.2300
v  3.7185 1.5898 6.7203
v  3.1645 1.8117 8.4876
v  3.4767 1.6868 7.5995
v  2.6466 2.0138 9.6490
v  3.0952 1.8204 8.6250
v  2.1905 2.1723 10.6502
v  2.3949 2.0638 10.1378
v  1.9738 2.2877 11.2664
v  2.0227 2.1944 10.9785
v  2.2717 2.5120 13.5092
v  2.0847 2.5427 13.3987
v  1.8136 2.5534 12.7795
v  1.7485 2.4628 12.4565
v  1.8321 2.4312 11.9971
v  1.8425 2.3214 11.6338
v  1.9049 2.5684 13.1614
v  3.6546 2.2606 12.8293
v  3.7026 2.0519 12.8488
v  5.2540 2.0907 11.0209
v  5.2249 1.7386 11.9655
v  5.9696 2.1068 9.5251
v  6.1508 1.5552 10.9818
v  6.4609 2.0941 8.0161
v  6.5067 1.8676 8.0110
v  6.9648 2.1051 5.9108
v  7.0050 1.8665 5.9111
v  7.0829 2.1170 3.7799
v  7.1232 1.8691 3.7742
v  6.7837 2.1435 1.7152
v  6.8341 1.8744 1.7094
v  6.1312 2.1880 -0.1066
v  6.1960 1.8791 -0.1335
v  5.2359 2.2522 -1.8956
v  5.2997 1.8856 -1.9406
v  2.8438 2.0548 13.6090
v  2.8623 1.8627 13.6479
v  1.6184 2.0832 12.5356
v  1.5876 1.8548 12.5524
v  1.7225 2.0220 11.6830
v  1.6897 1.8435 11.6925
v  1.9261 1.9623 10.9784
v  1.8965 1.8350 10.9792
v  2.3292 1.9058 10.1194
v  2.3075 1.8229 10.1159
v  2.7509 1.8416 9.2826
v  3.0567 1.7262 8.6270
v  3.1803 1.7231 8.3475
v  3.4372 1.5875 7.6107
v  3.6810 1.5242 6.7278
v  3.6742 1.4854 6.7319
v  3.8735 1.4060 5.4941
v  3.8677 1.3715 5.4971
v  3.9037 1.3221 4.1745
v  3.8963 1.2943 4.1779
v  3.7506 1.2612 2.9100
v  3.7426 1.2316 2.9133
v  3.4286 1.2041 1.8040
v  3.4244 1.1737 1.8062
v  2.9584 1.1616 0.8227
v  2.9522 1.1344 0.8263
v  2.2583 1.1203 0.0191
v  2.2556 1.0941 0.0217
v  1.4122 1.0834 -0.4537
v  1.4121 1.0595 -0.4511
v  0.6765 2.8983 -3.3627
v  0.6787 3.0128 -3.9340
v  1.3723 2.9601 -3.5711
v  2.1347 3.0232 -3.8422
v  2.8521 2.9751 -3.3931
v  3.5165 3.0269 -3.7091
v  4.1170 2.9756 -3.2059
v  4.4289 2.9196 -3.2071
v  4.5191 2.7449 -3.2311
v  4.5925 2.3139 -3.2531
v  4.6501 1.8934 -3.2704
v  1.4037 3.0773 -4.2193
v  2.3129 3.1297 -4.4848
v  2.9851 3.0818 -4.1613
v  3.5738 3.1274 -4.4627
v  3.8940 3.0764 -4.0946
v  4.0205 3.1191 -4.4131
v  4.1890 3.0222 -4.0653
v  4.2087 3.0066 -3.6391
v  4.3006 2.8117 -4.0370
v  4.3901 2.3084 -4.0125
v  0.6811 3.1256 -4.4940
v  0.6856 3.0683 -4.7790
v  1.4374 3.1312 -4.6738
v  2.3418 3.0806 -4.7694
v  3.1416 3.1382 -4.6581
v  3.5641 3.0965 -4.7511
v  3.8035 3.1373 -4.6598
v  3.9877 3.0691 -4.6994
v  4.0642 2.8520 -4.7421
v  4.3450 1.7117 -4.5510
v  4.2587 2.2650 -4.5895
v  4.1450 2.3131 -4.7239
v  4.2207 1.7895 -4.7067
v  3.6033 2.4638 -4.8532
v  3.6365 2.0554 -4.8458
v  4.1677 2.8490 -4.6294
v  4.0658 3.0732 -4.6110
v  3.8636 1.6397 -4.6113
v  3.7587 1.7921 -4.7727
v  3.5089 1.6995 -4.6909
v  0.6907 2.8225 -4.7214
v  0.6916 2.6658 -4.0362
v  2.3073 2.8238 -4.7271
v  2.3101 2.6666 -4.0395
v  3.3105 1.7832 -4.5989
v  3.3024 1.9361 -4.6907
v  3.2865 2.3241 -4.0013
v  3.3015 1.9397 -4.1311
v  3.3202 1.7106 -4.4807
v  3.7283 1.8600 12.8743
v  4.2000 1.8189 12.4180
v  3.2144 1.8133 13.3676
v  6.0433 1.4977 11.1813
v  6.2554 1.8248 8.8004
v  6.8053 1.8161 6.9623
v  7.1163 1.8169 4.8413
v  7.0324 1.8171 2.7150
v  6.5520 1.8194 0.7505
v  5.7844 1.8156 -1.0160
v  4.8870 1.8169 -2.7545
v  2.6040 1.8211 13.7881
v  2.1434 1.8158 13.8645
v  1.8754 1.8134 13.7301
v  1.6740 1.8106 13.4123
v  1.5927 1.8078 12.9343
v  1.6196 1.8052 12.1191
v  1.7891 1.8011 11.3040
v  2.0599 1.8034 10.6213
v  2.5650 1.7821 9.6203
v  3.1168 1.6893 8.4938
v  3.5512 1.5214 7.2464
v  3.7903 1.4064 6.1334
v  3.9099 1.3066 4.8442
v  3.8427 1.2456 3.5287
v  3.6051 1.1771 2.3356
v  3.2058 1.1338 1.3065
v  2.6363 1.1046 0.3875
v  1.8348 1.0652 -0.2611
v  0.9733 1.0351 -0.5759
v  4.4537 1.8167 -3.9881
v  4.4139 1.6631 -4.2551
v  4.5362 1.7921 -3.6330
v  0.6920 2.3390 -3.5937
v  1.4402 2.5438 -3.7541
v  2.3072 2.3398 -3.5942
v  3.0178 2.5496 -3.7624
v  4.4945 2.2582 11.8791
v  5.3616 2.2919 10.5269
v  6.4423 2.3247 7.9396
v  6.9191 2.3521 5.9087
v  7.0336 2.3750 3.7838
v  6.7212 2.4233 1.7222
v  6.0546 2.5065 -0.0730
v  5.1608 2.6289 -1.8434
v  2.8279 2.2618 13.5575
v  1.6637 2.3227 12.5111
v  1.7685 2.2081 11.6692
v  1.9663 2.0965 10.9784
v  2.3588 1.9921 10.1254
v  3.0762 1.7899 8.6267
v  3.4531 1.6579 7.6046
v  3.6945 1.5605 6.7244
v  3.8849 1.4387 5.4916
v  3.9104 1.3498 4.1712
v  3.7558 1.2902 2.9061
v  3.4339 1.2331 1.8005
v  2.9649 1.1882 0.8176
v  2.2616 1.1464 0.0150
v  1.4128 1.1085 -0.4570
v  4.2331 2.8511 -4.4940
v  4.3105 2.2738 -4.4475
v  3.6039 2.8692 -4.8547
v  1.4409 2.0906 -3.5385
v  2.3164 1.8865 -3.5205
v  3.0158 2.0855 -3.5380
v  0.6913 1.7814 -3.4126
v  0.0038 1.8165 -3.2655
v  0.6931 1.9000 -3.0347
v  1.4222 1.8319 -3.2670
v  0.0038 2.0224 -2.7131
v  0.7109 2.0506 -2.3175
v  1.4007 2.0461 -2.7036
v  0.0038 1.8440 -1.9470
v  0.6811 1.6022 -1.6029
v  1.4107 1.9743 -1.8447
v  0.5943 1.0773 -1.2163
v  1.2219 1.3372 -1.2728
v  0.5573 0.9708 -1.0260
v  0.5100 0.9707 -0.7173
v  1.4385 0.9881 -0.5111
v  1.5496 0.9884 -0.7929
v  2.2747 1.0200 -0.0243
v  2.4268 1.0181 -0.2641
v  2.9938 1.0619 0.7779
v  3.1868 1.0596 0.5965
v  3.4982 1.1118 1.7630
v  3.7092 1.1104 1.6551
v  3.8146 1.1640 2.8904
v  4.0115 1.1618 2.8383
v  3.9657 1.2287 4.1804
v  4.1293 1.2250 4.1662
v  3.9303 1.3139 5.5093
v  4.0638 1.3100 5.5226
v  3.7287 1.4259 6.7479
v  3.8514 1.4176 6.7733
v  3.4887 1.5259 7.6326
v  3.6116 1.5142 7.6665
v  3.1028 1.6519 8.6528
v  3.2214 1.6393 8.7077
v  2.3664 1.7484 10.1376
v  2.4703 1.7381 10.1838
v  1.9494 1.7594 10.9966
v  2.0324 1.7523 11.0214
v  1.7455 1.7599 11.6938
v  1.8270 1.7559 11.7055
v  1.6481 1.7647 12.5361
v  1.7321 1.7608 12.5195
v  2.8495 1.7696 13.5962
v  2.8149 1.7660 13.5137
v  3.6892 1.7691 12.8263
v  3.5493 1.7659 12.7847
v  4.5517 1.7642 11.8526
v  4.3310 1.7658 11.8321
v  5.4096 1.7610 10.5239
v  5.2336 1.7658 10.3922
v  6.4449 1.7706 7.9695
v  6.2831 1.7667 7.8560
v  6.9423 1.7705 5.8864
v  6.7410 1.7672 5.8703
v  7.0546 1.7708 3.7572
v  6.8473 1.7668 3.7792
v  6.7605 1.7702 1.7083
v  6.5755 1.7664 1.7711
v  6.1366 1.7701 -0.1086
v  5.9779 1.7682 -0.0127
v  5.2421 1.7702 -1.9040
v  5.0672 1.7685 -1.7609
v  4.5730 1.7679 -3.2046
v  4.2993 1.7671 -2.9319
v  4.2918 1.6841 -3.9580
v  3.8917 1.6184 -4.2423
v  3.5149 1.6813 -3.9386
v  3.9251 1.7435 -3.6321
v  4.2287 1.6138 -4.5401
v  4.3758 1.6272 -4.4717
v  1.8606 1.7056 -1.3430
v  1.6315 1.0932 -0.9734
v  2.1645 1.3338 -0.9035
v  2.5450 1.0908 -0.4430
v  3.0731 1.3256 -0.1765
v  2.8081 1.6169 -0.7531
v  3.3363 1.1305 0.4556
v  3.7805 1.3656 0.8731
v  3.6630 1.6083 0.2095
v  3.8627 1.2018 1.5659
v  4.2288 1.4014 2.0651
v  4.3066 1.5997 1.5142
v  4.1794 1.2466 2.7803
v  4.4700 1.4446 3.3721
v  4.5823 1.6135 2.4653
v  4.3036 1.3068 4.1378
v  4.5260 1.5108 4.8281
v  4.8206 1.6654 4.0330
v  4.2406 1.3845 5.5376
v  4.3823 1.5687 6.2611
v  4.7858 1.7117 5.5820
v  4.0244 1.4726 6.8345
v  4.0736 1.6121 7.5665
v  4.5537 1.7256 7.0694
v  3.7331 1.5440 7.8113
v  3.7482 1.6676 8.5883
v  4.2099 1.7219 8.2786
v  3.4067 1.6502 8.7739
v  3.2263 1.7286 9.7891
v  3.9737 1.7336 9.0132
v  2.6792 1.7366 10.2436
v  2.6890 1.7464 10.8010
v  3.4195 1.7425 10.1965
v  2.2169 1.7496 11.0706
v  2.3612 1.7510 11.4273
v  2.7417 1.7500 11.3525
v  2.0062 1.7546 11.7274
v  2.1823 1.7560 12.1046
v  2.5558 1.7528 11.7881
v  1.9056 1.7596 12.4915
v  2.1285 1.7602 12.7523
v  2.3808 1.7574 12.4437
v  2.1591 1.7619 13.0545
v  2.2580 1.7630 13.2400
v  2.4026 1.7638 13.3250
v  2.6346 1.7644 13.3122
v  2.7785 1.7653 13.3719
v  2.9981 1.7646 13.0146
v  2.7598 1.7635 13.0739
v  3.4471 1.7654 12.6889
v  3.7790 1.7616 12.1163
v  3.2888 1.7639 12.4912
v  4.1940 1.7611 11.7564
v  4.8093 1.7709 10.5050
v  3.9522 1.7390 11.5850
v  5.0920 1.7703 10.3078
v  5.6886 1.7992 8.5306
v  4.7817 1.7861 10.1446
v  6.1188 1.7806 7.7850
v  6.1795 1.8098 6.7641
v  5.7350 1.8327 7.6260
v  6.5563 1.7820 5.8413
v  6.4444 1.8074 4.8142
v  6.1088 1.8415 5.7488
v  6.6605 1.7793 3.7976
v  6.3681 1.8016 2.8325
v  6.2070 1.8321 3.8386
v  6.3956 1.7795 1.8299
v  5.9155 1.8143 1.0043
v  5.9308 1.8361 1.9618
v  5.8013 1.7894 0.0700
v  5.1611 1.8487 -0.6756
v  5.2972 1.8791 0.2475
v  4.8981 1.8006 -1.6527
v  4.2393 1.8745 -2.2556
v  4.4182 1.9384 -1.4006
v  4.1278 1.8052 -2.7937
v  3.6917 1.8736 -2.9076
v  3.6461 1.9647 -2.5015
v  3.9837 2.0259 -1.2163
v  4.8463 1.9307 0.2788
v  5.8328 1.8686 3.8843
v  5.7542 1.8742 5.6954
v  5.4171 1.8596 7.4837
v  3.7391 1.7208 11.3700
v  5.0133 1.7634 3.0672
v  5.0704 1.8478 1.9819
v  4.3726 1.7888 0.9430
v  3.8749 1.7551 9.9618
v  4.7041 1.8143 8.6272
v  4.6663 1.7934 7.9062
v  2.5163 1.7583 12.5885
v  2.9734 1.7569 11.9968
v  3.1222 1.7486 11.2977
v  3.2727 1.9406 -2.8218
v  2.7252 2.0797 -2.5693
v  2.7806 2.1372 -1.9843
v  3.7543 1.7665 -3.3575
v  2.6491 1.9653 -1.3498
v  3.5843 1.8403 -0.3739
v  3.5118 2.0154 -1.0433
v  4.3633 1.9256 0.2331
v  5.1569 1.8013 4.8023
v  5.4433 1.8487 3.9396
v  4.9948 1.8118 6.4210
v  5.3856 1.8585 5.6522
v  5.0888 1.8447 7.3269
v  3.5231 1.7274 11.1100
v  5.5187 1.8817 1.9977
v  4.9979 1.8269 8.8387
v  3.1424 1.7608 12.2597
v  2.6693 1.7619 12.9160
v  2.5816 1.7601 12.7736
v  2.0665 2.1317 -2.2287
v  2.3077 1.7794 -3.4197
v  2.1643 1.9154 -3.0248
v  2.9717 1.8442 -3.2331
v  3.5677 1.7955 -3.2354
v  0.4965 1.0821 -0.6579
v  0.4978 1.1199 -0.6647
v  1.4445 3.0003 -4.8294
v  2.3496 2.9372 -4.8496
v  3.1246 3.0188 -4.8203
v  3.9569 3.1234 -4.6098
v  3.9119 3.0704 -4.7432
v  4.1020 3.0772 -4.5350
v  4.1883 1.7790 12.3897
v  3.2045 1.7781 13.3419
v  5.9958 1.4666 11.1550
v  6.2306 1.7866 8.7936
v  6.7818 1.7804 6.9476
v  7.0959 1.7804 4.8308
v  7.0042 1.7807 2.7034
v  6.5231 1.7802 0.7520
v  5.7624 1.7796 -1.0046
v  4.8632 1.7791 -2.7433
v  2.6029 1.7801 13.7610
v  2.1518 1.7789 13.8362
v  1.8876 1.7783 13.7043
v  1.6939 1.7771 13.3937
v  1.6196 1.7751 12.9238
v  1.6511 1.7715 12.1118
v  1.8136 1.7680 11.3093
v  2.0878 1.7700 10.6296
v  2.5889 1.7441 9.6293
v  3.1329 1.6501 8.5037
v  3.5714 1.4912 7.2550
v  3.8125 1.3752 6.1386
v  3.9363 1.2759 4.8498
v  3.8674 1.2063 3.5261
v  3.6291 1.1440 2.3218
v  3.2275 1.0986 1.2904
v  2.6346 1.0760 0.3789
v  1.8364 1.0353 -0.2675
v  0.9784 1.0040 -0.5855
v  4.3893 1.6308 -4.2455
v  4.5128 1.7546 -3.6173
v  1.4428 1.8137 -3.5126
v  2.3216 1.7942 -3.5020
v  3.0284 1.8063 -3.5095
v  2.0188 1.0012 -0.6326
v  1.1030 0.9783 -1.0104
v  2.8768 1.0376 0.0781
v  3.5274 1.0824 1.0810
v  3.9342 1.1399 2.2082
v  4.1369 1.1945 3.4776
v  4.1614 1.2678 4.8532
v  4.0064 1.3631 6.1722
v  3.7624 1.4712 7.3015
v  3.3173 1.6234 8.5849
v  2.7725 1.7205 9.7218
v  2.2346 1.7466 10.6781
v  1.9493 1.7531 11.3439
v  1.7926 1.7581 12.1069
v  1.7597 1.7623 12.8678
v  1.9846 1.7648 13.5332
v  1.8216 1.7639 13.2722
v  2.5942 1.7658 13.6188
v  2.2087 1.7654 13.6534
v  3.0858 1.7658 13.2144
v  3.9582 1.7658 12.2605
v  5.0513 1.7650 10.6394
v  5.9595 1.7669 8.6519
v  6.5046 1.7679 6.8693
v  6.7903 1.7676 4.8335
v  6.7084 1.7670 2.7571
v  6.2681 1.7677 0.8728
v  5.5254 1.7709 -0.8409
v  4.5561 1.7692 -2.4662
v  3.9802 1.7694 -3.1094
v  3.2559 2.7702 -4.7508
v  3.2789 2.5599 -4.1018
v  3.2840 2.2964 -3.6997
v  3.2855 1.8620 -3.5811
v  3.2889 2.0076 -3.7257
v  3.4202 1.7671 -3.4774
v  1.4441 1.7777 -3.4814
v  3.0391 1.7870 -3.4949
v  0.6723 2.8143 -2.9936
v  3.9131 2.8657 -4.8257
v  3.9473 2.4122 -4.8220
v  4.0039 1.9629 -4.8189
v  3.4622 1.9027 -4.8188
v  3.5351 1.6043 -4.5319
v  3.8900 1.5973 -4.4649
v  4.3847 1.7236 -4.4056
v  4.2442 1.6010 -4.3888
v  3.5330 1.5923 -4.3936
v  3.3074 1.7381 -3.9687
v  3.3206 1.6649 -4.2897
v  1.4447 2.9040 -4.8543
v  2.3215 2.8784 -4.8500
v  3.0575 2.8928 -4.8541
v  3.3231 2.8189 -4.8547
v  3.3529 2.4576 -4.8542
v  3.3640 2.0500 -4.8452
v  3.3432 1.9051 -4.8133
v  3.3757 1.7886 -4.7670
v  3.3381 1.6283 -4.2489
v  3.3738 1.5931 -4.3896
v  3.3491 1.5996 -4.4475
v  3.3076 1.7626 -3.6685
v  3.3459 1.6861 -3.9491
v  3.2944 2.8458 -4.8547
v  3.3610 1.7003 -4.6850
v  3.3991 1.6350 -4.6022
v  3.3775 1.6045 -4.5237
v  3.3430 1.6443 -4.5927
v  1.4390 2.8596 -4.8378
v  3.0161 2.8620 -4.8401
v  3.2905 2.7736 -4.8451
v  3.3083 2.4514 -4.8386
v  3.3168 2.0593 -4.8297
v  3.3237 1.7978 -4.7509
v  3.3888 1.6163 -4.2461
v  3.4021 1.5912 -4.4604
v  3.3457 1.7467 -3.6500
v  3.3081 1.7743 -3.5540
v  0.4967 1.0597 -0.6545
v  0.4970 1.0392 -0.6502
v  0.0038 1.0239 -0.6764
v  0.6920 1.8975 -3.5215
v  0.0038 2.0949 -3.5389
v  0.6890 2.9440 -4.8476
v  0.6918 1.7939 -3.5018
v  0.0038 1.8164 -3.5133
v  0.0038 0.9674 -1.1298
v  0.6901 2.8843 -4.8521
v  4.9864 1.7469 12.0661
v  4.9680 1.7154 12.0148
v  5.1287 1.6781 11.8974
v  6.0353 1.5159 10.9020
v  6.2277 1.7244 9.7634
v  6.2807 1.7480 9.7543
v  6.2857 1.8436 10.0653
v  5.8941 1.6476 11.3519
v  4.4699 2.0003 12.1514
v  4.4118 1.8621 12.2479
v  4.4670 1.7676 12.1212
v  5.4631 1.7445 10.8313
v  6.0973 1.7745 9.2233
v  6.1586 1.8674 9.1252
v  6.0938 2.0335 9.2739
v  5.5253 2.0062 10.9096
v  5.7711 2.5104 9.2860
v  5.1840 2.5678 9.7518
v  4.7209 2.4814 11.2153
v  4.1139 2.5460 11.5603
v  4.3339 2.5030 8.9533
v  3.1441 2.3510 9.9140
v  3.5104 2.5620 10.5342
v  4.6377 2.5789 9.2348
v  4.9082 2.5949 9.4877
v  3.7329 2.6087 10.9072
v  3.9262 2.5954 11.2395
v  5.8716 2.4323 9.3454
v  4.8249 2.3969 11.2913
v  4.6007 2.0787 11.9089
v  5.6229 1.6399 11.6958
v  5.7189 2.0963 10.1791
v  6.3247 1.7348 10.0243
v  4.8858 2.2735 11.3233
v  5.9192 2.3124 9.3838
v  4.9322 1.7612 11.3003
v  4.7638 1.7600 11.1746
v  5.9098 1.7652 9.4513
v  5.7623 1.7661 9.2634
v  3.1689 1.7428 10.6509
v  5.6153 1.7776 9.1759
v  5.2882 1.8118 9.0141
v  4.4180 1.7918 9.3430
v  4.7036 1.8022 9.5317
v  5.5115 1.5810 11.6283
v  6.2176 1.6868 9.9643
v  6.2583 1.7251 10.5229
v  5.2186 1.8401 11.9236
v  3.4886 2.4691 9.9514
v  5.6474 2.4697 9.7297
v  4.6278 2.4373 11.5016
v  5.4394 1.6537 11.8373
v  6.3221 1.6476 10.2727
v  4.3378 1.7455 11.2747
v  5.2859 1.7898 9.4997
v  3.5320 1.7293 10.5890
v  5.3979 1.6182 11.8058
v  6.2745 1.6203 10.2470
v  4.5546 1.7650 11.4115
v  5.5403 1.7669 9.6266
v  4.9196 1.7543 11.5926
v  5.8658 1.7557 9.9341
v  5.9349 2.0303 9.9958
v  4.9703 2.0256 11.6630
v  4.3454 1.7741 8.8750
v  4.7918 1.9396 12.0784
v  4.7443 1.8253 12.1545
v  4.7910 1.7371 12.0375
v  5.8045 1.5978 11.0396
v  6.1681 1.7482 9.5755
v  6.2294 1.8274 9.4827
v  6.1841 1.9617 9.6041
v  5.7960 1.8608 11.0541
v  5.2184 1.6767 11.7231
v  6.1220 1.6833 10.1369
v  6.1217 1.9358 10.1660
v  5.2140 1.9311 11.7396
v  4.5373 1.8116 12.2114
v  4.5270 1.7725 12.1781
v  4.8160 1.7438 11.8960
v  5.9198 1.7207 10.3064
v  6.1558 1.7871 9.2480
v  6.1765 1.8187 9.2465
v  6.0898 2.0056 9.7175
v  5.2882 1.9634 11.5207
v  5.5200 1.7010 11.1248
v  6.0719 1.7502 9.6707
v  5.7868 1.9390 10.7901
v  4.8320 1.9865 11.9372
v  2.8525 2.0186 9.3820
v  2.7933 1.9369 9.2940
v  2.9393 1.7923 8.8891
v  2.7353 1.7876 9.2802
v  2.7721 1.8938 9.2872
v  2.7893 1.7114 9.3059
v  2.9098 1.7005 9.3695
v  3.0964 1.7011 9.3934
v  2.9096 1.9131 9.0649
v  2.8472 1.7413 9.0524
v  2.8671 1.7022 9.0619
v  3.0543 1.6775 9.1540
v  3.0959 2.1437 9.3498
v  3.8262 2.2337 8.4846
v  3.3992 1.8241 8.0997
v  3.3177 1.7407 8.0460
v  3.4426 1.6236 7.6075
v  3.2791 1.6507 8.0535
v  3.2953 1.7134 8.0497
v  3.3271 1.5829 8.0774
v  3.4476 1.5698 8.1210
v  3.6117 1.5805 8.1520
v  3.6553 1.9949 8.0649
v  3.3964 1.7316 7.8591
v  3.3456 1.6038 7.8715
v  3.3637 1.5697 7.8811
v  3.5519 1.5453 7.9436
v  4.1872 2.3817 8.5129
v  5.4417 2.5011 9.9687
v  4.4906 2.5554 10.9834
v  3.3805 2.3178 9.4436
v  3.7980 2.5518 10.0181
v  3.0397 1.9504 8.9658
v  4.0500 2.6068 10.3643
v  4.2714 2.6006 10.6739
v  5.5413 2.4253 10.0383
v  2.9744 1.8670 8.8926
v  5.0106 2.0937 11.3926
v  6.2932 1.6356 10.5280
v  2.9281 1.7508 8.8883
v  3.2852 1.6833 8.0515
v  5.5990 2.3075 10.0745
v  2.9546 1.8315 8.8909
v  2.9774 1.6757 8.9140
v  3.0967 1.6638 8.9724
v  5.6155 1.7624 10.0963
v  5.4451 1.7659 9.9407
v  3.2369 1.6746 9.0939
v  3.7199 1.7378 9.5292
v  5.3015 1.7746 9.8551
v  4.9844 1.7969 9.6924
v  6.1843 1.5882 10.4457
v  5.5930 1.7321 11.6680
v  4.9716 2.5620 10.1880
v  4.9699 2.4825 10.8393
v  4.1693 2.5238 9.3197
v  4.4578 2.5922 9.6262
v  4.7138 2.5989 9.9013
v  5.0650 2.4013 10.9130
v  5.9242 1.5554 11.3700
v  5.4904 2.0918 10.6164
v  5.1232 2.2801 10.9430
v  5.1817 1.7599 10.9252
v  4.9623 1.7600 10.8721
v  4.7226 1.7624 10.9415
v  4.4375 1.7473 10.7753
v  4.1862 1.7310 10.6064
v  4.2182 1.7786 9.8257
v  3.9205 1.7354 10.4149
v  4.5073 1.7881 9.9937
v  5.8058 1.5121 11.3019
v  6.1176 1.6461 10.9695
v  5.7441 1.7022 10.7360
v  5.5612 1.9381 11.1780
v  5.2498 1.7184 11.4699
v  5.9638 1.9650 10.3569
v  3.0650 1.7594 8.6267
v  3.6881 2.2642 8.8113
v  3.2861 1.8607 8.4005
v  3.2106 1.7775 8.3432
v  3.1737 1.6929 8.3488
v  3.1900 1.7505 8.3464
v  3.2194 1.6209 8.3739
v  3.3383 1.6075 8.4239
v  3.5303 1.6079 8.3786
v  4.0168 2.4087 8.9036
v  3.5185 2.0299 8.4161
v  5.3892 2.4594 10.2460
v  3.0451 1.8590 8.7609
v  6.2313 1.5523 10.7588
v  2.9914 1.7150 8.7589
v  3.5436 1.6966 9.0921
v  5.0537 1.7820 10.0079
v  4.1119 1.7653 9.4374
v  5.7312 1.5120 11.5122
v  3.2428 1.6133 8.2130
v  3.4288 1.5854 8.2859
v  5.6640 1.7500 10.4153
v  5.2748 2.0163 11.2770
v  3.6871 2.4525 9.5800
v  4.9084 2.4432 11.0795
v  5.7767 1.5538 11.5404
v  6.1885 1.5151 10.7190
v  5.3025 1.7660 10.1384
v  5.2148 1.7494 11.1989
v  5.7364 2.0162 10.4859
v  5.9947 1.6280 10.6081
v  5.6940 1.7532 11.4855
v  5.5439 1.6229 11.3936
v  6.1401 1.7510 10.7214
v  3.0090 1.6756 8.7687
v  3.1946 1.6500 8.8552
v  3.2526 2.1034 9.0194
v  3.2773 1.7705 8.1950
v  3.2259 1.6502 8.2032
v  5.9577 1.7056 11.1404
v  6.2472 1.8305 10.2852
v  5.3832 1.8344 11.7743
v  5.5332 1.8896 11.4038
v  5.9807 1.8910 10.6347
v  5.4665 1.8570 11.6062
v  5.9803 1.7995 10.8963
v  5.7563 1.7993 11.2797
v  6.1356 1.8562 10.4571
v  6.2189 1.9177 10.0046
v  5.1286 1.9072 11.9040
v  -3.5854 3.0077 -4.8273
v  3.5929 3.0077 -4.8273
v  -4.3677 1.6266 -4.4715
v  4.3628 1.6107 -4.4673
v  -4.3035 1.6534 -4.6204
v  -4.1262 1.7818 -4.7736
v  4.3059 1.6472 -4.6196
v  4.1370 1.7855 -4.7737
v  -3.9245 1.8957 -4.8184
v  -4.1153 1.7050 -4.7020
v  4.1228 1.7050 -4.7020
v  3.9320 1.8957 -4.8184
v  4.3111 1.6535 -4.6204
v  4.1338 1.7818 -4.7736
v  -4.2983 1.6471 -4.6195
v  -4.1295 1.7855 -4.7737
v  -5.4677 1.5138 2.1593
v  -5.9809 1.5137 2.0144
v  -6.4898 1.5349 1.9608
v  -5.0680 1.5336 2.3520
v  -5.2052 1.4488 2.3626
v  -5.5163 1.4356 2.2639
v  -5.9944 1.4354 2.1307
v  -6.3712 1.4522 2.0383
v  -5.2910 1.4579 2.6664
v  -5.6069 1.4381 2.5883
v  -6.0850 1.4346 2.4558
v  -6.4564 1.4525 2.3440
v  -6.5968 1.5393 2.3562
v  -5.1879 1.5467 2.7418
v  -5.6196 1.5216 2.7017
v  -6.1349 1.5168 2.5666
v  -5.2309 1.4258 2.5259
v  -5.0422 1.5169 2.5806
v  -5.5669 1.4258 2.4317
v  -6.0385 1.4258 2.3002
v  -6.4430 1.4258 2.1879
v  -6.6364 1.5168 2.1365
v  -5.2721 1.4767 2.2841
v  -5.7337 1.4549 2.1419
v  -6.2476 1.4756 2.0118
v  -5.0921 1.4656 2.4450
v  -5.3547 1.4261 2.3960
v  -5.7720 1.4258 2.2792
v  -6.2358 1.4262 2.1503
v  -6.5275 1.4724 2.0455
v  -5.3887 1.4876 2.6986
v  -5.8569 1.4618 2.5836
v  -6.3640 1.4812 2.4307
v  -5.1764 1.8214 2.1631
v  -5.6915 1.7637 1.9936
v  -6.2642 1.7464 1.8678
v  -6.6679 1.7462 1.9607
v  -6.4548 1.7555 2.5570
v  -5.9011 1.8002 2.7456
v  -5.3758 1.8412 2.8545
v  -4.9709 1.7855 2.7762
v  -5.1570 1.4755 2.6624
v  -5.4022 1.4279 2.5659
v  -5.8196 1.4258 2.4501
v  -6.2832 1.4266 2.3203
v  -6.5880 1.4751 2.2652
v  -6.7488 1.7466 2.2706
v  -4.8412 1.7607 2.4470
v  -5.1248 1.4833 2.3530
v  -5.2253 1.5220 2.2589
v  -5.4923 1.4601 2.2128
v  -5.3203 1.4456 2.3193
v  -5.7158 1.5109 2.0777
v  -5.9882 1.4596 2.0742
v  -5.7495 1.4321 2.1985
v  -6.2735 1.5217 1.9657
v  -6.2253 1.4439 2.0666
v  -6.4429 1.4878 1.9888
v  -5.2046 1.4294 2.4313
v  -5.2296 1.4981 2.7146
v  -5.1091 1.5367 2.6944
v  -5.5417 1.4258 2.3436
v  -5.4104 1.4497 2.6415
v  -6.0139 1.4258 2.2119
v  -5.8402 1.4350 2.5237
v  -6.4165 1.4317 2.0937
v  -6.3153 1.4457 2.3900
v  -6.5772 1.5314 2.0174
v  -5.6139 1.4676 2.6476
v  -5.3622 1.5337 2.7384
v  -6.1106 1.4615 2.5132
v  -5.8732 1.5193 2.6416
v  -6.5446 1.4903 2.3530
v  -6.4087 1.5286 2.4560
v  -4.9325 1.8165 2.2587
v  -5.4414 1.7865 2.0740
v  -5.9574 1.7518 1.9254
v  -6.5302 1.7494 1.8616
v  -6.6786 1.7496 2.4194
v  -6.1621 1.7808 2.6658
v  -5.6481 1.8225 2.8062
v  -5.1333 1.8317 2.8669
v  -5.2561 1.4351 2.6140
v  -5.0268 1.5282 2.4467
v  -5.5893 1.4258 2.5142
v  -6.0615 1.4258 2.3825
v  -6.4676 1.4324 2.2768
v  -6.6425 1.5340 2.2682
v  -5.1186 1.4508 2.5583
v  -5.3793 1.4258 2.4842
v  -5.7966 1.4258 2.3676
v  -6.2601 1.4258 2.2385
v  -6.5649 1.4532 2.1551
v  -6.7410 1.7412 2.1074
v  -4.8725 1.7482 2.6274
v  -5.1971 1.6390 2.2210
v  -5.4502 1.6206 2.1077
v  -5.0243 1.6706 2.3387
v  -5.7007 1.6137 2.0240
v  -5.9698 1.6174 1.9650
v  -6.2774 1.6271 1.9245
v  -6.5125 1.6399 1.9314
v  -6.6125 1.6371 1.9998
v  -6.6796 1.6246 2.1243
v  -6.4333 1.6349 2.4923
v  -6.1478 1.6310 2.6088
v  -6.6289 1.6437 2.3695
v  -5.8872 1.6309 2.6925
v  -5.6313 1.6399 2.7481
v  -5.3592 1.6580 2.7771
v  -5.1631 1.6754 2.7694
v  -5.0651 1.6667 2.7101
v  -4.9879 1.6476 2.5935
v  -6.6808 1.6395 2.2653
v  -4.9717 1.6626 2.4541
v  -5.0774 1.8793 2.0558
v  -5.6600 1.8655 1.8911
v  -6.2954 1.7992 1.7542
v  -6.7568 1.7858 1.8884
v  -6.5424 1.7941 2.6439
v  -5.9351 1.8628 2.8760
v  -5.3487 1.8828 3.0043
v  -4.8751 1.7809 2.8626
v  -6.8617 1.7858 2.2878
v  -4.7184 1.7387 2.4256
v  -4.8045 1.8075 2.1740
v  -5.3788 1.8874 1.9717
v  -5.9551 1.8348 1.8172
v  -6.5953 1.7858 1.7555
v  -6.7875 1.7858 2.4754
v  -6.2232 1.8298 2.7800
v  -5.6544 1.8837 2.9497
v  -5.0666 1.8369 3.0029
v  -6.8453 1.7849 2.0792
v  -4.7633 1.7398 2.6593
v  -3.8850 1.5529 10.1778
v  -4.3253 1.5522 10.4820
v  -4.6917 1.5755 10.8445
v  -3.4782 1.5745 9.9932
v  -3.5576 1.4886 10.1101
v  -3.8318 1.4738 10.2880
v  -4.2392 1.4732 10.5722
v  -4.5517 1.4903 10.8035
v  -3.3723 1.4908 10.3758
v  -3.6364 1.4735 10.5682
v  -4.0438 1.4725 10.8523
v  -4.3664 1.4905 11.0692
v  -4.4468 1.5816 11.1876
v  -3.2386 1.5818 10.3476
v  -3.5493 1.5566 10.6592
v  -3.9862 1.5553 10.9682
v  -3.4466 1.4658 10.2360
v  -3.2752 1.5530 10.1195
v  -3.7336 1.4658 10.4356
v  -4.1352 1.4658 10.7156
v  -4.4799 1.4658 10.9567
v  -4.6464 1.5586 11.0759
v  -3.6618 1.5162 10.1097
v  -4.0663 1.4918 10.3756
v  -4.4945 1.5147 10.6897
v  -3.4196 1.5024 10.0730
v  -3.6265 1.4658 10.2486
v  -3.9819 1.4658 10.4965
v  -4.3768 1.4658 10.7720
v  -4.6472 1.5113 10.9308
v  -3.4072 1.5215 10.4748
v  -3.7962 1.4935 10.7628
v  -4.2385 1.5174 11.0569
v  -3.7152 1.7594 9.9223
v  -4.1739 1.7590 10.2213
v  -4.6281 1.7619 10.5994
v  -4.8170 1.7593 10.9882
v  -4.1935 1.7608 11.2222
v  -3.6771 1.7564 10.9336
v  -3.2493 1.7587 10.5921
v  -3.0636 1.7521 10.1943
v  -3.2865 1.5077 10.2669
v  -3.5248 1.4664 10.3944
v  -3.8802 1.4658 10.6424
v  -4.2751 1.4660 10.9178
v  -4.5132 1.5146 11.1212
v  -4.6188 1.7599 11.2620
v  -3.2530 1.7487 9.8729
v  -3.5138 1.5234 10.0402
v  -3.6519 1.5637 10.0564
v  -3.8574 1.4981 10.2344
v  -3.6646 1.4841 10.1714
v  -4.1071 1.5490 10.3171
v  -4.2810 1.4967 10.5289
v  -4.0306 1.4705 10.4267
v  -4.5478 1.5630 10.6793
v  -4.4359 1.4832 10.7094
v  -4.6380 1.5262 10.8265
v  -3.5034 1.4690 10.1545
v  -3.2908 1.5300 10.3614
v  -3.2249 1.5713 10.2490
v  -3.7858 1.4658 10.3597
v  -3.4692 1.4843 10.4515
v  -4.1879 1.4658 10.6402
v  -3.8352 1.4700 10.7068
v  -4.5367 1.4701 10.8752
v  -4.2405 1.4817 10.9895
v  -4.7034 1.5722 10.9520
v  -3.5917 1.5011 10.6154
v  -3.3556 1.5696 10.4832
v  -4.0142 1.4990 10.9114
v  -3.7567 1.5519 10.8195
v  -4.4156 1.5295 11.1451
v  -4.2464 1.5676 11.1102
v  -3.4686 1.7537 9.8065
v  -3.9547 1.7592 10.0723
v  -4.3922 1.7599 10.3915
v  -4.8051 1.7616 10.8080
v  -4.4501 1.7626 11.3039
v  -3.9129 1.7577 11.0788
v  -3.4629 1.7569 10.7773
v  -3.0860 1.7571 10.3955
v  -3.3930 1.4710 10.3128
v  -3.3740 1.5661 10.0198
v  -3.6841 1.4658 10.5055
v  -4.0862 1.4658 10.7861
v  -4.4263 1.4712 11.0335
v  -4.5466 1.5759 11.1664
v  -3.3464 1.4861 10.1677
v  -3.5737 1.4658 10.3242
v  -3.9293 1.4658 10.5720
v  -4.3238 1.4658 10.8473
v  -4.5850 1.4923 11.0315
v  -4.7464 1.7561 11.1461
v  -3.1291 1.7476 10.0180
v  -3.6654 1.6762 10.0061
v  -3.9115 1.6635 10.1356
v  -3.4617 1.6906 9.9310
v  -4.1361 1.6566 10.2754
v  -4.3560 1.6580 10.4424
v  -4.5848 1.6668 10.6536
v  -4.7333 1.6777 10.8418
v  -4.7434 1.6756 10.9689
v  -4.6852 1.6652 11.1028
v  -4.2340 1.6734 11.1530
v  -3.9586 1.6660 11.0106
v  -4.4569 1.6813 11.2278
v  -3.7261 1.6643 10.8632
v  -3.5170 1.6703 10.7024
v  -3.3142 1.6813 10.5142
v  -3.1837 1.6900 10.3534
v  -3.1685 1.6838 10.2234
v  -3.2229 1.6734 10.0811
v  -4.5758 1.6781 11.1989
v  -3.3266 1.6853 9.9708
v  -3.7273 1.7696 9.8043
v  -4.2345 1.7993 10.1319
v  -4.7309 1.7968 10.5549
v  -4.9211 1.7858 11.0098
v  -4.1866 1.7859 11.3348
v  -3.6124 1.7780 11.0238
v  -3.1439 1.7674 10.6431
v  -2.9579 1.7567 10.1773
v  -4.6740 1.7858 11.3525
v  -3.1986 1.7463 9.7775
v  -3.4517 1.7515 9.6824
v  -3.9926 1.7896 9.9680
v  -4.4738 1.8014 10.3213
v  -4.9200 1.7858 10.7936
v  -4.4766 1.7858 11.4150
v  -3.8736 1.7826 11.1819
v  -3.3768 1.7731 10.8510
v  -2.9696 1.7619 10.4179
v  -4.8289 1.7858 11.2044
v  -3.0458 1.7513 9.9607
v  5.4725 1.5138 2.1592
v  5.9858 1.5137 2.0144
v  6.4946 1.5349 1.9608
v  5.0728 1.5336 2.3520
v  5.2101 1.4488 2.3626
v  5.5212 1.4356 2.2639
v  5.9992 1.4354 2.1307
v  6.3760 1.4522 2.0383
v  5.2958 1.4579 2.6664
v  5.6117 1.4381 2.5883
v  6.0899 1.4346 2.4558
v  6.4612 1.4525 2.3440
v  6.6016 1.5393 2.3562
v  5.1927 1.5467 2.7418
v  5.6245 1.5216 2.7017
v  6.1398 1.5168 2.5666
v  5.2357 1.4258 2.5259
v  5.0471 1.5169 2.5806
v  5.5717 1.4258 2.4317
v  6.0433 1.4258 2.3002
v  6.4479 1.4258 2.1879
v  6.6412 1.5168 2.1365
v  5.2769 1.4767 2.2841
v  5.7385 1.4549 2.1419
v  6.2524 1.4756 2.0118
v  5.0970 1.4656 2.4450
v  5.3596 1.4261 2.3960
v  5.7768 1.4258 2.2792
v  6.2406 1.4262 2.1503
v  6.5323 1.4724 2.0455
v  5.3935 1.4876 2.6986
v  5.8618 1.4618 2.5836
v  6.3688 1.4812 2.4307
v  5.1812 1.8214 2.1631
v  5.6964 1.7637 1.9936
v  6.2690 1.7464 1.8678
v  6.6727 1.7462 1.9607
v  6.4596 1.7555 2.5570
v  5.9059 1.8002 2.7456
v  5.3806 1.8412 2.8545
v  4.9757 1.7855 2.7762
v  5.1619 1.4755 2.6624
v  5.4070 1.4279 2.5659
v  5.8245 1.4258 2.4501
v  6.2880 1.4266 2.3203
v  6.5929 1.4751 2.2652
v  6.7536 1.7466 2.2706
v  4.8460 1.7607 2.4470
v  5.1296 1.4833 2.3530
v  5.2301 1.5220 2.2589
v  5.4971 1.4601 2.2128
v  5.3251 1.4456 2.3193
v  5.7207 1.5109 2.0777
v  5.9930 1.4596 2.0742
v  5.7543 1.4321 2.1985
v  6.2783 1.5217 1.9657
v  6.2301 1.4439 2.0666
v  6.4477 1.4878 1.9888
v  5.2095 1.4294 2.4313
v  5.2344 1.4981 2.7146
v  5.1139 1.5367 2.6944
v  5.5465 1.4258 2.3436
v  5.4153 1.4497 2.6415
v  6.0187 1.4258 2.2119
v  5.8450 1.4350 2.5237
v  6.4213 1.4317 2.0937
v  6.3201 1.4457 2.3900
v  6.5820 1.5314 2.0174
v  5.6188 1.4676 2.6476
v  5.3670 1.5337 2.7384
v  6.1154 1.4615 2.5132
v  5.8780 1.5193 2.6416
v  6.5495 1.4903 2.3530
v  6.4136 1.5286 2.4560
v  4.9373 1.8165 2.2587
v  5.4462 1.7865 2.0740
v  5.9623 1.7518 1.9254
v  6.5350 1.7494 1.8616
v  6.6835 1.7496 2.4194
v  6.1669 1.7808 2.6658
v  5.6530 1.8225 2.8062
v  5.1381 1.8317 2.8669
v  5.2610 1.4351 2.6140
v  5.0316 1.5282 2.4467
v  5.5941 1.4258 2.5142
v  6.0663 1.4258 2.3825
v  6.4724 1.4324 2.2768
v  6.6473 1.5340 2.2682
v  5.1234 1.4508 2.5583
v  5.3841 1.4258 2.4842
v  5.8015 1.4258 2.3676
v  6.2649 1.4258 2.2385
v  6.5697 1.4532 2.1551
v  6.7458 1.7412 2.1074
v  4.8774 1.7482 2.6274
v  5.2019 1.6390 2.2210
v  5.4550 1.6206 2.1077
v  5.0291 1.6706 2.3387
v  5.7055 1.6137 2.0240
v  5.9746 1.6174 1.9650
v  6.2822 1.6271 1.9245
v  6.5174 1.6399 1.9314
v  6.6173 1.6371 1.9998
v  6.6845 1.6246 2.1243
v  6.4382 1.6349 2.4922
v  6.1526 1.6310 2.6088
v  6.6338 1.6437 2.3695
v  5.8920 1.6309 2.6925
v  5.6361 1.6399 2.7481
v  5.3640 1.6580 2.7771
v  5.1679 1.6754 2.7694
v  5.0699 1.6667 2.7101
v  4.9928 1.6476 2.5935
v  6.6856 1.6395 2.2653
v  4.9765 1.6626 2.4541
v  5.0823 1.8793 2.0558
v  5.6648 1.8655 1.8911
v  6.3003 1.7992 1.7542
v  6.7616 1.7858 1.8884
v  6.5473 1.7941 2.6439
v  5.9399 1.8628 2.8760
v  5.3535 1.8828 3.0043
v  4.8799 1.7809 2.8626
v  6.8665 1.7858 2.2878
v  4.7232 1.7387 2.4256
v  4.8093 1.8075 2.1740
v  5.3836 1.8874 1.9717
v  5.9599 1.8348 1.8172
v  6.6002 1.7858 1.7555
v  6.7923 1.7858 2.4754
v  6.2280 1.8298 2.7800
v  5.6592 1.8837 2.9497
v  5.0715 1.8369 3.0029
v  6.8501 1.7849 2.0792
v  4.7682 1.7398 2.6593
v  3.8899 1.5529 10.1778
v  4.3301 1.5522 10.4820
v  4.6965 1.5755 10.8445
v  3.4830 1.5745 9.9932
v  3.5624 1.4886 10.1101
v  3.8367 1.4738 10.2880
v  4.2441 1.4732 10.5722
v  4.5565 1.4903 10.8035
v  3.3771 1.4908 10.3758
v  3.6413 1.4735 10.5682
v  4.0487 1.4725 10.8523
v  4.3712 1.4905 11.0692
v  4.4517 1.5816 11.1876
v  3.2434 1.5818 10.3476
v  3.5541 1.5566 10.6592
v  3.9910 1.5553 10.9682
v  3.4514 1.4658 10.2360
v  3.2800 1.5530 10.1195
v  3.7384 1.4658 10.4356
v  4.1401 1.4658 10.7156
v  4.4847 1.4658 10.9567
v  4.6512 1.5586 11.0759
v  3.6667 1.5162 10.1097
v  4.0711 1.4918 10.3756
v  4.4993 1.5147 10.6897
v  3.4244 1.5024 10.0730
v  3.6313 1.4658 10.2486
v  3.9867 1.4658 10.4965
v  4.3817 1.4658 10.7720
v  4.6520 1.5113 10.9308
v  3.4121 1.5215 10.4748
v  3.8010 1.4935 10.7628
v  4.2433 1.5174 11.0569
v  3.7200 1.7594 9.9223
v  4.1787 1.7590 10.2213
v  4.6330 1.7619 10.5994
v  4.8218 1.7593 10.9882
v  4.1983 1.7608 11.2222
v  3.6819 1.7564 10.9336
v  3.2542 1.7587 10.5921
v  3.0684 1.7521 10.1943
v  3.2913 1.5077 10.2669
v  3.5296 1.4664 10.3944
v  3.8850 1.4658 10.6424
v  4.2800 1.4660 10.9178
v  4.5180 1.5146 11.1212
v  4.6236 1.7599 11.2620
v  3.2578 1.7487 9.8729
v  3.5186 1.5234 10.0402
v  3.6568 1.5637 10.0564
v  3.8622 1.4981 10.2344
v  3.6694 1.4841 10.1714
v  4.1119 1.5490 10.3171
v  4.2859 1.4967 10.5289
v  4.0355 1.4705 10.4267
v  4.5527 1.5630 10.6793
v  4.4408 1.4832 10.7094
v  4.6428 1.5262 10.8265
v  3.5083 1.4690 10.1545
v  3.2956 1.5300 10.3614
v  3.2297 1.5713 10.2490
v  3.7906 1.4658 10.3597
v  3.4740 1.4843 10.4515
v  4.1928 1.4658 10.6402
v  3.8401 1.4700 10.7068
v  4.5416 1.4701 10.8752
v  4.2454 1.4817 10.9895
v  4.7082 1.5722 10.9520
v  3.5965 1.5011 10.6154
v  3.3604 1.5696 10.4832
v  4.0190 1.4990 10.9114
v  3.7615 1.5519 10.8195
v  4.4205 1.5295 11.1451
v  4.2512 1.5676 11.1102
v  3.4735 1.7537 9.8065
v  3.9595 1.7592 10.0723
v  4.3971 1.7599 10.3915
v  4.8099 1.7616 10.8080
v  4.4549 1.7626 11.3039
v  3.9177 1.7577 11.0788
v  3.4677 1.7569 10.7773
v  3.0908 1.7571 10.3955
v  3.3979 1.4710 10.3128
v  3.3789 1.5661 10.0198
v  3.6889 1.4658 10.5055
v  4.0911 1.4658 10.7861
v  4.4311 1.4712 11.0335
v  4.5514 1.5759 11.1664
v  3.3512 1.4861 10.1677
v  3.5786 1.4658 10.3242
v  3.9341 1.4658 10.5720
v  4.3287 1.4658 10.8473
v  4.5898 1.4923 11.0315
v  4.7512 1.7561 11.1461
v  3.1339 1.7476 10.0180
v  3.6702 1.6762 10.0061
v  3.9163 1.6635 10.1356
v  3.4666 1.6906 9.9310
v  4.1409 1.6566 10.2754
v  4.3608 1.6580 10.4424
v  4.5897 1.6668 10.6536
v  4.7381 1.6777 10.8418
v  4.7483 1.6756 10.9689
v  4.6900 1.6652 11.1028
v  4.2388 1.6734 11.1530
v  3.9635 1.6660 11.0106
v  4.4618 1.6813 11.2278
v  3.7309 1.6643 10.8632
v  3.5218 1.6703 10.7024
v  3.3190 1.6813 10.5142
v  3.1885 1.6900 10.3534
v  3.1733 1.6838 10.2234
v  3.2277 1.6734 10.0811
v  4.5806 1.6781 11.1989
v  3.3315 1.6853 9.9708
v  3.7321 1.7696 9.8043
v  4.2393 1.7993 10.1319
v  4.7357 1.7968 10.5549
v  4.9259 1.7858 11.0098
v  4.1914 1.7859 11.3348
v  3.6172 1.7780 11.0238
v  3.1487 1.7674 10.6431
v  2.9628 1.7567 10.1773
v  4.6789 1.7858 11.3525
v  3.2035 1.7463 9.7775
v  3.4565 1.7515 9.6824
v  3.9975 1.7896 9.9680
v  4.4787 1.8014 10.3213
v  4.9249 1.7858 10.7936
v  4.4814 1.7858 11.4150
v  3.8784 1.7826 11.1819
v  3.3817 1.7731 10.8510
v  2.9744 1.7619 10.4179
v  4.8337 1.7858 11.2044
v  3.0506 1.7513 9.9607
v  1.9748 1.4234 -3.6521
v  3.1492 1.4234 -3.5392
v  3.1492 2.6501 -3.7370
v  2.1930 2.6501 -3.7370
v  1.9748 1.4234 -3.8861
v  3.2620 1.4234 -3.8861
v  2.0598 2.4234 -3.9229
v  3.2620 2.4234 -3.9229
v  3.1492 2.4062 -3.6181
v  2.0543 2.3628 -3.7222
v  2.0471 2.2820 -3.9156
v  3.2620 2.2820 -3.9156
v  2.0824 2.6758 -3.9747
v  1.9748 1.4234 -4.0234
v  3.2620 1.4234 -4.0234
v  3.1492 2.7801 -3.9326
v  2.0680 2.5158 -4.0391
v  3.2620 2.5158 -4.0391
v  2.0471 2.2820 -4.0356
v  3.2620 2.2820 -4.0356
v  2.0843 2.6969 -4.1182
v  2.0680 2.5158 -4.1182
v  2.0471 2.2820 -4.1182
v  1.9748 1.4234 -4.2167
v  1.9748 1.4234 -4.1182
v  2.0471 2.2820 -4.2007
v  3.2620 2.3627 -4.5141
v  3.2620 1.4234 -4.5842
v  2.0877 1.4234 -4.6971
v  2.1711 2.4062 -4.6182
v  2.0824 2.6758 -4.2616
v  3.1492 2.8093 -4.1182
v  3.1492 2.7801 -4.3037
v  3.2620 2.5158 -4.1182
v  3.2620 2.5158 -4.1972
v  1.9748 1.4234 -4.3502
v  2.0471 2.2820 -4.3207
v  3.2620 2.2820 -4.3207
v  3.2620 1.4234 -4.3502
v  3.2620 2.2820 -4.1182
v  3.2620 2.2820 -4.2007
v  2.1930 2.6501 -4.4993
v  3.2620 2.5628 -4.4277
v  2.0598 2.4234 -4.3134
v  3.2620 2.4234 -4.3134
v  3.2620 1.4234 -4.2167
v  2.0680 2.5158 -4.1972
v  3.2620 1.4234 -4.1182
v  2.0877 1.4234 -3.5392
v  3.2620 1.4234 -3.6521
v  3.2620 2.5628 -3.8086
v  2.0723 2.5630 -3.8084
v  3.2620 2.3627 -3.7222
v  2.1711 2.4062 -3.6181
v  2.2046 2.7801 -3.9326
v  3.2620 2.6754 -3.9748
v  2.2072 2.8093 -4.1182
v  3.1492 2.4062 -4.6182
v  3.1492 1.4234 -4.6971
v  1.9748 1.4234 -4.5842
v  2.0543 2.3628 -4.5142
v  2.2046 2.7801 -4.3037
v  3.2620 2.6964 -4.1182
v  3.2620 2.6754 -4.2615
v  2.0723 2.5630 -4.4279
v  3.1492 2.6501 -4.4993
v  1.9818 1.4234 -3.6027
v  2.0030 1.4234 -3.5674
v  2.0383 1.4234 -3.5463
v  3.1986 1.4234 -3.5463
v  3.2338 1.4234 -3.5674
v  3.2550 1.4234 -3.6027
v  3.1986 2.6446 -3.7415
v  3.2338 2.6283 -3.7549
v  3.2550 2.6010 -3.7773
v  2.1431 2.6446 -3.7415
v  2.1064 2.6283 -3.7549
v  2.0827 2.6011 -3.7772
v  3.1986 2.4035 -3.6246
v  3.2338 2.3954 -3.6441
v  3.2550 2.3818 -3.6767
v  2.0631 2.3818 -3.6766
v  2.0855 2.3954 -3.6441
v  2.1215 2.4035 -3.6246
v  2.0935 2.7214 -3.9563
v  2.1176 2.7540 -3.9431
v  2.1546 2.7736 -3.9353
v  3.1986 2.7736 -3.9353
v  3.2338 2.7539 -3.9432
v  3.2550 2.7212 -3.9564
v  2.0957 2.7461 -4.1182
v  2.1201 2.7812 -4.1182
v  2.1572 2.8023 -4.1182
v  3.2550 2.3818 -4.5597
v  3.2338 2.3954 -4.5922
v  3.1986 2.4035 -4.6117
v  3.2550 1.4234 -4.6336
v  3.2338 1.4234 -4.6689
v  3.1986 1.4234 -4.6900
v  2.0383 1.4234 -4.6900
v  2.0030 1.4234 -4.6689
v  1.9818 1.4234 -4.6336
v  2.1215 2.4035 -4.6117
v  2.0855 2.3954 -4.5922
v  2.0631 2.3818 -4.5597
v  2.0935 2.7214 -4.2800
v  2.1176 2.7540 -4.2932
v  2.1546 2.7736 -4.3011
v  3.1986 2.8023 -4.1182
v  3.2338 2.7811 -4.1182
v  3.2550 2.7458 -4.1182
v  3.1986 2.7736 -4.3010
v  3.2338 2.7539 -4.2931
v  3.2550 2.7212 -4.2799
v  2.1431 2.6446 -4.4948
v  2.1064 2.6283 -4.4814
v  2.0827 2.6011 -4.4591
v  3.2550 2.6010 -4.4590
v  3.2338 2.6283 -4.4814
v  3.1986 2.6446 -4.4948
v  3.2620 2.0965 -3.7012
v  3.2620 2.0399 -3.9068
v  2.0305 2.0965 -3.7011
v  2.0254 2.0399 -3.9068
v  2.0254 2.0399 -4.0319
v  3.2620 2.0399 -4.0319
v  2.0254 2.0399 -4.1182
v  2.0254 2.0399 -4.2055
v  3.2620 2.0965 -4.5351
v  2.0305 2.0965 -4.5352
v  2.0254 2.0399 -4.3296
v  3.2620 2.0399 -4.3296
v  3.2620 2.0399 -4.2055
v  3.2620 2.0399 -4.1182
v  3.1492 2.1269 -3.5944
v  2.1461 2.1269 -3.5944
v  3.1492 2.1269 -4.6419
v  2.1461 2.1269 -4.6419
v  3.2550 2.1098 -3.6545
v  3.2338 2.1193 -3.6211
v  3.1986 2.1250 -3.6011
v  2.0387 2.1098 -3.6544
v  2.0607 2.1193 -3.6211
v  2.0965 2.1250 -3.6011
v  3.2550 2.1098 -4.5818
v  3.2338 2.1193 -4.6152
v  3.1986 2.1250 -4.6352
v  2.0387 2.1098 -4.5819
v  2.0607 2.1193 -4.6152
v  2.0965 2.1250 -4.6352
v  -1.9637 1.4234 -3.6521
v  -3.1381 1.4234 -3.5392
v  -3.1381 2.6501 -3.7370
v  -2.1819 2.6501 -3.7370
v  -1.9637 1.4234 -3.8861
v  -3.2510 1.4234 -3.8861
v  -2.0487 2.4234 -3.9229
v  -3.2510 2.4234 -3.9229
v  -3.1381 2.4062 -3.6181
v  -2.0433 2.3628 -3.7222
v  -2.0360 2.2820 -3.9156
v  -3.2510 2.2820 -3.9156
v  -2.0713 2.6758 -3.9747
v  -1.9637 1.4234 -4.0234
v  -3.2510 1.4234 -4.0234
v  -3.1381 2.7801 -3.9326
v  -2.0570 2.5158 -4.0391
v  -3.2510 2.5158 -4.0391
v  -2.0360 2.2820 -4.0356
v  -3.2510 2.2820 -4.0356
v  -2.0732 2.6969 -4.1182
v  -2.0570 2.5158 -4.1182
v  -2.0360 2.2820 -4.1182
v  -1.9637 1.4234 -4.2167
v  -1.9637 1.4234 -4.1182
v  -2.0360 2.2820 -4.2007
v  -3.2510 2.3627 -4.5141
v  -3.2510 1.4234 -4.5842
v  -2.0766 1.4234 -4.6971
v  -2.1600 2.4062 -4.6182
v  -2.0713 2.6758 -4.2616
v  -3.1381 2.8093 -4.1182
v  -3.1381 2.7801 -4.3037
v  -3.2510 2.5158 -4.1182
v  -3.2510 2.5158 -4.1972
v  -1.9637 1.4234 -4.3502
v  -2.0360 2.2820 -4.3207
v  -3.2510 2.2820 -4.3207
v  -3.2510 1.4234 -4.3502
v  -3.2510 2.2820 -4.1182
v  -3.2510 2.2820 -4.2007
v  -2.1819 2.6501 -4.4993
v  -3.2510 2.5628 -4.4277
v  -2.0487 2.4234 -4.3134
v  -3.2510 2.4234 -4.3134
v  -3.2510 1.4234 -4.2167
v  -2.0570 2.5158 -4.1972
v  -3.2510 1.4234 -4.1182
v  -2.0766 1.4234 -3.5392
v  -3.2510 1.4234 -3.6521
v  -3.2510 2.5628 -3.8086
v  -2.0612 2.5630 -3.8084
v  -3.2510 2.3627 -3.7222
v  -2.1600 2.4062 -3.6181
v  -2.1935 2.7801 -3.9326
v  -3.2510 2.6754 -3.9748
v  -2.1961 2.8093 -4.1182
v  -3.1381 2.4062 -4.6182
v  -3.1381 1.4234 -4.6971
v  -1.9637 1.4234 -4.5842
v  -2.0433 2.3628 -4.5142
v  -2.1935 2.7801 -4.3037
v  -3.2510 2.6964 -4.1182
v  -3.2510 2.6754 -4.2615
v  -2.0612 2.5630 -4.4279
v  -3.1381 2.6501 -4.4993
v  -1.9708 1.4234 -3.6027
v  -1.9919 1.4234 -3.5674
v  -2.0272 1.4234 -3.5463
v  -3.1875 1.4234 -3.5463
v  -3.2228 1.4234 -3.5674
v  -3.2439 1.4234 -3.6027
v  -3.1875 2.6446 -3.7415
v  -3.2228 2.6283 -3.7549
v  -3.2439 2.6010 -3.7773
v  -2.1320 2.6446 -3.7415
v  -2.0953 2.6283 -3.7549
v  -2.0717 2.6011 -3.7772
v  -3.1875 2.4035 -3.6246
v  -3.2228 2.3954 -3.6441
v  -3.2439 2.3818 -3.6767
v  -2.0520 2.3818 -3.6766
v  -2.0744 2.3954 -3.6441
v  -2.1104 2.4035 -3.6246
v  -2.0825 2.7214 -3.9563
v  -2.1065 2.7540 -3.9431
v  -2.1436 2.7736 -3.9353
v  -3.1875 2.7736 -3.9353
v  -3.2228 2.7539 -3.9432
v  -3.2439 2.7212 -3.9564
v  -2.0847 2.7461 -4.1182
v  -2.1090 2.7812 -4.1182
v  -2.1461 2.8023 -4.1182
v  -3.2439 2.3818 -4.5597
v  -3.2228 2.3954 -4.5922
v  -3.1875 2.4035 -4.6117
v  -3.2439 1.4234 -4.6336
v  -3.2228 1.4234 -4.6689
v  -3.1875 1.4234 -4.6900
v  -2.0272 1.4234 -4.6900
v  -1.9919 1.4234 -4.6689
v  -1.9708 1.4234 -4.6336
v  -2.1104 2.4035 -4.6117
v  -2.0744 2.3954 -4.5922
v  -2.0520 2.3818 -4.5597
v  -2.0825 2.7214 -4.2800
v  -2.1065 2.7540 -4.2932
v  -2.1436 2.7736 -4.3011
v  -3.1875 2.8023 -4.1182
v  -3.2228 2.7811 -4.1182
v  -3.2439 2.7458 -4.1182
v  -3.1875 2.7736 -4.3010
v  -3.2228 2.7539 -4.2931
v  -3.2439 2.7212 -4.2799
v  -2.1320 2.6446 -4.4948
v  -2.0953 2.6283 -4.4814
v  -2.0717 2.6011 -4.4591
v  -3.2439 2.6010 -4.4590
v  -3.2228 2.6283 -4.4814
v  -3.1875 2.6446 -4.4948
v  -3.2510 2.0965 -3.7012
v  -3.2510 2.0399 -3.9068
v  -2.0194 2.0965 -3.7011
v  -2.0143 2.0399 -3.9068
v  -2.0143 2.0399 -4.0319
v  -3.2510 2.0399 -4.0319
v  -2.0143 2.0399 -4.1182
v  -2.0143 2.0399 -4.2055
v  -3.2510 2.0965 -4.5351
v  -2.0194 2.0965 -4.5352
v  -2.0143 2.0399 -4.3296
v  -3.2510 2.0399 -4.3296
v  -3.2510 2.0399 -4.2055
v  -3.2510 2.0399 -4.1182
v  -3.1381 2.1269 -3.5944
v  -2.1350 2.1269 -3.5944
v  -3.1381 2.1269 -4.6419
v  -2.1350 2.1269 -4.6419
v  -3.2439 2.1098 -3.6545
v  -3.2228 2.1193 -3.6211
v  -3.1875 2.1250 -3.6011
v  -2.0276 2.1098 -3.6544
v  -2.0497 2.1193 -3.6211
v  -2.0854 2.1250 -3.6011
v  -3.2439 2.1098 -4.5818
v  -3.2228 2.1193 -4.6152
v  -3.1875 2.1250 -4.6352
v  -2.0276 2.1098 -4.5819
v  -2.0497 2.1193 -4.6152
v  -2.0854 2.1250 -4.6352
v  2.7037 -0.0892 -4.2729
v  2.6289 -0.0892 -4.2297
v  2.5857 -0.0892 -4.1549
v  2.5857 -0.0892 -4.0685
v  2.6289 -0.0892 -3.9937
v  2.7037 -0.0892 -3.9506
v  2.7901 -0.0892 -3.9506
v  2.8648 -0.0892 -3.9937
v  2.9080 -0.0892 -4.0685
v  2.9080 -0.0892 -4.1549
v  2.8648 -0.0892 -4.2297
v  2.7901 -0.0892 -4.2729
v  2.7082 -0.1194 -4.2562
v  2.6411 -0.1194 -4.2175
v  2.6024 -0.1194 -4.1504
v  2.6024 -0.1194 -4.0730
v  2.6411 -0.1194 -4.0059
v  2.7082 -0.1194 -3.9672
v  2.7856 -0.1194 -3.9672
v  2.8526 -0.1194 -4.0059
v  2.8914 -0.1194 -4.0730
v  2.8914 -0.1194 -4.1504
v  2.8526 -0.1194 -4.2175
v  2.7856 -0.1194 -4.2562
v  2.7153 -0.1453 -4.2297
v  2.6605 -0.1453 -4.1981
v  2.6289 -0.1453 -4.1433
v  2.6289 -0.1453 -4.0801
v  2.6605 -0.1453 -4.0254
v  2.7153 -0.1453 -3.9937
v  2.7785 -0.1453 -3.9937
v  2.8332 -0.1453 -4.0254
v  2.8648 -0.1453 -4.0801
v  2.8648 -0.1453 -4.1433
v  2.8332 -0.1453 -4.1981
v  2.7785 -0.1453 -4.2297
v  2.7245 -0.1653 -4.1951
v  2.6858 -0.1653 -4.1728
v  2.6634 -0.1653 -4.1341
v  2.6634 -0.1653 -4.0894
v  2.6858 -0.1653 -4.0507
v  2.7245 -0.1653 -4.0283
v  2.7692 -0.1653 -4.0283
v  2.8079 -0.1653 -4.0507
v  2.8303 -0.1653 -4.0894
v  2.8303 -0.1653 -4.1341
v  2.8079 -0.1653 -4.1728
v  2.7692 -0.1653 -4.1951
v  2.7353 -0.1778 -4.1549
v  2.7153 -0.1778 -4.1433
v  2.7037 -0.1778 -4.1233
v  2.7037 -0.1778 -4.1002
v  2.7153 -0.1778 -4.0801
v  2.7353 -0.1778 -4.0685
v  2.7584 -0.1778 -4.0685
v  2.7785 -0.1778 -4.0801
v  2.7901 -0.1778 -4.1002
v  2.7901 -0.1778 -4.1233
v  2.7785 -0.1778 -4.1433
v  2.7584 -0.1778 -4.1549
v  2.7469 -0.1820 -4.1117
v  2.7037 1.9223 -4.2729
v  2.6289 1.9223 -4.2297
v  2.5857 1.9223 -4.1549
v  2.5857 1.9223 -4.0685
v  2.6289 1.9223 -3.9937
v  2.7037 1.9223 -3.9506
v  2.7901 1.9223 -3.9506
v  2.8648 1.9223 -3.9937
v  2.9080 1.9223 -4.0685
v  2.9080 1.9223 -4.1549
v  2.8648 1.9223 -4.2297
v  2.7901 1.9223 -4.2729
v  3.0853 1.0539 -4.1117
v  3.0642 1.0539 -3.9925
v  3.0037 1.0539 -3.8876
v  2.9109 1.0539 -3.8098
v  2.7971 1.0539 -3.7683
v  2.6760 1.0539 -3.7683
v  2.5623 1.0539 -3.8098
v  2.4695 1.0539 -3.8876
v  2.4089 1.0539 -3.9925
v  2.3879 1.0539 -4.1117
v  2.4089 1.0539 -4.2310
v  2.4695 1.0539 -4.3358
v  2.5623 1.0539 -4.4137
v  2.6760 1.0539 -4.4551
v  2.7971 1.0539 -4.4551
v  2.9109 1.0539 -4.4137
v  3.0037 1.0539 -4.3358
v  3.0642 1.0539 -4.2310
v  3.0853 0.9566 -4.1117
v  3.0642 0.9566 -3.9925
v  3.0037 0.9566 -3.8876
v  2.9109 0.9566 -3.8098
v  2.7971 0.9566 -3.7683
v  2.6760 0.9566 -3.7683
v  2.5623 0.9566 -3.8098
v  2.4695 0.9566 -3.8876
v  2.4089 0.9566 -3.9925
v  2.3879 0.9566 -4.1117
v  2.4089 0.9566 -4.2310
v  2.4695 0.9566 -4.3358
v  2.5623 0.9566 -4.4137
v  2.6760 0.9566 -4.4551
v  2.7971 0.9566 -4.4551
v  2.9109 0.9566 -4.4137
v  3.0037 0.9566 -4.3358
v  3.0642 0.9566 -4.2310
v  2.9109 1.0539 -4.1117
v  2.9004 1.0539 -4.0521
v  2.8701 1.0539 -3.9997
v  2.8238 1.0539 -3.9607
v  2.7669 1.0539 -3.9400
v  2.7063 1.0539 -3.9400
v  2.6494 1.0539 -3.9607
v  2.6030 1.0539 -3.9997
v  2.5728 1.0539 -4.0521
v  2.5623 1.0539 -4.1117
v  2.5728 1.0539 -4.1713
v  2.6030 1.0539 -4.2238
v  2.6494 1.0539 -4.2627
v  2.7063 1.0539 -4.2834
v  2.7669 1.0539 -4.2834
v  2.8238 1.0539 -4.2627
v  2.8701 1.0539 -4.2238
v  2.9004 1.0539 -4.1713
v  2.7366 1.0539 -4.1117
v  2.9109 0.9566 -4.1117
v  2.9004 0.9566 -4.0521
v  2.8701 0.9566 -3.9997
v  2.8238 0.9566 -3.9607
v  2.7669 0.9566 -3.9400
v  2.7063 0.9566 -3.9400
v  2.6494 0.9566 -3.9607
v  2.6030 0.9566 -3.9997
v  2.5728 0.9566 -4.0521
v  2.5623 0.9566 -4.1117
v  2.5728 0.9566 -4.1713
v  2.6030 0.9566 -4.2238
v  2.6494 0.9566 -4.2627
v  2.7063 0.9566 -4.2834
v  2.7669 0.9566 -4.2834
v  2.8238 0.9566 -4.2627
v  2.8701 0.9566 -4.2238
v  2.9004 0.9566 -4.1713
v  2.7366 0.9566 -4.1117
v  3.0834 0.9427 -4.1117
v  2.9173 0.9427 -3.8240
v  2.5850 0.9427 -3.8240
v  2.4189 0.9427 -4.1117
v  2.5850 0.9427 -4.3995
v  2.9173 0.9427 -4.3995
v  3.0834 0.6104 -4.1117
v  2.9173 0.6104 -3.8240
v  2.5850 0.6104 -3.8240
v  2.4189 0.6104 -4.1117
v  2.5850 0.6104 -4.3995
v  2.9173 0.6104 -4.3995
v  2.7512 0.9427 -4.1117
v  2.7512 0.6104 -4.1117
v  -2.7817 -0.0892 -4.2729
v  -2.8565 -0.0892 -4.2297
v  -2.8996 -0.0892 -4.1549
v  -2.8996 -0.0892 -4.0685
v  -2.8565 -0.0892 -3.9937
v  -2.7817 -0.0892 -3.9506
v  -2.6953 -0.0892 -3.9506
v  -2.6205 -0.0892 -3.9937
v  -2.5773 -0.0892 -4.0685
v  -2.5773 -0.0892 -4.1549
v  -2.6205 -0.0892 -4.2297
v  -2.6953 -0.0892 -4.2729
v  -2.7772 -0.1194 -4.2562
v  -2.8443 -0.1194 -4.2175
v  -2.8830 -0.1194 -4.1504
v  -2.8830 -0.1194 -4.0730
v  -2.8443 -0.1194 -4.0059
v  -2.7772 -0.1194 -3.9672
v  -2.6998 -0.1194 -3.9672
v  -2.6327 -0.1194 -4.0059
v  -2.5940 -0.1194 -4.0730
v  -2.5940 -0.1194 -4.1504
v  -2.6327 -0.1194 -4.2175
v  -2.6998 -0.1194 -4.2562
v  -2.7701 -0.1453 -4.2297
v  -2.8248 -0.1453 -4.1981
v  -2.8565 -0.1453 -4.1433
v  -2.8565 -0.1453 -4.0801
v  -2.8249 -0.1453 -4.0254
v  -2.7701 -0.1453 -3.9937
v  -2.7069 -0.1453 -3.9937
v  -2.6521 -0.1453 -4.0254
v  -2.6205 -0.1453 -4.0801
v  -2.6205 -0.1453 -4.1433
v  -2.6521 -0.1453 -4.1981
v  -2.7069 -0.1453 -4.2297
v  -2.7608 -0.1653 -4.1951
v  -2.7996 -0.1653 -4.1728
v  -2.8219 -0.1653 -4.1341
v  -2.8219 -0.1653 -4.0894
v  -2.7996 -0.1653 -4.0507
v  -2.7608 -0.1653 -4.0283
v  -2.7161 -0.1653 -4.0283
v  -2.6774 -0.1653 -4.0507
v  -2.6551 -0.1653 -4.0894
v  -2.6551 -0.1653 -4.1341
v  -2.6774 -0.1653 -4.1728
v  -2.7161 -0.1653 -4.1951
v  -2.7501 -0.1778 -4.1549
v  -2.7701 -0.1778 -4.1433
v  -2.7817 -0.1778 -4.1233
v  -2.7817 -0.1778 -4.1002
v  -2.7701 -0.1778 -4.0801
v  -2.7501 -0.1778 -4.0685
v  -2.7269 -0.1778 -4.0685
v  -2.7069 -0.1778 -4.0801
v  -2.6953 -0.1778 -4.1002
v  -2.6953 -0.1778 -4.1233
v  -2.7069 -0.1778 -4.1433
v  -2.7269 -0.1778 -4.1549
v  -2.7385 -0.1820 -4.1117
v  -2.7817 1.9223 -4.2729
v  -2.8565 1.9223 -4.2297
v  -2.8996 1.9223 -4.1549
v  -2.8996 1.9223 -4.0685
v  -2.8565 1.9223 -3.9937
v  -2.7817 1.9223 -3.9506
v  -2.6953 1.9223 -3.9506
v  -2.6205 1.9223 -3.9937
v  -2.5773 1.9223 -4.0685
v  -2.5773 1.9223 -4.1549
v  -2.6205 1.9223 -4.2297
v  -2.6953 1.9223 -4.2729
v  -2.4001 1.0539 -4.1117
v  -2.4211 1.0539 -3.9925
v  -2.4817 1.0539 -3.8876
v  -2.5744 1.0539 -3.8098
v  -2.6882 1.0539 -3.7683
v  -2.8093 1.0539 -3.7683
v  -2.9231 1.0539 -3.8098
v  -3.0159 1.0539 -3.8876
v  -3.0764 1.0539 -3.9925
v  -3.0974 1.0539 -4.1117
v  -3.0764 1.0539 -4.2310
v  -3.0159 1.0539 -4.3358
v  -2.9231 1.0539 -4.4137
v  -2.8093 1.0539 -4.4551
v  -2.6882 1.0539 -4.4551
v  -2.5744 1.0539 -4.4137
v  -2.4817 1.0539 -4.3358
v  -2.4211 1.0539 -4.2310
v  -2.4001 0.9566 -4.1117
v  -2.4211 0.9566 -3.9925
v  -2.4817 0.9566 -3.8876
v  -2.5744 0.9566 -3.8098
v  -2.6882 0.9566 -3.7683
v  -2.8093 0.9566 -3.7683
v  -2.9231 0.9566 -3.8098
v  -3.0159 0.9566 -3.8876
v  -3.0764 0.9566 -3.9925
v  -3.0974 0.9566 -4.1117
v  -3.0764 0.9566 -4.2310
v  -3.0159 0.9566 -4.3358
v  -2.9231 0.9566 -4.4137
v  -2.8093 0.9566 -4.4551
v  -2.6882 0.9566 -4.4551
v  -2.5744 0.9566 -4.4137
v  -2.4817 0.9566 -4.3358
v  -2.4211 0.9566 -4.2310
v  -2.5744 1.0539 -4.1117
v  -2.5849 1.0539 -4.0521
v  -2.6152 1.0539 -3.9997
v  -2.6616 1.0539 -3.9607
v  -2.7185 1.0539 -3.9400
v  -2.7790 1.0539 -3.9400
v  -2.8359 1.0539 -3.9607
v  -2.8823 1.0539 -3.9997
v  -2.9126 1.0539 -4.0521
v  -2.9231 1.0539 -4.1117
v  -2.9126 1.0539 -4.1713
v  -2.8823 1.0539 -4.2238
v  -2.8359 1.0539 -4.2627
v  -2.7790 1.0539 -4.2834
v  -2.7185 1.0539 -4.2834
v  -2.6616 1.0539 -4.2627
v  -2.6152 1.0539 -4.2238
v  -2.5849 1.0539 -4.1713
v  -2.7488 1.0539 -4.1117
v  -2.5744 0.9566 -4.1117
v  -2.5849 0.9566 -4.0521
v  -2.6152 0.9566 -3.9997
v  -2.6616 0.9566 -3.9607
v  -2.7185 0.9566 -3.9400
v  -2.7790 0.9566 -3.9400
v  -2.8359 0.9566 -3.9607
v  -2.8823 0.9566 -3.9997
v  -2.9126 0.9566 -4.0521
v  -2.9231 0.9566 -4.1117
v  -2.9126 0.9566 -4.1713
v  -2.8823 0.9566 -4.2238
v  -2.8359 0.9566 -4.2627
v  -2.7790 0.9566 -4.2834
v  -2.7185 0.9566 -4.2834
v  -2.6616 0.9566 -4.2627
v  -2.6152 0.9566 -4.2238
v  -2.5849 0.9566 -4.1713
v  -2.7488 0.9566 -4.1117
v  -2.4019 0.9427 -4.1117
v  -2.5681 0.9427 -3.8240
v  -2.9003 0.9427 -3.8240
v  -3.0664 0.9427 -4.1117
v  -2.9003 0.9427 -4.3995
v  -2.5681 0.9427 -4.3995
v  -2.4019 0.6104 -4.1117
v  -2.5681 0.6104 -3.8240
v  -2.9003 0.6104 -3.8240
v  -3.0664 0.6104 -4.1117
v  -2.9003 0.6104 -4.3995
v  -2.5681 0.6104 -4.3995
v  -2.7342 0.9427 -4.1117
v  -2.7342 0.6104 -4.1117
v  0.0036 0.7795 -2.7710
v  -1.8578 0.7795 -2.3762
v  -3.6641 0.7795 -1.2302
v  -5.2419 0.7795 0.5547
v  -6.2750 0.7795 2.8038
v  -6.5091 0.7795 5.2969
v  -5.9784 0.7795 7.7901
v  -4.9169 0.7795 10.0392
v  -3.5071 0.7795 11.8241
v  -1.8329 0.7795 12.9700
v  0.0037 0.7795 13.3649
v  1.8403 0.7795 12.9700
v  3.5144 0.7795 11.8241
v  4.9242 0.7795 10.0392
v  5.9857 0.7795 7.7901
v  6.5164 0.7795 5.2969
v  6.2822 0.7795 2.8038
v  5.2492 0.7795 0.5547
v  3.6714 0.7795 -1.2302
v  1.8651 0.7795 -2.3762
v  -1.7374 -1.1557 -1.9113
v  -3.3416 -1.1557 -0.8348
v  -4.6516 -1.1557 0.8420
v  -5.4956 -1.1557 2.9548
v  -5.7515 -1.1557 5.2969
v  -5.4096 -1.1557 7.6391
v  -4.5521 -1.1557 9.7519
v  -3.2858 -1.1557 11.4287
v  -1.7220 -1.1557 12.5052
v  0.0037 -1.1557 12.8762
v  1.7293 -1.1557 12.5052
v  3.2931 -1.1557 11.4287
v  4.5594 -1.1557 9.7519
v  5.4169 -1.1557 7.6390
v  5.7588 -1.1557 5.2969
v  5.5029 -1.1557 2.9548
v  4.6588 -1.1557 0.8420
v  3.3489 -1.1557 -0.8348
v  1.7447 -1.1557 -1.9113
v  0.0036 -2.9016 -1.1503
v  -1.4693 -2.9016 -0.8348
v  -2.8021 -2.9016 0.0810
v  -3.8636 -2.9016 1.5073
v  -4.5448 -2.9016 3.3046
v  -4.7743 -2.9016 5.2969
v  -4.5317 -2.9016 7.2893
v  -3.8469 -2.9016 9.0866
v  -2.7903 -2.9016 10.5129
v  -1.4643 -2.9016 11.4287
v  0.0037 -2.9016 11.7442
v  1.4716 -2.9016 11.4287
v  2.7976 -2.9016 10.5129
v  3.8542 -2.9016 9.0865
v  4.5390 -2.9016 7.2893
v  4.7816 -2.9016 5.2969
v  4.5520 -2.9016 3.3046
v  3.8709 -2.9016 1.5073
v  2.8093 -2.9016 0.0810
v  1.4766 -2.9016 -0.8348
v  -1.0629 -4.2871 0.8420
v  -2.0252 -4.2871 1.5073
v  -2.7890 -4.2871 2.5436
v  -3.2793 -4.2871 3.8494
v  -3.4480 -4.2871 5.2969
v  -3.2786 -4.2871 6.7444
v  -2.7880 -4.2871 8.0503
v  -2.0244 -4.2871 9.0866
v  -1.0625 -4.2871 9.7519
v  0.0037 -4.2871 9.9812
v  1.0698 -4.2871 9.7519
v  2.0317 -4.2871 9.0865
v  2.7953 -4.2871 8.0502
v  3.2859 -4.2871 6.7444
v  3.4553 -4.2871 5.2969
v  3.2866 -4.2871 3.8494
v  2.7963 -4.2871 2.5436
v  2.0325 -4.2871 1.5073
v  0.0036 -5.1701 2.7830
v  -0.5684 -5.1701 2.9061
v  -1.0845 -5.1701 3.2631
v  -1.4941 -5.1701 3.8193
v  -1.7570 -5.1701 4.5201
v  -1.8476 -5.1701 5.2969
v  -1.7570 -5.1701 6.0738
v  -1.4941 -5.1701 6.7746
v  -1.0845 -5.1701 7.3308
v  -0.5684 -5.1701 7.6878
v  0.0037 -5.1701 7.8109
v  0.5757 -5.1701 7.6878
v  1.0918 -5.1701 7.3308
v  1.5014 -5.1701 6.7746
v  1.7643 -5.1701 6.0738
v  1.8549 -5.1701 5.2969
v  1.7643 -5.1701 4.5201
v  1.5014 -5.1701 3.8193
v  1.0918 -5.1701 3.2631
v  0.0036 -1.1557 -2.2823
v  0.0036 -4.2871 0.6127
v  0.0036 -5.5348 5.2969
v  1.0702 -4.2871 0.8420
v  0.5757 -5.1701 2.9061
v  -0.9086 -0.2001 -2.4761
v  -2.6832 -0.2001 -1.7152
v  -4.2773 -0.2001 -0.2679
v  -5.4863 -0.2001 1.7241
v  -6.0875 -0.2001 4.0658
v  -5.9903 -0.2001 6.5281
v  -5.2861 -0.2001 8.8698
v  -4.1279 -0.2001 10.8618
v  -2.6313 -0.2001 12.3091
v  -0.9031 -0.2001 13.0700
v  0.9104 -0.2001 13.0700
v  2.6386 -0.2001 12.3091
v  4.1352 -0.2001 10.8618
v  5.2934 -0.2001 8.8698
v  5.9976 -0.2001 6.5281
v  6.0948 -0.2001 4.0658
v  5.4936 -0.2001 1.7241
v  4.2846 -0.2001 -0.2679
v  2.6905 -0.2001 -1.7152
v  0.9159 -0.2001 -2.4761
v  -0.8187 -2.0634 -1.7152
v  -2.3905 -2.0634 -1.0288
v  -3.7429 -2.0634 0.2768
v  -4.7338 -2.0634 2.0738
v  -5.2466 -2.0634 4.1863
v  -5.2257 -2.0634 6.4076
v  -4.6886 -2.0634 8.5201
v  -3.7048 -2.0634 10.3171
v  -2.3724 -2.0634 11.6227
v  -0.8145 -2.0634 12.3091
v  0.8218 -2.0634 12.3091
v  2.3797 -2.0634 11.6227
v  3.7121 -2.0634 10.3171
v  4.6959 -2.0634 8.5201
v  5.2330 -2.0634 6.4075
v  5.2539 -2.0634 4.1863
v  4.7411 -2.0634 2.0738
v  3.7502 -2.0634 0.2768
v  2.3978 -2.0634 -1.0288
v  0.8260 -2.0634 -1.7152
v  -0.6465 -3.6485 -0.2679
v  -1.8837 -3.6485 0.2768
v  -2.9371 -3.6485 1.3129
v  -3.7027 -3.6485 2.7391
v  -4.1044 -3.6485 4.4156
v  -4.1024 -3.6485 6.1783
v  -3.6981 -3.6485 7.8548
v  -2.9325 -3.6485 9.2810
v  -1.8809 -3.6485 10.3171
v  -0.6456 -3.6485 10.8618
v  0.6529 -3.6485 10.8618
v  1.8882 -3.6485 10.3171
v  2.9398 -3.6485 9.2810
v  3.7054 -3.6485 7.8548
v  4.1097 -3.6485 6.1783
v  4.1117 -3.6485 4.4155
v  3.7100 -3.6485 2.7390
v  2.9444 -3.6485 1.3129
v  1.8910 -3.6485 0.2768
v  0.6538 -3.6485 -0.2679
v  -0.4131 -4.8001 1.7241
v  -1.2059 -4.8001 2.0738
v  -1.8803 -4.8001 2.7390
v  -2.3702 -4.8001 3.6547
v  -2.6278 -4.8001 4.7311
v  -2.6277 -4.8001 5.8628
v  -2.3701 -4.8001 6.9392
v  -1.8801 -4.8001 7.8548
v  -1.2058 -4.8001 8.5201
v  -0.4131 -4.8001 8.8698
v  0.4204 -4.8001 8.8698
v  1.2131 -4.8001 8.5201
v  1.8874 -4.8001 7.8548
v  2.3774 -4.8001 6.9392
v  2.6350 -4.8001 5.8628
v  2.6351 -4.8001 4.7311
v  2.3775 -4.8001 3.6547
v  1.8876 -4.8001 2.7390
v  1.2132 -4.8001 2.0738
v  0.4204 -4.8001 1.7241
v  -0.1878 -5.3538 3.6554
v  -0.5520 -5.3538 3.8161
v  -0.8618 -5.3538 4.1218
v  -1.0868 -5.3538 4.5424
v  -1.2052 -5.3538 5.0370
v  -1.2052 -5.3538 5.5569
v  -1.0868 -5.3538 6.0515
v  -0.8618 -5.3538 6.4721
v  -0.5520 -5.3538 6.7778
v  -0.1878 -5.3538 6.9384
v  0.1951 -5.3538 6.9384
v  0.5593 -5.3538 6.7778
v  0.8691 -5.3538 6.4721
v  1.0941 -5.3538 6.0515
v  1.2125 -5.3538 5.5569
v  1.2125 -5.3538 5.0370
v  1.0941 -5.3538 4.5424
v  0.8691 -5.3538 4.1218
v  0.5593 -5.3538 3.8161
v  0.1951 -5.3538 3.6554
v  -0.8751 -1.1557 -2.1884
v  0.0036 -0.2001 -2.5736
v  -0.9290 0.7795 -2.6711
v  -1.8089 -0.2001 -2.1884
v  -2.5656 -1.1557 -1.4557
v  -2.7745 0.7795 -1.8911
v  -3.5140 -0.2001 -1.0705
v  -4.0440 -1.1557 -0.0620
v  -4.4989 0.7795 -0.4075
v  -4.9455 -0.2001 0.6708
v  -5.1412 -1.1557 1.8563
v  -5.8470 0.7795 1.6344
v  -5.8737 -0.2001 2.8648
v  -5.7001 -1.1557 4.1114
v  -6.4968 0.7795 4.0349
v  -6.1243 -0.2001 5.2969
v  -5.6510 -1.1557 6.4825
v  -6.3256 0.7795 6.5590
v  -5.7045 -0.2001 7.7291
v  -5.0382 -1.1557 8.7376
v  -5.4990 0.7795 8.9595
v  -4.7559 -0.2001 9.9231
v  -3.9631 -1.1557 10.6559
v  -4.2489 0.7795 11.0014
v  -3.4162 -0.2001 11.6643
v  -2.5332 -1.1557 12.0496
v  -2.6981 0.7795 12.4850
v  -1.7882 -0.2001 12.7823
v  -0.8696 -1.1557 12.7823
v  -0.9257 0.7795 13.2650
v  0.0037 -0.2001 13.1675
v  0.8769 -1.1557 12.7823
v  0.9330 0.7795 13.2650
v  1.7955 -0.2001 12.7823
v  2.5405 -1.1557 12.0496
v  2.7054 0.7795 12.4850
v  3.4235 -0.2001 11.6643
v  3.9704 -1.1557 10.6558
v  4.2562 0.7795 11.0014
v  4.7632 -0.2001 9.9231
v  5.0455 -1.1557 8.7376
v  5.5063 0.7795 8.9594
v  5.7118 -0.2001 7.7291
v  5.6583 -1.1557 6.4825
v  6.3329 0.7795 6.5589
v  6.1316 -0.2001 5.2969
v  5.7074 -1.1557 4.1114
v  6.5041 0.7795 4.0349
v  5.8810 -0.2001 2.8648
v  5.1485 -1.1557 1.8563
v  5.8543 0.7795 1.6344
v  4.9528 -0.2001 0.6707
v  4.0512 -1.1557 -0.0620
v  4.5062 0.7795 -0.4075
v  3.5213 -0.2001 -1.0705
v  2.5729 -1.1557 -1.4557
v  2.7818 0.7795 -1.8911
v  1.8162 -0.2001 -2.1884
v  0.8824 -1.1557 -2.1884
v  0.9363 0.7795 -2.6711
v  -0.7416 -2.9016 -1.0705
v  -1.6230 -2.0634 -1.4557
v  -2.1616 -2.9016 -0.4472
v  -3.1035 -2.0634 -0.4472
v  -3.3740 -2.9016 0.7384
v  -4.2922 -2.0634 1.1236
v  -4.2570 -2.9016 2.3702
v  -5.0556 -2.0634 3.1029
v  -4.7181 -2.9016 4.2885
v  -5.3037 -2.0634 5.2969
v  -4.7108 -2.9016 6.3054
v  -5.0186 -2.0634 7.4910
v  -4.2406 -2.9016 8.2237
v  -4.2473 -2.0634 9.4703
v  -3.3590 -2.9016 9.8555
v  -3.0753 -2.0634 11.0411
v  -2.1533 -2.9016 11.0411
v  -1.6130 -2.0634 12.0496
v  -0.7393 -2.9016 11.6643
v  0.0037 -2.0634 12.3971
v  0.7466 -2.9016 11.6643
v  1.6203 -2.0634 12.0496
v  2.1606 -2.9016 11.0411
v  3.0826 -2.0634 11.0411
v  3.3663 -2.9016 9.8555
v  4.2546 -2.0634 9.4703
v  4.2480 -2.9016 8.2237
v  5.0259 -2.0634 7.4910
v  4.7181 -2.9016 6.3054
v  5.3110 -2.0634 5.2969
v  4.7254 -2.9016 4.2884
v  5.0629 -2.0634 3.1029
v  4.2642 -2.9016 2.3702
v  4.2995 -2.0634 1.1236
v  3.3813 -2.9016 0.7384
v  3.1108 -2.0634 -0.4472
v  2.1689 -2.9016 -0.4472
v  1.6303 -2.0634 -1.4557
v  0.7489 -2.9016 -1.0705
v  0.0036 -2.0634 -1.8032
v  -0.5362 -4.2871 0.6708
v  0.0036 -3.6485 -0.3377
v  -1.2809 -3.6485 -0.0620
v  -1.5632 -4.2871 1.1236
v  -2.4406 -3.6485 0.7384
v  -2.4370 -4.2871 1.9850
v  -3.3617 -3.6485 1.9850
v  -3.0718 -4.2871 3.1705
v  -3.9528 -3.6485 3.5557
v  -3.4054 -4.2871 4.5642
v  -4.1550 -3.6485 5.2969
v  -3.4050 -4.2871 6.0297
v  -3.9492 -3.6485 7.0382
v  -3.0709 -4.2871 7.4234
v  -3.3568 -3.6485 8.6089
v  -2.4360 -4.2871 8.6089
v  -2.4368 -3.6485 9.8555
v  -1.5626 -4.2871 9.4703
v  -1.2791 -3.6485 10.6558
v  -0.5360 -4.2871 9.9231
v  0.0037 -3.6485 10.9316
v  0.5433 -4.2871 9.9231
v  1.2864 -3.6485 10.6558
v  1.5699 -4.2871 9.4703
v  2.4441 -3.6485 9.8555
v  2.4433 -4.2871 8.6089
v  3.3641 -3.6485 8.6089
v  3.0782 -4.2871 7.4234
v  3.9565 -3.6485 7.0381
v  3.4123 -4.2871 6.0297
v  4.1623 -3.6485 5.2969
v  3.4127 -4.2871 4.5642
v  3.9601 -3.6485 3.5557
v  3.0791 -4.2871 3.1705
v  3.3690 -3.6485 1.9850
v  2.4443 -4.2871 1.9850
v  2.4479 -3.6485 0.7384
v  1.5705 -4.2871 1.1236
v  1.2882 -3.6485 -0.0620
v  -0.2920 -5.1637 2.7622
v  -0.8197 -4.8001 1.8563
v  -0.8543 -5.1637 3.0103
v  -1.5625 -4.8001 2.3702
v  -1.3327 -5.1637 3.4823
v  -2.1519 -4.8001 3.1705
v  -1.6802 -5.1637 4.1319
v  -2.5304 -4.8001 4.1790
v  -1.8630 -5.1637 4.8955
v  -2.6608 -4.8001 5.2969
v  -1.8630 -5.1637 5.6984
v  -2.5303 -4.8001 6.4149
v  -1.6802 -5.1637 6.4620
v  -2.1518 -4.8001 7.4234
v  -1.3327 -5.1637 7.1116
v  -1.5624 -4.8001 8.2237
v  -0.8543 -5.1637 7.5836
v  -0.8196 -4.8001 8.7376
v  -0.2920 -5.1637 7.8317
v  0.0037 -4.8001 8.9146
v  0.2993 -5.1637 7.8317
v  0.8269 -4.8001 8.7376
v  0.8616 -5.1637 7.5835
v  1.5697 -4.8001 8.2237
v  1.3400 -5.1637 7.1116
v  2.1591 -4.8001 7.4234
v  1.6875 -5.1637 6.4620
v  2.5376 -4.8001 6.4149
v  1.8703 -5.1637 5.6984
v  2.6681 -4.8001 5.2969
v  1.8703 -5.1637 4.8955
v  2.5377 -4.8001 4.1790
v  1.6875 -5.1637 4.1319
v  2.1592 -4.8001 3.1705
v  1.3400 -5.1637 3.4823
v  1.5698 -4.8001 2.3702
v  0.8616 -5.1637 3.0103
v  0.8270 -4.8001 1.8563
v  0.5435 -4.2871 0.6708
v  0.0036 -4.8001 1.6793
v  0.0036 -5.3797 3.8452
v  -0.3267 -5.3797 3.9162
v  -0.6247 -5.3797 4.1224
v  -0.8613 -5.3797 4.4436
v  -1.0131 -5.3797 4.8483
v  -1.0654 -5.3797 5.2969
v  -1.0131 -5.3797 5.7456
v  -0.8613 -5.3797 6.1503
v  -0.6247 -5.3797 6.4714
v  -0.3267 -5.3797 6.6776
v  0.0037 -5.3797 6.7487
v  0.3340 -5.3797 6.6776
v  0.6320 -5.3797 6.4714
v  0.8686 -5.3797 6.1503
v  1.0204 -5.3797 5.7456
v  1.0727 -5.3797 5.2969
v  1.0204 -5.3797 4.8483
v  0.8686 -5.3797 4.4436
v  0.6320 -5.3797 4.1224
v  0.3340 -5.3797 3.9162
v  0.2993 -5.1637 2.7622
v  7.5355 14.0790 -7.2817
v  8.2588 14.0793 -8.3383
v  8.2263 13.1247 -8.3416
v  7.5067 13.1307 -7.3029
v  8.0730 10.7053 -8.3987
v  7.3112 10.6949 -7.3370
v  7.4189 11.9119 -7.3105
v  8.1650 11.9138 -8.3605
v  9.0764 14.0798 -9.8934
v  9.0467 13.1310 -9.8878
v  8.9259 10.7129 -9.9335
v  8.9963 11.9214 -9.9061
v  9.6259 14.0799 -11.4417
v  9.6007 13.1338 -11.4365
v  9.4853 10.7178 -11.4347
v  9.5541 11.9253 -11.4324
v  9.9382 14.0801 -12.9796
v  9.9154 13.1308 -12.9780
v  9.8106 10.7124 -12.9728
v  9.8775 11.9210 -12.9732
v  10.0433 14.0799 -14.0671
v  10.0267 13.1166 -14.0741
v  9.9216 10.6961 -14.0198
v  9.9883 11.9058 -14.0478
v  7.7066 7.4809 -8.5441
v  6.8506 7.4800 -7.4287
v  7.1001 9.0843 -7.3640
v  7.9159 9.0894 -8.4543
v  8.5932 7.4862 -10.0546
v  8.7874 9.0963 -9.9809
v  9.1687 7.4905 -11.4739
v  9.3372 9.1032 -11.4512
v  9.5242 7.4783 -12.9622
v  9.6859 9.0938 -12.9644
v  9.6449 7.4720 -13.8707
v  9.8058 9.0821 -13.9462
v  7.0045 13.1241 -7.0231
v  7.2730 13.1255 -7.1121
v  7.1810 11.9088 -7.1215
v  6.9037 11.9114 -7.0516
v  6.9502 3.9980 -8.7123
v  6.0804 3.9954 -7.5845
v  6.4844 5.7328 -7.4892
v  7.3654 5.7304 -8.6033
v  7.8160 3.9988 -10.1961
v  8.2522 5.7311 -10.1017
v  8.3788 4.0008 -11.5134
v  8.8421 5.7304 -11.4702
v  8.7921 3.9622 -12.9261
v  9.2502 5.7013 -12.9241
v  8.9476 3.9522 -13.7225
v  9.4032 5.6911 -13.7948
v  6.3551 2.1398 -8.7731
v  5.4607 2.1457 -7.5812
v  7.1771 2.1166 -10.2607
v  7.6528 2.0618 -11.4962
v  8.0327 2.0619 -12.8999
v  8.1521 2.0193 -13.7243
v  5.6674 3.9779 -7.2923
v  5.8909 3.9811 -7.4008
v  5.2829 2.1626 -7.4245
v  5.0833 2.2116 -7.3283
v  4.8587 1.6940 -7.9221
v  4.8725 1.7805 -7.6039
v  4.9763 1.7608 -7.6524
v  5.0984 1.7429 -7.7400
v  4.2115 1.7812 -7.6024
v  4.2179 1.9817 -7.3934
v  4.8735 1.9801 -7.3943
v  6.2203 1.9009 -8.8146
v  6.0308 1.7538 -8.8923
v  5.3005 1.8919 -7.6258
v  7.0328 1.8836 -10.2893
v  6.8312 1.7441 -10.3475
v  7.5015 1.8649 -11.4977
v  7.2945 1.7370 -11.5207
v  7.8955 1.8597 -12.9544
v  7.7096 1.7385 -13.0210
v  8.0130 1.8453 -13.7386
v  7.8341 1.7374 -13.7618
v  9.5659 13.1120 -14.9522
v  9.9211 13.1073 -14.5436
v  9.9530 14.0797 -14.5435
v  9.5942 14.0780 -14.9721
v  7.0321 14.0760 -6.9962
v  7.3029 14.0777 -7.0853
v  9.4809 10.6464 -14.8702
v  9.8072 10.6332 -14.5024
v  9.8761 11.8696 -14.5291
v  9.5278 11.8789 -14.9181
v  9.1653 7.4345 -14.8101
v  9.5562 7.4390 -14.3541
v  9.6967 9.0346 -14.4355
v  9.3291 9.0397 -14.8495
v  6.6314 7.4711 -7.2552
v  6.3794 7.4714 -7.1697
v  6.5916 9.0849 -7.1222
v  6.8616 9.0808 -7.1903
v  8.5932 4.0515 -14.6674
v  8.9024 3.9906 -14.2452
v  9.3090 5.6989 -14.3337
v  8.9065 5.7369 -14.7791
v  6.0268 5.7235 -7.2177
v  6.2732 5.7228 -7.3092
v  7.7635 2.1341 -14.6346
v  8.0968 2.0410 -14.1789
v  8.9906 13.1121 -15.1132
v  9.0404 14.0757 -15.1381
v  8.8869 10.6664 -15.0491
v  8.9387 11.8892 -15.0811
v  8.7535 9.0780 -15.0075
v  8.5736 7.4649 -14.9653
v  8.3777 5.8669 -14.9234
v  7.9786 4.2614 -14.8814
v  7.1588 2.3209 -14.8306
v  7.1719 1.7861 -14.5317
v  7.1655 1.9953 -14.7384
v  6.8289 1.6940 -13.0396
v  7.4796 1.6940 -13.0980
v  7.6177 1.6945 -13.7928
v  7.0524 1.6940 -13.7876
v  6.0993 7.4783 -7.1588
v  5.3160 7.4782 -7.1588
v  5.5469 9.0931 -7.1165
v  6.3036 9.0932 -7.1165
v  5.4155 3.9839 -7.2503
v  4.6550 3.9843 -7.2503
v  4.9855 5.7312 -7.2046
v  5.7574 5.7311 -7.2046
v  6.4290 1.6940 -11.7172
v  7.0537 1.6940 -11.5584
v  4.2048 1.6940 -7.9210
v  5.7921 1.6941 -9.0042
v  5.0683 1.6940 -9.0752
v  6.5764 1.6940 -10.4316
v  5.8004 1.6940 -10.3474
v  4.8618 2.2950 -7.2950
v  4.2246 2.2964 -7.2948
v  5.8981 13.1261 -7.0109
v  6.7095 13.1262 -7.0109
v  6.6450 11.9075 -7.0428
v  5.8379 11.9171 -7.0426
v  5.9269 14.0756 -6.9863
v  6.7329 14.0756 -6.9863
v  5.7778 10.7080 -7.0742
v  6.8025 10.6988 -7.0822
v  6.5273 10.7082 -7.0742
v  7.0739 10.6939 -7.1592
v  7.1785 1.6942 -14.2098
v  7.7584 1.7391 -14.1250
v  7.5429 1.7722 -14.4149
v  7.5020 1.6940 -14.0754
v  7.9586 1.8626 -14.1582
v  7.6550 1.9242 -14.5618
v  4.9938 1.9407 -7.4320
v  5.1428 1.9052 -7.5063
v  5.9269 14.1973 -7.1001
v  6.7308 14.1973 -7.1001
v  7.0107 14.1975 -7.1103
v  7.2424 14.1980 -7.1901
v  7.4432 14.1980 -7.3641
v  8.1528 14.1980 -8.4021
v  8.9616 14.1980 -9.9435
v  9.5049 14.1980 -11.4753
v  9.8136 14.1980 -12.9982
v  9.9173 14.1980 -14.0614
v  9.8371 14.1980 -14.4893
v  9.5248 14.1980 -14.8688
v  9.0231 14.1973 -15.0241
v  5.9269 14.1980 -7.2904
v  6.7273 14.1980 -7.2904
v  6.9755 14.1980 -7.2994
v  7.1458 14.1980 -7.3578
v  7.3002 14.1980 -7.4916
v  7.9897 14.1980 -8.5002
v  8.7871 14.1980 -10.0198
v  9.3213 14.1980 -11.5261
v  9.6255 14.1980 -13.0264
v  9.7256 14.1980 -14.0530
v  9.6595 14.1976 -14.4063
v  9.4143 14.1980 -14.7041
v  8.9943 14.1980 -14.8338
v  5.9269 14.1120 -7.4247
v  6.7248 14.1110 -7.4250
v  6.9516 14.1052 -7.4278
v  7.0842 14.0959 -7.4647
v  7.2050 14.1025 -7.5765
v  7.8805 14.1028 -8.5658
v  8.6713 14.1016 -10.0704
v  9.2016 14.0992 -11.5593
v  9.5007 14.1015 -13.0451
v  9.5995 14.1004 -14.0474
v  9.5546 14.0847 -14.3573
v  9.3477 14.0875 -14.6050
v  8.9740 14.1112 -14.6995
v  5.9269 14.1366 -7.0024
v  5.9269 14.1773 -7.0401
v  6.7325 14.1366 -7.0024
v  6.7319 14.1773 -7.0402
v  7.0288 14.1376 -7.0127
v  7.0218 14.1782 -7.0507
v  7.2937 14.1404 -7.1006
v  7.2736 14.1805 -7.1357
v  7.5214 14.1418 -7.2941
v  7.4905 14.1812 -7.3218
v  8.2415 14.1409 -8.3487
v  8.2065 14.1808 -8.3698
v  9.0573 14.1413 -9.9017
v  9.0195 14.1813 -9.9182
v  9.6071 14.1431 -11.4469
v  9.5667 14.1824 -11.4581
v  9.9172 14.1415 -12.9827
v  9.8762 14.1814 -12.9889
v  10.0236 14.1430 -14.0662
v  9.9813 14.1822 -14.0643
v  9.9355 14.1442 -14.5355
v  9.8967 14.1834 -14.5172
v  9.5833 14.1410 -14.9562
v  9.5603 14.1812 -14.9219
v  9.0378 14.1372 -15.1217
v  9.0321 14.1777 -15.0837
v  5.9269 14.1899 -7.3519
v  5.9269 14.1605 -7.3960
v  6.7261 14.1894 -7.3531
v  6.7253 14.1595 -7.3970
v  6.9643 14.1877 -7.3596
v  6.9564 14.1561 -7.4018
v  7.1163 14.1851 -7.4089
v  7.0957 14.1513 -7.4447
v  7.2559 14.1866 -7.5311
v  7.2243 14.1546 -7.5593
v  7.9394 14.1871 -8.5304
v  7.9030 14.1553 -8.5522
v  8.7339 14.1867 -10.0431
v  8.6952 14.1547 -10.0600
v  9.2658 14.1858 -11.5415
v  9.2257 14.1531 -11.5526
v  9.5680 14.1866 -13.0350
v  9.5263 14.1545 -13.0413
v  9.6668 14.1859 -14.0506
v  9.6248 14.1532 -14.0490
v  9.6077 14.1804 -14.3822
v  9.5725 14.1431 -14.3661
v  9.3821 14.1826 -14.6560
v  9.3600 14.1464 -14.6223
v  8.9854 14.1904 -14.7740
v  8.9790 14.1613 -14.7292
v  8.2567 14.0124 -8.3384
v  7.5340 14.0126 -7.2828
v  9.0748 14.0133 -9.8928
v  9.6245 14.0137 -11.4412
v  9.9368 14.0137 -12.9794
v  10.0427 14.0124 -14.0676
v  9.9509 14.0117 -14.5436
v  9.5924 14.0104 -14.9709
v  7.0303 14.0094 -6.9978
v  7.3012 14.0110 -7.0864
v  9.0370 14.0082 -15.1366
v  6.7313 14.0091 -6.9878
v  5.9248 14.0091 -6.9878
v  5.5146 2.3025 -7.5803
v  6.4056 2.2978 -8.7681
v  7.2339 2.2757 -10.2539
v  7.7213 2.2240 -11.4953
v  8.1030 2.2212 -12.9008
v  8.2303 2.1793 -13.7239
v  5.3346 2.3172 -7.4225
v  5.1329 2.3617 -7.3253
v  8.1726 2.2035 -14.1878
v  7.8365 2.2959 -14.6412
v  7.2285 2.4859 -14.8349
v  4.9088 2.4385 -7.2912
v  4.2612 2.4398 -7.2908
v  4.7621 1.9804 -7.3941
v  4.7601 1.7806 -7.6037
v  7.3690 1.6940 -13.0881
v  7.5216 1.6940 -13.7919
v  5.9661 7.4783 -7.1588
v  6.1749 9.0932 -7.1165
v  5.2862 3.9839 -7.2503
v  5.6261 5.7311 -7.2046
v  6.9475 1.6940 -11.5854
v  4.7475 1.6940 -7.9219
v  5.6691 1.6940 -9.0163
v  6.4445 1.6940 -10.4173
v  4.7534 2.2952 -7.2949
v  6.5715 13.1262 -7.0109
v  6.5078 11.9091 -7.0428
v  6.5959 14.0756 -6.9863
v  6.3998 10.7082 -7.0742
v  6.5941 14.1973 -7.1001
v  6.5912 14.1980 -7.2904
v  6.5892 14.1112 -7.4249
v  6.5950 14.1773 -7.0402
v  6.5956 14.1366 -7.0024
v  6.5896 14.1596 -7.3968
v  6.5902 14.1895 -7.3529
v  6.5942 14.0091 -6.9878
v  4.7987 2.4388 -7.2911
v  7.4346 1.6940 -13.9987
v  7.1509 1.6940 -14.1173
v  7.5934 14.0790 -7.3662
v  7.5643 13.1302 -7.3859
v  7.3721 10.6957 -7.4219
v  7.4786 11.9121 -7.3945
v  6.9190 7.4800 -7.5179
v  7.1653 9.0847 -7.4512
v  6.1500 3.9956 -7.6747
v  6.5548 5.7326 -7.5783
v  5.5323 2.1453 -7.6766
v  5.1730 1.7437 -7.8322
v  5.3741 1.8926 -7.7209
v  4.9334 1.6940 -8.0087
v  4.2739 1.6940 -8.0133
v  7.5000 14.1980 -7.4471
v  7.3554 14.1980 -7.5723
v  7.2590 14.1025 -7.6556
v  7.5478 14.1812 -7.4056
v  7.5790 14.1417 -7.3785
v  7.2786 14.1546 -7.6387
v  7.3106 14.1867 -7.6111
v  7.5918 14.0126 -7.3672
v  5.5859 2.3022 -7.6754
v  4.8213 1.6940 -8.0095
v  10.0223 14.0799 -13.8496
v  10.0044 13.1194 -13.8549
v  9.8994 10.6993 -13.8104
v  9.9661 11.9088 -13.8329
v  9.6208 7.4732 -13.6890
v  9.7818 9.0844 -13.7498
v  8.9165 3.9542 -13.5632
v  9.3726 5.6931 -13.6207
v  8.1283 2.0278 -13.5594
v  7.8092 1.7376 -13.6136
v  7.9895 1.8482 -13.5818
v  7.5901 1.6944 -13.6539
v  7.0077 1.6940 -13.6380
v  9.8966 14.1980 -13.8488
v  9.7056 14.1980 -13.8477
v  9.5798 14.1006 -13.8470
v  9.9603 14.1820 -13.8492
v  10.0023 14.1427 -13.8495
v  9.6051 14.1535 -13.8474
v  9.6470 14.1861 -13.8475
v  10.0215 14.0127 -13.8499
v  8.2048 2.1877 -13.5593
v  7.4911 1.6940 -13.6512
v  8.7640 13.1124 -15.1132
v  8.8138 14.0757 -15.1381
v  8.6603 10.6674 -15.0491
v  8.7121 11.8899 -15.0812
v  8.5269 9.0784 -15.0075
v  8.3470 7.4652 -14.9653
v  8.1511 5.8675 -14.9235
v  7.7519 4.2624 -14.8814
v  6.9322 2.3203 -14.8306
v  6.9389 1.9949 -14.7382
v  6.9453 1.7860 -14.5313
v  6.6023 1.6940 -13.0304
v  6.8258 1.6940 -13.7855
v  6.2024 1.6940 -11.7264
v  5.5738 1.6940 -10.3089
v  4.8417 1.6940 -9.0706
v  3.9782 1.6940 -7.9206
v  3.9913 1.9821 -7.3932
v  3.9849 1.7814 -7.6021
v  3.9980 2.2968 -7.2948
v  4.4284 3.9844 -7.2503
v  4.7589 5.7313 -7.2046
v  5.0894 7.4781 -7.1588
v  5.3203 9.0931 -7.1165
v  5.5512 10.7080 -7.0742
v  5.6113 11.9171 -7.0426
v  5.6714 13.1261 -7.0109
v  5.7003 14.0756 -6.9863
v  6.9519 1.6942 -14.2094
v  5.7003 14.1973 -7.1001
v  8.7965 14.1973 -15.0241
v  5.7003 14.1980 -7.2904
v  8.7677 14.1980 -14.8339
v  5.7003 14.1120 -7.4247
v  8.7474 14.1112 -14.6995
v  5.7003 14.1773 -7.0401
v  5.7003 14.1366 -7.0024
v  8.8055 14.1777 -15.0837
v  8.8112 14.1372 -15.1218
v  5.7003 14.1605 -7.3960
v  5.7003 14.1899 -7.3518
v  8.7524 14.1613 -14.7292
v  8.7588 14.1904 -14.7741
v  8.8104 14.0083 -15.1366
v  5.6982 14.0091 -6.9878
v  7.0019 2.4854 -14.8349
v  4.0345 2.4403 -7.2907
v  6.9243 1.6940 -14.1174
v  4.0473 1.6940 -8.0125
v  6.7811 1.6940 -13.6345
v  -7.5404 14.0790 -7.2817
v  -7.5388 14.0126 -7.2828
v  -7.5967 14.0126 -7.3672
v  -7.5983 14.0790 -7.3662
v  -8.0779 10.7053 -8.3987
v  -8.1699 11.9138 -8.3605
v  -7.4835 11.9121 -7.3945
v  -7.3770 10.6957 -7.4219
v  -8.2637 14.0793 -8.3383
v  -8.2616 14.0124 -8.3384
v  -9.0796 14.0133 -9.8928
v  -9.0812 14.0798 -9.8934
v  -8.9307 10.7129 -9.9335
v  -9.0012 11.9214 -9.9061
v  -9.6294 14.0137 -11.4412
v  -9.6308 14.0799 -11.4417
v  -9.4901 10.7178 -11.4347
v  -9.5589 11.9253 -11.4324
v  -9.9417 14.0137 -12.9794
v  -9.9431 14.0801 -12.9796
v  -9.8154 10.7124 -12.9728
v  -9.8824 11.9210 -12.9732
v  -10.0264 14.0127 -13.8499
v  -10.0272 14.0799 -13.8496
v  -9.9265 10.6961 -14.0198
v  -9.9932 11.9058 -14.0478
v  -9.9710 11.9088 -13.8329
v  -9.9043 10.6993 -13.8104
v  -7.7114 7.4809 -8.5441
v  -7.9208 9.0894 -8.4543
v  -7.1702 9.0847 -7.4512
v  -6.9239 7.4800 -7.5179
v  -8.5980 7.4862 -10.0546
v  -8.7923 9.0963 -9.9809
v  -9.1736 7.4905 -11.4739
v  -9.3421 9.1032 -11.4512
v  -9.5291 7.4783 -12.9622
v  -9.6908 9.0938 -12.9644
v  -9.6498 7.4720 -13.8707
v  -9.8106 9.0821 -13.9462
v  -9.7867 9.0844 -13.7498
v  -9.6257 7.4732 -13.6890
v  -7.0093 13.1241 -7.0231
v  -6.9085 11.9114 -7.0516
v  -7.1859 11.9088 -7.1215
v  -7.2779 13.1255 -7.1121
v  -6.9551 3.9980 -8.7123
v  -7.3703 5.7304 -8.6033
v  -6.5597 5.7326 -7.5783
v  -6.1549 3.9956 -7.6747
v  -7.8209 3.9988 -10.1961
v  -8.2571 5.7311 -10.1017
v  -8.3837 4.0008 -11.5134
v  -8.8469 5.7304 -11.4702
v  -8.7970 3.9622 -12.9261
v  -9.2551 5.7013 -12.9241
v  -8.9525 3.9522 -13.7225
v  -9.4081 5.6911 -13.7948
v  -9.3775 5.6931 -13.6207
v  -8.9214 3.9542 -13.5632
v  -6.3600 2.1398 -8.7731
v  -6.4104 2.2978 -8.7681
v  -5.5908 2.3022 -7.6754
v  -5.5371 2.1453 -7.6766
v  -7.1819 2.1166 -10.2607
v  -7.2388 2.2757 -10.2539
v  -7.6576 2.0618 -11.4962
v  -7.7262 2.2240 -11.4953
v  -8.0376 2.0619 -12.8999
v  -8.1079 2.2212 -12.9008
v  -8.1570 2.0193 -13.7243
v  -8.2351 2.1793 -13.7239
v  -8.2097 2.1877 -13.5593
v  -8.1331 2.0278 -13.5594
v  -5.6722 3.9779 -7.2923
v  -5.1378 2.3617 -7.3253
v  -5.3394 2.3172 -7.4225
v  -5.8957 3.9811 -7.4008
v  -4.8635 1.6940 -7.9221
v  -5.1032 1.7429 -7.7400
v  -4.9812 1.7608 -7.6524
v  -4.8774 1.7805 -7.6039
v  -4.2163 1.7812 -7.6024
v  -4.7650 1.7806 -7.6037
v  -4.7669 1.9804 -7.3941
v  -4.2228 1.9817 -7.3934
v  -6.2252 1.9009 -8.8146
v  -5.3790 1.8926 -7.7209
v  -5.1778 1.7437 -7.8322
v  -6.0357 1.7538 -8.8923
v  -7.0376 1.8836 -10.2893
v  -6.8361 1.7441 -10.3475
v  -7.5063 1.8649 -11.4977
v  -7.2994 1.7370 -11.5207
v  -7.9003 1.8597 -12.9544
v  -7.7145 1.7385 -13.0210
v  -8.0179 1.8453 -13.7386
v  -7.9944 1.8482 -13.5818
v  -7.8141 1.7376 -13.6136
v  -7.8390 1.7374 -13.7618
v  -9.5708 13.1120 -14.9522
v  -9.5973 14.0104 -14.9709
v  -9.9558 14.0117 -14.5436
v  -9.9260 13.1073 -14.5436
v  -7.3061 14.0110 -7.0864
v  -7.0351 14.0094 -6.9978
v  -9.4857 10.6464 -14.8702
v  -9.5327 11.8789 -14.9181
v  -9.8810 11.8696 -14.5291
v  -9.8120 10.6332 -14.5024
v  -9.1702 7.4345 -14.8101
v  -9.3340 9.0397 -14.8495
v  -9.7015 9.0346 -14.4355
v  -9.5611 7.4390 -14.3541
v  -6.6363 7.4711 -7.2552
v  -6.8665 9.0808 -7.1903
v  -6.5965 9.0849 -7.1222
v  -6.3843 7.4714 -7.1697
v  -8.5981 4.0515 -14.6674
v  -8.9113 5.7369 -14.7791
v  -9.3139 5.6989 -14.3337
v  -8.9073 3.9906 -14.2452
v  -6.2781 5.7228 -7.3092
v  -6.0317 5.7235 -7.2177
v  -7.7684 2.1341 -14.6346
v  -7.8414 2.2959 -14.6412
v  -8.1775 2.2035 -14.1878
v  -8.1016 2.0410 -14.1789
v  -8.8152 14.0083 -15.1366
v  -8.7689 13.1124 -15.1132
v  -8.7170 11.8899 -15.0812
v  -8.6651 10.6674 -15.0491
v  -8.8917 10.6664 -15.0491
v  -8.7584 9.0780 -15.0075
v  -8.5318 9.0784 -15.0075
v  -8.5785 7.4649 -14.9653
v  -8.3826 5.8669 -14.9234
v  -8.1560 5.8675 -14.9235
v  -8.3519 7.4652 -14.9653
v  -7.9834 4.2614 -14.8814
v  -7.2334 2.4859 -14.8349
v  -7.0067 2.4854 -14.8349
v  -7.7568 4.2624 -14.8814
v  -7.1768 1.7861 -14.5317
v  -6.9502 1.7860 -14.5313
v  -6.9438 1.9949 -14.7382
v  -7.1704 1.9953 -14.7384
v  -6.8337 1.6940 -13.0396
v  -7.0125 1.6940 -13.6380
v  -7.4959 1.6940 -13.6512
v  -7.3739 1.6940 -13.0881
v  -6.1041 7.4783 -7.1588
v  -6.3084 9.0932 -7.1165
v  -6.1798 9.0932 -7.1165
v  -5.9710 7.4783 -7.1588
v  -5.4203 3.9839 -7.2503
v  -5.7622 5.7311 -7.2046
v  -5.6310 5.7311 -7.2046
v  -5.2910 3.9839 -7.2503
v  -6.4339 1.6940 -11.7172
v  -6.9524 1.6940 -11.5854
v  -4.2097 1.6940 -7.9210
v  -4.2788 1.6940 -8.0133
v  -4.8261 1.6940 -8.0095
v  -4.7524 1.6940 -7.9219
v  -5.0732 1.6940 -9.0752
v  -5.8053 1.6940 -10.3474
v  -6.4494 1.6940 -10.4173
v  -5.6740 1.6940 -9.0163
v  -4.6599 3.9843 -7.2503
v  -4.2660 2.4398 -7.2908
v  -4.8036 2.4388 -7.2911
v  -5.9029 13.1261 -7.0109
v  -5.8428 11.9171 -7.0426
v  -6.5127 11.9091 -7.0428
v  -6.5764 13.1262 -7.0109
v  -5.9317 14.0756 -6.9863
v  -5.9297 14.0091 -6.9878
v  -6.5990 14.0091 -6.9878
v  -6.6007 14.0756 -6.9863
v  -6.8306 1.6940 -13.7855
v  -6.7859 1.6940 -13.6345
v  -6.2072 1.6940 -11.7264
v  -6.6071 1.6940 -13.0304
v  -5.5787 1.6940 -10.3089
v  -4.8466 1.6940 -9.0706
v  -4.0522 1.6940 -8.0125
v  -3.9897 1.7814 -7.6021
v  -3.9962 1.9821 -7.3932
v  -4.2294 2.2964 -7.2948
v  -4.0394 2.4403 -7.2907
v  -4.0028 2.2968 -7.2948
v  -4.9904 5.7312 -7.2046
v  -4.7638 5.7313 -7.2046
v  -4.4333 3.9844 -7.2503
v  -5.3209 7.4782 -7.1588
v  -5.5518 9.0931 -7.1165
v  -5.3252 9.0931 -7.1165
v  -5.0943 7.4781 -7.1588
v  -5.7827 10.7080 -7.0742
v  -5.6162 11.9171 -7.0426
v  -5.5561 10.7080 -7.0742
v  -5.7031 14.0091 -6.9878
v  -5.6763 13.1261 -7.0109
v  -4.7583 2.2952 -7.2949
v  -3.9831 1.6940 -7.9206
v  -4.9382 1.6940 -8.0087
v  -5.7970 1.6941 -9.0042
v  -5.3054 1.8919 -7.6258
v  -5.4656 2.1457 -7.5812
v  -6.5813 1.6940 -10.4316
v  -7.0586 1.6940 -11.5584
v  -7.4845 1.6940 -13.0980
v  -7.5949 1.6944 -13.6539
v  -7.6226 1.6945 -13.7928
v  -7.4238 11.9119 -7.3105
v  -7.5116 13.1307 -7.3029
v  -6.8073 10.6988 -7.0822
v  -6.6499 11.9075 -7.0428
v  -6.5321 10.7082 -7.0742
v  -5.5195 2.3025 -7.5803
v  -6.0853 3.9954 -7.5845
v  -5.0882 2.2116 -7.3283
v  -4.9137 2.4385 -7.2912
v  -4.8666 2.2950 -7.2950
v  -6.7361 14.0091 -6.9878
v  -6.7143 13.1262 -7.0109
v  -7.3078 14.0777 -7.0853
v  -7.0787 10.6939 -7.1592
v  -7.1049 9.0843 -7.3640
v  -7.3160 10.6949 -7.3370
v  -6.4892 5.7328 -7.4892
v  -6.8554 7.4800 -7.4287
v  -6.9371 2.3203 -14.8306
v  -7.1637 2.3209 -14.8306
v  -6.9568 1.6942 -14.2094
v  -10.0476 14.0124 -14.0676
v  -10.0316 13.1166 -14.0741
v  -9.5991 14.0780 -14.9721
v  -9.0418 14.0082 -15.1366
v  -9.0453 14.0757 -15.1381
v  -8.9436 11.8892 -15.0811
v  -8.9955 13.1121 -15.1132
v  -7.7632 1.7391 -14.1250
v  -7.5069 1.6940 -14.0754
v  -7.5478 1.7722 -14.4149
v  -7.9635 1.8626 -14.1582
v  -7.6598 1.9242 -14.5618
v  -7.1834 1.6942 -14.2098
v  -6.9291 1.6940 -14.1174
v  -4.9987 1.9407 -7.4320
v  -5.1477 1.9052 -7.5063
v  -5.2878 2.1626 -7.4245
v  -4.8784 1.9801 -7.3943
v  -7.5691 13.1302 -7.3859
v  -9.0515 13.1310 -9.8878
v  -8.2311 13.1247 -8.3416
v  -9.6056 13.1338 -11.4365
v  -9.9203 13.1308 -12.9780
v  -10.0093 13.1194 -13.8549
v  -6.4047 10.7082 -7.0742
v  -5.9317 14.1366 -7.0024
v  -5.9317 14.1773 -7.0401
v  -5.7051 14.1773 -7.0401
v  -5.7051 14.1366 -7.0024
v  -6.7374 14.1366 -7.0024
v  -6.7367 14.1773 -7.0402
v  -6.5999 14.1773 -7.0402
v  -6.6004 14.1366 -7.0024
v  -7.0337 14.1376 -7.0127
v  -7.0266 14.1782 -7.0507
v  -7.2985 14.1404 -7.1006
v  -7.2785 14.1805 -7.1357
v  -7.5262 14.1418 -7.2941
v  -7.4953 14.1812 -7.3218
v  -8.2464 14.1409 -8.3487
v  -8.2114 14.1808 -8.3698
v  -7.5526 14.1812 -7.4056
v  -7.5838 14.1417 -7.3785
v  -9.0622 14.1413 -9.9017
v  -9.0244 14.1813 -9.9182
v  -9.6120 14.1431 -11.4469
v  -9.5715 14.1824 -11.4581
v  -9.9221 14.1415 -12.9827
v  -9.8811 14.1814 -12.9889
v  -10.0284 14.1430 -14.0662
v  -9.9862 14.1822 -14.0643
v  -9.9652 14.1820 -13.8492
v  -10.0072 14.1427 -13.8495
v  -9.9403 14.1442 -14.5355
v  -9.9015 14.1834 -14.5172
v  -9.5881 14.1410 -14.9562
v  -9.5651 14.1812 -14.9219
v  -9.0427 14.1372 -15.1217
v  -9.0369 14.1777 -15.0837
v  -8.8103 14.1777 -15.0837
v  -8.8161 14.1372 -15.1218
v  -5.7051 14.1973 -7.1001
v  -5.7051 14.1980 -7.2904
v  -5.9317 14.1973 -7.1001
v  -6.5990 14.1973 -7.1001
v  -6.5961 14.1980 -7.2904
v  -5.9317 14.1980 -7.2904
v  -6.7356 14.1973 -7.1001
v  -7.0156 14.1975 -7.1103
v  -6.9804 14.1980 -7.2994
v  -6.7321 14.1980 -7.2904
v  -7.2473 14.1980 -7.1901
v  -7.1507 14.1980 -7.3578
v  -7.4481 14.1980 -7.3641
v  -7.3051 14.1980 -7.4916
v  -7.5048 14.1980 -7.4471
v  -7.3602 14.1980 -7.5723
v  -8.1576 14.1980 -8.4021
v  -8.9665 14.1980 -9.9435
v  -8.7920 14.1980 -10.0198
v  -7.9945 14.1980 -8.5002
v  -9.5097 14.1980 -11.4753
v  -9.3262 14.1980 -11.5261
v  -9.8185 14.1980 -12.9982
v  -9.6303 14.1980 -13.0264
v  -9.9014 14.1980 -13.8488
v  -9.7104 14.1980 -13.8477
v  -9.9222 14.1980 -14.0614
v  -9.8420 14.1980 -14.4893
v  -9.6644 14.1976 -14.4063
v  -9.7305 14.1980 -14.0530
v  -9.5297 14.1980 -14.8688
v  -9.4191 14.1980 -14.7041
v  -9.0280 14.1973 -15.0241
v  -8.9992 14.1980 -14.8338
v  -8.8014 14.1973 -15.0241
v  -8.7726 14.1980 -14.8339
v  -5.9318 14.1899 -7.3519
v  -5.9318 14.1605 -7.3960
v  -5.7052 14.1605 -7.3960
v  -5.7051 14.1899 -7.3518
v  -6.7310 14.1894 -7.3531
v  -6.7302 14.1595 -7.3970
v  -6.5944 14.1596 -7.3968
v  -6.5951 14.1895 -7.3529
v  -6.9691 14.1877 -7.3596
v  -6.9613 14.1561 -7.4018
v  -7.1212 14.1851 -7.4089
v  -7.1005 14.1513 -7.4447
v  -7.2608 14.1866 -7.5311
v  -7.2291 14.1546 -7.5593
v  -7.9443 14.1871 -8.5304
v  -7.9079 14.1553 -8.5522
v  -7.2834 14.1546 -7.6387
v  -7.3154 14.1867 -7.6111
v  -8.7387 14.1867 -10.0431
v  -8.7000 14.1547 -10.0600
v  -9.2707 14.1858 -11.5415
v  -9.2306 14.1531 -11.5526
v  -9.5728 14.1866 -13.0350
v  -9.5312 14.1545 -13.0413
v  -9.6716 14.1859 -14.0506
v  -9.6296 14.1532 -14.0490
v  -9.6100 14.1535 -13.8474
v  -9.6519 14.1861 -13.8475
v  -9.6126 14.1804 -14.3822
v  -9.5773 14.1431 -14.3661
v  -9.3869 14.1826 -14.6560
v  -9.3649 14.1464 -14.6223
v  -8.9903 14.1904 -14.7740
v  -8.9839 14.1613 -14.7292
v  -8.7573 14.1613 -14.7292
v  -8.7637 14.1904 -14.7741
v  -5.7051 14.0756 -6.9863
v  -6.7378 14.0756 -6.9863
v  -7.0370 14.0760 -6.9962
v  -10.0482 14.0799 -14.0671
v  -9.9579 14.0797 -14.5435
v  -8.8187 14.0757 -15.1381
v  -5.9318 14.1120 -7.4247
v  -5.7052 14.1120 -7.4247
v  -6.7297 14.1110 -7.4250
v  -6.5940 14.1112 -7.4249
v  -6.9565 14.1052 -7.4278
v  -7.0891 14.0959 -7.4647
v  -7.2099 14.1025 -7.5765
v  -7.8854 14.1028 -8.5658
v  -7.2639 14.1025 -7.6556
v  -8.6762 14.1016 -10.0704
v  -9.2064 14.0992 -11.5593
v  -9.5056 14.1015 -13.0451
v  -9.6044 14.1004 -14.0474
v  -9.5846 14.1006 -13.8470
v  -9.5595 14.0847 -14.3573
v  -9.3526 14.0875 -14.6050
v  -8.9789 14.1112 -14.6995
v  -8.7522 14.1112 -14.6995
v  -7.5264 1.6940 -13.7919
v  -7.1558 1.6940 -14.1173
v  -7.4395 1.6940 -13.9987
v  -7.0573 1.6940 -13.7876
v  -10.5340 14.1118 -14.2279
v  -7.8381 14.1370 -7.0279
v  -10.4243 15.3338 -14.1611
v  -7.7869 15.3501 -7.1342
v  -8.7426 15.3468 -8.5398
v  -9.4535 15.3416 -9.9566
v  -9.9621 15.3371 -11.3638
v  -10.2681 15.3327 -12.7643
v  -10.3752 14.1131 -12.7951
v  -10.0705 14.1202 -11.3548
v  -9.5487 14.1265 -9.9104
v  -8.8190 14.1331 -8.4601
v  -7.0467 14.1247 -6.6499
v  -6.9859 15.3347 -6.7557
v  -9.5147 14.3269 -15.2683
v  -9.4249 15.3289 -15.2158
v  0.0000 15.3347 -6.7557
v  -7.6103 14.1412 -6.8258
v  -7.3466 14.1372 -6.6996
v  -7.2899 15.3484 -6.8037
v  -7.5566 15.3534 -6.9305
v  -9.9355 14.3245 -15.1703
v  -10.2515 14.2973 -14.9515
v  -10.4720 14.1369 -14.6202
v  -10.3542 15.3409 -14.5801
v  -10.1525 15.3413 -14.9020
v  -9.8372 15.3405 -15.1247
v  -10.1729 15.5703 -14.1915
v  -7.5952 15.5810 -7.2888
v  -8.5355 15.5947 -8.6555
v  -9.2200 15.5921 -10.0203
v  -9.7400 15.5823 -11.4288
v  -10.0338 15.5746 -12.7946
v  -7.0073 15.5747 -6.9972
v  -9.4237 15.5699 -14.9748
v  0.0000 15.5803 -6.9959
v  -7.2255 15.5753 -7.0341
v  -7.4373 15.5769 -7.1273
v  -10.1360 15.5697 -14.4754
v  -9.9721 15.5702 -14.7261
v  -9.7177 15.5702 -14.9011
v  0.0000 15.5925 -7.2887
v  0.0000 15.6493 -8.6553
v  0.0000 15.6840 -11.4294
v  0.0000 15.6649 -12.7950
v  0.0000 15.5958 -14.6143
v  -9.4097 15.5803 -14.1916
v  -7.0253 15.5836 -7.2887
v  -7.8951 15.6026 -8.6554
v  -8.5283 15.6038 -10.0203
v  -9.0093 15.5952 -11.4288
v  -9.2811 15.5850 -12.7947
v  -9.3756 15.5775 -14.6144
v  -9.7913 15.5753 -14.1916
v  -7.3103 15.5826 -7.2887
v  -8.2153 15.5988 -8.6555
v  -8.8742 15.5981 -10.0203
v  -9.3746 15.5891 -11.4288
v  -9.6575 15.5801 -12.7947
v  -9.7558 15.5741 -14.5449
v  -10.3831 15.4566 -14.1720
v  -10.2997 15.5357 -14.1822
v  -7.7535 15.4683 -7.1595
v  -7.6901 15.5457 -7.2108
v  -8.7106 15.4715 -8.5567
v  -8.6413 15.5540 -8.5952
v  -9.4156 15.4666 -9.9608
v  -9.3383 15.5506 -9.9818
v  -9.9276 15.4582 -11.3742
v  -9.8536 15.5399 -11.3958
v  -10.2301 15.4536 -12.7679
v  -10.1522 15.5344 -12.7782
v  -6.9957 15.4564 -6.7948
v  -7.0032 15.5367 -6.8750
v  -9.4287 15.4514 -15.1771
v  -9.4287 15.5318 -15.0967
v  0.0000 15.5355 -15.0917
v  0.0000 15.4570 -6.7951
v  0.0000 15.5377 -6.8763
v  -7.2787 15.4635 -6.8438
v  -7.2576 15.5395 -6.9202
v  -7.5366 15.4653 -6.9663
v  -7.4968 15.5397 -7.0321
v  -10.3181 15.4588 -14.5586
v  -10.2456 15.5353 -14.5238
v  -10.1210 15.4609 -14.8706
v  -10.0608 15.5374 -14.8122
v  -9.8132 15.4604 -15.0872
v  -9.7738 15.5375 -15.0131
v  -10.4350 15.2157 -14.1675
v  -7.7920 15.2320 -7.1238
v  -8.7501 15.2287 -8.5320
v  -9.4628 15.2235 -9.9521
v  -10.2792 15.2146 -12.7671
v  -9.9726 15.2189 -11.3629
v  -6.9919 15.2165 -6.7454
v  -9.4355 15.2108 -15.2220
v  -7.2955 15.2303 -6.7935
v  -7.5619 15.2353 -6.9202
v  -9.8490 15.2224 -15.1308
v  -10.1638 15.2232 -14.9077
v  -10.3654 15.2227 -14.5839
v  -10.3694 13.9440 -14.2418
v  -7.7154 13.9444 -7.1248
v  -10.2166 13.9440 -12.7978
v  -9.9031 13.9440 -11.4035
v  -9.4159 13.9449 -9.9764
v  -8.6869 13.9442 -8.5464
v  -7.0551 13.9447 -6.7971
v  -9.5151 14.1945 -15.1518
v  -7.5302 13.9442 -6.9541
v  -7.3255 13.9442 -6.8542
v  -9.8709 14.1934 -15.0825
v  -10.1755 14.1447 -14.8902
v  -10.3279 13.9797 -14.6052
v  -10.1855 14.0908 -14.2663
v  -7.5612 14.0992 -7.2421
v  -10.0380 14.0902 -12.8675
v  -9.7374 14.0965 -11.4679
v  -9.2498 14.0697 -10.0849
v  -8.5252 14.0948 -8.6486
v  -7.0655 14.0986 -7.0008
v  -7.4157 14.1074 -7.1153
v  -7.2501 14.0975 -7.0330
v  -9.8237 14.1857 -15.0082
v  -10.0244 14.1662 -14.7751
v  -10.1591 14.0994 -14.5309
v  -10.0804 14.1930 -14.2773
v  -7.4642 14.1940 -7.3138
v  -9.9245 14.1935 -12.8757
v  -9.6161 14.1935 -11.4918
v  -9.1396 14.1937 -10.1261
v  -8.4268 14.1937 -8.7101
v  -7.0621 14.1939 -7.1149
v  0.0000 14.1938 -7.1134
v  -7.3517 14.1939 -7.2066
v  -7.2261 14.1940 -7.1476
v  -9.7842 14.1940 -14.9509
v  -9.9523 14.1940 -14.7276
v  -10.0528 14.1937 -14.4836
v  -10.5122 14.0242 -14.2342
v  -10.4575 13.9681 -14.2388
v  -7.8273 14.0403 -7.0335
v  -7.7868 13.9759 -7.0658
v  -10.3526 14.0273 -12.7910
v  -10.3002 13.9705 -12.7918
v  -10.0434 14.0338 -11.3627
v  -9.9914 13.9714 -11.3780
v  -9.5409 14.0318 -9.9166
v  -9.4949 13.9729 -9.9395
v  -8.8042 14.0421 -8.4715
v  -8.7617 13.9777 -8.4993
v  -7.0529 14.0358 -6.6650
v  -7.0557 13.9761 -6.7143
v  -9.5177 14.2610 -15.2554
v  -9.5177 14.2165 -15.2170
v  0.0000 14.2186 -15.2198
v  -7.6059 14.0444 -6.8353
v  -7.5796 13.9783 -6.8777
v  -7.3522 14.0420 -6.7141
v  -7.3454 13.9772 -6.7651
v  -9.9234 14.2612 -15.1649
v  -9.9014 14.2175 -15.1359
v  -10.2402 14.2300 -14.9505
v  -10.2151 14.1787 -14.9308
v  -10.4487 14.0606 -14.6304
v  -10.4008 14.0081 -14.6253
v  -10.2816 13.9586 -14.2513
v  -10.2200 14.0071 -14.2592
v  -7.6411 13.9583 -7.1836
v  -7.5896 14.0100 -7.2226
v  -10.1280 13.9561 -12.8258
v  -10.0675 14.0037 -12.8491
v  -9.8200 13.9578 -11.4329
v  -9.7623 14.0052 -11.4551
v  -9.3395 13.9550 -10.0215
v  -9.2864 14.0001 -10.0567
v  -8.6076 13.9551 -8.5955
v  -8.5522 14.0030 -8.6303
v  -7.0554 13.9561 -6.8966
v  -7.0590 14.0074 -6.9645
v  -7.4740 13.9589 -7.0344
v  -7.4363 14.0140 -7.0878
v  -7.2910 13.9581 -6.9420
v  -7.2663 14.0091 -7.0018
v  -9.8473 14.1897 -15.0453
v  -10.1188 14.1322 -14.8538
v  -10.0683 14.1372 -14.8147
v  -10.2516 13.9889 -14.5834
v  -10.1949 14.0266 -14.5572
v  -10.1659 14.1416 -14.2698
v  -10.1309 14.1758 -14.2736
v  -7.5410 14.1505 -7.2558
v  -7.5085 14.1821 -7.2797
v  -10.0156 14.1422 -12.8678
v  -9.9782 14.1771 -12.8704
v  -9.7072 14.1409 -11.4729
v  -9.6698 14.1768 -11.4800
v  -9.2320 14.1330 -10.0905
v  -9.1959 14.1751 -10.1040
v  -8.5050 14.1443 -8.6618
v  -8.4730 14.1782 -8.6818
v  -7.0657 14.1484 -7.0239
v  -7.0647 14.1803 -7.0617
v  0.0000 14.1810 -7.0633
v  0.0000 14.1477 -7.0233
v  -7.4015 14.1527 -7.1349
v  -7.3804 14.1819 -7.1651
v  -7.2467 14.1489 -7.0561
v  -7.2388 14.1809 -7.0945
v  -9.8041 14.1909 -14.9797
v  -10.0024 14.1803 -14.7599
v  -9.9787 14.1908 -14.7444
v  -10.1361 14.1474 -14.5169
v  -10.1011 14.1796 -14.5018
v  -7.8341 14.2334 -7.0363
v  -8.8131 14.2296 -8.4663
v  -9.5412 14.2229 -9.9140
v  -7.0418 14.2211 -6.6583
v  -7.3421 14.2336 -6.7079
v  -10.4636 14.2335 -14.6173
v  -10.5255 14.2082 -14.2226
v  -10.3718 14.2099 -12.7918
v  -10.0619 14.2166 -11.3555
v  -9.5061 14.4234 -15.2632
v  -7.6061 14.2376 -6.8341
v  -9.9263 14.4209 -15.1662
v  -10.2423 14.3937 -14.9469
v  -3.1691 14.3269 -15.2683
v  -6.3419 14.3269 -15.2683
v  -6.2820 15.3289 -15.2158
v  -3.1392 15.3289 -15.2158
v  -4.6965 14.1247 -6.6499
v  -2.3464 14.1247 -6.6499
v  -2.3262 15.3347 -6.7557
v  -4.6561 15.3347 -6.7557
v  -6.2811 15.5753 -14.9738
v  -3.1385 15.5792 -14.9726
v  -2.3336 15.5794 -6.9962
v  -4.6705 15.5776 -6.9966
v  -3.1227 15.5940 -14.6145
v  -6.2492 15.5868 -14.6145
v  -6.2719 15.6000 -14.1918
v  -3.1341 15.6103 -14.1919
v  -4.6823 15.5867 -7.2887
v  -2.3393 15.5916 -7.2886
v  -5.2622 15.6289 -8.6552
v  -2.6293 15.6397 -8.6552
v  -5.6844 15.6430 -10.0204
v  -2.8404 15.6601 -10.0205
v  -6.0051 15.6434 -11.4291
v  -3.0008 15.6679 -11.4293
v  -6.1863 15.6265 -12.7950
v  -3.0913 15.6510 -12.7951
v  -6.2845 15.5332 -15.0951
v  -3.1403 15.5344 -15.0935
v  -3.1404 15.4533 -15.1765
v  -6.2846 15.4524 -15.1769
v  -2.3322 15.5373 -6.8759
v  -4.6677 15.5370 -6.8755
v  -4.6626 15.4566 -6.7949
v  -2.3295 15.4568 -6.7950
v  -6.2891 15.2108 -15.2220
v  -3.1427 15.2108 -15.2220
v  -2.3282 15.2165 -6.7454
v  -4.6600 15.2165 -6.7454
v  -3.1666 14.1951 -15.1569
v  -6.3409 14.1948 -15.1543
v  -4.7038 13.9443 -6.8057
v  -2.3525 13.9440 -6.8143
v  -4.7120 14.0984 -7.0007
v  -2.3585 14.0982 -7.0006
v  -4.7085 14.1939 -7.1144
v  -2.3550 14.1938 -7.1139
v  -3.1684 14.2179 -15.2189
v  -6.3430 14.2171 -15.2180
v  -6.3434 14.2614 -15.2557
v  -3.1692 14.2619 -15.2560
v  -4.7036 13.9735 -6.7179
v  -2.3515 13.9711 -6.7216
v  -2.3496 14.0317 -6.6672
v  -4.7012 14.0337 -6.6661
v  -4.7072 14.0093 -6.9659
v  -2.3555 14.0111 -6.9672
v  -2.3535 13.9598 -6.9051
v  -4.7044 13.9580 -6.9008
v  -4.7106 14.1802 -7.0614
v  -2.3566 14.1800 -7.0610
v  -2.3578 14.1479 -7.0234
v  -4.7118 14.1482 -7.0236
v  -3.1662 14.4234 -15.2632
v  -6.3361 14.4234 -15.2632
v  -4.6933 14.2211 -6.6583
v  -2.3448 14.2211 -6.6583
v  9.4628 15.2235 -9.9521
v  9.9726 15.2189 -11.3629
v  10.0619 14.2166 -11.3555
v  9.5412 14.2229 -9.9140
v  7.7920 15.2320 -7.1238
v  8.7501 15.2287 -8.5320
v  8.8131 14.2296 -8.4663
v  7.8341 14.2334 -7.0363
v  10.4350 15.2157 -14.1675
v  10.5255 14.2082 -14.2226
v  10.3718 14.2099 -12.7918
v  10.2792 15.2146 -12.7671
v  7.2955 15.2303 -6.7935
v  7.5619 15.2353 -6.9202
v  7.6061 14.2376 -6.8341
v  7.3421 14.2336 -6.7079
v  10.1638 15.2232 -14.9077
v  10.2423 14.3937 -14.9469
v  10.4636 14.2335 -14.6173
v  10.3654 15.2227 -14.5839
v  6.2891 15.2108 -15.2220
v  3.1427 15.2108 -15.2220
v  3.1662 14.4234 -15.2632
v  6.3361 14.4234 -15.2632
v  4.6933 14.2211 -6.6583
v  2.3448 14.2211 -6.6583
v  2.3282 15.2165 -6.7454
v  4.6600 15.2165 -6.7454
v  6.9919 15.2165 -6.7454
v  7.0418 14.2211 -6.6583
v  9.4355 15.2108 -15.2220
v  9.5061 14.4234 -15.2632
v  9.9263 14.4209 -15.1662
v  9.8490 15.2224 -15.1308
v  7.7535 15.4683 -7.1595
v  7.6901 15.5457 -7.2108
v  8.6413 15.5540 -8.5952
v  8.7106 15.4715 -8.5567
v  9.3383 15.5506 -9.9818
v  9.4156 15.4666 -9.9608
v  9.8536 15.5399 -11.3958
v  9.9276 15.4582 -11.3742
v  10.1522 15.5344 -12.7782
v  10.2301 15.4536 -12.7679
v  10.2997 15.5357 -14.1822
v  10.3831 15.4566 -14.1720
v  6.9957 15.4564 -6.7948
v  7.0032 15.5367 -6.8750
v  7.2576 15.5395 -6.9202
v  7.2787 15.4635 -6.8438
v  10.2456 15.5353 -14.5238
v  10.3181 15.4588 -14.5586
v  6.2845 15.5332 -15.0951
v  3.1403 15.5344 -15.0935
v  3.1404 15.4533 -15.1765
v  6.2846 15.4524 -15.1769
v  2.3322 15.5373 -6.8759
v  4.6677 15.5370 -6.8755
v  4.6626 15.4566 -6.7949
v  2.3295 15.4568 -6.7950
v  7.4968 15.5397 -7.0321
v  7.5366 15.4653 -6.9663
v  10.0608 15.5374 -14.8122
v  10.1210 15.4609 -14.8706
v  9.7738 15.5375 -15.0131
v  9.8132 15.4604 -15.0872
v  9.4287 15.5318 -15.0967
v  9.4287 15.4514 -15.1771
v  8.5355 15.5947 -8.6555
v  7.5952 15.5810 -7.2888
v  7.3103 15.5826 -7.2887
v  8.2153 15.5988 -8.6555
v  9.2200 15.5921 -10.0203
v  8.8742 15.5981 -10.0203
v  9.7400 15.5823 -11.4288
v  9.3746 15.5891 -11.4288
v  10.0338 15.5746 -12.7946
v  9.6575 15.5801 -12.7947
v  10.1729 15.5703 -14.1915
v  9.7913 15.5753 -14.1916
v  10.1360 15.5697 -14.4754
v  9.7558 15.5741 -14.5449
v  4.6823 15.5867 -7.2887
v  2.3393 15.5916 -7.2886
v  2.6293 15.6397 -8.6552
v  5.2622 15.6289 -8.6552
v  2.8404 15.6601 -10.0205
v  5.6844 15.6430 -10.0204
v  3.0008 15.6679 -11.4293
v  6.0051 15.6434 -11.4291
v  3.0913 15.6510 -12.7951
v  6.1863 15.6265 -12.7950
v  3.1341 15.6103 -14.1919
v  6.2719 15.6000 -14.1918
v  3.1227 15.5940 -14.6145
v  6.2492 15.5868 -14.6145
v  3.1385 15.5792 -14.9726
v  6.2811 15.5753 -14.9738
v  4.6705 15.5776 -6.9966
v  2.3336 15.5794 -6.9962
v  7.0253 15.5836 -7.2887
v  7.8951 15.6026 -8.6554
v  8.5283 15.6038 -10.0203
v  9.0093 15.5952 -11.4288
v  9.2811 15.5850 -12.7947
v  9.4097 15.5803 -14.1916
v  9.3756 15.5775 -14.6144
v  9.4237 15.5699 -14.9748
v  9.7177 15.5702 -14.9011
v  7.2255 15.5753 -7.0341
v  7.0073 15.5747 -6.9972
v  7.4373 15.5769 -7.1273
v  9.9721 15.5702 -14.7261
v  8.7426 15.3468 -8.5398
v  7.7869 15.3501 -7.1342
v  9.4535 15.3416 -9.9566
v  9.9621 15.3371 -11.3638
v  10.2681 15.3327 -12.7643
v  10.4243 15.3338 -14.1611
v  7.2899 15.3484 -6.8037
v  6.9859 15.3347 -6.7557
v  10.3542 15.3409 -14.5801
v  3.1392 15.3289 -15.2158
v  6.2820 15.3289 -15.2158
v  4.6561 15.3347 -6.7557
v  2.3262 15.3347 -6.7557
v  7.5566 15.3534 -6.9305
v  10.1525 15.3413 -14.9020
v  9.8372 15.3405 -15.1247
v  9.4249 15.3289 -15.2158
v  10.5122 14.0242 -14.2342
v  10.4575 13.9681 -14.2388
v  10.3002 13.9705 -12.7918
v  10.3526 14.0273 -12.7910
v  9.9914 13.9714 -11.3780
v  10.0434 14.0338 -11.3627
v  9.4949 13.9729 -9.9395
v  9.5409 14.0318 -9.9166
v  8.7617 13.9777 -8.4993
v  8.8042 14.0421 -8.4715
v  7.7868 13.9759 -7.0658
v  7.8273 14.0403 -7.0335
v  7.5796 13.9783 -6.8777
v  7.6059 14.0444 -6.8353
v  9.5177 14.2610 -15.2554
v  9.5177 14.2165 -15.2170
v  9.9014 14.2175 -15.1359
v  9.9234 14.2612 -15.1649
v  3.1684 14.2179 -15.2189
v  6.3430 14.2171 -15.2180
v  6.3434 14.2614 -15.2557
v  3.1692 14.2619 -15.2560
v  4.7036 13.9735 -6.7179
v  2.3515 13.9711 -6.7216
v  2.3496 14.0317 -6.6672
v  4.7012 14.0337 -6.6661
v  7.3454 13.9772 -6.7651
v  7.3522 14.0420 -6.7141
v  7.0557 13.9761 -6.7143
v  7.0529 14.0358 -6.6650
v  10.2151 14.1787 -14.9308
v  10.2402 14.2300 -14.9505
v  10.4008 14.0081 -14.6253
v  10.4487 14.0606 -14.6304
v  10.2816 13.9586 -14.2513
v  10.2200 14.0071 -14.2592
v  10.0675 14.0037 -12.8491
v  10.1280 13.9561 -12.8258
v  9.7623 14.0052 -11.4551
v  9.8200 13.9578 -11.4329
v  9.2864 14.0001 -10.0567
v  9.3395 13.9550 -10.0215
v  8.5522 14.0030 -8.6303
v  8.6076 13.9551 -8.5955
v  7.5896 14.0100 -7.2226
v  7.6411 13.9583 -7.1836
v  7.4363 14.0140 -7.0878
v  7.4740 13.9589 -7.0344
v  9.8709 14.1934 -15.0825
v  9.5151 14.1945 -15.1518
v  9.8473 14.1897 -15.0453
v  4.7072 14.0093 -6.9659
v  2.3555 14.0111 -6.9672
v  2.3535 13.9598 -6.9051
v  4.7044 13.9580 -6.9008
v  7.2663 14.0091 -7.0018
v  7.2910 13.9581 -6.9420
v  7.0590 14.0074 -6.9645
v  7.0554 13.9561 -6.8966
v  10.0683 14.1372 -14.8147
v  10.1188 14.1322 -14.8538
v  10.1949 14.0266 -14.5572
v  10.2516 13.9889 -14.5834
v  10.1659 14.1416 -14.2698
v  10.1309 14.1758 -14.2736
v  9.9782 14.1771 -12.8704
v  10.0156 14.1422 -12.8678
v  9.6698 14.1768 -11.4800
v  9.7072 14.1409 -11.4729
v  9.1959 14.1751 -10.1040
v  9.2320 14.1330 -10.0905
v  8.4730 14.1782 -8.6818
v  8.5050 14.1443 -8.6618
v  7.5085 14.1821 -7.2797
v  7.5410 14.1505 -7.2558
v  7.3804 14.1819 -7.1651
v  7.4015 14.1527 -7.1349
v  9.8237 14.1857 -15.0082
v  9.8041 14.1909 -14.9797
v  4.7106 14.1802 -7.0614
v  2.3566 14.1800 -7.0610
v  2.3578 14.1479 -7.0234
v  4.7118 14.1482 -7.0236
v  7.2388 14.1809 -7.0945
v  7.2467 14.1489 -7.0561
v  7.0647 14.1803 -7.0617
v  7.0657 14.1484 -7.0239
v  9.9787 14.1908 -14.7444
v  10.0024 14.1803 -14.7599
v  10.1011 14.1796 -14.5018
v  10.1361 14.1474 -14.5169
v  10.3694 13.9440 -14.2418
v  10.2166 13.9440 -12.7978
v  10.3752 14.1131 -12.7951
v  10.5340 14.1118 -14.2279
v  9.9031 13.9440 -11.4035
v  10.0705 14.1202 -11.3548
v  9.4159 13.9449 -9.9764
v  9.5487 14.1265 -9.9104
v  8.6869 13.9442 -8.5464
v  8.8190 14.1331 -8.4601
v  7.7154 13.9444 -7.1248
v  7.8381 14.1370 -7.0279
v  7.5302 13.9442 -6.9541
v  7.6103 14.1412 -6.8258
v  9.9355 14.3245 -15.1703
v  9.5147 14.3269 -15.2683
v  3.1666 14.1951 -15.1569
v  6.3409 14.1948 -15.1543
v  6.3419 14.3269 -15.2683
v  3.1691 14.3269 -15.2683
v  4.7038 13.9443 -6.8057
v  2.3525 13.9440 -6.8143
v  2.3464 14.1247 -6.6499
v  4.6965 14.1247 -6.6499
v  7.3255 13.9442 -6.8542
v  7.3466 14.1372 -6.6996
v  7.0551 13.9447 -6.7971
v  7.0467 14.1247 -6.6499
v  10.1755 14.1447 -14.8902
v  10.2515 14.2973 -14.9515
v  10.3279 13.9797 -14.6052
v  10.4720 14.1369 -14.6202
v  10.1855 14.0908 -14.2663
v  10.0380 14.0902 -12.8675
v  9.7374 14.0965 -11.4679
v  9.2498 14.0697 -10.0849
v  8.5252 14.0948 -8.6486
v  7.5612 14.0992 -7.2421
v  7.4157 14.1074 -7.1153
v  4.7120 14.0984 -7.0007
v  2.3585 14.0982 -7.0006
v  7.2501 14.0975 -7.0330
v  7.0655 14.0986 -7.0008
v  10.0244 14.1662 -14.7751
v  10.1591 14.0994 -14.5309
v  10.0804 14.1930 -14.2773
v  9.9245 14.1935 -12.8757
v  9.6161 14.1935 -11.4918
v  9.1396 14.1937 -10.1261
v  8.4268 14.1937 -8.7101
v  7.4642 14.1940 -7.3138
v  7.3517 14.1939 -7.2066
v  4.7085 14.1939 -7.1144
v  2.3550 14.1938 -7.1139
v  7.2261 14.1940 -7.1476
v  7.0621 14.1939 -7.1149
v  9.7842 14.1940 -14.9509
v  9.9523 14.1940 -14.7276
v  10.0528 14.1937 -14.4836
v  0.0000 15.2108 -15.2220
v  0.0000 14.4234 -15.2632
v  0.0000 14.2211 -6.6583
v  0.0000 15.2165 -6.7454
v  0.0000 15.4542 -15.1760
v  0.0000 15.6766 -10.0207
v  0.0000 15.6133 -14.1917
v  0.0000 15.5810 -14.9710
v  0.0000 15.3289 -15.2158
v  0.0000 14.2624 -15.2562
v  0.0000 13.9631 -6.7350
v  0.0000 14.0171 -6.6757
v  0.0000 14.0092 -6.9658
v  0.0000 13.9642 -6.9150
v  0.0000 14.1953 -15.1594
v  0.0000 14.3269 -15.2683
v  0.0000 13.9440 -6.8238
v  0.0000 14.1247 -6.6499
v  0.0000 14.0845 -6.9977
v  -3.1665 14.1950 -15.0069
v  0.0000 14.1953 -15.0094
v  3.1665 14.1950 -15.0069
v  6.3408 14.1948 -15.0043
v  9.4652 14.1945 -15.0018
v  9.6772 14.1940 -14.8436
v  9.8209 14.1940 -14.6527
v  9.9067 14.1937 -14.4444
v  9.9293 14.1930 -14.2756
v  9.7763 14.1935 -12.9003
v  9.4716 14.1935 -11.5329
v  9.0012 14.1937 -10.1848
v  8.2975 14.1937 -8.7868
v  7.3495 14.1940 -7.4117
v  7.2659 14.1939 -7.3320
v  7.1788 14.1941 -7.2911
v  7.0472 14.1939 -7.2649
v  4.7085 14.1939 -7.2644
v  2.3549 14.1938 -7.2639
v  0.0000 14.1938 -7.2634
v  -2.3549 14.1938 -7.2639
v  -4.7085 14.1939 -7.2644
v  -7.0472 14.1939 -7.2649
v  -7.1788 14.1941 -7.2911
v  -7.2659 14.1939 -7.3320
v  -7.3495 14.1940 -7.4117
v  -8.2975 14.1937 -8.7868
v  -9.0012 14.1937 -10.1848
v  -9.4716 14.1935 -11.5329
v  -9.7763 14.1935 -12.9003
v  -9.9293 14.1930 -14.2756
v  -9.9067 14.1937 -14.4444
v  -9.8209 14.1940 -14.6527
v  -9.6772 14.1940 -14.8436
v  -9.4652 14.1945 -15.0018
v  -6.3408 14.1948 -15.0043
v  2.2283 1.1711 -10.6922
v  2.1525 1.1711 -11.2680
v  1.9303 1.1711 -11.8045
v  1.5767 1.1711 -12.2653
v  1.1160 1.1711 -12.6188
v  0.5795 1.1711 -12.8410
v  0.0037 1.1711 -12.9168
v  -0.5721 1.1711 -12.8410
v  -1.1086 1.1711 -12.6188
v  -1.5693 1.1711 -12.2653
v  -1.9229 1.1711 -11.8045
v  -2.1451 1.1711 -11.2680
v  -2.2209 1.1711 -10.6922
v  -2.1451 1.1711 -10.1165
v  -1.9229 1.1711 -9.5799
v  -1.5693 1.1711 -9.1192
v  -1.1086 1.1711 -8.7657
v  -0.5721 1.1711 -8.5434
v  0.0037 1.1711 -8.4676
v  0.5795 1.1711 -8.5434
v  1.1160 1.1711 -8.7657
v  1.5767 1.1711 -9.1192
v  1.9303 1.1711 -9.5799
v  2.1525 1.1711 -10.1165
v  2.2283 1.7466 -10.6922
v  2.1525 1.7466 -11.2680
v  1.9303 1.7466 -11.8045
v  1.5767 1.7466 -12.2653
v  1.1160 1.7466 -12.6188
v  0.5795 1.7466 -12.8410
v  0.0037 1.7466 -12.9168
v  -0.5721 1.7466 -12.8410
v  -1.1086 1.7466 -12.6188
v  -1.5693 1.7466 -12.2653
v  -1.9229 1.7466 -11.8045
v  -2.1451 1.7466 -11.2680
v  -2.2209 1.7466 -10.6922
v  -2.1451 1.7466 -10.1165
v  -1.9229 1.7466 -9.5799
v  -1.5693 1.7466 -9.1192
v  -1.1086 1.7466 -8.7657
v  -0.5721 1.7466 -8.5434
v  0.0037 1.7466 -8.4676
v  0.5795 1.7466 -8.5434
v  1.1160 1.7466 -8.7657
v  1.5767 1.7466 -9.1192
v  1.9303 1.7466 -9.5799
v  2.1525 1.7466 -10.1165
v  -2.9531 0.1338 -9.4734
v  -3.0395 0.1338 -9.4734
v  -3.1143 0.1338 -9.4302
v  -3.1575 0.1338 -9.3554
v  -3.1575 0.1338 -9.2690
v  -3.1143 0.1338 -9.1942
v  -3.0395 0.1338 -9.1511
v  -2.9531 0.1338 -9.1511
v  -2.8783 0.1338 -9.1942
v  -2.8351 0.1338 -9.2690
v  -2.8351 0.1338 -9.3554
v  -2.8783 0.1338 -9.4302
v  -2.9647 0.0776 -9.4302
v  -3.0279 0.0776 -9.4302
v  -3.0827 0.0776 -9.3986
v  -3.1143 0.0776 -9.3438
v  -3.1143 0.0776 -9.2806
v  -3.0827 0.0776 -9.2259
v  -3.0279 0.0776 -9.1942
v  -2.9647 0.0776 -9.1942
v  -2.9099 0.0776 -9.2259
v  -2.8783 0.0776 -9.2806
v  -2.8783 0.0776 -9.3438
v  -2.9099 0.0776 -9.3986
v  -2.9739 0.0577 -9.3956
v  -3.0187 0.0577 -9.3956
v  -3.0574 0.0577 -9.3733
v  -3.0797 0.0577 -9.3346
v  -3.0797 0.0577 -9.2899
v  -3.0574 0.0577 -9.2512
v  -3.0187 0.0577 -9.2288
v  -2.9739 0.0577 -9.2288
v  -2.9352 0.0577 -9.2512
v  -2.9129 0.0577 -9.2899
v  -2.9129 0.0577 -9.3346
v  -2.9352 0.0577 -9.3733
v  -2.9963 0.0575 -9.3122
v  -3.1143 2.1453 -9.4302
v  -3.0395 2.1453 -9.4734
v  -3.1575 2.1453 -9.3554
v  -3.1575 2.1453 -9.2690
v  -3.1143 2.1453 -9.1942
v  -3.0395 2.1453 -9.1511
v  -2.9531 2.1453 -9.1511
v  -2.8783 2.1453 -9.1942
v  -2.8351 2.1453 -9.2690
v  -2.8351 2.1453 -9.3554
v  -2.8783 2.1453 -9.4302
v  -2.9531 2.1453 -9.4734
v  -3.1143 0.1674 -9.4302
v  -3.0395 0.1674 -9.4734
v  -3.1575 0.1674 -9.3554
v  -3.1575 0.1674 -9.2690
v  -3.1143 0.1674 -9.1942
v  -3.0395 0.1674 -9.1511
v  -2.9531 0.1674 -9.1511
v  -2.8783 0.1674 -9.1942
v  -2.8351 0.1674 -9.2690
v  -2.8351 0.1674 -9.3554
v  -2.8783 0.1674 -9.4302
v  -2.9531 0.1674 -9.4734
v  -2.7416 0.9614 -9.4661
v  -2.7416 0.9614 -9.1713
v  -2.7416 0.7747 -9.1713
v  -2.7416 0.7747 -9.4661
v  -2.9969 0.9614 -9.0239
v  -2.9969 0.7747 -9.0239
v  -3.2521 0.9614 -9.1713
v  -3.2521 0.7747 -9.1713
v  -3.2521 0.9614 -9.4661
v  -3.2521 0.7747 -9.4661
v  -2.9969 0.9614 -9.6134
v  -2.9969 0.7747 -9.6134
v  -2.9969 0.9614 -9.3187
v  -2.9969 0.7747 -9.3187
v  -2.5554 1.0069 -9.3122
v  -2.5820 1.0069 -9.1614
v  -2.5820 0.9612 -9.1614
v  -2.5554 0.9612 -9.3122
v  -2.6586 1.0069 -9.0288
v  -2.6586 0.9612 -9.0288
v  -2.7759 1.0069 -8.9304
v  -2.7759 0.9612 -8.9304
v  -2.9197 1.0069 -8.8780
v  -2.9197 0.9612 -8.8780
v  -3.0729 1.0069 -8.8780
v  -3.0729 0.9612 -8.8780
v  -3.2167 1.0069 -8.9304
v  -3.2167 0.9612 -8.9304
v  -3.3340 1.0069 -9.0288
v  -3.3340 0.9612 -9.0288
v  -3.4106 1.0069 -9.1614
v  -3.4106 0.9612 -9.1614
v  -3.4372 1.0069 -9.3122
v  -3.4372 0.9612 -9.3122
v  -3.4106 1.0069 -9.4630
v  -3.4106 0.9612 -9.4630
v  -3.3340 1.0069 -9.5956
v  -3.3340 0.9612 -9.5956
v  -3.2167 1.0069 -9.6940
v  -3.2167 0.9612 -9.6940
v  -3.0729 1.0069 -9.7464
v  -3.0729 0.9612 -9.7464
v  -2.9197 1.0069 -9.7464
v  -2.9197 0.9612 -9.7464
v  -2.7759 1.0069 -9.6940
v  -2.7759 0.9612 -9.6940
v  -2.6586 1.0069 -9.5956
v  -2.6586 0.9612 -9.5956
v  -2.5820 1.0069 -9.4630
v  -2.5820 0.9612 -9.4630
v  -2.7759 1.0069 -9.3122
v  -2.7892 1.0069 -9.2368
v  -2.8274 1.0069 -9.1705
v  -2.8861 1.0069 -9.1213
v  -2.9580 1.0069 -9.0951
v  -3.0346 1.0069 -9.0951
v  -3.1065 1.0069 -9.1213
v  -3.1652 1.0069 -9.1705
v  -3.2035 1.0069 -9.2368
v  -3.2167 1.0069 -9.3122
v  -3.2035 1.0069 -9.3876
v  -3.1652 1.0069 -9.4539
v  -3.1065 1.0069 -9.5031
v  -3.0346 1.0069 -9.5293
v  -2.9580 1.0069 -9.5293
v  -2.8861 1.0069 -9.5031
v  -2.8274 1.0069 -9.4539
v  -2.7892 1.0069 -9.3876
v  -2.7892 0.9612 -9.2368
v  -2.7759 0.9612 -9.3122
v  -2.8274 0.9612 -9.1705
v  -2.8861 0.9612 -9.1213
v  -2.9580 0.9612 -9.0951
v  -3.0346 0.9612 -9.0951
v  -3.1065 0.9612 -9.1213
v  -3.1652 0.9612 -9.1705
v  -3.2035 0.9612 -9.2368
v  -3.2167 0.9612 -9.3122
v  -3.2035 0.9612 -9.3876
v  -3.1652 0.9612 -9.4539
v  -3.1065 0.9612 -9.5031
v  -3.0346 0.9612 -9.5293
v  -2.9580 0.9612 -9.5293
v  -2.8861 0.9612 -9.5031
v  -2.8274 0.9612 -9.4539
v  -2.7892 0.9612 -9.3876
v  -2.6150 1.6669 -9.3122
v  -2.6380 1.6669 -9.1818
v  -2.6380 1.4442 -9.1818
v  -2.6150 1.4442 -9.3122
v  -2.7042 1.6669 -9.0672
v  -2.7042 1.4442 -9.0672
v  -2.8057 1.6669 -8.9820
v  -2.8057 1.4442 -8.9820
v  -2.9301 1.6669 -8.9368
v  -2.9301 1.4442 -8.9368
v  -3.0625 1.6669 -8.9368
v  -3.0625 1.4442 -8.9368
v  -3.1869 1.6669 -8.9820
v  -3.1869 1.4442 -8.9820
v  -3.2884 1.6669 -9.0672
v  -3.2884 1.4442 -9.0672
v  -3.3546 1.6669 -9.1818
v  -3.3546 1.4442 -9.1818
v  -3.3776 1.6669 -9.3122
v  -3.3776 1.4442 -9.3122
v  -3.3546 1.6669 -9.4426
v  -3.3546 1.4442 -9.4426
v  -3.2884 1.6669 -9.5573
v  -3.2884 1.4442 -9.5573
v  -3.1869 1.6669 -9.6424
v  -3.1869 1.4442 -9.6424
v  -3.0625 1.6669 -9.6877
v  -3.0625 1.4442 -9.6877
v  -2.9301 1.6669 -9.6877
v  -2.9301 1.4442 -9.6877
v  -2.8057 1.6669 -9.6424
v  -2.8057 1.4442 -9.6424
v  -2.7042 1.6669 -9.5573
v  -2.7042 1.4442 -9.5573
v  -2.6380 1.6669 -9.4426
v  -2.6380 1.4442 -9.4426
v  -2.8474 1.7378 -9.3122
v  -2.8564 1.7378 -9.2613
v  -2.8823 1.7378 -9.2165
v  -2.9219 1.7378 -9.1833
v  -2.9704 1.7378 -9.1656
v  -3.0222 1.7378 -9.1656
v  -3.0707 1.7378 -9.1833
v  -3.1103 1.7378 -9.2165
v  -3.1362 1.7378 -9.2613
v  -3.1452 1.7378 -9.3122
v  -3.1362 1.7378 -9.3631
v  -3.1103 1.7378 -9.4079
v  -3.0707 1.7378 -9.4411
v  -3.0222 1.7378 -9.4588
v  -2.9704 1.7378 -9.4588
v  -2.9219 1.7378 -9.4411
v  -2.8823 1.7378 -9.4079
v  -2.8564 1.7378 -9.3631
v  -2.8564 1.3733 -9.2613
v  -2.8474 1.3733 -9.3122
v  -2.8823 1.3733 -9.2165
v  -2.9219 1.3733 -9.1833
v  -2.9704 1.3733 -9.1656
v  -3.0222 1.3733 -9.1656
v  -3.0707 1.3733 -9.1833
v  -3.1103 1.3733 -9.2165
v  -3.1362 1.3733 -9.2613
v  -3.1452 1.3733 -9.3122
v  -3.1362 1.3733 -9.3631
v  -3.1103 1.3733 -9.4079
v  -3.0707 1.3733 -9.4411
v  -3.0222 1.3733 -9.4588
v  -2.9704 1.3733 -9.4588
v  -2.9219 1.3733 -9.4411
v  -2.8823 1.3733 -9.4079
v  -2.8564 1.3733 -9.3631
v  0.0469 0.1363 -13.4734
v  -0.0395 0.1363 -13.4734
v  -0.1143 0.1363 -13.4302
v  -0.1575 0.1363 -13.3554
v  -0.1575 0.1363 -13.2690
v  -0.1143 0.1363 -13.1942
v  -0.0395 0.1363 -13.1511
v  0.0469 0.1363 -13.1511
v  0.1217 0.1363 -13.1942
v  0.1649 0.1363 -13.2690
v  0.1649 0.1363 -13.3554
v  0.1217 0.1363 -13.4302
v  0.0353 0.0801 -13.4302
v  -0.0279 0.0801 -13.4302
v  -0.0827 0.0801 -13.3986
v  -0.1143 0.0801 -13.3438
v  -0.1143 0.0801 -13.2806
v  -0.0827 0.0801 -13.2259
v  -0.0279 0.0801 -13.1942
v  0.0353 0.0801 -13.1942
v  0.0901 0.0801 -13.2259
v  0.1217 0.0801 -13.2806
v  0.1217 0.0801 -13.3438
v  0.0901 0.0801 -13.3986
v  0.0261 0.0602 -13.3956
v  -0.0187 0.0602 -13.3956
v  -0.0574 0.0602 -13.3733
v  -0.0797 0.0602 -13.3346
v  -0.0797 0.0602 -13.2899
v  -0.0574 0.0602 -13.2512
v  -0.0187 0.0602 -13.2288
v  0.0261 0.0602 -13.2288
v  0.0648 0.0602 -13.2512
v  0.0871 0.0602 -13.2899
v  0.0871 0.0602 -13.3346
v  0.0648 0.0602 -13.3733
v  0.0037 0.0600 -13.3122
v  -0.1143 2.1478 -13.4302
v  -0.0395 2.1478 -13.4734
v  -0.1575 2.1478 -13.3554
v  -0.1575 2.1478 -13.2690
v  -0.1143 2.1478 -13.1942
v  -0.0395 2.1478 -13.1511
v  0.0469 2.1478 -13.1511
v  0.1217 2.1478 -13.1942
v  0.1649 2.1478 -13.2690
v  0.1649 2.1478 -13.3554
v  0.1217 2.1478 -13.4302
v  0.0469 2.1478 -13.4734
v  -0.1143 0.1698 -13.4302
v  -0.0395 0.1698 -13.4734
v  -0.1575 0.1698 -13.3554
v  -0.1575 0.1698 -13.2690
v  -0.1143 0.1698 -13.1942
v  -0.0395 0.1698 -13.1511
v  0.0469 0.1698 -13.1511
v  0.1217 0.1698 -13.1942
v  0.1649 0.1698 -13.2690
v  0.1649 0.1698 -13.3554
v  0.1217 0.1698 -13.4302
v  0.0469 0.1698 -13.4734
v  0.2584 0.9639 -13.4661
v  0.2584 0.9639 -13.1713
v  0.2584 0.7772 -13.1713
v  0.2584 0.7772 -13.4661
v  0.0031 0.9639 -13.0239
v  0.0031 0.7772 -13.0239
v  -0.2521 0.9639 -13.1713
v  -0.2521 0.7772 -13.1713
v  -0.2521 0.9639 -13.4661
v  -0.2521 0.7772 -13.4661
v  0.0031 0.9639 -13.6134
v  0.0031 0.7772 -13.6134
v  0.0031 0.9639 -13.3187
v  0.0031 0.7772 -13.3187
v  0.4446 1.0094 -13.3122
v  0.4180 1.0094 -13.1614
v  0.4180 0.9637 -13.1614
v  0.4446 0.9637 -13.3122
v  0.3414 1.0094 -13.0288
v  0.3414 0.9637 -13.0288
v  0.2241 1.0094 -12.9304
v  0.2241 0.9637 -12.9304
v  0.0803 1.0094 -12.8780
v  0.0803 0.9637 -12.8780
v  -0.0729 1.0094 -12.8780
v  -0.0729 0.9637 -12.8780
v  -0.2167 1.0094 -12.9304
v  -0.2167 0.9637 -12.9304
v  -0.3340 1.0094 -13.0288
v  -0.3340 0.9637 -13.0288
v  -0.4106 1.0094 -13.1614
v  -0.4106 0.9637 -13.1614
v  -0.4372 1.0094 -13.3122
v  -0.4372 0.9637 -13.3122
v  -0.4106 1.0094 -13.4630
v  -0.4106 0.9637 -13.4630
v  -0.3340 1.0094 -13.5956
v  -0.3340 0.9637 -13.5956
v  -0.2167 1.0094 -13.6940
v  -0.2167 0.9637 -13.6940
v  -0.0729 1.0094 -13.7464
v  -0.0729 0.9637 -13.7464
v  0.0803 1.0094 -13.7464
v  0.0803 0.9637 -13.7464
v  0.2241 1.0094 -13.6940
v  0.2241 0.9637 -13.6940
v  0.3414 1.0094 -13.5956
v  0.3414 0.9637 -13.5956
v  0.4180 1.0094 -13.4630
v  0.4180 0.9637 -13.4630
v  0.2241 1.0094 -13.3122
v  0.2108 1.0094 -13.2368
v  0.1726 1.0094 -13.1705
v  0.1139 1.0094 -13.1213
v  0.0420 1.0094 -13.0951
v  -0.0346 1.0094 -13.0951
v  -0.1065 1.0094 -13.1213
v  -0.1652 1.0094 -13.1705
v  -0.2035 1.0094 -13.2368
v  -0.2167 1.0094 -13.3122
v  -0.2035 1.0094 -13.3876
v  -0.1652 1.0094 -13.4539
v  -0.1065 1.0094 -13.5031
v  -0.0346 1.0094 -13.5293
v  0.0420 1.0094 -13.5293
v  0.1139 1.0094 -13.5031
v  0.1726 1.0094 -13.4539
v  0.2108 1.0094 -13.3876
v  0.2108 0.9637 -13.2368
v  0.2241 0.9637 -13.3122
v  0.1726 0.9637 -13.1705
v  0.1139 0.9637 -13.1213
v  0.0420 0.9637 -13.0951
v  -0.0346 0.9637 -13.0951
v  -0.1065 0.9637 -13.1213
v  -0.1652 0.9637 -13.1705
v  -0.2035 0.9637 -13.2368
v  -0.2167 0.9637 -13.3122
v  -0.2035 0.9637 -13.3876
v  -0.1652 0.9637 -13.4539
v  -0.1065 0.9637 -13.5031
v  -0.0346 0.9637 -13.5293
v  0.0420 0.9637 -13.5293
v  0.1139 0.9637 -13.5031
v  0.1726 0.9637 -13.4539
v  0.2108 0.9637 -13.3876
v  0.3850 1.6693 -13.3122
v  0.3620 1.6693 -13.1818
v  0.3620 1.4467 -13.1818
v  0.3850 1.4467 -13.3122
v  0.2958 1.6693 -13.0672
v  0.2958 1.4467 -13.0672
v  0.1943 1.6693 -12.9820
v  0.1943 1.4467 -12.9820
v  0.0699 1.6693 -12.9368
v  0.0699 1.4467 -12.9368
v  -0.0625 1.6693 -12.9368
v  -0.0625 1.4467 -12.9368
v  -0.1869 1.6693 -12.9820
v  -0.1869 1.4467 -12.9820
v  -0.2884 1.6693 -13.0672
v  -0.2884 1.4467 -13.0672
v  -0.3546 1.6693 -13.1818
v  -0.3546 1.4467 -13.1818
v  -0.3776 1.6693 -13.3122
v  -0.3776 1.4467 -13.3122
v  -0.3546 1.6693 -13.4426
v  -0.3546 1.4467 -13.4426
v  -0.2884 1.6693 -13.5573
v  -0.2884 1.4467 -13.5573
v  -0.1869 1.6693 -13.6424
v  -0.1869 1.4467 -13.6424
v  -0.0625 1.6693 -13.6877
v  -0.0625 1.4467 -13.6877
v  0.0699 1.6693 -13.6877
v  0.0699 1.4467 -13.6877
v  0.1943 1.6693 -13.6424
v  0.1943 1.4467 -13.6424
v  0.2958 1.6693 -13.5573
v  0.2958 1.4467 -13.5573
v  0.3620 1.6693 -13.4426
v  0.3620 1.4467 -13.4426
v  0.1526 1.7403 -13.3122
v  0.1436 1.7403 -13.2613
v  0.1177 1.7403 -13.2165
v  0.0781 1.7403 -13.1833
v  0.0295 1.7403 -13.1656
v  -0.0222 1.7403 -13.1656
v  -0.0707 1.7403 -13.1833
v  -0.1103 1.7403 -13.2165
v  -0.1362 1.7403 -13.2613
v  -0.1452 1.7403 -13.3122
v  -0.1362 1.7403 -13.3631
v  -0.1103 1.7403 -13.4079
v  -0.0707 1.7403 -13.4411
v  -0.0222 1.7403 -13.4588
v  0.0295 1.7403 -13.4588
v  0.0781 1.7403 -13.4411
v  0.1177 1.7403 -13.4079
v  0.1436 1.7403 -13.3631
v  0.1436 1.3758 -13.2613
v  0.1526 1.3758 -13.3122
v  0.1177 1.3758 -13.2165
v  0.0781 1.3758 -13.1833
v  0.0295 1.3758 -13.1656
v  -0.0222 1.3758 -13.1656
v  -0.0707 1.3758 -13.1833
v  -0.1103 1.3758 -13.2165
v  -0.1362 1.3758 -13.2613
v  -0.1452 1.3758 -13.3122
v  -0.1362 1.3758 -13.3631
v  -0.1103 1.3758 -13.4079
v  -0.0707 1.3758 -13.4411
v  -0.0222 1.3758 -13.4588
v  0.0295 1.3758 -13.4588
v  0.0781 1.3758 -13.4411
v  0.1177 1.3758 -13.4079
v  0.1436 1.3758 -13.3631
v  3.0469 0.1363 -9.4734
v  2.9605 0.1363 -9.4734
v  2.8857 0.1363 -9.4302
v  2.8425 0.1363 -9.3554
v  2.8425 0.1363 -9.2690
v  2.8857 0.1363 -9.1942
v  2.9605 0.1363 -9.1511
v  3.0469 0.1363 -9.1511
v  3.1217 0.1363 -9.1942
v  3.1649 0.1363 -9.2690
v  3.1649 0.1363 -9.3554
v  3.1217 0.1363 -9.4302
v  3.0353 0.0801 -9.4302
v  2.9721 0.0801 -9.4302
v  2.9173 0.0801 -9.3986
v  2.8857 0.0801 -9.3438
v  2.8857 0.0801 -9.2806
v  2.9173 0.0801 -9.2259
v  2.9721 0.0801 -9.1942
v  3.0353 0.0801 -9.1942
v  3.0901 0.0801 -9.2259
v  3.1217 0.0801 -9.2806
v  3.1217 0.0801 -9.3438
v  3.0901 0.0801 -9.3986
v  3.0261 0.0602 -9.3956
v  2.9813 0.0602 -9.3956
v  2.9426 0.0602 -9.3733
v  2.9203 0.0602 -9.3346
v  2.9203 0.0602 -9.2899
v  2.9426 0.0602 -9.2512
v  2.9813 0.0602 -9.2288
v  3.0261 0.0602 -9.2288
v  3.0648 0.0602 -9.2512
v  3.0871 0.0602 -9.2899
v  3.0871 0.0602 -9.3346
v  3.0648 0.0602 -9.3733
v  3.0037 0.0600 -9.3122
v  2.8857 2.1478 -9.4302
v  2.9605 2.1478 -9.4734
v  2.8425 2.1478 -9.3554
v  2.8425 2.1478 -9.2690
v  2.8857 2.1478 -9.1942
v  2.9605 2.1478 -9.1511
v  3.0469 2.1478 -9.1511
v  3.1217 2.1478 -9.1942
v  3.1649 2.1478 -9.2690
v  3.1649 2.1478 -9.3554
v  3.1217 2.1478 -9.4302
v  3.0469 2.1478 -9.4734
v  2.8857 0.1698 -9.4302
v  2.9605 0.1698 -9.4734
v  2.8425 0.1698 -9.3554
v  2.8425 0.1698 -9.2690
v  2.8857 0.1698 -9.1942
v  2.9605 0.1698 -9.1511
v  3.0469 0.1698 -9.1511
v  3.1217 0.1698 -9.1942
v  3.1649 0.1698 -9.2690
v  3.1649 0.1698 -9.3554
v  3.1217 0.1698 -9.4302
v  3.0469 0.1698 -9.4734
v  3.2584 0.9639 -9.4661
v  3.2584 0.9639 -9.1713
v  3.2584 0.7772 -9.1713
v  3.2584 0.7772 -9.4661
v  3.0031 0.9639 -9.0239
v  3.0031 0.7772 -9.0239
v  2.7479 0.9639 -9.1713
v  2.7479 0.7772 -9.1713
v  2.7479 0.9639 -9.4661
v  2.7479 0.7772 -9.4661
v  3.0031 0.9639 -9.6134
v  3.0031 0.7772 -9.6134
v  3.0031 0.9639 -9.3187
v  3.0031 0.7772 -9.3187
v  3.4446 1.0094 -9.3122
v  3.4180 1.0094 -9.1614
v  3.4180 0.9637 -9.1614
v  3.4446 0.9637 -9.3122
v  3.3414 1.0094 -9.0288
v  3.3414 0.9637 -9.0288
v  3.2241 1.0094 -8.9304
v  3.2241 0.9637 -8.9304
v  3.0803 1.0094 -8.8780
v  3.0803 0.9637 -8.8780
v  2.9271 1.0094 -8.8780
v  2.9271 0.9637 -8.8780
v  2.7833 1.0094 -8.9304
v  2.7833 0.9637 -8.9304
v  2.6660 1.0094 -9.0288
v  2.6660 0.9637 -9.0288
v  2.5894 1.0094 -9.1614
v  2.5894 0.9637 -9.1614
v  2.5628 1.0094 -9.3122
v  2.5628 0.9637 -9.3122
v  2.5894 1.0094 -9.4630
v  2.5894 0.9637 -9.4630
v  2.6660 1.0094 -9.5956
v  2.6660 0.9637 -9.5956
v  2.7833 1.0094 -9.6940
v  2.7833 0.9637 -9.6940
v  2.9271 1.0094 -9.7464
v  2.9271 0.9637 -9.7464
v  3.0803 1.0094 -9.7464
v  3.0803 0.9637 -9.7464
v  3.2241 1.0094 -9.6940
v  3.2241 0.9637 -9.6940
v  3.3414 1.0094 -9.5956
v  3.3414 0.9637 -9.5956
v  3.4180 1.0094 -9.4630
v  3.4180 0.9637 -9.4630
v  3.2241 1.0094 -9.3122
v  3.2108 1.0094 -9.2368
v  3.1726 1.0094 -9.1705
v  3.1139 1.0094 -9.1213
v  3.0420 1.0094 -9.0951
v  2.9654 1.0094 -9.0951
v  2.8935 1.0094 -9.1213
v  2.8348 1.0094 -9.1705
v  2.7965 1.0094 -9.2368
v  2.7833 1.0094 -9.3122
v  2.7965 1.0094 -9.3876
v  2.8348 1.0094 -9.4539
v  2.8935 1.0094 -9.5031
v  2.9654 1.0094 -9.5293
v  3.0420 1.0094 -9.5293
v  3.1139 1.0094 -9.5031
v  3.1726 1.0094 -9.4539
v  3.2108 1.0094 -9.3876
v  3.2108 0.9637 -9.2368
v  3.2241 0.9637 -9.3122
v  3.1726 0.9637 -9.1705
v  3.1139 0.9637 -9.1213
v  3.0420 0.9637 -9.0951
v  2.9654 0.9637 -9.0951
v  2.8935 0.9637 -9.1213
v  2.8348 0.9637 -9.1705
v  2.7965 0.9637 -9.2368
v  2.7833 0.9637 -9.3122
v  2.7965 0.9637 -9.3876
v  2.8348 0.9637 -9.4539
v  2.8935 0.9637 -9.5031
v  2.9654 0.9637 -9.5293
v  3.0420 0.9637 -9.5293
v  3.1139 0.9637 -9.5031
v  3.1726 0.9637 -9.4539
v  3.2108 0.9637 -9.3876
v  3.3850 1.6693 -9.3122
v  3.3620 1.6693 -9.1818
v  3.3620 1.4467 -9.1818
v  3.3850 1.4467 -9.3122
v  3.2958 1.6693 -9.0672
v  3.2958 1.4467 -9.0672
v  3.1943 1.6693 -8.9820
v  3.1943 1.4467 -8.9820
v  3.0699 1.6693 -8.9368
v  3.0699 1.4467 -8.9368
v  2.9375 1.6693 -8.9368
v  2.9375 1.4467 -8.9368
v  2.8131 1.6693 -8.9820
v  2.8131 1.4467 -8.9820
v  2.7116 1.6693 -9.0672
v  2.7116 1.4467 -9.0672
v  2.6454 1.6693 -9.1818
v  2.6454 1.4467 -9.1818
v  2.6224 1.6693 -9.3122
v  2.6224 1.4467 -9.3122
v  2.6454 1.6693 -9.4426
v  2.6454 1.4467 -9.4426
v  2.7116 1.6693 -9.5573
v  2.7116 1.4467 -9.5573
v  2.8131 1.6693 -9.6424
v  2.8131 1.4467 -9.6424
v  2.9375 1.6693 -9.6877
v  2.9375 1.4467 -9.6877
v  3.0699 1.6693 -9.6877
v  3.0699 1.4467 -9.6877
v  3.1943 1.6693 -9.6424
v  3.1943 1.4467 -9.6424
v  3.2958 1.6693 -9.5573
v  3.2958 1.4467 -9.5573
v  3.3620 1.6693 -9.4426
v  3.3620 1.4467 -9.4426
v  3.1526 1.7403 -9.3122
v  3.1436 1.7403 -9.2613
v  3.1177 1.7403 -9.2165
v  3.0781 1.7403 -9.1833
v  3.0295 1.7403 -9.1656
v  2.9778 1.7403 -9.1656
v  2.9293 1.7403 -9.1833
v  2.8897 1.7403 -9.2165
v  2.8638 1.7403 -9.2613
v  2.8548 1.7403 -9.3122
v  2.8638 1.7403 -9.3631
v  2.8897 1.7403 -9.4079
v  2.9293 1.7403 -9.4411
v  2.9778 1.7403 -9.4588
v  3.0295 1.7403 -9.4588
v  3.0781 1.7403 -9.4411
v  3.1177 1.7403 -9.4079
v  3.1436 1.7403 -9.3631
v  3.1436 1.3758 -9.2613
v  3.1526 1.3758 -9.3122
v  3.1177 1.3758 -9.2165
v  3.0781 1.3758 -9.1833
v  3.0295 1.3758 -9.1656
v  2.9778 1.3758 -9.1656
v  2.9293 1.3758 -9.1833
v  2.8897 1.3758 -9.2165
v  2.8638 1.3758 -9.2613
v  2.8548 1.3758 -9.3122
v  2.8638 1.3758 -9.3631
v  2.8897 1.3758 -9.4079
v  2.9293 1.3758 -9.4411
v  2.9778 1.3758 -9.4588
v  3.0295 1.3758 -9.4588
v  3.0781 1.3758 -9.4411
v  3.1177 1.3758 -9.4079
v  3.1436 1.3758 -9.3631
v  -10.1126 12.6465 -10.3273
v  -9.1711 11.8318 -9.3054
v  -8.9124 11.8340 -9.4550
v  -8.8817 11.7280 -9.3931
v  -9.1081 12.1887 -9.5795
v  -9.0086 12.1887 -9.6339
v  -8.9589 12.0059 -9.5421
v  -9.3224 11.9141 -9.2314
v  -9.1888 12.3807 -9.6035
v  -9.0514 12.3807 -9.7129
v  -9.3621 12.5642 -9.5895
v  -9.0907 12.5640 -9.7857
v  -9.5697 12.6325 -9.5823
v  -9.1369 12.6314 -9.8710
v  -9.9811 12.6674 -10.4976
v  -9.6058 12.6390 -10.7371
v  -8.8100 12.2561 -7.9688
v  -9.0668 12.2284 -8.2030
v  -9.9797 12.7363 -10.4988
v  -9.6217 12.7350 -10.7666
v  -9.6696 12.7443 -9.3354
v  -9.4367 12.7677 -9.4904
v  -9.0753 12.7671 -9.7570
v  -9.4556 12.7343 -8.9000
v  -9.1998 12.7642 -9.0480
v  -8.8331 12.7644 -9.3097
v  -9.2272 12.7073 -8.4754
v  -8.9595 12.7566 -8.6103
v  -8.5878 12.7567 -8.8566
v  -8.7979 12.7014 -8.3674
v  -8.4436 12.6982 -8.5902
v  -8.7503 12.5571 -7.9979
v  -8.6047 12.5623 -8.0874
v  -8.2783 12.5634 -8.2847
v  -8.4358 12.3174 -7.8013
v  -8.1194 12.3191 -7.9911
v  -8.7930 12.0237 -7.9605
v  -8.6734 11.9040 -8.0165
v  -8.2625 11.8962 -8.2555
v  -8.9122 11.7672 -8.2834
v  -8.4270 11.7553 -8.5594
v  -9.1383 11.7011 -8.6332
v  -8.6253 11.6895 -8.9258
v  -8.7884 11.6861 -9.2261
v  -9.4598 11.8123 -8.8713
v  -9.1567 12.1922 -9.3495
v  -9.3167 11.9340 -9.0854
v  -9.2152 12.0403 -9.2220
v  -9.2051 12.3807 -9.4208
v  -9.3938 12.5645 -9.3983
v  -9.3654 11.8894 -8.6074
v  -9.2000 12.1962 -8.8258
v  -9.3005 11.9779 -8.7752
v  -9.2344 12.0749 -8.7771
v  -9.2413 12.3764 -8.8903
v  -9.3809 12.5549 -8.9235
v  -9.4763 12.6547 -8.9026
v  -9.2240 12.1857 -8.3650
v  -9.2312 12.3905 -8.3908
v  -9.3495 12.5178 -8.6178
v  -8.5341 12.3157 -7.7434
v  -9.4117 11.8131 -9.1103
v  -9.1398 12.1894 -9.5306
v  -9.3108 11.8987 -9.2614
v  -9.2059 12.0206 -9.3822
v  -9.1696 11.9980 -9.4207
v  -9.1564 12.3807 -9.6534
v  -9.3077 12.5640 -9.6526
v  -9.4862 12.6314 -9.6598
v  -9.9648 12.6401 -10.4681
v  -9.6215 12.6662 -10.7662
v  -9.9580 12.7636 -10.4644
v  -9.6039 12.7624 -10.7337
v  -9.4081 12.7628 -8.9227
v  -9.0491 12.6177 -8.2488
v  -9.4422 11.8518 -8.9098
v  -10.1430 12.6526 -10.3268
v  -9.4301 11.8322 -9.0922
v  -9.1321 12.1889 -9.5611
v  -9.3207 11.9060 -9.2557
v  -9.1979 12.0168 -9.4095
v  -9.1814 12.3807 -9.6345
v  -9.3491 12.5640 -9.6228
v  -9.8769 12.6391 -10.2669
v  -9.5467 12.6317 -9.6190
v  -9.9787 12.6454 -10.4929
v  -9.6189 12.6442 -10.7615
v  -10.1242 12.7661 -10.3374
v  -9.9762 12.7583 -10.4950
v  -9.6193 12.7570 -10.7621
v  -9.2031 12.7436 -8.4627
v  -9.0157 12.6799 -8.2384
v  -9.0383 11.8833 -8.2001
v  -9.4646 11.8314 -8.8760
v  -9.5157 12.6384 -10.5708
v  -9.8446 12.7652 -10.2535
v  -9.4995 12.7640 -10.5409
v  -10.0501 12.6468 -10.1586
v  -10.0684 12.7456 -10.1472
v  -10.0798 12.6542 -10.1404
v  -8.5943 12.1598 -7.7649
v  -8.4499 12.1415 -7.7869
v  -8.1162 12.1405 -7.9853
v  -8.5393 12.1545 -7.7407
v  -9.2193 12.7665 -10.0231
v  -9.6814 12.6396 -9.7501
v  -9.5968 12.6384 -9.8201
v  -9.2454 12.6384 -10.0714
v  -9.7629 12.7715 -9.6339
v  -9.5722 12.7674 -9.7439
v  -9.7889 12.6457 -9.6315
v  -9.8060 12.7455 -9.6135
v  -9.6250 12.6387 -9.7166
v  -10.1336 12.7443 -10.3366
v  -9.3063 11.7990 -8.5638
v  -9.4197 11.7576 -8.8742
v  -9.3856 11.7559 -9.0672
v  -9.2191 11.7355 -9.1912
v  -10.0811 12.6760 -10.1403
v  -8.5900 12.3166 -7.7621
v  -10.0933 12.7696 -10.3357
v  -9.1656 12.7497 -8.4823
v  -8.9821 12.6886 -8.2545
v  -9.4203 11.8490 -9.0881
v  -9.3616 11.9255 -8.6494
v  -9.6451 12.6392 -9.3673
v  -9.4651 12.6164 -8.9180
v  -9.2850 12.0338 -8.5224
v  -9.2426 12.1838 -8.4569
v  -9.2604 12.3505 -8.4860
v  -8.7701 11.9613 -7.9661
v  -8.7808 11.9820 -7.9590
v  -10.1451 12.6747 -10.3300
v  -9.3761 11.9069 -8.6266
v  -9.4778 12.6314 -8.9095
v  -9.2469 12.1820 -8.3940
v  -9.2604 12.3494 -8.4187
v  -10.0246 12.7711 -10.1613
v  -8.5588 12.1593 -7.7368
v  -9.6795 12.6756 -9.3297
v  -9.8165 12.6762 -9.6076
v  -9.6618 12.7661 -9.3401
v  -9.6280 12.7705 -9.3617
v  -9.6750 12.6545 -9.3302
v  -9.2407 11.6949 -8.9644
v  -9.2844 12.0166 -8.4629
v  -8.7936 12.5097 -7.9845
v  -9.3173 12.5415 -8.5478
v  -9.4452 12.7575 -8.9022
v  -8.7636 12.5422 -7.9666
v  -9.3186 12.4829 -8.5298
v  -8.5533 12.3118 -7.7332
v  -9.8130 12.6552 -9.6086
v  -9.7976 12.7674 -9.6174
v  -9.2931 12.0209 -8.4781
v  -10.0590 12.7674 -10.1503
v  -10.1379 12.7108 -10.2702
v  -9.5781 12.7070 -9.1317
v  -9.3632 12.6662 -8.6873
v  -8.7122 12.3673 -7.8855
v  -8.6713 12.1744 -7.8371
v  -9.4113 11.8106 -8.7287
v  -9.4462 11.7791 -8.9852
v  -9.3129 11.7758 -9.1728
v  -9.0513 11.7741 -9.3413
v  -9.0518 11.9151 -9.4311
v  -9.0637 12.0967 -9.5460
v  -9.2741 11.8828 -9.2740
v  -9.0799 12.2834 -9.6482
v  -9.1567 12.4809 -9.6982
v  -9.2768 12.6104 -9.7237
v  -9.3797 12.6384 -9.8062
v  -8.9301 12.4280 -8.0985
v  -8.9396 12.0793 -8.0862
v  -9.2027 12.5740 -8.4005
v  -9.1499 12.3625 -8.3003
v  -9.2289 11.9922 -8.3990
v  -10.0489 12.6429 -10.3323
v  -9.8157 12.7006 -10.6246
v  -10.0882 12.7057 -10.4056
v  -9.7610 12.7633 -10.5236
v  -10.0273 12.7680 -10.3238
v  -9.1588 12.7658 -9.4110
v  -9.4523 12.7668 -9.2078
v  -8.8981 12.7639 -8.9294
v  -9.2009 12.7617 -8.7308
v  -8.7048 12.7372 -8.5868
v  -8.9977 12.7323 -8.4006
v  -8.5476 12.6464 -8.3324
v  -8.8102 12.6420 -8.1709
v  -8.3634 12.4417 -8.0135
v  -8.5880 12.4390 -7.8778
v  -8.3862 12.0167 -7.9799
v  -8.6181 12.0380 -7.8473
v  -8.5947 11.8116 -8.2557
v  -8.8850 11.8580 -8.1010
v  -8.8078 11.7134 -8.5783
v  -9.1462 11.7676 -8.4012
v  -8.9860 11.6804 -8.9327
v  -9.3267 11.7262 -8.7464
v  -9.3524 11.7269 -9.0267
v  -9.0592 11.7021 -9.1998
v  -9.1682 12.1030 -9.4098
v  -9.3879 11.8761 -9.0940
v  -9.2616 11.9689 -9.2626
v  -9.1532 12.2834 -9.5251
v  -9.2735 12.4809 -9.5464
v  -9.5015 12.6121 -9.5038
v  -9.1909 12.1236 -9.0563
v  -9.3632 11.9139 -8.8339
v  -9.2601 12.0073 -8.9593
v  -9.1843 12.2834 -9.1455
v  -9.2995 12.4809 -9.1805
v  -9.4837 12.6103 -9.1528
v  -9.2361 12.1198 -8.6055
v  -9.2937 12.0019 -8.6332
v  -9.2286 12.2736 -8.6212
v  -9.3042 12.4538 -8.6881
v  -9.3982 12.5738 -8.7829
v  -10.1450 12.6597 -10.2653
v  -8.7007 12.4754 -7.8908
v  -8.6138 12.3880 -7.7964
v  -9.1487 12.0970 -9.4967
v  -9.3797 11.8568 -9.1798
v  -9.2526 11.9524 -9.3369
v  -9.1355 12.2834 -9.6159
v  -9.2487 12.4809 -9.6411
v  -9.4490 12.6105 -9.6179
v  -9.8101 12.6407 -10.6139
v  -10.0840 12.6454 -10.3956
v  -9.8147 12.7511 -10.6228
v  -10.0815 12.7564 -10.4072
v  -10.1136 12.7706 -10.2765
v  -9.5584 12.7656 -9.1431
v  -9.3139 12.7572 -8.6662
v  -9.1024 12.7221 -8.3385
v  -8.8963 12.6326 -8.1194
v  -8.6492 12.0642 -7.8357
v  -9.4602 11.8275 -8.9933
v  -9.4264 11.8679 -8.7509
v  -9.5754 12.6448 -9.1293
v  -9.3299 11.9632 -8.5473
v  -9.4202 12.5954 -8.7800
v  -9.2651 12.0990 -8.4340
v  -9.2472 12.2646 -8.3994
v  -9.2931 12.4288 -8.4818
v  -9.5927 12.6385 -9.6697
v  -8.8760 11.9264 -8.0506
v  -8.8813 11.9366 -8.0485
v  -10.1367 12.6501 -10.2650
v  -8.6445 12.4357 -7.8444
v  -9.1579 12.0977 -9.4830
v  -9.3810 11.8679 -9.1749
v  -9.2597 11.9574 -9.3260
v  -9.1446 12.2834 -9.6021
v  -9.2583 12.4809 -9.6272
v  -9.4604 12.6106 -9.6044
v  -9.8145 12.6501 -10.6223
v  -10.0910 12.6548 -10.4014
v  -9.8103 12.7605 -10.6146
v  -10.0727 12.7656 -10.4027
v  -10.1258 12.7617 -10.2756
v  -9.5679 12.7564 -9.1373
v  -9.3249 12.7486 -8.6629
v  -9.1148 12.7140 -8.3371
v  -8.9071 12.6237 -8.1160
v  -8.6608 12.0728 -7.8356
v  -9.4618 11.8150 -8.9905
v  -9.4282 11.8555 -8.7428
v  -9.5819 12.6579 -9.1283
v  -9.3295 11.9533 -8.5354
v  -9.3850 12.5695 -8.6838
v  -9.2609 12.0967 -8.4184
v  -9.2426 12.2688 -8.3849
v  -9.2881 12.4349 -8.4691
v  -9.9457 12.7108 -9.8808
v  -9.7748 12.6384 -10.5459
v  -9.8639 12.6424 -9.9539
v  -9.5454 12.7653 -10.1252
v  -9.8238 12.7691 -9.9297
v  -9.9513 12.6604 -9.8777
v  -9.9240 12.7707 -9.8899
v  -9.9442 12.6502 -9.8800
v  -9.9347 12.7617 -9.8863
v  -8.2739 12.2290 -7.8406
v  -8.4810 12.2300 -7.7188
v  -8.5178 12.2319 -7.7024
v  -8.5330 12.2325 -7.7050
v  -9.5796 12.6384 -10.1795
v  -9.7070 12.6386 -9.8797
v  -9.7376 12.7108 -9.4595
v  -9.6701 12.6419 -9.5564
v  -9.3332 12.7673 -9.7332
v  -9.6180 12.7701 -9.5296
v  -9.7410 12.6610 -9.4569
v  -9.7182 12.7707 -9.4701
v  -9.7336 12.6501 -9.4589
v  -9.7278 12.7617 -9.4649
v  -9.6046 12.6388 -9.6587
v  -10.1438 12.6759 -10.2666
v  -10.0754 12.7108 -10.1435
v  -10.1308 12.7456 -10.2739
v  -9.6753 12.7098 -9.3322
v  -9.5826 12.6735 -9.1289
v  -9.4671 12.6950 -8.9020
v  -9.5721 12.7406 -9.1350
v  -9.3857 12.6040 -8.6987
v  -9.2729 12.6247 -8.5120
v  -9.3366 12.7249 -8.6689
v  -8.8102 12.4004 -7.9835
v  -8.6839 12.2713 -7.8493
v  -8.6840 12.4241 -7.8660
v  -8.8038 12.1214 -7.9635
v  -8.6663 12.1003 -7.8366
v  -9.3366 11.8699 -8.5712
v  -9.4233 11.8407 -8.7379
v  -9.4491 11.7887 -8.8679
v  -9.4578 11.8025 -8.9890
v  -9.4012 11.7765 -9.0852
v  -9.2968 11.8229 -9.2152
v  -9.1924 11.7755 -9.2555
v  -9.0425 11.8345 -9.3833
v  -8.8997 11.7720 -9.4285
v  -9.0621 11.7309 -9.2863
v  -9.1665 11.9071 -9.3598
v  -9.0640 12.0059 -9.4852
v  -8.9335 11.9151 -9.4952
v  -9.0646 12.1887 -9.6036
v  -8.9843 12.0967 -9.5890
v  -9.1247 12.0968 -9.5122
v  -9.3525 11.8602 -9.2040
v  -9.2557 11.9334 -9.3233
v  -9.1184 12.2834 -9.6268
v  -9.1104 12.3807 -9.6797
v  -9.0308 12.2834 -9.6749
v  -9.2225 12.4809 -9.6583
v  -9.2138 12.5640 -9.7105
v  -9.0711 12.4809 -9.7494
v  -9.4027 12.6104 -9.6475
v  -9.3356 12.6314 -9.7512
v  -9.1111 12.6104 -9.8233
v  -9.5365 12.6384 -9.7066
v  -9.4481 12.6384 -9.9339
v  -9.1727 12.6384 -9.9372
v  -9.0505 12.4241 -8.2106
v  -8.9417 12.2458 -8.0872
v  -8.9151 12.5720 -8.1110
v  -9.0806 12.0392 -8.2248
v  -8.9205 11.9643 -8.0788
v  -9.2651 12.4717 -8.4492
v  -9.1594 12.4935 -8.3356
v  -9.1397 12.6765 -8.3531
v  -9.2175 12.2939 -8.3607
v  -9.1734 12.1918 -8.3147
v  -9.2509 12.0700 -8.4100
v  -9.3032 11.9603 -8.4986
v  -9.9879 12.6428 -10.2081
v  -10.1112 12.6470 -10.2818
v  -10.0724 12.6435 -10.3778
v  -9.9400 12.6395 -10.4194
v  -9.8153 12.6662 -10.6239
v  -9.9807 12.7019 -10.4987
v  -9.8155 12.7350 -10.6243
v  -9.6219 12.7006 -10.7669
v  -10.0910 12.6711 -10.4033
v  -10.1400 12.7095 -10.3334
v  -9.9217 12.7645 -10.3973
v  -9.6842 12.7640 -10.3816
v  -9.5729 12.7633 -10.6764
v  -9.7963 12.7624 -10.5888
v  -9.9567 12.7684 -10.1876
v  -10.0583 12.7673 -10.3811
v  -9.2683 12.7671 -9.6134
v  -9.3291 12.7660 -9.2890
v  -9.0276 12.7644 -9.1687
v  -8.9650 12.7658 -9.5533
v  -9.5557 12.7694 -9.4086
v  -9.5287 12.7670 -9.1612
v  -9.3274 12.7638 -8.9682
v  -9.0721 12.7633 -8.8112
v  -8.7854 12.7572 -8.7249
v  -8.7015 12.7639 -9.0665
v  -9.2822 12.7594 -8.6840
v  -9.0864 12.7535 -8.5302
v  -8.8754 12.7370 -8.4773
v  -8.6332 12.7012 -8.4708
v  -8.5099 12.7352 -8.7126
v  -8.9129 12.6958 -8.2962
v  -8.7046 12.6462 -8.2358
v  -8.4553 12.5632 -8.1779
v  -8.3649 12.6448 -8.4447
v  -8.6988 12.5600 -8.0297
v  -8.5071 12.4406 -7.9271
v  -8.2952 12.3183 -7.8856
v  -8.1883 12.4426 -8.1185
v  -8.6269 12.4372 -7.8542
v  -8.5060 12.3165 -7.7595
v  -8.3030 12.1398 -7.8737
v  -8.5475 12.0217 -7.8856
v  -8.4934 11.8954 -8.1203
v  -8.1795 12.0175 -8.1022
v  -8.5171 12.1477 -7.7500
v  -8.6385 12.0556 -7.8392
v  -8.7516 11.9313 -7.9758
v  -8.7936 11.8227 -8.1436
v  -8.6972 11.7545 -8.4029
v  -8.3421 11.8124 -8.4027
v  -9.0336 11.7265 -8.4525
v  -8.9097 11.6886 -8.7617
v  -8.5255 11.7143 -8.7414
v  -9.0169 11.8071 -8.2378
v  -9.1949 11.8512 -8.3936
v  -9.2070 11.6914 -8.8074
v  -9.0360 11.6858 -9.0818
v  -8.7142 11.6812 -9.0900
v  -9.2553 11.7403 -8.5759
v  -9.3823 11.7706 -8.7276
v  -9.3594 11.7226 -8.9008
v  -9.4151 11.7515 -8.9931
v  -9.3291 11.7433 -9.1191
v  -9.2399 11.7091 -9.0932
v  -8.8445 11.7005 -9.3263
v  -9.1623 12.0992 -9.4610
v  -9.2102 12.0272 -9.3344
v  -9.1772 12.1105 -9.2886
v  -9.1457 12.1903 -9.4772
v  -9.3825 11.8724 -9.1528
v  -9.4411 11.8424 -9.0196
v  -9.3853 11.8872 -8.9904
v  -9.3212 11.9208 -9.1854
v  -9.2614 11.9612 -9.3068
v  -9.2609 11.9833 -9.1584
v  -9.1481 12.2834 -9.5788
v  -9.1640 12.2834 -9.3957
v  -9.1946 12.3807 -9.5494
v  -9.2637 12.4809 -9.6029
v  -9.2861 12.4809 -9.4186
v  -9.3794 12.5644 -9.5274
v  -9.4732 12.6110 -9.5756
v  -9.5151 12.6123 -9.3695
v  -9.6088 12.6344 -9.5041
v  -9.2213 12.0626 -9.0074
v  -9.2103 12.1305 -8.7997
v  -9.1761 12.1954 -9.1033
v  -9.3074 11.9577 -8.9041
v  -9.4090 11.8820 -8.7742
v  -9.3299 11.9531 -8.6922
v  -9.2681 12.0203 -8.7545
v  -9.2079 12.2809 -8.8590
v  -9.2229 12.3807 -9.1741
v  -9.3076 12.4741 -8.9108
v  -9.3934 12.5640 -9.1712
v  -9.4354 12.5996 -8.9314
v  -9.2605 12.0581 -8.6175
v  -9.2243 12.1905 -8.6043
v  -9.2429 12.2664 -8.4590
v  -9.2537 12.3633 -8.6509
v  -9.2968 12.4340 -8.5369
v  -9.3593 12.5292 -8.7323
v  -9.4034 12.5770 -8.7531
v  -10.1423 12.6539 -10.2651
v  -10.0822 12.6599 -10.1396
v  -8.6404 12.4230 -7.8310
v  -8.6580 12.4329 -7.8445
v  -9.1267 12.1888 -9.5675
v  -9.1933 12.0157 -9.4158
v  -9.1537 12.0974 -9.4902
v  -9.3177 11.9014 -9.2587
v  -9.4304 11.8256 -9.0929
v  -9.3808 11.8626 -9.1780
v  -9.2566 11.9552 -9.3321
v  -9.1759 12.3807 -9.6408
v  -9.1410 12.2834 -9.6096
v  -9.3433 12.5640 -9.6293
v  -9.2543 12.4809 -9.6347
v  -9.5405 12.6315 -9.6253
v  -9.4551 12.6105 -9.6114
v  -9.6161 12.6407 -10.7563
v  -9.7996 12.6390 -10.5937
v  -9.9756 12.6419 -10.4881
v  -9.8128 12.6442 -10.6191
v  -10.1371 12.6489 -10.3250
v  -10.0886 12.6490 -10.3991
v  -9.6209 12.7511 -10.7651
v  -9.9783 12.7524 -10.4977
v  -9.8131 12.7570 -10.6197
v  -10.0845 12.7403 -10.4073
v  -10.1290 12.7604 -10.3377
v  -10.0780 12.7622 -10.4057
v  -10.1173 12.7693 -10.3364
v  -10.1208 12.7674 -10.2762
v  -10.0879 12.7710 -10.2885
v  -9.4393 12.7609 -8.9052
v  -9.5640 12.7622 -9.1397
v  -9.1966 12.7468 -8.4645
v  -9.3200 12.7539 -8.6638
v  -9.0095 12.6838 -8.2396
v  -9.0728 12.7262 -8.3549
v  -9.1088 12.7185 -8.3373
v  -8.8716 12.6366 -8.1334
v  -8.6550 12.0685 -7.8351
v  -9.4630 11.8368 -8.8799
v  -9.4292 11.8384 -9.0915
v  -9.4616 11.8216 -8.9914
v  -9.3741 11.9127 -8.6316
v  -9.4284 11.8622 -8.7463
v  -9.5509 12.6329 -9.1354
v  -9.4803 12.6299 -8.9226
v  -9.5787 12.6514 -9.1288
v  -9.2936 12.0239 -8.4856
v  -9.3199 11.9751 -8.5720
v  -9.4015 12.5797 -8.7283
v  -9.2580 12.1049 -8.4811
v  -9.2639 12.0978 -8.4259
v  -9.2483 12.1816 -8.4021
v  -9.2457 12.2661 -8.3916
v  -9.3358 12.5045 -8.5676
v  -9.2620 12.3472 -8.4259
v  -9.5987 12.6387 -9.6642
v  -9.6375 12.6385 -9.7537
v  -8.9016 11.8987 -8.0846
v  -8.7707 11.9781 -7.9549
v  -8.7789 11.9905 -7.9528
v  -8.9026 11.9222 -8.0707
v  -10.0749 12.6502 -10.1413
v  -8.7717 12.5545 -7.9852
v  -8.5486 12.3151 -7.7368
v  -9.1359 12.1890 -9.5537
v  -9.2019 12.0178 -9.4028
v  -9.3223 11.9097 -9.2507
v  -9.1850 12.3807 -9.6270
v  -9.3537 12.5641 -9.6154
v  -9.5527 12.6318 -9.6126
v  -9.6206 12.6501 -10.7646
v  -9.9805 12.6513 -10.4958
v  -10.1458 12.6584 -10.3281
v  -9.6165 12.7605 -10.7569
v  -9.9728 12.7618 -10.4904
v  -10.0637 12.7617 -10.1491
v  -9.4495 12.7519 -8.9002
v  -9.2086 12.7387 -8.4627
v  -8.7929 12.5575 -7.9933
v  -8.9022 12.6287 -8.1174
v  -9.0217 12.6754 -8.2377
v  -9.4643 11.8249 -8.8735
v  -9.4759 12.6342 -8.8982
v  -9.2907 12.0176 -8.4712
v  -9.3308 11.9585 -8.5411
v  -9.3758 11.9004 -8.6222
v  -9.3316 12.5088 -8.5581
v  -9.2575 12.3531 -8.4127
v  -9.2436 12.1829 -8.3865
v  -9.2910 12.4314 -8.4750
v  -9.8120 12.7108 -9.6102
v  -9.9392 12.7456 -9.8843
v  -9.9508 12.6761 -9.8780
v  -9.5814 12.6384 -10.6920
v  -9.7100 12.6384 -10.4234
v  -9.7377 12.6421 -9.6950
v  -9.9216 12.6463 -9.8991
v  -9.7871 12.6396 -9.9717
v  -9.7076 12.7663 -9.9973
v  -9.4074 12.7666 -9.8704
v  -9.3600 12.7652 -10.2832
v  -9.6902 12.7697 -9.6702
v  -9.9486 12.6547 -9.8788
v  -9.7917 12.7707 -9.6199
v  -9.8954 12.7713 -9.9009
v  -10.0523 12.7706 -10.1516
v  -9.9303 12.7674 -9.8879
v  -9.8090 12.6501 -9.6096
v  -9.8018 12.7617 -9.6155
v  -8.5712 12.2181 -7.7399
v  -8.4147 12.2289 -7.7567
v  -8.0957 12.2297 -7.9475
v  -8.5047 12.2313 -7.7072
v  -8.5516 12.1578 -7.7369
v  -8.5255 12.2322 -7.7024
v  -8.5522 12.3030 -7.7265
v  -8.5659 12.1609 -7.7390
v  -9.3818 12.6384 -10.3233
v  -9.7104 12.6384 -10.0327
v  -9.6461 12.6387 -9.7464
v  -9.7318 12.7455 -9.4627
v  -9.7157 12.6454 -9.4837
v  -9.6240 12.6397 -9.6303
v  -9.4999 12.7680 -9.6085
v  -9.1422 12.7673 -9.8807
v  -9.6899 12.7716 -9.4867
v  -9.6785 12.6603 -9.3294
v  -9.7418 12.6763 -9.4570
v  -9.8162 12.6608 -9.6075
v  -9.6563 12.7694 -9.3435
v  -9.6713 12.6487 -9.3310
v  -9.7374 12.6554 -9.4579
v  -9.6656 12.7604 -9.3377
v  -9.7239 12.7674 -9.4670
v  -8.2958 12.2730 -8.8809
v  -8.3218 12.3993 -8.9263
v  -8.3847 12.4517 -9.0358
v  -8.4476 12.3993 -9.1454
v  -8.4736 12.2730 -9.1908
v  -8.4476 12.1467 -9.1454
v  -8.3847 12.0943 -9.0358
v  -8.3218 12.1467 -8.9263
v  -8.9012 12.2730 -8.5335
v  -8.9273 12.3993 -8.5788
v  -8.9902 12.4517 -8.6884
v  -9.0530 12.3993 -8.7980
v  -9.0791 12.2730 -8.8434
v  -9.0530 12.1467 -8.7980
v  -8.9902 12.0943 -8.6884
v  -8.9273 12.1467 -8.5788
v  -2.8390 -13.5535 -4.0568
v  -2.8370 -13.5997 -4.3285
v  -2.9409 -13.6040 -4.3079
v  -3.0291 -13.6076 -4.2490
v  -3.0880 -13.6101 -4.1609
v  -3.1086 -13.6110 -4.0568
v  -3.0879 -13.6102 -3.9528
v  -3.0290 -13.6078 -3.8646
v  -2.9409 -13.6042 -3.8058
v  -2.8370 -13.6000 -3.7852
v  -2.7332 -13.5957 -3.8060
v  -2.6452 -13.5920 -3.8648
v  -2.5864 -13.5895 -3.9529
v  -2.5658 -13.5886 -4.0568
v  -2.5864 -13.5894 -4.1607
v  -2.6452 -13.5917 -4.2488
v  -2.7332 -13.5953 -4.3078
v  -2.8303 -13.7553 -4.5570
v  -3.0217 -13.7633 -4.5192
v  -3.1841 -13.7699 -4.4109
v  -3.2926 -13.7746 -4.2484
v  -3.3304 -13.7765 -4.0568
v  -3.2921 -13.7750 -3.8654
v  -3.1838 -13.7704 -3.7031
v  -3.0215 -13.7638 -3.5949
v  -2.8303 -13.7560 -3.5573
v  -2.6394 -13.7480 -3.5955
v  -2.4776 -13.7410 -3.7038
v  -2.3695 -13.7365 -3.8658
v  -2.3316 -13.7349 -4.0568
v  -2.3693 -13.7363 -4.2479
v  -2.4772 -13.7405 -4.4102
v  -2.6391 -13.7472 -4.5188
v  -2.8202 -13.9909 -4.6925
v  -3.0634 -14.0012 -4.6445
v  -3.2700 -14.0099 -4.5070
v  -3.4077 -14.0159 -4.3004
v  -3.4555 -14.0182 -4.0568
v  -3.4067 -14.0162 -3.8136
v  -3.2691 -14.0103 -3.6075
v  -3.0629 -14.0017 -3.4704
v  -2.8202 -13.9916 -3.4230
v  -2.5779 -13.9813 -3.4715
v  -2.3724 -13.9724 -3.6086
v  -2.2352 -13.9665 -3.8143
v  -2.1871 -13.9644 -4.0568
v  -2.2348 -13.9663 -4.2995
v  -2.3715 -13.9718 -4.5059
v  -2.5772 -13.9805 -4.6440
v  -2.8017 -14.5162 -4.7781
v  -3.0777 -14.5280 -4.7239
v  -3.3125 -14.5379 -4.5681
v  -3.4695 -14.5446 -4.3337
v  -3.5244 -14.5470 -4.0568
v  -3.4695 -14.5446 -3.7800
v  -3.3130 -14.5379 -3.5450
v  -3.0782 -14.5278 -3.3886
v  -2.8017 -14.5161 -3.3346
v  -2.5258 -14.5043 -3.3902
v  -2.2920 -14.4943 -3.5466
v  -2.1363 -14.4876 -3.7810
v  -2.0822 -14.4854 -4.0568
v  -2.1370 -14.4878 -4.3324
v  -2.2924 -14.4944 -4.5665
v  -2.5260 -14.5044 -4.7230
v  2.8390 -13.5535 -4.0568
v  2.8370 -13.5997 -4.3285
v  2.9409 -13.6040 -4.3079
v  3.0291 -13.6076 -4.2490
v  3.0880 -13.6101 -4.1609
v  3.1086 -13.6110 -4.0568
v  3.0879 -13.6102 -3.9528
v  3.0290 -13.6078 -3.8646
v  2.9409 -13.6042 -3.8058
v  2.8370 -13.6000 -3.7852
v  2.7332 -13.5957 -3.8060
v  2.6452 -13.5920 -3.8648
v  2.5864 -13.5895 -3.9529
v  2.5658 -13.5886 -4.0568
v  2.5864 -13.5894 -4.1607
v  2.6452 -13.5917 -4.2488
v  2.7332 -13.5953 -4.3078
v  2.8303 -13.7553 -4.5570
v  3.0217 -13.7633 -4.5192
v  3.1841 -13.7699 -4.4109
v  3.2926 -13.7746 -4.2484
v  3.3304 -13.7765 -4.0568
v  3.2921 -13.7750 -3.8654
v  3.1838 -13.7704 -3.7031
v  3.0215 -13.7638 -3.5949
v  2.8303 -13.7560 -3.5573
v  2.6394 -13.7480 -3.5955
v  2.4776 -13.7410 -3.7038
v  2.3695 -13.7365 -3.8658
v  2.3316 -13.7349 -4.0568
v  2.3693 -13.7363 -4.2479
v  2.4772 -13.7405 -4.4102
v  2.6391 -13.7472 -4.5188
v  2.8202 -13.9909 -4.6925
v  3.0634 -14.0012 -4.6445
v  3.2700 -14.0099 -4.5070
v  3.4077 -14.0159 -4.3004
v  3.4555 -14.0182 -4.0568
v  3.4067 -14.0162 -3.8136
v  3.2691 -14.0103 -3.6075
v  3.0629 -14.0017 -3.4704
v  2.8202 -13.9916 -3.4230
v  2.5779 -13.9813 -3.4715
v  2.3724 -13.9724 -3.6086
v  2.2352 -13.9665 -3.8143
v  2.1871 -13.9644 -4.0568
v  2.2348 -13.9663 -4.2995
v  2.3715 -13.9718 -4.5059
v  2.5772 -13.9805 -4.6440
v  2.8017 -14.5162 -4.7781
v  3.0777 -14.5280 -4.7239
v  3.3125 -14.5379 -4.5681
v  3.4695 -14.5446 -4.3337
v  3.5244 -14.5470 -4.0568
v  3.4695 -14.5446 -3.7800
v  3.3130 -14.5379 -3.5450
v  3.0782 -14.5278 -3.3886
v  2.8017 -14.5161 -3.3346
v  2.5258 -14.5043 -3.3902
v  2.2920 -14.4943 -3.5466
v  2.1363 -14.4876 -3.7810
v  2.0822 -14.4854 -4.0568
v  2.1370 -14.4878 -4.3324
v  2.2924 -14.4944 -4.5665
v  2.5260 -14.5044 -4.7230
# 14700 vertices

g 3493
f 5902 2940 1476 2943 
f 2941 1476 2940 1 
f 936 2942 1476 2941 
f 2943 1476 2942 5903 
f 1 2940 1477 2945 
f 5933 1477 2940 5902 
f 5917 2944 1477 5933 
f 2945 1477 2944 2 
f 2944 1478 2947 2 
f 5934 1478 2944 5917 
f 2946 1478 5934 5918 
f 3 2947 1478 2946 
f 2946 1479 2949 3 
f 5935 1479 2946 5918 
f 5919 2948 1479 5935 
f 2949 1479 2948 4 
f 4 2948 1480 2951 
f 5936 1480 2948 5919 
f 5920 2950 1480 5936 
f 2951 1480 2950 5 
f 5 2950 1481 2953 
f 5937 1481 2950 5920 
f 5921 2952 1481 5937 
f 2953 1481 2952 6 
f 6 2952 1482 2955 
f 5938 1482 2952 5921 
f 5922 2954 1482 5938 
f 2955 1482 2954 7 
f 7 2954 1483 2957 
f 5939 1483 2954 5922 
f 5923 2956 1483 5939 
f 2957 1483 2956 8 
f 8 2956 1484 2959 
f 5940 1484 2956 5923 
f 5924 2958 1484 5940 
f 2959 1484 2958 9 
f 9 2958 1485 2961 
f 5941 1485 2958 5924 
f 5925 2960 1485 5941 
f 2961 1485 2960 10 
f 10 2960 1486 2963 
f 5942 1486 2960 5925 
f 5926 2962 1486 5942 
f 2963 1486 2962 11 
f 11 2962 1487 2965 
f 5943 1487 2962 5926 
f 5927 2964 1487 5943 
f 2965 1487 2964 12 
f 12 2964 1488 2967 
f 5944 1488 2964 5927 
f 2966 1488 5944 5928 
f 2967 1488 2966 13 
f 13 2966 1489 2969 
f 5928 5945 1489 2966 
f 2968 1489 5945 5929 
f 14 2969 1489 2968 
f 2968 1490 2971 14 
f 5929 5946 1490 2968 
f 2970 1490 5946 5930 
f 15 2971 1490 2970 
f 2971 1491 2974 14 
f 15 2972 1491 2971 
f 2973 1491 2972 17 
f 16 2974 1491 2973 
f 2973 1492 2977 16 
f 17 2975 1492 2973 
f 19 2976 1492 2975 
f 18 2977 1492 2976 
f 15 2970 1493 2979 
f 5930 5947 1493 2970 
f 5931 2978 1493 5947 
f 2979 1493 2978 484 
f 17 2972 1494 2981 
f 2979 1494 2972 15 
f 484 2980 1494 2979 
f 2981 1494 2980 444 
f 17 2981 1495 2975 
f 2982 1495 2981 444 
f 445 2983 1495 2982 
f 2975 1495 2983 19 
f 2976 1496 2986 18 
f 2984 1496 2976 19 
f 21 2985 1496 2984 
f 2986 1496 2985 20 
f 2987 1497 2983 445 
f 446 2988 1497 2987 
f 2984 1497 2988 21 
f 19 2983 1497 2984 
f 20 2985 1498 2991 
f 2989 1498 2985 21 
f 23 2990 1498 2989 
f 2991 1498 2990 22 
f 2992 1499 2988 446 
f 447 6575 1499 2992 
f 2989 1499 6575 23 
f 21 2988 1499 2989 
f 22 2990 1500 2994 
f 6569 1500 2990 23 
f 25 2993 1500 6569 
f 2994 1500 2993 24 
f 2993 1501 2996 24 
f 25 6568 1501 2993 
f 2995 1501 6568 27 
f 26 2996 1501 2995 
f 2997 1502 6567 29 
f 2998 1502 2997 1436 
f 28 2999 1502 2998 
f 2995 1502 2999 26 
f 27 6567 1502 2995 
f 3000 6570 6576 448 
f 29 6567 6570 3000 
f 914 3001 1503 3004 
f 3002 1503 3001 915 
f 31 3003 1503 3002 
f 3004 1503 3003 960 
f 915 3005 1504 3002 
f 3006 1504 3005 916 
f 32 3007 1504 3006 
f 3002 1504 3007 31 
f 916 3008 1505 3006 
f 3009 1505 3008 917 
f 33 3010 1505 3009 
f 3006 1505 3010 32 
f 917 3011 1506 3009 
f 3012 1506 3011 918 
f 34 3013 1506 3012 
f 3009 1506 3013 33 
f 918 3014 1507 3012 
f 3015 1507 3014 919 
f 35 3016 1507 3015 
f 3012 1507 3016 34 
f 3017 1508 3015 919 
f 3018 1508 3017 920 
f 3019 1508 3018 36 
f 3015 1508 3019 35 
f 920 3020 1509 3018 
f 3021 1509 3020 921 
f 37 3022 1509 3021 
f 3018 1509 3022 36 
f 921 3023 1510 3021 
f 3024 1510 3023 922 
f 38 3025 1510 3024 
f 3021 1510 3025 37 
f 922 3026 1511 3024 
f 3027 1511 3026 923 
f 39 3028 1511 3027 
f 3024 1511 3028 38 
f 923 3029 1512 3027 
f 3030 1512 3029 924 
f 40 3031 1512 3030 
f 3027 1512 3031 39 
f 3032 1513 3030 924 
f 3033 1513 3032 925 
f 3034 1513 3033 1222 
f 3035 1513 3034 
f 3030 1513 3035 40 
f 925 3036 1514 3033 
f 3037 1514 3036 926 
f 971 3038 1514 3037 
f 3033 1514 3038 1222 
f 926 3039 1515 3037 
f 3040 1515 3039 927 
f 42 3041 1515 3040 
f 3037 1515 3041 971 
f 3042 1516 3040 927 
f 3043 1516 3042 928 
f 43 3044 1516 3043 
f 3040 1516 3044 42 
f 928 3045 1517 3043 
f 3046 1517 3045 929 
f 285 3047 1517 3046 
f 3043 1517 3047 43 
f 3048 1518 3046 929 
f 930 3049 1518 3048 
f 977 3050 1518 3049 
f 3046 1518 3050 285 
f 3049 1519 3053 977 
f 3051 1519 3049 930 
f 931 3052 1519 3051 
f 3053 1519 3052 44 
f 3054 1520 3052 931 
f 932 3055 1520 3054 
f 3056 1520 3055 381 
f 44 3052 1520 3056 
f 932 3057 1521 3055 
f 3058 1521 3057 933 
f 979 3059 1521 3058 
f 381 3055 1521 3059 
f 933 3060 1522 3058 
f 3061 1522 3060 934 
f 3062 1522 3061 1438 
f 3058 1522 3062 979 
f 1443 3063 1523 3066 
f 3064 1523 3063 935 
f 45 3065 1523 3064 
f 3066 1523 3065 1437 
f 935 3067 1524 3064 
f 3068 1524 3067 937 
f 449 3069 1524 3068 
f 3064 1524 3069 45 
f 3070 1525 3073 30 
f 3071 1525 3070 961 
f 3072 1525 3071 47 
f 46 3073 1525 3072 
f 3074 1526 3071 961 
f 3075 1526 3074 962 
f 3076 1526 3075 48 
f 47 3071 1526 3076 
f 3077 1527 3075 962 
f 3078 1527 3077 963 
f 3079 1527 3078 49 
f 48 3075 1527 3079 
f 3080 1528 3078 963 
f 964 3081 1528 3080 
f 3082 1528 3081 50 
f 49 3078 1528 3082 
f 3083 1529 3081 964 
f 965 3084 1529 3083 
f 3085 1529 3084 51 
f 50 3081 1529 3085 
f 3086 1530 3084 965 
f 3087 1530 3086 966 
f 3088 1530 3087 52 
f 51 3084 1530 3088 
f 966 3089 1531 3087 
f 3090 1531 3089 967 
f 3091 1531 3090 53 
f 52 3087 1531 3091 
f 967 3092 1532 3090 
f 3093 1532 3092 968 
f 3094 1532 3093 54 
f 53 3090 1532 3094 
f 968 3095 1533 3093 
f 3096 1533 3095 969 
f 3097 1533 3096 55 
f 54 3093 1533 3097 
f 969 3098 1534 3096 
f 3099 1534 3098 970 
f 3100 1534 3099 56 
f 3096 1534 3100 55 
f 3101 1535 3099 970 
f 1029 3102 1535 3101 
f 3103 1535 3102 278 
f 56 3099 1535 3103 
f 3072 1536 3106 46 
f 47 3104 1536 3072 
f 3105 1536 3104 58 
f 57 3106 1536 3105 
f 3076 1537 3104 47 
f 48 3107 1537 3076 
f 3108 1537 3107 59 
f 58 3104 1537 3108 
f 3079 1538 3107 48 
f 49 3109 1538 3079 
f 3110 1538 3109 60 
f 59 3107 1538 3110 
f 3082 1539 3109 49 
f 50 3111 1539 3082 
f 3112 1539 3111 61 
f 60 3109 1539 3112 
f 3085 1540 3111 50 
f 51 3113 1540 3085 
f 3114 1540 3113 62 
f 61 3111 1540 3114 
f 3088 1541 3113 51 
f 52 3115 1541 3088 
f 3116 1541 3115 63 
f 62 3113 1541 3116 
f 3091 1542 3115 52 
f 53 3117 1542 3091 
f 3118 1542 3117 64 
f 63 3115 1542 3118 
f 3094 1543 3117 53 
f 54 3119 1543 3094 
f 3120 1543 3119 65 
f 64 3117 1543 3120 
f 3097 1544 3119 54 
f 55 3121 1544 3097 
f 3122 1544 3121 66 
f 65 3119 1544 3122 
f 3100 1545 3121 55 
f 56 3123 1545 3100 
f 3124 1545 3123 67 
f 66 3121 1545 3124 
f 3103 1546 3123 56 
f 278 3125 1546 3103 
f 3126 1546 3125 68 
f 67 3123 1546 3126 
f 3105 1547 3129 57 
f 58 3127 1547 3105 
f 3128 1547 3127 70 
f 69 3129 1547 3128 
f 3108 1548 3127 58 
f 59 3130 1548 3108 
f 3131 1548 3130 71 
f 70 3127 1548 3131 
f 3110 1549 3130 59 
f 60 3132 1549 3110 
f 3133 1549 3132 72 
f 71 3130 1549 3133 
f 3112 1550 3132 60 
f 61 3134 1550 3112 
f 3135 1550 3134 73 
f 72 3132 1550 3135 
f 3114 1551 3134 61 
f 62 3136 1551 3114 
f 3137 1551 3136 74 
f 73 3134 1551 3137 
f 3116 1552 3136 62 
f 63 3138 1552 3116 
f 3139 1552 3138 75 
f 74 3136 1552 3139 
f 3118 1553 3138 63 
f 64 3140 1553 3118 
f 3141 1553 3140 76 
f 75 3138 1553 3141 
f 3120 1554 3140 64 
f 65 3142 1554 3120 
f 3143 1554 3142 77 
f 76 3140 1554 3143 
f 3122 1555 3142 65 
f 66 3144 1555 3122 
f 3145 1555 3144 78 
f 77 3142 1555 3145 
f 3124 1556 3144 66 
f 67 3146 1556 3124 
f 3147 1556 3146 79 
f 78 3144 1556 3147 
f 3126 1557 3146 67 
f 68 3148 1557 3126 
f 3149 1557 3148 80 
f 79 3146 1557 3149 
f 70 3150 1558 3128 
f 3151 1558 3150 96 
f 94 3152 1558 3151 
f 3128 1558 3152 69 
f 71 3153 1559 3131 
f 3154 1559 3153 97 
f 96 3150 1559 3154 
f 3131 1559 3150 70 
f 72 3155 1560 3133 
f 3156 1560 3155 98 
f 97 3153 1560 3156 
f 3133 1560 3153 71 
f 73 3157 1561 3135 
f 3158 1561 3157 99 
f 98 3155 1561 3158 
f 3135 1561 3155 72 
f 74 3159 1562 3137 
f 3160 1562 3159 100 
f 99 3157 1562 3160 
f 3137 1562 3157 73 
f 75 3161 1563 3139 
f 3162 1563 3161 101 
f 100 3159 1563 3162 
f 3139 1563 3159 74 
f 76 3163 1564 3141 
f 3164 1564 3163 102 
f 101 3161 1564 3164 
f 3141 1564 3161 75 
f 77 3165 1565 3143 
f 3166 1565 3165 103 
f 102 3163 1565 3166 
f 3143 1565 3163 76 
f 78 3167 1566 3145 
f 3168 1566 3167 104 
f 103 3165 1566 3168 
f 3145 1566 3165 77 
f 79 3169 1567 3147 
f 3170 1567 3169 105 
f 104 3167 1567 3170 
f 3147 1567 3167 78 
f 80 3171 1568 3149 
f 3172 1568 3171 277 
f 105 3169 1568 3172 
f 3149 1568 3169 79 
f 3173 1569 3176 94 
f 81 3174 1569 3173 
f 3175 1569 3174 1035 
f 3176 1569 3175 95 
f 3177 1570 3151 96 
f 83 3178 1570 3177 
f 3173 1570 3178 81 
f 94 3151 1570 3173 
f 3179 1571 3154 97 
f 84 3180 1571 3179 
f 3177 1571 3180 83 
f 96 3154 1571 3177 
f 98 3181 1572 3156 
f 3182 1572 3181 85 
f 3179 1572 3182 84 
f 3156 1572 3179 97 
f 99 3183 1573 3158 
f 3184 1573 3183 86 
f 85 3181 1573 3184 
f 3158 1573 3181 98 
f 100 3185 1574 3160 
f 3186 1574 3185 87 
f 86 3183 1574 3186 
f 3160 1574 3183 99 
f 101 3187 1575 3162 
f 3188 1575 3187 88 
f 87 3185 1575 3188 
f 3162 1575 3185 100 
f 102 3189 1576 3164 
f 3190 1576 3189 89 
f 88 3187 1576 3190 
f 3164 1576 3187 101 
f 103 3191 1577 3166 
f 3192 1577 3191 90 
f 89 3189 1577 3192 
f 3166 1577 3189 102 
f 104 3193 1578 3168 
f 3194 1578 3193 91 
f 90 3191 1578 3194 
f 3168 1578 3191 103 
f 105 3195 1579 3170 
f 3196 1579 3195 92 
f 91 3193 1579 3196 
f 3170 1579 3193 104 
f 277 3197 1580 3172 
f 3198 1580 3197 93 
f 92 3195 1580 3198 
f 3172 1580 3195 105 
f 82 3199 1581 3202 
f 3200 1581 3199 1034 
f 1223 3201 1581 3200 
f 3202 1581 3201 1250 
f 1034 3203 1582 3200 
f 3204 1582 3203 1036 
f 1224 3205 1582 3204 
f 3200 1582 3205 1223 
f 1036 3206 1583 3204 
f 3207 1583 3206 1037 
f 1225 3208 1583 3207 
f 3204 1583 3208 1224 
f 1037 3209 1584 3207 
f 3210 1584 3209 1038 
f 1226 3211 1584 3210 
f 3207 1584 3211 1225 
f 1038 3212 1585 3210 
f 3213 1585 3212 1039 
f 1227 3214 1585 3213 
f 3210 1585 3214 1226 
f 1039 3215 1586 3213 
f 3216 1586 3215 1040 
f 1228 3217 1586 3216 
f 3213 1586 3217 1227 
f 1040 3218 1587 3216 
f 3219 1587 3218 1041 
f 1229 3220 1587 3219 
f 3216 1587 3220 1228 
f 1042 3221 1588 3223 
f 3222 1588 3221 1230 
f 1229 3219 1588 3222 
f 3223 1588 3219 1041 
f 1043 3224 1589 3226 
f 3225 1589 3224 1231 
f 1230 3221 1589 3225 
f 3226 1589 3221 1042 
f 3227 1590 3224 1043 
f 1044 3228 1590 3227 
f 3229 1590 3228 1232 
f 3224 1590 3229 1231 
f 106 3230 1591 3233 
f 3231 1591 3230 107 
f 199 3232 1591 3231 
f 3233 1591 3232 198 
f 107 3234 1592 3231 
f 3235 1592 3234 108 
f 200 3236 1592 3235 
f 3231 1592 3236 199 
f 108 3237 1593 3235 
f 3238 1593 3237 109 
f 201 3239 1593 3238 
f 3235 1593 3239 200 
f 109 3240 1594 3238 
f 3241 1594 3240 110 
f 202 3242 1594 3241 
f 3238 1594 3242 201 
f 110 3243 1595 3241 
f 3244 1595 3243 111 
f 203 3245 1595 3244 
f 3241 1595 3245 202 
f 111 3246 1596 3244 
f 3247 1596 3246 112 
f 204 3248 1596 3247 
f 3244 1596 3248 203 
f 112 3249 1597 3247 
f 3250 1597 3249 113 
f 205 3251 1597 3250 
f 3247 1597 3251 204 
f 113 3252 1598 3250 
f 3253 1598 3252 114 
f 206 3254 1598 3253 
f 3250 1598 3254 205 
f 114 3255 1599 3253 
f 3256 1599 3255 115 
f 3257 1599 3256 207 
f 3253 1599 3257 206 
f 3258 1600 3261 117 
f 3259 1600 3258 116 
f 127 3260 1600 3259 
f 3261 1600 3260 598 
f 116 3262 1601 3259 
f 3263 1601 3262 118 
f 128 3264 1601 3263 
f 3259 1601 3264 127 
f 118 3265 1602 3263 
f 3266 1602 3265 119 
f 129 3267 1602 3266 
f 3263 1602 3267 128 
f 119 3268 1603 3266 
f 3269 1603 3268 120 
f 130 3270 1603 3269 
f 3266 1603 3270 129 
f 120 3271 1604 3269 
f 3272 1604 3271 121 
f 131 3273 1604 3272 
f 3269 1604 3273 130 
f 121 3274 1605 3272 
f 3275 1605 3274 122 
f 132 3276 1605 3275 
f 3272 1605 3276 131 
f 122 3277 1606 3275 
f 3278 1606 3277 123 
f 133 3279 1606 3278 
f 3275 1606 3279 132 
f 123 3280 1607 3278 
f 3281 1607 3280 124 
f 134 3282 1607 3281 
f 3278 1607 3282 133 
f 124 3283 1608 3281 
f 3284 1608 3283 125 
f 1457 3285 1608 3284 
f 3281 1608 3285 134 
f 125 3286 1609 3284 
f 3287 1609 3286 126 
f 135 5856 1609 3287 
f 3284 1609 5856 1457 
f 127 3264 1610 3290 
f 3288 1610 3264 128 
f 137 3289 1610 3288 
f 3290 1610 3289 136 
f 128 3267 1611 3288 
f 3291 1611 3267 129 
f 138 3292 1611 3291 
f 3288 1611 3292 137 
f 129 3270 1612 3291 
f 3293 1612 3270 130 
f 139 3294 1612 3293 
f 3291 1612 3294 138 
f 130 3273 1613 3293 
f 3295 1613 3273 131 
f 140 3296 1613 3295 
f 3293 1613 3296 139 
f 131 3276 1614 3295 
f 3297 1614 3276 132 
f 141 3298 1614 3297 
f 3295 1614 3298 140 
f 132 3279 1615 3297 
f 3299 1615 3279 133 
f 142 3300 1615 3299 
f 3297 1615 3300 141 
f 133 3282 1616 3299 
f 3301 1616 3282 134 
f 143 3302 1616 3301 
f 3299 1616 3302 142 
f 134 3285 1617 3301 
f 3303 1617 3285 1457 
f 144 3304 1617 3303 
f 3301 1617 3304 143 
f 1456 5855 1618 3308 
f 3306 1618 5855 1455 
f 1383 3307 1618 3306 
f 3308 1618 3307 146 
f 1383 3309 1619 3307 
f 3310 1619 3309 1388 
f 183 3311 1619 3310 
f 3307 1619 3311 146 
f 3312 1620 3315 147 
f 165 3313 1620 3312 
f 3314 1620 3313 192 
f 148 3315 1620 3314 
f 3314 1621 3318 148 
f 192 3316 1621 3314 
f 3317 1621 3316 194 
f 149 3318 1621 3317 
f 3317 1622 3321 149 
f 194 3319 1622 3317 
f 150 3320 1622 3319 
f 3321 1622 3320 151 
f 151 3320 1623 3324 
f 3322 1623 3320 150 
f 1385 3323 1623 3322 
f 3324 1623 3323 153 
f 1385 3325 1624 3323 
f 3326 1624 3325 1386 
f 155 3327 1624 3326 
f 3323 1624 3327 153 
f 1386 3328 1625 3326 
f 3329 1625 3328 1404 
f 1419 3330 1625 3329 
f 3326 1625 3330 155 
f 1233 3331 1626 3334 
f 3332 1626 3331 156 
f 1408 3333 1626 3332 
f 3334 1626 3333 1409 
f 1407 3335 1627 3338 
f 3336 1627 3335 208 
f 157 3337 1627 3336 
f 3338 1627 3337 1406 
f 1406 3337 1628 3341 
f 3339 1628 3337 157 
f 159 3340 1628 3339 
f 3341 1628 3340 1382 
f 156 3331 1629 3344 
f 3342 1629 3331 1233 
f 1263 3343 1629 3342 
f 3344 1629 3343 1048 
f 208 3345 1630 3336 
f 209 3346 1630 3345 
f 3347 1630 3346 158 
f 3336 1630 3347 157 
f 3339 1631 3349 159 
f 157 3347 1631 3339 
f 3348 1631 3347 158 
f 3349 1631 3348 161 
f 158 3346 1632 3352 
f 3350 1632 3346 209 
f 211 3351 1632 3350 
f 3352 1632 3351 167 
f 161 3348 1633 3354 
f 3352 1633 3348 158 
f 167 3353 1633 3352 
f 3354 1633 3353 168 
f 145 3355 1634 3357 
f 5872 1634 3355 1468 
f 1458 3356 1634 5872 
f 3357 1634 3356 160 
f 160 3356 1635 3359 
f 5873 1635 3356 1458 
f 1459 3358 1635 5873 
f 3359 1635 3358 162 
f 162 3358 1636 3361 
f 5874 1636 3358 1459 
f 1461 3360 1636 5874 
f 3361 1636 3360 169 
f 160 3362 1637 3357 
f 3363 1637 3362 185 
f 184 3364 1637 3363 
f 3357 1637 3364 145 
f 162 3365 1638 3359 
f 3366 1638 3365 186 
f 185 3362 1638 3366 
f 3359 1638 3362 160 
f 3361 1639 3365 162 
f 169 3367 1639 3361 
f 3368 1639 3367 188 
f 186 3365 1639 3368 
f 1050 3369 1640 3372 
f 3370 1640 3369 210 
f 211 3371 1640 3370 
f 3372 1640 3371 1049 
f 3373 1641 3353 167 
f 3374 1641 3373 189 
f 163 3375 1641 3374 
f 168 3353 1641 3375 
f 1460 3376 1642 5875 
f 3377 1642 3376 1287 
f 169 3360 1642 3377 
f 5875 1642 3360 1461 
f 1287 3378 1643 3377 
f 1291 3379 1643 3378 
f 3367 1643 3379 188 
f 3377 1643 3367 169 
f 3381 1644 3380 171 
f 3382 1644 3381 170 
f 1412 3383 1644 3382 
f 3196 1644 3383 91 
f 92 3380 1644 3196 
f 3198 1645 3380 92 
f 93 3384 1645 3198 
f 3385 1645 3384 172 
f 171 3380 1645 3385 
f 170 3381 1646 3388 
f 171 3386 1646 3381 
f 3387 1646 3386 174 
f 3388 1646 3387 173 
f 3385 1647 3386 171 
f 172 3389 1647 3385 
f 3390 1647 3389 273 
f 174 3386 1647 3390 
f 173 3387 1648 3393 
f 174 3391 1648 3387 
f 3392 1648 3391 1235 
f 3393 1648 3392 1234 
f 273 3394 1649 3390 
f 3395 1649 3394 1236 
f 1235 3391 1649 3395 
f 3390 1649 3391 174 
f 3396 1650 3399 1047 
f 175 3397 1650 3396 
f 3398 1650 3397 178 
f 177 3399 1650 3398 
f 3400 1651 3397 175 
f 3401 1651 3400 176 
f 179 3402 1651 3401 
f 3397 1651 3402 178 
f 3398 1652 3405 177 
f 3403 1652 3398 178 
f 180 3404 1652 3403 
f 182 3405 1652 3404 
f 178 3402 1653 3403 
f 3406 1653 3402 179 
f 181 3407 1653 3406 
f 3403 1653 3407 180 
f 1388 3408 1654 3310 
f 3312 1654 3408 165 
f 147 3409 1654 3312 
f 3310 1654 3409 183 
f 185 3410 1655 3363 
f 3411 1655 3410 166 
f 1387 3412 1655 3411 
f 3363 1655 3412 184 
f 186 3413 1656 3366 
f 3414 1656 3413 224 
f 166 3410 1656 3414 
f 3366 1656 3410 185 
f 221 3415 1657 3416 
f 3413 1657 3415 224 
f 186 3368 1657 3413 
f 3416 1657 3368 188 
f 1294 3417 1658 3418 
f 3416 1658 3417 221 
f 188 3379 1658 3416 
f 3418 1658 3379 1291 
f 3419 1659 3422 1290 
f 1288 3420 1659 3419 
f 3421 1659 3420 212 
f 3424 1659 3421 1296 
f 1377 3423 1659 3424 
f 3422 1659 3423 1082 
f 1474 5888 1660 5889 
f 3426 1660 5888 164 
f 1466 5865 1660 3426 
f 5889 1660 5865 1286 
f 3429 1661 3420 1288 
f 3430 1661 3429 1289 
f 3431 1661 3430 213 
f 212 3420 1661 3431 
f 214 3432 1662 5890 
f 3433 1662 3432 187 
f 164 5888 1662 3433 
f 5890 1662 5888 1474 
f 3411 1663 3438 1387 
f 166 3436 1663 3411 
f 3437 1663 3436 193 
f 1389 3438 1663 3437 
f 3414 1664 3436 166 
f 224 3439 1664 3414 
f 3440 1664 3439 227 
f 193 3436 1664 3440 
f 3437 1665 3443 1389 
f 193 3441 1665 3437 
f 3442 1665 3441 195 
f 1390 3443 1665 3442 
f 3440 1666 3441 193 
f 227 3444 1666 3440 
f 3445 1666 3444 431 
f 195 3441 1666 3445 
f 267 3446 1667 3448 
f 3447 1667 3446 230 
f 197 3450 1667 3447 
f 3449 1667 3450 191 
f 3448 1667 3449 213 
f 214 3451 1668 3432 
f 3452 1668 3451 215 
f 196 3453 1668 3452 
f 187 3432 1668 3453 
f 116 3258 1669 3456 
f 3454 1669 3258 117 
f 3455 1669 3454 451 
f 3456 1669 3455 198 
f 118 3262 1670 3457 
f 3456 1670 3262 116 
f 198 3232 1670 3456 
f 3457 1670 3232 199 
f 119 3265 1671 3458 
f 3457 1671 3265 118 
f 199 3236 1671 3457 
f 3458 1671 3236 200 
f 120 3268 1672 3459 
f 3458 1672 3268 119 
f 200 3239 1672 3458 
f 3459 1672 3239 201 
f 121 3271 1673 3460 
f 3459 1673 3271 120 
f 201 3242 1673 3459 
f 3460 1673 3242 202 
f 122 3274 1674 3461 
f 3460 1674 3274 121 
f 202 3245 1674 3460 
f 3461 1674 3245 203 
f 123 3277 1675 3462 
f 3461 1675 3277 122 
f 203 3248 1675 3461 
f 3462 1675 3248 204 
f 124 3280 1676 3463 
f 3462 1676 3280 123 
f 204 3251 1676 3462 
f 3463 1676 3251 205 
f 125 3283 1677 3464 
f 3463 1677 3283 124 
f 205 3254 1677 3463 
f 3464 1677 3254 206 
f 126 3286 1678 3465 
f 3464 1678 3286 125 
f 206 3257 1678 3464 
f 3465 1678 3257 207 
f 156 3466 1679 3332 
f 208 3335 1679 3466 
f 3467 1679 3335 1407 
f 3332 1679 3467 1408 
f 3344 1680 3466 156 
f 1048 3468 1680 3344 
f 3345 1680 3468 209 
f 208 3466 1680 3345 
f 209 3468 1681 3350 
f 3469 1681 3468 1048 
f 1049 3371 1681 3469 
f 3350 1681 3371 211 
f 210 3470 1682 3370 
f 3373 1682 3470 189 
f 167 3351 1682 3373 
f 3370 1682 3351 211 
f 190 3428 1683 3472 
f 3471 1683 3428 1292 
f 1296 3421 1683 3471 
f 212 3472 1683 3421 
f 191 3435 1684 3449 
f 190 3472 1684 3435 
f 3431 1684 3472 212 
f 213 3449 1684 3431 
f 213 3430 1685 3448 
f 3473 1685 3430 1289 
f 1309 3474 1685 3473 
f 3448 1685 3474 267 
f 191 3450 1686 3434 
f 3475 1686 3450 197 6015 
f 215 3451 1686 3475 
f 3434 1686 3451 214 
f 3476 1687 3479 1236 
f 1241 3477 1687 3476 
f 3478 1687 3477 268 
f 176 3479 1687 3478 
f 176 3478 1688 3401 
f 268 3480 1688 3478 
f 3481 1688 3480 269 
f 3401 1688 3481 179 
f 179 3481 1689 3406 
f 3482 1689 3481 269 
f 270 3483 1689 3482 
f 3406 1689 3483 181 
f 172 3384 1690 3486 
f 3484 1690 3384 93 
f 271 3485 1690 3484 
f 3486 1690 3485 272 
f 3487 1691 3486 272 
f 1106 3488 1691 3487 
f 3389 1691 3488 273 
f 172 3486 1691 3389 
f 3489 1692 3492 1297 
f 6012 6013 6017 6018 
f 6019 6011 6012 6018 
f 223 3492 1692 3491 
f 3493 1693 3495 1293 
f 1297 3492 1693 3493 
f 3494 1693 3492 223 
f 1299 3495 1693 3494 
f 3491 1694 3498 223 
f 6020 6010 6011 6019 
f 6021 6009 6010 6020 
f 226 3498 1694 3497 
f 3494 1695 3500 1299 
f 223 3498 1695 3494 
f 3499 1695 3498 226 
f 1300 3500 1695 3499 
f 3497 1696 3503 226 
f 6022 6008 6009 6021 
f 228 3502 3501 
f 229 3503 1696 3502 
f 3499 1697 3505 1300 
f 226 3503 1697 3499 
f 3504 1697 3503 229 
f 1301 3505 1697 3504 
f 3502 1698 3508 229 
f 228 3506 1698 3502 
f 3507 1698 3506 424 
f 428 3508 1698 3507 
f 3504 1699 3510 1301 
f 229 3508 1699 3504 
f 3509 1699 3508 428 
f 1322 3510 1699 3509 
f 3490 1700 3513 222 
f 1295 3511 1700 3490 
f 3512 1700 3511 1302 
f 231 3513 1700 3512 
f 3496 1701 3515 225 
f 222 3513 1701 3496 
f 3514 1701 3513 231 
f 232 3515 1701 3514 
f 3501 1702 3517 228 
f 225 3515 1702 3501 
f 3516 1702 3515 232 
f 233 3517 1702 3516 
f 3506 1703 3519 424 
f 228 3517 1703 3506 
f 3518 1703 3517 233 
f 420 3519 1703 3518 
f 3512 1704 3522 231 
f 1302 3520 1704 3512 
f 3521 1704 3520 1303 
f 235 3522 1704 3521 
f 3514 1705 3524 232 
f 231 3522 1705 3514 
f 3523 1705 3522 235 
f 236 3524 1705 3523 
f 3516 1706 3526 233 
f 232 3524 1706 3516 
f 3525 1706 3524 236 
f 237 3526 1706 3525 
f 3518 1707 3528 420 
f 233 3526 1707 3518 
f 3527 1707 3526 237 
f 416 3528 1707 3527 
f 3521 1708 3531 235 
f 1303 3529 1708 3521 
f 3530 1708 3529 1304 
f 239 3531 1708 3530 
f 3523 1709 3533 236 
f 235 3531 1709 3523 
f 3532 1709 3531 239 
f 240 3533 1709 3532 
f 237 3525 1710 3535 
f 236 3533 1710 3525 
f 240 3534 1710 3533 
f 3535 1710 3534 241 
f 416 3527 1711 3537 
f 3535 1711 3527 237 
f 241 3536 1711 3535 
f 3537 1711 3536 412 
f 1304 3538 1712 3530 
f 3539 1712 3538 1310 
f 293 3540 1712 3539 
f 3530 1712 3540 239 
f 239 3540 1713 3532 
f 3541 1713 3540 293 
f 294 3542 1713 3541 
f 3532 1713 3542 240 
f 241 3534 1714 3544 
f 3542 1714 3534 240 
f 294 3543 1714 3542 
f 3544 1714 3543 295 
f 412 3536 1715 3546 
f 3544 1715 3536 241 
f 295 3545 1715 3544 
f 3546 1715 3545 408 
f 3547 1716 3550 220 
f 219 3548 1716 3547 
f 3549 1716 3548 246 
f 247 3550 1716 3549 
f 3551 1717 3553 1100 
f 220 3550 1717 3551 
f 3552 1717 3550 247 
f 248 3553 1717 3552 
f 3554 1718 3557 1237 
f 1238 3555 1718 3554 
f 3556 1718 3555 249 
f 216 3557 1718 3556 
f 217 3558 1719 3560 
f 3556 1719 3558 216 
f 3559 1719 3556 249 
f 250 3560 1719 3559 
f 3561 1720 3563 218 
f 217 3560 1720 3561 
f 3562 1720 3560 250 
f 251 3563 1720 3562 
f 3564 1721 3567 1101 
f 291 3565 1721 3564 
f 3566 1721 3565 1114 
f 252 3567 1721 3566 
f 1306 3568 1722 3571 
f 234 3569 1722 3568 
f 3570 1722 3569 230 
f 3571 1722 3570 1298 
f 3572 1723 3555 1238 
f 3573 1723 3572 1239 
f 253 3574 1723 3573 
f 3555 1723 3574 249 
f 3559 1724 3576 250 
f 249 3574 1724 3559 
f 3575 1724 3574 253 
f 254 3576 1724 3575 
f 3562 1725 3578 251 
f 250 3576 1725 3562 
f 3577 1725 3576 254 
f 1307 3578 1725 3577 
f 3566 1726 3581 252 
f 3579 1726 3566 1114 
f 257 3580 1726 3579 
f 3581 1726 3580 256 
f 3582 1727 3568 1306 
f 255 3583 1727 3582 
f 238 3584 1727 3583 
f 3568 1727 3584 234 
f 1239 3585 1728 3573 
f 3586 1728 3585 1242 
f 296 3587 1728 3586 
f 3573 1728 3587 253 
f 253 3587 1729 3575 
f 3588 1729 3587 296 
f 297 3589 1729 3588 
f 3575 1729 3589 254 
f 254 3589 1730 3577 
f 3590 1730 3589 297 
f 298 3591 1730 3590 
f 3577 1730 3591 1307 
f 256 3580 1731 3594 
f 3592 1731 3580 257 
f 1115 3593 1731 3592 
f 3594 1731 3593 299 
f 238 3583 1732 3597 
f 3595 1732 3583 255 
f 1311 3596 1732 3595 
f 3597 1732 3596 292 
f 219 3598 1733 3548 
f 3599 1733 3598 274 
f 275 3600 1733 3599 
f 3548 1733 3600 246 
f 3601 1734 3604 301 
f 263 3602 1734 3601 
f 3603 1734 3602 264 
f 303 3604 1734 3603 
f 3605 1735 3602 263 
f 265 3606 1735 3605 
f 3607 1735 3606 266 
f 264 3602 1735 3607 
f 80 3148 1736 3609 
f 3608 1736 3148 68 
f 266 3606 1736 3608 
f 3609 1736 3606 265 
f 1298 3570 1737 3610 
f 3446 1737 3570 230 
f 267 3474 1737 3446 
f 3610 1737 3474 1309 
f 3611 1738 3614 1101 
f 3612 1738 3611 1237 
f 1241 3613 1738 3612 
f 3614 1738 3613 1107 
f 216 3558 1739 3616 
f 3615 1739 3558 217 
f 269 3480 1739 3615 
f 3616 1739 3480 268 
f 3615 1740 3482 269 
f 3561 1740 3615 217 
f 218 3617 1740 3561 
f 3482 1740 3617 270 
f 219 3547 1741 3619 
f 220 3618 1741 3547 
f 272 3485 1741 3618 
f 3619 1741 3485 271 
f 272 3618 1742 3487 
f 3551 1742 3618 220 
f 1100 3620 1742 3551 
f 3487 1742 3620 1106 
f 263 3621 1743 3605 
f 3622 1743 3621 274 
f 276 3623 1743 3622 
f 3605 1743 3623 265 
f 265 3623 1744 3609 
f 3624 1744 3623 276 
f 277 3171 1744 3624 
f 3609 1744 3171 80 
f 274 3621 1745 3599 
f 3601 1745 3621 263 
f 301 3625 1745 3601 
f 3599 1745 3625 275 
f 274 3598 1746 3622 
f 3619 1746 3598 219 
f 271 3626 1746 3619 
f 3622 1746 3626 276 
f 276 3626 1747 3624 
f 3484 1747 3626 271 
f 93 3197 1747 3484 
f 3624 1747 3197 277 
f 3603 1748 3629 303 
f 264 3627 1748 3603 
f 3628 1748 3627 279 
f 305 3629 1748 3628 
f 3608 1749 3631 266 
f 68 3125 1749 3608 
f 3630 1749 3125 278 
f 280 3631 1749 3630 
f 3607 1750 3627 264 
f 266 3631 1750 3607 
f 3632 1750 3631 280 
f 279 3627 1750 3632 
f 3628 1751 3635 305 
f 279 3633 1751 3628 
f 3634 1751 3633 281 
f 1008 3635 1751 3634 
f 3630 1752 3637 280 
f 278 3102 1752 3630 
f 1029 3636 1752 3102 
f 3637 1752 3636 282 
f 3632 1753 3633 279 
f 3637 1753 3632 280 
f 3638 1753 3637 282 
f 3633 1753 3638 281 
f 1214 3639 1754 3641 
f 1215 3640 1754 3639 
f 3641 1754 3640 1120 
f 1005 3642 1755 3645 
f 3643 1755 3642 1030 
f 41 3644 1755 3643 
f 3645 1755 3644 972 
f 283 3648 1756 3647 
f 1006 3649 1756 3648 
f 3645 1756 3649 1005 
f 972 3646 1756 3645 
f 3647 1756 3646 973 
f 3648 1757 3652 1006 
f 3650 1757 3648 283 
f 284 3651 1757 3650 
f 3652 1757 3651 1007 
f 1004 3653 1758 3654 
f 3651 1758 3653 1007 
f 3654 1758 3651 284 
f 283 3647 1759 3657 
f 973 3655 1759 3647 
f 3656 1759 3655 976 
f 286 3657 1759 3656 
f 3650 1760 3659 284 
f 283 3657 1760 3650 
f 3658 1760 3657 286 
f 287 3659 1760 3658 
f 1004 3654 1761 3661 
f 284 3659 1761 3654 
f 3660 1761 3659 287 
f 1110 3661 1761 3660 
f 3656 1762 3664 286 
f 976 3662 1762 3656 
f 3663 1762 3662 288 
f 378 3664 1762 3663 
f 3658 1763 3666 287 
f 286 3664 1763 3658 
f 3665 1763 3664 378 
f 1111 3666 1763 3665 
f 287 3666 1764 3669 
f 3667 1764 3666 1111 
f 289 3668 1764 3667 
f 3669 1764 3668 1109 
f 3670 1765 3673 1103 
f 3671 1765 3670 1102 
f 3672 1765 3671 1127 
f 290 3673 1765 3672 
f 3674 1766 3673 290 
f 1113 3675 1766 3674 
f 3676 1766 3675 1216 
f 1103 3673 1766 3676 
f 3677 1767 3679 1108 
f 3678 1767 3677 313 
f 1127 3671 1767 3678 
f 1102 3679 1767 3671 
f 1127 3680 1768 3672 
f 3681 1768 3680 1104 
f 3674 1768 3681 1113 
f 290 3672 1768 3674 
f 1310 3682 1769 3539 
f 3683 1769 3682 242 
f 243 3684 1769 3683 
f 3539 1769 3684 293 
f 293 3684 1770 3541 
f 3685 1770 3684 243 
f 3686 1770 3685 244 
f 294 3541 1770 3686 
f 244 3687 1771 3686 
f 3688 1771 3687 245 
f 295 3543 1771 3688 
f 3686 1771 3543 294 
f 245 3689 1772 3688 
f 3690 1772 3689 404 
f 408 3545 1772 3690 
f 3688 1772 3545 295 
f 3691 1773 3694 299 
f 261 3692 1773 3691 
f 3693 1773 3692 1240 
f 1242 3694 1773 3693 
f 296 3695 1774 3588 
f 3696 1774 3695 258 
f 259 3697 1774 3696 
f 3588 1774 3697 297 
f 297 3697 1775 3590 
f 3698 1775 3697 259 
f 1308 3699 1775 3698 
f 3590 1775 3699 298 
f 262 3700 1776 3701 
f 3691 1776 3700 261 
f 299 3593 1776 3691 
f 3701 1776 3593 1115 
f 3702 1777 3704 260 
f 1305 3703 1777 3702 
f 3596 1777 3703 292 
f 1311 3704 1777 3596 
f 1127 3705 1778 3680 
f 3706 1778 3705 300 
f 1104 3680 1778 3706 
f 313 3677 1779 3709 
f 3707 1779 3677 1108 
f 1116 3708 1779 3707 
f 3709 1779 3708 302 
f 302 3708 1780 3712 
f 3710 1780 3708 1116 
f 1118 3711 1780 3710 
f 3712 1780 3711 304 
f 304 3711 1781 3715 
f 3713 1781 3711 1118 
f 1121 3714 1781 3713 
f 3715 1781 3714 307 
f 3716 1782 3714 1121 
f 3717 1782 3716 1009 
f 306 3718 1782 3717 
f 307 3714 1782 3718 
f 306 3717 1783 3721 
f 3719 1783 3717 1009 
f 1010 3720 1783 3719 
f 3721 1783 3720 309 
f 309 3720 1784 3724 
f 3722 1784 3720 1010 
f 1011 3723 1784 3722 
f 3724 1784 3723 311 
f 3725 1785 3728 1119 
f 1123 3726 1785 3725 
f 3727 1785 3726 326 
f 320 3728 1785 3727 
f 3729 1786 3726 1123 
f 1122 3730 6040 6041 
f 6039 6040 3730 332 
f 326 3726 1786 3731 
f 3732 1787 3730 1122 
f 1124 3733 1787 3732 
f 3734 1787 3733 333 
f 332 3730 1787 3734 
f 3735 1788 3733 1124 
f 1125 3736 1788 3735 
f 312 3737 1788 3736 
f 3733 1788 3737 333 
f 1117 3738 1789 3740 
f 314 3739 1789 3738 
f 3740 1789 3739 1126 
f 3741 1790 3738 1117 
f 1119 3728 1790 3741 
f 3742 1790 3728 320 
f 314 3738 1790 3742 
f 6024 3743 1791 6023 
f 3744 1791 3743 1105 
f 300 3705 1791 3744 
f 3745 1791 3705 1127 
f 6023 1791 3745 
f 1240 3746 1792 3749 
f 3747 1792 3746 1243 
f 315 3748 1792 3747 
f 3749 1792 3748 258 
f 3696 1793 3751 259 
f 258 3748 1793 3696 
f 3750 1793 3748 315 
f 316 3751 1793 3750 
f 3698 1794 3753 1308 
f 259 3751 1794 3698 
f 3752 1794 3751 316 
f 317 3753 1794 3752 
f 261 3700 1795 3756 
f 3754 1795 3700 262 
f 1128 3755 1795 3754 
f 3756 1795 3755 318 
f 1105 3743 1796 3758 
f 6025 1796 3743 6024 
f 6026 3757 1796 6025 
f 3758 1796 3757 319 
f 1243 3759 1797 3747 
f 3760 1797 3759 1244 
f 321 3761 1797 3760 
f 3747 1797 3761 315 
f 3750 1798 3763 316 
f 315 3761 1798 3750 
f 3762 1798 3761 321 
f 322 3763 1798 3762 
f 3752 1799 3765 317 
f 316 3763 1799 3752 
f 3764 1799 3763 322 
f 323 3765 1799 3764 
f 318 3755 1800 3768 
f 3766 1800 3755 1128 
f 1129 3767 1800 3766 
f 3768 1800 3767 324 
f 319 3757 1801 3770 
f 6027 1801 3757 6026 
f 6028 3769 1801 6027 
f 3770 1801 3769 325 
f 321 3760 1802 3773 
f 3771 1802 3760 1244 
f 1245 3772 1802 3771 
f 3773 1802 3772 327 
f 3762 1803 3775 322 
f 321 3773 1803 3762 
f 327 3774 1803 3773 
f 328 3775 1803 3774 
f 3764 1804 3777 323 
f 322 3775 1804 3764 
f 3776 1804 3775 328 
f 329 3777 1804 3776 
f 324 3767 1805 3780 
f 3778 1805 3767 1129 
f 1130 3779 1805 3778 
f 3780 1805 3779 330 
f 325 3769 1806 3782 
f 6029 1806 3769 6028 
f 6030 3781 1806 6029 
f 3782 1806 3781 331 
f 327 3772 1807 3785 
f 3783 1807 3772 1245 
f 1246 3784 1807 3783 
f 3785 1807 3784 347 
f 328 3774 1808 3787 
f 3785 1808 3774 327 
f 347 3786 1808 3785 
f 3787 1808 3786 343 
f 3776 1809 3789 329 
f 328 3787 1809 3776 
f 3788 1809 3787 343 
f 342 3789 1809 3788 
f 330 3779 1810 3792 
f 3790 1810 3779 1130 
f 1134 3791 1810 3790 
f 3792 1810 3791 351 
f 331 3781 1811 3794 
f 6031 1811 3781 6030 
f 6032 3793 1811 6031 
f 3794 1811 3793 354 
f 3683 1812 3797 243 
f 242 3795 1812 3683 
f 3796 1812 3795 1313 
f 335 3797 1812 3796 
f 3685 1813 3799 244 
f 243 3797 1813 3685 
f 3798 1813 3797 335 
f 336 3799 1813 3798 
f 245 3687 1814 3801 
f 3799 1814 3687 244 
f 336 3800 1814 3799 
f 3801 1814 3800 337 
f 404 3689 1815 3803 
f 3801 1815 3689 245 
f 337 3802 1815 3801 
f 3803 1815 3802 400 
f 3796 1816 3806 335 
f 1313 3804 1816 3796 
f 3805 1816 3804 338 
f 339 3806 1816 3805 
f 3798 1817 3808 336 
f 335 3806 1817 3798 
f 3807 1817 3806 339 
f 340 3808 1817 3807 
f 337 3800 1818 3810 
f 3808 1818 3800 336 
f 3809 1818 3808 340 
f 341 3810 1818 3809 
f 400 3802 1819 3812 
f 3810 1819 3802 337 
f 3811 1819 3810 341 
f 3812 1819 3811 396 
f 3805 1820 3814 339 
f 338 3813 1820 3805 
f 3788 1820 3813 342 
f 3814 1820 3788 343 
f 3807 1821 3816 340 
f 339 3814 1821 3807 
f 3815 1821 3814 343 
f 344 3816 1821 3815 
f 3809 1822 3818 341 
f 340 3816 1822 3809 
f 3817 1822 3816 344 
f 345 3818 1822 3817 
f 396 3811 1823 3820 
f 341 3818 1823 3811 
f 3819 1823 3818 345 
f 3820 1823 3819 346 
f 3702 1824 3823 1305 
f 260 3821 1824 3702 
f 3822 1824 3821 1312 
f 334 3823 1824 3822 
f 3815 1825 3825 344 
f 3786 1825 3815 343 
f 3824 1825 3786 347 
f 348 3825 1825 3824 
f 3817 1826 3827 345 
f 344 3825 1826 3817 
f 3826 1826 3825 348 
f 349 3827 1826 3826 
f 3819 1827 3829 346 
f 345 3827 1827 3819 
f 3828 1827 3827 349 
f 350 3829 1827 3828 
f 347 3784 1828 3824 
f 3830 1828 3784 1246 
f 1247 3831 1828 3830 
f 3824 1828 3831 348 
f 348 3831 1829 3826 
f 3832 1829 3831 1247 
f 1248 3833 1829 3832 
f 3826 1829 3833 349 
f 349 3833 1830 3828 
f 3834 1830 3833 1248 
f 1249 3835 1830 3834 
f 3828 1830 3835 350 
f 6033 1831 3793 6032 
f 6034 3836 1831 6033 
f 3837 1831 3836 357 
f 354 3793 1831 3837 
f 1138 3838 1832 3840 
f 3839 1832 3838 352 
f 351 3791 1832 3839 
f 3840 1832 3791 1134 
f 3736 1833 3844 312 
f 5953 3841 1833 3736 
f 1142 3842 1833 3841 
f 3843 1833 3842 1135 
f 359 3844 1833 3843 
f 311 3723 5956 5960 
f 5957 5956 3723 1011 
f 1017 3846 1834 3845 
f 3847 1834 3846 360 
f 1835 3836 6034 6035 
f 3848 1835 6035 6036 
f 3849 1835 3848 1139 
f 357 3836 1835 3849 
f 358 3850 1836 3852 
f 3851 1836 3850 1131 
f 352 3838 1836 3851 
f 3852 1836 3838 1138 
f 3853 1837 3856 1132 
f 1140 3854 1837 3853 
f 3855 1837 3854 1141 
f 355 3856 1837 3855 
f 3857 1838 3846 1017 
f 356 3858 1838 3857 
f 3859 1838 3858 1136 
f 3846 1838 3859 360 
f 3860 1839 3858 356 
f 3861 1839 3860 1013 
f 1143 3862 1839 3861 
f 1136 3858 1839 3862 
f 1133 3863 1840 3866 
f 3864 1840 3863 1137 
f 361 3865 1840 3864 
f 3866 1840 3865 1160 
f 1013 3867 1841 3861 
f 3868 1841 3867 1016 
f 3869 1841 3868 369 
f 3861 1841 3869 1143 
f 3870 1842 3873 1161 
f 1145 3871 1842 3870 
f 3872 1842 3871 1147 
f 373 3873 1842 3872 
f 3872 1843 3876 373 
f 1147 3874 1843 3872 
f 3875 1843 3874 1151 
f 1149 3876 1843 3875 
f 363 3877 1844 3880 
f 3878 1844 3877 364 
f 1015 3879 1844 3878 
f 3880 1844 3879 372 
f 1146 3881 1845 3884 
f 3882 1845 3881 1157 
f 367 3883 1845 3882 
f 3884 1845 3883 365 
f 3877 1846 3886 364 
f 363 3885 1846 3877 
f 3868 1846 3885 369 
f 1016 3886 1846 3868 
f 365 3887 1847 3884 
f 3888 1847 3887 1144 
f 1152 3889 1847 3888 
f 3884 1847 3889 1146 
f 3892 1848 3891 1156 
f 3893 1848 3892 1154 
f 1848 3893 375 3894 
f 3890 1848 3894 366 
f 3891 1848 3890 1150 
f 1148 3895 1849 3898 
f 1159 3896 1849 3895 
f 376 3897 1849 3896 
f 3898 1849 3897 1158 
f 1153 3899 1850 3901 
f 3900 1850 3899 374 
f 3896 1850 3900 376 
f 3901 1850 3896 1159 
f 3900 1851 3904 376 
f 374 3902 1851 3900 
f 3903 1851 3902 395 
f 392 3904 1851 3903 
f 1158 3897 1852 3906 
f 376 3904 1852 3897 
f 3905 1852 3904 392 
f 3906 1852 3905 1162 
f 374 3899 1853 3909 
f 3907 1853 3899 1153 
f 1212 3908 1853 3907 
f 3909 1853 3908 846 
f 395 3902 1854 3911 
f 3909 1854 3902 374 
f 846 3910 1854 3909 
f 3911 1854 3910 847 
f 371 3912 1855 3915 
f 3913 1855 3912 1155 
f 848 3914 1855 3913 
f 3915 1855 3914 845 
f 372 3879 1856 3918 
f 3916 1856 3879 1015 
f 1018 3917 1856 3916 
f 3918 1856 3917 1217 
f 3919 1857 3921 1014 
f 388 3920 1857 3919 
f 389 3922 1857 3920 
f 3921 1857 3922 368 
f 308 3923 1858 3926 
f 3924 1858 3923 1112 
f 1111 3925 1858 3924 
f 3926 1858 3925 379 
f 310 3927 1859 3929 
f 3926 1859 3927 308 
f 3928 1859 3926 379 
f 3929 1859 3928 380 
f 379 3925 1860 3931 
f 3665 1860 3925 1111 
f 378 3930 1860 3665 
f 3931 1860 3930 383 
f 384 3932 1861 3933 
f 3928 1861 3932 380 
f 379 3931 1861 3928 
f 383 3933 1861 3931 
f 362 3934 1862 3937 
f 3935 1862 3934 1012 
f 385 3936 1862 3935 
f 386 3937 1862 3936 
f 387 3940 1863 3939 
f 3919 1863 3940 388 
f 1014 3938 1863 3919 
f 370 3939 1863 3938 
f 288 3941 1864 3663 
f 3942 1864 3941 974 
f 383 3930 1864 3942 
f 3663 1864 3930 378 
f 974 3943 1865 3942 
f 3944 1865 3943 978 
f 384 3933 1865 3944 
f 3942 1865 3933 383 
f 382 3946 1866 3945 
f 3936 1866 3946 386 
f 3947 1866 3936 385 
f 3944 1866 3947 384 
f 3945 1866 3944 978 
f 980 3949 1867 3948 
f 3940 1867 3949 388 
f 387 3950 1867 3940 
f 386 3946 1867 3950 
f 3948 1867 3946 382 
f 3951 1868 3920 388 
f 1445 3952 1868 3951 
f 975 3953 1868 3952 
f 3920 1868 3953 389 
f 389 3953 1869 3956 
f 3954 1869 3953 975 
f 981 3955 1869 3954 
f 856 3956 1869 3955 
f 370 3957 1870 3939 
f 362 3937 1870 3957 
f 3950 1870 3937 386 
f 3939 1870 3950 387 
f 1012 3958 1871 3935 
f 3932 1871 3958 380 
f 384 3947 1871 3932 
f 1871 3947 385 3935 
f 3829 1872 3961 346 
f 350 3959 1872 3829 
f 3960 1872 3959 391 
f 390 3961 1872 3960 
f 3962 1873 3964 377 
f 3905 1873 3962 1162 
f 392 3963 1873 3905 
f 3965 1873 3963 1265 
f 1249 3964 1873 3965 
f 3960 1874 3968 390 
f 391 3966 1874 3960 
f 3967 1874 3966 394 
f 393 3968 1874 3967 
f 391 3969 1875 3966 
f 3970 1875 3969 1265 
f 1266 3971 1875 3970 
f 3966 1875 3971 394 
f 3972 1876 3967 394 
f 453 3973 1876 3972 
f 861 3974 1876 3973 
f 3967 1876 3974 393 
f 394 3971 1877 3972 
f 3975 1877 3971 1266 
f 1284 3976 1877 3975 
f 3972 1877 3976 453 
f 346 3961 1878 3820 
f 3977 1878 3961 390 
f 397 3978 1878 3977 
f 3820 1878 3978 396 
f 390 3968 1879 3977 
f 3979 1879 3968 393 
f 398 3980 1879 3979 
f 3977 1879 3980 397 
f 3981 1880 3974 861 
f 864 3982 1880 3981 
f 3983 1880 3982 399 
f 3979 1880 3983 398 
f 393 3974 1880 3979 
f 396 3978 1881 3812 
f 3984 1881 3978 397 
f 401 3985 1881 3984 
f 3812 1881 3985 400 
f 397 3980 1882 3984 
f 3986 1882 3980 398 
f 402 3987 1882 3986 
f 3984 1882 3987 401 
f 398 3983 1883 3986 
f 3988 1883 3983 399 
f 1315 3989 1883 3988 
f 3986 1883 3989 402 
f 400 3985 1884 3803 
f 3990 1884 3985 401 
f 405 3991 1884 3990 
f 3803 1884 3991 404 
f 401 3987 1885 3990 
f 3992 1885 3987 402 
f 406 3993 1885 3992 
f 3990 1885 3993 405 
f 402 3989 1886 3992 
f 3994 1886 3989 1315 
f 1316 3995 1886 3994 
f 3992 1886 3995 406 
f 404 3991 1887 3690 
f 3996 1887 3991 405 
f 409 3997 1887 3996 
f 3690 1887 3997 408 
f 405 3993 1888 3996 
f 3998 1888 3993 406 
f 410 3999 1888 3998 
f 3996 1888 3999 409 
f 406 3995 1889 3998 
f 4000 1889 3995 1316 
f 1317 4001 1889 4000 
f 3998 1889 4001 410 
f 408 3997 1890 3546 
f 4002 1890 3997 409 
f 413 4003 1890 4002 
f 3546 1890 4003 412 
f 409 3999 1891 4002 
f 4004 1891 3999 410 
f 414 4005 1891 4004 
f 4002 1891 4005 413 
f 410 4001 1892 4004 
f 4006 1892 4001 1317 
f 1318 4007 1892 4006 
f 4004 1892 4007 414 
f 412 4003 1893 3537 
f 4008 1893 4003 413 
f 417 4009 1893 4008 
f 3537 1893 4009 416 
f 413 4005 1894 4008 
f 4010 1894 4005 414 
f 4011 1894 4010 418 
f 417 4008 1894 4011 
f 414 4007 1895 4010 
f 4012 1895 4007 1318 
f 1319 4013 1895 4012 
f 4010 1895 4013 418 
f 4009 1896 3528 416 
f 417 4014 1896 4009 
f 4015 1896 4014 421 
f 420 3528 1896 4015 
f 4011 1897 4014 417 
f 418 4016 1897 4011 
f 4017 1897 4016 422 
f 421 4014 1897 4017 
f 4013 1898 4016 418 
f 4018 1898 4013 1319 
f 4019 1898 4018 1320 
f 422 4016 1898 4019 
f 4015 1899 3519 420 
f 421 4020 1899 4015 
f 4021 1899 4020 425 
f 424 3519 1899 4021 
f 4017 1900 4020 421 
f 422 4022 1900 4017 
f 4023 1900 4022 426 
f 425 4020 1900 4023 
f 4019 1901 4022 422 
f 1320 4024 1901 4019 
f 1321 4025 1901 4024 
f 426 4022 1901 4025 
f 4021 1902 3507 424 
f 425 4026 1902 4021 
f 4027 1902 4026 429 
f 3507 1902 4027 428 
f 4023 1903 4026 425 
f 426 4028 1903 4023 
f 4029 1903 4028 430 
f 429 4026 1903 4029 
f 4025 1904 4028 426 
f 4030 1904 4025 1321 
f 1327 4031 1904 4030 
f 4028 1904 4031 430 
f 4027 1905 3509 428 
f 429 4032 1905 4027 
f 4033 1905 4032 1323 
f 3509 1905 4033 1322 
f 4029 1906 4032 429 
f 430 4034 1906 4029 
f 4035 1906 4034 1324 
f 1323 4032 1906 4035 
f 430 4031 1907 4034 
f 4036 1907 4031 1327 
f 1325 4037 1907 4036 
f 4034 1907 4037 1324 
f 434 4038 1908 4041 
f 4039 1908 4038 1285 
f 154 4040 1908 4039 
f 4041 1908 4040 433 
f 4040 1909 4044 433 
f 154 4042 1909 4040 
f 4043 1909 4042 152 
f 4044 1909 4043 432 
f 432 4043 1910 4047 
f 4045 1910 4043 152 
f 1384 4046 1910 4045 
f 4047 1910 4046 431 
f 195 3445 1911 3442 
f 4046 1911 3445 431 
f 1384 4048 1911 4046 
f 3442 1911 4048 1390 
f 4049 1912 4052 1403 
f 1326 4050 1912 4049 
f 4051 1912 4050 435 
f 437 4052 1912 4051 
f 4053 1913 4056 427 
f 423 4054 1913 4053 
f 4055 1913 4054 439 
f 436 4056 1913 4055 
f 435 4057 1914 4051 
f 4056 1914 4057 427 
f 436 4058 1914 4056 
f 4051 1914 4058 437 
f 4059 1915 4062 419 
f 415 4060 1915 4059 
f 4061 1915 4060 442 
f 438 4062 1915 4061 
f 4063 1916 4054 423 
f 419 4062 1916 4063 
f 4064 1916 4062 438 
f 439 4054 1916 4064 
f 4065 1917 4068 411 
f 407 4066 1917 4065 
f 4067 1917 4066 440 
f 441 4068 1917 4067 
f 4069 1918 4060 415 
f 411 4068 1918 4069 
f 4070 1918 4068 441 
f 442 4060 1918 4070 
f 403 4071 1919 4073 
f 4072 1919 4071 1314 
f 440 4066 1919 4072 
f 4073 1919 4066 407 
f 4074 1920 4076 1405 
f 1403 4052 1920 4074 
f 4075 1920 4052 437 
f 456 4076 1920 4075 
f 439 4077 1921 4055 
f 4078 1921 4077 458 
f 4079 1921 4078 455 
f 4055 1921 4079 436 
f 4079 1922 4058 436 
f 4080 1922 4079 455 
f 4075 1922 4080 456 
f 437 4058 1922 4075 
f 442 4081 1923 4061 
f 4082 1923 4081 898 
f 4083 1923 4082 457 
f 4061 1923 4083 438 
f 438 4083 1924 4064 
f 4084 1924 4083 457 
f 4077 1924 4084 458 
f 4064 1924 4077 439 
f 440 4085 1925 4067 
f 4086 1925 4085 899 
f 4087 1925 4086 459 
f 4067 1925 4087 441 
f 441 4087 1926 4070 
f 4088 1926 4087 459 
f 4081 1926 4088 898 
f 4070 1926 4081 442 
f 1314 4089 1927 4072 
f 4090 1927 4089 1328 
f 4085 1927 4090 899 
f 4072 1927 4085 440 
f 4091 1928 3765 323 
f 4092 1928 4091 461 
f 460 4093 1928 4092 
f 3765 1928 4093 317 
f 4094 1929 3777 329 
f 4095 1929 4094 462 
f 461 4091 1929 4095 
f 323 3777 1929 4091 
f 4096 1930 3789 342 
f 900 4097 1930 4096 
f 4094 1930 4097 462 
f 329 3789 1930 4094 
f 4098 1931 3804 1313 
f 1376 4099 1931 4098 
f 4100 1931 4099 463 
f 338 3804 1931 4100 
f 342 3813 1932 4096 
f 4100 1932 3813 338 
f 463 4101 1932 4100 
f 4096 1932 4101 900 
f 4102 1933 3822 1312 
f 1329 4103 1933 4102 
f 901 4104 1933 4103 
f 334 3822 1933 4104 
f 3004 1934 4107 914 
f 960 4105 1934 3004 
f 4106 1934 4105 1002 
f 4107 1934 4106 443 
f 4108 1935 4110 902 
f 3073 1935 4108 30 
f 4109 1935 3073 46 
f 4110 1935 4109 903 
f 46 3106 1936 4109 
f 4111 1936 3106 57 
f 904 4112 1936 4111 
f 4109 1936 4112 903 
f 57 3129 1937 4111 
f 4113 1937 3129 69 
f 905 4114 1937 4113 
f 4111 1937 4114 904 
f 69 3152 1938 4113 
f 3176 1938 3152 94 
f 95 4115 1938 3176 
f 4113 1938 4115 905 
f 4116 1939 4117 450 
f 3233 1939 4116 106 
f 198 3455 1939 3233 
f 4117 1939 3455 451 
f 598 3260 1940 4119 
f 3290 1940 3260 127 
f 136 4118 1940 3290 
f 4119 1940 4118 1451 
f 368 3922 1941 4121 
f 3956 1941 3922 389 
f 4120 1941 3956 856 
f 4121 1941 4120 452 
f 464 4122 1942 4124 
f 2942 1942 4122 5903 
f 936 4123 1942 2942 
f 4124 1942 4123 938 
f 938 4125 1943 4124 
f 4126 1943 4125 939 
f 5904 4127 1943 4126 
f 4124 1943 4127 464 
f 4128 1944 4126 939 
f 940 4129 1944 4128 
f 4130 1944 4129 5905 
f 4126 1944 4130 5904 
f 4131 1945 4129 940 
f 4132 1945 4131 941 
f 5906 4133 1945 4132 
f 4129 1945 4133 5905 
f 941 4134 1946 4132 
f 4135 1946 4134 942 
f 5907 4136 1946 4135 
f 4132 1946 4136 5906 
f 942 4137 1947 4135 
f 4138 1947 4137 943 
f 5908 4139 1947 4138 
f 4135 1947 4139 5907 
f 943 4140 1948 4138 
f 4141 1948 4140 944 
f 5909 4142 1948 4141 
f 4138 1948 4142 5908 
f 944 4143 1949 4141 
f 4144 1949 4143 945 
f 5910 4145 1949 4144 
f 4141 1949 4145 5909 
f 945 4146 1950 4144 
f 4147 1950 4146 946 
f 5911 4148 1950 4147 
f 4144 1950 4148 5910 
f 946 4149 1951 4147 
f 4150 1951 4149 947 
f 5912 4151 1951 4150 
f 4147 1951 4151 5911 
f 947 4152 1952 4150 
f 4153 1952 4152 948 
f 5913 4154 1952 4153 
f 4150 1952 4154 5912 
f 948 4155 1953 4153 
f 4156 1953 4155 949 
f 5914 4157 1953 4156 
f 4153 1953 4157 5913 
f 949 4158 1954 4156 
f 4159 1954 4158 950 
f 4160 1954 4159 5915 
f 4156 1954 4160 5914 
f 950 4161 1955 4159 
f 951 4162 1955 4161 
f 4163 1955 4162 5916 
f 5915 4159 1955 4163 
f 4164 1956 4162 951 
f 479 4165 1956 4164 
f 4166 1956 4165 5932 
f 5916 4162 1956 4166 
f 4167 1957 4164 951 
f 952 4168 1957 4167 
f 4169 1957 4168 480 
f 479 4164 1957 4169 
f 4170 1958 4168 952 
f 953 4171 1958 4170 
f 482 4172 1958 4171 
f 480 4168 1958 4172 
f 479 4173 1959 4165 
f 2978 1959 4173 484 
f 5931 5948 1959 2978 
f 5932 4165 1959 5948 
f 480 4174 1960 4169 
f 2980 1960 4174 444 
f 484 4173 1960 2980 
f 4169 1960 4173 479 
f 480 4172 1961 4174 
f 4175 1961 4172 482 
f 445 2982 1961 4175 
f 4174 1961 2982 444 
f 4176 1962 4171 953 
f 954 4177 1962 4176 
f 485 4178 1962 4177 
f 4171 1962 4178 482 
f 4175 1963 2987 445 
f 482 4178 1963 4175 
f 4179 1963 4178 485 
f 446 2987 1963 4179 
f 954 4180 1964 4177 
f 4181 1964 4180 955 
f 487 4182 1964 4181 
f 4177 1964 4182 485 
f 4179 1965 2992 446 
f 485 4182 1965 4179 
f 4183 1965 4182 487 
f 447 2992 1965 4183 
f 955 4184 1966 4181 
f 956 4185 1966 4184 
f 489 4186 1966 4185 
f 4181 1966 4186 487 
f 4187 1967 4185 956 
f 957 4188 1967 4187 
f 6586 1967 4188 491 
f 489 4185 1967 6586 
f 4189 1968 4188 957 
f 1444 4190 1968 4189 
f 4191 1968 4190 959 
f 4192 1968 4191 493 
f 491 4188 1968 4192 
f 493 4193 6581 4192 
f 6576 6581 4193 448 
f 465 4194 1969 4197 
f 4195 1969 4194 496 
f 495 4196 1969 4195 
f 4197 1969 4196 466 
f 466 4196 1970 4200 
f 4198 1970 4196 495 
f 497 4199 1970 4198 
f 4200 1970 4199 467 
f 467 4199 1971 4203 
f 4201 1971 4199 497 
f 498 4202 1971 4201 
f 4203 1971 4202 468 
f 468 4202 1972 4206 
f 4204 1972 4202 498 
f 499 4205 1972 4204 
f 4206 1972 4205 469 
f 469 4205 1973 4209 
f 4207 1973 4205 499 
f 500 4208 1973 4207 
f 4209 1973 4208 470 
f 4208 1974 4212 470 
f 4210 1974 4208 500 
f 4211 1974 4210 501 
f 4212 1974 4211 471 
f 471 4211 1975 4215 
f 4213 1975 4211 501 
f 502 4214 1975 4213 
f 4215 1975 4214 472 
f 472 4214 1976 4218 
f 4216 1976 4214 502 
f 503 4217 1976 4216 
f 4218 1976 4217 473 
f 473 4217 1977 4221 
f 4219 1977 4217 503 
f 504 4220 1977 4219 
f 4221 1977 4220 474 
f 4220 1978 4225 474 
f 4222 1978 4220 504 
f 4223 1978 4222 505 
f 4224 1978 4223 1381 
f 4225 1978 4224 475 
f 4223 1979 4228 
f 4226 1979 4223 505 
f 1032 4227 1979 4226 
f 4228 1979 4227 1379 
f 1032 4229 1980 4227 
f 4230 1980 4229 993 
f 4231 1980 4230 506 
f 1379 4227 1980 4231 
f 477 4232 1981 4235 
f 4233 1981 4232 506 
f 507 4234 1981 4233 
f 4235 1981 4234 478 
f 4234 1982 4238 478 
f 4236 1982 4234 507 
f 508 4237 1982 4236 
f 4238 1982 4237 481 
f 481 4237 1983 4241 
f 4239 1983 4237 508 
f 509 4240 1983 4239 
f 4241 1983 4240 483 
f 4240 1984 4244 483 
f 4242 1984 4240 509 
f 4243 1984 4242 510 
f 486 4244 1984 4243 
f 510 4245 1985 4243 
f 4246 1985 4245 511 
f 488 4247 1985 4246 
f 4243 1985 4247 486 
f 4246 1986 4250 488 
f 511 4248 1986 4246 
f 4249 1986 4248 512 
f 4250 1986 4249 490 
f 490 4249 1987 4253 
f 4251 1987 4249 512 
f 4252 1987 4251 513 
f 4253 1987 4252 492 
f 4252 1988 4256 492 
f 513 4254 1988 4252 
f 4255 1988 4254 1447 
f 494 4256 1988 4255 
f 1439 4257 1989 4260 
f 4258 1989 4257 1446 
f 515 4259 1989 4258 
f 4260 1989 4259 958 
f 958 4259 1990 4262 
f 4261 1990 4259 515 
f 449 3068 1990 4261 
f 4262 1990 3068 937 
f 4263 1991 4266 983 
f 517 4264 1991 4263 
f 4265 1991 4264 516 
f 4266 1991 4265 982 
f 4265 1992 4269 982 
f 516 4267 1992 4265 
f 4268 1992 4267 518 
f 4269 1992 4268 984 
f 4268 1993 4272 984 
f 518 4270 1993 4268 
f 4271 1993 4270 519 
f 4272 1993 4271 985 
f 4271 1994 4275 985 
f 519 4273 1994 4271 
f 4274 1994 4273 520 
f 986 4275 1994 4274 
f 4274 1995 4278 986 
f 520 4276 1995 4274 
f 4277 1995 4276 521 
f 987 4278 1995 4277 
f 4277 1996 4281 987 
f 521 4279 1996 4277 
f 4280 1996 4279 522 
f 4281 1996 4280 988 
f 988 4280 1997 4284 
f 522 4282 1997 4280 
f 4283 1997 4282 523 
f 4284 1997 4283 989 
f 989 4283 1998 4287 
f 523 4285 1998 4283 
f 4286 1998 4285 524 
f 4287 1998 4286 990 
f 990 4286 1999 4290 
f 524 4288 1999 4286 
f 4289 1999 4288 525 
f 4290 1999 4289 991 
f 991 4289 2000 4293 
f 4291 2000 4289 525 
f 4292 2000 4291 526 
f 4293 2000 4292 992 
f 4292 2001 4296 992 
f 526 4294 2001 4292 
f 4295 2001 4294 527 
f 4296 2001 4295 1031 
f 4297 2002 4264 517 
f 529 4298 2002 4297 
f 4299 2002 4298 528 
f 516 4264 2002 4299 
f 4299 2003 4267 516 
f 528 4300 2003 4299 
f 4301 2003 4300 530 
f 518 4267 2003 4301 
f 4301 2004 4270 518 
f 530 4302 2004 4301 
f 4303 2004 4302 531 
f 519 4270 2004 4303 
f 4303 2005 4273 519 
f 531 4304 2005 4303 
f 4305 2005 4304 532 
f 520 4273 2005 4305 
f 4305 2006 4276 520 
f 532 4306 2006 4305 
f 4307 2006 4306 533 
f 521 4276 2006 4307 
f 4307 2007 4279 521 
f 533 4308 2007 4307 
f 4309 2007 4308 534 
f 522 4279 2007 4309 
f 4309 2008 4282 522 
f 534 4310 2008 4309 
f 4311 2008 4310 535 
f 523 4282 2008 4311 
f 4311 2009 4285 523 
f 535 4312 2009 4311 
f 4313 2009 4312 536 
f 524 4285 2009 4313 
f 4313 2010 4288 524 
f 536 4314 2010 4313 
f 4315 2010 4314 537 
f 525 4288 2010 4315 
f 4315 2011 4291 525 
f 537 4316 2011 4315 
f 4317 2011 4316 538 
f 526 4291 2011 4317 
f 4317 2012 4294 526 
f 538 4318 2012 4317 
f 4319 2012 4318 539 
f 527 4294 2012 4319 
f 4320 2013 4298 529 
f 541 4321 2013 4320 
f 4322 2013 4321 540 
f 528 4298 2013 4322 
f 4322 2014 4300 528 
f 540 4323 2014 4322 
f 4324 2014 4323 542 
f 530 4300 2014 4324 
f 4324 2015 4302 530 
f 542 4325 2015 4324 
f 4326 2015 4325 543 
f 531 4302 2015 4326 
f 4326 2016 4304 531 
f 543 4327 2016 4326 
f 4328 2016 4327 544 
f 532 4304 2016 4328 
f 4328 2017 4306 532 
f 544 4329 2017 4328 
f 4330 2017 4329 545 
f 533 4306 2017 4330 
f 4330 2018 4308 533 
f 545 4331 2018 4330 
f 4332 2018 4331 546 
f 534 4308 2018 4332 
f 4332 2019 4310 534 
f 546 4333 2019 4332 
f 4334 2019 4333 547 
f 535 4310 2019 4334 
f 4334 2020 4312 535 
f 547 4335 2020 4334 
f 4336 2020 4335 548 
f 536 4312 2020 4336 
f 4336 2021 4314 536 
f 548 4337 2021 4336 
f 4338 2021 4337 549 
f 537 4314 2021 4338 
f 4338 2022 4316 537 
f 549 4339 2022 4338 
f 4340 2022 4339 550 
f 538 4316 2022 4340 
f 4340 2023 4318 538 
f 550 4341 2023 4340 
f 4342 2023 4341 551 
f 539 4318 2023 4342 
f 540 4321 2024 4345 
f 4343 2024 4321 541 
f 553 4344 2024 4343 
f 4345 2024 4344 552 
f 542 4323 2025 4347 
f 4345 2025 4323 540 
f 552 4346 2025 4345 
f 4347 2025 4346 554 
f 543 4325 2026 4349 
f 4347 2026 4325 542 
f 554 4348 2026 4347 
f 4349 2026 4348 555 
f 544 4327 2027 4351 
f 4349 2027 4327 543 
f 555 4350 2027 4349 
f 4351 2027 4350 556 
f 545 4329 2028 4353 
f 4351 2028 4329 544 
f 556 4352 2028 4351 
f 4353 2028 4352 557 
f 546 4331 2029 4355 
f 4353 2029 4331 545 
f 557 4354 2029 4353 
f 4355 2029 4354 558 
f 547 4333 2030 4357 
f 4355 2030 4333 546 
f 558 4356 2030 4355 
f 4357 2030 4356 559 
f 548 4335 2031 4359 
f 4357 2031 4335 547 
f 559 4358 2031 4357 
f 4359 2031 4358 560 
f 549 4337 2032 4361 
f 4359 2032 4337 548 
f 560 4360 2032 4359 
f 4361 2032 4360 561 
f 550 4339 2033 4363 
f 4361 2033 4339 549 
f 561 4362 2033 4361 
f 4363 2033 4362 562 
f 551 4341 2034 4365 
f 4363 2034 4341 550 
f 562 4364 2034 4363 
f 4365 2034 4364 563 
f 4366 2035 4368 553 
f 95 3175 2035 4366 
f 4367 2035 3175 1035 
f 1051 4368 2035 4367 
f 4344 2036 4370 552 
f 553 4368 2036 4344 
f 4369 2036 4368 1051 
f 565 4370 2036 4369 
f 4346 2037 4372 554 
f 552 4370 2037 4346 
f 4371 2037 4370 565 
f 566 4372 2037 4371 
f 555 4348 2038 4374 
f 4372 2038 4348 554 
f 566 4373 2038 4372 
f 4374 2038 4373 567 
f 556 4350 2039 4376 
f 4374 2039 4350 555 
f 567 4375 2039 4374 
f 4376 2039 4375 568 
f 557 4352 2040 4378 
f 4376 2040 4352 556 
f 568 4377 2040 4376 
f 4378 2040 4377 569 
f 558 4354 2041 4380 
f 4378 2041 4354 557 
f 569 4379 2041 4378 
f 4380 2041 4379 570 
f 559 4356 2042 4382 
f 4380 2042 4356 558 
f 570 4381 2042 4380 
f 4382 2042 4381 571 
f 560 4358 2043 4384 
f 4382 2043 4358 559 
f 571 4383 2043 4382 
f 4384 2043 4383 572 
f 561 4360 2044 4386 
f 4384 2044 4360 560 
f 572 4385 2044 4384 
f 4386 2044 4385 573 
f 562 4362 2045 4388 
f 4386 2045 4362 561 
f 573 4387 2045 4386 
f 4388 2045 4387 574 
f 563 4364 2046 4390 
f 4388 2046 4364 562 
f 574 4389 2046 4388 
f 4390 2046 4389 575 
f 82 3202 2047 4393 
f 4391 2047 3202 1250 
f 1251 4392 2047 4391 
f 4393 2047 4392 564 
f 564 4392 2048 4396 
f 4394 2048 4392 1251 
f 1252 4395 2048 4394 
f 4396 2048 4395 1052 
f 1052 4395 2049 4399 
f 4397 2049 4395 1252 
f 1253 4398 2049 4397 
f 4399 2049 4398 1053 
f 1053 4398 2050 4402 
f 4400 2050 4398 1253 
f 1254 4401 2050 4400 
f 4402 2050 4401 1054 
f 1054 4401 2051 4405 
f 4403 2051 4401 1254 
f 1255 4404 2051 4403 
f 4405 2051 4404 1055 
f 1055 4404 2052 4408 
f 4406 2052 4404 1255 
f 1256 4407 2052 4406 
f 4408 2052 4407 1056 
f 1056 4407 2053 4411 
f 4409 2053 4407 1256 
f 1257 4410 2053 4409 
f 4411 2053 4410 1057 
f 4412 2054 4410 1257 
f 4413 2054 4412 1258 
f 1058 4414 2054 4413 
f 4410 2054 4414 1057 
f 4415 2055 4413 1258 
f 4416 2055 4415 1259 
f 4417 2055 4416 1059 
f 4413 2055 4417 1058 
f 4416 2056 4420 1059 
f 1259 4418 2056 4416 
f 4419 2056 4418 1260 
f 1430 4420 2056 4419 
f 576 4421 2057 4424 
f 4422 2057 4421 587 
f 586 4423 2057 4422 
f 4424 2057 4423 577 
f 577 4423 2058 4427 
f 4425 2058 4423 586 
f 588 4426 2058 4425 
f 4427 2058 4426 578 
f 578 4426 2059 4430 
f 4428 2059 4426 588 
f 589 4429 2059 4428 
f 4430 2059 4429 579 
f 579 4429 2060 4433 
f 4431 2060 4429 589 
f 590 4432 2060 4431 
f 4433 2060 4432 580 
f 580 4432 2061 4436 
f 4434 2061 4432 590 
f 591 4435 2061 4434 
f 4436 2061 4435 581 
f 581 4435 2062 4439 
f 4437 2062 4435 591 
f 592 4438 2062 4437 
f 4439 2062 4438 582 
f 582 4438 2063 4442 
f 4440 2063 4438 592 
f 593 4441 2063 4440 
f 4442 2063 4441 583 
f 583 4441 2064 4445 
f 4443 2064 4441 593 
f 594 4444 2064 4443 
f 4445 2064 4444 584 
f 584 4444 2065 4448 
f 4446 2065 4444 594 
f 4447 2065 4446 595 
f 4448 2065 4447 585 
f 3261 2066 4451 117 
f 598 4449 2066 3261 
f 597 4450 2066 4449 
f 4451 2066 4450 596 
f 596 4450 2067 4454 
f 4452 2067 4450 597 
f 600 4453 2067 4452 
f 4454 2067 4453 599 
f 599 4453 2068 4457 
f 4455 2068 4453 600 
f 602 4456 2068 4455 
f 4457 2068 4456 601 
f 601 4456 2069 4460 
f 4458 2069 4456 602 
f 604 4459 2069 4458 
f 4460 2069 4459 603 
f 603 4459 2070 4463 
f 4461 2070 4459 604 
f 606 4462 2070 4461 
f 4463 2070 4462 605 
f 605 4462 2071 4466 
f 4464 2071 4462 606 
f 608 4465 2071 4464 
f 4466 2071 4465 607 
f 607 4465 2072 4469 
f 4467 2072 4465 608 
f 610 4468 2072 4467 
f 4469 2072 4468 609 
f 609 4468 2073 4472 
f 4470 2073 4468 610 
f 612 4471 2073 4470 
f 4472 2073 4471 611 
f 611 4471 2074 4475 
f 4473 2074 4471 612 
f 614 4474 2074 4473 
f 4475 2074 4474 613 
f 613 4474 2075 4477 
f 5871 2075 4474 614 
f 1471 4476 2075 5871 
f 4477 2075 4476 615 
f 4478 2076 4452 597 
f 4479 2076 4478 1452 
f 616 4480 2076 4479 
f 4452 2076 4480 600 
f 600 4480 2077 4455 
f 4481 2077 4480 616 
f 617 4482 2077 4481 
f 4455 2077 4482 602 
f 602 4482 2078 4458 
f 4483 2078 4482 617 
f 618 4484 2078 4483 
f 4458 2078 4484 604 
f 604 4484 2079 4461 
f 4485 2079 4484 618 
f 619 4486 2079 4485 
f 4461 2079 4486 606 
f 606 4486 2080 4464 
f 4487 2080 4486 619 
f 620 4488 2080 4487 
f 4464 2080 4488 608 
f 608 4488 2081 4467 
f 4489 2081 4488 620 
f 621 4490 2081 4489 
f 4467 2081 4490 610 
f 610 4490 2082 4470 
f 4491 2082 4490 621 
f 622 4492 2082 4491 
f 4470 2082 4492 612 
f 612 4492 2083 4473 
f 4493 2083 4492 622 
f 623 4494 2083 4493 
f 4473 2083 4494 614 
f 624 4496 2084 5869 
f 4497 2084 4496 626 
f 4498 2084 4497 625 
f 5869 2084 4498 1470 
f 625 4497 2085 4501 
f 4499 2085 4497 626 
f 628 4500 2085 4499 
f 4501 2085 4500 627 
f 4502 2086 4505 629 
f 632 4503 2086 4502 
f 4504 2086 4503 631 
f 630 4505 2086 4504 
f 4506 2087 4503 632 
f 634 4507 2087 4506 
f 4508 2087 4507 633 
f 631 4503 2087 4508 
f 4509 2088 4507 634 
f 4510 2088 4509 636 
f 635 4511 2088 4510 
f 633 4507 2088 4511 
f 636 4512 2089 4510 
f 4513 2089 4512 638 
f 4514 2089 4513 637 
f 4510 2089 4514 635 
f 637 4513 2090 4517 
f 4515 2090 4513 638 
f 640 4516 2090 4515 
f 4517 2090 4516 639 
f 4518 2091 4521 1418 
f 642 4519 2091 4518 
f 4520 2091 4519 1330 
f 4521 2091 4520 641 
f 585 4522 2092 4525 
f 4523 2092 4522 1415 
f 1416 4524 2092 4523 
f 4525 2092 4524 1260 
f 1413 4526 2093 4529 
f 4527 2093 4526 1414 
f 595 4528 2093 4527 
f 4529 2093 4528 615 
f 1391 4530 2094 4531 
f 4529 2094 4530 1413 
f 615 4476 2094 4529 
f 4531 2094 4476 1471 
f 643 4532 2095 4535 
f 4533 2095 4532 666 
f 1433 4534 2095 4533 
f 4535 2095 4534 1261 
f 644 4536 2096 4539 
f 4537 2096 4536 645 
f 4538 2096 4537 648 
f 647 4539 2096 4538 
f 4540 2097 4542 646 
f 4541 2097 4540 1463 
f 648 4537 2097 4541 
f 645 4542 2097 4537 
f 648 4543 2098 4538 
f 4544 2098 4543 651 
f 650 4545 2098 4544 
f 4538 2098 4545 647 
f 1463 4546 2099 4541 
f 4547 2099 4546 1464 
f 651 4543 2099 4547 
f 4541 2099 4543 648 
f 1392 4548 2100 4551 
f 4549 2100 4548 653 
f 1462 4550 2100 4549 
f 4551 2100 4550 1469 
f 653 4552 2101 4549 
f 4553 2101 4552 654 
f 649 5877 2101 4553 
f 4549 2101 5877 1462 
f 654 4554 2102 4553 
f 4555 2102 4554 655 
f 652 5878 2102 4555 
f 4553 2102 5878 649 
f 653 4548 2103 4558 
f 4556 2103 4548 1392 
f 1393 4557 2103 4556 
f 4558 2103 4557 656 
f 654 4552 2104 4560 
f 4558 2104 4552 653 
f 656 4559 2104 4558 
f 4560 2104 4559 657 
f 4560 2105 4554 654 
f 657 4561 2105 4560 
f 4562 2105 4561 658 
f 655 4554 2105 4562 
f 1337 4563 2106 4566 
f 4564 2106 4563 669 
f 650 4565 2106 4564 
f 4566 2106 4565 659 
f 4547 2107 4569 651 
f 1464 4567 2107 4547 
f 1465 4568 2107 4567 
f 4569 2107 4568 679 
f 660 5880 2108 4571 
f 4555 2108 5880 652 
f 655 4570 2108 4555 
f 4571 2108 4570 661 
f 661 4570 2109 4573 
f 4562 2109 4570 655 
f 4572 2109 4562 658 
f 662 4573 2109 4572 
f 1428 4574 2110 4577 
f 4575 2110 4574 1262 
f 1219 4576 2110 4575 
f 4577 2110 4576 1420 
f 1267 4578 2111 4581 
f 1268 4579 2111 4578 
f 4580 2111 4579 1218 
f 1219 4581 2111 4580 
f 4582 2112 4585 1422 
f 1423 4583 2112 4582 
f 4584 2112 4583 668 
f 665 4585 2112 4584 
f 4584 2113 4588 665 
f 4586 2113 4584 668 
f 670 4587 2113 4586 
f 4588 2113 4587 667 
f 1423 4589 2114 4583 
f 1434 4590 2114 4589 
f 4591 2114 4590 671 
f 4583 2114 4591 668 
f 668 4591 2115 4586 
f 4592 2115 4591 671 
f 673 4593 2115 4592 
f 4586 2115 4593 670 
f 627 4500 2116 4595 
f 4594 2116 4500 628 
f 629 4505 2116 4594 
f 4595 2116 4505 630 
f 656 4557 2117 4598 
f 4596 2117 4557 1393 
f 1394 4597 2117 4596 
f 4598 2117 4597 674 
f 657 4559 2118 4600 
f 4598 2118 4559 656 
f 674 4599 2118 4598 
f 4600 2118 4599 675 
f 676 4601 2119 4602 
f 4561 2119 4601 658 
f 657 4600 2119 4561 
f 4602 2119 4600 675 
f 677 4603 2120 4604 
f 4572 2120 4603 662 
f 658 4601 2120 4572 
f 4604 2120 4601 676 
f 672 4605 2121 4608 
f 4606 2121 4605 1332 
f 4607 2121 4606 678 
f 4609 2121 4607 1336 
f 4608 2121 4609 1424 
f 4610 2122 5891 680 
f 1343 4611 2122 4610 
f 5892 2122 4611 1467 
f 5891 2122 5892 1475 
f 1336 4607 2123 4616 
f 4614 2123 4607 678 
f 4615 2123 4614 681 
f 4616 2123 4615 1338 
f 4619 2124 5893 683 
f 682 4620 2124 4619 
f 5891 2124 4620 680 
f 1475 5893 2124 5891 
f 4621 2125 4597 1394 
f 1395 4622 2125 4621 
f 4623 2125 4622 684 
f 674 4597 2125 4623 
f 4623 2126 4599 674 
f 684 4624 2126 4623 
f 4625 2126 4624 685 
f 675 4599 2126 4625 
f 4626 2127 4622 1395 
f 1396 4627 2127 4626 
f 4628 2127 4627 686 
f 684 4622 2127 4628 
f 4628 2128 4624 684 
f 686 4629 2128 4628 
f 4630 2128 4629 1346 
f 685 4624 2128 4630 
f 688 4631 2129 4634 
f 4632 2129 4631 1348 
f 687 4633 2129 4632 
f 4635 2129 4633 681 
f 4634 2129 4635 682 
f 683 4618 2130 4638 
f 1335 4636 2130 4618 
f 1342 4637 2130 4636 
f 4638 2130 4637 1350 
f 3454 2131 4640 451 
f 4451 2131 3454 117 
f 596 4639 2131 4451 
f 4640 2131 4639 587 
f 599 4641 2132 4454 
f 4422 2132 4641 586 
f 587 4639 2132 4422 
f 4454 2132 4639 596 
f 601 4642 2133 4457 
f 4425 2133 4642 588 
f 586 4641 2133 4425 
f 4457 2133 4641 599 
f 603 4643 2134 4460 
f 4428 2134 4643 589 
f 588 4642 2134 4428 
f 4460 2134 4642 601 
f 605 4644 2135 4463 
f 4431 2135 4644 590 
f 589 4643 2135 4431 
f 4463 2135 4643 603 
f 607 4645 2136 4466 
f 4434 2136 4645 591 
f 590 4644 2136 4434 
f 4466 2136 4644 605 
f 609 4646 2137 4469 
f 4437 2137 4646 592 
f 591 4645 2137 4437 
f 4469 2137 4645 607 
f 611 4647 2138 4472 
f 4440 2138 4647 593 
f 592 4646 2138 4440 
f 4472 2138 4646 609 
f 613 4648 2139 4475 
f 4443 2139 4648 594 
f 593 4647 2139 4443 
f 4475 2139 4647 611 
f 615 4528 2140 4477 
f 4446 2140 4528 595 
f 594 4648 2140 4446 
f 4477 2140 4648 613 
f 4527 2141 4447 595 
f 4649 2141 4527 1414 
f 1415 4522 2141 4649 
f 4447 2141 4522 585 
f 4650 2142 4539 647 
f 666 4532 2142 4650 
f 4651 2142 4532 643 
f 4539 2142 4651 644 
f 647 4545 2143 4650 
f 4564 2143 4545 650 
f 669 4652 2143 4564 
f 4650 2143 4652 666 
f 659 4565 2144 4653 
f 4544 2144 4565 650 
f 651 4569 2144 4544 
f 4653 2144 4569 679 
f 680 4654 2145 4610 
f 4606 2145 4654 678 
f 1332 4655 2145 4606 
f 4610 2145 4655 1343 
f 682 4635 2146 4620 
f 681 4614 2146 4635 
f 678 4654 2146 4614 
f 680 4620 2146 4654 
f 681 4633 2147 4615 
f 4656 2147 4633 687 
f 690 4657 2147 4656 
f 4615 2147 4657 1338 
f 682 4619 2148 4634 
f 4638 2148 4619 683 
f 1350 4658 2148 4638 
f 4634 2148 4658 688 
f 667 4659 2149 4662 
f 4660 2149 4659 691 
f 1269 4661 2149 4660 
f 4662 2149 4661 1268 
f 4587 2150 4659 667 
f 4663 2150 4587 670 
f 4664 2150 4663 692 
f 691 4659 2150 4664 
f 670 4593 2151 4663 
f 4665 2151 4593 673 
f 1351 4666 2151 4665 
f 4663 2151 4666 692 
f 4667 2152 4670 689 
f 694 4668 2152 4667 
f 2152 4668 5996 5997 
f 5998 4670 2152 5997 
f 4671 2153 4673 1341 
f 1340 4672 2153 4671 
f 4667 2153 4672 694 
f 689 4673 2153 4667 
f 4674 2154 4668 694 
f 696 4675 2154 4674 
f 5995 2154 4675 5994 
f 4668 2154 5995 5996 
f 4677 2155 4672 1340 
f 1339 4678 2155 4677 
f 4674 2155 4678 696 
f 694 4672 2155 4674 
f 4679 2156 4675 696 
f 698 4680 2156 4679 
f 5993 2156 4680 
f 5994 4675 2156 5993 
f 4682 2157 4678 1339 
f 1344 4683 2157 4682 
f 4679 2157 4683 698 
f 696 4678 2157 4679 
f 4684 2158 4680 698 
f 700 4685 2158 4684 
f 4686 2158 4685 699 
f 697 4680 2158 4686 
f 4687 2159 4683 1344 
f 1345 4688 2159 4687 
f 4684 2159 4688 700 
f 698 4683 2159 4684 
f 4689 2160 4669 693 
f 701 4690 2160 4689 
f 4691 2160 4690 1347 
f 1349 4669 2160 4691 
f 4692 2161 4676 695 
f 702 4693 2161 4692 
f 4689 2161 4693 701 
f 693 4676 2161 4689 
f 4694 2162 4681 697 
f 703 4695 2162 4694 
f 4692 2162 4695 702 
f 695 4681 2162 4692 
f 4696 2163 4686 699 
f 704 4697 2163 4696 
f 4694 2163 4697 703 
f 697 4686 2163 4694 
f 4698 2164 4690 701 
f 706 4699 2164 4698 
f 4700 2164 4699 705 
f 1347 4690 2164 4700 
f 4701 2165 4693 702 
f 707 4702 2165 4701 
f 4698 2165 4702 706 
f 701 4693 2165 4698 
f 4703 2166 4695 703 
f 708 4704 2166 4703 
f 4701 2166 4704 707 
f 702 4695 2166 4701 
f 4705 2167 4697 704 
f 709 4706 2167 4705 
f 4703 2167 4706 708 
f 703 4697 2167 4703 
f 4707 2168 4699 706 
f 711 4708 2168 4707 
f 4709 2168 4708 710 
f 705 4699 2168 4709 
f 4710 2169 4702 707 
f 712 4711 2169 4710 
f 4707 2169 4711 711 
f 706 4702 2169 4707 
f 708 4712 2170 4704 
f 4713 2170 4712 713 
f 712 4710 2170 4713 
f 707 4704 2170 4710 
f 709 4714 2171 4706 
f 4715 2171 4714 714 
f 713 4712 2171 4715 
f 4706 2171 4712 708 
f 710 4708 2172 4718 
f 4716 2172 4708 711 
f 716 4717 2172 4716 
f 4718 2172 4717 715 
f 711 4711 2173 4716 
f 4719 2173 4711 712 
f 717 4720 2173 4719 
f 4716 2173 4720 716 
f 713 4721 2174 4713 
f 4722 2174 4721 718 
f 717 4719 2174 4722 
f 4713 2174 4719 712 
f 714 4723 2175 4715 
f 4724 2175 4723 719 
f 718 4721 2175 4724 
f 4715 2175 4721 713 
f 4725 2176 4728 722 
f 723 4726 2176 4725 
f 4727 2176 4726 721 
f 720 4728 2176 4727 
f 726 4729 2177 4732 
f 4730 2177 4729 1271 
f 1270 4731 2177 4730 
f 4732 2177 4731 724 
f 727 4733 2178 4735 
f 728 4734 2178 4733 
f 4732 2178 4734 726 
f 4735 2178 4732 724 
f 4736 2179 4738 1355 
f 1356 4737 2179 4736 
f 4733 2179 4737 728 
f 727 4738 2179 4733 
f 4739 2180 4742 1164 
f 725 4740 2180 4739 
f 4741 2180 4740 731 
f 1165 4742 2180 4741 
f 730 4743 2181 4746 
f 4744 2181 4743 729 
f 4745 2181 4744 1348 
f 1352 4746 2181 4745 
f 733 4747 2182 4749 
f 4748 2182 4747 1272 
f 1271 4729 2182 4748 
f 4749 2182 4729 726 
f 4750 2183 4734 728 
f 734 4751 2183 4750 
f 4749 2183 4751 733 
f 726 4734 2183 4749 
f 4752 2184 4737 1356 
f 1357 4753 2184 4752 
f 4750 2184 4753 734 
f 728 4737 2184 4750 
f 4754 2185 4740 725 
f 4755 2185 4754 732 
f 736 4756 2185 4755 
f 4740 2185 4756 731 
f 4746 2186 4759 730 
f 4757 2186 4746 1352 
f 1353 4758 2186 4757 
f 735 4759 2186 4758 
f 738 4760 2187 4762 
f 4761 2187 4760 1273 
f 1272 4747 2187 4761 
f 4762 2187 4747 733 
f 733 4751 2188 4762 
f 4763 2188 4751 734 
f 739 4764 2188 4763 
f 4762 2188 4764 738 
f 734 4753 2189 4763 
f 4765 2189 4753 1357 
f 1358 4766 2189 4765 
f 4763 2189 4766 739 
f 732 4767 2190 4755 
f 4768 2190 4767 737 
f 741 4769 2190 4768 
f 4755 2190 4769 736 
f 1353 4770 2191 4758 
f 4771 2191 4770 1354 
f 740 4772 2191 4771 
f 4758 2191 4772 735 
f 742 4773 2192 4776 
f 4774 2192 4773 1062 
f 743 4775 2192 4774 
f 4776 2192 4775 907 
f 4777 2193 4779 746 
f 745 4778 2193 4777 
f 907 4775 2193 4778 
f 743 4779 2193 4775 
f 551 4780 2194 4342 
f 4777 2194 4780 745 
f 746 4781 2194 4777 
f 4342 2194 4781 539 
f 687 4632 2195 4656 
f 4744 2195 4632 1348 
f 729 4782 2195 4744 
f 4656 2195 4782 690 
f 691 4783 2196 4660 
f 4731 2196 4783 724 
f 1270 4784 2196 4731 
f 4660 2196 4784 1269 
f 724 4783 2197 4735 
f 4664 2197 4783 691 
f 692 4785 2197 4664 
f 4735 2197 4785 727 
f 4666 2198 4785 692 
f 4786 2198 4666 1351 
f 1355 4738 2198 4786 
f 4785 2198 4738 727 
f 745 4787 2199 4778 
f 1064 4788 2199 4787 
f 4778 2199 4788 907 
f 563 4789 2200 4365 
f 4787 2200 4789 1064 
f 745 4780 2200 4787 
f 4365 2200 4780 551 
f 4789 2201 4790 1064 
f 563 4390 2201 4789 
f 575 4790 2201 4390 
f 1062 4791 2202 4774 
f 4792 2202 4791 1065 
f 747 4793 2202 4792 
f 4774 2202 4793 743 
f 4794 2203 4781 746 
f 749 4795 2203 4794 
f 4319 2203 4795 527 
f 539 4781 2203 4319 
f 4793 2204 4779 743 
f 747 4796 2204 4793 
f 4794 2204 4796 749 
f 746 4779 2204 4794 
f 1065 4797 2205 4792 
f 4798 2205 4797 1066 
f 750 4799 2205 4798 
f 4792 2205 4799 747 
f 4800 2206 4795 749 
f 4801 2206 4800 752 
f 1031 4295 2206 4801 
f 527 4795 2206 4295 
f 747 4799 2207 4796 
f 4802 2207 4799 750 
f 752 4800 2207 4802 
f 4796 2207 4800 749 
f 1021 4803 2208 4805 
f 4804 2208 4803 994 
f 993 4229 2208 4804 
f 4805 2208 4229 1032 
f 994 4803 2209 4808 
f 4806 2209 4803 1021 
f 753 4807 2209 4806 
f 4808 2209 4807 995 
f 4809 2210 4806 1021 
f 1380 4810 2210 4809 
f 4811 2210 4810 754 
f 753 4806 2210 4811 
f 4812 2211 4810 1380 
f 1019 4813 2211 4812 
f 754 4810 2211 4813 
f 4814 2212 4807 753 
f 755 4815 2212 4814 
f 4816 2212 4815 996 
f 995 4807 2212 4816 
f 4817 2213 4811 754 
f 756 4818 2213 4817 
f 4814 2213 4818 755 
f 753 4811 2213 4814 
f 4822 2214 4821 1020 
f 4823 2214 4822 1033 
f 4817 2214 4823 756 
f 4813 2214 4817 754 
f 4819 2214 4813 1019 
f 1067 4820 2214 4819 
f 4821 2214 4820 1097 
f 4824 2215 4815 755 
f 757 4825 2215 4824 
f 4826 2215 4825 997 
f 996 4815 2215 4826 
f 756 4827 2216 4818 
f 4828 2216 4827 758 
f 4824 2216 4828 757 
f 755 4818 2216 4824 
f 1167 4829 2217 4831 
f 4830 2217 4829 1168 
f 4833 2217 4830 909 
f 1163 4832 2217 4833 
f 4831 2217 4832 1166 
f 715 4717 2218 4836 
f 4834 2218 4717 716 
f 761 4835 2218 4834 
f 4836 2218 4835 760 
f 716 4720 2219 4834 
f 717 4837 2219 4720 
f 4838 2219 4837 762 
f 4834 2219 4838 761 
f 762 4837 2220 4840 
f 4722 2220 4837 717 
f 718 4839 2220 4722 
f 4840 2220 4839 763 
f 763 4839 2221 4842 
f 4724 2221 4839 718 
f 719 4841 2221 4724 
f 4842 2221 4841 764 
f 4843 2222 4846 737 
f 4844 2222 4843 1273 
f 1274 4845 2222 4844 
f 765 4846 2222 4845 
f 738 4764 2223 4849 
f 4847 2223 4764 739 
f 767 4848 2223 4847 
f 4849 2223 4848 766 
f 739 4766 2224 4847 
f 4850 2224 4766 1358 
f 1360 4851 2224 4850 
f 4847 2224 4851 767 
f 769 4852 2225 4853 
f 4768 2225 4852 741 
f 737 4846 2225 4768 
f 4853 2225 4846 765 
f 4854 2226 4856 768 
f 740 4771 2226 4854 
f 4855 2226 4771 1354 
f 1359 4856 2226 4855 
f 759 4857 2227 4859 
f 4830 2227 4857 909 
f 1168 4858 2227 4830 
f 4859 2227 4858 1169 
f 771 4860 2228 4863 
f 4861 2228 4860 772 
f 2228 4861 5990 5991 
f 4863 2228 5991 5992 744 
f 4865 2229 4864 773 
f 2229 4865 5988 5989 
f 4861 2229 5989 5990 
f 772 4864 2229 4861 
f 775 4868 2230 4871 
f 4869 2230 4868 777 
f 2230 4869 5984 5985 
f 4871 2230 5985 5986 
f 4872 2231 4860 771 
f 779 4873 2231 4872 
f 4874 2231 4873 778 
f 772 4860 2231 4874 
f 4874 2232 4864 772 
f 778 4875 2232 4874 
f 4876 2232 4875 780 
f 773 4864 2232 4876 
f 4876 2233 4879 773 
f 780 4877 2233 4876 
f 4878 2233 4877 781 
f 775 4879 2233 4878 
f 4878 2234 4868 775 
f 781 4880 2234 4878 
f 4881 2234 4880 782 
f 777 4868 2234 4881 
f 4882 2235 4884 770 
f 1177 4883 2235 4882 
f 4872 2235 4883 779 
f 771 4884 2235 4872 
f 783 4885 2236 4887 
f 4859 2236 4885 759 
f 1169 4886 2236 4859 
f 4887 2236 4886 1171 
f 785 4888 2237 4891 
f 4889 2237 4888 1275 
f 1274 4890 2237 4889 
f 4891 2237 4890 766 
f 4892 2238 4848 767 
f 786 4893 2238 4892 
f 4891 2238 4893 785 
f 766 4848 2238 4891 
f 4894 2239 4851 1360 
f 787 4895 2239 4894 
f 4892 2239 4895 786 
f 767 4851 2239 4892 
f 765 4896 2240 4853 
f 4897 2240 4896 784 
f 788 4898 2240 4897 
f 4853 2240 4898 769 
f 1171 4899 2241 4887 
f 4900 2241 4899 1178 
f 1173 4901 2241 4900 
f 4887 2241 4901 783 
f 790 4902 2242 4904 
f 4903 2242 4902 1276 
f 1275 4888 2242 4903 
f 4904 2242 4888 785 
f 4905 2243 4893 786 
f 791 4906 2243 4905 
f 4904 2243 4906 790 
f 785 4893 2243 4904 
f 4907 2244 4895 787 
f 792 4908 2244 4907 
f 4905 2244 4908 791 
f 786 4895 2244 4905 
f 784 4909 2245 4897 
f 4910 2245 4909 789 
f 1179 4911 2245 4910 
f 4897 2245 4911 788 
f 1178 4912 2246 4900 
f 4913 2246 4912 793 
f 1172 4914 2246 4913 
f 4900 2246 4914 1173 
f 790 4915 2247 4902 
f 4916 2247 4915 795 
f 1277 4917 2247 4916 
f 4902 2247 4917 1276 
f 4918 2248 4906 791 
f 796 4919 2248 4918 
f 795 4915 2248 4919 
f 790 4906 2248 4915 
f 4920 2249 4908 792 
f 797 4921 2249 4920 
f 4918 2249 4921 796 
f 791 4908 2249 4918 
f 789 4922 2250 4910 
f 4923 2250 4922 794 
f 1180 4924 2250 4923 
f 4910 2250 4924 1179 
f 793 4925 2251 4913 
f 4926 2251 4925 798 
f 1174 4927 2251 4926 
f 1172 4913 2251 4927 
f 795 4928 2252 4916 
f 4929 2252 4928 800 
f 1278 4930 2252 4929 
f 4916 2252 4930 1277 
f 796 4931 2253 4919 
f 4932 2253 4931 801 
f 800 4928 2253 4932 
f 4919 2253 4928 795 
f 4933 2254 4921 797 
f 802 4934 2254 4933 
f 4931 2254 4934 801 
f 796 4921 2254 4931 
f 794 4935 2255 4923 
f 4936 2255 4935 799 
f 1181 4937 2255 4936 
f 4923 2255 4937 1180 
f 798 4938 2256 4926 
f 4939 2256 4938 803 
f 1175 4940 2256 4939 
f 4926 2256 4940 1174 
f 4941 2257 4835 761 
f 805 4942 2257 4941 
f 4943 2257 4942 804 
f 760 4835 2257 4943 
f 4944 2258 4838 762 
f 806 4945 2258 4944 
f 4941 2258 4945 805 
f 761 4838 2258 4941 
f 763 4946 2259 4840 
f 4947 2259 4946 807 
f 806 4944 2259 4947 
f 4840 2259 4944 762 
f 764 4948 2260 4842 
f 4949 2260 4948 808 
f 807 4946 2260 4949 
f 4842 2260 4946 763 
f 4950 2261 4942 805 
f 810 4951 2261 4950 
f 4952 2261 4951 809 
f 804 4942 2261 4952 
f 4953 2262 4945 806 
f 811 4954 2262 4953 
f 4950 2262 4954 810 
f 805 4945 2262 4950 
f 807 4955 2263 4947 
f 812 4956 2263 4955 
f 4953 2263 4956 811 
f 4947 2263 4953 806 
f 808 4957 2264 4949 
f 4958 2264 4957 813 
f 4955 2264 4958 812 
f 4949 2264 4955 807 
f 4959 2265 4951 810 
f 4934 2265 4959 801 
f 4960 2265 4934 802 
f 809 4951 2265 4960 
f 4961 2266 4954 811 
f 814 4962 2266 4961 
f 4959 2266 4962 801 
f 810 4954 2266 4959 
f 4963 2267 4956 812 
f 815 4964 2267 4963 
f 4961 2267 4964 814 
f 811 4956 2267 4961 
f 813 4965 2268 4958 
f 4966 2268 4965 816 
f 4963 2268 4966 815 
f 812 4958 2268 4963 
f 4967 2269 4856 1359 
f 1362 4968 2269 4967 
f 4969 2269 4968 1361 
f 768 4856 2269 4969 
f 4970 2270 4962 814 
f 817 4971 2270 4970 
f 4932 2270 4971 800 
f 4962 2270 4932 801 
f 4972 2271 4964 815 
f 818 4973 2271 4972 
f 4970 2271 4973 817 
f 814 4964 2271 4970 
f 4974 2272 4966 816 
f 819 4975 2272 4974 
f 4972 2272 4975 818 
f 815 4966 2272 4972 
f 1279 4976 2273 4977 
f 4929 2273 4976 1278 
f 800 4971 2273 4929 
f 4977 2273 4971 817 
f 1280 4978 2274 4979 
f 4977 2274 4978 1279 
f 817 4973 2274 4977 
f 4979 2274 4973 818 
f 1281 4980 2275 4981 
f 4979 2275 4980 1280 
f 818 4975 2275 4979 
f 4981 2275 4975 819 
f 4939 2276 4984 1175 
f 803 4982 2276 4939 
f 4983 2276 4982 822 
f 1176 4984 2276 4983 
f 1187 4985 2277 4987 
f 4936 2277 4985 1181 
f 799 4986 2277 4936 
f 4987 2277 4986 820 
f 782 4988 5980 4881 
f 1192 5967 4988 
f 1191 4989 5967 
f 823 5966 5967 4989 
f 5980 5979 777 4881 
f 823 4991 5965 5966 
f 5981 2278 4992 
f 5963 2278 5981 5982 
f 4983 2279 4996 1176 
f 822 4994 2279 4983 
f 5971 4995 4996 2279 
f 1194 4997 2280 4999 
f 4987 2280 4997 1187 
f 820 4998 2280 4987 
f 4999 2280 4998 1183 
f 5000 2281 5974 5975 
f 5968 2281 5000 5001 
f 5002 2281 5968 5969 
f 2281 5002 5973 5974 
f 824 4992 2282 5006 
f 5004 2282 4992 1188 
f 5005 2282 5004 1190 
f 826 5006 2282 5005 
f 1196 5007 2283 5009 
f 5008 2283 5007 827 
f 5005 2283 5008 826 
f 1190 5009 2283 5005 
f 1220 5010 2284 5013 
f 5011 2284 5010 1186 
f 1197 5012 2284 5011 
f 5013 2284 5012 1189 
f 827 5007 2285 5016 
f 5014 2285 5007 1196 
f 5015 2285 5014 1198 
f 5016 2285 5015 829 
f 5017 2286 5020 1185 
f 1200 5018 2286 5017 
f 5019 2286 5018 831 
f 828 5020 2286 5019 
f 5021 2287 5018 1200 
f 1204 5022 2287 5021 
f 5023 2287 5022 833 
f 831 5018 2287 5023 
f 1205 5024 2288 5027 
f 5025 2288 5024 1207 
f 1028 5026 2288 5025 
f 5027 2288 5026 836 
f 835 5028 2289 5031 
f 5029 2289 5028 1199 
f 1202 5030 2289 5029 
f 5031 2289 5030 1208 
f 5032 2290 5027 836 
f 829 5015 2290 5032 
f 5033 2290 5015 1198 
f 1205 5027 2290 5033 
f 1199 5028 2291 5036 
f 5034 2291 5028 835 
f 830 5035 2291 5034 
f 5036 2291 5035 1195 
f 2292 5039 1211 5037 
f 5038 2292 5037 839 
f 5040 2292 5038 838 
f 5041 2292 5040 1201 
f 5039 2292 5041 1203 
f 834 5042 2293 5045 
f 5043 2293 5042 832 
f 841 5044 2293 5043 
f 5045 2293 5044 840 
f 1209 5046 2294 5048 
f 5044 2294 5046 840 
f 5047 2294 5044 841 
f 5048 2294 5047 842 
f 5049 2295 5047 841 
f 844 5050 2295 5049 
f 5051 2295 5050 843 
f 842 5047 2295 5051 
f 832 5052 2296 5043 
f 1184 5053 2296 5052 
f 5049 2296 5053 844 
f 841 5043 2296 5049 
f 842 5054 2297 5048 
f 3908 2297 5054 846 
f 1212 5055 2297 3908 
f 5048 2297 5055 1209 
f 843 5056 2298 5051 
f 3910 2298 5056 847 
f 846 5054 2298 3910 
f 5051 2298 5054 842 
f 1210 5057 2299 5059 
f 3914 2299 5057 845 
f 5058 2299 3914 848 
f 5059 2299 5058 1206 
f 1207 5060 2300 5025 
f 3917 2300 5060 1217 
f 1018 5061 2300 3917 
f 5025 2300 5061 1028 
f 849 5062 2301 5063 
f 5078 2301 5062 1442 
f 1441 5064 2301 5078 
f 5063 2301 5064 837 
f 1023 5065 2302 5068 
f 5066 2302 5065 1024 
f 5067 2302 5066 850 
f 5068 2302 5067 1022 
f 850 5069 2303 5071 
f 5070 2303 5069 851 
f 757 4828 2303 5070 
f 758 5071 2303 4828 
f 852 5072 2304 5073 
f 851 5069 2304 5072 
f 850 5066 2304 5069 
f 5073 2304 5066 1024 
f 5074 2305 5077 1026 
f 854 5075 2305 5074 
f 853 5076 2305 5075 
f 5077 2305 5076 1025 
f 5078 2306 5081 1441 
f 1442 5079 2306 5078 
f 5080 2306 5079 855 
f 1027 5081 2306 5080 
f 997 4825 2307 5083 
f 5070 2307 4825 757 
f 851 5082 2307 5070 
f 5083 2307 5082 998 
f 998 5082 2308 5085 
f 5072 2308 5082 851 
f 852 5084 2308 5072 
f 5085 2308 5084 999 
f 5075 2309 5087 853 
f 5086 2309 5075 854 
f 1000 5088 2309 5086 
f 999 5084 2309 5088 
f 5087 2309 5084 852 
f 855 5079 2310 5090 
f 5089 2310 5079 1442 
f 1440 5091 2310 5089 
f 5086 2310 5091 1000 
f 5090 2310 5086 854 
f 5062 2311 5094 1442 
f 5092 2311 5062 849 
f 1001 5093 2311 5092 
f 5094 2311 5093 514 
f 849 5095 2312 5092 
f 856 3955 2312 5095 
f 5096 2312 3955 981 
f 5092 2312 5096 1001 
f 5080 2313 5097 1027 
f 5090 2313 5080 855 
f 5074 2313 5090 854 
f 1026 5097 2313 5074 
f 1025 5076 2314 5098 
f 853 5087 2314 5076 
f 852 5073 2314 5087 
f 5098 2314 5073 1024 
f 5099 2315 4974 816 
f 858 5100 2315 5099 
f 5101 2315 5100 857 
f 819 4974 2315 5101 
f 819 5101 2316 4981 
f 5102 2316 5101 857 
f 1282 5103 2316 5102 
f 4981 2316 5103 1281 
f 5104 2317 5100 858 
f 860 5105 2317 5104 
f 5106 2317 5105 859 
f 857 5100 2317 5106 
f 857 5106 2318 5102 
f 5107 2318 5106 859 
f 1283 5108 2318 5107 
f 5102 2318 5108 1282 
f 5105 2319 5110 859 
f 5109 2319 5105 860 
f 861 3973 2319 5109 
f 453 5110 2319 3973 
f 859 5110 2320 5107 
f 3976 2320 5110 453 
f 1284 5111 2320 3976 
f 5107 2320 5111 1283 
f 816 4965 2321 5099 
f 5112 2321 4965 813 
f 862 5113 2321 5112 
f 5099 2321 5113 858 
f 858 5113 2322 5104 
f 5114 2322 5113 862 
f 863 5115 2322 5114 
f 5104 2322 5115 860 
f 5117 2323 5116 865 
f 864 3981 2323 5117 
f 5109 2323 3981 861 
f 860 5115 2323 5109 
f 5116 2323 5115 863 
f 813 4957 2324 5112 
f 5118 2324 4957 808 
f 866 5119 2324 5118 
f 5112 2324 5119 862 
f 862 5119 2325 5114 
f 5120 2325 5119 866 
f 867 5121 2325 5120 
f 5114 2325 5121 863 
f 863 5121 2326 5116 
f 5122 2326 5121 867 
f 868 5123 2326 5122 
f 5116 2326 5123 865 
f 808 4948 2327 5118 
f 5124 2327 4948 764 
f 869 5125 2327 5124 
f 5118 2327 5125 866 
f 866 5125 2328 5120 
f 5126 2328 5125 869 
f 870 5127 2328 5126 
f 5120 2328 5127 867 
f 867 5127 2329 5122 
f 5128 2329 5127 870 
f 871 5129 2329 5128 
f 5122 2329 5129 868 
f 764 4841 2330 5124 
f 5130 2330 4841 719 
f 872 5131 2330 5130 
f 5124 2330 5131 869 
f 869 5131 2331 5126 
f 5132 2331 5131 872 
f 873 5133 2331 5132 
f 5126 2331 5133 870 
f 870 5133 2332 5128 
f 5134 2332 5133 873 
f 874 5135 2332 5134 
f 5128 2332 5135 871 
f 719 4723 2333 5130 
f 5136 2333 4723 714 
f 875 5137 2333 5136 
f 5130 2333 5137 872 
f 872 5137 2334 5132 
f 5138 2334 5137 875 
f 876 5139 2334 5138 
f 5132 2334 5139 873 
f 873 5139 2335 5134 
f 5140 2335 5139 876 
f 877 5141 2335 5140 
f 5134 2335 5141 874 
f 714 4714 2336 5136 
f 5142 2336 4714 709 
f 878 5143 2336 5142 
f 5136 2336 5143 875 
f 875 5143 2337 5138 
f 878 5144 2337 5143 
f 5145 2337 5144 879 
f 5138 2337 5145 876 
f 876 5145 2338 5140 
f 5146 2338 5145 879 
f 880 5147 2338 5146 
f 5140 2338 5147 877 
f 4705 2339 5142 709 
f 704 5148 2339 4705 
f 5149 2339 5148 881 
f 878 5142 2339 5149 
f 5149 2340 5144 878 
f 881 5150 2340 5149 
f 5151 2340 5150 882 
f 879 5144 2340 5151 
f 5151 2341 5146 879 
f 882 5152 2341 5151 
f 5153 2341 5152 1401 
f 880 5146 2341 5153 
f 4696 2342 5148 704 
f 699 5154 2342 4696 
f 5155 2342 5154 883 
f 881 5148 2342 5155 
f 5155 2343 5150 881 
f 883 5156 2343 5155 
f 5157 2343 5156 884 
f 882 5150 2343 5157 
f 5157 2344 5152 882 
f 884 5158 2344 5157 
f 1402 5159 2344 5158 
f 1401 5152 2344 5159 
f 4685 2345 5154 699 
f 5160 2345 4685 700 
f 5161 2345 5160 885 
f 883 5154 2345 5161 
f 5161 2346 5156 883 
f 885 5162 2346 5161 
f 5163 2346 5162 886 
f 884 5156 2346 5163 
f 5163 2347 5158 884 
f 5164 2347 5163 886 
f 887 5165 2347 5164 
f 5158 2347 5165 1402 
f 4688 2348 5160 700 
f 1345 5166 2348 4688 
f 5167 2348 5166 1372 
f 885 5160 2348 5167 
f 5167 2349 5162 885 
f 1372 5168 2349 5167 
f 5169 2349 5168 1373 
f 886 5162 2349 5169 
f 886 5169 2350 5164 
f 5170 2350 5169 1373 
f 1374 5171 2350 5170 
f 5164 2350 5171 887 
f 1375 5172 2351 5175 
f 5173 2351 5172 889 
f 1399 5174 2351 5173 
f 5175 2351 5174 1400 
f 889 5176 2352 5173 
f 5177 2352 5176 888 
f 1398 5178 2352 5177 
f 5173 2352 5178 1399 
f 888 5179 2353 5177 
f 5180 2353 5179 1346 
f 1397 5181 2353 5180 
f 5177 2353 5181 1398 
f 1397 5180 2354 5182 
f 4629 2354 5180 1346 
f 686 4627 2354 4629 
f 5182 2354 4627 1396 
f 5183 2355 5186 1331 
f 891 5184 2355 5183 
f 5185 2355 5184 1371 
f 890 5186 2355 5185 
f 5187 2356 5190 1370 
f 5188 2356 5187 893 
f 5189 2356 5188 892 
f 1369 5190 2356 5189 
f 1371 5184 2357 5192 
f 5191 2357 5184 891 
f 893 5187 2357 5191 
f 5192 2357 5187 1370 
f 5193 2358 5196 1368 
f 895 5194 2358 5193 
f 5195 2358 5194 894 
f 1367 5196 2358 5195 
f 5189 2359 5198 1369 
f 892 5197 2359 5189 
f 5193 2359 5197 895 
f 1368 5198 2359 5193 
f 5199 2360 5202 1366 
f 897 5200 2360 5199 
f 5201 2360 5200 896 
f 1365 5202 2360 5201 
f 5195 2361 5204 1367 
f 894 5203 2361 5195 
f 5199 2361 5203 897 
f 1366 5204 2361 5199 
f 1364 5205 2362 5207 
f 5201 2362 5205 1365 
f 896 5206 2362 5201 
f 5207 2362 5206 1363 
f 4076 2363 5209 1405 
f 456 5208 2363 4076 
f 5183 2363 5208 891 
f 1331 5209 2363 5183 
f 892 5188 2364 5211 
f 5210 2364 5188 893 
f 4078 2364 5210 455 
f 5211 2364 4078 458 
f 5191 2365 5210 893 
f 891 5208 2365 5191 
f 4080 2365 5208 456 
f 5210 2365 4080 455 
f 894 5194 2366 5213 
f 5212 2366 5194 895 
f 4082 2366 5212 457 
f 5213 2366 4082 898 
f 895 5197 2367 5212 
f 5211 2367 5197 892 
f 4084 2367 5211 458 
f 5212 2367 4084 457 
f 896 5200 2368 5215 
f 5214 2368 5200 897 
f 4086 2368 5214 459 
f 5215 2368 4086 899 
f 897 5203 2369 5214 
f 5213 2369 5203 894 
f 4088 2369 5213 898 
f 5214 2369 4088 459 
f 1363 5206 2370 5216 
f 5215 2370 5206 896 
f 4090 2370 5215 899 
f 5216 2370 4090 1328 
f 4907 2371 5218 792 
f 5217 2371 4907 787 
f 460 4092 2371 5217 
f 5218 2371 4092 461 
f 4920 2372 5219 797 
f 792 5218 2372 4920 
f 461 4095 2372 5218 
f 5219 2372 4095 462 
f 4933 2373 5220 802 
f 797 5219 2373 4933 
f 4097 2373 5219 462 
f 900 5220 2373 4097 
f 4952 2374 5222 804 
f 809 5221 2374 4952 
f 4099 2374 5221 463 
f 1376 5222 2374 4099 
f 802 5220 2375 4960 
f 4101 2375 5220 900 
f 463 5221 2375 4101 
f 4960 2375 5221 809 
f 4968 2376 5224 1361 
f 1362 5223 2376 4968 
f 901 4103 2376 5223 
f 1329 5224 2376 4103 
f 5225 2377 4194 465 
f 4106 2377 5225 443 
f 5226 2377 4106 1002 
f 496 4194 2377 5226 
f 4110 2378 5228 902 
f 5227 2378 4110 903 
f 4263 2378 5227 517 
f 5228 2378 4263 983 
f 517 5227 2379 4297 
f 4112 2379 5227 903 
f 904 5229 2379 4112 
f 4297 2379 5229 529 
f 529 5229 2380 4320 
f 4114 2380 5229 904 
f 905 5230 2380 4114 
f 4320 2380 5230 541 
f 95 4366 2381 4115 
f 4343 2381 4366 553 
f 541 5230 2381 4343 
f 4115 2381 5230 905 
f 4117 2382 5231 450 
f 4640 2382 4117 451 
f 587 4421 2382 4640 
f 5231 2382 4421 576 
f 4119 2383 4449 598 
f 1451 5232 2383 4119 
f 1452 4478 2383 5232 
f 4449 2383 4478 597 
f 837 5233 2384 5063 
f 4120 2384 5233 452 
f 5095 2384 4120 856 
f 5063 2384 5095 849 
f 5234 2385 5235 454 
f 399 3982 2385 5234 
f 5117 2385 3982 864 
f 865 5235 2385 5117 
f 770 4884 2386 5237 
f 4863 2386 4884 771 
f 744 5236 2386 4863 
f 5237 2386 5236 1449 
f 5237 2387 5238 770 
f 1449 5464 2387 5237 
f 5244 2387 5464 1448 
f 908 5238 2387 5244 
f 770 5238 2388 4882 
f 5899 5239 5898 
f 2388 5898 5239 1170 5240 
f 4882 2388 5240 1177 
f 5239 2389 5243 1170 
f 2389 5239 5899 5900 
f 5242 2389 5900 5901 
f 1213 5243 2389 5242 
f 1448 5245 2390 5244 
f 5246 2390 5245 1063 
f 912 5241 2390 5246 
f 5244 2390 5241 908 
f 5242 2391 5249 1213 
f 5247 2391 5242 5901 
f 1425 5248 2391 5247 
f 5249 2391 5248 1426 
f 5250 2392 5253 906 
f 663 5251 2392 5250 
f 5252 2392 5251 910 
f 913 5253 2392 5252 
f 5254 2393 5251 663 
f 1421 5255 2393 5254 
f 5256 2393 5255 911 
f 910 5251 2393 5256 
f 5257 2394 5255 1421 
f 5247 2394 5257 1425 
f 2394 5247 5901 
f 911 5255 2394 5258 
f 910 5259 2395 5252 
f 1060 5260 2395 5259 
f 5261 2395 5260 1431 
f 5262 2395 5261 1417 
f 5252 2395 5262 913 
f 911 5263 2396 5256 
f 5264 2396 5263 1061 
f 1060 5259 2396 5264 
f 5256 2396 5259 910 
f 912 5246 2397 5258 
f 5265 2397 5246 1063 
f 1061 5263 2397 5265 
f 5258 2397 5263 911 
f 2941 6587 6588 936 
f 1 6589 6587 2941 
f 914 4107 6706 6590 
f 2945 6591 6589 1 
f 2 6592 6591 2945 
f 915 3001 6707 6593 
f 2 2947 6594 6592 
f 6595 6594 2947 3 
f 916 3005 6708 6596 
f 3 2949 6597 6595 
f 6598 6597 2949 4 
f 917 3008 6709 6599 
f 2951 6600 6598 4 
f 5 6601 6600 2951 
f 918 3011 6710 6602 
f 2953 6603 6601 5 
f 6 6604 6603 2953 
f 3014 6711 6605 919 
f 2955 6606 6604 6 
f 7 6607 6606 2955 
f 3017 6712 6608 920 
f 2957 6609 6607 7 
f 8 6610 6609 2957 
f 3020 6713 6611 921 
f 2959 6612 6610 8 
f 9 6613 6612 2959 
f 922 3023 6714 6614 
f 2961 6615 6613 9 
f 10 6616 6615 2961 
f 923 3026 6715 6617 
f 2963 6618 6616 10 
f 11 6619 6618 2963 
f 924 3029 6716 6620 
f 2965 6621 6619 11 
f 12 6622 6621 2965 
f 925 3032 6717 6623 
f 2967 6624 6622 12 
f 13 6625 6624 2967 
f 926 3036 6718 6626 
f 2969 6627 6625 13 
f 6628 6627 2969 14 
f 927 3039 6719 6629 
f 14 2974 6630 6628 
f 6631 6630 2974 16 
f 928 3042 6720 6632 
f 16 2977 6633 6631 
f 6634 6633 2977 18 
f 929 3045 6721 6635 
f 18 2986 6636 6634 
f 6637 6636 2986 20 
f 3048 6722 6638 930 
f 2991 6639 6637 20 
f 22 6640 6639 2991 
f 3051 6723 6641 931 
f 2994 6642 6640 22 
f 6643 6642 2994 24 
f 3054 6724 6644 932 
f 24 2996 6645 6643 
f 6646 6645 2996 26 
f 933 3057 6725 6647 
f 26 2999 6648 6646 
f 28 6649 6648 2999 
f 934 3060 6726 6650 
f 2997 6651 6652 1436 
f 29 6653 6651 2997 
f 3063 6728 6654 935 
f 3000 6655 6653 29 
f 448 6656 6655 3000 
f 3067 6729 6657 937 
f 938 4123 6658 6659 
f 6588 6658 4123 936 
f 5225 6731 6705 443 
f 939 4125 6660 6661 
f 6659 6660 4125 938 
f 4197 6733 6730 465 
f 4128 6662 6663 940 
f 939 6661 6662 4128 
f 4200 6735 6732 466 
f 4131 6664 6665 941 
f 940 6663 6664 4131 
f 4203 6737 6734 467 
f 942 4134 6666 6667 
f 6665 6666 4134 941 
f 4206 6739 6736 468 
f 943 4137 6668 6669 
f 6667 6668 4137 942 
f 4209 6741 6738 469 
f 944 4140 6670 6671 
f 6669 6670 4140 943 
f 470 4212 6743 6740 
f 945 4143 6672 6673 
f 6671 6672 4143 944 
f 4215 6745 6742 471 
f 946 4146 6674 6675 
f 6673 6674 4146 945 
f 4218 6747 6744 472 
f 947 4149 6676 6677 
f 6675 6676 4149 946 
f 4221 6749 6746 473 
f 948 4152 6678 6679 
f 6677 6678 4152 947 
f 474 4225 6751 6748 
f 949 4155 6680 6681 
f 6679 6680 4155 948 
f 5314 6753 6750 475 
f 950 4158 6682 6683 
f 6681 6682 4158 949 
f 5315 6755 6752 476 
f 4161 6684 6685 951 
f 6683 6684 4161 950 
f 477 4235 6757 6754 
f 4167 6686 6687 952 
f 951 6685 6686 4167 
f 4238 6759 6756 478 
f 4170 6688 6689 953 
f 952 6687 6688 4170 
f 4241 6761 6758 481 
f 4176 6690 6691 954 
f 953 6689 6690 4176 
f 483 4244 6763 6760 
f 955 4180 6692 6693 
f 6691 6692 4180 954 
f 486 4247 6765 6762 
f 4184 6694 6695 956 
f 6693 6694 4184 955 
f 488 4250 6767 6764 
f 4187 6696 6697 957 
f 956 6695 6696 4187 
f 490 4253 6769 6766 
f 493 4191 6698 6699 
f 6700 6698 4191 959 
f 4260 6771 6701 1439 
f 4189 6702 6703 1444 
f 957 6697 6702 4189 
f 492 4256 6773 6768 
f 448 4193 6704 6656 
f 6699 6704 4193 493 
f 4262 6774 6770 958 
f 6705 6706 4107 443 
f 6590 6707 3001 914 
f 6593 6708 3005 915 
f 6596 6709 3008 916 
f 6599 6710 3011 917 
f 6602 6711 3014 918 
f 919 6605 6712 3017 
f 6608 6713 3020 920 
f 6611 6714 3023 921 
f 6614 6715 3026 922 
f 6617 6716 3029 923 
f 924 6620 6717 3032 
f 6623 6718 3036 925 
f 6626 6719 3039 926 
f 6629 6720 3042 927 
f 6632 6721 3045 928 
f 929 6635 6722 3048 
f 930 6638 6723 3051 
f 931 6641 6724 3054 
f 6644 6725 3057 932 
f 6647 6726 3060 933 
f 6727 6728 3063 1443 
f 935 6654 6729 3067 
f 465 6730 6731 5225 
f 466 6732 6733 4197 
f 467 6734 6735 4200 
f 468 6736 6737 4203 
f 469 6738 6739 4206 
f 6740 6741 4209 470 
f 6742 6743 4212 471 
f 6744 6745 4215 472 
f 473 6746 6747 4218 
f 474 6748 6749 4221 
f 6750 6751 4225 475 
f 476 6752 6753 5314 
f 477 6754 6755 5315 
f 6756 6757 4235 478 
f 481 6758 6759 4238 
f 483 6760 6761 4241 
f 6762 6763 4244 486 
f 6764 6765 4247 488 
f 6766 6767 4250 490 
f 6768 6769 4253 492 
f 958 6770 6771 4260 
f 6772 6773 4256 494 
f 937 6657 6774 4262 
f 382 5316 2444 3948 
f 3062 2444 5316 979 
f 5317 2444 3062 1438 
f 980 3948 2444 5317 
f 5318 2445 4105 960 
f 4108 2445 5318 30 
f 5319 2445 4108 902 
f 4105 2445 5319 1002 
f 5320 2446 3003 31 
f 3070 2446 5320 961 
f 5318 2446 3070 30 
f 960 3003 2446 5318 
f 5321 2447 3007 32 
f 3074 2447 5321 962 
f 5320 2447 3074 961 
f 31 3007 2447 5320 
f 5322 2448 3010 33 
f 3077 2448 5322 963 
f 5321 2448 3077 962 
f 32 3010 2448 5321 
f 5323 2449 3013 34 
f 3080 2449 5323 964 
f 5322 2449 3080 963 
f 33 3013 2449 5322 
f 5324 2450 3016 35 
f 3083 2450 5324 965 
f 964 5323 2450 3083 
f 34 3016 2450 5323 
f 5325 2451 3019 36 
f 966 3086 2451 5325 
f 5324 2451 3086 965 
f 35 3019 2451 5324 
f 5326 2452 3022 37 
f 3089 2452 5326 967 
f 5325 2452 3089 966 
f 36 3022 2452 5325 
f 5327 2453 3025 38 
f 968 3092 2453 5327 
f 5326 2453 3092 967 
f 37 3025 2453 5326 
f 5328 2454 3028 39 
f 3095 2454 5328 969 
f 5327 2454 3095 968 
f 38 3028 2454 5327 
f 5329 2455 3031 40 
f 3098 2455 5329 970 
f 5328 2455 3098 969 
f 39 3031 2455 5328 
f 5330 2456 3035 1030 
f 1029 3101 2456 5330 
f 5329 2456 3101 970 
f 40 3035 2456 5329 
f 5331 2457 3041 42 
f 3644 2457 5331 972 
f 5332 2457 3644 41 
f 971 3041 2457 5332 
f 5333 2458 3044 43 
f 973 3646 2458 5333 
f 5331 2458 3646 972 
f 42 3044 2458 5331 
f 5334 2459 3053 44 
f 974 3941 2459 5334 
f 5335 2459 3941 288 
f 3053 2459 5335 977 
f 381 5336 2460 3056 
f 978 3943 2460 5336 
f 5334 2460 3943 974 
f 3056 2460 5334 44 
f 5337 2461 3065 45 
f 3952 2461 5337 975 
f 5338 2461 3952 1445 
f 1437 3065 2461 5338 
f 5333 2462 3655 973 
f 43 3047 2462 5333 
f 5339 2462 3047 285 
f 976 3655 2462 5339 
f 5339 2463 3662 976 
f 3050 2463 5339 285 
f 5335 2463 3050 977 
f 288 3662 2463 5335 
f 978 5336 2464 3945 
f 3059 2464 5336 381 
f 979 5316 2464 3059 
f 3945 2464 5316 382 
f 5340 2465 3069 449 
f 3954 2465 5340 981 
f 975 5337 2465 3954 
f 45 3069 2465 5337 
f 496 5341 2466 4195 
f 4266 2466 5341 983 
f 5342 2466 4266 982 
f 4195 2466 5342 495 
f 495 5342 2467 4198 
f 4269 2467 5342 982 
f 5343 2467 4269 984 
f 4198 2467 5343 497 
f 497 5343 2468 4201 
f 4272 2468 5343 984 
f 5344 2468 4272 985 
f 4201 2468 5344 498 
f 498 5344 2469 4204 
f 4275 2469 5344 985 
f 5345 2469 4275 986 
f 4204 2469 5345 499 
f 499 5345 2470 4207 
f 986 4278 2470 5345 
f 5346 2470 4278 987 
f 4207 2470 5346 500 
f 500 5346 2471 4210 
f 4281 2471 5346 987 
f 988 5347 2471 4281 
f 4210 2471 5347 501 
f 501 5347 2472 4213 
f 4284 2472 5347 988 
f 989 5348 2472 4284 
f 4213 2472 5348 502 
f 502 5348 2473 4216 
f 4287 2473 5348 989 
f 5349 2473 4287 990 
f 4216 2473 5349 503 
f 503 5349 2474 4219 
f 4290 2474 5349 990 
f 991 5350 2474 4290 
f 4219 2474 5350 504 
f 504 5350 2475 4222 
f 4293 2475 5350 991 
f 992 5351 2475 4293 
f 4222 2475 5351 505 
f 4296 2476 5351 992 
f 1031 5352 2476 4296 
f 4226 2476 5352 1032 
f 505 5351 2476 4226 
f 506 4230 2477 4233 
f 4804 2477 4230 993 
f 5353 2477 4804 994 
f 4233 2477 5353 507 
f 507 5353 2478 4236 
f 4808 2478 5353 994 
f 995 5354 2478 4808 
f 4236 2478 5354 508 
f 5355 2479 4816 996 
f 4239 2479 5355 509 
f 508 5354 2479 4239 
f 4816 2479 5354 995 
f 5356 2480 4826 997 
f 4242 2480 5356 510 
f 509 5355 2480 4242 
f 4826 2480 5355 996 
f 5356 2481 4245 510 
f 5083 2481 5356 997 
f 998 5357 2481 5083 
f 4245 2481 5357 511 
f 5357 2482 4248 511 
f 5085 2482 5357 998 
f 999 5358 2482 5085 
f 4248 2482 5358 512 
f 5359 2483 5088 1000 
f 513 4251 2483 5359 
f 5358 2483 4251 512 
f 999 5088 2483 5358 
f 5360 2484 4258 1446 
f 514 5093 2484 5360 
f 5361 2484 5093 1001 
f 4258 2484 5361 515 
f 515 5361 2485 4261 
f 1001 5096 2485 5361 
f 5340 2485 5096 981 
f 4261 2485 5340 449 
f 5362 2486 5091 1440 
f 4254 2486 5362 1447 
f 5359 2486 4254 513 
f 1000 5091 2486 5359 
f 5319 2487 5226 1002 
f 5228 2487 5319 902 
f 5341 2487 5228 983 
f 5226 2487 5341 496 
f 773 4879 2488 4865 
f 4871 2488 4879 775 
f 2488 4871 5986 5987 
f 4865 2488 5987 5988 
f 5067 2489 5364 1022 
f 5071 2489 5067 850 
f 758 4827 2489 5071 
f 4823 2489 4827 756 
f 5364 2489 4823 1033 
f 282 5365 2490 5366 
f 1005 3649 2490 5365 
f 3652 2490 3649 1006 
f 1007 5366 2490 3652 
f 5366 2491 3638 282 
f 1007 3653 2491 5366 
f 1004 5367 2491 3653 
f 281 3638 2491 5367 
f 1005 5365 2492 3642 
f 282 3636 2492 5365 
f 5330 2492 3636 1029 
f 1030 3642 2492 5330 
f 1110 5368 2493 3661 
f 3634 2493 5368 1008 
f 281 5367 2493 3634 
f 3661 2493 5367 1004 
f 5369 2494 3668 289 
f 1215 3639 2494 5369 
f 1214 5370 2494 3639 
f 1109 3668 2494 5370 
f 5371 2495 3719 1009 
f 1112 3923 2495 5371 
f 5372 2495 3923 308 
f 3719 2495 5372 1010 
f 1010 5372 2496 3722 
f 308 3927 2496 5372 
f 310 5373 2496 3927 
f 3722 2496 5373 1011 
f 5374 2497 3857 1017 
f 380 3958 2497 5374 
f 5375 2497 3958 1012 
f 3857 2497 5375 356 
f 5375 2498 3860 356 
f 1012 3934 2498 5375 
f 5376 2498 3934 362 
f 1013 3860 2498 5376 
f 5376 2499 3867 1013 
f 3957 2499 5376 362 
f 370 5377 2499 3957 
f 1016 3867 2499 5377 
f 364 5378 2500 3878 
f 1014 3921 2500 5378 
f 5379 2500 3921 368 
f 3878 2500 5379 1015 
f 1016 5377 2501 3886 
f 3938 2501 5377 370 
f 5378 2501 3938 1014 
f 364 3886 2501 5378 
f 1015 5379 2502 3916 
f 4121 2502 5379 368 
f 452 5380 2502 4121 
f 3916 2502 5380 1018 
f 5374 2503 3929 380 
f 3845 2503 5374 1017 
f 1011 5373 5958 5957 
f 5949 5958 5373 310 
f 5381 2504 4819 1019 
f 4798 2504 5381 750 
f 1066 5382 2504 4798 
f 1067 4819 2504 5382 
f 1032 5352 2505 4805 
f 4801 2505 5352 1031 
f 752 5383 2505 4801 
f 1021 4805 2505 5383 
f 5381 2506 4802 750 
f 4812 2506 5381 1019 
f 1380 4809 2506 4812 
f 5383 2506 4809 1021 
f 752 4802 2506 5383 
f 5384 2507 5363 774 
f 5364 2507 5384 1022 
f 1033 5385 2507 5364 
f 1003 5363 2507 5385 
f 5386 2508 4870 776 
f 5068 2508 5386 1023 
f 1022 5384 2508 5068 
f 774 4870 2508 5384 
f 5961 2509 5065 1023 
f 5962 4993 2509 5961 
f 5387 2509 4993 824 
f 5065 2509 5387 1024 
f 5388 2510 5006 826 
f 5098 2510 5388 1025 
f 1024 5387 2510 5098 
f 824 5006 2510 5387 
f 827 5389 2511 5008 
f 1026 5077 2511 5389 
f 1025 5388 2511 5077 
f 826 5008 2511 5388 
f 829 5390 2512 5016 
f 5097 2512 5390 1027 
f 5389 2512 5097 1026 
f 5016 2512 5389 827 
f 5391 2513 5026 1028 
f 837 5064 2513 5391 
f 5392 2513 5064 1441 
f 836 5026 2513 5392 
f 836 5392 2514 5032 
f 1441 5081 2514 5392 
f 5390 2514 5081 1027 
f 5032 2514 5390 829 
f 5380 2515 5061 1018 
f 452 5233 2515 5380 
f 5391 2515 5233 837 
f 1028 5061 2515 5391 
f 5385 2516 4866 1003 
f 1033 4822 2516 5385 
f 1020 5393 2516 4822 
f 751 4866 2516 5393 
f 5394 2517 5396 1069 
f 3174 2517 5394 1035 
f 5395 2517 3174 81 
f 1068 5396 2517 5395 
f 5395 2518 5398 1068 
f 81 3178 2518 5395 
f 5397 2518 3178 83 
f 1070 5398 2518 5397 
f 5397 2519 5400 1070 
f 83 3180 2519 5397 
f 5399 2519 3180 84 
f 1071 5400 2519 5399 
f 5399 2520 5402 1071 
f 84 3182 2520 5399 
f 85 5401 2520 3182 
f 5402 2520 5401 1072 
f 1072 5401 2521 5404 
f 3184 2521 5401 85 
f 86 5403 2521 3184 
f 5404 2521 5403 1073 
f 1073 5403 2522 5406 
f 3186 2522 5403 86 
f 87 5405 2522 3186 
f 5406 2522 5405 1074 
f 1074 5405 2523 5408 
f 3188 2523 5405 87 
f 88 5407 2523 3188 
f 5408 2523 5407 1075 
f 1075 5407 2524 5410 
f 3190 2524 5407 88 
f 89 5409 2524 3190 
f 5410 2524 5409 1076 
f 1076 5409 2525 5412 
f 3192 2525 5409 89 
f 90 5411 2525 3192 
f 5412 2525 5411 1077 
f 1077 5411 2526 5414 
f 3194 2526 5411 90 
f 91 5413 2526 3194 
f 5414 2526 5413 1098 
f 5415 2527 5417 1378 
f 3372 2527 5415 1050 
f 1049 5416 2527 3372 
f 5417 2527 5416 1081 
f 170 5418 2528 3382 
f 5419 2528 5418 1078 
f 1411 5420 2528 5419 
f 3382 2528 5420 1412 
f 1078 5418 2529 5422 
f 3388 2529 5418 170 
f 173 5421 2529 3388 
f 5422 2529 5421 1079 
f 1080 5423 2530 5426 
f 5424 2530 5423 1264 
f 5425 2530 5424 1234 
f 5426 2530 5425 1047 
f 5426 2531 5428 1080 
f 1047 3399 2531 5426 
f 5427 2531 3399 177 
f 1081 5428 2531 5427 
f 1083 5429 2532 5430 
f 4367 2532 5429 1051 
f 1035 5394 2532 4367 
f 5430 2532 5394 1069 
f 1084 5431 2533 5432 
f 4369 2533 5431 565 
f 1051 5429 2533 4369 
f 5432 2533 5429 1083 
f 1085 5433 2534 5434 
f 4371 2534 5433 566 
f 565 5431 2534 4371 
f 5434 2534 5431 1084 
f 5435 2535 5436 1086 
f 567 4373 2535 5435 
f 5433 2535 4373 566 
f 1085 5436 2535 5433 
f 5437 2536 5438 1087 
f 568 4375 2536 5437 
f 5435 2536 4375 567 
f 1086 5438 2536 5435 
f 5439 2537 5440 1088 
f 569 4377 2537 5439 
f 5437 2537 4377 568 
f 1087 5440 2537 5437 
f 5441 2538 5442 1089 
f 570 4379 2538 5441 
f 5439 2538 4379 569 
f 1088 5442 2538 5439 
f 5443 2539 5444 1090 
f 571 4381 2539 5443 
f 5441 2539 4381 570 
f 1089 5444 2539 5441 
f 5445 2540 5446 1091 
f 572 4383 2540 5445 
f 5443 2540 4383 571 
f 1090 5446 2540 5443 
f 5447 2541 5448 1099 
f 573 4385 2541 5447 
f 5445 2541 4385 572 
f 1091 5448 2541 5445 
f 1092 5449 2542 5450 
f 4387 2542 5449 574 
f 573 5447 2542 4387 
f 5450 2542 5447 1099 
f 5451 2543 5452 1093 
f 575 4389 2543 5451 
f 574 5449 2543 4389 
f 5452 2543 5449 1092 
f 1094 5453 2544 5454 
f 1064 4790 2544 5453 
f 5451 2544 4790 575 
f 5454 2544 5451 1093 
f 5505 2545 4773 742 
f 1450 5455 2545 5505 
f 5504 2545 5455 1453 
f 1062 4773 2545 5504 
f 5456 2546 5457 1454 
f 907 4788 2546 5456 
f 5453 2546 4788 1064 
f 5457 2546 5453 1094 
f 5458 2547 4862 748 
f 5459 2547 5458 1095 
f 5503 2547 5459 1453 
f 4862 2547 5503 744 5992 
f 5460 2548 5462 1096 
f 1066 4797 2548 5460 
f 5461 2548 4797 1065 
f 5462 2548 5461 1095 
f 5465 2549 5464 1449 
f 1450 5466 2549 5465 
f 5463 2549 5466 1454 
f 1448 5464 2549 5463 
f 5467 2550 5468 1096 
f 5393 2550 5467 751 
f 4821 2550 5393 1020 
f 1097 5468 2550 4821 
f 5469 2551 3199 82 
f 5396 2551 5469 1069 
f 5470 2551 5396 1068 
f 1034 3199 2551 5470 
f 5470 2552 3203 1034 
f 1068 5398 2552 5470 
f 5471 2552 5398 1070 
f 1036 3203 2552 5471 
f 5471 2553 3206 1036 
f 1070 5400 2553 5471 
f 5472 2553 5400 1071 
f 1037 3206 2553 5472 
f 5472 2554 3209 1037 
f 1071 5402 2554 5472 
f 1072 5473 2554 5402 
f 1038 3209 2554 5473 
f 5473 2555 3212 1038 
f 5404 2555 5473 1072 
f 1073 5474 2555 5404 
f 1039 3212 2555 5474 
f 5474 2556 3215 1039 
f 5406 2556 5474 1073 
f 1074 5475 2556 5406 
f 1040 3215 2556 5475 
f 5475 2557 3218 1040 
f 5408 2557 5475 1074 
f 1075 5476 2557 5408 
f 3218 2557 5476 1041 
f 1041 5476 2558 3223 
f 5410 2558 5476 1075 
f 1076 5477 2558 5410 
f 3223 2558 5477 1042 
f 1042 5477 2559 3226 
f 5412 2559 5477 1076 
f 1077 5478 2559 5412 
f 3226 2559 5478 1043 
f 1043 5478 2560 3227 
f 5414 2560 5478 1077 
f 1098 5479 2560 5414 
f 3227 2560 5479 1044 
f 5480 2561 3405 182 
f 1378 5417 2561 5480 
f 1081 5427 2561 5417 
f 177 3405 2561 5427 
f 1078 5481 2562 5419 
f 5482 2562 5481 1045 
f 1410 5483 2562 5482 
f 5419 2562 5483 1411 
f 1045 5481 2563 5485 
f 5422 2563 5481 1078 
f 1079 5484 2563 5422 
f 5485 2563 5484 1046 
f 1048 3343 2564 5487 
f 5486 2564 3343 1263 
f 1264 5423 2564 5486 
f 5487 2564 5423 1080 
f 1048 5487 2565 3469 
f 1080 5428 2565 5487 
f 1081 5416 2565 5428 
f 3469 2565 5416 1049 
f 564 5488 2566 4393 
f 5430 2566 5488 1083 
f 1069 5469 2566 5430 
f 4393 2566 5469 82 
f 1052 5489 2567 4396 
f 5432 2567 5489 1084 
f 1083 5488 2567 5432 
f 4396 2567 5488 564 
f 1053 5490 2568 4399 
f 5434 2568 5490 1085 
f 1084 5489 2568 5434 
f 4399 2568 5489 1052 
f 1054 5491 2569 4402 
f 1086 5436 2569 5491 
f 5490 2569 5436 1085 
f 4402 2569 5490 1053 
f 1055 5492 2570 4405 
f 1087 5438 2570 5492 
f 5491 2570 5438 1086 
f 4405 2570 5491 1054 
f 1056 5493 2571 4408 
f 1088 5440 2571 5493 
f 5492 2571 5440 1087 
f 4408 2571 5492 1055 
f 5494 2572 4411 1057 
f 1089 5442 2572 5494 
f 5493 2572 5442 1088 
f 4411 2572 5493 1056 
f 5495 2573 4414 1058 
f 1090 5444 2573 5495 
f 5494 2573 5444 1089 
f 1057 4414 2573 5494 
f 5496 2574 4417 1059 
f 1091 5446 2574 5496 
f 5495 2574 5446 1090 
f 1058 4417 2574 5495 
f 5496 2575 5448 1091 
f 1059 5497 2575 5496 
f 1432 5498 2575 5497 
f 5448 2575 5498 1099 
f 1099 5498 5897 
f 5896 5897 5498 1432 
f 5260 2576 5499 1431 
f 5500 2576 5260 1060 
f 5450 2576 5500 1092 
f 1061 5501 2577 5264 
f 5452 2577 5501 1093 
f 5500 2577 5452 1092 
f 5264 2577 5500 1060 
f 1063 5502 2578 5265 
f 5454 2578 5502 1094 
f 1093 5501 2578 5454 
f 5265 2578 5501 1061 
f 5503 2579 5236 744 
f 1453 5455 2579 5503 
f 5465 2579 5455 1450 
f 1449 5236 2579 5465 
f 5463 2580 5245 1448 
f 5457 2580 5463 1454 
f 1094 5502 2580 5457 
f 5245 2580 5502 1063 
f 5504 2581 4791 1062 
f 1453 5459 2581 5504 
f 5461 2581 5459 1095 
f 1065 4791 2581 5461 
f 751 5467 2582 4867 
f 1096 5462 2582 5467 
f 5458 2582 5462 1095 
f 4867 2582 5458 748 
f 5505 2583 5466 1450 
f 4776 2583 5505 742 
f 5456 2583 4776 907 
f 1454 5466 2583 5456 
f 5460 2584 5382 1066 
f 1096 5468 2584 5460 
f 1097 4820 2584 5468 
f 5382 2584 4820 1067 
f 273 3488 2585 5507 
f 5506 2585 3488 1106 
f 1107 5507 2585 5506 
f 2586 3660 287 3669 
f 1109 5508 2586 3669 
f 3660 2586 5508 1110 
f 3667 2587 5509 289 
f 3924 2587 3667 1111 
f 1112 5509 2587 3924 
f 305 5510 2588 5512 
f 5511 2588 5510 1120 
f 1121 5512 2588 5511 
f 313 5513 2589 3678 
f 3745 2589 5513 1126 
f 3678 2589 3745 1127 
f 5514 2590 5517 353 
f 1131 5515 2590 5514 
f 5516 2590 5515 1132 
f 1133 5517 2590 5516 
f 355 5518 2591 5521 
f 5519 2591 5518 1135 
f 5520 2591 5519 1136 
f 5521 2591 5520 1137 
f 358 5522 2592 5524 
f 1139 5523 2592 5522 
f 1140 5524 2592 5523 
f 5525 2593 5528 361 
f 1143 5526 2593 5525 
f 1144 5527 2593 5526 
f 1145 5528 2593 5527 
f 366 5529 2594 5531 
f 5530 2594 5529 1148 
f 5531 2594 5530 1149 
f 367 5532 2595 5534 
f 1150 5533 2595 5532 
f 5534 2595 5533 1151 
f 371 5535 2596 5537 
f 5536 2596 5535 1153 
f 5537 2596 5536 1154 
f 5538 2597 5541 372 
f 1155 5539 2597 5538 
f 5540 2597 5539 1156 
f 1157 5541 2597 5540 
f 5542 2598 3962 377 
f 1160 5543 2598 5542 
f 5544 2598 5543 1161 
f 1162 3962 2598 5544 
f 723 5545 2599 5547 
f 1165 5546 2599 5545 
f 5547 2599 5546 1166 
f 5548 2600 5551 821 
f 1184 5549 2600 5548 
f 5550 2600 5549 1185 
f 1186 5551 2600 5550 
f 5552 2601 5001 5000 
f 1189 5553 2601 5552 
f 5554 2601 5553 1190 
f 1191 5001 2601 5554 
f 825 5555 2602 5557 
f 1193 5556 2602 5555 
f 5557 2602 5556 1194 
f 5558 2603 5561 828 
f 5559 2603 5558 1195 
f 5560 2603 5559 1196 
f 5561 2603 5560 1197 
f 833 5562 2604 5564 
f 1201 5563 2604 5562 
f 1202 5564 2604 5563 
f 5565 2605 5567 834 
f 1203 5566 2605 5565 
f 5568 2606 5571 838 
f 5569 2606 5568 1206 
f 5570 2606 5569 1207 
f 1208 5571 2606 5570 
f 5572 2607 5574 839 
f 5573 2607 5572 1209 
f 1210 5574 2607 5573 
f 1100 5575 2608 3620 
f 3614 2608 5575 1101 
f 1107 5506 2608 3614 
f 1106 3620 2608 5506 
f 246 5576 2609 3549 
f 1102 3670 2609 5576 
f 1103 5577 2609 3670 
f 3549 2609 5577 247 
f 248 5578 2610 3553 
f 3564 2610 5578 291 
f 1101 5575 2610 3564 
f 3553 2610 5575 1100 
f 5577 2611 3552 247 
f 3676 2611 5577 1103 
f 1216 5579 2611 3676 
f 5578 2611 5579 291 
f 3552 2611 5578 248 
f 1114 5580 2612 3579 
f 1113 3681 2612 5580 
f 1104 5581 2612 3681 
f 3579 2612 5581 257 
f 257 5581 2613 3592 
f 3706 2613 5581 1104 
f 300 5582 2613 3706 
f 3592 2613 5582 1115 
f 5583 2614 3600 275 
f 3679 2614 5583 1108 
f 1102 5576 2614 3679 
f 246 3600 2614 5576 
f 5584 2615 3635 1008 
f 1214 3641 2615 5584 
f 1120 5510 2615 3641 
f 3635 2615 5510 305 
f 1215 5585 2616 3640 
f 3716 2616 5585 1009 
f 5511 2616 3716 1121 
f 1120 3640 2616 5511 
f 1115 5582 2617 3701 
f 3744 2617 5582 300 
f 1105 5586 2617 3744 
f 3701 2617 5586 262 
f 5583 2618 3707 1108 
f 3625 2618 5583 275 
f 301 5587 2618 3625 
f 3707 2618 5587 1116 
f 302 5588 2619 3709 
f 3740 2619 5588 1117 
f 1126 5513 2619 3740 
f 3709 2619 5513 313 
f 1116 5587 2620 3710 
f 3604 2620 5587 301 
f 303 5589 2620 3604 
f 3710 2620 5589 1118 
f 304 5590 2621 3712 
f 3741 2621 5590 1119 
f 1117 5588 2621 3741 
f 3712 2621 5588 302 
f 1118 5589 2622 3713 
f 3629 2622 5589 303 
f 5512 2622 3629 305 
f 3713 2622 5512 1121 
f 307 5591 2623 3715 
f 3725 2623 5591 1123 
f 1119 5590 2623 3725 
f 3715 2623 5590 304 
f 306 5592 6042 
f 6041 6042 5592 1122 
f 1123 5591 2624 3729 
f 3718 2624 5591 307 
f 309 5593 2625 3721 
f 3732 2625 5593 1124 
f 1122 5592 2625 3732 
f 3721 2625 5592 306 
f 311 5594 2626 3724 
f 3735 2626 5594 1125 
f 1124 5593 2626 3735 
f 3724 2626 5593 309 
f 262 5586 2627 3754 
f 3758 2627 5586 1105 
f 319 5595 2627 3758 
f 3754 2627 5595 1128 
f 1128 5595 2628 3766 
f 3770 2628 5595 319 
f 325 5596 2628 3770 
f 3766 2628 5596 1129 
f 1129 5596 2629 3778 
f 3782 2629 5596 325 
f 331 5597 2629 3782 
f 3778 2629 5597 1130 
f 1130 5597 2630 3790 
f 3794 2630 5597 331 
f 354 5598 2630 3794 
f 3790 2630 5598 1134 
f 357 5599 2631 3837 
f 3840 2631 5599 1138 
f 1134 5598 2631 3840 
f 3837 2631 5598 354 
f 5954 2632 3841 5953 
f 5952 3847 2632 5954 
f 5600 2632 3847 360 
f 1142 3841 2632 5600 
f 1135 5518 2633 3843 
f 3855 2633 5518 355 
f 5601 2633 3855 1141 6038 
f 3843 2633 5601 359 
f 1139 5522 2634 3849 
f 358 3852 2634 5522 
f 1138 5599 2634 3852 
f 3849 2634 5599 357 
f 5524 2635 3850 358 
f 1140 3853 2635 5524 
f 5515 2635 3853 1132 
f 3850 2635 5515 1131 
f 5521 2636 3856 355 
f 1137 3863 2636 5521 
f 5516 2636 3863 1133 
f 1132 3856 2636 5516 
f 5523 2637 3854 1140 
f 3848 2637 5523 1139 
f 2637 3848 6036 6037 
f 3854 2637 6037 6038 1141 
f 5600 2638 3842 1142 
f 360 3859 2638 5600 
f 5519 2638 3859 1136 
f 1135 3842 2638 5519 
f 1160 5542 2639 3866 
f 5602 2639 5542 377 
f 353 5517 2639 5602 
f 3866 2639 5517 1133 
f 361 5528 2640 3865 
f 3870 2640 5528 1145 
f 1161 5543 2640 3870 
f 3865 2640 5543 1160 
f 5603 2641 3885 363 
f 1146 3889 2641 5603 
f 5604 2641 3889 1152 
f 3885 2641 5604 369 
f 5527 2642 3871 1145 
f 1144 3887 2642 5527 
f 5605 2642 3887 365 
f 1147 3871 2642 5605 
f 5605 2643 3874 1147 
f 365 3883 2643 5605 
f 5534 2643 3883 367 
f 1151 3874 2643 5534 
f 5533 2644 3875 1151 
f 1150 3890 2644 5533 
f 5531 2644 3890 366 
f 1149 3875 2644 5531 
f 5541 2645 3880 372 
f 1157 3881 2645 5541 
f 5603 2645 3881 1146 
f 363 3880 2645 5603 
f 369 5604 2646 3869 
f 3888 2646 5604 1152 
f 1144 5526 2646 3888 
f 3869 2646 5526 1143 
f 1154 5536 2647 3893 
f 3901 2647 5536 1153 
f 1159 5606 2647 3901 
f 3893 2647 5606 375 
f 5532 2648 3891 1150 
f 3882 2648 5532 367 
f 1157 5540 2648 3882 
f 1156 3891 2648 5540 
f 1156 5539 2649 3892 
f 3912 2649 5539 1155 
f 5537 2649 3912 371 
f 1154 3892 2649 5537 
f 1158 5607 2650 3898 
f 373 3876 2650 5607 
f 1149 5530 2650 3876 
f 3898 2650 5530 1148 
f 5606 2651 3894 375 
f 3895 2651 5606 1159 
f 5529 2651 3895 1148 
f 366 3894 2651 5529 
f 5544 2652 3906 1162 
f 1161 3873 2652 5544 
f 5607 2652 3873 373 
f 1158 3906 2652 5607 
f 5608 2653 3915 845 
f 1212 3907 2653 5608 
f 5535 2653 3907 1153 
f 3915 2653 5535 371 
f 5547 2654 4726 723 
f 1166 4832 2654 5547 
f 5609 2654 4832 1163 
f 721 4726 2654 5609 
f 5610 2655 4725 722 
f 1164 4742 2655 5610 
f 5545 2655 4742 1165 
f 723 4725 2655 5545 
f 1166 5546 2656 4831 
f 4741 2656 5546 1165 
f 731 5611 2656 4741 
f 4831 2656 5611 1167 
f 5612 2657 4756 736 
f 1168 4829 2657 5612 
f 5611 2657 4829 1167 
f 731 4756 2657 5611 
f 5613 2658 4769 741 
f 1169 4858 2658 5613 
f 5612 2658 4858 1168 
f 736 4769 2658 5612 
f 5614 2659 4852 769 
f 1171 4886 2659 5614 
f 5613 2659 4886 1169 
f 741 4852 2659 5613 
f 5615 2660 4914 1172 
f 778 4873 2660 5615 
f 5616 2660 4873 779 
f 1173 4914 2660 5616 
f 5617 2661 4927 1174 
f 780 4875 2661 5617 
f 5615 2661 4875 778 
f 1172 4927 2661 5615 
f 5618 2662 4940 1175 
f 781 4877 2662 5618 
f 5617 2662 4877 780 
f 1174 4940 2662 5617 
f 5618 2663 4880 781 
f 1175 4984 2663 5618 
f 5619 2663 4984 1176 
f 782 4880 2663 5619 
f 5620 2664 4885 783 
f 1177 5240 2664 5620 
f 5621 2664 5240 1170 
f 759 4885 2664 5621 
f 5616 2665 4901 1173 
f 779 4883 2665 5616 
f 5620 2665 4883 1177 
f 783 4901 2665 5620 
f 5622 2666 4898 788 
f 1178 4899 2666 5622 
f 5614 2666 4899 1171 
f 769 4898 2666 5614 
f 5623 2667 4911 1179 
f 793 4912 2667 5623 
f 5622 2667 4912 1178 
f 788 4911 2667 5622 
f 5624 2668 4924 1180 
f 798 4925 2668 5624 
f 5623 2668 4925 793 
f 1179 4924 2668 5623 
f 5625 2669 4937 1181 
f 803 4938 2669 5625 
f 5624 2669 4938 798 
f 1180 4937 2669 5624 
f 1186 5010 2670 5551 
f 5626 2670 5010 1220 
f 1221 5627 2670 5626 
f 5551 2670 5627 821 
f 5625 2671 4982 803 
f 1181 4985 2671 5625 
f 5628 2671 4985 1187 
f 822 4982 2671 5628 
f 1191 5554 2672 4989 
f 5004 2672 5554 1190 
f 1188 4991 2672 5004 
f 4989 2672 4991 823 
f 5619 2673 4988 782 
f 4996 2673 5619 1176 
f 4995 5629 2673 4996 
f 1192 4988 2673 5629 
f 5970 2674 5002 5969 
f 2674 5970 5629 4995 
f 2674 4995 5971 5972 
f 5973 5002 2674 5972 
f 5628 2675 4994 822 
f 1187 4997 2675 5628 
f 1194 5556 2675 4997 
f 1193 4994 2675 5556 
f 5630 2676 4999 1183 
f 5003 2676 5630 1182 
f 5557 2676 5003 825 
f 1194 4999 2676 5557 
f 1186 5550 2677 5011 
f 1185 5020 2677 5550 
f 5561 2677 5020 828 
f 1197 5011 2677 5561 
f 5559 2678 5014 1196 
f 1195 5035 2678 5559 
f 5631 2678 5035 830 
f 1198 5014 2678 5631 
f 831 5632 2679 5019 
f 5036 2679 5632 1199 
f 1195 5558 2679 5036 
f 828 5019 2679 5558 
f 5633 2680 5052 832 
f 5017 2680 5633 1200 
f 1185 5549 2680 5017 
f 5052 2680 5549 1184 
f 5564 2681 5023 833 
f 5029 2681 5564 1202 
f 1199 5632 2681 5029 
f 5023 2681 5632 831 
f 5566 2682 5022 1204 
f 5041 2682 5566 1203 
f 1201 5562 2682 5041 
f 5022 2682 5562 833 
f 834 5567 2683 5042 
f 1204 5021 2683 5567 
f 1200 5633 2683 5021 
f 832 5042 2683 5633 
f 1205 5634 2684 5024 
f 5031 2684 5634 835 
f 1208 5570 2684 5031 
f 5024 2684 5570 1207 
f 838 5571 2685 5040 
f 1208 5030 2685 5571 
f 5563 2685 5030 1202 
f 5040 2685 5563 1201 
f 5631 2686 5033 1198 
f 5034 2686 5631 830 
f 835 5634 2686 5034 
f 5033 2686 5634 1205 
f 839 5574 2687 5038 
f 5059 2687 5574 1210 
f 1206 5568 2687 5059 
f 838 5038 2687 5568 
f 5635 2688 5037 1211 
f 840 5046 2688 5635 
f 5572 2688 5046 1209 
f 839 5037 2688 5572 
f 1203 5565 2689 5039 
f 834 5045 2689 5565 
f 5635 2689 5045 840 
f 5039 2689 5635 1211 
f 5573 2690 5057 1210 
f 5055 2690 5573 1209 
f 1212 5608 2690 5055 
f 5057 2690 5608 845 
f 5636 2691 5243 1213 
f 909 4857 2691 5636 
f 5621 2691 4857 759 
f 1170 5243 2691 5621 
f 4833 2692 5637 1163 
f 5636 2692 4833 909 
f 1213 5249 2692 5636 
f 5637 2692 5249 1426 
f 5584 2693 5370 1214 
f 1008 5368 2693 5584 
f 5508 2693 5368 1110 
f 5370 2693 5508 1109 
f 1009 5585 2694 5371 
f 5369 2694 5585 1215 
f 289 5509 2694 5369 
f 5371 2694 5509 1112 
f 5580 2695 3675 1113 
f 1114 3565 2695 5580 
f 5579 2695 3565 291 
f 1216 3675 2695 5579 
f 3864 2696 5525 361 
f 1137 5520 2696 3864 
f 3862 2696 5520 1136 
f 5525 2696 3862 1143 
f 5058 2697 5569 1206 
f 5638 2697 5058 848 
f 1217 5060 2697 5638 
f 5569 2697 5060 1207 
f 3918 2698 5538 372 
f 1217 5638 2698 3918 
f 3913 2698 5638 848 
f 1155 5538 2698 3913 
f 722 4728 2699 5641 
f 5639 2699 4728 720 
f 664 5640 2699 5639 
f 5641 2699 5640 1218 
f 1218 5640 2700 4580 
f 5642 2700 5640 664 
f 1420 4576 2700 5642 
f 4580 2700 4576 1219 
f 1189 5012 2701 5553 
f 1197 5560 2701 5012 
f 5009 2701 5560 1196 
f 5553 2701 5009 1190 
f 5975 2702 5552 5000 
f 5013 2702 5643 1220 
f 1189 5552 2702 5013 
f 5630 2703 5643 1182 
f 1183 5644 2703 5630 
f 5626 2703 5644 1221 
f 1220 5643 2703 5626 
f 5332 2704 3038 971 
f 3643 2704 5332 41 
f 3034 2704 3643 1030 
f 1222 3038 2704 3034 
f 106 4116 2705 5646 
f 5645 2705 4116 450 
f 3201 2705 5645 1250 
f 5646 2705 3201 1223 
f 107 3230 2706 5647 
f 5646 2706 3230 106 
f 1223 3205 2706 5646 
f 5647 2706 3205 1224 
f 108 3234 2707 5648 
f 5647 2707 3234 107 
f 1224 3208 2707 5647 
f 5648 2707 3208 1225 
f 109 3237 2708 5649 
f 5648 2708 3237 108 
f 1225 3211 2708 5648 
f 5649 2708 3211 1226 
f 110 3240 2709 5650 
f 5649 2709 3240 109 
f 1226 3214 2709 5649 
f 5650 2709 3214 1227 
f 111 3243 2710 5651 
f 5650 2710 3243 110 
f 1227 3217 2710 5650 
f 5651 2710 3217 1228 
f 112 3246 2711 5652 
f 5651 2711 3246 111 
f 1228 3220 2711 5651 
f 5652 2711 3220 1229 
f 113 3249 2712 5653 
f 5652 2712 3249 112 
f 3222 2712 5652 1229 
f 5653 2712 3222 1230 
f 114 3252 2713 5654 
f 5653 2713 3252 113 
f 3225 2713 5653 1230 
f 5654 2713 3225 1231 
f 3255 2714 5655 115 
f 5654 2714 3255 114 
f 3229 2714 5654 1231 
f 1232 5655 2714 3229 
f 1045 5656 2715 5482 
f 3334 2715 5656 1233 
f 1409 5657 2715 3334 
f 5482 2715 5657 1410 
f 1233 5656 2716 3342 
f 5485 2716 5656 1045 
f 1046 5658 2716 5485 
f 3342 2716 5658 1263 
f 1235 5659 2717 3392 
f 3396 2717 5659 175 
f 1047 5425 2717 3396 
f 3392 2717 5425 1234 
f 1236 3479 2718 3395 
f 3400 2718 3479 176 
f 175 5659 2718 3400 
f 3395 2718 5659 1235 
f 1236 3394 2719 3476 
f 5507 2719 3394 273 
f 1107 3613 2719 5507 
f 3476 2719 3613 1241 
f 3611 2720 3554 1237 
f 1101 3567 2720 3611 
f 5660 2720 3567 252 
f 1238 3554 2720 5660 
f 3581 2721 5660 252 
f 256 5661 2721 3581 
f 3572 2721 5661 1239 
f 1238 5660 2721 3572 
f 3594 2722 5661 256 
f 299 3694 2722 3594 
f 1242 3585 2722 3694 
f 5661 2722 3585 1239 
f 1237 3557 2723 3612 
f 3616 2723 3557 216 
f 268 3477 2723 3616 
f 3612 2723 3477 1241 
f 258 3695 2724 3749 
f 3586 2724 3695 296 
f 1242 3693 2724 3586 
f 1240 3749 2724 3693 
f 3756 2725 3692 261 
f 5662 2725 3756 318 
f 1243 3746 2725 5662 
f 3692 2725 3746 1240 
f 318 3768 2726 5662 
f 5663 2726 3768 324 
f 1244 3759 2726 5663 
f 5662 2726 3759 1243 
f 5663 2727 3771 1244 
f 3780 2727 5663 324 
f 330 5664 2727 3780 
f 3771 2727 5664 1245 
f 1245 5664 2728 3783 
f 3792 2728 5664 330 
f 351 5665 2728 3792 
f 3783 2728 5665 1246 
f 1246 5665 2729 3830 
f 3839 2729 5665 351 
f 352 5666 2729 3839 
f 3830 2729 5666 1247 
f 3851 2730 5666 352 
f 1131 5514 2730 3851 
f 5667 2730 5514 353 
f 3832 2730 5667 1248 
f 1247 5666 2730 3832 
f 1248 5667 2731 3834 
f 5602 2731 5667 353 
f 377 3964 2731 5602 
f 3834 2731 3964 1249 
f 5645 2732 4391 1250 
f 5231 2732 5645 450 
f 576 5668 2732 5231 
f 4391 2732 5668 1251 
f 1251 5668 2733 4394 
f 4424 2733 5668 576 
f 577 5669 2733 4424 
f 4394 2733 5669 1252 
f 1252 5669 2734 4397 
f 4427 2734 5669 577 
f 578 5670 2734 4427 
f 4397 2734 5670 1253 
f 1253 5670 2735 4400 
f 4430 2735 5670 578 
f 579 5671 2735 4430 
f 4400 2735 5671 1254 
f 1254 5671 2736 4403 
f 4433 2736 5671 579 
f 580 5672 2736 4433 
f 4403 2736 5672 1255 
f 1255 5672 2737 4406 
f 4436 2737 5672 580 
f 581 5673 2737 4436 
f 4406 2737 5673 1256 
f 1256 5673 2738 4409 
f 4439 2738 5673 581 
f 582 5674 2738 4439 
f 4409 2738 5674 1257 
f 4442 2739 5674 582 
f 583 5675 2739 4442 
f 4412 2739 5675 1258 
f 5674 2739 4412 1257 
f 1258 5675 2740 4415 
f 4445 2740 5675 583 
f 584 5676 2740 4445 
f 4415 2740 5676 1259 
f 5676 2741 4418 1259 
f 4448 2741 5676 584 
f 4525 2741 4448 585 
f 1260 4418 2741 4525 
f 1435 5677 2742 5678 
f 4419 2742 5677 1430 
f 1260 4524 2742 4419 
f 5678 2742 4524 1416 
f 1427 5679 2743 5681 
f 5680 2743 5679 1429 
f 1261 4534 2743 5680 
f 5681 2743 4534 1433 
f 1079 5421 2744 5682 
f 3393 2744 5421 173 
f 1234 5424 2744 3393 
f 5682 2744 5424 1264 
f 5484 2745 5658 1046 
f 5682 2745 5484 1079 
f 1264 5486 2745 5682 
f 1263 5658 2745 5486 
f 1265 3963 2746 3970 
f 3903 2746 3963 392 
f 395 5683 2746 3903 
f 3970 2746 5683 1266 
f 1266 5683 2747 3975 
f 3911 2747 5683 395 
f 847 5684 2747 3911 
f 3975 2747 5684 1284 
f 665 4588 2748 5685 
f 4662 2748 4588 667 
f 1268 4578 2748 4662 
f 1267 5685 2748 4578 
f 5686 2749 4661 1269 
f 5641 2749 5686 722 
f 1218 4579 2749 5641 
f 4661 2749 4579 1268 
f 1271 5687 2750 4730 
f 4739 2750 5687 725 
f 1164 5688 2750 4739 
f 1270 4730 2750 5688 
f 732 4754 2751 5689 
f 725 5687 2751 4754 
f 4748 2751 5687 1271 
f 1272 5689 2751 4748 
f 1273 4843 2752 4761 
f 737 4767 2752 4843 
f 5689 2752 4767 732 
f 4761 2752 5689 1272 
f 5610 2753 5688 1164 
f 5686 2753 5610 722 
f 1269 4784 2753 5686 
f 5688 2753 4784 1270 
f 4849 2754 4760 738 
f 766 4890 2754 4849 
f 4844 2754 4890 1274 
f 1273 4760 2754 4844 
f 1275 5690 2755 4889 
f 4896 2755 5690 784 
f 4845 2755 4896 765 
f 4889 2755 4845 1274 
f 1276 5691 2756 4903 
f 4909 2756 5691 789 
f 784 5690 2756 4909 
f 4903 2756 5690 1275 
f 794 4922 2757 5692 
f 5691 2757 4922 789 
f 1276 4917 2757 5691 
f 5692 2757 4917 1277 
f 799 4935 2758 5693 
f 5692 2758 4935 794 
f 1277 4930 2758 5692 
f 5693 2758 4930 1278 
f 820 4986 2759 5694 
f 5693 2759 4986 799 
f 1278 4976 2759 5693 
f 5694 2759 4976 1279 
f 4998 2760 5695 1183 
f 5694 2760 4998 820 
f 1279 4978 2760 5694 
f 5695 2760 4978 1280 
f 5696 2761 4980 1281 
f 821 5627 2761 5696 
f 2761 5627 1221 5644 
f 5644 1183 5695 2761 
f 1280 4980 2761 5695 
f 844 5053 2762 5697 
f 5548 2762 5053 1184 
f 5696 2762 5548 821 
f 1281 5103 2762 5696 
f 5697 2762 5103 1282 
f 843 5050 2763 5698 
f 5697 2763 5050 844 
f 1282 5108 2763 5697 
f 5698 2763 5108 1283 
f 847 5056 2764 5684 
f 5698 2764 5056 843 
f 1283 5111 2764 5698 
f 5684 2764 5111 1284 
f 1265 3969 2765 3965 
f 3959 2765 3969 391 
f 350 3835 2765 3959 
f 3965 2765 3835 1249 
f 5699 2766 4575 1262 
f 4585 2766 5699 1422 
f 5685 2766 4585 665 
f 4581 2766 5685 1267 
f 4575 2766 4581 1219 
f 196 5700 2767 5702 
f 1293 5701 2767 5700 
f 1294 5702 2767 5701 
f 434 5703 2768 5705 
f 1325 5704 2768 5703 
f 1326 5705 2768 5704 
f 677 5706 2769 5708 
f 1341 5707 2769 5706 
f 1342 5708 2769 5707 
f 890 5709 2770 5711 
f 1374 5710 2770 5709 
f 1375 5711 2770 5710 
f 5712 2771 3369 1050 
f 1377 3424 2771 5712 
f 1296 5713 2771 3424 
f 210 3369 2771 5713 
f 5714 2772 3376 1460 
f 3426 2772 5714 1466 
f 164 5715 2772 3426 
f 1287 3376 2772 5715 
f 5715 2773 3378 1287 
f 3433 2773 5715 164 
f 187 5716 2773 3433 
f 3378 2773 5716 1291 
f 180 5717 2774 3404 
f 3419 2774 5717 1288 
f 1290 5718 2774 3419 
f 3404 2774 5718 182 
f 5719 2775 3407 181 
f 1289 3429 2775 5719 
f 5717 2775 3429 1288 
f 3407 2775 5717 180 
f 1286 5881 2776 3427 
f 3374 2776 5881 163 
f 189 5720 2776 3374 
f 3427 2776 5720 1292 
f 5702 2777 3453 196 
f 3418 2777 5702 1294 
f 1291 5716 2777 3418 
f 3453 2777 5716 187 
f 5721 6016 6014 6015 197 
f 6013 6014 6016 6017 
f 1297 5722 2778 3489 
f 3475 2778 5722 215 
f 5713 2779 3470 210 
f 3471 2779 5713 1296 
f 1292 5720 2779 3471 
f 3470 2779 5720 189 
f 215 5722 2780 3452 
f 3493 2780 5722 1297 
f 1293 5700 2780 3493 
f 3452 2780 5700 196 
f 218 5723 2781 3617 
f 3610 2781 5723 1298 
f 1309 5724 2781 3610 
f 3617 2781 5724 270 
f 5725 2782 3495 1299 
f 221 3417 2782 5725 
f 5701 2782 3417 1294 
f 1293 3495 2782 5701 
f 5726 2783 3500 1300 
f 224 3415 2783 5726 
f 5725 2783 3415 221 
f 1299 3500 2783 5725 
f 5727 2784 3505 1301 
f 227 3439 2784 5727 
f 5726 2784 3439 224 
f 1300 3505 2784 5726 
f 5728 2785 3510 1322 
f 3444 2785 5728 431 
f 5727 2785 3444 227 
f 1301 3510 2785 5727 
f 5721 2786 3511 1295 
f 3447 2786 5721 197 
f 5729 2786 3447 230 
f 1302 3511 2786 5729 
f 5729 2787 3520 1302 
f 230 3569 2787 5729 
f 5730 2787 3569 234 
f 1303 3520 2787 5730 
f 5730 2788 3529 1303 
f 234 3584 2788 5730 
f 5731 2788 3584 238 
f 1304 3529 2788 5731 
f 5731 2789 3538 1304 
f 3597 2789 5731 238 
f 292 5732 2789 3597 
f 1310 3538 2789 5732 
f 5733 2790 3563 251 
f 3571 2790 5733 1306 
f 1298 5723 2790 3571 
f 3563 2790 5723 218 
f 5734 2791 3578 1307 
f 3582 2791 5734 255 
f 1306 5733 2791 3582 
f 251 3578 2791 5733 
f 255 5734 2792 3595 
f 1307 3591 2792 5734 
f 5735 2792 3591 298 
f 1311 3595 2792 5735 
f 270 5724 2793 3483 
f 3473 2793 5724 1309 
f 1289 5719 2793 3473 
f 181 3483 2793 5719 
f 5732 2794 3682 1310 
f 3703 2794 5732 292 
f 5736 2794 3703 1305 
f 242 3682 2794 5736 
f 5735 2795 3704 1311 
f 298 3699 2795 5735 
f 5737 2795 3699 1308 
f 260 3704 2795 5737 
f 5738 2796 3753 317 
f 1312 3821 2796 5738 
f 5737 2796 3821 260 
f 1308 3753 2796 5737 
f 5736 2797 3795 242 
f 1305 3823 2797 5736 
f 334 5739 2797 3823 
f 3795 2797 5739 1313 
f 5740 2798 3988 399 
f 1314 4071 2798 5740 
f 5741 2798 4071 403 
f 1315 3988 2798 5741 
f 1315 5741 2799 3994 
f 4073 2799 5741 403 
f 407 5742 2799 4073 
f 3994 2799 5742 1316 
f 1316 5742 2800 4000 
f 4065 2800 5742 407 
f 411 5743 2800 4065 
f 4000 2800 5743 1317 
f 1317 5743 2801 4006 
f 4069 2801 5743 411 
f 415 5744 2801 4069 
f 4006 2801 5744 1318 
f 1318 5744 2802 4012 
f 4059 2802 5744 415 
f 419 5745 2802 4059 
f 4012 2802 5745 1319 
f 5745 2803 4018 1319 
f 4063 2803 5745 419 
f 5746 2803 4063 423 
f 1320 4018 2803 5746 
f 5746 2804 4024 1320 
f 4053 2804 5746 423 
f 427 5747 2804 4053 
f 4024 2804 5747 1321 
f 1321 5747 2805 4030 
f 427 4057 2805 5747 
f 5748 2805 4057 435 
f 4030 2805 5748 1327 
f 5749 2806 4033 1323 
f 4047 2806 5749 432 
f 431 5728 2806 4047 
f 1322 4033 2806 5728 
f 5750 2807 4035 1324 
f 4044 2807 5750 433 
f 432 5749 2807 4044 
f 4035 2807 5749 1323 
f 5703 2808 4037 1325 
f 434 4041 2808 5703 
f 5750 2808 4041 433 
f 1324 4037 2808 5750 
f 5705 2809 4038 434 
f 1326 4049 2809 5705 
f 5751 2809 4049 1403 
f 1285 4038 2809 5751 
f 5704 2810 4050 1326 
f 4036 2810 5704 1325 
f 1327 5748 2810 4036 
f 435 4050 2810 5748 
f 5740 2811 4089 1314 
f 399 5234 2811 5740 
f 454 5752 2811 5234 
f 4089 2811 5752 1328 
f 5738 2812 4102 1312 
f 4093 2812 5738 317 
f 460 5753 2812 4093 
f 4102 2812 5753 1329 
f 1313 5739 2813 4098 
f 4104 2813 5739 334 
f 5754 2813 4104 901 
f 4098 2813 5754 1376 
f 659 5755 2814 4566 
f 1332 4605 2814 5755 
f 672 5756 2814 4605 
f 4566 2814 5756 1337 
f 661 5757 2815 4571 
f 1334 4612 2815 5757 
f 5758 2815 4612 1333 
f 4571 2815 5758 660 
f 5759 2816 4573 662 
f 1335 4617 2816 5759 
f 5757 2816 4617 1334 
f 4573 2816 5757 661 
f 5760 2817 4590 1434 
f 1424 4609 2817 5760 
f 5761 2817 4609 1336 
f 671 4590 2817 5761 
f 5761 2818 4592 671 
f 4616 2818 5761 1336 
f 1338 5762 2818 4616 
f 4592 2818 5762 673 
f 1340 5763 2819 4677 
f 4602 2819 5763 676 
f 675 5764 2819 4602 
f 4677 2819 5764 1339 
f 5759 2820 4636 1335 
f 662 4603 2820 5759 
f 5708 2820 4603 677 
f 4636 2820 5708 1342 
f 1341 5706 2821 4671 
f 4604 2821 5706 677 
f 676 5763 2821 4604 
f 4671 2821 5763 1340 
f 5765 2822 4611 1343 
f 679 4568 2822 5765 
f 5882 2822 4568 1465 
f 1467 4611 2822 5882 
f 1339 5764 2823 4682 
f 4625 2823 5764 675 
f 685 5766 2823 4625 
f 4682 2823 5766 1344 
f 1344 5766 2824 4687 
f 4630 2824 5766 685 
f 5767 2824 4630 1346 
f 4687 2824 5767 1345 
f 1347 5768 2825 4691 
f 4631 2825 5768 1348 
f 5769 2825 4631 688 6000 
f 4691 2825 5769 1349 
f 5707 2826 4637 1342 
f 4673 2826 5707 1341 
f 5770 2826 4673 689 
f 1350 4637 2826 5770 
f 5765 2827 4653 679 
f 1343 4655 2827 5765 
f 5755 2827 4655 1332 
f 4653 2827 5755 659 
f 673 5762 2828 4665 
f 1338 4657 2828 5762 
f 5771 2828 4657 690 
f 1351 4665 2828 5771 
f 5770 2829 4658 1350 
f 689 4670 2829 5770 
f 5999 2829 4670 5998 
f 4658 2829 5999 6000 688 
f 705 5772 2830 4700 
f 4745 2830 5772 1352 
f 1348 5768 2830 4745 
f 4700 2830 5768 1347 
f 710 5773 2831 4709 
f 4757 2831 5773 1353 
f 1352 5772 2831 4757 
f 4709 2831 5772 705 
f 5774 2832 4718 715 
f 1354 4770 2832 5774 
f 5773 2832 4770 1353 
f 4718 2832 5773 710 
f 5775 2833 4736 1355 
f 729 4743 2833 5775 
f 5776 2833 4743 730 
f 4736 2833 5776 1356 
f 1356 5776 2834 4752 
f 730 4759 2834 5776 
f 5777 2834 4759 735 
f 4752 2834 5777 1357 
f 740 5778 2835 4772 
f 4765 2835 5778 1358 
f 1357 5777 2835 4765 
f 735 4772 2835 5777 
f 5771 2836 4786 1351 
f 690 4782 2836 5771 
f 5775 2836 4782 729 
f 1355 4786 2836 5775 
f 760 5779 2837 4836 
f 4855 2837 5779 1359 
f 1354 5774 2837 4855 
f 4836 2837 5774 715 
f 768 5780 2838 4854 
f 4850 2838 5780 1360 
f 1358 5778 2838 4850 
f 4854 2838 5778 740 
f 1360 5780 2839 4894 
f 4969 2839 5780 768 
f 1361 5781 2839 4969 
f 4894 2839 5781 787 
f 5782 2840 4943 804 
f 1362 4967 2840 5782 
f 1359 5779 2840 4967 
f 4943 2840 5779 760 
f 868 5783 2841 5123 
f 5207 2841 5783 1364 
f 1363 5784 2841 5207 
f 5123 2841 5784 865 
f 5785 2842 5129 871 
f 1365 5205 2842 5785 
f 5783 2842 5205 1364 
f 868 5129 2842 5783 
f 5786 2843 5135 874 
f 1366 5202 2843 5786 
f 5785 2843 5202 1365 
f 871 5135 2843 5785 
f 5787 2844 5141 877 
f 1367 5204 2844 5787 
f 5786 2844 5204 1366 
f 874 5141 2844 5786 
f 5788 2845 5147 880 
f 1368 5196 2845 5788 
f 5787 2845 5196 1367 
f 877 5147 2845 5787 
f 1401 5789 2846 5153 
f 5198 2846 5789 1369 
f 5788 2846 5198 1368 
f 5153 2846 5788 880 
f 5790 2847 5159 1402 
f 1370 5190 2847 5790 
f 5789 2847 5190 1369 
f 5159 2847 5789 1401 
f 887 5791 2848 5165 
f 5192 2848 5791 1371 
f 1370 5790 2848 5192 
f 5165 2848 5790 1402 
f 5767 2849 5166 1345 
f 1346 5179 2849 5767 
f 5792 2849 5179 888 
f 5166 2849 5792 1372 
f 5792 2850 5168 1372 
f 888 5176 2850 5792 
f 5793 2850 5176 889 
f 5168 2850 5793 1373 
f 1371 5791 2851 5185 
f 887 5171 2851 5791 
f 5709 2851 5171 1374 
f 5185 2851 5709 890 
f 1373 5793 2852 5170 
f 5172 2852 5793 889 
f 1375 5710 2852 5172 
f 5170 2852 5710 1374 
f 5186 2853 5794 1331 
f 890 5711 2853 5186 
f 5175 2853 5711 1375 
f 1400 5794 2853 5175 
f 5752 2854 5216 1328 
f 454 5235 2854 5752 
f 865 5784 2854 5235 
f 5216 2854 5784 1363 
f 5753 2855 5224 1329 
f 460 5217 2855 5753 
f 5781 2855 5217 787 
f 5224 2855 5781 1361 
f 5754 2856 5222 1376 
f 5223 2856 5754 901 
f 5782 2856 5223 1362 
f 804 5222 2856 5782 
f 182 5718 2857 5480 
f 1290 3422 2857 5718 
f 1082 5795 2857 3422 
f 1378 5480 2857 5795 
f 5795 2858 5415 1378 
f 1082 3423 2858 5795 
f 5712 2858 3423 1377 
f 1050 5415 2858 5712 
f 476 5796 2859 5315 
f 4231 2859 5796 1379 
f 506 4232 2859 4231 
f 5315 2859 4232 477 
f 1379 5796 2860 4228 
f 5314 2860 5796 476 
f 475 4224 2860 5314 
f 1381 4228 2860 4224 
f 5797 2861 5798 641 
f 1331 5794 2861 5797 
f 5798 2861 5794 1400 
f 5751 2862 5800 1285 
f 1403 5799 2862 5751 
f 5800 2862 5799 1404 
f 5801 2863 3306 1455 
f 1468 3355 2863 5801 
f 5802 2863 3355 145 
f 1383 3306 2863 5802 
f 5803 2864 3319 194 
f 1390 4048 2864 5803 
f 1384 5804 2864 4048 
f 3319 2864 5804 150 
f 150 5804 2865 3322 
f 4045 2865 5804 1384 
f 152 5805 2865 4045 
f 3322 2865 5805 1385 
f 5805 2866 3325 1385 
f 152 4042 2866 5805 
f 5806 2866 4042 154 
f 1386 3325 2866 5806 
f 5806 2867 3328 1386 
f 4039 2867 5806 154 
f 1285 5800 2867 4039 
f 3328 2867 5800 1404 
f 5807 2868 3412 1387 
f 165 3408 2868 5807 
f 5808 2868 3408 1388 
f 184 3412 2868 5808 
f 5808 2869 3364 184 
f 1388 3309 2869 5808 
f 5802 2869 3309 1383 
f 145 3364 2869 5802 
f 5809 2870 3438 1389 
f 192 3313 2870 5809 
f 5807 2870 3313 165 
f 1387 3438 2870 5807 
f 5803 2871 3443 1390 
f 194 3316 2871 5803 
f 5809 2871 3316 192 
f 1389 3443 2871 5809 
f 625 5810 2872 4498 
f 4551 2872 5810 1392 
f 1469 5876 2872 4551 
f 4498 2872 5876 1470 
f 1392 5810 2873 4556 
f 4501 2873 5810 625 
f 627 5811 2873 4501 
f 4556 2873 5811 1393 
f 1394 5812 2874 4621 
f 4504 2874 5812 630 
f 631 5813 2874 4504 
f 4621 2874 5813 1395 
f 1395 5813 2875 4626 
f 4508 2875 5813 631 
f 633 5814 2875 4508 
f 4626 2875 5814 1396 
f 5815 2876 4511 635 
f 1397 5182 2876 5815 
f 1396 5814 2876 5182 
f 4511 2876 5814 633 
f 5816 2877 4514 637 
f 1398 5181 2877 5816 
f 5815 2877 5181 1397 
f 635 4514 2877 5815 
f 639 5817 2878 4517 
f 1399 5178 2878 5817 
f 5816 2878 5178 1398 
f 4517 2878 5816 637 
f 5798 2879 5818 641 
f 1400 5174 2879 5798 
f 5817 2879 5174 1399 
f 5818 2879 5817 639 
f 1393 5811 2880 4596 
f 4595 2880 5811 627 
f 630 5812 2880 4595 
f 4596 2880 5812 1394 
f 5819 2881 4074 1405 
f 1330 5820 2881 5819 
f 5799 2881 5820 1404 
f 4074 2881 5799 1403 
f 5797 2882 5209 1331 
f 4520 2882 5797 641 
f 1330 5819 2882 4520 
f 5209 2882 5819 1405 
f 1382 5883 2883 3341 
f 3287 2883 5883 135 
f 126 5821 2883 3287 
f 3341 2883 5821 1406 
f 1406 5821 2884 3338 
f 3465 2884 5821 126 
f 207 5822 2884 3465 
f 3338 2884 5822 1407 
f 3256 2885 5822 207 
f 5823 2885 3256 115 
f 1408 3467 2885 5823 
f 1407 5822 2885 3467 
f 115 5655 2886 5823 
f 5824 2886 5655 1232 
f 1409 3333 2886 5824 
f 5823 2886 3333 1408 
f 1232 3228 2887 5824 
f 5825 2887 3228 1044 
f 1410 5657 2887 5825 
f 5824 2887 5657 1409 
f 1044 5479 2888 5825 
f 5826 2888 5479 1098 
f 1411 5483 2888 5826 
f 5825 2888 5483 1410 
f 1098 5413 2889 5826 
f 3383 2889 5413 91 
f 5420 2889 3383 1412 
f 5826 2889 5420 1411 
f 5879 2890 4530 1391 
f 646 4542 2890 5879 
f 5827 2890 4542 645 
f 1413 4530 2890 5827 
f 645 4536 2891 5827 
f 5828 2891 4536 644 
f 1414 4526 2891 5828 
f 5827 2891 4526 1413 
f 5828 2892 4649 1414 
f 644 4651 2892 5828 
f 643 5829 2892 4651 
f 4649 2892 5829 1415 
f 1415 5829 2893 4523 
f 4535 2893 5829 643 
f 1261 5830 2893 4535 
f 4523 2893 5830 1416 
f 1416 5830 2894 5678 
f 5680 2894 5830 1261 
f 1429 5831 2894 5680 
f 5678 2894 5831 1435 
f 639 4516 2895 5818 
f 5832 2895 4516 640 
f 1418 4521 2895 5832 
f 5818 2895 4521 641 
f 4519 2896 5820 1330 
f 642 5833 2896 4519 
f 3329 2896 5833 1419 
f 5820 2896 3329 1404 
f 5609 2897 5834 721 
f 1163 5637 2897 5609 
f 1426 5834 2897 5637 
f 906 5835 2898 5837 
f 1427 5836 2898 5835 
f 1428 5837 2898 5836 
f 4420 2899 5497 1059 
f 1430 5838 2899 4420 
f 5895 2899 5838 5894 
f 2899 5895 5896 1432 5497 
f 5839 2900 5831 1429 
f 913 5262 2900 5839 
f 5840 2900 5262 1417 
f 1435 5831 2900 5840 
f 1420 5841 2901 4577 
f 5250 2901 5841 663 
f 906 5837 2901 5250 
f 4577 2901 5837 1428 
f 664 5842 2902 5642 
f 5254 2902 5842 1421 
f 663 5841 2902 5254 
f 5642 2902 5841 1420 
f 5836 2903 4574 1428 
f 5681 2903 5836 1427 
f 1433 5843 2903 5681 
f 1262 4574 2903 5843 
f 1422 5844 2904 4582 
f 666 4652 2904 5844 
f 5845 2904 4652 669 
f 1423 4582 2904 5845 
f 5845 2905 4589 1423 
f 669 4563 2905 5845 
f 5846 2905 4563 1337 
f 4589 2905 5846 1434 
f 720 5847 2906 5639 
f 5257 2906 5847 1425 
f 1421 5842 2906 5257 
f 5639 2906 5842 664 
f 721 5834 2907 4727 
f 5248 2907 5834 1426 
f 5847 2907 5248 1425 
f 4727 2907 5847 720 
f 5839 2908 5253 913 
f 1429 5679 2908 5839 
f 5835 2908 5679 1427 
f 906 5253 2908 5835 
f 5843 2909 5699 1262 
f 4533 2909 5843 1433 
f 5844 2909 4533 666 
f 1422 5699 2909 5844 
f 5846 2910 5760 1434 
f 1337 5756 2910 5846 
f 4608 2910 5756 672 
f 1424 5760 2910 4608 
f 5840 2911 5677 1435 
f 5261 2911 5840 1417 
f 5894 5838 2911 
f 1430 5677 2911 5838 
f 5848 2912 3061 934 
f 3066 2912 5848 1443 
f 5849 2912 3066 1437 
f 3061 2912 5849 1438 
f 980 5850 2913 3949 
f 3951 2913 5850 1445 
f 3949 2913 3951 388 
f 1447 5851 2914 4255 
f 4257 2914 5851 1446 
f 5852 2914 4257 1439 
f 4255 2914 5852 494 
f 5094 2915 5089 1442 
f 514 5853 2915 5094 
f 1440 5089 2915 5853 
f 1443 5848 6775 6727 
f 6650 6775 5848 934 
f 959 4190 6776 6700 
f 6703 6776 4190 1444 
f 494 5852 6777 6772 
f 5852 1439 6701 6777 
f 2998 6778 6649 28 
f 1436 6652 6778 2998 
f 5849 2918 5317 1438 
f 5338 2918 5849 1437 
f 1445 5850 2918 5338 
f 5317 2918 5850 980 
f 1446 5851 2919 5360 
f 5362 2919 5851 1447 
f 5853 2919 5362 1440 
f 5360 2919 5853 514 
f 5887 2920 5856 135 
f 1473 5886 2920 5887 
f 3303 2920 5886 144 
f 1457 5856 2920 3303 
f 1472 5884 2921 5885 
f 5869 2921 5884 624 
f 1470 5870 2921 5869 
f 5885 2921 5870 1471 
f 5857 2922 3340 159 
f 5872 2922 5857 1458 
f 1468 5867 2922 5872 
f 1382 3340 2922 5867 
f 161 5858 2923 3349 
f 5873 2923 5858 1459 
f 1458 5857 2923 5873 
f 3349 2923 5857 159 
f 168 5860 2924 3354 
f 5874 2924 5860 1461 
f 1459 5858 2924 5874 
f 3354 2924 5858 161 
f 163 5859 2925 3375 
f 5875 2925 5859 1460 
f 1461 5860 2925 5875 
f 3375 2925 5860 168 
f 1471 5870 2926 4531 
f 1470 5876 2926 5870 
f 5868 2926 5876 1469 
f 4531 2926 5868 1391 
f 5861 2927 4540 646 
f 1462 5877 2927 5861 
f 5862 2927 5877 649 
f 1463 4540 2927 5862 
f 5862 2928 4546 1463 
f 649 5878 2928 5862 
f 5863 2928 5878 652 
f 1464 4546 2928 5863 
f 5861 2929 4550 1462 
f 5879 2929 5861 646 
f 1391 5868 2929 5879 
f 1469 4550 2929 5868 
f 5863 2930 4567 1464 
f 652 5880 2930 5863 
f 5864 2930 5880 660 
f 1465 4567 2930 5864 
f 1460 5859 2931 5714 
f 5881 2931 5859 163 
f 5865 2931 5881 1286 
f 5714 2931 5865 1466 
f 5866 2932 5758 1333 
f 5882 2932 5866 1467 
f 5864 2932 5882 1465 
f 660 5758 2932 5864 
f 5854 2933 5801 1455 
f 135 5883 2933 5854 
f 5867 2933 5883 1382 
f 5801 2933 5867 1468 
f 5871 2934 5885 1471 
f 614 4494 2934 5871 
f 4495 2934 4494 623 
f 1472 5885 2934 4495 
f 5854 2935 5887 135 
f 1455 5855 2935 5854 
f 3305 2935 5855 1456 
f 5887 2935 3305 1473 
f 3427 2936 5889 1286 
f 1292 3428 2936 3427 
f 3425 2936 3428 190 
f 5889 2936 3425 1474 
f 1474 3425 2937 5890 
f 3435 2937 3425 190 
f 191 3434 2937 3435 
f 5890 2937 3434 214 
f 5866 2938 5892 1467 
f 1333 4612 2938 5866 
f 4613 2938 4612 1334 
f 1475 5892 2938 4613 
f 4613 2939 5893 1475 
f 1334 4617 2939 4613 
f 4618 2939 4617 1335 
f 683 5893 2939 4618 
f 5261 1431 5894 2911 
f 1431 5499 5895 5894 
f 5895 5499 5896 
f 5499 2576 5897 5896 
f 2576 5450 1099 5897 
f 5238 908 5899 5898 2388 
f 908 5241 5900 5899 
f 5241 912 5901 5900 
f 912 5258 2394 5901 
f 310 3929 2503 5949 
f 2503 3845 5950 5949 
f 3845 1834 5951 5950 
f 1834 3847 5952 5951 
f 3736 5955 5953 
f 5953 5955 5959 5954 
f 5959 5960 5952 5954 
f 5951 5952 5960 5956 
f 5950 5951 5956 5957 
f 5949 5950 5957 5958 
f 1125 5594 5959 5955 
f 5594 311 5960 5959 
f 3736 1125 5955 
f 5386 5976 5961 1023 
f 5961 5976 5977 5962 
f 5978 5963 5982 5983 
f 5963 5978 5979 5964 
f 4991 1188 2278 5965 
f 2278 5963 5964 5965 
f 1188 4992 2278 
f 5964 4990 5966 5965 
f 5966 4990 4988 5967 
f 5001 1191 5967 5968 
f 5968 5967 1192 5969 
f 5969 1192 5629 5970 
f 2279 4994 1193 5971 
f 5971 1193 5555 5972 
f 5972 5555 825 5973 
f 825 5003 5974 5973 
f 5003 1182 5975 5974 
f 1182 5643 2702 5975 
f 1204 5567 2605 5566 
f 4990 5964 5979 5980 
f 5976 5386 776 5977 
f 4869 5978 5983 5984 
f 5978 4869 777 5979 
f 4988 4990 5980 
f 824 4993 5981 4992 
f 4993 5962 5982 5981 
f 5962 5977 5983 5982 
f 5977 776 5984 5983 
f 776 4870 5985 5984 
f 4870 774 5986 5985 
f 774 5363 5987 5986 
f 5363 1003 5988 5987 
f 1003 4866 5989 5988 
f 4866 751 4867 5989 
f 4867 748 5990 5989 
f 748 4862 5991 5990 
f 5991 4862 5992 
f 4680 6001 5993 
f 5993 6001 6002 5994 
f 6002 6003 5995 5994 
f 6003 6004 5996 5995 
f 6004 6005 5997 5996 
f 6005 6006 5998 5997 
f 6006 6007 5999 5998 
f 5999 6007 5769 6000 
f 4680 697 4681 
f 4681 695 6002 6001 
f 695 4676 6003 6002 
f 4676 693 6004 6003 
f 693 4669 6005 6004 
f 4669 1349 6006 6005 
f 6006 1349 5769 6007 
f 4680 4681 6001 
f 3502 1696 6008 
f 1696 3497 6009 6008 
f 6009 3497 1694 6010 
f 6010 1694 3491 6011 
f 3491 1692 6012 6011 
f 1692 3489 6013 6012 
f 3489 2778 6014 6013 
f 6014 2778 3475 6015 
f 6022 3501 3502 6008 
f 5721 1295 6017 6016 
f 6017 1295 3490 6018 
f 6018 3490 222 6019 
f 6019 222 3496 6020 
f 6020 3496 225 6021 
f 6021 225 3501 6022 
f 3745 6043 6023 
f 6023 6043 6044 6024 
f 6024 6044 6045 6025 
f 6025 6045 6046 6026 
f 6026 6046 6047 6027 
f 6027 6047 6048 6028 
f 6028 6048 6049 6029 
f 6051 6030 6050 
f 6030 6051 6052 6031 
f 6031 6052 6053 6032 
f 6032 6053 6054 6033 
f 6054 6055 6034 6033 
f 6055 6056 6035 6034 
f 6056 6057 6036 6035 
f 6057 6058 6037 6036 
f 6058 5601 6038 6037 
f 6029 6049 6050 6030 
f 3731 1786 6040 6039 
f 1786 3729 6041 6040 
f 3729 2624 6042 6041 
f 2624 3718 306 6042 
f 1126 3739 6043 3745 
f 6043 3739 314 6044 
f 6044 314 3742 6045 
f 6045 3742 320 6046 
f 6046 320 3727 6047 
f 6047 3727 326 6048 
f 6048 326 3731 6049 
f 6049 3731 6039 6050 
f 6039 332 6051 6050 
f 6051 332 3734 6052 
f 6052 3734 333 6053 
f 6053 333 3737 6054 
f 3737 312 6055 6054 
f 312 3844 6056 6055 
f 6056 3844 359 6057 
f 6057 359 5601 6058 
f 6190 6188 6187 6189 
f 6192 6190 6189 6191 
f 6194 6192 6191 6193 
f 6196 6194 6193 6195 
f 6198 6196 6195 6197 
f 6200 6198 6197 6199 
f 6202 6200 6199 6201 
f 6204 6202 6201 6203 
f 6206 6204 6203 6205 
f 6208 6206 6205 6207 
f 6210 6208 6207 6209 
f 6212 6210 6209 6211 
f 6214 6212 6211 6213 
f 6216 6214 6213 6215 
f 6218 6216 6215 6217 
f 6220 6218 6217 6219 
f 6222 6220 6219 6221 
f 6224 6222 6221 6223 
f 6226 6224 6223 6225 
f 6228 6226 6225 6227 
f 6230 6228 6227 6229 
f 6232 6230 6229 6231 
f 6234 6232 6231 6233 
f 6236 6234 6233 6235 
f 6238 6236 6235 6237 
f 6240 6238 6237 6239 
f 6242 6240 6239 6241 
f 6244 6242 6241 6243 
f 6246 6244 6243 6245 
f 6248 6246 6245 6247 
f 6250 6248 6247 6249 
f 6252 6250 6249 6251 
f 6254 6252 6251 6253 
f 6256 6254 6253 6255 
f 6258 6256 6255 6257 
f 6260 6258 6257 6259 
f 6262 6260 6259 6261 
f 6264 6262 6261 6263 
f 6266 6264 6263 6265 
f 6268 6266 6265 6267 
f 6270 6268 6267 6269 
f 6272 6270 6269 6271 
f 6274 6272 6271 6273 
f 6276 6274 6273 6275 
f 6278 6276 6275 6277 
f 6280 6278 6277 6279 
f 6282 6280 6279 6281 
f 6284 6282 6281 6283 
f 6286 6284 6283 6285 
f 6288 6286 6285 6287 
f 6290 6288 6287 6289 
f 6292 6290 6289 6291 
f 6294 6292 6291 6293 
f 6296 6294 6293 6295 
f 6298 6296 6295 6297 
f 6300 6298 6297 6299 
f 6302 6300 6299 6301 
f 6304 6302 6301 6303 
f 6306 6304 6303 6305 
f 6308 6306 6305 6307 
f 6310 6308 6307 6309 
f 6312 6310 6309 6311 
f 6314 6312 6311 6313 
f 6188 6314 6313 6187 
f 7038 7036 7035 7037 
f 7040 7038 7037 7039 
f 7042 7040 7039 7041 
f 7044 7042 7041 7043 
f 7046 7044 7043 7045 
f 7048 7046 7045 7047 
f 7050 7048 7047 7049 
f 7051 7052 7050 7049 
f 7054 7052 7051 7053 
f 7055 7056 7054 7053 
f 7058 7056 7055 7057 
f 7060 7058 7057 7059 
f 7062 7060 7059 7061 
f 7064 7062 7061 7063 
f 7066 7064 7063 7065 
f 7068 7066 7065 7067 
f 7070 7068 7067 7069 
f 7072 7070 7069 7071 
f 7074 7072 7071 7073 
f 7075 7076 7074 7073 
f 7078 7076 7075 7077 
f 7080 7078 7077 7079 
f 7082 7080 7079 7081 
f 7084 7082 7081 7083 
f 7086 7084 7083 7085 
f 7088 7086 7085 7087 
f 7090 7088 7087 7089 
f 7092 7090 7089 7091 
f 7094 7092 7091 7093 
f 7096 7094 7093 7095 
f 7097 7098 7096 7095 
f 7100 7098 7097 7099 
f 7102 7100 7099 7101 
f 7104 7102 7101 7103 
f 7106 7104 7103 7105 
f 7108 7106 7105 7107 
f 7110 7108 7107 7109 
f 7112 7110 7109 7111 
f 7114 7112 7111 7113 
f 7115 7116 7114 7113 
f 7118 7116 7115 7117 
f 7120 7118 7117 7119 
f 7122 7120 7119 7121 
f 7124 7122 7121 7123 
f 7126 7124 7123 7125 
f 7128 7126 7125 7127 
f 7130 7128 7127 7129 
f 7132 7130 7129 7131 
f 7134 7132 7131 7133 
f 7136 7134 7133 7135 
f 7138 7136 7135 7137 
f 7139 7140 7138 7137 
f 7142 7140 7139 7141 
f 7143 7144 7142 7141 
f 7146 7144 7143 7145 
f 7148 7146 7145 7147 
f 7150 7148 7147 7149 
f 7152 7150 7149 7151 
f 7154 7152 7151 7153 
f 7156 7154 7153 7155 
f 7158 7156 7155 7157 
f 7160 7158 7157 7159 
f 7162 7160 7159 7161 
f 7036 7162 7161 7035 
f 6060 6059 6188 6190 
f 5902 2943 6189 6187 
f 6061 6060 6190 6192 
f 2943 5903 6191 6189 
f 6062 6061 6192 6194 
f 5903 4122 6193 6191 
f 6063 6062 6194 6196 
f 4122 464 6195 6193 
f 6064 6063 6196 6198 
f 464 4127 6197 6195 
f 6065 6064 6198 6200 
f 4127 5904 6199 6197 
f 6066 6065 6200 6202 
f 5904 4130 6201 6199 
f 6067 6066 6202 6204 
f 4130 5905 6203 6201 
f 6068 6067 6204 6206 
f 5905 4133 6205 6203 
f 6069 6068 6206 6208 
f 4133 5906 6207 6205 
f 6070 6069 6208 6210 
f 5906 4136 6209 6207 
f 6071 6070 6210 6212 
f 4136 5907 6211 6209 
f 6072 6071 6212 6214 
f 5907 4139 6213 6211 
f 6073 6072 6214 6216 
f 4139 5908 6215 6213 
f 6074 6073 6216 6218 
f 5908 4142 6217 6215 
f 6075 6074 6218 6220 
f 4142 5909 6219 6217 
f 6076 6075 6220 6222 
f 5909 4145 6221 6219 
f 6077 6076 6222 6224 
f 4145 5910 6223 6221 
f 6078 6077 6224 6226 
f 5910 4148 6225 6223 
f 6079 6078 6226 6228 
f 4148 5911 6227 6225 
f 6080 6079 6228 6230 
f 5911 4151 6229 6227 
f 6081 6080 6230 6232 
f 4151 5912 6231 6229 
f 6082 6081 6232 6234 
f 5912 4154 6233 6231 
f 6083 6082 6234 6236 
f 4154 5913 6235 6233 
f 6084 6083 6236 6238 
f 5913 4157 6237 6235 
f 6085 6084 6238 6240 
f 4157 5914 6239 6237 
f 6086 6085 6240 6242 
f 5914 4160 6241 6239 
f 6087 6086 6242 6244 
f 4160 5915 6243 6241 
f 6088 6087 6244 6246 
f 5915 4163 6245 6243 
f 6089 6088 6246 6248 
f 4163 5916 6247 6245 
f 6090 6089 6248 6250 
f 5916 4166 6249 6247 
f 6091 6090 6250 6252 
f 4166 5932 6251 6249 
f 6092 6091 6252 6254 
f 5932 5948 6253 6251 
f 6093 6092 6254 6256 
f 5948 5931 6255 6253 
f 6094 6093 6256 6258 
f 5931 5947 6257 6255 
f 6095 6094 6258 6260 
f 5947 5930 6259 6257 
f 6096 6095 6260 6262 
f 5930 5946 6261 6259 
f 6097 6096 6262 6264 
f 5946 5929 6263 6261 
f 6098 6097 6264 6266 
f 5929 5945 6265 6263 
f 6099 6098 6266 6268 
f 5945 5928 6267 6265 
f 6100 6099 6268 6270 
f 5928 5944 6269 6267 
f 6101 6100 6270 6272 
f 5944 5927 6271 6269 
f 6102 6101 6272 6274 
f 5927 5943 6273 6271 
f 6103 6102 6274 6276 
f 5943 5926 6275 6273 
f 6104 6103 6276 6278 
f 5926 5942 6277 6275 
f 6105 6104 6278 6280 
f 5942 5925 6279 6277 
f 6106 6105 6280 6282 
f 5925 5941 6281 6279 
f 6107 6106 6282 6284 
f 5941 5924 6283 6281 
f 6108 6107 6284 6286 
f 5924 5940 6285 6283 
f 6109 6108 6286 6288 
f 5940 5923 6287 6285 
f 6110 6109 6288 6290 
f 5923 5939 6289 6287 
f 6111 6110 6290 6292 
f 5939 5922 6291 6289 
f 6112 6111 6292 6294 
f 5922 5938 6293 6291 
f 6113 6112 6294 6296 
f 5938 5921 6295 6293 
f 6114 6113 6296 6298 
f 5921 5937 6297 6295 
f 6115 6114 6298 6300 
f 5937 5920 6299 6297 
f 6116 6115 6300 6302 
f 5920 5936 6301 6299 
f 6117 6116 6302 6304 
f 5936 5919 6303 6301 
f 6118 6117 6304 6306 
f 5919 5935 6305 6303 
f 6119 6118 6306 6308 
f 5935 5918 6307 6305 
f 6120 6119 6308 6310 
f 5918 5934 6309 6307 
f 6121 6120 6310 6312 
f 5934 5917 6311 6309 
f 6122 6121 6312 6314 
f 5917 5933 6313 6311 
f 6059 6122 6314 6188 
f 5933 5902 6187 6313 
f 6401 6402 6484 6483 
f 6483 6484 6400 6399 
f 6403 6404 6486 6485 
f 6485 6486 6402 6401 
f 6405 6406 6488 6487 
f 6487 6488 6404 6403 
f 6407 6408 6490 6489 
f 6489 6490 6406 6405 
f 6409 6410 6492 6491 
f 6491 6492 6408 6407 
f 6411 6412 6494 6493 
f 6493 6494 6410 6409 
f 6413 6414 6496 6495 
f 6495 6496 6412 6411 
f 6415 6416 6498 6497 
f 6497 6498 6414 6413 
f 6502 6478 6477 6501 
f 6418 6502 6501 6417 
f 6432 6504 6503 6431 
f 6504 6418 6417 6503 
f 6506 6420 6419 6505 
f 6422 6506 6505 6421 
f 6508 6422 6421 6507 
f 6424 6508 6507 6423 
f 6510 6424 6423 6509 
f 6426 6510 6509 6425 
f 6512 6426 6425 6511 
f 6428 6512 6511 6427 
f 6430 6514 6513 6429 
f 6514 6428 6427 6513 
f 6471 6472 6516 6515 
f 6515 6516 6430 6429 
f 6420 6518 6517 6419 
f 6518 6432 6431 6517 
f 6399 6400 6520 6519 
f 6519 6520 6474 6473 
f 6476 6522 6521 6475 
f 6522 6434 6433 6521 
f 6434 6524 6523 6433 
f 6524 6436 6435 6523 
f 6436 6526 6525 6435 
f 6526 6438 6437 6525 
f 6438 6528 6527 6437 
f 6528 6440 6439 6527 
f 6440 6530 6529 6439 
f 6530 6442 6441 6529 
f 6442 6532 6531 6441 
f 6532 6444 6443 6531 
f 6444 6534 6533 6443 
f 6534 6446 6445 6533 
f 6446 6536 6535 6445 
f 6536 6448 6447 6535 
f 6450 6540 6539 6449 
f 6539 6540 6452 6451 
f 6451 6452 6542 6541 
f 6541 6542 6454 6453 
f 6455 6456 6544 6543 
f 6543 6544 6458 6457 
f 6457 6458 6546 6545 
f 6545 6546 6460 6459 
f 6459 6460 6548 6547 
f 6547 6548 6462 6461 
f 6461 6462 6550 6549 
f 6549 6550 6464 6463 
f 6463 6464 6552 6551 
f 6552 6466 6465 6551 
f 6470 6554 6553 6469 
f 6554 6468 6467 6553 
f 6453 6454 6556 6555 
f 6555 6556 6456 6455 
f 6474 6558 6557 6473 
f 6558 6476 6475 6557 
f 6466 6560 6559 6465 
f 6560 6470 6469 6559 
f 6468 6562 6561 6467 
f 6561 6562 6472 6471 
f 6481 6482 6566 6565 
f 6565 6566 6416 6415 
f 6480 6564 6563 6479 
f 6564 6450 6449 6563 
f 6448 6538 6537 6447 
f 6538 6480 6479 6537 
f 6477 6478 6500 6499 
f 6499 6500 6482 6481 
f 6402 6316 6357 6484 
f 6483 3289 137 6401 
f 6484 6357 6315 6400 
f 6399 136 3289 6483 
f 6404 6317 6358 6486 
f 6485 3292 138 6403 
f 6486 6358 6316 6402 
f 6401 137 3292 6485 
f 6406 6318 6359 6488 
f 6487 3294 139 6405 
f 6488 6359 6317 6404 
f 6403 138 3294 6487 
f 6408 6319 6360 6490 
f 6489 3296 140 6407 
f 6490 6360 6318 6406 
f 6405 139 3296 6489 
f 6410 6320 6361 6492 
f 6491 3298 141 6409 
f 6492 6361 6319 6408 
f 6407 140 3298 6491 
f 6412 6321 6362 6494 
f 6493 3300 142 6411 
f 6494 6362 6320 6410 
f 6409 141 3300 6493 
f 6414 6322 6363 6496 
f 6495 3302 143 6413 
f 6496 6363 6321 6412 
f 6411 142 3302 6495 
f 6416 6323 6364 6498 
f 6497 3304 144 6415 
f 6498 6364 6322 6414 
f 6413 143 3304 6497 
f 6366 6354 6478 6502 
f 1456 3308 6501 6477 
f 6324 6366 6502 6418 
f 3308 146 6417 6501 
f 6331 6367 6504 6432 
f 3311 183 6431 6503 
f 6367 6324 6418 6504 
f 146 3311 6503 6417 
f 6368 6325 6420 6506 
f 147 3315 6505 6419 
f 6326 6368 6506 6422 
f 3315 148 6421 6505 
f 6369 6326 6422 6508 
f 148 3318 6507 6421 
f 6327 6369 6508 6424 
f 3318 149 6423 6507 
f 6370 6327 6424 6510 
f 149 3321 6509 6423 
f 6328 6370 6510 6426 
f 3321 151 6425 6509 
f 6371 6328 6426 6512 
f 151 3324 6511 6425 
f 6329 6371 6512 6428 
f 3324 153 6427 6511 
f 6430 6330 6372 6514 
f 3327 155 6429 6513 
f 6372 6329 6428 6514 
f 153 3327 6513 6427 
f 6351 6373 6516 6472 
f 6515 3330 1419 6471 
f 6516 6373 6330 6430 
f 6429 155 3330 6515 
f 6325 6374 6518 6420 
f 3409 147 6419 6517 
f 6374 6331 6432 6518 
f 183 3409 6517 6431 
f 6400 6315 6375 6520 
f 6519 4118 136 6399 
f 6520 6375 6352 6474 
f 6473 1451 4118 6519 
f 6353 6376 6522 6476 
f 4479 1452 6475 6521 
f 6376 6332 6434 6522 
f 616 4479 6521 6433 
f 6332 6377 6524 6434 
f 4481 616 6433 6523 
f 6377 6333 6436 6524 
f 617 4481 6523 6435 
f 6333 6378 6526 6436 
f 4483 617 6435 6525 
f 6378 6334 6438 6526 
f 618 4483 6525 6437 
f 6334 6379 6528 6438 
f 4485 618 6437 6527 
f 6379 6335 6440 6528 
f 619 4485 6527 6439 
f 6335 6380 6530 6440 
f 4487 619 6439 6529 
f 6380 6336 6442 6530 
f 620 4487 6529 6441 
f 6336 6381 6532 6442 
f 4489 620 6441 6531 
f 6381 6337 6444 6532 
f 621 4489 6531 6443 
f 6337 6382 6534 6444 
f 4491 621 6443 6533 
f 6382 6338 6446 6534 
f 622 4491 6533 6445 
f 6338 6383 6536 6446 
f 4493 622 6445 6535 
f 6383 6339 6448 6536 
f 623 4493 6535 6447 
f 6340 6385 6540 6450 
f 4496 624 6449 6539 
f 6540 6385 6341 6452 
f 6451 626 4496 6539 
f 6452 6341 6386 6542 
f 6541 4499 626 6451 
f 6542 6386 6342 6454 
f 6453 628 4499 6541 
f 6456 6343 6387 6544 
f 6543 4502 629 6455 
f 6544 6387 6344 6458 
f 6457 632 4502 6543 
f 6458 6344 6388 6546 
f 6545 4506 632 6457 
f 6546 6388 6345 6460 
f 6459 634 4506 6545 
f 6460 6345 6389 6548 
f 6547 4509 634 6459 
f 6548 6389 6346 6462 
f 6461 636 4509 6547 
f 6462 6346 6390 6550 
f 6549 4512 636 6461 
f 6550 6390 6347 6464 
f 6463 638 4512 6549 
f 6464 6347 6391 6552 
f 6551 4515 638 6463 
f 6391 6348 6466 6552 
f 640 4515 6551 6465 
f 6350 6392 6554 6470 
f 4518 1418 6469 6553 
f 6392 6349 6468 6554 
f 642 4518 6553 6467 
f 6454 6342 6393 6556 
f 6555 4594 628 6453 
f 6556 6393 6343 6456 
f 6455 629 4594 6555 
f 6352 6394 6558 6474 
f 5232 1451 6473 6557 
f 6394 6353 6476 6558 
f 1452 5232 6557 6475 
f 6348 6395 6560 6466 
f 5832 640 6465 6559 
f 6395 6350 6470 6560 
f 1418 5832 6559 6469 
f 6349 6396 6562 6468 
f 6561 5833 642 6467 
f 6562 6396 6351 6472 
f 1419 5833 6561 6471 
f 6482 6356 6398 6566 
f 6565 5886 1473 6481 
f 6566 6398 6323 6416 
f 6415 144 5886 6565 
f 6355 6397 6564 6480 
f 5884 1472 6479 6563 
f 6397 6340 6450 6564 
f 624 5884 6563 6449 
f 6339 6384 6538 6448 
f 4495 623 6447 6537 
f 6384 6355 6480 6538 
f 1472 4495 6537 6479 
f 6478 6354 6365 6500 
f 3305 1456 6477 6499 
f 6500 6365 6356 6482 
f 6481 1473 3305 6499 
f 6567 27 6571 6570 
f 27 6568 6572 6571 
f 6568 25 6573 6572 
f 6573 25 6569 6574 
f 6574 6569 23 6575 
f 6570 6571 6577 6576 
f 6571 6572 6578 6577 
f 6578 6572 6573 6579 
f 6579 6573 6574 6580 
f 6580 6574 6575 447 
f 6581 6576 6577 6582 
f 6582 6577 6578 6583 
f 6583 6578 6579 6584 
f 6579 6580 6585 6584 
f 6580 447 4183 6585 
f 4192 6581 6582 491 
f 491 6582 6583 6586 
f 6586 6583 6584 489 
f 6584 6585 4186 489 
f 6585 4183 487 4186 
f 2398 5266 6588 6587 
f 5267 2398 6587 6589 
f 2398 5267 6590 6706 
f 2399 5267 6589 6591 
f 5268 2399 6591 6592 
f 2399 5268 6593 6707 
f 2400 5268 6592 6594 
f 5269 2400 6594 6595 
f 2400 5269 6596 6708 
f 2401 5269 6595 6597 
f 5270 2401 6597 6598 
f 2401 5270 6599 6709 
f 2402 5270 6598 6600 
f 5271 2402 6600 6601 
f 2402 5271 6602 6710 
f 2403 5271 6601 6603 
f 5272 2403 6603 6604 
f 2403 5272 6605 6711 
f 2404 5272 6604 6606 
f 5273 2404 6606 6607 
f 2404 5273 6608 6712 
f 2405 5273 6607 6609 
f 5274 2405 6609 6610 
f 2405 5274 6611 6713 
f 2406 5274 6610 6612 
f 5275 2406 6612 6613 
f 2406 5275 6614 6714 
f 2407 5275 6613 6615 
f 5276 2407 6615 6616 
f 2407 5276 6617 6715 
f 2408 5276 6616 6618 
f 5277 2408 6618 6619 
f 2408 5277 6620 6716 
f 2409 5277 6619 6621 
f 5278 2409 6621 6622 
f 2409 5278 6623 6717 
f 6624 2410 5278 6622 
f 5279 2410 6624 6625 
f 2410 5279 6626 6718 
f 2411 5279 6625 6627 
f 5280 2411 6627 6628 
f 2411 5280 6629 6719 
f 2412 5280 6628 6630 
f 5281 2412 6630 6631 
f 2412 5281 6632 6720 
f 2413 5281 6631 6633 
f 5282 2413 6633 6634 
f 2413 5282 6635 6721 
f 2414 5282 6634 6636 
f 5283 2414 6636 6637 
f 2414 5283 6638 6722 
f 2415 5283 6637 6639 
f 6640 5284 2415 6639 
f 2415 5284 6641 6723 
f 6642 2416 5284 6640 
f 5285 2416 6642 6643 
f 2416 5285 6644 6724 
f 2417 5285 6643 6645 
f 5286 2417 6645 6646 
f 2417 5286 6647 6725 
f 2418 5286 6646 6648 
f 5287 2418 6648 6649 
f 2418 5287 6650 6726 
f 6651 2419 5288 6652 
f 6653 5289 2419 6651 
f 6728 2419 5289 6654 
f 6655 2420 5289 6653 
f 5290 2420 6655 6656 
f 2420 5290 6657 6729 
f 2421 5291 6659 6658 
f 5266 2421 6658 6588 
f 2421 5266 6705 6731 
f 2422 5292 6661 6660 
f 5291 2422 6660 6659 
f 2422 5291 6730 6733 
f 2423 5293 6663 6662 
f 5292 2423 6662 6661 
f 2423 5292 6732 6735 
f 2424 5294 6665 6664 
f 5293 2424 6664 6663 
f 2424 5293 6734 6737 
f 2425 5295 6667 6666 
f 5294 2425 6666 6665 
f 2425 5294 6736 6739 
f 2426 5296 6669 6668 
f 5295 2426 6668 6667 
f 2426 5295 6738 6741 
f 2427 5297 6671 6670 
f 5296 2427 6670 6669 
f 2427 5296 6740 6743 
f 2428 5298 6673 6672 
f 5297 2428 6672 6671 
f 2428 5297 6742 6745 
f 2429 5299 6675 6674 
f 5298 2429 6674 6673 
f 2429 5298 6744 6747 
f 2430 5300 6677 6676 
f 5299 2430 6676 6675 
f 2430 5299 6746 6749 
f 2431 5301 6679 6678 
f 5300 2431 6678 6677 
f 2431 5300 6748 6751 
f 2432 5302 6681 6680 
f 5301 2432 6680 6679 
f 2432 5301 6750 6753 
f 2433 5303 6683 6682 
f 5302 2433 6682 6681 
f 2433 5302 6752 6755 
f 2434 5304 6685 6684 
f 5303 2434 6684 6683 
f 2434 5303 6754 6757 
f 6686 2435 5305 6687 
f 6685 5304 2435 6686 
f 2435 5304 6756 6759 
f 6688 2436 5306 6689 
f 6687 5305 2436 6688 
f 2436 5305 6758 6761 
f 2437 5307 6691 6690 
f 5306 2437 6690 6689 
f 2437 5306 6760 6763 
f 2438 5308 6693 6692 
f 5307 2438 6692 6691 
f 2438 5307 6762 6765 
f 2439 5309 6695 6694 
f 5308 2439 6694 6693 
f 2439 5308 6764 6767 
f 6696 2440 5310 6697 
f 6695 5309 2440 6696 
f 2440 5309 6766 6769 
f 2441 5311 6699 6698 
f 5312 2441 6698 6700 
f 2441 5312 6701 6771 
f 2442 5313 6703 6702 
f 6697 5310 2442 6702 
f 2442 5310 6768 6773 
f 2443 5290 6656 6704 
f 5311 2443 6704 6699 
f 6774 2443 5311 6770 
f 5266 2398 6706 6705 
f 5267 2399 6707 6590 
f 5268 2400 6708 6593 
f 5269 2401 6709 6596 
f 5270 2402 6710 6599 
f 5271 2403 6711 6602 
f 5272 2404 6712 6605 
f 5273 2405 6713 6608 
f 5274 2406 6714 6611 
f 5275 2407 6715 6614 
f 5276 2408 6716 6617 
f 5277 2409 6717 6620 
f 5278 2410 6718 6623 
f 5279 2411 6719 6626 
f 5280 2412 6720 6629 
f 5281 2413 6721 6632 
f 5282 2414 6722 6635 
f 5283 2415 6723 6638 
f 5284 2416 6724 6641 
f 5285 2417 6725 6644 
f 5286 2418 6726 6647 
f 5288 2419 6728 6727 
f 6654 5289 2420 6729 
f 5291 2421 6731 6730 
f 5292 2422 6733 6732 
f 5293 2423 6735 6734 
f 5294 2424 6737 6736 
f 5295 2425 6739 6738 
f 5296 2426 6741 6740 
f 5297 2427 6743 6742 
f 5298 2428 6745 6744 
f 5299 2429 6747 6746 
f 5300 2430 6749 6748 
f 5301 2431 6751 6750 
f 5302 2432 6753 6752 
f 5303 2433 6755 6754 
f 5304 2434 6757 6756 
f 5305 2435 6759 6758 
f 5306 2436 6761 6760 
f 5307 2437 6763 6762 
f 5308 2438 6765 6764 
f 5309 2439 6767 6766 
f 5310 2440 6769 6768 
f 6770 5311 2441 6771 
f 5313 2442 6773 6772 
f 5290 2443 6774 6657 
f 2917 5288 6727 6775 
f 5287 2917 6775 6650 
f 2916 5312 6700 6776 
f 5313 2916 6776 6703 
f 2916 5313 6772 6777 
f 5312 2916 6777 6701 
f 6778 2917 5287 6649 
f 6652 5288 2917 6778 
f 3034 1030 3035 
f 4228 1381 4223 
f 6352 6375 6315 6357 6316 6358 6317 6359 6318 6360 6319 6361 6320 6362 6321 6363 6322 6364 6323 6398 6356 6365 6354 6366 6324 6367 6331 6374 6325 6368 6326 6369 6327 6370 6328 6371 6329 6372 6330 6373 6351 6396 6349 6392 6350 6395 6348 6391 6347 6390 6346 6389 6345 6388 6344 6387 6343 6393 6342 6386 6341 6385 6340 6397 6355 6384 6339 6383 6338 6382 6337 6381 6336 6380 6335 6379 6334 6378 6333 6377 6332 6376 6353 6394 
f 6124 6780 6779 6123 
f 6125 6781 6780 6124 
f 6126 6782 6781 6125 
f 6127 6783 6782 6126 
f 6128 6784 6783 6127 
f 6129 6785 6784 6128 
f 6130 6786 6785 6129 
f 6131 6787 6786 6130 
f 6132 6788 6787 6131 
f 6133 6789 6788 6132 
f 6134 6790 6789 6133 
f 6135 6791 6790 6134 
f 6136 6792 6791 6135 
f 6137 6793 6792 6136 
f 6138 6794 6793 6137 
f 6139 6795 6794 6138 
f 6140 6796 6795 6139 
f 6141 6797 6796 6140 
f 6142 6798 6797 6141 
f 6143 6799 6798 6142 
f 6144 6800 6799 6143 
f 6145 6801 6800 6144 
f 6146 6802 6801 6145 
f 6147 6803 6802 6146 
f 6148 6804 6803 6147 
f 6149 6805 6804 6148 
f 6150 6806 6805 6149 
f 6151 6807 6806 6150 
f 6152 6808 6807 6151 
f 6153 6809 6808 6152 
f 6154 6810 6809 6153 
f 6155 6811 6810 6154 
f 6156 6812 6811 6155 
f 6157 6813 6812 6156 
f 6158 6814 6813 6157 
f 6159 6815 6814 6158 
f 6160 6816 6815 6159 
f 6161 6817 6816 6160 
f 6162 6818 6817 6161 
f 6163 6819 6818 6162 
f 6164 6820 6819 6163 
f 6165 6821 6820 6164 
f 6166 6822 6821 6165 
f 6167 6823 6822 6166 
f 6168 6824 6823 6167 
f 6169 6825 6824 6168 
f 6170 6826 6825 6169 
f 6171 6827 6826 6170 
f 6172 6828 6827 6171 
f 6173 6829 6828 6172 
f 6174 6830 6829 6173 
f 6175 6831 6830 6174 
f 6176 6832 6831 6175 
f 6177 6833 6832 6176 
f 6178 6834 6833 6177 
f 6179 6835 6834 6178 
f 6180 6836 6835 6179 
f 6181 6837 6836 6180 
f 6182 6838 6837 6181 
f 6183 6839 6838 6182 
f 6184 6840 6839 6183 
f 6185 6841 6840 6184 
f 6186 6842 6841 6185 
f 6123 6779 6842 6186 
f 6908 6844 6843 6907 
f 6909 6845 6844 6908 
f 6909 6910 6846 6845 
f 6910 6911 6847 6846 
f 6911 6912 6848 6847 
f 6912 6913 6849 6848 
f 6913 6914 6850 6849 
f 6914 6915 6851 6850 
f 6915 6916 6852 6851 
f 6916 6917 6853 6852 
f 6917 6918 6854 6853 
f 6918 6919 6855 6854 
f 6919 6920 6856 6855 
f 6920 6921 6857 6856 
f 6921 6922 6858 6857 
f 6922 6923 6859 6858 
f 6924 6860 6859 6923 
f 6925 6861 6860 6924 
f 6926 6862 6861 6925 
f 6927 6863 6862 6926 
f 6928 6864 6863 6927 
f 6929 6865 6864 6928 
f 6930 6866 6865 6929 
f 6931 6867 6866 6930 
f 6932 6868 6867 6931 
f 6933 6869 6868 6932 
f 6934 6870 6869 6933 
f 6935 6871 6870 6934 
f 6936 6872 6871 6935 
f 6937 6873 6872 6936 
f 6938 6874 6873 6937 
f 6939 6875 6874 6938 
f 6940 6876 6875 6939 
f 6941 6877 6876 6940 
f 6941 6942 6878 6877 
f 6942 6943 6879 6878 
f 6943 6944 6880 6879 
f 6944 6945 6881 6880 
f 6945 6946 6882 6881 
f 6946 6947 6883 6882 
f 6947 6948 6884 6883 
f 6948 6949 6885 6884 
f 6949 6950 6886 6885 
f 6950 6951 6887 6886 
f 6951 6952 6888 6887 
f 6952 6953 6889 6888 
f 6953 6954 6890 6889 
f 6954 6955 6891 6890 
f 6955 6956 6892 6891 
f 6956 6957 6893 6892 
f 6957 6958 6894 6893 
f 6959 6895 6894 6958 
f 6960 6896 6895 6959 
f 6961 6897 6896 6960 
f 6962 6898 6897 6961 
f 6963 6899 6898 6962 
f 6964 6900 6899 6963 
f 6965 6901 6900 6964 
f 6966 6902 6901 6965 
f 6967 6903 6902 6966 
f 6968 6904 6903 6967 
f 6969 6905 6904 6968 
f 6970 6906 6905 6969 
f 6907 6843 6906 6970 
f 6780 6972 6971 6779 
f 6781 6973 6972 6780 
f 6974 6973 6781 6782 
f 6975 6974 6782 6783 
f 6976 6975 6783 6784 
f 6977 6976 6784 6785 
f 6978 6977 6785 6786 
f 6979 6978 6786 6787 
f 6980 6979 6787 6788 
f 6981 6980 6788 6789 
f 6982 6981 6789 6790 
f 6983 6982 6790 6791 
f 6984 6983 6791 6792 
f 6985 6984 6792 6793 
f 6986 6985 6793 6794 
f 6987 6986 6794 6795 
f 6988 6987 6795 6796 
f 6797 6989 6988 6796 
f 6798 6990 6989 6797 
f 6799 6991 6990 6798 
f 6800 6992 6991 6799 
f 6801 6993 6992 6800 
f 6802 6994 6993 6801 
f 6803 6995 6994 6802 
f 6804 6996 6995 6803 
f 6805 6997 6996 6804 
f 6806 6998 6997 6805 
f 6807 6999 6998 6806 
f 6808 7000 6999 6807 
f 6809 7001 7000 6808 
f 6810 7002 7001 6809 
f 6811 7003 7002 6810 
f 7004 7003 6811 6812 
f 7005 7004 6812 6813 
f 7006 7005 6813 6814 
f 7007 7006 6814 6815 
f 7008 7007 6815 6816 
f 7009 7008 6816 6817 
f 7010 7009 6817 6818 
f 7011 7010 6818 6819 
f 7012 7011 6819 6820 
f 7013 7012 6820 6821 
f 7014 7013 6821 6822 
f 7015 7014 6822 6823 
f 7016 7015 6823 6824 
f 7017 7016 6824 6825 
f 7018 7017 6825 6826 
f 7019 7018 6826 6827 
f 7020 7019 6827 6828 
f 7021 7020 6828 6829 
f 7022 7021 6829 6830 
f 7023 7022 6830 6831 
f 6832 7024 7023 6831 
f 6833 7025 7024 6832 
f 6834 7026 7025 6833 
f 6835 7027 7026 6834 
f 6836 7028 7027 6835 
f 6837 7029 7028 6836 
f 6838 7030 7029 6837 
f 6839 7031 7030 6838 
f 6840 7032 7031 6839 
f 6841 7033 7032 6840 
f 6842 7034 7033 6841 
f 6779 6971 7034 6842 
f 6972 6908 6907 6971 
f 6973 6909 6908 6972 
f 6910 6909 6973 6974 
f 6911 6910 6974 6975 
f 6912 6911 6975 6976 
f 6913 6912 6976 6977 
f 6914 6913 6977 6978 
f 6915 6914 6978 6979 
f 6916 6915 6979 6980 
f 6917 6916 6980 6981 
f 6918 6917 6981 6982 
f 6919 6918 6982 6983 
f 6920 6919 6983 6984 
f 6921 6920 6984 6985 
f 6922 6921 6985 6986 
f 6923 6922 6986 6987 
f 6924 6923 6987 6988 
f 6989 6925 6924 6988 
f 6990 6926 6925 6989 
f 6991 6927 6926 6990 
f 6992 6928 6927 6991 
f 6993 6929 6928 6992 
f 6994 6930 6929 6993 
f 6995 6931 6930 6994 
f 6996 6932 6931 6995 
f 6997 6933 6932 6996 
f 6998 6934 6933 6997 
f 6999 6935 6934 6998 
f 7000 6936 6935 6999 
f 7001 6937 6936 7000 
f 7002 6938 6937 7001 
f 7003 6939 6938 7002 
f 7004 6940 6939 7003 
f 6941 6940 7004 7005 
f 6942 6941 7005 7006 
f 6943 6942 7006 7007 
f 6944 6943 7007 7008 
f 6945 6944 7008 7009 
f 6946 6945 7009 7010 
f 6947 6946 7010 7011 
f 6948 6947 7011 7012 
f 6949 6948 7012 7013 
f 6950 6949 7013 7014 
f 6951 6950 7014 7015 
f 6952 6951 7015 7016 
f 6953 6952 7016 7017 
f 6954 6953 7017 7018 
f 6955 6954 7018 7019 
f 6956 6955 7019 7020 
f 6957 6956 7020 7021 
f 6958 6957 7021 7022 
f 7023 6959 6958 7022 
f 7024 6960 6959 7023 
f 7025 6961 6960 7024 
f 7026 6962 6961 7025 
f 7027 6963 6962 7026 
f 7028 6964 6963 7027 
f 7029 6965 6964 7028 
f 7030 6966 6965 7029 
f 7031 6967 6966 7030 
f 7032 6968 6967 7031 
f 7033 6969 6968 7032 
f 7034 6970 6969 7033 
f 6971 6907 6970 7034 
f 6124 6123 7036 7038 
f 6059 6060 7037 7035 
f 6125 6124 7038 7040 
f 6060 6061 7039 7037 
f 6126 6125 7040 7042 
f 6061 6062 7041 7039 
f 6127 6126 7042 7044 
f 6062 6063 7043 7041 
f 6128 6127 7044 7046 
f 6063 6064 7045 7043 
f 6129 6128 7046 7048 
f 6064 6065 7047 7045 
f 6130 6129 7048 7050 
f 6065 6066 7049 7047 
f 6131 6130 7050 7052 
f 6066 6067 7051 7049 
f 6132 6131 7052 7054 
f 6067 6068 7053 7051 
f 6133 6132 7054 7056 
f 6068 6069 7055 7053 
f 6134 6133 7056 7058 
f 6069 6070 7057 7055 
f 6135 6134 7058 7060 
f 6070 6071 7059 7057 
f 6136 6135 7060 7062 
f 6071 6072 7061 7059 
f 6137 6136 7062 7064 
f 6072 6073 7063 7061 
f 6138 6137 7064 7066 
f 6073 6074 7065 7063 
f 6139 6138 7066 7068 
f 6074 6075 7067 7065 
f 6140 6139 7068 7070 
f 6075 6076 7069 7067 
f 6141 6140 7070 7072 
f 6076 6077 7071 7069 
f 6142 6141 7072 7074 
f 6077 6078 7073 7071 
f 6143 6142 7074 7076 
f 6078 6079 7075 7073 
f 6144 6143 7076 7078 
f 6079 6080 7077 7075 
f 6145 6144 7078 7080 
f 6080 6081 7079 7077 
f 6146 6145 7080 7082 
f 6081 6082 7081 7079 
f 6147 6146 7082 7084 
f 6082 6083 7083 7081 
f 6148 6147 7084 7086 
f 6083 6084 7085 7083 
f 6149 6148 7086 7088 
f 6084 6085 7087 7085 
f 6150 6149 7088 7090 
f 6085 6086 7089 7087 
f 6151 6150 7090 7092 
f 6086 6087 7091 7089 
f 6152 6151 7092 7094 
f 6087 6088 7093 7091 
f 6153 6152 7094 7096 
f 6088 6089 7095 7093 
f 6154 6153 7096 7098 
f 6089 6090 7097 7095 
f 6155 6154 7098 7100 
f 6090 6091 7099 7097 
f 6156 6155 7100 7102 
f 6091 6092 7101 7099 
f 6157 6156 7102 7104 
f 6092 6093 7103 7101 
f 6158 6157 7104 7106 
f 6093 6094 7105 7103 
f 6159 6158 7106 7108 
f 6094 6095 7107 7105 
f 6160 6159 7108 7110 
f 6095 6096 7109 7107 
f 6161 6160 7110 7112 
f 6096 6097 7111 7109 
f 6162 6161 7112 7114 
f 6097 6098 7113 7111 
f 6163 6162 7114 7116 
f 6098 6099 7115 7113 
f 6164 6163 7116 7118 
f 6099 6100 7117 7115 
f 6165 6164 7118 7120 
f 6100 6101 7119 7117 
f 6166 6165 7120 7122 
f 6101 6102 7121 7119 
f 6167 6166 7122 7124 
f 6102 6103 7123 7121 
f 6168 6167 7124 7126 
f 6103 6104 7125 7123 
f 6169 6168 7126 7128 
f 6104 6105 7127 7125 
f 6170 6169 7128 7130 
f 6105 6106 7129 7127 
f 6171 6170 7130 7132 
f 6106 6107 7131 7129 
f 6172 6171 7132 7134 
f 6107 6108 7133 7131 
f 6173 6172 7134 7136 
f 6108 6109 7135 7133 
f 6174 6173 7136 7138 
f 6109 6110 7137 7135 
f 6175 6174 7138 7140 
f 6110 6111 7139 7137 
f 6176 6175 7140 7142 
f 6111 6112 7141 7139 
f 6177 6176 7142 7144 
f 6112 6113 7143 7141 
f 6178 6177 7144 7146 
f 6113 6114 7145 7143 
f 6179 6178 7146 7148 
f 6114 6115 7147 7145 
f 6180 6179 7148 7150 
f 6115 6116 7149 7147 
f 6181 6180 7150 7152 
f 6116 6117 7151 7149 
f 6182 6181 7152 7154 
f 6117 6118 7153 7151 
f 6183 6182 7154 7156 
f 6118 6119 7155 7153 
f 6184 6183 7156 7158 
f 6119 6120 7157 7155 
f 6185 6184 7158 7160 
f 6120 6121 7159 7157 
f 6186 6185 7160 7162 
f 6121 6122 7161 7159 
f 6123 6186 7162 7036 
f 6122 6059 7035 7161 
f 8730 9256 7505 7163 
f 7164 7506 9256 8730 
f 7164 8731 9257 7506 
f 7165 7507 9257 8731 
f 8732 9258 7507 7165 
f 7166 7508 9258 8732 
f 8733 9259 7508 7166 
f 7167 7509 9259 8733 
f 8734 9260 7509 7167 
f 7168 7510 9260 8734 
f 8735 9261 7510 7168 
f 7169 7511 9261 8735 
f 8736 9262 7511 7169 
f 8736 7170 7512 9262 
f 7170 8737 9263 7512 
f 8737 7171 7513 9263 
f 7171 8738 9264 7513 
f 8738 7172 7514 9264 
f 7172 8739 9265 7514 
f 8739 7173 7515 9265 
f 7173 8740 9266 7515 
f 8740 7174 7516 9266 
f 7174 8741 9267 7516 
f 7175 7517 9267 8741 
f 8180 8768 7189 8755 
f 8794 8180 8755 7202 
f 8180 8794 7629 9373 
f 8768 8180 9373 7590 
f 8181 8769 7190 8756 
f 8795 8181 8756 7203 
f 8181 8795 7202 8755 
f 8769 8181 8755 7189 
f 8182 8770 7191 8757 
f 8796 8182 8757 7204 
f 8182 8796 7203 8756 
f 8770 8182 8756 7190 
f 8183 8771 7192 8758 
f 8797 8183 8758 7205 
f 8183 8797 7204 8757 
f 8771 8183 8757 7191 
f 8184 8772 7193 8759 
f 8798 8184 8759 7206 
f 8184 8798 7205 8758 
f 8772 8184 8758 7192 
f 8185 8773 7194 8760 
f 8799 8185 8760 7207 
f 8185 8799 7206 8759 
f 8773 8185 8759 7193 
f 8186 8774 7195 8761 
f 8800 8186 8761 7208 
f 8186 8800 7207 8760 
f 8774 8186 8760 7194 
f 8775 7196 8762 8187 
f 8187 8762 7209 8801 
f 8801 7208 8761 8187 
f 8187 8761 7195 8775 
f 8776 7197 8763 8188 
f 8188 8763 7210 8802 
f 8802 7209 8762 8188 
f 8188 8762 7196 8776 
f 8777 7198 8764 8189 
f 8189 8764 7211 8803 
f 8803 7210 8763 8189 
f 8189 8763 7197 8777 
f 8778 7199 8765 8190 
f 8190 8765 7212 8804 
f 8804 7211 8764 8190 
f 8190 8764 7198 8778 
f 8779 7200 8766 8191 
f 8191 8766 7213 8805 
f 8805 7212 8765 8191 
f 8191 8765 7199 8779 
f 8780 7201 8767 8192 
f 8192 8767 7214 8806 
f 8806 7213 8766 8192 
f 8192 8766 7200 8780 
f 8193 8794 7202 8781 
f 8742 8193 8781 7176 
f 8742 7589 9450 8193 
f 8794 8193 9450 7629 
f 8194 8795 7203 8782 
f 8743 8194 8782 7177 
f 8194 8743 7176 8781 
f 8795 8194 8781 7202 
f 8195 8796 7204 8783 
f 8744 8195 8783 7178 
f 8195 8744 7177 8782 
f 8796 8195 8782 7203 
f 8196 8797 7205 8784 
f 8745 8196 8784 7179 
f 8196 8745 7178 8783 
f 8797 8196 8783 7204 
f 8197 8798 7206 8785 
f 8746 8197 8785 7180 
f 8197 8746 7179 8784 
f 8798 8197 8784 7205 
f 8198 8799 7207 8786 
f 8747 8198 8786 7181 
f 8198 8747 7180 8785 
f 8799 8198 8785 7206 
f 8199 8800 7208 8787 
f 8748 8199 8787 7182 
f 8199 8748 7181 8786 
f 8800 8199 8786 7207 
f 8801 7209 8788 8200 
f 8200 8788 7183 8749 
f 8749 7182 8787 8200 
f 8200 8787 7208 8801 
f 8802 7210 8789 8201 
f 8201 8789 7184 8750 
f 8750 7183 8788 8201 
f 8201 8788 7209 8802 
f 8803 7211 8790 8202 
f 8202 8790 7185 8751 
f 8751 7184 8789 8202 
f 8202 8789 7210 8803 
f 8804 7212 8791 8203 
f 8203 8791 7186 8752 
f 8752 7185 8790 8203 
f 8203 8790 7211 8804 
f 8805 7213 8792 8204 
f 8204 8792 7187 8753 
f 8753 7186 8791 8204 
f 8204 8791 7212 8805 
f 8806 7214 8793 8205 
f 8205 8793 7188 8754 
f 8754 7187 8792 8205 
f 8205 8792 7213 8806 
f 7215 7518 9268 8807 
f 8807 9268 7599 7669 
f 7519 9269 8808 7216 
f 7518 7215 8808 9269 
f 7520 9270 8809 7217 
f 7216 8809 9270 7519 
f 7218 7521 9271 8810 
f 7520 7217 8810 9271 
f 7219 7522 9272 8811 
f 7521 7218 8811 9272 
f 7220 7523 9273 8812 
f 7522 7219 8812 9273 
f 7221 7524 9274 8813 
f 7523 7220 8813 9274 
f 7525 9275 8814 7222 
f 7524 7221 8814 9275 
f 7526 9276 8815 7223 
f 7222 8815 9276 7525 
f 7527 9277 8816 7224 
f 7223 8816 9277 7526 
f 7528 9278 8817 7225 
f 7224 8817 9278 7527 
f 7529 9279 8818 7226 
f 7225 8818 9279 7528 
f 7530 9280 8819 7227 
f 7226 8819 9280 7529 
f 8821 7166 8732 8206 
f 8820 8206 8732 7165 
f 8206 8820 7436 9131 
f 8206 9131 7437 8821 
f 8822 7167 8733 8207 
f 8207 8733 7166 8821 
f 8821 7437 9132 8207 
f 8207 9132 7438 8822 
f 8823 7168 8734 8208 
f 8208 8734 7167 8822 
f 8822 7438 9133 8208 
f 8208 9133 7439 8823 
f 8824 7169 8735 8209 
f 8209 8735 7168 8823 
f 8823 7439 9134 8209 
f 8209 9134 7440 8824 
f 8825 7170 8736 8210 
f 8210 8736 7169 8824 
f 8824 7440 9135 8210 
f 8210 9135 7441 8825 
f 8211 8826 7171 8737 
f 8825 8211 8737 7170 
f 8825 7441 9136 8211 
f 8211 9136 7442 8826 
f 8212 8827 7172 8738 
f 8826 8212 8738 7171 
f 8826 7442 9137 8212 
f 8212 9137 7443 8827 
f 8213 8828 7173 8739 
f 8827 8213 8739 7172 
f 8213 8827 7443 9138 
f 8828 8213 9138 7444 
f 8214 8829 7174 8740 
f 8828 8214 8740 7173 
f 8214 8828 7444 9139 
f 8829 8214 9139 7445 
f 8215 8830 7175 8741 
f 8829 8215 8741 7174 
f 8215 8829 7445 9140 
f 8830 8215 9140 7446 
f 8831 7176 8743 8216 
f 8216 8743 7177 8832 
f 8832 7448 9142 8216 
f 8216 9142 7447 8831 
f 8832 7177 8744 8217 
f 8217 8744 7178 8833 
f 8833 7449 9143 8217 
f 8217 9143 7448 8832 
f 8833 7178 8745 8218 
f 8218 8745 7179 8834 
f 8834 7450 9144 8218 
f 8218 9144 7449 8833 
f 8834 7179 8746 8219 
f 8219 8746 7180 8835 
f 8835 7451 9145 8219 
f 8219 9145 7450 8834 
f 8835 7180 8747 8220 
f 8220 8747 7181 8836 
f 8836 7452 9146 8220 
f 8220 9146 7451 8835 
f 8836 7181 8748 8221 
f 8221 8748 7182 8837 
f 8837 7453 9147 8221 
f 8221 9147 7452 8836 
f 8222 8837 7182 8749 
f 8838 8222 8749 7183 
f 8838 7454 9148 8222 
f 8222 9148 7453 8837 
f 8223 8838 7183 8750 
f 8839 8223 8750 7184 
f 8839 7455 9149 8223 
f 8223 9149 7454 8838 
f 8224 8839 7184 8751 
f 8840 8224 8751 7185 
f 8840 7456 9150 8224 
f 8224 9150 7455 8839 
f 8225 8840 7185 8752 
f 8841 8225 8752 7186 
f 8225 8841 7457 9151 
f 8225 9151 7456 8840 
f 8226 8841 7186 8753 
f 8842 8226 8753 7187 
f 8226 8842 7458 9152 
f 8841 8226 9152 7457 
f 8227 8842 7187 8754 
f 8843 8227 8754 7188 
f 8843 7459 9153 8227 
f 8842 8227 9153 7458 
f 7227 7517 9281 8846 
f 7462 8846 9281 7554 
f 8845 7214 8767 8228 
f 8228 8767 7201 8844 
f 8844 7460 9154 8228 
f 8228 9154 7461 8845 
f 8843 7188 8793 8229 
f 8229 8793 7214 8845 
f 8845 7461 9155 8229 
f 8229 9155 7459 8843 
f 7530 9282 8844 7201 
f 7460 8844 9282 7555 
f 8855 8988 7333 7237 
f 7236 7332 8988 8855 
f 7255 7332 8989 8873 
f 8873 8989 7334 7257 
f 7257 7334 8990 8874 
f 8874 8990 7335 7258 
f 7258 7335 8991 8875 
f 8875 8991 7336 7259 
f 7259 7336 8992 8876 
f 8876 8992 7337 7260 
f 7260 7337 8993 8877 
f 8877 8993 7338 7261 
f 7338 8994 8878 7261 
f 7262 8878 8994 7339 
f 7339 8995 8879 7262 
f 8879 8995 7340 7263 
f 7340 8996 8880 7263 
f 8880 8996 7341 7264 
f 7342 8997 8881 7265 
f 7256 8881 8997 7333 
f 7537 7533 7266 7343 
f 7538 7534 7267 7344 
f 7268 7345 8998 8882 
f 7344 7267 8882 8998 
f 7269 7346 8999 8883 
f 7345 7268 8883 8999 
f 7270 7347 9000 8884 
f 7346 7269 8884 9000 
f 7271 7348 9001 8885 
f 7347 7270 8885 9001 
f 7349 9002 8886 7272 
f 7271 8886 9002 7348 
f 7350 9003 8887 7273 
f 7272 8887 9003 7349 
f 7351 9004 8888 7274 
f 7273 8888 9004 7350 
f 7352 9005 8889 7275 
f 7274 8889 9005 7351 
f 7276 7353 9006 8890 
f 7275 8890 9006 7352 
f 7354 9007 8891 7277 
f 7276 8891 9007 7353 
f 7355 9008 8892 7278 
f 7277 8892 9008 7354 
f 7356 9009 8893 7279 
f 7278 8893 9009 7355 
f 7357 9010 8894 7280 
f 7279 8894 9010 7356 
f 7358 9011 8895 7281 
f 7280 8895 9011 7357 
f 8897 7163 9355 8230 
f 8230 9355 7783 9375 
f 9375 7592 9357 8230 
f 8230 9357 7287 8897 
f 8898 7164 8730 8231 
f 8231 8730 7163 8897 
f 8897 7287 8910 8231 
f 8231 8910 7288 8898 
f 8899 7165 8731 8232 
f 8232 8731 7164 8898 
f 8898 7288 8911 8232 
f 8232 8911 7289 8899 
f 7436 9156 8900 7228 
f 7290 8900 9156 7464 
f 7341 9012 8909 7264 
f 7291 8909 9012 7360 
f 8910 7287 8905 8233 
f 8233 8905 7282 8902 
f 8902 7283 8906 8233 
f 8233 8906 7288 8910 
f 8911 7288 8906 8234 
f 8234 8906 7283 8903 
f 8234 8903 7284 8907 
f 8911 8234 8907 7289 
f 8235 8912 7289 8907 
f 8904 8235 8907 7284 
f 8235 8904 7463 9157 
f 8912 8235 9157 7464 
f 7290 8908 9013 7360 
f 8908 7285 7359 9013 
f 8236 8913 7282 9356 
f 8236 9356 7591 9377 
f 9377 7597 9367 8236 
f 8913 8236 9367 7465 
f 8237 8914 7283 8902 
f 8913 8237 8902 7282 
f 8913 7465 9158 8237 
f 8237 9158 7466 8914 
f 9129 7284 8903 8238 
f 8914 8238 8903 7283 
f 8914 7466 9159 8238 
f 8238 9159 7467 9129 
f 7468 9160 9302 7295 
f 9302 9160 7562 7558 
f 8174 8919 9312 7361 
f 8919 7564 7566 9312 
f 7361 9015 9303 8174 
f 7559 9303 9015 7561 
f 7362 9016 8921 8175 
f 7297 8921 9016 7363 
f 7295 8917 9313 7468 
f 8917 7563 7567 9313 
f 8239 9304 7298 8922 
f 10260 8239 8922 7296 
f 8239 10260 8176 9307 
f 9304 8239 9307 7577 
f 9371 9359 7299 7292 
f 7819 7594 9359 9371 
f 9330 8925 7300 7293 
f 7292 7299 8925 9330 
f 9311 7572 9335 8240 
f 9331 8240 9335 7560 
f 8240 9331 7571 7500 8926 
f 8926 7501 9317 8240 
f 8240 9317 7565 9311 
f 8929 7256 8872 8241 
f 8241 8872 7255 8928 
f 8320 8241 8928 9162 
f 9163 8929 8241 8320 
f 8928 7255 8873 8242 
f 8242 8873 7257 8930 
f 8321 8242 8930 9164 
f 9162 8928 8242 8321 
f 8930 7257 8874 8243 
f 8243 8874 7258 8931 
f 8322 8243 8931 9165 
f 9164 8930 8243 8322 
f 8931 7258 8875 8244 
f 8244 8875 7259 8932 
f 8323 8244 8932 9166 
f 9165 8931 8244 8323 
f 8932 7259 8876 8245 
f 8245 8876 7260 8933 
f 8324 8245 8933 9167 
f 9166 8932 8245 8324 
f 8933 7260 8877 8246 
f 8246 8877 7261 8934 
f 8325 8246 8934 9168 
f 9167 8933 8246 8325 
f 8934 7261 8878 8247 
f 8247 8878 7262 8935 
f 8326 8247 8935 9169 
f 9168 8934 8247 8326 
f 8935 7262 8879 8248 
f 8248 8879 7263 8936 
f 8327 8248 8936 9170 
f 9169 8935 8248 8327 
f 8936 7263 8880 8249 
f 8249 8880 7264 8937 
f 8328 8249 8937 9171 
f 9170 8936 8249 8328 
f 8938 7265 8881 8250 
f 8250 8881 7256 8929 
f 8329 8250 8929 9163 
f 9172 8938 8250 8329 
f 7533 9283 8939 7266 
f 8939 9283 9298 9173 
f 7534 9284 8940 7267 
f 8940 9284 9299 9174 
f 8941 7268 8882 8251 
f 8251 8882 7267 8940 
f 9174 8330 8251 8940 
f 8330 9175 8941 8251 
f 8942 7269 8883 8252 
f 8252 8883 7268 8941 
f 9175 8331 8252 8941 
f 8331 9176 8942 8252 
f 8943 7270 8884 8253 
f 8253 8884 7269 8942 
f 9176 8332 8253 8942 
f 8332 9177 8943 8253 
f 8944 7271 8885 8254 
f 8254 8885 7270 8943 
f 9177 8333 8254 8943 
f 8333 9178 8944 8254 
f 8945 7272 8886 8255 
f 8255 8886 7271 8944 
f 9178 8334 8255 8944 
f 8334 9179 8945 8255 
f 8946 7273 8887 8256 
f 8256 8887 7272 8945 
f 9179 8335 8256 8945 
f 9180 8946 8256 8335 
f 8947 7274 8888 8257 
f 8257 8888 7273 8946 
f 8336 8257 8946 9180 
f 9181 8947 8257 8336 
f 8948 7275 8889 8258 
f 8258 8889 7274 8947 
f 8337 8258 8947 9181 
f 9182 8948 8258 8337 
f 8949 7276 8890 8259 
f 8259 8890 7275 8948 
f 8338 8259 8948 9182 
f 9183 8949 8259 8338 
f 8260 8950 7277 8891 
f 8260 8891 7276 8949 
f 9183 8339 8260 8949 
f 8339 9184 8950 8260 
f 8261 8951 7278 8892 
f 8950 8261 8892 7277 
f 9184 8340 8261 8950 
f 8340 9185 8951 8261 
f 8262 8952 7279 8893 
f 8951 8262 8893 7278 
f 9185 8341 8262 8951 
f 8341 9186 8952 8262 
f 8263 8953 7280 8894 
f 8952 8263 8894 7279 
f 9186 8342 8263 8952 
f 8342 9187 8953 8263 
f 8954 7281 8895 8264 
f 8264 8895 7280 8953 
f 8343 8264 8953 9187 
f 9188 8954 8264 8343 
f 8956 7291 8901 8265 
f 8265 8901 7286 8955 
f 8345 8265 8955 9189 
f 8345 9190 8956 8265 
f 8937 7264 8909 8266 
f 8266 8909 7291 8956 
f 9190 8346 8266 8956 
f 8346 9171 8937 8266 
f 8984 7299 9359 8267 
f 8267 9359 7594 9378 
f 9378 7830 9362 8267 
f 8267 9362 7365 8984 
f 9223 7300 8925 8268 
f 8268 8925 7299 8984 
f 8984 7365 9017 8268 
f 8268 9017 7364 9223 
f 7332 7255 8872 8988 
f 7333 8988 8872 7256 
f 7332 7236 8854 8989 
f 8989 8854 7235 7334 
f 7334 7235 8853 8990 
f 8990 8853 7234 7335 
f 7335 7234 8852 8991 
f 8991 8852 7233 7336 
f 7233 8851 8992 7336 
f 8992 8851 7232 7337 
f 7232 8850 8993 7337 
f 7338 8993 8850 7231 
f 7231 8849 8994 7338 
f 7339 8994 8849 7230 
f 7230 8848 8995 7339 
f 7340 8995 8848 7229 
f 7229 8847 8996 7340 
f 7341 8996 8847 7228 
f 7238 8856 8997 7342 
f 7333 8997 8856 7237 
f 7531 7537 7343 7254 
f 7532 7538 7344 7252 
f 7345 7253 8870 8998 
f 7252 7344 8998 8870 
f 7251 8871 8999 7346 
f 7253 7345 8999 8871 
f 7250 8869 9000 7347 
f 7346 9000 8869 7251 
f 7249 8868 9001 7348 
f 7250 7347 9001 8868 
f 7248 8867 9002 7349 
f 7348 9002 8867 7249 
f 7350 7247 8866 9003 
f 7349 9003 8866 7248 
f 7351 7246 8865 9004 
f 7247 7350 9004 8865 
f 7245 8864 9005 7352 
f 7351 9005 8864 7246 
f 7353 7244 8863 9006 
f 7352 9006 8863 7245 
f 7243 8862 9007 7354 
f 7244 7353 9007 8862 
f 7242 8861 9008 7355 
f 7354 9008 8861 7243 
f 7241 8860 9009 7356 
f 7355 9009 8860 7242 
f 7240 8859 9010 7357 
f 7356 9010 8859 7241 
f 7239 8858 9011 7358 
f 7357 9011 8858 7240 
f 7228 8900 9012 7341 
f 7360 9012 8900 7290 
f 7359 7286 8901 9013 
f 7291 7360 9013 8901 
f 7285 9309 9014 7359 
f 7566 9014 9309 7563 
f 7295 9302 9015 7361 
f 7561 9015 9302 7558 
f 7294 8916 9016 7362 
f 7363 9016 8916 7570 
f 9017 7365 8987 8269 
f 8269 8987 7331 8985 
f 8985 7502 9224 8269 
f 8269 9224 7364 9017 
f 9018 7471 9368 8270 
f 8270 9368 7864 9719 
f 8270 9719 7865 9363 
f 8270 9363 7366 9018 
f 8271 9019 7366 9363 
f 9722 8271 9363 7865 
f 8271 9722 7867 9364 
f 9019 8271 9364 7367 
f 8272 9020 7367 9364 
f 8272 9364 7867 9725 
f 9725 7596 9365 8272 
f 8272 9365 7368 9020 
f 9021 7368 9365 8273 
f 8273 9365 7596 9379 
f 9379 7870 9366 8273 
f 8273 9366 7472 9021 
f 9369 8981 7328 7369 
f 7873 7595 8981 9369 
f 7369 7328 8980 9022 
f 7370 9022 8980 7327 
f 7327 8979 9023 7370 
f 7371 9023 8979 7326 
f 7326 8978 9024 7371 
f 7372 9024 8978 7325 
f 7325 8977 9025 7372 
f 7373 9025 8977 7324 
f 7324 8976 9026 7373 
f 7374 9026 8976 7323 
f 7323 8975 9027 7374 
f 7375 9027 8975 7322 
f 7322 8974 9028 7375 
f 9028 8974 7321 7376 
f 7321 8973 9029 7376 
f 7377 9029 8973 7320 
f 7320 8972 9030 7377 
f 7378 9030 8972 7319 
f 7319 8971 9031 7378 
f 9031 8971 7318 7379 
f 7318 8970 9032 7379 
f 7380 9032 8970 7317 
f 7317 8969 9033 7380 
f 7381 9033 8969 7316 
f 7316 8968 9034 7381 
f 7382 9034 8968 7315 
f 7315 8967 9035 7382 
f 7383 9035 8967 7314 
f 7314 7536 7539 7383 
f 7313 7535 7540 7384 
f 7385 7312 8966 9036 
f 9036 8966 7303 7386 
f 7386 7303 8957 9037 
f 9037 8957 7302 7387 
f 7387 7302 8958 9038 
f 9038 8958 7304 7388 
f 7388 7304 8959 9039 
f 9039 8959 7305 7389 
f 7305 8960 9040 7389 
f 7390 9040 8960 7306 
f 7306 8961 9041 7390 
f 7391 9041 8961 7307 
f 7307 8962 9042 7391 
f 7392 9042 8962 7308 
f 7308 8963 9043 7392 
f 7393 9043 8963 7309 
f 7309 8964 9044 7393 
f 7394 9044 8964 7310 
f 7310 8965 9045 7394 
f 7395 9045 8965 7311 
f 7311 8983 9046 7395 
f 7499 9046 8983 7330 
f 9048 7330 8982 8274 
f 8274 8982 7329 9047 
f 8274 9047 7301 9333 
f 9048 8274 9333 7575 
f 8919 8174 10255 8275 
f 10265 8729 8275 10255 
f 8729 9315 10253 8275 
f 8275 10253 7564 8919 
f 9050 7397 9049 8276 
f 8276 9049 7368 9021 
f 9021 7472 9195 8276 
f 8276 9195 7473 9050 
f 8277 9052 7397 9050 
f 8277 9050 7473 9196 
f 9196 7474 9051 8277 
f 9052 8277 9051 7398 
f 8278 9054 7398 9051 
f 8278 9051 7474 9197 
f 9197 7475 9053 8278 
f 9054 8278 9053 7399 
f 8279 9056 7399 9053 
f 8279 9053 7475 9198 
f 9198 7476 9055 8279 
f 9056 8279 9055 7400 
f 9058 7400 9055 8280 
f 8280 9055 7476 9199 
f 9199 7477 9057 8280 
f 8280 9057 7401 9058 
f 9060 7401 9057 8281 
f 8281 9057 7477 9200 
f 9200 7478 9059 8281 
f 8281 9059 7402 9060 
f 9062 7402 9059 8282 
f 8282 9059 7478 9201 
f 8282 9201 7479 9061 
f 9062 8282 9061 7403 
f 8283 9064 7403 9061 
f 9202 8283 9061 7479 
f 8283 9202 7480 9063 
f 9064 8283 9063 7404 
f 8284 9066 7404 9063 
f 9203 8284 9063 7480 
f 9203 7481 9065 8284 
f 9066 8284 9065 7405 
f 9068 7405 9065 8285 
f 8285 9065 7481 9204 
f 9204 7482 9067 8285 
f 8285 9067 7406 9068 
f 9070 7406 9067 8286 
f 8286 9067 7482 9205 
f 9205 7483 9069 8286 
f 8286 9069 7407 9070 
f 8287 9072 7407 9069 
f 8287 9069 7483 9206 
f 9206 7484 9071 8287 
f 8287 9071 7408 9072 
f 8288 9074 7408 9071 
f 8288 9071 7484 9207 
f 9207 7485 9073 8288 
f 8288 9073 7409 9074 
f 9076 7409 9073 8289 
f 8289 9073 7485 9208 
f 9208 7486 9075 8289 
f 8289 9075 7410 9076 
f 9075 9285 7541 7410 
f 7486 7556 9285 9075 
f 7411 9077 9286 7542 
f 9077 7487 7557 9286 
f 8290 9080 7412 9078 
f 9209 8290 9078 7488 
f 8290 9209 7489 9079 
f 9080 8290 9079 7413 
f 8291 9082 7413 9079 
f 9210 8291 9079 7489 
f 8291 9210 7490 9081 
f 9082 8291 9081 7414 
f 8292 9084 7414 9081 
f 8292 9081 7490 9211 
f 9211 7491 9083 8292 
f 9084 8292 9083 7415 
f 8293 9086 7415 9083 
f 8293 9083 7491 9212 
f 8293 9212 7492 9085 
f 9086 8293 9085 7416 
f 8294 9088 7416 9085 
f 9213 8294 9085 7492 
f 8294 9213 7493 9087 
f 9088 8294 9087 7417 
f 8295 9090 7417 9087 
f 9214 8295 9087 7493 
f 8295 9214 7494 9089 
f 9090 8295 9089 7418 
f 9092 7418 9089 8296 
f 8296 9089 7494 9215 
f 9215 7495 9091 8296 
f 8296 9091 7419 9092 
f 9094 7419 9091 8297 
f 8297 9091 7495 9216 
f 9216 7496 9093 8297 
f 9094 8297 9093 7420 
f 8298 9096 7420 9093 
f 9217 8298 9093 7496 
f 8298 9217 7497 9095 
f 9096 8298 9095 7421 
f 8299 9098 7421 9095 
f 9218 8299 9095 7497 
f 8299 9218 7498 9097 
f 9098 8299 9097 7422 
f 8300 9100 7422 9097 
f 9219 8300 9097 7498 
f 8300 9219 7396 9099 
f 8300 9099 7423 9100 
f 9098 9287 7547 7421 
f 9098 7422 7543 9287 
f 9096 9288 7548 7420 
f 7421 7547 9288 9096 
f 7418 9092 9289 7549 
f 9092 7419 7544 9289 
f 9090 9290 7550 7417 
f 9090 7418 7549 9290 
f 9088 9291 7551 7416 
f 7417 7550 9291 9088 
f 9084 9292 7552 7414 
f 7415 7545 9292 9084 
f 8301 9056 7400 9058 
f 9109 8301 9058 7401 
f 9109 7427 9117 8301 
f 8301 9117 7426 9102 
f 9102 7399 9056 8301 
f 8302 9066 7405 9068 
f 9110 8302 9068 7406 
f 9110 7431 9118 8302 
f 8302 9118 7430 9105 
f 9105 7404 9066 8302 
f 7410 7541 9293 9076 
f 9076 9293 7553 7409 
f 8303 9072 7408 9074 
f 9119 8303 9074 7409 7553 7433 
f 8303 9119 7432 9106 
f 9072 8303 9106 7407 
f 9100 7423 9126 8304 
f 9124 8304 9126 7434 
f 9124 7435 9125 8304 
f 8304 9125 7424 7543 7422 9100 
f 9048 9220 7499 7330 
f 9048 7575 9220 
f 8305 9111 7424 9108 
f 9052 8305 9108 7397 
f 8305 9052 7398 9101 
f 9111 8305 9101 7425 
f 8306 9112 7425 9101 
f 9054 8306 9101 7398 
f 8306 9054 7399 9102 
f 9112 8306 9102 7426 
f 9113 7427 9109 8307 
f 8307 9109 7401 9060 
f 9060 7402 9103 8307 
f 8307 9103 7428 9113 
f 9114 7428 9103 8308 
f 8308 9103 7402 9062 
f 8308 9062 7403 9104 
f 9114 8308 9104 7429 
f 8309 9115 7429 9104 
f 9064 8309 9104 7403 
f 8309 9064 7404 9105 
f 9115 8309 9105 7430 
f 8310 9116 7431 9110 
f 8310 9110 7406 9070 
f 8310 9070 7407 9106 
f 9116 8310 9106 7432 
f 7427 7544 9294 9117 
f 9117 9294 7548 7426 
f 7431 7545 9295 9118 
f 9118 9295 7551 7430 
f 7433 7546 9296 9119 
f 9119 9296 7552 7432 
f 7411 7542 9297 9120 
f 7546 7433 9120 9297 
f 9121 7367 9020 8311 
f 9049 8311 9020 7368 
f 8311 9049 7397 9108 
f 9125 8311 9108 7424 
f 8311 9125 7435 9121 
f 9123 7469 9194 8312 
f 8312 9194 7471 9018 
f 9018 7366 9122 8312 
f 8312 9122 7434 9123 
f 9124 7434 9122 8313 
f 8313 9122 7366 9019 
f 8313 9019 7367 9121 
f 8313 9121 7435 9124 
f 8314 9126 7423 9099 
f 9107 8314 9099 7396 
f 8314 9107 7469 9123 
f 9126 8314 9123 7434 
f 7228 8847 9131 7436 
f 9131 8847 7229 7437 
f 7437 7229 8848 9132 
f 9132 8848 7230 7438 
f 7230 8849 9133 7438 
f 7439 9133 8849 7231 
f 7231 8850 9134 7439 
f 9134 8850 7232 7440 
f 7232 8851 9135 7440 
f 9135 8851 7233 7441 
f 7233 8852 9136 7441 
f 9136 8852 7234 7442 
f 7442 7234 8853 9137 
f 9137 8853 7235 7443 
f 7443 7235 8854 9138 
f 9138 8854 7236 7444 
f 7444 7236 8855 9139 
f 7445 9139 8855 7237 
f 7237 8856 9140 7445 
f 7446 9140 8856 7238 
f 7239 8857 9141 7447 
f 9141 8857 8019 8020 
f 7240 8858 9142 7448 
f 7447 9142 8858 7239 
f 7241 8859 9143 7449 
f 7448 9143 8859 7240 
f 7242 8860 9144 7450 
f 7449 9144 8860 7241 
f 7243 8861 9145 7451 
f 7450 9145 8861 7242 
f 7452 7244 8862 9146 
f 7451 9146 8862 7243 
f 7453 7245 8863 9147 
f 7244 7452 9147 8863 
f 7454 7246 8864 9148 
f 7245 7453 9148 8864 
f 7455 7247 8865 9149 
f 7246 7454 9149 8865 
f 7456 7248 8866 9150 
f 7247 7455 9150 8866 
f 7249 8867 9151 7457 
f 7248 7456 9151 8867 
f 7250 8868 9152 7458 
f 7457 9152 8868 7249 
f 7459 7251 8869 9153 
f 7250 7458 9153 8869 
f 7238 7531 7554 7446 
f 7460 7252 8870 9154 
f 9154 8870 7253 7461 
f 7461 7253 8871 9155 
f 7251 7459 9155 8871 
f 7532 7555 7462 7254 
f 9156 7436 8820 8315 
f 8315 8820 7165 8899 
f 8899 7289 8912 8315 
f 8315 8912 7464 9156 
f 7285 8908 9157 7463 
f 7464 9157 8908 7290 
f 9158 7465 9127 8316 
f 8316 9127 7569 8915 
f 8915 7570 9128 8316 
f 9158 8316 9128 7466 
f 8317 9159 7466 9128 
f 8317 9128 7570 10251 
f 10251 7467 9159 8317 
f 9160 7468 9130 8318 
f 9129 8318 9130 7284 
f 9129 7467 9306 8318 
f 9160 8318 9306 7562 
f 9161 7463 8904 8319 
f 8319 8904 7284 9130 
f 8319 9130 7468 9313 
f 9161 8319 9313 7567 
f 8957 8320 9162 7302 
f 8320 8957 7303 9163 
f 8958 8321 9164 7304 
f 8321 8958 7302 9162 
f 8959 8322 9165 7305 
f 8322 8959 7304 9164 
f 8960 8323 9166 7306 
f 8323 8960 7305 9165 
f 8324 9167 7307 8961 
f 8961 7306 9166 8324 
f 8962 8325 9168 7308 
f 8962 7307 9167 8325 
f 8326 9169 7309 8963 
f 8326 8963 7308 9168 
f 8327 9170 7310 8964 
f 8964 7309 9169 8327 
f 8328 9171 7311 8965 
f 8965 7310 9170 8328 
f 8966 8329 9163 7303 
f 8329 8966 7312 9172 
f 9298 9283 8938 9172 
f 9172 7312 7535 9298 
f 9284 8939 9173 9299 
f 7313 7536 9299 9173 
f 8330 9174 7314 8967 
f 8967 7315 9175 8330 
f 8331 9175 7315 8968 
f 8968 7316 9176 8331 
f 8332 9176 7316 8969 
f 8969 7317 9177 8332 
f 8333 9177 7317 8970 
f 8970 7318 9178 8333 
f 8334 9178 7318 8971 
f 8971 7319 9179 8334 
f 8335 9179 7319 8972 
f 8972 7320 9180 8335 
f 8336 9180 7320 8973 
f 8973 7321 9181 8336 
f 8337 9181 7321 8974 
f 8974 7322 9182 8337 
f 8338 9182 7322 8975 
f 8975 7323 9183 8338 
f 8339 9183 7323 8976 
f 8976 7324 9184 8339 
f 8340 9184 7324 8977 
f 8977 7325 9185 8340 
f 8341 9185 7325 8978 
f 8978 7326 9186 8341 
f 8342 9186 7326 8979 
f 8979 7327 9187 8342 
f 8343 9187 7327 8980 
f 8343 8980 7328 9188 
f 8344 8400 8954 9188 
f 8981 8344 9188 7328 
f 8344 8981 7595 9381 
f 10028 8400 8344 9381 
f 8982 8345 9189 7329 
f 8345 8982 7330 9190 
f 8346 9190 7330 8983 
f 8983 7311 9171 8346 
f 8985 7331 9253 8347 
f 8347 9253 7504 9254 
f 9254 7503 9191 8347 
f 8347 9191 7502 8985 
f 9022 7370 9226 8348 
f 9226 7473 9195 8348 
f 9022 8348 9225 7369 
f 9023 7371 9227 8349 
f 7474 9196 8349 9227 
f 8349 9226 7370 9023 
f 9024 7372 9228 8350 
f 7475 9197 8350 9228 
f 8350 9227 7371 9024 
f 9025 7373 9229 8351 
f 7476 9198 8351 9229 
f 8351 9228 7372 9025 
f 9026 7374 9230 8352 
f 7477 9199 8352 9230 
f 8352 9229 7373 9026 
f 9027 7375 9231 8353 
f 7478 9200 8353 9231 
f 8353 9230 7374 9027 
f 9028 7376 9232 8354 
f 9232 7479 9201 8354 
f 8354 9231 7375 9028 
f 9029 7377 9233 8355 
f 9233 7480 9202 8355 
f 8355 9232 7376 9029 
f 9030 7378 9234 8356 
f 7481 9203 8356 9234 
f 8356 9233 7377 9030 
f 9031 7379 9235 8357 
f 7482 9204 8357 9235 
f 8357 9234 7378 9031 
f 9032 7380 9236 8358 
f 7483 9205 8358 9236 
f 8358 9235 7379 9032 
f 9033 7381 9237 8359 
f 7484 9206 8359 9237 
f 8359 9236 7380 9033 
f 9034 7382 9238 8360 
f 7485 9207 8360 9238 
f 8360 9237 7381 9034 
f 9035 7383 9239 8361 
f 7486 9208 8361 9239 
f 8361 9238 7382 9035 
f 9240 9300 7539 7384 
f 7487 7556 9300 9240 
f 7385 9241 9301 7540 
f 7557 9301 9241 7488 
f 8362 9036 7386 9242 
f 9242 7489 9209 8362 
f 9036 8362 9241 7385 
f 9037 7387 9243 8363 
f 9243 7490 9210 8363 
f 9037 8363 9242 7386 
f 9038 7388 9244 8364 
f 7491 9211 8364 9244 
f 8364 9243 7387 9038 
f 9039 7389 9245 8365 
f 9245 7492 9212 8365 
f 9039 8365 9244 7388 
f 9040 7390 9246 8366 
f 9246 7493 9213 8366 
f 8366 9245 7389 9040 
f 9041 7391 9247 8367 
f 7494 9214 8367 9247 
f 8367 9246 7390 9041 
f 9042 7392 9248 8368 
f 7495 9215 8368 9248 
f 8368 9247 7391 9042 
f 9043 7393 9249 8369 
f 7496 9216 8369 9249 
f 8369 9248 7392 9043 
f 9044 7394 9250 8370 
f 9250 7497 9217 8370 
f 8370 9249 7393 9044 
f 9045 7395 9251 8371 
f 7498 9218 8371 9251 
f 8371 9250 7394 9045 
f 8372 9046 7499 9193 
f 9193 7396 9219 8372 
f 8372 9251 7395 9046 
f 7396 9193 8375 9107 
f 9107 8375 9325 7469 
f 9191 8397 9324 7502 
f 7503 9354 8397 9191 
f 9334 9221 7500 7576 
f 7293 7300 9221 9334 
f 8926 7500 9221 8373 
f 7300 9223 8373 9221 
f 8373 9222 7501 8926 
f 8374 8986 7501 9222 
f 9222 7364 9224 8374 
f 8986 8374 9324 7470 
f 8348 9195 7472 9225 
f 9226 8349 9196 7473 
f 9227 8350 9197 7474 
f 9228 8351 9198 7475 
f 9229 8352 9199 7476 
f 9230 8353 9200 7477 
f 9231 8354 9201 7478 
f 7479 9232 8355 9202 
f 7480 9233 8356 9203 
f 9234 8357 9204 7481 
f 9235 8358 9205 7482 
f 9236 8359 9206 7483 
f 9237 8360 9207 7484 
f 9238 8361 9208 7485 
f 7488 9241 8362 9209 
f 7489 9242 8363 9210 
f 9243 8364 9211 7490 
f 7491 9244 8365 9212 
f 7492 9245 8366 9213 
f 7493 9246 8367 9214 
f 9247 8368 9215 7494 
f 9248 8369 9216 7495 
f 9249 8370 9217 7496 
f 7497 9250 8371 9218 
f 7498 9251 8372 9219 
f 9220 8375 9193 7499 
f 8375 9220 7575 9325 
f 9222 8373 9223 7364 
f 8374 9224 7502 9324 
f 9254 7504 9192 8376 
f 9194 8376 9192 7471 
f 9194 7469 9252 8376 
f 8376 9252 7503 9254 
f 9252 8396 9354 7503 
f 7469 9325 8396 9252 
f 7505 7215 8807 9255 
f 9255 8807 7669 8026 
f 7216 8808 9256 7506 
f 7215 7505 9256 8808 
f 7217 8809 9257 7507 
f 7506 9257 8809 7216 
f 7508 7218 8810 9258 
f 7217 7507 9258 8810 
f 7509 7219 8811 9259 
f 7218 7508 9259 8811 
f 7510 7220 8812 9260 
f 7219 7509 9260 8812 
f 7511 7221 8813 9261 
f 7220 7510 9261 8813 
f 7222 8814 9262 7512 
f 7221 7511 9262 8814 
f 7223 8815 9263 7513 
f 7512 9263 8815 7222 
f 7224 8816 9264 7514 
f 7513 9264 8816 7223 
f 7225 8817 9265 7515 
f 7514 9265 8817 7224 
f 7226 8818 9266 7516 
f 7515 9266 8818 7225 
f 7227 8819 9267 7517 
f 7516 9267 8819 7226 
f 7518 7189 8768 9268 
f 9268 8768 7590 7599 
f 7519 7190 8769 9269 
f 7189 7518 9269 8769 
f 7520 7191 8770 9270 
f 7519 9270 8770 7190 
f 7521 7192 8771 9271 
f 7191 7520 9271 8771 
f 7522 7193 8772 9272 
f 7192 7521 9272 8772 
f 7523 7194 8773 9273 
f 7193 7522 9273 8773 
f 7524 7195 8774 9274 
f 7194 7523 9274 8774 
f 7196 8775 9275 7525 
f 7524 9275 8775 7195 
f 7197 8776 9276 7526 
f 7525 9276 8776 7196 
f 7198 8777 9277 7527 
f 7526 9277 8777 7197 
f 7199 8778 9278 7528 
f 7527 9278 8778 7198 
f 7200 8779 9279 7529 
f 7528 9279 8779 7199 
f 7201 8780 9280 7530 
f 7529 9280 8780 7200 
f 7517 7175 8830 9281 
f 9281 8830 7446 7554 
f 7227 8846 9282 7530 
f 7555 9282 8846 7462 
f 7265 7533 7537 7342 
f 7343 7266 7534 7538 
f 7265 8938 9283 7533 
f 7266 8939 9284 7534 
f 7342 7537 7531 7238 
f 7254 7343 7538 7532 
f 7384 7539 7536 7313 
f 7312 7385 7540 7535 
f 7556 7487 9077 9285 
f 9285 9077 7411 7541 
f 7488 9078 9286 7557 
f 7542 9286 9078 7412 
f 7543 7424 9111 9287 
f 9287 9111 7425 7547 
f 7547 7425 9112 9288 
f 7426 7548 9288 9112 
f 7427 9113 9289 7544 
f 7549 9289 9113 7428 
f 7428 9114 9290 7549 
f 9290 9114 7429 7550 
f 7550 7429 9115 9291 
f 7430 7551 9291 9115 
f 7545 7431 9116 9292 
f 7432 7552 9292 9116 
f 7541 7411 9120 9293 
f 7433 7553 9293 9120 
f 7544 7419 9094 9294 
f 9294 9094 7420 7548 
f 7545 7415 9086 9295 
f 9295 9086 7416 7551 
f 7546 7413 9082 9296 
f 9296 9082 7414 7552 
f 7542 7412 9080 9297 
f 7413 7546 9297 9080 
f 7254 7462 7554 7531 
f 7252 7460 7555 7532 
f 7535 7313 9173 9298 
f 7536 7314 9174 9299 
f 9300 9239 7383 7539 
f 9301 9240 7384 7540 
f 9239 9300 7556 7486 
f 7487 9240 9301 7557 
f 7562 9306 8918 7558 
f 7467 7294 8918 9306 
f 7561 9305 8920 7559 
f 8175 8920 9305 7362 
f 9307 8176 10259 8377 
f 8377 10259 8175 8921 
f 8921 7297 8923 8377 
f 8377 8923 7577 9307 
f 7558 8918 9305 7561 
f 7362 9305 8918 7294 
f 8378 9308 7296 8922 
f 9336 8378 8922 7298 
f 8378 9336 7578 9316 
f 9308 8378 9316 7568 
f 9310 9014 7566 7564 
f 7286 7359 9014 9310 
f 7563 9309 9161 7567 
f 7463 9161 9309 7285 
f 7563 8917 9312 7566 
f 7361 9312 8917 7295 
f 9315 7568 9314 8379 
f 8379 9314 7329 9189 
f 8379 9189 8955 8720 
f 8720 10253 9315 8379 
f 8380 9316 7578 9332 
f 9047 8380 9332 7301 
f 9047 7329 9314 8380 
f 8380 9314 7568 9316 
f 9317 7501 8986 8381 
f 8381 8986 7470 8927 
f 8381 8927 7573 8924 
f 9317 8381 8924 7565 
f 7574 7576 7500 7571 
f 8382 8915 7569 9318 
f 9347 8382 9318 7579 
f 8382 9347 7580 9319 
f 8915 8382 9319 7570 
f 7363 7570 9344 9342 
f 7586 7584 9342 9344 
f 8383 8923 7297 9339 
f 9348 8383 9339 7581 
f 8383 9348 7587 9328 
f 8923 8383 9328 7577 
f 8924 7573 9322 8384 
f 8384 9322 7583 9349 
f 9349 7588 9346 8384 
f 8384 9346 7565 8924 
f 8927 7470 9326 8385 
f 9350 8385 9326 7585 
f 9350 7583 9322 8385 
f 8385 9322 7573 8927 
f 9342 9339 7297 7363 
f 7584 7581 9339 9342 
f 8386 9344 7570 9319 
f 9319 7580 9351 8386 
f 9351 7586 9344 8386 
f 8387 9304 7577 9328 
f 9352 8387 9328 7587 
f 8387 9352 7582 9340 
f 9304 8387 9340 7298 
f 9311 7565 9346 8388 
f 8388 9346 7588 9353 
f 9353 7582 9321 8388 
f 8388 9321 7572 9311 
f 8389 9347 7579 9337 
f 9330 8389 9337 7292 
f 8389 9330 7293 9338 
f 9347 8389 9338 7580 
f 9327 9323 7584 7586 
f 7576 7574 9323 9327 
f 8390 9348 7581 9320 
f 9331 8390 9320 7571 
f 8390 9331 7560 9345 
f 9348 8390 9345 7587 
f 9349 7583 9341 8391 
f 8391 9341 7301 9332 
f 9332 7578 9329 8391 
f 8391 9329 7588 9349 
f 8392 9350 7585 9343 
f 9333 8392 9343 7575 
f 9333 7301 9341 8392 
f 9350 8392 9341 7583 
f 7584 9323 9320 7581 
f 7571 9320 9323 7574 
f 7580 9338 8393 9351 
f 9334 8393 9338 7293 
f 9334 7576 9327 8393 
f 8393 9327 7586 9351 
f 8394 9352 7587 9345 
f 8394 9345 7560 9335 
f 8394 9335 7572 9321 
f 9352 8394 9321 7582 
f 9353 7588 9329 8395 
f 8395 9329 7578 9336 
f 8395 9336 7298 9340 
f 8395 9340 7582 9353 
f 8396 9325 7575 9343 
f 9343 7585 9354 8396 
f 8397 9354 7585 9326 
f 8397 9326 7470 9324 
f 9355 9255 8026 7783 
f 7163 7505 9255 9355 
f 9374 7589 8742 8398 
f 8398 8742 7176 8831 
f 8398 8831 7447 9141 
f 8398 9141 8020 9374 
f 9361 8896 8041 8040 
f 7281 8896 9361 7358 
f 9376 7591 9356 8399 
f 8905 8399 9356 7282 
f 8905 7287 9357 8399 
f 8399 9357 7592 9376 
f 10028 8041 8896 8400 
f 8400 8896 7281 8954 
f 8857 9361 8040 8019 
f 7358 9361 8857 7239 
f 10030 8042 9360 8401 
f 8401 9360 7331 8987 
f 8987 7365 9362 8401 
f 8401 9362 7830 10030 
f 9380 7593 9358 8402 
f 9127 8402 9358 7569 
f 8402 9127 7465 9367 
f 8402 9367 7597 9380 
f 10033 7598 9370 8403 
f 8403 9370 7504 9253 
f 9253 7331 9360 8403 
f 8403 9360 8042 10033 
f 8404 9366 7870 10034 
f 9225 7472 9366 8404 
f 10034 7873 9369 8404 
f 8404 9369 7369 9225 
f 9382 7864 9368 8405 
f 8405 9368 7471 9192 
f 9192 7504 9370 8405 
f 8405 9370 7598 9382 
f 9383 7600 9372 8406 
f 8406 9372 7579 9318 
f 9318 7569 9358 8406 
f 8406 9358 7593 9383 
f 9384 7819 9371 8407 
f 8407 9371 7292 9337 
f 9337 7579 9372 8407 
f 8407 9372 7600 9384 
f 7604 9386 9385 7601 
f 7602 9385 9386 7603 
f 7602 7603 9388 9387 
f 7605 9387 9388 7606 
f 7606 9390 9389 7605 
f 7607 9389 9390 7608 
f 7608 9392 9391 7607 
f 7609 9391 9392 7610 
f 7610 9394 9393 7609 
f 7611 9393 9394 7612 
f 7612 9396 9395 7611 
f 7613 9395 9396 7614 
f 7614 9398 9397 7613 
f 9397 9398 7616 7615 
f 7615 7616 9400 9399 
f 9399 9400 7618 7617 
f 7617 7618 9402 10052 
f 10052 9402 8052 8051 
f 7619 7620 9404 10179 
f 10179 9404 8117 8142 
f 7621 7622 9406 9405 
f 9405 9406 7624 7623 
f 7624 9408 9407 7623 
f 7625 9407 9408 7626 
f 8408 9409 7627 9411 
f 9373 8408 9411 7590 
f 8408 9373 7629 9410 
f 9409 8408 9410 7628 
f 8409 9412 7630 9414 
f 9409 8409 9414 7627 
f 8409 9409 7628 9413 
f 9412 8409 9413 7631 
f 8410 9415 7632 9417 
f 9412 8410 9417 7630 
f 8410 9412 7631 9416 
f 9415 8410 9416 7633 
f 8411 9418 7634 9420 
f 9415 8411 9420 7632 
f 8411 9415 7633 9419 
f 9418 8411 9419 7635 
f 8412 9421 7636 9423 
f 9418 8412 9423 7634 
f 8412 9418 7635 9422 
f 9421 8412 9422 7637 
f 8413 9424 7638 9426 
f 9421 8413 9426 7636 
f 8413 9421 7637 9425 
f 9424 8413 9425 7639 
f 8414 9427 7640 9429 
f 9424 8414 9429 7638 
f 8414 9424 7639 9428 
f 9427 8414 9428 7641 
f 9430 7642 9432 8415 
f 8415 9432 7640 9427 
f 9427 7641 9431 8415 
f 8415 9431 7643 9430 
f 9433 7644 9435 8416 
f 8416 9435 7642 9430 
f 9430 7643 9434 8416 
f 8416 9434 7645 9433 
f 9436 7646 10180 8417 
f 8417 10180 8143 10210 
f 10210 8161 10202 8417 
f 8417 10202 7647 9436 
f 9439 7648 10058 8418 
f 8418 10058 8057 10084 
f 10084 8056 10057 8418 
f 8418 10057 7649 9439 
f 9442 7650 9444 8419 
f 8419 9444 7648 9439 
f 9439 7649 9443 8419 
f 8419 9443 7651 9442 
f 9445 7652 9447 8420 
f 8420 9447 7650 9442 
f 9442 7651 9446 8420 
f 8420 9446 7653 9445 
f 8421 9448 7628 9410 
f 9450 8421 9410 7629 
f 9450 7589 9449 8421 
f 9448 8421 9449 7654 
f 8422 9451 7631 9413 
f 9448 8422 9413 7628 
f 8422 9448 7654 9452 
f 9451 8422 9452 7655 
f 8423 9453 7633 9416 
f 9451 8423 9416 7631 
f 8423 9451 7655 9454 
f 9453 8423 9454 7656 
f 8424 9455 7635 9419 
f 9453 8424 9419 7633 
f 8424 9453 7656 9456 
f 9455 8424 9456 7657 
f 8425 9457 7637 9422 
f 9455 8425 9422 7635 
f 8425 9455 7657 9458 
f 9457 8425 9458 7658 
f 8426 9459 7639 9425 
f 9457 8426 9425 7637 
f 8426 9457 7658 9460 
f 9459 8426 9460 7659 
f 8427 9461 7641 9428 
f 9459 8427 9428 7639 
f 8427 9459 7659 9462 
f 9461 8427 9462 7660 
f 9463 7643 9431 8428 
f 8428 9431 7641 9461 
f 9461 7660 9464 8428 
f 8428 9464 7661 9463 
f 9465 7645 9434 8429 
f 8429 9434 7643 9463 
f 9463 7661 9466 8429 
f 8429 9466 7662 9465 
f 9467 7647 10202 8430 
f 8430 10202 8161 10211 
f 10211 8162 10203 8430 
f 8430 10203 7663 9467 
f 9469 7649 10057 8431 
f 8431 10057 8056 10137 
f 10137 8099 10125 8431 
f 8431 10125 7664 9469 
f 9471 7651 9443 8432 
f 8432 9443 7649 9469 
f 9469 7664 9472 8432 
f 8432 9472 7665 9471 
f 9473 7653 9446 8433 
f 8433 9446 7651 9471 
f 9471 7665 9474 8433 
f 8433 9474 7666 9473 
f 7667 9476 9475 7668 
f 7599 9475 9476 7669 
f 9478 9477 7671 7670 
f 9478 7667 7668 9477 
f 9480 9479 7673 7672 
f 7670 7671 9479 9480 
f 7674 9482 9481 7675 
f 9482 7672 7673 9481 
f 7676 9484 9483 7677 
f 9484 7674 7675 9483 
f 7678 9486 9485 7679 
f 9486 7676 7677 9485 
f 7680 9488 9487 7681 
f 9488 7678 7679 9487 
f 9490 9489 7683 7682 
f 9490 7680 7681 9489 
f 9492 9491 7685 7684 
f 7682 7683 9491 9492 
f 10182 10181 7687 7686 
f 8145 8144 10181 10182 
f 10062 10061 7689 7688 
f 8061 8060 10061 10062 
f 9498 9497 7691 7690 
f 7688 7689 9497 9498 
f 9500 9499 7693 7692 
f 7690 7691 9499 9500 
f 9389 7607 9503 8434 
f 8434 9503 7695 9502 
f 8434 9502 7694 9501 
f 9389 8434 9501 7605 
f 9391 7609 9505 8435 
f 8435 9505 7696 9504 
f 9504 7695 9503 8435 
f 8435 9503 7607 9391 
f 9393 7611 9507 8436 
f 8436 9507 7697 9506 
f 9506 7696 9505 8436 
f 8436 9505 7609 9393 
f 9395 7613 9509 8437 
f 8437 9509 7698 9508 
f 9508 7697 9507 8437 
f 8437 9507 7611 9395 
f 9397 7615 9511 8438 
f 8438 9511 7699 9510 
f 9510 7698 9509 8438 
f 8438 9509 7613 9397 
f 8439 9399 7617 9513 
f 8439 9513 7700 9512 
f 9512 7699 9511 8439 
f 9399 8439 9511 7615 
f 8440 9401 7619 9515 
f 9514 8440 9515 7701 
f 8440 9514 8123 10212 
f 9401 8440 10212 8116 
f 8441 9403 7621 9517 
f 8441 9517 7702 9516 
f 9516 8063 10086 8441 
f 9403 8441 10086 8053 
f 8442 9405 7623 9519 
f 9518 8442 9519 7703 
f 9518 7702 9517 8442 
f 9405 8442 9517 7621 
f 8443 9407 7625 9521 
f 9520 8443 9521 7704 
f 8443 9520 7703 9519 
f 9407 8443 9519 7623 
f 9452 7654 9524 8444 
f 8444 9524 7706 9523 
f 9523 7705 9522 8444 
f 8444 9522 7655 9452 
f 9454 7655 9522 8445 
f 8445 9522 7705 9526 
f 9526 7707 9525 8445 
f 8445 9525 7656 9454 
f 9456 7656 9525 8446 
f 8446 9525 7707 9528 
f 9528 7708 9527 8446 
f 8446 9527 7657 9456 
f 9458 7657 9527 8447 
f 8447 9527 7708 9530 
f 9530 7709 9529 8447 
f 8447 9529 7658 9458 
f 9460 7658 9529 8448 
f 8448 9529 7709 9532 
f 9532 7710 9531 8448 
f 8448 9531 7659 9460 
f 9462 7659 9531 8449 
f 8449 9531 7710 9534 
f 9534 7711 9533 8449 
f 8449 9533 7660 9462 
f 8450 9464 7660 9533 
f 8450 9533 7711 9536 
f 9536 7712 9535 8450 
f 9464 8450 9535 7661 
f 8451 9466 7661 9535 
f 8451 9535 7712 9538 
f 9538 7713 9537 8451 
f 9466 8451 9537 7662 
f 8452 9468 7662 9537 
f 8452 9537 7713 9540 
f 9540 8109 10148 8452 
f 9468 8452 10148 8108 
f 8453 9470 7663 9539 
f 8453 9539 7714 9542 
f 9542 8124 10213 8453 
f 9470 8453 10213 8120 
f 8454 9472 7664 9541 
f 9544 8454 9541 7715 
f 8454 9544 7716 9543 
f 9472 8454 9543 7665 
f 8455 9474 7665 9543 
f 9546 8455 9543 7716 
f 9546 7717 9545 8455 
f 9474 8455 9545 7666 
f 7692 9548 9547 7626 
f 7719 7718 9547 9548 
f 9445 7653 9551 8456 
f 8456 9551 7721 9550 
f 9550 7720 9549 8456 
f 8456 9549 7652 9445 
f 9473 7666 9545 8457 
f 8457 9545 7717 9552 
f 9552 7721 9551 8457 
f 8457 9551 7653 9473 
f 9549 9553 7693 7652 
f 7720 7722 9553 9549 
f 7726 9555 9554 7723 
f 7724 9554 9555 7725 
f 9557 10083 8043 8044 
f 9557 8065 8086 10083 
f 9559 10196 8050 7729 
f 8126 8155 10196 9559 
f 7731 9561 9560 7730 
f 9561 7733 7732 9560 
f 7733 9563 9562 7732 
f 9563 7735 7734 9562 
f 7735 9565 9564 7734 
f 7737 7736 9564 9565 
f 9567 9566 7736 7737 
f 7739 7738 9566 9567 
f 9569 9568 7738 7739 
f 7741 7740 9568 9569 
f 9571 9570 7740 7741 
f 7743 7742 9570 9571 
f 9573 9572 7745 7744 
f 7746 7726 9572 9573 
f 7747 7750 7749 7748 
f 7751 7754 7753 7752 
f 7755 9575 9574 7756 
f 9575 7751 7752 9574 
f 7757 9577 9576 7758 
f 9577 7755 7756 9576 
f 7759 9579 9578 7760 
f 9579 7757 7758 9578 
f 7761 9581 9580 7762 
f 9581 7759 7760 9580 
f 9583 10201 7764 7763 
f 9583 8127 8160 10201 
f 9585 10141 7766 7765 
f 8111 8110 10141 9585 
f 9587 9586 7768 7767 
f 7765 7766 9586 9587 
f 9589 9588 7770 7769 
f 7767 7768 9588 9589 
f 7771 9591 9590 7772 
f 7769 7770 9590 9591 
f 9593 9592 7774 7773 
f 7771 7772 9592 9593 
f 9595 9594 7776 7775 
f 7773 7774 9594 9595 
f 9597 9596 7778 7777 
f 7775 7776 9596 9597 
f 9599 9598 7780 7779 
f 7777 7778 9598 9599 
f 9601 9600 7782 7781 
f 7779 7780 9600 9601 
f 9602 7601 9604 8458 
f 8458 9604 7784 9603 
f 9603 7592 9375 8458 
f 8458 9375 7783 9602 
f 9385 7602 9606 8459 
f 8459 9606 7785 9605 
f 9605 7784 9604 8459 
f 8459 9604 7601 9385 
f 9387 7605 9608 8460 
f 8460 9608 7786 9607 
f 9607 7785 9606 8460 
f 8460 9606 7602 9387 
f 9610 9609 7694 7787 
f 7789 7788 9609 9610 
f 9612 9611 7742 7743 
f 7791 7790 9611 9612 
f 9613 7784 9605 8461 
f 8461 9605 7785 9615 
f 9615 7793 9614 8461 
f 8461 9614 7792 9613 
f 9615 7785 9607 8462 
f 9617 8462 9607 7786 
f 8462 9617 7794 9616 
f 8462 9616 7793 9615 
f 8463 9617 7786 9620 
f 9619 8463 9620 7788 
f 8463 9619 7795 9618 
f 9617 8463 9618 7794 
f 7789 7790 9622 9621 
f 9621 9622 7797 7796 
f 8464 9623 7792 9625 
f 9624 8464 9625 7798 
f 9624 7597 9377 8464 
f 8464 9377 7591 9623 
f 8465 9614 7793 9627 
f 8465 9627 7799 9626 
f 9626 7798 9625 8465 
f 9614 8465 9625 7792 
f 9616 7794 9629 8466 
f 8466 9629 7800 9628 
f 9628 7799 9627 8466 
f 9616 8466 9627 7793 
f 9631 9630 7802 7801 
f 9631 7804 7803 9630 
f 8178 7807 9633 9632 
f 9632 9633 7806 7805 
f 9635 9634 7807 8178 
f 8179 7808 9634 9635 
f 9637 9636 7811 7810 
f 7813 7812 9636 9637 
f 7801 7802 9639 9638 
f 9638 9639 7815 7814 
f 8467 9640 7816 9642 
f 9641 8467 9642 7817 
f 8467 9641 7809 10261 
f 9640 8467 10261 8177 
f 7820 9644 9643 7818 
f 7819 9643 9644 7594 
f 7822 9646 9645 7821 
f 7818 9645 9646 7820 
f 9647 7823 9651 8468 
f 8468 9651 7828 9650 
f 9650 7827 9649 8468 
f 8468 9649 7826 7825 9648 
f 9647 8468 9648 7824 
f 9652 7746 9654 8469 
f 9915 8548 8469 9654 
f 8548 9914 9653 8469 
f 8469 9653 7727 9652 
f 9557 8044 10036 8470 
f 10037 8652 8470 10036 
f 8470 8652 10092 10087 
f 8470 10087 8065 9557 
f 8471 9559 7729 9655 
f 9916 8701 8471 9655 
f 8701 10227 10214 8471 
f 9559 8471 10214 8126 
f 9561 7731 9656 8472 
f 9917 8551 8472 9656 
f 8551 9918 9657 8472 
f 8472 9657 7733 9561 
f 9563 7733 9657 8473 
f 9918 8552 8473 9657 
f 8552 9919 9658 8473 
f 8473 9658 7735 9563 
f 9565 7735 9658 8474 
f 9919 8553 8474 9658 
f 8553 9920 9659 8474 
f 8474 9659 7737 9565 
f 9567 7737 9659 8475 
f 9920 8554 8475 9659 
f 8554 9921 9660 8475 
f 8475 9660 7739 9567 
f 9569 7739 9660 8476 
f 9921 8555 8476 9660 
f 8555 9922 9661 8476 
f 8476 9661 7741 9569 
f 9571 7741 9661 8477 
f 9922 8556 8477 9661 
f 8556 9923 9662 8477 
f 8477 9662 7743 9571 
f 9573 7744 9663 8478 
f 9924 8557 8478 9663 
f 8557 9915 9654 8478 
f 8478 9654 7746 9573 
f 9665 9664 7750 7747 
f 9665 9926 9925 9664 
f 9667 9666 7754 7751 
f 9667 9928 9927 9666 
f 9575 7755 9668 8479 
f 9668 9929 8558 8479 
f 8479 8558 9928 9667 
f 8479 9667 7751 9575 
f 9577 7757 9669 8480 
f 9669 9930 8559 8480 
f 8480 8559 9929 9668 
f 8480 9668 7755 9577 
f 9579 7759 9670 8481 
f 9670 9931 8560 8481 
f 8481 8560 9930 9669 
f 8481 9669 7757 9579 
f 9581 7761 9671 8482 
f 9671 9932 8561 8482 
f 8482 8561 9931 9670 
f 8482 9670 7759 9581 
f 9583 7763 9672 8483 
f 9672 9933 8709 8483 
f 8483 8709 10235 10215 
f 8483 10215 8127 9583 
f 9585 7765 9673 8484 
f 9934 8681 8484 9673 
f 8484 8681 10150 10149 
f 8484 10149 8111 9585 
f 9587 7767 9674 8485 
f 9935 8564 8485 9674 
f 8564 9934 9673 8485 
f 8485 9673 7765 9587 
f 9589 7769 9675 8486 
f 9936 8565 8486 9675 
f 8565 9935 9674 8486 
f 8486 9674 7767 9589 
f 9591 7771 9676 8487 
f 9937 8566 8487 9676 
f 8566 9936 9675 8487 
f 8487 9675 7769 9591 
f 8488 9593 7773 9677 
f 9677 9938 8567 8488 
f 8488 8567 9937 9676 
f 8488 9676 7771 9593 
f 8489 9595 7775 9678 
f 9678 9939 8568 8489 
f 8489 8568 9938 9677 
f 9595 8489 9677 7773 
f 8490 9597 7777 9679 
f 9679 9940 8569 8490 
f 8490 8569 9939 9678 
f 9597 8490 9678 7775 
f 8491 9599 7779 9680 
f 9680 9941 8570 8491 
f 8491 8570 9940 9679 
f 9599 8491 9679 7777 
f 9601 7781 9681 8492 
f 9942 8571 8492 9681 
f 8492 8571 9941 9680 
f 8492 9680 7779 9601 
f 9682 7791 9684 8493 
f 9684 9944 8573 8493 
f 8573 9943 9683 8493 
f 8493 9683 7829 9682 
f 9612 7743 9662 8494 
f 9662 9923 8574 8494 
f 8494 8574 9944 9684 
f 8494 9684 7791 9612 
f 9644 7820 9686 8495 
f 8495 9686 7831 9685 
f 9685 7830 9378 8495 
f 8495 9378 7594 9644 
f 9646 7822 9688 8496 
f 8496 9688 7832 9687 
f 9687 7831 9686 8496 
f 8496 9686 7820 9646 
f 9555 9652 7727 7725 
f 7746 9652 9555 7726 
f 7725 10065 9689 7724 
f 10065 8064 8068 9689 
f 10185 9690 7833 7728 
f 8148 8129 9690 10185 
f 9560 9691 7834 7730 
f 7732 7835 9691 9560 
f 9562 9692 7835 7732 
f 7734 7836 9692 9562 
f 9564 9693 7836 7734 
f 7736 7837 9693 9564 
f 9566 9694 7837 7736 
f 7738 7838 9694 9566 
f 9568 9695 7838 7738 
f 7740 7839 9695 9568 
f 9570 9696 7839 7740 
f 7742 7787 9696 9570 
f 9572 9697 7840 7745 
f 7726 7723 9697 9572 
f 7748 7749 7842 7841 
f 7752 7753 7844 7843 
f 7756 9574 9698 7845 
f 9574 7752 7843 9698 
f 9576 9699 7846 7758 
f 9576 7756 7845 9699 
f 9578 9700 7847 7760 
f 7758 7846 9700 9578 
f 9580 9701 7848 7762 
f 9580 7760 7847 9701 
f 7764 10201 9702 7849 
f 10201 8160 8130 9702 
f 7766 10141 9703 7850 
f 10141 8110 8112 9703 
f 7768 9586 9704 7851 
f 9586 7766 7850 9704 
f 9588 9705 7852 7770 
f 7768 7851 9705 9588 
f 7772 9590 9706 7853 
f 7770 7852 9706 9590 
f 9592 9707 7854 7774 
f 9592 7772 7853 9707 
f 9594 9708 7855 7776 
f 7774 7854 9708 9594 
f 9596 9709 7856 7778 
f 7776 7855 9709 9596 
f 9598 9710 7857 7780 
f 7778 7856 9710 9598 
f 9600 9711 7858 7782 
f 7780 7857 9711 9600 
f 9611 9610 7787 7742 
f 7790 7789 9610 9611 
f 7797 9622 9682 7829 
f 7791 9682 9622 7790 
f 9713 9712 7796 7797 
f 7806 7814 9712 9713 
f 9634 9631 7801 7807 
f 7808 7804 9631 9634 
f 9636 9714 7859 7811 
f 7812 7860 9714 9636 
f 9715 7831 9687 8497 
f 8497 9687 7832 9717 
f 9717 7862 9716 8497 
f 8497 9716 7861 9715 
f 9718 7863 9721 8498 
f 8498 9721 7866 9720 
f 8498 9720 7865 9719 
f 8498 9719 7864 9718 
f 8499 9720 7866 9724 
f 9723 8499 9724 7868 
f 8499 9723 7867 9722 
f 9720 8499 9722 7865 
f 8500 9723 7868 9727 
f 8500 9727 7869 9726 
f 9726 7596 9725 8500 
f 8500 9725 7867 9723 
f 9726 7869 9729 8501 
f 8501 9729 7871 9728 
f 9728 7870 9379 8501 
f 8501 9379 7596 9726 
f 7874 9731 9730 7872 
f 7873 9730 9731 7595 
f 7872 9733 9732 7874 
f 7876 7875 9732 9733 
f 9735 9734 7875 7876 
f 7878 7877 9734 9735 
f 9737 9736 7877 7878 
f 7880 7879 9736 9737 
f 9739 9738 7879 7880 
f 7882 7881 9738 9739 
f 9741 9740 7881 7882 
f 7884 7883 9740 9741 
f 9743 9742 7883 7884 
f 7886 7885 9742 9743 
f 9745 9744 7885 7886 
f 7888 7887 9744 9745 
f 9747 9746 7887 7888 
f 7890 7889 9746 9747 
f 9749 9748 7889 7890 
f 8114 8113 9748 9749 
f 9751 9750 7891 7892 
f 8132 8131 9750 9751 
f 9753 9752 7893 7894 
f 7896 7895 9752 9753 
f 9755 9754 7895 7896 
f 7898 7897 9754 9755 
f 9757 9756 7897 7898 
f 7900 7899 9756 9757 
f 9759 9758 7899 7900 
f 7902 7901 9758 9759 
f 7904 7903 7901 7902 
f 7908 7907 7906 7905 
f 7909 9761 9760 7910 
f 9761 7912 7911 9760 
f 9763 9762 7911 7912 
f 7914 7913 9762 9763 
f 9765 9764 7913 7914 
f 8071 8070 9764 9765 
f 7916 9767 9766 7915 
f 9767 8134 8133 9766 
f 7918 9769 9768 7917 
f 9769 7920 7919 9768 
f 9771 9770 7919 7920 
f 7922 7921 9770 9771 
f 9773 9772 7921 7922 
f 7924 7923 9772 9773 
f 9775 9774 7923 7924 
f 7926 7925 9774 9775 
f 9777 9776 7925 7926 
f 7928 7927 9776 9777 
f 9779 9778 7927 7928 
f 7930 7929 9778 9779 
f 9781 9780 7929 7930 
f 7932 7931 9780 9781 
f 9782 7931 9785 8502 
f 9784 8502 9785 7935 
f 8502 9784 7934 9783 
f 8502 9783 7933 9782 
f 9786 8177 10257 8503 
f 10257 10263 8727 8503 
f 8503 8727 9787 10254 
f 8503 10254 7936 9786 
f 9788 7937 9790 8504 
f 8504 9790 7938 9789 
f 9789 7871 9729 8504 
f 8504 9729 7869 9788 
f 8505 9790 7937 9793 
f 9792 8505 9793 7940 
f 9792 7939 9791 8505 
f 8505 9791 7938 9790 
f 8506 9792 7940 9796 
f 9795 8506 9796 7942 
f 9795 7941 9794 8506 
f 8506 9794 7939 9792 
f 8507 9795 7942 9799 
f 9798 8507 9799 7944 
f 9798 7943 9797 8507 
f 8507 9797 7941 9795 
f 9798 7944 9802 8508 
f 8508 9802 7946 9801 
f 9801 7945 9800 8508 
f 8508 9800 7943 9798 
f 9801 7946 9805 8509 
f 8509 9805 7948 9804 
f 9804 7947 9803 8509 
f 8509 9803 7945 9801 
f 9804 7948 9808 8510 
f 9807 8510 9808 7950 
f 8510 9807 7949 9806 
f 8510 9806 7947 9804 
f 8511 9807 7950 9811 
f 9810 8511 9811 7952 
f 8511 9810 7951 9809 
f 9807 8511 9809 7949 
f 8512 9810 7952 9814 
f 9813 8512 9814 7954 
f 9813 7953 10209 8512 
f 10146 8512 10209 8168 
f 8512 10146 8115 9812 
f 9810 8512 9812 7951 
f 8513 9813 7954 9817 
f 8513 9817 8136 10216 
f 8513 10216 8135 9815 
f 8513 9815 7953 9813 
f 9816 7956 9820 8514 
f 8514 9820 8074 10075 
f 10075 7958 9819 8514 
f 9818 8514 9819 7957 
f 8514 9818 7955 9816 
f 8515 9819 7958 9823 
f 8515 9823 7960 9822 
f 9822 7959 9821 8515 
f 8515 9821 7957 9819 
f 8516 9822 7960 9826 
f 8516 9826 7962 9825 
f 9825 7961 9824 8516 
f 8516 9824 7959 9822 
f 9825 7962 9829 8517 
f 8517 9829 7964 9828 
f 9828 7963 9827 8517 
f 8517 9827 7961 9825 
f 7966 9830 9828 7964 
f 7963 9828 9830 7965 
f 7967 7970 9832 9831 
f 9831 9832 7969 7968 
f 8518 9833 7971 9836 
f 9835 8518 9836 7974 
f 8518 9835 7973 9834 
f 9833 8518 9834 7972 
f 8519 9835 7974 9839 
f 9838 8519 9839 7976 
f 8519 9838 7975 9837 
f 9835 8519 9837 7973 
f 8520 9838 7976 9842 
f 10089 8520 9842 8076 
f 10089 8075 9840 8520 
f 8520 9840 7975 9838 
f 8521 9841 7978 9845 
f 10217 8521 9845 8138 
f 8521 10217 8137 9843 
f 8521 9843 7977 9841 
f 8522 9844 7980 9848 
f 9847 8522 9848 7982 
f 8522 9847 7981 9846 
f 9844 8522 9846 7979 
f 8523 9847 7982 9851 
f 9850 8523 9851 7984 
f 8523 9850 7983 9849 
f 9847 8523 9849 7981 
f 9850 7984 9854 8524 
f 8524 9854 7986 9853 
f 9853 7985 9852 8524 
f 8524 9852 7983 9850 
f 9853 7986 9857 8525 
f 9856 8525 9857 7988 
f 9856 7987 9855 8525 
f 8525 9855 7985 9853 
f 8526 9856 7988 9860 
f 9859 8526 9860 7990 
f 8526 9859 7989 9858 
f 9856 8526 9858 7987 
f 8527 9859 7990 9863 
f 9862 8527 9863 7992 
f 8527 9862 7991 9861 
f 9859 8527 9861 7989 
f 8528 9862 7992 9866 
f 8528 9866 7994 9865 
f 8528 9865 7993 9864 
f 9862 8528 9864 7991 
f 7996 9867 9863 7990 
f 9863 9867 7995 7992 
f 7997 9868 9860 7988 
f 7990 9860 9868 7996 
f 7984 7999 9869 9854 
f 9854 9869 7998 7986 
f 8000 9870 9851 7982 
f 7999 7984 9851 9870 
f 8001 9871 9848 7980 
f 7982 9848 9871 8000 
f 8003 9872 9842 7976 
f 8076 9842 9872 8079 
f 8529 9802 7944 9799 
f 9875 8529 9799 7942 
f 8529 9875 8005 9874 
f 9873 8529 9874 8004 
f 9873 7946 9802 8529 
f 9817 7954 10100 8530 
f 8530 10100 8080 10078 
f 10078 8152 10218 8530 
f 8530 10218 8136 9817 
f 7964 9829 9879 7966 
f 9829 7962 8008 9879 
f 8531 9826 7960 9823 
f 9881 8531 9823 7958 
f 8531 9881 8010 9880 
f 7962 9826 8531 9880 8009 8008 
f 9882 7994 9866 8532 
f 9866 7992 7995 8013 9884 8532 
f 9884 8012 9883 8532 
f 9882 8532 9883 8011 
f 7932 9885 9785 7931 
f 7935 9785 9885 
f 8533 9886 8013 9888 
f 9887 8533 9888 8014 
f 8533 9887 7940 9793 
f 9886 8533 9793 7937 
f 8534 9887 8014 9889 
f 9875 8534 9889 8005 
f 8534 9875 7942 9796 
f 9887 8534 9796 7940 
f 9873 8004 9891 8535 
f 8535 9891 8015 9890 
f 9890 7948 9805 8535 
f 8535 9805 7946 9873 
f 9890 8015 9893 8536 
f 9892 8536 9893 8016 
f 8536 9892 7950 9808 
f 8536 9808 7948 9890 
f 8537 9892 8016 9894 
f 9878 8537 9894 8007 
f 8537 9878 7952 9811 
f 9892 8537 9811 7950 
f 8538 9876 8006 10193 
f 10091 8538 10193 8081 
f 8538 10091 8074 9820 
f 8538 9820 7956 9876 
f 8004 9874 9896 7998 
f 9874 8005 7997 9896 
f 8006 10192 10194 8002 
f 10192 8152 8153 10194 
f 8009 9880 9898 8017 
f 9880 8010 8003 9898 
f 7967 9900 9899 7970 
f 9900 8009 8017 9899 
f 9727 7868 9901 8539 
f 8539 9901 8012 9884 
f 9884 8013 9886 8539 
f 8539 9886 7937 9788 
f 9788 7869 9727 8539 
f 9902 8018 9904 8540 
f 8540 9904 8011 9903 
f 9903 7866 9721 8540 
f 8540 9721 7863 9902 
f 9903 8011 9883 8541 
f 8541 9883 8012 9901 
f 8541 9901 7868 9724 
f 8541 9724 7866 9903 
f 8542 9865 7994 9882 
f 9904 8542 9882 8011 
f 8542 9904 8018 9905 
f 9865 8542 9905 7993 
f 9502 9696 7787 7694 
f 9502 7695 7839 9696 
f 7695 9504 9695 7839 
f 7696 7838 9695 9504 
f 9506 9694 7838 7696 
f 7697 7837 9694 9506 
f 9508 9693 7837 7697 
f 7698 7836 9693 9508 
f 9510 9692 7836 7698 
f 7699 7835 9692 9510 
f 9512 9691 7835 7699 
f 7700 7834 9691 9512 
f 10063 10070 7834 7700 
f 8062 8069 10070 10063 
f 7701 10183 10186 7833 
f 10183 8146 8149 10186 
f 7702 9518 9554 7724 
f 7703 7723 9554 9518 
f 9520 9697 7723 7703 
f 7704 7840 9697 9520 
f 9907 9906 7858 7706 
f 8019 9906 9907 8020 
f 9523 9711 7857 7705 
f 7706 7858 9711 9523 
f 9526 9710 7856 7707 
f 7705 7857 9710 9526 
f 9528 9709 7855 7708 
f 7707 7856 9709 9528 
f 9530 9708 7854 7709 
f 7708 7855 9708 9530 
f 7710 9532 9707 7853 
f 7709 7854 9707 9532 
f 7711 9534 9706 7852 
f 9534 7710 7853 9706 
f 7712 9536 9705 7851 
f 9536 7711 7852 9705 
f 7713 9538 9704 7850 
f 9538 7712 7851 9704 
f 7714 10204 10206 7849 
f 10204 8163 8165 10206 
f 10126 10129 7848 7715 
f 8100 8103 10129 10126 
f 9544 9701 7847 7716 
f 7715 7848 9701 9544 
f 7717 9546 9700 7846 
f 9546 7716 7847 9700 
f 7718 7842 7840 7704 
f 7720 9550 9698 7843 
f 9550 7721 7845 9698 
f 7721 9552 9699 7845 
f 9552 7717 7846 9699 
f 7719 7722 7844 7841 
f 9501 7694 9609 8543 
f 8543 9609 7788 9620 
f 9620 7786 9608 8543 
f 8543 9608 7605 9501 
f 9619 9621 7796 7795 
f 7788 7789 9621 9619 
f 9908 7798 9626 8544 
f 9910 8544 9626 7799 
f 9910 7860 9909 8544 
f 8544 9909 8021 9908 
f 8545 9910 7799 9628 
f 10252 8545 9628 7800 
f 8545 10252 7860 9910 
f 9911 7802 9630 8546 
f 9912 8546 9630 7803 
f 9912 7800 9629 8546 
f 9911 8546 9629 7794 
f 9618 7795 9913 8547 
f 9639 8547 9913 7815 
f 8547 9639 7802 9911 
f 8547 9911 7794 9618 
f 9915 7911 9762 8548 
f 9914 8548 9762 7913 
f 8700 8549 9916 9655 
f 10226 10219 8549 8700 
f 10219 8154 10195 8549 
f 8549 10195 8046 9916 
f 10041 8648 8550 10040 
f 8648 10088 10093 8550 
f 8550 10093 8084 10081 
f 10040 8550 10081 8047 
f 9917 7917 9768 8551 
f 9918 8551 9768 7919 
f 9918 7919 9770 8552 
f 8552 9770 7921 9919 
f 9919 7921 9772 8553 
f 9920 8553 9772 7923 
f 8554 9920 7923 9774 
f 8554 9774 7925 9921 
f 9921 7925 9776 8555 
f 8555 9776 7927 9922 
f 9922 7927 9778 8556 
f 8556 9778 7929 9923 
f 8557 9924 7910 9760 
f 9915 8557 9760 7911 
f 9663 9664 9925 9924 
f 9924 9925 7907 7910 
f 9666 9927 9926 9665 
f 7906 9926 9927 7903 
f 9929 7899 9758 8558 
f 8558 9758 7901 9928 
f 9930 7897 9756 8559 
f 8559 9756 7899 9929 
f 9931 7895 9754 8560 
f 8560 9754 7897 9930 
f 9932 7893 9752 8561 
f 8561 9752 7895 9931 
f 8674 8562 9932 9671 
f 10134 10135 8562 8674 
f 10135 8104 10130 8562 
f 8562 10130 7893 9932 
f 8713 8563 9933 9672 
f 10239 10220 8563 8713 
f 10220 8166 10207 8563 
f 8563 10207 7891 9933 
f 9935 7887 9746 8564 
f 8564 9746 7889 9934 
f 9936 7885 9744 8565 
f 8565 9744 7887 9935 
f 9937 7883 9742 8566 
f 8566 9742 7885 9936 
f 9938 7881 9740 8567 
f 8567 9740 7883 9937 
f 9939 7879 9738 8568 
f 8568 9738 7881 9938 
f 9940 7877 9736 8569 
f 8569 9736 7879 9939 
f 9941 7875 9734 8570 
f 8570 9734 7877 9940 
f 8571 9942 7874 9732 
f 8571 9732 7875 9941 
f 8572 9942 9681 8628 
f 10028 9381 8572 8628 
f 8572 9381 7595 9731 
f 9942 8572 9731 7874 
f 8573 9944 7931 9782 
f 9943 8573 9782 7933 
f 9923 7929 9780 8574 
f 8574 9780 7931 9944 
f 9945 7861 9716 8575 
f 8575 9716 7862 9947 
f 9947 8023 9946 8575 
f 8575 9946 8022 9945 
f 9948 7876 9733 8576 
f 9949 8576 9733 7872 
f 7871 9789 8576 9949 
f 9789 7938 9948 8576 
f 9950 7878 9735 8577 
f 8577 9735 7876 9948 
f 9791 8577 9948 7938 
f 7939 9950 8577 9791 
f 9951 7880 9737 8578 
f 8578 9737 7878 9950 
f 9794 8578 9950 7939 
f 7941 9951 8578 9794 
f 9952 7882 9739 8579 
f 8579 9739 7880 9951 
f 9797 8579 9951 7941 
f 7943 9952 8579 9797 
f 9953 7884 9741 8580 
f 8580 9741 7882 9952 
f 9800 8580 9952 7943 
f 7945 9953 8580 9800 
f 9954 7886 9743 8581 
f 8581 9743 7884 9953 
f 9803 8581 9953 7945 
f 7947 9954 8581 9803 
f 9955 7888 9745 8582 
f 8582 9745 7886 9954 
f 9806 8582 9954 7947 
f 9806 7949 9955 8582 
f 9956 7890 9747 8583 
f 8583 9747 7888 9955 
f 7949 9809 8583 9955 
f 9809 7951 9956 8583 
f 9957 7892 10208 8584 
f 10221 8584 10208 8167 
f 10209 8584 10221 8168 
f 7953 9957 8584 10209 
f 9958 7894 10131 8585 
f 8585 10131 8105 10136 
f 10132 8585 10136 8106 
f 7955 9958 8585 10132 
f 9959 7896 9753 8586 
f 8586 9753 7894 9958 
f 9818 8586 9958 7955 
f 7957 9959 8586 9818 
f 9960 7898 9755 8587 
f 8587 9755 7896 9959 
f 9821 8587 9959 7957 
f 7959 9960 8587 9821 
f 9961 7900 9757 8588 
f 8588 9757 7898 9960 
f 9824 8588 9960 7959 
f 7961 9961 8588 9824 
f 9962 7902 9759 8589 
f 8589 9759 7900 9961 
f 9827 8589 9961 7961 
f 7963 9962 8589 9827 
f 7904 9964 9963 7905 
f 7968 9963 9964 7965 
f 7909 7908 9966 9965 
f 9965 9966 7969 7972 
f 8590 9967 7912 9761 
f 9965 8590 9761 7909 
f 7972 9834 8590 9965 
f 9834 7973 9967 8590 
f 9968 7914 9763 8591 
f 8591 9763 7912 9967 
f 7973 9837 8591 9967 
f 9837 7975 9968 8591 
f 9969 7916 10188 8592 
f 8592 10188 8151 10072 
f 10072 8071 10094 8592 
f 10094 8075 10189 8592 
f 8592 10189 7977 9969 
f 8593 9970 7918 10074 
f 10095 8593 10074 8073 
f 8077 10076 8593 10095 
f 10076 7979 9970 8593 
f 8594 9971 7920 9769 
f 9970 8594 9769 7918 
f 7979 9846 8594 9970 
f 9846 7981 9971 8594 
f 9972 7922 9771 8595 
f 8595 9771 7920 9971 
f 7981 9849 8595 9971 
f 7983 9972 8595 9849 
f 9973 7924 9773 8596 
f 8596 9773 7922 9972 
f 9852 8596 9972 7983 
f 7985 9973 8596 9852 
f 9974 7926 9775 8597 
f 8597 9775 7924 9973 
f 9855 8597 9973 7985 
f 7987 9974 8597 9855 
f 9975 7928 9777 8598 
f 8598 9777 7926 9974 
f 9858 8598 9974 7987 
f 9858 7989 9975 8598 
f 9976 7930 9779 8599 
f 8599 9779 7928 9975 
f 7989 9861 8599 9975 
f 7991 9976 8599 9861 
f 8600 9977 7932 9781 
f 8600 9781 7930 9976 
f 7991 9864 8600 9976 
f 9864 7993 9977 8600 
f 7993 9905 8603 9977 
f 9905 8018 9983 8603 
f 9981 8625 9947 7862 
f 8023 9947 8625 10025 
f 7826 9979 9978 8024 
f 7821 9978 9979 7822 
f 9979 7826 9649 8601 
f 8601 9649 7827 9980 
f 9688 8601 9980 7832 
f 7822 9979 8601 9688 
f 8602 9980 7827 9982 
f 9981 8602 9982 8025 
f 8602 9981 7862 9717 
f 9717 7832 9980 8602 
f 8603 9983 7935 9885 
f 9977 8603 9885 7932 
f 9984 8022 9946 8604 
f 8604 9946 8023 9985 
f 9985 8018 9902 8604 
f 9984 8604 9902 7863 
f 10025 8624 9985 8023 
f 8624 9983 8018 9985 
f 7604 9986 9476 7667 
f 7669 9476 9986 8026 
f 9386 9478 7670 7603 
f 9386 7604 7667 9478 
f 9388 9480 7672 7606 
f 7603 7670 9480 9388 
f 7608 9390 9482 7674 
f 9390 7606 7672 9482 
f 7610 9392 9484 7676 
f 9392 7608 7674 9484 
f 7612 9394 9486 7678 
f 9394 7610 7676 9486 
f 7614 9396 9488 7680 
f 9396 7612 7678 9488 
f 9398 9490 7682 7616 
f 9398 7614 7680 9490 
f 9400 9492 7684 7618 
f 7616 7682 9492 9400 
f 10178 10182 7686 7620 
f 8141 8145 10182 10178 
f 10055 10062 7688 7622 
f 8054 8061 10062 10055 
f 9406 9498 7690 7624 
f 7622 7688 9498 9406 
f 9408 9500 7692 7626 
f 7624 7690 9500 9408 
f 7668 9475 9411 7627 
f 7590 9411 9475 7599 
f 7671 9477 9414 7630 
f 9477 7668 7627 9414 
f 7673 9479 9417 7632 
f 7671 7630 9417 9479 
f 7675 9481 9420 7634 
f 9481 7673 7632 9420 
f 7677 9483 9423 7636 
f 9483 7675 7634 9423 
f 7679 9485 9426 7638 
f 9485 7677 7636 9426 
f 7681 9487 9429 7640 
f 9487 7679 7638 9429 
f 9489 9432 7642 7683 
f 7681 7640 9432 9489 
f 9491 9435 7644 7685 
f 7683 7642 9435 9491 
f 10181 10180 7646 7687 
f 8144 8143 10180 10181 
f 10061 10058 7648 7689 
f 8060 8057 10058 10061 
f 9497 9444 7650 7691 
f 7689 7648 9444 9497 
f 9499 9447 7652 7693 
f 7691 7650 9447 9499 
f 7626 9547 9521 7625 
f 7704 9521 9547 7718 
f 9553 9548 7692 7693 
f 7722 7719 9548 9553 
f 7749 7750 7744 7745 
f 7754 7747 7748 7753 
f 9664 9663 7744 7750 
f 9666 9665 7747 7754 
f 7842 7749 7745 7840 
f 7753 7748 7841 7844 
f 7905 7906 7903 7904 
f 7908 7909 7910 7907 
f 7965 9830 9831 7968 
f 9830 7966 7967 9831 
f 9832 9833 7972 7969 
f 7970 7971 9833 9832 
f 7995 9867 9888 8013 
f 9867 7996 8014 9888 
f 7996 9868 9889 8014 
f 8005 9889 9868 7997 
f 9869 9891 8004 7998 
f 7999 8015 9891 9869 
f 9870 9893 8015 7999 
f 9870 8000 8016 9893 
f 8000 9871 9894 8016 
f 9871 8001 8007 9894 
f 8002 10191 10193 8006 
f 10191 8079 8081 10193 
f 7966 9879 9900 7967 
f 8009 9900 9879 8008 
f 7998 9896 9857 7986 
f 7988 9857 9896 7997 
f 8002 10194 9845 7978 
f 10194 8153 8138 9845 
f 8017 9898 9839 7974 
f 7976 9839 9898 8003 
f 7970 9899 9836 7971 
f 9899 8017 7974 9836 
f 7718 7719 7841 7842 
f 7722 7720 7843 7844 
f 7907 9925 9926 7906 
f 7903 9927 9928 7901 
f 7902 9962 9964 7904 
f 7905 9963 9966 7908 
f 7965 9964 9962 7963 
f 9966 9963 7968 7969 
f 7803 7804 9987 9912 
f 7800 9912 9987 7859 
f 7808 8179 9989 9988 
f 9988 9989 7810 7811 
f 10262 7809 9641 8605 
f 8605 9641 7817 9990 
f 9990 7813 9637 8605 
f 8605 9637 7810 10262 
f 7804 7808 9988 9987 
f 9987 9988 7811 7859 
f 8606 9640 8177 9786 
f 9992 8606 9786 7936 
f 8606 9992 8027 9991 
f 9640 8606 9991 7816 
f 7806 9713 9993 7805 
f 7829 9993 9713 7797 
f 7814 7815 9913 9712 
f 9712 9913 7795 7796 
f 7814 7806 9633 9638 
f 9638 9633 7807 7801 
f 8607 8721 10254 9787 
f 8607 9787 7805 9993 
f 9993 7829 9683 8607 
f 9943 8721 8607 9683 
f 8608 9995 8027 9992 
f 8608 9992 7936 9994 
f 9994 7933 9783 8608 
f 9995 8608 9783 7934 
f 9982 7827 9650 8609 
f 9997 8609 9650 7828 
f 8609 9997 8028 9996 
f 8609 9996 8025 9982 
f 7826 8024 8029 7825 
f 8610 9998 8021 9909 
f 10000 8610 9909 7860 
f 8610 10000 8031 9999 
f 9998 8610 9999 8030 
f 10001 7860 7812 10002 
f 8032 10001 10002 8033 
f 8611 10003 7813 9990 
f 10005 8611 9990 7817 
f 8611 10005 8035 10004 
f 10003 8611 10004 8034 
f 10006 8028 9997 8612 
f 8612 9997 7828 10008 
f 10008 8037 10007 8612 
f 8612 10007 8036 10006 
f 10009 8025 9996 8613 
f 8613 9996 8028 10006 
f 10006 8036 10010 8613 
f 10009 8613 10010 8038 
f 7813 10003 10002 7812 
f 10002 10003 8034 8033 
f 8614 10000 7860 10001 
f 10011 8031 10000 8614 
f 10011 8614 10001 8032 
f 8615 10005 7817 9642 
f 10013 8615 9642 7816 
f 8615 10013 8039 10012 
f 10005 8615 10012 8035 
f 10008 7828 9651 8616 
f 8616 9651 7823 10015 
f 10015 8039 10014 8616 
f 8616 10014 8037 10008 
f 8617 10016 8030 9999 
f 10017 8617 9999 8031 
f 8617 10017 7821 9645 
f 10016 8617 9645 7818 
f 8033 10019 10018 8032 
f 8024 10018 10019 8029 
f 8618 10020 8034 10004 
f 10021 8618 10004 8035 
f 8618 10021 7824 9648 
f 10020 8618 9648 7825 
f 10022 8036 10007 8619 
f 8619 10007 8037 10023 
f 10023 8027 9995 8619 
f 8619 9995 7934 10022 
f 8620 10024 8038 10010 
f 10022 8620 10010 8036 
f 10022 7934 9784 8620 
f 10024 8620 9784 7935 
f 8033 8034 10020 10019 
f 10019 10020 7825 8029 
f 8031 10011 8621 10017 
f 10017 8621 9978 7821 
f 8621 10011 8032 10018 
f 10018 8024 9978 8621 
f 8622 10021 8035 10012 
f 10015 8622 10012 8039 
f 8622 10015 7823 9647 
f 8622 9647 7824 10021 
f 10023 8037 10014 8623 
f 8623 10014 8039 10013 
f 8623 10013 7816 9991 
f 8623 9991 8027 10023 
f 10025 8038 10024 8624 
f 8624 10024 7935 9983 
f 8625 10009 8038 10025 
f 8625 9981 8025 10009 
f 8026 9986 9602 7783 
f 7601 9602 9986 7604 
f 9449 7589 9374 8626 
f 8626 9374 8020 9907 
f 9907 7706 9524 8626 
f 8626 9524 7654 9449 
f 8041 10027 10026 8040 
f 10026 10027 7781 7782 
f 9623 7591 9376 8627 
f 8627 9376 7592 9603 
f 9603 7784 9613 8627 
f 9623 8627 9613 7792 
f 10027 8041 10028 8628 
f 8628 9681 7781 10027 
f 8040 10026 9906 8019 
f 9906 10026 7782 7858 
f 10029 8042 10030 8629 
f 8629 10030 7830 9685 
f 9685 7831 9715 8629 
f 8629 9715 7861 10029 
f 10031 7593 9380 8630 
f 8630 9380 7597 9624 
f 8630 9624 7798 9908 
f 10031 8630 9908 8021 
f 10032 7598 10033 8631 
f 8631 10033 8042 10029 
f 10029 7861 9945 8631 
f 8631 9945 8022 10032 
f 8632 10034 7870 9728 
f 9949 8632 9728 7871 
f 9730 7873 10034 8632 
f 8632 9949 7872 9730 
f 9718 7864 9382 8633 
f 8633 9382 7598 10032 
f 10032 8022 9984 8633 
f 8633 9984 7863 9718 
f 10035 7600 9383 8634 
f 8634 9383 7593 10031 
f 10031 8021 9998 8634 
f 8634 9998 8030 10035 
f 9643 7819 9384 8635 
f 8635 9384 7600 10035 
f 10035 8030 10016 8635 
f 8635 10016 7818 9643 
f 7725 7727 10045 10044 
f 10044 10045 8088 8087 
f 10045 7727 9653 8636 
f 9914 8637 8636 9653 
f 8637 10114 10113 8636 
f 8636 10113 8088 10045 
f 8637 9914 7913 10046 
f 10046 8089 10114 8637 
f 10046 7913 9764 8638 
f 8638 9764 8070 10096 
f 10096 8095 10115 8638 
f 8638 10115 8089 10046 
f 8639 10047 7915 9766 
f 10222 8639 9766 8133 
f 8639 10222 8156 10197 
f 10047 8639 10197 8090 
f 8640 10048 7917 9917 
f 9656 8641 8640 9917 
f 8641 10118 10117 8640 
f 10048 8640 10117 8091 
f 8641 9656 7731 10049 
f 10049 8092 10118 8641 
f 7730 10050 10049 7731 
f 8092 10049 10050 8093 
f 10050 7730 9558 8642 
f 8642 9558 8066 10098 
f 10098 8097 10119 8642 
f 8642 10119 8093 10050 
f 8643 10051 7728 9556 
f 10223 8643 9556 8125 
f 8643 10223 8157 10198 
f 10051 8643 10198 8094 
f 10053 10153 8051 8052 
f 8141 8116 10153 10053 
f 10055 9403 8053 8054 
f 7622 7621 9403 10055 
f 10084 8057 10156 8644 
f 8644 10156 8119 10224 
f 10224 8118 10155 8644 
f 8644 10155 8056 10084 
f 9494 9493 8058 8059 
f 7684 7685 9493 9494 
f 10159 10158 8060 8061 
f 8122 8121 10158 10159 
f 10085 8062 10063 8645 
f 8645 10063 7700 9513 
f 9513 7617 10052 8645 
f 8645 10052 8051 10085 
f 8646 10086 8063 10064 
f 8646 10064 8146 10225 
f 10225 8142 10054 8646 
f 8646 10054 8053 10086 
f 8065 10066 10177 8086 
f 10066 8147 8140 10177 
f 10068 10042 8085 8067 
f 10068 8048 8049 10042 
f 8693 8647 10087 10092 
f 10219 10226 8647 8693 
f 8647 10226 8147 10066 
f 10087 8647 10066 8065 
f 10041 8048 10068 8648 
f 8648 10068 8067 10088 
f 8064 10162 10069 8068 
f 10162 8125 8149 10069 
f 9558 10070 8069 8066 
f 7730 7834 10070 9558 
f 10072 10071 8070 8071 
f 8151 8150 10071 10072 
f 8073 10074 10073 8072 
f 10074 7918 7917 10073 
f 10089 8076 10190 8649 
f 8649 10190 7978 9841 
f 9841 7977 10189 8649 
f 8649 10189 8075 10089 
f 8650 10090 8078 10077 
f 9844 8650 10077 7980 
f 8650 9844 7979 10076 
f 10090 8650 10076 8077 
f 8079 10191 10190 8076 
f 10191 8002 7978 10190 
f 8651 10091 8081 9895 
f 9881 8651 9895 8010 
f 8651 9881 7958 10075 
f 10091 8651 10075 8074 
f 8080 9877 9897 8082 
f 8001 9897 9877 8007 
f 10160 10166 8069 8062 
f 8123 8129 10166 10160 
f 8063 9516 9689 8068 
f 9516 7702 7724 9689 
f 10037 8045 10038 8652 
f 8652 10038 8083 10092 
f 10088 8688 8653 10093 
f 8688 10214 10227 8653 
f 8653 10227 8139 10176 
f 10093 8653 10176 8084 
f 8654 10094 8071 9765 
f 8654 9765 7914 9968 
f 9840 8654 9968 7975 
f 8075 10094 8654 9840 
f 8655 10095 8073 10171 
f 10228 8655 10171 8134 
f 8137 10174 8655 10228 
f 10174 8077 10095 8655 
f 9402 9494 8059 8052 
f 7618 7684 9494 9402 
f 10154 10159 8061 8054 
f 8117 8122 10159 10154 
f 9493 9438 8055 8058 
f 7685 7644 9438 9493 
f 10158 10156 8057 8060 
f 8121 8119 10156 10158 
f 8079 9872 9895 8081 
f 8010 9895 9872 8003 
f 8082 9897 10077 8078 
f 7980 10077 9897 8001 
f 10096 8070 10071 8656 
f 8656 10071 8150 10229 
f 10229 8158 10199 8656 
f 8656 10199 8095 10096 
f 8657 10097 8072 10073 
f 10048 8657 10073 7917 
f 8657 10048 8091 10122 
f 10097 8657 10122 8096 
f 10098 8066 10067 8658 
f 8658 10067 8148 10230 
f 10230 8159 10200 8658 
f 8658 10200 8097 10098 
f 8659 10099 8064 10065 
f 10044 8659 10065 7725 
f 8659 10044 8087 10124 
f 10099 8659 10124 8098 
f 8660 10100 7954 9814 
f 9878 8660 9814 7952 
f 8660 9878 8007 9877 
f 10100 8660 9877 8080 
f 10102 10101 8087 8088 
f 8044 8043 10101 10102 
f 10114 8662 8661 10113 
f 8662 10037 10036 8661 
f 8661 10036 8044 10102 
f 10113 8661 10102 8088 
f 8662 10114 8089 10103 
f 10037 8662 10103 8045 
f 8663 10115 8095 10109 
f 10038 8663 10109 8083 
f 8663 10038 8045 10103 
f 10115 8663 10103 8089 
f 10116 8096 10110 8664 
f 8664 10110 8084 10176 
f 10176 8139 10231 8664 
f 8664 10231 8156 10116 
f 8666 8665 10117 10118 
f 10041 10040 8665 8666 
f 10040 8047 10105 8665 
f 8665 10105 8091 10117 
f 8666 10118 8092 10106 
f 8666 10106 8048 10041 
f 8093 10107 10106 8092 
f 8048 10106 10107 8049 
f 8667 10119 8097 10111 
f 10249 8667 10111 8170 
f 8667 10249 8049 10107 
f 10119 8667 10107 8093 
f 10120 8098 10112 8668 
f 8668 10112 8171 10245 
f 10245 8172 10243 8668 
f 8668 10243 8157 10120 
f 8669 10121 8090 10104 
f 10195 8669 10104 8046 
f 8669 10195 8154 10233 
f 10121 8669 10233 8158 
f 10122 8091 10105 8670 
f 8670 10105 8047 10081 
f 10081 8084 10110 8670 
f 8670 10110 8096 10122 
f 8671 10123 8094 10108 
f 10246 8671 10108 8169 
f 8671 10246 8173 10244 
f 10123 8671 10244 8159 
f 10124 8087 10101 8672 
f 8672 10101 8043 10250 
f 10250 8171 10112 8672 
f 8672 10112 8098 10124 
f 10133 8100 10126 8673 
f 8673 10126 7715 9541 
f 9541 7664 10125 8673 
f 8673 10125 8099 10133 
f 10128 9582 8101 8102 
f 7761 7762 9582 10128 
f 9671 7761 10128 8674 
f 8674 10128 8102 10134 
f 9582 10129 8103 8101 
f 7762 7848 10129 9582 
f 8105 10131 10130 8104 
f 10131 7894 7893 10130 
f 10161 10167 8103 8100 
f 10161 8124 8130 10167 
f 8689 8675 10135 10134 
f 10215 10235 8675 8689 
f 10235 8131 10168 8675 
f 8675 10168 8104 10135 
f 10136 8105 10169 8676 
f 8676 10169 8132 10236 
f 8135 10172 8676 10236 
f 10172 8106 10136 8676 
f 10137 8056 10155 8677 
f 8677 10155 8118 10237 
f 10237 8120 10157 8677 
f 8677 10157 8099 10137 
f 10147 8107 9437 8678 
f 8678 9437 7645 9465 
f 9465 7662 9468 8678 
f 8678 9468 8108 10147 
f 8679 10148 8109 10140 
f 10238 8679 10140 8163 
f 10238 8162 10139 8679 
f 8679 10139 8108 10148 
f 10142 10165 8110 8111 
f 8164 8128 10165 10142 
f 8694 8680 10149 10150 
f 10220 10239 8680 8694 
f 10239 8164 10142 8680 
f 8680 10142 8111 10149 
f 8110 10165 10143 8112 
f 10165 8128 8165 10143 
f 10145 10144 8113 8114 
f 8167 8166 10144 10145 
f 8109 9540 9703 8112 
f 9540 7713 7850 9703 
f 9934 7889 9748 8681 
f 8681 9748 8113 10150 
f 10151 8114 9749 8682 
f 8682 9749 7890 9956 
f 7951 9812 8682 9956 
f 9812 8115 10151 8682 
f 10152 8055 9438 8683 
f 8683 9438 7644 9433 
f 9433 7645 9437 8683 
f 8683 9437 8107 10152 
f 10154 10054 8142 8117 
f 8054 8053 10054 10154 
f 10210 8143 10056 8684 
f 8684 10056 8055 10152 
f 10152 8107 10138 8684 
f 8684 10138 8161 10210 
f 10211 8161 10138 8685 
f 8685 10138 8107 10147 
f 10147 8108 10139 8685 
f 8685 10139 8162 10211 
f 10060 10059 8144 8145 
f 8059 8058 10059 10060 
f 10212 8123 10160 8686 
f 8686 10160 8062 10085 
f 10085 8051 10153 8686 
f 8686 10153 8116 10212 
f 10213 8124 10161 8687 
f 8687 10161 8100 10133 
f 10133 8099 10157 8687 
f 8687 10157 8120 10213 
f 10163 10082 8155 8126 
f 8067 8085 10082 10163 
f 10164 10127 8160 8127 
f 8102 8101 10127 10164 
f 10088 8067 10163 8688 
f 8688 10163 8126 10214 
f 10134 8102 10164 8689 
f 8689 10164 8127 10215 
f 10067 10166 8129 8148 
f 8066 8069 10166 10067 
f 10127 10167 8130 8160 
f 8101 8103 10167 10127 
f 10169 10168 8131 8132 
f 10169 8105 8104 10168 
f 8134 10171 10170 8133 
f 10171 8073 8072 10170 
f 10216 8136 10173 8690 
f 8690 10173 7956 9816 
f 9816 7955 10132 8690 
f 8690 10132 8106 10172 
f 10172 8135 10216 8690 
f 8691 10217 8138 10175 
f 10090 8691 10175 8078 
f 8691 10090 8077 10174 
f 10217 8691 10174 8137 
f 8692 10218 8152 10192 
f 9876 8692 10192 8006 
f 8692 9876 7956 10173 
f 10218 8692 10173 8136 
f 8152 10078 10079 8153 
f 10078 8080 8082 10079 
f 8146 10064 10069 8149 
f 10064 8063 8068 10069 
f 8163 10140 10143 8165 
f 10140 8109 8112 10143 
f 10092 8083 10080 8693 
f 8693 10080 8154 10219 
f 10150 8113 10144 8694 
f 8694 10144 8166 10220 
f 10221 8167 10145 8695 
f 8695 10145 8114 10151 
f 10146 8695 10151 8115 
f 8168 10221 8695 10146 
f 10053 10060 8145 8141 
f 8052 8059 10060 10053 
f 10059 10056 8143 8144 
f 8058 8055 10056 10059 
f 8153 10079 10175 8138 
f 10079 8082 8078 10175 
f 8696 10222 8133 10170 
f 10097 8696 10170 8072 
f 8696 10097 8096 10116 
f 10222 8696 10116 8156 
f 8697 10223 8125 10162 
f 10099 8697 10162 8064 
f 8697 10099 8098 10120 
f 10223 8697 10120 8157 
f 10178 9401 8116 8141 
f 7620 7619 9401 10178 
f 10224 8119 9441 8698 
f 8698 9441 7646 9436 
f 9436 7647 9440 8698 
f 8698 9440 8118 10224 
f 9496 9495 8121 8122 
f 7686 7687 9495 9496 
f 10225 8146 10183 8699 
f 8699 10183 7701 9515 
f 9515 7619 10179 8699 
f 8699 10179 8142 10225 
f 8147 10184 10043 8140 
f 10184 7729 8050 10043 
f 8700 9655 7729 10184 
f 10226 8700 10184 8147 
f 8125 9556 10186 8149 
f 7728 7833 10186 9556 
f 10188 10187 8150 8151 
f 7916 7915 10187 10188 
f 9514 9690 8129 8123 
f 7701 7833 9690 9514 
f 8701 9916 8046 10039 
f 10227 8701 10039 8139 
f 8702 10228 8134 9767 
f 8702 9767 7916 9969 
f 7977 9843 8702 9969 
f 9843 8137 10228 8702 
f 9404 9496 8122 8117 
f 7620 7686 9496 9404 
f 9495 9441 8119 8121 
f 7687 7646 9441 9495 
f 10229 8150 10187 8703 
f 8703 10187 7915 10047 
f 10047 8090 10121 8703 
f 8703 10121 8158 10229 
f 10230 8148 10185 8704 
f 8704 10185 7728 10051 
f 10051 8094 10123 8704 
f 8704 10123 8159 10230 
f 8705 10231 8139 10039 
f 10104 8705 10039 8046 
f 8705 10104 8090 10197 
f 10231 8705 10197 8156 
f 8706 10232 8140 10043 
f 10240 8706 10043 8050 
f 8706 10240 8169 10247 
f 10232 8706 10247 8172 
f 10233 8154 10080 8707 
f 8707 10080 8083 10109 
f 10109 8095 10199 8707 
f 8707 10199 8158 10233 
f 10234 8155 10082 8708 
f 8708 10082 8085 10241 
f 10241 8170 10248 8708 
f 8708 10248 8173 10234 
f 8124 9542 9702 8130 
f 9542 7714 7849 9702 
f 9933 7891 9750 8709 
f 8709 9750 8131 10235 
f 10236 8132 9751 8710 
f 8710 9751 7892 9957 
f 9815 8710 9957 7953 
f 8135 10236 8710 9815 
f 10237 8118 9440 8711 
f 8711 9440 7647 9467 
f 9467 7663 9470 8711 
f 8711 9470 8120 10237 
f 8712 10238 8163 10204 
f 9539 8712 10204 7714 
f 9539 7663 10203 8712 
f 8712 10203 8162 10238 
f 10205 9584 8128 8164 
f 7763 7764 9584 10205 
f 9672 7763 10205 8713 
f 8713 10205 8164 10239 
f 8128 9584 10206 8165 
f 9584 7764 7849 10206 
f 8167 10208 10207 8166 
f 10208 7892 7891 10207 
f 10245 8171 10242 8714 
f 8714 10242 8086 10177 
f 10177 8140 10232 8714 
f 8714 10232 8172 10245 
f 8715 10246 8169 10240 
f 10196 8715 10240 8050 
f 8715 10196 8155 10234 
f 10246 8715 10234 8173 
f 10247 8169 10108 8716 
f 8716 10108 8094 10198 
f 10198 8157 10243 8716 
f 8716 10243 8172 10247 
f 8717 10248 8170 10111 
f 10200 8717 10111 8097 
f 8717 10200 8159 10244 
f 10248 8717 10244 8173 
f 8718 10249 8170 10241 
f 8718 10241 8085 10042 
f 10042 8049 10249 8718 
f 10250 8043 10083 8719 
f 8719 10083 8086 10242 
f 8719 10242 8171 10250 
f 7570 8916 10251 
f 7294 7467 10251 8916 
f 7859 9714 10252 7800 
f 7860 10252 9714 
f 9310 8720 8955 7286 
f 8720 9310 7564 10253 
f 8721 9943 7933 9994 
f 9994 7936 10254 8721 
f 8920 8175 10259 8722 
f 8722 10259 8176 10256 
f 10266 8722 10256 
f 8722 10266 7559 8920 
f 9303 7559 10266 8723 
f 10256 8728 8723 10266 
f 8728 10265 10255 8723 
f 8723 10255 8174 9303 
f 8724 9635 8178 10263 
f 10257 8726 8724 10263 
f 8726 10264 10258 8724 
f 9635 8724 10258 8179 
f 8725 9989 8179 10258 
f 10258 10264 8725 
f 8725 10264 7809 10262 
f 9989 8725 10262 7810 
f 8726 10257 8177 10261 
f 10261 7809 10264 8726 
f 9632 8727 10263 8178 
f 8727 9632 7805 9787 
f 10260 8728 10256 8176 
f 8728 10260 7296 10265 
f 9308 8729 10265 7296 
f 8729 9308 7568 9315 
f 10315 10270 10316 10289 
f 10289 10316 10267 10317 
f 10317 10272 10318 10289 
f 10289 10318 10271 10315 
f 10317 10267 10319 10290 
f 10320 10290 10319 10268 
f 10290 10320 10273 10321 
f 10290 10321 10272 10317 
f 10291 10320 10268 10322 
f 10324 10291 10322 10269 
f 10291 10324 10274 10323 
f 10320 10291 10323 10273 
f 10292 10350 10270 10315 
f 10325 10292 10315 10271 
f 10325 10283 10355 10292 
f 10292 10355 10284 10350 
f 10293 10325 10271 10318 
f 10293 10318 10272 10328 
f 10328 10285 10356 10293 
f 10293 10356 10283 10325 
f 10328 10272 10321 10294 
f 10330 10294 10321 10273 
f 10330 10286 10357 10294 
f 10294 10357 10285 10328 
f 10295 10330 10273 10323 
f 10295 10323 10274 10332 
f 10295 10332 10287 10358 
f 10295 10358 10286 10330 
f 10332 10274 10324 10296 
f 10296 10324 10269 10334 
f 10296 10334 10288 10359 
f 10332 10296 10359 10287 
f 10297 10326 10275 10329 
f 10335 10297 10329 10276 
f 10297 10335 10281 10336 
f 10326 10297 10336 10280 
f 10298 10335 10276 10331 
f 10298 10331 10277 10337 
f 10337 10282 10338 10298 
f 10335 10298 10338 10281 
f 10337 10277 10333 10299 
f 10299 10333 10278 10339 
f 10339 10279 10340 10299 
f 10299 10340 10282 10337 
f 10316 10362 10363 10267 
f 10270 10364 10362 10316 
f 10365 10366 10268 10319 
f 10267 10363 10365 10319 
f 10269 10322 10367 10368 
f 10322 10268 10366 10367 
f 10334 10369 10370 10288 
f 10334 10269 10368 10369 
f 10340 10371 10372 10282 
f 10279 10373 10371 10340 
f 10374 10375 10281 10338 
f 10338 10282 10372 10374 
f 10280 10336 10376 10377 
f 10336 10281 10375 10376 
f 10327 10378 10379 10284 
f 10327 10280 10377 10378 
f 10355 10283 10349 10308 
f 10326 10308 10349 10275 
f 10308 10326 10280 10327 
f 10308 10327 10284 10355 
f 10356 10285 10351 10309 
f 10309 10351 10276 10329 
f 10309 10329 10275 10349 
f 10309 10349 10283 10356 
f 10357 10286 10352 10310 
f 10331 10310 10352 10277 
f 10331 10276 10351 10310 
f 10310 10351 10285 10357 
f 10311 10358 10287 10353 
f 10311 10353 10278 10333 
f 10311 10333 10277 10352 
f 10311 10352 10286 10358 
f 10312 10359 10288 10354 
f 10312 10354 10279 10339 
f 10339 10278 10353 10312 
f 10359 10312 10353 10287 
f 10354 10380 10373 10279 
f 10354 10288 10370 10380 
f 10350 10381 10364 10270 
f 10350 10284 10379 10381 
f 10362 10300 10342 10363 
f 10364 10341 10300 10362 
f 10365 10301 10343 10366 
f 10301 10365 10363 10342 
f 10302 10344 10368 10367 
f 10302 10367 10366 10343 
f 10369 10303 10360 10370 
f 10303 10369 10368 10344 
f 10304 10346 10372 10371 
f 10345 10304 10371 10373 
f 10305 10347 10375 10374 
f 10346 10305 10374 10372 
f 10306 10348 10377 10376 
f 10347 10306 10376 10375 
f 10361 10379 10378 10307 
f 10307 10378 10377 10348 
f 10313 10345 10373 10380 
f 10360 10313 10380 10370 
f 10314 10341 10364 10381 
f 10361 10314 10381 10379 
f 10341 10392 10382 10300 
f 10300 10382 10393 10342 
f 10342 10393 10383 10301 
f 10343 10301 10383 10394 
f 10302 10343 10394 10384 
f 10344 10302 10384 10395 
f 10303 10344 10395 10385 
f 10303 10385 10400 10360 
f 10345 10396 10386 10304 
f 10304 10386 10397 10346 
f 10346 10397 10387 10305 
f 10347 10305 10387 10398 
f 10306 10347 10398 10388 
f 10348 10306 10388 10399 
f 10307 10348 10399 10389 
f 10361 10307 10389 10401 
f 10313 10360 10400 10390 
f 10313 10390 10396 10345 
f 10314 10361 10401 10391 
f 10314 10391 10392 10341 
f 10450 10405 10451 10424 
f 10424 10451 10402 10452 
f 10452 10407 10453 10424 
f 10424 10453 10406 10450 
f 10452 10402 10454 10425 
f 10455 10425 10454 10403 
f 10425 10455 10408 10456 
f 10425 10456 10407 10452 
f 10426 10455 10403 10457 
f 10459 10426 10457 10404 
f 10426 10459 10409 10458 
f 10455 10426 10458 10408 
f 10427 10485 10405 10450 
f 10460 10427 10450 10406 
f 10460 10418 10490 10427 
f 10427 10490 10419 10485 
f 10428 10460 10406 10453 
f 10428 10453 10407 10463 
f 10463 10420 10491 10428 
f 10428 10491 10418 10460 
f 10463 10407 10456 10429 
f 10465 10429 10456 10408 
f 10465 10421 10492 10429 
f 10429 10492 10420 10463 
f 10430 10465 10408 10458 
f 10430 10458 10409 10467 
f 10430 10467 10422 10493 
f 10430 10493 10421 10465 
f 10467 10409 10459 10431 
f 10431 10459 10404 10469 
f 10431 10469 10423 10494 
f 10467 10431 10494 10422 
f 10432 10461 10410 10464 
f 10470 10432 10464 10411 
f 10432 10470 10416 10471 
f 10461 10432 10471 10415 
f 10433 10470 10411 10466 
f 10433 10466 10412 10472 
f 10472 10417 10473 10433 
f 10470 10433 10473 10416 
f 10472 10412 10468 10434 
f 10434 10468 10413 10474 
f 10474 10414 10475 10434 
f 10434 10475 10417 10472 
f 10451 10497 10498 10402 
f 10405 10499 10497 10451 
f 10500 10501 10403 10454 
f 10402 10498 10500 10454 
f 10404 10457 10502 10503 
f 10457 10403 10501 10502 
f 10469 10504 10505 10423 
f 10469 10404 10503 10504 
f 10475 10506 10507 10417 
f 10414 10508 10506 10475 
f 10509 10510 10416 10473 
f 10417 10507 10509 10473 
f 10415 10471 10511 10512 
f 10471 10416 10510 10511 
f 10462 10513 10514 10419 
f 10462 10415 10512 10513 
f 10490 10418 10484 10443 
f 10461 10443 10484 10410 
f 10443 10461 10415 10462 
f 10443 10462 10419 10490 
f 10491 10420 10486 10444 
f 10444 10486 10411 10464 
f 10444 10464 10410 10484 
f 10444 10484 10418 10491 
f 10492 10421 10487 10445 
f 10466 10445 10487 10412 
f 10466 10411 10486 10445 
f 10445 10486 10420 10492 
f 10446 10493 10422 10488 
f 10446 10488 10413 10468 
f 10446 10468 10412 10487 
f 10446 10487 10421 10493 
f 10447 10494 10423 10489 
f 10447 10489 10414 10474 
f 10474 10413 10488 10447 
f 10494 10447 10488 10422 
f 10489 10515 10508 10414 
f 10489 10423 10505 10515 
f 10485 10516 10499 10405 
f 10485 10419 10514 10516 
f 10435 10477 10498 10497 
f 10499 10476 10435 10497 
f 10500 10436 10478 10501 
f 10436 10500 10498 10477 
f 10437 10479 10503 10502 
f 10437 10502 10501 10478 
f 10504 10438 10495 10505 
f 10438 10504 10503 10479 
f 10439 10481 10507 10506 
f 10508 10480 10439 10506 
f 10482 10510 10509 10440 
f 10481 10440 10509 10507 
f 10441 10483 10512 10511 
f 10441 10511 10510 10482 
f 10442 10496 10514 10513 
f 10483 10442 10513 10512 
f 10448 10480 10508 10515 
f 10495 10448 10515 10505 
f 10449 10476 10499 10516 
f 10496 10449 10516 10514 
f 10476 10527 10517 10435 
f 10435 10517 10528 10477 
f 10477 10528 10518 10436 
f 10478 10436 10518 10529 
f 10437 10478 10529 10519 
f 10479 10437 10519 10530 
f 10438 10479 10530 10520 
f 10438 10520 10535 10495 
f 10480 10531 10521 10439 
f 10439 10521 10532 10481 
f 10481 10532 10522 10440 
f 10482 10440 10522 10533 
f 10441 10482 10533 10523 
f 10483 10441 10523 10534 
f 10442 10483 10534 10524 
f 10442 10524 10536 10496 
f 10448 10495 10535 10525 
f 10448 10525 10531 10480 
f 10449 10496 10536 10526 
f 10476 10449 10526 10527 
f 10586 10540 10585 10559 
f 10537 10586 10559 10587 
f 10588 10542 10587 10559 
f 10541 10588 10559 10585 
f 10589 10537 10587 10560 
f 10590 10538 10589 10560 
f 10560 10591 10543 10590 
f 10542 10591 10560 10587 
f 10561 10592 10538 10590 
f 10594 10539 10592 10561 
f 10561 10593 10544 10594 
f 10590 10543 10593 10561 
f 10562 10585 10540 10620 
f 10595 10541 10585 10562 
f 10625 10553 10595 10562 
f 10554 10625 10562 10620 
f 10563 10588 10541 10595 
f 10542 10588 10563 10598 
f 10626 10555 10598 10563 
f 10553 10626 10563 10595 
f 10591 10542 10598 10564 
f 10600 10543 10591 10564 
f 10627 10556 10600 10564 
f 10555 10627 10564 10598 
f 10565 10593 10543 10600 
f 10544 10593 10565 10602 
f 10565 10628 10557 10602 
f 10556 10628 10565 10600 
f 10594 10544 10602 10566 
f 10539 10594 10566 10604 
f 10566 10629 10558 10604 
f 10602 10557 10629 10566 
f 10567 10599 10545 10596 
f 10605 10546 10599 10567 
f 10567 10606 10551 10605 
f 10596 10550 10606 10567 
f 10568 10601 10546 10605 
f 10547 10601 10568 10607 
f 10608 10552 10607 10568 
f 10605 10551 10608 10568 
f 10603 10547 10607 10569 
f 10548 10603 10569 10609 
f 10610 10549 10609 10569 
f 10552 10610 10569 10607 
f 10586 10537 10633 10632 
f 10540 10586 10632 10634 
f 10538 10636 10635 10589 
f 10537 10589 10635 10633 
f 10539 10638 10637 10592 
f 10592 10637 10636 10538 
f 10604 10558 10640 10639 
f 10604 10639 10638 10539 
f 10610 10552 10642 10641 
f 10549 10610 10641 10643 
f 10551 10645 10644 10608 
f 10608 10644 10642 10552 
f 10550 10647 10646 10606 
f 10606 10646 10645 10551 
f 10597 10554 10649 10648 
f 10597 10648 10647 10550 
f 10619 10553 10625 10578 
f 10596 10545 10619 10578 
f 10578 10597 10550 10596 
f 10554 10597 10578 10625 
f 10621 10555 10626 10579 
f 10546 10621 10579 10599 
f 10579 10619 10545 10599 
f 10553 10619 10579 10626 
f 10622 10556 10627 10580 
f 10601 10547 10622 10580 
f 10621 10546 10601 10580 
f 10555 10621 10580 10627 
f 10581 10623 10557 10628 
f 10548 10623 10581 10603 
f 10581 10622 10547 10603 
f 10556 10622 10581 10628 
f 10582 10624 10558 10629 
f 10549 10624 10582 10609 
f 10623 10548 10609 10582 
f 10629 10557 10623 10582 
f 10624 10549 10643 10650 
f 10624 10650 10640 10558 
f 10620 10540 10634 10651 
f 10620 10651 10649 10554 
f 10632 10633 10612 10570 
f 10634 10632 10570 10611 
f 10635 10636 10613 10571 
f 10633 10635 10571 10612 
f 10572 10637 10638 10614 
f 10636 10637 10572 10613 
f 10639 10640 10630 10573 
f 10638 10639 10573 10614 
f 10574 10641 10642 10616 
f 10641 10574 10615 10643 
f 10575 10644 10645 10617 
f 10616 10642 10644 10575 
f 10576 10646 10647 10618 
f 10617 10645 10646 10576 
f 10648 10649 10631 10577 
f 10647 10648 10577 10618 
f 10643 10615 10583 10650 
f 10630 10640 10650 10583 
f 10634 10611 10584 10651 
f 10631 10649 10651 10584 
f 10652 10662 10611 10570 
f 10663 10652 10570 10612 
f 10653 10663 10612 10571 
f 10613 10664 10653 10571 
f 10572 10654 10664 10613 
f 10614 10665 10654 10572 
f 10573 10655 10665 10614 
f 10670 10655 10573 10630 
f 10656 10666 10615 10574 
f 10667 10656 10574 10616 
f 10657 10667 10616 10575 
f 10617 10668 10657 10575 
f 10576 10658 10668 10617 
f 10618 10669 10658 10576 
f 10577 10659 10669 10618 
f 10631 10671 10659 10577 
f 10583 10660 10670 10630 
f 10666 10660 10583 10615 
f 10584 10661 10671 10631 
f 10662 10661 10584 10611 
f 10721 10675 10720 10694 
f 10672 10721 10694 10722 
f 10723 10677 10722 10694 
f 10676 10723 10694 10720 
f 10724 10672 10722 10695 
f 10725 10673 10724 10695 
f 10695 10726 10678 10725 
f 10677 10726 10695 10722 
f 10696 10727 10673 10725 
f 10729 10674 10727 10696 
f 10696 10728 10679 10729 
f 10725 10678 10728 10696 
f 10697 10720 10675 10755 
f 10730 10676 10720 10697 
f 10760 10688 10730 10697 
f 10689 10760 10697 10755 
f 10698 10723 10676 10730 
f 10677 10723 10698 10733 
f 10761 10690 10733 10698 
f 10688 10761 10698 10730 
f 10726 10677 10733 10699 
f 10735 10678 10726 10699 
f 10762 10691 10735 10699 
f 10690 10762 10699 10733 
f 10700 10728 10678 10735 
f 10679 10728 10700 10737 
f 10700 10763 10692 10737 
f 10691 10763 10700 10735 
f 10729 10679 10737 10701 
f 10674 10729 10701 10739 
f 10701 10764 10693 10739 
f 10737 10692 10764 10701 
f 10702 10734 10680 10731 
f 10740 10681 10734 10702 
f 10702 10741 10686 10740 
f 10731 10685 10741 10702 
f 10703 10736 10681 10740 
f 10682 10736 10703 10742 
f 10743 10687 10742 10703 
f 10740 10686 10743 10703 
f 10738 10682 10742 10704 
f 10683 10738 10704 10744 
f 10745 10684 10744 10704 
f 10687 10745 10704 10742 
f 10721 10672 10768 10767 
f 10675 10721 10767 10769 
f 10673 10771 10770 10724 
f 10672 10724 10770 10768 
f 10674 10773 10772 10727 
f 10727 10772 10771 10673 
f 10739 10693 10775 10774 
f 10739 10774 10773 10674 
f 10745 10687 10777 10776 
f 10684 10745 10776 10778 
f 10686 10780 10779 10743 
f 10779 10777 10687 10743 
f 10685 10782 10781 10741 
f 10741 10781 10780 10686 
f 10732 10689 10784 10783 
f 10732 10783 10782 10685 
f 10754 10688 10760 10713 
f 10731 10680 10754 10713 
f 10713 10732 10685 10731 
f 10689 10732 10713 10760 
f 10756 10690 10761 10714 
f 10681 10756 10714 10734 
f 10714 10754 10680 10734 
f 10688 10754 10714 10761 
f 10757 10691 10762 10715 
f 10736 10682 10757 10715 
f 10756 10681 10736 10715 
f 10690 10756 10715 10762 
f 10716 10758 10692 10763 
f 10683 10758 10716 10738 
f 10716 10757 10682 10738 
f 10691 10757 10716 10763 
f 10717 10759 10693 10764 
f 10684 10759 10717 10744 
f 10758 10683 10744 10717 
f 10764 10692 10758 10717 
f 10759 10684 10778 10785 
f 10759 10785 10775 10693 
f 10755 10675 10769 10786 
f 10755 10786 10784 10689 
f 10768 10747 10705 10767 
f 10769 10767 10705 10746 
f 10770 10771 10748 10706 
f 10768 10770 10706 10747 
f 10707 10772 10773 10749 
f 10771 10772 10707 10748 
f 10774 10775 10765 10708 
f 10773 10774 10708 10749 
f 10709 10776 10777 10751 
f 10778 10776 10709 10750 
f 10779 10780 10752 10710 
f 10751 10777 10779 10710 
f 10711 10781 10782 10753 
f 10780 10781 10711 10752 
f 10712 10783 10784 10766 
f 10753 10782 10783 10712 
f 10778 10750 10718 10785 
f 10765 10775 10785 10718 
f 10769 10746 10719 10786 
f 10766 10784 10786 10719 
f 10787 10797 10746 10705 
f 10798 10787 10705 10747 
f 10788 10798 10747 10706 
f 10748 10799 10788 10706 
f 10707 10789 10799 10748 
f 10749 10800 10789 10707 
f 10708 10790 10800 10749 
f 10805 10790 10708 10765 
f 10791 10801 10750 10709 
f 10802 10791 10709 10751 
f 10792 10802 10751 10710 
f 10752 10803 10792 10710 
f 10711 10793 10803 10752 
f 10753 10804 10793 10711 
f 10712 10794 10804 10753 
f 10806 10794 10712 10766 
f 10718 10795 10805 10765 
f 10801 10795 10718 10750 
f 10719 10796 10806 10766 
f 10746 10797 10796 10719 
f 10941 10815 10860 10942 
f 10861 10822 10838 10863 
f 10869 10862 10824 10840 
f 10929 10816 10817 10930 
f 10818 10859 10927 10928 
f 10824 10826 10846 10840 
f 10810 10860 10815 10809 
f 10813 10817 10816 10858 
f 10859 10818 10814 10857 
f 10817 10825 10931 10930 
f 10821 10932 10928 10812 
f 10809 10822 10861 10810 
f 10823 10813 10858 10819 
f 10824 10862 10857 10814 
f 10813 10823 10825 10817 
f 10826 10824 10814 10818 
f 10827 10828 10823 10819 
f 10828 10829 10825 10823 
f 10830 10831 10933 10934 
f 10836 10864 10943 10944 
f 10838 10839 10868 10863 
f 10869 10840 10841 10870 
f 10843 10867 10936 10937 
f 10935 10833 10844 10938 
f 10846 10847 10841 10840 
f 10848 10872 10864 10836 
f 10850 10871 10867 10843 
f 10833 10849 10851 10844 
f 10934 10832 10843 10937 
f 10852 10845 10938 10939 
f 10872 10848 10868 10839 
f 10871 10850 10853 10837 
f 10849 10870 10841 10851 
f 10850 10843 10832 10853 
f 10847 10844 10851 10841 
f 10854 10852 10939 10940 
f 10827 10837 10853 10828 
f 10832 10829 10828 10853 
f 10878 10856 10927 10945 
f 10888 10884 10858 10816 
f 10881 10857 10862 10896 
f 10887 10859 10857 10881 
f 10816 10929 10948 10888 
f 10884 10891 10819 10858 
f 10917 10896 10862 10869 
f 10897 10827 10819 10891 
f 10833 10935 10951 10900 
f 10908 10866 10936 10954 
f 10897 10912 10837 10827 
f 10917 10869 10870 10920 
f 10911 10867 10871 10923 
f 10900 10924 10849 10833 
f 10924 10920 10870 10849 
f 10923 10871 10837 10912 
f 10877 10878 10945 10946 
f 10877 10946 10947 10876 
f 10876 10947 10941 10808 
f 10889 10883 10884 10888 
f 10890 10882 10883 10889 
f 10860 10810 10882 10890 
f 10880 10881 10896 10895 
f 10879 10880 10895 10894 
f 10809 10879 10894 10822 
f 10886 10887 10881 10880 
f 10885 10886 10880 10879 
f 10815 10885 10879 10809 
f 10888 10948 10949 10889 
f 10889 10949 10950 10890 
f 10890 10950 10942 10860 
f 10883 10892 10891 10884 
f 10882 10893 10892 10883 
f 10810 10861 10893 10882 
f 10916 10895 10896 10917 
f 10915 10894 10895 10916 
f 10822 10894 10915 10838 
f 10898 10897 10891 10892 
f 10899 10898 10892 10893 
f 10863 10899 10893 10861 
f 10900 10951 10952 10901 
f 10901 10952 10953 10902 
f 10902 10953 10943 10864 
f 10907 10908 10954 10955 
f 10906 10907 10955 10956 
f 10835 10906 10956 10944 
f 10898 10913 10912 10897 
f 10914 10913 10898 10899 
f 10868 10914 10899 10863 
f 10916 10917 10920 10919 
f 10915 10916 10919 10918 
f 10838 10915 10918 10839 
f 10910 10911 10923 10922 
f 10909 10910 10922 10921 
f 10836 10909 10921 10848 
f 10901 10925 10924 10900 
f 10902 10926 10925 10901 
f 10864 10872 10926 10902 
f 10925 10919 10920 10924 
f 10926 10918 10919 10925 
f 10839 10918 10926 10872 
f 10922 10923 10912 10913 
f 10921 10922 10913 10914 
f 10848 10921 10914 10868 
f 10846 10826 10932 10940 
f 10831 10820 10931 10933 
f 10808 10941 10942 10855 
f 10807 10929 10930 10811 
f 10928 10927 10856 10812 
f 10930 10931 10820 10811 
f 10818 10928 10932 10826 
f 10832 10934 10933 10829 
f 10944 10943 10865 10835 
f 10937 10936 10866 10842 
f 10834 10935 10938 10845 
f 10830 10934 10937 10842 
f 10939 10938 10844 10847 
f 10940 10939 10847 10846 
f 10945 10927 10859 10887 
f 10873 10948 10929 10807 
f 10903 10951 10935 10834 
f 10954 10936 10867 10911 
f 10946 10945 10887 10886 
f 10947 10946 10886 10885 
f 10941 10947 10885 10815 
f 10874 10949 10948 10873 
f 10875 10950 10949 10874 
f 10855 10942 10950 10875 
f 10904 10952 10951 10903 
f 10953 10952 10904 10905 
f 10943 10953 10905 10865 
f 10955 10954 10911 10910 
f 10956 10955 10910 10909 
f 10944 10956 10909 10836 
f 10940 10932 10821 10854 
f 10933 10931 10825 10829 
f 11091 11092 11010 10965 
f 10988 10972 11011 11013 
f 11019 10990 10974 11012 
f 11079 11080 10967 10966 
f 10968 11078 11077 11009 
f 10996 10976 10974 10990 
f 10960 10959 10965 11010 
f 10963 11008 10966 10967 
f 11009 11007 10964 10968 
f 10967 11080 11081 10975 
f 10971 10962 11078 11082 
f 10959 10960 11011 10972 
f 11008 10963 10973 10969 
f 11007 11012 10974 10964 
f 10963 10967 10975 10973 
f 10976 10968 10964 10974 
f 10977 10969 10973 10978 
f 10975 10979 10978 10973 
f 11083 10981 10980 11084 
f 10986 11094 11093 11014 
f 11018 10989 10988 11013 
f 11019 11020 10991 10990 
f 10993 11087 11086 11017 
f 11085 11088 10994 10983 
f 10991 10997 10996 10990 
f 10998 10986 11014 11022 
f 11000 10993 11017 11021 
f 10983 10994 11001 10999 
f 11084 11087 10993 10982 
f 11002 11089 11088 10995 
f 11022 10989 11018 10998 
f 11003 11000 11021 10987 
f 10991 11020 10999 11001 
f 11000 11003 10982 10993 
f 10997 10991 11001 10994 
f 11089 11002 11004 11090 
f 10977 10978 11003 10987 
f 10978 10979 10982 11003 
f 11028 11095 11077 11006 
f 11038 10966 11008 11034 
f 11012 11007 11031 11046 
f 11007 11009 11037 11031 
f 10966 11038 11098 11079 
f 11034 11008 10969 11041 
f 11067 11019 11012 11046 
f 10969 10977 11047 11041 
f 10983 11050 11101 11085 
f 11058 11104 11086 11016 
f 11047 10977 10987 11062 
f 11020 11019 11067 11070 
f 11021 11017 11061 11073 
f 11050 10983 10999 11074 
f 11074 10999 11020 11070 
f 10987 11021 11073 11062 
f 11027 11096 11095 11028 
f 11097 11096 11027 11026 
f 11091 11097 11026 10958 
f 11039 11038 11034 11033 
f 11040 11039 11033 11032 
f 11010 11040 11032 10960 
f 11046 11031 11030 11045 
f 11045 11030 11029 11044 
f 11044 11029 10959 10972 
f 11031 11037 11036 11030 
f 11030 11036 11035 11029 
f 11029 11035 10965 10959 
f 11038 11039 11099 11098 
f 11039 11040 11100 11099 
f 11040 11010 11092 11100 
f 11033 11034 11041 11042 
f 11032 11033 11042 11043 
f 10960 11032 11043 11011 
f 11066 11067 11046 11045 
f 11065 11066 11045 11044 
f 11065 11044 10972 10988 
f 11041 11047 11048 11042 
f 11042 11048 11049 11043 
f 11043 11049 11013 11011 
f 11050 11051 11102 11101 
f 11051 11052 11103 11102 
f 11052 11014 11093 11103 
f 11057 11105 11104 11058 
f 11056 11106 11105 11057 
f 10985 11094 11106 11056 
f 11048 11047 11062 11063 
f 11048 11063 11064 11049 
f 11049 11064 11018 11013 
f 11070 11067 11066 11069 
f 11069 11066 11065 11068 
f 11068 11065 10988 10989 
f 11073 11061 11060 11072 
f 11072 11060 11059 11071 
f 11071 11059 10986 10998 
f 11051 11050 11074 11075 
f 11052 11051 11075 11076 
f 11014 11052 11076 11022 
f 11075 11074 11070 11069 
f 11076 11075 11069 11068 
f 11076 11068 10989 11022 
f 11062 11073 11072 11063 
f 11063 11072 11071 11064 
f 11064 11071 10998 11018 
f 11082 10976 10996 11090 
f 11081 10970 10981 11083 
f 10958 11005 11092 11091 
f 10957 10961 11080 11079 
f 11078 10962 11006 11077 
f 11080 10961 10970 11081 
f 10968 10976 11082 11078 
f 10982 10979 11083 11084 
f 11094 10985 11015 11093 
f 11087 10992 11016 11086 
f 10984 10995 11088 11085 
f 10980 10992 11087 11084 
f 11089 10997 10994 11088 
f 11090 10996 10997 11089 
f 11095 11037 11009 11077 
f 11023 10957 11079 11098 
f 11053 10984 11085 11101 
f 11104 11061 11017 11086 
f 11096 11036 11037 11095 
f 11097 11035 11036 11096 
f 11091 10965 11035 11097 
f 11024 11023 11098 11099 
f 11025 11024 11099 11100 
f 11005 11025 11100 11092 
f 11054 11053 11101 11102 
f 11054 11102 11103 11055 
f 11055 11103 11093 11015 
f 11105 11060 11061 11104 
f 11106 11059 11060 11105 
f 11094 10986 11059 11106 
f 10971 11082 11090 11004 
f 10975 11081 11083 10979 
f 11130 11119 11107 11118 
f 11119 11120 11108 11107 
f 11120 11121 11109 11108 
f 11121 11122 11110 11109 
f 11122 11123 11111 11110 
f 11123 11124 11112 11111 
f 11124 11125 11113 11112 
f 11125 11126 11114 11113 
f 11126 11127 11115 11114 
f 11127 11128 11116 11115 
f 11128 11129 11117 11116 
f 11129 11130 11118 11117 
f 11142 11131 11119 11130 
f 11131 11132 11120 11119 
f 11132 11133 11121 11120 
f 11133 11134 11122 11121 
f 11134 11135 11123 11122 
f 11135 11136 11124 11123 
f 11136 11137 11125 11124 
f 11137 11138 11126 11125 
f 11138 11139 11127 11126 
f 11139 11140 11128 11127 
f 11140 11141 11129 11128 
f 11141 11142 11130 11129 
f 11154 11143 11131 11142 
f 11143 11144 11132 11131 
f 11144 11145 11133 11132 
f 11145 11146 11134 11133 
f 11146 11147 11135 11134 
f 11147 11148 11136 11135 
f 11148 11149 11137 11136 
f 11149 11150 11138 11137 
f 11150 11151 11139 11138 
f 11151 11152 11140 11139 
f 11152 11153 11141 11140 
f 11153 11154 11142 11141 
f 11166 11155 11143 11154 
f 11155 11156 11144 11143 
f 11156 11157 11145 11144 
f 11157 11158 11146 11145 
f 11158 11159 11147 11146 
f 11159 11160 11148 11147 
f 11160 11161 11149 11148 
f 11161 11162 11150 11149 
f 11162 11163 11151 11150 
f 11163 11164 11152 11151 
f 11164 11165 11153 11152 
f 11165 11166 11154 11153 
f 11167 11155 11166 
f 11167 11156 11155 
f 11167 11157 11156 
f 11167 11158 11157 
f 11167 11159 11158 
f 11167 11160 11159 
f 11167 11161 11160 
f 11167 11162 11161 
f 11167 11163 11162 
f 11167 11164 11163 
f 11167 11165 11164 
f 11167 11166 11165 
f 11108 11169 11168 11107 
f 11109 11170 11169 11108 
f 11110 11171 11170 11109 
f 11111 11172 11171 11110 
f 11112 11173 11172 11111 
f 11113 11174 11173 11112 
f 11114 11175 11174 11113 
f 11115 11176 11175 11114 
f 11116 11177 11176 11115 
f 11117 11178 11177 11116 
f 11118 11179 11178 11117 
f 11107 11168 11179 11118 
f 11181 11199 11198 11180 
f 11182 11200 11199 11181 
f 11183 11201 11200 11182 
f 11184 11202 11201 11183 
f 11185 11203 11202 11184 
f 11186 11204 11203 11185 
f 11187 11205 11204 11186 
f 11188 11206 11205 11187 
f 11189 11207 11206 11188 
f 11190 11208 11207 11189 
f 11191 11209 11208 11190 
f 11192 11210 11209 11191 
f 11193 11211 11210 11192 
f 11194 11212 11211 11193 
f 11195 11213 11212 11194 
f 11196 11214 11213 11195 
f 11197 11215 11214 11196 
f 11180 11198 11215 11197 
f 11180 11216 11217 11181 
f 11181 11217 11218 11182 
f 11182 11218 11219 11183 
f 11183 11219 11220 11184 
f 11184 11220 11221 11185 
f 11185 11221 11222 11186 
f 11186 11222 11223 11187 
f 11187 11223 11224 11188 
f 11188 11224 11225 11189 
f 11189 11225 11226 11190 
f 11190 11226 11227 11191 
f 11191 11227 11228 11192 
f 11192 11228 11229 11193 
f 11193 11229 11230 11194 
f 11194 11230 11231 11195 
f 11195 11231 11232 11196 
f 11196 11232 11233 11197 
f 11197 11233 11216 11180 
f 11217 11216 11234 
f 11218 11217 11234 
f 11219 11218 11234 
f 11220 11219 11234 
f 11221 11220 11234 
f 11222 11221 11234 
f 11223 11222 11234 
f 11224 11223 11234 
f 11225 11224 11234 
f 11226 11225 11234 
f 11227 11226 11234 
f 11228 11227 11234 
f 11229 11228 11234 
f 11230 11229 11234 
f 11231 11230 11234 
f 11232 11231 11234 
f 11233 11232 11234 
f 11216 11233 11234 
f 11199 11236 11235 11198 
f 11200 11237 11236 11199 
f 11201 11238 11237 11200 
f 11202 11239 11238 11201 
f 11203 11240 11239 11202 
f 11204 11241 11240 11203 
f 11205 11242 11241 11204 
f 11206 11243 11242 11205 
f 11207 11244 11243 11206 
f 11208 11245 11244 11207 
f 11209 11246 11245 11208 
f 11210 11247 11246 11209 
f 11211 11248 11247 11210 
f 11212 11249 11248 11211 
f 11213 11250 11249 11212 
f 11214 11251 11250 11213 
f 11215 11252 11251 11214 
f 11198 11235 11252 11215 
f 11235 11236 11253 
f 11236 11237 11253 
f 11237 11238 11253 
f 11238 11239 11253 
f 11239 11240 11253 
f 11240 11241 11253 
f 11241 11242 11253 
f 11242 11243 11253 
f 11243 11244 11253 
f 11244 11245 11253 
f 11245 11246 11253 
f 11246 11247 11253 
f 11247 11248 11253 
f 11248 11249 11253 
f 11249 11250 11253 
f 11250 11251 11253 
f 11251 11252 11253 
f 11252 11235 11253 
f 11255 11261 11260 11254 
f 11256 11262 11261 11255 
f 11257 11263 11262 11256 
f 11258 11264 11263 11257 
f 11259 11265 11264 11258 
f 11254 11260 11265 11259 
f 11255 11254 11266 
f 11256 11255 11266 
f 11257 11256 11266 
f 11258 11257 11266 
f 11259 11258 11266 
f 11254 11259 11266 
f 11260 11261 11267 
f 11261 11262 11267 
f 11262 11263 11267 
f 11263 11264 11267 
f 11264 11265 11267 
f 11265 11260 11267 
f 11291 11280 11268 11279 
f 11280 11281 11269 11268 
f 11281 11282 11270 11269 
f 11282 11283 11271 11270 
f 11283 11284 11272 11271 
f 11284 11285 11273 11272 
f 11285 11286 11274 11273 
f 11286 11287 11275 11274 
f 11287 11288 11276 11275 
f 11288 11289 11277 11276 
f 11289 11290 11278 11277 
f 11290 11291 11279 11278 
f 11303 11292 11280 11291 
f 11292 11293 11281 11280 
f 11293 11294 11282 11281 
f 11294 11295 11283 11282 
f 11295 11296 11284 11283 
f 11296 11297 11285 11284 
f 11297 11298 11286 11285 
f 11298 11299 11287 11286 
f 11299 11300 11288 11287 
f 11300 11301 11289 11288 
f 11301 11302 11290 11289 
f 11302 11303 11291 11290 
f 11315 11304 11292 11303 
f 11304 11305 11293 11292 
f 11305 11306 11294 11293 
f 11306 11307 11295 11294 
f 11307 11308 11296 11295 
f 11308 11309 11297 11296 
f 11309 11310 11298 11297 
f 11310 11311 11299 11298 
f 11311 11312 11300 11299 
f 11312 11313 11301 11300 
f 11313 11314 11302 11301 
f 11314 11315 11303 11302 
f 11327 11316 11304 11315 
f 11316 11317 11305 11304 
f 11317 11318 11306 11305 
f 11318 11319 11307 11306 
f 11319 11320 11308 11307 
f 11320 11321 11309 11308 
f 11321 11322 11310 11309 
f 11322 11323 11311 11310 
f 11323 11324 11312 11311 
f 11324 11325 11313 11312 
f 11325 11326 11314 11313 
f 11326 11327 11315 11314 
f 11328 11316 11327 
f 11328 11317 11316 
f 11328 11318 11317 
f 11328 11319 11318 
f 11328 11320 11319 
f 11328 11321 11320 
f 11328 11322 11321 
f 11328 11323 11322 
f 11328 11324 11323 
f 11328 11325 11324 
f 11328 11326 11325 
f 11328 11327 11326 
f 11269 11330 11329 11268 
f 11270 11331 11330 11269 
f 11271 11332 11331 11270 
f 11272 11333 11332 11271 
f 11273 11334 11333 11272 
f 11274 11335 11334 11273 
f 11275 11336 11335 11274 
f 11276 11337 11336 11275 
f 11277 11338 11337 11276 
f 11278 11339 11338 11277 
f 11279 11340 11339 11278 
f 11268 11329 11340 11279 
f 11342 11360 11359 11341 
f 11343 11361 11360 11342 
f 11344 11362 11361 11343 
f 11345 11363 11362 11344 
f 11346 11364 11363 11345 
f 11347 11365 11364 11346 
f 11348 11366 11365 11347 
f 11349 11367 11366 11348 
f 11350 11368 11367 11349 
f 11351 11369 11368 11350 
f 11352 11370 11369 11351 
f 11353 11371 11370 11352 
f 11354 11372 11371 11353 
f 11355 11373 11372 11354 
f 11356 11374 11373 11355 
f 11357 11375 11374 11356 
f 11358 11376 11375 11357 
f 11341 11359 11376 11358 
f 11341 11377 11378 11342 
f 11342 11378 11379 11343 
f 11343 11379 11380 11344 
f 11344 11380 11381 11345 
f 11345 11381 11382 11346 
f 11346 11382 11383 11347 
f 11347 11383 11384 11348 
f 11348 11384 11385 11349 
f 11349 11385 11386 11350 
f 11350 11386 11387 11351 
f 11351 11387 11388 11352 
f 11352 11388 11389 11353 
f 11353 11389 11390 11354 
f 11354 11390 11391 11355 
f 11355 11391 11392 11356 
f 11356 11392 11393 11357 
f 11357 11393 11394 11358 
f 11358 11394 11377 11341 
f 11378 11377 11395 
f 11379 11378 11395 
f 11380 11379 11395 
f 11381 11380 11395 
f 11382 11381 11395 
f 11383 11382 11395 
f 11384 11383 11395 
f 11385 11384 11395 
f 11386 11385 11395 
f 11387 11386 11395 
f 11388 11387 11395 
f 11389 11388 11395 
f 11390 11389 11395 
f 11391 11390 11395 
f 11392 11391 11395 
f 11393 11392 11395 
f 11394 11393 11395 
f 11377 11394 11395 
f 11360 11397 11396 11359 
f 11361 11398 11397 11360 
f 11362 11399 11398 11361 
f 11363 11400 11399 11362 
f 11364 11401 11400 11363 
f 11365 11402 11401 11364 
f 11366 11403 11402 11365 
f 11367 11404 11403 11366 
f 11368 11405 11404 11367 
f 11369 11406 11405 11368 
f 11370 11407 11406 11369 
f 11371 11408 11407 11370 
f 11372 11409 11408 11371 
f 11373 11410 11409 11372 
f 11374 11411 11410 11373 
f 11375 11412 11411 11374 
f 11376 11413 11412 11375 
f 11359 11396 11413 11376 
f 11396 11397 11414 
f 11397 11398 11414 
f 11398 11399 11414 
f 11399 11400 11414 
f 11400 11401 11414 
f 11401 11402 11414 
f 11402 11403 11414 
f 11403 11404 11414 
f 11404 11405 11414 
f 11405 11406 11414 
f 11406 11407 11414 
f 11407 11408 11414 
f 11408 11409 11414 
f 11409 11410 11414 
f 11410 11411 11414 
f 11411 11412 11414 
f 11412 11413 11414 
f 11413 11396 11414 
f 11416 11422 11421 11415 
f 11417 11423 11422 11416 
f 11418 11424 11423 11417 
f 11419 11425 11424 11418 
f 11420 11426 11425 11419 
f 11415 11421 11426 11420 
f 11416 11415 11427 
f 11417 11416 11427 
f 11418 11417 11427 
f 11419 11418 11427 
f 11420 11419 11427 
f 11415 11420 11427 
f 11421 11422 11428 
f 11422 11423 11428 
f 11423 11424 11428 
f 11424 11425 11428 
f 11425 11426 11428 
f 11426 11421 11428 
f 11630 11530 11633 11449 
f 11525 11631 11530 11630 
f 11632 11530 11631 11429 
f 11430 11633 11530 11632 
f 11634 11531 11636 11450 
f 11449 11633 11531 11634 
f 11635 11531 11633 11430 
f 11431 11636 11531 11635 
f 11637 11532 11639 11451 
f 11450 11636 11532 11637 
f 11431 11638 11532 11636 
f 11639 11532 11638 11432 
f 11452 11640 11533 11642 
f 11639 11533 11640 11451 
f 11432 11641 11533 11639 
f 11642 11533 11641 11433 
f 11643 11534 11645 11453 
f 11642 11534 11643 11452 
f 11433 11644 11534 11642 
f 11434 11645 11534 11644 
f 11646 11535 11648 11454 
f 11453 11645 11535 11646 
f 11647 11535 11645 11434 
f 11435 11648 11535 11647 
f 11455 11649 11536 11651 
f 11648 11536 11649 11454 
f 11650 11536 11648 11435 
f 11651 11536 11650 11436 
f 11456 11652 11537 11654 
f 11651 11537 11652 11455 
f 11436 11653 11537 11651 
f 11654 11537 11653 11437 
f 11457 11655 11538 11657 
f 11654 11538 11655 11456 
f 11437 11656 11538 11654 
f 11657 11538 11656 11438 
f 11458 11658 11539 11660 
f 11657 11539 11658 11457 
f 11438 11659 11539 11657 
f 11660 11539 11659 11439 
f 11661 11540 11663 11459 
f 11458 11660 11540 11661 
f 11662 11540 11660 11439 
f 11440 11663 11540 11662 
f 11664 11541 11666 11460 
f 11459 11663 11541 11664 
f 11665 11541 11663 11440 
f 11441 11666 11541 11665 
f 11667 11542 11669 11461 
f 11460 11666 11542 11667 
f 11668 11542 11666 11441 
f 11442 11669 11542 11668 
f 11670 11543 11672 11462 
f 11461 11669 11543 11670 
f 11671 11543 11669 11442 
f 11672 11543 11671 11443 
f 11463 11673 11544 11675 
f 11672 11544 11673 11462 
f 11443 11674 11544 11672 
f 11675 11544 11674 11444 
f 11676 11545 11678 11464 
f 11675 11545 11676 11463 
f 11444 11677 11545 11675 
f 11445 11678 11545 11677 
f 11679 11546 11681 11465 
f 11464 11678 11546 11679 
f 11680 11546 11678 11445 
f 11446 11681 11546 11680 
f 11466 11682 11547 11684 
f 11681 11547 11682 11465 
f 11683 11547 11681 11446 
f 11447 11684 11547 11683 
f 11467 11685 11548 11687 
f 11684 11548 11685 11466 
f 11447 11686 11548 11684 
f 11687 11548 11686 11448 
f 11525 11688 11549 11631 
f 11687 11549 11688 11467 
f 11448 11689 11549 11687 
f 11631 11549 11689 11429 
f 11690 11550 11691 11469 
f 11468 11729 11550 11690 
f 11630 11550 11729 11525 
f 11449 11691 11550 11630 
f 11692 11551 11693 11470 
f 11469 11691 11551 11692 
f 11634 11551 11691 11449 
f 11450 11693 11551 11634 
f 11694 11552 11695 11471 
f 11470 11693 11552 11694 
f 11637 11552 11693 11450 
f 11451 11695 11552 11637 
f 11696 11553 11697 11472 
f 11471 11695 11553 11696 
f 11640 11553 11695 11451 
f 11452 11697 11553 11640 
f 11698 11554 11699 11473 
f 11472 11697 11554 11698 
f 11643 11554 11697 11452 
f 11453 11699 11554 11643 
f 11474 11700 11555 11701 
f 11699 11555 11700 11473 
f 11646 11555 11699 11453 
f 11701 11555 11646 11454 
f 11475 11702 11556 11703 
f 11701 11556 11702 11474 
f 11454 11649 11556 11701 
f 11703 11556 11649 11455 
f 11476 11704 11557 11705 
f 11703 11557 11704 11475 
f 11455 11652 11557 11703 
f 11705 11557 11652 11456 
f 11477 11706 11558 11707 
f 11705 11558 11706 11476 
f 11456 11655 11558 11705 
f 11707 11558 11655 11457 
f 11478 11708 11559 11709 
f 11707 11559 11708 11477 
f 11457 11658 11559 11707 
f 11709 11559 11658 11458 
f 11710 11560 11711 11479 
f 11478 11709 11560 11710 
f 11661 11560 11709 11458 
f 11459 11711 11560 11661 
f 11712 11561 11713 11480 
f 11479 11711 11561 11712 
f 11664 11561 11711 11459 
f 11460 11713 11561 11664 
f 11714 11562 11715 11481 
f 11480 11713 11562 11714 
f 11667 11562 11713 11460 
f 11461 11715 11562 11667 
f 11716 11563 11717 11482 
f 11481 11715 11563 11716 
f 11670 11563 11715 11461 
f 11462 11717 11563 11670 
f 11718 11564 11719 11483 
f 11482 11717 11564 11718 
f 11673 11564 11717 11462 
f 11719 11564 11673 11463 
f 11484 11720 11565 11721 
f 11719 11565 11720 11483 
f 11463 11676 11565 11719 
f 11721 11565 11676 11464 
f 11485 11722 11566 11723 
f 11721 11566 11722 11484 
f 11464 11679 11566 11721 
f 11723 11566 11679 11465 
f 11486 11724 11567 11725 
f 11723 11567 11724 11485 
f 11465 11682 11567 11723 
f 11725 11567 11682 11466 
f 11487 11726 11568 11727 
f 11725 11568 11726 11486 
f 11466 11685 11568 11725 
f 11727 11568 11685 11467 
f 11468 11728 11569 11729 
f 11727 11569 11728 11487 
f 11467 11688 11569 11727 
f 11729 11569 11688 11525 
f 11730 11570 11732 11488 
f 11526 11731 11570 11730 
f 11690 11570 11731 11468 
f 11469 11732 11570 11690 
f 11733 11571 11734 11489 
f 11488 11732 11571 11733 
f 11692 11571 11732 11469 
f 11470 11734 11571 11692 
f 11735 11572 11736 11490 
f 11489 11734 11572 11735 
f 11694 11572 11734 11470 
f 11471 11736 11572 11694 
f 11737 11573 11738 11491 
f 11490 11736 11573 11737 
f 11696 11573 11736 11471 
f 11472 11738 11573 11696 
f 11739 11574 11740 11492 
f 11491 11738 11574 11739 
f 11698 11574 11738 11472 
f 11473 11740 11574 11698 
f 11493 11741 11575 11742 
f 11740 11575 11741 11492 
f 11473 11700 11575 11740 
f 11742 11575 11700 11474 
f 11494 11743 11576 11744 
f 11742 11576 11743 11493 
f 11474 11702 11576 11742 
f 11744 11576 11702 11475 
f 11495 11745 11577 11746 
f 11744 11577 11745 11494 
f 11475 11704 11577 11744 
f 11746 11577 11704 11476 
f 11496 11747 11578 11748 
f 11746 11578 11747 11495 
f 11476 11706 11578 11746 
f 11748 11578 11706 11477 
f 11497 11749 11579 11750 
f 11748 11579 11749 11496 
f 11477 11708 11579 11748 
f 11750 11579 11708 11478 
f 11751 11580 11752 11498 
f 11497 11750 11580 11751 
f 11710 11580 11750 11478 
f 11479 11752 11580 11710 
f 11753 11581 11754 11499 
f 11498 11752 11581 11753 
f 11712 11581 11752 11479 
f 11480 11754 11581 11712 
f 11755 11582 11756 11500 
f 11499 11754 11582 11755 
f 11714 11582 11754 11480 
f 11481 11756 11582 11714 
f 11757 11583 11758 11501 
f 11500 11756 11583 11757 
f 11716 11583 11756 11481 
f 11482 11758 11583 11716 
f 11759 11584 11760 11502 
f 11501 11758 11584 11759 
f 11718 11584 11758 11482 
f 11483 11760 11584 11718 
f 11503 11761 11585 11762 
f 11760 11585 11761 11502 
f 11483 11720 11585 11760 
f 11762 11585 11720 11484 
f 11504 11763 11586 11764 
f 11762 11586 11763 11503 
f 11484 11722 11586 11762 
f 11764 11586 11722 11485 
f 11505 11765 11587 11766 
f 11764 11587 11765 11504 
f 11485 11724 11587 11764 
f 11766 11587 11724 11486 
f 11528 11767 11588 11768 
f 11766 11588 11767 11505 
f 11486 11726 11588 11766 
f 11768 11588 11726 11487 
f 11526 11807 11589 11731 
f 11768 11589 11807 11528 
f 11487 11728 11589 11768 
f 11731 11589 11728 11468 
f 11769 11590 11770 11507 
f 11808 11590 11769 11506 
f 11730 11590 11808 11526 
f 11488 11770 11590 11730 
f 11771 11591 11772 11508 
f 11507 11770 11591 11771 
f 11733 11591 11770 11488 
f 11489 11772 11591 11733 
f 11773 11592 11774 11509 
f 11508 11772 11592 11773 
f 11735 11592 11772 11489 
f 11490 11774 11592 11735 
f 11775 11593 11776 11510 
f 11509 11774 11593 11775 
f 11737 11593 11774 11490 
f 11491 11776 11593 11737 
f 11777 11594 11778 11511 
f 11510 11776 11594 11777 
f 11739 11594 11776 11491 
f 11492 11778 11594 11739 
f 11512 11779 11595 11780 
f 11778 11595 11779 11511 
f 11492 11741 11595 11778 
f 11780 11595 11741 11493 
f 11513 11781 11596 11782 
f 11780 11596 11781 11512 
f 11493 11743 11596 11780 
f 11782 11596 11743 11494 
f 11514 11783 11597 11784 
f 11782 11597 11783 11513 
f 11494 11745 11597 11782 
f 11784 11597 11745 11495 
f 11515 11785 11598 11786 
f 11784 11598 11785 11514 
f 11495 11747 11598 11784 
f 11786 11598 11747 11496 
f 11787 11599 11788 11516 
f 11786 11599 11787 11515 
f 11496 11749 11599 11786 
f 11788 11599 11749 11497 
f 11789 11600 11790 11517 
f 11788 11600 11789 11516 
f 11751 11600 11788 11497 
f 11498 11790 11600 11751 
f 11791 11601 11792 11518 
f 11517 11790 11601 11791 
f 11753 11601 11790 11498 
f 11499 11792 11601 11753 
f 11793 11602 11794 11519 
f 11518 11792 11602 11793 
f 11755 11602 11792 11499 
f 11500 11794 11602 11755 
f 11795 11603 11796 11520 
f 11519 11794 11603 11795 
f 11757 11603 11794 11500 
f 11501 11796 11603 11757 
f 11797 11604 11798 11521 
f 11520 11796 11604 11797 
f 11759 11604 11796 11501 
f 11502 11798 11604 11759 
f 11522 11799 11605 11800 
f 11798 11605 11799 11521 
f 11502 11761 11605 11798 
f 11800 11605 11761 11503 
f 11523 11801 11606 11802 
f 11800 11606 11801 11522 
f 11503 11763 11606 11800 
f 11802 11606 11763 11504 
f 11524 11803 11607 11804 
f 11802 11607 11803 11523 
f 11504 11765 11607 11802 
f 11804 11607 11765 11505 
f 11529 11805 11608 11806 
f 11804 11608 11805 11524 
f 11505 11767 11608 11804 
f 11806 11608 11767 11528 
f 11528 11807 11609 11806 
f 11808 11609 11807 11526 
f 11829 11609 11808 11506 
f 11806 11609 11829 11529 
f 11809 11610 11810 11527 
f 11506 11769 11610 11809 
f 11507 11810 11610 11769 
f 11810 11611 11811 11527 
f 11507 11771 11611 11810 
f 11508 11811 11611 11771 
f 11811 11612 11812 11527 
f 11508 11773 11612 11811 
f 11509 11812 11612 11773 
f 11812 11613 11813 11527 
f 11509 11775 11613 11812 
f 11510 11813 11613 11775 
f 11813 11614 11814 11527 
f 11510 11777 11614 11813 
f 11511 11814 11614 11777 
f 11814 11615 11815 11527 
f 11511 11779 11615 11814 
f 11512 11815 11615 11779 
f 11815 11616 11816 11527 
f 11512 11781 11616 11815 
f 11513 11816 11616 11781 
f 11816 11617 11817 11527 
f 11513 11783 11617 11816 
f 11514 11817 11617 11783 
f 11817 11618 11818 11527 
f 11514 11785 11618 11817 
f 11515 11818 11618 11785 
f 11818 11619 11819 11527 
f 11515 11787 11619 11818 
f 11516 11819 11619 11787 
f 11819 11620 11820 11527 
f 11516 11789 11620 11819 
f 11517 11820 11620 11789 
f 11820 11621 11821 11527 
f 11517 11791 11621 11820 
f 11518 11821 11621 11791 
f 11821 11622 11822 11527 
f 11518 11793 11622 11821 
f 11519 11822 11622 11793 
f 11822 11623 11823 11527 
f 11519 11795 11623 11822 
f 11520 11823 11623 11795 
f 11823 11624 11824 11527 
f 11520 11797 11624 11823 
f 11521 11824 11624 11797 
f 11824 11625 11825 11527 
f 11521 11799 11625 11824 
f 11522 11825 11625 11799 
f 11825 11626 11826 11527 
f 11522 11801 11626 11825 
f 11523 11826 11626 11801 
f 11826 11627 11827 11527 
f 11523 11803 11627 11826 
f 11524 11827 11627 11803 
f 11827 11628 11828 11527 
f 11524 11805 11628 11827 
f 11529 11828 11628 11805 
f 11828 11629 11809 11527 
f 11529 11829 11629 11828 
f 11506 11809 11629 11829 
f 12078 12151 12131 11830 
f 11834 11837 12134 12133 
f 12077 12079 11838 11831 
f 11840 11841 11837 11834 
f 12079 12080 11842 11838 
f 11844 11845 11841 11840 
f 12080 12081 11846 11842 
f 11848 11849 11845 11844 
f 12081 12174 12154 11846 
f 11853 12157 12156 11852 
f 11854 11857 12136 12135 
f 11858 11859 11857 11854 
f 11860 11861 11859 11858 
f 11862 11863 11861 11860 
f 11864 11865 12159 12158 
f 11866 11869 11868 11867 
f 11870 11873 12138 12137 
f 11874 11875 11873 11870 
f 11876 11877 11875 11874 
f 11878 11879 11877 11876 
f 11880 11881 12161 12160 
f 11882 12091 12152 12139 
f 11884 12092 12091 11882 
f 11885 12093 12092 11884 
f 11886 12094 12093 11885 
f 11887 12095 12175 12162 
f 11888 12097 12096 11889 
f 11895 11894 11893 11892 
f 12104 12103 11897 11896 
f 12141 12140 11900 11899 
f 11899 11900 11903 11902 
f 11902 11903 11905 11904 
f 11904 11905 11907 11906 
f 12164 12163 11909 11908 
f 12084 12083 11911 11910 
f 11867 12086 12085 11866 
f 11916 11919 11918 11917 
f 11923 11922 11921 11920 
f 11924 11927 11926 11925 
f 11931 11930 11929 11928 
f 11889 11933 11932 11888 
f 12099 12098 11935 11934 
f 12355 12220 12177 12356 
f 11940 12181 12179 11938 
f 11942 12183 12182 11941 
f 12100 12222 12184 11943 
f 12187 12186 11946 11945 
f 12166 12176 12105 11947 
f 11951 11954 12108 12107 
f 11955 11958 12110 12109 
f 11947 12105 12111 11959 
f 12143 12153 12112 11961 
f 11965 12114 12113 11963 
f 11959 12111 12114 11965 
f 11956 12102 12128 12109 
f 11968 11971 12117 12116 
f 11972 12089 12127 12118 
f 12226 12408 12407 12189 
f 11959 12190 12188 11947 
f 11965 12191 12190 11959 
f 11963 12192 12191 11965 
f 12143 12225 12192 11963 
f 12194 12415 12414 12195 
f 11967 12102 12223 12196 
f 11956 11957 12198 12197 
f 11952 11953 12200 12199 
f 11974 11971 12202 12201 
f 11968 12089 12221 12203 
f 12103 12115 11967 11897 
f 12104 12112 11892 11893 
f 12196 12418 12415 12194 
f 12195 12193 11961 11896 
f 12140 12142 11962 11900 
f 12141 12139 11883 11901 
f 11900 11962 11964 11903 
f 11902 11884 11882 11899 
f 11903 11964 11960 11905 
f 11904 11885 11884 11902 
f 11905 11960 11948 11907 
f 11906 11886 11885 11904 
f 12163 12165 11949 11909 
f 11906 12164 12162 11886 
f 11867 11868 11836 11833 
f 11975 11869 11970 11976 
f 11889 12096 12090 11871 
f 12097 12101 11966 11891 
f 11866 12085 12088 11969 
f 11915 12086 12078 11830 
f 11925 11926 11954 11951 
f 11977 11927 11856 11835 
f 11888 11932 11958 11955 
f 11924 11933 11872 11855 
f 12186 12185 11944 11946 
f 12083 12082 11851 11911 
f 12084 12087 11937 11913 
f 11918 11853 11852 11917 
f 11919 11939 11936 11910 
f 11922 11865 11864 11921 
f 11923 11940 11938 11916 
f 11929 11930 11881 11880 
f 11920 11931 11942 11941 
f 11935 12098 12095 11887 
f 12099 12100 11943 11928 
f 11979 11981 11980 
f 11979 11980 11983 11982 
f 11982 11983 11934 11935 
f 11934 11983 11946 11944 
f 11983 11980 11945 11946 
f 11980 11981 11978 11945 
f 11979 11909 11949 11981 
f 11982 11908 11909 11979 
f 11935 11887 11908 11982 
f 11984 11894 11985 
f 11891 11984 11985 11890 
f 11890 11985 11901 11883 
f 11985 11894 11895 11901 
f 11984 11898 11893 11894 
f 11891 11966 11898 11984 
f 12134 12132 11833 11836 
f 11841 11839 11832 11837 
f 11845 11843 11839 11841 
f 11849 11847 11843 11845 
f 12157 12155 11847 11849 
f 12136 12133 11835 11856 
f 11859 11840 11834 11857 
f 11861 11844 11840 11859 
f 11863 11848 11844 11861 
f 12159 12156 11848 11863 
f 11869 11975 11977 11868 
f 12138 12135 11855 11872 
f 11875 11858 11854 11873 
f 11877 11860 11858 11875 
f 11879 11862 11860 11877 
f 12161 12158 11862 11879 
f 11919 11910 11911 11918 
f 11922 11923 11916 11917 
f 11927 11977 11975 11926 
f 11930 11931 11920 11921 
f 11933 11924 11925 11932 
f 11939 12180 12177 11936 
f 12182 12365 12361 12181 
f 12108 12119 11974 11953 
f 12110 12107 11952 11957 
f 12117 12119 11976 11970 
f 12199 12425 12420 12198 
f 12203 12430 12427 12202 
f 11868 11977 11835 11836 
f 11869 11866 11969 11970 
f 11926 11975 11976 11954 
f 11927 11924 11855 11856 
f 11932 11925 11951 11958 
f 11933 11889 11871 11872 
f 11853 11918 11911 11851 
f 11919 11916 11938 11939 
f 11865 11922 11917 11852 
f 11940 11923 11920 11941 
f 11881 11930 11921 11864 
f 11931 11928 11943 11942 
f 12026 12212 12213 12025 
f 12028 12123 12124 12027 
f 12030 12028 12027 12029 
f 12032 12030 12029 12031 
f 12033 12034 12032 12031 
f 12036 12147 12148 12035 
f 12038 12036 12035 12037 
f 12040 12038 12037 12039 
f 12042 12040 12039 12041 
f 12044 12170 12171 12043 
f 12046 12044 12043 12045 
f 12048 12046 12045 12047 
f 12049 12050 12048 12047 
f 12208 12525 12524 12206 
f 12120 12121 11999 11986 
f 11987 11988 12001 12000 
f 11988 11989 12002 12001 
f 11990 12003 12002 11989 
f 12144 12145 12003 11990 
f 11992 12005 12004 11991 
f 11993 12006 12005 11992 
f 11994 12007 12006 11993 
f 11994 12167 12168 12007 
f 11995 11996 12009 12008 
f 11996 11997 12010 12009 
f 11998 12011 12010 11997 
f 12207 12209 12011 11998 
f 12052 12216 12217 12051 
f 12054 12125 12126 12053 
f 12056 12054 12053 12055 
f 12058 12056 12055 12057 
f 12059 12060 12058 12057 
f 12062 12149 12150 12061 
f 12064 12062 12061 12063 
f 12066 12064 12063 12065 
f 12068 12066 12065 12067 
f 12070 12172 12173 12069 
f 12072 12070 12069 12071 
f 12074 12072 12071 12073 
f 12075 12076 12074 12073 
f 12594 12218 12219 12595 
f 11986 12206 12212 12026 
f 12596 12204 12213 12491 
f 11987 12120 12123 12028 
f 11972 12118 12124 12025 
f 11988 11987 12028 12030 
f 11973 11914 12029 12027 
f 11989 11988 12030 12032 
f 11914 11915 12031 12029 
f 12034 11990 11989 12032 
f 11915 11830 12033 12031 
f 11991 12144 12147 12036 
f 12033 11830 12131 12148 
f 11992 11991 12036 12038 
f 11831 11838 12037 12035 
f 11993 11992 12038 12040 
f 11838 11842 12039 12037 
f 11994 11993 12040 12042 
f 11842 11846 12041 12039 
f 11995 12167 12170 12044 
f 11846 12154 12171 12041 
f 11996 11995 12044 12046 
f 11850 11912 12045 12043 
f 11997 11996 12046 12048 
f 11912 11913 12047 12045 
f 12050 11998 11997 12048 
f 12047 11913 11937 12049 
f 12049 11937 12178 12215 
f 12012 12210 12216 12052 
f 12013 12122 12125 12054 
f 11999 12121 12126 12051 
f 12014 12013 12054 12056 
f 12000 12001 12055 12053 
f 12058 12015 12014 12056 
f 12001 12002 12057 12055 
f 12016 12015 12058 12060 
f 12057 12002 12003 12059 
f 12017 12146 12149 12062 
f 12059 12003 12145 12150 
f 12018 12017 12062 12064 
f 12004 12005 12063 12061 
f 12019 12018 12064 12066 
f 12005 12006 12065 12063 
f 12020 12019 12066 12068 
f 12006 12007 12067 12065 
f 12021 12169 12172 12070 
f 12007 12168 12173 12067 
f 12022 12021 12070 12072 
f 12008 12009 12071 12069 
f 12023 12022 12072 12074 
f 12009 12010 12073 12071 
f 12024 12023 12074 12076 
f 12073 12010 12011 12075 
f 12075 12011 12209 12219 
f 11833 12132 12151 12078 
f 12077 11832 11839 12079 
f 12079 11839 11843 12080 
f 12080 11843 11847 12081 
f 11847 12155 12174 12081 
f 11913 11912 12083 12084 
f 12086 11915 11914 12085 
f 12089 11968 12116 12127 
f 12089 11972 12204 12221 
f 12085 11914 11973 12088 
f 12086 11867 11833 12078 
f 11912 11850 12082 12083 
f 11910 11936 12087 12084 
f 12091 11870 12137 12152 
f 12092 11874 11870 12091 
f 12093 11876 11874 12092 
f 12094 11878 11876 12093 
f 12095 11880 12160 12175 
f 12097 11891 11890 12096 
f 11928 11929 12098 12099 
f 11944 12185 12222 12100 
f 12102 11967 12115 12128 
f 12102 11956 12197 12223 
f 12096 11890 11883 12090 
f 12097 11888 11955 12101 
f 12098 11929 11880 12095 
f 11934 11944 12100 12099 
f 11893 11898 12103 12104 
f 12106 11949 12165 12176 
f 11953 11952 12107 12108 
f 11957 11956 12109 12110 
f 12105 11948 11960 12111 
f 12113 11962 12142 12153 
f 12114 11964 11962 12113 
f 12111 11960 11964 12114 
f 12101 11955 12109 12128 
f 11970 11969 12116 12117 
f 12088 11973 12118 12127 
f 12103 11898 11966 12115 
f 11896 11961 12112 12104 
f 11954 11976 12119 12108 
f 11958 11951 12107 12110 
f 11971 11974 12119 12117 
f 12026 12025 12124 12123 
f 12120 11987 12000 12121 
f 12052 12051 12126 12125 
f 11986 12026 12123 12120 
f 11973 12027 12124 12118 
f 12012 12052 12125 12122 
f 12121 12000 12053 12126 
f 11969 12088 12127 12116 
f 11966 12101 12128 12115 
f 11978 11981 12129 12130 
f 12129 12106 11950 12130 
f 11950 12189 12224 12130 
f 11949 12106 12129 11981 
f 12077 11831 12131 12151 
f 11836 11835 12133 12134 
f 11856 11855 12135 12136 
f 11872 11871 12137 12138 
f 12090 11883 12139 12152 
f 11901 11895 12140 12141 
f 11963 12113 12153 12143 
f 11961 12193 12225 12143 
f 11895 11892 12142 12140 
f 11899 11882 12139 12141 
f 11837 11832 12132 12134 
f 11857 11834 12133 12136 
f 11873 11854 12135 12138 
f 12034 12033 12148 12147 
f 11991 12004 12145 12144 
f 12060 12059 12150 12149 
f 11990 12034 12147 12144 
f 11831 12035 12148 12131 
f 12016 12060 12149 12146 
f 12004 12061 12150 12145 
f 11832 12077 12151 12132 
f 11871 12090 12152 12137 
f 11892 12112 12153 12142 
f 12082 11850 12154 12174 
f 11849 11848 12156 12157 
f 11863 11862 12158 12159 
f 11879 11878 12160 12161 
f 12094 11886 12162 12175 
f 12164 11906 11907 12163 
f 11950 12106 12176 12166 
f 11947 12188 12226 12166 
f 12163 11907 11948 12165 
f 12164 11908 11887 12162 
f 11853 11851 12155 12157 
f 11865 11852 12156 12159 
f 11881 11864 12158 12161 
f 12042 12041 12171 12170 
f 12167 11995 12008 12168 
f 12068 12067 12173 12172 
f 11994 12042 12170 12167 
f 12154 11850 12043 12171 
f 12020 12068 12172 12169 
f 12168 12008 12069 12173 
f 12155 11851 12082 12174 
f 11878 12094 12175 12160 
f 11948 12105 12176 12165 
f 12220 12087 11936 12177 
f 12180 11939 11938 12179 
f 12371 12372 12186 12187 
f 12189 11950 12166 12226 
f 12411 12409 12190 12191 
f 12412 12411 12191 12192 
f 12413 12412 12192 12225 
f 11896 11897 12194 12195 
f 12420 12421 12197 12198 
f 12427 12428 12201 12202 
f 12429 12430 12203 12221 
f 11897 11967 12196 12194 
f 12414 12432 12193 12195 
f 11945 11978 12205 12187 
f 12205 11978 12130 12224 
f 12181 11940 11941 12182 
f 12183 11942 11943 12184 
f 11957 11952 12199 12198 
f 11953 11974 12201 12200 
f 11971 11968 12203 12202 
f 12490 12491 12213 12212 
f 12050 12049 12215 12214 
f 11986 11999 12208 12206 
f 12076 12075 12219 12218 
f 12524 12490 12212 12206 
f 11972 12025 12213 12204 
f 11998 12050 12214 12207 
f 12601 12523 12215 12178 
f 11999 12051 12217 12208 
f 12024 12076 12218 12211 
f 12559 12595 12219 12209 
f 12178 11937 12087 12220 
f 12432 12413 12225 12193 
f 12230 12229 12228 12227 
f 12231 12234 12233 12232 
f 12238 12237 12236 12235 
f 12239 12231 12232 12240 
f 12242 12241 12237 12238 
f 12243 12239 12240 12244 
f 12246 12245 12241 12242 
f 12247 12243 12244 12248 
f 12250 12249 12245 12246 
f 12254 12253 12252 12251 
f 12255 12258 12257 12256 
f 12259 12255 12256 12260 
f 12261 12259 12260 12262 
f 12263 12261 12262 12264 
f 12265 12268 12267 12266 
f 12269 12272 12271 12270 
f 12273 12276 12275 12274 
f 12277 12273 12274 12278 
f 12279 12277 12278 12280 
f 12281 12279 12280 12282 
f 12283 12286 12285 12284 
f 12287 12290 12289 12288 
f 12291 12287 12288 12292 
f 12293 12291 12292 12294 
f 12295 12293 12294 12296 
f 12297 12300 12299 12298 
f 12301 12304 12303 12302 
f 12308 12307 12306 12305 
f 12312 12311 12310 12309 
f 12316 12315 12314 12313 
f 12318 12316 12313 12317 
f 12320 12318 12317 12319 
f 12322 12320 12319 12321 
f 12326 12325 12324 12323 
f 12330 12329 12328 12327 
f 12272 12269 12332 12331 
f 12333 12336 12335 12334 
f 12340 12339 12338 12337 
f 12341 12344 12343 12342 
f 12348 12347 12346 12345 
f 12304 12301 12350 12349 
f 12354 12353 12352 12351 
f 12357 12180 12179 12358 
f 12358 12361 12360 12359 
f 12365 12364 12363 12362 
f 12369 12368 12367 12366 
f 12373 12372 12371 12370 
f 12377 12376 12375 12374 
f 12378 12381 12380 12379 
f 12382 12385 12384 12383 
f 12387 12377 12374 12386 
f 12391 12390 12389 12388 
f 12395 12394 12393 12392 
f 12394 12387 12386 12393 
f 12396 12385 12398 12397 
f 12399 12402 12401 12400 
f 12403 12406 12405 12404 
f 12410 12409 12386 12374 
f 12409 12411 12393 12386 
f 12411 12412 12392 12393 
f 12412 12413 12389 12392 
f 12416 12418 12417 12397 
f 12396 12421 12420 12419 
f 12422 12425 12424 12423 
f 12426 12428 12427 12400 
f 12399 12430 12429 12404 
f 12416 12431 12311 12312 
f 12305 12391 12310 12308 
f 12388 12432 12414 12309 
f 12434 12433 12315 12316 
f 12436 12290 12314 12435 
f 12437 12434 12316 12318 
f 12287 12291 12317 12313 
f 12438 12437 12318 12320 
f 12291 12293 12319 12317 
f 12439 12438 12320 12322 
f 12293 12295 12321 12319 
f 12441 12440 12325 12326 
f 12321 12295 12300 12324 
f 12272 12443 12442 12271 
f 12444 12446 12445 12270 
f 12304 12448 12447 12303 
f 12451 12450 12302 12449 
f 12269 12453 12452 12332 
f 12454 12227 12228 12331 
f 12344 12378 12379 12343 
f 12455 12457 12456 12342 
f 12301 12382 12383 12350 
f 12341 12459 12458 12349 
f 12461 12460 12372 12373 
f 12205 12462 12371 12187 
f 12464 12463 12329 12330 
f 12467 12466 12328 12465 
f 12251 12252 12335 12336 
f 12469 12468 12334 12327 
f 12265 12266 12339 12340 
f 12359 12360 12338 12333 
f 12348 12283 12284 12347 
f 12337 12362 12363 12346 
f 12354 12297 12298 12353 
f 12366 12367 12352 12345 
f 12470 12472 12471 
f 12474 12472 12470 12473 
f 12351 12474 12473 12354 
f 12351 12461 12373 12474 
f 12474 12373 12370 12472 
f 12472 12370 12475 12471 
f 12441 12326 12470 12471 
f 12326 12323 12473 12470 
f 12323 12297 12354 12473 
f 12462 12205 12224 12476 
f 12477 12478 12307 
f 12449 12479 12478 12477 
f 12479 12436 12435 12478 
f 12478 12435 12306 12307 
f 12308 12480 12477 12307 
f 12480 12451 12449 12477 
f 12443 12481 12233 12442 
f 12483 12482 12240 12232 
f 12482 12484 12244 12240 
f 12484 12485 12248 12244 
f 12485 12486 12253 12248 
f 12457 12234 12257 12456 
f 12231 12239 12260 12256 
f 12239 12243 12262 12260 
f 12243 12247 12264 12262 
f 12247 12254 12267 12264 
f 12455 12444 12270 12271 
f 12459 12258 12275 12458 
f 12255 12259 12278 12274 
f 12259 12261 12280 12278 
f 12261 12263 12282 12280 
f 12263 12268 12285 12282 
f 12330 12327 12334 12335 
f 12339 12336 12333 12338 
f 12444 12455 12342 12343 
f 12347 12340 12337 12346 
f 12344 12341 12349 12350 
f 12468 12469 12356 12357 
f 12184 12369 12364 12183 
f 12426 12487 12380 12423 
f 12422 12381 12384 12419 
f 12446 12487 12401 12445 
f 12201 12428 12424 12200 
f 12457 12455 12271 12442 
f 12453 12269 12270 12445 
f 12446 12444 12343 12379 
f 12459 12341 12342 12456 
f 12378 12344 12350 12383 
f 12448 12304 12349 12458 
f 12252 12464 12330 12335 
f 12359 12333 12334 12468 
f 12266 12251 12336 12339 
f 12360 12362 12337 12338 
f 12284 12265 12340 12347 
f 12366 12345 12346 12363 
f 12491 12490 12489 12488 
f 12495 12494 12493 12492 
f 12492 12493 12497 12496 
f 12496 12497 12499 12498 
f 12500 12498 12499 12501 
f 12505 12504 12503 12502 
f 12502 12503 12507 12506 
f 12506 12507 12509 12508 
f 12508 12509 12511 12510 
f 12515 12514 12513 12512 
f 12512 12513 12517 12516 
f 12516 12517 12519 12518 
f 12520 12518 12519 12521 
f 12522 12214 12215 12523 
f 12529 12528 12527 12526 
f 12530 12533 12532 12531 
f 12531 12532 12535 12534 
f 12535 12537 12536 12534 
f 12537 12539 12538 12536 
f 12543 12542 12541 12540 
f 12542 12545 12544 12541 
f 12545 12547 12546 12544 
f 12546 12547 12549 12548 
f 12550 12553 12552 12551 
f 12551 12552 12555 12554 
f 12555 12557 12556 12554 
f 12557 12559 12558 12556 
f 12563 12562 12561 12560 
f 12567 12566 12565 12564 
f 12564 12565 12569 12568 
f 12568 12569 12571 12570 
f 12572 12570 12571 12573 
f 12577 12576 12575 12574 
f 12574 12575 12579 12578 
f 12578 12579 12581 12580 
f 12580 12581 12583 12582 
f 12587 12586 12585 12584 
f 12584 12585 12589 12588 
f 12588 12589 12591 12590 
f 12592 12590 12591 12593 
f 12490 12524 12526 12489 
f 12494 12527 12530 12493 
f 12495 12406 12403 12488 
f 12493 12530 12531 12497 
f 12496 12598 12597 12492 
f 12497 12531 12534 12499 
f 12498 12454 12598 12496 
f 12501 12499 12534 12536 
f 12500 12227 12454 12498 
f 12504 12538 12540 12503 
f 12500 12505 12230 12227 
f 12503 12540 12541 12507 
f 12506 12238 12235 12502 
f 12507 12541 12544 12509 
f 12508 12242 12238 12506 
f 12509 12544 12546 12511 
f 12510 12246 12242 12508 
f 12514 12548 12550 12513 
f 12515 12250 12246 12510 
f 12513 12550 12551 12517 
f 12516 12600 12599 12512 
f 12517 12551 12554 12519 
f 12518 12465 12600 12516 
f 12521 12519 12554 12556 
f 12518 12520 12467 12465 
f 12558 12207 12214 12522 
f 12520 12523 12601 12467 
f 12562 12603 12602 12561 
f 12525 12208 12217 12563 
f 12566 12605 12604 12565 
f 12567 12528 12529 12560 
f 12565 12604 12606 12569 
f 12568 12532 12533 12564 
f 12571 12569 12606 12607 
f 12570 12535 12532 12568 
f 12571 12607 12608 12573 
f 12570 12572 12537 12535 
f 12576 12610 12609 12575 
f 12572 12577 12539 12537 
f 12575 12609 12611 12579 
f 12578 12542 12543 12574 
f 12579 12611 12612 12581 
f 12580 12545 12542 12578 
f 12581 12612 12613 12583 
f 12582 12547 12545 12580 
f 12586 12615 12614 12585 
f 12587 12549 12547 12582 
f 12585 12614 12616 12589 
f 12588 12552 12553 12584 
f 12589 12616 12617 12591 
f 12590 12555 12552 12588 
f 12591 12617 12618 12593 
f 12590 12592 12557 12555 
f 12619 12211 12218 12594 
f 12592 12595 12559 12557 
f 12229 12481 12443 12228 
f 12236 12237 12482 12483 
f 12237 12241 12484 12482 
f 12241 12245 12485 12484 
f 12249 12486 12485 12245 
f 12329 12600 12465 12328 
f 12331 12332 12598 12454 
f 12601 12178 12220 12355 
f 12404 12405 12402 12399 
f 12404 12429 12596 12403 
f 12332 12452 12597 12598 
f 12331 12228 12443 12272 
f 12463 12599 12600 12329 
f 12466 12469 12327 12328 
f 12288 12289 12276 12273 
f 12292 12288 12273 12277 
f 12294 12292 12277 12279 
f 12296 12294 12279 12281 
f 12298 12299 12286 12283 
f 12302 12303 12479 12449 
f 12353 12348 12345 12352 
f 12368 12460 12461 12367 
f 12397 12398 12431 12416 
f 12397 12417 12421 12396 
f 12303 12447 12436 12479 
f 12302 12450 12382 12301 
f 12353 12298 12283 12348 
f 12367 12461 12351 12352 
f 12311 12480 12308 12310 
f 12620 12376 12440 12441 
f 12381 12422 12423 12380 
f 12385 12396 12419 12384 
f 12377 12387 12438 12439 
f 12395 12390 12433 12434 
f 12394 12395 12434 12437 
f 12387 12394 12437 12438 
f 12385 12382 12450 12398 
f 12402 12453 12445 12401 
f 12406 12597 12452 12405 
f 12311 12431 12451 12480 
f 12391 12388 12309 12310 
f 12487 12446 12379 12380 
f 12381 12378 12383 12384 
f 12487 12426 12400 12401 
f 12495 12488 12489 12494 
f 12527 12528 12533 12530 
f 12567 12560 12561 12566 
f 12494 12489 12526 12527 
f 12495 12492 12597 12406 
f 12566 12561 12602 12605 
f 12528 12567 12564 12533 
f 12405 12452 12453 12402 
f 12398 12450 12451 12431 
f 12622 12471 12475 12621 
f 12622 12621 12623 12620 
f 12476 12407 12623 12621 
f 12622 12620 12441 12471 
f 12230 12235 12236 12229 
f 12234 12457 12442 12233 
f 12258 12459 12456 12257 
f 12276 12448 12458 12275 
f 12290 12436 12447 12289 
f 12315 12306 12435 12314 
f 12390 12395 12392 12389 
f 12413 12432 12388 12389 
f 12433 12305 12306 12315 
f 12290 12287 12313 12314 
f 12481 12483 12232 12233 
f 12234 12231 12256 12257 
f 12258 12255 12274 12275 
f 12505 12500 12501 12504 
f 12539 12543 12540 12538 
f 12577 12572 12573 12576 
f 12504 12501 12536 12538 
f 12505 12502 12235 12230 
f 12576 12573 12608 12610 
f 12577 12574 12543 12539 
f 12229 12236 12483 12481 
f 12289 12447 12448 12276 
f 12390 12391 12305 12433 
f 12250 12599 12463 12249 
f 12254 12247 12248 12253 
f 12268 12263 12264 12267 
f 12286 12281 12282 12285 
f 12300 12295 12296 12299 
f 12324 12325 12322 12321 
f 12376 12620 12623 12375 
f 12408 12410 12374 12375 
f 12325 12440 12439 12322 
f 12324 12300 12297 12323 
f 12486 12464 12252 12253 
f 12254 12251 12266 12267 
f 12268 12265 12284 12285 
f 12515 12510 12511 12514 
f 12548 12549 12553 12550 
f 12587 12582 12583 12586 
f 12514 12511 12546 12548 
f 12250 12515 12512 12599 
f 12586 12583 12613 12615 
f 12549 12587 12584 12553 
f 12486 12249 12463 12464 
f 12299 12296 12281 12286 
f 12376 12377 12439 12440 
f 12355 12356 12469 12466 
f 12357 12358 12359 12468 
f 12358 12179 12181 12361 
f 12365 12182 12183 12364 
f 12369 12184 12222 12368 
f 12407 12408 12375 12623 
f 12410 12188 12190 12409 
f 12415 12312 12309 12414 
f 12418 12196 12223 12417 
f 12425 12199 12200 12424 
f 12418 12416 12312 12415 
f 12460 12185 12186 12372 
f 12462 12475 12370 12371 
f 12462 12476 12621 12475 
f 12356 12177 12180 12357 
f 12361 12365 12362 12360 
f 12364 12369 12366 12363 
f 12425 12422 12419 12420 
f 12428 12426 12423 12424 
f 12430 12399 12400 12427 
f 12523 12520 12521 12522 
f 12525 12529 12526 12524 
f 12559 12209 12207 12558 
f 12563 12217 12216 12562 
f 12595 12592 12593 12594 
f 12491 12488 12403 12596 
f 12522 12521 12556 12558 
f 12562 12216 12210 12603 
f 12563 12560 12529 12525 
f 12594 12593 12618 12619 
f 12601 12355 12466 12467 
f 12429 12221 12204 12596 
f 12368 12222 12185 12460 
f 12417 12223 12197 12421 
f 12476 12224 12189 12407 
f 12408 12226 12188 12410 
f 12718 12847 12841 12716 
f 12714 12715 12840 12839 
f 12715 12716 12841 12840 
f 12713 12845 12846 12717 
f 12717 12846 12847 12718 
f 12721 12722 12849 12843 
f 12851 12844 12725 12724 
f 12886 12887 12914 12915 
f 12917 12888 12889 12916 
f 12721 12843 12842 12719 
f 12839 12849 12722 12714 
f 12848 12850 12723 12720 
f 12850 12851 12724 12723 
f 12713 12725 12844 12845 
f 12687 12689 12688 12686 
f 12688 12689 12691 12690 
f 12690 12691 12693 12692 
f 12693 12695 12694 12692 
f 12695 12685 12684 12694 
f 12697 12704 12703 12696 
f 12685 12708 12707 12684 
f 12879 12880 12881 12878 
f 12883 12884 12885 12882 
f 12704 12706 12705 12703 
f 12706 12687 12686 12705 
f 12707 12708 12710 12709 
f 12710 12712 12711 12709 
f 12712 12699 12698 12711 
f 12652 12678 12679 12653 
f 12653 12679 12680 12654 
f 12654 12680 12681 12655 
f 12655 12681 12682 12656 
f 12656 12682 12677 12651 
f 12662 12651 12677 12683 
f 12868 12869 12871 12870 
f 12870 12871 12873 12872 
f 12872 12873 12875 12874 
f 12874 12875 12877 12876 
f 12876 12877 12867 12866 
f 12867 12864 12865 12866 
f 12865 12864 12861 12860 
f 12869 12868 12863 12862 
f 12678 12671 12672 12679 
f 12679 12672 12673 12680 
f 12680 12673 12674 12681 
f 12681 12674 12675 12682 
f 12682 12675 12670 12677 
f 12670 12676 12683 12677 
f 12676 12658 12664 12683 
f 12671 12678 12660 12657 
f 12678 12652 12661 12660 
f 12683 12664 12663 12662 
f 12652 12653 12689 12687 
f 12628 12627 12686 12688 
f 12689 12653 12654 12691 
f 12690 12629 12628 12688 
f 12691 12654 12655 12693 
f 12692 12630 12629 12690 
f 12655 12656 12695 12693 
f 12631 12630 12692 12694 
f 12656 12651 12685 12695 
f 12626 12631 12694 12684 
f 12657 12660 12704 12697 
f 12643 12637 12696 12703 
f 12685 12651 12662 12708 
f 12648 12626 12684 12707 
f 12861 12879 12878 12860 
f 12854 12881 12880 12855 
f 12863 12883 12882 12862 
f 12858 12885 12884 12859 
f 12660 12661 12706 12704 
f 12644 12643 12703 12705 
f 12661 12652 12687 12706 
f 12627 12644 12705 12686 
f 12708 12662 12663 12710 
f 12709 12649 12648 12707 
f 12663 12664 12712 12710 
f 12650 12649 12709 12711 
f 12664 12658 12699 12712 
f 12698 12639 12650 12711 
f 12629 12630 12718 12716 
f 12627 12628 12715 12714 
f 12628 12629 12716 12715 
f 12717 12631 12626 12713 
f 12718 12630 12631 12717 
f 12643 12644 12722 12721 
f 12648 12649 12724 12725 
f 12855 12887 12886 12854 
f 12859 12889 12888 12858 
f 12637 12643 12721 12719 
f 12644 12627 12714 12722 
f 12650 12639 12720 12723 
f 12649 12650 12723 12724 
f 12713 12626 12648 12725 
f 12765 12769 12768 12764 
f 12769 12771 12770 12768 
f 12771 12773 12772 12770 
f 12773 12775 12774 12772 
f 12775 12767 12766 12774 
f 12766 12767 12782 12781 
f 12778 12779 12786 12785 
f 12899 12900 12901 12898 
f 12903 12904 12905 12902 
f 12781 12782 12784 12783 
f 12783 12784 12777 12776 
f 12785 12786 12788 12787 
f 12788 12790 12789 12787 
f 12789 12790 12765 12764 
f 12791 12792 12796 12795 
f 12795 12796 12798 12797 
f 12797 12798 12800 12799 
f 12799 12800 12802 12801 
f 12802 12794 12793 12801 
f 12794 12806 12805 12793 
f 12736 12733 12809 
f 12907 12908 12909 12906 
f 12806 12808 12807 12805 
f 12807 12808 12804 12803 
f 12809 12811 12810 
f 12810 12811 12813 12812 
f 12813 12792 12791 12812 
f 12815 12819 12818 12814 
f 12819 12821 12820 12818 
f 12821 12823 12822 12820 
f 12823 12825 12824 12822 
f 12825 12817 12816 12824 
f 12817 12831 12830 12816 
f 12748 12733 12834 
f 12911 12912 12913 12910 
f 12830 12831 12833 12832 
f 12832 12833 12827 12826 
f 12834 12836 12835 
f 12835 12836 12838 12837 
f 12838 12815 12814 12837 
f 12726 12728 12769 12765 
f 12632 12624 12764 12768 
f 12728 12729 12771 12769 
f 12633 12632 12768 12770 
f 12729 12730 12773 12771 
f 12634 12633 12770 12772 
f 12730 12731 12775 12773 
f 12635 12634 12772 12774 
f 12731 12727 12767 12775 
f 12625 12635 12774 12766 
f 12767 12727 12734 12782 
f 12641 12625 12766 12781 
f 12779 12733 12736 12786 
f 12785 12645 12638 12778 
f 12891 12899 12898 12890 
f 12852 12901 12900 12853 
f 12893 12903 12902 12892 
f 12856 12905 12904 12857 
f 12782 12734 12735 12784 
f 12783 12642 12641 12781 
f 12784 12735 12732 12777 
f 12776 12636 12642 12783 
f 12736 12737 12788 12786 
f 12787 12646 12645 12785 
f 12737 12738 12790 12788 
f 12647 12646 12787 12789 
f 12738 12726 12765 12790 
f 12764 12624 12647 12789 
f 12792 12739 12741 12796 
f 12795 12728 12726 12791 
f 12796 12741 12742 12798 
f 12797 12729 12728 12795 
f 12798 12742 12743 12800 
f 12799 12730 12729 12797 
f 12800 12743 12744 12802 
f 12801 12731 12730 12799 
f 12744 12740 12794 12802 
f 12727 12731 12801 12793 
f 12740 12746 12806 12794 
f 12734 12727 12793 12805 
f 12895 12907 12906 12894 
f 12892 12909 12908 12893 
f 12746 12747 12808 12806 
f 12735 12734 12805 12807 
f 12808 12747 12745 12804 
f 12803 12732 12735 12807 
f 12748 12749 12811 12809 
f 12810 12737 12736 12809 
f 12811 12749 12750 12813 
f 12812 12738 12737 12810 
f 12750 12739 12792 12813 
f 12791 12726 12738 12812 
f 12751 12753 12819 12815 
f 12741 12739 12814 12818 
f 12753 12754 12821 12819 
f 12742 12741 12818 12820 
f 12754 12755 12823 12821 
f 12743 12742 12820 12822 
f 12755 12756 12825 12823 
f 12744 12743 12822 12824 
f 12756 12752 12817 12825 
f 12740 12744 12824 12816 
f 12752 12759 12831 12817 
f 12746 12740 12816 12830 
f 12897 12911 12910 12896 
f 12894 12913 12912 12895 
f 12831 12759 12760 12833 
f 12832 12747 12746 12830 
f 12833 12760 12757 12827 
f 12826 12745 12747 12832 
f 12761 12762 12836 12834 
f 12749 12748 12834 12835 
f 12762 12763 12838 12836 
f 12837 12750 12749 12835 
f 12763 12751 12815 12838 
f 12739 12750 12837 12814 
f 12733 12748 12809 
f 12733 12761 12834 
f 12633 12634 12841 12847 
f 12635 12625 12839 12840 
f 12634 12635 12840 12841 
f 12845 12624 12632 12846 
f 12632 12633 12847 12846 
f 12641 12642 12843 12849 
f 12646 12647 12844 12851 
f 12853 12915 12914 12852 
f 12857 12917 12916 12856 
f 12642 12636 12842 12843 
f 12625 12641 12849 12839 
f 12638 12645 12850 12848 
f 12645 12646 12851 12850 
f 12647 12624 12845 12844 
f 12887 13198 13199 12914 
f 12915 12848 12720 12886 
f 13200 13201 12888 12917 
f 12719 12842 12916 12889 
f 12700 13202 12880 12879 
f 12698 12699 12878 12881 
f 12883 12697 12696 12884 
f 12701 12702 12882 12885 
f 12869 12665 12666 12871 
f 12870 12672 12671 12868 
f 12871 12666 13203 12873 
f 12872 12673 12672 12870 
f 12873 13203 12667 12875 
f 12874 12674 12673 12872 
f 12875 12667 12668 12877 
f 12876 12675 12674 12874 
f 12877 12668 13204 12867 
f 12866 12670 12675 12876 
f 13204 12669 12864 12867 
f 12676 12670 12866 12865 
f 12864 12669 13205 12861 
f 12860 12658 12676 12865 
f 12868 12671 12657 12863 
f 12659 12665 12869 12862 
f 13205 12700 12879 12861 
f 12699 12658 12860 12878 
f 12639 12698 12881 12854 
f 13202 13206 12855 12880 
f 12657 12697 12883 12863 
f 12702 12659 12862 12882 
f 12640 12701 12885 12858 
f 12884 12696 12637 12859 
f 13206 13198 12887 12855 
f 12886 12720 12639 12854 
f 12637 12719 12889 12859 
f 13201 12640 12858 12888 
f 12779 12778 12900 12899 
f 13207 12780 12898 12901 
f 13208 13209 12904 12903 
f 12776 12777 12902 12905 
f 13210 13211 12908 12907 
f 12803 12804 12906 12909 
f 12828 12829 12912 12911 
f 12826 12827 12910 12913 
f 12733 12779 12899 12891 
f 12780 13212 12890 12898 
f 13213 13207 12901 12852 
f 12778 12638 12853 12900 
f 13214 13208 12903 12893 
f 12777 12732 12892 12902 
f 12636 12776 12905 12856 
f 13209 13215 12857 12904 
f 13216 13210 12907 12895 
f 12804 12745 12894 12906 
f 12732 12803 12909 12892 
f 13211 13214 12893 12908 
f 12758 12828 12911 12897 
f 12827 12757 12896 12910 
f 12745 12826 12913 12894 
f 12829 13216 12895 12912 
f 12638 12848 12915 12853 
f 13199 13213 12852 12914 
f 13215 13200 12917 12857 
f 12842 12636 12856 12916 
f 12921 12920 12919 12918 
f 12922 12925 12924 12923 
f 12923 12924 12921 12918 
f 12926 12929 12928 12927 
f 12929 12919 12920 12928 
f 12930 12933 12932 12931 
f 12937 12936 12935 12934 
f 12938 12941 12940 12939 
f 12945 12944 12943 12942 
f 12947 12933 12930 12946 
f 12931 12932 12925 12922 
f 12951 12950 12949 12948 
f 12934 12935 12950 12951 
f 12926 12927 12936 12937 
f 12955 12954 12953 12952 
f 12955 12957 12956 12954 
f 12957 12959 12958 12956 
f 12961 12960 12958 12959 
f 12963 12962 12960 12961 
f 12967 12966 12965 12964 
f 12969 12968 12962 12963 
f 12973 12972 12971 12970 
f 12977 12976 12975 12974 
f 12979 12978 12966 12967 
f 12952 12953 12978 12979 
f 12969 12981 12980 12968 
f 12983 12982 12980 12981 
f 12985 12984 12982 12983 
f 12989 12988 12987 12986 
f 12991 12989 12986 12990 
f 12993 12991 12990 12992 
f 12995 12993 12992 12994 
f 12997 12995 12994 12996 
f 12998 12999 12997 12996 
f 13000 13003 13002 13001 
f 13003 13005 13004 13002 
f 13005 13007 13006 13004 
f 13007 13009 13008 13006 
f 13009 13011 13010 13008 
f 13013 13012 13010 13011 
f 13013 13015 13014 13012 
f 13001 13017 13016 13000 
f 12988 12989 13019 13018 
f 12989 12991 13020 13019 
f 12991 12993 13021 13020 
f 12993 12995 13022 13021 
f 12995 12997 13023 13022 
f 12999 13024 13023 12997 
f 13026 13025 13024 12999 
f 13018 13028 13027 12988 
f 13029 12987 12988 13027 
f 13030 13026 12999 12998 
f 12954 12986 12987 12953 
f 12952 13032 13031 12955 
f 12954 12956 12990 12986 
f 12957 12955 13031 13033 
f 12956 12958 12992 12990 
f 12959 12957 13033 13034 
f 12960 12994 12992 12958 
f 12959 13034 13035 12961 
f 12962 12996 12994 12960 
f 12961 13035 13036 12963 
f 12966 13027 13028 12965 
f 12964 13038 13037 12967 
f 12962 12968 12998 12996 
f 12963 13036 13039 12969 
f 12970 12971 13014 13015 
f 12972 12973 13041 13040 
f 12974 12975 13016 13017 
f 12976 12977 13043 13042 
f 12978 13029 13027 12966 
f 12967 13037 13044 12979 
f 12953 12987 13029 12978 
f 12979 13044 13032 12952 
f 12968 12980 13030 12998 
f 12981 12969 13039 13045 
f 12982 13026 13030 12980 
f 12981 13045 13046 12983 
f 12984 13025 13026 12982 
f 12985 12983 13046 13047 
f 12919 13034 13033 12918 
f 12923 13031 13032 12922 
f 12918 13033 13031 12923 
f 12929 12926 13036 13035 
f 12919 12929 13035 13034 
f 12931 13044 13037 12930 
f 12934 13045 13039 12937 
f 12938 12939 13040 13041 
f 12944 12945 13042 13043 
f 12930 13037 13038 12946 
f 12922 13032 13044 12931 
f 12948 13047 13046 12951 
f 12951 13046 13045 12934 
f 12926 12937 13039 13036 
f 13051 13050 13049 13048 
f 13053 13052 13050 13051 
f 13055 13054 13052 13053 
f 13057 13056 13054 13055 
f 13059 13058 13056 13057 
f 13059 13061 13060 13058 
f 13062 13065 13064 13063 
f 13069 13068 13067 13066 
f 13073 13072 13071 13070 
f 13061 13075 13074 13060 
f 13075 13077 13076 13074 
f 13065 13079 13078 13064 
f 13081 13080 13078 13079 
f 13081 13048 13049 13080 
f 13082 13085 13084 13083 
f 13085 13087 13086 13084 
f 13087 13089 13088 13086 
f 13089 13091 13090 13088 
f 13093 13092 13090 13091 
f 13095 13094 13092 13093 
f 13096 13098 13097 
f 13102 13101 13100 13099 
f 13104 13103 13094 13095 
f 13104 13106 13105 13103 
f 13098 13108 13107 
f 13108 13110 13109 13107 
f 13082 13083 13109 13110 
f 13114 13113 13112 13111 
f 13116 13115 13113 13114 
f 13118 13117 13115 13116 
f 13120 13119 13117 13118 
f 13122 13121 13119 13120 
f 13124 13123 13121 13122 
f 13125 13126 13097 
f 13130 13129 13128 13127 
f 13124 13132 13131 13123 
f 13132 13134 13133 13131 
f 13126 13136 13135 
f 13136 13138 13137 13135 
f 13111 13112 13137 13138 
f 13050 13140 13139 13049 
f 13048 13142 13141 13051 
f 13052 13143 13140 13050 
f 13051 13141 13144 13053 
f 13054 13145 13143 13052 
f 13053 13144 13146 13055 
f 13056 13147 13145 13054 
f 13055 13146 13148 13057 
f 13058 13149 13147 13056 
f 13057 13148 13150 13059 
f 13058 13060 13151 13149 
f 13059 13150 13152 13061 
f 13063 13064 13096 13097 
f 13065 13062 13154 13153 
f 13066 13067 13156 13155 
f 13068 13069 13158 13157 
f 13070 13071 13160 13159 
f 13072 13073 13162 13161 
f 13060 13074 13163 13151 
f 13075 13061 13152 13164 
f 13074 13076 13165 13163 
f 13077 13075 13164 13166 
f 13078 13167 13096 13064 
f 13079 13065 13153 13168 
f 13080 13169 13167 13078 
f 13079 13168 13170 13081 
f 13049 13139 13169 13080 
f 13048 13081 13170 13142 
f 13083 13084 13172 13171 
f 13085 13082 13139 13140 
f 13084 13086 13173 13172 
f 13087 13085 13140 13143 
f 13086 13088 13174 13173 
f 13089 13087 13143 13145 
f 13088 13090 13175 13174 
f 13091 13089 13145 13147 
f 13092 13176 13175 13090 
f 13091 13147 13149 13093 
f 13094 13177 13176 13092 
f 13093 13149 13151 13095 
f 13099 13100 13179 13178 
f 13101 13102 13159 13160 
f 13103 13180 13177 13094 
f 13095 13151 13163 13104 
f 13103 13105 13181 13180 
f 13106 13104 13163 13165 
f 13107 13182 13125 13098 
f 13108 13098 13096 13167 
f 13107 13109 13183 13182 
f 13110 13108 13167 13169 
f 13083 13171 13183 13109 
f 13082 13110 13169 13139 
f 13113 13185 13184 13112 
f 13111 13171 13172 13114 
f 13115 13186 13185 13113 
f 13114 13172 13173 13116 
f 13117 13187 13186 13115 
f 13116 13173 13174 13118 
f 13119 13188 13187 13117 
f 13118 13174 13175 13120 
f 13121 13189 13188 13119 
f 13120 13175 13176 13122 
f 13123 13190 13189 13121 
f 13122 13176 13177 13124 
f 13127 13128 13192 13191 
f 13129 13130 13178 13179 
f 13123 13131 13193 13190 
f 13132 13124 13177 13180 
f 13131 13133 13194 13193 
f 13134 13132 13180 13181 
f 13135 13196 13195 13126 
f 13126 13125 13182 13136 
f 13137 13197 13196 13135 
f 13138 13136 13182 13183 
f 13112 13184 13197 13137 
f 13138 13183 13171 13111 
f 13097 13098 13125 
f 13097 13126 13195 
f 12921 13146 13144 12920 
f 12925 13150 13148 12924 
f 12924 13148 13146 12921 
f 12927 12928 13141 13142 
f 12920 13144 13141 12928 
f 12933 13164 13152 12932 
f 12936 13170 13168 12935 
f 12940 12941 13157 13158 
f 12942 12943 13161 13162 
f 12947 13166 13164 12933 
f 12932 13152 13150 12925 
f 12950 13153 13154 12949 
f 12935 13168 13153 12950 
f 12927 13142 13170 12936 
f 12939 12940 13199 13198 
f 12941 12938 12948 12949 
f 12944 13201 13200 12943 
f 12942 12947 12946 12945 
f 12972 13202 12700 12971 
f 12970 12984 12985 12973 
f 12975 12976 12964 12965 
f 12974 12702 12701 12977 
f 13001 13002 12666 12665 
f 13003 13000 13018 13019 
f 13002 13004 13203 12666 
f 13005 13003 13019 13020 
f 13004 13006 12667 13203 
f 13007 13005 13020 13021 
f 13006 13008 12668 12667 
f 13009 13007 13021 13022 
f 13008 13010 13204 12668 
f 13011 13009 13022 13023 
f 13012 12669 13204 13010 
f 13011 13023 13024 13013 
f 13012 13014 13205 12669 
f 13015 13013 13024 13025 
f 13000 13016 13028 13018 
f 13001 12665 12659 13017 
f 12971 12700 13205 13014 
f 13015 13025 12984 12970 
f 12973 12985 13047 13041 
f 13040 13206 13202 12972 
f 12975 12965 13028 13016 
f 13017 12659 12702 12974 
f 12977 12701 12640 13043 
f 12976 13042 13038 12964 
f 12939 13198 13206 13040 
f 12938 13041 13047 12948 
f 12945 12946 13038 13042 
f 13043 12640 13201 12944 
f 13068 13062 13063 13067 
f 13066 12780 13207 13069 
f 13072 13209 13208 13071 
f 13070 13076 13077 13073 
f 13101 13211 13210 13100 
f 13099 13105 13106 13102 
f 13129 12829 12828 13128 
f 13127 13133 13134 13130 
f 13067 13063 13097 13156 
f 13155 13212 12780 13066 
f 13069 13207 13213 13158 
f 13157 13154 13062 13068 
f 13071 13208 13214 13160 
f 13159 13165 13076 13070 
f 13073 13077 13166 13162 
f 13161 13215 13209 13072 
f 13100 13210 13216 13179 
f 13178 13181 13105 13099 
f 13102 13106 13165 13159 
f 13160 13214 13211 13101 
f 13128 12828 12758 13192 
f 13191 13194 13133 13127 
f 13130 13134 13181 13178 
f 13179 13216 12829 13129 
f 12941 12949 13154 13157 
f 13158 13213 13199 12940 
f 12943 13200 13215 13161 
f 13162 13166 12947 12942 
f 13212 13218 13217 12890 
f 13155 13219 13218 13212 
f 13156 13220 13219 13155 
f 13156 13097 13221 13220 
f 13195 13222 13221 13097 
f 13196 13223 13222 13195 
f 13197 13224 13223 13196 
f 13184 13225 13224 13197 
f 13185 13226 13225 13184 
f 13186 13227 13226 13185 
f 13187 13228 13227 13186 
f 13188 13229 13228 13187 
f 13189 13230 13229 13188 
f 13189 13190 13231 13230 
f 13193 13232 13231 13190 
f 13194 13233 13232 13193 
f 13191 13234 13233 13194 
f 13192 13235 13234 13191 
f 12758 13236 13235 13192 
f 12897 13237 13236 12758 
f 12896 13238 13237 12897 
f 12896 12757 13239 13238 
f 12757 12760 13240 13239 
f 12760 12759 13241 13240 
f 12752 13242 13241 12759 
f 12756 13243 13242 12752 
f 12755 13244 13243 12756 
f 12754 13245 13244 12755 
f 12753 13246 13245 12754 
f 12753 12751 13247 13246 
f 12763 13248 13247 12751 
f 12762 13249 13248 12763 
f 12762 12761 13250 13249 
f 12761 12733 13251 13250 
f 12891 13252 13251 12733 
f 12890 13217 13252 12891 
f 13254 13278 13277 13253 
f 13255 13279 13278 13254 
f 13256 13280 13279 13255 
f 13257 13281 13280 13256 
f 13258 13282 13281 13257 
f 13259 13283 13282 13258 
f 13260 13284 13283 13259 
f 13261 13285 13284 13260 
f 13262 13286 13285 13261 
f 13263 13287 13286 13262 
f 13264 13288 13287 13263 
f 13265 13289 13288 13264 
f 13266 13290 13289 13265 
f 13267 13291 13290 13266 
f 13268 13292 13291 13267 
f 13269 13293 13292 13268 
f 13270 13294 13293 13269 
f 13271 13295 13294 13270 
f 13272 13296 13295 13271 
f 13273 13297 13296 13272 
f 13274 13298 13297 13273 
f 13275 13299 13298 13274 
f 13276 13300 13299 13275 
f 13253 13277 13300 13276 
f 13313 13314 13302 13301 
f 13314 13315 13303 13302 
f 13315 13316 13304 13303 
f 13316 13317 13305 13304 
f 13317 13318 13306 13305 
f 13318 13319 13307 13306 
f 13319 13320 13308 13307 
f 13320 13321 13309 13308 
f 13321 13322 13310 13309 
f 13322 13323 13311 13310 
f 13323 13324 13312 13311 
f 13324 13313 13301 13312 
f 13325 13326 13314 13313 
f 13326 13327 13315 13314 
f 13327 13328 13316 13315 
f 13328 13329 13317 13316 
f 13329 13330 13318 13317 
f 13330 13331 13319 13318 
f 13331 13332 13320 13319 
f 13332 13333 13321 13320 
f 13333 13334 13322 13321 
f 13334 13335 13323 13322 
f 13335 13336 13324 13323 
f 13336 13325 13313 13324 
f 13325 13337 13326 
f 13326 13337 13327 
f 13327 13337 13328 
f 13328 13337 13329 
f 13329 13337 13330 
f 13330 13337 13331 
f 13331 13337 13332 
f 13332 13337 13333 
f 13333 13337 13334 
f 13334 13337 13335 
f 13335 13337 13336 
f 13336 13337 13325 
f 13338 13339 13351 13350 
f 13340 13338 13350 13352 
f 13341 13340 13352 13353 
f 13342 13341 13353 13354 
f 13343 13342 13354 13355 
f 13344 13343 13355 13356 
f 13345 13344 13356 13357 
f 13346 13345 13357 13358 
f 13347 13346 13358 13359 
f 13348 13347 13359 13360 
f 13349 13348 13360 13361 
f 13339 13349 13361 13351 
f 13302 13303 13350 13351 
f 13303 13304 13352 13350 
f 13304 13305 13353 13352 
f 13305 13306 13354 13353 
f 13306 13307 13355 13354 
f 13307 13308 13356 13355 
f 13308 13309 13357 13356 
f 13309 13310 13358 13357 
f 13310 13311 13359 13358 
f 13311 13312 13360 13359 
f 13312 13301 13361 13360 
f 13301 13302 13351 13361 
f 13363 13364 13365 13362 
f 13366 13367 13364 13363 
f 13368 13369 13367 13366 
f 13370 13371 13369 13368 
f 13372 13373 13371 13370 
f 13362 13365 13373 13372 
f 13363 13362 13374 
f 13366 13363 13374 
f 13368 13366 13374 
f 13370 13368 13374 
f 13372 13370 13374 
f 13362 13372 13374 
f 13365 13364 13375 
f 13364 13367 13375 
f 13367 13369 13375 
f 13369 13371 13375 
f 13371 13373 13375 
f 13373 13365 13375 
f 13377 13378 13379 13376 
f 13380 13381 13378 13377 
f 13382 13383 13381 13380 
f 13384 13385 13383 13382 
f 13386 13387 13385 13384 
f 13388 13389 13387 13386 
f 13390 13391 13389 13388 
f 13392 13393 13391 13390 
f 13394 13395 13393 13392 
f 13396 13397 13395 13394 
f 13398 13399 13397 13396 
f 13400 13401 13399 13398 
f 13402 13403 13401 13400 
f 13404 13405 13403 13402 
f 13406 13407 13405 13404 
f 13408 13409 13407 13406 
f 13410 13411 13409 13408 
f 13376 13379 13411 13410 
f 13376 13412 13413 13377 
f 13377 13413 13414 13380 
f 13380 13414 13415 13382 
f 13382 13415 13416 13384 
f 13384 13416 13417 13386 
f 13386 13417 13418 13388 
f 13388 13418 13419 13390 
f 13390 13419 13420 13392 
f 13392 13420 13421 13394 
f 13394 13421 13422 13396 
f 13396 13422 13423 13398 
f 13398 13423 13424 13400 
f 13400 13424 13425 13402 
f 13402 13425 13426 13404 
f 13404 13426 13427 13406 
f 13406 13427 13428 13408 
f 13408 13428 13429 13410 
f 13410 13429 13412 13376 
f 13378 13430 13431 13379 
f 13381 13432 13430 13378 
f 13383 13433 13432 13381 
f 13385 13434 13433 13383 
f 13387 13435 13434 13385 
f 13389 13436 13435 13387 
f 13391 13437 13436 13389 
f 13393 13438 13437 13391 
f 13395 13439 13438 13393 
f 13397 13440 13439 13395 
f 13399 13441 13440 13397 
f 13401 13442 13441 13399 
f 13403 13443 13442 13401 
f 13405 13444 13443 13403 
f 13407 13445 13444 13405 
f 13409 13446 13445 13407 
f 13411 13447 13446 13409 
f 13379 13431 13447 13411 
f 13449 13450 13451 13448 
f 13452 13453 13450 13449 
f 13454 13455 13453 13452 
f 13456 13457 13455 13454 
f 13458 13459 13457 13456 
f 13460 13461 13459 13458 
f 13462 13463 13461 13460 
f 13464 13465 13463 13462 
f 13466 13467 13465 13464 
f 13468 13469 13467 13466 
f 13470 13471 13469 13468 
f 13472 13473 13471 13470 
f 13474 13475 13473 13472 
f 13476 13477 13475 13474 
f 13478 13479 13477 13476 
f 13480 13481 13479 13478 
f 13482 13483 13481 13480 
f 13448 13451 13483 13482 
f 13448 13484 13485 13449 
f 13449 13485 13486 13452 
f 13452 13486 13487 13454 
f 13454 13487 13488 13456 
f 13456 13488 13489 13458 
f 13458 13489 13490 13460 
f 13460 13490 13491 13462 
f 13462 13491 13492 13464 
f 13464 13492 13493 13466 
f 13466 13493 13494 13468 
f 13468 13494 13495 13470 
f 13470 13495 13496 13472 
f 13472 13496 13497 13474 
f 13474 13497 13498 13476 
f 13476 13498 13499 13478 
f 13478 13499 13500 13480 
f 13480 13500 13501 13482 
f 13482 13501 13484 13448 
f 13450 13502 13503 13451 
f 13453 13504 13502 13450 
f 13455 13505 13504 13453 
f 13457 13506 13505 13455 
f 13459 13507 13506 13457 
f 13461 13508 13507 13459 
f 13463 13509 13508 13461 
f 13465 13510 13509 13463 
f 13467 13511 13510 13465 
f 13469 13512 13511 13467 
f 13471 13513 13512 13469 
f 13473 13514 13513 13471 
f 13475 13515 13514 13473 
f 13477 13516 13515 13475 
f 13479 13517 13516 13477 
f 13481 13518 13517 13479 
f 13483 13519 13518 13481 
f 13451 13503 13519 13483 
f 13532 13533 13521 13520 
f 13533 13534 13522 13521 
f 13534 13535 13523 13522 
f 13535 13536 13524 13523 
f 13536 13537 13525 13524 
f 13537 13538 13526 13525 
f 13538 13539 13527 13526 
f 13539 13540 13528 13527 
f 13540 13541 13529 13528 
f 13541 13542 13530 13529 
f 13542 13543 13531 13530 
f 13543 13532 13520 13531 
f 13544 13545 13533 13532 
f 13545 13546 13534 13533 
f 13546 13547 13535 13534 
f 13547 13548 13536 13535 
f 13548 13549 13537 13536 
f 13549 13550 13538 13537 
f 13550 13551 13539 13538 
f 13551 13552 13540 13539 
f 13552 13553 13541 13540 
f 13553 13554 13542 13541 
f 13554 13555 13543 13542 
f 13555 13544 13532 13543 
f 13544 13556 13545 
f 13545 13556 13546 
f 13546 13556 13547 
f 13547 13556 13548 
f 13548 13556 13549 
f 13549 13556 13550 
f 13550 13556 13551 
f 13551 13556 13552 
f 13552 13556 13553 
f 13553 13556 13554 
f 13554 13556 13555 
f 13555 13556 13544 
f 13557 13558 13570 13569 
f 13559 13557 13569 13571 
f 13560 13559 13571 13572 
f 13561 13560 13572 13573 
f 13562 13561 13573 13574 
f 13563 13562 13574 13575 
f 13564 13563 13575 13576 
f 13565 13564 13576 13577 
f 13566 13565 13577 13578 
f 13567 13566 13578 13579 
f 13568 13567 13579 13580 
f 13558 13568 13580 13570 
f 13521 13522 13569 13570 
f 13522 13523 13571 13569 
f 13523 13524 13572 13571 
f 13524 13525 13573 13572 
f 13525 13526 13574 13573 
f 13526 13527 13575 13574 
f 13527 13528 13576 13575 
f 13528 13529 13577 13576 
f 13529 13530 13578 13577 
f 13530 13531 13579 13578 
f 13531 13520 13580 13579 
f 13520 13521 13570 13580 
f 13582 13583 13584 13581 
f 13585 13586 13583 13582 
f 13587 13588 13586 13585 
f 13589 13590 13588 13587 
f 13591 13592 13590 13589 
f 13581 13584 13592 13591 
f 13582 13581 13593 
f 13585 13582 13593 
f 13587 13585 13593 
f 13589 13587 13593 
f 13591 13589 13593 
f 13581 13591 13593 
f 13584 13583 13594 
f 13583 13586 13594 
f 13586 13588 13594 
f 13588 13590 13594 
f 13590 13592 13594 
f 13592 13584 13594 
f 13596 13597 13598 13595 
f 13599 13600 13597 13596 
f 13601 13602 13600 13599 
f 13603 13604 13602 13601 
f 13605 13606 13604 13603 
f 13607 13608 13606 13605 
f 13609 13610 13608 13607 
f 13611 13612 13610 13609 
f 13613 13614 13612 13611 
f 13615 13616 13614 13613 
f 13617 13618 13616 13615 
f 13619 13620 13618 13617 
f 13621 13622 13620 13619 
f 13623 13624 13622 13621 
f 13625 13626 13624 13623 
f 13627 13628 13626 13625 
f 13629 13630 13628 13627 
f 13595 13598 13630 13629 
f 13595 13631 13632 13596 
f 13596 13632 13633 13599 
f 13599 13633 13634 13601 
f 13601 13634 13635 13603 
f 13603 13635 13636 13605 
f 13605 13636 13637 13607 
f 13607 13637 13638 13609 
f 13609 13638 13639 13611 
f 13611 13639 13640 13613 
f 13613 13640 13641 13615 
f 13615 13641 13642 13617 
f 13617 13642 13643 13619 
f 13619 13643 13644 13621 
f 13621 13644 13645 13623 
f 13623 13645 13646 13625 
f 13625 13646 13647 13627 
f 13627 13647 13648 13629 
f 13629 13648 13631 13595 
f 13597 13649 13650 13598 
f 13600 13651 13649 13597 
f 13602 13652 13651 13600 
f 13604 13653 13652 13602 
f 13606 13654 13653 13604 
f 13608 13655 13654 13606 
f 13610 13656 13655 13608 
f 13612 13657 13656 13610 
f 13614 13658 13657 13612 
f 13616 13659 13658 13614 
f 13618 13660 13659 13616 
f 13620 13661 13660 13618 
f 13622 13662 13661 13620 
f 13624 13663 13662 13622 
f 13626 13664 13663 13624 
f 13628 13665 13664 13626 
f 13630 13666 13665 13628 
f 13598 13650 13666 13630 
f 13668 13669 13670 13667 
f 13671 13672 13669 13668 
f 13673 13674 13672 13671 
f 13675 13676 13674 13673 
f 13677 13678 13676 13675 
f 13679 13680 13678 13677 
f 13681 13682 13680 13679 
f 13683 13684 13682 13681 
f 13685 13686 13684 13683 
f 13687 13688 13686 13685 
f 13689 13690 13688 13687 
f 13691 13692 13690 13689 
f 13693 13694 13692 13691 
f 13695 13696 13694 13693 
f 13697 13698 13696 13695 
f 13699 13700 13698 13697 
f 13701 13702 13700 13699 
f 13667 13670 13702 13701 
f 13667 13703 13704 13668 
f 13668 13704 13705 13671 
f 13671 13705 13706 13673 
f 13673 13706 13707 13675 
f 13675 13707 13708 13677 
f 13677 13708 13709 13679 
f 13679 13709 13710 13681 
f 13681 13710 13711 13683 
f 13683 13711 13712 13685 
f 13685 13712 13713 13687 
f 13687 13713 13714 13689 
f 13689 13714 13715 13691 
f 13691 13715 13716 13693 
f 13693 13716 13717 13695 
f 13695 13717 13718 13697 
f 13697 13718 13719 13699 
f 13699 13719 13720 13701 
f 13701 13720 13703 13667 
f 13669 13721 13722 13670 
f 13672 13723 13721 13669 
f 13674 13724 13723 13672 
f 13676 13725 13724 13674 
f 13678 13726 13725 13676 
f 13680 13727 13726 13678 
f 13682 13728 13727 13680 
f 13684 13729 13728 13682 
f 13686 13730 13729 13684 
f 13688 13731 13730 13686 
f 13690 13732 13731 13688 
f 13692 13733 13732 13690 
f 13694 13734 13733 13692 
f 13696 13735 13734 13694 
f 13698 13736 13735 13696 
f 13700 13737 13736 13698 
f 13702 13738 13737 13700 
f 13670 13722 13738 13702 
f 13751 13752 13740 13739 
f 13752 13753 13741 13740 
f 13753 13754 13742 13741 
f 13754 13755 13743 13742 
f 13755 13756 13744 13743 
f 13756 13757 13745 13744 
f 13757 13758 13746 13745 
f 13758 13759 13747 13746 
f 13759 13760 13748 13747 
f 13760 13761 13749 13748 
f 13761 13762 13750 13749 
f 13762 13751 13739 13750 
f 13763 13764 13752 13751 
f 13764 13765 13753 13752 
f 13765 13766 13754 13753 
f 13766 13767 13755 13754 
f 13767 13768 13756 13755 
f 13768 13769 13757 13756 
f 13769 13770 13758 13757 
f 13770 13771 13759 13758 
f 13771 13772 13760 13759 
f 13772 13773 13761 13760 
f 13773 13774 13762 13761 
f 13774 13763 13751 13762 
f 13763 13775 13764 
f 13764 13775 13765 
f 13765 13775 13766 
f 13766 13775 13767 
f 13767 13775 13768 
f 13768 13775 13769 
f 13769 13775 13770 
f 13770 13775 13771 
f 13771 13775 13772 
f 13772 13775 13773 
f 13773 13775 13774 
f 13774 13775 13763 
f 13776 13777 13789 13788 
f 13778 13776 13788 13790 
f 13779 13778 13790 13791 
f 13780 13779 13791 13792 
f 13781 13780 13792 13793 
f 13782 13781 13793 13794 
f 13783 13782 13794 13795 
f 13784 13783 13795 13796 
f 13785 13784 13796 13797 
f 13786 13785 13797 13798 
f 13787 13786 13798 13799 
f 13777 13787 13799 13789 
f 13740 13741 13788 13789 
f 13741 13742 13790 13788 
f 13742 13743 13791 13790 
f 13743 13744 13792 13791 
f 13744 13745 13793 13792 
f 13745 13746 13794 13793 
f 13746 13747 13795 13794 
f 13747 13748 13796 13795 
f 13748 13749 13797 13796 
f 13749 13750 13798 13797 
f 13750 13739 13799 13798 
f 13739 13740 13789 13799 
f 13801 13802 13803 13800 
f 13804 13805 13802 13801 
f 13806 13807 13805 13804 
f 13808 13809 13807 13806 
f 13810 13811 13809 13808 
f 13800 13803 13811 13810 
f 13801 13800 13812 
f 13804 13801 13812 
f 13806 13804 13812 
f 13808 13806 13812 
f 13810 13808 13812 
f 13800 13810 13812 
f 13803 13802 13813 
f 13802 13805 13813 
f 13805 13807 13813 
f 13807 13809 13813 
f 13809 13811 13813 
f 13811 13803 13813 
f 13815 13816 13817 13814 
f 13818 13819 13816 13815 
f 13820 13821 13819 13818 
f 13822 13823 13821 13820 
f 13824 13825 13823 13822 
f 13826 13827 13825 13824 
f 13828 13829 13827 13826 
f 13830 13831 13829 13828 
f 13832 13833 13831 13830 
f 13834 13835 13833 13832 
f 13836 13837 13835 13834 
f 13838 13839 13837 13836 
f 13840 13841 13839 13838 
f 13842 13843 13841 13840 
f 13844 13845 13843 13842 
f 13846 13847 13845 13844 
f 13848 13849 13847 13846 
f 13814 13817 13849 13848 
f 13814 13850 13851 13815 
f 13815 13851 13852 13818 
f 13818 13852 13853 13820 
f 13820 13853 13854 13822 
f 13822 13854 13855 13824 
f 13824 13855 13856 13826 
f 13826 13856 13857 13828 
f 13828 13857 13858 13830 
f 13830 13858 13859 13832 
f 13832 13859 13860 13834 
f 13834 13860 13861 13836 
f 13836 13861 13862 13838 
f 13838 13862 13863 13840 
f 13840 13863 13864 13842 
f 13842 13864 13865 13844 
f 13844 13865 13866 13846 
f 13846 13866 13867 13848 
f 13848 13867 13850 13814 
f 13816 13868 13869 13817 
f 13819 13870 13868 13816 
f 13821 13871 13870 13819 
f 13823 13872 13871 13821 
f 13825 13873 13872 13823 
f 13827 13874 13873 13825 
f 13829 13875 13874 13827 
f 13831 13876 13875 13829 
f 13833 13877 13876 13831 
f 13835 13878 13877 13833 
f 13837 13879 13878 13835 
f 13839 13880 13879 13837 
f 13841 13881 13880 13839 
f 13843 13882 13881 13841 
f 13845 13883 13882 13843 
f 13847 13884 13883 13845 
f 13849 13885 13884 13847 
f 13817 13869 13885 13849 
f 13887 13888 13889 13886 
f 13890 13891 13888 13887 
f 13892 13893 13891 13890 
f 13894 13895 13893 13892 
f 13896 13897 13895 13894 
f 13898 13899 13897 13896 
f 13900 13901 13899 13898 
f 13902 13903 13901 13900 
f 13904 13905 13903 13902 
f 13906 13907 13905 13904 
f 13908 13909 13907 13906 
f 13910 13911 13909 13908 
f 13912 13913 13911 13910 
f 13914 13915 13913 13912 
f 13916 13917 13915 13914 
f 13918 13919 13917 13916 
f 13920 13921 13919 13918 
f 13886 13889 13921 13920 
f 13886 13922 13923 13887 
f 13887 13923 13924 13890 
f 13890 13924 13925 13892 
f 13892 13925 13926 13894 
f 13894 13926 13927 13896 
f 13896 13927 13928 13898 
f 13898 13928 13929 13900 
f 13900 13929 13930 13902 
f 13902 13930 13931 13904 
f 13904 13931 13932 13906 
f 13906 13932 13933 13908 
f 13908 13933 13934 13910 
f 13910 13934 13935 13912 
f 13912 13935 13936 13914 
f 13914 13936 13937 13916 
f 13916 13937 13938 13918 
f 13918 13938 13939 13920 
f 13920 13939 13922 13886 
f 13888 13940 13941 13889 
f 13891 13942 13940 13888 
f 13893 13943 13942 13891 
f 13895 13944 13943 13893 
f 13897 13945 13944 13895 
f 13899 13946 13945 13897 
f 13901 13947 13946 13899 
f 13903 13948 13947 13901 
f 13905 13949 13948 13903 
f 13907 13950 13949 13905 
f 13909 13951 13950 13907 
f 13911 13952 13951 13909 
f 13913 13953 13952 13911 
f 13915 13954 13953 13913 
f 13917 13955 13954 13915 
f 13919 13956 13955 13917 
f 13921 13957 13956 13919 
f 13889 13941 13957 13921 
f 14090 14257 14114 14323 
f 14258 14114 14257 14076 
f 14259 14114 14258 14056 
f 14323 14114 14259 14071 
f 14260 14115 14263 13978 
f 14097 14261 14115 14260 
f 14262 14115 14261 14014 
f 14263 14115 14262 13981 
f 13981 14262 14116 14266 
f 14264 14116 14262 14014 
f 14105 14265 14116 14264 
f 14266 14116 14265 13984 
f 14267 14117 14269 14104 
f 13974 14268 14117 14267 
f 14269 14117 14268 14077 
f 14058 14530 14118 14271 
f 14268 14118 14530 14077 
f 13974 14270 14118 14268 
f 14271 14118 14270 13994 
f 14272 14119 14374 14072 
f 14008 14273 14119 14272 
f 14274 14119 14273 14002 
f 14073 14374 14119 14274 
f 14073 14274 14120 14376 
f 14002 14275 14120 14274 
f 14276 14120 14275 14019 
f 14376 14120 14276 14074 
f 14276 14121 14377 14074 
f 14019 14277 14121 14276 
f 14278 14121 14277 13959 
f 14075 14377 14121 14278 
f 14278 14122 14281 14075 
f 13959 14279 14122 14278 
f 14280 14122 14279 13960 
f 13961 14281 14122 14280 
f 13960 14279 14123 14284 
f 14282 14123 14279 13959 
f 14023 14283 14123 14282 
f 14284 14123 14283 13964 
f 13962 14285 14124 14287 
f 14286 14124 14285 13963 
f 13964 14283 14124 14286 
f 14287 14124 14283 14023 
f 13959 14277 14125 14282 
f 14288 14125 14277 14019 
f 14021 14289 14125 14288 
f 14282 14125 14289 14023 
f 13963 14285 14126 14292 
f 14290 14126 14285 13962 
f 14291 14126 14290 14024 
f 13967 14292 14126 14291 
f 14291 14127 14295 13967 
f 14024 14293 14127 14291 
f 14294 14127 14293 14025 
f 13969 14295 14127 14294 
f 14294 14128 14298 13969 
f 14025 14296 14128 14294 
f 14297 14128 14296 14026 
f 13971 14298 14128 14297 
f 14297 14129 14301 13971 
f 14026 14299 14129 14297 
f 14064 14300 14129 14299 
f 14301 14129 14300 14065 
f 14302 14130 14304 14032 
f 14303 14130 14302 13975 
f 14267 14130 14303 13974 
f 14104 14304 14130 14267 
f 14303 14131 14270 13974 
f 13975 14305 14131 14303 
f 14306 14131 14305 14050 
f 13994 14270 14131 14306 
f 13984 14265 14132 14309 
f 14307 14132 14265 14105 
f 14308 14132 14307 14016 
f 14309 14132 14308 14032 
f 14016 14310 14133 14308 
f 14311 14133 14310 14015 
f 13975 14302 14133 14311 
f 14308 14133 14302 14032 
f 14312 14134 14311 14015 
f 14103 14313 14134 14312 
f 14272 14134 14313 14008 
f 14369 14134 14272 14072 
f 14305 14134 14369 14050 
f 14311 14134 14305 13975 
f 14041 14314 14135 14317 
f 14315 14135 14314 14055 
f 13958 14316 14135 14315 
f 14317 14135 14316 14027 
f 14318 14136 14321 14028 
f 14319 14136 14318 13972 
f 14320 14136 14319 13976 
f 14321 14136 14320 13977 
f 13972 14322 14137 14319 
f 14323 14137 14322 14090 
f 14071 14444 14137 14323 
f 14319 14137 14444 13976 
f 14029 14324 14138 14327 
f 14325 14138 14324 14053 
f 14054 14326 14138 14325 
f 14327 14138 14326 14030 
f 14078 14449 14139 14329 
f 14095 14328 14139 14449 
f 14053 14324 14139 14328 
f 14329 14139 14324 14029 
f 14330 14140 14333 13980 
f 13979 14331 14140 14330 
f 14332 14140 14331 13982 
f 13983 14333 14140 14332 
f 14334 14141 14331 13979 
f 14100 14335 14141 14334 
f 14336 14141 14335 14031 
f 13982 14331 14141 14336 
f 14332 14142 14339 13983 
f 13982 14337 14142 14332 
f 14338 14142 14337 13985 
f 13986 14339 14142 14338 
f 14336 14143 14337 13982 
f 14031 14340 14143 14336 
f 14341 14143 14340 14079 
f 13985 14337 14143 14341 
f 14338 14144 14344 13986 
f 13985 14342 14144 14338 
f 13987 14343 14144 14342 
f 13988 14344 14144 14343 
f 13985 14341 14145 14342 
f 14455 14145 14341 14079 
f 14080 14345 14145 14455 
f 14342 14145 14345 13987 
f 14343 14146 14348 13988 
f 14346 14146 14343 13987 
f 13990 14347 14146 14346 
f 13991 14348 14146 14347 
f 13987 14345 14147 14346 
f 14457 14147 14345 14080 
f 13989 14349 14147 14457 
f 14346 14147 14349 13990 
f 14347 14148 14352 13991 
f 13990 14350 14148 14347 
f 14351 14148 14350 13992 
f 13993 14352 14148 14351 
f 13990 14349 14149 14350 
f 14353 14149 14349 13989 
f 14018 14354 14149 14353 
f 14350 14149 14354 13992 
f 14355 14150 14358 14060 
f 14059 14356 14150 14355 
f 14357 14150 14356 13995 
f 13996 14358 14150 14357 
f 14359 14151 14356 14059 
f 14360 14151 14359 14061 
f 14088 14361 14151 14360 
f 13995 14356 14151 14361 
f 14357 14152 14364 13996 
f 13995 14362 14152 14357 
f 14363 14152 14362 13997 
f 13998 14364 14152 14363 
f 14050 14368 14153 14478 
f 13997 14362 14153 14368 
f 14361 14153 14362 13995 
f 14478 14153 14361 14088 
f 14363 14154 14367 13998 
f 13997 14365 14154 14363 
f 14366 14154 14365 13999 
f 14367 14154 14366 14000 
f 14368 14155 14365 13997 
f 14369 14155 14368 14050 
f 14373 14155 14369 14072 
f 13999 14365 14155 14373 
f 14000 14366 14156 14372 
f 14370 14156 14366 13999 
f 14102 14371 14156 14370 
f 14372 14156 14371 14001 
f 13999 14373 14157 14370 
f 14072 14374 14157 14373 
f 14073 14375 14157 14374 
f 14370 14157 14375 14102 
f 14074 14377 14158 14376 
f 14378 14158 14377 14075 
f 14102 14375 14158 14378 
f 14376 14158 14375 14073 
f 14001 14371 14159 14379 
f 14378 14159 14371 14102 
f 14075 14281 14159 14378 
f 14379 14159 14281 13961 
f 14380 14160 14383 14020 
f 14022 14381 14160 14380 
f 14382 14160 14381 14005 
f 14003 14383 14160 14382 
f 14384 14161 14387 13965 
f 14081 14385 14161 14384 
f 14386 14161 14385 14033 
f 14004 14387 14161 14386 
f 14388 14162 14381 14022 
f 13965 14387 14162 14388 
f 14389 14162 14387 14004 
f 14005 14381 14162 14389 
f 14390 14163 14392 13966 
f 14020 14383 14163 14390 
f 14391 14163 14383 14003 
f 14006 14392 14163 14391 
f 13968 14393 14164 14395 
f 14392 14164 14393 13966 
f 14006 14394 14164 14392 
f 14395 14164 14394 14007 
f 13970 14396 14165 14398 
f 14395 14165 14396 13968 
f 14007 14397 14165 14395 
f 14398 14165 14397 14083 
f 14382 14166 14401 14003 
f 14005 14399 14166 14382 
f 14400 14166 14399 14011 
f 14009 14401 14166 14400 
f 14010 14402 14167 14404 
f 14386 14167 14402 14004 
f 14033 14403 14167 14386 
f 14404 14167 14403 14082 
f 14389 14168 14399 14005 
f 14004 14402 14168 14389 
f 14405 14168 14402 14010 
f 14011 14399 14168 14405 
f 14391 14169 14407 14006 
f 14003 14401 14169 14391 
f 14406 14169 14401 14009 
f 14012 14407 14169 14406 
f 14007 14394 14170 14409 
f 14407 14170 14394 14006 
f 14408 14170 14407 14012 
f 14013 14409 14170 14408 
f 14397 14171 14464 14083 
f 14409 14171 14397 14007 
f 14410 14171 14409 14013 
f 14464 14171 14410 14084 
f 14400 14172 14412 14009 
f 14011 14411 14172 14400 
f 14085 14470 14172 14411 
f 14412 14172 14470 14086 
f 14404 14173 14405 14010 
f 14082 14468 14173 14404 
f 14411 14173 14468 14085 
f 14405 14173 14411 14011 
f 14406 14174 14414 14012 
f 14009 14412 14174 14406 
f 14413 14174 14412 14086 
f 14087 14414 14174 14413 
f 14408 14175 14416 14013 
f 14012 14414 14175 14408 
f 14415 14175 14414 14087 
f 14017 14416 14175 14415 
f 14084 14410 14176 14417 
f 14013 14416 14176 14410 
f 14417 14176 14416 14017 
f 14076 14257 14177 14419 
f 14493 14177 14257 14090 
f 14034 14418 14177 14493 
f 14419 14177 14418 14057 
f 14178 14421 14107 14499 
f 14104 14269 14178 14499 
f 14421 14178 14269 14077 
f 14077 14536 14179 14421 
f 14109 14420 14179 14536 
f 14421 14179 14420 14107 
f 14036 14422 14180 14424 
f 14287 14180 14422 13962 
f 14023 14423 14180 14287 
f 14424 14180 14423 14038 
f 14037 14425 14181 14427 
f 14288 14181 14425 14021 
f 14019 14426 14181 14288 
f 14035 14427 14181 14426 
f 14038 14423 14182 14428 
f 14023 14289 14182 14423 
f 14425 14182 14289 14021 
f 14428 14182 14425 14037 
f 14429 14183 14430 14039 
f 14024 14290 14183 14429 
f 13962 14422 14183 14290 
f 14430 14183 14422 14036 
f 14431 14184 14432 14040 
f 14025 14293 14184 14431 
f 14429 14184 14293 14024 
f 14039 14432 14184 14429 
f 14433 14185 14434 14042 
f 14026 14296 14185 14433 
f 14431 14185 14296 14025 
f 14040 14434 14185 14431 
f 14435 14186 14438 14044 
f 13973 14436 14186 14435 
f 14437 14186 14436 14027 
f 14043 14438 14186 14437 
f 14437 14187 14440 14043 
f 14027 14316 14187 14437 
f 13958 14439 14187 14316 
f 14440 14187 14439 14034 
f 14441 14188 14443 14047 
f 14320 14188 14441 13977 
f 14442 14188 14320 13976 
f 14443 14188 14442 14046 
f 14445 14189 14444 14071 
f 14045 14446 14189 14445 
f 14442 14189 14446 14046 
f 13976 14444 14189 14442 
f 14113 14526 14190 14448 
f 14449 14190 14526 14095 
f 14447 14190 14449 14078 
f 14448 14190 14447 14045 
f 14450 14191 14451 14106 
f 14031 14335 14191 14450 
f 14550 14191 14335 14100 
f 14099 14451 14191 14550 
f 14048 14452 14192 14453 
f 14340 14192 14452 14079 
f 14450 14192 14340 14031 
f 14453 14192 14450 14106 
f 14049 14454 14193 14456 
f 14455 14193 14454 14080 
f 14079 14452 14193 14455 
f 14456 14193 14452 14048 
f 14483 14194 14500 14107 
f 14457 14194 14483 13989 
f 14080 14454 14194 14457 
f 14500 14194 14454 14049 
f 14479 14195 14458 14089 
f 14360 14195 14479 14088 
f 14534 14195 14360 14061 
f 14096 14458 14195 14534 
f 14460 14196 14385 14081 
f 14035 14461 14196 14460 
f 14459 14196 14461 14051 
f 14033 14385 14196 14459 
f 14459 14197 14403 14033 
f 14051 14463 14197 14459 
f 14462 14197 14463 14091 
f 14082 14403 14197 14462 
f 14551 14198 14466 14101 
f 14464 14198 14551 14083 
f 14465 14198 14464 14084 
f 14466 14198 14465 14092 
f 14462 14199 14468 14082 
f 14091 14505 14199 14462 
f 14467 14199 14505 14112 
f 14085 14468 14199 14467 
f 14092 14465 14200 14469 
f 14084 14417 14200 14465 
f 14469 14200 14417 14017 
f 14467 14201 14470 14085 
f 14112 14471 14201 14467 
f 14472 14201 14471 14093 
f 14086 14470 14201 14472 
f 14086 14472 14202 14413 
f 14093 14473 14202 14472 
f 14094 14475 14202 14473 
f 14413 14202 14475 14087 
f 14108 14474 14203 14510 
f 14415 14203 14474 14017 
f 14087 14475 14203 14415 
f 14510 14203 14475 14094 
f 14042 14476 14204 14433 
f 14070 14477 14204 14476 
f 14299 14204 14477 14064 
f 14433 14204 14299 14026 
f 14478 14205 14481 14050 
f 14088 14479 14205 14478 
f 14089 14481 14205 14479 
f 14089 14480 14206 14481 
f 13994 14306 14206 14480 
f 14481 14206 14306 14050 
f 14315 14207 14439 13958 
f 14055 14482 14207 14315 
f 14057 14418 14207 14482 
f 14439 14207 14418 14034 
f 13989 14483 14208 14353 
f 14107 14420 14208 14483 
f 14484 14208 14420 14109 
f 14353 14208 14484 14018 
f 14020 14485 14209 14380 
f 14424 14209 14485 14036 
f 14038 14486 14209 14424 
f 14380 14209 14486 14022 
f 13965 14487 14210 14384 
f 14427 14210 14487 14037 
f 14460 14210 14427 14035 
f 14384 14210 14460 14081 
f 14022 14486 14211 14388 
f 14428 14211 14486 14038 
f 14037 14487 14211 14428 
f 14388 14211 14487 13965 
f 13966 14488 14212 14390 
f 14430 14212 14488 14039 
f 14036 14485 14212 14430 
f 14390 14212 14485 14020 
f 14489 14213 14393 13968 
f 14040 14432 14213 14489 
f 14488 14213 14432 14039 
f 13966 14393 14213 14488 
f 14490 14214 14396 13970 
f 14042 14434 14214 14490 
f 14489 14214 14434 14040 
f 13968 14396 14214 14489 
f 14491 14215 14318 14028 
f 14438 14215 14491 14044 
f 14492 14215 14438 14043 
f 14318 14215 14492 13972 
f 14492 14216 14322 13972 
f 14440 14216 14492 14043 
f 14034 14493 14216 14440 
f 14090 14322 14216 14493 
f 14030 14494 14217 14327 
f 14443 14217 14494 14047 
f 14046 14495 14217 14443 
f 14327 14217 14495 14029 
f 14029 14495 14218 14329 
f 14046 14446 14218 14495 
f 14447 14218 14446 14045 
f 14078 14329 14218 14447 
f 14045 14445 14219 14448 
f 14071 14259 14219 14445 
f 14056 14496 14219 14259 
f 14448 14219 14496 14113 
f 13981 14497 14220 14263 
f 14451 14220 14497 14106 
f 14553 14220 14451 14099 
f 13978 14263 14220 14553 
f 13984 14498 14221 14266 
f 14453 14221 14498 14048 
f 14106 14497 14221 14453 
f 14266 14221 14497 13981 
f 14032 14501 14222 14309 
f 14456 14222 14501 14049 
f 14048 14498 14222 14456 
f 14309 14222 14498 13984 
f 14049 14501 14223 14500 
f 14304 14223 14501 14032 
f 14499 14223 14304 14104 
f 14500 14223 14499 14107 
f 13994 14480 14224 14271 
f 14458 14224 14480 14089 
f 14537 14224 14458 14096 
f 14058 14271 14224 14537 
f 14426 14225 14461 14035 
f 14275 14225 14426 14019 
f 14502 14225 14275 14002 
f 14051 14461 14225 14502 
f 14506 14226 14273 14008 
f 14091 14463 14226 14506 
f 14502 14226 14463 14051 
f 14002 14273 14226 14502 
f 14547 14227 14261 14097 
f 14101 14466 14227 14547 
f 14092 14503 14227 14466 
f 14014 14261 14227 14503 
f 14506 14228 14505 14091 
f 14008 14313 14228 14506 
f 14504 14228 14313 14103 
f 14112 14505 14228 14504 
f 14503 14229 14264 14014 
f 14469 14229 14503 14092 
f 14017 14474 14229 14469 
f 14474 14108 14507 14229 
f 14105 14264 14229 14507 
f 14015 14509 14230 14312 
f 14093 14471 14230 14509 
f 14504 14230 14471 14112 
f 14312 14230 14504 14103 
f 14508 14231 14310 14016 
f 14094 14473 14231 14508 
f 14509 14231 14473 14093 
f 14015 14310 14231 14509 
f 14094 14508 14232 14510 
f 14016 14307 14232 14508 
f 14507 14232 14307 14105 
f 14232 14507 14108 14510 
f 14511 14233 14513 14098 
f 14512 14233 14511 14069 
f 14258 14233 14512 14056 
f 14513 14233 14258 14076 
f 14027 14436 14234 14317 
f 14514 14234 14436 13973 
f 14052 14515 14234 14514 
f 14317 14234 14515 14041 
f 14063 14516 14235 14518 
f 14517 14235 14516 14068 
f 14055 14314 14235 14517 
f 14518 14235 14314 14041 
f 14053 14519 14236 14325 
f 14520 14236 14519 14067 
f 14062 14521 14236 14520 
f 14325 14236 14521 14054 
f 14066 14522 14237 14525 
f 14067 14519 14237 14522 
f 14328 14237 14519 14053 
f 14525 14237 14328 14095 
f 14419 14238 14513 14076 
f 14523 14238 14419 14057 
f 14549 14238 14523 14110 
f 14513 14238 14549 14098 
f 14095 14526 14239 14525 
f 14527 14239 14526 14113 
f 14524 14239 14527 14111 
f 14525 14239 14524 14066 
f 14517 14240 14482 14055 
f 14068 14528 14240 14517 
f 14110 14523 14240 14528 
f 14482 14240 14523 14057 
f 14529 14241 14512 14069 
f 14527 14241 14529 14111 
f 14113 14496 14241 14527 
f 14512 14241 14496 14056 
f 13992 14531 14242 14351 
f 14355 14242 14531 14059 
f 14060 14532 14242 14355 
f 14351 14242 14532 13993 
f 14533 14243 14354 14018 
f 14359 14243 14533 14061 
f 14059 14531 14243 14359 
f 14354 14243 14531 13992 
f 14061 14533 14244 14534 
f 14018 14484 14244 14533 
f 14535 14244 14484 14109 
f 14534 14244 14535 14096 
f 14530 14245 14536 14077 
f 14537 14245 14530 14058 
f 14096 14535 14245 14537 
f 14536 14245 14535 14109 
f 14041 14515 14246 14539 
f 14538 14246 14515 14052 
f 14065 14300 14246 14538 
f 14539 14246 14300 14064 
f 14540 14247 14477 14070 
f 14063 14518 14247 14540 
f 14539 14247 14518 14041 
f 14064 14477 14247 14539 
f 14260 14248 14548 14097 
f 13978 14541 14248 14260 
f 14511 14248 14541 14069 
f 14548 14248 14511 14098 
f 13970 14398 14249 14543 
f 14542 14249 14398 14083 
f 14068 14516 14249 14542 
f 14543 14249 14516 14063 
f 14067 14544 14250 14520 
f 14330 14250 14544 13979 
f 13980 14545 14250 14330 
f 14520 14250 14545 14062 
f 14066 14546 14251 14522 
f 14334 14251 14546 14100 
f 13979 14544 14251 14334 
f 14522 14251 14544 14067 
f 14547 14252 14552 14101 
f 14097 14548 14252 14547 
f 14549 14252 14548 14098 
f 14110 14552 14252 14549 
f 14550 14253 14554 14099 
f 14100 14546 14253 14550 
f 14524 14253 14546 14066 
f 14554 14253 14524 14111 
f 14101 14552 14254 14551 
f 14528 14254 14552 14110 
f 14542 14254 14528 14068 
f 14083 14551 14254 14542 
f 14553 14255 14541 13978 
f 14099 14554 14255 14553 
f 14529 14255 14554 14111 
f 14541 14255 14529 14069 
f 14490 14256 14476 14042 
f 14543 14256 14490 13970 
f 14540 14256 14543 14063 
f 14070 14476 14256 14540 
f 14556 14564 14563 14555 
f 14557 14565 14564 14556 
f 14558 14566 14565 14557 
f 14559 14567 14566 14558 
f 14560 14568 14567 14559 
f 14561 14569 14568 14560 
f 14562 14570 14569 14561 
f 14555 14563 14570 14562 
f 14571 14572 14573 
f 14571 14573 14574 
f 14571 14574 14575 
f 14571 14575 14576 
f 14571 14576 14577 
f 14571 14577 14578 
f 14571 14578 14579 
f 14571 14579 14580 
f 14571 14580 14581 
f 14571 14581 14582 
f 14571 14582 14583 
f 14571 14583 14584 
f 14571 14584 14585 
f 14571 14585 14586 
f 14571 14586 14587 
f 14571 14587 14572 
f 14588 14589 14573 14572 
f 14589 14590 14574 14573 
f 14590 14591 14575 14574 
f 14591 14592 14576 14575 
f 14592 14593 14577 14576 
f 14593 14594 14578 14577 
f 14594 14595 14579 14578 
f 14595 14596 14580 14579 
f 14596 14597 14581 14580 
f 14597 14598 14582 14581 
f 14598 14599 14583 14582 
f 14599 14600 14584 14583 
f 14600 14601 14585 14584 
f 14601 14602 14586 14585 
f 14602 14603 14587 14586 
f 14603 14588 14572 14587 
f 14604 14605 14589 14588 
f 14605 14606 14590 14589 
f 14606 14607 14591 14590 
f 14607 14608 14592 14591 
f 14608 14609 14593 14592 
f 14609 14610 14594 14593 
f 14610 14611 14595 14594 
f 14611 14612 14596 14595 
f 14612 14613 14597 14596 
f 14613 14614 14598 14597 
f 14614 14615 14599 14598 
f 14615 14616 14600 14599 
f 14616 14617 14601 14600 
f 14617 14618 14602 14601 
f 14618 14619 14603 14602 
f 14619 14604 14588 14603 
f 14620 14621 14605 14604 
f 14621 14622 14606 14605 
f 14622 14623 14607 14606 
f 14623 14624 14608 14607 
f 14624 14625 14609 14608 
f 14625 14626 14610 14609 
f 14626 14627 14611 14610 
f 14611 14627 14628 14612 
f 14612 14628 14629 14613 
f 14613 14629 14630 14614 
f 14630 14631 14615 14614 
f 14631 14632 14616 14615 
f 14632 14633 14617 14616 
f 14633 14634 14618 14617 
f 14634 14635 14619 14618 
f 14635 14620 14604 14619 
f 14636 14638 14637 
f 14636 14639 14638 
f 14636 14640 14639 
f 14636 14641 14640 
f 14636 14642 14641 
f 14636 14643 14642 
f 14636 14644 14643 
f 14636 14645 14644 
f 14636 14646 14645 
f 14636 14647 14646 
f 14636 14648 14647 
f 14636 14649 14648 
f 14636 14650 14649 
f 14636 14651 14650 
f 14636 14652 14651 
f 14636 14637 14652 
f 14638 14654 14653 14637 
f 14639 14655 14654 14638 
f 14640 14656 14655 14639 
f 14641 14657 14656 14640 
f 14642 14658 14657 14641 
f 14643 14659 14658 14642 
f 14644 14660 14659 14643 
f 14645 14661 14660 14644 
f 14646 14662 14661 14645 
f 14647 14663 14662 14646 
f 14648 14664 14663 14647 
f 14649 14665 14664 14648 
f 14650 14666 14665 14649 
f 14651 14667 14666 14650 
f 14652 14668 14667 14651 
f 14637 14653 14668 14652 
f 14654 14670 14669 14653 
f 14655 14671 14670 14654 
f 14656 14672 14671 14655 
f 14657 14673 14672 14656 
f 14658 14674 14673 14657 
f 14659 14675 14674 14658 
f 14660 14676 14675 14659 
f 14661 14677 14676 14660 
f 14662 14678 14677 14661 
f 14663 14679 14678 14662 
f 14664 14680 14679 14663 
f 14665 14681 14680 14664 
f 14666 14682 14681 14665 
f 14667 14683 14682 14666 
f 14668 14684 14683 14667 
f 14653 14669 14684 14668 
f 14670 14686 14685 14669 
f 14671 14687 14686 14670 
f 14672 14688 14687 14671 
f 14673 14689 14688 14672 
f 14674 14690 14689 14673 
f 14675 14691 14690 14674 
f 14676 14692 14691 14675 
f 14676 14677 14693 14692 
f 14677 14678 14694 14693 
f 14678 14679 14695 14694 
f 14680 14696 14695 14679 
f 14681 14697 14696 14680 
f 14682 14698 14697 14681 
f 14683 14699 14698 14682 
f 14684 14700 14699 14683 
f 14669 14685 14700 14684 
# 14109 polygons - 273 triangles

