# 3ds Max Wavefront OBJ Exporter v0.97b - (c)2007 guruware
# File Created: 07.02.2022 16:12:51

#
# object 8013_AK
#

v  -0.1713 -1.7394 -0.0864
v  -0.1721 -1.7471 -0.1268
v  -0.1745 -1.7715 -0.1641
v  -0.1781 -1.8086 -0.1886
v  -0.1817 -1.8453 -0.1963
v  -0.1854 -1.8824 -0.1973
v  -0.2357 -2.3934 -0.1922
v  -0.2374 -2.4108 -0.1914
v  -0.2384 -2.4203 -0.1894
v  -0.2394 -2.4304 -0.1827
v  -0.2400 -2.4371 -0.1725
v  -0.2402 -2.4392 -0.1625
v  -0.3410 -1.7143 -0.0864
v  -0.3425 -1.7218 -0.1268
v  -0.3473 -1.7459 -0.1641
v  -0.3545 -1.7824 -0.1886
v  -0.3617 -1.8186 -0.1963
v  -0.3690 -1.8552 -0.1973
v  -0.4692 -2.3588 -0.1922
v  -0.4726 -2.3759 -0.1914
v  -0.4745 -2.3853 -0.1894
v  -0.4764 -2.3953 -0.1827
v  -0.4778 -2.4018 -0.1725
v  -0.4782 -2.4039 -0.1625
v  -0.5074 -1.6726 -0.0864
v  -0.5096 -1.6800 -0.1268
v  -0.5167 -1.7034 -0.1641
v  -0.5275 -1.7391 -0.1886
v  -0.5383 -1.7744 -0.1963
v  -0.5491 -1.8101 -0.1973
v  -0.6981 -2.3014 -0.1922
v  -0.7032 -2.3182 -0.1914
v  -0.7060 -2.3273 -0.1894
v  -0.7089 -2.3370 -0.1827
v  -0.7109 -2.3434 -0.1725
v  -0.7115 -2.3454 -0.1625
v  -0.6689 -1.6148 -0.0864
v  -0.6718 -1.6219 -0.1268
v  -0.6812 -1.6446 -0.1641
v  -0.6955 -1.6790 -0.1886
v  -0.7096 -1.7131 -0.1963
v  -0.7239 -1.7476 -0.1973
v  -0.9203 -2.2219 -0.1922
v  -0.9270 -2.2381 -0.1914
v  -0.9307 -2.2469 -0.1894
v  -0.9346 -2.2563 -0.1827
v  -0.9371 -2.2625 -0.1725
v  -0.9379 -2.2644 -0.1625
v  -0.8239 -1.5415 -0.0864
v  -0.8276 -1.5483 -0.1268
v  -0.8391 -1.5699 -0.1641
v  -0.8567 -1.6028 -0.1886
v  -0.8741 -1.6353 -0.1963
v  -0.8917 -1.6682 -0.1973
v  -1.1337 -2.1210 -0.1922
v  -1.1419 -2.1364 -0.1914
v  -1.1464 -2.1448 -0.1894
v  -1.1512 -2.1538 -0.1827
v  -1.1544 -2.1597 -0.1725
v  -1.1554 -2.1615 -0.1625
v  -0.9710 -1.4533 -0.0864
v  -0.9753 -1.4597 -0.1268
v  -0.9889 -1.4801 -0.1641
v  -1.0097 -1.5111 -0.1886
v  -1.0302 -1.5417 -0.1963
v  -1.0509 -1.5728 -0.1973
v  -1.3361 -1.9997 -0.1922
v  -1.3459 -2.0142 -0.1914
v  -1.3512 -2.0221 -0.1894
v  -1.3568 -2.0306 -0.1827
v  -1.3605 -2.0362 -0.1725
v  -1.3617 -2.0379 -0.1625
v  -1.1088 -1.3511 -0.0864
v  -1.1137 -1.3571 -0.1268
v  -1.1293 -1.3760 -0.1641
v  -1.1529 -1.4048 -0.1886
v  -1.1763 -1.4333 -0.1963
v  -1.2000 -1.4622 -0.1973
v  -1.5257 -1.8591 -0.1922
v  -1.5368 -1.8726 -0.1914
v  -1.5429 -1.8800 -0.1894
v  -1.5493 -1.8878 -0.1827
v  -1.5535 -1.8930 -0.1725
v  -1.5549 -1.8946 -0.1625
v  -1.2359 -1.2359 -0.0864
v  -1.2414 -1.2414 -0.1268
v  -1.2587 -1.2587 -0.1641
v  -1.2851 -1.2851 -0.1886
v  -1.3111 -1.3111 -0.1963
v  -1.3375 -1.3375 -0.1973
v  -1.7006 -1.7006 -0.1922
v  -1.7129 -1.7129 -0.1914
v  -1.7197 -1.7197 -0.1894
v  -1.7269 -1.7269 -0.1827
v  -1.7316 -1.7316 -0.1725
v  -1.7331 -1.7331 -0.1625
v  -1.3511 -1.1088 -0.0864
v  -1.3571 -1.1137 -0.1268
v  -1.3760 -1.1293 -0.1641
v  -1.4048 -1.1529 -0.1886
v  -1.4333 -1.1763 -0.1963
v  -1.4622 -1.2000 -0.1973
v  -1.8591 -1.5257 -0.1922
v  -1.8726 -1.5368 -0.1914
v  -1.8800 -1.5429 -0.1894
v  -1.8878 -1.5493 -0.1827
v  -1.8930 -1.5535 -0.1725
v  -1.8946 -1.5549 -0.1625
v  -1.4533 -0.9710 -0.0864
v  -1.4597 -0.9753 -0.1268
v  -1.4801 -0.9889 -0.1641
v  -1.5111 -1.0097 -0.1886
v  -1.5417 -1.0302 -0.1963
v  -1.5728 -1.0509 -0.1973
v  -1.9997 -1.3361 -0.1922
v  -2.0142 -1.3459 -0.1914
v  -2.0221 -1.3512 -0.1894
v  -2.0306 -1.3568 -0.1827
v  -2.0362 -1.3605 -0.1725
v  -2.0379 -1.3617 -0.1625
v  -1.5415 -0.8239 -0.0864
v  -1.5483 -0.8276 -0.1268
v  -1.5699 -0.8391 -0.1641
v  -1.6028 -0.8567 -0.1886
v  -1.6353 -0.8741 -0.1963
v  -1.6682 -0.8917 -0.1973
v  -2.1210 -1.1337 -0.1922
v  -2.1364 -1.1419 -0.1914
v  -2.1448 -1.1464 -0.1894
v  -2.1538 -1.1512 -0.1827
v  -2.1597 -1.1544 -0.1725
v  -2.1615 -1.1554 -0.1625
v  -1.6148 -0.6689 -0.0864
v  -1.6219 -0.6718 -0.1268
v  -1.6446 -0.6812 -0.1641
v  -1.6790 -0.6955 -0.1886
v  -1.7131 -0.7096 -0.1963
v  -1.7476 -0.7239 -0.1973
v  -2.2219 -0.9203 -0.1922
v  -2.2381 -0.9270 -0.1914
v  -2.2469 -0.9307 -0.1894
v  -2.2563 -0.9346 -0.1827
v  -2.2625 -0.9371 -0.1725
v  -2.2644 -0.9379 -0.1625
v  -1.6726 -0.5074 -0.0864
v  -1.6800 -0.5096 -0.1268
v  -1.7034 -0.5167 -0.1641
v  -1.7391 -0.5275 -0.1886
v  -1.7744 -0.5383 -0.1963
v  -1.8101 -0.5491 -0.1973
v  -2.3014 -0.6981 -0.1922
v  -2.3182 -0.7032 -0.1914
v  -2.3273 -0.7060 -0.1894
v  -2.3370 -0.7089 -0.1827
v  -2.3434 -0.7109 -0.1725
v  -2.3454 -0.7115 -0.1625
v  -1.7143 -0.3410 -0.0864
v  -1.7218 -0.3425 -0.1268
v  -1.7459 -0.3473 -0.1641
v  -1.7824 -0.3545 -0.1886
v  -1.8186 -0.3617 -0.1963
v  -1.8552 -0.3690 -0.1973
v  -2.3588 -0.4692 -0.1922
v  -2.3759 -0.4726 -0.1914
v  -2.3853 -0.4745 -0.1894
v  -2.3953 -0.4764 -0.1827
v  -2.4018 -0.4777 -0.1725
v  -2.4039 -0.4782 -0.1625
v  -1.7394 -0.1713 -0.0864
v  -1.7471 -0.1721 -0.1268
v  -1.7715 -0.1745 -0.1641
v  -1.8086 -0.1781 -0.1886
v  -1.8453 -0.1817 -0.1963
v  -1.8824 -0.1854 -0.1973
v  -2.3934 -0.2357 -0.1922
v  -2.4108 -0.2374 -0.1914
v  -2.4203 -0.2384 -0.1894
v  -2.4304 -0.2394 -0.1827
v  -2.4371 -0.2400 -0.1725
v  -2.4392 -0.2402 -0.1625
v  -1.7478 -0.0000 -0.0864
v  -1.7556 -0.0000 -0.1268
v  -1.7801 0.0000 -0.1641
v  -1.8174 0.0000 -0.1886
v  -1.8542 0.0000 -0.1963
v  -1.8916 0.0000 -0.1973
v  -2.4050 0.0000 -0.1922
v  -2.4225 0.0000 -0.1914
v  -2.4320 0.0000 -0.1894
v  -2.4422 0.0000 -0.1827
v  -2.4489 0.0000 -0.1725
v  -2.4510 0.0000 -0.1625
v  -1.7394 0.1713 -0.0864
v  -1.7471 0.1721 -0.1268
v  -1.7715 0.1745 -0.1641
v  -1.8086 0.1781 -0.1886
v  -1.8453 0.1817 -0.1963
v  -1.8824 0.1854 -0.1973
v  -2.3934 0.2357 -0.1922
v  -2.4108 0.2374 -0.1914
v  -2.4203 0.2384 -0.1894
v  -2.4304 0.2394 -0.1827
v  -2.4371 0.2400 -0.1725
v  -2.4392 0.2402 -0.1625
v  -1.7143 0.3410 -0.0864
v  -1.7218 0.3425 -0.1268
v  -1.7459 0.3473 -0.1641
v  -1.7824 0.3545 -0.1886
v  -1.8186 0.3617 -0.1963
v  -1.8552 0.3690 -0.1973
v  -2.3588 0.4692 -0.1922
v  -2.3759 0.4726 -0.1914
v  -2.3853 0.4745 -0.1894
v  -2.3953 0.4764 -0.1827
v  -2.4018 0.4778 -0.1725
v  -2.4039 0.4782 -0.1625
v  -1.6726 0.5074 -0.0864
v  -1.6800 0.5096 -0.1268
v  -1.7034 0.5167 -0.1641
v  -1.7391 0.5275 -0.1886
v  -1.7744 0.5383 -0.1963
v  -1.8101 0.5491 -0.1973
v  -2.3014 0.6981 -0.1922
v  -2.3182 0.7032 -0.1914
v  -2.3273 0.7060 -0.1894
v  -2.3370 0.7089 -0.1827
v  -2.3434 0.7109 -0.1725
v  -2.3454 0.7115 -0.1625
v  -1.6148 0.6689 -0.0864
v  -1.6219 0.6718 -0.1268
v  -1.6446 0.6812 -0.1641
v  -1.6790 0.6955 -0.1886
v  -1.7131 0.7096 -0.1963
v  -1.7476 0.7239 -0.1973
v  -2.2219 0.9203 -0.1922
v  -2.2381 0.9270 -0.1914
v  -2.2469 0.9307 -0.1894
v  -2.2563 0.9346 -0.1827
v  -2.2625 0.9371 -0.1725
v  -2.2644 0.9379 -0.1625
v  -1.5415 0.8239 -0.0864
v  -1.5483 0.8276 -0.1268
v  -1.5699 0.8391 -0.1641
v  -1.6028 0.8567 -0.1886
v  -1.6353 0.8741 -0.1963
v  -1.6682 0.8917 -0.1973
v  -2.1210 1.1337 -0.1922
v  -2.1364 1.1419 -0.1914
v  -2.1448 1.1464 -0.1894
v  -2.1538 1.1512 -0.1827
v  -2.1597 1.1544 -0.1725
v  -2.1615 1.1554 -0.1625
v  -1.4533 0.9710 -0.0864
v  -1.4597 0.9753 -0.1268
v  -1.4801 0.9889 -0.1641
v  -1.5111 1.0097 -0.1886
v  -1.5417 1.0302 -0.1963
v  -1.5728 1.0509 -0.1973
v  -1.9997 1.3361 -0.1922
v  -2.0142 1.3459 -0.1914
v  -2.0221 1.3512 -0.1894
v  -2.0306 1.3568 -0.1827
v  -2.0362 1.3605 -0.1725
v  -2.0379 1.3617 -0.1625
v  -1.3511 1.1088 -0.0864
v  -1.3571 1.1137 -0.1268
v  -1.3760 1.1293 -0.1641
v  -1.4048 1.1529 -0.1886
v  -1.4333 1.1763 -0.1963
v  -1.4622 1.2000 -0.1973
v  -1.8591 1.5257 -0.1922
v  -1.8726 1.5368 -0.1914
v  -1.8800 1.5429 -0.1894
v  -1.8878 1.5493 -0.1827
v  -1.8930 1.5535 -0.1725
v  -1.8946 1.5549 -0.1625
v  -1.2359 1.2359 -0.0864
v  -1.2414 1.2414 -0.1268
v  -1.2587 1.2587 -0.1641
v  -1.2851 1.2851 -0.1886
v  -1.3111 1.3111 -0.1963
v  -1.3375 1.3375 -0.1973
v  -1.7006 1.7006 -0.1922
v  -1.7129 1.7129 -0.1914
v  -1.7197 1.7197 -0.1894
v  -1.7269 1.7269 -0.1827
v  -1.7316 1.7316 -0.1725
v  -1.7331 1.7331 -0.1625
v  -1.1088 1.3511 -0.0864
v  -1.1137 1.3571 -0.1268
v  -1.1293 1.3760 -0.1641
v  -1.1529 1.4048 -0.1886
v  -1.1763 1.4333 -0.1963
v  -1.2000 1.4622 -0.1973
v  -1.5257 1.8591 -0.1922
v  -1.5368 1.8726 -0.1914
v  -1.5429 1.8800 -0.1894
v  -1.5493 1.8878 -0.1827
v  -1.5535 1.8930 -0.1725
v  -1.5549 1.8946 -0.1625
v  -0.9710 1.4533 -0.0864
v  -0.9753 1.4597 -0.1268
v  -0.9889 1.4801 -0.1641
v  -1.0097 1.5111 -0.1886
v  -1.0302 1.5417 -0.1963
v  -1.0509 1.5728 -0.1973
v  -1.3361 1.9997 -0.1922
v  -1.3459 2.0142 -0.1914
v  -1.3512 2.0221 -0.1894
v  -1.3568 2.0306 -0.1827
v  -1.3605 2.0362 -0.1725
v  -1.3617 2.0379 -0.1625
v  -0.8239 1.5415 -0.0864
v  -0.8276 1.5483 -0.1268
v  -0.8391 1.5699 -0.1641
v  -0.8567 1.6028 -0.1886
v  -0.8741 1.6353 -0.1963
v  -0.8917 1.6682 -0.1973
v  -1.1337 2.1210 -0.1922
v  -1.1419 2.1364 -0.1914
v  -1.1464 2.1448 -0.1894
v  -1.1512 2.1538 -0.1827
v  -1.1544 2.1597 -0.1725
v  -1.1554 2.1615 -0.1625
v  -0.6689 1.6148 -0.0864
v  -0.6718 1.6219 -0.1268
v  -0.6812 1.6446 -0.1641
v  -0.6955 1.6790 -0.1886
v  -0.7096 1.7131 -0.1963
v  -0.7239 1.7476 -0.1973
v  -0.9203 2.2219 -0.1922
v  -0.9270 2.2381 -0.1914
v  -0.9307 2.2469 -0.1894
v  -0.9346 2.2563 -0.1827
v  -0.9371 2.2625 -0.1725
v  -0.9379 2.2644 -0.1625
v  -0.5074 1.6726 -0.0864
v  -0.5096 1.6800 -0.1268
v  -0.5167 1.7034 -0.1641
v  -0.5275 1.7391 -0.1886
v  -0.5383 1.7744 -0.1963
v  -0.5491 1.8101 -0.1973
v  -0.6981 2.3014 -0.1922
v  -0.7032 2.3182 -0.1914
v  -0.7060 2.3273 -0.1894
v  -0.7089 2.3370 -0.1827
v  -0.7109 2.3434 -0.1725
v  -0.7115 2.3454 -0.1625
v  -0.3410 1.7143 -0.0864
v  -0.3425 1.7218 -0.1268
v  -0.3473 1.7459 -0.1641
v  -0.3545 1.7824 -0.1886
v  -0.3617 1.8186 -0.1963
v  -0.3690 1.8552 -0.1973
v  -0.4692 2.3588 -0.1922
v  -0.4726 2.3759 -0.1914
v  -0.4745 2.3853 -0.1894
v  -0.4764 2.3953 -0.1827
v  -0.4778 2.4018 -0.1725
v  -0.4782 2.4039 -0.1625
v  -0.1713 1.7394 -0.0864
v  -0.1721 1.7471 -0.1268
v  -0.1745 1.7715 -0.1641
v  -0.1781 1.8086 -0.1886
v  -0.1817 1.8453 -0.1963
v  -0.1854 1.8824 -0.1973
v  -0.2357 2.3934 -0.1922
v  -0.2374 2.4108 -0.1914
v  -0.2384 2.4203 -0.1894
v  -0.2394 2.4304 -0.1827
v  -0.2400 2.4371 -0.1725
v  -0.2402 2.4392 -0.1625
v  0.0000 -1.7478 -0.0864
v  0.0000 -1.7556 -0.1268
v  0.0000 -1.8174 -0.1886
v  0.0000 -2.4320 -0.1894
v  0.0000 -2.4422 -0.1827
v  0.0000 -2.4489 -0.1725
v  0.0000 -2.4510 -0.1625
v  -0.0000 1.8174 -0.1886
v  -0.0000 1.8916 -0.1973
v  -0.0000 2.4050 -0.1922
v  -0.0000 2.4225 -0.1914
v  -0.0000 2.4510 -0.1625
v  -0.2408 -2.4448 -0.0000
v  -0.2408 -2.4446 -0.0070
v  -0.2401 -2.4378 -0.0000
v  0.0000 -2.4564 -0.0070
v  0.0000 -2.4496 -0.0000
v  -0.4793 -2.4094 -0.0000
v  -0.4792 -2.4092 -0.0070
v  -0.4779 -2.4026 -0.0000
v  -0.7131 -2.3509 -0.0000
v  -0.7131 -2.3506 -0.0070
v  -0.7111 -2.3442 -0.0000
v  -0.9401 -2.2696 -0.0000
v  -0.9400 -2.2694 -0.0070
v  -0.9374 -2.2632 -0.0000
v  -1.1580 -2.1666 -0.0000
v  -1.1579 -2.1663 -0.0070
v  -1.1547 -2.1604 -0.0000
v  -1.3648 -2.0426 -0.0000
v  -1.3647 -2.0424 -0.0070
v  -1.3609 -2.0368 -0.0000
v  -1.5585 -1.8990 -0.0000
v  -1.5583 -1.8988 -0.0070
v  -1.5540 -1.8936 -0.0000
v  -1.7371 -1.7371 -0.0000
v  -1.7369 -1.7369 -0.0070
v  -1.7322 -1.7322 -0.0000
v  -1.8990 -1.5585 -0.0000
v  -1.8988 -1.5583 -0.0070
v  -1.8936 -1.5540 -0.0000
v  -2.0426 -1.3648 -0.0000
v  -2.0424 -1.3647 -0.0070
v  -2.0368 -1.3609 -0.0000
v  -2.1666 -1.1580 -0.0000
v  -2.1663 -1.1579 -0.0070
v  -2.1604 -1.1547 -0.0000
v  -2.2696 -0.9401 -0.0000
v  -2.2694 -0.9400 -0.0070
v  -2.2632 -0.9374 -0.0000
v  -2.3509 -0.7131 -0.0000
v  -2.3506 -0.7131 -0.0070
v  -2.3442 -0.7111 -0.0000
v  -2.4094 -0.4793 -0.0000
v  -2.4092 -0.4792 -0.0070
v  -2.4026 -0.4779 -0.0000
v  -2.4448 -0.2408 0.0000
v  -2.4446 -0.2408 -0.0070
v  -2.4378 -0.2401 0.0000
v  -2.4566 -0.0000 0.0000
v  -2.4564 -0.0000 -0.0070
v  -2.4496 -0.0000 0.0000
v  -2.4448 0.2408 0.0000
v  -2.4446 0.2408 -0.0070
v  -2.4378 0.2401 0.0000
v  -2.4094 0.4793 0.0000
v  -2.4092 0.4792 -0.0070
v  -2.4026 0.4779 0.0000
v  -2.3509 0.7131 0.0000
v  -2.3506 0.7131 -0.0070
v  -2.3442 0.7111 0.0000
v  -2.2696 0.9401 0.0000
v  -2.2694 0.9400 -0.0070
v  -2.2632 0.9374 0.0000
v  -2.1666 1.1580 0.0000
v  -2.1663 1.1579 -0.0070
v  -2.1604 1.1548 0.0000
v  -2.0426 1.3648 0.0000
v  -2.0424 1.3647 -0.0070
v  -2.0368 1.3609 0.0000
v  -1.8990 1.5585 0.0000
v  -1.8988 1.5583 -0.0070
v  -1.8936 1.5540 0.0000
v  -1.7371 1.7371 0.0000
v  -1.7369 1.7369 -0.0070
v  -1.7322 1.7322 0.0000
v  -1.5585 1.8990 0.0000
v  -1.5583 1.8988 -0.0070
v  -1.5540 1.8936 0.0000
v  -1.3648 2.0426 0.0000
v  -1.3647 2.0424 -0.0070
v  -1.3609 2.0368 0.0000
v  -1.1580 2.1666 0.0000
v  -1.1579 2.1663 -0.0070
v  -1.1547 2.1604 0.0000
v  -0.9401 2.2696 0.0000
v  -0.9400 2.2694 -0.0070
v  -0.9374 2.2632 0.0000
v  -0.7131 2.3509 0.0000
v  -0.7131 2.3506 -0.0070
v  -0.7111 2.3442 0.0000
v  -0.4793 2.4094 0.0000
v  -0.4792 2.4092 -0.0070
v  -0.4779 2.4026 0.0000
v  -0.2500 2.4439 0.0000
v  -0.2569 2.4428 0.0000
v  -0.2500 2.4436 -0.0070
v  -0.2500 2.4369 0.0000
v  -0.2500 2.4388 -0.1450
v  -0.2500 2.4390 -0.1380
v  -0.2544 2.4377 -0.1503
v  -0.2430 2.4391 -0.1450
v  -0.2500 2.4318 -0.1450
v  -0.0000 2.4513 -0.1520
v  -0.2500 2.4037 0.0000
v  -0.2500 2.4107 0.0000
v  -0.2500 2.4034 -0.0070
v  -0.2430 2.4037 0.0000
v  -0.2568 2.3970 0.0000
v  -0.0000 2.4037 0.0000
v  -0.0000 2.3967 0.0000
v  -0.0000 2.4040 -0.0070
v  -0.2500 2.3986 -0.1450
v  -0.2500 2.3988 -0.1380
v  -0.2500 2.4056 -0.1450
v  -0.2430 2.3989 -0.1450
v  -0.0000 2.4114 -0.1450
v  -0.0000 2.4110 -0.1380
v  -0.0000 2.4184 -0.1450
v  -0.2569 2.4426 -0.0070
v  -0.2570 2.4358 0.0000
v  -0.2500 2.4320 -0.1380
v  -0.2500 2.4366 -0.0070
v  -0.2500 2.4104 -0.0070
v  -0.2500 2.4058 -0.1380
v  -0.2430 2.4321 -0.1450
v  -0.2430 2.4059 -0.1450
v  -0.2430 2.3987 -0.1380
v  -0.2430 2.4039 -0.0070
v  0.1713 -1.7394 -0.0864
v  0.1721 -1.7471 -0.1268
v  0.0000 -1.7801 -0.1641
v  0.1745 -1.7715 -0.1641
v  0.1781 -1.8086 -0.1886
v  0.0000 -1.8542 -0.1963
v  0.1818 -1.8453 -0.1963
v  0.0000 -1.8916 -0.1973
v  0.1854 -1.8824 -0.1973
v  0.0000 -2.4050 -0.1922
v  0.2357 -2.3934 -0.1922
v  0.0000 -2.4225 -0.1914
v  0.2375 -2.4108 -0.1914
v  0.2384 -2.4203 -0.1894
v  0.2394 -2.4304 -0.1827
v  0.2400 -2.4371 -0.1725
v  0.2402 -2.4392 -0.1625
v  0.2408 -2.4446 -0.0070
v  0.3410 -1.7143 -0.0864
v  0.3425 -1.7218 -0.1268
v  0.3473 -1.7459 -0.1641
v  0.3546 -1.7824 -0.1886
v  0.3617 -1.8186 -0.1963
v  0.3690 -1.8552 -0.1973
v  0.4692 -2.3588 -0.1922
v  0.4726 -2.3759 -0.1914
v  0.4745 -2.3853 -0.1894
v  0.4765 -2.3953 -0.1827
v  0.4778 -2.4018 -0.1725
v  0.4782 -2.4039 -0.1625
v  0.4792 -2.4092 -0.0070
v  0.5074 -1.6726 -0.0864
v  0.5096 -1.6800 -0.1268
v  0.5167 -1.7034 -0.1641
v  0.5276 -1.7391 -0.1886
v  0.5383 -1.7744 -0.1963
v  0.5491 -1.8101 -0.1973
v  0.6981 -2.3014 -0.1922
v  0.7032 -2.3182 -0.1914
v  0.7060 -2.3273 -0.1894
v  0.7089 -2.3370 -0.1827
v  0.7109 -2.3434 -0.1725
v  0.7115 -2.3454 -0.1625
v  0.7131 -2.3506 -0.0070
v  0.6689 -1.6148 -0.0864
v  0.6718 -1.6219 -0.1268
v  0.6812 -1.6446 -0.1641
v  0.6955 -1.6790 -0.1886
v  0.7096 -1.7131 -0.1963
v  0.7239 -1.7476 -0.1973
v  0.9204 -2.2219 -0.1922
v  0.9270 -2.2381 -0.1914
v  0.9307 -2.2469 -0.1894
v  0.9346 -2.2563 -0.1827
v  0.9371 -2.2625 -0.1725
v  0.9379 -2.2644 -0.1625
v  0.9400 -2.2694 -0.0070
v  0.8239 -1.5415 -0.0864
v  0.8276 -1.5483 -0.1268
v  0.8391 -1.5699 -0.1641
v  0.8567 -1.6028 -0.1886
v  0.8741 -1.6353 -0.1963
v  0.8917 -1.6682 -0.1973
v  1.1337 -2.1210 -0.1922
v  1.1420 -2.1364 -0.1914
v  1.1465 -2.1448 -0.1894
v  1.1512 -2.1538 -0.1827
v  1.1544 -2.1597 -0.1725
v  1.1554 -2.1615 -0.1625
v  1.1579 -2.1663 -0.0070
v  0.9711 -1.4533 -0.0864
v  0.9753 -1.4597 -0.1268
v  0.9890 -1.4801 -0.1641
v  1.0097 -1.5111 -0.1886
v  1.0302 -1.5417 -0.1963
v  1.0509 -1.5728 -0.1973
v  1.3361 -1.9997 -0.1922
v  1.3459 -2.0142 -0.1914
v  1.3512 -2.0221 -0.1894
v  1.3568 -2.0306 -0.1827
v  1.3605 -2.0362 -0.1725
v  1.3617 -2.0379 -0.1625
v  1.3647 -2.0424 -0.0070
v  1.1088 -1.3511 -0.0864
v  1.1137 -1.3571 -0.1268
v  1.1293 -1.3760 -0.1641
v  1.1529 -1.4048 -0.1886
v  1.1763 -1.4333 -0.1963
v  1.2000 -1.4622 -0.1973
v  1.5257 -1.8591 -0.1922
v  1.5368 -1.8726 -0.1914
v  1.5429 -1.8800 -0.1894
v  1.5493 -1.8878 -0.1827
v  1.5536 -1.8930 -0.1725
v  1.5549 -1.8946 -0.1625
v  1.5583 -1.8988 -0.0070
v  1.2359 -1.2359 -0.0864
v  1.2414 -1.2414 -0.1268
v  1.2587 -1.2587 -0.1641
v  1.2851 -1.2851 -0.1886
v  1.3111 -1.3111 -0.1963
v  1.3375 -1.3375 -0.1973
v  1.7006 -1.7006 -0.1922
v  1.7130 -1.7129 -0.1914
v  1.7197 -1.7197 -0.1894
v  1.7269 -1.7269 -0.1827
v  1.7316 -1.7316 -0.1725
v  1.7331 -1.7331 -0.1625
v  1.7369 -1.7369 -0.0070
v  1.3511 -1.1088 -0.0864
v  1.3571 -1.1137 -0.1268
v  1.3760 -1.1293 -0.1641
v  1.4048 -1.1529 -0.1886
v  1.4333 -1.1763 -0.1963
v  1.4622 -1.2000 -0.1973
v  1.8591 -1.5257 -0.1922
v  1.8726 -1.5368 -0.1914
v  1.8800 -1.5428 -0.1894
v  1.8878 -1.5493 -0.1827
v  1.8930 -1.5535 -0.1725
v  1.8946 -1.5549 -0.1625
v  1.8988 -1.5583 -0.0070
v  1.4533 -0.9710 -0.0864
v  1.4597 -0.9753 -0.1268
v  1.4801 -0.9889 -0.1641
v  1.5111 -1.0097 -0.1886
v  1.5417 -1.0302 -0.1963
v  1.5728 -1.0509 -0.1973
v  1.9997 -1.3361 -0.1922
v  2.0142 -1.3458 -0.1914
v  2.0222 -1.3511 -0.1894
v  2.0306 -1.3568 -0.1827
v  2.0362 -1.3605 -0.1725
v  2.0379 -1.3617 -0.1625
v  2.0424 -1.3647 -0.0070
v  1.5415 -0.8239 -0.0864
v  1.5483 -0.8276 -0.1268
v  1.5699 -0.8391 -0.1641
v  1.6028 -0.8567 -0.1886
v  1.6353 -0.8741 -0.1963
v  1.6682 -0.8917 -0.1973
v  2.1210 -1.1337 -0.1922
v  2.1364 -1.1419 -0.1914
v  2.1449 -1.1464 -0.1894
v  2.1538 -1.1512 -0.1827
v  2.1597 -1.1544 -0.1725
v  2.1616 -1.1554 -0.1625
v  2.1663 -1.1579 -0.0070
v  1.6148 -0.6689 -0.0864
v  1.6219 -0.6718 -0.1268
v  1.6446 -0.6812 -0.1641
v  1.6790 -0.6955 -0.1886
v  1.7131 -0.7096 -0.1963
v  1.7476 -0.7239 -0.1973
v  2.2219 -0.9203 -0.1922
v  2.2381 -0.9270 -0.1914
v  2.2469 -0.9307 -0.1894
v  2.2563 -0.9346 -0.1827
v  2.2625 -0.9371 -0.1725
v  2.2644 -0.9379 -0.1625
v  2.2694 -0.9400 -0.0070
v  1.6726 -0.5074 -0.0864
v  1.6800 -0.5096 -0.1268
v  1.7034 -0.5167 -0.1641
v  1.7391 -0.5275 -0.1886
v  1.7744 -0.5382 -0.1963
v  1.8101 -0.5491 -0.1973
v  2.3014 -0.6981 -0.1922
v  2.3182 -0.7032 -0.1914
v  2.3273 -0.7060 -0.1894
v  2.3370 -0.7089 -0.1827
v  2.3434 -0.7109 -0.1725
v  2.3454 -0.7115 -0.1625
v  2.3506 -0.7130 -0.0070
v  1.7143 -0.3410 -0.0864
v  1.7218 -0.3425 -0.1268
v  1.7459 -0.3473 -0.1641
v  1.7824 -0.3545 -0.1886
v  1.8186 -0.3617 -0.1963
v  1.8552 -0.3690 -0.1973
v  2.3588 -0.4692 -0.1922
v  2.3759 -0.4726 -0.1914
v  2.3853 -0.4745 -0.1894
v  2.3953 -0.4764 -0.1827
v  2.4018 -0.4777 -0.1725
v  2.4039 -0.4781 -0.1625
v  2.4092 -0.4792 -0.0070
v  1.7394 -0.1713 -0.0864
v  1.7471 -0.1721 -0.1268
v  1.7715 -0.1745 -0.1641
v  1.8086 -0.1781 -0.1886
v  1.8453 -0.1817 -0.1963
v  1.8824 -0.1854 -0.1973
v  2.3934 -0.2357 -0.1922
v  2.4108 -0.2374 -0.1914
v  2.4203 -0.2384 -0.1894
v  2.4304 -0.2394 -0.1827
v  2.4371 -0.2400 -0.1725
v  2.4392 -0.2402 -0.1625
v  2.4446 -0.2408 -0.0070
v  1.7478 0.0000 -0.0864
v  1.7556 0.0000 -0.1268
v  1.7801 0.0000 -0.1641
v  1.8174 0.0000 -0.1886
v  1.8542 0.0000 -0.1963
v  1.8916 0.0000 -0.1973
v  2.4050 0.0000 -0.1922
v  2.4225 0.0000 -0.1914
v  2.4320 0.0000 -0.1894
v  2.4422 0.0000 -0.1827
v  2.4489 0.0000 -0.1725
v  2.4510 0.0000 -0.1625
v  2.4564 0.0000 -0.0070
v  1.7394 0.1713 -0.0864
v  1.7471 0.1721 -0.1268
v  1.7715 0.1745 -0.1641
v  1.8086 0.1781 -0.1886
v  1.8453 0.1818 -0.1963
v  1.8824 0.1854 -0.1973
v  2.3934 0.2357 -0.1922
v  2.4108 0.2375 -0.1914
v  2.4203 0.2384 -0.1894
v  2.4304 0.2394 -0.1827
v  2.4371 0.2400 -0.1725
v  2.4392 0.2402 -0.1625
v  2.4446 0.2408 -0.0070
v  1.7143 0.3410 -0.0864
v  1.7218 0.3425 -0.1268
v  1.7459 0.3473 -0.1641
v  1.7824 0.3546 -0.1886
v  1.8186 0.3617 -0.1963
v  1.8552 0.3690 -0.1973
v  2.3588 0.4692 -0.1922
v  2.3759 0.4726 -0.1914
v  2.3853 0.4745 -0.1894
v  2.3953 0.4765 -0.1827
v  2.4018 0.4778 -0.1725
v  2.4039 0.4782 -0.1625
v  2.4092 0.4792 -0.0070
v  1.6726 0.5074 -0.0864
v  1.6800 0.5096 -0.1268
v  1.7034 0.5167 -0.1641
v  1.7391 0.5276 -0.1886
v  1.7744 0.5383 -0.1963
v  1.8101 0.5491 -0.1973
v  2.3014 0.6981 -0.1922
v  2.3182 0.7032 -0.1914
v  2.3273 0.7060 -0.1894
v  2.3370 0.7089 -0.1827
v  2.3434 0.7109 -0.1725
v  2.3454 0.7115 -0.1625
v  2.3506 0.7131 -0.0070
v  1.6148 0.6689 -0.0864
v  1.6219 0.6718 -0.1268
v  1.6446 0.6812 -0.1641
v  1.6790 0.6955 -0.1886
v  1.7131 0.7096 -0.1963
v  1.7476 0.7239 -0.1973
v  2.2219 0.9204 -0.1922
v  2.2381 0.9270 -0.1914
v  2.2469 0.9307 -0.1894
v  2.2563 0.9346 -0.1827
v  2.2625 0.9371 -0.1725
v  2.2644 0.9379 -0.1625
v  2.2694 0.9400 -0.0070
v  1.5415 0.8239 -0.0864
v  1.5483 0.8276 -0.1268
v  1.5699 0.8391 -0.1641
v  1.6028 0.8567 -0.1886
v  1.6353 0.8741 -0.1963
v  1.6682 0.8917 -0.1973
v  2.1210 1.1337 -0.1922
v  2.1364 1.1420 -0.1914
v  2.1448 1.1465 -0.1894
v  2.1538 1.1512 -0.1827
v  2.1597 1.1544 -0.1725
v  2.1615 1.1554 -0.1625
v  2.1663 1.1579 -0.0070
v  1.4533 0.9711 -0.0864
v  1.4597 0.9753 -0.1268
v  1.4801 0.9890 -0.1641
v  1.5111 1.0097 -0.1886
v  1.5417 1.0302 -0.1963
v  1.5728 1.0509 -0.1973
v  1.9997 1.3361 -0.1922
v  2.0142 1.3459 -0.1914
v  2.0221 1.3512 -0.1894
v  2.0306 1.3568 -0.1827
v  2.0362 1.3605 -0.1725
v  2.0379 1.3617 -0.1625
v  2.0424 1.3647 -0.0070
v  1.3511 1.1088 -0.0864
v  1.3571 1.1137 -0.1268
v  1.3760 1.1293 -0.1641
v  1.4048 1.1529 -0.1886
v  1.4333 1.1763 -0.1963
v  1.4622 1.2000 -0.1973
v  1.8591 1.5257 -0.1922
v  1.8726 1.5368 -0.1914
v  1.8800 1.5429 -0.1894
v  1.8878 1.5493 -0.1827
v  1.8930 1.5536 -0.1725
v  1.8946 1.5549 -0.1625
v  1.8988 1.5583 -0.0070
v  1.2359 1.2359 -0.0864
v  1.2414 1.2414 -0.1268
v  1.2587 1.2587 -0.1641
v  1.2851 1.2851 -0.1886
v  1.3111 1.3111 -0.1963
v  1.3375 1.3375 -0.1973
v  1.7006 1.7006 -0.1922
v  1.7129 1.7130 -0.1914
v  1.7197 1.7197 -0.1894
v  1.7269 1.7269 -0.1827
v  1.7316 1.7316 -0.1725
v  1.7331 1.7331 -0.1625
v  1.7369 1.7369 -0.0070
v  1.1088 1.3511 -0.0864
v  1.1137 1.3571 -0.1268
v  1.1293 1.3760 -0.1641
v  1.1529 1.4048 -0.1886
v  1.1763 1.4333 -0.1963
v  1.2000 1.4622 -0.1973
v  1.5257 1.8591 -0.1922
v  1.5368 1.8726 -0.1914
v  1.5428 1.8800 -0.1894
v  1.5493 1.8878 -0.1827
v  1.5535 1.8930 -0.1725
v  1.5549 1.8946 -0.1625
v  1.5583 1.8988 -0.0070
v  0.9710 1.4533 -0.0864
v  0.9753 1.4597 -0.1268
v  0.9889 1.4801 -0.1641
v  1.0097 1.5111 -0.1886
v  1.0302 1.5417 -0.1963
v  1.0509 1.5728 -0.1973
v  1.3361 1.9997 -0.1922
v  1.3458 2.0142 -0.1914
v  1.3511 2.0222 -0.1894
v  1.3568 2.0306 -0.1827
v  1.3605 2.0362 -0.1725
v  1.3617 2.0379 -0.1625
v  1.3647 2.0424 -0.0070
v  0.8239 1.5415 -0.0864
v  0.8276 1.5483 -0.1268
v  0.8391 1.5699 -0.1641
v  0.8567 1.6028 -0.1886
v  0.8741 1.6353 -0.1963
v  0.8917 1.6682 -0.1973
v  1.1337 2.1210 -0.1922
v  1.1419 2.1364 -0.1914
v  1.1464 2.1449 -0.1894
v  1.1512 2.1538 -0.1827
v  1.1544 2.1597 -0.1725
v  1.1554 2.1616 -0.1625
v  1.1579 2.1663 -0.0070
v  0.6689 1.6148 -0.0864
v  0.6718 1.6219 -0.1268
v  0.6812 1.6446 -0.1641
v  0.6955 1.6790 -0.1886
v  0.7096 1.7131 -0.1963
v  0.7239 1.7476 -0.1973
v  0.9203 2.2219 -0.1922
v  0.9270 2.2381 -0.1914
v  0.9307 2.2469 -0.1894
v  0.9346 2.2563 -0.1827
v  0.9371 2.2625 -0.1725
v  0.9379 2.2644 -0.1625
v  0.9400 2.2694 -0.0070
v  0.5074 1.6726 -0.0864
v  0.5096 1.6800 -0.1268
v  0.5167 1.7034 -0.1641
v  0.5275 1.7391 -0.1886
v  0.5382 1.7744 -0.1963
v  0.5491 1.8101 -0.1973
v  0.6981 2.3014 -0.1922
v  0.7032 2.3182 -0.1914
v  0.7060 2.3273 -0.1894
v  0.7089 2.3370 -0.1827
v  0.7109 2.3434 -0.1725
v  0.7115 2.3454 -0.1625
v  0.7130 2.3506 -0.0070
v  0.3410 1.7143 -0.0864
v  0.3425 1.7218 -0.1268
v  0.3473 1.7459 -0.1641
v  0.3545 1.7824 -0.1886
v  0.3617 1.8186 -0.1963
v  0.3690 1.8552 -0.1973
v  0.4692 2.3588 -0.1922
v  0.4726 2.3759 -0.1914
v  0.4745 2.3853 -0.1894
v  0.4764 2.3953 -0.1827
v  0.4777 2.4018 -0.1725
v  0.4781 2.4039 -0.1625
v  0.4792 2.4092 -0.0070
v  0.1713 1.7394 -0.0864
v  0.1721 1.7471 -0.1268
v  0.1745 1.7715 -0.1641
v  0.1781 1.8086 -0.1886
v  0.1817 1.8453 -0.1963
v  0.1854 1.8824 -0.1973
v  0.2357 2.3934 -0.1922
v  0.2374 2.4108 -0.1914
v  0.2384 2.4203 -0.1894
v  0.2394 2.4304 -0.1827
v  0.2400 2.4371 -0.1725
v  0.2402 2.4392 -0.1625
v  0.2544 2.4377 -0.1503
v  -0.0000 1.7478 -0.0864
v  -0.0000 1.7556 -0.1268
v  -0.0000 1.7801 -0.1641
v  -0.0000 1.8542 -0.1963
v  -0.0000 2.4320 -0.1894
v  -0.0000 2.4422 -0.1827
v  -0.0000 2.4489 -0.1725
v  0.2401 -2.4378 -0.0000
v  -0.0000 -0.0000 0.0000
v  0.2570 2.4358 0.0000
v  0.4779 2.4026 0.0000
v  0.2568 2.3970 0.0000
v  0.7111 2.3442 0.0000
v  0.9374 2.2632 0.0000
v  1.1547 2.1604 0.0000
v  1.3609 2.0368 0.0000
v  1.5540 1.8936 0.0000
v  1.7321 1.7322 0.0000
v  1.8936 1.5540 0.0000
v  2.0368 1.3610 0.0000
v  2.1604 1.1548 0.0000
v  2.2632 0.9374 0.0000
v  2.3442 0.7111 0.0000
v  2.4026 0.4779 0.0000
v  2.4378 0.2401 0.0000
v  2.4496 0.0000 0.0000
v  2.4378 -0.2401 0.0000
v  2.4026 -0.4779 0.0000
v  2.3442 -0.7111 0.0000
v  2.2632 -0.9374 0.0000
v  2.1604 -1.1547 0.0000
v  2.0368 -1.3609 0.0000
v  1.8936 -1.5540 0.0000
v  1.7322 -1.7321 0.0000
v  1.5540 -1.8936 0.0000
v  1.3610 -2.0368 -0.0000
v  1.1548 -2.1604 -0.0000
v  0.9374 -2.2632 -0.0000
v  0.7111 -2.3442 -0.0000
v  0.4779 -2.4026 -0.0000
v  0.2500 2.4320 -0.1380
v  0.2500 2.4366 -0.0070
v  0.2500 2.4104 -0.0070
v  0.2500 2.4058 -0.1380
v  -0.0000 2.4446 -0.1450
v  0.2430 2.4321 -0.1450
v  0.2430 2.4059 -0.1450
v  0.2430 2.3987 -0.1380
v  0.2430 2.4039 -0.0070
v  0.2569 2.4426 -0.0070
v  0.2569 2.4428 0.0000
v  0.2500 2.4439 0.0000
v  0.2500 2.4436 -0.0070
v  0.2500 2.4369 0.0000
v  0.2500 2.4318 -0.1450
v  0.2500 2.4388 -0.1450
v  0.2500 2.4390 -0.1380
v  0.2500 2.4107 0.0000
v  0.2500 2.4037 0.0000
v  0.2500 2.4034 -0.0070
v  0.2500 2.3988 -0.1380
v  0.2500 2.3986 -0.1450
v  0.2500 2.4056 -0.1450
v  0.2430 2.4391 -0.1450
v  0.2430 2.3989 -0.1450
v  0.2430 2.4037 0.0000
v  0.0000 -2.4566 -0.0000
v  0.2408 -2.4448 -0.0000
v  0.4793 -2.4094 -0.0000
v  0.7131 -2.3509 -0.0000
v  0.9401 -2.2696 -0.0000
v  1.1581 -2.1666 -0.0000
v  1.3648 -2.0426 -0.0000
v  1.5585 -1.8990 0.0000
v  1.7371 -1.7371 0.0000
v  1.8990 -1.5585 0.0000
v  2.0426 -1.3648 0.0000
v  2.1666 -1.1580 0.0000
v  2.2696 -0.9401 0.0000
v  2.3509 -0.7131 0.0000
v  2.4094 -0.4793 0.0000
v  2.4448 -0.2408 0.0000
v  2.4566 0.0000 0.0000
v  2.4448 0.2408 0.0000
v  2.4094 0.4793 0.0000
v  2.3509 0.7131 0.0000
v  2.2696 0.9401 0.0000
v  2.1666 1.1581 0.0000
v  2.0426 1.3648 0.0000
v  1.8990 1.5585 0.0000
v  1.7371 1.7371 0.0000
v  1.5585 1.8990 0.0000
v  1.3648 2.0426 0.0000
v  1.1580 2.1666 0.0000
v  0.9401 2.2696 0.0000
v  0.7131 2.3509 0.0000
v  0.4793 2.4094 0.0000
v  -0.0000 2.4516 -0.1450
v  0.0000 -1.6574 -0.1706
v  0.0000 -1.6505 -0.1812
v  0.0000 -1.6403 -0.1879
v  0.0000 -1.6293 -0.1900
v  0.1624 -1.6494 -0.1706
v  0.1618 -1.6426 -0.1812
v  0.1608 -1.6324 -0.1879
v  0.1597 -1.6214 -0.1900
v  0.3233 -1.6255 -0.1706
v  0.3220 -1.6188 -0.1812
v  0.3200 -1.6088 -0.1879
v  0.3179 -1.5980 -0.1900
v  0.4811 -1.5860 -0.1706
v  0.4791 -1.5794 -0.1812
v  0.4762 -1.5697 -0.1879
v  0.4730 -1.5591 -0.1900
v  0.6342 -1.5312 -0.1706
v  0.6316 -1.5249 -0.1812
v  0.6277 -1.5155 -0.1879
v  0.6235 -1.5053 -0.1900
v  0.7813 -1.4617 -0.1706
v  0.7780 -1.4556 -0.1812
v  0.7732 -1.4466 -0.1879
v  0.7680 -1.4369 -0.1900
v  0.9208 -1.3780 -0.1706
v  0.9170 -1.3723 -0.1812
v  0.9113 -1.3639 -0.1879
v  0.9052 -1.3547 -0.1900
v  1.0514 -1.2812 -0.1706
v  1.0471 -1.2759 -0.1812
v  1.0406 -1.2680 -0.1879
v  1.0336 -1.2595 -0.1900
v  1.1719 -1.1719 -0.1706
v  1.1671 -1.1671 -0.1812
v  1.1599 -1.1599 -0.1879
v  1.1521 -1.1521 -0.1900
v  1.2812 -1.0514 -0.1706
v  1.2759 -1.0471 -0.1812
v  1.2680 -1.0406 -0.1879
v  1.2595 -1.0336 -0.1900
v  1.3780 -0.9208 -0.1706
v  1.3723 -0.9170 -0.1812
v  1.3639 -0.9113 -0.1879
v  1.3547 -0.9052 -0.1900
v  1.4617 -0.7813 -0.1706
v  1.4556 -0.7780 -0.1812
v  1.4466 -0.7732 -0.1879
v  1.4369 -0.7680 -0.1900
v  1.5312 -0.6342 -0.1706
v  1.5249 -0.6316 -0.1812
v  1.5155 -0.6277 -0.1879
v  1.5053 -0.6235 -0.1900
v  1.5860 -0.4811 -0.1706
v  1.5794 -0.4791 -0.1812
v  1.5697 -0.4762 -0.1879
v  1.5591 -0.4730 -0.1900
v  1.6255 -0.3233 -0.1706
v  1.6188 -0.3220 -0.1812
v  1.6088 -0.3200 -0.1879
v  1.5980 -0.3179 -0.1900
v  1.6494 -0.1624 -0.1706
v  1.6426 -0.1618 -0.1812
v  1.6324 -0.1608 -0.1879
v  1.6214 -0.1597 -0.1900
v  1.6574 0.0000 -0.1706
v  1.6505 0.0000 -0.1812
v  1.6403 0.0000 -0.1879
v  1.6293 0.0000 -0.1900
v  1.6494 0.1624 -0.1706
v  1.6426 0.1618 -0.1812
v  1.6324 0.1608 -0.1879
v  1.6214 0.1597 -0.1900
v  1.6255 0.3233 -0.1706
v  1.6188 0.3220 -0.1812
v  1.6088 0.3200 -0.1879
v  1.5980 0.3179 -0.1900
v  1.5860 0.4811 -0.1706
v  1.5794 0.4791 -0.1812
v  1.5697 0.4762 -0.1879
v  1.5591 0.4730 -0.1900
v  1.5312 0.6342 -0.1706
v  1.5249 0.6316 -0.1812
v  1.5155 0.6277 -0.1879
v  1.5053 0.6235 -0.1900
v  1.4617 0.7813 -0.1706
v  1.4556 0.7780 -0.1812
v  1.4466 0.7732 -0.1879
v  1.4369 0.7680 -0.1900
v  1.3780 0.9208 -0.1706
v  1.3723 0.9170 -0.1812
v  1.3639 0.9113 -0.1879
v  1.3547 0.9052 -0.1900
v  1.2812 1.0514 -0.1706
v  1.2759 1.0471 -0.1812
v  1.2680 1.0406 -0.1879
v  1.2595 1.0336 -0.1900
v  1.1719 1.1719 -0.1706
v  1.1671 1.1671 -0.1812
v  1.1599 1.1599 -0.1879
v  1.1521 1.1521 -0.1900
v  1.0514 1.2812 -0.1706
v  1.0471 1.2759 -0.1812
v  1.0406 1.2680 -0.1879
v  1.0336 1.2595 -0.1900
v  0.9208 1.3780 -0.1706
v  0.9170 1.3723 -0.1812
v  0.9113 1.3639 -0.1879
v  0.9052 1.3547 -0.1900
v  0.7813 1.4617 -0.1706
v  0.7780 1.4556 -0.1812
v  0.7732 1.4466 -0.1879
v  0.7680 1.4369 -0.1900
v  0.6342 1.5312 -0.1706
v  0.6316 1.5249 -0.1812
v  0.6277 1.5155 -0.1879
v  0.6235 1.5053 -0.1900
v  0.4811 1.5860 -0.1706
v  0.4791 1.5794 -0.1812
v  0.4762 1.5697 -0.1879
v  0.4730 1.5591 -0.1900
v  0.3233 1.6255 -0.1706
v  0.3220 1.6188 -0.1812
v  0.3200 1.6088 -0.1879
v  0.3179 1.5980 -0.1900
v  0.1624 1.6494 -0.1706
v  0.1618 1.6426 -0.1812
v  0.1608 1.6324 -0.1879
v  0.1597 1.6214 -0.1900
v  -0.0000 1.6574 -0.1706
v  -0.0000 1.6505 -0.1812
v  -0.0000 1.6403 -0.1879
v  -0.0000 1.6293 -0.1900
v  -0.1624 1.6494 -0.1706
v  -0.1618 1.6426 -0.1812
v  -0.1608 1.6324 -0.1879
v  -0.1597 1.6214 -0.1900
v  -0.3233 1.6255 -0.1706
v  -0.3220 1.6188 -0.1812
v  -0.3200 1.6088 -0.1879
v  -0.3179 1.5980 -0.1900
v  -0.4811 1.5860 -0.1706
v  -0.4791 1.5794 -0.1812
v  -0.4762 1.5697 -0.1879
v  -0.4730 1.5591 -0.1900
v  -0.6342 1.5312 -0.1706
v  -0.6316 1.5249 -0.1812
v  -0.6277 1.5155 -0.1879
v  -0.6235 1.5053 -0.1900
v  -0.7813 1.4617 -0.1706
v  -0.7780 1.4556 -0.1812
v  -0.7732 1.4466 -0.1879
v  -0.7680 1.4369 -0.1900
v  -0.9208 1.3780 -0.1706
v  -0.9170 1.3723 -0.1812
v  -0.9113 1.3639 -0.1879
v  -0.9052 1.3547 -0.1900
v  -1.0514 1.2812 -0.1706
v  -1.0471 1.2759 -0.1812
v  -1.0406 1.2680 -0.1879
v  -1.0336 1.2595 -0.1900
v  -1.1719 1.1719 -0.1706
v  -1.1671 1.1671 -0.1812
v  -1.1599 1.1599 -0.1879
v  -1.1521 1.1521 -0.1900
v  -1.2812 1.0514 -0.1706
v  -1.2759 1.0471 -0.1812
v  -1.2680 1.0406 -0.1879
v  -1.2595 1.0336 -0.1900
v  -1.3780 0.9208 -0.1706
v  -1.3723 0.9170 -0.1812
v  -1.3639 0.9113 -0.1879
v  -1.3547 0.9052 -0.1900
v  -1.4617 0.7813 -0.1706
v  -1.4556 0.7780 -0.1812
v  -1.4466 0.7732 -0.1879
v  -1.4369 0.7680 -0.1900
v  -1.5312 0.6342 -0.1706
v  -1.5249 0.6316 -0.1812
v  -1.5155 0.6277 -0.1879
v  -1.5053 0.6235 -0.1900
v  -1.5860 0.4811 -0.1706
v  -1.5794 0.4791 -0.1812
v  -1.5697 0.4762 -0.1879
v  -1.5591 0.4730 -0.1900
v  -1.6255 0.3233 -0.1706
v  -1.6188 0.3220 -0.1812
v  -1.6088 0.3200 -0.1879
v  -1.5980 0.3179 -0.1900
v  -1.6494 0.1624 -0.1706
v  -1.6426 0.1618 -0.1812
v  -1.6324 0.1608 -0.1879
v  -1.6214 0.1597 -0.1900
v  -1.6574 -0.0000 -0.1706
v  -1.6505 -0.0000 -0.1812
v  -1.6403 -0.0000 -0.1879
v  -1.6293 -0.0000 -0.1900
v  -1.6494 -0.1624 -0.1706
v  -1.6426 -0.1618 -0.1812
v  -1.6324 -0.1608 -0.1879
v  -1.6214 -0.1597 -0.1900
v  -1.6255 -0.3233 -0.1706
v  -1.6188 -0.3220 -0.1812
v  -1.6088 -0.3200 -0.1879
v  -1.5980 -0.3179 -0.1900
v  -1.5860 -0.4811 -0.1706
v  -1.5794 -0.4791 -0.1812
v  -1.5697 -0.4762 -0.1879
v  -1.5591 -0.4730 -0.1900
v  -1.5312 -0.6342 -0.1706
v  -1.5249 -0.6316 -0.1812
v  -1.5155 -0.6277 -0.1879
v  -1.5053 -0.6235 -0.1900
v  -1.4617 -0.7813 -0.1706
v  -1.4556 -0.7780 -0.1812
v  -1.4466 -0.7732 -0.1879
v  -1.4369 -0.7680 -0.1900
v  -1.3780 -0.9208 -0.1706
v  -1.3723 -0.9170 -0.1812
v  -1.3639 -0.9113 -0.1879
v  -1.3547 -0.9052 -0.1900
v  -1.2812 -1.0514 -0.1706
v  -1.2759 -1.0471 -0.1812
v  -1.2680 -1.0406 -0.1879
v  -1.2595 -1.0336 -0.1900
v  -1.1719 -1.1719 -0.1706
v  -1.1671 -1.1671 -0.1812
v  -1.1599 -1.1599 -0.1879
v  -1.1521 -1.1521 -0.1900
v  -1.0514 -1.2812 -0.1706
v  -1.0471 -1.2759 -0.1812
v  -1.0406 -1.2680 -0.1879
v  -1.0336 -1.2595 -0.1900
v  -0.9208 -1.3780 -0.1706
v  -0.9170 -1.3723 -0.1812
v  -0.9113 -1.3639 -0.1879
v  -0.9052 -1.3547 -0.1900
v  -0.7813 -1.4617 -0.1706
v  -0.7780 -1.4556 -0.1812
v  -0.7732 -1.4466 -0.1879
v  -0.7680 -1.4369 -0.1900
v  -0.6342 -1.5312 -0.1706
v  -0.6316 -1.5249 -0.1812
v  -0.6277 -1.5155 -0.1879
v  -0.6235 -1.5053 -0.1900
v  -0.4811 -1.5860 -0.1706
v  -0.4791 -1.5794 -0.1812
v  -0.4762 -1.5697 -0.1879
v  -0.4730 -1.5591 -0.1900
v  -0.3233 -1.6255 -0.1706
v  -0.3220 -1.6188 -0.1812
v  -0.3200 -1.6088 -0.1879
v  -0.3179 -1.5980 -0.1900
v  -0.1624 -1.6494 -0.1706
v  -0.1618 -1.6426 -0.1812
v  -0.1608 -1.6324 -0.1879
v  -0.1597 -1.6214 -0.1900
v  -0.0000 -0.0000 -0.1900
v  0.1586 -1.6106 -0.1900
v  0.0000 -1.6183 -0.1900
v  -0.1586 -1.6106 -0.1900
v  -0.3157 -1.5872 -0.1900
v  -0.4698 -1.5487 -0.1900
v  -0.6193 -1.4952 -0.1900
v  -0.7629 -1.4273 -0.1900
v  -0.8991 -1.3456 -0.1900
v  -1.0267 -1.2510 -0.1900
v  -1.1443 -1.1443 -0.1900
v  -1.2510 -1.0267 -0.1900
v  -1.3456 -0.8991 -0.1900
v  -1.4273 -0.7629 -0.1900
v  -1.4952 -0.6193 -0.1900
v  -1.5487 -0.4698 -0.1900
v  -1.5872 -0.3157 -0.1900
v  -1.6106 -0.1586 -0.1900
v  -1.6183 -0.0000 -0.1900
v  -1.6106 0.1586 -0.1900
v  -1.5872 0.3157 -0.1900
v  -1.5487 0.4698 -0.1900
v  -1.4952 0.6193 -0.1900
v  -1.4273 0.7629 -0.1900
v  -1.3456 0.8991 -0.1900
v  -1.2510 1.0267 -0.1900
v  -1.1443 1.1443 -0.1900
v  -1.0267 1.2510 -0.1900
v  -0.8991 1.3456 -0.1900
v  -0.7629 1.4273 -0.1900
v  -0.6193 1.4952 -0.1900
v  -0.4698 1.5487 -0.1900
v  -0.3157 1.5872 -0.1900
v  -0.1586 1.6106 -0.1900
v  -0.0000 1.6183 -0.1900
v  0.1586 1.6106 -0.1900
v  0.3157 1.5872 -0.1900
v  0.4698 1.5487 -0.1900
v  0.6193 1.4952 -0.1900
v  0.7629 1.4273 -0.1900
v  0.8991 1.3456 -0.1900
v  1.0267 1.2510 -0.1900
v  1.1443 1.1443 -0.1900
v  1.2510 1.0267 -0.1900
v  1.3456 0.8991 -0.1900
v  1.4273 0.7629 -0.1900
v  1.4952 0.6193 -0.1900
v  1.5487 0.4698 -0.1900
v  1.5872 0.3157 -0.1900
v  1.6106 0.1586 -0.1900
v  1.6183 0.0000 -0.1900
v  1.6106 -0.1586 -0.1900
v  1.5872 -0.3157 -0.1900
v  1.5487 -0.4698 -0.1900
v  1.4952 -0.6193 -0.1900
v  1.4273 -0.7629 -0.1900
v  1.3456 -0.8991 -0.1900
v  1.2510 -1.0267 -0.1900
v  1.1443 -1.1443 -0.1900
v  1.0267 -1.2510 -0.1900
v  0.8991 -1.3456 -0.1900
v  0.7629 -1.4273 -0.1900
v  0.6193 -1.4952 -0.1900
v  0.4698 -1.5487 -0.1900
v  0.3157 -1.5872 -0.1900
v  -0.1722 -1.7482 -0.0280
v  -0.1716 -1.7422 -0.0280
v  -0.1721 -1.7472 -0.0339
v  0.0000 -1.7566 -0.0280
v  0.0000 -1.7557 -0.0339
v  0.0000 -1.7506 -0.0280
v  -0.3427 -1.7229 -0.0280
v  -0.3415 -1.7170 -0.0280
v  -0.3425 -1.7219 -0.0339
v  -0.5099 -1.6810 -0.0280
v  -0.5082 -1.6753 -0.0280
v  -0.5096 -1.6801 -0.0339
v  -0.6722 -1.6229 -0.0280
v  -0.6699 -1.6174 -0.0280
v  -0.6719 -1.6220 -0.0339
v  -0.8281 -1.5492 -0.0280
v  -0.8253 -1.5439 -0.0280
v  -0.8276 -1.5484 -0.0339
v  -0.9759 -1.4606 -0.0280
v  -0.9726 -1.4556 -0.0280
v  -0.9754 -1.4598 -0.0339
v  -1.1144 -1.3579 -0.0280
v  -1.1106 -1.3533 -0.0280
v  -1.1138 -1.3571 -0.0339
v  -1.2421 -1.2421 -0.0280
v  -1.2379 -1.2379 -0.0280
v  -1.2414 -1.2414 -0.0339
v  -1.3579 -1.1144 -0.0280
v  -1.3533 -1.1106 -0.0280
v  -1.3571 -1.1138 -0.0339
v  -1.4606 -0.9759 -0.0280
v  -1.4556 -0.9726 -0.0280
v  -1.4598 -0.9754 -0.0339
v  -1.5492 -0.8281 -0.0280
v  -1.5439 -0.8253 -0.0280
v  -1.5484 -0.8276 -0.0339
v  -1.6229 -0.6722 -0.0280
v  -1.6174 -0.6699 -0.0280
v  -1.6220 -0.6719 -0.0339
v  -1.6810 -0.5099 -0.0280
v  -1.6753 -0.5082 -0.0280
v  -1.6801 -0.5096 -0.0339
v  -1.7229 -0.3427 -0.0280
v  -1.7170 -0.3415 -0.0280
v  -1.7219 -0.3425 -0.0339
v  -1.7482 -0.1722 -0.0280
v  -1.7422 -0.1716 -0.0280
v  -1.7472 -0.1721 -0.0339
v  -1.7566 -0.0000 -0.0280
v  -1.7506 -0.0000 -0.0280
v  -1.7557 -0.0000 -0.0339
v  -1.7482 0.1722 -0.0280
v  -1.7422 0.1716 -0.0280
v  -1.7472 0.1721 -0.0339
v  -1.7229 0.3427 -0.0280
v  -1.7170 0.3415 -0.0280
v  -1.7219 0.3425 -0.0339
v  -1.6810 0.5099 -0.0280
v  -1.6753 0.5082 -0.0280
v  -1.6801 0.5096 -0.0339
v  -1.6229 0.6722 -0.0280
v  -1.6174 0.6699 -0.0280
v  -1.6220 0.6719 -0.0339
v  -1.5492 0.8281 -0.0280
v  -1.5439 0.8253 -0.0280
v  -1.5484 0.8276 -0.0339
v  -1.4606 0.9759 -0.0280
v  -1.4556 0.9726 -0.0280
v  -1.4598 0.9754 -0.0339
v  -1.3579 1.1144 -0.0280
v  -1.3533 1.1106 -0.0280
v  -1.3572 1.1138 -0.0339
v  -1.2421 1.2421 -0.0280
v  -1.2379 1.2379 -0.0280
v  -1.2414 1.2414 -0.0339
v  -1.1144 1.3579 -0.0280
v  -1.1106 1.3533 -0.0280
v  -1.1138 1.3571 -0.0339
v  -0.9759 1.4606 -0.0280
v  -0.9726 1.4556 -0.0280
v  -0.9754 1.4598 -0.0339
v  -0.8281 1.5492 -0.0280
v  -0.8253 1.5439 -0.0280
v  -0.8276 1.5484 -0.0339
v  -0.6722 1.6229 -0.0280
v  -0.6699 1.6174 -0.0280
v  -0.6719 1.6220 -0.0339
v  -0.5099 1.6810 -0.0280
v  -0.5082 1.6753 -0.0280
v  -0.5096 1.6801 -0.0339
v  -0.3427 1.7229 -0.0280
v  -0.3415 1.7170 -0.0280
v  -0.3425 1.7219 -0.0339
v  -0.1722 1.7482 -0.0280
v  -0.1716 1.7422 -0.0280
v  -0.1721 1.7472 -0.0339
v  -0.0000 1.7566 -0.0280
v  -0.0000 1.7506 -0.0280
v  -0.0000 1.7557 -0.0339
v  0.1722 -1.7482 -0.0280
v  0.1721 -1.7472 -0.0339
v  0.1716 -1.7422 -0.0280
v  0.3427 -1.7229 -0.0280
v  0.3425 -1.7219 -0.0339
v  0.3415 -1.7170 -0.0280
v  0.5099 -1.6810 -0.0280
v  0.5096 -1.6801 -0.0339
v  0.5082 -1.6753 -0.0280
v  0.6722 -1.6229 -0.0280
v  0.6719 -1.6220 -0.0339
v  0.6699 -1.6174 -0.0280
v  0.8281 -1.5492 -0.0280
v  0.8276 -1.5484 -0.0339
v  0.8253 -1.5439 -0.0280
v  0.9759 -1.4606 -0.0280
v  0.9754 -1.4598 -0.0339
v  0.9726 -1.4556 -0.0280
v  1.1144 -1.3579 -0.0280
v  1.1138 -1.3571 -0.0339
v  1.1106 -1.3533 -0.0280
v  1.2421 -1.2421 -0.0280
v  1.2414 -1.2414 -0.0339
v  1.2379 -1.2379 -0.0280
v  1.3579 -1.1144 -0.0280
v  1.3572 -1.1138 -0.0339
v  1.3533 -1.1106 -0.0280
v  1.4606 -0.9759 -0.0280
v  1.4598 -0.9754 -0.0339
v  1.4556 -0.9726 -0.0280
v  1.5492 -0.8281 -0.0280
v  1.5484 -0.8276 -0.0339
v  1.5439 -0.8252 -0.0280
v  1.6229 -0.6722 -0.0280
v  1.6220 -0.6719 -0.0339
v  1.6174 -0.6699 -0.0280
v  1.6810 -0.5099 -0.0280
v  1.6801 -0.5096 -0.0339
v  1.6753 -0.5082 -0.0280
v  1.7229 -0.3427 -0.0280
v  1.7219 -0.3425 -0.0339
v  1.7170 -0.3415 -0.0280
v  1.7482 -0.1722 -0.0280
v  1.7472 -0.1721 -0.0339
v  1.7422 -0.1716 -0.0280
v  1.7566 0.0000 -0.0280
v  1.7557 0.0000 -0.0339
v  1.7506 0.0000 -0.0280
v  1.7482 0.1722 -0.0280
v  1.7472 0.1721 -0.0339
v  1.7422 0.1716 -0.0280
v  1.7229 0.3427 -0.0280
v  1.7219 0.3425 -0.0339
v  1.7170 0.3415 -0.0280
v  1.6810 0.5099 -0.0280
v  1.6801 0.5096 -0.0339
v  1.6753 0.5082 -0.0280
v  1.6229 0.6722 -0.0280
v  1.6220 0.6719 -0.0339
v  1.6174 0.6699 -0.0280
v  1.5492 0.8281 -0.0280
v  1.5484 0.8276 -0.0339
v  1.5439 0.8253 -0.0280
v  1.4606 0.9759 -0.0280
v  1.4598 0.9754 -0.0339
v  1.4556 0.9726 -0.0280
v  1.3579 1.1144 -0.0280
v  1.3571 1.1138 -0.0339
v  1.3533 1.1106 -0.0280
v  1.2421 1.2421 -0.0280
v  1.2414 1.2414 -0.0339
v  1.2379 1.2379 -0.0280
v  1.1144 1.3579 -0.0280
v  1.1138 1.3572 -0.0339
v  1.1106 1.3533 -0.0280
v  0.9759 1.4606 -0.0280
v  0.9754 1.4598 -0.0339
v  0.9726 1.4556 -0.0280
v  0.8281 1.5492 -0.0280
v  0.8276 1.5484 -0.0339
v  0.8252 1.5439 -0.0280
v  0.6722 1.6229 -0.0280
v  0.6719 1.6220 -0.0339
v  0.6699 1.6174 -0.0280
v  0.5099 1.6810 -0.0280
v  0.5096 1.6801 -0.0339
v  0.5082 1.6753 -0.0280
v  0.3427 1.7229 -0.0280
v  0.3425 1.7219 -0.0339
v  0.3415 1.7170 -0.0280
v  0.1722 1.7482 -0.0280
v  0.1721 1.7472 -0.0339
v  0.1716 1.7422 -0.0280
v  0.1661 -1.6863 -0.0280
v  0.1667 -1.6923 -0.0280
v  0.1659 -1.6848 -0.0338
v  0.0000 -1.6945 -0.0280
v  0.0000 -1.6930 -0.0338
v  0.0000 -1.7005 -0.0280
v  0.3306 -1.6619 -0.0280
v  0.3317 -1.6678 -0.0280
v  0.3303 -1.6604 -0.0338
v  0.4919 -1.6215 -0.0280
v  0.4936 -1.6272 -0.0280
v  0.4914 -1.6201 -0.0338
v  0.6484 -1.5655 -0.0280
v  0.6507 -1.5710 -0.0280
v  0.6479 -1.5641 -0.0338
v  0.7988 -1.4944 -0.0280
v  0.8016 -1.4997 -0.0280
v  0.7981 -1.4931 -0.0338
v  0.9414 -1.4089 -0.0280
v  0.9447 -1.4139 -0.0280
v  0.9406 -1.4076 -0.0338
v  1.0750 -1.3098 -0.0280
v  1.0788 -1.3145 -0.0280
v  1.0740 -1.3087 -0.0338
v  1.1982 -1.1982 -0.0280
v  1.2024 -1.2024 -0.0280
v  1.1971 -1.1971 -0.0338
v  1.3098 -1.0750 -0.0280
v  1.3145 -1.0788 -0.0280
v  1.3087 -1.0740 -0.0338
v  1.4089 -0.9414 -0.0280
v  1.4139 -0.9447 -0.0280
v  1.4076 -0.9406 -0.0338
v  1.4944 -0.7988 -0.0280
v  1.4997 -0.8016 -0.0280
v  1.4931 -0.7981 -0.0338
v  1.5655 -0.6484 -0.0280
v  1.5710 -0.6507 -0.0280
v  1.5641 -0.6479 -0.0338
v  1.6215 -0.4919 -0.0280
v  1.6272 -0.4936 -0.0280
v  1.6201 -0.4914 -0.0338
v  1.6619 -0.3306 -0.0280
v  1.6678 -0.3317 -0.0280
v  1.6604 -0.3303 -0.0338
v  1.6863 -0.1661 -0.0280
v  1.6923 -0.1667 -0.0280
v  1.6848 -0.1659 -0.0338
v  1.6945 -0.0000 -0.0280
v  1.7005 0.0000 -0.0280
v  1.6930 -0.0000 -0.0338
v  1.6863 0.1661 -0.0280
v  1.6923 0.1667 -0.0280
v  1.6848 0.1659 -0.0338
v  1.6619 0.3306 -0.0280
v  1.6678 0.3317 -0.0280
v  1.6604 0.3303 -0.0338
v  1.6215 0.4919 -0.0280
v  1.6272 0.4936 -0.0280
v  1.6201 0.4914 -0.0338
v  1.5655 0.6484 -0.0280
v  1.5710 0.6507 -0.0280
v  1.5641 0.6479 -0.0338
v  1.4944 0.7988 -0.0280
v  1.4997 0.8016 -0.0280
v  1.4931 0.7981 -0.0338
v  1.4089 0.9414 -0.0280
v  1.4139 0.9447 -0.0280
v  1.4076 0.9406 -0.0338
v  1.3098 1.0750 -0.0280
v  1.3145 1.0788 -0.0280
v  1.3087 1.0740 -0.0338
v  1.1982 1.1982 -0.0280
v  1.2024 1.2024 -0.0280
v  1.1971 1.1971 -0.0338
v  1.0750 1.3098 -0.0280
v  1.0788 1.3145 -0.0280
v  1.0740 1.3087 -0.0338
v  0.9414 1.4089 -0.0280
v  0.9447 1.4139 -0.0280
v  0.9406 1.4076 -0.0338
v  0.7988 1.4944 -0.0280
v  0.8016 1.4997 -0.0280
v  0.7981 1.4931 -0.0338
v  0.6484 1.5655 -0.0280
v  0.6507 1.5710 -0.0280
v  0.6479 1.5641 -0.0338
v  0.4919 1.6215 -0.0280
v  0.4936 1.6272 -0.0280
v  0.4914 1.6201 -0.0338
v  0.3306 1.6619 -0.0280
v  0.3317 1.6678 -0.0280
v  0.3303 1.6604 -0.0338
v  0.1661 1.6863 -0.0280
v  0.1667 1.6923 -0.0280
v  0.1659 1.6848 -0.0338
v  -0.0000 1.6945 -0.0280
v  -0.0000 1.7005 -0.0280
v  -0.0000 1.6930 -0.0338
v  -0.1661 1.6863 -0.0280
v  -0.1667 1.6923 -0.0280
v  -0.1659 1.6848 -0.0338
v  -0.3306 1.6619 -0.0280
v  -0.3317 1.6678 -0.0280
v  -0.3303 1.6604 -0.0338
v  -0.4919 1.6215 -0.0280
v  -0.4936 1.6272 -0.0280
v  -0.4914 1.6201 -0.0338
v  -0.6484 1.5655 -0.0280
v  -0.6507 1.5710 -0.0280
v  -0.6479 1.5641 -0.0338
v  -0.7988 1.4944 -0.0280
v  -0.8016 1.4997 -0.0280
v  -0.7981 1.4931 -0.0338
v  -0.9414 1.4089 -0.0280
v  -0.9447 1.4139 -0.0280
v  -0.9406 1.4076 -0.0338
v  -1.0750 1.3098 -0.0280
v  -1.0788 1.3145 -0.0280
v  -1.0740 1.3087 -0.0338
v  -1.1982 1.1982 -0.0280
v  -1.2024 1.2024 -0.0280
v  -1.1971 1.1971 -0.0338
v  -1.3098 1.0750 -0.0280
v  -1.3145 1.0788 -0.0280
v  -1.3087 1.0740 -0.0338
v  -1.4089 0.9414 -0.0280
v  -1.4139 0.9447 -0.0280
v  -1.4076 0.9406 -0.0338
v  -1.4944 0.7988 -0.0280
v  -1.4997 0.8016 -0.0280
v  -1.4931 0.7981 -0.0338
v  -1.5655 0.6484 -0.0280
v  -1.5710 0.6507 -0.0280
v  -1.5641 0.6479 -0.0338
v  -1.6215 0.4919 -0.0280
v  -1.6272 0.4936 -0.0280
v  -1.6201 0.4914 -0.0338
v  -1.6619 0.3306 -0.0280
v  -1.6678 0.3317 -0.0280
v  -1.6604 0.3303 -0.0338
v  -1.6863 0.1661 -0.0280
v  -1.6923 0.1667 -0.0280
v  -1.6848 0.1659 -0.0338
v  -1.6945 -0.0000 -0.0280
v  -1.7005 -0.0000 -0.0280
v  -1.6930 -0.0000 -0.0338
v  -1.6863 -0.1661 -0.0280
v  -1.6923 -0.1667 -0.0280
v  -1.6848 -0.1659 -0.0338
v  -1.6619 -0.3306 -0.0280
v  -1.6678 -0.3317 -0.0280
v  -1.6604 -0.3303 -0.0338
v  -1.6215 -0.4919 -0.0280
v  -1.6272 -0.4936 -0.0280
v  -1.6201 -0.4914 -0.0338
v  -1.5655 -0.6484 -0.0280
v  -1.5710 -0.6507 -0.0280
v  -1.5641 -0.6479 -0.0338
v  -1.4944 -0.7988 -0.0280
v  -1.4997 -0.8016 -0.0280
v  -1.4931 -0.7981 -0.0338
v  -1.4089 -0.9414 -0.0280
v  -1.4139 -0.9447 -0.0280
v  -1.4076 -0.9406 -0.0338
v  -1.3098 -1.0750 -0.0280
v  -1.3145 -1.0788 -0.0280
v  -1.3087 -1.0740 -0.0338
v  -1.1982 -1.1982 -0.0280
v  -1.2024 -1.2024 -0.0280
v  -1.1971 -1.1971 -0.0338
v  -1.0750 -1.3098 -0.0280
v  -1.0788 -1.3145 -0.0280
v  -1.0740 -1.3087 -0.0338
v  -0.9414 -1.4089 -0.0280
v  -0.9447 -1.4139 -0.0280
v  -0.9406 -1.4076 -0.0338
v  -0.7988 -1.4944 -0.0280
v  -0.8016 -1.4997 -0.0280
v  -0.7981 -1.4931 -0.0338
v  -0.6484 -1.5655 -0.0280
v  -0.6507 -1.5710 -0.0280
v  -0.6479 -1.5641 -0.0338
v  -0.4919 -1.6215 -0.0280
v  -0.4936 -1.6272 -0.0280
v  -0.4914 -1.6201 -0.0338
v  -0.3306 -1.6619 -0.0280
v  -0.3317 -1.6678 -0.0280
v  -0.3303 -1.6604 -0.0338
v  -0.1661 -1.6863 -0.0280
v  -0.1667 -1.6923 -0.0280
v  -0.1659 -1.6848 -0.0338
v  0.0000 -1.3316 -0.2194
v  0.0000 -1.3411 -0.2148
v  0.0000 -1.3460 -0.2048
v  0.0000 -1.3509 -0.1432
v  0.0143 -1.3288 -0.2196
v  0.0181 -1.3376 -0.2151
v  0.0203 -1.3420 -0.2051
v  0.0244 -1.3461 -0.1437
v  0.0264 -1.3207 -0.2204
v  0.0334 -1.3273 -0.2161
v  0.0375 -1.3305 -0.2062
v  0.0450 -1.3324 -0.1450
v  0.0345 -1.3086 -0.2215
v  0.0437 -1.3121 -0.2175
v  0.0490 -1.3134 -0.2078
v  0.0588 -1.3118 -0.1469
v  0.0373 -1.2944 -0.2228
v  0.0473 -1.2941 -0.2192
v  0.0530 -1.2932 -0.2097
v  0.0637 -1.2875 -0.1491
v  0.0345 -1.2802 -0.2242
v  0.0437 -1.2760 -0.2208
v  0.0490 -1.2730 -0.2116
v  0.0588 -1.2633 -0.1514
v  0.0264 -1.2681 -0.2253
v  0.0334 -1.2608 -0.2223
v  0.0375 -1.2558 -0.2132
v  0.0450 -1.2427 -0.1533
v  0.0143 -1.2600 -0.2260
v  0.0181 -1.2506 -0.2232
v  0.0203 -1.2444 -0.2142
v  0.0244 -1.2290 -0.1546
v  0.0000 -1.2572 -0.2263
v  0.0000 -1.2470 -0.2236
v  0.0000 -1.2404 -0.2146
v  0.0000 -1.2242 -0.1550
v  -0.0143 -1.2600 -0.2260
v  -0.0181 -1.2506 -0.2232
v  -0.0203 -1.2444 -0.2142
v  -0.0244 -1.2290 -0.1546
v  -0.0264 -1.2681 -0.2253
v  -0.0334 -1.2608 -0.2223
v  -0.0375 -1.2558 -0.2132
v  -0.0450 -1.2427 -0.1533
v  -0.0345 -1.2802 -0.2242
v  -0.0437 -1.2760 -0.2208
v  -0.0490 -1.2730 -0.2116
v  -0.0588 -1.2633 -0.1514
v  -0.0373 -1.2944 -0.2228
v  -0.0473 -1.2941 -0.2192
v  -0.0530 -1.2932 -0.2097
v  -0.0637 -1.2875 -0.1491
v  -0.0345 -1.3086 -0.2215
v  -0.0437 -1.3121 -0.2175
v  -0.0490 -1.3134 -0.2078
v  -0.0588 -1.3118 -0.1469
v  -0.0264 -1.3207 -0.2204
v  -0.0334 -1.3273 -0.2161
v  -0.0375 -1.3305 -0.2062
v  -0.0450 -1.3324 -0.1450
v  -0.0143 -1.3288 -0.2196
v  -0.0181 -1.3376 -0.2151
v  -0.0203 -1.3420 -0.2051
v  -0.0244 -1.3461 -0.1437
v  0.0000 -1.3172 -0.1609
v  0.0109 -1.3150 -0.1611
v  0.0201 -1.3089 -0.1617
v  0.0263 -1.2997 -0.1626
v  0.0284 -1.2889 -0.1636
v  0.0263 -1.2781 -0.1646
v  0.0201 -1.2689 -0.1654
v  0.0109 -1.2627 -0.1660
v  0.0000 -1.2606 -0.1662
v  -0.0109 -1.2627 -0.1660
v  -0.0201 -1.2689 -0.1654
v  -0.0262 -1.2781 -0.1646
v  -0.0284 -1.2889 -0.1636
v  -0.0262 -1.2997 -0.1626
v  -0.0201 -1.3089 -0.1617
v  -0.0109 -1.3150 -0.1611
v  0.0000 -1.3127 -0.2212
v  0.0000 -1.3132 -0.2142
v  0.0000 -1.3196 -0.2205
v  0.0070 -1.3113 -0.2213
v  0.0097 -1.3177 -0.2207
v  0.0075 -1.3117 -0.2143
v  0.0130 -1.3073 -0.2217
v  0.0179 -1.3122 -0.2212
v  0.0138 -1.3075 -0.2147
v  0.0169 -1.3014 -0.2222
v  0.0234 -1.3041 -0.2220
v  0.0180 -1.3012 -0.2153
v  0.0183 -1.2944 -0.2229
v  0.0253 -1.2944 -0.2229
v  0.0195 -1.2938 -0.2160
v  0.0169 -1.2874 -0.2235
v  0.0234 -1.2847 -0.2238
v  0.0180 -1.2863 -0.2167
v  0.0130 -1.2815 -0.2241
v  0.0179 -1.2766 -0.2245
v  0.0138 -1.2800 -0.2173
v  0.0070 -1.2775 -0.2245
v  0.0097 -1.2711 -0.2250
v  0.0075 -1.2758 -0.2177
v  0.0000 -1.2762 -0.2246
v  0.0000 -1.2692 -0.2252
v  0.0000 -1.2744 -0.2178
v  -0.0070 -1.2775 -0.2245
v  -0.0097 -1.2711 -0.2250
v  -0.0075 -1.2758 -0.2177
v  -0.0130 -1.2815 -0.2241
v  -0.0179 -1.2766 -0.2245
v  -0.0138 -1.2800 -0.2173
v  -0.0169 -1.2874 -0.2235
v  -0.0234 -1.2847 -0.2238
v  -0.0180 -1.2863 -0.2167
v  -0.0183 -1.2944 -0.2229
v  -0.0253 -1.2944 -0.2229
v  -0.0195 -1.2938 -0.2160
v  -0.0169 -1.3014 -0.2222
v  -0.0234 -1.3041 -0.2220
v  -0.0180 -1.3012 -0.2153
v  -0.0130 -1.3073 -0.2217
v  -0.0179 -1.3122 -0.2212
v  -0.0138 -1.3075 -0.2147
v  -0.0070 -1.3113 -0.2213
v  -0.0097 -1.3177 -0.2207
v  -0.0075 -1.3117 -0.2143
v  -0.5416 -1.2165 -0.2194
v  -0.5455 -1.2252 -0.2148
v  -0.5475 -1.2296 -0.2048
v  -0.5495 -1.2341 -0.1432
v  -0.5274 -1.2197 -0.2196
v  -0.5275 -1.2293 -0.2151
v  -0.5273 -1.2342 -0.2051
v  -0.5253 -1.2396 -0.1437
v  -0.5130 -1.2173 -0.2204
v  -0.5093 -1.2262 -0.2161
v  -0.5069 -1.2307 -0.2062
v  -0.5008 -1.2355 -0.1450
v  -0.5007 -1.2095 -0.2215
v  -0.4938 -1.2164 -0.2175
v  -0.4894 -1.2198 -0.2078
v  -0.4798 -1.2223 -0.1469
v  -0.4924 -1.1977 -0.2228
v  -0.4831 -1.2014 -0.2192
v  -0.4775 -1.2029 -0.2097
v  -0.4655 -1.2021 -0.1491
v  -0.4892 -1.1835 -0.2242
v  -0.4791 -1.1835 -0.2208
v  -0.4730 -1.1828 -0.2116
v  -0.4601 -1.1780 -0.1514
v  -0.4917 -1.1692 -0.2253
v  -0.4823 -1.1654 -0.2223
v  -0.4765 -1.1625 -0.2132
v  -0.4643 -1.1536 -0.1533
v  -0.4994 -1.1569 -0.2260
v  -0.4921 -1.1498 -0.2232
v  -0.4876 -1.1451 -0.2142
v  -0.4776 -1.1326 -0.1546
v  -0.5114 -1.1485 -0.2263
v  -0.5072 -1.1392 -0.2236
v  -0.5045 -1.1331 -0.2146
v  -0.4979 -1.1183 -0.1550
v  -0.5256 -1.1453 -0.2260
v  -0.5252 -1.1351 -0.2232
v  -0.5247 -1.1286 -0.2142
v  -0.5221 -1.1128 -0.1546
v  -0.5399 -1.1477 -0.2253
v  -0.5433 -1.1382 -0.2223
v  -0.5451 -1.1320 -0.2132
v  -0.5466 -1.1170 -0.1533
v  -0.5522 -1.1555 -0.2242
v  -0.5589 -1.1480 -0.2208
v  -0.5625 -1.1430 -0.2116
v  -0.5676 -1.1301 -0.1514
v  -0.5606 -1.1673 -0.2228
v  -0.5695 -1.1629 -0.2192
v  -0.5744 -1.1598 -0.2097
v  -0.5818 -1.1503 -0.1491
v  -0.5638 -1.1815 -0.2215
v  -0.5736 -1.1809 -0.2175
v  -0.5790 -1.1799 -0.2078
v  -0.5873 -1.1745 -0.1469
v  -0.5613 -1.1958 -0.2204
v  -0.5704 -1.1990 -0.2161
v  -0.5754 -1.2002 -0.2062
v  -0.5830 -1.1989 -0.1450
v  -0.5535 -1.2081 -0.2196
v  -0.5606 -1.2146 -0.2151
v  -0.5644 -1.2177 -0.2051
v  -0.5698 -1.2198 -0.1437
v  -0.5357 -1.2033 -0.1609
v  -0.5249 -1.2058 -0.1611
v  -0.5140 -1.2039 -0.1617
v  -0.5047 -1.1980 -0.1626
v  -0.4983 -1.1890 -0.1636
v  -0.4958 -1.1782 -0.1646
v  -0.4977 -1.1673 -0.1654
v  -0.5037 -1.1580 -0.1660
v  -0.5127 -1.1516 -0.1662
v  -0.5235 -1.1492 -0.1660
v  -0.5345 -1.1510 -0.1654
v  -0.5438 -1.1569 -0.1646
v  -0.5502 -1.1659 -0.1636
v  -0.5526 -1.1767 -0.1626
v  -0.5507 -1.1876 -0.1617
v  -0.5448 -1.1969 -0.1611
v  -0.5339 -1.1992 -0.2212
v  -0.5341 -1.1996 -0.2142
v  -0.5367 -1.2055 -0.2205
v  -0.5269 -1.2007 -0.2213
v  -0.5271 -1.2077 -0.2207
v  -0.5267 -1.2013 -0.2143
v  -0.5199 -1.1996 -0.2217
v  -0.5174 -1.2061 -0.2212
v  -0.5192 -1.2001 -0.2147
v  -0.5139 -1.1958 -0.2222
v  -0.5090 -1.2008 -0.2220
v  -0.5128 -1.1960 -0.2153
v  -0.5097 -1.1899 -0.2229
v  -0.5033 -1.1928 -0.2229
v  -0.5084 -1.1898 -0.2160
v  -0.5082 -1.1830 -0.2235
v  -0.5012 -1.1832 -0.2238
v  -0.5067 -1.1825 -0.2167
v  -0.5094 -1.1760 -0.2241
v  -0.5029 -1.1735 -0.2245
v  -0.5080 -1.1750 -0.2173
v  -0.5132 -1.1699 -0.2245
v  -0.5081 -1.1652 -0.2250
v  -0.5121 -1.1686 -0.2177
v  -0.5191 -1.1658 -0.2246
v  -0.5162 -1.1595 -0.2252
v  -0.5183 -1.1642 -0.2178
v  -0.5260 -1.1642 -0.2245
v  -0.5259 -1.1573 -0.2250
v  -0.5257 -1.1625 -0.2177
v  -0.5331 -1.1654 -0.2241
v  -0.5356 -1.1589 -0.2245
v  -0.5332 -1.1638 -0.2173
v  -0.5391 -1.1692 -0.2235
v  -0.5439 -1.1642 -0.2238
v  -0.5397 -1.1678 -0.2167
v  -0.5432 -1.1750 -0.2229
v  -0.5496 -1.1722 -0.2229
v  -0.5440 -1.1740 -0.2160
v  -0.5448 -1.1820 -0.2222
v  -0.5518 -1.1818 -0.2220
v  -0.5457 -1.1814 -0.2153
v  -0.5436 -1.1890 -0.2217
v  -0.5501 -1.1915 -0.2212
v  -0.5444 -1.1888 -0.2147
v  -0.5397 -1.1950 -0.2213
v  -0.5448 -1.1998 -0.2207
v  -0.5403 -1.1953 -0.2143
v  -0.9896 -0.8910 -0.2194
v  -0.9967 -0.8974 -0.2148
v  -1.0003 -0.9006 -0.2048
v  -1.0039 -0.9039 -0.1432
v  -0.9779 -0.8997 -0.2196
v  -0.9819 -0.9084 -0.2151
v  -0.9837 -0.9130 -0.2051
v  -0.9840 -0.9188 -0.1437
v  -0.9638 -0.9033 -0.2204
v  -0.9640 -0.9130 -0.2161
v  -0.9637 -0.9182 -0.2062
v  -0.9600 -0.9250 -0.1450
v  -0.9494 -0.9013 -0.2215
v  -0.9458 -0.9104 -0.2175
v  -0.9432 -0.9152 -0.2078
v  -0.9355 -0.9215 -0.1469
v  -0.9369 -0.8939 -0.2228
v  -0.9300 -0.9010 -0.2192
v  -0.9255 -0.9047 -0.2097
v  -0.9142 -0.9088 -0.1491
v  -0.9283 -0.8822 -0.2242
v  -0.9191 -0.8863 -0.2208
v  -0.9132 -0.8882 -0.2116
v  -0.8994 -0.8890 -0.1514
v  -0.9247 -0.8682 -0.2253
v  -0.9146 -0.8685 -0.2223
v  -0.9082 -0.8682 -0.2132
v  -0.8934 -0.8650 -0.1533
v  -0.9268 -0.8538 -0.2260
v  -0.9172 -0.8502 -0.2232
v  -0.9112 -0.8477 -0.2142
v  -0.8970 -0.8405 -0.1546
v  -0.9343 -0.8412 -0.2263
v  -0.9267 -0.8344 -0.2236
v  -0.9218 -0.8300 -0.2146
v  -0.9097 -0.8191 -0.1550
v  -0.9460 -0.8325 -0.2260
v  -0.9415 -0.8233 -0.2232
v  -0.9383 -0.8176 -0.2142
v  -0.9296 -0.8042 -0.1546
v  -0.9601 -0.8289 -0.2253
v  -0.9593 -0.8188 -0.2223
v  -0.9584 -0.8125 -0.2132
v  -0.9536 -0.7981 -0.1533
v  -0.9744 -0.8310 -0.2242
v  -0.9775 -0.8214 -0.2208
v  -0.9788 -0.8154 -0.2116
v  -0.9782 -0.8016 -0.1514
v  -0.9869 -0.8384 -0.2228
v  -0.9933 -0.8308 -0.2192
v  -0.9965 -0.8259 -0.2097
v  -0.9994 -0.8142 -0.1491
v  -0.9956 -0.8500 -0.2215
v  -1.0043 -0.8455 -0.2175
v  -1.0088 -0.8424 -0.2078
v  -1.0142 -0.8341 -0.1469
v  -0.9991 -0.8641 -0.2204
v  -1.0088 -0.8633 -0.2161
v  -1.0139 -0.8624 -0.2062
v  -1.0203 -0.8581 -0.1450
v  -0.9970 -0.8785 -0.2196
v  -1.0061 -0.8816 -0.2151
v  -1.0108 -0.8829 -0.2051
v  -1.0166 -0.8826 -0.1437
v  -0.9788 -0.8814 -0.1609
v  -0.9700 -0.8880 -0.1611
v  -0.9592 -0.8907 -0.1617
v  -0.9483 -0.8892 -0.1626
v  -0.9388 -0.8835 -0.1636
v  -0.9322 -0.8747 -0.1646
v  -0.9295 -0.8640 -0.1654
v  -0.9311 -0.8530 -0.1660
v  -0.9368 -0.8435 -0.1662
v  -0.9457 -0.8369 -0.1660
v  -0.9564 -0.8341 -0.1654
v  -0.9673 -0.8357 -0.1646
v  -0.9768 -0.8413 -0.1636
v  -0.9834 -0.8502 -0.1626
v  -0.9861 -0.8609 -0.1617
v  -0.9845 -0.8718 -0.1611
v  -0.9755 -0.8783 -0.2212
v  -0.9759 -0.8787 -0.2142
v  -0.9807 -0.8830 -0.2205
v  -0.9698 -0.8826 -0.2213
v  -0.9728 -0.8889 -0.2207
v  -0.9698 -0.8832 -0.2143
v  -0.9628 -0.8844 -0.2217
v  -0.9632 -0.8914 -0.2212
v  -0.9624 -0.8851 -0.2147
v  -0.9558 -0.8834 -0.2222
v  -0.9534 -0.8900 -0.2220
v  -0.9549 -0.8841 -0.2153
v  -0.9497 -0.8797 -0.2229
v  -0.9450 -0.8849 -0.2229
v  -0.9484 -0.8802 -0.2160
v  -0.9454 -0.8740 -0.2235
v  -0.9391 -0.8771 -0.2238
v  -0.9439 -0.8741 -0.2167
v  -0.9437 -0.8671 -0.2241
v  -0.9367 -0.8675 -0.2245
v  -0.9420 -0.8668 -0.2173
v  -0.9447 -0.8601 -0.2245
v  -0.9381 -0.8577 -0.2250
v  -0.9431 -0.8592 -0.2177
v  -0.9484 -0.8539 -0.2246
v  -0.9432 -0.8492 -0.2252
v  -0.9470 -0.8527 -0.2178
v  -0.9541 -0.8496 -0.2245
v  -0.9511 -0.8433 -0.2250
v  -0.9531 -0.8482 -0.2177
v  -0.9610 -0.8479 -0.2241
v  -0.9607 -0.8409 -0.2245
v  -0.9605 -0.8463 -0.2173
v  -0.9681 -0.8489 -0.2235
v  -0.9704 -0.8423 -0.2238
v  -0.9680 -0.8473 -0.2167
v  -0.9742 -0.8525 -0.2229
v  -0.9789 -0.8473 -0.2229
v  -0.9745 -0.8512 -0.2160
v  -0.9784 -0.8582 -0.2222
v  -0.9848 -0.8552 -0.2220
v  -0.9790 -0.8573 -0.2153
v  -0.9802 -0.8651 -0.2217
v  -0.9872 -0.8647 -0.2212
v  -0.9809 -0.8646 -0.2147
v  -0.9791 -0.8722 -0.2213
v  -0.9857 -0.8745 -0.2207
v  -0.9798 -0.8722 -0.2143
v  -1.2664 -0.4115 -0.2194
v  -1.2755 -0.4144 -0.2148
v  -1.2801 -0.4159 -0.2048
v  -1.2848 -0.4175 -0.1432
v  -1.2593 -0.4242 -0.2196
v  -1.2665 -0.4305 -0.2151
v  -1.2700 -0.4340 -0.2051
v  -1.2727 -0.4391 -0.1437
v  -1.2479 -0.4332 -0.2204
v  -1.2521 -0.4420 -0.2161
v  -1.2538 -0.4468 -0.2062
v  -1.2532 -0.4545 -0.1450
v  -1.2339 -0.4372 -0.2215
v  -1.2344 -0.4470 -0.2175
v  -1.2340 -0.4525 -0.2078
v  -1.2294 -0.4613 -0.1469
v  -1.2195 -0.4355 -0.2228
v  -1.2161 -0.4449 -0.2192
v  -1.2135 -0.4500 -0.2097
v  -1.2048 -0.4584 -0.1491
v  -1.2068 -0.4284 -0.2242
v  -1.2001 -0.4359 -0.2208
v  -1.1955 -0.4400 -0.2116
v  -1.1833 -0.4463 -0.1514
v  -1.1979 -0.4170 -0.2253
v  -1.1887 -0.4214 -0.2223
v  -1.1828 -0.4237 -0.2132
v  -1.1680 -0.4268 -0.1533
v  -1.1940 -0.4030 -0.2260
v  -1.1838 -0.4037 -0.2232
v  -1.1772 -0.4038 -0.2142
v  -1.1613 -0.4029 -0.1546
v  -1.1957 -0.3885 -0.2263
v  -1.1859 -0.3853 -0.2236
v  -1.1797 -0.3833 -0.2146
v  -1.1642 -0.3783 -0.1550
v  -1.2028 -0.3758 -0.2260
v  -1.1949 -0.3692 -0.2232
v  -1.1898 -0.3652 -0.2142
v  -1.1764 -0.3566 -0.1546
v  -1.2142 -0.3668 -0.2253
v  -1.2094 -0.3578 -0.2223
v  -1.2060 -0.3524 -0.2132
v  -1.1958 -0.3412 -0.1533
v  -1.2282 -0.3628 -0.2242
v  -1.2271 -0.3528 -0.2208
v  -1.2258 -0.3468 -0.2116
v  -1.2196 -0.3344 -0.1514
v  -1.2426 -0.3645 -0.2228
v  -1.2453 -0.3549 -0.2192
v  -1.2463 -0.3492 -0.2097
v  -1.2442 -0.3373 -0.1491
v  -1.2552 -0.3716 -0.2215
v  -1.2614 -0.3639 -0.2175
v  -1.2642 -0.3593 -0.2078
v  -1.2658 -0.3494 -0.1469
v  -1.2642 -0.3830 -0.2204
v  -1.2727 -0.3784 -0.2161
v  -1.2770 -0.3755 -0.2062
v  -1.2811 -0.3689 -0.1450
v  -1.2681 -0.3970 -0.2196
v  -1.2777 -0.3961 -0.2151
v  -1.2825 -0.3954 -0.2051
v  -1.2877 -0.3928 -0.1437
v  -1.2527 -0.4070 -0.1609
v  -1.2473 -0.4167 -0.1611
v  -1.2386 -0.4236 -0.1617
v  -1.2280 -0.4266 -0.1626
v  -1.2170 -0.4253 -0.1636
v  -1.2074 -0.4199 -0.1646
v  -1.2006 -0.4112 -0.1654
v  -1.1976 -0.4006 -0.1660
v  -1.1989 -0.3895 -0.1662
v  -1.2043 -0.3799 -0.1660
v  -1.2130 -0.3730 -0.1654
v  -1.2236 -0.3700 -0.1646
v  -1.2346 -0.3713 -0.1636
v  -1.2442 -0.3767 -0.1626
v  -1.2510 -0.3854 -0.1617
v  -1.2540 -0.3960 -0.1611
v  -1.2484 -0.4056 -0.2212
v  -1.2489 -0.4058 -0.2142
v  -1.2550 -0.4078 -0.2205
v  -1.2449 -0.4119 -0.2213
v  -1.2502 -0.4164 -0.2207
v  -1.2452 -0.4124 -0.2143
v  -1.2393 -0.4163 -0.2217
v  -1.2425 -0.4225 -0.2212
v  -1.2392 -0.4171 -0.2147
v  -1.2325 -0.4183 -0.2222
v  -1.2330 -0.4252 -0.2220
v  -1.2319 -0.4192 -0.2153
v  -1.2254 -0.4174 -0.2229
v  -1.2232 -0.4241 -0.2229
v  -1.2244 -0.4183 -0.2160
v  -1.2192 -0.4139 -0.2235
v  -1.2146 -0.4193 -0.2238
v  -1.2178 -0.4146 -0.2167
v  -1.2148 -0.4083 -0.2241
v  -1.2086 -0.4115 -0.2245
v  -1.2131 -0.4087 -0.2173
v  -1.2128 -0.4015 -0.2245
v  -1.2059 -0.4020 -0.2250
v  -1.2111 -0.4013 -0.2177
v  -1.2137 -0.3944 -0.2246
v  -1.2071 -0.3922 -0.2252
v  -1.2120 -0.3938 -0.2178
v  -1.2172 -0.3881 -0.2245
v  -1.2119 -0.3836 -0.2250
v  -1.2157 -0.3872 -0.2177
v  -1.2228 -0.3837 -0.2241
v  -1.2196 -0.3774 -0.2245
v  -1.2216 -0.3824 -0.2173
v  -1.2296 -0.3817 -0.2235
v  -1.2291 -0.3748 -0.2238
v  -1.2289 -0.3804 -0.2167
v  -1.2367 -0.3826 -0.2229
v  -1.2389 -0.3759 -0.2229
v  -1.2365 -0.3813 -0.2160
v  -1.2429 -0.3860 -0.2222
v  -1.2475 -0.3807 -0.2220
v  -1.2431 -0.3850 -0.2153
v  -1.2473 -0.3917 -0.2217
v  -1.2535 -0.3885 -0.2212
v  -1.2478 -0.3909 -0.2147
v  -1.2493 -0.3985 -0.2213
v  -1.2562 -0.3980 -0.2207
v  -1.2498 -0.3982 -0.2143
v  -1.3243 0.1392 -0.2194
v  -1.3338 0.1402 -0.2148
v  -1.3386 0.1407 -0.2048
v  -1.3435 0.1412 -0.1432
v  -1.3230 0.1247 -0.2196
v  -1.3321 0.1218 -0.2151
v  -1.3367 0.1201 -0.2051
v  -1.3413 0.1165 -0.1437
v  -1.3162 0.1118 -0.2204
v  -1.3236 0.1055 -0.2161
v  -1.3271 0.1018 -0.2062
v  -1.3298 0.0945 -0.1450
v  -1.3051 0.1025 -0.2215
v  -1.3095 0.0937 -0.2175
v  -1.3113 0.0886 -0.2078
v  -1.3108 0.0786 -0.1469
v  -1.2912 0.0982 -0.2228
v  -1.2919 0.0882 -0.2192
v  -1.2916 0.0824 -0.2097
v  -1.2871 0.0713 -0.1491
v  -1.2768 0.0995 -0.2242
v  -1.2736 0.0899 -0.2208
v  -1.2711 0.0843 -0.2116
v  -1.2625 0.0736 -0.1514
v  -1.2639 0.1063 -0.2253
v  -1.2574 0.0985 -0.2223
v  -1.2529 0.0940 -0.2132
v  -1.2406 0.0851 -0.1533
v  -1.2546 0.1175 -0.2260
v  -1.2456 0.1127 -0.2232
v  -1.2397 0.1099 -0.2142
v  -1.2248 0.1042 -0.1546
v  -1.2503 0.1314 -0.2263
v  -1.2401 0.1303 -0.2236
v  -1.2336 0.1297 -0.2146
v  -1.2174 0.1280 -0.1550
v  -1.2516 0.1459 -0.2260
v  -1.2418 0.1487 -0.2232
v  -1.2355 0.1503 -0.2142
v  -1.2197 0.1527 -0.1546
v  -1.2584 0.1588 -0.2253
v  -1.2504 0.1650 -0.2223
v  -1.2450 0.1686 -0.2132
v  -1.2312 0.1747 -0.1533
v  -1.2695 0.1681 -0.2242
v  -1.2645 0.1768 -0.2208
v  -1.2609 0.1818 -0.2116
v  -1.2502 0.1905 -0.1514
v  -1.2834 0.1724 -0.2228
v  -1.2820 0.1823 -0.2192
v  -1.2805 0.1879 -0.2097
v  -1.2738 0.1979 -0.1491
v  -1.2979 0.1711 -0.2215
v  -1.3003 0.1806 -0.2175
v  -1.3011 0.1860 -0.2078
v  -1.2985 0.1956 -0.1469
v  -1.3107 0.1643 -0.2204
v  -1.3166 0.1720 -0.2161
v  -1.3193 0.1764 -0.2062
v  -1.3204 0.1840 -0.1450
v  -1.3200 0.1531 -0.2196
v  -1.3283 0.1578 -0.2151
v  -1.3325 0.1605 -0.2051
v  -1.3362 0.1649 -0.1437
v  -1.3100 0.1377 -0.1609
v  -1.3090 0.1266 -0.1611
v  -1.3038 0.1168 -0.1617
v  -1.2953 0.1097 -0.1626
v  -1.2848 0.1065 -0.1636
v  -1.2738 0.1075 -0.1646
v  -1.2640 0.1127 -0.1654
v  -1.2570 0.1212 -0.1660
v  -1.2537 0.1318 -0.1662
v  -1.2547 0.1428 -0.1660
v  -1.2598 0.1526 -0.1654
v  -1.2683 0.1597 -0.1646
v  -1.2789 0.1630 -0.1636
v  -1.2898 0.1620 -0.1626
v  -1.2996 0.1568 -0.1617
v  -1.3067 0.1483 -0.1611
v  -1.3055 0.1372 -0.2212
v  -1.3060 0.1373 -0.2142
v  -1.3124 0.1379 -0.2205
v  -1.3048 0.1301 -0.2213
v  -1.3115 0.1281 -0.2207
v  -1.3053 0.1297 -0.2143
v  -1.3015 0.1238 -0.2217
v  -1.3069 0.1194 -0.2212
v  -1.3018 0.1230 -0.2147
v  -1.2960 0.1192 -0.2222
v  -1.2994 0.1130 -0.2220
v  -1.2959 0.1181 -0.2153
v  -1.2892 0.1171 -0.2229
v  -1.2900 0.1101 -0.2229
v  -1.2887 0.1158 -0.2160
v  -1.2821 0.1177 -0.2235
v  -1.2802 0.1110 -0.2238
v  -1.2812 0.1165 -0.2167
v  -1.2758 0.1211 -0.2241
v  -1.2714 0.1156 -0.2245
v  -1.2745 0.1201 -0.2173
v  -1.2713 0.1266 -0.2245
v  -1.2652 0.1232 -0.2250
v  -1.2696 0.1259 -0.2177
v  -1.2692 0.1334 -0.2246
v  -1.2622 0.1327 -0.2252
v  -1.2674 0.1332 -0.2178
v  -1.2698 0.1405 -0.2245
v  -1.2631 0.1425 -0.2250
v  -1.2681 0.1408 -0.2177
v  -1.2731 0.1468 -0.2241
v  -1.2677 0.1512 -0.2245
v  -1.2716 0.1475 -0.2173
v  -1.2786 0.1514 -0.2235
v  -1.2753 0.1576 -0.2238
v  -1.2774 0.1524 -0.2167
v  -1.2854 0.1535 -0.2229
v  -1.2847 0.1605 -0.2229
v  -1.2846 0.1546 -0.2160
v  -1.2925 0.1529 -0.2222
v  -1.2945 0.1596 -0.2220
v  -1.2922 0.1539 -0.2153
v  -1.2988 0.1495 -0.2217
v  -1.3032 0.1550 -0.2212
v  -1.2989 0.1504 -0.2147
v  -1.3033 0.1440 -0.2213
v  -1.3095 0.1474 -0.2207
v  -1.3037 0.1445 -0.2143
v  -1.1532 0.6658 -0.2194
v  -1.1615 0.6706 -0.2148
v  -1.1657 0.6730 -0.2048
v  -1.1699 0.6755 -0.1432
v  -1.1579 0.6520 -0.2196
v  -1.1674 0.6531 -0.2151
v  -1.1723 0.6534 -0.2051
v  -1.1779 0.6520 -0.1437
v  -1.1570 0.6375 -0.2204
v  -1.1662 0.6347 -0.2161
v  -1.1710 0.6328 -0.2062
v  -1.1764 0.6272 -0.1450
v  -1.1506 0.6244 -0.2215
v  -1.1581 0.6182 -0.2175
v  -1.1619 0.6143 -0.2078
v  -1.1655 0.6050 -0.1469
v  -1.1397 0.6149 -0.2228
v  -1.1443 0.6061 -0.2192
v  -1.1464 0.6007 -0.2097
v  -1.1469 0.5886 -0.1491
v  -1.1259 0.6102 -0.2242
v  -1.1269 0.6002 -0.2208
v  -1.1269 0.5941 -0.2116
v  -1.1234 0.5807 -0.1514
v  -1.1114 0.6112 -0.2253
v  -1.1086 0.6014 -0.2223
v  -1.1063 0.5954 -0.2132
v  -1.0987 0.5824 -0.1533
v  -1.0984 0.6176 -0.2260
v  -1.0921 0.6096 -0.2232
v  -1.0878 0.6046 -0.2142
v  -1.0765 0.5934 -0.1546
v  -1.0888 0.6286 -0.2263
v  -1.0799 0.6235 -0.2236
v  -1.0742 0.6202 -0.2146
v  -1.0601 0.6121 -0.1550
v  -1.0841 0.6424 -0.2260
v  -1.0740 0.6409 -0.2232
v  -1.0675 0.6398 -0.2142
v  -1.0521 0.6356 -0.1546
v  -1.0850 0.6569 -0.2253
v  -1.0751 0.6593 -0.2223
v  -1.0688 0.6604 -0.2132
v  -1.0537 0.6603 -0.1533
v  -1.0914 0.6700 -0.2242
v  -1.0832 0.6759 -0.2208
v  -1.0779 0.6789 -0.2116
v  -1.0646 0.6826 -0.1514
v  -1.1023 0.6795 -0.2228
v  -1.0970 0.6880 -0.2192
v  -1.0934 0.6925 -0.2097
v  -1.0832 0.6989 -0.1491
v  -1.1161 0.6842 -0.2215
v  -1.1144 0.6939 -0.2175
v  -1.1129 0.6991 -0.2078
v  -1.1066 0.7068 -0.1469
v  -1.1305 0.6832 -0.2204
v  -1.1328 0.6926 -0.2161
v  -1.1335 0.6977 -0.2062
v  -1.1313 0.7052 -0.1450
v  -1.1436 0.6768 -0.2196
v  -1.1493 0.6844 -0.2151
v  -1.1520 0.6886 -0.2051
v  -1.1536 0.6941 -0.1437
v  -1.1407 0.6586 -0.1609
v  -1.1443 0.6481 -0.1611
v  -1.1436 0.6370 -0.1617
v  -1.1387 0.6271 -0.1626
v  -1.1304 0.6198 -0.1636
v  -1.1200 0.6163 -0.1646
v  -1.1089 0.6170 -0.1654
v  -1.0990 0.6220 -0.1660
v  -1.0917 0.6303 -0.1662
v  -1.0881 0.6408 -0.1660
v  -1.0888 0.6518 -0.1654
v  -1.0937 0.6618 -0.1646
v  -1.1020 0.6690 -0.1636
v  -1.1125 0.6726 -0.1626
v  -1.1235 0.6718 -0.1617
v  -1.1334 0.6669 -0.1611
v  -1.1368 0.6563 -0.2212
v  -1.1372 0.6566 -0.2142
v  -1.1428 0.6598 -0.2205
v  -1.1391 0.6496 -0.2213
v  -1.1460 0.6505 -0.2207
v  -1.1397 0.6494 -0.2143
v  -1.1386 0.6424 -0.2217
v  -1.1454 0.6406 -0.2212
v  -1.1392 0.6418 -0.2147
v  -1.1355 0.6360 -0.2222
v  -1.1410 0.6318 -0.2220
v  -1.1359 0.6350 -0.2153
v  -1.1301 0.6313 -0.2229
v  -1.1336 0.6253 -0.2229
v  -1.1302 0.6300 -0.2160
v  -1.1234 0.6290 -0.2235
v  -1.1243 0.6221 -0.2238
v  -1.1230 0.6276 -0.2167
v  -1.1163 0.6295 -0.2241
v  -1.1145 0.6228 -0.2245
v  -1.1154 0.6281 -0.2173
v  -1.1099 0.6327 -0.2245
v  -1.1057 0.6272 -0.2250
v  -1.1086 0.6315 -0.2177
v  -1.1052 0.6381 -0.2246
v  -1.0991 0.6346 -0.2252
v  -1.1036 0.6372 -0.2178
v  -1.1029 0.6448 -0.2245
v  -1.0960 0.6439 -0.2250
v  -1.1012 0.6444 -0.2177
v  -1.1033 0.6520 -0.2241
v  -1.0966 0.6538 -0.2245
v  -1.1017 0.6520 -0.2173
v  -1.1065 0.6584 -0.2235
v  -1.1009 0.6626 -0.2238
v  -1.1050 0.6588 -0.2167
v  -1.1118 0.6631 -0.2229
v  -1.1083 0.6691 -0.2229
v  -1.1107 0.6638 -0.2160
v  -1.1186 0.6654 -0.2222
v  -1.1176 0.6723 -0.2220
v  -1.1179 0.6662 -0.2153
v  -1.1257 0.6649 -0.2217
v  -1.1275 0.6716 -0.2212
v  -1.1254 0.6657 -0.2147
v  -1.1321 0.6617 -0.2213
v  -1.1363 0.6672 -0.2207
v  -1.1322 0.6623 -0.2143
v  -0.7827 1.0773 -0.2194
v  -0.7883 1.0850 -0.2148
v  -0.7911 1.0889 -0.2048
v  -0.7941 1.0929 -0.1432
v  -0.7926 1.0666 -0.2196
v  -0.8008 1.0715 -0.2151
v  -0.8052 1.0737 -0.2051
v  -0.8109 1.0747 -0.1437
v  -0.7976 1.0529 -0.2204
v  -0.8072 1.0542 -0.2161
v  -0.8124 1.0544 -0.2062
v  -0.8196 1.0514 -0.1450
v  -0.7971 1.0384 -0.2215
v  -0.8066 1.0358 -0.2175
v  -0.8116 1.0337 -0.2078
v  -0.8186 1.0267 -0.1469
v  -0.7910 1.0252 -0.2228
v  -0.7989 1.0191 -0.2192
v  -0.8030 1.0150 -0.2097
v  -0.8083 1.0042 -0.1491
v  -0.7804 1.0154 -0.2242
v  -0.7854 1.0067 -0.2208
v  -0.7879 1.0011 -0.2116
v  -0.7901 0.9874 -0.1514
v  -0.7667 1.0104 -0.2253
v  -0.7681 1.0003 -0.2223
v  -0.7685 0.9940 -0.2132
v  -0.7669 0.9789 -0.1533
v  -0.7522 1.0110 -0.2260
v  -0.7497 1.0011 -0.2232
v  -0.7479 0.9948 -0.2142
v  -0.7421 0.9799 -0.1546
v  -0.7390 1.0171 -0.2263
v  -0.7330 1.0088 -0.2236
v  -0.7291 1.0035 -0.2146
v  -0.7195 0.9904 -0.1550
v  -0.7291 1.0278 -0.2260
v  -0.7204 1.0224 -0.2232
v  -0.7150 1.0187 -0.2142
v  -0.7027 1.0086 -0.1546
v  -0.7240 1.0414 -0.2253
v  -0.7140 1.0396 -0.2223
v  -0.7078 1.0380 -0.2132
v  -0.6940 1.0318 -0.1533
v  -0.7246 1.0560 -0.2242
v  -0.7147 1.0580 -0.2208
v  -0.7086 1.0586 -0.2116
v  -0.6950 1.0566 -0.1514
v  -0.7306 1.0691 -0.2228
v  -0.7224 1.0747 -0.2192
v  -0.7172 1.0774 -0.2097
v  -0.7053 1.0791 -0.1491
v  -0.7413 1.0790 -0.2215
v  -0.7359 1.0872 -0.2175
v  -0.7323 1.0913 -0.2078
v  -0.7235 1.0958 -0.1469
v  -0.7549 1.0840 -0.2204
v  -0.7531 1.0935 -0.2161
v  -0.7517 1.0984 -0.2062
v  -0.7467 1.1044 -0.1450
v  -0.7695 1.0834 -0.2196
v  -0.7716 1.0927 -0.2151
v  -0.7724 1.0976 -0.2051
v  -0.7715 1.1033 -0.1437
v  -0.7742 1.0656 -0.1609
v  -0.7817 1.0575 -0.1611
v  -0.7856 1.0471 -0.1617
v  -0.7852 1.0361 -0.1626
v  -0.7806 1.0260 -0.1636
v  -0.7725 1.0185 -0.1646
v  -0.7621 1.0147 -0.1654
v  -0.7510 1.0152 -0.1660
v  -0.7410 1.0198 -0.1662
v  -0.7334 1.0280 -0.1660
v  -0.7296 1.0384 -0.1654
v  -0.7300 1.0494 -0.1646
v  -0.7346 1.0594 -0.1636
v  -0.7427 1.0669 -0.1626
v  -0.7531 1.0707 -0.1617
v  -0.7642 1.0703 -0.1611
v  -0.7716 1.0620 -0.2212
v  -0.7719 1.0624 -0.2142
v  -0.7757 1.0676 -0.2205
v  -0.7764 1.0567 -0.2213
v  -0.7824 1.0603 -0.2207
v  -0.7770 1.0568 -0.2143
v  -0.7789 1.0500 -0.2217
v  -0.7858 1.0511 -0.2212
v  -0.7797 1.0497 -0.2147
v  -0.7786 1.0429 -0.2222
v  -0.7854 1.0412 -0.2220
v  -0.7794 1.0421 -0.2153
v  -0.7757 1.0364 -0.2229
v  -0.7813 1.0323 -0.2229
v  -0.7762 1.0352 -0.2160
v  -0.7704 1.0316 -0.2235
v  -0.7741 1.0256 -0.2238
v  -0.7707 1.0301 -0.2167
v  -0.7637 1.0291 -0.2241
v  -0.7648 1.0222 -0.2245
v  -0.7635 1.0275 -0.2173
v  -0.7566 1.0294 -0.2245
v  -0.7550 1.0226 -0.2250
v  -0.7559 1.0278 -0.2177
v  -0.7501 1.0324 -0.2246
v  -0.7460 1.0268 -0.2252
v  -0.7490 1.0310 -0.2178
v  -0.7452 1.0377 -0.2245
v  -0.7393 1.0340 -0.2250
v  -0.7439 1.0366 -0.2177
v  -0.7428 1.0444 -0.2241
v  -0.7359 1.0433 -0.2245
v  -0.7412 1.0437 -0.2173
v  -0.7430 1.0515 -0.2235
v  -0.7362 1.0531 -0.2238
v  -0.7415 1.0513 -0.2167
v  -0.7460 1.0580 -0.2229
v  -0.7403 1.0621 -0.2229
v  -0.7447 1.0581 -0.2160
v  -0.7512 1.0628 -0.2222
v  -0.7476 1.0688 -0.2220
v  -0.7502 1.0633 -0.2153
v  -0.7579 1.0652 -0.2217
v  -0.7568 1.0721 -0.2212
v  -0.7574 1.0659 -0.2147
v  -0.7651 1.0650 -0.2213
v  -0.7667 1.0717 -0.2207
v  -0.7650 1.0656 -0.2143
v  -0.2769 1.3025 -0.2194
v  -0.2788 1.3118 -0.2148
v  -0.2798 1.3166 -0.2048
v  -0.2809 1.3214 -0.1432
v  -0.2902 1.2967 -0.2196
v  -0.2958 1.3046 -0.2151
v  -0.2989 1.3084 -0.2051
v  -0.3037 1.3116 -0.1437
v  -0.3004 1.2863 -0.2204
v  -0.3087 1.2914 -0.2161
v  -0.3133 1.2936 -0.2062
v  -0.3210 1.2939 -0.1450
v  -0.3058 1.2729 -0.2215
v  -0.3155 1.2743 -0.2175
v  -0.3210 1.2745 -0.2078
v  -0.3303 1.2709 -0.1469
v  -0.3057 1.2583 -0.2228
v  -0.3153 1.2559 -0.2192
v  -0.3207 1.2539 -0.2097
v  -0.3300 1.2462 -0.1491
v  -0.2999 1.2450 -0.2242
v  -0.3080 1.2391 -0.2208
v  -0.3126 1.2350 -0.2116
v  -0.3202 1.2234 -0.1514
v  -0.2895 1.2349 -0.2253
v  -0.2948 1.2263 -0.2223
v  -0.2978 1.2206 -0.2132
v  -0.3024 1.2062 -0.1533
v  -0.2760 1.2295 -0.2260
v  -0.2777 1.2195 -0.2232
v  -0.2786 1.2130 -0.2142
v  -0.2793 1.1971 -0.1546
v  -0.2614 1.2297 -0.2263
v  -0.2593 1.2197 -0.2236
v  -0.2579 1.2133 -0.2146
v  -0.2545 1.1974 -0.1550
v  -0.2480 1.2355 -0.2260
v  -0.2423 1.2270 -0.2232
v  -0.2389 1.2214 -0.2142
v  -0.2317 1.2072 -0.1546
v  -0.2378 1.2459 -0.2253
v  -0.2294 1.2402 -0.2223
v  -0.2244 1.2362 -0.2132
v  -0.2143 1.2249 -0.1533
v  -0.2324 1.2594 -0.2242
v  -0.2226 1.2572 -0.2208
v  -0.2167 1.2553 -0.2116
v  -0.2051 1.2479 -0.1514
v  -0.2326 1.2739 -0.2228
v  -0.2228 1.2756 -0.2192
v  -0.2170 1.2759 -0.2097
v  -0.2054 1.2726 -0.1491
v  -0.2383 1.2872 -0.2215
v  -0.2301 1.2925 -0.2175
v  -0.2251 1.2949 -0.2078
v  -0.2152 1.2954 -0.1469
v  -0.2488 1.2973 -0.2204
v  -0.2433 1.3053 -0.2161
v  -0.2400 1.3092 -0.2062
v  -0.2330 1.3126 -0.1450
v  -0.2623 1.3027 -0.2196
v  -0.2604 1.3121 -0.2151
v  -0.2592 1.3169 -0.2051
v  -0.2560 1.3217 -0.1437
v  -0.2739 1.2884 -0.1609
v  -0.2840 1.2840 -0.1611
v  -0.2918 1.2761 -0.1617
v  -0.2959 1.2658 -0.1626
v  -0.2958 1.2548 -0.1636
v  -0.2914 1.2447 -0.1646
v  -0.2835 1.2370 -0.1654
v  -0.2732 1.2329 -0.1660
v  -0.2621 1.2330 -0.1662
v  -0.2519 1.2374 -0.1660
v  -0.2442 1.2453 -0.1654
v  -0.2400 1.2556 -0.1646
v  -0.2402 1.2666 -0.1636
v  -0.2445 1.2768 -0.1626
v  -0.2525 1.2845 -0.1617
v  -0.2628 1.2885 -0.1611
v  -0.2729 1.2840 -0.2212
v  -0.2730 1.2845 -0.2142
v  -0.2744 1.2908 -0.2205
v  -0.2795 1.2811 -0.2213
v  -0.2834 1.2869 -0.2207
v  -0.2800 1.2815 -0.2143
v  -0.2845 1.2760 -0.2217
v  -0.2903 1.2798 -0.2212
v  -0.2853 1.2761 -0.2147
v  -0.2871 1.2694 -0.2222
v  -0.2940 1.2707 -0.2220
v  -0.2882 1.2690 -0.2153
v  -0.2870 1.2623 -0.2229
v  -0.2939 1.2608 -0.2229
v  -0.2881 1.2614 -0.2160
v  -0.2842 1.2558 -0.2235
v  -0.2900 1.2518 -0.2238
v  -0.2851 1.2545 -0.2167
v  -0.2791 1.2508 -0.2241
v  -0.2829 1.2449 -0.2245
v  -0.2796 1.2492 -0.2173
v  -0.2725 1.2482 -0.2245
v  -0.2738 1.2413 -0.2250
v  -0.2726 1.2464 -0.2177
v  -0.2653 1.2483 -0.2246
v  -0.2639 1.2414 -0.2252
v  -0.2650 1.2465 -0.2178
v  -0.2588 1.2511 -0.2245
v  -0.2548 1.2453 -0.2250
v  -0.2580 1.2495 -0.2177
v  -0.2538 1.2562 -0.2241
v  -0.2479 1.2524 -0.2245
v  -0.2527 1.2549 -0.2173
v  -0.2511 1.2628 -0.2235
v  -0.2442 1.2615 -0.2238
v  -0.2498 1.2620 -0.2167
v  -0.2512 1.2699 -0.2229
v  -0.2443 1.2714 -0.2229
v  -0.2499 1.2695 -0.2160
v  -0.2540 1.2765 -0.2222
v  -0.2482 1.2804 -0.2220
v  -0.2529 1.2765 -0.2153
v  -0.2591 1.2814 -0.2217
v  -0.2553 1.2873 -0.2212
v  -0.2584 1.2818 -0.2147
v  -0.2658 1.2841 -0.2213
v  -0.2645 1.2909 -0.2207
v  -0.2654 1.2846 -0.2143
v  0.2769 1.3025 -0.2194
v  0.2788 1.3118 -0.2148
v  0.2798 1.3166 -0.2048
v  0.2809 1.3214 -0.1432
v  0.2623 1.3027 -0.2196
v  0.2604 1.3121 -0.2151
v  0.2592 1.3169 -0.2051
v  0.2560 1.3217 -0.1437
v  0.2488 1.2973 -0.2204
v  0.2433 1.3053 -0.2161
v  0.2399 1.3092 -0.2062
v  0.2330 1.3126 -0.1450
v  0.2383 1.2872 -0.2215
v  0.2301 1.2925 -0.2175
v  0.2251 1.2949 -0.2078
v  0.2152 1.2954 -0.1469
v  0.2326 1.2739 -0.2228
v  0.2228 1.2756 -0.2192
v  0.2170 1.2759 -0.2097
v  0.2054 1.2726 -0.1491
v  0.2324 1.2594 -0.2242
v  0.2226 1.2572 -0.2208
v  0.2167 1.2553 -0.2116
v  0.2051 1.2479 -0.1514
v  0.2378 1.2459 -0.2253
v  0.2294 1.2402 -0.2223
v  0.2244 1.2362 -0.2132
v  0.2143 1.2249 -0.1533
v  0.2480 1.2355 -0.2260
v  0.2423 1.2270 -0.2232
v  0.2389 1.2214 -0.2142
v  0.2317 1.2072 -0.1546
v  0.2614 1.2297 -0.2263
v  0.2593 1.2197 -0.2236
v  0.2579 1.2133 -0.2146
v  0.2545 1.1974 -0.1550
v  0.2760 1.2295 -0.2260
v  0.2777 1.2195 -0.2232
v  0.2786 1.2130 -0.2142
v  0.2793 1.1971 -0.1546
v  0.2895 1.2349 -0.2253
v  0.2948 1.2263 -0.2223
v  0.2978 1.2206 -0.2132
v  0.3024 1.2062 -0.1533
v  0.2999 1.2450 -0.2242
v  0.3080 1.2391 -0.2208
v  0.3126 1.2350 -0.2116
v  0.3202 1.2234 -0.1514
v  0.3056 1.2583 -0.2228
v  0.3153 1.2559 -0.2192
v  0.3207 1.2539 -0.2097
v  0.3300 1.2462 -0.1491
v  0.3058 1.2729 -0.2215
v  0.3155 1.2743 -0.2175
v  0.3210 1.2745 -0.2078
v  0.3303 1.2709 -0.1469
v  0.3004 1.2863 -0.2204
v  0.3087 1.2914 -0.2161
v  0.3133 1.2936 -0.2062
v  0.3210 1.2939 -0.1450
v  0.2902 1.2967 -0.2196
v  0.2958 1.3046 -0.2151
v  0.2989 1.3084 -0.2051
v  0.3037 1.3116 -0.1437
v  0.2739 1.2884 -0.1609
v  0.2628 1.2885 -0.1611
v  0.2525 1.2845 -0.1617
v  0.2445 1.2768 -0.1626
v  0.2402 1.2666 -0.1636
v  0.2400 1.2556 -0.1646
v  0.2442 1.2453 -0.1654
v  0.2519 1.2374 -0.1660
v  0.2621 1.2330 -0.1662
v  0.2732 1.2329 -0.1660
v  0.2835 1.2370 -0.1654
v  0.2914 1.2447 -0.1646
v  0.2958 1.2548 -0.1636
v  0.2959 1.2658 -0.1626
v  0.2918 1.2761 -0.1617
v  0.2840 1.2840 -0.1611
v  0.2729 1.2840 -0.2212
v  0.2730 1.2845 -0.2142
v  0.2744 1.2908 -0.2205
v  0.2658 1.2841 -0.2213
v  0.2645 1.2909 -0.2207
v  0.2654 1.2846 -0.2143
v  0.2591 1.2814 -0.2217
v  0.2553 1.2873 -0.2212
v  0.2584 1.2818 -0.2147
v  0.2540 1.2765 -0.2222
v  0.2482 1.2804 -0.2220
v  0.2529 1.2765 -0.2153
v  0.2512 1.2699 -0.2229
v  0.2443 1.2714 -0.2229
v  0.2499 1.2695 -0.2160
v  0.2511 1.2628 -0.2235
v  0.2442 1.2615 -0.2238
v  0.2498 1.2620 -0.2167
v  0.2538 1.2562 -0.2241
v  0.2479 1.2524 -0.2245
v  0.2526 1.2549 -0.2173
v  0.2588 1.2511 -0.2245
v  0.2548 1.2453 -0.2250
v  0.2580 1.2495 -0.2177
v  0.2653 1.2483 -0.2246
v  0.2639 1.2414 -0.2252
v  0.2650 1.2465 -0.2178
v  0.2725 1.2482 -0.2245
v  0.2738 1.2413 -0.2250
v  0.2726 1.2464 -0.2177
v  0.2791 1.2508 -0.2241
v  0.2829 1.2449 -0.2245
v  0.2796 1.2492 -0.2173
v  0.2842 1.2558 -0.2235
v  0.2900 1.2518 -0.2238
v  0.2851 1.2545 -0.2167
v  0.2870 1.2623 -0.2229
v  0.2939 1.2608 -0.2229
v  0.2881 1.2614 -0.2160
v  0.2871 1.2694 -0.2222
v  0.2940 1.2707 -0.2220
v  0.2881 1.2690 -0.2153
v  0.2845 1.2760 -0.2217
v  0.2903 1.2798 -0.2212
v  0.2853 1.2761 -0.2147
v  0.2795 1.2811 -0.2213
v  0.2834 1.2869 -0.2207
v  0.2800 1.2815 -0.2143
v  0.7827 1.0773 -0.2194
v  0.7883 1.0850 -0.2148
v  0.7911 1.0889 -0.2048
v  0.7941 1.0929 -0.1432
v  0.7695 1.0834 -0.2196
v  0.7716 1.0927 -0.2151
v  0.7724 1.0976 -0.2051
v  0.7715 1.1033 -0.1437
v  0.7549 1.0840 -0.2204
v  0.7531 1.0935 -0.2161
v  0.7517 1.0984 -0.2062
v  0.7467 1.1044 -0.1450
v  0.7413 1.0790 -0.2215
v  0.7359 1.0872 -0.2175
v  0.7323 1.0913 -0.2078
v  0.7235 1.0958 -0.1469
v  0.7306 1.0691 -0.2228
v  0.7224 1.0747 -0.2192
v  0.7172 1.0774 -0.2097
v  0.7053 1.0791 -0.1491
v  0.7245 1.0560 -0.2242
v  0.7147 1.0580 -0.2208
v  0.7086 1.0587 -0.2116
v  0.6950 1.0566 -0.1514
v  0.7240 1.0414 -0.2253
v  0.7140 1.0396 -0.2223
v  0.7078 1.0380 -0.2132
v  0.6940 1.0318 -0.1533
v  0.7291 1.0278 -0.2260
v  0.7204 1.0224 -0.2232
v  0.7150 1.0187 -0.2142
v  0.7027 1.0086 -0.1546
v  0.7390 1.0171 -0.2263
v  0.7330 1.0088 -0.2236
v  0.7291 1.0035 -0.2146
v  0.7195 0.9904 -0.1550
v  0.7522 1.0110 -0.2260
v  0.7497 1.0011 -0.2232
v  0.7479 0.9948 -0.2142
v  0.7421 0.9799 -0.1546
v  0.7667 1.0104 -0.2253
v  0.7681 1.0003 -0.2223
v  0.7685 0.9940 -0.2132
v  0.7669 0.9789 -0.1533
v  0.7804 1.0154 -0.2242
v  0.7854 1.0067 -0.2208
v  0.7879 1.0011 -0.2116
v  0.7901 0.9874 -0.1514
v  0.7910 1.0252 -0.2228
v  0.7989 1.0191 -0.2192
v  0.8030 1.0150 -0.2097
v  0.8083 1.0042 -0.1491
v  0.7971 1.0384 -0.2215
v  0.8066 1.0358 -0.2175
v  0.8116 1.0337 -0.2078
v  0.8186 1.0267 -0.1469
v  0.7976 1.0529 -0.2204
v  0.8072 1.0542 -0.2161
v  0.8124 1.0544 -0.2062
v  0.8196 1.0514 -0.1450
v  0.7926 1.0666 -0.2196
v  0.8008 1.0715 -0.2151
v  0.8052 1.0737 -0.2051
v  0.8109 1.0747 -0.1437
v  0.7742 1.0656 -0.1609
v  0.7642 1.0703 -0.1611
v  0.7531 1.0707 -0.1617
v  0.7427 1.0669 -0.1626
v  0.7346 1.0594 -0.1636
v  0.7300 1.0494 -0.1646
v  0.7296 1.0384 -0.1654
v  0.7334 1.0280 -0.1660
v  0.7410 1.0198 -0.1662
v  0.7510 1.0152 -0.1660
v  0.7621 1.0147 -0.1654
v  0.7725 1.0185 -0.1646
v  0.7806 1.0260 -0.1636
v  0.7852 1.0361 -0.1626
v  0.7856 1.0471 -0.1617
v  0.7817 1.0575 -0.1611
v  0.7716 1.0620 -0.2212
v  0.7719 1.0624 -0.2142
v  0.7757 1.0676 -0.2205
v  0.7651 1.0650 -0.2213
v  0.7667 1.0717 -0.2207
v  0.7650 1.0656 -0.2143
v  0.7579 1.0652 -0.2217
v  0.7568 1.0721 -0.2212
v  0.7574 1.0659 -0.2147
v  0.7512 1.0628 -0.2222
v  0.7476 1.0688 -0.2220
v  0.7502 1.0633 -0.2153
v  0.7460 1.0580 -0.2229
v  0.7403 1.0621 -0.2229
v  0.7447 1.0581 -0.2160
v  0.7430 1.0515 -0.2235
v  0.7362 1.0531 -0.2238
v  0.7415 1.0513 -0.2167
v  0.7428 1.0444 -0.2241
v  0.7359 1.0433 -0.2245
v  0.7412 1.0437 -0.2173
v  0.7452 1.0377 -0.2245
v  0.7393 1.0340 -0.2250
v  0.7439 1.0366 -0.2177
v  0.7501 1.0324 -0.2246
v  0.7460 1.0268 -0.2252
v  0.7490 1.0310 -0.2178
v  0.7566 1.0294 -0.2245
v  0.7550 1.0226 -0.2250
v  0.7559 1.0278 -0.2177
v  0.7637 1.0291 -0.2241
v  0.7648 1.0222 -0.2245
v  0.7635 1.0275 -0.2173
v  0.7704 1.0316 -0.2235
v  0.7741 1.0256 -0.2238
v  0.7707 1.0301 -0.2167
v  0.7757 1.0364 -0.2229
v  0.7813 1.0323 -0.2229
v  0.7762 1.0352 -0.2160
v  0.7786 1.0429 -0.2222
v  0.7854 1.0412 -0.2220
v  0.7794 1.0421 -0.2153
v  0.7789 1.0500 -0.2217
v  0.7858 1.0511 -0.2212
v  0.7797 1.0497 -0.2147
v  0.7764 1.0567 -0.2213
v  0.7824 1.0603 -0.2207
v  0.7770 1.0568 -0.2143
v  1.1532 0.6658 -0.2194
v  1.1615 0.6706 -0.2148
v  1.1656 0.6730 -0.2048
v  1.1699 0.6755 -0.1432
v  1.1436 0.6768 -0.2196
v  1.1493 0.6844 -0.2151
v  1.1520 0.6886 -0.2051
v  1.1536 0.6941 -0.1437
v  1.1305 0.6832 -0.2204
v  1.1328 0.6926 -0.2161
v  1.1335 0.6977 -0.2062
v  1.1313 0.7052 -0.1450
v  1.1161 0.6842 -0.2215
v  1.1144 0.6939 -0.2175
v  1.1129 0.6991 -0.2078
v  1.1066 0.7068 -0.1469
v  1.1023 0.6795 -0.2228
v  1.0970 0.6880 -0.2192
v  1.0934 0.6925 -0.2097
v  1.0832 0.6989 -0.1491
v  1.0914 0.6700 -0.2242
v  1.0832 0.6759 -0.2208
v  1.0779 0.6789 -0.2116
v  1.0646 0.6826 -0.1514
v  1.0850 0.6569 -0.2253
v  1.0751 0.6593 -0.2223
v  1.0688 0.6604 -0.2132
v  1.0537 0.6603 -0.1533
v  1.0841 0.6424 -0.2260
v  1.0740 0.6410 -0.2232
v  1.0675 0.6398 -0.2142
v  1.0521 0.6356 -0.1546
v  1.0888 0.6286 -0.2263
v  1.0799 0.6235 -0.2236
v  1.0742 0.6202 -0.2146
v  1.0601 0.6121 -0.1550
v  1.0984 0.6176 -0.2260
v  1.0921 0.6096 -0.2232
v  1.0878 0.6046 -0.2142
v  1.0765 0.5934 -0.1546
v  1.1114 0.6112 -0.2253
v  1.1086 0.6014 -0.2223
v  1.1063 0.5954 -0.2132
v  1.0987 0.5824 -0.1533
v  1.1259 0.6102 -0.2242
v  1.1269 0.6002 -0.2208
v  1.1269 0.5941 -0.2116
v  1.1234 0.5807 -0.1514
v  1.1397 0.6149 -0.2228
v  1.1443 0.6061 -0.2192
v  1.1464 0.6007 -0.2097
v  1.1469 0.5886 -0.1491
v  1.1506 0.6244 -0.2215
v  1.1581 0.6182 -0.2175
v  1.1619 0.6143 -0.2078
v  1.1655 0.6050 -0.1469
v  1.1570 0.6375 -0.2204
v  1.1662 0.6347 -0.2161
v  1.1710 0.6328 -0.2062
v  1.1764 0.6272 -0.1450
v  1.1579 0.6520 -0.2196
v  1.1674 0.6531 -0.2151
v  1.1723 0.6534 -0.2051
v  1.1779 0.6520 -0.1437
v  1.1407 0.6586 -0.1609
v  1.1334 0.6669 -0.1611
v  1.1235 0.6718 -0.1617
v  1.1125 0.6726 -0.1626
v  1.1020 0.6690 -0.1636
v  1.0937 0.6618 -0.1646
v  1.0888 0.6518 -0.1654
v  1.0881 0.6408 -0.1660
v  1.0917 0.6303 -0.1662
v  1.0990 0.6220 -0.1660
v  1.1089 0.6170 -0.1654
v  1.1200 0.6163 -0.1646
v  1.1304 0.6198 -0.1636
v  1.1387 0.6271 -0.1626
v  1.1436 0.6370 -0.1617
v  1.1443 0.6481 -0.1611
v  1.1368 0.6563 -0.2212
v  1.1372 0.6566 -0.2142
v  1.1428 0.6598 -0.2205
v  1.1321 0.6617 -0.2213
v  1.1363 0.6672 -0.2207
v  1.1322 0.6623 -0.2143
v  1.1257 0.6649 -0.2217
v  1.1275 0.6716 -0.2212
v  1.1254 0.6657 -0.2147
v  1.1186 0.6654 -0.2222
v  1.1176 0.6723 -0.2220
v  1.1179 0.6662 -0.2153
v  1.1118 0.6631 -0.2229
v  1.1083 0.6691 -0.2229
v  1.1107 0.6638 -0.2160
v  1.1065 0.6584 -0.2235
v  1.1009 0.6626 -0.2238
v  1.1050 0.6588 -0.2167
v  1.1033 0.6520 -0.2241
v  1.0966 0.6538 -0.2245
v  1.1017 0.6520 -0.2173
v  1.1029 0.6448 -0.2245
v  1.0960 0.6439 -0.2250
v  1.1012 0.6444 -0.2177
v  1.1052 0.6381 -0.2246
v  1.0991 0.6346 -0.2252
v  1.1036 0.6372 -0.2178
v  1.1099 0.6327 -0.2245
v  1.1057 0.6272 -0.2250
v  1.1086 0.6315 -0.2177
v  1.1163 0.6295 -0.2241
v  1.1145 0.6228 -0.2245
v  1.1154 0.6281 -0.2173
v  1.1234 0.6290 -0.2235
v  1.1243 0.6221 -0.2238
v  1.1230 0.6276 -0.2167
v  1.1301 0.6313 -0.2229
v  1.1336 0.6253 -0.2229
v  1.1302 0.6300 -0.2160
v  1.1355 0.6360 -0.2222
v  1.1410 0.6318 -0.2220
v  1.1359 0.6350 -0.2153
v  1.1386 0.6424 -0.2217
v  1.1454 0.6406 -0.2212
v  1.1392 0.6418 -0.2147
v  1.1391 0.6496 -0.2213
v  1.1460 0.6505 -0.2207
v  1.1397 0.6494 -0.2143
v  1.3243 0.1392 -0.2194
v  1.3338 0.1402 -0.2148
v  1.3386 0.1407 -0.2048
v  1.3435 0.1412 -0.1432
v  1.3200 0.1531 -0.2196
v  1.3283 0.1578 -0.2151
v  1.3325 0.1605 -0.2051
v  1.3362 0.1649 -0.1437
v  1.3107 0.1643 -0.2204
v  1.3166 0.1720 -0.2161
v  1.3193 0.1764 -0.2062
v  1.3204 0.1840 -0.1450
v  1.2979 0.1711 -0.2215
v  1.3003 0.1806 -0.2175
v  1.3011 0.1860 -0.2078
v  1.2985 0.1956 -0.1469
v  1.2834 0.1724 -0.2228
v  1.2820 0.1823 -0.2192
v  1.2805 0.1879 -0.2097
v  1.2738 0.1979 -0.1491
v  1.2695 0.1681 -0.2242
v  1.2645 0.1768 -0.2208
v  1.2609 0.1818 -0.2116
v  1.2502 0.1905 -0.1514
v  1.2584 0.1588 -0.2253
v  1.2504 0.1650 -0.2223
v  1.2450 0.1686 -0.2132
v  1.2312 0.1747 -0.1533
v  1.2516 0.1459 -0.2260
v  1.2418 0.1487 -0.2232
v  1.2355 0.1503 -0.2142
v  1.2197 0.1527 -0.1546
v  1.2503 0.1314 -0.2263
v  1.2401 0.1303 -0.2236
v  1.2336 0.1297 -0.2146
v  1.2174 0.1280 -0.1550
v  1.2546 0.1175 -0.2260
v  1.2456 0.1127 -0.2232
v  1.2397 0.1099 -0.2142
v  1.2248 0.1042 -0.1546
v  1.2639 0.1063 -0.2253
v  1.2574 0.0985 -0.2223
v  1.2529 0.0940 -0.2132
v  1.2406 0.0851 -0.1533
v  1.2768 0.0995 -0.2242
v  1.2736 0.0899 -0.2208
v  1.2711 0.0843 -0.2116
v  1.2625 0.0736 -0.1514
v  1.2912 0.0982 -0.2228
v  1.2919 0.0882 -0.2192
v  1.2916 0.0824 -0.2097
v  1.2871 0.0713 -0.1491
v  1.3051 0.1025 -0.2215
v  1.3095 0.0937 -0.2175
v  1.3113 0.0886 -0.2078
v  1.3108 0.0786 -0.1469
v  1.3162 0.1118 -0.2204
v  1.3236 0.1055 -0.2161
v  1.3271 0.1018 -0.2062
v  1.3298 0.0945 -0.1450
v  1.3230 0.1247 -0.2196
v  1.3321 0.1218 -0.2151
v  1.3367 0.1201 -0.2051
v  1.3413 0.1165 -0.1437
v  1.3100 0.1377 -0.1609
v  1.3067 0.1483 -0.1611
v  1.2996 0.1568 -0.1617
v  1.2898 0.1620 -0.1626
v  1.2788 0.1630 -0.1636
v  1.2683 0.1597 -0.1646
v  1.2598 0.1526 -0.1654
v  1.2547 0.1428 -0.1660
v  1.2537 0.1318 -0.1662
v  1.2570 0.1212 -0.1660
v  1.2640 0.1127 -0.1654
v  1.2738 0.1075 -0.1646
v  1.2848 0.1065 -0.1636
v  1.2953 0.1098 -0.1626
v  1.3038 0.1168 -0.1617
v  1.3090 0.1266 -0.1611
v  1.3055 0.1372 -0.2212
v  1.3060 0.1373 -0.2142
v  1.3124 0.1379 -0.2205
v  1.3033 0.1440 -0.2213
v  1.3095 0.1474 -0.2207
v  1.3037 0.1445 -0.2143
v  1.2988 0.1495 -0.2217
v  1.3032 0.1550 -0.2212
v  1.2989 0.1504 -0.2147
v  1.2925 0.1529 -0.2222
v  1.2945 0.1596 -0.2220
v  1.2922 0.1539 -0.2153
v  1.2854 0.1535 -0.2229
v  1.2847 0.1605 -0.2229
v  1.2846 0.1546 -0.2160
v  1.2786 0.1514 -0.2235
v  1.2753 0.1576 -0.2238
v  1.2774 0.1524 -0.2167
v  1.2731 0.1468 -0.2241
v  1.2677 0.1512 -0.2245
v  1.2716 0.1475 -0.2173
v  1.2698 0.1405 -0.2245
v  1.2631 0.1425 -0.2250
v  1.2681 0.1408 -0.2177
v  1.2692 0.1334 -0.2246
v  1.2622 0.1327 -0.2252
v  1.2674 0.1332 -0.2178
v  1.2713 0.1266 -0.2245
v  1.2652 0.1232 -0.2250
v  1.2696 0.1259 -0.2177
v  1.2758 0.1211 -0.2241
v  1.2714 0.1156 -0.2245
v  1.2745 0.1201 -0.2173
v  1.2821 0.1177 -0.2235
v  1.2802 0.1110 -0.2238
v  1.2812 0.1165 -0.2167
v  1.2892 0.1171 -0.2229
v  1.2900 0.1101 -0.2229
v  1.2887 0.1158 -0.2160
v  1.2960 0.1192 -0.2222
v  1.2994 0.1130 -0.2220
v  1.2959 0.1181 -0.2153
v  1.3015 0.1238 -0.2217
v  1.3069 0.1194 -0.2212
v  1.3018 0.1230 -0.2147
v  1.3048 0.1301 -0.2213
v  1.3115 0.1281 -0.2207
v  1.3053 0.1297 -0.2143
v  1.2664 -0.4115 -0.2194
v  1.2755 -0.4144 -0.2148
v  1.2801 -0.4159 -0.2048
v  1.2848 -0.4175 -0.1432
v  1.2681 -0.3970 -0.2196
v  1.2777 -0.3961 -0.2151
v  1.2825 -0.3954 -0.2051
v  1.2877 -0.3928 -0.1437
v  1.2642 -0.3830 -0.2204
v  1.2727 -0.3784 -0.2161
v  1.2770 -0.3755 -0.2062
v  1.2811 -0.3689 -0.1450
v  1.2552 -0.3716 -0.2215
v  1.2614 -0.3639 -0.2175
v  1.2642 -0.3593 -0.2078
v  1.2658 -0.3494 -0.1469
v  1.2426 -0.3645 -0.2228
v  1.2453 -0.3549 -0.2192
v  1.2463 -0.3492 -0.2097
v  1.2442 -0.3373 -0.1491
v  1.2282 -0.3628 -0.2242
v  1.2271 -0.3528 -0.2208
v  1.2258 -0.3468 -0.2116
v  1.2196 -0.3344 -0.1514
v  1.2142 -0.3668 -0.2253
v  1.2094 -0.3578 -0.2223
v  1.2060 -0.3524 -0.2132
v  1.1958 -0.3412 -0.1533
v  1.2028 -0.3758 -0.2260
v  1.1949 -0.3692 -0.2232
v  1.1898 -0.3652 -0.2142
v  1.1764 -0.3566 -0.1546
v  1.1957 -0.3885 -0.2263
v  1.1859 -0.3853 -0.2236
v  1.1797 -0.3833 -0.2146
v  1.1642 -0.3783 -0.1550
v  1.1940 -0.4030 -0.2260
v  1.1838 -0.4037 -0.2232
v  1.1772 -0.4038 -0.2142
v  1.1613 -0.4029 -0.1546
v  1.1979 -0.4170 -0.2253
v  1.1887 -0.4214 -0.2223
v  1.1828 -0.4237 -0.2132
v  1.1680 -0.4268 -0.1533
v  1.2068 -0.4284 -0.2242
v  1.2001 -0.4359 -0.2208
v  1.1955 -0.4400 -0.2116
v  1.1833 -0.4463 -0.1514
v  1.2195 -0.4355 -0.2228
v  1.2161 -0.4449 -0.2192
v  1.2135 -0.4500 -0.2097
v  1.2048 -0.4584 -0.1491
v  1.2339 -0.4372 -0.2215
v  1.2344 -0.4470 -0.2175
v  1.2340 -0.4525 -0.2078
v  1.2294 -0.4613 -0.1469
v  1.2479 -0.4332 -0.2204
v  1.2521 -0.4420 -0.2161
v  1.2538 -0.4468 -0.2062
v  1.2532 -0.4545 -0.1450
v  1.2593 -0.4242 -0.2196
v  1.2665 -0.4305 -0.2151
v  1.2700 -0.4340 -0.2051
v  1.2727 -0.4391 -0.1437
v  1.2527 -0.4070 -0.1609
v  1.2540 -0.3960 -0.1611
v  1.2510 -0.3854 -0.1617
v  1.2442 -0.3767 -0.1626
v  1.2346 -0.3713 -0.1636
v  1.2236 -0.3700 -0.1646
v  1.2130 -0.3730 -0.1654
v  1.2043 -0.3799 -0.1660
v  1.1989 -0.3895 -0.1662
v  1.1976 -0.4005 -0.1660
v  1.2006 -0.4112 -0.1654
v  1.2074 -0.4199 -0.1646
v  1.2170 -0.4253 -0.1636
v  1.2280 -0.4266 -0.1626
v  1.2386 -0.4236 -0.1617
v  1.2473 -0.4167 -0.1611
v  1.2484 -0.4056 -0.2212
v  1.2489 -0.4058 -0.2142
v  1.2550 -0.4078 -0.2205
v  1.2493 -0.3985 -0.2213
v  1.2562 -0.3980 -0.2207
v  1.2498 -0.3982 -0.2143
v  1.2473 -0.3917 -0.2217
v  1.2535 -0.3885 -0.2212
v  1.2478 -0.3909 -0.2147
v  1.2429 -0.3860 -0.2222
v  1.2475 -0.3807 -0.2220
v  1.2431 -0.3850 -0.2153
v  1.2367 -0.3826 -0.2229
v  1.2389 -0.3759 -0.2229
v  1.2365 -0.3813 -0.2160
v  1.2296 -0.3817 -0.2235
v  1.2291 -0.3748 -0.2238
v  1.2289 -0.3804 -0.2167
v  1.2228 -0.3837 -0.2241
v  1.2196 -0.3774 -0.2245
v  1.2216 -0.3824 -0.2173
v  1.2172 -0.3881 -0.2245
v  1.2119 -0.3836 -0.2250
v  1.2157 -0.3872 -0.2177
v  1.2137 -0.3944 -0.2246
v  1.2071 -0.3922 -0.2252
v  1.2120 -0.3938 -0.2178
v  1.2128 -0.4015 -0.2245
v  1.2059 -0.4020 -0.2250
v  1.2111 -0.4013 -0.2177
v  1.2148 -0.4083 -0.2241
v  1.2086 -0.4115 -0.2245
v  1.2131 -0.4087 -0.2173
v  1.2192 -0.4139 -0.2235
v  1.2146 -0.4193 -0.2238
v  1.2178 -0.4146 -0.2167
v  1.2254 -0.4174 -0.2229
v  1.2232 -0.4241 -0.2229
v  1.2244 -0.4183 -0.2160
v  1.2325 -0.4183 -0.2222
v  1.2330 -0.4252 -0.2220
v  1.2319 -0.4192 -0.2153
v  1.2393 -0.4163 -0.2217
v  1.2425 -0.4225 -0.2212
v  1.2392 -0.4171 -0.2147
v  1.2449 -0.4119 -0.2213
v  1.2502 -0.4164 -0.2207
v  1.2452 -0.4124 -0.2143
v  0.9896 -0.8910 -0.2194
v  0.9967 -0.8974 -0.2148
v  1.0003 -0.9006 -0.2048
v  1.0039 -0.9039 -0.1432
v  0.9970 -0.8785 -0.2196
v  1.0061 -0.8816 -0.2151
v  1.0108 -0.8829 -0.2051
v  1.0166 -0.8826 -0.1437
v  0.9991 -0.8641 -0.2204
v  1.0088 -0.8633 -0.2161
v  1.0139 -0.8624 -0.2062
v  1.0203 -0.8581 -0.1450
v  0.9956 -0.8500 -0.2215
v  1.0043 -0.8455 -0.2175
v  1.0088 -0.8424 -0.2078
v  1.0142 -0.8341 -0.1469
v  0.9869 -0.8384 -0.2228
v  0.9933 -0.8308 -0.2192
v  0.9965 -0.8259 -0.2097
v  0.9994 -0.8142 -0.1491
v  0.9744 -0.8310 -0.2242
v  0.9775 -0.8214 -0.2208
v  0.9788 -0.8154 -0.2116
v  0.9782 -0.8016 -0.1514
v  0.9601 -0.8289 -0.2253
v  0.9593 -0.8188 -0.2223
v  0.9584 -0.8125 -0.2132
v  0.9536 -0.7981 -0.1533
v  0.9460 -0.8325 -0.2260
v  0.9415 -0.8233 -0.2232
v  0.9383 -0.8176 -0.2142
v  0.9296 -0.8042 -0.1546
v  0.9343 -0.8412 -0.2263
v  0.9267 -0.8344 -0.2236
v  0.9218 -0.8300 -0.2146
v  0.9097 -0.8191 -0.1550
v  0.9268 -0.8538 -0.2260
v  0.9172 -0.8502 -0.2232
v  0.9112 -0.8477 -0.2142
v  0.8970 -0.8404 -0.1546
v  0.9247 -0.8682 -0.2253
v  0.9146 -0.8685 -0.2223
v  0.9082 -0.8682 -0.2132
v  0.8934 -0.8650 -0.1533
v  0.9283 -0.8822 -0.2242
v  0.9191 -0.8863 -0.2208
v  0.9132 -0.8882 -0.2116
v  0.8994 -0.8890 -0.1514
v  0.9369 -0.8939 -0.2228
v  0.9300 -0.9010 -0.2192
v  0.9255 -0.9047 -0.2097
v  0.9142 -0.9088 -0.1491
v  0.9494 -0.9013 -0.2215
v  0.9458 -0.9104 -0.2175
v  0.9432 -0.9152 -0.2078
v  0.9355 -0.9215 -0.1469
v  0.9638 -0.9033 -0.2204
v  0.9640 -0.9130 -0.2161
v  0.9637 -0.9182 -0.2062
v  0.9600 -0.9250 -0.1450
v  0.9779 -0.8997 -0.2196
v  0.9819 -0.9084 -0.2151
v  0.9837 -0.9130 -0.2051
v  0.9840 -0.9188 -0.1437
v  0.9788 -0.8814 -0.1609
v  0.9845 -0.8718 -0.1611
v  0.9861 -0.8609 -0.1617
v  0.9834 -0.8502 -0.1626
v  0.9768 -0.8413 -0.1636
v  0.9673 -0.8357 -0.1646
v  0.9564 -0.8341 -0.1654
v  0.9457 -0.8369 -0.1660
v  0.9368 -0.8435 -0.1662
v  0.9311 -0.8530 -0.1660
v  0.9295 -0.8640 -0.1654
v  0.9322 -0.8747 -0.1646
v  0.9388 -0.8835 -0.1636
v  0.9483 -0.8892 -0.1626
v  0.9592 -0.8907 -0.1617
v  0.9700 -0.8880 -0.1611
v  0.9755 -0.8783 -0.2212
v  0.9759 -0.8787 -0.2142
v  0.9807 -0.8830 -0.2205
v  0.9792 -0.8722 -0.2213
v  0.9857 -0.8745 -0.2207
v  0.9798 -0.8722 -0.2143
v  0.9802 -0.8651 -0.2217
v  0.9872 -0.8647 -0.2212
v  0.9809 -0.8646 -0.2147
v  0.9784 -0.8582 -0.2222
v  0.9848 -0.8552 -0.2220
v  0.9790 -0.8573 -0.2153
v  0.9742 -0.8525 -0.2229
v  0.9789 -0.8473 -0.2229
v  0.9745 -0.8512 -0.2160
v  0.9681 -0.8489 -0.2235
v  0.9704 -0.8423 -0.2238
v  0.9680 -0.8473 -0.2167
v  0.9610 -0.8479 -0.2241
v  0.9607 -0.8409 -0.2245
v  0.9605 -0.8463 -0.2173
v  0.9541 -0.8496 -0.2245
v  0.9511 -0.8433 -0.2250
v  0.9531 -0.8482 -0.2177
v  0.9484 -0.8539 -0.2246
v  0.9432 -0.8492 -0.2252
v  0.9470 -0.8527 -0.2178
v  0.9447 -0.8601 -0.2245
v  0.9381 -0.8577 -0.2250
v  0.9431 -0.8592 -0.2177
v  0.9437 -0.8671 -0.2241
v  0.9367 -0.8675 -0.2245
v  0.9420 -0.8668 -0.2173
v  0.9454 -0.8740 -0.2235
v  0.9391 -0.8771 -0.2238
v  0.9439 -0.8741 -0.2167
v  0.9497 -0.8797 -0.2229
v  0.9450 -0.8849 -0.2229
v  0.9484 -0.8802 -0.2160
v  0.9558 -0.8834 -0.2222
v  0.9534 -0.8900 -0.2220
v  0.9549 -0.8841 -0.2153
v  0.9628 -0.8844 -0.2217
v  0.9632 -0.8914 -0.2212
v  0.9624 -0.8851 -0.2147
v  0.9698 -0.8826 -0.2213
v  0.9728 -0.8889 -0.2207
v  0.9698 -0.8832 -0.2143
v  0.5416 -1.2165 -0.2194
v  0.5455 -1.2252 -0.2148
v  0.5475 -1.2296 -0.2048
v  0.5495 -1.2341 -0.1432
v  0.5535 -1.2081 -0.2196
v  0.5606 -1.2146 -0.2151
v  0.5644 -1.2177 -0.2051
v  0.5698 -1.2198 -0.1437
v  0.5613 -1.1958 -0.2204
v  0.5704 -1.1990 -0.2161
v  0.5754 -1.2002 -0.2062
v  0.5830 -1.1989 -0.1450
v  0.5638 -1.1815 -0.2215
v  0.5736 -1.1809 -0.2175
v  0.5790 -1.1799 -0.2078
v  0.5873 -1.1745 -0.1469
v  0.5606 -1.1673 -0.2228
v  0.5695 -1.1629 -0.2192
v  0.5744 -1.1598 -0.2097
v  0.5818 -1.1503 -0.1491
v  0.5522 -1.1555 -0.2242
v  0.5589 -1.1480 -0.2208
v  0.5625 -1.1430 -0.2116
v  0.5676 -1.1301 -0.1514
v  0.5399 -1.1477 -0.2253
v  0.5433 -1.1382 -0.2223
v  0.5451 -1.1320 -0.2132
v  0.5466 -1.1170 -0.1533
v  0.5256 -1.1453 -0.2260
v  0.5252 -1.1351 -0.2232
v  0.5247 -1.1286 -0.2142
v  0.5221 -1.1128 -0.1546
v  0.5114 -1.1485 -0.2263
v  0.5072 -1.1392 -0.2236
v  0.5045 -1.1331 -0.2146
v  0.4979 -1.1183 -0.1550
v  0.4994 -1.1569 -0.2260
v  0.4921 -1.1498 -0.2232
v  0.4876 -1.1451 -0.2142
v  0.4776 -1.1326 -0.1546
v  0.4917 -1.1692 -0.2253
v  0.4823 -1.1654 -0.2223
v  0.4765 -1.1625 -0.2132
v  0.4643 -1.1536 -0.1533
v  0.4892 -1.1835 -0.2242
v  0.4791 -1.1835 -0.2208
v  0.4730 -1.1828 -0.2116
v  0.4601 -1.1780 -0.1514
v  0.4924 -1.1977 -0.2228
v  0.4831 -1.2014 -0.2192
v  0.4775 -1.2029 -0.2097
v  0.4655 -1.2021 -0.1491
v  0.5007 -1.2095 -0.2215
v  0.4938 -1.2164 -0.2175
v  0.4894 -1.2198 -0.2078
v  0.4798 -1.2223 -0.1469
v  0.5130 -1.2173 -0.2204
v  0.5093 -1.2262 -0.2161
v  0.5069 -1.2307 -0.2062
v  0.5008 -1.2355 -0.1450
v  0.5274 -1.2197 -0.2196
v  0.5275 -1.2293 -0.2151
v  0.5273 -1.2342 -0.2051
v  0.5253 -1.2396 -0.1437
v  0.5357 -1.2033 -0.1609
v  0.5448 -1.1969 -0.1611
v  0.5507 -1.1876 -0.1617
v  0.5526 -1.1767 -0.1626
v  0.5502 -1.1659 -0.1636
v  0.5438 -1.1569 -0.1646
v  0.5345 -1.1510 -0.1654
v  0.5235 -1.1492 -0.1660
v  0.5127 -1.1516 -0.1662
v  0.5037 -1.1580 -0.1660
v  0.4977 -1.1673 -0.1654
v  0.4959 -1.1782 -0.1646
v  0.4983 -1.1890 -0.1636
v  0.5047 -1.1980 -0.1626
v  0.5140 -1.2039 -0.1617
v  0.5249 -1.2058 -0.1611
v  0.5339 -1.1992 -0.2212
v  0.5341 -1.1996 -0.2142
v  0.5367 -1.2055 -0.2205
v  0.5397 -1.1950 -0.2213
v  0.5448 -1.1998 -0.2207
v  0.5403 -1.1953 -0.2143
v  0.5436 -1.1890 -0.2217
v  0.5501 -1.1915 -0.2212
v  0.5444 -1.1888 -0.2147
v  0.5448 -1.1820 -0.2222
v  0.5518 -1.1818 -0.2220
v  0.5457 -1.1814 -0.2153
v  0.5432 -1.1750 -0.2229
v  0.5496 -1.1722 -0.2229
v  0.5440 -1.1740 -0.2160
v  0.5391 -1.1692 -0.2235
v  0.5439 -1.1642 -0.2238
v  0.5397 -1.1678 -0.2167
v  0.5331 -1.1654 -0.2241
v  0.5356 -1.1589 -0.2245
v  0.5332 -1.1638 -0.2173
v  0.5260 -1.1642 -0.2245
v  0.5259 -1.1573 -0.2250
v  0.5257 -1.1625 -0.2177
v  0.5191 -1.1658 -0.2246
v  0.5162 -1.1595 -0.2252
v  0.5183 -1.1642 -0.2178
v  0.5132 -1.1699 -0.2245
v  0.5081 -1.1652 -0.2250
v  0.5121 -1.1686 -0.2177
v  0.5094 -1.1760 -0.2241
v  0.5029 -1.1735 -0.2245
v  0.5080 -1.1750 -0.2173
v  0.5082 -1.1830 -0.2235
v  0.5012 -1.1832 -0.2238
v  0.5067 -1.1825 -0.2167
v  0.5097 -1.1899 -0.2229
v  0.5033 -1.1928 -0.2229
v  0.5084 -1.1898 -0.2160
v  0.5139 -1.1958 -0.2222
v  0.5090 -1.2008 -0.2220
v  0.5128 -1.1960 -0.2153
v  0.5199 -1.1996 -0.2217
v  0.5174 -1.2061 -0.2212
v  0.5192 -1.2001 -0.2147
v  0.5269 -1.2007 -0.2213
v  0.5271 -1.2077 -0.2207
v  0.5267 -1.2013 -0.2143
v  0.0000 -0.9868 -0.2158
v  0.0000 -0.9964 -0.2112
v  0.0000 -1.0012 -0.2012
v  0.0000 -1.0062 -0.1397
v  0.0143 -0.9840 -0.2161
v  0.0181 -0.9928 -0.2116
v  0.0203 -0.9972 -0.2016
v  0.0244 -1.0013 -0.1401
v  0.0264 -0.9759 -0.2168
v  0.0334 -0.9826 -0.2125
v  0.0375 -0.9858 -0.2027
v  0.0450 -0.9876 -0.1414
v  0.0345 -0.9639 -0.2180
v  0.0437 -0.9673 -0.2140
v  0.0490 -0.9686 -0.2043
v  0.0588 -0.9670 -0.1433
v  0.0373 -0.9496 -0.2193
v  0.0473 -0.9493 -0.2156
v  0.0530 -0.9484 -0.2061
v  0.0637 -0.9428 -0.1456
v  0.0345 -0.9354 -0.2206
v  0.0437 -0.9313 -0.2173
v  0.0490 -0.9282 -0.2080
v  0.0588 -0.9185 -0.1478
v  0.0264 -0.9234 -0.2217
v  0.0334 -0.9160 -0.2187
v  0.0375 -0.9111 -0.2096
v  0.0450 -0.8980 -0.1498
v  0.0143 -0.9153 -0.2225
v  0.0181 -0.9058 -0.2197
v  0.0203 -0.8996 -0.2107
v  0.0244 -0.8842 -0.1510
v  0.0000 -0.9125 -0.2228
v  0.0000 -0.9022 -0.2200
v  0.0000 -0.8956 -0.2111
v  0.0000 -0.8794 -0.1515
v  -0.0143 -0.9153 -0.2225
v  -0.0181 -0.9058 -0.2197
v  -0.0203 -0.8996 -0.2107
v  -0.0244 -0.8842 -0.1510
v  -0.0264 -0.9234 -0.2217
v  -0.0334 -0.9160 -0.2187
v  -0.0375 -0.9111 -0.2096
v  -0.0450 -0.8980 -0.1498
v  -0.0345 -0.9354 -0.2206
v  -0.0437 -0.9313 -0.2173
v  -0.0490 -0.9282 -0.2080
v  -0.0588 -0.9185 -0.1478
v  -0.0373 -0.9496 -0.2193
v  -0.0473 -0.9493 -0.2156
v  -0.0530 -0.9484 -0.2061
v  -0.0637 -0.9428 -0.1456
v  -0.0345 -0.9639 -0.2180
v  -0.0437 -0.9673 -0.2140
v  -0.0490 -0.9686 -0.2043
v  -0.0588 -0.9670 -0.1433
v  -0.0264 -0.9759 -0.2168
v  -0.0334 -0.9826 -0.2125
v  -0.0375 -0.9858 -0.2027
v  -0.0450 -0.9876 -0.1414
v  -0.0143 -0.9840 -0.2161
v  -0.0181 -0.9928 -0.2116
v  -0.0203 -0.9972 -0.2016
v  -0.0244 -1.0013 -0.1401
v  0.0000 -0.9724 -0.1574
v  0.0109 -0.9703 -0.1576
v  0.0201 -0.9641 -0.1582
v  0.0263 -0.9550 -0.1590
v  0.0284 -0.9441 -0.1600
v  0.0263 -0.9333 -0.1610
v  0.0201 -0.9241 -0.1619
v  0.0109 -0.9180 -0.1625
v  0.0000 -0.9158 -0.1627
v  -0.0109 -0.9180 -0.1625
v  -0.0201 -0.9241 -0.1619
v  -0.0262 -0.9333 -0.1610
v  -0.0284 -0.9441 -0.1600
v  -0.0262 -0.9550 -0.1590
v  -0.0201 -0.9641 -0.1582
v  -0.0109 -0.9703 -0.1576
v  0.0000 -0.9679 -0.2176
v  0.0000 -0.9684 -0.2107
v  0.0000 -0.9749 -0.2170
v  0.0070 -0.9665 -0.2178
v  0.0097 -0.9729 -0.2172
v  0.0075 -0.9669 -0.2108
v  0.0130 -0.9626 -0.2181
v  0.0179 -0.9675 -0.2177
v  0.0138 -0.9627 -0.2112
v  0.0169 -0.9566 -0.2187
v  0.0234 -0.9593 -0.2184
v  0.0180 -0.9564 -0.2118
v  0.0183 -0.9497 -0.2193
v  0.0253 -0.9497 -0.2193
v  0.0195 -0.9490 -0.2125
v  0.0169 -0.9427 -0.2200
v  0.0234 -0.9400 -0.2202
v  0.0180 -0.9416 -0.2132
v  0.0130 -0.9367 -0.2205
v  0.0179 -0.9318 -0.2210
v  0.0138 -0.9353 -0.2137
v  0.0070 -0.9328 -0.2209
v  0.0097 -0.9264 -0.2215
v  0.0075 -0.9311 -0.2141
v  0.0000 -0.9314 -0.2210
v  0.0000 -0.9244 -0.2217
v  0.0000 -0.9296 -0.2143
v  -0.0070 -0.9328 -0.2209
v  -0.0097 -0.9264 -0.2215
v  -0.0075 -0.9311 -0.2141
v  -0.0130 -0.9367 -0.2205
v  -0.0179 -0.9318 -0.2210
v  -0.0138 -0.9353 -0.2137
v  -0.0169 -0.9427 -0.2200
v  -0.0234 -0.9400 -0.2202
v  -0.0180 -0.9416 -0.2132
v  -0.0183 -0.9497 -0.2193
v  -0.0253 -0.9497 -0.2193
v  -0.0195 -0.9490 -0.2125
v  -0.0169 -0.9566 -0.2187
v  -0.0234 -0.9593 -0.2184
v  -0.0180 -0.9564 -0.2118
v  -0.0130 -0.9626 -0.2181
v  -0.0179 -0.9675 -0.2177
v  -0.0138 -0.9627 -0.2112
v  -0.0070 -0.9665 -0.2178
v  -0.0097 -0.9729 -0.2172
v  -0.0075 -0.9669 -0.2108
v  -0.4934 -0.8546 -0.2158
v  -0.4982 -0.8629 -0.2112
v  -0.5006 -0.8671 -0.2012
v  -0.5031 -0.8714 -0.1397
v  -0.4796 -0.8593 -0.2161
v  -0.4807 -0.8688 -0.2116
v  -0.4810 -0.8738 -0.2016
v  -0.4796 -0.8794 -0.1401
v  -0.4651 -0.8584 -0.2168
v  -0.4623 -0.8677 -0.2125
v  -0.4604 -0.8724 -0.2027
v  -0.4548 -0.8778 -0.1414
v  -0.4521 -0.8520 -0.2180
v  -0.4458 -0.8596 -0.2140
v  -0.4419 -0.8634 -0.2043
v  -0.4326 -0.8669 -0.1433
v  -0.4425 -0.8411 -0.2193
v  -0.4337 -0.8458 -0.2156
v  -0.4283 -0.8479 -0.2061
v  -0.4163 -0.8483 -0.1456
v  -0.4378 -0.8273 -0.2206
v  -0.4278 -0.8284 -0.2173
v  -0.4217 -0.8284 -0.2080
v  -0.4083 -0.8249 -0.1478
v  -0.4388 -0.8129 -0.2217
v  -0.4291 -0.8100 -0.2187
v  -0.4231 -0.8078 -0.2096
v  -0.4100 -0.8002 -0.1498
v  -0.4453 -0.7998 -0.2225
v  -0.4372 -0.7935 -0.2197
v  -0.4322 -0.7893 -0.2107
v  -0.4210 -0.7779 -0.1510
v  -0.4562 -0.7902 -0.2228
v  -0.4511 -0.7814 -0.2200
v  -0.4478 -0.7756 -0.2111
v  -0.4397 -0.7616 -0.1515
v  -0.4700 -0.7855 -0.2225
v  -0.4686 -0.7754 -0.2197
v  -0.4674 -0.7690 -0.2107
v  -0.4632 -0.7536 -0.1510
v  -0.4845 -0.7864 -0.2217
v  -0.4870 -0.7766 -0.2187
v  -0.4880 -0.7703 -0.2096
v  -0.4880 -0.7552 -0.1498
v  -0.4976 -0.7928 -0.2206
v  -0.5035 -0.7847 -0.2173
v  -0.5065 -0.7794 -0.2080
v  -0.5102 -0.7661 -0.1478
v  -0.5072 -0.8037 -0.2193
v  -0.5156 -0.7985 -0.2156
v  -0.5201 -0.7948 -0.2061
v  -0.5265 -0.7846 -0.1456
v  -0.5118 -0.8175 -0.2180
v  -0.5215 -0.8159 -0.2140
v  -0.5267 -0.8144 -0.2043
v  -0.5345 -0.8081 -0.1433
v  -0.5108 -0.8320 -0.2168
v  -0.5203 -0.8342 -0.2125
v  -0.5254 -0.8349 -0.2027
v  -0.5328 -0.8328 -0.1414
v  -0.5044 -0.8450 -0.2161
v  -0.5121 -0.8507 -0.2116
v  -0.5162 -0.8535 -0.2016
v  -0.5218 -0.8550 -0.1401
v  -0.4862 -0.8421 -0.1574
v  -0.4757 -0.8457 -0.1576
v  -0.4647 -0.8450 -0.1582
v  -0.4547 -0.8401 -0.1590
v  -0.4475 -0.8318 -0.1600
v  -0.4439 -0.8214 -0.1610
v  -0.4447 -0.8104 -0.1619
v  -0.4496 -0.8004 -0.1625
v  -0.4579 -0.7931 -0.1627
v  -0.4684 -0.7896 -0.1625
v  -0.4795 -0.7903 -0.1619
v  -0.4894 -0.7951 -0.1610
v  -0.4967 -0.8034 -0.1600
v  -0.5002 -0.8139 -0.1590
v  -0.4995 -0.8249 -0.1582
v  -0.4945 -0.8348 -0.1576
v  -0.4839 -0.8382 -0.2176
v  -0.4842 -0.8387 -0.2107
v  -0.4874 -0.8443 -0.2170
v  -0.4772 -0.8405 -0.2178
v  -0.4781 -0.8474 -0.2172
v  -0.4770 -0.8411 -0.2108
v  -0.4701 -0.8401 -0.2181
v  -0.4682 -0.8468 -0.2177
v  -0.4694 -0.8406 -0.2112
v  -0.4637 -0.8369 -0.2187
v  -0.4594 -0.8425 -0.2184
v  -0.4626 -0.8373 -0.2118
v  -0.4590 -0.8316 -0.2193
v  -0.4529 -0.8351 -0.2193
v  -0.4576 -0.8316 -0.2125
v  -0.4567 -0.8248 -0.2200
v  -0.4497 -0.8258 -0.2202
v  -0.4552 -0.8244 -0.2132
v  -0.4572 -0.8177 -0.2205
v  -0.4504 -0.8159 -0.2210
v  -0.4557 -0.8169 -0.2137
v  -0.4603 -0.8113 -0.2209
v  -0.4548 -0.8071 -0.2215
v  -0.4591 -0.8101 -0.2141
v  -0.4657 -0.8066 -0.2210
v  -0.4622 -0.8006 -0.2217
v  -0.4648 -0.8051 -0.2143
v  -0.4725 -0.8043 -0.2209
v  -0.4716 -0.7974 -0.2215
v  -0.4720 -0.8026 -0.2141
v  -0.4796 -0.8048 -0.2205
v  -0.4814 -0.7980 -0.2210
v  -0.4796 -0.8031 -0.2137
v  -0.4860 -0.8079 -0.2200
v  -0.4903 -0.8024 -0.2202
v  -0.4864 -0.8064 -0.2132
v  -0.4907 -0.8133 -0.2193
v  -0.4968 -0.8098 -0.2193
v  -0.4914 -0.8121 -0.2125
v  -0.4930 -0.8200 -0.2187
v  -0.4999 -0.8191 -0.2184
v  -0.4938 -0.8193 -0.2118
v  -0.4925 -0.8271 -0.2181
v  -0.4992 -0.8289 -0.2177
v  -0.4933 -0.8269 -0.2112
v  -0.4893 -0.8335 -0.2178
v  -0.4949 -0.8378 -0.2172
v  -0.4899 -0.8337 -0.2108
v  -0.8546 -0.4934 -0.2158
v  -0.8629 -0.4982 -0.2112
v  -0.8671 -0.5006 -0.2012
v  -0.8714 -0.5031 -0.1397
v  -0.8450 -0.5044 -0.2161
v  -0.8507 -0.5121 -0.2116
v  -0.8535 -0.5162 -0.2016
v  -0.8550 -0.5218 -0.1401
v  -0.8320 -0.5108 -0.2168
v  -0.8342 -0.5203 -0.2125
v  -0.8349 -0.5254 -0.2027
v  -0.8328 -0.5328 -0.1414
v  -0.8175 -0.5118 -0.2180
v  -0.8159 -0.5215 -0.2140
v  -0.8144 -0.5267 -0.2043
v  -0.8081 -0.5345 -0.1433
v  -0.8037 -0.5072 -0.2193
v  -0.7985 -0.5156 -0.2156
v  -0.7948 -0.5201 -0.2061
v  -0.7846 -0.5265 -0.1456
v  -0.7928 -0.4976 -0.2206
v  -0.7847 -0.5035 -0.2173
v  -0.7794 -0.5065 -0.2080
v  -0.7661 -0.5102 -0.1478
v  -0.7864 -0.4845 -0.2217
v  -0.7766 -0.4870 -0.2187
v  -0.7703 -0.4880 -0.2096
v  -0.7552 -0.4880 -0.1498
v  -0.7855 -0.4700 -0.2225
v  -0.7754 -0.4686 -0.2197
v  -0.7690 -0.4674 -0.2107
v  -0.7536 -0.4632 -0.1510
v  -0.7902 -0.4562 -0.2228
v  -0.7814 -0.4511 -0.2200
v  -0.7756 -0.4478 -0.2111
v  -0.7616 -0.4397 -0.1515
v  -0.7998 -0.4453 -0.2225
v  -0.7935 -0.4372 -0.2197
v  -0.7893 -0.4322 -0.2107
v  -0.7779 -0.4210 -0.1510
v  -0.8129 -0.4388 -0.2217
v  -0.8100 -0.4291 -0.2187
v  -0.8078 -0.4231 -0.2096
v  -0.8002 -0.4100 -0.1498
v  -0.8273 -0.4378 -0.2206
v  -0.8284 -0.4278 -0.2173
v  -0.8284 -0.4217 -0.2080
v  -0.8249 -0.4083 -0.1478
v  -0.8411 -0.4425 -0.2193
v  -0.8458 -0.4337 -0.2156
v  -0.8479 -0.4283 -0.2061
v  -0.8483 -0.4163 -0.1456
v  -0.8520 -0.4521 -0.2180
v  -0.8596 -0.4458 -0.2140
v  -0.8634 -0.4419 -0.2043
v  -0.8669 -0.4326 -0.1433
v  -0.8584 -0.4651 -0.2168
v  -0.8677 -0.4623 -0.2125
v  -0.8724 -0.4604 -0.2027
v  -0.8778 -0.4548 -0.1414
v  -0.8593 -0.4796 -0.2161
v  -0.8688 -0.4807 -0.2116
v  -0.8738 -0.4810 -0.2016
v  -0.8794 -0.4796 -0.1401
v  -0.8421 -0.4862 -0.1574
v  -0.8348 -0.4946 -0.1576
v  -0.8249 -0.4995 -0.1582
v  -0.8139 -0.5002 -0.1590
v  -0.8034 -0.4967 -0.1600
v  -0.7951 -0.4894 -0.1610
v  -0.7903 -0.4795 -0.1619
v  -0.7896 -0.4684 -0.1625
v  -0.7931 -0.4579 -0.1627
v  -0.8004 -0.4496 -0.1625
v  -0.8104 -0.4447 -0.1619
v  -0.8214 -0.4439 -0.1610
v  -0.8318 -0.4475 -0.1600
v  -0.8401 -0.4547 -0.1590
v  -0.8450 -0.4647 -0.1582
v  -0.8457 -0.4757 -0.1576
v  -0.8382 -0.4840 -0.2176
v  -0.8387 -0.4842 -0.2107
v  -0.8443 -0.4874 -0.2170
v  -0.8335 -0.4893 -0.2178
v  -0.8378 -0.4949 -0.2172
v  -0.8337 -0.4899 -0.2108
v  -0.8271 -0.4925 -0.2181
v  -0.8289 -0.4993 -0.2177
v  -0.8269 -0.4933 -0.2112
v  -0.8200 -0.4930 -0.2187
v  -0.8191 -0.4999 -0.2184
v  -0.8193 -0.4938 -0.2118
v  -0.8133 -0.4907 -0.2193
v  -0.8098 -0.4968 -0.2193
v  -0.8121 -0.4914 -0.2125
v  -0.8079 -0.4860 -0.2200
v  -0.8024 -0.4903 -0.2202
v  -0.8064 -0.4864 -0.2132
v  -0.8048 -0.4796 -0.2205
v  -0.7980 -0.4814 -0.2210
v  -0.8031 -0.4796 -0.2137
v  -0.8043 -0.4725 -0.2209
v  -0.7974 -0.4716 -0.2215
v  -0.8026 -0.4720 -0.2141
v  -0.8066 -0.4657 -0.2210
v  -0.8006 -0.4622 -0.2217
v  -0.8051 -0.4648 -0.2143
v  -0.8113 -0.4603 -0.2209
v  -0.8071 -0.4548 -0.2215
v  -0.8101 -0.4591 -0.2141
v  -0.8177 -0.4572 -0.2205
v  -0.8159 -0.4504 -0.2210
v  -0.8169 -0.4557 -0.2137
v  -0.8248 -0.4567 -0.2200
v  -0.8258 -0.4497 -0.2202
v  -0.8244 -0.4552 -0.2132
v  -0.8316 -0.4590 -0.2193
v  -0.8351 -0.4529 -0.2193
v  -0.8316 -0.4576 -0.2125
v  -0.8369 -0.4637 -0.2187
v  -0.8425 -0.4594 -0.2184
v  -0.8373 -0.4626 -0.2118
v  -0.8401 -0.4701 -0.2181
v  -0.8468 -0.4682 -0.2177
v  -0.8406 -0.4694 -0.2112
v  -0.8405 -0.4772 -0.2178
v  -0.8474 -0.4781 -0.2172
v  -0.8411 -0.4770 -0.2108
v  -0.9868 -0.0000 -0.2158
v  -0.9964 -0.0000 -0.2112
v  -1.0012 -0.0000 -0.2012
v  -1.0062 -0.0000 -0.1397
v  -0.9840 -0.0143 -0.2161
v  -0.9928 -0.0181 -0.2116
v  -0.9972 -0.0203 -0.2016
v  -1.0013 -0.0244 -0.1401
v  -0.9759 -0.0264 -0.2168
v  -0.9826 -0.0334 -0.2125
v  -0.9858 -0.0375 -0.2027
v  -0.9876 -0.0450 -0.1414
v  -0.9639 -0.0345 -0.2180
v  -0.9673 -0.0437 -0.2140
v  -0.9686 -0.0490 -0.2043
v  -0.9670 -0.0588 -0.1433
v  -0.9496 -0.0373 -0.2193
v  -0.9493 -0.0473 -0.2156
v  -0.9484 -0.0530 -0.2061
v  -0.9428 -0.0637 -0.1456
v  -0.9354 -0.0345 -0.2206
v  -0.9313 -0.0437 -0.2173
v  -0.9282 -0.0490 -0.2080
v  -0.9185 -0.0588 -0.1478
v  -0.9234 -0.0264 -0.2217
v  -0.9160 -0.0334 -0.2187
v  -0.9111 -0.0375 -0.2096
v  -0.8980 -0.0450 -0.1498
v  -0.9153 -0.0143 -0.2225
v  -0.9058 -0.0181 -0.2197
v  -0.8996 -0.0203 -0.2107
v  -0.8842 -0.0244 -0.1510
v  -0.9125 -0.0000 -0.2228
v  -0.9022 -0.0000 -0.2200
v  -0.8956 -0.0000 -0.2111
v  -0.8794 -0.0000 -0.1515
v  -0.9153 0.0143 -0.2225
v  -0.9058 0.0181 -0.2197
v  -0.8996 0.0203 -0.2107
v  -0.8842 0.0244 -0.1510
v  -0.9234 0.0264 -0.2217
v  -0.9160 0.0334 -0.2187
v  -0.9111 0.0375 -0.2096
v  -0.8980 0.0450 -0.1498
v  -0.9354 0.0345 -0.2206
v  -0.9313 0.0437 -0.2173
v  -0.9282 0.0490 -0.2080
v  -0.9185 0.0588 -0.1478
v  -0.9496 0.0373 -0.2193
v  -0.9493 0.0473 -0.2156
v  -0.9484 0.0530 -0.2061
v  -0.9428 0.0637 -0.1456
v  -0.9639 0.0345 -0.2180
v  -0.9673 0.0437 -0.2140
v  -0.9686 0.0490 -0.2043
v  -0.9670 0.0588 -0.1433
v  -0.9759 0.0264 -0.2168
v  -0.9826 0.0334 -0.2125
v  -0.9858 0.0375 -0.2027
v  -0.9876 0.0450 -0.1414
v  -0.9840 0.0143 -0.2161
v  -0.9928 0.0181 -0.2116
v  -0.9972 0.0203 -0.2016
v  -1.0013 0.0244 -0.1401
v  -0.9724 -0.0000 -0.1574
v  -0.9703 -0.0109 -0.1576
v  -0.9641 -0.0201 -0.1582
v  -0.9550 -0.0263 -0.1590
v  -0.9441 -0.0284 -0.1600
v  -0.9333 -0.0263 -0.1610
v  -0.9241 -0.0201 -0.1619
v  -0.9180 -0.0109 -0.1625
v  -0.9158 -0.0000 -0.1627
v  -0.9180 0.0109 -0.1625
v  -0.9241 0.0201 -0.1619
v  -0.9333 0.0262 -0.1610
v  -0.9441 0.0284 -0.1600
v  -0.9550 0.0262 -0.1590
v  -0.9641 0.0201 -0.1582
v  -0.9703 0.0109 -0.1576
v  -0.9679 -0.0000 -0.2176
v  -0.9684 -0.0000 -0.2107
v  -0.9749 -0.0000 -0.2170
v  -0.9665 -0.0070 -0.2178
v  -0.9729 -0.0097 -0.2172
v  -0.9669 -0.0075 -0.2108
v  -0.9626 -0.0130 -0.2181
v  -0.9675 -0.0179 -0.2177
v  -0.9627 -0.0138 -0.2112
v  -0.9566 -0.0169 -0.2187
v  -0.9593 -0.0234 -0.2184
v  -0.9564 -0.0180 -0.2118
v  -0.9497 -0.0183 -0.2193
v  -0.9497 -0.0253 -0.2193
v  -0.9490 -0.0195 -0.2125
v  -0.9427 -0.0169 -0.2200
v  -0.9400 -0.0234 -0.2202
v  -0.9416 -0.0180 -0.2132
v  -0.9367 -0.0130 -0.2205
v  -0.9318 -0.0179 -0.2210
v  -0.9353 -0.0138 -0.2137
v  -0.9328 -0.0070 -0.2209
v  -0.9264 -0.0097 -0.2215
v  -0.9311 -0.0075 -0.2141
v  -0.9314 -0.0000 -0.2210
v  -0.9244 -0.0000 -0.2217
v  -0.9296 -0.0000 -0.2143
v  -0.9328 0.0070 -0.2209
v  -0.9264 0.0097 -0.2215
v  -0.9311 0.0075 -0.2141
v  -0.9367 0.0130 -0.2205
v  -0.9318 0.0179 -0.2210
v  -0.9353 0.0138 -0.2137
v  -0.9427 0.0169 -0.2200
v  -0.9400 0.0234 -0.2202
v  -0.9416 0.0180 -0.2132
v  -0.9497 0.0183 -0.2193
v  -0.9497 0.0253 -0.2193
v  -0.9490 0.0195 -0.2125
v  -0.9566 0.0169 -0.2187
v  -0.9593 0.0234 -0.2184
v  -0.9564 0.0180 -0.2118
v  -0.9626 0.0130 -0.2181
v  -0.9675 0.0179 -0.2177
v  -0.9627 0.0138 -0.2112
v  -0.9665 0.0070 -0.2178
v  -0.9729 0.0097 -0.2172
v  -0.9669 0.0075 -0.2108
v  -0.8546 0.4934 -0.2158
v  -0.8629 0.4982 -0.2112
v  -0.8671 0.5006 -0.2012
v  -0.8714 0.5031 -0.1397
v  -0.8593 0.4796 -0.2161
v  -0.8688 0.4807 -0.2116
v  -0.8738 0.4810 -0.2016
v  -0.8794 0.4796 -0.1401
v  -0.8584 0.4651 -0.2168
v  -0.8677 0.4623 -0.2125
v  -0.8724 0.4604 -0.2027
v  -0.8778 0.4548 -0.1414
v  -0.8520 0.4521 -0.2180
v  -0.8596 0.4458 -0.2140
v  -0.8634 0.4419 -0.2043
v  -0.8669 0.4326 -0.1433
v  -0.8411 0.4425 -0.2193
v  -0.8458 0.4337 -0.2156
v  -0.8479 0.4283 -0.2061
v  -0.8483 0.4163 -0.1456
v  -0.8273 0.4378 -0.2206
v  -0.8284 0.4278 -0.2173
v  -0.8284 0.4217 -0.2080
v  -0.8249 0.4083 -0.1478
v  -0.8129 0.4388 -0.2217
v  -0.8100 0.4291 -0.2187
v  -0.8078 0.4231 -0.2096
v  -0.8002 0.4100 -0.1498
v  -0.7998 0.4453 -0.2225
v  -0.7935 0.4372 -0.2197
v  -0.7893 0.4322 -0.2107
v  -0.7779 0.4210 -0.1510
v  -0.7902 0.4562 -0.2228
v  -0.7814 0.4511 -0.2200
v  -0.7756 0.4478 -0.2111
v  -0.7616 0.4397 -0.1515
v  -0.7855 0.4700 -0.2225
v  -0.7754 0.4686 -0.2197
v  -0.7690 0.4674 -0.2107
v  -0.7536 0.4632 -0.1510
v  -0.7864 0.4845 -0.2217
v  -0.7766 0.4870 -0.2187
v  -0.7703 0.4880 -0.2096
v  -0.7552 0.4880 -0.1498
v  -0.7928 0.4976 -0.2206
v  -0.7847 0.5035 -0.2173
v  -0.7794 0.5065 -0.2080
v  -0.7661 0.5102 -0.1478
v  -0.8037 0.5072 -0.2193
v  -0.7985 0.5156 -0.2156
v  -0.7948 0.5201 -0.2061
v  -0.7846 0.5265 -0.1456
v  -0.8175 0.5118 -0.2180
v  -0.8159 0.5215 -0.2140
v  -0.8144 0.5267 -0.2043
v  -0.8081 0.5345 -0.1433
v  -0.8320 0.5108 -0.2168
v  -0.8342 0.5203 -0.2125
v  -0.8349 0.5254 -0.2027
v  -0.8328 0.5328 -0.1414
v  -0.8450 0.5044 -0.2161
v  -0.8507 0.5121 -0.2116
v  -0.8535 0.5162 -0.2016
v  -0.8550 0.5218 -0.1401
v  -0.8421 0.4862 -0.1574
v  -0.8457 0.4757 -0.1576
v  -0.8450 0.4647 -0.1582
v  -0.8401 0.4547 -0.1590
v  -0.8318 0.4475 -0.1600
v  -0.8214 0.4439 -0.1610
v  -0.8104 0.4447 -0.1619
v  -0.8004 0.4496 -0.1625
v  -0.7931 0.4579 -0.1627
v  -0.7896 0.4684 -0.1625
v  -0.7903 0.4795 -0.1619
v  -0.7951 0.4894 -0.1610
v  -0.8034 0.4967 -0.1600
v  -0.8139 0.5002 -0.1590
v  -0.8249 0.4995 -0.1582
v  -0.8348 0.4945 -0.1576
v  -0.8382 0.4839 -0.2176
v  -0.8387 0.4842 -0.2107
v  -0.8443 0.4874 -0.2170
v  -0.8405 0.4772 -0.2178
v  -0.8474 0.4781 -0.2172
v  -0.8411 0.4770 -0.2108
v  -0.8401 0.4701 -0.2181
v  -0.8468 0.4682 -0.2177
v  -0.8406 0.4694 -0.2112
v  -0.8369 0.4637 -0.2187
v  -0.8425 0.4594 -0.2184
v  -0.8373 0.4626 -0.2118
v  -0.8316 0.4590 -0.2193
v  -0.8351 0.4529 -0.2193
v  -0.8316 0.4576 -0.2125
v  -0.8248 0.4567 -0.2200
v  -0.8258 0.4497 -0.2202
v  -0.8244 0.4552 -0.2132
v  -0.8177 0.4572 -0.2205
v  -0.8159 0.4504 -0.2210
v  -0.8169 0.4557 -0.2137
v  -0.8113 0.4603 -0.2209
v  -0.8071 0.4548 -0.2215
v  -0.8101 0.4591 -0.2141
v  -0.8066 0.4657 -0.2210
v  -0.8006 0.4622 -0.2217
v  -0.8051 0.4648 -0.2143
v  -0.8043 0.4725 -0.2209
v  -0.7974 0.4716 -0.2215
v  -0.8026 0.4720 -0.2141
v  -0.8048 0.4796 -0.2205
v  -0.7980 0.4814 -0.2210
v  -0.8031 0.4796 -0.2137
v  -0.8079 0.4860 -0.2200
v  -0.8024 0.4903 -0.2202
v  -0.8064 0.4864 -0.2132
v  -0.8133 0.4907 -0.2193
v  -0.8098 0.4968 -0.2193
v  -0.8121 0.4914 -0.2125
v  -0.8200 0.4930 -0.2187
v  -0.8191 0.4999 -0.2184
v  -0.8193 0.4938 -0.2118
v  -0.8271 0.4925 -0.2181
v  -0.8289 0.4992 -0.2177
v  -0.8269 0.4933 -0.2112
v  -0.8335 0.4893 -0.2178
v  -0.8378 0.4949 -0.2172
v  -0.8337 0.4899 -0.2108
v  -0.4934 0.8546 -0.2158
v  -0.4982 0.8629 -0.2112
v  -0.5006 0.8671 -0.2012
v  -0.5031 0.8714 -0.1397
v  -0.5044 0.8450 -0.2161
v  -0.5121 0.8507 -0.2116
v  -0.5162 0.8535 -0.2016
v  -0.5218 0.8550 -0.1401
v  -0.5108 0.8320 -0.2168
v  -0.5203 0.8342 -0.2125
v  -0.5254 0.8349 -0.2027
v  -0.5328 0.8328 -0.1414
v  -0.5118 0.8175 -0.2180
v  -0.5215 0.8159 -0.2140
v  -0.5267 0.8144 -0.2043
v  -0.5345 0.8081 -0.1433
v  -0.5072 0.8037 -0.2193
v  -0.5156 0.7985 -0.2156
v  -0.5201 0.7948 -0.2061
v  -0.5265 0.7846 -0.1456
v  -0.4976 0.7928 -0.2206
v  -0.5035 0.7847 -0.2173
v  -0.5065 0.7794 -0.2080
v  -0.5102 0.7661 -0.1478
v  -0.4845 0.7864 -0.2217
v  -0.4870 0.7766 -0.2187
v  -0.4880 0.7703 -0.2096
v  -0.4880 0.7552 -0.1498
v  -0.4700 0.7855 -0.2225
v  -0.4686 0.7754 -0.2197
v  -0.4674 0.7690 -0.2107
v  -0.4632 0.7536 -0.1510
v  -0.4562 0.7902 -0.2228
v  -0.4511 0.7814 -0.2200
v  -0.4478 0.7756 -0.2111
v  -0.4397 0.7616 -0.1515
v  -0.4453 0.7998 -0.2225
v  -0.4372 0.7935 -0.2197
v  -0.4322 0.7893 -0.2107
v  -0.4210 0.7779 -0.1510
v  -0.4388 0.8129 -0.2217
v  -0.4291 0.8100 -0.2187
v  -0.4231 0.8078 -0.2096
v  -0.4100 0.8002 -0.1498
v  -0.4378 0.8273 -0.2206
v  -0.4278 0.8284 -0.2173
v  -0.4217 0.8284 -0.2080
v  -0.4083 0.8249 -0.1478
v  -0.4425 0.8411 -0.2193
v  -0.4337 0.8458 -0.2156
v  -0.4283 0.8479 -0.2061
v  -0.4163 0.8483 -0.1456
v  -0.4521 0.8520 -0.2180
v  -0.4458 0.8596 -0.2140
v  -0.4419 0.8634 -0.2043
v  -0.4326 0.8669 -0.1433
v  -0.4651 0.8584 -0.2168
v  -0.4623 0.8677 -0.2125
v  -0.4604 0.8724 -0.2027
v  -0.4548 0.8778 -0.1414
v  -0.4796 0.8593 -0.2161
v  -0.4807 0.8688 -0.2116
v  -0.4810 0.8738 -0.2016
v  -0.4796 0.8794 -0.1401
v  -0.4862 0.8421 -0.1574
v  -0.4946 0.8348 -0.1576
v  -0.4995 0.8249 -0.1582
v  -0.5002 0.8139 -0.1590
v  -0.4967 0.8034 -0.1600
v  -0.4894 0.7951 -0.1610
v  -0.4795 0.7903 -0.1619
v  -0.4684 0.7896 -0.1625
v  -0.4579 0.7931 -0.1627
v  -0.4496 0.8004 -0.1625
v  -0.4447 0.8104 -0.1619
v  -0.4439 0.8214 -0.1610
v  -0.4475 0.8318 -0.1600
v  -0.4547 0.8401 -0.1590
v  -0.4647 0.8450 -0.1582
v  -0.4757 0.8457 -0.1576
v  -0.4840 0.8382 -0.2176
v  -0.4842 0.8387 -0.2107
v  -0.4874 0.8443 -0.2170
v  -0.4893 0.8335 -0.2178
v  -0.4949 0.8378 -0.2172
v  -0.4899 0.8337 -0.2108
v  -0.4925 0.8271 -0.2181
v  -0.4993 0.8289 -0.2177
v  -0.4933 0.8269 -0.2112
v  -0.4930 0.8200 -0.2187
v  -0.4999 0.8191 -0.2184
v  -0.4938 0.8193 -0.2118
v  -0.4907 0.8133 -0.2193
v  -0.4968 0.8098 -0.2193
v  -0.4914 0.8121 -0.2125
v  -0.4860 0.8079 -0.2200
v  -0.4903 0.8024 -0.2202
v  -0.4864 0.8064 -0.2132
v  -0.4796 0.8048 -0.2205
v  -0.4814 0.7980 -0.2210
v  -0.4796 0.8031 -0.2137
v  -0.4725 0.8043 -0.2209
v  -0.4716 0.7974 -0.2215
v  -0.4720 0.8026 -0.2141
v  -0.4657 0.8066 -0.2210
v  -0.4622 0.8006 -0.2217
v  -0.4648 0.8051 -0.2143
v  -0.4603 0.8113 -0.2209
v  -0.4548 0.8071 -0.2215
v  -0.4591 0.8101 -0.2141
v  -0.4572 0.8177 -0.2205
v  -0.4504 0.8159 -0.2210
v  -0.4557 0.8169 -0.2137
v  -0.4567 0.8248 -0.2200
v  -0.4497 0.8258 -0.2202
v  -0.4552 0.8244 -0.2132
v  -0.4590 0.8316 -0.2193
v  -0.4529 0.8351 -0.2193
v  -0.4576 0.8316 -0.2125
v  -0.4637 0.8369 -0.2187
v  -0.4594 0.8425 -0.2184
v  -0.4626 0.8373 -0.2118
v  -0.4701 0.8401 -0.2181
v  -0.4682 0.8468 -0.2177
v  -0.4694 0.8406 -0.2112
v  -0.4772 0.8405 -0.2178
v  -0.4781 0.8474 -0.2172
v  -0.4770 0.8411 -0.2108
v  -0.0000 0.9868 -0.2158
v  -0.0000 0.9964 -0.2112
v  -0.0000 1.0012 -0.2012
v  -0.0000 1.0062 -0.1397
v  -0.0143 0.9840 -0.2161
v  -0.0181 0.9928 -0.2116
v  -0.0203 0.9972 -0.2016
v  -0.0244 1.0013 -0.1401
v  -0.0264 0.9759 -0.2168
v  -0.0334 0.9826 -0.2125
v  -0.0375 0.9858 -0.2027
v  -0.0450 0.9876 -0.1414
v  -0.0345 0.9639 -0.2180
v  -0.0437 0.9673 -0.2140
v  -0.0490 0.9686 -0.2043
v  -0.0588 0.9670 -0.1433
v  -0.0373 0.9496 -0.2193
v  -0.0473 0.9493 -0.2156
v  -0.0530 0.9484 -0.2061
v  -0.0637 0.9428 -0.1456
v  -0.0345 0.9354 -0.2206
v  -0.0437 0.9313 -0.2173
v  -0.0490 0.9282 -0.2080
v  -0.0588 0.9185 -0.1478
v  -0.0264 0.9234 -0.2217
v  -0.0334 0.9160 -0.2187
v  -0.0375 0.9111 -0.2096
v  -0.0450 0.8980 -0.1498
v  -0.0143 0.9153 -0.2225
v  -0.0181 0.9058 -0.2197
v  -0.0203 0.8996 -0.2107
v  -0.0244 0.8842 -0.1510
v  -0.0000 0.9125 -0.2228
v  -0.0000 0.9022 -0.2200
v  -0.0000 0.8956 -0.2111
v  -0.0000 0.8794 -0.1515
v  0.0143 0.9153 -0.2225
v  0.0181 0.9058 -0.2197
v  0.0203 0.8996 -0.2107
v  0.0244 0.8842 -0.1510
v  0.0264 0.9234 -0.2217
v  0.0334 0.9160 -0.2187
v  0.0375 0.9111 -0.2096
v  0.0450 0.8980 -0.1498
v  0.0345 0.9354 -0.2206
v  0.0437 0.9313 -0.2173
v  0.0490 0.9282 -0.2080
v  0.0588 0.9185 -0.1478
v  0.0373 0.9496 -0.2193
v  0.0473 0.9493 -0.2156
v  0.0530 0.9484 -0.2061
v  0.0637 0.9428 -0.1456
v  0.0345 0.9639 -0.2180
v  0.0437 0.9673 -0.2140
v  0.0490 0.9686 -0.2043
v  0.0588 0.9670 -0.1433
v  0.0264 0.9759 -0.2168
v  0.0334 0.9826 -0.2125
v  0.0375 0.9858 -0.2027
v  0.0450 0.9876 -0.1414
v  0.0143 0.9840 -0.2161
v  0.0181 0.9928 -0.2116
v  0.0203 0.9972 -0.2016
v  0.0244 1.0013 -0.1401
v  -0.0000 0.9724 -0.1574
v  -0.0109 0.9703 -0.1576
v  -0.0201 0.9641 -0.1582
v  -0.0263 0.9550 -0.1590
v  -0.0284 0.9441 -0.1600
v  -0.0263 0.9333 -0.1610
v  -0.0201 0.9241 -0.1619
v  -0.0109 0.9180 -0.1625
v  -0.0000 0.9158 -0.1627
v  0.0109 0.9180 -0.1625
v  0.0201 0.9241 -0.1619
v  0.0262 0.9333 -0.1610
v  0.0284 0.9441 -0.1600
v  0.0262 0.9550 -0.1590
v  0.0201 0.9641 -0.1582
v  0.0109 0.9703 -0.1576
v  -0.0000 0.9679 -0.2176
v  -0.0000 0.9684 -0.2107
v  -0.0000 0.9749 -0.2170
v  -0.0070 0.9665 -0.2178
v  -0.0097 0.9729 -0.2172
v  -0.0075 0.9669 -0.2108
v  -0.0130 0.9626 -0.2181
v  -0.0179 0.9675 -0.2177
v  -0.0138 0.9627 -0.2112
v  -0.0169 0.9566 -0.2187
v  -0.0234 0.9593 -0.2184
v  -0.0180 0.9564 -0.2118
v  -0.0183 0.9497 -0.2193
v  -0.0253 0.9497 -0.2193
v  -0.0195 0.9490 -0.2125
v  -0.0169 0.9427 -0.2200
v  -0.0234 0.9400 -0.2202
v  -0.0180 0.9416 -0.2132
v  -0.0130 0.9367 -0.2205
v  -0.0179 0.9318 -0.2210
v  -0.0138 0.9353 -0.2137
v  -0.0070 0.9328 -0.2209
v  -0.0097 0.9264 -0.2215
v  -0.0075 0.9311 -0.2141
v  -0.0000 0.9314 -0.2210
v  -0.0000 0.9244 -0.2217
v  -0.0000 0.9296 -0.2143
v  0.0070 0.9328 -0.2209
v  0.0097 0.9264 -0.2215
v  0.0075 0.9311 -0.2141
v  0.0130 0.9367 -0.2205
v  0.0179 0.9318 -0.2210
v  0.0138 0.9353 -0.2137
v  0.0169 0.9427 -0.2200
v  0.0234 0.9400 -0.2202
v  0.0180 0.9416 -0.2132
v  0.0183 0.9497 -0.2193
v  0.0253 0.9497 -0.2193
v  0.0195 0.9490 -0.2125
v  0.0169 0.9566 -0.2187
v  0.0234 0.9593 -0.2184
v  0.0180 0.9564 -0.2118
v  0.0130 0.9626 -0.2181
v  0.0179 0.9675 -0.2177
v  0.0138 0.9627 -0.2112
v  0.0070 0.9665 -0.2178
v  0.0097 0.9729 -0.2172
v  0.0075 0.9669 -0.2108
v  0.4934 0.8546 -0.2158
v  0.4982 0.8629 -0.2112
v  0.5006 0.8671 -0.2012
v  0.5031 0.8714 -0.1397
v  0.4796 0.8593 -0.2161
v  0.4807 0.8688 -0.2116
v  0.4810 0.8738 -0.2016
v  0.4796 0.8794 -0.1401
v  0.4651 0.8584 -0.2168
v  0.4623 0.8677 -0.2125
v  0.4604 0.8724 -0.2027
v  0.4548 0.8778 -0.1414
v  0.4521 0.8520 -0.2180
v  0.4458 0.8596 -0.2140
v  0.4419 0.8634 -0.2043
v  0.4326 0.8669 -0.1433
v  0.4425 0.8411 -0.2193
v  0.4337 0.8458 -0.2156
v  0.4283 0.8479 -0.2061
v  0.4163 0.8483 -0.1456
v  0.4378 0.8273 -0.2206
v  0.4278 0.8284 -0.2173
v  0.4217 0.8284 -0.2080
v  0.4083 0.8249 -0.1478
v  0.4388 0.8129 -0.2217
v  0.4291 0.8100 -0.2187
v  0.4231 0.8078 -0.2096
v  0.4100 0.8002 -0.1498
v  0.4453 0.7998 -0.2225
v  0.4372 0.7935 -0.2197
v  0.4322 0.7893 -0.2107
v  0.4210 0.7779 -0.1510
v  0.4562 0.7902 -0.2228
v  0.4511 0.7814 -0.2200
v  0.4478 0.7756 -0.2111
v  0.4397 0.7616 -0.1515
v  0.4700 0.7855 -0.2225
v  0.4686 0.7754 -0.2197
v  0.4674 0.7690 -0.2107
v  0.4632 0.7536 -0.1510
v  0.4845 0.7864 -0.2217
v  0.4870 0.7766 -0.2187
v  0.4880 0.7703 -0.2096
v  0.4880 0.7552 -0.1498
v  0.4976 0.7928 -0.2206
v  0.5035 0.7847 -0.2173
v  0.5065 0.7794 -0.2080
v  0.5102 0.7661 -0.1478
v  0.5072 0.8037 -0.2193
v  0.5156 0.7985 -0.2156
v  0.5201 0.7948 -0.2061
v  0.5265 0.7846 -0.1456
v  0.5118 0.8175 -0.2180
v  0.5215 0.8159 -0.2140
v  0.5267 0.8144 -0.2043
v  0.5345 0.8081 -0.1433
v  0.5108 0.8320 -0.2168
v  0.5203 0.8342 -0.2125
v  0.5254 0.8349 -0.2027
v  0.5328 0.8328 -0.1414
v  0.5044 0.8450 -0.2161
v  0.5121 0.8507 -0.2116
v  0.5162 0.8535 -0.2016
v  0.5218 0.8550 -0.1401
v  0.4862 0.8421 -0.1574
v  0.4757 0.8457 -0.1576
v  0.4647 0.8450 -0.1582
v  0.4547 0.8401 -0.1590
v  0.4475 0.8318 -0.1600
v  0.4439 0.8214 -0.1610
v  0.4447 0.8104 -0.1619
v  0.4496 0.8004 -0.1625
v  0.4579 0.7931 -0.1627
v  0.4684 0.7896 -0.1625
v  0.4795 0.7903 -0.1619
v  0.4894 0.7951 -0.1610
v  0.4967 0.8034 -0.1600
v  0.5002 0.8139 -0.1590
v  0.4995 0.8249 -0.1582
v  0.4945 0.8348 -0.1576
v  0.4839 0.8382 -0.2176
v  0.4842 0.8387 -0.2107
v  0.4874 0.8443 -0.2170
v  0.4772 0.8405 -0.2178
v  0.4781 0.8474 -0.2172
v  0.4770 0.8411 -0.2108
v  0.4701 0.8401 -0.2181
v  0.4682 0.8468 -0.2177
v  0.4694 0.8406 -0.2112
v  0.4637 0.8369 -0.2187
v  0.4594 0.8425 -0.2184
v  0.4626 0.8373 -0.2118
v  0.4590 0.8316 -0.2193
v  0.4529 0.8351 -0.2193
v  0.4576 0.8316 -0.2125
v  0.4567 0.8248 -0.2200
v  0.4497 0.8258 -0.2202
v  0.4552 0.8244 -0.2132
v  0.4572 0.8177 -0.2205
v  0.4504 0.8159 -0.2210
v  0.4557 0.8169 -0.2137
v  0.4603 0.8113 -0.2209
v  0.4548 0.8071 -0.2215
v  0.4591 0.8101 -0.2141
v  0.4657 0.8066 -0.2210
v  0.4622 0.8006 -0.2217
v  0.4648 0.8051 -0.2143
v  0.4725 0.8043 -0.2209
v  0.4716 0.7974 -0.2215
v  0.4720 0.8026 -0.2141
v  0.4796 0.8048 -0.2205
v  0.4814 0.7980 -0.2210
v  0.4796 0.8031 -0.2137
v  0.4860 0.8079 -0.2200
v  0.4903 0.8024 -0.2202
v  0.4864 0.8064 -0.2132
v  0.4907 0.8133 -0.2193
v  0.4968 0.8098 -0.2193
v  0.4914 0.8121 -0.2125
v  0.4930 0.8200 -0.2187
v  0.4999 0.8191 -0.2184
v  0.4938 0.8193 -0.2118
v  0.4925 0.8271 -0.2181
v  0.4992 0.8289 -0.2177
v  0.4933 0.8269 -0.2112
v  0.4893 0.8335 -0.2178
v  0.4949 0.8378 -0.2172
v  0.4899 0.8337 -0.2108
v  0.8546 0.4934 -0.2158
v  0.8629 0.4982 -0.2112
v  0.8671 0.5006 -0.2012
v  0.8714 0.5031 -0.1397
v  0.8450 0.5044 -0.2161
v  0.8507 0.5121 -0.2116
v  0.8535 0.5162 -0.2016
v  0.8550 0.5218 -0.1401
v  0.8320 0.5108 -0.2168
v  0.8342 0.5203 -0.2125
v  0.8349 0.5254 -0.2027
v  0.8328 0.5328 -0.1414
v  0.8175 0.5118 -0.2180
v  0.8159 0.5215 -0.2140
v  0.8144 0.5267 -0.2043
v  0.8081 0.5345 -0.1433
v  0.8037 0.5072 -0.2193
v  0.7985 0.5156 -0.2156
v  0.7948 0.5201 -0.2061
v  0.7846 0.5265 -0.1456
v  0.7928 0.4976 -0.2206
v  0.7847 0.5035 -0.2173
v  0.7794 0.5065 -0.2080
v  0.7661 0.5102 -0.1478
v  0.7864 0.4845 -0.2217
v  0.7766 0.4870 -0.2187
v  0.7703 0.4880 -0.2096
v  0.7552 0.4880 -0.1498
v  0.7855 0.4700 -0.2225
v  0.7754 0.4686 -0.2197
v  0.7690 0.4674 -0.2107
v  0.7536 0.4632 -0.1510
v  0.7902 0.4562 -0.2228
v  0.7814 0.4511 -0.2200
v  0.7756 0.4478 -0.2111
v  0.7616 0.4397 -0.1515
v  0.7998 0.4453 -0.2225
v  0.7935 0.4372 -0.2197
v  0.7893 0.4322 -0.2107
v  0.7779 0.4210 -0.1510
v  0.8129 0.4388 -0.2217
v  0.8100 0.4291 -0.2187
v  0.8078 0.4231 -0.2096
v  0.8002 0.4100 -0.1498
v  0.8273 0.4378 -0.2206
v  0.8284 0.4278 -0.2173
v  0.8284 0.4217 -0.2080
v  0.8249 0.4083 -0.1478
v  0.8411 0.4425 -0.2193
v  0.8458 0.4337 -0.2156
v  0.8479 0.4283 -0.2061
v  0.8483 0.4163 -0.1456
v  0.8520 0.4521 -0.2180
v  0.8596 0.4458 -0.2140
v  0.8634 0.4419 -0.2043
v  0.8669 0.4326 -0.1433
v  0.8584 0.4651 -0.2168
v  0.8677 0.4623 -0.2125
v  0.8724 0.4604 -0.2027
v  0.8778 0.4548 -0.1414
v  0.8593 0.4796 -0.2161
v  0.8688 0.4807 -0.2116
v  0.8738 0.4810 -0.2016
v  0.8794 0.4796 -0.1401
v  0.8421 0.4862 -0.1574
v  0.8348 0.4946 -0.1576
v  0.8249 0.4995 -0.1582
v  0.8139 0.5002 -0.1590
v  0.8034 0.4967 -0.1600
v  0.7951 0.4894 -0.1610
v  0.7903 0.4795 -0.1619
v  0.7896 0.4684 -0.1625
v  0.7931 0.4579 -0.1627
v  0.8004 0.4496 -0.1625
v  0.8104 0.4447 -0.1619
v  0.8214 0.4439 -0.1610
v  0.8318 0.4475 -0.1600
v  0.8401 0.4547 -0.1590
v  0.8450 0.4647 -0.1582
v  0.8457 0.4757 -0.1576
v  0.8382 0.4840 -0.2176
v  0.8387 0.4842 -0.2107
v  0.8443 0.4874 -0.2170
v  0.8335 0.4893 -0.2178
v  0.8378 0.4949 -0.2172
v  0.8337 0.4899 -0.2108
v  0.8271 0.4925 -0.2181
v  0.8289 0.4993 -0.2177
v  0.8269 0.4933 -0.2112
v  0.8200 0.4930 -0.2187
v  0.8191 0.4999 -0.2184
v  0.8193 0.4938 -0.2118
v  0.8133 0.4907 -0.2193
v  0.8098 0.4968 -0.2193
v  0.8121 0.4914 -0.2125
v  0.8079 0.4860 -0.2200
v  0.8024 0.4903 -0.2202
v  0.8064 0.4864 -0.2132
v  0.8048 0.4796 -0.2205
v  0.7980 0.4814 -0.2210
v  0.8031 0.4796 -0.2137
v  0.8043 0.4725 -0.2209
v  0.7974 0.4716 -0.2215
v  0.8026 0.4720 -0.2141
v  0.8066 0.4657 -0.2210
v  0.8006 0.4622 -0.2217
v  0.8051 0.4648 -0.2143
v  0.8113 0.4603 -0.2209
v  0.8071 0.4548 -0.2215
v  0.8101 0.4591 -0.2141
v  0.8177 0.4572 -0.2205
v  0.8159 0.4504 -0.2210
v  0.8169 0.4557 -0.2137
v  0.8248 0.4567 -0.2200
v  0.8258 0.4497 -0.2202
v  0.8244 0.4552 -0.2132
v  0.8316 0.4590 -0.2193
v  0.8351 0.4529 -0.2193
v  0.8316 0.4576 -0.2125
v  0.8369 0.4637 -0.2187
v  0.8425 0.4594 -0.2184
v  0.8373 0.4626 -0.2118
v  0.8401 0.4701 -0.2181
v  0.8468 0.4682 -0.2177
v  0.8406 0.4694 -0.2112
v  0.8405 0.4772 -0.2178
v  0.8474 0.4781 -0.2172
v  0.8411 0.4770 -0.2108
v  0.9868 0.0000 -0.2158
v  0.9964 0.0000 -0.2112
v  1.0012 0.0000 -0.2012
v  1.0062 0.0000 -0.1397
v  0.9840 0.0143 -0.2161
v  0.9928 0.0181 -0.2116
v  0.9972 0.0203 -0.2016
v  1.0013 0.0244 -0.1401
v  0.9759 0.0264 -0.2168
v  0.9826 0.0334 -0.2125
v  0.9858 0.0375 -0.2027
v  0.9876 0.0450 -0.1414
v  0.9639 0.0345 -0.2180
v  0.9673 0.0437 -0.2140
v  0.9686 0.0490 -0.2043
v  0.9670 0.0588 -0.1433
v  0.9496 0.0373 -0.2193
v  0.9493 0.0473 -0.2156
v  0.9484 0.0530 -0.2061
v  0.9428 0.0637 -0.1456
v  0.9354 0.0345 -0.2206
v  0.9313 0.0437 -0.2173
v  0.9282 0.0490 -0.2080
v  0.9185 0.0588 -0.1478
v  0.9234 0.0264 -0.2217
v  0.9160 0.0334 -0.2187
v  0.9111 0.0375 -0.2096
v  0.8980 0.0450 -0.1498
v  0.9153 0.0143 -0.2225
v  0.9058 0.0181 -0.2197
v  0.8996 0.0203 -0.2107
v  0.8842 0.0244 -0.1510
v  0.9125 0.0000 -0.2228
v  0.9022 0.0000 -0.2200
v  0.8956 0.0000 -0.2111
v  0.8794 0.0000 -0.1515
v  0.9153 -0.0143 -0.2225
v  0.9058 -0.0181 -0.2197
v  0.8996 -0.0203 -0.2107
v  0.8842 -0.0244 -0.1510
v  0.9234 -0.0264 -0.2217
v  0.9160 -0.0334 -0.2187
v  0.9111 -0.0375 -0.2096
v  0.8980 -0.0450 -0.1498
v  0.9354 -0.0345 -0.2206
v  0.9313 -0.0437 -0.2173
v  0.9282 -0.0490 -0.2080
v  0.9185 -0.0588 -0.1478
v  0.9496 -0.0373 -0.2193
v  0.9493 -0.0473 -0.2156
v  0.9484 -0.0530 -0.2061
v  0.9428 -0.0637 -0.1456
v  0.9639 -0.0345 -0.2180
v  0.9673 -0.0437 -0.2140
v  0.9686 -0.0490 -0.2043
v  0.9670 -0.0588 -0.1433
v  0.9759 -0.0264 -0.2168
v  0.9826 -0.0334 -0.2125
v  0.9858 -0.0375 -0.2027
v  0.9876 -0.0450 -0.1414
v  0.9840 -0.0143 -0.2161
v  0.9928 -0.0181 -0.2116
v  0.9972 -0.0203 -0.2016
v  1.0013 -0.0244 -0.1401
v  0.9724 0.0000 -0.1574
v  0.9703 0.0109 -0.1576
v  0.9641 0.0201 -0.1582
v  0.9550 0.0263 -0.1590
v  0.9441 0.0284 -0.1600
v  0.9333 0.0263 -0.1610
v  0.9241 0.0201 -0.1619
v  0.9180 0.0109 -0.1625
v  0.9158 0.0000 -0.1627
v  0.9180 -0.0109 -0.1625
v  0.9241 -0.0201 -0.1619
v  0.9333 -0.0262 -0.1610
v  0.9441 -0.0284 -0.1600
v  0.9550 -0.0262 -0.1590
v  0.9641 -0.0201 -0.1582
v  0.9703 -0.0109 -0.1576
v  0.9679 0.0000 -0.2176
v  0.9684 0.0000 -0.2107
v  0.9749 0.0000 -0.2170
v  0.9665 0.0070 -0.2178
v  0.9729 0.0097 -0.2172
v  0.9669 0.0075 -0.2108
v  0.9626 0.0130 -0.2181
v  0.9675 0.0179 -0.2177
v  0.9627 0.0138 -0.2112
v  0.9566 0.0169 -0.2187
v  0.9593 0.0234 -0.2184
v  0.9564 0.0180 -0.2118
v  0.9497 0.0183 -0.2193
v  0.9497 0.0253 -0.2193
v  0.9490 0.0195 -0.2125
v  0.9427 0.0169 -0.2200
v  0.9400 0.0234 -0.2202
v  0.9416 0.0180 -0.2132
v  0.9367 0.0130 -0.2205
v  0.9318 0.0179 -0.2210
v  0.9353 0.0138 -0.2137
v  0.9328 0.0070 -0.2209
v  0.9264 0.0097 -0.2215
v  0.9311 0.0075 -0.2141
v  0.9314 0.0000 -0.2210
v  0.9244 0.0000 -0.2217
v  0.9296 0.0000 -0.2143
v  0.9328 -0.0070 -0.2209
v  0.9264 -0.0097 -0.2215
v  0.9311 -0.0075 -0.2141
v  0.9367 -0.0130 -0.2205
v  0.9318 -0.0179 -0.2210
v  0.9353 -0.0138 -0.2137
v  0.9427 -0.0169 -0.2200
v  0.9400 -0.0234 -0.2202
v  0.9416 -0.0180 -0.2132
v  0.9497 -0.0183 -0.2193
v  0.9497 -0.0253 -0.2193
v  0.9490 -0.0195 -0.2125
v  0.9566 -0.0169 -0.2187
v  0.9593 -0.0234 -0.2184
v  0.9564 -0.0180 -0.2118
v  0.9626 -0.0130 -0.2181
v  0.9675 -0.0179 -0.2177
v  0.9627 -0.0138 -0.2112
v  0.9665 -0.0070 -0.2178
v  0.9729 -0.0097 -0.2172
v  0.9669 -0.0075 -0.2108
v  0.8546 -0.4934 -0.2158
v  0.8629 -0.4982 -0.2112
v  0.8671 -0.5006 -0.2012
v  0.8714 -0.5031 -0.1397
v  0.8593 -0.4796 -0.2161
v  0.8688 -0.4807 -0.2116
v  0.8738 -0.4810 -0.2016
v  0.8794 -0.4796 -0.1401
v  0.8584 -0.4651 -0.2168
v  0.8677 -0.4623 -0.2125
v  0.8724 -0.4604 -0.2027
v  0.8778 -0.4548 -0.1414
v  0.8520 -0.4521 -0.2180
v  0.8596 -0.4458 -0.2140
v  0.8634 -0.4419 -0.2043
v  0.8669 -0.4326 -0.1433
v  0.8411 -0.4425 -0.2193
v  0.8458 -0.4337 -0.2156
v  0.8479 -0.4283 -0.2061
v  0.8483 -0.4163 -0.1456
v  0.8273 -0.4378 -0.2206
v  0.8284 -0.4278 -0.2173
v  0.8284 -0.4217 -0.2080
v  0.8249 -0.4083 -0.1478
v  0.8129 -0.4388 -0.2217
v  0.8100 -0.4291 -0.2187
v  0.8078 -0.4231 -0.2096
v  0.8002 -0.4100 -0.1498
v  0.7998 -0.4453 -0.2225
v  0.7935 -0.4372 -0.2197
v  0.7893 -0.4322 -0.2107
v  0.7779 -0.4210 -0.1510
v  0.7902 -0.4562 -0.2228
v  0.7814 -0.4511 -0.2200
v  0.7756 -0.4478 -0.2111
v  0.7616 -0.4397 -0.1515
v  0.7855 -0.4700 -0.2225
v  0.7754 -0.4686 -0.2197
v  0.7690 -0.4674 -0.2107
v  0.7536 -0.4632 -0.1510
v  0.7864 -0.4845 -0.2217
v  0.7766 -0.4870 -0.2187
v  0.7703 -0.4880 -0.2096
v  0.7552 -0.4880 -0.1498
v  0.7928 -0.4976 -0.2206
v  0.7847 -0.5035 -0.2173
v  0.7794 -0.5065 -0.2080
v  0.7661 -0.5102 -0.1478
v  0.8037 -0.5072 -0.2193
v  0.7985 -0.5156 -0.2156
v  0.7948 -0.5201 -0.2061
v  0.7846 -0.5265 -0.1456
v  0.8175 -0.5118 -0.2180
v  0.8159 -0.5215 -0.2140
v  0.8144 -0.5267 -0.2043
v  0.8081 -0.5345 -0.1433
v  0.8320 -0.5108 -0.2168
v  0.8342 -0.5203 -0.2125
v  0.8349 -0.5254 -0.2027
v  0.8328 -0.5328 -0.1414
v  0.8450 -0.5044 -0.2161
v  0.8507 -0.5121 -0.2116
v  0.8535 -0.5162 -0.2016
v  0.8550 -0.5218 -0.1401
v  0.8421 -0.4862 -0.1574
v  0.8457 -0.4757 -0.1576
v  0.8450 -0.4647 -0.1582
v  0.8401 -0.4547 -0.1590
v  0.8318 -0.4475 -0.1600
v  0.8214 -0.4439 -0.1610
v  0.8104 -0.4447 -0.1619
v  0.8004 -0.4496 -0.1625
v  0.7931 -0.4579 -0.1627
v  0.7896 -0.4684 -0.1625
v  0.7903 -0.4795 -0.1619
v  0.7951 -0.4894 -0.1610
v  0.8034 -0.4967 -0.1600
v  0.8139 -0.5002 -0.1590
v  0.8249 -0.4995 -0.1582
v  0.8348 -0.4945 -0.1576
v  0.8382 -0.4839 -0.2176
v  0.8387 -0.4842 -0.2107
v  0.8443 -0.4874 -0.2170
v  0.8405 -0.4772 -0.2178
v  0.8474 -0.4781 -0.2172
v  0.8411 -0.4770 -0.2108
v  0.8401 -0.4701 -0.2181
v  0.8468 -0.4682 -0.2177
v  0.8406 -0.4694 -0.2112
v  0.8369 -0.4637 -0.2187
v  0.8425 -0.4594 -0.2184
v  0.8373 -0.4626 -0.2118
v  0.8316 -0.4590 -0.2193
v  0.8351 -0.4529 -0.2193
v  0.8316 -0.4576 -0.2125
v  0.8248 -0.4567 -0.2200
v  0.8258 -0.4497 -0.2202
v  0.8244 -0.4552 -0.2132
v  0.8177 -0.4572 -0.2205
v  0.8159 -0.4504 -0.2210
v  0.8169 -0.4557 -0.2137
v  0.8113 -0.4603 -0.2209
v  0.8071 -0.4548 -0.2215
v  0.8101 -0.4591 -0.2141
v  0.8066 -0.4657 -0.2210
v  0.8006 -0.4622 -0.2217
v  0.8051 -0.4648 -0.2143
v  0.8043 -0.4725 -0.2209
v  0.7974 -0.4716 -0.2215
v  0.8026 -0.4720 -0.2141
v  0.8048 -0.4796 -0.2205
v  0.7980 -0.4814 -0.2210
v  0.8031 -0.4796 -0.2137
v  0.8079 -0.4860 -0.2200
v  0.8024 -0.4903 -0.2202
v  0.8064 -0.4864 -0.2132
v  0.8133 -0.4907 -0.2193
v  0.8098 -0.4968 -0.2193
v  0.8121 -0.4914 -0.2125
v  0.8200 -0.4930 -0.2187
v  0.8191 -0.4999 -0.2184
v  0.8193 -0.4938 -0.2118
v  0.8271 -0.4925 -0.2181
v  0.8289 -0.4992 -0.2177
v  0.8269 -0.4933 -0.2112
v  0.8335 -0.4893 -0.2178
v  0.8378 -0.4949 -0.2172
v  0.8337 -0.4899 -0.2108
v  0.4934 -0.8546 -0.2158
v  0.4982 -0.8629 -0.2112
v  0.5006 -0.8671 -0.2012
v  0.5031 -0.8714 -0.1397
v  0.5044 -0.8450 -0.2161
v  0.5121 -0.8507 -0.2116
v  0.5162 -0.8535 -0.2016
v  0.5218 -0.8550 -0.1401
v  0.5108 -0.8320 -0.2168
v  0.5203 -0.8342 -0.2125
v  0.5254 -0.8349 -0.2027
v  0.5328 -0.8328 -0.1414
v  0.5118 -0.8175 -0.2180
v  0.5215 -0.8159 -0.2140
v  0.5267 -0.8144 -0.2043
v  0.5345 -0.8081 -0.1433
v  0.5072 -0.8037 -0.2193
v  0.5156 -0.7985 -0.2156
v  0.5201 -0.7948 -0.2061
v  0.5265 -0.7846 -0.1456
v  0.4976 -0.7928 -0.2206
v  0.5035 -0.7847 -0.2173
v  0.5065 -0.7794 -0.2080
v  0.5102 -0.7661 -0.1478
v  0.4845 -0.7864 -0.2217
v  0.4870 -0.7766 -0.2187
v  0.4880 -0.7703 -0.2096
v  0.4880 -0.7552 -0.1498
v  0.4700 -0.7855 -0.2225
v  0.4686 -0.7754 -0.2197
v  0.4674 -0.7690 -0.2107
v  0.4632 -0.7536 -0.1510
v  0.4562 -0.7902 -0.2228
v  0.4511 -0.7813 -0.2200
v  0.4478 -0.7756 -0.2111
v  0.4397 -0.7616 -0.1515
v  0.4453 -0.7998 -0.2225
v  0.4372 -0.7935 -0.2197
v  0.4322 -0.7893 -0.2107
v  0.4210 -0.7779 -0.1510
v  0.4388 -0.8129 -0.2217
v  0.4291 -0.8100 -0.2187
v  0.4231 -0.8078 -0.2096
v  0.4100 -0.8002 -0.1498
v  0.4378 -0.8273 -0.2206
v  0.4278 -0.8284 -0.2173
v  0.4217 -0.8284 -0.2080
v  0.4083 -0.8249 -0.1478
v  0.4425 -0.8411 -0.2193
v  0.4337 -0.8458 -0.2156
v  0.4283 -0.8479 -0.2061
v  0.4163 -0.8483 -0.1456
v  0.4521 -0.8520 -0.2180
v  0.4458 -0.8596 -0.2140
v  0.4419 -0.8634 -0.2043
v  0.4326 -0.8669 -0.1433
v  0.4651 -0.8584 -0.2168
v  0.4623 -0.8677 -0.2125
v  0.4604 -0.8724 -0.2027
v  0.4548 -0.8778 -0.1414
v  0.4796 -0.8593 -0.2161
v  0.4807 -0.8688 -0.2116
v  0.4810 -0.8738 -0.2016
v  0.4796 -0.8794 -0.1401
v  0.4862 -0.8421 -0.1574
v  0.4946 -0.8348 -0.1576
v  0.4995 -0.8249 -0.1582
v  0.5002 -0.8139 -0.1590
v  0.4967 -0.8034 -0.1600
v  0.4894 -0.7951 -0.1610
v  0.4795 -0.7903 -0.1619
v  0.4684 -0.7896 -0.1625
v  0.4579 -0.7931 -0.1627
v  0.4496 -0.8004 -0.1625
v  0.4447 -0.8104 -0.1619
v  0.4439 -0.8214 -0.1610
v  0.4475 -0.8318 -0.1600
v  0.4547 -0.8401 -0.1590
v  0.4647 -0.8450 -0.1582
v  0.4757 -0.8457 -0.1576
v  0.4840 -0.8382 -0.2176
v  0.4842 -0.8387 -0.2107
v  0.4874 -0.8443 -0.2170
v  0.4893 -0.8335 -0.2178
v  0.4949 -0.8378 -0.2172
v  0.4899 -0.8337 -0.2108
v  0.4925 -0.8271 -0.2181
v  0.4993 -0.8289 -0.2177
v  0.4933 -0.8269 -0.2112
v  0.4930 -0.8200 -0.2187
v  0.4999 -0.8191 -0.2184
v  0.4938 -0.8193 -0.2118
v  0.4907 -0.8133 -0.2193
v  0.4968 -0.8098 -0.2193
v  0.4914 -0.8121 -0.2125
v  0.4860 -0.8079 -0.2200
v  0.4903 -0.8024 -0.2202
v  0.4864 -0.8064 -0.2132
v  0.4796 -0.8048 -0.2205
v  0.4814 -0.7980 -0.2210
v  0.4796 -0.8031 -0.2137
v  0.4725 -0.8043 -0.2209
v  0.4716 -0.7974 -0.2215
v  0.4720 -0.8026 -0.2141
v  0.4657 -0.8066 -0.2210
v  0.4622 -0.8006 -0.2217
v  0.4648 -0.8051 -0.2143
v  0.4603 -0.8113 -0.2209
v  0.4548 -0.8071 -0.2215
v  0.4591 -0.8101 -0.2141
v  0.4572 -0.8177 -0.2205
v  0.4504 -0.8159 -0.2210
v  0.4557 -0.8169 -0.2137
v  0.4567 -0.8248 -0.2200
v  0.4497 -0.8258 -0.2202
v  0.4552 -0.8244 -0.2132
v  0.4590 -0.8316 -0.2193
v  0.4529 -0.8351 -0.2193
v  0.4576 -0.8316 -0.2125
v  0.4637 -0.8369 -0.2187
v  0.4594 -0.8425 -0.2184
v  0.4626 -0.8373 -0.2118
v  0.4701 -0.8401 -0.2181
v  0.4682 -0.8468 -0.2177
v  0.4694 -0.8406 -0.2112
v  0.4772 -0.8405 -0.2178
v  0.4781 -0.8474 -0.2172
v  0.4770 -0.8411 -0.2108
# 5178 vertices

o 8013_AK
g 8013_AK
s 1
f 1343 373 1 1341 
f 373 374 2 1 
f 374 514 3 2 
f 514 375 4 3 
f 375 517 5 4 
f 517 519 6 5 
f 519 521 7 6 
f 521 523 8 7 
f 523 376 9 8 
f 376 377 10 9 
f 377 378 11 10 
f 378 379 12 11 
f 379 388 386 12 
f 1341 1 13 1347 
f 1 2 14 13 
f 2 3 15 14 
f 3 4 16 15 
f 4 5 17 16 
f 5 6 18 17 
f 6 7 19 18 
f 7 8 20 19 
f 8 9 21 20 
f 9 10 22 21 
f 10 11 23 22 
f 11 12 24 23 
f 12 386 391 24 
f 1347 13 25 1350 
f 13 14 26 25 
f 14 15 27 26 
f 15 16 28 27 
f 16 17 29 28 
f 17 18 30 29 
f 18 19 31 30 
f 19 20 32 31 
f 20 21 33 32 
f 21 22 34 33 
f 22 23 35 34 
f 23 24 36 35 
f 24 391 394 36 
f 1350 25 37 1353 
f 25 26 38 37 
f 26 27 39 38 
f 27 28 40 39 
f 28 29 41 40 
f 29 30 42 41 
f 30 31 43 42 
f 31 32 44 43 
f 32 33 45 44 
f 33 34 46 45 
f 34 35 47 46 
f 35 36 48 47 
f 36 394 397 48 
f 1353 37 49 1356 
f 37 38 50 49 
f 38 39 51 50 
f 39 40 52 51 
f 40 41 53 52 
f 41 42 54 53 
f 42 43 55 54 
f 43 44 56 55 
f 44 45 57 56 
f 45 46 58 57 
f 46 47 59 58 
f 47 48 60 59 
f 48 397 400 60 
f 1356 49 61 1359 
f 49 50 62 61 
f 50 51 63 62 
f 51 52 64 63 
f 52 53 65 64 
f 53 54 66 65 
f 54 55 67 66 
f 55 56 68 67 
f 56 57 69 68 
f 57 58 70 69 
f 58 59 71 70 
f 59 60 72 71 
f 60 400 403 72 
f 1359 61 73 1362 
f 61 62 74 73 
f 62 63 75 74 
f 63 64 76 75 
f 64 65 77 76 
f 65 66 78 77 
f 66 67 79 78 
f 67 68 80 79 
f 68 69 81 80 
f 69 70 82 81 
f 70 71 83 82 
f 71 72 84 83 
f 72 403 406 84 
f 1362 73 85 1365 
f 73 74 86 85 
f 74 75 87 86 
f 75 76 88 87 
f 76 77 89 88 
f 77 78 90 89 
f 78 79 91 90 
f 79 80 92 91 
f 80 81 93 92 
f 81 82 94 93 
f 82 83 95 94 
f 83 84 96 95 
f 84 406 409 96 
f 1365 85 97 1368 
f 85 86 98 97 
f 86 87 99 98 
f 87 88 100 99 
f 88 89 101 100 
f 89 90 102 101 
f 90 91 103 102 
f 91 92 104 103 
f 92 93 105 104 
f 93 94 106 105 
f 94 95 107 106 
f 95 96 108 107 
f 96 409 412 108 
f 1368 97 109 1371 
f 97 98 110 109 
f 98 99 111 110 
f 99 100 112 111 
f 100 101 113 112 
f 101 102 114 113 
f 102 103 115 114 
f 103 104 116 115 
f 104 105 117 116 
f 105 106 118 117 
f 106 107 119 118 
f 107 108 120 119 
f 108 412 415 120 
f 1371 109 121 1374 
f 109 110 122 121 
f 110 111 123 122 
f 111 112 124 123 
f 112 113 125 124 
f 113 114 126 125 
f 114 115 127 126 
f 115 116 128 127 
f 116 117 129 128 
f 117 118 130 129 
f 118 119 131 130 
f 119 120 132 131 
f 120 415 418 132 
f 1374 121 133 1377 
f 121 122 134 133 
f 122 123 135 134 
f 123 124 136 135 
f 124 125 137 136 
f 125 126 138 137 
f 126 127 139 138 
f 127 128 140 139 
f 128 129 141 140 
f 129 130 142 141 
f 130 131 143 142 
f 131 132 144 143 
f 132 418 421 144 
f 1377 133 145 1380 
f 133 134 146 145 
f 134 135 147 146 
f 135 136 148 147 
f 136 137 149 148 
f 137 138 150 149 
f 138 139 151 150 
f 139 140 152 151 
f 140 141 153 152 
f 141 142 154 153 
f 142 143 155 154 
f 143 144 156 155 
f 144 421 424 156 
f 1380 145 157 1383 
f 145 146 158 157 
f 146 147 159 158 
f 147 148 160 159 
f 148 149 161 160 
f 149 150 162 161 
f 150 151 163 162 
f 151 152 164 163 
f 152 153 165 164 
f 153 154 166 165 
f 154 155 167 166 
f 155 156 168 167 
f 156 424 427 168 
f 1383 157 169 1386 
f 157 158 170 169 
f 158 159 171 170 
f 159 160 172 171 
f 160 161 173 172 
f 161 162 174 173 
f 162 163 175 174 
f 163 164 176 175 
f 164 165 177 176 
f 165 166 178 177 
f 166 167 179 178 
f 167 168 180 179 
f 168 427 430 180 
f 1386 169 181 1389 
f 169 170 182 181 
f 170 171 183 182 
f 171 172 184 183 
f 172 173 185 184 
f 173 174 186 185 
f 174 175 187 186 
f 175 176 188 187 
f 176 177 189 188 
f 177 178 190 189 
f 178 179 191 190 
f 179 180 192 191 
f 180 430 433 192 
f 1389 181 193 1392 
f 181 182 194 193 
f 182 183 195 194 
f 183 184 196 195 
f 184 185 197 196 
f 185 186 198 197 
f 186 187 199 198 
f 187 188 200 199 
f 188 189 201 200 
f 189 190 202 201 
f 190 191 203 202 
f 191 192 204 203 
f 192 433 436 204 
f 1392 193 205 1395 
f 193 194 206 205 
f 194 195 207 206 
f 195 196 208 207 
f 196 197 209 208 
f 197 198 210 209 
f 198 199 211 210 
f 199 200 212 211 
f 200 201 213 212 
f 201 202 214 213 
f 202 203 215 214 
f 203 204 216 215 
f 204 436 439 216 
f 1395 205 217 1398 
f 205 206 218 217 
f 206 207 219 218 
f 207 208 220 219 
f 208 209 221 220 
f 209 210 222 221 
f 210 211 223 222 
f 211 212 224 223 
f 212 213 225 224 
f 213 214 226 225 
f 214 215 227 226 
f 215 216 228 227 
f 216 439 442 228 
f 1398 217 229 1401 
f 217 218 230 229 
f 218 219 231 230 
f 219 220 232 231 
f 220 221 233 232 
f 221 222 234 233 
f 222 223 235 234 
f 223 224 236 235 
f 224 225 237 236 
f 225 226 238 237 
f 226 227 239 238 
f 227 228 240 239 
f 228 442 445 240 
f 1401 229 241 1404 
f 229 230 242 241 
f 230 231 243 242 
f 231 232 244 243 
f 232 233 245 244 
f 233 234 246 245 
f 234 235 247 246 
f 235 236 248 247 
f 236 237 249 248 
f 237 238 250 249 
f 238 239 251 250 
f 239 240 252 251 
f 240 445 448 252 
f 1404 241 253 1407 
f 241 242 254 253 
f 242 243 255 254 
f 243 244 256 255 
f 244 245 257 256 
f 245 246 258 257 
f 246 247 259 258 
f 247 248 260 259 
f 248 249 261 260 
f 249 250 262 261 
f 250 251 263 262 
f 251 252 264 263 
f 252 448 451 264 
f 1407 253 265 1410 
f 253 254 266 265 
f 254 255 267 266 
f 255 256 268 267 
f 256 257 269 268 
f 257 258 270 269 
f 258 259 271 270 
f 259 260 272 271 
f 260 261 273 272 
f 261 262 274 273 
f 262 263 275 274 
f 263 264 276 275 
f 264 451 454 276 
f 1410 265 277 1413 
f 265 266 278 277 
f 266 267 279 278 
f 267 268 280 279 
f 268 269 281 280 
f 269 270 282 281 
f 270 271 283 282 
f 271 272 284 283 
f 272 273 285 284 
f 273 274 286 285 
f 274 275 287 286 
f 275 276 288 287 
f 276 454 457 288 
f 1413 277 289 1416 
f 277 278 290 289 
f 278 279 291 290 
f 279 280 292 291 
f 280 281 293 292 
f 281 282 294 293 
f 282 283 295 294 
f 283 284 296 295 
f 284 285 297 296 
f 285 286 298 297 
f 286 287 299 298 
f 287 288 300 299 
f 288 457 460 300 
f 1416 289 301 1419 
f 289 290 302 301 
f 290 291 303 302 
f 291 292 304 303 
f 292 293 305 304 
f 293 294 306 305 
f 294 295 307 306 
f 295 296 308 307 
f 296 297 309 308 
f 297 298 310 309 
f 298 299 311 310 
f 299 300 312 311 
f 300 460 463 312 
f 1419 301 313 1422 
f 301 302 314 313 
f 302 303 315 314 
f 303 304 316 315 
f 304 305 317 316 
f 305 306 318 317 
f 306 307 319 318 
f 307 308 320 319 
f 308 309 321 320 
f 309 310 322 321 
f 310 311 323 322 
f 311 312 324 323 
f 312 463 466 324 
f 1422 313 325 1425 
f 313 314 326 325 
f 314 315 327 326 
f 315 316 328 327 
f 316 317 329 328 
f 317 318 330 329 
f 318 319 331 330 
f 319 320 332 331 
f 320 321 333 332 
f 321 322 334 333 
f 322 323 335 334 
f 323 324 336 335 
f 324 466 469 336 
f 1425 325 337 1428 
f 325 326 338 337 
f 326 327 339 338 
f 327 328 340 339 
f 328 329 341 340 
f 329 330 342 341 
f 330 331 343 342 
f 331 332 344 343 
f 332 333 345 344 
f 333 334 346 345 
f 334 335 347 346 
f 335 336 348 347 
f 336 469 472 348 
f 1428 337 349 1431 
f 337 338 350 349 
f 338 339 351 350 
f 339 340 352 351 
f 340 341 353 352 
f 341 342 354 353 
f 342 343 355 354 
f 343 344 356 355 
f 344 345 357 356 
f 345 346 358 357 
f 346 347 359 358 
f 347 348 360 359 
f 348 472 475 360 
f 1431 349 361 1434 
f 349 350 362 361 
f 350 351 363 362 
f 351 352 364 363 
f 352 353 365 364 
f 353 354 366 365 
f 354 355 367 366 
f 355 356 368 367 
f 356 357 369 368 
f 357 358 370 369 
f 358 359 371 370 
f 359 360 372 371 
f 360 483 372 
f 1434 361 920 1437 
f 361 362 921 920 
f 362 363 922 921 
f 363 364 380 922 
f 364 365 923 380 
f 365 366 381 923 
f 366 367 382 381 
f 367 368 383 382 
f 368 369 924 383 
f 369 370 925 924 
f 370 371 926 925 
f 371 372 384 926 
f 372 483 486 384 
s 2
f 387 389 928 
f 503 476 491 
f 476 473 928 
f 473 470 928 
f 470 467 928 
f 467 464 928 
f 464 461 928 
f 461 458 928 
f 458 455 928 
f 455 452 928 
f 452 449 928 
f 449 446 928 
f 446 443 928 
f 443 440 928 
f 440 437 928 
f 437 434 928 
f 434 431 928 
f 431 428 928 
f 428 425 928 
f 425 422 928 
f 422 419 928 
f 419 416 928 
f 416 413 928 
f 413 410 928 
f 410 407 928 
f 407 404 928 
f 404 401 928 
f 401 398 928 
f 398 395 928 
f 395 392 928 
f 392 387 928 
f 491 928 493 
s 4
f 504 505 506 507 
s 2
f 964 508 509 501 
s 1
f 500 510 511 494 
f 502 478 477 479 
s 2
f 503 480 477 478 
s 4
f 504 485 481 482 
f 505 479 477 480 
f 506 488 487 489 
f 507 496 495 497 
s 2
f 508 484 481 485 
f 509 497 495 498 
s 1
f 510 498 495 496 
f 511 489 487 490 
f 386 388 986 385 
f 391 386 385 390 
f 394 391 390 393 
f 397 394 393 396 
f 400 397 396 399 
f 403 400 399 402 
f 406 403 402 405 
f 409 406 405 408 
f 412 409 408 411 
f 415 412 411 414 
f 418 415 414 417 
f 421 418 417 420 
f 424 421 420 423 
f 427 424 423 426 
f 430 427 426 429 
f 433 430 429 432 
f 436 433 432 435 
f 439 436 435 438 
f 442 439 438 441 
f 445 442 441 444 
f 448 445 444 447 
f 451 448 447 450 
f 454 451 450 453 
f 457 454 453 456 
f 460 457 456 459 
f 463 460 459 462 
f 466 463 462 465 
f 469 466 465 468 
f 472 469 468 471 
f 475 472 471 474 
f 502 475 474 478 
f 483 502 479 482 
f 486 483 484 1017 
s 2
f 389 387 385 986 
f 476 503 478 474 
f 503 491 488 480 
f 473 476 474 471 
f 470 473 471 468 
f 467 470 468 465 
f 464 467 465 462 
f 461 464 462 459 
f 458 461 459 456 
f 455 458 456 453 
f 452 455 453 450 
f 449 452 450 447 
f 446 449 447 444 
f 443 446 444 441 
f 440 443 441 438 
f 437 440 438 435 
f 434 437 435 432 
f 431 434 432 429 
f 428 431 429 426 
f 425 428 426 423 
f 422 425 423 420 
f 419 422 420 417 
f 416 419 417 414 
f 413 416 414 411 
f 410 413 411 408 
f 407 410 408 405 
f 404 407 405 402 
f 401 404 402 399 
f 398 401 399 396 
f 395 398 396 393 
f 392 395 393 390 
f 387 392 390 385 
f 491 493 492 490 
s 4
f 505 504 482 479 
f 506 505 480 488 
f 507 506 489 496 
f 504 507 497 485 
s 2
f 508 964 1017 484 
f 509 508 485 497 
f 501 509 498 499 
s 1
f 510 500 499 498 
f 511 510 496 489 
f 494 511 490 492 
f 483 482 481 484 
s 2
f 491 490 487 488 
s 1
f 360 475 502 483 
s 2
f 476 928 491 
s 1
f 1343 1439 512 373 
f 373 512 513 374 
f 374 513 515 514 
f 514 515 516 375 
f 375 516 518 517 
f 517 518 520 519 
f 519 520 522 521 
f 521 522 524 523 
f 523 524 525 376 
f 376 525 526 377 
f 377 526 527 378 
f 378 527 528 379 
f 379 528 529 388 
f 1439 1442 530 512 
f 512 530 531 513 
f 513 531 532 515 
f 515 532 533 516 
f 516 533 534 518 
f 518 534 535 520 
f 520 535 536 522 
f 522 536 537 524 
f 524 537 538 525 
f 525 538 539 526 
f 526 539 540 527 
f 527 540 541 528 
f 528 541 542 529 
f 1442 1445 543 530 
f 530 543 544 531 
f 531 544 545 532 
f 532 545 546 533 
f 533 546 547 534 
f 534 547 548 535 
f 535 548 549 536 
f 536 549 550 537 
f 537 550 551 538 
f 538 551 552 539 
f 539 552 553 540 
f 540 553 554 541 
f 541 554 555 542 
f 1445 1448 556 543 
f 543 556 557 544 
f 544 557 558 545 
f 545 558 559 546 
f 546 559 560 547 
f 547 560 561 548 
f 548 561 562 549 
f 549 562 563 550 
f 550 563 564 551 
f 551 564 565 552 
f 552 565 566 553 
f 553 566 567 554 
f 554 567 568 555 
f 1448 1451 569 556 
f 556 569 570 557 
f 557 570 571 558 
f 558 571 572 559 
f 559 572 573 560 
f 560 573 574 561 
f 561 574 575 562 
f 562 575 576 563 
f 563 576 577 564 
f 564 577 578 565 
f 565 578 579 566 
f 566 579 580 567 
f 567 580 581 568 
f 1451 1454 582 569 
f 569 582 583 570 
f 570 583 584 571 
f 571 584 585 572 
f 572 585 586 573 
f 573 586 587 574 
f 574 587 588 575 
f 575 588 589 576 
f 576 589 590 577 
f 577 590 591 578 
f 578 591 592 579 
f 579 592 593 580 
f 580 593 594 581 
f 1454 1457 595 582 
f 582 595 596 583 
f 583 596 597 584 
f 584 597 598 585 
f 585 598 599 586 
f 586 599 600 587 
f 587 600 601 588 
f 588 601 602 589 
f 589 602 603 590 
f 590 603 604 591 
f 591 604 605 592 
f 592 605 606 593 
f 593 606 607 594 
f 1457 1460 608 595 
f 595 608 609 596 
f 596 609 610 597 
f 597 610 611 598 
f 598 611 612 599 
f 599 612 613 600 
f 600 613 614 601 
f 601 614 615 602 
f 602 615 616 603 
f 603 616 617 604 
f 604 617 618 605 
f 605 618 619 606 
f 606 619 620 607 
f 1460 1463 621 608 
f 608 621 622 609 
f 609 622 623 610 
f 610 623 624 611 
f 611 624 625 612 
f 612 625 626 613 
f 613 626 627 614 
f 614 627 628 615 
f 615 628 629 616 
f 616 629 630 617 
f 617 630 631 618 
f 618 631 632 619 
f 619 632 633 620 
f 1463 1466 634 621 
f 621 634 635 622 
f 622 635 636 623 
f 623 636 637 624 
f 624 637 638 625 
f 625 638 639 626 
f 626 639 640 627 
f 627 640 641 628 
f 628 641 642 629 
f 629 642 643 630 
f 630 643 644 631 
f 631 644 645 632 
f 632 645 646 633 
f 1466 1469 647 634 
f 634 647 648 635 
f 635 648 649 636 
f 636 649 650 637 
f 637 650 651 638 
f 638 651 652 639 
f 639 652 653 640 
f 640 653 654 641 
f 641 654 655 642 
f 642 655 656 643 
f 643 656 657 644 
f 644 657 658 645 
f 645 658 659 646 
f 1469 1472 660 647 
f 647 660 661 648 
f 648 661 662 649 
f 649 662 663 650 
f 650 663 664 651 
f 651 664 665 652 
f 652 665 666 653 
f 653 666 667 654 
f 654 667 668 655 
f 655 668 669 656 
f 656 669 670 657 
f 657 670 671 658 
f 658 671 672 659 
f 1472 1475 673 660 
f 660 673 674 661 
f 661 674 675 662 
f 662 675 676 663 
f 663 676 677 664 
f 664 677 678 665 
f 665 678 679 666 
f 666 679 680 667 
f 667 680 681 668 
f 668 681 682 669 
f 669 682 683 670 
f 670 683 684 671 
f 671 684 685 672 
f 1475 1478 686 673 
f 673 686 687 674 
f 674 687 688 675 
f 675 688 689 676 
f 676 689 690 677 
f 677 690 691 678 
f 678 691 692 679 
f 679 692 693 680 
f 680 693 694 681 
f 681 694 695 682 
f 682 695 696 683 
f 683 696 697 684 
f 684 697 698 685 
f 1478 1481 699 686 
f 686 699 700 687 
f 687 700 701 688 
f 688 701 702 689 
f 689 702 703 690 
f 690 703 704 691 
f 691 704 705 692 
f 692 705 706 693 
f 693 706 707 694 
f 694 707 708 695 
f 695 708 709 696 
f 696 709 710 697 
f 697 710 711 698 
f 1481 1484 712 699 
f 699 712 713 700 
f 700 713 714 701 
f 701 714 715 702 
f 702 715 716 703 
f 703 716 717 704 
f 704 717 718 705 
f 705 718 719 706 
f 706 719 720 707 
f 707 720 721 708 
f 708 721 722 709 
f 709 722 723 710 
f 710 723 724 711 
f 1484 1487 725 712 
f 712 725 726 713 
f 713 726 727 714 
f 714 727 728 715 
f 715 728 729 716 
f 716 729 730 717 
f 717 730 731 718 
f 718 731 732 719 
f 719 732 733 720 
f 720 733 734 721 
f 721 734 735 722 
f 722 735 736 723 
f 723 736 737 724 
f 1487 1490 738 725 
f 725 738 739 726 
f 726 739 740 727 
f 727 740 741 728 
f 728 741 742 729 
f 729 742 743 730 
f 730 743 744 731 
f 731 744 745 732 
f 732 745 746 733 
f 733 746 747 734 
f 734 747 748 735 
f 735 748 749 736 
f 736 749 750 737 
f 1490 1493 751 738 
f 738 751 752 739 
f 739 752 753 740 
f 740 753 754 741 
f 741 754 755 742 
f 742 755 756 743 
f 743 756 757 744 
f 744 757 758 745 
f 745 758 759 746 
f 746 759 760 747 
f 747 760 761 748 
f 748 761 762 749 
f 749 762 763 750 
f 1493 1496 764 751 
f 751 764 765 752 
f 752 765 766 753 
f 753 766 767 754 
f 754 767 768 755 
f 755 768 769 756 
f 756 769 770 757 
f 757 770 771 758 
f 758 771 772 759 
f 759 772 773 760 
f 760 773 774 761 
f 761 774 775 762 
f 762 775 776 763 
f 1496 1499 777 764 
f 764 777 778 765 
f 765 778 779 766 
f 766 779 780 767 
f 767 780 781 768 
f 768 781 782 769 
f 769 782 783 770 
f 770 783 784 771 
f 771 784 785 772 
f 772 785 786 773 
f 773 786 787 774 
f 774 787 788 775 
f 775 788 789 776 
f 1499 1502 790 777 
f 777 790 791 778 
f 778 791 792 779 
f 779 792 793 780 
f 780 793 794 781 
f 781 794 795 782 
f 782 795 796 783 
f 783 796 797 784 
f 784 797 798 785 
f 785 798 799 786 
f 786 799 800 787 
f 787 800 801 788 
f 788 801 802 789 
f 1502 1505 803 790 
f 790 803 804 791 
f 791 804 805 792 
f 792 805 806 793 
f 793 806 807 794 
f 794 807 808 795 
f 795 808 809 796 
f 796 809 810 797 
f 797 810 811 798 
f 798 811 812 799 
f 799 812 813 800 
f 800 813 814 801 
f 801 814 815 802 
f 1505 1508 816 803 
f 803 816 817 804 
f 804 817 818 805 
f 805 818 819 806 
f 806 819 820 807 
f 807 820 821 808 
f 808 821 822 809 
f 809 822 823 810 
f 810 823 824 811 
f 811 824 825 812 
f 812 825 826 813 
f 813 826 827 814 
f 814 827 828 815 
f 1508 1511 829 816 
f 816 829 830 817 
f 817 830 831 818 
f 818 831 832 819 
f 819 832 833 820 
f 820 833 834 821 
f 821 834 835 822 
f 822 835 836 823 
f 823 836 837 824 
f 824 837 838 825 
f 825 838 839 826 
f 826 839 840 827 
f 827 840 841 828 
f 1511 1514 842 829 
f 829 842 843 830 
f 830 843 844 831 
f 831 844 845 832 
f 832 845 846 833 
f 833 846 847 834 
f 834 847 848 835 
f 835 848 849 836 
f 836 849 850 837 
f 837 850 851 838 
f 838 851 852 839 
f 839 852 853 840 
f 840 853 854 841 
f 1514 1517 855 842 
f 842 855 856 843 
f 843 856 857 844 
f 844 857 858 845 
f 845 858 859 846 
f 846 859 860 847 
f 847 860 861 848 
f 848 861 862 849 
f 849 862 863 850 
f 850 863 864 851 
f 851 864 865 852 
f 852 865 866 853 
f 853 866 867 854 
f 1517 1520 868 855 
f 855 868 869 856 
f 856 869 870 857 
f 857 870 871 858 
f 858 871 872 859 
f 859 872 873 860 
f 860 873 874 861 
f 861 874 875 862 
f 862 875 876 863 
f 863 876 877 864 
f 864 877 878 865 
f 865 878 879 866 
f 866 879 880 867 
f 1520 1523 881 868 
f 868 881 882 869 
f 869 882 883 870 
f 870 883 884 871 
f 871 884 885 872 
f 872 885 886 873 
f 873 886 887 874 
f 874 887 888 875 
f 875 888 889 876 
f 876 889 890 877 
f 877 890 891 878 
f 878 891 892 879 
f 879 892 893 880 
f 1523 1526 894 881 
f 881 894 895 882 
f 882 895 896 883 
f 883 896 897 884 
f 884 897 898 885 
f 885 898 899 886 
f 886 899 900 887 
f 887 900 901 888 
f 888 901 902 889 
f 889 902 903 890 
f 890 903 904 891 
f 891 904 905 892 
f 892 905 906 893 
f 1526 1529 907 894 
f 894 907 908 895 
f 895 908 909 896 
f 896 909 910 897 
f 897 910 911 898 
f 898 911 912 899 
f 899 912 913 900 
f 900 913 914 901 
f 901 914 915 902 
f 902 915 916 903 
f 903 916 917 904 
f 904 917 918 905 
f 905 918 919 
f 1529 1437 920 907 
f 907 920 921 908 
f 908 921 922 909 
f 909 922 380 910 
f 910 380 923 911 
f 911 923 381 912 
f 912 381 382 913 
f 913 382 383 914 
f 914 383 924 915 
f 915 924 925 916 
f 916 925 926 917 
f 917 926 384 918 
f 918 384 486 919 
s 2
f 927 928 389 
f 929 931 930 
f 930 928 932 
f 932 928 933 
f 933 928 934 
f 934 928 935 
f 935 928 936 
f 936 928 937 
f 937 928 938 
f 938 928 939 
f 939 928 940 
f 940 928 941 
f 941 928 942 
f 942 928 943 
f 943 928 944 
f 944 928 945 
f 945 928 946 
f 946 928 947 
f 947 928 948 
f 948 928 949 
f 949 928 950 
f 950 928 951 
f 951 928 952 
f 952 928 953 
f 953 928 954 
f 954 928 955 
f 955 928 956 
f 956 928 957 
f 957 928 958 
f 958 928 959 
f 959 928 927 
f 931 493 928 
s 4
f 960 963 962 961 
s 2
f 964 501 966 965 
s 1
f 500 494 968 967 
f 969 972 971 970 
s 2
f 929 970 971 973 
s 4
f 960 976 975 974 
f 961 973 971 972 
f 962 979 978 977 
f 963 982 981 980 
s 2
f 965 974 975 983 
f 966 984 981 982 
s 1
f 967 980 981 984 
f 968 985 978 979 
f 529 987 986 388 
f 542 988 987 529 
f 555 989 988 542 
f 568 990 989 555 
f 581 991 990 568 
f 594 992 991 581 
f 607 993 992 594 
f 620 994 993 607 
f 633 995 994 620 
f 646 996 995 633 
f 659 997 996 646 
f 672 998 997 659 
f 685 999 998 672 
f 698 1000 999 685 
f 711 1001 1000 698 
f 724 1002 1001 711 
f 737 1003 1002 724 
f 750 1004 1003 737 
f 763 1005 1004 750 
f 776 1006 1005 763 
f 789 1007 1006 776 
f 802 1008 1007 789 
f 815 1009 1008 802 
f 828 1010 1009 815 
f 841 1011 1010 828 
f 854 1012 1011 841 
f 867 1013 1012 854 
f 880 1014 1013 867 
f 893 1015 1014 880 
f 906 1016 1015 893 
f 969 970 1016 906 
f 919 976 972 969 
f 486 1017 983 919 
s 2
f 389 986 987 927 
f 930 1016 970 929 
f 929 973 977 931 
f 932 1015 1016 930 
f 933 1014 1015 932 
f 934 1013 1014 933 
f 935 1012 1013 934 
f 936 1011 1012 935 
f 937 1010 1011 936 
f 938 1009 1010 937 
f 939 1008 1009 938 
f 940 1007 1008 939 
f 941 1006 1007 940 
f 942 1005 1006 941 
f 943 1004 1005 942 
f 944 1003 1004 943 
f 945 1002 1003 944 
f 946 1001 1002 945 
f 947 1000 1001 946 
f 948 999 1000 947 
f 949 998 999 948 
f 950 997 998 949 
f 951 996 997 950 
f 952 995 996 951 
f 953 994 995 952 
f 954 993 994 953 
f 955 992 993 954 
f 956 991 992 955 
f 957 990 991 956 
f 958 989 990 957 
f 959 988 989 958 
f 927 987 988 959 
f 931 985 492 493 
s 4
f 961 972 976 960 
f 962 977 973 961 
f 963 980 979 962 
f 960 974 982 963 
s 2
f 965 983 1017 964 
f 966 982 974 965 
f 501 499 984 966 
s 1
f 967 984 499 500 
f 968 979 980 967 
f 494 492 985 968 
f 919 983 975 976 
s 2
f 931 977 978 985 
s 1
f 905 919 969 906 
s 2
f 930 931 928 
s 1
f 1535 1018 1022 1533 
f 1018 1019 1023 1022 
f 1019 1020 1024 1023 
f 1020 1021 1025 1024 
f 1276 1274 1275 
f 1533 1022 1026 1539 
f 1022 1023 1027 1026 
f 1023 1024 1028 1027 
f 1024 1025 1029 1028 
f 1275 1274 1338 
f 1539 1026 1030 1542 
f 1026 1027 1031 1030 
f 1027 1028 1032 1031 
f 1028 1029 1033 1032 
f 1338 1274 1337 
f 1542 1030 1034 1545 
f 1030 1031 1035 1034 
f 1031 1032 1036 1035 
f 1032 1033 1037 1036 
f 1337 1274 1336 
f 1545 1034 1038 1548 
f 1034 1035 1039 1038 
f 1035 1036 1040 1039 
f 1036 1037 1041 1040 
f 1336 1274 1335 
f 1548 1038 1042 1551 
f 1038 1039 1043 1042 
f 1039 1040 1044 1043 
f 1040 1041 1045 1044 
f 1335 1274 1334 
f 1551 1042 1046 1554 
f 1042 1043 1047 1046 
f 1043 1044 1048 1047 
f 1044 1045 1049 1048 
f 1334 1274 1333 
f 1554 1046 1050 1557 
f 1046 1047 1051 1050 
f 1047 1048 1052 1051 
f 1048 1049 1053 1052 
f 1333 1274 1332 
f 1557 1050 1054 1560 
f 1050 1051 1055 1054 
f 1051 1052 1056 1055 
f 1052 1053 1057 1056 
f 1332 1274 1331 
f 1560 1054 1058 1563 
f 1054 1055 1059 1058 
f 1055 1056 1060 1059 
f 1056 1057 1061 1060 
f 1331 1274 1330 
f 1563 1058 1062 1566 
f 1058 1059 1063 1062 
f 1059 1060 1064 1063 
f 1060 1061 1065 1064 
f 1330 1274 1329 
f 1566 1062 1066 1569 
f 1062 1063 1067 1066 
f 1063 1064 1068 1067 
f 1064 1065 1069 1068 
f 1329 1274 1328 
f 1569 1066 1070 1572 
f 1066 1067 1071 1070 
f 1067 1068 1072 1071 
f 1068 1069 1073 1072 
f 1328 1274 1327 
f 1572 1070 1074 1575 
f 1070 1071 1075 1074 
f 1071 1072 1076 1075 
f 1072 1073 1077 1076 
f 1327 1274 1326 
f 1575 1074 1078 1578 
f 1074 1075 1079 1078 
f 1075 1076 1080 1079 
f 1076 1077 1081 1080 
f 1326 1274 1325 
f 1578 1078 1082 1581 
f 1078 1079 1083 1082 
f 1079 1080 1084 1083 
f 1080 1081 1085 1084 
f 1325 1274 1324 
f 1581 1082 1086 1584 
f 1082 1083 1087 1086 
f 1083 1084 1088 1087 
f 1084 1085 1089 1088 
f 1324 1274 1323 
f 1584 1086 1090 1587 
f 1086 1087 1091 1090 
f 1087 1088 1092 1091 
f 1088 1089 1093 1092 
f 1323 1274 1322 
f 1587 1090 1094 1590 
f 1090 1091 1095 1094 
f 1091 1092 1096 1095 
f 1092 1093 1097 1096 
f 1322 1274 1321 
f 1590 1094 1098 1593 
f 1094 1095 1099 1098 
f 1095 1096 1100 1099 
f 1096 1097 1101 1100 
f 1321 1274 1320 
f 1593 1098 1102 1596 
f 1098 1099 1103 1102 
f 1099 1100 1104 1103 
f 1100 1101 1105 1104 
f 1320 1274 1319 
f 1596 1102 1106 1599 
f 1102 1103 1107 1106 
f 1103 1104 1108 1107 
f 1104 1105 1109 1108 
f 1319 1274 1318 
f 1599 1106 1110 1602 
f 1106 1107 1111 1110 
f 1107 1108 1112 1111 
f 1108 1109 1113 1112 
f 1318 1274 1317 
f 1602 1110 1114 1605 
f 1110 1111 1115 1114 
f 1111 1112 1116 1115 
f 1112 1113 1117 1116 
f 1317 1274 1316 
f 1605 1114 1118 1608 
f 1114 1115 1119 1118 
f 1115 1116 1120 1119 
f 1116 1117 1121 1120 
f 1316 1274 1315 
f 1608 1118 1122 1611 
f 1118 1119 1123 1122 
f 1119 1120 1124 1123 
f 1120 1121 1125 1124 
f 1315 1274 1314 
f 1611 1122 1126 1614 
f 1122 1123 1127 1126 
f 1123 1124 1128 1127 
f 1124 1125 1129 1128 
f 1314 1274 1313 
f 1614 1126 1130 1617 
f 1126 1127 1131 1130 
f 1127 1128 1132 1131 
f 1128 1129 1133 1132 
f 1313 1274 1312 
f 1617 1130 1134 1620 
f 1130 1131 1135 1134 
f 1131 1132 1136 1135 
f 1132 1133 1137 1136 
f 1312 1274 1311 
f 1620 1134 1138 1623 
f 1134 1135 1139 1138 
f 1135 1136 1140 1139 
f 1136 1137 1141 1140 
f 1311 1274 1310 
f 1623 1138 1142 1626 
f 1138 1139 1143 1142 
f 1139 1140 1144 1143 
f 1140 1141 1145 1144 
f 1310 1274 1309 
f 1626 1142 1146 1629 
f 1142 1143 1147 1146 
f 1143 1144 1148 1147 
f 1144 1145 1149 1148 
f 1309 1274 1308 
f 1629 1146 1150 1632 
f 1146 1147 1151 1150 
f 1147 1148 1152 1151 
f 1148 1149 1153 1152 
f 1308 1274 1307 
f 1632 1150 1154 1635 
f 1150 1151 1155 1154 
f 1151 1152 1156 1155 
f 1152 1153 1157 1156 
f 1307 1274 1306 
f 1635 1154 1158 1638 
f 1154 1155 1159 1158 
f 1155 1156 1160 1159 
f 1156 1157 1161 1160 
f 1306 1274 1305 
f 1638 1158 1162 1641 
f 1158 1159 1163 1162 
f 1159 1160 1164 1163 
f 1160 1161 1165 1164 
f 1305 1274 1304 
f 1641 1162 1166 1644 
f 1162 1163 1167 1166 
f 1163 1164 1168 1167 
f 1164 1165 1169 1168 
f 1304 1274 1303 
f 1644 1166 1170 1647 
f 1166 1167 1171 1170 
f 1167 1168 1172 1171 
f 1168 1169 1173 1172 
f 1303 1274 1302 
f 1647 1170 1174 1650 
f 1170 1171 1175 1174 
f 1171 1172 1176 1175 
f 1172 1173 1177 1176 
f 1302 1274 1301 
f 1650 1174 1178 1653 
f 1174 1175 1179 1178 
f 1175 1176 1180 1179 
f 1176 1177 1181 1180 
f 1301 1274 1300 
f 1653 1178 1182 1656 
f 1178 1179 1183 1182 
f 1179 1180 1184 1183 
f 1180 1181 1185 1184 
f 1300 1274 1299 
f 1656 1182 1186 1659 
f 1182 1183 1187 1186 
f 1183 1184 1188 1187 
f 1184 1185 1189 1188 
f 1299 1274 1298 
f 1659 1186 1190 1662 
f 1186 1187 1191 1190 
f 1187 1188 1192 1191 
f 1188 1189 1193 1192 
f 1298 1274 1297 
f 1662 1190 1194 1665 
f 1190 1191 1195 1194 
f 1191 1192 1196 1195 
f 1192 1193 1197 1196 
f 1297 1274 1296 
f 1665 1194 1198 1668 
f 1194 1195 1199 1198 
f 1195 1196 1200 1199 
f 1196 1197 1201 1200 
f 1296 1274 1295 
f 1668 1198 1202 1671 
f 1198 1199 1203 1202 
f 1199 1200 1204 1203 
f 1200 1201 1205 1204 
f 1295 1274 1294 
f 1671 1202 1206 1674 
f 1202 1203 1207 1206 
f 1203 1204 1208 1207 
f 1204 1205 1209 1208 
f 1294 1274 1293 
f 1674 1206 1210 1677 
f 1206 1207 1211 1210 
f 1207 1208 1212 1211 
f 1208 1209 1213 1212 
f 1293 1274 1292 
f 1677 1210 1214 1680 
f 1210 1211 1215 1214 
f 1211 1212 1216 1215 
f 1212 1213 1217 1216 
f 1292 1274 1291 
f 1680 1214 1218 1683 
f 1214 1215 1219 1218 
f 1215 1216 1220 1219 
f 1216 1217 1221 1220 
f 1291 1274 1290 
f 1683 1218 1222 1686 
f 1218 1219 1223 1222 
f 1219 1220 1224 1223 
f 1220 1221 1225 1224 
f 1290 1274 1289 
f 1686 1222 1226 1689 
f 1222 1223 1227 1226 
f 1223 1224 1228 1227 
f 1224 1225 1229 1228 
f 1289 1274 1288 
f 1689 1226 1230 1692 
f 1226 1227 1231 1230 
f 1227 1228 1232 1231 
f 1228 1229 1233 1232 
f 1288 1274 1287 
f 1692 1230 1234 1695 
f 1230 1231 1235 1234 
f 1231 1232 1236 1235 
f 1232 1233 1237 1236 
f 1287 1274 1286 
f 1695 1234 1238 1698 
f 1234 1235 1239 1238 
f 1235 1236 1240 1239 
f 1236 1237 1241 1240 
f 1286 1274 1285 
f 1698 1238 1242 1701 
f 1238 1239 1243 1242 
f 1239 1240 1244 1243 
f 1240 1241 1245 1244 
f 1285 1274 1284 
f 1701 1242 1246 1704 
f 1242 1243 1247 1246 
f 1243 1244 1248 1247 
f 1244 1245 1249 1248 
f 1284 1274 1283 
f 1704 1246 1250 1707 
f 1246 1247 1251 1250 
f 1247 1248 1252 1251 
f 1248 1249 1253 1252 
f 1283 1274 1282 
f 1707 1250 1254 1710 
f 1250 1251 1255 1254 
f 1251 1252 1256 1255 
f 1252 1253 1257 1256 
f 1282 1274 1281 
f 1710 1254 1258 1713 
f 1254 1255 1259 1258 
f 1255 1256 1260 1259 
f 1256 1257 1261 1260 
f 1281 1274 1280 
f 1713 1258 1262 1716 
f 1258 1259 1263 1262 
f 1259 1260 1264 1263 
f 1260 1261 1265 1264 
f 1280 1274 1279 
f 1716 1262 1266 1719 
f 1262 1263 1267 1266 
f 1263 1264 1268 1267 
f 1264 1265 1269 1268 
f 1279 1274 1278 
f 1719 1266 1270 1722 
f 1266 1267 1271 1270 
f 1267 1268 1272 1271 
f 1268 1269 1273 1272 
f 1278 1274 1277 
f 1722 1270 1018 1535 
f 1270 1271 1019 1018 
f 1271 1272 1020 1019 
f 1272 1273 1021 1020 
f 1277 1274 1276 
f 1025 1021 1276 1275 
f 1021 1273 1277 1276 
f 1273 1269 1278 1277 
f 1269 1265 1279 1278 
f 1265 1261 1280 1279 
f 1261 1257 1281 1280 
f 1257 1253 1282 1281 
f 1253 1249 1283 1282 
f 1249 1245 1284 1283 
f 1245 1241 1285 1284 
f 1241 1237 1286 1285 
f 1237 1233 1287 1286 
f 1233 1229 1288 1287 
f 1229 1225 1289 1288 
f 1225 1221 1290 1289 
f 1221 1217 1291 1290 
f 1217 1213 1292 1291 
f 1213 1209 1293 1292 
f 1209 1205 1294 1293 
f 1205 1201 1295 1294 
f 1201 1197 1296 1295 
f 1197 1193 1297 1296 
f 1193 1189 1298 1297 
f 1189 1185 1299 1298 
f 1185 1181 1300 1299 
f 1181 1177 1301 1300 
f 1177 1173 1302 1301 
f 1173 1169 1303 1302 
f 1169 1165 1304 1303 
f 1165 1161 1305 1304 
f 1161 1157 1306 1305 
f 1157 1153 1307 1306 
f 1153 1149 1308 1307 
f 1149 1145 1309 1308 
f 1145 1141 1310 1309 
f 1141 1137 1311 1310 
f 1137 1133 1312 1311 
f 1133 1129 1313 1312 
f 1129 1125 1314 1313 
f 1125 1121 1315 1314 
f 1121 1117 1316 1315 
f 1117 1113 1317 1316 
f 1113 1109 1318 1317 
f 1109 1105 1319 1318 
f 1105 1101 1320 1319 
f 1101 1097 1321 1320 
f 1097 1093 1322 1321 
f 1093 1089 1323 1322 
f 1089 1085 1324 1323 
f 1085 1081 1325 1324 
f 1081 1077 1326 1325 
f 1077 1073 1327 1326 
f 1073 1069 1328 1327 
f 1069 1065 1329 1328 
f 1065 1061 1330 1329 
f 1061 1057 1331 1330 
f 1057 1053 1332 1331 
f 1053 1049 1333 1332 
f 1049 1045 1334 1333 
f 1045 1041 1335 1334 
f 1041 1037 1336 1335 
f 1037 1033 1337 1336 
f 1033 1029 1338 1337 
f 1029 1025 1275 1338 
s 2
f 1346 1349 1715 1718 
f 1349 1352 1712 1715 
f 1352 1355 1709 1712 
f 1355 1358 1706 1709 
f 1358 1361 1703 1706 
f 1361 1364 1700 1703 
f 1364 1367 1697 1700 
f 1367 1370 1694 1697 
f 1370 1373 1691 1694 
f 1373 1376 1688 1691 
f 1376 1379 1685 1688 
f 1379 1382 1682 1685 
f 1382 1385 1679 1682 
f 1385 1388 1676 1679 
f 1388 1391 1673 1676 
f 1391 1394 1670 1673 
f 1394 1397 1667 1670 
f 1397 1400 1664 1667 
f 1400 1403 1661 1664 
f 1403 1406 1658 1661 
f 1406 1409 1655 1658 
f 1409 1412 1652 1655 
f 1412 1415 1649 1652 
f 1415 1418 1646 1649 
f 1418 1421 1643 1646 
f 1421 1424 1640 1643 
f 1424 1427 1637 1640 
f 1427 1430 1634 1637 
f 1430 1433 1631 1634 
f 1433 1436 1628 1631 
f 1436 1530 1625 1628 
f 1530 1527 1622 1625 
f 1527 1524 1619 1622 
f 1524 1521 1616 1619 
f 1521 1518 1613 1616 
f 1518 1515 1610 1613 
f 1515 1512 1607 1610 
f 1512 1509 1604 1607 
f 1509 1506 1601 1604 
f 1506 1503 1598 1601 
f 1503 1500 1595 1598 
f 1500 1497 1592 1595 
f 1497 1494 1589 1592 
f 1494 1491 1586 1589 
f 1491 1488 1583 1586 
f 1488 1485 1580 1583 
f 1485 1482 1577 1580 
f 1482 1479 1574 1577 
f 1479 1476 1571 1574 
f 1476 1473 1568 1571 
f 1473 1470 1565 1568 
f 1470 1467 1562 1565 
f 1467 1464 1559 1562 
f 1464 1461 1556 1559 
f 1461 1458 1553 1556 
f 1458 1455 1550 1553 
f 1455 1452 1547 1550 
f 1452 1449 1544 1547 
f 1449 1446 1541 1544 
f 1446 1443 1538 1541 
f 1443 1440 1532 1538 
f 1440 1344 1536 1532 
f 1344 1340 1721 1536 
f 1340 1346 1718 1721 
s 1
f 1343 1341 1339 1342 
f 1341 1347 1345 1339 
f 1347 1350 1348 1345 
f 1350 1353 1351 1348 
f 1353 1356 1354 1351 
f 1356 1359 1357 1354 
f 1359 1362 1360 1357 
f 1362 1365 1363 1360 
f 1365 1368 1366 1363 
f 1368 1371 1369 1366 
f 1371 1374 1372 1369 
f 1374 1377 1375 1372 
f 1377 1380 1378 1375 
f 1380 1383 1381 1378 
f 1383 1386 1384 1381 
f 1386 1389 1387 1384 
f 1389 1392 1390 1387 
f 1392 1395 1393 1390 
f 1395 1398 1396 1393 
f 1398 1401 1399 1396 
f 1401 1404 1402 1399 
f 1404 1407 1405 1402 
f 1407 1410 1408 1405 
f 1410 1413 1411 1408 
f 1413 1416 1414 1411 
f 1416 1419 1417 1414 
f 1419 1422 1420 1417 
f 1422 1425 1423 1420 
f 1425 1428 1426 1423 
f 1428 1431 1429 1426 
f 1431 1434 1432 1429 
f 1434 1437 1435 1432 
f 1439 1343 1342 1438 
f 1442 1439 1438 1441 
f 1445 1442 1441 1444 
f 1448 1445 1444 1447 
f 1451 1448 1447 1450 
f 1454 1451 1450 1453 
f 1457 1454 1453 1456 
f 1460 1457 1456 1459 
f 1463 1460 1459 1462 
f 1466 1463 1462 1465 
f 1469 1466 1465 1468 
f 1472 1469 1468 1471 
f 1475 1472 1471 1474 
f 1478 1475 1474 1477 
f 1481 1478 1477 1480 
f 1484 1481 1480 1483 
f 1487 1484 1483 1486 
f 1490 1487 1486 1489 
f 1493 1490 1489 1492 
f 1496 1493 1492 1495 
f 1499 1496 1495 1498 
f 1502 1499 1498 1501 
f 1505 1502 1501 1504 
f 1508 1505 1504 1507 
f 1511 1508 1507 1510 
f 1514 1511 1510 1513 
f 1517 1514 1513 1516 
f 1520 1517 1516 1519 
f 1523 1520 1519 1522 
f 1526 1523 1522 1525 
f 1529 1526 1525 1528 
f 1437 1529 1528 1435 
f 1535 1533 1531 1534 
f 1533 1539 1537 1531 
f 1539 1542 1540 1537 
f 1542 1545 1543 1540 
f 1545 1548 1546 1543 
f 1548 1551 1549 1546 
f 1551 1554 1552 1549 
f 1554 1557 1555 1552 
f 1557 1560 1558 1555 
f 1560 1563 1561 1558 
f 1563 1566 1564 1561 
f 1566 1569 1567 1564 
f 1569 1572 1570 1567 
f 1572 1575 1573 1570 
f 1575 1578 1576 1573 
f 1578 1581 1579 1576 
f 1581 1584 1582 1579 
f 1584 1587 1585 1582 
f 1587 1590 1588 1585 
f 1590 1593 1591 1588 
f 1593 1596 1594 1591 
f 1596 1599 1597 1594 
f 1599 1602 1600 1597 
f 1602 1605 1603 1600 
f 1605 1608 1606 1603 
f 1608 1611 1609 1606 
f 1611 1614 1612 1609 
f 1614 1617 1615 1612 
f 1617 1620 1618 1615 
f 1620 1623 1621 1618 
f 1623 1626 1624 1621 
f 1626 1629 1627 1624 
f 1629 1632 1630 1627 
f 1632 1635 1633 1630 
f 1635 1638 1636 1633 
f 1638 1641 1639 1636 
f 1641 1644 1642 1639 
f 1644 1647 1645 1642 
f 1647 1650 1648 1645 
f 1650 1653 1651 1648 
f 1653 1656 1654 1651 
f 1656 1659 1657 1654 
f 1659 1662 1660 1657 
f 1662 1665 1663 1660 
f 1665 1668 1666 1663 
f 1668 1671 1669 1666 
f 1671 1674 1672 1669 
f 1674 1677 1675 1672 
f 1677 1680 1678 1675 
f 1680 1683 1681 1678 
f 1683 1686 1684 1681 
f 1686 1689 1687 1684 
f 1689 1692 1690 1687 
f 1692 1695 1693 1690 
f 1695 1698 1696 1693 
f 1698 1701 1699 1696 
f 1701 1704 1702 1699 
f 1704 1707 1705 1702 
f 1707 1710 1708 1705 
f 1710 1713 1711 1708 
f 1713 1716 1714 1711 
f 1716 1719 1717 1714 
f 1719 1722 1720 1717 
f 1722 1535 1534 1720 
s 2
f 1349 1346 1345 1348 
f 1718 1715 1714 1717 
f 1352 1349 1348 1351 
f 1715 1712 1711 1714 
f 1355 1352 1351 1354 
f 1712 1709 1708 1711 
f 1358 1355 1354 1357 
f 1709 1706 1705 1708 
f 1361 1358 1357 1360 
f 1706 1703 1702 1705 
f 1364 1361 1360 1363 
f 1703 1700 1699 1702 
f 1367 1364 1363 1366 
f 1700 1697 1696 1699 
f 1370 1367 1366 1369 
f 1697 1694 1693 1696 
f 1373 1370 1369 1372 
f 1694 1691 1690 1693 
f 1376 1373 1372 1375 
f 1691 1688 1687 1690 
f 1379 1376 1375 1378 
f 1688 1685 1684 1687 
f 1382 1379 1378 1381 
f 1685 1682 1681 1684 
f 1385 1382 1381 1384 
f 1682 1679 1678 1681 
f 1388 1385 1384 1387 
f 1679 1676 1675 1678 
f 1391 1388 1387 1390 
f 1676 1673 1672 1675 
f 1394 1391 1390 1393 
f 1673 1670 1669 1672 
f 1397 1394 1393 1396 
f 1670 1667 1666 1669 
f 1400 1397 1396 1399 
f 1667 1664 1663 1666 
f 1403 1400 1399 1402 
f 1664 1661 1660 1663 
f 1406 1403 1402 1405 
f 1661 1658 1657 1660 
f 1409 1406 1405 1408 
f 1658 1655 1654 1657 
f 1412 1409 1408 1411 
f 1655 1652 1651 1654 
f 1415 1412 1411 1414 
f 1652 1649 1648 1651 
f 1418 1415 1414 1417 
f 1649 1646 1645 1648 
f 1421 1418 1417 1420 
f 1646 1643 1642 1645 
f 1424 1421 1420 1423 
f 1643 1640 1639 1642 
f 1427 1424 1423 1426 
f 1640 1637 1636 1639 
f 1430 1427 1426 1429 
f 1637 1634 1633 1636 
f 1433 1430 1429 1432 
f 1634 1631 1630 1633 
f 1436 1433 1432 1435 
f 1631 1628 1627 1630 
f 1530 1436 1435 1528 
f 1628 1625 1624 1627 
f 1527 1530 1528 1525 
f 1625 1622 1621 1624 
f 1524 1527 1525 1522 
f 1622 1619 1618 1621 
f 1521 1524 1522 1519 
f 1619 1616 1615 1618 
f 1518 1521 1519 1516 
f 1616 1613 1612 1615 
f 1515 1518 1516 1513 
f 1613 1610 1609 1612 
f 1512 1515 1513 1510 
f 1610 1607 1606 1609 
f 1509 1512 1510 1507 
f 1607 1604 1603 1606 
f 1506 1509 1507 1504 
f 1604 1601 1600 1603 
f 1503 1506 1504 1501 
f 1601 1598 1597 1600 
f 1500 1503 1501 1498 
f 1598 1595 1594 1597 
f 1497 1500 1498 1495 
f 1595 1592 1591 1594 
f 1494 1497 1495 1492 
f 1592 1589 1588 1591 
f 1491 1494 1492 1489 
f 1589 1586 1585 1588 
f 1488 1491 1489 1486 
f 1586 1583 1582 1585 
f 1485 1488 1486 1483 
f 1583 1580 1579 1582 
f 1482 1485 1483 1480 
f 1580 1577 1576 1579 
f 1479 1482 1480 1477 
f 1577 1574 1573 1576 
f 1476 1479 1477 1474 
f 1574 1571 1570 1573 
f 1473 1476 1474 1471 
f 1571 1568 1567 1570 
f 1470 1473 1471 1468 
f 1568 1565 1564 1567 
f 1467 1470 1468 1465 
f 1565 1562 1561 1564 
f 1464 1467 1465 1462 
f 1562 1559 1558 1561 
f 1461 1464 1462 1459 
f 1559 1556 1555 1558 
f 1458 1461 1459 1456 
f 1556 1553 1552 1555 
f 1455 1458 1456 1453 
f 1553 1550 1549 1552 
f 1452 1455 1453 1450 
f 1550 1547 1546 1549 
f 1449 1452 1450 1447 
f 1547 1544 1543 1546 
f 1446 1449 1447 1444 
f 1544 1541 1540 1543 
f 1443 1446 1444 1441 
f 1541 1538 1537 1540 
f 1440 1443 1441 1438 
f 1538 1532 1531 1537 
f 1344 1440 1438 1342 
f 1532 1536 1534 1531 
f 1340 1344 1342 1339 
f 1536 1721 1720 1534 
f 1346 1340 1339 1345 
f 1721 1718 1717 1720 
s 1
f 1805 1807 1727 1723 
f 1723 1727 1728 1724 
f 1724 1728 1729 1725 
f 1725 1729 1730 1726 
f 1807 1810 1731 1727 
f 1727 1731 1732 1728 
f 1728 1732 1733 1729 
f 1729 1733 1734 1730 
f 1810 1813 1735 1731 
f 1731 1735 1736 1732 
f 1732 1736 1737 1733 
f 1733 1737 1738 1734 
f 1813 1816 1739 1735 
f 1735 1739 1740 1736 
f 1736 1740 1741 1737 
f 1737 1741 1742 1738 
f 1816 1819 1743 1739 
f 1739 1743 1744 1740 
f 1740 1744 1745 1741 
f 1741 1745 1746 1742 
f 1819 1822 1747 1743 
f 1743 1747 1748 1744 
f 1744 1748 1749 1745 
f 1745 1749 1750 1746 
f 1822 1825 1751 1747 
f 1747 1751 1752 1748 
f 1748 1752 1753 1749 
f 1749 1753 1754 1750 
f 1825 1828 1755 1751 
f 1751 1755 1756 1752 
f 1752 1756 1757 1753 
f 1753 1757 1758 1754 
f 1828 1831 1759 1755 
f 1755 1759 1760 1756 
f 1756 1760 1761 1757 
f 1757 1761 1762 1758 
f 1831 1834 1763 1759 
f 1759 1763 1764 1760 
f 1760 1764 1765 1761 
f 1761 1765 1766 1762 
f 1834 1837 1767 1763 
f 1763 1767 1768 1764 
f 1764 1768 1769 1765 
f 1765 1769 1770 1766 
f 1837 1840 1771 1767 
f 1767 1771 1772 1768 
f 1768 1772 1773 1769 
f 1769 1773 1774 1770 
f 1840 1843 1775 1771 
f 1771 1775 1776 1772 
f 1772 1776 1777 1773 
f 1773 1777 1778 1774 
f 1843 1846 1779 1775 
f 1775 1779 1780 1776 
f 1776 1780 1781 1777 
f 1777 1781 1782 1778 
f 1846 1849 1783 1779 
f 1779 1783 1784 1780 
f 1780 1784 1785 1781 
f 1781 1785 1786 1782 
f 1849 1805 1723 1783 
f 1783 1723 1724 1784 
f 1784 1724 1725 1785 
f 1785 1725 1726 1786 
s 2
f 1808 1804 1787 1788 
f 1811 1808 1788 1789 
f 1814 1811 1789 1790 
f 1817 1814 1790 1791 
f 1820 1817 1791 1792 
f 1823 1820 1792 1793 
f 1826 1823 1793 1794 
f 1829 1826 1794 1795 
f 1832 1829 1795 1796 
f 1835 1832 1796 1797 
f 1838 1835 1797 1798 
f 1841 1838 1798 1799 
f 1844 1841 1799 1800 
f 1847 1844 1800 1801 
f 1850 1847 1801 1802 
f 1804 1850 1802 1787 
s 1
f 1807 1805 1803 1806 
f 1810 1807 1806 1809 
f 1813 1810 1809 1812 
f 1816 1813 1812 1815 
f 1819 1816 1815 1818 
f 1822 1819 1818 1821 
f 1825 1822 1821 1824 
f 1828 1825 1824 1827 
f 1831 1828 1827 1830 
f 1834 1831 1830 1833 
f 1837 1834 1833 1836 
f 1840 1837 1836 1839 
f 1843 1840 1839 1842 
f 1846 1843 1842 1845 
f 1849 1846 1845 1848 
f 1805 1849 1848 1803 
s 2
f 1804 1808 1806 1803 
f 1808 1811 1809 1806 
f 1811 1814 1812 1809 
f 1814 1817 1815 1812 
f 1817 1820 1818 1815 
f 1820 1823 1821 1818 
f 1823 1826 1824 1821 
f 1826 1829 1827 1824 
f 1829 1832 1830 1827 
f 1832 1835 1833 1830 
f 1835 1838 1836 1833 
f 1838 1841 1839 1836 
f 1841 1844 1842 1839 
f 1844 1847 1845 1842 
f 1847 1850 1848 1845 
f 1850 1804 1803 1848 
s 1
f 1933 1935 1855 1851 
f 1851 1855 1856 1852 
f 1852 1856 1857 1853 
f 1853 1857 1858 1854 
f 1935 1938 1859 1855 
f 1855 1859 1860 1856 
f 1856 1860 1861 1857 
f 1857 1861 1862 1858 
f 1938 1941 1863 1859 
f 1859 1863 1864 1860 
f 1860 1864 1865 1861 
f 1861 1865 1866 1862 
f 1941 1944 1867 1863 
f 1863 1867 1868 1864 
f 1864 1868 1869 1865 
f 1865 1869 1870 1866 
f 1944 1947 1871 1867 
f 1867 1871 1872 1868 
f 1868 1872 1873 1869 
f 1869 1873 1874 1870 
f 1947 1950 1875 1871 
f 1871 1875 1876 1872 
f 1872 1876 1877 1873 
f 1873 1877 1878 1874 
f 1950 1953 1879 1875 
f 1875 1879 1880 1876 
f 1876 1880 1881 1877 
f 1877 1881 1882 1878 
f 1953 1956 1883 1879 
f 1879 1883 1884 1880 
f 1880 1884 1885 1881 
f 1881 1885 1886 1882 
f 1956 1959 1887 1883 
f 1883 1887 1888 1884 
f 1884 1888 1889 1885 
f 1885 1889 1890 1886 
f 1959 1962 1891 1887 
f 1887 1891 1892 1888 
f 1888 1892 1893 1889 
f 1889 1893 1894 1890 
f 1962 1965 1895 1891 
f 1891 1895 1896 1892 
f 1892 1896 1897 1893 
f 1893 1897 1898 1894 
f 1965 1968 1899 1895 
f 1895 1899 1900 1896 
f 1896 1900 1901 1897 
f 1897 1901 1902 1898 
f 1968 1971 1903 1899 
f 1899 1903 1904 1900 
f 1900 1904 1905 1901 
f 1901 1905 1906 1902 
f 1971 1974 1907 1903 
f 1903 1907 1908 1904 
f 1904 1908 1909 1905 
f 1905 1909 1910 1906 
f 1974 1977 1911 1907 
f 1907 1911 1912 1908 
f 1908 1912 1913 1909 
f 1909 1913 1914 1910 
f 1977 1933 1851 1911 
f 1911 1851 1852 1912 
f 1912 1852 1853 1913 
f 1913 1853 1854 1914 
s 2
f 1936 1932 1915 1916 
f 1939 1936 1916 1917 
f 1942 1939 1917 1918 
f 1945 1942 1918 1919 
f 1948 1945 1919 1920 
f 1951 1948 1920 1921 
f 1954 1951 1921 1922 
f 1957 1954 1922 1923 
f 1960 1957 1923 1924 
f 1963 1960 1924 1925 
f 1966 1963 1925 1926 
f 1969 1966 1926 1927 
f 1972 1969 1927 1928 
f 1975 1972 1928 1929 
f 1978 1975 1929 1930 
f 1932 1978 1930 1915 
s 1
f 1935 1933 1931 1934 
f 1938 1935 1934 1937 
f 1941 1938 1937 1940 
f 1944 1941 1940 1943 
f 1947 1944 1943 1946 
f 1950 1947 1946 1949 
f 1953 1950 1949 1952 
f 1956 1953 1952 1955 
f 1959 1956 1955 1958 
f 1962 1959 1958 1961 
f 1965 1962 1961 1964 
f 1968 1965 1964 1967 
f 1971 1968 1967 1970 
f 1974 1971 1970 1973 
f 1977 1974 1973 1976 
f 1933 1977 1976 1931 
s 2
f 1932 1936 1934 1931 
f 1936 1939 1937 1934 
f 1939 1942 1940 1937 
f 1942 1945 1943 1940 
f 1945 1948 1946 1943 
f 1948 1951 1949 1946 
f 1951 1954 1952 1949 
f 1954 1957 1955 1952 
f 1957 1960 1958 1955 
f 1960 1963 1961 1958 
f 1963 1966 1964 1961 
f 1966 1969 1967 1964 
f 1969 1972 1970 1967 
f 1972 1975 1973 1970 
f 1975 1978 1976 1973 
f 1978 1932 1931 1976 
s 1
f 2061 2063 1983 1979 
f 1979 1983 1984 1980 
f 1980 1984 1985 1981 
f 1981 1985 1986 1982 
f 2063 2066 1987 1983 
f 1983 1987 1988 1984 
f 1984 1988 1989 1985 
f 1985 1989 1990 1986 
f 2066 2069 1991 1987 
f 1987 1991 1992 1988 
f 1988 1992 1993 1989 
f 1989 1993 1994 1990 
f 2069 2072 1995 1991 
f 1991 1995 1996 1992 
f 1992 1996 1997 1993 
f 1993 1997 1998 1994 
f 2072 2075 1999 1995 
f 1995 1999 2000 1996 
f 1996 2000 2001 1997 
f 1997 2001 2002 1998 
f 2075 2078 2003 1999 
f 1999 2003 2004 2000 
f 2000 2004 2005 2001 
f 2001 2005 2006 2002 
f 2078 2081 2007 2003 
f 2003 2007 2008 2004 
f 2004 2008 2009 2005 
f 2005 2009 2010 2006 
f 2081 2084 2011 2007 
f 2007 2011 2012 2008 
f 2008 2012 2013 2009 
f 2009 2013 2014 2010 
f 2084 2087 2015 2011 
f 2011 2015 2016 2012 
f 2012 2016 2017 2013 
f 2013 2017 2018 2014 
f 2087 2090 2019 2015 
f 2015 2019 2020 2016 
f 2016 2020 2021 2017 
f 2017 2021 2022 2018 
f 2090 2093 2023 2019 
f 2019 2023 2024 2020 
f 2020 2024 2025 2021 
f 2021 2025 2026 2022 
f 2093 2096 2027 2023 
f 2023 2027 2028 2024 
f 2024 2028 2029 2025 
f 2025 2029 2030 2026 
f 2096 2099 2031 2027 
f 2027 2031 2032 2028 
f 2028 2032 2033 2029 
f 2029 2033 2034 2030 
f 2099 2102 2035 2031 
f 2031 2035 2036 2032 
f 2032 2036 2037 2033 
f 2033 2037 2038 2034 
f 2102 2105 2039 2035 
f 2035 2039 2040 2036 
f 2036 2040 2041 2037 
f 2037 2041 2042 2038 
f 2105 2061 1979 2039 
f 2039 1979 1980 2040 
f 2040 1980 1981 2041 
f 2041 1981 1982 2042 
s 2
f 2064 2060 2043 2044 
f 2067 2064 2044 2045 
f 2070 2067 2045 2046 
f 2073 2070 2046 2047 
f 2076 2073 2047 2048 
f 2079 2076 2048 2049 
f 2082 2079 2049 2050 
f 2085 2082 2050 2051 
f 2088 2085 2051 2052 
f 2091 2088 2052 2053 
f 2094 2091 2053 2054 
f 2097 2094 2054 2055 
f 2100 2097 2055 2056 
f 2103 2100 2056 2057 
f 2106 2103 2057 2058 
f 2060 2106 2058 2043 
s 1
f 2063 2061 2059 2062 
f 2066 2063 2062 2065 
f 2069 2066 2065 2068 
f 2072 2069 2068 2071 
f 2075 2072 2071 2074 
f 2078 2075 2074 2077 
f 2081 2078 2077 2080 
f 2084 2081 2080 2083 
f 2087 2084 2083 2086 
f 2090 2087 2086 2089 
f 2093 2090 2089 2092 
f 2096 2093 2092 2095 
f 2099 2096 2095 2098 
f 2102 2099 2098 2101 
f 2105 2102 2101 2104 
f 2061 2105 2104 2059 
s 2
f 2060 2064 2062 2059 
f 2064 2067 2065 2062 
f 2067 2070 2068 2065 
f 2070 2073 2071 2068 
f 2073 2076 2074 2071 
f 2076 2079 2077 2074 
f 2079 2082 2080 2077 
f 2082 2085 2083 2080 
f 2085 2088 2086 2083 
f 2088 2091 2089 2086 
f 2091 2094 2092 2089 
f 2094 2097 2095 2092 
f 2097 2100 2098 2095 
f 2100 2103 2101 2098 
f 2103 2106 2104 2101 
f 2106 2060 2059 2104 
s 1
f 2189 2191 2111 2107 
f 2107 2111 2112 2108 
f 2108 2112 2113 2109 
f 2109 2113 2114 2110 
f 2191 2194 2115 2111 
f 2111 2115 2116 2112 
f 2112 2116 2117 2113 
f 2113 2117 2118 2114 
f 2194 2197 2119 2115 
f 2115 2119 2120 2116 
f 2116 2120 2121 2117 
f 2117 2121 2122 2118 
f 2197 2200 2123 2119 
f 2119 2123 2124 2120 
f 2120 2124 2125 2121 
f 2121 2125 2126 2122 
f 2200 2203 2127 2123 
f 2123 2127 2128 2124 
f 2124 2128 2129 2125 
f 2125 2129 2130 2126 
f 2203 2206 2131 2127 
f 2127 2131 2132 2128 
f 2128 2132 2133 2129 
f 2129 2133 2134 2130 
f 2206 2209 2135 2131 
f 2131 2135 2136 2132 
f 2132 2136 2137 2133 
f 2133 2137 2138 2134 
f 2209 2212 2139 2135 
f 2135 2139 2140 2136 
f 2136 2140 2141 2137 
f 2137 2141 2142 2138 
f 2212 2215 2143 2139 
f 2139 2143 2144 2140 
f 2140 2144 2145 2141 
f 2141 2145 2146 2142 
f 2215 2218 2147 2143 
f 2143 2147 2148 2144 
f 2144 2148 2149 2145 
f 2145 2149 2150 2146 
f 2218 2221 2151 2147 
f 2147 2151 2152 2148 
f 2148 2152 2153 2149 
f 2149 2153 2154 2150 
f 2221 2224 2155 2151 
f 2151 2155 2156 2152 
f 2152 2156 2157 2153 
f 2153 2157 2158 2154 
f 2224 2227 2159 2155 
f 2155 2159 2160 2156 
f 2156 2160 2161 2157 
f 2157 2161 2162 2158 
f 2227 2230 2163 2159 
f 2159 2163 2164 2160 
f 2160 2164 2165 2161 
f 2161 2165 2166 2162 
f 2230 2233 2167 2163 
f 2163 2167 2168 2164 
f 2164 2168 2169 2165 
f 2165 2169 2170 2166 
f 2233 2189 2107 2167 
f 2167 2107 2108 2168 
f 2168 2108 2109 2169 
f 2169 2109 2110 2170 
s 2
f 2192 2188 2171 2172 
f 2195 2192 2172 2173 
f 2198 2195 2173 2174 
f 2201 2198 2174 2175 
f 2204 2201 2175 2176 
f 2207 2204 2176 2177 
f 2210 2207 2177 2178 
f 2213 2210 2178 2179 
f 2216 2213 2179 2180 
f 2219 2216 2180 2181 
f 2222 2219 2181 2182 
f 2225 2222 2182 2183 
f 2228 2225 2183 2184 
f 2231 2228 2184 2185 
f 2234 2231 2185 2186 
f 2188 2234 2186 2171 
s 1
f 2191 2189 2187 2190 
f 2194 2191 2190 2193 
f 2197 2194 2193 2196 
f 2200 2197 2196 2199 
f 2203 2200 2199 2202 
f 2206 2203 2202 2205 
f 2209 2206 2205 2208 
f 2212 2209 2208 2211 
f 2215 2212 2211 2214 
f 2218 2215 2214 2217 
f 2221 2218 2217 2220 
f 2224 2221 2220 2223 
f 2227 2224 2223 2226 
f 2230 2227 2226 2229 
f 2233 2230 2229 2232 
f 2189 2233 2232 2187 
s 2
f 2188 2192 2190 2187 
f 2192 2195 2193 2190 
f 2195 2198 2196 2193 
f 2198 2201 2199 2196 
f 2201 2204 2202 2199 
f 2204 2207 2205 2202 
f 2207 2210 2208 2205 
f 2210 2213 2211 2208 
f 2213 2216 2214 2211 
f 2216 2219 2217 2214 
f 2219 2222 2220 2217 
f 2222 2225 2223 2220 
f 2225 2228 2226 2223 
f 2228 2231 2229 2226 
f 2231 2234 2232 2229 
f 2234 2188 2187 2232 
s 1
f 2317 2319 2239 2235 
f 2235 2239 2240 2236 
f 2236 2240 2241 2237 
f 2237 2241 2242 2238 
f 2319 2322 2243 2239 
f 2239 2243 2244 2240 
f 2240 2244 2245 2241 
f 2241 2245 2246 2242 
f 2322 2325 2247 2243 
f 2243 2247 2248 2244 
f 2244 2248 2249 2245 
f 2245 2249 2250 2246 
f 2325 2328 2251 2247 
f 2247 2251 2252 2248 
f 2248 2252 2253 2249 
f 2249 2253 2254 2250 
f 2328 2331 2255 2251 
f 2251 2255 2256 2252 
f 2252 2256 2257 2253 
f 2253 2257 2258 2254 
f 2331 2334 2259 2255 
f 2255 2259 2260 2256 
f 2256 2260 2261 2257 
f 2257 2261 2262 2258 
f 2334 2337 2263 2259 
f 2259 2263 2264 2260 
f 2260 2264 2265 2261 
f 2261 2265 2266 2262 
f 2337 2340 2267 2263 
f 2263 2267 2268 2264 
f 2264 2268 2269 2265 
f 2265 2269 2270 2266 
f 2340 2343 2271 2267 
f 2267 2271 2272 2268 
f 2268 2272 2273 2269 
f 2269 2273 2274 2270 
f 2343 2346 2275 2271 
f 2271 2275 2276 2272 
f 2272 2276 2277 2273 
f 2273 2277 2278 2274 
f 2346 2349 2279 2275 
f 2275 2279 2280 2276 
f 2276 2280 2281 2277 
f 2277 2281 2282 2278 
f 2349 2352 2283 2279 
f 2279 2283 2284 2280 
f 2280 2284 2285 2281 
f 2281 2285 2286 2282 
f 2352 2355 2287 2283 
f 2283 2287 2288 2284 
f 2284 2288 2289 2285 
f 2285 2289 2290 2286 
f 2355 2358 2291 2287 
f 2287 2291 2292 2288 
f 2288 2292 2293 2289 
f 2289 2293 2294 2290 
f 2358 2361 2295 2291 
f 2291 2295 2296 2292 
f 2292 2296 2297 2293 
f 2293 2297 2298 2294 
f 2361 2317 2235 2295 
f 2295 2235 2236 2296 
f 2296 2236 2237 2297 
f 2297 2237 2238 2298 
s 2
f 2320 2316 2299 2300 
f 2323 2320 2300 2301 
f 2326 2323 2301 2302 
f 2329 2326 2302 2303 
f 2332 2329 2303 2304 
f 2335 2332 2304 2305 
f 2338 2335 2305 2306 
f 2341 2338 2306 2307 
f 2344 2341 2307 2308 
f 2347 2344 2308 2309 
f 2350 2347 2309 2310 
f 2353 2350 2310 2311 
f 2356 2353 2311 2312 
f 2359 2356 2312 2313 
f 2362 2359 2313 2314 
f 2316 2362 2314 2299 
s 1
f 2319 2317 2315 2318 
f 2322 2319 2318 2321 
f 2325 2322 2321 2324 
f 2328 2325 2324 2327 
f 2331 2328 2327 2330 
f 2334 2331 2330 2333 
f 2337 2334 2333 2336 
f 2340 2337 2336 2339 
f 2343 2340 2339 2342 
f 2346 2343 2342 2345 
f 2349 2346 2345 2348 
f 2352 2349 2348 2351 
f 2355 2352 2351 2354 
f 2358 2355 2354 2357 
f 2361 2358 2357 2360 
f 2317 2361 2360 2315 
s 2
f 2316 2320 2318 2315 
f 2320 2323 2321 2318 
f 2323 2326 2324 2321 
f 2326 2329 2327 2324 
f 2329 2332 2330 2327 
f 2332 2335 2333 2330 
f 2335 2338 2336 2333 
f 2338 2341 2339 2336 
f 2341 2344 2342 2339 
f 2344 2347 2345 2342 
f 2347 2350 2348 2345 
f 2350 2353 2351 2348 
f 2353 2356 2354 2351 
f 2356 2359 2357 2354 
f 2359 2362 2360 2357 
f 2362 2316 2315 2360 
s 1
f 2445 2447 2367 2363 
f 2363 2367 2368 2364 
f 2364 2368 2369 2365 
f 2365 2369 2370 2366 
f 2447 2450 2371 2367 
f 2367 2371 2372 2368 
f 2368 2372 2373 2369 
f 2369 2373 2374 2370 
f 2450 2453 2375 2371 
f 2371 2375 2376 2372 
f 2372 2376 2377 2373 
f 2373 2377 2378 2374 
f 2453 2456 2379 2375 
f 2375 2379 2380 2376 
f 2376 2380 2381 2377 
f 2377 2381 2382 2378 
f 2456 2459 2383 2379 
f 2379 2383 2384 2380 
f 2380 2384 2385 2381 
f 2381 2385 2386 2382 
f 2459 2462 2387 2383 
f 2383 2387 2388 2384 
f 2384 2388 2389 2385 
f 2385 2389 2390 2386 
f 2462 2465 2391 2387 
f 2387 2391 2392 2388 
f 2388 2392 2393 2389 
f 2389 2393 2394 2390 
f 2465 2468 2395 2391 
f 2391 2395 2396 2392 
f 2392 2396 2397 2393 
f 2393 2397 2398 2394 
f 2468 2471 2399 2395 
f 2395 2399 2400 2396 
f 2396 2400 2401 2397 
f 2397 2401 2402 2398 
f 2471 2474 2403 2399 
f 2399 2403 2404 2400 
f 2400 2404 2405 2401 
f 2401 2405 2406 2402 
f 2474 2477 2407 2403 
f 2403 2407 2408 2404 
f 2404 2408 2409 2405 
f 2405 2409 2410 2406 
f 2477 2480 2411 2407 
f 2407 2411 2412 2408 
f 2408 2412 2413 2409 
f 2409 2413 2414 2410 
f 2480 2483 2415 2411 
f 2411 2415 2416 2412 
f 2412 2416 2417 2413 
f 2413 2417 2418 2414 
f 2483 2486 2419 2415 
f 2415 2419 2420 2416 
f 2416 2420 2421 2417 
f 2417 2421 2422 2418 
f 2486 2489 2423 2419 
f 2419 2423 2424 2420 
f 2420 2424 2425 2421 
f 2421 2425 2426 2422 
f 2489 2445 2363 2423 
f 2423 2363 2364 2424 
f 2424 2364 2365 2425 
f 2425 2365 2366 2426 
s 2
f 2448 2444 2427 2428 
f 2451 2448 2428 2429 
f 2454 2451 2429 2430 
f 2457 2454 2430 2431 
f 2460 2457 2431 2432 
f 2463 2460 2432 2433 
f 2466 2463 2433 2434 
f 2469 2466 2434 2435 
f 2472 2469 2435 2436 
f 2475 2472 2436 2437 
f 2478 2475 2437 2438 
f 2481 2478 2438 2439 
f 2484 2481 2439 2440 
f 2487 2484 2440 2441 
f 2490 2487 2441 2442 
f 2444 2490 2442 2427 
s 1
f 2447 2445 2443 2446 
f 2450 2447 2446 2449 
f 2453 2450 2449 2452 
f 2456 2453 2452 2455 
f 2459 2456 2455 2458 
f 2462 2459 2458 2461 
f 2465 2462 2461 2464 
f 2468 2465 2464 2467 
f 2471 2468 2467 2470 
f 2474 2471 2470 2473 
f 2477 2474 2473 2476 
f 2480 2477 2476 2479 
f 2483 2480 2479 2482 
f 2486 2483 2482 2485 
f 2489 2486 2485 2488 
f 2445 2489 2488 2443 
s 2
f 2444 2448 2446 2443 
f 2448 2451 2449 2446 
f 2451 2454 2452 2449 
f 2454 2457 2455 2452 
f 2457 2460 2458 2455 
f 2460 2463 2461 2458 
f 2463 2466 2464 2461 
f 2466 2469 2467 2464 
f 2469 2472 2470 2467 
f 2472 2475 2473 2470 
f 2475 2478 2476 2473 
f 2478 2481 2479 2476 
f 2481 2484 2482 2479 
f 2484 2487 2485 2482 
f 2487 2490 2488 2485 
f 2490 2444 2443 2488 
s 1
f 2573 2575 2495 2491 
f 2491 2495 2496 2492 
f 2492 2496 2497 2493 
f 2493 2497 2498 2494 
f 2575 2578 2499 2495 
f 2495 2499 2500 2496 
f 2496 2500 2501 2497 
f 2497 2501 2502 2498 
f 2578 2581 2503 2499 
f 2499 2503 2504 2500 
f 2500 2504 2505 2501 
f 2501 2505 2506 2502 
f 2581 2584 2507 2503 
f 2503 2507 2508 2504 
f 2504 2508 2509 2505 
f 2505 2509 2510 2506 
f 2584 2587 2511 2507 
f 2507 2511 2512 2508 
f 2508 2512 2513 2509 
f 2509 2513 2514 2510 
f 2587 2590 2515 2511 
f 2511 2515 2516 2512 
f 2512 2516 2517 2513 
f 2513 2517 2518 2514 
f 2590 2593 2519 2515 
f 2515 2519 2520 2516 
f 2516 2520 2521 2517 
f 2517 2521 2522 2518 
f 2593 2596 2523 2519 
f 2519 2523 2524 2520 
f 2520 2524 2525 2521 
f 2521 2525 2526 2522 
f 2596 2599 2527 2523 
f 2523 2527 2528 2524 
f 2524 2528 2529 2525 
f 2525 2529 2530 2526 
f 2599 2602 2531 2527 
f 2527 2531 2532 2528 
f 2528 2532 2533 2529 
f 2529 2533 2534 2530 
f 2602 2605 2535 2531 
f 2531 2535 2536 2532 
f 2532 2536 2537 2533 
f 2533 2537 2538 2534 
f 2605 2608 2539 2535 
f 2535 2539 2540 2536 
f 2536 2540 2541 2537 
f 2537 2541 2542 2538 
f 2608 2611 2543 2539 
f 2539 2543 2544 2540 
f 2540 2544 2545 2541 
f 2541 2545 2546 2542 
f 2611 2614 2547 2543 
f 2543 2547 2548 2544 
f 2544 2548 2549 2545 
f 2545 2549 2550 2546 
f 2614 2617 2551 2547 
f 2547 2551 2552 2548 
f 2548 2552 2553 2549 
f 2549 2553 2554 2550 
f 2617 2573 2491 2551 
f 2551 2491 2492 2552 
f 2552 2492 2493 2553 
f 2553 2493 2494 2554 
s 2
f 2576 2572 2555 2556 
f 2579 2576 2556 2557 
f 2582 2579 2557 2558 
f 2585 2582 2558 2559 
f 2588 2585 2559 2560 
f 2591 2588 2560 2561 
f 2594 2591 2561 2562 
f 2597 2594 2562 2563 
f 2600 2597 2563 2564 
f 2603 2600 2564 2565 
f 2606 2603 2565 2566 
f 2609 2606 2566 2567 
f 2612 2609 2567 2568 
f 2615 2612 2568 2569 
f 2618 2615 2569 2570 
f 2572 2618 2570 2555 
s 1
f 2575 2573 2571 2574 
f 2578 2575 2574 2577 
f 2581 2578 2577 2580 
f 2584 2581 2580 2583 
f 2587 2584 2583 2586 
f 2590 2587 2586 2589 
f 2593 2590 2589 2592 
f 2596 2593 2592 2595 
f 2599 2596 2595 2598 
f 2602 2599 2598 2601 
f 2605 2602 2601 2604 
f 2608 2605 2604 2607 
f 2611 2608 2607 2610 
f 2614 2611 2610 2613 
f 2617 2614 2613 2616 
f 2573 2617 2616 2571 
s 2
f 2572 2576 2574 2571 
f 2576 2579 2577 2574 
f 2579 2582 2580 2577 
f 2582 2585 2583 2580 
f 2585 2588 2586 2583 
f 2588 2591 2589 2586 
f 2591 2594 2592 2589 
f 2594 2597 2595 2592 
f 2597 2600 2598 2595 
f 2600 2603 2601 2598 
f 2603 2606 2604 2601 
f 2606 2609 2607 2604 
f 2609 2612 2610 2607 
f 2612 2615 2613 2610 
f 2615 2618 2616 2613 
f 2618 2572 2571 2616 
s 1
f 2701 2703 2623 2619 
f 2619 2623 2624 2620 
f 2620 2624 2625 2621 
f 2621 2625 2626 2622 
f 2703 2706 2627 2623 
f 2623 2627 2628 2624 
f 2624 2628 2629 2625 
f 2625 2629 2630 2626 
f 2706 2709 2631 2627 
f 2627 2631 2632 2628 
f 2628 2632 2633 2629 
f 2629 2633 2634 2630 
f 2709 2712 2635 2631 
f 2631 2635 2636 2632 
f 2632 2636 2637 2633 
f 2633 2637 2638 2634 
f 2712 2715 2639 2635 
f 2635 2639 2640 2636 
f 2636 2640 2641 2637 
f 2637 2641 2642 2638 
f 2715 2718 2643 2639 
f 2639 2643 2644 2640 
f 2640 2644 2645 2641 
f 2641 2645 2646 2642 
f 2718 2721 2647 2643 
f 2643 2647 2648 2644 
f 2644 2648 2649 2645 
f 2645 2649 2650 2646 
f 2721 2724 2651 2647 
f 2647 2651 2652 2648 
f 2648 2652 2653 2649 
f 2649 2653 2654 2650 
f 2724 2727 2655 2651 
f 2651 2655 2656 2652 
f 2652 2656 2657 2653 
f 2653 2657 2658 2654 
f 2727 2730 2659 2655 
f 2655 2659 2660 2656 
f 2656 2660 2661 2657 
f 2657 2661 2662 2658 
f 2730 2733 2663 2659 
f 2659 2663 2664 2660 
f 2660 2664 2665 2661 
f 2661 2665 2666 2662 
f 2733 2736 2667 2663 
f 2663 2667 2668 2664 
f 2664 2668 2669 2665 
f 2665 2669 2670 2666 
f 2736 2739 2671 2667 
f 2667 2671 2672 2668 
f 2668 2672 2673 2669 
f 2669 2673 2674 2670 
f 2739 2742 2675 2671 
f 2671 2675 2676 2672 
f 2672 2676 2677 2673 
f 2673 2677 2678 2674 
f 2742 2745 2679 2675 
f 2675 2679 2680 2676 
f 2676 2680 2681 2677 
f 2677 2681 2682 2678 
f 2745 2701 2619 2679 
f 2679 2619 2620 2680 
f 2680 2620 2621 2681 
f 2681 2621 2622 2682 
s 2
f 2704 2700 2683 2684 
f 2707 2704 2684 2685 
f 2710 2707 2685 2686 
f 2713 2710 2686 2687 
f 2716 2713 2687 2688 
f 2719 2716 2688 2689 
f 2722 2719 2689 2690 
f 2725 2722 2690 2691 
f 2728 2725 2691 2692 
f 2731 2728 2692 2693 
f 2734 2731 2693 2694 
f 2737 2734 2694 2695 
f 2740 2737 2695 2696 
f 2743 2740 2696 2697 
f 2746 2743 2697 2698 
f 2700 2746 2698 2683 
s 1
f 2703 2701 2699 2702 
f 2706 2703 2702 2705 
f 2709 2706 2705 2708 
f 2712 2709 2708 2711 
f 2715 2712 2711 2714 
f 2718 2715 2714 2717 
f 2721 2718 2717 2720 
f 2724 2721 2720 2723 
f 2727 2724 2723 2726 
f 2730 2727 2726 2729 
f 2733 2730 2729 2732 
f 2736 2733 2732 2735 
f 2739 2736 2735 2738 
f 2742 2739 2738 2741 
f 2745 2742 2741 2744 
f 2701 2745 2744 2699 
s 2
f 2700 2704 2702 2699 
f 2704 2707 2705 2702 
f 2707 2710 2708 2705 
f 2710 2713 2711 2708 
f 2713 2716 2714 2711 
f 2716 2719 2717 2714 
f 2719 2722 2720 2717 
f 2722 2725 2723 2720 
f 2725 2728 2726 2723 
f 2728 2731 2729 2726 
f 2731 2734 2732 2729 
f 2734 2737 2735 2732 
f 2737 2740 2738 2735 
f 2740 2743 2741 2738 
f 2743 2746 2744 2741 
f 2746 2700 2699 2744 
s 1
f 2829 2831 2751 2747 
f 2747 2751 2752 2748 
f 2748 2752 2753 2749 
f 2749 2753 2754 2750 
f 2831 2834 2755 2751 
f 2751 2755 2756 2752 
f 2752 2756 2757 2753 
f 2753 2757 2758 2754 
f 2834 2837 2759 2755 
f 2755 2759 2760 2756 
f 2756 2760 2761 2757 
f 2757 2761 2762 2758 
f 2837 2840 2763 2759 
f 2759 2763 2764 2760 
f 2760 2764 2765 2761 
f 2761 2765 2766 2762 
f 2840 2843 2767 2763 
f 2763 2767 2768 2764 
f 2764 2768 2769 2765 
f 2765 2769 2770 2766 
f 2843 2846 2771 2767 
f 2767 2771 2772 2768 
f 2768 2772 2773 2769 
f 2769 2773 2774 2770 
f 2846 2849 2775 2771 
f 2771 2775 2776 2772 
f 2772 2776 2777 2773 
f 2773 2777 2778 2774 
f 2849 2852 2779 2775 
f 2775 2779 2780 2776 
f 2776 2780 2781 2777 
f 2777 2781 2782 2778 
f 2852 2855 2783 2779 
f 2779 2783 2784 2780 
f 2780 2784 2785 2781 
f 2781 2785 2786 2782 
f 2855 2858 2787 2783 
f 2783 2787 2788 2784 
f 2784 2788 2789 2785 
f 2785 2789 2790 2786 
f 2858 2861 2791 2787 
f 2787 2791 2792 2788 
f 2788 2792 2793 2789 
f 2789 2793 2794 2790 
f 2861 2864 2795 2791 
f 2791 2795 2796 2792 
f 2792 2796 2797 2793 
f 2793 2797 2798 2794 
f 2864 2867 2799 2795 
f 2795 2799 2800 2796 
f 2796 2800 2801 2797 
f 2797 2801 2802 2798 
f 2867 2870 2803 2799 
f 2799 2803 2804 2800 
f 2800 2804 2805 2801 
f 2801 2805 2806 2802 
f 2870 2873 2807 2803 
f 2803 2807 2808 2804 
f 2804 2808 2809 2805 
f 2805 2809 2810 2806 
f 2873 2829 2747 2807 
f 2807 2747 2748 2808 
f 2808 2748 2749 2809 
f 2809 2749 2750 2810 
s 2
f 2832 2828 2811 2812 
f 2835 2832 2812 2813 
f 2838 2835 2813 2814 
f 2841 2838 2814 2815 
f 2844 2841 2815 2816 
f 2847 2844 2816 2817 
f 2850 2847 2817 2818 
f 2853 2850 2818 2819 
f 2856 2853 2819 2820 
f 2859 2856 2820 2821 
f 2862 2859 2821 2822 
f 2865 2862 2822 2823 
f 2868 2865 2823 2824 
f 2871 2868 2824 2825 
f 2874 2871 2825 2826 
f 2828 2874 2826 2811 
s 1
f 2831 2829 2827 2830 
f 2834 2831 2830 2833 
f 2837 2834 2833 2836 
f 2840 2837 2836 2839 
f 2843 2840 2839 2842 
f 2846 2843 2842 2845 
f 2849 2846 2845 2848 
f 2852 2849 2848 2851 
f 2855 2852 2851 2854 
f 2858 2855 2854 2857 
f 2861 2858 2857 2860 
f 2864 2861 2860 2863 
f 2867 2864 2863 2866 
f 2870 2867 2866 2869 
f 2873 2870 2869 2872 
f 2829 2873 2872 2827 
s 2
f 2828 2832 2830 2827 
f 2832 2835 2833 2830 
f 2835 2838 2836 2833 
f 2838 2841 2839 2836 
f 2841 2844 2842 2839 
f 2844 2847 2845 2842 
f 2847 2850 2848 2845 
f 2850 2853 2851 2848 
f 2853 2856 2854 2851 
f 2856 2859 2857 2854 
f 2859 2862 2860 2857 
f 2862 2865 2863 2860 
f 2865 2868 2866 2863 
f 2868 2871 2869 2866 
f 2871 2874 2872 2869 
f 2874 2828 2827 2872 
s 1
f 2957 2959 2879 2875 
f 2875 2879 2880 2876 
f 2876 2880 2881 2877 
f 2877 2881 2882 2878 
f 2959 2962 2883 2879 
f 2879 2883 2884 2880 
f 2880 2884 2885 2881 
f 2881 2885 2886 2882 
f 2962 2965 2887 2883 
f 2883 2887 2888 2884 
f 2884 2888 2889 2885 
f 2885 2889 2890 2886 
f 2965 2968 2891 2887 
f 2887 2891 2892 2888 
f 2888 2892 2893 2889 
f 2889 2893 2894 2890 
f 2968 2971 2895 2891 
f 2891 2895 2896 2892 
f 2892 2896 2897 2893 
f 2893 2897 2898 2894 
f 2971 2974 2899 2895 
f 2895 2899 2900 2896 
f 2896 2900 2901 2897 
f 2897 2901 2902 2898 
f 2974 2977 2903 2899 
f 2899 2903 2904 2900 
f 2900 2904 2905 2901 
f 2901 2905 2906 2902 
f 2977 2980 2907 2903 
f 2903 2907 2908 2904 
f 2904 2908 2909 2905 
f 2905 2909 2910 2906 
f 2980 2983 2911 2907 
f 2907 2911 2912 2908 
f 2908 2912 2913 2909 
f 2909 2913 2914 2910 
f 2983 2986 2915 2911 
f 2911 2915 2916 2912 
f 2912 2916 2917 2913 
f 2913 2917 2918 2914 
f 2986 2989 2919 2915 
f 2915 2919 2920 2916 
f 2916 2920 2921 2917 
f 2917 2921 2922 2918 
f 2989 2992 2923 2919 
f 2919 2923 2924 2920 
f 2920 2924 2925 2921 
f 2921 2925 2926 2922 
f 2992 2995 2927 2923 
f 2923 2927 2928 2924 
f 2924 2928 2929 2925 
f 2925 2929 2930 2926 
f 2995 2998 2931 2927 
f 2927 2931 2932 2928 
f 2928 2932 2933 2929 
f 2929 2933 2934 2930 
f 2998 3001 2935 2931 
f 2931 2935 2936 2932 
f 2932 2936 2937 2933 
f 2933 2937 2938 2934 
f 3001 2957 2875 2935 
f 2935 2875 2876 2936 
f 2936 2876 2877 2937 
f 2937 2877 2878 2938 
s 2
f 2960 2956 2939 2940 
f 2963 2960 2940 2941 
f 2966 2963 2941 2942 
f 2969 2966 2942 2943 
f 2972 2969 2943 2944 
f 2975 2972 2944 2945 
f 2978 2975 2945 2946 
f 2981 2978 2946 2947 
f 2984 2981 2947 2948 
f 2987 2984 2948 2949 
f 2990 2987 2949 2950 
f 2993 2990 2950 2951 
f 2996 2993 2951 2952 
f 2999 2996 2952 2953 
f 3002 2999 2953 2954 
f 2956 3002 2954 2939 
s 1
f 2959 2957 2955 2958 
f 2962 2959 2958 2961 
f 2965 2962 2961 2964 
f 2968 2965 2964 2967 
f 2971 2968 2967 2970 
f 2974 2971 2970 2973 
f 2977 2974 2973 2976 
f 2980 2977 2976 2979 
f 2983 2980 2979 2982 
f 2986 2983 2982 2985 
f 2989 2986 2985 2988 
f 2992 2989 2988 2991 
f 2995 2992 2991 2994 
f 2998 2995 2994 2997 
f 3001 2998 2997 3000 
f 2957 3001 3000 2955 
s 2
f 2956 2960 2958 2955 
f 2960 2963 2961 2958 
f 2963 2966 2964 2961 
f 2966 2969 2967 2964 
f 2969 2972 2970 2967 
f 2972 2975 2973 2970 
f 2975 2978 2976 2973 
f 2978 2981 2979 2976 
f 2981 2984 2982 2979 
f 2984 2987 2985 2982 
f 2987 2990 2988 2985 
f 2990 2993 2991 2988 
f 2993 2996 2994 2991 
f 2996 2999 2997 2994 
f 2999 3002 3000 2997 
f 3002 2956 2955 3000 
s 1
f 3085 3087 3007 3003 
f 3003 3007 3008 3004 
f 3004 3008 3009 3005 
f 3005 3009 3010 3006 
f 3087 3090 3011 3007 
f 3007 3011 3012 3008 
f 3008 3012 3013 3009 
f 3009 3013 3014 3010 
f 3090 3093 3015 3011 
f 3011 3015 3016 3012 
f 3012 3016 3017 3013 
f 3013 3017 3018 3014 
f 3093 3096 3019 3015 
f 3015 3019 3020 3016 
f 3016 3020 3021 3017 
f 3017 3021 3022 3018 
f 3096 3099 3023 3019 
f 3019 3023 3024 3020 
f 3020 3024 3025 3021 
f 3021 3025 3026 3022 
f 3099 3102 3027 3023 
f 3023 3027 3028 3024 
f 3024 3028 3029 3025 
f 3025 3029 3030 3026 
f 3102 3105 3031 3027 
f 3027 3031 3032 3028 
f 3028 3032 3033 3029 
f 3029 3033 3034 3030 
f 3105 3108 3035 3031 
f 3031 3035 3036 3032 
f 3032 3036 3037 3033 
f 3033 3037 3038 3034 
f 3108 3111 3039 3035 
f 3035 3039 3040 3036 
f 3036 3040 3041 3037 
f 3037 3041 3042 3038 
f 3111 3114 3043 3039 
f 3039 3043 3044 3040 
f 3040 3044 3045 3041 
f 3041 3045 3046 3042 
f 3114 3117 3047 3043 
f 3043 3047 3048 3044 
f 3044 3048 3049 3045 
f 3045 3049 3050 3046 
f 3117 3120 3051 3047 
f 3047 3051 3052 3048 
f 3048 3052 3053 3049 
f 3049 3053 3054 3050 
f 3120 3123 3055 3051 
f 3051 3055 3056 3052 
f 3052 3056 3057 3053 
f 3053 3057 3058 3054 
f 3123 3126 3059 3055 
f 3055 3059 3060 3056 
f 3056 3060 3061 3057 
f 3057 3061 3062 3058 
f 3126 3129 3063 3059 
f 3059 3063 3064 3060 
f 3060 3064 3065 3061 
f 3061 3065 3066 3062 
f 3129 3085 3003 3063 
f 3063 3003 3004 3064 
f 3064 3004 3005 3065 
f 3065 3005 3006 3066 
s 2
f 3088 3084 3067 3068 
f 3091 3088 3068 3069 
f 3094 3091 3069 3070 
f 3097 3094 3070 3071 
f 3100 3097 3071 3072 
f 3103 3100 3072 3073 
f 3106 3103 3073 3074 
f 3109 3106 3074 3075 
f 3112 3109 3075 3076 
f 3115 3112 3076 3077 
f 3118 3115 3077 3078 
f 3121 3118 3078 3079 
f 3124 3121 3079 3080 
f 3127 3124 3080 3081 
f 3130 3127 3081 3082 
f 3084 3130 3082 3067 
s 1
f 3087 3085 3083 3086 
f 3090 3087 3086 3089 
f 3093 3090 3089 3092 
f 3096 3093 3092 3095 
f 3099 3096 3095 3098 
f 3102 3099 3098 3101 
f 3105 3102 3101 3104 
f 3108 3105 3104 3107 
f 3111 3108 3107 3110 
f 3114 3111 3110 3113 
f 3117 3114 3113 3116 
f 3120 3117 3116 3119 
f 3123 3120 3119 3122 
f 3126 3123 3122 3125 
f 3129 3126 3125 3128 
f 3085 3129 3128 3083 
s 2
f 3084 3088 3086 3083 
f 3088 3091 3089 3086 
f 3091 3094 3092 3089 
f 3094 3097 3095 3092 
f 3097 3100 3098 3095 
f 3100 3103 3101 3098 
f 3103 3106 3104 3101 
f 3106 3109 3107 3104 
f 3109 3112 3110 3107 
f 3112 3115 3113 3110 
f 3115 3118 3116 3113 
f 3118 3121 3119 3116 
f 3121 3124 3122 3119 
f 3124 3127 3125 3122 
f 3127 3130 3128 3125 
f 3130 3084 3083 3128 
s 1
f 3213 3215 3135 3131 
f 3131 3135 3136 3132 
f 3132 3136 3137 3133 
f 3133 3137 3138 3134 
f 3215 3218 3139 3135 
f 3135 3139 3140 3136 
f 3136 3140 3141 3137 
f 3137 3141 3142 3138 
f 3218 3221 3143 3139 
f 3139 3143 3144 3140 
f 3140 3144 3145 3141 
f 3141 3145 3146 3142 
f 3221 3224 3147 3143 
f 3143 3147 3148 3144 
f 3144 3148 3149 3145 
f 3145 3149 3150 3146 
f 3224 3227 3151 3147 
f 3147 3151 3152 3148 
f 3148 3152 3153 3149 
f 3149 3153 3154 3150 
f 3227 3230 3155 3151 
f 3151 3155 3156 3152 
f 3152 3156 3157 3153 
f 3153 3157 3158 3154 
f 3230 3233 3159 3155 
f 3155 3159 3160 3156 
f 3156 3160 3161 3157 
f 3157 3161 3162 3158 
f 3233 3236 3163 3159 
f 3159 3163 3164 3160 
f 3160 3164 3165 3161 
f 3161 3165 3166 3162 
f 3236 3239 3167 3163 
f 3163 3167 3168 3164 
f 3164 3168 3169 3165 
f 3165 3169 3170 3166 
f 3239 3242 3171 3167 
f 3167 3171 3172 3168 
f 3168 3172 3173 3169 
f 3169 3173 3174 3170 
f 3242 3245 3175 3171 
f 3171 3175 3176 3172 
f 3172 3176 3177 3173 
f 3173 3177 3178 3174 
f 3245 3248 3179 3175 
f 3175 3179 3180 3176 
f 3176 3180 3181 3177 
f 3177 3181 3182 3178 
f 3248 3251 3183 3179 
f 3179 3183 3184 3180 
f 3180 3184 3185 3181 
f 3181 3185 3186 3182 
f 3251 3254 3187 3183 
f 3183 3187 3188 3184 
f 3184 3188 3189 3185 
f 3185 3189 3190 3186 
f 3254 3257 3191 3187 
f 3187 3191 3192 3188 
f 3188 3192 3193 3189 
f 3189 3193 3194 3190 
f 3257 3213 3131 3191 
f 3191 3131 3132 3192 
f 3192 3132 3133 3193 
f 3193 3133 3134 3194 
s 2
f 3216 3212 3195 3196 
f 3219 3216 3196 3197 
f 3222 3219 3197 3198 
f 3225 3222 3198 3199 
f 3228 3225 3199 3200 
f 3231 3228 3200 3201 
f 3234 3231 3201 3202 
f 3237 3234 3202 3203 
f 3240 3237 3203 3204 
f 3243 3240 3204 3205 
f 3246 3243 3205 3206 
f 3249 3246 3206 3207 
f 3252 3249 3207 3208 
f 3255 3252 3208 3209 
f 3258 3255 3209 3210 
f 3212 3258 3210 3195 
s 1
f 3215 3213 3211 3214 
f 3218 3215 3214 3217 
f 3221 3218 3217 3220 
f 3224 3221 3220 3223 
f 3227 3224 3223 3226 
f 3230 3227 3226 3229 
f 3233 3230 3229 3232 
f 3236 3233 3232 3235 
f 3239 3236 3235 3238 
f 3242 3239 3238 3241 
f 3245 3242 3241 3244 
f 3248 3245 3244 3247 
f 3251 3248 3247 3250 
f 3254 3251 3250 3253 
f 3257 3254 3253 3256 
f 3213 3257 3256 3211 
s 2
f 3212 3216 3214 3211 
f 3216 3219 3217 3214 
f 3219 3222 3220 3217 
f 3222 3225 3223 3220 
f 3225 3228 3226 3223 
f 3228 3231 3229 3226 
f 3231 3234 3232 3229 
f 3234 3237 3235 3232 
f 3237 3240 3238 3235 
f 3240 3243 3241 3238 
f 3243 3246 3244 3241 
f 3246 3249 3247 3244 
f 3249 3252 3250 3247 
f 3252 3255 3253 3250 
f 3255 3258 3256 3253 
f 3258 3212 3211 3256 
s 1
f 3341 3343 3263 3259 
f 3259 3263 3264 3260 
f 3260 3264 3265 3261 
f 3261 3265 3266 3262 
f 3343 3346 3267 3263 
f 3263 3267 3268 3264 
f 3264 3268 3269 3265 
f 3265 3269 3270 3266 
f 3346 3349 3271 3267 
f 3267 3271 3272 3268 
f 3268 3272 3273 3269 
f 3269 3273 3274 3270 
f 3349 3352 3275 3271 
f 3271 3275 3276 3272 
f 3272 3276 3277 3273 
f 3273 3277 3278 3274 
f 3352 3355 3279 3275 
f 3275 3279 3280 3276 
f 3276 3280 3281 3277 
f 3277 3281 3282 3278 
f 3355 3358 3283 3279 
f 3279 3283 3284 3280 
f 3280 3284 3285 3281 
f 3281 3285 3286 3282 
f 3358 3361 3287 3283 
f 3283 3287 3288 3284 
f 3284 3288 3289 3285 
f 3285 3289 3290 3286 
f 3361 3364 3291 3287 
f 3287 3291 3292 3288 
f 3288 3292 3293 3289 
f 3289 3293 3294 3290 
f 3364 3367 3295 3291 
f 3291 3295 3296 3292 
f 3292 3296 3297 3293 
f 3293 3297 3298 3294 
f 3367 3370 3299 3295 
f 3295 3299 3300 3296 
f 3296 3300 3301 3297 
f 3297 3301 3302 3298 
f 3370 3373 3303 3299 
f 3299 3303 3304 3300 
f 3300 3304 3305 3301 
f 3301 3305 3306 3302 
f 3373 3376 3307 3303 
f 3303 3307 3308 3304 
f 3304 3308 3309 3305 
f 3305 3309 3310 3306 
f 3376 3379 3311 3307 
f 3307 3311 3312 3308 
f 3308 3312 3313 3309 
f 3309 3313 3314 3310 
f 3379 3382 3315 3311 
f 3311 3315 3316 3312 
f 3312 3316 3317 3313 
f 3313 3317 3318 3314 
f 3382 3385 3319 3315 
f 3315 3319 3320 3316 
f 3316 3320 3321 3317 
f 3317 3321 3322 3318 
f 3385 3341 3259 3319 
f 3319 3259 3260 3320 
f 3320 3260 3261 3321 
f 3321 3261 3262 3322 
s 2
f 3344 3340 3323 3324 
f 3347 3344 3324 3325 
f 3350 3347 3325 3326 
f 3353 3350 3326 3327 
f 3356 3353 3327 3328 
f 3359 3356 3328 3329 
f 3362 3359 3329 3330 
f 3365 3362 3330 3331 
f 3368 3365 3331 3332 
f 3371 3368 3332 3333 
f 3374 3371 3333 3334 
f 3377 3374 3334 3335 
f 3380 3377 3335 3336 
f 3383 3380 3336 3337 
f 3386 3383 3337 3338 
f 3340 3386 3338 3323 
s 1
f 3343 3341 3339 3342 
f 3346 3343 3342 3345 
f 3349 3346 3345 3348 
f 3352 3349 3348 3351 
f 3355 3352 3351 3354 
f 3358 3355 3354 3357 
f 3361 3358 3357 3360 
f 3364 3361 3360 3363 
f 3367 3364 3363 3366 
f 3370 3367 3366 3369 
f 3373 3370 3369 3372 
f 3376 3373 3372 3375 
f 3379 3376 3375 3378 
f 3382 3379 3378 3381 
f 3385 3382 3381 3384 
f 3341 3385 3384 3339 
s 2
f 3340 3344 3342 3339 
f 3344 3347 3345 3342 
f 3347 3350 3348 3345 
f 3350 3353 3351 3348 
f 3353 3356 3354 3351 
f 3356 3359 3357 3354 
f 3359 3362 3360 3357 
f 3362 3365 3363 3360 
f 3365 3368 3366 3363 
f 3368 3371 3369 3366 
f 3371 3374 3372 3369 
f 3374 3377 3375 3372 
f 3377 3380 3378 3375 
f 3380 3383 3381 3378 
f 3383 3386 3384 3381 
f 3386 3340 3339 3384 
s 1
f 3469 3471 3391 3387 
f 3387 3391 3392 3388 
f 3388 3392 3393 3389 
f 3389 3393 3394 3390 
f 3471 3474 3395 3391 
f 3391 3395 3396 3392 
f 3392 3396 3397 3393 
f 3393 3397 3398 3394 
f 3474 3477 3399 3395 
f 3395 3399 3400 3396 
f 3396 3400 3401 3397 
f 3397 3401 3402 3398 
f 3477 3480 3403 3399 
f 3399 3403 3404 3400 
f 3400 3404 3405 3401 
f 3401 3405 3406 3402 
f 3480 3483 3407 3403 
f 3403 3407 3408 3404 
f 3404 3408 3409 3405 
f 3405 3409 3410 3406 
f 3483 3486 3411 3407 
f 3407 3411 3412 3408 
f 3408 3412 3413 3409 
f 3409 3413 3414 3410 
f 3486 3489 3415 3411 
f 3411 3415 3416 3412 
f 3412 3416 3417 3413 
f 3413 3417 3418 3414 
f 3489 3492 3419 3415 
f 3415 3419 3420 3416 
f 3416 3420 3421 3417 
f 3417 3421 3422 3418 
f 3492 3495 3423 3419 
f 3419 3423 3424 3420 
f 3420 3424 3425 3421 
f 3421 3425 3426 3422 
f 3495 3498 3427 3423 
f 3423 3427 3428 3424 
f 3424 3428 3429 3425 
f 3425 3429 3430 3426 
f 3498 3501 3431 3427 
f 3427 3431 3432 3428 
f 3428 3432 3433 3429 
f 3429 3433 3434 3430 
f 3501 3504 3435 3431 
f 3431 3435 3436 3432 
f 3432 3436 3437 3433 
f 3433 3437 3438 3434 
f 3504 3507 3439 3435 
f 3435 3439 3440 3436 
f 3436 3440 3441 3437 
f 3437 3441 3442 3438 
f 3507 3510 3443 3439 
f 3439 3443 3444 3440 
f 3440 3444 3445 3441 
f 3441 3445 3446 3442 
f 3510 3513 3447 3443 
f 3443 3447 3448 3444 
f 3444 3448 3449 3445 
f 3445 3449 3450 3446 
f 3513 3469 3387 3447 
f 3447 3387 3388 3448 
f 3448 3388 3389 3449 
f 3449 3389 3390 3450 
s 2
f 3472 3468 3451 3452 
f 3475 3472 3452 3453 
f 3478 3475 3453 3454 
f 3481 3478 3454 3455 
f 3484 3481 3455 3456 
f 3487 3484 3456 3457 
f 3490 3487 3457 3458 
f 3493 3490 3458 3459 
f 3496 3493 3459 3460 
f 3499 3496 3460 3461 
f 3502 3499 3461 3462 
f 3505 3502 3462 3463 
f 3508 3505 3463 3464 
f 3511 3508 3464 3465 
f 3514 3511 3465 3466 
f 3468 3514 3466 3451 
s 1
f 3471 3469 3467 3470 
f 3474 3471 3470 3473 
f 3477 3474 3473 3476 
f 3480 3477 3476 3479 
f 3483 3480 3479 3482 
f 3486 3483 3482 3485 
f 3489 3486 3485 3488 
f 3492 3489 3488 3491 
f 3495 3492 3491 3494 
f 3498 3495 3494 3497 
f 3501 3498 3497 3500 
f 3504 3501 3500 3503 
f 3507 3504 3503 3506 
f 3510 3507 3506 3509 
f 3513 3510 3509 3512 
f 3469 3513 3512 3467 
s 2
f 3468 3472 3470 3467 
f 3472 3475 3473 3470 
f 3475 3478 3476 3473 
f 3478 3481 3479 3476 
f 3481 3484 3482 3479 
f 3484 3487 3485 3482 
f 3487 3490 3488 3485 
f 3490 3493 3491 3488 
f 3493 3496 3494 3491 
f 3496 3499 3497 3494 
f 3499 3502 3500 3497 
f 3502 3505 3503 3500 
f 3505 3508 3506 3503 
f 3508 3511 3509 3506 
f 3511 3514 3512 3509 
f 3514 3468 3467 3512 
s 1
f 3597 3599 3519 3515 
f 3515 3519 3520 3516 
f 3516 3520 3521 3517 
f 3517 3521 3522 3518 
f 3599 3602 3523 3519 
f 3519 3523 3524 3520 
f 3520 3524 3525 3521 
f 3521 3525 3526 3522 
f 3602 3605 3527 3523 
f 3523 3527 3528 3524 
f 3524 3528 3529 3525 
f 3525 3529 3530 3526 
f 3605 3608 3531 3527 
f 3527 3531 3532 3528 
f 3528 3532 3533 3529 
f 3529 3533 3534 3530 
f 3608 3611 3535 3531 
f 3531 3535 3536 3532 
f 3532 3536 3537 3533 
f 3533 3537 3538 3534 
f 3611 3614 3539 3535 
f 3535 3539 3540 3536 
f 3536 3540 3541 3537 
f 3537 3541 3542 3538 
f 3614 3617 3543 3539 
f 3539 3543 3544 3540 
f 3540 3544 3545 3541 
f 3541 3545 3546 3542 
f 3617 3620 3547 3543 
f 3543 3547 3548 3544 
f 3544 3548 3549 3545 
f 3545 3549 3550 3546 
f 3620 3623 3551 3547 
f 3547 3551 3552 3548 
f 3548 3552 3553 3549 
f 3549 3553 3554 3550 
f 3623 3626 3555 3551 
f 3551 3555 3556 3552 
f 3552 3556 3557 3553 
f 3553 3557 3558 3554 
f 3626 3629 3559 3555 
f 3555 3559 3560 3556 
f 3556 3560 3561 3557 
f 3557 3561 3562 3558 
f 3629 3632 3563 3559 
f 3559 3563 3564 3560 
f 3560 3564 3565 3561 
f 3561 3565 3566 3562 
f 3632 3635 3567 3563 
f 3563 3567 3568 3564 
f 3564 3568 3569 3565 
f 3565 3569 3570 3566 
f 3635 3638 3571 3567 
f 3567 3571 3572 3568 
f 3568 3572 3573 3569 
f 3569 3573 3574 3570 
f 3638 3641 3575 3571 
f 3571 3575 3576 3572 
f 3572 3576 3577 3573 
f 3573 3577 3578 3574 
f 3641 3597 3515 3575 
f 3575 3515 3516 3576 
f 3576 3516 3517 3577 
f 3577 3517 3518 3578 
s 2
f 3600 3596 3579 3580 
f 3603 3600 3580 3581 
f 3606 3603 3581 3582 
f 3609 3606 3582 3583 
f 3612 3609 3583 3584 
f 3615 3612 3584 3585 
f 3618 3615 3585 3586 
f 3621 3618 3586 3587 
f 3624 3621 3587 3588 
f 3627 3624 3588 3589 
f 3630 3627 3589 3590 
f 3633 3630 3590 3591 
f 3636 3633 3591 3592 
f 3639 3636 3592 3593 
f 3642 3639 3593 3594 
f 3596 3642 3594 3579 
s 1
f 3599 3597 3595 3598 
f 3602 3599 3598 3601 
f 3605 3602 3601 3604 
f 3608 3605 3604 3607 
f 3611 3608 3607 3610 
f 3614 3611 3610 3613 
f 3617 3614 3613 3616 
f 3620 3617 3616 3619 
f 3623 3620 3619 3622 
f 3626 3623 3622 3625 
f 3629 3626 3625 3628 
f 3632 3629 3628 3631 
f 3635 3632 3631 3634 
f 3638 3635 3634 3637 
f 3641 3638 3637 3640 
f 3597 3641 3640 3595 
s 2
f 3596 3600 3598 3595 
f 3600 3603 3601 3598 
f 3603 3606 3604 3601 
f 3606 3609 3607 3604 
f 3609 3612 3610 3607 
f 3612 3615 3613 3610 
f 3615 3618 3616 3613 
f 3618 3621 3619 3616 
f 3621 3624 3622 3619 
f 3624 3627 3625 3622 
f 3627 3630 3628 3625 
f 3630 3633 3631 3628 
f 3633 3636 3634 3631 
f 3636 3639 3637 3634 
f 3639 3642 3640 3637 
f 3642 3596 3595 3640 
s 1
f 3725 3727 3647 3643 
f 3643 3647 3648 3644 
f 3644 3648 3649 3645 
f 3645 3649 3650 3646 
f 3727 3730 3651 3647 
f 3647 3651 3652 3648 
f 3648 3652 3653 3649 
f 3649 3653 3654 3650 
f 3730 3733 3655 3651 
f 3651 3655 3656 3652 
f 3652 3656 3657 3653 
f 3653 3657 3658 3654 
f 3733 3736 3659 3655 
f 3655 3659 3660 3656 
f 3656 3660 3661 3657 
f 3657 3661 3662 3658 
f 3736 3739 3663 3659 
f 3659 3663 3664 3660 
f 3660 3664 3665 3661 
f 3661 3665 3666 3662 
f 3739 3742 3667 3663 
f 3663 3667 3668 3664 
f 3664 3668 3669 3665 
f 3665 3669 3670 3666 
f 3742 3745 3671 3667 
f 3667 3671 3672 3668 
f 3668 3672 3673 3669 
f 3669 3673 3674 3670 
f 3745 3748 3675 3671 
f 3671 3675 3676 3672 
f 3672 3676 3677 3673 
f 3673 3677 3678 3674 
f 3748 3751 3679 3675 
f 3675 3679 3680 3676 
f 3676 3680 3681 3677 
f 3677 3681 3682 3678 
f 3751 3754 3683 3679 
f 3679 3683 3684 3680 
f 3680 3684 3685 3681 
f 3681 3685 3686 3682 
f 3754 3757 3687 3683 
f 3683 3687 3688 3684 
f 3684 3688 3689 3685 
f 3685 3689 3690 3686 
f 3757 3760 3691 3687 
f 3687 3691 3692 3688 
f 3688 3692 3693 3689 
f 3689 3693 3694 3690 
f 3760 3763 3695 3691 
f 3691 3695 3696 3692 
f 3692 3696 3697 3693 
f 3693 3697 3698 3694 
f 3763 3766 3699 3695 
f 3695 3699 3700 3696 
f 3696 3700 3701 3697 
f 3697 3701 3702 3698 
f 3766 3769 3703 3699 
f 3699 3703 3704 3700 
f 3700 3704 3705 3701 
f 3701 3705 3706 3702 
f 3769 3725 3643 3703 
f 3703 3643 3644 3704 
f 3704 3644 3645 3705 
f 3705 3645 3646 3706 
s 2
f 3728 3724 3707 3708 
f 3731 3728 3708 3709 
f 3734 3731 3709 3710 
f 3737 3734 3710 3711 
f 3740 3737 3711 3712 
f 3743 3740 3712 3713 
f 3746 3743 3713 3714 
f 3749 3746 3714 3715 
f 3752 3749 3715 3716 
f 3755 3752 3716 3717 
f 3758 3755 3717 3718 
f 3761 3758 3718 3719 
f 3764 3761 3719 3720 
f 3767 3764 3720 3721 
f 3770 3767 3721 3722 
f 3724 3770 3722 3707 
s 1
f 3727 3725 3723 3726 
f 3730 3727 3726 3729 
f 3733 3730 3729 3732 
f 3736 3733 3732 3735 
f 3739 3736 3735 3738 
f 3742 3739 3738 3741 
f 3745 3742 3741 3744 
f 3748 3745 3744 3747 
f 3751 3748 3747 3750 
f 3754 3751 3750 3753 
f 3757 3754 3753 3756 
f 3760 3757 3756 3759 
f 3763 3760 3759 3762 
f 3766 3763 3762 3765 
f 3769 3766 3765 3768 
f 3725 3769 3768 3723 
s 2
f 3724 3728 3726 3723 
f 3728 3731 3729 3726 
f 3731 3734 3732 3729 
f 3734 3737 3735 3732 
f 3737 3740 3738 3735 
f 3740 3743 3741 3738 
f 3743 3746 3744 3741 
f 3746 3749 3747 3744 
f 3749 3752 3750 3747 
f 3752 3755 3753 3750 
f 3755 3758 3756 3753 
f 3758 3761 3759 3756 
f 3761 3764 3762 3759 
f 3764 3767 3765 3762 
f 3767 3770 3768 3765 
f 3770 3724 3723 3768 
s 1
f 3853 3855 3775 3771 
f 3771 3775 3776 3772 
f 3772 3776 3777 3773 
f 3773 3777 3778 3774 
f 3855 3858 3779 3775 
f 3775 3779 3780 3776 
f 3776 3780 3781 3777 
f 3777 3781 3782 3778 
f 3858 3861 3783 3779 
f 3779 3783 3784 3780 
f 3780 3784 3785 3781 
f 3781 3785 3786 3782 
f 3861 3864 3787 3783 
f 3783 3787 3788 3784 
f 3784 3788 3789 3785 
f 3785 3789 3790 3786 
f 3864 3867 3791 3787 
f 3787 3791 3792 3788 
f 3788 3792 3793 3789 
f 3789 3793 3794 3790 
f 3867 3870 3795 3791 
f 3791 3795 3796 3792 
f 3792 3796 3797 3793 
f 3793 3797 3798 3794 
f 3870 3873 3799 3795 
f 3795 3799 3800 3796 
f 3796 3800 3801 3797 
f 3797 3801 3802 3798 
f 3873 3876 3803 3799 
f 3799 3803 3804 3800 
f 3800 3804 3805 3801 
f 3801 3805 3806 3802 
f 3876 3879 3807 3803 
f 3803 3807 3808 3804 
f 3804 3808 3809 3805 
f 3805 3809 3810 3806 
f 3879 3882 3811 3807 
f 3807 3811 3812 3808 
f 3808 3812 3813 3809 
f 3809 3813 3814 3810 
f 3882 3885 3815 3811 
f 3811 3815 3816 3812 
f 3812 3816 3817 3813 
f 3813 3817 3818 3814 
f 3885 3888 3819 3815 
f 3815 3819 3820 3816 
f 3816 3820 3821 3817 
f 3817 3821 3822 3818 
f 3888 3891 3823 3819 
f 3819 3823 3824 3820 
f 3820 3824 3825 3821 
f 3821 3825 3826 3822 
f 3891 3894 3827 3823 
f 3823 3827 3828 3824 
f 3824 3828 3829 3825 
f 3825 3829 3830 3826 
f 3894 3897 3831 3827 
f 3827 3831 3832 3828 
f 3828 3832 3833 3829 
f 3829 3833 3834 3830 
f 3897 3853 3771 3831 
f 3831 3771 3772 3832 
f 3832 3772 3773 3833 
f 3833 3773 3774 3834 
s 2
f 3856 3852 3835 3836 
f 3859 3856 3836 3837 
f 3862 3859 3837 3838 
f 3865 3862 3838 3839 
f 3868 3865 3839 3840 
f 3871 3868 3840 3841 
f 3874 3871 3841 3842 
f 3877 3874 3842 3843 
f 3880 3877 3843 3844 
f 3883 3880 3844 3845 
f 3886 3883 3845 3846 
f 3889 3886 3846 3847 
f 3892 3889 3847 3848 
f 3895 3892 3848 3849 
f 3898 3895 3849 3850 
f 3852 3898 3850 3835 
s 1
f 3855 3853 3851 3854 
f 3858 3855 3854 3857 
f 3861 3858 3857 3860 
f 3864 3861 3860 3863 
f 3867 3864 3863 3866 
f 3870 3867 3866 3869 
f 3873 3870 3869 3872 
f 3876 3873 3872 3875 
f 3879 3876 3875 3878 
f 3882 3879 3878 3881 
f 3885 3882 3881 3884 
f 3888 3885 3884 3887 
f 3891 3888 3887 3890 
f 3894 3891 3890 3893 
f 3897 3894 3893 3896 
f 3853 3897 3896 3851 
s 2
f 3852 3856 3854 3851 
f 3856 3859 3857 3854 
f 3859 3862 3860 3857 
f 3862 3865 3863 3860 
f 3865 3868 3866 3863 
f 3868 3871 3869 3866 
f 3871 3874 3872 3869 
f 3874 3877 3875 3872 
f 3877 3880 3878 3875 
f 3880 3883 3881 3878 
f 3883 3886 3884 3881 
f 3886 3889 3887 3884 
f 3889 3892 3890 3887 
f 3892 3895 3893 3890 
f 3895 3898 3896 3893 
f 3898 3852 3851 3896 
s 1
f 3981 3983 3903 3899 
f 3899 3903 3904 3900 
f 3900 3904 3905 3901 
f 3901 3905 3906 3902 
f 3983 3986 3907 3903 
f 3903 3907 3908 3904 
f 3904 3908 3909 3905 
f 3905 3909 3910 3906 
f 3986 3989 3911 3907 
f 3907 3911 3912 3908 
f 3908 3912 3913 3909 
f 3909 3913 3914 3910 
f 3989 3992 3915 3911 
f 3911 3915 3916 3912 
f 3912 3916 3917 3913 
f 3913 3917 3918 3914 
f 3992 3995 3919 3915 
f 3915 3919 3920 3916 
f 3916 3920 3921 3917 
f 3917 3921 3922 3918 
f 3995 3998 3923 3919 
f 3919 3923 3924 3920 
f 3920 3924 3925 3921 
f 3921 3925 3926 3922 
f 3998 4001 3927 3923 
f 3923 3927 3928 3924 
f 3924 3928 3929 3925 
f 3925 3929 3930 3926 
f 4001 4004 3931 3927 
f 3927 3931 3932 3928 
f 3928 3932 3933 3929 
f 3929 3933 3934 3930 
f 4004 4007 3935 3931 
f 3931 3935 3936 3932 
f 3932 3936 3937 3933 
f 3933 3937 3938 3934 
f 4007 4010 3939 3935 
f 3935 3939 3940 3936 
f 3936 3940 3941 3937 
f 3937 3941 3942 3938 
f 4010 4013 3943 3939 
f 3939 3943 3944 3940 
f 3940 3944 3945 3941 
f 3941 3945 3946 3942 
f 4013 4016 3947 3943 
f 3943 3947 3948 3944 
f 3944 3948 3949 3945 
f 3945 3949 3950 3946 
f 4016 4019 3951 3947 
f 3947 3951 3952 3948 
f 3948 3952 3953 3949 
f 3949 3953 3954 3950 
f 4019 4022 3955 3951 
f 3951 3955 3956 3952 
f 3952 3956 3957 3953 
f 3953 3957 3958 3954 
f 4022 4025 3959 3955 
f 3955 3959 3960 3956 
f 3956 3960 3961 3957 
f 3957 3961 3962 3958 
f 4025 3981 3899 3959 
f 3959 3899 3900 3960 
f 3960 3900 3901 3961 
f 3961 3901 3902 3962 
s 2
f 3984 3980 3963 3964 
f 3987 3984 3964 3965 
f 3990 3987 3965 3966 
f 3993 3990 3966 3967 
f 3996 3993 3967 3968 
f 3999 3996 3968 3969 
f 4002 3999 3969 3970 
f 4005 4002 3970 3971 
f 4008 4005 3971 3972 
f 4011 4008 3972 3973 
f 4014 4011 3973 3974 
f 4017 4014 3974 3975 
f 4020 4017 3975 3976 
f 4023 4020 3976 3977 
f 4026 4023 3977 3978 
f 3980 4026 3978 3963 
s 1
f 3983 3981 3979 3982 
f 3986 3983 3982 3985 
f 3989 3986 3985 3988 
f 3992 3989 3988 3991 
f 3995 3992 3991 3994 
f 3998 3995 3994 3997 
f 4001 3998 3997 4000 
f 4004 4001 4000 4003 
f 4007 4004 4003 4006 
f 4010 4007 4006 4009 
f 4013 4010 4009 4012 
f 4016 4013 4012 4015 
f 4019 4016 4015 4018 
f 4022 4019 4018 4021 
f 4025 4022 4021 4024 
f 3981 4025 4024 3979 
s 2
f 3980 3984 3982 3979 
f 3984 3987 3985 3982 
f 3987 3990 3988 3985 
f 3990 3993 3991 3988 
f 3993 3996 3994 3991 
f 3996 3999 3997 3994 
f 3999 4002 4000 3997 
f 4002 4005 4003 4000 
f 4005 4008 4006 4003 
f 4008 4011 4009 4006 
f 4011 4014 4012 4009 
f 4014 4017 4015 4012 
f 4017 4020 4018 4015 
f 4020 4023 4021 4018 
f 4023 4026 4024 4021 
f 4026 3980 3979 4024 
s 1
f 4109 4111 4031 4027 
f 4027 4031 4032 4028 
f 4028 4032 4033 4029 
f 4029 4033 4034 4030 
f 4111 4114 4035 4031 
f 4031 4035 4036 4032 
f 4032 4036 4037 4033 
f 4033 4037 4038 4034 
f 4114 4117 4039 4035 
f 4035 4039 4040 4036 
f 4036 4040 4041 4037 
f 4037 4041 4042 4038 
f 4117 4120 4043 4039 
f 4039 4043 4044 4040 
f 4040 4044 4045 4041 
f 4041 4045 4046 4042 
f 4120 4123 4047 4043 
f 4043 4047 4048 4044 
f 4044 4048 4049 4045 
f 4045 4049 4050 4046 
f 4123 4126 4051 4047 
f 4047 4051 4052 4048 
f 4048 4052 4053 4049 
f 4049 4053 4054 4050 
f 4126 4129 4055 4051 
f 4051 4055 4056 4052 
f 4052 4056 4057 4053 
f 4053 4057 4058 4054 
f 4129 4132 4059 4055 
f 4055 4059 4060 4056 
f 4056 4060 4061 4057 
f 4057 4061 4062 4058 
f 4132 4135 4063 4059 
f 4059 4063 4064 4060 
f 4060 4064 4065 4061 
f 4061 4065 4066 4062 
f 4135 4138 4067 4063 
f 4063 4067 4068 4064 
f 4064 4068 4069 4065 
f 4065 4069 4070 4066 
f 4138 4141 4071 4067 
f 4067 4071 4072 4068 
f 4068 4072 4073 4069 
f 4069 4073 4074 4070 
f 4141 4144 4075 4071 
f 4071 4075 4076 4072 
f 4072 4076 4077 4073 
f 4073 4077 4078 4074 
f 4144 4147 4079 4075 
f 4075 4079 4080 4076 
f 4076 4080 4081 4077 
f 4077 4081 4082 4078 
f 4147 4150 4083 4079 
f 4079 4083 4084 4080 
f 4080 4084 4085 4081 
f 4081 4085 4086 4082 
f 4150 4153 4087 4083 
f 4083 4087 4088 4084 
f 4084 4088 4089 4085 
f 4085 4089 4090 4086 
f 4153 4109 4027 4087 
f 4087 4027 4028 4088 
f 4088 4028 4029 4089 
f 4089 4029 4030 4090 
s 2
f 4112 4108 4091 4092 
f 4115 4112 4092 4093 
f 4118 4115 4093 4094 
f 4121 4118 4094 4095 
f 4124 4121 4095 4096 
f 4127 4124 4096 4097 
f 4130 4127 4097 4098 
f 4133 4130 4098 4099 
f 4136 4133 4099 4100 
f 4139 4136 4100 4101 
f 4142 4139 4101 4102 
f 4145 4142 4102 4103 
f 4148 4145 4103 4104 
f 4151 4148 4104 4105 
f 4154 4151 4105 4106 
f 4108 4154 4106 4091 
s 1
f 4111 4109 4107 4110 
f 4114 4111 4110 4113 
f 4117 4114 4113 4116 
f 4120 4117 4116 4119 
f 4123 4120 4119 4122 
f 4126 4123 4122 4125 
f 4129 4126 4125 4128 
f 4132 4129 4128 4131 
f 4135 4132 4131 4134 
f 4138 4135 4134 4137 
f 4141 4138 4137 4140 
f 4144 4141 4140 4143 
f 4147 4144 4143 4146 
f 4150 4147 4146 4149 
f 4153 4150 4149 4152 
f 4109 4153 4152 4107 
s 2
f 4108 4112 4110 4107 
f 4112 4115 4113 4110 
f 4115 4118 4116 4113 
f 4118 4121 4119 4116 
f 4121 4124 4122 4119 
f 4124 4127 4125 4122 
f 4127 4130 4128 4125 
f 4130 4133 4131 4128 
f 4133 4136 4134 4131 
f 4136 4139 4137 4134 
f 4139 4142 4140 4137 
f 4142 4145 4143 4140 
f 4145 4148 4146 4143 
f 4148 4151 4149 4146 
f 4151 4154 4152 4149 
f 4154 4108 4107 4152 
s 1
f 4237 4239 4159 4155 
f 4155 4159 4160 4156 
f 4156 4160 4161 4157 
f 4157 4161 4162 4158 
f 4239 4242 4163 4159 
f 4159 4163 4164 4160 
f 4160 4164 4165 4161 
f 4161 4165 4166 4162 
f 4242 4245 4167 4163 
f 4163 4167 4168 4164 
f 4164 4168 4169 4165 
f 4165 4169 4170 4166 
f 4245 4248 4171 4167 
f 4167 4171 4172 4168 
f 4168 4172 4173 4169 
f 4169 4173 4174 4170 
f 4248 4251 4175 4171 
f 4171 4175 4176 4172 
f 4172 4176 4177 4173 
f 4173 4177 4178 4174 
f 4251 4254 4179 4175 
f 4175 4179 4180 4176 
f 4176 4180 4181 4177 
f 4177 4181 4182 4178 
f 4254 4257 4183 4179 
f 4179 4183 4184 4180 
f 4180 4184 4185 4181 
f 4181 4185 4186 4182 
f 4257 4260 4187 4183 
f 4183 4187 4188 4184 
f 4184 4188 4189 4185 
f 4185 4189 4190 4186 
f 4260 4263 4191 4187 
f 4187 4191 4192 4188 
f 4188 4192 4193 4189 
f 4189 4193 4194 4190 
f 4263 4266 4195 4191 
f 4191 4195 4196 4192 
f 4192 4196 4197 4193 
f 4193 4197 4198 4194 
f 4266 4269 4199 4195 
f 4195 4199 4200 4196 
f 4196 4200 4201 4197 
f 4197 4201 4202 4198 
f 4269 4272 4203 4199 
f 4199 4203 4204 4200 
f 4200 4204 4205 4201 
f 4201 4205 4206 4202 
f 4272 4275 4207 4203 
f 4203 4207 4208 4204 
f 4204 4208 4209 4205 
f 4205 4209 4210 4206 
f 4275 4278 4211 4207 
f 4207 4211 4212 4208 
f 4208 4212 4213 4209 
f 4209 4213 4214 4210 
f 4278 4281 4215 4211 
f 4211 4215 4216 4212 
f 4212 4216 4217 4213 
f 4213 4217 4218 4214 
f 4281 4237 4155 4215 
f 4215 4155 4156 4216 
f 4216 4156 4157 4217 
f 4217 4157 4158 4218 
s 2
f 4240 4236 4219 4220 
f 4243 4240 4220 4221 
f 4246 4243 4221 4222 
f 4249 4246 4222 4223 
f 4252 4249 4223 4224 
f 4255 4252 4224 4225 
f 4258 4255 4225 4226 
f 4261 4258 4226 4227 
f 4264 4261 4227 4228 
f 4267 4264 4228 4229 
f 4270 4267 4229 4230 
f 4273 4270 4230 4231 
f 4276 4273 4231 4232 
f 4279 4276 4232 4233 
f 4282 4279 4233 4234 
f 4236 4282 4234 4219 
s 1
f 4239 4237 4235 4238 
f 4242 4239 4238 4241 
f 4245 4242 4241 4244 
f 4248 4245 4244 4247 
f 4251 4248 4247 4250 
f 4254 4251 4250 4253 
f 4257 4254 4253 4256 
f 4260 4257 4256 4259 
f 4263 4260 4259 4262 
f 4266 4263 4262 4265 
f 4269 4266 4265 4268 
f 4272 4269 4268 4271 
f 4275 4272 4271 4274 
f 4278 4275 4274 4277 
f 4281 4278 4277 4280 
f 4237 4281 4280 4235 
s 2
f 4236 4240 4238 4235 
f 4240 4243 4241 4238 
f 4243 4246 4244 4241 
f 4246 4249 4247 4244 
f 4249 4252 4250 4247 
f 4252 4255 4253 4250 
f 4255 4258 4256 4253 
f 4258 4261 4259 4256 
f 4261 4264 4262 4259 
f 4264 4267 4265 4262 
f 4267 4270 4268 4265 
f 4270 4273 4271 4268 
f 4273 4276 4274 4271 
f 4276 4279 4277 4274 
f 4279 4282 4280 4277 
f 4282 4236 4235 4280 
s 1
f 4365 4367 4287 4283 
f 4283 4287 4288 4284 
f 4284 4288 4289 4285 
f 4285 4289 4290 4286 
f 4367 4370 4291 4287 
f 4287 4291 4292 4288 
f 4288 4292 4293 4289 
f 4289 4293 4294 4290 
f 4370 4373 4295 4291 
f 4291 4295 4296 4292 
f 4292 4296 4297 4293 
f 4293 4297 4298 4294 
f 4373 4376 4299 4295 
f 4295 4299 4300 4296 
f 4296 4300 4301 4297 
f 4297 4301 4302 4298 
f 4376 4379 4303 4299 
f 4299 4303 4304 4300 
f 4300 4304 4305 4301 
f 4301 4305 4306 4302 
f 4379 4382 4307 4303 
f 4303 4307 4308 4304 
f 4304 4308 4309 4305 
f 4305 4309 4310 4306 
f 4382 4385 4311 4307 
f 4307 4311 4312 4308 
f 4308 4312 4313 4309 
f 4309 4313 4314 4310 
f 4385 4388 4315 4311 
f 4311 4315 4316 4312 
f 4312 4316 4317 4313 
f 4313 4317 4318 4314 
f 4388 4391 4319 4315 
f 4315 4319 4320 4316 
f 4316 4320 4321 4317 
f 4317 4321 4322 4318 
f 4391 4394 4323 4319 
f 4319 4323 4324 4320 
f 4320 4324 4325 4321 
f 4321 4325 4326 4322 
f 4394 4397 4327 4323 
f 4323 4327 4328 4324 
f 4324 4328 4329 4325 
f 4325 4329 4330 4326 
f 4397 4400 4331 4327 
f 4327 4331 4332 4328 
f 4328 4332 4333 4329 
f 4329 4333 4334 4330 
f 4400 4403 4335 4331 
f 4331 4335 4336 4332 
f 4332 4336 4337 4333 
f 4333 4337 4338 4334 
f 4403 4406 4339 4335 
f 4335 4339 4340 4336 
f 4336 4340 4341 4337 
f 4337 4341 4342 4338 
f 4406 4409 4343 4339 
f 4339 4343 4344 4340 
f 4340 4344 4345 4341 
f 4341 4345 4346 4342 
f 4409 4365 4283 4343 
f 4343 4283 4284 4344 
f 4344 4284 4285 4345 
f 4345 4285 4286 4346 
s 2
f 4368 4364 4347 4348 
f 4371 4368 4348 4349 
f 4374 4371 4349 4350 
f 4377 4374 4350 4351 
f 4380 4377 4351 4352 
f 4383 4380 4352 4353 
f 4386 4383 4353 4354 
f 4389 4386 4354 4355 
f 4392 4389 4355 4356 
f 4395 4392 4356 4357 
f 4398 4395 4357 4358 
f 4401 4398 4358 4359 
f 4404 4401 4359 4360 
f 4407 4404 4360 4361 
f 4410 4407 4361 4362 
f 4364 4410 4362 4347 
s 1
f 4367 4365 4363 4366 
f 4370 4367 4366 4369 
f 4373 4370 4369 4372 
f 4376 4373 4372 4375 
f 4379 4376 4375 4378 
f 4382 4379 4378 4381 
f 4385 4382 4381 4384 
f 4388 4385 4384 4387 
f 4391 4388 4387 4390 
f 4394 4391 4390 4393 
f 4397 4394 4393 4396 
f 4400 4397 4396 4399 
f 4403 4400 4399 4402 
f 4406 4403 4402 4405 
f 4409 4406 4405 4408 
f 4365 4409 4408 4363 
s 2
f 4364 4368 4366 4363 
f 4368 4371 4369 4366 
f 4371 4374 4372 4369 
f 4374 4377 4375 4372 
f 4377 4380 4378 4375 
f 4380 4383 4381 4378 
f 4383 4386 4384 4381 
f 4386 4389 4387 4384 
f 4389 4392 4390 4387 
f 4392 4395 4393 4390 
f 4395 4398 4396 4393 
f 4398 4401 4399 4396 
f 4401 4404 4402 4399 
f 4404 4407 4405 4402 
f 4407 4410 4408 4405 
f 4410 4364 4363 4408 
s 1
f 4493 4495 4415 4411 
f 4411 4415 4416 4412 
f 4412 4416 4417 4413 
f 4413 4417 4418 4414 
f 4495 4498 4419 4415 
f 4415 4419 4420 4416 
f 4416 4420 4421 4417 
f 4417 4421 4422 4418 
f 4498 4501 4423 4419 
f 4419 4423 4424 4420 
f 4420 4424 4425 4421 
f 4421 4425 4426 4422 
f 4501 4504 4427 4423 
f 4423 4427 4428 4424 
f 4424 4428 4429 4425 
f 4425 4429 4430 4426 
f 4504 4507 4431 4427 
f 4427 4431 4432 4428 
f 4428 4432 4433 4429 
f 4429 4433 4434 4430 
f 4507 4510 4435 4431 
f 4431 4435 4436 4432 
f 4432 4436 4437 4433 
f 4433 4437 4438 4434 
f 4510 4513 4439 4435 
f 4435 4439 4440 4436 
f 4436 4440 4441 4437 
f 4437 4441 4442 4438 
f 4513 4516 4443 4439 
f 4439 4443 4444 4440 
f 4440 4444 4445 4441 
f 4441 4445 4446 4442 
f 4516 4519 4447 4443 
f 4443 4447 4448 4444 
f 4444 4448 4449 4445 
f 4445 4449 4450 4446 
f 4519 4522 4451 4447 
f 4447 4451 4452 4448 
f 4448 4452 4453 4449 
f 4449 4453 4454 4450 
f 4522 4525 4455 4451 
f 4451 4455 4456 4452 
f 4452 4456 4457 4453 
f 4453 4457 4458 4454 
f 4525 4528 4459 4455 
f 4455 4459 4460 4456 
f 4456 4460 4461 4457 
f 4457 4461 4462 4458 
f 4528 4531 4463 4459 
f 4459 4463 4464 4460 
f 4460 4464 4465 4461 
f 4461 4465 4466 4462 
f 4531 4534 4467 4463 
f 4463 4467 4468 4464 
f 4464 4468 4469 4465 
f 4465 4469 4470 4466 
f 4534 4537 4471 4467 
f 4467 4471 4472 4468 
f 4468 4472 4473 4469 
f 4469 4473 4474 4470 
f 4537 4493 4411 4471 
f 4471 4411 4412 4472 
f 4472 4412 4413 4473 
f 4473 4413 4414 4474 
s 2
f 4496 4492 4475 4476 
f 4499 4496 4476 4477 
f 4502 4499 4477 4478 
f 4505 4502 4478 4479 
f 4508 4505 4479 4480 
f 4511 4508 4480 4481 
f 4514 4511 4481 4482 
f 4517 4514 4482 4483 
f 4520 4517 4483 4484 
f 4523 4520 4484 4485 
f 4526 4523 4485 4486 
f 4529 4526 4486 4487 
f 4532 4529 4487 4488 
f 4535 4532 4488 4489 
f 4538 4535 4489 4490 
f 4492 4538 4490 4475 
s 1
f 4495 4493 4491 4494 
f 4498 4495 4494 4497 
f 4501 4498 4497 4500 
f 4504 4501 4500 4503 
f 4507 4504 4503 4506 
f 4510 4507 4506 4509 
f 4513 4510 4509 4512 
f 4516 4513 4512 4515 
f 4519 4516 4515 4518 
f 4522 4519 4518 4521 
f 4525 4522 4521 4524 
f 4528 4525 4524 4527 
f 4531 4528 4527 4530 
f 4534 4531 4530 4533 
f 4537 4534 4533 4536 
f 4493 4537 4536 4491 
s 2
f 4492 4496 4494 4491 
f 4496 4499 4497 4494 
f 4499 4502 4500 4497 
f 4502 4505 4503 4500 
f 4505 4508 4506 4503 
f 4508 4511 4509 4506 
f 4511 4514 4512 4509 
f 4514 4517 4515 4512 
f 4517 4520 4518 4515 
f 4520 4523 4521 4518 
f 4523 4526 4524 4521 
f 4526 4529 4527 4524 
f 4529 4532 4530 4527 
f 4532 4535 4533 4530 
f 4535 4538 4536 4533 
f 4538 4492 4491 4536 
s 1
f 4621 4623 4543 4539 
f 4539 4543 4544 4540 
f 4540 4544 4545 4541 
f 4541 4545 4546 4542 
f 4623 4626 4547 4543 
f 4543 4547 4548 4544 
f 4544 4548 4549 4545 
f 4545 4549 4550 4546 
f 4626 4629 4551 4547 
f 4547 4551 4552 4548 
f 4548 4552 4553 4549 
f 4549 4553 4554 4550 
f 4629 4632 4555 4551 
f 4551 4555 4556 4552 
f 4552 4556 4557 4553 
f 4553 4557 4558 4554 
f 4632 4635 4559 4555 
f 4555 4559 4560 4556 
f 4556 4560 4561 4557 
f 4557 4561 4562 4558 
f 4635 4638 4563 4559 
f 4559 4563 4564 4560 
f 4560 4564 4565 4561 
f 4561 4565 4566 4562 
f 4638 4641 4567 4563 
f 4563 4567 4568 4564 
f 4564 4568 4569 4565 
f 4565 4569 4570 4566 
f 4641 4644 4571 4567 
f 4567 4571 4572 4568 
f 4568 4572 4573 4569 
f 4569 4573 4574 4570 
f 4644 4647 4575 4571 
f 4571 4575 4576 4572 
f 4572 4576 4577 4573 
f 4573 4577 4578 4574 
f 4647 4650 4579 4575 
f 4575 4579 4580 4576 
f 4576 4580 4581 4577 
f 4577 4581 4582 4578 
f 4650 4653 4583 4579 
f 4579 4583 4584 4580 
f 4580 4584 4585 4581 
f 4581 4585 4586 4582 
f 4653 4656 4587 4583 
f 4583 4587 4588 4584 
f 4584 4588 4589 4585 
f 4585 4589 4590 4586 
f 4656 4659 4591 4587 
f 4587 4591 4592 4588 
f 4588 4592 4593 4589 
f 4589 4593 4594 4590 
f 4659 4662 4595 4591 
f 4591 4595 4596 4592 
f 4592 4596 4597 4593 
f 4593 4597 4598 4594 
f 4662 4665 4599 4595 
f 4595 4599 4600 4596 
f 4596 4600 4601 4597 
f 4597 4601 4602 4598 
f 4665 4621 4539 4599 
f 4599 4539 4540 4600 
f 4600 4540 4541 4601 
f 4601 4541 4542 4602 
s 2
f 4624 4620 4603 4604 
f 4627 4624 4604 4605 
f 4630 4627 4605 4606 
f 4633 4630 4606 4607 
f 4636 4633 4607 4608 
f 4639 4636 4608 4609 
f 4642 4639 4609 4610 
f 4645 4642 4610 4611 
f 4648 4645 4611 4612 
f 4651 4648 4612 4613 
f 4654 4651 4613 4614 
f 4657 4654 4614 4615 
f 4660 4657 4615 4616 
f 4663 4660 4616 4617 
f 4666 4663 4617 4618 
f 4620 4666 4618 4603 
s 1
f 4623 4621 4619 4622 
f 4626 4623 4622 4625 
f 4629 4626 4625 4628 
f 4632 4629 4628 4631 
f 4635 4632 4631 4634 
f 4638 4635 4634 4637 
f 4641 4638 4637 4640 
f 4644 4641 4640 4643 
f 4647 4644 4643 4646 
f 4650 4647 4646 4649 
f 4653 4650 4649 4652 
f 4656 4653 4652 4655 
f 4659 4656 4655 4658 
f 4662 4659 4658 4661 
f 4665 4662 4661 4664 
f 4621 4665 4664 4619 
s 2
f 4620 4624 4622 4619 
f 4624 4627 4625 4622 
f 4627 4630 4628 4625 
f 4630 4633 4631 4628 
f 4633 4636 4634 4631 
f 4636 4639 4637 4634 
f 4639 4642 4640 4637 
f 4642 4645 4643 4640 
f 4645 4648 4646 4643 
f 4648 4651 4649 4646 
f 4651 4654 4652 4649 
f 4654 4657 4655 4652 
f 4657 4660 4658 4655 
f 4660 4663 4661 4658 
f 4663 4666 4664 4661 
f 4666 4620 4619 4664 
s 1
f 4749 4751 4671 4667 
f 4667 4671 4672 4668 
f 4668 4672 4673 4669 
f 4669 4673 4674 4670 
f 4751 4754 4675 4671 
f 4671 4675 4676 4672 
f 4672 4676 4677 4673 
f 4673 4677 4678 4674 
f 4754 4757 4679 4675 
f 4675 4679 4680 4676 
f 4676 4680 4681 4677 
f 4677 4681 4682 4678 
f 4757 4760 4683 4679 
f 4679 4683 4684 4680 
f 4680 4684 4685 4681 
f 4681 4685 4686 4682 
f 4760 4763 4687 4683 
f 4683 4687 4688 4684 
f 4684 4688 4689 4685 
f 4685 4689 4690 4686 
f 4763 4766 4691 4687 
f 4687 4691 4692 4688 
f 4688 4692 4693 4689 
f 4689 4693 4694 4690 
f 4766 4769 4695 4691 
f 4691 4695 4696 4692 
f 4692 4696 4697 4693 
f 4693 4697 4698 4694 
f 4769 4772 4699 4695 
f 4695 4699 4700 4696 
f 4696 4700 4701 4697 
f 4697 4701 4702 4698 
f 4772 4775 4703 4699 
f 4699 4703 4704 4700 
f 4700 4704 4705 4701 
f 4701 4705 4706 4702 
f 4775 4778 4707 4703 
f 4703 4707 4708 4704 
f 4704 4708 4709 4705 
f 4705 4709 4710 4706 
f 4778 4781 4711 4707 
f 4707 4711 4712 4708 
f 4708 4712 4713 4709 
f 4709 4713 4714 4710 
f 4781 4784 4715 4711 
f 4711 4715 4716 4712 
f 4712 4716 4717 4713 
f 4713 4717 4718 4714 
f 4784 4787 4719 4715 
f 4715 4719 4720 4716 
f 4716 4720 4721 4717 
f 4717 4721 4722 4718 
f 4787 4790 4723 4719 
f 4719 4723 4724 4720 
f 4720 4724 4725 4721 
f 4721 4725 4726 4722 
f 4790 4793 4727 4723 
f 4723 4727 4728 4724 
f 4724 4728 4729 4725 
f 4725 4729 4730 4726 
f 4793 4749 4667 4727 
f 4727 4667 4668 4728 
f 4728 4668 4669 4729 
f 4729 4669 4670 4730 
s 2
f 4752 4748 4731 4732 
f 4755 4752 4732 4733 
f 4758 4755 4733 4734 
f 4761 4758 4734 4735 
f 4764 4761 4735 4736 
f 4767 4764 4736 4737 
f 4770 4767 4737 4738 
f 4773 4770 4738 4739 
f 4776 4773 4739 4740 
f 4779 4776 4740 4741 
f 4782 4779 4741 4742 
f 4785 4782 4742 4743 
f 4788 4785 4743 4744 
f 4791 4788 4744 4745 
f 4794 4791 4745 4746 
f 4748 4794 4746 4731 
s 1
f 4751 4749 4747 4750 
f 4754 4751 4750 4753 
f 4757 4754 4753 4756 
f 4760 4757 4756 4759 
f 4763 4760 4759 4762 
f 4766 4763 4762 4765 
f 4769 4766 4765 4768 
f 4772 4769 4768 4771 
f 4775 4772 4771 4774 
f 4778 4775 4774 4777 
f 4781 4778 4777 4780 
f 4784 4781 4780 4783 
f 4787 4784 4783 4786 
f 4790 4787 4786 4789 
f 4793 4790 4789 4792 
f 4749 4793 4792 4747 
s 2
f 4748 4752 4750 4747 
f 4752 4755 4753 4750 
f 4755 4758 4756 4753 
f 4758 4761 4759 4756 
f 4761 4764 4762 4759 
f 4764 4767 4765 4762 
f 4767 4770 4768 4765 
f 4770 4773 4771 4768 
f 4773 4776 4774 4771 
f 4776 4779 4777 4774 
f 4779 4782 4780 4777 
f 4782 4785 4783 4780 
f 4785 4788 4786 4783 
f 4788 4791 4789 4786 
f 4791 4794 4792 4789 
f 4794 4748 4747 4792 
s 1
f 4877 4879 4799 4795 
f 4795 4799 4800 4796 
f 4796 4800 4801 4797 
f 4797 4801 4802 4798 
f 4879 4882 4803 4799 
f 4799 4803 4804 4800 
f 4800 4804 4805 4801 
f 4801 4805 4806 4802 
f 4882 4885 4807 4803 
f 4803 4807 4808 4804 
f 4804 4808 4809 4805 
f 4805 4809 4810 4806 
f 4885 4888 4811 4807 
f 4807 4811 4812 4808 
f 4808 4812 4813 4809 
f 4809 4813 4814 4810 
f 4888 4891 4815 4811 
f 4811 4815 4816 4812 
f 4812 4816 4817 4813 
f 4813 4817 4818 4814 
f 4891 4894 4819 4815 
f 4815 4819 4820 4816 
f 4816 4820 4821 4817 
f 4817 4821 4822 4818 
f 4894 4897 4823 4819 
f 4819 4823 4824 4820 
f 4820 4824 4825 4821 
f 4821 4825 4826 4822 
f 4897 4900 4827 4823 
f 4823 4827 4828 4824 
f 4824 4828 4829 4825 
f 4825 4829 4830 4826 
f 4900 4903 4831 4827 
f 4827 4831 4832 4828 
f 4828 4832 4833 4829 
f 4829 4833 4834 4830 
f 4903 4906 4835 4831 
f 4831 4835 4836 4832 
f 4832 4836 4837 4833 
f 4833 4837 4838 4834 
f 4906 4909 4839 4835 
f 4835 4839 4840 4836 
f 4836 4840 4841 4837 
f 4837 4841 4842 4838 
f 4909 4912 4843 4839 
f 4839 4843 4844 4840 
f 4840 4844 4845 4841 
f 4841 4845 4846 4842 
f 4912 4915 4847 4843 
f 4843 4847 4848 4844 
f 4844 4848 4849 4845 
f 4845 4849 4850 4846 
f 4915 4918 4851 4847 
f 4847 4851 4852 4848 
f 4848 4852 4853 4849 
f 4849 4853 4854 4850 
f 4918 4921 4855 4851 
f 4851 4855 4856 4852 
f 4852 4856 4857 4853 
f 4853 4857 4858 4854 
f 4921 4877 4795 4855 
f 4855 4795 4796 4856 
f 4856 4796 4797 4857 
f 4857 4797 4798 4858 
s 2
f 4880 4876 4859 4860 
f 4883 4880 4860 4861 
f 4886 4883 4861 4862 
f 4889 4886 4862 4863 
f 4892 4889 4863 4864 
f 4895 4892 4864 4865 
f 4898 4895 4865 4866 
f 4901 4898 4866 4867 
f 4904 4901 4867 4868 
f 4907 4904 4868 4869 
f 4910 4907 4869 4870 
f 4913 4910 4870 4871 
f 4916 4913 4871 4872 
f 4919 4916 4872 4873 
f 4922 4919 4873 4874 
f 4876 4922 4874 4859 
s 1
f 4879 4877 4875 4878 
f 4882 4879 4878 4881 
f 4885 4882 4881 4884 
f 4888 4885 4884 4887 
f 4891 4888 4887 4890 
f 4894 4891 4890 4893 
f 4897 4894 4893 4896 
f 4900 4897 4896 4899 
f 4903 4900 4899 4902 
f 4906 4903 4902 4905 
f 4909 4906 4905 4908 
f 4912 4909 4908 4911 
f 4915 4912 4911 4914 
f 4918 4915 4914 4917 
f 4921 4918 4917 4920 
f 4877 4921 4920 4875 
s 2
f 4876 4880 4878 4875 
f 4880 4883 4881 4878 
f 4883 4886 4884 4881 
f 4886 4889 4887 4884 
f 4889 4892 4890 4887 
f 4892 4895 4893 4890 
f 4895 4898 4896 4893 
f 4898 4901 4899 4896 
f 4901 4904 4902 4899 
f 4904 4907 4905 4902 
f 4907 4910 4908 4905 
f 4910 4913 4911 4908 
f 4913 4916 4914 4911 
f 4916 4919 4917 4914 
f 4919 4922 4920 4917 
f 4922 4876 4875 4920 
s 1
f 5005 5007 4927 4923 
f 4923 4927 4928 4924 
f 4924 4928 4929 4925 
f 4925 4929 4930 4926 
f 5007 5010 4931 4927 
f 4927 4931 4932 4928 
f 4928 4932 4933 4929 
f 4929 4933 4934 4930 
f 5010 5013 4935 4931 
f 4931 4935 4936 4932 
f 4932 4936 4937 4933 
f 4933 4937 4938 4934 
f 5013 5016 4939 4935 
f 4935 4939 4940 4936 
f 4936 4940 4941 4937 
f 4937 4941 4942 4938 
f 5016 5019 4943 4939 
f 4939 4943 4944 4940 
f 4940 4944 4945 4941 
f 4941 4945 4946 4942 
f 5019 5022 4947 4943 
f 4943 4947 4948 4944 
f 4944 4948 4949 4945 
f 4945 4949 4950 4946 
f 5022 5025 4951 4947 
f 4947 4951 4952 4948 
f 4948 4952 4953 4949 
f 4949 4953 4954 4950 
f 5025 5028 4955 4951 
f 4951 4955 4956 4952 
f 4952 4956 4957 4953 
f 4953 4957 4958 4954 
f 5028 5031 4959 4955 
f 4955 4959 4960 4956 
f 4956 4960 4961 4957 
f 4957 4961 4962 4958 
f 5031 5034 4963 4959 
f 4959 4963 4964 4960 
f 4960 4964 4965 4961 
f 4961 4965 4966 4962 
f 5034 5037 4967 4963 
f 4963 4967 4968 4964 
f 4964 4968 4969 4965 
f 4965 4969 4970 4966 
f 5037 5040 4971 4967 
f 4967 4971 4972 4968 
f 4968 4972 4973 4969 
f 4969 4973 4974 4970 
f 5040 5043 4975 4971 
f 4971 4975 4976 4972 
f 4972 4976 4977 4973 
f 4973 4977 4978 4974 
f 5043 5046 4979 4975 
f 4975 4979 4980 4976 
f 4976 4980 4981 4977 
f 4977 4981 4982 4978 
f 5046 5049 4983 4979 
f 4979 4983 4984 4980 
f 4980 4984 4985 4981 
f 4981 4985 4986 4982 
f 5049 5005 4923 4983 
f 4983 4923 4924 4984 
f 4984 4924 4925 4985 
f 4985 4925 4926 4986 
s 2
f 5008 5004 4987 4988 
f 5011 5008 4988 4989 
f 5014 5011 4989 4990 
f 5017 5014 4990 4991 
f 5020 5017 4991 4992 
f 5023 5020 4992 4993 
f 5026 5023 4993 4994 
f 5029 5026 4994 4995 
f 5032 5029 4995 4996 
f 5035 5032 4996 4997 
f 5038 5035 4997 4998 
f 5041 5038 4998 4999 
f 5044 5041 4999 5000 
f 5047 5044 5000 5001 
f 5050 5047 5001 5002 
f 5004 5050 5002 4987 
s 1
f 5007 5005 5003 5006 
f 5010 5007 5006 5009 
f 5013 5010 5009 5012 
f 5016 5013 5012 5015 
f 5019 5016 5015 5018 
f 5022 5019 5018 5021 
f 5025 5022 5021 5024 
f 5028 5025 5024 5027 
f 5031 5028 5027 5030 
f 5034 5031 5030 5033 
f 5037 5034 5033 5036 
f 5040 5037 5036 5039 
f 5043 5040 5039 5042 
f 5046 5043 5042 5045 
f 5049 5046 5045 5048 
f 5005 5049 5048 5003 
s 2
f 5004 5008 5006 5003 
f 5008 5011 5009 5006 
f 5011 5014 5012 5009 
f 5014 5017 5015 5012 
f 5017 5020 5018 5015 
f 5020 5023 5021 5018 
f 5023 5026 5024 5021 
f 5026 5029 5027 5024 
f 5029 5032 5030 5027 
f 5032 5035 5033 5030 
f 5035 5038 5036 5033 
f 5038 5041 5039 5036 
f 5041 5044 5042 5039 
f 5044 5047 5045 5042 
f 5047 5050 5048 5045 
f 5050 5004 5003 5048 
s 1
f 5133 5135 5055 5051 
f 5051 5055 5056 5052 
f 5052 5056 5057 5053 
f 5053 5057 5058 5054 
f 5135 5138 5059 5055 
f 5055 5059 5060 5056 
f 5056 5060 5061 5057 
f 5057 5061 5062 5058 
f 5138 5141 5063 5059 
f 5059 5063 5064 5060 
f 5060 5064 5065 5061 
f 5061 5065 5066 5062 
f 5141 5144 5067 5063 
f 5063 5067 5068 5064 
f 5064 5068 5069 5065 
f 5065 5069 5070 5066 
f 5144 5147 5071 5067 
f 5067 5071 5072 5068 
f 5068 5072 5073 5069 
f 5069 5073 5074 5070 
f 5147 5150 5075 5071 
f 5071 5075 5076 5072 
f 5072 5076 5077 5073 
f 5073 5077 5078 5074 
f 5150 5153 5079 5075 
f 5075 5079 5080 5076 
f 5076 5080 5081 5077 
f 5077 5081 5082 5078 
f 5153 5156 5083 5079 
f 5079 5083 5084 5080 
f 5080 5084 5085 5081 
f 5081 5085 5086 5082 
f 5156 5159 5087 5083 
f 5083 5087 5088 5084 
f 5084 5088 5089 5085 
f 5085 5089 5090 5086 
f 5159 5162 5091 5087 
f 5087 5091 5092 5088 
f 5088 5092 5093 5089 
f 5089 5093 5094 5090 
f 5162 5165 5095 5091 
f 5091 5095 5096 5092 
f 5092 5096 5097 5093 
f 5093 5097 5098 5094 
f 5165 5168 5099 5095 
f 5095 5099 5100 5096 
f 5096 5100 5101 5097 
f 5097 5101 5102 5098 
f 5168 5171 5103 5099 
f 5099 5103 5104 5100 
f 5100 5104 5105 5101 
f 5101 5105 5106 5102 
f 5171 5174 5107 5103 
f 5103 5107 5108 5104 
f 5104 5108 5109 5105 
f 5105 5109 5110 5106 
f 5174 5177 5111 5107 
f 5107 5111 5112 5108 
f 5108 5112 5113 5109 
f 5109 5113 5114 5110 
f 5177 5133 5051 5111 
f 5111 5051 5052 5112 
f 5112 5052 5053 5113 
f 5113 5053 5054 5114 
s 2
f 5136 5132 5115 5116 
f 5139 5136 5116 5117 
f 5142 5139 5117 5118 
f 5145 5142 5118 5119 
f 5148 5145 5119 5120 
f 5151 5148 5120 5121 
f 5154 5151 5121 5122 
f 5157 5154 5122 5123 
f 5160 5157 5123 5124 
f 5163 5160 5124 5125 
f 5166 5163 5125 5126 
f 5169 5166 5126 5127 
f 5172 5169 5127 5128 
f 5175 5172 5128 5129 
f 5178 5175 5129 5130 
f 5132 5178 5130 5115 
s 1
f 5135 5133 5131 5134 
f 5138 5135 5134 5137 
f 5141 5138 5137 5140 
f 5144 5141 5140 5143 
f 5147 5144 5143 5146 
f 5150 5147 5146 5149 
f 5153 5150 5149 5152 
f 5156 5153 5152 5155 
f 5159 5156 5155 5158 
f 5162 5159 5158 5161 
f 5165 5162 5161 5164 
f 5168 5165 5164 5167 
f 5171 5168 5167 5170 
f 5174 5171 5170 5173 
f 5177 5174 5173 5176 
f 5133 5177 5176 5131 
s 2
f 5132 5136 5134 5131 
f 5136 5139 5137 5134 
f 5139 5142 5140 5137 
f 5142 5145 5143 5140 
f 5145 5148 5146 5143 
f 5148 5151 5149 5146 
f 5151 5154 5152 5149 
f 5154 5157 5155 5152 
f 5157 5160 5158 5155 
f 5160 5163 5161 5158 
f 5163 5166 5164 5161 
f 5166 5169 5167 5164 
f 5169 5172 5170 5167 
f 5172 5175 5173 5170 
f 5175 5178 5176 5173 
f 5178 5132 5131 5176 
# 4678 polygons - 132 triangles

