# 3ds Max Wavefront OBJ Exporter v0.97b - (c)2007 guruware
# File Created: 27.02.2020 11:23:36

#
# object 26109_LA
#

v  -3.5110 -22.2524 -6.4953
v  -3.2116 -22.3318 -6.5061
v  -3.0980 -21.9367 -6.5061
v  -3.3631 -21.7739 -6.4952
v  -11.5851 -25.1877 -5.2776
v  -11.4989 -25.1769 -5.6452
v  -11.9302 -21.0390 -5.6454
v  -12.0303 -21.0390 -5.2613
v  -11.4911 -25.5069 -5.2855
v  -11.4246 -25.4863 -5.6150
v  -11.2561 -25.8166 -5.2881
v  -11.2033 -25.7605 -5.6312
v  -10.9208 -26.0134 -5.2833
v  -10.9157 -25.9278 -5.6261
v  -10.5929 -26.0692 -5.2738
v  -10.6014 -25.9763 -5.6547
v  -7.2627 -26.0653 -5.3850
v  -7.2673 -25.9632 -5.7776
v  -3.9068 -26.0625 -5.4659
v  -3.9155 -25.9692 -5.8580
v  -1.1246 19.0638 -4.3913
v  -6.3408 19.0639 -4.3911
v  -6.3402 18.9130 -4.6961
v  -1.1246 18.9122 -4.6994
v  -11.5768 19.0633 -4.3926
v  -11.5438 18.9468 -4.6460
v  -11.8382 19.0193 -4.3759
v  -11.7979 18.8939 -4.6428
v  -12.0256 18.9244 -4.3382
v  -11.9823 18.7752 -4.6346
v  -12.2183 18.7273 -4.2593
v  -12.1329 18.6182 -4.5891
v  -12.3234 18.4326 -4.1407
v  -12.2423 18.3829 -4.5024
v  -12.6501 13.9791 -4.3430
v  -12.5381 13.9791 -4.7134
v  -12.9348 8.3993 -4.5275
v  -12.8198 8.3993 -4.9011
v  -13.0566 3.8591 -4.6739
v  -12.9405 3.8591 -5.0501
v  -13.0928 -0.3986 -4.8056
v  -12.9792 -0.3986 -5.1788
v  -13.0053 -5.8556 -4.9697
v  -12.8938 -5.8556 -5.3423
v  -12.7742 -11.4025 -5.1225
v  -12.6638 -11.4025 -5.4954
v  -12.4128 -16.8538 -5.2034
v  -12.3102 -16.8538 -5.5919
v  -11.3027 -25.1571 -5.9379
v  -11.0010 -25.1262 -6.1277
v  -11.4125 -21.0390 -6.1321
v  -11.7130 -21.0390 -5.9487
v  -11.2725 -25.4233 -5.8816
v  -10.9844 -25.2756 -6.1014
v  -11.0859 -25.6276 -5.9066
v  -10.8811 -25.3836 -6.1104
v  -10.9416 -25.7391 -5.8950
v  -10.8178 -25.4397 -6.1063
v  -10.6163 -25.7675 -5.9549
v  -10.6274 -25.4595 -6.1377
v  -7.2447 -25.0795 -6.3511
v  -10.6267 -25.0782 -6.2383
v  -7.2607 -25.4357 -6.2682
v  -1.1246 -25.7524 -6.2196
v  -1.1246 -25.4667 -6.4042
v  -3.9188 -25.4708 -6.3604
v  -3.9218 -25.7575 -6.1694
v  -6.2406 18.1200 -5.1430
v  -1.1246 18.1157 -5.1543
v  -1.1246 18.4234 -5.0856
v  -6.2874 18.4262 -5.0757
v  -11.3574 18.1327 -5.1096
v  -11.4410 18.4880 -5.0097
v  -11.7094 18.7252 -4.8518
v  -11.5516 18.4523 -5.0141
v  -11.5053 18.7856 -4.8363
v  -11.8618 18.5959 -4.8645
v  -11.6380 18.3766 -5.0184
v  -11.9513 18.4953 -4.8494
v  -11.6815 18.3299 -5.0145
v  -12.0514 18.3464 -4.7974
v  -11.7409 18.2588 -4.9982
v  -12.3098 13.9791 -5.0010
v  -12.0089 13.9791 -5.1701
v  -11.9451 8.3993 -5.4296
v  -11.6605 13.9791 -5.2468
v  -12.2886 8.3993 -5.3558
v  -12.0503 3.8591 -5.5766
v  -12.4007 3.8591 -5.5047
v  -12.1104 -0.3986 -5.7114
v  -12.4518 -0.3986 -5.6355
v  -12.0171 -5.8556 -5.8791
v  -12.3645 -5.8556 -5.8018
v  -11.7981 -11.4025 -6.0367
v  -12.1407 -11.4025 -5.9573
v  -11.4431 -16.8538 -6.1648
v  -11.7912 -16.8538 -6.0788
v  -12.0887 -16.8538 -5.8980
v  -12.3146 -21.0390 1.9092
v  -12.3579 -21.0390 2.9983
v  -11.8724 -25.4775 2.9869
v  -11.8345 -25.4393 1.8971
v  -11.7334 -25.8750 2.9816
v  -11.7014 -25.8264 1.8914
v  -12.6900 -16.8538 1.9543
v  -12.7321 -16.8538 3.0415
v  -13.0515 -11.4025 1.9742
v  -13.0932 -11.4025 3.0530
v  -13.2773 -5.8556 2.0405
v  -13.3185 -5.8556 3.1056
v  -13.3617 -0.3986 2.1091
v  -13.4025 -0.3986 3.1594
v  -13.3284 3.8591 2.1547
v  -13.3687 3.8591 3.1927
v  -13.2000 8.3993 2.2041
v  -13.2398 8.3993 3.2277
v  -12.9097 13.9791 2.2667
v  -12.9490 13.9791 3.2711
v  -12.3257 20.5491 1.0796
v  -12.3300 20.8713 1.8722
v  -12.8697 13.9791 1.2580
v  -11.4359 21.1724 0.8276
v  -11.4145 21.4927 1.6205
v  -11.5802 21.4927 1.6205
v  -11.5798 21.1724 0.8276
v  -1.1246 21.1726 0.8281
v  -1.1246 21.4929 1.6209
v  -6.3408 21.4929 1.6210
v  -6.3408 21.1726 0.8282
v  -10.8421 -26.3195 1.8946
v  -10.8800 -26.3575 2.9834
v  -7.2461 -26.3564 2.9513
v  -7.2483 -26.3180 1.8520
v  -11.1620 -26.2668 1.8921
v  -11.1987 -26.3053 2.9820
v  -11.4614 -26.1029 1.8874
v  -11.4926 -26.1464 2.9774
v  -12.2233 20.8341 0.9644
v  -12.2241 21.1541 1.7579
v  -12.0622 21.0085 0.8940
v  -12.0678 21.3251 1.6887
v  -11.8337 21.1313 0.8442
v  -11.8330 21.4521 1.6371
v  -3.5588 -22.8177 -6.4948
v  -3.2471 -22.7180 -6.5061
v  -3.4998 -23.2454 -6.4950
v  -3.2116 -23.1042 -6.5061
v  -3.3950 -23.6124 -6.4950
v  -3.0980 -23.4993 -6.5061
v  -3.1724 -24.0392 -6.4938
v  -2.9011 -23.8794 -6.5061
v  -2.8866 -24.3996 -6.4906
v  -2.6254 -24.2188 -6.5061
v  -1.1246 -26.0601 -5.5327
v  -1.1246 -25.9641 -5.9153
v  -3.9097 -25.1116 -6.4499
v  -3.9068 -26.3556 2.9279
v  -3.9068 -26.3169 1.8211
v  -2.4876 -24.6976 -6.4892
v  -2.3058 -24.4785 -6.5061
v  -1.6474 -25.0431 -6.4884
v  -1.5418 -24.7961 -6.5061
v  -1.9059 -24.6914 -6.5061
v  -2.0538 -24.9283 -6.4866
v  -2.9011 -21.5566 -6.5061
v  -3.1089 -21.3223 -6.4952
v  -2.6254 -21.2172 -6.5061
v  -2.7898 -20.9497 -6.4952
v  -2.2860 -20.9415 -6.5061
v  -2.4169 -20.6670 -6.4955
v  -2.0274 -20.4530 -6.4951
v  -11.6716 3.8591 -5.5816
v  -11.7570 -0.3986 -5.7168
v  -1.5880 -20.3311 -6.4953
v  -11.5258 8.3993 -5.4343
v  -11.2119 13.9791 -5.2511
v  -10.9123 17.7907 -5.1249
v  -6.1954 17.7466 -5.1561
v  -1.1246 -20.2803 -6.4951
v  -1.1246 17.7443 -5.1672
v  -1.5108 -20.6310 -6.5061
v  -1.4767 -20.8153 -6.5496
v  -1.1246 -20.7788 -6.5477
v  -1.1246 -20.5955 -6.5061
v  -1.9059 -20.7446 -6.5061
v  -1.8379 -20.9147 -6.5477
v  -2.1895 -21.0971 -6.5475
v  -2.5017 -21.3516 -6.5472
v  -2.7532 -21.6635 -6.5471
v  -2.9301 -22.0093 -6.5474
v  -3.0320 -22.3676 -6.5476
v  -3.0650 -22.7081 -6.5469
v  -3.0340 -23.0624 -6.5470
v  -2.9275 -23.4322 -6.5476
v  -2.7433 -23.7881 -6.5469
v  -2.4919 -24.0936 -6.5474
v  -2.1918 -24.3399 -6.5451
v  -1.8384 -24.5314 -6.5418
v  -1.4886 -24.6382 -6.5394
v  -1.1246 -24.8405 -6.5061
v  -1.1246 -24.6572 -6.5477
v  -1.4484 -20.9681 -6.6552
v  -1.1246 -20.9384 -6.6552
v  -1.7797 -21.0633 -6.6552
v  -2.0984 -21.2285 -6.6552
v  -2.3830 -21.4596 -6.6552
v  -2.6141 -21.7442 -6.6552
v  -2.7793 -22.0629 -6.6552
v  -2.8745 -22.3942 -6.6552
v  -2.9042 -22.7180 -6.6552
v  -2.8745 -23.0418 -6.6552
v  -2.7793 -23.3731 -6.6552
v  -2.6141 -23.6918 -6.6552
v  -2.3830 -23.9764 -6.6552
v  -2.0984 -24.2075 -6.6552
v  -1.7797 -24.3727 -6.6552
v  -1.4484 -24.4679 -6.6552
v  -1.1246 -24.4976 -6.6552
v  -11.3641 22.4806 4.0655
v  -11.3485 23.0080 5.0168
v  -11.5611 23.0056 5.0185
v  -11.5816 22.4805 4.0654
v  -1.1246 22.4806 4.0654
v  -1.1246 23.0056 5.0185
v  -6.3408 23.0056 5.0185
v  -6.3408 22.4805 4.0654
v  -12.3271 21.8618 4.3174
v  -12.2265 22.1408 4.2044
v  -12.2055 22.7180 5.2468
v  -12.3063 22.4752 5.4272
v  -12.0537 22.3184 4.1322
v  -12.0056 22.8937 5.1133
v  -11.8309 22.4412 4.0820
v  -11.8100 22.9744 5.0481
v  -11.3484 23.5629 5.6575
v  -11.5157 23.5630 5.6578
v  -1.1246 23.5655 5.6552
v  -6.3408 23.5643 5.6565
v  -12.1836 23.3334 5.9725
v  -12.2616 23.1975 6.2744
v  -11.9564 23.4947 5.7787
v  -11.7709 23.5500 5.6963
v  -11.3486 24.1535 6.1316
v  -11.5265 24.1567 6.1365
v  -1.1246 24.1530 6.1325
v  -6.3408 24.1533 6.1322
v  -12.2321 24.3835 6.6470
v  -12.2418 23.8153 6.5518
v  -12.1451 23.9542 6.3957
v  -12.1872 24.7586 6.6651
v  -11.9290 24.0918 6.2336
v  -11.7556 24.1487 6.1764
v  -11.7220 24.8572 6.5241
v  -11.5269 24.8536 6.5220
v  -11.8048 25.6013 6.7821
v  -12.0195 25.6020 6.7832
v  -1.1246 24.8376 6.5142
v  -1.1246 25.5844 6.7767
v  -6.3408 25.5939 6.7790
v  -6.3408 24.8422 6.5157
v  -12.2672 25.6094 6.8262
v  -12.3404 25.6108 6.8538
v  -12.0118 24.8235 6.5768
v  -12.1689 25.6069 6.7985
v  -11.8830 24.8522 6.5437
v  -12.0987 25.6047 6.7878
v  -12.3702 22.6281 6.5257
v  -12.3272 22.6185 6.3528
v  -12.3948 24.3869 6.7876
v  -12.5970 22.6487 6.7782
v  -12.4606 22.6337 6.6748
v  -13.1120 13.9791 6.5457
v  -13.0682 13.9791 6.3726
v  -13.3295 13.9791 6.7934
v  -13.2018 13.9791 6.6950
v  -13.4021 8.3993 6.5542
v  -13.3602 8.3993 6.3837
v  -13.6052 8.3993 6.8008
v  -13.4879 8.3993 6.7031
v  -13.5275 3.8591 6.5683
v  -13.4850 3.8591 6.3945
v  -13.7332 3.8591 6.8108
v  -13.6162 3.8591 6.7187
v  -13.5711 -0.3986 6.5709
v  -13.5280 -0.3986 6.3975
v  -13.7749 -0.3986 6.8127
v  -13.6597 -0.3986 6.7211
v  -13.4858 -5.8556 6.5588
v  -13.4444 -5.8556 6.3883
v  -13.6869 -5.8556 6.8036
v  -13.5711 -5.8556 6.7075
v  -13.2649 -11.4025 6.5529
v  -13.2219 -11.4025 6.3799
v  -13.4771 -11.4025 6.7989
v  -13.3537 -11.4025 6.7025
v  -12.9138 -16.8538 6.5601
v  -12.8633 -16.8538 6.3939
v  -13.1336 -16.8538 6.7920
v  -13.0102 -16.8538 6.7018
v  -12.5294 -21.0390 6.5311
v  -12.4870 -21.0390 6.3577
v  -12.7559 -21.0390 6.7815
v  -12.6185 -21.0390 6.6800
v  -12.0350 -25.5977 6.5236
v  -11.9892 -25.5953 6.3472
v  -12.2653 -25.6248 6.7754
v  -12.1285 -25.6051 6.6745
v  -11.8683 -26.0559 6.5193
v  -11.8319 -26.0246 6.3429
v  -12.0660 -26.1866 6.7695
v  -11.9460 -26.1114 6.6694
v  -11.6187 -26.3176 6.5147
v  -11.5887 -26.2805 6.3381
v  -11.7665 -26.5059 6.7658
v  -11.6784 -26.3926 6.6648
v  -11.3293 -26.4675 6.5193
v  -11.3116 -26.4240 6.3426
v  -11.4076 -26.6901 6.7705
v  -11.3616 -26.5569 6.6700
v  -10.9964 -26.5244 6.5248
v  -10.9967 -26.4748 6.3408
v  -11.0045 -26.7614 6.7759
v  -10.9968 -26.6251 6.6810
v  -7.2451 -26.5140 6.5177
v  -7.2393 -26.4748 6.3408
v  -7.2363 -26.7526 6.7713
v  -7.2472 -26.6104 6.6653
v  -3.9126 -26.5139 6.5178
v  -3.9068 -26.4748 6.3408
v  -7.2239 -26.9345 6.8217
v  -3.8914 -26.9345 6.8217
v  -3.9038 -26.7526 6.7713
v  -1.1246 -26.5139 6.5177
v  -1.1246 -26.4748 6.3408
v  -1.1246 -26.9345 6.8217
v  -1.1246 -26.7526 6.7712
v  -11.0122 -27.1886 6.8429
v  -11.0122 -29.1676 7.0081
v  -7.2239 -29.1672 7.0080
v  -7.2239 -27.1901 6.8430
v  -3.8914 -29.1672 7.0080
v  -3.8914 -27.1901 6.8430
v  -13.1552 -21.0390 6.8592
v  -14.3903 -21.0390 6.9997
v  -14.3329 -25.8902 7.0053
v  -12.6554 -25.6778 6.8462
v  -14.2993 -29.0111 7.0158
v  -12.4720 -26.5074 6.8404
v  -14.2401 -29.1059 7.0171
v  -12.0707 -26.9586 6.8360
v  -11.5409 -27.1420 6.8422
v  -14.1403 -29.1516 7.0157
v  -1.1246 27.8531 6.9742
v  -1.1246 29.1162 7.0302
v  -6.3408 29.1162 7.0302
v  -6.3408 27.8531 6.9742
v  -12.2403 27.8505 6.9746
v  -14.1245 29.1133 7.0309
v  -14.2878 29.0898 7.0323
v  -12.3802 26.5120 6.9154
v  -12.8268 24.4465 6.8636
v  -14.3532 25.6088 7.0126
v  -14.3698 22.8375 7.0027
v  -12.9539 22.6869 6.8503
v  -14.4539 13.9791 6.9962
v  -13.6025 13.9791 6.8647
v  -14.4882 8.3993 6.9938
v  -13.8642 8.3993 6.8785
v  -14.5051 3.8591 6.9938
v  -14.0031 3.8591 6.8898
v  -14.5105 -0.3986 6.9946
v  -14.0421 -0.3986 6.8930
v  -14.4985 -5.8556 6.9937
v  -13.9665 -5.8556 6.8869
v  -14.4724 -11.4025 6.9942
v  -13.7808 -11.4025 6.8780
v  -14.4297 -16.8538 6.9980
v  -13.4767 -16.8538 6.8666
v  -1.1246 -26.3549 2.9086
v  -1.1246 -26.3160 1.7955
v  -1.1246 -29.1672 7.0080
v  -1.1246 -27.1901 6.8430
v  7.6173 -21.7204 -6.2680
v  7.9410 -17.0609 -6.2043
v  7.7107 -17.0609 -6.2101
v  7.3961 -21.7204 -6.2753
v  8.2626 -25.1635 -5.3553
v  8.5657 -21.7204 -5.3423
v  8.4700 -21.7204 -5.6952
v  8.1855 -25.1563 -5.6767
v  8.1737 -25.4889 -5.3598
v  8.0906 -25.4733 -5.6853
v  7.9400 -25.8071 -5.3528
v  7.8699 -25.7531 -5.6926
v  7.6018 -26.0101 -5.3337
v  7.5452 -25.9264 -5.7042
v  7.2703 -26.0679 -5.3101
v  7.2760 -25.9752 -5.6906
v  4.9901 -26.0653 -5.3858
v  5.0063 -25.9632 -5.7780
v  1.6576 -26.0625 -5.4659
v  1.6661 -25.9637 -5.8528
v  4.0783 18.9128 -4.6959
v  4.0916 19.0639 -4.3911
v  8.1405 18.9433 -4.6527
v  8.1697 19.0553 -4.4123
v  8.4308 19.0069 -4.4065
v  8.3875 18.8836 -4.6629
v  8.6737 18.8651 -4.3619
v  8.6306 18.7426 -4.6204
v  8.8440 18.6505 -4.2841
v  8.7646 18.5756 -4.5728
v  8.9154 18.4120 -4.1915
v  8.8297 18.3659 -4.5300
v  9.1739 13.8805 -4.3428
v  9.0707 13.8805 -4.7042
v  9.3948 8.4151 -4.5238
v  9.2905 8.4151 -4.8892
v  9.4987 3.1279 -4.6970
v  9.3930 3.1279 -5.0636
v  9.4969 -1.7089 -4.8530
v  9.3906 -1.7089 -5.2201
v  9.4025 -6.7285 -5.0090
v  9.2981 -6.7285 -5.3751
v  9.2049 -11.9394 -5.1588
v  9.1017 -11.9394 -5.5245
v  8.9143 -17.0609 -5.2809
v  8.8099 -17.0609 -5.6464
v  8.0176 -25.1438 -5.9354
v  8.2725 -21.7204 -5.9759
v  7.9726 -21.7204 -6.1703
v  7.7008 -25.1202 -6.1501
v  7.9267 -25.4134 -5.9462
v  7.6462 -25.2706 -6.1501
v  7.7416 -25.6200 -5.9635
v  7.5440 -25.3797 -6.1567
v  7.4699 -25.7322 -5.9961
v  7.3939 -25.4396 -6.1733
v  7.2936 -25.7665 -5.9909
v  7.3059 -25.4592 -6.1757
v  4.9955 -25.0795 -6.3511
v  5.0103 -25.4358 -6.2683
v  7.3039 -25.0779 -6.2746
v  1.6723 -25.7470 -6.1586
v  1.6699 -25.4526 -6.3408
v  3.9914 18.1200 -5.1430
v  4.0090 18.4256 -5.0758
v  7.9452 18.1291 -5.1191
v  8.0298 18.4857 -5.0175
v  8.3014 18.7187 -4.8632
v  8.0967 18.7839 -4.8438
v  8.1415 18.4464 -5.0228
v  8.5212 18.6000 -4.8250
v  8.2656 18.3780 -5.0074
v  8.6056 18.4940 -4.8054
v  8.3063 18.3321 -5.0023
v  8.6452 18.3336 -4.8056
v  8.3313 18.2494 -5.0054
v  8.8610 13.8805 -4.9891
v  8.5496 13.8805 -5.1741
v  8.4072 8.4151 -5.4431
v  8.7686 8.4151 -5.3594
v  8.1844 13.8805 -5.2613
v  8.5133 3.1279 -5.6169
v  8.8714 3.1279 -5.5327
v  8.5052 -1.7089 -5.7730
v  8.8660 -1.7089 -5.6899
v  8.4188 -6.7285 -5.9297
v  8.7778 -6.7285 -5.8455
v  8.2277 -11.9394 -6.0806
v  8.5849 -11.9394 -5.9954
v  8.2947 -17.0609 -6.1174
v  8.5981 -17.0609 -5.9337
v  8.4547 -25.2504 -2.8731
v  8.5508 -25.2939 -1.6320
v  8.8679 -21.7204 -1.6267
v  8.7673 -21.7204 -2.8652
v  8.3659 -25.5755 -2.8776
v  8.4620 -25.6189 -1.6364
v  9.2102 -17.0609 -1.6021
v  9.1119 -17.0609 -2.8282
v  9.4972 -11.9394 -1.5523
v  9.3998 -11.9394 -2.7540
v  9.6852 -6.7285 -1.4936
v  9.5907 -6.7285 -2.6654
v  9.7716 -1.7089 -1.4307
v  9.6805 -1.7089 -2.5712
v  9.7661 3.1279 -1.3684
v  9.6770 3.1279 -2.4778
v  9.6540 8.4151 -1.3017
v  9.5675 8.4151 -2.3765
v  9.4229 13.8805 -1.2330
v  9.3394 13.8805 -2.2715
v  9.0690 19.6376 -1.1664
v  9.0178 19.2291 -2.1748
v  8.5288 19.8235 -2.3899
v  8.5778 20.2317 -1.3816
v  8.3235 20.2775 -1.3873
v  8.2722 19.8701 -2.3956
v  4.0916 21.1726 0.8282
v  4.0916 21.4929 1.6210
v  4.9901 -26.1510 -2.9305
v  4.9901 -26.1939 -1.7029
v  7.5586 -26.1979 -1.5867
v  7.4625 -26.1546 -2.8278
v  7.9051 -26.1267 -1.6111
v  7.8040 -26.0878 -2.8519
v  8.2283 -25.9371 -1.6295
v  8.1322 -25.8938 -2.8706
v  8.9807 19.9032 -1.2693
v  8.9351 19.4857 -2.2743
v  8.7928 20.1149 -1.3453
v  8.7531 19.6983 -2.3509
v  7.1036 -24.8955 -6.2821
v  4.9908 -24.8874 -6.3528
v  1.6600 -25.1071 -6.4297
v  1.6516 -24.9174 -6.4391
v  1.6576 -26.3169 1.8211
v  1.6576 -26.3556 2.9279
v  4.9901 -26.3564 2.9511
v  4.9901 -26.3180 1.8517
v  -0.6393 -25.0184 -6.4906
v  -1.1246 -25.1301 -6.4954
v  1.1045 -21.7461 -6.4950
v  7.9808 -11.9394 -6.0855
v  0.8458 -21.3000 -6.4950
v  8.1498 -6.7285 -5.9339
v  0.5303 -20.9364 -6.4950
v  8.2127 -1.7089 -5.7769
v  0.1627 -20.6533 -6.4951
v  8.1881 3.1279 -5.6206
v  -0.2335 -20.4499 -6.4951
v  8.0505 8.4151 -5.4465
v  -0.6672 -20.3233 -6.4950
v  7.8114 13.8805 -5.2645
v  7.6033 17.7195 -5.1355
v  3.9462 17.7469 -5.1561
v  -0.7384 -20.6310 -6.5061
v  -0.7726 -20.8153 -6.5496
v  -0.3434 -20.7446 -6.5061
v  -0.4114 -20.9147 -6.5477
v  0.0368 -20.9415 -6.5061
v  -0.0597 -21.0971 -6.5475
v  0.3762 -21.2172 -6.5061
v  0.2524 -21.3516 -6.5472
v  0.6519 -21.5566 -6.5061
v  0.5039 -21.6635 -6.5471
v  0.8488 -21.9367 -6.5061
v  0.6809 -22.0093 -6.5474
v  0.9624 -22.3318 -6.5061
v  0.7827 -22.3676 -6.5476
v  0.9978 -22.7180 -6.5061
v  0.8158 -22.7081 -6.5469
v  0.9624 -23.1042 -6.5061
v  0.7847 -23.0624 -6.5470
v  0.8488 -23.4993 -6.5061
v  0.6783 -23.4322 -6.5477
v  0.6519 -23.8794 -6.5061
v  0.4941 -23.7881 -6.5469
v  0.3762 -24.2188 -6.5061
v  0.2426 -24.0936 -6.5474
v  0.0368 -24.4945 -6.5061
v  -0.0769 -24.3559 -6.5449
v  -0.3434 -24.6914 -6.5061
v  -0.4318 -24.5424 -6.5416
v  -0.7266 -24.8016 -6.5061
v  -0.7733 -24.6420 -6.5393
v  -0.8008 -20.9681 -6.6552
v  -0.4696 -21.0633 -6.6552
v  -0.1508 -21.2285 -6.6552
v  0.1338 -21.4596 -6.6552
v  0.3649 -21.7442 -6.6552
v  0.5301 -22.0629 -6.6552
v  0.6253 -22.3942 -6.6552
v  0.6550 -22.7180 -6.6552
v  0.6253 -23.0418 -6.6552
v  0.5301 -23.3731 -6.6552
v  0.3649 -23.6918 -6.6552
v  0.1338 -23.9764 -6.6552
v  -0.1508 -24.2076 -6.6552
v  -0.4696 -24.3727 -6.6552
v  -0.8008 -24.4679 -6.6552
v  8.8596 22.4805 4.0654
v  9.1355 22.4039 4.0398
v  9.3090 22.8974 4.9290
v  9.0521 22.9576 4.9504
v  4.0916 22.4805 4.0654
v  4.0916 23.0070 5.0175
v  9.5868 21.8453 4.1730
v  9.8025 22.4014 5.1818
v  9.7207 22.5752 5.0634
v  9.5053 22.0742 4.0972
v  9.5462 22.7652 4.9697
v  9.3863 22.2339 4.0571
v  9.4639 23.5248 5.6647
v  9.2281 23.5669 5.6568
v  4.0915 23.5659 5.6545
v  9.9820 23.1896 6.1209
v  9.8627 23.3046 5.8643
v  9.6873 23.4344 5.7361
v  9.5237 24.1936 6.1833
v  9.2928 24.2070 6.1691
v  4.0916 24.1527 6.1326
v  10.0547 23.8488 6.5440
v  9.9796 23.9345 6.4156
v  9.7706 24.0876 6.2487
v  9.6686 24.8811 6.5392
v  9.8999 25.6062 6.7848
v  9.6281 25.6049 6.7823
v  9.4215 24.8857 6.5353
v  4.0915 24.8354 6.5157
v  4.0915 25.5813 6.7762
v  10.1881 24.4796 6.7585
v  10.2271 25.6080 6.8607
v  10.2034 25.6102 6.8537
v  10.0674 24.4737 6.6562
v  10.0511 25.6078 6.8044
v  9.8924 24.8218 6.5912
v  10.1158 22.6936 6.4365
v  10.3124 22.6902 6.7357
v  10.4364 22.7066 6.7967
v  10.3091 24.4872 6.8106
v  10.7182 13.8805 6.4411
v  10.7907 13.8805 6.5919
v  10.1684 22.6912 6.5491
v  10.8983 13.8805 6.7070
v  11.0194 13.8805 6.7761
v  10.9511 8.4151 6.4425
v  11.0138 8.4151 6.5826
v  11.1131 8.4151 6.6960
v  11.2401 8.4151 6.7731
v  11.0649 3.1279 6.4415
v  11.1286 3.1279 6.5858
v  11.2313 3.1279 6.7018
v  11.3538 3.1279 6.7744
v  11.0813 -1.7089 6.4445
v  11.1466 -1.7089 6.5878
v  11.2495 -1.7089 6.7033
v  11.3743 -1.7089 6.7763
v  11.0000 -6.7285 6.4431
v  11.0700 -6.7285 6.5957
v  11.1844 -6.7285 6.7148
v  11.3021 -6.7285 6.7805
v  10.8152 -11.9394 6.4402
v  10.8837 -11.9394 6.5900
v  10.9942 -11.9394 6.7085
v  11.1136 -11.9394 6.7765
v  10.5359 -17.0609 6.4395
v  10.6044 -17.0609 6.5849
v  10.7109 -17.0609 6.7020
v  10.8351 -17.0609 6.7736
v  10.1930 -21.7204 6.4372
v  10.2586 -21.7204 6.5830
v  10.3637 -21.7204 6.6986
v  10.4910 -21.7204 6.7721
v  9.8526 -25.5796 6.4369
v  9.9089 -25.5845 6.5679
v  9.9756 -25.5937 6.6551
v  10.1236 -25.6072 6.7564
v  9.7127 -25.9886 6.4230
v  9.7581 -26.0163 6.5529
v  9.8283 -26.0615 6.6617
v  9.9530 -26.1365 6.7600
v  9.3893 -26.3116 6.3984
v  9.4119 -26.3441 6.5239
v  9.4461 -26.4032 6.6323
v  9.5292 -26.5321 6.7562
v  9.1002 -26.4368 6.3724
v  9.1113 -26.4754 6.5227
v  9.1257 -26.5563 6.6505
v  9.1666 -26.6975 6.7647
v  8.8059 -26.4747 6.3408
v  8.8138 -26.5149 6.5086
v  8.8059 -26.6003 6.6550
v  8.8043 -26.7456 6.7672
v  4.9901 -26.4748 6.3408
v  4.9960 -26.5141 6.5177
v  4.9980 -26.6104 6.6654
v  4.9871 -26.7526 6.7710
v  1.6576 -26.4748 6.3408
v  1.6634 -26.5140 6.5177
v  4.9747 -26.9345 6.8217
v  1.6545 -26.7526 6.7711
v  1.6422 -26.9345 6.8217
v  4.9747 -27.1900 6.8430
v  4.9747 -29.1672 7.0080
v  8.9121 -29.1666 7.0080
v  8.8181 -27.1885 6.8429
v  1.6422 -27.1901 6.8430
v  1.6422 -29.1672 7.0080
v  10.7344 -25.6654 6.8324
v  14.0697 -26.0291 7.0342
v  14.0979 -21.7204 7.0327
v  11.0400 -21.7204 6.8332
v  10.4808 -26.4885 6.8250
v  14.0760 -28.9276 7.0350
v  9.9201 -27.0176 6.8385
v  13.9497 -29.1890 7.0346
v  9.3505 -27.1554 6.8424
v  13.3151 -29.1943 7.0194
v  4.0916 20.3291 -1.2596
v  4.0916 19.9074 -2.3034
v  4.0916 27.8532 6.9742
v  4.0916 29.1162 7.0302
v  11.0020 22.8136 6.8418
v  14.1156 22.0140 7.0342
v  14.1728 25.6088 7.0388
v  10.8602 25.6088 6.8840
v  11.5016 13.8805 6.8353
v  14.1318 13.8805 7.0327
v  11.7057 8.4151 6.8370
v  14.1460 8.4151 7.0323
v  11.8017 3.1279 6.8378
v  14.1524 3.1279 7.0319
v  11.8227 -1.7089 6.8386
v  14.1538 -1.7089 7.0323
v  11.7506 -6.7285 6.8378
v  14.1495 -6.7285 7.0319
v  11.5847 -11.9394 6.8361
v  14.1387 -11.9394 7.0322
v  11.3425 -17.0609 6.8342
v  14.1214 -17.0609 7.0329
v  9.4149 -25.5221 4.7944
v  9.7543 -21.7204 4.7944
v  9.3279 -25.8469 4.8062
v  10.0904 -17.0609 4.7922
v  10.3735 -11.9394 4.7937
v  10.5568 -6.7285 4.7936
v  10.6352 -1.7089 4.7926
v  10.6269 3.1279 4.7943
v  10.5083 8.4151 4.7934
v  10.2753 13.8805 4.7894
v  8.7610 21.3685 1.4784
v  8.8706 21.7201 2.3454
v  8.5768 21.7888 2.3532
v  8.4854 21.4429 1.4971
v  8.4536 -26.4286 5.0189
v  8.8240 -26.3404 4.9233
v  9.1012 -26.1650 4.8555
v  9.2278 20.8060 1.6893
v  9.3152 21.1526 2.5172
v  9.2410 21.3798 2.4362
v  9.1552 21.0241 1.5834
v  9.0882 21.5702 2.3786
v  8.9763 21.2471 1.5089
v  9.4349 21.4996 3.3465
v  9.8731 13.8805 2.9768
v  10.0744 13.8805 3.9638
v  10.1224 8.4151 3.0896
v  10.3372 8.4151 4.1133
v  10.2409 3.1279 3.0902
v  10.4557 3.1279 4.1142
v  10.2495 -1.7089 3.0889
v  10.4642 -1.7089 4.1125
v  10.1708 -6.7285 3.0897
v  10.3856 -6.7285 4.1135
v  9.9871 -11.9394 3.0897
v  10.2021 -11.9394 4.1135
v  9.7035 -17.0609 3.0864
v  9.9182 -17.0609 4.1086
v  9.3539 -21.7204 3.0105
v  9.5532 -21.7204 3.9754
v  8.9885 -25.4525 2.8379
v  9.1794 -25.4876 3.8215
v  8.9007 -25.7757 2.8414
v  9.1010 -25.8116 3.8679
v  8.6696 -26.0944 2.8696
v  8.8720 -26.1307 3.9071
v  8.3838 -26.2704 2.9122
v  8.5819 -26.3083 3.9600
v  8.0078 -26.3572 2.9735
v  8.2074 -26.3931 4.0018
v  9.0104 22.0579 3.2129
v  8.7015 22.1352 3.2108
v  8.4260 21.0923 0.6294
v  8.6758 21.0482 0.6349
v  9.3603 21.7340 3.2857
v  9.0718 20.7384 0.7406
v  9.1714 20.4547 0.8503
v  9.2308 21.9068 3.2374
v  8.8721 20.9480 0.6657
v  9.5916 13.8805 0.8487
v  9.7166 13.8805 1.9907
v  9.8259 8.4151 0.8499
v  9.9586 8.4151 2.0719
v  9.9444 3.1279 0.8503
v  10.0771 3.1279 2.0723
v  9.9532 -1.7089 0.8496
v  10.0859 -1.7089 2.0714
v  9.8742 -6.7285 0.8500
v  10.0069 -6.7285 2.0719
v  9.6902 -11.9394 0.8500
v  9.8231 -11.9394 2.0720
v  9.4068 -17.0609 0.8494
v  9.5397 -17.0609 2.0712
v  9.0692 -21.7204 0.8503
v  9.2016 -21.7204 2.0654
v  8.7430 -25.3808 0.8503
v  8.8429 -25.4169 1.8464
v  8.6542 -25.7055 0.8458
v  8.7496 -25.7396 1.8065
v  8.4205 -26.0238 0.8528
v  8.5169 -26.0579 1.8237
v  8.1073 -26.2043 0.8707
v  8.2209 -26.2355 1.8585
v  7.7508 -26.2846 0.8955
v  7.8554 -26.3210 1.9370
v  -1.4075 -21.1893 -6.8802
v  -1.1246 -21.1634 -6.8802
v  -1.6969 -21.2725 -6.8802
v  -1.9753 -21.4168 -6.8802
v  -2.2240 -21.6186 -6.8805
v  -2.4260 -21.8672 -6.8805
v  -2.5703 -22.1457 -6.8805
v  -2.6535 -22.4351 -6.8805
v  -2.6792 -22.7180 -6.8802
v  -2.6533 -23.0009 -6.8802
v  -2.5701 -23.2903 -6.8802
v  -2.4258 -23.5687 -6.8802
v  -2.2239 -23.8173 -6.8802
v  -1.9753 -24.0192 -6.8802
v  -1.6968 -24.1635 -6.8802
v  -1.4075 -24.2467 -6.8802
v  -1.1246 -24.2726 -6.8802
v  -0.8417 -21.1893 -6.8802
v  -0.5524 -21.2725 -6.8802
v  -0.2739 -21.4168 -6.8802
v  -0.0253 -21.6187 -6.8802
v  0.1766 -21.8673 -6.8802
v  0.3209 -22.1458 -6.8802
v  0.4041 -22.4351 -6.8802
v  0.4300 -22.7180 -6.8802
v  0.4041 -23.0009 -6.8802
v  0.3209 -23.2903 -6.8802
v  0.1766 -23.5687 -6.8802
v  -0.0253 -23.8173 -6.8802
v  -0.2739 -24.0192 -6.8802
v  -0.5524 -24.1635 -6.8802
v  -0.8417 -24.2467 -6.8802
v  -1.3962 -21.2503 -6.9215
v  -1.1246 -21.2254 -6.9215
v  -1.6740 -21.3302 -6.9215
v  -1.9414 -21.4687 -6.9215
v  -2.1800 -21.6626 -6.9215
v  -2.3739 -21.9012 -6.9215
v  -2.5124 -22.1686 -6.9215
v  -2.5923 -22.4464 -6.9215
v  -2.6172 -22.7180 -6.9215
v  -2.5923 -22.9896 -6.9215
v  -2.5124 -23.2674 -6.9215
v  -2.3739 -23.5348 -6.9215
v  -2.1801 -23.7735 -6.9215
v  -1.9414 -23.9673 -6.9215
v  -1.6740 -24.1058 -6.9215
v  -1.3962 -24.1857 -6.9215
v  -1.1246 -24.2106 -6.9215
v  -0.8530 -21.2503 -6.9215
v  -0.5752 -21.3302 -6.9215
v  -0.3078 -21.4687 -6.9215
v  -0.0692 -21.6626 -6.9215
v  0.1247 -21.9012 -6.9215
v  0.2632 -22.1686 -6.9215
v  0.3431 -22.4464 -6.9215
v  0.3680 -22.7180 -6.9215
v  0.3431 -22.9896 -6.9215
v  0.2632 -23.2674 -6.9215
v  0.1247 -23.5348 -6.9215
v  -0.0692 -23.7735 -6.9215
v  -0.3078 -23.9673 -6.9215
v  -0.5752 -24.1058 -6.9215
v  -0.8530 -24.1857 -6.9215
v  -1.1246 -21.2986 -6.9361
v  -1.3829 -21.3223 -6.9361
v  -1.3295 -21.6108 -6.9361
v  -1.1246 -21.5920 -6.9361
v  -1.6471 -21.3982 -6.9361
v  -1.5391 -21.6710 -6.9361
v  -1.9013 -21.5299 -6.9361
v  -1.7408 -21.7755 -6.9361
v  -2.1283 -21.7143 -6.9361
v  -1.9208 -21.9218 -6.9361
v  -2.3127 -21.9413 -6.9361
v  -2.0671 -22.1018 -6.9361
v  -2.4444 -22.1955 -6.9361
v  -2.1716 -22.3035 -6.9361
v  -2.5203 -22.4597 -6.9361
v  -2.2318 -22.5131 -6.9361
v  -2.5440 -22.7180 -6.9361
v  -2.2506 -22.7180 -6.9361
v  -2.5203 -22.9763 -6.9361
v  -2.2318 -22.9229 -6.9361
v  -2.4444 -23.2405 -6.9361
v  -2.1716 -23.1325 -6.9361
v  -2.3127 -23.4947 -6.9361
v  -2.0671 -23.3342 -6.9361
v  -2.1283 -23.7217 -6.9361
v  -1.9208 -23.5142 -6.9361
v  -1.9013 -23.9061 -6.9361
v  -1.7408 -23.6605 -6.9361
v  -1.6471 -24.0378 -6.9361
v  -1.5391 -23.7650 -6.9361
v  -1.3829 -24.1138 -6.9361
v  -1.3295 -23.8253 -6.9361
v  -1.1246 -24.1374 -6.9361
v  -1.1246 -23.8441 -6.9361
v  -0.8663 -21.3223 -6.9361
v  -0.9197 -21.6108 -6.9361
v  -0.6021 -21.3982 -6.9361
v  -0.7101 -21.6710 -6.9361
v  -0.3479 -21.5299 -6.9361
v  -0.5084 -21.7755 -6.9361
v  -0.1209 -21.7143 -6.9361
v  -0.3284 -21.9218 -6.9361
v  0.0634 -21.9413 -6.9361
v  -0.1821 -22.1018 -6.9361
v  0.1952 -22.1955 -6.9361
v  -0.0776 -22.3035 -6.9361
v  0.2711 -22.4597 -6.9361
v  -0.0174 -22.5131 -6.9361
v  0.2948 -22.7180 -6.9361
v  0.0014 -22.7180 -6.9361
v  0.2711 -22.9763 -6.9361
v  -0.0174 -22.9229 -6.9361
v  0.1952 -23.2405 -6.9361
v  -0.0776 -23.1325 -6.9361
v  0.0634 -23.4947 -6.9361
v  -0.1821 -23.3342 -6.9361
v  -0.1209 -23.7217 -6.9361
v  -0.3284 -23.5142 -6.9361
v  -0.3479 -23.9061 -6.9361
v  -0.5084 -23.6605 -6.9361
v  -0.6021 -24.0378 -6.9361
v  -0.7101 -23.7650 -6.9361
v  -0.8663 -24.1138 -6.9361
v  -0.9197 -23.8253 -6.9361
v  1.2731 -22.2895 -6.4950
v  1.3059 -22.8333 -6.4948
v  1.2531 -23.2466 -6.4949
v  1.1271 -23.6427 -6.4950
v  0.9157 -24.0223 -6.4945
v  0.6028 -24.4192 -6.4907
v  0.2106 -24.7022 -6.4896
v  -0.2067 -24.8932 -6.4889
v  -11.6992 -5.8556 -5.8851
v  -11.5056 -11.4025 -6.0437
v  -11.1705 -16.8538 -6.1736
v  -10.7971 -21.0390 -6.2320
v  -10.3987 -24.8168 -6.2482
v  -7.2239 -24.8041 -6.3542
v  -3.9089 -24.8519 -6.4416
v  -14.5497 -25.9177 7.0258
v  -14.5549 -21.0390 7.0204
v  -14.6401 -21.0390 7.0482
v  -14.6368 -25.9216 7.0506
v  -14.5380 -29.3229 7.0392
v  -14.6320 -29.3164 7.0625
v  -14.5528 22.8570 7.0224
v  -14.5444 25.6088 7.0322
v  -14.6348 25.6088 7.0564
v  -14.6392 22.8604 7.0482
v  -14.5641 13.9791 7.0133
v  -14.6465 13.9791 7.0459
v  -14.5718 8.3993 7.0100
v  -14.6521 8.3993 7.0451
v  -14.5762 3.8591 7.0092
v  -14.6560 3.8591 7.0443
v  -14.5779 -0.3986 7.0092
v  -14.6587 -0.3986 7.0430
v  -14.5743 -5.8556 7.0094
v  -14.6551 -5.8556 7.0436
v  -14.5678 -11.4025 7.0114
v  -14.6494 -11.4025 7.0450
v  -14.5601 -16.8538 7.0158
v  -14.6438 -16.8538 7.0466
v  -14.4400 29.4113 7.0467
v  -12.0770 29.4121 7.0457
v  -12.0673 29.5058 7.0682
v  -14.4400 29.5060 7.0693
v  -6.3408 29.4143 7.0435
v  -1.1246 29.4143 7.0435
v  -1.1246 29.5053 7.0656
v  -6.3408 29.5053 7.0656
v  4.0916 29.4143 7.0435
v  10.0298 29.4135 7.0434
v  10.0225 29.5011 7.0637
v  4.0916 29.5053 7.0656
v  13.5498 29.4130 7.0433
v  13.8381 29.4113 7.0454
v  13.8598 29.4990 7.0652
v  13.5618 29.4986 7.0626
v  14.1299 29.4668 7.0551
v  14.1391 29.5254 7.0703
v  -7.2239 -29.4227 7.0294
v  -11.0122 -29.4234 7.0294
v  -11.0122 -29.5105 7.0537
v  -7.2240 -29.5107 7.0538
v  -3.8914 -29.4227 7.0294
v  -3.8914 -29.5108 7.0538
v  -1.1246 -29.4228 7.0294
v  -1.1246 -29.5108 7.0538
v  -14.4531 -29.4326 7.0414
v  -14.4409 -29.5076 7.0629
v  8.9242 -29.4223 7.0293
v  4.9747 -29.4227 7.0293
v  4.9747 -29.5097 7.0561
v  8.9257 -29.5104 7.0536
v  1.6422 -29.4227 7.0294
v  1.6422 -29.5108 7.0538
v  13.6555 -29.4139 7.0331
v  13.3168 -29.4201 7.0290
v  13.3294 -29.5008 7.0493
v  13.6656 -29.4959 7.0535
v  13.8992 -29.4115 7.0395
v  13.9100 -29.4973 7.0585
v  14.4118 -29.5381 7.0616
v  14.1502 -29.4614 7.0509
v  14.1523 -29.5242 7.0659
v  14.3752 -29.5981 7.0720
v  -14.5110 -29.3867 7.0407
v  -14.6191 -29.3798 7.0630
v  -14.5750 -29.4512 7.0641
v  -14.5023 -29.4943 7.0627
v  -14.5062 29.3848 7.0470
v  -14.5006 29.4933 7.0688
v  -14.5700 29.4516 7.0691
v  -14.5331 29.3173 7.0455
v  -14.6158 29.3791 7.0678
v  -14.6288 29.3173 7.0675
v  -14.4398 29.6522 7.2877
v  -12.0520 29.6521 7.2868
v  -12.0495 29.6753 7.9512
v  -14.4398 29.6754 7.9520
v  -6.3408 29.6521 7.2844
v  -1.1246 29.6521 7.2844
v  -1.1246 29.6753 7.9492
v  -6.3408 29.6753 7.9492
v  4.0916 29.6521 7.2844
v  10.0098 29.6520 7.2844
v  10.0079 29.6753 7.9510
v  4.0915 29.6753 7.9492
v  13.5498 29.6520 7.2843
v  13.8849 29.6521 7.2872
v  13.2201 29.6754 7.9520
v  -14.7760 -25.9176 7.2660
v  -14.7760 -21.0390 7.2644
v  -14.8000 -21.0390 7.9523
v  -14.8000 -25.9176 7.9524
v  -14.7765 -29.3164 7.2800
v  -14.8000 -29.3164 7.9521
v  -14.7760 22.8570 7.2644
v  -14.7763 25.6088 7.2739
v  -14.8000 25.6088 7.9522
v  -14.8000 22.8570 7.9523
v  -14.7760 13.9791 7.2644
v  -14.8000 13.9791 7.9523
v  -14.7760 8.3993 7.2644
v  -14.8000 8.3993 7.9523
v  -14.7760 3.8591 7.2644
v  -14.8000 3.8591 7.9523
v  -14.7760 -0.3986 7.2644
v  -14.8000 -0.3986 7.9523
v  -14.7760 -5.8556 7.2644
v  -14.8000 -5.8556 7.9523
v  -14.7760 -11.4025 7.2644
v  -14.8000 -11.4025 7.9523
v  -14.7760 -16.8538 7.2644
v  -14.8000 -16.8538 7.9523
v  -7.2239 -29.6513 7.2697
v  -11.0122 -29.6513 7.2697
v  -11.0122 -29.6752 7.9520
v  -7.2240 -29.6752 7.9521
v  -3.8914 -29.6513 7.2697
v  -3.8914 -29.6752 7.9520
v  -1.1246 -29.6513 7.2697
v  -1.1246 -29.6752 7.9520
v  -14.4409 -29.6517 7.2803
v  -14.4409 -29.6752 7.9520
v  8.9242 -29.6513 7.2697
v  4.9747 -29.6513 7.2698
v  4.9747 -29.6752 7.9520
v  8.9242 -29.6752 7.9520
v  1.6422 -29.6513 7.2697
v  1.6422 -29.6752 7.9520
v  13.6556 -29.6511 7.2697
v  13.3167 -29.6513 7.2696
v  13.2201 -29.6752 7.9520
v  13.8916 -29.6517 7.2804
v  -14.6777 -29.5521 7.2815
v  -14.7487 -29.4467 7.2809
v  -14.7745 -29.4462 7.9520
v  -14.6938 -29.5690 7.9520
v  -14.5695 -29.6249 7.2805
v  -14.5710 -29.6497 7.9520
v  -14.6770 29.5533 7.2881
v  -14.5672 29.6264 7.2881
v  -14.5710 29.6499 7.9520
v  -14.6938 29.5692 7.9520
v  -14.7767 29.3167 7.2866
v  -14.7505 29.4438 7.2876
v  -14.7745 29.4464 7.9520
v  -14.8000 29.3167 7.9520
v  -14.7100 -21.0390 7.1013
v  -14.7567 -21.0390 7.1743
v  -14.7556 -25.9197 7.1758
v  -14.7079 -25.9212 7.1031
v  -14.7547 -29.3164 7.1869
v  -14.7044 -29.3164 7.1130
v  -14.7028 29.3171 7.1177
v  -14.7544 29.3169 7.1922
v  -14.7555 25.6088 7.1819
v  -14.7067 25.6088 7.1083
v  -14.7095 22.8601 7.1012
v  -14.7564 22.8588 7.1742
v  -14.7589 13.9791 7.1744
v  -14.7141 13.9791 7.1004
v  -14.7604 8.3993 7.1749
v  -14.7175 8.3993 7.1006
v  -14.7615 3.8591 7.1751
v  -14.7201 3.8591 7.1006
v  -14.7624 -0.3986 7.1748
v  -14.7221 -0.3986 7.1001
v  -14.7614 -5.8556 7.1747
v  -14.7197 -5.8556 7.1000
v  -14.7597 -11.4025 7.1744
v  -14.7159 -11.4025 7.1001
v  -14.7580 -16.8538 7.1743
v  -14.7124 -16.8538 7.1006
v  -6.3408 29.5801 7.1175
v  -6.3408 29.6303 7.1914
v  -12.0543 29.6302 7.1932
v  -12.0596 29.5794 7.1191
v  -1.1246 29.5801 7.1176
v  -1.1246 29.6303 7.1915
v  13.5498 29.5797 7.1170
v  13.5568 29.6308 7.1925
v  10.0116 29.6306 7.1921
v  10.0159 29.5799 7.1172
v  4.0916 29.5801 7.1175
v  4.0916 29.6303 7.1914
v  13.8646 29.5790 7.1188
v  13.8884 29.6318 7.1969
v  14.3690 29.6544 7.0944
v  14.3433 29.7046 7.1374
v  14.1281 29.6432 7.1659
v  14.1300 29.5844 7.1039
v  -11.0122 -29.5818 7.1054
v  -11.0122 -29.6304 7.1786
v  -7.2240 -29.6306 7.1791
v  -7.2240 -29.5826 7.1062
v  -3.8914 -29.6307 7.1791
v  -3.8914 -29.5827 7.1062
v  -1.1246 -29.6305 7.1792
v  -1.1246 -29.5827 7.1062
v  -14.4409 -29.5798 7.1135
v  -14.4409 -29.6300 7.1873
v  4.9747 -29.5827 7.1062
v  4.9747 -29.6304 7.1792
v  8.9250 -29.6306 7.1789
v  8.9256 -29.5825 7.1060
v  1.6422 -29.5827 7.1062
v  1.6422 -29.6307 7.1791
v  13.3168 -29.5787 7.1022
v  13.3190 -29.6296 7.1767
v  13.6626 -29.6284 7.1800
v  13.6531 -29.5752 7.1049
v  13.9052 -29.6319 7.1906
v  13.8968 -29.5790 7.1128
v  14.1230 -29.6435 7.1662
v  14.1313 -29.5880 7.1039
v  -14.7267 -29.4427 7.1886
v  -14.6821 -29.4223 7.1155
v  -14.6279 -29.5035 7.1171
v  -14.6625 -29.5375 7.1902
v  -14.5650 -29.6026 7.1877
v  -14.5441 -29.5573 7.1144
v  -14.4399 29.5792 7.1198
v  -14.4398 29.6301 7.1940
v  -14.5640 29.6036 7.1948
v  -14.5442 29.5575 7.1211
v  -14.6260 29.5034 7.1218
v  -14.6614 29.5382 7.1955
v  -14.7272 29.4411 7.1939
v  -14.6806 29.4219 7.1200
v  -14.5864 29.6786 8.0910
v  -14.7166 29.5920 8.0903
v  -14.8032 29.4618 8.0910
v  -14.8322 29.3167 8.0904
v  -14.7713 29.6467 8.2041
v  -14.6113 29.7518 8.2041
v  -14.6349 29.8818 8.2888
v  -14.8541 29.7295 8.2830
v  -14.9113 29.3167 8.2058
v  -14.8764 29.4867 8.2041
v  -15.0069 29.5100 8.2889
v  -15.0317 29.3168 8.2853
v  -14.9588 29.8342 8.3139
v  -14.7095 30.0000 8.3119
v  -15.1246 30.0000 8.3139
v  -14.4398 29.7867 8.2058
v  -14.4398 29.7075 8.0903
v  -12.0462 29.7073 8.0897
v  -12.0379 29.7863 8.2054
v  -14.4398 30.0000 8.3105
v  -14.4398 29.9071 8.2852
v  -12.0253 29.9066 8.2850
v  -12.0156 30.0000 8.3097
v  -6.3408 29.7853 8.2043
v  -6.3408 29.7066 8.0883
v  -1.1246 29.7066 8.0883
v  -1.1246 29.7853 8.2043
v  -6.3408 29.9999 8.3077
v  -6.3408 29.9056 8.2846
v  -1.1246 29.9056 8.2846
v  -1.1246 29.9999 8.3077
v  4.0915 29.7121 8.0859
v  4.0915 29.7853 8.2043
v  4.0916 29.9008 8.2960
v  4.0915 29.9999 8.3077
v  10.0052 29.7077 8.0857
v  9.9993 29.7775 8.1962
v  9.9890 29.9006 8.2871
v  9.9807 30.0000 8.3095
v  -14.8323 25.6088 8.0907
v  -15.0323 25.6088 8.2855
v  -14.9117 25.6088 8.2062
v  -14.8324 22.8570 8.0909
v  -14.8324 13.9791 8.0909
v  -14.9120 22.8570 8.2064
v  -15.0328 22.8570 8.2857
v  -15.0328 13.9791 8.2857
v  -14.9120 13.9791 8.2064
v  -14.8324 8.3993 8.0909
v  -15.0328 8.3993 8.2857
v  -14.9120 8.3993 8.2064
v  -14.8324 3.8591 8.0909
v  -15.0328 3.8591 8.2857
v  -14.9120 3.8591 8.2064
v  -14.8324 -0.3986 8.0909
v  -15.0328 -0.3986 8.2857
v  -14.9120 -0.3986 8.2064
v  -14.8324 -5.8556 8.0909
v  -15.0328 -5.8556 8.2857
v  -14.9120 -5.8556 8.2064
v  -14.8324 -11.4025 8.0909
v  -15.0328 -11.4025 8.2857
v  -14.9120 -11.4025 8.2064
v  -14.8324 -16.8538 8.0909
v  -15.0328 -16.8538 8.2857
v  -14.9120 -16.8538 8.2064
v  -14.8324 -21.0390 8.0909
v  -15.0328 -21.0390 8.2857
v  -14.9120 -21.0390 8.2064
v  -14.8324 -25.9176 8.0909
v  -15.0328 -25.9176 8.2857
v  -14.9120 -25.9176 8.2064
v  -14.8323 -29.3164 8.0908
v  -15.0329 -29.3164 8.2858
v  -14.9120 -29.3164 8.2064
v  -14.8031 -29.4617 8.0910
v  -15.0068 -29.5079 8.2887
v  -14.8764 -29.4865 8.2041
v  -14.7166 -29.5918 8.0903
v  -14.5866 -29.6783 8.0910
v  -14.7713 -29.6465 8.2041
v  -14.8540 -29.7294 8.2830
v  -14.6325 -29.8821 8.2887
v  -14.6113 -29.7516 8.2041
v  -14.9586 -29.8342 8.3139
v  -15.1246 -29.5800 8.3139
v  -15.1246 -30.0000 8.3139
v  -14.4409 -29.7074 8.0904
v  -11.0122 -29.7073 8.0904
v  -14.4409 -29.7865 8.2058
v  -14.4409 -29.9070 8.2853
v  -11.0122 -29.9070 8.2853
v  -11.0122 -29.7865 8.2058
v  -7.2240 -29.7073 8.0904
v  -7.2240 -29.9070 8.2854
v  -7.2240 -29.7866 8.2058
v  -3.8914 -29.7072 8.0904
v  -3.8914 -29.9070 8.2854
v  -3.8914 -29.7866 8.2058
v  -1.1246 -29.7071 8.0904
v  -1.1246 -29.9070 8.2854
v  -1.1246 -29.7866 8.2058
v  1.6422 -29.7071 8.0905
v  1.6422 -29.9070 8.2855
v  1.6422 -29.7866 8.2057
v  4.9747 -29.7071 8.0905
v  4.9747 -29.9070 8.2855
v  4.9747 -29.7866 8.2057
v  8.9242 -29.7071 8.0905
v  8.9242 -29.9070 8.2855
v  8.9242 -29.7866 8.2057
v  13.2212 -29.7098 8.0963
v  13.2188 -29.9084 8.2861
v  13.2201 -29.7894 8.2086
v  -14.7043 -30.0000 8.3139
v  -14.4409 -30.0000 8.3106
v  -14.3340 28.8163 7.0240
v  -12.7219 25.6092 6.8845
v  14.3445 -29.6501 7.0990
v  14.3214 -29.6976 7.1423
v  14.5074 -29.8617 7.1375
v  14.5327 -29.8364 7.1081
v  14.5401 -29.8230 7.0989
v  14.5445 -29.8080 7.0929
v  13.3125 -29.7826 8.1840
v  13.4100 -29.7950 8.1378
v  13.3259 -29.7107 8.0582
v  13.2711 -29.7080 8.0824
v  13.3617 -30.0000 8.2825
v  13.4820 -30.0000 8.2026
v  13.4648 -29.9112 8.1866
v  13.3479 -29.9050 8.2596
v  14.4780 -29.8731 7.1720
v  14.2945 -29.7260 7.1971
v  14.0995 -29.6705 7.2418
v  13.2201 29.7733 8.1918
v  13.2212 29.7054 8.0855
v  13.2722 29.7058 8.0760
v  13.3136 29.7742 8.1744
v  13.2201 30.0000 8.3105
v  13.2189 29.9004 8.2823
v  13.3497 29.9008 8.2570
v  13.3617 30.0000 8.2825
v  13.3261 29.7110 8.0581
v  13.4100 29.7951 8.1377
v  13.4648 29.9112 8.1866
v  14.3990 29.6064 7.0716
v  14.5512 29.8261 7.0948
v  14.5427 29.8375 7.1029
v  14.3141 29.7351 7.1931
v  14.5147 29.8647 7.1326
v  14.4843 29.8776 7.1683
v  14.1070 29.6727 7.2421
v  13.4820 30.0000 8.2026
v  14.5602 30.0000 7.1288
v  14.5536 29.2884 7.0625
v  14.5729 29.1127 7.0625
v  14.6338 29.1127 7.0637
v  14.6264 29.2884 7.0639
v  14.4345 29.5521 7.0626
v  14.4940 29.4535 7.0626
v  14.5974 29.4535 7.0639
v  14.5566 29.8133 7.0890
v  14.4870 -29.3972 7.0616
v  14.5906 -29.5328 7.0639
v  14.5306 -29.2362 7.0616
v  14.6139 -29.3142 7.0639
v  14.5385 -29.1167 7.0615
v  14.6183 -29.1171 7.0638
v  14.4898 -21.7204 7.0596
v  14.5007 -26.0291 7.0603
v  14.5826 -26.0291 7.0628
v  14.5716 -21.7204 7.0624
v  14.5323 25.6088 7.0611
v  14.6025 25.6088 7.0630
v  14.4906 22.0140 7.0596
v  14.4713 13.8805 7.0583
v  14.5532 13.8805 7.0613
v  14.5703 22.0140 7.0622
v  14.4614 8.4151 7.0576
v  14.5432 8.4151 7.0608
v  14.4563 3.1279 7.0571
v  14.5381 3.1279 7.0605
v  14.4551 -1.7089 7.0571
v  14.5370 -1.7089 7.0604
v  14.4592 -6.7285 7.0574
v  14.5410 -6.7285 7.0608
v  14.4676 -11.9394 7.0580
v  14.5494 -11.9394 7.0615
v  14.4784 -17.0609 7.0588
v  14.5602 -17.0609 7.0621
v  14.6999 29.2884 7.0583
v  14.6999 29.1127 7.0583
v  14.8534 29.1127 7.0088
v  14.8534 29.2884 7.0088
v  14.6999 30.0000 7.0583
v  14.6999 29.8131 7.0583
v  14.8524 29.8131 7.0094
v  14.8519 30.0000 7.0097
v  14.6999 29.4535 7.0583
v  14.8533 29.4535 7.0088
v  14.6999 -29.6372 7.0583
v  14.6999 -29.8080 7.0583
v  14.8496 -29.8080 7.0107
v  14.8480 -29.6372 7.0114
v  14.6999 -29.3725 7.0583
v  14.8503 -29.3731 7.0103
v  14.6999 -29.1167 7.0583
v  14.8535 -29.1166 7.0087
v  14.6512 -21.7204 7.0632
v  14.6621 -26.0291 7.0625
v  14.8365 -26.0291 7.0165
v  14.8318 -21.7204 7.0186
v  14.6762 25.6088 7.0607
v  14.8429 25.6088 7.0136
v  14.6520 22.0140 7.0632
v  14.6327 13.8805 7.0637
v  14.8240 13.8805 7.0221
v  14.8320 22.0140 7.0185
v  14.6227 8.4151 7.0639
v  14.8199 8.4151 7.0240
v  14.6176 3.1279 7.0638
v  14.8178 3.1279 7.0249
v  14.6165 -1.7089 7.0638
v  14.8173 -1.7089 7.0251
v  14.6205 -6.7285 7.0639
v  14.8190 -6.7285 7.0244
v  14.6290 -11.9394 7.0638
v  14.8225 -11.9394 7.0228
v  14.6397 -17.0609 7.0636
v  14.8270 -17.0609 7.0208
v  14.9772 29.2884 6.9190
v  14.9772 29.1127 6.9190
v  15.0868 29.1127 6.7561
v  15.0868 29.2884 6.7561
v  14.9754 30.0000 6.9173
v  14.9760 29.8131 6.9179
v  15.0881 29.8131 6.7532
v  15.0888 30.0000 6.7517
v  14.9772 29.4535 6.9190
v  15.0868 29.4535 6.7560
v  14.9774 -29.6372 6.9187
v  14.9765 -29.8080 6.9198
v  15.0876 -29.8080 6.7542
v  15.0866 -29.6372 6.7564
v  14.9775 -29.3725 6.9187
v  15.0867 -29.3724 6.7563
v  14.9773 -29.1167 6.9188
v  15.0868 -29.1167 6.7560
v  14.9747 -21.7204 6.9216
v  14.9751 -26.0291 6.9213
v  15.0848 -26.0291 6.7603
v  15.0844 -21.7204 6.7610
v  14.9760 25.6088 6.9203
v  15.0856 25.6088 6.7585
v  14.9747 22.0140 6.9216
v  14.9744 13.8805 6.9218
v  15.0841 13.8805 6.7618
v  15.0845 22.0140 6.7610
v  14.9743 8.4151 6.9219
v  15.0839 8.4151 6.7621
v  14.9744 3.1279 6.9219
v  15.0839 3.1279 6.7621
v  14.9744 -1.7089 6.9219
v  15.0840 -1.7089 6.7621
v  14.9743 -6.7285 6.9219
v  15.0839 -6.7285 6.7621
v  14.9744 -11.9394 6.9219
v  15.0840 -11.9394 6.7619
v  14.9745 -17.0609 6.9218
v  15.0842 -17.0609 6.7616
v  -15.1246 29.5843 8.3139
v  15.1260 -29.6372 6.5602
v  15.1260 -29.8080 6.5602
v  15.1260 -29.8080 -7.3763
v  15.1260 -29.6372 -7.3763
v  15.1260 -29.3725 6.5602
v  15.1260 -29.3725 -7.3763
v  15.1248 -29.1168 6.5777
v  15.1257 -29.1167 -7.3763
v  15.1255 29.2884 6.5602
v  15.1255 29.1127 6.5602
v  15.1255 29.1127 -7.3763
v  15.1255 29.2884 -7.3763
v  15.1255 30.0000 6.5602
v  15.1255 29.8131 6.5602
v  15.1255 29.8131 -7.3763
v  15.1255 30.0000 -7.3763
v  15.1255 29.4535 6.5602
v  15.1255 29.4535 -7.3763
v  15.1253 -21.7204 6.5651
v  15.1254 -26.0291 6.5644
v  15.1254 -26.0291 -7.3763
v  15.1254 -21.7204 -7.3763
v  15.1254 25.6088 6.5625
v  15.1254 25.6088 -7.3763
v  15.1253 22.0140 6.5650
v  15.1254 13.8805 6.5656
v  15.1254 13.8805 -7.3763
v  15.1254 22.0140 -7.3763
v  15.1253 8.4151 6.5658
v  15.1253 8.4151 -7.3763
v  15.1253 3.1279 6.5656
v  15.1253 3.1279 -7.3763
v  15.1253 -1.7089 6.5656
v  15.1253 -1.7089 -7.3763
v  15.1253 -6.7285 6.5658
v  15.1253 -6.7285 -7.3763
v  15.1253 -11.9394 6.5657
v  15.1253 -11.9394 -7.3763
v  15.1253 -17.0609 6.5655
v  15.1254 -17.0609 -7.3763
v  -11.0573 -21.0390 -6.2228
v  -12.4419 -21.0390 5.1773
v  -11.9481 -25.5539 5.1666
v  -12.4004 -21.0390 4.0877
v  -11.9103 -25.5157 4.0767
v  -11.7120 -25.3157 -1.6267
v  -11.6697 -25.2731 -2.8437
v  -12.1265 -21.0390 -2.8286
v  -12.1747 -21.0390 -1.6123
v  -11.7966 -25.4011 0.8073
v  -12.2712 -21.0390 0.8201
v  -11.7973 -25.9721 5.1619
v  -11.7653 -25.9235 4.0718
v  -11.5981 -25.6695 -1.6334
v  -11.5624 -25.6153 -2.8508
v  -11.6695 -25.7779 0.8013
v  -12.8161 -16.8538 5.2161
v  -12.7741 -16.8538 4.1288
v  -12.5070 -16.8538 -2.7753
v  -12.5542 -16.8538 -1.5612
v  -12.6480 -16.8538 0.8670
v  -13.1767 -11.4025 5.2109
v  -13.1349 -11.4025 4.1319
v  -12.8681 -11.4025 -2.7157
v  -12.9151 -11.4025 -1.5121
v  -13.0091 -11.4025 0.8958
v  -13.4003 -5.8556 5.2362
v  -13.3596 -5.8556 4.1709
v  -13.0979 -5.8556 -2.5920
v  -13.1441 -5.8556 -1.4030
v  -13.2361 -5.8556 0.9754
v  -13.4839 -0.3986 5.2598
v  -13.4432 -0.3986 4.2096
v  -13.1840 -0.3986 -2.4597
v  -13.2297 -0.3986 -1.2868
v  -13.3209 -0.3986 1.0589
v  -13.4479 3.8591 5.2692
v  -13.4083 3.8591 4.2308
v  -13.1491 3.8591 -2.3584
v  -13.1954 3.8591 -1.2003
v  -13.2882 3.8591 1.1170
v  -13.3181 8.3993 5.2759
v  -13.2790 8.3993 4.2517
v  -13.0248 8.3993 -2.2453
v  -13.0701 8.3993 -1.1037
v  -13.1599 8.3993 1.1808
v  -13.0263 13.9791 5.2827
v  -12.9876 13.9791 4.2767
v  -12.7372 13.9791 -2.1077
v  -12.7813 13.9791 -0.9871
v  -11.3817 22.1335 3.2064
v  -11.5811 22.1335 3.2064
v  -11.3931 21.8131 2.4135
v  -11.5807 21.8131 2.4135
v  -11.5786 20.3287 -1.2605
v  -11.5780 19.9069 -2.3045
v  -11.5205 19.9069 -2.3045
v  -11.4923 20.3287 -1.2605
v  -1.1246 22.1335 3.2066
v  -6.3408 22.1335 3.2066
v  -1.1246 21.8132 2.4137
v  -6.3408 21.8132 2.4138
v  -6.3408 20.3291 -1.2596
v  -6.3408 19.9074 -2.3034
v  -1.1246 19.9073 -2.3035
v  -1.1246 20.3291 -1.2597
v  -10.9557 -26.4336 5.1612
v  -7.2417 -26.4332 5.1499
v  -10.9179 -26.3955 4.0723
v  -7.2439 -26.3948 4.0506
v  -7.2554 -26.1939 -1.7024
v  -7.2578 -26.1510 -2.9299
v  -10.6774 -26.1541 -2.8420
v  -10.7197 -26.1965 -1.6261
v  -7.2505 -26.2796 0.7527
v  -10.8043 -26.2815 0.8057
v  -11.2719 -26.3823 5.1618
v  -11.2353 -26.3438 4.0719
v  -11.0027 -26.0994 -2.8491
v  -11.0436 -26.1424 -1.6320
v  -11.1254 -26.2283 0.8021
v  -11.5549 -26.2334 5.1573
v  -11.5237 -26.1899 4.0673
v  -11.3257 -25.9137 -2.8539
v  -11.3605 -25.9623 -1.6368
v  -11.4302 -26.0594 0.7975
v  -12.2256 21.7942 3.3448
v  -12.3281 21.5138 3.4583
v  -12.2249 21.4741 2.5513
v  -12.3291 21.1926 2.6652
v  -12.3248 19.7025 -1.0085
v  -12.3276 19.2798 -2.0528
v  -12.2203 19.5700 -2.1698
v  -12.2213 19.9914 -1.1251
v  -12.0789 21.9582 3.2783
v  -12.0734 21.6416 2.4835
v  -12.0402 19.7581 -2.2454
v  -12.0476 20.1749 -1.1989
v  -11.8317 22.0937 3.2230
v  -11.8323 21.7729 2.4301
v  -11.8364 19.8641 -2.2878
v  -11.8355 20.2865 -1.2438
v  -3.9068 -26.4329 5.1417
v  -3.9068 -26.3942 4.0348
v  -3.9068 -26.1919 -1.7578
v  -3.9068 -26.1488 -2.9938
v  -3.9068 -26.2783 0.7142
v  -1.1246 -26.4326 5.1349
v  -1.1246 -26.3938 4.0218
v  -1.1246 -26.1903 -1.8037
v  -1.1246 -26.1469 -3.0467
v  -1.1246 -26.2772 0.6823
v  4.0916 22.1335 3.2066
v  4.0916 21.8132 2.4138
v  1.6576 -26.4329 5.1417
v  4.9901 -26.4332 5.1498
v  1.6576 -26.3942 4.0348
v  4.9901 -26.3948 4.0505
v  1.6576 -26.1488 -2.9938
v  1.6576 -26.1919 -1.7578
v  4.9901 -26.2796 0.7524
v  1.6576 -26.2783 0.7142
v  -11.0122 -26.9328 6.8216
v  -12.4386 -25.6504 6.8257
v  -12.9307 -21.0390 6.8335
v  -12.2130 -26.2866 6.8174
v  -11.8731 -26.6524 6.8127
v  -11.4617 -26.8596 6.8190
v  -12.1082 29.1141 7.0308
v  -6.3408 26.5121 6.9147
v  -1.1246 26.5121 6.9147
v  -12.7709 22.6674 6.8306
v  -12.5941 24.4047 6.8464
v  -13.4917 13.9791 6.8476
v  -13.7556 8.3993 6.8582
v  -13.8822 3.8591 6.8646
v  -13.9216 -0.3986 6.8668
v  -13.8354 -5.8556 6.8605
v  -13.6344 -11.4025 6.8532
v  -13.2874 -16.8538 6.8406
v  8.8059 -26.9329 6.8216
v  10.6408 -21.7204 6.8073
v  10.3034 -25.6234 6.8063
v  10.1046 -26.2312 6.8029
v  9.6442 -26.6929 6.8118
v  9.2287 -26.8756 6.8184
v  14.0302 29.1422 7.0423
v  10.0534 29.1318 7.0375
v  4.0916 26.5121 6.9147
v  9.9832 26.5112 6.9151
v  10.1604 27.8531 6.9782
v  14.2237 28.8148 7.0430
v  10.4413 24.4977 6.8305
v  10.5754 22.7357 6.8225
v  11.1611 13.8805 6.8106
v  11.3903 8.4151 6.8121
v  11.4979 3.1279 6.8123
v  11.5212 -1.7089 6.8135
v  11.4396 -6.7285 6.8126
v  11.2533 -11.9394 6.8107
v  10.9808 -17.0609 6.8094
v  -15.1246 29.3167 8.3105
v  -15.1254 25.6088 8.3105
v  -15.1259 22.8570 8.3105
v  -15.1259 13.9791 8.3105
v  -15.1259 8.3993 8.3105
v  -15.1259 3.8591 8.3105
v  -15.1259 -0.3986 8.3105
v  -15.1259 -5.8556 8.3105
v  -15.1259 -11.4025 8.3105
v  -15.1259 -16.8538 8.3105
v  -15.1259 -21.0390 8.3105
v  -15.1259 -25.9176 8.3105
v  -15.1259 -29.3164 8.3105
v  -11.0122 -30.0000 8.3106
v  -7.2239 -30.0000 8.3106
v  -3.8914 -30.0000 8.3106
v  -1.1246 -30.0000 8.3106
v  1.6422 -30.0000 8.3106
v  4.9747 -30.0000 8.3106
v  8.9242 -30.0000 8.3106
v  13.2201 -30.0000 8.3106
v  14.5603 -29.9999 7.1288
v  14.5907 -29.9999 7.1028
v  14.6245 -29.9999 7.0824
v  14.6605 -29.9999 7.0691
v  14.6605 30.0000 7.0690
v  14.6244 30.0000 7.0824
v  14.5913 30.0000 7.1041
v  14.8519 -29.9999 7.0097
v  14.9753 -29.9999 6.9210
v  15.0888 -29.9999 6.7517
v  15.1260 -29.9999 6.5602
v  14.6999 -29.9999 7.0583
v  -3.9147 -26.6104 6.6654
v  -1.1246 -26.6103 6.6654
v  1.6655 -26.6103 6.6654
v  8.6469 -25.3374 -0.3908
v  8.9685 -21.7204 -0.3882
v  8.6664 -21.7204 -4.1037
v  8.3587 -25.2070 -4.1142
v  8.5581 -25.6622 -0.3953
v  8.2698 -25.5322 -4.1187
v  9.3083 -17.0609 -0.3762
v  9.0128 -17.0609 -4.0544
v  9.5932 -11.9394 -0.3509
v  9.3020 -11.9394 -3.9561
v  9.7799 -6.7285 -0.3218
v  9.4964 -6.7285 -3.8372
v  9.8623 -1.7089 -0.2904
v  9.5883 -1.7089 -3.7120
v  9.8552 3.1279 -0.2590
v  9.5878 3.1279 -3.5874
v  9.7404 8.4151 -0.2262
v  9.4811 8.4151 -3.4505
v  9.5071 13.8805 -0.1928
v  9.2564 13.8805 -3.3083
v  9.1202 20.0462 -0.1581
v  8.9666 18.8206 -3.1832
v  8.6268 20.6400 -0.3734
v  8.3747 20.6849 -0.3789
v  8.2209 19.4627 -3.4040
v  8.4798 19.4152 -3.3982
v  4.9901 -26.2367 -0.4753
v  7.6547 -26.2413 -0.3456
v  7.3664 -26.1112 -4.0690
v  4.9901 -26.1081 -4.1581
v  8.0062 -26.1655 -0.3702
v  7.7029 -26.0490 -4.0928
v  8.3244 -25.9804 -0.3883
v  8.0361 -25.8504 -4.1117
v  9.0262 20.3208 -0.2644
v  8.8896 19.0681 -3.2792
v  8.8324 20.5314 -0.3398
v  8.7134 19.2817 -3.3564
v  4.0916 20.7509 -0.2157
v  4.0916 19.4856 -3.3473
v  -11.6274 -25.2304 -4.0606
v  -12.0784 -21.0390 -4.0449
v  -12.2229 -21.0390 -0.3961
v  -11.7543 -25.3584 -0.4097
v  -11.5270 -25.5613 -4.0681
v  -11.6338 -25.7237 -0.4161
v  -12.4599 -16.8538 -3.9894
v  -12.6011 -16.8538 -0.3471
v  -12.8211 -11.4025 -3.9192
v  -12.9620 -11.4025 -0.3082
v  -13.0517 -5.8556 -3.7809
v  -13.1899 -5.8556 -0.2138
v  -13.1384 -0.3986 -3.6326
v  -13.2753 -0.3986 -0.1140
v  -13.1028 3.8591 -3.5163
v  -13.2418 3.8591 -0.0418
v  -12.9796 8.3993 -3.3866
v  -13.1148 8.3993 0.0384
v  -12.6933 13.9791 -3.2264
v  -12.8254 13.9791 0.1348
v  -11.5774 19.4851 -3.3486
v  -11.5486 19.4851 -3.3486
v  -11.4641 20.7505 -0.2164
v  -11.5792 20.7505 -0.2165
v  -6.3408 19.4856 -3.3473
v  -1.1246 19.4856 -3.3474
v  -1.1246 20.7508 -0.2158
v  -6.3408 20.7509 -0.2157
v  -7.2603 -26.1081 -4.1574
v  -10.6351 -26.1116 -4.0579
v  -10.7620 -26.2390 -0.4102
v  -7.2529 -26.2367 -0.4748
v  -10.9617 -26.0564 -4.0662
v  -11.0845 -26.1853 -0.4150
v  -11.2909 -25.8652 -4.0710
v  -11.3954 -26.0109 -0.4196
v  -12.3255 18.8562 -3.0967
v  -12.2193 19.1487 -3.2146
v  -12.2223 20.4128 -0.0804
v  -12.3253 20.1258 0.0355
v  -12.0329 19.3413 -3.2918
v  -12.0549 20.5917 -0.1525
v  -11.8373 19.4417 -3.3318
v  -11.8346 20.7089 -0.1998
v  -3.9068 -26.1056 -4.2298
v  -3.9068 -26.2351 -0.5218
v  -1.1246 -26.1035 -4.2897
v  -1.1246 -26.2337 -0.5607
v  1.6576 -26.1056 -4.2298
v  1.6576 -26.2351 -0.5218
v  -3.5212 -22.2506 -6.7851
v  -3.3725 -21.7699 -6.7852
v  -3.1075 -21.9330 -6.7979
v  -3.2216 -22.3299 -6.7979
v  -11.9167 -21.0390 -6.1585
v  -11.5100 -25.1826 -6.1420
v  -11.7648 -25.2082 -5.7644
v  -12.1995 -21.0390 -5.7696
v  -11.4386 -25.5053 -6.1102
v  -11.6564 -25.5992 -5.7435
v  -11.4497 -26.0347 -5.3024
v  -11.7533 -25.6345 -5.2990
v  -11.3819 -25.9591 -5.7489
v  -11.0166 -26.2889 -5.2962
v  -11.0016 -26.1790 -5.7550
v  -10.9422 -25.9339 -6.1294
v  -10.6232 -25.9712 -6.1640
v  -10.6041 -26.2440 -5.7775
v  -7.2734 -25.9410 -6.2976
v  -7.2586 -26.2317 -5.9035
v  -3.9271 -25.9630 -6.3770
v  -3.9187 -26.2357 -5.9877
v  -6.3407 18.9017 -5.1447
v  -6.3341 19.1492 -4.8758
v  -1.1246 19.1196 -4.9204
v  -1.1246 18.8212 -5.2137
v  -11.5065 18.9859 -5.0487
v  -11.5436 19.1809 -4.8097
v  -11.8023 18.9728 -5.0057
v  -11.8948 19.1467 -4.7716
v  -12.0454 18.8409 -4.9822
v  -12.1543 19.0037 -4.7276
v  -12.2286 18.6207 -4.9590
v  -12.3828 18.7404 -4.6512
v  -12.3210 18.3849 -4.9309
v  -12.5280 18.4090 -4.5761
v  -12.5614 13.9791 -5.1687
v  -12.8274 13.9791 -4.7884
v  -12.7844 8.3993 -5.4054
v  -13.0981 8.3993 -4.9993
v  -12.8984 3.8591 -5.5589
v  -13.2162 3.8591 -5.1538
v  -12.9433 -0.3986 -5.6852
v  -13.2541 -0.3986 -5.2831
v  -12.8610 -5.8556 -5.8480
v  -13.1681 -5.8556 -5.4474
v  -12.6336 -11.4025 -6.0015
v  -12.9382 -11.4025 -5.6015
v  -12.2907 -16.8538 -6.1086
v  -12.5782 -16.8538 -5.7167
v  -11.0696 -21.0390 -6.5141
v  -10.6366 -25.0806 -6.5301
v  -11.1298 -25.1463 -6.4100
v  -11.5344 -21.0390 -6.4090
v  -11.0879 -25.3280 -6.4024
v  -10.9756 -25.4821 -6.4000
v  -11.2290 -25.7838 -6.1069
v  -10.8194 -25.5588 -6.4110
v  -10.6405 -25.5824 -6.4220
v  -7.2679 -25.5507 -6.5454
v  -1.1246 -25.9578 -6.4274
v  -1.3380 -25.5704 -6.6803
v  -1.1244 -25.5692 -6.6838
v  -1.1246 18.4939 -5.3771
v  -6.3005 18.5422 -5.3509
v  -11.4454 18.6105 -5.2922
v  -11.6105 18.6056 -5.2804
v  -11.7548 18.5241 -5.2757
v  -11.8484 18.4075 -5.2709
v  -11.9100 18.2960 -5.2612
v  -11.3599 18.1426 -5.4014
v  -11.6640 13.9791 -5.5390
v  -12.1564 13.9791 -5.4365
v  -12.4042 8.3993 -5.6351
v  -12.5241 3.8591 -5.7827
v  -12.5651 -0.3986 -5.9153
v  -12.4823 -5.8556 -6.0808
v  -12.2604 -11.4025 -6.2339
v  -11.9075 -16.8538 -6.3563
v  -11.4487 -16.8538 -6.4574
v  -12.6921 -21.0390 4.0480
v  -12.6505 -21.0390 2.9630
v  -12.1575 -25.5354 2.9495
v  -12.1947 -25.5766 4.0344
v  -11.9844 -26.0201 2.9410
v  -12.0148 -26.0709 4.0262
v  -13.0655 -16.8538 4.0800
v  -13.0237 -16.8538 2.9982
v  -13.4267 -11.4025 4.0999
v  -13.3854 -11.4025 3.0308
v  -13.6407 -5.8556 4.1399
v  -13.6010 -5.8556 3.0846
v  -13.7342 -0.3986 4.1791
v  -13.6939 -0.3986 3.1392
v  -13.6940 3.8591 4.2005
v  -13.6551 3.8591 3.1727
v  -13.5598 8.3993 4.2236
v  -13.5221 8.3993 3.2113
v  -13.2788 13.9791 4.2437
v  -13.2406 13.9791 3.2477
v  -12.6165 21.2444 2.6521
v  -12.6152 21.5683 3.4440
v  -11.3930 22.0817 2.2987
v  -11.4144 21.7619 1.5073
v  -11.5985 21.7615 1.5078
v  -11.6014 22.0812 2.2993
v  -6.3407 21.4380 0.7055
v  -6.3407 21.7588 1.4995
v  -1.1246 21.7588 1.4996
v  -1.1246 21.4380 0.7056
v  -7.2396 -26.6091 1.8209
v  -7.2395 -26.6473 2.9154
v  -10.8975 -26.6479 2.9450
v  -10.8574 -26.6101 1.8613
v  -11.3278 -26.6189 4.0268
v  -11.2916 -26.5805 2.9419
v  -10.9376 -26.6856 4.0287
v  -11.2554 -26.5421 1.8570
v  -11.6723 -26.3741 2.9365
v  -11.6430 -26.3294 1.8515
v  -11.9539 -25.9694 1.8559
v  -12.4798 21.6075 2.5018
v  -12.4784 21.2886 1.7083
v  -12.6177 20.9204 1.8602
v  -12.2623 21.8476 2.4004
v  -12.2550 21.5327 1.6060
v  -11.9347 22.0249 2.3240
v  -11.9353 21.7046 1.5324
v  -3.2573 -22.7180 -6.7979
v  -3.5693 -22.8180 -6.7850
v  -3.2216 -23.1061 -6.7979
v  -3.5099 -23.2475 -6.7851
v  -3.1075 -23.5030 -6.7979
v  -3.4044 -23.6163 -6.7848
v  -2.9096 -23.8850 -6.7979
v  -3.1811 -24.0456 -6.7849
v  -2.8949 -24.4078 -6.7849
v  -2.6326 -24.2260 -6.7979
v  -1.1246 -26.2373 -6.0279
v  -3.9201 -25.5711 -6.6369
v  -3.9074 -26.6078 1.7837
v  -3.9073 -26.6463 2.8874
v  -2.2916 -24.5030 -6.7979
v  -2.4944 -24.7119 -6.7840
v  -1.5127 -24.8151 -6.7979
v  -1.5507 -25.1201 -6.7862
v  -2.2945 -24.8241 -6.7822
v  -1.9096 -24.7009 -6.7979
v  -1.1244 -25.1441 -6.7870
v  -1.1246 -24.8507 -6.7979
v  -2.9096 -21.5510 -6.7979
v  -3.1173 -21.3164 -6.7853
v  -2.6326 -21.2100 -6.7979
v  -2.7968 -20.9423 -6.7852
v  -2.2916 -20.9330 -6.7979
v  -2.4224 -20.6585 -6.7854
v  -2.0311 -20.4436 -6.7849
v  -11.7669 -0.3986 -6.0082
v  -11.7004 3.8591 -5.8729
v  -1.5899 -20.3211 -6.7851
v  -11.5390 8.3993 -5.7258
v  -11.2495 13.9791 -5.5424
v  -11.0351 17.8287 -5.4140
v  -6.2076 17.8446 -5.4448
v  -1.1246 18.1259 -5.4461
v  -1.1246 17.8454 -5.4559
v  -6.2418 18.1275 -5.4349
v  -1.1246 -20.6580 -6.8131
v  -1.4994 -20.6924 -6.8131
v  -1.5127 -20.6210 -6.7979
v  -1.1246 -20.5854 -6.7979
v  -1.8829 -20.8026 -6.8131
v  -1.9096 -20.7351 -6.7979
v  -2.2519 -20.9938 -6.8131
v  -2.5813 -21.2614 -6.8131
v  -2.8488 -21.5907 -6.8131
v  -3.0400 -21.9597 -6.8131
v  -3.1502 -22.3432 -6.8131
v  -3.1846 -22.7180 -6.8131
v  -3.1502 -23.0928 -6.8131
v  -3.0400 -23.4763 -6.8131
v  -2.8488 -23.8453 -6.8131
v  -2.5813 -24.1747 -6.8131
v  -2.2519 -24.4422 -6.8131
v  -1.8829 -24.6334 -6.8131
v  -1.4994 -24.7436 -6.8131
v  -1.1246 -24.7780 -6.8131
v  -1.1246 -20.7319 -6.8616
v  -1.4860 -20.7650 -6.8616
v  -1.8557 -20.8713 -6.8616
v  -2.2114 -21.0556 -6.8616
v  -2.5290 -21.3136 -6.8616
v  -2.7870 -21.6312 -6.8616
v  -2.9713 -21.9869 -6.8616
v  -3.0776 -22.3566 -6.8616
v  -3.1107 -22.7180 -6.8616
v  -3.0776 -23.0794 -6.8616
v  -2.9713 -23.4491 -6.8616
v  -2.7870 -23.8048 -6.8616
v  -2.5290 -24.1224 -6.8616
v  -2.2114 -24.3804 -6.8616
v  -1.8557 -24.5647 -6.8616
v  -1.4860 -24.6710 -6.8616
v  -1.1246 -24.7041 -6.8616
v  -11.3504 23.2427 4.8482
v  -11.3486 22.7446 3.9396
v  -11.6073 22.7441 3.9402
v  -11.5885 23.2408 4.8512
v  -1.1246 22.7447 3.9398
v  -6.3408 22.7447 3.9397
v  -6.3408 23.2420 4.8484
v  -1.1246 23.2415 4.8489
v  -12.4585 22.8390 5.1688
v  -12.4826 22.2686 4.1469
v  -12.6138 21.9161 4.2940
v  -12.5930 22.5265 5.3994
v  -12.1857 23.0814 4.9843
v  -12.2772 22.5006 4.0475
v  -11.9059 23.1981 4.8901
v  -11.9334 22.6888 3.9654
v  -11.5933 23.9400 5.6185
v  -11.3508 23.9267 5.5988
v  -6.3408 23.9274 5.5978
v  -1.1246 23.9268 5.5984
v  -12.4391 23.6001 6.0912
v  -12.5398 23.3746 6.3636
v  -12.1252 23.8323 5.7919
v  -11.8662 23.9123 5.6753
v  -11.6166 24.7385 6.1533
v  -11.3498 24.7144 6.1374
v  -6.3408 24.7145 6.1373
v  -1.1246 24.7145 6.1371
v  -12.4076 24.4253 6.4201
v  -12.2820 24.5417 6.3258
v  -12.0507 24.6625 6.2190
v  -11.8582 24.7321 6.1797
v  -12.3788 26.5438 6.6358
v  -12.1732 26.5453 6.6357
v  -6.3408 26.5553 6.6356
v  -1.1246 26.5553 6.6356
v  -12.6731 22.6649 6.4942
v  -12.6170 22.6584 6.3596
v  -13.4092 13.9791 6.5042
v  -13.3609 13.9791 6.3766
v  -13.5413 13.9791 6.5761
v  -12.8034 22.6792 6.5585
v  -13.7104 8.3993 6.5280
v  -13.6533 8.3993 6.3922
v  -13.8227 8.3993 6.5874
v  -13.8309 3.8591 6.5259
v  -13.7834 3.8591 6.4003
v  -13.9502 3.8591 6.5938
v  -13.8814 -0.3986 6.5434
v  -13.8183 -0.3986 6.4055
v  -13.9881 -0.3986 6.5965
v  -13.7888 -5.8556 6.5275
v  -13.7367 -5.8556 6.3952
v  -13.9087 -5.8556 6.5919
v  -13.5686 -11.4025 6.5197
v  -13.5147 -11.4025 6.3801
v  -13.6839 -11.4025 6.5812
v  -13.2272 -16.8538 6.5209
v  -13.1540 -16.8538 6.3710
v  -13.3372 -16.8538 6.5698
v  -12.8324 -21.0390 6.4975
v  -12.7805 -21.0390 6.3627
v  -12.9673 -21.0390 6.5615
v  -12.3364 -25.6380 6.4899
v  -12.2795 -25.6309 6.3544
v  -12.4680 -25.6540 6.5536
v  -12.1224 -26.2243 6.4842
v  -12.0760 -26.1860 6.3481
v  -12.2356 -26.2955 6.5455
v  -11.7626 -26.5159 6.3434
v  -11.8000 -26.5628 6.4797
v  -11.8814 -26.6715 6.5409
v  -11.4044 -26.7014 6.3488
v  -11.4317 -26.7711 6.4994
v  -11.4671 -26.8839 6.5471
v  -10.9974 -26.8345 6.4954
v  -10.9974 -26.7672 6.3494
v  -10.9974 -26.9592 6.5496
v  -7.2474 -26.8256 6.4864
v  -7.2393 -26.7672 6.3488
v  -7.2469 -26.9624 6.5498
v  -3.9068 -26.7672 6.3486
v  -3.9039 -26.8119 6.4707
v  -3.8914 -26.9622 6.5498
v  -1.1246 -26.7672 6.3476
v  -1.1246 -26.8217 6.4825
v  -1.1246 -26.9588 6.5495
v  -11.0130 -29.3601 6.7339
v  -11.0166 -27.1403 6.5635
v  -7.2241 -27.1459 6.5639
v  -7.2240 -29.3607 6.7340
v  -3.8914 -27.1460 6.5639
v  -3.8914 -29.3607 6.7340
v  -14.4982 -21.0390 6.7225
v  -13.0981 -21.0390 6.5749
v  -12.6129 -25.6863 6.5664
v  -14.4554 -25.9043 6.7269
v  -12.3982 -26.4862 6.5593
v  -14.4201 -29.1618 6.7379
v  -12.0551 -26.8540 6.5548
v  -14.3731 -29.2448 6.7389
v  -14.2871 -29.2832 6.7381
v  -11.6450 -27.0532 6.5618
v  -12.5046 24.4174 6.5304
v  -11.4358 21.4422 0.7159
v  -6.3408 29.3176 6.7487
v  -6.3408 26.7213 6.6424
v  -12.1828 26.7039 6.6422
v  -12.0915 29.2742 6.7481
v  -1.1246 29.3176 6.7487
v  -1.1246 26.7213 6.6424
v  -12.5094 26.6983 6.6421
v  -14.3914 29.2314 6.7489
v  -14.2711 29.2577 6.7479
v  -14.4337 29.0509 6.7442
v  -12.8040 24.4191 6.5849
v  -14.4601 25.6088 6.8164
v  -14.4812 22.8550 6.7244
v  -12.9458 22.6845 6.5725
v  -13.6361 13.9791 6.5895
v  -14.5470 13.9791 6.7184
v  -13.8924 8.3993 6.5987
v  -14.5759 8.3993 6.7162
v  -14.0155 3.8591 6.6062
v  -14.5891 3.8591 6.7156
v  -14.0545 -0.3986 6.6096
v  -14.5979 -0.3986 6.7168
v  -13.9694 -5.8556 6.6027
v  -14.5814 -5.8556 6.7152
v  -13.7750 -11.4025 6.5945
v  -14.5579 -11.4025 6.7162
v  -13.4393 -16.8538 6.5830
v  -14.5224 -16.8538 6.7194
v  -1.1246 -26.6072 1.7659
v  -1.1246 -26.6459 2.8740
v  -1.1246 -27.1460 6.5639
v  -1.1246 -29.3607 6.7340
v  7.6243 -21.7204 -6.5611
v  7.4038 -21.7204 -6.5684
v  7.7380 -17.0609 -6.5011
v  7.9697 -17.0609 -6.4952
v  8.4783 -21.7204 -6.1833
v  8.7323 -21.7204 -5.8284
v  8.4527 -25.1816 -5.7939
v  8.2358 -25.1657 -6.1282
v  8.3294 -25.5912 -5.8062
v  8.1164 -25.5134 -6.1441
v  8.0363 -25.9534 -5.8148
v  7.8631 -25.7801 -6.1651
v  7.6281 -26.1767 -5.8280
v  7.5347 -25.9257 -6.2044
v  7.2773 -26.2400 -5.8118
v  7.3004 -25.9704 -6.1998
v  5.0097 -26.2309 -5.9039
v  5.0241 -25.9407 -6.2976
v  1.6695 -26.2379 -5.9828
v  1.6779 -25.9627 -6.3768
v  4.0763 18.8769 -5.1627
v  4.0917 19.1402 -4.8877
v  8.0978 18.9849 -5.0556
v  8.1401 19.1853 -4.8190
v  8.4790 19.1244 -4.8007
v  8.3825 18.9425 -5.0290
v  8.7669 18.9551 -4.7569
v  8.5951 18.8154 -5.0013
v  8.9908 18.6883 -4.7110
v  8.7737 18.6042 -5.0079
v  9.0949 18.3805 -4.6514
v  8.8551 18.3544 -5.0076
v  9.3319 13.8805 -4.8328
v  9.0614 13.8805 -5.2015
v  9.5520 8.4151 -5.0176
v  9.2782 8.4151 -5.3889
v  9.6536 3.1279 -5.1937
v  9.3779 3.1279 -5.5638
v  9.6509 -1.7089 -5.3508
v  9.3746 -1.7089 -5.7212
v  9.5595 -6.7285 -5.5043
v  9.2855 -6.7285 -5.8751
v  9.3634 -11.9394 -5.6523
v  9.0914 -11.9394 -6.0240
v  9.0713 -17.0609 -5.7754
v  8.7988 -17.0609 -6.1461
v  8.0867 -21.7204 -6.4370
v  7.8258 -25.1286 -6.4401
v  7.3138 -25.0807 -6.5664
v  7.7477 -25.3019 -6.4529
v  7.5792 -25.4669 -6.4648
v  7.4922 -25.5434 -6.4561
v  7.3177 -25.5815 -6.4584
v  5.0209 -25.5561 -6.5428
v  1.6683 -25.1151 -6.7416
v  1.6760 -25.5776 -6.6335
v  -0.8946 -25.5763 -6.6778
v  -0.6659 -25.1311 -6.7841
v  4.0234 18.5316 -5.3542
v  8.0441 18.6822 -5.2699
v  7.9474 18.1390 -5.4109
v  8.1519 18.5799 -5.3087
v  8.2866 18.4595 -5.3221
v  8.3530 18.3945 -5.3175
v  8.4016 18.2502 -5.3184
v  8.6562 13.8805 -5.4487
v  8.1961 13.8805 -5.5532
v  8.8780 8.4151 -5.6273
v  8.9830 3.1279 -5.7998
v  8.9817 -1.7089 -5.9563
v  8.8922 -6.7285 -6.1115
v  8.6972 -11.9394 -6.2618
v  8.4164 -17.0609 -6.3819
v  9.0247 -21.7204 -3.3135
v  9.1088 -21.7204 -2.2794
v  8.7908 -25.3119 -2.2779
v  8.7113 -25.2717 -3.3115
v  8.7552 -25.7584 -1.2626
v  8.6758 -25.7217 -2.2930
v  8.8704 -25.3521 -1.2442
v  9.1929 -21.7204 -1.2453
v  9.4523 -17.0609 -2.2408
v  9.5343 -17.0609 -1.2196
v  9.7390 -11.9394 -2.1769
v  9.8198 -11.9394 -1.1768
v  9.9295 -6.7285 -2.1038
v  10.0080 -6.7285 -1.1282
v  10.0163 -1.7089 -2.0267
v  10.0924 -1.7089 -1.0768
v  10.0125 3.1279 -1.9488
v  10.0867 3.1279 -1.0248
v  9.9020 8.4151 -1.8628
v  9.9740 8.4151 -0.9681
v  9.6725 13.8805 -1.7792
v  9.7423 13.8805 -0.9136
v  9.3316 19.4680 -1.7019
v  9.3735 19.8132 -0.8642
v  8.6916 20.6207 -1.1540
v  8.6518 20.2802 -1.9939
v  8.2978 20.3445 -2.0008
v  8.3406 20.6840 -1.1605
v  4.0914 21.7588 1.4995
v  4.0914 21.4380 0.7055
v  4.9910 -26.4995 -1.3157
v  4.9911 -26.4639 -2.3363
v  7.5223 -26.4658 -2.2682
v  7.6063 -26.5012 -1.2508
v  7.9895 -26.3705 -2.2832
v  8.0864 -26.3989 -1.2606
v  8.3763 -26.1279 -2.2965
v  8.4566 -26.1629 -1.2702
v  9.1790 19.4649 -2.6725
v  9.2152 19.8156 -1.8370
v  9.2897 19.1228 -2.5396
v  7.1149 -24.8817 -6.5739
v  5.0048 -25.0977 -6.6418
v  4.9940 -24.8696 -6.6459
v  1.1537 -23.6156 -6.7849
v  1.2632 -23.2487 -6.7850
v  0.9697 -23.9708 -6.7852
v  1.6641 -24.8494 -6.7498
v  4.9906 -26.6091 1.8202
v  4.9905 -26.6473 2.9149
v  1.6580 -26.6464 2.8907
v  1.6582 -26.6079 1.7881
v  0.1483 -24.8048 -6.7850
v  7.9909 -11.9394 -6.3774
v  8.2371 -11.9394 -6.3725
v  8.1645 -6.7285 -6.2257
v  8.4333 -6.7285 -6.2215
v  8.2300 -1.7089 -6.0686
v  8.5242 -1.7089 -6.0647
v  8.1966 3.1279 -5.9124
v  8.5227 3.1279 -5.9088
v  8.0576 8.4151 -5.7385
v  8.4117 8.4151 -5.7353
v  -0.6653 -20.3133 -6.7849
v  7.8429 13.8805 -5.5559
v  7.6645 17.8324 -5.4231
v  3.9582 17.8559 -5.4444
v  -1.1246 -20.2702 -6.7849
v  -0.7365 -20.6210 -6.7979
v  -0.7498 -20.6924 -6.8131
v  -0.3396 -20.7351 -6.7979
v  -0.3663 -20.8026 -6.8131
v  0.0424 -20.9330 -6.7979
v  0.0027 -20.9938 -6.8131
v  0.3834 -21.2100 -6.7979
v  0.3320 -21.2614 -6.8131
v  0.6604 -21.5510 -6.7979
v  0.5996 -21.5907 -6.8131
v  0.8583 -21.9330 -6.7979
v  0.7908 -21.9597 -6.8131
v  0.9724 -22.3299 -6.7979
v  0.9010 -22.3432 -6.8131
v  1.0081 -22.7180 -6.7979
v  0.9354 -22.7180 -6.8131
v  0.9724 -23.1061 -6.7979
v  0.9010 -23.0928 -6.8131
v  0.8583 -23.5030 -6.7979
v  0.7908 -23.4763 -6.8131
v  0.6604 -23.8850 -6.7979
v  0.5996 -23.8453 -6.8131
v  0.3834 -24.2260 -6.7979
v  0.3321 -24.1747 -6.8131
v  0.0424 -24.5030 -6.7979
v  0.0027 -24.4422 -6.8131
v  -0.3396 -24.7009 -6.7979
v  -0.3663 -24.6334 -6.8131
v  -0.7365 -24.8151 -6.7979
v  -0.7498 -24.7436 -6.8131
v  -0.7632 -20.7650 -6.8616
v  -0.3935 -20.8713 -6.8616
v  -0.0378 -21.0556 -6.8616
v  0.2798 -21.3136 -6.8616
v  0.5378 -21.6312 -6.8616
v  0.7221 -21.9869 -6.8616
v  0.8284 -22.3566 -6.8616
v  0.8615 -22.7180 -6.8616
v  0.8284 -23.0794 -6.8616
v  0.7221 -23.4491 -6.8616
v  0.5378 -23.8048 -6.8616
v  0.2798 -24.1224 -6.8616
v  -0.0378 -24.3804 -6.8616
v  -0.3935 -24.5647 -6.8616
v  -0.7632 -24.6710 -6.8616
v  8.8893 22.7412 3.9352
v  9.1042 23.1893 4.7789
v  9.4030 23.1118 4.7580
v  9.2315 22.6524 3.9039
v  4.0916 23.2415 4.8490
v  4.0916 22.7447 3.9397
v  9.9666 22.6637 4.9331
v  10.0588 22.3916 5.0058
v  9.8652 21.8923 4.0961
v  9.7582 22.1807 3.9972
v  9.7291 22.9300 4.8153
v  9.5422 22.4500 3.9271
v  9.2998 23.9251 5.6004
v  9.6037 23.8674 5.6202
v  4.0914 23.9262 5.5989
v  10.1416 23.5436 5.8922
v  10.2648 23.3514 6.0773
v  9.9079 23.7329 5.7195
v  9.2780 24.8242 6.1964
v  9.5849 24.8143 6.2086
v  4.0914 24.7147 6.1370
v  10.2484 24.5259 6.4405
v  10.3248 24.5038 6.5148
v  9.9326 24.7003 6.2509
v  9.9837 26.5401 6.6355
v  10.2806 26.5359 6.6355
v  4.1532 26.5530 6.6356
v  10.4658 22.7249 6.5042
v  10.4272 22.7232 6.3976
v  10.6098 22.7401 6.5497
v  10.4816 24.5059 6.5569
v  11.0726 13.8805 6.4883
v  11.0067 13.8805 6.3875
v  11.1917 13.8805 6.5395
v  11.3064 8.4151 6.4925
v  11.2390 8.4151 6.3882
v  11.4242 8.4151 6.5413
v  11.4107 3.1279 6.4850
v  11.3526 3.1279 6.3871
v  11.5371 3.1279 6.5421
v  11.4329 -1.7089 6.4905
v  11.3682 -1.7089 6.3868
v  11.5542 -1.7089 6.5424
v  11.3556 -6.7285 6.4951
v  11.2873 -6.7285 6.3864
v  11.4736 -6.7285 6.5417
v  11.1685 -11.9394 6.4899
v  11.1031 -11.9394 6.3860
v  11.2906 -11.9394 6.5404
v  10.8864 -17.0609 6.4826
v  10.8238 -17.0609 6.3830
v  11.0107 -17.0609 6.5383
v  10.5415 -21.7204 6.4812
v  10.4817 -21.7204 6.3823
v  10.6711 -21.7204 6.5366
v  10.2129 -25.6171 6.4927
v  10.1387 -25.6074 6.3813
v  10.3272 -25.6257 6.5350
v  10.0195 -26.1740 6.4846
v  9.9603 -26.1368 6.3736
v  10.1240 -26.2381 6.5317
v  9.5773 -26.6068 6.4809
v  9.5500 -26.5544 6.3682
v  9.6564 -26.7141 6.5403
v  9.1902 -26.7831 6.4918
v  9.1837 -26.7171 6.3610
v  9.2374 -26.9009 6.5466
v  8.8109 -26.8345 6.4954
v  8.8109 -26.7672 6.3494
v  8.8109 -26.9592 6.5496
v  4.9779 -26.8118 6.4706
v  4.9901 -26.7672 6.3489
v  4.9747 -26.9587 6.5495
v  1.6521 -26.8193 6.4800
v  1.6576 -26.7674 6.3520
v  1.6422 -26.9608 6.5497
v  4.9747 -29.3607 6.7340
v  4.9747 -27.1459 6.5639
v  8.8159 -27.1457 6.5639
v  8.9177 -29.3598 6.7339
v  1.6422 -29.3607 6.7340
v  1.6422 -27.1460 6.5639
v  14.2777 -26.0291 6.7554
v  10.6000 -25.6569 6.5501
v  10.9162 -21.7204 6.5511
v  14.2901 -21.7204 6.7521
v  14.2960 -28.9552 6.7561
v  10.3994 -26.4307 6.5467
v  13.9463 -29.2981 6.7473
v  9.9222 -26.9043 6.5568
v  14.2459 -29.2218 6.7562
v  13.0883 -29.3503 6.7338
v  9.4744 -27.0869 6.5607
v  13.4367 -29.3290 6.7349
v  13.3069 29.2609 6.7463
v  10.2445 26.7030 6.6427
v  10.0425 29.2613 6.7464
v  4.0950 29.2619 6.7464
v  4.1497 26.7158 6.6422
v  13.6866 29.2554 6.7487
v  10.5115 26.7002 6.6429
v  14.3595 28.8552 6.7590
v  10.7320 24.5268 6.5682
v  14.3266 29.1380 6.7633
v  14.2999 22.0140 6.7523
v  10.8616 22.7140 6.5624
v  14.3311 25.5965 6.7558
v  14.3037 13.8805 6.7515
v  11.4054 13.8805 6.5538
v  14.3083 8.4151 6.7535
v  11.6245 8.4151 6.5557
v  14.3105 3.1279 6.7504
v  11.7273 3.1279 6.5565
v  14.3107 -1.7089 6.7503
v  11.7468 -1.7089 6.5569
v  14.3097 -6.7285 6.7506
v  11.6673 -6.7285 6.5561
v  14.3064 -11.9394 6.7510
v  11.4948 -11.9394 6.5546
v  14.3000 -17.0609 6.7516
v  11.2391 -17.0609 6.5528
v  9.6914 -25.5734 4.7230
v  10.0380 -21.7204 4.7206
v  9.5805 -25.9728 4.7399
v  10.3736 -17.0609 4.7184
v  10.6565 -11.9394 4.7203
v  10.8395 -6.7285 4.7200
v  10.9177 -1.7089 4.7187
v  10.9096 3.1279 4.7211
v  10.7909 8.4151 4.7199
v  10.5582 13.8805 4.7163
v  8.8723 21.6220 1.3663
v  8.4857 21.7150 1.3911
v  8.5777 22.0627 2.2516
v  8.9845 21.9646 2.2334
v  8.4756 -26.7179 4.9636
v  8.9731 -26.5985 4.8776
v  9.2967 -26.3750 4.8019
v  9.5991 21.1967 2.4627
v  9.5135 20.8499 1.6456
v  9.4147 21.1384 1.5144
v  9.5005 21.4894 2.3593
v  9.1936 21.4211 1.4196
v  9.3175 21.7362 2.2831
v  9.7162 21.5450 3.2798
v  10.3596 13.8805 3.9002
v  10.1611 13.8805 2.9258
v  10.6217 8.4151 4.0477
v  10.4096 8.4151 3.0364
v  10.7403 3.1279 4.0485
v  10.5281 3.1279 3.0370
v  10.7487 -1.7089 4.0470
v  10.5366 -1.7089 3.0357
v  10.6703 -6.7285 4.0479
v  10.4581 -6.7285 3.0365
v  10.4871 -11.9394 4.0479
v  10.2746 -11.9394 3.0365
v  10.2042 -17.0609 4.0466
v  9.9917 -17.0609 3.0355
v  9.8669 -21.7204 4.0431
v  9.6542 -21.7204 3.0319
v  9.4606 -25.5387 3.7586
v  9.2719 -25.5037 2.7878
v  9.3570 -25.9377 3.8072
v  9.1592 -25.9023 2.7929
v  9.0680 -26.3408 3.8568
v  8.8674 -26.3049 2.8286
v  8.7401 -26.5652 3.9210
v  8.5365 -26.5288 2.8772
v  8.2282 -26.6819 3.9315
v  8.0328 -26.6460 2.9038
v  4.9903 -26.7238 5.1045
v  9.0962 22.3188 3.0942
v  8.7032 22.4102 3.1118
v  8.7712 21.3016 0.5258
v  8.4260 21.3630 0.5200
v  9.6165 21.8437 3.1986
v  9.4574 20.5037 0.8111
v  9.3239 20.8675 0.6696
v  9.4298 22.0912 3.1299
v  9.0920 21.1133 0.5832
v  10.0067 13.8805 1.9530
v  9.8829 13.8805 0.8213
v  10.2481 8.4151 2.0329
v  10.1167 8.4151 0.8226
v  10.3666 3.1279 2.0334
v  10.2351 3.1279 0.8228
v  10.3752 -1.7089 2.0324
v  10.2439 -1.7089 0.8222
v  10.2965 -6.7285 2.0330
v  10.1651 -6.7285 0.8225
v  10.1129 -11.9394 2.0330
v  9.9813 -11.9394 0.8226
v  9.8298 -17.0609 2.0322
v  9.6982 -17.0609 0.8221
v  9.4923 -21.7204 2.0279
v  9.3611 -21.7204 0.8229
v  9.1285 -25.4685 1.8091
v  9.0294 -25.4326 0.8230
v  9.0098 -25.8665 1.7702
v  8.9140 -25.8317 0.7984
v  8.7148 -26.2674 1.7921
v  8.6172 -26.2329 0.7824
v  8.3828 -26.4920 1.8248
v  8.2803 -26.4558 0.7845
v  7.8805 -26.6095 1.8586
v  7.7743 -26.5720 0.7839
v  4.0915 22.4004 3.0875
v  13.6615 -29.3178 6.7391
v  14.2876 -29.0687 6.7561
v  14.0893 29.3008 6.7593
v  14.2688 29.2945 6.7633
v  -1.1246 -20.9572 -7.0869
v  -1.4450 -20.9866 -7.0869
v  -1.7728 -21.0808 -7.0869
v  -2.0881 -21.2442 -7.0869
v  -2.3697 -21.4729 -7.0869
v  -2.5984 -21.7545 -7.0869
v  -2.7618 -22.0699 -7.0869
v  -2.8560 -22.3976 -7.0869
v  -2.8854 -22.7180 -7.0869
v  -2.8560 -23.0384 -7.0869
v  -2.7618 -23.3662 -7.0869
v  -2.5984 -23.6815 -7.0869
v  -2.3697 -23.9631 -7.0869
v  -2.0881 -24.1918 -7.0869
v  -1.7728 -24.3552 -7.0869
v  -1.4450 -24.4494 -7.0869
v  -1.1246 -24.4788 -7.0869
v  -0.8042 -20.9866 -7.0869
v  -0.4765 -21.0808 -7.0869
v  -0.1611 -21.2442 -7.0869
v  0.1205 -21.4729 -7.0869
v  0.3492 -21.7545 -7.0869
v  0.5126 -22.0699 -7.0869
v  0.6068 -22.3976 -7.0869
v  0.6362 -22.7180 -7.0869
v  0.6068 -23.0384 -7.0869
v  0.5126 -23.3662 -7.0869
v  0.3492 -23.6815 -7.0869
v  0.1205 -23.9631 -7.0869
v  -0.1611 -24.1918 -7.0869
v  -0.4765 -24.3552 -7.0869
v  -0.8042 -24.4494 -7.0869
v  -1.1246 -21.1206 -7.1943
v  -1.4153 -21.1472 -7.1943
v  -1.7126 -21.2327 -7.1943
v  -1.9987 -21.3810 -7.1943
v  -2.2541 -21.5885 -7.1943
v  -2.4616 -21.8439 -7.1943
v  -2.6099 -22.1300 -7.1943
v  -2.6954 -22.4273 -7.1943
v  -2.7220 -22.7180 -7.1943
v  -2.6954 -23.0087 -7.1943
v  -2.6099 -23.3060 -7.1943
v  -2.4616 -23.5921 -7.1943
v  -2.2541 -23.8475 -7.1943
v  -1.9987 -24.0550 -7.1943
v  -1.7126 -24.2033 -7.1943
v  -1.4153 -24.2888 -7.1943
v  -1.1246 -24.3154 -7.1943
v  -0.8339 -21.1472 -7.1943
v  -0.5366 -21.2327 -7.1943
v  -0.2505 -21.3810 -7.1943
v  0.0049 -21.5885 -7.1943
v  0.2124 -21.8439 -7.1943
v  0.3607 -22.1300 -7.1943
v  0.4462 -22.4273 -7.1943
v  0.4728 -22.7180 -7.1943
v  0.4462 -23.0087 -7.1943
v  0.3607 -23.3060 -7.1943
v  0.2124 -23.5921 -7.1943
v  0.0049 -23.8475 -7.1943
v  -0.2451 -24.0550 -7.1943
v  -0.5329 -24.2033 -7.1943
v  -0.8339 -24.2888 -7.1943
v  -1.1246 -21.2980 -7.2281
v  -1.1246 -21.5930 -7.2281
v  -1.3293 -21.6118 -7.2281
v  -1.3830 -21.3217 -7.2281
v  -1.5387 -21.6720 -7.2281
v  -1.6473 -21.3977 -7.2281
v  -1.7402 -21.7764 -7.2281
v  -1.9016 -21.5295 -7.2281
v  -1.9201 -21.9225 -7.2281
v  -2.1287 -21.7139 -7.2281
v  -2.0662 -22.1024 -7.2281
v  -2.3131 -21.9410 -7.2281
v  -2.1706 -22.3039 -7.2281
v  -2.4449 -22.1953 -7.2281
v  -2.2308 -22.5133 -7.2281
v  -2.5209 -22.4596 -7.2281
v  -2.2496 -22.7180 -7.2281
v  -2.5446 -22.7180 -7.2281
v  -2.2308 -22.9227 -7.2281
v  -2.5209 -22.9764 -7.2281
v  -2.1706 -23.1321 -7.2281
v  -2.4449 -23.2407 -7.2281
v  -2.0662 -23.3336 -7.2281
v  -2.3131 -23.4950 -7.2281
v  -1.9201 -23.5135 -7.2281
v  -2.1287 -23.7221 -7.2281
v  -1.7402 -23.6596 -7.2281
v  -1.9016 -23.9065 -7.2281
v  -1.5387 -23.7640 -7.2281
v  -1.6473 -24.0383 -7.2281
v  -1.3293 -23.8242 -7.2281
v  -1.3830 -24.1143 -7.2281
v  -1.1246 -23.8430 -7.2281
v  -1.1246 -24.1380 -7.2281
v  -0.8662 -21.3217 -7.2281
v  -0.9199 -21.6118 -7.2281
v  -0.6019 -21.3977 -7.2281
v  -0.7105 -21.6720 -7.2281
v  -0.3476 -21.5295 -7.2281
v  -0.5090 -21.7764 -7.2281
v  -0.1205 -21.7139 -7.2281
v  -0.3291 -21.9225 -7.2281
v  0.0639 -21.9410 -7.2281
v  -0.1830 -22.1024 -7.2281
v  0.1957 -22.1953 -7.2281
v  -0.0786 -22.3039 -7.2281
v  0.2717 -22.4596 -7.2281
v  -0.0184 -22.5133 -7.2281
v  0.2954 -22.7180 -7.2281
v  0.0004 -22.7180 -7.2281
v  0.2717 -22.9764 -7.2281
v  -0.0184 -22.9227 -7.2281
v  0.1957 -23.2407 -7.2281
v  -0.0786 -23.1321 -7.2281
v  0.0639 -23.4950 -7.2281
v  -0.1830 -23.3336 -7.2281
v  -0.1205 -23.7221 -7.2281
v  -0.3291 -23.5135 -7.2281
v  -0.3476 -23.9065 -7.2281
v  -0.5090 -23.6596 -7.2281
v  -0.6019 -24.0383 -7.2281
v  -0.7105 -23.7640 -7.2281
v  -0.8662 -24.1143 -7.2281
v  -0.9199 -23.8242 -7.2281
v  -0.2298 -20.4405 -6.7849
v  0.1681 -20.6447 -6.7851
v  0.5373 -20.9289 -6.7851
v  0.8542 -21.2940 -6.7853
v  1.1140 -21.7421 -6.7851
v  1.2833 -22.2876 -6.7850
v  1.3162 -22.8337 -6.7851
v  0.6420 -24.4052 -6.7851
v  0.3881 -24.6343 -6.7851
v  -11.7144 -5.8556 -6.1762
v  -11.5240 -11.4025 -6.3341
v  -11.1770 -16.8538 -6.4647
v  -10.8091 -21.0390 -6.5229
v  -10.4093 -24.8137 -6.5400
v  -7.2497 -24.8185 -6.6463
v  -3.9314 -24.8111 -6.7501
v  -3.9176 -25.1005 -6.7432
v  -7.2540 -25.0847 -6.6428
v  -14.5865 -21.0390 6.7326
v  -14.5733 -25.9183 6.7372
v  -14.7645 -25.9243 6.7905
v  -14.7736 -21.0390 6.7909
v  -14.5494 -29.3329 6.7493
v  -14.7537 -29.3164 6.7992
v  -14.5393 29.3179 6.7550
v  -14.5624 25.6088 6.8262
v  -14.7712 25.6088 6.8842
v  -14.7474 29.3178 6.8023
v  -14.5794 22.8659 6.7341
v  -14.6053 13.9791 6.7267
v  -14.7878 13.9791 6.7927
v  -14.7888 22.8699 6.8000
v  -14.6195 8.3993 6.7241
v  -14.8000 8.3993 6.7951
v  -14.6257 3.8591 6.7228
v  -14.8062 3.8591 6.7954
v  -14.6326 -0.3986 6.7242
v  -14.8118 -0.3986 6.7956
v  -14.6205 -5.8556 6.7226
v  -14.8035 -5.8556 6.7936
v  -14.6077 -11.4025 6.7244
v  -14.7927 -11.4025 6.7924
v  -14.5915 -16.8538 6.7281
v  -14.7802 -16.8538 6.7906
v  -6.3408 29.4834 6.7591
v  -12.0743 29.4387 6.7569
v  -12.0540 29.6326 6.8068
v  -6.3408 29.6479 6.8119
v  -1.1246 29.4834 6.7591
v  -1.1246 29.6479 6.8119
v  13.5492 29.4239 6.7530
v  10.0289 29.4242 6.7530
v  10.0130 29.6147 6.7963
v  13.5753 29.6099 6.7943
v  4.0915 29.4247 6.7531
v  4.0908 29.6228 6.7996
v  13.8913 29.4189 6.7555
v  13.9132 29.6088 6.7960
v  14.3553 29.6983 6.7973
v  14.4473 29.5608 6.7710
v  -11.0127 -29.5018 6.7484
v  -7.2239 -29.5016 6.7483
v  -7.2239 -29.6602 6.8050
v  -11.0126 -29.6591 6.8045
v  -3.8914 -29.5016 6.7483
v  -3.8914 -29.6603 6.8049
v  -1.1246 -29.5016 6.7484
v  -1.1246 -29.6604 6.8049
v  -14.4561 -29.4258 6.7495
v  -14.4409 -29.6298 6.7998
v  4.9747 -29.5016 6.7484
v  8.9242 -29.5007 6.7483
v  8.9264 -29.6597 6.8046
v  4.9747 -29.6604 6.8049
v  1.6422 -29.5016 6.7484
v  1.6422 -29.6604 6.8048
v  13.3193 -29.4944 6.7473
v  13.6626 -29.4832 6.7513
v  13.6812 -29.6328 6.7974
v  13.3431 -29.6416 6.7960
v  13.9009 -29.4718 6.7537
v  13.9118 -29.6267 6.7986
v  14.3989 -29.5678 6.7707
v  14.3302 -29.6736 6.7935
v  -14.5214 -29.3977 6.7507
v  -14.6607 -29.5379 6.8007
v  -14.7348 -29.4266 6.8011
v  -14.5498 -29.6113 6.8015
v  -14.5117 29.3934 6.7564
v  -14.6503 29.5385 6.8037
v  -14.5426 29.6087 6.8056
v  -14.4401 29.4203 6.7561
v  -14.7285 29.4240 6.8039
v  -14.4398 29.9440 7.2788
v  -14.4398 29.9672 7.9418
v  -12.0190 29.9672 7.9418
v  -12.0216 29.9424 7.2606
v  -6.3408 29.9385 7.2180
v  -6.3408 29.9672 7.9418
v  -1.1246 29.9672 7.9418
v  -1.1246 29.9386 7.2180
v  4.0916 29.9387 7.2179
v  4.0916 29.9672 7.9418
v  9.9835 29.9672 7.9418
v  9.9856 29.9420 7.2539
v  13.2201 29.9672 7.9418
v  13.8836 29.9440 7.2782
v  13.5492 29.9439 7.2756
v  -15.0679 -25.9180 7.2582
v  -15.0918 -25.9176 7.9418
v  -15.0918 -21.0390 7.9418
v  -15.0677 -21.0390 7.2534
v  -15.0684 -29.3164 7.2715
v  -15.0918 -29.3164 7.9418
v  -15.0678 22.8655 7.2546
v  -15.0918 22.8570 7.9418
v  -15.0918 25.6088 7.9418
v  -15.0681 25.6088 7.2644
v  -15.0676 13.9791 7.2481
v  -15.0918 13.9791 7.9418
v  -15.0674 8.3993 7.2435
v  -15.0918 8.3993 7.9418
v  -15.0673 3.8591 7.2397
v  -15.0918 3.8591 7.9418
v  -15.0671 -0.3986 7.2362
v  -15.0918 -0.3986 7.9418
v  -15.0672 -5.8556 7.2392
v  -15.0918 -5.8556 7.9418
v  -15.0674 -11.4025 7.2447
v  -15.0918 -11.4025 7.9418
v  -15.0675 -16.8538 7.2490
v  -15.0918 -16.8538 7.9418
v  -7.2239 -29.9377 7.2048
v  -7.2240 -29.9670 7.9418
v  -11.0122 -29.9670 7.9418
v  -11.0123 -29.9376 7.2045
v  -3.8914 -29.9378 7.2048
v  -3.8914 -29.9631 7.9418
v  -1.1246 -29.9378 7.2048
v  -1.1246 -29.9631 7.9418
v  -14.4409 -29.9670 7.9418
v  -14.4409 -29.9436 7.2717
v  8.9243 -29.9378 7.2046
v  8.9242 -29.9631 7.9418
v  4.9747 -29.9631 7.9418
v  4.9747 -29.9379 7.2048
v  1.6422 -29.9631 7.9418
v  1.6422 -29.9379 7.2048
v  13.2201 -29.9670 7.9418
v  13.3174 -29.9374 7.2021
v  13.6570 -29.9363 7.2002
v  13.8521 -29.9338 7.1883
v  -15.0205 -29.5539 7.2725
v  -14.8844 -29.7581 7.2729
v  -14.9002 -29.7754 7.9418
v  -15.0459 -29.5536 7.9418
v  -14.6808 -29.8949 7.2727
v  -14.6784 -29.9211 7.9418
v  -14.6788 29.8961 7.2791
v  -14.8830 29.7600 7.2791
v  -14.9002 29.7756 7.9418
v  -14.6784 29.9213 7.9418
v  -15.0198 29.5563 7.2786
v  -15.0686 29.3167 7.2777
v  -15.0918 29.3167 7.9418
v  -15.0459 29.5538 7.9418
v  -15.0248 -21.0390 7.0606
v  -15.0229 -25.9202 7.0608
v  -15.0209 -29.3164 7.0692
v  -15.0200 29.3171 7.0728
v  -15.0274 25.6088 7.0785
v  -15.0329 22.8659 7.0828
v  -15.0284 13.9791 7.0640
v  -15.0303 8.3993 7.0650
v  -15.0316 3.8591 7.0652
v  -15.0323 -0.3986 7.0640
v  -15.0311 -5.8556 7.0638
v  -15.0291 -11.4025 7.0632
v  -15.0266 -16.8538 7.0614
v  -6.3408 29.8858 7.0505
v  -12.0268 29.8930 7.0678
v  -1.1246 29.8859 7.0506
v  13.5646 29.8977 7.0760
v  9.9897 29.8930 7.0661
v  4.0916 29.8853 7.0498
v  13.8889 29.7847 6.9131
v  13.5492 29.7865 6.9123
v  13.9101 29.9001 7.0825
v  14.1851 29.9556 7.0516
v  14.2373 29.9032 6.9509
v  -11.0124 -29.8868 7.0406
v  -7.2239 -29.8870 7.0409
v  -3.8914 -29.8871 7.0409
v  -1.1246 -29.8871 7.0409
v  -14.4409 -29.8963 7.0697
v  4.9747 -29.8872 7.0409
v  8.9251 -29.8870 7.0406
v  1.6422 -29.8872 7.0409
v  13.3219 -29.8846 7.0358
v  13.6715 -29.8823 7.0367
v  13.8793 -29.8797 7.0348
v  13.8744 -29.7790 6.9017
v  14.2711 -29.7674 6.8416
v  14.2211 -29.8574 6.9180
v  -14.9113 -29.3164 6.9088
v  -14.8777 -29.4982 6.9134
v  -14.9757 -29.5401 7.0728
v  -14.7758 -29.6519 6.9152
v  -14.6220 -29.7537 6.9139
v  -14.6655 -29.8507 7.0732
v  -14.8513 -29.7261 7.0742
v  -14.4400 29.7853 6.9141
v  -14.6170 29.7536 6.9179
v  -14.6622 29.8516 7.0778
v  -14.4399 29.8960 7.0752
v  -14.7718 29.6514 6.9178
v  -14.8742 29.4969 6.9154
v  -14.9742 29.5410 7.0760
v  -14.8490 29.7272 7.0778
v  -14.9219 29.7972 8.0033
v  -14.6897 29.9497 8.0033
v  -15.1016 29.3167 7.9782
v  -15.0743 29.5651 8.0033
v  -14.9588 29.8342 8.0219
v  -14.7048 30.0000 8.0219
v  -15.1246 29.3167 8.0050
v  -15.1246 29.5802 8.0219
v  -14.4398 29.9770 7.9782
v  -12.0180 29.9770 7.9782
v  -14.4398 30.0000 8.0051
v  -12.0156 30.0000 8.0050
v  -6.3408 29.9770 7.9782
v  -1.1246 29.9770 7.9782
v  -6.3408 30.0000 8.0050
v  -1.1246 30.0000 8.0050
v  4.0915 29.9770 7.9782
v  4.0915 30.0000 8.0050
v  9.9826 29.9773 7.9787
v  9.9807 30.0000 8.0050
v  -15.1041 25.6088 7.9782
v  -15.1246 25.6088 8.0050
v  -15.1059 13.9791 7.9782
v  -15.1059 22.8570 7.9782
v  -15.1246 13.9791 8.0050
v  -15.1246 22.8570 8.0050
v  -15.1058 8.3993 7.9782
v  -15.1246 8.3993 8.0050
v  -15.1028 3.8591 7.9799
v  -15.1246 3.8591 8.0051
v  -15.1059 -0.3986 7.9782
v  -15.1246 -0.3986 8.0051
v  -15.1059 -5.8556 7.9782
v  -15.1246 -5.8556 8.0051
v  -15.1059 -11.4025 7.9782
v  -15.1246 -11.4025 8.0051
v  -15.1059 -16.8538 7.9782
v  -15.1246 -16.8538 8.0051
v  -15.1059 -21.0390 7.9782
v  -15.1246 -21.0390 8.0050
v  -15.1059 -25.9176 7.9782
v  -15.1246 -25.9176 8.0050
v  -15.1016 -29.3164 7.9782
v  -15.1246 -29.3164 8.0050
v  -15.0743 -29.5649 8.0033
v  -15.1246 -29.5800 8.0219
v  -14.6897 -29.9495 8.0033
v  -14.9218 -29.7970 8.0033
v  -14.7043 -30.0000 8.0219
v  -14.9586 -29.8342 8.0219
v  -15.1246 -30.0000 8.0219
v  -11.0122 -29.9768 7.9782
v  -14.4409 -29.9768 7.9782
v  -11.0122 -30.0000 8.0052
v  -14.4409 -30.0000 8.0052
v  -7.2240 -29.9768 7.9782
v  -7.2239 -30.0000 8.0052
v  -3.8914 -29.9768 7.9782
v  -3.8914 -30.0000 8.0052
v  -1.1246 -29.9768 7.9782
v  -1.1246 -30.0000 8.0052
v  1.6422 -29.9768 7.9782
v  1.6422 -30.0000 8.0052
v  4.9747 -29.9768 7.9782
v  4.9747 -30.0000 8.0052
v  8.9242 -29.9768 7.9782
v  8.9242 -30.0000 8.0052
v  13.2201 -29.9768 7.9782
v  13.2201 -30.0000 8.0052
v  -14.4401 29.6262 6.8047
v  14.4896 -29.9999 6.8233
v  14.4152 -29.9999 6.8691
v  14.6431 -29.8080 6.7706
v  14.4146 -29.7889 6.7932
v  13.2466 -29.9769 7.9680
v  13.2346 -29.9790 7.9795
v  13.2449 -30.0000 8.0004
v  13.2661 -30.0000 7.9866
v  14.1622 -29.9168 7.0123
v  14.3481 -29.9999 6.9269
v  13.2346 29.9792 7.9795
v  13.2201 29.9775 7.9790
v  13.2201 30.0000 8.0050
v  13.2448 30.0000 8.0002
v  13.2455 29.9763 7.9669
v  13.2660 30.0000 7.9865
v  14.4895 30.0000 6.8233
v  14.5690 30.0000 6.7930
v  14.4381 29.8153 6.7956
v  14.2803 29.8177 6.8666
v  14.3478 30.0000 6.9271
v  14.4150 30.0000 6.8692
v  14.5705 29.2884 6.7710
v  14.6564 29.2884 6.7696
v  14.6564 29.1127 6.7696
v  14.5925 29.1127 6.7711
v  14.6564 29.8121 6.7696
v  14.6564 29.4535 6.7696
v  14.5109 29.4535 6.7710
v  14.4921 -29.3998 6.7696
v  14.6312 -29.6372 6.7714
v  14.5363 -29.2375 6.7695
v  14.6308 -29.3725 6.7718
v  14.5451 -29.1171 6.7695
v  14.6306 -29.1167 6.7718
v  14.5040 -21.7204 6.7649
v  14.5971 -21.7204 6.7732
v  14.6305 -26.0291 6.7716
v  14.5130 -26.0291 6.7655
v  14.6274 25.6037 6.7713
v  14.5494 25.6018 6.7681
v  14.5054 22.0140 6.7650
v  14.5977 22.0140 6.7732
v  14.5832 13.8805 6.7727
v  14.4888 13.8805 6.7641
v  14.5752 8.4151 6.7702
v  14.4800 8.4151 6.7661
v  14.5714 3.1279 6.7724
v  14.4757 3.1279 6.7628
v  14.5704 -1.7089 6.7724
v  14.4747 -1.7089 6.7627
v  14.5737 -6.7285 6.7726
v  14.4784 -6.7285 6.7630
v  14.5803 -11.9394 6.7729
v  14.4855 -11.9394 6.7636
v  14.5885 -17.0609 6.7731
v  14.4945 -17.0609 6.7643
v  14.7295 29.2884 6.7451
v  14.7295 29.1127 6.7450
v  14.6564 30.0000 6.7696
v  14.7309 29.9999 6.7424
v  14.7304 29.8131 6.7433
v  14.7295 29.4535 6.7452
v  14.7109 -29.6372 6.7483
v  14.7200 -29.8080 6.7456
v  14.7120 -29.3730 6.7486
v  14.7180 -29.1167 6.7488
v  14.6925 -21.7204 6.7592
v  14.7180 -26.0291 6.7491
v  14.7113 25.6057 6.7520
v  14.6927 22.0140 6.7592
v  14.6876 13.8805 6.7598
v  14.6855 8.4151 6.7587
v  14.6831 3.1279 6.7602
v  14.6828 -1.7089 6.7602
v  14.6840 -6.7285 6.7603
v  14.6864 -11.9394 6.7600
v  14.6894 -17.0609 6.7597
v  14.7855 29.2884 6.6967
v  14.8188 29.2884 6.6346
v  14.8188 29.1127 6.6346
v  14.7855 29.1127 6.6967
v  14.7855 30.0000 6.6967
v  14.8189 30.0000 6.6347
v  14.8189 29.8131 6.6346
v  14.7855 29.8131 6.6967
v  14.7855 29.4535 6.6967
v  14.8188 29.4535 6.6345
v  14.7855 -29.6372 6.6967
v  14.8195 -29.6372 6.6357
v  14.8192 -29.8080 6.6352
v  14.7855 -29.8080 6.6967
v  14.7855 -29.3725 6.6967
v  14.8195 -29.3725 6.6356
v  14.7855 -29.1167 6.6967
v  14.8192 -29.1167 6.6351
v  14.7676 -21.7204 6.7128
v  14.8189 -21.7204 6.6255
v  14.8192 -26.0291 6.6351
v  14.7855 -26.0291 6.6967
v  14.8188 25.6083 6.6301
v  14.7766 25.6073 6.7047
v  14.7674 22.0140 6.7129
v  14.8188 22.0140 6.6255
v  14.8198 13.8805 6.6252
v  14.7696 13.8805 6.7115
v  14.8201 8.4151 6.6256
v  14.7716 8.4151 6.7117
v  14.8206 3.1279 6.6246
v  14.7710 3.1279 6.7099
v  14.8206 -1.7089 6.6245
v  14.7711 -1.7089 6.7098
v  14.8204 -6.7285 6.6247
v  14.7707 -6.7285 6.7103
v  14.8201 -11.9394 6.6250
v  14.7699 -11.9394 6.7111
v  14.8195 -17.0609 6.6253
v  14.7688 -17.0609 6.7119
v  -15.1246 30.0000 8.0219
v  14.8334 -29.6372 6.5639
v  14.8334 -29.6372 -7.3763
v  14.8334 -29.8080 -7.3763
v  14.8334 -29.8080 6.5639
v  14.8334 -29.3725 6.5639
v  14.8334 -29.3725 -7.3763
v  14.8334 -29.1167 6.5639
v  14.8334 -29.1167 -7.3763
v  14.8334 29.2884 6.5639
v  14.8354 29.2884 -7.3763
v  14.8354 29.1127 -7.3763
v  14.8334 29.1127 6.5639
v  14.8334 30.0000 6.5639
v  14.8334 30.0000 -7.3763
v  14.8341 29.8131 -7.3763
v  14.8334 29.8131 6.5639
v  14.8334 29.4535 6.5639
v  14.8354 29.4535 -7.3763
v  14.8398 -21.7204 6.5212
v  14.8336 -21.7204 -7.3763
v  14.8334 -26.0291 -7.3763
v  14.8334 -26.0291 6.5639
v  14.8353 25.6088 -7.3763
v  14.8365 25.6088 6.5428
v  14.8398 22.0140 6.5212
v  14.8353 22.0140 -7.3763
v  14.8353 13.8805 -7.3763
v  14.8395 13.8805 6.5214
v  14.8353 8.4151 -7.3763
v  14.8376 8.4151 6.5211
v  14.8353 3.1279 -7.3763
v  14.8397 3.1279 6.5215
v  14.8353 -1.7089 -7.3763
v  14.8397 -1.7089 6.5215
v  14.8353 -6.7285 -7.3763
v  14.8397 -6.7285 6.5215
v  14.8353 -11.9394 -7.3763
v  14.8397 -11.9394 6.5215
v  14.8353 -17.0609 -7.3763
v  14.8397 -17.0609 6.5214
v  -12.1168 -0.3986 -6.0034
v  -12.0833 3.8591 -5.8683
v  -11.9539 8.3993 -5.7216
v  3.9924 18.1383 -5.4336
v  -12.0330 -5.8556 -6.1710
v  -11.8174 -11.4025 -6.3280
v  -12.4837 -21.0390 -1.2286
v  -12.4436 -21.0390 -2.2398
v  -11.9790 -25.3375 -2.2546
v  -12.0136 -25.3760 -1.2432
v  -12.6072 -21.0390 1.8784
v  -12.5641 -21.0390 0.7937
v  -12.0830 -25.4529 0.7796
v  -12.1202 -25.4941 1.8645
v  -12.2319 -25.6179 5.1193
v  -12.7335 -21.0390 5.1330
v  -11.8384 -25.7766 -2.2642
v  -11.8668 -25.8239 -1.2525
v  -11.9235 -25.9186 0.7707
v  -12.0452 -26.1217 5.1114
v  -12.8617 -16.8538 -1.1821
v  -12.8226 -16.8538 -2.1904
v  -12.9819 -16.8538 1.9164
v  -12.9400 -16.8538 0.8347
v  -13.1073 -16.8538 5.1618
v  -13.2233 -11.4025 -1.0990
v  -13.1841 -11.4025 -2.0949
v  -13.3438 -11.4025 1.9618
v  -13.3017 -11.4025 0.8931
v  -13.4679 -11.4025 5.1692
v  -13.4476 -5.8556 -0.9926
v  -13.4105 -5.8556 -1.9760
v  -13.5613 -5.8556 2.0294
v  -13.5216 -5.8556 0.9743
v  -13.6801 -5.8556 5.1952
v  -13.5378 -0.3986 -0.8795
v  -13.5001 -0.3986 -1.8490
v  -13.6535 -0.3986 2.0993
v  -13.6131 -0.3986 1.0594
v  -13.7745 -0.3986 5.2189
v  -13.5022 3.8591 -0.7970
v  -13.4654 3.8591 -1.7541
v  -13.6155 3.8591 2.1451
v  -13.5759 3.8591 1.1177
v  -13.7329 3.8591 5.2285
v  -13.3733 8.3993 -0.6982
v  -13.3373 8.3993 -1.6407
v  -13.4840 8.3993 2.1993
v  -13.4454 8.3993 1.1875
v  -13.5976 8.3993 5.2361
v  -13.0895 13.9791 -0.6024
v  -13.0530 13.9791 -1.5298
v  -13.2023 13.9791 2.2518
v  -13.1628 13.9791 1.2548
v  -13.3170 13.9791 5.2399
v  -11.4828 20.7395 -1.0234
v  -11.5063 20.3881 -1.8930
v  -11.5862 20.3879 -1.8928
v  -11.5894 20.7392 -1.0231
v  -11.5957 21.4419 0.7164
v  -11.6043 22.4009 3.0907
v  -11.3716 22.4014 3.0901
v  -6.3408 22.4004 3.0875
v  -1.1246 22.4004 3.0876
v  -6.3407 22.0796 2.2935
v  -1.1246 22.0796 2.2936
v  -1.1246 20.7330 -1.0394
v  -1.1246 20.3805 -1.9119
v  -6.3406 20.3804 -1.9120
v  -6.3406 20.7330 -1.0395
v  -7.2394 -26.7238 5.1046
v  -10.9778 -26.7234 5.1125
v  -7.2394 -26.6855 4.0100
v  -10.7425 -26.5019 -1.2429
v  -10.7051 -26.4666 -2.2532
v  -7.2397 -26.4640 -2.3348
v  -7.2397 -26.4996 -1.3144
v  -10.8173 -26.5723 0.7776
v  -7.2396 -26.5709 0.7263
v  -11.1517 -26.4321 -1.2507
v  -11.1179 -26.3963 -2.2621
v  -11.2192 -26.5037 0.7721
v  -11.3640 -26.6573 5.1117
v  -11.7310 -26.4635 5.1065
v  -11.7016 -26.4188 4.0215
v  -11.5591 -26.2013 -1.2565
v  -11.5317 -26.1597 -2.2680
v  -11.6137 -26.2847 0.7665
v  -12.4741 20.2689 -0.8291
v  -12.4726 19.9185 -1.7010
v  -12.6181 19.5274 -1.5419
v  -12.6194 19.8839 -0.6719
v  -12.4771 20.9697 0.9148
v  -12.6183 20.5963 1.0684
v  -12.4812 21.9263 3.2953
v  -12.2320 20.5255 -0.9345
v  -12.2241 20.1794 -1.8075
v  -12.2478 21.2177 0.8115
v  -12.2695 22.1626 3.1948
v  -11.9373 20.6806 -0.9991
v  -11.9380 20.3287 -1.8690
v  -11.9359 21.3844 0.7408
v  -11.9340 22.3451 3.1157
v  -3.9070 -26.7234 5.0948
v  -3.9071 -26.6849 3.9911
v  -3.9080 -26.4615 -2.4066
v  -3.9079 -26.4974 -1.3777
v  -3.9076 -26.5693 0.6800
v  -1.1246 -26.7233 5.0901
v  -1.1246 -26.6846 3.9820
v  -1.1246 -26.4603 -2.4411
v  -1.1246 -26.4963 -1.4081
v  -1.1246 -26.5685 0.6578
v  4.0915 22.0796 2.2935
v  4.0913 20.7329 -1.0395
v  4.0913 20.3804 -1.9120
v  1.6577 -26.7235 5.0959
v  4.9904 -26.6855 4.0097
v  1.6579 -26.6850 3.9933
v  1.6586 -26.4977 -1.3704
v  1.6588 -26.4618 -2.3982
v  1.6584 -26.5694 0.6854
v  4.9908 -26.5708 0.7254
v  -0.6796 -21.3662 -7.3851
v  -0.4244 -21.4790 -7.3851
v  -0.5729 -21.7417 -7.3851
v  -0.7739 -21.6528 -7.3851
v  -0.1961 -21.6394 -7.3851
v  -0.3930 -21.8681 -7.3851
v  -0.0036 -21.8413 -7.3851
v  -0.2412 -22.0271 -7.3851
v  0.1459 -22.0768 -7.3851
v  -0.1234 -22.2127 -7.3851
v  0.2466 -22.3370 -7.3851
v  -0.0441 -22.4178 -7.3851
v  0.2946 -22.6118 -7.3851
v  -0.0063 -22.6343 -7.3851
v  0.2880 -22.8907 -7.3851
v  -0.0114 -22.8541 -7.3851
v  0.2272 -23.1630 -7.3851
v  -0.0594 -23.0687 -7.3851
v  0.1144 -23.4182 -7.3851
v  -0.1483 -23.2698 -7.3851
v  -0.0460 -23.6465 -7.3851
v  -0.2747 -23.4496 -7.3851
v  -0.2479 -23.8390 -7.3851
v  -0.4337 -23.6014 -7.3851
v  -0.4834 -23.9885 -7.3851
v  -0.6193 -23.7192 -7.3851
v  -0.7436 -24.0892 -7.3851
v  -0.8244 -23.7985 -7.3851
v  -1.0184 -24.1372 -7.3851
v  -1.0409 -23.8363 -7.3851
v  -1.2973 -24.1306 -7.3851
v  -1.2607 -23.8312 -7.3851
v  -1.5696 -24.0698 -7.3851
v  -1.4753 -23.7832 -7.3851
v  -1.8248 -23.9570 -7.3851
v  -1.6764 -23.6943 -7.3851
v  -2.0531 -23.7966 -7.3851
v  -1.8562 -23.5679 -7.3851
v  -2.2456 -23.5947 -7.3851
v  -2.0080 -23.4089 -7.3851
v  -2.3951 -23.3592 -7.3851
v  -2.1258 -23.2233 -7.3851
v  -2.4958 -23.0990 -7.3851
v  -2.2051 -23.0182 -7.3851
v  -2.5438 -22.8242 -7.3851
v  -2.2429 -22.8017 -7.3851
v  -2.5372 -22.5453 -7.3851
v  -2.2378 -22.5819 -7.3851
v  -2.4764 -22.2730 -7.3851
v  -2.1898 -22.3673 -7.3851
v  -2.3636 -22.0178 -7.3851
v  -2.1009 -22.1663 -7.3851
v  -2.2032 -21.7895 -7.3851
v  -1.9745 -21.9864 -7.3851
v  -2.0013 -21.5970 -7.3851
v  -1.8155 -21.8346 -7.3851
v  -1.7658 -21.4475 -7.3851
v  -1.6299 -21.7168 -7.3851
v  -1.5056 -21.3468 -7.3851
v  -1.4248 -21.6375 -7.3851
v  -1.2308 -21.2988 -7.3851
v  -1.2083 -21.5997 -7.3851
v  -0.9519 -21.3054 -7.3851
v  -0.9885 -21.6048 -7.3851
v  -0.5736 -22.7181 -6.7560
v  -0.5763 -22.6641 -6.7560
v  -0.5763 -22.6641 -6.5670
v  -0.5736 -22.7181 -6.5670
v  0.2076 -22.5869 -6.5670
v  0.2141 -22.7181 -6.5670
v  0.2236 -22.5853 -6.5642
v  0.2301 -22.7181 -6.5642
v  0.2340 -22.5843 -6.5581
v  0.2406 -22.7181 -6.5581
v  0.2423 -22.5835 -6.5489
v  0.2489 -22.7181 -6.5489
v  0.2472 -22.5830 -6.5380
v  0.2539 -22.7181 -6.5380
v  0.2488 -22.5829 -6.5270
v  0.2554 -22.7181 -6.5270
v  0.2488 -22.5829 -6.4980
v  0.2554 -22.7181 -6.4980
v  0.2472 -22.5830 -6.4870
v  0.2539 -22.7181 -6.4870
v  0.2423 -22.5835 -6.4762
v  0.2489 -22.7181 -6.4762
v  0.2340 -22.5843 -6.4670
v  0.2406 -22.7181 -6.4670
v  0.2236 -22.5853 -6.4608
v  0.2301 -22.7181 -6.4608
v  0.2138 -22.5863 -6.4583
v  0.2203 -22.7181 -6.4583
v  0.1120 -22.5963 -6.4462
v  0.1179 -22.7181 -6.4462
v  -0.1388 -22.6210 -6.4206
v  -0.1340 -22.7181 -6.4206
v  -0.3880 -22.6456 -6.4009
v  -0.3845 -22.7181 -6.4009
v  -0.6355 -22.6700 -6.3870
v  -0.6331 -22.7181 -6.3870
v  -0.8811 -22.6941 -6.3787
v  -0.8799 -22.7181 -6.3787
v  -1.1246 -22.7181 -6.3760
v  -0.5842 -22.6106 -6.7560
v  -0.5842 -22.6106 -6.5670
v  0.1883 -22.4570 -6.5670
v  0.2041 -22.4538 -6.5642
v  0.2144 -22.4518 -6.5581
v  0.2225 -22.4502 -6.5489
v  0.2274 -22.4492 -6.5380
v  0.2289 -22.4489 -6.5270
v  0.2289 -22.4489 -6.4980
v  0.2274 -22.4492 -6.4870
v  0.2225 -22.4502 -6.4762
v  0.2144 -22.4518 -6.4670
v  0.2041 -22.4538 -6.4608
v  0.1944 -22.4558 -6.4583
v  0.0941 -22.4757 -6.4462
v  -0.1531 -22.5249 -6.4206
v  -0.3987 -22.5737 -6.4009
v  -0.6426 -22.6223 -6.3870
v  -0.8846 -22.6704 -6.3787
v  -0.5973 -22.5582 -6.7560
v  -0.5973 -22.5582 -6.5670
v  0.1564 -22.3295 -6.5670
v  0.1718 -22.3249 -6.5642
v  0.1818 -22.3218 -6.5581
v  0.1897 -22.3194 -6.5489
v  0.1945 -22.3180 -6.5380
v  0.1960 -22.3175 -6.5270
v  0.1960 -22.3175 -6.4980
v  0.1945 -22.3180 -6.4870
v  0.1897 -22.3194 -6.4762
v  0.1818 -22.3218 -6.4670
v  0.1718 -22.3249 -6.4608
v  0.1624 -22.3277 -6.4583
v  0.0644 -22.3574 -6.4462
v  -0.1767 -22.4306 -6.4206
v  -0.4163 -22.5033 -6.4009
v  -0.6543 -22.5755 -6.3870
v  -0.8904 -22.6471 -6.3787
v  -0.6155 -22.5073 -6.7560
v  -0.6155 -22.5073 -6.5670
v  0.1122 -22.2058 -6.5670
v  0.1270 -22.1997 -6.5642
v  0.1367 -22.1957 -6.5581
v  0.1443 -22.1925 -6.5489
v  0.1489 -22.1906 -6.5380
v  0.1504 -22.1900 -6.5270
v  0.1504 -22.1900 -6.4980
v  0.1489 -22.1906 -6.4870
v  0.1443 -22.1925 -6.4762
v  0.1367 -22.1957 -6.4670
v  0.1270 -22.1997 -6.4608
v  0.1179 -22.2035 -6.4583
v  0.0234 -22.2426 -6.4462
v  -0.2094 -22.3391 -6.4206
v  -0.4408 -22.4349 -6.4009
v  -0.6706 -22.5301 -6.3870
v  -0.8985 -22.6245 -6.3787
v  -0.6387 -22.4584 -6.7560
v  -0.6387 -22.4584 -6.5670
v  0.0560 -22.0871 -6.5670
v  0.0702 -22.0795 -6.5642
v  0.0794 -22.0746 -6.5581
v  0.0867 -22.0707 -6.5489
v  0.0911 -22.0683 -6.5380
v  0.0925 -22.0676 -6.5270
v  0.0925 -22.0676 -6.4980
v  0.0911 -22.0683 -6.4870
v  0.0867 -22.0707 -6.4762
v  0.0794 -22.0746 -6.4670
v  0.0702 -22.0795 -6.4608
v  0.0615 -22.0842 -6.4583
v  -0.0288 -22.1324 -6.4462
v  -0.2510 -22.2512 -6.4206
v  -0.4719 -22.3692 -6.4009
v  -0.6912 -22.4865 -6.3870
v  -0.9088 -22.6028 -6.3787
v  -0.6665 -22.4120 -6.7560
v  -0.6665 -22.4120 -6.5670
v  -0.0115 -21.9744 -6.5670
v  0.0018 -21.9655 -6.5642
v  0.0105 -21.9597 -6.5581
v  0.0174 -21.9551 -6.5489
v  0.0215 -21.9523 -6.5380
v  0.0228 -21.9514 -6.5270
v  0.0228 -21.9514 -6.4980
v  0.0215 -21.9523 -6.4870
v  0.0174 -21.9551 -6.4762
v  0.0105 -21.9597 -6.4670
v  0.0018 -21.9655 -6.4608
v  -0.0064 -21.9710 -6.4583
v  -0.0915 -22.0278 -6.4462
v  -0.3010 -22.1678 -6.4206
v  -0.5092 -22.3069 -6.4009
v  -0.7160 -22.4451 -6.3870
v  -0.9212 -22.5822 -6.3787
v  -0.6987 -22.3686 -6.7560
v  -0.6987 -22.3686 -6.5670
v  -0.0898 -21.8689 -6.5670
v  -0.0774 -21.8587 -6.5642
v  -0.0693 -21.8521 -6.5581
v  -0.0629 -21.8468 -6.5489
v  -0.0590 -21.8436 -6.5380
v  -0.0578 -21.8427 -6.5270
v  -0.0578 -21.8427 -6.4980
v  -0.0590 -21.8436 -6.4870
v  -0.0629 -21.8468 -6.4762
v  -0.0693 -21.8521 -6.4670
v  -0.0774 -21.8587 -6.4608
v  -0.0850 -21.8649 -6.4583
v  -0.1641 -21.9299 -6.4462
v  -0.3589 -22.0897 -6.4206
v  -0.5525 -22.2486 -6.4009
v  -0.7447 -22.4064 -6.3870
v  -0.9355 -22.5629 -6.3787
v  -0.7350 -22.3285 -6.7560
v  -0.7350 -22.3285 -6.5670
v  -0.1780 -21.7716 -6.5670
v  -0.1667 -21.7602 -6.5642
v  -0.1592 -21.7528 -6.5581
v  -0.1534 -21.7469 -6.5489
v  -0.1499 -21.7434 -6.5380
v  -0.1488 -21.7423 -6.5270
v  -0.1488 -21.7423 -6.4980
v  -0.1499 -21.7434 -6.4870
v  -0.1534 -21.7469 -6.4762
v  -0.1592 -21.7528 -6.4670
v  -0.1667 -21.7602 -6.4608
v  -0.1736 -21.7672 -6.4583
v  -0.2460 -21.8395 -6.4462
v  -0.4242 -22.0177 -6.4206
v  -0.6012 -22.1948 -6.4009
v  -0.7771 -22.3706 -6.3870
v  -0.9516 -22.5451 -6.3787
v  -0.7750 -22.2922 -6.7560
v  -0.7750 -22.2922 -6.5670
v  -0.2754 -21.6833 -6.5670
v  -0.2652 -21.6709 -6.5642
v  -0.2585 -21.6628 -6.5581
v  -0.2533 -21.6564 -6.5489
v  -0.2501 -21.6526 -6.5380
v  -0.2491 -21.6514 -6.5270
v  -0.2491 -21.6514 -6.4980
v  -0.2501 -21.6526 -6.4870
v  -0.2533 -21.6564 -6.4762
v  -0.2585 -21.6628 -6.4670
v  -0.2652 -21.6709 -6.4608
v  -0.2714 -21.6785 -6.4583
v  -0.3363 -21.7576 -6.4462
v  -0.4962 -21.9524 -6.4206
v  -0.6551 -22.1460 -6.4009
v  -0.8128 -22.3382 -6.3870
v  -0.9694 -22.5290 -6.3787
v  -0.8185 -22.2600 -6.7560
v  -0.8185 -22.2600 -6.5670
v  -0.3809 -21.6051 -6.5670
v  -0.3720 -21.5917 -6.5642
v  -0.3661 -21.5830 -6.5581
v  -0.3615 -21.5761 -6.5489
v  -0.3588 -21.5720 -6.5380
v  -0.3579 -21.5707 -6.5270
v  -0.3579 -21.5707 -6.4980
v  -0.3588 -21.5720 -6.4870
v  -0.3615 -21.5761 -6.4762
v  -0.3661 -21.5830 -6.4670
v  -0.3720 -21.5917 -6.4608
v  -0.3774 -21.5999 -6.4583
v  -0.4343 -21.6850 -6.4462
v  -0.5743 -21.8945 -6.4206
v  -0.7134 -22.1027 -6.4009
v  -0.8516 -22.3095 -6.3870
v  -0.9887 -22.5147 -6.3787
v  -0.8649 -22.2322 -6.7560
v  -0.8649 -22.2322 -6.5670
v  -0.4936 -21.5375 -6.5670
v  -0.4860 -21.5234 -6.5642
v  -0.4810 -21.5141 -6.5581
v  -0.4771 -21.5068 -6.5489
v  -0.4748 -21.5024 -6.5380
v  -0.4741 -21.5011 -6.5270
v  -0.4741 -21.5011 -6.4980
v  -0.4748 -21.5024 -6.4870
v  -0.4771 -21.5068 -6.4762
v  -0.4810 -21.5141 -6.4670
v  -0.4860 -21.5234 -6.4608
v  -0.4906 -21.5321 -6.4583
v  -0.5389 -21.6223 -6.4462
v  -0.6577 -21.8445 -6.4206
v  -0.7757 -22.0654 -6.4009
v  -0.8929 -22.2847 -6.3870
v  -1.0093 -22.5023 -6.3787
v  -0.9137 -22.2091 -6.7560
v  -0.9137 -22.2091 -6.5670
v  -0.6123 -21.4814 -6.5670
v  -0.6062 -21.4665 -6.5642
v  -0.6022 -21.4568 -6.5581
v  -0.5990 -21.4492 -6.5489
v  -0.5971 -21.4446 -6.5380
v  -0.5965 -21.4432 -6.5270
v  -0.5965 -21.4432 -6.4980
v  -0.5971 -21.4446 -6.4870
v  -0.5990 -21.4492 -6.4762
v  -0.6022 -21.4568 -6.4670
v  -0.6062 -21.4665 -6.4608
v  -0.6099 -21.4756 -6.4583
v  -0.6491 -21.5702 -6.4462
v  -0.7455 -21.8030 -6.4206
v  -0.8414 -22.0343 -6.4009
v  -0.9365 -22.2641 -6.3870
v  -1.0310 -22.4921 -6.3787
v  -0.9647 -22.1909 -6.7560
v  -0.9647 -22.1909 -6.5670
v  -0.7360 -21.4371 -6.5670
v  -0.7313 -21.4217 -6.5642
v  -0.7283 -21.4117 -6.5581
v  -0.7259 -21.4038 -6.5489
v  -0.7245 -21.3990 -6.5380
v  -0.7240 -21.3976 -6.5270
v  -0.7240 -21.3976 -6.4980
v  -0.7245 -21.3990 -6.4870
v  -0.7259 -21.4038 -6.4762
v  -0.7283 -21.4117 -6.4670
v  -0.7313 -21.4217 -6.4608
v  -0.7342 -21.4312 -6.4583
v  -0.7639 -21.5291 -6.4462
v  -0.8371 -21.7702 -6.4206
v  -0.9098 -22.0099 -6.4009
v  -0.9819 -22.2478 -6.3870
v  -1.0536 -22.4840 -6.3787
v  -1.0171 -22.1777 -6.7560
v  -1.0171 -22.1777 -6.5670
v  -0.8634 -21.4052 -6.5670
v  -0.8603 -21.3894 -6.5642
v  -0.8583 -21.3792 -6.5581
v  -0.8566 -21.3710 -6.5489
v  -0.8557 -21.3662 -6.5380
v  -0.8554 -21.3646 -6.5270
v  -0.8554 -21.3646 -6.4980
v  -0.8557 -21.3662 -6.4870
v  -0.8566 -21.3710 -6.4762
v  -0.8583 -21.3792 -6.4670
v  -0.8603 -21.3894 -6.4608
v  -0.8622 -21.3991 -6.4583
v  -0.8822 -21.4995 -6.4462
v  -0.9314 -21.7466 -6.4206
v  -0.9802 -21.9922 -6.4009
v  -1.0287 -22.2361 -6.3870
v  -1.0769 -22.4781 -6.3787
v  -1.0706 -22.1698 -6.7560
v  -1.0706 -22.1698 -6.5670
v  -0.9934 -21.3859 -6.5670
v  -0.9918 -21.3699 -6.5642
v  -0.9908 -21.3595 -6.5581
v  -0.9900 -21.3513 -6.5489
v  -0.9895 -21.3463 -6.5380
v  -0.9893 -21.3448 -6.5270
v  -0.9893 -21.3448 -6.4980
v  -0.9895 -21.3463 -6.4870
v  -0.9900 -21.3513 -6.4762
v  -0.9908 -21.3595 -6.4670
v  -0.9918 -21.3699 -6.4608
v  -0.9928 -21.3797 -6.4583
v  -1.0028 -21.4816 -6.4462
v  -1.0275 -21.7323 -6.4206
v  -1.0521 -21.9816 -6.4009
v  -1.0764 -22.2290 -6.3870
v  -1.1006 -22.4746 -6.3787
v  -1.1246 -22.1671 -6.7560
v  -1.1246 -22.1671 -6.5670
v  -1.1246 -21.3795 -6.5670
v  -1.1246 -21.3634 -6.5642
v  -1.1246 -21.3529 -6.5581
v  -1.1246 -21.3447 -6.5489
v  -1.1246 -21.3397 -6.5380
v  -1.1246 -21.3381 -6.5270
v  -1.1246 -21.3381 -6.4980
v  -1.1246 -21.3397 -6.4870
v  -1.1246 -21.3447 -6.4762
v  -1.1246 -21.3529 -6.4670
v  -1.1246 -21.3634 -6.4608
v  -1.1246 -21.3733 -6.4583
v  -1.1246 -21.4756 -6.4462
v  -1.1246 -21.7276 -6.4206
v  -1.1246 -21.9780 -6.4009
v  -1.1246 -22.2267 -6.3870
v  -1.1246 -22.4734 -6.3787
v  -1.1786 -22.1698 -6.7560
v  -1.1786 -22.1698 -6.5670
v  -1.2558 -21.3859 -6.5670
v  -1.2574 -21.3699 -6.5642
v  -1.2584 -21.3595 -6.5581
v  -1.2592 -21.3513 -6.5489
v  -1.2597 -21.3463 -6.5380
v  -1.2599 -21.3448 -6.5270
v  -1.2599 -21.3448 -6.4980
v  -1.2597 -21.3463 -6.4870
v  -1.2592 -21.3513 -6.4762
v  -1.2584 -21.3595 -6.4670
v  -1.2574 -21.3699 -6.4608
v  -1.2564 -21.3797 -6.4583
v  -1.2464 -21.4816 -6.4462
v  -1.2217 -21.7323 -6.4206
v  -1.1971 -21.9816 -6.4009
v  -1.1728 -22.2290 -6.3870
v  -1.1486 -22.4746 -6.3787
v  -1.2321 -22.1777 -6.7560
v  -1.2321 -22.1777 -6.5670
v  -1.3858 -21.4052 -6.5670
v  -1.3889 -21.3894 -6.5642
v  -1.3909 -21.3792 -6.5581
v  -1.3926 -21.3710 -6.5489
v  -1.3935 -21.3662 -6.5380
v  -1.3938 -21.3646 -6.5270
v  -1.3938 -21.3646 -6.4980
v  -1.3935 -21.3662 -6.4870
v  -1.3926 -21.3710 -6.4762
v  -1.3909 -21.3792 -6.4670
v  -1.3889 -21.3894 -6.4608
v  -1.3870 -21.3991 -6.4583
v  -1.3670 -21.4995 -6.4462
v  -1.3178 -21.7466 -6.4206
v  -1.2690 -21.9922 -6.4009
v  -1.2205 -22.2361 -6.3870
v  -1.1723 -22.4781 -6.3787
v  -1.2845 -22.1909 -6.7560
v  -1.2845 -22.1909 -6.5670
v  -1.5132 -21.4371 -6.5670
v  -1.5179 -21.4217 -6.5642
v  -1.5209 -21.4117 -6.5581
v  -1.5233 -21.4038 -6.5489
v  -1.5247 -21.3990 -6.5380
v  -1.5252 -21.3976 -6.5270
v  -1.5252 -21.3976 -6.4980
v  -1.5247 -21.3990 -6.4870
v  -1.5233 -21.4038 -6.4762
v  -1.5209 -21.4117 -6.4670
v  -1.5179 -21.4217 -6.4608
v  -1.5150 -21.4312 -6.4583
v  -1.4853 -21.5291 -6.4462
v  -1.4121 -21.7702 -6.4206
v  -1.3394 -22.0099 -6.4009
v  -1.2673 -22.2478 -6.3870
v  -1.1956 -22.4840 -6.3787
v  -1.3355 -22.2091 -6.7560
v  -1.3355 -22.2091 -6.5670
v  -1.6369 -21.4814 -6.5670
v  -1.6430 -21.4665 -6.5642
v  -1.6470 -21.4568 -6.5581
v  -1.6502 -21.4492 -6.5489
v  -1.6521 -21.4446 -6.5380
v  -1.6527 -21.4432 -6.5270
v  -1.6527 -21.4432 -6.4980
v  -1.6521 -21.4446 -6.4870
v  -1.6502 -21.4492 -6.4762
v  -1.6470 -21.4568 -6.4670
v  -1.6430 -21.4665 -6.4608
v  -1.6393 -21.4756 -6.4583
v  -1.6001 -21.5702 -6.4462
v  -1.5037 -21.8030 -6.4206
v  -1.4078 -22.0343 -6.4009
v  -1.3127 -22.2641 -6.3870
v  -1.2182 -22.4921 -6.3787
v  -1.3843 -22.2322 -6.7560
v  -1.3843 -22.2322 -6.5670
v  -1.7556 -21.5375 -6.5670
v  -1.7632 -21.5234 -6.5642
v  -1.7682 -21.5141 -6.5581
v  -1.7721 -21.5068 -6.5489
v  -1.7744 -21.5024 -6.5380
v  -1.7751 -21.5011 -6.5270
v  -1.7751 -21.5011 -6.4980
v  -1.7744 -21.5024 -6.4870
v  -1.7721 -21.5068 -6.4762
v  -1.7682 -21.5141 -6.4670
v  -1.7632 -21.5234 -6.4608
v  -1.7586 -21.5321 -6.4583
v  -1.7103 -21.6223 -6.4462
v  -1.5915 -21.8445 -6.4206
v  -1.4735 -22.0654 -6.4009
v  -1.3563 -22.2847 -6.3870
v  -1.2399 -22.5023 -6.3787
v  -1.4307 -22.2600 -6.7560
v  -1.4307 -22.2600 -6.5670
v  -1.8683 -21.6051 -6.5670
v  -1.8772 -21.5917 -6.5642
v  -1.8831 -21.5830 -6.5581
v  -1.8877 -21.5761 -6.5489
v  -1.8904 -21.5720 -6.5380
v  -1.8913 -21.5707 -6.5270
v  -1.8913 -21.5707 -6.4980
v  -1.8904 -21.5720 -6.4870
v  -1.8877 -21.5761 -6.4762
v  -1.8831 -21.5830 -6.4670
v  -1.8772 -21.5917 -6.4608
v  -1.8718 -21.5999 -6.4583
v  -1.8149 -21.6850 -6.4462
v  -1.6749 -21.8945 -6.4206
v  -1.5358 -22.1027 -6.4009
v  -1.3976 -22.3095 -6.3870
v  -1.2605 -22.5147 -6.3787
v  -1.4742 -22.2922 -6.7560
v  -1.4742 -22.2922 -6.5670
v  -1.9738 -21.6833 -6.5670
v  -1.9840 -21.6709 -6.5642
v  -1.9907 -21.6628 -6.5581
v  -1.9959 -21.6564 -6.5489
v  -1.9991 -21.6526 -6.5380
v  -2.0001 -21.6514 -6.5270
v  -2.0001 -21.6514 -6.4980
v  -1.9991 -21.6526 -6.4870
v  -1.9959 -21.6564 -6.4762
v  -1.9907 -21.6628 -6.4670
v  -1.9840 -21.6709 -6.4608
v  -1.9778 -21.6785 -6.4583
v  -1.9129 -21.7576 -6.4462
v  -1.7530 -21.9524 -6.4206
v  -1.5941 -22.1460 -6.4009
v  -1.4364 -22.3382 -6.3870
v  -1.2798 -22.5290 -6.3787
v  -1.5142 -22.3285 -6.7560
v  -1.5142 -22.3285 -6.5670
v  -2.0712 -21.7715 -6.5670
v  -2.0825 -21.7602 -6.5642
v  -2.0900 -21.7528 -6.5581
v  -2.0958 -21.7469 -6.5489
v  -2.0993 -21.7434 -6.5380
v  -2.1004 -21.7423 -6.5270
v  -2.1004 -21.7423 -6.4980
v  -2.0993 -21.7434 -6.4870
v  -2.0958 -21.7469 -6.4762
v  -2.0900 -21.7528 -6.4670
v  -2.0825 -21.7602 -6.4608
v  -2.0756 -21.7672 -6.4583
v  -2.0032 -21.8395 -6.4462
v  -1.8250 -22.0177 -6.4206
v  -1.6480 -22.1948 -6.4009
v  -1.4721 -22.3706 -6.3870
v  -1.2976 -22.5451 -6.3787
v  -1.5505 -22.3686 -6.7560
v  -1.5505 -22.3686 -6.5670
v  -2.1594 -21.8689 -6.5670
v  -2.1718 -21.8587 -6.5642
v  -2.1799 -21.8521 -6.5581
v  -2.1863 -21.8468 -6.5489
v  -2.1902 -21.8436 -6.5380
v  -2.1914 -21.8427 -6.5270
v  -2.1914 -21.8427 -6.4980
v  -2.1902 -21.8436 -6.4870
v  -2.1863 -21.8468 -6.4762
v  -2.1799 -21.8521 -6.4670
v  -2.1718 -21.8587 -6.4608
v  -2.1642 -21.8649 -6.4583
v  -2.0851 -21.9299 -6.4462
v  -1.8903 -22.0897 -6.4206
v  -1.6967 -22.2486 -6.4009
v  -1.5045 -22.4064 -6.3870
v  -1.3137 -22.5629 -6.3787
v  -1.5827 -22.4120 -6.7560
v  -1.5827 -22.4120 -6.5670
v  -2.2377 -21.9744 -6.5670
v  -2.2510 -21.9655 -6.5642
v  -2.2597 -21.9597 -6.5581
v  -2.2666 -21.9551 -6.5489
v  -2.2707 -21.9523 -6.5380
v  -2.2720 -21.9514 -6.5270
v  -2.2720 -21.9514 -6.4980
v  -2.2707 -21.9523 -6.4870
v  -2.2666 -21.9551 -6.4762
v  -2.2597 -21.9597 -6.4670
v  -2.2510 -21.9655 -6.4608
v  -2.2428 -21.9710 -6.4583
v  -2.1577 -22.0278 -6.4462
v  -1.9482 -22.1678 -6.4206
v  -1.7400 -22.3069 -6.4009
v  -1.5332 -22.4451 -6.3870
v  -1.3281 -22.5822 -6.3787
v  -1.6105 -22.4584 -6.7560
v  -1.6105 -22.4584 -6.5670
v  -2.3052 -22.0871 -6.5670
v  -2.3194 -22.0795 -6.5642
v  -2.3286 -22.0746 -6.5581
v  -2.3359 -22.0707 -6.5489
v  -2.3403 -22.0683 -6.5380
v  -2.3417 -22.0676 -6.5270
v  -2.3417 -22.0676 -6.4980
v  -2.3403 -22.0683 -6.4870
v  -2.3359 -22.0707 -6.4762
v  -2.3286 -22.0746 -6.4670
v  -2.3194 -22.0795 -6.4608
v  -2.3107 -22.0842 -6.4583
v  -2.2204 -22.1324 -6.4462
v  -1.9982 -22.2512 -6.4206
v  -1.7773 -22.3692 -6.4009
v  -1.5580 -22.4865 -6.3870
v  -1.3404 -22.6028 -6.3787
v  -1.6337 -22.5073 -6.7560
v  -1.6337 -22.5073 -6.5670
v  -2.3614 -22.2058 -6.5670
v  -2.3762 -22.1997 -6.5642
v  -2.3859 -22.1957 -6.5581
v  -2.3935 -22.1925 -6.5489
v  -2.3981 -22.1906 -6.5380
v  -2.3996 -22.1900 -6.5270
v  -2.3996 -22.1900 -6.4980
v  -2.3981 -22.1906 -6.4870
v  -2.3935 -22.1925 -6.4762
v  -2.3859 -22.1957 -6.4670
v  -2.3762 -22.1997 -6.4608
v  -2.3671 -22.2035 -6.4583
v  -2.2726 -22.2426 -6.4462
v  -2.0398 -22.3391 -6.4206
v  -1.8084 -22.4349 -6.4009
v  -1.5786 -22.5301 -6.3870
v  -1.3507 -22.6245 -6.3787
v  -1.6519 -22.5582 -6.7560
v  -1.6519 -22.5582 -6.5670
v  -2.4056 -22.3295 -6.5670
v  -2.4210 -22.3249 -6.5642
v  -2.4310 -22.3218 -6.5581
v  -2.4389 -22.3194 -6.5489
v  -2.4437 -22.3180 -6.5380
v  -2.4452 -22.3175 -6.5270
v  -2.4452 -22.3175 -6.4980
v  -2.4437 -22.3180 -6.4870
v  -2.4389 -22.3194 -6.4762
v  -2.4310 -22.3218 -6.4670
v  -2.4210 -22.3249 -6.4608
v  -2.4116 -22.3277 -6.4583
v  -2.3136 -22.3574 -6.4462
v  -2.0725 -22.4306 -6.4206
v  -1.8329 -22.5033 -6.4009
v  -1.5949 -22.5755 -6.3870
v  -1.3588 -22.6471 -6.3787
v  -1.6650 -22.6106 -6.7560
v  -1.6650 -22.6106 -6.5670
v  -2.4375 -22.4570 -6.5670
v  -2.4533 -22.4538 -6.5642
v  -2.4636 -22.4518 -6.5581
v  -2.4717 -22.4502 -6.5489
v  -2.4766 -22.4492 -6.5380
v  -2.4781 -22.4489 -6.5270
v  -2.4781 -22.4489 -6.4980
v  -2.4766 -22.4492 -6.4870
v  -2.4717 -22.4502 -6.4762
v  -2.4636 -22.4518 -6.4670
v  -2.4533 -22.4538 -6.4608
v  -2.4436 -22.4558 -6.4583
v  -2.3433 -22.4757 -6.4462
v  -2.0961 -22.5249 -6.4206
v  -1.8505 -22.5737 -6.4009
v  -1.6066 -22.6223 -6.3870
v  -1.3646 -22.6704 -6.3787
v  -1.6729 -22.6641 -6.7560
v  -1.6729 -22.6641 -6.5670
v  -2.4568 -22.5869 -6.5670
v  -2.4728 -22.5853 -6.5642
v  -2.4832 -22.5843 -6.5581
v  -2.4915 -22.5835 -6.5489
v  -2.4964 -22.5830 -6.5380
v  -2.4980 -22.5829 -6.5270
v  -2.4980 -22.5829 -6.4980
v  -2.4964 -22.5830 -6.4870
v  -2.4915 -22.5835 -6.4762
v  -2.4832 -22.5843 -6.4670
v  -2.4728 -22.5853 -6.4608
v  -2.4630 -22.5863 -6.4583
v  -2.3612 -22.5963 -6.4462
v  -2.1104 -22.6210 -6.4206
v  -1.8612 -22.6456 -6.4009
v  -1.6137 -22.6700 -6.3870
v  -1.3681 -22.6941 -6.3787
v  -1.6756 -22.7181 -6.7560
v  -1.6756 -22.7181 -6.5670
v  -2.4633 -22.7181 -6.5670
v  -2.4793 -22.7181 -6.5642
v  -2.4898 -22.7181 -6.5581
v  -2.4981 -22.7181 -6.5489
v  -2.5031 -22.7181 -6.5380
v  -2.5046 -22.7181 -6.5270
v  -2.5046 -22.7181 -6.4980
v  -2.5031 -22.7181 -6.4870
v  -2.4981 -22.7181 -6.4762
v  -2.4898 -22.7181 -6.4670
v  -2.4793 -22.7181 -6.4608
v  -2.4695 -22.7181 -6.4583
v  -2.3671 -22.7181 -6.4462
v  -2.1152 -22.7181 -6.4206
v  -1.8647 -22.7181 -6.4009
v  -1.6161 -22.7181 -6.3870
v  -1.3693 -22.7181 -6.3787
v  -1.6729 -22.7721 -6.7560
v  -1.6729 -22.7721 -6.5670
v  -2.4568 -22.8493 -6.5670
v  -2.4728 -22.8509 -6.5642
v  -2.4832 -22.8519 -6.5581
v  -2.4915 -22.8528 -6.5489
v  -2.4964 -22.8532 -6.5380
v  -2.4980 -22.8534 -6.5270
v  -2.4980 -22.8534 -6.4980
v  -2.4964 -22.8532 -6.4870
v  -2.4915 -22.8528 -6.4762
v  -2.4832 -22.8519 -6.4670
v  -2.4728 -22.8509 -6.4608
v  -2.4630 -22.8500 -6.4583
v  -2.3612 -22.8399 -6.4462
v  -2.1104 -22.8152 -6.4206
v  -1.8612 -22.7907 -6.4009
v  -1.6137 -22.7663 -6.3870
v  -1.3681 -22.7421 -6.3787
v  -1.6650 -22.8256 -6.7560
v  -1.6650 -22.8256 -6.5670
v  -2.4375 -22.9793 -6.5670
v  -2.4533 -22.9824 -6.5642
v  -2.4636 -22.9845 -6.5581
v  -2.4717 -22.9861 -6.5489
v  -2.4766 -22.9871 -6.5380
v  -2.4781 -22.9874 -6.5270
v  -2.4781 -22.9874 -6.4980
v  -2.4766 -22.9871 -6.4870
v  -2.4717 -22.9861 -6.4762
v  -2.4636 -22.9845 -6.4670
v  -2.4533 -22.9824 -6.4608
v  -2.4436 -22.9805 -6.4583
v  -2.3433 -22.9605 -6.4462
v  -2.0961 -22.9114 -6.4206
v  -1.8505 -22.8625 -6.4009
v  -1.6066 -22.8140 -6.3870
v  -1.3646 -22.7659 -6.3787
v  -1.6519 -22.8781 -6.7560
v  -1.6519 -22.8781 -6.5670
v  -2.4056 -23.1067 -6.5670
v  -2.4210 -23.1114 -6.5642
v  -2.4310 -23.1144 -6.5581
v  -2.4389 -23.1168 -6.5489
v  -2.4437 -23.1183 -6.5380
v  -2.4452 -23.1187 -6.5270
v  -2.4452 -23.1187 -6.4980
v  -2.4437 -23.1183 -6.4870
v  -2.4389 -23.1168 -6.4762
v  -2.4310 -23.1144 -6.4670
v  -2.4210 -23.1114 -6.4608
v  -2.4116 -23.1085 -6.4583
v  -2.3136 -23.0788 -6.4462
v  -2.0725 -23.0057 -6.4206
v  -1.8329 -22.9330 -6.4009
v  -1.5949 -22.8608 -6.3870
v  -1.3588 -22.7892 -6.3787
v  -1.6337 -22.9290 -6.7560
v  -1.6337 -22.9290 -6.5670
v  -2.3614 -23.2304 -6.5670
v  -2.3762 -23.2366 -6.5642
v  -2.3859 -23.2406 -6.5581
v  -2.3935 -23.2437 -6.5489
v  -2.3981 -23.2456 -6.5380
v  -2.3996 -23.2462 -6.5270
v  -2.3996 -23.2462 -6.4980
v  -2.3981 -23.2456 -6.4870
v  -2.3935 -23.2437 -6.4762
v  -2.3859 -23.2406 -6.4670
v  -2.3762 -23.2366 -6.4608
v  -2.3671 -23.2328 -6.4583
v  -2.2726 -23.1936 -6.4462
v  -2.0398 -23.0972 -6.4206
v  -1.8084 -23.0014 -6.4009
v  -1.5786 -22.9062 -6.3870
v  -1.3507 -22.8118 -6.3787
v  -1.6105 -22.9779 -6.7560
v  -1.6105 -22.9779 -6.5670
v  -2.3052 -23.3492 -6.5670
v  -2.3194 -23.3567 -6.5642
v  -2.3286 -23.3617 -6.5581
v  -2.3359 -23.3656 -6.5489
v  -2.3403 -23.3679 -6.5380
v  -2.3417 -23.3687 -6.5270
v  -2.3417 -23.3687 -6.4980
v  -2.3403 -23.3679 -6.4870
v  -2.3359 -23.3656 -6.4762
v  -2.3286 -23.3617 -6.4670
v  -2.3194 -23.3567 -6.4608
v  -2.3107 -23.3521 -6.4583
v  -2.2204 -23.3039 -6.4462
v  -1.9982 -23.1851 -6.4206
v  -1.7773 -23.0670 -6.4009
v  -1.5580 -22.9498 -6.3870
v  -1.3404 -22.8335 -6.3787
v  -1.5827 -23.0242 -6.7560
v  -1.5827 -23.0242 -6.5670
v  -2.2377 -23.4619 -6.5670
v  -2.2510 -23.4708 -6.5642
v  -2.2597 -23.4766 -6.5581
v  -2.2666 -23.4812 -6.5489
v  -2.2707 -23.4840 -6.5380
v  -2.2720 -23.4848 -6.5270
v  -2.2720 -23.4848 -6.4980
v  -2.2707 -23.4840 -6.4870
v  -2.2666 -23.4812 -6.4762
v  -2.2597 -23.4766 -6.4670
v  -2.2510 -23.4708 -6.4608
v  -2.2428 -23.4653 -6.4583
v  -2.1577 -23.4084 -6.4462
v  -1.9482 -23.2685 -6.4206
v  -1.7400 -23.1293 -6.4009
v  -1.5332 -22.9912 -6.3870
v  -1.3281 -22.8541 -6.3787
v  -1.5505 -23.0677 -6.7560
v  -1.5505 -23.0677 -6.5670
v  -2.1594 -23.5674 -6.5670
v  -2.1718 -23.5776 -6.5642
v  -2.1799 -23.5842 -6.5581
v  -2.1863 -23.5895 -6.5489
v  -2.1902 -23.5926 -6.5380
v  -2.1914 -23.5936 -6.5270
v  -2.1914 -23.5936 -6.4980
v  -2.1902 -23.5926 -6.4870
v  -2.1863 -23.5895 -6.4762
v  -2.1799 -23.5842 -6.4670
v  -2.1718 -23.5776 -6.4608
v  -2.1642 -23.5713 -6.4583
v  -2.0851 -23.5064 -6.4462
v  -1.8903 -23.3465 -6.4206
v  -1.6967 -23.1877 -6.4009
v  -1.5045 -23.0299 -6.3870
v  -1.3137 -22.8734 -6.3787
v  -1.5142 -23.1077 -6.7560
v  -1.5142 -23.1077 -6.5670
v  -2.0712 -23.6647 -6.5670
v  -2.0825 -23.6761 -6.5642
v  -2.0900 -23.6835 -6.5581
v  -2.0958 -23.6893 -6.5489
v  -2.0993 -23.6928 -6.5380
v  -2.1004 -23.6939 -6.5270
v  -2.1004 -23.6939 -6.4980
v  -2.0993 -23.6928 -6.4870
v  -2.0958 -23.6893 -6.4762
v  -2.0900 -23.6835 -6.4670
v  -2.0825 -23.6761 -6.4608
v  -2.0756 -23.6691 -6.4583
v  -2.0032 -23.5967 -6.4462
v  -1.8250 -23.4186 -6.4206
v  -1.6480 -23.2415 -6.4009
v  -1.4721 -23.0656 -6.3870
v  -1.2976 -22.8912 -6.3787
v  -1.4742 -23.1441 -6.7560
v  -1.4742 -23.1441 -6.5670
v  -1.9738 -23.7529 -6.5670
v  -1.9840 -23.7653 -6.5642
v  -1.9907 -23.7735 -6.5581
v  -1.9959 -23.7798 -6.5489
v  -1.9991 -23.7837 -6.5380
v  -2.0001 -23.7849 -6.5270
v  -2.0001 -23.7849 -6.4980
v  -1.9991 -23.7837 -6.4870
v  -1.9959 -23.7798 -6.4762
v  -1.9907 -23.7735 -6.4670
v  -1.9840 -23.7653 -6.4608
v  -1.9778 -23.7577 -6.4583
v  -1.9129 -23.6786 -6.4462
v  -1.7530 -23.4838 -6.4206
v  -1.5941 -23.2903 -6.4009
v  -1.4364 -23.0980 -6.3870
v  -1.2798 -22.9073 -6.3787
v  -1.4307 -23.1763 -6.7560
v  -1.4307 -23.1763 -6.5670
v  -1.8683 -23.8312 -6.5670
v  -1.8772 -23.8445 -6.5642
v  -1.8831 -23.8533 -6.5581
v  -1.8877 -23.8601 -6.5489
v  -1.8904 -23.8643 -6.5380
v  -1.8913 -23.8656 -6.5270
v  -1.8913 -23.8656 -6.4980
v  -1.8904 -23.8643 -6.4870
v  -1.8877 -23.8601 -6.4762
v  -1.8831 -23.8533 -6.4670
v  -1.8772 -23.8445 -6.4608
v  -1.8718 -23.8364 -6.4583
v  -1.8149 -23.7513 -6.4462
v  -1.6749 -23.5417 -6.4206
v  -1.5358 -23.3335 -6.4009
v  -1.3976 -23.1268 -6.3870
v  -1.2605 -22.9216 -6.3787
v  -1.3843 -23.2041 -6.7560
v  -1.3843 -23.2041 -6.5670
v  -1.7556 -23.8987 -6.5670
v  -1.7632 -23.9129 -6.5642
v  -1.7682 -23.9221 -6.5581
v  -1.7721 -23.9294 -6.5489
v  -1.7744 -23.9338 -6.5380
v  -1.7751 -23.9352 -6.5270
v  -1.7751 -23.9352 -6.4980
v  -1.7744 -23.9338 -6.4870
v  -1.7721 -23.9294 -6.4762
v  -1.7682 -23.9221 -6.4670
v  -1.7632 -23.9129 -6.4608
v  -1.7586 -23.9042 -6.4583
v  -1.7103 -23.8140 -6.4462
v  -1.5915 -23.5917 -6.4206
v  -1.4735 -23.3709 -6.4009
v  -1.3563 -23.1516 -6.3870
v  -1.2399 -22.9339 -6.3787
v  -1.3355 -23.2272 -6.7560
v  -1.3355 -23.2272 -6.5670
v  -1.6369 -23.9549 -6.5670
v  -1.6430 -23.9697 -6.5642
v  -1.6470 -23.9794 -6.5581
v  -1.6502 -23.9871 -6.5489
v  -1.6521 -23.9917 -6.5380
v  -1.6527 -23.9931 -6.5270
v  -1.6527 -23.9931 -6.4980
v  -1.6521 -23.9917 -6.4870
v  -1.6502 -23.9871 -6.4762
v  -1.6470 -23.9794 -6.4670
v  -1.6430 -23.9697 -6.4608
v  -1.6393 -23.9606 -6.4583
v  -1.6001 -23.8661 -6.4462
v  -1.5037 -23.6333 -6.4206
v  -1.4078 -23.4019 -6.4009
v  -1.3127 -23.1722 -6.3870
v  -1.2182 -22.9442 -6.3787
v  -1.2845 -23.2454 -6.7560
v  -1.2845 -23.2454 -6.5670
v  -1.5132 -23.9992 -6.5670
v  -1.5179 -24.0145 -6.5642
v  -1.5209 -24.0246 -6.5581
v  -1.5233 -24.0325 -6.5489
v  -1.5247 -24.0372 -6.5380
v  -1.5252 -24.0387 -6.5270
v  -1.5252 -24.0387 -6.4980
v  -1.5247 -24.0372 -6.4870
v  -1.5233 -24.0325 -6.4762
v  -1.5209 -24.0246 -6.4670
v  -1.5179 -24.0145 -6.4608
v  -1.5150 -24.0051 -6.4583
v  -1.4853 -23.9072 -6.4462
v  -1.4121 -23.6660 -6.4206
v  -1.3394 -23.4264 -6.4009
v  -1.2673 -23.1884 -6.3870
v  -1.1956 -22.9523 -6.3787
v  -1.2321 -23.2585 -6.7560
v  -1.2321 -23.2585 -6.5670
v  -1.3858 -24.0311 -6.5670
v  -1.3889 -24.0468 -6.5642
v  -1.3909 -24.0571 -6.5581
v  -1.3926 -24.0652 -6.5489
v  -1.3935 -24.0701 -6.5380
v  -1.3938 -24.0716 -6.5270
v  -1.3938 -24.0716 -6.4980
v  -1.3935 -24.0701 -6.4870
v  -1.3926 -24.0652 -6.4762
v  -1.3909 -24.0571 -6.4670
v  -1.3889 -24.0468 -6.4608
v  -1.3870 -24.0372 -6.4583
v  -1.3670 -23.9368 -6.4462
v  -1.3178 -23.6897 -6.4206
v  -1.2690 -23.4440 -6.4009
v  -1.2205 -23.2001 -6.3870
v  -1.1723 -22.9581 -6.3787
v  -1.1786 -23.2665 -6.7560
v  -1.1786 -23.2665 -6.5670
v  -1.2558 -24.0504 -6.5670
v  -1.2574 -24.0663 -6.5642
v  -1.2584 -24.0768 -6.5581
v  -1.2592 -24.0850 -6.5489
v  -1.2597 -24.0900 -6.5380
v  -1.2599 -24.0915 -6.5270
v  -1.2599 -24.0915 -6.4980
v  -1.2597 -24.0900 -6.4870
v  -1.2592 -24.0850 -6.4762
v  -1.2584 -24.0768 -6.4670
v  -1.2574 -24.0663 -6.4608
v  -1.2564 -24.0565 -6.4583
v  -1.2464 -23.9547 -6.4462
v  -1.2217 -23.7039 -6.4206
v  -1.1971 -23.4547 -6.4009
v  -1.1728 -23.2072 -6.3870
v  -1.1486 -22.9616 -6.3787
v  -1.1246 -23.2691 -6.7560
v  -1.1246 -23.2691 -6.5670
v  -1.1246 -24.0568 -6.5670
v  -1.1246 -24.0729 -6.5642
v  -1.1246 -24.0833 -6.5581
v  -1.1246 -24.0916 -6.5489
v  -1.1246 -24.0966 -6.5380
v  -1.1246 -24.0981 -6.5270
v  -1.1246 -24.0981 -6.4980
v  -1.1246 -24.0966 -6.4870
v  -1.1246 -24.0916 -6.4762
v  -1.1246 -24.0833 -6.4670
v  -1.1246 -24.0729 -6.4608
v  -1.1246 -24.0630 -6.4583
v  -1.1246 -23.9607 -6.4462
v  -1.1246 -23.7087 -6.4206
v  -1.1246 -23.4583 -6.4009
v  -1.1246 -23.2096 -6.3870
v  -1.1246 -22.9628 -6.3787
v  -1.0706 -23.2665 -6.7560
v  -1.0706 -23.2665 -6.5670
v  -0.9934 -24.0504 -6.5670
v  -0.9918 -24.0663 -6.5642
v  -0.9908 -24.0768 -6.5581
v  -0.9900 -24.0850 -6.5489
v  -0.9895 -24.0900 -6.5380
v  -0.9893 -24.0915 -6.5270
v  -0.9893 -24.0915 -6.4980
v  -0.9895 -24.0900 -6.4870
v  -0.9900 -24.0850 -6.4762
v  -0.9908 -24.0768 -6.4670
v  -0.9918 -24.0663 -6.4608
v  -0.9928 -24.0565 -6.4583
v  -1.0028 -23.9547 -6.4462
v  -1.0275 -23.7039 -6.4206
v  -1.0521 -23.4547 -6.4009
v  -1.0764 -23.2072 -6.3870
v  -1.1006 -22.9616 -6.3787
v  -1.0171 -23.2585 -6.7560
v  -1.0171 -23.2585 -6.5670
v  -0.8634 -24.0311 -6.5670
v  -0.8603 -24.0468 -6.5642
v  -0.8583 -24.0571 -6.5581
v  -0.8566 -24.0652 -6.5489
v  -0.8557 -24.0701 -6.5380
v  -0.8554 -24.0716 -6.5270
v  -0.8554 -24.0716 -6.4980
v  -0.8557 -24.0701 -6.4870
v  -0.8566 -24.0652 -6.4762
v  -0.8583 -24.0571 -6.4670
v  -0.8603 -24.0468 -6.4608
v  -0.8622 -24.0372 -6.4583
v  -0.8822 -23.9368 -6.4462
v  -0.9314 -23.6897 -6.4206
v  -0.9802 -23.4440 -6.4009
v  -1.0287 -23.2001 -6.3870
v  -1.0769 -22.9581 -6.3787
v  -0.9647 -23.2454 -6.7560
v  -0.9647 -23.2454 -6.5670
v  -0.7360 -23.9992 -6.5670
v  -0.7313 -24.0145 -6.5642
v  -0.7283 -24.0246 -6.5581
v  -0.7259 -24.0325 -6.5489
v  -0.7245 -24.0372 -6.5380
v  -0.7240 -24.0387 -6.5270
v  -0.7240 -24.0387 -6.4980
v  -0.7245 -24.0372 -6.4870
v  -0.7259 -24.0325 -6.4762
v  -0.7283 -24.0246 -6.4670
v  -0.7313 -24.0145 -6.4608
v  -0.7342 -24.0051 -6.4583
v  -0.7639 -23.9072 -6.4462
v  -0.8371 -23.6660 -6.4206
v  -0.9098 -23.4264 -6.4009
v  -0.9819 -23.1884 -6.3870
v  -1.0536 -22.9523 -6.3787
v  -0.9137 -23.2272 -6.7560
v  -0.9137 -23.2272 -6.5670
v  -0.6123 -23.9549 -6.5670
v  -0.6062 -23.9697 -6.5642
v  -0.6022 -23.9794 -6.5581
v  -0.5990 -23.9871 -6.5489
v  -0.5971 -23.9917 -6.5380
v  -0.5965 -23.9931 -6.5270
v  -0.5965 -23.9931 -6.4980
v  -0.5971 -23.9917 -6.4870
v  -0.5990 -23.9871 -6.4762
v  -0.6022 -23.9794 -6.4670
v  -0.6062 -23.9697 -6.4608
v  -0.6099 -23.9606 -6.4583
v  -0.6491 -23.8661 -6.4462
v  -0.7455 -23.6333 -6.4206
v  -0.8414 -23.4019 -6.4009
v  -0.9365 -23.1722 -6.3870
v  -1.0310 -22.9442 -6.3787
v  -0.8649 -23.2041 -6.7560
v  -0.8649 -23.2041 -6.5670
v  -0.4936 -23.8987 -6.5670
v  -0.4860 -23.9129 -6.5642
v  -0.4810 -23.9221 -6.5581
v  -0.4771 -23.9294 -6.5489
v  -0.4748 -23.9338 -6.5380
v  -0.4741 -23.9352 -6.5270
v  -0.4741 -23.9352 -6.4980
v  -0.4748 -23.9338 -6.4870
v  -0.4771 -23.9294 -6.4762
v  -0.4810 -23.9221 -6.4670
v  -0.4860 -23.9129 -6.4608
v  -0.4906 -23.9042 -6.4583
v  -0.5389 -23.8140 -6.4462
v  -0.6577 -23.5917 -6.4206
v  -0.7757 -23.3709 -6.4009
v  -0.8929 -23.1516 -6.3870
v  -1.0093 -22.9339 -6.3787
v  -0.8185 -23.1763 -6.7560
v  -0.8185 -23.1763 -6.5670
v  -0.3809 -23.8312 -6.5670
v  -0.3720 -23.8445 -6.5642
v  -0.3661 -23.8533 -6.5581
v  -0.3615 -23.8601 -6.5489
v  -0.3588 -23.8643 -6.5380
v  -0.3579 -23.8656 -6.5270
v  -0.3579 -23.8656 -6.4980
v  -0.3588 -23.8643 -6.4870
v  -0.3615 -23.8601 -6.4762
v  -0.3661 -23.8533 -6.4670
v  -0.3720 -23.8445 -6.4608
v  -0.3774 -23.8364 -6.4583
v  -0.4343 -23.7513 -6.4462
v  -0.5743 -23.5417 -6.4206
v  -0.7134 -23.3335 -6.4009
v  -0.8516 -23.1268 -6.3870
v  -0.9887 -22.9216 -6.3787
v  -0.7750 -23.1441 -6.7560
v  -0.7750 -23.1441 -6.5670
v  -0.2754 -23.7529 -6.5670
v  -0.2652 -23.7653 -6.5642
v  -0.2585 -23.7735 -6.5581
v  -0.2533 -23.7798 -6.5489
v  -0.2501 -23.7837 -6.5380
v  -0.2491 -23.7849 -6.5270
v  -0.2491 -23.7849 -6.4980
v  -0.2501 -23.7837 -6.4870
v  -0.2533 -23.7798 -6.4762
v  -0.2585 -23.7735 -6.4670
v  -0.2652 -23.7653 -6.4608
v  -0.2714 -23.7577 -6.4583
v  -0.3363 -23.6786 -6.4462
v  -0.4962 -23.4838 -6.4206
v  -0.6551 -23.2903 -6.4009
v  -0.8128 -23.0980 -6.3870
v  -0.9694 -22.9073 -6.3787
v  -0.7350 -23.1077 -6.7560
v  -0.7350 -23.1077 -6.5670
v  -0.1780 -23.6647 -6.5670
v  -0.1667 -23.6761 -6.5642
v  -0.1592 -23.6835 -6.5581
v  -0.1534 -23.6893 -6.5489
v  -0.1499 -23.6928 -6.5380
v  -0.1488 -23.6939 -6.5270
v  -0.1488 -23.6939 -6.4980
v  -0.1499 -23.6928 -6.4870
v  -0.1534 -23.6893 -6.4762
v  -0.1592 -23.6835 -6.4670
v  -0.1667 -23.6761 -6.4608
v  -0.1736 -23.6691 -6.4583
v  -0.2460 -23.5967 -6.4462
v  -0.4242 -23.4186 -6.4206
v  -0.6012 -23.2415 -6.4009
v  -0.7771 -23.0656 -6.3870
v  -0.9516 -22.8912 -6.3787
v  -0.6987 -23.0677 -6.7560
v  -0.6987 -23.0677 -6.5670
v  -0.0898 -23.5674 -6.5670
v  -0.0774 -23.5776 -6.5642
v  -0.0693 -23.5842 -6.5581
v  -0.0629 -23.5895 -6.5489
v  -0.0590 -23.5926 -6.5380
v  -0.0578 -23.5936 -6.5270
v  -0.0578 -23.5936 -6.4980
v  -0.0590 -23.5926 -6.4870
v  -0.0629 -23.5895 -6.4762
v  -0.0693 -23.5842 -6.4670
v  -0.0774 -23.5776 -6.4608
v  -0.0850 -23.5713 -6.4583
v  -0.1641 -23.5064 -6.4462
v  -0.3589 -23.3465 -6.4206
v  -0.5525 -23.1877 -6.4009
v  -0.7447 -23.0299 -6.3870
v  -0.9355 -22.8734 -6.3787
v  -0.6665 -23.0243 -6.7560
v  -0.6665 -23.0243 -6.5670
v  -0.0115 -23.4619 -6.5670
v  0.0018 -23.4708 -6.5642
v  0.0105 -23.4766 -6.5581
v  0.0174 -23.4812 -6.5489
v  0.0215 -23.4840 -6.5380
v  0.0228 -23.4848 -6.5270
v  0.0228 -23.4848 -6.4980
v  0.0215 -23.4840 -6.4870
v  0.0174 -23.4812 -6.4762
v  0.0105 -23.4766 -6.4670
v  0.0018 -23.4708 -6.4608
v  -0.0064 -23.4653 -6.4583
v  -0.0915 -23.4085 -6.4462
v  -0.3010 -23.2685 -6.4206
v  -0.5092 -23.1293 -6.4009
v  -0.7160 -22.9912 -6.3870
v  -0.9211 -22.8541 -6.3787
v  -0.6387 -22.9779 -6.7560
v  -0.6387 -22.9779 -6.5670
v  0.0560 -23.3492 -6.5670
v  0.0702 -23.3567 -6.5642
v  0.0794 -23.3617 -6.5581
v  0.0867 -23.3656 -6.5489
v  0.0911 -23.3679 -6.5380
v  0.0925 -23.3687 -6.5270
v  0.0925 -23.3687 -6.4980
v  0.0911 -23.3679 -6.4870
v  0.0867 -23.3656 -6.4762
v  0.0794 -23.3617 -6.4670
v  0.0702 -23.3567 -6.4608
v  0.0615 -23.3521 -6.4583
v  -0.0288 -23.3039 -6.4462
v  -0.2510 -23.1851 -6.4206
v  -0.4719 -23.0670 -6.4009
v  -0.6912 -22.9498 -6.3870
v  -0.9088 -22.8335 -6.3787
v  -0.6155 -22.9290 -6.7560
v  -0.6155 -22.9290 -6.5670
v  0.1122 -23.2304 -6.5670
v  0.1270 -23.2366 -6.5642
v  0.1367 -23.2406 -6.5581
v  0.1443 -23.2437 -6.5489
v  0.1489 -23.2456 -6.5380
v  0.1504 -23.2462 -6.5270
v  0.1504 -23.2462 -6.4980
v  0.1489 -23.2456 -6.4870
v  0.1443 -23.2437 -6.4762
v  0.1367 -23.2406 -6.4670
v  0.1270 -23.2366 -6.4608
v  0.1179 -23.2328 -6.4583
v  0.0234 -23.1936 -6.4462
v  -0.2094 -23.0972 -6.4206
v  -0.4408 -23.0014 -6.4009
v  -0.6706 -22.9062 -6.3870
v  -0.8985 -22.8118 -6.3787
v  -0.5973 -22.8781 -6.7560
v  -0.5973 -22.8781 -6.5670
v  0.1564 -23.1067 -6.5670
v  0.1718 -23.1114 -6.5642
v  0.1818 -23.1144 -6.5581
v  0.1897 -23.1168 -6.5489
v  0.1945 -23.1183 -6.5380
v  0.1960 -23.1187 -6.5270
v  0.1960 -23.1187 -6.4980
v  0.1945 -23.1183 -6.4870
v  0.1897 -23.1168 -6.4762
v  0.1818 -23.1144 -6.4670
v  0.1718 -23.1114 -6.4608
v  0.1624 -23.1085 -6.4583
v  0.0644 -23.0788 -6.4462
v  -0.1767 -23.0057 -6.4206
v  -0.4163 -22.9330 -6.4009
v  -0.6543 -22.8608 -6.3870
v  -0.8904 -22.7892 -6.3787
v  -0.5842 -22.8256 -6.7560
v  -0.5842 -22.8256 -6.5670
v  0.1883 -22.9793 -6.5670
v  0.2041 -22.9824 -6.5642
v  0.2144 -22.9845 -6.5581
v  0.2225 -22.9861 -6.5489
v  0.2274 -22.9871 -6.5380
v  0.2289 -22.9874 -6.5270
v  0.2289 -22.9874 -6.4980
v  0.2274 -22.9871 -6.4870
v  0.2225 -22.9861 -6.4762
v  0.2144 -22.9845 -6.4670
v  0.2041 -22.9824 -6.4608
v  0.1944 -22.9805 -6.4583
v  0.0941 -22.9605 -6.4462
v  -0.1531 -22.9114 -6.4206
v  -0.3987 -22.8625 -6.4009
v  -0.6426 -22.8140 -6.3870
v  -0.8846 -22.7659 -6.3787
v  -0.5763 -22.7721 -6.7560
v  -0.5763 -22.7721 -6.5670
v  0.2076 -22.8493 -6.5670
v  0.2236 -22.8509 -6.5642
v  0.2340 -22.8519 -6.5581
v  0.2423 -22.8528 -6.5489
v  0.2472 -22.8532 -6.5380
v  0.2488 -22.8534 -6.5270
v  0.2488 -22.8534 -6.4980
v  0.2472 -22.8532 -6.4870
v  0.2423 -22.8528 -6.4762
v  0.2340 -22.8519 -6.4670
v  0.2236 -22.8509 -6.4608
v  0.2138 -22.8500 -6.4583
v  0.1120 -22.8399 -6.4462
v  -0.1388 -22.8152 -6.4206
v  -0.3880 -22.7907 -6.4009
v  -0.6355 -22.7663 -6.3870
v  -0.8811 -22.7421 -6.3787
v  -0.9711 -22.7180 -8.0860
v  -0.9804 -22.6655 -8.0860
v  -0.9804 -22.6655 -6.5460
v  -0.9711 -22.7180 -6.5460
v  -1.0070 -22.6194 -8.0860
v  -1.0070 -22.6194 -6.5460
v  -1.0479 -22.5851 -8.0860
v  -1.0479 -22.5851 -6.5460
v  -1.0980 -22.5669 -8.0860
v  -1.0980 -22.5669 -6.5460
v  -1.1512 -22.5669 -8.0860
v  -1.1512 -22.5669 -6.5460
v  -1.2013 -22.5851 -8.0860
v  -1.2013 -22.5851 -6.5460
v  -1.2422 -22.6194 -8.0860
v  -1.2422 -22.6194 -6.5460
v  -1.2688 -22.6655 -8.0860
v  -1.2688 -22.6655 -6.5460
v  -1.2781 -22.7180 -8.0860
v  -1.2781 -22.7180 -6.5460
v  -1.2688 -22.7705 -8.0860
v  -1.2688 -22.7705 -6.5460
v  -1.2422 -22.8167 -8.0860
v  -1.2422 -22.8167 -6.5460
v  -1.2013 -22.8509 -8.0860
v  -1.2013 -22.8509 -6.5460
v  -1.1512 -22.8691 -8.0860
v  -1.1512 -22.8691 -6.5460
v  -1.0980 -22.8691 -8.0860
v  -1.0980 -22.8691 -6.5460
v  -1.0479 -22.8509 -8.0860
v  -1.0479 -22.8509 -6.5460
v  -1.0070 -22.8167 -8.0860
v  -1.0070 -22.8167 -6.5460
v  -0.9804 -22.7705 -8.0860
v  -0.9804 -22.7705 -6.5460
v  -0.7047 -22.6403 -7.7001
v  -0.7047 -22.6403 -8.2121
v  -0.7183 -22.5866 -8.2121
v  -0.7183 -22.5866 -7.7001
v  -0.6976 -22.7180 -7.7001
v  -0.6976 -22.7180 -8.2121
v  -0.8555 -22.3865 -8.2121
v  -0.8555 -22.3865 -7.7001
v  -0.7839 -22.4606 -7.7001
v  -0.7839 -22.4606 -8.2121
v  -0.9674 -22.3210 -7.7001
v  -0.9674 -22.3210 -8.2121
v  -1.1246 -22.2927 -8.2121
v  -1.1246 -22.2927 -7.7001
v  -0.2877 -22.3624 -8.2121
v  -0.2439 -22.3396 -7.7001
v  -0.3095 -22.2136 -7.7001
v  -0.3533 -22.2364 -8.2121
v  -0.7047 -22.7957 -7.7001
v  -0.7183 -22.8494 -7.7001
v  -0.7183 -22.8494 -8.2121
v  -0.7047 -22.7957 -8.2121
v  -0.8555 -23.0495 -8.2121
v  -0.7839 -22.9754 -8.2121
v  -0.7839 -22.9754 -7.7001
v  -0.8555 -23.0495 -7.7001
v  -0.9674 -23.1150 -7.7001
v  -1.1246 -23.1433 -7.7001
v  -1.1246 -23.1433 -8.2121
v  -0.9674 -23.1150 -8.2121
v  -0.2439 -23.0964 -7.7001
v  -0.2877 -23.0736 -8.2121
v  -0.3533 -23.1996 -8.2121
v  -0.3095 -23.2224 -7.7001
v  -1.5445 -22.6403 -7.7001
v  -1.5309 -22.5866 -7.7001
v  -1.5309 -22.5866 -8.2121
v  -1.5445 -22.6403 -8.2121
v  -1.5516 -22.7180 -8.2121
v  -1.5516 -22.7180 -7.7001
v  -1.3937 -22.3865 -8.2121
v  -1.4653 -22.4606 -8.2121
v  -1.4653 -22.4606 -7.7001
v  -1.3937 -22.3865 -7.7001
v  -1.2818 -22.3210 -7.7001
v  -1.2818 -22.3210 -8.2121
v  -2.0053 -22.3396 -7.7001
v  -1.9615 -22.3624 -8.2121
v  -1.8959 -22.2364 -8.2121
v  -1.9397 -22.2136 -7.7001
v  -1.5445 -22.7957 -7.7001
v  -1.5445 -22.7957 -8.2121
v  -1.5309 -22.8494 -8.2121
v  -1.5309 -22.8494 -7.7001
v  -1.3937 -23.0495 -8.2121
v  -1.3937 -23.0495 -7.7001
v  -1.4653 -22.9754 -7.7001
v  -1.4653 -22.9754 -8.2121
v  -1.2818 -23.1150 -7.7001
v  -1.2818 -23.1150 -8.2121
v  -1.9615 -23.0736 -8.2121
v  -2.0053 -23.0964 -7.7001
v  -1.9397 -23.2224 -7.7001
v  -1.8959 -23.1996 -8.2121
v  -0.8540 -22.6406 -7.7001
v  -0.8890 -22.5640 -7.7001
v  -0.9472 -22.4995 -7.7001
v  -1.0210 -22.4563 -7.7001
v  -1.1246 -22.4365 -7.7001
v  -1.2282 -22.4563 -7.7001
v  -1.3020 -22.4995 -7.7001
v  -1.3602 -22.5640 -7.7001
v  -1.3952 -22.6405 -7.7001
v  -1.4061 -22.7180 -7.7001
v  -1.3952 -22.7955 -7.7001
v  -1.3602 -22.8720 -7.7001
v  -1.3020 -22.9366 -7.7001
v  -1.2282 -22.9797 -7.7001
v  -1.1246 -22.9995 -7.7001
v  -1.0210 -22.9797 -7.7001
v  -0.9472 -22.9366 -7.7001
v  -0.8890 -22.8720 -7.7001
v  -0.8540 -22.7955 -7.7001
v  -0.8431 -22.7180 -7.7001
v  -0.8890 -22.5640 -8.1331
v  -0.8540 -22.6406 -8.1331
v  -0.9472 -22.4995 -8.1331
v  -1.0210 -22.4563 -8.1331
v  -1.1246 -22.4365 -8.1331
v  -1.2282 -22.4563 -8.1331
v  -1.3020 -22.4995 -8.1331
v  -1.3602 -22.5640 -8.1331
v  -1.3952 -22.6405 -8.1331
v  -1.4061 -22.7180 -8.1331
v  -1.3952 -22.7955 -8.1331
v  -1.3602 -22.8720 -8.1331
v  -1.3020 -22.9366 -8.1331
v  -1.2282 -22.9797 -8.1331
v  -1.1246 -22.9995 -8.1331
v  -1.0210 -22.9797 -8.1331
v  -0.9472 -22.9366 -8.1331
v  -0.8890 -22.8720 -8.1331
v  -0.8540 -22.7955 -8.1331
v  -0.8431 -22.7180 -8.1331
v  -0.6796 -21.3662 -7.1098
v  -0.4244 -21.4790 -7.1098
v  -0.1961 -21.6394 -7.1098
v  -0.0036 -21.8413 -7.1098
v  0.1459 -22.0768 -7.1098
v  0.2466 -22.3370 -7.1098
v  0.2946 -22.6118 -7.1098
v  0.2880 -22.8907 -7.1098
v  0.2272 -23.1630 -7.1098
v  0.1144 -23.4182 -7.1098
v  -0.0460 -23.6465 -7.1098
v  -0.2479 -23.8390 -7.1098
v  -0.4834 -23.9885 -7.1098
v  -0.7436 -24.0892 -7.1098
v  -1.0184 -24.1372 -7.1098
v  -1.2973 -24.1306 -7.1098
v  -1.5696 -24.0698 -7.1098
v  -1.8248 -23.9570 -7.1098
v  -2.0531 -23.7966 -7.1098
v  -2.2456 -23.5947 -7.1098
v  -2.3951 -23.3592 -7.1098
v  -2.4958 -23.0990 -7.1098
v  -2.5438 -22.8242 -7.1098
v  -2.5372 -22.5453 -7.1098
v  -2.4764 -22.2730 -7.1098
v  -2.3636 -22.0178 -7.1098
v  -2.2032 -21.7895 -7.1098
v  -2.0013 -21.5970 -7.1098
v  -1.7658 -21.4475 -7.1098
v  -1.5056 -21.3468 -7.1098
v  -1.2308 -21.2988 -7.1098
v  -0.9519 -21.3054 -7.1098
v  -0.8229 -21.8014 -7.1102
v  -0.6498 -21.8779 -7.1102
v  -0.4951 -21.9867 -7.1102
v  -0.3645 -22.1235 -7.1102
v  -0.2631 -22.2832 -7.1102
v  -0.1948 -22.4597 -7.1102
v  -0.1623 -22.6460 -7.1102
v  -0.1667 -22.8351 -7.1102
v  -0.2080 -23.0198 -7.1102
v  -0.2845 -23.1928 -7.1102
v  -0.3932 -23.3475 -7.1102
v  -0.5301 -23.4781 -7.1102
v  -0.6898 -23.5795 -7.1102
v  -0.8663 -23.6478 -7.1102
v  -1.0526 -23.6803 -7.1102
v  -1.2417 -23.6759 -7.1102
v  -1.4264 -23.6346 -7.1102
v  -1.5994 -23.5581 -7.1102
v  -1.7541 -23.4494 -7.1102
v  -1.8847 -23.3125 -7.1102
v  -1.9861 -23.1528 -7.1102
v  -2.0544 -22.9763 -7.1102
v  -2.0869 -22.7900 -7.1102
v  -2.0825 -22.6009 -7.1102
v  -2.0412 -22.4163 -7.1102
v  -1.9647 -22.2432 -7.1102
v  -1.8560 -22.0885 -7.1102
v  -1.7191 -21.9579 -7.1102
v  -1.5594 -21.8565 -7.1102
v  -1.3829 -21.7882 -7.1102
v  -1.1966 -21.7557 -7.1102
v  -1.0075 -21.7601 -7.1102
v  -0.8270 -21.8140 -7.2619
v  -0.6563 -21.8894 -7.2619
v  -0.5037 -21.9967 -7.2619
v  -0.3749 -22.1317 -7.2619
v  -0.2749 -22.2892 -7.2619
v  -0.2076 -22.4632 -7.2619
v  -0.1755 -22.6470 -7.2619
v  -0.1799 -22.8335 -7.2619
v  -0.2206 -23.0156 -7.2619
v  -0.2960 -23.1863 -7.2619
v  -0.4033 -23.3389 -7.2619
v  -0.5383 -23.4677 -7.2619
v  -0.6958 -23.5677 -7.2619
v  -0.8698 -23.6350 -7.2619
v  -1.0536 -23.6671 -7.2619
v  -1.2401 -23.6627 -7.2619
v  -1.4222 -23.6220 -7.2619
v  -1.5929 -23.5466 -7.2619
v  -1.7455 -23.4393 -7.2619
v  -1.8743 -23.3043 -7.2619
v  -1.9743 -23.1468 -7.2619
v  -2.0416 -22.9728 -7.2619
v  -2.0737 -22.7890 -7.2619
v  -2.0693 -22.6025 -7.2619
v  -2.0286 -22.4204 -7.2619
v  -1.9532 -22.2497 -7.2619
v  -1.8459 -22.0971 -7.2619
v  -1.7109 -21.9683 -7.2619
v  -1.5534 -21.8683 -7.2619
v  -1.3794 -21.8010 -7.2619
v  -1.1956 -21.7689 -7.2619
v  -1.0091 -21.7733 -7.2619
v  -0.5729 -21.7417 -8.3138
v  -0.7739 -21.6528 -8.3138
v  -0.3930 -21.8681 -8.3138
v  -0.2412 -22.0271 -8.3138
v  -0.1234 -22.2127 -8.3138
v  -0.0063 -22.6343 -8.3138
v  -0.0441 -22.4178 -8.3138
v  -0.0114 -22.8541 -8.3138
v  -0.0594 -23.0687 -8.3138
v  -0.1483 -23.2698 -8.3138
v  -0.2747 -23.4496 -8.3138
v  -0.8244 -23.7985 -8.3138
v  -0.6193 -23.7192 -8.3138
v  -1.4753 -23.7832 -8.3138
v  -1.2607 -23.8312 -8.3138
v  -2.2378 -22.5819 -8.3138
v  -2.2429 -22.8017 -8.3138
v  -2.1898 -22.3673 -8.3138
v  -0.9885 -21.6048 -8.3138
v  -1.2083 -21.5997 -8.3138
v  -0.4337 -23.6014 -8.3138
v  -1.0409 -23.8363 -8.3138
v  -1.6764 -23.6943 -8.3138
v  -1.8562 -23.5679 -8.3138
v  -2.0080 -23.4089 -8.3138
v  -2.1258 -23.2233 -8.3138
v  -2.2051 -23.0182 -8.3138
v  -2.1009 -22.1663 -8.3138
v  -1.9745 -21.9864 -8.3138
v  -1.8155 -21.8346 -8.3138
v  -1.6299 -21.7168 -8.3138
v  -1.4248 -21.6375 -8.3138
v  -12.6164 24.4176 6.5724
v  8.9440 19.7457 -2.7734
v  8.9810 20.0876 -1.9342
v  8.6120 19.9398 -2.8338
v  -14.9250 -21.0390 6.9061
v  -14.9193 -25.9218 6.9040
v  -14.9079 29.3175 6.9112
v  -14.9338 25.6088 6.9275
v  -14.9530 22.8657 6.9396
v  -14.9355 13.9791 6.9124
v  -14.9437 8.3993 6.9177
v  -14.9486 3.8591 6.9204
v  -14.9515 -0.3986 6.9208
v  -14.9475 -5.8556 6.9188
v  -14.9400 -11.4025 6.9147
v  -14.9315 -16.8538 6.9098
v  -6.3408 29.7870 6.9131
v  -12.0380 29.7858 6.9138
v  -1.1246 29.7869 6.9133
v  9.9986 29.7866 6.9127
v  4.0916 29.7868 6.9134
v  -11.0126 -29.7915 6.9052
v  -7.2239 -29.7928 6.9064
v  -3.8914 -29.7929 6.9064
v  -1.1246 -29.7930 6.9063
v  -14.4409 -29.7869 6.9094
v  4.9747 -29.7932 6.9062
v  8.9256 -29.7929 6.9057
v  1.6422 -29.7930 6.9062
v  13.3187 -29.7865 6.8997
v  13.6567 -29.7789 6.8980
v  -11.8749 -25.2222 -5.2889
v  -12.3236 -21.0390 -5.2735
v  -10.5929 -26.3610 -5.2840
v  -7.2399 -26.3571 -5.3959
v  -3.9085 -26.3537 -5.4932
v  -6.3405 19.3229 -4.5295
v  -1.1246 19.3229 -4.5295
v  -11.5768 19.3340 -4.5020
v  -11.9400 19.2729 -4.4787
v  -12.2003 19.1411 -4.4265
v  -12.4680 18.8673 -4.3168
v  -12.6141 18.4578 -4.1519
v  -12.9442 13.9791 -4.3058
v  -13.2293 8.3993 -4.4670
v  -13.3551 3.8591 -4.6239
v  -13.3871 -0.3986 -4.7577
v  -13.2995 -5.8556 -4.9256
v  -13.0668 -11.4025 -5.0817
v  -12.7051 -16.8538 -5.2151
v  -1.1246 -26.3520 -5.5400
v  8.8566 -21.7204 -5.3816
v  8.5523 -25.1912 -5.3787
v  8.4375 -25.6116 -5.3845
v  8.1355 -26.0228 -5.3755
v  7.6986 -26.2851 -5.3508
v  7.2703 -26.3597 -5.3203
v  4.9914 -26.3569 -5.3980
v  1.6592 -26.3541 -5.4819
v  4.0912 19.3229 -4.5295
v  8.1697 19.3260 -4.5217
v  8.5325 19.2588 -4.5136
v  8.8700 19.0619 -4.4517
v  9.1065 18.7636 -4.3436
v  9.2058 18.4323 -4.2149
v  9.4648 13.8805 -4.3666
v  9.6863 8.4151 -4.5439
v  9.7897 3.1279 -4.7210
v  9.7879 -1.7089 -4.8779
v  9.6939 -6.7285 -5.0313
v  9.4966 -11.9394 -5.1792
v  9.2060 -17.0609 -5.3053
v  9.2770 -21.7204 -0.2112
v  8.9499 -25.3924 -0.2106
v  8.6318 -25.2315 -4.3451
v  8.9406 -21.7204 -4.3475
v  8.5169 -25.6483 -4.3540
v  8.5964 -25.6850 -3.3235
v  8.8346 -25.7950 -0.2321
v  9.2881 -17.0609 -4.2836
v  9.3702 -17.0609 -3.2621
v  9.6163 -17.0609 -0.1987
v  9.5774 -11.9394 -4.1782
v  9.6582 -11.9394 -3.1774
v  9.9006 -11.9394 -0.1770
v  9.7724 -6.7285 -4.0553
v  9.8510 -6.7285 -3.0795
v  10.0866 -6.7285 -0.1528
v  9.8640 -1.7089 -3.9273
v  9.9401 -1.7089 -2.9769
v  10.1683 -1.7089 -0.1272
v  9.8640 3.1279 -3.7968
v  9.9382 3.1279 -2.8728
v  10.1609 3.1279 -0.1010
v  9.7582 8.4151 -3.6507
v  9.8301 8.4151 -2.7570
v  10.0456 8.4151 -0.0729
v  9.5337 13.8805 -3.5059
v  9.6029 13.8805 -2.6434
v  9.8125 13.8805 -0.0468
v  9.2477 18.7775 -3.3773
v  9.4155 20.1585 -0.0266
v  8.5722 19.5993 -3.6737
v  8.2124 19.6655 -3.6814
v  8.2551 20.0050 -2.8411
v  8.3833 21.0235 -0.3203
v  8.7314 20.9611 -0.3141
v  4.9913 -26.3926 -4.3774
v  7.3543 -26.3951 -4.3029
v  4.9912 -26.4282 -3.3569
v  7.4383 -26.4305 -3.2856
v  7.6903 -26.5366 -0.2335
v  4.9909 -26.5352 -0.2952
v  7.7956 -26.3136 -4.3283
v  7.8925 -26.3420 -3.3057
v  8.1834 -26.4274 -0.2381
v  8.2158 -26.0578 -4.3492
v  8.2961 -26.0928 -3.3229
v  8.5369 -26.1979 -0.2439
v  9.2876 20.5169 -0.1659
v  9.2514 20.1662 -1.0015
v  9.1428 19.1143 -3.5081
v  -12.3636 -21.0390 -4.2623
v  -11.9096 -25.2606 -4.2775
v  -12.4036 -21.0390 -3.2510
v  -11.9443 -25.2991 -3.2660
v  -12.0483 -25.4144 -0.2318
v  -12.5239 -21.0390 -0.2174
v  -11.7817 -25.6819 -4.2874
v  -11.8101 -25.7292 -3.2758
v  -11.8952 -25.8712 -0.2409
v  -12.7443 -16.8538 -4.2069
v  -12.7834 -16.8538 -3.1987
v  -12.9009 -16.8538 -0.1737
v  -13.1058 -11.4025 -4.0862
v  -13.1450 -11.4025 -3.0906
v  -13.2625 -11.4025 -0.1030
v  -13.3365 -5.8556 -3.9424
v  -13.3735 -5.8556 -2.9592
v  -13.4846 -5.8556 -0.0092
v  -13.4248 -0.3986 -3.7881
v  -13.4625 -0.3986 -2.8185
v  -13.5755 -0.3986 0.0900
v  -13.3918 3.8591 -3.6675
v  -13.4286 3.8591 -2.7109
v  -13.5390 3.8591 0.1603
v  -13.2653 8.3993 -3.5251
v  -13.3013 8.3993 -2.5830
v  -13.4093 8.3993 0.2446
v  -12.9803 13.9791 -3.3817
v  -13.0166 13.9791 -2.4563
v  -13.1261 13.9791 0.3259
v  -11.5533 19.6854 -3.6323
v  -11.5800 19.6853 -3.6323
v  -11.5298 20.0367 -2.7627
v  -11.5831 20.0366 -2.7625
v  -11.5925 21.0906 -0.1534
v  -11.4593 21.0908 -0.1537
v  -1.1246 19.6754 -3.6570
v  -6.3405 19.6754 -3.6570
v  -1.1246 20.0279 -2.7844
v  -6.3406 20.0279 -2.7845
v  -6.3407 21.0855 -0.1670
v  -1.1246 21.0855 -0.1669
v  -10.6303 -26.3962 -4.2737
v  -7.2398 -26.3927 -4.3756
v  -10.6677 -26.4314 -3.2635
v  -7.2398 -26.4283 -3.3552
v  -7.2397 -26.5352 -0.2941
v  -10.7799 -26.5371 -0.2327
v  -11.0504 -26.3247 -4.2849
v  -11.0842 -26.3605 -3.2735
v  -11.1854 -26.4679 -0.2393
v  -11.4771 -26.0763 -4.2910
v  -11.5044 -26.1180 -3.2795
v  -11.5864 -26.2430 -0.2450
v  -12.4695 19.2177 -3.4449
v  -12.6154 18.8143 -3.2819
v  -12.4710 19.5681 -2.5729
v  -12.6168 19.1709 -2.4119
v  -12.6190 20.2401 0.1982
v  -12.4756 20.6193 0.0429
v  -12.2082 19.4872 -3.5535
v  -12.2161 19.8333 -2.6805
v  -12.2399 20.8716 -0.0615
v  -11.9393 19.6248 -3.6088
v  -11.9386 19.9768 -2.7389
v  -11.9366 21.0325 -0.1291
v  -3.9083 -26.3896 -4.4644
v  -3.9082 -26.4255 -3.4355
v  -3.9077 -26.5333 -0.3488
v  -1.1246 -26.3881 -4.5070
v  -1.1246 -26.4242 -3.4740
v  -1.1246 -26.5324 -0.3751
v  4.0912 19.6754 -3.6570
v  4.0912 20.0279 -2.7845
v  4.0914 21.0855 -0.1670
v  1.6591 -26.3900 -4.4540
v  1.6589 -26.4259 -3.4261
v  1.6585 -26.5335 -0.3425
v  9.0550 20.7714 -0.2559
v  9.0180 20.4295 -1.0951
v  8.9070 19.4038 -3.6125
v  14.8334 -29.9999 6.5639
v  14.8334 -29.9999 -7.3763
v  15.1260 -29.9999 -7.3763
v  14.8334 30.0000 -7.4361
v  15.1255 30.0000 -7.4361
v  14.5689 -29.9999 6.7925
v  14.6564 -29.9999 6.7696
v  14.7309 -29.9998 6.7423
v  14.7855 -29.9999 6.6967
v  14.8189 -29.9999 6.6347
v  15.1260 -29.9999 -7.4361
v  14.8334 -29.9999 -7.4361
v  14.8334 -29.8080 -7.4361
v  15.1260 -29.8080 -7.4361
v  14.8334 -29.1167 -7.4361
v  14.8334 -26.0291 -7.4361
v  15.1254 -26.0291 -7.4319
v  15.1257 -29.1167 -7.4361
v  14.8334 -29.3725 -7.4361
v  15.1260 -29.3725 -7.4361
v  14.8334 -29.6372 -7.4361
v  15.1260 -29.6372 -7.4361
v  14.8335 -21.7204 -7.4357
v  15.1254 -21.7204 -7.4312
v  14.8353 -17.0609 -7.4308
v  15.1254 -17.0609 -7.4308
v  14.8353 -11.9394 -7.4306
v  15.1253 -11.9394 -7.4306
v  14.8352 -6.7285 -7.4305
v  15.1253 -6.7285 -7.4305
v  14.8352 -1.7089 -7.4307
v  15.1253 -1.7089 -7.4307
v  14.8352 3.1279 -7.4307
v  15.1253 3.1279 -7.4306
v  14.8352 8.4151 -7.4305
v  15.1253 8.4151 -7.4305
v  14.8353 13.8805 -7.4307
v  15.1254 13.8805 -7.4307
v  14.8353 22.0140 -7.4313
v  15.1254 22.0140 -7.4313
v  14.8353 25.6123 -7.4338
v  15.1254 25.6088 -7.4337
v  14.8354 29.1127 -7.4361
v  14.8354 29.2884 -7.4361
v  15.1255 29.2884 -7.4361
v  15.1255 29.1127 -7.4361
v  14.8354 29.4535 -7.4361
v  15.1255 29.4535 -7.4361
v  14.8341 29.8131 -7.4361
v  15.1255 29.8131 -7.4361
v  -1.1246 -25.0736 -6.4975
v  -7.2674 -25.7406 -6.0856
v  -6.3188 18.6976 -4.9331
v  -1.1246 18.6954 -4.9403
v  -12.5872 8.3993 -5.1899
v  -12.7059 3.8591 -5.3395
v  -12.7487 -0.3986 -5.4680
v  -12.6658 -5.8556 -5.6314
v  -12.4372 -11.4025 -5.7859
v  5.0182 -25.7406 -6.0856
v  4.0527 18.6970 -4.9329
v  9.0785 8.4151 -5.1753
v  9.1787 3.1279 -5.3501
v  9.1761 -1.7089 -5.5070
v  9.0861 -6.7285 -5.6619
v  8.8911 -11.9394 -5.8116
v  -1.1246 -21.8780 -7.7160
v  -1.0491 -21.8814 -7.7160
v  -1.0512 -21.8545 -7.2807
v  -1.1246 -21.8514 -7.2807
v  -1.1291 -21.8514 -7.2807
v  -1.2071 -21.8553 -7.2807
v  -1.2001 -21.8814 -7.7160
v  -1.2870 -21.8667 -7.2807
v  -1.2774 -21.8920 -7.7160
v  -1.3678 -21.8862 -7.2807
v  -1.3557 -21.9104 -7.7160
v  -1.4483 -21.9141 -7.2807
v  -1.4338 -21.9370 -7.7160
v  -1.5272 -21.9506 -7.2807
v  -1.5104 -21.9718 -7.7160
v  -1.6032 -21.9955 -7.2807
v  -1.5843 -22.0149 -7.7160
v  -1.6749 -22.0485 -7.2807
v  -1.6541 -22.0659 -7.7160
v  -1.7411 -22.1089 -7.2807
v  -1.7186 -22.1240 -7.7160
v  -1.8007 -22.1759 -7.2807
v  -1.7767 -22.1886 -7.7160
v  -1.8528 -22.2481 -7.2807
v  -1.8277 -22.2583 -7.7160
v  -1.8968 -22.3245 -7.2807
v  -1.8708 -22.3322 -7.7160
v  -1.9322 -22.4037 -7.2807
v  -1.9056 -22.4088 -7.7160
v  -1.9591 -22.4843 -7.2807
v  -1.9322 -22.4869 -7.7160
v  -1.9776 -22.5650 -7.2807
v  -1.9506 -22.5652 -7.7160
v  -1.9881 -22.6448 -7.2807
v  -1.9612 -22.6425 -7.7160
v  -1.9912 -22.7225 -7.2807
v  -1.9646 -22.7180 -7.7160
v  -1.9873 -22.8005 -7.2807
v  -1.9612 -22.7935 -7.7160
v  -1.9759 -22.8804 -7.2807
v  -1.9506 -22.8709 -7.7160
v  -1.9564 -22.9612 -7.2807
v  -1.9322 -22.9491 -7.7160
v  -1.9285 -23.0417 -7.2807
v  -1.9056 -23.0272 -7.7160
v  -1.8920 -23.1206 -7.2807
v  -1.8708 -23.1038 -7.7160
v  -1.8471 -23.1966 -7.2807
v  -1.8277 -23.1777 -7.7160
v  -1.7941 -23.2683 -7.2807
v  -1.7767 -23.2475 -7.7160
v  -1.7337 -23.3345 -7.2807
v  -1.7186 -23.3120 -7.7160
v  -1.6667 -23.3941 -7.2807
v  -1.6541 -23.3701 -7.7160
v  -1.5945 -23.4462 -7.2807
v  -1.5843 -23.4211 -7.7160
v  -1.5181 -23.4902 -7.2807
v  -1.5104 -23.4642 -7.7160
v  -1.4389 -23.5256 -7.2807
v  -1.4338 -23.4990 -7.7160
v  -1.3583 -23.5525 -7.2807
v  -1.3557 -23.5256 -7.7160
v  -1.2776 -23.5710 -7.2807
v  -1.2774 -23.5440 -7.7160
v  -1.1978 -23.5815 -7.2807
v  -1.2001 -23.5546 -7.7160
v  -1.1201 -23.5846 -7.2807
v  -1.1246 -23.5580 -7.7160
v  -1.0422 -23.5807 -7.2807
v  -1.0491 -23.5546 -7.7160
v  -0.9625 -23.5693 -7.2807
v  -0.9718 -23.5440 -7.7160
v  -0.8818 -23.5499 -7.2807
v  -0.8935 -23.5256 -7.7160
v  -0.8014 -23.5221 -7.2807
v  -0.8154 -23.4990 -7.7160
v  -0.7226 -23.4857 -7.2807
v  -0.7388 -23.4642 -7.7160
v  -0.6466 -23.4409 -7.2807
v  -0.6649 -23.4211 -7.7160
v  -0.5749 -23.3880 -7.2807
v  -0.5952 -23.3701 -7.7160
v  -0.5086 -23.3276 -7.2807
v  -0.5306 -23.3120 -7.7160
v  -0.4490 -23.2607 -7.2807
v  -0.4725 -23.2475 -7.7160
v  -0.3968 -23.1885 -7.2807
v  -0.4215 -23.1777 -7.7160
v  -0.3527 -23.1120 -7.2807
v  -0.3784 -23.1038 -7.7160
v  -0.3172 -23.0328 -7.2807
v  -0.3436 -23.0272 -7.7160
v  -0.2902 -22.9521 -7.2807
v  -0.3170 -22.9491 -7.7160
v  -0.2716 -22.8713 -7.2807
v  -0.2986 -22.8709 -7.7160
v  -0.2611 -22.7914 -7.2807
v  -0.2880 -22.7935 -7.7160
v  -0.2580 -22.7135 -7.2807
v  -0.2846 -22.7180 -7.7160
v  -0.2619 -22.6356 -7.2807
v  -0.2880 -22.6425 -7.7160
v  -0.2733 -22.5559 -7.2807
v  -0.2986 -22.5652 -7.7160
v  -0.2927 -22.4752 -7.2807
v  -0.3170 -22.4869 -7.7160
v  -0.3205 -22.3948 -7.2807
v  -0.3436 -22.4088 -7.7160
v  -0.3569 -22.3160 -7.2807
v  -0.3784 -22.3322 -7.7160
v  -0.4017 -22.2400 -7.2807
v  -0.4215 -22.2583 -7.7160
v  -0.4546 -22.1683 -7.2807
v  -0.4725 -22.1886 -7.7160
v  -0.5150 -22.1020 -7.2807
v  -0.5306 -22.1240 -7.7160
v  -0.5819 -22.0424 -7.2807
v  -0.5952 -22.0659 -7.7160
v  -0.6542 -21.9902 -7.2807
v  -0.6649 -22.0149 -7.7160
v  -0.7306 -21.9461 -7.2807
v  -0.7388 -21.9718 -7.7160
v  -0.8098 -21.9106 -7.2807
v  -0.8154 -21.9370 -7.7160
v  -0.8905 -21.8836 -7.2807
v  -0.8935 -21.9104 -7.7160
v  -0.9713 -21.8650 -7.2807
v  -0.9718 -21.8920 -7.7160
v  -1.4090 -23.0267 -7.7160
v  -1.2587 -22.9231 -7.7160
v  -1.4125 -23.0026 -7.7160
v  -1.4095 -23.0144 -7.7160
v  -1.3297 -22.8521 -7.7160
v  -1.3524 -22.8082 -7.7160
v  -1.4965 -22.8652 -7.7160
v  -1.4594 -22.9369 -7.7160
v  -1.3655 -22.7626 -7.7160
v  -1.5179 -22.7908 -7.7160
v  -1.3696 -22.7180 -7.7160
v  -1.5246 -22.7180 -7.7160
v  -1.3655 -22.6734 -7.7160
v  -1.5179 -22.6452 -7.7160
v  -1.3524 -22.6278 -7.7160
v  -1.4965 -22.5708 -7.7160
v  -1.3297 -22.5839 -7.7160
v  -1.4594 -22.4991 -7.7160
v  -1.2978 -22.5448 -7.7160
v  -1.4239 -22.4527 -7.7160
v  -1.4159 -22.4411 -7.7160
v  -1.4228 -22.4513 -7.7160
v  -1.4239 -22.9833 -7.7160
v  -1.2978 -22.8912 -7.7160
v  -1.8360 -22.9216 -7.7160
v  -1.8522 -22.8527 -7.7160
v  -1.2536 -21.9893 -7.7160
v  -1.1911 -21.9810 -7.7160
v  -1.1246 -21.9780 -7.7160
v  -0.4366 -22.4456 -7.7160
v  -0.4132 -22.5144 -7.7160
v  -0.3970 -22.5834 -7.7160
v  -0.9956 -23.4467 -7.7160
v  -1.0581 -23.4550 -7.7160
v  -1.1246 -23.4580 -7.7160
v  -1.8126 -22.9904 -7.7160
v  -1.8616 -22.7845 -7.7160
v  -1.8646 -22.7180 -7.7160
v  -1.8616 -22.6515 -7.7160
v  -1.8522 -22.5834 -7.7160
v  -1.8360 -22.5144 -7.7160
v  -1.8126 -22.4456 -7.7160
v  -1.7819 -22.3781 -7.7160
v  -1.7440 -22.3131 -7.7160
v  -1.6991 -22.2516 -7.7160
v  -1.6479 -22.1948 -7.7160
v  -1.6022 -22.1528 -7.7160
v  -1.5903 -22.1444 -7.7160
v  -1.5761 -22.1381 -7.7160
v  -1.5604 -22.1345 -7.7160
v  -1.5439 -22.1342 -7.7160
v  -1.0581 -21.9810 -7.7160
v  -0.9956 -21.9893 -7.7160
v  -0.4673 -22.3781 -7.7160
v  -0.5052 -22.3131 -7.7160
v  -0.5501 -22.2516 -7.7160
v  -0.6013 -22.1948 -7.7160
v  -0.6470 -22.1528 -7.7160
v  -0.6617 -22.1429 -7.7160
v  -0.3876 -22.6515 -7.7160
v  -0.3846 -22.7180 -7.7160
v  -0.3876 -22.7845 -7.7160
v  -0.3970 -22.8527 -7.7160
v  -0.4132 -22.9216 -7.7160
v  -0.4366 -22.9904 -7.7160
v  -0.4673 -23.0579 -7.7160
v  -0.5052 -23.1229 -7.7160
v  -0.5501 -23.1844 -7.7160
v  -0.6013 -23.2413 -7.7160
v  -0.6470 -23.2832 -7.7160
v  -0.6589 -23.2916 -7.7160
v  -0.6731 -23.2979 -7.7160
v  -0.6888 -23.3015 -7.7160
v  -0.7053 -23.3018 -7.7160
v  -1.1911 -23.4550 -7.7160
v  -1.2536 -23.4467 -7.7160
v  -1.7819 -23.0579 -7.7160
v  -1.7440 -23.1229 -7.7160
v  -1.6991 -23.1844 -7.7160
v  -1.6479 -23.2413 -7.7160
v  -1.6022 -23.2832 -7.7160
v  -1.5875 -23.2931 -7.7160
v  -1.5740 -23.2986 -7.7160
v  -1.5442 -23.3018 -7.7160
v  -1.5597 -23.3016 -7.7160
v  -0.6752 -22.1374 -7.7160
v  -0.7050 -22.1342 -7.7160
v  -0.6895 -22.1344 -7.7160
v  -1.4175 -22.9922 -7.7160
v  -1.2630 -21.9916 -7.7160
v  -1.2766 -21.9971 -7.7160
v  -1.3011 -22.0169 -7.7160
v  -1.2895 -22.0056 -7.7160
v  -0.9862 -23.4444 -7.7160
v  -0.9726 -23.4389 -7.7160
v  -0.9481 -23.4191 -7.7160
v  -0.9597 -23.4304 -7.7160
v  -0.9815 -21.9932 -7.7160
v  -0.9676 -22.0000 -7.7160
v  -0.9548 -22.0098 -7.7160
v  -1.2677 -23.4428 -7.7160
v  -1.2816 -23.4360 -7.7160
v  -1.2944 -23.4262 -7.7160
v  -1.2587 -22.5129 -7.7160
v  -1.4112 -22.4296 -7.7160
v  -1.3103 -22.0306 -7.7160
v  -0.9389 -23.4055 -7.7160
v  -1.5283 -23.2989 -7.7160
v  -0.7215 -23.2988 -7.7160
v  -1.5277 -22.1373 -7.7160
v  -0.7209 -22.1371 -7.7160
v  -0.9440 -22.0223 -7.7160
v  -0.9360 -22.0367 -7.7160
v  -1.3052 -23.4137 -7.7160
v  -1.3132 -23.3993 -7.7160
v  -0.7362 -22.1433 -7.7160
v  -1.5130 -23.2927 -7.7160
v  -1.3165 -22.0458 -7.7160
v  -0.9327 -23.3902 -7.7160
v  -1.5128 -22.1434 -7.7160
v  -0.7364 -23.2926 -7.7160
v  -1.2354 -22.3132 -7.7160
v  -1.4090 -22.4177 -7.7160
v  -1.3194 -22.0617 -7.7160
v  -1.4999 -22.1520 -7.7160
v  -1.4895 -22.1623 -7.7160
v  -1.3191 -22.0772 -7.7160
v  -1.4811 -22.1743 -7.7160
v  -1.3161 -22.0915 -7.7160
v  -1.4748 -22.1884 -7.7160
v  -1.2579 -22.2819 -7.7160
v  -1.4741 -22.1905 -7.7160
v  -1.4115 -22.3953 -7.7160
v  -1.2570 -22.2848 -7.7160
v  -1.2519 -22.2953 -7.7160
v  -1.4092 -22.4061 -7.7160
v  -1.2447 -22.3050 -7.7160
v  -0.9312 -22.0521 -7.7160
v  -0.9296 -22.0675 -7.7160
v  -0.7498 -22.1525 -7.7160
v  -0.9308 -22.0821 -7.7160
v  -0.7611 -22.1640 -7.7160
v  -0.9331 -22.0915 -7.7160
v  -0.7696 -22.1770 -7.7160
v  -0.9913 -22.2819 -7.7160
v  -0.7751 -22.1905 -7.7160
v  -0.9954 -22.2920 -7.7160
v  -0.8377 -22.3953 -7.7160
v  -1.0017 -22.3017 -7.7160
v  -1.0102 -22.3104 -7.7160
v  -0.8382 -22.3971 -7.7160
v  -1.0205 -22.3173 -7.7160
v  -0.8402 -22.4093 -7.7160
v  -0.9298 -23.3743 -7.7160
v  -0.7493 -23.2840 -7.7160
v  -0.7597 -23.2737 -7.7160
v  -0.9301 -23.3588 -7.7160
v  -0.7681 -23.2618 -7.7160
v  -0.9331 -23.3445 -7.7160
v  -0.7751 -23.2455 -7.7160
v  -0.9913 -23.1541 -7.7160
v  -0.8377 -23.0407 -7.7160
v  -0.9973 -23.1407 -7.7160
v  -0.8400 -23.0299 -7.7160
v  -1.0045 -23.1310 -7.7160
v  -0.8402 -23.0183 -7.7160
v  -1.0138 -23.1228 -7.7160
v  -1.3180 -23.3839 -7.7160
v  -1.3196 -23.3685 -7.7160
v  -1.4994 -23.2835 -7.7160
v  -1.3184 -23.3540 -7.7160
v  -1.4881 -23.2720 -7.7160
v  -1.3161 -23.3445 -7.7160
v  -1.4796 -23.2590 -7.7160
v  -1.2579 -23.1541 -7.7160
v  -1.4741 -23.2455 -7.7160
v  -1.2538 -23.1440 -7.7160
v  -1.4112 -23.0398 -7.7160
v  -1.2475 -23.1343 -7.7160
v  -1.2390 -23.1256 -7.7160
v  -1.2287 -23.1187 -7.7160
v  -1.2148 -22.4902 -7.7160
v  -1.2247 -22.3193 -7.7160
v  -1.2131 -22.3230 -7.7160
v  -1.1692 -22.4771 -7.7160
v  -1.2016 -22.3243 -7.7160
v  -1.1907 -22.3235 -7.7160
v  -1.1246 -22.4730 -7.7160
v  -1.1246 -22.3180 -7.7160
v  -1.0800 -22.4771 -7.7160
v  -1.0585 -22.3235 -7.7160
v  -1.0554 -22.3239 -7.7160
v  -1.0344 -22.4902 -7.7160
v  -1.0438 -22.3241 -7.7160
v  -1.0319 -22.3219 -7.7160
v  -0.9905 -22.5129 -7.7160
v  -0.8397 -22.4216 -7.7160
v  -0.9514 -22.5448 -7.7160
v  -0.8368 -22.4334 -7.7160
v  -0.8253 -22.4527 -7.7160
v  -0.8317 -22.4439 -7.7160
v  -0.9195 -22.5839 -7.7160
v  -0.7898 -22.4991 -7.7160
v  -0.8968 -22.6278 -7.7160
v  -0.7527 -22.5708 -7.7160
v  -0.8837 -22.6734 -7.7160
v  -0.7313 -22.6452 -7.7160
v  -0.8796 -22.7180 -7.7160
v  -0.7246 -22.7180 -7.7160
v  -0.8837 -22.7626 -7.7160
v  -0.7313 -22.7908 -7.7160
v  -0.8968 -22.8082 -7.7160
v  -0.7527 -22.8652 -7.7160
v  -0.9195 -22.8521 -7.7160
v  -0.7898 -22.9369 -7.7160
v  -0.9514 -22.8912 -7.7160
v  -0.8253 -22.9833 -7.7160
v  -0.8333 -22.9949 -7.7160
v  -0.8264 -22.9847 -7.7160
v  -0.9905 -22.9231 -7.7160
v  -0.8380 -23.0064 -7.7160
v  -1.0344 -22.9458 -7.7160
v  -1.0245 -23.1167 -7.7160
v  -1.0361 -23.1130 -7.7160
v  -1.0800 -22.9589 -7.7160
v  -1.0476 -23.1117 -7.7160
v  -1.0585 -23.1125 -7.7160
v  -1.1246 -22.9630 -7.7160
v  -1.1246 -23.1180 -7.7160
v  -1.1692 -22.9589 -7.7160
v  -1.1907 -23.1125 -7.7160
v  -1.2148 -22.9458 -7.7160
v  -1.2054 -23.1119 -7.7160
v  -1.2173 -23.1141 -7.7160
v  -1.4095 -23.0144 -7.8560
v  -1.4090 -23.0267 -7.8560
v  -1.4965 -22.8652 -7.8560
v  -1.4594 -22.9369 -7.8560
v  -1.3297 -22.8521 -7.8560
v  -1.3524 -22.8082 -7.8560
v  -1.5179 -22.7908 -7.8560
v  -1.3655 -22.7626 -7.8560
v  -1.5246 -22.7180 -7.8560
v  -1.3696 -22.7180 -7.8560
v  -1.5179 -22.6452 -7.8560
v  -1.3655 -22.6734 -7.8560
v  -1.4965 -22.5708 -7.8560
v  -1.3524 -22.6278 -7.8560
v  -1.4594 -22.4991 -7.8560
v  -1.3297 -22.5839 -7.8560
v  -1.4239 -22.4527 -7.8560
v  -1.2978 -22.5448 -7.8560
v  -1.4228 -22.4513 -7.8560
v  -1.4239 -22.9833 -7.8560
v  -1.2978 -22.8912 -7.8560
v  -1.8360 -22.9216 -7.8560
v  -1.8522 -22.8527 -7.8560
v  -1.2536 -21.9893 -7.8560
v  -1.1911 -21.9810 -7.8560
v  -1.1246 -21.9780 -7.8560
v  -0.4366 -22.4456 -7.8560
v  -0.4132 -22.5144 -7.8560
v  -0.3970 -22.5834 -7.8560
v  -0.9956 -23.4467 -7.8560
v  -1.0581 -23.4550 -7.8560
v  -1.1246 -23.4580 -7.8560
v  -1.8126 -22.9904 -7.8560
v  -1.8616 -22.7845 -7.8560
v  -1.8646 -22.7180 -7.8560
v  -1.8616 -22.6515 -7.8560
v  -1.8522 -22.5834 -7.8560
v  -1.8360 -22.5144 -7.8560
v  -1.8126 -22.4456 -7.8560
v  -1.7819 -22.3781 -7.8560
v  -1.7440 -22.3131 -7.8560
v  -1.6991 -22.2516 -7.8560
v  -1.6479 -22.1948 -7.8560
v  -1.6022 -22.1528 -7.8560
v  -1.5903 -22.1444 -7.8560
v  -1.5761 -22.1381 -7.8560
v  -1.5604 -22.1345 -7.8560
v  -1.0581 -21.9810 -7.8560
v  -0.9956 -21.9893 -7.8560
v  -0.4673 -22.3781 -7.8560
v  -0.5052 -22.3131 -7.8560
v  -0.5501 -22.2516 -7.8560
v  -0.6013 -22.1948 -7.8560
v  -0.6470 -22.1528 -7.8560
v  -0.6617 -22.1429 -7.8560
v  -0.3876 -22.6515 -7.8560
v  -0.3846 -22.7180 -7.8560
v  -0.3876 -22.7845 -7.8560
v  -0.3970 -22.8527 -7.8560
v  -0.4132 -22.9216 -7.8560
v  -0.4366 -22.9904 -7.8560
v  -0.4673 -23.0579 -7.8560
v  -0.5052 -23.1229 -7.8560
v  -0.5501 -23.1844 -7.8560
v  -0.6014 -23.2413 -7.8560
v  -0.6470 -23.2832 -7.8560
v  -0.6589 -23.2916 -7.8560
v  -0.6731 -23.2979 -7.8560
v  -0.6888 -23.3015 -7.8560
v  -1.1911 -23.4550 -7.8560
v  -1.2536 -23.4467 -7.8560
v  -1.7819 -23.0579 -7.8560
v  -1.7440 -23.1229 -7.8560
v  -1.6991 -23.1844 -7.8560
v  -1.6479 -23.2413 -7.8560
v  -1.6022 -23.2832 -7.8560
v  -1.5875 -23.2931 -7.8560
v  -1.5740 -23.2986 -7.8560
v  -1.5597 -23.3016 -7.8560
v  -0.6752 -22.1374 -7.8560
v  -0.6895 -22.1344 -7.8560
v  -1.4175 -22.9922 -7.8560
v  -1.2630 -21.9916 -7.8560
v  -1.2766 -21.9971 -7.8560
v  -1.2895 -22.0056 -7.8560
v  -0.9862 -23.4444 -7.8560
v  -0.9726 -23.4389 -7.8560
v  -0.9597 -23.4304 -7.8560
v  -0.9815 -21.9932 -7.8560
v  -0.9676 -22.0000 -7.8560
v  -0.9548 -22.0098 -7.8560
v  -1.2677 -23.4428 -7.8560
v  -1.2816 -23.4360 -7.8560
v  -1.2944 -23.4262 -7.8560
v  -1.4159 -22.4411 -7.8560
v  -1.2587 -22.5129 -7.8560
v  -1.4112 -22.4296 -7.8560
v  -1.3011 -22.0169 -7.8560
v  -1.3103 -22.0306 -7.8560
v  -0.9481 -23.4191 -7.8560
v  -0.9389 -23.4055 -7.8560
v  -1.2587 -22.9231 -7.8560
v  -1.4125 -23.0026 -7.8560
v  -1.5439 -22.1342 -7.8560
v  -0.7050 -22.1342 -7.8560
v  -0.7053 -23.3018 -7.8560
v  -1.5442 -23.3018 -7.8560
v  -1.5283 -23.2989 -7.8560
v  -0.7215 -23.2988 -7.8560
v  -1.5277 -22.1373 -7.8560
v  -0.7209 -22.1371 -7.8560
v  -0.9440 -22.0223 -7.8560
v  -0.9360 -22.0367 -7.8560
v  -1.3052 -23.4137 -7.8560
v  -1.3132 -23.3993 -7.8560
v  -0.7362 -22.1433 -7.8560
v  -1.5130 -23.2927 -7.8560
v  -1.3165 -22.0458 -7.8560
v  -0.9327 -23.3902 -7.8560
v  -1.5128 -22.1434 -7.8560
v  -0.7364 -23.2926 -7.8560
v  -1.4090 -22.4177 -7.8560
v  -1.3194 -22.0617 -7.8560
v  -1.4999 -22.1520 -7.8560
v  -1.3191 -22.0772 -7.8560
v  -1.4895 -22.1623 -7.8560
v  -1.3161 -22.0915 -7.8560
v  -1.4811 -22.1743 -7.8560
v  -1.2579 -22.2819 -7.8560
v  -1.4748 -22.1884 -7.8560
v  -1.4741 -22.1905 -7.8560
v  -1.4115 -22.3953 -7.8560
v  -1.2570 -22.2848 -7.8560
v  -1.2519 -22.2953 -7.8560
v  -1.2447 -22.3050 -7.8560
v  -1.4092 -22.4061 -7.8560
v  -1.2354 -22.3132 -7.8560
v  -0.9312 -22.0521 -7.8560
v  -0.9296 -22.0675 -7.8560
v  -0.7498 -22.1525 -7.8560
v  -0.9308 -22.0821 -7.8560
v  -0.7611 -22.1640 -7.8560
v  -0.9331 -22.0915 -7.8560
v  -0.7696 -22.1770 -7.8560
v  -0.9913 -22.2819 -7.8560
v  -0.7751 -22.1905 -7.8560
v  -0.8377 -22.3953 -7.8560
v  -0.9954 -22.2920 -7.8560
v  -1.0017 -22.3017 -7.8560
v  -0.8382 -22.3971 -7.8560
v  -1.0102 -22.3104 -7.8560
v  -0.8402 -22.4093 -7.8560
v  -0.9298 -23.3743 -7.8560
v  -0.7493 -23.2840 -7.8560
v  -0.9301 -23.3588 -7.8560
v  -0.7597 -23.2737 -7.8560
v  -0.9331 -23.3445 -7.8560
v  -0.7681 -23.2618 -7.8560
v  -0.9913 -23.1541 -7.8560
v  -0.7751 -23.2455 -7.8560
v  -0.8377 -23.0407 -7.8560
v  -0.9973 -23.1407 -7.8560
v  -1.0045 -23.1310 -7.8560
v  -0.8400 -23.0299 -7.8560
v  -1.0138 -23.1228 -7.8560
v  -1.3180 -23.3839 -7.8560
v  -1.3196 -23.3685 -7.8560
v  -1.4994 -23.2835 -7.8560
v  -1.3184 -23.3540 -7.8560
v  -1.4881 -23.2720 -7.8560
v  -1.3161 -23.3445 -7.8560
v  -1.4796 -23.2590 -7.8560
v  -1.2579 -23.1541 -7.8560
v  -1.4741 -23.2455 -7.8560
v  -1.4112 -23.0398 -7.8560
v  -1.2538 -23.1440 -7.8560
v  -1.2475 -23.1343 -7.8560
v  -1.2390 -23.1256 -7.8560
v  -1.0205 -22.3173 -7.8560
v  -1.2287 -23.1187 -7.8560
v  -1.2148 -22.4902 -7.8560
v  -1.2247 -22.3193 -7.8560
v  -1.2131 -22.3230 -7.8560
v  -1.1692 -22.4771 -7.8560
v  -1.2016 -22.3243 -7.8560
v  -1.1907 -22.3235 -7.8560
v  -1.1246 -22.3180 -7.8560
v  -1.1246 -22.4730 -7.8560
v  -1.0585 -22.3235 -7.8560
v  -1.0800 -22.4771 -7.8560
v  -1.0554 -22.3239 -7.8560
v  -1.0344 -22.4902 -7.8560
v  -1.0438 -22.3241 -7.8560
v  -1.0319 -22.3219 -7.8560
v  -0.9905 -22.5129 -7.8560
v  -0.8397 -22.4216 -7.8560
v  -0.9514 -22.5448 -7.8560
v  -0.8368 -22.4334 -7.8560
v  -0.8317 -22.4439 -7.8560
v  -0.8253 -22.4527 -7.8560
v  -0.9195 -22.5839 -7.8560
v  -0.7898 -22.4991 -7.8560
v  -0.7527 -22.5708 -7.8560
v  -0.8968 -22.6278 -7.8560
v  -0.7313 -22.6452 -7.8560
v  -0.8837 -22.6734 -7.8560
v  -0.7246 -22.7180 -7.8560
v  -0.8796 -22.7180 -7.8560
v  -0.7313 -22.7908 -7.8560
v  -0.8837 -22.7626 -7.8560
v  -0.7527 -22.8652 -7.8560
v  -0.8968 -22.8082 -7.8560
v  -0.7898 -22.9369 -7.8560
v  -0.9195 -22.8521 -7.8560
v  -0.8253 -22.9833 -7.8560
v  -0.9514 -22.8912 -7.8560
v  -0.8264 -22.9847 -7.8560
v  -0.8333 -22.9949 -7.8560
v  -0.9905 -22.9231 -7.8560
v  -0.8380 -23.0064 -7.8560
v  -0.8402 -23.0183 -7.8560
v  -1.0344 -22.9458 -7.8560
v  -1.0245 -23.1167 -7.8560
v  -1.0361 -23.1130 -7.8560
v  -1.0800 -22.9589 -7.8560
v  -1.0476 -23.1117 -7.8560
v  -1.0585 -23.1125 -7.8560
v  -1.1246 -23.1180 -7.8560
v  -1.1246 -22.9630 -7.8560
v  -1.1907 -23.1125 -7.8560
v  -1.1692 -22.9589 -7.8560
v  -1.2054 -23.1119 -7.8560
v  -1.2148 -22.9458 -7.8560
v  -1.2173 -23.1141 -7.8560
v  -1.0510 -21.8520 -7.2745
v  -1.1246 -21.8488 -7.2745
v  -1.1291 -21.8488 -7.2745
v  -1.2074 -21.8528 -7.2745
v  -1.2875 -21.8642 -7.2745
v  -1.3686 -21.8838 -7.2745
v  -1.4493 -21.9118 -7.2745
v  -1.5284 -21.9483 -7.2745
v  -1.6046 -21.9934 -7.2745
v  -1.6766 -22.0466 -7.2745
v  -1.7430 -22.1072 -7.2745
v  -1.8027 -22.1743 -7.2745
v  -1.8550 -22.2468 -7.2745
v  -1.8991 -22.3234 -7.2745
v  -1.9346 -22.4028 -7.2745
v  -1.9616 -22.4837 -7.2745
v  -1.9802 -22.5646 -7.2745
v  -1.9907 -22.6446 -7.2745
v  -1.9938 -22.7226 -7.2745
v  -1.9899 -22.8008 -7.2745
v  -1.9784 -22.8810 -7.2745
v  -1.9589 -22.9620 -7.2745
v  -1.9309 -23.0427 -7.2745
v  -1.8943 -23.1219 -7.2745
v  -1.8492 -23.1981 -7.2745
v  -1.7961 -23.2700 -7.2745
v  -1.7355 -23.3364 -7.2745
v  -1.6683 -23.3962 -7.2745
v  -1.5958 -23.4484 -7.2745
v  -1.5192 -23.4925 -7.2745
v  -1.4398 -23.5281 -7.2745
v  -1.3590 -23.5551 -7.2745
v  -1.2780 -23.5736 -7.2745
v  -1.1980 -23.5842 -7.2745
v  -1.1201 -23.5873 -7.2745
v  -1.0420 -23.5833 -7.2745
v  -0.9620 -23.5719 -7.2745
v  -0.8811 -23.5525 -7.2745
v  -0.8004 -23.5246 -7.2745
v  -0.7213 -23.4881 -7.2745
v  -0.6452 -23.4431 -7.2745
v  -0.5732 -23.3900 -7.2745
v  -0.5068 -23.3295 -7.2745
v  -0.4469 -23.2624 -7.2745
v  -0.3946 -23.1899 -7.2745
v  -0.3504 -23.1132 -7.2745
v  -0.3147 -23.0338 -7.2745
v  -0.2877 -22.9528 -7.2745
v  -0.2691 -22.8717 -7.2745
v  -0.2585 -22.7916 -7.2745
v  -0.2554 -22.7135 -7.2745
v  -0.2593 -22.6354 -7.2745
v  -0.2707 -22.5554 -7.2745
v  -0.2902 -22.4745 -7.2745
v  -0.3181 -22.3939 -7.2745
v  -0.3546 -22.3148 -7.2745
v  -0.3996 -22.2386 -7.2745
v  -0.4527 -22.1667 -7.2745
v  -0.5132 -22.1002 -7.2745
v  -0.5803 -22.0404 -7.2745
v  -0.6528 -21.9880 -7.2745
v  -0.7294 -21.9439 -7.2745
v  -0.8089 -21.9082 -7.2745
v  -0.8898 -21.8811 -7.2745
v  -0.9709 -21.8625 -7.2745
v  -1.1246 -21.8334 -7.2619
v  -1.0497 -21.8366 -7.2619
v  -1.0295 -21.6031 -7.2281
v  -1.1246 -21.5991 -7.2281
v  -1.1292 -21.8334 -7.2619
v  -1.1304 -21.5991 -7.2281
v  -1.2089 -21.8374 -7.2619
v  -1.2315 -21.6042 -7.2281
v  -1.2904 -21.8491 -7.2619
v  -1.3350 -21.6189 -7.2281
v  -1.3729 -21.8690 -7.2619
v  -1.4397 -21.6442 -7.2281
v  -1.4551 -21.8975 -7.2619
v  -1.5440 -21.6803 -7.2281
v  -1.5357 -21.9347 -7.2619
v  -1.6462 -21.7276 -7.2281
v  -1.6133 -21.9806 -7.2619
v  -1.7447 -21.7858 -7.2281
v  -1.6865 -22.0347 -7.2619
v  -1.8376 -21.8545 -7.2281
v  -1.7541 -22.0964 -7.2619
v  -1.9234 -21.9328 -7.2281
v  -1.8149 -22.1647 -7.2619
v  -2.0006 -22.0195 -7.2281
v  -1.8681 -22.2385 -7.2619
v  -2.0681 -22.1131 -7.2281
v  -1.9130 -22.3165 -7.2619
v  -2.1250 -22.2121 -7.2281
v  -1.9492 -22.3974 -7.2619
v  -2.1710 -22.3147 -7.2281
v  -1.9767 -22.4797 -7.2619
v  -2.2058 -22.4191 -7.2281
v  -1.9956 -22.5621 -7.2619
v  -2.2298 -22.5237 -7.2281
v  -2.0063 -22.6435 -7.2619
v  -2.2434 -22.6270 -7.2281
v  -2.0094 -22.7229 -7.2619
v  -2.2474 -22.7277 -7.2281
v  -2.0054 -22.8025 -7.2619
v  -2.2423 -22.8288 -7.2281
v  -1.9938 -22.8841 -7.2619
v  -2.2275 -22.9323 -7.2281
v  -1.9739 -22.9666 -7.2619
v  -2.2023 -23.0370 -7.2281
v  -1.9454 -23.0488 -7.2619
v  -2.1662 -23.1413 -7.2281
v  -1.9082 -23.1294 -7.2619
v  -2.1189 -23.2435 -7.2281
v  -1.8623 -23.2069 -7.2619
v  -2.0607 -23.3420 -7.2281
v  -1.8082 -23.2802 -7.2619
v  -1.9920 -23.4349 -7.2281
v  -1.7465 -23.3478 -7.2619
v  -1.9137 -23.5207 -7.2281
v  -1.6781 -23.4086 -7.2619
v  -1.8270 -23.5979 -7.2281
v  -1.6043 -23.4618 -7.2619
v  -1.7334 -23.6654 -7.2281
v  -1.5263 -23.5067 -7.2619
v  -1.6344 -23.7223 -7.2281
v  -1.4455 -23.5429 -7.2619
v  -1.5318 -23.7683 -7.2281
v  -1.3632 -23.5704 -7.2619
v  -1.4274 -23.8031 -7.2281
v  -1.2808 -23.5892 -7.2619
v  -1.3228 -23.8271 -7.2281
v  -1.1994 -23.6000 -7.2619
v  -1.2195 -23.8407 -7.2281
v  -1.1200 -23.6031 -7.2619
v  -1.1188 -23.8447 -7.2281
v  -1.0405 -23.5991 -7.2619
v  -1.0179 -23.8397 -7.2281
v  -0.9591 -23.5875 -7.2619
v  -0.9145 -23.8249 -7.2281
v  -0.8767 -23.5677 -7.2619
v  -0.8100 -23.7998 -7.2281
v  -0.7946 -23.5393 -7.2619
v  -0.7059 -23.7637 -7.2281
v  -0.7141 -23.5022 -7.2619
v  -0.6037 -23.7166 -7.2281
v  -0.6366 -23.4564 -7.2619
v  -0.5053 -23.6585 -7.2281
v  -0.5633 -23.4023 -7.2619
v  -0.4124 -23.5899 -7.2281
v  -0.4957 -23.3407 -7.2619
v  -0.3265 -23.5117 -7.2281
v  -0.4347 -23.2724 -7.2619
v  -0.2492 -23.4251 -7.2281
v  -0.3815 -23.1986 -7.2619
v  -0.1816 -23.3314 -7.2281
v  -0.3365 -23.1206 -7.2619
v  -0.1245 -23.2324 -7.2281
v  -0.3002 -23.0397 -7.2619
v  -0.0785 -23.1298 -7.2281
v  -0.2726 -22.9573 -7.2619
v  -0.0435 -23.0252 -7.2281
v  -0.2537 -22.8748 -7.2619
v  -0.0195 -22.9205 -7.2281
v  -0.2429 -22.7932 -7.2619
v  -0.0058 -22.8170 -7.2281
v  -0.2398 -22.7137 -7.2619
v  -0.0018 -22.7161 -7.2281
v  -0.2437 -22.6342 -7.2619
v  -0.0068 -22.6152 -7.2281
v  -0.2554 -22.5527 -7.2619
v  -0.0216 -22.5118 -7.2281
v  -0.2752 -22.4704 -7.2619
v  -0.0467 -22.4073 -7.2281
v  -0.3036 -22.3883 -7.2619
v  -0.0828 -22.3032 -7.2281
v  -0.3407 -22.3078 -7.2619
v  -0.1299 -22.2010 -7.2281
v  -0.3865 -22.2302 -7.2619
v  -0.1880 -22.1026 -7.2281
v  -0.4405 -22.1570 -7.2619
v  -0.2566 -22.0096 -7.2281
v  -0.5022 -22.0893 -7.2619
v  -0.3348 -21.9238 -7.2281
v  -0.5705 -22.0284 -7.2619
v  -0.4214 -21.8465 -7.2281
v  -0.6443 -21.9751 -7.2619
v  -0.5151 -21.7789 -7.2281
v  -0.7223 -21.9302 -7.2619
v  -0.6141 -21.7218 -7.2281
v  -0.8032 -21.8939 -7.2619
v  -0.7167 -21.6758 -7.2281
v  -0.8856 -21.8663 -7.2619
v  -0.8213 -21.6408 -7.2281
v  -0.9681 -21.8474 -7.2619
v  -0.9260 -21.6168 -7.2281
v  -1.0507 -21.8476 -7.2693
v  -1.0502 -21.8427 -7.2648
v  -1.1246 -21.8395 -7.2648
v  -1.1246 -21.8445 -7.2693
v  -1.1292 -21.8395 -7.2648
v  -1.1292 -21.8445 -7.2693
v  -1.2083 -21.8435 -7.2648
v  -1.2078 -21.8485 -7.2693
v  -1.2893 -21.8551 -7.2648
v  -1.2884 -21.8600 -7.2693
v  -1.3712 -21.8748 -7.2648
v  -1.3698 -21.8796 -7.2693
v  -1.4528 -21.9031 -7.2648
v  -1.4509 -21.9077 -7.2693
v  -1.5328 -21.9401 -7.2648
v  -1.5305 -21.9445 -7.2693
v  -1.6099 -21.9857 -7.2648
v  -1.6071 -21.9898 -7.2693
v  -1.6826 -22.0394 -7.2648
v  -1.6794 -22.0433 -7.2693
v  -1.7497 -22.1007 -7.2648
v  -1.7461 -22.1042 -7.2693
v  -1.8101 -22.1685 -7.2648
v  -1.8062 -22.1716 -7.2693
v  -1.8629 -22.2418 -7.2648
v  -1.8587 -22.2445 -7.2693
v  -1.9075 -22.3193 -7.2648
v  -1.9030 -22.3215 -7.2693
v  -1.9435 -22.3995 -7.2648
v  -1.9387 -22.4013 -7.2693
v  -1.9707 -22.4812 -7.2648
v  -1.9659 -22.4825 -7.2693
v  -1.9895 -22.5631 -7.2648
v  -1.9845 -22.5639 -7.2693
v  -2.0001 -22.6439 -7.2648
v  -1.9951 -22.6443 -7.2693
v  -2.0033 -22.7228 -7.2648
v  -1.9982 -22.7227 -7.2693
v  -1.9993 -22.8019 -7.2648
v  -1.9942 -22.8013 -7.2693
v  -1.9877 -22.8829 -7.2648
v  -1.9827 -22.8819 -7.2693
v  -1.9680 -22.9648 -7.2648
v  -1.9631 -22.9633 -7.2693
v  -1.9397 -23.0464 -7.2648
v  -1.9350 -23.0444 -7.2693
v  -1.9027 -23.1264 -7.2648
v  -1.8982 -23.1240 -7.2693
v  -1.8572 -23.2035 -7.2648
v  -1.8529 -23.2006 -7.2693
v  -1.8034 -23.2762 -7.2648
v  -1.7995 -23.2729 -7.2693
v  -1.7421 -23.3433 -7.2648
v  -1.7386 -23.3396 -7.2693
v  -1.6743 -23.4037 -7.2648
v  -1.6711 -23.3997 -7.2693
v  -1.6010 -23.4565 -7.2648
v  -1.5982 -23.4522 -7.2693
v  -1.5235 -23.5011 -7.2648
v  -1.5212 -23.4965 -7.2693
v  -1.4433 -23.5371 -7.2648
v  -1.4414 -23.5323 -7.2693
v  -1.3616 -23.5643 -7.2648
v  -1.3602 -23.5594 -7.2693
v  -1.2797 -23.5831 -7.2648
v  -1.2788 -23.5780 -7.2693
v  -1.1988 -23.5938 -7.2648
v  -1.1984 -23.5886 -7.2693
v  -1.1200 -23.5969 -7.2648
v  -1.1200 -23.5917 -7.2693
v  -1.0411 -23.5929 -7.2648
v  -1.0416 -23.5878 -7.2693
v  -0.9602 -23.5814 -7.2648
v  -0.9611 -23.5763 -7.2693
v  -0.8784 -23.5617 -7.2648
v  -0.8798 -23.5567 -7.2693
v  -0.7969 -23.5335 -7.2648
v  -0.7988 -23.5287 -7.2693
v  -0.7170 -23.4966 -7.2648
v  -0.7193 -23.4920 -7.2693
v  -0.6399 -23.4511 -7.2648
v  -0.6427 -23.4468 -7.2693
v  -0.5672 -23.3975 -7.2648
v  -0.5704 -23.3935 -7.2693
v  -0.5000 -23.3363 -7.2648
v  -0.5036 -23.3326 -7.2693
v  -0.4395 -23.2685 -7.2648
v  -0.4435 -23.2652 -7.2693
v  -0.3866 -23.1952 -7.2648
v  -0.3909 -23.1923 -7.2693
v  -0.3420 -23.1177 -7.2648
v  -0.3465 -23.1153 -7.2693
v  -0.3059 -23.0374 -7.2648
v  -0.3106 -23.0354 -7.2693
v  -0.2786 -22.9556 -7.2648
v  -0.2835 -22.9541 -7.2693
v  -0.2598 -22.8736 -7.2648
v  -0.2647 -22.8726 -7.2693
v  -0.2491 -22.7926 -7.2648
v  -0.2541 -22.7921 -7.2693
v  -0.2459 -22.7136 -7.2648
v  -0.2510 -22.7135 -7.2693
v  -0.2499 -22.6347 -7.2648
v  -0.2549 -22.6351 -7.2693
v  -0.2614 -22.5538 -7.2648
v  -0.2664 -22.5547 -7.2693
v  -0.2811 -22.4720 -7.2648
v  -0.2860 -22.4733 -7.2693
v  -0.3093 -22.3905 -7.2648
v  -0.3140 -22.3923 -7.2693
v  -0.3462 -22.3105 -7.2648
v  -0.3507 -22.3128 -7.2693
v  -0.3917 -22.2335 -7.2648
v  -0.3959 -22.2362 -7.2693
v  -0.4453 -22.1608 -7.2648
v  -0.4493 -22.1639 -7.2693
v  -0.5065 -22.0936 -7.2648
v  -0.5101 -22.0972 -7.2693
v  -0.5743 -22.0331 -7.2648
v  -0.5775 -22.0370 -7.2693
v  -0.6476 -21.9802 -7.2648
v  -0.6504 -21.9844 -7.2693
v  -0.7251 -21.9356 -7.2648
v  -0.7274 -21.9400 -7.2693
v  -0.8054 -21.8995 -7.2648
v  -0.8073 -21.9042 -7.2693
v  -0.8872 -21.8722 -7.2648
v  -0.8886 -21.8770 -7.2693
v  -0.9692 -21.8534 -7.2648
v  -0.9701 -21.8583 -7.2693
v  -0.4107 -25.7790 5.1509
v  -0.4188 -25.7314 5.1364
v  -0.6341 -25.7358 5.2360
v  -0.6249 -25.7829 5.2489
v  -0.6524 -25.7097 5.1983
v  -0.8585 -25.7111 5.2563
v  -0.8445 -25.7343 5.2928
v  -0.8892 -25.7863 5.3114
v  -0.8809 -25.7337 5.2919
v  -0.9861 -25.7263 5.2652
v  -0.9929 -25.7746 5.2816
v  -0.9757 -25.6993 5.2226
v  -1.1246 -25.6941 5.2078
v  -1.1246 -25.7182 5.2480
v  -0.4395 -25.7050 5.0988
v  -0.2093 -25.7277 4.9957
v  -0.2340 -25.7008 4.9616
v  -0.0439 -25.7180 4.8309
v  -0.0693 -25.6952 4.8009
v  -0.0266 -25.7165 4.7990
v  0.0025 -25.7064 4.6950
v  -0.0404 -25.6805 4.6833
v  0.0595 -25.6976 4.5678
v  0.0212 -25.6711 4.5466
v  0.1413 -25.6980 4.4547
v  0.1089 -25.6715 4.4248
v  0.2171 -25.7018 4.3771
v  0.1968 -25.6791 4.3403
v  0.2361 -25.7011 4.3462
v  0.2944 -25.6976 4.1316
v  0.2536 -25.6714 4.1174
v  0.3158 -25.6890 3.8836
v  0.2731 -25.6632 3.8845
v  -0.8466 -25.7848 5.3150
v  -1.1246 -25.7694 5.2685
v  -0.1990 -25.7742 5.0110
v  -0.0222 -25.7682 4.8393
v  -0.0040 -25.7685 4.8006
v  0.0216 -25.7542 4.6966
v  0.0760 -25.7452 4.5757
v  0.1536 -25.7462 4.4680
v  0.2314 -25.7542 4.3932
v  0.2557 -25.7514 4.3582
v  0.3123 -25.7438 4.1412
v  0.3349 -25.7347 3.8820
v  -0.8277 -26.3567 5.3320
v  -0.5957 -26.3543 5.2654
v  -0.3746 -26.3507 5.1608
v  -1.1246 -26.3548 5.2787
v  -1.0188 -26.3551 5.2871
v  -0.8725 -26.3540 5.3279
v  -0.1734 -26.3458 5.0217
v  0.0003 -26.3400 4.8542
v  0.0190 -26.3362 4.8139
v  0.0400 -26.3352 4.7164
v  0.1026 -26.3301 4.5706
v  0.1624 -26.3266 4.4836
v  0.2717 -26.3209 4.3766
v  0.2972 -26.3220 4.3403
v  0.3555 -26.3139 4.1062
v  -0.9548 -25.6774 5.1250
v  -1.1246 -25.6778 5.1366
v  -0.4398 -25.6707 4.9328
v  -0.6065 -25.6739 5.0244
v  -1.1246 -25.5132 3.8897
v  -0.1951 -25.5850 3.9716
v  -0.1913 -25.5821 3.8873
v  0.1217 -25.6380 3.9984
v  0.0937 -25.6441 4.1718
v  0.0389 -25.6502 4.3463
v  -0.0436 -25.6561 4.5160
v  -0.1531 -25.6617 4.6743
v  -0.2867 -25.6666 4.8149
v  -0.8678 -25.6134 4.7845
v  -0.7382 -25.6117 4.7368
v  -0.9980 -25.6144 4.8119
v  -1.1246 -25.6147 4.8205
v  -0.6139 -25.6093 4.6685
v  0.1268 -25.6341 3.8855
v  -0.2160 -25.5895 4.1009
v  -0.2568 -25.5941 4.2311
v  -0.3184 -25.5985 4.3577
v  -0.4000 -25.6026 4.4757
v  -0.4997 -25.6063 4.5806
v  -0.7803 -25.6761 5.0883
v  -1.8385 -25.7790 5.1509
v  -1.6243 -25.7829 5.2489
v  -1.6151 -25.7358 5.2360
v  -1.8304 -25.7314 5.1364
v  -1.5968 -25.7097 5.1983
v  -1.4047 -25.7343 5.2928
v  -1.3907 -25.7111 5.2563
v  -1.3600 -25.7863 5.3114
v  -1.2563 -25.7746 5.2816
v  -1.2631 -25.7263 5.2652
v  -1.3683 -25.7337 5.2919
v  -1.2735 -25.6993 5.2226
v  -1.8097 -25.7050 5.0988
v  -2.0152 -25.7008 4.9616
v  -2.0399 -25.7277 4.9957
v  -2.1799 -25.6952 4.8009
v  -2.2053 -25.7180 4.8309
v  -2.2088 -25.6805 4.6833
v  -2.2517 -25.7064 4.6950
v  -2.2226 -25.7165 4.7990
v  -2.2704 -25.6711 4.5466
v  -2.3087 -25.6976 4.5678
v  -2.3581 -25.6715 4.4248
v  -2.3905 -25.6980 4.4547
v  -2.4460 -25.6791 4.3403
v  -2.4663 -25.7018 4.3771
v  -2.5028 -25.6714 4.1174
v  -2.5436 -25.6976 4.1316
v  -2.4853 -25.7011 4.3462
v  -2.5223 -25.6632 3.8845
v  -2.5650 -25.6890 3.8836
v  -1.4026 -25.7848 5.3150
v  -2.0502 -25.7742 5.0110
v  -2.2270 -25.7682 4.8393
v  -2.2708 -25.7542 4.6966
v  -2.2452 -25.7685 4.8006
v  -2.3252 -25.7452 4.5757
v  -2.4028 -25.7462 4.4680
v  -2.4806 -25.7542 4.3932
v  -2.5615 -25.7438 4.1412
v  -2.5049 -25.7514 4.3582
v  -2.5841 -25.7347 3.8820
v  -1.6535 -26.3543 5.2654
v  -1.4215 -26.3567 5.3320
v  -1.8746 -26.3507 5.1608
v  -1.2304 -26.3551 5.2871
v  -1.3767 -26.3540 5.3279
v  -2.0758 -26.3458 5.0217
v  -2.2495 -26.3400 4.8542
v  -2.2682 -26.3362 4.8139
v  -2.3518 -26.3301 4.5706
v  -2.2892 -26.3352 4.7164
v  -2.4116 -26.3266 4.4836
v  -2.5209 -26.3209 4.3766
v  -2.5464 -26.3220 4.3403
v  -2.6047 -26.3139 4.1062
v  -1.2944 -25.6774 5.1250
v  -1.6427 -25.6739 5.0244
v  -1.8094 -25.6707 4.9328
v  -2.0579 -25.5821 3.8873
v  -2.0541 -25.5850 3.9716
v  -2.3429 -25.6441 4.1718
v  -2.3709 -25.6380 3.9984
v  -2.2881 -25.6502 4.3463
v  -2.2056 -25.6561 4.5160
v  -2.0961 -25.6616 4.6743
v  -1.9625 -25.6666 4.8149
v  -1.5110 -25.6117 4.7368
v  -1.3814 -25.6134 4.7845
v  -1.2512 -25.6144 4.8119
v  -1.6353 -25.6093 4.6685
v  -2.3760 -25.6341 3.8855
v  -2.0332 -25.5895 4.1009
v  -1.9924 -25.5941 4.2311
v  -1.9308 -25.5985 4.3577
v  -1.8492 -25.6026 4.4757
v  -1.7495 -25.6063 4.5806
v  -1.4689 -25.6761 5.0883
v  0.3754 -26.3053 3.8620
v  -2.6246 -26.3053 3.8620
v  -0.4107 -25.6904 2.6130
v  -0.6249 -25.6875 2.5150
v  -0.6341 -25.6413 2.5312
v  -0.4188 -25.6439 2.6308
v  -0.6524 -25.6180 2.5706
v  -0.8445 -25.6358 2.4746
v  -0.8585 -25.6153 2.5126
v  -0.8892 -25.6864 2.4524
v  -0.9929 -25.6768 2.4829
v  -0.9861 -25.6298 2.5027
v  -0.8809 -25.6354 2.4755
v  -0.9757 -25.6059 2.5470
v  -1.1246 -25.6229 2.5204
v  -1.1246 -25.6018 2.5622
v  -0.4395 -25.6202 2.6701
v  -0.2340 -25.6256 2.8073
v  -0.2093 -25.6500 2.7714
v  -0.0693 -25.6312 2.9680
v  -0.0439 -25.6519 2.9365
v  -0.0404 -25.6248 3.0864
v  0.0025 -25.6498 3.0728
v  -0.0266 -25.6526 2.9684
v  0.0212 -25.6248 3.2234
v  0.0595 -25.6498 3.2004
v  0.1089 -25.6338 3.3448
v  0.1413 -25.6581 3.3131
v  0.1968 -25.6473 3.4286
v  0.2171 -25.6673 3.3903
v  0.2536 -25.6551 3.6515
v  0.2944 -25.6803 3.6356
v  0.2361 -25.6688 3.4212
v  -0.8466 -25.6847 2.4489
v  -1.1246 -25.6726 2.4964
v  -0.1990 -25.6953 2.7529
v  -0.0222 -25.7013 2.9246
v  0.0216 -25.6973 3.0680
v  -0.0040 -25.7043 2.9632
v  0.0760 -25.6968 3.1892
v  0.1536 -25.7053 3.2966
v  0.2314 -25.7185 3.3706
v  0.3123 -25.7257 3.6227
v  0.2557 -25.7181 3.4058
v  -0.5957 -26.2563 2.4587
v  -0.8277 -26.2540 2.3921
v  -0.3746 -26.2600 2.5633
v  -1.0188 -26.2556 2.4370
v  -1.1246 -26.2559 2.4454
v  -0.8725 -26.2516 2.3964
v  -0.1734 -26.2648 2.7024
v  0.0003 -26.2707 2.8699
v  0.0190 -26.2697 2.9104
v  0.1026 -26.2806 3.1534
v  0.0400 -26.2755 3.0076
v  0.1624 -26.2832 3.2405
v  0.2717 -26.2850 3.3476
v  0.2972 -26.2886 3.3837
v  0.3555 -26.2968 3.6179
v  -1.1246 -25.5904 2.6343
v  -0.9548 -25.5908 2.6459
v  -0.6065 -25.5943 2.7465
v  -0.4398 -25.5975 2.8382
v  -0.1951 -25.5791 3.8030
v  0.0937 -25.6241 3.5992
v  0.1217 -25.6302 3.7726
v  0.0389 -25.6180 3.4246
v  -0.0436 -25.6121 3.2549
v  -0.1531 -25.6066 3.0967
v  -0.2867 -25.6016 2.9561
v  -0.7382 -25.5524 3.0377
v  -0.8678 -25.5507 2.9901
v  -0.9980 -25.5498 2.9627
v  -1.1246 -25.5495 2.9541
v  -0.6139 -25.5548 3.1061
v  -0.2160 -25.5746 3.6736
v  -0.2568 -25.5701 3.5434
v  -0.3184 -25.5656 3.4169
v  -0.4000 -25.5615 3.2989
v  -0.4997 -25.5579 3.1940
v  -0.7803 -25.5921 2.6826
v  -1.8385 -25.6904 2.6130
v  -1.8304 -25.6439 2.6308
v  -1.6151 -25.6413 2.5312
v  -1.6243 -25.6875 2.5150
v  -1.5968 -25.6180 2.5706
v  -1.3907 -25.6153 2.5126
v  -1.4047 -25.6358 2.4746
v  -1.3600 -25.6864 2.4524
v  -1.3683 -25.6354 2.4755
v  -1.2631 -25.6298 2.5027
v  -1.2563 -25.6768 2.4829
v  -1.2735 -25.6059 2.5470
v  -1.8097 -25.6202 2.6701
v  -2.0399 -25.6500 2.7714
v  -2.0152 -25.6256 2.8073
v  -2.2053 -25.6519 2.9365
v  -2.1799 -25.6312 2.9680
v  -2.2226 -25.6526 2.9684
v  -2.2517 -25.6498 3.0728
v  -2.2088 -25.6248 3.0864
v  -2.3087 -25.6498 3.2004
v  -2.2704 -25.6248 3.2234
v  -2.3905 -25.6581 3.3131
v  -2.3581 -25.6338 3.3448
v  -2.4663 -25.6673 3.3903
v  -2.4460 -25.6473 3.4286
v  -2.4853 -25.6688 3.4212
v  -2.5436 -25.6803 3.6356
v  -2.5028 -25.6551 3.6515
v  -1.4026 -25.6847 2.4489
v  -2.0502 -25.6953 2.7529
v  -2.2270 -25.7013 2.9246
v  -2.2452 -25.7043 2.9632
v  -2.2708 -25.6973 3.0680
v  -2.3252 -25.6968 3.1892
v  -2.4028 -25.7053 3.2966
v  -2.4806 -25.7185 3.3706
v  -2.5049 -25.7181 3.4058
v  -2.5615 -25.7257 3.6227
v  -1.4215 -26.2540 2.3921
v  -1.6535 -26.2563 2.4587
v  -1.8746 -26.2600 2.5633
v  -1.2304 -26.2556 2.4370
v  -1.3767 -26.2516 2.3964
v  -2.0758 -26.2648 2.7024
v  -2.2495 -26.2707 2.8699
v  -2.2682 -26.2697 2.9104
v  -2.2892 -26.2755 3.0076
v  -2.3518 -26.2806 3.1534
v  -2.4116 -26.2832 3.2405
v  -2.5209 -26.2850 3.3476
v  -2.5464 -26.2886 3.3837
v  -2.6047 -26.2968 3.6179
v  -1.2944 -25.5908 2.6459
v  -1.8094 -25.5975 2.8382
v  -1.6427 -25.5943 2.7465
v  -2.0541 -25.5791 3.8030
v  -2.3709 -25.6302 3.7726
v  -2.3429 -25.6241 3.5992
v  -2.2881 -25.6180 3.4246
v  -2.2056 -25.6121 3.2549
v  -2.0961 -25.6066 3.0967
v  -1.9625 -25.6016 2.9561
v  -1.3814 -25.5507 2.9901
v  -1.5110 -25.5524 3.0377
v  -1.2512 -25.5498 2.9627
v  -1.6353 -25.5548 3.1061
v  -2.0332 -25.5746 3.6736
v  -1.9924 -25.5701 3.5434
v  -1.9308 -25.5656 3.4169
v  -1.8492 -25.5615 3.2989
v  -1.7495 -25.5579 3.1940
v  -1.4689 -25.5921 2.6826
v  -1.2906 -25.7891 3.9781
v  -1.3016 -25.7883 3.9564
v  -1.3016 -26.4166 3.9564
v  -1.2906 -26.4173 3.9781
v  -1.3100 -25.7875 3.9326
v  -1.3100 -26.4158 3.9326
v  -1.3153 -25.7866 3.9072
v  -1.3153 -26.4149 3.9072
v  -1.3171 -25.7857 3.8807
v  -1.3171 -26.4139 3.8807
v  -1.3139 -25.7845 3.8457
v  -1.3139 -26.4127 3.8457
v  -1.3036 -25.7832 3.8099
v  -1.3036 -26.4115 3.8099
v  -1.2857 -25.7820 3.7754
v  -1.2857 -26.4103 3.7754
v  -1.2607 -25.7809 3.7447
v  -1.2607 -26.4092 3.7447
v  -1.2299 -25.7801 3.7197
v  -1.2299 -26.4083 3.7197
v  -1.1955 -25.7794 3.7018
v  -1.1955 -26.4077 3.7018
v  -1.1596 -25.7791 3.6915
v  -1.1596 -26.4073 3.6915
v  -1.1246 -25.7790 3.6883
v  -1.1246 -26.4072 3.6883
v  -1.0896 -25.7791 3.6915
v  -1.0896 -26.4073 3.6915
v  -1.0537 -25.7794 3.7018
v  -1.0537 -26.4077 3.7018
v  -1.0193 -25.7801 3.7197
v  -1.0193 -26.4083 3.7197
v  -0.9885 -25.7809 3.7447
v  -0.9885 -26.4092 3.7447
v  -0.9635 -25.7820 3.7754
v  -0.9635 -26.4103 3.7754
v  -0.9456 -25.7832 3.8099
v  -0.9456 -26.4115 3.8099
v  -0.9353 -25.7845 3.8457
v  -0.9353 -26.4127 3.8457
v  -0.9321 -25.7857 3.8807
v  -0.9321 -26.4139 3.8807
v  -0.9353 -25.7869 3.9157
v  -0.9353 -26.4152 3.9157
v  -0.9456 -25.7881 3.9515
v  -0.9456 -26.4164 3.9515
v  -0.9586 -25.7891 3.9781
v  -0.9586 -26.4173 3.9781
v  -12.1422 26.5113 6.9152
v  -12.4746 25.6093 6.8759
v  10.2727 26.5120 6.9154
v  10.3483 25.6088 6.8773
# 6329 vertices

vn 0.0347 -0.0065 0.9994
vn 0.1208 -0.0227 0.9924
vn 0.1139 -0.0453 0.9925
vn 0.0324 -0.0139 0.9994
vn 0.9724 0.1907 0.1346
vn 0.8995 0.1725 0.4015
vn 0.9020 0.0852 0.4232
vn 0.9845 0.0964 0.1462
vn 0.8879 0.4427 0.1250
vn 0.8346 0.4212 0.3550
vn 0.6584 0.7408 0.1334
vn 0.6060 0.6978 0.3819
vn 0.3320 0.9330 0.1390
vn 0.3170 0.8706 0.3764
vn 0.0812 0.9876 0.1340
vn 0.0924 0.9094 0.4056
vn 0.0032 0.9895 0.1444
vn 0.0120 0.9043 0.4268
vn 0.0024 0.9910 0.1337
vn 0.0090 0.9150 0.4033
vn -0.0000 -0.9128 0.4083
vn -0.0000 -0.9124 0.4093
vn 0.0002 -0.8259 0.5639
vn -0.0000 -0.8281 0.5606
vn 0.0920 -0.9120 0.3997
vn 0.0889 -0.8364 0.5409
vn 0.3366 -0.8535 0.3978
vn 0.3316 -0.7623 0.5559
vn 0.6180 -0.6988 0.3601
vn 0.5816 -0.5929 0.5570
vn 0.8655 -0.4231 0.2682
vn 0.7826 -0.3683 0.5018
vn 0.9759 -0.1649 0.1428
vn 0.9090 -0.1760 0.3778
vn 0.9839 -0.0676 0.1653
vn 0.8836 -0.0708 0.4629
vn 0.9848 -0.0438 0.1678
vn 0.8823 -0.0495 0.4680
vn 0.9854 -0.0227 0.1688
vn 0.8820 -0.0305 0.4703
vn 0.9861 -0.0014 0.1663
vn 0.8853 -0.0111 0.4649
vn 0.9862 0.0237 0.1640
vn 0.8875 0.0121 0.4606
vn 0.9854 0.0497 0.1629
vn 0.8887 0.0368 0.4570
vn 0.9862 0.0756 0.1475
vn 0.9020 0.0636 0.4269
vn 0.6754 0.1484 0.7223
vn 0.3947 0.1221 0.9106
vn 0.3884 0.0317 0.9209
vn 0.6791 0.0608 0.7315
vn 0.6661 0.3469 0.6602
vn 0.4025 0.2439 0.8823
vn 0.4849 0.5145 0.7072
vn 0.3008 0.3049 0.9036
vn 0.3314 0.6735 0.6607
vn 0.2319 0.3938 0.8895
vn 0.1063 0.6787 0.7267
vn 0.1114 0.3877 0.9150
vn 0.0319 0.1176 0.9926
vn 0.1407 0.1225 0.9824
vn 0.0315 0.3728 0.9274
vn -0.0027 0.6937 0.7203
vn -0.0045 0.4065 0.9136
vn 0.0216 0.4038 0.9146
vn 0.0164 0.7037 0.7103
vn 0.0041 -0.1247 0.9922
vn -0.0000 -0.1269 0.9919
vn -0.0000 -0.3476 0.9376
vn 0.0049 -0.3417 0.9398
vn 0.1055 -0.1294 0.9860
vn 0.0468 -0.3930 0.9184
vn 0.2511 -0.5712 0.7814
vn 0.1509 -0.3373 0.9292
vn 0.0657 -0.6447 0.7616
vn 0.4357 -0.4117 0.8004
vn 0.2477 -0.2380 0.9391
vn 0.5776 -0.2527 0.7762
vn 0.3287 -0.1438 0.9334
vn 0.7102 -0.1592 0.6858
vn 0.4172 -0.1025 0.9030
vn 0.6473 -0.0657 0.7594
vn 0.3562 -0.0543 0.9328
vn 0.1120 -0.0365 0.9930
vn 0.1134 -0.0397 0.9928
vn 0.3524 -0.0441 0.9348
vn 0.1077 -0.0338 0.9936
vn 0.3424 -0.0361 0.9388
vn 0.1177 -0.0308 0.9926
vn 0.3591 -0.0278 0.9329
vn 0.1192 -0.0260 0.9925
vn 0.3595 -0.0171 0.9330
vn 0.1263 -0.0191 0.9918
vn 0.3680 -0.0041 0.9298
vn 0.1375 -0.0076 0.9905
vn 0.3849 0.0137 0.9228
vn 0.6782 0.0401 0.7338
vn 0.9943 0.0986 0.0396
vn 0.9944 0.0986 0.0392
vn 0.9745 0.2203 0.0416
vn 0.9752 0.2176 0.0415
vn 0.8616 0.5053 0.0478
vn 0.8656 0.4984 0.0476
vn 0.9963 0.0774 0.0385
vn 0.9963 0.0773 0.0385
vn 0.9978 0.0531 0.0389
vn 0.9978 0.0531 0.0386
vn 0.9989 0.0276 0.0386
vn 0.9992 0.0034 0.0388
vn 0.9991 -0.0184 0.0387
vn 0.9991 -0.0184 0.0385
vn 0.9984 -0.0405 0.0390
vn 0.9984 -0.0405 0.0385
vn 0.9970 -0.0671 0.0391
vn 0.9970 -0.0677 0.0387
vn 0.9790 -0.1879 0.0794
vn 0.9777 -0.1939 0.0804
vn 0.9970 -0.0669 0.0394
vn -0.0000 -0.9272 0.3746
vn 0.0000 -0.9272 0.3746
vn 0.0859 -0.9237 0.3733
vn 0.0863 -0.9237 0.3732
vn 0.0813 0.9960 0.0376
vn 0.0809 0.9960 0.0376
vn 0.0000 0.9994 0.0349
vn 0.3252 0.9446 0.0443
vn 0.3223 0.9456 0.0442
vn 0.6267 0.7777 0.0490
vn 0.6205 0.7827 0.0490
vn 0.8703 -0.4564 0.1849
vn 0.8685 -0.4594 0.1861
vn 0.6396 -0.7126 0.2883
vn 0.6428 -0.7101 0.2874
vn 0.3420 -0.8712 0.3522
vn 0.3432 -0.8708 0.3520
vn 0.0358 0.0010 0.9994
vn 0.1229 -0.0001 0.9924
vn 0.0349 0.0071 0.9994
vn 0.1205 0.0226 0.9925
vn 0.0321 0.0143 0.9994
vn 0.1141 0.0454 0.9924
vn 0.0298 0.0260 0.9992
vn 0.1035 0.0675 0.9923
vn 0.0311 0.0397 0.9987
vn 0.0918 0.0920 0.9915
vn -0.0000 0.9899 0.1415
vn -0.0013 0.9093 0.4161
vn 0.0241 0.1060 0.9941
vn 0.0281 0.0552 0.9981
vn 0.0734 0.1100 0.9912
vn 0.0189 0.0403 0.9990
vn 0.0249 0.1266 0.9916
vn 0.0492 0.1225 0.9912
vn 0.0268 0.0727 0.9970
vn 0.1023 -0.0669 0.9925
vn 0.0294 -0.0205 0.9994
vn 0.0865 -0.0864 0.9925
vn 0.0248 -0.0257 0.9994
vn 0.0671 -0.1024 0.9925
vn 0.0191 -0.0296 0.9994
vn 0.0129 -0.0324 0.9994
vn 0.0127 -0.0326 0.9994
vn 0.0148 -0.0316 0.9994
vn 0.0067 -0.0343 0.9994
vn 0.0108 -0.0332 0.9994
vn 0.0092 -0.0337 0.9994
vn 0.0071 -0.0350 0.9994
vn 0.0042 -0.0346 0.9994
vn 0.0001 -0.0349 0.9994
vn -0.0000 -0.0349 0.9994
vn 0.0231 -0.1233 0.9921
vn 0.0725 -0.3861 0.9196
vn 0.0000 -0.3862 0.9224
vn 0.0000 -0.1232 0.9924
vn 0.0454 -0.1141 0.9924
vn 0.1433 -0.3586 0.9224
vn 0.2130 -0.3222 0.9224
vn 0.2744 -0.2708 0.9227
vn 0.3237 -0.2091 0.9227
vn 0.3597 -0.1415 0.9223
vn 0.3811 -0.0711 0.9218
vn 0.3861 -0.0022 0.9225
vn 0.3799 0.0686 0.9225
vn 0.3594 0.1433 0.9221
vn 0.3203 0.2131 0.9230
vn 0.2713 0.2758 0.9221
vn 0.2092 0.3239 0.9227
vn 0.1381 0.3494 0.9267
vn 0.0715 0.3612 0.9297
vn 0.0005 0.1237 0.9923
vn 0.0012 0.3930 0.9195
vn 0.1171 -0.6231 0.7733
vn 0.0000 -0.6325 0.7746
vn 0.2340 -0.5874 0.7748
vn 0.3461 -0.5290 0.7748
vn 0.4467 -0.4479 0.7745
vn 0.5286 -0.3475 0.7745
vn 0.5876 -0.2347 0.7744
vn 0.6220 -0.1171 0.7742
vn 0.6324 0.0009 0.7746
vn 0.6214 0.1176 0.7746
vn 0.5874 0.2339 0.7748
vn 0.5293 0.3456 0.7749
vn 0.4475 0.4466 0.7748
vn 0.3469 0.5305 0.7734
vn 0.2339 0.5864 0.7755
vn 0.1155 0.6186 0.7772
vn 0.0000 0.6325 0.7746
vn 0.0000 -0.9026 0.4305
vn 0.0067 -0.8197 0.5728
vn 0.0927 -0.8184 0.5672
vn 0.0853 -0.9001 0.4272
vn -0.0000 -0.9032 0.4293
vn 0.0002 -0.8183 0.5749
vn -0.0003 -0.8188 0.5740
vn 0.0000 -0.9032 0.4293
vn 0.9798 -0.1841 0.0777
vn 0.8673 -0.4526 0.2072
vn 0.8685 -0.4176 0.2670
vn 0.9797 -0.1775 0.0928
vn 0.6375 -0.6984 0.3253
vn 0.6191 -0.6509 0.4394
vn 0.3489 -0.8475 0.4000
vn 0.3263 -0.7782 0.5366
vn 0.0006 -0.6938 0.7201
vn 0.0705 -0.6939 0.7166
vn 0.0002 -0.6932 0.7208
vn 0.0003 -0.6929 0.7211
vn 0.8884 -0.3327 0.3164
vn 0.9822 -0.1274 0.1383
vn 0.6175 -0.5525 0.5599
vn 0.3099 -0.6628 0.6817
vn 0.0056 -0.5586 0.8294
vn 0.0828 -0.5485 0.8321
vn -0.0001 -0.5609 0.8279
vn -0.0001 -0.5594 0.8289
vn 0.7033 -0.0978 0.7041
vn 0.8814 -0.1311 0.4538
vn 0.8142 -0.2561 0.5211
vn 0.5416 -0.1494 0.8273
vn 0.5612 -0.4125 0.7176
vn 0.2860 -0.5024 0.8160
vn 0.0609 -0.3903 0.9187
vn 0.0010 -0.4094 0.9123
vn 0.0022 -0.2370 0.9715
vn 0.0265 -0.2285 0.9732
vn -0.0003 -0.4108 0.9117
vn -0.0000 -0.2405 0.9706
vn 0.0001 -0.2395 0.9709
vn 0.0001 -0.4100 0.9121
vn 0.3089 -0.1022 0.9456
vn 0.2695 -0.0727 0.9603
vn 0.4035 -0.2624 0.8765
vn 0.2043 -0.1543 0.9667
vn 0.2116 -0.3327 0.9190
vn 0.0955 -0.1973 0.9757
vn 0.9179 -0.0930 0.3858
vn 0.9853 -0.0882 0.1465
vn 0.4807 -0.0647 0.8745
vn 0.4478 -0.0466 0.8929
vn 0.7364 -0.0733 0.6725
vn 0.9210 -0.0628 0.3844
vn 0.9875 -0.0679 0.1425
vn 0.4685 -0.0299 0.8829
vn 0.7447 -0.0497 0.6656
vn 0.9273 -0.0361 0.3725
vn 0.9895 -0.0392 0.1388
vn 0.5043 -0.0180 0.8633
vn 0.7644 -0.0288 0.6440
vn 0.9260 -0.0168 0.3772
vn 0.9905 -0.0184 0.1363
vn 0.4844 -0.0080 0.8748
vn 0.7524 -0.0132 0.6586
vn 0.9253 0.0022 0.3791
vn 0.9900 0.0025 0.1411
vn 0.4892 0.0010 0.8722
vn 0.7537 0.0016 0.6572
vn 0.9285 0.0252 0.3706
vn 0.9901 0.0272 0.1378
vn 0.5040 0.0125 0.8636
vn 0.7645 0.0201 0.6443
vn 0.9238 0.0482 0.3798
vn 0.9887 0.0525 0.1405
vn 0.4764 0.0230 0.8789
vn 0.7496 0.0380 0.6608
vn 0.8995 0.0691 0.4315
vn 0.9830 0.0761 0.1669
vn 0.4504 0.0328 0.8922
vn 0.7168 0.0543 0.6951
vn 0.9212 0.0907 0.3783
vn 0.9857 0.0975 0.1376
vn 0.4451 0.0421 0.8945
vn 0.7381 0.0720 0.6708
vn 0.8951 0.2073 0.3947
vn 0.9627 0.2273 0.1471
vn 0.4199 0.0899 0.9031
vn 0.7101 0.1592 0.6859
vn 0.7775 0.4771 0.4098
vn 0.8407 0.5182 0.1569
vn 0.3522 0.2034 0.9136
vn 0.6090 0.3686 0.7023
vn 0.5471 0.7304 0.4089
vn 0.5927 0.7901 0.1565
vn 0.2424 0.3230 0.9148
vn 0.4280 0.5712 0.7004
vn 0.2849 0.8688 0.4049
vn 0.3092 0.9386 0.1534
vn 0.1217 0.3967 0.9099
vn 0.2192 0.6845 0.6953
vn 0.0733 0.9097 0.4088
vn 0.0807 0.9854 0.1501
vn 0.0299 0.4109 0.9112
vn 0.0547 0.7109 0.7011
vn -0.0009 0.9217 0.3879
vn 0.0000 0.9920 0.1262
vn 0.0001 0.4401 0.8979
vn 0.0000 0.7289 0.6846
vn -0.0000 0.9217 0.3878
vn -0.0000 0.9920 0.1259
vn 0.0000 0.1758 0.9844
vn -0.0000 0.1760 0.9844
vn 0.0000 0.4398 0.8981
vn 0.0000 0.9218 0.3876
vn 0.0000 0.9920 0.1261
vn -0.0000 0.1762 0.9844
vn 0.0000 0.4395 0.8982
vn 0.0030 0.0832 0.9965
vn 0.0014 0.0832 0.9965
vn 0.0000 0.0832 0.9965
vn -0.0000 0.0832 0.9965
vn 0.1132 0.0082 0.9935
vn 0.1190 0.0020 0.9929
vn 0.0940 0.0033 0.9956
vn 0.0931 0.0104 0.9956
vn 0.0667 0.0225 0.9975
vn 0.0675 0.0229 0.9975
vn 0.0400 0.0446 0.9982
vn 0.0311 0.0545 0.9980
vn 0.0090 0.0774 0.9970
vn 0.0194 0.0655 0.9977
vn 0.0000 -0.0443 0.9990
vn 0.0000 -0.0444 0.9990
vn 0.0001 -0.0444 0.9990
vn 0.0002 -0.0443 0.9990
vn 0.0066 -0.0398 0.9992
vn 0.0170 -0.0359 0.9992
vn 0.0208 -0.0635 0.9978
vn 0.0773 -0.0181 0.9968
vn 0.0926 -0.0063 0.9957
vn 0.1067 -0.0030 0.9943
vn 0.1059 -0.0107 0.9943
vn 0.1527 -0.0018 0.9883
vn 0.1528 -0.0072 0.9882
vn 0.1863 -0.0011 0.9825
vn 0.1824 -0.0046 0.9832
vn 0.2071 -0.0004 0.9783
vn 0.2036 -0.0025 0.9791
vn 0.2121 0.0001 0.9773
vn 0.2121 0.0003 0.9772
vn 0.1995 0.0007 0.9799
vn 0.1973 0.0033 0.9803
vn 0.1715 0.0015 0.9852
vn 0.1664 0.0056 0.9860
vn 0.1360 0.0017 0.9907
vn 0.1363 0.0071 0.9906
vn -0.0000 0.9994 0.0349
vn -0.1510 0.0046 0.9885
vn -0.1330 -0.0104 0.9911
vn -0.0271 -0.0186 0.9995
vn -0.0342 -0.0055 0.9994
vn -0.9725 0.1717 0.1574
vn -0.9820 0.0785 0.1718
vn -0.9028 0.0691 0.4245
vn -0.9062 0.1665 0.3886
vn -0.8896 0.4262 0.1639
vn -0.8180 0.4170 0.3963
vn -0.6611 0.7325 0.1626
vn -0.5934 0.6972 0.4023
vn -0.3360 0.9288 0.1561
vn -0.2920 0.8585 0.4215
vn -0.0795 0.9877 0.1348
vn -0.0771 0.9135 0.3994
vn -0.0031 0.9895 0.1444
vn -0.0107 0.9042 0.4270
vn -0.0026 0.9899 0.1418
vn -0.0095 0.9077 0.4196
vn -0.0001 -0.8254 0.5646
vn 0.0001 -0.9123 0.4096
vn -0.0889 -0.8381 0.5382
vn -0.0895 -0.9108 0.4030
vn -0.3556 -0.8401 0.4097
vn -0.3378 -0.7474 0.5721
vn -0.6707 -0.6504 0.3567
vn -0.6271 -0.5696 0.5314
vn -0.8961 -0.3556 0.2656
vn -0.8222 -0.3237 0.4681
vn -0.9765 -0.1295 0.1724
vn -0.9063 -0.1285 0.4025
vn -0.9827 -0.0537 0.1775
vn -0.8962 -0.0580 0.4398
vn -0.9834 -0.0354 0.1780
vn -0.8965 -0.0414 0.4412
vn -0.9837 -0.0153 0.1794
vn -0.8954 -0.0230 0.4447
vn -0.9837 0.0037 0.1799
vn -0.8954 -0.0056 0.4453
vn -0.9838 0.0226 0.1779
vn -0.8973 0.0120 0.4412
vn -0.9834 0.0419 0.1768
vn -0.8983 0.0310 0.4382
vn -0.9821 0.0613 0.1782
vn -0.8962 0.0506 0.4408
vn -0.7115 0.1361 0.6893
vn -0.6920 0.0508 0.7201
vn -0.4092 0.0280 0.9120
vn -0.4356 0.0999 0.8946
vn -0.6337 0.3365 0.6966
vn -0.3852 0.2160 0.8972
vn -0.4527 0.5458 0.7051
vn -0.2928 0.3149 0.9028
vn -0.2203 0.6415 0.7348
vn -0.1725 0.3593 0.9172
vn -0.0691 0.6931 0.7175
vn -0.0741 0.3963 0.9151
vn -0.0287 0.1172 0.9927
vn -0.0279 0.3729 0.9274
vn -0.1432 0.1132 0.9832
vn -0.0172 0.6846 0.7287
vn -0.0224 0.3918 0.9198
vn -0.0039 -0.1250 0.9922
vn -0.0051 -0.3422 0.9396
vn -0.1104 -0.1314 0.9852
vn -0.0492 -0.3946 0.9175
vn -0.2601 -0.5427 0.7986
vn -0.0654 -0.6483 0.7586
vn -0.1718 -0.3114 0.9346
vn -0.4925 -0.4072 0.7692
vn -0.2999 -0.2374 0.9239
vn -0.6315 -0.2535 0.7328
vn -0.3638 -0.1791 0.9141
vn -0.6895 -0.1167 0.7149
vn -0.3967 -0.1027 0.9122
vn -0.6704 -0.0574 0.7398
vn -0.3757 -0.0504 0.9254
vn -0.1190 -0.0364 0.9922
vn -0.3731 -0.0420 0.9268
vn -0.1216 -0.0390 0.9918
vn -0.1215 -0.0334 0.9920
vn -0.3749 -0.0337 0.9264
vn -0.1201 -0.0304 0.9923
vn -0.3711 -0.0260 0.9282
vn -0.1234 -0.0265 0.9920
vn -0.3752 -0.0174 0.9268
vn -0.1273 -0.0204 0.9917
vn -0.3786 -0.0066 0.9255
vn -0.3829 0.0079 0.9238
vn -0.6739 0.0306 0.7382
vn -0.9811 0.1753 0.0821
vn -0.9811 0.1755 0.0821
vn -0.9935 0.0803 0.0807
vn -0.9935 0.0803 0.0808
vn -0.8971 0.4336 0.0846
vn -0.8971 0.4337 0.0846
vn -0.9948 0.0638 0.0797
vn -0.9947 0.0638 0.0801
vn -0.9958 0.0450 0.0801
vn -0.9957 0.0450 0.0809
vn -0.9964 0.0256 0.0804
vn -0.9964 0.0257 0.0803
vn -0.9968 0.0070 0.0794
vn -0.9968 0.0070 0.0801
vn -0.9967 -0.0122 0.0801
vn -0.9963 -0.0326 0.0801
vn -0.9962 -0.0326 0.0802
vn -0.9954 -0.0526 0.0803
vn -0.9954 -0.0522 0.0799
vn -0.9802 -0.1609 0.1150
vn -0.9812 -0.1565 0.1132
vn -0.3434 -0.8646 0.3668
vn -0.3372 -0.8668 0.3674
vn -0.0864 -0.9222 0.3770
vn -0.0872 -0.9221 0.3770
vn -0.0994 0.9941 0.0424
vn -0.0946 0.9946 0.0421
vn -0.3547 0.9332 0.0581
vn -0.3518 0.9343 0.0579
vn -0.6659 0.7420 0.0775
vn -0.6672 0.7408 0.0775
vn -0.8771 -0.4282 0.2177
vn -0.8834 -0.4171 0.2134
vn -0.6394 -0.7011 0.3157
vn -0.6507 -0.6921 0.3124
vn -0.0351 0.0029 0.9994
vn -0.0312 0.0106 0.9995
vn -0.0245 0.1491 0.9885
vn -0.0259 0.0484 0.9985
vn -0.0235 0.0650 0.9976
vn -0.0019 0.1510 0.9885
vn -0.0328 -0.0143 0.9994
vn -0.0206 -0.0266 0.9994
vn -0.0296 -0.0211 0.9993
vn -0.0160 -0.0302 0.9994
vn -0.0249 -0.0260 0.9994
vn -0.0133 -0.0320 0.9994
vn -0.0191 -0.0297 0.9994
vn -0.0112 -0.0329 0.9994
vn -0.0129 -0.0325 0.9994
vn -0.0094 -0.0335 0.9994
vn -0.0066 -0.0343 0.9994
vn -0.0082 -0.0339 0.9994
vn -0.0065 -0.0345 0.9994
vn -0.0040 -0.0347 0.9994
vn -0.0231 -0.1232 0.9921
vn -0.0725 -0.3861 0.9196
vn -0.0454 -0.1140 0.9924
vn -0.1433 -0.3586 0.9224
vn -0.0672 -0.1024 0.9925
vn -0.2130 -0.3222 0.9224
vn -0.0867 -0.0865 0.9925
vn -0.2744 -0.2709 0.9227
vn -0.1028 -0.0671 0.9924
vn -0.3237 -0.2092 0.9227
vn -0.1142 -0.0453 0.9924
vn -0.3597 -0.1415 0.9223
vn -0.1210 -0.0229 0.9924
vn -0.3812 -0.0711 0.9218
vn -0.1231 -0.0002 0.9924
vn -0.3861 -0.0022 0.9224
vn -0.1205 0.0226 0.9925
vn -0.3799 0.0686 0.9225
vn -0.1145 0.0454 0.9924
vn -0.3595 0.1434 0.9221
vn -0.1033 0.0674 0.9924
vn -0.3203 0.2131 0.9230
vn -0.0924 0.0923 0.9914
vn -0.2713 0.2758 0.9221
vn -0.0729 0.1106 0.9912
vn -0.2030 0.3229 0.9244
vn -0.0497 0.1240 0.9910
vn -0.1306 0.3506 0.9274
vn -0.0241 0.1263 0.9917
vn -0.0673 0.3604 0.9304
vn -0.1171 -0.6231 0.7733
vn -0.2340 -0.5874 0.7747
vn -0.3461 -0.5291 0.7748
vn -0.4464 -0.4476 0.7748
vn -0.5283 -0.3473 0.7748
vn -0.5873 -0.2345 0.7747
vn -0.6216 -0.1171 0.7746
vn -0.6324 0.0009 0.7746
vn -0.6214 0.1177 0.7746
vn -0.5874 0.2339 0.7748
vn -0.5293 0.3456 0.7749
vn -0.4475 0.4466 0.7748
vn -0.3476 0.5268 0.7756
vn -0.2352 0.5836 0.7772
vn -0.1164 0.6171 0.7782
vn -0.1002 -0.8911 0.4426
vn -0.3676 -0.8102 0.4565
vn -0.3153 -0.7492 0.5825
vn -0.0701 -0.8102 0.5819
vn -0.0000 -0.9028 0.4301
vn -0.0000 -0.8178 0.5755
vn -0.9537 -0.1474 0.2621
vn -0.9491 -0.1342 0.2851
vn -0.8554 -0.3279 0.4011
vn -0.8668 -0.3619 0.3429
vn -0.6298 -0.5732 0.5242
vn -0.6693 -0.6124 0.4207
vn -0.3088 -0.6306 0.7120
vn -0.0753 -0.6822 0.7273
vn -0.0000 -0.6941 0.7199
vn -0.9426 -0.1177 0.3124
vn -0.8364 -0.2964 0.4611
vn -0.5981 -0.4974 0.6284
vn -0.2426 -0.4909 0.8368
vn -0.0406 -0.5469 0.8362
vn 0.0000 -0.5629 0.8265
vn -0.8745 -0.0988 0.4749
vn -0.8203 -0.2027 0.5347
vn -0.5745 -0.3666 0.7319
vn -0.1551 -0.3488 0.9243
vn -0.0643 -0.2115 0.9753
vn -0.0038 -0.2348 0.9720
vn -0.0105 -0.3986 0.9171
vn 0.0000 -0.4114 0.9115
vn -0.0001 -0.2396 0.9709
vn -0.5290 -0.0526 0.8470
vn -0.2181 -0.0573 0.9742
vn -0.2984 -0.0841 0.9507
vn -0.6589 -0.1229 0.7421
vn -0.2148 -0.1423 0.9662
vn -0.4430 -0.2148 0.8704
vn -0.9309 -0.0709 0.3582
vn -0.6308 -0.0489 0.7744
vn -0.3110 -0.0261 0.9501
vn -0.2719 -0.0448 0.9613
vn -0.9364 -0.0518 0.3472
vn -0.8240 -0.0450 0.5648
vn -0.8526 -0.0712 0.5176
vn -0.6189 -0.0348 0.7847
vn -0.3686 -0.0209 0.9293
vn -0.9417 -0.0302 0.3350
vn -0.8414 -0.0266 0.5398
vn -0.6426 -0.0202 0.7659
vn -0.3885 -0.0122 0.9214
vn -0.9433 -0.0117 0.3316
vn -0.8415 -0.0104 0.5401
vn -0.6363 -0.0078 0.7714
vn -0.3851 -0.0047 0.9229
vn -0.9408 0.0061 0.3390
vn -0.8375 0.0054 0.5464
vn -0.6331 0.0039 0.7741
vn -0.3780 0.0025 0.9258
vn -0.9403 0.0242 0.3395
vn -0.8260 0.0212 0.5632
vn -0.6102 0.0155 0.7921
vn -0.3600 0.0091 0.9329
vn -0.9400 0.0422 0.3387
vn -0.8302 0.0369 0.5562
vn -0.6195 0.0275 0.7845
vn -0.3691 0.0161 0.9293
vn -0.9368 0.0599 0.3447
vn -0.8299 0.0531 0.5554
vn -0.6262 0.0399 0.7787
vn -0.3718 0.0234 0.9280
vn -0.9394 0.0759 0.3344
vn -0.8340 0.0675 0.5476
vn -0.6257 0.0499 0.7784
vn -0.3674 0.0288 0.9296
vn -0.9246 0.1916 0.3293
vn -0.8419 0.1724 0.5113
vn -0.6681 0.1392 0.7309
vn -0.4049 0.0842 0.9105
vn -0.8138 0.4885 0.3149
vn -0.7364 0.4469 0.5079
vn -0.5700 0.3492 0.7437
vn -0.3194 0.2023 0.9258
vn -0.5628 0.7895 0.2449
vn -0.5135 0.7464 0.4233
vn -0.4132 0.6185 0.6684
vn -0.2398 0.3729 0.8964
vn -0.2843 0.9395 0.1909
vn -0.2573 0.8752 0.4096
vn -0.1858 0.7057 0.6837
vn -0.1078 0.4243 0.8991
vn -0.0761 0.9866 0.1440
vn -0.0720 0.9257 0.3715
vn -0.0461 0.7476 0.6626
vn -0.0260 0.4465 0.8944
vn -0.0000 0.9920 0.1265
vn 0.0006 0.9217 0.3879
vn -0.0000 0.7282 0.6854
vn 0.0001 0.4396 0.8982
vn 0.0000 0.9920 0.1263
vn 0.0000 0.9218 0.3875
vn -0.0000 0.1766 0.9843
vn 0.0000 0.4395 0.8983
vn -0.0000 0.1764 0.9843
vn 0.0000 0.0831 0.9965
vn -0.0010 0.0831 0.9965
vn -0.0021 0.0831 0.9965
vn -0.0597 0.0069 0.9982
vn -0.0604 0.0004 0.9982
vn -0.0668 0.0005 0.9978
vn -0.0648 0.0044 0.9979
vn -0.0387 0.0292 0.9988
vn -0.0508 0.0098 0.9987
vn -0.0174 0.0634 0.9978
vn -0.0359 0.0249 0.9990
vn -0.0070 0.0789 0.9969
vn -0.0171 0.0442 0.9989
vn -0.0003 -0.0443 0.9990
vn -0.0005 -0.0444 0.9990
vn -0.0540 -0.0117 0.9985
vn -0.0647 -0.0003 0.9979
vn -0.0542 -0.0004 0.9985
vn -0.0285 -0.0305 0.9991
vn -0.0737 -0.0036 0.9973
vn -0.0751 -0.0003 0.9972
vn -0.0792 -0.0020 0.9969
vn -0.0797 -0.0002 0.9968
vn -0.0829 -0.0008 0.9966
vn -0.0825 -0.0001 0.9966
vn -0.0829 0.0004 0.9966
vn -0.0824 0.0000 0.9966
vn -0.0808 0.0016 0.9967
vn -0.0813 0.0001 0.9967
vn -0.0765 0.0027 0.9971
vn -0.0774 0.0003 0.9970
vn -0.0700 0.0036 0.9975
vn -0.0719 0.0003 0.9974
vn -0.9530 0.1736 0.2484
vn -0.9657 0.0780 0.2475
vn -0.8720 0.4289 0.2360
vn -0.9657 0.0615 0.2522
vn -0.9669 0.0437 0.2515
vn -0.9675 0.0246 0.2517
vn -0.9676 0.0067 0.2523
vn -0.9680 -0.0117 0.2505
vn -0.9673 -0.0314 0.2516
vn -0.9674 -0.0527 0.2477
vn -0.3602 -0.8539 0.3757
vn -0.3880 -0.8360 0.3880
vn -0.0993 -0.9182 0.3835
vn -0.1076 -0.9185 0.3806
vn -0.1045 0.9926 0.0613
vn -0.3623 0.9235 0.1260
vn -0.6562 0.7307 0.1882
vn -0.9775 -0.1487 0.1493
vn -0.9710 -0.1501 0.1859
vn -0.8802 -0.3910 0.2691
vn -0.8906 -0.3891 0.2356
vn -0.6821 -0.6441 0.3463
vn -0.6574 -0.6779 0.3291
vn -0.9631 -0.1512 0.2225
vn -0.9825 -0.0526 0.1784
vn -0.9745 -0.0525 0.2183
vn -0.9828 -0.0315 0.1822
vn -0.9739 -0.0312 0.2248
vn -0.9832 -0.0119 0.1822
vn -0.9743 -0.0118 0.2247
vn -0.9833 0.0068 0.1821
vn -0.9744 0.0068 0.2246
vn -0.9829 0.0251 0.1822
vn -0.9741 0.0248 0.2247
vn -0.9823 0.0445 0.1822
vn -0.9734 0.0440 0.2248
vn -0.9813 0.0624 0.1822
vn -0.9725 0.0617 0.2247
vn -0.9804 0.0791 0.1804
vn -0.9724 0.0787 0.2199
vn -0.9696 0.1750 0.1713
vn -0.9611 0.1741 0.2146
vn -0.8861 0.4328 0.1661
vn -0.8778 0.4314 0.2081
vn -0.6617 0.7369 0.1385
vn -0.6538 0.7376 0.1690
vn -0.3640 0.9266 0.0946
vn -0.3569 0.9275 0.1109
vn -0.1058 0.9930 0.0527
vn -0.1049 0.9928 0.0574
vn -0.3954 -0.8285 0.3966
vn -0.1123 -0.9148 0.3881
vn -0.0843 -0.9221 0.3776
vn -0.3207 -0.8734 0.3666
vn -0.8788 -0.3737 0.2968
vn -0.8616 -0.4514 0.2323
vn -0.9777 -0.1668 0.1275
vn -0.6826 -0.6299 0.3705
vn -0.6110 -0.7210 0.3269
vn -0.9941 -0.0531 0.0947
vn -0.9897 -0.0530 0.1329
vn -0.9951 -0.0325 0.0936
vn -0.9905 -0.0320 0.1335
vn -0.9955 -0.0121 0.0940
vn -0.9910 -0.0120 0.1335
vn -0.9956 0.0069 0.0937
vn -0.9910 0.0069 0.1334
vn -0.9952 0.0254 0.0941
vn -0.9907 0.0253 0.1335
vn -0.9945 0.0451 0.0942
vn -0.9900 0.0448 0.1335
vn -0.9936 0.0635 0.0940
vn -0.9890 0.0632 0.1335
vn -0.9923 0.0802 0.0944
vn -0.9878 0.0797 0.1338
vn -0.9800 0.1756 0.0935
vn -0.9762 0.1755 0.1275
vn -0.8960 0.4338 0.0944
vn -0.8923 0.4341 0.1238
vn -0.6618 0.7449 0.0846
vn -0.6632 0.7407 0.1072
vn -0.3581 0.9315 0.0644
vn -0.3623 0.9287 0.0787
vn -0.1077 0.9932 0.0443
vn -0.1065 0.9932 0.0480
vn 0.1178 -0.6266 0.7704
vn 0.0000 -0.6375 0.7704
vn 0.2360 -0.5925 0.7702
vn 0.3492 -0.5339 0.7701
vn 0.4498 -0.4506 0.7712
vn 0.5324 -0.3489 0.7712
vn 0.5913 -0.2355 0.7713
vn 0.6255 -0.1169 0.7714
vn 0.6375 0.0006 0.7704
vn 0.6266 0.1178 0.7704
vn 0.5925 0.2360 0.7702
vn 0.5336 0.3497 0.7701
vn 0.4511 0.4511 0.7701
vn 0.3497 0.5336 0.7701
vn 0.2360 0.5925 0.7702
vn 0.1178 0.6267 0.7703
vn 0.0000 0.6375 0.7704
vn -0.1177 -0.6266 0.7704
vn -0.2360 -0.5925 0.7702
vn -0.3496 -0.5335 0.7701
vn -0.4511 -0.4511 0.7701
vn -0.5335 -0.3496 0.7702
vn -0.5925 -0.2360 0.7702
vn -0.6266 -0.1178 0.7704
vn -0.6375 0.0000 0.7705
vn -0.6266 0.1178 0.7704
vn -0.5925 0.2360 0.7702
vn -0.5335 0.3496 0.7702
vn -0.4511 0.4511 0.7701
vn -0.3496 0.5335 0.7701
vn -0.2360 0.5925 0.7702
vn -0.1178 0.6267 0.7703
vn 0.0725 -0.3855 0.9199
vn 0.0000 -0.3920 0.9200
vn 0.1453 -0.3649 0.9196
vn 0.2155 -0.3288 0.9195
vn 0.2764 -0.2764 0.9205
vn 0.3268 -0.2142 0.9205
vn 0.3627 -0.1445 0.9206
vn 0.3832 -0.0720 0.9208
vn 0.3920 0.0000 0.9200
vn 0.3855 0.0725 0.9199
vn 0.3649 0.1453 0.9196
vn 0.3288 0.2155 0.9195
vn 0.2781 0.2781 0.9194
vn 0.2155 0.3288 0.9195
vn 0.1454 0.3649 0.9196
vn 0.0725 0.3856 0.9198
vn 0.0000 0.3920 0.9200
vn -0.0725 -0.3855 0.9199
vn -0.1453 -0.3648 0.9197
vn -0.2154 -0.3287 0.9195
vn -0.2780 -0.2780 0.9195
vn -0.3287 -0.2154 0.9196
vn -0.3648 -0.1453 0.9197
vn -0.3854 -0.0725 0.9199
vn -0.3919 0.0000 0.9200
vn -0.3854 0.0725 0.9199
vn -0.3648 0.1453 0.9197
vn -0.3287 0.2154 0.9195
vn -0.2780 0.2780 0.9195
vn -0.2154 0.3288 0.9195
vn -0.1453 0.3649 0.9196
vn -0.0725 0.3856 0.9198
vn 0.0000 -0.1037 0.9946
vn 0.0192 -0.1021 0.9946
vn 0.1262 -0.6716 0.7301
vn -0.0000 -0.6840 0.7295
vn 0.0386 -0.0968 0.9946
vn 0.2524 -0.6337 0.7312
vn 0.0572 -0.0873 0.9945
vn 0.3734 -0.5699 0.7320
vn 0.0738 -0.0738 0.9945
vn 0.4816 -0.4816 0.7323
vn 0.0873 -0.0572 0.9945
vn 0.5699 -0.3734 0.7319
vn 0.0968 -0.0386 0.9946
vn 0.6337 -0.2524 0.7313
vn 0.1021 -0.0192 0.9946
vn 0.6716 -0.1262 0.7301
vn 0.1037 -0.0000 0.9946
vn 0.6840 -0.0000 0.7295
vn 0.1021 0.0192 0.9946
vn 0.6715 0.1262 0.7301
vn 0.0968 0.0386 0.9946
vn 0.6337 0.2524 0.7313
vn 0.0873 0.0572 0.9945
vn 0.5698 0.3734 0.7320
vn 0.0739 0.0739 0.9945
vn 0.4815 0.4815 0.7323
vn 0.0572 0.0873 0.9945
vn 0.3734 0.5698 0.7320
vn 0.0386 0.0968 0.9946
vn 0.2523 0.6337 0.7313
vn 0.0192 0.1021 0.9946
vn 0.1262 0.6715 0.7302
vn -0.0000 0.1037 0.9946
vn 0.0000 0.6840 0.7295
vn -0.0192 -0.1021 0.9946
vn -0.1262 -0.6716 0.7301
vn -0.0385 -0.0967 0.9946
vn -0.2524 -0.6337 0.7312
vn -0.0572 -0.0873 0.9945
vn -0.3735 -0.5699 0.7320
vn -0.0738 -0.0738 0.9945
vn -0.4816 -0.4816 0.7322
vn -0.0872 -0.0572 0.9945
vn -0.5699 -0.3735 0.7319
vn -0.0967 -0.0385 0.9946
vn -0.6337 -0.2524 0.7312
vn -0.1020 -0.0192 0.9946
vn -0.6716 -0.1262 0.7301
vn -0.1037 -0.0000 0.9946
vn -0.6840 -0.0000 0.7295
vn -0.1020 0.0192 0.9946
vn -0.6716 0.1262 0.7301
vn -0.0968 0.0385 0.9946
vn -0.6337 0.2524 0.7313
vn -0.0872 0.0572 0.9945
vn -0.5699 0.3735 0.7320
vn -0.0738 0.0738 0.9945
vn -0.4816 0.4816 0.7323
vn -0.0572 0.0873 0.9945
vn -0.3734 0.5699 0.7320
vn -0.0386 0.0968 0.9946
vn -0.2524 0.6337 0.7312
vn -0.0192 0.1021 0.9946
vn -0.1262 0.6715 0.7302
vn -0.0351 -0.0063 0.9994
vn -0.0362 0.0012 0.9993
vn -0.0348 0.0074 0.9994
vn -0.0321 0.0147 0.9994
vn -0.0297 0.0259 0.9992
vn -0.0310 0.0403 0.9987
vn -0.0282 0.0554 0.9981
vn -0.0261 0.0705 0.9972
vn 0.0181 -0.0297 0.9994
vn 0.0230 -0.0258 0.9994
vn 0.0307 -0.0175 0.9994
vn 0.0351 -0.0060 0.9994
vn 0.0375 0.0035 0.9993
vn 0.0313 0.0110 0.9994
vn 0.0258 0.0081 0.9996
vn 0.1845 0.0029 0.9828
vn 0.2186 0.0013 0.9758
vn 0.4642 0.0007 0.8857
vn 0.4408 0.0023 0.8976
vn 0.1530 0.0457 0.9872
vn 0.4230 0.0484 0.9048
vn 0.1974 -0.0027 0.9803
vn 0.1809 -0.0041 0.9835
vn 0.4288 -0.0034 0.9034
vn 0.4512 -0.0020 0.8924
vn 0.2622 -0.0011 0.9650
vn 0.5038 -0.0006 0.8638
vn 0.2972 -0.0007 0.9548
vn 0.5290 -0.0006 0.8486
vn 0.3083 -0.0003 0.9513
vn 0.5376 -0.0006 0.8432
vn 0.3002 0.0001 0.9539
vn 0.5352 -0.0001 0.8447
vn 0.2977 0.0005 0.9547
vn 0.5307 0.0006 0.8476
vn 0.2803 0.0009 0.9599
vn 0.5149 0.0008 0.8572
vn 0.2416 0.0012 0.9704
vn 0.4877 0.0008 0.8730
vn 0.0284 -0.1408 0.9896
vn 0.0004 -0.1424 0.9898
vn 0.0004 -0.4080 0.9130
vn 0.0413 -0.4167 0.9081
vn 0.0002 -0.1410 0.9900
vn 0.0000 -0.1411 0.9900
vn 0.0000 -0.4102 0.9120
vn 0.0002 -0.4101 0.9120
vn 0.0000 -0.1410 0.9900
vn 0.0000 -0.1242 0.9923
vn 0.0000 -0.4009 0.9161
vn -0.0025 -0.1133 0.9936
vn -0.0081 -0.1151 0.9933
vn 0.0061 -0.3908 0.9205
vn -0.0040 -0.3949 0.9187
vn 0.0041 -0.1429 0.9897
vn 0.0665 -0.3671 0.9278
vn 0.0015 0.1767 0.9843
vn 0.0014 0.4345 0.9007
vn 0.0000 0.4351 0.9004
vn -0.0000 0.1762 0.9843
vn 0.0000 0.4352 0.9003
vn 0.0565 0.1783 0.9824
vn 0.0472 0.4407 0.8964
vn -0.0000 0.1752 0.9845
vn -0.0000 0.1896 0.9819
vn -0.0001 0.4351 0.9004
vn 0.0003 0.4340 0.9009
vn 0.0000 0.1760 0.9844
vn -0.0004 0.4352 0.9004
vn -0.0184 0.1260 0.9919
vn -0.0069 0.1438 0.9896
vn -0.0094 0.4093 0.9123
vn -0.0168 0.3970 0.9176
vn -0.0251 0.1162 0.9929
vn -0.0003 0.3850 0.9229
vn -0.0404 0.0853 0.9955
vn -0.0103 0.1325 0.9911
vn 0.0548 0.3572 0.9324
vn 0.0950 0.2392 0.9663
vn 0.1280 0.1131 0.9853
vn 0.3996 0.1630 0.9021
vn 0.3123 0.3170 0.8955
vn 0.1639 0.4088 0.8978
vn 0.1088 -0.1189 0.9869
vn 0.1468 -0.3921 0.9081
vn 0.2953 -0.3131 0.9026
vn 0.1343 -0.0394 0.9902
vn 0.3827 -0.1607 0.9098
vn 0.4093 -0.0480 0.9112
vn 0.0982 -0.9865 0.1313
vn 0.0000 -0.9912 0.1324
vn 0.0000 -0.9915 0.1303
vn 0.0954 -0.9867 0.1315
vn 0.0000 -0.9913 0.1318
vn 0.0000 -0.9913 0.1317
vn -0.0000 -0.9918 0.1279
vn 0.0000 -0.9918 0.1279
vn 0.0000 -0.9914 0.1310
vn -0.0000 -0.9908 0.1351
vn -0.0000 -0.9889 0.1484
vn -0.0004 -0.9914 0.1307
vn 0.0785 -0.9819 0.1724
vn 0.0492 -0.9892 0.1383
vn 0.9917 0.0002 0.1283
vn 0.9925 0.0000 0.1222
vn 0.9912 0.0000 0.1320
vn 0.9912 -0.0000 0.1320
vn 0.9860 0.1039 0.1306
vn 0.9866 0.0963 0.1319
vn 0.9923 -0.0002 0.1241
vn 0.9918 -0.0003 0.1281
vn 0.9913 0.0000 0.1317
vn 0.9913 0.0000 0.1320
vn 0.9938 0.0000 0.1108
vn 0.9947 -0.0000 0.1033
vn 0.9952 -0.0000 0.0974
vn 0.9957 0.0000 0.0925
vn 0.9952 0.0000 0.0974
vn 0.9943 -0.0000 0.1066
vn 0.9933 0.0000 0.1154
vn -0.0000 0.9916 0.1294
vn 0.0001 0.9915 0.1303
vn -0.0000 0.9914 0.1312
vn 0.0000 0.9914 0.1310
vn -0.0000 0.9916 0.1293
vn 0.0000 0.9914 0.1308
vn -0.0000 0.9915 0.1304
vn -0.0000 0.9914 0.1306
vn 0.1013 0.9863 0.1303
vn 0.0962 0.9866 0.1316
vn 0.0000 0.9916 0.1293
vn -0.0000 0.9915 0.1302
vn 0.0000 0.9915 0.1302
vn -0.0000 0.9916 0.1290
vn -0.0000 0.9915 0.1305
vn -0.0021 0.9898 0.1424
vn -0.0004 0.9913 0.1319
vn 0.0473 0.9885 0.1436
vn 0.0716 0.9829 0.1697
vn 0.7014 0.7011 0.1287
vn 0.9129 0.3864 0.1317
vn 0.9186 0.3721 0.1331
vn 0.7008 0.7009 0.1331
vn 0.3839 0.9137 0.1336
vn 0.3720 0.9187 0.1330
vn 0.6998 -0.7024 0.1303
vn 0.3776 -0.9164 0.1329
vn 0.3716 -0.9188 0.1329
vn 0.7009 -0.7008 0.1331
vn 0.9861 -0.1006 0.1319
vn 0.9148 -0.3812 0.1333
vn 0.9185 -0.3725 0.1329
vn 0.9866 -0.0965 0.1315
vn 0.7348 0.0005 0.6782
vn 0.9249 0.0003 0.3801
vn 0.9204 0.0009 0.3909
vn 0.7264 0.0017 0.6873
vn 0.9124 0.1023 0.3962
vn 0.7137 0.0835 0.6955
vn 0.7070 -0.0830 0.7023
vn 0.9106 -0.1008 0.4009
vn 0.9195 -0.0014 0.3931
vn 0.7208 -0.0025 0.6932
vn 0.7331 -0.0015 0.6801
vn 0.9240 -0.0008 0.3823
vn 0.9338 -0.0002 0.3578
vn 0.7528 -0.0004 0.6582
vn 0.9402 -0.0002 0.3407
vn 0.7678 -0.0004 0.6407
vn 0.9448 -0.0002 0.3275
vn 0.7786 -0.0004 0.6276
vn 0.9485 -0.0000 0.3169
vn 0.7864 -0.0001 0.6178
vn 0.9445 0.0002 0.3286
vn 0.7769 0.0004 0.6297
vn 0.9375 0.0003 0.3480
vn 0.7612 0.0005 0.6485
vn 0.9304 0.0003 0.3667
vn 0.7457 0.0005 0.6663
vn 0.0001 -0.7105 0.7037
vn 0.0001 -0.9158 0.4016
vn 0.0002 -0.9150 0.4035
vn 0.0003 -0.7088 0.7055
vn -0.0000 -0.7106 0.7036
vn 0.0000 -0.9159 0.4015
vn -0.0027 -0.7055 0.7087
vn -0.0014 -0.9163 0.4006
vn 0.0000 -0.9163 0.4004
vn 0.0000 -0.7073 0.7069
vn 0.0000 -0.7105 0.7037
vn 0.0000 -0.9158 0.4015
vn 0.0226 -0.7088 0.7050
vn 0.0502 -0.9218 0.3844
vn 0.2484 -0.4066 0.8792
vn 0.3969 -0.5759 0.7147
vn 0.2142 -0.8048 0.5535
vn 0.1281 -0.5957 0.7930
vn 0.0010 0.7214 0.6926
vn 0.0006 0.9187 0.3951
vn 0.0000 0.9197 0.3926
vn 0.0000 0.7235 0.6903
vn -0.0000 0.9198 0.3925
vn 0.0000 0.7236 0.6903
vn 0.0000 0.9198 0.3923
vn 0.0000 0.7246 0.6892
vn 0.0814 0.7153 0.6941
vn 0.0999 0.9131 0.3953
vn 0.0000 0.7149 0.6992
vn -0.0000 0.9198 0.3923
vn 0.0000 0.9196 0.3929
vn -0.0000 0.7230 0.6908
vn 0.0000 0.9198 0.3924
vn -0.0062 0.7062 0.7080
vn -0.0036 0.9150 0.4034
vn -0.0064 0.9070 0.4211
vn -0.0128 0.6913 0.7224
vn 0.0478 0.9197 0.3896
vn 0.0187 0.7049 0.7091
vn 0.2021 0.8177 0.5391
vn 0.1200 0.6075 0.7852
vn 0.8412 0.3725 0.3921
vn 0.6614 0.2958 0.6892
vn 0.5146 0.5196 0.6821
vn 0.6511 0.6538 0.3855
vn 0.3676 0.8406 0.3978
vn 0.2892 0.6583 0.6949
vn 0.0776 -0.7112 0.6987
vn 0.0969 -0.9121 0.3984
vn 0.3642 -0.8430 0.3959
vn 0.2860 -0.6594 0.6953
vn 0.5076 -0.5152 0.6906
vn 0.6482 -0.6533 0.3911
vn 0.8398 -0.3705 0.3969
vn 0.6536 -0.2953 0.6969
vn 0.3505 -0.8414 0.4113
vn 0.6451 -0.6450 0.4097
vn 0.8411 -0.3514 0.4112
vn 0.9095 -0.0918 0.4056
vn 0.4899 -0.4899 0.7211
vn 0.2650 -0.6362 0.7246
vn 0.1134 -0.3157 0.9420
vn 0.2624 -0.2623 0.9286
vn 0.6924 -0.0669 0.7184
vn 0.6359 -0.2656 0.7246
vn 0.3227 -0.1159 0.9394
vn 0.4066 -0.0346 0.9130
vn 0.0659 -0.0610 0.9960
vn 0.0376 0.6616 0.7489
vn -0.5765 0.5776 0.5779
vn 0.0663 -0.6925 0.7183
vn 0.0908 -0.9096 0.4055
vn -0.0000 -0.9159 0.4014
vn 0.0000 -0.7019 0.7123
vn 0.0021 0.6078 0.7941
vn 0.0345 -0.4065 0.9130
vn 0.0000 -0.4091 0.9125
vn 0.0003 0.6102 0.7923
vn 0.0000 -0.7044 0.7098
vn -0.0000 -0.9176 0.3974
vn 0.0006 -0.9176 0.3975
vn 0.0001 0.6171 0.7869
vn 0.0000 -0.4027 0.9153
vn -0.0012 -0.4027 0.9153
vn 0.0000 0.6171 0.7869
vn 0.0002 -0.9178 0.3971
vn -0.0000 -0.7471 0.6647
vn -0.0005 -0.3840 0.9233
vn -0.0001 0.6642 0.7475
vn -0.0007 -0.9212 0.3890
vn -0.0000 -0.7324 0.6808
vn 0.0014 -0.4158 0.9094
vn -0.0002 0.6244 0.7811
vn 0.9148 -0.0000 0.4040
vn 0.4098 -0.0000 0.9122
vn 0.6999 -0.0000 0.7143
vn 0.9145 -0.0000 0.4047
vn 0.9144 -0.0000 0.4047
vn 0.6992 -0.0000 0.7150
vn 0.4083 0.0000 0.9128
vn 0.4084 -0.0000 0.9128
vn 0.6991 -0.0000 0.7150
vn 0.6991 0.0000 0.7150
vn 0.9145 0.0000 0.4047
vn 0.6992 0.0000 0.7150
vn 0.9144 0.0000 0.4047
vn 0.4084 0.0000 0.9128
vn 0.9144 0.0000 0.4048
vn 0.9088 0.0918 0.4070
vn 0.4024 0.0341 0.9148
vn 0.6906 0.0667 0.7202
vn 0.8411 0.3516 0.4111
vn 0.3256 0.1158 0.9384
vn 0.6365 0.2665 0.7238
vn 0.6451 0.6450 0.4097
vn 0.3517 0.8409 0.4113
vn 0.4899 0.4899 0.7211
vn 0.2620 0.2621 0.9288
vn 0.1159 0.3251 0.9386
vn 0.2663 0.6364 0.7240
vn 0.0631 0.0631 0.9960
vn -0.6538 0.0383 0.7557
vn -0.5774 -0.5773 0.5774
vn 0.0917 0.9094 0.4056
vn -0.0000 0.9151 0.4031
vn 0.0667 0.6924 0.7184
vn 0.0343 0.4062 0.9131
vn -0.0000 0.4116 0.9114
vn 0.0000 0.7007 0.7135
vn -0.0000 0.9151 0.4033
vn 0.0000 0.7006 0.7136
vn 0.0000 0.7005 0.7136
vn 0.0000 0.7005 0.7137
vn -0.0000 0.9150 0.4034
vn -0.0000 0.4116 0.9113
vn 0.0000 0.7004 0.7137
vn 0.0000 0.7003 0.7138
vn 0.0000 0.9150 0.4035
vn 0.0000 0.4116 0.9114
vn -0.0000 0.7004 0.7137
vn 0.0455 0.9030 0.4273
vn 0.0865 0.4011 0.9120
vn 0.0726 0.6810 0.7287
vn 0.0399 -0.6544 0.7551
vn 0.0050 -0.6090 0.7932
vn 0.0583 -0.0185 0.9981
vn 0.0495 -0.0263 0.9984
vn 0.2521 0.4429 0.8604
vn 0.3916 0.6078 0.6908
vn 0.5912 0.3636 0.7199
vn 0.5137 0.3230 0.7949
vn 0.4369 0.2782 0.8554
vn 0.2806 0.1636 0.9458
vn 0.2567 0.7072 0.6588
vn 0.4541 0.6618 0.5965
vn 0.2560 0.8950 0.3653
vn 0.1417 0.9133 0.3818
vn 0.3192 -0.5614 0.7635
vn 0.5129 -0.5884 0.6251
vn 0.5768 0.3885 0.7186
vn 0.3397 0.4170 0.8430
vn 0.6350 0.3871 0.6686
vn 0.4711 0.6848 0.5560
vn 0.2556 0.8994 0.3546
vn 0.0679 -0.7173 0.6934
vn 0.0414 -0.9187 0.3927
vn 0.1402 -0.9205 0.3647
vn 0.2584 -0.7242 0.6394
vn 0.0786 0.5801 0.8108
vn 0.0864 -0.4276 0.8998
vn 0.3419 -0.4286 0.8363
vn 0.3171 0.5595 0.7658
vn 0.2552 -0.8917 0.3737
vn 0.4522 -0.6570 0.6032
vn 0.5784 -0.3879 0.7177
vn 0.0971 -0.2139 0.9720
vn 0.4266 -0.2538 0.8681
vn 0.4897 -0.2936 0.8210
vn 0.4827 -0.6604 0.5752
vn 0.5817 -0.3462 0.7361
vn 0.6386 -0.3701 0.6747
vn 0.2710 -0.8879 0.3716
vn 0.5130 0.5881 0.6253
vn 0.4853 0.6638 0.5691
vn -0.0291 -0.0082 0.9995
vn -0.0354 -0.0027 0.9994
vn 0.0317 -0.0000 0.9995
vn 0.0306 0.0030 0.9995
vn -0.0273 -0.0776 0.9966
vn -0.0218 -0.0116 0.9997
vn 0.0202 -0.0321 0.9993
vn 0.2863 -0.1478 0.9467
vn -0.0281 0.0117 0.9995
vn 0.0692 0.0442 0.9966
vn -0.0373 0.0066 0.9993
vn 0.0196 -0.0004 0.9998
vn -0.0423 0.0018 0.9991
vn 0.0198 0.0002 0.9998
vn -0.0515 0.0000 0.9987
vn -0.0454 -0.0001 0.9990
vn -0.0138 0.0001 0.9999
vn -0.0222 0.0000 0.9998
vn -0.0442 0.0001 0.9990
vn 0.0019 -0.0002 1.0000
vn -0.0500 0.0001 0.9988
vn -0.0557 -0.0000 0.9984
vn -0.0335 -0.0000 0.9994
vn -0.0220 -0.0000 0.9998
vn -0.0594 -0.0000 0.9982
vn -0.0393 -0.0000 0.9992
vn -0.0619 -0.0000 0.9981
vn -0.0412 -0.0000 0.9992
vn -0.0617 0.0000 0.9981
vn -0.0415 0.0000 0.9991
vn -0.0621 0.0000 0.9981
vn -0.0403 0.0001 0.9992
vn -0.0605 0.0000 0.9982
vn -0.0357 0.0001 0.9994
vn -0.0560 0.0000 0.9984
vn -0.0294 0.0000 0.9996
vn 0.1926 -0.0000 0.9813
vn 0.1958 -0.0003 0.9807
vn 0.4528 -0.0001 0.8916
vn 0.4528 -0.0000 0.8916
vn 0.1950 0.6978 0.6893
vn 0.2578 -0.0000 0.9662
vn 0.4563 -0.0001 0.8898
vn 0.3391 0.6718 0.6585
vn 0.1822 -0.0000 0.9833
vn 0.1779 0.0000 0.9840
vn 0.2605 0.0000 0.9655
vn 0.4482 0.0005 0.8939
vn 0.4466 0.0000 0.8947
vn 0.1857 0.0000 0.9826
vn 0.4497 -0.0002 0.8932
vn 0.1893 0.0005 0.9819
vn 0.4537 0.0001 0.8911
vn 0.1157 0.0002 0.9933
vn 0.1295 0.0002 0.9916
vn 0.4167 0.0000 0.9090
vn 0.4070 -0.0000 0.9134
vn 0.1524 -0.0004 0.9883
vn 0.4291 -0.0001 0.9032
vn 0.1151 -0.0001 0.9934
vn 0.0914 -0.0001 0.9958
vn 0.3904 0.0000 0.9206
vn 0.4076 0.0000 0.9132
vn 0.0800 -0.0001 0.9968
vn 0.3819 0.0000 0.9242
vn 0.0751 -0.0001 0.9972
vn 0.3773 0.0000 0.9261
vn 0.0741 0.0000 0.9972
vn 0.3763 -0.0000 0.9265
vn 0.0789 0.0001 0.9969
vn 0.3799 -0.0000 0.9250
vn 0.0898 0.0001 0.9960
vn 0.3872 -0.0000 0.9220
vn 0.1025 0.0002 0.9947
vn 0.3967 -0.0000 0.9179
vn 0.7196 0.0000 0.6944
vn 0.7196 -0.0000 0.6944
vn 0.9236 -0.0000 0.3834
vn 0.5333 0.6737 0.5115
vn 0.7210 0.0045 0.6930
vn 0.9232 -0.0004 0.3842
vn 0.6908 0.6638 0.2868
vn 0.7196 0.0023 0.6944
vn 0.9234 -0.0002 0.3839
vn 0.7177 0.0001 0.6963
vn 0.7178 0.0002 0.6963
vn 0.9237 0.0006 0.3831
vn 0.9226 0.0003 0.3857
vn 0.7186 -0.0000 0.6954
vn 0.9230 -0.0000 0.3847
vn 0.7198 -0.0000 0.6942
vn 0.9208 0.0000 0.3899
vn 0.7061 0.0000 0.7081
vn 0.7085 -0.0000 0.7057
vn 0.9205 0.0000 0.3907
vn 0.9200 0.0000 0.3919
vn 0.7127 0.0000 0.7015
vn 0.9219 -0.0000 0.3875
vn 0.7062 0.0000 0.7080
vn 0.7026 -0.0000 0.7116
vn 0.9195 -0.0000 0.3931
vn 0.9201 -0.0000 0.3918
vn 0.7010 -0.0000 0.7132
vn 0.9193 -0.0000 0.3935
vn 0.7003 0.0000 0.7138
vn 0.9194 0.0000 0.3934
vn 0.7002 -0.0000 0.7140
vn 0.9194 -0.0000 0.3934
vn 0.7006 -0.0000 0.7135
vn 0.9193 0.0000 0.3935
vn 0.7020 0.0000 0.7122
vn 0.9194 0.0000 0.3933
vn 0.7038 0.0000 0.7103
vn 0.9197 0.0000 0.3927
vn -0.6555 -0.0397 0.7542
vn 0.9951 0.0000 0.0989
vn 1.0000 -0.0000 0.0000
vn 0.9953 -0.0008 0.0967
vn 1.0000 0.0005 0.0000
vn 0.9942 -0.0012 0.1071
vn 1.0000 0.0006 0.0001
vn 1.0000 0.0000 0.0000
vn 0.7240 0.6864 0.0687
vn 0.9954 -0.0000 0.0955
vn 0.7071 0.7071 -0.0000
vn 0.9947 -0.0000 0.1027
vn 0.9948 0.0001 0.1018
vn 1.0000 0.0001 0.0000
vn 0.9950 0.0001 0.1000
vn 0.9947 0.0000 0.1026
vn 0.9946 0.0000 0.1035
vn 0.9946 -0.0000 0.1037
vn 0.9946 -0.0000 0.1036
vn 0.9946 0.0000 0.1037
vn 0.9946 -0.0000 0.1035
vn 0.9947 -0.0000 0.1032
vn 0.1425 0.0055 0.9898
vn 0.9944 0.0986 0.0380
vn 0.9734 0.2252 0.0417
vn 0.9944 0.0986 0.0383
vn 0.9740 0.2229 0.0417
vn 0.9774 0.2075 0.0412
vn 0.9782 0.2035 0.0411
vn 0.9944 0.0985 0.0394
vn 0.9944 0.0986 0.0394
vn 0.9758 0.2146 0.0414
vn 0.9943 0.0986 0.0395
vn 0.8534 0.5190 0.0481
vn 0.8575 0.5122 0.0479
vn 0.8785 0.4753 0.0469
vn 0.8830 0.4671 0.0465
vn 0.8696 0.4914 0.0474
vn 0.9962 0.0773 0.0392
vn 0.9963 0.0772 0.0385
vn 0.9962 0.0778 0.0387
vn 0.9962 0.0777 0.0386
vn 0.9962 0.0775 0.0385
vn 0.9978 0.0530 0.0386
vn 0.9978 0.0531 0.0391
vn 0.9989 0.0276 0.0382
vn 0.9989 0.0276 0.0384
vn 0.9989 0.0277 0.0388
vn 0.9989 0.0277 0.0387
vn 0.9989 0.0276 0.0387
vn 0.9992 0.0033 0.0387
vn 0.9992 0.0029 0.0389
vn 0.9992 0.0030 0.0389
vn 0.9992 -0.0186 0.0355
vn 0.9991 -0.0185 0.0381
vn 0.9990 -0.0187 0.0399
vn 0.9990 -0.0186 0.0400
vn 0.9991 -0.0185 0.0394
vn 0.9985 -0.0404 0.0381
vn 0.9985 -0.0405 0.0382
vn 0.9984 -0.0404 0.0396
vn 0.9984 -0.0404 0.0393
vn 0.9984 -0.0406 0.0393
vn 0.9969 -0.0686 0.0383
vn 0.9970 -0.0680 0.0383
vn 0.9971 -0.0649 0.0392
vn 0.9971 -0.0659 0.0392
vn 0.0851 -0.9238 0.3733
vn 0.0855 -0.9238 0.3733
vn 0.0874 -0.9236 0.3732
vn 0.0879 -0.9236 0.3732
vn 0.0803 0.9961 0.0376
vn 0.0806 0.9960 0.0376
vn 0.0827 0.9959 0.0377
vn 0.0824 0.9959 0.0376
vn 0.0816 0.9960 0.0376
vn 0.3163 0.9476 0.0441
vn 0.3194 0.9466 0.0442
vn 0.3363 0.9407 0.0445
vn 0.3336 0.9417 0.0445
vn 0.3279 0.9437 0.0443
vn 0.6074 0.7929 0.0490
vn 0.6140 0.7878 0.0490
vn 0.6516 0.7569 0.0489
vn 0.6456 0.7621 0.0489
vn 0.6328 0.7728 0.0489
vn 0.8730 -0.4519 0.1831
vn 0.9785 -0.1917 0.0765
vn 0.8708 -0.4557 0.1846
vn 0.9782 -0.1929 0.0770
vn 0.9794 -0.1873 0.0749
vn 0.9787 -0.1905 0.0766
vn 0.8636 -0.4673 0.1893
vn 0.8674 -0.4611 0.1868
vn 0.6508 -0.7050 0.2818
vn 0.6460 -0.7076 0.2864
vn 0.6269 -0.7223 0.2921
vn 0.6311 -0.7191 0.2908
vn 0.3451 -0.8702 0.3518
vn 0.3442 -0.8705 0.3519
vn 0.3367 -0.8730 0.3529
vn 0.3387 -0.8723 0.3526
vn 0.0106 0.1661 0.9860
vn 0.1761 0.0326 0.9838
vn 0.1995 0.0174 0.9797
vn 0.1379 0.0701 0.9880
vn 0.0872 0.1189 0.9891
vn 0.0411 0.1577 0.9866
vn 0.0001 -0.0473 0.9989
vn 0.0000 -0.0954 0.9954
vn 0.0000 -0.0959 0.9954
vn 0.1961 -0.0216 0.9804
vn 0.1755 -0.0339 0.9839
vn 0.2349 -0.0134 0.9719
vn 0.2704 -0.0086 0.9627
vn 0.2721 -0.0041 0.9623
vn 0.2793 0.0006 0.9602
vn 0.2783 0.0060 0.9605
vn 0.2467 0.0105 0.9690
vn 0.2191 0.0143 0.9756
vn -0.0081 0.1777 0.9841
vn -0.1469 0.0113 0.9891
vn -0.1548 0.0281 0.9875
vn -0.1070 0.0702 0.9918
vn -0.0765 0.1374 0.9876
vn -0.0356 0.1666 0.9854
vn -0.0194 -0.0180 0.9997
vn -0.0011 -0.0337 0.9994
vn -0.0000 -0.0959 0.9954
vn -0.0003 -0.0961 0.9954
vn -0.0019 -0.0456 0.9990
vn -0.0433 -0.0082 0.9990
vn -0.1154 -0.0255 0.9930
vn -0.1116 -0.0109 0.9937
vn -0.1543 -0.0088 0.9880
vn -0.1651 -0.0050 0.9863
vn -0.1693 -0.0020 0.9856
vn -0.1642 0.0010 0.9864
vn -0.1541 0.0037 0.9881
vn -0.1572 0.0067 0.9876
vn -0.1535 0.0093 0.9881
vn -0.6088 -0.0049 0.7933
vn -0.6095 0.0001 0.7928
vn -0.6111 0.0001 0.7915
vn -0.6111 0.0000 0.7915
vn -0.6135 0.0035 0.7897
vn -0.0000 -0.6075 0.7943
vn -0.0000 -0.6077 0.7942
vn -0.0000 -0.6078 0.7941
vn -0.0000 -0.6079 0.7940
vn -0.0000 -0.6080 0.7939
vn -0.0000 -0.6082 0.7938
vn 0.0000 -0.6083 0.7937
vn 0.0785 -0.5863 0.8063
vn 0.5064 -0.6511 0.5653
vn 0.4116 -0.6798 0.6071
vn 0.2887 -0.7002 0.6530
vn 0.2050 -0.7045 0.6794
vn 0.2054 0.7035 0.6803
vn 0.3006 0.6996 0.6483
vn 0.4298 0.6624 0.6136
vn 0.3331 -0.6736 0.6598
vn 0.5335 -0.6691 0.5175
vn 0.6911 -0.6649 0.2835
vn 0.7241 -0.6862 0.0697
vn 0.1963 -0.6984 0.6883
vn -0.0000 0.7284 0.6852
vn -0.0000 0.7283 0.6853
vn 0.0000 0.7283 0.6852
vn -0.9810 0.1756 0.0821
vn -0.9935 0.0802 0.0808
vn -0.9811 0.1751 0.0821
vn -0.9948 0.0636 0.0797
vn -0.9947 0.0639 0.0802
vn -0.9958 0.0451 0.0800
vn -0.9957 0.0450 0.0807
vn -0.9964 0.0256 0.0803
vn -0.9965 0.0258 0.0800
vn -0.9968 0.0070 0.0802
vn -0.9967 -0.0121 0.0801
vn -0.9963 -0.0326 0.0796
vn -0.9953 -0.0529 0.0807
vn -0.9955 -0.0517 0.0795
vn -0.9794 -0.1650 0.1166
vn -0.9821 -0.1518 0.1113
vn -0.3305 -0.8691 0.3680
vn -0.0856 -0.9223 0.3770
vn -0.0880 -0.9220 0.3770
vn -0.3491 -0.8626 0.3662
vn -0.1041 0.9936 0.0428
vn -0.0896 0.9951 0.0417
vn -0.3574 0.9321 0.0583
vn -0.3487 0.9355 0.0577
vn -0.6645 0.7432 0.0774
vn -0.6685 0.7397 0.0776
vn -0.8708 -0.4388 0.2218
vn -0.8899 -0.4056 0.2089
vn -0.6276 -0.7102 0.3189
vn -0.6616 -0.6832 0.3091
vn 0.9792 0.1988 0.0410
vn 0.9944 0.0985 0.0393
vn 0.9766 0.2112 0.0413
vn 0.8875 0.4586 0.0464
vn 0.8741 0.4834 0.0471
vn 0.9962 0.0779 0.0387
vn 0.9962 0.0776 0.0385
vn 0.9978 0.0531 0.0390
vn 0.9989 0.0277 0.0389
vn 0.9992 0.0027 0.0389
vn 0.9992 0.0032 0.0389
vn 0.9990 -0.0188 0.0399
vn 0.9984 -0.0403 0.0394
vn 0.9984 -0.0405 0.0392
vn 0.9972 -0.0642 0.0388
vn 0.9970 -0.0664 0.0393
vn 0.0884 -0.9235 0.3732
vn 0.0868 -0.9237 0.3732
vn 0.0831 0.9958 0.0377
vn 0.0820 0.9959 0.0376
vn 0.3389 0.9398 0.0446
vn 0.3308 0.9427 0.0444
vn 0.6572 0.7521 0.0488
vn 0.6393 0.7674 0.0489
vn 0.9793 -0.1870 0.0778
vn 0.8688 -0.4589 0.1859
vn 0.9792 -0.1877 0.0765
vn 0.6225 -0.7255 0.2934
vn 0.6354 -0.7159 0.2896
vn 0.3345 -0.8737 0.3532
vn 0.3404 -0.8717 0.3524
vn -0.0375 0.0072 -0.9993
vn -0.0350 0.0148 -0.9993
vn -0.1100 0.0435 -0.9930
vn -0.1165 0.0218 -0.9930
vn -0.6880 -0.0616 -0.7231
vn -0.7004 -0.1460 -0.6987
vn -0.8993 -0.1800 -0.3986
vn -0.9025 -0.0854 -0.4221
vn -0.6596 -0.3430 -0.6688
vn -0.8253 -0.4185 -0.3791
vn -0.6582 -0.7407 -0.1348
vn -0.8867 -0.4422 -0.1351
vn -0.6140 -0.6909 -0.3816
vn -0.3332 -0.9328 -0.1373
vn -0.3227 -0.8625 -0.3899
vn -0.2727 -0.6764 -0.6842
vn -0.0894 -0.6983 -0.7102
vn -0.0900 -0.9102 -0.4042
vn -0.0225 -0.6810 -0.7320
vn -0.0123 -0.9050 -0.4253
vn -0.0166 -0.6980 -0.7159
vn -0.0089 -0.9118 -0.4105
vn -0.0026 0.6236 -0.7818
vn -0.0012 0.8227 -0.5685
vn 0.0000 0.8035 -0.5953
vn -0.0000 0.5795 -0.8149
vn -0.0707 0.6579 -0.7498
vn -0.0712 0.8335 -0.5479
vn -0.2555 0.6298 -0.7335
vn -0.3164 0.7877 -0.5286
vn -0.4900 0.4989 -0.7149
vn -0.6156 0.6098 -0.4993
vn -0.6669 0.3165 -0.6746
vn -0.8047 0.3910 -0.4467
vn -0.7522 0.1470 -0.6424
vn -0.9168 0.1925 -0.3500
vn -0.6963 0.0673 -0.7146
vn -0.9092 0.0703 -0.4104
vn -0.6650 0.0500 -0.7452
vn -0.8997 0.0490 -0.4337
vn -0.6611 0.0355 -0.7495
vn -0.8955 0.0299 -0.4441
vn -0.6673 0.0206 -0.7445
vn -0.8994 0.0101 -0.4370
vn -0.6706 0.0025 -0.7418
vn -0.9005 -0.0132 -0.4347
vn -0.6735 -0.0175 -0.7390
vn -0.9014 -0.0378 -0.4314
vn -0.6858 -0.0407 -0.7266
vn -0.9028 -0.0634 -0.4254
vn -0.1282 -0.0040 -0.9917
vn -0.1160 -0.0960 -0.9886
vn -0.4098 -0.0864 -0.9081
vn -0.3904 -0.0307 -0.9201
vn -0.3975 -0.2064 -0.8941
vn -0.3088 -0.3323 -0.8912
vn -0.4949 -0.5538 -0.6696
vn -0.1764 -0.3911 -0.9033
vn -0.0697 -0.3951 -0.9160
vn -0.0290 -0.3748 -0.9267
vn -0.0004 -0.6970 -0.7170
vn -0.0140 -0.3998 -0.9165
vn -0.0005 -0.3968 -0.9179
vn 0.0000 0.3178 -0.9482
vn -0.0038 0.3519 -0.9360
vn -0.0413 0.3861 -0.9215
vn -0.1487 0.3933 -0.9073
vn -0.2910 0.3010 -0.9081
vn -0.3741 0.1927 -0.9071
vn -0.4507 0.1158 -0.8852
vn -0.0971 0.1128 -0.9889
vn -0.1071 0.0394 -0.9935
vn -0.3844 0.0546 -0.9215
vn -0.3589 0.0445 -0.9323
vn -0.3578 0.0361 -0.9331
vn -0.3630 0.0276 -0.9314
vn -0.3670 0.0168 -0.9301
vn -0.3749 0.0035 -0.9271
vn -0.3861 -0.0136 -0.9224
vn -0.1222 0.0088 -0.9925
vn -0.9944 -0.0987 -0.0381
vn -0.9944 -0.0986 -0.0389
vn -0.9738 -0.2235 -0.0419
vn -0.9731 -0.2265 -0.0420
vn -0.8607 -0.5068 -0.0478
vn -0.8565 -0.5138 -0.0481
vn -0.9963 -0.0772 -0.0385
vn -0.9979 -0.0521 -0.0385
vn -0.9979 -0.0522 -0.0387
vn -0.9989 -0.0276 -0.0374
vn -0.9989 -0.0275 -0.0376
vn -0.9992 -0.0036 -0.0387
vn -0.9992 -0.0036 -0.0388
vn -0.9991 0.0197 -0.0378
vn -0.9991 0.0195 -0.0382
vn -0.9985 0.0401 -0.0372
vn -0.9985 0.0401 -0.0374
vn -0.9970 0.0670 -0.0382
vn -0.9970 0.0667 -0.0382
vn -0.9776 0.1952 -0.0783
vn -0.9778 0.1944 -0.0779
vn -0.0015 0.9272 -0.3746
vn -0.0924 0.9231 -0.3732
vn -0.0926 0.9231 -0.3732
vn -0.0000 0.9272 -0.3746
vn -0.0001 -0.9994 -0.0349
vn -0.0844 -0.9957 -0.0378
vn -0.0842 -0.9957 -0.0378
vn -0.3238 -0.9451 -0.0443
vn -0.3262 -0.9443 -0.0443
vn -0.0845 -0.9957 -0.0378
vn -0.3285 -0.9435 -0.0444
vn -0.6222 -0.7813 -0.0490
vn -0.6281 -0.7766 -0.0490
vn -0.8649 -0.4997 -0.0476
vn -0.8702 0.4566 -0.1850
vn -0.8685 0.4595 -0.1861
vn -0.9776 0.1954 -0.0788
vn -0.6471 0.7067 -0.2860
vn -0.6438 0.7093 -0.2870
vn -0.3499 0.8685 -0.3511
vn -0.3482 0.8691 -0.3513
vn -0.1188 0.0004 -0.9929
vn -0.0381 -0.0010 -0.9993
vn -0.1167 -0.0215 -0.9929
vn -0.0370 -0.0080 -0.9993
vn -0.1098 -0.0437 -0.9930
vn -0.0349 -0.0142 -0.9993
vn -0.0987 -0.0647 -0.9930
vn -0.0323 -0.0213 -0.9993
vn -0.0257 -0.0283 -0.9993
vn -0.0833 -0.0837 -0.9930
vn 0.0000 -0.9121 -0.4100
vn -0.0214 -0.3928 -0.9194
vn -0.0000 -0.9994 -0.0349
vn -0.0666 -0.1022 -0.9925
vn -0.0219 -0.0453 -0.9987
vn -0.0216 -0.1147 -0.9932
vn -0.0151 -0.1358 -0.9906
vn -0.0215 -0.0463 -0.9987
vn -0.0465 -0.1226 -0.9914
vn 0.0003 -0.1399 -0.9902
vn -0.0000 -0.1164 -0.9932
vn -0.0992 0.0645 -0.9930
vn -0.0316 0.0220 -0.9993
vn -0.0839 0.0833 -0.9930
vn -0.0264 0.0278 -0.9993
vn -0.0650 0.0988 -0.9930
vn -0.0205 0.0322 -0.9993
vn -0.0140 0.0351 -0.9993
vn -0.0140 0.0316 -0.9994
vn -0.0120 0.0325 -0.9994
vn -0.0072 0.0372 -0.9993
vn -0.0102 0.0332 -0.9994
vn -0.0085 0.0337 -0.9994
vn -0.0065 0.0337 -0.9994
vn -0.0043 0.0346 -0.9994
vn 0.0000 0.1099 -0.9939
vn 0.0000 0.0349 -0.9994
vn -0.0041 0.1166 -0.9932
vn -0.0000 0.3741 -0.9274
vn -0.0690 0.3674 -0.9275
vn -0.0218 0.1165 -0.9930
vn -0.0000 0.1185 -0.9929
vn -0.1381 0.3469 -0.9277
vn -0.0437 0.1098 -0.9930
vn -0.2045 0.3120 -0.9278
vn -0.2637 0.2637 -0.9279
vn -0.3120 0.2045 -0.9278
vn -0.3469 0.1381 -0.9277
vn -0.3674 0.0690 -0.9275
vn -0.3741 0.0000 -0.9274
vn -0.3674 -0.0690 -0.9275
vn -0.3469 -0.1381 -0.9277
vn -0.3120 -0.2045 -0.9278
vn -0.2637 -0.2637 -0.9279
vn -0.2045 -0.3120 -0.9278
vn -0.1381 -0.3469 -0.9277
vn -0.0690 -0.3674 -0.9275
vn -0.0000 -0.3741 -0.9274
vn 0.0000 0.6278 -0.7784
vn -0.1159 0.6169 -0.7785
vn -0.2321 0.5829 -0.7787
vn -0.3438 0.5247 -0.7788
vn -0.4436 0.4436 -0.7788
vn -0.5247 0.3438 -0.7788
vn -0.5829 0.2321 -0.7787
vn -0.6168 0.1159 -0.7785
vn -0.6278 -0.0000 -0.7784
vn -0.6168 -0.1159 -0.7785
vn -0.5829 -0.2321 -0.7787
vn -0.5247 -0.3438 -0.7788
vn -0.4436 -0.4436 -0.7788
vn -0.3438 -0.5247 -0.7788
vn -0.2321 -0.5829 -0.7787
vn -0.1159 -0.6168 -0.7785
vn -0.0000 -0.6277 -0.7784
vn -0.0068 0.8138 -0.5810
vn -0.0015 0.9036 -0.4283
vn -0.0943 0.9003 -0.4249
vn -0.0961 0.8114 -0.5766
vn -0.0000 0.9039 -0.4278
vn 0.0000 0.9037 -0.4281
vn 0.0001 0.8134 -0.5817
vn 0.0001 0.8136 -0.5814
vn -0.8662 0.4213 -0.2687
vn -0.8775 0.4364 -0.1990
vn -0.9790 0.1877 -0.0794
vn -0.9787 0.1810 -0.0965
vn -0.6216 0.6479 -0.4404
vn -0.6619 0.6805 -0.3143
vn -0.3327 0.7734 -0.5396
vn -0.3568 0.8456 -0.3970
vn -0.1234 0.6452 -0.7540
vn -0.0125 0.6588 -0.7522
vn -0.0000 0.6559 -0.7548
vn 0.0001 0.6556 -0.7551
vn -0.9029 0.2988 -0.3090
vn -0.9665 0.1538 -0.2054
vn -0.6463 0.4949 -0.5808
vn -0.3547 0.6028 -0.7148
vn -0.0607 0.3952 -0.9166
vn -0.0057 0.4221 -0.9065
vn -0.0000 0.4192 -0.9079
vn -0.0000 0.4189 -0.9081
vn -0.7057 0.1076 -0.7003
vn -0.5906 0.1880 -0.7848
vn -0.4047 0.2938 -0.8660
vn -0.2000 0.3444 -0.9173
vn -0.0413 0.0869 -0.9954
vn -0.0009 0.1521 -0.9884
vn -0.0001 0.1520 -0.9884
vn 0.0000 0.1521 -0.9884
vn -0.7242 0.0733 -0.6857
vn -0.9718 0.0949 -0.2159
vn -0.7512 0.0504 -0.6581
vn -0.9778 0.0671 -0.1986
vn -0.3120 0.0191 -0.9499
vn -0.2713 0.0291 -0.9621
vn -0.7356 0.0283 -0.6768
vn -0.9744 0.0390 -0.2213
vn -0.3165 0.0108 -0.9485
vn -0.7595 0.0134 -0.6503
vn -0.9794 0.0178 -0.2011
vn -0.3445 0.0054 -0.9388
vn -0.7166 -0.0022 -0.6974
vn -0.9729 -0.0032 -0.2313
vn -0.3214 -0.0008 -0.9470
vn -0.7464 -0.0197 -0.6652
vn -0.9774 -0.0264 -0.2099
vn -0.3271 -0.0077 -0.9450
vn -0.7469 -0.0378 -0.6638
vn -0.9780 -0.0515 -0.2022
vn -0.3111 -0.0142 -0.9503
vn -0.6911 -0.0522 -0.7209
vn -0.9669 -0.0748 -0.2439
vn -0.2691 -0.0184 -0.9629
vn -0.7305 -0.0714 -0.6791
vn -0.9749 -0.0964 -0.2006
vn -0.2680 -0.0245 -0.9631
vn -0.6935 -0.1579 -0.7030
vn -0.9496 -0.2226 -0.2207
vn -0.2464 -0.0490 -0.9679
vn -0.5876 -0.3593 -0.7250
vn -0.8283 -0.5093 -0.2338
vn -0.1948 -0.1055 -0.9752
vn -0.5833 -0.7781 -0.2331
vn -0.4176 -0.5569 -0.7180
vn -0.1290 -0.1769 -0.9757
vn -0.3013 -0.9187 -0.2553
vn -0.1981 -0.6215 -0.7579
vn -0.0556 -0.2049 -0.9772
vn -0.0537 -0.6897 -0.7221
vn -0.0788 -0.9691 -0.2337
vn -0.0154 -0.2326 -0.9725
vn -0.0002 -0.7183 -0.6957
vn -0.0000 -0.9763 -0.2165
vn -0.0001 -0.2525 -0.9676
vn -0.0000 -0.9815 -0.1917
vn -0.0000 -0.7537 -0.6573
vn 0.0001 -0.2768 -0.9609
vn 0.0001 -0.9781 -0.2080
vn 0.0002 -0.7311 -0.6823
vn 0.0000 -0.2628 -0.9648
vn -0.0017 -0.0893 -0.9960
vn -0.0041 -0.0764 -0.9971
vn -0.0000 -0.0766 -0.9971
vn -0.0000 -0.0890 -0.9960
vn 0.0000 -0.0766 -0.9971
vn -0.1096 -0.0016 -0.9940
vn -0.1034 -0.0077 -0.9946
vn -0.0854 -0.0107 -0.9963
vn -0.0865 -0.0030 -0.9963
vn -0.0603 -0.0211 -0.9980
vn -0.0617 -0.0199 -0.9979
vn -0.0302 -0.0474 -0.9984
vn -0.0360 -0.0419 -0.9985
vn -0.0160 -0.0603 -0.9981
vn -0.0114 -0.0698 -0.9975
vn -0.5715 0.0733 -0.8173
vn -0.0001 0.0518 -0.9987
vn -0.0000 0.0409 -0.9992
vn -0.0003 0.0409 -0.9992
vn -0.0003 0.0474 -0.9989
vn 0.0001 0.0518 -0.9987
vn 0.0000 0.0409 -0.9992
vn -0.0098 0.0343 -0.9994
vn -0.0174 0.0320 -0.9993
vn -0.0072 0.0395 -0.9992
vn -0.0828 0.0054 -0.9965
vn -0.0912 0.0170 -0.9957
vn -0.1181 0.0018 -0.9930
vn -0.0965 0.0177 -0.9952
vn -0.0974 0.0103 -0.9952
vn -0.1401 0.0070 -0.9901
vn -0.1407 0.0014 -0.9900
vn -0.1646 0.0044 -0.9864
vn -0.1743 0.0010 -0.9847
vn -0.1871 0.0022 -0.9823
vn -0.1903 0.0004 -0.9817
vn -0.1936 -0.0004 -0.9811
vn -0.2017 -0.0001 -0.9794
vn -0.1779 -0.0032 -0.9841
vn -0.1828 -0.0006 -0.9831
vn -0.1493 -0.0054 -0.9888
vn -0.1579 -0.0012 -0.9875
vn -0.1265 -0.0070 -0.9919
vn -0.1247 -0.0014 -0.9922
vn 0.0000 -0.9994 -0.0349
vn 0.0000 -0.0891 -0.9960
vn 0.1478 -0.0046 -0.9890
vn 0.0341 0.0055 -0.9994
vn 0.0272 0.0186 -0.9995
vn 0.1372 0.0101 -0.9905
vn 0.6889 -0.0507 -0.7231
vn 0.8996 -0.0687 -0.4313
vn 0.9064 -0.1667 -0.3882
vn 0.7285 -0.1401 -0.6706
vn 0.8148 -0.4225 -0.3970
vn 0.6410 -0.3585 -0.6787
vn 0.5888 -0.6951 -0.4125
vn 0.4580 -0.5584 -0.6916
vn 0.2962 -0.8576 -0.4204
vn 0.2322 -0.6615 -0.7131
vn 0.0785 -0.9134 -0.3994
vn 0.0720 -0.7079 -0.7026
vn 0.0128 -0.9045 -0.4262
vn 0.0222 -0.6816 -0.7314
vn 0.0089 -0.9135 -0.4068
vn 0.0166 -0.6995 -0.7145
vn 0.0032 0.6093 -0.7929
vn 0.0006 0.8148 -0.5797
vn 0.0833 0.6673 -0.7401
vn 0.0889 0.8334 -0.5454
vn 0.3370 0.7566 -0.5604
vn 0.2907 0.5906 -0.7528
vn 0.5918 0.5862 -0.5532
vn 0.4541 0.4909 -0.7435
vn 0.7981 0.3586 -0.4842
vn 0.5965 0.3464 -0.7240
vn 0.9047 0.1420 -0.4016
vn 0.7002 0.1446 -0.6992
vn 0.8966 0.0579 -0.4390
vn 0.6752 0.0575 -0.7354
vn 0.8973 0.0414 -0.4394
vn 0.6716 0.0445 -0.7396
vn 0.8959 0.0229 -0.4437
vn 0.6707 0.0304 -0.7411
vn 0.8956 0.0056 -0.4449
vn 0.6707 0.0172 -0.7415
vn 0.8977 -0.0121 -0.4405
vn 0.6733 0.0033 -0.7394
vn 0.8988 -0.0310 -0.4373
vn 0.6754 -0.0126 -0.7373
vn 0.8963 -0.0503 -0.4406
vn 0.6773 -0.0309 -0.7350
vn 0.4062 -0.0241 -0.9135
vn 0.4430 -0.0860 -0.8924
vn 0.1132 -0.0908 -0.9894
vn 0.3821 -0.2053 -0.9010
vn 0.2638 -0.3048 -0.9151
vn 0.1820 -0.3894 -0.9029
vn 0.0659 -0.4010 -0.9137
vn 0.0287 -0.3786 -0.9251
vn 0.0246 -0.1294 -0.9913
vn 0.0215 -0.3973 -0.9174
vn 0.0142 -0.4044 -0.9145
vn 0.0147 -0.1413 -0.9899
vn 0.0044 0.3437 -0.9391
vn 0.0642 0.4545 -0.8884
vn 0.0716 0.1206 -0.9901
vn 0.1170 0.3618 -0.9249
vn 0.2548 0.2861 -0.9237
vn 0.3508 0.2011 -0.9146
vn 0.3861 0.0908 -0.9180
vn 0.3764 0.0475 -0.9252
vn 0.1158 0.0388 -0.9925
vn 0.3736 0.0416 -0.9266
vn 0.3767 0.0337 -0.9257
vn 0.3771 0.0258 -0.9258
vn 0.3792 0.0171 -0.9251
vn 0.3803 0.0066 -0.9248
vn 0.3903 -0.0083 -0.9206
vn 0.9935 -0.0802 -0.0808
vn 0.9935 -0.0803 -0.0808
vn 0.9806 -0.1780 -0.0824
vn 0.9808 -0.1769 -0.0823
vn 0.8957 -0.4366 -0.0846
vn 0.8960 -0.4359 -0.0846
vn 0.9804 -0.1790 -0.0824
vn 0.9948 -0.0637 -0.0799
vn 0.9948 -0.0636 -0.0799
vn 0.9957 -0.0450 -0.0804
vn 0.9964 -0.0256 -0.0802
vn 0.9968 -0.0070 -0.0798
vn 0.9967 0.0121 -0.0801
vn 0.9962 0.0326 -0.0802
vn 0.9963 0.0326 -0.0799
vn 0.9954 0.0524 -0.0802
vn 0.9954 0.0528 -0.0804
vn 0.9801 0.1614 -0.1156
vn 0.9791 0.1660 -0.1174
vn 0.3520 0.8615 -0.3659
vn 0.3526 0.8613 -0.3658
vn 0.0867 0.9222 -0.3770
vn 0.0860 0.9222 -0.3770
vn 0.0000 0.9272 -0.3746
vn 0.0001 -0.9994 -0.0349
vn 0.0997 -0.9941 -0.0428
vn 0.1042 -0.9936 -0.0432
vn 0.3691 -0.9274 -0.0608
vn 0.3770 -0.9242 -0.0615
vn 0.6774 -0.7315 -0.0779
vn 0.6803 -0.7287 -0.0781
vn 0.8857 0.4131 -0.2118
vn 0.8801 0.4229 -0.2156
vn 0.9811 0.1566 -0.1137
vn 0.0351 -0.0026 -0.9994
vn 0.0318 -0.1138 -0.9930
vn 0.0330 -0.0125 -0.9994
vn 0.0350 -0.0139 -0.9993
vn 0.0369 -0.0081 -0.9993
vn 0.0326 -0.0204 -0.9993
vn 0.0283 -0.0204 -0.9994
vn 0.0002 -0.9994 -0.0349
vn 0.0207 -0.0428 -0.9989
vn 0.0205 0.0265 -0.9994
vn 0.1281 0.0205 -0.9916
vn 0.0158 0.0302 -0.9994
vn 0.1257 0.0263 -0.9917
vn 0.0132 0.0320 -0.9994
vn 0.1233 0.0304 -0.9919
vn 0.0110 0.0329 -0.9994
vn 0.1221 0.0336 -0.9919
vn 0.0091 0.0336 -0.9994
vn 0.1186 0.0364 -0.9923
vn 0.0071 0.0371 -0.9993
vn 0.0078 0.0339 -0.9994
vn 0.0062 0.0341 -0.9994
vn 0.0041 0.0363 -0.9993
vn -0.0000 0.0378 -0.9993
vn 0.0218 0.1164 -0.9930
vn 0.0690 0.3674 -0.9275
vn 0.0437 0.1098 -0.9930
vn 0.1381 0.3469 -0.9277
vn 0.0650 0.0987 -0.9930
vn 0.2045 0.3120 -0.9278
vn 0.0840 0.0833 -0.9930
vn 0.2637 0.2637 -0.9279
vn 0.0994 0.0645 -0.9930
vn 0.3120 0.2045 -0.9278
vn 0.1102 0.0434 -0.9930
vn 0.3469 0.1381 -0.9277
vn 0.1164 0.0219 -0.9930
vn 0.3674 0.0690 -0.9275
vn 0.1190 0.0005 -0.9929
vn 0.3741 0.0000 -0.9274
vn 0.1167 -0.0215 -0.9929
vn 0.3674 -0.0690 -0.9275
vn 0.1098 -0.0437 -0.9930
vn 0.3469 -0.1381 -0.9277
vn 0.0988 -0.0653 -0.9930
vn 0.3120 -0.2045 -0.9278
vn 0.0833 -0.0837 -0.9930
vn 0.2637 -0.2637 -0.9279
vn 0.0646 -0.1006 -0.9928
vn 0.2045 -0.3120 -0.9278
vn 0.0440 -0.1156 -0.9923
vn 0.1381 -0.3469 -0.9277
vn 0.0219 -0.1171 -0.9929
vn 0.0690 -0.3674 -0.9275
vn 0.1159 0.6168 -0.7785
vn 0.2321 0.5829 -0.7787
vn 0.3438 0.5247 -0.7788
vn 0.4436 0.4436 -0.7788
vn 0.5247 0.3439 -0.7788
vn 0.5829 0.2321 -0.7787
vn 0.6168 0.1159 -0.7785
vn 0.6278 0.0000 -0.7784
vn 0.6168 -0.1159 -0.7785
vn 0.5829 -0.2321 -0.7787
vn 0.5247 -0.3438 -0.7788
vn 0.4436 -0.4436 -0.7788
vn 0.3439 -0.5247 -0.7787
vn 0.2321 -0.5829 -0.7787
vn 0.1159 -0.6169 -0.7785
vn 0.0933 0.8927 -0.4409
vn 0.0838 0.8029 -0.5901
vn 0.3282 0.7421 -0.5844
vn 0.3557 0.8178 -0.4525
vn 0.0002 0.8135 -0.5816
vn 0.0001 0.9039 -0.4278
vn 0.8496 0.3335 -0.4086
vn 0.9329 0.1826 -0.3103
vn 0.9523 0.1525 -0.2644
vn 0.8572 0.3791 -0.3485
vn 0.6302 0.5688 -0.5284
vn 0.6479 0.6317 -0.4257
vn 0.0911 0.6423 -0.7610
vn 0.3354 0.5877 -0.7363
vn 0.0003 0.6555 -0.7552
vn 0.8277 0.2668 -0.4938
vn 0.9271 0.1263 -0.3530
vn 0.6174 0.4472 -0.6471
vn 0.0230 0.4003 -0.9161
vn 0.1266 0.3558 -0.9259
vn 0.0007 0.4197 -0.9077
vn 0.6597 0.1981 -0.7250
vn 0.5304 0.0945 -0.8424
vn 0.4102 0.2768 -0.8690
vn 0.0013 0.1461 -0.9893
vn 0.0343 0.0859 -0.9957
vn 0.0002 0.1522 -0.9883
vn 0.6890 0.0537 -0.7227
vn 0.9471 0.0734 -0.3124
vn 0.1760 0.0149 -0.9843
vn 0.1511 0.0337 -0.9879
vn 0.6417 0.0361 -0.7661
vn 0.9116 0.0495 -0.4082
vn 0.2331 0.0130 -0.9724
vn 0.6387 0.0202 -0.7692
vn 0.9133 0.0293 -0.4061
vn 0.2290 0.0071 -0.9734
vn 0.6660 0.0082 -0.7459
vn 0.9218 0.0114 -0.3874
vn 0.2464 0.0030 -0.9692
vn 0.6495 -0.0043 -0.7604
vn 0.9165 -0.0059 -0.3999
vn 0.2367 -0.0014 -0.9716
vn 0.6374 -0.0163 -0.7703
vn 0.9161 -0.0235 -0.4004
vn 0.2222 -0.0055 -0.9750
vn 0.6434 -0.0283 -0.7650
vn 0.9156 -0.0410 -0.4000
vn 0.2277 -0.0099 -0.9737
vn 0.6543 -0.0416 -0.7551
vn 0.9143 -0.0584 -0.4007
vn 0.2388 -0.0148 -0.9710
vn 0.6547 -0.0528 -0.7541
vn 0.9176 -0.0741 -0.3906
vn 0.2285 -0.0179 -0.9734
vn 0.5911 -0.1214 -0.7974
vn 0.8894 -0.1836 -0.4186
vn 0.1897 -0.0353 -0.9812
vn 0.5157 -0.3176 -0.7957
vn 0.7843 -0.4732 -0.4013
vn 0.1532 -0.0976 -0.9834
vn 0.3675 -0.5562 -0.7454
vn 0.5470 -0.7685 -0.3319
vn 0.1117 -0.1865 -0.9761
vn 0.1678 -0.6488 -0.7422
vn 0.2757 -0.9164 -0.2901
vn 0.0507 -0.2162 -0.9750
vn 0.0432 -0.6892 -0.7233
vn 0.0743 -0.9679 -0.2403
vn 0.0121 -0.2338 -0.9722
vn -0.0001 -0.7564 -0.6542
vn -0.0000 -0.9814 -0.1918
vn 0.0001 -0.2811 -0.9597
vn -0.0001 -0.7321 -0.6812
vn 0.0000 -0.9780 -0.2086
vn -0.0000 -0.2639 -0.9645
vn 0.0000 -0.0893 -0.9960
vn 0.0010 -0.0766 -0.9971
vn 0.0001 -0.0890 -0.9960
vn 0.0494 -0.0004 -0.9988
vn 0.0547 -0.0069 -0.9985
vn 0.0591 -0.0041 -0.9982
vn 0.0597 -0.0006 -0.9982
vn 0.0523 -0.0021 -0.9986
vn 0.0357 -0.0262 -0.9990
vn 0.0332 -0.0275 -0.9991
vn 0.0196 -0.0516 -0.9985
vn 0.0407 -0.0190 -0.9990
vn 0.0038 -0.0790 -0.9969
vn 0.0078 -0.0652 -0.9978
vn 0.0147 -0.0682 -0.9976
vn 0.0032 0.0367 -0.9993
vn 0.0006 0.0417 -0.9991
vn -0.0000 0.0407 -0.9992
vn 0.0001 0.0409 -0.9992
vn 0.0160 0.0216 -0.9996
vn 0.0051 0.0375 -0.9993
vn 0.0408 0.0098 -0.9991
vn 0.0418 0.0176 -0.9990
vn 0.0231 0.0134 -0.9996
vn 0.0584 0.0003 -0.9983
vn 0.0538 0.0057 -0.9985
vn 0.0540 0.0005 -0.9985
vn 0.0680 -0.0001 -0.9977
vn 0.0673 0.0037 -0.9977
vn 0.0734 0.0002 -0.9973
vn 0.0727 0.0019 -0.9974
vn 0.0749 0.0003 -0.9972
vn 0.0753 0.0008 -0.9972
vn 0.0752 -0.0000 -0.9972
vn 0.0754 -0.0004 -0.9972
vn 0.0735 -0.0001 -0.9973
vn 0.0737 -0.0016 -0.9973
vn 0.0698 -0.0002 -0.9976
vn 0.0696 -0.0026 -0.9976
vn 0.0649 -0.0002 -0.9979
vn 0.0639 -0.0035 -0.9979
vn 0.9522 -0.1793 -0.2474
vn 0.9649 -0.0783 -0.2506
vn 0.8713 -0.4308 -0.2352
vn 0.9657 -0.0615 -0.2523
vn 0.9669 -0.0436 -0.2515
vn 0.9675 -0.0246 -0.2518
vn 0.9676 -0.0067 -0.2524
vn 0.9680 0.0117 -0.2505
vn 0.9673 0.0313 -0.2516
vn 0.9674 0.0527 -0.2478
vn 0.3715 0.8490 -0.3757
vn 0.0959 0.9199 -0.3802
vn 0.0992 0.9182 -0.3835
vn 0.3889 0.8358 -0.3875
vn 0.1099 -0.9920 -0.0615
vn 0.3886 -0.9126 -0.1271
vn 0.6739 -0.7142 -0.1894
vn 0.9700 0.1543 -0.1877
vn 0.9764 0.1544 -0.1511
vn 0.8909 0.3883 -0.2358
vn 0.8871 0.3781 -0.2647
vn 0.6780 0.6566 -0.3304
vn 0.6969 0.6298 -0.3430
vn 0.9619 0.1559 -0.2244
vn 0.9745 0.0525 -0.2181
vn 0.9826 0.0526 -0.1783
vn 0.9739 0.0312 -0.2248
vn 0.9827 0.0315 -0.1822
vn 0.9743 0.0118 -0.2248
vn 0.9832 0.0119 -0.1822
vn 0.9744 -0.0068 -0.2246
vn 0.9833 -0.0068 -0.1821
vn 0.9741 -0.0248 -0.2248
vn 0.9829 -0.0250 -0.1822
vn 0.9734 -0.0440 -0.2248
vn 0.9823 -0.0444 -0.1822
vn 0.9724 -0.0619 -0.2248
vn 0.9813 -0.0626 -0.1822
vn 0.9712 -0.0783 -0.2251
vn 0.9800 -0.0790 -0.1825
vn 0.9603 -0.1797 -0.2135
vn 0.9686 -0.1803 -0.1712
vn 0.8758 -0.4362 -0.2067
vn 0.8838 -0.4374 -0.1659
vn 0.6716 -0.7206 -0.1723
vn 0.6774 -0.7218 -0.1416
vn 0.3833 -0.9163 -0.1163
vn 0.3870 -0.9168 -0.0982
vn 0.1091 -0.9923 -0.0578
vn 0.1106 -0.9924 -0.0531
vn 0.3747 0.8364 -0.4001
vn 0.0938 0.9173 -0.3870
vn 0.3467 0.8627 -0.3682
vn 0.0840 0.9222 -0.3776
vn 0.8754 0.3799 -0.2988
vn 0.9763 0.1732 -0.1299
vn 0.8586 0.4564 -0.2335
vn 0.6815 0.6325 -0.3681
vn 0.6366 0.6998 -0.3240
vn 0.9897 0.0530 -0.1329
vn 0.9941 0.0531 -0.0947
vn 0.9905 0.0320 -0.1335
vn 0.9951 0.0324 -0.0935
vn 0.9910 0.0120 -0.1335
vn 0.9955 0.0121 -0.0940
vn 0.9910 -0.0069 -0.1334
vn 0.9956 -0.0069 -0.0936
vn 0.9907 -0.0252 -0.1335
vn 0.9952 -0.0254 -0.0941
vn 0.9900 -0.0448 -0.1335
vn 0.9945 -0.0450 -0.0942
vn 0.9890 -0.0631 -0.1335
vn 0.9936 -0.0634 -0.0939
vn 0.9878 -0.0797 -0.1338
vn 0.9923 -0.0802 -0.0944
vn 0.9752 -0.1812 -0.1274
vn 0.9790 -0.1808 -0.0939
vn 0.8891 -0.4407 -0.1236
vn 0.8941 -0.4379 -0.0942
vn 0.6826 -0.7226 -0.1086
vn 0.6862 -0.7225 -0.0846
vn 0.3915 -0.9167 -0.0799
vn 0.3929 -0.9172 -0.0667
vn 0.1109 -0.9927 -0.0481
vn 0.1120 -0.9927 -0.0447
vn 0.0262 -0.0445 -0.9987
vn 0.0480 -0.0085 -0.9988
vn 0.0240 0.0118 -0.9996
vn 0.0241 0.0115 -0.9996
vn 0.0000 0.6349 -0.7726
vn -0.1173 0.6241 -0.7725
vn -0.2350 0.5901 -0.7724
vn -0.3482 0.5314 -0.7723
vn -0.4493 0.4492 -0.7722
vn -0.5314 0.3482 -0.7723
vn -0.5901 0.2350 -0.7724
vn -0.6241 0.1173 -0.7725
vn -0.6349 -0.0000 -0.7726
vn -0.6241 -0.1173 -0.7725
vn -0.5901 -0.2350 -0.7724
vn -0.5314 -0.3482 -0.7723
vn -0.4493 -0.4493 -0.7722
vn -0.3482 -0.5314 -0.7723
vn -0.2350 -0.5901 -0.7724
vn -0.1173 -0.6241 -0.7725
vn -0.0000 -0.6349 -0.7726
vn 0.1173 0.6241 -0.7725
vn 0.2350 0.5901 -0.7724
vn 0.3482 0.5314 -0.7723
vn 0.4493 0.4493 -0.7722
vn 0.5314 0.3482 -0.7723
vn 0.5901 0.2350 -0.7724
vn 0.6241 0.1173 -0.7725
vn 0.6349 -0.0000 -0.7726
vn 0.6241 -0.1173 -0.7725
vn 0.5901 -0.2350 -0.7724
vn 0.5314 -0.3482 -0.7723
vn 0.4493 -0.4492 -0.7722
vn 0.3496 -0.5341 -0.7698
vn 0.2353 -0.5915 -0.7712
vn 0.1173 -0.6241 -0.7725
vn -0.0000 0.3851 -0.9229
vn -0.0712 0.3787 -0.9228
vn -0.1428 0.3585 -0.9226
vn -0.2117 0.3230 -0.9224
vn -0.2732 0.2732 -0.9224
vn -0.3230 0.2117 -0.9224
vn -0.3585 0.1428 -0.9226
vn -0.3787 0.0712 -0.9228
vn -0.3851 0.0000 -0.9229
vn -0.3787 -0.0712 -0.9228
vn -0.3585 -0.1428 -0.9226
vn -0.3230 -0.2117 -0.9224
vn -0.2732 -0.2732 -0.9224
vn -0.2117 -0.3230 -0.9224
vn -0.1428 -0.3585 -0.9226
vn -0.0712 -0.3787 -0.9228
vn -0.0000 -0.3851 -0.9229
vn 0.0712 0.3787 -0.9228
vn 0.1428 0.3585 -0.9226
vn 0.2117 0.3230 -0.9224
vn 0.2732 0.2732 -0.9224
vn 0.3230 0.2117 -0.9224
vn 0.3585 0.1428 -0.9226
vn 0.3787 0.0712 -0.9228
vn 0.3851 0.0000 -0.9229
vn 0.3787 -0.0712 -0.9228
vn 0.3585 -0.1428 -0.9226
vn 0.3230 -0.2117 -0.9224
vn 0.2742 -0.2713 -0.9226
vn 0.2155 -0.3246 -0.9210
vn 0.1427 -0.3599 -0.9220
vn 0.0705 -0.3787 -0.9228
vn 0.0000 0.0995 -0.9950
vn -0.0000 -0.6866 -0.7270
vn 0.1267 -0.6741 -0.7277
vn -0.0184 0.0980 -0.9950
vn 0.2533 -0.6361 -0.7288
vn -0.0370 0.0929 -0.9950
vn 0.3749 -0.5720 -0.7296
vn -0.0549 0.0838 -0.9950
vn 0.4834 -0.4834 -0.7299
vn -0.0709 0.0709 -0.9950
vn 0.5720 -0.3748 -0.7296
vn -0.0838 0.0549 -0.9950
vn 0.6361 -0.2533 -0.7288
vn -0.0929 0.0370 -0.9950
vn 0.6741 -0.1267 -0.7277
vn -0.0980 0.0184 -0.9950
vn 0.6866 0.0000 -0.7270
vn -0.0995 -0.0000 -0.9950
vn 0.6741 0.1267 -0.7277
vn -0.0980 -0.0184 -0.9950
vn 0.6361 0.2533 -0.7288
vn -0.0929 -0.0370 -0.9950
vn 0.5721 0.3749 -0.7295
vn -0.0838 -0.0549 -0.9950
vn 0.4834 0.4834 -0.7298
vn -0.0709 -0.0709 -0.9950
vn 0.3749 0.5721 -0.7295
vn -0.0549 -0.0838 -0.9950
vn 0.2533 0.6361 -0.7288
vn -0.0370 -0.0929 -0.9950
vn 0.1267 0.6741 -0.7277
vn -0.0184 -0.0980 -0.9950
vn -0.0000 0.6866 -0.7270
vn -0.0000 -0.0995 -0.9950
vn 0.0184 0.0980 -0.9950
vn -0.1267 -0.6741 -0.7277
vn 0.0370 0.0929 -0.9950
vn -0.2533 -0.6361 -0.7289
vn 0.0549 0.0838 -0.9950
vn -0.3748 -0.5720 -0.7296
vn 0.0709 0.0709 -0.9950
vn -0.4834 -0.4834 -0.7298
vn 0.0838 0.0549 -0.9950
vn -0.5720 -0.3748 -0.7296
vn 0.0929 0.0370 -0.9950
vn -0.6361 -0.2533 -0.7288
vn 0.0980 0.0184 -0.9950
vn -0.6741 -0.1267 -0.7277
vn 0.0995 0.0000 -0.9950
vn -0.6866 -0.0000 -0.7270
vn 0.0980 -0.0184 -0.9950
vn -0.6741 0.1267 -0.7277
vn 0.0929 -0.0370 -0.9950
vn -0.6361 0.2533 -0.7288
vn 0.0838 -0.0549 -0.9950
vn -0.5720 0.3749 -0.7296
vn 0.0709 -0.0709 -0.9950
vn -0.4834 0.4834 -0.7298
vn 0.0539 -0.0825 -0.9951
vn -0.3749 0.5720 -0.7296
vn 0.0366 -0.0922 -0.9951
vn -0.2533 0.6361 -0.7289
vn 0.0184 -0.0980 -0.9950
vn -0.1267 0.6741 -0.7277
vn 0.0139 0.0352 -0.9993
vn 0.0203 0.0323 -0.9993
vn 0.0262 0.0280 -0.9993
vn 0.0314 0.0224 -0.9993
vn 0.0352 0.0151 -0.9993
vn 0.0375 0.0069 -0.9993
vn 0.0384 -0.0013 -0.9993
vn 0.0272 -0.0253 -0.9993
vn 0.0239 -0.0303 -0.9993
vn -0.0168 0.0297 -0.9994
vn -0.0215 0.0258 -0.9994
vn -0.0279 0.0177 -0.9995
vn -0.0343 0.0061 -0.9994
vn -0.0377 -0.0032 -0.9993
vn -0.0329 -0.0107 -0.9994
vn -0.0279 -0.0172 -0.9995
vn -0.0246 -0.1231 -0.9921
vn -0.0318 -0.1084 -0.9936
vn -0.2069 -0.0014 -0.9784
vn -0.1783 -0.0031 -0.9840
vn -0.4369 -0.0022 -0.8995
vn -0.4584 -0.0008 -0.8887
vn -0.1503 -0.0467 -0.9875
vn -0.4191 -0.0451 -0.9068
vn -0.1390 0.0307 -0.9898
vn -0.1825 0.0082 -0.9832
vn -0.2624 0.0059 -0.9649
vn -0.4058 0.0343 -0.9133
vn -0.1991 0.0182 -0.9798
vn -0.2419 0.0013 -0.9703
vn -0.4915 0.0007 -0.8709
vn -0.4829 0.0155 -0.8755
vn -0.2739 0.0009 -0.9618
vn -0.5145 0.0007 -0.8575
vn -0.2845 0.0004 -0.9587
vn -0.5237 0.0007 -0.8519
vn -0.2911 -0.0001 -0.9567
vn -0.5269 0.0001 -0.8499
vn -0.2745 -0.0006 -0.9616
vn -0.5166 -0.0006 -0.8562
vn -0.2548 -0.0012 -0.9670
vn -0.4991 -0.0008 -0.8665
vn -0.2206 -0.0013 -0.9754
vn -0.4738 -0.0008 -0.8806
vn -0.0005 0.1859 -0.9826
vn -0.0008 0.1522 -0.9883
vn -0.0003 0.4176 -0.9086
vn -0.0002 0.4528 -0.8916
vn 0.0005 0.1861 -0.9825
vn 0.0000 0.4535 -0.8913
vn 0.0055 0.1248 -0.9922
vn 0.0000 0.1316 -0.9913
vn 0.0000 0.3980 -0.9174
vn 0.0032 0.3928 -0.9196
vn 0.0002 0.1350 -0.9908
vn -0.0001 0.4063 -0.9137
vn 0.0094 0.1041 -0.9945
vn -0.0356 0.3761 -0.9259
vn -0.1501 0.2239 -0.9630
vn -0.0244 0.0590 -0.9980
vn -0.0026 -0.2212 -0.9752
vn -0.0000 -0.2205 -0.9754
vn -0.0000 -0.4777 -0.8785
vn -0.0014 -0.4765 -0.8792
vn 0.0000 -0.2202 -0.9754
vn -0.0000 -0.4774 -0.8787
vn 0.0000 -0.2200 -0.9755
vn -0.0000 -0.4772 -0.8788
vn -0.0442 -0.1511 -0.9875
vn -0.0436 -0.4202 -0.9064
vn 0.0000 -0.2201 -0.9755
vn 0.0001 -0.2194 -0.9756
vn 0.0001 -0.4752 -0.8799
vn 0.0000 -0.4765 -0.8792
vn 0.0000 -0.2198 -0.9755
vn 0.0000 -0.4769 -0.8790
vn 0.0107 -0.1964 -0.9805
vn 0.0182 -0.1901 -0.9816
vn 0.0156 -0.4362 -0.8997
vn 0.0085 -0.4541 -0.8909
vn 0.0127 -0.1629 -0.9866
vn -0.0242 -0.4170 -0.9086
vn -0.0203 -0.0780 -0.9967
vn -0.1369 -0.2231 -0.9651
vn -0.1215 -0.1241 -0.9848
vn -0.3073 -0.3106 -0.8995
vn -0.4044 -0.1648 -0.8996
vn -0.1622 -0.4065 -0.8991
vn -0.1096 0.1164 -0.9871
vn -0.2908 0.3086 -0.9056
vn -0.1502 0.3989 -0.9046
vn -0.0287 0.1405 -0.9897
vn -0.3889 0.1631 -0.9067
vn -0.0975 0.9865 -0.1312
vn -0.0945 0.9843 -0.1492
vn -0.0000 0.9887 -0.1497
vn -0.0004 0.9897 -0.1431
vn -0.0003 0.9852 -0.1717
vn 0.0000 0.9885 -0.1513
vn -0.0000 0.9852 -0.1714
vn 0.0002 0.9850 -0.1728
vn 0.0000 0.9885 -0.1515
vn -0.0000 0.9884 -0.1517
vn 0.0003 0.9894 -0.1452
vn -0.0501 0.9854 -0.1625
vn -0.1446 0.9630 -0.2275
vn 0.0005 0.9914 -0.1308
vn -0.9916 -0.0002 -0.1293
vn -0.9795 -0.0000 -0.2016
vn -0.9795 0.0000 -0.2016
vn -0.9919 -0.0001 -0.1267
vn -0.9865 -0.0983 -0.1308
vn -0.9842 -0.0951 -0.1492
vn -0.9931 0.0002 -0.1174
vn -0.9795 0.0000 -0.2015
vn -0.9837 0.0000 -0.1796
vn -0.9922 0.0003 -0.1250
vn -0.9925 0.0001 -0.1219
vn -0.9928 0.0001 -0.1196
vn -0.9798 -0.0000 -0.1998
vn -0.9930 0.0001 -0.1179
vn -0.9875 -0.0000 -0.1577
vn -0.9931 0.0000 -0.1170
vn -0.9795 0.0000 -0.2012
vn -0.9929 -0.0001 -0.1187
vn -0.9795 -0.0000 -0.2017
vn -0.9926 -0.0001 -0.1212
vn -0.9922 -0.0001 -0.1245
vn -0.0000 -0.9856 -0.1691
vn 0.0006 -0.9885 -0.1513
vn -0.0000 -0.9885 -0.1513
vn -0.0008 -0.9854 -0.1703
vn -0.0000 -0.9860 -0.1665
vn 0.0006 -0.9806 -0.1958
vn -0.0000 -0.9861 -0.1664
vn -0.0000 -0.9806 -0.1958
vn -0.0950 -0.9842 -0.1492
vn -0.0993 -0.9865 -0.1302
vn 0.0000 -0.9860 -0.1665
vn -0.0004 -0.9806 -0.1959
vn 0.0000 -0.9806 -0.1959
vn 0.0000 -0.9861 -0.1663
vn 0.0000 -0.9807 -0.1957
vn -0.0592 -0.9848 -0.1634
vn 0.0011 -0.9850 -0.1724
vn 0.0028 -0.9847 -0.1745
vn 0.0027 -0.9885 -0.1513
vn -0.9157 -0.3801 -0.1303
vn -0.7026 -0.6997 -0.1293
vn -0.6841 -0.6842 -0.2526
vn -0.8966 -0.3639 -0.2523
vn -0.3830 -0.9145 -0.1302
vn -0.3636 -0.8967 -0.2523
vn -0.3800 0.9157 -0.1311
vn -0.6998 0.7023 -0.1306
vn -0.6842 0.6841 -0.2527
vn -0.3634 0.8968 -0.2523
vn -0.9143 0.3830 -0.1318
vn -0.9863 0.0991 -0.1320
vn -0.9842 0.0951 -0.1492
vn -0.8967 0.3638 -0.2523
vn -0.9225 -0.0004 -0.3861
vn -0.9195 -0.0009 -0.3932
vn -0.9126 -0.0945 -0.3978
vn -0.9106 0.0949 -0.4022
vn -0.9267 0.0013 -0.3758
vn -0.9379 0.0008 -0.3470
vn -0.9288 0.0003 -0.3707
vn -0.9330 0.0003 -0.3598
vn -0.9356 0.0003 -0.3531
vn -0.9371 0.0000 -0.3491
vn -0.9348 -0.0002 -0.3551
vn -0.9308 -0.0003 -0.3655
vn -0.9258 -0.0003 -0.3780
vn -0.0001 0.8941 -0.4478
vn -0.0001 0.9092 -0.4164
vn 0.0000 0.8940 -0.4481
vn 0.0006 0.9158 -0.4016
vn -0.0000 0.9087 -0.4175
vn 0.0001 0.8931 -0.4498
vn -0.0641 0.7025 -0.7088
vn 0.0024 0.7044 -0.7098
vn -0.0819 0.9231 -0.3756
vn -0.5525 0.5651 -0.6127
vn -0.4458 0.5843 -0.6781
vn -0.0006 -0.8972 -0.4417
vn -0.0000 -0.8980 -0.4400
vn -0.0000 -0.8981 -0.4398
vn -0.0000 -0.8982 -0.4396
vn -0.0944 -0.9130 -0.3969
vn -0.0000 -0.8984 -0.4392
vn 0.0000 -0.8984 -0.4392
vn -0.0000 -0.8983 -0.4395
vn 0.0036 -0.8933 -0.4494
vn 0.0070 -0.8874 -0.4609
vn -0.0468 -0.8859 -0.4614
vn -0.0342 -0.6907 -0.7224
vn -0.2649 -0.3952 -0.8796
vn -0.3834 -0.5416 -0.7481
vn -0.7122 -0.0754 -0.6979
vn -0.6691 -0.2842 -0.6867
vn -0.8479 -0.3592 -0.3899
vn -0.5141 -0.5160 -0.6852
vn -0.2822 -0.6709 -0.6858
vn -0.3597 -0.8479 -0.3894
vn -0.6519 -0.6515 -0.3880
vn -0.0705 0.7097 -0.7010
vn -0.2749 0.6689 -0.6906
vn -0.3550 0.8485 -0.3925
vn -0.0918 0.9121 -0.3996
vn -0.5070 0.5136 -0.6922
vn -0.6624 0.2824 -0.6939
vn -0.8452 0.3602 -0.3949
vn -0.6480 0.6528 -0.3925
vn -0.4483 0.4483 -0.7733
vn -0.2522 0.5720 -0.7805
vn -0.8833 0.0726 -0.4632
vn -0.5718 0.2526 -0.7805
vn -0.1045 0.1045 -0.9890
vn -0.0643 0.7985 -0.5985
vn -0.9357 0.0114 -0.3526
vn -0.7985 0.0644 -0.5985
vn -0.0718 0.8833 -0.4633
vn -0.0000 0.8843 -0.4669
vn -0.0114 0.9357 -0.3526
vn 0.0000 0.9381 -0.3464
vn -0.0000 0.8844 -0.4668
vn -0.0000 0.8843 -0.4670
vn -0.0000 0.9382 -0.3462
vn -0.0000 0.8842 -0.4671
vn 0.0000 0.9382 -0.3461
vn 0.0000 0.8826 -0.4700
vn 0.0000 0.9375 -0.3479
vn -0.8828 0.0006 -0.4698
vn -0.9470 0.0000 -0.3214
vn -0.8828 -0.0000 -0.4698
vn -0.8828 0.0003 -0.4698
vn -0.9536 -0.0000 -0.3010
vn -0.8826 -0.0004 -0.4701
vn -0.9530 -0.0000 -0.3031
vn -0.8788 0.0000 -0.4773
vn -0.9363 -0.0000 -0.3511
vn -0.8828 0.0004 -0.4698
vn -0.9535 -0.0000 -0.3014
vn -0.8828 0.0000 -0.4697
vn -0.9537 0.0000 -0.3009
vn -0.9536 -0.0000 -0.3009
vn -0.8828 0.0000 -0.4698
vn -0.9537 -0.0000 -0.3009
vn -0.9536 0.0000 -0.3009
vn -0.8828 -0.0006 -0.4698
vn -0.9536 0.0000 -0.3010
vn -0.8833 -0.0728 -0.4632
vn -0.9349 -0.0115 -0.3546
vn -0.5718 -0.2526 -0.7805
vn -0.7985 -0.0644 -0.5985
vn -0.2527 -0.5720 -0.7804
vn -0.4485 -0.4483 -0.7733
vn -0.0641 -0.7985 -0.5985
vn -0.1044 -0.1046 -0.9890
vn -0.5773 -0.5773 -0.5774
vn -0.0000 -0.8839 -0.4676
vn -0.0722 -0.8829 -0.4639
vn -0.0000 -0.9378 -0.3472
vn -0.0114 -0.9355 -0.3533
vn -0.0000 -0.8605 -0.5094
vn -0.0000 -0.9378 -0.3473
vn -0.0000 -0.8604 -0.5096
vn 0.0000 -0.8604 -0.5096
vn 0.0000 -0.9378 -0.3473
vn -0.0466 -0.8877 -0.4581
vn -0.0302 -0.9443 -0.3278
vn -0.0395 0.4128 -0.9100
vn -0.2505 -0.7892 -0.5608
vn -0.3076 -0.8314 -0.4628
vn -0.1943 -0.0203 -0.9807
vn -0.2265 -0.1625 -0.9604
vn -0.2748 -0.8820 -0.3827
vn -0.1786 -0.8396 -0.5131
vn -0.1214 -0.9475 -0.2959
vn -0.2072 -0.9443 -0.2558
vn -0.4394 -0.6716 -0.5965
vn -0.3086 -0.8840 -0.3512
vn -0.1900 0.8394 -0.5092
vn -0.0446 0.8837 -0.4659
vn -0.0304 0.9437 -0.3294
vn -0.1212 0.9477 -0.2954
vn -0.2641 0.8918 -0.3673
vn -0.2039 0.9461 -0.2517
vn -0.2548 0.7669 -0.5890
vn -0.1880 0.7604 -0.6217
vn -0.2587 0.1695 -0.9510
vn -0.3062 0.4418 -0.8432
vn -0.3994 0.7936 -0.4591
vn -0.3372 0.7854 -0.5191
vn 0.0037 0.0005 -1.0000
vn -0.1691 0.0000 -0.9856
vn -0.1739 0.0005 -0.9848
vn 0.0100 0.0012 -0.9999
vn -0.2155 0.0132 -0.9764
vn -0.1650 0.0000 -0.9863
vn 0.0063 0.0027 -1.0000
vn 0.0216 -0.0117 -0.9997
vn -0.1260 -0.0001 -0.9920
vn 0.0329 -0.0060 -0.9994
vn -0.1259 0.0008 -0.9920
vn 0.0393 -0.0024 -0.9992
vn -0.1146 -0.0001 -0.9934
vn 0.0742 0.0000 -0.9972
vn -0.0283 0.0000 -0.9996
vn -0.1006 -0.0002 -0.9949
vn 0.0472 -0.0004 -0.9989
vn -0.0925 0.0003 -0.9957
vn 0.0488 0.0003 -0.9988
vn 0.0746 -0.0000 -0.9972
vn -0.0291 -0.0001 -0.9996
vn -0.0163 0.0003 -0.9999
vn 0.0792 -0.0003 -0.9969
vn -0.0306 0.0000 -0.9995
vn 0.0582 0.0001 -0.9983
vn -0.0041 -0.0002 -1.0000
vn 0.0876 0.0003 -0.9962
vn -0.0036 -0.0000 -1.0000
vn 0.0879 0.0000 -0.9961
vn -0.0055 -0.0001 -1.0000
vn 0.0870 0.0000 -0.9962
vn -0.0113 -0.0001 -0.9999
vn 0.0837 0.0000 -0.9965
vn -0.0193 -0.0001 -0.9998
vn 0.0792 0.0000 -0.9969
vn -0.4951 0.0005 -0.8688
vn -0.4955 0.0007 -0.8686
vn -0.2092 0.7174 -0.6645
vn -0.3330 0.7466 -0.5759
vn -0.4984 -0.0032 -0.8669
vn -0.4948 -0.0013 -0.8690
vn -0.4268 -0.0026 -0.9043
vn -0.4595 -0.0107 -0.8881
vn -0.4313 0.0069 -0.9022
vn -0.4430 0.0056 -0.8965
vn -0.3424 0.0000 -0.9396
vn -0.4406 -0.0002 -0.8977
vn -0.4142 0.0003 -0.9102
vn -0.3430 0.0000 -0.9393
vn -0.3216 0.0002 -0.9469
vn -0.2971 0.0001 -0.9549
vn -0.3091 -0.0001 -0.9510
vn -0.3081 -0.0000 -0.9513
vn -0.3118 -0.0001 -0.9501
vn -0.3197 -0.0001 -0.9475
vn -0.3305 -0.0001 -0.9438
vn -0.7808 -0.0000 -0.6248
vn -0.9401 -0.0001 -0.3409
vn -0.9401 0.0002 -0.3409
vn -0.7805 0.0003 -0.6251
vn -0.5111 0.7522 -0.4160
vn -0.6305 0.7417 -0.2288
vn -0.9401 0.0003 -0.3410
vn -0.7771 -0.0000 -0.6293
vn -0.7812 -0.0000 -0.6243
vn -0.9401 0.0001 -0.3408
vn -0.7405 -0.0000 -0.6721
vn -0.9394 0.0011 -0.3428
vn -0.9397 0.0024 -0.3419
vn -0.7546 0.0000 -0.6562
vn -0.7443 -0.0000 -0.6679
vn -0.9395 -0.0009 -0.3426
vn -0.7604 0.0000 -0.6494
vn -0.9399 -0.0008 -0.3416
vn -0.7146 -0.0001 -0.6996
vn -0.9343 -0.0004 -0.3565
vn -0.9398 -0.0004 -0.3417
vn -0.7613 -0.0004 -0.6484
vn -0.9366 0.0004 -0.3504
vn -0.7455 0.0004 -0.6665
vn -0.7146 0.0001 -0.6995
vn -0.9340 0.0002 -0.3572
vn -0.9369 -0.0001 -0.3497
vn -0.7087 -0.0002 -0.7055
vn -0.9430 -0.0000 -0.3329
vn -0.7022 0.0000 -0.7120
vn -0.9378 -0.0000 -0.3472
vn -0.7049 0.0002 -0.7093
vn -0.9379 0.0000 -0.3469
vn -0.7046 -0.0000 -0.7096
vn -0.9376 0.0000 -0.3477
vn -0.7059 -0.0000 -0.7083
vn -0.9368 0.0001 -0.3500
vn -0.7082 0.0000 -0.7060
vn -0.9356 0.0001 -0.3531
vn -0.7113 0.0000 -0.7029
vn -0.5774 0.5773 -0.5774
vn -0.9954 -0.0000 -0.0954
vn -1.0000 -0.0000 0.0000
vn -0.9952 0.0000 -0.0979
vn -0.9954 -0.0000 -0.0958
vn -1.0000 0.0000 0.0000
vn -0.9952 0.0000 -0.0981
vn -0.9948 -0.0000 -0.1018
vn -1.0000 -0.0000 -0.0001
vn -1.0000 0.0000 -0.0001
vn -0.9948 -0.0001 -0.1019
vn -0.6795 0.7305 -0.0688
vn -0.7084 0.7058 -0.0000
vn -1.0000 -0.0036 -0.0000
vn -0.9949 -0.0000 -0.1011
vn -0.9948 -0.0000 -0.1019
vn -1.0000 -0.0018 -0.0001
vn -0.9952 0.0002 -0.0980
vn -1.0000 0.0002 0.0004
vn -0.9951 0.0002 -0.0985
vn -1.0000 0.0000 0.0001
vn -0.9950 -0.0003 -0.1000
vn -0.9951 -0.0001 -0.0986
vn -1.0000 0.0000 0.0003
vn -0.9956 0.0002 -0.0934
vn -1.0000 0.0000 0.0002
vn -0.9966 -0.0000 -0.0827
vn -0.9958 -0.0002 -0.0913
vn -1.0000 -0.0000 0.0003
vn -0.9958 -0.0000 -0.0911
vn -0.9958 -0.0000 -0.0918
vn -0.9956 -0.0000 -0.0935
vn -1.0000 0.0002 0.0003
vn -0.1044 0.0306 -0.9941
vn -0.1022 0.0337 -0.9942
vn -0.1004 0.0364 -0.9943
vn 0.0039 0.1182 -0.9930
vn -0.1077 0.0264 -0.9938
vn -0.1157 0.0196 -0.9931
vn -0.9944 -0.0985 -0.0394
vn -0.9776 -0.2065 -0.0414
vn -0.9768 -0.2101 -0.0415
vn -0.9943 -0.0986 -0.0396
vn -0.9943 -0.0986 -0.0395
vn -0.9753 -0.2169 -0.0417
vn -0.9745 -0.2203 -0.0418
vn -0.9722 -0.2304 -0.0410
vn -0.9944 -0.0987 -0.0379
vn -0.8805 -0.4717 -0.0468
vn -0.8767 -0.4787 -0.0470
vn -0.8691 -0.4924 -0.0474
vn -0.8525 -0.5205 -0.0483
vn -0.9962 -0.0775 -0.0387
vn -0.9962 -0.0776 -0.0387
vn -0.9963 -0.0773 -0.0385
vn -0.9963 -0.0774 -0.0386
vn -0.9978 -0.0526 -0.0393
vn -0.9978 -0.0527 -0.0392
vn -0.9979 -0.0523 -0.0391
vn -0.9979 -0.0524 -0.0393
vn -0.9979 -0.0520 -0.0385
vn -0.9989 -0.0277 -0.0376
vn -0.9989 -0.0276 -0.0376
vn -0.9987 -0.0275 -0.0422
vn -0.9992 -0.0033 -0.0388
vn -0.9992 -0.0032 -0.0388
vn -0.9992 -0.0035 -0.0388
vn -0.9992 -0.0034 -0.0388
vn -0.9993 -0.0036 -0.0378
vn -0.9991 0.0191 -0.0384
vn -0.9991 0.0194 -0.0385
vn -0.9991 0.0193 -0.0385
vn -0.9990 0.0199 -0.0404
vn -0.9985 0.0403 -0.0381
vn -0.9985 0.0404 -0.0382
vn -0.9985 0.0401 -0.0378
vn -0.9985 0.0402 -0.0381
vn -0.9983 0.0400 -0.0427
vn -0.9971 0.0651 -0.0393
vn -0.9971 0.0648 -0.0392
vn -0.9970 0.0662 -0.0389
vn -0.9970 0.0659 -0.0394
vn -0.9970 0.0676 -0.0384
vn -0.0912 0.9232 -0.3733
vn -0.0915 0.9232 -0.3732
vn -0.0921 0.9232 -0.3732
vn -0.0929 0.9231 -0.3732
vn -0.0852 -0.9957 -0.0373
vn -0.0839 -0.9958 -0.0378
vn -0.0838 -0.9958 -0.0378
vn -0.0841 -0.9957 -0.0378
vn -0.3345 -0.9413 -0.0445
vn -0.3363 -0.9407 -0.0445
vn -0.3307 -0.9427 -0.0444
vn -0.3213 -0.9459 -0.0442
vn -0.6098 -0.7910 -0.0491
vn -0.6160 -0.7862 -0.0490
vn -0.6442 -0.7633 -0.0488
vn -0.6492 -0.7591 -0.0488
vn -0.6339 -0.7719 -0.0489
vn -0.8644 0.4660 -0.1888
vn -0.8642 0.4664 -0.1889
vn -0.9784 0.1910 -0.0797
vn -0.9778 0.1935 -0.0797
vn -0.8671 0.4617 -0.1870
vn -0.9776 0.1950 -0.0790
vn -0.8721 0.4535 -0.1837
vn -0.6332 0.7175 -0.2902
vn -0.6295 0.7203 -0.2913
vn -0.6405 0.7119 -0.2880
vn -0.6504 0.7041 -0.2850
vn -0.3421 0.8712 -0.3522
vn -0.3398 0.8720 -0.3525
vn -0.3464 0.8697 -0.3516
vn -0.3516 0.8679 -0.3508
vn 0.2276 0.6914 -0.6857
vn 0.3581 0.6337 -0.6857
vn 0.3363 0.5952 -0.7298
vn 0.2137 0.6493 -0.7298
vn 0.4749 0.5517 -0.6857
vn 0.4460 0.5181 -0.7299
vn 0.5734 0.4484 -0.6857
vn 0.5385 0.4211 -0.7298
vn 0.6498 0.3279 -0.6857
vn 0.6103 0.3080 -0.7298
vn 0.7013 0.1949 -0.6857
vn 0.6587 0.1830 -0.7298
vn 0.7259 0.0543 -0.6857
vn 0.6817 0.0510 -0.7298
vn 0.7225 -0.0884 -0.6857
vn 0.6785 -0.0830 -0.7299
vn 0.6914 -0.2276 -0.6857
vn 0.6493 -0.2138 -0.7298
vn 0.6337 -0.3581 -0.6857
vn 0.5951 -0.3363 -0.7298
vn 0.5517 -0.4749 -0.6857
vn 0.5181 -0.4460 -0.7298
vn 0.4484 -0.5734 -0.6857
vn 0.4211 -0.5385 -0.7299
vn 0.3279 -0.6498 -0.6857
vn 0.3080 -0.6103 -0.7298
vn 0.1949 -0.7013 -0.6857
vn 0.1830 -0.6587 -0.7298
vn 0.0543 -0.7258 -0.6857
vn 0.0510 -0.6817 -0.7298
vn -0.0883 -0.7224 -0.6858
vn -0.0830 -0.6785 -0.7299
vn -0.2276 -0.6914 -0.6857
vn -0.2137 -0.6493 -0.7299
vn -0.3581 -0.6337 -0.6857
vn -0.3363 -0.5952 -0.7298
vn -0.4749 -0.5517 -0.6857
vn -0.4460 -0.5181 -0.7299
vn -0.5734 -0.4484 -0.6857
vn -0.5385 -0.4211 -0.7298
vn -0.6498 -0.3279 -0.6857
vn -0.6103 -0.3080 -0.7298
vn -0.7013 -0.1949 -0.6857
vn -0.6586 -0.1830 -0.7299
vn -0.7259 -0.0543 -0.6857
vn -0.6817 -0.0510 -0.7299
vn -0.7225 0.0884 -0.6857
vn -0.6786 0.0830 -0.7298
vn -0.6914 0.2276 -0.6857
vn -0.6494 0.2138 -0.7298
vn -0.6337 0.3581 -0.6857
vn -0.5952 0.3363 -0.7298
vn -0.5517 0.4749 -0.6857
vn -0.5181 0.4460 -0.7299
vn -0.4484 0.5734 -0.6857
vn -0.4211 0.5384 -0.7299
vn -0.3279 0.6498 -0.6857
vn -0.3080 0.6103 -0.7298
vn -0.1949 0.7013 -0.6857
vn -0.1830 0.6587 -0.7299
vn -0.0543 0.7258 -0.6857
vn -0.0510 0.6817 -0.7298
vn 0.0884 0.7225 -0.6857
vn 0.0830 0.6785 -0.7299
vn 0.9952 0.0980 0.0000
vn 0.6923 0.0682 -0.7184
vn 0.6957 -0.0000 -0.7184
vn 0.0887 0.0087 -0.9960
vn 0.0891 -0.0000 -0.9960
vn 0.3473 0.0342 -0.9371
vn 0.3490 0.0000 -0.9371
vn 0.6310 0.0621 -0.7733
vn 0.6341 -0.0000 -0.7732
vn 0.8331 0.0821 -0.5470
vn 0.8371 0.0000 -0.5470
vn 0.9556 0.0941 -0.2791
vn 0.9603 -0.0000 -0.2791
vn 0.9928 0.0978 -0.0695
vn 0.9976 -0.0000 -0.0695
vn 0.9928 0.0978 0.0695
vn 0.9976 -0.0000 0.0695
vn 0.9556 0.0941 0.2791
vn 0.9603 -0.0000 0.2791
vn 0.8331 0.0821 0.5470
vn 0.8371 0.0000 0.5470
vn 0.6311 0.0622 0.7732
vn 0.6341 -0.0000 0.7732
vn 0.3816 0.0376 0.9235
vn 0.3835 0.0000 0.9235
vn 0.1837 0.0181 0.9828
vn 0.1846 -0.0000 0.9828
vn 0.1090 0.0107 0.9940
vn 0.1096 -0.0000 0.9940
vn 0.0898 0.0088 0.9959
vn 0.0903 0.0000 0.9959
vn 0.0672 0.0066 0.9977
vn 0.0675 0.0000 0.9977
vn 0.0448 0.0044 0.9990
vn 0.0450 -0.0000 0.9990
vn 0.0225 0.0022 0.9997
vn 0.0226 0.0000 0.9997
vn 0.0000 -0.0000 1.0000
vn 0.9808 0.1951 0.0000
vn 0.6823 0.1357 -0.7183
vn 0.0874 0.0174 -0.9960
vn 0.3423 0.0681 -0.9371
vn 0.6219 0.1237 -0.7732
vn 0.8210 0.1633 -0.5470
vn 0.9418 0.1873 -0.2792
vn 0.9784 0.1946 -0.0695
vn 0.9784 0.1946 0.0695
vn 0.9418 0.1873 0.2792
vn 0.8210 0.1633 0.5470
vn 0.6219 0.1237 0.7732
vn 0.3761 0.0748 0.9235
vn 0.1811 0.0360 0.9828
vn 0.1075 0.0214 0.9940
vn 0.0885 0.0176 0.9959
vn 0.0662 0.0132 0.9977
vn 0.0441 0.0088 0.9990
vn 0.0222 0.0044 0.9997
vn 0.9569 0.2903 0.0000
vn 0.6658 0.2020 -0.7183
vn 0.0853 0.0259 -0.9960
vn 0.3339 0.1013 -0.9371
vn 0.6068 0.1841 -0.7733
vn 0.8011 0.2430 -0.5470
vn 0.9189 0.2787 -0.2791
vn 0.9546 0.2896 -0.0695
vn 0.9546 0.2896 0.0695
vn 0.9189 0.2787 0.2791
vn 0.8011 0.2430 0.5470
vn 0.6068 0.1841 0.7732
vn 0.3670 0.1113 0.9235
vn 0.1767 0.0536 0.9828
vn 0.1049 0.0318 0.9940
vn 0.0864 0.0262 0.9959
vn 0.0646 0.0196 0.9977
vn 0.0430 0.0131 0.9990
vn 0.0216 0.0066 0.9997
vn 0.9239 0.3827 0.0000
vn 0.6428 0.2662 -0.7183
vn 0.0824 0.0341 -0.9960
vn 0.3224 0.1335 -0.9371
vn 0.5858 0.2427 -0.7732
vn 0.7734 0.3203 -0.5470
vn 0.8872 0.3675 -0.2791
vn 0.9216 0.3818 -0.0695
vn 0.9216 0.3818 0.0695
vn 0.8872 0.3675 0.2791
vn 0.7734 0.3203 0.5470
vn 0.5859 0.2427 0.7732
vn 0.3543 0.1468 0.9235
vn 0.1705 0.0706 0.9828
vn 0.1012 0.0419 0.9940
vn 0.0834 0.0345 0.9959
vn 0.0624 0.0258 0.9977
vn 0.0416 0.0172 0.9990
vn 0.0209 0.0086 0.9997
vn 0.8819 0.4714 0.0000
vn 0.6136 0.3280 -0.7183
vn 0.0786 0.0420 -0.9960
vn 0.3078 0.1645 -0.9371
vn 0.5592 0.2989 -0.7733
vn 0.7383 0.3946 -0.5471
vn 0.8469 0.4527 -0.2791
vn 0.8798 0.4703 -0.0695
vn 0.8798 0.4703 0.0695
vn 0.8469 0.4527 0.2791
vn 0.7383 0.3946 0.5470
vn 0.5592 0.2989 0.7733
vn 0.3382 0.1808 0.9235
vn 0.1628 0.0870 0.9828
vn 0.0966 0.0517 0.9940
vn 0.0796 0.0425 0.9959
vn 0.0596 0.0318 0.9977
vn 0.0397 0.0212 0.9990
vn 0.0199 0.0107 0.9997
vn 0.8315 0.5556 0.0000
vn 0.5785 0.3865 -0.7183
vn 0.0741 0.0495 -0.9960
vn 0.2902 0.1939 -0.9371
vn 0.5272 0.3523 -0.7733
vn 0.6960 0.4651 -0.5470
vn 0.7984 0.5335 -0.2791
vn 0.8295 0.5542 -0.0695
vn 0.8295 0.5542 0.0695
vn 0.7984 0.5335 0.2791
vn 0.6960 0.4651 0.5470
vn 0.5272 0.3523 0.7732
vn 0.3189 0.2131 0.9235
vn 0.1535 0.1026 0.9828
vn 0.0911 0.0609 0.9940
vn 0.0750 0.0501 0.9959
vn 0.0562 0.0375 0.9977
vn 0.0374 0.0250 0.9990
vn 0.0188 0.0126 0.9997
vn 0.7730 0.6344 0.0000
vn 0.5378 0.4413 -0.7183
vn 0.0689 0.0566 -0.9960
vn 0.2698 0.2214 -0.9371
vn 0.4902 0.4023 -0.7732
vn 0.6471 0.5311 -0.5470
vn 0.7423 0.6092 -0.2791
vn 0.7711 0.6329 -0.0695
vn 0.7711 0.6329 0.0695
vn 0.7423 0.6092 0.2791
vn 0.6471 0.5311 0.5470
vn 0.4902 0.4023 0.7732
vn 0.2964 0.2433 0.9235
vn 0.1427 0.1171 0.9828
vn 0.0847 0.0695 0.9940
vn 0.0698 0.0573 0.9959
vn 0.0522 0.0428 0.9977
vn 0.0348 0.0285 0.9990
vn 0.0175 0.0143 0.9997
vn 0.7071 0.7071 0.0000
vn 0.4919 0.4919 -0.7184
vn 0.0630 0.0630 -0.9960
vn 0.2467 0.2467 -0.9371
vn 0.4484 0.4484 -0.7732
vn 0.5919 0.5919 -0.5470
vn 0.6790 0.6790 -0.2791
vn 0.7054 0.7054 -0.0695
vn 0.7054 0.7054 0.0695
vn 0.6790 0.6790 0.2791
vn 0.5919 0.5919 0.5470
vn 0.4484 0.4484 0.7732
vn 0.2712 0.2712 0.9235
vn 0.1305 0.1305 0.9828
vn 0.0775 0.0775 0.9940
vn 0.0638 0.0638 0.9959
vn 0.0478 0.0478 0.9977
vn 0.0318 0.0318 0.9990
vn 0.0160 0.0160 0.9997
vn 0.6344 0.7730 0.0000
vn 0.4413 0.5377 -0.7184
vn 0.0566 0.0689 -0.9960
vn 0.2214 0.2698 -0.9371
vn 0.4023 0.4902 -0.7732
vn 0.5310 0.6471 -0.5471
vn 0.6092 0.7423 -0.2791
vn 0.6329 0.7711 -0.0694
vn 0.6329 0.7711 0.0694
vn 0.6092 0.7423 0.2791
vn 0.5310 0.6471 0.5471
vn 0.4023 0.4902 0.7732
vn 0.2433 0.2964 0.9236
vn 0.1171 0.1427 0.9828
vn 0.0695 0.0847 0.9940
vn 0.0573 0.0698 0.9959
vn 0.0428 0.0522 0.9977
vn 0.0285 0.0348 0.9990
vn 0.0143 0.0175 0.9997
vn 0.5556 0.8315 0.0000
vn 0.3865 0.5784 -0.7184
vn 0.0495 0.0741 -0.9960
vn 0.1939 0.2902 -0.9371
vn 0.3523 0.5272 -0.7732
vn 0.4651 0.6960 -0.5470
vn 0.5335 0.7984 -0.2792
vn 0.5542 0.8295 -0.0695
vn 0.5542 0.8295 0.0695
vn 0.5335 0.7984 0.2792
vn 0.4651 0.6960 0.5470
vn 0.3523 0.5273 0.7732
vn 0.2131 0.3189 0.9235
vn 0.1026 0.1535 0.9828
vn 0.0609 0.0911 0.9940
vn 0.0501 0.0750 0.9959
vn 0.0375 0.0562 0.9977
vn 0.0250 0.0374 0.9990
vn 0.0126 0.0188 0.9997
vn 0.4714 0.8819 0.0000
vn 0.3280 0.6136 -0.7183
vn 0.0420 0.0786 -0.9960
vn 0.1645 0.3078 -0.9371
vn 0.2989 0.5592 -0.7733
vn 0.3946 0.7383 -0.5471
vn 0.4527 0.8469 -0.2791
vn 0.4703 0.8798 -0.0695
vn 0.4703 0.8798 0.0695
vn 0.4527 0.8469 0.2791
vn 0.3946 0.7383 0.5470
vn 0.2989 0.5592 0.7733
vn 0.1808 0.3382 0.9235
vn 0.0870 0.1628 0.9828
vn 0.0517 0.0966 0.9940
vn 0.0425 0.0796 0.9959
vn 0.0318 0.0596 0.9977
vn 0.0212 0.0397 0.9990
vn 0.0107 0.0199 0.9997
vn 0.3827 0.9239 0.0000
vn 0.2662 0.6427 -0.7184
vn 0.0341 0.0824 -0.9960
vn 0.1335 0.3224 -0.9371
vn 0.2426 0.5858 -0.7733
vn 0.3203 0.7734 -0.5470
vn 0.3675 0.8872 -0.2790
vn 0.3818 0.9217 -0.0694
vn 0.3818 0.9217 0.0694
vn 0.3675 0.8872 0.2790
vn 0.3203 0.7734 0.5470
vn 0.2427 0.5858 0.7733
vn 0.1468 0.3543 0.9236
vn 0.0706 0.1706 0.9828
vn 0.0419 0.1012 0.9940
vn 0.0345 0.0834 0.9959
vn 0.0258 0.0624 0.9977
vn 0.0172 0.0416 0.9990
vn 0.0086 0.0209 0.9997
vn 0.2903 0.9569 0.0000
vn 0.2019 0.6657 -0.7184
vn 0.0259 0.0853 -0.9960
vn 0.1013 0.3340 -0.9371
vn 0.1841 0.6068 -0.7732
vn 0.2430 0.8010 -0.5471
vn 0.2787 0.9189 -0.2792
vn 0.2896 0.9546 -0.0695
vn 0.2896 0.9546 0.0695
vn 0.2787 0.9189 0.2792
vn 0.2430 0.8011 0.5470
vn 0.1841 0.6068 0.7732
vn 0.1113 0.3670 0.9235
vn 0.0536 0.1766 0.9828
vn 0.0318 0.1049 0.9940
vn 0.0262 0.0864 0.9959
vn 0.0196 0.0646 0.9977
vn 0.0131 0.0430 0.9990
vn 0.0066 0.0216 0.9997
vn 0.1951 0.9808 0.0000
vn 0.1357 0.6823 -0.7183
vn 0.0174 0.0874 -0.9960
vn 0.0681 0.3423 -0.9371
vn 0.1237 0.6219 -0.7732
vn 0.1633 0.8211 -0.5470
vn 0.1873 0.9418 -0.2791
vn 0.1946 0.9784 -0.0695
vn 0.1946 0.9784 0.0695
vn 0.1873 0.9418 0.2791
vn 0.1633 0.8211 0.5470
vn 0.1237 0.6220 0.7732
vn 0.0748 0.3761 0.9236
vn 0.0360 0.1810 0.9828
vn 0.0214 0.1075 0.9940
vn 0.0176 0.0885 0.9959
vn 0.0132 0.0662 0.9977
vn 0.0088 0.0441 0.9990
vn 0.0044 0.0222 0.9997
vn 0.0980 0.9952 0.0000
vn 0.0682 0.6923 -0.7184
vn 0.0087 0.0887 -0.9960
vn 0.0342 0.3473 -0.9371
vn 0.0621 0.6311 -0.7732
vn 0.0820 0.8331 -0.5470
vn 0.0941 0.9556 -0.2791
vn 0.0978 0.9928 -0.0695
vn 0.0978 0.9928 0.0695
vn 0.0941 0.9556 0.2791
vn 0.0820 0.8331 0.5470
vn 0.0621 0.6311 0.7732
vn 0.0376 0.3817 0.9235
vn 0.0181 0.1837 0.9828
vn 0.0107 0.1090 0.9940
vn 0.0088 0.0898 0.9959
vn 0.0066 0.0672 0.9977
vn 0.0044 0.0448 0.9990
vn 0.0022 0.0225 0.9997
vn -0.0000 1.0000 0.0000
vn -0.0000 0.6957 -0.7183
vn 0.0000 0.0891 -0.9960
vn -0.0000 0.3490 -0.9371
vn 0.0000 0.6341 -0.7732
vn 0.0000 0.8371 -0.5471
vn 0.0000 0.9602 -0.2792
vn 0.0000 0.9976 -0.0695
vn 0.0000 0.9976 0.0695
vn 0.0000 0.9602 0.2792
vn 0.0000 0.8371 0.5470
vn 0.0000 0.6341 0.7732
vn 0.0000 0.3835 0.9235
vn 0.0000 0.1846 0.9828
vn -0.0000 0.1096 0.9940
vn 0.0000 0.0903 0.9959
vn -0.0000 0.0675 0.9977
vn 0.0000 0.0450 0.9990
vn -0.0000 0.0226 0.9997
vn -0.0980 0.9952 0.0000
vn -0.0682 0.6924 -0.7183
vn -0.0087 0.0887 -0.9960
vn -0.0342 0.3473 -0.9371
vn -0.0621 0.6311 -0.7732
vn -0.0821 0.8331 -0.5470
vn -0.0941 0.9556 -0.2791
vn -0.0978 0.9928 -0.0695
vn -0.0978 0.9928 0.0695
vn -0.0941 0.9556 0.2791
vn -0.0821 0.8331 0.5470
vn -0.0621 0.6311 0.7732
vn -0.0376 0.3816 0.9236
vn -0.0181 0.1837 0.9828
vn -0.0107 0.1090 0.9940
vn -0.0088 0.0898 0.9959
vn -0.0066 0.0672 0.9977
vn -0.0044 0.0448 0.9990
vn -0.0022 0.0225 0.9997
vn -0.1951 0.9808 0.0000
vn -0.1357 0.6823 -0.7183
vn -0.0174 0.0874 -0.9960
vn -0.0681 0.3422 -0.9371
vn -0.1237 0.6219 -0.7733
vn -0.1633 0.8211 -0.5470
vn -0.1873 0.9418 -0.2791
vn -0.1946 0.9784 -0.0695
vn -0.1946 0.9784 0.0695
vn -0.1873 0.9418 0.2791
vn -0.1633 0.8211 0.5470
vn -0.1237 0.6219 0.7732
vn -0.0748 0.3761 0.9236
vn -0.0360 0.1811 0.9828
vn -0.0214 0.1075 0.9940
vn -0.0176 0.0885 0.9959
vn -0.0132 0.0662 0.9977
vn -0.0088 0.0441 0.9990
vn -0.0044 0.0222 0.9997
vn -0.2903 0.9569 0.0000
vn -0.2020 0.6658 -0.7183
vn -0.0259 0.0853 -0.9960
vn -0.1013 0.3340 -0.9371
vn -0.1841 0.6068 -0.7733
vn -0.2430 0.8011 -0.5470
vn -0.2787 0.9189 -0.2792
vn -0.2896 0.9546 -0.0696
vn -0.2896 0.9546 0.0696
vn -0.2787 0.9189 0.2792
vn -0.2430 0.8011 0.5470
vn -0.1841 0.6068 0.7732
vn -0.1113 0.3670 0.9235
vn -0.0536 0.1767 0.9828
vn -0.0318 0.1049 0.9940
vn -0.0262 0.0864 0.9959
vn -0.0196 0.0646 0.9977
vn -0.0131 0.0430 0.9990
vn -0.0066 0.0216 0.9997
vn -0.3827 0.9239 0.0000
vn -0.2662 0.6427 -0.7184
vn -0.0341 0.0824 -0.9960
vn -0.1335 0.3224 -0.9371
vn -0.2427 0.5858 -0.7732
vn -0.3203 0.7734 -0.5471
vn -0.3675 0.8872 -0.2791
vn -0.3818 0.9216 -0.0694
vn -0.3818 0.9216 0.0694
vn -0.3675 0.8872 0.2791
vn -0.3204 0.7734 0.5470
vn -0.2427 0.5859 0.7732
vn -0.1468 0.3543 0.9235
vn -0.0706 0.1706 0.9828
vn -0.0419 0.1012 0.9940
vn -0.0345 0.0834 0.9959
vn -0.0258 0.0624 0.9977
vn -0.0172 0.0416 0.9990
vn -0.0086 0.0209 0.9997
vn -0.4714 0.8819 0.0000
vn -0.3279 0.6135 -0.7184
vn -0.0420 0.0786 -0.9960
vn -0.1645 0.3078 -0.9371
vn -0.2989 0.5592 -0.7732
vn -0.3946 0.7382 -0.5471
vn -0.4527 0.8469 -0.2791
vn -0.4703 0.8798 -0.0694
vn -0.4703 0.8798 0.0694
vn -0.4527 0.8469 0.2791
vn -0.3946 0.7382 0.5471
vn -0.2989 0.5592 0.7732
vn -0.1808 0.3382 0.9235
vn -0.0870 0.1628 0.9828
vn -0.0517 0.0966 0.9940
vn -0.0425 0.0796 0.9959
vn -0.0318 0.0596 0.9977
vn -0.0212 0.0397 0.9990
vn -0.0107 0.0199 0.9997
vn -0.5556 0.8315 0.0000
vn -0.3865 0.5785 -0.7183
vn -0.0495 0.0741 -0.9960
vn -0.1939 0.2902 -0.9371
vn -0.3523 0.5272 -0.7733
vn -0.4651 0.6960 -0.5471
vn -0.5335 0.7984 -0.2791
vn -0.5542 0.8295 -0.0695
vn -0.5542 0.8295 0.0695
vn -0.5335 0.7984 0.2791
vn -0.4651 0.6960 0.5470
vn -0.3523 0.5272 0.7733
vn -0.2131 0.3189 0.9235
vn -0.1026 0.1535 0.9828
vn -0.0609 0.0911 0.9940
vn -0.0501 0.0750 0.9959
vn -0.0375 0.0562 0.9977
vn -0.0250 0.0374 0.9990
vn -0.0126 0.0188 0.9997
vn -0.6344 0.7730 0.0000
vn -0.4413 0.5378 -0.7183
vn -0.0566 0.0689 -0.9960
vn -0.2214 0.2698 -0.9371
vn -0.4023 0.4902 -0.7732
vn -0.5310 0.6471 -0.5471
vn -0.6092 0.7423 -0.2791
vn -0.6329 0.7712 -0.0694
vn -0.6329 0.7712 0.0694
vn -0.6092 0.7423 0.2791
vn -0.5310 0.6471 0.5471
vn -0.4023 0.4902 0.7732
vn -0.2433 0.2964 0.9236
vn -0.1171 0.1427 0.9828
vn -0.0695 0.0847 0.9940
vn -0.0573 0.0698 0.9959
vn -0.0428 0.0522 0.9977
vn -0.0285 0.0348 0.9990
vn -0.0143 0.0175 0.9997
vn -0.7071 0.7071 0.0000
vn -0.4919 0.4919 -0.7183
vn -0.0630 0.0630 -0.9960
vn -0.2467 0.2467 -0.9371
vn -0.4484 0.4484 -0.7733
vn -0.5919 0.5919 -0.5471
vn -0.6790 0.6790 -0.2791
vn -0.7054 0.7054 -0.0695
vn -0.7054 0.7054 0.0695
vn -0.6790 0.6790 0.2791
vn -0.5919 0.5919 0.5470
vn -0.4484 0.4484 0.7733
vn -0.2712 0.2712 0.9235
vn -0.1306 0.1306 0.9828
vn -0.0775 0.0775 0.9940
vn -0.0638 0.0638 0.9959
vn -0.0478 0.0478 0.9977
vn -0.0318 0.0318 0.9990
vn -0.0160 0.0160 0.9997
vn -0.7730 0.6344 0.0000
vn -0.5378 0.4413 -0.7184
vn -0.0689 0.0566 -0.9960
vn -0.2698 0.2214 -0.9371
vn -0.4902 0.4023 -0.7732
vn -0.6471 0.5310 -0.5471
vn -0.7423 0.6092 -0.2791
vn -0.7711 0.6329 -0.0695
vn -0.7711 0.6329 0.0695
vn -0.7423 0.6092 0.2791
vn -0.6471 0.5311 0.5471
vn -0.4902 0.4023 0.7732
vn -0.2965 0.2433 0.9235
vn -0.1427 0.1171 0.9828
vn -0.0847 0.0695 0.9940
vn -0.0698 0.0573 0.9959
vn -0.0522 0.0428 0.9977
vn -0.0348 0.0285 0.9990
vn -0.0175 0.0143 0.9997
vn -0.8315 0.5556 0.0000
vn -0.5784 0.3865 -0.7184
vn -0.0741 0.0495 -0.9960
vn -0.2902 0.1939 -0.9371
vn -0.5272 0.3523 -0.7733
vn -0.6961 0.4651 -0.5470
vn -0.7984 0.5335 -0.2791
vn -0.8295 0.5542 -0.0696
vn -0.8295 0.5542 0.0696
vn -0.7984 0.5335 0.2791
vn -0.6961 0.4651 0.5470
vn -0.5272 0.3523 0.7732
vn -0.3189 0.2130 0.9235
vn -0.1535 0.1026 0.9828
vn -0.0911 0.0609 0.9940
vn -0.0750 0.0501 0.9959
vn -0.0562 0.0375 0.9977
vn -0.0374 0.0250 0.9990
vn -0.0188 0.0126 0.9997
vn -0.8819 0.4714 0.0000
vn -0.6136 0.3280 -0.7183
vn -0.0786 0.0420 -0.9960
vn -0.3078 0.1645 -0.9371
vn -0.5592 0.2989 -0.7733
vn -0.7383 0.3946 -0.5471
vn -0.8469 0.4527 -0.2791
vn -0.8798 0.4703 -0.0695
vn -0.8798 0.4703 0.0695
vn -0.8469 0.4527 0.2791
vn -0.7383 0.3946 0.5470
vn -0.5592 0.2989 0.7733
vn -0.3382 0.1808 0.9235
vn -0.1628 0.0870 0.9828
vn -0.0966 0.0517 0.9940
vn -0.0796 0.0425 0.9959
vn -0.0596 0.0318 0.9977
vn -0.0397 0.0212 0.9990
vn -0.0199 0.0107 0.9997
vn -0.9239 0.3827 0.0000
vn -0.6428 0.2662 -0.7183
vn -0.0824 0.0341 -0.9960
vn -0.3224 0.1335 -0.9371
vn -0.5858 0.2427 -0.7732
vn -0.7734 0.3203 -0.5470
vn -0.8872 0.3675 -0.2791
vn -0.9216 0.3818 -0.0695
vn -0.9216 0.3818 0.0695
vn -0.8872 0.3675 0.2792
vn -0.7734 0.3203 0.5470
vn -0.5859 0.2427 0.7732
vn -0.3543 0.1468 0.9235
vn -0.1705 0.0706 0.9828
vn -0.1012 0.0419 0.9940
vn -0.0834 0.0345 0.9959
vn -0.0624 0.0258 0.9977
vn -0.0416 0.0172 0.9990
vn -0.0209 0.0086 0.9997
vn -0.9569 0.2903 0.0000
vn -0.6658 0.2020 -0.7183
vn -0.0853 0.0259 -0.9960
vn -0.3339 0.1013 -0.9371
vn -0.6068 0.1841 -0.7733
vn -0.8011 0.2430 -0.5470
vn -0.9189 0.2787 -0.2791
vn -0.9546 0.2896 -0.0695
vn -0.9546 0.2896 0.0695
vn -0.9189 0.2787 0.2791
vn -0.8011 0.2430 0.5470
vn -0.6068 0.1841 0.7732
vn -0.3670 0.1113 0.9235
vn -0.1767 0.0536 0.9828
vn -0.1049 0.0318 0.9940
vn -0.0864 0.0262 0.9959
vn -0.0646 0.0196 0.9977
vn -0.0430 0.0131 0.9990
vn -0.0216 0.0066 0.9997
vn -0.9808 0.1951 0.0000
vn -0.6823 0.1357 -0.7183
vn -0.0874 0.0174 -0.9960
vn -0.3423 0.0681 -0.9371
vn -0.6219 0.1237 -0.7732
vn -0.8210 0.1633 -0.5470
vn -0.9418 0.1873 -0.2791
vn -0.9784 0.1946 -0.0695
vn -0.9784 0.1946 0.0695
vn -0.9418 0.1873 0.2792
vn -0.8210 0.1633 0.5470
vn -0.6219 0.1237 0.7732
vn -0.3761 0.0748 0.9235
vn -0.1811 0.0360 0.9828
vn -0.1075 0.0214 0.9940
vn -0.0885 0.0176 0.9959
vn -0.0662 0.0132 0.9977
vn -0.0441 0.0088 0.9990
vn -0.0222 0.0044 0.9997
vn -0.9952 0.0980 0.0000
vn -0.6923 0.0682 -0.7184
vn -0.0887 0.0087 -0.9960
vn -0.3473 0.0342 -0.9371
vn -0.6310 0.0621 -0.7733
vn -0.8331 0.0821 -0.5470
vn -0.9556 0.0941 -0.2791
vn -0.9928 0.0978 -0.0695
vn -0.9928 0.0978 0.0695
vn -0.9556 0.0941 0.2791
vn -0.8331 0.0821 0.5470
vn -0.6311 0.0621 0.7732
vn -0.3817 0.0376 0.9235
vn -0.1837 0.0181 0.9828
vn -0.1090 0.0107 0.9940
vn -0.0898 0.0088 0.9959
vn -0.0672 0.0066 0.9977
vn -0.0448 0.0044 0.9990
vn -0.0225 0.0022 0.9997
vn -0.6956 0.0000 -0.7184
vn -0.0891 0.0000 -0.9960
vn -0.3490 -0.0000 -0.9371
vn -0.6341 0.0000 -0.7733
vn -0.8371 -0.0000 -0.5471
vn -0.9603 0.0000 -0.2791
vn -0.9976 0.0000 -0.0695
vn -0.9976 0.0000 0.0695
vn -0.9603 0.0000 0.2791
vn -0.8371 -0.0000 0.5470
vn -0.6341 0.0000 0.7732
vn -0.3835 0.0000 0.9235
vn -0.1846 0.0000 0.9828
vn -0.1096 -0.0000 0.9940
vn -0.0903 0.0000 0.9959
vn -0.0675 -0.0000 0.9977
vn -0.0450 -0.0000 0.9990
vn -0.0226 -0.0000 0.9997
vn -0.9952 -0.0980 0.0000
vn -0.6923 -0.0682 -0.7184
vn -0.0887 -0.0087 -0.9960
vn -0.3473 -0.0342 -0.9371
vn -0.6311 -0.0622 -0.7732
vn -0.8331 -0.0821 -0.5470
vn -0.9556 -0.0941 -0.2791
vn -0.9928 -0.0978 -0.0695
vn -0.9928 -0.0978 0.0695
vn -0.9556 -0.0941 0.2791
vn -0.8331 -0.0821 0.5470
vn -0.6311 -0.0622 0.7732
vn -0.3816 -0.0376 0.9235
vn -0.1837 -0.0181 0.9828
vn -0.1090 -0.0107 0.9940
vn -0.0898 -0.0088 0.9959
vn -0.0672 -0.0066 0.9977
vn -0.0448 -0.0044 0.9990
vn -0.0225 -0.0022 0.9997
vn -0.9808 -0.1951 0.0000
vn -0.6823 -0.1357 -0.7183
vn -0.0874 -0.0174 -0.9960
vn -0.3423 -0.0681 -0.9371
vn -0.6219 -0.1237 -0.7732
vn -0.8210 -0.1633 -0.5470
vn -0.9418 -0.1873 -0.2791
vn -0.9784 -0.1946 -0.0695
vn -0.9784 -0.1946 0.0695
vn -0.9418 -0.1873 0.2791
vn -0.8210 -0.1633 0.5470
vn -0.6219 -0.1237 0.7732
vn -0.3761 -0.0748 0.9235
vn -0.1811 -0.0360 0.9828
vn -0.1075 -0.0214 0.9940
vn -0.0885 -0.0176 0.9959
vn -0.0662 -0.0132 0.9977
vn -0.0441 -0.0088 0.9990
vn -0.0222 -0.0044 0.9997
vn -0.9569 -0.2903 0.0000
vn -0.6657 -0.2020 -0.7183
vn -0.0853 -0.0259 -0.9960
vn -0.3339 -0.1013 -0.9371
vn -0.6068 -0.1841 -0.7732
vn -0.8011 -0.2430 -0.5470
vn -0.9189 -0.2788 -0.2791
vn -0.9546 -0.2896 -0.0695
vn -0.9546 -0.2896 0.0695
vn -0.9189 -0.2788 0.2791
vn -0.8011 -0.2430 0.5470
vn -0.6068 -0.1841 0.7732
vn -0.3670 -0.1113 0.9235
vn -0.1767 -0.0536 0.9828
vn -0.1049 -0.0318 0.9940
vn -0.0864 -0.0262 0.9959
vn -0.0646 -0.0196 0.9977
vn -0.0430 -0.0131 0.9990
vn -0.0216 -0.0066 0.9997
vn -0.9239 -0.3827 0.0000
vn -0.6428 -0.2662 -0.7183
vn -0.0824 -0.0341 -0.9960
vn -0.3224 -0.1335 -0.9371
vn -0.5858 -0.2427 -0.7732
vn -0.7734 -0.3204 -0.5470
vn -0.8872 -0.3675 -0.2791
vn -0.9216 -0.3818 -0.0695
vn -0.9216 -0.3818 0.0695
vn -0.8872 -0.3675 0.2791
vn -0.7734 -0.3204 0.5470
vn -0.5858 -0.2427 0.7732
vn -0.3543 -0.1468 0.9235
vn -0.1706 -0.0706 0.9828
vn -0.1012 -0.0419 0.9940
vn -0.0834 -0.0345 0.9959
vn -0.0624 -0.0258 0.9977
vn -0.0416 -0.0172 0.9990
vn -0.0209 -0.0086 0.9997
vn -0.8819 -0.4714 0.0000
vn -0.6136 -0.3280 -0.7183
vn -0.0786 -0.0420 -0.9960
vn -0.3078 -0.1645 -0.9371
vn -0.5592 -0.2989 -0.7733
vn -0.7383 -0.3946 -0.5471
vn -0.8469 -0.4527 -0.2791
vn -0.8798 -0.4703 -0.0695
vn -0.8798 -0.4703 0.0695
vn -0.8469 -0.4527 0.2791
vn -0.7383 -0.3946 0.5470
vn -0.5592 -0.2989 0.7732
vn -0.3382 -0.1808 0.9235
vn -0.1628 -0.0870 0.9828
vn -0.0966 -0.0517 0.9940
vn -0.0796 -0.0425 0.9959
vn -0.0596 -0.0318 0.9977
vn -0.0397 -0.0212 0.9990
vn -0.0199 -0.0107 0.9997
vn -0.8315 -0.5556 0.0000
vn -0.5785 -0.3865 -0.7183
vn -0.0741 -0.0495 -0.9960
vn -0.2902 -0.1939 -0.9371
vn -0.5272 -0.3523 -0.7733
vn -0.6960 -0.4651 -0.5470
vn -0.7984 -0.5335 -0.2791
vn -0.8295 -0.5542 -0.0694
vn -0.8295 -0.5542 0.0694
vn -0.7984 -0.5335 0.2791
vn -0.6960 -0.4651 0.5470
vn -0.5272 -0.3523 0.7733
vn -0.3189 -0.2131 0.9235
vn -0.1535 -0.1026 0.9828
vn -0.0911 -0.0609 0.9940
vn -0.0750 -0.0501 0.9959
vn -0.0562 -0.0375 0.9977
vn -0.0374 -0.0250 0.9990
vn -0.0188 -0.0126 0.9997
vn -0.7730 -0.6344 0.0000
vn -0.5378 -0.4413 -0.7183
vn -0.0689 -0.0566 -0.9960
vn -0.2698 -0.2214 -0.9371
vn -0.4902 -0.4023 -0.7732
vn -0.6471 -0.5311 -0.5470
vn -0.7423 -0.6092 -0.2791
vn -0.7711 -0.6329 -0.0695
vn -0.7711 -0.6329 0.0695
vn -0.7423 -0.6092 0.2792
vn -0.6471 -0.5311 0.5470
vn -0.4902 -0.4023 0.7732
vn -0.2964 -0.2433 0.9235
vn -0.1427 -0.1171 0.9828
vn -0.0847 -0.0695 0.9940
vn -0.0698 -0.0573 0.9959
vn -0.0522 -0.0428 0.9977
vn -0.0348 -0.0285 0.9990
vn -0.0175 -0.0143 0.9997
vn -0.7071 -0.7071 0.0000
vn -0.4919 -0.4919 -0.7184
vn -0.0630 -0.0630 -0.9960
vn -0.2467 -0.2467 -0.9371
vn -0.4484 -0.4484 -0.7733
vn -0.5919 -0.5919 -0.5471
vn -0.6790 -0.6790 -0.2791
vn -0.7054 -0.7054 -0.0695
vn -0.7054 -0.7054 0.0695
vn -0.6790 -0.6790 0.2791
vn -0.5919 -0.5919 0.5470
vn -0.4484 -0.4484 0.7733
vn -0.2712 -0.2712 0.9235
vn -0.1305 -0.1305 0.9828
vn -0.0775 -0.0775 0.9940
vn -0.0638 -0.0638 0.9959
vn -0.0478 -0.0478 0.9977
vn -0.0318 -0.0318 0.9990
vn -0.0160 -0.0160 0.9997
vn -0.6344 -0.7730 -0.0000
vn -0.4414 -0.5378 -0.7183
vn -0.0566 -0.0689 -0.9960
vn -0.2214 -0.2698 -0.9371
vn -0.4023 -0.4902 -0.7732
vn -0.5310 -0.6471 -0.5471
vn -0.6092 -0.7423 -0.2791
vn -0.6329 -0.7711 -0.0694
vn -0.6329 -0.7711 0.0694
vn -0.6092 -0.7423 0.2791
vn -0.5310 -0.6471 0.5471
vn -0.4023 -0.4902 0.7732
vn -0.2433 -0.2964 0.9235
vn -0.1171 -0.1427 0.9828
vn -0.0695 -0.0847 0.9940
vn -0.0573 -0.0698 0.9959
vn -0.0428 -0.0522 0.9977
vn -0.0285 -0.0348 0.9990
vn -0.0143 -0.0175 0.9997
vn -0.5556 -0.8315 0.0000
vn -0.3865 -0.5785 -0.7183
vn -0.0495 -0.0741 -0.9960
vn -0.1939 -0.2902 -0.9371
vn -0.3523 -0.5273 -0.7732
vn -0.4651 -0.6960 -0.5471
vn -0.5335 -0.7984 -0.2792
vn -0.5542 -0.8295 -0.0695
vn -0.5542 -0.8295 0.0695
vn -0.5335 -0.7984 0.2792
vn -0.4651 -0.6960 0.5471
vn -0.3523 -0.5273 0.7732
vn -0.2131 -0.3189 0.9235
vn -0.1026 -0.1535 0.9828
vn -0.0609 -0.0911 0.9940
vn -0.0501 -0.0750 0.9959
vn -0.0375 -0.0562 0.9977
vn -0.0250 -0.0374 0.9990
vn -0.0126 -0.0188 0.9997
vn -0.4714 -0.8819 0.0000
vn -0.3279 -0.6135 -0.7184
vn -0.0420 -0.0786 -0.9960
vn -0.1645 -0.3078 -0.9371
vn -0.2989 -0.5592 -0.7732
vn -0.3946 -0.7382 -0.5471
vn -0.4527 -0.8469 -0.2791
vn -0.4703 -0.8798 -0.0695
vn -0.4703 -0.8798 0.0695
vn -0.4527 -0.8469 0.2791
vn -0.3946 -0.7383 0.5471
vn -0.2989 -0.5592 0.7732
vn -0.1808 -0.3382 0.9235
vn -0.0870 -0.1628 0.9828
vn -0.0517 -0.0966 0.9940
vn -0.0425 -0.0796 0.9959
vn -0.0318 -0.0596 0.9977
vn -0.0212 -0.0397 0.9990
vn -0.0107 -0.0199 0.9997
vn -0.3827 -0.9239 0.0000
vn -0.2662 -0.6427 -0.7184
vn -0.0341 -0.0824 -0.9960
vn -0.1336 -0.3224 -0.9371
vn -0.2427 -0.5858 -0.7733
vn -0.3203 -0.7734 -0.5470
vn -0.3675 -0.8872 -0.2791
vn -0.3818 -0.9216 -0.0695
vn -0.3818 -0.9216 0.0695
vn -0.3675 -0.8872 0.2791
vn -0.3204 -0.7734 0.5470
vn -0.2427 -0.5858 0.7732
vn -0.1468 -0.3543 0.9235
vn -0.0706 -0.1706 0.9828
vn -0.0419 -0.1012 0.9940
vn -0.0345 -0.0834 0.9959
vn -0.0258 -0.0624 0.9977
vn -0.0172 -0.0416 0.9990
vn -0.0086 -0.0209 0.9997
vn -0.2903 -0.9569 0.0000
vn -0.2019 -0.6657 -0.7184
vn -0.0259 -0.0853 -0.9960
vn -0.1013 -0.3340 -0.9371
vn -0.1841 -0.6068 -0.7732
vn -0.2430 -0.8010 -0.5471
vn -0.2787 -0.9189 -0.2791
vn -0.2896 -0.9546 -0.0694
vn -0.2896 -0.9546 0.0694
vn -0.2787 -0.9189 0.2791
vn -0.2430 -0.8011 0.5471
vn -0.1841 -0.6068 0.7732
vn -0.1113 -0.3670 0.9236
vn -0.0536 -0.1766 0.9828
vn -0.0318 -0.1049 0.9940
vn -0.0262 -0.0864 0.9959
vn -0.0196 -0.0646 0.9977
vn -0.0131 -0.0430 0.9990
vn -0.0066 -0.0216 0.9997
vn -0.1951 -0.9808 0.0000
vn -0.1357 -0.6823 -0.7183
vn -0.0174 -0.0874 -0.9960
vn -0.0681 -0.3423 -0.9371
vn -0.1237 -0.6219 -0.7733
vn -0.1633 -0.8210 -0.5470
vn -0.1873 -0.9418 -0.2790
vn -0.1946 -0.9784 -0.0694
vn -0.1946 -0.9784 0.0694
vn -0.1873 -0.9418 0.2790
vn -0.1633 -0.8210 0.5470
vn -0.1237 -0.6219 0.7733
vn -0.0748 -0.3761 0.9235
vn -0.0360 -0.1811 0.9828
vn -0.0214 -0.1075 0.9940
vn -0.0176 -0.0885 0.9959
vn -0.0132 -0.0662 0.9977
vn -0.0088 -0.0441 0.9990
vn -0.0044 -0.0222 0.9997
vn -0.0980 -0.9952 0.0000
vn -0.0682 -0.6924 -0.7183
vn -0.0087 -0.0887 -0.9960
vn -0.0342 -0.3473 -0.9371
vn -0.0622 -0.6311 -0.7732
vn -0.0820 -0.8331 -0.5470
vn -0.0941 -0.9556 -0.2791
vn -0.0978 -0.9928 -0.0694
vn -0.0978 -0.9928 0.0694
vn -0.0941 -0.9556 0.2791
vn -0.0820 -0.8331 0.5470
vn -0.0622 -0.6311 0.7732
vn -0.0376 -0.3816 0.9236
vn -0.0181 -0.1837 0.9828
vn -0.0107 -0.1090 0.9940
vn -0.0088 -0.0898 0.9959
vn -0.0066 -0.0672 0.9977
vn -0.0044 -0.0448 0.9990
vn -0.0022 -0.0225 0.9997
vn -0.0000 -1.0000 0.0000
vn -0.0000 -0.6957 -0.7183
vn -0.0000 -0.0891 -0.9960
vn 0.0000 -0.3490 -0.9371
vn -0.0000 -0.6342 -0.7732
vn -0.0000 -0.8371 -0.5470
vn -0.0000 -0.9602 -0.2793
vn -0.0000 -0.9976 -0.0696
vn -0.0000 -0.9976 0.0696
vn -0.0000 -0.9602 0.2793
vn -0.0000 -0.8371 0.5470
vn -0.0000 -0.6342 0.7732
vn -0.0000 -0.3835 0.9235
vn -0.0000 -0.1846 0.9828
vn -0.0000 -0.1096 0.9940
vn -0.0000 -0.0903 0.9959
vn -0.0000 -0.0675 0.9977
vn -0.0000 -0.0450 0.9990
vn 0.0000 -0.0226 0.9997
vn 0.0980 -0.9952 0.0000
vn 0.0682 -0.6924 -0.7183
vn 0.0087 -0.0887 -0.9960
vn 0.0342 -0.3473 -0.9371
vn 0.0622 -0.6311 -0.7732
vn 0.0820 -0.8331 -0.5470
vn 0.0941 -0.9556 -0.2791
vn 0.0978 -0.9928 -0.0694
vn 0.0978 -0.9928 0.0694
vn 0.0941 -0.9556 0.2791
vn 0.0820 -0.8331 0.5470
vn 0.0622 -0.6311 0.7732
vn 0.0376 -0.3816 0.9236
vn 0.0181 -0.1837 0.9828
vn 0.0107 -0.1090 0.9940
vn 0.0088 -0.0898 0.9959
vn 0.0066 -0.0672 0.9977
vn 0.0044 -0.0448 0.9990
vn 0.0022 -0.0225 0.9997
vn 0.1951 -0.9808 0.0000
vn 0.1357 -0.6824 -0.7183
vn 0.0174 -0.0874 -0.9960
vn 0.0681 -0.3423 -0.9371
vn 0.1237 -0.6219 -0.7733
vn 0.1633 -0.8210 -0.5470
vn 0.1873 -0.9418 -0.2790
vn 0.1946 -0.9784 -0.0694
vn 0.1946 -0.9784 0.0694
vn 0.1873 -0.9418 0.2790
vn 0.1633 -0.8210 0.5470
vn 0.1237 -0.6219 0.7733
vn 0.0748 -0.3761 0.9235
vn 0.0360 -0.1811 0.9828
vn 0.0214 -0.1075 0.9940
vn 0.0176 -0.0885 0.9959
vn 0.0132 -0.0662 0.9977
vn 0.0088 -0.0441 0.9990
vn 0.0044 -0.0222 0.9997
vn 0.2903 -0.9569 0.0000
vn 0.2020 -0.6657 -0.7183
vn 0.0259 -0.0853 -0.9960
vn 0.1013 -0.3340 -0.9371
vn 0.1841 -0.6068 -0.7732
vn 0.2430 -0.8011 -0.5470
vn 0.2787 -0.9189 -0.2791
vn 0.2896 -0.9546 -0.0695
vn 0.2896 -0.9546 0.0695
vn 0.2787 -0.9189 0.2791
vn 0.2430 -0.8011 0.5470
vn 0.1841 -0.6068 0.7732
vn 0.1113 -0.3670 0.9236
vn 0.0536 -0.1766 0.9828
vn 0.0318 -0.1049 0.9940
vn 0.0262 -0.0864 0.9959
vn 0.0196 -0.0646 0.9977
vn 0.0131 -0.0430 0.9990
vn 0.0066 -0.0216 0.9997
vn 0.3827 -0.9239 0.0000
vn 0.2662 -0.6427 -0.7183
vn 0.0341 -0.0823 -0.9960
vn 0.1335 -0.3224 -0.9371
vn 0.2427 -0.5858 -0.7733
vn 0.3203 -0.7734 -0.5470
vn 0.3675 -0.8872 -0.2791
vn 0.3818 -0.9216 -0.0695
vn 0.3818 -0.9216 0.0695
vn 0.3675 -0.8872 0.2791
vn 0.3203 -0.7734 0.5470
vn 0.2427 -0.5858 0.7732
vn 0.1468 -0.3543 0.9235
vn 0.0706 -0.1706 0.9828
vn 0.0419 -0.1012 0.9940
vn 0.0345 -0.0834 0.9959
vn 0.0258 -0.0624 0.9977
vn 0.0172 -0.0416 0.9990
vn 0.0086 -0.0209 0.9997
vn 0.4714 -0.8819 0.0000
vn 0.3279 -0.6135 -0.7184
vn 0.0420 -0.0786 -0.9960
vn 0.1645 -0.3078 -0.9371
vn 0.2989 -0.5592 -0.7733
vn 0.3946 -0.7383 -0.5470
vn 0.4527 -0.8469 -0.2791
vn 0.4703 -0.8798 -0.0695
vn 0.4703 -0.8798 0.0695
vn 0.4527 -0.8469 0.2791
vn 0.3946 -0.7383 0.5470
vn 0.2989 -0.5592 0.7733
vn 0.1808 -0.3382 0.9236
vn 0.0870 -0.1628 0.9828
vn 0.0517 -0.0966 0.9940
vn 0.0425 -0.0796 0.9959
vn 0.0318 -0.0596 0.9977
vn 0.0212 -0.0397 0.9990
vn 0.0107 -0.0199 0.9997
vn 0.5556 -0.8315 0.0000
vn 0.3865 -0.5785 -0.7183
vn 0.0495 -0.0741 -0.9960
vn 0.1939 -0.2902 -0.9371
vn 0.3523 -0.5272 -0.7732
vn 0.4651 -0.6960 -0.5471
vn 0.5335 -0.7984 -0.2792
vn 0.5542 -0.8295 -0.0695
vn 0.5542 -0.8295 0.0695
vn 0.5335 -0.7984 0.2792
vn 0.4651 -0.6960 0.5471
vn 0.3523 -0.5273 0.7732
vn 0.2131 -0.3189 0.9235
vn 0.1026 -0.1535 0.9828
vn 0.0609 -0.0911 0.9940
vn 0.0501 -0.0750 0.9959
vn 0.0375 -0.0562 0.9977
vn 0.0250 -0.0374 0.9990
vn 0.0126 -0.0188 0.9997
vn 0.6344 -0.7730 0.0000
vn 0.4414 -0.5378 -0.7183
vn 0.0566 -0.0689 -0.9960
vn 0.2214 -0.2698 -0.9371
vn 0.4023 -0.4902 -0.7733
vn 0.5310 -0.6471 -0.5471
vn 0.6092 -0.7423 -0.2791
vn 0.6329 -0.7711 -0.0694
vn 0.6329 -0.7711 0.0694
vn 0.6092 -0.7423 0.2791
vn 0.5311 -0.6471 0.5470
vn 0.4023 -0.4902 0.7733
vn 0.2433 -0.2964 0.9235
vn 0.1171 -0.1427 0.9828
vn 0.0695 -0.0847 0.9940
vn 0.0573 -0.0698 0.9959
vn 0.0428 -0.0522 0.9977
vn 0.0285 -0.0348 0.9990
vn 0.0143 -0.0175 0.9997
vn 0.7071 -0.7071 0.0000
vn 0.4920 -0.4919 -0.7183
vn 0.0630 -0.0630 -0.9960
vn 0.2468 -0.2468 -0.9371
vn 0.4484 -0.4484 -0.7732
vn 0.5919 -0.5919 -0.5471
vn 0.6790 -0.6790 -0.2791
vn 0.7054 -0.7054 -0.0694
vn 0.7054 -0.7054 0.0694
vn 0.6790 -0.6790 0.2791
vn 0.5919 -0.5919 0.5470
vn 0.4484 -0.4484 0.7732
vn 0.2712 -0.2712 0.9235
vn 0.1305 -0.1305 0.9828
vn 0.0775 -0.0775 0.9940
vn 0.0638 -0.0638 0.9959
vn 0.0478 -0.0478 0.9977
vn 0.0318 -0.0318 0.9990
vn 0.0160 -0.0160 0.9997
vn 0.7730 -0.6344 0.0000
vn 0.5378 -0.4413 -0.7184
vn 0.0689 -0.0566 -0.9960
vn 0.2698 -0.2214 -0.9371
vn 0.4902 -0.4023 -0.7732
vn 0.6471 -0.5311 -0.5470
vn 0.7423 -0.6092 -0.2791
vn 0.7711 -0.6329 -0.0695
vn 0.7711 -0.6329 0.0695
vn 0.7423 -0.6092 0.2792
vn 0.6471 -0.5311 0.5470
vn 0.4902 -0.4023 0.7732
vn 0.2964 -0.2433 0.9235
vn 0.1427 -0.1171 0.9828
vn 0.0847 -0.0695 0.9940
vn 0.0698 -0.0573 0.9959
vn 0.0522 -0.0428 0.9977
vn 0.0348 -0.0285 0.9990
vn 0.0175 -0.0143 0.9997
vn 0.8315 -0.5556 0.0000
vn 0.5784 -0.3865 -0.7184
vn 0.0741 -0.0495 -0.9960
vn 0.2901 -0.1939 -0.9371
vn 0.5272 -0.3523 -0.7733
vn 0.6961 -0.4651 -0.5470
vn 0.7984 -0.5335 -0.2791
vn 0.8295 -0.5542 -0.0695
vn 0.8295 -0.5542 0.0695
vn 0.7984 -0.5335 0.2791
vn 0.6961 -0.4651 0.5470
vn 0.5272 -0.3523 0.7732
vn 0.3188 -0.2130 0.9236
vn 0.1535 -0.1026 0.9828
vn 0.0911 -0.0609 0.9940
vn 0.0750 -0.0501 0.9959
vn 0.0562 -0.0375 0.9977
vn 0.0374 -0.0250 0.9990
vn 0.0188 -0.0126 0.9997
vn 0.8819 -0.4714 0.0000
vn 0.6135 -0.3279 -0.7184
vn 0.0786 -0.0420 -0.9960
vn 0.3078 -0.1645 -0.9371
vn 0.5592 -0.2989 -0.7733
vn 0.7383 -0.3946 -0.5471
vn 0.8469 -0.4527 -0.2791
vn 0.8798 -0.4703 -0.0695
vn 0.8798 -0.4703 0.0695
vn 0.8469 -0.4527 0.2791
vn 0.7383 -0.3946 0.5470
vn 0.5592 -0.2989 0.7732
vn 0.3382 -0.1808 0.9235
vn 0.1628 -0.0870 0.9828
vn 0.0966 -0.0517 0.9940
vn 0.0796 -0.0425 0.9959
vn 0.0596 -0.0318 0.9977
vn 0.0397 -0.0212 0.9990
vn 0.0199 -0.0107 0.9997
vn 0.9239 -0.3827 0.0000
vn 0.6428 -0.2662 -0.7183
vn 0.0824 -0.0341 -0.9960
vn 0.3224 -0.1335 -0.9371
vn 0.5858 -0.2427 -0.7733
vn 0.7734 -0.3203 -0.5470
vn 0.8872 -0.3675 -0.2791
vn 0.9216 -0.3818 -0.0695
vn 0.9216 -0.3818 0.0695
vn 0.8872 -0.3675 0.2791
vn 0.7734 -0.3204 0.5470
vn 0.5858 -0.2427 0.7732
vn 0.3543 -0.1468 0.9235
vn 0.1706 -0.0706 0.9828
vn 0.1012 -0.0419 0.9940
vn 0.0834 -0.0345 0.9959
vn 0.0624 -0.0258 0.9977
vn 0.0416 -0.0172 0.9990
vn 0.0209 -0.0086 0.9997
vn 0.9569 -0.2903 0.0000
vn 0.6657 -0.2019 -0.7184
vn 0.0853 -0.0259 -0.9960
vn 0.3339 -0.1013 -0.9371
vn 0.6068 -0.1841 -0.7733
vn 0.8011 -0.2430 -0.5470
vn 0.9189 -0.2788 -0.2791
vn 0.9546 -0.2896 -0.0695
vn 0.9546 -0.2896 0.0695
vn 0.9189 -0.2788 0.2791
vn 0.8011 -0.2430 0.5470
vn 0.6068 -0.1841 0.7732
vn 0.3670 -0.1113 0.9235
vn 0.1767 -0.0536 0.9828
vn 0.1049 -0.0318 0.9940
vn 0.0864 -0.0262 0.9959
vn 0.0646 -0.0196 0.9977
vn 0.0430 -0.0131 0.9990
vn 0.0216 -0.0066 0.9997
vn 0.9808 -0.1951 0.0000
vn 0.6823 -0.1357 -0.7184
vn 0.0874 -0.0174 -0.9960
vn 0.3423 -0.0681 -0.9371
vn 0.6219 -0.1237 -0.7732
vn 0.8210 -0.1633 -0.5470
vn 0.9418 -0.1873 -0.2791
vn 0.9784 -0.1946 -0.0695
vn 0.9784 -0.1946 0.0695
vn 0.9418 -0.1873 0.2792
vn 0.8210 -0.1633 0.5470
vn 0.6219 -0.1237 0.7732
vn 0.3761 -0.0748 0.9235
vn 0.1811 -0.0360 0.9828
vn 0.1075 -0.0214 0.9940
vn 0.0885 -0.0176 0.9959
vn 0.0662 -0.0132 0.9977
vn 0.0441 -0.0088 0.9990
vn 0.0222 -0.0044 0.9997
vn 0.9952 -0.0980 0.0000
vn 0.6924 -0.0682 -0.7183
vn 0.0887 -0.0087 -0.9960
vn 0.3473 -0.0342 -0.9371
vn 0.6310 -0.0621 -0.7733
vn 0.8331 -0.0821 -0.5470
vn 0.9556 -0.0941 -0.2791
vn 0.9928 -0.0978 -0.0695
vn 0.9928 -0.0978 0.0695
vn 0.9556 -0.0941 0.2791
vn 0.8331 -0.0821 0.5470
vn 0.6310 -0.0621 0.7732
vn 0.3817 -0.0376 0.9235
vn 0.1837 -0.0181 0.9828
vn 0.1090 -0.0107 0.9940
vn 0.0898 -0.0088 0.9959
vn 0.0672 -0.0066 0.9977
vn 0.0448 -0.0044 0.9990
vn 0.0225 -0.0022 0.9997
vn 0.9397 0.3420 0.0000
vn 0.7661 0.6428 -0.0000
vn 0.7660 0.6428 -0.0000
vn 0.5000 0.8660 0.0000
vn 0.1736 0.9848 0.0000
vn -0.1736 0.9848 0.0000
vn -0.5000 0.8660 0.0000
vn -0.7661 0.6428 -0.0000
vn -0.7660 0.6428 -0.0000
vn -0.9397 0.3420 0.0000
vn -0.9397 -0.3420 0.0000
vn -0.7661 -0.6428 0.0000
vn -0.7660 -0.6428 0.0000
vn -0.5000 -0.8660 0.0000
vn -0.1736 -0.9848 0.0000
vn 0.1736 -0.9848 0.0000
vn 0.5000 -0.8660 0.0000
vn 0.7661 -0.6428 0.0000
vn 0.7660 -0.6428 0.0000
vn 0.9397 -0.3420 0.0000
vn 0.7134 0.1223 0.6900
vn 0.9856 0.1689 0.0000
vn 0.9125 -0.4092 0.0000
vn 0.4396 -0.1971 0.8763
vn 0.7266 0.0000 0.6871
vn 0.6180 0.7862 0.0000
vn 0.4544 0.5781 0.6777
vn 0.0795 0.4881 0.8692
vn 0.1608 0.9870 0.0000
vn 0.2572 0.6966 0.6698
vn 0.3463 0.9381 0.0000
vn 0.0000 1.0000 0.0000
vn 0.0000 0.7429 0.6694
vn 0.4617 -0.8870 0.0000
vn 0.3160 -0.6071 0.7291
vn -0.3160 0.6071 0.7291
vn -0.4617 0.8870 -0.0000
vn 0.7134 -0.1223 0.6900
vn 0.4396 0.1971 0.8763
vn 0.9125 0.4091 0.0000
vn 0.9856 -0.1689 0.0000
vn 0.6180 -0.7862 0.0000
vn 0.1608 -0.9870 -0.0000
vn 0.0795 -0.4881 0.8692
vn 0.4544 -0.5781 0.6777
vn 0.2572 -0.6966 0.6698
vn 0.0000 -0.7429 0.6694
vn 0.3463 -0.9381 0.0000
vn 0.3160 0.6071 0.7291
vn 0.4617 0.8870 0.0000
vn -0.4617 -0.8870 0.0000
vn -0.3160 -0.6071 0.7291
vn -0.7134 0.1223 0.6900
vn -0.4396 -0.1971 0.8763
vn -0.9125 -0.4091 0.0000
vn -0.9856 0.1689 0.0000
vn -0.7265 0.0000 0.6872
vn -0.6180 0.7862 0.0000
vn -0.1608 0.9870 0.0000
vn -0.0795 0.4881 0.8692
vn -0.4544 0.5781 0.6777
vn -0.2572 0.6966 0.6698
vn -0.3463 0.9381 0.0000
vn 0.4617 0.8870 -0.0000
vn -0.7134 -0.1223 0.6900
vn -0.9856 -0.1689 0.0000
vn -0.9125 0.4091 0.0000
vn -0.4396 0.1971 0.8763
vn -0.6180 -0.7862 0.0000
vn -0.4544 -0.5781 0.6777
vn -0.0795 -0.4881 0.8692
vn -0.1607 -0.9870 0.0000
vn -0.2572 -0.6966 0.6698
vn -0.3463 -0.9381 0.0000
vn -0.4617 0.8870 0.0000
vn -0.6445 -0.1882 0.7411
vn -0.5594 -0.3676 0.7430
vn -0.4223 -0.5189 0.7433
vn -0.2334 -0.6221 0.7473
vn 0.0000 -0.6593 0.7518
vn 0.2334 -0.6221 0.7474
vn 0.4223 -0.5189 0.7433
vn 0.5593 -0.3676 0.7430
vn 0.6445 -0.1882 0.7411
vn 0.6729 -0.0000 0.7398
vn 0.6445 0.1882 0.7411
vn 0.5594 0.3676 0.7430
vn 0.4223 0.5189 0.7433
vn 0.2334 0.6221 0.7474
vn -0.0000 0.6594 0.7518
vn -0.2334 0.6221 0.7474
vn -0.4223 0.5189 0.7432
vn -0.5594 0.3676 0.7430
vn -0.6445 0.1882 0.7411
vn -0.6728 0.0000 0.7398
vn -0.8357 -0.5492 0.0000
vn -0.9599 -0.2803 0.0000
vn -0.6312 -0.7756 -0.0000
vn -0.3513 -0.9363 -0.0000
vn 0.3513 -0.9363 0.0000
vn 0.6313 -0.7756 0.0000
vn 0.8357 -0.5492 0.0000
vn 0.9599 -0.2803 0.0000
vn 0.9599 0.2803 0.0000
vn 0.8357 0.5492 0.0000
vn 0.6312 0.7756 0.0000
vn 0.3513 0.9363 0.0000
vn -0.3513 0.9363 0.0000
vn -0.6312 0.7756 0.0000
vn -0.8357 0.5492 0.0000
vn -0.9599 0.2803 0.0000
vn 0.2275 0.6910 0.6861
vn 0.3580 0.6334 0.6860
vn 0.4747 0.5514 0.6860
vn 0.5731 0.4482 0.6861
vn 0.6495 0.3278 0.6860
vn 0.7010 0.1948 0.6860
vn 0.7255 0.0543 0.6860
vn 0.7221 -0.0883 0.6861
vn 0.6910 -0.2275 0.6861
vn 0.6334 -0.3580 0.6860
vn 0.5514 -0.4747 0.6860
vn 0.4482 -0.5731 0.6860
vn 0.3278 -0.6495 0.6860
vn 0.1948 -0.7010 0.6861
vn 0.0543 -0.7256 0.6860
vn -0.0883 -0.7221 0.6861
vn -0.2275 -0.6911 0.6860
vn -0.3580 -0.6334 0.6860
vn -0.4746 -0.5514 0.6860
vn -0.5731 -0.4482 0.6860
vn -0.6495 -0.3278 0.6860
vn -0.7010 -0.1948 0.6860
vn -0.7255 -0.0543 0.6860
vn -0.7222 0.0883 0.6860
vn -0.6911 0.2275 0.6860
vn -0.6334 0.3580 0.6860
vn -0.5514 0.4746 0.6860
vn -0.4482 0.5731 0.6860
vn -0.3278 0.6495 0.6860
vn -0.1948 0.7010 0.6860
vn -0.0543 0.7255 0.6861
vn 0.0883 0.7222 0.6860
vn -0.2038 -0.6192 0.7583
vn -0.3207 -0.5675 0.7583
vn -0.4253 -0.4940 0.7583
vn -0.5135 -0.4016 0.7583
vn -0.5820 -0.2937 0.7583
vn -0.6281 -0.1745 0.7583
vn -0.6500 -0.0486 0.7583
vn -0.6470 0.0791 0.7583
vn -0.6192 0.2038 0.7583
vn -0.5675 0.3207 0.7583
vn -0.4940 0.4253 0.7583
vn -0.4016 0.5135 0.7583
vn -0.2937 0.5820 0.7583
vn -0.1745 0.6281 0.7583
vn -0.0486 0.6500 0.7583
vn 0.0791 0.6470 0.7583
vn 0.2038 0.6192 0.7583
vn 0.3207 0.5675 0.7583
vn 0.4253 0.4940 0.7583
vn 0.5135 0.4016 0.7583
vn 0.5820 0.2937 0.7583
vn 0.6281 0.1745 0.7583
vn 0.6500 0.0486 0.7583
vn 0.6470 -0.0791 0.7583
vn 0.6192 -0.2038 0.7583
vn 0.5675 -0.3207 0.7583
vn 0.4940 -0.4253 0.7583
vn 0.4016 -0.5135 0.7583
vn 0.2937 -0.5820 0.7583
vn 0.1745 -0.6281 0.7583
vn 0.0486 -0.6500 0.7583
vn -0.0791 -0.6470 0.7583
vn -0.3115 -0.9463 0.0868
vn -0.4901 -0.8673 0.0868
vn -0.6499 -0.7550 0.0868
vn -0.7847 -0.6137 0.0868
vn -0.8894 -0.4488 0.0868
vn -0.9599 -0.2667 0.0868
vn -0.9934 -0.0743 0.0868
vn -0.9889 0.1209 0.0868
vn -0.9463 0.3115 0.0868
vn -0.8673 0.4901 0.0868
vn -0.7550 0.6499 0.0868
vn -0.6137 0.7847 0.0868
vn -0.4488 0.8894 0.0868
vn -0.2667 0.9599 0.0868
vn -0.0743 0.9934 0.0868
vn 0.1209 0.9889 0.0868
vn 0.3115 0.9463 0.0868
vn 0.4901 0.8673 0.0868
vn 0.6499 0.7550 0.0868
vn 0.7847 0.6137 0.0868
vn 0.8894 0.4488 0.0868
vn 0.9599 0.2667 0.0868
vn 0.9934 0.0743 0.0868
vn 0.9889 -0.1209 0.0868
vn 0.9463 -0.3115 0.0868
vn 0.8673 -0.4901 0.0868
vn 0.7550 -0.6499 0.0868
vn 0.6137 -0.7847 0.0868
vn 0.4488 -0.8894 0.0868
vn 0.2667 -0.9599 0.0868
vn 0.0743 -0.9934 0.0868
vn -0.1209 -0.9889 0.0868
vn 0.2276 0.6913 -0.6857
vn 0.6499 0.3280 -0.6857
vn 0.7013 0.1948 -0.6857
vn 0.3280 -0.6499 -0.6857
vn -0.0883 -0.7225 -0.6857
vn -0.6913 0.2276 -0.6857
vn -0.0543 0.7259 -0.6857
vn -0.2109 0.0416 -0.9766
vn 0.6625 0.6830 -0.3075
vn 0.6573 0.6874 -0.3090
vn 0.3531 0.8611 -0.3658
vn -0.7337 -0.0005 -0.6794
vn -0.7242 -0.0016 -0.6896
vn -0.7058 0.0747 -0.7045
vn -0.5957 0.0006 -0.8032
vn -0.7732 0.0015 -0.6342
vn -0.7518 0.0005 -0.6593
vn -0.7661 0.0005 -0.6427
vn -0.7741 0.0005 -0.6330
vn -0.7796 0.0001 -0.6263
vn -0.7717 -0.0005 -0.6360
vn -0.7590 -0.0006 -0.6511
vn -0.7438 -0.0006 -0.6684
vn -0.0001 0.7091 -0.7051
vn -0.0002 0.7076 -0.7066
vn 0.0000 0.7090 -0.7052
vn -0.0001 0.7032 -0.7110
vn -0.0000 0.7005 -0.7136
vn -0.0009 -0.7200 -0.6940
vn -0.0000 -0.7218 -0.6921
vn -0.0000 -0.7219 -0.6920
vn -0.0000 -0.7220 -0.6918
vn -0.0743 -0.7131 -0.6971
vn 0.0000 -0.7211 -0.6929
vn -0.0000 -0.7221 -0.6918
vn 0.0059 -0.7066 -0.7076
vn 0.0118 -0.6926 -0.7212
vn -0.9726 -0.1907 -0.1331
vn -0.9852 -0.0964 -0.1414
vn -0.0812 -0.9880 -0.1311
vn -0.0032 -0.9904 -0.1381
vn -0.0023 -0.9909 -0.1345
vn -0.0001 0.9112 -0.4119
vn -0.0000 0.9082 -0.4185
vn -0.0912 0.9063 -0.4127
vn -0.3376 0.8590 -0.3849
vn -0.6197 0.7031 -0.3488
vn -0.8637 0.4226 -0.2747
vn -0.9771 0.1658 -0.1333
vn -0.9883 0.0660 -0.1376
vn -0.9893 0.0433 -0.1390
vn -0.9889 0.0222 -0.1468
vn -0.9898 0.0002 -0.1428
vn -0.9896 -0.0245 -0.1416
vn -0.9889 -0.0498 -0.1403
vn -0.9869 -0.0749 -0.1427
vn 0.0002 -0.9910 -0.1337
vn 0.9814 -0.0784 -0.1752
vn 0.9725 -0.1717 -0.1574
vn 0.8896 -0.4262 -0.1644
vn 0.6609 -0.7314 -0.1682
vn 0.3349 -0.9292 -0.1564
vn 0.0794 -0.9877 -0.1349
vn 0.0031 -0.9902 -0.1393
vn 0.0022 -0.9914 -0.1312
vn 0.0000 0.9098 -0.4150
vn 0.0890 0.9100 -0.4049
vn 0.3568 0.8405 -0.4079
vn 0.6766 0.6362 -0.3708
vn 0.8965 0.3488 -0.2732
vn 0.9766 0.1290 -0.1718
vn 0.9827 0.0537 -0.1775
vn 0.9836 0.0354 -0.1771
vn 0.9837 0.0153 -0.1792
vn 0.9837 -0.0037 -0.1799
vn 0.9839 -0.0226 -0.1775
vn 0.9834 -0.0418 -0.1765
vn 0.9820 -0.0610 -0.1785
vn 0.9802 -0.1800 -0.0824
vn 0.9810 -0.1759 -0.0823
vn 0.8968 -0.4343 -0.0846
vn 0.8964 -0.4351 -0.0846
vn 0.8953 -0.4374 -0.0846
vn 0.9948 -0.0638 -0.0799
vn 0.9948 -0.0635 -0.0799
vn 0.9957 -0.0450 -0.0805
vn 0.9964 -0.0258 -0.0802
vn 0.9964 -0.0257 -0.0802
vn 0.9965 -0.0255 -0.0802
vn 0.9968 -0.0069 -0.0796
vn 0.9967 0.0122 -0.0801
vn 0.9963 0.0325 -0.0794
vn 0.9955 0.0516 -0.0798
vn 0.9954 0.0520 -0.0800
vn 0.9953 0.0530 -0.0806
vn 0.9821 0.1516 -0.1116
vn 0.9781 0.1705 -0.1192
vn 0.3537 0.8609 -0.3657
vn 0.0881 0.9220 -0.3770
vn 0.0874 0.9221 -0.3770
vn 0.0852 0.9223 -0.3770
vn 0.3514 0.8617 -0.3660
vn 0.0898 -0.9951 -0.0420
vn 0.0949 -0.9946 -0.0424
vn 0.1085 -0.9931 -0.0435
vn 0.3533 -0.9336 -0.0595
vn 0.3612 -0.9305 -0.0601
vn 0.3850 -0.9208 -0.0621
vn 0.6721 -0.7364 -0.0777
vn 0.6746 -0.7340 -0.0778
vn 0.6835 -0.7257 -0.0782
vn 0.8684 0.4427 -0.2234
vn 0.8744 0.4328 -0.2195
vn 0.8911 0.4034 -0.2079
vn -0.9944 -0.0984 -0.0393
vn -0.9792 -0.1988 -0.0411
vn -0.9944 -0.0984 -0.0394
vn -0.9784 -0.2028 -0.0413
vn -0.9760 -0.2136 -0.0416
vn -0.9943 -0.0985 -0.0395
vn -0.8881 -0.4573 -0.0463
vn -0.8843 -0.4645 -0.0465
vn -0.8729 -0.4856 -0.0472
vn -0.9962 -0.0774 -0.0387
vn -0.9978 -0.0529 -0.0392
vn -0.9978 -0.0528 -0.0392
vn -0.9978 -0.0525 -0.0393
vn -0.9989 -0.0278 -0.0376
vn -0.9992 -0.0031 -0.0388
vn -0.9991 0.0189 -0.0384
vn -0.9991 0.0190 -0.0384
vn -0.9991 0.0192 -0.0385
vn -0.9985 0.0405 -0.0382
vn -0.9972 0.0640 -0.0390
vn -0.9972 0.0644 -0.0391
vn -0.9971 0.0656 -0.0394
vn -0.0906 0.9233 -0.3733
vn -0.0909 0.9233 -0.3733
vn -0.0918 0.9232 -0.3732
vn -0.0835 -0.9958 -0.0378
vn -0.0837 -0.9958 -0.0378
vn -0.0840 -0.9957 -0.0378
vn -0.3398 -0.9395 -0.0446
vn -0.3381 -0.9401 -0.0446
vn -0.3326 -0.9420 -0.0444
vn -0.6587 -0.7509 -0.0487
vn -0.6540 -0.7549 -0.0488
vn -0.6391 -0.7675 -0.0489
vn -0.8638 0.4670 -0.1891
vn -0.9794 0.1862 -0.0778
vn -0.8640 0.4667 -0.1890
vn -0.9789 0.1886 -0.0788
vn -0.9777 0.1946 -0.0790
vn -0.8656 0.4641 -0.1880
vn -0.6220 0.7260 -0.2935
vn -0.6258 0.7231 -0.2924
vn -0.6368 0.7147 -0.2891
vn -0.3347 0.8736 -0.3531
vn -0.3373 0.8728 -0.3528
vn -0.3443 0.8704 -0.3519
vn 0.6460 0.6965 -0.3123
vn 0.6518 0.6919 -0.3106
vn 0.6675 0.6788 -0.3060
vn -0.6795 -0.7305 -0.0688
vn -0.5786 0.5764 -0.5771
vn 0.5773 0.5774 -0.5774
vn -0.1852 -0.7643 -0.6177
vn -0.2071 -0.7236 -0.6584
vn -0.3331 -0.7522 -0.5685
vn -0.5108 -0.7522 -0.4161
vn -0.6315 -0.7407 -0.2290
vn 0.5773 -0.5774 -0.5774
vn -0.5774 -0.5773 -0.5773
vn -0.7071 0.0000 -0.7071
vn 0.7071 -0.0000 -0.7071
vn -0.7071 -0.0000 -0.7071
vn -0.7020 0.0000 -0.7122
vn 0.7123 0.0006 -0.7018
vn 0.7068 0.0009 -0.7074
vn 0.7072 0.0004 -0.7070
vn -0.7018 0.0005 -0.7124
vn 0.7125 0.0001 -0.7016
vn -0.7073 0.0005 -0.7069
vn 0.7071 0.0000 -0.7071
vn -0.7072 0.0000 -0.7070
vn -0.7072 -0.0000 -0.7070
vn -0.7073 -0.0003 -0.7069
vn 0.7072 -0.0003 -0.7070
vn -0.7071 -0.0005 -0.7071
vn 0.7071 -0.0005 -0.7071
vn -0.7070 -0.0002 -0.7072
vn -0.7071 0.0000 -0.7072
vn 0.7070 -0.0002 -0.7072
vn -0.7066 -0.0013 -0.7076
vn -0.7071 -0.0025 -0.7071
vn 0.0006 0.0370 0.9993
vn 0.0227 0.6746 0.7378
vn 0.0028 -0.6106 0.7919
vn -0.0001 -0.6164 0.7874
vn 0.6441 -0.0499 0.7633
vn 0.6389 -0.0358 0.7684
vn 0.6494 -0.0211 0.7601
vn 0.6519 -0.0035 0.7583
vn 0.6570 0.0163 0.7537
vn -0.0203 0.6746 0.7379
vn -0.0029 -0.6104 0.7921
vn -0.6703 -0.0445 0.7408
vn -0.6690 -0.0304 0.7426
vn -0.6679 -0.0173 0.7440
vn -0.6717 -0.0034 0.7408
vn -0.6742 0.0125 0.7384
vn -0.0001 -0.6952 0.7188
vn -0.0632 -0.6926 0.7185
vn -0.0844 -0.9707 0.2250
vn -0.0195 -0.9743 0.2245
vn 0.0258 -0.9741 0.2247
vn 0.0936 -0.9698 0.2250
vn 0.0628 -0.6927 0.7185
vn 0.1834 -0.9569 0.2253
vn 0.1269 -0.6842 0.7182
vn 0.2741 -0.9349 0.2253
vn 0.1917 -0.6692 0.7179
vn 0.3644 -0.9035 0.2254
vn 0.2564 -0.6474 0.7177
vn 0.4530 -0.8625 0.2256
vn 0.3199 -0.6187 0.7175
vn 0.5383 -0.8120 0.2256
vn 0.3812 -0.5832 0.7174
vn 0.6188 -0.7524 0.2258
vn 0.4390 -0.5411 0.7173
vn 0.6930 -0.6845 0.2261
vn 0.4925 -0.4929 0.7173
vn 0.7599 -0.6094 0.2263
vn 0.5407 -0.4395 0.7173
vn 0.8183 -0.5283 0.2266
vn 0.5829 -0.3816 0.7174
vn 0.8676 -0.4425 0.2268
vn 0.6185 -0.3204 0.7175
vn 0.9074 -0.3536 0.2270
vn 0.6472 -0.2569 0.7177
vn 0.9376 -0.2632 0.2273
vn 0.6691 -0.1922 0.7179
vn 0.9584 -0.1725 0.2275
vn 0.6841 -0.1273 0.7182
vn 0.9702 -0.0830 0.2277
vn 0.6926 -0.0632 0.7185
vn 0.9737 0.0052 0.2280
vn 0.6953 -0.0002 0.7187
vn 0.9691 0.0935 0.2283
vn 0.6927 0.0628 0.7185
vn 0.9561 0.1831 0.2286
vn 0.6842 0.1269 0.7182
vn 0.9342 0.2738 0.2289
vn 0.6692 0.1917 0.7179
vn 0.9027 0.3641 0.2291
vn 0.6474 0.2564 0.7177
vn 0.8617 0.4526 0.2294
vn 0.6187 0.3199 0.7175
vn 0.8112 0.5377 0.2297
vn 0.5832 0.3812 0.7174
vn 0.7517 0.6181 0.2300
vn 0.5411 0.4390 0.7173
vn 0.6839 0.6923 0.2301
vn 0.4929 0.4925 0.7173
vn 0.6088 0.7591 0.2304
vn 0.4395 0.5407 0.7173
vn 0.5277 0.8175 0.2305
vn 0.3816 0.5829 0.7174
vn 0.4421 0.8668 0.2306
vn 0.3204 0.6185 0.7175
vn 0.3533 0.9066 0.2307
vn 0.2569 0.6472 0.7177
vn 0.2629 0.9368 0.2308
vn 0.1922 0.6690 0.7179
vn 0.1723 0.9576 0.2308
vn 0.1273 0.6841 0.7182
vn 0.0829 0.9695 0.2308
vn 0.0632 0.6926 0.7185
vn -0.0052 0.9730 0.2308
vn 0.0002 0.6953 0.7187
vn -0.0933 0.9685 0.2309
vn -0.0628 0.6927 0.7185
vn -0.1828 0.9557 0.2308
vn -0.1269 0.6841 0.7182
vn -0.2733 0.9338 0.2308
vn -0.1917 0.6692 0.7179
vn -0.3634 0.9026 0.2307
vn -0.2564 0.6474 0.7177
vn -0.4519 0.8618 0.2306
vn -0.3200 0.6187 0.7175
vn -0.5371 0.8114 0.2305
vn -0.3812 0.5831 0.7174
vn -0.6175 0.7521 0.2304
vn -0.4391 0.5410 0.7173
vn -0.6918 0.6844 0.2301
vn -0.4925 0.4929 0.7173
vn -0.7588 0.6095 0.2299
vn -0.5407 0.4394 0.7173
vn -0.8173 0.5284 0.2296
vn -0.5829 0.3816 0.7174
vn -0.8668 0.4427 0.2294
vn -0.6185 0.3204 0.7175
vn -0.9068 0.3539 0.2291
vn -0.6472 0.2569 0.7177
vn -0.9372 0.2634 0.2288
vn -0.6691 0.1922 0.7179
vn -0.9581 0.1727 0.2285
vn -0.6841 0.1273 0.7182
vn -0.9701 0.0830 0.2282
vn -0.6926 0.0632 0.7185
vn -0.9737 -0.0052 0.2280
vn -0.6953 0.0002 0.7187
vn -0.9692 -0.0934 0.2277
vn -0.6927 -0.0628 0.7185
vn -0.9564 -0.1830 0.2275
vn -0.6841 -0.1269 0.7182
vn -0.9346 -0.2736 0.2272
vn -0.6692 -0.1917 0.7179
vn -0.9034 -0.3638 0.2270
vn -0.6474 -0.2564 0.7177
vn -0.8625 -0.4523 0.2268
vn -0.6187 -0.3200 0.7175
vn -0.8122 -0.5376 0.2265
vn -0.5831 -0.3812 0.7174
vn -0.7528 -0.6181 0.2264
vn -0.5410 -0.4391 0.7173
vn -0.6851 -0.6925 0.2261
vn -0.4929 -0.4926 0.7173
vn -0.6100 -0.7595 0.2259
vn -0.4394 -0.5407 0.7173
vn -0.5289 -0.8181 0.2257
vn -0.3816 -0.5829 0.7174
vn -0.4432 -0.8676 0.2255
vn -0.3204 -0.6185 0.7175
vn -0.3542 -0.9076 0.2254
vn -0.2569 -0.6472 0.7177
vn -0.2637 -0.9380 0.2252
vn -0.1922 -0.6691 0.7179
vn -0.1729 -0.9589 0.2252
vn -0.1273 -0.6841 0.7182
vn -0.6799 0.0437 0.7320
vn 0.3741 0.5709 0.7308
vn -0.6428 -0.2319 0.7301
vn -0.7210 -0.1053 -0.6849
vn 0.5709 0.3741 0.7308
vn 0.6349 0.2528 0.7301
vn -0.6764 -0.2694 0.6856
vn -0.6129 -0.3886 0.6881
vn 0.6728 0.1264 0.7289
vn -0.7145 -0.1343 0.6866
vn 0.6852 -0.0000 0.7283
vn 0.6728 -0.1264 0.7289
vn -0.7145 0.1343 0.6866
vn 0.6349 -0.2528 0.7301
vn -0.6764 0.2694 0.6856
vn 0.5709 -0.3741 0.7308
vn -0.6129 0.3886 0.6881
vn 0.4825 -0.4825 0.7311
vn -0.5543 0.4492 0.7006
vn -0.6025 0.3203 0.7310
vn -0.5727 0.4362 -0.6941
vn -0.5643 -0.4227 0.7092
vn 0.4825 0.4825 0.7311
vn 0.6689 0.1919 0.7182
vn 0.6845 0.1272 0.7179
vn 0.1274 -0.6833 0.7189
vn 0.0618 -0.6942 0.7171
vn 0.0000 -0.6967 0.7174
vn -0.6466 -0.2564 0.7185
vn -0.6689 -0.1919 0.7182
vn -0.6845 -0.1272 0.7179
vn -0.1273 0.6833 0.7189
vn -0.0618 0.6941 0.7172
vn -0.0000 0.6966 0.7174
vn 0.6466 0.2564 0.7184
vn 0.6936 0.0631 0.7175
vn 0.6967 0.0000 0.7174
vn 0.6936 -0.0631 0.7175
vn 0.6845 -0.1272 0.7179
vn 0.6689 -0.1919 0.7182
vn 0.6466 -0.2564 0.7184
vn 0.6176 -0.3196 0.7187
vn 0.5818 -0.3806 0.7188
vn 0.5396 -0.4382 0.7189
vn 0.4947 -0.4899 0.7178
vn 0.4331 -0.5390 0.7224
vn 0.3377 -0.5955 0.7289
vn 0.2167 -0.6481 0.7301
vn 0.0883 -0.7233 -0.6849
vn -0.0571 -0.6799 0.7310
vn -0.0618 -0.6942 0.7171
vn -0.1371 -0.6776 0.7225
vn -0.6175 -0.3196 0.7187
vn -0.5818 -0.3806 0.7188
vn -0.5396 -0.4382 0.7189
vn -0.4947 -0.4899 0.7178
vn -0.4263 -0.5413 0.7247
vn -0.3210 -0.6027 0.7306
vn -0.6936 -0.0631 0.7176
vn -0.6966 0.0000 0.7174
vn -0.6936 0.0631 0.7176
vn -0.6845 0.1272 0.7179
vn -0.6689 0.1919 0.7182
vn -0.6466 0.2564 0.7185
vn -0.6175 0.3196 0.7187
vn -0.5818 0.3806 0.7188
vn -0.5396 0.4382 0.7189
vn -0.4947 0.4899 0.7178
vn -0.4331 0.5390 0.7224
vn -0.3377 0.5955 0.7289
vn -0.2167 0.6482 0.7300
vn -0.0883 0.7232 -0.6849
vn 0.0571 0.6799 0.7311
vn 0.0618 0.6941 0.7172
vn 0.1371 0.6776 0.7225
vn 0.6176 0.3196 0.7186
vn 0.5818 0.3806 0.7188
vn 0.5396 0.4382 0.7189
vn 0.4947 0.4899 0.7178
vn 0.4263 0.5413 0.7247
vn 0.3210 0.6027 0.7306
vn 0.2004 0.6554 0.7283
vn -0.0561 0.6811 0.7300
vn 0.0805 0.7226 -0.6865
vn -0.2004 -0.6554 0.7283
vn 0.0561 -0.6811 0.7300
vn -0.0805 -0.7226 -0.6865
vn -0.5873 -0.3516 0.7290
vn 0.2116 -0.6559 0.7246
vn 0.3176 -0.6065 0.7289
vn 0.5247 -0.4366 0.7308
vn 0.4554 -0.5681 -0.6855
vn -0.2115 0.6559 0.7246
vn -0.3176 0.6064 0.7289
vn -0.5247 0.4366 0.7308
vn -0.4554 0.5681 -0.6855
vn -0.2418 -0.6405 0.7289
vn -0.3831 -0.6191 -0.6855
vn -0.4679 -0.4970 0.7308
vn 0.2418 0.6405 0.7289
vn 0.3831 0.6191 -0.6855
vn 0.4679 0.4970 0.7308
vn 0.3741 -0.5709 0.7308
vn -0.6554 0.1909 0.7308
vn 0.6025 -0.3203 0.7311
vn -0.6024 0.3203 0.7311
vn -0.1909 0.6554 0.7308
vn 0.1946 0.6543 0.7308
vn -0.1946 -0.6543 0.7308
vn 0.1909 -0.6554 0.7308
vn -0.5592 -0.3910 0.7311
vn -0.6274 -0.2689 0.7308
vn 0.5592 0.3910 0.7310
vn 0.6274 0.2689 0.7308
vn 0.3204 -0.6025 0.7310
vn -0.3204 0.6025 0.7310
vn 0.6554 -0.1909 0.7308
vn -0.3217 -0.6029 0.7301
vn 0.3217 0.6029 0.7300
vn 0.3962 0.5555 0.7310
vn -0.6811 0.0562 0.7300
vn 0.6811 -0.0562 0.7300
vn -0.4323 -0.5309 0.7289
vn -0.5234 -0.4423 0.7283
vn 0.6804 0.0758 0.7290
vn -0.5955 -0.3377 0.7289
vn 0.6747 0.1730 0.7176
vn -0.6481 -0.2485 0.7198
vn 0.6706 0.2147 0.7101
vn -0.6733 -0.2110 0.7087
vn -0.6747 -0.1730 0.7175
vn 0.6422 0.2598 0.7212
vn 0.5844 0.3542 0.7300
vn -0.6804 -0.0758 0.7289
vn 0.5013 0.4633 0.7308
vn -0.6692 -0.1383 0.7301
vn -0.6845 -0.0072 0.7290
vn 0.4366 -0.5247 0.7308
vn -0.6803 0.1097 0.7247
vn 0.5332 -0.4274 0.7300
vn -0.6754 0.1843 0.7140
vn 0.6065 -0.3176 0.7289
vn -0.6561 0.2339 0.7175
vn 0.6561 -0.2339 0.7175
vn -0.6065 0.3176 0.7289
vn 0.6761 -0.2011 0.7088
vn -0.5332 0.4274 0.7300
vn -0.4366 0.5247 0.7308
vn 0.6762 -0.1530 0.7206
vn -0.3203 0.6024 0.7311
vn 0.6811 -0.0410 0.7310
vn 0.4323 0.5309 0.7289
vn 0.5234 0.4423 0.7283
vn 0.5963 0.3327 0.7306
vn 0.6515 0.2394 0.7198
vn -0.6487 -0.2429 0.7212
vn 0.6747 0.1730 0.7175
vn -0.5861 -0.3449 0.7332
vn 0.6804 0.0758 0.7289
vn -0.5013 -0.4633 0.7308
vn 0.6810 -0.0561 0.7301
vn -0.3962 -0.5555 0.7310
vn 0.6693 0.1383 0.7300
vn 0.6846 0.0072 0.7289
vn 0.6804 -0.1097 0.7246
vn 0.6755 -0.1843 0.7140
vn -0.6561 0.2339 0.7176
vn -0.6735 0.1606 0.7215
vn 0.3203 -0.6024 0.7311
vn 0.2528 -0.6349 0.7301
vn 0.2747 0.6248 0.7308
vn 0.1445 0.6679 0.7301
vn 0.1264 -0.6728 0.7289
vn 0.0136 0.6844 0.7289
vn -0.0555 0.7039 0.7081
vn 0.0000 -0.6853 0.7283
vn 0.0000 0.7248 0.6889
vn -0.1264 -0.6728 0.7289
vn 0.0794 0.7089 0.7008
vn 0.0542 0.6905 0.7213
vn -0.2528 -0.6349 0.7300
vn -0.0562 0.6811 0.7300
vn -0.2037 0.6996 -0.6849
vn -0.3741 -0.5709 0.7308
vn 0.6754 0.0987 0.7308
vn -0.4825 -0.4825 0.7310
vn 0.6428 0.2319 0.7301
vn 0.5643 0.4227 0.7092
vn 0.6238 0.3735 -0.6866
vn -0.5709 -0.3741 0.7308
vn 0.6129 0.3886 0.6880
vn -0.6349 -0.2528 0.7301
vn 0.6764 0.2694 0.6855
vn -0.6728 -0.1264 0.7290
vn 0.7146 0.1343 0.6866
vn -0.6852 0.0000 0.7283
vn 0.7265 0.0000 0.6872
vn -0.6728 0.1264 0.7290
vn 0.7146 -0.1343 0.6866
vn -0.6349 0.2528 0.7301
vn 0.6764 -0.2694 0.6855
vn -0.5709 0.3741 0.7308
vn 0.6129 -0.3886 0.6880
vn -0.4825 0.4825 0.7310
vn 0.5543 -0.4493 0.7006
vn 0.6025 -0.3203 0.7310
vn 0.5727 -0.4362 -0.6941
vn -0.3741 0.5709 0.7308
vn 0.6553 -0.1909 0.7308
vn -0.2528 0.6349 0.7301
vn -0.2747 -0.6249 0.7308
vn -0.1445 -0.6679 0.7301
vn -0.1264 0.6728 0.7289
vn -0.0136 -0.6844 0.7289
vn 0.0555 -0.7039 0.7081
vn 0.0000 0.6853 0.7283
vn 0.0000 -0.7248 0.6889
vn 0.1264 0.6728 0.7289
vn -0.0442 -0.7012 0.7116
vn 0.2528 0.6349 0.7301
vn 0.0470 -0.6784 0.7332
vn 0.2037 -0.6996 -0.6849
vn -0.9895 -0.1446 0.0000
vn -0.9979 0.0642 0.0000
vn -0.9290 -0.3700 0.0000
vn -0.8446 -0.5355 0.0000
vn 0.8364 0.5481 0.0000
vn 0.9290 0.3700 0.0000
vn -0.9828 -0.1847 0.0000
vn 0.9828 0.1847 0.0000
vn -0.9828 0.1847 0.0000
vn 0.9828 -0.1847 0.0000
vn -0.9290 0.3700 0.0000
vn 0.9290 -0.3700 0.0000
vn -0.8446 0.5355 -0.0000
vn 0.8364 -0.5481 0.0000
vn -0.7769 0.6297 0.0000
vn -0.7955 0.6060 -0.0000
vn -0.8004 -0.5995 0.0000
vn 0.9612 0.2757 0.0000
vn 0.9832 0.1826 0.0000
vn 0.1832 -0.9831 0.0000
vn 0.0887 -0.9961 0.0000
vn 0.0000 -1.0000 0.0000
vn -0.9296 -0.3686 0.0000
vn -0.9612 -0.2757 0.0000
vn -0.9832 -0.1826 0.0000
vn -0.1832 0.9831 0.0000
vn -0.0887 0.9961 0.0000
vn 0.9296 0.3686 0.0000
vn 0.9959 0.0906 0.0000
vn 0.9959 -0.0906 0.0000
vn 0.9832 -0.1826 0.0000
vn 0.9612 -0.2757 0.0000
vn 0.9296 -0.3686 0.0000
vn 0.8881 -0.4597 0.0000
vn 0.8368 -0.5474 0.0000
vn 0.7763 -0.6304 0.0000
vn 0.7106 -0.7036 0.0000
vn 0.6263 -0.7796 0.0000
vn 0.4933 -0.8698 0.0000
vn 0.3171 -0.9484 0.0000
vn 0.1212 -0.9926 0.0000
vn -0.0887 -0.9961 0.0000
vn -0.1983 -0.9801 0.0000
vn -0.8881 -0.4596 0.0000
vn -0.8368 -0.5474 0.0000
vn -0.7763 -0.6304 0.0000
vn -0.7106 -0.7036 0.0000
vn -0.6187 -0.7856 0.0000
vn -0.4701 -0.8826 0.0000
vn -0.9959 -0.0906 0.0000
vn -0.9959 0.0906 0.0000
vn -0.9832 0.1826 0.0000
vn -0.9612 0.2757 0.0000
vn -0.9296 0.3686 0.0000
vn -0.8881 0.4597 0.0000
vn -0.8368 0.5474 0.0000
vn -0.7763 0.6304 0.0000
vn -0.7106 0.7036 0.0000
vn -0.6263 0.7796 0.0000
vn -0.4933 0.8699 0.0000
vn -0.3171 0.9484 0.0000
vn -0.1212 0.9926 0.0000
vn 0.0887 0.9961 0.0000
vn 0.1983 0.9801 0.0000
vn 0.8881 0.4596 0.0000
vn 0.8368 0.5474 0.0000
vn 0.7763 0.6304 0.0000
vn 0.7106 0.7036 0.0000
vn 0.6187 0.7856 0.0000
vn 0.4701 0.8826 0.0000
vn 0.2924 0.9563 0.0000
vn 0.1108 0.9938 0.0000
vn -0.2924 -0.9563 0.0000
vn -0.1108 -0.9938 0.0000
vn -0.8580 -0.5137 0.0000
vn 0.3071 -0.9517 0.0000
vn 0.4639 -0.8859 0.0000
vn 0.6254 -0.7803 0.0000
vn -0.3070 0.9517 0.0000
vn -0.4640 0.8858 0.0000
vn -0.6255 0.7803 0.0000
vn -0.3532 -0.9356 0.0000
vn -0.5262 -0.8503 0.0000
vn -0.6855 -0.7281 0.0000
vn 0.3531 0.9356 0.0000
vn 0.5263 0.8503 0.0000
vn 0.6855 0.7281 0.0000
vn -0.8830 0.4695 -0.0000
vn 0.5481 -0.8364 0.0000
vn -0.9601 0.2796 0.0000
vn 0.7687 -0.6396 0.0000
vn 0.8829 -0.4695 0.0000
vn -0.7687 0.6396 0.0000
vn -0.8830 0.4695 0.0000
vn 0.5481 0.8364 0.0000
vn -0.9407 -0.3393 0.0000
vn -0.0837 -0.9965 -0.0000
vn 0.0822 -0.9966 0.0000
vn 0.0837 0.9965 0.0000
vn -0.0822 0.9966 0.0000
vn -0.2796 0.9601 0.0000
vn 0.2851 0.9585 0.0000
vn -0.2851 -0.9585 -0.0000
vn 0.2796 -0.9601 0.0000
vn -0.8195 -0.5730 0.0000
vn -0.9191 -0.3939 0.0000
vn 0.8195 0.5730 0.0000
vn 0.9191 0.3939 0.0000
vn 0.4695 -0.8829 0.0000
vn -0.4695 0.8829 0.0000
vn 0.9601 -0.2796 0.0000
vn -0.4708 -0.8822 0.0000
vn 0.4708 0.8822 -0.0000
vn -0.9966 0.0822 0.0000
vn 0.9966 -0.0822 0.0000
vn -0.6315 -0.7754 -0.0000
vn 0.9938 0.1107 0.0000
vn -0.7638 -0.6455 0.0000
vn 0.9687 0.2483 0.0000
vn -0.8699 -0.4933 0.0000
vn 0.9524 0.3048 0.0000
vn -0.9337 -0.3580 0.0000
vn -0.9542 -0.2990 0.0000
vn -0.9687 -0.2483 -0.0000
vn 0.9270 0.3750 0.0000
vn 0.8552 0.5183 0.0000
vn 0.7344 0.6787 0.0000
vn -0.9938 -0.1107 -0.0000
vn 0.5806 0.8142 0.0000
vn -0.9793 -0.2024 0.0000
vn -0.9999 -0.0105 0.0000
vn 0.6396 -0.7687 -0.0000
vn -0.9873 0.1591 0.0000
vn 0.7803 -0.6254 -0.0000
vn -0.9647 0.2632 0.0000
vn 0.8859 -0.4640 0.0000
vn -0.9419 0.3358 0.0000
vn 0.9419 -0.3358 -0.0000
vn 0.9585 -0.2851 0.0000
vn -0.8859 0.4640 0.0000
vn -0.7803 0.6254 0.0000
vn 0.9754 -0.2206 0.0000
vn -0.6396 0.7687 0.0000
vn 0.9982 -0.0602 0.0000
vn 0.6315 0.7754 0.0000
vn -0.9938 -0.1107 0.0000
vn 0.7638 0.6455 0.0000
vn -0.9687 -0.2483 0.0000
vn 0.8733 0.4872 0.0000
vn -0.9365 -0.3506 0.0000
vn 0.9386 0.3450 0.0000
vn -0.8619 -0.5071 0.0000
vn -0.7344 -0.6787 0.0000
vn -0.5806 -0.8142 0.0000
vn 0.9793 0.2024 0.0000
vn 0.9999 0.0105 0.0000
vn 0.9873 -0.1591 0.0000
vn 0.9647 -0.2632 0.0000
vn 0.9419 -0.3358 0.0000
vn -0.9727 0.2319 0.0000
vn 0.7803 -0.6254 0.0000
vn 0.6396 -0.7687 0.0000
vn 0.3700 -0.9290 0.0000
vn 0.4025 0.9154 0.0000
vn 0.2115 0.9774 0.0000
vn 0.1847 -0.9828 0.0000
vn 0.0198 0.9998 0.0000
vn -0.0786 0.9969 0.0000
vn 0.1112 0.9938 0.0000
vn -0.1847 -0.9828 0.0000
vn 0.0783 0.9969 0.0000
vn -0.3700 -0.9290 0.0000
vn -0.5481 -0.8364 0.0000
vn 0.9895 0.1446 0.0000
vn 0.9407 0.3393 0.0000
vn 0.8580 0.5137 0.0000
vn 0.8004 0.5995 0.0000
vn -0.8364 -0.5481 0.0000
vn 0.8446 0.5355 0.0000
vn 0.8446 -0.5355 0.0000
vn -0.8364 0.5481 0.0000
vn 0.7769 -0.6296 -0.0000
vn 0.7955 -0.6060 -0.0000
vn 0.8830 -0.4695 0.0000
vn -0.5481 0.8364 0.0000
vn -0.3700 0.9290 0.0000
vn -0.4025 -0.9154 0.0000
vn -0.2115 -0.9774 0.0000
vn -0.1847 0.9828 0.0000
vn -0.0198 -0.9998 0.0000
vn 0.0786 -0.9969 0.0000
vn -0.0629 -0.9980 0.0000
vn 0.1847 0.9828 0.0000
vn 0.0691 -0.9976 0.0000
vn 0.3700 0.9290 0.0000
vn -0.0740 -0.8508 0.5202
vn -0.0171 -0.8545 0.5191
vn 0.0226 -0.8544 0.5192
vn 0.0820 -0.8501 0.5202
vn 0.1607 -0.8386 0.5204
vn 0.2402 -0.8193 0.5206
vn 0.3193 -0.7917 0.5208
vn 0.3969 -0.7556 0.5211
vn 0.4715 -0.7112 0.5214
vn 0.5418 -0.6589 0.5218
vn 0.6067 -0.5993 0.5223
vn 0.6651 -0.5334 0.5227
vn 0.7160 -0.4622 0.5232
vn 0.7589 -0.3870 0.5237
vn 0.7935 -0.3092 0.5242
vn 0.8196 -0.2300 0.5248
vn 0.8375 -0.1507 0.5252
vn 0.8476 -0.0725 0.5257
vn 0.8503 0.0045 0.5262
vn 0.8461 0.0816 0.5268
vn 0.8344 0.1598 0.5274
vn 0.8149 0.2389 0.5280
vn 0.7872 0.3175 0.5286
vn 0.7512 0.3945 0.5292
vn 0.7069 0.4686 0.5297
vn 0.6548 0.5385 0.5303
vn 0.5956 0.6030 0.5307
vn 0.5301 0.6610 0.5312
vn 0.4594 0.7117 0.5315
vn 0.3848 0.7545 0.5316
vn 0.3074 0.7890 0.5319
vn 0.2288 0.8152 0.5320
vn 0.1500 0.8333 0.5321
vn 0.0721 0.8436 0.5320
vn -0.0045 0.8467 0.5320
vn -0.0812 0.8428 0.5321
vn -0.1591 0.8316 0.5321
vn -0.2378 0.8126 0.5320
vn -0.3163 0.7855 0.5319
vn -0.3933 0.7501 0.5317
vn -0.4675 0.7065 0.5314
vn -0.5376 0.6549 0.5311
vn -0.6025 0.5961 0.5306
vn -0.6610 0.5310 0.5302
vn -0.7123 0.4605 0.5296
vn -0.7557 0.3860 0.5291
vn -0.7908 0.3087 0.5286
vn -0.8176 0.2298 0.5279
vn -0.8362 0.1507 0.5273
vn -0.8469 0.0725 0.5267
vn -0.8504 -0.0045 0.5262
vn -0.8468 -0.0816 0.5257
vn -0.8358 -0.1599 0.5252
vn -0.8170 -0.2391 0.5247
vn -0.7900 -0.3181 0.5242
vn -0.7545 -0.3956 0.5237
vn -0.7107 -0.4703 0.5232
vn -0.6589 -0.5410 0.5227
vn -0.5998 -0.6062 0.5222
vn -0.5342 -0.6650 0.5219
vn -0.4633 -0.7166 0.5214
vn -0.3883 -0.7601 0.5211
vn -0.3104 -0.7952 0.5208
vn -0.2311 -0.8220 0.5205
vn -0.1515 -0.8404 0.5204
vn -0.0057 -0.2866 0.9580
vn -0.0247 -0.2836 0.9586
vn -0.0124 -0.1422 0.9898
vn -0.0028 -0.1428 0.9898
vn 0.0075 -0.2864 0.9581
vn 0.0037 -0.1428 0.9898
vn 0.0273 -0.2832 0.9587
vn 0.0137 -0.1421 0.9898
vn 0.0535 -0.2793 0.9587
vn 0.0269 -0.1402 0.9898
vn 0.0799 -0.2727 0.9588
vn 0.0401 -0.1369 0.9898
vn 0.1062 -0.2633 0.9589
vn 0.0534 -0.1323 0.9898
vn 0.1319 -0.2511 0.9589
vn 0.0663 -0.1262 0.9898
vn 0.1566 -0.2362 0.9590
vn 0.0787 -0.1187 0.9898
vn 0.1798 -0.2186 0.9591
vn 0.0904 -0.1099 0.9898
vn 0.2012 -0.1987 0.9592
vn 0.1011 -0.0999 0.9898
vn 0.2204 -0.1767 0.9593
vn 0.1108 -0.0888 0.9899
vn 0.2371 -0.1530 0.9594
vn 0.1191 -0.0769 0.9899
vn 0.2511 -0.1280 0.9595
vn 0.1262 -0.0643 0.9899
vn 0.2624 -0.1022 0.9595
vn 0.1318 -0.0513 0.9900
vn 0.2708 -0.0760 0.9596
vn 0.1360 -0.0381 0.9900
vn 0.2765 -0.0498 0.9597
vn 0.1388 -0.0249 0.9900
vn 0.2797 -0.0239 0.9598
vn 0.1403 -0.0119 0.9900
vn 0.2804 0.0015 0.9599
vn 0.1406 0.0008 0.9901
vn 0.2786 0.0269 0.9600
vn 0.1398 0.0135 0.9901
vn 0.2744 0.0526 0.9602
vn 0.1377 0.0264 0.9901
vn 0.2677 0.0785 0.9603
vn 0.1344 0.0394 0.9901
vn 0.2582 0.1042 0.9605
vn 0.1297 0.0524 0.9902
vn 0.2461 0.1293 0.9606
vn 0.1236 0.0650 0.9902
vn 0.2314 0.1534 0.9607
vn 0.1162 0.0771 0.9902
vn 0.2141 0.1761 0.9608
vn 0.1076 0.0885 0.9902
vn 0.1946 0.1970 0.9609
vn 0.0978 0.0990 0.9903
vn 0.1730 0.2158 0.9610
vn 0.0870 0.1085 0.9903
vn 0.1499 0.2322 0.9610
vn 0.0753 0.1167 0.9903
vn 0.1255 0.2461 0.9611
vn 0.0630 0.1237 0.9903
vn 0.1003 0.2573 0.9611
vn 0.0504 0.1293 0.9903
vn 0.0746 0.2658 0.9611
vn 0.0375 0.1335 0.9903
vn 0.0489 0.2718 0.9611
vn 0.0245 0.1364 0.9903
vn 0.0236 0.2752 0.9611
vn 0.0118 0.1381 0.9904
vn -0.0014 0.2762 0.9611
vn -0.0007 0.1386 0.9904
vn -0.0264 0.2750 0.9611
vn -0.0133 0.1379 0.9904
vn -0.0518 0.2712 0.9611
vn -0.0260 0.1362 0.9903
vn -0.0775 0.2651 0.9611
vn -0.0389 0.1331 0.9903
vn -0.1031 0.2563 0.9611
vn -0.0518 0.1287 0.9903
vn -0.1282 0.2447 0.9611
vn -0.0644 0.1230 0.9903
vn -0.1525 0.2305 0.9610
vn -0.0766 0.1159 0.9903
vn -0.1755 0.2139 0.9610
vn -0.0882 0.1075 0.9903
vn -0.1968 0.1948 0.9609
vn -0.0989 0.0979 0.9903
vn -0.2161 0.1737 0.9608
vn -0.1086 0.0873 0.9902
vn -0.2331 0.1508 0.9607
vn -0.1171 0.0758 0.9902
vn -0.2476 0.1266 0.9606
vn -0.1244 0.0636 0.9902
vn -0.2594 0.1013 0.9604
vn -0.1303 0.0509 0.9902
vn -0.2685 0.0756 0.9603
vn -0.1348 0.0380 0.9901
vn -0.2750 0.0497 0.9602
vn -0.1380 0.0250 0.9901
vn -0.2790 0.0240 0.9600
vn -0.1399 0.0121 0.9901
vn -0.2804 -0.0014 0.9599
vn -0.1407 -0.0007 0.9901
vn -0.2794 -0.0268 0.9598
vn -0.1402 -0.0134 0.9900
vn -0.2760 -0.0527 0.9597
vn -0.1385 -0.0264 0.9900
vn -0.2700 -0.0789 0.9596
vn -0.1356 -0.0396 0.9900
vn -0.2612 -0.1051 0.9595
vn -0.1312 -0.0528 0.9899
vn -0.2497 -0.1308 0.9595
vn -0.1255 -0.0657 0.9899
vn -0.2354 -0.1557 0.9594
vn -0.1183 -0.0782 0.9899
vn -0.2184 -0.1792 0.9593
vn -0.1098 -0.0900 0.9899
vn -0.1990 -0.2010 0.9592
vn -0.1000 -0.1010 0.9898
vn -0.1774 -0.2207 0.9591
vn -0.0892 -0.1109 0.9898
vn -0.1539 -0.2379 0.9590
vn -0.0774 -0.1196 0.9898
vn -0.1291 -0.2526 0.9589
vn -0.0649 -0.1269 0.9898
vn -0.1033 -0.2645 0.9588
vn -0.0519 -0.1328 0.9898
vn -0.0770 -0.2735 0.9588
vn -0.0386 -0.1374 0.9898
vn -0.0505 -0.2798 0.9587
vn -0.0253 -0.1405 0.9898
vn -0.0624 -0.7174 0.6938
vn -0.0480 -0.5518 0.8326
vn -0.0111 -0.5552 0.8316
vn -0.0144 -0.7206 0.6932
vn 0.0146 -0.5551 0.8317
vn 0.0190 -0.7205 0.6932
vn 0.0531 -0.5511 0.8327
vn 0.0691 -0.7168 0.6938
vn 0.1041 -0.5437 0.8328
vn 0.1355 -0.7072 0.6939
vn 0.1556 -0.5310 0.8330
vn 0.2025 -0.6908 0.6941
vn 0.2068 -0.5129 0.8332
vn 0.2692 -0.6675 0.6943
vn 0.2570 -0.4894 0.8334
vn 0.3345 -0.6370 0.6945
vn 0.3052 -0.4604 0.8336
vn 0.3973 -0.5994 0.6949
vn 0.3506 -0.4263 0.8339
vn 0.4565 -0.5552 0.6953
vn 0.3923 -0.3876 0.8342
vn 0.5110 -0.5048 0.6957
vn 0.4299 -0.3448 0.8345
vn 0.5600 -0.4492 0.6961
vn 0.4625 -0.2986 0.8348
vn 0.6028 -0.3891 0.6966
vn 0.4900 -0.2499 0.8351
vn 0.6387 -0.3257 0.6971
vn 0.5120 -0.1995 0.8355
vn 0.6675 -0.2602 0.6977
vn 0.5286 -0.1484 0.8358
vn 0.6893 -0.1935 0.6982
vn 0.5398 -0.0972 0.8361
vn 0.7041 -0.1267 0.6987
vn 0.5460 -0.0467 0.8365
vn 0.7123 -0.0609 0.6992
vn 0.5475 0.0029 0.8368
vn 0.7144 0.0038 0.6997
vn 0.5444 0.0525 0.8372
vn 0.7106 0.0685 0.7002
vn 0.5365 0.1028 0.8376
vn 0.7006 0.1342 0.7008
vn 0.5235 0.1534 0.8381
vn 0.6840 0.2005 0.7014
vn 0.5054 0.2038 0.8385
vn 0.6606 0.2664 0.7019
vn 0.4819 0.2531 0.8389
vn 0.6301 0.3309 0.7025
vn 0.4532 0.3004 0.8393
vn 0.5928 0.3929 0.7030
vn 0.4196 0.3450 0.8396
vn 0.5490 0.4514 0.7035
vn 0.3814 0.3860 0.8400
vn 0.4991 0.5053 0.7040
vn 0.3393 0.4230 0.8402
vn 0.4442 0.5538 0.7043
vn 0.2939 0.4553 0.8404
vn 0.3848 0.5961 0.7047
vn 0.2461 0.4825 0.8407
vn 0.3222 0.6318 0.7050
vn 0.1966 0.5045 0.8408
vn 0.2575 0.6607 0.7052
vn 0.1463 0.5212 0.8408
vn 0.1916 0.6825 0.7053
vn 0.0959 0.5327 0.8409
vn 0.1256 0.6976 0.7054
vn 0.0461 0.5393 0.8409
vn 0.0604 0.7061 0.7055
vn -0.0028 0.5413 0.8408
vn -0.0037 0.7088 0.7054
vn -0.0518 0.5388 0.8409
vn -0.0679 0.7055 0.7054
vn -0.1016 0.5317 0.8408
vn -0.1331 0.6962 0.7054
vn -0.1520 0.5196 0.8408
vn -0.1991 0.6804 0.7053
vn -0.2022 0.5023 0.8407
vn -0.2648 0.6577 0.7052
vn -0.2515 0.4798 0.8406
vn -0.3293 0.6282 0.7050
vn -0.2990 0.4519 0.8404
vn -0.3916 0.5917 0.7046
vn -0.3440 0.4192 0.8402
vn -0.4504 0.5487 0.7043
vn -0.3857 0.3817 0.8399
vn -0.5049 0.4996 0.7039
vn -0.4234 0.3402 0.8396
vn -0.5541 0.4452 0.7034
vn -0.4565 0.2953 0.8393
vn -0.5972 0.3862 0.7029
vn -0.4847 0.2477 0.8389
vn -0.6338 0.3238 0.7024
vn -0.5076 0.1982 0.8385
vn -0.6635 0.2590 0.7019
vn -0.5252 0.1477 0.8380
vn -0.6862 0.1930 0.7013
vn -0.5376 0.0970 0.8376
vn -0.7021 0.1266 0.7007
vn -0.5450 0.0467 0.8372
vn -0.7114 0.0610 0.7002
vn -0.5475 -0.0028 0.8368
vn -0.7145 -0.0038 0.6996
vn -0.5456 -0.0525 0.8364
vn -0.7117 -0.0685 0.6991
vn -0.5388 -0.1030 0.8361
vn -0.7028 -0.1344 0.6986
vn -0.5270 -0.1541 0.8358
vn -0.6872 -0.2011 0.6981
vn -0.5098 -0.2052 0.8355
vn -0.6647 -0.2676 0.6976
vn -0.4872 -0.2554 0.8351
vn -0.6350 -0.3329 0.6971
vn -0.4592 -0.3038 0.8348
vn -0.5983 -0.3959 0.6966
vn -0.4260 -0.3496 0.8345
vn -0.5550 -0.4556 0.6960
vn -0.3880 -0.3920 0.8341
vn -0.5053 -0.5107 0.6956
vn -0.3458 -0.4303 0.8338
vn -0.4502 -0.5604 0.6952
vn -0.3000 -0.4638 0.8336
vn -0.3905 -0.6039 0.6949
vn -0.2515 -0.4922 0.8333
vn -0.3274 -0.6407 0.6945
vn -0.2012 -0.5152 0.8332
vn -0.2617 -0.6704 0.6943
vn -0.1498 -0.5327 0.8330
vn -0.1949 -0.6930 0.6941
vn -0.0983 -0.5447 0.8328
vn -0.1278 -0.7086 0.6939
vn 0.4725 0.1882 0.8610
vn 0.3760 0.6191 0.6895
vn 0.2677 0.6039 0.7508
vn 0.3449 0.1769 0.9218
vn 0.1219 0.9202 0.3720
vn 0.0368 0.9175 0.3959
vn 0.1061 0.6423 0.7591
vn -0.1736 0.1878 0.9667
vn -0.0813 0.6284 0.7737
vn -0.1030 0.6354 0.7653
vn -0.1710 0.1847 0.9678
vn -0.0090 0.9285 0.3712
vn 0.0000 0.9316 0.3635
vn 0.0000 0.6682 0.7440
vn 0.1710 0.9236 0.3432
vn 0.4822 0.6256 0.6133
vn 0.2317 0.9196 0.3173
vn 0.5851 0.6525 0.4815
vn 0.2957 0.9232 0.2456
vn 0.6918 0.6440 0.3266
vn 0.6924 0.6539 0.3050
vn 0.2653 0.9448 0.1921
vn 0.6440 0.6553 0.3949
vn 0.2959 0.9334 0.2031
vn 0.5904 0.6478 0.4815
vn 0.2884 0.9341 0.2102
vn 0.6092 0.6389 0.4698
vn 0.3315 0.9255 0.1834
vn 0.6888 0.6593 0.3015
vn 0.7526 0.6418 0.1475
vn 0.3612 0.9278 0.0931
vn 0.7646 0.6441 0.0225
vn 0.3694 0.9287 0.0324
vn 0.0905 0.2160 0.9722
vn -0.0000 0.2041 0.9789
vn 0.6088 0.2054 0.7663
vn 0.7935 0.2301 0.5634
vn 0.9178 0.2100 0.3368
vn 0.9166 0.2075 0.3418
vn 0.8443 0.2054 0.4949
vn 0.7464 0.1967 0.6358
vn 0.7441 0.1994 0.6376
vn 0.8759 0.2352 0.4213
vn 0.9573 0.2275 0.1783
vn 0.9735 0.2287 0.0080
vn 0.1011 0.0329 0.9943
vn 0.3532 0.0451 0.9345
vn 0.4998 0.0465 0.8649
vn 0.0000 0.0175 0.9998
vn -0.1720 0.0169 0.9849
vn -0.1766 0.0233 0.9840
vn 0.6322 0.0428 0.7736
vn 0.8084 0.0472 0.5867
vn 0.9453 0.0458 0.3230
vn 0.9525 0.0405 0.3019
vn 0.8746 0.0355 0.4835
vn 0.7661 0.0289 0.6421
vn 0.7643 0.0355 0.6439
vn 0.9110 0.0534 0.4090
vn 0.9847 0.0645 0.1619
vn 0.0261 0.9772 0.2106
vn 0.0000 0.9776 0.2106
vn 0.1031 0.9771 0.1860
vn 0.0818 0.9755 0.2042
vn 0.1187 0.9918 0.0469
vn 0.1189 0.9923 0.0346
vn 0.1821 0.9820 0.0504
vn 0.1841 0.9802 0.0734
vn 0.1674 0.9810 0.0982
vn 0.1519 0.9807 0.1227
vn 0.1409 0.9791 0.1466
vn 0.1228 0.9782 0.1672
vn 0.0331 0.9882 0.1496
vn 0.0497 0.9884 0.1435
vn 0.0164 0.9881 0.1530
vn 0.0000 0.9881 0.1541
vn 0.0656 0.9887 0.1348
vn 0.1789 0.9833 0.0343
vn 0.1165 0.9912 0.0622
vn 0.1113 0.9907 0.0788
vn 0.1034 0.9901 0.0950
vn 0.0930 0.9896 0.1102
vn 0.0802 0.9891 0.1236
vn 0.0551 0.9757 0.2120
vn -0.4725 0.1882 0.8610
vn -0.3449 0.1769 0.9218
vn -0.2677 0.6039 0.7508
vn -0.3760 0.6191 0.6895
vn -0.1219 0.9202 0.3720
vn -0.1061 0.6423 0.7591
vn -0.0368 0.9175 0.3959
vn 0.1736 0.1878 0.9667
vn 0.1710 0.1847 0.9678
vn 0.1030 0.6354 0.7653
vn 0.0813 0.6284 0.7737
vn 0.0090 0.9285 0.3712
vn -0.1710 0.9236 0.3432
vn -0.2317 0.9196 0.3173
vn -0.4822 0.6256 0.6133
vn -0.2957 0.9232 0.2456
vn -0.5851 0.6525 0.4815
vn -0.2654 0.9448 0.1921
vn -0.6924 0.6539 0.3051
vn -0.6918 0.6440 0.3266
vn -0.2959 0.9334 0.2031
vn -0.6440 0.6553 0.3949
vn -0.2884 0.9341 0.2102
vn -0.5903 0.6478 0.4815
vn -0.3315 0.9255 0.1834
vn -0.6092 0.6389 0.4698
vn -0.3612 0.9278 0.0931
vn -0.7526 0.6418 0.1475
vn -0.6888 0.6593 0.3015
vn -0.3694 0.9287 0.0324
vn -0.7646 0.6441 0.0225
vn -0.0905 0.2160 0.9722
vn -0.6088 0.2054 0.7663
vn -0.7935 0.2301 0.5634
vn -0.9166 0.2075 0.3418
vn -0.9178 0.2100 0.3368
vn -0.8443 0.2053 0.4949
vn -0.7464 0.1967 0.6358
vn -0.7441 0.1994 0.6376
vn -0.9573 0.2275 0.1783
vn -0.8759 0.2352 0.4213
vn -0.9735 0.2287 0.0080
vn -0.3532 0.0451 0.9345
vn -0.1011 0.0329 0.9943
vn -0.4998 0.0465 0.8649
vn 0.1720 0.0169 0.9849
vn 0.1766 0.0233 0.9840
vn -0.6322 0.0428 0.7736
vn -0.8084 0.0472 0.5867
vn -0.9453 0.0458 0.3230
vn -0.8746 0.0355 0.4835
vn -0.9525 0.0405 0.3019
vn -0.7661 0.0289 0.6421
vn -0.7643 0.0355 0.6439
vn -0.9110 0.0534 0.4090
vn -0.9847 0.0645 0.1619
vn -0.0261 0.9772 0.2106
vn -0.0818 0.9755 0.2042
vn -0.1031 0.9771 0.1860
vn -0.1189 0.9923 0.0346
vn -0.1187 0.9918 0.0469
vn -0.1841 0.9802 0.0734
vn -0.1820 0.9820 0.0504
vn -0.1675 0.9810 0.0982
vn -0.1519 0.9807 0.1227
vn -0.1409 0.9791 0.1466
vn -0.1228 0.9782 0.1672
vn -0.0497 0.9884 0.1435
vn -0.0331 0.9882 0.1496
vn -0.0164 0.9881 0.1530
vn -0.0656 0.9887 0.1348
vn -0.1789 0.9833 0.0343
vn -0.1165 0.9912 0.0622
vn -0.1113 0.9907 0.0788
vn -0.1034 0.9901 0.0950
vn -0.0930 0.9896 0.1102
vn -0.0802 0.9891 0.1236
vn -0.0551 0.9757 0.2120
vn 0.9975 0.0707 0.0025
vn -0.9975 0.0707 0.0025
vn 0.4725 0.2478 -0.8458
vn 0.3449 0.2408 -0.9072
vn 0.2677 0.6548 -0.7068
vn 0.3760 0.6657 -0.6446
vn 0.1219 0.9439 -0.3069
vn 0.1061 0.6937 -0.7124
vn 0.0368 0.9429 -0.3310
vn -0.1736 0.2548 -0.9513
vn -0.1710 0.2517 -0.9526
vn -0.1030 0.6873 -0.7191
vn -0.0813 0.6808 -0.7279
vn -0.0090 0.9521 -0.3056
vn -0.0000 0.7185 -0.6956
vn 0.0000 0.9547 -0.2976
vn 0.1710 0.9453 -0.2779
vn 0.2317 0.9395 -0.2524
vn 0.4823 0.6668 -0.5682
vn 0.2957 0.9381 -0.1806
vn 0.5851 0.6845 -0.4349
vn 0.2653 0.9559 -0.1257
vn 0.6924 0.6736 -0.2587
vn 0.6918 0.6652 -0.2809
vn 0.2959 0.9453 -0.1375
vn 0.6440 0.6812 -0.3482
vn 0.2884 0.9465 -0.1445
vn 0.5903 0.6798 -0.4351
vn 0.3315 0.9360 -0.1184
vn 0.6092 0.6701 -0.4241
vn 0.3612 0.9321 -0.0282
vn 0.7526 0.6505 -0.1024
vn 0.6888 0.6787 -0.2548
vn 0.0905 0.2833 -0.9547
vn 0.0000 0.2719 -0.9623
vn 0.6088 0.2584 -0.7501
vn 0.7935 0.2689 -0.5460
vn 0.9166 0.2308 -0.3265
vn 0.9178 0.2330 -0.3214
vn 0.8443 0.2394 -0.4794
vn 0.7464 0.2406 -0.6205
vn 0.7441 0.2434 -0.6221
vn 0.9573 0.2394 -0.1620
vn 0.8759 0.2640 -0.4039
vn 0.3532 0.1101 -0.9290
vn 0.1011 0.1022 -0.9896
vn 0.4998 0.1068 -0.8595
vn -0.1720 0.0856 -0.9814
vn 0.0000 0.0872 -0.9962
vn -0.1766 0.0919 -0.9800
vn 0.6322 0.0966 -0.7688
vn 0.8084 0.0880 -0.5820
vn 0.9453 0.0682 -0.3190
vn 0.8746 0.0691 -0.4799
vn 0.9525 0.0615 -0.2983
vn 0.7661 0.0736 -0.6385
vn 0.7643 0.0804 -0.6399
vn 0.9110 0.0818 -0.4042
vn 0.9847 0.0757 -0.1570
vn 0.0000 0.9899 -0.1418
vn 0.0261 0.9895 -0.1419
vn 0.0818 0.9874 -0.1357
vn 0.1031 0.9877 -0.1174
vn 0.1187 0.9927 0.0224
vn 0.1841 0.9829 -0.0049
vn 0.1821 0.9831 0.0182
vn 0.1674 0.9854 -0.0296
vn 0.1519 0.9869 -0.0540
vn 0.1409 0.9869 -0.0780
vn 0.1228 0.9875 -0.0986
vn 0.0497 0.9960 -0.0742
vn 0.0331 0.9962 -0.0803
vn 0.0164 0.9964 -0.0837
vn 0.0000 0.9964 -0.0848
vn 0.0656 0.9957 -0.0655
vn 0.1165 0.9932 0.0071
vn 0.1113 0.9937 -0.0095
vn 0.1034 0.9943 -0.0257
vn 0.0930 0.9948 -0.0409
vn 0.0802 0.9953 -0.0543
vn 0.0551 0.9881 -0.1435
vn -0.4725 0.2478 -0.8458
vn -0.3760 0.6657 -0.6446
vn -0.2677 0.6548 -0.7068
vn -0.3449 0.2408 -0.9072
vn -0.1219 0.9439 -0.3069
vn -0.0368 0.9429 -0.3309
vn -0.1061 0.6937 -0.7124
vn 0.1736 0.2548 -0.9513
vn 0.0813 0.6808 -0.7279
vn 0.1030 0.6873 -0.7191
vn 0.1710 0.2517 -0.9526
vn 0.0090 0.9521 -0.3056
vn -0.1710 0.9453 -0.2779
vn -0.4823 0.6668 -0.5682
vn -0.2317 0.9395 -0.2523
vn -0.5851 0.6845 -0.4349
vn -0.2957 0.9381 -0.1806
vn -0.6918 0.6652 -0.2809
vn -0.6924 0.6736 -0.2587
vn -0.2653 0.9559 -0.1257
vn -0.6440 0.6812 -0.3482
vn -0.2959 0.9453 -0.1375
vn -0.5904 0.6798 -0.4352
vn -0.2884 0.9465 -0.1445
vn -0.6092 0.6701 -0.4241
vn -0.3315 0.9360 -0.1184
vn -0.6888 0.6787 -0.2548
vn -0.7526 0.6505 -0.1024
vn -0.3612 0.9321 -0.0282
vn -0.0905 0.2833 -0.9548
vn -0.6088 0.2584 -0.7501
vn -0.7935 0.2689 -0.5460
vn -0.9178 0.2330 -0.3214
vn -0.9166 0.2308 -0.3265
vn -0.8443 0.2394 -0.4794
vn -0.7464 0.2406 -0.6205
vn -0.7441 0.2434 -0.6221
vn -0.8759 0.2640 -0.4039
vn -0.9573 0.2394 -0.1620
vn -0.1011 0.1022 -0.9896
vn -0.3532 0.1101 -0.9290
vn -0.4998 0.1068 -0.8595
vn 0.1720 0.0856 -0.9814
vn 0.1766 0.0919 -0.9800
vn -0.6322 0.0966 -0.7688
vn -0.8084 0.0880 -0.5820
vn -0.9453 0.0682 -0.3190
vn -0.9525 0.0615 -0.2983
vn -0.8746 0.0691 -0.4798
vn -0.7661 0.0736 -0.6385
vn -0.7643 0.0804 -0.6399
vn -0.9110 0.0818 -0.4042
vn -0.9847 0.0757 -0.1570
vn -0.0261 0.9895 -0.1419
vn -0.1031 0.9877 -0.1174
vn -0.0818 0.9874 -0.1357
vn -0.1187 0.9927 0.0224
vn -0.1820 0.9831 0.0182
vn -0.1841 0.9829 -0.0049
vn -0.1674 0.9854 -0.0296
vn -0.1519 0.9869 -0.0540
vn -0.1409 0.9869 -0.0780
vn -0.1228 0.9875 -0.0986
vn -0.0331 0.9962 -0.0803
vn -0.0497 0.9960 -0.0742
vn -0.0164 0.9964 -0.0837
vn -0.0656 0.9957 -0.0655
vn -0.1165 0.9932 0.0071
vn -0.1113 0.9937 -0.0095
vn -0.1034 0.9943 -0.0257
vn -0.0930 0.9948 -0.0409
vn -0.0802 0.9953 -0.0543
vn -0.0551 0.9881 -0.1435
vn -0.5289 0.0000 0.8487
vn -0.9201 0.0000 0.3916
vn -0.9191 0.0000 0.3941
vn -0.5186 0.0000 0.8550
vn -0.9635 0.0000 0.2679
vn -0.9627 0.0000 0.2706
vn -0.9908 0.0000 0.1356
vn -0.9904 0.0000 0.1386
vn -0.9999 0.0000 -0.0130
vn -1.0000 0.0000 -0.0094
vn -0.9824 0.0000 -0.1868
vn -0.9832 0.0000 -0.1828
vn -0.9282 0.0000 -0.3721
vn -0.9297 0.0000 -0.3683
vn -0.8352 0.0000 -0.5499
vn -0.8373 0.0000 -0.5468
vn -0.7057 0.0000 -0.7085
vn -0.7080 0.0000 -0.7062
vn -0.5468 0.0000 -0.8372
vn -0.5489 0.0000 -0.8359
vn -0.3690 0.0000 -0.9294
vn -0.3705 0.0000 -0.9288
vn -0.1842 0.0000 -0.9829
vn -0.1849 0.0000 -0.9827
vn 0.0000 0.0000 -1.0000
vn 0.1842 0.0000 -0.9829
vn 0.1849 0.0000 -0.9827
vn 0.3690 0.0000 -0.9294
vn 0.3705 0.0000 -0.9288
vn 0.5468 0.0000 -0.8372
vn 0.5489 0.0000 -0.8359
vn 0.7057 0.0000 -0.7085
vn 0.7080 0.0000 -0.7062
vn 0.8352 0.0000 -0.5499
vn 0.8373 0.0000 -0.5468
vn 0.9282 0.0000 -0.3721
vn 0.9297 0.0000 -0.3683
vn 0.9824 0.0000 -0.1868
vn 0.9832 0.0000 -0.1828
vn 1.0000 0.0000 -0.0020
vn 1.0000 0.0000 0.0020
vn 0.9832 0.0000 0.1827
vn 0.9824 0.0000 0.1868
vn 0.9340 0.0000 0.3573
vn 0.9327 0.0000 0.3607
vn 0.5349 0.0000 0.8449
vn 0.5244 0.0000 0.8515
vn 0.0003 -0.0947 0.9955
vn 0.0989 -0.0440 0.9941
vn -0.0258 -0.0664 0.9975
vn -0.0742 -0.0482 0.9961
# 5894 vertex normals

vt 0.3978 0.0595 0.0000
vt 0.4134 0.0574 0.0000
vt 0.4179 0.0656 0.0000
vt 0.4046 0.0706 0.0000
vt 0.0000 0.0000 0.0000
vt 0.0110 0.0000 0.0000
vt 0.0000 0.1111 0.0000
vt 0.0262 0.0000 0.0000
vt 0.0307 0.0000 0.0000
vt 0.0411 0.0000 0.0000
vt 0.0419 0.0000 0.0000
vt 0.0610 0.0000 0.0000
vt 0.0568 0.0000 0.0000
vt 0.0925 0.0000 0.0000
vt 0.0804 0.0000 0.0000
vt 0.2500 0.0000 0.0000
vt 0.3863 0.0000 0.0000
vt 0.5000 1.0000 0.0000
vt 0.2500 1.0000 0.0000
vt 0.0606 1.0000 0.0000
vt 0.0530 1.0000 0.0000
vt 0.0448 1.0000 0.0000
vt 0.0411 1.0000 0.0000
vt 0.0297 1.0000 0.0000
vt 0.0298 1.0000 0.0000
vt 0.0147 1.0000 0.0000
vt 0.0185 1.0000 0.0000
vt 0.0000 1.0000 0.0000
vt 0.0075 1.0000 0.0000
vt 0.0000 0.8889 0.0000
vt 0.0000 0.7778 0.0000
vt 0.0000 0.6667 0.0000
vt 0.0000 0.5556 0.0000
vt 0.0000 0.4444 0.0000
vt 0.0000 0.3333 0.0000
vt 0.0000 0.2222 0.0000
vt 0.0221 0.0000 0.0000
vt 0.0331 0.0000 0.0000
vt 0.0352 0.0000 0.0000
vt 0.0397 0.0000 0.0000
vt 0.0426 0.0000 0.0000
vt 0.0434 0.0000 0.0000
vt 0.0526 0.0000 0.0000
vt 0.0484 0.0000 0.0000
vt 0.0684 0.0000 0.0000
vt 0.0563 0.0000 0.0000
vt 0.0442 0.0000 0.0000
vt 0.5000 0.0000 0.0000
vt 0.3862 0.0000 0.0000
vt 0.0300 1.0000 0.0000
vt 0.0376 1.0000 0.0000
vt 0.0374 1.0000 0.0000
vt 0.0337 1.0000 0.0000
vt 0.0453 1.0000 0.0000
vt 0.0299 1.0000 0.0000
vt 0.0223 1.0000 0.0000
vt 0.0262 1.0000 0.0000
vt 0.0150 1.0000 0.0000
vt 0.0225 1.0000 0.0000
vt 0.0663 1.0000 0.0000
vt 0.0671 1.0000 0.0000
vt 0.0990 0.0000 0.0000
vt 0.0974 0.0000 0.0000
vt 0.3966 0.0474 0.0000
vt 0.4121 0.0494 0.0000
vt 0.4021 0.0385 0.0000
vt 0.4138 0.0415 0.0000
vt 0.4065 0.0310 0.0000
vt 0.4186 0.0333 0.0000
vt 0.4142 0.0237 0.0000
vt 0.4268 0.0255 0.0000
vt 0.4277 0.0148 0.0000
vt 0.4383 0.0186 0.0000
vt 0.4384 0.0102 0.0000
vt 0.4523 0.0129 0.0000
vt 0.4558 0.0047 0.0000
vt 0.4841 0.0066 0.0000
vt 0.4679 0.0089 0.0000
vt 0.4478 0.0067 0.0000
vt 0.4257 0.0735 0.0000
vt 0.4158 0.0796 0.0000
vt 0.4368 0.0806 0.0000
vt 0.4291 0.0869 0.0000
vt 0.4505 0.0863 0.0000
vt 0.4445 0.0925 0.0000
vt 0.4612 0.0970 0.0000
vt 0.0161 0.6467 0.0000
vt 0.0156 0.5394 0.0000
vt 0.4794 0.0990 0.0000
vt 0.0168 0.7540 0.0000
vt 0.0168 0.8612 0.0000
vt 0.0457 0.9685 0.0000
vt 0.0458 0.9685 0.0000
vt 0.2581 0.9685 0.0000
vt 0.5000 0.1002 0.0000
vt 0.5000 0.9685 0.0000
vt 0.4824 0.0993 0.0000
vt 0.4843 0.0920 0.0000
vt 0.5000 0.0928 0.0000
vt 0.4668 0.0901 0.0000
vt 0.5000 0.0059 0.0000
vt 0.0698 1.0000 0.0000
vt 0.0690 1.0000 0.0000
vt 0.0687 1.0000 0.0000
vt 0.0666 1.0000 0.0000
vt 0.0683 1.0000 0.0000
vt 0.0704 1.0000 0.0000
vt 0.0692 1.0000 0.0000
vt 0.0444 1.0000 0.0000
vt 0.0232 1.0000 0.0000
vt 0.0173 1.0000 0.0000
vt 0.0370 1.0000 0.0000
vt 0.0000 0.9912 0.0000
vt 0.2496 1.0000 0.0000
vt 0.2497 1.0000 0.0000
vt 0.2476 1.0000 0.0000
vt 0.0662 1.0000 0.0000
vt 0.0681 1.0000 0.0000
vt 0.0902 1.0000 0.0000
vt 0.0141 0.2169 0.0000
vt 0.0138 0.1093 0.0000
vt 0.0511 1.0000 0.0000
vt 0.0543 1.0000 0.0000
vt 0.0633 1.0000 0.0000
vt 0.0624 1.0000 0.0000
vt 0.1046 0.0000 0.0000
vt 0.1062 0.0000 0.0000
vt 0.0072 1.0000 0.0000
vt 0.0097 1.0000 0.0000
vt 0.0237 1.0000 0.0000
vt 0.0207 1.0000 0.0000
vt 0.0388 1.0000 0.0000
vt 0.0358 1.0000 0.0000
vt 0.0564 0.0016 0.0000
vt 0.2553 0.0013 0.0000
vt 0.2557 0.0008 0.0000
vt 0.3942 0.0028 0.0000
vt 0.4109 0.0027 0.0000
vt 0.4028 0.0712 0.0000
vt 0.0145 0.3245 0.0000
vt 0.4148 0.0801 0.0000
vt 0.0150 0.4320 0.0000
vt 0.4284 0.0875 0.0000
vt 0.0155 0.5394 0.0000
vt 0.4438 0.0933 0.0000
vt 0.4610 0.0973 0.0000
vt 0.4792 0.0992 0.0000
vt 0.0168 0.8613 0.0000
vt 0.0454 1.0000 0.0000
vt 0.0371 1.0000 0.0000
vt 0.0167 1.0000 0.0000
vt 0.2494 1.0000 0.0000
vt 0.2493 1.0000 0.0000
vt 0.0674 1.0000 0.0000
vt 0.0686 1.0000 0.0000
vt 0.0650 1.0000 0.0000
vt 0.3942 0.0599 0.0000
vt 0.3942 0.0470 0.0000
vt 0.4020 0.0385 0.0000
vt 0.4066 0.0310 0.0000
vt 0.4278 0.0148 0.0000
vt 0.4383 0.0102 0.0000
vt 0.4481 0.0068 0.0000
vt 0.0150 0.4319 0.0000
vt 0.0146 0.3245 0.0000
vt 0.0142 0.2169 0.0000
vt 0.0139 0.1093 0.0000
vt 0.0565 0.0017 0.0000
vt 0.2554 0.0012 0.0000
vt 0.2556 0.0010 0.0000
vt 0.3969 0.0038 0.0000
vt 0.4049 0.0037 0.0000
vt 0.4179 0.0035 0.0000
vt 0.1212 1.0000 0.0000
vt 0.1214 1.0000 0.0000
vt 0.1358 1.0000 0.0000
vt 0.1361 1.0000 0.0000
vt 0.0580 1.0000 0.0000
vt 0.0440 1.0000 0.0000
vt 0.0586 1.0000 0.0000
vt 0.1217 1.0000 0.0000
vt 0.1218 1.0000 0.0000
vt 0.1362 1.0000 0.0000
vt 0.1321 1.0000 0.0000
vt 0.0490 1.0000 0.0000
vt 0.1216 1.0000 0.0000
vt 0.0000 0.8333 0.0000
vt 0.0499 1.0000 0.0000
vt 0.1250 1.0000 0.0000
vt 0.0150 0.8333 0.0000
vt 0.4797 0.0989 0.0000
vt 0.4804 0.0990 0.0000
vt 0.4816 0.0992 0.0000
vt 0.4795 0.0992 0.0000
vt 0.4803 0.0993 0.0000
vt 0.4815 0.0993 0.0000
vt 0.4004 0.0028 0.0000
vt 0.0689 1.0000 0.0000
vt 0.0680 1.0000 0.0000
vt 0.0629 1.0000 0.0000
vt 0.0640 1.0000 0.0000
vt 0.0943 0.0000 0.0000
vt 0.0958 0.0000 0.0000
vt 0.1059 0.0000 0.0000
vt 0.1042 0.0000 0.0000
vt 0.1006 0.0000 0.0000
vt 0.2499 1.0000 0.0000
vt 0.2498 1.0000 0.0000
vt 0.0948 0.0000 0.0000
vt 0.0964 0.0000 0.0000
vt 0.0981 0.0000 0.0000
vt 0.0997 0.0000 0.0000
vt 0.1013 0.0000 0.0000
vt 0.1152 1.0000 0.0000
vt 0.1409 1.0000 0.0000
vt 0.1091 1.0000 0.0000
vt 0.0575 1.0000 0.0000
vt 0.0641 1.0000 0.0000
vt 0.0615 1.0000 0.0000
vt 0.0480 1.0000 0.0000
vt 0.1030 0.0000 0.0000
vt 0.1078 0.0000 0.0000
vt 0.1095 0.0000 0.0000
vt 0.0122 1.0000 0.0000
vt 0.0267 1.0000 0.0000
vt 0.0177 1.0000 0.0000
vt 0.0022 1.0000 0.0000
vt 0.0047 1.0000 0.0000
vt 0.0418 1.0000 0.0000
vt 0.0327 1.0000 0.0000
vt 0.2495 1.0000 0.0000
vt 0.2492 1.0000 0.0000
vt 0.2491 1.0000 0.0000
vt 0.0618 1.0000 0.0000
vt 0.0652 1.0000 0.0000
vt 0.1077 0.0000 0.0000
vt 0.1024 0.0000 0.0000
vt 0.4914 0.0000 0.0000
vt 0.0672 1.0000 0.0000
vt 0.4828 0.0000 0.0000
vt 0.0161 1.0000 0.0000
vt 0.1181 1.0000 0.0000
vt 0.4779 0.0024 0.0000
vt 0.0554 1.0000 0.0000
vt 0.0527 1.0000 0.0000
vt 0.0628 1.0000 0.0000
vt 0.0636 1.0000 0.0000
vt 0.1054 0.0000 0.0000
vt 0.1040 0.0000 0.0000
vt 0.0197 1.0000 0.0000
vt 0.0222 1.0000 0.0000
vt 0.0080 1.0000 0.0000
vt 0.0058 1.0000 0.0000
vt 0.4011 0.0299 0.0000
vt 0.4035 0.0062 0.0000
vt 0.4085 0.0229 0.0000
vt 0.4187 0.0064 0.0000
vt 0.1326 1.0000 0.0000
vt 0.0564 1.0000 0.0000
vt 0.0308 1.0000 0.0000
vt 0.0000 0.9889 0.0000
vt 0.4036 0.0062 0.0000
vt 0.4188 0.0064 0.0000
vt 0.1364 1.0000 0.0000
vt 0.1225 1.0000 0.0000
vt 0.1224 1.0000 0.0000
vt 0.1366 1.0000 0.0000
vt 0.1223 1.0000 0.0000
vt 0.1367 1.0000 0.0000
vt 0.0644 1.0000 0.0000
vt 0.0635 1.0000 0.0000
vt 0.0942 0.0000 0.0000
vt 0.1035 0.0000 0.0000
vt 0.1050 0.0000 0.0000
vt -12.8595 -5.2440 -0.4450
vt -12.7467 -5.2440 -0.7002
vt -12.4840 -5.2440 -0.5517
vt -12.5729 -5.2440 -0.3507
vt -12.5863 -5.2440 -0.9284
vt -12.3576 -5.2440 -0.7316
vt -12.3844 -5.2440 -1.1210
vt -12.1986 -5.2440 -0.8834
vt -12.1489 -5.2440 -1.2705
vt -12.0129 -5.2440 -1.0012
vt -11.8887 -5.2440 -1.3712
vt -11.8079 -5.2440 -1.0805
vt -11.6139 -5.2440 -1.4192
vt -11.5914 -5.2440 -1.1183
vt -11.3349 -5.2440 -1.4126
vt -11.3716 -5.2440 -1.1132
vt -11.0627 -5.2440 -1.3518
vt -11.1570 -5.2440 -1.0652
vt -10.8075 -5.2440 -1.2390
vt -10.9559 -5.2440 -0.9763
vt -10.5792 -5.2440 -1.0786
vt -10.7761 -5.2440 -0.8499
vt -10.3867 -5.2440 -0.8767
vt -10.6243 -5.2440 -0.6909
vt -10.2372 -5.2440 -0.6412
vt -10.5065 -5.2440 -0.5053
vt -10.1365 -5.2440 -0.3810
vt -10.4272 -5.2440 -0.3002
vt -10.0885 -5.2440 -0.1062
vt -10.3894 -5.2440 -0.0837
vt -10.0951 -5.2440 0.1727
vt -10.3945 -5.2440 0.1361
vt -10.1559 -5.2440 0.4450
vt -10.4425 -5.2440 0.3507
vt -10.2687 -5.2440 0.7002
vt -10.5314 -5.2440 0.5518
vt -10.4291 -5.2440 0.9285
vt -10.6578 -5.2440 0.7316
vt -10.6310 -5.2440 1.1210
vt -10.8168 -5.2440 0.8834
vt -10.8665 -5.2440 1.2705
vt -11.0024 -5.2440 1.0012
vt -11.1267 -5.2440 1.3712
vt -11.2075 -5.2440 1.0805
vt -11.4015 -5.2440 1.4192
vt -11.4240 -5.2440 1.1183
vt -11.6804 -5.2440 1.4126
vt -11.6438 -5.2440 1.1132
vt -11.9527 -5.2440 1.3518
vt -11.8584 -5.2440 1.0652
vt -12.2079 -5.2440 1.2390
vt -12.0594 -5.2440 0.9763
vt -12.4361 -5.2440 1.0786
vt -12.2393 -5.2440 0.8499
vt -12.6287 -5.2440 0.8767
vt -12.3911 -5.2440 0.6909
vt -12.7782 -5.2440 0.6412
vt -12.5089 -5.2440 0.5053
vt -12.8789 -5.2440 0.3810
vt -12.5882 -5.2440 0.3002
vt -12.9269 -5.2440 0.1062
vt -12.6260 -5.2440 0.0837
vt -12.9203 -5.2440 -0.1727
vt -12.6209 -5.2440 -0.1361
vt -1.0114 -0.2636 -14.5639
vt -1.0140 -0.2636 -14.6179
vt -1.0140 -0.0746 -14.6179
vt -1.0114 -0.0746 -14.5639
vt -0.2302 -0.0746 -14.6951
vt -0.2237 -0.0746 -14.5639
vt -0.2142 -0.0718 -14.6967
vt -0.2077 -0.0718 -14.5639
vt -0.2037 -0.0656 -14.6977
vt -0.1972 -0.0656 -14.5639
vt -0.1955 -0.0565 -14.6985
vt -0.1889 -0.0565 -14.5639
vt -0.1906 -0.0456 -14.6990
vt -0.1839 -0.0456 -14.5639
vt -0.1890 -0.0346 -14.6991
vt -0.1824 -0.0346 -14.5639
vt -0.1890 -0.0056 -14.6991
vt -0.1824 -0.0056 -14.5639
vt -0.1906 0.0054 -14.6990
vt -0.1839 0.0054 -14.5639
vt -0.1955 0.0163 -14.6985
vt -0.1889 0.0163 -14.5639
vt -0.2037 0.0254 -14.6977
vt -0.1972 0.0254 -14.5639
vt -0.2142 0.0316 -14.6967
vt -0.2077 0.0316 -14.5639
vt -0.2240 0.0341 -14.6957
vt -0.2175 0.0341 -14.5639
vt -0.3258 0.0462 -14.6857
vt -0.3198 0.0462 -14.5639
vt -0.5766 0.0718 -14.6610
vt -0.5718 0.0718 -14.5639
vt -0.8258 0.0916 -14.6364
vt -0.8222 0.0916 -14.5639
vt -1.0733 0.1055 -14.6120
vt -1.0709 0.1055 -14.5639
vt -1.3189 0.1137 -14.5879
vt -1.3177 0.1137 -14.5639
vt -1.5624 0.1164 -14.5639
vt -1.0220 -0.2636 -14.6714
vt -1.0220 -0.0746 -14.6714
vt -0.2494 -0.0746 -14.8250
vt -0.2337 -0.0718 -14.8282
vt -0.2234 -0.0656 -14.8302
vt -0.2153 -0.0565 -14.8318
vt -0.2104 -0.0456 -14.8328
vt -0.2089 -0.0346 -14.8331
vt -0.2089 -0.0056 -14.8331
vt -0.2104 0.0054 -14.8328
vt -0.2153 0.0163 -14.8318
vt -0.2234 0.0254 -14.8302
vt -0.2337 0.0316 -14.8282
vt -0.2433 0.0341 -14.8262
vt -0.3437 0.0462 -14.8063
vt -0.5909 0.0718 -14.7571
vt -0.8365 0.0916 -14.7083
vt -1.0804 0.1055 -14.6598
vt -1.3224 0.1137 -14.6116
vt -1.0351 -0.2636 -14.7238
vt -1.0351 -0.0746 -14.7238
vt -0.2814 -0.0746 -14.9525
vt -0.2660 -0.0718 -14.9571
vt -0.2560 -0.0656 -14.9602
vt -0.2480 -0.0565 -14.9626
vt -0.2433 -0.0456 -14.9640
vt -0.2418 -0.0346 -14.9645
vt -0.2418 -0.0056 -14.9645
vt -0.2433 0.0054 -14.9640
vt -0.2480 0.0163 -14.9626
vt -0.2560 0.0254 -14.9602
vt -0.2660 0.0316 -14.9571
vt -0.2754 0.0341 -14.9543
vt -0.3733 0.0462 -14.9246
vt -0.6145 0.0718 -14.8514
vt -0.8541 0.0916 -14.7787
vt -1.0921 0.1055 -14.7065
vt -1.3282 0.1137 -14.6349
vt -1.0533 -0.2636 -14.7747
vt -1.0533 -0.0746 -14.7747
vt -0.3256 -0.0746 -15.0762
vt -0.3108 -0.0718 -15.0823
vt -0.3011 -0.0656 -15.0863
vt -0.2935 -0.0565 -15.0895
vt -0.2889 -0.0456 -15.0914
vt -0.2874 -0.0346 -15.0920
vt -0.2874 -0.0056 -15.0920
vt -0.2889 0.0054 -15.0914
vt -0.2935 0.0163 -15.0895
vt -0.3011 0.0254 -15.0863
vt -0.3108 0.0316 -15.0823
vt -0.3199 0.0341 -15.0785
vt -0.4144 0.0462 -15.0394
vt -0.6472 0.0718 -14.9429
vt -0.8786 0.0916 -14.8471
vt -1.1083 0.1055 -14.7519
vt -1.3363 0.1137 -14.6575
vt -1.0764 -0.2636 -14.8236
vt -1.0764 -0.0746 -14.8236
vt -0.3818 -0.0746 -15.1949
vt -0.3676 -0.0718 -15.2025
vt -0.3584 -0.0656 -15.2074
vt -0.3511 -0.0565 -15.2113
vt -0.3467 -0.0456 -15.2137
vt -0.3453 -0.0346 -15.2144
vt -0.3453 -0.0056 -15.2144
vt -0.3467 0.0054 -15.2137
vt -0.3511 0.0163 -15.2113
vt -0.3584 0.0254 -15.2074
vt -0.3676 0.0316 -15.2025
vt -0.3763 0.0341 -15.1978
vt -0.4666 0.0462 -15.1496
vt -0.6888 0.0718 -15.0308
vt -0.9096 0.0916 -14.9128
vt -1.1290 0.1055 -14.7955
vt -1.3466 0.1137 -14.6792
vt -1.1042 -0.2636 -14.8700
vt -1.1042 -0.0746 -14.8700
vt -0.4493 -0.0746 -15.3076
vt -0.4360 -0.0718 -15.3165
vt -0.4272 -0.0656 -15.3223
vt -0.4204 -0.0565 -15.3269
vt -0.4162 -0.0456 -15.3297
vt -0.4150 -0.0346 -15.3306
vt -0.4150 -0.0056 -15.3306
vt -0.4162 0.0054 -15.3297
vt -0.4204 0.0163 -15.3269
vt -0.4272 0.0254 -15.3223
vt -0.4360 0.0316 -15.3165
vt -0.4442 0.0341 -15.3110
vt -0.5292 0.0462 -15.2542
vt -0.7388 0.0718 -15.1142
vt -0.9470 0.0916 -14.9751
vt -1.1538 0.1055 -14.8369
vt -1.3589 0.1137 -14.6998
vt -1.1365 -0.2636 -14.9134
vt -1.1365 -0.0746 -14.9134
vt -0.5276 -0.0746 -15.4131
vt -0.5152 -0.0718 -15.4233
vt -0.5071 -0.0656 -15.4300
vt -0.5007 -0.0565 -15.4352
vt -0.4968 -0.0456 -15.4384
vt -0.4956 -0.0346 -15.4393
vt -0.4956 -0.0056 -15.4393
vt -0.4968 0.0054 -15.4384
vt -0.5007 0.0163 -15.4352
vt -0.5071 0.0254 -15.4300
vt -0.5152 0.0316 -15.4233
vt -0.5228 0.0341 -15.4171
vt -0.6019 0.0462 -15.3521
vt -0.7967 0.0718 -15.1923
vt -0.9903 0.0916 -15.0334
vt -1.1825 0.1055 -14.8756
vt -1.3732 0.1137 -14.7191
vt -1.1728 -0.2636 -14.9535
vt -1.1728 -0.0746 -14.9535
vt -0.6158 -0.0746 -15.5105
vt -0.6044 -0.0718 -15.5218
vt -0.5970 -0.0656 -15.5292
vt -0.5912 -0.0565 -15.5351
vt -0.5877 -0.0456 -15.5386
vt -0.5866 -0.0346 -15.5397
vt -0.5866 -0.0056 -15.5397
vt -0.5877 0.0054 -15.5386
vt -0.5912 0.0163 -15.5351
vt -0.5970 0.0254 -15.5292
vt -0.6044 0.0316 -15.5218
vt -0.6114 0.0341 -15.5148
vt -0.6838 0.0462 -15.4425
vt -0.8620 0.0718 -15.2643
vt -1.0390 0.0916 -15.0872
vt -1.2149 0.1055 -14.9114
vt -1.3894 0.1137 -14.7369
vt -1.2128 -0.2636 -14.9898
vt -1.2128 -0.0746 -14.9898
vt -0.7131 -0.0746 -15.5987
vt -0.7030 -0.0718 -15.6111
vt -0.6963 -0.0656 -15.6192
vt -0.6911 -0.0565 -15.6256
vt -0.6879 -0.0456 -15.6294
vt -0.6869 -0.0346 -15.6306
vt -0.6869 -0.0056 -15.6306
vt -0.6879 0.0054 -15.6294
vt -0.6911 0.0163 -15.6256
vt -0.6963 0.0254 -15.6192
vt -0.7030 0.0316 -15.6111
vt -0.7092 0.0341 -15.6035
vt -0.7741 0.0462 -15.5244
vt -0.9340 0.0718 -15.3296
vt -1.0928 0.0916 -15.1360
vt -1.2506 0.1055 -14.9438
vt -1.4072 0.1137 -14.7530
vt -1.2563 -0.2636 -15.0220
vt -1.2563 -0.0746 -15.0220
vt -0.8187 -0.0746 -15.6769
vt -0.8097 -0.0718 -15.6903
vt -0.8039 -0.0656 -15.6990
vt -0.7993 -0.0565 -15.7059
vt -0.7966 -0.0456 -15.7100
vt -0.7957 -0.0346 -15.7113
vt -0.7957 -0.0056 -15.7113
vt -0.7966 0.0054 -15.7100
vt -0.7993 0.0163 -15.7059
vt -0.8039 0.0254 -15.6990
vt -0.8097 0.0316 -15.6903
vt -0.8152 0.0341 -15.6821
vt -0.8721 0.0462 -15.5970
vt -1.0121 0.0718 -15.3875
vt -1.1512 0.0916 -15.1793
vt -1.2893 0.1055 -14.9725
vt -1.4264 0.1137 -14.7673
vt -1.3026 -0.2636 -15.0498
vt -1.3026 -0.0746 -15.0498
vt -0.9313 -0.0746 -15.7445
vt -0.9238 -0.0718 -15.7586
vt -0.9188 -0.0656 -15.7679
vt -0.9149 -0.0565 -15.7752
vt -0.9126 -0.0456 -15.7796
vt -0.9119 -0.0346 -15.7809
vt -0.9119 -0.0056 -15.7809
vt -0.9126 0.0054 -15.7796
vt -0.9149 0.0163 -15.7752
vt -0.9188 0.0254 -15.7679
vt -0.9238 0.0316 -15.7586
vt -0.9284 0.0341 -15.7500
vt -0.9767 0.0462 -15.6597
vt -1.0954 0.0718 -15.4375
vt -1.2135 0.0916 -15.2166
vt -1.3307 0.1055 -14.9973
vt -1.4470 0.1137 -14.7797
vt -1.3515 -0.2636 -15.0729
vt -1.3515 -0.0746 -15.0729
vt -1.0501 -0.0746 -15.8006
vt -1.0440 -0.0718 -15.8155
vt -1.0399 -0.0656 -15.8252
vt -1.0368 -0.0565 -15.8328
vt -1.0349 -0.0456 -15.8374
vt -1.0343 -0.0346 -15.8388
vt -1.0343 -0.0056 -15.8388
vt -1.0349 0.0054 -15.8374
vt -1.0368 0.0163 -15.8328
vt -1.0399 0.0254 -15.8252
vt -1.0440 0.0316 -15.8155
vt -1.0477 0.0341 -15.8064
vt -1.0869 0.0462 -15.7118
vt -1.1833 0.0718 -15.4790
vt -1.2791 0.0916 -15.2477
vt -1.3743 0.1055 -15.0179
vt -1.4687 0.1137 -14.7899
vt -1.4024 -0.2636 -15.0911
vt -1.4024 -0.0746 -15.0911
vt -1.1738 -0.0746 -15.8449
vt -1.1691 -0.0718 -15.8603
vt -1.1661 -0.0656 -15.8703
vt -1.1637 -0.0565 -15.8782
vt -1.1622 -0.0456 -15.8830
vt -1.1618 -0.0346 -15.8845
vt -1.1618 -0.0056 -15.8845
vt -1.1622 0.0054 -15.8830
vt -1.1637 0.0163 -15.8782
vt -1.1661 0.0254 -15.8703
vt -1.1691 0.0316 -15.8603
vt -1.1720 0.0341 -15.8508
vt -1.2017 0.0462 -15.7529
vt -1.2748 0.0718 -15.5118
vt -1.3475 0.0916 -15.2721
vt -1.4197 0.1055 -15.0342
vt -1.4914 0.1137 -14.7980
vt -1.4549 -0.2636 -15.1043
vt -1.4549 -0.0746 -15.1043
vt -1.3012 -0.0746 -15.8768
vt -1.2981 -0.0718 -15.8926
vt -1.2960 -0.0656 -15.9029
vt -1.2944 -0.0565 -15.9110
vt -1.2935 -0.0456 -15.9158
vt -1.2932 -0.0346 -15.9174
vt -1.2932 -0.0056 -15.9174
vt -1.2935 0.0054 -15.9158
vt -1.2944 0.0163 -15.9110
vt -1.2960 0.0254 -15.9029
vt -1.2981 0.0316 -15.8926
vt -1.3000 0.0341 -15.8829
vt -1.3200 0.0462 -15.7825
vt -1.3691 0.0718 -15.5354
vt -1.4180 0.0916 -15.2898
vt -1.4665 0.1055 -15.0459
vt -1.5146 0.1137 -14.8039
vt -1.5084 -0.2636 -15.1122
vt -1.5084 -0.0746 -15.1122
vt -1.4312 -0.0746 -15.8961
vt -1.4296 -0.0718 -15.9121
vt -1.4286 -0.0656 -15.9225
vt -1.4278 -0.0565 -15.9307
vt -1.4273 -0.0456 -15.9357
vt -1.4271 -0.0346 -15.9372
vt -1.4271 -0.0056 -15.9372
vt -1.4273 0.0054 -15.9357
vt -1.4278 0.0163 -15.9307
vt -1.4286 0.0254 -15.9225
vt -1.4296 0.0316 -15.9121
vt -1.4306 0.0341 -15.9023
vt -1.4406 0.0462 -15.8004
vt -1.4653 0.0718 -15.5497
vt -1.4898 0.0916 -15.3004
vt -1.5142 0.1055 -15.0530
vt -1.5384 0.1137 -14.8074
vt -1.5624 -0.2636 -15.1149
vt -1.5624 -0.0746 -15.1149
vt -1.5624 -0.0746 -15.9025
vt -1.5624 -0.0718 -15.9186
vt -1.5624 -0.0656 -15.9291
vt -1.5624 -0.0565 -15.9374
vt -1.5624 -0.0456 -15.9423
vt -1.5624 -0.0346 -15.9439
vt -1.5624 -0.0056 -15.9439
vt -1.5624 0.0054 -15.9423
vt -1.5624 0.0163 -15.9374
vt -1.5624 0.0254 -15.9291
vt -1.5624 0.0316 -15.9186
vt -1.5624 0.0341 -15.9088
vt -1.5624 0.0462 -15.8064
vt -1.5624 0.0718 -15.5544
vt -1.5624 0.0916 -15.3040
vt -1.5624 0.1055 -15.0553
vt -1.5624 0.1137 -14.8086
vt -1.6164 -0.2636 -15.1122
vt -1.6164 -0.0746 -15.1122
vt -1.6936 -0.0746 -15.8961
vt -1.6952 -0.0718 -15.9121
vt -1.6962 -0.0656 -15.9225
vt -1.6970 -0.0565 -15.9307
vt -1.6975 -0.0456 -15.9357
vt -1.6976 -0.0346 -15.9372
vt -1.6976 -0.0056 -15.9372
vt -1.6975 0.0054 -15.9357
vt -1.6970 0.0163 -15.9307
vt -1.6962 0.0254 -15.9225
vt -1.6952 0.0316 -15.9121
vt -1.6942 0.0341 -15.9023
vt -1.6842 0.0462 -15.8004
vt -1.6595 0.0718 -15.5497
vt -1.6349 0.0916 -15.3004
vt -1.6106 0.1055 -15.0530
vt -1.5864 0.1137 -14.8074
vt -1.6699 -0.2636 -15.1043
vt -1.6699 -0.0746 -15.1043
vt -1.8235 -0.0746 -15.8768
vt -1.8267 -0.0718 -15.8926
vt -1.8287 -0.0656 -15.9029
vt -1.8303 -0.0565 -15.9110
vt -1.8313 -0.0456 -15.9158
vt -1.8316 -0.0346 -15.9174
vt -1.8316 -0.0056 -15.9174
vt -1.8313 0.0054 -15.9158
vt -1.8303 0.0163 -15.9110
vt -1.8287 0.0254 -15.9029
vt -1.8267 0.0316 -15.8926
vt -1.8248 0.0341 -15.8829
vt -1.8048 0.0462 -15.7825
vt -1.7556 0.0718 -15.5354
vt -1.7068 0.0916 -15.2898
vt -1.6583 0.1055 -15.0459
vt -1.6101 0.1137 -14.8039
vt -1.7223 -0.2636 -15.0911
vt -1.7223 -0.0746 -15.0911
vt -1.9510 -0.0746 -15.8449
vt -1.9556 -0.0718 -15.8603
vt -1.9587 -0.0656 -15.8703
vt -1.9611 -0.0565 -15.8782
vt -1.9625 -0.0456 -15.8830
vt -1.9630 -0.0346 -15.8845
vt -1.9630 -0.0056 -15.8845
vt -1.9625 0.0054 -15.8830
vt -1.9611 0.0163 -15.8782
vt -1.9587 0.0254 -15.8703
vt -1.9556 0.0316 -15.8603
vt -1.9528 0.0341 -15.8508
vt -1.9231 0.0462 -15.7529
vt -1.8499 0.0718 -15.5118
vt -1.7772 0.0916 -15.2721
vt -1.7050 0.1055 -15.0342
vt -1.6334 0.1137 -14.7980
vt -1.7732 -0.2636 -15.0729
vt -1.7732 -0.0746 -15.0729
vt -2.0747 -0.0746 -15.8006
vt -2.0808 -0.0718 -15.8155
vt -2.0848 -0.0656 -15.8252
vt -2.0880 -0.0565 -15.8328
vt -2.0899 -0.0456 -15.8374
vt -2.0905 -0.0346 -15.8388
vt -2.0905 -0.0056 -15.8388
vt -2.0899 0.0054 -15.8374
vt -2.0880 0.0163 -15.8328
vt -2.0848 0.0254 -15.8252
vt -2.0808 0.0316 -15.8155
vt -2.0770 0.0341 -15.8064
vt -2.0379 0.0462 -15.7118
vt -1.9415 0.0718 -15.4790
vt -1.8456 0.0916 -15.2477
vt -1.7505 0.1055 -15.0179
vt -1.6560 0.1137 -14.7899
vt -1.8221 -0.2636 -15.0498
vt -1.8221 -0.0746 -15.0498
vt -2.1934 -0.0746 -15.7445
vt -2.2010 -0.0718 -15.7586
vt -2.2059 -0.0656 -15.7679
vt -2.2098 -0.0565 -15.7752
vt -2.2122 -0.0456 -15.7796
vt -2.2129 -0.0346 -15.7809
vt -2.2129 -0.0056 -15.7809
vt -2.2122 0.0054 -15.7796
vt -2.2098 0.0163 -15.7752
vt -2.2059 0.0254 -15.7679
vt -2.2010 0.0316 -15.7586
vt -2.1964 0.0341 -15.7500
vt -2.1481 0.0462 -15.6597
vt -2.0293 0.0718 -15.4375
vt -1.9113 0.0916 -15.2166
vt -1.7941 0.1055 -14.9973
vt -1.6777 0.1137 -14.7797
vt -1.8685 -0.2636 -15.0220
vt -1.8685 -0.0746 -15.0220
vt -2.3061 -0.0746 -15.6769
vt -2.3150 -0.0718 -15.6903
vt -2.3209 -0.0656 -15.6990
vt -2.3254 -0.0565 -15.7059
vt -2.3282 -0.0456 -15.7100
vt -2.3291 -0.0346 -15.7113
vt -2.3291 -0.0056 -15.7113
vt -2.3282 0.0054 -15.7100
vt -2.3254 0.0163 -15.7059
vt -2.3209 0.0254 -15.6990
vt -2.3150 0.0316 -15.6903
vt -2.3096 0.0341 -15.6821
vt -2.2527 0.0462 -15.5970
vt -2.1127 0.0718 -15.3875
vt -1.9736 0.0916 -15.1793
vt -1.8354 0.1055 -14.9725
vt -1.6983 0.1137 -14.7673
vt -1.9119 -0.2636 -14.9898
vt -1.9119 -0.0746 -14.9898
vt -2.4116 -0.0746 -15.5987
vt -2.4218 -0.0718 -15.6111
vt -2.4285 -0.0656 -15.6192
vt -2.4337 -0.0565 -15.6256
vt -2.4369 -0.0456 -15.6294
vt -2.4378 -0.0346 -15.6306
vt -2.4378 -0.0056 -15.6306
vt -2.4369 0.0054 -15.6294
vt -2.4337 0.0163 -15.6256
vt -2.4285 0.0254 -15.6192
vt -2.4218 0.0316 -15.6111
vt -2.4156 0.0341 -15.6035
vt -2.3506 0.0462 -15.5244
vt -2.1908 0.0718 -15.3296
vt -2.0319 0.0916 -15.1360
vt -1.8742 0.1055 -14.9438
vt -1.7176 0.1137 -14.7530
vt -1.9520 -0.2636 -14.9535
vt -1.9520 -0.0746 -14.9535
vt -2.5090 -0.0746 -15.5105
vt -2.5203 -0.0718 -15.5218
vt -2.5277 -0.0656 -15.5292
vt -2.5336 -0.0565 -15.5351
vt -2.5371 -0.0456 -15.5386
vt -2.5382 -0.0346 -15.5397
vt -2.5382 -0.0056 -15.5397
vt -2.5371 0.0054 -15.5386
vt -2.5336 0.0163 -15.5351
vt -2.5277 0.0254 -15.5292
vt -2.5203 0.0316 -15.5218
vt -2.5134 0.0341 -15.5148
vt -2.4410 0.0462 -15.4425
vt -2.2628 0.0718 -15.2643
vt -2.0857 0.0916 -15.0872
vt -1.9099 0.1055 -14.9114
vt -1.7354 0.1137 -14.7369
vt -1.9883 -0.2636 -14.9134
vt -1.9883 -0.0746 -14.9134
vt -2.5972 -0.0746 -15.4131
vt -2.6096 -0.0718 -15.4233
vt -2.6177 -0.0656 -15.4300
vt -2.6241 -0.0565 -15.4352
vt -2.6279 -0.0456 -15.4384
vt -2.6291 -0.0346 -15.4393
vt -2.6291 -0.0056 -15.4393
vt -2.6279 0.0054 -15.4384
vt -2.6241 0.0163 -15.4352
vt -2.6177 0.0254 -15.4300
vt -2.6096 0.0316 -15.4233
vt -2.6020 0.0341 -15.4171
vt -2.5229 0.0462 -15.3521
vt -2.3281 0.0718 -15.1923
vt -2.1345 0.0916 -15.0334
vt -1.9423 0.1055 -14.8756
vt -1.7515 0.1137 -14.7191
vt -2.0205 -0.2636 -14.8700
vt -2.0205 -0.0746 -14.8700
vt -2.6754 -0.0746 -15.3076
vt -2.6888 -0.0718 -15.3165
vt -2.6975 -0.0656 -15.3223
vt -2.7044 -0.0565 -15.3269
vt -2.7085 -0.0456 -15.3297
vt -2.7098 -0.0346 -15.3306
vt -2.7098 -0.0056 -15.3306
vt -2.7085 0.0054 -15.3297
vt -2.7044 0.0163 -15.3269
vt -2.6975 0.0254 -15.3223
vt -2.6888 0.0316 -15.3165
vt -2.6806 0.0341 -15.3110
vt -2.5955 0.0462 -15.2542
vt -2.3860 0.0718 -15.1142
vt -2.1778 0.0916 -14.9751
vt -1.9710 0.1055 -14.8369
vt -1.7658 0.1137 -14.6998
vt -2.0483 -0.2636 -14.8236
vt -2.0483 -0.0746 -14.8236
vt -2.7430 -0.0746 -15.1949
vt -2.7571 -0.0718 -15.2025
vt -2.7664 -0.0656 -15.2074
vt -2.7737 -0.0565 -15.2113
vt -2.7781 -0.0456 -15.2137
vt -2.7794 -0.0346 -15.2144
vt -2.7794 -0.0056 -15.2144
vt -2.7781 0.0054 -15.2137
vt -2.7737 0.0163 -15.2113
vt -2.7664 0.0254 -15.2074
vt -2.7571 0.0316 -15.2025
vt -2.7485 0.0341 -15.1978
vt -2.6582 0.0462 -15.1496
vt -2.4360 0.0718 -15.0308
vt -2.2151 0.0916 -14.9128
vt -1.9958 0.1055 -14.7955
vt -1.7782 0.1137 -14.6792
vt -2.0714 -0.2636 -14.7747
vt -2.0714 -0.0746 -14.7747
vt -2.7991 -0.0746 -15.0762
vt -2.8140 -0.0718 -15.0823
vt -2.8237 -0.0656 -15.0863
vt -2.8313 -0.0565 -15.0895
vt -2.8359 -0.0456 -15.0914
vt -2.8373 -0.0346 -15.0920
vt -2.8373 -0.0056 -15.0920
vt -2.8359 0.0054 -15.0914
vt -2.8313 0.0163 -15.0895
vt -2.8237 0.0254 -15.0863
vt -2.8140 0.0316 -15.0823
vt -2.8049 0.0341 -15.0785
vt -2.7103 0.0462 -15.0394
vt -2.4775 0.0718 -14.9429
vt -2.2462 0.0916 -14.8471
vt -2.0164 0.1055 -14.7519
vt -1.7884 0.1137 -14.6575
vt -2.0897 -0.2636 -14.7238
vt -2.0897 -0.0746 -14.7238
vt -2.8434 -0.0746 -14.9525
vt -2.8588 -0.0718 -14.9571
vt -2.8688 -0.0656 -14.9602
vt -2.8767 -0.0565 -14.9626
vt -2.8815 -0.0456 -14.9640
vt -2.8830 -0.0346 -14.9645
vt -2.8830 -0.0056 -14.9645
vt -2.8815 0.0054 -14.9640
vt -2.8767 0.0163 -14.9626
vt -2.8688 0.0254 -14.9602
vt -2.8588 0.0316 -14.9571
vt -2.8494 0.0341 -14.9543
vt -2.7514 0.0462 -14.9246
vt -2.5103 0.0718 -14.8514
vt -2.2706 0.0916 -14.7787
vt -2.0327 0.1055 -14.7065
vt -1.7965 0.1137 -14.6349
vt -2.1028 -0.2636 -14.6714
vt -2.1028 -0.0746 -14.6714
vt -2.8753 -0.0746 -14.8250
vt -2.8911 -0.0718 -14.8282
vt -2.9014 -0.0656 -14.8302
vt -2.9095 -0.0565 -14.8318
vt -2.9144 -0.0456 -14.8328
vt -2.9159 -0.0346 -14.8331
vt -2.9159 -0.0056 -14.8331
vt -2.9144 0.0054 -14.8328
vt -2.9095 0.0163 -14.8318
vt -2.9014 0.0254 -14.8302
vt -2.8911 0.0316 -14.8282
vt -2.8814 0.0341 -14.8262
vt -2.7810 0.0462 -14.8063
vt -2.5339 0.0718 -14.7571
vt -2.2883 0.0916 -14.7083
vt -2.0444 0.1055 -14.6598
vt -1.8024 0.1137 -14.6116
vt -2.1107 -0.2636 -14.6179
vt -2.1107 -0.0746 -14.6179
vt -2.8946 -0.0746 -14.6951
vt -2.9106 -0.0718 -14.6967
vt -2.9210 -0.0656 -14.6977
vt -2.9292 -0.0565 -14.6985
vt -2.9342 -0.0456 -14.6990
vt -2.9357 -0.0346 -14.6991
vt -2.9357 -0.0056 -14.6991
vt -2.9342 0.0054 -14.6990
vt -2.9292 0.0163 -14.6985
vt -2.9210 0.0254 -14.6977
vt -2.9106 0.0316 -14.6967
vt -2.9008 0.0341 -14.6957
vt -2.7989 0.0462 -14.6857
vt -2.5482 0.0718 -14.6610
vt -2.2989 0.0916 -14.6364
vt -2.0515 0.1055 -14.6120
vt -1.8059 0.1137 -14.5879
vt -2.1134 -0.2636 -14.5639
vt -2.1134 -0.0746 -14.5639
vt -2.9010 -0.0746 -14.5639
vt -2.9171 -0.0718 -14.5639
vt -2.9276 -0.0656 -14.5639
vt -2.9359 -0.0565 -14.5639
vt -2.9408 -0.0456 -14.5639
vt -2.9424 -0.0346 -14.5639
vt -2.9424 -0.0056 -14.5639
vt -2.9408 0.0054 -14.5639
vt -2.9359 0.0163 -14.5639
vt -2.9276 0.0254 -14.5639
vt -2.9171 0.0316 -14.5639
vt -2.9073 0.0341 -14.5639
vt -2.8049 0.0462 -14.5639
vt -2.5529 0.0718 -14.5639
vt -2.3025 0.0916 -14.5639
vt -2.0538 0.1055 -14.5639
vt -1.8071 0.1137 -14.5639
vt -2.1107 -0.2636 -14.5099
vt -2.1107 -0.0746 -14.5099
vt -2.8946 -0.0746 -14.4327
vt -2.9106 -0.0718 -14.4311
vt -2.9210 -0.0656 -14.4301
vt -2.9292 -0.0565 -14.4292
vt -2.9342 -0.0456 -14.4288
vt -2.9357 -0.0346 -14.4286
vt -2.9357 -0.0056 -14.4286
vt -2.9342 0.0054 -14.4288
vt -2.9292 0.0163 -14.4292
vt -2.9210 0.0254 -14.4301
vt -2.9106 0.0316 -14.4311
vt -2.9008 0.0341 -14.4321
vt -2.7989 0.0462 -14.4421
vt -2.5482 0.0718 -14.4668
vt -2.2989 0.0916 -14.4913
vt -2.0515 0.1055 -14.5157
vt -1.8059 0.1137 -14.5399
vt -2.1028 -0.2636 -14.4564
vt -2.1028 -0.0746 -14.4564
vt -2.8753 -0.0746 -14.3027
vt -2.8911 -0.0718 -14.2996
vt -2.9014 -0.0656 -14.2975
vt -2.9095 -0.0565 -14.2959
vt -2.9144 -0.0456 -14.2949
vt -2.9159 -0.0346 -14.2946
vt -2.9159 -0.0056 -14.2946
vt -2.9144 0.0054 -14.2949
vt -2.9095 0.0163 -14.2959
vt -2.9014 0.0254 -14.2975
vt -2.8911 0.0316 -14.2996
vt -2.8814 0.0341 -14.3015
vt -2.7810 0.0462 -14.3215
vt -2.5339 0.0718 -14.3706
vt -2.2883 0.0916 -14.4195
vt -2.0444 0.1055 -14.4680
vt -1.8024 0.1137 -14.5161
vt -2.0897 -0.2636 -14.4039
vt -2.0897 -0.0746 -14.4039
vt -2.8434 -0.0746 -14.1753
vt -2.8588 -0.0718 -14.1706
vt -2.8688 -0.0656 -14.1676
vt -2.8767 -0.0565 -14.1652
vt -2.8815 -0.0456 -14.1637
vt -2.8830 -0.0346 -14.1633
vt -2.8830 -0.0056 -14.1633
vt -2.8815 0.0054 -14.1637
vt -2.8767 0.0163 -14.1652
vt -2.8688 0.0254 -14.1676
vt -2.8588 0.0316 -14.1706
vt -2.8494 0.0341 -14.1735
vt -2.7514 0.0462 -14.2032
vt -2.5103 0.0718 -14.2763
vt -2.2706 0.0916 -14.3490
vt -2.0327 0.1055 -14.4212
vt -1.7965 0.1137 -14.4928
vt -2.0714 -0.2636 -14.3530
vt -2.0714 -0.0746 -14.3530
vt -2.7991 -0.0746 -14.0516
vt -2.8140 -0.0718 -14.0454
vt -2.8237 -0.0656 -14.0414
vt -2.8313 -0.0565 -14.0383
vt -2.8359 -0.0456 -14.0364
vt -2.8373 -0.0346 -14.0358
vt -2.8373 -0.0056 -14.0358
vt -2.8359 0.0054 -14.0364
vt -2.8313 0.0163 -14.0383
vt -2.8237 0.0254 -14.0414
vt -2.8140 0.0316 -14.0454
vt -2.8049 0.0341 -14.0492
vt -2.7103 0.0462 -14.0884
vt -2.4775 0.0718 -14.1848
vt -2.2462 0.0916 -14.2806
vt -2.0164 0.1055 -14.3758
vt -1.7884 0.1137 -14.4702
vt -2.0483 -0.2636 -14.3041
vt -2.0483 -0.0746 -14.3041
vt -2.7430 -0.0746 -13.9328
vt -2.7571 -0.0718 -13.9253
vt -2.7664 -0.0656 -13.9203
vt -2.7737 -0.0565 -13.9164
vt -2.7781 -0.0456 -13.9141
vt -2.7794 -0.0346 -13.9133
vt -2.7794 -0.0056 -13.9133
vt -2.7781 0.0054 -13.9141
vt -2.7737 0.0163 -13.9164
vt -2.7664 0.0254 -13.9203
vt -2.7571 0.0316 -13.9253
vt -2.7485 0.0341 -13.9299
vt -2.6582 0.0462 -13.9781
vt -2.4360 0.0718 -14.0969
vt -2.2151 0.0916 -14.2150
vt -1.9958 0.1055 -14.3322
vt -1.7782 0.1137 -14.4485
vt -2.0205 -0.2636 -14.2578
vt -2.0205 -0.0746 -14.2578
vt -2.6754 -0.0746 -13.8202
vt -2.6888 -0.0718 -13.8112
vt -2.6975 -0.0656 -13.8054
vt -2.7044 -0.0565 -13.8008
vt -2.7085 -0.0456 -13.7980
vt -2.7098 -0.0346 -13.7972
vt -2.7098 -0.0056 -13.7972
vt -2.7085 0.0054 -13.7980
vt -2.7044 0.0163 -13.8008
vt -2.6975 0.0254 -13.8054
vt -2.6888 0.0316 -13.8112
vt -2.6806 0.0341 -13.8167
vt -2.5955 0.0462 -13.8736
vt -2.3860 0.0718 -14.0136
vt -2.1778 0.0916 -14.1527
vt -1.9710 0.1055 -14.2908
vt -1.7658 0.1137 -14.4279
vt -1.9883 -0.2636 -14.2143
vt -1.9883 -0.0746 -14.2143
vt -2.5972 -0.0746 -13.7146
vt -2.6096 -0.0718 -13.7044
vt -2.6177 -0.0656 -13.6978
vt -2.6241 -0.0565 -13.6925
vt -2.6279 -0.0456 -13.6894
vt -2.6291 -0.0346 -13.6884
vt -2.6291 -0.0056 -13.6884
vt -2.6279 0.0054 -13.6894
vt -2.6241 0.0163 -13.6925
vt -2.6177 0.0254 -13.6978
vt -2.6096 0.0316 -13.7044
vt -2.6020 0.0341 -13.7107
vt -2.5229 0.0462 -13.7756
vt -2.3281 0.0718 -13.9355
vt -2.1345 0.0916 -14.0943
vt -1.9423 0.1055 -14.2521
vt -1.7515 0.1137 -14.4086
vt -1.9520 -0.2636 -14.1743
vt -1.9520 -0.0746 -14.1743
vt -2.5090 -0.0746 -13.6173
vt -2.5203 -0.0718 -13.6059
vt -2.5277 -0.0656 -13.5985
vt -2.5336 -0.0565 -13.5927
vt -2.5371 -0.0456 -13.5892
vt -2.5382 -0.0346 -13.5881
vt -2.5382 -0.0056 -13.5881
vt -2.5371 0.0054 -13.5892
vt -2.5336 0.0163 -13.5927
vt -2.5277 0.0254 -13.5985
vt -2.5203 0.0316 -13.6059
vt -2.5134 0.0341 -13.6129
vt -2.4410 0.0462 -13.6853
vt -2.2628 0.0718 -13.8634
vt -2.0857 0.0916 -14.0405
vt -1.9099 0.1055 -14.2164
vt -1.7354 0.1137 -14.3909
vt -1.9119 -0.2636 -14.1379
vt -1.9119 -0.0746 -14.1379
vt -2.4116 -0.0746 -13.5291
vt -2.4218 -0.0718 -13.5167
vt -2.4285 -0.0656 -13.5085
vt -2.4337 -0.0565 -13.5022
vt -2.4369 -0.0456 -13.4983
vt -2.4378 -0.0346 -13.4971
vt -2.4378 -0.0056 -13.4971
vt -2.4369 0.0054 -13.4983
vt -2.4337 0.0163 -13.5022
vt -2.4285 0.0254 -13.5085
vt -2.4218 0.0316 -13.5167
vt -2.4156 0.0341 -13.5243
vt -2.3506 0.0462 -13.6034
vt -2.1908 0.0718 -13.7982
vt -2.0319 0.0916 -13.9917
vt -1.8742 0.1055 -14.1840
vt -1.7176 0.1137 -14.3747
vt -1.8685 -0.2636 -14.1057
vt -1.8685 -0.0746 -14.1057
vt -2.3061 -0.0746 -13.4508
vt -2.3150 -0.0718 -13.4375
vt -2.3209 -0.0656 -13.4287
vt -2.3254 -0.0565 -13.4219
vt -2.3282 -0.0456 -13.4177
vt -2.3291 -0.0346 -13.4164
vt -2.3291 -0.0056 -13.4164
vt -2.3282 0.0054 -13.4177
vt -2.3254 0.0163 -13.4219
vt -2.3209 0.0254 -13.4287
vt -2.3150 0.0316 -13.4375
vt -2.3096 0.0341 -13.4456
vt -2.2527 0.0462 -13.5307
vt -2.1127 0.0718 -13.7403
vt -1.9736 0.0916 -13.9485
vt -1.8354 0.1055 -14.1552
vt -1.6983 0.1137 -14.3604
vt -1.8221 -0.2636 -14.0779
vt -1.8221 -0.0746 -14.0779
vt -2.1934 -0.0746 -13.3833
vt -2.2010 -0.0718 -13.3691
vt -2.2059 -0.0656 -13.3599
vt -2.2098 -0.0565 -13.3526
vt -2.2122 -0.0456 -13.3482
vt -2.2129 -0.0346 -13.3468
vt -2.2129 -0.0056 -13.3468
vt -2.2122 0.0054 -13.3482
vt -2.2098 0.0163 -13.3526
vt -2.2059 0.0254 -13.3599
vt -2.2010 0.0316 -13.3691
vt -2.1964 0.0341 -13.3778
vt -2.1481 0.0462 -13.4680
vt -2.0293 0.0718 -13.6903
vt -1.9113 0.0916 -13.9111
vt -1.7941 0.1055 -14.1305
vt -1.6777 0.1137 -14.3481
vt -1.7732 -0.2636 -14.0548
vt -1.7732 -0.0746 -14.0548
vt -2.0747 -0.0746 -13.3271
vt -2.0808 -0.0718 -13.3123
vt -2.0848 -0.0656 -13.3026
vt -2.0880 -0.0565 -13.2949
vt -2.0899 -0.0456 -13.2903
vt -2.0905 -0.0346 -13.2889
vt -2.0905 -0.0056 -13.2889
vt -2.0899 0.0054 -13.2903
vt -2.0880 0.0163 -13.2949
vt -2.0848 0.0254 -13.3026
vt -2.0808 0.0316 -13.3123
vt -2.0770 0.0341 -13.3214
vt -2.0379 0.0462 -13.4159
vt -1.9414 0.0718 -13.6487
vt -1.8456 0.0916 -13.8801
vt -1.7505 0.1055 -14.1098
vt -1.6560 0.1137 -14.3378
vt -1.7223 -0.2636 -14.0366
vt -1.7223 -0.0746 -14.0366
vt -1.9510 -0.0746 -13.2828
vt -1.9556 -0.0718 -13.2675
vt -1.9587 -0.0656 -13.2574
vt -1.9611 -0.0565 -13.2495
vt -1.9625 -0.0456 -13.2448
vt -1.9630 -0.0346 -13.2433
vt -1.9630 -0.0056 -13.2433
vt -1.9625 0.0054 -13.2448
vt -1.9611 0.0163 -13.2495
vt -1.9587 0.0254 -13.2574
vt -1.9556 0.0316 -13.2675
vt -1.9528 0.0341 -13.2769
vt -1.9231 0.0462 -13.3748
vt -1.8499 0.0718 -13.6160
vt -1.7772 0.0916 -13.8556
vt -1.7050 0.1055 -14.0936
vt -1.6334 0.1137 -14.3297
vt -1.6699 -0.2636 -14.0235
vt -1.6699 -0.0746 -14.0235
vt -1.8235 -0.0746 -13.2509
vt -1.8267 -0.0718 -13.2352
vt -1.8287 -0.0656 -13.2249
vt -1.8303 -0.0565 -13.2168
vt -1.8313 -0.0456 -13.2119
vt -1.8316 -0.0346 -13.2104
vt -1.8316 -0.0056 -13.2104
vt -1.8313 0.0054 -13.2119
vt -1.8303 0.0163 -13.2168
vt -1.8287 0.0254 -13.2249
vt -1.8267 0.0316 -13.2352
vt -1.8248 0.0341 -13.2448
vt -1.8048 0.0462 -13.3452
vt -1.7556 0.0718 -13.5924
vt -1.7068 0.0916 -13.8380
vt -1.6583 0.1055 -14.0819
vt -1.6101 0.1137 -14.3239
vt -1.6164 -0.2636 -14.0155
vt -1.6164 -0.0746 -14.0155
vt -1.6936 -0.0746 -13.2317
vt -1.6952 -0.0718 -13.2157
vt -1.6962 -0.0656 -13.2052
vt -1.6970 -0.0565 -13.1970
vt -1.6975 -0.0456 -13.1921
vt -1.6976 -0.0346 -13.1905
vt -1.6976 -0.0056 -13.1905
vt -1.6975 0.0054 -13.1921
vt -1.6970 0.0163 -13.1970
vt -1.6962 0.0254 -13.2052
vt -1.6952 0.0316 -13.2157
vt -1.6942 0.0341 -13.2255
vt -1.6842 0.0462 -13.3273
vt -1.6595 0.0718 -13.5781
vt -1.6349 0.0916 -13.8273
vt -1.6106 0.1055 -14.0748
vt -1.5864 0.1137 -14.3204
vt -1.5624 -0.2636 -14.0129
vt -1.5624 -0.0746 -14.0129
vt -1.5624 -0.0746 -13.2252
vt -1.5624 -0.0718 -13.2091
vt -1.5624 -0.0656 -13.1987
vt -1.5624 -0.0565 -13.1904
vt -1.5624 -0.0456 -13.1854
vt -1.5624 -0.0346 -13.1839
vt -1.5624 -0.0056 -13.1839
vt -1.5624 0.0054 -13.1854
vt -1.5624 0.0163 -13.1904
vt -1.5624 0.0254 -13.1987
vt -1.5624 0.0316 -13.2091
vt -1.5624 0.0341 -13.2190
vt -1.5624 0.0462 -13.3213
vt -1.5624 0.0718 -13.5733
vt -1.5624 0.0916 -13.8237
vt -1.5624 0.1055 -14.0724
vt -1.5624 0.1137 -14.3192
vt -1.5084 -0.2636 -14.0155
vt -1.5084 -0.0746 -14.0155
vt -1.4312 -0.0746 -13.2317
vt -1.4296 -0.0718 -13.2157
vt -1.4286 -0.0656 -13.2052
vt -1.4278 -0.0565 -13.1970
vt -1.4273 -0.0456 -13.1921
vt -1.4271 -0.0346 -13.1905
vt -1.4271 -0.0056 -13.1905
vt -1.4273 0.0054 -13.1921
vt -1.4278 0.0163 -13.1970
vt -1.4286 0.0254 -13.2052
vt -1.4296 0.0316 -13.2157
vt -1.4306 0.0341 -13.2255
vt -1.4406 0.0462 -13.3273
vt -1.4653 0.0718 -13.5781
vt -1.4898 0.0916 -13.8273
vt -1.5142 0.1055 -14.0748
vt -1.5384 0.1137 -14.3204
vt -1.4549 -0.2636 -14.0235
vt -1.4549 -0.0746 -14.0235
vt -1.3012 -0.0746 -13.2509
vt -1.2981 -0.0718 -13.2352
vt -1.2960 -0.0656 -13.2249
vt -1.2944 -0.0565 -13.2168
vt -1.2935 -0.0456 -13.2119
vt -1.2932 -0.0346 -13.2104
vt -1.2932 -0.0056 -13.2104
vt -1.2935 0.0054 -13.2119
vt -1.2944 0.0163 -13.2168
vt -1.2960 0.0254 -13.2249
vt -1.2981 0.0316 -13.2352
vt -1.3000 0.0341 -13.2448
vt -1.3200 0.0462 -13.3452
vt -1.3691 0.0718 -13.5924
vt -1.4180 0.0916 -13.8380
vt -1.4665 0.1055 -14.0819
vt -1.5146 0.1137 -14.3239
vt -1.4024 -0.2636 -14.0366
vt -1.4024 -0.0746 -14.0366
vt -1.1738 -0.0746 -13.2828
vt -1.1691 -0.0718 -13.2675
vt -1.1661 -0.0656 -13.2574
vt -1.1637 -0.0565 -13.2495
vt -1.1622 -0.0456 -13.2448
vt -1.1618 -0.0346 -13.2433
vt -1.1618 -0.0056 -13.2433
vt -1.1622 0.0054 -13.2448
vt -1.1637 0.0163 -13.2495
vt -1.1661 0.0254 -13.2574
vt -1.1691 0.0316 -13.2675
vt -1.1720 0.0341 -13.2769
vt -1.2017 0.0462 -13.3748
vt -1.2748 0.0718 -13.6160
vt -1.3475 0.0916 -13.8556
vt -1.4197 0.1055 -14.0936
vt -1.4914 0.1137 -14.3297
vt -1.3515 -0.2636 -14.0548
vt -1.3515 -0.0746 -14.0548
vt -1.0501 -0.0746 -13.3271
vt -1.0440 -0.0718 -13.3123
vt -1.0399 -0.0656 -13.3026
vt -1.0368 -0.0565 -13.2949
vt -1.0349 -0.0456 -13.2903
vt -1.0343 -0.0346 -13.2889
vt -1.0343 -0.0056 -13.2889
vt -1.0349 0.0054 -13.2903
vt -1.0368 0.0163 -13.2949
vt -1.0399 0.0254 -13.3026
vt -1.0440 0.0316 -13.3123
vt -1.0477 0.0341 -13.3214
vt -1.0869 0.0462 -13.4159
vt -1.1833 0.0718 -13.6487
vt -1.2791 0.0916 -13.8801
vt -1.3743 0.1055 -14.1098
vt -1.4687 0.1137 -14.3378
vt -1.3026 -0.2636 -14.0779
vt -1.3026 -0.0746 -14.0779
vt -0.9313 -0.0746 -13.3833
vt -0.9238 -0.0718 -13.3691
vt -0.9188 -0.0656 -13.3599
vt -0.9149 -0.0565 -13.3526
vt -0.9126 -0.0456 -13.3482
vt -0.9119 -0.0346 -13.3468
vt -0.9119 -0.0056 -13.3468
vt -0.9126 0.0054 -13.3482
vt -0.9149 0.0163 -13.3526
vt -0.9188 0.0254 -13.3599
vt -0.9238 0.0316 -13.3691
vt -0.9284 0.0341 -13.3778
vt -0.9767 0.0462 -13.4680
vt -1.0954 0.0718 -13.6903
vt -1.2135 0.0916 -13.9111
vt -1.3307 0.1055 -14.1305
vt -1.4470 0.1137 -14.3481
vt -1.2563 -0.2636 -14.1057
vt -1.2563 -0.0746 -14.1057
vt -0.8187 -0.0746 -13.4508
vt -0.8097 -0.0718 -13.4375
vt -0.8039 -0.0656 -13.4287
vt -0.7993 -0.0565 -13.4219
vt -0.7966 -0.0456 -13.4177
vt -0.7957 -0.0346 -13.4164
vt -0.7957 -0.0056 -13.4164
vt -0.7966 0.0054 -13.4177
vt -0.7993 0.0163 -13.4219
vt -0.8039 0.0254 -13.4287
vt -0.8097 0.0316 -13.4375
vt -0.8152 0.0341 -13.4456
vt -0.8721 0.0462 -13.5307
vt -1.0121 0.0718 -13.7403
vt -1.1512 0.0916 -13.9485
vt -1.2893 0.1055 -14.1552
vt -1.4264 0.1137 -14.3604
vt -1.2128 -0.2636 -14.1379
vt -1.2128 -0.0746 -14.1379
vt -0.7131 -0.0746 -13.5291
vt -0.7030 -0.0718 -13.5167
vt -0.6963 -0.0656 -13.5085
vt -0.6911 -0.0565 -13.5022
vt -0.6879 -0.0456 -13.4983
vt -0.6869 -0.0346 -13.4971
vt -0.6869 -0.0056 -13.4971
vt -0.6879 0.0054 -13.4983
vt -0.6911 0.0163 -13.5022
vt -0.6963 0.0254 -13.5085
vt -0.7030 0.0316 -13.5167
vt -0.7092 0.0341 -13.5243
vt -0.7741 0.0462 -13.6034
vt -0.9340 0.0718 -13.7982
vt -1.0928 0.0916 -13.9917
vt -1.2506 0.1055 -14.1840
vt -1.4072 0.1137 -14.3747
vt -1.1728 -0.2636 -14.1743
vt -1.1728 -0.0746 -14.1743
vt -0.6158 -0.0746 -13.6173
vt -0.6044 -0.0718 -13.6059
vt -0.5970 -0.0656 -13.5985
vt -0.5912 -0.0565 -13.5927
vt -0.5877 -0.0456 -13.5892
vt -0.5866 -0.0346 -13.5881
vt -0.5866 -0.0056 -13.5881
vt -0.5877 0.0054 -13.5892
vt -0.5912 0.0163 -13.5927
vt -0.5970 0.0254 -13.5985
vt -0.6044 0.0316 -13.6059
vt -0.6114 0.0341 -13.6129
vt -0.6838 0.0462 -13.6853
vt -0.8620 0.0718 -13.8634
vt -1.0390 0.0916 -14.0405
vt -1.2149 0.1055 -14.2164
vt -1.3894 0.1137 -14.3909
vt -1.1365 -0.2636 -14.2143
vt -1.1365 -0.0746 -14.2143
vt -0.5276 -0.0746 -13.7146
vt -0.5152 -0.0718 -13.7044
vt -0.5071 -0.0656 -13.6978
vt -0.5007 -0.0565 -13.6925
vt -0.4968 -0.0456 -13.6894
vt -0.4956 -0.0346 -13.6884
vt -0.4956 -0.0056 -13.6884
vt -0.4968 0.0054 -13.6894
vt -0.5007 0.0163 -13.6925
vt -0.5071 0.0254 -13.6978
vt -0.5152 0.0316 -13.7044
vt -0.5228 0.0341 -13.7107
vt -0.6019 0.0462 -13.7756
vt -0.7967 0.0718 -13.9355
vt -0.9903 0.0916 -14.0943
vt -1.1825 0.1055 -14.2521
vt -1.3732 0.1137 -14.4086
vt -1.1042 -0.2636 -14.2578
vt -1.1042 -0.0746 -14.2578
vt -0.4493 -0.0746 -13.8201
vt -0.4360 -0.0718 -13.8112
vt -0.4272 -0.0656 -13.8054
vt -0.4204 -0.0565 -13.8008
vt -0.4162 -0.0456 -13.7980
vt -0.4150 -0.0346 -13.7972
vt -0.4150 -0.0056 -13.7972
vt -0.4162 0.0054 -13.7980
vt -0.4204 0.0163 -13.8008
vt -0.4272 0.0254 -13.8054
vt -0.4360 0.0316 -13.8112
vt -0.4442 0.0341 -13.8167
vt -0.5292 0.0462 -13.8736
vt -0.7388 0.0718 -14.0136
vt -0.9470 0.0916 -14.1527
vt -1.1538 0.1055 -14.2908
vt -1.3589 0.1137 -14.4279
vt -1.0764 -0.2636 -14.3041
vt -1.0764 -0.0746 -14.3041
vt -0.3818 -0.0746 -13.9328
vt -0.3676 -0.0718 -13.9253
vt -0.3584 -0.0656 -13.9203
vt -0.3511 -0.0565 -13.9164
vt -0.3467 -0.0456 -13.9141
vt -0.3453 -0.0346 -13.9133
vt -0.3453 -0.0056 -13.9133
vt -0.3467 0.0054 -13.9141
vt -0.3511 0.0163 -13.9164
vt -0.3584 0.0254 -13.9203
vt -0.3676 0.0316 -13.9253
vt -0.3763 0.0341 -13.9299
vt -0.4666 0.0462 -13.9781
vt -0.6888 0.0718 -14.0969
vt -0.9096 0.0916 -14.2150
vt -1.1290 0.1055 -14.3322
vt -1.3466 0.1137 -14.4485
vt -1.0533 -0.2636 -14.3530
vt -1.0533 -0.0746 -14.3530
vt -0.3256 -0.0746 -14.0516
vt -0.3108 -0.0718 -14.0454
vt -0.3011 -0.0656 -14.0414
vt -0.2935 -0.0565 -14.0383
vt -0.2889 -0.0456 -14.0364
vt -0.2874 -0.0346 -14.0358
vt -0.2874 -0.0056 -14.0358
vt -0.2889 0.0054 -14.0364
vt -0.2935 0.0163 -14.0383
vt -0.3011 0.0254 -14.0414
vt -0.3108 0.0316 -14.0454
vt -0.3199 0.0341 -14.0492
vt -0.4144 0.0462 -14.0884
vt -0.6472 0.0718 -14.1848
vt -0.8786 0.0916 -14.2806
vt -1.1083 0.1055 -14.3758
vt -1.3363 0.1137 -14.4702
vt -1.0351 -0.2636 -14.4039
vt -1.0351 -0.0746 -14.4039
vt -0.2814 -0.0746 -14.1753
vt -0.2660 -0.0718 -14.1706
vt -0.2560 -0.0656 -14.1676
vt -0.2480 -0.0565 -14.1652
vt -0.2433 -0.0456 -14.1637
vt -0.2418 -0.0346 -14.1633
vt -0.2418 -0.0056 -14.1633
vt -0.2433 0.0054 -14.1637
vt -0.2480 0.0163 -14.1652
vt -0.2560 0.0254 -14.1676
vt -0.2660 0.0316 -14.1706
vt -0.2754 0.0341 -14.1735
vt -0.3733 0.0462 -14.2032
vt -0.6145 0.0718 -14.2763
vt -0.8541 0.0916 -14.3490
vt -1.0921 0.1055 -14.4212
vt -1.3282 0.1137 -14.4928
vt -1.0220 -0.2636 -14.4564
vt -1.0220 -0.0746 -14.4564
vt -0.2494 -0.0746 -14.3027
vt -0.2337 -0.0718 -14.2996
vt -0.2234 -0.0656 -14.2975
vt -0.2153 -0.0565 -14.2959
vt -0.2104 -0.0456 -14.2949
vt -0.2089 -0.0346 -14.2946
vt -0.2089 -0.0056 -14.2946
vt -0.2104 0.0054 -14.2949
vt -0.2153 0.0163 -14.2959
vt -0.2234 0.0254 -14.2975
vt -0.2337 0.0316 -14.2996
vt -0.2433 0.0341 -14.3015
vt -0.3437 0.0462 -14.3215
vt -0.5909 0.0718 -14.3706
vt -0.8365 0.0916 -14.4195
vt -1.0804 0.1055 -14.4680
vt -1.3224 0.1137 -14.5161
vt -1.0140 -0.2636 -14.5099
vt -1.0140 -0.0746 -14.5099
vt -0.2302 -0.0746 -14.4327
vt -0.2142 -0.0718 -14.4311
vt -0.2037 -0.0656 -14.4301
vt -0.1955 -0.0565 -14.4292
vt -0.1906 -0.0456 -14.4288
vt -0.1890 -0.0346 -14.4286
vt -0.1890 -0.0056 -14.4286
vt -0.1906 0.0054 -14.4288
vt -0.1955 0.0163 -14.4292
vt -0.2037 0.0254 -14.4301
vt -0.2142 0.0316 -14.4311
vt -0.2240 0.0341 -14.4321
vt -0.3258 0.0462 -14.4421
vt -0.5766 0.0718 -14.4668
vt -0.8258 0.0916 -14.4913
vt -1.0733 0.1055 -14.5157
vt -1.3189 0.1137 -14.5399
vt 0.7500 0.0000 1.0000
vt 0.8056 0.0000 1.0000
vt 0.8056 1.0000 1.0000
vt 0.7500 1.0000 1.0000
vt 0.8611 0.0000 1.0000
vt 0.8611 1.0000 1.0000
vt 0.9167 0.0000 1.0000
vt 0.9167 1.0000 1.0000
vt 0.9722 0.0000 1.0000
vt 0.9722 1.0000 1.0000
vt -0.0278 0.0000 1.0000
vt 0.0278 0.0000 1.0000
vt 0.0278 1.0000 1.0000
vt -0.0278 1.0000 1.0000
vt 0.0833 0.0000 1.0000
vt 0.0833 1.0000 1.0000
vt 0.1389 0.0000 1.0000
vt 0.1389 1.0000 1.0000
vt 0.1944 0.0000 1.0000
vt 0.1944 1.0000 1.0000
vt 0.2500 0.0000 1.0000
vt 0.2500 1.0000 1.0000
vt 0.3056 0.0000 1.0000
vt 0.3056 1.0000 1.0000
vt 0.3611 0.0000 1.0000
vt 0.3611 1.0000 1.0000
vt 0.4167 0.0000 1.0000
vt 0.4167 1.0000 1.0000
vt 0.4722 0.0000 1.0000
vt 0.4722 1.0000 1.0000
vt 0.5278 0.0000 1.0000
vt 0.5278 1.0000 1.0000
vt 0.5833 0.0000 1.0000
vt 0.5833 1.0000 1.0000
vt 0.6389 0.0000 1.0000
vt 0.6389 1.0000 1.0000
vt 0.6944 0.0000 1.0000
vt 0.6944 1.0000 1.0000
vt 0.0556 2.1675 0.0000
vt 0.5989 2.1675 0.0000
vt 0.5989 2.2260 0.0000
vt 0.0556 2.2260 0.0000
vt 0.0556 2.0808 0.0000
vt 0.5989 2.0808 0.0000
vt 0.5989 2.4709 0.0000
vt 0.0556 2.4709 0.0000
vt 0.0556 2.3695 0.0000
vt 0.5989 2.3695 0.0000
vt 0.0556 2.6009 0.0000
vt 0.5989 2.6009 0.0000
vt 0.5989 2.7310 0.0000
vt 0.0556 2.7310 0.0000
vt -0.0014 -0.5444 0.0000
vt -0.0014 -0.0011 0.0000
vt -0.5166 -0.0011 0.0000
vt -0.5690 -0.5444 0.0000
vt -0.0539 -0.0011 0.0000
vt -0.5690 -0.0011 0.0000
vt 0.0556 0.0004 0.0000
vt 0.5989 -0.0423 0.0000
vt 0.0556 2.1967 0.0000
vt 0.3273 2.3842 0.0000
vt -0.2567 0.8115 0.0000
vt -12.8595 -5.0870 -0.4450
vt -12.7467 -5.0870 -0.7002
vt -12.5863 -5.0870 -0.9284
vt -12.3844 -5.0870 -1.1210
vt -12.1489 -5.0870 -1.2705
vt -11.8887 -5.0870 -1.3712
vt -11.6139 -5.0870 -1.4192
vt -11.3349 -5.0870 -1.4126
vt -11.0627 -5.0870 -1.3518
vt -10.8075 -5.0870 -1.2390
vt -10.5792 -5.0870 -1.0786
vt -10.3867 -5.0870 -0.8767
vt -10.2372 -5.0870 -0.6412
vt -10.1365 -5.0870 -0.3810
vt -10.0885 -5.0870 -0.1062
vt -10.0951 -5.0870 0.1727
vt -10.1559 -5.0870 0.4450
vt -10.2687 -5.0870 0.7002
vt -10.4291 -5.0870 0.9285
vt -10.6310 -5.0870 1.1210
vt -10.8665 -5.0870 1.2705
vt -11.1267 -5.0870 1.3712
vt -11.4015 -5.0870 1.4192
vt -11.6804 -5.0870 1.4126
vt -11.9527 -5.0870 1.3518
vt -12.2079 -5.0870 1.2390
vt -12.4361 -5.0870 1.0786
vt -12.6287 -5.0870 0.8767
vt -12.7782 -5.0870 0.6412
vt -12.8789 -5.0870 0.3810
vt -12.9269 -5.0870 0.1062
vt -12.9203 -5.0870 -0.1727
vt -12.4613 -5.0870 -0.3139
vt -12.3818 -5.0870 -0.4939
vt -12.2686 -5.0870 -0.6550
vt -12.1262 -5.0870 -0.7908
vt -11.9600 -5.0870 -0.8963
vt -11.7765 -5.0870 -0.9673
vt -11.5826 -5.0870 -1.0012
vt -11.3858 -5.0870 -0.9966
vt -11.1938 -5.0870 -0.9536
vt -11.0137 -5.0870 -0.8741
vt -10.8527 -5.0870 -0.7609
vt -10.7168 -5.0870 -0.6185
vt -10.6114 -5.0870 -0.4523
vt -10.5404 -5.0870 -0.2688
vt -10.5065 -5.0870 -0.0749
vt -10.5111 -5.0870 0.1219
vt -10.5541 -5.0870 0.3139
vt -10.6336 -5.0870 0.4940
vt -10.7468 -5.0870 0.6550
vt -10.8892 -5.0870 0.7908
vt -11.0554 -5.0870 0.8963
vt -11.2389 -5.0870 0.9673
vt -11.4328 -5.0870 1.0012
vt -11.6296 -5.0870 0.9966
vt -11.8216 -5.0870 0.9536
vt -12.0016 -5.0870 0.8741
vt -12.1627 -5.0870 0.7609
vt -12.2985 -5.0870 0.6185
vt -12.4040 -5.0870 0.4523
vt -12.4750 -5.0870 0.2688
vt -12.5089 -5.0870 0.0749
vt -12.5042 -5.0870 -0.1219
vt 0.0348 1.0000 0.0000
vt 0.0373 1.0000 0.0000
vt 0.0501 1.0000 0.0000
vt 0.1220 1.0000 0.0000
vt 0.0475 1.0000 0.0000
vt 0.0614 1.0000 0.0000
vt 0.0621 1.0000 0.0000
vt 0.0643 1.0000 0.0000
vt 0.1081 0.0000 0.0000
vt 0.1068 0.0000 0.0000
vt 0.1027 0.0000 0.0000
vt 0.0272 1.0000 0.0000
vt 0.0125 1.0000 0.0000
vt 0.0247 1.0000 0.0000
vt 0.0102 1.0000 0.0000
vt 0.0035 1.0000 0.0000
vt 0.0013 1.0000 0.0000
vt 0.0172 1.0000 0.0000
vt 0.0616 1.0000 0.0000
vt 0.0625 1.0000 0.0000
vt 0.0654 1.0000 0.0000
vt 0.1080 0.0000 0.0000
vt 0.1065 0.0000 0.0000
vt 0.1021 0.0000 0.0000
vt 0.0423 1.0000 0.0000
vt 0.0398 1.0000 0.0000
vt 0.0322 1.0000 0.0000
vt 0.4838 0.0068 0.0000
vt 0.0301 0.9957 0.0000
vt 0.4666 0.0900 0.0000
vt 0.0375 0.9957 0.0000
vt 0.0492 0.5000 0.0000
vt 0.2239 0.5328 0.0000
vt 0.2442 0.5314 0.0000
vt 0.5000 0.0012 0.0000
vt 0.0015 7.9324 0.0000
vt 0.0015 7.8084 0.0000
vt 0.6637 7.8155 0.0000
vt 0.6637 7.9324 0.0000
vt 0.6637 0.0073 0.0000
vt 0.0015 0.0000 0.0000
vt 0.6637 0.0000 0.0000
vt 0.6637 0.1312 0.0000
vt 0.0015 0.1239 0.0000
vt 0.6637 0.2552 0.0000
vt 0.0015 0.2479 0.0000
vt 0.6637 0.3791 0.0000
vt 0.0015 0.3718 0.0000
vt 0.6637 0.5031 0.0000
vt 0.0015 0.4958 0.0000
vt 0.6637 0.6270 0.0000
vt 0.0015 0.6197 0.0000
vt 0.6637 0.7509 0.0000
vt 0.0015 0.7437 0.0000
vt 0.6637 0.8749 0.0000
vt 0.0015 0.8676 0.0000
vt 0.6637 0.9988 0.0000
vt 0.0015 0.9915 0.0000
vt 0.6637 1.1228 0.0000
vt 0.0015 1.1155 0.0000
vt 0.6637 1.2467 0.0000
vt 0.0015 1.2394 0.0000
vt 0.6637 1.3707 0.0000
vt 0.0015 1.3634 0.0000
vt 0.6637 1.4946 0.0000
vt 0.0015 1.4873 0.0000
vt 0.6637 1.6185 0.0000
vt 0.0015 1.6113 0.0000
vt 0.6637 1.7425 0.0000
vt 0.0015 1.7352 0.0000
vt 0.6637 1.8664 0.0000
vt 0.0015 1.8591 0.0000
vt 0.6637 1.9904 0.0000
vt 0.0015 1.9831 0.0000
vt 0.6637 2.1143 0.0000
vt 0.0015 2.1070 0.0000
vt 0.6637 2.2383 0.0000
vt 0.0015 2.2310 0.0000
vt 0.6637 2.3622 0.0000
vt 0.0015 2.3549 0.0000
vt 0.6637 2.4861 0.0000
vt 0.0015 2.4789 0.0000
vt 0.6637 2.6101 0.0000
vt 0.0015 2.6028 0.0000
vt 0.6637 2.7340 0.0000
vt 0.0015 2.7268 0.0000
vt 0.6637 2.8580 0.0000
vt 0.0015 2.8507 0.0000
vt 0.6637 2.9819 0.0000
vt 0.0015 2.9746 0.0000
vt 0.6637 3.1059 0.0000
vt 0.0015 3.0986 0.0000
vt 0.6637 3.2298 0.0000
vt 0.0015 3.2225 0.0000
vt 0.6637 3.3538 0.0000
vt 0.0015 3.3465 0.0000
vt 0.6637 3.4777 0.0000
vt 0.0015 3.4704 0.0000
vt 0.6637 3.6016 0.0000
vt 0.0015 3.5944 0.0000
vt 0.6637 3.7256 0.0000
vt 0.0015 3.7183 0.0000
vt 0.6637 3.8495 0.0000
vt 0.0015 3.8422 0.0000
vt 0.6637 3.9735 0.0000
vt 0.0015 3.9662 0.0000
vt 0.6637 4.0972 0.0000
vt 0.0015 4.0901 0.0000
vt 0.6637 4.2209 0.0000
vt 0.0015 4.2141 0.0000
vt 0.6637 4.3446 0.0000
vt 0.0015 4.3380 0.0000
vt 0.6637 4.4684 0.0000
vt 0.0015 4.4620 0.0000
vt 0.6637 4.5923 0.0000
vt 0.0015 4.5859 0.0000
vt 0.6637 4.7161 0.0000
vt 0.0015 4.7098 0.0000
vt 0.6637 4.8400 0.0000
vt 0.0015 4.8338 0.0000
vt 0.6637 4.9640 0.0000
vt 0.0015 4.9577 0.0000
vt 0.6637 5.0879 0.0000
vt 0.0015 5.0817 0.0000
vt 0.6637 5.2119 0.0000
vt 0.0015 5.2056 0.0000
vt 0.6637 5.3359 0.0000
vt 0.0015 5.3296 0.0000
vt 0.6637 5.4600 0.0000
vt 0.0015 5.4535 0.0000
vt 0.6637 5.5841 0.0000
vt 0.0015 5.5774 0.0000
vt 0.6637 5.7082 0.0000
vt 0.0015 5.7014 0.0000
vt 0.6637 5.8324 0.0000
vt 0.0015 5.8253 0.0000
vt 0.6637 5.9566 0.0000
vt 0.0015 5.9493 0.0000
vt 0.6637 6.0803 0.0000
vt 0.0015 6.0732 0.0000
vt 0.6637 6.2040 0.0000
vt 0.0015 6.1972 0.0000
vt 0.6637 6.3277 0.0000
vt 0.0015 6.3211 0.0000
vt 0.6637 6.4515 0.0000
vt 0.0015 6.4450 0.0000
vt 0.6637 6.5754 0.0000
vt 0.0015 6.5690 0.0000
vt 0.6637 6.6992 0.0000
vt 0.0015 6.6929 0.0000
vt 0.6637 6.8231 0.0000
vt 0.0015 6.8169 0.0000
vt 0.6637 6.9470 0.0000
vt 0.0015 6.9408 0.0000
vt 0.6637 7.0710 0.0000
vt 0.0015 7.0648 0.0000
vt 0.6637 7.1950 0.0000
vt 0.0015 7.1887 0.0000
vt 0.6637 7.3190 0.0000
vt 0.0015 7.3127 0.0000
vt 0.6637 7.4431 0.0000
vt 0.0015 7.4366 0.0000
vt 0.6637 7.5672 0.0000
vt 0.0015 7.5605 0.0000
vt 0.6637 7.6913 0.0000
vt 0.0015 7.6845 0.0000
vt -0.4687 0.4317 0.0000
vt -0.3113 0.2035 0.0000
vt -0.4321 0.4370 0.0000
vt -0.4500 0.4325 0.0000
vt -0.2035 0.3113 0.0000
vt -0.1369 0.3458 0.0000
vt -0.2235 0.5646 0.0000
vt -0.3323 0.5083 0.0000
vt -0.0677 0.3658 0.0000
vt -0.1105 0.5971 0.0000
vt 0.0000 0.3720 0.0000
vt -0.0000 0.6073 0.0000
vt 0.0677 0.3658 0.0000
vt 0.1105 0.5971 0.0000
vt 0.1369 0.3458 0.0000
vt 0.2235 0.5646 0.0000
vt 0.2035 0.3113 0.0000
vt 0.3323 0.5083 0.0000
vt 0.2630 0.2630 0.0000
vt 0.4028 0.4545 0.0000
vt 0.4205 0.4422 0.0000
vt 0.4049 0.4527 0.0000
vt -0.4028 0.4545 0.0000
vt -0.2630 0.2630 0.0000
vt -0.3091 1.0801 0.0000
vt -0.2044 1.1047 0.0000
vt -0.2321 1.2540 0.0000
vt -0.3509 1.2261 0.0000
vt 1.2540 0.2321 0.0000
vt 1.1063 0.1958 0.0000
vt 1.1189 0.1009 0.0000
vt 1.2701 0.1146 0.0000
vt 1.1235 0.0000 0.0000
vt 1.2753 0.0000 0.0000
vt 0.4694 -1.1858 0.0000
vt 0.4135 -1.0446 0.0000
vt 0.3091 -1.0801 0.0000
vt 0.3509 -1.2261 0.0000
vt 0.2044 -1.1047 0.0000
vt 0.2321 -1.2540 0.0000
vt -1.2540 -0.2321 0.0000
vt -1.1063 -0.1958 0.0000
vt -1.1189 -0.1009 0.0000
vt -1.2701 -0.1146 0.0000
vt -1.1235 0.0000 0.0000
vt -1.2753 -0.0000 0.0000
vt -0.4694 1.1858 0.0000
vt -0.4135 1.0446 0.0000
vt -0.1009 1.1189 0.0000
vt -0.1146 1.2701 0.0000
vt 0.0000 1.1235 0.0000
vt -0.0000 1.2753 0.0000
vt 0.1009 1.1189 0.0000
vt 0.1146 1.2701 0.0000
vt 0.2044 1.1047 0.0000
vt 0.2321 1.2540 0.0000
vt 0.3091 1.0801 0.0000
vt 0.3509 1.2261 0.0000
vt 0.4135 1.0446 0.0000
vt 0.4694 1.1858 0.0000
vt 0.5160 0.9980 0.0000
vt 0.5857 1.1328 0.0000
vt 0.6148 0.9403 0.0000
vt 0.6979 1.0674 0.0000
vt 0.7081 0.8722 0.0000
vt 0.8038 0.9901 0.0000
vt 0.7944 0.7944 0.0000
vt 0.9018 0.9018 0.0000
vt 0.8581 0.7252 0.0000
vt 0.9901 0.8038 0.0000
vt 0.8708 0.7070 0.0000
vt 0.8804 0.6855 0.0000
vt 1.0674 0.6979 0.0000
vt 0.8859 0.6616 0.0000
vt 0.8864 0.6366 0.0000
vt 1.1189 -0.1009 0.0000
vt 1.2701 -0.1146 0.0000
vt 1.1063 -0.1958 0.0000
vt 1.2540 -0.2321 0.0000
vt 0.5857 -1.1328 0.0000
vt 0.5160 -0.9980 0.0000
vt 0.6979 -1.0674 0.0000
vt 0.6148 -0.9403 0.0000
vt 0.8038 -0.9901 0.0000
vt 0.7081 -0.8722 0.0000
vt 0.9018 -0.9018 0.0000
vt 0.7944 -0.7944 0.0000
vt 0.9901 -0.8038 0.0000
vt 0.8581 -0.7252 0.0000
vt 0.8731 -0.7028 0.0000
vt 0.1009 -1.1189 0.0000
vt 0.1146 -1.2701 0.0000
vt 0.0000 -1.1235 0.0000
vt 0.0000 -1.2753 0.0000
vt -0.1009 -1.1189 0.0000
vt -0.1146 -1.2701 0.0000
vt -0.2044 -1.1047 0.0000
vt -0.2321 -1.2540 0.0000
vt -0.3091 -1.0801 0.0000
vt -0.3509 -1.2261 0.0000
vt -0.4135 -1.0446 0.0000
vt -0.4694 -1.1858 0.0000
vt -0.5160 -0.9980 0.0000
vt -0.5857 -1.1328 0.0000
vt -0.6148 -0.9403 0.0000
vt -0.6979 -1.0674 0.0000
vt -0.7081 -0.8722 0.0000
vt -0.8038 -0.9901 0.0000
vt -0.7944 -0.7944 0.0000
vt -0.9018 -0.9018 0.0000
vt -0.8581 -0.7252 0.0000
vt -0.9901 -0.8038 0.0000
vt -0.8708 -0.7070 0.0000
vt -0.8804 -0.6855 0.0000
vt -1.0674 -0.6979 0.0000
vt -0.8859 -0.6616 0.0000
vt -0.8864 -0.6366 0.0000
vt -1.1189 0.1009 0.0000
vt -1.2701 0.1146 0.0000
vt -1.1063 0.1958 0.0000
vt -1.2540 0.2321 0.0000
vt -0.5857 1.1328 0.0000
vt -0.5160 0.9980 0.0000
vt -0.6979 1.0674 0.0000
vt -0.6148 0.9403 0.0000
vt -0.8038 0.9901 0.0000
vt -0.7081 0.8722 0.0000
vt -0.9018 0.9018 0.0000
vt -0.7944 0.7944 0.0000
vt -0.9901 0.8038 0.0000
vt -0.8581 0.7252 0.0000
vt -0.8731 0.7028 0.0000
vt -1.0674 0.6979 0.0000
vt -0.8815 0.6823 0.0000
vt -0.8864 0.6370 0.0000
vt -0.8860 0.6605 0.0000
vt 1.0674 -0.6979 0.0000
vt 0.8815 -0.6823 0.0000
vt 0.8864 -0.6370 0.0000
vt 0.8860 -0.6605 0.0000
vt -0.4162 0.4446 0.0000
vt 1.1028 0.2102 0.0000
vt 1.2261 0.3509 0.0000
vt 1.0944 0.2307 0.0000
vt 1.0645 0.2679 0.0000
vt 1.0816 0.2504 0.0000
vt -1.1028 -0.2102 0.0000
vt -1.2261 -0.3509 0.0000
vt -1.0944 -0.2307 0.0000
vt -1.0645 -0.2679 0.0000
vt -1.0816 -0.2504 0.0000
vt 1.1004 -0.2172 0.0000
vt 1.2261 -0.3509 0.0000
vt 1.0901 -0.2384 0.0000
vt 1.0752 -0.2578 0.0000
vt -1.1004 0.2172 0.0000
vt -1.2261 0.3509 0.0000
vt -1.0901 0.2384 0.0000
vt -1.0752 0.2578 0.0000
vt 0.3113 0.2035 0.0000
vt 0.4378 0.4352 0.0000
vt 1.1858 0.4694 0.0000
vt 1.0437 0.2819 0.0000
vt -1.1858 -0.4694 0.0000
vt -1.0437 -0.2819 0.0000
vt -1.1328 0.5857 0.0000
vt -0.8820 0.6129 0.0000
vt -0.8817 -0.6120 0.0000
vt -1.1328 -0.5857 0.0000
vt 0.8817 0.6120 0.0000
vt 1.1328 0.5857 0.0000
vt 1.1328 -0.5857 0.0000
vt 0.8820 -0.6129 0.0000
vt 1.0563 -0.2742 0.0000
vt 1.1858 -0.4694 0.0000
vt 1.0344 -0.2863 0.0000
vt -1.0563 0.2742 0.0000
vt -1.1858 0.4694 0.0000
vt -1.0344 0.2863 0.0000
vt 0.8726 -0.5897 0.0000
vt -0.8726 0.5897 0.0000
vt 1.0205 0.2913 0.0000
vt -1.0205 -0.2913 0.0000
vt 0.8724 0.5894 0.0000
vt -0.8724 -0.5894 0.0000
vt 0.6146 0.1682 0.0000
vt 0.4559 0.4318 0.0000
vt 0.9964 0.2957 0.0000
vt 0.8593 0.5698 0.0000
vt 0.8437 0.5540 0.0000
vt 0.9729 0.2953 0.0000
vt 0.8255 0.5413 0.0000
vt 0.9512 0.2908 0.0000
vt 0.8041 0.5316 0.0000
vt 0.6622 0.2024 0.0000
vt 0.8008 0.5306 0.0000
vt 0.4899 0.4355 0.0000
vt 0.6577 0.2009 0.0000
vt 0.6417 0.1933 0.0000
vt 0.4736 0.4321 0.0000
vt 0.6270 0.1823 0.0000
vt 1.0110 -0.2936 0.0000
vt 0.9876 -0.2961 0.0000
vt 0.8586 -0.5690 0.0000
vt 0.9655 -0.2942 0.0000
vt 0.8411 -0.5518 0.0000
vt 0.9512 -0.2908 0.0000
vt 0.8214 -0.5390 0.0000
vt 0.6622 -0.2024 0.0000
vt 0.8008 -0.5306 0.0000
vt 0.6468 -0.1961 0.0000
vt 0.4899 -0.4355 0.0000
vt 0.6320 -0.1865 0.0000
vt 0.6188 -0.1737 0.0000
vt 0.4872 -0.4348 0.0000
vt 0.6084 -0.1581 0.0000
vt 0.4687 -0.4317 0.0000
vt -0.9964 -0.2957 0.0000
vt -0.8593 -0.5698 0.0000
vt -0.8437 -0.5540 0.0000
vt -0.9729 -0.2953 0.0000
vt -0.8255 -0.5413 0.0000
vt -0.9512 -0.2908 0.0000
vt -0.8008 -0.5306 0.0000
vt -0.6622 -0.2024 0.0000
vt -0.4899 -0.4355 0.0000
vt -0.6417 -0.1933 0.0000
vt -0.4736 -0.4321 0.0000
vt -0.6270 -0.1823 0.0000
vt -0.4559 -0.4318 0.0000
vt -0.6146 -0.1682 0.0000
vt -1.0110 0.2936 0.0000
vt -0.9876 0.2961 0.0000
vt -0.8586 0.5690 0.0000
vt -0.9655 0.2943 0.0000
vt -0.8411 0.5518 0.0000
vt -0.9512 0.2908 0.0000
vt -0.8214 0.5390 0.0000
vt -0.6622 0.2024 0.0000
vt -0.8008 0.5306 0.0000
vt -0.6468 0.1961 0.0000
vt -0.4885 0.4352 0.0000
vt -0.6320 0.1865 0.0000
vt -0.6188 0.1737 0.0000
vt -0.6084 0.1581 0.0000
vt 0.3458 0.1369 0.0000
vt 0.6054 0.1519 0.0000
vt 0.5997 0.1344 0.0000
vt 0.3658 0.0677 0.0000
vt 0.5977 0.1169 0.0000
vt 0.5990 0.1003 0.0000
vt 0.3720 -0.0000 0.0000
vt 0.6073 -0.0000 0.0000
vt 0.3658 -0.0677 0.0000
vt 0.5990 -0.1003 0.0000
vt 0.5983 -0.1050 0.0000
vt 0.3458 -0.1369 0.0000
vt 0.5980 -0.1226 0.0000
vt 0.6013 -0.1407 0.0000
vt 0.3113 -0.2035 0.0000
vt 0.4500 -0.4325 0.0000
vt 0.2630 -0.2630 0.0000
vt 0.4321 -0.4370 0.0000
vt 0.4028 -0.4545 0.0000
vt 0.4162 -0.4446 0.0000
vt 0.2035 -0.3113 0.0000
vt 0.3323 -0.5083 0.0000
vt 0.1369 -0.3458 0.0000
vt 0.2235 -0.5646 0.0000
vt 0.0677 -0.3658 0.0000
vt 0.1105 -0.5971 0.0000
vt 0.0000 -0.3720 0.0000
vt 0.0000 -0.6073 0.0000
vt -0.0677 -0.3658 0.0000
vt -0.1105 -0.5971 0.0000
vt -0.1369 -0.3458 0.0000
vt -0.2235 -0.5646 0.0000
vt -0.2035 -0.3113 0.0000
vt -0.3323 -0.5083 0.0000
vt -0.2630 -0.2630 0.0000
vt -0.4028 -0.4545 0.0000
vt -0.4205 -0.4422 0.0000
vt -0.4049 -0.4527 0.0000
vt -0.3113 -0.2035 0.0000
vt -0.4378 -0.4352 0.0000
vt -0.3458 -0.1369 0.0000
vt -0.6054 -0.1519 0.0000
vt -0.5997 -0.1344 0.0000
vt -0.3658 -0.0677 0.0000
vt -0.5977 -0.1169 0.0000
vt -0.5990 -0.1003 0.0000
vt -0.3720 0.0000 0.0000
vt -0.6073 0.0000 0.0000
vt -0.3658 0.0677 0.0000
vt -0.5990 0.1003 0.0000
vt -0.3458 0.1369 0.0000
vt -0.5980 0.1226 0.0000
vt -0.6013 0.1407 0.0000
vt 0.5028 0.0000 0.0000
vt 0.0000 0.5000 0.0000
vt 0.5000 0.5000 0.0000
vt 1.0000 0.0000 0.0000
vt 1.0000 0.5000 0.0000
vt 1.0000 1.0000 0.0000
vt 0.9150 0.0000 0.0000
vt 0.0000 0.1700 0.0000
vt 0.4150 0.1700 0.0000
vt 0.0000 0.3400 0.0000
vt 0.3300 0.3400 0.0000
vt 0.8300 0.0000 0.0000
vt -0.4205 0.0760 -11.4929
vt -0.4315 0.0543 -11.4937
vt -0.4315 0.0543 -10.8654
vt -0.4205 0.0760 -10.8647
vt -0.4399 0.0305 -11.4945
vt -0.4399 0.0305 -10.8662
vt -0.4452 0.0050 -11.4954
vt -0.4452 0.0050 -10.8671
vt -0.4470 -0.0215 -11.4963
vt -0.4470 -0.0215 -10.8681
vt -0.4438 -0.0565 -11.4976
vt -0.4438 -0.0565 -10.8693
vt -0.4335 -0.0923 -11.4988
vt -0.4335 -0.0923 -10.8705
vt -0.4156 -0.1268 -11.5000
vt -0.4156 -0.1268 -10.8717
vt -0.3906 -0.1575 -11.5011
vt -0.3906 -0.1575 -10.8728
vt -0.3598 -0.1825 -11.5020
vt -0.3598 -0.1825 -10.8737
vt -0.3254 -0.2004 -11.5026
vt -0.3254 -0.2004 -10.8743
vt -0.2895 -0.2107 -11.5029
vt -0.2895 -0.2107 -10.8747
vt -0.2545 -0.2139 -11.5030
vt -0.2545 -0.2139 -10.8748
vt -0.2195 -0.2107 -11.5029
vt -0.2195 -0.2107 -10.8747
vt -0.1837 -0.2004 -11.5026
vt -0.1837 -0.2004 -10.8743
vt -0.1492 -0.1825 -11.5020
vt -0.1492 -0.1825 -10.8737
vt -0.1184 -0.1575 -11.5011
vt -0.1184 -0.1575 -10.8728
vt -0.0934 -0.1268 -11.5000
vt -0.0934 -0.1268 -10.8717
vt -0.0755 -0.0923 -11.4988
vt -0.0755 -0.0923 -10.8705
vt -0.0652 -0.0565 -11.4976
vt -0.0652 -0.0565 -10.8693
vt -0.0620 -0.0215 -11.4963
vt -0.0620 -0.0215 -10.8681
vt -0.0652 0.0135 -11.4951
vt -0.0652 0.0135 -10.8668
vt -0.0755 0.0493 -11.4939
vt -0.0755 0.0493 -10.8656
vt -0.0885 0.0760 -11.4929
vt -0.0885 0.0760 -10.8647
vt 0.0438 1.0000 0.0000
vt 0.0759 1.0000 0.0000
vt 0.0548 1.0000 0.0000
# 2209 texture coords

o 26109_LA
g 26109_LA
s 1
f 1/1/1 2/2/2 3/3/3 4/4/4 
f 5/5/5 6/6/6 7/7/7 8/7/8 
f 9/8/9 10/9/10 6/6/6 5/5/5 
f 11/10/11 12/11/12 10/9/10 9/8/9 
f 13/12/13 14/13/14 12/11/12 11/10/11 
f 15/14/15 16/15/16 14/13/14 13/12/13 
f 17/16/17 18/16/18 16/15/16 15/14/15 
f 19/17/19 20/17/20 18/16/18 17/16/17 
f 21/18/21 22/19/22 23/19/23 24/18/24 
f 22/19/22 25/20/25 26/21/26 23/19/23 
f 27/22/27 28/23/28 26/21/26 25/20/25 
f 29/24/29 30/25/30 28/23/28 27/22/27 
f 31/26/31 32/27/32 30/25/30 29/24/29 
f 33/28/33 34/29/34 32/27/32 31/26/31 
f 35/30/35 36/30/36 34/29/34 33/28/33 
f 37/31/37 38/31/38 36/30/36 35/30/35 
f 39/32/39 40/32/40 38/31/38 37/31/37 
f 41/33/41 42/33/42 40/32/40 39/32/39 
f 43/34/43 44/34/44 42/33/42 41/33/41 
f 45/35/45 46/35/46 44/34/44 43/34/43 
f 47/36/47 48/36/48 46/35/46 45/35/45 
f 8/7/8 7/7/7 48/36/48 47/36/47 
f 49/37/49 50/38/50 51/7/51 52/7/52 
f 53/39/53 54/40/54 50/38/50 49/37/49 
f 55/41/55 56/42/56 54/40/54 53/39/53 
f 57/43/57 58/44/58 56/42/56 55/41/55 
f 59/45/59 60/46/60 58/44/58 57/43/57 
f 61/16/61 62/47/62 60/46/60 63/16/63 
f 64/48/64 65/48/65 66/17/66 67/49/67 
f 68/19/68 69/18/69 70/18/70 71/19/71 
f 72/50/72 68/19/68 71/19/71 73/51/73 
f 74/52/74 75/53/75 73/51/73 76/54/76 
f 77/25/77 78/55/78 75/53/75 74/52/74 
f 79/56/79 80/57/80 78/55/78 77/25/77 
f 81/58/81 82/59/82 80/57/80 79/56/79 
f 83/30/83 84/30/84 82/59/82 81/58/81 
f 85/31/85 86/30/86 84/30/84 87/31/87 
f 88/32/88 85/31/85 87/31/87 89/32/89 
f 90/33/90 88/32/88 89/32/89 91/33/91 
f 92/34/92 90/33/90 91/33/91 93/34/93 
f 94/35/94 92/34/92 93/34/93 95/35/95 
f 96/36/96 94/35/94 95/35/95 97/36/97 
f 52/7/52 51/7/51 97/36/97 98/36/98 
f 99/7/99 100/7/100 101/5/101 102/5/102 
f 102/5/102 101/5/101 103/8/103 104/8/104 
f 105/36/105 106/36/106 100/7/100 99/7/99 
f 107/35/107 108/35/108 106/36/106 105/36/105 
f 109/34/109 110/34/109 108/35/108 107/35/107 
f 111/33/110 112/33/110 110/34/109 109/34/109 
f 113/32/111 114/32/112 112/33/110 111/33/110 
f 115/31/113 116/31/114 114/32/112 113/32/111 
f 117/30/115 118/30/116 116/31/114 115/31/113 
f 119/28/117 120/28/118 117/30/115 121/30/119 
f 122/60/120 123/61/121 124/20/122 125/20/123 
f 126/18/121 127/18/120 128/19/121 129/19/121 
f 130/62/124 131/63/125 132/16/126 133/16/126 
f 134/12/127 135/12/128 131/14/125 130/14/124 
f 136/10/129 137/10/130 135/12/128 134/12/127 
f 104/8/104 103/8/103 137/10/130 136/10/129 
f 138/26/131 139/26/132 120/28/118 119/28/117 
f 140/24/133 141/24/134 139/26/132 138/26/131 
f 142/22/135 143/22/136 141/24/134 140/24/133 
f 125/20/123 124/20/122 143/22/136 142/22/135 
f 144/64/137 145/65/138 2/2/2 1/1/1 
f 146/66/139 147/67/140 145/65/138 144/64/137 
f 148/68/141 149/69/142 147/67/140 146/66/139 
f 150/70/143 151/71/144 149/69/142 148/68/141 
f 152/72/145 153/73/146 151/71/144 150/70/143 
f 154/48/147 155/48/148 20/17/20 19/17/19 
f 61/16/61 63/16/63 66/17/66 156/17/149 
f 133/16/126 132/16/126 157/17/126 158/17/126 
f 159/74/150 160/75/151 153/73/146 152/72/145 
f 161/76/152 162/77/153 163/78/154 164/79/155 
f 164/79/155 163/78/154 160/75/151 159/74/150 
f 165/80/156 166/81/157 4/4/4 3/3/3 
f 165/80/156 167/82/158 168/83/159 166/81/157 
f 169/84/160 170/85/161 168/83/159 167/82/158 
f 171/86/162 172/87/163 173/88/164 170/85/161 
f 174/89/165 175/90/166 172/87/163 171/86/162 
f 86/30/86 85/31/85 175/90/166 176/91/167 
f 72/50/72 86/30/86 176/91/167 177/92/168 
f 68/19/68 72/50/72 177/93/168 178/94/169 
f 179/95/170 180/96/171 178/94/169 174/97/165 
f 181/98/172 182/98/173 183/99/174 184/99/175 
f 185/100/176 186/100/177 182/98/173 181/98/172 
f 169/84/160 187/84/178 186/100/177 185/100/176 
f 167/82/158 188/82/179 187/84/178 169/84/160 
f 165/80/156 189/80/180 188/82/179 167/82/158 
f 3/3/3 190/3/181 189/80/180 165/80/156 
f 2/2/2 191/2/182 190/3/181 3/3/3 
f 145/65/138 192/65/183 191/2/182 2/2/2 
f 147/67/140 193/67/184 192/65/183 145/65/138 
f 149/69/142 194/69/185 193/67/184 147/67/140 
f 151/71/144 195/71/186 194/69/185 149/69/142 
f 153/73/146 196/73/187 195/71/186 151/71/144 
f 160/75/151 197/75/188 196/73/187 153/73/146 
f 163/78/154 198/78/189 197/75/188 160/75/151 
f 162/77/153 199/77/190 198/78/189 163/78/154 
f 200/101/191 201/101/192 199/77/190 162/77/153 
f 202/98/193 203/99/194 183/99/174 182/98/173 
f 204/100/195 202/98/193 182/98/173 186/100/177 
f 205/84/196 204/100/195 186/100/177 187/84/178 
f 206/82/197 205/84/196 187/84/178 188/82/179 
f 207/80/198 206/82/197 188/82/179 189/80/180 
f 208/3/199 207/80/198 189/80/180 190/3/181 
f 209/2/200 208/3/199 190/3/181 191/2/182 
f 210/65/201 209/2/200 191/2/182 192/65/183 
f 211/67/202 210/65/201 192/65/183 193/67/184 
f 212/69/203 211/67/202 193/67/184 194/69/185 
f 213/71/204 212/69/203 194/69/185 195/71/186 
f 214/73/205 213/71/204 195/71/186 196/73/187 
f 215/75/206 214/73/205 196/73/187 197/75/188 
f 216/78/207 215/75/206 197/75/188 198/78/189 
f 217/77/208 216/78/207 198/78/189 199/77/190 
f 218/101/209 217/77/208 199/77/190 201/101/192 
f 219/102/210 220/103/211 221/20/212 222/20/213 
f 223/18/214 224/18/215 225/19/216 226/19/217 
f 227/28/218 228/26/219 229/26/220 230/28/221 
f 228/26/219 231/24/222 232/24/223 229/26/220 
f 231/24/222 233/22/224 234/22/225 232/24/223 
f 233/22/224 222/20/213 221/20/212 234/22/225 
f 220/104/211 235/105/226 236/20/227 221/20/212 
f 224/18/215 237/18/228 238/19/229 225/19/216 
f 230/28/221 229/26/220 239/26/230 240/28/231 
f 229/26/220 232/24/223 241/24/232 239/26/230 
f 232/24/223 234/22/225 242/22/233 241/24/232 
f 234/22/225 221/20/212 236/20/227 242/22/233 
f 236/20/227 235/60/226 243/106/234 244/20/235 
f 237/18/228 245/18/236 246/19/237 238/19/229 
f 247/28/238 248/28/239 249/26/240 250/26/241 
f 239/26/230 241/24/232 251/24/242 249/26/240 
f 241/24/232 242/22/233 252/22/243 251/24/242 
f 242/22/233 236/20/227 244/20/235 252/22/243 
f 253/20/244 254/107/245 255/108/246 256/109/247 
f 257/18/248 258/18/249 259/19/250 260/19/251 
f 247/28/238 250/26/241 261/110/252 262/111/253 
f 250/26/241 263/24/254 264/55/255 261/110/252 
f 263/24/254 265/22/256 266/112/257 264/55/255 
f 265/22/256 253/20/244 256/109/247 266/112/257 
f 240/28/231 248/28/239 267/28/258 268/28/259 
f 247/28/238 269/58/260 270/58/261 271/28/262 
f 268/28/259 267/28/258 272/28/263 273/28/264 
f 271/28/262 270/58/261 274/58/265 275/28/266 
f 230/28/221 240/28/231 268/113/259 
f 273/28/264 272/28/263 276/28/267 277/28/268 
f 275/28/266 274/58/265 278/58/269 279/28/270 
f 277/28/268 276/28/267 280/28/271 281/28/272 
f 279/28/270 278/58/269 282/58/273 283/28/274 
f 281/28/272 280/28/271 284/28/275 285/28/276 
f 283/28/274 282/58/273 286/58/277 287/28/278 
f 285/28/276 284/28/275 288/28/279 289/28/280 
f 287/28/278 286/58/277 290/58/281 291/28/282 
f 289/28/280 288/28/279 292/28/283 293/28/284 
f 291/28/282 290/58/281 294/58/285 295/28/286 
f 293/28/284 292/28/283 296/28/287 297/28/288 
f 295/28/286 294/58/285 298/58/289 299/28/290 
f 297/28/288 296/28/287 300/28/291 301/28/292 
f 299/28/290 298/58/289 302/58/293 303/28/294 
f 301/28/292 300/28/291 304/28/295 305/28/296 
f 303/28/294 302/58/293 306/58/297 307/28/298 
f 305/28/296 304/28/295 308/28/299 309/28/300 
f 307/28/298 306/58/297 310/58/301 311/28/302 
f 309/28/300 308/28/299 312/28/303 313/28/304 
f 311/28/302 310/58/301 314/58/305 315/28/306 
f 313/28/304 312/28/303 316/28/307 317/28/308 
f 315/28/306 314/58/305 318/58/309 319/28/310 
f 317/28/308 316/28/307 320/28/311 321/28/312 
f 319/28/310 318/58/309 322/58/313 323/28/314 
f 321/28/312 320/28/311 324/28/315 325/28/316 
f 323/28/314 322/58/313 326/58/317 327/28/318 
f 325/28/316 324/28/315 328/28/319 329/28/320 
f 330/50/321 331/50/322 332/58/323 326/58/317 
f 329/28/320 328/28/319 333/28/324 334/28/325 
f 331/50/322 335/50/326 336/58/327 332/58/323 
f 337/50/328 338/50/329 339/50/330 340/50/331 
f 340/50/331 339/50/330 341/50/330 342/50/330 
f 343/50/332 344/50/333 345/50/334 346/50/335 
f 346/50/335 345/50/334 347/50/336 348/50/337 
f 348/50/337 347/50/336 349/50/338 350/50/339 
f 351/50/340 352/50/341 338/50/329 337/50/328 
f 247/28/238 262/111/253 269/58/260 
f 129/114/121 128/115/121 123/61/121 122/60/120 
f 225/19/216 220/104/211 219/104/210 226/19/217 
f 225/19/216 238/116/229 235/117/226 220/104/211 
f 238/19/229 246/19/237 243/107/234 235/107/226 
f 260/19/251 259/19/250 255/118/246 254/118/245 
f 353/18/342 354/18/343 355/19/344 356/19/342 
f 357/119/345 358/118/346 359/50/347 360/50/348 
f 361/50/349 362/50/350 363/50/351 364/50/352 
f 364/50/352 363/50/351 365/50/353 366/50/354 
f 366/50/354 365/50/353 367/50/355 368/50/356 
f 369/50/357 370/50/358 368/50/356 367/50/355 
f 370/50/358 369/50/357 371/50/359 372/50/360 
f 372/50/360 371/50/359 373/50/361 374/50/362 
f 375/50/363 376/50/364 374/50/362 373/50/361 
f 376/50/364 375/50/363 377/50/365 378/50/366 
f 378/50/366 377/50/365 344/50/333 343/50/332 
f 158/17/126 157/17/126 379/48/367 380/48/367 
f 342/50/330 341/50/330 381/50/330 382/50/331 
f 383/7/368 384/36/369 385/120/370 386/121/371 
f 387/5/372 388/7/373 389/7/374 390/6/375 
f 391/8/376 387/5/372 390/6/375 392/9/377 
f 393/10/378 391/8/376 392/9/377 394/11/379 
f 395/12/380 393/10/378 394/11/379 396/13/381 
f 397/14/382 395/12/380 396/13/381 398/15/383 
f 399/16/384 397/14/382 398/15/383 400/16/385 
f 401/17/386 399/16/384 400/16/385 402/17/387 
f 21/18/21 24/18/24 403/19/388 404/19/389 
f 404/19/389 403/19/388 405/21/390 406/20/391 
f 407/22/392 406/20/391 405/21/390 408/23/393 
f 409/24/394 407/22/392 408/23/393 410/25/395 
f 411/26/396 409/24/394 410/25/395 412/27/397 
f 413/28/398 411/26/396 412/27/397 414/29/399 
f 415/30/400 413/28/398 414/29/399 416/30/401 
f 417/31/402 415/30/400 416/30/401 418/31/403 
f 419/32/404 417/31/402 418/31/403 420/32/405 
f 421/33/406 419/32/404 420/32/405 422/33/407 
f 423/34/408 421/33/406 422/33/407 424/34/409 
f 425/35/410 423/34/408 424/34/409 426/35/411 
f 427/36/412 425/35/410 426/35/411 428/36/413 
f 388/7/373 427/36/412 428/36/413 389/7/374 
f 429/37/414 430/7/415 431/7/416 432/38/417 
f 433/39/418 429/37/414 432/38/417 434/40/419 
f 435/41/420 433/39/418 434/40/419 436/42/421 
f 437/43/422 435/41/420 436/42/421 438/44/423 
f 439/45/424 437/43/422 438/44/423 440/46/425 
f 441/16/426 442/16/427 440/46/425 443/47/428 
f 64/48/64 444/49/429 445/17/430 65/48/65 
f 446/19/431 447/19/432 70/18/70 69/18/69 
f 448/50/433 449/51/434 447/19/432 446/19/431 
f 450/52/435 451/54/436 449/51/434 452/53/437 
f 453/25/438 450/52/435 452/53/437 454/55/439 
f 455/56/440 453/25/438 454/55/439 456/57/441 
f 457/58/442 455/56/440 456/57/441 458/59/443 
f 459/30/444 457/58/442 458/59/443 460/30/445 
f 461/31/446 462/31/447 460/30/445 463/30/448 
f 464/32/449 465/32/450 462/31/447 461/31/446 
f 466/33/451 467/33/452 465/32/450 464/32/449 
f 468/34/453 469/34/454 467/33/452 466/33/451 
f 470/35/455 471/35/456 469/34/454 468/34/453 
f 384/36/369 472/36/457 471/35/456 470/35/455 
f 430/7/415 473/36/458 472/36/457 431/7/416 
f 474/5/459 475/5/460 476/7/461 477/7/462 
f 478/8/463 479/8/464 475/5/460 474/5/459 
f 477/7/462 476/7/461 480/36/465 481/36/466 
f 481/36/466 480/36/465 482/35/467 483/35/468 
f 483/35/468 482/35/467 484/34/469 485/34/470 
f 485/34/470 484/34/469 486/33/471 487/33/472 
f 487/33/472 486/33/471 488/32/473 489/32/473 
f 489/32/473 488/32/473 490/31/474 491/31/475 
f 491/31/475 490/31/474 492/30/476 493/30/477 
f 493/30/477 492/30/476 494/28/478 495/28/479 
f 496/122/480 497/123/481 498/124/482 499/125/483 
f 500/19/121 501/19/121 127/18/120 126/18/121 
f 502/16/367 503/16/367 504/126/484 505/127/485 
f 505/14/485 504/14/484 506/12/486 507/12/487 
f 507/12/487 506/12/486 508/10/488 509/10/489 
f 509/10/489 508/10/488 479/8/464 478/8/463 
f 495/128/479 494/129/478 510/130/490 511/131/491 
f 511/131/491 510/130/490 512/132/492 513/133/493 
f 513/133/493 512/132/492 497/123/481 496/122/480 
f 443/47/428 383/7/368 386/121/371 514/134/494 
f 441/16/426 443/47/428 514/134/494 515/135/495 
f 516/17/496 441/16/426 515/136/495 517/137/497 
f 154/48/147 401/17/386 402/17/387 155/48/148 
f 441/16/426 516/17/496 445/17/430 442/16/427 
f 518/17/126 519/17/367 520/16/367 521/16/126 
f 516/17/496 517/138/497 522/76/498 523/48/499 
f 524/139/500 385/120/370 525/140/501 526/141/502 
f 526/141/502 525/140/501 527/142/503 528/143/504 
f 528/143/504 527/142/503 529/144/505 530/145/506 
f 530/145/506 529/144/505 531/87/507 532/146/508 
f 532/146/508 531/87/507 533/90/509 534/147/510 
f 461/31/446 463/30/448 535/148/511 533/90/509 
f 463/30/448 448/50/433 536/92/512 535/148/511 
f 448/50/433 446/19/431 537/94/513 536/93/512 
f 534/97/510 537/94/513 180/96/171 179/95/170 
f 538/98/514 184/99/175 183/99/174 539/98/515 
f 540/100/516 538/98/514 539/98/515 541/100/517 
f 542/84/518 540/100/516 541/100/517 543/84/519 
f 544/82/520 542/84/518 543/84/519 545/82/521 
f 546/80/522 544/82/520 545/82/521 547/80/523 
f 548/3/524 546/80/522 547/80/523 549/3/525 
f 550/2/526 548/3/524 549/3/525 551/2/527 
f 552/65/528 550/2/526 551/2/527 553/65/529 
f 554/67/530 552/65/528 553/65/529 555/67/531 
f 556/69/532 554/67/530 555/67/531 557/69/533 
f 558/71/534 556/69/532 557/69/533 559/71/535 
f 560/73/536 558/71/534 559/71/535 561/73/537 
f 562/75/538 560/73/536 561/73/537 563/75/539 
f 564/78/540 562/75/538 563/75/539 565/78/541 
f 566/77/542 564/78/540 565/78/541 567/77/543 
f 200/101/191 566/77/542 567/77/543 201/101/192 
f 568/98/544 539/98/515 183/99/174 203/99/194 
f 569/100/545 541/100/517 539/98/515 568/98/544 
f 570/84/546 543/84/519 541/100/517 569/100/545 
f 571/82/547 545/82/521 543/84/519 570/84/546 
f 572/80/548 547/80/523 545/82/521 571/82/547 
f 573/3/549 549/3/525 547/80/523 572/80/548 
f 574/2/550 551/2/527 549/3/525 573/3/549 
f 575/65/551 553/65/529 551/2/527 574/2/550 
f 576/67/552 555/67/531 553/65/529 575/65/551 
f 577/69/553 557/69/533 555/67/531 576/67/552 
f 578/71/554 559/71/535 557/69/533 577/69/553 
f 579/73/555 561/73/537 559/71/535 578/71/554 
f 580/75/556 563/75/539 561/73/537 579/73/555 
f 581/78/557 565/78/541 563/75/539 580/75/556 
f 582/77/558 567/77/543 565/78/541 581/78/557 
f 218/101/209 201/101/192 567/77/543 582/77/558 
f 583/102/559 584/20/560 585/20/561 586/103/562 
f 223/18/214 587/19/563 588/19/564 224/18/215 
f 589/26/565 590/26/566 591/24/567 592/24/568 
f 592/24/568 591/24/567 593/22/569 594/22/570 
f 594/22/570 593/22/569 585/20/561 584/20/560 
f 586/104/562 585/20/561 595/20/571 596/105/572 
f 224/18/215 588/19/564 597/19/573 237/18/228 
f 590/26/566 598/26/574 599/24/575 591/24/567 
f 591/24/567 599/24/575 600/22/576 593/22/569 
f 593/22/569 600/22/576 595/20/571 585/20/561 
f 595/20/571 601/20/577 602/106/578 596/60/572 
f 237/18/228 597/19/573 603/19/579 245/18/236 
f 598/26/574 604/26/580 605/24/581 599/24/575 
f 599/24/575 605/24/581 606/22/582 600/22/576 
f 600/22/576 606/22/582 601/20/577 595/20/571 
f 607/20/583 608/149/584 609/108/585 610/107/586 
f 257/18/248 611/19/587 612/19/588 258/18/249 
f 613/26/589 614/110/590 615/55/591 616/24/592 
f 616/24/592 615/55/591 617/150/593 618/22/594 
f 618/22/594 617/150/593 608/149/584 607/20/583 
f 598/28/574 619/28/595 604/28/580 
f 613/28/589 620/28/596 621/58/597 622/58/598 
f 619/28/595 623/28/599 624/28/600 625/28/601 
f 620/28/596 626/28/602 627/58/603 621/58/597 
f 623/28/599 628/28/604 629/28/605 624/28/600 
f 626/28/602 630/28/606 631/58/607 627/58/603 
f 628/28/604 632/28/608 633/28/609 629/28/605 
f 630/28/606 634/28/610 635/58/611 631/58/607 
f 632/28/608 636/28/612 637/28/613 633/28/609 
f 634/28/610 638/28/614 639/58/615 635/58/611 
f 636/28/612 640/28/616 641/28/617 637/28/613 
f 638/28/614 642/28/618 643/58/619 639/58/615 
f 640/28/616 644/28/620 645/28/621 641/28/617 
f 642/28/618 646/28/622 647/58/623 643/58/619 
f 644/28/620 648/28/624 649/28/625 645/28/621 
f 646/28/622 650/28/626 651/58/627 647/58/623 
f 648/28/624 652/28/628 653/28/629 649/28/625 
f 650/28/626 654/28/630 655/58/631 651/58/627 
f 652/28/628 656/28/632 657/28/633 653/28/629 
f 654/28/630 658/28/634 659/58/635 655/58/631 
f 656/28/632 660/28/636 661/28/637 657/28/633 
f 658/28/634 662/28/638 663/58/639 659/58/635 
f 660/28/636 664/28/640 665/28/641 661/28/637 
f 662/28/638 666/28/642 667/58/643 663/58/639 
f 664/28/640 668/28/644 669/28/645 665/28/641 
f 666/28/642 670/28/646 671/58/647 667/58/643 
f 668/28/644 672/28/648 673/28/649 669/28/645 
f 670/28/646 674/28/650 675/58/651 671/58/647 
f 672/28/648 676/28/652 677/28/653 673/28/649 
f 674/28/650 678/28/654 679/58/655 675/58/651 
f 676/28/652 680/28/656 681/28/657 677/28/653 
f 682/50/658 679/58/655 683/58/659 684/50/660 
f 680/28/656 334/28/325 333/28/324 681/28/657 
f 684/50/660 683/58/659 336/58/327 335/50/326 
f 685/50/330 686/50/661 687/50/662 688/50/663 
f 689/50/330 690/50/331 686/50/661 685/50/330 
f 691/50/664 692/50/665 693/50/666 694/50/667 
f 695/50/668 696/50/669 692/50/665 691/50/664 
f 697/50/670 698/50/671 696/50/669 695/50/668 
f 699/50/672 700/50/673 698/50/671 697/50/670 
f 688/50/663 687/50/662 700/50/673 699/50/672 
f 613/28/589 622/58/598 614/151/590 
f 499/125/483 498/124/482 701/152/120 702/153/120 
f 588/19/564 587/19/563 583/104/559 586/104/562 
f 588/19/564 586/104/562 596/117/572 597/116/573 
f 597/19/573 596/107/572 602/107/578 603/19/579 
f 611/19/587 610/118/586 609/118/585 612/19/588 
f 703/19/674 704/19/675 354/18/343 353/18/342 
f 705/50/676 706/50/677 707/50/678 708/50/679 
f 709/50/680 710/50/681 706/50/677 705/50/676 
f 711/50/682 712/50/683 710/50/681 709/50/680 
f 712/50/683 711/50/682 713/50/684 714/50/685 
f 715/50/686 716/50/687 714/50/685 713/50/684 
f 717/50/688 718/50/689 716/50/687 715/50/686 
f 718/50/689 717/50/688 719/50/690 720/50/691 
f 721/50/692 722/50/693 720/50/691 719/50/690 
f 694/50/667 693/50/666 722/50/693 721/50/692 
f 380/48/367 379/48/367 519/17/367 518/17/126 
f 382/50/331 381/50/330 690/50/331 689/50/330 
f 723/5/694 656/5/632 652/7/628 724/7/695 
f 725/8/696 660/8/636 656/5/632 723/5/694 
f 724/7/695 652/7/628 648/36/624 726/36/697 
f 726/36/697 648/36/624 644/35/620 727/35/698 
f 727/35/698 644/35/620 640/34/616 728/34/699 
f 728/34/699 640/34/616 636/33/612 729/33/700 
f 729/33/700 636/33/612 632/32/608 730/32/701 
f 730/32/701 632/32/608 628/31/604 731/31/702 
f 731/31/702 628/31/604 623/30/599 732/30/703 
f 733/20/704 734/20/705 735/154/706 736/117/707 
f 737/14/708 672/14/648 668/12/644 738/12/709 
f 738/12/709 668/12/644 664/10/640 739/10/710 
f 739/10/710 664/10/640 660/8/636 725/8/696 
f 740/26/711 741/26/712 742/24/713 743/24/714 
f 743/24/714 742/24/713 744/22/715 745/22/716 
f 745/22/716 744/22/715 734/20/705 733/20/704 
f 746/28/717 741/28/712 747/30/718 748/30/719 
f 748/30/719 747/30/718 749/31/720 750/31/721 
f 750/31/721 749/31/720 751/32/722 752/32/723 
f 752/32/723 751/32/722 753/33/724 754/33/725 
f 754/33/725 753/33/724 755/34/726 756/34/727 
f 756/34/727 755/34/726 757/35/728 758/35/729 
f 758/35/729 757/35/728 759/36/730 760/36/731 
f 760/36/731 759/36/730 761/7/732 762/7/733 
f 762/7/733 761/7/732 763/5/734 764/5/735 
f 764/5/735 763/5/734 765/8/736 766/8/737 
f 766/8/737 765/8/736 767/10/738 768/10/739 
f 768/10/739 767/10/738 769/12/740 770/12/741 
f 770/12/741 769/12/740 771/14/742 772/14/743 
f 773/20/744 584/20/560 583/102/559 774/155/745 
f 734/20/705 773/20/744 774/155/745 735/154/706 
f 736/117/707 775/156/746 776/20/747 733/20/704 
f 746/26/717 589/26/565 592/24/568 777/24/748 
f 741/26/712 746/26/717 777/24/748 742/24/713 
f 743/24/714 778/24/749 779/26/750 740/26/711 
f 777/24/748 592/24/568 594/22/570 780/22/751 
f 742/24/713 777/24/748 780/22/751 744/22/715 
f 745/22/716 781/22/752 778/24/749 743/24/714 
f 780/22/751 594/22/570 584/20/560 773/20/744 
f 744/22/715 780/22/751 773/20/744 734/20/705 
f 733/20/704 776/20/747 781/22/752 745/22/716 
f 740/28/711 779/28/750 782/30/753 783/30/754 
f 741/28/712 740/28/711 783/30/754 747/30/718 
f 748/30/719 732/30/703 589/28/565 746/28/717 
f 783/30/754 782/30/753 784/31/755 785/31/756 
f 747/30/718 783/30/754 785/31/756 749/31/720 
f 750/31/721 731/31/702 732/30/703 748/30/719 
f 785/31/756 784/31/755 786/32/757 787/32/758 
f 749/31/720 785/31/756 787/32/758 751/32/722 
f 752/32/723 730/32/701 731/31/702 750/31/721 
f 787/32/758 786/32/757 788/33/759 789/33/760 
f 751/32/722 787/32/758 789/33/760 753/33/724 
f 754/33/725 729/33/700 730/32/701 752/32/723 
f 789/33/760 788/33/759 790/34/761 791/34/762 
f 753/33/724 789/33/760 791/34/762 755/34/726 
f 756/34/727 728/34/699 729/33/700 754/33/725 
f 791/34/762 790/34/761 792/35/763 793/35/764 
f 755/34/726 791/34/762 793/35/764 757/35/728 
f 758/35/729 727/35/698 728/34/699 756/34/727 
f 793/35/764 792/35/763 794/36/765 795/36/766 
f 757/35/728 793/35/764 795/36/766 759/36/730 
f 760/36/731 726/36/697 727/35/698 758/35/729 
f 795/36/766 794/36/765 796/7/767 797/7/768 
f 759/36/730 795/36/766 797/7/768 761/7/732 
f 762/7/733 724/7/695 726/36/697 760/36/731 
f 797/7/768 796/7/767 798/5/769 799/5/770 
f 761/7/732 797/7/768 799/5/770 763/5/734 
f 764/5/735 723/5/694 724/7/695 762/7/733 
f 799/5/770 798/5/769 800/8/771 801/8/772 
f 763/5/734 799/5/770 801/8/772 765/8/736 
f 766/8/737 725/8/696 723/5/694 764/5/735 
f 801/8/772 800/8/771 802/10/773 803/10/774 
f 765/8/736 801/8/772 803/10/774 767/10/738 
f 768/10/739 739/10/710 725/8/696 766/8/737 
f 803/10/774 802/10/773 804/12/775 805/12/776 
f 767/10/738 803/10/774 805/12/776 769/12/740 
f 770/12/741 738/12/709 739/10/710 768/10/739 
f 805/12/776 804/12/775 806/14/777 807/14/778 
f 769/12/740 805/12/776 807/14/778 771/14/742 
f 772/14/743 737/14/708 738/12/709 770/12/741 
f 623/30/599 590/28/566 589/28/565 732/30/703 
f 203/99/194 202/98/193 808/98/779 809/99/780 
f 202/98/193 204/100/195 810/100/781 808/98/779 
f 204/100/195 205/84/196 811/84/782 810/100/781 
f 205/84/196 206/82/197 812/82/783 811/84/782 
f 206/82/197 207/80/198 813/80/784 812/82/783 
f 207/80/198 208/3/199 814/3/785 813/80/784 
f 208/3/199 209/2/200 815/2/786 814/3/785 
f 209/2/200 210/65/201 816/65/787 815/2/786 
f 210/65/201 211/67/202 817/67/788 816/65/787 
f 211/67/202 212/69/203 818/69/789 817/67/788 
f 212/69/203 213/71/204 819/71/790 818/69/789 
f 213/71/204 214/73/205 820/73/791 819/71/790 
f 214/73/205 215/75/206 821/75/792 820/73/791 
f 215/75/206 216/78/207 822/78/793 821/75/792 
f 216/78/207 217/77/208 823/77/794 822/78/793 
f 217/77/208 218/101/209 824/101/795 823/77/794 
f 568/98/544 203/99/194 809/99/780 825/98/796 
f 569/100/545 568/98/544 825/98/796 826/100/797 
f 570/84/546 569/100/545 826/100/797 827/84/798 
f 571/82/547 570/84/546 827/84/798 828/82/799 
f 572/80/548 571/82/547 828/82/799 829/80/800 
f 573/3/549 572/80/548 829/80/800 830/3/801 
f 574/2/550 573/3/549 830/3/801 831/2/802 
f 575/65/551 574/2/550 831/2/802 832/65/803 
f 576/67/552 575/65/551 832/65/803 833/67/804 
f 577/69/553 576/67/552 833/67/804 834/69/805 
f 578/71/554 577/69/553 834/69/805 835/71/806 
f 579/73/555 578/71/554 835/71/806 836/73/807 
f 580/75/556 579/73/555 836/73/807 837/75/808 
f 581/78/557 580/75/556 837/75/808 838/78/809 
f 582/77/558 581/78/557 838/78/809 839/77/810 
f 218/101/209 582/77/558 839/77/810 824/101/795 
f 809/99/780 808/98/779 840/98/811 841/99/812 
f 808/98/779 810/100/781 842/100/813 840/98/811 
f 810/100/781 811/84/782 843/84/814 842/100/813 
f 811/84/782 812/82/783 844/82/815 843/84/814 
f 812/82/783 813/80/784 845/80/816 844/82/815 
f 813/80/784 814/3/785 846/3/817 845/80/816 
f 814/3/785 815/2/786 847/2/818 846/3/817 
f 815/2/786 816/65/787 848/65/819 847/2/818 
f 816/65/787 817/67/788 849/67/820 848/65/819 
f 817/67/788 818/69/789 850/69/821 849/67/820 
f 818/69/789 819/71/790 851/71/822 850/69/821 
f 819/71/790 820/73/791 852/73/823 851/71/822 
f 820/73/791 821/75/792 853/75/824 852/73/823 
f 821/75/792 822/78/793 854/78/825 853/75/824 
f 822/78/793 823/77/794 855/77/826 854/78/825 
f 823/77/794 824/101/795 856/101/827 855/77/826 
f 825/98/796 809/99/780 841/99/812 857/98/828 
f 826/100/797 825/98/796 857/98/828 858/100/829 
f 827/84/798 826/100/797 858/100/829 859/84/830 
f 828/82/799 827/84/798 859/84/830 860/82/831 
f 829/80/800 828/82/799 860/82/831 861/80/832 
f 830/3/801 829/80/800 861/80/832 862/3/833 
f 831/2/802 830/3/801 862/3/833 863/2/834 
f 832/65/803 831/2/802 863/2/834 864/65/835 
f 833/67/804 832/65/803 864/65/835 865/67/836 
f 834/69/805 833/67/804 865/67/836 866/69/837 
f 835/71/806 834/69/805 866/69/837 867/71/838 
f 836/73/807 835/71/806 867/71/838 868/73/839 
f 837/75/808 836/73/807 868/73/839 869/75/840 
f 838/78/809 837/75/808 869/75/840 870/78/841 
f 839/77/810 838/78/809 870/78/841 871/77/842 
f 824/101/795 839/77/810 871/77/842 856/101/827 
f 872/99/843 873/98/844 874/98/845 875/99/846 
f 873/98/844 876/100/847 877/100/848 874/98/845 
f 876/100/847 878/84/849 879/84/850 877/100/848 
f 878/84/849 880/82/851 881/82/852 879/84/850 
f 880/82/851 882/80/853 883/80/854 881/82/852 
f 882/80/853 884/3/855 885/3/856 883/80/854 
f 884/3/855 886/2/857 887/2/858 885/3/856 
f 886/2/857 888/65/859 889/65/860 887/2/858 
f 888/65/859 890/67/861 891/67/862 889/65/860 
f 890/67/861 892/69/863 893/69/864 891/67/862 
f 892/69/863 894/71/865 895/71/866 893/69/864 
f 894/71/865 896/73/867 897/73/868 895/71/866 
f 896/73/867 898/75/869 899/75/870 897/73/868 
f 898/75/869 900/78/871 901/78/872 899/75/870 
f 900/78/871 902/77/873 903/77/874 901/78/872 
f 902/77/873 904/101/875 905/101/876 903/77/874 
f 906/98/877 872/99/843 875/99/846 907/98/878 
f 908/100/879 906/98/877 907/98/878 909/100/880 
f 910/84/881 908/100/879 909/100/880 911/84/882 
f 912/82/883 910/84/881 911/84/882 913/82/884 
f 914/80/885 912/82/883 913/82/884 915/80/886 
f 916/3/887 914/80/885 915/80/886 917/3/888 
f 918/2/889 916/3/887 917/3/888 919/2/890 
f 920/65/891 918/2/889 919/2/890 921/65/892 
f 922/67/893 920/65/891 921/65/892 923/67/894 
f 924/69/895 922/67/893 923/67/894 925/69/896 
f 926/71/897 924/69/895 925/69/896 927/71/898 
f 928/73/899 926/71/897 927/71/898 929/73/900 
f 930/75/901 928/73/899 929/73/900 931/75/902 
f 932/78/903 930/75/901 931/75/902 933/78/904 
f 934/77/905 932/78/903 933/78/904 935/77/906 
f 904/101/875 934/77/905 935/77/906 905/101/876 
f 840/98/811 873/98/844 872/99/843 841/99/812 
f 842/100/813 876/100/847 873/98/844 840/98/811 
f 843/84/814 878/84/849 876/100/847 842/100/813 
f 844/82/815 880/82/851 878/84/849 843/84/814 
f 845/80/816 882/80/853 880/82/851 844/82/815 
f 846/3/817 884/3/855 882/80/853 845/80/816 
f 847/2/818 886/2/857 884/3/855 846/3/817 
f 848/65/819 888/65/859 886/2/857 847/2/818 
f 849/67/820 890/67/861 888/65/859 848/65/819 
f 850/69/821 892/69/863 890/67/861 849/67/820 
f 851/71/822 894/71/865 892/69/863 850/69/821 
f 852/73/823 896/73/867 894/71/865 851/71/822 
f 853/75/824 898/75/869 896/73/867 852/73/823 
f 854/78/825 900/78/871 898/75/869 853/75/824 
f 855/77/826 902/77/873 900/78/871 854/78/825 
f 856/101/827 904/101/875 902/77/873 855/77/826 
f 841/99/812 872/99/843 906/98/877 857/98/828 
f 857/98/828 906/98/877 908/100/879 858/100/829 
f 858/100/829 908/100/879 910/84/881 859/84/830 
f 859/84/830 910/84/881 912/82/883 860/82/831 
f 860/82/831 912/82/883 914/80/885 861/80/832 
f 861/80/832 914/80/885 916/3/887 862/3/833 
f 862/3/833 916/3/887 918/2/889 863/2/834 
f 863/2/834 918/2/889 920/65/891 864/65/835 
f 864/65/835 920/65/891 922/67/893 865/67/836 
f 865/67/836 922/67/893 924/69/895 866/69/837 
f 866/69/837 924/69/895 926/71/897 867/71/838 
f 867/71/838 926/71/897 928/73/899 868/73/839 
f 868/73/839 928/73/899 930/75/901 869/75/840 
f 869/75/840 930/75/901 932/78/903 870/78/841 
f 870/78/841 932/78/903 934/77/905 871/77/842 
f 871/77/842 934/77/905 904/101/875 856/101/827 
f 170/85/161 169/84/160 185/100/176 171/86/162 
f 171/86/162 185/100/176 181/98/172 174/89/165 
f 174/97/165 181/98/172 184/99/175 179/95/170 
f 179/95/170 184/99/175 538/98/514 534/97/510 
f 534/147/510 538/98/514 540/100/516 532/146/508 
f 532/146/508 540/100/516 542/84/518 530/145/506 
f 530/145/506 542/84/518 544/82/520 528/143/504 
f 528/143/504 544/82/520 546/80/522 526/141/502 
f 526/141/502 546/80/522 548/3/524 524/139/500 
f 524/139/500 548/3/524 550/2/526 936/157/907 
f 936/157/907 550/2/526 552/65/528 937/158/908 
f 937/158/908 552/65/528 554/67/530 938/159/909 
f 938/159/909 554/67/530 556/69/532 939/160/910 
f 939/160/910 556/69/532 558/71/534 940/70/911 
f 940/70/911 558/71/534 560/73/536 941/161/912 
f 941/161/912 560/73/536 562/75/538 942/162/913 
f 942/162/913 562/75/538 564/78/540 943/163/914 
f 943/163/914 564/78/540 566/77/542 522/76/498 
f 170/85/161 173/88/164 944/164/915 168/83/159 
f 168/83/159 944/164/915 945/165/916 166/81/157 
f 166/81/157 945/165/916 946/166/917 4/4/4 
f 4/4/4 946/166/917 947/167/918 1/1/1 
f 1/1/1 947/167/918 948/168/919 144/64/137 
f 144/64/137 948/168/919 949/135/920 146/66/139 
f 146/66/139 949/169/920 148/68/141 
f 148/68/141 949/170/920 150/70/143 
f 150/70/143 949/136/920 950/171/921 152/72/145 
f 152/72/145 950/171/921 159/74/150 
f 159/74/150 950/172/921 164/79/155 
f 164/79/155 950/173/921 156/17/149 161/76/152 
f 951/50/922 952/50/923 953/50/924 954/50/925 
f 955/50/926 951/50/922 954/50/925 956/50/927 
f 957/50/928 958/50/929 959/50/930 960/50/931 
f 961/50/932 957/50/928 960/50/931 962/50/933 
f 963/50/934 961/50/932 962/50/933 964/50/935 
f 965/50/936 963/50/934 964/50/935 966/50/937 
f 967/50/938 965/50/936 966/50/937 968/50/939 
f 969/50/940 967/50/938 968/50/939 970/50/941 
f 971/50/942 969/50/940 970/50/941 972/50/943 
f 973/50/944 971/50/942 972/50/943 974/50/945 
f 952/50/923 973/50/944 974/50/945 953/50/924 
f 975/118/946 976/174/947 977/175/948 978/118/949 
f 979/19/950 980/18/951 981/18/952 982/19/953 
f 983/19/954 984/176/955 985/177/956 986/19/952 
f 980/18/951 983/19/954 986/19/952 981/18/952 
f 987/118/957 988/178/958 989/178/959 990/118/960 
f 988/178/958 991/179/961 992/179/962 989/178/959 
f 993/50/660 994/50/963 995/50/964 996/50/965 
f 997/50/966 993/50/660 996/50/965 998/50/967 
f 999/50/326 997/50/966 998/50/967 1000/50/967 
f 994/50/963 1001/50/968 1002/50/969 995/50/964 
f 1003/50/970 1004/50/971 1005/50/972 1006/50/973 
f 1004/50/971 1007/50/974 1008/50/975 1005/50/972 
f 1009/50/976 1010/50/977 1011/50/978 1012/50/979 
f 1010/50/977 1003/50/970 1006/50/973 1011/50/978 
f 1007/50/974 999/50/326 1000/50/967 1008/50/975 
f 1013/50/980 1009/50/976 1012/50/979 1014/50/981 
f 1015/50/982 1016/50/983 1017/50/984 1018/50/985 
f 1019/50/986 955/50/926 1020/50/987 1021/50/988 
f 1001/50/968 1022/50/989 1002/50/969 
f 1023/50/990 975/118/946 1024/180/991 1025/50/992 
f 1026/50/993 1027/50/994 1028/50/995 
f 1029/118/996 1030/181/997 1031/182/998 1032/118/999 
f 1033/19/1000 1034/18/1001 1035/18/1002 1036/19/1003 
f 1037/19/1000 1038/183/1004 1039/184/1005 1040/19/1006 
f 1034/18/1001 1037/19/1000 1040/19/1006 1035/18/1002 
f 1041/118/1007 1042/178/1008 1043/178/1009 
f 1044/50/1010 1045/50/1011 1046/50/1012 1047/50/1013 
f 1048/50/1014 1044/50/1010 1047/50/1013 1049/50/1015 
f 1050/50/1016 1051/50/1017 1052/50/1018 1053/50/1019 
f 1054/50/1020 1050/50/1016 1053/50/1019 1055/50/1019 
f 1056/50/1021 1054/50/1020 1055/50/1019 1057/50/1012 
f 1058/50/1022 1056/50/1021 1057/50/1012 1059/50/1013 
f 1060/50/1023 1058/50/1022 1059/50/1013 1061/50/1012 
f 1062/50/1024 1060/50/1023 1061/50/1012 1063/50/1019 
f 1064/50/1025 1062/50/1024 1063/50/1019 1065/50/1012 
f 1066/50/1026 1064/50/1025 1065/50/1012 1067/50/1012 
f 1045/50/1011 1066/50/1026 1067/50/1012 1046/50/1012 
f 1068/50/1027 1069/50/1028 1070/50/1029 1071/50/1030 
f 1072/50/1031 1068/50/1027 1071/50/1030 1073/50/1032 
f 1074/50/1033 1072/50/1031 1073/50/1032 1075/50/1034 
f 1069/50/1028 1076/50/1035 1077/50/1036 1070/50/1029 
f 1078/50/1037 1079/50/1033 1080/50/1038 1081/50/1039 
f 1079/50/1033 1082/50/1040 1083/50/1041 1080/50/1038 
f 1084/50/1042 1085/50/1043 1086/50/1044 
f 1085/50/1043 1078/50/1037 1081/50/1039 1086/50/1044 
f 1082/50/1040 1074/50/1033 1075/50/1034 1083/50/1041 
f 1087/50/1045 1084/50/1042 1086/50/1044 
f 1088/50/1046 1089/50/1047 1090/50/1048 1091/50/1049 
f 1076/50/1035 1092/50/1050 1093/50/1051 1077/50/1036 
f 1094/50/1052 1095/185/1053 1096/185/1054 1097/50/1055 
f 1098/50/1056 1099/50/1057 1100/50/1058 1101/50/1059 
f 1102/50/1060 1103/50/1061 1104/50/1062 1105/50/1063 
f 1105/50/1063 1104/50/1062 1106/50/1064 1107/50/1065 
f 1108/50/1066 1109/50/1067 1110/50/1068 1111/50/1069 
f 1112/50/1070 1113/50/1071 1114/50/1072 1115/50/1073 
f 1115/50/1073 1114/50/1072 1116/50/1074 1117/50/1075 
f 1117/50/1075 1116/50/1074 1118/50/1076 1119/50/1077 
f 1119/50/1077 1118/50/1076 1120/50/1078 1121/50/1079 
f 1121/50/1079 1120/50/1078 1122/50/1080 1123/50/1081 
f 1123/50/1081 1122/50/1080 1124/50/1082 1125/50/1083 
f 1125/50/1083 1124/50/1082 1126/50/1084 1127/50/1085 
f 1127/50/1085 1126/50/1084 1103/50/1061 1102/50/1060 
f 1128/19/1086 1129/19/1087 1130/181/1088 1131/186/1089 
f 1132/18/1090 1133/18/1091 1129/19/1087 1128/19/1086 
f 1134/118/1092 1135/118/1093 1136/183/1094 1137/177/1095 
f 1138/19/1096 1139/19/1097 1133/18/1091 1132/18/1090 
f 1140/178/1098 1141/178/1099 1135/118/1093 1134/118/1092 
f 1142/50/1100 1143/50/1101 1144/179/1102 1145/179/1103 
f 1146/50/1104 1147/50/1105 1148/50/1106 1149/50/1107 
f 1149/50/1107 1148/50/1106 1150/50/1108 1151/50/1109 
f 1151/50/1109 1150/50/1108 1152/50/1110 1153/50/1111 
f 1154/50/1112 1155/50/1113 1147/50/1105 1146/50/1104 
f 1156/50/1114 1157/50/1115 1158/50/1116 1159/50/1117 
f 1160/50/1107 1161/50/1118 1157/50/1115 1156/50/1114 
f 1162/50/1119 1163/50/1120 1164/50/1121 1165/50/1122 
f 1159/50/1117 1158/50/1116 1163/50/1120 1162/50/1119 
f 1153/50/1111 1152/50/1110 1161/50/1118 1160/50/1107 
f 1165/50/1122 1164/50/1121 1166/50/1123 1167/50/1124 
f 1167/50/1124 1166/50/1123 1168/50/1125 1169/50/1126 
f 1107/50/1065 1106/50/1064 1170/50/1127 1171/50/1128 
f 1172/50/1129 1173/50/1130 1174/50/1131 1175/50/1132 
f 1176/118/1133 1177/118/1134 1178/185/1135 1179/185/1136 
f 1180/50/1137 1181/50/1138 1182/50/1139 1183/50/1140 
f 1097/50/1055 1096/185/1054 1184/185/1141 1185/50/1142 
f 1101/50/1059 1100/50/1058 1186/50/1143 1187/50/1144 
f 1188/50/1145 1189/185/1146 1190/185/1147 1191/50/1148 
f 1192/50/1149 1193/50/1150 1194/50/1151 1195/50/1152 
f 1196/50/1153 1197/185/1154 1198/118/1155 
f 1199/118/1156 1200/118/1157 1201/118/1158 1202/118/1159 
f 1203/118/1160 1204/118/1161 1205/118/1162 1206/118/1163 
f 1207/118/1164 1208/118/1165 1209/118/1166 1210/118/1164 
f 1211/118/1167 1212/118/1168 1213/118/1169 1214/118/1170 
f 1210/118/1164 1209/118/1166 1215/118/1171 1216/118/1172 
f 1214/118/1170 1213/118/1169 1217/118/1173 1218/118/1174 
f 1216/118/1172 1215/118/1171 1219/118/1175 1220/118/1176 
f 1218/118/1174 1217/118/1173 1221/118/1177 1222/118/1178 
f 1101/50/1059 1187/50/1144 1223/50/1179 1052/50/1018 
f 1192/50/1149 1195/50/1152 1224/50/1180 1225/50/1181 
f 1053/50/1019 1226/50/1182 1227/50/1183 1055/50/1019 
f 1228/50/1184 1229/50/1185 1230/50/1186 1231/50/1187 
f 1055/50/1019 1227/50/1183 1232/50/1183 1057/50/1012 
f 1231/50/1187 1230/50/1186 1233/50/1186 1234/50/1188 
f 1057/50/1012 1232/50/1183 1235/50/1189 1059/50/1013 
f 1234/50/1188 1233/50/1186 1236/50/1186 1237/50/1190 
f 1059/50/1013 1235/50/1189 1238/50/1191 1061/50/1012 
f 1237/50/1190 1236/50/1186 1239/50/1185 1240/50/1187 
f 1061/50/1012 1238/50/1191 1241/50/1191 1063/50/1019 
f 1240/50/1187 1239/50/1185 1242/50/1192 1243/50/1188 
f 1063/50/1019 1241/50/1191 1244/50/1183 1065/50/1012 
f 1243/50/1188 1242/50/1192 1245/50/1186 1246/50/1190 
f 1065/50/1012 1244/50/1183 1247/50/1183 1067/50/1012 
f 1246/50/1190 1245/50/1186 1248/50/1186 1249/50/1187 
f 1067/50/1012 1247/50/1183 1250/50/1191 1046/50/1012 
f 1249/50/1187 1248/50/1186 1251/50/1192 1252/50/1184 
f 1046/50/1012 1250/50/1191 1253/50/1193 1047/50/1013 
f 1252/50/1184 1251/50/1192 1254/50/1185 1255/50/1188 
f 1047/50/1013 1253/50/1193 1256/50/1194 1049/50/1015 
f 1255/50/1188 1254/50/1185 1257/50/1195 1258/50/1196 
f 1049/50/1015 1256/50/1194 1259/50/1197 1090/50/1048 
f 1258/50/1196 1257/50/1195 1260/50/1198 1261/50/1199 
f 1091/50/1049 1262/50/1200 1263/50/1201 1093/50/1051 
f 1264/50/1202 1265/50/1203 1266/50/1204 1267/50/1205 
f 1268/50/1206 1269/50/1207 1270/50/1208 
f 1077/50/1036 1271/50/1209 1272/50/1210 1070/50/1029 
f 1273/50/1211 1274/50/1212 1275/50/1213 1276/50/1214 
f 1070/50/1029 1272/50/1210 1277/50/1215 1071/50/1030 
f 1276/50/1214 1275/50/1213 1278/50/1213 1279/50/1216 
f 1071/50/1030 1277/50/1215 1280/50/1215 1073/50/1032 
f 1279/50/1216 1278/50/1213 1281/50/1213 1282/50/1217 
f 1073/50/1032 1280/50/1215 1283/50/1215 1075/50/1034 
f 1282/50/1217 1281/50/1213 1284/50/1213 1285/50/1218 
f 1075/50/1034 1283/50/1215 1286/50/1219 1083/50/1041 
f 1285/50/1218 1284/50/1213 1287/50/1220 1288/50/1221 
f 1083/50/1041 1286/50/1219 1289/50/1219 1080/50/1038 
f 1288/50/1221 1287/50/1220 1290/50/1213 1291/50/1222 
f 1080/50/1038 1289/50/1219 1292/50/1223 1081/50/1039 
f 1291/50/1222 1290/50/1213 1293/50/1224 1294/50/1225 
f 1081/50/1039 1292/50/1223 1295/50/1226 1086/50/1044 
f 1294/50/1225 1293/50/1224 1296/50/1227 1297/50/1228 
f 955/50/926 956/50/927 1020/50/987 
f 1089/50/1047 1048/50/1014 1049/50/1015 1090/50/1048 
f 1089/50/1047 1088/50/1046 1173/50/1130 1170/50/1127 
f 1261/50/1199 1264/50/1202 1262/50/1200 1259/50/1197 
f 1269/50/1207 1268/50/1206 1265/50/1203 1260/50/1198 
f 1001/50/968 1019/50/986 1021/50/988 1022/50/989 
f 1092/50/1050 1088/50/1046 1091/50/1049 1093/50/1051 
f 1092/50/1050 1076/50/1035 1155/50/1113 1174/50/1131 
f 1267/50/1205 1273/50/1211 1271/50/1209 1263/50/1201 
f 1298/50/1229 1299/50/1230 1274/50/1212 1266/50/1204 
f 350/50/339 349/50/338 352/50/341 351/50/340 
f 975/118/946 978/118/949 1024/180/991 
f 1026/50/993 1023/50/990 1025/50/992 1027/50/994 
f 1095/185/1053 1029/118/996 1032/118/999 1096/185/1054 
f 1099/50/1057 1094/50/1052 1097/50/1055 1100/50/1058 
f 1095/185/1053 1094/50/1052 1181/50/1138 1178/185/1135 
f 1099/50/1057 1098/50/1056 1109/50/1067 1182/50/1139 
f 1096/185/1054 1032/118/999 1200/118/1157 1184/185/1141 
f 1100/50/1058 1097/50/1055 1185/50/1142 1186/50/1143 
f 1189/185/1146 1199/118/1156 1204/118/1161 1190/185/1147 
f 1193/50/1150 1188/50/1145 1191/50/1148 1194/50/1151 
f 359/50/347 1300/50/1231 1301/50/1232 360/50/348 
f 1302/50/1233 1303/50/1234 1304/50/1235 1305/50/1236 
f 1015/50/982 1018/50/985 1306/50/1237 1307/50/1238 
f 1308/50/1239 1309/50/1240 1310/50/1241 1311/50/1242 
f 1312/50/1243 1313/50/1244 1314/50/1245 1315/50/1246 
f 1086/50/1044 1295/50/1226 1311/50/1242 
f 1308/50/1239 1297/50/1228 1296/50/1227 1315/50/1246 
f 1309/31/1240 1314/187/1245 1316/59/1247 1317/50/1248 
f 1086/31/1044 1310/31/1241 1318/188/1249 1087/102/1045 
f 1319/118/1250 1320/118/1251 1321/118/1252 1322/118/1253 
f 1323/118/1254 1324/118/1255 1325/118/1256 1326/118/1257 
f 1043/118/1009 1327/118/1258 1321/118/1252 
f 1322/118/1253 1328/118/1259 1329/118/1260 1325/118/1256 
f 1142/50/1100 1330/50/1261 1331/50/1262 1332/50/1263 
f 1333/50/1264 1143/50/1101 1334/50/1265 1335/50/1266 
f 1328/28/1259 1327/189/1258 1336/50/1267 1333/50/1264 
f 1337/31/1268 1329/30/1260 1335/190/1266 1338/32/1269 
f 1339/50/1270 1340/50/1271 1341/50/1272 1342/50/1273 
f 1343/50/1274 1344/50/1275 1345/50/1276 1346/50/1277 
f 1344/50/1275 1339/50/1270 1342/50/1273 1345/50/1276 
f 1347/50/1278 1015/50/982 1307/50/1238 1348/50/1279 
f 1349/50/1280 1347/50/1278 1348/50/1279 1350/50/1281 
f 1351/50/1282 1349/50/1280 1350/50/1281 1352/50/1283 
f 1353/50/1284 1354/50/1285 1355/50/1286 1356/50/1287 
f 1354/50/1285 1351/50/1282 1352/50/1283 1355/50/1286 
f 1340/50/1271 1357/50/1288 1358/50/1289 1341/50/1272 
f 1359/50/1290 1360/50/1291 1361/50/1292 1362/50/1293 
f 1360/50/1291 1363/50/1294 1364/50/1295 1361/50/1292 
f 1363/50/1294 1365/50/1296 1366/50/1297 1364/50/1295 
f 1365/50/1296 1367/50/1298 1368/50/1299 1366/50/1297 
f 1367/50/1298 1369/50/1300 1370/50/1301 1368/50/1299 
f 1369/50/1300 1371/50/1302 1372/50/1303 1370/50/1301 
f 1371/50/1302 1373/50/1304 1374/50/1305 1372/50/1303 
f 1373/50/1304 1353/50/1284 1356/50/1287 1374/50/1305 
f 1375/50/1306 1376/50/1307 1377/50/1308 1378/50/1309 
f 1379/50/1310 1380/50/1311 1381/50/1312 1382/50/1313 
f 1383/50/1314 1375/50/1306 1378/50/1309 1384/50/1308 
f 1385/50/1315 1386/50/1316 1387/50/1317 1388/50/1318 
f 1389/50/1319 1385/50/1315 1388/50/1318 1390/50/1320 
f 1391/50/1321 1389/50/1319 1390/50/1320 1392/50/1322 
f 1393/50/1323 1394/50/1324 1395/50/1325 1396/50/1326 
f 1394/50/1324 1391/50/1321 1392/50/1322 1395/50/1325 
f 1376/50/1307 1397/50/1327 1398/50/1328 1377/50/1308 
f 1399/50/1329 1400/50/1330 1401/50/1331 1402/50/1332 
f 1400/50/1330 1403/50/1333 1404/50/1334 1401/50/1331 
f 1403/50/1333 1405/50/1335 1406/50/1336 1404/50/1334 
f 1405/50/1335 1407/50/1337 1408/50/1338 1406/50/1336 
f 1407/50/1337 1409/50/1339 1410/50/1340 1408/50/1338 
f 1409/50/1339 1411/50/1341 1412/50/1342 1410/50/1340 
f 1411/50/1341 1413/50/1343 1414/50/1344 1412/50/1342 
f 1413/50/1343 1393/50/1323 1396/50/1326 1414/50/1344 
f 1415/50/1345 1416/50/1346 1417/50/1347 1418/50/1347 
f 1419/50/1348 1420/50/1349 1421/50/1350 1422/50/1351 
f 1423/50/1352 1415/50/1345 1418/50/1347 1424/50/1353 
f 1425/50/1354 1426/50/1355 1427/50/1356 1428/50/1357 
f 1429/50/1358 1425/50/1354 1428/50/1357 1430/50/1359 
f 1431/50/1360 1429/50/1358 1430/50/1359 1432/50/1361 
f 1433/50/1362 1434/50/1363 1435/50/1364 1436/50/1365 
f 1434/50/1363 1431/50/1360 1432/50/1361 1435/50/1364 
f 1416/50/1346 1437/50/1366 1438/50/1367 1417/50/1347 
f 1439/50/1368 1440/50/1369 1441/50/1370 1442/50/1371 
f 1440/50/1369 1443/50/1372 1444/50/1373 1441/50/1370 
f 1443/50/1372 1445/50/1374 1446/50/1375 1444/50/1373 
f 1445/50/1374 1447/50/1376 1448/50/1377 1446/50/1375 
f 1447/50/1376 1449/50/1378 1450/50/1379 1448/50/1377 
f 1449/50/1378 1451/50/1380 1452/50/1381 1450/50/1379 
f 1451/50/1380 1453/50/1382 1454/50/1383 1452/50/1381 
f 1453/50/1382 1433/50/1362 1436/50/1365 1454/50/1383 
f 1455/50/1384 1196/50/1153 1198/50/1155 
f 1298/50/1229 1268/50/1206 1270/50/1208 
f 1456/50/1385 1457/50/1024 1458/50/1386 1459/50/1386 
f 1460/50/1387 1456/50/1385 1459/50/1386 1461/50/1388 
f 1462/50/1389 1460/50/1387 1461/50/1388 1463/50/1390 
f 1464/50/1022 1465/50/1024 1466/50/1386 1467/50/1391 
f 1468/50/1392 1469/50/1393 1470/50/1391 1471/50/1394 
f 1472/50/1022 1464/50/1022 1467/50/1391 1473/50/1391 
f 1474/50/1395 1475/50/1396 1476/50/1397 1477/50/1391 
f 1475/50/1396 1462/50/1389 1463/50/1390 1476/50/1397 
f 1465/50/1024 1478/50/1398 1479/50/1386 1466/50/1386 
f 1480/50/1399 1481/50/1400 1482/50/1386 1483/50/1386 
f 1481/50/1400 1484/50/1401 1485/50/1386 1482/50/1386 
f 1484/50/1401 1486/50/1402 1487/50/1386 1485/50/1386 
f 1486/50/1402 1488/50/1402 1489/50/1391 1487/50/1386 
f 1488/50/1402 1490/50/1403 1491/50/1391 1489/50/1391 
f 1490/50/1403 1492/50/1404 1493/50/1391 1491/50/1391 
f 1492/50/1404 1494/50/1405 1495/50/1391 1493/50/1391 
f 1494/50/1405 1474/50/1395 1477/50/1391 1495/50/1391 
f 172/87/163 88/32/88 90/33/90 173/88/164 
f 175/90/166 85/31/85 88/32/88 172/87/163 
f 175/90/166 174/191/165 176/91/167 
f 176/91/167 174/192/165 177/92/168 
f 177/93/168 174/193/165 178/94/169 
f 180/96/171 69/18/69 68/19/68 178/94/169 
f 385/120/370 524/139/500 936/157/907 386/121/371 
f 386/121/371 936/157/907 937/158/908 514/134/494 
f 514/134/494 937/158/908 938/159/909 515/135/495 
f 515/169/495 938/159/909 939/160/910 
f 515/170/495 939/160/910 940/70/911 
f 385/120/370 384/36/369 470/35/455 525/140/501 
f 525/140/501 470/35/455 468/34/453 527/142/503 
f 527/142/503 468/34/453 466/33/451 529/144/505 
f 529/144/505 466/33/451 464/32/449 531/87/507 
f 531/87/507 464/32/449 461/31/446 533/90/509 
f 535/148/511 534/194/510 533/90/509 
f 536/92/512 534/195/510 535/148/511 
f 537/94/513 534/196/510 536/93/512 
f 537/94/513 446/19/431 69/18/69 180/96/171 
f 173/88/164 90/33/90 92/34/92 944/164/915 
f 944/164/915 92/34/92 94/35/94 945/165/916 
f 945/165/916 94/35/94 96/36/96 946/166/917 
f 946/166/917 96/36/96 1496/7/1406 947/167/918 
f 947/167/918 1496/7/1406 62/47/62 948/168/919 
f 948/168/919 62/47/62 61/16/61 949/135/920 
f 515/136/495 940/70/911 941/161/912 517/137/497 
f 517/137/497 941/161/912 942/162/913 
f 517/197/497 942/162/913 943/163/914 
f 517/138/497 943/163/914 522/76/498 
f 949/136/920 61/16/61 156/17/149 950/171/921 
f 1497/7/1407 301/7/292 305/5/296 1498/5/1408 
f 1499/7/1409 1497/7/1407 1498/5/1408 1500/5/1410 
f 100/7/100 1499/7/1409 1500/5/1410 101/5/101 
f 1501/5/1411 1502/5/1412 1503/7/1413 1504/7/1414 
f 102/5/102 1505/5/1415 1506/7/1416 99/7/99 
f 1498/5/1408 305/5/296 309/8/300 1507/8/1417 
f 1500/5/1410 1498/5/1408 1507/8/1417 1508/8/1418 
f 101/5/101 1500/5/1410 1508/8/1418 103/8/103 
f 1509/8/1419 1510/8/1420 1502/5/1412 1501/5/1411 
f 104/8/104 1511/8/1421 1505/5/1415 102/5/102 
f 1512/36/1422 297/36/288 301/7/292 1497/7/1407 
f 1513/36/1423 1512/36/1422 1497/7/1407 1499/7/1409 
f 106/36/106 1513/36/1423 1499/7/1409 100/7/100 
f 1504/7/1414 1503/7/1413 1514/36/1424 1515/36/1425 
f 99/7/99 1506/7/1416 1516/36/1426 105/36/105 
f 1517/35/1427 293/35/284 297/36/288 1512/36/1422 
f 1518/35/108 1517/35/1427 1512/36/1422 1513/36/1423 
f 108/35/108 1518/35/108 1513/36/1423 106/36/106 
f 1515/36/1425 1514/36/1424 1519/35/107 1520/35/107 
f 105/36/105 1516/36/1426 1521/35/1428 107/35/107 
f 1522/34/1429 289/34/280 293/35/284 1517/35/1427 
f 1523/34/1430 1522/34/1429 1517/35/1427 1518/35/108 
f 110/34/109 1523/34/1430 1518/35/108 108/35/108 
f 1520/35/107 1519/35/107 1524/34/1431 1525/34/1432 
f 107/35/107 1521/35/1428 1526/34/1433 109/34/109 
f 1527/33/1434 285/33/276 289/34/280 1522/34/1429 
f 1528/33/1434 1527/33/1434 1522/34/1429 1523/34/1430 
f 112/33/110 1528/33/1434 1523/34/1430 110/34/109 
f 1525/34/1432 1524/34/1431 1529/33/1435 1530/33/1436 
f 109/34/109 1526/34/1433 1531/33/110 111/33/110 
f 1532/32/1437 281/32/272 285/33/276 1527/33/1434 
f 1533/32/1438 1532/32/1437 1527/33/1434 1528/33/1434 
f 114/32/112 1533/32/1438 1528/33/1434 112/33/110 
f 1530/33/1436 1529/33/1435 1534/32/1439 1535/32/1440 
f 111/33/110 1531/33/110 1536/32/1441 113/32/111 
f 1537/31/1442 277/31/268 281/32/272 1532/32/1437 
f 1538/31/1443 1537/31/1442 1532/32/1437 1533/32/1438 
f 116/31/114 1538/31/1443 1533/32/1438 114/32/112 
f 1535/32/1440 1534/32/1439 1539/31/1444 1540/31/1445 
f 113/32/111 1536/32/1441 1541/31/1446 115/31/113 
f 1542/30/1447 273/30/264 277/31/268 1537/31/1442 
f 1543/30/1448 1542/30/1447 1537/31/1442 1538/31/1443 
f 118/30/116 1543/30/1448 1538/31/1443 116/31/114 
f 1540/31/1445 1539/31/1444 1544/30/1449 1545/30/1450 
f 115/31/113 1541/31/1446 121/30/119 117/30/115 
f 1546/198/120 219/102/210 222/20/213 1547/20/1451 
f 1548/199/120 1546/198/120 1547/20/1451 1549/20/1452 
f 123/61/121 1548/199/120 1549/20/1452 124/20/122 
f 1550/20/1453 1551/20/1454 1552/200/120 1553/201/120 
f 1554/18/120 223/18/214 226/19/217 1555/19/120 
f 1556/18/121 1554/18/120 1555/19/120 1557/19/121 
f 127/18/120 1556/18/121 1557/19/121 128/19/121 
f 1558/19/121 1559/19/121 1560/18/120 1561/18/120 
f 1562/202/1455 321/14/312 325/16/316 1563/16/126 
f 1564/203/1456 1562/202/1455 1563/16/126 1565/16/126 
f 131/63/125 1564/203/1456 1565/16/126 132/16/126 
f 1566/16/126 1567/16/126 1568/204/1457 1569/205/1458 
f 133/16/126 1570/16/126 1571/206/1459 130/62/124 
f 1572/12/1460 317/12/308 321/14/312 1562/14/1455 
f 1573/12/1461 1572/12/1460 1562/14/1455 1564/14/1456 
f 135/12/128 1573/12/1461 1564/14/1456 131/14/125 
f 1569/14/1458 1568/14/1457 1574/12/1462 1575/12/1463 
f 130/14/124 1571/14/1459 1576/12/1464 134/12/127 
f 1577/10/1465 313/10/304 317/12/308 1572/12/1460 
f 1578/10/1466 1577/10/1465 1572/12/1460 1573/12/1461 
f 137/10/130 1578/10/1466 1573/12/1461 135/12/128 
f 1575/12/1463 1574/12/1462 1579/10/1467 1580/10/1468 
f 134/12/127 1576/12/1464 1581/10/1469 136/10/129 
f 1507/8/1417 309/8/300 313/10/304 1577/10/1465 
f 1508/8/1418 1507/8/1417 1577/10/1465 1578/10/1466 
f 103/8/103 1508/8/1418 1578/10/1466 137/10/130 
f 1580/10/1468 1579/10/1467 1510/8/1420 1509/8/1419 
f 136/10/129 1581/10/1469 1511/8/1421 104/8/104 
f 1582/26/1470 228/26/219 227/28/218 1583/28/1471 
f 1584/26/1472 1582/26/1470 1583/28/1471 1585/28/1473 
f 139/26/132 1584/26/1472 1585/28/1473 120/28/118 
f 1586/28/1474 1587/28/1475 1588/26/1476 1589/26/1477 
f 1590/24/1478 231/24/222 228/26/219 1582/26/1470 
f 1591/24/1479 1590/24/1478 1582/26/1470 1584/26/1472 
f 141/24/134 1591/24/1479 1584/26/1472 139/26/132 
f 1589/26/1477 1588/26/1476 1592/24/1480 1593/24/1481 
f 1594/22/1482 233/22/224 231/24/222 1590/24/1478 
f 1595/22/1483 1594/22/1482 1590/24/1478 1591/24/1479 
f 143/22/136 1595/22/1483 1591/24/1479 141/24/134 
f 1593/24/1481 1592/24/1480 1596/22/1484 1597/22/1485 
f 1547/20/1451 222/20/213 233/22/224 1594/22/1482 
f 1549/20/1452 1547/20/1451 1594/22/1482 1595/22/1483 
f 124/20/122 1549/20/1452 1595/22/1483 143/22/136 
f 1597/22/1485 1596/22/1484 1551/20/1454 1550/20/1453 
f 1563/16/126 325/16/316 329/17/320 1598/17/126 
f 1565/16/126 1563/16/126 1598/17/126 1599/17/126 
f 132/16/126 1565/16/126 1599/17/126 157/17/126 
f 1600/17/367 1601/17/126 1567/16/126 1566/16/126 
f 158/17/126 1602/17/367 1570/16/126 133/16/126 
f 1555/207/120 226/19/217 219/102/210 1546/198/120 
f 1557/208/121 1555/207/120 1546/198/120 1548/199/120 
f 128/115/121 1557/208/121 1548/199/120 123/61/121 
f 1553/201/120 1552/200/120 1559/153/121 1558/152/121 
f 1598/17/126 329/17/320 334/48/325 1603/48/367 
f 1599/17/126 1598/17/126 1603/48/367 1604/48/367 
f 157/17/126 1599/17/126 1604/48/367 379/48/367 
f 1605/48/367 1606/48/367 1601/17/126 1600/17/367 
f 380/48/367 1607/48/367 1602/17/367 158/17/126 
f 1608/19/121 587/19/563 223/18/214 1554/18/120 
f 1609/19/120 1608/19/121 1554/18/120 1556/18/121 
f 501/19/121 1609/19/120 1556/18/121 127/18/120 
f 1561/18/120 1560/18/120 702/19/120 701/19/120 
f 1610/17/367 680/17/656 676/16/652 1611/16/367 
f 1612/17/367 1610/17/367 1611/16/367 1613/16/367 
f 519/17/367 1612/17/367 1613/16/367 520/16/367 
f 503/16/367 502/16/367 1614/17/126 1615/17/126 
f 521/16/126 1616/16/367 1617/17/126 518/17/126 
f 1603/48/367 334/48/325 680/17/656 1610/17/367 
f 1604/48/367 1603/48/367 1610/17/367 1612/17/367 
f 379/48/367 1604/48/367 1612/17/367 519/17/367 
f 1615/17/126 1614/17/126 1606/48/367 1605/48/367 
f 518/17/126 1617/17/126 1607/48/367 380/48/367 
f 230/28/221 268/113/259 273/30/264 1542/30/1447 
f 227/28/218 230/28/221 1542/30/1447 1543/30/1448 
f 1583/28/1471 227/28/218 1543/30/1448 118/30/116 
f 774/155/745 583/102/559 587/19/563 1608/207/121 
f 735/154/706 774/155/745 1608/207/121 1609/208/120 
f 736/117/707 735/154/706 1609/208/120 501/115/121 
f 775/156/746 736/117/707 501/115/121 500/114/121 
f 623/30/599 619/113/595 598/28/574 590/28/566 
f 1611/16/367 676/16/652 672/14/648 737/209/708 
f 1613/16/367 1611/16/367 737/209/708 772/210/743 
f 520/16/367 1613/16/367 772/210/743 771/211/742 
f 521/16/126 520/16/367 771/211/742 807/212/778 
f 1616/16/367 521/16/126 807/212/778 806/213/777 
f 1585/28/1473 1583/28/1471 118/30/116 117/30/115 
f 1545/30/1450 1544/30/1449 1587/28/1475 1586/28/1474 
f 120/28/118 1585/28/1473 117/30/115 
f 338/50/329 994/50/963 993/50/660 339/50/330 
f 340/50/331 330/50/321 1618/50/1486 337/50/328 
f 339/50/330 993/50/660 997/50/966 341/50/330 
f 342/50/330 331/50/322 330/50/321 340/50/331 
f 344/50/333 952/50/923 951/50/922 345/50/334 
f 346/50/335 1619/50/1487 1620/50/1488 343/50/332 
f 345/50/334 951/50/922 955/50/926 347/50/336 
f 348/50/337 1621/50/1489 1619/50/1487 346/50/335 
f 347/50/336 955/50/926 1019/50/986 349/50/338 
f 350/50/339 1622/50/1490 1621/50/1489 348/50/337 
f 352/50/341 1001/50/968 994/50/963 338/50/329 
f 337/50/328 1618/50/1486 1623/50/1491 351/50/340 
f 355/19/344 979/19/950 976/174/947 1624/214/1492 
f 354/18/343 980/18/951 979/19/950 355/19/344 
f 356/19/342 1625/19/1493 1626/18/1494 353/18/342 
f 358/118/346 975/118/946 1023/50/990 359/50/347 
f 1300/50/1231 1026/50/993 958/50/929 362/50/350 
f 364/50/352 1627/50/1495 1628/50/1496 361/50/349 
f 363/50/351 957/50/928 961/50/932 365/50/353 
f 366/50/354 1629/50/1497 1627/50/1495 364/50/352 
f 365/50/353 961/50/932 963/50/934 367/50/355 
f 368/50/356 1630/50/1498 1629/50/1497 366/50/354 
f 370/50/358 1631/50/1499 1630/50/1498 368/50/356 
f 367/50/355 963/50/934 965/50/936 369/50/357 
f 369/50/357 965/50/936 967/50/938 371/50/359 
f 372/50/360 1632/50/1500 1631/50/1499 370/50/358 
f 371/50/359 967/50/938 969/50/940 373/50/361 
f 374/50/362 1633/50/1501 1632/50/1500 372/50/360 
f 376/50/364 1634/50/1502 1633/50/1501 374/50/362 
f 373/50/361 969/50/940 971/50/942 375/50/363 
f 375/50/363 971/50/942 973/50/944 377/50/365 
f 378/50/366 1635/50/1503 1634/50/1502 376/50/364 
f 377/50/365 973/50/944 952/50/923 344/50/333 
f 343/50/332 1620/50/1488 1635/50/1503 378/50/366 
f 341/50/330 997/50/966 999/50/326 381/50/330 
f 382/50/331 335/50/326 331/50/322 342/50/330 
f 686/50/661 1004/50/971 1003/50/970 687/50/662 
f 688/50/663 1636/50/1504 682/50/658 685/50/330 
f 690/50/331 1007/50/974 1004/50/971 686/50/661 
f 685/50/330 682/50/658 684/50/660 689/50/330 
f 692/50/665 1354/50/1285 1353/50/1284 693/50/666 
f 694/50/667 1637/50/1505 1638/50/1506 691/50/664 
f 696/50/669 1351/50/1282 1354/50/1285 692/50/665 
f 691/50/664 1638/50/1506 1639/50/1507 695/50/668 
f 698/50/671 1015/50/982 1347/50/1278 696/50/669 
f 695/50/668 1639/50/1507 1640/50/1508 697/50/670 
f 700/50/673 1010/50/977 1009/50/976 698/50/671 
f 697/50/670 1640/50/1508 1641/50/1509 699/50/672 
f 687/50/662 1003/50/970 1010/50/977 700/50/673 
f 699/50/672 1641/50/1509 1636/50/1504 688/50/663 
f 1642/118/1510 987/118/957 984/176/955 1643/215/1511 
f 703/19/674 1644/19/1512 1645/118/1513 1646/216/1514 
f 704/19/675 983/19/954 980/18/951 354/18/343 
f 353/18/342 1626/18/1494 1644/19/1512 703/19/674 
f 1642/50/1510 988/178/958 987/118/957 
f 1647/50/1515 1340/50/1271 1339/50/1270 
f 706/50/677 1359/50/1290 1357/50/1288 707/50/678 
f 708/50/679 1648/50/1516 1649/50/1517 705/50/676 
f 710/50/681 1360/50/1291 1359/50/1290 706/50/677 
f 705/50/676 1649/50/1517 1650/50/1518 709/50/680 
f 712/50/683 1363/50/1294 1360/50/1291 710/50/681 
f 709/50/680 1650/50/1518 1651/50/1519 711/50/682 
f 711/50/682 1651/50/1519 1652/50/1520 713/50/684 
f 714/50/685 1365/50/1296 1363/50/1294 712/50/683 
f 716/50/687 1367/50/1298 1365/50/1296 714/50/685 
f 713/50/684 1652/50/1520 1653/50/1521 715/50/686 
f 718/50/689 1369/50/1300 1367/50/1298 716/50/687 
f 715/50/686 1653/50/1521 1654/50/1522 717/50/688 
f 717/50/688 1654/50/1522 1655/50/1523 719/50/690 
f 720/50/691 1371/50/1302 1369/50/1300 718/50/689 
f 722/50/693 1373/50/1304 1371/50/1302 720/50/691 
f 719/50/690 1655/50/1523 1656/50/1524 721/50/692 
f 693/50/666 1353/50/1284 1373/50/1304 722/50/693 
f 721/50/692 1656/50/1524 1637/50/1505 694/50/667 
f 381/50/330 999/50/326 1007/50/974 690/50/331 
f 689/50/330 684/50/660 335/50/326 382/50/331 
f 698/50/671 1009/50/976 1013/50/980 
f 698/50/671 1013/50/980 1016/50/983 
f 696/50/669 1347/50/1278 1349/50/1280 
f 696/50/669 1349/50/1280 1351/50/1282 
f 1642/50/1510 1343/50/1274 991/179/961 
f 1647/50/1515 1339/50/1270 1344/50/1275 
f 1647/50/1515 1344/50/1275 1343/50/1274 1642/50/1510 
f 349/50/338 1019/50/986 1001/50/968 352/50/341 
f 351/50/340 1623/50/1491 1622/50/1490 350/50/339 
f 359/50/347 1023/50/990 1026/50/993 1300/50/1231 
f 1190/185/1147 1197/185/1154 1196/50/1153 1191/50/1148 
f 1194/50/1151 1455/50/1384 1657/50/1525 1195/50/1152 
f 1204/118/1161 1199/118/1156 1202/118/1159 1205/118/1162 
f 1212/118/1168 1207/118/1164 1210/118/1164 1213/118/1169 
f 1213/118/1169 1210/118/1164 1216/118/1172 1217/118/1173 
f 1217/118/1173 1216/118/1172 1220/118/1176 1221/118/1177 
f 1195/50/1152 1657/50/1525 1658/50/1526 1224/50/1180 
f 1229/50/1185 1659/50/1527 1660/50/1528 1230/50/1186 
f 1230/50/1186 1660/50/1528 1661/50/1528 1233/50/1186 
f 1233/50/1186 1661/50/1528 1662/50/1528 1236/50/1186 
f 1236/50/1186 1662/50/1528 1663/50/1528 1239/50/1185 
f 1239/50/1185 1663/50/1528 1664/50/1528 1242/50/1192 
f 1242/50/1192 1664/50/1528 1665/50/1528 1245/50/1186 
f 1245/50/1186 1665/50/1528 1666/50/1528 1248/50/1186 
f 1248/50/1186 1666/50/1528 1667/50/1528 1251/50/1192 
f 1251/50/1192 1667/50/1528 1668/50/1528 1254/50/1185 
f 1254/50/1185 1668/50/1528 1669/50/1529 1257/50/1195 
f 1257/50/1195 1669/50/1529 1269/50/1207 1260/50/1198 
f 1265/50/1203 1268/50/1206 1298/50/1229 1266/50/1204 
f 1274/50/1212 1299/50/1230 1670/50/1530 1275/50/1213 
f 1275/50/1213 1670/50/1530 1671/50/1531 1278/50/1213 
f 1278/50/1213 1671/50/1531 1672/50/1532 1281/50/1213 
f 1281/50/1213 1672/50/1532 1673/50/1533 1284/50/1213 
f 1284/50/1213 1673/50/1533 1674/50/1534 1287/50/1220 
f 1287/50/1220 1674/50/1534 1675/50/1535 1290/50/1213 
f 1290/50/1213 1675/50/1535 1676/50/1536 1293/50/1224 
f 1293/50/1224 1676/50/1536 1677/50/1537 1296/50/1227 
f 1265/50/1203 1264/50/1202 1261/50/1199 1260/50/1198 
f 1274/50/1212 1273/50/1211 1267/50/1205 1266/50/1204 
f 1204/118/1161 1203/118/1160 1197/185/1154 1190/185/1147 
f 1191/50/1148 1196/50/1153 1455/50/1384 1194/50/1151 
f 1316/50/1247 1678/50/1538 1679/50/1539 1304/50/1235 
f 1305/50/1236 1680/50/1540 1681/50/1541 1306/50/1237 
f 1314/50/1245 1309/50/1240 1308/50/1239 1315/50/1246 
f 1296/50/1227 1677/50/1537 1312/50/1243 1315/50/1246 
f 1314/187/1245 1313/30/1244 1678/58/1538 1316/59/1247 
f 1324/118/1255 1319/118/1250 1322/118/1253 1325/118/1256 
f 1329/118/1260 1337/118/1268 1326/118/1257 1325/118/1256 
f 1346/50/1277 1379/50/1310 1682/50/1542 1331/50/1262 
f 1332/50/1263 1683/50/1543 1684/50/1544 1334/50/1265 
f 1329/30/1260 1328/28/1259 1333/50/1264 1335/190/1266 
f 1341/50/1272 1376/50/1307 1375/50/1306 1342/50/1273 
f 1345/50/1276 1383/50/1314 1380/50/1311 1346/50/1277 
f 1342/50/1273 1375/50/1306 1383/50/1314 1345/50/1276 
f 1307/50/1238 1386/50/1316 1385/50/1315 1348/50/1279 
f 1348/50/1279 1385/50/1315 1389/50/1319 1350/50/1281 
f 1350/50/1281 1389/50/1319 1391/50/1321 1352/50/1283 
f 1355/50/1286 1394/50/1324 1393/50/1323 1356/50/1287 
f 1352/50/1283 1391/50/1321 1394/50/1324 1355/50/1286 
f 1362/50/1293 1399/50/1329 1397/50/1327 1358/50/1289 
f 1361/50/1292 1400/50/1330 1399/50/1329 1362/50/1293 
f 1364/50/1295 1403/50/1333 1400/50/1330 1361/50/1292 
f 1366/50/1297 1405/50/1335 1403/50/1333 1364/50/1295 
f 1368/50/1299 1407/50/1337 1405/50/1335 1366/50/1297 
f 1370/50/1301 1409/50/1339 1407/50/1337 1368/50/1299 
f 1372/50/1303 1411/50/1341 1409/50/1339 1370/50/1301 
f 1374/50/1305 1413/50/1343 1411/50/1341 1372/50/1303 
f 1356/50/1287 1393/50/1323 1413/50/1343 1374/50/1305 
f 991/179/961 1343/50/1274 1330/50/1261 992/179/962 
f 1016/50/983 1013/50/980 1014/50/981 1017/50/984 
f 1336/179/1267 1042/178/1008 1141/178/1099 1144/179/1102 
f 1318/50/1249 1317/50/1248 1303/50/1234 1168/50/1125 
f 1184/185/1141 1189/185/1146 1188/50/1145 1185/50/1142 
f 1186/50/1143 1193/50/1150 1192/50/1149 1187/50/1144 
f 1200/118/1157 1032/118/999 1031/118/998 1201/118/1158 
f 1208/118/1165 1036/118/1003 1035/118/1002 1209/118/1166 
f 1209/118/1166 1035/118/1002 1040/118/1006 1215/118/1171 
f 1215/118/1171 1040/118/1006 1039/118/1005 1219/118/1175 
f 1187/50/1144 1192/50/1149 1225/50/1181 1223/50/1179 
f 1226/50/1182 1228/50/1184 1231/50/1187 1227/50/1183 
f 1227/50/1183 1231/50/1187 1234/50/1188 1232/50/1183 
f 1232/50/1183 1234/50/1188 1237/50/1190 1235/50/1189 
f 1235/50/1189 1237/50/1190 1240/50/1187 1238/50/1191 
f 1238/50/1191 1240/50/1187 1243/50/1188 1241/50/1191 
f 1241/50/1191 1243/50/1188 1246/50/1190 1244/50/1183 
f 1244/50/1183 1246/50/1190 1249/50/1187 1247/50/1183 
f 1247/50/1183 1249/50/1187 1252/50/1184 1250/50/1191 
f 1250/50/1191 1252/50/1184 1255/50/1188 1253/50/1193 
f 1253/50/1193 1255/50/1188 1258/50/1196 1256/50/1194 
f 1256/50/1194 1258/50/1196 1261/50/1199 1259/50/1197 
f 1262/50/1200 1264/50/1202 1267/50/1205 1263/50/1201 
f 1271/50/1209 1273/50/1211 1276/50/1214 1272/50/1210 
f 1272/50/1210 1276/50/1214 1279/50/1216 1277/50/1215 
f 1277/50/1215 1279/50/1216 1282/50/1217 1280/50/1215 
f 1280/50/1215 1282/50/1217 1285/50/1218 1283/50/1215 
f 1283/50/1215 1285/50/1218 1288/50/1221 1286/50/1219 
f 1286/50/1219 1288/50/1221 1291/50/1222 1289/50/1219 
f 1289/50/1219 1291/50/1222 1294/50/1225 1292/50/1223 
f 1292/50/1223 1294/50/1225 1297/50/1228 1295/50/1226 
f 1262/50/1200 1091/50/1049 1090/50/1048 1259/50/1197 
f 1271/50/1209 1077/50/1036 1093/50/1051 1263/50/1201 
f 1200/118/1157 1199/118/1156 1189/185/1146 1184/185/1141 
f 1185/50/1142 1188/50/1145 1193/50/1150 1186/50/1143 
f 1310/50/1241 1086/50/1044 1311/50/1242 
f 1295/50/1226 1297/50/1228 1308/50/1239 1311/50/1242 
f 1310/31/1241 1309/31/1240 1317/50/1248 1318/188/1249 
f 1320/118/1251 1043/118/1009 1321/118/1252 
f 1327/118/1258 1328/118/1259 1322/118/1253 1321/118/1252 
f 1327/189/1258 1043/19/1009 1042/50/1008 1336/50/1267 
f 1016/50/983 1015/50/982 698/50/671 
f 991/179/961 988/178/958 1642/50/1510 
f 1377/50/1308 1416/50/1346 1415/50/1345 1378/50/1309 
f 1384/50/1308 1423/50/1352 1420/50/1349 1381/50/1312 
f 1378/50/1309 1415/50/1345 1423/50/1352 1384/50/1308 
f 1685/50/1545 1686/50/1546 1426/50/1355 1387/50/1317 
f 1388/50/1318 1425/50/1354 1429/50/1358 1390/50/1320 
f 1390/50/1320 1429/50/1358 1431/50/1360 1392/50/1322 
f 1395/50/1325 1434/50/1363 1433/50/1362 1396/50/1326 
f 1392/50/1322 1431/50/1360 1434/50/1363 1395/50/1325 
f 1402/50/1332 1439/50/1368 1437/50/1366 1398/50/1328 
f 1401/50/1331 1440/50/1369 1439/50/1368 1402/50/1332 
f 1404/50/1334 1443/50/1372 1440/50/1369 1401/50/1331 
f 1406/50/1336 1445/50/1374 1443/50/1372 1404/50/1334 
f 1408/50/1338 1447/50/1376 1445/50/1374 1406/50/1336 
f 1410/50/1340 1449/50/1378 1447/50/1376 1408/50/1338 
f 1412/50/1342 1451/50/1380 1449/50/1378 1410/50/1340 
f 1414/50/1344 1453/50/1382 1451/50/1380 1412/50/1342 
f 1396/50/1326 1433/50/1362 1453/50/1382 1414/50/1344 
f 1417/50/1347 1465/50/1024 1464/50/1022 1418/50/1347 
f 1424/50/1353 1472/50/1022 1469/50/1393 1421/50/1350 
f 1418/50/1347 1464/50/1022 1472/50/1022 1424/50/1353 
f 1687/50/1547 1688/50/1548 1457/50/1024 1427/50/1356 
f 1428/50/1357 1456/50/1385 1460/50/1387 1430/50/1359 
f 1430/50/1359 1460/50/1387 1462/50/1389 1432/50/1361 
f 1435/50/1364 1475/50/1396 1474/50/1395 1436/50/1365 
f 1432/50/1361 1462/50/1389 1475/50/1396 1435/50/1364 
f 1442/50/1371 1480/50/1399 1478/50/1398 1438/50/1367 
f 1441/50/1370 1481/50/1400 1480/50/1399 1442/50/1371 
f 1444/50/1373 1484/50/1401 1481/50/1400 1441/50/1370 
f 1446/50/1375 1486/50/1402 1484/50/1401 1444/50/1373 
f 1448/50/1377 1488/50/1402 1486/50/1402 1446/50/1375 
f 1450/50/1379 1490/50/1403 1488/50/1402 1448/50/1377 
f 1452/50/1381 1492/50/1404 1490/50/1403 1450/50/1379 
f 1454/50/1383 1494/50/1405 1492/50/1404 1452/50/1381 
f 1436/50/1365 1474/50/1395 1494/50/1405 1454/50/1383 
f 1103/50/1061 1045/50/1011 1044/50/1010 1104/50/1062 
f 1104/50/1062 1044/50/1010 1048/50/1014 1106/50/1064 
f 1109/50/1067 1098/50/1056 1051/50/1017 1110/50/1068 
f 1113/50/1071 1050/50/1016 1054/50/1020 1114/50/1072 
f 1114/50/1072 1054/50/1020 1056/50/1021 1116/50/1074 
f 1116/50/1074 1056/50/1021 1058/50/1022 1118/50/1076 
f 1118/50/1076 1058/50/1022 1060/50/1023 1120/50/1078 
f 1120/50/1078 1060/50/1023 1062/50/1024 1122/50/1080 
f 1122/50/1080 1062/50/1024 1064/50/1025 1124/50/1082 
f 1124/50/1082 1064/50/1025 1066/50/1026 1126/50/1084 
f 1126/50/1084 1066/50/1026 1045/50/1011 1103/50/1061 
f 1129/19/1087 1033/19/1000 1030/181/997 1130/181/1088 
f 1133/18/1091 1034/18/1001 1033/19/1000 1129/19/1087 
f 1135/118/1093 1041/118/1007 1038/183/1004 1136/183/1094 
f 1139/19/1097 1037/19/1000 1034/18/1001 1133/18/1091 
f 1141/178/1099 1042/178/1008 1041/118/1007 1135/118/1093 
f 1143/50/1101 1333/50/1264 1336/179/1267 1144/179/1102 
f 1147/50/1105 1069/50/1028 1068/50/1027 1148/50/1106 
f 1148/50/1106 1068/50/1027 1072/50/1031 1150/50/1108 
f 1150/50/1108 1072/50/1031 1074/50/1033 1152/50/1110 
f 1155/50/1113 1076/50/1035 1069/50/1028 1147/50/1105 
f 1157/50/1115 1079/50/1033 1078/50/1037 1158/50/1116 
f 1161/50/1118 1082/50/1040 1079/50/1033 1157/50/1115 
f 1163/50/1120 1085/50/1043 1084/50/1042 1164/50/1121 
f 1158/50/1116 1078/50/1037 1085/50/1043 1163/50/1120 
f 1152/50/1110 1074/50/1033 1082/50/1040 1161/50/1118 
f 1164/50/1121 1084/50/1042 1087/50/1045 1166/50/1123 
f 1166/50/1123 1087/50/1045 1318/50/1249 1168/50/1125 
f 1106/50/1064 1048/50/1014 1089/50/1047 1170/50/1127 
f 1173/50/1130 1088/50/1046 1092/50/1050 1174/50/1131 
f 1177/118/1134 1029/118/996 1095/185/1053 1178/185/1135 
f 1181/50/1138 1094/50/1052 1099/50/1057 1182/50/1139 
f 1173/50/1130 1172/50/1129 1171/50/1128 1170/50/1127 
f 1155/50/1113 1154/50/1112 1175/50/1132 1174/50/1131 
f 1181/50/1138 1180/50/1137 1179/185/1136 1178/185/1135 
f 1109/50/1067 1108/50/1066 1183/50/1140 1182/50/1139 
f 1303/50/1234 1317/50/1248 1316/50/1247 1304/50/1235 
f 1143/50/1101 1142/50/1100 1332/50/1263 1334/50/1265 
f 1679/50/1539 1680/50/1540 1305/50/1236 1304/50/1235 
f 1684/50/1544 1338/50/1269 1335/50/1266 1334/50/1265 
f 1141/178/1099 1140/178/1098 1145/179/1103 1144/179/1102 
f 1303/50/1234 1302/50/1233 1169/50/1126 1168/50/1125 
f 953/50/924 1102/50/1060 1105/50/1063 954/50/925 
f 954/50/925 1105/50/1063 1107/50/1065 956/50/927 
f 1028/50/995 1108/50/1066 1111/50/1069 959/50/930 
f 960/50/931 1112/50/1070 1115/50/1073 962/50/933 
f 962/50/933 1115/50/1073 1117/50/1075 964/50/935 
f 964/50/935 1117/50/1075 1119/50/1077 966/50/937 
f 966/50/937 1119/50/1077 1121/50/1079 968/50/939 
f 968/50/939 1121/50/1079 1123/50/1081 970/50/941 
f 970/50/941 1123/50/1081 1125/50/1083 972/50/943 
f 972/50/943 1125/50/1083 1127/50/1085 974/50/945 
f 974/50/945 1127/50/1085 1102/50/1060 953/50/924 
f 982/19/953 1128/19/1086 1131/186/1089 977/175/948 
f 981/18/952 1132/18/1090 1128/19/1086 982/19/953 
f 990/118/960 1134/118/1092 1137/177/1095 985/177/956 
f 986/19/952 1138/19/1096 1132/18/1090 981/18/952 
f 989/178/959 1140/178/1098 1134/118/1092 990/118/960 
f 992/179/962 1145/179/1103 1140/178/1098 989/178/959 
f 995/50/964 1146/50/1104 1149/50/1107 996/50/965 
f 996/50/965 1149/50/1107 1151/50/1109 998/50/967 
f 998/50/967 1151/50/1109 1153/50/1111 1000/50/967 
f 1002/50/969 1154/50/1112 1146/50/1104 995/50/964 
f 1005/50/972 1156/50/1114 1159/50/1117 1006/50/973 
f 1008/50/975 1160/50/1107 1156/50/1114 1005/50/972 
f 1011/50/978 1162/50/1119 1165/50/1122 1012/50/979 
f 1006/50/973 1159/50/1117 1162/50/1119 1011/50/978 
f 1000/50/967 1153/50/1111 1160/50/1107 1008/50/975 
f 1012/50/979 1165/50/1122 1167/50/1124 1014/50/981 
f 1017/50/984 1169/50/1126 1302/50/1233 1018/50/985 
f 1020/50/987 1171/50/1128 1172/50/1129 1021/50/988 
f 1022/50/989 1175/50/1132 1154/50/1112 1002/50/969 
f 1024/180/991 1179/185/1136 1180/50/1137 1025/50/992 
f 1027/50/994 1183/50/1140 1108/50/1066 1028/50/995 
f 956/50/927 1107/50/1065 1171/50/1128 1020/50/987 
f 1021/50/988 1172/50/1129 1175/50/1132 1022/50/989 
f 978/118/949 1176/118/1133 1179/185/1136 1024/180/991 
f 1025/50/992 1180/50/1137 1183/50/1140 1027/50/994 
f 1018/50/985 1302/50/1233 1305/50/1236 1306/50/1237 
f 1330/50/1261 1343/50/1274 1346/50/1277 1331/50/1262 
f 1681/50/1541 1689/50/1549 1307/50/1238 1306/50/1237 
f 1682/50/1542 1683/50/1543 1332/50/1263 1331/50/1262 
f 1330/50/1261 1142/50/1100 1145/179/1103 992/179/962 
f 1014/50/981 1167/50/1124 1169/50/1126 1017/50/984 
f 269/58/260 1628/50/1496 1627/50/1495 270/58/261 
f 270/58/261 1627/50/1495 1629/50/1497 274/58/265 
f 274/58/265 1629/50/1497 1630/50/1498 278/58/269 
f 278/58/269 1630/50/1498 1631/50/1499 282/58/273 
f 282/58/273 1631/50/1499 1632/50/1500 286/58/277 
f 286/58/277 1632/50/1500 1633/50/1501 290/58/281 
f 290/58/281 1633/50/1501 1634/50/1502 294/58/285 
f 294/58/285 1634/50/1502 1635/50/1503 298/58/289 
f 298/58/289 1635/50/1503 1620/50/1488 302/58/293 
f 302/58/293 1620/50/1488 1619/50/1487 306/58/297 
f 306/58/297 1619/50/1487 1621/50/1489 310/58/301 
f 310/58/301 1621/50/1489 1622/50/1490 314/58/305 
f 314/58/305 1622/50/1490 1623/50/1491 318/58/309 
f 318/58/309 1623/50/1491 1618/50/1486 322/58/313 
f 322/58/313 1618/50/1486 330/50/321 326/58/317 
f 332/58/323 1690/28/1550 327/28/318 326/58/317 
f 336/58/327 1691/28/1551 1690/28/1550 332/58/323 
f 621/58/597 1649/50/1517 1648/50/1516 622/58/598 
f 627/58/603 1650/50/1518 1649/50/1517 621/58/597 
f 631/58/607 1651/50/1519 1650/50/1518 627/58/603 
f 635/58/611 1652/50/1520 1651/50/1519 631/58/607 
f 639/58/615 1653/50/1521 1652/50/1520 635/58/611 
f 643/58/619 1654/50/1522 1653/50/1521 639/58/615 
f 647/58/623 1655/50/1523 1654/50/1522 643/58/619 
f 651/58/627 1656/50/1524 1655/50/1523 647/58/623 
f 655/58/631 1637/50/1505 1656/50/1524 651/58/627 
f 659/58/635 1638/50/1506 1637/50/1505 655/58/631 
f 663/58/639 1639/50/1507 1638/50/1506 659/58/635 
f 667/58/643 1640/50/1508 1639/50/1507 663/58/639 
f 671/58/647 1641/50/1509 1640/50/1508 667/58/643 
f 675/58/651 1636/50/1504 1641/50/1509 671/58/647 
f 679/58/655 682/50/658 1636/50/1504 675/58/651 
f 679/58/655 678/28/654 1692/28/1552 683/58/659 
f 683/58/659 1692/28/1552 1691/28/1551 336/58/327 
f 243/106/234 254/107/245 253/20/244 244/20/235 
f 245/18/236 257/18/248 260/19/251 246/19/237 
f 248/28/239 240/28/231 239/26/230 249/26/240 
f 251/24/242 263/24/254 250/26/241 249/26/240 
f 252/22/243 265/22/256 263/24/254 251/24/242 
f 244/20/235 253/20/244 265/22/256 252/22/243 
f 248/28/239 247/28/238 271/28/262 267/28/258 
f 267/28/258 271/28/262 275/28/266 272/28/263 
f 272/28/263 275/28/266 279/28/270 276/28/267 
f 276/28/267 279/28/270 283/28/274 280/28/271 
f 280/28/271 283/28/274 287/28/278 284/28/275 
f 284/28/275 287/28/278 291/28/282 288/28/279 
f 288/28/279 291/28/282 295/28/286 292/28/283 
f 292/28/283 295/28/286 299/28/290 296/28/287 
f 296/28/287 299/28/290 303/28/294 300/28/291 
f 300/28/291 303/28/294 307/28/298 304/28/295 
f 304/28/295 307/28/298 311/28/302 308/28/299 
f 308/28/299 311/28/302 315/28/306 312/28/303 
f 312/28/303 315/28/306 319/28/310 316/28/307 
f 316/28/307 319/28/310 323/28/314 320/28/311 
f 320/28/311 323/28/314 327/28/318 324/28/315 
f 324/28/315 327/28/318 1690/28/1550 328/28/319 
f 328/28/319 1690/28/1550 1691/28/1551 333/28/324 
f 246/19/237 260/19/251 254/107/245 243/107/234 
f 601/20/577 607/20/583 610/107/586 602/106/578 
f 603/19/579 611/19/587 257/18/248 245/18/236 
f 605/24/581 616/24/592 618/22/594 606/22/582 
f 606/22/582 618/22/594 607/20/583 601/20/577 
f 625/28/601 616/28/592 604/28/580 
f 624/28/600 626/28/602 620/28/596 625/28/601 
f 629/28/605 630/28/606 626/28/602 624/28/600 
f 633/28/609 634/28/610 630/28/606 629/28/605 
f 637/28/613 638/28/614 634/28/610 633/28/609 
f 641/28/617 642/28/618 638/28/614 637/28/613 
f 645/28/621 646/28/622 642/28/618 641/28/617 
f 649/28/625 650/28/626 646/28/622 645/28/621 
f 653/28/629 654/28/630 650/28/626 649/28/625 
f 657/28/633 658/28/634 654/28/630 653/28/629 
f 661/28/637 662/28/638 658/28/634 657/28/633 
f 665/28/641 666/28/642 662/28/638 661/28/637 
f 669/28/645 670/28/646 666/28/642 665/28/641 
f 673/28/649 674/28/650 670/28/646 669/28/645 
f 677/28/653 678/28/654 674/28/650 673/28/649 
f 681/28/657 1692/28/1552 678/28/654 677/28/653 
f 333/28/324 1691/28/1551 1692/28/1552 681/28/657 
f 602/107/578 610/107/586 611/19/587 603/19/579 
f 1693/5/1553 798/5/769 796/7/767 1694/7/461 
f 475/5/460 1693/5/1553 1694/7/461 476/7/461 
f 1695/7/1554 388/7/373 387/5/372 1696/5/1555 
f 477/7/462 1695/7/1554 1696/5/1555 474/5/459 
f 1697/8/464 800/8/771 798/5/769 1693/5/1553 
f 479/8/464 1697/8/464 1693/5/1553 475/5/460 
f 1696/5/1555 387/5/372 391/8/376 1698/8/463 
f 474/5/459 1696/5/1555 1698/8/463 478/8/463 
f 1694/7/461 796/7/767 794/36/765 1699/36/1556 
f 476/7/461 1694/7/461 1699/36/1556 480/36/465 
f 1700/36/1557 427/36/412 388/7/373 1695/7/1554 
f 481/36/466 1700/36/1557 1695/7/1554 477/7/462 
f 1699/36/1556 794/36/765 792/35/763 1701/35/1558 
f 480/36/465 1699/36/1556 1701/35/1558 482/35/467 
f 1702/35/1559 425/35/410 427/36/412 1700/36/1557 
f 483/35/468 1702/35/1559 1700/36/1557 481/36/466 
f 1701/35/1558 792/35/763 790/34/761 1703/34/1560 
f 482/35/467 1701/35/1558 1703/34/1560 484/34/469 
f 1704/34/1561 423/34/408 425/35/410 1702/35/1559 
f 485/34/470 1704/34/1561 1702/35/1559 483/35/468 
f 1703/34/1560 790/34/761 788/33/759 1705/33/471 
f 484/34/469 1703/34/1560 1705/33/471 486/33/471 
f 1706/33/1562 421/33/406 423/34/408 1704/34/1561 
f 487/33/472 1706/33/1562 1704/34/1561 485/34/470 
f 1705/33/471 788/33/759 786/32/757 1707/32/1563 
f 486/33/471 1705/33/471 1707/32/1563 488/32/473 
f 1708/32/473 419/32/404 421/33/406 1706/33/1562 
f 489/32/473 1708/32/473 1706/33/1562 487/33/472 
f 1707/32/1563 786/32/757 784/31/755 1709/31/1564 
f 488/32/473 1707/32/1563 1709/31/1564 490/31/474 
f 1710/31/474 417/31/402 419/32/404 1708/32/473 
f 491/31/475 1710/31/474 1708/32/473 489/32/473 
f 1709/31/1564 784/31/755 782/30/753 1711/30/1565 
f 490/31/474 1709/31/1564 1711/30/1565 492/30/476 
f 1712/30/1566 415/30/400 417/31/402 1710/31/474 
f 493/30/477 1712/30/1566 1710/31/474 491/31/475 
f 1711/30/1565 782/30/753 779/28/750 1713/28/1567 
f 492/30/476 1711/30/1565 1713/28/1567 494/28/478 
f 1714/28/1568 413/28/398 415/30/400 1712/30/1566 
f 495/28/479 1714/28/1568 1712/30/1566 493/30/477 
f 1715/217/1569 776/20/747 775/156/746 1716/218/1570 
f 497/123/481 1715/217/1569 1716/218/1570 498/124/482 
f 1717/219/1571 406/20/391 407/22/392 1718/220/1572 
f 499/125/483 1717/219/1571 1718/220/1572 496/122/480 
f 1719/16/367 1616/16/367 806/213/777 1720/221/1573 
f 503/16/367 1719/16/367 1720/221/1573 504/126/484 
f 1721/222/1574 397/223/382 399/16/384 1722/16/367 
f 505/127/485 1721/222/1574 1722/16/367 502/16/367 
f 1720/14/1573 806/14/777 804/12/775 1723/12/1575 
f 504/14/484 1720/14/1573 1723/12/1575 506/12/486 
f 1724/12/1576 395/12/380 397/14/382 1721/14/1574 
f 507/12/487 1724/12/1576 1721/14/1574 505/14/485 
f 1723/12/1575 804/12/775 802/10/773 1725/10/1577 
f 506/12/486 1723/12/1575 1725/10/1577 508/10/488 
f 1726/10/1578 393/10/378 395/12/380 1724/12/1576 
f 509/10/489 1726/10/1578 1724/12/1576 507/12/487 
f 1725/10/1577 802/10/773 800/8/771 1697/8/464 
f 508/10/488 1725/10/1577 1697/8/464 479/8/464 
f 1698/8/463 391/8/376 393/10/378 1726/10/1578 
f 478/8/463 1698/8/463 1726/10/1578 509/10/489 
f 1713/224/1567 779/26/750 778/24/749 1727/225/1579 
f 494/129/478 1713/224/1567 1727/225/1579 510/130/490 
f 1728/226/1580 411/26/396 413/227/398 1714/228/1568 
f 511/131/491 1728/226/1580 1714/228/1568 495/128/479 
f 1727/225/1579 778/24/749 781/22/752 1729/229/1581 
f 510/130/490 1727/225/1579 1729/229/1581 512/132/492 
f 1730/230/1582 409/24/394 411/26/396 1728/226/1580 
f 513/133/493 1730/230/1582 1728/226/1580 511/131/491 
f 1729/229/1581 781/22/752 776/20/747 1715/217/1569 
f 512/132/492 1729/229/1581 1715/217/1569 497/123/481 
f 1718/220/1572 407/22/392 409/24/394 1730/230/1582 
f 496/122/480 1718/220/1572 1730/230/1582 513/133/493 
f 1716/218/1570 775/156/746 500/114/121 1731/231/121 
f 498/124/482 1716/218/1570 1731/231/121 701/152/120 
f 1732/232/121 404/233/389 406/20/391 1717/219/1571 
f 702/153/120 1732/232/121 1717/219/1571 499/125/483 
f 1733/5/1583 5/5/5 8/7/8 1734/7/1584 
f 1502/5/1412 1733/5/1583 1734/7/1584 1503/7/1413 
f 1735/7/1416 1506/7/1416 1505/5/1415 1736/5/1585 
f 1504/7/1414 1735/7/1416 1736/5/1585 1501/5/1411 
f 1737/8/1586 9/8/9 5/5/5 1733/5/1583 
f 1510/8/1420 1737/8/1586 1733/5/1583 1502/5/1412 
f 1736/5/1585 1505/5/1415 1511/8/1421 1738/8/1587 
f 1501/5/1411 1736/5/1585 1738/8/1587 1509/8/1419 
f 1734/7/1584 8/7/8 47/36/47 1739/36/1588 
f 1503/7/1413 1734/7/1584 1739/36/1588 1514/36/1424 
f 1740/36/1589 1516/36/1426 1506/7/1416 1735/7/1416 
f 1515/36/1425 1740/36/1589 1735/7/1416 1504/7/1414 
f 1739/36/1588 47/36/47 45/35/45 1741/35/107 
f 1514/36/1424 1739/36/1588 1741/35/107 1519/35/107 
f 1742/35/1590 1521/35/1428 1516/36/1426 1740/36/1589 
f 1520/35/107 1742/35/1590 1740/36/1589 1515/36/1425 
f 1741/35/107 45/35/45 43/34/43 1743/34/1591 
f 1519/35/107 1741/35/107 1743/34/1591 1524/34/1431 
f 1744/34/109 1526/34/1433 1521/35/1428 1742/35/1590 
f 1525/34/1432 1744/34/109 1742/35/1590 1520/35/107 
f 1743/34/1591 43/34/43 41/33/41 1745/33/1592 
f 1524/34/1431 1743/34/1591 1745/33/1592 1529/33/1435 
f 1746/33/1593 1531/33/110 1526/34/1433 1744/34/109 
f 1530/33/1436 1746/33/1593 1744/34/109 1525/34/1432 
f 1745/33/1592 41/33/41 39/32/39 1747/32/1594 
f 1529/33/1435 1745/33/1592 1747/32/1594 1534/32/1439 
f 1748/32/1440 1536/32/1441 1531/33/110 1746/33/1593 
f 1535/32/1440 1748/32/1440 1746/33/1593 1530/33/1436 
f 1747/32/1594 39/32/39 37/31/37 1749/31/1595 
f 1534/32/1439 1747/32/1594 1749/31/1595 1539/31/1444 
f 1750/31/1596 1541/31/1446 1536/32/1441 1748/32/1440 
f 1540/31/1445 1750/31/1596 1748/32/1440 1535/32/1440 
f 1749/31/1595 37/31/37 35/30/35 1751/30/1597 
f 1539/31/1444 1749/31/1595 1751/30/1597 1544/30/1449 
f 1752/30/1598 121/30/119 1541/31/1446 1750/31/1596 
f 1545/30/1450 1752/30/1598 1750/31/1596 1540/31/1445 
f 1753/20/1599 25/20/25 1754/234/120 
f 1551/20/1454 1753/20/1599 1754/234/120 1552/200/120 
f 1755/235/120 122/60/120 125/20/123 1756/20/1600 
f 1553/201/120 1755/235/120 1756/20/1600 1550/20/1453 
f 1757/19/120 22/19/22 21/18/21 1758/18/120 
f 1559/19/121 1757/19/120 1758/18/120 1560/18/120 
f 1759/18/120 126/18/121 129/19/121 1760/19/120 
f 1561/18/120 1759/18/120 1760/19/120 1558/19/121 
f 1761/16/367 17/16/17 15/223/15 1762/236/1601 
f 1567/16/126 1761/16/367 1762/236/1601 1568/204/1457 
f 1763/237/1602 1571/206/1459 1570/16/126 1764/16/367 
f 1569/205/1458 1763/237/1602 1764/16/367 1566/16/126 
f 1762/14/1601 15/14/15 13/12/13 1765/12/1603 
f 1568/14/1457 1762/14/1601 1765/12/1603 1574/12/1462 
f 1766/12/1604 1576/12/1464 1571/14/1459 1763/14/1602 
f 1575/12/1463 1766/12/1604 1763/14/1602 1569/14/1458 
f 1765/12/1603 13/12/13 11/10/11 1767/10/1605 
f 1574/12/1462 1765/12/1603 1767/10/1605 1579/10/1467 
f 1768/10/1606 1581/10/1469 1576/12/1464 1766/12/1604 
f 1580/10/1468 1768/10/1606 1766/12/1604 1575/12/1463 
f 1767/10/1605 11/10/11 9/8/9 1737/8/1586 
f 1579/10/1467 1767/10/1605 1737/8/1586 1510/8/1420 
f 1738/8/1587 1511/8/1421 1581/10/1469 1768/10/1606 
f 1509/8/1419 1738/8/1587 1768/10/1606 1580/10/1468 
f 1769/28/1607 33/28/33 31/26/31 1770/26/1476 
f 1587/28/1475 1769/28/1607 1770/26/1476 1588/26/1476 
f 1771/26/1608 138/26/131 119/28/117 1772/28/1609 
f 1589/26/1477 1771/26/1608 1772/28/1609 1586/28/1474 
f 1770/26/1476 31/26/31 29/24/29 1773/24/1610 
f 1588/26/1476 1770/26/1476 1773/24/1610 1592/24/1480 
f 1774/24/1611 140/24/133 138/26/131 1771/26/1608 
f 1593/24/1481 1774/24/1611 1771/26/1608 1589/26/1477 
f 1773/24/1610 29/24/29 27/22/27 1775/22/1612 
f 1592/24/1480 1773/24/1610 1775/22/1612 1596/22/1484 
f 1776/22/1613 142/22/135 140/24/133 1774/24/1611 
f 1597/22/1485 1776/22/1613 1774/24/1611 1593/24/1481 
f 1775/22/1612 27/22/27 25/20/25 1753/20/1599 
f 1596/22/1484 1775/22/1612 1753/20/1599 1551/20/1454 
f 1756/20/1600 125/20/123 142/22/135 1776/22/1613 
f 1550/20/1453 1756/20/1600 1776/22/1613 1597/22/1485 
f 1777/17/367 19/17/19 17/16/17 1761/16/367 
f 1601/17/126 1777/17/367 1761/16/367 1567/16/126 
f 1764/16/367 1570/16/126 1602/17/367 1778/17/367 
f 1566/16/126 1764/16/367 1778/17/367 1600/17/367 
f 1754/234/120 25/20/25 22/233/22 1757/232/120 
f 1552/200/120 1754/234/120 1757/232/120 1559/153/121 
f 1760/231/120 129/114/121 122/60/120 1755/235/120 
f 1558/152/121 1760/231/120 1755/235/120 1553/201/120 
f 1779/48/126 154/48/147 19/17/19 1777/17/367 
f 1606/48/367 1779/48/126 1777/17/367 1601/17/126 
f 1778/17/367 1602/17/367 1607/48/367 1780/48/367 
f 1600/17/367 1778/17/367 1780/48/367 1605/48/367 
f 1758/18/120 21/18/21 404/19/389 1732/19/121 
f 1560/18/120 1758/18/120 1732/19/121 702/19/120 
f 1731/19/121 500/19/121 126/18/121 1759/18/120 
f 701/19/120 1731/19/121 1759/18/120 1561/18/120 
f 1722/16/367 399/16/384 401/17/386 1781/17/126 
f 502/16/367 1722/16/367 1781/17/126 1614/17/126 
f 1782/17/126 1617/17/126 1616/16/367 1719/16/367 
f 1615/17/126 1782/17/126 1719/16/367 503/16/367 
f 1781/17/126 401/17/386 154/48/147 1779/48/126 
f 1614/17/126 1781/17/126 1779/48/126 1606/48/367 
f 1780/48/367 1607/48/367 1617/17/126 1782/17/126 
f 1605/48/367 1780/48/367 1782/17/126 1615/17/126 
f 1751/30/1597 35/30/35 33/28/33 1769/28/1607 
f 1544/30/1449 1751/30/1597 1769/28/1607 1587/28/1475 
f 1772/28/1609 119/28/117 121/30/119 1752/30/1598 
f 1586/28/1474 1772/28/1609 1752/30/1598 1545/30/1450 
f 1783/1/1614 1784/4/1615 1785/3/1616 1786/2/1617 
f 1787/7/1618 1788/37/1619 1789/6/1620 1790/7/1621 
f 1788/37/1619 1791/39/1622 1792/9/1623 1789/6/1620 
f 1793/10/1624 1794/8/1625 1792/9/1623 1795/11/1626 
f 1796/12/1627 1793/10/1624 1795/11/1626 1797/13/1628 
f 1798/43/1629 1799/45/1630 1800/15/1631 1797/13/1628 
f 1799/45/1630 1801/16/1632 1802/16/1633 1800/15/1631 
f 1801/16/1632 1803/49/1634 1804/17/1635 1802/16/1633 
f 1805/19/1636 1806/19/1637 1807/18/1638 1808/18/1639 
f 1809/54/1640 1810/21/1641 1806/19/1637 1805/19/1636 
f 1809/54/1640 1811/52/1642 1812/23/1643 1810/21/1641 
f 1811/52/1642 1813/25/1644 1814/25/1645 1812/23/1643 
f 1813/25/1644 1815/56/1646 1816/27/1647 1814/25/1645 
f 1815/56/1646 1817/58/1648 1818/29/1649 1816/27/1647 
f 1817/58/1648 1819/30/1650 1820/30/1651 1818/29/1649 
f 1819/30/1650 1821/31/1652 1822/31/1653 1820/30/1651 
f 1821/31/1652 1823/32/1654 1824/32/1655 1822/31/1653 
f 1823/32/1654 1825/33/1656 1826/33/1657 1824/32/1655 
f 1825/33/1656 1827/34/1658 1828/34/1659 1826/33/1657 
f 1827/34/1658 1829/35/1660 1830/35/1661 1828/34/1659 
f 1829/35/1660 1831/36/1662 1832/36/1663 1830/35/1661 
f 1831/36/1662 1787/7/1618 1790/7/1621 1832/36/1663 
f 1833/7/1664 1834/47/1665 1835/38/1666 1836/7/1667 
f 1788/37/1619 1835/38/1666 1837/40/1668 1791/39/1622 
f 1791/39/1622 1837/40/1668 1838/42/1669 1839/41/1670 
f 1839/41/1670 1838/42/1669 1840/44/1671 1798/43/1629 
f 1798/43/1629 1840/44/1671 1841/46/1672 1799/45/1630 
f 1799/45/1630 1841/46/1672 1842/16/1673 1801/16/1632 
f 1843/48/1674 1844/238/1675 1845/48/1676 
f 1808/18/1639 1846/18/1677 1847/19/1678 1805/19/1636 
f 1805/19/1636 1847/19/1678 1848/51/1679 1809/54/1640 
f 1809/54/1640 1848/51/1679 1849/53/1680 1811/52/1642 
f 1811/52/1642 1849/53/1680 1850/55/1681 1813/25/1644 
f 1813/25/1644 1850/55/1681 1851/57/1682 1815/56/1646 
f 1815/56/1646 1851/57/1682 1852/59/1683 1817/58/1648 
f 1853/50/1684 1854/30/1685 1855/30/1686 1852/59/1683 
f 1819/30/1650 1855/30/1686 1856/31/1687 1821/31/1652 
f 1821/31/1652 1856/31/1687 1857/32/1688 1823/32/1654 
f 1823/32/1654 1857/32/1688 1858/33/1689 1825/33/1656 
f 1825/33/1656 1858/33/1689 1859/34/1690 1827/34/1658 
f 1827/34/1658 1859/34/1690 1860/35/1691 1829/35/1660 
f 1829/35/1660 1860/35/1691 1861/36/1692 1831/36/1662 
f 1862/36/1693 1833/7/1664 1836/7/1667 1861/36/1692 
f 1863/7/1694 1864/7/1695 1865/5/1696 1866/5/1697 
f 1866/5/1697 1865/5/1696 1867/8/1698 1868/8/1699 
f 1869/36/1700 1870/36/1700 1864/7/1695 1863/7/1694 
f 1871/35/1701 1872/35/1702 1870/36/1700 1869/36/1700 
f 1873/34/1703 1874/34/1704 1872/35/1702 1871/35/1701 
f 1875/33/1705 1876/33/1706 1874/34/1704 1873/34/1703 
f 1877/32/1707 1878/32/1708 1876/33/1706 1875/33/1705 
f 1879/31/1709 1880/31/1710 1878/32/1708 1877/32/1707 
f 1881/30/1711 1882/30/1712 1880/31/1710 1879/31/1709 
f 1883/28/1713 1882/30/1712 1884/28/1714 
f 1885/199/1715 1886/239/1715 1887/20/1716 1888/20/1717 
f 1889/19/1718 1890/19/1718 1891/18/1718 1892/18/1718 
f 1893/16/1719 1894/16/1719 1895/63/1720 1896/62/1721 
f 1897/12/1722 1898/12/1723 1895/14/1720 1899/14/1724 
f 1900/12/1725 1898/12/1723 1901/10/1726 1902/10/1727 
f 1902/10/1727 1901/10/1726 1867/8/1698 1903/8/1728 
f 1904/26/1729 1905/26/1730 1906/28/1731 1883/28/1713 
f 1907/24/1732 1908/24/1733 1905/26/1730 1904/26/1729 
f 1909/22/1734 1910/22/1735 1908/24/1733 1907/24/1732 
f 1888/20/1717 1887/20/1716 1910/22/1735 1909/22/1734 
f 1911/65/1736 1912/64/1737 1783/1/1614 1786/2/1617 
f 1913/67/1738 1914/66/1739 1912/64/1737 1911/65/1736 
f 1914/66/1739 1913/67/1738 1915/69/1740 1916/68/1741 
f 1916/68/1741 1915/69/1740 1917/71/1742 1918/70/1743 
f 1919/72/1744 1918/70/1743 1917/71/1742 1920/73/1745 
f 1803/49/1634 1843/48/1674 1921/48/1746 1804/17/1635 
f 1803/49/1634 1801/16/1632 1842/16/1673 1922/17/1747 
f 1923/17/1748 1924/17/1748 1894/16/1719 1893/16/1719 
f 1919/72/1744 1920/73/1745 1925/75/1749 1926/74/1750 
f 1927/77/1751 1928/240/1752 1929/79/1753 1930/78/1754 
f 1926/74/1750 1925/75/1749 1930/78/1754 1929/79/1753 
f 1931/48/1755 1928/240/1752 1927/77/1751 1932/101/1756 
f 1933/80/1757 1785/3/1616 1784/4/1615 1934/81/1758 
f 1935/82/1759 1933/80/1757 1934/81/1758 1936/83/1760 
f 1937/84/1761 1935/82/1759 1936/83/1760 1938/85/1762 
f 1939/86/1763 1938/85/1762 1940/88/1764 1941/87/1765 
f 1942/89/1766 1939/86/1763 1941/87/1765 1943/90/1767 
f 1942/191/1766 1943/90/1767 1944/91/1768 
f 1942/192/1766 1944/91/1768 1945/92/1769 
f 1942/193/1766 1945/93/1769 1946/94/1770 
f 1947/18/1771 1948/96/1772 1946/94/1770 1949/19/1773 
f 1950/99/1774 1951/98/1775 1952/98/1776 1953/99/1777 
f 1951/98/1775 1954/100/1778 1955/100/1779 1952/98/1776 
f 1954/100/1778 1956/84/1780 1937/84/1761 1955/100/1779 
f 1956/84/1780 1957/82/1781 1935/82/1759 1937/84/1761 
f 1957/82/1781 1958/80/1782 1933/80/1757 1935/82/1759 
f 1958/80/1782 1959/3/1783 1785/3/1616 1933/80/1757 
f 1959/3/1783 1960/2/1784 1786/2/1617 1785/3/1616 
f 1960/2/1784 1961/65/1785 1911/65/1736 1786/2/1617 
f 1961/65/1785 1962/67/1786 1913/67/1738 1911/65/1736 
f 1962/67/1786 1963/69/1787 1915/69/1740 1913/67/1738 
f 1963/69/1787 1964/71/1788 1917/71/1742 1915/69/1740 
f 1964/71/1788 1965/73/1789 1920/73/1745 1917/71/1742 
f 1965/73/1789 1966/75/1790 1925/75/1749 1920/73/1745 
f 1966/75/1790 1967/78/1791 1930/78/1754 1925/75/1749 
f 1967/78/1791 1968/77/1792 1927/77/1751 1930/78/1754 
f 1968/77/1792 1969/101/1793 1932/101/1756 1927/77/1751 
f 1950/99/1774 1970/99/1794 1971/98/1795 1951/98/1775 
f 1951/98/1775 1971/98/1795 1972/100/1796 1954/100/1778 
f 1954/100/1778 1972/100/1796 1973/84/1797 1956/84/1780 
f 1956/84/1780 1973/84/1797 1974/82/1798 1957/82/1781 
f 1957/82/1781 1974/82/1798 1975/80/1799 1958/80/1782 
f 1958/80/1782 1975/80/1799 1976/3/1800 1959/3/1783 
f 1959/3/1783 1976/3/1800 1977/2/1801 1960/2/1784 
f 1960/2/1784 1977/2/1801 1978/65/1802 1961/65/1785 
f 1961/65/1785 1978/65/1802 1979/67/1803 1962/67/1786 
f 1962/67/1786 1979/67/1803 1980/69/1804 1963/69/1787 
f 1963/69/1787 1980/69/1804 1981/71/1805 1964/71/1788 
f 1964/71/1788 1981/71/1805 1982/73/1806 1965/73/1789 
f 1965/73/1789 1982/73/1806 1983/75/1807 1966/75/1790 
f 1966/75/1790 1983/75/1807 1984/78/1808 1967/78/1791 
f 1967/78/1791 1984/78/1808 1985/77/1809 1968/77/1792 
f 1968/77/1792 1985/77/1809 1986/101/1810 1969/101/1793 
f 1987/103/1811 1988/102/1812 1989/20/1813 1990/20/1814 
f 1991/18/1815 1992/19/1816 1993/19/1817 1994/18/1818 
f 1995/26/1819 1996/26/1820 1997/28/1821 1998/28/1822 
f 1999/24/1823 2000/24/1824 1996/26/1820 1995/26/1819 
f 2001/22/1825 2002/22/1826 2000/24/1824 1999/24/1823 
f 1990/20/1814 1989/20/1813 2002/22/1826 2001/22/1825 
f 1987/104/1811 1990/20/1814 2003/20/1827 2004/105/1828 
f 1994/18/1818 1993/19/1817 2005/19/1829 2006/18/1830 
f 2007/26/1831 1995/26/1819 1998/28/1822 2008/28/1832 
f 2009/24/1833 1999/24/1823 1995/26/1819 2007/26/1831 
f 2010/22/1834 2001/22/1825 1999/24/1823 2009/24/1833 
f 2003/20/1827 1990/20/1814 2001/22/1825 2010/22/1834 
f 2003/20/1827 2011/20/1835 2012/107/1836 2004/60/1828 
f 2006/18/1830 2005/19/1829 2013/19/1837 2014/18/1838 
f 2007/26/1831 2008/28/1832 2015/28/1839 2016/26/1840 
f 2017/24/1841 2009/24/1833 2007/26/1831 2016/26/1840 
f 2018/22/1842 2010/22/1834 2009/24/1833 2017/24/1841 
f 2011/20/1835 2003/20/1827 2010/22/1834 2018/22/1842 
f 2011/20/1835 2019/50/1843 2020/118/1844 2012/107/1836 
f 2014/18/1838 2013/19/1837 2021/19/1845 2022/18/1846 
f 2019/50/1843 2016/26/1840 2015/28/1839 
f 2019/50/1843 2017/24/1841 2016/26/1840 
f 2019/50/1843 2018/22/1842 2017/24/1841 
f 2019/50/1843 2011/20/1835 2018/22/1842 
f 2023/28/1847 2008/28/1832 2024/28/1848 
f 2025/28/1849 2023/28/1847 2024/28/1848 2026/28/1850 
f 2027/50/1851 2028/50/1852 2023/28/1847 2025/28/1849 
f 2024/113/1848 2008/28/1832 1998/28/1822 
f 2029/28/1853 2025/28/1849 2026/28/1850 2030/28/1854 
f 2031/50/1855 2027/50/1851 2025/28/1849 2029/28/1853 
f 2032/28/1856 2029/28/1853 2030/28/1854 2033/28/1857 
f 2034/50/1858 2031/50/1855 2029/28/1853 2032/28/1856 
f 2035/28/1859 2032/28/1856 2033/28/1857 2036/28/1860 
f 2037/50/1861 2034/50/1858 2032/28/1856 2035/28/1859 
f 2038/28/1862 2035/28/1859 2036/28/1860 2039/28/1863 
f 2040/50/1864 2037/50/1861 2035/28/1859 2038/28/1862 
f 2041/28/1865 2038/28/1862 2039/28/1863 2042/28/1866 
f 2043/50/1867 2040/50/1864 2038/28/1862 2041/28/1865 
f 2044/28/1868 2041/28/1865 2042/28/1866 2045/28/1869 
f 2046/50/1870 2043/50/1867 2041/28/1865 2044/28/1868 
f 2047/28/1871 2044/28/1868 2045/28/1869 2048/28/1872 
f 2049/50/1873 2046/50/1870 2044/28/1868 2047/28/1871 
f 2050/28/1874 2047/28/1871 2048/28/1872 2051/28/1875 
f 2052/50/1876 2049/50/1873 2047/28/1871 2050/28/1874 
f 2053/28/1877 2050/28/1874 2051/28/1875 2054/28/1878 
f 2055/50/1879 2052/50/1876 2050/28/1874 2053/28/1877 
f 2054/28/1878 2056/28/1880 2057/28/1881 2053/28/1877 
f 2053/28/1877 2057/28/1881 2058/50/1882 2055/50/1879 
f 2056/28/1880 2059/28/1883 2060/28/1884 2057/28/1881 
f 2057/28/1881 2060/28/1884 2061/50/1885 2058/50/1882 
f 2062/28/1886 2060/28/1884 2059/28/1883 2063/28/1887 
f 2064/50/1888 2061/50/1885 2060/28/1884 2062/28/1886 
f 2065/28/1889 2062/28/1886 2063/28/1887 2066/28/1890 
f 2067/50/1891 2064/50/1888 2062/28/1886 2065/28/1889 
f 2066/28/1890 2068/28/1892 2069/28/1893 2065/28/1889 
f 2067/50/1891 2065/28/1889 2069/28/1893 2070/50/1894 
f 2068/28/1892 2071/28/1895 2072/28/1896 2069/28/1893 
f 2072/28/1896 2073/50/1897 2070/50/1894 2069/28/1893 
f 2074/50/1898 2075/50/1899 2076/50/1900 2077/50/1901 
f 2078/50/1902 2079/50/1901 2077/50/1901 2076/50/1900 
f 2080/50/1903 2081/50/1904 2082/50/1905 2083/50/1906 
f 2083/50/1906 2082/50/1905 2084/50/1907 2085/50/1908 
f 2086/50/1909 2087/50/1910 2085/50/1908 2084/50/1907 
f 2088/50/1911 2089/50/1912 2075/50/1899 2074/50/1898 
f 2019/50/1843 2015/28/1839 2090/241/1913 
f 2091/60/1715 1886/239/1715 1890/115/1718 1889/114/1718 
f 1993/19/1817 1992/19/1816 1988/104/1812 1987/104/1811 
f 1993/19/1817 1987/104/1811 2004/117/1828 2005/116/1829 
f 2005/19/1829 2004/107/1828 2012/107/1836 2013/19/1837 
f 2013/19/1837 2012/118/1836 2020/118/1844 2021/19/1845 
f 2092/19/1914 2093/19/1915 2094/118/1916 2095/242/1917 
f 2093/19/1915 2092/19/1914 2096/18/1918 2097/18/1919 
f 2098/50/1920 2099/50/1921 2100/118/1922 2094/118/1916 
f 2101/50/1923 2102/50/1924 2103/50/1925 
f 2104/50/1926 2105/50/1927 2106/50/1928 2107/50/1929 
f 2107/50/1929 2106/50/1928 2108/50/1930 2109/50/1931 
f 2110/50/1932 2111/50/1933 2109/50/1931 2108/50/1930 
f 2111/50/1933 2110/50/1932 2112/50/1934 2113/50/1935 
f 2113/50/1935 2112/50/1934 2114/50/1936 2115/50/1937 
f 2116/50/1938 2117/50/1939 2115/50/1937 2114/50/1936 
f 2117/50/1939 2116/50/1938 2118/50/1940 2119/50/1941 
f 2119/50/1941 2118/50/1940 2081/50/1904 2080/50/1903 
f 2120/48/1942 2121/48/1748 1924/17/1748 1923/17/1748 
f 2122/50/1902 2123/50/1943 2079/50/1901 2078/50/1902 
f 2124/7/1944 2125/121/1945 2126/120/1946 2127/36/1947 
f 2128/7/1948 2129/7/1949 2130/6/1950 2131/37/1951 
f 2131/37/1951 2130/6/1950 2132/9/1952 2133/39/1953 
f 2133/39/1953 2132/9/1952 2134/11/1954 2135/41/1955 
f 2135/41/1955 2134/11/1954 2136/13/1956 2137/43/1957 
f 2137/43/1957 2136/13/1956 2138/15/1958 2139/45/1959 
f 2139/45/1959 2138/15/1958 2140/16/1960 2141/16/1961 
f 2141/16/1961 2140/16/1960 2142/17/1962 2143/49/1963 
f 2144/19/1964 1808/18/1639 1807/18/1638 2145/19/1965 
f 2146/54/1966 2144/19/1964 2145/19/1965 2147/21/1967 
f 2146/54/1966 2147/21/1967 2148/23/1968 2149/52/1969 
f 2149/52/1969 2148/23/1968 2150/25/1970 2151/25/1971 
f 2151/25/1971 2150/25/1970 2152/27/1972 2153/56/1973 
f 2153/56/1973 2152/27/1972 2154/29/1974 2155/58/1975 
f 2155/58/1975 2154/29/1974 2156/30/1976 2157/30/1977 
f 2157/30/1977 2156/30/1976 2158/31/1978 2159/31/1979 
f 2159/31/1979 2158/31/1978 2160/32/1980 2161/32/1981 
f 2161/32/1981 2160/32/1980 2162/33/1982 2163/33/1983 
f 2163/33/1983 2162/33/1982 2164/34/1984 2165/34/1985 
f 2165/34/1985 2164/34/1984 2166/35/1986 2167/35/1987 
f 2167/35/1987 2166/35/1986 2168/36/1988 2169/36/1989 
f 2169/36/1989 2168/36/1988 2129/7/1949 2128/7/1948 
f 2124/7/1944 2170/7/1990 2171/38/1991 2172/47/1992 
f 2172/47/1992 2171/38/1991 2173/40/1993 
f 2172/47/1992 2173/40/1993 2174/42/1994 
f 2172/47/1992 2174/42/1994 2175/44/1995 
f 2172/47/1992 2175/44/1995 2176/46/1996 
f 2139/45/1959 2141/16/1961 2177/16/1997 2176/46/1996 
f 2178/17/1998 2179/17/1999 2180/243/2000 2181/76/2001 
f 1808/18/1639 2144/19/1964 2182/19/2002 1846/18/1677 
f 2144/19/1964 2146/54/1966 2183/51/2003 2182/19/2002 
f 2184/50/2004 2183/51/2003 2185/53/2005 
f 2184/50/2004 2185/53/2005 2186/55/2006 
f 2184/50/2004 2186/55/2006 2187/57/2007 
f 2184/50/2004 2187/57/2007 2188/59/2008 
f 2184/50/2004 2188/59/2008 2189/30/2009 2190/30/2010 
f 2157/30/1977 2159/31/1979 2191/31/2011 2189/30/2009 
f 2159/31/1979 2161/32/1981 2192/32/2012 2191/31/2011 
f 2161/32/1981 2163/33/1983 2193/33/2013 2192/32/2012 
f 2163/33/1983 2165/34/1985 2194/34/2014 2193/33/2013 
f 2165/34/1985 2167/35/1987 2195/35/2015 2194/34/2014 
f 2167/35/1987 2169/36/1989 2196/36/2016 2195/35/2015 
f 2127/36/1947 2196/36/2016 2170/7/1990 2124/7/1944 
f 2197/7/2017 2198/7/2018 2199/5/2019 2200/5/2020 
f 2201/8/2021 2202/8/2022 2199/5/2019 2203/5/2023 
f 2204/7/2018 2198/7/2018 2205/36/2024 2206/36/2025 
f 2206/36/2025 2205/36/2024 2207/35/2026 2208/35/2026 
f 2208/35/2026 2207/35/2026 2209/34/2027 2210/34/2027 
f 2210/34/2027 2209/34/2027 2211/33/2028 2212/33/2028 
f 2212/33/2028 2211/33/2028 2213/32/2029 2214/32/2029 
f 2214/32/2029 2213/32/2029 2215/31/2030 2216/31/2031 
f 2216/31/2031 2215/31/2030 2217/30/2032 2218/30/2033 
f 2218/30/2033 2217/30/2032 2219/28/2034 2220/28/2035 
f 2221/244/2036 2222/245/2037 2223/246/2038 2224/247/2039 
f 1892/18/1718 1891/18/1718 2225/19/2040 2226/19/2040 
f 2227/16/2041 2228/16/2041 2229/248/2042 2230/249/2043 
f 2230/14/2043 2229/14/2042 2231/12/2044 2232/12/2045 
f 2232/12/2045 2231/12/2044 2233/10/2046 2234/10/2047 
f 2234/10/2047 2233/10/2046 2202/8/2022 2201/8/2021 
f 2235/250/2048 2236/251/2049 2219/252/2034 2237/253/2050 
f 2124/7/1944 2172/47/1992 2238/134/2051 2125/121/1945 
f 2239/16/2052 2240/135/2053 2238/134/2051 2172/47/1992 
f 2241/160/2054 2242/159/2055 2240/135/2053 
f 2243/70/2056 2241/160/2054 2240/254/2053 
f 2178/17/1998 2244/255/2057 2240/256/2053 2239/16/2052 
f 2143/49/1963 2142/17/1962 1921/48/1746 1843/48/1674 
f 2143/49/1963 2179/17/1999 2177/16/1997 2141/16/1961 
f 2245/16/2058 2246/16/2058 2247/17/1942 2248/17/1942 
f 2181/76/2001 2249/163/2059 2244/257/2057 2178/17/1998 
f 2127/36/1947 2126/120/1946 2250/140/2060 2251/35/2061 
f 2251/35/2061 2250/140/2060 2252/142/2062 2253/34/2063 
f 2253/34/2063 2252/142/2062 2254/144/2064 2255/33/2065 
f 2255/33/2065 2254/144/2064 2256/87/2066 2257/32/2067 
f 2257/32/2067 2256/87/2066 2258/90/2068 2259/31/2069 
f 2260/194/2070 2261/148/2071 2258/90/2068 
f 2260/195/2070 2262/92/2072 2261/148/2071 
f 2260/196/2070 2263/94/2073 2262/93/2072 
f 2260/97/2070 2264/95/2074 1948/96/1772 2263/94/2073 
f 1950/99/1774 1953/99/1777 2265/98/2075 2266/98/2076 
f 2266/98/2076 2265/98/2075 2267/100/2077 2268/100/2078 
f 2268/100/2078 2267/100/2077 2269/84/2079 2270/84/2080 
f 2270/84/2080 2269/84/2079 2271/82/2081 2272/82/2082 
f 2272/82/2082 2271/82/2081 2273/80/2083 2274/80/2084 
f 2274/80/2084 2273/80/2083 2275/3/2085 2276/3/2086 
f 2276/3/2086 2275/3/2085 2277/2/2087 2278/2/2088 
f 2278/2/2088 2277/2/2087 2279/65/2089 2280/65/2090 
f 2280/65/2090 2279/65/2089 2281/67/2091 2282/67/2092 
f 2282/67/2092 2281/67/2091 2283/69/2093 2284/69/2094 
f 2284/69/2094 2283/69/2093 2285/71/2095 2286/71/2096 
f 2286/71/2096 2285/71/2095 2287/73/2097 2288/73/2098 
f 2288/73/2098 2287/73/2097 2289/75/2099 2290/75/2100 
f 2290/75/2100 2289/75/2099 2291/78/2101 2292/78/2102 
f 2292/78/2102 2291/78/2101 2293/77/2103 2294/77/2104 
f 2294/77/2104 2293/77/2103 1932/101/1756 1969/101/1793 
f 1950/99/1774 2266/98/2076 2295/98/2105 1970/99/1794 
f 2266/98/2076 2268/100/2078 2296/100/2106 2295/98/2105 
f 2268/100/2078 2270/84/2080 2297/84/2107 2296/100/2106 
f 2270/84/2080 2272/82/2082 2298/82/2108 2297/84/2107 
f 2272/82/2082 2274/80/2084 2299/80/2109 2298/82/2108 
f 2274/80/2084 2276/3/2086 2300/3/2110 2299/80/2109 
f 2276/3/2086 2278/2/2088 2301/2/2111 2300/3/2110 
f 2278/2/2088 2280/65/2090 2302/65/2112 2301/2/2111 
f 2280/65/2090 2282/67/2092 2303/67/2113 2302/65/2112 
f 2282/67/2092 2284/69/2094 2304/69/2114 2303/67/2113 
f 2284/69/2094 2286/71/2096 2305/71/2115 2304/69/2114 
f 2286/71/2096 2288/73/2098 2306/73/2116 2305/71/2115 
f 2288/73/2098 2290/75/2100 2307/75/2117 2306/73/2116 
f 2290/75/2100 2292/78/2102 2308/78/2118 2307/75/2117 
f 2292/78/2102 2294/77/2104 2309/77/2119 2308/78/2118 
f 2294/77/2104 1969/101/1793 1986/101/1810 2309/77/2119 
f 2310/102/2120 2311/103/2121 2312/20/2122 2313/20/2123 
f 1991/18/1815 1994/18/1818 2314/19/2124 2315/19/2125 
f 2316/24/2126 2317/26/2127 2318/26/2128 2319/24/2129 
f 2320/22/2130 2316/24/2126 2319/24/2129 2321/22/2131 
f 2312/20/2122 2320/22/2130 2321/22/2131 2313/20/2123 
f 2311/104/2121 2322/105/2132 2323/20/2133 2312/20/2122 
f 1994/18/1818 2006/18/1830 2324/19/2134 2314/19/2124 
f 2325/24/2135 2326/26/2136 2317/26/2127 2316/24/2126 
f 2327/22/2137 2325/24/2135 2316/24/2126 2320/22/2130 
f 2323/20/2133 2327/22/2137 2320/22/2130 2312/20/2122 
f 2323/20/2133 2322/60/2132 2328/107/2138 2329/20/2139 
f 2006/18/1830 2014/18/1838 2330/19/2140 2324/19/2134 
f 2331/24/2141 2332/26/2142 2326/26/2136 2325/24/2135 
f 2333/22/2143 2331/24/2141 2325/24/2135 2327/22/2137 
f 2329/20/2139 2333/22/2143 2327/22/2137 2323/20/2133 
f 2334/118/2144 2335/50/2145 2329/20/2139 2328/107/2138 
f 2014/18/1838 2022/18/1846 2336/19/2146 2330/19/2140 
f 2331/24/2141 2335/50/2145 2332/26/2142 
f 2333/22/2143 2335/50/2145 2331/24/2141 
f 2329/20/2139 2335/50/2145 2333/22/2143 
f 2337/28/2147 2338/28/2148 2326/28/2136 2332/28/2142 
f 2339/50/2149 2337/28/2147 2332/28/2142 2340/50/2150 
f 2341/28/2151 2342/28/2152 2338/28/2148 2337/28/2147 
f 2343/50/2153 2341/28/2151 2337/28/2147 2339/50/2149 
f 2326/28/2136 2338/113/2148 2317/28/2127 
f 2344/28/2154 2345/28/2155 2342/28/2152 2341/28/2151 
f 2346/50/2156 2344/28/2154 2341/28/2151 2343/50/2153 
f 2347/28/2157 2348/28/2158 2345/28/2155 2344/28/2154 
f 2349/50/2159 2347/28/2157 2344/28/2154 2346/50/2156 
f 2350/28/2160 2351/28/2161 2348/28/2158 2347/28/2157 
f 2352/50/2162 2350/28/2160 2347/28/2157 2349/50/2159 
f 2353/28/2163 2354/28/2164 2351/28/2161 2350/28/2160 
f 2355/50/2165 2353/28/2163 2350/28/2160 2352/50/2162 
f 2356/28/2166 2357/28/2167 2354/28/2164 2353/28/2163 
f 2358/50/2168 2356/28/2166 2353/28/2163 2355/50/2165 
f 2359/28/2169 2360/28/2170 2357/28/2167 2356/28/2166 
f 2361/50/2171 2359/28/2169 2356/28/2166 2358/50/2168 
f 2362/28/2172 2363/28/2173 2360/28/2170 2359/28/2169 
f 2364/50/2174 2362/28/2172 2359/28/2169 2361/50/2171 
f 2365/28/2175 2366/28/2176 2363/28/2173 2362/28/2172 
f 2367/50/2177 2365/28/2175 2362/28/2172 2364/50/2174 
f 2368/28/2178 2369/28/2179 2366/28/2176 2365/28/2175 
f 2370/50/2180 2368/28/2178 2365/28/2175 2367/50/2177 
f 2371/28/2181 2372/28/2182 2369/28/2179 2368/28/2178 
f 2373/50/2183 2371/28/2181 2368/28/2178 2370/50/2180 
f 2374/28/2184 2375/28/2185 2372/28/2182 2371/28/2181 
f 2376/50/2186 2374/28/2184 2371/28/2181 2373/50/2183 
f 2377/28/2187 2378/28/2188 2375/28/2185 2374/28/2184 
f 2379/50/2189 2377/28/2187 2374/28/2184 2376/50/2186 
f 2380/28/2190 2381/28/2191 2378/28/2188 2377/28/2187 
f 2382/50/2192 2380/28/2190 2377/28/2187 2379/50/2189 
f 2381/28/2191 2380/28/2190 2383/28/2193 2384/28/2194 
f 2382/50/2192 2385/50/2195 2383/28/2193 2380/28/2190 
f 2384/28/2194 2383/28/2193 2072/28/1896 2071/28/1895 
f 2072/28/1896 2383/28/2193 2385/50/2195 2073/50/1897 
f 2386/50/2196 2387/50/1902 2388/50/2197 2389/50/2198 
f 2387/50/1902 2386/50/2196 2390/50/1943 2391/50/1900 
f 2392/50/2199 2393/50/2200 2394/50/2201 2395/50/2202 
f 2396/50/2203 2397/50/2204 2393/50/2200 2392/50/2199 
f 2398/50/2205 2399/50/2206 2397/50/2204 2400/50/2207 
f 2401/50/2208 2402/50/2209 2399/50/2206 2403/50/2210 
f 2389/50/2198 2388/50/2197 2402/50/2209 2401/50/2208 
f 2335/50/2145 2340/50/2150 2332/28/2142 
f 2314/19/2124 2311/104/2121 2310/104/2120 2315/19/2125 
f 2314/19/2124 2324/116/2134 2322/117/2132 2311/104/2121 
f 2324/19/2134 2330/19/2140 2328/107/2138 2322/107/2132 
f 2330/19/2140 2336/19/2146 2334/118/2144 2328/118/2138 
f 2404/118/2211 2405/118/2212 2406/258/2213 
f 2097/18/1919 2096/18/1918 2407/19/1915 2408/19/2214 
f 2405/118/2212 2404/118/2211 2409/259/2215 2410/260/2216 
f 2411/50/2217 2412/50/2218 2410/50/2216 2413/50/2219 
f 2414/50/2220 2415/50/2221 2412/50/2218 2416/50/2222 
f 2417/50/2223 2418/50/2224 2415/50/2221 2414/50/2220 
f 2419/50/2225 2420/50/2226 2418/50/2224 2417/50/2223 
f 2420/50/2226 2419/50/2225 2421/50/2227 2422/50/2228 
f 2423/50/2229 2424/50/2230 2422/50/2228 2421/50/2227 
f 2425/50/2231 2426/50/2232 2424/50/2230 2423/50/2229 
f 2426/50/2232 2425/50/2231 2427/50/2233 2428/50/2234 
f 2429/50/2235 2430/50/2236 2428/50/2234 2427/50/2233 
f 2395/50/2202 2394/50/2201 2430/50/2236 2429/50/2235 
f 2248/17/1942 2247/17/1942 2121/48/1748 2120/48/1942 
f 2391/50/1900 2390/50/1943 2123/50/1943 2122/50/1902 
f 2366/5/2176 2431/5/2237 2432/7/2238 2363/7/2173 
f 2369/8/2179 2433/8/2239 2431/5/2237 2366/5/2176 
f 2432/7/2238 2434/36/2240 2360/36/2170 2363/7/2173 
f 2434/36/2240 2435/35/2241 2357/35/2167 2360/36/2170 
f 2435/35/2241 2436/34/2242 2354/34/2164 2357/35/2167 
f 2354/34/2164 2436/34/2242 2437/33/2243 2351/33/2161 
f 2351/33/2161 2437/33/2243 2438/32/2244 2348/32/2158 
f 2438/32/2244 2439/31/2245 2345/31/2155 2348/32/2158 
f 2345/31/2155 2439/31/2245 2440/30/2246 2342/30/2152 
f 2318/261/2128 2342/30/2152 2440/30/2246 
f 2441/20/2247 2442/117/2248 2443/154/2249 2444/20/2250 
f 2378/14/2188 2445/14/2251 2446/12/2252 2375/12/2185 
f 2375/12/2185 2446/12/2252 2447/10/2253 2372/10/2182 
f 2372/10/2182 2447/10/2253 2433/8/2239 2369/8/2179 
f 2448/26/2254 2449/26/2255 2450/24/2256 2451/24/2257 
f 2450/24/2256 2452/22/2258 2453/22/2259 2451/24/2257 
f 2452/22/2258 2441/20/2247 2444/20/2250 2453/22/2259 
f 2448/28/2254 2454/28/2260 2455/30/2261 2456/30/2262 
f 2456/30/2262 2455/30/2261 2457/31/2263 2458/31/2264 
f 2458/31/2264 2457/31/2263 2459/32/2265 2460/32/2266 
f 2460/32/2266 2459/32/2265 2461/33/2267 2462/33/2268 
f 2462/33/2268 2461/33/2267 2463/34/2269 2464/34/2270 
f 2464/34/2270 2463/34/2269 2465/35/2271 2466/35/2272 
f 2466/35/2272 2465/35/2271 2467/36/2273 2468/36/2274 
f 2468/36/2274 2467/36/2273 2469/7/2275 2470/7/2276 
f 2470/7/2276 2469/7/2275 2471/5/2277 2472/5/2278 
f 2471/5/2277 2473/8/2279 2474/8/2280 2472/5/2278 
f 2473/8/2279 2475/10/2281 2476/10/2282 2474/8/2280 
f 2475/10/2281 2477/12/2283 2478/12/2284 2476/10/2282 
f 2477/12/2283 2479/14/2285 2480/14/2286 2478/12/2284 
f 2445/209/2251 2378/14/2188 2381/16/2191 2481/16/2041 
f 2313/20/2123 2482/20/2287 2483/155/2288 2310/102/2120 
f 2482/20/2287 2444/20/2250 2443/154/2249 2483/155/2288 
f 2442/117/2248 2441/20/2247 2484/20/2289 2485/156/2290 
f 2318/26/2128 2454/26/2260 2486/24/2291 2319/24/2129 
f 2454/26/2260 2448/26/2254 2451/24/2257 2486/24/2291 
f 2450/24/2256 2449/26/2255 2487/26/2292 2488/24/2293 
f 2319/24/2129 2486/24/2291 2489/22/2294 2321/22/2131 
f 2451/24/2257 2453/22/2259 2489/22/2294 2486/24/2291 
f 2452/22/2258 2450/24/2256 2488/24/2293 2490/22/2295 
f 2321/22/2131 2489/22/2294 2482/20/2287 2313/20/2123 
f 2489/22/2294 2453/22/2259 2444/20/2250 2482/20/2287 
f 2441/20/2247 2452/22/2258 2490/22/2295 2484/20/2289 
f 2487/28/2292 2449/28/2255 2491/30/2296 2492/30/2297 
f 2448/28/2254 2456/30/2262 2491/30/2296 2449/28/2255 
f 2454/28/2260 2318/261/2128 2440/30/2246 2455/30/2261 
f 2492/30/2297 2491/30/2296 2493/31/2298 2494/31/2299 
f 2491/30/2296 2456/30/2262 2458/31/2264 2493/31/2298 
f 2439/31/2245 2457/31/2263 2455/30/2261 2440/30/2246 
f 2494/31/2299 2493/31/2298 2495/32/2300 2496/32/2301 
f 2493/31/2298 2458/31/2264 2460/32/2266 2495/32/2300 
f 2438/32/2244 2459/32/2265 2457/31/2263 2439/31/2245 
f 2496/32/2301 2495/32/2300 2497/33/2302 2498/33/2303 
f 2495/32/2300 2460/32/2266 2462/33/2268 2497/33/2302 
f 2437/33/2243 2461/33/2267 2459/32/2265 2438/32/2244 
f 2498/33/2303 2497/33/2302 2499/34/2304 2500/34/2305 
f 2497/33/2302 2462/33/2268 2464/34/2270 2499/34/2304 
f 2436/34/2242 2463/34/2269 2461/33/2267 2437/33/2243 
f 2500/34/2305 2499/34/2304 2501/35/2306 2502/35/2307 
f 2499/34/2304 2464/34/2270 2466/35/2272 2501/35/2306 
f 2435/35/2241 2465/35/2271 2463/34/2269 2436/34/2242 
f 2502/35/2307 2501/35/2306 2503/36/2308 2504/36/2309 
f 2501/35/2306 2466/35/2272 2468/36/2274 2503/36/2308 
f 2434/36/2240 2467/36/2273 2465/35/2271 2435/35/2241 
f 2504/36/2309 2503/36/2308 2505/7/2310 2506/7/2311 
f 2503/36/2308 2468/36/2274 2470/7/2276 2505/7/2310 
f 2432/7/2238 2469/7/2275 2467/36/2273 2434/36/2240 
f 2506/7/2311 2505/7/2310 2507/5/2312 2508/5/2313 
f 2505/7/2310 2470/7/2276 2472/5/2278 2507/5/2312 
f 2431/5/2237 2471/5/2277 2469/7/2275 2432/7/2238 
f 2508/5/2313 2507/5/2312 2509/8/2314 2510/8/2315 
f 2472/5/2278 2474/8/2280 2509/8/2314 2507/5/2312 
f 2473/8/2279 2471/5/2277 2431/5/2237 2433/8/2239 
f 2510/8/2315 2509/8/2314 2511/10/2316 2512/10/2317 
f 2474/8/2280 2476/10/2282 2511/10/2316 2509/8/2314 
f 2475/10/2281 2473/8/2279 2433/8/2239 2447/10/2253 
f 2512/10/2317 2511/10/2316 2513/12/2318 2514/12/2319 
f 2511/10/2316 2476/10/2282 2478/12/2284 2513/12/2318 
f 2477/12/2283 2475/10/2281 2447/10/2253 2446/12/2252 
f 2514/12/2319 2513/12/2318 2515/14/2320 2516/14/2321 
f 2513/12/2318 2478/12/2284 2480/14/2286 2515/14/2320 
f 2479/14/2285 2477/12/2283 2446/12/2252 2445/14/2251 
f 2315/19/2125 2310/102/2120 2483/155/2288 2517/207/2040 
f 2342/30/2152 2318/261/2128 2317/28/2127 2338/113/2148 
f 2518/50/2322 2403/50/2210 2399/50/2206 
f 2398/50/2205 2518/50/2322 2399/50/2206 
f 2519/50/2323 2400/50/2207 2397/50/2204 
f 2396/50/2203 2519/50/2323 2397/50/2204 
f 2520/50/2324 2410/260/2216 2409/259/2215 
f 2521/50/2325 2413/50/2219 2410/50/2216 
f 2520/50/2324 2521/50/2325 2410/50/2216 
f 1970/99/1794 2522/99/2326 2523/98/2327 1971/98/1795 
f 1971/98/1795 2523/98/2327 2524/100/2328 1972/100/1796 
f 1972/100/1796 2524/100/2328 2525/84/2329 1973/84/1797 
f 1973/84/1797 2525/84/2329 2526/82/2330 1974/82/1798 
f 1974/82/1798 2526/82/2330 2527/80/2331 1975/80/1799 
f 1975/80/1799 2527/80/2331 2528/3/2332 1976/3/1800 
f 1976/3/1800 2528/3/2332 2529/2/2333 1977/2/1801 
f 1977/2/1801 2529/2/2333 2530/65/2334 1978/65/1802 
f 1978/65/1802 2530/65/2334 2531/67/2335 1979/67/1803 
f 1979/67/1803 2531/67/2335 2532/69/2336 1980/69/1804 
f 1980/69/1804 2532/69/2336 2533/71/2337 1981/71/1805 
f 1981/71/1805 2533/71/2337 2534/73/2338 1982/73/1806 
f 1982/73/1806 2534/73/2338 2535/75/2339 1983/75/1807 
f 1983/75/1807 2535/75/2339 2536/78/2340 1984/78/1808 
f 1984/78/1808 2536/78/2340 2537/77/2341 1985/77/1809 
f 1985/77/1809 2537/77/2341 2538/101/2342 1986/101/1810 
f 2295/98/2105 2539/98/2343 2522/99/2326 1970/99/1794 
f 2296/100/2106 2540/100/2344 2539/98/2343 2295/98/2105 
f 2297/84/2107 2541/84/2345 2540/100/2344 2296/100/2106 
f 2298/82/2108 2542/82/2346 2541/84/2345 2297/84/2107 
f 2299/80/2109 2543/80/2347 2542/82/2346 2298/82/2108 
f 2300/3/2110 2544/3/2348 2543/80/2347 2299/80/2109 
f 2301/2/2111 2545/2/2349 2544/3/2348 2300/3/2110 
f 2302/65/2112 2546/65/2350 2545/2/2349 2301/2/2111 
f 2303/67/2113 2547/67/2351 2546/65/2350 2302/65/2112 
f 2304/69/2114 2548/69/2352 2547/67/2351 2303/67/2113 
f 2305/71/2115 2549/71/2353 2548/69/2352 2304/69/2114 
f 2306/73/2116 2550/73/2354 2549/71/2353 2305/71/2115 
f 2307/75/2117 2551/75/2355 2550/73/2354 2306/73/2116 
f 2308/78/2118 2552/78/2356 2551/75/2355 2307/75/2117 
f 2309/77/2119 2553/77/2357 2552/78/2356 2308/78/2118 
f 1986/101/1810 2538/101/2342 2553/77/2357 2309/77/2119 
f 2523/98/2327 2522/99/2326 2554/99/2358 2555/98/2359 
f 2524/100/2328 2523/98/2327 2555/98/2359 2556/100/2360 
f 2525/84/2329 2524/100/2328 2556/100/2360 2557/84/2361 
f 2526/82/2330 2525/84/2329 2557/84/2361 2558/82/2362 
f 2527/80/2331 2526/82/2330 2558/82/2362 2559/80/2363 
f 2528/3/2332 2527/80/2331 2559/80/2363 2560/3/2364 
f 2529/2/2333 2528/3/2332 2560/3/2364 2561/2/2365 
f 2530/65/2334 2529/2/2333 2561/2/2365 2562/65/2366 
f 2531/67/2335 2530/65/2334 2562/65/2366 2563/67/2367 
f 2532/69/2336 2531/67/2335 2563/67/2367 2564/69/2368 
f 2533/71/2337 2532/69/2336 2564/69/2368 2565/71/2369 
f 2534/73/2338 2533/71/2337 2565/71/2369 2566/73/2370 
f 2535/75/2339 2534/73/2338 2566/73/2370 2567/75/2371 
f 2536/78/2340 2535/75/2339 2567/75/2371 2568/78/2372 
f 2537/77/2341 2536/78/2340 2568/78/2372 2569/77/2373 
f 2538/101/2342 2537/77/2341 2569/77/2373 2570/101/2374 
f 2522/99/2326 2539/98/2343 2571/98/2375 2554/99/2358 
f 2539/98/2343 2540/100/2344 2572/100/2376 2571/98/2375 
f 2540/100/2344 2541/84/2345 2573/84/2377 2572/100/2376 
f 2541/84/2345 2542/82/2346 2574/82/2378 2573/84/2377 
f 2542/82/2346 2543/80/2347 2575/80/2379 2574/82/2378 
f 2543/80/2347 2544/3/2348 2576/3/2380 2575/80/2379 
f 2544/3/2348 2545/2/2349 2577/2/2381 2576/3/2380 
f 2545/2/2349 2546/65/2350 2578/65/2382 2577/2/2381 
f 2546/65/2350 2547/67/2351 2579/67/2383 2578/65/2382 
f 2547/67/2351 2548/69/2352 2580/69/2384 2579/67/2383 
f 2548/69/2352 2549/71/2353 2581/71/2385 2580/69/2384 
f 2549/71/2353 2550/73/2354 2582/73/2386 2581/71/2385 
f 2550/73/2354 2551/75/2355 2583/75/2387 2582/73/2386 
f 2551/75/2355 2552/78/2356 2584/78/2388 2583/75/2387 
f 2552/78/2356 2553/77/2357 2585/77/2389 2584/78/2388 
f 2553/77/2357 2538/101/2342 2570/101/2374 2585/77/2389 
f 2586/99/2390 2587/99/2391 2588/98/2392 2589/98/2393 
f 2589/98/2393 2588/98/2392 2590/100/2394 2591/100/2395 
f 2591/100/2395 2590/100/2394 2592/84/2396 2593/84/2397 
f 2593/84/2397 2592/84/2396 2594/82/2398 2595/82/2399 
f 2595/82/2399 2594/82/2398 2596/80/2400 2597/80/2401 
f 2597/80/2401 2596/80/2400 2598/3/2402 2599/3/2403 
f 2599/3/2403 2598/3/2402 2600/2/2404 2601/2/2405 
f 2601/2/2405 2600/2/2404 2602/65/2406 2603/65/2407 
f 2603/65/2407 2602/65/2406 2604/67/2408 2605/67/2409 
f 2605/67/2409 2604/67/2408 2606/69/2410 2607/69/2411 
f 2607/69/2411 2606/69/2410 2608/71/2412 2609/71/2413 
f 2609/71/2413 2608/71/2412 2610/73/2414 2611/73/2415 
f 2611/73/2415 2610/73/2414 2612/75/2416 2613/75/2417 
f 2613/75/2417 2612/75/2416 2614/78/2418 2615/78/2419 
f 2615/78/2419 2614/78/2418 2616/77/2420 2617/77/2421 
f 2617/77/2421 2616/77/2420 2618/101/2422 2619/101/2423 
f 2620/98/2424 2621/98/2425 2587/99/2391 2586/99/2390 
f 2622/100/2426 2623/100/2427 2621/98/2425 2620/98/2424 
f 2624/84/2428 2625/84/2429 2623/100/2427 2622/100/2426 
f 2626/82/2430 2627/82/2431 2625/84/2429 2624/84/2428 
f 2628/80/2432 2629/80/2433 2627/82/2431 2626/82/2430 
f 2630/3/2434 2631/3/2435 2629/80/2433 2628/80/2432 
f 2632/2/2436 2633/2/2437 2631/3/2435 2630/3/2434 
f 2634/65/2438 2635/65/2439 2633/2/2437 2632/2/2436 
f 2636/67/2440 2637/67/2441 2635/65/2439 2634/65/2438 
f 2638/69/2442 2639/69/2443 2637/67/2441 2636/67/2440 
f 2640/71/2444 2641/71/2445 2639/69/2443 2638/69/2442 
f 2642/73/2446 2643/73/2447 2641/71/2445 2640/71/2444 
f 2644/75/2448 2645/75/2449 2643/73/2447 2642/73/2446 
f 2646/78/2450 2647/78/2451 2645/75/2449 2644/75/2448 
f 2648/77/2452 2649/77/2453 2647/78/2451 2646/78/2450 
f 2619/101/2423 2618/101/2422 2649/77/2453 2648/77/2452 
f 2589/98/2393 2555/98/2359 2554/99/2358 2586/99/2390 
f 2591/100/2395 2556/100/2360 2555/98/2359 2589/98/2393 
f 2593/84/2397 2557/84/2361 2556/100/2360 2591/100/2395 
f 2595/82/2399 2558/82/2362 2557/84/2361 2593/84/2397 
f 2597/80/2401 2559/80/2363 2558/82/2362 2595/82/2399 
f 2599/3/2403 2560/3/2364 2559/80/2363 2597/80/2401 
f 2601/2/2405 2561/2/2365 2560/3/2364 2599/3/2403 
f 2603/65/2407 2562/65/2366 2561/2/2365 2601/2/2405 
f 2605/67/2409 2563/67/2367 2562/65/2366 2603/65/2407 
f 2607/69/2411 2564/69/2368 2563/67/2367 2605/67/2409 
f 2609/71/2413 2565/71/2369 2564/69/2368 2607/69/2411 
f 2611/73/2415 2566/73/2370 2565/71/2369 2609/71/2413 
f 2613/75/2417 2567/75/2371 2566/73/2370 2611/73/2415 
f 2615/78/2419 2568/78/2372 2567/75/2371 2613/75/2417 
f 2617/77/2421 2569/77/2373 2568/78/2372 2615/78/2419 
f 2619/101/2423 2570/101/2374 2569/77/2373 2617/77/2421 
f 2586/99/2390 2554/99/2358 2571/98/2375 2620/98/2424 
f 2620/98/2424 2571/98/2375 2572/100/2376 2622/100/2426 
f 2622/100/2426 2572/100/2376 2573/84/2377 2624/84/2428 
f 2624/84/2428 2573/84/2377 2574/82/2378 2626/82/2430 
f 2626/82/2430 2574/82/2378 2575/80/2379 2628/80/2432 
f 2628/80/2432 2575/80/2379 2576/3/2380 2630/3/2434 
f 2630/3/2434 2576/3/2380 2577/2/2381 2632/2/2436 
f 2632/2/2436 2577/2/2381 2578/65/2382 2634/65/2438 
f 2634/65/2438 2578/65/2382 2579/67/2383 2636/67/2440 
f 2636/67/2440 2579/67/2383 2580/69/2384 2638/69/2442 
f 2638/69/2442 2580/69/2384 2581/71/2385 2640/71/2444 
f 2640/71/2444 2581/71/2385 2582/73/2386 2642/73/2446 
f 2642/73/2446 2582/73/2386 2583/75/2387 2644/75/2448 
f 2644/75/2448 2583/75/2387 2584/78/2388 2646/78/2450 
f 2646/78/2450 2584/78/2388 2585/77/2389 2648/77/2452 
f 2648/77/2452 2585/77/2389 2570/101/2374 2619/101/2423 
f 1938/85/1762 1939/86/1763 1955/100/1779 1937/84/1761 
f 1955/100/1779 1939/86/1763 1942/89/1766 1952/98/1776 
f 1942/97/1766 2264/95/2074 1953/99/1777 1952/98/1776 
f 1953/99/1777 2264/95/2074 2260/97/2070 2265/98/2075 
f 2260/147/2070 2650/146/2454 2267/100/2077 2265/98/2075 
f 2267/100/2077 2650/146/2454 2651/145/2455 2269/84/2079 
f 2269/84/2079 2651/145/2455 2652/143/2456 2271/82/2081 
f 2271/82/2081 2652/143/2456 2653/141/2457 2273/80/2083 
f 2273/80/2083 2653/141/2457 2654/139/2458 2275/3/2085 
f 2275/3/2085 2654/139/2458 2655/157/2459 2277/2/2087 
f 2655/157/2459 2656/158/2460 2279/65/2089 2277/2/2087 
f 2656/158/2460 2242/159/2055 2281/67/2091 2279/65/2089 
f 2242/159/2055 2241/160/2054 2283/69/2093 2281/67/2091 
f 2241/160/2054 2243/70/2056 2285/71/2095 2283/69/2093 
f 2285/71/2095 2243/70/2056 2657/161/2461 2287/73/2097 
f 2657/161/2461 2658/162/2462 2289/75/2099 2287/73/2097 
f 2658/162/2462 2249/163/2059 2291/78/2101 2289/75/2099 
f 2293/77/2103 2291/78/2101 2249/163/2059 2181/76/2001 
f 2293/77/2103 2181/76/2001 1931/48/1755 1932/101/1756 
f 1938/85/1762 1936/83/1760 2659/164/2463 1940/88/1764 
f 1936/83/1760 1934/81/1758 2660/165/2464 2659/164/2463 
f 1934/81/1758 1784/4/1615 2661/166/2465 2660/165/2464 
f 1784/4/1615 1783/1/1614 2662/167/2466 2661/166/2465 
f 1783/1/1614 1912/64/1737 2663/168/2467 2662/167/2466 
f 1912/64/1737 1914/66/1739 2664/135/2468 2663/168/2467 
f 1916/68/1741 2664/169/2468 1914/66/1739 
f 1918/70/1743 2664/170/2468 1916/68/1741 
f 2665/262/2469 2666/17/2470 2667/16/2471 2664/136/2468 
f 1929/79/1753 1928/240/1752 2666/17/2470 2665/263/2469 
f 2668/50/2472 2669/50/2473 2670/50/2474 2671/50/2475 
f 2669/50/2473 2672/50/2476 2673/50/2477 2670/50/2474 
f 2674/50/2478 2675/50/2479 2676/50/2480 2677/50/2481 
f 2678/50/2482 2679/50/2483 2680/50/2484 2681/50/2485 
f 2679/50/2483 2682/50/2486 2683/50/2487 2680/50/2484 
f 2682/50/2486 2684/50/2488 2685/50/2489 2683/50/2487 
f 2684/50/2488 2686/50/2490 2687/50/2491 2685/50/2489 
f 2686/50/2490 2688/50/2492 2689/50/2493 2687/50/2491 
f 2688/50/2492 2690/50/2494 2691/50/2495 2689/50/2493 
f 2690/50/2494 2692/50/2496 2693/50/2497 2691/50/2495 
f 2692/50/2496 2668/50/2472 2671/50/2475 2693/50/2497 
f 2694/19/2498 2695/174/2499 2696/181/2500 2697/19/2501 
f 2698/18/2502 2694/19/2498 2697/19/2501 2699/18/2503 
f 2700/118/2504 2701/176/2505 2702/264/2506 2703/118/2507 
f 2704/19/2508 2698/18/2502 2699/18/2503 2705/19/2509 
f 2706/178/2510 2700/118/2504 2703/118/2507 2707/178/2511 
f 2706/178/2510 2707/178/2511 2708/50/2512 2709/50/2513 
f 2710/50/2514 2711/50/2515 2712/50/2516 2713/50/2517 
f 2711/50/2515 2714/50/2518 2715/50/2519 2712/50/2516 
f 2714/50/2518 2716/50/2520 2717/50/2521 2715/50/2519 
f 2718/50/2522 2710/50/2514 2713/50/2517 2719/50/2523 
f 2720/50/2524 2721/50/2525 2722/50/2526 2723/50/2527 
f 2724/50/2528 2720/50/2524 2723/50/2527 2725/50/2529 
f 2726/50/2530 2727/50/2531 2728/50/2532 2729/50/2533 
f 2721/50/2525 2726/50/2530 2729/50/2533 2722/50/2526 
f 2716/50/2520 2724/50/2528 2725/50/2529 2717/50/2521 
f 2730/50/2534 2731/50/2535 2728/50/2532 2727/50/2531 
f 2730/50/2534 2732/50/2536 2733/50/2537 2731/50/2535 
f 2734/50/2538 2735/50/2539 2736/50/2540 2672/50/2476 
f 2718/50/2522 2719/50/2523 2737/50/2541 
f 2738/50/2542 2739/50/2543 2740/180/2544 2741/118/2545 
f 2674/50/2478 2677/50/2481 2742/50/2546 
f 2743/118/2547 2744/118/2548 2745/265/2549 2746/266/2550 
f 2747/19/2551 2748/19/2552 2749/18/2552 2750/18/2553 
f 2751/19/2554 2752/19/2555 2753/258/2556 2754/267/2557 
f 2750/18/2553 2749/18/2552 2752/19/2555 2751/19/2554 
f 2755/178/2558 2756/178/2559 2757/118/2560 
f 2758/50/2561 2759/50/2562 2760/50/2563 2761/50/2564 
f 2762/50/2565 2763/50/2566 2759/50/2562 2758/50/2561 
f 2764/50/2567 2765/50/2568 2766/50/2569 2767/50/2570 
f 2768/50/2571 2769/50/2562 2765/50/2568 2764/50/2567 
f 2770/50/2572 2771/50/2573 2769/50/2562 2768/50/2571 
f 2772/50/2574 2773/50/2575 2771/50/2573 2770/50/2572 
f 2774/50/2576 2775/50/2577 2773/50/2575 2772/50/2574 
f 2776/50/2578 2777/50/2579 2775/50/2577 2774/50/2576 
f 2778/50/2580 2779/50/2562 2777/50/2579 2776/50/2578 
f 2780/50/2581 2781/50/2579 2779/50/2562 2778/50/2580 
f 2761/50/2564 2760/50/2563 2781/50/2579 2780/50/2581 
f 2782/50/2582 2783/50/2583 2784/50/2584 2785/50/2585 
f 2786/50/2586 2787/50/2587 2783/50/2583 2782/50/2582 
f 2788/50/2588 2789/50/2589 2787/50/2587 2786/50/2586 
f 2785/50/2585 2784/50/2584 2790/50/2590 2791/50/2591 
f 2792/50/2592 2793/50/2593 2794/50/2594 2795/50/2595 
f 2795/50/2595 2794/50/2594 2796/50/2596 2797/50/2588 
f 2798/50/2597 2799/50/2598 2800/50/2599 
f 2799/50/2598 2798/50/2597 2793/50/2593 2792/50/2592 
f 2797/50/2588 2796/50/2596 2789/50/2589 2788/50/2588 
f 2798/50/2597 2800/50/2599 2801/50/2600 
f 2802/50/2601 2803/50/2602 2804/50/2603 2805/50/2604 
f 2806/50/2605 2791/50/2591 2790/50/2590 2807/50/2606 
f 2808/185/2607 2809/50/2608 2810/50/2609 2811/185/2610 
f 2812/50/2611 2813/50/2612 2814/50/2613 2815/50/2614 
f 2761/50/2564 2816/50/2615 2817/50/2616 2758/50/2561 
f 2758/50/2561 2817/50/2616 2818/50/2617 2762/50/2565 
f 2813/50/2612 2819/50/2618 2820/50/2619 2767/50/2570 
f 2764/50/2567 2821/50/2620 2822/50/2621 2768/50/2571 
f 2768/50/2571 2822/50/2621 2823/50/2622 2770/50/2572 
f 2770/50/2572 2823/50/2622 2824/50/2623 2772/50/2574 
f 2772/50/2574 2824/50/2623 2825/50/2624 2774/50/2576 
f 2774/50/2576 2825/50/2624 2826/50/2625 2776/50/2578 
f 2776/50/2578 2826/50/2625 2827/50/2626 2778/50/2580 
f 2778/50/2580 2827/50/2626 2828/50/2627 2780/50/2581 
f 2780/50/2581 2828/50/2627 2816/50/2615 2761/50/2564 
f 2747/19/2551 2829/19/2628 2830/268/2629 2746/266/2550 
f 2750/18/2553 2831/18/2630 2829/19/2628 2747/19/2551 
f 2757/118/2560 2832/118/2631 2833/269/2632 2754/267/2557 
f 2751/19/2554 2834/19/2633 2831/18/2630 2750/18/2553 
f 2835/178/2634 2836/118/2635 2832/118/2631 2837/178/2636 
f 2838/50/2637 2839/50/2638 2837/178/2636 2756/178/2559 
f 2785/50/2585 2840/50/2639 2841/50/2640 2782/50/2582 
f 2782/50/2582 2841/50/2640 2842/50/2641 2786/50/2586 
f 2786/50/2586 2842/50/2641 2843/50/2642 2788/50/2588 
f 2791/50/2591 2844/50/2643 2840/50/2639 2785/50/2585 
f 2795/50/2595 2845/50/2644 2846/50/2645 2792/50/2592 
f 2797/50/2588 2847/50/2646 2845/50/2644 2795/50/2595 
f 2799/50/2598 2848/50/2647 2849/50/2648 2800/50/2599 
f 2792/50/2592 2846/50/2645 2848/50/2647 2799/50/2598 
f 2788/50/2588 2843/50/2642 2847/50/2646 2797/50/2588 
f 2800/50/2599 2849/50/2648 2850/50/2649 2801/50/2600 
f 2851/50/2650 2852/50/2651 2853/50/2652 2850/50/2649 
f 2854/50/2653 2855/50/2654 2856/50/2655 2818/50/2617 
f 2857/50/2656 2858/50/2657 2859/50/2658 2860/50/2659 
f 2861/118/2660 2862/185/2661 2863/185/2662 2864/118/2663 
f 2865/50/2664 2866/50/2665 2867/50/2666 2868/50/2667 
f 2810/50/2609 2869/50/2668 2870/185/2669 2811/185/2610 
f 2814/50/2613 2871/50/2670 2872/50/2671 2815/50/2614 
f 2869/50/2668 2873/50/2672 2874/185/2673 2870/185/2669 
f 2871/50/2670 2875/50/2674 2876/50/2675 2872/50/2671 
f 2877/118/2676 2878/118/2677 2745/118/2549 2744/118/2548 
f 2879/118/2678 2880/118/2679 2878/118/2677 2877/118/2676 
f 2881/118/2680 2882/118/2681 2749/118/2552 2748/118/2552 
f 2883/118/2682 2884/118/2682 2882/118/2681 2881/118/2680 
f 2882/118/2681 2885/118/2683 2752/118/2555 2749/118/2552 
f 2884/118/2682 2886/118/2684 2885/118/2683 2882/118/2681 
f 2885/118/2683 2887/118/2685 2753/118/2556 2752/118/2555 
f 2886/118/2684 2888/118/2686 2887/118/2685 2885/118/2683 
f 2814/50/2613 2766/50/2569 2889/50/2687 2871/50/2670 
f 2871/50/2670 2889/50/2687 2890/50/2688 2875/50/2674 
f 2765/50/2568 2769/50/2562 2891/50/2689 2892/50/2690 
f 2892/50/2690 2891/50/2689 2893/50/2691 2894/50/2691 
f 2769/50/2562 2771/50/2573 2895/50/2692 2891/50/2689 
f 2891/50/2689 2895/50/2692 2896/50/2693 2893/50/2691 
f 2771/50/2573 2773/50/2575 2897/50/2694 2895/50/2692 
f 2895/50/2692 2897/50/2694 2898/50/2695 2896/50/2693 
f 2773/50/2575 2775/50/2577 2899/50/2696 2897/50/2694 
f 2897/50/2694 2899/50/2696 2900/50/2697 2898/50/2695 
f 2775/50/2577 2777/50/2579 2901/50/2698 2899/50/2696 
f 2899/50/2696 2901/50/2698 2902/50/2699 2900/50/2697 
f 2777/50/2579 2779/50/2562 2903/50/2689 2901/50/2698 
f 2901/50/2698 2903/50/2689 2904/50/2700 2902/50/2699 
f 2779/50/2562 2781/50/2579 2905/50/2701 2903/50/2689 
f 2903/50/2689 2905/50/2701 2906/50/2702 2904/50/2700 
f 2781/50/2579 2760/50/2563 2907/50/2689 2905/50/2701 
f 2905/50/2701 2907/50/2689 2908/50/2703 2906/50/2702 
f 2760/50/2563 2759/50/2562 2909/50/2704 2907/50/2689 
f 2907/50/2689 2909/50/2704 2910/50/2705 2908/50/2703 
f 2759/50/2562 2763/50/2566 2911/50/2706 2909/50/2704 
f 2909/50/2704 2911/50/2706 2912/50/2707 2910/50/2705 
f 2763/50/2566 2805/50/2604 2913/50/2708 2911/50/2706 
f 2911/50/2706 2913/50/2708 2914/50/2709 2912/50/2707 
f 2804/50/2603 2807/50/2606 2915/50/2710 2916/50/2711 
f 2916/50/2711 2915/50/2710 2917/50/2712 2918/50/2713 
f 2919/50/2714 2914/50/2709 2918/50/2713 
f 2790/50/2590 2784/50/2584 2920/50/2715 2921/50/2716 
f 2921/50/2716 2920/50/2715 2922/50/2717 2923/50/2718 
f 2784/50/2584 2783/50/2583 2924/50/2715 2920/50/2715 
f 2920/50/2715 2924/50/2715 2925/50/2717 2922/50/2717 
f 2783/50/2583 2787/50/2587 2926/50/2719 2924/50/2715 
f 2924/50/2715 2926/50/2719 2927/50/2717 2925/50/2717 
f 2787/50/2587 2789/50/2589 2928/50/2719 2926/50/2719 
f 2926/50/2719 2928/50/2719 2929/50/2717 2927/50/2717 
f 2789/50/2589 2796/50/2596 2930/50/2719 2928/50/2719 
f 2928/50/2719 2930/50/2719 2931/50/2720 2929/50/2717 
f 2796/50/2596 2794/50/2594 2932/50/2721 2930/50/2719 
f 2930/50/2719 2932/50/2721 2933/50/2720 2931/50/2720 
f 2794/50/2594 2793/50/2593 2934/50/2722 2932/50/2721 
f 2932/50/2721 2934/50/2722 2935/50/2723 2933/50/2720 
f 2793/50/2593 2798/50/2597 2936/50/2724 2934/50/2722 
f 2934/50/2722 2936/50/2724 2937/50/2725 2935/50/2723 
f 2672/50/2476 2736/50/2540 2673/50/2477 
f 2762/50/2565 2802/50/2601 2805/50/2604 2763/50/2566 
f 2802/50/2601 2856/50/2655 2860/50/2659 2803/50/2602 
f 2913/50/2708 2805/50/2604 2804/50/2603 2916/50/2711 
f 2914/50/2709 2913/50/2708 2916/50/2711 2918/50/2713 
f 2734/50/2538 2718/50/2522 2737/50/2541 2735/50/2539 
f 2803/50/2602 2806/50/2605 2807/50/2606 2804/50/2603 
f 2806/50/2605 2859/50/2658 2844/50/2643 2791/50/2591 
f 2915/50/2710 2807/50/2606 2790/50/2590 2921/50/2716 
f 2917/50/2712 2915/50/2710 2921/50/2716 2923/50/2718 
f 2089/50/1912 2088/50/1911 2087/50/1910 2086/50/1909 
f 2741/118/2545 2740/180/2544 2938/118/2726 
f 2738/50/2542 2674/50/2478 2742/50/2546 2739/50/2543 
f 2743/118/2547 2808/185/2607 2811/185/2610 2744/118/2548 
f 2809/50/2608 2812/50/2611 2815/50/2614 2810/50/2609 
f 2808/185/2607 2863/185/2662 2868/50/2667 2809/50/2608 
f 2812/50/2611 2867/50/2666 2819/50/2618 2813/50/2612 
f 2744/118/2548 2811/185/2610 2870/185/2669 2877/118/2676 
f 2810/50/2609 2815/50/2614 2872/50/2671 2869/50/2668 
f 2877/118/2676 2870/185/2669 2874/185/2673 2879/118/2678 
f 2869/50/2668 2872/50/2671 2876/50/2675 2873/50/2672 
f 2852/50/2651 2939/50/2727 2940/50/2728 2853/50/2652 
f 2732/50/2536 2941/50/2729 2942/50/2730 2733/50/2537 
f 2798/50/2597 2943/50/2731 2944/50/2732 
f 2945/50/2733 2944/50/2732 2943/50/2731 2946/50/2734 
f 2944/50/2732 2936/50/2724 2798/50/2597 
f 2936/50/2724 2944/50/2732 2945/50/2733 2937/50/2725 
f 2946/30/2734 2943/31/2731 2947/50/2735 2948/58/2736 
f 2943/31/2731 2798/31/2597 2801/102/2600 2947/50/2735 
f 2949/118/2737 2755/118/2558 2950/118/2738 
f 2950/118/2738 2951/118/2739 2952/118/2740 2949/118/2737 
f 2949/118/2737 2953/118/2741 2755/118/2558 
f 2953/118/2741 2949/118/2737 2952/118/2740 2954/118/2742 
f 2955/50/2743 2956/50/2744 2957/50/2745 2958/50/2746 
f 2838/50/2637 2959/50/2747 2960/50/2748 2839/50/2638 
f 2953/28/2741 2838/50/2637 2756/50/2559 2755/19/2558 
f 2954/31/2742 2959/32/2747 2838/50/2637 2953/28/2741 
f 2961/50/2749 2962/50/2750 2963/50/2751 2964/50/2752 
f 2709/50/2513 2965/50/2753 2966/50/2754 2967/50/2755 
f 2967/50/2755 2966/50/2754 2962/50/2750 2961/50/2749 
f 2968/50/2756 2969/50/2757 2941/50/2729 2732/50/2536 
f 2970/50/2758 2971/50/2759 2969/50/2757 2968/50/2756 
f 2972/50/2760 2973/50/2761 2971/50/2759 2970/50/2758 
f 2974/50/2762 2975/50/2763 2976/50/2764 2977/50/2765 
f 2977/50/2765 2976/50/2764 2973/50/2761 2972/50/2760 
f 2964/50/2752 2963/50/2751 2978/50/2766 2979/50/2767 
f 2980/50/2768 2981/50/2769 2982/50/2770 2983/50/2771 
f 2983/50/2771 2982/50/2770 2984/50/2772 2985/50/2773 
f 2985/50/2773 2984/50/2772 2986/50/2774 2987/50/2775 
f 2987/50/2775 2986/50/2774 2988/50/2776 2989/50/2777 
f 2989/50/2777 2988/50/2776 2990/50/2778 2991/50/2779 
f 2991/50/2779 2990/50/2778 2992/50/2780 2993/50/2781 
f 2993/50/2781 2992/50/2780 2994/50/2782 2995/50/2783 
f 2995/50/2783 2994/50/2782 2975/50/2763 2974/50/2762 
f 2962/50/2750 2996/50/2784 2997/50/2785 2963/50/2751 
f 2998/50/2786 2999/50/2787 3000/50/2788 2965/50/2753 
f 2966/50/2754 3001/50/2789 2996/50/2784 2962/50/2750 
f 2969/50/2757 3002/50/2790 3003/50/2791 2941/50/2729 
f 2971/50/2759 3004/50/2792 3002/50/2790 2969/50/2757 
f 2973/50/2761 3005/50/2793 3004/50/2792 2971/50/2759 
f 2975/50/2763 3006/50/2794 3007/50/2795 2976/50/2764 
f 2976/50/2764 3007/50/2795 3005/50/2793 2973/50/2761 
f 2963/50/2751 2997/50/2785 3008/50/2796 2978/50/2766 
f 2981/50/2769 3009/50/2797 3010/50/2798 2982/50/2770 
f 2982/50/2770 3010/50/2798 3011/50/2799 2984/50/2772 
f 2984/50/2772 3011/50/2799 3012/50/2800 2986/50/2774 
f 2986/50/2774 3012/50/2800 3013/50/2801 2988/50/2776 
f 2988/50/2776 3013/50/2801 3014/50/2802 2990/50/2778 
f 2990/50/2778 3014/50/2802 3015/50/2803 2992/50/2780 
f 2992/50/2780 3015/50/2803 3016/50/2804 2994/50/2782 
f 2994/50/2782 3016/50/2804 3006/50/2794 2975/50/2763 
f 3017/50/2805 3018/50/2806 3019/50/2807 3020/50/2808 
f 3021/50/2809 3022/50/2810 3023/50/2811 3024/50/2812 
f 3025/50/2813 3026/50/2814 3018/50/2806 3017/50/2805 
f 3027/50/2815 3028/50/2816 3029/50/2817 3030/50/2818 
f 3031/50/2819 3032/50/2820 3028/50/2816 3027/50/2815 
f 3033/50/2821 3034/50/2822 3032/50/2820 3031/50/2819 
f 3035/50/2823 3036/50/2824 3037/50/2825 3038/50/2826 
f 3038/50/2826 3037/50/2825 3034/50/2822 3033/50/2821 
f 3020/50/2808 3019/50/2807 3039/50/2827 3040/50/2828 
f 3041/50/2829 3042/50/2830 3043/50/2831 3044/50/2832 
f 3044/50/2832 3043/50/2831 3045/50/2833 3046/50/2834 
f 3046/50/2834 3045/50/2833 3047/50/2835 3048/50/2836 
f 3048/50/2836 3047/50/2835 3049/50/2837 3050/50/2838 
f 3050/50/2838 3049/50/2837 3051/50/2839 3052/50/2840 
f 3052/50/2840 3051/50/2839 3053/50/2841 3054/50/2842 
f 3054/50/2842 3053/50/2841 3055/50/2843 3056/50/2844 
f 3056/50/2844 3055/50/2843 3036/50/2824 3035/50/2823 
f 3057/50/2845 2873/50/2672 2876/50/2675 
f 2919/50/2714 2918/50/2713 2917/50/2712 
f 3058/50/2846 3059/50/2847 3060/50/2847 3061/50/2848 
f 3062/50/2849 3063/50/2850 3059/50/2847 3058/50/2846 
f 3064/50/2851 3065/50/2847 3063/50/2850 3062/50/2849 
f 3066/50/2852 3067/50/2853 3068/50/2854 3069/50/2855 
f 3070/50/2856 3071/50/2857 3072/50/2858 3073/50/2859 
f 3074/50/2860 3075/50/2861 3067/50/2853 3066/50/2852 
f 3076/50/2862 3077/50/2863 3078/50/2850 3079/50/2864 
f 3079/50/2864 3078/50/2850 3065/50/2847 3064/50/2851 
f 3069/50/2855 3068/50/2854 3080/50/2865 3081/50/2866 
f 3082/50/2867 3083/50/2868 3084/50/2868 3085/50/2869 
f 3085/50/2869 3084/50/2868 3086/50/2870 3087/50/2871 
f 3087/50/2871 3086/50/2870 3088/50/2868 3089/50/2872 
f 3089/50/2872 3088/50/2868 3090/50/2873 3091/50/2874 
f 3091/50/2874 3090/50/2873 3092/50/2873 3093/50/2875 
f 3093/50/2875 3092/50/2873 3094/50/2873 3095/50/2876 
f 3095/50/2876 3094/50/2873 3096/50/2877 3097/50/2849 
f 3097/50/2849 3096/50/2877 3077/50/2863 3076/50/2862 
f 2874/185/2673 2873/50/2672 3057/118/2845 
f 1843/48/1674 1803/49/1634 1922/17/1747 1844/238/1675 
f 1940/88/1764 3098/33/2878 3099/32/2879 1941/87/1765 
f 1941/87/1765 3099/32/2879 3100/31/2880 1943/90/1767 
f 1943/90/1767 3100/31/2880 1854/30/1685 1944/91/1768 
f 1944/91/1768 1854/30/1685 1853/50/1684 1945/92/1769 
f 1945/93/1769 1853/50/1684 1949/19/1773 1946/94/1770 
f 1948/96/1772 2264/95/2074 1942/97/1766 1946/94/1770 
f 2125/121/1945 2655/157/2459 2654/139/2458 2126/120/1946 
f 2238/134/2051 2656/158/2460 2655/157/2459 2125/121/1945 
f 2240/135/2053 2242/159/2055 2656/158/2460 2238/134/2051 
f 2126/120/1946 2654/139/2458 2653/141/2457 2250/140/2060 
f 2250/140/2060 2653/141/2457 2652/143/2456 2252/142/2062 
f 2252/142/2062 2652/143/2456 2651/145/2455 2254/144/2064 
f 2254/144/2064 2651/145/2455 2650/146/2454 2256/87/2066 
f 2256/87/2066 2650/146/2454 2260/147/2070 2258/90/2068 
f 2261/148/2071 2190/30/2010 2259/31/2069 2258/90/2068 
f 2262/92/2072 2184/50/2004 2190/30/2010 2261/148/2071 
f 2263/94/2073 3101/19/2881 2184/50/2004 2262/93/2072 
f 1948/96/1772 1947/18/1771 3101/19/2881 2263/94/2073 
f 2659/164/2463 3102/34/2882 3098/33/2878 1940/88/1764 
f 2660/165/2464 3103/35/2883 3102/34/2882 2659/164/2463 
f 2661/166/2465 1862/36/1693 3103/35/2883 2660/165/2464 
f 2662/167/2466 1833/7/1664 1862/36/1693 2661/166/2465 
f 2663/168/2467 1834/47/1665 1833/7/1664 2662/167/2466 
f 2664/135/2468 2667/16/2471 1834/47/1665 2663/168/2467 
f 2249/163/2059 2658/162/2462 2244/257/2057 
f 2244/257/2057 2658/162/2462 2657/161/2461 
f 2244/255/2057 2657/161/2461 2243/70/2056 2240/256/2053 
f 1843/48/1674 1845/48/1676 2180/243/2000 
f 2664/136/2468 1918/70/1743 1919/72/1744 2665/262/2469 
f 2665/262/2469 1919/72/1744 1926/74/1750 
f 2665/263/2469 1926/74/1750 1929/79/1753 
f 3104/7/2884 3105/7/2884 3106/5/2885 3107/5/2886 
f 3108/7/2887 3109/7/2888 3110/5/2889 3111/5/2890 
f 1864/7/1695 3108/7/2887 3111/5/2890 1865/5/1696 
f 3112/5/2891 2051/5/1875 2048/7/1872 3113/7/2892 
f 1866/5/1697 3112/5/2891 3113/7/2892 1863/7/1694 
f 3107/5/2886 3106/5/2885 3114/8/2893 3115/8/2894 
f 3111/5/2890 3110/5/2889 3116/8/2895 1903/8/1728 
f 1865/5/1696 3111/5/2890 1903/8/1728 1867/8/1698 
f 3117/8/2896 2054/8/1878 2051/5/1875 3112/5/2891 
f 1868/8/1699 3117/8/2896 3112/5/2891 1866/5/1697 
f 3118/36/2897 3119/36/2898 3105/7/2884 3104/7/2884 
f 3120/36/2899 3121/36/2900 3109/7/2888 3108/7/2887 
f 1870/36/1700 3120/36/2899 3108/7/2887 1864/7/1695 
f 3113/7/2892 2048/7/1872 2045/36/1869 3122/36/2899 
f 1863/7/1694 3113/7/2892 3122/36/2899 1869/36/1700 
f 3123/35/2901 3124/35/2902 3119/36/2898 3118/36/2897 
f 3125/35/2903 3126/35/2904 3121/36/2900 3120/36/2899 
f 1872/35/1702 3125/35/2903 3120/36/2899 1870/36/1700 
f 3122/36/2899 2045/36/1869 2042/35/1866 3127/35/2905 
f 1869/36/1700 3122/36/2899 3127/35/2905 1871/35/1701 
f 3128/34/2906 3129/34/2906 3124/35/2902 3123/35/2901 
f 3130/34/2907 3131/34/2907 3126/35/2904 3125/35/2903 
f 1874/34/1704 3130/34/2907 3125/35/2903 1872/35/1702 
f 3127/35/2905 2042/35/1866 2039/34/1863 3132/34/2908 
f 1871/35/1701 3127/35/2905 3132/34/2908 1873/34/1703 
f 3133/33/2909 3134/33/2910 3129/34/2906 3128/34/2906 
f 3135/33/2911 3136/33/2912 3131/34/2907 3130/34/2907 
f 1876/33/1706 3135/33/2911 3130/34/2907 1874/34/1704 
f 3132/34/2908 2039/34/1863 2036/33/1860 3137/33/2913 
f 1873/34/1703 3132/34/2908 3137/33/2913 1875/33/1705 
f 3138/32/2914 3139/32/2914 3134/33/2910 3133/33/2909 
f 3140/32/2915 3141/32/2916 3136/33/2912 3135/33/2911 
f 1878/32/1708 3140/32/2915 3135/33/2911 1876/33/1706 
f 3137/33/2913 2036/33/1860 2033/32/1857 3142/32/2917 
f 1875/33/1705 3137/33/2913 3142/32/2917 1877/32/1707 
f 3143/31/2918 3144/31/2919 3139/32/2914 3138/32/2914 
f 3145/31/2920 3146/31/2921 3141/32/2916 3140/32/2915 
f 1880/31/1710 3145/31/2920 3140/32/2915 1878/32/1708 
f 3142/32/2917 2033/32/1857 2030/31/1854 3147/31/2922 
f 1877/32/1707 3142/32/2917 3147/31/2922 1879/31/1709 
f 3148/30/2923 3149/30/2924 3144/31/2919 3143/31/2918 
f 3150/30/2925 3151/30/2926 3146/31/2921 3145/31/2920 
f 1882/30/1712 3150/30/2925 3145/31/2920 1880/31/1710 
f 3147/31/2922 2030/31/1854 2026/30/1850 3152/30/2927 
f 1879/31/1709 3147/31/2922 3152/30/2927 1881/30/1711 
f 3153/270/1715 3154/271/1715 3155/20/2928 3156/20/2929 
f 1886/239/1715 2091/60/1715 3157/20/2930 1887/20/1716 
f 3158/20/2931 1989/20/1813 1988/102/1812 3159/198/1715 
f 1888/20/1717 3158/20/2931 3159/198/1715 1885/199/1715 
f 3160/19/1718 1992/19/1816 1991/18/1815 3161/18/2040 
f 3162/19/1718 3160/19/1718 3161/18/2040 3163/18/1718 
f 1890/19/1718 3162/19/1718 3163/18/1718 1891/18/1718 
f 3164/18/2040 3165/18/2040 3166/19/1718 3167/19/1718 
f 3168/16/1719 2066/16/1890 2063/14/1887 3169/272/2932 
f 3170/16/1719 3168/16/1719 3169/272/2932 1899/203/1724 
f 1894/16/1719 3170/16/1719 1899/203/1724 1895/63/1720 
f 3171/273/2933 3172/274/2934 3173/16/1748 3174/16/1748 
f 1896/62/1721 3175/206/2935 3176/16/1719 1893/16/1719 
f 3177/12/2936 3178/12/2937 3172/14/2934 3171/14/2933 
f 1900/12/1725 3179/12/2938 3175/14/2935 1896/14/1721 
f 1898/12/1723 1900/12/1725 1896/14/1721 1895/14/1720 
f 3169/14/2932 2063/14/1887 2059/12/1883 3180/12/2939 
f 1899/14/1724 3169/14/2932 3180/12/2939 1897/12/1722 
f 3180/12/2939 2059/12/1883 2056/10/1880 3181/10/2940 
f 1897/12/1722 3180/12/2939 3181/10/2940 3182/10/2941 
f 1898/12/1723 1897/12/1722 3182/10/2941 1901/10/1726 
f 3183/10/2942 3184/10/2943 3178/12/2937 3177/12/2936 
f 1902/10/1727 3185/10/2944 3179/12/2938 1900/12/1725 
f 3181/10/2940 2056/10/1880 2054/8/1878 3117/8/2896 
f 3182/10/2941 3181/10/2940 3117/8/2896 1868/8/1699 
f 1901/10/1726 3182/10/2941 1868/8/1699 1867/8/1698 
f 3115/8/2894 3114/8/2893 3184/10/2943 3183/10/2942 
f 1903/8/1728 3116/8/2895 3185/10/2944 1902/10/1727 
f 3186/26/2945 3187/26/2946 3188/28/2947 3189/28/2948 
f 1905/26/1730 3190/26/2949 3191/28/2950 1906/28/1731 
f 1884/28/1714 1997/28/1821 1996/26/1820 3192/26/2951 
f 1883/28/1713 1884/28/1714 3192/26/2951 1904/26/1729 
f 3193/24/2952 3194/24/2953 3187/26/2946 3186/26/2945 
f 1908/24/1733 3195/24/2954 3190/26/2949 1905/26/1730 
f 3192/26/2951 1996/26/1820 2000/24/1824 3196/24/2955 
f 1904/26/1729 3192/26/2951 3196/24/2955 1907/24/1732 
f 3197/22/2956 3198/22/2957 3194/24/2953 3193/24/2952 
f 1910/22/1735 3199/22/2958 3195/24/2954 1908/24/1733 
f 3196/24/2955 2000/24/1824 2002/22/1826 3200/22/2959 
f 1907/24/1732 3196/24/2955 3200/22/2959 1909/22/1734 
f 3156/20/2929 3155/20/2928 3198/22/2957 3197/22/2956 
f 1887/20/1716 3157/20/2930 3199/22/2958 1910/22/1735 
f 3200/22/2959 2002/22/1826 1989/20/1813 3158/20/2931 
f 1909/22/1734 3200/22/2959 3158/20/2931 1888/20/1717 
f 3201/17/1748 2068/17/1892 2066/16/1890 3168/16/1719 
f 3202/17/1748 3201/17/1748 3168/16/1719 3170/16/1719 
f 1924/17/1748 3202/17/1748 3170/16/1719 1894/16/1719 
f 3174/16/1748 3173/16/1748 3203/17/1748 3204/17/1942 
f 1893/16/1719 3176/16/1719 3205/17/1942 1923/17/1748 
f 3159/198/1715 1988/102/1812 1992/19/1816 3160/207/1718 
f 1885/199/1715 3159/198/1715 3160/207/1718 3162/208/1718 
f 1886/239/1715 1885/199/1715 3162/208/1718 1890/115/1718 
f 3167/152/1718 3166/153/1718 3154/271/1715 3153/270/1715 
f 3206/48/1748 2071/48/1895 2068/17/1892 3201/17/1748 
f 3207/48/1748 3206/48/1748 3201/17/1748 3202/17/1748 
f 2121/48/1748 3207/48/1748 3202/17/1748 1924/17/1748 
f 3204/17/1942 3203/17/1748 3208/48/1748 3209/48/1748 
f 1923/17/1748 3205/17/1942 3210/48/1942 2120/48/1942 
f 3161/18/2040 1991/18/1815 2315/19/2125 2517/19/2040 
f 3163/18/1718 3161/18/2040 2517/19/2040 3211/19/2040 
f 1891/18/1718 3163/18/1718 3211/19/2040 2225/19/2040 
f 3212/19/2040 3213/19/2040 3165/18/2040 3164/18/2040 
f 2481/16/2041 2381/16/2191 2384/17/2194 3214/17/1748 
f 3215/16/2041 2481/16/2041 3214/17/1748 3216/17/1942 
f 2246/16/2058 3215/16/2041 3216/17/1942 2247/17/1942 
f 3217/17/1942 3218/17/1942 2228/16/2041 2227/16/2041 
f 2248/17/1942 3219/17/1942 3220/16/2058 2245/16/2058 
f 3214/17/1748 2384/17/2194 2071/48/1895 3206/48/1748 
f 3216/17/1942 3214/17/1748 3206/48/1748 3207/48/1748 
f 2247/17/1942 3216/17/1942 3207/48/1748 2121/48/1748 
f 3209/48/1748 3208/48/1748 3218/17/1942 3217/17/1942 
f 2120/48/1942 3210/48/1942 3219/17/1942 2248/17/1942 
f 2479/210/2285 2445/209/2251 2481/16/2041 3215/16/2041 
f 2480/211/2286 2479/210/2285 3215/16/2041 2246/16/2058 
f 2515/212/2320 2480/211/2286 2246/16/2058 2245/16/2058 
f 2516/213/2321 2515/212/2320 2245/16/2058 3220/16/2058 
f 3152/30/2927 2026/30/1850 2024/113/1848 1998/28/1822 
f 1881/30/1711 3152/30/2927 1998/28/1822 1997/28/1821 
f 1882/30/1712 1881/30/1711 1997/28/1821 1884/28/1714 
f 1906/28/1731 3191/28/2950 3151/30/2926 3150/30/2925 
f 3189/28/2948 3188/28/2947 3149/30/2924 3148/30/2923 
f 1883/28/1713 1906/28/1731 3150/30/2925 1882/30/1712 
f 2483/155/2288 2443/154/2249 3211/208/2040 2517/207/2040 
f 2443/154/2249 2442/117/2248 2225/115/2040 3211/208/2040 
f 2442/117/2248 2485/156/2290 2226/114/2040 2225/115/2040 
f 2224/247/2039 2223/246/2038 3213/153/2040 3212/152/2040 
f 3221/275/2960 3222/276/2961 3223/277/2962 3224/278/2963 
f 3222/276/2961 3225/279/2964 3226/280/2965 3223/277/2962 
f 3225/279/2964 3227/281/2966 3228/282/2967 3226/280/2965 
f 3227/281/2966 3229/283/2968 3230/284/2969 3228/282/2967 
f 3229/283/2968 3231/285/2970 3232/286/2971 3230/284/2969 
f 3231/285/2970 3233/287/2972 3234/288/2973 3232/286/2971 
f 3233/287/2972 3235/289/2974 3236/290/2975 3234/288/2973 
f 3235/289/2974 3237/291/2976 3238/292/2977 3236/290/2975 
f 3237/291/2976 3239/293/2978 3240/294/2979 3238/292/2977 
f 3239/293/2978 3241/295/2980 3242/296/2981 3240/294/2979 
f 3241/295/2980 3243/297/2982 3244/298/2983 3242/296/2981 
f 3243/297/2982 3245/299/2984 3246/300/2985 3244/298/2983 
f 3245/299/2984 3247/301/2986 3248/302/2987 3246/300/2985 
f 3247/301/2986 3249/303/2988 3250/304/2989 3248/302/2987 
f 3249/303/2988 3251/305/2990 3252/306/2991 3250/304/2989 
f 3251/305/2990 3253/307/2992 3254/308/2993 3252/306/2991 
f 3253/307/2992 3255/309/2994 3256/310/2995 3254/308/2993 
f 3255/309/2994 3257/311/2996 3258/312/2997 3256/310/2995 
f 3257/311/2996 3259/313/2998 3260/314/2999 3258/312/2997 
f 3259/313/2998 3261/315/3000 3262/316/3001 3260/314/2999 
f 3261/315/3000 3263/317/3002 3264/318/3003 3262/316/3001 
f 3263/317/3002 3265/319/3004 3266/320/3005 3264/318/3003 
f 3265/319/3004 3267/321/3006 3268/322/3007 3266/320/3005 
f 3267/321/3006 3269/323/3008 3270/324/3009 3268/322/3007 
f 3269/323/3008 3271/325/3010 3272/326/3011 3270/324/3009 
f 3271/325/3010 3273/327/3012 3274/328/3013 3272/326/3011 
f 3273/327/3012 3275/329/3014 3276/330/3015 3274/328/3013 
f 3275/329/3014 3277/331/3016 3278/332/3017 3276/330/3015 
f 3277/331/3016 3279/333/3018 3280/334/3019 3278/332/3017 
f 3279/333/3018 3281/335/3020 3282/336/3021 3280/334/3019 
f 3281/335/3020 3283/337/3022 3284/338/3023 3282/336/3021 
f 3283/337/3022 3221/275/2960 3224/278/2963 3284/338/3023 
f 3285/339/1386 3286/340/3024 3287/341/3025 3288/342/3026 
s 2
f 3288/342/3026 3287/341/3025 3289/343/3027 3290/344/3028 
f 3290/344/3028 3289/343/3027 3291/345/3029 3292/346/3030 
f 3292/346/3030 3291/345/3029 3293/347/3031 3294/348/3032 
f 3294/348/3032 3293/347/3031 3295/349/3033 3296/350/3034 
f 3296/350/3034 3295/349/3033 3297/351/3035 3298/352/3036 
f 3298/352/3036 3297/351/3035 3299/353/3037 3300/354/3038 
f 3300/354/3038 3299/353/3037 3301/355/3039 3302/356/3040 
f 3302/356/3040 3301/355/3039 3303/357/3041 3304/358/3042 
f 3304/358/3042 3303/357/3041 3305/359/3043 3306/360/3044 
f 3306/360/3044 3305/359/3043 3307/361/3045 3308/362/3046 
f 3308/362/3046 3307/361/3045 3309/363/3047 3310/364/3048 
f 3310/364/3048 3309/363/3047 3311/365/3049 3312/366/3050 
f 3312/366/3050 3311/365/3049 3313/367/3051 3314/368/3052 
f 3314/368/3052 3313/367/3051 3315/369/3053 3316/370/3054 
f 3316/370/3054 3315/369/3053 3317/371/3055 3318/372/3056 
f 3318/372/3056 3317/371/3055 3319/373/3057 3320/374/3058 
f 3320/374/3058 3319/373/3057 3321/375/3059 3322/376/3060 
f 3322/376/3060 3321/375/3059 3323/377/3061 
s 1
f 3286/340/3024 3324/378/3062 3325/379/3063 3287/341/3025 
s 2
f 3287/341/3025 3325/379/3063 3326/380/3064 3289/343/3027 
f 3289/343/3027 3326/380/3064 3327/381/3065 3291/345/3029 
f 3291/345/3029 3327/381/3065 3328/382/3066 3293/347/3031 
f 3293/347/3031 3328/382/3066 3329/383/3067 3295/349/3033 
f 3295/349/3033 3329/383/3067 3330/384/3068 3297/351/3035 
f 3297/351/3035 3330/384/3068 3331/385/3069 3299/353/3037 
f 3299/353/3037 3331/385/3069 3332/386/3070 3301/355/3039 
f 3301/355/3039 3332/386/3070 3333/387/3071 3303/357/3041 
f 3303/357/3041 3333/387/3071 3334/388/3072 3305/359/3043 
f 3305/359/3043 3334/388/3072 3335/389/3073 3307/361/3045 
f 3307/361/3045 3335/389/3073 3336/390/3074 3309/363/3047 
f 3309/363/3047 3336/390/3074 3337/391/3075 3311/365/3049 
f 3311/365/3049 3337/391/3075 3338/392/3076 3313/367/3051 
f 3313/367/3051 3338/392/3076 3339/393/3077 3315/369/3053 
f 3315/369/3053 3339/393/3077 3340/394/3078 3317/371/3055 
f 3317/371/3055 3340/394/3078 3341/395/3079 3319/373/3057 
f 3319/373/3057 3341/395/3079 3342/396/3080 3321/375/3059 
f 3321/375/3059 3342/396/3080 3323/377/3061 
s 1
f 3324/378/3062 3343/397/3081 3344/398/3082 3325/379/3063 
s 2
f 3325/379/3063 3344/398/3082 3345/399/3083 3326/380/3064 
f 3326/380/3064 3345/399/3083 3346/400/3084 3327/381/3065 
f 3327/381/3065 3346/400/3084 3347/401/3085 3328/382/3066 
f 3328/382/3066 3347/401/3085 3348/402/3086 3329/383/3067 
f 3329/383/3067 3348/402/3086 3349/403/3087 3330/384/3068 
f 3330/384/3068 3349/403/3087 3350/404/3088 3331/385/3069 
f 3331/385/3069 3350/404/3088 3351/405/3089 3332/386/3070 
f 3332/386/3070 3351/405/3089 3352/406/3090 3333/387/3071 
f 3333/387/3071 3352/406/3090 3353/407/3091 3334/388/3072 
f 3334/388/3072 3353/407/3091 3354/408/3092 3335/389/3073 
f 3335/389/3073 3354/408/3092 3355/409/3093 3336/390/3074 
f 3336/390/3074 3355/409/3093 3356/410/3094 3337/391/3075 
f 3337/391/3075 3356/410/3094 3357/411/3095 3338/392/3076 
f 3338/392/3076 3357/411/3095 3358/412/3096 3339/393/3077 
f 3339/393/3077 3358/412/3096 3359/413/3097 3340/394/3078 
f 3340/394/3078 3359/413/3097 3360/414/3098 3341/395/3079 
f 3341/395/3079 3360/414/3098 3361/415/3099 3342/396/3080 
f 3342/396/3080 3361/415/3099 3323/377/3061 
s 1
f 3343/397/3081 3362/416/3100 3363/417/3101 3344/398/3082 
s 2
f 3344/398/3082 3363/417/3101 3364/418/3102 3345/399/3083 
f 3345/399/3083 3364/418/3102 3365/419/3103 3346/400/3084 
f 3346/400/3084 3365/419/3103 3366/420/3104 3347/401/3085 
f 3347/401/3085 3366/420/3104 3367/421/3105 3348/402/3086 
f 3348/402/3086 3367/421/3105 3368/422/3106 3349/403/3087 
f 3349/403/3087 3368/422/3106 3369/423/3107 3350/404/3088 
f 3350/404/3088 3369/423/3107 3370/424/3108 3351/405/3089 
f 3351/405/3089 3370/424/3108 3371/425/3109 3352/406/3090 
f 3352/406/3090 3371/425/3109 3372/426/3110 3353/407/3091 
f 3353/407/3091 3372/426/3110 3373/427/3111 3354/408/3092 
f 3354/408/3092 3373/427/3111 3374/428/3112 3355/409/3093 
f 3355/409/3093 3374/428/3112 3375/429/3113 3356/410/3094 
f 3356/410/3094 3375/429/3113 3376/430/3114 3357/411/3095 
f 3357/411/3095 3376/430/3114 3377/431/3115 3358/412/3096 
f 3358/412/3096 3377/431/3115 3378/432/3116 3359/413/3097 
f 3359/413/3097 3378/432/3116 3379/433/3117 3360/414/3098 
f 3360/414/3098 3379/433/3117 3380/434/3118 3361/415/3099 
f 3361/415/3099 3380/434/3118 3323/377/3061 
s 1
f 3362/416/3100 3381/435/3119 3382/436/3120 3363/417/3101 
s 2
f 3363/417/3101 3382/436/3120 3383/437/3121 3364/418/3102 
f 3364/418/3102 3383/437/3121 3384/438/3122 3365/419/3103 
f 3365/419/3103 3384/438/3122 3385/439/3123 3366/420/3104 
f 3366/420/3104 3385/439/3123 3386/440/3124 3367/421/3105 
f 3367/421/3105 3386/440/3124 3387/441/3125 3368/422/3106 
f 3368/422/3106 3387/441/3125 3388/442/3126 3369/423/3107 
f 3369/423/3107 3388/442/3126 3389/443/3127 3370/424/3108 
f 3370/424/3108 3389/443/3127 3390/444/3128 3371/425/3109 
f 3371/425/3109 3390/444/3128 3391/445/3129 3372/426/3110 
f 3372/426/3110 3391/445/3129 3392/446/3130 3373/427/3111 
f 3373/427/3111 3392/446/3130 3393/447/3131 3374/428/3112 
f 3374/428/3112 3393/447/3131 3394/448/3132 3375/429/3113 
f 3375/429/3113 3394/448/3132 3395/449/3133 3376/430/3114 
f 3376/430/3114 3395/449/3133 3396/450/3134 3377/431/3115 
f 3377/431/3115 3396/450/3134 3397/451/3135 3378/432/3116 
f 3378/432/3116 3397/451/3135 3398/452/3136 3379/433/3117 
f 3379/433/3117 3398/452/3136 3399/453/3137 3380/434/3118 
f 3380/434/3118 3399/453/3137 3323/377/3061 
s 1
f 3381/435/3119 3400/454/3138 3401/455/3139 3382/436/3120 
s 2
f 3382/436/3120 3401/455/3139 3402/456/3140 3383/437/3121 
f 3383/437/3121 3402/456/3140 3403/457/3141 3384/438/3122 
f 3384/438/3122 3403/457/3141 3404/458/3142 3385/439/3123 
f 3385/439/3123 3404/458/3142 3405/459/3143 3386/440/3124 
f 3386/440/3124 3405/459/3143 3406/460/3144 3387/441/3125 
f 3387/441/3125 3406/460/3144 3407/461/3145 3388/442/3126 
f 3388/442/3126 3407/461/3145 3408/462/3146 3389/443/3127 
f 3389/443/3127 3408/462/3146 3409/463/3147 3390/444/3128 
f 3390/444/3128 3409/463/3147 3410/464/3148 3391/445/3129 
f 3391/445/3129 3410/464/3148 3411/465/3149 3392/446/3130 
f 3392/446/3130 3411/465/3149 3412/466/3150 3393/447/3131 
f 3393/447/3131 3412/466/3150 3413/467/3151 3394/448/3132 
f 3394/448/3132 3413/467/3151 3414/468/3152 3395/449/3133 
f 3395/449/3133 3414/468/3152 3415/469/3153 3396/450/3134 
f 3396/450/3134 3415/469/3153 3416/470/3154 3397/451/3135 
f 3397/451/3135 3416/470/3154 3417/471/3155 3398/452/3136 
f 3398/452/3136 3417/471/3155 3418/472/3156 3399/453/3137 
f 3399/453/3137 3418/472/3156 3323/377/3061 
s 1
f 3400/454/3138 3419/473/3157 3420/474/3158 3401/455/3139 
s 2
f 3401/455/3139 3420/474/3158 3421/475/3159 3402/456/3140 
f 3402/456/3140 3421/475/3159 3422/476/3160 3403/457/3141 
f 3403/457/3141 3422/476/3160 3423/477/3161 3404/458/3142 
f 3404/458/3142 3423/477/3161 3424/478/3162 3405/459/3143 
f 3405/459/3143 3424/478/3162 3425/479/3163 3406/460/3144 
f 3406/460/3144 3425/479/3163 3426/480/3164 3407/461/3145 
f 3407/461/3145 3426/480/3164 3427/481/3165 3408/462/3146 
f 3408/462/3146 3427/481/3165 3428/482/3166 3409/463/3147 
f 3409/463/3147 3428/482/3166 3429/483/3167 3410/464/3148 
f 3410/464/3148 3429/483/3167 3430/484/3168 3411/465/3149 
f 3411/465/3149 3430/484/3168 3431/485/3169 3412/466/3150 
f 3412/466/3150 3431/485/3169 3432/486/3170 3413/467/3151 
f 3413/467/3151 3432/486/3170 3433/487/3171 3414/468/3152 
f 3414/468/3152 3433/487/3171 3434/488/3172 3415/469/3153 
f 3415/469/3153 3434/488/3172 3435/489/3173 3416/470/3154 
f 3416/470/3154 3435/489/3173 3436/490/3174 3417/471/3155 
f 3417/471/3155 3436/490/3174 3437/491/3175 3418/472/3156 
f 3418/472/3156 3437/491/3175 3323/377/3061 
s 1
f 3419/473/3157 3438/492/3176 3439/493/3177 3420/474/3158 
s 2
f 3420/474/3158 3439/493/3177 3440/494/3178 3421/475/3159 
f 3421/475/3159 3440/494/3178 3441/495/3179 3422/476/3160 
f 3422/476/3160 3441/495/3179 3442/496/3180 3423/477/3161 
f 3423/477/3161 3442/496/3180 3443/497/3181 3424/478/3162 
f 3424/478/3162 3443/497/3181 3444/498/3182 3425/479/3163 
f 3425/479/3163 3444/498/3182 3445/499/3183 3426/480/3164 
f 3426/480/3164 3445/499/3183 3446/500/3184 3427/481/3165 
f 3427/481/3165 3446/500/3184 3447/501/3185 3428/482/3166 
f 3428/482/3166 3447/501/3185 3448/502/3186 3429/483/3167 
f 3429/483/3167 3448/502/3186 3449/503/3187 3430/484/3168 
f 3430/484/3168 3449/503/3187 3450/504/3188 3431/485/3169 
f 3431/485/3169 3450/504/3188 3451/505/3189 3432/486/3170 
f 3432/486/3170 3451/505/3189 3452/506/3190 3433/487/3171 
f 3433/487/3171 3452/506/3190 3453/507/3191 3434/488/3172 
f 3434/488/3172 3453/507/3191 3454/508/3192 3435/489/3173 
f 3435/489/3173 3454/508/3192 3455/509/3193 3436/490/3174 
f 3436/490/3174 3455/509/3193 3456/510/3194 3437/491/3175 
f 3437/491/3175 3456/510/3194 3323/377/3061 
s 1
f 3438/492/3176 3457/511/3195 3458/512/3196 3439/493/3177 
s 2
f 3439/493/3177 3458/512/3196 3459/513/3197 3440/494/3178 
f 3440/494/3178 3459/513/3197 3460/514/3198 3441/495/3179 
f 3441/495/3179 3460/514/3198 3461/515/3199 3442/496/3180 
f 3442/496/3180 3461/515/3199 3462/516/3200 3443/497/3181 
f 3443/497/3181 3462/516/3200 3463/517/3201 3444/498/3182 
f 3444/498/3182 3463/517/3201 3464/518/3202 3445/499/3183 
f 3445/499/3183 3464/518/3202 3465/519/3203 3446/500/3184 
f 3446/500/3184 3465/519/3203 3466/520/3204 3447/501/3185 
f 3447/501/3185 3466/520/3204 3467/521/3205 3448/502/3186 
f 3448/502/3186 3467/521/3205 3468/522/3206 3449/503/3187 
f 3449/503/3187 3468/522/3206 3469/523/3207 3450/504/3188 
f 3450/504/3188 3469/523/3207 3470/524/3208 3451/505/3189 
f 3451/505/3189 3470/524/3208 3471/525/3209 3452/506/3190 
f 3452/506/3190 3471/525/3209 3472/526/3210 3453/507/3191 
f 3453/507/3191 3472/526/3210 3473/527/3211 3454/508/3192 
f 3454/508/3192 3473/527/3211 3474/528/3212 3455/509/3193 
f 3455/509/3193 3474/528/3212 3475/529/3213 3456/510/3194 
f 3456/510/3194 3475/529/3213 3323/377/3061 
s 1
f 3457/511/3195 3476/530/3214 3477/531/3215 3458/512/3196 
s 2
f 3458/512/3196 3477/531/3215 3478/532/3216 3459/513/3197 
f 3459/513/3197 3478/532/3216 3479/533/3217 3460/514/3198 
f 3460/514/3198 3479/533/3217 3480/534/3218 3461/515/3199 
f 3461/515/3199 3480/534/3218 3481/535/3219 3462/516/3200 
f 3462/516/3200 3481/535/3219 3482/536/3220 3463/517/3201 
f 3463/517/3201 3482/536/3220 3483/537/3221 3464/518/3202 
f 3464/518/3202 3483/537/3221 3484/538/3222 3465/519/3203 
f 3465/519/3203 3484/538/3222 3485/539/3223 3466/520/3204 
f 3466/520/3204 3485/539/3223 3486/540/3224 3467/521/3205 
f 3467/521/3205 3486/540/3224 3487/541/3225 3468/522/3206 
f 3468/522/3206 3487/541/3225 3488/542/3226 3469/523/3207 
f 3469/523/3207 3488/542/3226 3489/543/3227 3470/524/3208 
f 3470/524/3208 3489/543/3227 3490/544/3228 3471/525/3209 
f 3471/525/3209 3490/544/3228 3491/545/3229 3472/526/3210 
f 3472/526/3210 3491/545/3229 3492/546/3230 3473/527/3211 
f 3473/527/3211 3492/546/3230 3493/547/3231 3474/528/3212 
f 3474/528/3212 3493/547/3231 3494/548/3232 3475/529/3213 
f 3475/529/3213 3494/548/3232 3323/377/3061 
s 1
f 3476/530/3214 3495/549/3233 3496/550/3234 3477/531/3215 
s 2
f 3477/531/3215 3496/550/3234 3497/551/3235 3478/532/3216 
f 3478/532/3216 3497/551/3235 3498/552/3236 3479/533/3217 
f 3479/533/3217 3498/552/3236 3499/553/3237 3480/534/3218 
f 3480/534/3218 3499/553/3237 3500/554/3238 3481/535/3219 
f 3481/535/3219 3500/554/3238 3501/555/3239 3482/536/3220 
f 3482/536/3220 3501/555/3239 3502/556/3240 3483/537/3221 
f 3483/537/3221 3502/556/3240 3503/557/3241 3484/538/3222 
f 3484/538/3222 3503/557/3241 3504/558/3242 3485/539/3223 
f 3485/539/3223 3504/558/3242 3505/559/3243 3486/540/3224 
f 3486/540/3224 3505/559/3243 3506/560/3244 3487/541/3225 
f 3487/541/3225 3506/560/3244 3507/561/3245 3488/542/3226 
f 3488/542/3226 3507/561/3245 3508/562/3246 3489/543/3227 
f 3489/543/3227 3508/562/3246 3509/563/3247 3490/544/3228 
f 3490/544/3228 3509/563/3247 3510/564/3248 3491/545/3229 
f 3491/545/3229 3510/564/3248 3511/565/3249 3492/546/3230 
f 3492/546/3230 3511/565/3249 3512/566/3250 3493/547/3231 
f 3493/547/3231 3512/566/3250 3513/567/3251 3494/548/3232 
f 3494/548/3232 3513/567/3251 3323/377/3061 
s 1
f 3495/549/3233 3514/568/3252 3515/569/3253 3496/550/3234 
s 2
f 3496/550/3234 3515/569/3253 3516/570/3254 3497/551/3235 
f 3497/551/3235 3516/570/3254 3517/571/3255 3498/552/3236 
f 3498/552/3236 3517/571/3255 3518/572/3256 3499/553/3237 
f 3499/553/3237 3518/572/3256 3519/573/3257 3500/554/3238 
f 3500/554/3238 3519/573/3257 3520/574/3258 3501/555/3239 
f 3501/555/3239 3520/574/3258 3521/575/3259 3502/556/3240 
f 3502/556/3240 3521/575/3259 3522/576/3260 3503/557/3241 
f 3503/557/3241 3522/576/3260 3523/577/3261 3504/558/3242 
f 3504/558/3242 3523/577/3261 3524/578/3262 3505/559/3243 
f 3505/559/3243 3524/578/3262 3525/579/3263 3506/560/3244 
f 3506/560/3244 3525/579/3263 3526/580/3264 3507/561/3245 
f 3507/561/3245 3526/580/3264 3527/581/3265 3508/562/3246 
f 3508/562/3246 3527/581/3265 3528/582/3266 3509/563/3247 
f 3509/563/3247 3528/582/3266 3529/583/3267 3510/564/3248 
f 3510/564/3248 3529/583/3267 3530/584/3268 3511/565/3249 
f 3511/565/3249 3530/584/3268 3531/585/3269 3512/566/3250 
f 3512/566/3250 3531/585/3269 3532/586/3270 3513/567/3251 
f 3513/567/3251 3532/586/3270 3323/377/3061 
s 1
f 3514/568/3252 3533/587/3271 3534/588/3272 3515/569/3253 
s 2
f 3515/569/3253 3534/588/3272 3535/589/3273 3516/570/3254 
f 3516/570/3254 3535/589/3273 3536/590/3274 3517/571/3255 
f 3517/571/3255 3536/590/3274 3537/591/3275 3518/572/3256 
f 3518/572/3256 3537/591/3275 3538/592/3276 3519/573/3257 
f 3519/573/3257 3538/592/3276 3539/593/3277 3520/574/3258 
f 3520/574/3258 3539/593/3277 3540/594/3278 3521/575/3259 
f 3521/575/3259 3540/594/3278 3541/595/3279 3522/576/3260 
f 3522/576/3260 3541/595/3279 3542/596/3280 3523/577/3261 
f 3523/577/3261 3542/596/3280 3543/597/3281 3524/578/3262 
f 3524/578/3262 3543/597/3281 3544/598/3282 3525/579/3263 
f 3525/579/3263 3544/598/3282 3545/599/3283 3526/580/3264 
f 3526/580/3264 3545/599/3283 3546/600/3284 3527/581/3265 
f 3527/581/3265 3546/600/3284 3547/601/3285 3528/582/3266 
f 3528/582/3266 3547/601/3285 3548/602/3286 3529/583/3267 
f 3529/583/3267 3548/602/3286 3549/603/3287 3530/584/3268 
f 3530/584/3268 3549/603/3287 3550/604/3288 3531/585/3269 
f 3531/585/3269 3550/604/3288 3551/605/3289 3532/586/3270 
f 3532/586/3270 3551/605/3289 3323/377/3061 
s 1
f 3533/587/3271 3552/606/3290 3553/607/3291 3534/588/3272 
s 2
f 3534/588/3272 3553/607/3291 3554/608/3292 3535/589/3273 
f 3535/589/3273 3554/608/3292 3555/609/3293 3536/590/3274 
f 3536/590/3274 3555/609/3293 3556/610/3294 3537/591/3275 
f 3537/591/3275 3556/610/3294 3557/611/3295 3538/592/3276 
f 3538/592/3276 3557/611/3295 3558/612/3296 3539/593/3277 
f 3539/593/3277 3558/612/3296 3559/613/3297 3540/594/3278 
f 3540/594/3278 3559/613/3297 3560/614/3298 3541/595/3279 
f 3541/595/3279 3560/614/3298 3561/615/3299 3542/596/3280 
f 3542/596/3280 3561/615/3299 3562/616/3300 3543/597/3281 
f 3543/597/3281 3562/616/3300 3563/617/3301 3544/598/3282 
f 3544/598/3282 3563/617/3301 3564/618/3302 3545/599/3283 
f 3545/599/3283 3564/618/3302 3565/619/3303 3546/600/3284 
f 3546/600/3284 3565/619/3303 3566/620/3304 3547/601/3285 
f 3547/601/3285 3566/620/3304 3567/621/3305 3548/602/3286 
f 3548/602/3286 3567/621/3305 3568/622/3306 3549/603/3287 
f 3549/603/3287 3568/622/3306 3569/623/3307 3550/604/3288 
f 3550/604/3288 3569/623/3307 3570/624/3308 3551/605/3289 
f 3551/605/3289 3570/624/3308 3323/377/3061 
s 1
f 3552/606/3290 3571/625/3309 3572/626/3310 3553/607/3291 
s 2
f 3553/607/3291 3572/626/3310 3573/627/3311 3554/608/3292 
f 3554/608/3292 3573/627/3311 3574/628/3312 3555/609/3293 
f 3555/609/3293 3574/628/3312 3575/629/3313 3556/610/3294 
f 3556/610/3294 3575/629/3313 3576/630/3314 3557/611/3295 
f 3557/611/3295 3576/630/3314 3577/631/3315 3558/612/3296 
f 3558/612/3296 3577/631/3315 3578/632/3316 3559/613/3297 
f 3559/613/3297 3578/632/3316 3579/633/3317 3560/614/3298 
f 3560/614/3298 3579/633/3317 3580/634/3318 3561/615/3299 
f 3561/615/3299 3580/634/3318 3581/635/3319 3562/616/3300 
f 3562/616/3300 3581/635/3319 3582/636/3320 3563/617/3301 
f 3563/617/3301 3582/636/3320 3583/637/3321 3564/618/3302 
f 3564/618/3302 3583/637/3321 3584/638/3322 3565/619/3303 
f 3565/619/3303 3584/638/3322 3585/639/3323 3566/620/3304 
f 3566/620/3304 3585/639/3323 3586/640/3324 3567/621/3305 
f 3567/621/3305 3586/640/3324 3587/641/3325 3568/622/3306 
f 3568/622/3306 3587/641/3325 3588/642/3326 3569/623/3307 
f 3569/623/3307 3588/642/3326 3589/643/3327 3570/624/3308 
f 3570/624/3308 3589/643/3327 3323/377/3061 
s 1
f 3571/625/3309 3590/644/3328 3591/645/3329 3572/626/3310 
s 2
f 3572/626/3310 3591/645/3329 3592/646/3330 3573/627/3311 
f 3573/627/3311 3592/646/3330 3593/647/3331 3574/628/3312 
f 3574/628/3312 3593/647/3331 3594/648/3332 3575/629/3313 
f 3575/629/3313 3594/648/3332 3595/649/3333 3576/630/3314 
f 3576/630/3314 3595/649/3333 3596/650/3334 3577/631/3315 
f 3577/631/3315 3596/650/3334 3597/651/3335 3578/632/3316 
f 3578/632/3316 3597/651/3335 3598/652/3336 3579/633/3317 
f 3579/633/3317 3598/652/3336 3599/653/3337 3580/634/3318 
f 3580/634/3318 3599/653/3337 3600/654/3338 3581/635/3319 
f 3581/635/3319 3600/654/3338 3601/655/3339 3582/636/3320 
f 3582/636/3320 3601/655/3339 3602/656/3340 3583/637/3321 
f 3583/637/3321 3602/656/3340 3603/657/3341 3584/638/3322 
f 3584/638/3322 3603/657/3341 3604/658/3342 3585/639/3323 
f 3585/639/3323 3604/658/3342 3605/659/3343 3586/640/3324 
f 3586/640/3324 3605/659/3343 3606/660/3344 3587/641/3325 
f 3587/641/3325 3606/660/3344 3607/661/3345 3588/642/3326 
f 3588/642/3326 3607/661/3345 3608/662/3346 3589/643/3327 
f 3589/643/3327 3608/662/3346 3323/377/3061 
s 1
f 3590/644/3328 3609/663/3347 3610/664/3348 3591/645/3329 
s 2
f 3591/645/3329 3610/664/3348 3611/665/3349 3592/646/3330 
f 3592/646/3330 3611/665/3349 3612/666/3350 3593/647/3331 
f 3593/647/3331 3612/666/3350 3613/667/3351 3594/648/3332 
f 3594/648/3332 3613/667/3351 3614/668/3352 3595/649/3333 
f 3595/649/3333 3614/668/3352 3615/669/3353 3596/650/3334 
f 3596/650/3334 3615/669/3353 3616/670/3354 3597/651/3335 
f 3597/651/3335 3616/670/3354 3617/671/3355 3598/652/3336 
f 3598/652/3336 3617/671/3355 3618/672/3356 3599/653/3337 
f 3599/653/3337 3618/672/3356 3619/673/3357 3600/654/3338 
f 3600/654/3338 3619/673/3357 3620/674/3358 3601/655/3339 
f 3601/655/3339 3620/674/3358 3621/675/3359 3602/656/3340 
f 3602/656/3340 3621/675/3359 3622/676/3360 3603/657/3341 
f 3603/657/3341 3622/676/3360 3623/677/3361 3604/658/3342 
f 3604/658/3342 3623/677/3361 3624/678/3362 3605/659/3343 
f 3605/659/3343 3624/678/3362 3625/679/3363 3606/660/3344 
f 3606/660/3344 3625/679/3363 3626/680/3364 3607/661/3345 
f 3607/661/3345 3626/680/3364 3627/681/3365 3608/662/3346 
f 3608/662/3346 3627/681/3365 3323/377/3061 
s 1
f 3609/663/3347 3628/682/3366 3629/683/3367 3610/664/3348 
s 2
f 3610/664/3348 3629/683/3367 3630/684/3368 3611/665/3349 
f 3611/665/3349 3630/684/3368 3631/685/3369 3612/666/3350 
f 3612/666/3350 3631/685/3369 3632/686/3370 3613/667/3351 
f 3613/667/3351 3632/686/3370 3633/687/3371 3614/668/3352 
f 3614/668/3352 3633/687/3371 3634/688/3372 3615/669/3353 
f 3615/669/3353 3634/688/3372 3635/689/3373 3616/670/3354 
f 3616/670/3354 3635/689/3373 3636/690/3374 3617/671/3355 
f 3617/671/3355 3636/690/3374 3637/691/3375 3618/672/3356 
f 3618/672/3356 3637/691/3375 3638/692/3376 3619/673/3357 
f 3619/673/3357 3638/692/3376 3639/693/3377 3620/674/3358 
f 3620/674/3358 3639/693/3377 3640/694/3378 3621/675/3359 
f 3621/675/3359 3640/694/3378 3641/695/3379 3622/676/3360 
f 3622/676/3360 3641/695/3379 3642/696/3380 3623/677/3361 
f 3623/677/3361 3642/696/3380 3643/697/3381 3624/678/3362 
f 3624/678/3362 3643/697/3381 3644/698/3382 3625/679/3363 
f 3625/679/3363 3644/698/3382 3645/699/3383 3626/680/3364 
f 3626/680/3364 3645/699/3383 3646/700/3384 3627/681/3365 
f 3627/681/3365 3646/700/3384 3323/377/3061 
s 1
f 3628/682/3366 3647/701/3385 3648/702/3386 3629/683/3367 
s 2
f 3629/683/3367 3648/702/3386 3649/703/3387 3630/684/3368 
f 3630/684/3368 3649/703/3387 3650/704/3388 3631/685/3369 
f 3631/685/3369 3650/704/3388 3651/705/3389 3632/686/3370 
f 3632/686/3370 3651/705/3389 3652/706/3390 3633/687/3371 
f 3633/687/3371 3652/706/3390 3653/707/3391 3634/688/3372 
f 3634/688/3372 3653/707/3391 3654/708/3392 3635/689/3373 
f 3635/689/3373 3654/708/3392 3655/709/3393 3636/690/3374 
f 3636/690/3374 3655/709/3393 3656/710/3394 3637/691/3375 
f 3637/691/3375 3656/710/3394 3657/711/3395 3638/692/3376 
f 3638/692/3376 3657/711/3395 3658/712/3396 3639/693/3377 
f 3639/693/3377 3658/712/3396 3659/713/3397 3640/694/3378 
f 3640/694/3378 3659/713/3397 3660/714/3398 3641/695/3379 
f 3641/695/3379 3660/714/3398 3661/715/3399 3642/696/3380 
f 3642/696/3380 3661/715/3399 3662/716/3400 3643/697/3381 
f 3643/697/3381 3662/716/3400 3663/717/3401 3644/698/3382 
f 3644/698/3382 3663/717/3401 3664/718/3402 3645/699/3383 
f 3645/699/3383 3664/718/3402 3665/719/3403 3646/700/3384 
f 3646/700/3384 3665/719/3403 3323/377/3061 
s 1
f 3647/701/3385 3666/720/3404 3667/721/3405 3648/702/3386 
s 2
f 3648/702/3386 3667/721/3405 3668/722/3406 3649/703/3387 
f 3649/703/3387 3668/722/3406 3669/723/3407 3650/704/3388 
f 3650/704/3388 3669/723/3407 3670/724/3408 3651/705/3389 
f 3651/705/3389 3670/724/3408 3671/725/3409 3652/706/3390 
f 3652/706/3390 3671/725/3409 3672/726/3410 3653/707/3391 
f 3653/707/3391 3672/726/3410 3673/727/3411 3654/708/3392 
f 3654/708/3392 3673/727/3411 3674/728/3412 3655/709/3393 
f 3655/709/3393 3674/728/3412 3675/729/3413 3656/710/3394 
f 3656/710/3394 3675/729/3413 3676/730/3414 3657/711/3395 
f 3657/711/3395 3676/730/3414 3677/731/3415 3658/712/3396 
f 3658/712/3396 3677/731/3415 3678/732/3416 3659/713/3397 
f 3659/713/3397 3678/732/3416 3679/733/3417 3660/714/3398 
f 3660/714/3398 3679/733/3417 3680/734/3418 3661/715/3399 
f 3661/715/3399 3680/734/3418 3681/735/3419 3662/716/3400 
f 3662/716/3400 3681/735/3419 3682/736/3420 3663/717/3401 
f 3663/717/3401 3682/736/3420 3683/737/3421 3664/718/3402 
f 3664/718/3402 3683/737/3421 3684/738/3422 3665/719/3403 
f 3665/719/3403 3684/738/3422 3323/377/3061 
s 1
f 3666/720/3404 3685/739/3423 3686/740/3424 3667/721/3405 
s 2
f 3667/721/3405 3686/740/3424 3687/741/3425 3668/722/3406 
f 3668/722/3406 3687/741/3425 3688/742/3426 3669/723/3407 
f 3669/723/3407 3688/742/3426 3689/743/3427 3670/724/3408 
f 3670/724/3408 3689/743/3427 3690/744/3428 3671/725/3409 
f 3671/725/3409 3690/744/3428 3691/745/3429 3672/726/3410 
f 3672/726/3410 3691/745/3429 3692/746/3430 3673/727/3411 
f 3673/727/3411 3692/746/3430 3693/747/3431 3674/728/3412 
f 3674/728/3412 3693/747/3431 3694/748/3432 3675/729/3413 
f 3675/729/3413 3694/748/3432 3695/749/3433 3676/730/3414 
f 3676/730/3414 3695/749/3433 3696/750/3434 3677/731/3415 
f 3677/731/3415 3696/750/3434 3697/751/3435 3678/732/3416 
f 3678/732/3416 3697/751/3435 3698/752/3436 3679/733/3417 
f 3679/733/3417 3698/752/3436 3699/753/3437 3680/734/3418 
f 3680/734/3418 3699/753/3437 3700/754/3438 3681/735/3419 
f 3681/735/3419 3700/754/3438 3701/755/3439 3682/736/3420 
f 3682/736/3420 3701/755/3439 3702/756/3440 3683/737/3421 
f 3683/737/3421 3702/756/3440 3703/757/3441 3684/738/3422 
f 3684/738/3422 3703/757/3441 3323/377/3061 
s 1
f 3685/739/3423 3704/758/3442 3705/759/3443 3686/740/3424 
s 2
f 3686/740/3424 3705/759/3443 3706/760/3444 3687/741/3425 
f 3687/741/3425 3706/760/3444 3707/761/3445 3688/742/3426 
f 3688/742/3426 3707/761/3445 3708/762/3446 3689/743/3427 
f 3689/743/3427 3708/762/3446 3709/763/3447 3690/744/3428 
f 3690/744/3428 3709/763/3447 3710/764/3448 3691/745/3429 
f 3691/745/3429 3710/764/3448 3711/765/3449 3692/746/3430 
f 3692/746/3430 3711/765/3449 3712/766/3450 3693/747/3431 
f 3693/747/3431 3712/766/3450 3713/767/3451 3694/748/3432 
f 3694/748/3432 3713/767/3451 3714/768/3452 3695/749/3433 
f 3695/749/3433 3714/768/3452 3715/769/3453 3696/750/3434 
f 3696/750/3434 3715/769/3453 3716/770/3454 3697/751/3435 
f 3697/751/3435 3716/770/3454 3717/771/3455 3698/752/3436 
f 3698/752/3436 3717/771/3455 3718/772/3456 3699/753/3437 
f 3699/753/3437 3718/772/3456 3719/773/3457 3700/754/3438 
f 3700/754/3438 3719/773/3457 3720/774/3458 3701/755/3439 
f 3701/755/3439 3720/774/3458 3721/775/3459 3702/756/3440 
f 3702/756/3440 3721/775/3459 3722/776/3460 3703/757/3441 
f 3703/757/3441 3722/776/3460 3323/377/3061 
s 1
f 3704/758/3442 3723/777/3461 3724/778/3462 3705/759/3443 
s 2
f 3705/759/3443 3724/778/3462 3725/779/3463 3706/760/3444 
f 3706/760/3444 3725/779/3463 3726/780/3464 3707/761/3445 
f 3707/761/3445 3726/780/3464 3727/781/3465 3708/762/3446 
f 3708/762/3446 3727/781/3465 3728/782/3466 3709/763/3447 
f 3709/763/3447 3728/782/3466 3729/783/3467 3710/764/3448 
f 3710/764/3448 3729/783/3467 3730/784/3468 3711/765/3449 
f 3711/765/3449 3730/784/3468 3731/785/3469 3712/766/3450 
f 3712/766/3450 3731/785/3469 3732/786/3470 3713/767/3451 
f 3713/767/3451 3732/786/3470 3733/787/3471 3714/768/3452 
f 3714/768/3452 3733/787/3471 3734/788/3472 3715/769/3453 
f 3715/769/3453 3734/788/3472 3735/789/3473 3716/770/3454 
f 3716/770/3454 3735/789/3473 3736/790/3474 3717/771/3455 
f 3717/771/3455 3736/790/3474 3737/791/3475 3718/772/3456 
f 3718/772/3456 3737/791/3475 3738/792/3476 3719/773/3457 
f 3719/773/3457 3738/792/3476 3739/793/3477 3720/774/3458 
f 3720/774/3458 3739/793/3477 3740/794/3478 3721/775/3459 
f 3721/775/3459 3740/794/3478 3741/795/3479 3722/776/3460 
f 3722/776/3460 3741/795/3479 3323/377/3061 
s 1
f 3723/777/3461 3742/796/3480 3743/797/3481 3724/778/3462 
s 2
f 3724/778/3462 3743/797/3481 3744/798/3482 3725/779/3463 
f 3725/779/3463 3744/798/3482 3745/799/3483 3726/780/3464 
f 3726/780/3464 3745/799/3483 3746/800/3484 3727/781/3465 
f 3727/781/3465 3746/800/3484 3747/801/3485 3728/782/3466 
f 3728/782/3466 3747/801/3485 3748/802/3486 3729/783/3467 
f 3729/783/3467 3748/802/3486 3749/803/3487 3730/784/3468 
f 3730/784/3468 3749/803/3487 3750/804/3488 3731/785/3469 
f 3731/785/3469 3750/804/3488 3751/805/3489 3732/786/3470 
f 3732/786/3470 3751/805/3489 3752/806/3490 3733/787/3471 
f 3733/787/3471 3752/806/3490 3753/807/3491 3734/788/3472 
f 3734/788/3472 3753/807/3491 3754/808/3492 3735/789/3473 
f 3735/789/3473 3754/808/3492 3755/809/3493 3736/790/3474 
f 3736/790/3474 3755/809/3493 3756/810/3494 3737/791/3475 
f 3737/791/3475 3756/810/3494 3757/811/3495 3738/792/3476 
f 3738/792/3476 3757/811/3495 3758/812/3496 3739/793/3477 
f 3739/793/3477 3758/812/3496 3759/813/3497 3740/794/3478 
f 3740/794/3478 3759/813/3497 3760/814/3498 3741/795/3479 
f 3741/795/3479 3760/814/3498 3323/377/3061 
s 1
f 3742/796/3480 3761/815/3499 3762/816/3500 3743/797/3481 
s 2
f 3743/797/3481 3762/816/3500 3763/817/3501 3744/798/3482 
f 3744/798/3482 3763/817/3501 3764/818/3502 3745/799/3483 
f 3745/799/3483 3764/818/3502 3765/819/3503 3746/800/3484 
f 3746/800/3484 3765/819/3503 3766/820/3504 3747/801/3485 
f 3747/801/3485 3766/820/3504 3767/821/3505 3748/802/3486 
f 3748/802/3486 3767/821/3505 3768/822/3506 3749/803/3487 
f 3749/803/3487 3768/822/3506 3769/823/3507 3750/804/3488 
f 3750/804/3488 3769/823/3507 3770/824/3508 3751/805/3489 
f 3751/805/3489 3770/824/3508 3771/825/3509 3752/806/3490 
f 3752/806/3490 3771/825/3509 3772/826/3510 3753/807/3491 
f 3753/807/3491 3772/826/3510 3773/827/3511 3754/808/3492 
f 3754/808/3492 3773/827/3511 3774/828/3512 3755/809/3493 
f 3755/809/3493 3774/828/3512 3775/829/3513 3756/810/3494 
f 3756/810/3494 3775/829/3513 3776/830/3514 3757/811/3495 
f 3757/811/3495 3776/830/3514 3777/831/3515 3758/812/3496 
f 3758/812/3496 3777/831/3515 3778/832/3516 3759/813/3497 
f 3759/813/3497 3778/832/3516 3779/833/3517 3760/814/3498 
f 3760/814/3498 3779/833/3517 3323/377/3061 
s 1
f 3761/815/3499 3780/834/3518 3781/835/3519 3762/816/3500 
s 2
f 3762/816/3500 3781/835/3519 3782/836/3520 3763/817/3501 
f 3763/817/3501 3782/836/3520 3783/837/3521 3764/818/3502 
f 3764/818/3502 3783/837/3521 3784/838/3522 3765/819/3503 
f 3765/819/3503 3784/838/3522 3785/839/3523 3766/820/3504 
f 3766/820/3504 3785/839/3523 3786/840/3524 3767/821/3505 
f 3767/821/3505 3786/840/3524 3787/841/3525 3768/822/3506 
f 3768/822/3506 3787/841/3525 3788/842/3526 3769/823/3507 
f 3769/823/3507 3788/842/3526 3789/843/3527 3770/824/3508 
f 3770/824/3508 3789/843/3527 3790/844/3528 3771/825/3509 
f 3771/825/3509 3790/844/3528 3791/845/3529 3772/826/3510 
f 3772/826/3510 3791/845/3529 3792/846/3530 3773/827/3511 
f 3773/827/3511 3792/846/3530 3793/847/3531 3774/828/3512 
f 3774/828/3512 3793/847/3531 3794/848/3532 3775/829/3513 
f 3775/829/3513 3794/848/3532 3795/849/3533 3776/830/3514 
f 3776/830/3514 3795/849/3533 3796/850/3534 3777/831/3515 
f 3777/831/3515 3796/850/3534 3797/851/3535 3778/832/3516 
f 3778/832/3516 3797/851/3535 3798/852/3536 3779/833/3517 
f 3779/833/3517 3798/852/3536 3323/377/3061 
s 1
f 3780/834/3518 3799/853/3537 3800/854/3538 3781/835/3519 
s 2
f 3781/835/3519 3800/854/3538 3801/855/3539 3782/836/3520 
f 3782/836/3520 3801/855/3539 3802/856/3540 3783/837/3521 
f 3783/837/3521 3802/856/3540 3803/857/3541 3784/838/3522 
f 3784/838/3522 3803/857/3541 3804/858/3542 3785/839/3523 
f 3785/839/3523 3804/858/3542 3805/859/3543 3786/840/3524 
f 3786/840/3524 3805/859/3543 3806/860/3544 3787/841/3525 
f 3787/841/3525 3806/860/3544 3807/861/3545 3788/842/3526 
f 3788/842/3526 3807/861/3545 3808/862/3546 3789/843/3527 
f 3789/843/3527 3808/862/3546 3809/863/3547 3790/844/3528 
f 3790/844/3528 3809/863/3547 3810/864/3548 3791/845/3529 
f 3791/845/3529 3810/864/3548 3811/865/3549 3792/846/3530 
f 3792/846/3530 3811/865/3549 3812/866/3550 3793/847/3531 
f 3793/847/3531 3812/866/3550 3813/867/3551 3794/848/3532 
f 3794/848/3532 3813/867/3551 3814/868/3552 3795/849/3533 
f 3795/849/3533 3814/868/3552 3815/869/3553 3796/850/3534 
f 3796/850/3534 3815/869/3553 3816/870/3554 3797/851/3535 
f 3797/851/3535 3816/870/3554 3817/871/3555 3798/852/3536 
f 3798/852/3536 3817/871/3555 3323/377/3061 
s 1
f 3799/853/3537 3818/872/3556 3819/873/3557 3800/854/3538 
s 2
f 3800/854/3538 3819/873/3557 3820/874/3558 3801/855/3539 
f 3801/855/3539 3820/874/3558 3821/875/3559 3802/856/3540 
f 3802/856/3540 3821/875/3559 3822/876/3560 3803/857/3541 
f 3803/857/3541 3822/876/3560 3823/877/3561 3804/858/3542 
f 3804/858/3542 3823/877/3561 3824/878/3562 3805/859/3543 
f 3805/859/3543 3824/878/3562 3825/879/3563 3806/860/3544 
f 3806/860/3544 3825/879/3563 3826/880/3564 3807/861/3545 
f 3807/861/3545 3826/880/3564 3827/881/3565 3808/862/3546 
f 3808/862/3546 3827/881/3565 3828/882/3566 3809/863/3547 
f 3809/863/3547 3828/882/3566 3829/883/3567 3810/864/3548 
f 3810/864/3548 3829/883/3567 3830/884/3568 3811/865/3549 
f 3811/865/3549 3830/884/3568 3831/885/3569 3812/866/3550 
f 3812/866/3550 3831/885/3569 3832/886/3570 3813/867/3551 
f 3813/867/3551 3832/886/3570 3833/887/3571 3814/868/3552 
f 3814/868/3552 3833/887/3571 3834/888/3572 3815/869/3553 
f 3815/869/3553 3834/888/3572 3835/889/3573 3816/870/3554 
f 3816/870/3554 3835/889/3573 3836/890/3574 3817/871/3555 
f 3817/871/3555 3836/890/3574 3323/377/3061 
s 1
f 3818/872/3556 3837/891/3575 3838/892/3576 3819/873/3557 
s 2
f 3819/873/3557 3838/892/3576 3839/893/3577 3820/874/3558 
f 3820/874/3558 3839/893/3577 3840/894/3578 3821/875/3559 
f 3821/875/3559 3840/894/3578 3841/895/3579 3822/876/3560 
f 3822/876/3560 3841/895/3579 3842/896/3580 3823/877/3561 
f 3823/877/3561 3842/896/3580 3843/897/3581 3824/878/3562 
f 3824/878/3562 3843/897/3581 3844/898/3582 3825/879/3563 
f 3825/879/3563 3844/898/3582 3845/899/3583 3826/880/3564 
f 3826/880/3564 3845/899/3583 3846/900/3584 3827/881/3565 
f 3827/881/3565 3846/900/3584 3847/901/3585 3828/882/3566 
f 3828/882/3566 3847/901/3585 3848/902/3586 3829/883/3567 
f 3829/883/3567 3848/902/3586 3849/903/3587 3830/884/3568 
f 3830/884/3568 3849/903/3587 3850/904/3588 3831/885/3569 
f 3831/885/3569 3850/904/3588 3851/905/3589 3832/886/3570 
f 3832/886/3570 3851/905/3589 3852/906/3590 3833/887/3571 
f 3833/887/3571 3852/906/3590 3853/907/3591 3834/888/3572 
f 3834/888/3572 3853/907/3591 3854/908/3592 3835/889/3573 
f 3835/889/3573 3854/908/3592 3855/909/3593 3836/890/3574 
f 3836/890/3574 3855/909/3593 3323/377/3061 
s 1
f 3837/891/3575 3856/910/3594 3857/911/3595 3838/892/3576 
s 2
f 3838/892/3576 3857/911/3595 3858/912/3596 3839/893/3577 
f 3839/893/3577 3858/912/3596 3859/913/3597 3840/894/3578 
f 3840/894/3578 3859/913/3597 3860/914/3598 3841/895/3579 
f 3841/895/3579 3860/914/3598 3861/915/3599 3842/896/3580 
f 3842/896/3580 3861/915/3599 3862/916/3600 3843/897/3581 
f 3843/897/3581 3862/916/3600 3863/917/3601 3844/898/3582 
f 3844/898/3582 3863/917/3601 3864/918/3602 3845/899/3583 
f 3845/899/3583 3864/918/3602 3865/919/3603 3846/900/3584 
f 3846/900/3584 3865/919/3603 3866/920/3604 3847/901/3585 
f 3847/901/3585 3866/920/3604 3867/921/3605 3848/902/3586 
f 3848/902/3586 3867/921/3605 3868/922/3606 3849/903/3587 
f 3849/903/3587 3868/922/3606 3869/923/3607 3850/904/3588 
f 3850/904/3588 3869/923/3607 3870/924/3608 3851/905/3589 
f 3851/905/3589 3870/924/3608 3871/925/3609 3852/906/3590 
f 3852/906/3590 3871/925/3609 3872/926/3610 3853/907/3591 
f 3853/907/3591 3872/926/3610 3873/927/3611 3854/908/3592 
f 3854/908/3592 3873/927/3611 3874/928/3612 3855/909/3593 
f 3855/909/3593 3874/928/3612 3323/377/3061 
s 1
f 3856/910/3594 3875/929/3613 3876/930/3614 3857/911/3595 
s 2
f 3857/911/3595 3876/930/3614 3877/931/3615 3858/912/3596 
f 3858/912/3596 3877/931/3615 3878/932/3616 3859/913/3597 
f 3859/913/3597 3878/932/3616 3879/933/3617 3860/914/3598 
f 3860/914/3598 3879/933/3617 3880/934/3618 3861/915/3599 
f 3861/915/3599 3880/934/3618 3881/935/3619 3862/916/3600 
f 3862/916/3600 3881/935/3619 3882/936/3620 3863/917/3601 
f 3863/917/3601 3882/936/3620 3883/937/3621 3864/918/3602 
f 3864/918/3602 3883/937/3621 3884/938/3622 3865/919/3603 
f 3865/919/3603 3884/938/3622 3885/939/3623 3866/920/3604 
f 3866/920/3604 3885/939/3623 3886/940/3624 3867/921/3605 
f 3867/921/3605 3886/940/3624 3887/941/3625 3868/922/3606 
f 3868/922/3606 3887/941/3625 3888/942/3626 3869/923/3607 
f 3869/923/3607 3888/942/3626 3889/943/3627 3870/924/3608 
f 3870/924/3608 3889/943/3627 3890/944/3628 3871/925/3609 
f 3871/925/3609 3890/944/3628 3891/945/3629 3872/926/3610 
f 3872/926/3610 3891/945/3629 3892/946/3630 3873/927/3611 
f 3873/927/3611 3892/946/3630 3893/947/3631 3874/928/3612 
f 3874/928/3612 3893/947/3631 3323/377/3061 
s 1
f 3875/929/3613 3894/948/2850 3895/949/3632 3876/930/3614 
s 2
f 3876/930/3614 3895/949/3632 3896/950/3633 3877/931/3615 
f 3877/931/3615 3896/950/3633 3897/951/3634 3878/932/3616 
f 3878/932/3616 3897/951/3634 3898/952/3635 3879/933/3617 
f 3879/933/3617 3898/952/3635 3899/953/3636 3880/934/3618 
f 3880/934/3618 3899/953/3636 3900/954/3637 3881/935/3619 
f 3881/935/3619 3900/954/3637 3901/955/3638 3882/936/3620 
f 3882/936/3620 3901/955/3638 3902/956/3639 3883/937/3621 
f 3883/937/3621 3902/956/3639 3903/957/3640 3884/938/3622 
f 3884/938/3622 3903/957/3640 3904/958/3641 3885/939/3623 
f 3885/939/3623 3904/958/3641 3905/959/3642 3886/940/3624 
f 3886/940/3624 3905/959/3642 3906/960/3643 3887/941/3625 
f 3887/941/3625 3906/960/3643 3907/961/3644 3888/942/3626 
f 3888/942/3626 3907/961/3644 3908/962/3645 3889/943/3627 
f 3889/943/3627 3908/962/3645 3909/963/3646 3890/944/3628 
f 3890/944/3628 3909/963/3646 3910/964/3647 3891/945/3629 
f 3891/945/3629 3910/964/3647 3911/965/3648 3892/946/3630 
f 3892/946/3630 3911/965/3648 3912/966/3649 3893/947/3631 
f 3893/947/3631 3912/966/3649 3323/377/3061 
s 1
f 3894/948/2850 3913/967/3650 3914/968/3651 3895/949/3632 
s 2
f 3895/949/3632 3914/968/3651 3915/969/3652 3896/950/3633 
f 3896/950/3633 3915/969/3652 3916/970/3653 3897/951/3634 
f 3897/951/3634 3916/970/3653 3917/971/3654 3898/952/3635 
f 3898/952/3635 3917/971/3654 3918/972/3655 3899/953/3636 
f 3899/953/3636 3918/972/3655 3919/973/3656 3900/954/3637 
f 3900/954/3637 3919/973/3656 3920/974/3657 3901/955/3638 
f 3901/955/3638 3920/974/3657 3921/975/3658 3902/956/3639 
f 3902/956/3639 3921/975/3658 3922/976/3659 3903/957/3640 
f 3903/957/3640 3922/976/3659 3923/977/3660 3904/958/3641 
f 3904/958/3641 3923/977/3660 3924/978/3661 3905/959/3642 
f 3905/959/3642 3924/978/3661 3925/979/3662 3906/960/3643 
f 3906/960/3643 3925/979/3662 3926/980/3663 3907/961/3644 
f 3907/961/3644 3926/980/3663 3927/981/3664 3908/962/3645 
f 3908/962/3645 3927/981/3664 3928/982/3665 3909/963/3646 
f 3909/963/3646 3928/982/3665 3929/983/3666 3910/964/3647 
f 3910/964/3647 3929/983/3666 3930/984/3667 3911/965/3648 
f 3911/965/3648 3930/984/3667 3931/985/3668 3912/966/3649 
f 3912/966/3649 3931/985/3668 3323/377/3061 
s 1
f 3913/967/3650 3932/986/3669 3933/987/3670 3914/968/3651 
s 2
f 3914/968/3651 3933/987/3670 3934/988/3671 3915/969/3652 
f 3915/969/3652 3934/988/3671 3935/989/3672 3916/970/3653 
f 3916/970/3653 3935/989/3672 3936/990/3673 3917/971/3654 
f 3917/971/3654 3936/990/3673 3937/991/3674 3918/972/3655 
f 3918/972/3655 3937/991/3674 3938/992/3675 3919/973/3656 
f 3919/973/3656 3938/992/3675 3939/993/3676 3920/974/3657 
f 3920/974/3657 3939/993/3676 3940/994/3677 3921/975/3658 
f 3921/975/3658 3940/994/3677 3941/995/3678 3922/976/3659 
f 3922/976/3659 3941/995/3678 3942/996/3679 3923/977/3660 
f 3923/977/3660 3942/996/3679 3943/997/3680 3924/978/3661 
f 3924/978/3661 3943/997/3680 3944/998/3681 3925/979/3662 
f 3925/979/3662 3944/998/3681 3945/999/3682 3926/980/3663 
f 3926/980/3663 3945/999/3682 3946/1000/3683 3927/981/3664 
f 3927/981/3664 3946/1000/3683 3947/1001/3684 3928/982/3665 
f 3928/982/3665 3947/1001/3684 3948/1002/3685 3929/983/3666 
f 3929/983/3666 3948/1002/3685 3949/1003/3686 3930/984/3667 
f 3930/984/3667 3949/1003/3686 3950/1004/3687 3931/985/3668 
f 3931/985/3668 3950/1004/3687 3323/377/3061 
s 1
f 3932/986/3669 3951/1005/3688 3952/1006/3689 3933/987/3670 
s 2
f 3933/987/3670 3952/1006/3689 3953/1007/3690 3934/988/3671 
f 3934/988/3671 3953/1007/3690 3954/1008/3691 3935/989/3672 
f 3935/989/3672 3954/1008/3691 3955/1009/3692 3936/990/3673 
f 3936/990/3673 3955/1009/3692 3956/1010/3693 3937/991/3674 
f 3937/991/3674 3956/1010/3693 3957/1011/3694 3938/992/3675 
f 3938/992/3675 3957/1011/3694 3958/1012/3695 3939/993/3676 
f 3939/993/3676 3958/1012/3695 3959/1013/3696 3940/994/3677 
f 3940/994/3677 3959/1013/3696 3960/1014/3697 3941/995/3678 
f 3941/995/3678 3960/1014/3697 3961/1015/3698 3942/996/3679 
f 3942/996/3679 3961/1015/3698 3962/1016/3699 3943/997/3680 
f 3943/997/3680 3962/1016/3699 3963/1017/3700 3944/998/3681 
f 3944/998/3681 3963/1017/3700 3964/1018/3701 3945/999/3682 
f 3945/999/3682 3964/1018/3701 3965/1019/3702 3946/1000/3683 
f 3946/1000/3683 3965/1019/3702 3966/1020/3703 3947/1001/3684 
f 3947/1001/3684 3966/1020/3703 3967/1021/3704 3948/1002/3685 
f 3948/1002/3685 3967/1021/3704 3968/1022/3705 3949/1003/3686 
f 3949/1003/3686 3968/1022/3705 3969/1023/3706 3950/1004/3687 
f 3950/1004/3687 3969/1023/3706 3323/377/3061 
s 1
f 3951/1005/3688 3970/1024/3707 3971/1025/3708 3952/1006/3689 
s 2
f 3952/1006/3689 3971/1025/3708 3972/1026/3709 3953/1007/3690 
f 3953/1007/3690 3972/1026/3709 3973/1027/3710 3954/1008/3691 
f 3954/1008/3691 3973/1027/3710 3974/1028/3711 3955/1009/3692 
f 3955/1009/3692 3974/1028/3711 3975/1029/3712 3956/1010/3693 
f 3956/1010/3693 3975/1029/3712 3976/1030/3713 3957/1011/3694 
f 3957/1011/3694 3976/1030/3713 3977/1031/3714 3958/1012/3695 
f 3958/1012/3695 3977/1031/3714 3978/1032/3715 3959/1013/3696 
f 3959/1013/3696 3978/1032/3715 3979/1033/3716 3960/1014/3697 
f 3960/1014/3697 3979/1033/3716 3980/1034/3717 3961/1015/3698 
f 3961/1015/3698 3980/1034/3717 3981/1035/3718 3962/1016/3699 
f 3962/1016/3699 3981/1035/3718 3982/1036/3719 3963/1017/3700 
f 3963/1017/3700 3982/1036/3719 3983/1037/3720 3964/1018/3701 
f 3964/1018/3701 3983/1037/3720 3984/1038/3721 3965/1019/3702 
f 3965/1019/3702 3984/1038/3721 3985/1039/3722 3966/1020/3703 
f 3966/1020/3703 3985/1039/3722 3986/1040/3723 3967/1021/3704 
f 3967/1021/3704 3986/1040/3723 3987/1041/3724 3968/1022/3705 
f 3968/1022/3705 3987/1041/3724 3988/1042/3725 3969/1023/3706 
f 3969/1023/3706 3988/1042/3725 3323/377/3061 
s 1
f 3970/1024/3707 3989/1043/3726 3990/1044/3727 3971/1025/3708 
s 2
f 3971/1025/3708 3990/1044/3727 3991/1045/3728 3972/1026/3709 
f 3972/1026/3709 3991/1045/3728 3992/1046/3729 3973/1027/3710 
f 3973/1027/3710 3992/1046/3729 3993/1047/3730 3974/1028/3711 
f 3974/1028/3711 3993/1047/3730 3994/1048/3731 3975/1029/3712 
f 3975/1029/3712 3994/1048/3731 3995/1049/3732 3976/1030/3713 
f 3976/1030/3713 3995/1049/3732 3996/1050/3733 3977/1031/3714 
f 3977/1031/3714 3996/1050/3733 3997/1051/3734 3978/1032/3715 
f 3978/1032/3715 3997/1051/3734 3998/1052/3735 3979/1033/3716 
f 3979/1033/3716 3998/1052/3735 3999/1053/3736 3980/1034/3717 
f 3980/1034/3717 3999/1053/3736 4000/1054/3737 3981/1035/3718 
f 3981/1035/3718 4000/1054/3737 4001/1055/3738 3982/1036/3719 
f 3982/1036/3719 4001/1055/3738 4002/1056/3739 3983/1037/3720 
f 3983/1037/3720 4002/1056/3739 4003/1057/3740 3984/1038/3721 
f 3984/1038/3721 4003/1057/3740 4004/1058/3741 3985/1039/3722 
f 3985/1039/3722 4004/1058/3741 4005/1059/3742 3986/1040/3723 
f 3986/1040/3723 4005/1059/3742 4006/1060/3743 3987/1041/3724 
f 3987/1041/3724 4006/1060/3743 4007/1061/3744 3988/1042/3725 
f 3988/1042/3725 4007/1061/3744 3323/377/3061 
s 1
f 3989/1043/3726 4008/1062/3745 4009/1063/3746 3990/1044/3727 
s 2
f 3990/1044/3727 4009/1063/3746 4010/1064/3747 3991/1045/3728 
f 3991/1045/3728 4010/1064/3747 4011/1065/3748 3992/1046/3729 
f 3992/1046/3729 4011/1065/3748 4012/1066/3749 3993/1047/3730 
f 3993/1047/3730 4012/1066/3749 4013/1067/3750 3994/1048/3731 
f 3994/1048/3731 4013/1067/3750 4014/1068/3751 3995/1049/3732 
f 3995/1049/3732 4014/1068/3751 4015/1069/3752 3996/1050/3733 
f 3996/1050/3733 4015/1069/3752 4016/1070/3753 3997/1051/3734 
f 3997/1051/3734 4016/1070/3753 4017/1071/3754 3998/1052/3735 
f 3998/1052/3735 4017/1071/3754 4018/1072/3755 3999/1053/3736 
f 3999/1053/3736 4018/1072/3755 4019/1073/3756 4000/1054/3737 
f 4000/1054/3737 4019/1073/3756 4020/1074/3757 4001/1055/3738 
f 4001/1055/3738 4020/1074/3757 4021/1075/3758 4002/1056/3739 
f 4002/1056/3739 4021/1075/3758 4022/1076/3759 4003/1057/3740 
f 4003/1057/3740 4022/1076/3759 4023/1077/3760 4004/1058/3741 
f 4004/1058/3741 4023/1077/3760 4024/1078/3761 4005/1059/3742 
f 4005/1059/3742 4024/1078/3761 4025/1079/3762 4006/1060/3743 
f 4006/1060/3743 4025/1079/3762 4026/1080/3763 4007/1061/3744 
f 4007/1061/3744 4026/1080/3763 3323/377/3061 
s 1
f 4008/1062/3745 4027/1081/3764 4028/1082/3765 4009/1063/3746 
s 2
f 4009/1063/3746 4028/1082/3765 4029/1083/3766 4010/1064/3747 
f 4010/1064/3747 4029/1083/3766 4030/1084/3767 4011/1065/3748 
f 4011/1065/3748 4030/1084/3767 4031/1085/3768 4012/1066/3749 
f 4012/1066/3749 4031/1085/3768 4032/1086/3769 4013/1067/3750 
f 4013/1067/3750 4032/1086/3769 4033/1087/3770 4014/1068/3751 
f 4014/1068/3751 4033/1087/3770 4034/1088/3771 4015/1069/3752 
f 4015/1069/3752 4034/1088/3771 4035/1089/3772 4016/1070/3753 
f 4016/1070/3753 4035/1089/3772 4036/1090/3773 4017/1071/3754 
f 4017/1071/3754 4036/1090/3773 4037/1091/3774 4018/1072/3755 
f 4018/1072/3755 4037/1091/3774 4038/1092/3775 4019/1073/3756 
f 4019/1073/3756 4038/1092/3775 4039/1093/3776 4020/1074/3757 
f 4020/1074/3757 4039/1093/3776 4040/1094/3777 4021/1075/3758 
f 4021/1075/3758 4040/1094/3777 4041/1095/3778 4022/1076/3759 
f 4022/1076/3759 4041/1095/3778 4042/1096/3779 4023/1077/3760 
f 4023/1077/3760 4042/1096/3779 4043/1097/3780 4024/1078/3761 
f 4024/1078/3761 4043/1097/3780 4044/1098/3781 4025/1079/3762 
f 4025/1079/3762 4044/1098/3781 4045/1099/3782 4026/1080/3763 
f 4026/1080/3763 4045/1099/3782 3323/377/3061 
s 1
f 4027/1081/3764 4046/1100/3783 4047/1101/3784 4028/1082/3765 
s 2
f 4028/1082/3765 4047/1101/3784 4048/1102/3785 4029/1083/3766 
f 4029/1083/3766 4048/1102/3785 4049/1103/3786 4030/1084/3767 
f 4030/1084/3767 4049/1103/3786 4050/1104/3787 4031/1085/3768 
f 4031/1085/3768 4050/1104/3787 4051/1105/3788 4032/1086/3769 
f 4032/1086/3769 4051/1105/3788 4052/1106/3789 4033/1087/3770 
f 4033/1087/3770 4052/1106/3789 4053/1107/3790 4034/1088/3771 
f 4034/1088/3771 4053/1107/3790 4054/1108/3791 4035/1089/3772 
f 4035/1089/3772 4054/1108/3791 4055/1109/3792 4036/1090/3773 
f 4036/1090/3773 4055/1109/3792 4056/1110/3793 4037/1091/3774 
f 4037/1091/3774 4056/1110/3793 4057/1111/3794 4038/1092/3775 
f 4038/1092/3775 4057/1111/3794 4058/1112/3795 4039/1093/3776 
f 4039/1093/3776 4058/1112/3795 4059/1113/3796 4040/1094/3777 
f 4040/1094/3777 4059/1113/3796 4060/1114/3797 4041/1095/3778 
f 4041/1095/3778 4060/1114/3797 4061/1115/3798 4042/1096/3779 
f 4042/1096/3779 4061/1115/3798 4062/1116/3799 4043/1097/3780 
f 4043/1097/3780 4062/1116/3799 4063/1117/3800 4044/1098/3781 
f 4044/1098/3781 4063/1117/3800 4064/1118/3801 4045/1099/3782 
f 4045/1099/3782 4064/1118/3801 3323/377/3061 
s 1
f 4046/1100/3783 4065/1119/3802 4066/1120/3803 4047/1101/3784 
s 2
f 4047/1101/3784 4066/1120/3803 4067/1121/3804 4048/1102/3785 
f 4048/1102/3785 4067/1121/3804 4068/1122/3805 4049/1103/3786 
f 4049/1103/3786 4068/1122/3805 4069/1123/3806 4050/1104/3787 
f 4050/1104/3787 4069/1123/3806 4070/1124/3807 4051/1105/3788 
f 4051/1105/3788 4070/1124/3807 4071/1125/3808 4052/1106/3789 
f 4052/1106/3789 4071/1125/3808 4072/1126/3809 4053/1107/3790 
f 4053/1107/3790 4072/1126/3809 4073/1127/3810 4054/1108/3791 
f 4054/1108/3791 4073/1127/3810 4074/1128/3811 4055/1109/3792 
f 4055/1109/3792 4074/1128/3811 4075/1129/3812 4056/1110/3793 
f 4056/1110/3793 4075/1129/3812 4076/1130/3813 4057/1111/3794 
f 4057/1111/3794 4076/1130/3813 4077/1131/3814 4058/1112/3795 
f 4058/1112/3795 4077/1131/3814 4078/1132/3815 4059/1113/3796 
f 4059/1113/3796 4078/1132/3815 4079/1133/3816 4060/1114/3797 
f 4060/1114/3797 4079/1133/3816 4080/1134/3817 4061/1115/3798 
f 4061/1115/3798 4080/1134/3817 4081/1135/3818 4062/1116/3799 
f 4062/1116/3799 4081/1135/3818 4082/1136/3819 4063/1117/3800 
f 4063/1117/3800 4082/1136/3819 4083/1137/3820 4064/1118/3801 
f 4064/1118/3801 4083/1137/3820 3323/377/3061 
s 1
f 4065/1119/3802 4084/1138/3821 4085/1139/3822 4066/1120/3803 
s 2
f 4066/1120/3803 4085/1139/3822 4086/1140/3823 4067/1121/3804 
f 4067/1121/3804 4086/1140/3823 4087/1141/3824 4068/1122/3805 
f 4068/1122/3805 4087/1141/3824 4088/1142/3825 4069/1123/3806 
f 4069/1123/3806 4088/1142/3825 4089/1143/3826 4070/1124/3807 
f 4070/1124/3807 4089/1143/3826 4090/1144/3827 4071/1125/3808 
f 4071/1125/3808 4090/1144/3827 4091/1145/3828 4072/1126/3809 
f 4072/1126/3809 4091/1145/3828 4092/1146/3829 4073/1127/3810 
f 4073/1127/3810 4092/1146/3829 4093/1147/3830 4074/1128/3811 
f 4074/1128/3811 4093/1147/3830 4094/1148/3831 4075/1129/3812 
f 4075/1129/3812 4094/1148/3831 4095/1149/3832 4076/1130/3813 
f 4076/1130/3813 4095/1149/3832 4096/1150/3833 4077/1131/3814 
f 4077/1131/3814 4096/1150/3833 4097/1151/3834 4078/1132/3815 
f 4078/1132/3815 4097/1151/3834 4098/1152/3835 4079/1133/3816 
f 4079/1133/3816 4098/1152/3835 4099/1153/3836 4080/1134/3817 
f 4080/1134/3817 4099/1153/3836 4100/1154/3837 4081/1135/3818 
f 4081/1135/3818 4100/1154/3837 4101/1155/3838 4082/1136/3819 
f 4082/1136/3819 4101/1155/3838 4102/1156/3839 4083/1137/3820 
f 4083/1137/3820 4102/1156/3839 3323/377/3061 
s 1
f 4084/1138/3821 4103/1157/3840 4104/1158/3841 4085/1139/3822 
s 2
f 4085/1139/3822 4104/1158/3841 4105/1159/3842 4086/1140/3823 
f 4086/1140/3823 4105/1159/3842 4106/1160/3843 4087/1141/3824 
f 4087/1141/3824 4106/1160/3843 4107/1161/3844 4088/1142/3825 
f 4088/1142/3825 4107/1161/3844 4108/1162/3845 4089/1143/3826 
f 4089/1143/3826 4108/1162/3845 4109/1163/3846 4090/1144/3827 
f 4090/1144/3827 4109/1163/3846 4110/1164/3847 4091/1145/3828 
f 4091/1145/3828 4110/1164/3847 4111/1165/3848 4092/1146/3829 
f 4092/1146/3829 4111/1165/3848 4112/1166/3849 4093/1147/3830 
f 4093/1147/3830 4112/1166/3849 4113/1167/3850 4094/1148/3831 
f 4094/1148/3831 4113/1167/3850 4114/1168/3851 4095/1149/3832 
f 4095/1149/3832 4114/1168/3851 4115/1169/3852 4096/1150/3833 
f 4096/1150/3833 4115/1169/3852 4116/1170/3853 4097/1151/3834 
f 4097/1151/3834 4116/1170/3853 4117/1171/3854 4098/1152/3835 
f 4098/1152/3835 4117/1171/3854 4118/1172/3855 4099/1153/3836 
f 4099/1153/3836 4118/1172/3855 4119/1173/3856 4100/1154/3837 
f 4100/1154/3837 4119/1173/3856 4120/1174/3857 4101/1155/3838 
f 4101/1155/3838 4120/1174/3857 4121/1175/3858 4102/1156/3839 
f 4102/1156/3839 4121/1175/3858 3323/377/3061 
s 1
f 4103/1157/3840 4122/1176/3859 4123/1177/3860 4104/1158/3841 
s 2
f 4104/1158/3841 4123/1177/3860 4124/1178/3861 4105/1159/3842 
f 4105/1159/3842 4124/1178/3861 4125/1179/3862 4106/1160/3843 
f 4106/1160/3843 4125/1179/3862 4126/1180/3863 4107/1161/3844 
f 4107/1161/3844 4126/1180/3863 4127/1181/3864 4108/1162/3845 
f 4108/1162/3845 4127/1181/3864 4128/1182/3865 4109/1163/3846 
f 4109/1163/3846 4128/1182/3865 4129/1183/3866 4110/1164/3847 
f 4110/1164/3847 4129/1183/3866 4130/1184/3867 4111/1165/3848 
f 4111/1165/3848 4130/1184/3867 4131/1185/3868 4112/1166/3849 
f 4112/1166/3849 4131/1185/3868 4132/1186/3869 4113/1167/3850 
f 4113/1167/3850 4132/1186/3869 4133/1187/3870 4114/1168/3851 
f 4114/1168/3851 4133/1187/3870 4134/1188/3871 4115/1169/3852 
f 4115/1169/3852 4134/1188/3871 4135/1189/3872 4116/1170/3853 
f 4116/1170/3853 4135/1189/3872 4136/1190/3873 4117/1171/3854 
f 4117/1171/3854 4136/1190/3873 4137/1191/3874 4118/1172/3855 
f 4118/1172/3855 4137/1191/3874 4138/1192/3875 4119/1173/3856 
f 4119/1173/3856 4138/1192/3875 4139/1193/3876 4120/1174/3857 
f 4120/1174/3857 4139/1193/3876 4140/1194/3877 4121/1175/3858 
f 4121/1175/3858 4140/1194/3877 3323/377/3061 
s 1
f 4122/1176/3859 4141/1195/3878 4142/1196/3879 4123/1177/3860 
s 2
f 4123/1177/3860 4142/1196/3879 4143/1197/3880 4124/1178/3861 
f 4124/1178/3861 4143/1197/3880 4144/1198/3881 4125/1179/3862 
f 4125/1179/3862 4144/1198/3881 4145/1199/3882 4126/1180/3863 
f 4126/1180/3863 4145/1199/3882 4146/1200/3883 4127/1181/3864 
f 4127/1181/3864 4146/1200/3883 4147/1201/3884 4128/1182/3865 
f 4128/1182/3865 4147/1201/3884 4148/1202/3885 4129/1183/3866 
f 4129/1183/3866 4148/1202/3885 4149/1203/3886 4130/1184/3867 
f 4130/1184/3867 4149/1203/3886 4150/1204/3887 4131/1185/3868 
f 4131/1185/3868 4150/1204/3887 4151/1205/3888 4132/1186/3869 
f 4132/1186/3869 4151/1205/3888 4152/1206/3889 4133/1187/3870 
f 4133/1187/3870 4152/1206/3889 4153/1207/3890 4134/1188/3871 
f 4134/1188/3871 4153/1207/3890 4154/1208/3891 4135/1189/3872 
f 4135/1189/3872 4154/1208/3891 4155/1209/3892 4136/1190/3873 
f 4136/1190/3873 4155/1209/3892 4156/1210/3893 4137/1191/3874 
f 4137/1191/3874 4156/1210/3893 4157/1211/3894 4138/1192/3875 
f 4138/1192/3875 4157/1211/3894 4158/1212/3895 4139/1193/3876 
f 4139/1193/3876 4158/1212/3895 4159/1213/3896 4140/1194/3877 
f 4140/1194/3877 4159/1213/3896 3323/377/3061 
s 1
f 4141/1195/3878 4160/1214/3897 4161/1215/3898 4142/1196/3879 
s 2
f 4142/1196/3879 4161/1215/3898 4162/1216/3899 4143/1197/3880 
f 4143/1197/3880 4162/1216/3899 4163/1217/3900 4144/1198/3881 
f 4144/1198/3881 4163/1217/3900 4164/1218/3901 4145/1199/3882 
f 4145/1199/3882 4164/1218/3901 4165/1219/3902 4146/1200/3883 
f 4146/1200/3883 4165/1219/3902 4166/1220/3903 4147/1201/3884 
f 4147/1201/3884 4166/1220/3903 4167/1221/3904 4148/1202/3885 
f 4148/1202/3885 4167/1221/3904 4168/1222/3905 4149/1203/3886 
f 4149/1203/3886 4168/1222/3905 4169/1223/3906 4150/1204/3887 
f 4150/1204/3887 4169/1223/3906 4170/1224/3907 4151/1205/3888 
f 4151/1205/3888 4170/1224/3907 4171/1225/3908 4152/1206/3889 
f 4152/1206/3889 4171/1225/3908 4172/1226/3909 4153/1207/3890 
f 4153/1207/3890 4172/1226/3909 4173/1227/3910 4154/1208/3891 
f 4154/1208/3891 4173/1227/3910 4174/1228/3911 4155/1209/3892 
f 4155/1209/3892 4174/1228/3911 4175/1229/3912 4156/1210/3893 
f 4156/1210/3893 4175/1229/3912 4176/1230/3913 4157/1211/3894 
f 4157/1211/3894 4176/1230/3913 4177/1231/3914 4158/1212/3895 
f 4158/1212/3895 4177/1231/3914 4178/1232/3915 4159/1213/3896 
f 4159/1213/3896 4178/1232/3915 3323/377/3061 
s 1
f 4160/1214/3897 4179/1233/3916 4180/1234/3917 4161/1215/3898 
s 2
f 4161/1215/3898 4180/1234/3917 4181/1235/3918 4162/1216/3899 
f 4162/1216/3899 4181/1235/3918 4182/1236/3919 4163/1217/3900 
f 4163/1217/3900 4182/1236/3919 4183/1237/3920 4164/1218/3901 
f 4164/1218/3901 4183/1237/3920 4184/1238/3921 4165/1219/3902 
f 4165/1219/3902 4184/1238/3921 4185/1239/3922 4166/1220/3903 
f 4166/1220/3903 4185/1239/3922 4186/1240/3923 4167/1221/3904 
f 4167/1221/3904 4186/1240/3923 4187/1241/3924 4168/1222/3905 
f 4168/1222/3905 4187/1241/3924 4188/1242/3925 4169/1223/3906 
f 4169/1223/3906 4188/1242/3925 4189/1243/3926 4170/1224/3907 
f 4170/1224/3907 4189/1243/3926 4190/1244/3927 4171/1225/3908 
f 4171/1225/3908 4190/1244/3927 4191/1245/3928 4172/1226/3909 
f 4172/1226/3909 4191/1245/3928 4192/1246/3929 4173/1227/3910 
f 4173/1227/3910 4192/1246/3929 4193/1247/3930 4174/1228/3911 
f 4174/1228/3911 4193/1247/3930 4194/1248/3931 4175/1229/3912 
f 4175/1229/3912 4194/1248/3931 4195/1249/3932 4176/1230/3913 
f 4176/1230/3913 4195/1249/3932 4196/1250/3933 4177/1231/3914 
f 4177/1231/3914 4196/1250/3933 4197/1251/3934 4178/1232/3915 
f 4178/1232/3915 4197/1251/3934 3323/377/3061 
s 1
f 4179/1233/3916 4198/1252/3935 4199/1253/3936 4180/1234/3917 
s 2
f 4180/1234/3917 4199/1253/3936 4200/1254/3937 4181/1235/3918 
f 4181/1235/3918 4200/1254/3937 4201/1255/3938 4182/1236/3919 
f 4182/1236/3919 4201/1255/3938 4202/1256/3939 4183/1237/3920 
f 4183/1237/3920 4202/1256/3939 4203/1257/3940 4184/1238/3921 
f 4184/1238/3921 4203/1257/3940 4204/1258/3941 4185/1239/3922 
f 4185/1239/3922 4204/1258/3941 4205/1259/3942 4186/1240/3923 
f 4186/1240/3923 4205/1259/3942 4206/1260/3943 4187/1241/3924 
f 4187/1241/3924 4206/1260/3943 4207/1261/3944 4188/1242/3925 
f 4188/1242/3925 4207/1261/3944 4208/1262/3945 4189/1243/3926 
f 4189/1243/3926 4208/1262/3945 4209/1263/3946 4190/1244/3927 
f 4190/1244/3927 4209/1263/3946 4210/1264/3947 4191/1245/3928 
f 4191/1245/3928 4210/1264/3947 4211/1265/3948 4192/1246/3929 
f 4192/1246/3929 4211/1265/3948 4212/1266/3949 4193/1247/3930 
f 4193/1247/3930 4212/1266/3949 4213/1267/3950 4194/1248/3931 
f 4194/1248/3931 4213/1267/3950 4214/1268/3951 4195/1249/3932 
f 4195/1249/3932 4214/1268/3951 4215/1269/3952 4196/1250/3933 
f 4196/1250/3933 4215/1269/3952 4216/1270/3953 4197/1251/3934 
f 4197/1251/3934 4216/1270/3953 3323/377/3061 
s 1
f 4198/1252/3935 4217/1271/3954 4218/1272/3955 4199/1253/3936 
s 2
f 4199/1253/3936 4218/1272/3955 4219/1273/3956 4200/1254/3937 
f 4200/1254/3937 4219/1273/3956 4220/1274/3957 4201/1255/3938 
f 4201/1255/3938 4220/1274/3957 4221/1275/3958 4202/1256/3939 
f 4202/1256/3939 4221/1275/3958 4222/1276/3959 4203/1257/3940 
f 4203/1257/3940 4222/1276/3959 4223/1277/3960 4204/1258/3941 
f 4204/1258/3941 4223/1277/3960 4224/1278/3961 4205/1259/3942 
f 4205/1259/3942 4224/1278/3961 4225/1279/3962 4206/1260/3943 
f 4206/1260/3943 4225/1279/3962 4226/1280/3963 4207/1261/3944 
f 4207/1261/3944 4226/1280/3963 4227/1281/3964 4208/1262/3945 
f 4208/1262/3945 4227/1281/3964 4228/1282/3965 4209/1263/3946 
f 4209/1263/3946 4228/1282/3965 4229/1283/3966 4210/1264/3947 
f 4210/1264/3947 4229/1283/3966 4230/1284/3967 4211/1265/3948 
f 4211/1265/3948 4230/1284/3967 4231/1285/3968 4212/1266/3949 
f 4212/1266/3949 4231/1285/3968 4232/1286/3969 4213/1267/3950 
f 4213/1267/3950 4232/1286/3969 4233/1287/3970 4214/1268/3951 
f 4214/1268/3951 4233/1287/3970 4234/1288/3971 4215/1269/3952 
f 4215/1269/3952 4234/1288/3971 4235/1289/3972 4216/1270/3953 
f 4216/1270/3953 4235/1289/3972 3323/377/3061 
s 1
f 4217/1271/3954 4236/1290/3973 4237/1291/3974 4218/1272/3955 
s 2
f 4218/1272/3955 4237/1291/3974 4238/1292/3975 4219/1273/3956 
f 4219/1273/3956 4238/1292/3975 4239/1293/3976 4220/1274/3957 
f 4220/1274/3957 4239/1293/3976 4240/1294/3977 4221/1275/3958 
f 4221/1275/3958 4240/1294/3977 4241/1295/3978 4222/1276/3959 
f 4222/1276/3959 4241/1295/3978 4242/1296/3979 4223/1277/3960 
f 4223/1277/3960 4242/1296/3979 4243/1297/3980 4224/1278/3961 
f 4224/1278/3961 4243/1297/3980 4244/1298/3981 4225/1279/3962 
f 4225/1279/3962 4244/1298/3981 4245/1299/3982 4226/1280/3963 
f 4226/1280/3963 4245/1299/3982 4246/1300/3983 4227/1281/3964 
f 4227/1281/3964 4246/1300/3983 4247/1301/3984 4228/1282/3965 
f 4228/1282/3965 4247/1301/3984 4248/1302/3985 4229/1283/3966 
f 4229/1283/3966 4248/1302/3985 4249/1303/3986 4230/1284/3967 
f 4230/1284/3967 4249/1303/3986 4250/1304/3987 4231/1285/3968 
f 4231/1285/3968 4250/1304/3987 4251/1305/3988 4232/1286/3969 
f 4232/1286/3969 4251/1305/3988 4252/1306/3989 4233/1287/3970 
f 4233/1287/3970 4252/1306/3989 4253/1307/3990 4234/1288/3971 
f 4234/1288/3971 4253/1307/3990 4254/1308/3991 4235/1289/3972 
f 4235/1289/3972 4254/1308/3991 3323/377/3061 
s 1
f 4236/1290/3973 4255/1309/3992 4256/1310/3993 4237/1291/3974 
s 2
f 4237/1291/3974 4256/1310/3993 4257/1311/3994 4238/1292/3975 
f 4238/1292/3975 4257/1311/3994 4258/1312/3995 4239/1293/3976 
f 4239/1293/3976 4258/1312/3995 4259/1313/3996 4240/1294/3977 
f 4240/1294/3977 4259/1313/3996 4260/1314/3997 4241/1295/3978 
f 4241/1295/3978 4260/1314/3997 4261/1315/3998 4242/1296/3979 
f 4242/1296/3979 4261/1315/3998 4262/1316/3999 4243/1297/3980 
f 4243/1297/3980 4262/1316/3999 4263/1317/4000 4244/1298/3981 
f 4244/1298/3981 4263/1317/4000 4264/1318/4001 4245/1299/3982 
f 4245/1299/3982 4264/1318/4001 4265/1319/4002 4246/1300/3983 
f 4246/1300/3983 4265/1319/4002 4266/1320/4003 4247/1301/3984 
f 4247/1301/3984 4266/1320/4003 4267/1321/4004 4248/1302/3985 
f 4248/1302/3985 4267/1321/4004 4268/1322/4005 4249/1303/3986 
f 4249/1303/3986 4268/1322/4005 4269/1323/4006 4250/1304/3987 
f 4250/1304/3987 4269/1323/4006 4270/1324/4007 4251/1305/3988 
f 4251/1305/3988 4270/1324/4007 4271/1325/4008 4252/1306/3989 
f 4252/1306/3989 4271/1325/4008 4272/1326/4009 4253/1307/3990 
f 4253/1307/3990 4272/1326/4009 4273/1327/4010 4254/1308/3991 
f 4254/1308/3991 4273/1327/4010 3323/377/3061 
s 1
f 4255/1309/3992 4274/1328/4011 4275/1329/4012 4256/1310/3993 
s 2
f 4256/1310/3993 4275/1329/4012 4276/1330/4013 4257/1311/3994 
f 4257/1311/3994 4276/1330/4013 4277/1331/4014 4258/1312/3995 
f 4258/1312/3995 4277/1331/4014 4278/1332/4015 4259/1313/3996 
f 4259/1313/3996 4278/1332/4015 4279/1333/4016 4260/1314/3997 
f 4260/1314/3997 4279/1333/4016 4280/1334/4017 4261/1315/3998 
f 4261/1315/3998 4280/1334/4017 4281/1335/4018 4262/1316/3999 
f 4262/1316/3999 4281/1335/4018 4282/1336/4019 4263/1317/4000 
f 4263/1317/4000 4282/1336/4019 4283/1337/4020 4264/1318/4001 
f 4264/1318/4001 4283/1337/4020 4284/1338/4021 4265/1319/4002 
f 4265/1319/4002 4284/1338/4021 4285/1339/4022 4266/1320/4003 
f 4266/1320/4003 4285/1339/4022 4286/1340/4023 4267/1321/4004 
f 4267/1321/4004 4286/1340/4023 4287/1341/4024 4268/1322/4005 
f 4268/1322/4005 4287/1341/4024 4288/1342/4025 4269/1323/4006 
f 4269/1323/4006 4288/1342/4025 4289/1343/4026 4270/1324/4007 
f 4270/1324/4007 4289/1343/4026 4290/1344/4027 4271/1325/4008 
f 4271/1325/4008 4290/1344/4027 4291/1345/4028 4272/1326/4009 
f 4272/1326/4009 4291/1345/4028 4292/1346/4029 4273/1327/4010 
f 4273/1327/4010 4292/1346/4029 3323/377/3061 
s 1
f 4274/1328/4011 4293/1347/4030 4294/1348/4031 4275/1329/4012 
s 2
f 4275/1329/4012 4294/1348/4031 4295/1349/4032 4276/1330/4013 
f 4276/1330/4013 4295/1349/4032 4296/1350/4033 4277/1331/4014 
f 4277/1331/4014 4296/1350/4033 4297/1351/4034 4278/1332/4015 
f 4278/1332/4015 4297/1351/4034 4298/1352/4035 4279/1333/4016 
f 4279/1333/4016 4298/1352/4035 4299/1353/4036 4280/1334/4017 
f 4280/1334/4017 4299/1353/4036 4300/1354/4037 4281/1335/4018 
f 4281/1335/4018 4300/1354/4037 4301/1355/4038 4282/1336/4019 
f 4282/1336/4019 4301/1355/4038 4302/1356/4039 4283/1337/4020 
f 4283/1337/4020 4302/1356/4039 4303/1357/4040 4284/1338/4021 
f 4284/1338/4021 4303/1357/4040 4304/1358/4041 4285/1339/4022 
f 4285/1339/4022 4304/1358/4041 4305/1359/4042 4286/1340/4023 
f 4286/1340/4023 4305/1359/4042 4306/1360/4043 4287/1341/4024 
f 4287/1341/4024 4306/1360/4043 4307/1361/4044 4288/1342/4025 
f 4288/1342/4025 4307/1361/4044 4308/1362/4045 4289/1343/4026 
f 4289/1343/4026 4308/1362/4045 4309/1363/4046 4290/1344/4027 
f 4290/1344/4027 4309/1363/4046 4310/1364/4047 4291/1345/4028 
f 4291/1345/4028 4310/1364/4047 4311/1365/4048 4292/1346/4029 
f 4292/1346/4029 4311/1365/4048 3323/377/3061 
s 1
f 4293/1347/4030 4312/1366/4049 4313/1367/4050 4294/1348/4031 
s 2
f 4294/1348/4031 4313/1367/4050 4314/1368/4051 4295/1349/4032 
f 4295/1349/4032 4314/1368/4051 4315/1369/4052 4296/1350/4033 
f 4296/1350/4033 4315/1369/4052 4316/1370/4053 4297/1351/4034 
f 4297/1351/4034 4316/1370/4053 4317/1371/4054 4298/1352/4035 
f 4298/1352/4035 4317/1371/4054 4318/1372/4055 4299/1353/4036 
f 4299/1353/4036 4318/1372/4055 4319/1373/4056 4300/1354/4037 
f 4300/1354/4037 4319/1373/4056 4320/1374/4057 4301/1355/4038 
f 4301/1355/4038 4320/1374/4057 4321/1375/4058 4302/1356/4039 
f 4302/1356/4039 4321/1375/4058 4322/1376/4059 4303/1357/4040 
f 4303/1357/4040 4322/1376/4059 4323/1377/4060 4304/1358/4041 
f 4304/1358/4041 4323/1377/4060 4324/1378/4061 4305/1359/4042 
f 4305/1359/4042 4324/1378/4061 4325/1379/4062 4306/1360/4043 
f 4306/1360/4043 4325/1379/4062 4326/1380/4063 4307/1361/4044 
f 4307/1361/4044 4326/1380/4063 4327/1381/4064 4308/1362/4045 
f 4308/1362/4045 4327/1381/4064 4328/1382/4065 4309/1363/4046 
f 4309/1363/4046 4328/1382/4065 4329/1383/4066 4310/1364/4047 
f 4310/1364/4047 4329/1383/4066 4330/1384/4067 4311/1365/4048 
f 4311/1365/4048 4330/1384/4067 3323/377/3061 
s 1
f 4312/1366/4049 4331/1385/4068 4332/1386/4069 4313/1367/4050 
s 2
f 4313/1367/4050 4332/1386/4069 4333/1387/4070 4314/1368/4051 
f 4314/1368/4051 4333/1387/4070 4334/1388/4071 4315/1369/4052 
f 4315/1369/4052 4334/1388/4071 4335/1389/4072 4316/1370/4053 
f 4316/1370/4053 4335/1389/4072 4336/1390/4073 4317/1371/4054 
f 4317/1371/4054 4336/1390/4073 4337/1391/4074 4318/1372/4055 
f 4318/1372/4055 4337/1391/4074 4338/1392/4075 4319/1373/4056 
f 4319/1373/4056 4338/1392/4075 4339/1393/4076 4320/1374/4057 
f 4320/1374/4057 4339/1393/4076 4340/1394/4077 4321/1375/4058 
f 4321/1375/4058 4340/1394/4077 4341/1395/4078 4322/1376/4059 
f 4322/1376/4059 4341/1395/4078 4342/1396/4079 4323/1377/4060 
f 4323/1377/4060 4342/1396/4079 4343/1397/4080 4324/1378/4061 
f 4324/1378/4061 4343/1397/4080 4344/1398/4081 4325/1379/4062 
f 4325/1379/4062 4344/1398/4081 4345/1399/4082 4326/1380/4063 
f 4326/1380/4063 4345/1399/4082 4346/1400/4083 4327/1381/4064 
f 4327/1381/4064 4346/1400/4083 4347/1401/4084 4328/1382/4065 
f 4328/1382/4065 4347/1401/4084 4348/1402/4085 4329/1383/4066 
f 4329/1383/4066 4348/1402/4085 4349/1403/4086 4330/1384/4067 
f 4330/1384/4067 4349/1403/4086 3323/377/3061 
s 1
f 4331/1385/4068 4350/1404/4087 4351/1405/4088 4332/1386/4069 
s 2
f 4332/1386/4069 4351/1405/4088 4352/1406/4089 4333/1387/4070 
f 4333/1387/4070 4352/1406/4089 4353/1407/4090 4334/1388/4071 
f 4334/1388/4071 4353/1407/4090 4354/1408/4091 4335/1389/4072 
f 4335/1389/4072 4354/1408/4091 4355/1409/4092 4336/1390/4073 
f 4336/1390/4073 4355/1409/4092 4356/1410/4093 4337/1391/4074 
f 4337/1391/4074 4356/1410/4093 4357/1411/4094 4338/1392/4075 
f 4338/1392/4075 4357/1411/4094 4358/1412/4095 4339/1393/4076 
f 4339/1393/4076 4358/1412/4095 4359/1413/4096 4340/1394/4077 
f 4340/1394/4077 4359/1413/4096 4360/1414/4097 4341/1395/4078 
f 4341/1395/4078 4360/1414/4097 4361/1415/4098 4342/1396/4079 
f 4342/1396/4079 4361/1415/4098 4362/1416/4099 4343/1397/4080 
f 4343/1397/4080 4362/1416/4099 4363/1417/4100 4344/1398/4081 
f 4344/1398/4081 4363/1417/4100 4364/1418/4101 4345/1399/4082 
f 4345/1399/4082 4364/1418/4101 4365/1419/4102 4346/1400/4083 
f 4346/1400/4083 4365/1419/4102 4366/1420/4103 4347/1401/4084 
f 4347/1401/4084 4366/1420/4103 4367/1421/4104 4348/1402/4085 
f 4348/1402/4085 4367/1421/4104 4368/1422/4105 4349/1403/4086 
f 4349/1403/4086 4368/1422/4105 3323/377/3061 
s 1
f 4350/1404/4087 4369/1423/4106 4370/1424/4107 4351/1405/4088 
s 2
f 4351/1405/4088 4370/1424/4107 4371/1425/4108 4352/1406/4089 
f 4352/1406/4089 4371/1425/4108 4372/1426/4109 4353/1407/4090 
f 4353/1407/4090 4372/1426/4109 4373/1427/4110 4354/1408/4091 
f 4354/1408/4091 4373/1427/4110 4374/1428/4111 4355/1409/4092 
f 4355/1409/4092 4374/1428/4111 4375/1429/4112 4356/1410/4093 
f 4356/1410/4093 4375/1429/4112 4376/1430/4113 4357/1411/4094 
f 4357/1411/4094 4376/1430/4113 4377/1431/4114 4358/1412/4095 
f 4358/1412/4095 4377/1431/4114 4378/1432/4115 4359/1413/4096 
f 4359/1413/4096 4378/1432/4115 4379/1433/4116 4360/1414/4097 
f 4360/1414/4097 4379/1433/4116 4380/1434/4117 4361/1415/4098 
f 4361/1415/4098 4380/1434/4117 4381/1435/4118 4362/1416/4099 
f 4362/1416/4099 4381/1435/4118 4382/1436/4119 4363/1417/4100 
f 4363/1417/4100 4382/1436/4119 4383/1437/4120 4364/1418/4101 
f 4364/1418/4101 4383/1437/4120 4384/1438/4121 4365/1419/4102 
f 4365/1419/4102 4384/1438/4121 4385/1439/4122 4366/1420/4103 
f 4366/1420/4103 4385/1439/4122 4386/1440/4123 4367/1421/4104 
f 4367/1421/4104 4386/1440/4123 4387/1441/4124 4368/1422/4105 
f 4368/1422/4105 4387/1441/4124 3323/377/3061 
s 1
f 4369/1423/4106 4388/1442/4125 4389/1443/4126 4370/1424/4107 
s 2
f 4370/1424/4107 4389/1443/4126 4390/1444/4127 4371/1425/4108 
f 4371/1425/4108 4390/1444/4127 4391/1445/4128 4372/1426/4109 
f 4372/1426/4109 4391/1445/4128 4392/1446/4129 4373/1427/4110 
f 4373/1427/4110 4392/1446/4129 4393/1447/4130 4374/1428/4111 
f 4374/1428/4111 4393/1447/4130 4394/1448/4131 4375/1429/4112 
f 4375/1429/4112 4394/1448/4131 4395/1449/4132 4376/1430/4113 
f 4376/1430/4113 4395/1449/4132 4396/1450/4133 4377/1431/4114 
f 4377/1431/4114 4396/1450/4133 4397/1451/4134 4378/1432/4115 
f 4378/1432/4115 4397/1451/4134 4398/1452/4135 4379/1433/4116 
f 4379/1433/4116 4398/1452/4135 4399/1453/4136 4380/1434/4117 
f 4380/1434/4117 4399/1453/4136 4400/1454/4137 4381/1435/4118 
f 4381/1435/4118 4400/1454/4137 4401/1455/4138 4382/1436/4119 
f 4382/1436/4119 4401/1455/4138 4402/1456/4139 4383/1437/4120 
f 4383/1437/4120 4402/1456/4139 4403/1457/4140 4384/1438/4121 
f 4384/1438/4121 4403/1457/4140 4404/1458/4141 4385/1439/4122 
f 4385/1439/4122 4404/1458/4141 4405/1459/4142 4386/1440/4123 
f 4386/1440/4123 4405/1459/4142 4406/1460/4143 4387/1441/4124 
f 4387/1441/4124 4406/1460/4143 3323/377/3061 
s 1
f 4388/1442/4125 4407/1461/4144 4408/1462/4145 4389/1443/4126 
s 2
f 4389/1443/4126 4408/1462/4145 4409/1463/4146 4390/1444/4127 
f 4390/1444/4127 4409/1463/4146 4410/1464/4147 4391/1445/4128 
f 4391/1445/4128 4410/1464/4147 4411/1465/4148 4392/1446/4129 
f 4392/1446/4129 4411/1465/4148 4412/1466/4149 4393/1447/4130 
f 4393/1447/4130 4412/1466/4149 4413/1467/4150 4394/1448/4131 
f 4394/1448/4131 4413/1467/4150 4414/1468/4151 4395/1449/4132 
f 4395/1449/4132 4414/1468/4151 4415/1469/4152 4396/1450/4133 
f 4396/1450/4133 4415/1469/4152 4416/1470/4153 4397/1451/4134 
f 4397/1451/4134 4416/1470/4153 4417/1471/4154 4398/1452/4135 
f 4398/1452/4135 4417/1471/4154 4418/1472/4155 4399/1453/4136 
f 4399/1453/4136 4418/1472/4155 4419/1473/4156 4400/1454/4137 
f 4400/1454/4137 4419/1473/4156 4420/1474/4157 4401/1455/4138 
f 4401/1455/4138 4420/1474/4157 4421/1475/4158 4402/1456/4139 
f 4402/1456/4139 4421/1475/4158 4422/1476/4159 4403/1457/4140 
f 4403/1457/4140 4422/1476/4159 4423/1477/4160 4404/1458/4141 
f 4404/1458/4141 4423/1477/4160 4424/1478/4161 4405/1459/4142 
f 4405/1459/4142 4424/1478/4161 4425/1479/4162 4406/1460/4143 
f 4406/1460/4143 4425/1479/4162 3323/377/3061 
s 1
f 4407/1461/4144 4426/1480/4163 4427/1481/4164 4408/1462/4145 
s 2
f 4408/1462/4145 4427/1481/4164 4428/1482/4165 4409/1463/4146 
f 4409/1463/4146 4428/1482/4165 4429/1483/4166 4410/1464/4147 
f 4410/1464/4147 4429/1483/4166 4430/1484/4167 4411/1465/4148 
f 4411/1465/4148 4430/1484/4167 4431/1485/4168 4412/1466/4149 
f 4412/1466/4149 4431/1485/4168 4432/1486/4169 4413/1467/4150 
f 4413/1467/4150 4432/1486/4169 4433/1487/4170 4414/1468/4151 
f 4414/1468/4151 4433/1487/4170 4434/1488/4171 4415/1469/4152 
f 4415/1469/4152 4434/1488/4171 4435/1489/4172 4416/1470/4153 
f 4416/1470/4153 4435/1489/4172 4436/1490/4173 4417/1471/4154 
f 4417/1471/4154 4436/1490/4173 4437/1491/4174 4418/1472/4155 
f 4418/1472/4155 4437/1491/4174 4438/1492/4175 4419/1473/4156 
f 4419/1473/4156 4438/1492/4175 4439/1493/4176 4420/1474/4157 
f 4420/1474/4157 4439/1493/4176 4440/1494/4177 4421/1475/4158 
f 4421/1475/4158 4440/1494/4177 4441/1495/4178 4422/1476/4159 
f 4422/1476/4159 4441/1495/4178 4442/1496/4179 4423/1477/4160 
f 4423/1477/4160 4442/1496/4179 4443/1497/4180 4424/1478/4161 
f 4424/1478/4161 4443/1497/4180 4444/1498/4181 4425/1479/4162 
f 4425/1479/4162 4444/1498/4181 3323/377/3061 
s 1
f 4426/1480/4163 4445/1499/4182 4446/1500/4183 4427/1481/4164 
s 2
f 4427/1481/4164 4446/1500/4183 4447/1501/4184 4428/1482/4165 
f 4428/1482/4165 4447/1501/4184 4448/1502/4185 4429/1483/4166 
f 4429/1483/4166 4448/1502/4185 4449/1503/4186 4430/1484/4167 
f 4430/1484/4167 4449/1503/4186 4450/1504/4187 4431/1485/4168 
f 4431/1485/4168 4450/1504/4187 4451/1505/4188 4432/1486/4169 
f 4432/1486/4169 4451/1505/4188 4452/1506/4189 4433/1487/4170 
f 4433/1487/4170 4452/1506/4189 4453/1507/4190 4434/1488/4171 
f 4434/1488/4171 4453/1507/4190 4454/1508/4191 4435/1489/4172 
f 4435/1489/4172 4454/1508/4191 4455/1509/4192 4436/1490/4173 
f 4436/1490/4173 4455/1509/4192 4456/1510/4193 4437/1491/4174 
f 4437/1491/4174 4456/1510/4193 4457/1511/4194 4438/1492/4175 
f 4438/1492/4175 4457/1511/4194 4458/1512/4195 4439/1493/4176 
f 4439/1493/4176 4458/1512/4195 4459/1513/4196 4440/1494/4177 
f 4440/1494/4177 4459/1513/4196 4460/1514/4197 4441/1495/4178 
f 4441/1495/4178 4460/1514/4197 4461/1515/4198 4442/1496/4179 
f 4442/1496/4179 4461/1515/4198 4462/1516/4199 4443/1497/4180 
f 4443/1497/4180 4462/1516/4199 4463/1517/4200 4444/1498/4181 
f 4444/1498/4181 4463/1517/4200 3323/377/3061 
s 1
f 4445/1499/4182 4464/1518/4201 4465/1519/4202 4446/1500/4183 
s 2
f 4446/1500/4183 4465/1519/4202 4466/1520/4203 4447/1501/4184 
f 4447/1501/4184 4466/1520/4203 4467/1521/4204 4448/1502/4185 
f 4448/1502/4185 4467/1521/4204 4468/1522/4205 4449/1503/4186 
f 4449/1503/4186 4468/1522/4205 4469/1523/4206 4450/1504/4187 
f 4450/1504/4187 4469/1523/4206 4470/1524/4207 4451/1505/4188 
f 4451/1505/4188 4470/1524/4207 4471/1525/4208 4452/1506/4189 
f 4452/1506/4189 4471/1525/4208 4472/1526/4209 4453/1507/4190 
f 4453/1507/4190 4472/1526/4209 4473/1527/4210 4454/1508/4191 
f 4454/1508/4191 4473/1527/4210 4474/1528/4211 4455/1509/4192 
f 4455/1509/4192 4474/1528/4211 4475/1529/4212 4456/1510/4193 
f 4456/1510/4193 4475/1529/4212 4476/1530/4213 4457/1511/4194 
f 4457/1511/4194 4476/1530/4213 4477/1531/4214 4458/1512/4195 
f 4458/1512/4195 4477/1531/4214 4478/1532/4215 4459/1513/4196 
f 4459/1513/4196 4478/1532/4215 4479/1533/4216 4460/1514/4197 
f 4460/1514/4197 4479/1533/4216 4480/1534/4217 4461/1515/4198 
f 4461/1515/4198 4480/1534/4217 4481/1535/4218 4462/1516/4199 
f 4462/1516/4199 4481/1535/4218 4482/1536/4219 4463/1517/4200 
f 4463/1517/4200 4482/1536/4219 3323/377/3061 
s 1
f 4464/1518/4201 4483/1537/4220 4484/1538/4221 4465/1519/4202 
s 2
f 4465/1519/4202 4484/1538/4221 4485/1539/4222 4466/1520/4203 
f 4466/1520/4203 4485/1539/4222 4486/1540/4223 4467/1521/4204 
f 4467/1521/4204 4486/1540/4223 4487/1541/4224 4468/1522/4205 
f 4468/1522/4205 4487/1541/4224 4488/1542/4225 4469/1523/4206 
f 4469/1523/4206 4488/1542/4225 4489/1543/4226 4470/1524/4207 
f 4470/1524/4207 4489/1543/4226 4490/1544/4227 4471/1525/4208 
f 4471/1525/4208 4490/1544/4227 4491/1545/4228 4472/1526/4209 
f 4472/1526/4209 4491/1545/4228 4492/1546/4229 4473/1527/4210 
f 4473/1527/4210 4492/1546/4229 4493/1547/4230 4474/1528/4211 
f 4474/1528/4211 4493/1547/4230 4494/1548/4231 4475/1529/4212 
f 4475/1529/4212 4494/1548/4231 4495/1549/4232 4476/1530/4213 
f 4476/1530/4213 4495/1549/4232 4496/1550/4233 4477/1531/4214 
f 4477/1531/4214 4496/1550/4233 4497/1551/4234 4478/1532/4215 
f 4478/1532/4215 4497/1551/4234 4498/1552/4235 4479/1533/4216 
f 4479/1533/4216 4498/1552/4235 4499/1553/4236 4480/1534/4217 
f 4480/1534/4217 4499/1553/4236 4500/1554/4237 4481/1535/4218 
f 4481/1535/4218 4500/1554/4237 4501/1555/4238 4482/1536/4219 
f 4482/1536/4219 4501/1555/4238 3323/377/3061 
s 1
f 4483/1537/4220 3285/339/1386 3288/342/3026 4484/1538/4221 
s 2
f 4484/1538/4221 3288/342/3026 3290/344/3028 4485/1539/4222 
f 4485/1539/4222 3290/344/3028 3292/346/3030 4486/1540/4223 
f 4486/1540/4223 3292/346/3030 3294/348/3032 4487/1541/4224 
f 4487/1541/4224 3294/348/3032 3296/350/3034 4488/1542/4225 
f 4488/1542/4225 3296/350/3034 3298/352/3036 4489/1543/4226 
f 4489/1543/4226 3298/352/3036 3300/354/3038 4490/1544/4227 
f 4490/1544/4227 3300/354/3038 3302/356/3040 4491/1545/4228 
f 4491/1545/4228 3302/356/3040 3304/358/3042 4492/1546/4229 
f 4492/1546/4229 3304/358/3042 3306/360/3044 4493/1547/4230 
f 4493/1547/4230 3306/360/3044 3308/362/3046 4494/1548/4231 
f 4494/1548/4231 3308/362/3046 3310/364/3048 4495/1549/4232 
f 4495/1549/4232 3310/364/3048 3312/366/3050 4496/1550/4233 
f 4496/1550/4233 3312/366/3050 3314/368/3052 4497/1551/4234 
f 4497/1551/4234 3314/368/3052 3316/370/3054 4498/1552/4235 
f 4498/1552/4235 3316/370/3054 3318/372/3056 4499/1553/4236 
f 4499/1553/4236 3318/372/3056 3320/374/3058 4500/1554/4237 
f 4500/1554/4237 3320/374/3058 3322/376/3060 4501/1555/4238 
f 4501/1555/4238 3322/376/3060 3323/377/3061 
s 1
f 4502/1556/1391 4503/1557/4239 4504/1558/4239 4505/1559/1391 
f 4503/1557/4239 4506/1560/4240 4507/1561/4241 4504/1558/4239 
f 4506/1560/4240 4508/1562/4242 4509/1563/4242 4507/1561/4241 
f 4508/1562/4242 4510/1564/4243 4511/1565/4243 4509/1563/4242 
f 4510/1566/4243 4512/1567/4244 4513/1568/4244 4511/1569/4243 
f 4512/1567/4244 4514/1570/4245 4515/1571/4245 4513/1568/4244 
f 4514/1570/4245 4516/1572/4246 4517/1573/4247 4515/1571/4245 
f 4516/1572/4246 4518/1574/4248 4519/1575/4248 4517/1573/4247 
f 4518/1574/4248 4520/1576/2850 4521/1577/2850 4519/1575/4248 
f 4520/1576/2850 4522/1578/4249 4523/1579/4249 4521/1577/2850 
f 4522/1578/4249 4524/1580/4250 4525/1581/4251 4523/1579/4249 
f 4524/1580/4250 4526/1582/4252 4527/1583/4252 4525/1581/4251 
f 4526/1582/4252 4528/1584/4253 4529/1585/4253 4527/1583/4252 
f 4528/1584/4253 4530/1586/4254 4531/1587/4254 4529/1585/4253 
f 4530/1586/4254 4532/1588/4255 4533/1589/4255 4531/1587/4254 
f 4532/1588/4255 4534/1590/4256 4535/1591/4257 4533/1589/4255 
f 4534/1590/4256 4536/1592/4258 4537/1593/4258 4535/1591/4257 
f 4536/1592/4258 4502/1556/1391 4505/1559/1391 4537/1593/4258 
f 4538/1594/4259 4539/1595/4260 4540/1596/4261 4541/1597/4262 
f 4538/1594/4259 4542/1598/4263 4543/1599/1391 4539/1595/4260 
f 4544/1600/4264 4545/1601/4265 4546/1602/4266 4547/1603/4267 
f 4548/1604/4268 4549/1605/4269 4550/1606/4270 4551/1607/4271 
f 4548/1604/4268 4545/1601/4265 4544/1600/4264 4549/1605/4269 
s 2
f 4541/1608/4262 4540/1609/4261 4552/1610/4272 4553/1611/4273 
f 4546/1611/4266 4554/1608/4274 4555/1612/4275 4547/1613/4267 
s 1
f 4556/1594/4276 4557/1597/4277 4558/1596/4278 4559/1595/4279 
f 4556/1594/4276 4559/1595/4279 4543/1599/1391 4542/1598/4263 
f 4560/1600/4280 4561/1603/4281 4562/1602/4282 4563/1601/4283 
f 4564/1604/4284 4565/1607/4285 4566/1606/3935 4567/1605/4286 
f 4564/1604/4284 4567/1605/4286 4560/1600/4280 4563/1601/4283 
s 2
f 4557/1608/4277 4568/1611/4287 4569/1610/4288 4558/1609/4278 
f 4562/1611/4282 4561/1613/4281 4570/1612/4289 4571/1608/4290 
s 1
f 4572/1594/4291 4573/1597/4292 4574/1596/4293 4575/1595/4294 
f 4572/1594/4291 4575/1595/4294 4576/1599/2850 4577/1598/4295 
f 4578/1600/4296 4579/1603/4297 4580/1602/4298 4581/1601/4299 
f 4582/1604/4300 4551/1607/4271 4550/1606/4270 4583/1605/4301 
f 4582/1604/4300 4583/1605/4301 4578/1600/4296 4581/1601/4299 
s 2
f 4573/1608/4292 4584/1611/4290 4585/1610/4289 4574/1609/4293 
f 4580/1611/4298 4579/1613/4297 4586/1612/4302 4587/1608/4287 
s 1
f 4588/1594/4303 4589/1595/4304 4590/1596/4305 4591/1597/4306 
f 4588/1594/4303 4577/1598/4295 4576/1599/2850 4589/1595/4304 
f 4592/1600/4307 4593/1601/4308 4594/1602/4309 4595/1603/4310 
f 4596/1604/4311 4597/1605/4312 4566/1606/3935 4565/1607/4285 
f 4596/1604/4311 4593/1601/4308 4592/1600/4307 4597/1605/4312 
s 2
f 4591/1608/4306 4590/1609/4305 4598/1610/4313 4599/1611/4274 
f 4594/1611/4309 4600/1608/4273 4601/1612/4272 4595/1613/4310 
s 4
f 4600/1605/4273 4594/1597/4309 4591/1614/4306 4599/1602/4274 
f 4580/1608/4298 4587/1613/4287 4584/1612/4290 4573/1605/4292 
f 4554/1608/4274 4546/1611/4266 4541/1597/4262 4553/1605/4273 
f 4562/1615/4282 4571/1600/4290 4568/1599/4287 4557/1611/4277 
f 4538/1594/4259 4541/1597/4262 4602/1616/4314 
f 4541/1597/4262 4546/1611/4266 4603/1611/4315 4602/1616/4314 
f 4546/1611/4266 4545/1601/4265 4604/1601/4316 4603/1611/4315 
f 4545/1601/4265 4548/1604/4268 4605/1604/4317 4604/1601/4316 
f 4548/1604/4268 4551/1607/4271 4606/1607/4318 4605/1604/4317 
f 4551/1607/4271 4582/1604/4300 4607/1604/4319 4606/1607/4318 
f 4582/1604/4300 4581/1601/4299 4608/1601/4320 4607/1604/4319 
f 4581/1601/4299 4580/1602/4298 4609/1602/4321 4608/1601/4320 
f 4580/1602/4298 4573/1605/4292 4610/1617/4322 4609/1602/4321 
f 4573/1605/4292 4572/1594/4291 4610/1617/4322 
f 4572/1594/4291 4577/1598/4295 4611/1598/4323 4610/1617/4322 
f 4577/1598/4295 4588/1594/4303 4612/1616/4324 4611/1598/4323 
f 4588/1594/4303 4591/1597/4306 4612/1616/4324 
f 4591/1597/4306 4594/1597/4309 4613/1597/4325 4612/1616/4324 
f 4594/1597/4309 4593/1601/4308 4614/1601/4326 4613/1597/4325 
f 4593/1601/4308 4596/1604/4311 4615/1604/4327 4614/1601/4326 
f 4596/1604/4311 4565/1607/4285 4616/1607/4328 4615/1604/4327 
f 4565/1607/4285 4564/1604/4284 4617/1604/4329 4616/1607/4328 
f 4564/1604/4284 4563/1601/4283 4618/1601/4330 4617/1604/4329 
f 4563/1601/4283 4562/1602/4282 4619/1602/4331 4618/1601/4330 
f 4562/1602/4282 4557/1611/4277 4620/1618/4332 4619/1602/4331 
f 4557/1611/4277 4556/1594/4276 4620/1618/4332 
f 4556/1594/4276 4542/1598/4263 4621/1598/4333 4620/1618/4332 
f 4542/1598/4263 4538/1594/4259 4602/1616/4314 4621/1598/4333 
s 1
f 4602/1616/4314 4603/1611/4315 4622/1611/4334 4623/1616/4335 
f 4603/1611/4315 4604/1601/4316 4624/1601/4336 4622/1611/4334 
f 4604/1601/4316 4605/1604/4317 4625/1604/4337 4624/1601/4336 
f 4605/1604/4317 4606/1607/4318 4626/1607/3935 4625/1604/4337 
f 4606/1607/4318 4607/1604/4319 4627/1604/4338 4626/1607/3935 
f 4607/1604/4319 4608/1601/4320 4628/1601/4339 4627/1604/4338 
f 4608/1601/4320 4609/1602/4321 4629/1602/4340 4628/1601/4339 
f 4609/1602/4321 4610/1617/4322 4630/1617/4341 4629/1602/4340 
f 4610/1617/4322 4611/1598/4323 4631/1598/1386 4630/1617/4341 
f 4611/1598/4323 4612/1616/4324 4632/1616/4342 4631/1598/1386 
f 4612/1616/4324 4613/1597/4325 4633/1597/4343 4632/1616/4342 
f 4613/1597/4325 4614/1601/4326 4634/1601/4344 4633/1597/4343 
f 4614/1601/4326 4615/1604/4327 4635/1604/4345 4634/1601/4344 
f 4615/1604/4327 4616/1607/4328 4636/1607/3328 4635/1604/4345 
f 4616/1607/4328 4617/1604/4329 4637/1604/4346 4636/1607/3328 
f 4617/1604/4329 4618/1601/4330 4638/1601/4347 4637/1604/4346 
f 4618/1601/4330 4619/1602/4331 4639/1602/4348 4638/1601/4347 
f 4619/1602/4331 4620/1618/4332 4640/1618/4349 4639/1602/4348 
f 4620/1618/4332 4621/1598/4333 4641/1598/2850 4640/1618/4349 
f 4621/1598/4333 4602/1616/4314 4623/1616/4335 4641/1598/2850 
s 2
f 3222/276/2961 3221/275/2960 4642/1619/4350 4643/1620/4351 
f 3225/279/2964 3222/276/2961 4643/1620/4351 4644/1621/4352 
f 3227/281/2966 3225/279/2964 4644/1621/4352 4645/1622/4353 
f 3229/283/2968 3227/281/2966 4645/1622/4353 4646/1623/4354 
f 3231/285/2970 3229/283/2968 4646/1623/4354 4647/1624/4355 
f 3233/287/2972 3231/285/2970 4647/1624/4355 4648/1625/4356 
f 3235/289/2974 3233/287/2972 4648/1625/4356 4649/1626/4357 
f 3237/291/2976 3235/289/2974 4649/1626/4357 4650/1627/4358 
f 3239/293/2978 3237/291/2976 4650/1627/4358 4651/1628/4359 
f 3241/295/2980 3239/293/2978 4651/1628/4359 4652/1629/4360 
f 3243/297/2982 3241/295/2980 4652/1629/4360 4653/1630/4361 
f 3245/299/2984 3243/297/2982 4653/1630/4361 4654/1631/4362 
f 3247/301/2986 3245/299/2984 4654/1631/4362 4655/1632/4363 
f 3249/303/2988 3247/301/2986 4655/1632/4363 4656/1633/4364 
f 3251/305/2990 3249/303/2988 4656/1633/4364 4657/1634/4365 
f 3253/307/2992 3251/305/2990 4657/1634/4365 4658/1635/4366 
f 3255/309/2994 3253/307/2992 4658/1635/4366 4659/1636/4367 
f 3257/311/2996 3255/309/2994 4659/1636/4367 4660/1637/4368 
f 3259/313/2998 3257/311/2996 4660/1637/4368 4661/1638/4369 
f 3261/315/3000 3259/313/2998 4661/1638/4369 4662/1639/4370 
f 3263/317/3002 3261/315/3000 4662/1639/4370 4663/1640/4371 
f 3265/319/3004 3263/317/3002 4663/1640/4371 4664/1641/4372 
f 3267/321/3006 3265/319/3004 4664/1641/4372 4665/1642/4373 
f 3269/323/3008 3267/321/3006 4665/1642/4373 4666/1643/4374 
f 3271/325/3010 3269/323/3008 4666/1643/4374 4667/1644/4375 
f 3273/327/3012 3271/325/3010 4667/1644/4375 4668/1645/4376 
f 3275/329/3014 3273/327/3012 4668/1645/4376 4669/1646/4377 
f 3277/331/3016 3275/329/3014 4669/1646/4377 4670/1647/4378 
f 3279/333/3018 3277/331/3016 4670/1647/4378 4671/1648/4379 
f 3281/335/3020 3279/333/3018 4671/1648/4379 4672/1649/4380 
f 3283/337/3022 3281/335/3020 4672/1649/4380 4673/1650/4381 
f 3221/275/2960 3283/337/3022 4673/1650/4381 4642/1619/4350 
s 1
f 4643/1620/4351 4642/1619/4350 4674/1651/4382 4675/1652/4383 
f 4644/1621/4352 4643/1620/4351 4675/1652/4383 4676/1653/4384 
f 4645/1622/4353 4644/1621/4352 4676/1653/4384 4677/1654/4385 
f 4646/1623/4354 4645/1622/4353 4677/1654/4385 4678/1655/4386 
f 4647/1624/4355 4646/1623/4354 4678/1655/4386 4679/1656/4387 
f 4648/1625/4356 4647/1624/4355 4679/1656/4387 4680/1657/4388 
f 4649/1626/4357 4648/1625/4356 4680/1657/4388 4681/1658/4389 
f 4650/1627/4358 4649/1626/4357 4681/1658/4389 4682/1659/4390 
f 4651/1628/4359 4650/1627/4358 4682/1659/4390 4683/1660/4391 
f 4652/1629/4360 4651/1628/4359 4683/1660/4391 4684/1661/4392 
f 4653/1630/4361 4652/1629/4360 4684/1661/4392 4685/1662/4393 
f 4654/1631/4362 4653/1630/4361 4685/1662/4393 4686/1663/4394 
f 4655/1632/4363 4654/1631/4362 4686/1663/4394 4687/1664/4395 
f 4656/1633/4364 4655/1632/4363 4687/1664/4395 4688/1665/4396 
f 4657/1634/4365 4656/1633/4364 4688/1665/4396 4689/1666/4397 
f 4658/1635/4366 4657/1634/4365 4689/1666/4397 4690/1667/4398 
f 4659/1636/4367 4658/1635/4366 4690/1667/4398 4691/1668/4399 
f 4660/1637/4368 4659/1636/4367 4691/1668/4399 4692/1669/4400 
f 4661/1638/4369 4660/1637/4368 4692/1669/4400 4693/1670/4401 
f 4662/1639/4370 4661/1638/4369 4693/1670/4401 4694/1671/4402 
f 4663/1640/4371 4662/1639/4370 4694/1671/4402 4695/1672/4403 
f 4664/1641/4372 4663/1640/4371 4695/1672/4403 4696/1673/4404 
f 4665/1642/4373 4664/1641/4372 4696/1673/4404 4697/1674/4405 
f 4666/1643/4374 4665/1642/4373 4697/1674/4405 4698/1675/4406 
f 4667/1644/4375 4666/1643/4374 4698/1675/4406 4699/1676/4407 
f 4668/1645/4376 4667/1644/4375 4699/1676/4407 4700/1677/4408 
f 4669/1646/4377 4668/1645/4376 4700/1677/4408 4701/1678/4409 
f 4670/1647/4378 4669/1646/4377 4701/1678/4409 4702/1679/4410 
f 4671/1648/4379 4670/1647/4378 4702/1679/4410 4703/1680/4411 
f 4672/1649/4380 4671/1648/4379 4703/1680/4411 4704/1681/4412 
f 4673/1650/4381 4672/1649/4380 4704/1681/4412 4705/1682/4413 
f 4642/1619/4350 4673/1650/4381 4705/1682/4413 4674/1651/4382 
s 2
f 4675/1652/4383 4674/1651/4382 4706/1651/4414 4707/1652/4415 
f 4676/1653/4384 4675/1652/4383 4707/1652/4415 4708/1653/4416 
f 4677/1654/4385 4676/1653/4384 4708/1653/4416 4709/1654/4417 
f 4678/1655/4386 4677/1654/4385 4709/1654/4417 4710/1655/4418 
f 4679/1656/4387 4678/1655/4386 4710/1655/4418 4711/1656/4419 
f 4680/1657/4388 4679/1656/4387 4711/1656/4419 4712/1657/4420 
f 4681/1658/4389 4680/1657/4388 4712/1657/4420 4713/1658/4421 
f 4682/1659/4390 4681/1658/4389 4713/1658/4421 4714/1659/4422 
f 4683/1660/4391 4682/1659/4390 4714/1659/4422 4715/1660/4423 
f 4684/1661/4392 4683/1660/4391 4715/1660/4423 4716/1661/4424 
f 4685/1662/4393 4684/1661/4392 4716/1661/4424 4717/1662/4425 
f 4686/1663/4394 4685/1662/4393 4717/1662/4425 4718/1663/4426 
f 4687/1664/4395 4686/1663/4394 4718/1663/4426 4719/1664/4427 
f 4688/1665/4396 4687/1664/4395 4719/1664/4427 4720/1665/4428 
f 4689/1666/4397 4688/1665/4396 4720/1665/4428 4721/1666/4429 
f 4690/1667/4398 4689/1666/4397 4721/1666/4429 4722/1667/4430 
f 4691/1668/4399 4690/1667/4398 4722/1667/4430 4723/1668/4431 
f 4692/1669/4400 4691/1668/4399 4723/1668/4431 4724/1669/4432 
f 4693/1670/4401 4692/1669/4400 4724/1669/4432 4725/1670/4433 
f 4694/1671/4402 4693/1670/4401 4725/1670/4433 4726/1671/4434 
f 4695/1672/4403 4694/1671/4402 4726/1671/4434 4727/1672/4435 
f 4696/1673/4404 4695/1672/4403 4727/1672/4435 4728/1673/4436 
f 4697/1674/4405 4696/1673/4404 4728/1673/4436 4729/1674/4437 
f 4698/1675/4406 4697/1674/4405 4729/1674/4437 4730/1675/4438 
f 4699/1676/4407 4698/1675/4406 4730/1675/4438 4731/1676/4439 
f 4700/1677/4408 4699/1676/4407 4731/1676/4439 4732/1677/4440 
f 4701/1678/4409 4700/1677/4408 4732/1677/4440 4733/1678/4441 
f 4702/1679/4410 4701/1678/4409 4733/1678/4441 4734/1679/4442 
f 4703/1680/4411 4702/1679/4410 4734/1679/4442 4735/1680/4443 
f 4704/1681/4412 4703/1680/4411 4735/1680/4443 4736/1681/4444 
f 4705/1682/4413 4704/1681/4412 4736/1681/4444 4737/1682/4445 
f 4674/1651/4382 4705/1682/4413 4737/1682/4445 4706/1651/4414 
f 3224/278/2963 3223/277/2962 4738/277/2961 4739/278/4446 
f 3223/277/2962 3226/280/2965 4740/280/2964 4738/277/2961 
f 3226/280/2965 3228/282/2967 4741/282/2966 4740/280/2964 
f 3228/282/2967 3230/284/2969 4742/284/4447 4741/282/2966 
f 3232/286/2971 3234/288/2973 4743/288/2972 4744/286/4448 
f 3234/288/2973 3236/290/2975 4745/290/2974 4743/288/2972 
f 3236/290/2975 3238/292/2977 4746/292/2976 4745/290/2974 
f 3238/292/2977 3240/294/2979 4747/294/2978 4746/292/2976 
f 3240/294/2979 3242/296/2981 4748/296/2980 4747/294/2978 
f 3246/300/2985 3248/302/2987 4749/302/2986 4750/300/4449 
f 3252/306/2991 3254/308/2993 4751/308/2992 4752/306/4450 
f 3266/320/3005 3268/322/3007 4753/322/3006 4754/320/3004 
f 3268/322/3007 3270/324/3009 4755/324/4451 4753/322/3006 
f 3282/336/3021 3284/338/3023 4756/338/3022 4757/336/4452 
f 3230/284/2969 3232/286/2971 4744/286/4448 4742/284/4447 
f 3242/296/2981 3244/298/2983 4758/298/2982 4748/296/2980 
f 3244/298/2983 3246/300/2985 4750/300/4449 4758/298/2982 
f 3248/302/2987 3250/304/2989 4759/304/2988 4749/302/2986 
f 3250/304/2989 3252/306/2991 4752/306/4450 4759/304/2988 
f 3254/308/2993 3256/310/2995 4760/310/2994 4751/308/2992 
f 3256/310/2995 3258/312/2997 4761/312/2996 4760/310/2994 
f 3258/312/2997 3260/314/2999 4762/314/2998 4761/312/2996 
f 3260/314/2999 3262/316/3001 4763/316/3000 4762/314/2998 
f 3262/316/3001 3264/318/3003 4764/318/3002 4763/316/3000 
f 3264/318/3003 3266/320/3005 4754/320/3004 4764/318/3002 
f 3270/324/3009 3272/326/3011 4765/326/3010 4755/324/4451 
f 3272/326/3011 3274/328/3013 4766/328/3012 4765/326/3010 
f 3274/328/3013 3276/330/3015 4767/330/3014 4766/328/3012 
f 3276/330/3015 3278/332/3017 4768/332/3016 4767/330/3014 
f 3278/332/3017 3280/334/3019 4769/334/3018 4768/332/3016 
f 3284/338/3023 3224/278/2963 4739/278/4446 4756/338/3022 
f 3280/334/3019 3282/336/3021 4757/336/4452 4769/334/3018 
s 1
f 4738/277/2961 4768/332/3016 4769/334/3018 4739/278/4446 
f 4749/302/2986 4759/304/2988 4752/306/4450 4751/308/2992 
f 4750/300/4449 4749/302/2986 4751/308/2992 4760/310/2994 
f 4758/298/2982 4750/300/4449 4760/310/2994 4761/312/2996 
f 4748/296/2980 4758/298/2982 4761/312/2996 4762/314/2998 
f 4747/294/2978 4748/296/2980 4762/314/2998 4763/316/3000 
f 4746/292/2976 4747/294/2978 4763/316/3000 4764/318/3002 
f 4745/290/2974 4746/292/2976 4764/318/3002 4754/320/3004 
f 4743/288/2972 4745/290/2974 4754/320/3004 4753/322/3006 
f 4744/286/4448 4743/288/2972 4753/322/3006 4755/324/4451 
f 4742/284/4447 4744/286/4448 4755/324/4451 4765/326/3010 
f 4741/282/2966 4742/284/4447 4765/326/3010 4766/328/3012 
f 4740/280/2964 4741/282/2966 4766/328/3012 4767/330/3014 
f 4738/277/2961 4740/280/2964 4767/330/3014 4768/332/3016 
f 4769/334/3018 4757/336/4452 4756/338/3022 4739/278/4446 
f 2075/50/1899 2064/50/1888 2067/50/1891 2076/50/1900 
f 2077/50/1901 2711/50/2515 2710/50/2514 2074/50/1898 
f 2079/50/1901 2714/50/2518 2711/50/2515 2077/50/1901 
f 2076/50/1900 2067/50/1891 2070/50/1894 2078/50/1902 
f 2081/50/1904 2049/50/1873 2052/50/1876 2082/50/1905 
f 2083/50/1906 2669/50/2473 2668/50/2472 2080/50/1903 
f 2082/50/1905 2052/50/1876 2055/50/1879 2084/50/1907 
f 2085/50/1908 2672/50/2476 2669/50/2473 2083/50/1906 
f 2087/50/1910 2734/50/2538 2672/50/2476 2085/50/1908 
f 2084/50/1907 2055/50/1879 2058/50/1882 2086/50/1909 
f 2089/50/1912 2061/50/1885 2064/50/1888 2075/50/1899 
f 2074/50/1898 2710/50/2514 2718/50/2522 2088/50/1911 
f 2093/19/1915 2021/19/1845 2020/118/1844 2094/118/1916 
f 2100/118/1922 2741/118/2545 2695/174/2499 2095/242/1917 
f 2092/19/1914 2694/19/2498 2698/18/2502 2096/18/1918 
f 2097/18/1919 2022/18/1846 2021/19/1845 2093/19/1915 
f 2099/50/1921 2738/50/2542 2741/118/2545 2100/118/1922 
f 2094/118/1916 2020/118/1844 2019/50/1843 2098/50/1920 
f 2102/50/1924 4770/50/4453 2028/50/1852 2105/50/1927 
f 2104/50/1926 2678/50/2482 2675/50/2479 2103/50/1925 
f 2105/50/1927 2028/50/1852 2027/50/1851 2106/50/1928 
f 2107/50/1929 2679/50/2483 2678/50/2482 2104/50/1926 
f 2106/50/1928 2027/50/1851 2031/50/1855 2108/50/1930 
f 2109/50/1931 2682/50/2486 2679/50/2483 2107/50/1929 
f 2111/50/1933 2684/50/2488 2682/50/2486 2109/50/1931 
f 2108/50/1930 2031/50/1855 2034/50/1858 2110/50/1932 
f 2110/50/1932 2034/50/1858 2037/50/1861 2112/50/1934 
f 2113/50/1935 2686/50/2490 2684/50/2488 2111/50/1933 
f 2112/50/1934 2037/50/1861 2040/50/1864 2114/50/1936 
f 2115/50/1937 2688/50/2492 2686/50/2490 2113/50/1935 
f 2117/50/1939 2690/50/2494 2688/50/2492 2115/50/1937 
f 2114/50/1936 2040/50/1864 2043/50/1867 2116/50/1938 
f 2116/50/1938 2043/50/1867 2046/50/1870 2118/50/1940 
f 2119/50/1941 2692/50/2496 2690/50/2494 2117/50/1939 
f 2118/50/1940 2046/50/1870 2049/50/1873 2081/50/1904 
f 2080/50/1903 2668/50/2472 2692/50/2496 2119/50/1941 
f 2123/50/1943 2716/50/2520 2714/50/2518 2079/50/1901 
f 2078/50/1902 2070/50/1894 2073/50/1897 2122/50/1902 
f 2387/50/1902 2382/50/2192 2379/50/2189 2388/50/2197 
f 2389/50/2198 2721/50/2525 2720/50/2524 2386/50/2196 
f 2386/50/2196 2720/50/2524 2724/50/2528 2390/50/1943 
f 2391/50/1900 2385/50/2195 2382/50/2192 2387/50/1902 
f 2393/50/2200 2367/50/2177 2364/50/2174 2394/50/2201 
f 2395/50/2202 2974/50/2762 2977/50/2765 2392/50/2199 
f 2397/50/2204 2370/50/2180 2367/50/2177 2393/50/2200 
f 2392/50/2199 2977/50/2765 2972/50/2760 2396/50/2203 
f 2399/50/2206 2373/50/2183 2370/50/2180 2397/50/2204 
f 2400/50/2207 2968/50/2756 2732/50/2536 2398/50/2205 
f 2402/50/2209 2376/50/2186 2373/50/2183 2399/50/2206 
f 2403/50/2210 2727/50/2531 2726/50/2530 2401/50/2208 
f 2388/50/2197 2379/50/2189 2376/50/2186 2402/50/2209 
f 2401/50/2208 2726/50/2530 2721/50/2525 2389/50/2198 
f 2405/118/2212 2334/118/2144 2336/19/2146 2408/19/2214 
f 2407/19/1915 2704/19/2508 2701/176/2505 2406/258/2213 
f 2096/18/1918 2698/18/2502 2704/19/2508 2407/19/1915 
f 2408/19/2214 2336/19/2146 2022/18/1846 2097/18/1919 
f 2404/118/2211 2700/118/2504 2706/178/2510 2409/259/2215 
f 2410/260/2216 2335/50/2145 2334/118/2144 2405/118/2212 
f 2412/50/2218 2340/50/2150 2335/50/2145 2410/50/2216 
f 2413/50/2219 2961/50/2749 2964/50/2752 2411/50/2217 
f 2415/50/2221 2339/50/2149 2340/50/2150 2412/50/2218 
f 2411/50/2217 2964/50/2752 2979/50/2767 2416/50/2222 
f 2418/50/2224 2343/50/2153 2339/50/2149 2415/50/2221 
f 2414/50/2220 2980/50/2768 2983/50/2771 2417/50/2223 
f 2420/50/2226 2346/50/2156 2343/50/2153 2418/50/2224 
f 2417/50/2223 2983/50/2771 2985/50/2773 2419/50/2225 
f 2419/50/2225 2985/50/2773 2987/50/2775 2421/50/2227 
f 2422/50/2228 2349/50/2159 2346/50/2156 2420/50/2226 
f 2424/50/2230 2352/50/2162 2349/50/2159 2422/50/2228 
f 2421/50/2227 2987/50/2775 2989/50/2777 2423/50/2229 
f 2426/50/2232 2355/50/2165 2352/50/2162 2424/50/2230 
f 2423/50/2229 2989/50/2777 2991/50/2779 2425/50/2231 
f 2425/50/2231 2991/50/2779 2993/50/2781 2427/50/2233 
f 2428/50/2234 2358/50/2168 2355/50/2165 2426/50/2232 
f 2430/50/2236 2361/50/2171 2358/50/2168 2428/50/2234 
f 2427/50/2233 2993/50/2781 2995/50/2783 2429/50/2235 
f 2394/50/2201 2364/50/2174 2361/50/2171 2430/50/2236 
f 2429/50/2235 2995/50/2783 2974/50/2762 2395/50/2202 
f 2390/50/1943 2724/50/2528 2716/50/2520 2123/50/1943 
f 2122/50/1902 2073/50/1897 2385/50/2195 2391/50/1900 
f 2518/50/2322 2730/50/2534 2727/50/2531 2403/50/2210 
f 2398/50/2205 2732/50/2536 2730/50/2534 2518/50/2322 
f 2519/50/2323 2970/50/2758 2968/50/2756 2400/50/2207 
f 2396/50/2203 2972/50/2760 2970/50/2758 2519/50/2323 
f 2409/259/2215 2706/178/2510 2709/50/2513 2520/50/2324 
f 2521/50/2325 2967/50/2755 2961/50/2749 2413/50/2219 
f 2520/50/2324 2709/50/2513 2967/50/2755 2521/50/2325 
f 2088/50/1911 2718/50/2522 2734/50/2538 2087/50/1910 
f 2086/50/1909 2058/50/1882 2061/50/1885 2089/50/1912 
f 2101/50/1923 2674/50/2478 2738/50/2542 2099/50/1921 
f 2098/50/1920 2019/50/1843 4770/50/4453 2102/50/1924 
f 4771/1683/4454 4772/1684/4455 2236/251/2049 2235/250/2048 
f 4773/1685/4456 2222/245/2037 4772/1684/4455 4771/1683/4454 
f 2816/50/2615 4774/50/4457 4775/50/4458 2817/50/2616 
f 2817/50/2616 4775/50/4458 2854/50/2653 2818/50/2617 
f 2819/50/2618 4776/50/4459 4777/50/4460 2820/50/2619 
f 2821/50/2620 4778/50/4461 4779/50/4462 2822/50/2621 
f 2822/50/2621 4779/50/4462 4780/50/4463 2823/50/2622 
f 2823/50/2622 4780/50/4463 4781/50/4464 2824/50/2623 
f 2824/50/2623 4781/50/4464 4782/50/4465 2825/50/2624 
f 2825/50/2624 4782/50/4465 4783/50/4466 2826/50/2625 
f 2826/50/2625 4783/50/4466 4784/50/4467 2827/50/2626 
f 2827/50/2626 4784/50/4467 4785/50/4468 2828/50/2627 
f 2828/50/2627 4785/50/4468 4774/50/4457 2816/50/2615 
f 2829/19/2628 4786/19/4469 4787/1686/4470 2830/268/2629 
f 2831/18/2630 4788/18/4471 4786/19/4469 2829/19/2628 
f 2832/118/2631 2836/118/2635 4789/264/4472 2833/269/2632 
f 2834/19/2633 4790/19/4473 4788/18/4471 2831/18/2630 
f 2832/118/2631 2757/118/2560 2756/178/2559 2837/178/2636 
f 2839/50/2638 2958/50/2746 2835/178/2634 2837/178/2636 
f 2840/50/2639 4791/50/4474 4792/50/4475 2841/50/2640 
f 2841/50/2640 4792/50/4475 4793/50/4476 2842/50/2641 
f 2842/50/2641 4793/50/4476 4794/50/4477 2843/50/2642 
f 2844/50/2643 4795/50/4478 4791/50/4474 2840/50/2639 
f 2845/50/2644 4796/50/4476 4797/50/4479 2846/50/2645 
f 2847/50/2646 4798/50/4480 4796/50/4476 2845/50/2644 
f 2848/50/2647 4799/50/4481 4800/50/4482 2849/50/2648 
f 2846/50/2645 4797/50/4479 4799/50/4481 2848/50/2647 
f 2843/50/2642 4794/50/4477 4798/50/4480 2847/50/2646 
f 2849/50/2648 4800/50/4482 2851/50/2650 2850/50/2649 
f 2853/50/2652 2947/50/2735 2801/50/2600 2850/50/2649 
f 2856/50/2655 2802/50/2601 2762/50/2565 2818/50/2617 
f 2859/50/2658 2806/50/2605 2803/50/2602 2860/50/2659 
f 2863/185/2662 2808/185/2607 2743/118/2547 2864/118/2663 
f 2867/50/2666 2812/50/2611 2809/50/2608 2868/50/2667 
f 2856/50/2655 2855/50/2654 2857/50/2656 2860/50/2659 
f 2859/50/2658 2858/50/2657 4795/50/4478 2844/50/2643 
f 2863/185/2662 2862/185/2661 2865/50/2664 2868/50/2667 
f 2867/50/2666 2866/50/2665 4776/50/4459 2819/50/2618 
f 2940/50/2728 2948/50/2736 2947/50/2735 2853/50/2652 
f 2960/50/2748 2955/50/2743 2958/50/2746 2839/50/2638 
f 2670/50/2474 4775/50/4458 4774/50/4457 2671/50/2475 
f 2673/50/2477 2854/50/2653 4775/50/4458 2670/50/2474 
f 2681/50/2485 4778/50/4461 4777/50/4460 2676/50/2480 
f 2680/50/2484 4779/50/4462 4778/50/4461 2681/50/2485 
f 2683/50/2487 4780/50/4463 4779/50/4462 2680/50/2484 
f 2685/50/2489 4781/50/4464 4780/50/4463 2683/50/2487 
f 2687/50/2491 4782/50/4465 4781/50/4464 2685/50/2489 
f 2689/50/2493 4783/50/4466 4782/50/4465 2687/50/2491 
f 2691/50/2495 4784/50/4467 4783/50/4466 2689/50/2493 
f 2693/50/2497 4785/50/4468 4784/50/4467 2691/50/2495 
f 2671/50/2475 4774/50/4457 4785/50/4468 2693/50/2497 
f 2938/118/2726 2861/118/2660 4787/1686/4470 2696/181/2500 
f 2697/19/2501 4786/19/4469 4788/18/4471 2699/18/2503 
f 2705/19/2509 4790/19/4473 4789/264/4472 2702/264/2506 
f 2699/18/2503 4788/18/4471 4790/19/4473 2705/19/2509 
f 2703/118/2507 2836/118/2635 2835/178/2634 2707/178/2511 
f 2707/178/2511 2835/178/2634 2958/50/2746 2708/50/2512 
f 2712/50/2516 4792/50/4475 4791/50/4474 2713/50/2517 
f 2715/50/2519 4793/50/4476 4792/50/4475 2712/50/2516 
f 2717/50/2521 4794/50/4477 4793/50/4476 2715/50/2519 
f 2713/50/2517 4791/50/4474 4795/50/4478 2719/50/2523 
f 2722/50/2526 4797/50/4479 4796/50/4476 2723/50/2527 
f 2723/50/2527 4796/50/4476 4798/50/4480 2725/50/2529 
f 2728/50/2532 4800/50/4482 4799/50/4481 2729/50/2533 
f 2729/50/2533 4799/50/4481 4797/50/4479 2722/50/2526 
f 2725/50/2529 4798/50/4480 4794/50/4477 2717/50/2521 
f 2731/50/2535 2851/50/2650 4800/50/4482 2728/50/2532 
f 2733/50/2537 2852/50/2651 2851/50/2650 2731/50/2535 
f 2735/50/2539 2857/50/2656 2855/50/2654 2736/50/2540 
f 2719/50/2523 4795/50/4478 2858/50/2657 2737/50/2541 
f 2739/50/2543 2865/50/2664 2862/185/2661 2740/180/2544 
f 2677/50/2481 4776/50/4459 2866/50/2665 2742/50/2546 
f 2736/50/2540 2855/50/2654 2854/50/2653 2673/50/2477 
f 2737/50/2541 2858/50/2657 2857/50/2656 2735/50/2539 
f 2740/180/2544 2862/185/2661 2861/118/2660 2938/118/2726 
f 2742/50/2546 2866/50/2665 2865/50/2664 2739/50/2543 
f 2852/50/2651 2733/50/2537 2942/50/2730 
f 2956/50/2744 2998/50/2786 2965/50/2753 2957/50/2745 
f 1789/6/1620 4801/5/4483 4802/7/4484 1790/7/1621 
f 1792/9/1623 1794/8/1625 4801/5/4483 1789/6/1620 
f 1792/9/1623 1791/39/1622 1839/41/1670 1795/11/1626 
f 1795/11/1626 1839/41/1670 1798/43/1629 1797/13/1628 
f 1800/15/1631 4803/14/4485 1796/12/1627 1797/13/1628 
f 1802/16/1633 4804/16/4486 4803/14/4485 1800/15/1631 
f 1804/17/1635 4805/17/4487 4804/16/4486 1802/16/1633 
f 1806/19/1637 4806/19/4488 4807/18/4489 1807/18/1638 
f 1810/21/1641 4808/20/4490 4806/19/4488 1806/19/1637 
f 1812/23/1643 4809/22/4491 4808/20/4490 1810/21/1641 
f 1814/25/1645 4810/24/4492 4809/22/4491 1812/23/1643 
f 1816/27/1647 4811/26/4493 4810/24/4492 1814/25/1645 
f 1818/29/1649 4812/28/4494 4811/26/4493 1816/27/1647 
f 1820/30/1651 4813/30/4495 4812/28/4494 1818/29/1649 
f 1822/31/1653 4814/31/4496 4813/30/4495 1820/30/1651 
f 1824/32/1655 4815/32/4497 4814/31/4496 1822/31/1653 
f 1826/33/1657 4816/33/4498 4815/32/4497 1824/32/1655 
f 1828/34/1659 4817/34/4499 4816/33/4498 1826/33/1657 
f 1830/35/1661 4818/35/4500 4817/34/4499 1828/34/1659 
f 1832/36/1663 4819/36/4501 4818/35/4500 1830/35/1661 
f 1790/7/1621 4802/7/4484 4819/36/4501 1832/36/1663 
f 1921/48/1746 4820/48/4502 4805/17/4487 1804/17/1635 
f 2129/7/1949 4821/7/4503 4822/5/4504 2130/6/1950 
f 2130/6/1950 4822/5/4504 4823/8/4505 2132/9/1952 
f 2132/9/1952 4823/8/4505 4824/10/4506 2134/11/1954 
f 2134/11/1954 4824/10/4506 4825/12/4507 2136/13/1956 
f 2136/13/1956 4825/12/4507 4826/14/4508 2138/15/1958 
f 2138/15/1958 4826/14/4508 4827/16/4509 2140/16/1960 
f 2140/16/1960 4827/16/4509 4828/17/4510 2142/17/1962 
f 1807/18/1638 4807/18/4489 4829/19/4511 2145/19/1965 
f 2145/19/1965 4829/19/4511 4830/20/4512 2147/21/1967 
f 2147/21/1967 4830/20/4512 4831/22/4513 2148/23/1968 
f 2148/23/1968 4831/22/4513 4832/24/4514 2150/25/1970 
f 2150/25/1970 4832/24/4514 4833/26/4515 2152/27/1972 
f 2152/27/1972 4833/26/4515 4834/28/4516 2154/29/1974 
f 2154/29/1974 4834/28/4516 4835/30/4517 2156/30/1976 
f 2156/30/1976 4835/30/4517 4836/31/4518 2158/31/1978 
f 2158/31/1978 4836/31/4518 4837/32/4519 2160/32/1980 
f 2160/32/1980 4837/32/4519 4838/33/4520 2162/33/1982 
f 2162/33/1982 4838/33/4520 4839/34/4521 2164/34/1984 
f 2164/34/1984 4839/34/4521 4840/35/4522 2166/35/1986 
f 2166/35/1986 4840/35/4522 4841/36/4523 2168/36/1988 
f 2168/36/1988 4841/36/4523 4821/7/4503 2129/7/1949 
f 2142/17/1962 4828/17/4510 4820/48/4502 1921/48/1746 
f 1835/38/1666 1788/37/1619 1787/7/1618 1836/7/1667 
f 1835/38/1666 1834/47/1665 1837/40/1668 
f 1837/40/1668 1834/47/1665 1838/42/1669 
f 1838/42/1669 1834/47/1665 1840/44/1671 
f 1840/44/1671 1834/47/1665 1841/46/1672 
f 1841/46/1672 1834/47/1665 2667/16/2471 1842/16/1673 
f 1844/238/1675 1928/240/1752 1931/48/1755 1845/48/1676 
f 1846/18/1677 1947/18/1771 1949/19/1773 1847/19/1678 
f 1847/19/1678 1949/19/1773 1853/50/1684 1848/51/1679 
f 1848/51/1679 1853/50/1684 1849/53/1680 
f 1849/53/1680 1853/50/1684 1850/55/1681 
f 1850/55/1681 1853/50/1684 1851/57/1682 
f 1851/57/1682 1853/50/1684 1852/59/1683 
f 1855/30/1686 1819/30/1650 1817/58/1648 1852/59/1683 
f 1855/30/1686 1854/30/1685 3100/31/2880 1856/31/1687 
f 1856/31/1687 3100/31/2880 3099/32/2879 1857/32/1688 
f 1857/32/1688 3099/32/2879 3098/33/2878 1858/33/1689 
f 1858/33/1689 3098/33/2878 3102/34/2882 1859/34/1690 
f 1859/34/1690 3102/34/2882 3103/35/2883 1860/35/1691 
f 1860/35/1691 3103/35/2883 1862/36/1693 1861/36/1692 
f 1836/7/1667 1787/7/1618 1831/36/1662 1861/36/1692 
f 1842/16/1673 2667/16/2471 2666/17/2470 1922/17/1747 
f 2170/7/1990 2128/7/1948 2131/37/1951 2171/38/1991 
f 2171/38/1991 2131/37/1951 2133/39/1953 2173/40/1993 
f 2173/40/1993 2133/39/1953 2135/41/1955 2174/42/1994 
f 2174/42/1994 2135/41/1955 2137/43/1957 2175/44/1995 
f 2175/44/1995 2137/43/1957 2139/45/1959 2176/46/1996 
f 2177/16/1997 2239/16/2052 2172/47/1992 2176/46/1996 
f 2179/17/1999 2143/49/1963 1843/48/1674 2180/243/2000 
f 2182/19/2002 3101/19/2881 1947/18/1771 1846/18/1677 
f 2183/51/2003 2184/50/2004 3101/19/2881 2182/19/2002 
f 2183/51/2003 2146/54/1966 2149/52/1969 2185/53/2005 
f 2185/53/2005 2149/52/1969 2151/25/1971 2186/55/2006 
f 2186/55/2006 2151/25/1971 2153/56/1973 2187/57/2007 
f 2187/57/2007 2153/56/1973 2155/58/1975 2188/59/2008 
f 2188/59/2008 2155/58/1975 2157/30/1977 2189/30/2009 
f 2191/31/2011 2259/31/2069 2190/30/2010 2189/30/2009 
f 2192/32/2012 2257/32/2067 2259/31/2069 2191/31/2011 
f 2193/33/2013 2255/33/2065 2257/32/2067 2192/32/2012 
f 2194/34/2014 2253/34/2063 2255/33/2065 2193/33/2013 
f 2195/35/2015 2251/35/2061 2253/34/2063 2194/34/2014 
f 2196/36/2016 2127/36/1947 2251/35/2061 2195/35/2015 
f 2196/36/2016 2169/36/1989 2128/7/1948 2170/7/1990 
f 2179/17/1999 2178/17/1998 2239/16/2052 2177/16/1997 
f 1922/17/1747 2666/17/2470 1928/240/1752 1844/238/1675 
f 1845/48/1676 1931/48/1755 2181/76/2001 2180/243/2000 
f 4842/7/2018 2506/7/2311 2508/5/2313 4843/5/4524 
f 2204/7/2018 4842/7/2018 4843/5/4524 2203/5/2023 
f 2198/7/2018 2204/7/2018 2203/5/2023 2199/5/2019 
f 4844/5/4525 4822/5/4504 4821/7/4503 4845/7/2017 
f 2200/5/2020 4844/5/4525 4845/7/2017 2197/7/2017 
f 4846/8/4526 4823/8/4505 4822/5/4504 4844/5/4525 
f 4847/8/4527 4846/8/4526 4844/5/4525 2200/5/2020 
f 2202/8/2022 4847/8/4527 2200/5/2020 2199/5/2019 
f 4843/5/4524 2508/5/2313 2510/8/2315 4848/8/4528 
f 2203/5/2023 4843/5/4524 4848/8/4528 2201/8/2021 
f 4845/7/2017 4821/7/4503 4841/36/4523 4849/36/4529 
f 2197/7/2017 4845/7/2017 4849/36/4529 4850/36/2024 
f 2198/7/2018 2197/7/2017 4850/36/2024 2205/36/2024 
f 4851/36/4530 2504/36/2309 2506/7/2311 4842/7/2018 
f 2206/36/2025 4851/36/4530 4842/7/2018 2204/7/2018 
f 4849/36/4529 4841/36/4523 4840/35/4522 4852/35/2026 
f 4850/36/2024 4849/36/4529 4852/35/2026 4853/35/2026 
f 2205/36/2024 4850/36/2024 4853/35/2026 2207/35/2026 
f 4854/35/4531 2502/35/2307 2504/36/2309 4851/36/4530 
f 2208/35/2026 4854/35/4531 4851/36/4530 2206/36/2025 
f 4852/35/2026 4840/35/4522 4839/34/4521 4855/34/4532 
f 4853/35/2026 4852/35/2026 4855/34/4532 4856/34/4533 
f 2207/35/2026 4853/35/2026 4856/34/4533 2209/34/2027 
f 4857/34/4534 2500/34/2305 2502/35/2307 4854/35/4531 
f 2210/34/2027 4857/34/4534 4854/35/4531 2208/35/2026 
f 4855/34/4532 4839/34/4521 4838/33/4520 4858/33/2028 
f 4856/34/4533 4855/34/4532 4858/33/2028 4859/33/2028 
f 2209/34/2027 4856/34/4533 4859/33/2028 2211/33/2028 
f 4860/33/4535 2498/33/2303 2500/34/2305 4857/34/4534 
f 2212/33/2028 4860/33/4535 4857/34/4534 2210/34/2027 
f 4858/33/2028 4838/33/4520 4837/32/4519 4861/32/4536 
f 4859/33/2028 4858/33/2028 4861/32/4536 4862/32/2029 
f 2211/33/2028 4859/33/2028 4862/32/2029 2213/32/2029 
f 4863/32/2029 2496/32/2301 2498/33/2303 4860/33/4535 
f 2214/32/2029 4863/32/2029 4860/33/4535 2212/33/2028 
f 4861/32/4536 4837/32/4519 4836/31/4518 4864/31/2030 
f 4862/32/2029 4861/32/4536 4864/31/2030 4865/31/2030 
f 2213/32/2029 4862/32/2029 4865/31/2030 2215/31/2030 
f 4866/31/4537 2494/31/2299 2496/32/2301 4863/32/2029 
f 2216/31/2031 4866/31/4537 4863/32/2029 2214/32/2029 
f 4864/31/2030 4836/31/4518 4835/30/4517 4867/30/4538 
f 4865/31/2030 4864/31/2030 4867/30/4538 4868/30/4539 
f 2215/31/2030 4865/31/2030 4868/30/4539 2217/30/2032 
f 4869/30/4540 2492/30/2297 2494/31/2299 4866/31/4537 
f 2218/30/2033 4869/30/4540 4866/31/4537 2216/31/2031 
f 4867/30/4538 4835/30/4517 4834/28/4516 4870/28/4541 
f 4868/30/4539 4867/30/4538 4870/28/4541 2237/28/2050 
f 2217/30/2032 4868/30/4539 2237/28/2050 2219/28/2034 
f 4871/28/4542 2487/28/2292 2492/30/2297 4869/30/4540 
f 2220/28/2035 4871/28/4542 4869/30/4540 2218/30/2033 
f 4872/1687/4543 4831/22/4513 4830/20/4512 4873/1688/4544 
f 4773/1685/4456 4872/1687/4543 4873/1688/4544 4874/1689/4545 
f 2222/245/2037 4773/1685/4456 4874/1689/4545 2223/246/2038 
f 4875/1690/4546 2485/156/2290 2484/20/2289 4876/178/4547 
f 2224/247/2039 4875/1690/4546 4876/178/4547 2221/244/2036 
f 4877/16/1942 4827/16/4509 4826/223/4508 4878/1691/4548 
f 4879/16/2041 4877/16/1942 4878/1691/4548 4880/1692/4549 
f 2228/16/2041 4879/16/2041 4880/1692/4549 2229/248/2042 
f 4881/1693/4550 2516/213/2321 3220/16/2058 4882/16/2041 
f 2230/249/2043 4881/1693/4550 4882/16/2041 2227/16/2041 
f 4878/14/4548 4826/14/4508 4825/12/4507 4883/12/4551 
f 4880/14/4549 4878/14/4548 4883/12/4551 4884/12/4552 
f 2229/14/2042 4880/14/4549 4884/12/4552 2231/12/2044 
f 4885/12/4553 2514/12/2319 2516/14/2321 4881/14/4550 
f 2232/12/2045 4885/12/4553 4881/14/4550 2230/14/2043 
f 4883/12/4551 4825/12/4507 4824/10/4506 4886/10/4554 
f 4884/12/4552 4883/12/4551 4886/10/4554 4887/10/4555 
f 2231/12/2044 4884/12/4552 4887/10/4555 2233/10/2046 
f 4888/10/4556 2512/10/2317 2514/12/2319 4885/12/4553 
f 2234/10/2047 4888/10/4556 4885/12/4553 2232/12/2045 
f 4886/10/4554 4824/10/4506 4823/8/4505 4846/8/4526 
f 4887/10/4555 4886/10/4554 4846/8/4526 4847/8/4527 
f 2233/10/2046 4887/10/4555 4847/8/4527 2202/8/2022 
f 4848/8/4528 2510/8/2315 2512/10/2317 4888/10/4556 
f 2201/8/2021 4848/8/4528 4888/10/4556 2234/10/2047 
f 4889/1694/4557 2488/24/2293 2487/26/2292 4871/1695/4542 
f 4890/1696/4558 4889/1694/4557 4871/1695/4542 2220/1697/2035 
f 2236/251/2049 4890/1696/4558 2220/1697/2035 2219/252/2034 
f 4870/1698/4541 4834/1699/4516 4833/26/4515 4891/1700/4559 
f 2237/253/2050 4870/1698/4541 4891/1700/4559 2235/250/2048 
f 4892/7/4560 4802/7/4484 4801/5/4483 4893/5/4561 
f 4894/7/4562 4892/7/4560 4893/5/4561 4895/5/4563 
f 3105/7/2884 4894/7/4562 4895/5/4563 3106/5/2885 
f 4896/5/4564 3110/5/2889 3109/7/2888 4897/7/4565 
f 3107/5/2886 4896/5/4564 4897/7/4565 3104/7/2884 
f 4893/5/4561 4801/5/4483 1794/8/1625 4898/8/4566 
f 4895/5/4563 4893/5/4561 4898/8/4566 4899/8/4567 
f 3106/5/2885 4895/5/4563 4899/8/4567 3114/8/2893 
f 4900/8/4568 3116/8/2895 3110/5/2889 4896/5/4564 
f 3115/8/2894 4900/8/4568 4896/5/4564 3107/5/2886 
f 4901/36/2898 4819/36/4501 4802/7/4484 4892/7/4560 
f 4902/36/2898 4901/36/2898 4892/7/4560 4894/7/4562 
f 3119/36/2898 4902/36/2898 4894/7/4562 3105/7/2884 
f 4897/7/4565 3109/7/2888 3121/36/2900 4903/36/4569 
f 3104/7/2884 4897/7/4565 4903/36/4569 3118/36/2897 
f 4904/35/4570 4818/35/4500 4819/36/4501 4901/36/2898 
f 4905/35/4571 4904/35/4570 4901/36/2898 4902/36/2898 
f 3124/35/2902 4905/35/4571 4902/36/2898 3119/36/2898 
f 4903/36/4569 3121/36/2900 3126/35/2904 4906/35/4572 
f 3118/36/2897 4903/36/4569 4906/35/4572 3123/35/2901 
f 4907/34/4573 4817/34/4499 4818/35/4500 4904/35/4570 
f 4908/34/4573 4907/34/4573 4904/35/4570 4905/35/4571 
f 3129/34/2906 4908/34/4573 4905/35/4571 3124/35/2902 
f 4906/35/4572 3126/35/2904 3131/34/2907 4909/34/2906 
f 3123/35/2901 4906/35/4572 4909/34/2906 3128/34/2906 
f 4910/33/4574 4816/33/4498 4817/34/4499 4907/34/4573 
f 4911/33/2910 4910/33/4574 4907/34/4573 4908/34/4573 
f 3134/33/2910 4911/33/2910 4908/34/4573 3129/34/2906 
f 4909/34/2906 3131/34/2907 3136/33/2912 4912/33/2912 
f 3128/34/2906 4909/34/2906 4912/33/2912 3133/33/2909 
f 4913/32/4575 4815/32/4497 4816/33/4498 4910/33/4574 
f 4914/32/4576 4913/32/4575 4910/33/4574 4911/33/2910 
f 3139/32/2914 4914/32/4576 4911/33/2910 3134/33/2910 
f 4912/33/2912 3136/33/2912 3141/32/2916 4915/32/4577 
f 3133/33/2909 4912/33/2912 4915/32/4577 3138/32/2914 
f 4916/31/4578 4814/31/4496 4815/32/4497 4913/32/4575 
f 4917/31/2919 4916/31/4578 4913/32/4575 4914/32/4576 
f 3144/31/2919 4917/31/2919 4914/32/4576 3139/32/2914 
f 4915/32/4577 3141/32/2916 3146/31/2921 4918/31/2921 
f 3138/32/2914 4915/32/4577 4918/31/2921 3143/31/2918 
f 4919/30/4579 4813/30/4495 4814/31/4496 4916/31/4578 
f 4920/30/4580 4919/30/4579 4916/31/4578 4917/31/2919 
f 3149/30/2924 4920/30/4580 4917/31/2919 3144/31/2919 
f 4918/31/2921 3146/31/2921 3151/30/2926 4921/30/4581 
f 3143/31/2918 4918/31/2921 4921/30/4581 3148/30/2923 
f 4922/1701/1715 4808/20/4490 4923/20/4582 
f 4924/1702/1715 4922/1701/1715 4923/20/4582 4925/20/4583 
f 3154/271/1715 4924/1702/1715 4925/20/4583 3155/20/2928 
f 4926/20/4584 3157/20/2930 2091/60/1715 4927/1703/1715 
f 3156/20/2929 4926/20/4584 4927/1703/1715 3153/270/1715 
f 4928/18/1718 4807/18/4489 4806/19/4488 4929/19/1718 
f 4930/18/1718 4928/18/1718 4929/19/1718 4931/19/1718 
f 3165/18/2040 4930/18/1718 4931/19/1718 3166/19/1718 
f 4932/19/1718 1889/19/1718 1892/18/1718 4933/18/1718 
f 3167/19/1718 4932/19/1718 4933/18/1718 3164/18/2040 
f 4934/1704/4585 4803/223/4485 4804/16/4486 4935/16/1748 
f 4936/1705/4586 4934/1704/4585 4935/16/1748 4937/16/1748 
f 3172/274/2934 4936/1705/4586 4937/16/1748 3173/16/1748 
f 4938/16/1748 3176/16/1719 3175/206/2935 4939/1706/4587 
f 3174/16/1748 4938/16/1748 4939/1706/4587 3171/273/2933 
f 4940/12/4588 1796/12/1627 4803/14/4485 4934/14/4585 
f 4941/12/4589 4940/12/4588 4934/14/4585 4936/14/4586 
f 3178/12/2937 4941/12/4589 4936/14/4586 3172/14/2934 
f 4939/14/4587 3175/14/2935 3179/12/2938 4942/12/4590 
f 3171/14/2933 4939/14/4587 4942/12/4590 3177/12/2936 
f 4943/10/4591 1793/10/1624 1796/12/1627 4940/12/4588 
f 4944/10/4592 4943/10/4591 4940/12/4588 4941/12/4589 
f 3184/10/2943 4944/10/4592 4941/12/4589 3178/12/2937 
f 4942/12/4590 3179/12/2938 3185/10/2944 4945/10/4593 
f 3177/12/2936 4942/12/4590 4945/10/4593 3183/10/2942 
f 4898/8/4566 1794/8/1625 1793/10/1624 4943/10/4591 
f 4899/8/4567 4898/8/4566 4943/10/4591 4944/10/4592 
f 3114/8/2893 4899/8/4567 4944/10/4592 3184/10/2943 
f 4945/10/4593 3185/10/2944 3116/8/2895 4900/8/4568 
f 3183/10/2942 4945/10/4593 4900/8/4568 3115/8/2894 
f 4946/26/4594 4811/26/4493 4812/28/4494 4947/28/4595 
f 4948/26/4596 4946/26/4594 4947/28/4595 4949/28/4597 
f 3187/26/2946 4948/26/4596 4949/28/4597 3188/28/2947 
f 4950/28/4598 3191/28/2950 3190/26/2949 4951/26/4599 
f 3189/28/2948 4950/28/4598 4951/26/4599 3186/26/2945 
f 4952/24/4600 4810/24/4492 4811/26/4493 4946/26/4594 
f 4953/24/4601 4952/24/4600 4946/26/4594 4948/26/4596 
f 3194/24/2953 4953/24/4601 4948/26/4596 3187/26/2946 
f 4951/26/4599 3190/26/2949 3195/24/2954 4954/24/4602 
f 3186/26/2945 4951/26/4599 4954/24/4602 3193/24/2952 
f 4955/22/4603 4809/22/4491 4810/24/4492 4952/24/4600 
f 4956/22/4604 4955/22/4603 4952/24/4600 4953/24/4601 
f 3198/22/2957 4956/22/4604 4953/24/4601 3194/24/2953 
f 4954/24/4602 3195/24/2954 3199/22/2958 4957/22/4605 
f 3193/24/2952 4954/24/4602 4957/22/4605 3197/22/2956 
f 4923/20/4582 4808/20/4490 4809/22/4491 4955/22/4603 
f 4925/20/4583 4923/20/4582 4955/22/4603 4956/22/4604 
f 3155/20/2928 4925/20/4583 4956/22/4604 3198/22/2957 
f 4957/22/4605 3199/22/2958 3157/20/2930 4926/20/4584 
f 3197/22/2956 4957/22/4605 4926/20/4584 3156/20/2929 
f 4935/16/1748 4804/16/4486 4805/17/4487 4958/17/1748 
f 4937/16/1748 4935/16/1748 4958/17/1748 4959/17/1748 
f 3173/16/1748 4937/16/1748 4959/17/1748 3203/17/1748 
f 4960/17/1748 3205/17/1942 3176/16/1719 4938/16/1748 
f 3204/17/1942 4960/17/1748 4938/16/1748 3174/16/1748 
f 4929/233/1718 4806/233/4488 4808/20/4490 4922/1701/1715 
f 4931/232/1718 4929/233/1718 4922/1701/1715 4924/1702/1715 
f 3166/153/1718 4931/232/1718 4924/1702/1715 3154/271/1715 
f 4927/1703/1715 2091/60/1715 1889/114/1718 4932/231/1718 
f 3153/270/1715 4927/1703/1715 4932/231/1718 3167/152/1718 
f 4958/17/1748 4805/17/4487 4820/48/4502 4961/48/1942 
f 4959/17/1748 4958/17/1748 4961/48/1942 4962/48/1942 
f 3203/17/1748 4959/17/1748 4962/48/1942 3208/48/1748 
f 4963/48/1942 3210/48/1942 3205/17/1942 4960/17/1748 
f 3209/48/1748 4963/48/1942 4960/17/1748 3204/17/1942 
f 4964/19/1718 4829/19/4511 4807/18/4489 4928/18/1718 
f 4965/19/2040 4964/19/1718 4928/18/1718 4930/18/1718 
f 3213/19/2040 4965/19/2040 4930/18/1718 3165/18/2040 
f 4933/18/1718 1892/18/1718 2226/19/2040 4966/19/2040 
f 3164/18/2040 4933/18/1718 4966/19/2040 3212/19/2040 
f 4967/17/1942 4828/17/4510 4827/16/4509 4877/16/1942 
f 4968/17/1942 4967/17/1942 4877/16/1942 4879/16/2041 
f 3218/17/1942 4968/17/1942 4879/16/2041 2228/16/2041 
f 4882/16/2041 3220/16/2058 3219/17/1942 4969/17/1942 
f 2227/16/2041 4882/16/2041 4969/17/1942 3217/17/1942 
f 4961/48/1942 4820/48/4502 4828/17/4510 4967/17/1942 
f 4962/48/1942 4961/48/1942 4967/17/1942 4968/17/1942 
f 3208/48/1748 4962/48/1942 4968/17/1942 3218/17/1942 
f 4969/17/1942 3219/17/1942 3210/48/1942 4963/48/1942 
f 3217/17/1942 4969/17/1942 4963/48/1942 3209/48/1748 
f 4947/28/4595 4812/28/4494 4813/30/4495 4919/30/4579 
f 4949/28/4597 4947/28/4595 4919/30/4579 4920/30/4580 
f 3188/28/2947 4949/28/4597 4920/30/4580 3149/30/2924 
f 4921/30/4581 3151/30/2926 3191/28/2950 4950/28/4598 
f 3148/30/2923 4921/30/4581 4950/28/4598 3189/28/2948 
f 4873/1688/4544 4830/20/4512 4829/233/4511 4964/233/1718 
f 4874/1689/4545 4873/1688/4544 4964/233/1718 4965/232/2040 
f 2223/246/2038 4874/1689/4545 4965/232/2040 3213/153/2040 
f 4966/231/2040 2226/114/2040 2485/156/2290 4875/1690/4546 
f 3212/152/2040 4966/231/2040 4875/1690/4546 2224/247/2039 
f 4970/1707/4606 2490/22/2295 2488/24/2293 4889/1694/4557 
f 4971/1708/4607 4970/1707/4606 4889/1694/4557 4890/1696/4558 
f 4772/1684/4455 4971/1708/4607 4890/1696/4558 2236/251/2049 
f 4891/1700/4559 4833/26/4515 4832/24/4514 4972/1709/4608 
f 2235/250/2048 4891/1700/4559 4972/1709/4608 4771/1683/4454 
f 4876/178/4547 2484/20/2289 2490/22/2295 4970/1707/4606 
f 2221/244/2036 4876/178/4547 4970/1707/4606 4971/1708/4607 
f 2222/245/2037 2221/244/2036 4971/1708/4607 4772/1684/4455 
f 4972/1709/4608 4832/24/4514 4831/22/4513 4872/1687/4543 
f 4771/1683/4454 4972/1709/4608 4872/1687/4543 4773/1685/4456 
f 2023/28/1847 2028/50/1852 4770/50/4453 2090/241/1913 
f 2090/241/1913 4770/50/4453 2019/50/1843 
s off
f 4973/67/4609 4974/1710/3783 4975/1711/4087 1688/45/1548 
f 4976/100/4610 3071/1712/2857 1471/1713/1394 4977/52/4611 
f 3057/32/2845 2876/75/2675 1455/58/1384 1198/16/1155 
f 2914/82/2709 2919/12/2714 1270/41/1208 1269/18/1207 
f 1299/50/1230 2923/50/2718 2922/50/2717 1670/50/1530 
f 1298/50/1229 1270/50/1208 2919/12/2714 2917/50/2712 
f 1299/50/1230 1298/50/1229 2917/50/2712 2923/50/2718 
f 2922/50/2717 2925/50/2717 1671/50/1531 1670/50/1530 
f 2925/50/2717 2927/50/2717 1672/50/1532 1671/50/1531 
f 2927/50/2717 2929/50/2717 1673/50/1533 1672/50/1532 
f 2929/50/2717 2931/50/2720 1674/50/1534 1673/50/1533 
f 2931/50/2720 2933/50/2720 1675/50/1535 1674/50/1534 
f 2933/50/2720 2935/50/2723 1676/50/1536 1675/50/1535 
f 2935/50/2723 2937/50/2725 1677/50/1537 1676/50/1536 
f 2937/50/2725 2945/50/2733 1312/50/1243 1677/50/1537 
f 2945/50/2733 2946/50/2734 1313/30/1244 1312/50/1243 
f 2946/50/2734 2948/58/2736 1678/50/1538 1313/30/1244 
f 2948/58/2736 2940/59/2728 1679/50/1539 1678/50/1538 
f 2939/50/2727 4978/50/4612 1681/50/1541 1680/50/1540 
f 4979/50/4613 4980/50/4614 1685/50/1545 1689/50/1549 
f 4981/50/4615 4982/50/4616 1687/1714/1547 1686/50/1546 
f 1203/118/1160 2879/118/2678 2874/185/2673 1197/185/1154 
f 1419/50/1348 1422/50/1351 3022/1715/2810 3021/50/2809 
f 1379/50/1310 1382/50/1313 2999/50/2787 2998/50/2786 
f 1683/50/1543 1682/50/1542 2956/50/2744 2955/50/2743 
f 1338/32/1269 1684/190/1544 2960/50/2748 2959/50/2747 
f 1337/118/1268 1338/32/1269 2959/50/2747 2954/31/2742 
f 1326/118/1257 1337/118/1268 2954/31/2742 2952/118/2740 
f 1323/118/1254 1326/118/1257 2952/118/2740 2951/118/2739 
f 1218/118/1174 1222/118/1178 2888/118/2686 2886/118/2684 
f 1214/118/1170 1218/118/1174 2886/118/2684 2884/118/2682 
f 1211/118/1167 1214/118/1170 2884/118/2682 2883/118/2682 
f 1203/118/1160 1206/118/1163 2880/118/2679 2879/118/2678 
f 2874/185/2673 3057/118/2845 1198/16/1155 1197/185/1154 
f 1657/50/1525 2875/50/2674 2890/50/2688 1658/50/1526 
f 1657/50/1525 1455/50/1384 2876/75/2675 2875/50/2674 
f 2894/50/2691 2893/50/2691 1660/50/1528 1659/50/1527 
f 2893/50/2691 2896/50/2693 1661/50/1528 1660/50/1528 
f 2896/50/2693 2898/50/2695 1662/50/1528 1661/50/1528 
f 2898/50/2695 2900/50/2697 1663/50/1528 1662/50/1528 
f 2900/50/2697 2902/50/2699 1664/50/1528 1663/50/1528 
f 2902/50/2699 2904/50/2700 1665/50/1528 1664/50/1528 
f 2904/50/2700 2906/50/2702 1666/50/1528 1665/50/1528 
f 2906/50/2702 2908/50/2703 1667/50/1528 1666/50/1528 
f 2908/50/2703 2910/50/2705 1668/50/1528 1667/50/1528 
f 2910/50/2705 2912/50/2707 1669/50/1529 1668/50/1528 
f 2912/50/2707 2914/50/2709 1269/18/1207 1669/50/1529 
f 4983/50/4617 4984/77/4618 4985/1716/4619 4986/50/4620 
f 4987/50/4621 4988/50/4622 4989/50/4623 4990/50/4624 
f 4991/50/4621 4987/50/4621 4990/50/4624 4992/50/4625 
f 4993/50/4619 4991/50/4621 4992/50/4625 4994/50/4620 
f 4988/50/4622 4995/50/4626 4996/50/4627 4989/50/4623 
f 4995/50/4626 4997/50/4628 4998/50/4629 4996/50/4627 
f 4997/50/4628 4999/50/4630 5000/50/4629 4998/50/4629 
f 4999/50/4630 5001/50/4631 5002/50/4620 5000/50/4629 
f 5001/50/4631 5003/50/4631 5004/50/4620 5002/50/4620 
f 5003/50/4631 5005/50/4630 5006/50/4629 5004/50/4620 
f 5005/50/4630 5007/50/4631 5008/50/4620 5006/50/4629 
f 5007/50/4631 5009/50/4631 5010/50/4620 5008/50/4620 
f 5009/50/4631 5011/50/4632 5012/50/4633 5010/50/4620 
f 5011/50/4632 5013/50/4634 5014/50/4635 5012/50/4633 
f 5015/50/4636 5016/50/4637 5017/50/4629 5018/50/4638 
f 5016/50/4637 5019/50/4639 5020/50/4629 5017/50/4629 
f 5019/50/4639 5021/50/4640 5022/1683/4629 5020/50/4629 
s 2
f 903/77/874 905/101/876 2618/101/2422 2616/77/2420 
f 905/101/876 935/77/906 2649/77/2453 2618/101/2422 
f 935/77/906 933/78/904 2647/78/2451 2649/77/2453 
f 933/78/904 931/75/902 2645/75/2449 2647/78/2451 
f 931/75/902 929/73/900 2643/73/2447 2645/75/2449 
f 929/73/900 927/71/898 2641/71/2445 2643/73/2447 
f 927/71/898 925/69/896 2639/69/2443 2641/71/2445 
f 925/69/896 923/67/894 2637/67/2441 2639/69/2443 
f 923/67/894 921/65/892 2635/65/2439 2637/67/2441 
f 921/65/892 919/2/890 2633/2/2437 2635/65/2439 
f 919/2/890 917/3/888 2631/3/2435 2633/2/2437 
f 917/3/888 915/80/886 2629/80/2433 2631/3/2435 
f 915/80/886 913/82/884 2627/82/2431 2629/80/2433 
f 913/82/884 911/84/882 2625/84/2429 2627/82/2431 
f 911/84/882 909/100/880 2623/100/2427 2625/84/2429 
f 909/100/880 907/98/878 2621/98/2425 2623/100/2427 
f 907/98/878 875/99/846 2587/99/2391 2621/98/2425 
f 875/99/846 874/98/845 2588/98/2392 2587/99/2391 
f 874/98/845 877/100/848 2590/100/2394 2588/98/2392 
f 877/100/848 879/84/850 2592/84/2396 2590/100/2394 
f 879/84/850 881/82/852 2594/82/2398 2592/84/2396 
f 881/82/852 883/80/854 2596/80/2400 2594/82/2398 
f 883/80/854 885/3/856 2598/3/2402 2596/80/2400 
f 885/3/856 887/2/858 2600/2/2404 2598/3/2402 
f 887/2/858 889/65/860 2602/65/2406 2600/2/2404 
f 889/65/860 891/67/862 2604/67/2408 2602/65/2406 
f 891/67/862 893/69/864 2606/69/2410 2604/67/2408 
f 893/69/864 895/71/866 2608/71/2412 2606/69/2410 
f 895/71/866 897/73/868 2610/73/2414 2608/71/2412 
f 897/73/868 899/75/870 2612/75/2416 2610/73/2414 
f 899/75/870 901/78/872 2614/78/2418 2612/75/2416 
f 901/78/872 903/77/874 2616/77/2420 2614/78/2418 
s 1
f 2996/50/2784 3017/50/2805 3020/50/2808 2997/50/2785 
f 2999/50/2787 3021/50/2809 3024/50/2812 3000/50/2788 
f 3001/50/2789 3025/50/2813 3017/50/2805 2996/50/2784 
f 3002/50/2790 3027/50/2815 3030/50/2818 3003/50/2791 
f 3004/50/2792 3031/50/2819 3027/50/2815 3002/50/2790 
f 3005/50/2793 3033/50/2821 3031/50/2819 3004/50/2792 
f 3006/50/2794 3035/50/2823 3038/50/2826 3007/50/2795 
f 3007/50/2795 3038/50/2826 3033/50/2821 3005/50/2793 
f 2997/50/2785 3020/50/2808 3040/50/2828 3008/50/2796 
f 3009/50/2797 3041/50/2829 3044/50/2832 3010/50/2798 
f 3010/50/2798 3044/50/2832 3046/50/2834 3011/50/2799 
f 3011/50/2799 3046/50/2834 3048/50/2836 3012/50/2800 
f 3012/50/2800 3048/50/2836 3050/50/2838 3013/50/2801 
f 3013/50/2801 3050/50/2838 3052/50/2840 3014/50/2802 
f 3014/50/2802 3052/50/2840 3054/50/2842 3015/50/2803 
f 3015/50/2803 3054/50/2842 3056/50/2844 3016/50/2804 
f 3016/50/2804 3056/50/2844 3035/50/2823 3006/50/2794 
s off
f 4980/50/4614 4981/50/4615 1686/50/1546 1685/50/1545 
f 1382/50/1313 1419/50/1348 3021/50/2809 2999/50/2787 
s 1
f 3018/50/2806 3066/50/2852 3069/50/2855 3019/50/2807 
f 3022/50/2810 3070/50/2856 3073/50/2859 3023/50/2811 
f 3026/50/2814 3074/50/2860 3066/50/2852 3018/50/2806 
f 3028/50/2816 3058/50/2846 3061/50/2848 3029/50/2817 
f 3032/50/2820 3062/50/2849 3058/50/2846 3028/50/2816 
f 3034/50/2822 3064/50/2851 3062/50/2849 3032/50/2820 
f 3036/50/2824 3076/50/2862 3079/50/2864 3037/50/2825 
f 3037/50/2825 3079/50/2864 3064/50/2851 3034/50/2822 
f 3019/50/2807 3069/50/2855 3081/50/2866 3039/50/2827 
f 3042/50/2830 3082/50/2867 3085/50/2869 3043/50/2831 
f 3043/50/2831 3085/50/2869 3087/50/2871 3045/50/2833 
f 3045/50/2833 3087/50/2871 3089/50/2872 3047/50/2835 
f 3047/50/2835 3089/50/2872 3091/50/2874 3049/50/2837 
f 3049/50/2837 3091/50/2874 3093/50/2875 3051/50/2839 
f 3051/50/2839 3093/50/2875 3095/50/2876 3053/50/2841 
f 3053/50/2841 3095/50/2876 3097/50/2849 3055/50/2843 
f 3055/50/2843 3097/50/2849 3076/50/2862 3036/50/2824 
s off
f 4982/50/4616 4973/50/4609 1688/45/1548 1687/1714/1547 
f 1422/50/1351 1468/50/1392 3070/3/2856 3022/1715/2810 
f 2940/59/2728 2939/50/2727 1680/50/1540 1679/50/1539 
f 4978/50/4612 4979/50/4613 1689/50/1549 1681/50/1541 
f 1682/50/1542 1379/50/1310 2998/50/2786 2956/50/2744 
f 1684/190/1544 1683/50/1543 2955/50/2743 2960/50/2748 
s 1
f 523/48/499 161/240/152 156/17/149 
f 522/76/498 566/77/542 200/101/191 5023/1717/4641 
f 5023/1717/4641 200/101/191 162/77/153 161/76/152 
f 6/6/6 49/37/49 52/7/52 7/7/7 
f 10/9/10 53/39/53 49/37/49 6/6/6 
f 12/11/12 55/41/55 53/39/53 10/9/10 
f 14/13/14 57/43/57 55/41/55 12/11/12 
f 16/15/16 59/45/59 57/43/57 14/13/14 
f 18/16/18 5024/16/4642 59/45/59 16/15/16 
f 20/17/20 67/49/67 5024/16/4642 18/16/18 
f 23/19/23 5025/19/4643 5026/18/4644 24/18/24 
f 26/21/26 76/54/76 5025/19/4643 23/19/23 
f 28/23/28 74/52/74 76/54/76 26/21/26 
f 30/25/30 77/25/77 74/52/74 28/23/28 
f 32/27/32 79/56/79 77/25/77 30/25/30 
f 34/29/34 81/58/81 79/56/79 32/27/32 
f 36/30/36 83/30/83 81/58/81 34/29/34 
f 38/31/38 5027/31/4645 83/30/83 36/30/36 
f 40/32/40 5028/32/4646 5027/31/4645 38/31/38 
f 42/33/42 5029/33/4647 5028/32/4646 40/32/40 
f 44/34/44 5030/34/4648 5029/33/4647 42/33/42 
f 46/35/46 5031/35/4649 5030/34/4648 44/34/44 
f 48/36/48 98/36/98 5031/35/4649 46/35/46 
f 7/7/7 52/7/52 98/36/98 48/36/48 
f 155/48/148 64/48/64 67/49/67 20/17/20 
f 389/7/374 430/7/415 429/37/414 390/6/375 
f 390/6/375 429/37/414 433/39/418 392/9/377 
f 392/9/377 433/39/418 435/41/420 394/11/379 
f 394/11/379 435/41/420 437/43/422 396/13/381 
f 396/13/381 437/43/422 439/45/424 398/15/383 
f 398/15/383 439/45/424 5032/16/4650 400/16/385 
f 400/16/385 5032/16/4650 444/49/429 402/17/387 
f 24/18/24 5026/18/4644 5033/19/4651 403/19/388 
f 403/19/388 5033/19/4651 451/54/436 405/21/390 
f 405/21/390 451/54/436 450/52/435 408/23/393 
f 408/23/393 450/52/435 453/25/438 410/25/395 
f 410/25/395 453/25/438 455/56/440 412/27/397 
f 412/27/397 455/56/440 457/58/442 414/29/399 
f 414/29/399 457/58/442 459/30/444 416/30/401 
f 416/30/401 459/30/444 5034/31/4652 418/31/403 
f 418/31/403 5034/31/4652 5035/32/4653 420/32/405 
f 420/32/405 5035/32/4653 5036/33/4654 422/33/407 
f 422/33/407 5036/33/4654 5037/34/4655 424/34/409 
f 424/34/409 5037/34/4655 5038/35/4656 426/35/411 
f 426/35/411 5038/35/4656 473/36/458 428/36/413 
f 428/36/413 473/36/458 430/7/415 389/7/374 
f 402/17/387 444/49/429 64/48/64 155/48/148 
f 50/38/50 62/47/62 1496/7/1406 51/7/51 
f 54/40/54 62/47/62 50/38/50 
f 56/42/56 62/47/62 54/40/54 
f 58/44/58 62/47/62 56/42/56 
f 60/46/60 62/47/62 58/44/58 
f 60/46/60 59/45/59 5024/16/4642 63/16/63 
f 65/48/65 523/48/499 156/17/149 66/17/66 
f 70/18/70 5026/18/4644 5025/19/4643 71/19/71 
f 71/19/71 5025/19/4643 76/54/76 73/51/73 
f 75/53/75 72/50/72 73/51/73 
f 78/55/78 72/50/72 75/53/75 
f 80/57/80 72/50/72 78/55/78 
f 82/59/82 72/50/72 80/57/80 
f 84/30/84 86/30/86 72/50/72 82/59/82 
f 84/30/84 83/30/83 5027/31/4645 87/31/87 
f 87/31/87 5027/31/4645 5028/32/4646 89/32/89 
f 89/32/89 5028/32/4646 5029/33/4647 91/33/91 
f 91/33/91 5029/33/4647 5030/34/4648 93/34/93 
f 93/34/93 5030/34/4648 5031/35/4649 95/35/95 
f 95/35/95 5031/35/4649 98/36/98 97/36/97 
f 51/7/51 1496/7/1406 96/36/96 97/36/97 
f 63/16/63 5024/16/4642 67/49/67 66/17/66 
f 431/7/416 383/7/368 443/47/428 432/38/417 
f 432/38/417 443/47/428 434/40/419 
f 434/40/419 443/47/428 436/42/421 
f 436/42/421 443/47/428 438/44/423 
f 438/44/423 443/47/428 440/46/425 
f 442/16/427 5032/16/4650 439/45/424 440/46/425 
f 445/17/430 516/17/496 523/48/499 65/48/65 
f 447/19/432 5033/19/4651 5026/18/4644 70/18/70 
f 449/51/434 451/54/436 5033/19/4651 447/19/432 
f 449/51/434 448/50/433 452/53/437 
f 452/53/437 448/50/433 454/55/439 
f 454/55/439 448/50/433 456/57/441 
f 456/57/441 448/50/433 458/59/443 
f 458/59/443 448/50/433 463/30/448 460/30/445 
f 462/31/447 5034/31/4652 459/30/444 460/30/445 
f 465/32/450 5035/32/4653 5034/31/4652 462/31/447 
f 467/33/452 5036/33/4654 5035/32/4653 465/32/450 
f 469/34/454 5037/34/4655 5036/33/4654 467/33/452 
f 471/35/456 5038/35/4656 5037/34/4655 469/34/454 
f 472/36/457 473/36/458 5038/35/4656 471/35/456 
f 472/36/457 384/36/369 383/7/368 431/7/416 
f 445/17/430 444/49/429 5032/16/4650 442/16/427 
f 2023/28/1847 2090/241/1913 2015/28/1839 2008/28/1832 
f 5039/1718/4657 5040/1719/4658 5041/1720/4659 5042/1721/4660 
f 5043/1722/4661 5039/1723/4657 5042/1724/4660 
f 5043/1722/4661 5044/1725/4662 5045/1726/4663 5039/1723/4657 
f 5044/1725/4662 5046/1727/4664 5047/1728/4665 5045/1726/4663 
f 5046/1727/4664 5048/1729/4666 5049/1730/4667 5047/1728/4665 
f 5048/1729/4666 5050/1731/4668 5051/1732/4669 5049/1730/4667 
f 5050/1731/4668 5052/1733/4670 5053/1734/4671 5051/1732/4669 
f 5052/1733/4670 5054/1735/4672 5055/1736/4673 5053/1734/4671 
f 5054/1735/4672 5056/1737/4674 5057/1738/4675 5055/1736/4673 
f 5056/1737/4674 5058/1739/4676 5059/1740/4677 5057/1738/4675 
f 5058/1739/4676 5060/1741/4678 5061/1742/4679 5059/1740/4677 
f 5060/1741/4678 5062/1743/4680 5063/1744/4681 5061/1742/4679 
f 5062/1743/4680 5064/1745/4682 5065/1746/4683 5063/1744/4681 
f 5064/1745/4682 5066/1747/4684 5067/1748/4685 5065/1746/4683 
f 5066/1747/4684 5068/1749/4686 5069/1750/4687 5067/1748/4685 
f 5068/1749/4686 5070/1751/4688 5071/1752/4689 5069/1750/4687 
f 5070/1751/4688 5072/1753/4690 5073/1754/4691 5071/1752/4689 
f 5072/1753/4690 5074/1755/4692 5075/1756/4693 5073/1754/4691 
f 5074/1755/4692 5076/1757/4694 5077/1758/4695 5075/1756/4693 
f 5076/1757/4694 5078/1759/4696 5079/1760/4697 5077/1758/4695 
f 5078/1759/4696 5080/1761/4698 5081/1762/4699 5079/1760/4697 
f 5080/1761/4698 5082/1763/4700 5083/1764/4701 5081/1762/4699 
f 5082/1763/4700 5084/1765/4702 5085/1766/4703 5083/1764/4701 
f 5084/1765/4702 5086/1767/4704 5087/1768/4705 5085/1766/4703 
f 5086/1767/4704 5088/1769/4706 5089/1770/4707 5087/1768/4705 
f 5088/1769/4706 5090/1771/4708 5091/1772/4709 5089/1770/4707 
f 5090/1771/4708 5092/1773/4710 5093/1774/4711 5091/1772/4709 
f 5092/1773/4710 5094/1775/4712 5095/1776/4713 5093/1774/4711 
f 5094/1775/4712 5096/1777/4714 5097/1778/4715 5095/1776/4713 
f 5096/1777/4714 5098/1779/4716 5099/1780/4717 5097/1778/4715 
f 5098/1779/4716 5100/1781/4718 5101/1782/4719 5099/1780/4717 
f 5100/1781/4718 5102/1783/4720 5103/1784/4721 5101/1782/4719 
f 5102/1783/4720 5104/1785/4722 5105/1786/4723 5103/1784/4721 
f 5104/1785/4722 5106/1787/4724 5107/1788/4725 5105/1786/4723 
f 5106/1787/4724 5108/1789/4726 5109/1790/4727 5107/1788/4725 
f 5108/1789/4726 5110/1791/4728 5111/1792/4729 5109/1790/4727 
f 5110/1791/4728 5112/1793/4730 5113/1794/4731 5111/1792/4729 
f 5112/1793/4730 5114/1795/4732 5115/1796/4733 5113/1794/4731 
f 5114/1795/4732 5116/1797/4734 5117/1798/4735 5115/1796/4733 
f 5116/1797/4734 5118/1799/4736 5119/1800/4737 5117/1798/4735 
f 5118/1799/4736 5120/1801/4738 5121/1802/4739 5119/1800/4737 
f 5120/1801/4738 5122/1803/4740 5123/1804/4741 5121/1802/4739 
f 5122/1803/4740 5124/1805/4742 5125/1806/4743 5123/1804/4741 
f 5124/1805/4742 5126/1807/4744 5127/1808/4745 5125/1806/4743 
f 5126/1807/4744 5128/1809/4746 5129/1810/4747 5127/1808/4745 
f 5128/1809/4746 5130/1811/4748 5131/1812/4749 5129/1810/4747 
f 5130/1811/4748 5132/1813/4750 5133/1814/4751 5131/1812/4749 
f 5132/1813/4750 5134/1815/4752 5135/1816/4753 5133/1814/4751 
f 5134/1815/4752 5136/1817/4754 5137/1818/4755 5135/1816/4753 
f 5136/1817/4754 5138/1819/4756 5139/1820/4757 5137/1818/4755 
f 5138/1819/4756 5140/1821/4758 5141/1822/4759 5139/1820/4757 
f 5140/1821/4758 5142/1823/4760 5143/1824/4761 5141/1822/4759 
f 5142/1823/4760 5144/1825/4762 5145/1826/4763 5143/1824/4761 
f 5144/1825/4762 5146/1827/4764 5147/1828/4765 5145/1826/4763 
f 5146/1827/4764 5148/1829/4766 5149/1830/4767 5147/1828/4765 
f 5148/1829/4766 5150/1831/4768 5151/1832/4769 5149/1830/4767 
f 5150/1831/4768 5152/1833/4770 5153/1834/4771 5151/1832/4769 
f 5152/1833/4770 5154/1835/4772 5155/1836/4773 5153/1834/4771 
f 5154/1835/4772 5156/1837/4774 5157/1838/4775 5155/1836/4773 
f 5156/1837/4774 5158/1839/4776 5159/1840/4777 5157/1838/4775 
f 5158/1839/4776 5160/1841/4778 5161/1842/4779 5159/1840/4777 
f 5160/1841/4778 5162/1843/4780 5163/1844/4781 5161/1842/4779 
f 5162/1843/4780 5164/1845/4782 5165/1846/4783 5163/1844/4781 
f 5164/1845/4782 5166/1847/4784 5167/1848/4785 5165/1846/4783 
f 5166/1847/4784 5041/1720/4659 5040/1719/4658 5167/1848/4785 
s 2
f 5168/1849/4786 5169/1850/4787 5170/1851/4788 5171/1852/4789 
f 5172/1853/4790 5173/1854/4791 5174/1855/4792 5175/1856/4793 
f 5173/1854/4791 5176/1857/4794 5177/1858/4795 5174/1855/4792 
f 5176/1857/4794 5178/1859/4796 5179/1860/4295 5177/1858/4795 
f 5178/1859/4796 5180/1861/4797 5181/1862/4798 5179/1860/4295 
f 5180/1861/4797 5182/1863/4799 5183/1864/4800 5181/1862/4798 
f 5182/1863/4799 5184/1865/4801 5185/1866/4802 5183/1864/4800 
f 5184/1865/4801 5186/1867/4803 5187/1868/4804 5185/1866/4802 
f 5186/1867/4803 5188/1869/4805 5189/1870/4806 5187/1868/4804 
f 5190/1871/4807 5191/1872/4808 5172/1853/4790 5175/1856/4793 
f 5192/1873/4809 5193/1874/4810 5079/1875/4697 5081/1876/4699 
f 5047/1877/4665 5194/1878/4811 5195/1879/4812 5045/1880/4663 
f 5195/1879/4812 5196/1881/4813 5039/1882/4657 5045/1880/4663 
f 5147/1883/4765 5197/1884/4814 5198/1885/4815 5145/1886/4763 
f 5198/1885/4815 5199/1887/4816 5143/1888/4761 5145/1886/4763 
f 5111/1889/4729 5200/1890/4817 5201/1891/4818 5109/1892/4727 
f 5201/1891/4818 5202/1893/4819 5107/1894/4725 5109/1892/4727 
f 5083/1895/4701 5203/1896/4820 5192/1873/4809 5081/1876/4699 
f 5193/1874/4810 5204/1897/4821 5077/1898/4695 5079/1875/4697 
f 5204/1897/4821 5205/1899/4822 5075/1900/4693 5077/1898/4695 
f 5205/1899/4822 5206/1901/4823 5073/1902/4691 5075/1900/4693 
f 5206/1901/4823 5207/1903/4824 5071/1904/4689 5073/1902/4691 
f 5207/1903/4824 5208/1905/4825 5069/1906/4687 5071/1904/4689 
f 5208/1905/4825 5209/1907/4826 5067/1908/4685 5069/1906/4687 
f 5209/1907/4826 5210/1909/4827 5065/1910/4683 5067/1908/4685 
f 5210/1909/4827 5211/1911/4828 5063/1912/4681 5065/1910/4683 
f 5211/1911/4828 5212/1913/4829 5061/1914/4679 5063/1912/4681 
f 5212/1913/4829 5213/1915/4830 5059/1916/4677 5061/1914/4679 
f 5213/1915/4830 5214/1917/4831 5057/1918/4675 5059/1916/4677 
f 5215/1919/4832 5057/1918/4675 5214/1917/4831 
f 5215/1919/4832 5216/1920/4833 5055/1921/4673 5057/1918/4675 
f 5217/1922/4834 5218/1923/4835 5055/1921/4673 5216/1920/4833 
f 5196/1881/4813 5219/1924/4836 5040/1925/4658 5039/1882/4657 
f 5219/1924/4836 5220/1926/4837 5167/1927/4785 5040/1925/4658 
f 5149/1928/4767 5221/1929/4838 5197/1884/4814 5147/1883/4765 
f 5151/1930/4769 5222/1931/4839 5221/1929/4838 5149/1928/4767 
f 5153/1932/4771 5223/1933/4840 5222/1931/4839 5151/1930/4769 
f 5155/1934/4773 5224/1935/4841 5223/1933/4840 5153/1932/4771 
f 5157/1936/4775 5225/1937/4842 5224/1935/4841 5155/1934/4773 
f 5157/1936/4775 5226/1938/4843 5225/1937/4842 
f 5199/1887/4816 5227/1939/4844 5141/1940/4759 5143/1888/4761 
f 5227/1939/4844 5228/1941/4845 5139/1942/4757 5141/1940/4759 
f 5228/1941/4845 5229/1943/4846 5137/1944/4755 5139/1942/4757 
f 5229/1943/4846 5230/1945/4847 5135/1946/4753 5137/1944/4755 
f 5230/1945/4847 5231/1947/4848 5133/1948/4751 5135/1946/4753 
f 5231/1947/4848 5232/1949/4849 5131/1950/4749 5133/1948/4751 
f 5232/1949/4849 5233/1951/4850 5129/1952/4747 5131/1950/4749 
f 5233/1951/4850 5234/1953/4851 5127/1954/4745 5129/1952/4747 
f 5234/1953/4851 5235/1955/4852 5125/1956/4743 5127/1954/4745 
f 5235/1955/4852 5236/1957/4853 5123/1958/4741 5125/1956/4743 
f 5236/1957/4853 5237/1959/4854 5121/1960/4739 5123/1958/4741 
f 5238/1961/4855 5121/1960/4739 5237/1959/4854 
f 5238/1961/4855 5239/1962/4856 5119/1963/4737 5121/1960/4739 
f 5240/1964/4857 5241/1965/4858 5119/1963/4737 5239/1962/4856 
f 5202/1893/4819 5242/1966/4859 5105/1967/4723 5107/1894/4725 
f 5242/1966/4859 5243/1968/4860 5103/1969/4721 5105/1967/4723 
f 5085/1970/4703 5244/1971/4861 5203/1896/4820 5083/1895/4701 
f 5087/1972/4705 5245/1973/4862 5244/1971/4861 5085/1970/4703 
f 5089/1974/4707 5246/1975/4863 5245/1973/4862 5087/1972/4705 
f 5091/1976/4709 5247/1977/4864 5246/1975/4863 5089/1974/4707 
f 5093/1978/4711 5248/1979/4865 5247/1977/4864 5091/1976/4709 
f 5093/1978/4711 5249/1980/4866 5248/1979/4865 
f 5095/1981/4713 5250/1982/4867 5249/1980/4866 5093/1978/4711 
f 5095/1981/4713 5251/1983/4868 5252/1984/4869 5250/1982/4867 
f 5159/1985/4777 5253/1986/4870 5226/1938/4843 5157/1936/4775 
f 5159/1985/4777 5254/1987/4871 5255/1988/4872 5253/1986/4870 
f 5256/1989/4873 5191/1872/4808 5190/1871/4807 
f 5047/1877/4665 5257/1990/4874 5194/1878/4811 
f 5049/1991/4667 5258/1992/4875 5257/1990/4874 5047/1877/4665 
f 5049/1991/4667 5259/1993/4876 5260/1994/4877 5258/1992/4875 
f 5111/1889/4729 5261/1995/4878 5200/1890/4817 
f 5113/1996/4731 5262/1997/4879 5261/1995/4878 5111/1889/4729 
f 5113/1996/4731 5263/1998/4880 5264/1999/4881 5262/1997/4879 
f 5220/1926/4837 5265/2000/4882 5165/2001/4783 5167/1927/4785 
f 5266/2002/4883 5267/2003/4884 5165/2001/4783 5265/2000/4882 
f 5243/1968/4860 5268/2004/4885 5101/2005/4719 5103/1969/4721 
f 5269/2006/4886 5270/2007/4887 5101/2005/4719 5268/2004/4885 
f 5271/2008/4888 5272/2009/4889 5188/1869/4805 5186/1867/4803 
f 5051/2010/4669 5273/2011/4890 5259/1993/4876 5049/1991/4667 
f 5115/2012/4733 5274/2013/4891 5263/1998/4880 5113/1996/4731 
f 5256/1989/4873 5170/1851/4788 5169/1850/4787 5191/1872/4808 
f 5097/2014/4715 5275/2015/4892 5251/1983/4868 5095/1981/4713 
f 5241/1965/4858 5276/2016/4893 5117/2017/4735 5119/1963/4737 
f 5218/1923/4835 5277/2018/4894 5053/2019/4671 5055/1921/4673 
f 5161/2020/4779 5278/2021/4895 5254/1987/4871 5159/1985/4777 
f 5267/2003/4884 5279/2022/4896 5163/2023/4781 5165/2001/4783 
f 5280/2024/4897 5163/2023/4781 5279/2022/4896 
f 5270/2007/4887 5281/2025/4898 5099/2026/4717 5101/2005/4719 
f 5282/2027/4899 5099/2026/4717 5281/2025/4898 
f 5161/2020/4779 5283/2028/4900 5278/2021/4895 
f 5097/2014/4715 5284/2029/4901 5275/2015/4892 
f 5051/2010/4669 5053/2019/4671 5285/2030/4902 5273/2011/4890 
f 5115/2012/4733 5117/2017/4735 5286/2031/4889 5274/2013/4891 
f 5287/2032/4903 5053/2019/4671 5277/2018/4894 
f 5288/2033/4904 5117/2017/4735 5276/2016/4893 
f 5271/2008/4888 5289/2034/4905 5290/2035/4906 5272/2009/4889 
f 5287/2032/4903 5291/2036/4907 5285/2030/4902 5053/2019/4671 
f 5292/2037/4908 5291/2036/4907 5287/2032/4903 
f 5292/2037/4908 5293/2038/4909 5294/2039/4910 5291/2036/4907 
f 5293/2038/4909 5295/2040/4911 5296/2041/4912 5294/2039/4910 
f 5295/2040/4911 5297/2042/4913 5298/2043/4914 5296/2041/4912 
f 5299/2044/4915 5298/2043/4914 5297/2042/4913 
f 5300/2045/4916 5301/2046/4917 5298/2043/4914 5299/2044/4915 
f 5300/2045/4916 5302/2047/4918 5301/2046/4917 
f 5300/2045/4916 5303/2048/4919 5304/2049/4920 5302/2047/4918 
f 5303/2048/4919 5290/2035/4906 5289/2034/4905 5304/2049/4920 
f 5305/2050/4921 5161/2020/4779 5163/2023/4781 5280/2024/4897 
f 5305/2050/4921 5306/2051/4922 5283/2028/4900 5161/2020/4779 
f 5306/2051/4922 5307/2052/4923 5283/2028/4900 
f 5308/2053/4924 5309/2054/4925 5307/2052/4923 5306/2051/4922 
f 5310/2055/4926 5311/2056/4927 5309/2054/4925 5308/2053/4924 
f 5312/2057/4928 5313/2058/4929 5311/2056/4927 5310/2055/4926 
f 5312/2057/4928 5314/2059/4930 5315/2060/4931 5313/2058/4929 
f 5316/2061/4932 5315/2060/4931 5314/2059/4930 
f 5316/2061/4932 5317/2062/4933 5318/2063/4934 5315/2060/4931 
f 5317/2062/4933 5319/2064/4935 5320/2065/4936 5318/2063/4934 
f 5288/2033/4904 5321/2066/4906 5286/2031/4889 5117/2017/4735 
f 5322/2067/4937 5321/2066/4906 5288/2033/4904 
f 5322/2067/4937 5323/2068/4938 5324/2069/4919 5321/2066/4906 
f 5323/2068/4938 5325/2070/4939 5326/2071/4916 5324/2069/4919 
f 5325/2070/4939 5327/2072/4940 5328/2073/4941 5326/2071/4916 
f 5329/2074/4942 5330/2075/4943 5328/2073/4941 5327/2072/4940 
f 5329/2074/4942 5331/2076/4944 5332/2077/4945 5330/2075/4943 
f 5331/2076/4944 5333/2078/4946 5334/2079/4947 5332/2077/4945 
f 5335/2080/4948 5097/2014/4715 5099/2026/4717 5282/2027/4899 
f 5335/2080/4948 5336/2081/4949 5284/2029/4901 5097/2014/4715 
f 5336/2081/4949 5337/2082/4933 5284/2029/4901 
f 5338/2083/4950 5339/2084/4932 5337/2082/4933 5336/2081/4949 
f 5340/2085/4951 5341/2086/4930 5339/2084/4932 5338/2083/4950 
f 5342/2087/4929 5343/2088/4952 5341/2086/4930 5340/2085/4951 
f 5342/2087/4929 5344/2089/4927 5345/2090/4953 5343/2088/4952 
f 5346/2091/4925 5345/2090/4953 5344/2089/4927 
f 5346/2091/4925 5347/2092/4923 5345/2090/4953 
f 5347/2092/4923 5348/2093/4954 5168/1849/4786 5345/2090/4953 
f 5349/2094/4955 5350/2095/4956 5289/2034/4905 5271/2008/4888 
f 5349/2094/4955 5351/2096/4957 5350/2095/4956 
f 5352/2097/4958 5353/2098/4959 5351/2096/4957 5349/2094/4955 
f 5352/2097/4958 5354/2099/4960 5353/2098/4959 
f 5352/2097/4958 5355/2100/4961 5356/2101/4962 5354/2099/4960 
f 5355/2100/4961 5357/2102/4963 5358/2103/4964 5356/2101/4962 
f 5357/2102/4963 5359/2104/4965 5358/2103/4964 
f 5360/2105/4966 5361/2106/4967 5359/2104/4965 5357/2102/4963 
f 5360/2105/4966 5319/2064/4935 5362/2107/4968 5361/2106/4967 
f 5360/2105/4966 5363/2108/4969 5320/2065/4936 5319/2064/4935 
f 5363/2108/4969 5364/2109/4970 5320/2065/4936 
f 5365/2110/4971 5366/2111/4972 5364/2109/4970 5363/2108/4969 
f 5365/2110/4971 5367/2112/4973 5368/2113/4974 5366/2111/4972 
f 5369/2114/4975 5370/2115/4976 5367/2112/4973 5365/2110/4971 
f 5369/2114/4975 5371/2116/4977 5372/2117/4978 5370/2115/4976 
f 5371/2116/4977 5373/2118/4979 5374/2119/4980 5372/2117/4978 
f 5373/2118/4979 5375/2120/4981 5376/2121/4982 5374/2119/4980 
f 5375/2120/4981 5377/2122/4983 5378/2123/4984 5376/2121/4982 
f 5377/2122/4983 5379/2124/4985 5380/2125/4986 5378/2123/4984 
f 5379/2124/4985 5381/2126/4987 5382/2127/4988 5380/2125/4986 
f 5381/2126/4987 5383/2128/4989 5384/2129/4990 5382/2127/4988 
f 5383/2128/4989 5385/2130/4991 5386/2131/4992 5384/2129/4990 
f 5387/2132/4993 5388/2133/4994 5385/2130/4991 5383/2128/4989 
f 5387/2132/4993 5334/2079/4947 5333/2078/4946 5388/2133/4994 
f 5389/2134/4995 5390/2135/4996 5334/2079/4947 5387/2132/4993 
f 5389/2134/4995 5391/2136/4997 5390/2135/4996 
f 5392/2137/4998 5393/2138/4999 5391/2136/4997 5389/2134/4995 
f 5392/2137/4998 5394/2139/5000 5393/2138/4999 
f 5392/2137/4998 5395/2140/5001 5396/2141/5002 5394/2139/5000 
f 5395/2140/5001 5397/2142/5003 5398/2143/5004 5396/2141/5002 
f 5397/2142/5003 5399/2144/5005 5400/2145/5006 5398/2143/5004 
f 5399/2144/5005 5348/2093/4954 5401/2146/5007 5400/2145/5006 
f 5399/2144/5005 5169/1850/4787 5168/1849/4786 5348/2093/4954 
s 4
f 5168/1849/4786 5171/1852/4789 5402/1852/5008 5403/1849/5009 
f 5175/1856/4793 5174/1855/4792 5404/1855/5010 5405/1856/5011 
f 5173/1854/4791 5172/1853/4790 5406/1853/5012 5407/1854/5013 
f 5174/1855/4792 5177/1858/4795 5408/1858/5014 5404/1855/5010 
f 5176/1857/4794 5173/1854/4791 5407/1854/5013 5409/1857/5015 
f 5177/1858/4795 5179/1860/4295 5410/1860/2850 5408/1858/5014 
f 5178/1859/4796 5176/1857/4794 5409/1857/5015 5411/1859/1391 
f 5179/1860/4295 5181/1862/4798 5412/1862/5016 5410/1860/2850 
f 5180/1861/4797 5178/1859/4796 5411/1859/1391 5413/1861/5017 
f 5181/1862/4798 5183/1864/4800 5414/1864/5018 5412/1862/5016 
f 5182/1863/4799 5180/1861/4797 5413/1861/5017 5415/1863/5019 
f 5183/1864/4800 5185/1866/4802 5416/1866/5020 5414/1864/5018 
f 5184/1865/4801 5182/1863/4799 5415/1863/5019 5417/1865/5021 
f 5185/1866/4802 5187/1868/4804 5418/1868/5022 5416/1866/5020 
f 5186/1867/4803 5184/1865/4801 5417/1865/5021 5419/1867/4087 
f 5187/1868/4804 5189/1870/4806 5420/1870/5023 5418/1868/5022 
f 5190/1871/4807 5175/1856/4793 5405/1856/5011 5421/1871/5024 
f 5172/1853/4790 5191/1872/4808 5422/1872/3176 5406/1853/5012 
f 5193/1874/4810 5192/1873/4809 5423/1873/5025 5424/1874/5026 
f 5195/1879/4812 5194/1878/4811 5425/1878/5027 5426/1879/5028 
f 5196/1881/4813 5195/1879/4812 5426/1879/5028 5427/1881/5029 
f 5198/1885/4815 5197/1884/4814 5428/1884/5030 5429/1885/5031 
f 5199/1887/4816 5198/1885/4815 5429/1885/5031 5430/1887/5032 
f 5201/1891/4818 5200/1890/4817 5431/1890/5033 5432/1891/5034 
f 5202/1893/4819 5201/1891/4818 5432/1891/5034 5433/1893/3328 
f 5192/1873/4809 5203/1896/4820 5434/1896/5035 5423/1873/5025 
f 5204/1897/4821 5193/1874/4810 5424/1874/5026 5435/1897/5036 
f 5205/1899/4822 5204/1897/4821 5435/1897/5036 5436/1899/1391 
f 5206/1901/4823 5205/1899/4822 5436/1899/1391 5437/1901/5037 
f 5207/1903/4824 5206/1901/4823 5437/1901/5037 5438/1903/5038 
f 5208/1905/4825 5207/1903/4824 5438/1903/5038 5439/1905/5039 
f 5209/1907/4826 5208/1905/4825 5439/1905/5039 5440/1907/5040 
f 5210/1909/4827 5209/1907/4826 5440/1907/5040 5441/1909/5041 
f 5211/1911/4828 5210/1909/4827 5441/1909/5041 5442/1911/5042 
f 5212/1913/4829 5211/1911/4828 5442/1911/5042 5443/1913/5043 
f 5213/1915/4830 5212/1913/4829 5443/1913/5043 5444/1915/5044 
f 5214/1917/4831 5213/1915/4830 5444/1915/5044 5445/1917/5045 
f 5215/1919/4832 5214/1917/4831 5445/1917/5045 5446/1919/5046 
f 5216/1920/4833 5215/1919/4832 5446/1919/5046 5447/1920/5047 
f 5217/1922/4834 5216/1920/4833 5447/1920/5047 5448/1922/5048 
f 5219/1924/4836 5196/1881/4813 5427/1881/5029 5449/1924/5049 
f 5220/1926/4837 5219/1924/4836 5449/1924/5049 5450/1926/5050 
f 5197/1884/4814 5221/1929/4838 5451/1929/5051 5428/1884/5030 
f 5221/1929/4838 5222/1931/4839 5452/1931/5052 5451/1929/5051 
f 5222/1931/4839 5223/1933/4840 5453/1933/5053 5452/1931/5052 
f 5223/1933/4840 5224/1935/4841 5454/1935/5054 5453/1933/5053 
f 5224/1935/4841 5225/1937/4842 5455/1937/5055 5454/1935/5054 
f 5225/1937/4842 5226/1938/4843 5456/1938/5056 5455/1937/5055 
f 5227/1939/4844 5199/1887/4816 5430/1887/5032 5457/1939/5057 
f 5228/1941/4845 5227/1939/4844 5457/1939/5057 5458/1941/2850 
f 5229/1943/4846 5228/1941/4845 5458/1941/2850 5459/1943/5058 
f 5230/1945/4847 5229/1943/4846 5459/1943/5058 5460/1945/5059 
f 5231/1947/4848 5230/1945/4847 5460/1945/5059 5461/1947/5060 
f 5232/1949/4849 5231/1947/4848 5461/1947/5060 5462/1949/5061 
f 5233/1951/4850 5232/1949/4849 5462/1949/5061 5463/1951/5062 
f 5234/1953/4851 5233/1951/4850 5463/1951/5062 5464/1953/5063 
f 5235/1955/4852 5234/1953/4851 5464/1953/5063 5465/1955/5064 
f 5236/1957/4853 5235/1955/4852 5465/1955/5064 5466/1957/5065 
f 5237/1959/4854 5236/1957/4853 5466/1957/5065 5467/1959/5066 
f 5238/1961/4855 5237/1959/4854 5467/1959/5066 5468/1961/5067 
f 5239/1962/4856 5238/1961/4855 5468/1961/5067 5469/1962/5068 
f 5240/1964/4857 5239/1962/4856 5469/1962/5068 5470/1964/5069 
f 5242/1966/4859 5202/1893/4819 5433/1893/3328 5471/1966/5070 
f 5243/1968/4860 5242/1966/4859 5471/1966/5070 5472/1968/5071 
f 5203/1896/4820 5244/1971/4861 5473/1971/5072 5434/1896/5035 
f 5244/1971/4861 5245/1973/4862 5474/1973/5073 5473/1971/5072 
f 5245/1973/4862 5246/1975/4863 5475/1975/5074 5474/1973/5073 
f 5246/1975/4863 5247/1977/4864 5476/1977/5075 5475/1975/5074 
f 5247/1977/4864 5248/1979/4865 5477/1979/5076 5476/1977/5075 
f 5248/1979/4865 5249/1980/4866 5478/1980/5077 5477/1979/5076 
f 5249/1980/4866 5250/1982/4867 5479/1982/5078 5478/1980/5077 
f 5250/1982/4867 5252/1984/4869 5480/1984/5079 5479/1982/5078 
f 5226/1938/4843 5253/1986/4870 5481/1986/5080 5456/1938/5056 
f 5253/1986/4870 5255/1988/4872 5482/1988/5081 5481/1986/5080 
f 5256/1989/4873 5190/1871/4807 5421/1871/5024 5483/1989/5082 
f 5194/1878/4811 5257/1990/4874 5484/1990/5083 5425/1878/5027 
f 5257/1990/4874 5258/1992/4875 5485/1992/5084 5484/1990/5083 
f 5258/1992/4875 5260/1994/4877 5486/1994/5085 5485/1992/5084 
f 5200/1890/4817 5261/1995/4878 5487/1995/5086 5431/1890/5033 
f 5261/1995/4878 5262/1997/4879 5488/1997/5087 5487/1995/5086 
f 5262/1997/4879 5264/1999/4881 5489/1999/5088 5488/1997/5087 
f 5265/2000/4882 5220/1926/4837 5450/1926/5050 5490/2000/5089 
f 5266/2002/4883 5265/2000/4882 5490/2000/5089 5491/2002/5090 
f 5267/2003/4884 5266/2002/4883 5491/2002/5090 5492/2003/5091 
f 5268/2004/4885 5243/1968/4860 5472/1968/5071 5493/2004/5092 
f 5269/2006/4886 5268/2004/4885 5493/2004/5092 5494/2006/5093 
f 5270/2007/4887 5269/2006/4886 5494/2006/5093 5495/2007/5094 
f 5189/1870/4806 5188/1869/4805 5496/1869/5095 5420/1870/5023 
f 5271/2008/4888 5186/1867/4803 5419/1867/4087 5497/2008/5096 
f 5188/1869/4805 5272/2009/4889 5498/2009/5097 5496/1869/5095 
f 5260/1994/4877 5259/1993/4876 5499/1993/5098 5486/1994/5085 
f 5259/1993/4876 5273/2011/4890 5500/2011/5099 5499/1993/5098 
f 5264/1999/4881 5263/1998/4880 5501/1998/5100 5489/1999/5088 
f 5263/1998/4880 5274/2013/4891 5502/2013/5101 5501/1998/5100 
f 5191/1872/4808 5169/1850/4787 5503/1850/5102 5422/1872/3176 
f 5170/1851/4788 5256/1989/4873 5483/1989/5082 5504/1851/5103 
f 5218/1923/4835 5217/1922/4834 5448/1922/5048 5505/1923/5104 
f 5255/1988/4872 5254/1987/4871 5506/1987/5105 5482/1988/5081 
f 5241/1965/4858 5240/1964/4857 5470/1964/5069 5507/1965/5106 
f 5252/1984/4869 5251/1983/4868 5508/1983/5107 5480/1984/5079 
f 5251/1983/4868 5275/2015/4892 5509/2015/5108 5508/1983/5107 
f 5276/2016/4893 5241/1965/4858 5507/1965/5106 5510/2016/5109 
f 5277/2018/4894 5218/1923/4835 5505/1923/5104 5511/2018/5110 
f 5254/1987/4871 5278/2021/4895 5512/2021/5111 5506/1987/5105 
f 5279/2022/4896 5267/2003/4884 5492/2003/5091 5513/2022/5112 
f 5280/2024/4897 5279/2022/4896 5513/2022/5112 5514/2024/5113 
f 5281/2025/4898 5270/2007/4887 5495/2007/5094 5515/2025/5114 
f 5282/2027/4899 5281/2025/4898 5515/2025/5114 5516/2027/5115 
f 5171/1852/4789 5170/1851/4788 5504/1851/5103 5402/1852/5008 
f 5278/2021/4895 5283/2028/4900 5517/2028/5116 5512/2021/5111 
f 5275/2015/4892 5284/2029/4901 5518/2029/5117 5509/2015/5108 
f 5273/2011/4890 5285/2030/4902 5519/2030/5118 5500/2011/5099 
f 5274/2013/4891 5286/2031/4889 5520/2031/5097 5502/2013/5101 
f 5287/2032/4903 5277/2018/4894 5511/2018/5110 5521/2032/5119 
f 5288/2033/4904 5276/2016/4893 5510/2016/5109 5522/2033/5120 
f 5272/2009/4889 5290/2035/4906 5523/2035/5121 5498/2009/5097 
f 5285/2030/4902 5291/2036/4907 5524/2036/5122 5519/2030/5118 
f 5292/2037/4908 5287/2032/4903 5521/2032/5119 5525/2037/5123 
f 5291/2036/4907 5294/2039/4910 5526/2039/5124 5524/2036/5122 
f 5293/2038/4909 5292/2037/4908 5525/2037/5123 5527/2038/5125 
f 5294/2039/4910 5296/2041/4912 5528/2041/5126 5526/2039/5124 
f 5295/2040/4911 5293/2038/4909 5527/2038/5125 5529/2040/5127 
f 5296/2041/4912 5298/2043/4914 5530/2043/5128 5528/2041/5126 
f 5297/2042/4913 5295/2040/4911 5529/2040/5127 5531/2042/5129 
f 5299/2044/4915 5297/2042/4913 5531/2042/5129 5532/2044/5130 
f 5300/2045/4916 5299/2044/4915 5532/2044/5130 5533/2045/5131 
f 5298/2043/4914 5301/2046/4917 5534/2046/5132 5530/2043/5128 
f 5301/2046/4917 5302/2047/4918 5535/2047/5133 5534/2046/5132 
f 5302/2047/4918 5304/2049/4920 5536/2049/5134 5535/2047/5133 
f 5303/2048/4919 5300/2045/4916 5533/2045/5131 5537/2048/5135 
f 5304/2049/4920 5289/2034/4905 5538/2034/5136 5536/2049/5134 
f 5305/2050/4921 5280/2024/4897 5514/2024/5113 5539/2050/5137 
f 5306/2051/4922 5305/2050/4921 5539/2050/5137 5540/2051/5138 
f 5283/2028/4900 5307/2052/4923 5541/2052/5139 5517/2028/5116 
f 5308/2053/4924 5306/2051/4922 5540/2051/5138 5542/2053/5140 
f 5307/2052/4923 5309/2054/4925 5543/2054/5141 5541/2052/5139 
f 5310/2055/4926 5308/2053/4924 5542/2053/5140 5544/2055/5142 
f 5309/2054/4925 5311/2056/4927 5545/2056/5143 5543/2054/5141 
f 5312/2057/4928 5310/2055/4926 5544/2055/5142 5546/2057/5144 
f 5311/2056/4927 5313/2058/4929 5547/2058/5145 5545/2056/5143 
f 5313/2058/4929 5315/2060/4931 5548/2060/5146 5547/2058/5145 
f 5314/2059/4930 5312/2057/4928 5546/2057/5144 5549/2059/5147 
f 5316/2061/4932 5314/2059/4930 5549/2059/5147 5550/2061/5148 
f 5315/2060/4931 5318/2063/4934 5551/2063/5149 5548/2060/5146 
f 5317/2062/4933 5316/2061/4932 5550/2061/5148 5552/2062/5150 
f 5318/2063/4934 5320/2065/4936 5553/2065/5151 5551/2063/5149 
f 5286/2031/4889 5321/2066/4906 5554/2066/5121 5520/2031/5097 
f 5322/2067/4937 5288/2033/4904 5522/2033/5120 5555/2067/5152 
f 5321/2066/4906 5324/2069/4919 5556/2069/5153 5554/2066/5121 
f 5323/2068/4938 5322/2067/4937 5555/2067/5152 5557/2068/5154 
f 5324/2069/4919 5326/2071/4916 5558/2071/5155 5556/2069/5153 
f 5325/2070/4939 5323/2068/4938 5557/2068/5154 5559/2070/5156 
f 5326/2071/4916 5328/2073/4941 5560/2073/5157 5558/2071/5155 
f 5327/2072/4940 5325/2070/4939 5559/2070/5156 5561/2072/5158 
f 5329/2074/4942 5327/2072/4940 5561/2072/5158 5562/2074/5126 
f 5328/2073/4941 5330/2075/4943 5563/2075/5159 5560/2073/5157 
f 5330/2075/4943 5332/2077/4945 5564/2077/5160 5563/2075/5159 
f 5331/2076/4944 5329/2074/4942 5562/2074/5126 5565/2076/5124 
f 5332/2077/4945 5334/2079/4947 5566/2079/5161 5564/2077/5160 
f 5335/2080/4948 5282/2027/4899 5516/2027/5115 5567/2080/5162 
f 5336/2081/4949 5335/2080/4948 5567/2080/5162 5568/2081/5163 
f 5284/2029/4901 5337/2082/4933 5569/2082/5150 5518/2029/5117 
f 5338/2083/4950 5336/2081/4949 5568/2081/5163 5570/2083/5164 
f 5337/2082/4933 5339/2084/4932 5571/2084/5148 5569/2082/5150 
f 5340/2085/4951 5338/2083/4950 5570/2083/5164 5572/2085/5165 
f 5339/2084/4932 5341/2086/4930 5573/2086/5147 5571/2084/5148 
f 5342/2087/4929 5340/2085/4951 5572/2085/5165 5574/2087/5166 
f 5341/2086/4930 5343/2088/4952 5575/2088/5144 5573/2086/5147 
f 5343/2088/4952 5345/2090/4953 5576/2090/5167 5575/2088/5144 
f 5344/2089/4927 5342/2087/4929 5574/2087/5166 5577/2089/5143 
f 5346/2091/4925 5344/2089/4927 5577/2089/5143 5578/2091/5168 
f 5347/2092/4923 5346/2091/4925 5578/2091/5168 5579/2092/5169 
f 5345/2090/4953 5168/1849/4786 5403/1849/5009 5576/2090/5167 
f 5319/2064/4935 5317/2062/4933 5552/2062/5150 5580/2064/5117 
f 5348/2093/4954 5347/2092/4923 5579/2092/5169 5581/2093/5116 
f 5290/2035/4906 5303/2048/4919 5537/2048/5135 5523/2035/5121 
f 5349/2094/4955 5271/2008/4888 5497/2008/5096 5582/2094/5170 
f 5289/2034/4905 5350/2095/4956 5583/2095/5171 5538/2034/5136 
f 5350/2095/4956 5351/2096/4957 5584/2096/5172 5583/2095/5171 
f 5352/2097/4958 5349/2094/4955 5582/2094/5170 5585/2097/5173 
f 5351/2096/4957 5353/2098/4959 5586/2098/5174 5584/2096/5172 
f 5353/2098/4959 5354/2099/4960 5587/2099/5175 5586/2098/5174 
f 5354/2099/4960 5356/2101/4962 5588/2101/4270 5587/2099/5175 
f 5355/2100/4961 5352/2097/4958 5585/2097/5173 5589/2100/5029 
f 5356/2101/4962 5358/2103/4964 5590/2103/5176 5588/2101/4270 
f 5357/2102/4963 5355/2100/4961 5589/2100/5029 5591/2102/5177 
f 5358/2103/4964 5359/2104/4965 5592/2104/5178 5590/2103/5176 
f 5360/2105/4966 5357/2102/4963 5591/2102/5177 5593/2105/5179 
f 5359/2104/4965 5361/2106/4967 5594/2106/5107 5592/2104/5178 
f 5361/2106/4967 5362/2107/4968 5595/2107/5108 5594/2106/5107 
f 5362/2107/4968 5319/2064/4935 5580/2064/5117 5595/2107/5108 
f 5363/2108/4969 5360/2105/4966 5593/2105/5179 5596/2108/5180 
f 5320/2065/4936 5364/2109/4970 5597/2109/5181 5553/2065/5151 
f 5365/2110/4971 5363/2108/4969 5596/2108/5180 5598/2110/3783 
f 5364/2109/4970 5366/2111/4972 5599/2111/5182 5597/2109/5181 
f 5366/2111/4972 5368/2113/4974 5600/2113/5183 5599/2111/5182 
f 5368/2113/4974 5367/2112/4973 5601/2112/5184 5600/2113/5183 
f 5369/2114/4975 5365/2110/4971 5598/2110/3783 5602/2114/5185 
f 5367/2112/4973 5370/2115/4976 5603/2115/5186 5601/2112/5184 
f 5370/2115/4976 5372/2117/4978 5604/2117/5013 5603/2115/5186 
f 5371/2116/4977 5369/2114/4975 5602/2114/5185 5605/2116/5010 
f 5372/2117/4978 5374/2119/4980 5606/2119/5015 5604/2117/5013 
f 5373/2118/4979 5371/2116/4977 5605/2116/5010 5607/2118/5014 
f 5374/2119/4980 5376/2121/4982 5608/2121/1391 5606/2119/5015 
f 5375/2120/4981 5373/2118/4979 5607/2118/5014 5609/2120/2850 
f 5376/2121/4982 5378/2123/4984 5610/2123/5017 5608/2121/1391 
f 5377/2122/4983 5375/2120/4981 5609/2120/2850 5611/2122/5016 
f 5378/2123/4984 5380/2125/4986 5612/2125/5019 5610/2123/5017 
f 5379/2124/4985 5377/2122/4983 5611/2122/5016 5613/2124/5018 
f 5380/2125/4986 5382/2127/4988 5614/2127/5187 5612/2125/5019 
f 5381/2126/4987 5379/2124/4985 5613/2124/5018 5615/2126/5188 
f 5382/2127/4988 5384/2129/4990 5616/2129/5189 5614/2127/5187 
f 5383/2128/4989 5381/2126/4987 5615/2126/5188 5617/2128/3480 
f 5384/2129/4990 5386/2131/4992 5618/2131/5190 5616/2129/5189 
f 5386/2131/4992 5385/2130/4991 5619/2130/5191 5618/2131/5190 
f 5387/2132/4993 5383/2128/4989 5617/2128/3480 5620/2132/5192 
f 5385/2130/4991 5388/2133/4994 5621/2133/5118 5619/2130/5191 
f 5388/2133/4994 5333/2078/4946 5622/2078/5122 5621/2133/5118 
f 5333/2078/4946 5331/2076/4944 5565/2076/5124 5622/2078/5122 
f 5389/2134/4995 5387/2132/4993 5620/2132/5192 5623/2134/5193 
f 5334/2079/4947 5390/2135/4996 5624/2135/5194 5566/2079/5161 
f 5390/2135/4996 5391/2136/4997 5625/2136/5195 5624/2135/5194 
f 5392/2137/4998 5389/2134/4995 5623/2134/5193 5626/2137/5196 
f 5391/2136/4997 5393/2138/4999 5627/2138/5197 5625/2136/5195 
f 5393/2138/4999 5394/2139/5000 5628/2139/5198 5627/2138/5197 
f 5394/2139/5000 5396/2141/5002 5629/2141/5029 5628/2139/5198 
f 5395/2140/5001 5392/2137/4998 5626/2137/5196 5630/2140/4270 
f 5396/2141/5002 5398/2143/5004 5631/2143/5199 5629/2141/5029 
f 5397/2142/5003 5395/2140/5001 5630/2140/4270 5632/2142/5200 
f 5398/2143/5004 5400/2145/5006 5633/2145/5201 5631/2143/5199 
f 5399/2144/5005 5397/2142/5003 5632/2142/5200 5634/2144/5202 
f 5400/2145/5006 5401/2146/5007 5635/2146/5111 5633/2145/5201 
f 5401/2146/5007 5348/2093/4954 5581/2093/5116 5635/2146/5111 
f 5169/1850/4787 5399/2144/5005 5634/2144/5202 5503/1850/5102 
s 1
f 5042/1721/4660 5041/1720/4659 5636/1720/5203 5637/1721/5204 
f 5043/1722/4661 5042/1724/4660 5637/1724/5204 5638/1722/5205 
f 5044/1725/4662 5043/1722/4661 5638/1722/5205 5639/1725/5206 
f 5046/1727/4664 5044/1725/4662 5639/1725/5206 5640/1727/5207 
f 5048/1729/4666 5046/1727/4664 5640/1727/5207 5641/1729/5208 
f 5050/1731/4668 5048/1729/4666 5641/1729/5208 5642/1731/5209 
f 5052/1733/4670 5050/1731/4668 5642/1731/5209 5643/1733/5210 
f 5054/1735/4672 5052/1733/4670 5643/1733/5210 5644/1735/5211 
f 5056/1737/4674 5054/1735/4672 5644/1735/5211 5645/1737/5212 
f 5058/1739/4676 5056/1737/4674 5645/1737/5212 5646/1739/5213 
f 5060/1741/4678 5058/1739/4676 5646/1739/5213 5647/1741/5214 
f 5062/1743/4680 5060/1741/4678 5647/1741/5214 5648/1743/5215 
f 5064/1745/4682 5062/1743/4680 5648/1743/5215 5649/1745/5216 
f 5066/1747/4684 5064/1745/4682 5649/1745/5216 5650/1747/5217 
f 5068/1749/4686 5066/1747/4684 5650/1747/5217 5651/1749/5218 
f 5070/1751/4688 5068/1749/4686 5651/1749/5218 5652/1751/5219 
f 5072/1753/4690 5070/1751/4688 5652/1751/5219 5653/1753/5220 
f 5074/1755/4692 5072/1753/4690 5653/1753/5220 5654/1755/5221 
f 5076/1757/4694 5074/1755/4692 5654/1755/5221 5655/1757/5222 
f 5078/1759/4696 5076/1757/4694 5655/1757/5222 5656/1759/5223 
f 5080/1761/4698 5078/1759/4696 5656/1759/5223 5657/1761/5224 
f 5082/1763/4700 5080/1761/4698 5657/1761/5224 5658/1763/5225 
f 5084/1765/4702 5082/1763/4700 5658/1763/5225 5659/1765/5226 
f 5086/1767/4704 5084/1765/4702 5659/1765/5226 5660/1767/5227 
f 5088/1769/4706 5086/1767/4704 5660/1767/5227 5661/1769/5228 
f 5090/1771/4708 5088/1769/4706 5661/1769/5228 5662/1771/5229 
f 5092/1773/4710 5090/1771/4708 5662/1771/5229 5663/1773/5230 
f 5094/1775/4712 5092/1773/4710 5663/1773/5230 5664/1775/5231 
f 5096/1777/4714 5094/1775/4712 5664/1775/5231 5665/1777/5232 
f 5098/1779/4716 5096/1777/4714 5665/1777/5232 5666/1779/5233 
f 5100/1781/4718 5098/1779/4716 5666/1779/5233 5667/1781/5234 
f 5102/1783/4720 5100/1781/4718 5667/1781/5234 5668/1783/5235 
f 5104/1785/4722 5102/1783/4720 5668/1783/5235 5669/1785/5236 
f 5106/1787/4724 5104/1785/4722 5669/1785/5236 5670/1787/5237 
f 5108/1789/4726 5106/1787/4724 5670/1787/5237 5671/1789/5238 
f 5110/1791/4728 5108/1789/4726 5671/1789/5238 5672/1791/5239 
f 5112/1793/4730 5110/1791/4728 5672/1791/5239 5673/1793/5240 
f 5114/1795/4732 5112/1793/4730 5673/1793/5240 5674/1795/5241 
f 5116/1797/4734 5114/1795/4732 5674/1795/5241 5675/1797/5242 
f 5118/1799/4736 5116/1797/4734 5675/1797/5242 5676/1799/5243 
f 5120/1801/4738 5118/1799/4736 5676/1799/5243 5677/1801/5244 
f 5122/1803/4740 5120/1801/4738 5677/1801/5244 5678/1803/5245 
f 5124/1805/4742 5122/1803/4740 5678/1803/5245 5679/1805/5246 
f 5126/1807/4744 5124/1805/4742 5679/1805/5246 5680/1807/5247 
f 5128/1809/4746 5126/1807/4744 5680/1807/5247 5681/1809/5248 
f 5130/1811/4748 5128/1809/4746 5681/1809/5248 5682/1811/5249 
f 5132/1813/4750 5130/1811/4748 5682/1811/5249 5683/1813/5250 
f 5134/1815/4752 5132/1813/4750 5683/1813/5250 5684/1815/5251 
f 5136/1817/4754 5134/1815/4752 5684/1815/5251 5685/1817/5252 
f 5138/1819/4756 5136/1817/4754 5685/1817/5252 5686/1819/5253 
f 5140/1821/4758 5138/1819/4756 5686/1819/5253 5687/1821/5254 
f 5142/1823/4760 5140/1821/4758 5687/1821/5254 5688/1823/5255 
f 5144/1825/4762 5142/1823/4760 5688/1823/5255 5689/1825/5256 
f 5146/1827/4764 5144/1825/4762 5689/1825/5256 5690/1827/5257 
f 5148/1829/4766 5146/1827/4764 5690/1827/5257 5691/1829/5258 
f 5150/1831/4768 5148/1829/4766 5691/1829/5258 5692/1831/5259 
f 5152/1833/4770 5150/1831/4768 5692/1831/5259 5693/1833/5260 
f 5154/1835/4772 5152/1833/4770 5693/1833/5260 5694/1835/5261 
f 5156/1837/4774 5154/1835/4772 5694/1835/5261 5695/1837/5262 
f 5158/1839/4776 5156/1837/4774 5695/1837/5262 5696/1839/5263 
f 5160/1841/4778 5158/1839/4776 5696/1839/5263 5697/1841/5264 
f 5162/1843/4780 5160/1841/4778 5697/1841/5264 5698/1843/5265 
f 5164/1845/4782 5162/1843/4780 5698/1843/5265 5699/1845/5266 
f 5166/1847/4784 5164/1845/4782 5699/1845/5266 5700/1847/5267 
f 5041/1720/4659 5166/1847/4784 5700/1847/5267 5636/1720/5203 
f 5701/1721/5268 5702/1720/5269 5703/1720/5270 5704/1721/5271 
f 5705/1722/5272 5701/1724/5268 5704/1724/5271 5706/1722/5273 
f 5707/1725/5274 5705/1722/5272 5706/1722/5273 5708/1725/5275 
f 5709/1727/5276 5707/1725/5274 5708/1725/5275 5710/1727/5277 
f 5711/1729/5278 5709/1727/5276 5710/1727/5277 5712/1729/5279 
f 5713/1731/5280 5711/1729/5278 5712/1729/5279 5714/1731/5281 
f 5715/1733/5282 5713/1731/5280 5714/1731/5281 5716/1733/5283 
f 5717/1735/5284 5715/1733/5282 5716/1733/5283 5718/1735/5285 
f 5719/1737/5286 5717/1735/5284 5718/1735/5285 5720/1737/5287 
f 5721/1739/5288 5719/1737/5286 5720/1737/5287 5722/1739/5289 
f 5723/1741/5290 5721/1739/5288 5722/1739/5289 5724/1741/5291 
f 5725/1743/5292 5723/1741/5290 5724/1741/5291 5726/1743/5293 
f 5727/1745/5294 5725/1743/5292 5726/1743/5293 5728/1745/5295 
f 5729/1747/5296 5727/1745/5294 5728/1745/5295 5730/1747/5297 
f 5731/1749/5298 5729/1747/5296 5730/1747/5297 5732/1749/5299 
f 5733/1751/5300 5731/1749/5298 5732/1749/5299 5734/1751/5301 
f 5735/1753/5302 5733/1751/5300 5734/1751/5301 5736/1753/5303 
f 5737/1755/5304 5735/1753/5302 5736/1753/5303 5738/1755/5305 
f 5739/1757/5306 5737/1755/5304 5738/1755/5305 5740/1757/5307 
f 5741/1759/5308 5739/1757/5306 5740/1757/5307 5742/1759/5309 
f 5743/1761/5310 5741/1759/5308 5742/1759/5309 5744/1761/5311 
f 5745/1763/5312 5743/1761/5310 5744/1761/5311 5746/1763/5313 
f 5747/1765/5314 5745/1763/5312 5746/1763/5313 5748/1765/5315 
f 5749/1767/5316 5747/1765/5314 5748/1765/5315 5750/1767/5317 
f 5751/1769/5318 5749/1767/5316 5750/1767/5317 5752/1769/5319 
f 5753/1771/5320 5751/1769/5318 5752/1769/5319 5754/1771/5321 
f 5755/1773/5322 5753/1771/5320 5754/1771/5321 5756/1773/5323 
f 5757/1775/5324 5755/1773/5322 5756/1773/5323 5758/1775/5325 
f 5759/1777/5326 5757/1775/5324 5758/1775/5325 5760/1777/5327 
f 5761/1779/5328 5759/1777/5326 5760/1777/5327 5762/1779/5329 
f 5763/1781/5330 5761/1779/5328 5762/1779/5329 5764/1781/5331 
f 5765/1783/5332 5763/1781/5330 5764/1781/5331 5766/1783/5333 
f 5767/1785/5334 5765/1783/5332 5766/1783/5333 5768/1785/5335 
f 5769/1787/5336 5767/1785/5334 5768/1785/5335 5770/1787/5337 
f 5771/1789/5338 5769/1787/5336 5770/1787/5337 5772/1789/5339 
f 5773/1791/5340 5771/1789/5338 5772/1789/5339 5774/1791/5341 
f 5775/1793/5342 5773/1791/5340 5774/1791/5341 5776/1793/5343 
f 5777/1795/5344 5775/1793/5342 5776/1793/5343 5778/1795/5345 
f 5779/1797/5346 5777/1795/5344 5778/1795/5345 5780/1797/5347 
f 5781/1799/5348 5779/1797/5346 5780/1797/5347 5782/1799/5349 
f 5783/1801/5350 5781/1799/5348 5782/1799/5349 5784/1801/5351 
f 5785/1803/5352 5783/1801/5350 5784/1801/5351 5786/1803/5353 
f 5787/1805/5354 5785/1803/5352 5786/1803/5353 5788/1805/5355 
f 5789/1807/5356 5787/1805/5354 5788/1805/5355 5790/1807/5357 
f 5791/1809/5358 5789/1807/5356 5790/1807/5357 5792/1809/5359 
f 5793/1811/5360 5791/1809/5358 5792/1809/5359 5794/1811/5361 
f 5795/1813/5362 5793/1811/5360 5794/1811/5361 5796/1813/5363 
f 5797/1815/5364 5795/1813/5362 5796/1813/5363 5798/1815/5365 
f 5799/1817/5366 5797/1815/5364 5798/1815/5365 5800/1817/5367 
f 5801/1819/5368 5799/1817/5366 5800/1817/5367 5802/1819/5369 
f 5803/1821/5370 5801/1819/5368 5802/1819/5369 5804/1821/5371 
f 5805/1823/5372 5803/1821/5370 5804/1821/5371 5806/1823/5373 
f 5807/1825/5374 5805/1823/5372 5806/1823/5373 5808/1825/5375 
f 5809/1827/5376 5807/1825/5374 5808/1825/5375 5810/1827/5377 
f 5811/1829/5378 5809/1827/5376 5810/1827/5377 5812/1829/5379 
f 5813/1831/5380 5811/1829/5378 5812/1829/5379 5814/1831/5381 
f 5815/1833/5382 5813/1831/5380 5814/1831/5381 5816/1833/5383 
f 5817/1835/5384 5815/1833/5382 5816/1833/5383 5818/1835/5385 
f 5819/1837/5386 5817/1835/5384 5818/1835/5385 5820/1837/5387 
f 5821/1839/5388 5819/1837/5386 5820/1837/5387 5822/1839/5389 
f 5823/1841/5390 5821/1839/5388 5822/1839/5389 5824/1841/5391 
f 5825/1843/5392 5823/1841/5390 5824/1841/5391 5826/1843/5393 
f 5827/1845/5394 5825/1843/5392 5826/1843/5393 5828/1845/5395 
f 5829/1847/5396 5827/1845/5394 5828/1845/5395 5830/1847/5397 
f 5702/1720/5269 5829/1847/5396 5830/1847/5397 5703/1720/5270 
f 5831/1720/5398 5832/1720/5399 5833/1721/5400 5834/1721/5401 
f 5834/1724/5401 5833/1724/5400 5835/1722/5402 5836/1722/5403 
f 5836/1722/5403 5835/1722/5402 5837/1725/5404 5838/1725/5405 
f 5838/1725/5405 5837/1725/5404 5839/1727/5406 5840/1727/5407 
f 5840/1727/5407 5839/1727/5406 5841/1729/5408 5842/1729/5409 
f 5842/1729/5409 5841/1729/5408 5843/1731/5410 5844/1731/5411 
f 5844/1731/5411 5843/1731/5410 5845/1733/5412 5846/1733/5413 
f 5846/1733/5413 5845/1733/5412 5847/1735/5414 5848/1735/5415 
f 5848/1735/5415 5847/1735/5414 5849/1737/5416 5850/1737/5417 
f 5850/1737/5417 5849/1737/5416 5851/1739/5418 5852/1739/5419 
f 5852/1739/5419 5851/1739/5418 5853/1741/5420 5854/1741/5421 
f 5854/1741/5421 5853/1741/5420 5855/1743/5422 5856/1743/5423 
f 5856/1743/5423 5855/1743/5422 5857/1745/5424 5858/1745/5425 
f 5858/1745/5425 5857/1745/5424 5859/1747/5426 5860/1747/5427 
f 5860/1747/5427 5859/1747/5426 5861/1749/5428 5862/1749/5429 
f 5862/1749/5429 5861/1749/5428 5863/1751/5430 5864/1751/5431 
f 5864/1751/5431 5863/1751/5430 5865/1753/5432 5866/1753/5433 
f 5866/1753/5433 5865/1753/5432 5867/1755/5434 5868/1755/5435 
f 5868/1755/5435 5867/1755/5434 5869/1757/5436 5870/1757/5437 
f 5870/1757/5437 5869/1757/5436 5871/1759/5438 5872/1759/5439 
f 5872/1759/5439 5871/1759/5438 5873/1761/5440 5874/1761/5441 
f 5874/1761/5441 5873/1761/5440 5875/1763/5442 5876/1763/5443 
f 5876/1763/5443 5875/1763/5442 5877/1765/5444 5878/1765/5445 
f 5878/1765/5445 5877/1765/5444 5879/1767/5446 5880/1767/5447 
f 5880/1767/5447 5879/1767/5446 5881/1769/5448 5882/1769/5449 
f 5882/1769/5449 5881/1769/5448 5883/1771/5450 5884/1771/5451 
f 5884/1771/5451 5883/1771/5450 5885/1773/5452 5886/1773/5453 
f 5886/1773/5453 5885/1773/5452 5887/1775/5454 5888/1775/5455 
f 5888/1775/5455 5887/1775/5454 5889/1777/5456 5890/1777/5457 
f 5890/1777/5457 5889/1777/5456 5891/1779/5458 5892/1779/5459 
f 5892/1779/5459 5891/1779/5458 5893/1781/5460 5894/1781/5461 
f 5894/1781/5461 5893/1781/5460 5895/1783/5462 5896/1783/5463 
f 5896/1783/5463 5895/1783/5462 5897/1785/5464 5898/1785/5465 
f 5898/1785/5465 5897/1785/5464 5899/1787/5466 5900/1787/5467 
f 5900/1787/5467 5899/1787/5466 5901/1789/5468 5902/1789/5469 
f 5902/1789/5469 5901/1789/5468 5903/1791/5470 5904/1791/5471 
f 5904/1791/5471 5903/1791/5470 5905/1793/5472 5906/1793/5473 
f 5906/1793/5473 5905/1793/5472 5907/1795/5474 5908/1795/5475 
f 5908/1795/5475 5907/1795/5474 5909/1797/5476 5910/1797/5477 
f 5910/1797/5477 5909/1797/5476 5911/1799/5478 5912/1799/5479 
f 5912/1799/5479 5911/1799/5478 5913/1801/5480 5914/1801/5481 
f 5914/1801/5481 5913/1801/5480 5915/1803/5482 5916/1803/5483 
f 5916/1803/5483 5915/1803/5482 5917/1805/5484 5918/1805/5485 
f 5918/1805/5485 5917/1805/5484 5919/1807/5486 5920/1807/5487 
f 5920/1807/5487 5919/1807/5486 5921/1809/5488 5922/1809/5489 
f 5922/1809/5489 5921/1809/5488 5923/1811/5490 5924/1811/5491 
f 5924/1811/5491 5923/1811/5490 5925/1813/5492 5926/1813/5493 
f 5926/1813/5493 5925/1813/5492 5927/1815/5494 5928/1815/5495 
f 5928/1815/5495 5927/1815/5494 5929/1817/5496 5930/1817/5497 
f 5930/1817/5497 5929/1817/5496 5931/1819/5498 5932/1819/5499 
f 5932/1819/5499 5931/1819/5498 5933/1821/5500 5934/1821/5501 
f 5934/1821/5501 5933/1821/5500 5935/1823/5502 5936/1823/5503 
f 5936/1823/5503 5935/1823/5502 5937/1825/5504 5938/1825/5505 
f 5938/1825/5505 5937/1825/5504 5939/1827/5506 5940/1827/5507 
f 5940/1827/5507 5939/1827/5506 5941/1829/5508 5942/1829/5509 
f 5942/1829/5509 5941/1829/5508 5943/1831/5510 5944/1831/5511 
f 5944/1831/5511 5943/1831/5510 5945/1833/5512 5946/1833/5513 
f 5946/1833/5513 5945/1833/5512 5947/1835/5514 5948/1835/5515 
f 5948/1835/5515 5947/1835/5514 5949/1837/5516 5950/1837/5517 
f 5950/1837/5517 5949/1837/5516 5951/1839/5518 5952/1839/5519 
f 5952/1839/5519 5951/1839/5518 5953/1841/5520 5954/1841/5521 
f 5954/1841/5521 5953/1841/5520 5955/1843/5522 5956/1843/5523 
f 5956/1843/5523 5955/1843/5522 5957/1845/5524 5958/1845/5525 
f 5958/1845/5525 5957/1845/5524 5959/1847/5526 5960/1847/5527 
f 5960/1847/5527 5959/1847/5526 5832/1720/5399 5831/1720/5398 
f 5636/1720/5203 5831/1720/5398 5834/1721/5401 5637/1721/5204 
f 5637/1724/5204 5834/1724/5401 5836/1722/5403 5638/1722/5205 
f 5638/1722/5205 5836/1722/5403 5838/1725/5405 5639/1725/5206 
f 5639/1725/5206 5838/1725/5405 5840/1727/5407 5640/1727/5207 
f 5640/1727/5207 5840/1727/5407 5842/1729/5409 5641/1729/5208 
f 5641/1729/5208 5842/1729/5409 5844/1731/5411 5642/1731/5209 
f 5642/1731/5209 5844/1731/5411 5846/1733/5413 5643/1733/5210 
f 5643/1733/5210 5846/1733/5413 5848/1735/5415 5644/1735/5211 
f 5644/1735/5211 5848/1735/5415 5850/1737/5417 5645/1737/5212 
f 5645/1737/5212 5850/1737/5417 5852/1739/5419 5646/1739/5213 
f 5646/1739/5213 5852/1739/5419 5854/1741/5421 5647/1741/5214 
f 5647/1741/5214 5854/1741/5421 5856/1743/5423 5648/1743/5215 
f 5648/1743/5215 5856/1743/5423 5858/1745/5425 5649/1745/5216 
f 5649/1745/5216 5858/1745/5425 5860/1747/5427 5650/1747/5217 
f 5650/1747/5217 5860/1747/5427 5862/1749/5429 5651/1749/5218 
f 5651/1749/5218 5862/1749/5429 5864/1751/5431 5652/1751/5219 
f 5652/1751/5219 5864/1751/5431 5866/1753/5433 5653/1753/5220 
f 5653/1753/5220 5866/1753/5433 5868/1755/5435 5654/1755/5221 
f 5654/1755/5221 5868/1755/5435 5870/1757/5437 5655/1757/5222 
f 5655/1757/5222 5870/1757/5437 5872/1759/5439 5656/1759/5223 
f 5656/1759/5223 5872/1759/5439 5874/1761/5441 5657/1761/5224 
f 5657/1761/5224 5874/1761/5441 5876/1763/5443 5658/1763/5225 
f 5658/1763/5225 5876/1763/5443 5878/1765/5445 5659/1765/5226 
f 5659/1765/5226 5878/1765/5445 5880/1767/5447 5660/1767/5227 
f 5660/1767/5227 5880/1767/5447 5882/1769/5449 5661/1769/5228 
f 5661/1769/5228 5882/1769/5449 5884/1771/5451 5662/1771/5229 
f 5662/1771/5229 5884/1771/5451 5886/1773/5453 5663/1773/5230 
f 5663/1773/5230 5886/1773/5453 5888/1775/5455 5664/1775/5231 
f 5664/1775/5231 5888/1775/5455 5890/1777/5457 5665/1777/5232 
f 5665/1777/5232 5890/1777/5457 5892/1779/5459 5666/1779/5233 
f 5666/1779/5233 5892/1779/5459 5894/1781/5461 5667/1781/5234 
f 5667/1781/5234 5894/1781/5461 5896/1783/5463 5668/1783/5235 
f 5668/1783/5235 5896/1783/5463 5898/1785/5465 5669/1785/5236 
f 5669/1785/5236 5898/1785/5465 5900/1787/5467 5670/1787/5237 
f 5670/1787/5237 5900/1787/5467 5902/1789/5469 5671/1789/5238 
f 5671/1789/5238 5902/1789/5469 5904/1791/5471 5672/1791/5239 
f 5672/1791/5239 5904/1791/5471 5906/1793/5473 5673/1793/5240 
f 5673/1793/5240 5906/1793/5473 5908/1795/5475 5674/1795/5241 
f 5674/1795/5241 5908/1795/5475 5910/1797/5477 5675/1797/5242 
f 5675/1797/5242 5910/1797/5477 5912/1799/5479 5676/1799/5243 
f 5676/1799/5243 5912/1799/5479 5914/1801/5481 5677/1801/5244 
f 5677/1801/5244 5914/1801/5481 5916/1803/5483 5678/1803/5245 
f 5678/1803/5245 5916/1803/5483 5918/1805/5485 5679/1805/5246 
f 5679/1805/5246 5918/1805/5485 5920/1807/5487 5680/1807/5247 
f 5680/1807/5247 5920/1807/5487 5922/1809/5489 5681/1809/5248 
f 5681/1809/5248 5922/1809/5489 5924/1811/5491 5682/1811/5249 
f 5682/1811/5249 5924/1811/5491 5926/1813/5493 5683/1813/5250 
f 5683/1813/5250 5926/1813/5493 5928/1815/5495 5684/1815/5251 
f 5684/1815/5251 5928/1815/5495 5930/1817/5497 5685/1817/5252 
f 5685/1817/5252 5930/1817/5497 5932/1819/5499 5686/1819/5253 
f 5686/1819/5253 5932/1819/5499 5934/1821/5501 5687/1821/5254 
f 5687/1821/5254 5934/1821/5501 5936/1823/5503 5688/1823/5255 
f 5688/1823/5255 5936/1823/5503 5938/1825/5505 5689/1825/5256 
f 5689/1825/5256 5938/1825/5505 5940/1827/5507 5690/1827/5257 
f 5690/1827/5257 5940/1827/5507 5942/1829/5509 5691/1829/5258 
f 5691/1829/5258 5942/1829/5509 5944/1831/5511 5692/1831/5259 
f 5692/1831/5259 5944/1831/5511 5946/1833/5513 5693/1833/5260 
f 5693/1833/5260 5946/1833/5513 5948/1835/5515 5694/1835/5261 
f 5694/1835/5261 5948/1835/5515 5950/1837/5517 5695/1837/5262 
f 5695/1837/5262 5950/1837/5517 5952/1839/5519 5696/1839/5263 
f 5696/1839/5263 5952/1839/5519 5954/1841/5521 5697/1841/5264 
f 5697/1841/5264 5954/1841/5521 5956/1843/5523 5698/1843/5265 
f 5698/1843/5265 5956/1843/5523 5958/1845/5525 5699/1845/5266 
f 5699/1845/5266 5958/1845/5525 5960/1847/5527 5700/1847/5267 
f 5700/1847/5267 5960/1847/5527 5831/1720/5398 5636/1720/5203 
f 5832/1720/5399 5702/1720/5269 5701/1721/5268 5833/1721/5400 
f 5833/1724/5400 5701/1724/5268 5705/1722/5272 5835/1722/5402 
f 5835/1722/5402 5705/1722/5272 5707/1725/5274 5837/1725/5404 
f 5837/1725/5404 5707/1725/5274 5709/1727/5276 5839/1727/5406 
f 5839/1727/5406 5709/1727/5276 5711/1729/5278 5841/1729/5408 
f 5841/1729/5408 5711/1729/5278 5713/1731/5280 5843/1731/5410 
f 5843/1731/5410 5713/1731/5280 5715/1733/5282 5845/1733/5412 
f 5845/1733/5412 5715/1733/5282 5717/1735/5284 5847/1735/5414 
f 5847/1735/5414 5717/1735/5284 5719/1737/5286 5849/1737/5416 
f 5849/1737/5416 5719/1737/5286 5721/1739/5288 5851/1739/5418 
f 5851/1739/5418 5721/1739/5288 5723/1741/5290 5853/1741/5420 
f 5853/1741/5420 5723/1741/5290 5725/1743/5292 5855/1743/5422 
f 5855/1743/5422 5725/1743/5292 5727/1745/5294 5857/1745/5424 
f 5857/1745/5424 5727/1745/5294 5729/1747/5296 5859/1747/5426 
f 5859/1747/5426 5729/1747/5296 5731/1749/5298 5861/1749/5428 
f 5861/1749/5428 5731/1749/5298 5733/1751/5300 5863/1751/5430 
f 5863/1751/5430 5733/1751/5300 5735/1753/5302 5865/1753/5432 
f 5865/1753/5432 5735/1753/5302 5737/1755/5304 5867/1755/5434 
f 5867/1755/5434 5737/1755/5304 5739/1757/5306 5869/1757/5436 
f 5869/1757/5436 5739/1757/5306 5741/1759/5308 5871/1759/5438 
f 5871/1759/5438 5741/1759/5308 5743/1761/5310 5873/1761/5440 
f 5873/1761/5440 5743/1761/5310 5745/1763/5312 5875/1763/5442 
f 5875/1763/5442 5745/1763/5312 5747/1765/5314 5877/1765/5444 
f 5877/1765/5444 5747/1765/5314 5749/1767/5316 5879/1767/5446 
f 5879/1767/5446 5749/1767/5316 5751/1769/5318 5881/1769/5448 
f 5881/1769/5448 5751/1769/5318 5753/1771/5320 5883/1771/5450 
f 5883/1771/5450 5753/1771/5320 5755/1773/5322 5885/1773/5452 
f 5885/1773/5452 5755/1773/5322 5757/1775/5324 5887/1775/5454 
f 5887/1775/5454 5757/1775/5324 5759/1777/5326 5889/1777/5456 
f 5889/1777/5456 5759/1777/5326 5761/1779/5328 5891/1779/5458 
f 5891/1779/5458 5761/1779/5328 5763/1781/5330 5893/1781/5460 
f 5893/1781/5460 5763/1781/5330 5765/1783/5332 5895/1783/5462 
f 5895/1783/5462 5765/1783/5332 5767/1785/5334 5897/1785/5464 
f 5897/1785/5464 5767/1785/5334 5769/1787/5336 5899/1787/5466 
f 5899/1787/5466 5769/1787/5336 5771/1789/5338 5901/1789/5468 
f 5901/1789/5468 5771/1789/5338 5773/1791/5340 5903/1791/5470 
f 5903/1791/5470 5773/1791/5340 5775/1793/5342 5905/1793/5472 
f 5905/1793/5472 5775/1793/5342 5777/1795/5344 5907/1795/5474 
f 5907/1795/5474 5777/1795/5344 5779/1797/5346 5909/1797/5476 
f 5909/1797/5476 5779/1797/5346 5781/1799/5348 5911/1799/5478 
f 5911/1799/5478 5781/1799/5348 5783/1801/5350 5913/1801/5480 
f 5913/1801/5480 5783/1801/5350 5785/1803/5352 5915/1803/5482 
f 5915/1803/5482 5785/1803/5352 5787/1805/5354 5917/1805/5484 
f 5917/1805/5484 5787/1805/5354 5789/1807/5356 5919/1807/5486 
f 5919/1807/5486 5789/1807/5356 5791/1809/5358 5921/1809/5488 
f 5921/1809/5488 5791/1809/5358 5793/1811/5360 5923/1811/5490 
f 5923/1811/5490 5793/1811/5360 5795/1813/5362 5925/1813/5492 
f 5925/1813/5492 5795/1813/5362 5797/1815/5364 5927/1815/5494 
f 5927/1815/5494 5797/1815/5364 5799/1817/5366 5929/1817/5496 
f 5929/1817/5496 5799/1817/5366 5801/1819/5368 5931/1819/5498 
f 5931/1819/5498 5801/1819/5368 5803/1821/5370 5933/1821/5500 
f 5933/1821/5500 5803/1821/5370 5805/1823/5372 5935/1823/5502 
f 5935/1823/5502 5805/1823/5372 5807/1825/5374 5937/1825/5504 
f 5937/1825/5504 5807/1825/5374 5809/1827/5376 5939/1827/5506 
f 5939/1827/5506 5809/1827/5376 5811/1829/5378 5941/1829/5508 
f 5941/1829/5508 5811/1829/5378 5813/1831/5380 5943/1831/5510 
f 5943/1831/5510 5813/1831/5380 5815/1833/5382 5945/1833/5512 
f 5945/1833/5512 5815/1833/5382 5817/1835/5384 5947/1835/5514 
f 5947/1835/5514 5817/1835/5384 5819/1837/5386 5949/1837/5516 
f 5949/1837/5516 5819/1837/5386 5821/1839/5388 5951/1839/5518 
f 5951/1839/5518 5821/1839/5388 5823/1841/5390 5953/1841/5520 
f 5953/1841/5520 5823/1841/5390 5825/1843/5392 5955/1843/5522 
f 5955/1843/5522 5825/1843/5392 5827/1845/5394 5957/1845/5524 
f 5957/1845/5524 5827/1845/5394 5829/1847/5396 5959/1847/5526 
f 5959/1847/5526 5829/1847/5396 5702/1720/5269 5832/1720/5399 
f 522/76/498 5023/1717/4641 523/48/499 
f 523/48/499 5023/2147/4641 161/240/152 
f 5961/28/5528 5962/2148/5529 5963/2149/5530 5964/18/5531 
s 2
f 5965/48/5532 5966/2150/5533 5967/2151/5534 5963/2149/5530 
s 1
f 5968/28/5535 5969/2148/5536 5970/2149/5537 5971/18/5538 
s 2
f 5972/48/5539 5973/2150/5540 5974/2151/5541 5970/2149/5537 
f 5975/5/5542 5962/2148/5529 5976/2148/5543 5977/5/5544 
f 5977/5/5544 5976/2148/5543 5978/2148/5545 5979/5/5546 
f 5979/5/5546 5980/2148/5547 5981/2148/5548 5982/5/5549 
f 5982/5/5549 5981/2148/5548 5983/2148/5550 5984/5/5551 
f 5984/5/5551 5983/2148/5550 5985/2148/5552 5986/5/5553 
f 5986/5/5553 5985/2148/5552 5987/2148/5554 5988/5/5555 
f 5988/5/5555 5989/2148/5556 5990/2148/5557 5991/5/5558 
f 5991/5/5558 5990/2148/5557 5992/2148/5559 5993/5/5560 
s 1
f 5968/28/5535 5994/28/5561 5967/2148/5534 5969/2148/5536 
s 2
f 5979/5/5546 5978/2148/5545 5980/2148/5547 
f 5988/5/5555 5987/2148/5554 5989/2148/5556 
f 5962/2148/5529 5975/5/5542 5965/48/5532 5963/2149/5530 
s 1
f 5967/2151/5534 5994/2152/5561 5964/18/5531 5963/2149/5530 
s 2
f 5969/2148/5536 5966/5/5533 5972/48/5539 5970/2149/5537 
s 1
f 5974/2151/5541 5995/2152/5562 5971/18/5538 5970/2149/5537 
f 5962/2148/5529 5961/28/5528 5996/28/5563 5976/2148/5543 
f 5976/2148/5543 5996/28/5563 5997/28/5564 5978/2148/5545 
f 5980/2148/5547 5998/28/5565 5999/28/5566 5981/2148/5548 
f 5981/2148/5548 5999/28/5566 6000/28/5567 5983/2148/5550 
f 5983/2148/5550 6000/28/5567 6001/28/5568 5985/2148/5552 
f 5985/2148/5552 6001/28/5568 6002/28/5569 5987/2148/5554 
f 5989/2148/5556 6003/28/5570 6004/28/5571 5990/2148/5557 
f 5990/2148/5557 6004/28/5571 6005/28/5572 5992/2148/5559 
s 2
f 5967/2148/5534 5966/5/5533 5969/2148/5536 
s 1
f 5978/2148/5545 5997/28/5564 5998/28/5565 5980/2148/5547 
f 5987/2148/5554 6002/28/5569 6003/28/5570 5989/2148/5556 
f 5964/18/5531 5994/2152/5561 6006/2152/5573 6007/18/5574 
f 5961/28/5528 5964/18/5531 6007/18/5574 6008/28/5575 
f 5971/18/5538 5995/2152/5562 6009/2152/5576 6010/18/5577 
f 5968/28/5535 5971/18/5538 6010/18/5577 6011/28/5578 
f 5996/28/5563 5961/28/5528 6008/28/5575 6012/28/5579 
f 5997/28/5564 5996/28/5563 6012/28/5579 6013/28/5580 
f 5998/28/5565 5997/28/5564 6013/28/5580 6014/28/5581 
f 6000/28/5567 5999/28/5566 6015/28/5582 6016/28/5583 
f 6001/28/5568 6000/28/5567 6016/28/5583 6017/28/5584 
f 6002/28/5569 6001/28/5568 6017/28/5584 6018/28/5585 
f 6003/28/5570 6002/28/5569 6018/28/5585 6019/28/5586 
f 5994/28/5561 5968/28/5535 6011/28/5578 6006/28/5573 
f 5999/28/5566 5998/28/5565 6014/28/5581 6015/28/5582 
f 6004/28/5571 6003/28/5570 6019/28/5586 6020/28/5587 
s 2
f 5973/2150/5540 5972/48/5539 6021/48/5588 6022/2153/5589 
f 5975/5/5542 6023/2154/5590 6024/2155/5591 5965/48/5532 
f 6025/28/126 6026/28/5592 6027/28/5593 
f 5988/5/5555 5991/5/5558 6028/2154/5594 6029/2154/5595 
f 5986/5/5553 5988/5/5555 6029/2154/5595 6030/2154/5596 
f 5984/5/5551 5986/5/5553 6030/2154/5596 6031/2154/5597 
f 5982/5/5549 5984/5/5551 6031/2154/5597 
f 5979/5/5546 5982/5/5549 6031/2154/5597 6032/2154/5598 
f 5975/5/5542 5977/5/5544 6033/2154/5599 6023/2154/5590 
f 5977/5/5544 5979/5/5546 6032/2154/5598 6033/2154/5599 
f 6025/28/126 6034/2156/5600 6035/2157/5601 
f 6025/28/126 6036/2157/5602 6034/2156/5600 
f 6036/48/5602 6025/48/126 6037/2158/5603 
f 6038/2156/5604 6025/28/126 6035/2157/5601 
f 6026/28/5592 6028/28/5594 6039/28/5605 6027/28/5593 
f 6026/2156/5592 6025/28/126 6040/2156/5606 
f 6040/2156/5606 6025/28/126 6041/2156/5607 
f 6041/2156/5607 6025/28/126 6042/2156/5608 
f 6042/2156/5608 6025/28/126 6043/2156/5609 
f 6044/2156/5610 6025/28/126 6038/2156/5604 
f 6043/2156/5609 6025/28/126 6044/2156/5610 
f 6034/2156/5600 6045/2154/5611 6024/2155/5591 6035/2157/5601 
f 6036/2157/5602 6021/2155/5588 6045/2154/5611 6034/2156/5600 
f 6021/48/5588 6036/48/5602 6037/2158/5603 6022/2153/5589 
f 6023/2154/5590 6038/2156/5604 6035/2157/5601 6024/2155/5591 
f 6028/2154/5594 6026/2156/5592 6040/2156/5606 6029/2154/5595 
f 6029/2154/5595 6040/2156/5606 6041/2156/5607 6030/2154/5596 
f 6030/2154/5596 6041/2156/5607 6042/2156/5608 6031/2154/5597 
f 6031/2154/5597 6042/2156/5608 6043/2156/5609 6032/2154/5598 
f 6033/2154/5599 6044/2156/5610 6038/2156/5604 6023/2154/5590 
f 6032/2154/5598 6043/2156/5609 6044/2156/5610 6033/2154/5599 
f 6028/28/5594 5991/28/5558 5993/28/5560 6039/28/5605 
f 6045/2154/5611 5966/5/5533 5965/48/5532 6024/2155/5591 
f 6021/2155/5588 5972/48/5539 5966/5/5533 6045/2154/5611 
s 1
f 6046/28/5612 6047/18/5613 6048/2149/5614 6049/2148/5615 
s 2
f 6050/48/5616 6048/2149/5614 6051/2151/5617 6052/2150/5618 
s 1
f 6053/28/5619 6054/18/5620 6055/2149/5621 6056/2148/5622 
s 2
f 6057/48/5623 6055/2149/5621 5974/2151/5541 5973/2150/5540 
f 6058/5/5624 6059/5/5625 6060/2148/5626 6049/2148/5615 
f 6059/5/5625 6061/5/5627 6062/2148/5628 6060/2148/5626 
f 6061/5/5627 6063/5/5629 6064/2148/5630 6065/2148/5631 
f 6063/5/5629 6066/5/5632 6067/2148/5633 6064/2148/5630 
f 6066/5/5632 6068/5/5634 6069/2148/5635 6067/2148/5633 
f 6068/5/5634 6070/5/5636 6071/2148/5637 6069/2148/5635 
f 6070/5/5636 6072/5/5638 6073/2148/5639 6074/2148/5640 
f 6072/5/5638 6075/5/5641 6076/2148/5642 6073/2148/5639 
s 1
f 6053/28/5619 6056/2148/5622 6051/2148/5617 6077/28/5643 
s 2
f 6061/5/5627 6065/2148/5631 6062/2148/5628 
f 6070/5/5636 6074/2148/5640 6071/2148/5637 
f 6049/2148/5615 6048/2149/5614 6050/48/5616 6058/5/5624 
s 1
f 6051/2151/5617 6048/2149/5614 6047/18/5613 6077/2152/5643 
s 2
f 6056/2148/5622 6055/2149/5621 6057/48/5623 6052/5/5618 
s 1
f 5974/2151/5541 6055/2149/5621 6054/18/5620 5995/2152/5562 
f 6049/2148/5615 6060/2148/5626 6078/28/5644 6046/28/5612 
f 6060/2148/5626 6062/2148/5628 6079/28/5645 6078/28/5644 
f 6065/2148/5631 6064/2148/5630 6080/28/5646 6081/28/5647 
f 6064/2148/5630 6067/2148/5633 6082/28/5648 6080/28/5646 
f 6067/2148/5633 6069/2148/5635 6083/28/5649 6082/28/5648 
f 6069/2148/5635 6071/2148/5637 6084/28/5650 6083/28/5649 
f 6074/2148/5640 6073/2148/5639 6085/28/5651 6086/28/5652 
f 6073/2148/5639 6076/2148/5642 6087/28/5653 6085/28/5651 
s 2
f 6051/2148/5617 6056/2148/5622 6052/5/5618 
s 1
f 6062/2148/5628 6065/2148/5631 6081/28/5647 6079/28/5645 
f 6071/2148/5637 6074/2148/5640 6086/28/5652 6084/28/5650 
f 6047/18/5613 6088/18/5654 6089/2152/5655 6077/2152/5643 
f 6046/28/5612 6090/28/5656 6088/18/5654 6047/18/5613 
f 6054/18/5620 6091/18/5657 6009/2152/5576 5995/2152/5562 
f 6053/28/5619 6092/28/5658 6091/18/5657 6054/18/5620 
f 6078/28/5644 6093/28/5659 6090/28/5656 6046/28/5612 
f 6079/28/5645 6094/28/5660 6093/28/5659 6078/28/5644 
f 6081/28/5647 6095/28/5661 6094/28/5660 6079/28/5645 
f 6082/28/5648 6096/28/5662 6097/28/5663 6080/28/5646 
f 6083/28/5649 6098/28/5664 6096/28/5662 6082/28/5648 
f 6084/28/5650 6099/28/5665 6098/28/5664 6083/28/5649 
f 6086/28/5652 6100/28/5666 6099/28/5665 6084/28/5650 
f 6077/28/5643 6089/28/5655 6092/28/5658 6053/28/5619 
f 6080/28/5646 6097/28/5663 6095/28/5661 6081/28/5647 
f 6085/28/5651 6101/28/5667 6100/28/5666 6086/28/5652 
s 2
f 5973/2150/5540 6022/2153/5589 6102/48/5668 6057/48/5623 
f 6058/5/5624 6050/48/5616 6103/2155/5669 6104/2154/5670 
f 6025/28/126 6105/28/5671 6106/28/5672 
f 6070/5/5636 6107/2154/5673 6108/2154/5674 6072/5/5638 
f 6068/5/5634 6109/2154/5675 6107/2154/5673 6070/5/5636 
f 6066/5/5632 6110/2154/5676 6109/2154/5675 6068/5/5634 
f 6063/5/5629 6110/2154/5676 6066/5/5632 
f 6061/5/5627 6111/2154/5677 6110/2154/5676 6063/5/5629 
f 6058/5/5624 6104/2154/5670 6112/2154/5678 6059/5/5625 
f 6059/5/5625 6112/2154/5678 6111/2154/5677 6061/5/5627 
f 6025/28/126 6113/2157/5679 6114/2156/5680 
f 6025/28/126 6114/2156/5680 6115/2157/5681 
f 6115/48/5681 6037/2158/5603 6025/48/126 
f 6116/2156/5682 6113/2157/5679 6025/28/126 
f 6106/28/5672 6105/28/5671 6117/28/5683 6108/28/5674 
f 6106/2156/5672 6118/2156/5684 6025/28/126 
f 6118/2156/5684 6119/2156/5685 6025/28/126 
f 6119/2156/5685 6120/2156/5686 6025/28/126 
f 6120/2156/5686 6121/2156/5687 6025/28/126 
f 6122/2156/5688 6116/2156/5682 6025/28/126 
f 6121/2156/5687 6122/2156/5688 6025/28/126 
f 6114/2156/5680 6113/2157/5679 6103/2155/5669 6123/2154/5689 
f 6115/2157/5681 6114/2156/5680 6123/2154/5689 6102/2155/5668 
f 6102/48/5668 6022/2153/5589 6037/2158/5603 6115/48/5681 
f 6104/2154/5670 6103/2155/5669 6113/2157/5679 6116/2156/5682 
f 6108/2154/5674 6107/2154/5673 6118/2156/5684 6106/2156/5672 
f 6107/2154/5673 6109/2154/5675 6119/2156/5685 6118/2156/5684 
f 6109/2154/5675 6110/2154/5676 6120/2156/5686 6119/2156/5685 
f 6110/2154/5676 6111/2154/5677 6121/2156/5687 6120/2156/5686 
f 6112/2154/5678 6104/2154/5670 6116/2156/5682 6122/2156/5688 
f 6111/2154/5677 6112/2154/5678 6122/2156/5688 6121/2156/5687 
f 6108/28/5674 6117/28/5683 6075/28/5641 6072/28/5638 
f 6123/2154/5689 6103/2155/5669 6050/48/5616 6052/5/5618 
f 6102/2155/5668 6123/2154/5689 6052/5/5618 6057/48/5623 
s 1
f 6005/28/5572 6004/28/5571 6020/28/5587 6124/28/5690 
f 6125/28/5691 6101/28/5667 6085/28/5651 6087/28/5653 
f 6126/28/5692 6127/18/5693 6128/2149/5694 6129/2148/5695 
s 2
f 6130/48/5696 6128/2149/5694 6131/2151/5697 6132/2150/5698 
s 1
f 6133/28/5699 6134/18/5700 6135/2149/5701 6136/2148/5702 
s 2
f 6137/48/5703 6135/2149/5701 6138/2151/5704 6139/2150/5705 
f 6140/5/5706 6141/5/5707 6142/2148/5708 6129/2148/5695 
f 6141/5/5707 6143/5/5709 6144/2148/5710 6142/2148/5708 
f 6143/5/5709 6145/5/5711 6146/2148/5712 6147/2148/5713 
f 6145/5/5711 6148/5/5714 6149/2148/5715 6146/2148/5712 
f 6148/5/5714 6150/5/5716 6151/2148/5717 6149/2148/5715 
f 6150/5/5716 6152/5/5718 6153/2148/5719 6151/2148/5717 
f 6152/5/5718 6154/5/5720 6155/2148/5721 6156/2148/5722 
f 6154/5/5720 5993/5/5560 5992/2148/5559 6155/2148/5721 
s 1
f 6133/28/5699 6136/2148/5702 6131/2148/5697 6157/28/5723 
s 2
f 6143/5/5709 6147/2148/5713 6144/2148/5710 
f 6152/5/5718 6156/2148/5722 6153/2148/5719 
f 6129/2148/5695 6128/2149/5694 6130/48/5696 6140/5/5706 
s 1
f 6131/2151/5697 6128/2149/5694 6127/18/5693 6157/2152/5723 
s 2
f 6136/2148/5702 6135/2149/5701 6137/48/5703 6132/5/5698 
s 1
f 6138/2151/5704 6135/2149/5701 6134/18/5700 6158/2152/5724 
f 6129/2148/5695 6142/2148/5708 6159/28/5725 6126/28/5692 
f 6142/2148/5708 6144/2148/5710 6160/28/5726 6159/28/5725 
f 6147/2148/5713 6146/2148/5712 6161/28/5727 6162/28/5728 
f 6146/2148/5712 6149/2148/5715 6163/28/5729 6161/28/5727 
f 6149/2148/5715 6151/2148/5717 6164/28/5730 6163/28/5729 
f 6151/2148/5717 6153/2148/5719 6165/28/5731 6164/28/5730 
f 6156/2148/5722 6155/2148/5721 6166/28/5732 6167/28/5733 
f 6155/2148/5721 5992/2148/5559 6005/28/5572 6166/28/5732 
s 2
f 6131/2148/5697 6136/2148/5702 6132/5/5698 
s 1
f 6144/2148/5710 6147/2148/5713 6162/28/5728 6160/28/5726 
f 6153/2148/5719 6156/2148/5722 6167/28/5733 6165/28/5731 
f 6127/18/5693 6168/18/5734 6169/2152/5735 6157/2152/5723 
f 6126/28/5692 6170/28/5736 6168/18/5734 6127/18/5693 
f 6134/18/5700 6171/18/5737 6172/2152/5738 6158/2152/5724 
f 6133/28/5699 6173/28/5739 6171/18/5737 6134/18/5700 
f 6159/28/5725 6174/28/5740 6170/28/5736 6126/28/5692 
f 6160/28/5726 6175/28/5741 6174/28/5740 6159/28/5725 
f 6162/28/5728 6176/28/5742 6175/28/5741 6160/28/5726 
f 6163/28/5729 6177/28/5743 6178/28/5744 6161/28/5727 
f 6164/28/5730 6179/28/5745 6177/28/5743 6163/28/5729 
f 6165/28/5731 6180/28/5746 6179/28/5745 6164/28/5730 
f 6167/28/5733 6181/28/5747 6180/28/5746 6165/28/5731 
f 6157/28/5723 6169/28/5735 6173/28/5739 6133/28/5699 
f 6161/28/5727 6178/28/5744 6176/28/5742 6162/28/5728 
f 6166/28/5732 6182/28/5748 6181/28/5747 6167/28/5733 
s 2
f 6139/2150/5705 6183/2153/5749 6184/48/5750 6137/48/5703 
f 6140/5/5706 6130/48/5696 6185/2155/5751 6186/2154/5752 
f 6025/28/126 6027/28/5593 6187/28/5753 
f 6152/5/5718 6188/2154/5754 6189/2154/5755 6154/5/5720 
f 6150/5/5716 6190/2154/5756 6188/2154/5754 6152/5/5718 
f 6148/5/5714 6191/2154/5757 6190/2154/5756 6150/5/5716 
f 6145/5/5711 6191/2154/5757 6148/5/5714 
f 6143/5/5709 6192/2154/5758 6191/2154/5757 6145/5/5711 
f 6140/5/5706 6186/2154/5752 6193/2154/5759 6141/5/5707 
f 6141/5/5707 6193/2154/5759 6192/2154/5758 6143/5/5709 
f 6025/28/126 6194/2157/5760 6195/2156/5761 
f 6025/28/126 6195/2156/5761 6196/2157/5762 
f 6196/48/5762 6197/2158/5763 6025/48/126 
f 6198/2156/5764 6194/2157/5760 6025/28/126 
f 6187/28/5753 6027/28/5593 6039/28/5605 6189/28/5755 
f 6187/2156/5753 6199/2156/5765 6025/28/126 
f 6199/2156/5765 6200/2156/5766 6025/28/126 
f 6200/2156/5766 6201/2156/5767 6025/28/126 
f 6201/2156/5767 6202/2156/5768 6025/28/126 
f 6203/2156/5769 6198/2156/5764 6025/28/126 
f 6202/2156/5768 6203/2156/5769 6025/28/126 
f 6195/2156/5761 6194/2157/5760 6185/2155/5751 6204/2154/5770 
f 6196/2157/5762 6195/2156/5761 6204/2154/5770 6184/2155/5750 
f 6184/48/5750 6183/2153/5749 6197/2158/5763 6196/48/5762 
f 6186/2154/5752 6185/2155/5751 6194/2157/5760 6198/2156/5764 
f 6189/2154/5755 6188/2154/5754 6199/2156/5765 6187/2156/5753 
f 6188/2154/5754 6190/2154/5756 6200/2156/5766 6199/2156/5765 
f 6190/2154/5756 6191/2154/5757 6201/2156/5767 6200/2156/5766 
f 6191/2154/5757 6192/2154/5758 6202/2156/5768 6201/2156/5767 
f 6193/2154/5759 6186/2154/5752 6198/2156/5764 6203/2156/5769 
f 6192/2154/5758 6193/2154/5759 6203/2156/5769 6202/2156/5768 
f 6189/28/5755 6039/28/5605 5993/28/5560 6154/28/5720 
f 6204/2154/5770 6185/2155/5751 6130/48/5696 6132/5/5698 
f 6184/2155/5750 6204/2154/5770 6132/5/5698 6137/48/5703 
s 1
f 6205/28/5771 6206/2148/5772 6207/2149/5773 6208/18/5774 
s 2
f 6209/48/5775 6210/2150/5776 6211/2151/5777 6207/2149/5773 
s 1
f 6212/28/5778 6213/2148/5779 6214/2149/5780 6215/18/5781 
s 2
f 6216/48/5782 6139/2150/5705 6138/2151/5704 6214/2149/5780 
f 6217/5/5783 6206/2148/5772 6218/2148/5784 6219/5/5785 
f 6219/5/5785 6218/2148/5784 6220/2148/5786 6221/5/5787 
f 6221/5/5787 6222/2148/5788 6223/2148/5789 6224/5/5790 
f 6224/5/5790 6223/2148/5789 6225/2148/5791 6226/5/5792 
f 6226/5/5792 6225/2148/5791 6227/2148/5793 6228/5/5794 
f 6228/5/5794 6227/2148/5793 6229/2148/5795 6230/5/5796 
f 6230/5/5796 6231/2148/5797 6232/2148/5798 6233/5/5799 
f 6233/5/5799 6232/2148/5798 6076/2148/5642 6075/5/5641 
s 1
f 6212/28/5778 6234/28/5800 6211/2148/5777 6213/2148/5779 
s 2
f 6221/5/5787 6220/2148/5786 6222/2148/5788 
f 6230/5/5796 6229/2148/5795 6231/2148/5797 
f 6206/2148/5772 6217/5/5783 6209/48/5775 6207/2149/5773 
s 1
f 6211/2151/5777 6234/2152/5800 6208/18/5774 6207/2149/5773 
s 2
f 6213/2148/5779 6210/5/5776 6216/48/5782 6214/2149/5780 
s 1
f 6138/2151/5704 6158/2152/5724 6215/18/5781 6214/2149/5780 
f 6206/2148/5772 6205/28/5771 6235/28/5801 6218/2148/5784 
f 6218/2148/5784 6235/28/5801 6236/28/5802 6220/2148/5786 
f 6222/2148/5788 6237/28/5803 6238/28/5804 6223/2148/5789 
f 6223/2148/5789 6238/28/5804 6239/28/5805 6225/2148/5791 
f 6225/2148/5791 6239/28/5805 6240/28/5806 6227/2148/5793 
f 6227/2148/5793 6240/28/5806 6241/28/5807 6229/2148/5795 
f 6231/2148/5797 6242/28/5808 6243/28/5809 6232/2148/5798 
f 6232/2148/5798 6243/28/5809 6087/28/5653 6076/2148/5642 
s 2
f 6211/2148/5777 6210/5/5776 6213/2148/5779 
s 1
f 6220/2148/5786 6236/28/5802 6237/28/5803 6222/2148/5788 
f 6229/2148/5795 6241/28/5807 6242/28/5808 6231/2148/5797 
f 6208/18/5774 6234/2152/5800 6244/2152/5810 6245/18/5811 
f 6205/28/5771 6208/18/5774 6245/18/5811 6246/28/5812 
f 6215/18/5781 6158/2152/5724 6172/2152/5738 6247/18/5813 
f 6212/28/5778 6215/18/5781 6247/18/5813 6248/28/5814 
f 6235/28/5801 6205/28/5771 6246/28/5812 6249/28/5815 
f 6236/28/5802 6235/28/5801 6249/28/5815 6250/28/5816 
f 6237/28/5803 6236/28/5802 6250/28/5816 6251/28/5817 
f 6239/28/5805 6238/28/5804 6252/28/5818 6253/28/5819 
f 6240/28/5806 6239/28/5805 6253/28/5819 6254/28/5820 
f 6241/28/5807 6240/28/5806 6254/28/5820 6255/28/5821 
f 6242/28/5808 6241/28/5807 6255/28/5821 6256/28/5822 
f 6234/28/5800 6212/28/5778 6248/28/5814 6244/28/5810 
f 6238/28/5804 6237/28/5803 6251/28/5817 6252/28/5818 
f 6243/28/5809 6242/28/5808 6256/28/5822 6257/28/5823 
s 2
f 6139/2150/5705 6216/48/5782 6258/48/5824 6183/2153/5749 
f 6217/5/5783 6259/2154/5825 6260/2155/5826 6209/48/5775 
f 6025/28/126 6261/28/5827 6105/28/5671 
f 6230/5/5796 6233/5/5799 6262/2154/5828 6263/2154/5829 
f 6228/5/5794 6230/5/5796 6263/2154/5829 6264/2154/5830 
f 6226/5/5792 6228/5/5794 6264/2154/5830 6265/2154/5831 
f 6224/5/5790 6226/5/5792 6265/2154/5831 
f 6221/5/5787 6224/5/5790 6265/2154/5831 6266/2154/5832 
f 6217/5/5783 6219/5/5785 6267/2154/5833 6259/2154/5825 
f 6219/5/5785 6221/5/5787 6266/2154/5832 6267/2154/5833 
f 6025/28/126 6268/2156/5834 6269/2157/5835 
f 6025/28/126 6270/2157/5836 6268/2156/5834 
f 6270/48/5836 6025/48/126 6197/2158/5763 
f 6271/2156/5837 6025/28/126 6269/2157/5835 
f 6261/28/5827 6262/28/5828 6117/28/5683 6105/28/5671 
f 6261/2156/5827 6025/28/126 6272/2156/5838 
f 6272/2156/5838 6025/28/126 6273/2156/5839 
f 6273/2156/5839 6025/28/126 6274/2156/5840 
f 6274/2156/5840 6025/28/126 6275/2156/5841 
f 6276/2156/5842 6025/28/126 6271/2156/5837 
f 6275/2156/5841 6025/28/126 6276/2156/5842 
f 6268/2156/5834 6277/2154/5843 6260/2155/5826 6269/2157/5835 
f 6270/2157/5836 6258/2155/5824 6277/2154/5843 6268/2156/5834 
f 6258/48/5824 6270/48/5836 6197/2158/5763 6183/2153/5749 
f 6259/2154/5825 6271/2156/5837 6269/2157/5835 6260/2155/5826 
f 6262/2154/5828 6261/2156/5827 6272/2156/5838 6263/2154/5829 
f 6263/2154/5829 6272/2156/5838 6273/2156/5839 6264/2154/5830 
f 6264/2154/5830 6273/2156/5839 6274/2156/5840 6265/2154/5831 
f 6265/2154/5831 6274/2156/5840 6275/2156/5841 6266/2154/5832 
f 6267/2154/5833 6276/2156/5842 6271/2156/5837 6259/2154/5825 
f 6266/2154/5832 6275/2156/5841 6276/2156/5842 6267/2154/5833 
f 6262/28/5828 6233/28/5799 6075/28/5641 6117/28/5683 
f 6277/2154/5843 6210/5/5776 6209/48/5775 6260/2155/5826 
f 6258/2155/5824 6216/48/5782 6210/5/5776 6277/2154/5843 
s 1
f 6005/28/5572 6124/28/5690 6182/28/5748 6166/28/5732 
f 6087/28/5653 6243/28/5809 6257/28/5823 6125/28/5691 
f 6278/2159/5844 6279/2160/5845 6280/2161/5846 6281/2162/5847 
f 6279/2160/5845 6282/2163/5848 6283/2164/5849 6280/2161/5846 
f 6282/2163/5848 6284/2165/5850 6285/2166/5851 6283/2164/5849 
f 6284/2165/5850 6286/2167/5852 6287/2168/5853 6285/2166/5851 
f 6286/2167/5852 6288/2169/5854 6289/2170/5855 6287/2168/5853 
f 6288/2169/5854 6290/2171/5856 6291/2172/5857 6289/2170/5855 
f 6290/2171/5856 6292/2173/5858 6293/2174/5859 6291/2172/5857 
f 6292/2173/5858 6294/2175/5860 6295/2176/5861 6293/2174/5859 
f 6294/2175/5860 6296/2177/5862 6297/2178/5863 6295/2176/5861 
f 6296/2177/5862 6298/2179/5864 6299/2180/5865 6297/2178/5863 
f 6298/2179/5864 6300/2181/5866 6301/2182/5867 6299/2180/5865 
f 6300/2181/5866 6302/2183/5868 6303/2184/5868 6301/2182/5867 
f 6302/2183/5868 6304/2185/5869 6305/2186/5870 6303/2184/5868 
f 6304/2185/5869 6306/2187/5871 6307/2188/5872 6305/2186/5870 
f 6306/2187/5871 6308/2189/5873 6309/2190/5874 6307/2188/5872 
f 6308/2189/5873 6310/2191/5875 6311/2192/5876 6309/2190/5874 
f 6310/2191/5875 6312/2193/5877 6313/2194/5878 6311/2192/5876 
f 6312/2193/5877 6314/2195/5879 6315/2196/5880 6313/2194/5878 
f 6314/2195/5879 6316/2197/5881 6317/2198/5882 6315/2196/5880 
f 6316/2197/5881 6318/2199/5883 6319/2200/5884 6317/2198/5882 
f 6318/2199/5883 6320/2201/5885 6321/2202/5886 6319/2200/5884 
f 6320/2201/5885 6322/2203/5887 6323/2204/5888 6321/2202/5886 
f 6322/2203/5887 6324/2205/5889 6325/2206/5890 6323/2204/5888 
s 2
f 6324/2205/5889 6278/2159/5844 6281/2162/5847 6325/2206/5890 
s 1
f 4975/50/4087 4983/50/4617 4986/50/4620 1458/50/1386 
f 1459/50/1386 4994/50/4620 4992/50/4625 1461/50/1388 
f 1461/50/1388 4992/50/4625 4990/50/4624 1463/50/1390 
f 1466/50/1386 5018/50/4638 5017/50/4629 1467/50/1391 
f 1473/50/1391 5020/50/4629 5022/50/4629 1470/50/1391 
f 1467/50/1391 5017/50/4629 5020/50/4629 1473/50/1391 
f 1476/50/1397 4989/50/4623 4996/50/4627 1477/50/1391 
f 1463/50/1390 4990/50/4624 4989/50/4623 1476/50/1397 
f 1483/50/1386 5012/50/4633 5014/50/4635 1479/50/1386 
f 1482/50/1386 5010/50/4620 5012/50/4633 1483/50/1386 
f 1485/50/1386 5008/50/4620 5010/50/4620 1482/50/1386 
f 1487/50/1386 5006/50/4629 5008/50/4620 1485/50/1386 
f 1489/50/1391 5004/50/4620 5006/50/4629 1487/50/1386 
f 1491/50/1391 5002/50/4620 5004/50/4620 1489/50/1391 
f 1493/50/1391 5000/50/4629 5002/50/4620 1491/50/1391 
f 1495/50/1391 4998/50/4629 5000/50/4629 1493/50/1391 
f 1477/50/1391 4996/50/4627 4998/50/4629 1495/50/1391 
f 3059/50/2847 4993/50/4619 4985/50/4619 3060/50/2847 
f 3063/50/2850 4991/50/4621 4993/50/4619 3059/50/2847 
f 3065/50/2847 4987/50/4621 4991/50/4621 3063/50/2850 
f 3067/50/2853 5016/50/4637 5015/50/4636 3068/50/2854 
f 3071/50/2857 4976/50/4610 5021/50/4640 3072/50/2858 
f 3075/50/2861 5019/50/4639 5016/50/4637 3067/50/2853 
f 3077/50/2863 4995/50/4626 4988/50/4622 3078/50/2850 
f 3078/50/2850 4988/50/4622 4987/50/4621 3065/50/2847 
f 3068/50/2854 5015/50/4636 5013/50/4634 3080/50/2865 
f 3083/50/2868 5011/50/4632 5009/50/4631 3084/50/2868 
f 3084/50/2868 5009/50/4631 5007/50/4631 3086/50/2870 
f 3086/50/2870 5007/50/4631 5005/50/4630 3088/50/2868 
f 3088/50/2868 5005/50/4630 5003/50/4631 3090/50/2873 
f 3090/50/2873 5003/50/4631 5001/50/4631 3092/50/2873 
f 3092/50/2873 5001/50/4631 4999/50/4630 3094/50/2873 
f 3094/50/2873 4999/50/4630 4997/50/4628 3096/50/2877 
f 3096/50/2877 4997/50/4628 4995/50/4626 3077/50/2863 
s off
f 4974/1710/3783 4984/77/4618 4983/50/4617 4975/1711/4087 
f 3071/1712/2857 3070/3/2856 1468/43/1392 1471/1713/1394 
s 1
f 1380/50/1311 1383/50/1314 1384/50/1308 1381/50/1312 
f 1420/50/1349 1423/50/1352 1424/50/1353 1421/50/1350 
f 1469/50/1393 1472/50/1022 1473/50/1391 1470/50/1391 
f 1380/50/1311 1379/50/1310 1346/50/1277 
f 1420/50/1349 1419/50/1348 1382/50/1313 1381/50/1312 
f 1469/50/1393 1468/50/1392 1422/50/1351 1421/50/1350 
f 3000/50/2788 3001/50/2789 2966/50/2754 2965/50/2753 
f 3023/50/2811 3026/50/2814 3025/50/2813 3024/50/2812 
f 3072/50/2858 3075/50/2861 3074/50/2860 3073/50/2859 
s off
f 5021/50/4640 4976/50/4610 4977/52/4611 5022/1683/4629 
s 1
f 3024/50/2812 3025/50/2813 3001/50/2789 3000/50/2788 
f 3073/50/2859 3074/50/2860 3026/50/2814 3023/50/2811 
f 5022/50/4629 4977/50/4611 1471/50/1394 1470/50/1391 
f 5021/50/4640 5019/50/4639 3075/50/2861 3072/50/2858 
f 2965/50/2753 2709/50/2513 2708/50/2512 2957/50/2745 
f 2957/50/2745 2708/50/2512 2958/50/2746 
f 1386/50/1316 1689/50/1549 1685/50/1545 1387/50/1317 
f 1426/50/1355 1686/50/1546 1687/50/1547 1427/50/1356 
f 1457/50/1024 1688/50/1548 4975/50/4087 1458/50/1386 
f 1307/50/1238 1689/50/1549 1386/50/1316 
f 1426/50/1355 1425/50/1354 1388/50/1318 1387/50/1317 
f 1457/50/1024 1456/50/1385 1428/50/1357 1427/50/1356 
f 3003/50/2791 4980/50/4614 4979/50/4613 2941/50/2729 
f 3029/50/2817 4982/50/4616 4981/50/4615 3030/50/2818 
f 3060/50/2847 4974/50/3783 4973/50/4609 3061/50/2848 
s off
f 4985/1716/4619 4993/50/4619 4994/50/4620 4986/50/4620 
s 1
f 3030/50/2818 4981/50/4615 4980/50/4614 3003/50/2791 
f 3061/50/2848 4973/50/4609 4982/50/4616 3029/50/2817 
f 4986/50/4620 4994/50/4620 1459/50/1386 1458/50/1386 
f 4985/50/4619 4984/50/4618 4974/50/3783 3060/50/2847 
f 2941/50/2729 4979/50/4613 4978/50/4612 2942/50/2730 
f 2942/50/2730 4978/50/4612 2939/50/2727 2852/50/2651 
f 619/28/595 625/28/601 604/28/580 
f 616/28/592 605/28/581 604/28/580 
f 625/28/601 620/28/596 613/28/589 616/28/592 
f 255/108/246 6326/118/5891 360/50/348 256/109/247 
f 258/18/249 1626/18/1494 1625/19/1493 259/19/250 
f 261/110/252 360/50/348 262/111/253 
f 264/55/255 360/50/348 261/110/252 
f 266/112/257 360/50/348 264/55/255 
f 256/109/247 360/50/348 266/112/257 
f 262/111/253 360/50/348 6327/50/5892 
f 259/19/250 1625/19/1493 6326/118/5891 255/118/246 
f 1301/50/1232 1300/50/1231 362/50/350 
f 608/149/584 6328/50/5893 1645/118/1513 609/108/585 
f 612/19/588 1644/19/1512 1626/18/1494 258/18/249 
f 614/110/590 6328/50/5893 615/55/591 
f 615/55/591 6328/50/5893 617/150/593 
f 617/150/593 6328/50/5893 608/149/584 
f 6329/50/5894 6328/50/5893 614/151/590 
f 609/118/585 1645/118/1513 1644/19/1512 612/19/588 
f 708/2207/679 1646/216/1514 6328/2208/5893 
f 707/50/678 1647/50/1515 708/50/679 
f 958/50/929 1026/50/993 1028/50/995 959/50/930 
f 1051/50/1017 1098/50/1056 1101/50/1059 1052/50/1018 
f 1110/50/1068 1113/50/1071 1112/50/1070 1111/50/1069 
f 1223/50/1179 1226/50/1182 1053/50/1019 1052/50/1018 
f 1224/50/1180 1229/50/1185 1228/50/1184 1225/50/1181 
f 1357/50/1288 1359/50/1290 1362/50/1293 1358/50/1289 
f 1397/50/1327 1399/50/1329 1402/50/1332 1398/50/1328 
f 1437/50/1366 1439/50/1368 1442/50/1371 1438/50/1367 
f 1478/50/1398 1480/50/1399 1483/50/1386 1479/50/1386 
f 958/50/929 957/50/928 363/50/351 362/50/350 
f 6329/50/5894 1648/50/1516 708/50/679 
f 1357/50/1288 1340/50/1271 1647/50/1515 707/50/678 
f 6327/50/5892 360/50/348 1301/50/1232 
f 1658/50/1526 1659/50/1527 1229/50/1185 1224/50/1180 
f 1397/50/1327 1376/50/1307 1341/50/1272 1358/50/1289 
f 1225/50/1181 1228/50/1184 1226/50/1182 1223/50/1179 
f 1437/50/1366 1416/50/1346 1377/50/1308 1398/50/1328 
f 1478/50/1398 1465/50/1024 1417/50/1347 1438/50/1367 
f 1051/50/1017 1050/50/1016 1113/50/1071 1110/50/1068 
f 1111/50/1069 1112/50/1070 960/50/931 959/50/930 
f 2102/50/1924 2105/50/1927 2104/50/1926 2103/50/1925 
f 2675/50/2479 2678/50/2482 2681/50/2485 2676/50/2480 
f 2766/50/2569 2814/50/2613 2813/50/2612 2767/50/2570 
f 2820/50/2619 2821/50/2620 2764/50/2567 2767/50/2570 
f 2766/50/2569 2765/50/2568 2892/50/2690 2889/50/2687 
f 2102/50/1924 2101/50/1923 2099/50/1921 2098/50/1920 
f 3080/50/2865 3083/50/2868 3082/50/2867 3081/50/2866 
f 2675/50/2479 2674/50/2478 2101/50/1923 2103/50/1925 
f 4777/50/4460 4778/50/4461 2821/50/2620 2820/50/2619 
f 4777/50/4460 4776/50/4459 2677/50/2481 2676/50/2480 
s off
f 2890/50/2688 2894/50/2691 1659/50/1527 1658/50/1526 
s 1
f 5014/50/4635 5018/50/4638 1466/50/1386 1479/50/1386 
s off
f 5013/50/4634 5015/50/4636 5018/50/4638 5014/50/4635 
s 1
f 5013/50/4634 5011/50/4632 3083/50/2868 3080/50/2865 
f 2978/50/2766 2981/50/2769 2980/50/2768 2979/50/2767 
f 3008/50/2796 3009/50/2797 2981/50/2769 2978/50/2766 
f 3039/50/2827 3042/50/2830 3041/50/2829 3040/50/2828 
f 2979/50/2767 2980/50/2768 2414/50/2220 2416/50/2222 
f 3040/50/2828 3041/50/2829 3009/50/2797 3008/50/2796 
f 3081/50/2866 3082/50/2867 3042/50/2830 3039/50/2827 
f 2412/50/2218 2411/50/2217 2416/50/2222 
f 6328/50/5893 6329/50/5894 708/50/679 
f 1643/215/1511 704/19/675 703/19/674 1646/216/1514 
f 984/176/955 987/118/957 990/118/960 985/177/956 
f 1038/183/1004 1041/118/1007 1043/118/1009 1039/184/1005 
f 1136/183/1094 1139/19/1097 1138/19/1096 1137/177/1095 
f 1219/118/1175 1320/118/1251 1319/118/1250 1220/118/1176 
f 1221/118/1177 1324/118/1255 1323/118/1254 1222/118/1178 
f 984/176/955 983/19/954 704/19/675 1643/215/1511 
f 1220/118/1176 1319/118/1250 1324/118/1255 1221/118/1177 
f 1039/118/1005 1043/118/1009 1320/118/1251 1219/118/1175 
f 1038/183/1004 1037/19/1000 1139/19/1097 1136/183/1094 
f 1137/177/1095 1138/19/1096 986/19/952 985/177/956 
f 2405/118/2212 2408/19/2214 2407/19/1915 2406/258/2213 
f 2701/176/2505 2704/19/2508 2705/19/2509 2702/264/2506 
f 2753/258/2556 2755/118/2558 2757/118/2560 2754/267/2557 
f 2833/269/2632 2834/19/2633 2751/19/2554 2754/267/2557 
f 2887/118/2685 2950/118/2738 2755/118/2558 2753/118/2556 
f 2888/118/2686 2951/118/2739 2950/118/2738 2887/118/2685 
f 2701/176/2505 2700/118/2504 2404/118/2211 2406/258/2213 
f 4789/264/4472 4790/19/4473 2834/19/2633 2833/269/2632 
f 4789/264/4472 2836/118/2635 2703/118/2507 2702/264/2506 
s off
f 1222/118/1178 1323/118/1254 2951/118/2739 2888/118/2686 
s 1
f 1645/118/1513 6328/50/5893 1646/216/1514 
f 1642/118/1510 1643/215/1511 1646/216/1514 
f 708/2207/679 1647/2209/1515 1642/118/1510 1646/216/1514 
f 622/58/598 1648/50/1516 6329/50/5894 614/151/590 
f 262/111/253 6327/50/5892 1628/50/1496 269/58/260 
f 361/50/349 1628/50/1496 6327/50/5892 1301/50/1232 
f 357/119/345 356/19/342 355/19/344 1624/214/1492 
f 976/174/947 979/19/950 982/19/953 977/175/948 
f 1030/181/997 1033/19/1000 1036/19/1003 1031/182/998 
f 1130/181/1088 1177/118/1134 1176/118/1133 1131/186/1089 
f 1201/118/1158 1208/118/1165 1207/118/1164 1202/118/1159 
f 1205/118/1162 1212/118/1168 1211/118/1167 1206/118/1163 
f 976/174/947 975/118/946 358/118/346 1624/214/1492 
f 360/50/348 6326/118/5891 357/119/345 
f 1202/118/1159 1207/118/1164 1212/118/1168 1205/118/1162 
f 1031/118/998 1036/118/1003 1208/118/1165 1201/118/1158 
f 1030/181/997 1029/118/996 1177/118/1134 1130/181/1088 
f 1131/186/1089 1176/118/1133 978/118/949 977/175/948 
f 2094/118/1916 2100/118/1922 2095/242/1917 
f 2695/174/2499 2741/118/2545 2938/118/2726 2696/181/2500 
f 2745/265/2549 2748/19/2552 2747/19/2551 2746/266/2550 
f 2830/268/2629 2864/118/2663 2743/118/2547 2746/266/2550 
f 2878/118/2677 2881/118/2680 2748/118/2552 2745/118/2549 
f 2880/118/2679 2883/118/2682 2881/118/2680 2878/118/2677 
f 2695/174/2499 2694/19/2498 2092/19/1914 2095/242/1917 
f 4787/1686/4470 2861/118/2660 2864/118/2663 2830/268/2629 
f 4787/1686/4470 4786/19/4469 2697/19/2501 2696/181/2500 
s off
f 1206/118/1163 1211/118/1167 2883/118/2682 2880/118/2679 
s 1
f 6326/118/5891 1625/19/1493 356/19/342 357/119/345 
f 357/119/345 1624/214/1492 358/118/346 
f 361/50/349 1301/50/1232 362/50/350 
f 2889/50/2687 2892/50/2690 2894/50/2691 2890/50/2688 
# 5869 polygons - 323 triangles

